t_s,tv_s,vision_age_ms,held,pose_x_mm,pose_y_mm,pose_theta_rad,ref_x_mm,ref_y_mm,ref_theta_rad,ref_vx_mm_s,ref_vy_mm_s,ref_omega_rad_s,cmd_world_vx_mm_s,cmd_world_vy_mm_s,cmd_omega_rad_s,cmd_body_vx_mm_s,cmd_body_vy_mm_s,near_goal,pred_x_mm,pred_y_mm,pred_theta_rad,wheel_fl_rad_s,wheel_bl_rad_s,wheel_br_rad_s,wheel_fr_rad_s
-0.2974,-0.2986,1.1,0,-176.3,15.2,-3.0585,-176.2,15.5,-3.0615,0.0,0.0,0.0000,0.2,0.7,-0.0118,-0.3,-0.6,0,0.0,0.0,0.0000,-0.05,0.33,-0.05,0.09
-0.2901,-0.2986,8.4,0,-176.3,15.2,-3.0585,-176.2,15.5,-3.0615,0.0,0.0,0.0000,0.2,0.7,-0.0118,-0.3,-0.6,0,0.0,0.0,0.0000,0.10,-0.14,0.07,0.29
-0.2821,-0.2884,6.3,0,-176.1,15.3,-3.0561,-176.2,15.5,-3.0615,0.0,0.0,0.0000,-0.2,0.6,-0.0213,0.2,-0.6,0,0.0,0.0,0.0000,-0.34,-0.23,-0.16,0.37
-0.2740,-0.2752,1.2,0,-176.5,15.5,-3.0630,-176.2,15.5,-3.0615,0.0,0.0,0.0000,0.8,-0.3,0.0062,-0.8,0.3,0,0.0,0.0,0.0000,-0.19,-0.29,-0.12,2.50
-0.2660,-0.2714,5.4,0,-176.5,15.3,-3.0619,-176.2,15.5,-3.0615,0.0,0.0,0.0000,1.0,0.5,0.0017,-1.0,-0.4,0,0.0,0.0,0.0000,-0.01,-0.06,0.27,-0.04
-0.2577,-0.2630,5.3,0,-176.1,15.4,-3.0576,-176.2,15.5,-3.0615,0.0,0.0,0.0000,-0.3,0.2,-0.0153,0.3,-0.2,0,0.0,0.0,0.0000,-0.72,0.18,-0.17,-0.21
-0.2498,-0.2550,5.2,0,-176.3,15.3,-3.0588,-176.2,15.5,-3.0615,0.0,0.0,0.0000,0.1,0.6,-0.0108,-0.2,-0.6,0,0.0,0.0,0.0000,0.24,0.25,0.09,-0.07
-0.2420,-0.2476,5.7,0,-176.3,15.3,-3.0600,-176.2,15.5,-3.0615,0.0,0.0,0.0000,0.3,0.4,-0.0058,-0.4,-0.4,0,0.0,0.0,0.0000,0.28,-0.20,0.12,0.04
-0.2342,-0.2375,3.4,0,-176.0,15.3,-3.0585,-176.2,15.5,-3.0615,0.0,0.0,0.0000,-0.5,0.6,-0.0117,0.5,-0.6,0,0.0,0.0,0.0000,0.10,-0.34,0.12,-0.18
-0.2258,-0.2282,2.5,0,-176.3,15.5,-3.0599,-176.2,15.5,-3.0615,0.0,0.0,0.0000,0.3,-0.3,-0.0061,-0.2,0.3,0,0.0,0.0,0.0000,-0.32,-0.40,0.07,-0.07
-0.2183,-0.2205,2.2,0,-176.1,15.3,-3.0594,-176.2,15.5,-3.0615,0.0,0.0,0.0000,-0.4,0.3,-0.0084,0.4,-0.4,0,0.0,0.0,0.0000,-0.06,0.06,-0.03,-0.10
-0.2098,-0.2123,2.4,0,-176.3,15.5,-3.0641,-176.2,15.5,-3.0615,0.0,0.0,0.0000,0.4,-0.2,0.0105,-0.4,0.2,0,0.0,0.0,0.0000,0.41,-0.08,0.02,0.09
-0.2022,-0.2036,1.4,0,-176.1,15.5,-3.0596,-176.2,15.5,-3.0615,0.0,0.0,0.0000,-0.4,-0.2,-0.0077,0.4,0.1,0,0.0,0.0,0.0000,0.43,0.10,0.06,0.06
-0.1937,-0.1949,1.2,0,-176.2,15.4,-3.0626,-176.2,15.5,-3.0615,0.0,0.0,0.0000,0.0,0.2,0.0047,-0.0,-0.2,0,0.0,0.0,0.0000,-0.15,-0.04,-0.61,0.01
-0.1856,-0.1868,1.2,0,-176.4,15.4,-3.0559,-176.2,15.5,-3.0615,0.0,0.0,0.0000,0.5,0.1,-0.0222,-0.5,-0.0,0,0.0,0.0,0.0000,-0.96,-0.20,0.02,0.14
-0.1782,-0.1783,0.1,0,-176.0,15.4,-3.0592,-176.2,15.5,-3.0615,0.0,0.0,0.0000,-0.6,0.2,-0.0089,0.5,-0.3,0,0.0,0.0,0.0000,-0.19,0.23,-0.12,-0.24
-0.1696,-0.1697,0.1,0,-176.4,15.3,-3.0609,-176.2,15.5,-3.0615,0.0,0.0,0.0000,0.5,0.4,-0.0022,-0.5,-0.3,0,0.0,0.0,0.0000,-0.01,0.11,0.17,0.02
-0.1615,-0.1616,0.1,0,-176.1,15.4,-3.0609,-176.2,15.5,-3.0615,0.0,0.0,0.0000,-0.3,0.3,-0.0023,0.3,-0.3,0,0.0,0.0,0.0000,-0.41,0.07,0.11,0.00
-0.1540,-0.1616,7.6,0,-176.1,15.4,-3.0609,-176.2,15.5,-3.0615,0.0,0.0,0.0000,-0.3,0.3,-0.0023,0.3,-0.3,0,0.0,0.0,0.0000,0.04,0.00,-0.20,0.34
-0.1457,-0.1529,7.2,0,-176.4,15.2,-3.0578,-176.2,15.5,-3.0615,0.0,0.0,0.0000,0.5,0.6,-0.0147,-0.6,-0.6,0,0.0,0.0,0.0000,0.56,-0.34,0.05,0.29
-0.1379,-0.1443,6.4,0,-176.4,15.4,-3.0603,-176.2,15.5,-3.0615,0.0,0.0,0.0000,0.6,0.1,-0.0048,-0.6,-0.0,0,0.0,0.0,0.0000,-0.29,0.08,0.48,-0.13
-0.1296,-0.1364,6.7,0,-176.5,15.4,-3.0620,-176.2,15.5,-3.0615,0.0,0.0,0.0000,0.8,0.1,0.0021,-0.8,-0.0,0,0.0,0.0,0.0000,0.03,0.09,-0.05,-0.15
-0.1219,-0.1276,5.7,0,-176.2,15.5,-3.0622,-176.2,15.5,-3.0615,0.0,0.0,0.0000,-0.1,-0.2,0.0028,0.2,0.2,0,0.0,0.0,0.0000,0.19,0.14,-0.70,-0.34
-0.1142,-0.1190,4.8,0,-176.3,15.3,-3.0583,-176.2,15.5,-3.0615,0.0,0.0,0.0000,0.3,0.3,-0.0126,-0.3,-0.3,0,0.0,0.0,0.0000,-0.03,-0.14,0.13,0.13
-0.1061,-0.1106,4.6,0,-176.2,15.5,-3.0541,-176.2,15.5,-3.0615,0.0,0.0,0.0000,0.1,-0.1,-0.0295,-0.1,0.1,0,0.0,0.0,0.0000,-0.16,-0.04,0.11,-0.16
-0.0978,-0.1019,4.1,0,-176.3,15.2,-3.0594,-176.2,15.5,-3.0615,0.0,0.0,0.0000,0.2,0.7,-0.0082,-0.3,-0.7,0,0.0,0.0,0.0000,0.25,-0.20,-0.14,-0.43
-0.0894,-0.0939,4.5,0,-176.3,15.2,-3.0587,-176.2,15.5,-3.0615,0.0,0.0,0.0000,0.2,0.8,-0.0113,-0.3,-0.8,0,0.0,0.0,0.0000,-0.29,-0.04,-0.29,-0.12
-0.0815,-0.0853,3.8,0,-176.5,15.5,-3.0608,-176.2,15.5,-3.0615,0.0,0.0,0.0000,-5.0,-0.5,-0.0028,5.1,0.1,0,0.0,0.0,0.0000,-0.72,0.27,0.04,0.38
-0.0742,-0.0767,2.4,0,-176.2,15.3,-3.0570,-176.2,15.5,-3.0615,0.0,0.0,0.0000,-8.4,-0.3,-0.0181,8.4,-0.4,0,0.0,0.0,0.0000,-0.03,-0.21,0.23,0.40
-0.0657,-0.0705,4.8,0,-176.2,15.4,-3.0598,-176.2,15.5,-3.0615,0.0,0.0,0.0000,-19.2,-1.2,-0.0068,19.2,-0.3,0,0.0,0.0,0.0000,0.36,-0.19,0.04,0.16
-0.0575,-0.0601,2.6,0,-176.1,15.4,-3.0562,-176.2,15.5,-3.0615,0.0,0.0,0.0000,-27.4,-2.1,-0.0210,27.5,-0.3,0,0.0,0.0,0.0000,0.33,-0.22,0.08,0.11
-0.0500,-0.0515,1.5,0,-176.2,15.4,-3.0582,-176.2,15.5,-3.0615,0.0,0.0,0.0000,-34.7,-3.1,-0.0131,34.9,0.1,0,0.0,0.0,0.0000,-0.83,0.06,0.02,-0.05
-0.0416,-0.0429,1.2,0,-176.2,15.5,-3.0583,-176.2,15.5,-3.0615,0.0,0.0,0.0000,-43.2,-4.2,-0.0127,43.4,0.6,0,0.0,0.0,0.0000,0.19,0.23,0.15,-0.28
-0.0337,-0.0349,1.2,0,-176.1,15.4,-3.0579,-176.2,15.5,-3.0615,0.0,0.0,0.0000,-51.7,-4.7,-0.0143,51.9,0.4,0,0.0,0.0,0.0000,-0.40,0.15,0.13,0.04
-0.0251,-0.0266,1.4,0,-176.1,15.7,-3.0614,-176.2,15.5,-3.0615,0.0,0.0,0.0000,-60.1,-6.1,-0.0004,60.4,1.3,0,0.0,0.0,0.0000,-0.33,0.14,-0.41,-0.08
-0.0177,-0.0178,0.1,0,-176.4,15.4,-3.0644,-176.2,15.5,-3.0615,0.0,0.0,0.0000,-66.3,-5.9,0.0116,66.6,0.7,0,0.0,0.0,0.0000,0.21,-0.12,0.11,0.19
-0.0103,-0.0178,7.5,0,-176.4,15.4,-3.0644,-176.2,15.5,-3.0615,0.0,0.0,0.0000,-73.6,-6.4,0.0116,73.9,0.7,0,0.0,0.0,0.0000,0.11,0.03,0.19,-0.03
-0.0011,-0.0012,0.1,0,-176.7,15.4,-3.0617,-176.2,15.5,-3.0615,0.0,0.0,0.0000,-82.3,-6.9,0.0011,82.6,0.3,0,0.0,0.0,0.0000,0.13,-0.36,-0.36,-0.05
0.0064,-0.0012,7.6,0,-176.7,15.4,-3.0617,-176.2,15.5,-3.0615,0.0,0.0,0.0000,-89.9,-7.7,0.0011,90.2,0.5,0,0.0,0.0,0.0000,-0.25,-0.12,-0.03,0.15
0.0141,0.0073,6.7,0,-176.6,15.3,-3.0581,-176.3,15.5,-3.0615,-5.9,-0.5,0.0000,-97.6,-8.9,-0.0135,98.0,0.7,0,0.0,0.0,0.0000,-0.96,-0.60,0.57,0.09
0.0217,0.0161,5.6,0,-176.9,15.3,-3.0604,-176.3,15.4,-3.0615,-16.0,-1.3,0.0000,-104.5,-10.3,-0.0043,104.9,1.8,0,0.0,0.0,0.0000,-0.83,-0.40,0.35,0.43
0.0306,0.0248,5.8,0,-176.6,15.3,-3.0566,-176.5,15.4,-3.0615,-24.4,-1.9,-0.0000,-115.2,-11.9,-0.0196,115.8,2.1,0,0.0,0.0,0.0000,-0.83,-0.12,0.73,0.58
0.0385,0.0318,6.7,0,-177.2,15.5,-3.0620,-176.7,15.4,-3.0615,-31.5,-2.8,-0.0000,-122.2,-13.7,0.0023,122.9,3.9,0,0.0,0.0,0.0000,-0.76,-0.37,0.63,0.54
0.0462,0.0412,5.1,0,-177.2,15.5,-3.0649,-177.1,15.4,-3.0615,-41.0,-4.0,-0.0000,-130.9,-14.3,0.0136,131.6,4.2,0,0.0,0.0,0.0000,-0.70,-0.61,0.54,0.49
0.0545,0.0499,4.6,0,-177.0,15.5,-3.0580,-177.4,15.3,-3.0615,-49.9,-4.6,0.0000,-141.0,-15.6,-0.0140,141.8,3.7,0,0.0,0.0,0.0000,-0.63,-0.29,0.47,0.82
0.0617,0.0583,3.4,0,-177.4,15.4,-3.0607,-177.9,15.3,-3.0615,-58.4,-5.3,-0.0000,-148.0,-17.7,-0.0030,149.0,5.7,0,0.0,0.0,0.0000,-1.16,-0.74,0.93,0.88
0.0704,0.0668,3.6,0,-177.5,15.3,-3.0617,-178.4,15.3,-3.0615,-66.5,-6.0,-0.0000,-157.6,-19.4,0.0010,158.6,6.7,0,0.0,0.0,0.0000,-1.13,-0.30,0.92,0.79
0.0786,0.0751,3.4,0,-177.9,15.7,-3.0660,-179.0,15.2,-3.0615,-74.7,-6.6,-0.0000,-166.2,-21.3,0.0182,167.3,8.7,0,0.0,0.0,0.0000,-1.52,-0.63,0.94,0.84
0.0860,0.0836,2.4,0,-178.3,15.5,-3.0645,-179.7,15.1,-3.0615,-83.5,-7.1,-0.0000,-174.0,-22.7,0.0120,175.2,9.2,0,0.0,0.0,0.0000,-1.00,-0.50,0.77,1.04
0.0941,0.0940,0.1,0,-178.4,16.1,-3.0689,-180.6,15.1,-3.0615,-93.7,-8.5,-0.0000,-184.2,-27.8,0.0296,185.7,14.3,0,0.0,0.0,0.0000,-0.85,-0.68,0.98,1.01
0.1023,0.1006,1.7,0,-179.0,15.8,-3.0671,-181.3,15.0,-3.0615,-99.9,-9.6,0.0000,-193.0,-29.4,0.0226,194.6,15.0,0,0.0,0.0,0.0000,-1.44,-0.80,1.10,1.39
0.1104,0.1090,1.5,0,-180.1,15.7,-3.0665,-182.1,14.9,-3.0615,-108.2,-11.0,-0.0000,-199.8,-30.3,0.0201,201.5,15.3,0,0.0,0.0,0.0000,-1.65,-1.12,1.66,1.32
0.1177,0.1176,0.1,0,-180.4,15.5,-3.0638,-183.1,14.8,-3.0615,-116.9,-12.4,-0.0000,-208.4,-31.8,0.0095,210.3,15.5,0,0.0,0.0,0.0000,-2.03,-1.24,1.85,1.57
0.1263,0.1176,8.7,0,-180.4,15.5,-3.0638,-183.1,14.8,-3.0615,-116.9,-12.4,-0.0000,-220.4,-34.4,0.0095,222.4,17.2,0,0.0,0.0,0.0000,-1.93,-1.21,2.02,1.96
0.1342,0.1341,0.1,0,-181.3,15.7,-3.0631,-185.2,14.6,-3.0615,-133.7,-14.1,-0.0000,-228.6,-37.7,0.0064,230.8,19.7,0,0.0,0.0,0.0000,-2.35,-1.64,1.94,1.70
0.1420,0.1341,7.9,0,-181.3,15.7,-3.0631,-185.2,14.6,-3.0615,-133.7,-14.1,-0.0000,-239.1,-41.5,0.0064,241.6,22.6,0,0.0,0.0,0.0000,-2.93,-2.06,1.78,2.30
0.1502,0.1428,7.4,0,-182.0,15.8,-3.0615,-186.4,14.5,-3.0615,-142.1,-16.1,-0.0000,-248.2,-45.2,0.0001,251.0,25.2,0,0.0,0.0,0.0000,-3.24,-2.36,2.22,3.37
0.1581,0.1513,6.8,0,-182.7,16.0,-3.0651,-187.6,14.3,-3.0615,-150.2,-18.4,0.0000,-256.8,-48.9,0.0147,259.8,29.2,0,0.0,0.0,0.0000,-4.12,-2.79,2.80,3.64
0.1663,0.1619,4.3,0,-183.8,16.0,-3.0655,-189.3,14.1,-3.0615,-160.5,-19.7,0.0000,-264.8,-52.3,0.0161,268.0,32.0,0,0.0,0.0,0.0000,-4.17,-2.86,3.16,3.81
0.1737,0.1682,5.5,0,-184.8,16.5,-3.0766,-190.3,14.0,-3.0615,-166.5,-20.6,0.0000,-273.3,-57.4,0.0606,276.4,39.5,0,0.0,0.0,0.0000,-5.38,-3.11,3.62,3.80
0.1817,0.1764,5.4,0,-186.4,16.0,-3.0715,-191.7,13.8,-3.0615,-174.7,-23.6,-0.0000,-280.5,-59.6,0.0401,284.0,39.8,0,0.0,0.0,0.0000,-5.93,-3.96,3.59,4.27
0.1904,0.1848,5.6,0,-187.8,16.0,-3.0687,-193.2,13.6,-3.0615,-183.1,-26.4,-0.0000,-288.8,-63.8,0.0290,292.7,42.6,0,0.0,0.0,0.0000,-5.47,-4.32,4.67,5.07
0.1985,0.1959,2.6,0,-189.3,16.3,-3.0698,-195.3,13.3,-3.0615,-193.6,-28.0,-0.0000,-296.3,-69.0,0.0334,300.5,47.6,0,0.0,0.0,0.0000,-5.56,-4.62,4.65,6.49
0.2059,0.2023,3.6,0,-190.4,16.1,-3.0679,-196.5,13.1,-3.0615,-199.9,-29.5,0.0000,-304.1,-72.9,0.0256,308.7,50.3,0,0.0,0.0,0.0000,-7.15,-5.25,4.78,7.34
0.2137,0.2093,4.4,0,-192.4,16.1,-3.0734,-198.0,12.9,-3.0615,-207.0,-31.5,0.0000,-309.9,-77.7,0.0476,314.5,56.4,0,0.0,0.0,0.0000,-7.07,-5.79,5.63,6.94
0.2226,0.2188,3.8,0,-194.7,15.9,-3.0672,-200.0,12.6,-3.0615,-216.4,-34.3,0.0000,-317.4,-83.0,0.0230,322.7,59.2,0,0.0,0.0,0.0000,-7.69,-6.29,5.87,7.30
0.2300,0.2288,1.2,0,-196.0,15.7,-3.0676,-202.2,12.2,-3.0615,-225.8,-38.5,-0.0000,-325.3,-87.4,0.0246,330.9,63.1,0,0.0,0.0,0.0000,-7.13,-6.71,6.07,8.16
0.2378,0.2365,1.3,0,-198.4,15.4,-3.0729,-203.9,11.9,-3.0615,-233.0,-41.4,0.0000,-330.0,-91.4,0.0456,335.5,68.5,0,0.0,0.0,0.0000,-8.21,-7.66,6.58,8.67
0.2465,0.2442,2.2,0,-201.2,15.4,-3.0724,-205.8,11.6,-3.0615,-239.8,-43.8,-0.0000,-335.1,-97.3,0.0436,341.1,73.9,0,0.0,0.0,0.0000,-8.70,-7.98,6.60,11.42
0.2538,0.2526,1.2,0,-203.9,15.6,-3.0763,-207.8,11.2,-3.0615,-247.8,-47.0,-0.0000,-339.2,-104.2,0.0594,345.2,81.8,0,0.0,0.0,0.0000,-8.68,-8.71,6.73,15.64
0.2629,0.2624,0.5,0,-205.8,15.6,-3.0785,-210.3,10.7,-3.0615,-257.8,-50.8,-0.0000,-348.2,-111.6,0.0682,354.5,89.4,0,0.0,0.0,0.0000,-9.27,-9.64,6.73,13.01
0.2700,0.2699,0.1,0,-208.9,15.3,-3.0714,-212.3,10.3,-3.0615,-264.7,-54.0,0.0000,-350.7,-117.0,0.0395,358.1,92.1,0,0.0,0.0,0.0000,-9.43,-9.56,7.36,11.64
0.2780,0.2779,0.1,0,-211.6,15.1,-3.0779,-214.4,9.9,-3.0615,-271.8,-57.2,-0.0000,-355.5,-123.0,0.0659,362.6,100.2,0,0.0,0.0,0.0000,-10.18,-9.78,8.34,11.91
0.2863,0.2862,0.1,0,-214.4,14.7,-3.0708,-216.7,9.4,-3.0615,-279.3,-61.3,-0.0000,-360.6,-128.9,0.0374,368.8,103.1,0,0.0,0.0,0.0000,-10.74,-9.84,7.96,11.78
0.2938,0.2862,7.7,0,-214.4,14.7,-3.0708,-216.7,9.4,-3.0615,-279.3,-61.3,-0.0000,-373.0,-135.7,0.0374,381.7,109.0,0,0.0,0.0,0.0000,-10.46,-10.24,8.13,11.65
0.3024,0.2957,6.7,0,-217.0,14.7,-3.0709,-219.4,8.8,-3.0615,-287.8,-66.2,-0.0000,-380.9,-144.4,0.0377,390.1,117.1,0,0.0,0.0,0.0000,-11.50,-9.96,8.13,13.15
0.3103,0.3039,6.4,0,-220.4,14.3,-3.0771,-221.8,8.2,-3.0615,-295.5,-70.7,-0.0000,-382.3,-150.9,0.0626,391.3,126.0,0,0.0,0.0,0.0000,-10.48,-11.00,8.41,12.46
0.3185,0.3115,7.0,0,-223.2,13.4,-3.0618,-224.0,7.7,-3.0615,-302.8,-74.9,-0.0000,-383.2,-156.6,0.0013,394.4,125.6,0,0.0,0.0,0.0000,-12.90,-11.51,8.75,12.77
0.3257,0.3203,5.4,0,-226.6,13.6,-3.0838,-226.7,7.0,-3.0615,-310.2,-79.6,-0.0000,-380.6,-163.6,0.0894,389.4,141.4,0,0.0,0.0,0.0000,-11.33,-11.44,9.16,13.20
0.3338,0.3290,4.8,0,-230.2,12.9,-3.0789,-229.5,6.3,-3.0615,-317.6,-84.1,0.0000,-375.3,-167.1,0.0699,385.1,143.2,0,0.0,0.0,0.0000,-10.86,-11.23,9.89,14.09
0.3426,0.3371,5.6,0,-232.6,13.0,-3.0749,-232.1,5.6,-3.0615,-324.9,-89.7,0.0000,-375.0,-173.9,0.0538,385.7,148.6,0,0.0,0.0,0.0000,-11.70,-11.46,9.76,14.25
0.3504,0.3458,4.5,0,-236.5,11.9,-3.0649,-234.9,4.8,-3.0615,-332.7,-95.5,-0.0000,-369.1,-176.1,0.0137,381.5,147.3,0,0.0,0.0,0.0000,-11.75,-8.14,9.29,15.08
0.3586,0.3542,4.4,0,-239.4,11.5,-3.0881,-237.7,4.0,-3.0615,-339.7,-101.4,0.0000,-367.0,-181.3,0.1063,376.2,161.4,0,0.0,0.0,0.0000,-12.49,-9.81,9.38,15.37
0.3657,0.3624,3.4,0,-243.4,9.9,-3.0646,-240.6,3.1,-3.0615,-346.6,-107.1,0.0000,-361.0,-182.2,0.0125,373.9,153.9,0,0.0,0.0,0.0000,-12.27,-11.17,9.46,16.41
0.3747,0.3710,3.8,0,-246.8,8.8,-3.0697,-243.6,2.2,-3.0615,-353.4,-112.8,-0.0000,-358.5,-186.5,0.0330,371.0,160.3,0,0.0,0.0,0.0000,-11.34,-12.30,9.13,16.17
0.3818,0.3794,2.5,0,-251.3,8.5,-3.0697,-246.6,1.2,-3.0615,-360.2,-118.9,-0.0000,-350.9,-191.5,0.0329,363.7,165.8,0,0.0,0.0,0.0000,-10.92,-12.54,9.32,15.78
0.3897,0.3874,2.3,0,-255.2,7.5,-3.0647,-249.5,0.2,-3.0615,-367.9,-125.4,0.0000,-345.9,-195.3,0.0130,359.8,168.2,0,0.0,0.0,0.0000,-10.46,-14.50,9.35,16.18
0.3985,0.3962,2.3,0,-258.5,7.3,-3.0733,-252.7,-0.9,-3.0615,-372.7,-131.9,0.0000,-344.5,-202.8,0.0475,357.5,178.9,0,0.0,0.0,0.0000,-11.15,-14.93,9.71,13.24
0.4059,0.4044,1.5,0,-262.2,5.7,-3.0650,-255.8,-2.0,-3.0615,-374.5,-138.4,-0.0000,-339.9,-204.6,0.0141,354.6,178.0,0,0.0,0.0,0.0000,-10.82,-13.18,9.59,14.06
0.4145,0.4132,1.3,0,-265.4,3.9,-3.0538,-259.1,-3.3,-3.0615,-374.4,-143.5,0.0000,-337.4,-206.2,-0.0306,354.2,175.9,0,0.0,0.0,0.0000,-11.10,-14.02,8.16,15.43
0.4226,0.4214,1.2,0,-269.8,2.9,-3.0522,-262.2,-4.5,-3.0615,-372.4,-147.2,-0.0000,-331.2,-210.7,-0.0371,348.7,180.3,0,0.0,0.0,0.0000,-10.42,-13.67,8.41,15.65
0.4302,0.4301,0.1,0,-273.7,1.7,-3.0619,-265.4,-5.8,-3.0615,-370.5,-151.2,0.0000,-326.5,-214.3,0.0015,342.6,187.6,0,0.0,0.0,0.0000,-9.47,-14.08,9.12,16.35
0.4378,0.4301,7.7,0,-273.7,1.7,-3.0619,-265.4,-5.8,-3.0615,-370.5,-151.2,0.0000,-333.0,-221.5,0.0015,349.6,194.2,0,0.0,0.0,0.0000,-9.79,-14.77,8.14,16.60
0.4462,0.4397,6.5,0,-277.1,0.6,-3.0493,-268.9,-7.2,-3.0615,-368.1,-155.3,0.0000,-328.9,-226.2,-0.0486,348.3,195.0,0,0.0,0.0,0.0000,-9.85,-14.81,7.28,15.70
0.4537,0.4468,6.9,0,-280.8,-0.6,-3.0597,-271.6,-8.4,-3.0615,-366.7,-158.9,0.0000,-324.1,-229.9,-0.0073,341.8,202.6,0,0.0,0.0,0.0000,-9.20,-14.36,7.41,16.45
0.4617,0.4554,6.3,0,-284.2,-2.1,-3.0434,-274.7,-9.7,-3.0615,-365.2,-163.2,-0.0000,-321.0,-232.3,-0.0725,342.3,199.7,0,0.0,0.0,0.0000,-8.85,-15.91,6.81,16.87
0.4696,0.4642,5.4,0,-288.6,-4.0,-3.0471,-277.9,-11.2,-3.0615,-363.0,-167.5,0.0000,-314.4,-233.9,-0.0574,335.0,203.2,0,0.0,0.0,0.0000,-6.57,-15.88,6.46,16.64
0.4778,0.4722,5.6,0,-291.4,-5.5,-3.0461,-280.8,-12.5,-3.0615,-361.1,-171.4,0.0000,-312.7,-237.3,-0.0613,333.9,206.5,0,0.0,0.0,0.0000,-4.42,-15.34,6.10,16.67
0.4864,0.4809,5.5,0,-295.9,-6.8,-3.0401,-283.9,-14.1,-3.0615,-359.5,-175.7,-0.0000,-305.9,-241.9,-0.0854,328.9,209.7,0,0.0,0.0,0.0000,-6.68,-15.88,6.35,16.45
0.4939,0.4890,4.8,0,-298.1,-9.6,-3.0387,-286.9,-15.5,-3.0615,-358.0,-179.8,-0.0000,-304.5,-241.4,-0.0910,327.6,208.9,0,0.0,0.0,0.0000,-8.13,-17.59,5.91,16.81
0.5028,0.4975,5.3,0,-303.3,-11.3,-3.0434,-289.9,-17.1,-3.0615,-355.4,-183.5,-0.0000,-295.4,-245.5,-0.0723,318.1,215.4,0,0.0,0.0,0.0000,-8.72,-15.47,5.11,16.12
0.5106,0.5061,4.5,0,-306.0,-12.8,-3.0450,-292.9,-18.6,-3.0615,-353.1,-187.3,0.0000,-294.3,-249.0,-0.0658,316.9,219.4,0,0.0,0.0,0.0000,-8.81,-16.12,4.94,15.65
0.5181,0.5147,3.4,0,-310.0,-15.2,-3.0439,-295.9,-20.3,-3.0615,-351.4,-191.7,-0.0000,-288.2,-249.2,-0.0705,311.1,219.9,0,0.0,0.0,0.0000,-8.96,-16.83,4.31,15.87
0.5264,0.5229,3.5,0,-312.5,-16.9,-3.0542,-298.8,-21.9,-3.0615,-349.2,-195.7,0.0000,-286.3,-251.4,-0.0291,307.1,225.5,0,0.0,0.0,0.0000,-8.07,-16.79,4.12,16.79
0.5340,0.5315,2.6,0,-316.7,-18.9,-3.0495,-301.8,-23.6,-3.0615,-346.2,-200.0,-0.0000,-279.0,-253.1,-0.0481,301.1,226.3,0,0.0,0.0,0.0000,-8.96,-17.35,4.23,16.37
0.5425,0.5315,11.1,0,-316.7,-18.9,-3.0495,-301.8,-23.6,-3.0615,-346.2,-200.0,-0.0000,-284.7,-262.8,-0.0481,307.6,235.5,0,0.0,0.0,0.0000,-7.57,-16.95,3.62,17.11
0.5506,0.5482,2.4,0,-323.4,-23.4,-3.0476,-307.5,-27.0,-3.0615,-342.3,-206.9,0.0000,-270.0,-258.1,-0.0554,293.1,231.6,0,0.0,0.0,0.0000,-7.11,-16.84,3.20,14.87
0.5585,0.5571,1.4,0,-326.2,-25.6,-3.0536,-310.6,-28.8,-3.0615,-340.0,-210.8,0.0000,-267.6,-259.4,-0.0317,289.4,234.8,0,0.0,0.0,0.0000,-4.55,-16.39,2.61,14.80
0.5665,0.5651,1.5,0,-330.0,-27.8,-3.0467,-313.3,-30.5,-3.0615,-337.9,-214.4,-0.0000,-261.9,-261.1,-0.0592,285.5,235.1,0,0.0,0.0,0.0000,-4.81,-16.14,2.22,14.74
0.5736,0.5735,0.1,0,-332.4,-30.4,-3.0633,-316.1,-32.3,-3.0615,-335.1,-218.4,-0.0000,-259.8,-261.0,0.0074,279.4,239.8,0,0.0,0.0,0.0000,-6.22,-16.71,2.00,15.13
0.5822,0.5821,0.1,0,-336.0,-32.6,-3.0612,-319.0,-34.2,-3.0615,-331.7,-222.6,-0.0000,-254.6,-263.4,-0.0012,275.0,242.1,0,0.0,0.0,0.0000,-5.08,-17.06,1.80,14.98
0.5907,0.5906,0.1,0,-338.5,-35.2,-3.0548,-321.8,-36.1,-3.0615,-329.6,-226.5,0.0000,-253.0,-264.7,-0.0266,275.0,241.8,0,0.0,0.0,0.0000,-4.44,-16.78,1.81,14.63
0.5985,0.5906,7.9,0,-338.5,-35.2,-3.0548,-321.8,-36.1,-3.0615,-329.6,-226.5,0.0000,-257.7,-273.3,-0.0266,280.4,250.0,0,0.0,0.0,0.0000,-4.96,-15.81,1.40,14.35
0.6060,0.5993,6.7,0,-342.4,-37.3,-3.0694,-324.7,-38.1,-3.0615,-328.0,-230.6,0.0000,-249.7,-276.0,0.0315,268.9,257.2,0,0.0,0.0,0.0000,-4.59,-16.23,1.00,14.34
0.6142,0.6075,6.7,0,-344.7,-39.4,-3.0666,-327.3,-40.0,-3.0615,-325.1,-233.5,-0.0000,-247.3,-278.6,0.0205,267.5,259.3,0,0.0,0.0,0.0000,-5.44,-15.64,1.13,15.05
0.6223,0.6160,6.4,0,-347.0,-41.9,-3.0793,-330.1,-42.0,-3.0615,-322.1,-236.3,0.0000,-246.6,-279.3,0.0714,263.5,263.4,0,0.0,0.0,0.0000,-4.69,-15.62,0.91,14.43
0.6301,0.6248,5.3,0,-350.8,-45.1,-3.0714,-332.9,-44.1,-3.0615,-319.0,-240.8,0.0000,-239.8,-278.0,0.0397,258.7,260.5,0,0.0,0.0,0.0000,-4.23,-15.73,0.75,13.89
0.6381,0.6325,5.7,0,-353.1,-47.1,-3.0819,-335.4,-46.0,-3.0615,-316.2,-244.6,-0.0000,-237.2,-281.2,0.0817,253.5,266.6,0,0.0,0.0,0.0000,-3.63,-15.25,-0.13,13.70
0.6460,0.6459,0.1,0,-355.7,-50.1,-3.0768,-339.6,-49.3,-3.0615,-312.2,-249.9,0.0000,-233.8,-281.4,0.0614,251.6,265.7,0,0.0,0.0,0.0000,-3.96,-15.57,0.10,13.57
0.6544,0.6499,4.5,0,-357.9,-52.0,-3.0785,-340.8,-50.3,-3.0615,-311.0,-251.5,-0.0000,-232.0,-285.4,0.0681,249.5,270.2,0,0.0,0.0,0.0000,-4.41,-15.66,-0.25,13.62
0.6627,0.6581,4.6,0,-360.3,-53.9,-3.0836,-343.4,-52.4,-3.0615,-308.5,-254.9,0.0000,-229.0,-289.0,0.0883,245.4,275.3,0,0.0,0.0,0.0000,-2.87,-14.94,-0.58,13.64
0.6701,0.6665,3.6,0,-362.4,-56.6,-3.0809,-345.9,-54.6,-3.0615,-305.9,-258.3,0.0000,-226.3,-289.5,0.0776,243.4,275.3,0,0.0,0.0,0.0000,-1.86,-14.49,-0.63,13.28
0.6776,0.6752,2.4,0,-365.5,-58.9,-3.0759,-348.6,-56.8,-3.0615,-302.9,-261.7,0.0000,-220.8,-290.9,0.0579,239.4,275.8,0,0.0,0.0,0.0000,-2.43,-13.83,-1.09,12.94
0.6856,0.6844,1.2,0,-367.7,-61.5,-3.0814,-351.4,-59.2,-3.0615,-299.4,-265.5,0.0000,-219.2,-292.1,0.0796,236.4,278.3,0,0.0,0.0,0.0000,-1.55,-15.16,-0.99,12.92
0.6938,0.6924,1.4,0,-370.0,-64.2,-3.0759,-353.7,-61.4,-3.0615,-295.5,-269.4,-0.0000,-216.4,-293.4,0.0577,235.2,278.6,0,0.0,0.0,0.0000,-1.05,-13.60,-0.82,13.52
0.7022,0.7003,1.9,0,-372.0,-66.4,-3.0832,-356.1,-63.5,-3.0615,-292.7,-272.4,0.0000,-214.4,-296.7,0.0867,231.3,283.7,0,0.0,0.0,0.0000,-0.95,-13.40,-1.31,13.21
0.7099,0.7086,1.2,0,-373.6,-68.8,-3.0838,-358.5,-65.8,-3.0615,-290.7,-274.6,-0.0000,-212.9,-298.4,0.0894,229.8,285.6,0,0.0,0.0,0.0000,-0.92,-12.58,-1.32,12.60
0.7180,0.7086,9.4,0,-373.6,-68.8,-3.0838,-358.5,-65.8,-3.0615,-290.7,-274.6,-0.0000,-215.9,-308.0,0.0894,233.4,295.0,0,0.0,0.0,0.0000,-1.29,-13.15,-1.54,12.60
0.7257,0.7201,5.6,0,-375.9,-71.9,-3.0779,-361.8,-69.0,-3.0615,-286.3,-279.2,-0.0000,-212.2,-308.1,0.0656,231.4,293.9,0,0.0,0.0,0.0000,-1.30,-12.22,-1.76,12.12
0.7342,0.7341,0.1,0,-379.4,-75.3,-3.0781,-365.8,-72.9,-3.0615,-281.0,-284.8,0.0000,-205.9,-308.4,0.0664,225.1,294.7,0,0.0,0.0,0.0000,-0.39,-12.47,-2.13,12.15
0.7428,0.7427,0.1,0,-381.0,-78.6,-3.0821,-368.2,-75.4,-3.0615,-277.7,-288.3,0.0000,-205.0,-308.4,0.0824,223.0,295.7,0,0.0,0.0,0.0000,-0.40,-12.48,-2.29,12.10
0.7508,0.7427,8.1,0,-381.0,-78.6,-3.0821,-368.2,-75.4,-3.0615,-277.7,-288.3,0.0000,-208.2,-317.3,0.0824,226.8,304.3,0,0.0,0.0,0.0000,-0.69,-12.63,-2.08,11.57
0.7584,0.7510,7.5,0,-382.7,-81.0,-3.0826,-370.5,-77.8,-3.0615,-274.3,-291.3,-0.0000,-206.0,-319.2,0.0844,224.5,306.5,0,0.0,0.0,0.0000,0.08,-12.27,-1.73,12.16
0.7668,0.7595,7.2,0,-384.9,-83.3,-3.0748,-372.8,-80.3,-3.0615,-270.4,-294.4,-0.0000,-203.1,-322.5,0.0534,224.1,308.2,0,0.0,0.0,0.0000,0.41,-11.76,-2.06,12.05
0.7737,0.7681,5.6,0,-386.2,-85.8,-3.0715,-375.1,-82.8,-3.0615,-267.7,-297.1,0.0000,-201.5,-323.2,0.0401,223.7,308.3,0,0.0,0.0,0.0000,0.75,-11.75,-2.86,11.01
0.7822,0.7767,5.6,0,-387.8,-88.4,-3.0805,-377.4,-85.4,-3.0615,-264.9,-299.8,-0.0000,-198.9,-326.0,0.0760,218.4,313.3,0,0.0,0.0,0.0000,0.96,-8.27,-3.20,10.94
0.7904,0.7848,5.6,0,-389.4,-90.7,-3.0765,-379.5,-87.8,-3.0615,-261.3,-302.8,0.0000,-196.6,-329.1,0.0602,217.6,315.6,0,0.0,0.0,0.0000,1.27,-5.78,-2.88,10.65
0.7983,0.7936,4.7,0,-391.6,-93.0,-3.0710,-381.8,-90.5,-3.0615,-257.6,-306.0,-0.0000,-193.2,-331.4,0.0380,216.1,317.0,0,0.0,0.0,0.0000,1.03,-8.89,-2.60,10.57
0.8061,0.8018,4.3,0,-392.4,-95.0,-3.0715,-383.9,-93.0,-3.0615,-253.6,-308.9,-0.0000,-193.6,-334.9,0.0403,216.5,320.5,0,0.0,0.0,0.0000,0.82,-10.48,-2.75,10.81
0.8147,0.8102,4.6,0,-393.1,-98.4,-3.0681,-386.0,-95.6,-3.0615,-249.9,-311.8,0.0000,-194.4,-335.3,0.0265,218.5,320.1,0,0.0,0.0,0.0000,0.37,-10.78,-2.63,10.96
0.8225,0.8188,3.7,0,-395.1,-100.4,-3.0781,-388.1,-98.3,-3.0615,-246.9,-315.1,0.0000,-190.7,-338.7,0.0665,211.8,325.9,0,0.0,0.0,0.0000,1.16,-11.34,-3.04,11.50
0.8297,0.8273,2.4,0,-396.5,-103.2,-3.0666,-390.2,-101.0,-3.0615,-243.5,-318.0,0.0000,-187.3,-339.1,0.0203,212.2,324.1,0,0.0,0.0,0.0000,1.44,-11.26,-3.20,10.54
0.8377,0.8355,2.3,0,-397.7,-105.6,-3.0639,-392.2,-103.6,-3.0615,-240.1,-320.0,-0.0000,-185.7,-341.8,0.0098,211.6,326.3,0,0.0,0.0,0.0000,1.41,-11.26,-3.23,10.95
0.8463,0.8449,1.4,0,-398.6,-107.8,-3.0569,-394.5,-106.7,-3.0615,-236.1,-322.8,0.0000,-185.7,-345.8,-0.0182,214.3,328.8,0,0.0,0.0,0.0000,1.52,-11.08,-3.12,10.91
0.8538,0.8511,2.8,0,-399.5,-110.1,-3.0672,-395.9,-108.7,-3.0615,-233.7,-324.9,-0.0000,-185.2,-348.5,0.0231,210.6,333.8,0,0.0,0.0,0.0000,1.73,-10.14,-2.61,8.88
0.8625,0.8511,11.4,0,-399.5,-110.1,-3.0672,-395.9,-108.7,-3.0615,-233.7,-324.9,-0.0000,-187.2,-359.6,0.0231,213.4,344.7,0,0.0,0.0,0.0000,2.10,-10.18,-2.85,6.76
0.8710,0.8694,1.6,0,-402.6,-114.6,-3.0603,-400.1,-114.7,-3.0615,-224.6,-330.7,0.0000,-179.7,-356.3,-0.0046,208.0,340.6,0,0.0,0.0,0.0000,1.93,-10.36,-3.59,8.72
0.8781,0.8780,0.1,0,-404.0,-117.8,-3.0603,-402.0,-117.5,-3.0615,-221.0,-333.2,-0.0000,-176.7,-354.9,-0.0049,204.9,339.4,0,0.0,0.0,0.0000,1.96,-11.10,-2.98,9.53
0.8862,0.8861,0.1,0,-404.4,-120.4,-3.0541,-403.8,-120.2,-3.0615,-217.7,-335.4,0.0000,-176.9,-357.0,-0.0295,207.5,340.2,0,0.0,0.0,0.0000,2.35,-9.85,-2.72,9.99
0.8943,0.8861,8.2,0,-404.4,-120.4,-3.0541,-403.8,-120.2,-3.0615,-217.7,-335.4,0.0000,-177.6,-367.7,-0.0295,209.0,350.8,0,0.0,0.0,0.0000,2.42,-10.56,-2.81,10.06
0.9019,0.8969,5.1,0,-405.4,-122.7,-3.0444,-406.1,-123.8,-3.0615,-213.4,-338.4,-0.0000,-175.4,-370.4,-0.0684,210.6,351.7,0,0.0,0.0,0.0000,3.70,-11.60,-2.72,10.96
0.9102,0.9035,6.7,0,-406.2,-125.2,-3.0575,-407.5,-126.1,-3.0615,-210.8,-340.3,0.0000,-174.7,-372.9,-0.0160,205.4,356.9,0,0.0,0.0,0.0000,2.81,-10.87,-2.92,11.02
0.9180,0.9114,6.6,0,-407.4,-127.1,-3.0532,-409.2,-128.8,-3.0615,-206.4,-342.4,0.0000,-172.6,-377.0,-0.0332,205.2,360.3,0,0.0,0.0,0.0000,2.22,-10.56,-2.77,10.21
0.9265,0.9202,6.3,0,-409.5,-129.9,-3.0483,-411.0,-131.8,-3.0615,-201.5,-344.8,0.0000,-167.7,-379.4,-0.0525,202.3,362.2,0,0.0,0.0,0.0000,3.08,-10.72,-3.10,10.68
0.9343,0.9298,4.5,0,-410.5,-132.7,-3.0403,-412.9,-135.1,-3.0615,-197.8,-347.5,0.0000,-165.6,-380.8,-0.0847,203.3,362.1,0,0.0,0.0,0.0000,2.77,-11.03,-3.00,10.55
0.9424,0.9367,5.6,0,-411.2,-135.0,-3.0334,-414.3,-137.6,-3.0615,-194.9,-349.5,-0.0000,-163.8,-383.8,-0.1121,204.2,363.9,0,0.0,0.0,0.0000,2.26,-11.41,-3.10,9.58
0.9500,0.9455,4.5,0,-411.9,-137.1,-3.0365,-415.9,-140.6,-3.0615,-190.9,-352.0,-0.0000,-161.9,-387.2,-0.0997,201.7,368.1,0,0.0,0.0,0.0000,2.08,-11.27,-3.53,10.17
0.9583,0.9536,4.7,0,-412.9,-139.8,-3.0415,-417.5,-143.5,-3.0615,-187.2,-354.2,-0.0000,-159.2,-389.5,-0.0799,197.4,371.7,0,0.0,0.0,0.0000,2.80,-10.95,-3.81,10.29
0.9668,0.9642,2.6,0,-413.6,-141.9,-3.0292,-419.4,-147.3,-3.0615,-182.1,-355.9,-0.0000,-157.6,-393.9,-0.1289,200.7,373.7,0,0.0,0.0,0.0000,2.31,-11.58,-3.69,10.70
0.9744,0.9728,1.6,0,-414.0,-144.9,-3.0353,-421.0,-150.3,-3.0615,-177.7,-357.9,0.0000,-156.6,-394.5,-0.1046,197.5,375.7,0,0.0,0.0,0.0000,3.12,-11.42,-3.42,11.05
0.9823,0.9811,1.2,0,-416.2,-147.2,-3.0397,-422.4,-153.3,-3.0615,-173.0,-360.5,-0.0000,-150.5,-397.8,-0.0870,190.2,380.4,0,0.0,0.0,0.0000,2.44,-11.59,-3.58,10.95
0.9902,0.9889,1.3,0,-417.5,-150.1,-3.0386,-423.8,-156.1,-3.0615,-169.3,-362.3,0.0000,-147.6,-398.6,-0.0916,187.8,381.3,0,0.0,0.0,0.0000,1.73,-11.32,-3.93,10.62
0.9983,0.9982,0.1,0,-418.1,-153.1,-3.0353,-425.3,-159.5,-3.0615,-165.3,-363.9,0.0000,-145.8,-399.8,-0.1049,187.4,382.0,0,0.0,0.0,0.0000,1.80,-11.41,-4.21,10.68
1.0067,1.0053,1.5,0,-418.6,-155.6,-3.0260,-426.5,-162.1,-3.0615,-162.1,-365.5,0.0000,-142.6,-402.9,-0.1418,188.1,383.8,0,0.0,0.0,0.0000,1.87,-11.51,-4.17,10.60
1.0145,1.0132,1.3,0,-419.5,-158.2,-3.0338,-427.8,-165.0,-3.0615,-158.8,-367.6,0.0000,-139.4,-404.8,-0.1107,182.1,387.4,0,0.0,0.0,0.0000,1.12,-12.11,-4.39,10.69
1.0225,1.0213,1.2,0,-421.0,-160.7,-3.0470,-429.0,-168.0,-3.0615,-154.7,-369.3,-0.0000,-135.1,-407.3,-0.0579,173.0,392.8,0,0.0,0.0,0.0000,1.68,-12.52,-4.25,10.53
1.0297,1.0213,8.4,0,-421.0,-160.7,-3.0470,-429.0,-168.0,-3.0615,-154.7,-369.3,-0.0000,-134.9,-416.5,-0.0579,173.6,401.9,0,0.0,0.0,0.0000,2.40,-12.53,-5.13,10.72
1.0385,1.0384,0.1,0,-424.0,-166.5,-3.0429,-431.6,-174.3,-3.0615,-145.5,-372.5,0.0000,-125.5,-410.4,-0.0745,165.4,396.0,0,0.0,0.0,0.0000,1.66,-15.13,-4.42,10.90
1.0461,1.0384,7.7,0,-424.0,-166.5,-3.0429,-431.6,-174.3,-3.0615,-145.5,-372.5,0.0000,-125.0,-420.0,-0.0745,165.8,405.6,0,0.0,0.0,0.0000,1.44,-13.99,-4.64,11.29
1.0547,1.0470,7.7,0,-424.7,-169.1,-3.0348,-432.8,-177.5,-3.0615,-140.9,-374.1,-0.0000,-122.2,-422.7,-0.1066,166.6,407.2,0,0.0,0.0,0.0000,1.08,-14.65,-4.94,10.79
1.0625,1.0557,6.8,0,-425.5,-172.3,-3.0435,-434.0,-180.8,-3.0615,-136.7,-375.8,0.0000,-118.8,-423.0,-0.0718,159.6,409.4,0,0.0,0.0,0.0000,1.47,-14.05,-4.69,11.22
1.0705,1.0641,6.3,0,-426.4,-175.0,-3.0397,-435.2,-184.0,-3.0615,-132.6,-377.5,-0.0000,-114.6,-424.6,-0.0873,157.2,410.7,0,0.0,0.0,0.0000,1.72,-13.19,-4.94,11.23
1.0787,1.0722,6.4,0,-427.2,-178.8,-3.0472,-436.2,-187.0,-3.0615,-129.1,-378.8,-0.0000,-110.8,-423.6,-0.0573,150.2,411.2,0,0.0,0.0,0.0000,0.96,-13.58,-5.32,11.40
1.0863,1.0805,5.8,0,-429.8,-180.9,-3.0427,-437.3,-190.2,-3.0615,-125.7,-380.1,-0.0000,-102.1,-426.9,-0.0751,143.7,414.8,0,0.0,0.0,0.0000,2.08,-13.79,-5.55,10.91
1.0948,1.0890,5.8,0,-431.1,-183.5,-3.0474,-438.3,-193.4,-3.0615,-120.1,-381.3,-0.0000,-97.0,-429.7,-0.0563,137.0,418.7,0,0.0,0.0,0.0000,1.86,-14.00,-5.78,10.92
1.1018,1.0989,2.8,0,-431.6,-187.1,-3.0430,-439.5,-197.2,-3.0615,-114.3,-382.8,-0.0000,-94.8,-427.3,-0.0737,136.4,415.9,0,0.0,0.0,0.0000,2.65,-15.04,-5.92,10.29
1.1104,1.1059,4.6,0,-432.3,-189.9,-3.0386,-440.3,-199.9,-3.0615,-111.3,-383.9,0.0000,-91.0,-429.7,-0.0916,134.7,418.0,0,0.0,0.0,0.0000,2.54,-13.32,-6.35,11.16
1.1180,1.1144,3.6,0,-433.3,-193.3,-3.0530,-441.2,-203.1,-3.0615,-107.1,-385.3,0.0000,-85.4,-429.0,-0.0340,123.1,419.8,0,0.0,0.0,0.0000,2.38,-13.65,-6.09,12.02
1.1261,1.1228,3.3,0,-433.6,-196.1,-3.0473,-442.1,-206.4,-3.0615,-103.2,-386.7,0.0000,-82.5,-430.8,-0.0565,122.7,421.1,0,0.0,0.0,0.0000,2.65,-14.45,-5.75,12.44
1.1340,1.1316,2.5,0,-434.6,-200.1,-3.0503,-443.0,-209.8,-3.0615,-98.8,-387.9,0.0000,-78.5,-428.8,-0.0446,117.3,419.8,0,0.0,0.0,0.0000,3.00,-14.09,-6.24,11.61
1.1425,1.1399,2.6,0,-437.3,-202.3,-3.0451,-443.8,-213.0,-3.0615,-94.5,-388.8,-0.0000,-68.6,-432.7,-0.0654,110.0,424.1,0,0.0,0.0,0.0000,2.76,-13.71,-6.44,11.43
1.1496,1.1484,1.2,0,-438.2,-206.8,-3.0483,-444.6,-216.3,-3.0615,-89.9,-389.8,-0.0000,-63.8,-427.5,-0.0527,103.3,419.7,0,0.0,0.0,0.0000,3.77,-13.78,-6.82,11.89
1.1576,1.1564,1.2,0,-438.5,-209.2,-3.0435,-445.3,-219.5,-3.0615,-85.2,-390.6,-0.0000,-60.5,-429.9,-0.0717,102.3,422.0,0,0.0,0.0,0.0000,3.80,-13.98,-7.30,11.63
1.1666,1.1652,1.5,0,-439.6,-213.4,-3.0512,-446.0,-222.9,-3.0615,-80.6,-391.6,0.0000,-54.9,-428.4,-0.0412,93.4,421.7,0,0.0,0.0,0.0000,4.75,-13.45,-7.32,11.27
1.1747,1.1735,1.2,0,-440.2,-215.7,-3.0535,-446.6,-226.1,-3.0615,-76.2,-392.7,0.0000,-50.8,-431.3,-0.0318,88.5,425.1,0,0.0,0.0,0.0000,4.65,-13.95,-7.40,11.61
1.1821,1.1820,0.1,0,-440.9,-219.9,-3.0548,-447.3,-229.5,-3.0615,-72.1,-393.4,0.0000,-46.1,-428.0,-0.0266,83.0,422.4,0,0.0,0.0,0.0000,3.92,-13.85,-7.66,11.71
1.1908,1.1906,0.2,0,-442.9,-222.9,-3.0571,-447.9,-232.9,-3.0615,-68.4,-394.0,0.0000,-37.2,-429.8,-0.0174,73.4,425.1,0,0.0,0.0,0.0000,4.96,-14.37,-7.27,12.18
1.1983,1.1906,7.7,0,-442.9,-222.9,-3.0571,-447.9,-232.9,-3.0615,-68.4,-394.0,0.0000,-35.1,-438.3,-0.0174,72.0,433.8,0,0.0,0.0,0.0000,6.55,-13.73,-7.64,12.03
1.2062,1.1988,7.4,0,-443.9,-226.8,-3.0413,-448.4,-236.1,-3.0615,-63.5,-394.9,-0.0000,-29.4,-436.2,-0.0808,72.9,431.1,0,0.0,0.0,0.0000,6.01,-13.49,-7.48,11.51
1.2141,1.2074,6.7,0,-445.0,-230.1,-3.0371,-448.9,-239.5,-3.0615,-58.0,-395.9,0.0000,-23.1,-436.0,-0.0975,68.5,431.2,0,0.0,0.0,0.0000,5.91,-13.60,-7.99,10.97
1.2225,1.2157,6.8,0,-446.0,-233.8,-3.0541,-449.4,-242.8,-3.0615,-54.2,-396.5,-0.0000,-16.7,-435.2,-0.0297,54.7,432.1,0,0.0,0.0,0.0000,5.06,-12.79,-8.89,11.50
1.2307,1.2244,6.3,0,-446.2,-237.4,-3.0373,-449.9,-246.2,-3.0615,-50.2,-397.3,-0.0000,-12.7,-433.9,-0.0965,57.8,430.3,0,0.0,0.0,0.0000,4.53,-14.02,-9.35,11.72
1.2383,1.2328,5.4,0,-446.8,-240.7,-3.0520,-450.3,-249.6,-3.0615,-45.3,-397.5,0.0000,-7.8,-433.2,-0.0377,46.5,430.7,0,0.0,0.0,0.0000,3.15,-13.28,-9.18,12.93
1.2466,1.2410,5.6,0,-447.0,-243.6,-3.0396,-450.6,-252.8,-3.0615,-40.8,-397.7,-0.0000,-4.2,-434.3,-0.0874,48.4,431.7,0,0.0,0.0,0.0000,2.69,-13.46,-8.14,12.35
1.2548,1.2497,5.0,0,-448.2,-247.6,-3.0460,-450.9,-256.3,-3.0615,-36.5,-398.0,-0.0000,2.8,-432.0,-0.0621,38.5,430.3,0,0.0,0.0,0.0000,5.29,-13.01,-7.46,12.67
1.2622,1.2589,3.3,0,-449.9,-251.3,-3.0336,-451.3,-260.0,-3.0615,-31.7,-398.4,-0.0000,10.6,-429.8,-0.1114,35.7,428.4,0,0.0,0.0,0.0000,6.23,-12.46,-8.60,11.77
1.2698,1.2664,3.4,0,-450.6,-255.6,-3.0322,-451.5,-263.0,-3.0615,-27.4,-399.2,0.0000,16.1,-426.0,-0.1170,30.5,425.2,0,0.0,0.0,0.0000,5.86,-13.23,-9.32,11.98
1.2789,1.2750,4.0,0,-451.4,-258.7,-3.0331,-451.7,-266.4,-3.0615,-22.7,-399.7,-0.0000,22.9,-427.1,-0.1136,23.5,427.1,0,0.0,0.0,0.0000,7.15,-12.59,-9.03,12.23
1.2865,1.2840,2.5,0,-451.4,-262.6,-3.0302,-451.9,-270.0,-3.0615,-18.3,-399.4,-0.0000,26.7,-424.1,-0.1250,20.6,424.5,0,0.0,0.0,0.0000,7.56,-12.55,-8.96,11.77
1.2942,1.2917,2.5,0,-451.5,-266.2,-3.0268,-452.0,-273.1,-3.0615,-14.3,-399.5,0.0000,31.4,-422.5,-0.1388,17.2,423.3,0,0.0,0.0,0.0000,7.47,-9.64,-9.02,11.67
1.3021,1.3003,1.7,0,-451.9,-270.4,-3.0212,-452.1,-276.5,-3.0615,-9.4,-400.0,0.0000,36.8,-418.8,-0.1613,13.8,420.2,0,0.0,0.0,0.0000,7.07,-7.00,-9.00,11.45
1.3103,1.3089,1.4,0,-452.3,-274.2,-3.0321,-452.2,-279.9,-3.0615,-4.7,-400.1,0.0000,42.0,-416.3,-0.1176,3.8,418.4,0,0.0,0.0,0.0000,7.58,-9.76,-8.80,10.95
1.3183,1.3171,1.2,0,-452.1,-277.6,-3.0165,-452.2,-283.2,-3.0615,-0.1,-399.9,-0.0000,45.2,-415.3,-0.1797,6.9,417.7,0,0.0,0.0,0.0000,7.64,-11.45,-9.59,10.66
1.3259,1.3257,0.2,0,-452.8,-281.3,-3.0236,-452.2,-286.7,-3.0615,4.4,-399.9,-0.0000,50.4,-413.9,-0.1515,-1.3,417.0,0,0.0,0.0,0.0000,8.07,-11.94,-9.25,10.62
1.3342,1.3340,0.1,0,-452.7,-285.1,-3.0149,-452.1,-290.0,-3.0615,8.5,-399.9,-0.0000,54.5,-411.8,-0.1864,-2.0,415.4,0,0.0,0.0,0.0000,7.00,-12.92,-9.70,10.86
1.3417,1.3340,7.7,0,-452.7,-285.1,-3.0149,-452.1,-290.0,-3.0615,8.5,-399.9,-0.0000,60.0,-419.5,-0.1864,-6.5,423.7,0,0.0,0.0,0.0000,6.91,-12.78,-10.97,10.53
1.3496,1.3423,7.4,0,-452.7,-288.6,-3.0200,-452.0,-293.3,-3.0615,12.7,-399.9,0.0000,65.0,-417.6,-0.1661,-13.9,422.4,0,0.0,0.0,0.0000,7.61,-12.35,-9.97,9.83
1.3585,1.3509,7.7,0,-452.6,-291.6,-3.0174,-451.9,-296.7,-3.0615,17.0,-400.0,-0.0000,69.6,-418.7,-0.1761,-17.2,424.1,0,0.0,0.0,0.0000,8.37,-12.22,-9.68,9.93
1.3666,1.3630,3.6,0,-452.9,-296.5,-3.0094,-451.7,-301.6,-3.0615,23.6,-399.4,-0.0000,75.0,-413.0,-0.2085,-19.9,419.3,0,0.0,0.0,0.0000,7.74,-12.38,-10.43,9.64
1.3745,1.3677,6.8,0,-453.0,-299.8,-3.0109,-451.5,-303.4,-3.0615,26.1,-399.2,-0.0000,80.0,-412.2,-0.2024,-25.6,419.1,0,0.0,0.0,0.0000,8.05,-11.27,-10.43,9.39
1.3816,1.3763,5.4,0,-452.8,-303.4,-3.0105,-451.3,-306.9,-3.0615,31.2,-398.8,-0.0000,83.6,-409.1,-0.2041,-29.3,416.5,0,0.0,0.0,0.0000,8.55,-11.61,-11.12,9.18
1.3901,1.3846,5.5,0,-452.8,-306.6,-3.0075,-451.0,-310.2,-3.0615,36.3,-398.4,0.0000,88.5,-408.6,-0.2159,-33.1,416.8,0,0.0,0.0,0.0000,7.83,-11.54,-10.41,9.17
1.3987,1.3932,5.4,0,-452.7,-310.8,-3.0048,-450.7,-313.6,-3.0615,40.4,-397.6,-0.0000,94.1,-405.1,-0.2266,-37.9,414.2,0,0.0,0.0,0.0000,9.54,-11.52,-10.89,8.54
1.4067,1.4013,5.4,0,-452.6,-314.3,-3.0156,-450.3,-316.8,-3.0615,44.5,-396.9,0.0000,100.0,-403.4,-0.1836,-48.5,412.8,0,0.0,0.0,0.0000,8.77,-11.31,-11.43,8.29
1.4138,1.4102,3.6,0,-452.4,-317.9,-3.0066,-449.9,-320.4,-3.0615,48.4,-397.4,-0.0000,104.0,-399.9,-0.2197,-49.2,410.3,0,0.0,0.0,0.0000,8.05,-10.90,-11.92,7.80
1.4221,1.4188,3.3,0,-452.3,-321.3,-3.0152,-449.5,-323.8,-3.0615,52.7,-397.2,-0.0000,108.4,-399.0,-0.1852,-57.2,409.5,0,0.0,0.0,0.0000,8.72,-11.34,-11.44,8.09
1.4297,1.4271,2.6,0,-452.0,-324.8,-3.0093,-449.0,-327.1,-3.0615,58.4,-395.6,-0.0000,112.4,-396.5,-0.2088,-59.1,407.8,0,0.0,0.0,0.0000,9.28,-11.67,-11.32,7.73
1.4381,1.4356,2.5,0,-451.8,-327.9,-3.0134,-448.5,-330.4,-3.0615,63.3,-394.7,-0.0000,118.3,-395.5,-0.1924,-66.8,407.4,0,0.0,0.0,0.0000,9.05,-11.22,-11.33,7.47
1.4466,1.4442,2.3,0,-451.2,-331.7,-3.0084,-447.9,-333.8,-3.0615,67.3,-394.1,-0.0000,122.8,-393.0,-0.2124,-69.5,405.8,0,0.0,0.0,0.0000,8.85,-10.45,-11.54,6.10
1.4547,1.4523,2.5,0,-450.9,-335.0,-3.0182,-447.4,-337.0,-3.0615,71.4,-393.5,-0.0000,128.1,-391.3,-0.1729,-78.9,404.1,0,0.0,0.0,0.0000,8.91,-10.94,-12.82,4.79
1.4625,1.4523,10.3,0,-450.9,-335.0,-3.0182,-447.4,-337.0,-3.0615,71.4,-393.5,-0.0000,133.9,-399.4,-0.1729,-83.7,412.9,0,0.0,0.0,0.0000,9.89,-11.01,-12.23,3.64
1.4699,1.4698,0.1,0,-449.0,-342.5,-3.0058,-446.1,-343.9,-3.0615,80.2,-392.0,0.0000,133.4,-384.9,-0.2227,-80.1,399.4,0,0.0,0.0,0.0000,10.12,-9.76,-12.02,4.48
1.4779,1.4777,0.1,0,-448.2,-345.7,-3.0034,-445.4,-347.0,-3.0615,84.0,-391.0,-0.0000,136.9,-383.6,-0.2324,-82.8,398.8,0,0.0,0.0,0.0000,9.79,-9.49,-12.43,5.18
1.4862,1.4861,0.1,0,-446.6,-349.8,-3.0046,-444.7,-350.3,-3.0615,88.7,-389.9,0.0000,137.8,-378.6,-0.2274,-84.8,393.9,0,0.0,0.0,0.0000,10.25,-9.68,-13.39,5.24
1.4938,1.4861,7.7,0,-446.6,-349.8,-3.0046,-444.7,-350.3,-3.0615,88.7,-389.9,0.0000,143.5,-386.0,-0.2274,-89.5,402.0,0,0.0,0.0,0.0000,10.09,-9.46,-13.10,5.30
1.5025,1.4948,7.7,0,-446.1,-353.0,-3.0041,-443.9,-353.7,-3.0615,94.1,-388.8,0.0000,149.4,-386.0,-0.2294,-95.1,402.9,0,0.0,0.0,0.0000,9.99,-8.70,-13.26,5.43
1.5103,1.5037,6.6,0,-445.3,-356.4,-3.0097,-443.0,-357.1,-3.0615,98.1,-387.8,-0.0000,153.3,-383.4,-0.2070,-101.6,400.2,0,0.0,0.0,0.0000,9.82,-9.02,-12.98,5.53
1.5178,1.5116,6.2,0,-444.6,-358.9,-3.0142,-442.2,-360.2,-3.0615,101.6,-387.0,0.0000,157.7,-382.5,-0.1890,-107.8,399.4,0,0.0,0.0,0.0000,10.65,-9.16,-13.43,5.14
1.5266,1.5202,6.4,0,-443.6,-363.0,-3.0176,-441.4,-363.5,-3.0615,106.3,-385.5,-0.0000,162.0,-378.3,-0.1755,-114.0,395.4,0,0.0,0.0,0.0000,10.04,-8.50,-12.90,4.90
1.5343,1.5284,5.9,0,-441.2,-366.3,-3.0094,-440.5,-366.7,-3.0615,110.7,-384.2,0.0000,160.7,-376.1,-0.2083,-109.7,394.0,0,0.0,0.0,0.0000,10.35,-8.03,-13.24,4.81
1.5417,1.5371,4.6,0,-439.7,-370.7,-3.0042,-439.5,-370.0,-3.0615,115.4,-382.8,0.0000,162.2,-369.7,-0.2290,-110.1,388.4,0,0.0,0.0,0.0000,10.64,-8.14,-12.42,4.13
1.5500,1.5453,4.7,0,-439.1,-373.2,-3.0098,-438.5,-373.1,-3.0615,119.8,-381.4,0.0000,167.0,-369.7,-0.2068,-116.9,388.4,0,0.0,0.0,0.0000,10.63,-8.66,-14.14,4.30
1.5581,1.5535,4.6,0,-438.1,-377.0,-3.0079,-437.5,-376.3,-3.0615,123.9,-380.7,-0.0000,170.8,-365.9,-0.2144,-120.5,385.4,0,0.0,0.0,0.0000,11.94,-9.25,-10.95,4.29
1.5661,1.5625,3.6,0,-437.3,-379.1,-3.0137,-436.4,-379.7,-3.0615,128.3,-379.5,-0.0000,176.1,-367.2,-0.1912,-127.8,386.7,0,0.0,0.0,0.0000,11.56,-6.62,-9.38,3.82
1.5741,1.5717,2.5,0,-435.8,-383.1,-3.0166,-435.2,-383.1,-3.0615,132.1,-376.8,-0.0000,178.8,-362.6,-0.1796,-132.1,382.1,0,0.0,0.0,0.0000,12.29,-6.82,-11.80,3.65
1.5824,1.5789,3.5,0,-433.7,-386.4,-3.0051,-434.2,-385.9,-3.0615,135.6,-375.4,0.0000,179.9,-359.3,-0.2253,-129.3,380.4,0,0.0,0.0,0.0000,12.07,-7.37,-13.15,3.41
1.5903,1.5877,2.6,0,-432.4,-389.1,-3.0148,-433.0,-389.1,-3.0615,140.6,-374.9,-0.0000,183.1,-358.0,-0.1868,-136.4,378.3,0,0.0,0.0,0.0000,12.35,-7.27,-13.61,3.15
1.5987,1.5964,2.3,0,-431.6,-392.2,-3.0144,-431.8,-392.4,-3.0615,145.2,-373.4,-0.0000,187.9,-356.3,-0.1884,-141.2,377.3,0,0.0,0.0,0.0000,11.73,-6.70,-13.98,2.64
1.6056,1.6044,1.2,0,-430.9,-395.3,-3.0151,-430.6,-395.4,-3.0615,149.7,-371.1,-0.0000,192.0,-353.1,-0.1855,-145.9,374.5,0,0.0,0.0,0.0000,11.29,-6.73,-12.81,3.09
1.6144,1.6130,1.4,0,-428.7,-398.2,-3.0123,-429.3,-398.5,-3.0615,153.8,-369.3,-0.0000,193.3,-352.3,-0.1969,-146.2,374.3,0,0.0,0.0,0.0000,11.41,-6.70,-13.64,2.55
1.6227,1.6215,1.2,0,-426.4,-402.3,-3.0045,-428.0,-401.7,-3.0615,157.5,-367.8,0.0000,194.3,-347.2,-0.2280,-145.0,370.5,0,0.0,0.0,0.0000,10.43,-6.65,-14.00,2.82
1.6299,1.6298,0.1,0,-425.4,-405.0,-3.0131,-426.6,-404.7,-3.0615,161.3,-366.0,0.0000,198.3,-344.3,-0.1935,-152.5,366.8,0,0.0,0.0,0.0000,11.68,-6.54,-14.07,2.55
1.6384,1.6383,0.1,0,-424.2,-408.3,-3.0246,-425.3,-407.8,-3.0615,164.9,-363.8,-0.0000,202.8,-341.1,-0.1474,-161.6,362.4,0,0.0,0.0,0.0000,11.87,-7.02,-13.02,2.65
1.6458,1.6383,7.5,0,-424.2,-408.3,-3.0246,-425.3,-407.8,-3.0615,164.9,-363.8,-0.0000,209.8,-347.8,-0.1474,-167.8,369.9,0,0.0,0.0,0.0000,11.23,-6.63,-13.57,2.38
1.6544,1.6467,7.6,0,-422.1,-411.3,-3.0159,-423.8,-410.9,-3.0615,169.4,-362.1,-0.0000,211.8,-346.0,-0.1822,-166.8,369.8,0,0.0,0.0,0.0000,10.83,-6.20,-14.05,2.33
1.6623,1.6549,7.4,0,-420.1,-414.5,-3.0187,-422.4,-413.9,-3.0615,173.9,-360.7,-0.0000,213.5,-342.2,-0.1712,-170.0,365.8,0,0.0,0.0,0.0000,11.67,-6.13,-13.70,2.22
1.6704,1.6703,0.1,0,-417.4,-420.4,-3.0194,-419.7,-419.4,-3.0615,181.5,-356.3,-0.0000,213.6,-330.9,-0.1682,-171.7,354.4,0,0.0,0.0,0.0000,12.18,-5.71,-13.16,2.61
1.6781,1.6703,7.8,0,-417.4,-420.4,-3.0194,-419.7,-419.4,-3.0615,181.5,-356.3,-0.0000,221.2,-336.6,-0.1682,-178.5,361.0,0,0.0,0.0,0.0000,12.15,-5.29,-12.57,1.97
1.6867,1.6821,4.6,0,-415.6,-423.7,-3.0334,-417.5,-423.6,-3.0615,186.8,-353.6,0.0000,224.2,-333.3,-0.1123,-186.9,355.6,0,0.0,0.0,0.0000,11.58,-4.87,-13.00,1.96
1.6939,1.6889,5.0,0,-413.1,-427.4,-3.0187,-416.2,-426.0,-3.0615,189.8,-352.0,-0.0000,224.1,-328.1,-0.1710,-182.2,353.1,0,0.0,0.0,0.0000,11.36,-5.33,-13.40,1.91
1.7022,1.6985,3.7,0,-411.8,-430.0,-3.0214,-414.4,-429.3,-3.0615,194.1,-349.9,-0.0000,228.9,-326.5,-0.1604,-188.1,351.6,0,0.0,0.0,0.0000,11.70,-4.50,-13.77,1.67
1.7102,1.7057,4.5,0,-410.8,-432.5,-3.0161,-413.0,-431.9,-3.0615,197.4,-348.2,-0.0000,233.8,-324.2,-0.1816,-191.3,350.9,0,0.0,0.0,0.0000,12.54,-4.82,-14.19,1.36
1.7179,1.7143,3.6,0,-408.5,-435.5,-3.0268,-411.3,-434.8,-3.0615,201.7,-345.1,-0.0000,234.5,-320.7,-0.1388,-196.2,345.5,0,0.0,0.0,0.0000,12.17,-5.19,-13.96,1.21
1.7262,1.7229,3.3,0,-405.9,-438.5,-3.0181,-409.5,-437.8,-3.0615,205.8,-342.6,0.0000,235.2,-317.9,-0.1733,-194.3,344.4,0,0.0,0.0,0.0000,12.32,-4.79,-13.14,1.17
1.7345,1.7331,1.4,0,-404.3,-440.7,-3.0233,-407.4,-441.3,-3.0615,210.3,-340.7,0.0000,239.2,-317.3,-0.1526,-200.1,343.3,0,0.0,0.0,0.0000,11.93,-4.77,-13.49,0.78
1.7422,1.7396,2.6,0,-403.4,-444.2,-3.0261,-406.0,-443.5,-3.0615,213.2,-338.9,-0.0000,245.4,-311.6,-0.1414,-207.9,337.8,0,0.0,0.0,0.0000,12.56,-4.44,-13.52,0.71
1.7496,1.7484,1.2,0,-400.0,-446.5,-3.0106,-404.1,-446.5,-3.0615,217.1,-335.9,0.0000,243.5,-309.5,-0.2034,-201.0,338.6,0,0.0,0.0,0.0000,12.63,-4.19,-13.42,0.78
1.7588,1.7564,2.5,0,-398.4,-448.7,-3.0224,-402.4,-449.1,-3.0615,220.7,-333.5,0.0000,247.6,-309.7,-0.1565,-209.0,337.0,0,0.0,0.0,0.0000,9.81,-3.49,-13.01,0.46
1.7665,1.7564,10.2,0,-398.4,-448.7,-3.0224,-402.4,-449.1,-3.0615,220.7,-333.5,0.0000,255.7,-314.8,-0.1565,-216.4,343.0,0,0.0,0.0,0.0000,13.08,-3.85,-13.64,0.81
1.7739,1.7727,1.2,0,-396.4,-453.8,-3.0288,-398.7,-454.5,-3.0615,228.0,-328.5,-0.0000,257.8,-303.7,-0.1306,-222.0,330.8,0,0.0,0.0,0.0000,12.68,-4.08,-14.11,0.77
1.7818,1.7817,0.1,0,-392.6,-457.6,-3.0284,-396.7,-457.5,-3.0615,232.1,-326.3,-0.0000,255.0,-296.9,-0.1322,-219.9,323.8,0,0.0,0.0,0.0000,12.64,-3.54,-13.87,0.21
1.7904,1.7903,0.1,0,-391.1,-459.6,-3.0271,-394.6,-460.3,-3.0615,235.6,-323.5,-0.0000,260.1,-296.7,-0.1377,-224.5,324.5,0,0.0,0.0,0.0000,12.23,-3.58,-13.55,0.23
1.7980,1.7903,7.7,0,-391.1,-459.6,-3.0271,-394.6,-460.3,-3.0615,235.6,-323.5,-0.0000,268.6,-301.3,-0.1377,-232.4,330.0,0,0.0,0.0,0.0000,12.71,-2.98,-13.82,-0.35
1.8061,1.8014,4.8,0,-389.8,-462.7,-3.0299,-392.0,-463.8,-3.0615,240.0,-319.5,0.0000,273.9,-296.4,-0.1263,-239.1,325.1,0,0.0,0.0,0.0000,11.77,-3.37,-14.13,-0.52
1.8147,1.8071,7.6,0,-386.8,-465.4,-3.0214,-390.6,-465.6,-3.0615,242.4,-317.8,0.0000,274.4,-293.3,-0.1602,-237.2,324.1,0,0.0,0.0,0.0000,11.22,-3.26,-14.11,-0.25
1.8228,1.8157,7.1,0,-384.9,-466.8,-3.0209,-388.5,-468.4,-3.0615,245.7,-315.3,-0.0000,277.5,-294.1,-0.1622,-240.1,325.3,0,0.0,0.0,0.0000,11.34,-3.11,-14.24,-0.07
1.8304,1.8249,5.4,0,-383.5,-470.1,-3.0346,-386.2,-471.3,-3.0615,250.4,-311.9,0.0000,281.8,-288.7,-0.1074,-249.3,317.1,0,0.0,0.0,0.0000,12.35,-2.91,-13.42,-0.67
1.8385,1.8338,4.6,0,-381.2,-472.3,-3.0226,-384.0,-474.0,-3.0615,254.7,-308.8,-0.0000,284.0,-286.3,-0.1556,-248.0,318.0,0,0.0,0.0,0.0000,12.48,-2.97,-13.48,-0.89
1.8468,1.8412,5.6,0,-378.8,-475.1,-3.0234,-382.1,-476.3,-3.0615,257.1,-306.7,-0.0000,286.2,-282.5,-0.1522,-250.9,314.3,0,0.0,0.0,0.0000,11.90,-2.24,-13.42,-1.40
1.8537,1.8495,4.2,0,-377.8,-477.1,-3.0354,-380.0,-478.8,-3.0615,260.1,-304.2,-0.0000,291.5,-279.6,-0.1041,-260.3,308.9,0,0.0,0.0,0.0000,9.64,-2.05,-12.88,-1.70
1.8623,1.8570,5.2,0,-375.2,-478.9,-3.0285,-378.0,-481.1,-3.0615,263.2,-301.1,-0.0000,293.9,-278.3,-0.1320,-260.6,309.7,0,0.0,0.0,0.0000,8.72,-2.69,-13.36,-1.98
1.8698,1.8673,2.5,0,-372.1,-481.7,-3.0238,-375.3,-484.2,-3.0615,267.3,-297.2,0.0000,292.8,-273.4,-0.1507,-258.7,305.9,0,0.0,0.0,0.0000,10.22,-2.87,-13.22,-1.67
1.8783,1.8749,3.4,0,-370.9,-484.4,-3.0300,-373.2,-486.4,-3.0615,270.4,-294.7,-0.0000,298.7,-269.5,-0.1260,-266.8,301.1,0,0.0,0.0,0.0000,11.55,-1.87,-12.50,-2.01
1.8859,1.8837,2.3,0,-367.8,-486.2,-3.0345,-370.8,-489.0,-3.0615,273.9,-291.6,0.0000,298.6,-267.9,-0.1080,-268.2,298.3,0,0.0,0.0,0.0000,11.95,-1.49,-13.58,-1.91
1.8940,1.8916,2.4,0,-365.7,-488.5,-3.0362,-368.7,-491.3,-3.0615,277.2,-288.3,-0.0000,301.9,-264.9,-0.1009,-272.4,295.1,0,0.0,0.0,0.0000,13.03,-2.22,-14.62,-2.94
1.9019,1.9005,1.4,0,-364.2,-490.5,-3.0390,-366.2,-493.8,-3.0615,280.6,-285.1,-0.0000,306.5,-263.0,-0.0898,-277.9,293.0,0,0.0,0.0,0.0000,12.73,-1.52,-13.40,-2.52
1.9100,1.9088,1.2,0,-361.2,-492.5,-3.0368,-363.8,-496.2,-3.0615,283.5,-282.4,-0.0000,306.9,-260.4,-0.0987,-278.0,291.0,0,0.0,0.0,0.0000,11.92,-1.04,-13.12,-2.74
1.9183,1.9170,1.2,0,-358.2,-494.6,-3.0324,-361.5,-498.5,-3.0615,286.5,-279.4,-0.0000,308.2,-257.0,-0.1162,-278.4,289.0,0,0.0,0.0,0.0000,11.74,-1.23,-13.37,-2.36
1.9257,1.9256,0.1,0,-356.4,-497.3,-3.0442,-359.0,-500.9,-3.0615,289.5,-276.2,-0.0000,311.6,-251.9,-0.0690,-285.7,281.0,0,0.0,0.0,0.0000,12.34,-0.65,-13.31,-2.75
1.9342,1.9341,0.1,0,-353.4,-498.4,-3.0502,-356.5,-503.2,-3.0615,292.8,-272.6,0.0000,312.2,-252.1,-0.0452,-287.9,279.5,0,0.0,0.0,0.0000,12.42,-0.63,-14.27,-3.08
1.9416,1.9341,7.5,0,-353.4,-498.4,-3.0502,-356.5,-503.2,-3.0615,292.8,-272.6,0.0000,320.9,-255.0,-0.0452,-296.3,283.2,0,0.0,0.0,0.0000,12.80,-0.52,-14.27,-3.44
1.9499,1.9428,7.2,0,-350.9,-500.4,-3.0343,-354.0,-505.6,-3.0615,296.5,-268.9,-0.0000,323.7,-252.3,-0.1088,-294.8,285.5,0,0.0,0.0,0.0000,13.75,-0.30,-14.22,-3.76
1.9581,1.9515,6.6,0,-349.0,-503.3,-3.0469,-351.4,-507.9,-3.0615,299.2,-265.2,0.0000,327.8,-246.6,-0.0584,-303.0,276.5,0,0.0,0.0,0.0000,13.34,-0.16,-13.74,-3.72
1.9660,1.9595,6.5,0,-345.7,-504.9,-3.0407,-349.0,-510.0,-3.0615,301.6,-261.8,-0.0000,327.7,-244.3,-0.0832,-301.4,276.1,0,0.0,0.0,0.0000,13.22,-0.45,-13.54,-3.53
1.9743,1.9677,6.6,0,-343.8,-506.8,-3.0391,-346.5,-512.1,-3.0615,304.7,-258.7,-0.0000,332.1,-241.1,-0.0895,-305.7,273.9,0,0.0,0.0,0.0000,12.84,-0.04,-14.04,-3.35
1.9825,1.9775,5.0,0,-340.6,-509.0,-3.0512,-343.5,-514.7,-3.0615,308.3,-255.0,-0.0000,332.9,-236.4,-0.0413,-310.2,265.5,0,0.0,0.0,0.0000,13.38,0.65,-14.07,-3.65
1.9906,1.9852,5.4,0,-338.8,-510.7,-3.0495,-341.1,-516.6,-3.0615,310.6,-252.2,0.0000,337.3,-233.8,-0.0480,-314.4,263.8,0,0.0,0.0,0.0000,12.32,0.77,-13.69,-4.19
1.9985,1.9929,5.7,0,-336.1,-512.8,-3.0401,-338.7,-518.5,-3.0615,313.1,-249.3,0.0000,338.2,-230.5,-0.0855,-313.1,263.6,0,0.0,0.0,0.0000,13.81,0.82,-13.72,-4.23
2.0062,2.0016,4.6,0,-332.3,-514.3,-3.0437,-336.0,-520.7,-3.0615,316.4,-245.0,0.0000,336.2,-228.4,-0.0712,-312.2,260.2,0,0.0,0.0,0.0000,13.89,0.70,-14.19,-4.15
2.0146,2.0102,4.5,0,-330.2,-516.7,-3.0486,-333.2,-522.8,-3.0615,319.3,-241.1,0.0000,340.6,-224.0,-0.0514,-318.3,254.7,0,0.0,0.0,0.0000,13.58,0.20,-13.98,-3.97
2.0217,2.0185,3.2,0,-327.3,-518.3,-3.0493,-330.6,-524.8,-3.0615,321.4,-237.8,-0.0000,340.5,-221.1,-0.0486,-318.7,251.5,0,0.0,0.0,0.0000,14.85,1.19,-12.34,-4.26
2.0299,2.0273,2.6,0,-324.6,-520.4,-3.0319,-327.7,-526.9,-3.0615,324.0,-234.2,0.0000,342.7,-215.8,-0.1185,-317.0,252.0,0,0.0,0.0,0.0000,13.74,1.80,-4.90,-4.04
2.0377,2.0364,1.2,0,-322.3,-522.5,-3.0498,-324.8,-529.0,-3.0615,327.0,-230.4,-0.0000,345.4,-210.7,-0.0467,-324.7,241.5,0,0.0,0.0,0.0000,14.59,1.84,-12.10,-3.69
2.0460,2.0437,2.3,0,-319.5,-524.0,-3.0481,-322.4,-530.6,-3.0615,329.3,-227.3,-0.0000,347.2,-208.7,-0.0534,-326.2,240.2,0,0.0,0.0,0.0000,13.84,1.73,-14.86,-4.09
2.0538,2.0524,1.4,0,-317.1,-525.5,-3.0320,-319.5,-532.6,-3.0615,332.0,-223.3,-0.0000,349.6,-205.6,-0.1179,-325.0,242.6,0,0.0,0.0,0.0000,14.37,2.15,-15.13,-4.06
2.0622,2.0609,1.2,0,-313.8,-526.8,-3.0397,-316.7,-534.5,-3.0615,334.7,-219.2,0.0000,349.9,-203.1,-0.0869,-327.4,237.6,0,0.0,0.0,0.0000,13.88,1.81,-13.90,-4.12
2.0704,2.0692,1.2,0,-311.0,-529.3,-3.0340,-313.9,-536.3,-3.0615,337.5,-214.8,-0.0000,351.9,-197.1,-0.1098,-328.7,233.8,0,0.0,0.0,0.0000,14.22,2.33,-13.35,-4.28
2.0780,2.0779,0.1,0,-308.4,-531.0,-3.0357,-310.9,-538.1,-3.0615,339.7,-211.1,0.0000,353.6,-193.4,-0.1030,-331.2,229.7,0,0.0,0.0,0.0000,14.46,2.78,-13.10,-4.15
2.0862,2.0861,0.1,0,-304.9,-532.7,-3.0261,-308.1,-539.9,-3.0615,341.5,-207.8,-0.0000,353.3,-189.8,-0.1415,-329.1,229.3,0,0.0,0.0,0.0000,14.74,3.25,-13.72,-3.96
2.0939,2.0861,7.8,0,-304.9,-532.7,-3.0261,-308.1,-539.9,-3.0615,341.5,-207.8,-0.0000,363.1,-190.8,-0.1415,-338.6,231.3,0,0.0,0.0,0.0000,15.13,3.42,-12.46,-3.70
2.1025,2.0944,8.1,0,-302.9,-533.6,-3.0197,-305.3,-541.6,-3.0615,343.8,-204.4,0.0000,368.0,-189.0,-0.1672,-342.3,232.3,0,0.0,0.0,0.0000,15.95,3.64,-11.43,-3.13
2.1097,2.1033,6.4,0,-299.0,-535.7,-3.0173,-302.2,-543.4,-3.0615,346.3,-201.0,0.0000,365.1,-183.0,-0.1768,-339.6,226.8,0,0.0,0.0,0.0000,15.11,3.69,-11.82,-1.62
2.1183,2.1118,6.4,0,-296.7,-537.6,-3.0240,-299.3,-545.1,-3.0615,348.7,-196.3,-0.0000,368.8,-178.0,-0.1500,-345.3,220.0,0,0.0,0.0,0.0000,15.25,3.51,-13.00,-0.65
2.1266,2.1198,6.8,0,-293.4,-539.2,-3.0135,-296.5,-546.6,-3.0615,350.9,-191.8,-0.0000,369.4,-174.5,-0.1918,-344.1,220.2,0,0.0,0.0,0.0000,14.78,3.25,-13.26,-2.62
2.1340,2.1284,5.6,0,-290.7,-540.1,-3.0121,-293.4,-548.2,-3.0615,352.9,-188.1,-0.0000,370.5,-172.5,-0.1977,-345.1,218.9,0,0.0,0.0,0.0000,15.31,2.91,-13.20,-4.69
2.1425,2.1367,5.8,0,-287.8,-541.9,-3.0084,-290.5,-549.8,-3.0615,354.8,-184.5,-0.0000,373.1,-167.1,-0.2123,-347.6,215.2,0,0.0,0.0,0.0000,14.04,2.82,-12.65,-5.11
2.1511,2.1451,6.0,0,-283.9,-542.9,-3.0083,-287.5,-551.3,-3.0615,356.8,-180.2,-0.0000,372.4,-164.1,-0.2127,-347.3,212.1,0,0.0,0.0,0.0000,13.58,2.31,-12.83,-5.15
2.1577,2.1538,3.9,0,-282.5,-544.4,-3.0140,-284.4,-552.9,-3.0615,358.8,-176.0,0.0000,376.1,-159.4,-0.1899,-352.7,206.0,0,0.0,0.0,0.0000,14.44,2.73,-13.72,-5.34
2.1666,2.1623,4.3,0,-278.8,-547.0,-3.0030,-281.3,-554.4,-3.0615,360.9,-172.3,0.0000,376.0,-152.0,-0.2341,-351.4,202.5,0,0.0,0.0,0.0000,14.61,2.84,-12.86,-6.07
2.1741,2.1705,3.6,0,-276.3,-547.8,-3.0071,-278.4,-555.7,-3.0615,362.8,-168.6,-0.0000,377.3,-150.6,-0.2176,-353.7,199.8,0,0.0,0.0,0.0000,14.55,2.68,-14.01,-5.83
2.1818,2.1803,1.4,0,-271.7,-550.0,-2.9935,-274.8,-557.4,-3.0615,365.3,-163.7,0.0000,373.0,-144.1,-0.2717,-347.7,197.5,0,0.0,0.0,0.0000,14.29,2.46,-14.61,-5.68
2.1900,2.1877,2.3,0,-270.0,-551.1,-3.0042,-272.1,-558.6,-3.0615,366.8,-160.0,-0.0000,378.8,-139.7,-0.2291,-356.1,190.2,0,0.0,0.0,0.0000,14.25,2.71,-14.07,-6.08
2.1985,2.1961,2.5,0,-267.6,-553.4,-3.0020,-269.0,-559.9,-3.0615,368.3,-155.3,-0.0000,382.4,-132.2,-0.2377,-360.3,184.1,0,0.0,0.0,0.0000,14.43,2.68,-14.30,-6.28
2.2057,2.2042,1.4,0,-264.0,-554.1,-3.0048,-266.0,-561.1,-3.0615,369.9,-151.4,0.0000,380.6,-129.6,-0.2265,-359.4,180.3,0,0.0,0.0,0.0000,14.02,1.99,-14.73,-6.72
2.2143,2.2131,1.2,0,-260.9,-556.2,-3.0168,-262.7,-562.5,-3.0615,371.6,-147.8,0.0000,382.4,-122.7,-0.1788,-364.2,169.4,0,0.0,0.0,0.0000,13.67,2.52,-15.00,-6.56
2.2220,2.2209,1.1,0,-256.9,-557.9,-3.0053,-259.8,-563.6,-3.0615,373.3,-143.9,0.0000,380.4,-117.5,-0.2247,-361.0,168.1,0,0.0,0.0,0.0000,13.72,2.86,-14.31,-6.92
2.2301,2.2300,0.1,0,-255.0,-559.1,-3.0217,-256.4,-564.9,-3.0615,375.7,-138.9,-0.0000,384.7,-113.3,-0.1589,-368.4,158.4,0,0.0,0.0,0.0000,13.80,2.72,-14.61,-6.98
2.2385,2.2300,8.4,0,-255.0,-559.1,-3.0217,-256.4,-564.9,-3.0615,375.7,-138.9,-0.0000,394.4,-112.3,-0.1589,-378.1,158.6,0,0.0,0.0,0.0000,13.52,2.79,-14.75,-6.58
2.2468,2.2466,0.1,0,-248.4,-561.8,-3.0163,-250.1,-567.1,-3.0615,378.3,-130.0,0.0000,384.9,-103.4,-0.1807,-369.0,150.6,0,0.0,0.0,0.0000,13.35,2.00,-14.75,-6.76
2.2545,2.2466,7.9,0,-248.4,-561.8,-3.0163,-250.1,-567.1,-3.0615,378.3,-130.0,0.0000,395.3,-102.3,-0.1807,-379.4,150.9,0,0.0,0.0,0.0000,13.56,3.26,-14.85,-7.21
2.2627,2.2551,7.7,0,-244.0,-562.9,-3.0129,-247.0,-568.2,-3.0615,379.3,-126.3,-0.0000,392.3,-97.7,-0.1943,-376.5,147.3,0,0.0,0.0,0.0000,13.34,3.85,-15.03,-7.11
2.2701,2.2638,6.3,0,-242.3,-564.1,-3.0218,-243.6,-569.3,-3.0615,380.2,-122.8,-0.0000,396.1,-92.3,-0.1588,-382.2,139.0,0,0.0,0.0,0.0000,14.27,3.63,-15.53,-7.24
2.2783,2.2719,6.4,0,-238.5,-566.0,-3.0191,-240.6,-570.3,-3.0615,381.9,-118.0,0.0000,394.7,-85.1,-0.1695,-381.3,132.7,0,0.0,0.0,0.0000,12.73,4.10,-15.40,-7.65
2.2860,2.2846,1.4,0,-236.0,-567.1,-3.0197,-235.7,-571.7,-3.0615,384.2,-110.9,0.0000,397.3,-80.4,-0.1670,-384.6,128.1,0,0.0,0.0,0.0000,12.87,4.44,-14.80,-8.10
2.2947,2.2890,5.8,0,-231.5,-568.9,-3.0171,-234.0,-572.2,-3.0615,384.8,-108.7,0.0000,394.7,-73.3,-0.1774,-382.5,121.8,0,0.0,0.0,0.0000,13.36,3.75,-14.50,-8.26
2.3026,2.2976,5.0,0,-229.3,-569.8,-3.0259,-230.7,-573.1,-3.0615,386.1,-104.2,-0.0000,397.0,-70.1,-0.1423,-386.3,115.4,0,0.0,0.0,0.0000,13.82,3.90,-14.07,-7.91
2.3106,2.3058,4.7,0,-225.9,-571.3,-3.0487,-227.5,-574.0,-3.0615,387.6,-100.4,-0.0000,396.7,-63.6,-0.0510,-389.1,100.1,0,0.0,0.0,0.0000,14.15,3.35,-14.35,-8.14
2.3179,2.3143,3.6,0,-222.9,-572.9,-3.0268,-224.2,-574.8,-3.0615,388.8,-96.2,-0.0000,397.3,-56.1,-0.1388,-388.3,101.3,0,0.0,0.0,0.0000,11.82,3.51,-14.15,-8.74
2.3261,2.3228,3.3,0,-219.0,-574.1,-3.0330,-220.9,-575.6,-3.0615,389.1,-91.8,-0.0000,396.0,-50.0,-0.1137,-388.3,92.6,0,0.0,0.0,0.0000,8.20,3.56,-14.34,-8.28
2.3347,2.3311,3.6,0,-215.8,-574.9,-3.0378,-217.6,-576.3,-3.0615,389.9,-87.5,0.0000,396.5,-45.7,-0.0946,-389.7,86.6,0,0.0,0.0,0.0000,10.17,3.72,-14.41,-8.13
2.3421,2.3395,2.6,0,-213.3,-577.4,-3.0445,-214.4,-577.1,-3.0615,391.6,-83.2,-0.0000,398.1,-36.4,-0.0678,-392.7,74.8,0,0.0,0.0,0.0000,12.36,4.19,-13.85,-8.43
2.3498,2.3483,1.4,0,-210.8,-577.9,-3.0513,-210.9,-577.8,-3.0615,392.6,-78.4,-0.0000,399.8,-32.9,-0.0408,-395.2,68.8,0,0.0,0.0,0.0000,14.08,5.40,-13.88,-8.39
2.3600,2.3564,3.7,0,-207.5,-579.1,-3.0476,-207.8,-578.4,-3.0615,392.9,-73.8,-0.0000,402.4,-26.0,-0.0555,-398.2,63.7,0,0.0,0.0,0.0000,13.24,5.72,-14.08,-8.14
2.3657,2.3656,0.1,0,-203.4,-580.3,-3.0375,-204.1,-579.0,-3.0615,393.8,-68.9,-0.0000,397.7,-20.5,-0.0961,-393.4,61.7,0,0.0,0.0,0.0000,12.93,5.02,-12.88,-8.33
2.3737,2.3736,0.1,0,-200.9,-581.3,-3.0480,-201.0,-579.6,-3.0615,395.0,-64.7,0.0000,400.1,-14.5,-0.0537,-397.0,51.8,0,0.0,0.0,0.0000,13.27,4.92,-13.43,-8.88
2.3817,2.3816,0.1,0,-197.9,-583.4,-3.0531,-197.8,-580.1,-3.0615,395.5,-60.8,0.0000,400.3,-5.2,-0.0336,-398.3,40.6,0,0.0,0.0,0.0000,13.16,5.71,-12.78,-8.59
2.3904,2.3903,0.1,0,-195.3,-584.4,-3.0477,-194.4,-580.6,-3.0615,395.5,-57.2,-0.0000,402.6,0.8,-0.0551,-400.9,36.9,0,0.0,0.0,0.0000,13.57,5.61,-13.25,-8.07
2.3990,2.3989,0.1,0,-191.7,-585.5,-3.0404,-191.0,-581.1,-3.0615,396.4,-52.0,0.0000,402.0,6.3,-0.0845,-400.6,34.4,0,0.0,0.0,0.0000,14.00,5.37,-13.27,-8.16
2.4065,2.3989,7.7,0,-191.7,-585.5,-3.0404,-191.0,-581.1,-3.0615,396.4,-52.0,0.0000,411.0,9.0,-0.0845,-409.9,32.6,0,0.0,0.0,0.0000,13.99,6.23,-13.56,-8.05
2.4139,2.4071,6.9,0,-189.0,-586.1,-3.0367,-187.7,-581.5,-3.0615,397.6,-46.8,0.0000,411.7,14.1,-0.0992,-410.9,29.1,0,0.0,0.0,0.0000,13.51,6.45,-11.97,-8.18
2.4224,2.4156,6.8,0,-185.0,-586.8,-3.0468,-184.3,-581.9,-3.0615,397.8,-42.5,-0.0000,409.8,19.7,-0.0586,-409.8,19.1,0,0.0,0.0,0.0000,14.43,5.63,-11.89,-7.71
2.4297,2.4241,5.6,0,-182.2,-588.0,-3.0331,-180.9,-582.2,-3.0615,398.1,-38.2,-0.0000,410.6,27.3,-0.1135,-411.1,17.4,0,0.0,0.0,0.0000,14.22,6.53,-12.09,-7.52
2.4380,2.4335,4.5,0,-178.7,-589.7,-3.0435,-177.2,-582.5,-3.0615,398.4,-33.5,0.0000,410.2,36.0,-0.0717,-411.8,4.4,0,0.0,0.0,0.0000,13.55,6.40,-11.59,-8.60
2.4457,2.4408,4.9,0,-175.4,-590.5,-3.0410,-174.3,-582.8,-3.0615,398.7,-29.7,0.0000,408.4,41.6,-0.0819,-410.5,-0.4,0,0.0,0.0,0.0000,13.85,8.34,-11.73,-8.52
2.4541,2.4496,4.5,0,-172.3,-591.5,-3.0415,-170.8,-583.0,-3.0615,399.5,-24.7,-0.0000,408.7,48.0,-0.0801,-411.5,-6.9,0,0.0,0.0,0.0000,13.62,7.91,-11.04,-7.80
2.4622,2.4577,4.6,0,-169.1,-592.4,-3.0284,-167.6,-583.2,-3.0615,400.0,-20.3,0.0000,409.2,54.4,-0.1324,-412.7,-7.8,0,0.0,0.0,0.0000,13.62,6.95,-11.68,-8.02
2.4700,2.4684,1.5,0,-166.2,-592.7,-3.0384,-163.2,-583.4,-3.0615,399.8,-14.2,-0.0000,409.6,59.0,-0.0921,-413.5,-16.5,0,0.0,0.0,0.0000,13.07,7.49,-10.72,-9.18
2.4783,2.4748,3.4,0,-162.7,-593.5,-3.0237,-160.7,-583.4,-3.0615,399.8,-10.9,0.0000,408.6,65.8,-0.1513,-413.5,-17.2,0,0.0,0.0,0.0000,14.04,7.77,-11.98,-9.47
2.4865,2.4830,3.5,0,-160.1,-593.7,-3.0345,-157.4,-583.5,-3.0615,399.8,-7.4,-0.0000,410.3,70.5,-0.1078,-415.5,-26.2,0,0.0,0.0,0.0000,13.81,8.52,-11.41,-9.39
2.4944,2.4918,2.6,0,-156.6,-594.0,-3.0242,-153.9,-583.6,-3.0615,399.8,-3.0,0.0000,409.1,75.8,-0.1490,-415.1,-27.4,0,0.0,0.0,0.0000,13.15,9.39,-10.93,-9.88
2.5027,2.5026,0.1,0,-153.6,-594.0,-3.0301,-149.6,-583.6,-3.0615,399.6,3.0,0.0000,409.6,80.3,-0.1254,-416.0,-34.2,0,0.0,0.0,0.0000,12.74,10.12,-8.41,-10.10
2.5107,2.5083,2.3,0,-149.5,-594.2,-3.0225,-147.3,-583.5,-3.0615,399.8,6.3,-0.0000,406.0,85.6,-0.1559,-413.3,-36.7,0,0.0,0.0,0.0000,12.06,9.12,-6.47,-9.64
2.5185,2.5171,1.4,0,-146.5,-594.6,-3.0305,-143.8,-583.5,-3.0615,400.4,11.8,0.0000,405.6,90.8,-0.1239,-413.1,-45.3,0,0.0,0.0,0.0000,11.80,9.21,-7.93,-10.52
2.5258,2.5257,0.1,0,-142.8,-594.8,-3.0234,-140.3,-583.3,-3.0615,400.0,16.4,0.0000,403.1,94.8,-0.1522,-411.5,-46.6,0,0.0,0.0,0.0000,12.12,9.37,-9.51,-11.33
2.5343,2.5257,8.6,0,-142.8,-594.8,-3.0234,-140.3,-583.3,-3.0615,400.0,16.4,0.0000,412.5,99.5,-0.1522,-421.3,-50.2,0,0.0,0.0,0.0000,12.95,9.22,-10.49,-10.85
2.5426,2.5425,0.1,0,-136.7,-595.3,-3.0095,-133.7,-583.0,-3.0615,398.8,24.7,-0.0000,402.8,106.9,-0.2078,-413.4,-52.9,0,0.0,0.0,0.0000,12.57,10.60,-9.84,-11.19
2.5504,2.5425,7.9,0,-136.7,-595.3,-3.0095,-133.7,-583.0,-3.0615,398.8,24.7,-0.0000,411.3,111.8,-0.2078,-422.5,-56.6,0,0.0,0.0,0.0000,11.73,10.22,-10.31,-11.65
2.5585,2.5510,7.5,0,-133.8,-594.7,-3.0275,-130.3,-582.8,-3.0615,399.0,28.9,0.0000,411.7,114.5,-0.1359,-422.1,-66.9,0,0.0,0.0,0.0000,11.49,10.44,-10.35,-11.53
2.5666,2.5590,7.6,0,-130.0,-595.2,-3.0158,-127.1,-582.5,-3.0615,398.6,33.3,-0.0000,409.5,121.1,-0.1825,-421.4,-68.8,0,0.0,0.0,0.0000,11.15,9.26,-10.20,-11.97
2.5743,2.5705,3.7,0,-127.6,-594.3,-3.0297,-122.5,-582.1,-3.0615,398.1,39.6,0.0000,410.7,123.8,-0.1272,-422.0,-77.2,0,0.0,0.0,0.0000,11.34,9.78,-9.79,-11.84
2.5825,2.5772,5.3,0,-123.9,-594.5,-3.0214,-119.8,-581.8,-3.0615,397.9,43.2,-0.0000,408.7,129.6,-0.1602,-421.3,-79.7,0,0.0,0.0,0.0000,11.41,10.03,-9.47,-12.04
2.5902,2.5848,5.4,0,-121.0,-593.8,-3.0294,-116.8,-581.5,-3.0615,397.5,47.4,0.0000,407.7,131.7,-0.1283,-419.9,-85.2,0,0.0,0.0,0.0000,10.18,11.12,-9.89,-12.28
2.5985,2.5938,4.7,0,-117.2,-593.8,-3.0251,-113.2,-581.0,-3.0615,396.7,52.4,-0.0000,405.0,137.1,-0.1457,-418.2,-89.1,0,0.0,0.0,0.0000,9.93,10.51,-9.30,-12.93
2.6067,2.6030,3.7,0,-114.2,-593.3,-3.0331,-109.6,-580.5,-3.0615,395.9,57.2,0.0000,404.8,143.0,-0.1134,-417.9,-98.4,0,0.0,0.0,0.0000,10.61,10.46,-9.26,-13.31
2.6146,2.6101,4.4,0,-111.9,-592.1,-3.0513,-106.8,-580.1,-3.0615,395.5,60.1,-0.0000,406.2,145.2,-0.0406,-417.6,-108.0,0,0.0,0.0,0.0000,10.62,10.40,-9.10,-13.77
2.6218,2.6184,3.4,0,-108.5,-591.8,-3.0463,-103.5,-579.6,-3.0615,394.8,64.1,-0.0000,403.2,148.3,-0.0606,-415.5,-109.3,0,0.0,0.0,0.0000,9.18,10.66,-9.22,-13.93
2.6307,2.6269,3.8,0,-105.1,-591.6,-3.0541,-100.1,-579.0,-3.0615,393.5,69.5,0.0000,402.1,153.9,-0.0293,-414.0,-118.2,0,0.0,0.0,0.0000,8.60,12.42,-9.64,-13.63
2.6379,2.6366,1.4,0,-101.5,-590.7,-3.0567,-96.3,-578.3,-3.0615,392.5,74.8,0.0000,399.5,156.4,-0.0190,-411.3,-122.0,0,0.0,0.0,0.0000,8.80,11.92,-8.95,-13.57
2.6459,2.6436,2.3,0,-98.3,-590.4,-3.0600,-93.6,-577.8,-3.0615,392.1,78.1,-0.0000,398.0,161.4,-0.0057,-409.8,-128.4,0,0.0,0.0,0.0000,7.93,9.85,-8.77,-13.61
2.6537,2.6523,1.3,0,-95.8,-589.5,-3.0656,-90.2,-577.1,-3.0615,391.3,82.6,0.0000,398.0,164.4,0.0166,-409.3,-133.7,0,0.0,0.0,0.0000,8.31,10.30,-9.04,-13.82
2.6620,2.6607,1.3,0,-92.2,-588.3,-3.0548,-86.9,-576.4,-3.0615,390.8,87.5,0.0000,395.2,167.1,-0.0268,-408.2,-132.2,0,0.0,0.0,0.0000,8.35,11.66,-8.29,-14.81
2.6697,2.6696,0.1,0,-89.5,-587.0,-3.0623,-83.4,-575.6,-3.0615,389.7,91.7,0.0000,394.4,170.1,0.0034,-406.6,-138.4,0,0.0,0.0,0.0000,8.03,11.91,-7.52,-14.38
2.6778,2.6777,0.1,0,-86.3,-585.4,-3.0728,-80.3,-574.8,-3.0615,388.2,94.9,0.0000,392.8,171.9,0.0452,-403.7,-144.5,0,0.0,0.0,0.0000,7.28,11.14,-8.27,-14.10
2.6866,2.6777,8.9,0,-86.3,-585.4,-3.0728,-80.3,-574.8,-3.0615,388.2,94.9,0.0000,402.0,177.5,0.0452,-413.3,-149.4,0,0.0,0.0,0.0000,7.32,11.11,-7.67,-14.28
2.6938,2.6937,0.1,0,-80.2,-583.8,-3.0736,-74.1,-573.2,-3.0615,386.2,105.2,-0.0000,390.8,178.3,0.0485,-402.0,-151.3,0,0.0,0.0,0.0000,8.25,11.66,-7.58,-13.66
2.7022,2.6937,8.4,0,-80.2,-583.8,-3.0736,-74.1,-573.2,-3.0615,386.2,105.2,-0.0000,398.1,185.8,0.0485,-409.8,-158.3,0,0.0,0.0,0.0000,8.37,11.83,-6.87,-13.69
2.7106,2.7031,7.5,0,-76.8,-583.3,-3.0758,-70.5,-572.2,-3.0615,384.8,109.6,-0.0000,395.8,191.4,0.0572,-407.6,-165.0,0,0.0,0.0,0.0000,9.39,9.20,-6.24,-14.51
2.7180,2.7110,6.9,0,-74.0,-581.1,-3.0671,-67.4,-571.3,-3.0615,383.5,113.0,-0.0000,394.4,191.0,0.0224,-407.5,-161.1,0,0.0,0.0,0.0000,8.45,8.32,-6.20,-14.62
2.7257,2.7222,3.5,0,-70.7,-579.5,-3.0858,-63.1,-570.0,-3.0615,382.3,118.7,0.0000,392.0,192.7,0.0975,-402.1,-170.6,0,0.0,0.0,0.0000,7.50,11.10,-6.10,-13.97
2.7346,2.7282,6.4,0,-67.0,-578.1,-3.0729,-60.8,-569.3,-3.0615,381.6,121.7,-0.0000,389.5,196.2,0.0458,-402.1,-169.0,0,0.0,0.0,0.0000,8.66,12.77,-5.97,-14.76
2.7421,2.7365,5.6,0,-64.2,-577.3,-3.0762,-57.6,-568.3,-3.0615,379.8,125.7,0.0000,388.1,200.2,0.0588,-400.3,-174.4,0,0.0,0.0,0.0000,8.35,13.39,-5.60,-15.27
2.7500,2.7451,4.9,0,-61.4,-575.8,-3.0839,-54.4,-567.2,-3.0615,378.1,129.9,-0.0000,386.6,202.4,0.0896,-397.7,-179.7,0,0.0,0.0,0.0000,8.71,13.35,-5.64,-15.85
2.7581,2.7526,5.4,0,-57.7,-574.0,-3.0749,-51.6,-566.2,-3.0615,376.6,134.5,-0.0000,382.6,203.9,0.0535,-395.4,-178.0,0,0.0,0.0,0.0000,7.56,14.02,-5.40,-11.35
2.7664,2.7618,4.6,0,-54.8,-572.1,-3.0772,-48.1,-564.9,-3.0615,374.7,139.7,0.0000,380.8,205.7,0.0627,-393.2,-180.8,0,0.0,0.0,0.0000,9.13,14.59,-5.29,-11.29
2.7744,2.7706,3.8,0,-51.7,-571.3,-3.0729,-44.8,-563.7,-3.0615,373.7,142.8,-0.0000,378.4,210.7,0.0457,-392.0,-184.2,0,0.0,0.0,0.0000,8.47,14.42,-4.57,-12.92
2.7822,2.7789,3.4,0,-48.8,-569.9,-3.0777,-41.7,-562.5,-3.0615,372.2,146.5,-0.0000,376.9,214.0,0.0650,-389.8,-189.5,0,0.0,0.0,0.0000,9.07,14.74,-4.66,-13.59
2.7898,2.7874,2.4,0,-45.4,-568.0,-3.0654,-38.6,-561.2,-3.0615,369.9,151.4,-0.0000,373.2,215.3,0.0157,-388.5,-186.3,0,0.0,0.0,0.0000,7.89,12.63,-4.34,-14.68
2.7985,2.7961,2.4,0,-42.2,-565.4,-3.0856,-35.4,-559.9,-3.0615,368.0,155.9,-0.0000,371.3,215.4,0.0967,-382.7,-194.3,0,0.0,0.0,0.0000,7.81,15.44,-4.27,-14.58
2.8060,2.8045,1.4,0,-38.9,-564.2,-3.0666,-32.3,-558.6,-3.0615,366.4,160.0,0.0000,367.6,218.6,0.0207,-383.0,-190.5,0,0.0,0.0,0.0000,7.36,14.50,-3.83,-14.38
2.8141,2.8129,1.2,0,-36.5,-562.3,-3.0705,-29.2,-557.2,-3.0615,364.8,164.1,-0.0000,366.7,220.5,0.0363,-381.4,-193.9,0,0.0,0.0,0.0000,8.56,15.46,-3.98,-14.54
2.8224,2.8129,9.5,0,-36.5,-562.3,-3.0705,-29.2,-557.2,-3.0615,364.8,164.1,-0.0000,373.2,228.4,0.0363,-388.5,-201.3,0,0.0,0.0,0.0000,7.76,16.84,-4.50,-14.32
2.8307,2.8293,1.4,0,-29.8,-557.8,-3.0707,-23.3,-554.5,-3.0615,361.4,172.0,-0.0000,359.8,223.4,0.0369,-374.8,-197.3,0,0.0,0.0,0.0000,6.27,16.92,-4.00,-14.12
2.8384,2.8293,9.2,0,-29.8,-557.8,-3.0707,-23.3,-554.5,-3.0615,361.4,172.0,-0.0000,366.1,231.0,0.0369,-381.6,-204.4,0,0.0,0.0,0.0000,6.70,17.18,-3.58,-15.28
2.8456,2.8392,6.4,0,-26.8,-556.3,-3.0667,-19.7,-552.7,-3.0615,359.2,176.3,0.0000,363.3,232.9,0.0208,-379.7,-205.0,0,0.0,0.0,0.0000,6.31,15.44,-3.70,-15.73
2.8538,2.8474,6.3,0,-23.5,-554.2,-3.0682,-16.7,-551.3,-3.0615,356.9,180.4,0.0000,359.7,234.7,0.0269,-375.9,-207.7,0,0.0,0.0,0.0000,7.73,16.20,-4.11,-15.08
2.8625,2.8553,7.2,0,-20.8,-551.9,-3.0668,-13.9,-549.8,-3.0615,354.6,184.2,-0.0000,357.9,236.6,0.0213,-374.6,-209.2,0,0.0,0.0,0.0000,8.46,16.58,-3.70,-16.04
2.8702,2.8637,6.4,0,-18.1,-550.6,-3.0617,-11.0,-548.3,-3.0615,352.7,188.4,-0.0000,355.6,240.4,0.0010,-373.6,-211.2,0,0.0,0.0,0.0000,7.11,16.54,-3.67,-14.86
2.8785,2.8717,6.9,0,-14.4,-548.1,-3.0597,-8.2,-546.7,-3.0615,350.8,192.4,-0.0000,350.8,241.4,-0.0070,-369.4,-211.9,0,0.0,0.0,0.0000,6.49,15.53,-3.42,-14.66
2.8864,2.8806,5.8,0,-12.1,-545.4,-3.0603,-5.0,-545.0,-3.0615,348.8,196.3,0.0000,349.6,241.5,-0.0046,-368.0,-212.4,0,0.0,0.0,0.0000,6.62,14.12,-3.01,-15.34
2.8947,2.8891,5.6,0,-9.1,-543.9,-3.0646,-2.1,-543.3,-3.0615,346.9,200.2,-0.0000,346.2,245.6,0.0126,-364.0,-218.3,0,0.0,0.0,0.0000,6.54,14.97,-3.13,-15.41
2.9023,2.8972,5.2,0,-6.4,-541.6,-3.0646,0.7,-541.7,-3.0615,344.1,203.7,-0.0000,343.2,246.8,0.0125,-361.2,-219.6,0,0.0,0.0,0.0000,6.39,15.39,-3.40,-15.55
2.9103,2.9054,4.9,0,-3.8,-538.4,-3.0677,3.5,-540.0,-3.0615,341.6,207.4,-0.0000,341.4,245.4,0.0249,-358.6,-219.5,0,0.0,0.0,0.0000,6.08,15.81,-3.66,-15.22
2.9187,2.9142,4.4,0,-0.5,-536.7,-3.0565,6.5,-538.1,-3.0615,339.2,211.9,-0.0000,337.5,249.1,-0.0199,-357.5,-219.5,0,0.0,0.0,0.0000,6.34,15.86,-3.16,-15.00
2.9257,2.9223,3.5,0,2.7,-534.5,-3.0604,9.3,-536.4,-3.0615,337.0,215.7,-0.0000,332.9,249.8,-0.0043,-352.0,-222.0,0,0.0,0.0,0.0000,5.00,15.78,-3.06,-15.20
2.9338,2.9313,2.6,0,5.3,-531.5,-3.0594,12.3,-534.5,-3.0615,334.7,219.1,0.0000,330.8,249.5,-0.0081,-350.1,-221.5,0,0.0,0.0,0.0000,5.08,15.81,-3.23,-15.14
2.9421,2.9398,2.3,0,8.8,-530.3,-3.0648,15.1,-532.6,-3.0615,332.3,222.7,-0.0000,324.9,255.3,0.0134,-343.5,-229.6,0,0.0,0.0,0.0000,6.28,15.40,-3.01,-15.66
2.9502,2.9477,2.5,0,11.1,-528.0,-3.0574,17.7,-530.8,-3.0615,329.7,226.4,0.0000,323.0,256.9,-0.0161,-343.5,-228.9,0,0.0,0.0,0.0000,5.92,16.12,-2.92,-16.07
2.9578,2.9564,1.4,0,13.9,-524.6,-3.0652,20.6,-528.8,-3.0615,327.1,230.2,-0.0000,319.6,254.6,0.0149,-338.1,-229.5,0,0.0,0.0,0.0000,6.01,16.18,-3.18,-15.87
2.9664,2.9651,1.3,0,17.0,-523.2,-3.0678,23.4,-526.8,-3.0615,324.4,234.1,0.0000,315.8,259.7,0.0254,-334.1,-235.7,0,0.0,0.0,0.0000,5.15,16.56,-2.97,-15.54
2.9743,2.9730,1.2,0,20.3,-519.4,-3.0698,26.0,-524.9,-3.0615,321.8,237.6,-0.0000,310.7,257.3,0.0334,-328.3,-234.3,0,0.0,0.0,0.0000,3.33,16.17,-2.02,-15.38
2.9820,2.9818,0.2,0,23.4,-517.5,-3.0695,28.8,-522.8,-3.0615,318.5,241.6,-0.0000,306.0,260.0,0.0319,-324.0,-237.2,0,0.0,0.0,0.0000,2.16,14.22,-2.62,-15.40
2.9904,2.9903,0.1,0,25.3,-516.0,-3.0714,31.5,-520.8,-3.0615,315.9,245.1,-0.0000,305.7,264.7,0.0397,-323.6,-242.6,0,0.0,0.0,0.0000,3.42,15.97,-3.01,-16.29
2.9977,2.9903,7.4,0,25.3,-516.0,-3.0714,31.5,-520.8,-3.0615,315.9,245.1,-0.0000,309.9,272.8,0.0397,-328.3,-250.4,0,0.0,0.0,0.0000,5.04,15.94,-2.66,-16.08
3.0063,2.9993,7.0,0,28.6,-512.9,-3.0591,34.3,-518.5,-3.0615,313.2,248.7,0.0000,304.1,273.4,-0.0096,-325.6,-247.4,0,0.0,0.0,0.0000,5.34,17.32,-2.42,-15.20
3.0144,3.0069,7.5,0,31.9,-510.5,-3.0670,36.7,-516.6,-3.0615,310.8,251.8,0.0000,298.6,275.6,0.0221,-318.3,-252.6,0,0.0,0.0,0.0000,5.41,16.08,-2.01,-14.87
3.0222,3.0158,6.4,0,35.3,-509.0,-3.0626,39.4,-514.4,-3.0615,308.3,255.3,-0.0000,292.5,280.5,0.0047,-313.7,-256.6,0,0.0,0.0,0.0000,5.29,15.84,-2.49,-14.26
3.0304,3.0238,6.6,0,37.9,-505.7,-3.0659,41.9,-512.3,-3.0615,305.0,258.9,0.0000,288.9,279.8,0.0178,-309.3,-257.2,0,0.0,0.0,0.0000,4.75,15.89,-2.33,-14.94
3.0379,3.0329,5.0,0,40.3,-503.4,-3.0746,44.7,-510.0,-3.0615,301.4,263.0,-0.0000,286.0,280.5,0.0524,-304.2,-260.7,0,0.0,0.0,0.0000,5.66,15.42,-2.69,-15.52
3.0462,3.0408,5.5,0,43.1,-501.3,-3.0689,47.0,-507.9,-3.0615,298.8,265.7,0.0000,281.7,283.6,0.0297,-301.5,-262.4,0,0.0,0.0,0.0000,5.86,16.28,-2.46,-15.46
3.0537,3.0491,4.6,0,45.3,-497.7,-3.0721,49.5,-505.7,-3.0615,296.0,268.7,-0.0000,278.4,282.0,0.0427,-297.3,-262.0,0,0.0,0.0,0.0000,5.83,16.76,-2.22,-14.70
3.0626,3.0580,4.6,0,48.9,-496.4,-3.0689,52.1,-503.2,-3.0615,292.9,272.4,-0.0000,271.9,289.0,0.0297,-292.2,-268.5,0,0.0,0.0,0.0000,5.25,15.10,-1.66,-14.28
3.0698,3.0674,2.4,0,52.0,-493.9,-3.0675,54.8,-500.7,-3.0615,289.7,276.1,0.0000,265.7,289.9,0.0242,-286.4,-269.4,0,0.0,0.0,0.0000,4.48,15.67,-1.75,-15.14
3.0778,3.0744,3.4,0,54.7,-491.5,-3.0636,56.9,-498.7,-3.0615,287.4,278.5,-0.0000,261.2,292.3,0.0085,-283.2,-271.1,0,0.0,0.0,0.0000,4.56,15.03,-1.40,-14.24
3.0867,3.0831,3.6,0,57.4,-489.6,-3.0720,59.4,-496.3,-3.0615,284.2,281.8,0.0000,257.7,296.3,0.0422,-277.7,-277.6,0,0.0,0.0,0.0000,5.10,13.89,-1.74,-14.52
3.0939,3.0915,2.4,0,59.6,-487.1,-3.0787,61.7,-493.9,-3.0615,280.3,285.2,-0.0000,254.2,297.0,0.0690,-272.4,-280.4,0,0.0,0.0,0.0000,5.27,13.38,-1.77,-14.51
3.1019,3.0915,10.3,0,59.6,-487.1,-3.0787,61.7,-493.9,-3.0615,280.3,285.2,-0.0000,257.5,307.0,0.0690,-276.3,-290.2,0,0.0,0.0,0.0000,4.63,13.90,-2.27,-14.30
3.1098,3.1083,1.4,0,64.2,-482.5,-3.0743,66.4,-489.0,-3.0615,273.8,292.2,-0.0000,246.6,302.9,0.0511,-266.4,-285.6,0,0.0,0.0,0.0000,4.30,13.98,-1.56,-14.34
3.1181,3.1168,1.3,0,67.1,-479.4,-3.0762,68.7,-486.5,-3.0615,270.6,295.0,-0.0000,240.2,303.3,0.0590,-259.5,-286.9,0,0.0,0.0,0.0000,4.21,13.86,-0.31,-14.30
3.1264,3.1252,1.2,0,69.7,-477.0,-3.0725,71.0,-484.1,-3.0615,267.6,296.8,0.0000,235.3,306.2,0.0441,-255.8,-289.3,0,0.0,0.0,0.0000,3.57,-29.21,0.15,-13.68
3.1341,3.1339,0.2,0,72.0,-475.3,-3.0801,73.3,-481.5,-3.0615,264.0,300.0,0.0000,232.2,310.5,0.0744,-250.8,-295.6,0,0.0,0.0,0.0000,3.51,18.29,-0.45,-12.90
3.1417,3.1339,7.8,0,72.0,-475.3,-3.0801,73.3,-481.5,-3.0615,264.0,300.0,0.0000,235.1,319.7,0.0744,-254.3,-304.6,0,0.0,0.0,0.0000,2.72,17.46,-0.05,-13.18
3.1497,3.1423,7.4,0,74.4,-471.9,-3.0641,75.5,-479.0,-3.0615,260.3,303.7,0.0000,230.2,318.3,0.0103,-254.2,-299.6,0,0.0,0.0,0.0000,3.33,15.87,0.02,-13.24
3.1580,3.1504,7.6,0,76.8,-470.2,-3.0746,77.6,-476.5,-3.0615,256.9,306.6,-0.0000,225.6,323.3,0.0527,-246.7,-307.4,0,0.0,0.0,0.0000,3.35,13.93,0.43,-13.02
3.1663,3.1591,7.2,0,78.6,-468.6,-3.0793,79.8,-473.8,-3.0615,253.1,309.8,0.0000,222.6,329.7,0.0713,-242.7,-315.2,0,0.0,0.0,0.0000,3.14,12.90,0.78,-13.01
3.1747,3.1680,6.7,0,80.2,-464.8,-3.0872,82.0,-471.0,-3.0615,249.9,312.2,-0.0000,220.5,328.7,0.1028,-238.0,-316.3,0,0.0,0.0,0.0000,2.59,13.17,1.14,-13.00
3.1819,3.1761,5.8,0,82.8,-463.1,-3.0723,84.0,-468.5,-3.0615,246.9,314.4,0.0000,214.7,331.8,0.0434,-237.1,-316.2,0,0.0,0.0,0.0000,2.19,13.29,1.58,-12.50
3.1902,3.1846,5.6,0,84.4,-460.6,-3.0795,86.1,-465.8,-3.0615,243.3,317.6,0.0000,212.2,334.3,0.0723,-232.5,-320.5,0,0.0,0.0,0.0000,0.68,13.04,1.50,-10.99
3.1981,3.1931,5.0,0,85.3,-457.5,-3.0898,88.2,-463.1,-3.0615,239.8,320.7,-0.0000,211.4,335.1,0.1132,-228.5,-323.7,0,0.0,0.0,0.0000,0.50,13.19,1.59,-7.31
3.2061,3.2059,0.1,0,87.5,-455.7,-3.0733,91.2,-458.9,-3.0615,232.9,324.6,0.0000,207.1,339.3,0.0472,-229.8,-324.4,0,0.0,0.0,0.0000,1.64,12.48,1.67,-9.42
3.2139,3.2095,4.4,0,89.4,-453.1,-3.0677,92.0,-457.8,-3.0615,231.4,325.7,0.0000,203.4,341.0,0.0251,-228.0,-325.0,0,0.0,0.0,0.0000,1.23,12.48,2.15,-11.33
3.2227,3.2181,4.6,0,91.6,-450.1,-3.0778,94.0,-455.0,-3.0615,228.5,328.7,0.0000,198.6,342.9,0.0653,-220.1,-329.5,0,0.0,0.0,0.0000,0.61,12.77,2.26,-10.82
3.2298,3.2272,2.6,0,93.8,-448.4,-3.0729,96.1,-452.0,-3.0615,224.9,331.4,-0.0000,192.6,347.0,0.0458,-216.0,-332.9,0,0.0,0.0,0.0000,-0.09,11.70,2.61,-11.76
3.2386,3.2374,1.2,0,95.1,-445.3,-3.0691,98.3,-448.6,-3.0615,220.2,333.3,0.0000,190.2,348.5,0.0307,-215.0,-333.9,0,0.0,0.0,0.0000,0.08,12.53,3.06,-11.97
3.2458,3.2434,2.4,0,96.6,-443.2,-3.0737,99.7,-446.6,-3.0615,217.4,335.1,0.0000,187.5,351.3,0.0490,-210.9,-337.8,0,0.0,0.0,0.0000,0.10,12.91,3.04,-11.34
3.2545,3.2519,2.6,0,98.0,-440.4,-3.0743,101.5,-443.7,-3.0615,213.5,338.7,-0.0000,184.7,353.8,0.0511,-208.1,-340.6,0,0.0,0.0,0.0000,0.29,12.64,2.89,-11.37
3.2618,3.2606,1.2,0,98.8,-437.3,-3.0784,103.3,-440.8,-3.0615,209.5,341.3,-0.0000,183.1,353.6,0.0679,-205.1,-341.4,0,0.0,0.0,0.0000,-0.11,13.08,2.73,-11.02
3.2701,3.2606,9.5,0,98.8,-437.3,-3.0784,103.3,-440.8,-3.0615,209.5,341.3,-0.0000,184.3,364.0,0.0679,-206.9,-351.6,0,0.0,0.0,0.0000,-0.16,12.62,3.77,-11.01
3.2787,3.2772,1.4,0,101.8,-433.4,-3.0637,106.8,-435.0,-3.0615,202.0,345.1,0.0000,177.3,362.7,0.0089,-205.0,-347.8,0,0.0,0.0,0.0000,-0.63,12.59,3.54,-10.31
3.2863,3.2862,0.1,0,103.4,-430.9,-3.0624,108.5,-431.9,-3.0615,198.0,347.7,0.0000,173.1,364.6,0.0038,-201.4,-349.8,0,0.0,0.0,0.0000,-1.01,12.43,3.98,-10.20
3.2942,3.2941,0.1,0,104.5,-428.9,-3.0683,110.1,-429.2,-3.0615,194.4,349.7,0.0000,169.7,368.2,0.0273,-196.2,-354.8,0,0.0,0.0,0.0000,-1.60,12.33,3.94,-10.56
3.3022,3.2941,8.1,0,104.5,-428.9,-3.0683,110.1,-429.2,-3.0615,194.4,349.7,0.0000,170.1,378.2,0.0273,-197.3,-364.8,0,0.0,0.0,0.0000,-2.04,11.83,3.85,-10.80
3.3109,3.3082,2.7,0,105.3,-425.2,-3.0793,112.8,-424.2,-3.0615,187.9,353.0,-0.0000,169.1,378.9,0.0714,-192.4,-367.7,0,0.0,0.0,0.0000,-1.19,11.75,3.95,-10.94
3.3184,3.3111,7.3,0,107.1,-422.7,-3.0701,113.3,-423.2,-3.0615,186.2,353.9,-0.0000,164.3,380.9,0.0345,-191.0,-368.2,0,0.0,0.0,0.0000,-1.01,11.49,3.88,-11.02
3.3265,3.3194,7.1,0,108.1,-419.8,-3.0765,114.9,-420.3,-3.0615,181.6,356.2,0.0000,161.7,381.8,0.0601,-186.2,-370.4,0,0.0,0.0,0.0000,-1.29,11.28,3.68,-10.22
3.3348,3.3281,6.8,0,109.4,-417.2,-3.0641,116.4,-417.2,-3.0615,177.8,358.2,0.0000,158.0,384.4,0.0104,-187.3,-371.0,0,0.0,0.0,0.0000,-2.71,9.93,4.10,-10.34
3.3423,3.3390,3.3,0,110.5,-415.2,-3.0715,118.3,-413.2,-3.0615,172.9,360.8,0.0000,154.6,388.2,0.0401,-181.4,-376.4,0,0.0,0.0,0.0000,-2.48,12.29,3.50,-10.80
3.3507,3.3451,5.6,0,111.5,-412.5,-3.0810,119.4,-411.0,-3.0615,169.7,362.3,0.0000,151.6,390.7,0.0780,-175.0,-380.8,0,0.0,0.0,0.0000,-2.72,12.51,4.07,-11.00
3.3586,3.3538,4.8,0,113.4,-409.8,-3.0764,120.8,-407.9,-3.0615,165.5,364.3,-0.0000,145.3,392.3,0.0597,-170.6,-382.0,0,0.0,0.0,0.0000,-2.45,10.57,4.33,-10.80
3.3661,3.3618,4.3,0,113.8,-407.4,-3.0783,122.2,-404.9,-3.0615,162.2,365.8,-0.0000,144.2,394.4,0.0674,-168.9,-384.5,0,0.0,0.0,0.0000,-2.50,11.10,3.99,-11.23
3.3746,3.3720,2.6,0,114.9,-403.4,-3.0760,123.8,-401.2,-3.0615,157.3,367.8,-0.0000,141.0,393.2,0.0580,-166.5,-383.1,0,0.0,0.0,0.0000,-3.39,12.27,4.11,-12.16
3.3817,3.3793,2.4,0,115.3,-401.6,-3.0780,124.9,-398.5,-3.0615,152.6,369.1,0.0000,139.6,396.9,0.0662,-164.5,-387.3,0,0.0,0.0,0.0000,-3.52,11.69,4.10,-11.66
3.3897,3.3885,1.3,0,115.8,-398.7,-3.0804,126.3,-395.1,-3.0615,148.0,371.0,-0.0000,137.4,397.7,0.0756,-161.5,-388.5,0,0.0,0.0,0.0000,-3.18,11.26,3.94,-10.63
3.3980,3.3956,2.4,0,117.3,-396.2,-3.0801,127.3,-392.5,-3.0615,145.1,373.1,0.0000,132.2,400.5,0.0743,-156.6,-391.6,0,0.0,0.0,0.0000,-3.27,12.00,4.41,-10.70
3.4058,3.4057,0.1,0,117.6,-394.2,-3.0875,128.8,-388.7,-3.0615,140.3,374.9,-0.0000,129.9,404.6,0.1040,-151.6,-396.9,0,0.0,0.0,0.0000,-4.09,11.69,5.09,-11.59
3.4145,3.4133,1.2,0,118.5,-390.6,-3.1042,129.8,-385.8,-3.0615,136.7,375.9,-0.0000,126.1,404.8,0.1710,-141.2,-399.8,0,0.0,0.0,0.0000,-4.59,11.63,5.09,-11.30
3.4222,3.4210,1.2,0,118.9,-388.4,-3.0955,130.9,-383.0,-3.0615,132.8,377.3,-0.0000,124.5,407.9,0.1362,-143.1,-401.7,0,0.0,0.0,0.0000,-3.70,11.45,5.03,-11.41
3.4310,3.4295,1.5,0,118.8,-385.1,-3.1046,132.0,-379.7,-3.0615,128.2,379.1,-0.0000,124.1,409.1,0.1725,-139.2,-404.2,0,0.0,0.0,0.0000,-3.90,12.72,4.98,-11.66
3.4378,3.4295,8.3,0,118.8,-385.1,-3.1046,132.0,-379.7,-3.0615,128.2,379.1,-0.0000,123.7,417.7,0.1725,-139.1,-412.8,0,0.0,0.0,0.0000,-4.31,15.86,5.32,-11.59
3.4463,3.4462,0.1,0,119.6,-380.0,-3.1132,134.0,-373.4,-3.0615,119.4,381.7,0.0000,119.8,413.0,0.2068,-131.5,-409.5,0,0.0,0.0,0.0000,-5.07,19.67,6.42,-12.71
3.4550,3.4548,0.2,0,120.2,-376.8,-3.1097,135.1,-370.1,-3.0615,115.2,383.0,-0.0000,115.3,414.4,0.1929,-128.5,-410.5,0,0.0,0.0,0.0000,-5.56,19.28,7.22,-14.31
3.4628,3.4548,8.0,0,120.2,-376.8,-3.1097,135.1,-370.1,-3.0615,115.2,383.0,-0.0000,113.7,424.0,0.1929,-127.1,-420.1,0,0.0,0.0,0.0000,-5.05,12.70,6.61,-11.54
3.4699,3.4633,6.6,0,121.0,-373.9,-3.1093,136.0,-366.8,-3.0615,111.2,384.5,-0.0000,110.3,423.5,0.1913,-123.9,-419.7,0,0.0,0.0,0.0000,-5.75,11.09,7.07,-9.14
3.4785,3.4718,6.7,0,120.8,-370.6,-3.1206,136.9,-363.5,-3.0615,106.8,385.4,0.0000,109.3,424.2,0.2365,-118.2,-421.8,0,0.0,0.0,0.0000,-5.64,11.02,7.61,-9.25
3.4859,3.4809,5.0,0,122.5,-367.9,-3.1005,137.9,-360.0,-3.0615,102.1,386.4,-0.0000,102.3,425.5,0.1561,-119.7,-421.0,0,0.0,0.0,0.0000,-5.29,10.70,7.80,-9.30
3.4942,3.4888,5.4,0,121.5,-364.1,-3.1224,138.7,-357.0,-3.0615,97.5,387.7,-0.0000,103.7,424.9,0.2436,-111.9,-422.8,0,0.0,0.0,0.0000,-4.67,11.29,7.69,-8.95
3.5017,3.4969,4.9,0,123.6,-361.7,-3.0949,139.4,-353.8,-3.0615,93.0,388.9,0.0000,96.2,427.0,0.1338,-116.0,-422.0,0,0.0,0.0,0.0000,-4.46,11.11,7.71,-8.89
3.5104,3.5058,4.6,0,122.8,-358.3,-3.1067,140.3,-350.4,-3.0615,88.9,389.9,-0.0000,96.5,427.3,0.1810,-111.4,-423.7,0,0.0,0.0,0.0000,-4.77,12.20,7.65,-8.81
3.5176,3.5130,4.6,0,123.9,-355.6,-3.0923,140.9,-347.6,-3.0615,85.4,390.7,-0.0000,89.7,427.7,0.1235,-110.7,-422.8,0,0.0,0.0,0.0000,-7.63,13.50,8.24,-8.80
3.5267,3.5223,4.4,0,124.6,-352.7,-3.1075,141.7,-343.9,-3.0615,81.2,391.9,0.0000,84.7,430.0,0.1840,-99.3,-426.9,0,0.0,0.0,0.0000,-4.03,11.58,8.41,-9.18
3.5346,3.5309,3.7,0,124.8,-349.2,-3.0959,142.3,-340.5,-3.0615,76.8,392.9,-0.0000,82.5,429.1,0.1378,-102.0,-424.9,0,0.0,0.0,0.0000,-2.30,12.44,7.97,-9.00
3.5426,3.5393,3.3,0,125.3,-346.2,-3.1081,143.0,-337.2,-3.0615,71.3,393.9,0.0000,78.8,430.1,0.1867,-93.2,-427.2,0,0.0,0.0,0.0000,-0.91,12.13,7.99,-9.09
3.5500,3.5474,2.6,0,125.6,-342.9,-3.1109,143.5,-334.0,-3.0615,66.7,394.6,0.0000,75.1,429.1,0.1976,-88.2,-426.6,0,0.0,0.0,0.0000,-3.84,13.16,8.47,-9.28
3.5588,3.5561,2.7,0,126.1,-340.1,-3.1081,144.1,-330.6,-3.0615,62.5,394.5,0.0000,70.6,431.2,0.1867,-84.9,-428.6,0,0.0,0.0,0.0000,-4.26,12.71,8.14,-9.58
3.5658,3.5646,1.2,0,126.3,-336.6,-3.1239,144.6,-327.3,-3.0615,58.1,395.2,-0.0000,67.7,429.1,0.2497,-75.3,-427.8,0,0.0,0.0,0.0000,-6.48,12.26,7.73,-10.10
3.5744,3.5731,1.3,0,126.9,-333.0,-3.1092,145.1,-323.9,-3.0615,53.5,396.5,0.0000,63.0,428.5,0.1911,-76.8,-426.2,0,0.0,0.0,0.0000,-5.09,12.14,8.31,-9.33
3.5829,3.5815,1.4,0,127.1,-329.9,-3.1144,145.5,-320.6,-3.0615,49.5,397.2,-0.0000,58.8,429.9,0.2119,-70.4,-428.2,0,0.0,0.0,0.0000,-4.82,12.25,8.64,-9.28
3.5901,3.5900,0.1,0,128.2,-327.2,-3.0955,145.9,-317.2,-3.0615,45.9,397.9,0.0000,52.6,430.5,0.1361,-72.4,-427.6,0,0.0,0.0,0.0000,-5.15,12.27,9.32,-10.28
3.5985,3.5984,0.1,0,128.2,-323.7,-3.1150,146.3,-313.8,-3.0615,40.7,398.2,0.0000,48.9,429.8,0.2142,-60.3,-428.4,0,0.0,0.0,0.0000,-5.54,12.86,9.33,-10.87
3.6070,3.6069,0.1,0,130.0,-320.5,-3.0938,146.6,-310.5,-3.0615,34.8,398.4,-0.0000,40.0,430.3,0.1294,-60.5,-427.9,0,0.0,0.0,0.0000,-5.19,12.86,8.74,-10.03
3.6143,3.6069,7.4,0,130.0,-320.5,-3.0938,146.6,-310.5,-3.0615,34.8,398.4,-0.0000,37.9,438.6,0.1294,-58.8,-436.3,0,0.0,0.0,0.0000,-5.40,12.56,8.27,-9.64
3.6220,3.6156,6.5,0,130.2,-316.0,-3.0991,146.9,-307.0,-3.0615,30.8,398.7,0.0000,33.9,434.1,0.1504,-52.4,-432.3,0,0.0,0.0,0.0000,-5.83,12.43,8.32,-10.13
3.6305,3.6237,6.8,0,130.9,-313.6,-3.0990,147.1,-303.7,-3.0615,27.2,399.1,-0.0000,26.5,437.2,0.1502,-45.1,-435.7,0,0.0,0.0,0.0000,-5.60,12.97,8.56,-10.07
3.6379,3.6322,5.7,0,131.5,-309.1,-3.1050,147.3,-300.3,-3.0615,22.3,399.3,0.0000,20.8,432.4,0.1743,-36.6,-431.4,0,0.0,0.0,0.0000,-6.00,9.81,8.13,-10.28
3.6466,3.6409,5.7,0,132.1,-306.5,-3.1031,147.5,-296.9,-3.0615,17.5,399.7,0.0000,15.4,434.4,0.1665,-32.1,-433.5,0,0.0,0.0,0.0000,-5.65,8.14,9.12,-9.88
3.6539,3.6491,4.9,0,132.1,-302.7,-3.1118,147.6,-293.6,-3.0615,13.5,399.6,0.0000,12.1,431.5,0.2015,-25.0,-431.0,0,0.0,0.0,0.0000,-6.11,7.90,9.71,-9.79
3.6625,3.6575,5.0,0,132.5,-299.9,-3.1028,147.7,-290.2,-3.0615,9.2,399.5,-0.0000,7.4,433.3,0.1655,-24.2,-432.7,0,0.0,0.0,0.0000,-6.15,12.08,7.69,-9.60
3.6705,3.6660,4.4,0,132.6,-295.7,-3.1091,147.8,-286.8,-3.0615,4.4,400.0,-0.0000,3.2,429.8,0.1906,-17.2,-429.5,0,0.0,0.0,0.0000,-6.50,12.53,9.64,-10.10
3.6777,3.6742,3.5,0,132.7,-292.1,-3.1098,147.8,-283.6,-3.0615,-0.1,400.2,-0.0000,-1.8,426.8,0.1933,-11.7,-426.6,0,0.0,0.0,0.0000,-6.86,13.34,9.89,-10.14
3.6858,3.6833,2.6,0,133.0,-288.7,-3.1047,147.8,-279.9,-3.0615,-5.3,400.1,0.0000,-7.5,425.9,0.1727,-8.2,-425.9,0,0.0,0.0,0.0000,-6.96,12.47,9.72,-9.74
3.6939,3.6916,2.3,0,132.9,-285.2,-3.1109,147.7,-276.6,-3.0615,-9.5,400.0,-0.0000,-11.6,424.9,0.1978,-1.4,-425.1,0,0.0,0.0,0.0000,-6.96,12.88,8.28,-9.10
3.7023,3.6997,2.6,0,133.3,-282.3,-3.1083,147.6,-273.4,-3.0615,-12.7,399.5,-0.0000,-17.8,425.7,0.1874,3.6,-426.0,0,0.0,0.0,0.0000,-6.58,12.60,6.07,-9.29
3.7108,3.7082,2.6,0,133.3,-277.9,-3.1129,147.5,-270.0,-3.0615,-17.4,399.3,0.0000,-22.1,421.2,0.2057,10.0,-421.7,0,0.0,0.0,0.0000,-6.74,12.45,6.91,-8.71
3.7180,3.7167,1.2,0,134.1,-275.1,-3.0968,147.3,-266.6,-3.0615,-23.4,399.4,-0.0000,-28.7,420.8,0.1411,9.8,-421.6,0,0.0,0.0,0.0000,-6.82,11.80,9.79,-8.41
3.7264,3.7252,1.2,0,134.3,-271.1,-3.0977,147.1,-263.2,-3.0615,-28.0,399.1,-0.0000,-34.1,418.2,0.1449,15.7,-419.3,0,0.0,0.0,0.0000,-8.39,12.04,10.92,-8.84
3.7339,3.7338,0.1,0,134.3,-267.9,-3.0837,146.8,-259.8,-3.0615,-32.2,398.7,-0.0000,-38.7,417.1,0.0888,14.5,-418.7,0,0.0,0.0,0.0000,-8.10,11.87,10.22,-8.75
3.7420,3.7419,0.1,0,134.2,-264.6,-3.0964,146.6,-256.5,-3.0615,-36.1,398.4,0.0000,-43.6,416.4,0.1399,24.7,-417.9,0,0.0,0.0,0.0000,-7.72,12.61,10.80,-8.18
3.7504,3.7503,0.1,0,134.6,-261.0,-3.0814,146.2,-253.2,-3.0615,-39.6,398.2,-0.0000,-50.3,414.5,0.0797,25.3,-416.8,0,0.0,0.0,0.0000,-8.25,12.79,11.51,-8.22
3.7584,3.7503,8.2,0,134.6,-261.0,-3.0814,146.2,-253.2,-3.0615,-39.6,398.2,-0.0000,-55.7,422.5,0.0797,30.2,-425.1,0,0.0,0.0,0.0000,-7.99,12.44,12.36,-8.34
3.7658,3.7592,6.6,0,133.7,-256.9,-3.1054,145.9,-249.6,-3.0615,-44.9,397.4,0.0000,-58.0,418.0,0.1755,42.8,-419.8,0,0.0,0.0,0.0000,-8.41,11.84,11.58,-8.17
3.7741,3.7683,5.8,0,134.5,-253.6,-3.0869,145.4,-246.0,-3.0615,-50.3,396.5,-0.0000,-65.7,417.7,0.1017,42.7,-420.6,0,0.0,0.0,0.0000,-7.91,11.67,10.76,-10.22
3.7821,3.7756,6.6,0,134.3,-250.1,-3.0917,145.1,-243.1,-3.0615,-54.2,396.3,0.0000,-70.4,415.9,0.1208,49.6,-418.9,0,0.0,0.0,0.0000,-8.59,11.23,10.75,-7.89
3.7904,3.7844,6.0,0,134.4,-247.0,-3.0823,144.6,-239.6,-3.0615,-59.0,396.1,-0.0000,-76.3,414.9,0.0831,51.6,-418.7,0,0.0,0.0,0.0000,-9.50,11.54,10.93,-8.16
3.7982,3.7928,5.4,0,133.7,-242.5,-3.0960,144.0,-236.3,-3.0615,-63.1,394.9,-0.0000,-79.6,409.4,0.1381,60.9,-412.6,0,0.0,0.0,0.0000,-9.60,11.61,11.37,-8.16
3.8057,3.8012,4.5,0,133.8,-239.4,-3.0872,143.5,-233.0,-3.0615,-67.4,393.9,-0.0000,-86.2,407.8,0.1029,63.9,-411.8,0,0.0,0.0,0.0000,-8.35,11.43,11.53,-7.77
3.8139,3.8095,4.4,0,133.4,-235.5,-3.0889,142.9,-229.7,-3.0615,-71.5,393.3,-0.0000,-91.3,404.5,0.1098,69.9,-408.7,0,0.0,0.0,0.0000,-8.41,11.69,11.04,-8.10
3.8221,3.8186,3.6,0,133.5,-232.6,-3.0875,142.3,-226.2,-3.0615,-76.1,392.6,-0.0000,-96.9,404.3,0.1041,74.9,-409.0,0,0.0,0.0,0.0000,-9.72,11.68,11.22,-8.12
3.8304,3.8267,3.7,0,133.5,-228.8,-3.0960,141.6,-223.0,-3.0615,-80.6,392.0,0.0000,-102.9,401.2,0.1380,84.5,-405.5,0,0.0,0.0,0.0000,-9.32,11.91,12.02,-5.40
3.8377,3.8353,2.4,0,133.4,-226.0,-3.0839,140.9,-219.6,-3.0615,-85.3,391.1,0.0000,-108.1,400.4,0.0899,84.8,-405.9,0,0.0,0.0,0.0000,-9.78,10.85,12.06,-3.21
3.8467,3.8433,3.4,0,132.9,-221.1,-3.0893,140.2,-216.5,-3.0615,-89.6,389.5,-0.0000,-113.3,394.6,0.1112,92.5,-400.0,0,0.0,0.0,0.0000,-11.08,9.64,11.56,-5.56
3.8545,3.8519,2.6,0,132.1,-218.4,-3.0808,139.4,-213.1,-3.0615,-94.1,388.4,-0.0000,-117.5,393.8,0.0771,93.4,-400.3,0,0.0,0.0,0.0000,-12.80,10.48,11.68,-7.24
3.8623,3.8610,1.4,0,131.8,-214.9,-3.0915,138.5,-209.6,-3.0615,-98.6,388.1,0.0000,-123.0,391.1,0.1203,103.3,-396.7,0,0.0,0.0,0.0000,-11.73,10.62,12.54,-7.57
3.8700,3.8688,1.2,0,131.7,-212.0,-3.0874,137.8,-206.6,-3.0615,-102.5,387.0,-0.0000,-128.8,389.6,0.1039,107.5,-396.0,0,0.0,0.0,0.0000,-9.31,10.28,15.43,-7.79
3.8785,3.8771,1.4,0,132.1,-207.8,-3.0860,136.9,-203.4,-3.0615,-106.4,385.6,-0.0000,-136.7,385.3,0.0983,115.1,-392.3,0,0.0,0.0,0.0000,-8.80,9.89,14.16,-6.93
3.8858,3.8857,0.1,0,132.3,-205.1,-3.0804,135.9,-200.1,-3.0615,-111.2,384.2,-0.0000,-143.5,384.1,0.0757,119.8,-392.2,0,0.0,0.0,0.0000,-10.05,9.47,12.22,-6.74
3.8941,3.8940,0.1,0,131.7,-200.9,-3.0807,135.0,-196.9,-3.0615,-116.4,382.8,-0.0000,-148.4,379.5,0.0771,125.1,-387.9,0,0.0,0.0,0.0000,-11.60,9.80,11.37,-6.52
3.9018,3.8940,7.8,0,131.7,-200.9,-3.0807,135.0,-196.9,-3.0615,-116.4,382.8,-0.0000,-154.4,387.0,0.0771,130.6,-395.7,0,0.0,0.0,0.0000,-13.72,9.18,10.92,-6.37
3.9106,3.9028,7.8,0,130.9,-198.5,-3.0821,134.0,-193.6,-3.0615,-120.5,381.4,0.0000,-159.6,388.0,0.0824,136.2,-396.8,0,0.0,0.0,0.0000,-13.27,9.28,11.22,-6.49
3.9186,3.9110,7.6,0,130.9,-194.6,-3.0795,133.0,-190.4,-3.0615,-124.0,380.2,0.0000,-167.2,383.5,0.0719,143.0,-393.2,0,0.0,0.0,0.0000,-9.67,9.12,11.15,-6.55
3.9261,3.9225,3.6,0,130.2,-192.0,-3.0787,131.5,-186.1,-3.0615,-129.7,378.4,0.0000,-171.8,382.4,0.0690,147.4,-392.4,0,0.0,0.0,0.0000,-9.30,8.97,10.94,-5.81
3.9345,3.9293,5.2,0,129.8,-187.8,-3.0779,130.6,-183.5,-3.0615,-133.1,377.3,-0.0000,-177.2,376.6,0.0656,152.8,-387.1,0,0.0,0.0,0.0000,-11.29,9.07,11.94,-5.62
3.9424,3.9400,2.4,0,128.6,-184.7,-3.0832,129.2,-179.5,-3.0615,-139.0,375.1,0.0000,-180.7,374.2,0.0869,158.6,-384.1,0,0.0,0.0,0.0000,-11.81,7.98,12.08,-5.63
3.9502,3.9458,4.4,0,129.0,-181.3,-3.0716,128.3,-177.3,-3.0615,-142.0,373.9,-0.0000,-189.3,371.5,0.0403,162.8,-383.9,0,0.0,0.0,0.0000,-11.69,8.09,11.48,-5.11
3.9583,3.9546,3.8,0,127.3,-178.7,-3.0800,127.1,-174.0,-3.0615,-146.2,372.2,0.0000,-191.5,371.1,0.0740,168.2,-382.2,0,0.0,0.0,0.0000,-11.03,8.47,11.66,-5.32
3.9657,3.9546,11.1,0,127.3,-178.7,-3.0800,127.1,-174.0,-3.0615,-146.2,372.2,0.0000,-197.9,377.1,0.0740,174.3,-388.5,0,0.0,0.0,0.0000,-10.32,7.81,12.33,-5.02
3.9747,3.9702,4.4,0,125.2,-173.0,-3.0787,124.7,-168.2,-3.0615,-154.1,369.1,0.0000,-200.1,367.4,0.0691,176.7,-379.3,0,0.0,0.0,0.0000,-10.95,7.98,13.86,-4.14
3.9817,3.9784,3.3,0,125.2,-169.1,-3.0962,123.5,-165.2,-3.0615,-158.0,367.5,0.0000,-206.9,361.6,0.1388,190.3,-370.7,0,0.0,0.0,0.0000,-10.62,7.46,13.72,-3.85
3.9899,3.9873,2.6,0,124.6,-166.7,-3.0792,122.0,-161.9,-3.0615,-161.8,365.9,0.0000,-212.9,361.2,0.0708,190.0,-373.8,0,0.0,0.0,0.0000,-10.50,6.58,13.06,-3.39
3.9980,3.9957,2.3,0,123.7,-163.3,-3.0838,120.7,-158.9,-3.0615,-165.9,364.2,0.0000,-217.1,357.9,0.0895,196.1,-369.8,0,0.0,0.0,0.0000,-11.64,5.99,12.85,-3.22
4.0067,4.0065,0.2,0,122.8,-160.5,-3.0757,118.8,-155.0,-3.0615,-172.0,361.5,-0.0000,-222.8,356.4,0.0571,198.8,-370.3,0,0.0,0.0,0.0000,-14.98,6.19,11.67,-2.63
4.0142,4.0127,1.5,0,121.0,-158.1,-3.0803,117.7,-152.7,-3.0615,-174.9,359.9,-0.0000,-225.4,355.5,0.0751,203.2,-368.7,0,0.0,0.0,0.0000,-15.00,5.86,13.18,-2.74
4.0229,4.0127,10.2,0,121.0,-158.1,-3.0803,117.7,-152.7,-3.0615,-174.9,359.9,-0.0000,-234.1,362.3,0.0751,211.4,-376.0,0,0.0,0.0,0.0000,-11.63,5.85,13.83,-2.87
4.0305,4.0293,1.2,0,118.7,-152.3,-3.0863,114.8,-146.8,-3.0615,-182.3,355.6,0.0000,-234.4,350.4,0.0994,214.7,-362.9,0,0.0,0.0,0.0000,-12.13,5.04,12.72,-1.90
4.0378,4.0293,8.5,0,118.7,-152.3,-3.0863,114.8,-146.8,-3.0615,-182.3,355.6,0.0000,-241.7,355.9,0.0994,221.7,-368.7,0,0.0,0.0,0.0000,-11.63,4.38,12.82,-1.29
4.0465,4.0464,0.1,0,115.4,-146.3,-3.0742,111.6,-140.7,-3.0615,-190.6,352.0,-0.0000,-240.8,344.5,0.0509,217.0,-359.9,0,0.0,0.0,0.0000,-11.86,3.88,13.29,-1.17
4.0539,4.0464,7.5,0,115.4,-146.3,-3.0742,111.6,-140.7,-3.0615,-190.6,352.0,-0.0000,-248.2,350.1,0.0509,224.1,-366.0,0,0.0,0.0,0.0000,-12.62,4.17,13.11,-0.70
4.0624,4.0547,7.7,0,114.1,-143.6,-3.0782,110.0,-137.8,-3.0615,-194.2,349.6,0.0000,-252.9,348.9,0.0671,230.3,-364.2,0,0.0,0.0,0.0000,-12.80,4.42,13.53,-0.12
4.0706,4.0630,7.6,0,111.8,-140.5,-3.0835,108.4,-134.9,-3.0615,-198.2,347.4,-0.0000,-254.0,345.4,0.0879,233.5,-359.6,0,0.0,0.0,0.0000,-11.41,4.19,13.57,-0.12
4.0778,4.0726,5.2,0,110.3,-138.1,-3.0757,106.4,-131.6,-3.0615,-203.0,344.7,-0.0000,-256.8,343.0,0.0569,233.6,-359.2,0,0.0,0.0,0.0000,-11.50,3.93,13.66,-0.03
4.0865,4.0800,6.4,0,108.9,-135.0,-3.0665,104.9,-129.0,-3.0615,-205.9,342.7,0.0000,-261.7,339.9,0.0201,235.5,-358.5,0,0.0,0.0,0.0000,-12.67,3.22,14.27,0.98
4.0940,4.0883,5.7,0,107.5,-132.8,-3.0719,103.2,-126.2,-3.0615,-209.2,340.5,-0.0000,-266.1,338.1,0.0416,241.9,-355.8,0,0.0,0.0,0.0000,-12.58,2.92,14.12,0.65
4.1020,4.0883,13.7,0,107.5,-132.8,-3.0719,103.2,-126.2,-3.0615,-209.2,340.5,-0.0000,-274.9,343.4,0.0416,250.3,-361.7,0,0.0,0.0,0.0000,-13.24,2.92,14.61,1.24
4.1098,4.1086,1.2,0,102.8,-126.9,-3.0696,98.9,-119.4,-3.0615,-219.1,334.9,-0.0000,-269.1,330.8,0.0326,244.6,-349.3,0,0.0,0.0,0.0000,-13.32,3.03,14.20,1.16
4.1183,4.1138,4.5,0,100.3,-125.1,-3.0755,97.7,-117.6,-3.0615,-221.4,333.2,-0.0000,-270.5,331.0,0.0562,248.1,-348.2,0,0.0,0.0,0.0000,-12.58,2.57,14.05,1.19
4.1258,4.1223,3.5,0,97.3,-121.6,-3.0860,95.8,-114.8,-3.0615,-225.1,330.5,-0.0000,-268.5,325.9,0.0981,249.9,-340.3,0,0.0,0.0,0.0000,-12.58,1.57,14.46,1.40
4.1343,4.1308,3.5,0,95.5,-119.6,-3.0705,93.9,-112.0,-3.0615,-229.0,327.8,-0.0000,-272.2,325.7,0.0361,248.3,-344.2,0,0.0,0.0,0.0000,-13.59,2.15,14.97,2.18
4.1424,4.1410,1.4,0,93.0,-117.1,-3.0754,91.5,-108.7,-3.0615,-233.3,324.9,0.0000,-274.8,322.5,0.0558,252.8,-340.0,0,0.0,0.0,0.0000,-14.07,2.00,13.63,2.19
4.1508,4.1479,2.9,0,90.8,-113.8,-3.0747,89.9,-106.5,-3.0615,-236.1,323.3,0.0000,-277.6,317.6,0.0531,255.7,-335.4,0,0.0,0.0,0.0000,-14.18,1.04,14.45,2.10
4.1586,4.1562,2.5,0,87.3,-111.5,-3.0791,87.9,-103.8,-3.0615,-239.5,320.7,0.0000,-275.3,315.3,0.0703,255.1,-331.9,0,0.0,0.0,0.0000,-14.50,1.29,14.72,2.30
4.1667,4.1643,2.4,0,85.0,-109.2,-3.0839,86.0,-101.2,-3.0615,-242.5,317.8,0.0000,-277.1,313.2,0.0896,258.6,-328.6,0,0.0,0.0,0.0000,-15.75,1.14,14.43,1.85
4.1746,4.1745,0.1,0,82.5,-106.6,-3.0745,83.5,-98.0,-3.0615,-247.3,314.2,0.0000,-278.4,310.2,0.0523,257.0,-328.2,0,0.0,0.0,0.0000,-15.30,1.20,15.34,2.45
4.1825,4.1812,1.2,0,79.6,-104.6,-3.0749,81.8,-95.9,-3.0615,-250.8,311.8,-0.0000,-278.6,308.7,0.0536,257.4,-326.6,0,0.0,0.0,0.0000,-11.13,0.58,15.37,2.48
4.1899,4.1898,0.1,0,77.0,-101.0,-3.0887,79.6,-93.2,-3.0615,-254.4,308.8,-0.0000,-279.5,302.6,0.1088,263.1,-317.0,0,0.0,0.0,0.0000,-10.29,0.40,16.10,2.18
4.1983,4.1982,0.1,0,74.1,-99.3,-3.0767,77.5,-90.6,-3.0615,-257.8,305.8,0.0000,-280.6,302.0,0.0610,260.4,-319.5,0,0.0,0.0,0.0000,-14.57,0.34,12.33,2.06
4.2065,4.1982,8.3,0,74.1,-99.3,-3.0767,77.5,-90.6,-3.0615,-257.8,305.8,0.0000,-289.7,305.2,0.0610,269.3,-323.4,0,0.0,0.0,0.0000,-14.12,0.28,11.49,2.61
4.2142,4.2077,6.5,0,71.6,-96.1,-3.0856,75.0,-87.7,-3.0615,-260.9,303.0,-0.0000,-290.9,299.4,0.0966,273.7,-315.2,0,0.0,0.0,0.0000,-15.45,0.11,13.41,2.98
4.2223,4.2152,7.2,0,68.2,-93.6,-3.0784,73.1,-85.5,-3.0615,-263.0,301.0,-0.0000,-290.4,296.3,0.0676,271.1,-314.1,0,0.0,0.0,0.0000,-16.12,0.17,15.21,2.98
4.2306,4.2237,6.8,0,65.3,-91.6,-3.0841,70.8,-82.9,-3.0615,-267.3,297.5,-0.0000,-290.9,294.5,0.0904,273.5,-310.7,0,0.0,0.0,0.0000,-15.48,0.87,15.75,2.94
4.2379,4.2324,5.5,0,62.2,-88.8,-3.0893,68.5,-80.3,-3.0615,-271.7,294.1,-0.0000,-290.1,289.7,0.1113,274.6,-304.4,0,0.0,0.0,0.0000,-15.40,0.81,16.24,3.33
4.2468,4.2411,5.7,0,58.9,-86.3,-3.0843,66.1,-77.8,-3.0615,-274.6,290.7,0.0000,-290.5,286.5,0.0913,273.6,-302.6,0,0.0,0.0,0.0000,-15.67,0.81,16.98,3.24
4.2537,4.2490,4.7,0,56.9,-84.1,-3.0828,63.9,-75.5,-3.0615,-277.4,287.7,-0.0000,-292.8,283.0,0.0852,275.7,-299.7,0,0.0,0.0,0.0000,-14.38,0.54,16.01,2.85
4.2620,4.2576,4.5,0,54.3,-80.7,-3.0788,61.5,-73.1,-3.0615,-280.5,284.8,-0.0000,-294.7,276.4,0.0694,276.8,-294.4,0,0.0,0.0,0.0000,-15.90,0.29,14.97,2.85
4.2702,4.2657,4.5,0,51.5,-78.9,-3.0765,59.2,-70.8,-3.0615,-283.5,282.1,-0.0000,-295.9,274.4,0.0599,277.4,-293.1,0,0.0,0.0,0.0000,-16.83,0.34,14.80,3.11
4.2785,4.2746,3.9,0,48.0,-76.6,-3.0821,56.7,-68.2,-3.0615,-287.3,279.2,0.0000,-295.3,271.0,0.0826,278.6,-288.0,0,0.0,0.0,0.0000,-15.83,-0.06,15.97,2.94
4.2863,4.2829,3.3,0,44.9,-73.8,-3.1016,54.3,-65.9,-3.0615,-290.5,276.1,0.0000,-295.0,265.0,0.1607,284.2,-276.6,0,0.0,0.0,0.0000,-15.08,0.50,15.27,2.78
4.2947,4.2911,3.6,0,42.7,-72.0,-3.0775,51.9,-63.7,-3.0615,-293.3,271.8,0.0000,-298.8,262.9,0.0642,281.3,-281.5,0,0.0,0.0,0.0000,-14.51,0.34,14.83,2.84
4.3019,4.2999,2.0,0,39.6,-68.5,-3.0990,49.3,-61.3,-3.0615,-296.4,268.1,0.0000,-298.2,256.1,0.1503,287.0,-268.6,0,0.0,0.0,0.0000,-14.68,0.12,14.46,3.13
4.3106,4.3083,2.3,0,37.5,-66.4,-3.0956,46.8,-59.1,-3.0615,-299.6,265.1,0.0000,-302.4,252.9,0.1366,290.5,-266.6,0,0.0,0.0,0.0000,-14.88,0.55,14.99,3.20
4.3176,4.3164,1.2,0,34.4,-64.6,-3.0798,44.4,-57.0,-3.0615,-302.3,262.0,0.0000,-301.7,249.3,0.0735,285.7,-267.5,0,0.0,0.0,0.0000,-14.90,0.01,14.91,3.14
4.3268,4.3252,1.6,0,31.6,-61.3,-3.1026,41.7,-54.7,-3.0615,-305.0,258.8,0.0000,-304.4,242.2,0.1644,294.7,-253.9,0,0.0,0.0,0.0000,-15.07,0.63,14.95,2.53
4.3347,4.3323,2.3,0,28.4,-59.1,-3.0861,39.5,-52.8,-3.0615,-307.4,255.9,-0.0000,-304.2,238.8,0.0983,290.5,-255.3,0,0.0,0.0,0.0000,-14.48,0.28,14.47,3.20
4.3420,4.3419,0.1,0,25.5,-56.8,-3.0960,36.5,-50.4,-3.0615,-311.0,251.7,0.0000,-304.5,234.4,0.1381,293.5,-248.0,0,0.0,0.0,0.0000,-14.86,-0.50,14.53,3.07
4.3505,4.3504,0.1,0,23.7,-53.7,-3.1035,33.9,-48.3,-3.0615,-313.8,248.2,0.0000,-309.4,227.4,0.1679,300.5,-239.0,0,0.0,0.0,0.0000,-15.04,-0.33,14.39,3.41
4.3585,4.3504,8.1,0,23.7,-53.7,-3.1035,33.9,-48.3,-3.0615,-313.8,248.2,0.0000,-319.1,229.7,0.1679,310.1,-241.7,0,0.0,0.0,0.0000,-14.51,-0.94,14.31,3.25
4.3658,4.3588,7.1,0,20.6,-52.1,-3.0848,31.3,-46.2,-3.0615,-316.4,244.8,-0.0000,-318.7,226.9,0.0934,305.3,-244.6,0,0.0,0.0,0.0000,-15.02,-0.35,14.30,3.39
4.3747,4.3672,7.6,0,17.7,-49.2,-3.1060,28.6,-44.2,-3.0615,-319.1,240.9,-0.0000,-320.9,220.5,0.1780,312.9,-231.8,0,0.0,0.0,0.0000,-15.01,0.08,13.67,2.74
4.3827,4.3758,6.9,0,15.1,-46.9,-3.0955,25.8,-42.1,-3.0615,-321.8,236.8,0.0000,-323.3,215.1,0.1360,313.0,-229.8,0,0.0,0.0,0.0000,-14.62,-1.03,14.74,3.32
4.3896,4.3842,5.4,0,12.4,-45.0,-3.0934,23.1,-40.1,-3.0615,-324.5,233.8,0.0000,-323.7,211.0,0.1278,313.2,-226.3,0,0.0,0.0,0.0000,-14.10,-1.26,14.55,3.77
4.3986,4.3928,5.8,0,9.6,-42.6,-3.0933,20.3,-38.1,-3.0615,-327.3,230.7,0.0000,-326.3,205.9,0.1274,316.0,-221.4,0,0.0,0.0,0.0000,-15.92,-0.85,14.89,3.37
4.4060,4.4011,4.9,0,6.1,-40.6,-3.1109,17.6,-36.3,-3.0615,-329.9,226.2,-0.0000,-324.8,201.8,0.1976,318.5,-211.7,0,0.0,0.0,0.0000,-16.25,-0.55,14.97,3.41
4.4143,4.4096,4.7,0,4.4,-38.7,-3.0973,14.7,-34.3,-3.0615,-332.6,222.0,-0.0000,-330.0,198.5,0.1433,320.8,-212.9,0,0.0,0.0,0.0000,-13.80,-1.09,14.45,3.51
4.4225,4.4179,4.6,0,1.7,-35.6,-3.1009,12.0,-32.5,-3.0615,-334.8,218.8,0.0000,-332.1,190.8,0.1579,324.0,-204.1,0,0.0,0.0,0.0000,-14.34,-1.43,13.99,3.68
4.4308,4.4270,3.7,0,-1.3,-33.8,-3.1170,8.9,-30.5,-3.0615,-337.4,215.0,0.0000,-333.8,185.3,0.2222,329.2,-193.4,0,0.0,0.0,0.0000,-15.01,-1.79,14.21,3.68
4.4382,4.4348,3.4,0,-3.3,-32.1,-3.1030,6.3,-28.9,-3.0615,-339.5,211.4,0.0000,-337.4,181.0,0.1661,330.1,-193.9,0,0.0,0.0,0.0000,-13.59,-1.70,14.37,3.29
4.4457,4.4434,2.4,0,-6.7,-29.4,-3.1035,3.4,-27.1,-3.0615,-341.9,207.5,-0.0000,-336.2,174.1,0.1681,329.3,-186.8,0,0.0,0.0,0.0000,-13.05,-1.23,14.16,3.17
4.4545,4.4519,2.7,0,-9.1,-27.0,-3.1118,0.5,-25.3,-3.0615,-344.2,203.7,-0.0000,-339.7,168.1,0.2014,334.6,-178.1,0,0.0,0.0,0.0000,-13.80,-2.04,13.84,1.85
4.4618,4.4605,1.2,0,-11.0,-25.4,-3.1020,-2.5,-23.6,-3.0615,-346.6,199.6,0.0000,-342.8,164.7,0.1619,336.0,-178.2,0,0.0,0.0,0.0000,-14.28,-2.44,13.74,1.76
4.4700,4.4687,1.2,0,-14.4,-23.5,-3.1083,-5.4,-22.0,-3.0615,-349.0,195.4,-0.0000,-343.0,160.0,0.1873,337.5,-171.3,0,0.0,0.0,0.0000,-14.93,-3.02,13.71,3.02
4.4786,4.4772,1.4,0,-16.7,-21.2,-3.1220,-8.3,-20.3,-3.0615,-351.1,191.5,-0.0000,-347.4,154.0,0.2422,344.3,-160.7,0,0.0,0.0,0.0000,-14.28,-2.82,12.72,4.48
4.4859,4.4858,0.1,0,-20.2,-19.7,-3.1179,-11.4,-18.7,-3.0615,-353.0,187.6,-0.0000,-346.1,149.9,0.2255,342.5,-158.0,0,0.0,0.0,0.0000,-13.61,-2.64,13.43,4.79
4.4937,4.4858,7.9,0,-20.2,-19.7,-3.1179,-11.4,-18.7,-3.0615,-353.0,187.6,-0.0000,-355.9,149.9,0.2255,352.2,-158.3,0,0.0,0.0,0.0000,-13.55,-2.14,13.98,5.07
4.5018,4.4938,8.0,0,-22.3,-17.9,-3.1096,-14.2,-17.2,-3.0615,-355.0,184.2,0.0000,-359.8,144.7,0.1924,355.0,-156.2,0,0.0,0.0,0.0000,-13.30,-2.33,13.96,5.56
4.5111,4.5109,0.1,0,-28.3,-13.9,-3.1197,-20.3,-14.1,-3.0615,-359.3,176.3,0.0000,-352.8,133.4,0.2330,349.8,-141.1,0,0.0,0.0,0.0000,-13.30,-2.83,13.81,5.54
4.5185,4.5109,7.6,0,-28.3,-13.9,-3.1197,-20.3,-14.1,-3.0615,-359.3,176.3,0.0000,-362.2,133.7,0.2330,359.2,-141.6,0,0.0,0.0,0.0000,-13.17,-2.35,13.83,5.48
4.5263,4.5194,6.9,0,-30.1,-12.0,-3.1091,-23.4,-12.6,-3.0615,-361.7,171.1,-0.0000,-367.1,128.4,0.1907,362.8,-140.2,0,0.0,0.0,0.0000,-12.40,-3.11,13.89,6.22
4.5340,4.5284,5.6,0,-32.7,-10.6,-3.0916,-26.6,-11.1,-3.0615,-363.4,166.9,0.0000,-369.2,124.0,0.1206,362.5,-142.3,0,0.0,0.0,0.0000,-12.43,-2.51,13.94,6.57
4.5426,4.5370,5.6,0,-35.6,-8.2,-3.1118,-29.8,-9.7,-3.0615,-365.0,162.7,0.0000,-371.0,115.8,0.2014,367.4,-126.8,0,0.0,0.0,0.0000,-13.68,-2.35,13.19,6.80
4.5500,4.5445,5.4,0,-38.6,-6.5,-3.1026,-32.5,-8.5,-3.0615,-366.5,159.4,-0.0000,-371.2,110.4,0.1644,366.6,-124.8,0,0.0,0.0,0.0000,-11.70,-3.09,12.91,6.01
4.5587,4.5535,5.1,0,-41.3,-5.6,-3.1022,-35.8,-7.1,-3.0615,-368.3,155.4,-0.0000,-373.5,107.8,0.1628,369.0,-122.4,0,0.0,0.0,0.0000,-11.28,-2.91,13.10,6.37
4.5660,4.5617,4.3,0,-43.7,-3.9,-3.0968,-38.9,-5.8,-3.0615,-370.4,151.4,0.0000,-375.4,102.5,0.1414,370.5,-119.2,0,0.0,0.0,0.0000,-11.41,-3.51,12.49,6.72
4.5737,4.5703,3.4,0,-46.6,-2.2,-3.0997,-42.1,-4.5,-3.0615,-372.4,147.1,-0.0000,-376.5,96.3,0.1530,372.2,-112.0,0,0.0,0.0,0.0000,-12.00,-3.81,12.76,6.82
4.5824,4.5787,3.7,0,-49.3,-0.6,-3.1140,-45.2,-3.3,-3.0615,-373.9,142.5,0.0000,-379.7,91.0,0.2099,377.1,-101.4,0,0.0,0.0,0.0000,-11.57,-3.54,12.55,6.80
4.5906,4.5872,3.4,0,-51.2,0.8,-3.0963,-48.4,-2.1,-3.0615,-375.5,138.2,-0.0000,-384.8,86.6,0.1392,380.5,-104.0,0,0.0,0.0,0.0000,-11.82,-3.59,11.97,6.86
4.5979,4.5953,2.6,0,-54.8,1.4,-3.1020,-51.4,-1.0,-3.0615,-376.6,134.4,-0.0000,-383.0,84.0,0.1622,379.4,-99.1,0,0.0,0.0,0.0000,-11.55,-3.54,12.07,6.54
4.6068,4.6042,2.6,0,-57.4,2.5,-3.0947,-54.8,0.2,-3.0615,-378.1,130.1,0.0000,-386.7,78.3,0.1328,382.6,-96.3,0,0.0,0.0,0.0000,-11.52,-3.89,11.70,6.54
4.6137,4.6125,1.2,0,-60.2,3.9,-3.0920,-57.9,1.2,-3.0615,-380.0,126.2,-0.0000,-386.3,72.7,0.1219,382.3,-91.8,0,0.0,0.0,0.0000,-11.69,-4.51,12.31,7.02
4.6219,4.6207,1.2,0,-63.0,5.5,-3.1073,-61.0,2.2,-3.0615,-381.4,121.8,-0.0000,-388.1,67.4,0.1832,385.6,-80.7,0,0.0,0.0,0.0000,-11.55,-4.69,12.15,7.43
4.6310,4.6294,1.6,0,-65.3,6.3,-3.0990,-64.4,3.3,-3.0615,-382.7,116.6,-0.0000,-388.9,63.3,0.1500,385.8,-79.8,0,0.0,0.0,0.0000,-10.25,-5.06,11.74,8.21
4.6380,4.6379,0.1,0,-68.6,7.1,-3.0995,-67.6,4.2,-3.0615,-383.7,112.4,0.0000,-380.2,59.0,0.1522,377.4,-74.9,0,0.0,0.0,0.0000,-6.83,-4.92,11.17,7.80
4.6461,4.6460,0.1,0,-71.3,7.7,-3.0877,-70.7,5.1,-3.0615,-384.5,108.7,0.0000,-374.9,54.7,0.1050,371.5,-74.8,0,0.0,0.0,0.0000,-9.72,-5.06,11.77,7.40
4.6548,4.6547,0.1,0,-73.8,9.0,-3.0838,-74.1,6.1,-3.0615,-385.8,104.2,0.0000,-369.1,47.4,0.0891,365.8,-68.6,0,0.0,0.0,0.0000,-9.91,-5.64,9.41,8.07
4.6625,4.6547,7.8,0,-73.8,9.0,-3.0838,-74.1,6.1,-3.0615,-385.8,104.2,0.0000,-371.0,45.0,0.0891,367.8,-66.3,0,0.0,0.0,0.0000,-12.21,-6.34,7.76,8.67
4.6701,4.6636,6.5,0,-76.8,9.3,-3.0855,-77.5,7.0,-3.0615,-387.2,99.5,0.0000,-364.0,42.4,0.0960,361.1,-62.7,0,0.0,0.0,0.0000,-11.83,-6.95,9.60,8.84
4.6782,4.6715,6.7,0,-79.1,10.2,-3.0873,-80.6,7.7,-3.0615,-388.5,95.7,-0.0000,-358.9,37.5,0.1032,356.4,-56.9,0,0.0,0.0,0.0000,-11.28,-5.66,10.73,8.95
4.6861,4.6789,7.2,0,-82.8,11.0,-3.0911,-83.5,8.4,-3.0615,-389.8,92.4,-0.0000,-349.8,32.4,0.1185,347.7,-50.0,0,0.0,0.0,0.0000,-11.31,-5.77,10.73,8.46
4.6941,4.6873,6.7,0,-85.0,11.8,-3.0940,-86.8,9.2,-3.0615,-390.7,87.3,-0.0000,-345.0,28.0,0.1302,343.3,-44.4,0,0.0,0.0,0.0000,-11.27,-6.43,11.22,8.26
4.7019,4.6958,6.1,0,-87.5,12.5,-3.0873,-90.1,9.9,-3.0615,-391.9,82.0,-0.0000,-338.8,25.4,0.1032,336.9,-43.8,0,0.0,0.0,0.0000,-11.23,-6.92,10.97,8.92
4.7103,4.7042,6.0,0,-90.8,13.0,-3.0965,-93.4,10.6,-3.0615,-391.4,77.9,-0.0000,-330.7,22.3,0.1401,329.4,-37.2,0,0.0,0.0,0.0000,-10.44,-7.23,11.12,9.14
4.7184,4.7127,5.8,0,-94.0,13.4,-3.0863,-96.7,11.2,-3.0615,-392.1,73.8,-0.0000,-322.7,19.3,0.0992,321.1,-37.1,0,0.0,0.0,0.0000,-10.93,-6.93,10.42,9.24
4.7267,4.7211,5.6,0,-97.1,13.9,-3.0924,-100.0,11.8,-3.0615,-384.2,68.5,0.0000,-314.8,16.0,0.1237,313.7,-31.4,0,0.0,0.0,0.0000,-10.90,-7.67,9.66,8.68
4.7346,4.7296,5.0,0,-99.1,14.3,-3.0823,-103.2,12.4,-3.0615,-377.8,63.4,0.0000,-310.1,13.5,0.0832,308.7,-31.9,0,0.0,0.0,0.0000,-11.65,-7.38,10.20,9.20
4.7418,4.7380,3.8,0,-102.4,14.9,-3.0890,-106.4,12.9,-3.0615,-369.6,57.3,0.0000,-301.2,10.5,0.1101,300.3,-26.3,0,0.0,0.0,0.0000,-10.53,-8.17,9.76,9.64
4.7497,4.7464,3.3,0,-104.5,14.8,-3.0848,-109.4,13.4,-3.0615,-362.0,51.9,0.0000,-295.3,9.7,0.0932,294.3,-26.5,0,0.0,0.0,0.0000,-10.79,-8.27,9.63,9.59
4.7591,4.7549,4.1,0,-107.6,15.1,-3.0742,-112.5,13.8,-3.0615,-354.4,47.5,0.0000,-286.8,7.3,0.0508,285.7,-26.6,0,0.0,0.0,0.0000,-10.38,-7.85,9.89,9.60
4.7659,4.7634,2.6,0,-111.0,15.6,-3.0880,-115.4,14.2,-3.0615,-346.6,42.8,0.0000,-277.4,4.5,0.1062,276.8,-19.3,0,0.0,0.0,0.0000,-10.52,-7.79,9.87,9.71
4.7740,4.7719,2.1,0,-113.8,15.6,-3.0775,-118.3,14.5,-3.0615,-338.6,37.7,-0.0000,-269.2,3.0,0.0643,268.4,-20.2,0,0.0,0.0,0.0000,-11.53,-6.96,9.82,9.21
4.7825,4.7803,2.2,0,-116.7,15.8,-3.0810,-121.2,14.8,-3.0615,-330.5,33.8,-0.0000,-260.5,2.0,0.0782,259.9,-17.8,0,0.0,0.0,0.0000,-10.38,-7.20,9.52,8.87
4.7898,4.7888,1.0,0,-119.3,16.5,-3.0799,-123.9,15.1,-3.0615,-322.2,30.9,-0.0000,-252.6,-0.7,0.0736,252.2,-14.8,0,0.0,0.0,0.0000,-10.70,-7.40,9.31,9.01
4.7984,4.7972,1.2,0,-121.7,16.2,-3.0744,-126.6,15.3,-3.0615,-314.0,27.4,-0.0000,-244.3,-1.1,0.0515,243.8,-15.3,0,0.0,0.0,0.0000,-8.91,-7.50,9.43,9.25
4.8064,4.7972,9.2,0,-121.7,16.2,-3.0744,-126.6,15.3,-3.0615,-314.0,27.4,-0.0000,-243.7,-1.8,0.0515,243.3,-14.6,0,0.0,0.0,0.0000,-9.22,-6.95,8.47,8.97
4.8144,4.8056,8.7,0,-124.7,16.6,-3.0814,-129.2,15.5,-3.0615,-305.7,23.5,-0.0000,-234.6,-3.0,0.0796,234.4,-11.1,0,0.0,0.0,0.0000,-9.22,-7.27,8.46,8.68
4.8225,4.8141,8.4,0,-127.3,16.1,-3.0731,-131.8,15.7,-3.0615,-297.5,20.4,-0.0000,-226.2,-2.1,0.0464,225.8,-13.4,0,0.0,0.0,0.0000,-9.34,-7.02,7.58,8.88
4.8302,4.8225,7.7,0,-130.8,16.1,-3.0809,-134.2,15.9,-3.0615,-289.4,17.4,-0.0000,-213.8,-3.9,0.0776,213.7,-9.1,0,0.0,0.0,0.0000,-8.87,-7.61,8.10,8.89
4.8377,4.8310,6.8,0,-133.0,16.0,-3.0749,-136.7,16.0,-3.0615,-280.9,14.8,-0.0000,-205.9,-4.4,0.0536,205.8,-9.3,0,0.0,0.0,0.0000,-9.35,-7.03,8.03,8.68
4.8462,4.8394,6.8,0,-135.9,16.6,-3.0825,-139.0,16.1,-3.0615,-272.3,12.2,0.0000,-196.1,-5.5,0.0840,196.1,-6.1,0,0.0,0.0,0.0000,-8.24,-6.99,7.53,9.08
4.8538,4.8479,5.9,0,-137.3,16.2,-3.0827,-141.3,16.2,-3.0615,-264.2,9.6,0.0000,-190.3,-4.8,0.0849,190.3,-6.4,0,0.0,0.0,0.0000,-8.58,-7.09,7.52,8.70
4.8620,4.8563,5.7,0,-140.5,16.2,-3.0742,-143.5,16.3,-3.0615,-256.1,6.7,0.0000,-178.3,-5.2,0.0510,178.2,-6.8,0,0.0,0.0,0.0000,-7.55,-7.01,6.93,9.12
4.8702,4.8648,5.4,0,-141.9,16.0,-3.0747,-145.6,16.3,-3.0615,-247.7,5.3,-0.0000,-171.7,-5.1,0.0531,171.7,-6.4,0,0.0,0.0,0.0000,-7.17,-7.09,7.16,8.64
4.8779,4.8733,4.6,0,-144.6,15.9,-3.0784,-147.7,16.4,-3.0615,-239.2,3.6,-0.0000,-161.9,-4.9,0.0679,161.9,-5.4,0,0.0,0.0,0.0000,-6.87,-6.15,6.56,7.83
4.8860,4.8817,4.4,0,-147.1,15.4,-3.0712,-149.6,16.4,-3.0615,-230.4,1.9,-0.0000,-151.8,-3.8,0.0390,151.7,-6.9,0,0.0,0.0,0.0000,-6.63,-6.38,6.33,8.32
4.8945,4.8901,4.4,0,-149.4,15.3,-3.0686,-151.5,16.4,-3.0615,-221.7,0.4,-0.0000,-141.7,-4.0,0.0287,141.6,-6.4,0,0.0,0.0,0.0000,-7.05,-6.37,5.95,7.80
4.9022,4.8986,3.6,0,-151.1,15.3,-3.0768,-153.4,16.4,-3.0615,-214.0,-0.3,-0.0000,-133.9,-3.8,0.0612,133.8,-4.9,0,0.0,0.0,0.0000,-5.98,-6.22,5.73,7.71
4.9100,4.9073,2.8,0,-152.7,15.0,-3.0735,-155.2,16.4,-3.0615,-205.5,-1.5,-0.0000,-126.6,-1.8,0.0481,126.5,-6.9,0,0.0,0.0,0.0000,-6.77,-6.04,5.43,7.18
4.9176,4.9154,2.2,0,-154.9,14.8,-3.0713,-156.9,16.4,-3.0615,-196.8,-3.6,-0.0000,-117.1,-1.1,0.0394,116.8,-7.2,0,0.0,0.0,0.0000,-5.84,-5.57,5.16,6.86
4.9264,4.9239,2.5,0,-157.0,14.9,-3.0731,-158.5,16.3,-3.0615,-188.2,-4.7,-0.0000,-106.6,-2.3,0.0467,106.5,-5.0,0,0.0,0.0,0.0000,-5.72,-5.05,4.84,6.60
4.9347,4.9324,2.4,0,-158.4,14.6,-3.0716,-160.0,16.3,-3.0615,-180.1,-4.5,-0.0000,-98.3,-1.4,0.0406,98.2,-5.5,0,0.0,0.0,0.0000,-5.02,-5.35,4.31,6.49
4.9421,4.9324,9.7,0,-158.4,14.6,-3.0716,-160.0,16.3,-3.0615,-180.1,-4.5,-0.0000,-94.6,-1.1,0.0406,94.5,-5.5,0,0.0,0.0,0.0000,-5.12,-5.04,4.37,6.03
4.9501,4.9411,9.0,0,-160.0,14.6,-3.0717,-161.6,16.3,-3.0615,-171.3,-5.1,0.0000,-85.9,-0.9,0.0409,85.8,-5.1,0,0.0,0.0,0.0000,-4.76,-4.90,3.95,5.20
4.9587,4.9577,0.9,0,-162.2,14.2,-3.0655,-164.3,16.2,-3.0615,-154.3,-6.2,0.0000,-75.2,1.0,0.0161,74.9,-6.8,0,0.0,0.0,0.0000,-4.42,-3.95,3.31,5.13
4.9665,4.9577,8.7,0,-162.2,14.2,-3.0655,-164.3,16.2,-3.0615,-154.3,-6.2,0.0000,-71.1,1.4,0.0161,70.8,-6.8,0,0.0,0.0,0.0000,-4.30,-3.91,3.31,4.71
4.9740,4.9662,7.8,0,-164.0,13.9,-3.0832,-165.5,16.1,-3.0615,-146.2,-6.5,0.0000,-61.7,2.2,0.0868,61.5,-5.8,0,0.0,0.0,0.0000,-3.99,-3.73,2.83,4.30
4.9825,4.9749,7.7,0,-165.0,13.4,-3.0808,-166.8,16.1,-3.0615,-137.3,-6.8,-0.0000,-53.4,4.1,0.0773,53.0,-7.4,0,0.0,0.0,0.0000,-2.87,-3.39,2.44,3.83
4.9906,4.9831,7.5,0,-165.4,13.2,-3.0816,-167.9,16.0,-3.0615,-128.8,-7.4,0.0000,-46.5,6.0,0.0806,46.0,-8.8,0,0.0,0.0,0.0000,-2.93,-3.85,2.27,3.44
4.9978,4.9916,6.2,0,-166.5,13.0,-3.0774,-168.9,15.9,-3.0615,-120.6,-6.6,0.0000,-38.4,7.2,0.0636,37.8,-9.7,0,0.0,0.0,0.0000,-2.35,-2.74,1.92,3.37
5.0066,5.0000,6.6,0,-167.3,12.9,-3.0720,-169.9,15.9,-3.0615,-112.5,-5.7,0.0000,-30.0,7.3,0.0421,29.5,-9.4,0,0.0,0.0,0.0000,-2.85,-2.08,1.49,2.86
5.0139,5.0086,5.3,0,-167.3,12.8,-3.0696,-170.8,15.8,-3.0615,-103.6,-6.2,0.0000,-26.5,7.7,0.0323,25.9,-9.6,0,0.0,0.0,0.0000,-1.04,-2.08,1.37,2.76
5.0225,5.0169,5.6,0,-167.9,12.8,-3.0608,-171.7,15.8,-3.0615,-95.1,-6.6,0.0000,-15.3,8.6,-0.0028,14.6,-9.8,0,0.0,0.0,0.0000,-0.84,-1.51,1.24,2.29
5.0309,5.0254,5.5,0,-168.2,12.6,-3.0627,-172.4,15.7,-3.0615,-86.5,-6.1,-0.0000,-14.1,9.4,0.0048,13.3,-10.5,0,0.0,0.0,0.0000,-0.25,-1.05,0.63,2.00
5.0380,5.0338,4.2,0,-168.5,12.4,-3.0633,-173.1,15.7,-3.0615,-77.9,-5.7,0.0000,-14.8,9.8,0.0075,14.0,-11.0,0,0.0,0.0,0.0000,-0.16,-0.86,0.51,1.24
5.0458,5.0424,3.4,0,-168.4,12.0,-3.0594,-173.8,15.6,-3.0615,-69.7,-4.9,0.0000,-16.9,11.0,-0.0084,16.0,-12.3,0,0.0,0.0,0.0000,0.10,-0.20,0.38,1.20
5.0540,5.0506,3.4,0,-168.6,11.9,-3.0520,-174.3,15.6,-3.0615,-61.7,-4.3,0.0000,-17.9,11.0,-0.0379,16.8,-12.6,0,0.0,0.0,0.0000,0.72,0.03,0.01,1.02
5.0618,5.0592,2.6,0,-168.1,11.9,-3.0618,-174.8,15.6,-3.0615,-53.5,-4.3,-0.0000,-20.5,10.8,0.0014,19.6,-12.4,0,0.0,0.0,0.0000,0.24,-0.04,-2.56,0.01
5.0699,5.0676,2.3,0,-167.8,12.1,-3.0646,-175.2,15.5,-3.0615,-45.0,-3.7,0.0000,-22.4,10.2,0.0125,21.6,-11.9,0,0.0,0.0,0.0000,0.40,0.43,-0.23,-0.33
5.0780,5.0761,2.0,0,-167.4,11.7,-3.0659,-175.6,15.5,-3.0615,-35.7,-2.2,-0.0000,-24.6,11.3,0.0175,23.7,-13.1,0,0.0,0.0,0.0000,1.26,0.63,-0.68,-0.43
5.0869,5.0845,2.4,0,-166.7,11.7,-3.0667,-175.8,15.5,-3.0615,-27.4,-1.6,-0.0000,-27.5,11.4,0.0209,26.5,-13.5,0,0.0,0.0,0.0000,1.52,0.71,-1.04,-0.78
5.0940,5.0930,1.1,0,-166.5,12.2,-3.0719,-176.0,15.5,-3.0615,-18.7,-1.5,0.0000,-28.5,9.9,0.0415,27.7,-11.9,0,0.0,0.0,0.0000,1.23,1.35,-0.82,-0.85
5.1018,5.0930,8.8,0,-166.5,12.2,-3.0719,-176.0,15.5,-3.0615,-18.7,-1.5,0.0000,-28.8,9.9,0.0415,28.0,-11.9,0,0.0,0.0,0.0000,1.41,0.94,-1.04,-1.32
5.1105,5.1014,9.1,0,-165.8,12.5,-3.0653,-176.1,15.5,-3.0615,-13.0,-1.1,-0.0000,-31.4,9.0,0.0152,30.6,-11.3,0,0.0,0.0,0.0000,0.94,1.36,-0.69,-1.44
5.1184,5.1099,8.5,0,-165.5,11.9,-3.0759,-176.2,15.5,-3.0615,-0.7,-0.1,0.0000,-32.1,10.8,0.0576,31.3,-12.9,0,0.0,0.0,0.0000,1.78,1.71,-1.23,-1.59
5.1266,5.1183,8.3,0,-164.7,12.2,-3.0681,-176.2,15.5,-3.0615,0.0,0.0,0.0000,-34.4,9.6,0.0264,33.6,-12.1,0,0.0,0.0,0.0000,1.99,1.96,-0.75,-1.62
5.1340,5.1268,7.2,0,-164.4,12.0,-3.0670,-176.2,15.5,-3.0615,0.0,0.0,0.0000,-35.5,10.3,0.0220,34.6,-12.9,0,0.0,0.0,0.0000,0.92,1.16,-0.86,-1.38
5.1428,5.1352,7.6,0,-164.1,12.3,-3.0689,-176.2,15.5,-3.0615,0.0,0.0,0.0000,-36.2,9.4,0.0296,35.4,-12.0,0,0.0,0.0,0.0000,1.00,1.21,-1.07,-1.73
5.1499,5.1438,6.2,0,-163.9,13.1,-3.0670,-176.2,15.5,-3.0615,0.0,0.0,0.0000,-37.0,6.9,0.0223,36.4,-9.7,0,0.0,0.0,0.0000,1.59,1.55,-0.94,-2.06
5.1583,5.1521,6.2,0,-163.5,13.2,-3.0739,-176.2,15.5,-3.0615,0.0,0.0,0.0000,-38.3,6.8,0.0495,37.7,-9.3,0,0.0,0.0,0.0000,1.24,1.45,-0.44,-1.33
5.1666,5.1606,6.0,0,-162.8,13.0,-3.0539,-176.2,15.5,-3.0615,0.0,0.0,0.0000,-40.3,7.4,-0.0301,39.5,-10.9,0,0.0,0.0,0.0000,0.79,1.34,-0.69,-1.35
5.1746,5.1690,5.6,0,-162.3,13.1,-3.0493,-176.2,15.5,-3.0615,0.0,0.0,0.0000,-41.7,7.1,-0.0485,40.9,-10.9,0,0.0,0.0,0.0000,1.07,0.90,-0.76,-1.17
5.1817,5.1775,4.2,0,-162.3,13.3,-3.0541,-176.2,15.5,-3.0615,0.0,0.0,0.0000,-41.7,6.3,-0.0297,40.9,-9.9,0,0.0,0.0,0.0000,0.72,1.13,-0.27,-0.85
5.1900,5.1859,4.1,0,-162.2,13.3,-3.0561,-176.2,15.5,-3.0615,0.0,0.0,0.0000,-42.1,6.5,-0.0214,41.4,-10.1,0,0.0,0.0,0.0000,0.49,0.80,-0.15,-0.95
5.1983,5.1944,3.9,0,-162.0,13.5,-3.0576,-176.2,15.5,-3.0615,0.0,0.0,0.0000,-42.6,5.9,-0.0154,42.0,-9.4,0,0.0,0.0,0.0000,0.72,-0.11,-0.35,-0.45
5.2062,5.2028,3.4,0,-162.1,13.7,-3.0576,-176.2,15.5,-3.0615,0.0,0.0,0.0000,-42.3,5.2,-0.0157,41.7,-8.7,0,0.0,0.0,0.0000,0.15,0.19,-0.10,-0.11
5.2148,5.2112,3.6,0,-162.0,13.3,-3.0548,-176.2,15.5,-3.0615,0.0,0.0,0.0000,-42.6,6.5,-0.0265,41.9,-10.1,0,0.0,0.0,0.0000,0.10,0.06,-0.01,-0.19
5.2217,5.2198,1.9,0,-162.0,13.1,-3.0539,-176.2,15.5,-3.0615,0.0,0.0,0.0000,-42.5,6.9,-0.0303,41.8,-10.6,0,0.0,0.0,0.0000,0.12,-0.02,0.03,0.25
5.2307,5.2282,2.5,0,-162.0,13.5,-3.0510,-176.2,15.5,-3.0615,0.0,0.0,0.0000,-42.7,6.0,-0.0419,42.0,-9.8,0,0.0,0.0,0.0000,0.12,-0.52,-0.09,0.04
5.2387,5.2366,2.1,0,-162.1,13.5,-3.0555,-176.2,15.5,-3.0615,0.0,0.0,0.0000,-42.3,6.0,-0.0241,41.6,-9.6,0,0.0,0.0,0.0000,-0.66,-0.17,0.15,-0.23
5.2461,5.2450,1.0,0,-162.3,13.0,-3.0533,-176.2,15.5,-3.0615,0.0,0.0,0.0000,-41.9,7.2,-0.0326,41.1,-10.9,0,0.0,0.0,0.0000,-0.32,-0.24,0.20,0.34
5.2542,5.2535,0.6,0,-162.4,13.2,-3.0519,-176.2,15.5,-3.0615,0.0,0.0,0.0000,-41.3,6.9,-0.0385,40.5,-10.6,0,0.0,0.0,0.0000,-0.19,-0.71,0.30,0.55
5.2616,5.2535,8.1,0,-162.4,13.2,-3.0519,-176.2,15.5,-3.0615,0.0,0.0,0.0000,-41.3,6.9,-0.0385,40.5,-10.6,0,0.0,0.0,0.0000,-0.60,-1.04,0.30,0.68
5.2706,5.2621,8.6,0,-162.9,13.3,-3.0576,-176.2,15.5,-3.0615,0.0,0.0,0.0000,-39.8,6.3,-0.0155,39.1,-9.7,0,0.0,0.0,0.0000,-0.50,-0.62,0.16,0.72
5.2786,5.2704,8.2,0,-162.9,12.9,-3.0521,-176.2,15.5,-3.0615,0.0,0.0,0.0000,-39.8,7.6,-0.0376,39.0,-11.1,0,0.0,0.0,0.0000,-1.32,-1.05,0.38,0.71
5.2864,5.2788,7.6,0,-164.0,13.4,-3.0800,-176.2,15.5,-3.0615,0.0,0.0,0.0000,-36.6,6.1,0.0740,36.2,-8.4,0,0.0,0.0,0.0000,-1.34,-0.90,0.87,0.60
5.2939,5.2873,6.6,0,-164.0,12.6,-3.0703,-176.2,15.5,-3.0615,0.0,0.0,0.0000,-36.5,8.4,0.0352,35.8,-11.0,0,0.0,0.0,0.0000,-1.41,-0.90,0.60,0.26
5.3017,5.2958,5.9,0,-164.3,12.8,-3.0820,-176.2,15.5,-3.0615,0.0,0.0,0.0000,-35.8,7.9,0.0822,35.3,-10.0,0,0.0,0.0,0.0000,-1.16,-0.82,0.16,0.08
5.3106,5.3042,6.4,0,-164.7,13.0,-3.0776,-176.2,15.5,-3.0615,0.0,0.0,0.0000,-34.5,7.2,0.0645,34.0,-9.4,0,0.0,0.0,0.0000,-1.37,-1.02,0.43,0.61
5.3178,5.3127,5.1,0,-164.9,12.8,-3.0749,-176.2,15.5,-3.0615,0.0,0.0,0.0000,-34.0,8.0,0.0537,33.4,-10.3,0,0.0,0.0,0.0000,-1.21,-0.65,0.46,0.75
5.3267,5.3211,5.6,0,-165.4,12.7,-3.0688,-176.2,15.5,-3.0615,0.0,0.0,0.0000,-32.6,8.1,0.0292,31.9,-10.5,0,0.0,0.0,0.0000,-1.22,-1.04,0.61,0.63
5.3340,5.3295,4.5,0,-165.4,12.8,-3.0714,-176.2,15.5,-3.0615,0.0,0.0,0.0000,-32.3,8.0,0.0396,31.6,-10.2,0,0.0,0.0,0.0000,-0.71,-0.76,0.83,1.03
5.3424,5.3380,4.4,0,-165.6,13.1,-3.0800,-176.2,15.5,-3.0615,0.0,0.0,0.0000,-31.9,7.2,0.0741,31.4,-9.1,0,0.0,0.0,0.0000,-1.16,-0.47,0.96,1.55
5.3501,5.3465,3.6,0,-165.8,12.9,-3.0721,-176.2,15.5,-3.0615,0.0,0.0,0.0000,-31.2,7.7,0.0423,30.6,-9.9,0,0.0,0.0,0.0000,-1.08,-0.05,1.11,1.14
5.3578,5.3550,2.8,0,-166.0,13.1,-3.0664,-176.2,15.5,-3.0615,0.0,0.0,0.0000,-30.5,7.1,0.0198,29.9,-9.3,0,0.0,0.0,0.0000,-0.94,0.10,1.11,1.04
5.3656,5.3634,2.2,0,-166.1,13.1,-3.0727,-176.2,15.5,-3.0615,0.0,0.0,0.0000,-30.4,7.2,0.0447,29.9,-9.3,0,0.0,0.0,0.0000,-0.07,-0.06,1.38,0.92
5.3745,5.3718,2.6,0,-166.6,13.5,-3.0651,-176.2,15.5,-3.0615,0.0,0.0,0.0000,-28.9,5.9,0.0144,28.4,-8.1,0,0.0,0.0,0.0000,-0.36,0.50,0.98,0.80
5.3816,5.3803,1.3,0,-166.1,13.5,-3.0656,-176.2,15.5,-3.0615,0.0,0.0,0.0000,-30.3,5.8,0.0166,29.7,-8.0,0,0.0,0.0,0.0000,0.22,0.56,1.43,1.14
5.3906,5.3887,1.9,0,-166.6,13.8,-3.0582,-176.2,15.5,-3.0615,0.0,0.0,0.0000,-28.8,5.1,-0.0129,28.3,-7.4,0,0.0,0.0,0.0000,0.68,0.01,1.29,0.99
5.3982,5.3972,1.0,0,-166.7,13.3,-3.0660,-176.2,15.5,-3.0615,0.0,0.0,0.0000,-28.5,6.5,0.0180,27.9,-8.6,0,0.0,0.0,0.0000,0.17,0.17,0.84,1.05
5.4063,5.3972,9.1,0,-166.7,13.3,-3.0660,-176.2,15.5,-3.0615,0.0,0.0,0.0000,-28.5,6.5,0.0180,27.9,-8.6,0,0.0,0.0,0.0000,0.40,0.51,1.53,1.03
5.4143,5.4056,8.7,0,-166.9,13.7,-3.0574,-176.2,15.5,-3.0615,0.0,0.0,0.0000,-27.9,5.4,-0.0163,27.3,-7.7,0,0.0,0.0,0.0000,0.47,0.49,1.11,0.79
5.4226,5.4140,8.5,0,-167.0,13.8,-3.0521,-176.2,15.5,-3.0615,0.0,0.0,0.0000,-27.8,5.0,-0.0374,27.2,-7.5,0,0.0,0.0,0.0000,0.09,0.18,1.21,0.89
5.4296,5.4225,7.1,0,-167.1,13.5,-3.0522,-176.2,15.5,-3.0615,0.0,0.0,0.0000,-27.3,5.9,-0.0373,26.7,-8.3,0,0.0,0.0,0.0000,0.23,0.48,1.23,0.58
5.4379,5.4311,6.8,0,-167.3,13.6,-3.0484,-176.2,15.5,-3.0615,0.0,0.0,0.0000,-26.8,5.5,-0.0522,26.2,-8.0,0,0.0,0.0,0.0000,-0.07,0.58,1.03,0.73
5.4461,5.4395,6.6,0,-167.6,14.0,-3.0468,-176.2,15.5,-3.0615,0.0,0.0,0.0000,-25.7,4.3,-0.0585,25.2,-6.7,0,0.0,0.0,0.0000,-0.39,0.36,0.79,0.96
5.4537,5.4478,5.9,0,-167.9,14.2,-3.0471,-176.2,15.5,-3.0615,0.0,0.0,0.0000,-25.1,3.8,-0.0573,24.6,-6.2,0,0.0,0.0,0.0000,-0.16,-0.04,0.78,0.65
5.4619,5.4563,5.6,0,-168.0,14.0,-3.0439,-176.2,15.5,-3.0615,0.0,0.0,0.0000,-24.8,4.5,-0.0705,24.2,-6.9,0,0.0,0.0,0.0000,0.30,0.03,0.93,0.71
5.4702,5.4648,5.4,0,-168.2,14.1,-3.0420,-176.2,15.5,-3.0615,0.0,0.0,0.0000,-24.1,4.0,-0.0780,23.6,-6.4,0,0.0,0.0,0.0000,-0.29,0.36,0.89,0.63
5.4783,5.4732,5.0,0,-168.0,14.0,-3.0436,-176.2,15.5,-3.0615,0.0,0.0,0.0000,-24.5,4.2,-0.0714,23.9,-6.6,0,0.0,0.0,0.0000,0.09,0.18,1.15,0.50
5.4864,5.4817,4.7,0,-168.1,14.2,-3.0435,-176.2,15.5,-3.0615,0.0,0.0,0.0000,-24.3,3.8,-0.0719,23.8,-6.1,0,0.0,0.0,0.0000,-0.70,-0.35,0.68,0.16
5.4936,5.4902,3.5,0,-168.3,14.2,-3.0449,-176.2,15.5,-3.0615,0.0,0.0,0.0000,-23.9,3.8,-0.0665,23.4,-6.1,0,0.0,0.0,0.0000,-0.91,-0.04,0.13,0.21
5.5017,5.4986,3.2,0,-168.2,13.9,-3.0390,-176.2,15.5,-3.0615,0.0,0.0,0.0000,-24.2,4.6,-0.0898,23.6,-7.0,0,0.0,0.0,0.0000,-0.67,-1.36,-2.53,0.11
5.5098,5.5070,2.8,0,-168.4,14.2,-3.0474,-176.2,15.5,-3.0615,0.0,0.0,0.0000,-23.4,3.8,-0.0561,22.9,-6.0,0,0.0,0.0,0.0000,-1.09,-0.52,0.09,-0.19
5.5177,5.5155,2.2,0,-168.3,14.2,-3.0479,-176.2,15.5,-3.0615,0.0,0.0,0.0000,-23.7,3.7,-0.0545,23.2,-5.9,0,0.0,0.0,0.0000,-0.96,-0.83,2.51,-0.58
5.5258,5.5240,1.8,0,-168.4,14.2,-3.0500,-176.2,15.5,-3.0615,0.0,0.0,0.0000,-23.5,3.9,-0.0460,23.1,-6.0,0,0.0,0.0,0.0000,-1.27,-1.05,-0.30,-0.63
5.5337,5.5240,9.7,0,-168.4,14.2,-3.0500,-176.2,15.5,-3.0615,0.0,0.0,0.0000,-23.5,3.9,-0.0460,23.1,-6.0,0,0.0,0.0,0.0000,-1.68,-1.14,-0.38,-0.50
5.5419,5.5408,1.0,0,-168.7,14.1,-3.0552,-176.2,15.5,-3.0615,0.0,0.0,0.0000,-22.5,4.0,-0.0251,22.1,-6.0,0,0.0,0.0,0.0000,-1.40,-1.25,-0.10,-0.22
5.5501,5.5493,0.8,0,-168.7,14.1,-3.0582,-176.2,15.5,-3.0615,0.0,0.0,0.0000,-22.4,4.2,-0.0131,22.0,-6.0,0,0.0,0.0,0.0000,-1.71,-1.51,-0.50,-0.73
5.5588,5.5493,9.5,0,-168.7,14.1,-3.0582,-176.2,15.5,-3.0615,0.0,0.0,0.0000,-22.4,4.2,-0.0131,22.0,-6.0,0,0.0,0.0,0.0000,-1.33,-1.24,-0.30,-0.58
5.5664,5.5578,8.7,0,-169.1,14.0,-3.0623,-176.2,15.5,-3.0615,0.0,0.0,0.0000,-21.3,4.4,0.0034,20.9,-6.0,0,0.0,0.0,0.0000,-1.53,-1.02,-0.36,-0.67
5.5746,5.5662,8.4,0,-169.0,14.1,-3.0601,-176.2,15.5,-3.0615,0.0,0.0,0.0000,-21.8,3.9,-0.0056,21.4,-5.7,0,0.0,0.0,0.0000,-1.47,-1.13,0.04,-0.28
5.5823,5.5746,7.7,0,-169.1,14.3,-3.0621,-176.2,15.5,-3.0615,0.0,0.0,0.0000,-21.2,3.6,0.0025,20.8,-5.3,0,0.0,0.0,0.0000,-1.05,-1.61,0.02,0.04
5.5907,5.5831,7.6,0,-169.3,14.4,-3.0655,-176.2,15.5,-3.0615,0.0,0.0,0.0000,-20.9,3.1,0.0161,20.6,-4.7,0,0.0,0.0,0.0000,-1.30,-0.78,-0.05,-0.17
5.5979,5.5916,6.4,0,-169.4,14.2,-3.0679,-176.2,15.5,-3.0615,0.0,0.0,0.0000,-20.5,3.7,0.0259,20.2,-5.2,0,0.0,0.0,0.0000,-0.81,-0.39,0.49,0.09
5.6064,5.6000,6.4,0,-170.3,14.2,-3.0848,-176.2,15.5,-3.0615,0.0,0.0,0.0000,-17.6,3.7,0.0932,17.4,-4.6,0,0.0,0.0,0.0000,-1.37,-0.30,0.18,0.00
5.6141,5.6085,5.6,0,-170.0,14.5,-3.0749,-176.2,15.5,-3.0615,0.0,0.0,0.0000,-18.5,2.9,0.0537,18.2,-4.1,0,0.0,0.0,0.0000,-0.67,-0.19,0.13,-0.01
5.6222,5.6169,5.3,0,-170.2,14.6,-3.0669,-176.2,15.5,-3.0615,0.0,0.0,0.0000,-18.1,2.6,0.0217,17.9,-3.9,0,0.0,0.0,0.0000,-0.42,-0.24,0.58,0.10
5.6306,5.6254,5.2,0,-170.2,14.7,-3.0680,-176.2,15.5,-3.0615,0.0,0.0,0.0000,-17.9,2.2,0.0260,17.7,-3.5,0,0.0,0.0,0.0000,-0.62,0.37,1.02,0.26
5.6385,5.6338,4.7,0,-170.4,14.9,-3.0696,-176.2,15.5,-3.0615,0.0,0.0,0.0000,-17.4,1.6,0.0325,17.2,-2.8,0,0.0,0.0,0.0000,-0.39,0.28,0.61,0.89
5.6468,5.6423,4.5,0,-170.5,14.8,-3.0677,-176.2,15.5,-3.0615,0.0,0.0,0.0000,-17.3,1.9,0.0247,17.1,-3.2,0,0.0,0.0,0.0000,0.16,-0.09,0.84,0.61
5.6538,5.6507,3.1,0,-170.2,14.8,-3.0624,-176.2,15.5,-3.0615,0.0,0.0,0.0000,-17.9,2.0,0.0038,17.7,-3.4,0,0.0,0.0,0.0000,0.22,0.17,1.21,0.81
5.6625,5.6507,11.8,0,-170.2,14.8,-3.0624,-176.2,15.5,-3.0615,0.0,0.0,0.0000,-17.9,2.0,0.0038,17.7,-3.4,0,0.0,0.0,0.0000,0.08,0.52,1.21,0.91
5.6700,5.6676,2.4,0,-170.6,14.8,-3.0560,-176.2,15.5,-3.0615,0.0,0.0,0.0000,-16.9,2.0,-0.0219,16.7,-3.4,0,0.0,0.0,0.0000,0.64,0.32,1.27,1.04
5.6787,5.6763,2.4,0,-170.4,14.8,-3.0577,-176.2,15.5,-3.0615,0.0,0.0,0.0000,-17.4,2.0,-0.0152,17.1,-3.4,0,0.0,0.0,0.0000,0.78,0.46,1.40,0.90
5.6857,5.6845,1.2,0,-170.8,14.9,-3.0592,-176.2,15.5,-3.0615,0.0,0.0,0.0000,-16.1,1.6,-0.0090,15.9,-2.9,0,0.0,0.0,0.0000,0.71,0.68,1.15,1.60
5.6942,5.6930,1.2,0,-171.1,15.0,-3.0598,-176.2,15.5,-3.0615,0.0,0.0,0.0000,-15.2,1.3,-0.0067,15.1,-2.5,0,0.0,0.0,0.0000,0.48,0.58,1.54,1.16
5.7017,5.6930,8.8,0,-171.1,15.0,-3.0598,-176.2,15.5,-3.0615,0.0,0.0,0.0000,-15.2,1.3,-0.0067,15.1,-2.5,0,0.0,0.0,0.0000,0.13,0.19,1.61,1.26
5.7103,5.7014,8.9,0,-171.2,15.1,-3.0592,-176.2,15.5,-3.0615,0.0,0.0,0.0000,-15.1,0.9,-0.0090,15.0,-2.2,0,0.0,0.0,0.0000,0.12,1.09,1.14,1.07
5.7179,5.7102,7.7,0,-171.2,15.0,-3.0554,-176.2,15.5,-3.0615,0.0,0.0,0.0000,-15.0,1.5,-0.0242,14.9,-2.7,0,0.0,0.0,0.0000,-0.16,0.57,0.84,1.00
5.7263,5.7183,8.0,0,-171.6,15.1,-3.0555,-176.2,15.5,-3.0615,0.0,0.0,0.0000,-13.7,1.0,-0.0238,13.6,-2.2,0,0.0,0.0,0.0000,-0.26,-0.06,1.16,1.02
5.7341,5.7267,7.4,0,-171.6,15.1,-3.0557,-176.2,15.5,-3.0615,0.0,0.0,0.0000,-13.7,1.2,-0.0231,13.6,-2.3,0,0.0,0.0,0.0000,-0.61,-0.24,0.96,0.35
5.7418,5.7352,6.6,0,-171.5,15.1,-3.0555,-176.2,15.5,-3.0615,0.0,0.0,0.0000,-14.1,1.2,-0.0238,14.0,-2.4,0,0.0,0.0,0.0000,-0.71,-0.22,0.70,0.22
5.7502,5.7439,6.3,0,-171.7,15.2,-3.0600,-176.2,15.5,-3.0615,0.0,0.0,0.0000,-13.6,0.9,-0.0060,13.5,-2.0,0,0.0,0.0,0.0000,-0.81,-0.49,0.16,0.27
5.7583,5.7521,6.2,0,-171.7,15.1,-3.0565,-176.2,15.5,-3.0615,0.0,0.0,0.0000,-13.4,1.1,-0.0199,13.3,-2.2,0,0.0,0.0,0.0000,-0.95,-0.23,0.28,0.40
5.7667,5.7606,6.1,0,-172.0,15.1,-3.0604,-176.2,15.5,-3.0615,0.0,0.0,0.0000,-12.5,1.2,-0.0043,12.4,-2.2,0,0.0,0.0,0.0000,-0.24,-0.80,0.26,-0.03
5.7742,5.7690,5.2,0,-171.8,15.0,-3.0582,-176.2,15.5,-3.0615,0.0,0.0,0.0000,-13.2,1.3,-0.0132,13.1,-2.4,0,0.0,0.0,0.0000,-0.52,-1.03,-0.08,-0.31
5.7823,5.7776,4.7,0,-172.0,15.3,-3.0572,-176.2,15.5,-3.0615,0.0,0.0,0.0000,-12.5,0.4,-0.0172,12.4,-1.5,0,0.0,0.0,0.0000,-1.03,-0.33,0.06,-0.28
5.7906,5.7859,4.7,0,-172.1,15.3,-3.0636,-176.2,15.5,-3.0615,0.0,0.0,0.0000,-12.3,0.3,0.0084,12.3,-1.3,0,0.0,0.0,0.0000,-1.09,-0.51,-0.03,-0.30
5.7979,5.7944,3.5,0,-172.3,15.4,-3.0635,-176.2,15.5,-3.0615,0.0,0.0,0.0000,-11.8,0.3,0.0080,11.8,-1.2,0,0.0,0.0,0.0000,-1.29,-0.89,-0.26,-0.39
5.8062,5.8028,3.4,0,-172.3,15.3,-3.0703,-176.2,15.5,-3.0615,0.0,0.0,0.0000,-11.7,0.4,0.0354,11.7,-1.3,0,0.0,0.0,0.0000,-1.16,-0.92,-0.20,-0.58
5.8141,5.8114,2.7,0,-172.4,15.1,-3.0676,-176.2,15.5,-3.0615,0.0,0.0,0.0000,-11.4,1.0,0.0245,11.3,-1.9,0,0.0,0.0,0.0000,-0.87,-0.66,-0.02,-0.08
5.8222,5.8198,2.5,0,-172.6,15.3,-3.0677,-176.2,15.5,-3.0615,0.0,0.0,0.0000,-10.9,0.5,0.0251,10.8,-1.3,0,0.0,0.0,0.0000,-0.87,-0.75,-0.20,-0.48
5.8302,5.8282,2.0,0,-172.4,15.5,-3.0664,-176.2,15.5,-3.0615,0.0,0.0,0.0000,-11.5,-0.3,0.0198,11.5,-0.6,0,0.0,0.0,0.0000,-0.69,-0.45,0.09,-0.46
5.8378,5.8366,1.2,0,-172.8,15.3,-3.0642,-176.2,15.5,-3.0615,0.0,0.0,0.0000,-10.1,0.6,0.0109,10.0,-1.4,0,0.0,0.0,0.0000,-0.75,-0.40,0.07,-0.01
5.8460,5.8366,9.4,0,-172.8,15.3,-3.0642,-176.2,15.5,-3.0615,0.0,0.0,0.0000,-10.1,0.6,0.0109,10.0,-1.4,0,0.0,0.0,0.0000,-0.73,-0.22,-0.15,0.02
5.8543,5.8535,0.7,0,-173.0,15.4,-3.0674,-176.2,15.5,-3.0615,0.0,0.0,0.0000,-9.5,0.2,0.0237,9.5,-0.9,0,0.0,0.0,0.0000,-0.51,-0.29,0.04,0.01
5.8629,5.8620,0.9,0,-173.0,15.5,-3.0633,-176.2,15.5,-3.0615,0.0,0.0,0.0000,-9.6,-0.1,0.0073,9.5,-0.6,0,0.0,0.0,0.0000,-0.09,0.09,0.15,0.29
5.8698,5.8620,7.8,0,-173.0,15.5,-3.0633,-176.2,15.5,-3.0615,0.0,0.0,0.0000,-9.6,-0.1,0.0073,9.5,-0.6,0,0.0,0.0,0.0000,-0.16,-0.01,0.31,0.22
5.8780,5.8704,7.6,0,-173.5,15.4,-3.0629,-176.2,15.5,-3.0615,0.0,0.0,0.0000,-8.0,0.3,0.0057,8.0,-0.9,0,0.0,0.0,0.0000,-0.04,0.17,0.35,0.79
5.8862,5.8790,7.2,0,-173.3,15.4,-3.0645,-176.2,15.5,-3.0615,0.0,0.0,0.0000,-8.8,0.3,0.0119,8.7,-1.0,0,0.0,0.0,0.0000,0.66,0.19,0.31,0.25
5.8946,5.8873,7.3,0,-173.3,15.5,-3.0649,-176.2,15.5,-3.0615,0.0,0.0,0.0000,-8.8,-0.1,0.0136,8.8,-0.6,0,0.0,0.0,0.0000,-0.04,0.12,0.41,0.29
5.9020,5.8958,6.2,0,-173.1,15.4,-3.0666,-176.2,15.5,-3.0615,0.0,0.0,0.0000,-9.3,0.0,0.0206,9.2,-0.7,0,0.0,0.0,0.0000,0.29,0.36,-0.19,0.10
5.9106,5.9042,6.3,0,-173.2,15.3,-3.0640,-176.2,15.5,-3.0615,0.0,0.0,0.0000,-8.9,0.4,0.0100,8.9,-1.1,0,0.0,0.0,0.0000,0.23,0.28,0.21,0.02
