t_s,tv_s,vision_age_ms,held,pose_x_mm,pose_y_mm,pose_theta_rad,ref_x_mm,ref_y_mm,ref_theta_rad,ref_vx_mm_s,ref_vy_mm_s,ref_omega_rad_s,cmd_world_vx_mm_s,cmd_world_vy_mm_s,cmd_omega_rad_s,cmd_body_vx_mm_s,cmd_body_vy_mm_s,near_goal,pred_x_mm,pred_y_mm,pred_theta_rad,wheel_fl_rad_s,wheel_bl_rad_s,wheel_br_rad_s,wheel_fr_rad_s
-0.2919,-0.2941,2.2,0,-300.5,-155.2,2.8049,-300.7,-155.5,2.7926,0.0,0.0,0.0000,-0.5,-0.9,-0.0490,0.2,1.0,0,0.0,0.0,0.0000,0.00,0.00,0.00,0.00
-0.2842,-0.2853,1.1,0,-300.6,-155.3,2.8022,-300.7,-155.5,2.7926,0.0,0.0,0.0000,-0.1,-0.5,-0.0384,-0.1,0.5,0,0.0,0.0,0.0000,0.00,0.00,0.00,0.00
-0.2758,-0.2853,9.5,0,-300.6,-155.3,2.8022,-300.7,-155.5,2.7926,0.0,0.0,0.0000,-0.1,-0.5,-0.0384,-0.1,0.5,0,0.0,0.0,0.0000,0.00,0.00,0.00,0.00
-0.2677,-0.2688,1.1,0,-300.5,-155.6,2.7973,-300.7,-155.5,2.7926,0.0,0.0,0.0000,-0.6,0.4,-0.0187,0.7,-0.2,0,0.0,0.0,0.0000,0.00,0.00,0.00,0.00
-0.2604,-0.2688,8.5,0,-300.5,-155.6,2.7973,-300.7,-155.5,2.7926,0.0,0.0,0.0000,-0.6,0.4,-0.0187,0.7,-0.2,0,0.0,0.0,0.0000,0.00,0.00,0.00,0.00
-0.2518,-0.2519,0.0,0,-300.8,-155.5,2.7982,-300.7,-155.5,2.7926,0.0,0.0,0.0000,0.3,0.0,-0.0225,-0.3,-0.1,0,0.0,0.0,0.0000,0.00,0.00,0.00,0.00
-0.2442,-0.2519,7.6,0,-300.8,-155.5,2.7982,-300.7,-155.5,2.7926,0.0,0.0,0.0000,0.3,0.0,-0.0225,-0.3,-0.1,0,0.0,0.0,0.0000,0.00,0.00,0.00,0.00
-0.2358,-0.2411,5.3,0,-300.3,-155.1,2.7990,-300.7,-155.5,2.7926,0.0,0.0,0.0000,-1.1,-1.1,-0.0256,0.7,1.4,0,0.0,0.0,0.0000,0.00,0.00,0.00,0.00
-0.2277,-0.2331,5.4,0,-300.3,-155.4,2.7947,-300.7,-155.5,2.7926,0.0,0.0,0.0000,-1.3,-0.2,-0.0084,1.1,0.6,0,0.0,0.0,0.0000,0.00,0.00,0.00,0.00
-0.2203,-0.2257,5.4,0,-300.8,-155.4,2.7935,-300.7,-155.5,2.7926,0.0,0.0,0.0000,0.3,-0.2,-0.0034,-0.3,0.1,0,0.0,0.0,0.0000,0.00,0.00,0.00,0.00
-0.2118,-0.2175,5.8,0,-300.4,-155.5,2.7997,-300.7,-155.5,2.7926,0.0,0.0,0.0000,-0.9,-0.0,-0.0283,0.8,0.3,0,0.0,0.0,0.0000,0.00,0.00,0.00,0.00
-0.2043,-0.2077,3.3,0,-300.1,-155.3,2.7974,-300.7,-155.5,2.7926,0.0,0.0,0.0000,-1.7,-0.7,-0.0193,1.4,1.2,0,0.0,0.0,0.0000,0.00,0.00,0.00,0.00
-0.1963,-0.2021,5.8,0,-300.4,-155.3,2.8011,-300.7,-155.5,2.7926,0.0,0.0,0.0000,-0.9,-0.5,-0.0339,0.7,0.8,0,0.0,0.0,0.0000,0.00,0.00,0.00,0.00
-0.1881,-0.1925,4.3,0,-300.6,-155.5,2.8005,-300.7,-155.5,2.7926,0.0,0.0,0.0000,-0.2,0.1,-0.0314,0.2,-0.0,0,0.0,0.0,0.0000,0.00,0.00,0.00,0.00
-0.1803,-0.1841,3.8,0,-300.5,-155.6,2.7917,-300.7,-155.5,2.7926,0.0,0.0,0.0000,-0.4,0.4,0.0037,0.5,-0.3,0,0.0,0.0,0.0000,0.00,0.00,0.00,0.00
-0.1714,-0.1740,2.6,0,-300.5,-155.4,2.8006,-300.7,-155.5,2.7926,0.0,0.0,0.0000,-0.6,-0.3,-0.0319,0.5,0.4,0,0.0,0.0,0.0000,0.00,0.00,0.00,0.00
-0.1637,-0.1671,3.4,0,-300.2,-154.9,2.7993,-300.7,-155.5,2.7926,0.0,0.0,0.0000,-1.4,-1.7,-0.0266,0.8,2.1,0,0.0,0.0,0.0000,0.00,0.00,0.00,0.00
-0.1556,-0.1581,2.5,0,-300.5,-155.3,2.8008,-300.7,-155.5,2.7926,0.0,0.0,0.0000,-0.4,-0.5,-0.0327,0.2,0.6,0,0.0,0.0,0.0000,0.00,0.00,0.00,0.00
-0.1484,-0.1500,1.6,0,-300.9,-155.6,2.7970,-300.7,-155.5,2.7926,0.0,0.0,0.0000,0.7,0.2,-0.0176,-0.6,-0.4,0,0.0,0.0,0.0000,0.00,0.00,0.00,0.00
-0.1404,-0.1405,0.1,0,-300.2,-155.5,2.7937,-300.7,-155.5,2.7926,0.0,0.0,0.0000,-1.3,0.1,-0.0044,1.3,0.4,0,0.0,0.0,0.0000,0.00,0.00,0.00,0.00
-0.1319,-0.1332,1.3,0,-300.3,-155.2,2.8009,-300.7,-155.5,2.7926,0.0,0.0,0.0000,-1.2,-0.8,-0.0332,0.8,1.1,0,0.0,0.0,0.0000,0.00,0.00,0.00,0.00
-0.1242,-0.1265,2.3,0,-300.3,-155.3,2.7997,-300.7,-155.5,2.7926,0.0,0.0,0.0000,-1.2,-0.6,-0.0284,0.9,1.0,0,0.0,0.0,0.0000,0.00,0.00,0.00,0.00
-0.1159,-0.1163,0.4,0,-300.5,-155.5,2.7982,-300.7,-155.5,2.7926,0.0,0.0,0.0000,-0.4,-0.1,-0.0224,0.4,0.2,0,0.0,0.0,0.0000,0.00,0.00,0.00,0.00
-0.1078,-0.1163,8.5,0,-300.5,-155.5,2.7982,-300.7,-155.5,2.7926,0.0,0.0,0.0000,-0.4,-0.1,-0.0224,0.4,0.2,0,0.0,0.0,0.0000,0.00,0.00,0.00,0.00
-0.0989,-0.0995,0.6,0,-300.6,-155.4,2.7929,-300.7,-155.5,2.7926,0.0,0.0,0.0000,-0.3,-0.2,-0.0010,0.2,0.3,0,0.0,0.0,0.0000,0.00,0.00,0.00,0.00
-0.0916,-0.0995,8.0,0,-300.6,-155.4,2.7929,-300.7,-155.5,2.7926,0.0,0.0,0.0000,-0.3,-0.2,-0.0010,0.2,0.3,0,0.0,0.0,0.0000,0.00,0.00,0.00,0.00
-0.0839,-0.0907,6.8,0,-300.3,-155.3,2.7953,-300.7,-155.5,2.7926,0.0,0.0,0.0000,-8.0,1.9,-0.0108,8.1,0.9,0,0.0,0.0,0.0000,0.00,0.00,0.00,0.00
-0.0756,-0.0824,6.8,0,-301.0,-155.5,2.7858,-300.7,-155.5,2.7926,0.0,0.0,0.0000,-5.5,2.5,0.0273,6.0,-0.4,0,0.0,0.0,0.0000,0.00,0.00,0.00,0.00
-0.0681,-0.0735,5.4,0,-300.4,-155.5,2.7992,-300.7,-155.5,2.7926,0.0,0.0,0.0000,-16.5,5.8,-0.0262,17.5,0.0,0,0.0,0.0,0.0000,0.00,0.00,0.00,0.00
-0.0605,-0.0658,5.4,0,-300.3,-155.5,2.7932,-300.7,-155.5,2.7926,0.0,0.0,0.0000,-23.9,8.4,-0.0023,25.4,0.3,0,0.0,0.0,0.0000,0.00,0.00,0.00,0.00
-0.0511,-0.0572,6.1,0,-300.4,-155.3,2.8005,-300.7,-155.5,2.7926,0.0,0.0,0.0000,-32.6,10.4,-0.0316,34.2,1.1,0,0.0,0.0,0.0000,0.00,0.00,0.00,0.00
-0.0440,-0.0483,4.3,0,-300.3,-155.4,2.7909,-300.7,-155.5,2.7926,0.0,0.0,0.0000,-39.9,13.1,0.0068,42.0,1.5,0,0.0,0.0,0.0000,0.00,0.00,0.00,0.00
-0.0357,-0.0403,4.6,0,-300.5,-155.6,2.7989,-300.7,-155.5,2.7926,0.0,0.0,0.0000,-47.2,16.6,-0.0251,50.0,0.2,0,0.0,0.0,0.0000,0.00,0.00,0.00,0.00
-0.0283,-0.0318,3.4,0,-300.4,-155.5,2.7998,-300.7,-155.5,2.7926,0.0,0.0,0.0000,-54.5,19.0,-0.0287,57.7,0.3,0,0.0,0.0,0.0000,0.00,0.00,0.00,0.00
-0.0199,-0.0232,3.3,0,-300.3,-155.6,2.7993,-300.7,-155.5,2.7926,0.0,0.0,0.0000,-62.6,21.9,-0.0266,66.3,0.4,0,0.0,0.0,0.0000,0.00,0.00,0.00,0.00
-0.0115,-0.0151,3.6,0,-300.4,-155.3,2.7980,-300.7,-155.5,2.7926,0.0,0.0,0.0000,-69.8,23.8,-0.0216,73.7,1.1,0,0.0,0.0,0.0000,0.00,0.00,0.00,0.00
-0.0036,-0.0064,2.8,0,-300.1,-155.1,2.8023,-300.7,-155.5,2.7926,0.0,0.0,0.0000,-78.6,26.1,-0.0389,82.8,1.5,0,0.0,0.0,0.0000,0.00,0.00,0.00,0.00
0.0043,0.0029,1.3,0,-300.3,-155.2,2.8026,-300.7,-155.5,2.7926,-5.7,2.1,-0.0000,-85.5,29.3,-0.0401,90.4,0.8,0,0.0,0.0,0.0000,0.00,0.00,0.00,0.00
0.0115,0.0103,1.2,0,-300.3,-155.3,2.8018,-300.7,-155.5,2.7926,-7.3,2.7,-0.0000,-92.4,31.2,-0.0368,97.5,1.4,0,0.0,0.0,0.0000,0.00,0.00,0.00,0.00
0.0200,0.0188,1.2,0,-300.7,-155.4,2.7933,-300.8,-155.4,2.7926,-17.4,6.4,0.0000,-99.4,33.9,-0.0029,105.0,2.1,0,0.0,0.0,0.0000,0.00,0.00,0.00,0.00
0.0276,0.0272,0.4,0,-300.4,-155.5,2.7981,-301.0,-155.4,2.7926,-25.3,9.2,0.0000,-108.5,36.4,-0.0218,114.4,2.3,0,0.0,0.0,0.0000,0.00,0.00,0.00,0.00
0.0357,0.0356,0.1,0,-300.4,-155.7,2.7930,-301.3,-155.3,2.7926,-33.5,11.6,-0.0000,-117.3,39.6,-0.0015,123.7,2.9,0,0.0,0.0,0.0000,0.00,0.00,0.00,0.00
0.0444,0.0441,0.3,0,-300.5,-155.2,2.7944,-301.6,-155.2,2.7926,-41.7,14.4,0.0000,-126.3,41.4,-0.0072,132.8,4.1,0,0.0,0.0,0.0000,0.00,0.00,0.00,0.00
0.0519,0.0441,7.9,0,-300.5,-155.2,2.7944,-301.6,-155.2,2.7926,-41.7,14.4,0.0000,-134.7,44.1,-0.0072,141.6,4.3,0,0.0,0.0,0.0000,0.00,0.00,0.00,0.00
0.0602,0.0525,7.7,0,-300.3,-155.2,2.7978,-302.0,-155.0,2.7926,-49.8,17.5,0.0000,-144.5,45.7,-0.0206,151.4,5.7,0,0.0,0.0,0.0000,0.00,0.00,0.00,0.00
0.0677,0.0611,6.6,0,-300.7,-155.6,2.7947,-302.4,-154.9,2.7926,-57.8,20.4,-0.0000,-151.9,48.6,-0.0082,159.4,5.9,0,0.0,0.0,0.0000,0.00,0.00,0.00,0.00
0.0759,0.0696,6.4,0,-300.6,-155.3,2.8038,-303.0,-154.7,2.7926,-65.4,23.1,-0.0000,-161.5,50.7,-0.0449,169.2,5.7,0,0.0,0.0,0.0000,0.00,0.00,0.00,0.00
0.0844,0.0778,6.6,0,-300.3,-155.2,2.8020,-303.5,-154.5,2.7926,-73.3,26.0,0.0000,-172.4,53.4,-0.0377,180.4,7.1,0,0.0,0.0,0.0000,0.00,0.00,0.00,0.00
0.0924,0.0866,5.7,0,-300.6,-155.3,2.7994,-304.2,-154.2,2.7926,-81.8,29.3,0.0000,-182.1,55.0,-0.0270,190.0,9.3,0,0.0,0.0,0.0000,0.00,0.00,0.00,0.00
0.0995,0.0934,6.2,0,-300.7,-155.5,2.7893,-304.8,-154.0,2.7926,-88.1,31.1,0.0000,-191.3,57.1,0.0134,199.2,12.4,0,0.0,0.0,0.0000,0.00,0.00,0.00,0.00
0.1075,0.1031,4.3,0,-300.8,-155.5,2.7898,-305.7,-153.7,2.7926,-97.2,33.5,0.0000,-200.7,60.1,0.0114,209.1,12.8,0,0.0,0.0,0.0000,0.00,0.00,0.00,0.00
0.1164,0.1118,4.6,0,-300.4,-155.3,2.7984,-306.6,-153.4,2.7926,-105.8,35.8,-0.0000,-213.0,62.4,-0.0233,221.6,12.9,0,0.0,0.0,0.0000,0.00,0.00,0.00,0.00
0.1243,0.1205,3.8,0,-300.5,-155.6,2.7904,-307.5,-153.1,2.7926,-114.3,38.2,-0.0000,-223.9,65.5,0.0089,232.8,15.5,0,0.0,0.0,0.0000,0.00,0.00,0.00,0.00
0.1323,0.1288,3.5,0,-300.8,-155.6,2.7891,-308.5,-152.8,2.7926,-122.3,40.9,0.0000,-234.0,67.7,0.0141,243.0,17.2,0,0.0,0.0,0.0000,0.00,0.00,0.00,0.00
0.1402,0.1368,3.3,0,-300.5,-155.6,2.7965,-309.5,-152.4,2.7926,-130.1,43.5,-0.0000,-245.9,68.6,-0.0154,254.6,18.7,0,0.0,0.0,0.0000,0.00,0.00,0.00,0.00
0.1477,0.1454,2.3,0,-300.4,-155.6,2.7956,-310.7,-152.1,2.7926,-138.5,44.7,-0.0000,-257.2,70.1,-0.0119,265.7,21.3,0,0.0,0.0,0.0000,0.00,0.00,0.00,0.00
0.1557,0.1541,1.6,0,-300.2,-155.1,2.8025,-311.9,-151.7,2.7926,-146.9,46.4,-0.0000,-269.0,70.4,-0.0395,277.0,23.1,0,0.0,0.0,0.0000,0.00,0.00,0.00,0.00
0.1640,0.1625,1.4,0,-300.0,-155.1,2.8003,-313.2,-151.3,2.7926,-154.6,49.1,-0.0000,-281.3,72.1,-0.0306,289.2,26.2,0,0.0,0.0,0.0000,0.00,0.00,0.00,0.00
0.1729,0.1728,0.1,0,-300.5,-155.3,2.7976,-314.8,-150.7,2.7926,-164.7,51.1,0.0000,-293.8,74.4,-0.0201,301.7,29.0,0,0.0,0.0,0.0000,0.00,0.00,0.00,0.00
0.1805,0.1792,1.2,0,-300.9,-155.3,2.7990,-315.9,-150.4,2.7926,-171.8,51.4,0.0000,-304.6,76.1,-0.0256,312.4,30.6,0,0.0,0.0,0.0000,0.00,0.00,0.00,0.00
0.1883,0.1880,0.3,0,-300.8,-155.5,2.7931,-317.5,-150.0,2.7926,-180.6,52.9,0.0000,-316.5,77.6,-0.0018,323.9,35.2,0,0.0,0.0,0.0000,0.00,0.00,0.00,0.00
0.1963,0.1962,0.1,0,-300.7,-155.6,2.8026,-319.0,-149.5,2.7926,-188.0,55.1,-0.0000,-329.4,79.0,-0.0400,337.0,35.0,0,0.0,0.0,0.0000,0.00,0.00,0.00,0.00
0.2039,0.1962,7.7,0,-300.7,-155.6,2.8026,-319.0,-149.5,2.7926,-188.0,55.1,-0.0000,-341.7,79.5,-0.0400,348.7,38.6,0,0.0,0.0,0.0000,0.00,0.00,0.00,0.00
0.2123,0.2060,6.3,0,-300.7,-155.5,2.7889,-320.9,-149.0,2.7926,-197.9,56.9,0.0000,-355.1,80.2,0.0149,360.9,47.4,0,0.0,0.0,0.0000,0.00,0.00,0.00,0.00
0.2196,0.2130,6.6,0,-300.4,-155.6,2.7978,-322.3,-148.6,2.7926,-205.1,58.3,0.0000,-368.6,80.8,-0.0208,374.3,48.2,0,0.0,0.0,0.0000,0.00,0.00,0.00,0.00
0.2280,0.2224,5.6,0,-300.6,-155.0,2.8007,-324.2,-148.0,2.7926,-214.7,58.9,0.0000,-382.7,79.8,-0.0322,387.3,52.7,0,0.0,0.0,0.0000,0.00,0.00,0.00,0.00
0.2360,0.2293,6.6,0,-300.9,-155.6,2.7956,-325.8,-147.6,2.7926,-222.0,58.9,0.0000,-394.9,82.0,-0.0121,399.3,56.8,0,0.0,0.0,0.0000,0.00,0.00,0.00,0.00
0.2438,0.2385,5.3,0,-300.3,-155.6,2.7966,-327.8,-147.1,2.7926,-230.9,59.5,0.0000,-409.9,82.3,-0.0160,413.6,61.2,0,0.0,0.0,0.0000,0.00,0.00,0.00,0.00
0.2515,0.2469,4.7,0,-300.3,-155.3,2.8006,-329.8,-146.6,2.7926,-238.9,60.1,0.0000,-424.0,80.8,-0.0321,426.6,65.6,0,0.0,0.0,0.0000,0.00,0.00,0.00,0.00
0.2601,0.2546,5.4,0,-300.4,-155.3,2.7978,-331.7,-146.1,2.7926,-247.1,60.5,-0.0000,-439.4,80.3,-0.0208,440.8,72.5,0,0.0,0.0,0.0000,0.00,0.00,0.00,0.00
0.2686,0.2642,4.4,0,-300.6,-155.5,2.7977,-334.1,-145.5,2.7926,-257.5,61.1,0.0000,-454.2,80.0,-0.0203,454.6,77.8,0,0.0,0.0,0.0000,0.00,0.00,0.00,0.00
0.2764,0.2721,4.3,0,-300.3,-155.5,2.8015,-336.2,-145.0,2.7926,-265.2,60.9,-0.0000,-469.7,79.2,-0.0354,469.2,82.0,0,0.0,0.0,0.0000,0.00,0.00,0.00,0.00
0.2844,0.2805,3.9,0,-300.6,-155.5,2.7978,-338.4,-144.5,2.7926,-273.6,60.9,0.0000,-483.4,78.5,-0.0209,481.6,89.0,0,0.0,0.0,0.0000,0.00,0.00,0.00,0.00
0.2920,0.2894,2.6,0,-300.3,-155.4,2.7963,-340.9,-144.0,2.7926,-282.8,60.1,0.0000,-494.1,76.6,-0.0147,490.9,95.2,0,0.0,0.0,0.0000,0.00,0.00,0.00,0.00
0.3002,0.2977,2.6,0,-300.7,-155.7,2.7952,-343.3,-143.5,2.7926,-291.3,59.4,-0.0000,-494.5,73.9,-0.0102,490.2,98.4,0,0.0,0.0,0.0000,0.00,0.00,0.00,0.00
0.3081,0.2977,10.5,0,-300.7,-155.7,2.7952,-343.3,-143.5,2.7926,-291.3,59.4,-0.0000,-495.0,70.4,-0.0102,489.5,101.8,0,0.0,0.0,0.0000,0.00,0.00,0.00,0.00
0.3162,0.3150,1.2,0,-300.7,-155.4,2.7990,-348.5,-142.5,2.7926,-310.0,57.5,-0.0000,-495.7,65.1,-0.0254,488.8,105.3,0,0.0,0.0,0.0000,0.00,0.00,0.00,0.00
0.3237,0.3236,0.1,0,-300.4,-155.3,2.7977,-351.2,-142.0,2.7926,-318.3,56.5,-0.0000,-496.3,60.7,-0.0204,487.7,110.1,0,0.0,0.0,0.0000,0.00,0.00,0.00,0.00
0.3315,0.3314,0.1,0,-300.5,-155.5,2.7993,-353.7,-141.5,2.7926,-326.4,55.1,0.0000,-496.6,58.3,-0.0269,487.3,111.8,0,0.0,0.0,0.0000,0.00,0.00,0.00,0.00
0.3401,0.3399,0.1,0,-299.9,-155.1,2.8003,-356.5,-141.1,2.7926,-335.9,53.0,0.0000,-497.1,53.4,-0.0306,486.3,116.1,0,0.0,0.0,0.0000,0.00,0.00,0.00,0.00
0.3479,0.3399,7.9,0,-299.9,-155.1,2.8003,-356.5,-141.1,2.7926,-335.9,53.0,0.0000,-497.5,50.4,-0.0306,485.6,119.0,0,0.0,0.0,0.0000,0.00,0.00,0.00,0.00
0.3559,0.3492,6.6,0,-300.0,-155.1,2.8005,-359.7,-140.6,2.7926,-345.8,50.6,-0.0000,-497.7,47.5,-0.0315,485.0,121.7,0,0.0,0.0,0.0000,0.00,0.00,0.00,0.00
0.3639,0.3570,6.8,0,-300.4,-155.2,2.8000,-362.4,-140.2,2.7926,-354.1,48.4,-0.0000,-498.0,44.4,-0.0295,484.1,125.0,0,0.0,0.0,0.0000,0.00,0.00,0.00,0.00
0.3716,0.3652,6.4,0,-301.0,-155.4,2.7946,-365.4,-139.8,2.7926,-362.5,46.0,0.0000,-498.2,41.8,-0.0081,482.8,130.1,0,0.0,0.0,0.0000,0.00,0.00,0.00,0.00
0.3802,0.3736,6.6,0,-300.5,-155.2,2.7981,-368.4,-139.5,2.7926,-371.0,43.7,-0.0000,-498.6,37.7,-0.0221,482.2,132.3,0,0.0,0.0,0.0000,0.00,0.00,0.00,0.00
0.3879,0.3823,5.6,0,-300.3,-155.3,2.8009,-371.7,-139.1,2.7926,-380.0,40.6,-0.0000,-498.8,34.9,-0.0331,481.8,133.8,0,0.0,0.0,0.0000,0.00,0.00,0.00,0.00
0.3963,0.3909,5.4,0,-300.5,-155.6,2.7972,-375.0,-138.7,2.7926,-390.3,37.8,0.0000,-499.0,32.2,-0.0184,480.5,138.1,0,0.0,0.0,0.0000,0.00,0.00,0.00,0.00
0.4040,0.3989,5.0,0,-300.9,-155.2,2.7963,-378.2,-138.5,2.7926,-394.5,33.3,0.0000,-499.2,28.4,-0.0146,479.3,142.3,0,0.0,0.0,0.0000,0.00,0.00,0.00,0.00
0.4118,0.3989,12.8,0,-300.9,-155.2,2.7963,-378.2,-138.5,2.7926,-394.5,33.3,0.0000,-499.4,25.4,-0.0146,478.5,145.1,0,0.0,0.0,0.0000,0.00,0.00,0.00,0.00
0.4203,0.4159,4.4,0,-300.7,-155.6,2.7875,-384.9,-138.0,2.7926,-399.4,24.0,0.0000,-499.5,23.1,0.0206,476.5,151.6,0,0.0,0.0,0.0000,0.00,0.00,0.00,0.00
0.4276,0.4250,2.6,0,-301.0,-155.4,2.7917,-388.6,-137.8,2.7926,-400.0,19.3,-0.0000,-499.6,19.7,0.0035,476.1,152.8,0,0.0,0.0,0.0000,0.00,0.00,0.00,0.00
0.4364,0.4328,3.6,0,-300.2,-155.1,2.8005,-391.7,-137.6,2.7926,-399.6,15.3,-0.0000,-499.8,15.3,-0.0317,476.1,152.8,0,0.0,0.0,0.0000,0.00,0.00,0.00,0.00
0.4440,0.4416,2.4,0,-300.4,-155.2,2.7960,-395.2,-137.5,2.7926,-399.4,10.9,-0.0000,-499.8,12.2,-0.0136,474.4,157.8,0,0.0,0.0,0.0000,0.00,0.00,0.00,0.00
0.4523,0.4498,2.6,0,-300.9,-155.5,2.7960,-398.5,-137.5,2.7926,-399.8,6.5,0.0000,-499.9,9.5,-0.0137,473.6,160.4,0,0.0,0.0,0.0000,0.00,0.00,0.00,0.00
0.4600,0.4588,1.2,0,-300.6,-155.3,2.8023,-402.1,-137.4,2.7926,-400.0,1.7,-0.0000,-500.0,6.6,-0.0387,473.7,160.2,0,0.0,0.0,0.0000,0.00,0.00,0.00,0.00
0.4677,0.4665,1.3,0,-300.9,-155.4,2.7978,-405.1,-137.4,2.7926,-399.7,-2.5,-0.0000,-500.0,4.2,-0.0209,472.2,164.5,0,0.0,0.0,0.0000,0.00,0.00,0.00,0.00
0.4755,0.4753,0.1,0,-300.5,-155.5,2.8033,-408.7,-137.5,2.7926,-399.7,-7.3,0.0000,-500.0,1.3,-0.0427,472.1,164.7,0,0.0,0.0,0.0000,0.00,0.00,0.00,0.00
0.4838,0.4837,0.1,0,-300.1,-155.2,2.8025,-412.0,-137.5,2.7926,-400.3,-11.7,-0.0000,-500.0,-2.3,-0.0396,470.8,168.4,0,0.0,0.0,0.0000,0.00,0.00,0.00,0.00
0.4927,0.4926,0.1,0,-300.4,-155.3,2.8006,-415.6,-137.7,2.7926,-400.1,-16.4,-0.0000,-500.0,-6.1,-0.0318,469.1,173.0,0,0.0,0.0,0.0000,0.00,0.00,0.00,0.00
0.5004,0.5003,0.1,0,-300.2,-155.5,2.7991,-418.7,-137.8,2.7926,-399.3,-20.3,-0.0000,-499.9,-8.9,-0.0259,467.9,176.3,0,0.0,0.0,0.0000,0.00,0.00,0.00,0.00
0.5078,0.5003,7.6,0,-300.2,-155.5,2.7991,-418.7,-137.8,2.7926,-399.3,-20.3,-0.0000,-499.9,-11.5,-0.0259,467.0,178.7,0,0.0,0.0,0.0000,0.00,0.00,0.00,0.00
0.5161,0.5095,6.6,0,-300.5,-155.2,2.7983,-422.4,-138.0,2.7926,-399.1,-25.3,0.0000,-499.8,-15.0,-0.0229,465.6,182.3,0,0.0,0.0,0.0000,0.00,0.00,0.00,0.00
0.5242,0.5175,6.7,0,-300.0,-155.3,2.7999,-425.5,-138.2,2.7926,-399.3,-29.6,-0.0000,-499.7,-17.5,-0.0293,464.9,183.9,0,0.0,0.0,0.0000,0.00,0.00,0.00,0.00
0.5324,0.5281,4.3,0,-300.7,-155.7,2.7905,-429.8,-138.6,2.7926,-398.4,-35.7,-0.0000,-499.6,-19.5,0.0086,462.4,190.2,0,0.0,0.0,0.0000,0.00,0.00,0.00,0.00
0.5398,0.5341,5.7,0,-300.8,-155.4,2.7986,-432.2,-138.8,2.7926,-397.7,-39.4,0.0000,-499.4,-23.5,-0.0238,462.5,190.1,0,0.0,0.0,0.0000,0.00,0.00,0.00,0.00
0.5476,0.5430,4.6,0,-300.3,-155.4,2.7994,-435.7,-139.2,2.7926,-397.4,-43.6,-0.0000,-499.3,-26.7,-0.0270,461.4,192.7,0,0.0,0.0,0.0000,0.00,0.00,0.00,0.00
0.5560,0.5513,4.7,0,-301.2,-155.5,2.7916,-439.0,-139.6,2.7926,-397.2,-47.3,0.0000,-499.1,-29.5,0.0039,458.8,198.8,0,0.0,0.0,0.0000,0.00,0.00,0.00,0.00
0.5642,0.5513,12.8,0,-301.2,-155.5,2.7916,-439.0,-139.6,2.7926,-397.2,-47.3,0.0000,-498.9,-32.4,0.0039,457.6,201.5,0,0.0,0.0,0.0000,0.00,0.00,0.00,0.00
0.5723,0.5684,3.9,0,-300.5,-155.4,2.8010,-445.8,-140.4,2.7926,-396.2,-56.1,0.0000,-498.7,-35.5,-0.0335,458.2,200.1,0,0.0,0.0,0.0000,0.00,0.00,0.00,0.00
0.5800,0.5766,3.4,0,-301.0,-155.3,2.7906,-449.0,-140.9,2.7926,-395.1,-61.1,-0.0000,-498.5,-38.5,0.0079,454.9,207.5,0,0.0,0.0,0.0000,0.00,0.00,0.00,0.00
0.5885,0.5849,3.6,0,-300.9,-155.6,2.7928,-452.3,-141.5,2.7926,-394.0,-66.0,-0.0000,-498.3,-41.1,-0.0009,454.3,208.9,0,0.0,0.0,0.0000,0.00,0.00,0.00,0.00
0.5963,0.5947,1.5,0,-300.3,-155.4,2.7988,-456.2,-142.1,2.7926,-394.3,-70.9,0.0000,-498.1,-44.1,-0.0247,454.2,209.0,0,0.0,0.0,0.0000,0.00,0.00,0.00,0.00
0.6043,0.6019,2.4,0,-300.8,-155.7,2.7956,-459.0,-142.6,2.7926,-393.9,-74.5,0.0000,-497.8,-47.2,-0.0121,452.3,213.2,0,0.0,0.0,0.0000,0.00,0.00,0.00,0.00
0.6124,0.6100,2.4,0,-300.6,-155.2,2.7922,-462.2,-143.3,2.7926,-392.2,-78.1,0.0000,-497.4,-51.2,0.0016,449.8,218.4,0,0.0,0.0,0.0000,0.00,0.00,0.00,0.00
0.6203,0.6174,2.9,0,-300.3,-155.3,2.8006,-465.1,-143.9,2.7926,-391.1,-81.6,-0.0000,-497.2,-53.2,-0.0318,450.7,216.5,0,0.0,0.0,0.0000,0.00,0.00,0.00,0.00
0.6281,0.6279,0.1,0,-300.8,-155.6,2.7888,-469.2,-144.8,2.7926,-389.9,-88.3,0.0000,-496.9,-55.2,0.0152,447.2,223.5,0,0.0,0.0,0.0000,0.00,0.00,0.00,0.00
0.6357,0.6355,0.2,0,-300.0,-155.3,2.8004,-472.1,-145.4,2.7926,-389.0,-92.4,-0.0000,-496.6,-58.6,-0.0311,448.3,221.4,0,0.0,0.0,0.0000,0.00,0.00,0.00,0.00
0.6442,0.6441,0.1,0,-300.4,-155.7,2.7971,-475.5,-146.2,2.7926,-388.1,-96.4,-0.0000,-496.2,-61.2,-0.0180,446.4,225.2,0,0.0,0.0,0.0000,0.00,0.00,0.00,0.00
0.6518,0.6441,7.7,0,-300.4,-155.7,2.7971,-475.5,-146.2,2.7926,-388.1,-96.4,-0.0000,-495.9,-64.1,-0.0180,445.1,227.8,0,0.0,0.0,0.0000,0.00,0.00,0.00,0.00
0.6600,0.6525,7.6,0,-300.4,-155.4,2.8038,-478.7,-147.1,2.7926,-387.1,-100.6,0.0000,-495.4,-67.8,-0.0448,444.9,228.1,0,0.0,0.0,0.0000,0.00,0.00,0.00,0.00
0.6681,0.6617,6.5,0,-300.3,-155.3,2.8008,-482.3,-148.0,2.7926,-386.2,-105.1,-0.0000,-495.0,-70.9,-0.0328,442.8,232.2,0,0.0,0.0,0.0000,0.00,0.00,0.00,0.00
0.6757,0.6693,6.4,0,-300.8,-155.3,2.8013,-485.2,-148.8,2.7926,-385.2,-109.0,-0.0000,-494.5,-73.7,-0.0349,441.6,234.5,0,0.0,0.0,0.0000,0.00,0.00,0.00,0.00
0.6836,0.6780,5.6,0,-300.3,-155.5,2.7954,-488.6,-149.8,2.7926,-384.0,-113.3,-0.0000,-494.2,-75.8,-0.0111,439.2,239.0,0,0.0,0.0,0.0000,0.00,0.00,0.00,0.00
0.6919,0.6864,5.4,0,-300.5,-155.1,2.8026,-491.8,-150.8,2.7926,-382.3,-118.1,-0.0000,-493.7,-79.1,-0.0400,439.3,238.7,0,0.0,0.0,0.0000,0.00,0.00,0.00,0.00
0.6996,0.6950,4.6,0,-300.9,-155.4,2.7943,-495.1,-151.8,2.7926,-380.3,-123.5,0.0000,-493.3,-81.6,-0.0067,436.1,244.6,0,0.0,0.0,0.0000,0.00,0.00,0.00,0.00
0.7084,0.7026,5.8,0,-300.2,-155.5,2.7926,-498.0,-152.8,2.7926,-379.2,-126.7,0.0000,-492.8,-84.5,-0.0001,434.2,247.9,0,0.0,0.0,0.0000,0.00,0.00,0.00,0.00
0.7163,0.7119,4.4,0,-300.7,-155.2,2.7957,-501.5,-154.0,2.7926,-378.1,-130.2,0.0000,-492.2,-88.1,-0.0124,433.2,249.7,0,0.0,0.0,0.0000,0.00,0.00,0.00,0.00
0.7237,0.7193,4.4,0,-300.7,-155.4,2.7924,-504.3,-154.9,2.7926,-376.7,-134.3,0.0000,-491.7,-90.6,0.0009,431.0,253.4,0,0.0,0.0,0.0000,0.00,0.00,0.00,0.00
0.7325,0.7286,4.0,0,-300.5,-155.4,2.7974,-507.8,-156.2,2.7926,-375.0,-139.2,-0.0000,-491.1,-93.7,-0.0190,430.7,254.0,0,0.0,0.0,0.0000,0.00,0.00,0.00,0.00
0.7401,0.7369,3.2,0,-300.5,-155.4,2.8006,-510.9,-157.4,2.7926,-373.5,-143.5,0.0000,-490.6,-96.3,-0.0321,430.2,254.8,0,0.0,0.0,0.0000,0.00,0.00,0.00,0.00
0.7477,0.7453,2.4,0,-300.4,-155.4,2.7981,-514.0,-158.6,2.7926,-372.0,-147.9,0.0000,-490.2,-98.7,-0.0220,428.3,258.0,0,0.0,0.0,0.0000,0.00,0.00,0.00,0.00
0.7560,0.7537,2.3,0,-300.4,-155.3,2.7985,-517.1,-159.9,2.7926,-369.8,-152.2,-0.0000,-489.6,-101.7,-0.0235,426.8,260.4,0,0.0,0.0,0.0000,0.00,0.00,0.00,0.00
0.7639,0.7624,1.5,0,-300.3,-155.5,2.8006,-520.3,-161.2,2.7926,-367.8,-156.5,0.0000,-489.0,-104.1,-0.0319,426.1,261.7,0,0.0,0.0,0.0000,0.00,0.00,0.00,0.00
0.7725,0.7711,1.5,0,-300.4,-155.5,2.7941,-523.5,-162.6,2.7926,-366.6,-160.0,-0.0000,-488.4,-107.1,-0.0060,422.7,267.1,0,0.0,0.0,0.0000,0.00,0.00,0.00,0.00
0.7798,0.7795,0.3,0,-300.2,-155.1,2.8037,-526.6,-163.9,2.7926,-365.0,-163.8,-0.0000,-487.7,-110.4,-0.0444,423.5,265.8,0,0.0,0.0,0.0000,0.00,0.00,0.00,0.00
0.7880,0.7879,0.1,0,-301.0,-155.6,2.7909,-529.7,-165.3,2.7926,-363.0,-168.2,0.0000,-487.1,-113.0,0.0069,418.6,273.4,0,0.0,0.0,0.0000,0.00,0.00,0.00,0.00
0.7963,0.7962,0.1,0,-300.3,-155.5,2.7950,-532.7,-166.8,2.7926,-360.9,-172.4,0.0000,-486.5,-115.6,-0.0095,418.3,274.0,0,0.0,0.0,0.0000,0.00,0.00,0.00,0.00
0.8036,0.7962,7.4,0,-300.3,-155.5,2.7950,-532.7,-166.8,2.7926,-360.9,-172.4,0.0000,-485.9,-118.0,-0.0095,416.9,276.1,0,0.0,0.0,0.0000,0.00,0.00,0.00,0.00
0.8127,0.8047,8.0,0,-300.5,-155.3,2.8017,-535.7,-168.2,2.7926,-358.3,-176.9,-0.0000,-485.0,-121.4,-0.0363,416.8,276.1,0,0.0,0.0,0.0000,0.00,0.00,0.00,0.00
0.8199,0.8134,6.4,0,-300.8,-155.7,2.7883,-538.8,-169.8,2.7926,-356.4,-181.2,0.0000,-484.6,-123.3,0.0171,412.0,283.3,0,0.0,0.0,0.0000,0.00,0.00,0.00,0.00
0.8279,0.8219,5.9,0,-300.8,-155.6,2.7890,-541.9,-171.4,2.7926,-355.0,-185.4,0.0000,-483.7,-126.5,0.0146,410.3,285.8,0,0.0,0.0,0.0000,0.00,0.00,0.00,0.00
0.8360,0.8303,5.6,0,-300.5,-155.5,2.7945,-544.8,-172.9,2.7926,-352.9,-189.1,-0.0000,-483.0,-129.4,-0.0077,410.2,286.0,0,0.0,0.0,0.0000,0.00,0.00,0.00,0.00
0.8440,0.8385,5.5,0,-300.3,-155.2,2.7957,-547.7,-174.5,2.7926,-350.6,-192.4,0.0000,-482.2,-132.3,-0.0124,408.8,288.0,0,0.0,0.0,0.0000,0.00,0.00,0.00,0.00
0.8519,0.8471,4.8,0,-300.2,-155.3,2.7949,-550.7,-176.2,2.7926,-348.5,-196.4,-0.0000,-481.5,-134.8,-0.0091,407.0,290.4,0,0.0,0.0,0.0000,0.00,0.00,0.00,0.00
0.8600,0.8554,4.6,0,-300.8,-155.4,2.7944,-553.6,-177.8,2.7926,-346.6,-200.2,-0.0000,-480.7,-137.7,-0.0072,405.1,293.0,0,0.0,0.0,0.0000,0.00,0.00,0.00,0.00
0.8683,0.8640,4.4,0,-300.3,-155.4,2.8005,-556.5,-179.5,2.7926,-343.8,-204.4,-0.0000,-479.9,-140.4,-0.0315,405.3,292.8,0,0.0,0.0,0.0000,0.00,0.00,0.00,0.00
0.8762,0.8726,3.6,0,-300.3,-155.4,2.7924,-559.5,-181.3,2.7926,-340.9,-208.8,0.0000,-479.2,-142.9,0.0007,401.4,298.2,0,0.0,0.0,0.0000,0.00,0.00,0.00,0.00
0.8846,0.8808,3.8,0,-300.8,-155.1,2.8010,-562.3,-183.1,2.7926,-338.9,-212.2,-0.0000,-478.2,-146.2,-0.0337,401.9,297.5,0,0.0,0.0,0.0000,0.00,0.00,0.00,0.00
0.8917,0.8893,2.4,0,-300.4,-155.6,2.7982,-565.2,-184.9,2.7926,-336.7,-215.8,-0.0000,-477.6,-148.1,-0.0222,399.8,300.2,0,0.0,0.0,0.0000,0.00,0.00,0.00,0.00
0.8998,0.8974,2.5,0,-300.2,-155.6,2.7994,-567.9,-186.6,2.7926,-334.7,-219.2,0.0000,-476.6,-151.1,-0.0270,398.3,302.3,0,0.0,0.0,0.0000,0.00,0.00,0.00,0.00
0.9078,0.9061,1.7,0,-300.6,-155.4,2.8008,-570.8,-188.6,2.7926,-332.4,-223.0,0.0000,-475.7,-153.8,-0.0327,397.0,304.0,0,0.0,0.0,0.0000,0.00,0.00,0.00,0.00
0.9158,0.9146,1.2,0,-300.2,-155.3,2.8000,-573.6,-190.5,2.7926,-328.7,-227.1,0.0000,-474.9,-156.3,-0.0296,395.1,306.4,0,0.0,0.0,0.0000,0.00,0.00,0.00,0.00
0.9241,0.9229,1.2,0,-300.4,-155.6,2.7943,-576.3,-192.4,2.7926,-325.9,-230.9,-0.0000,-474.1,-158.9,-0.0069,391.7,310.7,0,0.0,0.0,0.0000,0.00,0.00,0.00,0.00
0.9315,0.9314,0.1,0,-300.2,-155.6,2.7954,-579.1,-194.3,2.7926,-324.1,-234.4,-0.0000,-473.3,-161.2,-0.0112,390.5,312.3,0,0.0,0.0,0.0000,0.00,0.00,0.00,0.00
0.9400,0.9399,0.1,0,-300.1,-155.6,2.8017,-581.8,-196.4,2.7926,-321.7,-238.1,-0.0000,-472.3,-164.1,-0.0363,390.6,312.2,0,0.0,0.0,0.0000,0.00,0.00,0.00,0.00
0.9475,0.9399,7.6,0,-300.1,-155.6,2.8017,-581.8,-196.4,2.7926,-321.7,-238.1,-0.0000,-471.4,-166.6,-0.0363,388.9,314.2,0,0.0,0.0,0.0000,0.00,0.00,0.00,0.00
0.9564,0.9481,8.2,0,-301.1,-155.8,2.7897,-584.5,-198.3,2.7926,-319.3,-241.9,0.0000,-470.3,-169.7,0.0118,383.0,321.4,0,0.0,0.0,0.0000,0.00,0.00,0.00,0.00
0.9638,0.9572,6.6,0,-300.7,-155.4,2.7948,-587.3,-200.5,2.7926,-316.3,-245.5,-0.0000,-469.3,-172.6,-0.0088,382.7,321.8,0,0.0,0.0,0.0000,0.00,0.00,0.00,0.00
0.9718,0.9654,6.4,0,-300.5,-155.5,2.7963,-589.9,-202.6,2.7926,-313.2,-248.3,0.0000,-468.4,-174.9,-0.0147,381.5,323.2,0,0.0,0.0,0.0000,0.00,0.00,0.00,0.00
0.9802,0.9736,6.6,0,-300.8,-155.1,2.8011,-592.5,-204.6,2.7926,-310.2,-252.0,-0.0000,-467.1,-178.3,-0.0338,380.7,324.1,0,0.0,0.0,0.0000,0.00,0.00,0.00,0.00
0.9883,0.9823,6.0,0,-300.4,-155.6,2.7937,-595.2,-206.8,2.7926,-306.8,-256.5,0.0000,-466.5,-180.0,-0.0042,377.2,328.2,0,0.0,0.0,0.0000,0.00,0.00,0.00,0.00
0.9963,0.9908,5.4,0,-301.1,-155.2,2.7951,-597.8,-209.0,2.7926,-304.1,-259.6,-0.0000,-465.3,-183.1,-0.0098,375.4,330.3,0,0.0,0.0,0.0000,0.00,0.00,0.00,0.00
1.0039,0.9988,5.1,0,-300.4,-155.7,2.7948,-600.2,-211.1,2.7926,-301.5,-262.3,0.0000,-464.5,-185.1,-0.0086,373.9,331.9,0,0.0,0.0,0.0000,0.00,0.00,0.00,0.00
1.0118,1.0083,3.5,0,-300.8,-155.2,2.7982,-603.0,-213.6,2.7926,-298.6,-266.2,0.0000,-463.1,-188.5,-0.0225,372.6,333.4,0,0.0,0.0,0.0000,0.00,0.00,0.00,0.00
1.0195,1.0160,3.4,0,-300.7,-155.6,2.7985,-605.3,-215.7,2.7926,-296.4,-269.4,-0.0000,-462.3,-190.4,-0.0237,371.3,334.8,0,0.0,0.0,0.0000,0.00,0.00,0.00,0.00
1.0284,1.0248,3.6,0,-300.4,-155.5,2.7977,-607.9,-218.1,2.7926,-292.7,-272.8,0.0000,-461.2,-193.2,-0.0204,369.0,337.4,0,0.0,0.0,0.0000,0.00,0.00,0.00,0.00
1.0365,1.0329,3.6,0,-300.6,-155.4,2.8008,-610.3,-220.3,2.7926,-289.5,-276.0,0.0000,-460.0,-196.0,-0.0329,368.0,338.4,0,0.0,0.0,0.0000,0.00,0.00,0.00,0.00
1.0437,1.0414,2.3,0,-300.5,-155.5,2.8012,-612.7,-222.6,2.7926,-286.1,-279.3,0.0000,-459.1,-198.2,-0.0342,366.6,340.1,0,0.0,0.0,0.0000,0.00,0.00,0.00,0.00
1.0521,1.0495,2.6,0,-300.6,-155.4,2.7970,-615.0,-224.9,2.7926,-282.9,-282.5,0.0000,-457.9,-200.9,-0.0177,363.1,343.8,0,0.0,0.0,0.0000,0.00,0.00,0.00,0.00
1.0598,1.0584,1.4,0,-300.4,-155.4,2.7957,-617.5,-227.5,2.7926,-279.7,-286.0,0.0000,-456.8,-203.3,-0.0124,360.8,346.1,0,0.0,0.0,0.0000,0.00,0.00,0.00,0.00
1.0682,1.0669,1.2,0,-300.6,-155.6,2.7991,-619.9,-229.9,2.7926,-276.7,-289.1,0.0000,-455.6,-206.0,-0.0260,359.9,347.0,0,0.0,0.0,0.0000,0.00,0.00,0.00,0.00
1.0761,1.0749,1.2,0,-300.9,-155.6,2.7969,-622.1,-232.2,2.7926,-274.4,-291.5,-0.0000,-454.4,-208.6,-0.0171,357.2,349.9,0,0.0,0.0,0.0000,0.00,0.00,0.00,0.00
1.0836,1.0835,0.1,0,-300.8,-155.6,2.7914,-624.4,-234.7,2.7926,-271.0,-294.5,-0.0000,-453.3,-211.0,0.0047,353.4,353.7,0,0.0,0.0,0.0000,0.00,0.00,0.00,0.00
1.0923,1.0922,0.1,0,-300.1,-155.4,2.7966,-626.8,-237.3,2.7926,-266.1,-298.1,-0.0000,-452.1,-213.6,-0.0159,353.2,353.9,0,0.0,0.0,0.0000,0.00,0.00,0.00,0.00
1.0998,1.0922,7.5,0,-300.1,-155.4,2.7966,-626.8,-237.3,2.7926,-266.1,-298.1,-0.0000,-451.0,-215.8,-0.0159,351.5,355.6,0,0.0,0.0,0.0000,0.00,0.00,0.00,0.00
1.1082,1.1007,7.5,0,-301.0,-155.5,2.7978,-629.0,-239.9,2.7926,-262.6,-301.1,-0.0000,-449.7,-218.6,-0.0209,349.7,357.3,0,0.0,0.0,0.0000,0.00,0.00,0.00,0.00
1.1160,1.1089,7.1,0,-300.7,-155.4,2.7921,-631.2,-242.4,2.7926,-259.8,-303.9,-0.0000,-448.3,-221.3,0.0020,345.5,361.5,0,0.0,0.0,0.0000,0.00,0.00,0.00,0.00
1.1243,1.1175,6.8,0,-300.5,-155.4,2.8009,-633.4,-245.0,2.7926,-256.6,-306.8,-0.0000,-447.0,-223.9,-0.0332,346.5,360.4,0,0.0,0.0,0.0000,0.00,0.00,0.00,0.00
1.1324,1.1291,3.3,0,-300.6,-155.3,2.8003,-636.3,-248.6,2.7926,-252.3,-310.9,-0.0000,-445.8,-226.4,-0.0309,344.3,362.5,0,0.0,0.0,0.0000,0.00,0.00,0.00,0.00
1.1406,1.1340,6.6,0,-300.3,-155.3,2.7947,-637.6,-250.1,2.7926,-250.2,-312.4,-0.0000,-444.6,-228.7,-0.0084,340.4,366.2,0,0.0,0.0,0.0000,0.00,0.00,0.00,0.00
1.1488,1.1428,6.0,0,-300.8,-155.5,2.7951,-639.8,-252.9,2.7926,-246.4,-315.2,0.0000,-443.3,-231.4,-0.0098,338.3,368.1,0,0.0,0.0,0.0000,0.00,0.00,0.00,0.00
1.1558,1.1510,4.7,0,-300.7,-155.3,2.7967,-641.8,-255.4,2.7926,-242.6,-317.9,0.0000,-442.1,-233.6,-0.0165,337.1,369.3,0,0.0,0.0,0.0000,0.00,0.00,0.00,0.00
1.1644,1.1595,4.9,0,-300.7,-155.3,2.7989,-643.8,-258.1,2.7926,-238.6,-320.8,-0.0000,-440.7,-236.1,-0.0252,335.8,370.5,0,0.0,0.0,0.0000,0.00,0.00,0.00,0.00
1.1723,1.1679,4.4,0,-300.2,-155.3,2.7987,-645.8,-260.9,2.7926,-235.1,-323.5,0.0000,-439.6,-238.2,-0.0242,333.9,372.2,0,0.0,0.0,0.0000,0.00,0.00,0.00,0.00
1.1795,1.1761,3.4,0,-300.4,-155.4,2.7944,-647.7,-263.5,2.7926,-231.6,-326.2,-0.0000,-438.3,-240.6,-0.0070,330.2,375.4,0,0.0,0.0,0.0000,0.00,0.00,0.00,0.00
1.1886,1.1848,3.8,0,-300.1,-155.5,2.7986,-649.7,-266.4,2.7926,-228.2,-328.4,-0.0000,-436.8,-243.3,-0.0239,329.6,376.0,0,0.0,0.0,0.0000,0.00,0.00,0.00,0.00
1.1965,1.1935,2.9,0,-300.8,-155.6,2.7884,-651.7,-269.2,2.7926,-224.8,-330.7,0.0000,-435.5,-245.7,0.0168,323.6,381.2,0,0.0,0.0,0.0000,0.00,0.00,0.00,0.00
1.2041,1.2018,2.3,0,-300.9,-155.4,2.7917,-653.5,-272.0,2.7926,-220.3,-333.9,-0.0000,-434.1,-248.1,0.0038,322.7,381.9,0,0.0,0.0,0.0000,0.00,0.00,0.00,0.00
1.2121,1.2104,1.7,0,-300.2,-155.4,2.7987,-655.4,-274.9,2.7926,-216.1,-336.8,0.0000,-432.8,-250.3,-0.0243,323.4,381.3,0,0.0,0.0,0.0000,0.00,0.00,0.00,0.00
1.2206,1.2192,1.5,0,-301.1,-155.7,2.7856,-657.3,-277.8,2.7926,-213.1,-339.0,0.0000,-431.2,-253.1,0.0282,315.9,387.5,0,0.0,0.0,0.0000,0.00,0.00,0.00,0.00
1.2284,1.2192,9.3,0,-301.1,-155.7,2.7856,-657.3,-277.8,2.7926,-213.1,-339.0,0.0000,-429.8,-255.4,0.0282,313.9,389.2,0,0.0,0.0,0.0000,0.00,0.00,0.00,0.00
1.2358,1.2315,4.3,0,-300.2,-155.4,2.8009,-659.9,-282.0,2.7926,-207.3,-342.2,0.0000,-428.6,-257.5,-0.0334,317.9,385.9,0,0.0,0.0,0.0000,0.00,0.00,0.00,0.00
1.2437,1.2433,0.4,0,-300.3,-155.1,2.8012,-662.3,-286.1,2.7926,-201.6,-345.3,0.0000,-427.1,-260.0,-0.0344,315.8,387.7,0,0.0,0.0,0.0000,0.00,0.00,0.00,0.00
1.2526,1.2525,0.1,0,-300.3,-155.1,2.8026,-664.1,-289.3,2.7926,-197.6,-347.4,-0.0000,-425.5,-262.6,-0.0398,313.9,389.2,0,0.0,0.0,0.0000,0.00,0.00,0.00,0.00
1.2606,1.2525,8.1,0,-300.3,-155.1,2.8026,-664.1,-289.3,2.7926,-197.6,-347.4,-0.0000,-424.0,-264.9,-0.0398,311.8,390.9,0,0.0,0.0,0.0000,0.00,0.00,0.00,0.00
1.2680,1.2620,6.0,0,-300.5,-155.4,2.7945,-666.0,-292.6,2.7926,-193.1,-350.1,0.0000,-422.8,-267.0,-0.0076,306.7,394.9,0,0.0,0.0,0.0000,0.00,0.00,0.00,0.00
1.2765,1.2749,1.6,0,-300.5,-155.2,2.8013,-668.4,-297.2,2.7926,-187.0,-354.0,-0.0000,-421.1,-269.6,-0.0349,307.0,394.6,0,0.0,0.0,0.0000,0.00,0.00,0.00,0.00
1.2846,1.2778,6.8,0,-300.4,-155.6,2.7983,-669.0,-298.2,2.7926,-185.6,-354.5,-0.0000,-419.8,-271.6,-0.0226,303.9,397.0,0,0.0,0.0,0.0000,0.00,0.00,0.00,0.00
1.2918,1.2862,5.6,0,-300.0,-155.3,2.7997,-670.5,-301.1,2.7926,-181.8,-356.0,-0.0000,-418.3,-273.8,-0.0283,302.3,398.3,0,0.0,0.0,0.0000,0.00,0.00,0.00,0.00
1.3002,1.2969,3.3,0,-300.4,-155.3,2.7980,-672.4,-305.0,2.7926,-176.6,-358.9,0.0000,-416.6,-276.5,-0.0215,299.0,400.7,0,0.0,0.0,0.0000,0.00,0.00,0.00,0.00
1.3082,1.3036,4.7,0,-300.1,-155.2,2.7982,-673.6,-307.4,2.7926,-173.4,-360.6,0.0000,-415.2,-278.7,-0.0224,297.1,402.2,0,0.0,0.0,0.0000,0.00,0.00,0.00,0.00
1.3162,1.3126,3.6,0,-300.0,-155.4,2.7978,-675.1,-310.6,2.7926,-168.8,-362.6,0.0000,-413.8,-280.6,-0.0206,295.0,403.7,0,0.0,0.0,0.0000,0.00,0.00,0.00,0.00
1.3236,1.3203,3.4,0,-300.9,-155.5,2.8018,-676.4,-313.4,2.7926,-164.9,-364.3,0.0000,-412.1,-283.1,-0.0367,294.2,404.3,0,0.0,0.0,0.0000,0.00,0.00,0.00,0.00
1.3321,1.3203,11.8,0,-300.9,-155.5,2.8018,-676.4,-313.4,2.7926,-164.9,-364.3,0.0000,-410.5,-285.4,-0.0367,291.9,405.9,0,0.0,0.0,0.0000,0.00,0.00,0.00,0.00
1.3396,1.3381,1.4,0,-300.8,-155.6,2.7977,-679.3,-320.0,2.7926,-156.7,-368.1,-0.0000,-409.0,-287.6,-0.0205,288.1,408.6,0,0.0,0.0,0.0000,0.00,0.00,0.00,0.00
1.3478,1.3455,2.3,0,-300.5,-155.6,2.7982,-680.4,-322.7,2.7926,-153.4,-369.6,0.0000,-407.4,-289.9,-0.0224,286.0,410.1,0,0.0,0.0,0.0000,0.00,0.00,0.00,0.00
1.3563,1.3540,2.3,0,-300.5,-155.5,2.7945,-681.7,-325.8,2.7926,-149.4,-371.4,-0.0000,-405.7,-292.2,-0.0074,282.1,412.8,0,0.0,0.0,0.0000,0.00,0.00,0.00,0.00
1.3635,1.3540,9.5,0,-300.5,-155.5,2.7945,-681.7,-325.8,2.7926,-149.4,-371.4,-0.0000,-404.3,-294.2,-0.0074,280.1,414.2,0,0.0,0.0,0.0000,0.00,0.00,0.00,0.00
1.3726,1.3709,1.7,0,-300.7,-155.5,2.7994,-684.2,-332.1,2.7926,-140.6,-374.5,-0.0000,-402.4,-296.8,-0.0271,279.5,414.6,0,0.0,0.0,0.0000,0.00,0.00,0.00,0.00
1.3798,1.3796,0.2,0,-300.7,-155.1,2.8025,-685.4,-335.4,2.7926,-135.5,-376.4,0.0000,-400.7,-299.1,-0.0395,278.4,415.3,0,0.0,0.0,0.0000,0.00,0.00,0.00,0.00
1.3881,1.3879,0.1,0,-300.3,-155.2,2.7982,-686.5,-338.6,2.7926,-131.2,-377.9,0.0000,-399.3,-301.0,-0.0224,274.6,417.8,0,0.0,0.0,0.0000,0.00,0.00,0.00,0.00
1.3967,1.3879,8.7,0,-300.3,-155.2,2.7982,-686.5,-338.6,2.7926,-131.2,-377.9,0.0000,-397.5,-303.3,-0.0224,272.2,419.4,0,0.0,0.0,0.0000,0.00,0.00,0.00,0.00
1.4040,1.3989,5.1,0,-300.1,-155.1,2.7993,-687.9,-342.7,2.7926,-125.8,-379.1,-0.0000,-395.9,-305.4,-0.0269,270.4,420.6,0,0.0,0.0,0.0000,0.00,0.00,0.00,0.00
1.4120,1.4055,6.4,0,-300.4,-155.4,2.7951,-688.7,-345.2,2.7926,-122.9,-380.3,0.0000,-394.2,-307.6,-0.0101,266.3,423.2,0,0.0,0.0,0.0000,0.00,0.00,0.00,0.00
1.4196,1.4130,6.6,0,-300.4,-155.3,2.7955,-689.6,-348.1,2.7926,-120.4,-382.1,0.0000,-392.6,-309.6,-0.0114,264.3,424.5,0,0.0,0.0,0.0000,0.00,0.00,0.00,0.00
1.4284,1.4216,6.7,0,-300.2,-155.0,2.8027,-690.7,-351.4,2.7926,-115.4,-383.4,-0.0000,-390.7,-312.0,-0.0405,264.8,424.1,0,0.0,0.0,0.0000,0.00,0.00,0.00,0.00
1.4358,1.4299,5.9,0,-300.7,-155.4,2.7983,-691.6,-354.5,2.7926,-109.7,-384.5,-0.0000,-389.1,-314.0,-0.0226,260.7,426.7,0,0.0,0.0,0.0000,0.00,0.00,0.00,0.00
1.4435,1.4384,5.2,0,-300.7,-155.4,2.7924,-692.5,-357.8,2.7926,-105.4,-385.6,-0.0000,-387.4,-316.1,0.0006,255.9,429.6,0,0.0,0.0,0.0000,0.00,0.00,0.00,0.00
1.4520,1.4467,5.4,0,-300.8,-155.6,2.7869,-693.4,-361.0,2.7926,-101.6,-386.8,-0.0000,-385.6,-318.3,0.0227,251.0,432.4,0,0.0,0.0,0.0000,0.00,0.00,0.00,0.00
1.4600,1.4554,4.6,0,-300.3,-155.5,2.7965,-694.2,-364.4,2.7926,-97.2,-388.0,-0.0000,-383.9,-320.3,-0.0156,252.9,431.3,0,0.0,0.0,0.0000,0.00,0.00,0.00,0.00
1.4683,1.4648,3.4,0,-300.4,-155.5,2.7970,-695.1,-368.1,2.7926,-92.7,-389.3,0.0000,-382.0,-322.6,-0.0175,250.6,432.7,0,0.0,0.0,0.0000,0.00,0.00,0.00,0.00
1.4765,1.4720,4.5,0,-300.4,-155.7,2.8000,-695.8,-370.8,2.7926,-89.0,-389.9,-0.0000,-380.3,-324.6,-0.0295,249.6,433.3,0,0.0,0.0,0.0000,0.00,0.00,0.00,0.00
1.4848,1.4808,4.0,0,-301.2,-155.4,2.7879,-696.5,-374.3,2.7926,-84.7,-390.8,-0.0000,-378.2,-327.1,0.0189,241.5,437.8,0,0.0,0.0,0.0000,0.00,0.00,0.00,0.00
1.4925,1.4892,3.3,0,-300.5,-155.2,2.7974,-697.2,-377.6,2.7926,-79.6,-392.0,-0.0000,-376.7,-328.7,-0.0193,243.7,436.6,0,0.0,0.0,0.0000,0.00,0.00,0.00,0.00
1.5001,1.4973,2.7,0,-300.1,-155.6,2.7981,-697.9,-380.8,2.7926,-74.9,-393.0,-0.0000,-375.2,-330.5,-0.0220,242.0,437.6,0,0.0,0.0,0.0000,0.00,0.00,0.00,0.00
1.5077,1.5062,1.5,0,-300.8,-155.1,2.7986,-698.5,-384.3,2.7926,-71.1,-393.7,0.0000,-372.9,-333.1,-0.0240,239.1,439.1,0,0.0,0.0,0.0000,0.00,0.00,0.00,0.00
1.5158,1.5146,1.2,0,-300.8,-155.5,2.7963,-699.1,-387.6,2.7926,-67.1,-394.4,-0.0000,-371.1,-335.0,-0.0148,235.8,440.9,0,0.0,0.0,0.0000,0.00,0.00,0.00,0.00
1.5242,1.5229,1.3,0,-300.5,-155.5,2.8020,-699.6,-390.9,2.7926,-62.2,-395.0,0.0000,-369.3,-337.1,-0.0374,235.9,440.9,0,0.0,0.0,0.0000,0.00,0.00,0.00,0.00
1.5318,1.5315,0.4,0,-300.6,-155.2,2.8050,-700.1,-394.2,2.7926,-57.5,-395.7,0.0000,-367.4,-339.1,-0.0495,234.8,441.4,0,0.0,0.0,0.0000,0.00,0.00,0.00,0.00
1.5400,1.5387,1.2,0,-300.5,-155.4,2.7961,-700.5,-397.1,2.7926,-53.4,-396.2,0.0000,-365.7,-341.0,-0.0138,228.6,444.7,0,0.0,0.0,0.0000,0.00,0.00,0.00,0.00
1.5482,1.5481,0.2,0,-300.7,-155.4,2.7934,-701.0,-400.8,2.7926,-48.4,-397.0,-0.0000,-363.8,-343.0,-0.0033,224.9,446.5,0,0.0,0.0,0.0000,0.00,0.00,0.00,0.00
1.5556,1.5481,7.5,0,-300.7,-155.4,2.7934,-701.0,-400.8,2.7926,-48.4,-397.0,-0.0000,-362.1,-344.8,-0.0033,222.8,447.6,0,0.0,0.0,0.0000,0.00,0.00,0.00,0.00
1.5635,1.5569,6.6,0,-300.2,-155.9,2.7961,-701.4,-404.3,2.7926,-44.0,-398.2,0.0000,-360.5,-346.4,-0.0141,221.9,448.1,0,0.0,0.0,0.0000,0.00,0.00,0.00,0.00
1.5722,1.5654,6.8,0,-300.6,-155.6,2.7967,-701.8,-407.7,2.7926,-39.7,-398.3,-0.0000,-358.0,-349.0,-0.0162,218.9,449.5,0,0.0,0.0,0.0000,0.00,0.00,0.00,0.00
1.5802,1.5733,6.9,0,-300.7,-155.1,2.8068,-702.1,-410.8,2.7926,-35.8,-397.6,-0.0000,-355.9,-351.2,-0.0569,220.8,448.6,0,0.0,0.0,0.0000,0.00,0.00,0.00,0.00
1.5876,1.5820,5.6,0,-300.3,-155.4,2.7943,-702.4,-414.3,2.7926,-31.2,-398.3,0.0000,-354.4,-352.7,-0.0069,213.2,452.3,0,0.0,0.0,0.0000,0.00,0.00,0.00,0.00
1.5958,1.5904,5.4,0,-300.1,-155.5,2.7999,-702.6,-417.7,2.7926,-26.7,-399.8,-0.0000,-352.6,-354.5,-0.0292,213.4,452.2,0,0.0,0.0,0.0000,0.00,0.00,0.00,0.00
1.6040,1.5997,4.3,0,-300.5,-155.2,2.8038,-702.8,-421.4,2.7926,-21.2,-399.7,-0.0000,-350.3,-356.7,-0.0448,212.3,452.7,0,0.0,0.0,0.0000,0.00,0.00,0.00,0.00
1.6125,1.6073,5.2,0,-300.6,-155.3,2.8034,-703.0,-424.4,2.7926,-16.6,-399.7,-0.0000,-348.2,-358.8,-0.0433,209.5,454.0,0,0.0,0.0,0.0000,0.00,0.00,0.00,0.00
1.6203,1.6158,4.4,0,-300.8,-155.6,2.7938,-703.1,-427.8,2.7926,-12.5,-399.8,0.0000,-346.4,-360.6,-0.0047,202.7,457.1,0,0.0,0.0,0.0000,0.00,0.00,0.00,0.00
1.6288,1.6240,4.8,0,-300.3,-155.1,2.8042,-703.2,-431.1,2.7926,-8.6,-400.0,0.0000,-344.2,-362.6,-0.0464,204.8,456.1,0,0.0,0.0,0.0000,0.00,0.00,0.00,0.00
1.6363,1.6327,3.6,0,-300.3,-155.2,2.7950,-703.2,-434.6,2.7926,-4.1,-399.7,-0.0000,-342.4,-364.4,-0.0096,198.3,459.0,0,0.0,0.0,0.0000,0.00,0.00,0.00,0.00
1.6445,1.6410,3.5,0,-300.5,-155.6,2.7986,-703.3,-437.9,2.7926,-0.0,-399.5,0.0000,-340.4,-366.2,-0.0238,197.4,459.4,0,0.0,0.0,0.0000,0.00,0.00,0.00,0.00
1.6522,1.6493,2.9,0,-300.8,-155.3,2.8007,-703.2,-441.2,2.7926,4.9,-400.0,-0.0000,-338.2,-368.3,-0.0323,195.6,460.1,0,0.0,0.0,0.0000,0.00,0.00,0.00,0.00
1.6605,1.6579,2.6,0,-300.3,-155.4,2.8006,-703.2,-444.6,2.7926,9.7,-400.4,-0.0000,-336.5,-369.9,-0.0321,193.4,461.1,0,0.0,0.0,0.0000,0.00,0.00,0.00,0.00
1.6684,1.6661,2.3,0,-300.5,-155.4,2.7961,-703.1,-447.9,2.7926,14.4,-399.7,-0.0000,-334.4,-371.7,-0.0140,188.7,463.0,0,0.0,0.0,0.0000,0.00,0.00,0.00,0.00
1.6758,1.6753,0.5,0,-300.4,-155.3,2.7988,-702.9,-451.6,2.7926,19.4,-399.3,-0.0000,-332.5,-373.5,-0.0248,187.6,463.5,0,0.0,0.0,0.0000,0.00,0.00,0.00,0.00
1.6847,1.6832,1.4,0,-300.7,-155.5,2.7953,-702.7,-454.8,2.7926,23.3,-399.2,0.0000,-330.1,-375.5,-0.0106,183.0,465.3,0,0.0,0.0,0.0000,0.00,0.00,0.00,0.00
1.6922,1.6919,0.4,0,-300.5,-155.0,2.8025,-702.5,-458.2,2.7926,27.7,-399.0,0.0000,-328.0,-377.4,-0.0395,183.8,465.0,0,0.0,0.0,0.0000,0.00,0.00,0.00,0.00
1.7000,1.6999,0.1,0,-301.1,-155.5,2.7960,-702.3,-461.4,2.7926,31.6,-399.0,0.0000,-325.9,-379.2,-0.0136,178.2,467.2,0,0.0,0.0,0.0000,0.00,0.00,0.00,0.00
1.7087,1.6999,8.8,0,-301.1,-155.5,2.7960,-702.3,-461.4,2.7926,31.6,-399.0,0.0000,-323.8,-381.0,-0.0136,175.5,468.2,0,0.0,0.0,0.0000,0.00,0.00,0.00,0.00
1.7165,1.7089,7.6,0,-300.5,-155.5,2.7988,-702.0,-465.0,2.7926,36.5,-398.4,-0.0000,-322.0,-382.5,-0.0248,174.7,468.5,0,0.0,0.0,0.0000,0.00,0.00,0.00,0.00
1.7241,1.7172,6.9,0,-300.6,-155.3,2.8018,-701.7,-468.3,2.7926,41.5,-397.5,0.0000,-319.9,-384.2,-0.0366,173.6,468.9,0,0.0,0.0,0.0000,0.00,0.00,0.00,0.00
1.7324,1.7268,5.6,0,-299.9,-155.0,2.8000,-701.2,-472.1,2.7926,46.5,-397.2,-0.0000,-318.0,-385.8,-0.0296,170.4,470.1,0,0.0,0.0,0.0000,0.00,0.00,0.00,0.00
1.7398,1.7342,5.6,0,-300.2,-155.5,2.7989,-700.9,-475.1,2.7926,50.1,-397.3,0.0000,-316.0,-387.5,-0.0251,167.4,471.2,0,0.0,0.0,0.0000,0.00,0.00,0.00,0.00
1.7480,1.7425,5.5,0,-300.5,-155.1,2.7989,-700.4,-478.4,2.7926,54.5,-396.5,-0.0000,-313.3,-389.6,-0.0251,164.2,472.3,0,0.0,0.0,0.0000,0.00,0.00,0.00,0.00
1.7565,1.7509,5.6,0,-300.7,-155.2,2.8017,-700.0,-481.7,2.7926,59.0,-395.6,0.0000,-311.1,-391.4,-0.0362,162.8,472.7,0,0.0,0.0,0.0000,0.00,0.00,0.00,0.00
1.7642,1.7598,4.4,0,-300.5,-155.3,2.8026,-699.4,-485.2,2.7926,63.8,-394.7,-0.0000,-309.2,-392.9,-0.0398,161.0,473.4,0,0.0,0.0,0.0000,0.00,0.00,0.00,0.00
1.7722,1.7677,4.4,0,-300.6,-155.6,2.7959,-698.9,-488.3,2.7926,68.0,-393.9,0.0000,-307.2,-394.5,-0.0133,155.3,475.3,0,0.0,0.0,0.0000,0.00,0.00,0.00,0.00
1.7801,1.7765,3.6,0,-300.6,-155.3,2.8035,-698.3,-491.8,2.7926,72.6,-393.5,0.0000,-305.0,-396.2,-0.0436,156.3,474.9,0,0.0,0.0,0.0000,0.00,0.00,0.00,0.00
1.7883,1.7848,3.4,0,-300.4,-155.6,2.7963,-697.7,-495.1,2.7926,76.9,-393.0,0.0000,-302.9,-397.8,-0.0150,150.4,476.8,0,0.0,0.0,0.0000,0.00,0.00,0.00,0.00
1.7966,1.7932,3.5,0,-300.4,-155.1,2.8051,-697.0,-498.3,2.7926,81.2,-391.6,0.0000,-300.4,-399.7,-0.0501,151.6,476.5,0,0.0,0.0,0.0000,0.00,0.00,0.00,0.00
1.8042,1.8017,2.5,0,-300.5,-155.7,2.7957,-696.3,-501.7,2.7926,85.6,-390.3,-0.0000,-298.5,-401.1,-0.0123,144.8,478.6,0,0.0,0.0,0.0000,0.00,0.00,0.00,0.00
1.8116,1.8104,1.2,0,-300.2,-155.7,2.7987,-695.5,-505.0,2.7926,89.7,-389.5,-0.0000,-296.7,-402.5,-0.0243,144.1,478.8,0,0.0,0.0,0.0000,0.00,0.00,0.00,0.00
1.8204,1.8189,1.5,0,-300.3,-155.5,2.7989,-694.7,-508.4,2.7926,94.1,-388.5,-0.0000,-294.1,-404.4,-0.0250,141.1,479.7,0,0.0,0.0,0.0000,0.00,0.00,0.00,0.00
1.8286,1.8272,1.4,0,-300.6,-155.1,2.7938,-693.9,-511.6,2.7926,99.4,-387.5,0.0000,-291.5,-406.2,-0.0046,135.6,481.3,0,0.0,0.0,0.0000,0.00,0.00,0.00,0.00
1.8357,1.8353,0.4,0,-300.1,-155.4,2.7990,-693.1,-514.7,2.7926,103.8,-386.5,0.0000,-289.9,-407.3,-0.0255,136.2,481.1,0,0.0,0.0,0.0000,0.00,0.00,0.00,0.00
1.8441,1.8440,0.1,0,-300.4,-154.9,2.8042,-692.2,-518.1,2.7926,107.3,-385.6,-0.0000,-287.3,-409.2,-0.0463,135.6,481.3,0,0.0,0.0,0.0000,0.00,0.00,0.00,0.00
1.8523,1.8440,8.3,0,-300.4,-154.9,2.8042,-692.2,-518.1,2.7926,107.3,-385.6,-0.0000,-284.9,-410.9,-0.0463,132.8,482.0,0,0.0,0.0,0.0000,0.00,0.00,0.00,0.00
1.8603,1.8524,7.9,0,-300.7,-155.4,2.7974,-691.3,-521.3,2.7926,111.5,-384.3,0.0000,-282.7,-412.4,-0.0193,126.9,483.6,0,0.0,0.0,0.0000,0.00,0.00,0.00,0.00
1.8675,1.8611,6.4,0,-300.2,-155.4,2.7993,-690.3,-524.6,2.7926,116.2,-382.5,0.0000,-281.0,-413.6,-0.0269,125.9,483.9,0,0.0,0.0,0.0000,0.00,0.00,0.00,0.00
1.8756,1.8692,6.4,0,-300.4,-155.4,2.7937,-689.3,-527.8,2.7926,120.4,-381.2,-0.0000,-278.6,-415.2,-0.0042,120.4,485.3,0,0.0,0.0,0.0000,0.00,0.00,0.00,0.00
1.8844,1.8776,6.8,0,-301.2,-155.2,2.7980,-688.3,-530.9,2.7926,124.6,-380.1,0.0000,-275.6,-417.2,-0.0216,118.9,485.6,0,0.0,0.0,0.0000,0.00,0.00,0.00,0.00
1.8915,1.8861,5.4,0,-300.8,-155.5,2.7965,-687.2,-534.2,2.7926,129.1,-378.6,-0.0000,-273.8,-418.4,-0.0155,116.1,486.3,0,0.0,0.0,0.0000,0.00,0.00,0.00,0.00
1.9002,1.8946,5.6,0,-300.6,-155.3,2.7996,-686.1,-537.4,2.7926,133.7,-376.9,0.0000,-271.4,-419.9,-0.0280,114.8,486.6,0,0.0,0.0,0.0000,0.00,0.00,0.00,0.00
1.9077,1.9031,4.6,0,-301.0,-155.5,2.7895,-685.0,-540.6,2.7926,137.7,-375.6,-0.0000,-269.1,-421.4,0.0125,107.3,488.4,0,0.0,0.0,0.0000,0.00,0.00,0.00,0.00
1.9159,1.9115,4.4,0,-300.6,-155.5,2.7997,-683.8,-543.7,2.7926,141.6,-374.3,0.0000,-266.9,-422.8,-0.0283,109.7,487.8,0,0.0,0.0,0.0000,0.00,0.00,0.00,0.00
1.9242,1.9197,4.5,0,-300.7,-155.3,2.7968,-682.6,-546.8,2.7926,145.6,-372.7,0.0000,-264.4,-424.4,-0.0169,105.4,488.8,0,0.0,0.0,0.0000,0.00,0.00,0.00,0.00
1.9326,1.9286,4.0,0,-300.1,-154.9,2.8035,-681.3,-550.1,2.7926,149.8,-371.0,0.0000,-262.3,-425.7,-0.0436,106.2,488.6,0,0.0,0.0,0.0000,0.00,0.00,0.00,0.00
1.9395,1.9371,2.4,0,-301.1,-155.5,2.7950,-680.0,-553.2,2.7926,154.6,-369.1,-0.0000,-259.9,-427.1,-0.0095,99.4,490.0,0,0.0,0.0,0.0000,0.00,0.00,0.00,0.00
1.9479,1.9464,1.4,0,-300.6,-155.4,2.7933,-678.5,-556.7,2.7926,159.6,-367.0,0.0000,-257.7,-428.5,-0.0029,96.0,490.7,0,0.0,0.0,0.0000,0.00,0.00,0.00,0.00
1.9558,1.9544,1.4,0,-300.4,-155.3,2.8031,-677.3,-559.6,2.7926,163.0,-364.9,-0.0000,-255.4,-429.8,-0.0421,98.2,490.3,0,0.0,0.0,0.0000,0.00,0.00,0.00,0.00
1.9638,1.9625,1.3,0,-300.4,-155.7,2.7959,-675.9,-562.5,2.7926,166.8,-362.9,-0.0000,-253.2,-431.1,-0.0131,92.1,491.4,0,0.0,0.0,0.0000,0.00,0.00,0.00,0.00
1.9717,1.9705,1.2,0,-300.4,-155.4,2.7930,-674.6,-565.4,2.7926,170.8,-361.5,-0.0000,-250.7,-432.6,-0.0015,87.9,492.2,0,0.0,0.0,0.0000,0.00,0.00,0.00,0.00
1.9805,1.9791,1.4,0,-300.4,-155.5,2.7970,-673.1,-568.5,2.7926,175.0,-359.8,-0.0000,-248.1,-434.1,-0.0174,86.9,492.4,0,0.0,0.0,0.0000,0.00,0.00,0.00,0.00
1.9879,1.9878,0.1,0,-300.7,-155.6,2.7951,-671.5,-571.7,2.7926,178.6,-358.1,0.0000,-245.7,-435.5,-0.0101,83.2,493.0,0,0.0,0.0,0.0000,0.00,0.00,0.00,0.00
1.9963,1.9878,8.5,0,-300.7,-155.6,2.7951,-671.5,-571.7,2.7926,178.6,-358.1,0.0000,-243.3,-436.8,-0.0101,80.5,493.5,0,0.0,0.0,0.0000,0.00,0.00,0.00,0.00
2.0037,1.9984,5.3,0,-300.8,-155.3,2.8006,-669.6,-575.4,2.7926,183.9,-355.4,-0.0000,-241.1,-438.1,-0.0319,80.7,493.4,0,0.0,0.0,0.0000,0.00,0.00,0.00,0.00
2.0128,2.0044,8.4,0,-300.6,-155.7,2.7980,-668.5,-577.6,2.7926,187.3,-353.7,0.0000,-238.5,-439.4,-0.0217,76.6,494.1,0,0.0,0.0,0.0000,0.00,0.00,0.00,0.00
2.0203,2.0128,7.5,0,-300.2,-155.7,2.7955,-666.9,-580.5,2.7926,191.2,-351.5,-0.0000,-236.5,-440.5,-0.0117,73.1,494.6,0,0.0,0.0,0.0000,0.00,0.00,0.00,0.00
2.0280,2.0212,6.8,0,-300.3,-155.4,2.7993,-665.3,-583.5,2.7926,194.4,-349.3,-0.0000,-234.0,-441.9,-0.0267,72.1,494.8,0,0.0,0.0,0.0000,0.00,0.00,0.00,0.00
2.0366,2.0320,4.6,0,-300.4,-155.5,2.7992,-663.2,-587.2,2.7926,199.5,-346.6,0.0000,-231.4,-443.3,-0.0264,69.1,495.2,0,0.0,0.0,0.0000,0.00,0.00,0.00,0.00
2.0439,2.0384,5.5,0,-300.5,-155.3,2.8024,-661.9,-589.4,2.7926,202.4,-345.1,-0.0000,-229.1,-444.4,-0.0390,68.1,495.3,0,0.0,0.0,0.0000,0.00,0.00,0.00,0.00
2.0521,2.0504,1.7,0,-300.1,-155.2,2.8041,-659.4,-593.6,2.7926,208.1,-341.7,-0.0000,-226.8,-445.6,-0.0461,66.5,495.6,0,0.0,0.0,0.0000,0.00,0.00,0.00,0.00
2.0600,2.0552,4.9,0,-300.8,-155.2,2.7947,-658.4,-595.2,2.7926,210.4,-340.4,0.0000,-223.9,-447.0,-0.0085,58.6,496.6,0,0.0,0.0,0.0000,0.00,0.00,0.00,0.00
2.0682,2.0659,2.3,0,-300.8,-155.2,2.7991,-656.1,-598.8,2.7926,215.8,-336.8,-0.0000,-221.5,-448.3,-0.0258,58.1,496.6,0,0.0,0.0,0.0000,0.00,0.00,0.00,0.00
2.0757,2.0724,3.3,0,-300.3,-155.6,2.7950,-654.7,-601.0,2.7926,219.0,-334.7,-0.0000,-219.7,-449.2,-0.0094,54.0,497.1,0,0.0,0.0,0.0000,0.00,0.00,0.00,0.00
2.0842,2.0805,3.7,0,-300.4,-155.5,2.7943,-652.9,-603.7,2.7926,222.0,-332.6,-0.0000,-216.9,-450.5,-0.0066,50.6,497.4,0,0.0,0.0,0.0000,0.00,0.00,0.00,0.00
2.0918,2.0882,3.7,0,-300.7,-155.0,2.8070,-651.2,-606.3,2.7926,224.9,-330.5,-0.0000,-214.2,-451.8,-0.0576,53.9,497.1,0,0.0,0.0,0.0000,0.00,0.00,0.00,0.00
2.1003,2.0991,1.2,0,-300.2,-155.3,2.7944,-648.7,-609.8,2.7926,229.5,-327.9,-0.0000,-212.0,-452.8,-0.0072,45.2,497.9,0,0.0,0.0,0.0000,0.00,0.00,0.00,0.00
2.1083,2.1058,2.5,0,-300.2,-155.3,2.7986,-647.2,-612.1,2.7926,232.5,-326.0,-0.0000,-209.5,-454.0,-0.0238,44.6,498.0,0,0.0,0.0,0.0000,0.00,0.00,0.00,0.00
2.1157,2.1143,1.4,0,-300.3,-155.5,2.7995,-645.2,-614.8,2.7926,236.7,-322.5,0.0000,-207.3,-455.0,-0.0275,42.6,498.2,0,0.0,0.0,0.0000,0.00,0.00,0.00,0.00
2.1242,2.1229,1.3,0,-300.6,-155.6,2.7939,-643.1,-617.6,2.7926,240.5,-319.4,0.0000,-204.4,-456.3,-0.0052,36.7,498.6,0,0.0,0.0,0.0000,0.00,0.00,0.00,0.00
2.1326,2.1325,0.1,0,-300.2,-155.5,2.7957,-640.8,-620.6,2.7926,244.2,-316.7,0.0000,-202.1,-457.3,-0.0124,35.1,498.8,0,0.0,0.0,0.0000,0.00,0.00,0.00,0.00
2.1397,2.1395,0.1,0,-300.6,-155.4,2.8020,-639.1,-622.8,2.7926,247.1,-314.4,-0.0000,-199.5,-458.5,-0.0377,35.4,498.7,0,0.0,0.0,0.0000,0.00,0.00,0.00,0.00
2.1483,2.1482,0.1,0,-301.0,-155.5,2.8076,-636.9,-625.5,2.7926,250.8,-311.2,-0.0000,-196.4,-459.8,-0.0601,34.8,498.8,0,0.0,0.0,0.0000,0.00,0.00,0.00,0.00
2.1559,2.1482,7.7,0,-301.0,-155.5,2.8076,-636.9,-625.5,2.7926,250.8,-311.2,-0.0000,-194.1,-460.8,-0.0601,32.3,499.0,0,0.0,0.0,0.0000,0.00,0.00,0.00,0.00
2.1640,2.1564,7.6,0,-300.3,-155.5,2.7971,-634.9,-628.1,2.7926,254.1,-308.5,-0.0000,-192.1,-461.6,-0.0179,24.9,499.4,0,0.0,0.0,0.0000,0.00,0.00,0.00,0.00
2.1761,2.1662,9.9,0,-300.6,-155.1,2.7964,-632.4,-631.1,2.7926,258.0,-305.7,-0.0000,-188.1,-463.3,-0.0150,20.3,499.6,0,0.0,0.0,0.0000,0.00,0.00,0.00,0.00
2.1799,2.1777,2.1,0,-300.7,-155.4,2.8038,-629.3,-634.6,2.7926,262.9,-301.7,0.0000,-187.0,-463.7,-0.0449,22.8,499.5,0,0.0,0.0,0.0000,0.00,0.00,0.00,0.00
2.1875,2.1811,6.4,0,-300.5,-155.7,2.7965,-628.5,-635.6,2.7926,264.3,-300.6,-0.0000,-184.7,-464.6,-0.0156,16.7,499.7,0,0.0,0.0,0.0000,0.00,0.00,0.00,0.00
2.1963,2.1920,4.3,0,-300.8,-155.6,2.7909,-625.6,-638.9,2.7926,268.6,-296.3,0.0000,-181.5,-465.9,0.0069,10.4,499.9,0,0.0,0.0,0.0000,0.00,0.00,0.00,0.00
2.2046,2.2010,3.5,0,-300.3,-155.6,2.7981,-623.1,-641.5,2.7926,272.2,-292.6,-0.0000,-179.3,-466.7,-0.0219,11.7,499.9,0,0.0,0.0,0.0000,0.00,0.00,0.00,0.00
2.2125,2.2087,3.8,0,-300.5,-155.1,2.8008,-621.0,-643.8,2.7926,274.9,-290.3,-0.0000,-176.5,-467.8,-0.0326,10.0,499.9,0,0.0,0.0,0.0000,0.00,0.00,0.00,0.00
2.2199,2.2165,3.4,0,-300.2,-155.2,2.8055,-618.9,-646.0,2.7926,277.7,-287.9,-0.0000,-174.3,-468.6,-0.0514,10.0,499.9,0,0.0,0.0,0.0000,0.00,0.00,0.00,0.00
2.2274,2.2241,3.3,0,-300.4,-155.4,2.8019,-616.7,-648.2,2.7926,281.2,-284.8,-0.0000,-171.8,-469.6,-0.0372,5.5,500.0,0,0.0,0.0,0.0000,0.00,0.00,0.00,0.00
2.2363,2.2335,2.8,0,-300.1,-155.3,2.7961,-614.1,-650.9,2.7926,285.3,-281.2,0.0000,-169.2,-470.5,-0.0138,-0.1,500.0,0,0.0,0.0,0.0000,0.00,0.00,0.00,0.00
2.2440,2.2416,2.4,0,-300.5,-155.3,2.8008,-611.8,-653.1,2.7926,288.1,-277.8,0.0000,-166.6,-471.4,-0.0327,-0.6,500.0,0,0.0,0.0,0.0000,0.00,0.00,0.00,0.00
2.2525,2.2496,2.9,0,-300.3,-155.3,2.8029,-609.4,-655.3,2.7926,290.9,-274.5,0.0000,-163.9,-472.4,-0.0411,-2.4,500.0,0,0.0,0.0,0.0000,0.00,0.00,0.00,0.00
2.2597,2.2583,1.4,0,-300.6,-155.8,2.7974,-606.9,-657.7,2.7926,293.1,-271.8,-0.0000,-161.3,-473.3,-0.0191,-7.8,499.9,0,0.0,0.0,0.0000,0.00,0.00,0.00,0.00
2.2681,2.2677,0.4,0,-300.4,-155.6,2.7993,-604.1,-660.2,2.7926,296.2,-268.2,-0.0000,-158.8,-474.1,-0.0266,-9.5,499.9,0,0.0,0.0,0.0000,0.00,0.00,0.00,0.00
2.2761,2.2748,1.2,0,-300.3,-155.4,2.7982,-602.0,-662.1,2.7926,299.5,-264.9,0.0000,-156.3,-474.9,-0.0222,-12.7,499.8,0,0.0,0.0,0.0000,0.00,0.00,0.00,0.00
2.2839,2.2837,0.2,0,-300.6,-155.1,2.8017,-599.3,-664.5,2.7926,302.9,-261.1,-0.0000,-153.4,-475.9,-0.0362,-14.0,499.8,0,0.0,0.0,0.0000,0.00,0.00,0.00,0.00
2.2920,2.2919,0.1,0,-300.3,-155.4,2.7979,-596.8,-666.6,2.7926,305.8,-257.7,-0.0000,-151.1,-476.6,-0.0210,-18.4,499.7,0,0.0,0.0,0.0000,0.00,0.00,0.00,0.00
2.2994,2.2919,7.5,0,-300.3,-155.4,2.7979,-596.8,-666.6,2.7926,305.8,-257.7,-0.0000,-148.8,-477.3,-0.0210,-20.8,499.6,0,0.0,0.0,0.0000,0.00,0.00,0.00,0.00
2.3084,2.3016,6.8,0,-300.5,-155.2,2.8014,-593.9,-669.1,2.7926,309.1,-254.0,0.0000,-145.7,-478.3,-0.0350,-22.2,499.5,0,0.0,0.0,0.0000,0.00,0.00,0.00,0.00
2.3156,2.3089,6.7,0,-300.7,-155.4,2.7988,-591.6,-670.9,2.7926,311.8,-251.4,0.0000,-143.2,-479.1,-0.0247,-26.2,499.3,0,0.0,0.0,0.0000,0.00,0.00,0.00,0.00
2.3243,2.3178,6.4,0,-300.2,-155.4,2.7959,-588.8,-673.2,2.7926,314.5,-247.7,-0.0000,-140.5,-479.8,-0.0132,-30.4,499.1,0,0.0,0.0,0.0000,0.00,0.00,0.00,0.00
2.3326,2.3257,6.8,0,-300.2,-155.5,2.7968,-586.3,-675.1,2.7926,316.4,-244.1,0.0000,-138.0,-480.6,-0.0169,-32.6,498.9,0,0.0,0.0,0.0000,0.00,0.00,0.00,0.00
2.3398,2.3361,3.7,0,-300.6,-155.3,2.7923,-583.0,-677.6,2.7926,320.2,-239.8,0.0000,-135.3,-481.3,0.0012,-37.6,498.6,0,0.0,0.0,0.0000,0.00,0.00,0.00,0.00
2.3482,2.3428,5.5,0,-300.3,-155.5,2.7961,-580.9,-679.2,2.7926,322.7,-237.2,-0.0000,-132.8,-482.0,-0.0139,-38.3,498.5,0,0.0,0.0,0.0000,0.00,0.00,0.00,0.00
2.3555,2.3511,4.4,0,-300.3,-155.4,2.7991,-578.1,-681.2,2.7926,325.1,-233.2,0.0000,-130.5,-482.7,-0.0259,-39.2,498.5,0,0.0,0.0,0.0000,0.00,0.00,0.00,0.00
2.3642,2.3603,3.9,0,-300.6,-155.5,2.7970,-575.2,-683.3,2.7926,327.7,-228.8,0.0000,-127.2,-483.5,-0.0174,-43.6,498.1,0,0.0,0.0,0.0000,0.00,0.00,0.00,0.00
2.3719,2.3684,3.4,0,-300.5,-155.0,2.8035,-572.5,-685.1,2.7926,330.4,-225.4,-0.0000,-124.6,-484.2,-0.0436,-43.1,498.1,0,0.0,0.0,0.0000,0.00,0.00,0.00,0.00
2.3799,2.3761,3.8,0,-300.4,-155.5,2.7913,-569.9,-686.8,2.7926,333.0,-222.1,0.0000,-122.2,-484.8,0.0051,-51.6,497.3,0,0.0,0.0,0.0000,0.00,0.00,0.00,0.00
2.3885,2.3849,3.6,0,-300.7,-155.4,2.7977,-567.0,-688.8,2.7926,334.8,-218.6,0.0000,-119.2,-485.6,-0.0203,-51.5,497.3,0,0.0,0.0,0.0000,0.00,0.00,0.00,0.00
2.3960,2.3937,2.3,0,-300.3,-155.5,2.7981,-564.0,-690.7,2.7926,336.9,-215.0,-0.0000,-117.0,-486.1,-0.0219,-53.5,497.1,0,0.0,0.0,0.0000,0.00,0.00,0.00,0.00
2.4043,2.4019,2.4,0,-300.4,-155.6,2.7917,-561.3,-692.4,2.7926,340.2,-210.6,-0.0000,-114.2,-486.8,0.0036,-59.5,496.4,0,0.0,0.0,0.0000,0.00,0.00,0.00,0.00
2.4117,2.4102,1.4,0,-300.5,-155.2,2.8041,-558.4,-694.2,2.7926,342.9,-206.5,0.0000,-111.7,-487.4,-0.0460,-56.0,496.9,0,0.0,0.0,0.0000,0.00,0.00,0.00,0.00
2.4198,2.4186,1.2,0,-300.4,-155.3,2.7994,-555.5,-695.9,2.7926,344.7,-202.9,0.0000,-109.0,-488.0,-0.0271,-61.0,496.3,0,0.0,0.0,0.0000,0.00,0.00,0.00,0.00
2.4281,2.4268,1.2,0,-300.2,-155.1,2.8000,-552.7,-697.5,2.7926,346.8,-199.1,0.0000,-106.3,-488.6,-0.0294,-63.5,495.9,0,0.0,0.0,0.0000,0.00,0.00,0.00,0.00
2.4355,2.4354,0.1,0,-300.1,-155.2,2.7980,-549.7,-699.2,2.7926,348.8,-195.3,0.0000,-103.7,-489.1,-0.0217,-67.1,495.5,0,0.0,0.0,0.0000,0.00,0.00,0.00,0.00
2.4439,2.4438,0.1,0,-300.2,-155.5,2.8037,-546.8,-700.8,2.7926,351.0,-191.5,-0.0000,-101.2,-489.7,-0.0445,-66.9,495.5,0,0.0,0.0,0.0000,0.00,0.00,0.00,0.00
2.4515,2.4438,7.7,0,-300.2,-155.5,2.8037,-546.8,-700.8,2.7926,351.0,-191.5,-0.0000,-98.8,-490.1,-0.0445,-69.3,495.2,0,0.0,0.0,0.0000,0.00,0.00,0.00,0.00
2.4596,2.4522,7.4,0,-300.5,-155.6,2.8000,-543.8,-702.4,2.7926,353.8,-187.5,-0.0000,-95.7,-490.8,-0.0297,-74.2,494.5,0,0.0,0.0,0.0000,0.00,0.00,0.00,0.00
2.4678,2.4601,7.7,0,-300.3,-155.6,2.7954,-541.0,-703.9,2.7926,355.9,-183.6,-0.0000,-93.1,-491.3,-0.0112,-79.1,493.7,0,0.0,0.0,0.0000,0.00,0.00,0.00,0.00
2.4758,2.4692,6.6,0,-300.6,-155.6,2.7947,-537.8,-705.6,2.7926,357.8,-178.8,0.0000,-90.2,-491.8,-0.0084,-82.4,493.2,0,0.0,0.0,0.0000,0.00,0.00,0.00,0.00
2.4841,2.4777,6.4,0,-300.4,-155.4,2.7970,-534.7,-707.1,2.7926,359.5,-175.1,0.0000,-87.4,-492.3,-0.0175,-84.0,492.9,0,0.0,0.0,0.0000,0.00,0.00,0.00,0.00
2.4925,2.4858,6.6,0,-300.5,-155.5,2.7968,-531.8,-708.5,2.7926,361.0,-171.9,0.0000,-84.5,-492.8,-0.0167,-87.0,492.4,0,0.0,0.0,0.0000,0.00,0.00,0.00,0.00
2.5005,2.4947,5.8,0,-300.3,-155.5,2.7933,-528.6,-710.0,2.7926,363.0,-167.5,0.0000,-82.0,-493.2,-0.0026,-91.3,491.6,0,0.0,0.0,0.0000,0.00,0.00,0.00,0.00
2.5083,2.5029,5.4,0,-300.8,-155.4,2.8007,-525.6,-711.3,2.7926,364.7,-163.4,0.0000,-78.9,-493.7,-0.0324,-90.7,491.7,0,0.0,0.0,0.0000,0.00,0.00,0.00,0.00
2.5155,2.5112,4.4,0,-300.4,-155.2,2.8003,-522.6,-712.7,2.7926,367.0,-159.0,-0.0000,-76.8,-494.1,-0.0306,-93.0,491.3,0,0.0,0.0,0.0000,0.00,0.00,0.00,0.00
2.5238,2.5200,3.8,0,-300.2,-155.6,2.7963,-519.3,-714.0,2.7926,369.7,-154.4,0.0000,-74.3,-494.5,-0.0148,-97.5,490.4,0,0.0,0.0,0.0000,0.00,0.00,0.00,0.00
2.5320,2.5285,3.4,0,-300.3,-155.5,2.7938,-516.1,-715.4,2.7926,370.6,-150.2,0.0000,-71.4,-494.9,-0.0049,-101.5,489.6,0,0.0,0.0,0.0000,0.00,0.00,0.00,0.00
2.5399,2.5365,3.4,0,-300.2,-155.3,2.8025,-513.2,-716.5,2.7926,371.6,-146.3,0.0000,-68.9,-495.2,-0.0396,-99.8,489.9,0,0.0,0.0,0.0000,0.00,0.00,0.00,0.00
2.5476,2.5451,2.5,0,-301.0,-155.5,2.7910,-510.0,-717.8,2.7926,373.6,-142.4,-0.0000,-65.7,-495.7,0.0064,-108.5,488.1,0,0.0,0.0,0.0000,0.00,0.00,0.00,0.00
2.5556,2.5533,2.3,0,-300.4,-155.1,2.8013,-506.9,-718.9,2.7926,375.3,-138.6,-0.0000,-63.4,-496.0,-0.0348,-105.8,488.7,0,0.0,0.0,0.0000,0.00,0.00,0.00,0.00
2.5636,2.5623,1.2,0,-300.9,-155.4,2.7979,-503.5,-720.2,2.7926,377.0,-133.8,0.0000,-60.3,-496.4,-0.0213,-110.5,487.6,0,0.0,0.0,0.0000,0.00,0.00,0.00,0.00
2.5719,2.5705,1.4,0,-300.1,-155.4,2.8020,-500.4,-721.2,2.7926,378.5,-129.6,0.0000,-58.0,-496.6,-0.0374,-110.7,487.6,0,0.0,0.0,0.0000,0.00,0.00,0.00,0.00
2.5806,2.5791,1.4,0,-300.7,-155.2,2.8032,-497.2,-722.3,2.7926,380.2,-125.2,-0.0000,-54.5,-497.0,-0.0424,-113.6,486.9,0,0.0,0.0,0.0000,0.00,0.00,0.00,0.00
2.5877,2.5875,0.2,0,-300.4,-155.6,2.7992,-494.0,-723.4,2.7926,381.6,-120.9,0.0000,-52.5,-497.2,-0.0263,-117.5,486.0,0,0.0,0.0,0.0000,0.00,0.00,0.00,0.00
2.5961,2.5960,0.1,0,-300.6,-155.5,2.7942,-490.7,-724.4,2.7926,382.9,-116.2,-0.0000,-49.6,-497.5,-0.0062,-122.7,484.7,0,0.0,0.0,0.0000,0.00,0.00,0.00,0.00
2.6046,2.6045,0.1,0,-300.3,-155.4,2.7962,-487.5,-725.3,2.7926,384.0,-112.0,-0.0000,-46.8,-497.8,-0.0145,-124.5,484.3,0,0.0,0.0,0.0000,0.00,0.00,0.00,0.00
2.6124,2.6045,8.0,0,-300.3,-155.4,2.7962,-487.5,-725.3,2.7926,384.0,-112.0,-0.0000,-44.0,-498.1,-0.0145,-127.2,483.6,0,0.0,0.0,0.0000,0.00,0.00,0.00,0.00
2.6196,2.6132,6.4,0,-300.4,-155.4,2.7982,-484.1,-726.3,2.7926,385.0,-108.6,-0.0000,-41.6,-498.3,-0.0224,-128.6,483.2,0,0.0,0.0,0.0000,0.00,0.00,0.00,0.00
2.6275,2.6212,6.4,0,-300.5,-155.3,2.7956,-481.0,-727.1,2.7926,386.1,-104.2,0.0000,-38.9,-498.5,-0.0121,-132.4,482.2,0,0.0,0.0,0.0000,0.00,0.00,0.00,0.00
2.6359,2.6300,5.9,0,-300.8,-155.5,2.7938,-477.6,-728.0,2.7926,387.2,-98.7,-0.0000,-35.7,-498.7,-0.0046,-136.4,481.0,0,0.0,0.0,0.0000,0.00,0.00,0.00,0.00
2.6438,2.6383,5.4,0,-301.1,-155.2,2.7948,-474.4,-728.8,2.7926,388.3,-94.5,-0.0000,-32.7,-498.9,-0.0087,-138.9,480.3,0,0.0,0.0,0.0000,0.00,0.00,0.00,0.00
2.6520,2.6464,5.6,0,-300.6,-155.6,2.7912,-471.3,-729.6,2.7926,389.4,-90.8,-0.0000,-30.4,-499.1,0.0055,-142.8,479.2,0,0.0,0.0,0.0000,0.00,0.00,0.00,0.00
2.6600,2.6547,5.3,0,-300.6,-155.5,2.7975,-468.0,-730.3,2.7926,390.6,-86.4,-0.0000,-27.8,-499.2,-0.0197,-142.2,479.3,0,0.0,0.0,0.0000,0.00,0.00,0.00,0.00
2.6678,2.6634,4.4,0,-300.3,-155.5,2.7946,-464.6,-731.1,2.7926,392.2,-81.7,-0.0000,-25.4,-499.4,-0.0081,-146.0,478.2,0,0.0,0.0,0.0000,0.00,0.00,0.00,0.00
2.6762,2.6716,4.6,0,-300.4,-155.3,2.8016,-461.4,-731.7,2.7926,392.4,-77.8,0.0000,-22.4,-499.5,-0.0361,-145.5,478.4,0,0.0,0.0,0.0000,0.00,0.00,0.00,0.00
2.6844,2.6804,4.0,0,-300.6,-155.5,2.7971,-458.0,-732.4,2.7926,392.7,-73.8,0.0000,-19.4,-499.6,-0.0179,-150.5,476.8,0,0.0,0.0,0.0000,0.00,0.00,0.00,0.00
2.6921,2.6888,3.3,0,-300.3,-155.4,2.7976,-454.7,-733.0,2.7926,394.1,-68.3,0.0000,-17.0,-499.7,-0.0199,-152.6,476.2,0,0.0,0.0,0.0000,0.00,0.00,0.00,0.00
2.7002,2.6972,3.0,0,-300.2,-155.3,2.8007,-451.3,-733.5,2.7926,395.4,-63.0,-0.0000,-14.4,-499.8,-0.0325,-153.5,475.8,0,0.0,0.0,0.0000,0.00,0.00,0.00,0.00
2.7083,2.7057,2.6,0,-300.4,-155.5,2.7989,-448.0,-734.0,2.7926,395.5,-59.3,0.0000,-11.5,-499.9,-0.0251,-157.1,474.7,0,0.0,0.0,0.0000,0.00,0.00,0.00,0.00
2.7155,2.7142,1.2,0,-300.1,-155.5,2.7902,-444.6,-734.5,2.7926,396.0,-55.2,0.0000,-9.2,-499.9,0.0098,-163.4,472.5,0,0.0,0.0,0.0000,0.00,0.00,0.00,0.00
2.7239,2.7227,1.2,0,-301.0,-155.4,2.7949,-441.2,-735.0,2.7926,397.1,-50.9,0.0000,-5.5,-500.0,-0.0092,-164.7,472.1,0,0.0,0.0,0.0000,0.00,0.00,0.00,0.00
2.7318,2.7227,9.1,0,-301.0,-155.4,2.7949,-441.2,-735.0,2.7926,397.1,-50.9,0.0000,-2.8,-500.0,-0.0092,-167.3,471.2,0,0.0,0.0,0.0000,0.00,0.00,0.00,0.00
2.7396,2.7395,0.1,0,-300.9,-155.4,2.7937,-434.6,-735.8,2.7926,397.7,-42.3,-0.0000,-0.2,-500.0,-0.0043,-170.3,470.1,0,0.0,0.0,0.0000,0.00,0.00,0.00,0.00
2.7479,2.7478,0.1,0,-300.6,-155.3,2.7939,-431.2,-736.1,2.7926,398.0,-37.6,0.0000,2.4,-500.0,-0.0053,-172.6,469.3,0,0.0,0.0,0.0000,0.00,0.00,0.00,0.00
2.7556,2.7555,0.1,0,-301.0,-155.6,2.7914,-428.2,-736.4,2.7926,398.6,-32.4,-0.0000,5.3,-500.0,0.0050,-176.5,467.8,0,0.0,0.0,0.0000,0.00,0.00,0.00,0.00
2.7642,2.7555,8.7,0,-301.0,-155.6,2.7914,-428.2,-736.4,2.7926,398.6,-32.4,-0.0000,8.2,-499.9,0.0050,-179.2,466.8,0,0.0,0.0,0.0000,0.00,0.00,0.00,0.00
2.7722,2.7669,5.3,0,-300.7,-155.3,2.7945,-423.6,-736.7,2.7926,399.0,-26.8,-0.0000,10.6,-499.9,-0.0074,-180.1,466.5,0,0.0,0.0,0.0000,0.00,0.00,0.00,0.00
2.7803,2.7730,7.2,0,-300.4,-155.4,2.8011,-421.2,-736.9,2.7926,399.3,-24.6,0.0000,13.1,-499.8,-0.0339,-179.3,466.7,0,0.0,0.0,0.0000,0.00,0.00,0.00,0.00
2.7877,2.7819,5.8,0,-300.7,-155.6,2.7863,-417.6,-737.1,2.7926,399.4,-19.7,-0.0000,16.1,-499.7,0.0254,-189.0,462.9,0,0.0,0.0,0.0000,0.00,0.00,0.00,0.00
2.7956,2.7902,5.4,0,-300.6,-155.4,2.7999,-414.3,-737.2,2.7926,399.3,-14.6,-0.0000,18.7,-499.7,-0.0291,-185.0,464.5,0,0.0,0.0,0.0000,0.00,0.00,0.00,0.00
2.8037,2.8007,3.0,0,-300.4,-155.5,2.7964,-410.2,-737.3,2.7926,399.6,-9.0,0.0000,21.3,-499.5,-0.0151,-189.1,462.9,0,0.0,0.0,0.0000,0.00,0.00,0.00,0.00
2.8116,2.8071,4.5,0,-300.4,-155.4,2.7988,-407.6,-737.4,2.7926,399.8,-5.6,0.0000,23.9,-499.4,-0.0247,-190.4,462.3,0,0.0,0.0,0.0000,0.00,0.00,0.00,0.00
2.8199,2.8156,4.3,0,-300.6,-155.5,2.7924,-404.2,-737.4,2.7926,400.0,-1.1,0.0000,26.8,-499.3,0.0008,-196.0,460.0,0,0.0,0.0,0.0000,0.00,0.00,0.00,0.00
2.8284,2.8238,4.6,0,-300.5,-155.5,2.7971,-400.9,-737.4,2.7926,400.4,3.3,0.0000,29.8,-499.1,-0.0178,-196.6,459.7,0,0.0,0.0,0.0000,0.00,0.00,0.00,0.00
2.8365,2.8351,1.4,0,-300.5,-155.3,2.7981,-396.4,-737.3,2.7926,400.1,8.8,-0.0000,32.6,-498.9,-0.0221,-198.7,458.8,0,0.0,0.0,0.0000,0.00,0.00,0.00,0.00
2.8438,2.8415,2.3,0,-300.9,-155.4,2.7945,-393.8,-737.3,2.7926,399.9,12.1,-0.0000,35.4,-498.7,-0.0077,-202.9,457.0,0,0.0,0.0,0.0000,0.00,0.00,0.00,0.00
2.8523,2.8494,2.9,0,-299.8,-155.1,2.8036,-390.7,-737.1,2.7926,399.4,16.7,-0.0000,37.3,-498.6,-0.0441,-200.5,458.0,0,0.0,0.0,0.0000,0.00,0.00,0.00,0.00
2.8597,2.8580,1.7,0,-300.7,-155.3,2.7940,-387.2,-737.0,2.7926,399.0,21.5,-0.0000,40.6,-498.3,-0.0055,-207.9,454.7,0,0.0,0.0,0.0000,0.00,0.00,0.00,0.00
2.8676,2.8580,9.6,0,-300.7,-155.3,2.7940,-387.2,-737.0,2.7926,399.0,21.5,-0.0000,43.3,-498.1,-0.0055,-210.4,453.6,0,0.0,0.0,0.0000,0.00,0.00,0.00,0.00
2.8758,2.8746,1.3,0,-300.3,-155.6,2.7981,-380.6,-736.5,2.7926,399.0,30.5,0.0000,45.8,-497.9,-0.0219,-210.8,453.4,0,0.0,0.0,0.0000,0.00,0.00,0.00,0.00
2.8841,2.8830,1.2,0,-300.4,-155.6,2.7938,-377.3,-736.3,2.7926,398.9,34.6,-0.0000,48.7,-497.6,-0.0049,-215.4,451.2,0,0.0,0.0,0.0000,0.00,0.00,0.00,0.00
2.8923,2.8921,0.2,0,-300.6,-155.1,2.8020,-373.6,-735.9,2.7926,398.4,39.3,-0.0000,51.6,-497.3,-0.0374,-214.3,451.7,0,0.0,0.0,0.0000,0.00,0.00,0.00,0.00
2.8995,2.8921,7.5,0,-300.6,-155.1,2.8020,-373.6,-735.9,2.7926,398.4,39.3,-0.0000,54.0,-497.1,-0.0374,-216.5,450.7,0,0.0,0.0,0.0000,0.00,0.00,0.00,0.00
2.9086,2.9085,0.1,0,-300.2,-155.2,2.7974,-367.1,-735.2,2.7926,396.7,48.2,-0.0000,56.8,-496.8,-0.0192,-221.1,448.5,0,0.0,0.0,0.0000,0.00,0.00,0.00,0.00
2.9162,2.9085,7.7,0,-300.2,-155.2,2.7974,-367.1,-735.2,2.7926,396.7,48.2,-0.0000,59.4,-496.5,-0.0192,-223.4,447.3,0,0.0,0.0,0.0000,0.00,0.00,0.00,0.00
2.9235,2.9170,6.5,0,-300.3,-155.5,2.7957,-363.7,-734.8,2.7926,396.5,53.2,0.0000,62.0,-496.1,-0.0122,-226.6,445.7,0,0.0,0.0,0.0000,0.00,0.00,0.00,0.00
2.9326,2.9252,7.4,0,-300.4,-155.5,2.7940,-360.5,-734.3,2.7926,396.0,57.3,-0.0000,65.3,-495.7,-0.0054,-230.3,443.8,0,0.0,0.0,0.0000,0.00,0.00,0.00,0.00
2.9398,2.9352,4.6,0,-300.7,-155.4,2.8023,-356.5,-733.7,2.7926,395.3,61.9,0.0000,67.9,-495.4,-0.0386,-228.9,444.5,0,0.0,0.0,0.0000,0.00,0.00,0.00,0.00
2.9477,2.9423,5.4,0,-300.5,-155.4,2.8040,-353.7,-733.3,2.7926,394.6,65.7,0.0000,70.4,-495.0,-0.0454,-230.4,443.7,0,0.0,0.0,0.0000,0.00,0.00,0.00,0.00
2.9564,2.9507,5.7,0,-300.9,-155.3,2.7950,-350.4,-732.7,2.7926,393.7,70.2,-0.0000,73.6,-494.5,-0.0096,-237.3,440.1,0,0.0,0.0,0.0000,0.00,0.00,0.00,0.00
2.9642,2.9594,4.8,0,-300.6,-155.3,2.7966,-347.0,-732.1,2.7926,392.9,74.9,-0.0000,76.0,-494.2,-0.0160,-238.7,439.4,0,0.0,0.0,0.0000,0.00,0.00,0.00,0.00
2.9718,2.9594,12.5,0,-300.6,-155.3,2.7966,-347.0,-732.1,2.7926,392.9,74.9,-0.0000,78.7,-493.8,-0.0160,-241.0,438.1,0,0.0,0.0,0.0000,0.00,0.00,0.00,0.00
2.9804,2.9759,4.4,0,-300.4,-155.5,2.7962,-340.5,-730.8,2.7926,391.0,83.8,-0.0000,81.5,-493.3,-0.0146,-243.7,436.6,0,0.0,0.0,0.0000,0.00,0.00,0.00,0.00
2.9882,2.9843,3.9,0,-300.4,-155.7,2.7957,-337.2,-730.1,2.7926,389.8,88.5,-0.0000,84.2,-492.9,-0.0123,-246.3,435.1,0,0.0,0.0,0.0000,0.00,0.00,0.00,0.00
2.9957,2.9932,2.5,0,-300.7,-155.4,2.7962,-333.8,-729.3,2.7926,388.9,92.8,0.0000,87.0,-492.4,-0.0142,-248.5,433.8,0,0.0,0.0,0.0000,0.00,0.00,0.00,0.00
3.0042,3.0019,2.3,0,-300.2,-155.4,2.8001,-330.4,-728.4,2.7926,388.0,97.1,-0.0000,89.3,-492.0,-0.0299,-248.9,433.6,0,0.0,0.0,0.0000,0.00,0.00,0.00,0.00
3.0122,3.0097,2.5,0,-300.7,-155.5,2.7989,-327.4,-727.7,2.7926,387.2,100.9,0.0000,92.4,-491.4,-0.0250,-252.2,431.8,0,0.0,0.0,0.0000,0.00,0.00,0.00,0.00
3.0198,3.0183,1.5,0,-300.2,-155.2,2.8017,-324.1,-726.8,2.7926,386.2,105.3,-0.0000,94.5,-491.0,-0.0365,-252.8,431.4,0,0.0,0.0,0.0000,0.00,0.00,0.00,0.00
3.0280,3.0268,1.2,0,-300.5,-155.4,2.8031,-320.8,-725.8,2.7926,384.5,110.4,-0.0000,97.7,-490.4,-0.0419,-255.0,430.1,0,0.0,0.0,0.0000,0.00,0.00,0.00,0.00
3.0366,3.0352,1.5,0,-300.5,-155.5,2.7944,-317.6,-724.9,2.7926,383.1,114.9,-0.0000,100.5,-489.8,-0.0072,-261.2,426.4,0,0.0,0.0,0.0000,0.00,0.00,0.00,0.00
3.0438,3.0436,0.2,0,-300.9,-155.4,2.7970,-314.3,-723.9,2.7926,381.8,118.5,-0.0000,103.2,-489.2,-0.0174,-262.4,425.6,0,0.0,0.0,0.0000,0.00,0.00,0.00,0.00
3.0523,3.0522,0.1,0,-300.1,-155.2,2.8044,-311.1,-722.9,2.7926,380.5,122.7,0.0000,105.3,-488.8,-0.0472,-261.1,426.4,0,0.0,0.0,0.0000,0.00,0.00,0.00,0.00
3.0598,3.0522,7.6,0,-300.1,-155.2,2.8044,-311.1,-722.9,2.7926,380.5,122.7,0.0000,107.8,-488.2,-0.0472,-263.3,425.1,0,0.0,0.0,0.0000,0.00,0.00,0.00,0.00
3.0680,3.0604,7.6,0,-299.9,-155.3,2.8059,-307.9,-721.9,2.7926,379.3,127.1,0.0000,110.4,-487.7,-0.0530,-264.9,424.1,0,0.0,0.0,0.0000,0.00,0.00,0.00,0.00
3.0766,3.0690,7.6,0,-300.8,-155.6,2.7960,-304.7,-720.7,2.7926,378.0,131.3,0.0000,114.2,-486.8,-0.0137,-272.3,419.3,0,0.0,0.0,0.0000,0.00,0.00,0.00,0.00
3.0840,3.0785,5.4,0,-300.6,-155.5,2.7960,-301.1,-719.5,2.7926,376.6,135.6,-0.0000,116.5,-486.2,-0.0134,-274.3,418.0,0,0.0,0.0,0.0000,0.00,0.00,0.00,0.00
3.0919,3.0854,6.5,0,-300.1,-155.7,2.7950,-298.5,-718.5,2.7926,375.1,139.3,-0.0000,118.8,-485.7,-0.0094,-276.7,416.4,0,0.0,0.0,0.0000,0.00,0.00,0.00,0.00
3.1002,3.0938,6.3,0,-300.6,-155.6,2.7954,-295.4,-717.3,2.7926,373.1,143.9,0.0000,122.0,-484.9,-0.0110,-279.3,414.7,0,0.0,0.0,0.0000,0.00,0.00,0.00,0.00
3.1078,3.1025,5.3,0,-300.1,-155.0,2.8034,-292.1,-716.1,2.7926,371.5,148.5,-0.0000,124.1,-484.4,-0.0430,-277.8,415.8,0,0.0,0.0,0.0000,0.00,0.00,0.00,0.00
3.1164,3.1110,5.4,0,-300.5,-155.5,2.7985,-289.0,-714.8,2.7926,370.0,153.2,-0.0000,127.1,-483.6,-0.0234,-282.4,412.6,0,0.0,0.0,0.0000,0.00,0.00,0.00,0.00
3.1242,3.1196,4.6,0,-300.4,-155.3,2.7954,-285.8,-713.4,2.7926,368.1,156.6,0.0000,129.5,-482.9,-0.0110,-285.7,410.3,0,0.0,0.0,0.0000,0.00,0.00,0.00,0.00
3.1318,3.1282,3.6,0,-300.1,-155.1,2.8025,-282.6,-712.1,2.7926,366.1,159.9,0.0000,131.9,-482.3,-0.0395,-284.9,410.9,0,0.0,0.0,0.0000,0.00,0.00,0.00,0.00
3.1400,3.1367,3.3,0,-300.6,-155.3,2.8020,-279.5,-710.7,2.7926,364.3,164.8,0.0000,135.4,-481.3,-0.0374,-288.0,408.7,0,0.0,0.0,0.0000,0.00,0.00,0.00,0.00
3.1485,3.1449,3.6,0,-300.6,-155.7,2.8006,-276.6,-709.3,2.7926,362.5,169.2,-0.0000,138.0,-480.6,-0.0318,-290.8,406.7,0,0.0,0.0,0.0000,0.00,0.00,0.00,0.00
3.1561,3.1536,2.6,0,-300.4,-155.2,2.8047,-273.4,-707.9,2.7926,360.4,173.6,0.0000,140.1,-480.0,-0.0485,-290.9,406.7,0,0.0,0.0,0.0000,0.00,0.00,0.00,0.00
3.1644,3.1621,2.3,0,-300.7,-155.5,2.7892,-270.4,-706.4,2.7926,358.4,177.7,-0.0000,143.4,-479.0,0.0137,-299.9,400.0,0,0.0,0.0,0.0000,0.00,0.00,0.00,0.00
3.1715,3.1703,1.2,0,-300.4,-155.5,2.7975,-267.4,-704.9,2.7926,356.6,180.8,0.0000,145.5,-478.4,-0.0197,-298.4,401.2,0,0.0,0.0,0.0000,0.00,0.00,0.00,0.00
3.1796,3.1794,0.3,0,-300.1,-155.6,2.8001,-264.2,-703.2,2.7926,354.6,184.7,-0.0000,147.9,-477.6,-0.0300,-299.3,400.6,0,0.0,0.0,0.0000,0.00,0.00,0.00,0.00
3.1875,3.1874,0.1,0,-300.8,-155.6,2.7955,-261.4,-701.7,2.7926,352.9,189.0,-0.0000,151.1,-476.6,-0.0117,-303.8,397.1,0,0.0,0.0,0.0000,0.00,0.00,0.00,0.00
3.1956,3.1955,0.1,0,-300.3,-155.4,2.7958,-258.5,-700.2,2.7926,350.7,193.0,-0.0000,153.2,-475.9,-0.0126,-305.5,395.8,0,0.0,0.0,0.0000,0.00,0.00,0.00,0.00
3.2038,3.1955,8.3,0,-300.3,-155.4,2.7958,-258.5,-700.2,2.7926,350.7,193.0,-0.0000,156.0,-475.0,-0.0126,-307.8,394.1,0,0.0,0.0,0.0000,0.00,0.00,0.00,0.00
3.2124,3.2044,8.0,0,-300.6,-155.3,2.8055,-255.4,-698.4,2.7926,347.4,197.5,0.0000,159.0,-474.0,-0.0515,-306.5,395.1,0,0.0,0.0,0.0000,0.00,0.00,0.00,0.00
3.2199,3.2125,7.3,0,-300.1,-155.3,2.8027,-252.6,-696.8,2.7926,345.3,201.3,-0.0000,161.0,-473.4,-0.0402,-309.2,392.9,0,0.0,0.0,0.0000,0.00,0.00,0.00,0.00
3.2276,3.2210,6.6,0,-300.3,-155.5,2.7938,-249.7,-695.1,2.7926,344.0,205.1,-0.0000,163.7,-472.4,-0.0049,-314.9,388.3,0,0.0,0.0,0.0000,0.00,0.00,0.00,0.00
3.2365,3.2298,6.7,0,-300.7,-155.3,2.7905,-246.7,-693.3,2.7926,341.5,208.8,0.0000,166.8,-471.4,0.0083,-318.7,385.3,0,0.0,0.0,0.0000,0.00,0.00,0.00,0.00
3.2442,3.2386,5.6,0,-300.2,-155.3,2.7960,-243.7,-691.4,2.7926,338.5,212.0,-0.0000,169.0,-470.6,-0.0136,-318.4,385.5,0,0.0,0.0,0.0000,0.00,0.00,0.00,0.00
3.2524,3.2462,6.2,0,-300.7,-155.4,2.7997,-241.1,-689.8,2.7926,336.4,215.9,-0.0000,172.2,-469.4,-0.0285,-319.6,384.6,0,0.0,0.0,0.0000,0.00,0.00,0.00,0.00
3.2596,3.2550,4.6,0,-300.1,-155.1,2.8030,-238.2,-687.9,2.7926,334.2,220.8,-0.0000,173.8,-468.8,-0.0414,-319.7,384.4,0,0.0,0.0,0.0000,0.00,0.00,0.00,0.00
3.2679,3.2635,4.4,0,-300.7,-155.1,2.8000,-235.3,-686.0,2.7926,331.5,224.1,-0.0000,177.1,-467.6,-0.0297,-323.5,381.3,0,0.0,0.0,0.0000,0.00,0.00,0.00,0.00
3.2763,3.2716,4.6,0,-300.2,-155.4,2.7971,-232.6,-684.2,2.7926,329.0,227.3,0.0000,179.5,-466.6,-0.0178,-326.6,378.6,0,0.0,0.0,0.0000,0.00,0.00,0.00,0.00
3.2842,3.2794,4.8,0,-300.7,-155.2,2.7973,-230.1,-682.4,2.7926,326.7,230.7,-0.0000,182.5,-465.5,-0.0188,-328.9,376.6,0,0.0,0.0,0.0000,0.00,0.00,0.00,0.00
3.2922,3.2888,3.4,0,-300.4,-155.4,2.7946,-227.0,-680.2,2.7926,323.9,235.0,-0.0000,184.6,-464.7,-0.0082,-331.6,374.2,0,0.0,0.0,0.0000,0.00,0.00,0.00,0.00
3.2996,3.2972,2.4,0,-300.3,-155.5,2.7937,-224.3,-678.2,2.7926,321.3,238.2,-0.0000,186.8,-463.8,-0.0045,-333.7,372.3,0,0.0,0.0,0.0000,0.00,0.00,0.00,0.00
3.3082,3.3056,2.6,0,-300.3,-155.3,2.7983,-221.6,-676.2,2.7926,318.7,241.6,-0.0000,189.7,-462.6,-0.0229,-334.3,371.8,0,0.0,0.0,0.0000,0.00,0.00,0.00,0.00
3.3155,3.3142,1.2,0,-300.6,-155.3,2.7955,-218.9,-674.1,2.7926,315.3,245.9,-0.0000,192.6,-461.4,-0.0114,-337.7,368.7,0,0.0,0.0,0.0000,0.00,0.00,0.00,0.00
3.3235,3.3223,1.2,0,-300.3,-155.4,2.7978,-216.4,-672.1,2.7926,312.3,249.6,-0.0000,194.8,-460.5,-0.0206,-338.6,367.9,0,0.0,0.0,0.0000,0.00,0.00,0.00,0.00
3.3326,3.3312,1.4,0,-300.4,-155.5,2.7905,-213.6,-669.9,2.7926,309.8,253.0,0.0000,197.8,-459.2,0.0084,-343.7,363.2,0,0.0,0.0,0.0000,0.00,0.00,0.00,0.00
3.3399,3.3395,0.4,0,-300.4,-155.3,2.8024,-211.0,-667.7,2.7926,307.1,256.4,0.0000,200.0,-458.2,-0.0391,-341.1,365.6,0,0.0,0.0,0.0000,0.00,0.00,0.00,0.00
3.3478,3.3477,0.1,0,-300.3,-155.2,2.8003,-208.5,-665.6,2.7926,304.2,260.0,0.0000,202.4,-457.2,-0.0306,-343.8,363.1,0,0.0,0.0,0.0000,0.00,0.00,0.00,0.00
3.3563,3.3562,0.1,0,-300.4,-155.4,2.7963,-206.0,-663.4,2.7926,301.3,263.3,-0.0000,205.3,-455.9,-0.0148,-347.5,359.5,0,0.0,0.0,0.0000,0.00,0.00,0.00,0.00
3.3644,3.3562,8.2,0,-300.4,-155.4,2.7963,-206.0,-663.4,2.7926,301.3,263.3,-0.0000,207.8,-454.8,-0.0148,-349.5,357.6,0,0.0,0.0,0.0000,0.00,0.00,0.00,0.00
3.3723,3.3650,7.3,0,-300.6,-155.7,2.7974,-203.3,-661.1,2.7926,298.8,266.3,0.0000,210.6,-453.5,-0.0190,-351.3,355.8,0,0.0,0.0,0.0000,0.00,0.00,0.00,0.00
3.3799,3.3734,6.6,0,-300.3,-155.4,2.7925,-200.8,-658.8,2.7926,295.4,269.6,-0.0000,212.7,-452.5,0.0005,-354.7,352.4,0,0.0,0.0,0.0000,0.00,0.00,0.00,0.00
3.3886,3.3818,6.8,0,-300.4,-155.5,2.7963,-198.4,-656.5,2.7926,291.2,273.1,-0.0000,215.4,-451.2,-0.0149,-355.4,351.7,0,0.0,0.0,0.0000,0.00,0.00,0.00,0.00
3.3960,3.3905,5.4,0,-300.8,-155.5,2.7992,-195.8,-654.1,2.7926,288.4,276.7,0.0000,218.1,-449.9,-0.0262,-356.5,350.6,0,0.0,0.0,0.0000,0.00,0.00,0.00,0.00
3.4046,3.3991,5.6,0,-300.2,-155.1,2.8010,-193.4,-651.7,2.7926,286.1,280.3,0.0000,220.1,-449.0,-0.0338,-357.4,349.7,0,0.0,0.0,0.0000,0.00,0.00,0.00,0.00
3.4124,3.4077,4.7,0,-300.7,-155.4,2.7980,-190.9,-649.3,2.7926,282.8,283.2,-0.0000,223.0,-447.5,-0.0217,-360.7,346.2,0,0.0,0.0,0.0000,0.00,0.00,0.00,0.00
3.4204,3.4158,4.5,0,-300.3,-155.4,2.7958,-188.6,-647.0,2.7926,279.8,285.8,0.0000,225.2,-446.4,-0.0127,-363.2,343.7,0,0.0,0.0,0.0000,0.00,0.00,0.00,0.00
3.4285,3.4240,4.6,0,-300.6,-155.6,2.7984,-186.4,-644.7,2.7926,276.5,289.1,0.0000,228.2,-444.9,-0.0231,-364.6,342.2,0,0.0,0.0,0.0000,0.00,0.00,0.00,0.00
3.4358,3.4341,1.8,0,-300.1,-155.5,2.7944,-183.6,-641.7,2.7926,272.5,293.1,-0.0000,230.1,-443.9,-0.0070,-367.4,339.1,0,0.0,0.0,0.0000,0.00,0.00,0.00,0.00
3.4439,3.4416,2.3,0,-300.7,-155.6,2.7973,-181.6,-639.5,2.7926,269.3,295.7,-0.0000,233.3,-442.2,-0.0189,-368.9,337.6,0,0.0,0.0,0.0000,0.00,0.00,0.00,0.00
3.4520,3.4495,2.5,0,-300.1,-155.4,2.8025,-179.4,-637.2,2.7926,266.1,298.6,-0.0000,235.0,-441.4,-0.0394,-368.4,338.1,0,0.0,0.0,0.0000,0.00,0.00,0.00,0.00
3.4598,3.4584,1.4,0,-300.3,-155.3,2.8000,-177.1,-634.5,2.7926,262.9,301.6,-0.0000,237.5,-440.0,-0.0296,-371.1,335.0,0,0.0,0.0,0.0000,0.00,0.00,0.00,0.00
3.4683,3.4670,1.2,0,-300.6,-155.4,2.7970,-174.8,-631.9,2.7926,259.6,304.5,-0.0000,240.2,-438.5,-0.0176,-374.2,331.6,0,0.0,0.0,0.0000,0.00,0.00,0.00,0.00
3.4762,3.4750,1.2,0,-300.7,-155.5,2.7975,-172.8,-629.4,2.7926,256.1,306.9,0.0000,242.7,-437.1,-0.0197,-376.0,329.6,0,0.0,0.0,0.0000,0.00,0.00,0.00,0.00
3.4834,3.4750,8.5,0,-300.7,-155.5,2.7975,-172.8,-629.4,2.7926,256.1,306.9,0.0000,245.1,-435.8,-0.0197,-377.7,327.6,0,0.0,0.0,0.0000,0.00,0.00,0.00,0.00
3.4916,3.4842,7.4,0,-300.3,-155.5,2.7979,-170.4,-626.6,2.7926,252.2,310.1,0.0000,247.3,-434.5,-0.0210,-379.3,325.8,0,0.0,0.0,0.0000,0.00,0.00,0.00,0.00
3.5009,3.4918,9.0,0,-300.2,-155.7,2.7974,-168.5,-624.2,2.7926,248.5,313.2,-0.0000,250.4,-432.8,-0.0190,-381.7,322.9,0,0.0,0.0,0.0000,0.00,0.00,0.00,0.00
3.5076,3.5021,5.4,0,-300.3,-155.2,2.8003,-166.0,-621.0,2.7926,244.4,316.5,0.0000,252.3,-431.7,-0.0309,-382.2,322.3,0,0.0,0.0,0.0000,0.00,0.00,0.00,0.00
3.5165,3.5087,7.8,0,-300.5,-155.1,2.7923,-164.4,-618.9,2.7926,241.9,318.5,-0.0000,254.7,-430.3,0.0010,-386.6,317.1,0,0.0,0.0,0.0000,0.00,0.00,0.00,0.00
3.5243,3.5173,6.9,0,-300.2,-155.3,2.7989,-162.3,-616.1,2.7926,238.6,321.1,-0.0000,256.7,-429.0,-0.0252,-386.0,317.8,0,0.0,0.0,0.0000,0.00,0.00,0.00,0.00
3.5324,3.5259,6.5,0,-300.7,-155.6,2.7917,-160.3,-613.4,2.7926,235.5,323.7,-0.0000,260.0,-427.1,0.0037,-390.6,312.1,0,0.0,0.0,0.0000,0.00,0.00,0.00,0.00
3.5406,3.5359,4.8,0,-300.9,-155.5,2.7864,-158.0,-610.1,2.7926,230.5,327.1,-0.0000,262.7,-425.4,0.0250,-394.3,307.5,0,0.0,0.0,0.0000,0.00,0.00,0.00,0.00
3.5485,3.5425,6.0,0,-300.4,-155.6,2.7948,-156.4,-607.9,2.7926,227.1,329.7,-0.0000,264.6,-424.2,-0.0086,-393.1,309.0,0,0.0,0.0,0.0000,0.00,0.00,0.00,0.00
3.5564,3.5508,5.6,0,-300.6,-155.3,2.8047,-154.6,-605.2,2.7926,223.4,331.7,-0.0000,267.0,-422.8,-0.0483,-391.7,310.8,0,0.0,0.0,0.0000,0.00,0.00,0.00,0.00
3.5637,3.5591,4.6,0,-300.8,-155.5,2.7864,-152.8,-602.5,2.7926,219.6,333.5,-0.0000,269.4,-421.2,0.0246,-399.0,301.3,0,0.0,0.0,0.0000,0.00,0.00,0.00,0.00
3.5724,3.5687,3.7,0,-300.5,-155.5,2.7930,-150.6,-599.2,2.7926,215.6,336.7,0.0000,271.7,-419.7,-0.0015,-398.7,301.7,0,0.0,0.0,0.0000,0.00,0.00,0.00,0.00
3.5795,3.5760,3.5,0,-300.6,-155.3,2.7943,-149.1,-596.8,2.7926,212.4,339.1,-0.0000,273.8,-418.4,-0.0067,-399.8,300.2,0,0.0,0.0,0.0000,0.00,0.00,0.00,0.00
3.5884,3.5848,3.6,0,-300.8,-155.5,2.7928,-147.2,-593.8,2.7926,209.1,341.4,0.0000,276.8,-416.4,-0.0008,-402.4,296.7,0,0.0,0.0,0.0000,0.00,0.00,0.00,0.00
3.5958,3.5931,2.7,0,-300.7,-155.4,2.7999,-145.5,-590.9,2.7926,205.9,343.6,-0.0000,278.7,-415.1,-0.0293,-401.7,297.7,0,0.0,0.0,0.0000,0.00,0.00,0.00,0.00
3.6039,3.6027,1.3,0,-300.2,-155.3,2.7997,-143.6,-587.6,2.7926,199.8,346.5,0.0000,280.7,-413.8,-0.0285,-403.1,295.8,0,0.0,0.0,0.0000,0.00,0.00,0.00,0.00
3.6120,3.6097,2.3,0,-300.5,-155.4,2.7947,-142.2,-585.2,2.7926,196.0,348.5,0.0000,283.4,-411.9,-0.0083,-406.5,291.1,0,0.0,0.0,0.0000,0.00,0.00,0.00,0.00
3.6205,3.6191,1.5,0,-300.3,-155.4,2.8009,-140.4,-581.9,2.7926,192.7,350.5,0.0000,285.8,-410.3,-0.0331,-406.4,291.2,0,0.0,0.0,0.0000,0.00,0.00,0.00,0.00
3.6279,3.6267,1.2,0,-300.7,-155.5,2.7955,-138.9,-579.2,2.7926,189.4,352.3,0.0000,288.1,-408.6,-0.0117,-409.7,286.7,0,0.0,0.0,0.0000,0.00,0.00,0.00,0.00
3.6362,3.6267,9.5,0,-300.7,-155.5,2.7955,-138.9,-579.2,2.7926,189.4,352.3,0.0000,290.5,-407.0,-0.0117,-411.3,284.3,0,0.0,0.0,0.0000,0.00,0.00,0.00,0.00
3.6442,3.6438,0.5,0,-300.2,-155.4,2.8034,-135.7,-573.2,2.7926,180.9,356.8,0.0000,292.3,-405.6,-0.0433,-410.3,285.7,0,0.0,0.0,0.0000,0.00,0.00,0.00,0.00
3.6521,3.6519,0.2,0,-300.3,-155.4,2.7971,-134.3,-570.3,2.7926,177.2,358.2,-0.0000,294.7,-403.9,-0.0180,-413.8,280.7,0,0.0,0.0,0.0000,0.00,0.00,0.00,0.00
3.6605,3.6603,0.2,0,-300.6,-155.6,2.7890,-132.8,-567.3,2.7926,173.3,360.2,0.0000,297.7,-401.7,0.0144,-418.1,274.2,0,0.0,0.0,0.0000,0.00,0.00,0.00,0.00
3.6679,3.6603,7.7,0,-300.6,-155.6,2.7890,-132.8,-567.3,2.7926,173.3,360.2,0.0000,300.0,-400.0,0.0144,-419.7,271.8,0,0.0,0.0,0.0000,0.00,0.00,0.00,0.00
3.6757,3.6710,4.7,0,-300.4,-155.3,2.7988,-131.0,-563.4,2.7926,168.0,363.2,0.0000,301.6,-398.8,-0.0247,-418.1,274.2,0,0.0,0.0,0.0000,0.00,0.00,0.00,0.00
3.6840,3.6775,6.4,0,-300.4,-155.6,2.8000,-129.9,-561.0,2.7926,164.7,364.7,-0.0000,303.9,-397.0,-0.0297,-419.3,272.3,0,0.0,0.0,0.0000,0.00,0.00,0.00,0.00
3.6926,3.6888,3.8,0,-300.4,-155.4,2.7966,-128.1,-556.9,2.7926,159.0,367.2,0.0000,306.3,-395.2,-0.0158,-421.9,268.3,0,0.0,0.0,0.0000,0.00,0.00,0.00,0.00
3.7002,3.6944,5.7,0,-300.6,-155.2,2.8024,-127.2,-554.8,2.7926,156.6,368.1,-0.0000,308.6,-393.4,-0.0393,-421.9,268.3,0,0.0,0.0,0.0000,0.00,0.00,0.00,0.00
3.7078,3.7043,3.5,0,-300.8,-155.5,2.7916,-125.7,-551.2,2.7926,152.5,369.4,-0.0000,311.0,-391.5,0.0040,-426.4,261.1,0,0.0,0.0,0.0000,0.00,0.00,0.00,0.00
3.7157,3.7112,4.5,0,-300.7,-155.5,2.7895,-124.6,-548.6,2.7926,148.4,371.3,0.0000,313.1,-389.8,0.0125,-428.4,257.9,0,0.0,0.0,0.0000,0.00,0.00,0.00,0.00
3.7244,3.7196,4.8,0,-300.7,-155.3,2.8007,-123.4,-545.5,2.7926,143.2,373.6,-0.0000,315.5,-387.9,-0.0325,-427.0,260.1,0,0.0,0.0,0.0000,0.00,0.00,0.00,0.00
3.7314,3.7282,3.2,0,-300.2,-155.4,2.7984,-122.2,-542.3,2.7926,139.3,375.0,-0.0000,317.2,-386.5,-0.0233,-428.7,257.3,0,0.0,0.0,0.0000,0.00,0.00,0.00,0.00
3.7398,3.7372,2.5,0,-300.6,-155.3,2.7955,-121.0,-538.9,2.7926,135.0,376.5,0.0000,319.8,-384.3,-0.0117,-431.2,253.1,0,0.0,0.0,0.0000,0.00,0.00,0.00,0.00
3.7478,3.7451,2.6,0,-300.1,-155.3,2.8013,-119.9,-535.9,2.7926,131.7,377.8,0.0000,321.7,-382.8,-0.0347,-431.0,253.5,0,0.0,0.0,0.0000,0.00,0.00,0.00,0.00
3.7562,3.7536,2.6,0,-300.2,-155.5,2.7971,-118.8,-532.7,2.7926,127.9,379.1,-0.0000,324.0,-380.8,-0.0180,-433.6,249.0,0,0.0,0.0,0.0000,0.00,0.00,0.00,0.00
3.7639,3.7616,2.3,0,-300.8,-155.5,2.7931,-117.8,-529.6,2.7926,123.1,380.4,0.0000,326.4,-378.8,-0.0021,-436.1,244.6,0,0.0,0.0,0.0000,0.00,0.00,0.00,0.00
3.7721,3.7708,1.3,0,-300.6,-155.6,2.7891,-116.7,-526.1,2.7926,117.9,382.0,-0.0000,328.8,-376.6,0.0140,-438.7,240.0,0,0.0,0.0,0.0000,0.00,0.00,0.00,0.00
3.7798,3.7785,1.2,0,-300.4,-155.3,2.8065,-115.8,-523.2,2.7926,114.1,383.6,-0.0000,330.7,-375.0,-0.0555,-435.7,245.4,0,0.0,0.0,0.0000,0.00,0.00,0.00,0.00
3.7887,3.7785,10.1,0,-300.4,-155.3,2.8065,-115.8,-523.2,2.7926,114.1,383.6,-0.0000,333.1,-372.9,-0.0555,-437.2,242.7,0,0.0,0.0,0.0000,0.00,0.00,0.00,0.00
3.7956,3.7955,0.1,0,-301.0,-155.4,2.7852,-113.9,-516.6,2.7926,105.5,385.6,-0.0000,335.4,-370.8,0.0295,-443.7,230.5,0,0.0,0.0,0.0000,0.00,0.00,0.00,0.00
3.8044,3.8028,1.6,0,-300.5,-155.3,2.7963,-113.2,-513.8,2.7926,101.8,386.4,-0.0000,337.2,-369.2,-0.0148,-442.2,233.3,0,0.0,0.0,0.0000,0.00,0.00,0.00,0.00
3.8123,3.8028,9.5,0,-300.5,-155.3,2.7963,-113.2,-513.8,2.7926,101.8,386.4,-0.0000,339.2,-367.4,-0.0148,-443.5,230.9,0,0.0,0.0,0.0000,0.00,0.00,0.00,0.00
3.8199,3.8125,7.4,0,-300.3,-155.6,2.7934,-112.2,-510.1,2.7926,97.2,387.8,0.0000,341.4,-365.3,-0.0031,-445.5,226.9,0,0.0,0.0,0.0000,0.00,0.00,0.00,0.00
3.8284,3.8209,7.5,0,-300.5,-155.4,2.7953,-111.4,-506.8,2.7926,92.9,389.0,-0.0000,343.8,-363.1,-0.0109,-446.6,224.9,0,0.0,0.0,0.0000,0.00,0.00,0.00,0.00
3.8365,3.8295,7.0,0,-300.5,-155.8,2.7958,-110.6,-503.5,2.7926,88.4,390.5,0.0000,346.3,-360.6,-0.0128,-448.1,221.9,0,0.0,0.0,0.0000,0.00,0.00,0.00,0.00
3.8437,3.8383,5.4,0,-300.6,-155.3,2.8038,-109.9,-500.0,2.7926,83.5,391.3,-0.0000,347.9,-359.1,-0.0447,-447.3,223.5,0,0.0,0.0,0.0000,0.00,0.00,0.00,0.00
3.8525,3.8463,6.2,0,-300.9,-155.5,2.7930,-109.2,-496.9,2.7926,78.9,391.6,0.0000,350.5,-356.5,-0.0015,-451.2,215.4,0,0.0,0.0,0.0000,0.00,0.00,0.00,0.00
3.8600,3.8547,5.3,0,-300.4,-155.4,2.8062,-108.6,-493.6,2.7926,74.7,392.8,0.0000,351.9,-355.2,-0.0545,-449.2,219.6,0,0.0,0.0,0.0000,0.00,0.00,0.00,0.00
3.8682,3.8629,5.3,0,-300.3,-155.2,2.8036,-108.0,-490.4,2.7926,70.9,394.1,0.0000,353.7,-353.4,-0.0440,-450.9,216.1,0,0.0,0.0,0.0000,0.00,0.00,0.00,0.00
3.8761,3.8725,3.6,0,-300.6,-155.5,2.7978,-107.3,-486.6,2.7926,65.9,394.6,-0.0000,356.4,-350.7,-0.0207,-453.8,210.0,0,0.0,0.0,0.0000,0.00,0.00,0.00,0.00
3.8839,3.8802,3.7,0,-300.4,-155.2,2.8013,-106.8,-483.5,2.7926,62.0,395.1,0.0000,358.0,-349.0,-0.0349,-454.0,209.5,0,0.0,0.0,0.0000,0.00,0.00,0.00,0.00
3.8923,3.8889,3.4,0,-301.0,-155.7,2.7942,-106.3,-480.1,2.7926,56.6,396.0,0.0000,361.1,-345.9,-0.0062,-457.3,202.3,0,0.0,0.0,0.0000,0.00,0.00,0.00,0.00
3.8995,3.8971,2.4,0,-300.6,-155.7,2.7972,-105.9,-476.9,2.7926,51.7,396.7,0.0000,362.7,-344.2,-0.0182,-457.6,201.5,0,0.0,0.0,0.0000,0.00,0.00,0.00,0.00
3.9084,3.9058,2.6,0,-300.6,-155.4,2.8018,-105.4,-473.4,2.7926,47.9,397.0,-0.0000,364.8,-341.9,-0.0367,-457.9,200.7,0,0.0,0.0,0.0000,0.00,0.00,0.00,0.00
3.9155,3.9142,1.3,0,-300.9,-155.0,2.7934,-105.0,-470.1,2.7926,43.8,397.5,-0.0000,366.5,-340.1,-0.0031,-460.5,194.7,0,0.0,0.0,0.0000,0.00,0.00,0.00,0.00
3.9246,3.9221,2.4,0,-300.9,-155.4,2.7950,-104.7,-466.9,2.7926,39.7,398.1,-0.0000,369.0,-337.4,-0.0095,-461.7,192.0,0,0.0,0.0,0.0000,0.00,0.00,0.00,0.00
3.9327,3.9309,1.8,0,-300.7,-155.0,2.7997,-104.4,-463.4,2.7926,35.1,398.6,0.0000,370.3,-335.9,-0.0284,-461.5,192.3,0,0.0,0.0,0.0000,0.00,0.00,0.00,0.00
3.9397,3.9396,0.1,0,-300.9,-155.1,2.8006,-104.1,-460.0,2.7926,29.9,398.9,-0.0000,372.4,-333.7,-0.0318,-462.5,189.9,0,0.0,0.0,0.0000,0.00,0.00,0.00,0.00
3.9478,3.9476,0.2,0,-301.0,-155.4,2.7922,-103.9,-456.8,2.7926,25.5,399.2,0.0000,375.0,-330.8,0.0015,-465.5,182.4,0,0.0,0.0,0.0000,0.00,0.00,0.00,0.00
3.9565,3.9564,0.1,0,-300.3,-155.3,2.7981,-103.7,-453.3,2.7926,20.9,399.4,0.0000,376.6,-328.8,-0.0220,-465.4,182.8,0,0.0,0.0,0.0000,0.00,0.00,0.00,0.00
3.9646,3.9644,0.3,0,-300.6,-155.4,2.7951,-103.5,-450.1,2.7926,16.7,399.6,0.0000,378.9,-326.3,-0.0099,-467.2,178.2,0,0.0,0.0,0.0000,0.00,0.00,0.00,0.00
3.9722,3.9644,7.8,0,-300.6,-155.4,2.7951,-103.5,-450.1,2.7926,16.7,399.6,0.0000,380.7,-324.1,-0.0099,-468.2,175.6,0,0.0,0.0,0.0000,0.00,0.00,0.00,0.00
3.9798,3.9733,6.6,0,-300.1,-155.6,2.7936,-103.4,-446.5,2.7926,11.8,399.9,-0.0000,382.3,-322.2,-0.0038,-469.3,172.5,0,0.0,0.0,0.0000,0.00,0.00,0.00,0.00
3.9884,3.9816,6.8,0,-300.7,-155.3,2.7957,-103.3,-443.2,2.7926,7.7,400.0,-0.0000,384.6,-319.5,-0.0123,-470.1,170.2,0,0.0,0.0,0.0000,0.00,0.00,0.00,0.00
3.9964,3.9899,6.5,0,-300.6,-155.7,2.7931,-103.3,-439.8,2.7926,3.8,400.1,-0.0000,386.9,-316.7,-0.0018,-471.8,165.5,0,0.0,0.0,0.0000,0.00,0.00,0.00,0.00
4.0035,3.9985,5.1,0,-300.4,-155.5,2.8001,-103.3,-436.4,2.7926,-1.0,400.1,-0.0000,388.3,-315.0,-0.0299,-471.4,166.7,0,0.0,0.0,0.0000,0.00,0.00,0.00,0.00
4.0115,4.0069,4.6,0,-300.2,-155.4,2.7994,-103.3,-433.1,2.7926,-6.2,400.3,0.0000,390.0,-312.8,-0.0273,-472.4,163.8,0,0.0,0.0,0.0000,0.00,0.00,0.00,0.00
4.0198,4.0154,4.4,0,-300.5,-155.6,2.7985,-103.4,-429.6,2.7926,-10.6,399.8,-0.0000,392.6,-309.7,-0.0234,-473.9,159.5,0,0.0,0.0,0.0000,0.00,0.00,0.00,0.00
4.0282,4.0235,4.6,0,-300.4,-155.3,2.7980,-103.5,-426.4,2.7926,-14.8,399.0,-0.0000,394.1,-307.8,-0.0216,-474.7,157.0,0,0.0,0.0,0.0000,0.00,0.00,0.00,0.00
4.0357,4.0322,3.5,0,-300.2,-155.2,2.8004,-103.6,-422.9,2.7926,-19.4,399.4,-0.0000,395.5,-305.9,-0.0313,-475.0,156.0,0,0.0,0.0,0.0000,0.00,0.00,0.00,0.00
4.0442,4.0407,3.5,0,-300.2,-155.0,2.8007,-103.8,-419.5,2.7926,-23.9,399.8,0.0000,397.3,-303.5,-0.0323,-475.9,153.2,0,0.0,0.0,0.0000,0.00,0.00,0.00,0.00
4.0516,4.0489,2.7,0,-300.8,-155.5,2.7978,-104.0,-416.3,2.7926,-28.1,399.1,0.0000,400.0,-299.9,-0.0209,-477.7,147.6,0,0.0,0.0,0.0000,0.00,0.00,0.00,0.00
4.0604,4.0575,2.8,0,-300.1,-155.2,2.8062,-104.3,-412.8,2.7926,-32.6,398.6,-0.0000,401.5,-297.9,-0.0544,-477.2,149.2,0,0.0,0.0,0.0000,0.00,0.00,0.00,0.00
4.0675,4.0663,1.3,0,-300.2,-155.6,2.7944,-104.6,-409.3,2.7926,-37.7,398.2,0.0000,404.0,-294.6,-0.0072,-480.1,139.6,0,0.0,0.0,0.0000,0.00,0.00,0.00,0.00
4.0756,4.0743,1.3,0,-300.3,-155.0,2.8010,-104.9,-406.1,2.7926,-42.1,397.8,0.0000,405.1,-293.0,-0.0335,-479.8,140.8,0,0.0,0.0,0.0000,0.00,0.00,0.00,0.00
4.0845,4.0831,1.4,0,-300.3,-155.3,2.7949,-105.3,-402.7,2.7926,-46.0,397.1,-0.0000,407.4,-289.8,-0.0094,-481.7,134.2,0,0.0,0.0,0.0000,0.00,0.00,0.00,0.00
4.0926,4.0899,2.7,0,-300.6,-155.3,2.7926,-105.6,-400.0,2.7926,-49.4,396.6,0.0000,409.4,-287.0,0.0002,-482.9,129.6,0,0.0,0.0,0.0000,0.00,0.00,0.00,0.00
4.1001,4.0899,10.2,0,-300.6,-155.3,2.7926,-105.6,-400.0,2.7926,-49.4,396.6,0.0000,411.1,-284.6,0.0002,-483.6,126.9,0,0.0,0.0,0.0000,0.00,0.00,0.00,0.00
4.1086,4.1082,0.4,0,-300.1,-155.4,2.7982,-106.6,-392.7,2.7926,-59.7,395.7,0.0000,412.6,-282.4,-0.0222,-483.6,127.0,0,0.0,0.0,0.0000,0.00,0.00,0.00,0.00
4.1164,4.1082,8.2,0,-300.1,-155.4,2.7982,-106.6,-392.7,2.7926,-59.7,395.7,0.0000,414.4,-279.8,-0.0222,-484.4,123.9,0,0.0,0.0,0.0000,0.00,0.00,0.00,0.00
4.1244,4.1167,7.8,0,-300.8,-155.4,2.7939,-107.1,-389.4,2.7926,-64.2,394.8,0.0000,417.2,-275.6,-0.0053,-486.1,117.0,0,0.0,0.0,0.0000,0.00,0.00,0.00,0.00
4.1317,4.1253,6.4,0,-301.0,-155.5,2.7910,-107.7,-385.9,2.7926,-68.8,393.9,0.0000,419.4,-272.2,0.0063,-487.4,111.6,0,0.0,0.0,0.0000,0.00,0.00,0.00,0.00
4.1406,4.1338,6.8,0,-300.6,-155.4,2.7991,-108.3,-382.6,2.7926,-73.5,393.1,-0.0000,420.7,-270.3,-0.0259,-487.0,113.3,0,0.0,0.0,0.0000,0.00,0.00,0.00,0.00
4.1478,4.1421,5.6,0,-300.5,-155.7,2.7901,-108.9,-379.3,2.7926,-77.6,392.4,-0.0000,422.4,-267.5,0.0101,-488.7,105.7,0,0.0,0.0,0.0000,0.00,0.00,0.00,0.00
4.1564,4.1506,5.8,0,-300.2,-155.5,2.7994,-109.6,-376.0,2.7926,-81.5,392.0,-0.0000,423.9,-265.2,-0.0273,-488.3,107.6,0,0.0,0.0,0.0000,0.00,0.00,0.00,0.00
4.1646,4.1589,5.7,0,-300.3,-155.1,2.8019,-110.3,-372.8,2.7926,-85.7,390.8,-0.0000,425.3,-263.0,-0.0372,-488.6,106.2,0,0.0,0.0,0.0000,0.00,0.00,0.00,0.00
4.1723,4.1675,4.8,0,-301.2,-155.2,2.7972,-111.1,-369.4,2.7926,-90.0,389.4,-0.0000,428.1,-258.3,-0.0185,-490.2,98.6,0,0.0,0.0,0.0000,0.00,0.00,0.00,0.00
4.1798,4.1765,3.3,0,-300.4,-155.1,2.7978,-111.9,-365.9,2.7926,-95.4,388.4,-0.0000,424.7,-253.9,-0.0209,-485.4,95.9,0,0.0,0.0,0.0000,0.00,0.00,0.00,0.00
4.1876,4.1842,3.4,0,-300.4,-155.5,2.7998,-112.7,-362.9,2.7926,-100.0,387.5,0.0000,418.1,-244.7,-0.0286,-475.9,90.4,0,0.0,0.0,0.0000,0.00,0.00,0.00,0.00
4.1965,4.1929,3.6,0,-300.3,-155.5,2.8022,-113.6,-359.5,2.7926,-104.4,386.2,-0.0000,410.6,-235.8,-0.0385,-465.6,85.6,0,0.0,0.0,0.0000,0.00,0.00,0.00,0.00
4.2036,4.2009,2.7,0,-300.4,-155.3,2.7873,-114.4,-356.5,2.7926,-108.5,385.0,0.0000,404.9,-230.3,0.0212,-459.6,75.5,0,0.0,0.0,0.0000,0.00,0.00,0.00,0.00
4.2123,4.2097,2.6,0,-300.3,-155.5,2.7996,-115.4,-353.1,2.7926,-111.8,383.8,0.0000,397.2,-222.1,-0.0280,-448.6,76.1,0,0.0,0.0,0.0000,0.00,0.00,0.00,0.00
4.2197,4.2193,0.4,0,-300.5,-155.6,2.7975,-116.5,-349.4,2.7926,-116.2,382.5,-0.0000,391.7,-214.7,-0.0195,-441.1,70.0,0,0.0,0.0,0.0000,0.00,0.00,0.00,0.00
4.2278,4.2265,1.2,0,-300.7,-155.2,2.7997,-117.3,-346.6,2.7926,-121.2,381.4,0.0000,385.5,-208.1,-0.0282,-432.9,66.8,0,0.0,0.0,0.0000,0.00,0.00,0.00,0.00
4.2361,4.2265,9.5,0,-300.7,-155.2,2.7997,-117.3,-346.6,2.7926,-121.2,381.4,0.0000,378.8,-200.4,-0.0282,-424.0,61.8,0,0.0,0.0,0.0000,0.00,0.00,0.00,0.00
4.2436,4.2435,0.1,0,-300.4,-155.4,2.7956,-119.5,-340.2,2.7926,-129.9,378.1,-0.0000,371.5,-192.7,-0.0120,-414.9,55.3,0,0.0,0.0,0.0000,0.00,0.00,0.00,0.00
4.2516,4.2435,8.1,0,-300.4,-155.4,2.7956,-119.5,-340.2,2.7926,-129.9,378.1,-0.0000,364.2,-185.6,-0.0120,-405.5,51.1,0,0.0,0.0,0.0000,0.00,0.00,0.00,0.00
4.2596,4.2519,7.7,0,-300.4,-155.3,2.7996,-120.6,-337.0,2.7926,-133.9,376.6,-0.0000,357.1,-178.8,-0.0281,-396.4,48.7,0,0.0,0.0,0.0000,0.00,0.00,0.00,0.00
4.2681,4.2603,7.8,0,-300.8,-155.4,2.7919,-121.7,-333.9,2.7926,-137.8,375.3,-0.0000,350.7,-171.0,0.0029,-388.1,40.5,0,0.0,0.0,0.0000,0.00,0.00,0.00,0.00
4.2759,4.2693,6.6,0,-300.6,-154.9,2.8052,-123.0,-330.5,2.7926,-142.3,373.9,-0.0000,343.1,-165.7,-0.0503,-378.6,43.1,0,0.0,0.0,0.0000,0.00,0.00,0.00,0.00
4.2839,4.2774,6.5,0,-300.4,-155.3,2.7939,-124.1,-327.5,2.7926,-146.5,373.1,0.0000,335.2,-158.1,-0.0053,-369.0,34.5,0,0.0,0.0,0.0000,0.00,0.00,0.00,0.00
4.2922,4.2858,6.4,0,-300.4,-155.4,2.7963,-125.4,-324.4,2.7926,-150.8,371.0,0.0000,327.4,-151.0,-0.0149,-359.2,31.2,0,0.0,0.0,0.0000,0.00,0.00,0.00,0.00
4.3001,4.2942,5.9,0,-300.7,-155.3,2.8002,-126.7,-321.2,2.7926,-155.2,368.3,0.0000,321.2,-143.7,-0.0303,-350.8,27.8,0,0.0,0.0,0.0000,0.00,0.00,0.00,0.00
4.3076,4.3033,4.4,0,-300.6,-155.5,2.7971,-128.1,-317.9,2.7926,-159.6,366.6,-0.0000,313.8,-136.3,-0.0181,-341.4,22.3,0,0.0,0.0,0.0000,0.00,0.00,0.00,0.00
4.3165,4.3109,5.6,0,-300.4,-155.7,2.7895,-129.3,-315.1,2.7926,-163.4,365.1,-0.0000,304.5,-129.3,0.0124,-330.4,16.3,0,0.0,0.0,0.0000,0.00,0.00,0.00,0.00
4.3242,4.3195,4.7,0,-300.2,-155.4,2.8031,-130.7,-312.0,2.7926,-167.2,363.3,-0.0000,296.2,-124.5,-0.0421,-320.7,19.0,0,0.0,0.0,0.0000,0.00,0.00,0.00,0.00
4.3317,4.3283,3.4,0,-300.7,-155.7,2.7967,-132.2,-308.8,2.7926,-171.1,361.5,0.0000,290.9,-117.0,-0.0165,-313.3,11.8,0,0.0,0.0,0.0000,0.00,0.00,0.00,0.00
4.3401,4.3386,1.5,0,-300.6,-155.5,2.7975,-134.0,-305.1,2.7926,-176.4,359.1,0.0000,282.4,-110.8,-0.0197,-303.2,9.0,0,0.0,0.0,0.0000,0.00,0.00,0.00,0.00
4.3478,4.3448,2.9,0,-300.3,-155.0,2.8036,-135.1,-302.8,2.7926,-179.5,357.6,-0.0000,274.1,-106.2,-0.0440,-293.8,9.3,0,0.0,0.0,0.0000,0.00,0.00,0.00,0.00
4.3557,4.3534,2.3,0,-300.6,-155.5,2.7968,-136.7,-299.8,2.7926,-183.4,355.5,0.0000,267.2,-98.8,-0.0169,-284.8,2.7,0,0.0,0.0,0.0000,0.00,0.00,0.00,0.00
4.3640,4.3616,2.4,0,-300.6,-155.2,2.8038,-138.2,-296.9,2.7926,-187.2,353.5,0.0000,258.6,-93.1,-0.0450,-274.9,2.2,0,0.0,0.0,0.0000,0.00,0.00,0.00,0.00
4.3718,4.3616,10.2,0,-300.6,-155.2,2.8038,-138.2,-296.9,2.7926,-187.2,353.5,0.0000,250.8,-87.2,-0.0450,-265.5,-0.8,0,0.0,0.0,0.0000,0.00,0.00,0.00,0.00
4.3802,4.3789,1.3,0,-300.4,-155.3,2.7987,-141.5,-290.8,2.7926,-195.5,348.5,-0.0000,241.4,-81.2,-0.0245,-254.6,-4.6,0,0.0,0.0,0.0000,0.00,0.00,0.00,0.00
4.3883,4.3871,1.2,0,-300.4,-155.4,2.8004,-143.1,-288.0,2.7926,-199.0,347.2,-0.0000,233.0,-75.1,-0.0310,-244.8,-7.2,0,0.0,0.0,0.0000,0.00,0.00,0.00,0.00
4.3959,4.3955,0.4,0,-300.4,-155.4,2.7958,-144.8,-285.1,2.7926,-203.0,345.1,-0.0000,225.4,-69.4,-0.0126,-235.6,-11.1,0,0.0,0.0,0.0000,0.00,0.00,0.00,0.00
4.4044,4.3955,8.8,0,-300.4,-155.4,2.7958,-144.8,-285.1,2.7926,-203.0,345.1,-0.0000,216.8,-63.3,-0.0126,-225.4,-13.9,0,0.0,0.0,0.0000,0.00,0.00,0.00,0.00
4.4115,4.4081,3.3,0,-300.1,-155.3,2.8045,-147.4,-280.7,2.7926,-209.4,340.7,-0.0000,208.7,-58.2,-0.0477,-216.2,-14.1,0,0.0,0.0,0.0000,0.00,0.00,0.00,0.00
4.4206,4.4140,6.6,0,-300.3,-155.6,2.7959,-148.7,-278.7,2.7926,-211.9,339.2,-0.0000,200.1,-50.5,-0.0133,-205.4,-20.3,0,0.0,0.0,0.0000,0.00,0.00,0.00,0.00
4.4278,4.4212,6.6,0,-299.9,-155.6,2.7965,-150.2,-276.3,2.7926,-214.8,337.5,-0.0000,190.4,-46.6,-0.0155,-194.9,-20.5,0,0.0,0.0,0.0000,0.00,0.00,0.00,0.00
4.4362,4.4295,6.8,0,-300.4,-155.3,2.7938,-152.0,-273.5,2.7926,-218.4,335.1,0.0000,182.1,-42.5,-0.0047,-185.7,-22.1,0,0.0,0.0,0.0000,0.00,0.00,0.00,0.00
4.4442,4.4397,4.5,0,-300.2,-155.3,2.7976,-154.3,-270.1,2.7926,-222.9,332.0,-0.0000,173.5,-37.4,-0.0198,-175.9,-23.3,0,0.0,0.0,0.0000,0.00,0.00,0.00,0.00
4.4521,4.4461,6.0,0,-300.2,-155.3,2.8043,-155.7,-268.0,2.7926,-225.8,330.1,0.0000,165.0,-32.4,-0.0467,-166.5,-24.0,0,0.0,0.0,0.0000,0.00,0.00,0.00,0.00
4.4603,4.4546,5.7,0,-300.7,-155.7,2.7875,-157.6,-265.2,2.7926,-229.5,327.7,0.0000,158.0,-25.8,0.0205,-157.1,-30.6,0,0.0,0.0,0.0000,0.00,0.00,0.00,0.00
4.4685,4.4630,5.5,0,-300.6,-155.2,2.8047,-159.6,-262.4,2.7926,-233.3,324.8,-0.0000,148.9,-21.9,-0.0482,-147.8,-28.5,0,0.0,0.0,0.0000,0.00,0.00,0.00,0.00
4.4767,4.4739,2.7,0,-300.6,-155.2,2.7969,-162.2,-258.9,2.7926,-238.3,321.2,0.0000,139.5,-16.6,-0.0173,-136.9,-31.5,0,0.0,0.0,0.0000,0.00,0.00,0.00,0.00
4.4839,4.4802,3.6,0,-300.1,-155.2,2.8019,-163.7,-256.9,2.7926,-240.7,319.3,-0.0000,129.9,-12.3,-0.0371,-126.5,-31.7,0,0.0,0.0,0.0000,0.00,0.00,0.00,0.00
4.4920,4.4885,3.5,0,-300.5,-155.4,2.7956,-165.7,-254.3,2.7926,-244.1,316.6,-0.0000,122.1,-7.3,-0.0121,-117.3,-34.5,0,0.0,0.0,0.0000,0.00,0.00,0.00,0.00
4.5011,4.4969,4.1,0,-300.7,-155.3,2.7987,-167.7,-251.6,2.7926,-247.3,314.5,-0.0000,112.3,-2.8,-0.0244,-106.7,-35.1,0,0.0,0.0,0.0000,0.00,0.00,0.00,0.00
4.5084,4.5070,1.4,0,-300.4,-155.4,2.8023,-170.2,-248.5,2.7926,-251.3,311.6,-0.0000,103.4,1.7,-0.0388,-96.9,-36.0,0,0.0,0.0,0.0000,0.00,0.00,0.00,0.00
4.5162,4.5139,2.3,0,-300.4,-155.3,2.7999,-172.0,-246.3,2.7926,-255.0,308.4,-0.0000,95.0,5.6,-0.0292,-87.6,-37.2,0,0.0,0.0,0.0000,0.00,0.00,0.00,0.00
4.5246,4.5221,2.5,0,-300.2,-155.4,2.7981,-174.1,-243.8,2.7926,-258.9,305.1,0.0000,84.5,11.0,-0.0221,-75.9,-38.8,0,0.0,0.0,0.0000,0.00,0.00,0.00,0.00
4.5315,4.5303,1.1,0,-300.1,-155.4,2.7981,-176.2,-241.3,2.7926,-261.7,302.2,0.0000,76.2,14.5,-0.0221,-66.9,-39.4,0,0.0,0.0,0.0000,0.00,0.00,0.00,0.00
4.5395,4.5303,9.2,0,-300.1,-155.4,2.7981,-176.2,-241.3,2.7926,-261.7,302.2,0.0000,66.8,18.0,-0.0221,-56.9,-39.4,0,0.0,0.0,0.0000,0.00,0.00,0.00,0.00
4.5477,4.5476,0.1,0,-300.6,-155.4,2.7970,-180.8,-236.1,2.7926,-268.0,296.5,-0.0000,58.6,21.6,-0.0176,-47.8,-40.1,0,0.0,0.0,0.0000,0.00,0.00,0.00,0.00
4.5559,4.5476,8.3,0,-300.6,-155.4,2.7970,-180.8,-236.1,2.7926,-268.0,296.5,-0.0000,49.6,25.9,-0.0176,-38.0,-41.1,0,0.0,0.0,0.0000,0.00,0.00,0.00,0.00
4.5638,4.5561,7.7,0,-300.6,-155.2,2.8020,-183.1,-233.6,2.7926,-271.4,293.7,0.0000,40.9,29.3,-0.0377,-28.8,-41.3,0,0.0,0.0,0.0000,0.00,0.00,0.00,0.00
4.5720,4.5645,7.5,0,-300.6,-155.4,2.8002,-185.4,-231.2,2.7926,-275.0,290.8,-0.0000,30.8,33.6,-0.0304,-17.8,-41.9,0,0.0,0.0,0.0000,0.00,0.00,0.00,0.00
4.5805,4.5738,6.8,0,-300.3,-155.2,2.7995,-188.0,-228.5,2.7926,-278.7,287.3,-0.0000,19.9,36.8,-0.0275,-6.4,-41.4,0,0.0,0.0,0.0000,0.00,0.00,0.00,0.00
4.5883,4.5814,6.9,0,-300.4,-155.5,2.7973,-190.1,-226.3,2.7926,-281.8,284.1,-0.0000,11.1,41.4,-0.0189,3.6,-42.7,0,0.0,0.0,0.0000,0.00,0.00,0.00,0.00
4.5964,4.5899,6.4,0,-300.3,-155.5,2.7981,-192.5,-223.9,2.7926,-284.9,280.9,0.0000,0.9,45.3,-0.0221,14.4,-43.0,0,0.0,0.0,0.0000,0.00,0.00,0.00,0.00
4.6044,4.5981,6.2,0,-300.4,-155.5,2.8020,-194.9,-221.6,2.7926,-287.5,277.8,-0.0000,-8.6,47.7,-0.0374,24.0,-42.1,0,0.0,0.0,0.0000,0.00,0.00,0.00,0.00
4.6120,4.6105,1.5,0,-300.4,-155.6,2.7996,-198.5,-218.2,2.7926,-292.3,273.5,0.0000,-17.9,50.4,-0.0278,33.7,-41.5,0,0.0,0.0,0.0000,0.00,0.00,0.00,0.00
4.6196,4.6153,4.3,0,-300.2,-155.5,2.7967,-199.9,-216.9,2.7926,-294.1,271.8,0.0000,-26.7,52.8,-0.0164,43.0,-40.7,0,0.0,0.0,0.0000,0.00,0.00,0.00,0.00
4.6281,4.6235,4.6,0,-300.3,-155.5,2.8007,-202.3,-214.7,2.7926,-297.1,268.1,0.0000,-35.7,56.0,-0.0324,52.4,-40.8,0,0.0,0.0,0.0000,0.00,0.00,0.00,0.00
4.6357,4.6321,3.6,0,-300.5,-155.4,2.7982,-204.9,-212.4,2.7926,-300.4,264.1,0.0000,-37.4,54.2,-0.0225,53.5,-38.5,0,0.0,0.0,0.0000,0.00,0.00,0.00,0.00
4.6435,4.6411,2.4,0,-300.3,-155.3,2.7973,-207.6,-210.0,2.7926,-303.0,260.7,-0.0000,-41.7,53.6,-0.0190,57.3,-36.4,0,0.0,0.0,0.0000,0.00,0.00,0.00,0.00
4.6516,4.6490,2.6,0,-300.3,-155.2,2.8022,-210.0,-208.0,2.7926,-305.4,257.7,0.0000,-44.4,51.1,-0.0383,58.9,-33.4,0,0.0,0.0,0.0000,0.00,0.00,0.00,0.00
4.6600,4.6575,2.6,0,-300.5,-155.4,2.7935,-212.6,-205.8,2.7926,-308.6,254.1,0.0000,-47.1,49.8,-0.0037,61.2,-30.7,0,0.0,0.0,0.0000,0.00,0.00,0.00,0.00
4.6682,4.6658,2.4,0,-300.3,-155.5,2.7993,-215.2,-203.7,2.7926,-311.6,250.7,0.0000,-50.2,49.1,-0.0268,63.8,-29.4,0,0.0,0.0,0.0000,0.00,0.00,0.00,0.00
4.6755,4.6743,1.2,0,-300.2,-155.4,2.8022,-217.8,-201.6,2.7926,-314.4,247.8,0.0000,-53.2,48.1,-0.0384,66.1,-27.6,0,0.0,0.0,0.0000,0.00,0.00,0.00,0.00
4.6844,4.6829,1.5,0,-300.1,-155.0,2.8073,-220.5,-199.5,2.7926,-317.4,244.4,0.0000,-56.4,45.1,-0.0588,68.1,-24.1,0,0.0,0.0,0.0000,0.00,0.00,0.00,0.00
4.6924,4.6899,2.5,0,-300.7,-155.2,2.7973,-222.8,-197.8,2.7926,-320.1,240.5,-0.0000,-57.3,44.4,-0.0187,68.9,-22.4,0,0.0,0.0,0.0000,0.00,0.00,0.00,0.00
4.6997,4.6983,1.4,0,-300.3,-155.5,2.7983,-225.5,-195.8,2.7926,-322.8,236.4,-0.0000,-59.9,45.2,-0.0229,71.6,-22.4,0,0.0,0.0,0.0000,0.00,0.00,0.00,0.00
4.7088,4.6983,10.5,0,-300.3,-155.5,2.7983,-225.5,-195.8,2.7926,-322.8,236.4,-0.0000,-62.2,44.7,-0.0229,73.6,-21.1,0,0.0,0.0,0.0000,0.00,0.00,0.00,0.00
4.7165,4.7152,1.3,0,-300.6,-155.5,2.8005,-231.0,-191.8,2.7926,-324.9,228.2,-0.0000,-63.5,43.9,-0.0317,74.6,-20.2,0,0.0,0.0,0.0000,0.00,0.00,0.00,0.00
4.7240,4.7152,8.8,0,-300.6,-155.5,2.8005,-231.0,-191.8,2.7926,-324.9,228.2,-0.0000,-65.5,43.0,-0.0317,76.1,-18.6,0,0.0,0.0,0.0000,0.00,0.00,0.00,0.00
4.7320,4.7237,8.3,0,-300.7,-155.4,2.7967,-233.7,-189.9,2.7926,-319.9,220.1,-0.0000,-66.8,42.0,-0.0165,77.1,-17.0,0,0.0,0.0,0.0000,0.00,0.00,0.00,0.00
4.7400,4.7321,7.9,0,-300.6,-155.5,2.7897,-236.4,-188.1,2.7926,-315.8,212.3,0.0000,-68.7,41.6,0.0115,78.8,-15.4,0,0.0,0.0,0.0000,0.00,0.00,0.00,0.00
4.7487,4.7407,8.0,0,-300.1,-155.4,2.8001,-239.1,-186.3,2.7926,-310.8,203.2,-0.0000,-71.4,40.4,-0.0298,80.8,-14.2,0,0.0,0.0,0.0000,0.00,0.00,0.00,0.00
4.7564,4.7490,7.4,0,-300.5,-155.2,2.8040,-241.6,-184.7,2.7926,-306.0,195.6,-0.0000,-71.3,38.8,-0.0454,80.1,-13.0,0,0.0,0.0,0.0000,0.00,0.00,0.00,0.00
4.7644,4.7574,7.0,0,-300.3,-155.1,2.8023,-244.2,-183.1,2.7926,-301.0,188.4,-0.0000,-73.2,37.5,-0.0387,81.5,-11.0,0,0.0,0.0,0.0000,0.00,0.00,0.00,0.00
4.7716,4.7659,5.7,0,-300.5,-155.2,2.8016,-246.7,-181.5,2.7926,-295.8,180.8,-0.0000,-73.4,36.5,-0.0359,81.4,-9.9,0,0.0,0.0,0.0000,0.00,0.00,0.00,0.00
4.7803,4.7744,5.9,0,-300.4,-155.2,2.8008,-249.2,-180.0,2.7926,-290.6,172.9,0.0000,-74.0,36.2,-0.0329,81.9,-9.4,0,0.0,0.0,0.0000,0.00,0.00,0.00,0.00
4.7878,4.7828,5.0,0,-300.6,-155.2,2.8005,-251.6,-178.6,2.7926,-284.5,166.5,-0.0000,-73.7,35.3,-0.0315,81.3,-8.6,0,0.0,0.0,0.0000,0.00,0.00,0.00,0.00
4.7961,4.7912,4.8,0,-300.4,-155.3,2.8010,-254.0,-177.2,2.7926,-278.3,160.3,0.0000,-73.9,34.6,-0.0336,81.2,-7.9,0,0.0,0.0,0.0000,0.00,0.00,0.00,0.00
4.8036,4.7997,3.9,0,-300.2,-155.4,2.7978,-256.3,-175.9,2.7926,-272.4,153.5,0.0000,-74.2,33.7,-0.0207,81.3,-6.7,0,0.0,0.0,0.0000,0.00,0.00,0.00,0.00
4.8119,4.8081,3.8,0,-300.5,-155.4,2.7986,-258.6,-174.6,2.7926,-266.5,146.6,-0.0000,-73.4,33.4,-0.0241,80.4,-6.8,0,0.0,0.0,0.0000,0.00,0.00,0.00,0.00
4.8201,4.8166,3.6,0,-300.4,-155.1,2.8044,-260.8,-173.4,2.7926,-260.2,140.6,0.0000,-73.4,31.9,-0.0471,79.8,-5.8,0,0.0,0.0,0.0000,0.00,0.00,0.00,0.00
4.8280,4.8250,3.0,0,-300.8,-155.6,2.7896,-263.0,-172.2,2.7926,-254.0,134.5,-0.0000,-71.2,31.6,0.0119,77.8,-5.1,0,0.0,0.0,0.0000,0.00,0.00,0.00,0.00
4.8361,4.8335,2.6,0,-300.2,-155.6,2.7936,-265.1,-171.1,2.7926,-247.2,128.6,0.0000,-72.2,29.9,-0.0040,78.0,-3.5,0,0.0,0.0,0.0000,0.00,0.00,0.00,0.00
4.8442,4.8419,2.3,0,-300.8,-155.4,2.7943,-267.2,-170.1,2.7926,-240.7,122.7,0.0000,-69.3,29.0,-0.0068,75.0,-3.7,0,0.0,0.0,0.0000,0.00,0.00,0.00,0.00
4.8519,4.8505,1.5,0,-300.6,-155.7,2.7986,-269.2,-169.0,2.7926,-234.5,116.7,-0.0000,-68.4,29.1,-0.0240,74.3,-4.4,0,0.0,0.0,0.0000,0.00,0.00,0.00,0.00
4.8598,4.8505,9.3,0,-300.6,-155.7,2.7986,-269.2,-169.0,2.7926,-234.5,116.7,-0.0000,-66.7,27.8,-0.0240,72.2,-3.7,0,0.0,0.0,0.0000,0.00,0.00,0.00,0.00
4.8676,4.8588,8.7,0,-300.9,-155.4,2.7997,-271.1,-168.1,2.7926,-228.1,111.1,-0.0000,-64.0,25.6,-0.0285,68.8,-2.7,0,0.0,0.0,0.0000,0.00,0.00,0.00,0.00
4.8760,4.8673,8.7,0,-300.5,-155.5,2.7944,-273.0,-167.2,2.7926,-221.0,106.4,0.0000,-63.5,24.8,-0.0070,68.1,-1.7,0,0.0,0.0,0.0000,0.00,0.00,0.00,0.00
4.8840,4.8757,8.3,0,-300.5,-155.1,2.8024,-274.9,-166.3,2.7926,-214.0,101.4,0.0000,-61.5,22.5,-0.0391,65.5,-0.7,0,0.0,0.0,0.0000,0.00,0.00,0.00,0.00
4.8925,4.8842,8.4,0,-300.2,-155.5,2.7988,-276.6,-165.4,2.7926,-206.4,96.0,0.0000,-59.8,21.9,-0.0250,63.7,-0.6,0,0.0,0.0,0.0000,0.00,0.00,0.00,0.00
4.8997,4.8927,7.1,0,-300.4,-155.3,2.8009,-278.4,-164.7,2.7926,-199.4,91.3,0.0000,-56.7,20.1,-0.0332,60.2,0.0,0,0.0,0.0,0.0000,0.00,0.00,0.00,0.00
4.9081,4.9011,7.0,0,-300.5,-155.3,2.7980,-280.0,-163.9,2.7926,-192.7,87.6,-0.0000,-53.5,20.0,-0.0214,57.1,-0.8,0,0.0,0.0,0.0000,0.00,0.00,0.00,0.00
4.9164,4.9096,6.8,0,-300.6,-155.2,2.7981,-281.6,-163.2,2.7926,-185.5,82.7,-0.0000,-50.1,18.7,-0.0221,53.5,-0.8,0,0.0,0.0,0.0000,0.00,0.00,0.00,0.00
4.9238,4.9180,5.9,0,-300.1,-155.6,2.7999,-283.1,-162.5,2.7926,-178.2,77.0,-0.0000,-48.9,17.9,-0.0291,52.0,-0.5,0,0.0,0.0,0.0000,0.00,0.00,0.00,0.00
4.9322,4.9265,5.7,0,-300.6,-155.5,2.7956,-284.6,-161.9,2.7926,-170.8,73.1,0.0000,-43.8,15.6,-0.0120,46.5,0.2,0,0.0,0.0,0.0000,0.00,0.00,0.00,0.00
4.9400,4.9349,5.1,0,-300.1,-155.4,2.7992,-286.0,-161.3,2.7926,-163.5,69.7,0.0000,-41.9,14.1,-0.0262,44.2,0.8,0,0.0,0.0,0.0000,0.00,0.00,0.00,0.00
4.9485,4.9433,5.2,0,-299.9,-155.2,2.8011,-287.4,-160.7,2.7926,-155.9,65.5,-0.0000,-38.2,11.7,-0.0340,39.9,1.8,0,0.0,0.0,0.0000,0.00,0.00,0.00,0.00
4.9557,4.9518,3.9,0,-300.2,-155.2,2.8016,-288.7,-160.2,2.7926,-148.1,61.2,0.0000,-34.0,10.8,-0.0360,35.7,1.2,0,0.0,0.0,0.0000,0.00,0.00,0.00,0.00
4.9643,4.9602,4.1,0,-300.4,-155.6,2.7952,-289.9,-159.7,2.7926,-140.8,57.5,-0.0000,-29.1,10.6,-0.0104,31.0,-0.1,0,0.0,0.0,0.0000,0.00,0.00,0.00,0.00
4.9724,4.9687,3.7,0,-300.5,-155.3,2.7967,-291.0,-159.2,2.7926,-133.4,53.8,-0.0000,-24.9,7.8,-0.0165,26.1,1.1,0,0.0,0.0,0.0000,0.00,0.00,0.00,0.00
4.9804,4.9771,3.3,0,-300.8,-155.4,2.7958,-292.1,-158.8,2.7926,-125.6,49.8,-0.0000,-20.0,6.4,-0.0126,21.0,0.8,0,0.0,0.0,0.0000,0.00,0.00,0.00,0.00
4.9881,4.9856,2.5,0,-300.8,-155.5,2.7990,-293.2,-158.4,2.7926,-117.9,45.9,0.0000,-14.5,5.6,-0.0256,15.5,-0.4,0,0.0,0.0,0.0000,0.00,0.00,0.00,0.00
4.9960,4.9940,1.9,0,-300.6,-155.2,2.7981,-294.1,-158.0,2.7926,-110.1,43.6,0.0000,-9.9,3.1,-0.0220,10.4,0.4,0,0.0,0.0,0.0000,0.00,0.00,0.00,0.00
5.0041,5.0025,1.6,0,-300.3,-155.1,2.8044,-295.0,-157.6,2.7926,-102.4,40.6,0.0000,-6.2,0.8,-0.0473,6.1,1.3,0,0.0,0.0,0.0000,0.00,0.00,0.00,0.00
5.0115,5.0025,9.0,0,-300.3,-155.1,2.8044,-295.0,-157.6,2.7926,-102.4,40.6,0.0000,-1.7,-1.2,-0.0473,1.2,1.7,0,0.0,0.0,0.0000,0.00,0.00,0.00,0.00
5.0202,5.0194,0.8,0,-300.4,-155.4,2.7997,-296.6,-157.0,2.7926,-86.9,32.6,0.0000,3.7,-2.0,-0.0282,-4.2,0.7,0,0.0,0.0,0.0000,0.00,0.00,0.00,0.00
5.0281,5.0194,8.7,0,-300.4,-155.4,2.7997,-296.6,-157.0,2.7926,-86.9,32.6,0.0000,9.1,-4.0,-0.0282,-10.0,0.7,0,0.0,0.0,0.0000,0.00,0.00,0.00,0.00
5.0355,5.0278,7.7,0,-300.1,-155.5,2.7987,-297.3,-156.7,2.7926,-78.8,29.4,0.0000,6.7,-2.9,-0.0243,-7.3,0.5,0,0.0,0.0,0.0000,0.00,0.00,0.00,0.00
5.0442,5.0363,7.9,0,-300.8,-155.2,2.8017,-298.0,-156.5,2.7926,-71.0,26.4,-0.0000,6.8,-3.2,-0.0365,-7.5,0.8,0,0.0,0.0,0.0000,0.00,0.00,0.00,0.00
5.0522,5.0447,7.5,0,-300.1,-155.1,2.8032,-298.5,-156.3,2.7926,-63.3,23.8,0.0000,3.5,-3.1,-0.0425,-4.3,1.7,0,0.0,0.0,0.0000,0.00,0.00,0.00,0.00
5.0602,5.0532,7.0,0,-300.6,-155.4,2.8018,-299.0,-156.1,2.7926,-55.6,20.8,0.0000,3.5,-1.7,-0.0367,-3.8,0.5,0,0.0,0.0,0.0000,0.00,0.00,0.00,0.00
5.0681,5.0617,6.4,0,-300.2,-155.2,2.8030,-299.5,-155.9,2.7926,-48.2,17.4,-0.0000,1.4,-1.8,-0.0417,-1.9,1.2,0,0.0,0.0,0.0000,0.00,0.00,0.00,0.00
5.0756,5.0701,5.4,0,-300.6,-155.3,2.7890,-299.8,-155.8,2.7926,-39.8,14.6,-0.0000,1.6,-1.2,0.0144,-1.9,0.6,0,0.0,0.0,0.0000,0.00,0.00,0.00,0.00
5.0840,5.0785,5.4,0,-300.1,-155.6,2.7986,-300.1,-155.7,2.7926,-30.9,12.1,0.0000,-0.6,-0.2,-0.0241,0.5,0.4,0,0.0,0.0,0.0000,0.00,0.00,0.00,0.00
5.0926,5.0870,5.6,0,-300.4,-155.1,2.8032,-300.4,-155.6,2.7926,-23.6,9.0,0.0000,-0.4,-1.4,-0.0424,-0.1,1.5,0,0.0,0.0,0.0000,0.00,0.00,0.00,0.00
5.0997,5.0955,4.3,0,-300.6,-155.3,2.7992,-300.5,-155.5,2.7926,-15.6,5.6,-0.0000,-0.0,-0.8,-0.0263,-0.3,0.8,0,0.0,0.0,0.0000,0.00,0.00,0.00,0.00
5.1079,5.1039,4.0,0,-300.3,-155.4,2.7942,-300.6,-155.5,2.7926,-11.6,4.2,-0.0000,-1.2,-0.2,-0.0065,1.1,0.6,0,0.0,0.0,0.0000,0.00,0.00,0.00,0.00
5.1156,5.1123,3.3,0,-300.3,-155.2,2.8015,-300.7,-155.5,2.7926,0.0,0.0,0.0000,-1.1,-1.0,-0.0357,0.7,1.3,0,0.0,0.0,0.0000,0.00,0.00,0.00,0.00
5.1243,5.1208,3.5,0,-300.2,-155.3,2.8018,-300.7,-155.5,2.7926,0.0,0.0,0.0000,-1.3,-0.6,-0.0369,1.0,1.0,0,0.0,0.0,0.0000,0.00,0.00,0.00,0.00
5.1317,5.1293,2.5,0,-300.6,-155.2,2.8020,-300.7,-155.5,2.7926,0.0,0.0,0.0000,-0.2,-0.8,-0.0376,-0.0,0.8,0,0.0,0.0,0.0000,0.00,0.00,0.00,0.00
5.1401,5.1293,10.8,0,-300.6,-155.2,2.8020,-300.7,-155.5,2.7926,0.0,0.0,0.0000,-0.2,-0.8,-0.0376,-0.0,0.8,0,0.0,0.0,0.0000,0.00,0.00,0.00,0.00
5.1478,5.1461,1.7,0,-300.6,-155.2,2.7923,-300.7,-155.5,2.7926,0.0,0.0,0.0000,-0.3,-0.8,0.0011,0.1,0.8,0,0.0,0.0,0.0000,0.00,0.00,0.00,0.00
5.1561,5.1546,1.6,0,-300.6,-155.4,2.7974,-300.7,-155.5,2.7926,0.0,0.0,0.0000,-0.2,-0.2,-0.0193,0.1,0.2,0,0.0,0.0,0.0000,0.00,0.00,0.00,0.00
5.1636,5.1546,9.0,0,-300.6,-155.4,2.7974,-300.7,-155.5,2.7926,0.0,0.0,0.0000,-0.2,-0.2,-0.0193,0.1,0.2,0,0.0,0.0,0.0000,0.00,0.00,0.00,0.00
5.1715,5.1630,8.4,0,-300.8,-155.5,2.7920,-300.7,-155.5,2.7926,0.0,0.0,0.0000,0.3,0.0,0.0023,-0.3,-0.1,0,0.0,0.0,0.0000,0.00,0.00,0.00,0.00
5.1798,5.1715,8.3,0,-300.6,-155.4,2.7980,-300.7,-155.5,2.7926,0.0,0.0,0.0000,-0.4,-0.2,-0.0214,0.3,0.3,0,0.0,0.0,0.0000,0.00,0.00,0.00,0.00
5.1882,5.1800,8.2,0,-300.5,-155.6,2.7954,-300.7,-155.5,2.7926,0.0,0.0,0.0000,-0.7,0.3,-0.0110,0.7,-0.1,0,0.0,0.0,0.0000,0.00,0.00,0.00,0.00
5.1958,5.1884,7.4,0,-300.8,-155.2,2.7950,-300.7,-155.5,2.7926,0.0,0.0,0.0000,0.4,-0.8,-0.0096,-0.7,0.6,0,0.0,0.0,0.0000,0.00,0.00,0.00,0.00
5.2037,5.1968,6.9,0,-300.7,-155.1,2.8016,-300.7,-155.5,2.7926,0.0,0.0,0.0000,0.2,-1.2,-0.0361,-0.6,1.1,0,0.0,0.0,0.0000,0.00,0.00,0.00,0.00
5.2119,5.2052,6.7,0,-300.4,-155.2,2.8039,-300.7,-155.5,2.7926,0.0,0.0,0.0000,-0.8,-0.8,-0.0452,0.5,1.1,0,0.0,0.0,0.0000,0.00,0.00,0.00,0.00
5.2200,5.2137,6.3,0,-300.7,-155.5,2.7903,-300.7,-155.5,2.7926,0.0,0.0,0.0000,0.2,-0.1,0.0092,-0.2,0.0,0,0.0,0.0,0.0000,0.00,0.00,0.00,0.00
5.2278,5.2222,5.6,0,-300.5,-155.4,2.7994,-300.7,-155.5,2.7926,0.0,0.0,0.0000,-0.6,-0.4,-0.0271,0.5,0.6,0,0.0,0.0,0.0000,0.00,0.00,0.00,0.00
5.2364,5.2307,5.7,0,-300.7,-155.2,2.7969,-300.7,-155.5,2.7926,0.0,0.0,0.0000,0.2,-1.0,-0.0170,-0.5,0.8,0,0.0,0.0,0.0000,0.00,0.00,0.00,0.00
5.2445,5.2391,5.4,0,-300.4,-155.2,2.7972,-300.7,-155.5,2.7926,0.0,0.0,0.0000,-0.8,-0.8,-0.0185,0.5,1.0,0,0.0,0.0,0.0000,0.00,0.00,0.00,0.00
5.2515,5.2476,3.9,0,-300.2,-155.2,2.7981,-300.7,-155.5,2.7926,0.0,0.0,0.0000,-1.3,-0.8,-0.0220,1.0,1.2,0,0.0,0.0,0.0000,0.00,0.00,0.00,0.00
5.2605,5.2563,4.2,0,-300.5,-155.4,2.7976,-300.7,-155.5,2.7926,0.0,0.0,0.0000,-0.7,-0.4,-0.0198,0.5,0.6,0,0.0,0.0,0.0000,0.00,0.00,0.00,0.00
5.2680,5.2646,3.4,0,-300.9,-155.4,2.7942,-300.7,-155.5,2.7926,0.0,0.0,0.0000,0.6,-0.4,-0.0064,-0.7,0.1,0,0.0,0.0,0.0000,0.00,0.00,0.00,0.00
5.2758,5.2646,11.2,0,-300.9,-155.4,2.7942,-300.7,-155.5,2.7926,0.0,0.0,0.0000,0.6,-0.4,-0.0064,-0.7,0.1,0,0.0,0.0,0.0000,0.00,0.00,0.00,0.00
5.2843,5.2814,2.9,0,-300.7,-155.5,2.7965,-300.7,-155.5,2.7926,0.0,0.0,0.0000,-0.1,-0.1,-0.0155,0.0,0.1,0,0.0,0.0,0.0000,0.00,0.00,0.00,0.00
5.2915,5.2898,1.7,0,-300.2,-155.1,2.8020,-300.7,-155.5,2.7926,0.0,0.0,0.0000,-1.4,-1.1,-0.0375,1.0,1.5,0,0.0,0.0,0.0000,0.00,0.00,0.00,0.00
5.2998,5.2982,1.6,0,-300.0,-155.2,2.7927,-300.7,-155.5,2.7926,0.0,0.0,0.0000,-2.0,-0.8,-0.0004,1.6,1.4,0,0.0,0.0,0.0000,0.00,0.00,0.00,0.00
5.3084,5.2982,10.2,0,-300.0,-155.2,2.7927,-300.7,-155.5,2.7926,0.0,0.0,0.0000,-2.0,-0.8,-0.0004,1.6,1.4,0,0.0,0.0,0.0000,0.00,0.00,0.00,0.00
5.3157,5.3072,8.5,0,-300.5,-155.4,2.7984,-300.7,-155.5,2.7926,0.0,0.0,0.0000,-0.6,-0.4,-0.0233,0.5,0.6,0,0.0,0.0,0.0000,0.00,0.00,0.00,0.00
5.3235,5.3151,8.4,0,-300.8,-155.6,2.7896,-300.7,-155.5,2.7926,0.0,0.0,0.0000,0.4,0.3,0.0122,-0.2,-0.4,0,0.0,0.0,0.0000,0.00,0.00,0.00,0.00
5.3325,5.3236,8.9,0,-300.3,-155.4,2.7957,-300.7,-155.5,2.7926,0.0,0.0,0.0000,-1.2,-0.2,-0.0123,1.1,0.6,0,0.0,0.0,0.0000,0.00,0.00,0.00,0.00
5.3401,5.3320,8.1,0,-300.5,-155.4,2.7976,-300.7,-155.5,2.7926,0.0,0.0,0.0000,-0.5,-0.3,-0.0200,0.3,0.5,0,0.0,0.0,0.0000,0.00,0.00,0.00,0.00
5.3475,5.3408,6.7,0,-300.6,-155.6,2.8002,-300.7,-155.5,2.7926,0.0,0.0,0.0000,-0.1,0.2,-0.0303,0.2,-0.2,0,0.0,0.0,0.0000,0.00,0.00,0.00,0.00
5.3561,5.3489,7.2,0,-300.3,-155.3,2.7993,-300.7,-155.5,2.7926,0.0,0.0,0.0000,-1.0,-0.7,-0.0268,0.7,1.0,0,0.0,0.0,0.0000,0.00,0.00,0.00,0.00
5.3644,5.3574,7.0,0,-300.4,-155.7,2.7995,-300.7,-155.5,2.7926,0.0,0.0,0.0000,-0.7,0.6,-0.0276,0.9,-0.4,0,0.0,0.0,0.0000,0.00,0.00,0.00,0.00
5.3719,5.3659,6.0,0,-300.2,-155.5,2.7989,-300.7,-155.5,2.7926,0.0,0.0,0.0000,-1.5,0.1,-0.0253,1.5,0.4,0,0.0,0.0,0.0000,0.00,0.00,0.00,0.00
5.3796,5.3746,5.1,0,-300.1,-155.3,2.8014,-300.7,-155.5,2.7926,0.0,0.0,0.0000,-1.8,-0.5,-0.0351,1.5,1.1,0,0.0,0.0,0.0000,0.00,0.00,0.00,0.00
5.3878,5.3827,5.1,0,-300.7,-155.4,2.7977,-300.7,-155.5,2.7926,0.0,0.0,0.0000,-0.0,-0.3,-0.0205,-0.1,0.3,0,0.0,0.0,0.0000,0.00,0.00,0.00,0.00
5.3959,5.3912,4.7,0,-300.8,-155.6,2.7904,-300.7,-155.5,2.7926,0.0,0.0,0.0000,0.4,0.2,0.0090,-0.3,-0.3,0,0.0,0.0,0.0000,0.00,0.00,0.00,0.00
5.4047,5.3996,5.1,0,-300.5,-155.2,2.8024,-300.7,-155.5,2.7926,0.0,0.0,0.0000,-0.5,-1.0,-0.0390,0.2,1.1,0,0.0,0.0,0.0000,0.00,0.00,0.00,0.00
5.4121,5.4082,3.9,0,-301.2,-155.3,2.7909,-300.7,-155.5,2.7926,0.0,0.0,0.0000,1.7,-0.7,0.0067,-1.9,0.1,0,0.0,0.0,0.0000,0.00,0.00,0.00,0.00
5.4204,5.4166,3.8,0,-300.9,-155.5,2.7895,-300.7,-155.5,2.7926,0.0,0.0,0.0000,0.7,-0.0,0.0126,-0.6,-0.2,0,0.0,0.0,0.0000,0.00,0.00,0.00,0.00
5.4277,5.4166,11.1,0,-300.9,-155.5,2.7895,-300.7,-155.5,2.7926,0.0,0.0,0.0000,0.7,-0.0,0.0126,-0.6,-0.2,0,0.0,0.0,0.0000,0.00,0.00,0.00,0.00
5.4365,5.4334,3.0,0,-300.6,-155.4,2.7973,-300.7,-155.5,2.7926,0.0,0.0,0.0000,-0.1,-0.3,-0.0187,-0.0,0.3,0,0.0,0.0,0.0000,0.00,0.00,0.00,0.00
5.4435,5.4419,1.6,0,-300.9,-155.5,2.7933,-300.7,-155.5,2.7926,0.0,0.0,0.0000,0.8,0.0,-0.0028,-0.7,-0.3,0,0.0,0.0,0.0000,0.00,0.00,0.00,0.00
5.4517,5.4503,1.3,0,-300.3,-155.6,2.7963,-300.7,-155.5,2.7926,0.0,0.0,0.0000,-1.3,0.2,-0.0146,1.3,0.2,0,0.0,0.0,0.0000,0.00,0.00,0.00,0.00
5.4601,5.4587,1.3,0,-300.9,-155.4,2.7960,-300.7,-155.5,2.7926,0.0,0.0,0.0000,0.7,-0.3,-0.0136,-0.8,0.0,0,0.0,0.0,0.0000,0.00,0.00,0.00,0.00
5.4680,5.4587,9.2,0,-300.9,-155.4,2.7960,-300.7,-155.5,2.7926,0.0,0.0,0.0000,0.7,-0.3,-0.0136,-0.8,0.0,0,0.0,0.0,0.0000,0.00,0.00,0.00,0.00
5.4760,5.4672,8.8,0,-300.1,-155.5,2.7958,-300.7,-155.5,2.7926,0.0,0.0,0.0000,-1.7,0.1,-0.0127,1.6,0.4,0,0.0,0.0,0.0000,0.00,0.00,0.00,0.00
5.4844,5.4757,8.6,0,-300.2,-155.1,2.7981,-300.7,-155.5,2.7926,0.0,0.0,0.0000,-1.3,-1.2,-0.0219,0.8,1.6,0,0.0,0.0,0.0000,0.00,0.00,0.00,0.00
5.4920,5.4841,7.8,0,-300.6,-155.3,2.7982,-300.7,-155.5,2.7926,0.0,0.0,0.0000,-0.3,-0.7,-0.0225,0.1,0.7,0,0.0,0.0,0.0000,0.00,0.00,0.00,0.00
5.4996,5.4926,7.1,0,-300.5,-155.7,2.7943,-300.7,-155.5,2.7926,0.0,0.0,0.0000,-0.6,0.5,-0.0066,0.7,-0.3,0,0.0,0.0,0.0000,0.00,0.00,0.00,0.00
5.5079,5.5010,6.9,0,-300.7,-155.6,2.7962,-300.7,-155.5,2.7926,0.0,0.0,0.0000,-0.1,0.2,-0.0144,0.1,-0.1,0,0.0,0.0,0.0000,0.00,0.00,0.00,0.00
5.5163,5.5096,6.7,0,-300.6,-155.4,2.8032,-300.7,-155.5,2.7926,0.0,0.0,0.0000,-0.1,-0.3,-0.0423,0.0,0.3,0,0.0,0.0,0.0000,0.00,0.00,0.00,0.00
5.5245,5.5179,6.6,0,-300.3,-155.4,2.7998,-300.7,-155.5,2.7926,0.0,0.0,0.0000,-1.3,-0.2,-0.0287,1.1,0.6,0,0.0,0.0,0.0000,0.00,0.00,0.00,0.00
5.5325,5.5264,6.2,0,-300.7,-155.5,2.7910,-300.7,-155.5,2.7926,0.0,0.0,0.0000,0.1,0.1,0.0066,-0.1,-0.1,0,0.0,0.0,0.0000,0.00,0.00,0.00,0.00
5.5403,5.5349,5.4,0,-300.3,-155.4,2.7990,-300.7,-155.5,2.7926,0.0,0.0,0.0000,-1.2,-0.3,-0.0254,1.0,0.7,0,0.0,0.0,0.0000,0.00,0.00,0.00,0.00
5.5483,5.5434,4.9,0,-300.3,-155.4,2.7985,-300.7,-155.5,2.7926,0.0,0.0,0.0000,-1.1,-0.4,-0.0235,0.9,0.7,0,0.0,0.0,0.0000,0.00,0.00,0.00,0.00
5.5564,5.5517,4.7,0,-300.3,-155.2,2.8017,-300.7,-155.5,2.7926,0.0,0.0,0.0000,-1.1,-0.8,-0.0365,0.8,1.1,0,0.0,0.0,0.0000,0.00,0.00,0.00,0.00
5.5637,5.5602,3.5,0,-300.8,-155.5,2.7958,-300.7,-155.5,2.7926,0.0,0.0,0.0000,0.3,-0.1,-0.0128,-0.4,0.0,0,0.0,0.0,0.0000,0.00,0.00,0.00,0.00
5.5721,5.5686,3.4,0,-300.7,-155.5,2.7974,-300.7,-155.5,2.7926,0.0,0.0,0.0000,0.2,0.2,-0.0193,-0.1,-0.2,0,0.0,0.0,0.0000,0.00,0.00,0.00,0.00
5.5797,5.5771,2.6,0,-300.3,-155.5,2.8011,-300.7,-155.5,2.7926,0.0,0.0,0.0000,-1.3,-0.1,-0.0341,1.1,0.5,0,0.0,0.0,0.0000,0.00,0.00,0.00,0.00
5.5880,5.5855,2.5,0,-300.6,-155.4,2.7950,-300.7,-155.5,2.7926,0.0,0.0,0.0000,-0.1,-0.3,-0.0095,-0.0,0.3,0,0.0,0.0,0.0000,0.00,0.00,0.00,0.00
5.5964,5.5940,2.4,0,-300.6,-155.6,2.7929,-300.7,-155.5,2.7926,0.0,0.0,0.0000,-0.4,0.3,-0.0010,0.4,-0.1,0,0.0,0.0,0.0000,0.00,0.00,0.00,0.00
5.6037,5.6024,1.3,0,-300.5,-155.5,2.7948,-300.7,-155.5,2.7926,0.0,0.0,0.0000,-0.5,-0.0,-0.0087,0.4,0.2,0,0.0,0.0,0.0000,0.00,0.00,0.00,0.00
5.6129,5.6108,2.1,0,-300.6,-155.5,2.8000,-300.7,-155.5,2.7926,0.0,0.0,0.0000,-0.2,-0.1,-0.0295,0.2,0.1,0,0.0,0.0,0.0000,0.00,0.00,0.00,0.00
5.6206,5.6193,1.2,0,-300.5,-155.4,2.7962,-300.7,-155.5,2.7926,0.0,0.0,0.0000,-0.4,-0.3,-0.0144,0.3,0.4,0,0.0,0.0,0.0000,0.00,0.00,0.00,0.00
5.6284,5.6193,9.1,0,-300.5,-155.4,2.7962,-300.7,-155.5,2.7926,0.0,0.0,0.0000,-0.4,-0.3,-0.0144,0.3,0.4,0,0.0,0.0,0.0000,0.00,0.00,0.00,0.00
5.6365,5.6277,8.7,0,-300.5,-155.5,2.7949,-300.7,-155.5,2.7926,0.0,0.0,0.0000,-0.6,0.0,-0.0093,0.5,0.2,0,0.0,0.0,0.0000,0.00,0.00,0.00,0.00
5.6444,5.6362,8.1,0,-300.6,-155.2,2.7985,-300.7,-155.5,2.7926,0.0,0.0,0.0000,-0.3,-0.9,-0.0236,-0.0,1.0,0,0.0,0.0,0.0000,0.00,0.00,0.00,0.00
5.6516,5.6446,7.0,0,-300.1,-155.3,2.8011,-300.7,-155.5,2.7926,0.0,0.0,0.0000,-1.8,-0.7,-0.0341,1.5,1.2,0,0.0,0.0,0.0000,0.00,0.00,0.00,0.00
5.6603,5.6531,7.2,0,-300.2,-155.4,2.7989,-300.7,-155.5,2.7926,0.0,0.0,0.0000,-1.6,-0.2,-0.0250,1.4,0.7,0,0.0,0.0,0.0000,0.00,0.00,0.00,0.00
5.6683,5.6616,6.7,0,-300.9,-155.5,2.7948,-300.7,-155.5,2.7926,0.0,0.0,0.0000,0.6,0.1,-0.0089,-0.5,-0.3,0,0.0,0.0,0.0000,0.00,0.00,0.00,0.00
5.6759,5.6700,5.8,0,-300.5,-155.6,2.7986,-300.7,-155.5,2.7926,0.0,0.0,0.0000,-0.4,0.2,-0.0238,0.5,-0.1,0,0.0,0.0,0.0000,0.00,0.00,0.00,0.00
5.6846,5.6784,6.1,0,-300.5,-155.1,2.7999,-300.7,-155.5,2.7926,0.0,0.0,0.0000,-0.6,-1.1,-0.0292,0.2,1.2,0,0.0,0.0,0.0000,0.00,0.00,0.00,0.00
5.6915,5.6869,4.6,0,-300.2,-155.2,2.7978,-300.7,-155.5,2.7926,0.0,0.0,0.0000,-1.5,-0.8,-0.0209,1.2,1.2,0,0.0,0.0,0.0000,0.00,0.00,0.00,0.00
5.6998,5.6954,4.4,0,-300.7,-155.5,2.7983,-300.7,-155.5,2.7926,0.0,0.0,0.0000,0.2,-0.1,-0.0228,-0.2,0.1,0,0.0,0.0,0.0000,0.00,0.00,0.00,0.00
5.7083,5.7038,4.5,0,-300.5,-155.3,2.7999,-300.7,-155.5,2.7926,0.0,0.0,0.0000,-0.5,-0.6,-0.0292,0.3,0.7,0,0.0,0.0,0.0000,0.00,0.00,0.00,0.00
5.7157,5.7123,3.4,0,-300.5,-155.3,2.7982,-300.7,-155.5,2.7926,0.0,0.0,0.0000,-0.4,-0.7,-0.0223,0.2,0.8,0,0.0,0.0,0.0000,0.00,0.00,0.00,0.00
5.7244,5.7207,3.7,0,-300.4,-155.5,2.7972,-300.7,-155.5,2.7926,0.0,0.0,0.0000,-0.8,0.0,-0.0183,0.8,0.3,0,0.0,0.0,0.0000,0.00,0.00,0.00,0.00
5.7318,5.7292,2.6,0,-300.7,-155.5,2.7940,-300.7,-155.5,2.7926,0.0,0.0,0.0000,0.1,-0.1,-0.0055,-0.2,0.1,0,0.0,0.0,0.0000,0.00,0.00,0.00,0.00
5.7395,5.7376,1.9,0,-300.3,-155.2,2.8005,-300.7,-155.5,2.7926,0.0,0.0,0.0000,-1.0,-1.0,-0.0316,0.6,1.2,0,0.0,0.0,0.0000,0.00,0.00,0.00,0.00
5.7484,5.7461,2.3,0,-299.9,-155.3,2.7991,-300.7,-155.5,2.7926,0.0,0.0,0.0000,-2.4,-0.6,-0.0260,2.1,1.3,0,0.0,0.0,0.0000,0.00,0.00,0.00,0.00
5.7557,5.7545,1.2,0,-300.5,-155.4,2.7979,-300.7,-155.5,2.7926,0.0,0.0,0.0000,-0.5,-0.4,-0.0211,0.3,0.5,0,0.0,0.0,0.0000,0.00,0.00,0.00,0.00
5.7645,5.7630,1.5,0,-300.3,-155.2,2.7952,-300.7,-155.5,2.7926,0.0,0.0,0.0000,-1.0,-0.9,-0.0103,0.6,1.2,0,0.0,0.0,0.0000,0.00,0.00,0.00,0.00
5.7719,5.7630,8.9,0,-300.3,-155.2,2.7952,-300.7,-155.5,2.7926,0.0,0.0,0.0000,-1.0,-0.9,-0.0103,0.6,1.2,0,0.0,0.0,0.0000,0.00,0.00,0.00,0.00
5.7805,5.7714,9.1,0,-300.7,-155.3,2.8009,-300.7,-155.5,2.7926,0.0,0.0,0.0000,0.2,-0.7,-0.0331,-0.4,0.6,0,0.0,0.0,0.0000,0.00,0.00,0.00,0.00
5.7880,5.7799,8.1,0,-300.5,-155.4,2.8006,-300.7,-155.5,2.7926,0.0,0.0,0.0000,-0.6,-0.1,-0.0321,0.5,0.3,0,0.0,0.0,0.0000,0.00,0.00,0.00,0.00
5.7962,5.7883,7.8,0,-301.1,-155.5,2.7909,-300.7,-155.5,2.7926,0.0,0.0,0.0000,1.3,-0.1,0.0068,-1.2,-0.4,0,0.0,0.0,0.0000,0.00,0.00,0.00,0.00
5.8040,5.7968,7.2,0,-300.5,-155.3,2.8008,-300.7,-155.5,2.7926,0.0,0.0,0.0000,-0.7,-0.5,-0.0328,0.5,0.7,0,0.0,0.0,0.0000,0.00,0.00,0.00,0.00
5.8124,5.8053,7.1,0,-300.5,-155.3,2.7979,-300.7,-155.5,2.7926,0.0,0.0,0.0000,-0.6,-0.6,-0.0213,0.4,0.7,0,0.0,0.0,0.0000,0.00,0.00,0.00,0.00
5.8195,5.8137,5.8,0,-300.7,-155.2,2.8024,-300.7,-155.5,2.7926,0.0,0.0,0.0000,0.0,-0.8,-0.0392,-0.3,0.8,0,0.0,0.0,0.0000,0.00,0.00,0.00,0.00
5.8279,5.8222,5.7,0,-300.9,-155.7,2.7902,-300.7,-155.5,2.7926,0.0,0.0,0.0000,0.7,0.5,0.0094,-0.5,-0.7,0,0.0,0.0,0.0000,0.00,0.00,0.00,0.00
5.8357,5.8306,5.1,0,-300.5,-155.4,2.7893,-300.7,-155.5,2.7926,0.0,0.0,0.0000,-0.5,-0.2,0.0131,0.4,0.3,0,0.0,0.0,0.0000,0.00,0.00,0.00,0.00
5.8439,5.8390,4.8,0,-300.7,-155.5,2.7959,-300.7,-155.5,2.7926,0.0,0.0,0.0000,0.1,-0.1,-0.0133,-0.1,0.1,0,0.0,0.0,0.0000,0.00,0.00,0.00,0.00
5.8526,5.8475,5.1,0,-300.7,-155.4,2.7979,-300.7,-155.5,2.7926,0.0,0.0,0.0000,-0.1,-0.3,-0.0211,-0.1,0.3,0,0.0,0.0,0.0000,0.00,0.00,0.00,0.00
5.8600,5.8560,4.1,0,-300.0,-155.1,2.7947,-300.7,-155.5,2.7926,0.0,0.0,0.0000,-2.1,-1.2,-0.0083,1.6,1.8,0,0.0,0.0,0.0000,0.00,0.00,0.00,0.00
5.8675,5.8644,3.1,0,-300.7,-155.4,2.7933,-300.7,-155.5,2.7926,0.0,0.0,0.0000,0.1,-0.2,-0.0028,-0.2,0.2,0,0.0,0.0,0.0000,0.00,0.00,0.00,0.00
5.8765,5.8729,3.6,0,-300.5,-155.3,2.8004,-300.7,-155.5,2.7926,0.0,0.0,0.0000,-0.5,-0.6,-0.0311,0.3,0.7,0,0.0,0.0,0.0000,0.00,0.00,0.00,0.00
5.8836,5.8813,2.3,0,-300.7,-155.5,2.7976,-300.7,-155.5,2.7926,0.0,0.0,0.0000,0.1,-0.1,-0.0201,-0.2,0.0,0,0.0,0.0,0.0000,0.00,0.00,0.00,0.00
5.8925,5.8897,2.8,0,-300.1,-155.3,2.8000,-300.7,-155.5,2.7926,0.0,0.0,0.0000,-1.9,-0.7,-0.0294,1.5,1.3,0,0.0,0.0,0.0000,0.00,0.00,0.00,0.00
5.8999,5.8982,1.7,0,-300.8,-155.3,2.8024,-300.7,-155.5,2.7926,0.0,0.0,0.0000,0.3,-0.6,-0.0391,-0.5,0.4,0,0.0,0.0,0.0000,0.00,0.00,0.00,0.00
5.9080,5.9066,1.3,0,-300.0,-155.2,2.7983,-300.7,-155.5,2.7926,0.0,0.0,0.0000,-1.9,-0.9,-0.0227,1.5,1.5,0,0.0,0.0,0.0000,0.00,0.00,0.00,0.00
