t_s,tv_s,vision_age_ms,held,pose_x_mm,pose_y_mm,pose_theta_rad,ref_x_mm,ref_y_mm,ref_theta_rad,ref_vx_mm_s,ref_vy_mm_s,ref_omega_rad_s,cmd_world_vx_mm_s,cmd_world_vy_mm_s,cmd_omega_rad_s,cmd_body_vx_mm_s,cmd_body_vy_mm_s,near_goal,pred_x_mm,pred_y_mm,pred_theta_rad,wheel_fl_rad_s,wheel_bl_rad_s,wheel_br_rad_s,wheel_fr_rad_s
-0.2921,-0.2963,4.1,0,-300.6,-154.8,2.7960,-300.3,-154.8,2.8050,0.0,0.0,0.0000,0.9,0.2,0.0361,-0.8,-0.4,0,0.0,0.0,0.0000,0.00,0.00,0.00,0.00
-0.2842,-0.2884,4.2,0,-300.4,-155.1,2.7986,-300.3,-154.8,2.8050,0.0,0.0,0.0000,0.3,1.1,0.0256,0.1,-1.1,0,0.0,0.0,0.0000,0.00,0.00,0.00,0.00
-0.2771,-0.2802,3.1,0,-300.1,-155.0,2.7983,-300.3,-154.8,2.8050,0.0,0.0,0.0000,-0.7,0.6,0.0268,0.8,-0.4,0,0.0,0.0,0.0000,0.00,0.00,0.00,0.00
-0.2691,-0.2715,2.4,0,-300.3,-155.0,2.7978,-300.3,-154.8,2.8050,0.0,0.0,0.0000,-0.0,0.7,0.0287,0.3,-0.6,0,0.0,0.0,0.0000,0.00,0.00,0.00,0.00
-0.2609,-0.2632,2.3,0,-300.3,-155.2,2.7980,-300.3,-154.8,2.8050,0.0,0.0,0.0000,0.1,1.4,0.0281,0.3,-1.4,0,0.0,0.0,0.0000,0.00,0.00,0.00,0.00
-0.2527,-0.2550,2.3,0,-300.6,-155.1,2.7877,-300.3,-154.8,2.8050,0.0,0.0,0.0000,1.0,1.0,0.0693,-0.5,-1.3,0,0.0,0.0,0.0000,0.00,0.00,0.00,0.00
-0.2449,-0.2472,2.3,0,-300.5,-155.4,2.7857,-300.3,-154.8,2.8050,0.0,0.0,0.0000,0.6,1.8,0.0773,0.0,-1.9,0,0.0,0.0,0.0000,0.00,0.00,0.00,0.00
-0.2365,-0.2377,1.2,0,-300.2,-154.9,2.8002,-300.3,-154.8,2.8050,0.0,0.0,0.0000,-0.3,0.5,0.0194,0.4,-0.4,0,0.0,0.0,0.0000,0.00,0.00,0.00,0.00
-0.2290,-0.2290,0.1,0,-300.6,-155.2,2.7997,-300.3,-154.8,2.8050,0.0,0.0,0.0000,1.0,1.4,0.0212,-0.5,-1.6,0,0.0,0.0,0.0000,0.00,0.00,0.00,0.00
-0.2211,-0.2212,0.1,0,-300.6,-155.2,2.7961,-300.3,-154.8,2.8050,0.0,0.0,0.0000,1.0,1.2,0.0357,-0.5,-1.5,0,0.0,0.0,0.0000,0.00,0.00,0.00,0.00
-0.2127,-0.2212,8.5,0,-300.6,-155.2,2.7961,-300.3,-154.8,2.8050,0.0,0.0,0.0000,1.0,1.2,0.0357,-0.5,-1.5,0,0.0,0.0,0.0000,0.00,0.00,0.00,0.00
-0.2041,-0.2119,7.7,0,-300.3,-155.0,2.8023,-300.3,-154.8,2.8050,0.0,0.0,0.0000,-0.1,0.6,0.0109,0.3,-0.5,0,0.0,0.0,0.0000,0.00,0.00,0.00,0.00
-0.1965,-0.2039,7.3,0,-300.1,-155.1,2.7994,-300.3,-154.8,2.8050,0.0,0.0,0.0000,-0.6,1.0,0.0226,0.9,-0.7,0,0.0,0.0,0.0000,0.00,0.00,0.00,0.00
-0.1890,-0.1956,6.6,0,-300.2,-154.7,2.8027,-300.3,-154.8,2.8050,0.0,0.0,0.0000,-0.3,-0.1,0.0091,0.2,0.1,0,0.0,0.0,0.0000,0.00,0.00,0.00,0.00
-0.1805,-0.1871,6.7,0,-300.0,-155.1,2.7979,-300.3,-154.8,2.8050,0.0,0.0,0.0000,-0.8,0.9,0.0285,1.1,-0.6,0,0.0,0.0,0.0000,0.00,0.00,0.00,0.00
-0.1730,-0.1787,5.6,0,-300.1,-154.7,2.7981,-300.3,-154.8,2.8050,0.0,0.0,0.0000,-0.6,-0.2,0.0274,0.5,0.4,0,0.0,0.0,0.0000,0.00,0.00,0.00,0.00
-0.1641,-0.1699,5.7,0,-300.1,-154.9,2.8045,-300.3,-154.8,2.8050,0.0,0.0,0.0000,-0.7,0.4,0.0022,0.8,-0.1,0,0.0,0.0,0.0000,0.00,0.00,0.00,0.00
-0.1563,-0.1617,5.5,0,-300.3,-154.5,2.8040,-300.3,-154.8,2.8050,0.0,0.0,0.0000,-0.0,-0.6,0.0042,-0.2,0.6,0,0.0,0.0,0.0000,0.00,0.00,0.00,0.00
-0.1488,-0.1535,4.7,0,-300.2,-154.7,2.7956,-300.3,-154.8,2.8050,0.0,0.0,0.0000,-0.2,-0.3,0.0375,0.1,0.3,0,0.0,0.0,0.0000,0.00,0.00,0.00,0.00
-0.1408,-0.1448,4.0,0,-300.2,-155.0,2.8004,-300.3,-154.8,2.8050,0.0,0.0,0.0000,-0.2,0.7,0.0183,0.5,-0.6,0,0.0,0.0,0.0000,0.00,0.00,0.00,0.00
-0.1326,-0.1359,3.3,0,-300.2,-154.9,2.7991,-300.3,-154.8,2.8050,0.0,0.0,0.0000,-0.2,0.6,0.0237,0.4,-0.5,0,0.0,0.0,0.0000,0.00,0.00,0.00,0.00
-0.1248,-0.1284,3.6,0,-300.1,-154.9,2.8011,-300.3,-154.8,2.8050,0.0,0.0,0.0000,-0.7,0.5,0.0156,0.8,-0.3,0,0.0,0.0,0.0000,0.00,0.00,0.00,0.00
-0.1169,-0.1195,2.6,0,-299.9,-155.1,2.7974,-300.3,-154.8,2.8050,0.0,0.0,0.0000,-1.1,1.1,0.0303,1.4,-0.6,0,0.0,0.0,0.0000,0.00,0.00,0.00,0.00
-0.1084,-0.1195,11.1,0,-299.9,-155.1,2.7974,-300.3,-154.8,2.8050,0.0,0.0,0.0000,-1.1,1.1,0.0303,1.4,-0.6,0,0.0,0.0,0.0000,0.00,0.00,0.00,0.00
-0.1003,-0.1026,2.3,0,-300.0,-154.6,2.8006,-300.3,-154.8,2.8050,0.0,0.0,0.0000,-0.9,-0.4,0.0175,0.7,0.6,0,0.0,0.0,0.0000,0.00,0.00,0.00,0.00
-0.0928,-0.0944,1.6,0,-300.0,-155.1,2.7985,-300.3,-154.8,2.8050,0.0,0.0,0.0000,-1.0,1.0,0.0261,1.3,-0.6,0,0.0,0.0,0.0000,0.00,0.00,0.00,0.00
-0.0840,-0.0944,10.3,0,-300.0,-155.1,2.7985,-300.3,-154.8,2.8050,0.0,0.0,0.0000,-7.9,3.4,0.5750,8.6,-0.6,0,0.0,0.0,0.0000,0.00,0.00,0.00,0.00
-0.0770,-0.0771,0.1,0,-299.7,-154.8,2.8056,-300.3,-154.8,2.8050,0.0,0.0,0.0000,-7.5,2.0,0.5841,7.8,0.6,0,0.0,0.0,0.0000,0.00,0.00,0.00,0.00
-0.0686,-0.0771,8.6,0,-299.7,-154.8,2.8056,-300.3,-154.8,2.8050,0.0,0.0,0.0000,-17.1,5.4,0.2308,17.9,0.5,0,0.0,0.0,0.0000,0.00,0.00,0.00,0.00
-0.0608,-0.0677,6.9,0,-299.8,-155.0,2.7997,-300.3,-154.8,2.8050,0.0,0.0,0.0000,-23.9,8.6,-0.0471,25.4,-0.1,0,0.0,0.0,0.0000,0.00,0.00,0.00,0.00
-0.0525,-0.0602,7.8,0,-299.9,-155.2,2.7945,-300.3,-154.8,2.8050,0.0,0.0,0.0000,-32.0,11.8,0.0421,34.1,-0.2,0,0.0,0.0,0.0000,0.00,0.00,0.00,0.00
-0.0442,-0.0520,7.7,0,-300.0,-155.1,2.7987,-300.3,-154.8,2.8050,0.0,0.0,0.0000,-39.6,13.8,0.0252,41.9,0.3,0,0.0,0.0,0.0000,0.00,0.00,0.00,0.00
-0.0370,-0.0433,6.4,0,-300.4,-154.8,2.7965,-300.3,-154.8,2.8050,0.0,0.0,0.0000,-45.4,15.6,0.0338,48.0,0.7,0,0.0,0.0,0.0000,0.00,0.00,0.00,0.00
-0.0283,-0.0341,5.8,0,-300.0,-154.8,2.7957,-300.3,-154.8,2.8050,0.0,0.0,0.0000,-54.8,18.3,0.0373,57.8,1.4,0,0.0,0.0,0.0000,0.00,0.00,0.00,0.00
-0.0208,-0.0266,5.8,0,-300.0,-154.8,2.8002,-300.3,-154.8,2.8050,0.0,0.0,0.0000,-61.6,20.9,0.0192,65.1,0.9,0,0.0,0.0,0.0000,0.00,0.00,0.00,0.00
-0.0126,-0.0179,5.3,0,-300.2,-154.8,2.7998,-300.3,-154.8,2.8050,0.0,0.0,0.0000,-68.8,23.4,0.0210,72.7,1.0,0,0.0,0.0,0.0000,0.00,0.00,0.00,0.00
-0.0050,-0.0052,0.1,0,-300.0,-154.8,2.8033,-300.3,-154.8,2.8050,0.0,0.0,0.0000,-76.5,25.9,0.0069,80.8,1.0,0,0.0,0.0,0.0000,0.00,0.00,0.00,0.00
0.0034,0.0009,2.5,0,-300.2,-154.9,2.7973,-300.3,-154.8,2.8055,-6.9,2.4,0.5462,-84.0,29.2,-0.0780,88.9,0.9,0,0.0,0.0,0.0000,0.00,0.00,0.00,0.00
0.0109,0.0075,3.4,0,-300.3,-155.1,2.8002,-300.3,-154.7,2.8094,-5.6,2.0,0.5927,-91.2,31.4,0.5552,96.4,0.9,0,0.0,0.0,0.0000,0.00,0.00,0.00,0.00
0.0192,0.0157,3.5,0,-300.6,-155.2,2.7909,-300.4,-154.7,2.8133,-14.5,5.1,0.2780,-98.2,34.0,1.3936,103.9,1.8,0,0.0,0.0,0.0000,0.00,0.00,0.00,0.00
0.0276,0.0242,3.5,0,-300.4,-154.6,2.7977,-300.6,-154.7,2.8138,-22.5,8.0,-0.0680,-107.8,34.6,0.4649,113.2,3.8,0,0.0,0.0,0.0000,0.00,0.00,0.00,0.00
0.0350,0.0346,0.4,0,-300.5,-155.0,2.8015,-300.9,-154.6,2.8133,-32.8,10.9,0.0000,-115.5,38.0,-0.2132,121.6,2.7,0,0.0,0.0,0.0000,0.00,0.00,0.00,0.00
0.0436,0.0413,2.3,0,-300.2,-155.0,2.8035,-301.1,-154.5,2.8133,-39.2,13.0,0.0000,-125.7,41.0,0.6751,132.2,3.1,0,0.0,0.0,0.0000,0.00,0.00,0.00,0.00
0.0521,0.0493,2.7,0,-300.0,-154.6,2.7996,-301.4,-154.4,2.8133,-47.0,15.8,0.0000,-135.7,42.8,1.3431,142.2,5.1,0,0.0,0.0,0.0000,0.00,0.00,0.00,0.00
0.0595,0.0581,1.4,0,-300.1,-155.0,2.8049,-301.9,-154.2,2.8133,-55.3,18.7,-0.0000,-143.6,45.2,0.4632,150.5,4.8,0,0.0,0.0,0.0000,0.00,0.00,0.00,0.00
0.0675,0.0581,9.5,0,-300.1,-155.0,2.8049,-301.9,-154.2,2.8133,-55.3,18.7,-0.0000,-153.0,47.0,-0.2233,159.9,6.2,0,0.0,0.0,0.0000,0.00,0.00,0.00,0.00
0.0758,0.0746,1.2,0,-300.0,-155.0,2.8015,-302.9,-153.9,2.8133,-70.4,24.0,-0.0000,-162.6,50.1,0.7149,170.0,7.0,0,0.0,0.0,0.0000,0.00,0.00,0.00,0.00
0.0835,0.0746,8.9,0,-300.0,-155.0,2.8015,-302.9,-153.9,2.8133,-70.4,24.0,-0.0000,-171.5,52.7,1.3447,179.3,7.5,0,0.0,0.0,0.0000,0.00,0.00,0.00,0.00
0.0910,0.0836,7.4,0,-300.5,-155.1,2.7957,-303.6,-153.6,2.8130,-79.2,27.2,-0.1551,-180.1,54.2,0.5816,187.9,10.0,0,0.0,0.0,0.0000,0.00,0.00,0.00,0.00
0.0994,0.0919,7.5,0,-300.2,-154.6,2.8017,-304.3,-153.4,2.8121,-87.1,29.7,0.0876,-191.9,54.3,-0.2010,199.0,12.7,0,0.0,0.0,0.0000,0.00,0.00,0.00,0.00
0.1074,0.1010,6.5,0,-300.2,-155.0,2.8024,-305.1,-153.1,2.8178,-95.6,31.7,1.1895,-201.8,58.0,0.6725,209.6,12.4,0,0.0,0.0,0.0000,0.00,0.00,0.00,0.00
0.1153,0.1085,6.7,0,-300.1,-155.0,2.8043,-305.9,-152.9,2.8272,-102.9,33.7,1.0501,-212.2,60.7,1.2866,220.4,13.0,0,0.0,0.0,0.0000,0.00,0.00,0.00,0.00
0.1240,0.1162,7.8,0,-300.5,-155.1,2.8023,-306.7,-152.6,2.8308,-110.6,35.6,-0.0870,-223.0,63.1,1.2100,231.3,14.7,0,0.0,0.0,0.0000,0.00,0.00,0.00,0.00
0.1311,0.1255,5.5,0,-300.4,-155.1,2.7990,-307.8,-152.3,2.8292,-119.7,38.3,0.1126,-233.1,65.3,1.3030,241.5,16.7,0,0.0,0.0,0.0000,0.00,0.00,0.00,0.00
0.1397,0.1341,5.6,0,-300.1,-155.0,2.7971,-308.8,-151.9,2.8359,-128.0,41.2,1.2578,-246.2,66.1,0.5686,254.0,20.9,0,0.0,0.0,0.0000,0.00,0.00,0.00,0.00
0.1472,0.1425,4.8,0,-300.6,-155.0,2.8009,-309.9,-151.6,2.8457,-136.2,42.8,0.7892,-255.6,67.3,-0.0735,263.4,22.0,0,0.0,0.0,0.0000,0.00,0.00,0.00,0.00
0.1559,0.1509,5.0,0,-300.1,-154.8,2.8021,-311.1,-151.2,2.8470,-144.4,43.9,-0.2443,-269.1,68.2,0.8065,276.4,25.3,0,0.0,0.0,0.0000,0.00,0.00,0.00,0.00
0.1630,0.1595,3.5,0,-300.2,-154.9,2.7986,-312.4,-150.8,2.8464,-152.6,46.1,0.4307,-278.8,69.9,1.3748,286.1,28.0,0,0.0,0.0,0.0000,0.00,0.00,0.00,0.00
0.1711,0.1677,3.3,0,-300.4,-154.8,2.8064,-313.7,-150.4,2.8546,-160.1,48.5,1.3005,-290.8,71.0,1.2517,297.9,28.6,0,0.0,0.0,0.0000,0.00,0.00,0.00,0.00
0.1797,0.1763,3.5,0,-300.1,-154.7,2.8005,-315.1,-150.0,2.8635,-169.2,49.2,0.4713,-305.4,72.6,1.2963,312.1,33.7,0,0.0,0.0,0.0000,0.00,0.00,0.00,0.00
0.1869,0.1847,2.2,0,-300.4,-154.8,2.8043,-316.5,-149.6,2.8631,-178.0,50.0,-0.2543,-315.6,73.6,1.2752,322.1,35.0,0,0.0,0.0,0.0000,0.00,0.00,0.00,0.00
0.1952,0.1929,2.3,0,-300.5,-155.1,2.8032,-318.0,-149.2,2.8639,-185.7,52.0,0.6369,-328.1,75.6,1.2908,334.6,37.6,0,0.0,0.0,0.0000,0.00,0.00,0.00,0.00
0.2039,0.1996,4.3,0,-300.5,-155.0,2.7991,-319.3,-148.8,2.8702,-192.0,53.5,1.1591,-341.8,75.9,1.3465,347.4,43.3,0,0.0,0.0,0.0000,0.00,0.00,0.00,0.00
0.2119,0.2103,1.6,0,-300.2,-154.7,2.7988,-321.4,-148.2,2.8825,-203.0,55.2,1.1583,-355.8,75.5,1.3844,360.4,48.5,0,0.0,0.0,0.0000,0.00,0.00,0.00,0.00
0.2198,0.2185,1.4,0,-300.2,-155.2,2.7991,-323.1,-147.8,2.8921,-211.4,56.3,1.0534,-369.5,77.2,1.4196,374.0,51.3,0,0.0,0.0,0.0000,0.00,0.00,0.00,0.00
0.2274,0.2271,0.2,0,-300.0,-154.9,2.8000,-325.0,-147.3,2.8975,-220.4,56.1,0.0289,-383.3,76.8,1.4319,386.9,56.0,0,0.0,0.0,0.0000,0.00,0.00,0.00,0.00
0.2357,0.2355,0.2,0,-300.3,-155.2,2.7989,-326.9,-146.8,2.8959,-228.9,56.4,-0.1078,-396.2,77.9,1.4295,399.3,59.8,0,0.0,0.0,0.0000,0.00,0.00,0.00,0.00
0.2431,0.2355,7.5,0,-300.3,-155.2,2.7989,-326.9,-146.8,2.8959,-228.9,56.4,-0.1078,-408.6,78.2,1.4408,411.1,63.7,0,0.0,0.0,0.0000,0.00,0.00,0.00,0.00
0.2515,0.2460,5.5,0,-300.0,-154.9,2.7997,-329.3,-146.2,2.9017,-238.7,57.1,1.0817,-424.8,76.5,1.4756,425.9,70.4,0,0.0,0.0,0.0000,0.00,0.00,0.00,0.00
0.2598,0.2523,7.5,0,-300.2,-154.8,2.7998,-330.8,-145.9,2.9091,-245.3,57.3,1.1990,-439.3,75.7,1.5119,439.3,75.9,0,0.0,0.0,0.0000,0.00,0.00,0.00,0.00
0.2679,0.2606,7.3,0,-300.1,-154.9,2.7995,-332.9,-145.4,2.9181,-254.4,57.8,1.0420,-454.3,75.0,1.5462,453.1,81.7,0,0.0,0.0,0.0000,0.00,0.00,0.00,0.00
0.2751,0.2690,6.1,0,-300.3,-154.4,2.8034,-335.1,-144.9,2.9269,-263.1,57.8,1.0418,-467.3,72.6,1.5603,464.9,86.5,0,0.0,0.0,0.0000,0.00,0.00,0.00,0.00
0.2837,0.2774,6.3,0,-299.8,-154.8,2.7987,-337.3,-144.4,2.9356,-271.2,57.7,1.0411,-484.3,72.6,1.5733,480.5,94.5,0,0.0,0.0,0.0000,0.00,0.00,0.00,0.00
0.2917,0.2859,5.7,0,-300.6,-155.2,2.7870,-339.7,-143.9,2.9445,-279.9,57.0,1.0414,-494.7,72.4,1.5894,489.1,103.8,0,0.0,0.0,0.0000,0.00,0.00,0.00,0.00
0.2993,0.2947,4.6,0,-300.2,-154.9,2.8037,-342.2,-143.4,2.9537,-288.9,56.1,1.0419,-495.4,67.7,2.0000,489.8,100.4,0,0.0,0.0,0.0000,0.00,0.00,0.00,0.00
0.3069,0.3024,4.5,0,-300.2,-154.8,2.8069,-344.4,-143.0,2.9616,-297.1,55.2,1.0419,-495.8,64.5,2.0000,489.5,101.9,0,0.0,0.0,0.0000,0.00,0.00,0.00,0.00
0.3161,0.3112,4.9,0,-299.8,-155.2,2.7979,-347.1,-142.5,2.9709,-306.9,54.1,1.0420,-496.4,60.1,2.0000,487.6,110.6,0,0.0,0.0,0.0000,0.00,0.00,0.00,0.00
0.3241,0.3200,4.0,0,-299.9,-154.9,2.7995,-349.8,-142.1,2.9800,-315.6,52.8,1.0416,-496.9,55.3,1.6227,486.7,114.6,0,0.0,0.0,0.0000,0.00,0.00,0.00,0.00
0.3311,0.3268,4.3,0,-300.5,-154.7,2.8032,-352.0,-141.7,2.9870,-322.2,52.1,1.0411,-497.3,52.2,1.7954,486.4,115.8,0,0.0,0.0,0.0000,0.00,0.00,0.00,0.00
0.3396,0.3368,2.9,0,-300.1,-154.7,2.8013,-355.3,-141.2,2.9975,-333.1,49.6,1.0416,-497.6,48.6,1.8386,485.3,120.3,0,0.0,0.0,0.0000,0.00,0.00,0.00,0.00
0.3479,0.3453,2.6,0,-300.1,-154.9,2.8027,-358.2,-140.8,3.0064,-342.3,47.5,1.0420,-497.9,45.8,1.8113,484.8,122.3,0,0.0,0.0,0.0000,0.00,0.00,0.00,0.00
0.3550,0.3538,1.2,0,-300.2,-154.9,2.8011,-361.1,-140.4,3.0152,-351.2,44.9,1.0414,-498.1,43.1,1.7725,483.9,125.7,0,0.0,0.0,0.0000,0.00,0.00,0.00,0.00
0.3632,0.3619,1.2,0,-300.2,-155.1,2.7981,-364.0,-140.0,3.0237,-359.8,42.5,1.0411,-498.4,40.1,2.0000,482.8,130.1,0,0.0,0.0,0.0000,0.00,0.00,0.00,0.00
0.3712,0.3697,1.5,0,-300.2,-154.6,2.8020,-366.8,-139.7,3.0317,-367.6,40.2,0.9471,-498.7,35.6,2.0000,482.1,132.5,0,0.0,0.0,0.0000,0.00,0.00,0.00,0.00
0.3791,0.3790,0.1,0,-300.2,-155.0,2.7976,-370.3,-139.4,3.0402,-377.1,37.2,1.0639,-498.9,33.4,2.0000,480.9,136.8,0,0.0,0.0,0.0000,0.00,0.00,0.00,0.00
0.3879,0.3790,8.9,0,-300.2,-155.0,2.7976,-370.3,-139.4,3.0402,-377.1,37.2,1.0639,-499.1,29.8,1.9128,479.9,140.3,0,0.0,0.0,0.0000,0.00,0.00,0.00,0.00
0.3959,0.3880,7.9,0,-300.1,-154.9,2.8047,-373.7,-139.0,3.0543,-387.9,34.0,2.1520,-499.3,26.2,2.0000,479.9,140.3,0,0.0,0.0,0.0000,0.00,0.00,0.00,0.00
0.4031,0.3962,6.9,0,-300.1,-155.0,2.8017,-376.9,-138.8,3.0728,-394.2,30.2,2.1305,-499.4,23.6,2.0000,478.7,144.2,0,0.0,0.0,0.0000,0.00,0.00,0.00,0.00
0.4110,0.4045,6.6,0,-300.1,-155.1,2.7995,-380.2,-138.5,3.0858,-398.5,25.0,1.1033,-499.6,20.9,2.0000,477.6,147.9,0,0.0,0.0,0.0000,0.00,0.00,0.00,0.00
0.4192,0.4130,6.2,0,-300.5,-155.0,2.7968,-383.6,-138.3,3.0938,-400.4,20.4,0.9011,-499.7,17.4,2.0000,476.2,152.5,0,0.0,0.0,0.0000,0.00,0.00,0.00,0.00
0.4270,0.4216,5.4,0,-300.0,-154.7,2.7996,-387.1,-138.2,3.1025,-400.1,16.0,1.0420,-499.8,13.6,2.0000,475.4,154.8,0,0.0,0.0,0.0000,0.00,0.00,0.00,0.00
0.4358,0.4302,5.6,0,-299.8,-155.1,2.8019,-390.5,-138.1,3.1115,-400.0,11.7,1.0417,-499.9,10.9,2.0000,474.9,156.3,0,0.0,0.0,0.0000,0.00,0.00,0.00,0.00
0.4439,0.4420,1.8,0,-300.4,-155.0,2.7955,-395.2,-138.0,3.1226,-399.5,5.7,1.0022,-499.9,7.3,2.0000,472.8,162.7,0,0.0,0.0,0.0000,0.00,0.00,0.00,0.00
0.4512,0.4447,6.5,0,-300.0,-154.7,2.8019,-396.3,-138.0,3.1254,-399.6,4.3,1.1957,-500.0,3.4,2.0000,472.6,163.3,0,0.0,0.0,0.0000,0.00,0.00,0.00,0.00
0.4590,0.4548,4.3,0,-300.4,-154.8,2.7977,-400.3,-137.9,-3.1394,-400.0,-1.1,2.3254,-500.0,1.2,2.0000,471.1,167.4,0,0.0,0.0,0.0000,0.00,0.00,0.00,0.00
0.4670,0.4634,3.5,0,-300.6,-155.2,2.7954,-403.8,-138.0,-3.1208,-399.8,-5.8,1.6702,-500.0,-0.7,2.0000,470.1,170.3,0,0.0,0.0,0.0000,0.00,0.00,0.00,0.00
0.4754,0.4721,3.3,0,-300.2,-154.9,2.8008,-407.2,-138.0,-3.1104,-399.6,-10.5,0.9098,-500.0,-4.6,2.0000,469.7,171.4,0,0.0,0.0,0.0000,0.00,0.00,0.00,0.00
0.4833,0.4801,3.2,0,-300.4,-154.9,2.8026,-410.4,-138.1,-3.1031,-399.8,-14.8,1.0419,-499.9,-7.5,2.0000,469.0,173.3,0,0.0,0.0,0.0000,0.00,0.00,0.00,0.00
0.4919,0.4885,3.3,0,-300.3,-154.8,2.8022,-413.8,-138.3,-3.0943,-400.1,-19.3,1.0419,-499.9,-11.3,2.0000,467.6,177.1,0,0.0,0.0,0.0000,0.00,0.00,0.00,0.00
0.4990,0.4974,1.7,0,-300.0,-154.8,2.8006,-417.3,-138.5,-3.0852,-399.3,-23.8,0.9638,-499.8,-14.4,2.0000,466.2,180.7,0,0.0,0.0,0.0000,0.00,0.00,0.00,0.00
0.5074,0.5060,1.4,0,-300.2,-154.5,2.8038,-420.8,-138.7,-3.0774,-398.7,-28.3,0.9980,-499.7,-17.9,2.0000,465.5,182.5,0,0.0,0.0,0.0000,0.00,0.00,0.00,0.00
0.5153,0.5060,9.3,0,-300.2,-154.5,2.8038,-420.8,-138.7,-3.0774,-398.7,-28.3,0.9980,-499.6,-20.8,2.0000,464.4,185.2,0,0.0,0.0,0.0000,0.00,0.00,0.00,0.00
0.5232,0.5231,0.1,0,-300.3,-155.0,2.7960,-427.6,-139.3,-3.0461,-398.5,-37.7,2.2292,-499.5,-22.5,2.0000,462.3,190.4,0,0.0,0.0,0.0000,0.00,0.00,0.00,0.00
0.5317,0.5316,0.1,0,-300.4,-155.1,2.7985,-431.0,-139.6,-3.0317,-397.5,-42.8,1.1759,-499.4,-25.3,2.0000,461.8,191.8,0,0.0,0.0,0.0000,0.00,0.00,0.00,0.00
0.5398,0.5396,0.1,0,-300.1,-155.0,2.7987,-434.2,-140.0,-3.0240,-396.9,-47.1,0.8734,-499.2,-29.1,2.0000,460.3,195.2,0,0.0,0.0,0.0000,0.00,0.00,0.00,0.00
0.5473,0.5396,7.7,0,-300.1,-155.0,2.7987,-434.2,-140.0,-3.0240,-396.9,-47.1,0.8734,-499.0,-32.2,2.0000,459.1,198.1,0,0.0,0.0,0.0000,0.00,0.00,0.00,0.00
0.5556,0.5480,7.6,0,-300.0,-155.1,2.7963,-437.5,-140.4,-3.0161,-396.7,-50.6,0.8791,-498.8,-34.8,2.0000,457.5,201.6,0,0.0,0.0,0.0000,0.00,0.00,0.00,0.00
0.5631,0.5565,6.6,0,-299.9,-154.9,2.8004,-440.8,-140.8,-3.0080,-396.3,-54.8,1.1787,-498.6,-37.9,2.0000,457.1,202.6,0,0.0,0.0,0.0000,0.00,0.00,0.00,0.00
0.5720,0.5652,6.8,0,-299.9,-155.1,2.7973,-444.3,-141.3,-2.9930,-395.8,-59.3,2.2492,-498.3,-40.7,2.0000,455.4,206.5,0,0.0,0.0,0.0000,0.00,0.00,0.00,0.00
0.5794,0.5732,6.1,0,-300.4,-154.7,2.8033,-447.5,-141.8,-2.9748,-394.9,-63.9,2.0087,-498.1,-44.1,2.0000,455.2,206.9,0,0.0,0.0,0.0000,0.00,0.00,0.00,0.00
0.5873,0.5817,5.6,0,-300.2,-155.4,2.7962,-450.8,-142.4,-2.9627,-393.4,-69.1,1.0170,-497.9,-45.9,2.0000,453.0,211.7,0,0.0,0.0,0.0000,0.00,0.00,0.00,0.00
0.5953,0.5905,4.9,0,-300.2,-155.0,2.8005,-454.3,-143.0,-2.9547,-393.1,-73.6,0.9568,-497.6,-49.4,2.0000,452.4,213.0,0,0.0,0.0,0.0000,0.00,0.00,0.00,0.00
0.6036,0.5990,4.6,0,-300.1,-154.9,2.8054,-457.6,-143.6,-2.9459,-393.3,-77.9,1.0411,-497.2,-53.0,2.0000,451.8,214.1,0,0.0,0.0,0.0000,0.00,0.00,0.00,0.00
0.6111,0.6074,3.7,0,-300.1,-155.0,2.8045,-460.9,-144.3,-2.9372,-391.8,-81.9,1.0415,-496.8,-56.1,2.0000,450.3,217.3,0,0.0,0.0,0.0000,0.00,0.00,0.00,0.00
0.6196,0.6159,3.8,0,-300.5,-155.0,2.8030,-464.2,-145.0,-2.9294,-390.2,-85.6,0.9078,-496.6,-58.6,2.0000,448.9,220.2,0,0.0,0.0,0.0000,0.00,0.00,0.00,0.00
0.6274,0.6251,2.3,0,-300.4,-154.6,2.8002,-467.8,-145.8,-2.9180,-389.1,-91.3,1.7654,-496.2,-61.6,2.0000,446.9,224.2,0,0.0,0.0,0.0000,0.00,0.00,0.00,0.00
0.6350,0.6326,2.4,0,-300.5,-154.8,2.8004,-470.8,-146.6,-2.9017,-388.1,-95.8,2.3383,-495.8,-64.4,2.0000,445.7,226.6,0,0.0,0.0,0.0000,0.00,0.00,0.00,0.00
0.6437,0.6412,2.5,0,-300.3,-154.9,2.8009,-474.1,-147.4,-2.8848,-387.2,-99.8,1.4175,-495.4,-67.4,2.0000,444.5,229.0,0,0.0,0.0,0.0000,0.00,0.00,0.00,0.00
0.6508,0.6495,1.3,0,-300.2,-154.8,2.8059,-477.3,-148.2,-2.8758,-386.2,-103.9,0.8762,-495.0,-70.3,2.0000,444.3,229.4,0,0.0,0.0,0.0000,0.00,0.00,0.00,0.00
0.6590,0.6577,1.3,0,-300.0,-154.8,2.8045,-480.4,-149.1,-2.8682,-385.3,-108.0,0.9491,-494.6,-73.3,2.0000,442.5,232.8,0,0.0,0.0,0.0000,0.00,0.00,0.00,0.00
0.6671,0.6670,0.1,0,-300.0,-155.1,2.8001,-484.0,-150.1,-2.8596,-384.2,-112.6,1.0657,-494.2,-75.8,2.0000,440.3,236.9,0,0.0,0.0,0.0000,0.00,0.00,0.00,0.00
0.6751,0.6748,0.3,0,-300.3,-155.2,2.7976,-487.0,-151.0,-2.8481,-383.0,-116.5,2.0157,-493.8,-78.6,2.0000,438.4,240.5,0,0.0,0.0,0.0000,0.00,0.00,0.00,0.00
0.6832,0.6831,0.1,0,-300.6,-155.3,2.7892,-490.2,-152.0,-2.8295,-381.6,-120.8,2.2295,-493.4,-81.1,2.0000,435.1,246.4,0,0.0,0.0,0.0000,0.00,0.00,0.00,0.00
0.6917,0.6831,8.7,0,-300.6,-155.3,2.7892,-490.2,-152.0,-2.8295,-381.6,-120.8,2.2295,-492.9,-83.8,2.0000,433.7,248.8,0,0.0,0.0,0.0000,0.00,0.00,0.00,0.00
0.6996,0.6919,7.8,0,-300.2,-154.9,2.8001,-493.5,-153.1,-2.8147,-379.4,-126.4,1.1506,-492.3,-87.4,2.0000,434.6,247.2,0,0.0,0.0,0.0000,0.00,0.00,0.00,0.00
0.7076,0.7023,5.4,0,-300.3,-154.9,2.8018,-497.5,-154.4,-2.8049,-377.7,-131.3,0.9462,-491.8,-90.2,2.0000,433.6,249.0,0,0.0,0.0,0.0000,0.00,0.00,0.00,0.00
0.7151,0.7115,3.6,0,-300.2,-154.9,2.7939,-501.0,-155.7,-2.7954,-376.6,-134.7,1.0419,-491.3,-93.1,2.0000,430.2,254.9,0,0.0,0.0,0.0000,0.00,0.00,0.00,0.00
0.7231,0.7172,5.9,0,-300.1,-155.0,2.8013,-503.1,-156.4,-2.7895,-375.5,-137.7,1.0420,-490.7,-95.9,2.0000,430.6,254.1,0,0.0,0.0,0.0000,0.00,0.00,0.00,0.00
0.7315,0.7257,5.8,0,-300.0,-155.1,2.7977,-506.3,-157.6,-2.7813,-373.8,-142.3,0.8692,-490.1,-98.8,2.0000,428.2,258.2,0,0.0,0.0,0.0000,0.00,0.00,0.00,0.00
0.7397,0.7360,3.7,0,-300.2,-154.9,2.7995,-510.1,-159.1,-2.7699,-371.8,-147.6,1.5565,-489.5,-102.0,2.0000,426.9,260.3,0,0.0,0.0,0.0000,0.00,0.00,0.00,0.00
0.7471,0.7425,4.6,0,-300.5,-154.7,2.7935,-512.5,-160.1,-2.7567,-370.7,-151.1,2.3168,-488.9,-104.7,2.0000,423.9,265.2,0,0.0,0.0,0.0000,0.00,0.00,0.00,0.00
0.7554,0.7507,4.7,0,-300.1,-154.8,2.8050,-515.6,-161.3,-2.7387,-368.7,-155.2,1.7916,-488.4,-107.3,2.0000,425.5,262.5,0,0.0,0.0,0.0000,0.00,0.00,0.00,0.00
0.7638,0.7592,4.6,0,-300.7,-155.1,2.7989,-518.7,-162.7,-2.7279,-366.5,-159.6,0.9408,-487.8,-110.0,2.0000,422.4,267.5,0,0.0,0.0,0.0000,0.00,0.00,0.00,0.00
0.7714,0.7700,1.4,0,-300.4,-154.9,2.8070,-522.6,-164.4,-2.7179,-364.8,-164.1,0.9360,-487.1,-112.8,2.0000,423.0,266.5,0,0.0,0.0,0.0000,0.00,0.00,0.00,0.00
0.7798,0.7764,3.4,0,-300.1,-154.8,2.8002,-524.9,-165.5,-2.7122,-363.7,-166.8,0.9234,-486.4,-115.9,2.0000,419.5,272.1,0,0.0,0.0,0.0000,0.00,0.00,0.00,0.00
0.7870,0.7843,2.7,0,-300.0,-154.7,2.8006,-527.8,-166.8,-2.7027,-361.6,-170.9,1.6204,-485.7,-118.7,2.0000,418.0,274.3,0,0.0,0.0,0.0000,0.00,0.00,0.00,0.00
0.7959,0.7932,2.7,0,-300.2,-155.0,2.7965,-531.0,-168.4,-2.6837,-359.5,-175.3,2.3252,-485.1,-121.3,2.0000,415.4,278.2,0,0.0,0.0,0.0000,0.00,0.00,0.00,0.00
0.8032,0.8028,0.4,0,-299.8,-154.9,2.8021,-534.5,-170.1,-2.6660,-356.6,-180.3,1.2448,-484.4,-123.8,2.0000,415.6,278.0,0,0.0,0.0,0.0000,0.00,0.00,0.00,0.00
0.8117,0.8028,8.9,0,-299.8,-154.9,2.8021,-534.5,-170.1,-2.6660,-356.6,-180.3,1.2448,-483.7,-126.6,2.0000,414.0,280.4,0,0.0,0.0,0.0000,0.00,0.00,0.00,0.00
0.8190,0.8187,0.4,0,-300.2,-155.0,2.8004,-540.1,-173.0,-2.6504,-353.3,-188.2,1.0420,-483.1,-128.9,2.0000,412.1,283.1,0,0.0,0.0,0.0000,0.00,0.00,0.00,0.00
0.8271,0.8270,0.1,0,-300.4,-155.2,2.7918,-543.0,-174.6,-2.6418,-351.5,-192.1,1.0419,-482.4,-131.7,2.0000,408.0,289.0,0,0.0,0.0,0.0000,0.00,0.00,0.00,0.00
0.8355,0.8270,8.5,0,-300.4,-155.2,2.7918,-543.0,-174.6,-2.6418,-351.5,-192.1,1.0419,-481.5,-134.8,2.0000,406.2,291.6,0,0.0,0.0,0.0000,0.00,0.00,0.00,0.00
0.8442,0.8441,0.1,0,-300.4,-154.8,2.8036,-549.0,-177.9,-2.6251,-346.8,-199.2,1.1445,-480.5,-138.2,2.0000,407.5,289.7,0,0.0,0.0,0.0000,0.00,0.00,0.00,0.00
0.8511,0.8441,7.0,0,-300.4,-154.8,2.8036,-549.0,-177.9,-2.6251,-346.8,-199.2,1.1445,-479.9,-140.4,2.0000,406.1,291.6,0,0.0,0.0,0.0000,0.00,0.00,0.00,0.00
0.8600,0.8523,7.8,0,-300.1,-154.8,2.8006,-551.8,-179.6,-2.6118,-344.9,-203.0,2.1733,-479.0,-143.4,2.0000,403.5,295.3,0,0.0,0.0,0.0000,0.00,0.00,0.00,0.00
0.8671,0.8606,6.4,0,-300.3,-154.8,2.7965,-554.7,-181.3,-2.5927,-342.5,-207.0,2.0813,-478.2,-145.9,2.0000,400.7,299.1,0,0.0,0.0,0.0000,0.00,0.00,0.00,0.00
0.8753,0.8697,5.6,0,-300.2,-155.2,2.7972,-557.8,-183.2,-2.5794,-339.2,-211.6,1.0201,-477.6,-148.0,2.0000,399.6,300.6,0,0.0,0.0,0.0000,0.00,0.00,0.00,0.00
0.8837,0.8776,6.0,0,-300.0,-154.8,2.8014,-560.5,-184.9,-2.5722,-337.0,-215.1,0.9218,-476.6,-151.0,2.0000,398.9,301.4,0,0.0,0.0,0.0000,0.00,0.00,0.00,0.00
0.8917,0.8863,5.4,0,-299.9,-154.6,2.7978,-563.4,-186.7,-2.5634,-334.8,-218.6,1.0420,-475.6,-154.3,2.0000,395.7,305.6,0,0.0,0.0,0.0000,0.00,0.00,0.00,0.00
0.9000,0.8944,5.7,0,-300.4,-154.8,2.8034,-566.1,-188.5,-2.5549,-332.7,-222.1,1.0417,-474.6,-157.3,2.0000,395.5,305.9,0,0.0,0.0,0.0000,0.00,0.00,0.00,0.00
0.9080,0.9034,4.6,0,-300.2,-154.9,2.8005,-569.1,-190.6,-2.5465,-330.5,-225.8,0.8937,-473.9,-159.6,2.0000,393.2,308.9,0,0.0,0.0,0.0000,0.00,0.00,0.00,0.00
0.9160,0.9034,12.6,0,-300.2,-154.9,2.8005,-569.1,-190.6,-2.5465,-330.5,-225.8,0.8937,-473.0,-162.1,2.0000,391.5,311.0,0,0.0,0.0,0.0000,0.00,0.00,0.00,0.00
0.9239,0.9196,4.3,0,-300.7,-154.9,2.7997,-574.4,-194.3,-2.5209,-324.0,-233.4,2.3419,-472.1,-164.8,2.0000,389.5,313.5,0,0.0,0.0,0.0000,0.00,0.00,0.00,0.00
0.9311,0.9282,2.9,0,-300.4,-154.9,2.7992,-577.2,-196.3,-2.5029,-321.9,-237.0,1.5370,-471.3,-167.1,2.0000,387.8,315.6,0,0.0,0.0,0.0000,0.00,0.00,0.00,0.00
0.9399,0.9372,2.7,0,-299.9,-155.3,2.8014,-580.1,-198.5,-2.4927,-319.6,-240.9,0.8803,-470.4,-169.4,2.0000,386.9,316.7,0,0.0,0.0,0.0000,0.00,0.00,0.00,0.00
0.9476,0.9452,2.3,0,-300.0,-154.7,2.8009,-582.6,-200.4,-2.4853,-317.1,-244.4,0.9713,-469.2,-172.7,2.0000,384.5,319.6,0,0.0,0.0,0.0000,0.00,0.00,0.00,0.00
0.9556,0.9543,1.4,0,-300.4,-154.9,2.8009,-585.5,-202.6,-2.4771,-314.3,-248.4,1.0161,-468.2,-175.4,2.0000,382.7,321.8,0,0.0,0.0,0.0000,0.00,0.00,0.00,0.00
0.9636,0.9620,1.6,0,-299.7,-154.8,2.7993,-587.9,-204.6,-2.4664,-311.4,-251.0,1.9060,-467.3,-177.9,2.0000,380.5,324.4,0,0.0,0.0,0.0000,0.00,0.00,0.00,0.00
0.9711,0.9710,0.1,0,-300.0,-154.5,2.8035,-590.7,-206.8,-2.4462,-308.0,-254.5,2.2315,-466.2,-180.7,2.0000,379.8,325.2,0,0.0,0.0,0.0000,0.00,0.00,0.00,0.00
0.9789,0.9786,0.2,0,-299.9,-154.9,2.7944,-593.0,-208.8,-2.4328,-305.1,-258.5,1.2612,-465.4,-182.8,2.0000,375.4,330.3,0,0.0,0.0,0.0000,0.00,0.00,0.00,0.00
0.9875,0.9874,0.1,0,-300.3,-155.0,2.7973,-595.7,-211.1,-2.4242,-301.9,-262.3,0.8718,-464.3,-185.5,2.0000,374.5,331.3,0,0.0,0.0,0.0000,0.00,0.00,0.00,0.00
0.9951,0.9874,7.6,0,-300.3,-155.0,2.7973,-595.7,-211.1,-2.4242,-301.9,-262.3,0.8718,-463.4,-187.8,2.0000,372.8,333.2,0,0.0,0.0,0.0000,0.00,0.00,0.00,0.00
1.0041,0.9958,8.3,0,-300.1,-154.8,2.7995,-598.2,-213.3,-2.4159,-299.2,-265.0,1.0412,-462.0,-191.1,2.0000,371.2,335.0,0,0.0,0.0,0.0000,0.00,0.00,0.00,0.00
1.0110,1.0046,6.4,0,-300.2,-154.8,2.8033,-600.8,-215.6,-2.4067,-296.4,-268.3,1.0412,-461.0,-193.5,2.0000,370.7,335.6,0,0.0,0.0,0.0000,0.00,0.00,0.00,0.00
1.0188,1.0125,6.4,0,-300.0,-154.7,2.8075,-603.1,-217.8,-2.3990,-294.2,-271.6,0.8727,-460.0,-196.0,2.0000,370.3,336.0,0,0.0,0.0,0.0000,0.00,0.00,0.00,0.00
1.0270,1.0214,5.6,0,-299.7,-154.7,2.8064,-605.7,-220.2,-2.3902,-290.9,-275.1,1.2626,-458.9,-198.5,2.0000,368.1,338.4,0,0.0,0.0,0.0000,0.00,0.00,0.00,0.00
1.0353,1.0298,5.4,0,-300.6,-155.2,2.7994,-608.2,-222.5,-2.3750,-287.3,-278.3,2.2849,-457.9,-200.9,2.0000,363.9,342.9,0,0.0,0.0,0.0000,0.00,0.00,0.00,0.00
1.0438,1.0381,5.7,0,-300.3,-155.1,2.7945,-610.5,-224.8,-2.3565,-284.0,-281.6,1.8922,-456.7,-203.5,2.0000,360.2,346.8,0,0.0,0.0,0.0000,0.00,0.00,0.00,0.00
1.0514,1.0466,4.9,0,-300.1,-154.9,2.8011,-612.9,-227.2,-2.3452,-280.5,-284.9,0.9704,-455.5,-206.2,2.0000,360.5,346.4,0,0.0,0.0,0.0000,0.00,0.00,0.00,0.00
1.0598,1.0553,4.5,0,-300.4,-155.0,2.8002,-615.4,-229.7,-2.3372,-277.3,-288.2,1.0003,-454.3,-208.8,2.0000,358.2,348.9,0,0.0,0.0,0.0000,0.00,0.00,0.00,0.00
1.0678,1.0632,4.5,0,-300.2,-154.7,2.8077,-617.6,-232.0,-2.3299,-274.4,-291.3,0.8903,-453.0,-211.6,2.0000,358.7,348.3,0,0.0,0.0,0.0000,0.00,0.00,0.00,0.00
1.0749,1.0721,2.9,0,-300.6,-155.0,2.7973,-620.0,-234.6,-2.3198,-271.4,-294.1,1.5739,-452.0,-213.8,2.0000,353.3,353.8,0,0.0,0.0,0.0000,0.00,0.00,0.00,0.00
1.0837,1.0804,3.3,0,-300.0,-154.6,2.8030,-622.2,-237.1,-2.3022,-268.8,-296.7,2.3414,-450.6,-216.6,2.0000,353.1,354.0,0,0.0,0.0,0.0000,0.00,0.00,0.00,0.00
1.0912,1.0886,2.5,0,-300.2,-155.0,2.8022,-624.4,-239.5,-2.2856,-264.4,-299.9,1.4852,-449.6,-218.8,2.0000,351.1,356.0,0,0.0,0.0,0.0000,0.00,0.00,0.00,0.00
1.0992,1.0976,1.6,0,-300.1,-155.0,2.8025,-626.8,-242.2,-2.2758,-260.0,-303.3,0.8748,-448.5,-221.1,2.0000,349.4,357.7,0,0.0,0.0,0.0000,0.00,0.00,0.00,0.00
1.1074,1.1060,1.4,0,-300.1,-154.8,2.8004,-628.9,-244.8,-2.2678,-257.1,-306.1,1.0417,-447.2,-223.6,2.0000,346.6,360.4,0,0.0,0.0,0.0000,0.00,0.00,0.00,0.00
1.1157,1.1060,9.7,0,-300.1,-154.8,2.8004,-628.9,-244.8,-2.2678,-257.1,-306.1,1.0417,-445.8,-226.4,2.0000,344.3,362.6,0,0.0,0.0,0.0000,0.00,0.00,0.00,0.00
1.1231,1.1211,2.0,0,-300.4,-155.0,2.8004,-632.8,-249.5,-2.2521,-251.4,-311.2,0.9781,-444.5,-229.0,2.0000,342.2,364.5,0,0.0,0.0,0.0000,0.00,0.00,0.00,0.00
1.1317,1.1315,0.1,0,-300.1,-154.7,2.8051,-635.4,-252.7,-2.2424,-247.4,-314.7,1.1038,-443.1,-231.6,2.0000,341.8,364.9,0,0.0,0.0,0.0000,0.00,0.00,0.00,0.00
1.1395,1.1393,0.2,0,-300.2,-154.8,2.7947,-637.3,-255.2,-2.2305,-244.0,-317.1,2.0702,-442.0,-233.8,2.0000,336.1,370.2,0,0.0,0.0,0.0000,0.00,0.00,0.00,0.00
1.1482,1.1481,0.1,0,-300.2,-154.8,2.8000,-639.4,-258.0,-2.2106,-240.1,-319.9,2.1397,-440.5,-236.5,2.0000,335.8,370.4,0,0.0,0.0,0.0000,0.00,0.00,0.00,0.00
1.1553,1.1481,7.2,0,-300.2,-154.8,2.8000,-639.4,-258.0,-2.2106,-240.1,-319.9,2.1397,-439.3,-238.7,2.0000,334.0,372.1,0,0.0,0.0,0.0000,0.00,0.00,0.00,0.00
1.1639,1.1565,7.4,0,-299.7,-154.7,2.7994,-641.4,-260.7,-2.1973,-236.0,-322.7,1.0993,-438.1,-241.1,2.0000,331.8,374.1,0,0.0,0.0,0.0000,0.00,0.00,0.00,0.00
1.1715,1.1647,6.8,0,-299.9,-154.8,2.8047,-643.3,-263.4,-2.1897,-232.4,-325.4,0.8937,-436.8,-243.3,2.0000,331.8,374.0,0,0.0,0.0,0.0000,0.00,0.00,0.00,0.00
1.1800,1.1733,6.8,0,-300.4,-154.9,2.8003,-645.3,-266.1,-2.1817,-228.8,-328.2,0.8675,-435.2,-246.2,2.0000,327.7,377.6,0,0.0,0.0,0.0000,0.00,0.00,0.00,0.00
1.1873,1.1819,5.4,0,-300.1,-154.7,2.7998,-647.3,-269.0,-2.1729,-225.2,-330.6,1.3196,-433.9,-248.5,2.0000,325.5,379.5,0,0.0,0.0,0.0000,0.00,0.00,0.00,0.00
1.1959,1.1900,5.8,0,-300.2,-154.9,2.7973,-649.1,-271.7,-2.1578,-222.2,-332.4,2.2977,-432.5,-250.8,2.0000,322.5,382.1,0,0.0,0.0,0.0000,0.00,0.00,0.00,0.00
1.2030,1.1989,4.1,0,-300.1,-155.1,2.8004,-651.1,-274.7,-2.1383,-217.8,-335.4,1.7560,-431.5,-252.6,2.0000,322.1,382.4,0,0.0,0.0,0.0000,0.00,0.00,0.00,0.00
1.2113,1.2070,4.3,0,-299.7,-155.0,2.7953,-652.8,-277.4,-2.1281,-213.4,-338.4,0.9494,-430.0,-255.1,2.0000,317.9,385.9,0,0.0,0.0,0.0000,0.00,0.00,0.00,0.00
1.2194,1.2155,3.9,0,-300.1,-155.0,2.8013,-654.6,-280.3,-2.1204,-210.1,-340.6,1.0098,-428.4,-257.8,2.0000,317.8,386.0,0,0.0,0.0,0.0000,0.00,0.00,0.00,0.00
1.2270,1.2236,3.5,0,-300.0,-154.9,2.7977,-656.3,-283.0,-2.1120,-207.1,-342.8,1.0420,-427.1,-260.0,2.0000,314.4,388.8,0,0.0,0.0,0.0000,0.00,0.00,0.00,0.00
1.2352,1.2329,2.3,0,-300.2,-154.9,2.8032,-658.2,-286.2,-2.1023,-202.3,-345.1,0.9870,-425.5,-262.6,2.0000,314.2,389.0,0,0.0,0.0,0.0000,0.00,0.00,0.00,0.00
1.2431,1.2407,2.4,0,-300.0,-155.0,2.7986,-659.7,-288.9,-2.0953,-198.5,-347.1,0.9356,-424.2,-264.7,2.0000,310.5,391.9,0,0.0,0.0,0.0000,0.00,0.00,0.00,0.00
1.2510,1.2494,1.6,0,-300.1,-155.2,2.7958,-661.5,-292.0,-2.0841,-194.6,-349.1,1.8184,-422.8,-266.9,2.0000,307.3,394.4,0,0.0,0.0,0.0000,0.00,0.00,0.00,0.00
1.2596,1.2584,1.2,0,-300.5,-155.0,2.7983,-663.2,-295.1,-2.0644,-190.5,-351.3,2.2751,-421.0,-269.7,2.0000,305.7,395.7,0,0.0,0.0,0.0000,0.00,0.00,0.00,0.00
1.2676,1.2664,1.3,0,-300.4,-154.9,2.8029,-664.7,-297.9,-2.0498,-186.6,-354.0,1.2867,-419.5,-272.0,2.0000,305.3,395.9,0,0.0,0.0,0.0000,0.00,0.00,0.00,0.00
1.2761,1.2746,1.4,0,-300.3,-155.0,2.8015,-666.2,-300.9,-2.0415,-182.7,-356.2,0.8675,-418.0,-274.3,2.0000,302.6,398.1,0,0.0,0.0,0.0000,0.00,0.00,0.00,0.00
1.2837,1.2833,0.4,0,-300.3,-154.8,2.8009,-667.8,-304.0,-2.0331,-178.7,-357.6,1.0418,-416.5,-276.6,2.0000,300.1,399.9,0,0.0,0.0,0.0000,0.00,0.00,0.00,0.00
1.2914,1.2913,0.1,0,-300.1,-155.0,2.7965,-669.2,-306.8,-2.0248,-174.9,-359.4,1.0420,-415.1,-278.8,2.0000,296.3,402.8,0,0.0,0.0,0.0000,0.00,0.00,0.00,0.00
1.2991,1.2913,7.7,0,-300.1,-155.0,2.7965,-669.2,-306.8,-2.0248,-174.9,-359.4,1.0420,-413.5,-281.1,2.0000,294.0,404.4,0,0.0,0.0,0.0000,0.00,0.00,0.00,0.00
1.3075,1.3004,7.1,0,-299.7,-154.8,2.8009,-670.8,-310.1,-2.0157,-170.4,-362.0,0.8731,-412.0,-283.3,2.0000,293.6,404.7,0,0.0,0.0,0.0000,0.00,0.00,0.00,0.00
1.3150,1.3085,6.5,0,-300.2,-155.1,2.8045,-672.1,-313.0,-2.0080,-166.4,-363.8,1.1791,-410.6,-285.4,2.0000,293.1,405.1,0,0.0,0.0,0.0000,0.00,0.00,0.00,0.00
1.3235,1.3168,6.7,0,-300.6,-155.3,2.7975,-673.5,-316.1,-1.9939,-162.1,-365.6,2.2184,-408.8,-287.8,2.0000,287.8,408.9,0,0.0,0.0,0.0000,0.00,0.00,0.00,0.00
1.3314,1.3259,5.5,0,-300.2,-155.0,2.7991,-675.0,-319.4,-1.9735,-157.8,-367.5,1.9167,-407.3,-290.0,2.0000,286.3,409.9,0,0.0,0.0,0.0000,0.00,0.00,0.00,0.00
1.3392,1.3338,5.4,0,-299.9,-154.9,2.7977,-676.2,-322.3,-1.9627,-154.2,-369.1,1.0145,-405.7,-292.3,2.0000,283.4,411.9,0,0.0,0.0,0.0000,0.00,0.00,0.00,0.00
1.3472,1.3422,5.0,0,-299.7,-154.7,2.7982,-677.5,-325.4,-1.9550,-150.3,-370.8,0.9428,-404.0,-294.6,2.0000,281.2,413.4,0,0.0,0.0,0.0000,0.00,0.00,0.00,0.00
1.3557,1.3506,5.1,0,-300.1,-155.0,2.8069,-678.7,-328.5,-1.9472,-146.4,-372.6,0.8785,-402.3,-296.9,2.0000,282.4,412.6,0,0.0,0.0,0.0000,0.00,0.00,0.00,0.00
1.3632,1.3595,3.7,0,-300.1,-155.0,2.7966,-680.0,-331.8,-1.9374,-141.9,-374.2,1.4933,-400.8,-298.9,2.0000,276.1,416.9,0,0.0,0.0,0.0000,0.00,0.00,0.00,0.00
1.3712,1.3679,3.3,0,-300.4,-154.8,2.8041,-681.2,-335.0,-1.9202,-137.6,-375.6,2.3432,-398.9,-301.4,2.0000,276.6,416.5,0,0.0,0.0,0.0000,0.00,0.00,0.00,0.00
1.3791,1.3758,3.4,0,-300.3,-154.7,2.8021,-682.2,-338.0,-1.9036,-133.1,-377.2,1.6080,-397.3,-303.6,2.0000,273.5,418.5,0,0.0,0.0,0.0000,0.00,0.00,0.00,0.00
1.3878,1.3845,3.3,0,-300.1,-154.9,2.8000,-683.4,-341.3,-1.8934,-128.2,-379.0,0.8961,-395.7,-305.6,2.0000,270.5,420.5,0,0.0,0.0,0.0000,0.00,0.00,0.00,0.00
1.3953,1.3926,2.7,0,-300.1,-154.8,2.8052,-684.4,-344.4,-1.8859,-124.3,-379.9,1.0419,-394.1,-307.7,2.0000,270.5,420.5,0,0.0,0.0,0.0000,0.00,0.00,0.00,0.00
1.4040,1.4014,2.6,0,-300.0,-154.9,2.7979,-685.5,-347.7,-1.8767,-119.9,-381.0,1.0419,-392.2,-310.1,2.0000,264.8,424.1,0,0.0,0.0,0.0000,0.00,0.00,0.00,0.00
1.4115,1.4103,1.3,0,-300.3,-155.0,2.7974,-686.5,-351.1,-1.8677,-116.6,-383.0,0.9250,-390.5,-312.3,2.0000,262.2,425.8,0,0.0,0.0,0.0000,0.00,0.00,0.00,0.00
1.4192,1.4180,1.2,0,-300.2,-154.9,2.8045,-687.4,-354.0,-1.8607,-113.1,-384.4,1.0001,-388.9,-314.3,2.0000,263.1,425.2,0,0.0,0.0,0.0000,0.00,0.00,0.00,0.00
1.4271,1.4266,0.4,0,-300.3,-155.0,2.8003,-688.4,-357.4,-1.8486,-107.0,-385.4,1.9886,-387.3,-316.3,2.0000,259.1,427.6,0,0.0,0.0,0.0000,0.00,0.00,0.00,0.00
1.4360,1.4266,9.4,0,-300.3,-155.0,2.8003,-688.4,-357.4,-1.8486,-107.0,-385.4,1.9886,-385.3,-318.7,2.0000,256.4,429.3,0,0.0,0.0,0.0000,0.00,0.00,0.00,0.00
1.4429,1.4373,5.5,0,-300.6,-154.7,2.8026,-689.5,-361.5,-1.8247,-101.1,-386.8,1.9952,-383.5,-320.8,2.0000,255.0,430.1,0,0.0,0.0,0.0000,0.00,0.00,0.00,0.00
1.4510,1.4440,7.0,0,-300.3,-154.8,2.8028,-690.1,-364.1,-1.8146,-98.1,-387.6,1.1408,-381.8,-322.8,2.0000,252.9,431.4,0,0.0,0.0,0.0000,0.00,0.00,0.00,0.00
1.4590,1.4542,4.8,0,-299.9,-154.9,2.7988,-691.1,-368.0,-1.8050,-93.1,-389.0,0.9435,-380.3,-324.7,2.0000,249.0,433.6,0,0.0,0.0,0.0000,0.00,0.00,0.00,0.00
1.4669,1.4605,6.4,0,-300.0,-155.1,2.8009,-691.7,-370.5,-1.7990,-90.0,-389.9,0.8725,-378.5,-326.7,2.0000,247.6,434.4,0,0.0,0.0,0.0000,0.00,0.00,0.00,0.00
1.4752,1.4708,4.4,0,-300.2,-154.9,2.8004,-692.6,-374.5,-1.7883,-84.8,-390.9,1.4154,-376.4,-329.1,2.0000,244.6,436.1,0,0.0,0.0,0.0000,0.00,0.00,0.00,0.00
1.4834,1.4775,6.0,0,-300.0,-155.0,2.8034,-693.1,-377.1,-1.7758,-81.6,-391.5,2.2643,-374.8,-330.9,2.0000,243.8,436.5,0,0.0,0.0,0.0000,0.00,0.00,0.00,0.00
1.4919,1.4859,6.0,0,-300.2,-155.0,2.7984,-693.8,-380.4,-1.7568,-76.8,-392.4,1.9146,-373.0,-333.0,2.0000,239.2,439.1,0,0.0,0.0,0.0000,0.00,0.00,0.00,0.00
1.4998,1.4944,5.5,0,-300.2,-155.0,2.8020,-694.4,-383.8,-1.7454,-71.5,-393.6,0.9801,-371.0,-335.2,2.0000,238.2,439.6,0,0.0,0.0,0.0000,0.00,0.00,0.00,0.00
1.5073,1.5047,2.6,0,-300.3,-154.8,2.8004,-695.2,-387.9,-1.7358,-66.8,-394.4,1.0415,-369.0,-337.4,2.0000,234.9,441.4,0,0.0,0.0,0.0000,0.00,0.00,0.00,0.00
1.5156,1.5119,3.8,0,-300.6,-155.1,2.7929,-695.6,-390.7,-1.7284,-63.6,-395.0,1.0411,-367.1,-339.5,2.0000,229.0,444.5,0,0.0,0.0,0.0000,0.00,0.00,0.00,0.00
1.5230,1.5196,3.4,0,-300.2,-155.3,2.7986,-696.1,-393.7,-1.7203,-59.2,-395.5,1.0415,-365.6,-341.1,2.0000,229.6,444.2,0,0.0,0.0,0.0000,0.00,0.00,0.00,0.00
1.5314,1.5289,2.4,0,-300.2,-155.2,2.7982,-696.6,-397.4,-1.7117,-54.0,-396.2,0.9476,-363.7,-343.2,2.0000,226.9,445.6,0,0.0,0.0,0.0000,0.00,0.00,0.00,0.00
1.5389,1.5372,1.7,0,-299.9,-154.8,2.8059,-697.1,-400.7,-1.7012,-49.3,-396.7,1.7804,-361.9,-345.0,2.0000,228.0,445.0,0,0.0,0.0,0.0000,0.00,0.00,0.00,0.00
1.5474,1.5451,2.3,0,-300.1,-154.8,2.8037,-697.4,-403.8,-1.6840,-44.9,-397.3,2.3286,-359.9,-347.1,2.0000,224.5,446.8,0,0.0,0.0,0.0000,0.00,0.00,0.00,0.00
1.5559,1.5533,2.6,0,-300.3,-155.2,2.7963,-697.8,-407.1,-1.6680,-41.0,-398.2,1.4082,-358.0,-349.0,2.0000,218.7,449.6,0,0.0,0.0,0.0000,0.00,0.00,0.00,0.00
1.5635,1.5617,1.7,0,-300.4,-155.1,2.7966,-698.1,-410.5,-1.6590,-36.7,-399.0,0.8735,-356.0,-351.1,2.0000,216.2,450.8,0,0.0,0.0,0.0000,0.00,0.00,0.00,0.00
1.5712,1.5617,9.5,0,-300.4,-155.1,2.7966,-698.1,-410.5,-1.6590,-36.7,-399.0,0.8735,-354.0,-353.1,2.0000,213.7,452.0,0,0.0,0.0,0.0000,0.00,0.00,0.00,0.00
1.5800,1.5787,1.2,0,-300.2,-154.7,2.8019,-698.7,-417.2,-1.6433,-28.1,-398.2,1.0448,-351.8,-355.3,2.0000,213.3,452.2,0,0.0,0.0,0.0000,0.00,0.00,0.00,0.00
1.5876,1.5874,0.1,0,-300.5,-155.0,2.7916,-698.9,-420.7,-1.6302,-23.3,-399.7,2.0901,-349.9,-357.1,2.0000,206.2,455.5,0,0.0,0.0,0.0000,0.00,0.00,0.00,0.00
1.5953,1.5874,7.9,0,-300.5,-155.0,2.7916,-698.9,-420.7,-1.6302,-23.3,-399.7,2.0901,-348.1,-359.0,2.0000,203.9,456.6,0,0.0,0.0,0.0000,0.00,0.00,0.00,0.00
1.6035,1.5958,7.7,0,-300.2,-154.8,2.8012,-699.1,-424.0,-1.6112,-18.7,-400.2,2.1681,-346.1,-360.8,2.0000,205.8,455.7,0,0.0,0.0,0.0000,0.00,0.00,0.00,0.00
1.6118,1.6052,6.6,0,-300.1,-155.0,2.8013,-699.2,-427.8,-1.5966,-12.9,-399.9,1.0487,-344.2,-362.7,2.0000,203.4,456.8,0,0.0,0.0,0.0000,0.00,0.00,0.00,0.00
1.6201,1.6130,7.0,0,-300.1,-154.5,2.7972,-699.3,-430.9,-1.5894,-8.8,-399.9,0.9011,-341.9,-364.8,2.0000,198.7,458.8,0,0.0,0.0,0.0000,0.00,0.00,0.00,0.00
1.6275,1.6211,6.4,0,-300.0,-154.8,2.8029,-699.3,-434.2,-1.5813,-5.0,-400.1,1.0420,-340.2,-366.4,2.0000,199.2,458.6,0,0.0,0.0,0.0000,0.00,0.00,0.00,0.00
1.6356,1.6330,2.6,0,-300.0,-155.4,2.7934,-699.4,-438.9,-1.5689,0.9,-399.7,0.9817,-338.4,-368.0,2.0000,192.5,461.4,0,0.0,0.0,0.0000,0.00,0.00,0.00,0.00
1.6437,1.6389,4.8,0,-300.2,-154.7,2.8018,-699.4,-441.3,-1.5636,3.8,-399.4,0.8828,-336.0,-370.3,2.0000,193.3,461.1,0,0.0,0.0,0.0000,0.00,0.00,0.00,0.00
1.6509,1.6464,4.5,0,-300.2,-154.7,2.8025,-699.3,-444.3,-1.5556,8.1,-399.7,1.3712,-334.1,-372.0,2.0000,191.4,461.9,0,0.0,0.0,0.0000,0.00,0.00,0.00,0.00
1.6590,1.6546,4.4,0,-299.9,-154.9,2.7979,-699.2,-447.6,-1.5398,12.9,-400.2,2.3216,-332.3,-373.6,2.0000,187.0,463.7,0,0.0,0.0,0.0000,0.00,0.00,0.00,0.00
1.6671,1.6633,3.8,0,-300.6,-155.0,2.8003,-699.1,-451.1,-1.5210,17.7,-399.7,1.6864,-329.9,-375.7,2.0000,185.2,464.5,0,0.0,0.0,0.0000,0.00,0.00,0.00,0.00
1.6755,1.6720,3.4,0,-300.2,-155.0,2.7943,-698.9,-454.5,-1.5105,22.6,-399.2,0.9101,-328.0,-377.4,2.0000,180.0,466.5,0,0.0,0.0,0.0000,0.00,0.00,0.00,0.00
1.6839,1.6802,3.7,0,-300.3,-154.9,2.8055,-698.7,-457.8,-1.5030,26.7,-399.0,1.0416,-325.7,-379.4,2.0000,182.4,465.6,0,0.0,0.0,0.0000,0.00,0.00,0.00,0.00
1.6912,1.6886,2.6,0,-300.3,-154.9,2.8030,-698.5,-461.2,-1.4942,31.0,-398.7,1.0420,-323.8,-381.0,2.0000,178.8,466.9,0,0.0,0.0,0.0000,0.00,0.00,0.00,0.00
1.6995,1.6971,2.4,0,-300.8,-155.2,2.7919,-698.2,-464.5,-1.4854,35.2,-398.5,0.9762,-321.4,-383.0,2.0000,170.8,469.9,0,0.0,0.0,0.0000,0.00,0.00,0.00,0.00
1.7077,1.7064,1.3,0,-300.8,-155.0,2.7967,-697.8,-468.2,-1.4770,39.9,-398.2,1.0234,-319.3,-384.8,2.0000,170.4,470.1,0,0.0,0.0,0.0000,0.00,0.00,0.00,0.00
1.7155,1.7154,0.1,0,-300.2,-154.7,2.8028,-697.5,-471.8,-1.4635,45.4,-397.1,2.0893,-317.5,-386.3,2.0000,171.0,469.8,0,0.0,0.0,0.0000,0.00,0.00,0.00,0.00
1.7237,1.7225,1.2,0,-300.1,-154.9,2.7995,-697.1,-474.6,-1.4474,49.3,-396.6,2.2668,-315.4,-388.0,2.0000,167.0,471.3,0,0.0,0.0,0.0000,0.00,0.00,0.00,0.00
1.7310,1.7225,8.5,0,-300.1,-154.9,2.7995,-697.1,-474.6,-1.4474,49.3,-396.6,2.2668,-313.5,-389.5,2.0000,164.7,472.1,0,0.0,0.0,0.0000,0.00,0.00,0.00,0.00
1.7390,1.7354,3.6,0,-300.2,-154.9,2.8036,-696.4,-479.7,-1.4278,55.6,-396.5,0.9339,-311.2,-391.3,2.0000,163.9,472.4,0,0.0,0.0,0.0000,0.00,0.00,0.00,0.00
1.7473,1.7396,7.8,0,-300.0,-155.1,2.7978,-696.2,-481.4,-1.4241,57.8,-396.2,0.8725,-309.0,-393.1,2.0000,158.4,474.2,0,0.0,0.0,0.0000,0.00,0.00,0.00,0.00
1.7557,1.7481,7.6,0,-300.2,-154.4,2.7977,-695.7,-484.8,-1.4160,62.4,-395.1,0.8776,-306.5,-395.1,2.0000,155.3,475.3,0,0.0,0.0,0.0000,0.00,0.00,0.00,0.00
1.7638,1.7561,7.7,0,-300.5,-155.2,2.8035,-695.2,-487.9,-1.4085,66.7,-394.3,1.1447,-304.5,-396.6,2.0000,155.8,475.1,0,0.0,0.0,0.0000,0.00,0.00,0.00,0.00
1.7710,1.7646,6.4,0,-300.3,-155.3,2.7972,-694.6,-491.3,-1.3944,71.3,-393.3,2.2022,-302.7,-397.9,2.0000,150.6,476.8,0,0.0,0.0,0.0000,0.00,0.00,0.00,0.00
1.7798,1.7733,6.5,0,-300.2,-154.7,2.8021,-693.9,-494.7,-1.3747,75.8,-392.6,2.0002,-300.2,-399.9,2.0000,149.9,477.0,0,0.0,0.0,0.0000,0.00,0.00,0.00,0.00
1.7869,1.7813,5.6,0,-300.1,-154.9,2.7979,-693.3,-497.8,-1.3631,80.0,-392.4,1.0414,-298.4,-401.2,2.0000,145.7,478.3,0,0.0,0.0,0.0000,0.00,0.00,0.00,0.00
1.7950,1.7900,5.0,0,-300.0,-155.1,2.8007,-692.6,-501.3,-1.3552,84.4,-391.2,0.9382,-296.2,-402.8,2.0000,144.5,478.7,0,0.0,0.0,0.0000,0.00,0.00,0.00,0.00
1.8031,1.7986,4.5,0,-300.1,-154.9,2.8020,-691.9,-504.6,-1.3464,88.8,-389.7,1.0420,-293.8,-404.6,2.0000,142.3,479.3,0,0.0,0.0,0.0000,0.00,0.00,0.00,0.00
1.8114,1.8068,4.6,0,-299.6,-154.9,2.8042,-691.1,-507.8,-1.3378,92.9,-388.7,1.0417,-291.8,-406.0,2.0000,140.9,479.7,0,0.0,0.0,0.0000,0.00,0.00,0.00,0.00
1.8193,1.8156,3.7,0,-300.3,-154.7,2.7995,-690.3,-511.2,-1.3296,97.0,-387.8,0.8986,-289.2,-407.9,2.0000,135.5,481.3,0,0.0,0.0,0.0000,0.00,0.00,0.00,0.00
1.8274,1.8240,3.4,0,-299.8,-155.0,2.8018,-689.4,-514.5,-1.3199,102.1,-386.7,1.5617,-287.3,-409.2,2.0000,134.5,481.6,0,0.0,0.0,0.0000,0.00,0.00,0.00,0.00
1.8358,1.8322,3.6,0,-300.1,-154.6,2.8017,-688.6,-517.6,-1.3028,107.1,-385.6,2.3439,-284.6,-411.1,2.0000,131.3,482.5,0,0.0,0.0,0.0000,0.00,0.00,0.00,0.00
1.8437,1.8408,2.9,0,-300.5,-155.1,2.7874,-687.7,-520.9,-1.2854,110.7,-384.6,1.4616,-282.4,-412.6,2.0000,121.8,484.9,0,0.0,0.0,0.0000,0.00,0.00,0.00,0.00
1.8516,1.8492,2.4,0,-299.9,-154.6,2.8051,-686.7,-524.2,-1.2761,114.6,-383.5,0.8801,-280.2,-414.1,2.0000,127.8,483.4,0,0.0,0.0,0.0000,0.00,0.00,0.00,0.00
1.8600,1.8575,2.5,0,-300.6,-154.9,2.7951,-685.7,-527.3,-1.2684,119.1,-381.7,0.9589,-277.5,-415.9,2.0000,119.8,485.4,0,0.0,0.0,0.0000,0.00,0.00,0.00,0.00
1.8670,1.8662,0.8,0,-300.6,-155.1,2.7892,-684.7,-530.7,-1.2605,123.6,-380.1,1.0130,-275.7,-417.1,2.0000,114.8,486.6,0,0.0,0.0,0.0000,0.00,0.00,0.00,0.00
1.8750,1.8746,0.4,0,-300.3,-154.8,2.8016,-683.6,-533.9,-1.2485,127.8,-379.0,1.9917,-273.6,-418.5,2.0000,118.3,485.8,0,0.0,0.0,0.0000,0.00,0.00,0.00,0.00
1.8829,1.8828,0.1,0,-299.9,-155.0,2.7992,-682.6,-536.9,-1.2302,132.0,-377.7,2.2497,-271.5,-419.8,2.0000,114.8,486.6,0,0.0,0.0,0.0000,0.00,0.00,0.00,0.00
1.8917,1.8913,0.4,0,-300.2,-154.5,2.8007,-681.4,-540.2,-1.2154,136.6,-375.9,1.1979,-268.6,-421.7,2.0000,112.2,487.3,0,0.0,0.0,0.0000,0.00,0.00,0.00,0.00
1.9000,1.8997,0.2,0,-300.5,-155.1,2.7906,-680.2,-543.3,-1.2072,140.8,-374.4,0.8754,-266.3,-423.2,2.0000,104.6,488.9,0,0.0,0.0,0.0000,0.00,0.00,0.00,0.00
1.9070,1.8997,7.2,0,-300.5,-155.1,2.7906,-680.2,-543.3,-1.2072,140.8,-374.4,0.8754,-264.3,-424.4,2.0000,102.3,489.4,0,0.0,0.0,0.0000,0.00,0.00,0.00,0.00
1.9157,1.9082,7.4,0,-300.2,-155.0,2.8016,-679.0,-546.5,-1.1988,144.7,-373.1,1.0412,-261.8,-426.0,2.0000,104.8,488.9,0,0.0,0.0,0.0000,0.00,0.00,0.00,0.00
1.9235,1.9167,6.8,0,-300.1,-154.7,2.8025,-677.8,-549.6,-1.1900,148.7,-371.5,1.0413,-259.5,-427.4,2.0000,102.5,489.4,0,0.0,0.0,0.0000,0.00,0.00,0.00,0.00
1.9316,1.9260,5.6,0,-300.4,-155.3,2.7910,-676.4,-553.1,-1.1811,153.1,-369.6,0.8707,-257.2,-428.8,2.0000,94.3,491.0,0,0.0,0.0,0.0000,0.00,0.00,0.00,0.00
1.9393,1.9339,5.4,0,-300.2,-155.0,2.8004,-675.2,-556.0,-1.1730,157.3,-367.9,1.3136,-255.0,-430.1,2.0000,96.4,490.6,0,0.0,0.0,0.0000,0.00,0.00,0.00,0.00
1.9479,1.9425,5.4,0,-300.1,-154.6,2.8021,-673.8,-559.2,-1.1568,162.2,-365.9,2.3157,-252.4,-431.6,2.0000,94.3,491.0,0,0.0,0.0,0.0000,0.00,0.00,0.00,0.00
1.9550,1.9505,4.5,0,-300.3,-154.9,2.8028,-672.5,-562.1,-1.1391,165.9,-363.9,1.8267,-250.3,-432.9,2.0000,92.2,491.4,0,0.0,0.0,0.0000,0.00,0.00,0.00,0.00
1.9635,1.9591,4.4,0,-300.1,-154.6,2.8086,-671.0,-565.2,-1.1280,169.7,-361.6,0.9461,-247.8,-434.3,2.0000,92.2,491.4,0,0.0,0.0,0.0000,0.00,0.00,0.00,0.00
1.9711,1.9675,3.6,0,-300.3,-154.7,2.8026,-669.6,-568.2,-1.1204,173.8,-359.9,1.0103,-245.4,-435.6,2.0000,86.6,492.4,0,0.0,0.0,0.0000,0.00,0.00,0.00,0.00
1.9799,1.9761,3.7,0,-300.1,-155.1,2.8018,-668.1,-571.3,-1.1125,178.1,-358.2,0.9154,-243.0,-437.0,2.0000,83.5,493.0,0,0.0,0.0,0.0000,0.00,0.00,0.00,0.00
1.9870,1.9845,2.6,0,-300.0,-154.9,2.7983,-666.6,-574.3,-1.1025,181.7,-356.4,1.6522,-240.8,-438.2,2.0000,79.3,493.7,0,0.0,0.0,0.0000,0.00,0.00,0.00,0.00
1.9952,1.9928,2.4,0,-300.2,-155.0,2.7987,-665.1,-577.3,-1.0848,185.3,-354.7,2.3372,-238.4,-439.5,2.0000,76.7,494.1,0,0.0,0.0,0.0000,0.00,0.00,0.00,0.00
2.0031,2.0014,1.6,0,-299.9,-155.0,2.8017,-663.4,-580.3,-1.0678,190.0,-352.2,1.3883,-236.3,-440.7,2.0000,75.8,494.2,0,0.0,0.0,0.0000,0.00,0.00,0.00,0.00
2.0110,2.0098,1.2,0,-300.2,-154.6,2.8013,-661.8,-583.2,-1.0590,194.2,-349.9,0.8723,-233.5,-442.1,2.0000,72.6,494.7,0,0.0,0.0,0.0000,0.00,0.00,0.00,0.00
2.0195,2.0182,1.2,0,-300.1,-154.7,2.8026,-660.2,-586.2,-1.0509,197.5,-347.6,1.0417,-231.0,-443.4,2.0000,70.4,495.0,0,0.0,0.0,0.0000,0.00,0.00,0.00,0.00
2.0280,2.0266,1.4,0,-299.9,-154.7,2.7991,-658.5,-589.1,-1.0422,201.1,-345.4,1.0420,-228.5,-444.7,2.0000,65.9,495.6,0,0.0,0.0,0.0000,0.00,0.00,0.00,0.00
2.0353,2.0351,0.1,0,-300.1,-154.8,2.7901,-656.8,-592.0,-1.0336,205.1,-343.4,0.8978,-226.2,-445.9,2.0000,58.9,496.5,0,0.0,0.0,0.0000,0.00,0.00,0.00,0.00
2.0437,2.0425,1.2,0,-300.0,-155.0,2.7936,-655.2,-594.6,-1.0269,208.6,-341.4,1.0310,-223.8,-447.1,2.0000,57.9,496.6,0,0.0,0.0,0.0000,0.00,0.00,0.00,0.00
2.0517,2.0425,9.2,0,-300.0,-155.0,2.7936,-655.2,-594.6,-1.0269,208.6,-341.4,1.0310,-221.4,-448.3,2.0000,55.2,496.9,0,0.0,0.0,0.0000,0.00,0.00,0.00,0.00
2.0605,2.0602,0.2,0,-299.8,-154.9,2.8023,-651.5,-600.6,-0.9936,217.0,-336.1,2.1231,-218.8,-449.6,2.0000,56.7,496.8,0,0.0,0.0,0.0000,0.00,0.00,0.00,0.00
2.0677,2.0602,7.4,0,-299.8,-154.9,2.8023,-651.5,-600.6,-0.9936,217.0,-336.1,2.1231,-216.6,-450.6,2.0000,54.3,497.0,0,0.0,0.0,0.0000,0.00,0.00,0.00,0.00
2.0755,2.0690,6.6,0,-299.9,-154.8,2.8001,-649.6,-603.5,-0.9802,221.6,-333.1,1.0665,-214.1,-451.8,2.0000,50.4,497.4,0,0.0,0.0,0.0000,0.00,0.00,0.00,0.00
2.0832,2.0774,5.8,0,-300.2,-154.9,2.8002,-647.7,-606.3,-0.9724,225.1,-330.6,0.9145,-211.5,-453.0,2.0000,47.6,497.7,0,0.0,0.0,0.0000,0.00,0.00,0.00,0.00
2.0914,2.0859,5.4,0,-300.7,-155.0,2.7968,-645.7,-609.1,-0.9637,228.1,-328.3,1.0419,-208.7,-454.4,2.0000,42.8,498.2,0,0.0,0.0,0.0000,0.00,0.00,0.00,0.00
2.0990,2.0941,4.8,0,-299.9,-155.0,2.8015,-643.9,-611.8,-0.9552,231.5,-326.1,1.0419,-206.8,-455.2,2.0000,43.1,498.1,0,0.0,0.0,0.0000,0.00,0.00,0.00,0.00
2.1076,2.1029,4.6,0,-300.0,-155.0,2.7979,-641.8,-614.6,-0.9469,235.2,-324.1,0.8842,-204.1,-456.4,2.0000,38.3,498.5,0,0.0,0.0,0.0000,0.00,0.00,0.00,0.00
2.1156,2.1111,4.5,0,-300.3,-155.0,2.8041,-639.9,-617.3,-0.9379,239.0,-320.9,1.4494,-201.5,-457.6,2.0000,38.6,498.5,0,0.0,0.0,0.0000,0.00,0.00,0.00,0.00
2.1240,2.1194,4.6,0,-300.3,-155.1,2.7983,-637.9,-619.9,-0.9213,243.0,-317.6,2.3394,-198.9,-458.7,2.0000,32.9,498.9,0,0.0,0.0,0.0000,0.00,0.00,0.00,0.00
2.1319,2.1280,3.9,0,-300.0,-154.7,2.8036,-635.8,-622.6,-0.9032,246.4,-315.0,1.5596,-196.5,-459.8,2.0000,32.9,498.9,0,0.0,0.0,0.0000,0.00,0.00,0.00,0.00
2.1392,2.1369,2.3,0,-300.1,-155.0,2.7956,-633.5,-625.4,-0.8930,249.9,-312.2,0.8872,-194.1,-460.8,2.0000,26.3,499.3,0,0.0,0.0,0.0000,0.00,0.00,0.00,0.00
2.1473,2.1448,2.4,0,-300.2,-155.0,2.7989,-631.5,-627.9,-0.8857,253.2,-309.3,0.9907,-191.4,-461.9,2.0000,25.0,499.4,0,0.0,0.0,0.0000,0.00,0.00,0.00,0.00
2.1560,2.1533,2.6,0,-299.8,-154.8,2.7972,-629.4,-630.5,-0.8780,256.7,-306.3,0.9654,-188.9,-462.9,2.0000,21.5,499.5,0,0.0,0.0,0.0000,0.00,0.00,0.00,0.00
2.1632,2.1619,1.3,0,-300.3,-154.5,2.7995,-627.2,-633.1,-0.8667,260.1,-303.8,1.8865,-186.3,-464.0,2.0000,19.8,499.6,0,0.0,0.0,0.0000,0.00,0.00,0.00,0.00
2.1717,2.1702,1.5,0,-299.9,-155.0,2.8013,-625.0,-635.6,-0.8482,263.4,-301.1,2.2864,-184.1,-464.9,2.0000,18.4,499.7,0,0.0,0.0,0.0000,0.00,0.00,0.00,0.00
2.1790,2.1788,0.1,0,-299.9,-154.9,2.8014,-622.7,-638.2,-0.8326,267.1,-298.1,1.2411,-181.9,-465.8,2.0000,16.0,499.7,0,0.0,0.0,0.0000,0.00,0.00,0.00,0.00
2.1873,2.1871,0.1,0,-300.0,-154.8,2.8011,-620.5,-640.7,-0.8244,270.5,-295.0,0.8697,-179.1,-466.8,2.0000,12.9,499.8,0,0.0,0.0,0.0000,0.00,0.00,0.00,0.00
2.1954,2.1953,0.1,0,-300.2,-155.0,2.8017,-618.3,-643.1,-0.8165,273.6,-291.5,1.0420,-176.2,-467.9,2.0000,10.1,499.9,0,0.0,0.0,0.0000,0.00,0.00,0.00,0.00
2.2038,2.1953,8.5,0,-300.2,-155.0,2.8017,-618.3,-643.1,-0.8165,273.6,-291.5,1.0420,-173.6,-468.9,2.0000,7.3,499.9,0,0.0,0.0,0.0000,0.00,0.00,0.00,0.00
2.2112,2.2058,5.5,0,-300.3,-154.9,2.7972,-615.4,-646.1,-0.8056,277.5,-287.7,1.0417,-171.1,-469.8,2.0000,2.4,500.0,0,0.0,0.0,0.0000,0.00,0.00,0.00,0.00
2.2201,2.2124,7.6,0,-300.1,-155.1,2.8012,-613.5,-648.0,-0.7991,279.8,-285.8,0.8724,-168.4,-470.8,2.0000,1.6,500.0,0,0.0,0.0,0.0000,0.00,0.00,0.00,0.00
2.2276,2.2211,6.5,0,-300.3,-155.0,2.8055,-611.1,-650.5,-0.7906,283.2,-282.6,1.2363,-165.7,-471.7,2.0000,0.9,500.0,0,0.0,0.0,0.0000,0.00,0.00,0.00,0.00
2.2360,2.2293,6.6,0,-300.0,-155.1,2.7949,-608.7,-652.8,-0.7761,287.1,-279.3,2.2568,-163.4,-472.5,2.0000,-6.9,500.0,0,0.0,0.0,0.0000,0.00,0.00,0.00,0.00
2.2430,2.2392,3.8,0,-300.6,-155.1,2.7997,-605.9,-655.5,-0.7546,290.6,-275.3,1.7180,-160.9,-473.4,2.0000,-7.2,499.9,0,0.0,0.0,0.0000,0.00,0.00,0.00,0.00
2.2513,2.2469,4.4,0,-300.1,-154.7,2.8004,-603.6,-657.6,-0.7449,293.4,-271.9,0.9553,-158.3,-474.3,2.0000,-9.5,499.9,0,0.0,0.0,0.0000,0.00,0.00,0.00,0.00
2.2592,2.2546,4.6,0,-300.4,-155.1,2.7972,-601.4,-659.7,-0.7380,295.6,-269.2,0.9616,-155.5,-475.2,2.0000,-14.1,499.8,0,0.0,0.0,0.0000,0.00,0.00,0.00,0.00
2.2670,2.2636,3.3,0,-300.7,-155.2,2.7867,-598.7,-662.1,-0.7296,297.9,-266.2,0.9010,-152.9,-476.0,2.0000,-22.0,499.5,0,0.0,0.0,0.0000,0.00,0.00,0.00,0.00
2.2753,2.2741,1.3,0,-300.2,-155.1,2.7947,-595.5,-664.9,-0.7163,302.4,-261.5,1.9148,-150.6,-476.8,2.0000,-20.5,499.6,0,0.0,0.0,0.0000,0.00,0.00,0.00,0.00
2.2837,2.2804,3.4,0,-300.4,-154.4,2.8025,-593.6,-666.5,-0.7024,304.9,-258.7,2.3419,-147.5,-477.8,2.0000,-19.9,499.6,0,0.0,0.0,0.0000,0.00,0.00,0.00,0.00
2.2915,2.2887,2.8,0,-300.1,-155.1,2.8026,-591.1,-668.7,-0.6856,307.8,-255.3,1.4770,-145.2,-478.5,2.0000,-22.1,499.5,0,0.0,0.0,0.0000,0.00,0.00,0.00,0.00
2.2994,2.2971,2.3,0,-300.3,-154.8,2.8052,-588.5,-670.8,-0.6762,310.7,-251.8,0.8838,-142.6,-479.2,2.0000,-23.6,499.4,0,0.0,0.0,0.0000,0.00,0.00,0.00,0.00
2.3069,2.2971,9.8,0,-300.3,-154.8,2.8052,-588.5,-670.8,-0.6762,310.7,-251.8,0.8838,-140.3,-479.9,2.0000,-26.0,499.3,0,0.0,0.0,0.0000,0.00,0.00,0.00,0.00
2.3151,2.3077,7.4,0,-300.0,-154.9,2.7956,-585.2,-673.4,-0.6661,314.4,-248.0,1.0412,-137.7,-480.7,2.0000,-33.5,498.9,0,0.0,0.0,0.0000,0.00,0.00,0.00,0.00
2.3236,2.3223,1.3,0,-299.7,-154.6,2.8050,-580.5,-677.0,-0.6510,318.5,-241.6,0.9234,-134.9,-481.5,2.0000,-31.7,499.0,0,0.0,0.0,0.0000,0.00,0.00,0.00,0.00
2.3310,2.3298,1.2,0,-300.2,-154.9,2.7969,-578.2,-678.8,-0.6443,320.7,-238.4,0.9890,-132.3,-482.2,2.0000,-38.4,498.5,0,0.0,0.0,0.0000,0.00,0.00,0.00,0.00
2.3399,2.3298,10.1,0,-300.2,-154.9,2.7969,-578.2,-678.8,-0.6443,320.7,-238.4,0.9890,-129.4,-483.0,2.0000,-41.4,498.3,0,0.0,0.0,0.0000,0.00,0.00,0.00,0.00
2.3475,2.3409,6.6,0,-300.3,-155.1,2.7948,-574.6,-681.5,-0.6270,324.9,-234.0,2.2267,-126.8,-483.6,2.0000,-45.1,498.0,0,0.0,0.0,0.0000,0.00,0.00,0.00,0.00
2.3549,2.3482,6.7,0,-300.2,-154.9,2.7990,-572.2,-683.1,-0.6104,327.2,-230.7,2.1307,-124.5,-484.3,2.0000,-45.4,497.9,0,0.0,0.0,0.0000,0.00,0.00,0.00,0.00
2.3637,2.3560,7.7,0,-300.1,-154.9,2.7929,-569.6,-684.9,-0.5979,329.3,-226.7,1.1407,-121.5,-485.0,2.0000,-51.5,497.3,0,0.0,0.0,0.0000,0.00,0.00,0.00,0.00
2.3711,2.3646,6.5,0,-300.2,-155.0,2.8010,-566.8,-686.9,-0.5898,331.9,-222.8,0.8916,-118.9,-485.7,2.0000,-50.2,497.5,0,0.0,0.0,0.0000,0.00,0.00,0.00,0.00
2.3797,2.3744,5.3,0,-300.0,-154.7,2.8055,-563.5,-689.0,-0.5807,335.3,-218.7,0.8742,-116.3,-486.3,2.0000,-50.6,497.4,0,0.0,0.0,0.0000,0.00,0.00,0.00,0.00
2.3871,2.3814,5.7,0,-300.1,-155.1,2.7993,-561.2,-690.5,-0.5736,337.0,-215.8,1.2600,-113.8,-486.9,2.0000,-56.2,496.8,0,0.0,0.0,0.0000,0.00,0.00,0.00,0.00
2.3959,2.3901,5.8,0,-300.2,-155.0,2.8018,-558.2,-692.4,-0.5577,338.5,-212.4,2.3007,-110.9,-487.6,2.0000,-57.9,496.6,0,0.0,0.0,0.0000,0.00,0.00,0.00,0.00
2.4030,2.3985,4.5,0,-300.1,-154.9,2.8041,-555.4,-694.2,-0.5392,341.3,-208.3,1.8295,-108.6,-488.1,2.0000,-59.2,496.5,0,0.0,0.0,0.0000,0.00,0.00,0.00,0.00
2.4118,2.4072,4.6,0,-300.3,-155.1,2.7966,-552.4,-696.0,-0.5280,344.6,-203.7,0.9409,-105.6,-488.7,2.0000,-65.9,495.6,0,0.0,0.0,0.0000,0.00,0.00,0.00,0.00
2.4190,2.4153,3.7,0,-300.5,-154.9,2.8018,-549.6,-697.6,-0.5206,346.5,-200.0,0.9989,-102.9,-489.3,2.0000,-66.0,495.6,0,0.0,0.0,0.0000,0.00,0.00,0.00,0.00
2.4275,2.4242,3.3,0,-300.3,-155.2,2.7971,-546.5,-699.4,-0.5114,348.6,-196.0,1.0420,-100.2,-489.9,2.0000,-71.1,494.9,0,0.0,0.0,0.0000,0.00,0.00,0.00,0.00
2.4356,2.4321,3.6,0,-300.2,-154.8,2.8049,-543.7,-700.9,-0.5032,350.5,-192.5,1.0378,-97.4,-490.4,2.0000,-70.1,495.1,0,0.0,0.0,0.0000,0.00,0.00,0.00,0.00
2.4439,2.4410,2.8,0,-300.6,-155.4,2.7897,-540.6,-702.6,-0.4950,352.6,-188.4,0.9514,-94.5,-491.0,2.0000,-80.5,493.5,0,0.0,0.0,0.0000,0.00,0.00,0.00,0.00
2.4514,2.4410,10.4,0,-300.6,-155.4,2.7897,-540.6,-702.6,-0.4950,352.6,-188.4,0.9514,-92.2,-491.4,2.0000,-82.9,493.1,0,0.0,0.0,0.0000,0.00,0.00,0.00,0.00
2.4599,2.4575,2.3,0,-300.3,-155.1,2.7944,-534.7,-705.7,-0.4663,357.6,-180.5,2.3145,-89.4,-491.9,2.0000,-83.3,493.0,0,0.0,0.0,0.0000,0.00,0.00,0.00,0.00
2.4675,2.4661,1.4,0,-300.3,-155.0,2.7947,-531.7,-707.2,-0.4503,359.3,-176.0,1.3179,-86.7,-492.4,2.0000,-85.9,492.6,0,0.0,0.0,0.0000,0.00,0.00,0.00,0.00
2.4759,2.4746,1.3,0,-300.1,-154.9,2.8006,-528.6,-708.7,-0.4416,361.1,-171.9,0.8684,-84.1,-492.9,2.0000,-85.5,492.6,0,0.0,0.0,0.0000,0.00,0.00,0.00,0.00
2.4839,2.4826,1.3,0,-300.2,-155.0,2.7953,-525.7,-710.0,-0.4339,362.5,-168.8,1.0413,-81.3,-493.3,2.0000,-90.9,491.7,0,0.0,0.0,0.0000,0.00,0.00,0.00,0.00
2.4915,2.4914,0.1,0,-300.4,-155.2,2.7856,-522.5,-711.5,-0.4248,364.3,-164.8,1.0412,-78.6,-493.8,2.0000,-98.4,490.2,0,0.0,0.0,0.0000,0.00,0.00,0.00,0.00
2.5000,2.4998,0.2,0,-300.2,-154.7,2.8053,-519.5,-712.8,-0.4164,366.0,-160.4,0.8835,-75.7,-494.2,2.0000,-91.6,491.5,0,0.0,0.0,0.0000,0.00,0.00,0.00,0.00
2.5076,2.4998,7.8,0,-300.2,-154.7,2.8053,-519.5,-712.8,-0.4164,366.0,-160.4,0.8835,-73.2,-494.6,2.0000,-94.1,491.1,0,0.0,0.0,0.0000,0.00,0.00,0.00,0.00
2.5151,2.5083,6.9,0,-300.1,-154.6,2.7997,-516.3,-714.2,-0.4083,368.1,-156.0,1.1636,-70.8,-495.0,2.0000,-99.3,490.0,0,0.0,0.0,0.0000,0.00,0.00,0.00,0.00
2.5237,2.5169,6.8,0,-299.7,-155.0,2.8012,-513.1,-715.5,-0.3937,370.9,-151.4,2.2259,-68.3,-495.3,2.0000,-101.0,489.7,0,0.0,0.0,0.0000,0.00,0.00,0.00,0.00
2.5319,2.5253,6.6,0,-300.2,-154.8,2.8016,-510.0,-716.8,-0.3748,372.3,-147.1,2.0036,-65.1,-495.7,2.0000,-103.9,489.1,0,0.0,0.0,0.0000,0.00,0.00,0.00,0.00
2.5390,2.5335,5.6,0,-300.4,-155.1,2.8029,-507.0,-718.0,-0.3630,372.9,-143.1,1.0334,-62.6,-496.1,2.0000,-105.7,488.7,0,0.0,0.0,0.0000,0.00,0.00,0.00,0.00
2.5471,2.5423,4.8,0,-300.1,-154.9,2.8026,-503.7,-719.2,-0.3550,374.6,-139.0,0.9476,-60.2,-496.4,2.0000,-108.3,488.1,0,0.0,0.0,0.0000,0.00,0.00,0.00,0.00
2.5558,2.5546,1.2,0,-300.3,-154.6,2.7992,-499.1,-720.9,-0.3435,377.3,-133.3,1.0366,-57.0,-496.7,-2.0000,-113.1,487.0,0,0.0,0.0,0.0000,0.00,0.00,0.00,0.00
2.5633,2.5588,4.5,0,-300.5,-155.1,2.7885,-497.5,-721.4,-0.3384,378.0,-131.0,1.4167,-54.3,-497.0,-2.0000,-121.0,485.1,0,0.0,0.0,0.0000,0.00,0.00,0.00,0.00
2.5711,2.5676,3.5,0,-300.4,-154.8,2.8013,-494.1,-722.6,-0.3208,379.5,-126.4,2.3425,-51.7,-497.3,-2.0000,-117.3,486.1,0,0.0,0.0,0.0000,0.00,0.00,0.00,0.00
2.5794,2.5770,2.4,0,-300.0,-154.8,2.8015,-490.5,-723.7,-0.3017,381.3,-121.6,1.4334,-49.0,-497.6,-2.0000,-119.8,485.4,0,0.0,0.0,0.0000,0.00,0.00,0.00,0.00
2.5875,2.5842,3.4,0,-300.0,-154.8,2.7978,-487.8,-724.6,-0.2937,382.6,-117.9,0.9059,-46.4,-497.8,-2.0000,-124.1,484.3,0,0.0,0.0,0.0000,0.00,0.00,0.00,0.00
2.5948,2.5925,2.3,0,-300.1,-154.8,2.8014,-484.6,-725.6,-0.2860,383.7,-113.4,1.0416,-44.0,-498.1,-2.0000,-124.7,484.2,0,0.0,0.0,0.0000,0.00,0.00,0.00,0.00
2.6031,2.6013,1.8,0,-300.2,-154.6,2.8034,-481.2,-726.5,-0.2769,385.0,-108.7,1.0420,-41.0,-498.3,-2.0000,-126.7,483.7,0,0.0,0.0,0.0000,0.00,0.00,0.00,0.00
2.6113,2.6099,1.5,0,-299.9,-154.9,2.8033,-477.9,-727.4,-0.2681,386.0,-105.2,0.9401,-38.3,-498.5,-2.0000,-129.3,483.0,0,0.0,0.0,0.0000,0.00,0.00,0.00,0.00
2.6196,2.6183,1.2,0,-300.5,-154.9,2.8008,-474.7,-728.3,-0.2604,387.0,-101.2,1.0193,-35.1,-498.8,-2.0000,-133.6,481.8,0,0.0,0.0,0.0000,0.00,0.00,0.00,0.00
2.6276,2.6263,1.3,0,-300.0,-155.0,2.8032,-471.6,-729.1,-0.2492,387.9,-96.1,1.9452,-32.8,-498.9,-2.0000,-134.7,481.5,0,0.0,0.0,0.0000,0.00,0.00,0.00,0.00
2.6352,2.6351,0.1,0,-300.0,-154.9,2.7990,-468.1,-729.9,-0.2294,389.0,-91.2,2.2244,-30.1,-499.1,-2.0000,-139.3,480.2,0,0.0,0.0,0.0000,0.00,0.00,0.00,0.00
2.6431,2.6351,8.0,0,-300.0,-154.9,2.7990,-468.1,-729.9,-0.2294,389.0,-91.2,2.2244,-27.3,-499.3,-2.0000,-142.0,479.4,0,0.0,0.0,0.0000,0.00,0.00,0.00,0.00
2.6509,2.6435,7.5,0,-300.1,-155.1,2.7958,-464.9,-730.7,-0.2152,390.1,-87.4,1.1838,-24.7,-499.4,-2.0000,-146.1,478.2,0,0.0,0.0,0.0000,0.00,0.00,0.00,0.00
2.6593,2.6517,7.6,0,-300.1,-155.2,2.8000,-461.7,-731.4,-0.2073,391.2,-83.2,0.8738,-21.9,-499.5,-2.0000,-146.6,478.0,0,0.0,0.0,0.0000,0.00,0.00,0.00,0.00
2.6670,2.6623,4.7,0,-300.1,-154.9,2.8007,-457.5,-732.2,-0.1975,393.0,-77.4,0.8741,-19.3,-499.6,-2.0000,-148.9,477.3,0,0.0,0.0,0.0000,0.00,0.00,0.00,0.00
2.6753,2.6689,6.3,0,-300.0,-154.8,2.8014,-454.9,-732.7,-0.1908,393.4,-74.1,1.2223,-16.5,-499.7,-2.0000,-151.2,476.6,0,0.0,0.0,0.0000,0.00,0.00,0.00,0.00
2.6831,2.6778,5.3,0,-300.4,-155.2,2.7907,-451.4,-733.4,-0.1750,393.4,-70.3,2.2844,-13.5,-499.8,-2.0000,-159.1,474.0,0,0.0,0.0,0.0000,0.00,0.00,0.00,0.00
2.6918,2.6853,6.5,0,-300.1,-155.1,2.7971,-448.5,-733.9,-0.1580,394.2,-65.9,1.9951,-10.7,-499.9,-2.0000,-158.7,474.1,0,0.0,0.0,0.0000,0.00,0.00,0.00,0.00
2.6996,2.6940,5.6,0,-300.2,-154.9,2.7957,-445.0,-734.4,-0.1458,395.8,-59.9,1.0022,-8.1,-499.9,-2.0000,-161.9,473.1,0,0.0,0.0,0.0000,0.00,0.00,0.00,0.00
2.7077,2.7028,4.9,0,-300.3,-155.0,2.7974,-441.6,-734.9,-0.1378,396.2,-55.6,0.9707,-5.3,-500.0,-2.0000,-163.7,472.4,0,0.0,0.0,0.0000,0.00,0.00,0.00,0.00
2.7153,2.7110,4.3,0,-299.7,-154.8,2.8026,-438.3,-735.4,-0.1293,396.4,-51.9,1.0411,-3.2,-500.0,-2.0000,-163.3,472.6,0,0.0,0.0,0.0000,0.00,0.00,0.00,0.00
2.7235,2.7195,3.9,0,-300.3,-154.9,2.8056,-434.9,-735.8,-0.1204,397.2,-47.5,1.0415,0.2,-500.0,-2.0000,-165.0,472.0,0,0.0,0.0,0.0000,0.00,0.00,0.00,0.00
2.7320,2.7283,3.8,0,-300.1,-155.3,2.7946,-431.4,-736.2,-0.1124,398.2,-43.2,0.9212,3.0,-500.0,-2.0000,-172.9,469.2,0,0.0,0.0,0.0000,0.00,0.00,0.00,0.00
2.7391,2.7367,2.4,0,-300.7,-155.2,2.7920,-428.1,-736.5,-0.1021,398.2,-38.7,1.6933,6.1,-500.0,-2.0000,-177.0,467.6,0,0.0,0.0,0.0000,0.00,0.00,0.00,0.00
2.7472,2.7448,2.4,0,-300.0,-155.0,2.7985,-424.9,-736.8,-0.0848,398.3,-34.5,2.3363,8.2,-499.9,-2.0000,-175.9,468.0,0,0.0,0.0,0.0000,0.00,0.00,0.00,0.00
2.7550,2.7535,1.5,0,-300.0,-154.7,2.8076,-421.4,-737.1,-0.0677,398.8,-28.8,1.3802,10.8,-499.9,-2.0000,-174.1,468.7,0,0.0,0.0,0.0000,0.00,0.00,0.00,0.00
2.7632,2.7619,1.2,0,-300.4,-154.9,2.7969,-418.0,-737.3,-0.0588,399.2,-23.8,0.8715,13.9,-499.8,-2.0000,-182.0,465.7,0,0.0,0.0,0.0000,0.00,0.00,0.00,0.00
2.7714,2.7702,1.2,0,-300.3,-154.8,2.8038,-414.7,-737.5,-0.0512,399.5,-20.8,0.9299,16.5,-499.7,-2.0000,-181.2,466.0,0,0.0,0.0,0.0000,0.00,0.00,0.00,0.00
2.7801,2.7787,1.4,0,-299.9,-154.9,2.7984,-411.3,-737.7,-0.0433,399.7,-16.8,1.0445,19.3,-499.6,-2.0000,-186.3,464.0,0,0.0,0.0,0.0000,0.00,0.00,0.00,0.00
2.7872,2.7787,8.5,0,-299.9,-154.9,2.7984,-411.3,-737.7,-0.0433,399.7,-16.8,1.0445,21.7,-499.5,-2.0000,-188.5,463.1,0,0.0,0.0,0.0000,0.00,0.00,0.00,0.00
2.7954,2.7953,0.1,0,-300.2,-155.0,2.7973,-404.7,-737.9,-0.0125,399.6,-6.8,2.2144,24.8,-499.4,-2.0000,-191.9,461.7,0,0.0,0.0,0.0000,0.00,0.00,0.00,0.00
2.8033,2.7953,8.0,0,-300.2,-155.0,2.7973,-404.7,-737.9,-0.0125,399.6,-6.8,2.2144,27.6,-499.2,-2.0000,-194.5,460.6,0,0.0,0.0,0.0000,0.00,0.00,0.00,0.00
2.8111,2.8043,6.8,0,-300.4,-155.0,2.7946,-401.1,-737.9,0.0025,399.8,-2.1,1.1113,30.3,-499.1,-2.0000,-198.2,459.0,0,0.0,0.0,0.0000,0.00,0.00,0.00,0.00
2.8191,2.8126,6.5,0,-300.1,-155.4,2.7994,-397.8,-737.9,0.0102,400.0,2.2,0.8910,32.6,-498.9,-2.0000,-198.2,459.1,0,0.0,0.0,0.0000,0.00,0.00,0.00,0.00
2.8273,2.8206,6.6,0,-300.0,-154.6,2.7979,-394.6,-737.9,0.0182,400.3,6.6,1.0418,35.4,-498.7,-2.0000,-201.4,457.6,0,0.0,0.0,0.0000,0.00,0.00,0.00,0.00
2.8356,2.8295,6.1,0,-300.0,-154.9,2.8023,-391.0,-737.8,0.0274,400.1,11.1,1.0420,38.4,-498.5,-2.0000,-202.1,457.3,0,0.0,0.0,0.0000,0.00,0.00,0.00,0.00
2.8435,2.8381,5.4,0,-300.2,-154.9,2.8033,-387.6,-737.7,0.0357,399.8,15.3,0.8718,41.2,-498.3,-2.0000,-204.2,456.4,0,0.0,0.0,0.0000,0.00,0.00,0.00,0.00
2.8510,2.8461,4.9,0,-300.2,-154.7,2.8009,-384.4,-737.5,0.0440,399.4,19.7,1.3348,43.8,-498.1,-2.0000,-207.7,454.8,0,0.0,0.0,0.0000,0.00,0.00,0.00,0.00
2.8594,2.8547,4.6,0,-300.1,-154.7,2.8024,-380.9,-737.4,0.0605,398.8,24.6,2.3243,46.5,-497.8,-2.0000,-209.5,454.0,0,0.0,0.0,0.0000,0.00,0.00,0.00,0.00
2.8674,2.8620,5.5,0,-300.3,-154.8,2.7991,-378.1,-737.2,0.0765,398.7,28.6,1.9111,49.5,-497.5,-2.0000,-213.7,452.0,0,0.0,0.0,0.0000,0.00,0.00,0.00,0.00
2.8750,2.8716,3.4,0,-300.6,-155.0,2.8027,-374.2,-736.9,0.0891,398.6,33.9,0.9252,52.3,-497.3,-2.0000,-214.6,451.6,0,0.0,0.0,0.0000,0.00,0.00,0.00,0.00
2.8830,2.8803,2.8,0,-300.3,-154.8,2.7977,-370.8,-736.6,0.0970,398.4,38.2,1.0415,54.8,-497.0,-2.0000,-219.1,449.4,0,0.0,0.0,0.0000,0.00,0.00,0.00,0.00
2.8918,2.8884,3.4,0,-300.5,-155.1,2.7961,-367.5,-736.2,0.1055,398.2,42.3,1.0411,57.9,-496.6,-2.0000,-222.7,447.7,0,0.0,0.0,0.0000,0.00,0.00,0.00,0.00
2.8998,2.8969,2.9,0,-300.1,-154.6,2.8050,-364.1,-735.8,0.1143,397.2,46.9,0.9872,60.1,-496.4,-2.0000,-220.7,448.7,0,0.0,0.0,0.0000,0.00,0.00,0.00,0.00
2.9074,2.9060,1.5,0,-299.9,-155.0,2.8032,-360.5,-735.4,0.1225,396.2,51.7,0.9988,62.7,-496.1,-2.0000,-223.8,447.1,0,0.0,0.0,0.0000,0.00,0.00,0.00,0.00
2.9149,2.9145,0.4,0,-300.5,-155.0,2.7980,-357.2,-734.9,0.1345,396.0,56.6,1.9704,65.7,-495.7,-2.0000,-228.9,444.5,0,0.0,0.0,0.0000,0.00,0.00,0.00,0.00
2.9237,2.9224,1.2,0,-300.7,-155.1,2.7992,-354.0,-734.5,0.1524,395.5,60.9,2.2708,69.0,-495.2,-2.0000,-231.3,443.3,0,0.0,0.0,0.0000,0.00,0.00,0.00,0.00
2.9316,2.9311,0.5,0,-300.6,-155.1,2.7905,-350.6,-733.9,0.1677,394.8,64.8,1.2184,71.7,-494.8,-2.0000,-237.5,440.0,0,0.0,0.0,0.0000,0.00,0.00,0.00,0.00
2.9397,2.9395,0.2,0,-300.5,-154.9,2.8044,-347.3,-733.4,0.1758,394.1,69.0,0.8724,74.2,-494.5,-2.0000,-233.6,442.1,0,0.0,0.0,0.0000,0.00,0.00,0.00,0.00
2.9469,2.9395,7.4,0,-300.5,-154.9,2.8044,-347.3,-733.4,0.1758,394.1,69.0,0.8724,76.6,-494.1,-2.0000,-235.8,440.9,0,0.0,0.0,0.0000,0.00,0.00,0.00,0.00
2.9559,2.9475,8.4,0,-299.9,-154.9,2.8019,-344.2,-732.8,0.1834,393.2,73.4,0.8889,79.1,-493.7,-2.0000,-239.1,439.1,0,0.0,0.0,0.0000,0.00,0.00,0.00,0.00
2.9632,2.9561,7.0,0,-300.1,-154.6,2.8011,-340.7,-732.1,0.1915,392.3,78.0,1.1499,81.7,-493.3,-2.0000,-241.7,437.7,0,0.0,0.0,0.0000,0.00,0.00,0.00,0.00
2.9715,2.9642,7.3,0,-300.5,-155.2,2.7974,-337.6,-731.5,0.2047,391.5,82.3,2.1663,85.0,-492.7,-2.0000,-246.3,435.1,0,0.0,0.0,0.0000,0.00,0.00,0.00,0.00
2.9793,2.9737,5.6,0,-300.1,-154.9,2.8031,-333.9,-730.7,0.2259,390.3,87.4,1.9514,87.3,-492.3,-2.0000,-245.9,435.4,0,0.0,0.0,0.0000,0.00,0.00,0.00,0.00
2.9870,2.9814,5.6,0,-300.2,-155.0,2.7976,-330.9,-730.0,0.2370,389.1,91.8,1.0349,90.1,-491.8,-2.0000,-250.6,432.6,0,0.0,0.0,0.0000,0.00,0.00,0.00,0.00
2.9955,2.9900,5.5,0,-300.2,-154.8,2.8028,-327.5,-729.2,0.2448,388.1,96.1,0.9360,92.9,-491.3,-2.0000,-250.9,432.5,0,0.0,0.0,0.0000,0.00,0.00,0.00,0.00
3.0031,2.9981,4.9,0,-300.5,-154.7,2.8059,-324.4,-728.4,0.2531,387.2,100.1,1.0420,95.7,-490.8,-2.0000,-252.0,431.9,0,0.0,0.0,0.0000,0.00,0.00,0.00,0.00
3.0111,3.0075,3.6,0,-300.2,-154.7,2.7999,-320.7,-727.4,0.2629,386.1,104.7,1.0416,98.0,-490.3,-2.0000,-256.6,429.1,0,0.0,0.0,0.0000,0.00,0.00,0.00,0.00
3.0197,3.0152,4.5,0,-300.5,-154.9,2.7978,-317.8,-726.6,0.2700,385.3,108.4,0.8898,101.3,-489.6,-2.0000,-260.4,426.8,0,0.0,0.0,0.0000,0.00,0.00,0.00,0.00
3.0271,3.0236,3.6,0,-300.2,-154.9,2.8009,-314.6,-725.7,0.2794,383.8,113.1,1.5098,103.6,-489.2,-2.0000,-261.1,426.4,0,0.0,0.0,0.0000,0.00,0.00,0.00,0.00
3.0360,3.0322,3.8,0,-300.3,-155.2,2.7970,-311.3,-724.7,0.2971,382.2,118.1,2.3441,106.6,-488.5,-2.0000,-265.4,423.8,0,0.0,0.0,0.0000,0.00,0.00,0.00,0.00
3.0430,3.0425,0.5,0,-300.2,-155.0,2.8005,-307.3,-723.4,0.3169,380.5,122.8,1.2746,108.7,-488.0,-2.0000,-265.7,423.5,0,0.0,0.0,0.0000,0.00,0.00,0.00,0.00
3.0510,3.0487,2.3,0,-300.4,-154.4,2.8043,-305.0,-722.7,0.3234,379.5,125.7,0.8903,111.5,-487.4,-2.0000,-266.5,423.0,0,0.0,0.0,0.0000,0.00,0.00,0.00,0.00
3.0594,3.0574,2.0,0,-300.0,-154.8,2.7988,-301.7,-721.6,0.3315,378.2,130.2,0.9623,114.1,-486.8,-2.0000,-271.1,420.1,0,0.0,0.0,0.0000,0.00,0.00,0.00,0.00
3.0674,3.0659,1.5,0,-300.2,-154.9,2.7971,-298.5,-720.4,0.3392,376.9,134.6,0.9970,117.0,-486.1,-2.0000,-274.3,418.1,0,0.0,0.0,0.0000,0.00,0.00,0.00,0.00
3.0750,3.0659,9.1,0,-300.2,-154.9,2.7971,-298.5,-720.4,0.3392,376.9,134.6,0.9970,119.5,-485.5,-2.0000,-276.5,416.6,0,0.0,0.0,0.0000,0.00,0.00,0.00,0.00
3.0839,3.0827,1.2,0,-300.1,-155.4,2.7957,-292.2,-718.1,0.3696,374.0,142.4,2.2547,122.5,-484.8,-2.0000,-279.6,414.5,0,0.0,0.0,0.0000,0.00,0.00,0.00,0.00
3.0918,3.0827,9.1,0,-300.1,-155.4,2.7957,-292.2,-718.1,0.3696,374.0,142.4,2.2547,125.1,-484.1,-2.0000,-281.9,413.0,0,0.0,0.0,0.0000,0.00,0.00,0.00,0.00
3.0997,3.0996,0.1,0,-299.9,-155.2,2.7956,-285.9,-715.6,0.3926,370.1,151.5,0.8731,127.6,-483.4,-2.0000,-284.0,411.5,0,0.0,0.0,0.0000,0.00,0.00,0.00,0.00
3.1078,3.0996,8.2,0,-299.9,-155.2,2.7956,-285.9,-715.6,0.3926,370.1,151.5,0.8731,130.4,-482.7,-2.0000,-286.4,409.9,0,0.0,0.0,0.0000,0.00,0.00,0.00,0.00
3.1150,3.1096,5.4,0,-300.3,-155.1,2.7985,-282.2,-714.1,0.4026,368.4,157.1,1.0411,133.0,-482.0,-2.0000,-287.4,409.2,0,0.0,0.0,0.0000,0.00,0.00,0.00,0.00
3.1234,3.1166,6.7,0,-300.0,-155.0,2.8015,-279.6,-713.0,0.4099,366.9,160.2,1.0413,135.3,-481.3,-2.0000,-288.1,408.6,0,0.0,0.0,0.0000,0.00,0.00,0.00,0.00
3.1319,3.1251,6.8,0,-300.3,-154.9,2.8002,-276.5,-711.6,0.4181,364.8,163.1,0.8687,138.6,-480.4,-2.0000,-291.4,406.3,0,0.0,0.0,0.0000,0.00,0.00,0.00,0.00
3.1390,3.1336,5.5,0,-300.0,-154.8,2.7957,-273.4,-710.2,0.4266,362.9,167.3,1.2808,140.8,-479.8,-2.0000,-295.1,403.6,0,0.0,0.0,0.0000,0.00,0.00,0.00,0.00
3.1476,3.1430,4.6,0,-299.8,-154.8,2.8040,-270.0,-708.6,0.4444,360.8,172.7,2.3315,143.3,-479.0,-2.0000,-293.8,404.5,0,0.0,0.0,0.0000,0.00,0.00,0.00,0.00
3.1554,3.1505,4.9,0,-300.4,-155.2,2.7912,-267.3,-707.3,0.4609,359.0,176.4,1.8222,146.4,-478.1,-2.0000,-301.6,398.8,0,0.0,0.0,0.0000,0.00,0.00,0.00,0.00
3.1633,3.1589,4.4,0,-300.3,-155.2,2.7967,-264.3,-705.8,0.4717,356.9,180.8,0.9564,149.1,-477.3,-2.0000,-301.6,398.8,0,0.0,0.0,0.0000,0.00,0.00,0.00,0.00
3.1711,3.1674,3.7,0,-300.5,-154.9,2.8010,-261.3,-704.2,0.4794,355.0,184.2,1.0024,151.8,-476.4,-2.0000,-302.2,398.3,0,0.0,0.0,0.0000,0.00,0.00,0.00,0.00
3.1794,3.1766,2.7,0,-300.1,-155.0,2.7995,-258.0,-702.5,0.4879,352.9,187.8,0.9348,154.1,-475.7,-2.0000,-304.7,396.4,0,0.0,0.0,0.0000,0.00,0.00,0.00,0.00
3.1868,3.1844,2.4,0,-300.5,-155.1,2.7998,-255.3,-701.0,0.4974,351.1,191.9,1.6394,156.9,-474.7,-2.0000,-307.0,394.7,0,0.0,0.0,0.0000,0.00,0.00,0.00,0.00
3.1949,3.1925,2.4,0,-300.4,-155.1,2.7904,-252.4,-699.5,0.5146,349.2,195.9,2.3402,159.5,-473.9,-2.0000,-312.8,390.1,0,0.0,0.0,0.0000,0.00,0.00,0.00,0.00
3.2031,3.2012,1.9,0,-300.3,-155.0,2.8011,-249.4,-697.7,0.5319,346.1,200.2,1.4125,162.1,-473.0,-2.0000,-310.7,391.7,0,0.0,0.0,0.0000,0.00,0.00,0.00,0.00
3.2112,3.2099,1.2,0,-300.3,-154.8,2.7996,-246.4,-696.0,0.5411,343.3,204.4,0.8716,164.7,-472.1,-2.0000,-313.5,389.5,0,0.0,0.0,0.0000,0.00,0.00,0.00,0.00
3.2190,3.2177,1.3,0,-300.2,-154.9,2.7973,-243.7,-694.4,0.5485,342.0,207.9,1.0414,167.1,-471.2,-2.0000,-316.4,387.2,0,0.0,0.0,0.0000,0.00,0.00,0.00,0.00
3.2278,3.2264,1.4,0,-299.9,-155.3,2.7955,-240.8,-692.6,0.5576,340.0,211.7,1.0411,169.8,-470.3,-2.0000,-319.3,384.8,0,0.0,0.0,0.0000,0.00,0.00,0.00,0.00
3.2352,3.2349,0.3,0,-300.2,-155.0,2.7936,-237.9,-690.7,0.5662,337.0,214.7,0.9037,172.3,-469.4,-2.0000,-322.0,382.5,0,0.0,0.0,0.0000,0.00,0.00,0.00,0.00
3.2433,3.2432,0.1,0,-300.4,-155.2,2.8005,-235.1,-688.9,0.5738,334.5,218.3,1.0797,175.2,-468.3,-2.0000,-321.8,382.7,0,0.0,0.0,0.0000,0.00,0.00,0.00,0.00
3.2512,3.2432,8.0,0,-300.4,-155.2,2.8005,-235.1,-688.9,0.5738,334.5,218.3,1.0797,177.8,-467.3,-2.0000,-323.9,380.9,0,0.0,0.0,0.0000,0.00,0.00,0.00,0.00
3.2596,3.2528,6.8,0,-300.4,-154.9,2.8010,-231.9,-686.8,0.5893,332.1,223.8,2.2184,180.5,-466.3,-2.0000,-325.9,379.2,0,0.0,0.0,0.0000,0.00,0.00,0.00,0.00
3.2678,3.2602,7.6,0,-300.5,-154.8,2.8042,-229.5,-685.2,0.6062,329.8,227.1,2.1290,183.2,-465.2,-2.0000,-326.9,378.4,0,0.0,0.0,0.0000,0.00,0.00,0.00,0.00
3.2760,3.2713,4.8,0,-300.4,-155.1,2.7860,-225.8,-682.6,0.6221,326.2,231.2,0.9386,185.8,-464.2,-2.0000,-335.8,370.4,0,0.0,0.0,0.0000,0.00,0.00,0.00,0.00
3.2834,3.2774,6.0,0,-300.1,-154.8,2.7977,-223.8,-681.2,0.6276,324.4,233.9,0.9147,188.0,-463.3,-2.0000,-333.2,372.8,0,0.0,0.0,0.0000,0.00,0.00,0.00,0.00
3.2917,3.2863,5.4,0,-299.9,-154.8,2.8020,-221.0,-679.1,0.6366,321.7,237.9,1.0411,190.2,-462.4,-2.0000,-333.3,372.7,0,0.0,0.0,0.0000,0.00,0.00,0.00,0.00
3.2998,3.2938,6.0,0,-300.2,-154.9,2.8041,-218.6,-677.3,0.6444,319.4,240.9,1.0413,192.9,-461.3,-2.0000,-334.8,371.4,0,0.0,0.0,0.0000,0.00,0.00,0.00,0.00
3.3071,3.3026,4.5,0,-300.3,-155.2,2.7978,-215.8,-675.2,0.6528,316.7,244.2,0.8783,195.7,-460.1,-2.0000,-339.3,367.2,0,0.0,0.0,0.0000,0.00,0.00,0.00,0.00
3.3158,3.3112,4.6,0,-300.3,-154.9,2.7990,-213.0,-673.0,0.6622,313.5,248.3,1.4648,198.6,-458.9,-2.0000,-341.2,365.5,0,0.0,0.0,0.0000,0.00,0.00,0.00,0.00
3.3239,3.3193,4.6,0,-300.2,-154.6,2.8061,-210.5,-671.0,0.6783,310.3,252.2,2.3368,200.9,-457.9,-2.0000,-340.4,366.2,0,0.0,0.0,0.0000,0.00,0.00,0.00,0.00
3.3316,3.3279,3.7,0,-300.2,-155.0,2.7991,-207.9,-668.9,0.6965,307.6,255.5,1.5892,203.4,-456.8,-2.0000,-345.0,361.9,0,0.0,0.0,0.0000,0.00,0.00,0.00,0.00
3.3396,3.3362,3.3,0,-300.1,-154.8,2.8042,-205.3,-666.7,0.7063,305.1,258.8,0.9046,205.8,-455.7,-2.0000,-345.0,361.9,0,0.0,0.0,0.0000,0.00,0.00,0.00,0.00
3.3469,3.3443,2.6,0,-300.0,-154.7,2.8003,-202.8,-664.6,0.7137,302.1,262.2,1.0196,208.0,-454.7,-2.0000,-348.2,358.9,0,0.0,0.0,0.0000,0.00,0.00,0.00,0.00
3.3559,3.3532,2.6,0,-300.2,-155.0,2.7959,-200.2,-662.2,0.7218,299.0,265.9,0.9588,211.0,-453.3,-2.0000,-352.2,355.0,0,0.0,0.0,0.0000,0.00,0.00,0.00,0.00
3.3632,3.3618,1.3,0,-300.0,-154.9,2.7964,-197.6,-659.9,0.7332,296.4,268.9,1.8819,213.1,-452.3,-2.0000,-353.6,353.5,0,0.0,0.0,0.0000,0.00,0.00,0.00,0.00
3.3715,3.3618,9.6,0,-300.0,-154.9,2.7964,-197.6,-659.9,0.7332,296.4,268.9,1.8819,215.8,-451.0,-2.0000,-355.7,351.4,0,0.0,0.0,0.0000,0.00,0.00,0.00,0.00
3.3792,3.3790,0.2,0,-300.7,-155.0,2.8012,-192.6,-655.3,0.7676,289.1,275.6,1.2221,219.0,-449.5,-2.0000,-356.5,350.6,0,0.0,0.0,0.0000,0.00,0.00,0.00,0.00
3.3871,3.3870,0.1,0,-300.0,-154.8,2.8018,-190.3,-653.1,0.7754,285.9,278.8,0.8681,220.6,-448.7,-2.0000,-357.5,349.5,0,0.0,0.0,0.0000,0.00,0.00,0.00,0.00
3.3954,3.3952,0.2,0,-300.8,-155.0,2.7915,-188.0,-650.8,0.7833,283.8,282.2,1.0418,223.9,-447.0,-2.0000,-363.7,343.1,0,0.0,0.0,0.0000,0.00,0.00,0.00,0.00
3.4034,3.3952,8.2,0,-300.8,-155.0,2.7915,-188.0,-650.8,0.7833,283.8,282.2,1.0418,226.4,-445.8,-2.0000,-365.6,341.1,0,0.0,0.0,0.0000,0.00,0.00,0.00,0.00
3.4114,3.4037,7.7,0,-299.9,-155.2,2.7970,-185.6,-648.3,0.7922,280.9,285.4,1.0420,228.1,-444.9,-2.0000,-365.0,341.7,0,0.0,0.0,0.0000,0.00,0.00,0.00,0.00
3.4197,3.4122,7.5,0,-300.4,-155.1,2.7990,-183.2,-645.9,0.8007,277.6,288.0,0.8760,231.2,-443.3,-2.0000,-366.7,339.9,0,0.0,0.0,0.0000,0.00,0.00,0.00,0.00
3.4272,3.4206,6.6,0,-300.2,-154.6,2.8032,-180.9,-643.5,0.8087,274.3,291.1,1.1880,233.2,-442.3,-2.0000,-366.8,339.8,0,0.0,0.0,0.0000,0.00,0.00,0.00,0.00
3.4361,3.4293,6.7,0,-300.4,-155.0,2.8011,-178.5,-640.9,0.8238,270.8,294.7,2.2553,236.3,-440.6,-2.0000,-369.9,336.4,0,0.0,0.0,0.0000,0.00,0.00,0.00,0.00
3.4434,3.4380,5.4,0,-299.9,-154.8,2.8029,-176.2,-638.3,0.8432,267.2,297.8,1.9087,238.2,-439.6,-2.0000,-370.8,335.5,0,0.0,0.0,0.0000,0.00,0.00,0.00,0.00
3.4511,3.4462,5.0,0,-300.0,-154.7,2.8027,-174.0,-635.9,0.8543,263.7,300.7,0.9920,240.5,-438.4,-2.0000,-372.5,333.5,0,0.0,0.0,0.0000,0.00,0.00,0.00,0.00
3.4598,3.4548,5.0,0,-300.7,-154.5,2.8010,-171.7,-633.3,0.8622,260.4,303.6,0.9727,243.6,-436.7,-2.0000,-375.4,330.2,0,0.0,0.0,0.0000,0.00,0.00,0.00,0.00
3.4675,3.4632,4.3,0,-300.1,-154.7,2.8007,-169.5,-630.7,0.8700,257.4,306.5,0.8900,245.3,-435.7,-2.0000,-376.9,328.6,0,0.0,0.0,0.0000,0.00,0.00,0.00,0.00
3.4750,3.4714,3.6,0,-300.4,-154.9,2.7982,-167.5,-628.2,0.8791,253.9,309.0,1.4814,247.9,-434.2,-2.0000,-379.6,325.4,0,0.0,0.0,0.0000,0.00,0.00,0.00,0.00
3.4840,3.4714,12.6,0,-300.4,-154.9,2.7982,-167.5,-628.2,0.8791,253.9,309.0,1.4814,250.8,-432.6,-2.0000,-381.8,322.8,0,0.0,0.0,0.0000,0.00,0.00,0.00,0.00
3.4913,3.4879,3.3,0,-300.1,-154.7,2.8043,-163.3,-623.0,0.9133,246.5,314.6,1.5762,252.7,-431.4,-2.0000,-381.2,323.5,0,0.0,0.0,0.0000,0.00,0.00,0.00,0.00
3.4989,3.4965,2.4,0,-300.4,-154.9,2.8008,-161.2,-620.3,0.9232,242.6,317.9,0.8960,255.5,-429.8,-2.0000,-384.5,319.7,0,0.0,0.0,0.0000,0.00,0.00,0.00,0.00
3.5072,3.5057,1.5,0,-299.7,-154.5,2.7990,-159.0,-617.4,0.9318,239.1,320.5,1.0419,257.4,-428.6,-2.0000,-386.4,317.3,0,0.0,0.0,0.0000,0.00,0.00,0.00,0.00
3.5150,3.5138,1.2,0,-299.9,-154.8,2.8027,-157.1,-614.8,0.9403,235.9,323.0,1.0419,259.7,-427.2,-2.0000,-387.0,316.6,0,0.0,0.0,0.0000,0.00,0.00,0.00,0.00
3.5232,3.5220,1.2,0,-299.9,-154.8,2.7977,-155.1,-612.1,0.9487,232.9,325.4,0.9351,261.9,-425.9,-2.0000,-390.2,312.6,0,0.0,0.0,0.0000,0.00,0.00,0.00,0.00
3.5321,3.5306,1.4,0,-300.1,-154.9,2.7942,-153.2,-609.3,0.9566,229.4,328.1,1.0401,265.0,-424.0,-2.0000,-393.5,308.4,0,0.0,0.0,0.0000,0.00,0.00,0.00,0.00
3.5392,3.5306,8.6,0,-300.1,-154.9,2.7942,-153.2,-609.3,0.9566,229.4,328.1,1.0401,267.3,-422.6,-2.0000,-395.2,306.4,0,0.0,0.0,0.0000,0.00,0.00,0.00,0.00
3.5476,3.5475,0.1,0,-300.5,-155.2,2.7983,-149.4,-603.7,0.9880,220.7,333.8,2.1981,270.2,-420.7,-2.0000,-396.0,305.2,0,0.0,0.0,0.0000,0.00,0.00,0.00,0.00
3.5559,3.5558,0.1,0,-300.3,-154.9,2.8016,-147.5,-600.9,1.0019,216.9,335.4,1.1528,272.3,-419.3,-2.0000,-396.6,304.5,0,0.0,0.0,0.0000,0.00,0.00,0.00,0.00
3.5637,3.5558,7.9,0,-300.3,-154.9,2.8016,-147.5,-600.9,1.0019,216.9,335.4,1.1528,274.6,-417.8,-2.0000,-398.2,302.4,0,0.0,0.0,0.0000,0.00,0.00,0.00,0.00
3.5719,3.5643,7.6,0,-300.2,-154.9,2.8006,-145.7,-598.1,1.0099,213.2,337.8,0.8853,276.8,-416.4,-2.0000,-400.1,299.8,0,0.0,0.0,0.0000,0.00,0.00,0.00,0.00
3.5791,3.5727,6.4,0,-300.6,-155.4,2.7970,-143.9,-595.2,1.0178,209.6,340.7,0.8705,279.7,-414.5,-2.0000,-403.3,295.6,0,0.0,0.0,0.0000,0.00,0.00,0.00,0.00
3.5869,3.5813,5.6,0,-300.3,-154.4,2.8014,-142.2,-592.3,1.0263,206.1,343.1,1.2553,281.2,-413.4,-2.0000,-403.0,295.9,0,0.0,0.0,0.0000,0.00,0.00,0.00,0.00
3.5953,3.5899,5.5,0,-300.1,-154.9,2.8034,-140.4,-589.4,1.0417,203.1,345.3,2.2871,283.7,-411.7,-2.0000,-404.3,294.2,0,0.0,0.0,0.0000,0.00,0.00,0.00,0.00
3.6038,3.5982,5.6,0,-300.3,-155.3,2.7953,-138.7,-586.5,1.0603,198.5,347.6,1.8686,286.6,-409.7,-2.0000,-408.6,288.1,0,0.0,0.0,0.0000,0.00,0.00,0.00,0.00
3.6115,3.6069,4.6,0,-300.3,-154.9,2.7989,-137.0,-583.4,1.0717,193.0,350.2,0.9548,288.6,-408.3,-2.0000,-409.0,287.6,0,0.0,0.0,0.0000,0.00,0.00,0.00,0.00
3.6198,3.6153,4.5,0,-300.2,-155.0,2.7920,-135.4,-580.5,1.0793,189.7,352.1,0.9963,291.1,-406.5,-2.0000,-412.7,282.2,0,0.0,0.0,0.0000,0.00,0.00,0.00,0.00
3.6280,3.6236,4.4,0,-300.1,-154.7,2.8032,-133.9,-577.6,1.0879,186.5,353.9,1.0411,292.9,-405.2,-2.0000,-410.8,285.0,0,0.0,0.0,0.0000,0.00,0.00,0.00,0.00
3.6350,3.6321,2.9,0,-300.4,-154.6,2.7990,-132.3,-574.5,1.0968,182.1,356.1,1.0356,295.1,-403.6,-2.0000,-413.5,281.0,0,0.0,0.0,0.0000,0.00,0.00,0.00,0.00
3.6430,3.6406,2.4,0,-300.4,-154.7,2.8009,-130.8,-571.5,1.1046,177.9,358.3,0.9339,297.5,-401.8,-2.0000,-414.7,279.3,0,0.0,0.0,0.0000,0.00,0.00,0.00,0.00
3.6510,3.6487,2.3,0,-300.3,-155.0,2.8005,-129.3,-568.6,1.1145,174.2,359.8,1.6940,299.9,-400.1,-2.0000,-416.4,276.7,0,0.0,0.0,0.0000,0.00,0.00,0.00,0.00
3.6595,3.6572,2.3,0,-299.9,-155.1,2.7977,-127.9,-565.5,1.1328,170.3,361.5,2.3264,302.2,-398.3,-2.0000,-418.8,273.1,0,0.0,0.0,0.0000,0.00,0.00,0.00,0.00
3.6671,3.6658,1.3,0,-299.6,-155.0,2.7957,-126.4,-562.4,1.1493,166.0,363.9,1.3465,304.2,-396.8,-2.0000,-420.7,270.2,0,0.0,0.0,0.0000,0.00,0.00,0.00,0.00
3.6756,3.6743,1.2,0,-300.6,-155.2,2.7987,-125.0,-559.3,1.1581,161.8,366.0,0.8691,307.4,-394.4,-2.0000,-422.1,268.0,0,0.0,0.0,0.0000,0.00,0.00,0.00,0.00
3.6832,3.6743,8.9,0,-300.6,-155.2,2.7987,-125.0,-559.3,1.1581,161.8,366.0,0.8691,309.4,-392.8,-2.0000,-423.5,265.9,0,0.0,0.0,0.0000,0.00,0.00,0.00,0.00
3.6918,3.6917,0.1,0,-300.9,-155.0,2.8001,-122.3,-552.9,1.1756,153.1,369.7,1.0412,312.0,-390.7,-2.0000,-424.9,263.6,0,0.0,0.0,0.0000,0.00,0.00,0.00,0.00
3.7001,3.6997,0.4,0,-300.0,-154.6,2.8010,-121.1,-549.9,1.1836,150.1,370.5,0.8843,313.3,-389.6,-2.0000,-425.5,262.6,0,0.0,0.0,0.0000,0.00,0.00,0.00,0.00
3.7074,3.6997,7.7,0,-300.0,-154.6,2.8010,-121.1,-549.9,1.1836,150.1,370.5,0.8843,315.3,-388.1,-2.0000,-426.8,260.5,0,0.0,0.0,0.0000,0.00,0.00,0.00,0.00
3.7149,3.7082,6.7,0,-300.4,-155.0,2.7948,-119.8,-546.8,1.1916,145.7,372.2,1.1566,317.9,-385.9,-2.0000,-430.2,254.9,0,0.0,0.0,0.0000,0.00,0.00,0.00,0.00
3.7233,3.7167,6.6,0,-300.4,-155.0,2.8034,-118.6,-543.6,1.2057,140.3,374.7,2.2076,320.4,-383.9,-2.0000,-429.6,255.9,0,0.0,0.0,0.0000,0.00,0.00,0.00,0.00
3.7318,3.7252,6.6,0,-300.3,-155.0,2.7994,-117.4,-540.4,1.2250,135.9,376.3,2.0094,322.7,-381.9,-2.0000,-432.2,251.5,0,0.0,0.0,0.0000,0.00,0.00,0.00,0.00
3.7401,3.7335,6.6,0,-300.1,-155.0,2.8018,-116.3,-537.3,1.2370,132.0,377.6,1.0333,324.8,-380.1,-2.0000,-432.9,250.1,0,0.0,0.0,0.0000,0.00,0.00,0.00,0.00
3.7477,3.7428,4.8,0,-300.1,-154.9,2.8067,-115.1,-533.8,1.2455,127.9,379.0,0.9736,326.9,-378.3,-2.0000,-433.1,249.8,0,0.0,0.0,0.0000,0.00,0.00,0.00,0.00
3.7556,3.7501,5.5,0,-300.0,-154.9,2.7995,-114.2,-531.0,1.2523,125.0,380.1,0.8711,328.7,-376.8,-2.0000,-436.1,244.7,0,0.0,0.0,0.0000,0.00,0.00,0.00,0.00
3.7635,3.7588,4.7,0,-300.3,-154.7,2.8017,-113.1,-527.7,1.2616,120.1,381.5,1.4129,330.9,-374.9,-2.0000,-436.9,243.1,0,0.0,0.0,0.0000,0.00,0.00,0.00,0.00
3.7718,3.7672,4.6,0,-300.0,-155.6,2.7976,-112.1,-524.5,1.2781,115.1,382.8,2.3363,333.8,-372.3,-2.0000,-439.8,237.9,0,0.0,0.0,0.0000,0.00,0.00,0.00,0.00
3.7789,3.7773,1.6,0,-300.0,-155.0,2.7989,-111.0,-520.6,1.2986,110.0,384.7,1.4029,335.4,-370.8,-2.0000,-440.5,236.6,0,0.0,0.0,0.0000,0.00,0.00,0.00,0.00
3.7877,3.7834,4.3,0,-300.0,-154.4,2.8088,-110.3,-518.3,1.3055,106.8,385.9,0.9340,337.2,-369.2,-2.0000,-439.3,238.7,0,0.0,0.0,0.0000,0.00,0.00,0.00,0.00
3.7958,3.7924,3.4,0,-300.0,-154.8,2.7956,-109.4,-514.8,1.3138,102.3,386.6,1.0416,339.7,-366.9,-2.0000,-444.0,229.9,0,0.0,0.0,0.0000,0.00,0.00,0.00,0.00
3.8033,3.8009,2.4,0,-300.2,-154.8,2.8007,-108.5,-511.5,1.3226,98.0,387.4,1.0420,341.7,-365.1,-2.0000,-444.1,229.8,0,0.0,0.0,0.0000,0.00,0.00,0.00,0.00
3.8114,3.8112,0.2,0,-300.1,-154.8,2.8015,-107.6,-507.5,1.3331,93.0,388.8,0.8956,343.6,-363.3,-2.0000,-445.1,227.9,0,0.0,0.0,0.0000,0.00,0.00,0.00,0.00
3.8191,3.8179,1.3,0,-300.4,-154.7,2.8026,-107.0,-504.9,1.3391,89.7,389.7,0.9933,345.9,-361.0,-2.0000,-446.3,225.4,0,0.0,0.0,0.0000,0.00,0.00,0.00,0.00
3.8274,3.8261,1.2,0,-299.9,-154.7,2.8026,-106.2,-501.7,1.3504,85.3,391.0,1.9218,347.8,-359.2,-2.0000,-447.4,223.2,0,0.0,0.0,0.0000,0.00,0.00,0.00,0.00
3.8349,3.8348,0.1,0,-300.0,-154.8,2.7992,-105.5,-498.3,1.3698,80.6,392.1,2.2480,350.0,-357.1,-2.0000,-449.6,218.8,0,0.0,0.0,0.0000,0.00,0.00,0.00,0.00
3.8438,3.8348,9.0,0,-300.0,-154.8,2.7992,-105.5,-498.3,1.3698,80.6,392.1,2.2480,352.4,-354.7,-2.0000,-451.1,215.8,0,0.0,0.0,0.0000,0.00,0.00,0.00,0.00
3.8510,3.8455,5.5,0,-300.3,-154.8,2.8037,-104.7,-494.1,1.3870,74.5,392.5,1.0330,354.4,-352.8,-2.0000,-451.2,215.4,0,0.0,0.0,0.0000,0.00,0.00,0.00,0.00
3.8590,3.8513,7.7,0,-300.4,-154.9,2.8058,-104.3,-491.8,1.3923,71.4,393.1,0.8710,356.5,-350.6,-2.0000,-452.1,213.5,0,0.0,0.0,0.0000,0.00,0.00,0.00,0.00
3.8678,3.8602,7.6,0,-300.7,-155.3,2.8003,-103.6,-488.3,1.4006,67.3,394.6,0.8758,359.4,-347.6,-2.0000,-455.1,207.2,0,0.0,0.0,0.0000,0.00,0.00,0.00,0.00
3.8751,3.8703,4.8,0,-300.0,-154.8,2.8012,-103.0,-484.3,1.4109,62.1,395.4,1.3592,360.2,-346.7,-2.0000,-455.3,206.6,0,0.0,0.0,0.0000,0.00,0.00,0.00,0.00
3.8834,3.8781,5.3,0,-300.7,-155.1,2.8012,-102.5,-481.2,1.4256,58.2,395.7,2.2999,363.2,-343.6,-2.0000,-457.1,202.6,0,0.0,0.0,0.0000,0.00,0.00,0.00,0.00
3.8909,3.8855,5.4,0,-300.4,-155.0,2.8012,-102.1,-478.3,1.4423,53.9,396.3,1.9685,364.9,-341.8,-2.0000,-458.1,200.4,0,0.0,0.0,0.0000,0.00,0.00,0.00,0.00
3.8991,3.8938,5.3,0,-300.0,-154.9,2.8014,-101.7,-475.0,1.4539,48.6,397.1,1.0152,366.6,-340.0,-2.0000,-459.0,198.2,0,0.0,0.0,0.0000,0.00,0.00,0.00,0.00
3.9073,3.9022,5.1,0,-300.5,-154.9,2.8033,-101.3,-471.6,1.4616,44.4,397.5,0.9459,369.3,-337.1,-2.0000,-460.2,195.4,0,0.0,0.0,0.0000,0.00,0.00,0.00,0.00
3.9160,3.9123,3.7,0,-300.1,-154.7,2.8064,-100.9,-467.7,1.4720,39.8,397.9,1.0419,370.7,-335.5,-2.0000,-460.5,194.9,0,0.0,0.0,0.0000,0.00,0.00,0.00,0.00
3.9230,3.9195,3.5,0,-300.6,-154.8,2.7962,-100.6,-464.8,1.4795,36.0,398.3,1.0416,373.0,-333.0,-2.0000,-463.7,187.0,0,0.0,0.0,0.0000,0.00,0.00,0.00,0.00
3.9319,3.9274,4.5,0,-300.4,-155.0,2.8020,-100.3,-461.6,1.4868,32.0,398.8,0.8940,375.1,-330.6,-2.0000,-463.8,186.8,0,0.0,0.0,0.0000,0.00,0.00,0.00,0.00
3.9392,3.9363,2.9,0,-300.2,-154.9,2.8025,-100.1,-458.1,1.4972,26.9,399.1,1.6228,376.5,-329.0,-2.0000,-464.5,185.0,0,0.0,0.0,0.0000,0.00,0.00,0.00,0.00
3.9470,3.9458,1.2,0,-300.3,-155.0,2.8000,-99.8,-454.3,1.5175,21.5,399.4,2.3057,378.9,-326.3,-2.0000,-466.3,180.5,0,0.0,0.0,0.0000,0.00,0.00,0.00,0.00
3.9557,3.9531,2.6,0,-300.2,-155.1,2.7957,-99.7,-451.4,1.5316,17.7,399.5,1.4318,381.2,-323.5,-2.0000,-468.3,175.1,0,0.0,0.0,0.0000,0.00,0.00,0.00,0.00
3.9633,3.9619,1.4,0,-300.2,-154.8,2.7983,-99.5,-447.9,1.5410,13.1,399.7,0.8715,382.7,-321.8,-2.0000,-468.7,174.2,0,0.0,0.0,0.0000,0.00,0.00,0.00,0.00
3.9715,3.9702,1.3,0,-300.2,-154.9,2.8017,-99.5,-444.5,1.5489,8.6,399.9,0.9277,384.7,-319.4,-2.0000,-469.2,172.8,0,0.0,0.0,0.0000,0.00,0.00,0.00,0.00
3.9792,3.9791,0.1,0,-299.9,-154.9,2.8016,-99.4,-441.0,1.5570,3.9,400.0,1.0711,386.4,-317.3,-2.0000,-470.1,170.3,0,0.0,0.0,0.0000,0.00,0.00,0.00,0.00
3.9872,3.9868,0.4,0,-300.0,-154.6,2.8002,-99.4,-437.9,1.5683,0.4,400.1,2.0090,388.0,-315.4,-2.0000,-471.2,167.3,0,0.0,0.0,0.0000,0.00,0.00,0.00,0.00
3.9949,3.9868,8.2,0,-300.0,-154.6,2.8002,-99.4,-437.9,1.5683,0.4,400.1,2.0090,390.0,-312.9,-2.0000,-472.2,164.3,0,0.0,0.0,0.0000,0.00,0.00,0.00,0.00
4.0034,3.9955,7.8,0,-299.8,-154.8,2.7998,-99.4,-434.4,1.5881,-4.2,400.1,2.1909,392.1,-310.3,-2.0000,-473.4,160.9,0,0.0,0.0,0.0000,0.00,0.00,0.00,0.00
4.0111,4.0036,7.5,0,-299.9,-154.8,2.8014,-99.5,-431.1,1.6016,-9.3,400.2,1.1691,394.0,-307.9,-2.0000,-474.1,158.8,0,0.0,0.0,0.0000,0.00,0.00,0.00,0.00
4.0195,4.0125,7.0,0,-300.0,-154.6,2.8015,-99.6,-427.6,1.6100,-14.1,399.9,0.8892,395.9,-305.4,-2.0000,-475.1,155.9,0,0.0,0.0,0.0000,0.00,0.00,0.00,0.00
4.0278,4.0205,7.2,0,-300.1,-154.9,2.8041,-99.7,-424.4,1.6181,-18.1,399.0,1.0412,398.1,-302.5,-2.0000,-475.8,153.6,0,0.0,0.0,0.0000,0.00,0.00,0.00,0.00
4.0359,4.0290,6.9,0,-300.1,-155.1,2.8008,-99.9,-421.0,1.6269,-22.6,398.9,1.0413,400.3,-299.6,-2.0000,-477.4,148.6,0,0.0,0.0,0.0000,0.00,0.00,0.00,0.00
4.0436,4.0378,5.8,0,-300.2,-154.9,2.8022,-100.1,-417.5,1.6354,-27.3,399.5,0.8697,401.8,-297.5,-2.0000,-478.0,146.8,0,0.0,0.0,0.0000,0.00,0.00,0.00,0.00
4.0517,4.0462,5.5,0,-299.9,-154.6,2.7991,-100.3,-414.1,1.6441,-31.7,399.0,1.3512,403.2,-295.7,-2.0000,-479.1,143.1,0,0.0,0.0,0.0000,0.00,0.00,0.00,0.00
4.0600,4.0543,5.8,0,-300.4,-155.0,2.7995,-100.6,-410.9,1.6593,-35.8,398.3,2.3067,406.2,-291.5,-2.0000,-480.5,138.4,0,0.0,0.0,0.0000,0.00,0.00,0.00,0.00
4.0676,4.0630,4.6,0,-300.5,-154.9,2.8013,-100.9,-407.5,1.6783,-40.6,397.9,1.7509,408.2,-288.8,-2.0000,-481.2,136.0,0,0.0,0.0,0.0000,0.00,0.00,0.00,0.00
4.0751,4.0718,3.3,0,-299.8,-154.5,2.8041,-101.3,-404.0,1.6892,-45.7,397.5,0.9187,408.8,-287.9,-2.0000,-481.1,136.3,0,0.0,0.0,0.0000,0.00,0.00,0.00,0.00
4.0835,4.0799,3.6,0,-300.3,-154.9,2.8060,-101.7,-400.8,1.6966,-49.5,396.8,1.0334,411.4,-284.2,-2.0000,-482.0,132.9,0,0.0,0.0,0.0000,0.00,0.00,0.00,0.00
4.0919,4.0893,2.6,0,-299.9,-154.7,2.8034,-102.2,-397.0,1.7064,-54.0,396.0,1.0411,412.7,-282.3,-2.0000,-483.0,129.4,0,0.0,0.0,0.0000,0.00,0.00,0.00,0.00
4.0993,4.0967,2.6,0,-300.4,-155.1,2.8003,-102.6,-394.1,1.7141,-58.3,395.7,0.9992,415.1,-278.7,-2.0000,-484.5,123.7,0,0.0,0.0,0.0000,0.00,0.00,0.00,0.00
4.1073,4.1050,2.3,0,-300.5,-154.9,2.7974,-103.1,-390.8,1.7215,-62.9,395.3,0.9488,416.7,-276.3,-2.0000,-485.5,119.5,0,0.0,0.0,0.0000,0.00,0.00,0.00,0.00
4.1149,4.1135,1.3,0,-300.4,-155.0,2.7994,-103.7,-387.4,1.7326,-67.4,394.3,1.8342,418.4,-273.7,-2.0000,-486.0,117.4,0,0.0,0.0,0.0000,0.00,0.00,0.00,0.00
4.1234,4.1222,1.2,0,-300.5,-155.2,2.7968,-104.3,-384.0,1.7518,-72.0,393.4,2.2841,421.1,-269.5,-2.0000,-487.4,111.4,0,0.0,0.0,0.0000,0.00,0.00,0.00,0.00
4.1310,4.1305,0.6,0,-300.3,-154.8,2.8026,-104.9,-380.8,1.7668,-76.5,392.5,1.2800,422.5,-267.4,-2.0000,-487.4,111.7,0,0.0,0.0,0.0000,0.00,0.00,0.00,0.00
4.1400,4.1305,9.5,0,-300.3,-154.8,2.8026,-104.9,-380.8,1.7668,-76.5,392.5,1.2800,424.2,-264.7,-2.0000,-488.1,108.6,0,0.0,0.0,0.0000,0.00,0.00,0.00,0.00
4.1475,4.1473,0.1,0,-299.8,-155.1,2.7988,-106.2,-374.2,1.7832,-84.8,391.2,0.8928,425.6,-262.4,-1.7212,-489.0,104.1,0,0.0,0.0,0.0000,0.00,0.00,0.00,0.00
4.1555,4.1473,8.2,0,-299.8,-155.1,2.7988,-106.2,-374.2,1.7832,-84.8,391.2,0.8928,427.4,-259.5,-2.0000,-489.7,100.8,0,0.0,0.0,0.0000,0.00,0.00,0.00,0.00
4.1638,4.1558,7.9,0,-300.4,-154.9,2.7980,-107.0,-370.8,1.7912,-89.0,390.3,1.1257,429.3,-256.3,-2.0000,-490.6,96.6,0,0.0,0.0,0.0000,0.00,0.00,0.00,0.00
4.1717,4.1643,7.4,0,-300.0,-155.0,2.8001,-107.7,-367.6,1.8049,-93.2,388.7,2.1750,431.2,-253.2,-2.0000,-491.1,94.1,0,0.0,0.0,0.0000,0.00,0.00,0.00,0.00
4.1792,4.1725,6.7,0,-299.9,-154.6,2.7998,-108.5,-364.4,1.8235,-97.7,387.6,2.0960,427.8,-248.7,-2.0000,-486.4,90.9,0,0.0,0.0,0.0000,0.00,0.00,0.00,0.00
4.1869,4.1813,5.6,0,-300.1,-154.9,2.8015,-109.4,-361.0,1.8368,-103.2,386.6,1.0425,421.9,-239.9,-2.0000,-477.8,85.4,0,0.0,0.0,0.0000,0.00,0.00,0.00,0.00
4.1954,4.1931,2.3,0,-300.0,-154.9,2.7978,-110.7,-356.4,1.8479,-109.3,384.8,1.0416,414.5,-231.2,-1.4487,-468.2,77.9,0,0.0,0.0,0.0000,0.00,0.00,0.00,0.00
4.2039,4.1981,5.7,0,-300.0,-154.6,2.8069,-111.2,-354.5,1.8531,-112.0,384.0,1.0419,407.3,-225.1,-2.0000,-458.6,78.8,0,0.0,0.0,0.0000,0.00,0.00,0.00,0.00
4.2112,4.2066,4.6,0,-300.3,-154.8,2.8023,-112.2,-351.2,1.8619,-115.6,382.8,1.0419,401.8,-218.2,-2.0000,-451.5,72.1,0,0.0,0.0,0.0000,0.00,0.00,0.00,0.00
4.2194,4.2150,4.5,0,-299.9,-154.6,2.8028,-113.2,-348.0,1.8697,-118.6,381.7,0.8845,393.9,-210.8,-2.0000,-441.5,67.9,0,0.0,0.0,0.0000,0.00,0.00,0.00,0.00
4.2277,4.2232,4.4,0,-300.2,-154.7,2.8010,-114.2,-344.9,1.8789,-123.6,380.3,1.4656,387.8,-202.8,-2.0000,-433.3,61.6,0,0.0,0.0,0.0000,0.00,0.00,0.00,0.00
4.2355,4.2319,3.6,0,-300.0,-155.1,2.8008,-115.3,-341.6,1.8965,-129.2,379.0,2.3433,380.7,-194.4,-2.0000,-423.8,56.0,0,0.0,0.0,0.0000,0.00,0.00,0.00,0.00
4.2439,4.2404,3.5,0,-300.0,-154.8,2.8007,-116.4,-338.4,1.9140,-133.1,377.1,1.5116,373.6,-187.6,-2.0000,-414.8,51.9,0,0.0,0.0,0.0000,0.00,0.00,0.00,0.00
4.2513,4.2486,2.7,0,-299.9,-154.6,2.7973,-117.5,-335.3,1.9233,-137.1,375.4,0.8941,366.5,-181.7,-1.8653,-406.4,47.3,0,0.0,0.0,0.0000,0.00,0.00,0.00,0.00
4.2591,4.2575,1.6,0,-300.2,-155.2,2.7978,-118.7,-331.9,1.9315,-141.2,374.0,0.9569,360.0,-173.0,-1.1147,-397.3,41.5,0,0.0,0.0,0.0000,0.00,0.00,0.00,0.00
4.2671,4.2658,1.2,0,-299.9,-155.0,2.8007,-119.9,-328.8,1.9391,-145.1,372.6,0.9915,352.3,-166.6,-1.8898,-387.7,39.3,0,0.0,0.0,0.0000,0.00,0.00,0.00,0.00
4.2754,4.2740,1.3,0,-300.6,-154.9,2.7993,-121.1,-325.8,1.9503,-149.4,371.6,1.9109,346.7,-159.7,-2.0000,-380.2,34.0,0,0.0,0.0,0.0000,0.00,0.00,0.00,0.00
4.2840,4.2825,1.4,0,-300.4,-155.1,2.7988,-122.4,-322.6,1.9693,-153.7,370.1,2.2643,338.1,-152.1,-2.0000,-369.6,29.6,0,0.0,0.0,0.0000,0.00,0.00,0.00,0.00
4.2911,4.2825,8.6,0,-300.4,-155.1,2.7988,-122.4,-322.6,1.9693,-153.7,370.1,2.2643,331.4,-146.4,-2.0000,-361.3,26.5,0,0.0,0.0,0.0000,0.00,0.00,0.00,0.00
4.2990,4.2956,3.4,0,-300.2,-154.9,2.8007,-124.5,-317.8,1.9890,-160.4,366.0,0.9269,323.6,-140.0,-1.6740,-351.8,23.8,0,0.0,0.0,0.0000,0.00,0.00,0.00,0.00
4.3073,4.2993,8.0,0,-300.3,-154.9,2.8005,-125.1,-316.5,1.9923,-162.3,365.2,0.8705,316.1,-132.3,-0.8589,-342.2,18.9,0,0.0,0.0,0.0000,0.00,0.00,0.00,0.00
4.3159,4.3081,7.8,0,-300.4,-154.7,2.8024,-126.5,-313.3,2.0010,-166.6,363.7,1.0420,307.7,-126.8,-1.7254,-332.3,17.2,0,0.0,0.0,0.0000,0.00,0.00,0.00,0.00
4.3237,4.3163,7.5,0,-300.1,-154.8,2.7961,-127.9,-310.3,2.0095,-170.4,362.0,1.0418,298.8,-120.5,-2.0000,-321.9,12.1,0,0.0,0.0,0.0000,0.00,0.00,0.00,0.00
4.3312,4.3246,6.5,0,-300.2,-154.9,2.8008,-129.3,-307.3,2.0177,-173.9,360.2,0.8705,292.3,-114.0,-2.0000,-313.6,9.8,0,0.0,0.0,0.0000,0.00,0.00,0.00,0.00
4.3391,4.3335,5.6,0,-300.0,-155.3,2.7963,-130.9,-304.1,2.0264,-178.2,358.1,1.2720,284.2,-106.4,-2.0000,-303.5,3.9,0,0.0,0.0,0.0000,0.00,0.00,0.00,0.00
4.3472,4.3419,5.3,0,-300.6,-155.1,2.7879,-132.4,-301.1,2.0417,-182.5,356.1,2.2891,277.9,-100.8,-1.9057,-295.7,-1.7,0,0.0,0.0,0.0000,0.00,0.00,0.00,0.00
4.3552,4.3502,5.0,0,-300.2,-155.1,2.7964,-133.9,-298.1,2.0603,-186.4,354.0,1.8737,268.8,-94.9,-1.9977,-285.1,-1.6,0,0.0,0.0,0.0000,0.00,0.00,0.00,0.00
4.3632,4.3586,4.5,0,-300.4,-154.9,2.8015,-135.5,-295.2,2.0715,-190.2,351.9,0.9665,261.3,-89.4,-1.3107,-276.2,-2.9,0,0.0,0.0,0.0000,0.00,0.00,0.00,0.00
4.3716,4.3671,4.5,0,-300.1,-154.8,2.8040,-137.1,-292.2,2.0791,-194.2,349.5,0.9867,251.8,-83.4,-0.5427,-265.3,-4.7,0,0.0,0.0,0.0000,0.00,0.00,0.00,0.00
4.3790,4.3756,3.4,0,-300.1,-155.0,2.8021,-138.8,-289.3,2.0869,-198.3,346.8,0.8991,244.0,-77.7,-1.2818,-255.9,-8.0,0,0.0,0.0,0.0000,0.00,0.00,0.00,0.00
4.3870,4.3837,3.2,0,-300.0,-154.9,2.8001,-140.5,-286.4,2.0963,-201.9,345.2,1.5295,235.3,-72.4,-1.8799,-246.0,-10.5,0,0.0,0.0,0.0000,0.00,0.00,0.00,0.00
4.3956,4.3921,3.5,0,-300.1,-154.7,2.8012,-142.2,-283.5,2.1136,-205.6,343.6,2.3432,226.8,-66.8,-1.6767,-236.1,-12.7,0,0.0,0.0,0.0000,0.00,0.00,0.00,0.00
4.4033,4.4008,2.5,0,-300.2,-155.0,2.7978,-144.0,-280.6,2.1312,-209.9,340.5,1.4632,219.4,-60.6,-1.6112,-226.9,-16.9,0,0.0,0.0,0.0000,0.00,0.00,0.00,0.00
4.4118,4.4095,2.3,0,-299.9,-154.9,2.8009,-145.8,-277.6,2.1407,-214.2,337.7,0.8773,209.8,-54.4,-1.6378,-215.9,-18.8,0,0.0,0.0,0.0000,0.00,0.00,0.00,0.00
4.4196,4.4183,1.2,0,-300.3,-155.0,2.7985,-147.7,-274.7,2.1491,-217.7,335.5,1.0413,203.1,-48.3,-1.6619,-207.5,-22.9,0,0.0,0.0,0.0000,0.00,0.00,0.00,0.00
4.4272,4.4259,1.3,0,-299.9,-154.7,2.8000,-149.4,-272.1,2.1570,-221.0,333.5,1.0411,192.9,-44.9,-0.9683,-196.8,-22.3,0,0.0,0.0,0.0000,0.00,0.00,0.00,0.00
4.4356,4.4344,1.2,0,-299.9,-154.7,2.8038,-151.3,-269.3,2.1657,-224.7,330.8,0.9220,183.2,-40.0,-0.2090,-186.1,-23.0,0,0.0,0.0,0.0000,0.00,0.00,0.00,0.00
4.4435,4.4344,9.1,0,-299.9,-154.7,2.8038,-151.3,-269.3,2.1657,-224.7,330.8,0.9220,175.1,-35.0,-1.0187,-176.8,-25.0,0,0.0,0.0,0.0000,0.00,0.00,0.00,0.00
4.4510,4.4460,5.0,0,-300.3,-155.0,2.7943,-153.9,-265.5,2.1772,-229.8,327.3,1.3282,168.2,-29.8,-1.5229,-168.2,-29.3,0,0.0,0.0,0.0000,0.00,0.00,0.00,0.00
4.4589,4.4515,7.4,0,-300.4,-154.8,2.7975,-155.2,-263.7,2.1865,-232.2,325.7,2.0938,160.0,-25.2,-1.3443,-159.1,-30.3,0,0.0,0.0,0.0000,0.00,0.00,0.00,0.00
4.4682,4.4681,0.1,0,-300.2,-155.2,2.8012,-159.1,-258.3,2.2188,-239.7,320.1,1.1307,149.3,-18.0,-1.3688,-146.8,-32.9,0,0.0,0.0,0.0000,0.00,0.00,0.00,0.00
4.4760,4.4681,7.9,0,-300.2,-155.2,2.8012,-159.1,-258.3,2.2188,-239.7,320.1,1.1307,140.3,-13.3,-0.5527,-136.7,-34.3,0,0.0,0.0,0.0000,0.00,0.00,0.00,0.00
4.4834,4.4769,6.5,0,-300.7,-155.2,2.7929,-161.2,-255.5,2.2270,-243.4,317.3,0.8990,133.7,-8.9,0.1042,-128.7,-37.3,0,0.0,0.0,0.0000,0.00,0.00,0.00,0.00
4.4919,4.4851,6.8,0,-300.0,-155.0,2.7985,-163.2,-252.9,2.2353,-246.6,314.6,1.0420,121.8,-4.9,-0.7728,-116.4,-36.3,0,0.0,0.0,0.0000,0.00,0.00,0.00,0.00
4.4995,4.4938,5.8,0,-300.6,-154.9,2.8003,-165.4,-250.2,2.2443,-250.0,312.1,1.0417,114.9,-1.4,-1.3046,-108.8,-37.2,0,0.0,0.0,0.0000,0.00,0.00,0.00,0.00
4.5071,4.5028,4.3,0,-300.7,-154.7,2.8005,-167.7,-247.4,2.2529,-253.3,310.0,0.8814,106.7,2.5,-1.1323,-99.8,-38.1,0,0.0,0.0,0.0000,0.00,0.00,0.00,0.00
4.5149,4.5112,3.7,0,-300.5,-155.4,2.7926,-169.8,-244.8,2.2621,-257.3,306.5,1.4627,97.8,8.6,-1.0545,-89.0,-41.5,0,0.0,0.0,0.0000,0.00,0.00,0.00,0.00
4.5240,4.5192,4.7,0,-300.2,-154.7,2.8021,-171.9,-242.4,2.2782,-261.4,303.0,2.3362,86.1,11.7,-1.0680,-77.3,-39.7,0,0.0,0.0,0.0000,0.00,0.00,0.00,0.00
4.5311,4.5277,3.4,0,-299.9,-154.8,2.8035,-174.1,-239.8,2.2962,-264.5,299.9,1.6213,76.9,15.7,-1.0955,-67.3,-40.3,0,0.0,0.0,0.0000,0.00,0.00,0.00,0.00
4.5395,4.5359,3.6,0,-300.1,-154.8,2.8068,-176.3,-237.4,2.3060,-267.6,296.9,0.9140,67.8,19.3,-0.3289,-57.7,-40.5,0,0.0,0.0,0.0000,0.00,0.00,0.00,0.00
4.5472,4.5455,1.7,0,-300.1,-154.9,2.7976,-178.9,-234.5,2.3149,-271.0,293.8,0.9563,58.7,23.0,0.4180,-47.5,-41.4,0,0.0,0.0,0.0000,0.00,0.00,0.00,0.00
4.5554,4.5531,2.3,0,-300.1,-154.9,2.7972,-180.9,-232.3,2.3217,-273.7,291.3,0.9560,49.5,27.0,-0.3819,-37.5,-42.2,0,0.0,0.0,0.0000,0.00,0.00,0.00,0.00
4.5639,4.5613,2.6,0,-300.5,-154.6,2.8047,-183.2,-229.9,2.3323,-277.3,288.4,1.8021,41.1,30.2,-0.9824,-28.8,-42.1,0,0.0,0.0,0.0000,0.00,0.00,0.00,0.00
4.5715,4.5701,1.4,0,-300.1,-154.6,2.7980,-185.6,-227.4,2.3515,-280.9,285.3,2.2910,30.9,33.6,-0.7632,-17.8,-42.0,0,0.0,0.0,0.0000,0.00,0.00,0.00,0.00
4.5793,4.5701,9.2,0,-300.1,-154.6,2.7980,-185.6,-227.4,2.3515,-280.9,285.3,2.2910,21.5,36.9,-0.7999,-7.9,-42.0,0,0.0,0.0,0.0000,0.00,0.00,0.00,0.00
4.5878,4.5877,0.1,0,-300.8,-155.1,2.7915,-190.6,-222.5,2.3759,-287.6,278.1,0.8743,13.5,42.4,0.0460,1.9,-44.5,0,0.0,0.0,0.0000,0.00,0.00,0.00,0.00
4.5956,4.5954,0.1,0,-300.5,-155.3,2.7911,-192.9,-220.3,2.3836,-290.0,275.2,1.0412,3.2,46.5,0.7108,13.0,-44.8,0,0.0,0.0,0.0000,0.00,0.00,0.00,0.00
4.6041,4.6027,1.4,0,-300.1,-155.1,2.7985,-195.0,-218.3,2.3911,-292.6,272.5,1.0411,-8.8,48.6,-0.2002,24.6,-42.8,0,0.0,0.0,0.0000,0.00,0.00,0.00,0.00
4.6110,4.6027,8.3,0,-300.1,-155.1,2.7985,-195.0,-218.3,2.3911,-292.6,272.5,1.0411,-17.4,50.7,-0.6847,33.4,-41.9,0,0.0,0.0,0.0000,0.00,0.00,0.00,0.00
4.6189,4.6145,4.4,0,-300.4,-155.2,2.7925,-198.5,-215.1,2.4026,-297.1,268.5,0.8767,-24.4,53.5,-0.5083,41.2,-41.9,0,0.0,0.0,0.0000,0.00,0.00,0.00,0.00
4.6273,4.6204,6.9,0,-299.6,-154.7,2.8016,-200.3,-213.5,2.4085,-299.3,265.9,1.1740,-36.8,55.3,-0.4868,53.1,-39.8,0,0.0,0.0,0.0000,0.00,0.00,0.00,0.00
4.6361,4.6293,6.8,0,-300.4,-155.2,2.7898,-202.9,-211.2,2.4238,-302.7,261.5,2.2543,-37.5,55.4,-0.4233,54.3,-39.1,0,0.0,0.0,0.0000,0.00,0.00,0.00,0.00
4.6434,4.6379,5.5,0,-300.4,-154.8,2.7980,-205.5,-209.0,2.4430,-305.4,258.1,1.9220,-40.9,53.7,-0.4621,56.6,-36.8,0,0.0,0.0,0.0000,0.00,0.00,0.00,0.00
4.6510,4.6473,3.7,0,-300.5,-154.8,2.7986,-208.4,-206.6,2.4554,-308.0,254.6,0.9385,-43.2,51.8,0.2057,58.1,-34.3,0,0.0,0.0,0.0000,0.00,0.00,0.00,0.00
4.6594,4.6544,4.9,0,-300.3,-154.9,2.8015,-210.6,-204.7,2.4618,-310.5,251.6,0.9552,-46.7,50.0,1.0030,60.7,-31.5,0,0.0,0.0,0.0000,0.00,0.00,0.00,0.00
4.6671,4.6628,4.3,0,-299.9,-154.7,2.8012,-213.3,-202.7,2.4696,-313.6,248.0,0.8812,-50.6,48.5,0.2344,63.9,-28.8,0,0.0,0.0,0.0000,0.00,0.00,0.00,0.00
4.6750,4.6712,3.8,0,-299.7,-155.2,2.7979,-215.9,-200.6,2.4787,-316.4,244.9,1.4579,-54.0,49.0,-0.3388,67.3,-27.9,0,0.0,0.0,0.0000,0.00,0.00,0.00,0.00
4.6838,4.6812,2.6,0,-300.6,-155.2,2.7931,-219.1,-198.2,2.4994,-319.8,241.3,2.3282,-53.9,47.5,-0.1095,66.9,-26.2,0,0.0,0.0,0.0000,0.00,0.00,0.00,0.00
4.6919,4.6883,3.6,0,-300.2,-154.8,2.8038,-221.3,-196.5,2.5138,-322.3,237.4,1.5271,-57.8,44.8,-0.0993,69.4,-23.2,0,0.0,0.0,0.0000,0.00,0.00,0.00,0.00
4.7000,4.6964,3.7,0,-299.9,-155.2,2.7986,-224.0,-194.6,2.5231,-325.3,233.3,0.8993,-60.5,46.0,-0.0476,72.5,-23.0,0,0.0,0.0,0.0000,0.00,0.00,0.00,0.00
4.7072,4.7051,2.0,0,-300.4,-155.0,2.7988,-226.8,-192.5,2.5312,-327.0,229.5,1.0417,-61.0,45.0,-0.0199,72.6,-21.9,0,0.0,0.0,0.0000,0.00,0.00,0.00,0.00
4.7149,4.7148,0.2,0,-300.6,-154.6,2.7993,-230.0,-190.3,2.5412,-327.9,224.5,1.0420,-62.4,42.7,0.0098,73.1,-19.3,0,0.0,0.0,0.0000,0.00,0.00,0.00,0.00
4.7229,4.7216,1.3,0,-300.3,-154.8,2.8004,-232.2,-188.8,2.5483,-323.4,217.8,0.9528,-65.3,42.3,0.0373,75.6,-18.0,0,0.0,0.0,0.0000,0.00,0.00,0.00,0.00
4.7310,4.7306,0.4,0,-300.4,-154.9,2.8013,-235.1,-186.9,2.5565,-319.3,209.9,1.0357,-66.8,42.1,0.0638,77.0,-17.4,0,0.0,0.0,0.0000,0.00,0.00,0.00,0.00
4.7393,4.7390,0.2,0,-300.2,-154.8,2.7967,-237.8,-185.2,2.5688,-314.3,201.0,2.0421,-69.2,41.0,0.1327,79.0,-15.2,0,0.0,0.0,0.0000,0.00,0.00,0.00,0.00
4.7480,4.7478,0.2,0,-300.4,-155.0,2.7991,-240.5,-183.4,2.5887,-309.2,192.7,2.1657,-69.7,40.6,0.2592,79.3,-14.9,0,0.0,0.0,0.0000,0.00,0.00,0.00,0.00
4.7550,4.7478,7.1,0,-300.4,-155.0,2.7991,-240.5,-183.4,2.5887,-309.2,192.7,2.1657,-70.6,39.8,0.3796,79.8,-13.7,0,0.0,0.0,0.0000,0.00,0.00,0.00,0.00
4.7637,4.7558,7.9,0,-300.0,-154.8,2.8034,-243.0,-181.9,2.6018,-304.3,186.0,1.1527,-73.2,38.0,-0.3907,81.7,-11.6,0,0.0,0.0,0.0000,0.00,0.00,0.00,0.00
4.7714,4.7640,7.4,0,-300.1,-154.8,2.8026,-245.4,-180.4,2.6096,-299.2,178.8,0.8787,-74.1,36.6,-1.0012,82.1,-9.9,0,0.0,0.0,0.0000,0.00,0.00,0.00,0.00
4.7790,4.7725,6.4,0,-300.3,-154.9,2.7910,-248.0,-178.9,2.6181,-293.9,170.9,1.0418,-73.6,36.6,-0.1476,81.7,-9.1,0,0.0,0.0,0.0000,0.00,0.00,0.00,0.00
4.7878,4.7815,6.2,0,-299.9,-154.7,2.7997,-250.6,-177.4,2.6274,-287.6,163.8,1.0419,-75.2,35.2,0.5307,82.6,-8.0,0,0.0,0.0,0.0000,0.00,0.00,0.00,0.00
4.7950,4.7896,5.4,0,-300.3,-154.8,2.8037,-252.9,-176.1,2.6358,-281.5,158.1,1.0420,-73.5,34.6,0.3945,80.8,-8.2,0,0.0,0.0,0.0000,0.00,0.00,0.00,0.00
4.8029,4.7978,5.2,0,-300.6,-155.0,2.8006,-255.1,-174.9,2.6443,-275.6,151.7,1.0417,-72.3,34.0,0.5708,79.5,-7.9,0,0.0,0.0,0.0000,0.00,0.00,0.00,0.00
4.8111,4.8065,4.6,0,-299.9,-154.8,2.8036,-257.5,-173.6,2.6534,-269.4,144.5,1.0411,-74.4,32.9,-0.0881,81.1,-6.3,0,0.0,0.0,0.0000,0.00,0.00,0.00,0.00
4.8195,4.8149,4.5,0,-300.3,-155.4,2.7963,-259.8,-172.4,2.6622,-263.1,138.5,1.0414,-73.1,34.3,-0.7752,80.4,-7.6,0,0.0,0.0,0.0000,0.00,0.00,0.00,0.00
4.8278,4.8232,4.5,0,-300.3,-154.9,2.7991,-261.9,-171.3,2.6708,-257.1,132.6,1.0420,-72.0,31.0,0.1210,78.2,-5.0,0,0.0,0.0,0.0000,0.00,0.00,0.00,0.00
4.8355,4.8317,3.8,0,-300.4,-154.7,2.8035,-264.1,-170.2,2.6797,-250.3,126.7,1.0416,-70.8,28.6,0.7090,76.3,-3.5,0,0.0,0.0,0.0000,0.00,0.00,0.00,0.00
4.8438,4.8403,3.5,0,-300.1,-155.2,2.7977,-266.2,-169.1,2.6897,-243.4,120.8,1.1617,-70.5,29.8,0.6707,76.4,-4.2,0,0.0,0.0,0.0000,0.00,0.00,0.00,0.00
4.8511,4.8484,2.6,0,-299.7,-155.1,2.7987,-268.2,-168.1,2.6969,-237.4,115.3,0.4412,-70.4,29.0,0.7651,76.1,-3.6,0,0.0,0.0,0.0000,0.00,0.00,0.00,0.00
4.8600,4.8572,2.7,0,-300.1,-154.9,2.7945,-270.2,-167.2,2.6963,-230.8,109.2,-0.2416,-67.3,26.9,-0.0510,72.5,-2.3,0,0.0,0.0,0.0000,0.00,0.00,0.00,0.00
4.8671,4.8657,1.4,0,-300.2,-154.9,2.8025,-272.1,-166.3,2.6977,-223.6,104.6,0.7193,-65.5,25.4,-0.6752,70.3,-2.2,0,0.0,0.0,0.0000,0.00,0.00,0.00,0.00
4.8750,4.8738,1.3,0,-300.4,-154.9,2.8023,-273.9,-165.4,2.7061,-216.9,99.9,1.2104,-63.2,24.6,0.1498,67.8,-2.1,0,0.0,0.0,0.0000,0.00,0.00,0.00,0.00
4.8841,4.8823,1.8,0,-300.2,-154.9,2.7981,-275.7,-164.6,2.7159,-209.3,94.6,1.1590,-61.5,23.4,0.9674,65.8,-1.3,0,0.0,0.0,0.0000,0.00,0.00,0.00,0.00
4.8909,4.8823,8.6,0,-300.2,-154.9,2.7981,-275.7,-164.6,2.7159,-209.3,94.6,1.1590,-59.4,22.2,0.2498,63.4,-0.9,0,0.0,0.0,0.0000,0.00,0.00,0.00,0.00
4.8993,4.8991,0.2,0,-300.1,-154.9,2.7989,-279.1,-163.1,2.7308,-195.4,86.1,0.0280,-56.9,20.4,-0.4119,60.4,-0.1,0,0.0,0.0,0.0000,0.00,0.00,0.00,0.00
4.9078,4.8991,8.7,0,-300.1,-154.9,2.7989,-279.1,-163.1,2.7308,-195.4,86.1,0.0280,-53.9,20.2,-0.3292,57.5,-0.9,0,0.0,0.0,0.0000,0.00,0.00,0.00,0.00
4.9154,4.9085,6.8,0,-300.0,-154.7,2.8035,-280.9,-162.3,2.7292,-187.5,81.0,-0.0090,-51.3,19.1,-0.4009,54.7,-1.0,0,0.0,0.0,0.0000,0.00,0.00,0.00,0.00
4.9229,4.9165,6.4,0,-300.2,-154.4,2.8057,-282.4,-161.7,2.7334,-180.5,75.7,0.9789,-48.1,16.3,0.2445,50.7,0.5,0,0.0,0.0,0.0000,0.00,0.00,0.00,0.00
4.9315,4.9245,6.9,0,-300.6,-155.1,2.7952,-283.8,-161.1,2.7428,-173.4,71.6,1.1935,-43.4,16.2,1.1207,46.4,-0.5,0,0.0,0.0,0.0000,0.00,0.00,0.00,0.00
4.9398,4.9330,6.8,0,-300.2,-154.9,2.8017,-285.3,-160.5,2.7525,-166.0,68.5,1.2149,-40.6,14.3,0.2497,43.1,0.1,0,0.0,0.0,0.0000,0.00,0.00,0.00,0.00
4.9470,4.9415,5.5,0,-300.2,-154.7,2.7995,-286.7,-159.9,2.7617,-158.3,64.5,0.8061,-37.3,12.4,-0.2729,39.3,0.8,0,0.0,0.0,0.0000,0.00,0.00,0.00,0.00
4.9560,4.9498,6.2,0,-300.2,-155.1,2.7955,-287.9,-159.4,2.7639,-150.7,60.3,-0.2016,-32.9,12.3,-0.1316,35.2,-0.4,0,0.0,0.0,0.0000,0.00,0.00,0.00,0.00
4.9636,4.9585,5.1,0,-300.1,-155.0,2.8025,-289.2,-158.9,2.7627,-143.0,56.5,0.2480,-29.5,10.8,-0.1448,31.4,-0.4,0,0.0,0.0,0.0000,0.00,0.00,0.00,0.00
4.9712,4.9669,4.3,0,-300.2,-155.0,2.8023,-290.4,-158.4,2.7702,-135.7,52.9,1.2875,-25.4,9.2,-0.1061,27.0,-0.2,0,0.0,0.0,0.0000,0.00,0.00,0.00,0.00
4.9799,4.9751,4.7,0,-300.0,-154.9,2.8002,-291.5,-158.0,2.7795,-128.1,49.2,0.6798,-21.4,7.0,-0.0763,22.5,0.6,0,0.0,0.0,0.0000,0.00,0.00,0.00,0.00
4.9875,4.9837,3.8,0,-300.1,-154.5,2.8014,-292.5,-157.6,2.7811,-120.2,45.1,-0.1195,-16.1,4.6,-0.0837,16.7,1.0,0,0.0,0.0,0.0000,0.00,0.00,0.00,0.00
4.9957,4.9921,3.5,0,-300.3,-154.6,2.8004,-293.5,-157.2,2.7800,-112.4,42.7,-0.0072,-9.8,3.4,-0.0829,10.4,0.1,0,0.0,0.0,0.0000,0.00,0.00,0.00,0.00
5.0030,5.0006,2.5,0,-300.2,-154.7,2.8029,-294.4,-156.9,2.7789,-104.6,40.1,-0.1097,-6.2,2.1,-0.0967,6.6,0.1,0,0.0,0.0,0.0000,0.00,0.00,0.00,0.00
5.0114,5.0006,10.8,0,-300.2,-154.7,2.8029,-294.4,-156.9,2.7789,-104.6,40.1,-0.1097,-0.8,-0.2,-0.0810,0.7,0.5,0,0.0,0.0,0.0000,0.00,0.00,0.00,0.00
5.0195,5.0181,1.5,0,-300.4,-154.8,2.8006,-296.1,-156.3,2.7910,-88.5,32.0,1.2487,2.9,-0.8,-0.0313,-3.0,-0.2,0,0.0,0.0,0.0000,0.00,0.00,0.00,0.00
5.0277,5.0262,1.5,0,-300.8,-155.2,2.7956,-296.8,-156.0,2.7975,-80.7,29.1,0.2595,11.6,-2.4,0.0088,-11.8,-1.7,0,0.0,0.0,0.0000,0.00,0.00,0.00,0.00
5.0358,5.0345,1.3,0,-300.4,-154.6,2.8063,-297.4,-155.8,2.7973,-73.0,26.1,-0.1733,8.5,-3.3,-0.0369,-9.1,0.4,0,0.0,0.0,0.0000,0.00,0.00,0.00,0.00
5.0430,5.0428,0.2,0,-299.9,-154.7,2.8038,-298.0,-155.6,2.7967,-65.3,23.6,0.0000,5.6,-2.5,-0.0286,-6.1,0.5,0,0.0,0.0,0.0000,0.00,0.00,0.00,0.00
5.0510,5.0428,8.2,0,-299.9,-154.7,2.8038,-298.0,-155.6,2.7967,-65.3,23.6,0.0000,4.1,-2.0,-0.0286,-4.5,0.5,0,0.0,0.0,0.0000,0.00,0.00,0.00,0.00
5.0595,5.0515,8.0,0,-300.5,-155.2,2.7923,-298.5,-155.4,2.7967,-57.4,20.7,0.0000,4.6,-0.2,0.0176,-4.4,-1.4,0,0.0,0.0,0.0000,0.00,0.00,0.00,0.00
5.0673,5.0598,7.5,0,-300.4,-154.9,2.7983,-299.0,-155.2,2.7967,-50.1,17.5,-0.0000,3.1,-0.5,-0.0064,-3.0,-0.6,0,0.0,0.0,0.0000,0.00,0.00,0.00,0.00
5.0759,5.0682,7.7,0,-300.0,-155.1,2.7987,-299.4,-155.1,2.7967,-42.0,14.7,0.0000,0.9,0.3,-0.0080,-0.7,-0.6,0,0.0,0.0,0.0000,0.00,0.00,0.00,0.00
5.0840,5.0782,5.8,0,-300.6,-154.9,2.8020,-299.7,-155.0,2.7967,-31.4,11.8,-0.0000,2.0,0.2,-0.0214,-1.8,-0.8,0,0.0,0.0,0.0000,0.00,0.00,0.00,0.00
5.0909,5.0855,5.4,0,-299.8,-154.9,2.7983,-299.9,-154.9,2.7967,-24.9,9.3,-0.0000,-0.8,0.2,-0.0066,0.8,0.1,0,0.0,0.0,0.0000,0.00,0.00,0.00,0.00
5.0998,5.0932,6.5,0,-300.2,-155.1,2.7973,-300.1,-154.8,2.7967,-17.4,6.1,0.0000,0.1,0.9,-0.0024,0.2,-0.9,0,0.0,0.0,0.0000,0.00,0.00,0.00,0.00
5.1071,5.1023,4.8,0,-299.7,-154.8,2.8008,-300.2,-154.8,2.7967,-12.1,4.2,-0.0000,-1.7,0.2,-0.0164,1.7,0.4,0,0.0,0.0,0.0000,0.00,0.00,0.00,0.00
5.1149,5.1147,0.2,0,-300.1,-155.0,2.7990,-300.3,-154.8,2.7967,0.0,0.0,0.0000,-0.7,0.8,-0.0092,0.9,-0.5,0,0.0,0.0,0.0000,0.00,0.00,0.00,0.00
5.1234,5.1188,4.6,0,-300.2,-154.9,2.8041,-300.3,-154.8,2.7967,0.0,0.0,0.0000,-0.4,0.5,-0.0299,0.5,-0.3,0,0.0,0.0,0.0000,0.00,0.00,0.00,0.00
5.1310,5.1273,3.7,0,-300.1,-155.2,2.8018,-300.3,-154.8,2.7967,0.0,0.0,0.0000,-0.7,1.2,-0.0206,1.1,-0.9,0,0.0,0.0,0.0000,0.00,0.00,0.00,0.00
5.1390,5.1364,2.6,0,-300.2,-155.0,2.7901,-300.3,-154.8,2.7967,0.0,0.0,0.0000,-0.1,0.8,0.0264,0.4,-0.8,0,0.0,0.0,0.0000,0.00,0.00,0.00,0.00
5.1471,5.1448,2.4,0,-300.0,-154.9,2.8004,-300.3,-154.8,2.7967,0.0,0.0,0.0000,-1.0,0.3,-0.0148,1.0,0.0,0,0.0,0.0,0.0000,0.00,0.00,0.00,0.00
5.1551,5.1525,2.7,0,-300.3,-154.8,2.8013,-300.3,-154.8,2.7967,0.0,0.0,0.0000,-0.0,0.2,-0.0184,0.1,-0.1,0,0.0,0.0,0.0000,0.00,0.00,0.00,0.00
5.1630,5.1614,1.5,0,-300.1,-154.7,2.7986,-300.3,-154.8,2.7967,0.0,0.0,0.0000,-0.4,-0.3,-0.0079,0.3,0.4,0,0.0,0.0,0.0000,0.00,0.00,0.00,0.00
5.1711,5.1698,1.3,0,-299.8,-155.0,2.7971,-300.3,-154.8,2.7967,0.0,0.0,0.0000,-1.5,0.8,-0.0016,1.7,-0.2,0,0.0,0.0,0.0000,0.00,0.00,0.00,0.00
5.1797,5.1784,1.3,0,-300.6,-155.0,2.7957,-300.3,-154.8,2.7967,0.0,0.0,0.0000,1.0,0.7,0.0038,-0.7,-1.0,0,0.0,0.0,0.0000,0.00,0.00,0.00,0.00
5.1874,5.1869,0.5,0,-300.1,-154.9,2.7971,-300.3,-154.8,2.7967,0.0,0.0,0.0000,-0.5,0.3,-0.0016,0.6,-0.1,0,0.0,0.0,0.0000,0.00,0.00,0.00,0.00
5.1955,5.1953,0.2,0,-300.1,-154.9,2.8032,-300.3,-154.8,2.7967,0.0,0.0,0.0000,-0.7,0.6,-0.0260,0.8,-0.3,0,0.0,0.0,0.0000,0.00,0.00,0.00,0.00
5.2035,5.2033,0.2,0,-300.1,-154.7,2.8018,-300.3,-154.8,2.7967,0.0,0.0,0.0000,-0.4,-0.0,-0.0204,0.4,0.2,0,0.0,0.0,0.0000,0.00,0.00,0.00,0.00
5.2110,5.2033,7.7,0,-300.1,-154.7,2.8018,-300.3,-154.8,2.7967,0.0,0.0,0.0000,-0.4,-0.0,-0.0204,0.4,0.2,0,0.0,0.0,0.0000,0.00,0.00,0.00,0.00
5.2193,5.2121,7.2,0,-300.3,-155.1,2.7991,-300.3,-154.8,2.7967,0.0,0.0,0.0000,0.0,1.1,-0.0098,0.3,-1.1,0,0.0,0.0,0.0000,0.00,0.00,0.00,0.00
5.2269,5.2205,6.4,0,-300.3,-154.6,2.8025,-300.3,-154.8,2.7967,0.0,0.0,0.0000,0.1,-0.5,-0.0234,-0.2,0.5,0,0.0,0.0,0.0000,0.00,0.00,0.00,0.00
5.2359,5.2288,7.1,0,-300.3,-155.3,2.7884,-300.3,-154.8,2.7967,0.0,0.0,0.0000,0.1,1.7,0.0332,0.6,-1.7,0,0.0,0.0,0.0000,0.00,0.00,0.00,0.00
5.2433,5.2377,5.7,0,-299.9,-154.7,2.8012,-300.3,-154.8,2.7967,0.0,0.0,0.0000,-1.1,-0.2,-0.0183,1.0,0.6,0,0.0,0.0,0.0000,0.00,0.00,0.00,0.00
5.2518,5.2461,5.7,0,-300.1,-154.8,2.8031,-300.3,-154.8,2.7967,0.0,0.0,0.0000,-0.6,0.2,-0.0258,0.6,-0.0,0,0.0,0.0,0.0000,0.00,0.00,0.00,0.00
5.2597,5.2540,5.7,0,-300.1,-154.8,2.8037,-300.3,-154.8,2.7967,0.0,0.0,0.0000,-0.6,-0.0,-0.0281,0.6,0.2,0,0.0,0.0,0.0000,0.00,0.00,0.00,0.00
5.2675,5.2628,4.7,0,-300.6,-154.9,2.8018,-300.3,-154.8,2.7967,0.0,0.0,0.0000,0.9,0.3,-0.0207,-0.8,-0.6,0,0.0,0.0,0.0000,0.00,0.00,0.00,0.00
5.2758,5.2713,4.5,0,-300.0,-154.9,2.7939,-300.3,-154.8,2.7967,0.0,0.0,0.0000,-0.8,0.5,0.0110,0.9,-0.2,0,0.0,0.0,0.0000,0.00,0.00,0.00,0.00
5.2834,5.2796,3.8,0,-300.5,-155.1,2.7899,-300.3,-154.8,2.7967,0.0,0.0,0.0000,0.5,1.1,0.0269,-0.1,-1.3,0,0.0,0.0,0.0000,0.00,0.00,0.00,0.00
5.2910,5.2883,2.7,0,-300.2,-154.8,2.7997,-300.3,-154.8,2.7967,0.0,0.0,0.0000,-0.1,0.1,-0.0120,0.2,-0.1,0,0.0,0.0,0.0000,0.00,0.00,0.00,0.00
5.2998,5.2973,2.5,0,-300.5,-155.0,2.7938,-300.3,-154.8,2.7967,0.0,0.0,0.0000,0.7,0.7,0.0116,-0.4,-0.9,0,0.0,0.0,0.0000,0.00,0.00,0.00,0.00
5.3074,5.3049,2.5,0,-300.7,-155.0,2.8004,-300.3,-154.8,2.7967,0.0,0.0,0.0000,1.3,0.8,-0.0149,-0.9,-1.2,0,0.0,0.0,0.0000,0.00,0.00,0.00,0.00
5.3149,5.3143,0.6,0,-300.0,-154.8,2.8001,-300.3,-154.8,2.7967,0.0,0.0,0.0000,-0.8,0.1,-0.0138,0.7,0.2,0,0.0,0.0,0.0000,0.00,0.00,0.00,0.00
5.3237,5.3223,1.4,0,-300.1,-154.8,2.8039,-300.3,-154.8,2.7967,0.0,0.0,0.0000,-0.6,0.0,-0.0290,0.5,0.2,0,0.0,0.0,0.0000,0.00,0.00,0.00,0.00
5.3310,5.3296,1.4,0,-300.4,-154.7,2.8039,-300.3,-154.8,2.7967,0.0,0.0,0.0000,0.3,-0.2,-0.0291,-0.3,0.1,0,0.0,0.0,0.0000,0.00,0.00,0.00,0.00
5.3392,5.3389,0.3,0,-300.3,-154.8,2.7988,-300.3,-154.8,2.7967,0.0,0.0,0.0000,-0.0,0.1,-0.0084,0.1,-0.1,0,0.0,0.0,0.0000,0.00,0.00,0.00,0.00
5.3470,5.3389,8.1,0,-300.3,-154.8,2.7988,-300.3,-154.8,2.7967,0.0,0.0,0.0000,-0.0,0.1,-0.0084,0.1,-0.1,0,0.0,0.0,0.0000,0.00,0.00,0.00,0.00
5.3558,5.3555,0.2,0,-299.9,-154.9,2.8027,-300.3,-154.8,2.7967,0.0,0.0,0.0000,-1.2,0.3,-0.0242,1.2,0.1,0,0.0,0.0,0.0000,0.00,0.00,0.00,0.00
5.3632,5.3555,7.7,0,-299.9,-154.9,2.8027,-300.3,-154.8,2.7967,0.0,0.0,0.0000,-1.2,0.3,-0.0242,1.2,0.1,0,0.0,0.0,0.0000,0.00,0.00,0.00,0.00
5.3718,5.3639,7.8,0,-299.9,-154.9,2.7996,-300.3,-154.8,2.7967,0.0,0.0,0.0000,-1.1,0.3,-0.0118,1.1,0.1,0,0.0,0.0,0.0000,0.00,0.00,0.00,0.00
5.3793,5.3726,6.7,0,-300.1,-154.8,2.8024,-300.3,-154.8,2.7967,0.0,0.0,0.0000,-0.7,0.2,-0.0228,0.7,0.0,0,0.0,0.0,0.0000,0.00,0.00,0.00,0.00
5.3874,5.3830,4.4,0,-300.8,-155.2,2.7915,-300.3,-154.8,2.7967,0.0,0.0,0.0000,1.5,1.2,0.0207,-1.0,-1.7,0,0.0,0.0,0.0000,0.00,0.00,0.00,0.00
5.3950,5.3894,5.6,0,-300.2,-154.9,2.7981,-300.3,-154.8,2.7967,0.0,0.0,0.0000,-0.2,0.5,-0.0058,0.4,-0.4,0,0.0,0.0,0.0000,0.00,0.00,0.00,0.00
5.4031,5.3979,5.2,0,-300.2,-154.9,2.8028,-300.3,-154.8,2.7967,0.0,0.0,0.0000,-0.2,0.5,-0.0247,0.3,-0.4,0,0.0,0.0,0.0000,0.00,0.00,0.00,0.00
5.4111,5.4068,4.4,0,-300.1,-154.9,2.7950,-300.3,-154.8,2.7967,0.0,0.0,0.0000,-0.5,0.3,0.0066,0.6,-0.1,0,0.0,0.0,0.0000,0.00,0.00,0.00,0.00
5.4196,5.4169,2.7,0,-300.6,-155.1,2.7945,-300.3,-154.8,2.7967,0.0,0.0,0.0000,1.0,1.0,0.0087,-0.6,-1.3,0,0.0,0.0,0.0000,0.00,0.00,0.00,0.00
5.4271,5.4243,2.8,0,-300.0,-154.7,2.8073,-300.3,-154.8,2.7967,0.0,0.0,0.0000,-0.8,-0.3,-0.0427,0.7,0.6,0,0.0,0.0,0.0000,0.00,0.00,0.00,0.00
5.4350,5.4316,3.4,0,-300.3,-155.2,2.7980,-300.3,-154.8,2.7967,0.0,0.0,0.0000,0.1,1.3,-0.0055,0.3,-1.2,0,0.0,0.0,0.0000,0.00,0.00,0.00,0.00
5.4430,5.4403,2.7,0,-300.0,-155.0,2.7962,-300.3,-154.8,2.7967,0.0,0.0,0.0000,-0.8,0.7,0.0018,0.9,-0.4,0,0.0,0.0,0.0000,0.00,0.00,0.00,0.00
5.4509,5.4502,0.7,0,-300.2,-154.9,2.7976,-300.3,-154.8,2.7967,0.0,0.0,0.0000,-0.3,0.4,-0.0037,0.4,-0.3,0,0.0,0.0,0.0000,0.00,0.00,0.00,0.00
5.4589,5.4575,1.4,0,-300.4,-154.8,2.7959,-300.3,-154.8,2.7967,0.0,0.0,0.0000,0.4,0.1,0.0032,-0.4,-0.3,0,0.0,0.0,0.0000,0.00,0.00,0.00,0.00
5.4677,5.4653,2.4,0,-300.6,-155.3,2.7883,-300.3,-154.8,2.7967,0.0,0.0,0.0000,1.0,1.7,0.0334,-0.4,-1.9,0,0.0,0.0,0.0000,0.00,0.00,0.00,0.00
5.4753,5.4737,1.5,0,-300.1,-154.9,2.7984,-300.3,-154.8,2.7967,0.0,0.0,0.0000,-0.5,0.4,-0.0070,0.6,-0.2,0,0.0,0.0,0.0000,0.00,0.00,0.00,0.00
5.4839,5.4837,0.2,0,-300.1,-155.2,2.7977,-300.3,-154.8,2.7967,0.0,0.0,0.0000,-0.7,1.3,-0.0040,1.1,-1.0,0,0.0,0.0,0.0000,0.00,0.00,0.00,0.00
5.4919,5.4905,1.4,0,-300.1,-154.9,2.7993,-300.3,-154.8,2.7967,0.0,0.0,0.0000,-0.4,0.4,-0.0105,0.5,-0.2,0,0.0,0.0,0.0000,0.00,0.00,0.00,0.00
5.4996,5.4994,0.2,0,-300.4,-154.9,2.7913,-300.3,-154.8,2.7967,0.0,0.0,0.0000,0.4,0.5,0.0216,-0.2,-0.6,0,0.0,0.0,0.0000,0.00,0.00,0.00,0.00
5.5078,5.5076,0.2,0,-300.3,-154.9,2.8020,-300.3,-154.8,2.7967,0.0,0.0,0.0000,0.1,0.3,-0.0214,-0.0,-0.3,0,0.0,0.0,0.0000,0.00,0.00,0.00,0.00
5.5157,5.5076,8.1,0,-300.3,-154.9,2.8020,-300.3,-154.8,2.7967,0.0,0.0,0.0000,0.1,0.3,-0.0214,-0.0,-0.3,0,0.0,0.0,0.0000,0.00,0.00,0.00,0.00
5.5235,5.5170,6.5,0,-299.9,-155.0,2.8006,-300.3,-154.8,2.7967,0.0,0.0,0.0000,-1.2,0.7,-0.0158,1.4,-0.3,0,0.0,0.0,0.0000,0.00,0.00,0.00,0.00
5.5317,5.5240,7.7,0,-299.9,-154.7,2.8002,-300.3,-154.8,2.7967,0.0,0.0,0.0000,-1.2,-0.1,-0.0140,1.1,0.5,0,0.0,0.0,0.0000,0.00,0.00,0.00,0.00
5.5390,5.5331,5.9,0,-300.0,-154.9,2.8053,-300.3,-154.8,2.7967,0.0,0.0,0.0000,-0.8,0.3,-0.0346,0.9,-0.0,0,0.0,0.0,0.0000,0.00,0.00,0.00,0.00
5.5470,5.5416,5.4,0,-300.3,-155.0,2.7963,-300.3,-154.8,2.7967,0.0,0.0,0.0000,0.1,0.6,0.0015,0.1,-0.6,0,0.0,0.0,0.0000,0.00,0.00,0.00,0.00
5.5555,5.5507,4.8,0,-300.5,-155.2,2.7977,-300.3,-154.8,2.7967,0.0,0.0,0.0000,0.8,1.3,-0.0040,-0.3,-1.5,0,0.0,0.0,0.0000,0.00,0.00,0.00,0.00
5.5631,5.5586,4.5,0,-300.9,-155.3,2.7935,-300.3,-154.8,2.7967,0.0,0.0,0.0000,1.7,1.5,0.0127,-1.1,-2.0,0,0.0,0.0,0.0000,0.00,0.00,0.00,0.00
5.5715,5.5671,4.5,0,-300.4,-154.9,2.7954,-300.3,-154.8,2.7967,0.0,0.0,0.0000,0.3,0.5,0.0050,-0.2,-0.5,0,0.0,0.0,0.0000,0.00,0.00,0.00,0.00
5.5799,5.5752,4.7,0,-300.3,-155.0,2.8017,-300.3,-154.8,2.7967,0.0,0.0,0.0000,0.1,0.8,-0.0202,0.2,-0.8,0,0.0,0.0,0.0000,0.00,0.00,0.00,0.00
5.5875,5.5848,2.7,0,-300.2,-154.9,2.7933,-300.3,-154.8,2.7967,0.0,0.0,0.0000,-0.4,0.5,0.0134,0.5,-0.3,0,0.0,0.0,0.0000,0.00,0.00,0.00,0.00
5.5950,5.5925,2.4,0,-300.1,-154.9,2.7989,-300.3,-154.8,2.7967,0.0,0.0,0.0000,-0.5,0.3,-0.0089,0.6,-0.1,0,0.0,0.0,0.0000,0.00,0.00,0.00,0.00
5.6033,5.6005,2.8,0,-300.1,-154.6,2.8040,-300.3,-154.8,2.7967,0.0,0.0,0.0000,-0.6,-0.6,-0.0292,0.4,0.8,0,0.0,0.0,0.0000,0.00,0.00,0.00,0.00
5.6118,5.6091,2.7,0,-300.4,-154.9,2.7939,-300.3,-154.8,2.7967,0.0,0.0,0.0000,0.4,0.5,0.0110,-0.2,-0.6,0,0.0,0.0,0.0000,0.00,0.00,0.00,0.00
5.6199,5.6164,3.5,0,-300.6,-154.8,2.8008,-300.3,-154.8,2.7967,0.0,0.0,0.0000,1.0,0.1,-0.0166,-0.9,-0.5,0,0.0,0.0,0.0000,0.00,0.00,0.00,0.00
5.6272,5.6248,2.4,0,-300.0,-154.8,2.8034,-300.3,-154.8,2.7967,0.0,0.0,0.0000,-1.0,0.2,-0.0268,1.0,0.1,0,0.0,0.0,0.0000,0.00,0.00,0.00,0.00
5.6350,5.6332,1.8,0,-300.1,-154.8,2.8014,-300.3,-154.8,2.7967,0.0,0.0,0.0000,-0.5,0.0,-0.0189,0.5,0.1,0,0.0,0.0,0.0000,0.00,0.00,0.00,0.00
5.6429,5.6417,1.3,0,-300.0,-154.7,2.8020,-300.3,-154.8,2.7967,0.0,0.0,0.0000,-1.0,-0.1,-0.0213,0.9,0.4,0,0.0,0.0,0.0000,0.00,0.00,0.00,0.00
5.6513,5.6502,1.1,0,-300.2,-155.0,2.7997,-300.3,-154.8,2.7967,0.0,0.0,0.0000,-0.2,0.6,-0.0123,0.4,-0.5,0,0.0,0.0,0.0000,0.00,0.00,0.00,0.00
5.6599,5.6586,1.3,0,-300.1,-154.9,2.8020,-300.3,-154.8,2.7967,0.0,0.0,0.0000,-0.6,0.4,-0.0212,0.7,-0.2,0,0.0,0.0,0.0000,0.00,0.00,0.00,0.00
5.6679,5.6586,9.3,0,-300.1,-154.9,2.8020,-300.3,-154.8,2.7967,0.0,0.0,0.0000,-0.6,0.4,-0.0212,0.7,-0.2,0,0.0,0.0,0.0000,0.00,0.00,0.00,0.00
5.6759,5.6670,8.9,0,-300.7,-154.8,2.7998,-300.3,-154.8,2.7967,0.0,0.0,0.0000,1.1,0.2,-0.0125,-1.0,-0.6,0,0.0,0.0,0.0000,0.00,0.00,0.00,0.00
5.6830,5.6755,7.5,0,-300.4,-154.7,2.8022,-300.3,-154.8,2.7967,0.0,0.0,0.0000,0.2,-0.1,-0.0221,-0.2,-0.0,0,0.0,0.0,0.0000,0.00,0.00,0.00,0.00
5.6920,5.6840,7.9,0,-300.0,-154.8,2.7948,-300.3,-154.8,2.7967,0.0,0.0,0.0000,-1.0,0.2,0.0074,1.0,0.2,0,0.0,0.0,0.0000,0.00,0.00,0.00,0.00
5.6994,5.6924,7.0,0,-300.5,-154.8,2.8014,-300.3,-154.8,2.7967,0.0,0.0,0.0000,0.6,0.1,-0.0191,-0.5,-0.3,0,0.0,0.0,0.0000,0.00,0.00,0.00,0.00
5.7074,5.7009,6.6,0,-300.1,-155.1,2.7993,-300.3,-154.8,2.7967,0.0,0.0,0.0000,-0.5,1.0,-0.0104,0.8,-0.7,0,0.0,0.0,0.0000,0.00,0.00,0.00,0.00
5.7153,5.7093,6.0,0,-300.0,-155.0,2.7970,-300.3,-154.8,2.7967,0.0,0.0,0.0000,-0.9,0.8,-0.0014,1.1,-0.5,0,0.0,0.0,0.0000,0.00,0.00,0.00,0.00
5.7238,5.7178,6.0,0,-300.4,-154.9,2.7996,-300.3,-154.8,2.7967,0.0,0.0,0.0000,0.4,0.5,-0.0118,-0.2,-0.6,0,0.0,0.0,0.0000,0.00,0.00,0.00,0.00
5.7310,5.7262,4.8,0,-300.0,-154.6,2.7971,-300.3,-154.8,2.7967,0.0,0.0,0.0000,-0.9,-0.6,-0.0017,0.7,0.8,0,0.0,0.0,0.0000,0.00,0.00,0.00,0.00
5.7396,5.7346,4.9,0,-300.1,-154.7,2.7984,-300.3,-154.8,2.7967,0.0,0.0,0.0000,-0.5,-0.0,-0.0070,0.4,0.2,0,0.0,0.0,0.0000,0.00,0.00,0.00,0.00
5.7477,5.7431,4.6,0,-300.4,-155.1,2.7972,-300.3,-154.8,2.7967,0.0,0.0,0.0000,0.5,0.9,-0.0022,-0.1,-1.0,0,0.0,0.0,0.0000,0.00,0.00,0.00,0.00
5.7550,5.7516,3.4,0,-300.0,-154.9,2.7996,-300.3,-154.8,2.7967,0.0,0.0,0.0000,-1.0,0.3,-0.0118,1.1,0.1,0,0.0,0.0,0.0000,0.00,0.00,0.00,0.00
5.7629,5.7600,2.9,0,-300.5,-154.8,2.7976,-300.3,-154.8,2.7967,0.0,0.0,0.0000,0.6,0.1,-0.0036,-0.5,-0.3,0,0.0,0.0,0.0000,0.00,0.00,0.00,0.00
5.7718,5.7684,3.4,0,-300.2,-155.1,2.7994,-300.3,-154.8,2.7967,0.0,0.0,0.0000,-0.2,1.0,-0.0111,0.6,-0.9,0,0.0,0.0,0.0000,0.00,0.00,0.00,0.00
5.7794,5.7768,2.5,0,-300.2,-154.9,2.7972,-300.3,-154.8,2.7967,0.0,0.0,0.0000,-0.2,0.3,-0.0021,0.3,-0.2,0,0.0,0.0,0.0000,0.00,0.00,0.00,0.00
5.7881,5.7853,2.8,0,-299.8,-155.0,2.7996,-300.3,-154.8,2.7967,0.0,0.0,0.0000,-1.5,0.6,-0.0118,1.6,-0.1,0,0.0,0.0,0.0000,0.00,0.00,0.00,0.00
5.7949,5.7853,9.7,0,-299.8,-155.0,2.7996,-300.3,-154.8,2.7967,0.0,0.0,0.0000,-1.5,0.6,-0.0118,1.6,-0.1,0,0.0,0.0,0.0000,0.00,0.00,0.00,0.00
5.8031,5.7938,9.3,0,-300.2,-154.8,2.8052,-300.3,-154.8,2.7967,0.0,0.0,0.0000,-0.2,0.2,-0.0343,0.3,-0.2,0,0.0,0.0,0.0000,0.00,0.00,0.00,0.00
5.8111,5.8022,9.0,0,-300.4,-154.8,2.8011,-300.3,-154.8,2.7967,0.0,0.0,0.0000,0.4,0.1,-0.0177,-0.4,-0.2,0,0.0,0.0,0.0000,0.00,0.00,0.00,0.00
5.8192,5.8106,8.6,0,-300.3,-155.2,2.8029,-300.3,-154.8,2.7967,0.0,0.0,0.0000,-0.1,1.2,-0.0248,0.5,-1.1,0,0.0,0.0,0.0000,0.00,0.00,0.00,0.00
5.8278,5.8193,8.5,0,-300.3,-154.6,2.7989,-300.3,-154.8,2.7967,0.0,0.0,0.0000,0.1,-0.6,-0.0089,-0.3,0.5,0,0.0,0.0,0.0000,0.00,0.00,0.00,0.00
5.8356,5.8276,8.0,0,-300.2,-155.2,2.7980,-300.3,-154.8,2.7967,0.0,0.0,0.0000,-0.2,1.4,-0.0055,0.6,-1.3,0,0.0,0.0,0.0000,0.00,0.00,0.00,0.00
5.8438,5.8361,7.8,0,-300.0,-154.9,2.7979,-300.3,-154.8,2.7967,0.0,0.0,0.0000,-1.0,0.5,-0.0050,1.1,-0.1,0,0.0,0.0,0.0000,0.00,0.00,0.00,0.00
5.8519,5.8445,7.4,0,-300.3,-154.7,2.7964,-300.3,-154.8,2.7967,0.0,0.0,0.0000,0.0,-0.1,0.0009,-0.1,0.1,0,0.0,0.0,0.0000,0.00,0.00,0.00,0.00
5.8589,5.8532,5.7,0,-300.4,-154.6,2.8067,-300.3,-154.8,2.7967,0.0,0.0,0.0000,0.4,-0.5,-0.0403,-0.5,0.4,0,0.0,0.0,0.0000,0.00,0.00,0.00,0.00
5.8675,5.8614,6.2,0,-300.3,-154.9,2.8006,-300.3,-154.8,2.7967,0.0,0.0,0.0000,0.0,0.4,-0.0159,0.1,-0.4,0,0.0,0.0,0.0000,0.00,0.00,0.00,0.00
5.8749,5.8699,5.0,0,-299.9,-154.6,2.8023,-300.3,-154.8,2.7967,0.0,0.0,0.0000,-1.2,-0.5,-0.0225,1.0,0.9,0,0.0,0.0,0.0000,0.00,0.00,0.00,0.00
5.8836,5.8783,5.3,0,-300.3,-154.7,2.7980,-300.3,-154.8,2.7967,0.0,0.0,0.0000,0.1,-0.1,-0.0053,-0.1,0.1,0,0.0,0.0,0.0000,0.00,0.00,0.00,0.00
5.8913,5.8869,4.4,0,-300.0,-154.6,2.8032,-300.3,-154.8,2.7967,0.0,0.0,0.0000,-0.9,-0.4,-0.0260,0.7,0.7,0,0.0,0.0,0.0000,0.00,0.00,0.00,0.00
5.8996,5.8952,4.5,0,-300.1,-154.9,2.7998,-300.3,-154.8,2.7967,0.0,0.0,0.0000,-0.6,0.3,-0.0127,0.6,-0.1,0,0.0,0.0,0.0000,0.00,0.00,0.00,0.00
5.9075,5.9036,3.9,0,-300.5,-154.8,2.7956,-300.3,-154.8,2.7967,0.0,0.0,0.0000,0.6,0.3,0.0044,-0.5,-0.4,0,0.0,0.0,0.0000,0.00,0.00,0.00,0.00
