t_s,tv_s,vision_age_ms,held,pose_x_mm,pose_y_mm,pose_theta_rad,ref_x_mm,ref_y_mm,ref_theta_rad,ref_vx_mm_s,ref_vy_mm_s,ref_omega_rad_s,cmd_world_vx_mm_s,cmd_world_vy_mm_s,cmd_omega_rad_s,cmd_body_vx_mm_s,cmd_body_vy_mm_s
-0.2950,-0.2951,0.1,0,149.6,-868.5,1.6364,149.4,-868.6,1.6371,0.0,0.0,0.0000,-0.5,-0.3,0.0030,-0.3,0.5
-0.2869,-0.2869,0.0,0,149.2,-868.4,1.6412,149.4,-868.6,1.6371,0.0,0.0,0.0000,0.7,-0.5,-0.0162,-0.5,-0.7
-0.2795,-0.2869,7.4,0,149.2,-868.4,1.6412,149.4,-868.6,1.6371,0.0,0.0,0.0000,0.7,-0.5,-0.0162,-0.5,-0.7
-0.2712,-0.2869,15.8,0,149.2,-868.4,1.6412,149.4,-868.6,1.6371,0.0,0.0,0.0000,0.7,-0.5,-0.0162,-0.5,-0.7
-0.2627,-0.2698,7.1,0,149.7,-868.3,1.6354,149.4,-868.6,1.6371,0.0,0.0,0.0000,-1.0,-1.0,0.0070,-0.9,1.1
-0.2553,-0.2605,5.2,0,149.2,-868.5,1.6395,149.4,-868.6,1.6371,0.0,0.0,0.0000,0.6,-0.3,-0.0095,-0.3,-0.6
-0.2475,-0.2529,5.4,0,149.6,-868.5,1.6393,149.4,-868.6,1.6371,0.0,0.0,0.0000,-0.6,-0.3,-0.0089,-0.3,0.6
-0.2390,-0.2422,3.2,0,149.6,-868.5,1.6393,149.4,-868.6,1.6371,0.0,0.0,0.0000,-0.7,-0.2,-0.0087,-0.2,0.7
-0.2313,-0.2355,4.3,0,149.5,-868.4,1.6389,149.4,-868.6,1.6371,0.0,0.0,0.0000,-0.4,-0.5,-0.0073,-0.5,0.5
-0.2228,-0.2272,4.4,0,149.2,-868.5,1.6383,149.4,-868.6,1.6371,0.0,0.0,0.0000,0.6,-0.2,-0.0046,-0.3,-0.6
-0.2148,-0.2186,3.9,0,149.3,-868.3,1.6432,149.4,-868.6,1.6371,0.0,0.0,0.0000,0.3,-0.9,-0.0244,-1.0,-0.3
-0.2065,-0.2088,2.3,0,149.8,-868.2,1.6415,149.4,-868.6,1.6371,0.0,0.0,0.0000,-1.2,-1.0,-0.0174,-0.9,1.3
-0.1988,-0.2020,3.2,0,149.6,-868.5,1.6417,149.4,-868.6,1.6371,0.0,0.0,0.0000,-0.7,-0.3,-0.0183,-0.2,0.8
-0.1910,-0.1936,2.6,0,149.6,-868.2,1.6384,149.4,-868.6,1.6371,0.0,0.0,0.0000,-0.7,-1.0,-0.0049,-1.0,0.8
-0.1827,-0.1850,2.3,0,149.2,-868.4,1.6386,149.4,-868.6,1.6371,0.0,0.0,0.0000,0.5,-0.5,-0.0060,-0.5,-0.5
-0.1754,-0.1755,0.1,0,149.7,-868.3,1.6386,149.4,-868.6,1.6371,0.0,0.0,0.0000,-0.9,-0.8,-0.0058,-0.7,1.0
-0.1669,-0.1683,1.4,0,149.7,-868.5,1.6361,149.4,-868.6,1.6371,0.0,0.0,0.0000,-1.1,-0.3,0.0039,-0.2,1.1
-0.1591,-0.1592,0.1,0,149.6,-868.2,1.6417,149.4,-868.6,1.6371,0.0,0.0,0.0000,-0.7,-1.3,-0.0185,-1.2,0.8
-0.1506,-0.1507,0.1,0,149.3,-868.5,1.6378,149.4,-868.6,1.6371,0.0,0.0,0.0000,0.2,-0.2,-0.0026,-0.2,-0.1
-0.1425,-0.1507,8.2,0,149.3,-868.5,1.6378,149.4,-868.6,1.6371,0.0,0.0,0.0000,0.2,-0.2,-0.0026,-0.2,-0.1
-0.1344,-0.1345,0.1,0,149.3,-868.4,1.6381,149.4,-868.6,1.6371,0.0,0.0,0.0000,0.2,-0.4,-0.0038,-0.4,-0.2
-0.1266,-0.1345,7.9,0,149.3,-868.4,1.6381,149.4,-868.6,1.6371,0.0,0.0,0.0000,0.2,-0.4,-0.0038,-0.4,-0.2
-0.1186,-0.1262,7.5,0,149.6,-868.3,1.6426,149.4,-868.6,1.6371,0.0,0.0,0.0000,-0.6,-0.7,-0.0217,-0.7,0.6
-0.1110,-0.1175,6.6,0,149.4,-868.2,1.6402,149.4,-868.6,1.6371,0.0,0.0,0.0000,-0.0,-1.1,-0.0122,-1.1,0.1
-0.1033,-0.1086,5.3,0,149.2,-868.0,1.6488,149.4,-868.6,1.6371,0.0,0.0,0.0000,0.5,-1.7,-0.0469,-1.7,-0.3
-0.0952,-0.1010,5.9,0,149.2,-868.5,1.6410,149.4,-868.6,1.6371,0.0,0.0,0.0000,0.6,-0.3,-0.0156,-0.3,-0.6
-0.0864,-0.0921,5.7,0,149.7,-868.8,1.6390,149.4,-868.6,1.6371,0.0,0.0,0.0000,-1.0,0.6,-0.0074,0.7,1.0
-0.0793,-0.0836,4.3,0,149.6,-868.4,1.6372,149.4,-868.6,1.6371,0.0,0.0,0.0000,-0.7,-0.5,-0.0004,-0.5,0.7
-0.0706,-0.0752,4.6,0,149.5,-868.1,1.6414,149.4,-868.6,1.6371,0.0,0.0,0.0000,-0.3,-1.4,-0.0172,-1.3,0.4
-0.0632,-0.0667,3.5,0,149.6,-868.5,1.6410,149.4,-868.6,1.6371,0.0,0.0,0.0000,-0.7,-0.3,-0.0155,-0.3,0.7
-0.0554,-0.0555,0.1,0,149.7,-868.4,1.6396,149.4,-868.6,1.6371,0.0,0.0,0.0000,-1.1,-0.6,-0.0099,-0.5,1.1
-0.0475,-0.0500,2.5,0,149.6,-868.7,1.6388,149.4,-868.6,1.6371,0.0,0.0,0.0000,-0.5,0.3,-0.0069,0.3,0.5
-0.0386,-0.0412,2.6,0,149.6,-868.4,1.6384,149.4,-868.6,1.6371,0.0,0.0,0.0000,-0.6,-0.6,-0.0051,-0.6,0.6
-0.0304,-0.0319,1.4,0,149.6,-868.5,1.6467,149.4,-868.6,1.6371,0.0,0.0,0.0000,-0.6,-0.3,-0.0384,-0.3,0.6
-0.0226,-0.0246,2.0,0,149.6,-868.6,1.6374,149.4,-868.6,1.6371,0.0,0.0,0.0000,-0.6,-0.0,-0.0012,-0.0,0.6
-0.0152,-0.0164,1.2,0,149.5,-868.3,1.6418,149.4,-868.6,1.6371,0.0,0.0,0.0000,-0.3,-0.9,-0.0186,-0.9,0.3
-0.0063,-0.0077,1.3,0,149.4,-868.4,1.6404,149.4,-868.6,1.6371,0.0,0.0,0.0000,0.1,-0.5,-0.0133,-0.5,-0.0
0.0007,0.0006,0.1,0,149.5,-868.6,1.6408,149.4,-868.6,1.6371,-0.5,7.6,-0.0000,-0.8,7.5,-0.0147,7.5,0.3
0.0092,0.0091,0.1,0,149.7,-868.4,1.6430,149.4,-868.5,1.6371,-0.4,6.8,-0.0000,-1.5,6.5,-0.0237,6.6,1.0
0.0165,0.0091,7.5,0,149.7,-868.4,1.6430,149.4,-868.5,1.6371,-0.4,6.8,-0.0000,-2.1,16.3,-0.0237,16.4,0.9
0.0254,0.0179,7.5,0,149.6,-868.6,1.6439,149.4,-868.4,1.6371,-1.1,17.7,-0.0000,-2.4,26.0,-0.0270,26.2,0.5
0.0334,0.0260,7.4,0,149.9,-868.6,1.6439,149.4,-868.2,1.6371,-1.7,25.6,0.0000,-4.2,34.9,-0.0272,35.1,1.7
0.0408,0.0344,6.5,0,149.7,-868.5,1.6358,149.3,-868.0,1.6371,-2.7,34.2,0.0000,-4.5,42.8,0.0053,43.0,1.8
0.0494,0.0471,2.3,0,149.7,-868.4,1.6388,149.3,-867.5,1.6371,-3.8,47.0,-0.0000,-5.2,52.4,-0.0069,52.6,1.6
0.0567,0.0514,5.3,0,149.9,-868.5,1.6375,149.3,-867.3,1.6371,-4.0,51.5,-0.0000,-6.4,61.5,-0.0017,61.8,2.3
0.0647,0.0601,4.6,0,149.6,-868.4,1.6396,149.2,-866.8,1.6371,-4.6,60.2,-0.0000,-5.9,70.2,-0.0099,70.5,1.1
0.0730,0.0685,4.4,0,149.6,-868.3,1.6392,149.2,-866.2,1.6371,-5.2,68.2,0.0000,-6.7,79.7,-0.0084,80.0,1.3
0.0812,0.0766,4.6,0,149.7,-868.3,1.6401,149.2,-865.7,1.6371,-5.7,76.2,-0.0000,-7.5,90.1,-0.0119,90.4,1.2
0.0889,0.0873,1.6,0,149.2,-868.5,1.6402,149.1,-864.8,1.6371,-6.2,87.3,0.0000,-6.7,100.3,-0.0125,100.6,-0.2
0.0974,0.0951,2.3,0,149.6,-868.4,1.6399,149.0,-864.1,1.6371,-7.4,94.8,0.0000,-9.6,110.6,-0.0112,111.0,1.9
0.1047,0.1023,2.4,0,149.7,-867.9,1.6456,149.0,-863.4,1.6371,-8.5,101.6,-0.0000,-11.0,118.5,-0.0338,118.9,2.1
0.1134,0.1109,2.6,0,149.6,-868.2,1.6423,148.9,-862.4,1.6371,-9.7,110.3,-0.0000,-12.2,131.1,-0.0207,131.6,2.8
0.1206,0.1193,1.3,0,150.1,-868.0,1.6404,148.8,-861.5,1.6371,-11.1,118.8,0.0000,-15.1,140.1,-0.0130,140.8,5.3
0.1295,0.1272,2.3,0,149.9,-867.7,1.6455,148.7,-860.5,1.6371,-11.9,126.8,-0.0000,-15.6,151.7,-0.0337,152.4,4.3
0.1375,0.1360,1.5,0,150.3,-867.4,1.6522,148.6,-859.4,1.6371,-12.5,135.8,-0.0000,-18.0,162.1,-0.0604,163.1,4.8
0.1454,0.1360,9.4,0,150.3,-867.4,1.6522,148.6,-859.4,1.6371,-12.5,135.8,-0.0000,-20.5,172.9,-0.0604,174.0,6.3
0.1526,0.1525,0.1,0,150.3,-867.3,1.6512,148.4,-857.0,1.6371,-16.6,151.6,-0.0000,-22.2,182.7,-0.0562,183.8,7.5
0.1607,0.1595,1.2,0,150.2,-866.9,1.6572,148.3,-855.9,1.6371,-17.4,158.4,-0.0000,-23.3,193.2,-0.0804,194.4,6.5
0.1691,0.1595,9.6,0,150.2,-866.9,1.6572,148.3,-855.9,1.6371,-17.4,158.4,-0.0000,-24.8,205.4,-0.0804,206.8,7.0
0.1776,0.1701,7.5,0,150.2,-866.5,1.6582,148.1,-854.2,1.6371,-18.8,168.6,0.0000,-28.4,217.0,-0.0843,218.7,9.3
0.1851,0.1783,6.8,0,150.4,-865.8,1.6654,147.9,-852.7,1.6371,-21.9,177.0,-0.0000,-31.7,226.7,-0.1131,228.6,10.2
0.1927,0.1866,6.0,0,150.1,-865.6,1.6710,147.7,-851.2,1.6371,-24.2,185.2,-0.0000,-32.6,237.3,-0.1356,239.4,8.7
0.2006,0.1951,5.5,0,150.4,-865.1,1.6756,147.5,-849.6,1.6371,-25.2,193.3,-0.0000,-35.5,248.3,-0.1540,250.7,9.3
0.2091,0.2034,5.7,0,150.5,-864.1,1.6691,147.3,-848.0,1.6371,-27.0,201.4,-0.0000,-38.8,259.0,-0.1280,261.6,13.1
0.2175,0.2120,5.4,0,150.9,-863.6,1.6830,147.0,-846.2,1.6371,-29.2,210.2,-0.0000,-42.7,271.2,-0.1835,274.2,12.1
0.2250,0.2207,4.3,0,151.1,-862.7,1.6897,146.8,-844.4,1.6371,-32.0,218.7,-0.0000,-47.1,280.5,-0.2102,284.1,13.5
0.2329,0.2285,4.4,0,150.9,-861.9,1.6906,146.5,-842.6,1.6371,-35.3,226.1,-0.0000,-50.7,291.2,-0.2140,295.1,15.5
0.2416,0.2359,5.7,0,151.0,-860.1,1.6932,146.3,-840.9,1.6371,-37.9,233.0,0.0000,-54.5,299.5,-0.2242,303.9,17.6
0.2491,0.2456,3.5,0,151.4,-859.2,1.6888,145.9,-838.6,1.6371,-41.0,241.6,-0.0000,-59.1,309.1,-0.2066,313.9,22.4
0.2569,0.2525,4.3,0,151.4,-857.6,1.6872,145.6,-836.9,1.6371,-43.5,248.3,0.0000,-63.2,318.1,-0.2004,323.3,25.8
0.2648,0.2625,2.3,0,151.8,-856.3,1.6985,145.1,-834.4,1.6371,-47.3,258.6,0.0000,-68.4,328.1,-0.2457,334.2,26.1
0.2735,0.2711,2.4,0,151.4,-853.9,1.6825,144.7,-832.2,1.6371,-50.9,266.4,0.0000,-72.4,335.8,-0.1815,341.7,34.5
0.2807,0.2794,1.2,0,151.0,-852.0,1.6698,144.3,-829.9,1.6371,-54.1,274.0,-0.0000,-75.2,342.5,-0.1308,348.2,41.0
0.2893,0.2881,1.2,0,150.9,-850.3,1.6650,143.8,-827.5,1.6371,-58.5,281.8,-0.0000,-80.7,352.5,-0.1115,358.5,47.2
0.2968,0.2967,0.1,0,151.2,-848.4,1.6510,143.3,-825.0,1.6371,-62.7,289.6,-0.0000,-86.5,359.8,-0.0553,365.6,57.4
0.3048,0.3048,0.0,0,151.5,-846.2,1.6565,142.7,-822.7,1.6371,-67.1,297.4,0.0000,-93.5,368.0,-0.0774,374.6,61.7
0.3131,0.3048,8.3,0,151.5,-846.2,1.6565,142.7,-822.7,1.6371,-67.1,297.4,0.0000,-99.7,383.3,-0.0774,390.5,66.5
0.3208,0.3142,6.6,0,151.9,-843.5,1.6567,142.1,-819.8,1.6371,-72.1,306.2,0.0000,-106.4,389.0,-0.0785,396.7,72.6
0.3285,0.3221,6.4,0,151.9,-841.2,1.6447,141.5,-817.4,1.6371,-76.1,312.8,0.0000,-112.1,395.9,-0.0302,403.1,82.6
0.3369,0.3304,6.5,0,151.8,-839.2,1.6392,140.8,-814.7,1.6371,-80.6,320.0,-0.0000,-119.7,405.5,-0.0084,412.8,91.6
0.3452,0.3405,4.7,0,151.6,-835.9,1.6349,140.0,-811.5,1.6371,-87.4,329.3,0.0000,-126.7,411.4,0.0089,418.7,100.1
0.3536,0.3472,6.4,0,151.8,-833.3,1.6297,139.4,-809.2,1.6371,-91.8,335.2,0.0000,-135.2,419.4,0.0297,426.7,110.3
0.3610,0.3567,4.3,0,152.0,-829.7,1.6380,138.5,-806.0,1.6371,-98.4,343.2,-0.0000,-143.0,422.2,-0.0035,430.9,114.3
0.3686,0.3642,4.4,0,151.7,-827.4,1.6229,137.7,-803.4,1.6371,-103.5,349.5,0.0000,-149.6,429.6,0.0568,436.8,127.0
0.3772,0.3726,4.6,0,151.4,-823.1,1.6368,136.8,-800.5,1.6371,-109.0,356.3,0.0000,-157.6,433.0,0.0012,442.5,128.7
0.3854,0.3809,4.4,0,150.9,-820.5,1.6226,135.9,-797.5,1.6371,-115.1,363.0,0.0000,-165.3,441.2,0.0581,449.2,142.3
0.3933,0.3897,3.6,0,151.2,-817.3,1.6226,134.9,-794.2,1.6371,-122.0,371.6,0.0000,-175.0,446.9,0.0579,455.4,151.6
0.4010,0.3984,2.6,0,151.3,-813.9,1.6171,133.8,-791.0,1.6371,-128.3,374.4,0.0000,-184.0,446.3,0.0800,454.4,163.1
0.4087,0.4064,2.3,0,151.0,-810.1,1.6187,132.7,-788.0,1.6371,-134.7,376.9,0.0000,-191.8,446.2,0.0738,454.9,170.2
0.4171,0.4146,2.4,0,150.9,-806.4,1.6231,131.6,-784.9,1.6371,-138.8,375.7,0.0000,-198.6,442.3,0.0562,452.0,175.3
0.4250,0.4236,1.4,0,150.4,-801.6,1.6232,130.3,-781.5,1.6371,-143.1,374.1,0.0000,-204.5,435.7,0.0555,445.8,181.4
0.4332,0.4319,1.3,0,150.4,-798.7,1.6313,129.1,-778.4,1.6371,-146.8,372.0,-0.0000,-211.7,433.9,0.0231,445.9,185.1
0.4411,0.4398,1.2,0,150.2,-794.5,1.6270,127.9,-775.5,1.6371,-150.3,370.2,0.0000,-218.3,428.4,0.0403,440.0,193.9
0.4488,0.4487,0.1,0,149.3,-791.1,1.6335,126.6,-772.2,1.6371,-154.8,368.6,0.0000,-223.2,425.2,0.0143,438.4,196.1
0.4566,0.4565,0.1,0,148.8,-786.7,1.6359,125.4,-769.3,1.6371,-158.7,367.2,-0.0000,-229.1,419.2,0.0049,433.2,201.4
0.4654,0.4652,0.1,0,148.9,-782.7,1.6402,124.0,-766.1,1.6371,-163.0,365.0,-0.0000,-237.8,415.0,-0.0122,430.5,208.5
0.4732,0.4652,7.9,0,148.9,-782.7,1.6402,124.0,-766.1,1.6371,-163.0,365.0,-0.0000,-245.5,421.7,-0.0122,437.7,215.7
0.4813,0.4741,7.2,0,148.7,-779.0,1.6390,122.5,-762.9,1.6371,-167.4,363.0,-0.0000,-253.4,417.9,-0.0075,434.2,224.3
0.4889,0.4825,6.4,0,147.7,-774.1,1.6297,121.1,-759.9,1.6371,-171.6,361.7,0.0000,-258.1,410.0,0.0296,424.4,233.5
0.4966,0.4921,4.4,0,147.2,-769.9,1.6437,119.4,-756.4,1.6371,-176.2,359.6,0.0000,-263.8,403.5,-0.0265,421.7,233.7
0.5051,0.4991,6.0,0,147.3,-766.1,1.6480,118.2,-753.9,1.6371,-179.2,357.5,-0.0000,-272.6,398.8,-0.0437,418.7,241.0
0.5131,0.5076,5.4,0,146.9,-762.0,1.6437,116.6,-750.9,1.6371,-183.2,355.3,0.0000,-279.8,393.4,-0.0262,412.7,250.5
0.5214,0.5178,3.7,0,146.0,-758.3,1.6423,114.7,-747.3,1.6371,-188.3,353.3,-0.0000,-286.0,389.3,-0.0208,408.8,257.5
0.5285,0.5273,1.2,0,145.3,-753.5,1.6501,112.9,-743.9,1.6371,-193.0,350.4,-0.0000,-291.3,380.0,-0.0520,401.9,260.3
0.5373,0.5330,4.3,0,143.9,-749.6,1.6532,111.8,-741.9,1.6371,-196.0,348.4,-0.0000,-296.7,374.7,-0.0642,397.8,264.9
0.5447,0.5413,3.3,0,142.5,-745.9,1.6543,110.2,-739.0,1.6371,-199.6,346.3,0.0000,-299.7,369.9,-0.0687,393.6,267.8
0.5536,0.5510,2.6,0,141.2,-741.7,1.6558,108.2,-735.7,1.6371,-203.4,344.4,0.0000,-305.2,364.5,-0.0746,389.1,273.2
0.5614,0.5613,0.1,0,140.1,-737.6,1.6686,106.1,-732.2,1.6371,-208.0,341.8,-0.0000,-310.3,358.3,-0.1259,386.8,273.8
0.5690,0.5667,2.3,0,139.7,-733.4,1.6608,105.0,-730.3,1.6371,-210.4,340.4,-0.0000,-317.0,351.2,-0.0948,378.3,284.2
0.5769,0.5754,1.4,0,137.6,-729.7,1.6664,103.1,-727.4,1.6371,-214.7,337.4,0.0000,-319.7,345.2,-0.1171,374.1,285.3
0.5852,0.5839,1.3,0,135.7,-725.8,1.6592,101.3,-724.5,1.6371,-218.9,334.1,0.0000,-323.7,339.0,-0.0884,366.2,292.5
0.5925,0.5839,8.6,0,135.7,-725.8,1.6592,101.3,-724.5,1.6371,-218.9,334.1,0.0000,-331.8,345.0,-0.0884,372.9,300.0
0.6005,0.5939,6.6,0,134.3,-722.1,1.6682,99.1,-721.2,1.6371,-223.5,332.3,-0.0000,-336.7,340.0,-0.1243,371.2,302.1
0.6087,0.6007,8.0,0,133.0,-718.3,1.6739,97.5,-718.9,1.6371,-226.6,330.7,0.0000,-341.3,333.8,-0.1471,367.2,305.1
0.6169,0.6093,7.6,0,131.4,-714.6,1.6734,95.6,-716.1,1.6371,-229.5,327.6,-0.0000,-345.0,327.9,-0.1450,361.5,309.6
0.6255,0.6177,7.8,0,128.6,-710.8,1.6677,93.6,-713.4,1.6371,-232.6,324.8,0.0000,-347.1,321.8,-0.1223,353.9,314.3
0.6328,0.6277,5.0,0,126.5,-707.2,1.6851,91.3,-710.1,1.6371,-238.0,321.2,0.0000,-349.6,315.5,-0.1921,353.4,311.3
0.6411,0.6346,6.6,0,124.2,-703.8,1.6737,89.6,-707.9,1.6371,-241.1,318.9,-0.0000,-351.9,310.9,-0.1464,345.4,318.1
0.6495,0.6429,6.6,0,121.7,-701.2,1.6639,87.6,-705.3,1.6371,-244.3,316.5,-0.0000,-354.1,308.6,-0.1070,340.2,323.9
0.6571,0.6514,5.7,0,120.2,-697.4,1.6685,85.5,-702.6,1.6371,-247.8,314.0,-0.0000,-358.4,302.0,-0.1256,335.5,327.2
0.6647,0.6613,3.4,0,116.9,-694.2,1.6711,83.0,-699.5,1.6371,-251.9,311.1,-0.0000,-357.5,297.3,-0.1360,331.6,326.0
0.6725,0.6682,4.4,0,114.3,-690.7,1.6687,81.3,-697.4,1.6371,-254.7,308.8,-0.0000,-358.9,291.3,-0.1263,325.0,328.7
0.6816,0.6769,4.7,0,112.2,-687.2,1.6794,79.1,-694.7,1.6371,-258.2,306.0,0.0000,-363.3,286.0,-0.1692,323.7,330.1
0.6896,0.6881,1.5,0,109.2,-684.2,1.6732,76.1,-691.3,1.6371,-263.1,301.3,-0.0000,-364.2,280.5,-0.1445,316.2,333.6
0.6971,0.6938,3.3,0,106.0,-681.6,1.6758,74.6,-689.6,1.6371,-265.9,298.6,0.0000,-364.1,276.4,-0.1547,313.1,333.1
0.7049,0.7023,2.6,0,103.0,-678.8,1.6765,72.4,-687.1,1.6371,-268.8,295.9,0.0000,-363.6,273.0,-0.1577,309.8,332.8
0.7127,0.7104,2.3,0,100.7,-675.7,1.6687,70.2,-684.7,1.6371,-271.2,293.9,-0.0000,-365.4,268.3,-0.1264,302.7,337.4
0.7212,0.7188,2.5,0,96.9,-673.1,1.6774,67.9,-682.2,1.6371,-274.6,290.8,0.0000,-364.7,264.6,-0.1610,301.9,334.5
0.7294,0.7280,1.4,0,93.6,-670.2,1.6701,65.3,-679.5,1.6371,-278.4,287.2,0.0000,-364.9,259.8,-0.1319,294.7,337.3
0.7373,0.7360,1.2,0,91.2,-667.6,1.6782,63.1,-677.3,1.6371,-281.7,284.1,-0.0000,-367.5,255.7,-0.1644,293.6,338.0
0.7456,0.7443,1.2,0,87.7,-664.9,1.6674,60.7,-674.9,1.6371,-285.1,281.1,-0.0000,-367.4,251.7,-0.1213,285.9,341.4
0.7530,0.7529,0.1,0,84.1,-663.1,1.6684,58.3,-672.5,1.6371,-288.2,277.3,-0.0000,-365.7,249.2,-0.1250,283.6,339.7
0.7606,0.7529,7.7,0,84.1,-663.1,1.6684,58.3,-672.5,1.6371,-288.2,277.3,-0.0000,-375.1,252.2,-0.1250,287.6,348.8
0.7686,0.7622,6.4,0,80.5,-661.2,1.6666,55.6,-670.0,1.6371,-291.5,273.5,0.0000,-373.7,250.6,-0.1180,285.2,348.0
0.7772,0.7695,7.7,0,77.8,-658.6,1.6670,53.5,-668.0,1.6371,-293.8,271.4,0.0000,-376.3,247.1,-0.1196,282.1,350.8
0.7847,0.7781,6.6,0,73.9,-655.4,1.6640,50.9,-665.7,1.6371,-296.6,268.5,-0.0000,-373.8,240.2,-0.1076,273.9,349.9
0.7925,0.7863,6.2,0,70.9,-653.0,1.6697,48.5,-663.5,1.6371,-299.7,264.9,0.0000,-374.7,235.9,-0.1304,271.8,349.5
0.8011,0.7948,6.3,0,67.1,-651.4,1.6572,45.9,-661.2,1.6371,-302.8,261.3,0.0000,-374.5,233.8,-0.0804,265.2,352.9
0.8085,0.8031,5.4,0,63.8,-650.2,1.6630,43.4,-659.1,1.6371,-305.8,257.2,0.0000,-373.8,232.3,-0.1034,265.7,350.9
0.8174,0.8118,5.6,0,59.8,-647.8,1.6652,40.7,-656.8,1.6371,-309.0,253.5,0.0000,-373.7,228.7,-0.1122,262.9,350.5
0.8246,0.8210,3.6,0,56.8,-645.6,1.6646,37.9,-654.5,1.6371,-312.6,250.4,-0.0000,-373.9,224.9,-0.1099,258.9,351.2
0.8328,0.8294,3.4,0,53.3,-644.0,1.6610,35.2,-652.4,1.6371,-315.1,247.0,-0.0000,-373.4,222.8,-0.0957,255.5,351.8
0.8405,0.8371,3.4,0,49.5,-642.1,1.6572,32.8,-650.6,1.6371,-317.1,243.8,0.0000,-371.4,219.6,-0.0803,250.9,351.0
0.8495,0.8457,3.8,0,45.5,-640.8,1.6780,30.0,-648.5,1.6371,-319.8,240.2,-0.0000,-371.0,218.5,-0.1637,256.9,345.5
0.8575,0.8541,3.4,0,42.2,-638.7,1.6754,27.3,-646.5,1.6371,-322.6,236.9,-0.0000,-371.7,214.5,-0.1530,252.2,347.2
0.8650,0.8541,10.9,0,42.2,-638.7,1.6754,27.3,-646.5,1.6371,-322.6,236.9,-0.0000,-381.4,215.8,-0.1530,254.5,356.8
0.8727,0.8713,1.4,0,34.1,-634.9,1.6687,21.8,-642.5,1.6371,-328.2,228.3,-0.0000,-368.8,207.1,-0.1263,242.1,346.8
0.8808,0.8796,1.2,0,31.4,-633.5,1.6812,19.0,-640.6,1.6371,-330.5,225.0,-0.0000,-369.1,204.1,-0.1764,243.6,344.4
0.8891,0.8879,1.2,0,27.4,-631.7,1.6709,16.3,-638.7,1.6371,-332.9,221.6,0.0000,-367.7,200.7,-0.1352,236.5,345.8
0.8966,0.8965,0.1,0,23.4,-630.4,1.6735,13.4,-636.8,1.6371,-335.4,218.1,0.0000,-365.5,198.7,-0.1454,235.1,343.2
0.9047,0.8965,8.2,0,23.4,-630.4,1.6735,13.4,-636.8,1.6371,-335.4,218.1,0.0000,-376.0,200.8,-0.1454,238.2,353.4
0.9131,0.9130,0.1,0,17.0,-626.8,1.6876,7.8,-633.3,1.6371,-340.0,210.1,0.0000,-367.7,190.6,-0.2019,232.1,343.0
0.9211,0.9130,8.1,0,17.0,-626.8,1.6876,7.8,-633.3,1.6371,-340.0,210.1,0.0000,-378.1,191.3,-0.2019,234.1,353.2
0.9291,0.9221,7.0,0,13.1,-625.4,1.6803,4.7,-631.4,1.6371,-342.5,205.4,0.0000,-376.9,189.1,-0.1729,229.1,353.9
0.9364,0.9300,6.4,0,9.3,-623.8,1.6832,2.0,-629.8,1.6371,-344.8,202.5,0.0000,-375.2,185.9,-0.1844,226.8,352.0
0.9455,0.9410,4.5,0,5.8,-622.1,1.6786,-1.8,-627.6,1.6371,-347.9,197.8,0.0000,-376.9,181.9,-0.1661,221.4,355.2
0.9532,0.9473,5.9,0,3.3,-620.7,1.6977,-4.0,-626.4,1.6371,-349.9,195.0,0.0000,-379.7,178.7,-0.2422,225.3,354.1
0.9615,0.9559,5.6,0,-0.9,-619.6,1.6886,-7.0,-624.7,1.6371,-352.0,191.0,0.0000,-377.3,176.2,-0.2059,219.3,354.0
0.9687,0.9686,0.1,0,-5.4,-617.7,1.6898,-11.5,-622.3,1.6371,-354.3,184.9,-0.0000,-372.9,170.9,-0.2108,214.0,350.0
0.9767,0.9724,4.3,0,-8.7,-616.5,1.6894,-12.9,-621.6,1.6371,-355.3,182.8,-0.0000,-373.8,167.5,-0.2092,210.5,351.3
0.9849,0.9813,3.6,0,-12.5,-615.3,1.6920,-16.0,-620.0,1.6371,-358.2,177.8,-0.0000,-373.5,163.9,-0.2197,207.8,350.9
0.9929,0.9906,2.3,0,-15.1,-614.0,1.6949,-19.4,-618.4,1.6371,-360.2,173.6,0.0000,-375.8,160.7,-0.2310,206.0,353.0
1.0014,0.9978,3.6,0,-18.5,-612.7,1.7011,-22.0,-617.1,1.6371,-361.5,170.5,0.0000,-376.6,157.3,-0.2561,204.9,352.9
1.0095,1.0060,3.5,0,-22.1,-611.4,1.6949,-25.0,-615.7,1.6371,-363.4,166.8,-0.0000,-376.8,153.9,-0.2309,199.4,354.9
1.0169,1.0146,2.3,0,-26.1,-609.6,1.6849,-28.1,-614.3,1.6371,-365.7,163.2,0.0000,-374.6,149.0,-0.1912,190.7,355.2
1.0246,1.0233,1.3,0,-28.8,-608.4,1.6901,-31.3,-612.9,1.6371,-367.4,158.6,-0.0000,-376.7,144.8,-0.2118,188.6,356.8
1.0329,1.0316,1.2,0,-32.9,-607.1,1.6947,-34.3,-611.6,1.6371,-369.1,154.2,-0.0000,-375.1,140.5,-0.2305,185.8,354.9
1.0412,1.0400,1.2,0,-35.7,-606.3,1.7026,-37.4,-610.4,1.6371,-370.7,149.8,-0.0000,-377.5,137.4,-0.2620,185.8,356.1
1.0486,1.0400,8.7,0,-35.7,-606.3,1.7026,-37.4,-610.4,1.6371,-370.7,149.8,-0.0000,-387.2,136.8,-0.2620,186.5,365.9
1.0571,1.0570,0.1,0,-42.4,-603.9,1.6894,-43.8,-607.9,1.6371,-374.2,141.3,0.0000,-378.6,129.4,-0.2091,173.3,360.7
1.0645,1.0570,7.5,0,-42.4,-603.9,1.6894,-43.8,-607.9,1.6371,-374.2,141.3,0.0000,-388.4,128.9,-0.2091,173.9,370.5
1.0729,1.0652,7.7,0,-46.0,-602.4,1.6893,-46.9,-606.7,1.6371,-375.9,137.3,0.0000,-388.4,124.2,-0.2087,169.3,371.0
1.0806,1.0740,6.6,0,-48.8,-601.1,1.6909,-50.1,-605.6,1.6371,-377.3,133.8,-0.0000,-390.1,120.1,-0.2151,166.0,372.9
1.0888,1.0822,6.6,0,-52.2,-600.3,1.6922,-53.3,-604.5,1.6371,-378.6,130.0,0.0000,-390.2,115.4,-0.2205,161.8,373.4
1.0974,1.0907,6.7,0,-55.1,-599.3,1.6845,-56.5,-603.4,1.6371,-379.9,124.2,-0.0000,-392.8,110.4,-0.1895,154.2,377.7
1.1056,1.0991,6.4,0,-59.0,-597.9,1.6786,-59.7,-602.4,1.6371,-381.2,119.5,0.0000,-391.8,105.5,-0.1659,147.0,378.1
1.1130,1.1076,5.4,0,-62.3,-596.9,1.6849,-62.9,-601.4,1.6371,-382.6,115.7,-0.0000,-391.7,101.4,-0.1910,145.4,377.6
1.1214,1.1157,5.7,0,-65.2,-596.4,1.6842,-66.0,-600.4,1.6371,-384.0,111.8,0.0000,-393.9,98.7,-0.1883,142.7,380.2
1.1296,1.1248,4.8,0,-68.1,-595.3,1.6783,-69.5,-599.4,1.6371,-385.6,107.5,0.0000,-396.0,94.2,-0.1647,136.1,383.6
1.1373,1.1329,4.4,0,-70.8,-594.0,1.6980,-72.7,-598.6,1.6371,-386.7,103.4,-0.0000,-397.8,88.8,-0.2434,138.5,383.3
1.1456,1.1421,3.6,0,-74.8,-593.1,1.6851,-76.2,-597.7,1.6371,-387.7,98.7,0.0000,-396.5,84.1,-0.1920,128.8,384.3
1.1526,1.1498,2.7,0,-77.1,-592.3,1.6884,-79.2,-596.9,1.6371,-388.6,94.5,-0.0000,-398.5,79.7,-0.2052,126.0,386.4
1.1608,1.1585,2.3,0,-81.1,-591.0,1.6869,-82.6,-596.1,1.6371,-389.7,89.5,-0.0000,-397.0,73.5,-0.1992,119.0,385.8
1.1691,1.1647,4.4,0,-84.1,-591.0,1.7008,-85.0,-595.6,1.6371,-390.4,86.2,-0.0000,-398.9,71.3,-0.2549,122.5,386.3
1.1769,1.1756,1.2,0,-87.1,-589.9,1.6794,-89.3,-594.7,1.6371,-391.9,80.6,-0.0000,-400.1,66.0,-0.1693,109.0,390.6
1.1855,1.1831,2.3,0,-89.9,-589.2,1.6915,-92.2,-594.1,1.6371,-392.5,77.0,0.0000,-402.4,62.0,-0.2176,110.0,392.0
1.1936,1.1922,1.4,0,-92.8,-587.6,1.6940,-95.8,-593.4,1.6371,-393.1,73.0,-0.0000,-403.8,55.1,-0.2274,104.3,394.0
1.2019,1.2014,0.5,0,-95.8,-587.6,1.6979,-99.4,-592.7,1.6371,-394.3,67.1,0.0000,-405.8,51.5,-0.2431,102.6,396.0
1.2094,1.2094,0.1,0,-99.2,-586.9,1.7048,-102.6,-592.2,1.6371,-395.3,62.4,0.0000,-405.3,46.3,-0.2706,100.0,395.5
1.2168,1.2094,7.4,0,-99.2,-586.9,1.7048,-102.6,-592.2,1.6371,-395.3,62.4,0.0000,-414.6,44.5,-0.2706,99.5,404.9
1.2251,1.2175,7.6,0,-102.2,-586.9,1.6957,-105.8,-591.7,1.6371,-395.9,58.9,-0.0000,-416.3,42.1,-0.2344,93.7,407.8
1.2334,1.2260,7.4,0,-105.8,-585.7,1.6962,-109.2,-591.3,1.6371,-396.6,54.8,0.0000,-415.7,34.9,-0.2362,86.6,408.1
1.2410,1.2344,6.6,0,-108.6,-585.6,1.6979,-112.5,-590.8,1.6371,-396.9,49.9,-0.0000,-416.8,31.6,-0.2431,84.2,409.4
1.2492,1.2426,6.6,0,-110.8,-585.2,1.7050,-115.7,-590.4,1.6371,-397.2,45.5,-0.0000,-420.0,27.6,-0.2716,83.5,412.5
1.2569,1.2513,5.6,0,-114.4,-584.8,1.6851,-119.2,-590.0,1.6371,-397.5,41.2,-0.0000,-418.9,23.2,-0.1917,70.8,413.6
1.2652,1.2607,4.4,0,-117.5,-584.5,1.7102,-123.0,-589.7,1.6371,-398.1,36.2,0.0000,-420.3,18.4,-0.2923,76.6,413.7
1.2733,1.2677,5.6,0,-120.8,-583.4,1.6882,-125.7,-589.4,1.6371,-398.9,32.1,0.0000,-420.8,11.5,-0.2044,60.8,416.6
1.2815,1.2757,5.7,0,-123.6,-583.4,1.6947,-128.9,-589.2,1.6371,-399.3,27.9,-0.0000,-422.0,8.1,-0.2304,60.2,417.7
1.2892,1.2857,3.4,0,-127.0,-582.6,1.6866,-132.9,-588.9,1.6371,-399.1,23.0,-0.0000,-421.0,2.3,-0.1980,50.9,417.9
1.2974,1.2939,3.6,0,-129.3,-582.5,1.6801,-136.2,-588.8,1.6371,-399.4,18.6,-0.0000,-424.5,-2.0,-0.1720,44.3,422.2
1.3055,1.3019,3.6,0,-132.3,-582.7,1.6751,-139.4,-588.6,1.6371,-399.9,14.1,0.0000,-425.4,-5.6,-0.1518,38.7,423.7
1.3127,1.3104,2.3,0,-135.6,-582.0,1.6769,-142.8,-588.5,1.6371,-399.9,9.4,0.0000,-424.2,-11.5,-0.1593,33.5,423.1
1.3209,1.3185,2.4,0,-139.3,-581.6,1.6820,-146.0,-588.5,1.6371,-399.9,4.8,0.0000,-423.1,-17.1,-0.1795,30.0,422.4
1.3290,1.3185,10.5,0,-139.3,-581.6,1.6820,-146.0,-588.5,1.6371,-399.9,4.8,0.0000,-432.9,-21.1,-0.1795,27.1,432.5
1.3375,1.3362,1.3,0,-145.2,-581.6,1.6821,-153.1,-588.5,1.6371,-400.0,-4.1,-0.0000,-425.3,-25.4,-0.1800,22.0,425.4
1.3452,1.3440,1.2,0,-148.2,-581.4,1.6709,-156.2,-588.5,1.6371,-400.0,-8.1,-0.0000,-425.7,-30.2,-0.1352,12.5,426.6
1.3527,1.3526,0.1,0,-150.3,-581.8,1.6790,-159.7,-588.6,1.6371,-400.1,-12.4,-0.0000,-428.2,-33.0,-0.1675,13.4,429.3
1.3606,1.3526,8.0,0,-150.3,-581.8,1.6790,-159.7,-588.6,1.6371,-400.1,-12.4,-0.0000,-437.3,-37.7,-0.1675,9.7,438.8
1.3687,1.3633,5.4,0,-154.6,-581.7,1.6646,-163.9,-588.8,1.6371,-399.7,-18.2,0.0000,-434.1,-42.7,-0.1098,-1.8,436.2
1.3769,1.3693,7.6,0,-156.9,-581.9,1.6776,-166.4,-588.9,1.6371,-399.4,-21.6,-0.0000,-436.6,-47.8,-0.1621,-0.9,439.2
1.3847,1.3781,6.6,0,-160.9,-582.1,1.6690,-169.8,-589.1,1.6371,-399.2,-26.9,0.0000,-433.7,-52.4,-0.1275,-9.7,436.7
1.3927,1.3863,6.4,0,-162.8,-582.5,1.6744,-173.1,-589.4,1.6371,-398.8,-31.6,0.0000,-436.7,-56.0,-0.1491,-10.5,440.1
1.4009,1.3961,4.8,0,-166.0,-582.8,1.6688,-177.0,-589.7,1.6371,-397.8,-36.4,-0.0000,-436.3,-60.0,-0.1268,-17.1,440.1
1.4089,1.4033,5.5,0,-168.9,-582.7,1.6653,-179.9,-590.0,1.6371,-397.5,-40.0,0.0000,-437.6,-64.8,-0.1129,-23.2,441.7
1.4172,1.4115,5.6,0,-171.7,-583.0,1.6729,-183.2,-590.3,1.6371,-398.1,-43.4,0.0000,-439.2,-68.8,-0.1432,-23.6,443.9
1.4247,1.4201,4.6,0,-175.3,-584.1,1.6701,-186.6,-590.7,1.6371,-397.7,-48.0,0.0000,-436.1,-71.7,-0.1321,-28.1,441.0
1.4332,1.4287,4.5,0,-178.8,-584.6,1.6835,-190.0,-591.1,1.6371,-396.2,-54.0,-0.0000,-434.5,-77.1,-0.1856,-27.8,440.4
1.4412,1.4376,3.6,0,-182.0,-585.0,1.6733,-193.5,-591.6,1.6371,-395.4,-58.8,-0.0000,-434.1,-80.8,-0.1446,-36.0,440.1
1.4493,1.4456,3.7,0,-184.4,-585.7,1.6903,-196.7,-592.1,1.6371,-394.9,-62.6,0.0000,-435.8,-84.6,-0.2126,-32.0,442.8
1.4572,1.4538,3.3,0,-188.7,-585.9,1.6721,-199.9,-592.7,1.6371,-394.3,-66.7,0.0000,-431.9,-89.5,-0.1399,-45.4,438.7
1.4648,1.4634,1.4,0,-190.7,-587.0,1.6927,-203.7,-593.3,1.6371,-393.7,-71.6,-0.0000,-434.3,-91.4,-0.2223,-37.9,442.2
1.4735,1.4709,2.6,0,-194.5,-587.9,1.6767,-206.6,-593.9,1.6371,-392.9,-75.3,0.0000,-432.0,-95.1,-0.1585,-48.9,439.6
1.4815,1.4791,2.3,0,-197.3,-588.1,1.6872,-209.9,-594.5,1.6371,-391.9,-79.3,-0.0000,-432.1,-100.4,-0.2005,-49.5,440.9
1.4888,1.4875,1.2,0,-201.3,-588.9,1.6946,-213.1,-595.2,1.6371,-390.9,-84.2,-0.0000,-427.9,-104.3,-0.2299,-50.7,437.5
1.4978,1.4964,1.4,0,-203.9,-589.9,1.6875,-216.6,-596.0,1.6371,-389.9,-89.6,0.0000,-429.6,-108.9,-0.2014,-58.2,439.4
1.5049,1.5048,0.1,0,-207.1,-590.5,1.6857,-219.9,-596.7,1.6371,-389.0,-93.2,-0.0000,-427.5,-111.9,-0.1943,-62.1,437.5
1.5130,1.5129,0.1,0,-210.2,-592.0,1.6858,-223.0,-597.5,1.6371,-388.2,-96.9,0.0000,-426.8,-113.3,-0.1947,-63.6,437.0
1.5210,1.5129,8.1,0,-210.2,-592.0,1.6858,-223.0,-597.5,1.6371,-388.2,-96.9,0.0000,-434.9,-120.2,-0.1947,-69.5,445.8
1.5296,1.5218,7.7,0,-213.7,-592.9,1.7030,-226.5,-598.4,1.6371,-386.7,-101.9,0.0000,-432.9,-124.9,-0.2636,-66.7,445.6
1.5373,1.5305,6.8,0,-216.9,-593.4,1.6971,-229.9,-599.3,1.6371,-385.4,-106.5,0.0000,-431.1,-130.1,-0.2401,-74.8,444.0
1.5451,1.5397,5.4,0,-220.5,-594.0,1.6955,-233.4,-600.3,1.6371,-383.9,-111.5,0.0000,-427.9,-135.1,-0.2336,-80.9,441.3
1.5527,1.5468,5.9,0,-223.4,-595.8,1.6797,-236.1,-601.1,1.6371,-382.9,-115.3,-0.0000,-427.2,-136.0,-0.1705,-88.8,439.5
1.5614,1.5556,5.8,0,-226.7,-597.0,1.6844,-239.5,-602.1,1.6371,-382.3,-119.7,-0.0000,-426.5,-140.0,-0.1893,-90.7,439.6
1.5687,1.5644,4.4,0,-230.4,-598.0,1.6902,-242.8,-603.2,1.6371,-380.8,-123.9,-0.0000,-421.8,-142.9,-0.2123,-91.7,435.8
1.5774,1.5728,4.6,0,-233.7,-597.9,1.6888,-246.0,-604.3,1.6371,-378.3,-127.4,-0.0000,-419.7,-150.5,-0.2069,-100.1,434.6
1.5854,1.5815,3.8,0,-237.1,-599.4,1.6930,-249.3,-605.4,1.6371,-377.1,-131.9,-0.0000,-418.0,-153.6,-0.2236,-101.5,433.6
1.5932,1.5897,3.4,0,-241.3,-600.4,1.6911,-252.4,-606.5,1.6371,-376.6,-136.5,-0.0000,-413.3,-158.1,-0.2159,-107.3,429.2
1.6013,1.5978,3.5,0,-244.4,-602.1,1.6867,-255.4,-607.6,1.6371,-374.9,-140.8,0.0000,-410.8,-160.7,-0.1985,-112.1,426.6
1.6089,1.6063,2.6,0,-247.4,-603.2,1.6703,-258.6,-608.8,1.6371,-372.6,-145.6,-0.0000,-408.8,-164.8,-0.1326,-123.4,423.2
1.6175,1.6063,11.1,0,-247.4,-603.2,1.6703,-258.6,-608.8,1.6371,-372.6,-145.6,-0.0000,-416.9,-172.3,-0.1326,-130.1,432.0
1.6251,1.6228,2.3,0,-254.4,-605.6,1.6834,-264.7,-611.3,1.6371,-369.7,-153.0,-0.0000,-402.7,-172.2,-0.1853,-125.8,419.6
1.6331,1.6317,1.4,0,-258.1,-607.3,1.6892,-268.0,-612.7,1.6371,-367.7,-157.1,0.0000,-398.6,-174.3,-0.2085,-126.0,416.4
1.6413,1.6401,1.2,0,-262.6,-608.5,1.6745,-271.1,-614.0,1.6371,-365.7,-160.7,0.0000,-392.4,-178.5,-0.1497,-136.9,408.8
1.6493,1.6481,1.2,0,-265.1,-609.6,1.6748,-274.0,-615.3,1.6371,-364.2,-165.2,0.0000,-392.0,-183.7,-0.1508,-142.0,408.9
1.6568,1.6567,0.1,0,-269.2,-610.8,1.6743,-277.1,-616.7,1.6371,-362.7,-169.8,-0.0000,-386.4,-187.8,-0.1489,-146.9,403.8
1.6652,1.6651,0.1,0,-272.2,-612.9,1.6851,-280.2,-618.2,1.6371,-360.2,-173.9,-0.0000,-384.2,-189.8,-0.1919,-144.8,403.4
1.6733,1.6651,8.1,0,-272.2,-612.9,1.6851,-280.2,-618.2,1.6371,-360.2,-173.9,-0.0000,-390.7,-198.0,-0.1919,-152.2,410.8
1.6809,1.6752,5.6,0,-276.7,-614.2,1.6717,-283.8,-620.0,1.6371,-357.6,-178.8,0.0000,-383.9,-201.8,-0.1381,-162.1,402.3
1.6889,1.6855,3.4,0,-279.9,-615.3,1.6793,-287.5,-621.8,1.6371,-355.4,-183.4,-0.0000,-381.0,-206.5,-0.1687,-164.0,401.1
1.6971,1.6905,6.6,0,-283.2,-616.5,1.6754,-289.3,-622.8,1.6371,-354.2,-185.7,-0.0000,-377.9,-211.0,-0.1529,-170.4,397.8
1.7051,1.6991,6.0,0,-287.0,-618.3,1.6777,-292.3,-624.4,1.6371,-352.5,-189.5,-0.0000,-373.2,-214.0,-0.1622,-173.0,393.9
1.7130,1.7076,5.4,0,-291.1,-620.2,1.6846,-295.3,-626.0,1.6371,-350.3,-193.5,-0.0000,-366.6,-216.8,-0.1898,-173.8,388.8
1.7214,1.7157,5.7,0,-295.5,-621.3,1.6712,-298.1,-627.6,1.6371,-347.4,-197.6,0.0000,-359.5,-222.7,-0.1365,-185.5,380.0
1.7294,1.7157,13.7,0,-295.5,-621.3,1.6712,-298.1,-627.6,1.6371,-347.4,-197.6,0.0000,-366.3,-231.1,-0.1365,-193.2,387.6
1.7368,1.7326,4.3,0,-301.4,-624.4,1.6751,-303.9,-631.0,1.6371,-343.6,-205.4,0.0000,-354.6,-229.6,-0.1518,-191.4,376.6
1.7447,1.7411,3.6,0,-305.4,-626.5,1.6819,-306.9,-632.8,1.6371,-341.3,-209.2,0.0000,-348.0,-232.0,-0.1790,-192.0,371.6
1.7536,1.7498,3.8,0,-309.3,-628.1,1.6711,-309.8,-634.6,1.6371,-338.5,-213.1,0.0000,-342.6,-236.8,-0.1361,-201.3,364.6
1.7607,1.7584,2.3,0,-311.8,-630.8,1.6725,-312.7,-636.4,1.6371,-335.9,-217.0,0.0000,-340.1,-236.3,-0.1414,-200.6,362.3
1.7688,1.7671,1.6,0,-315.6,-631.5,1.6753,-315.6,-638.4,1.6371,-333.1,-220.9,0.0000,-334.3,-243.2,-0.1529,-207.0,357.8
1.7770,1.7755,1.5,0,-319.0,-633.6,1.6673,-318.4,-640.2,1.6371,-330.9,-224.7,-0.0000,-330.2,-246.2,-0.1207,-213.3,352.4
1.7855,1.7755,10.1,0,-319.0,-633.6,1.6673,-318.4,-640.2,1.6371,-330.9,-224.7,-0.0000,-336.4,-255.9,-0.1207,-222.3,359.5
1.7932,1.7919,1.3,0,-326.4,-637.5,1.6676,-323.8,-644.0,1.6371,-326.0,-231.8,0.0000,-321.3,-253.0,-0.1220,-220.7,344.2
1.8017,1.8002,1.5,0,-330.1,-639.5,1.6730,-326.5,-645.9,1.6371,-323.1,-235.1,-0.0000,-313.3,-255.9,-0.1435,-222.6,337.7
1.8089,1.8088,0.1,0,-333.0,-641.3,1.6834,-329.3,-648.0,1.6371,-320.6,-238.6,-0.0000,-309.5,-258.7,-0.1850,-222.3,336.6
1.8173,1.8172,0.1,0,-337.4,-643.3,1.6689,-331.9,-650.0,1.6371,-318.1,-242.0,0.0000,-301.7,-262.3,-0.1272,-231.5,326.0
1.8251,1.8172,7.9,0,-337.4,-643.3,1.6689,-331.9,-650.0,1.6371,-318.1,-242.0,0.0000,-306.3,-272.1,-0.1272,-240.8,331.5
1.8336,1.8255,8.1,0,-340.2,-645.3,1.6617,-334.6,-652.0,1.6371,-315.1,-246.4,0.0000,-303.0,-276.4,-0.0984,-247.8,326.9
1.8407,1.8340,6.7,0,-344.5,-647.1,1.6706,-337.2,-654.1,1.6371,-312.2,-250.4,0.0000,-294.9,-278.6,-0.1340,-247.8,321.2
1.8493,1.8429,6.4,0,-347.8,-649.0,1.6681,-340.0,-656.3,1.6371,-309.8,-253.4,-0.0000,-290.4,-282.8,-0.1239,-253.3,316.5
1.8573,1.8507,6.6,0,-350.9,-652.4,1.6686,-342.4,-658.3,1.6371,-307.3,-256.4,-0.0000,-285.3,-282.1,-0.1261,-252.9,311.5
1.8656,1.8599,5.7,0,-353.7,-654.5,1.6657,-345.2,-660.7,1.6371,-303.5,-260.2,-0.0000,-281.2,-285.6,-0.1142,-257.7,307.0
1.8735,1.8681,5.4,0,-357.7,-657.0,1.6628,-347.7,-662.8,1.6371,-300.6,-263.5,0.0000,-273.9,-287.6,-0.1026,-261.2,299.1
1.8805,1.8772,3.4,0,-359.9,-659.3,1.6579,-350.4,-665.3,1.6371,-297.7,-267.2,0.0000,-270.9,-289.3,-0.0830,-264.7,295.0
1.8896,1.8772,12.4,0,-359.9,-659.3,1.6579,-350.4,-665.3,1.6371,-297.7,-267.2,0.0000,-275.3,-300.4,-0.0830,-275.3,300.4
1.8971,1.8938,3.3,0,-366.2,-664.3,1.6494,-355.3,-669.8,1.6371,-291.3,-274.0,0.0000,-261.4,-294.9,-0.0492,-273.4,283.7
1.9051,1.9017,3.4,0,-370.0,-666.1,1.6435,-357.6,-671.9,1.6371,-288.6,-277.0,0.0000,-253.1,-298.4,-0.0256,-279.3,274.2
1.9127,1.9103,2.4,0,-373.2,-668.4,1.6426,-360.1,-674.3,1.6371,-285.8,-280.1,-0.0000,-247.6,-300.9,-0.0218,-282.4,268.6
1.9215,1.9192,2.2,0,-375.6,-671.7,1.6383,-362.6,-676.9,1.6371,-282.4,-283.4,0.0000,-244.5,-301.7,-0.0046,-284.5,264.3
1.9286,1.9274,1.2,0,-377.9,-673.6,1.6470,-364.9,-679.2,1.6371,-279.5,-286.3,0.0000,-241.0,-304.7,-0.0395,-285.4,263.5
1.9370,1.9355,1.5,0,-380.6,-677.1,1.6412,-367.2,-681.5,1.6371,-276.0,-289.6,-0.0000,-236.2,-304.9,-0.0163,-287.5,257.0
1.9453,1.9441,1.2,0,-384.4,-679.2,1.6262,-369.5,-684.0,1.6371,-272.4,-293.3,0.0000,-228.3,-309.1,0.0436,-296.0,245.0
1.9525,1.9524,0.1,0,-386.8,-681.5,1.6174,-371.8,-686.5,1.6371,-269.0,-295.8,0.0000,-223.9,-310.7,0.0790,-299.9,238.1
1.9609,1.9524,8.5,0,-386.8,-681.5,1.6174,-371.8,-686.5,1.6371,-269.0,-295.8,0.0000,-227.1,-320.9,0.0790,-310.0,241.8
1.9691,1.9613,7.8,0,-389.5,-685.0,1.6261,-374.1,-689.1,1.6371,-265.2,-298.7,-0.0000,-222.4,-321.0,0.0440,-308.3,239.8
1.9772,1.9695,7.7,0,-391.7,-686.8,1.6105,-376.3,-691.6,1.6371,-262.2,-301.8,-0.0000,-219.0,-326.0,0.1067,-317.1,231.8
1.9854,1.9778,7.6,0,-394.8,-690.7,1.6195,-378.4,-694.1,1.6371,-259.1,-304.8,-0.0000,-213.2,-324.3,0.0706,-313.5,228.7
1.9929,1.9863,6.6,0,-397.5,-692.7,1.6096,-380.7,-696.7,1.6371,-256.1,-307.5,0.0000,-208.0,-327.8,0.1100,-319.5,220.6
2.0008,1.9955,5.3,0,-400.1,-695.1,1.6117,-383.0,-699.5,1.6371,-252.4,-310.6,-0.0000,-202.6,-330.7,0.1016,-322.1,215.9
2.0084,2.0031,5.4,0,-402.1,-698.5,1.6104,-384.9,-701.9,1.6371,-248.7,-313.5,-0.0000,-198.6,-330.7,0.1068,-322.6,211.6
2.0173,2.0115,5.8,0,-404.8,-700.4,1.6057,-387.0,-704.5,1.6371,-245.0,-316.3,-0.0000,-193.4,-335.8,0.1258,-328.9,205.0
2.0245,2.0201,4.4,0,-407.0,-704.7,1.6154,-389.1,-707.3,1.6371,-241.6,-318.5,0.0000,-189.1,-331.8,0.0867,-323.0,203.7
2.0333,2.0306,2.6,0,-409.6,-706.7,1.5993,-391.6,-710.7,1.6371,-237.2,-321.8,0.0000,-183.9,-337.1,0.1513,-331.8,193.4
2.0413,2.0377,3.6,0,-411.8,-709.0,1.5982,-393.2,-712.9,1.6371,-234.4,-324.2,0.0000,-179.6,-340.8,0.1557,-335.8,188.9
2.0489,2.0454,3.4,0,-413.7,-712.9,1.5991,-395.0,-715.5,1.6371,-231.0,-326.7,0.0000,-175.7,-339.0,0.1520,-333.9,185.2
2.0573,2.0538,3.5,0,-416.7,-714.6,1.6045,-396.9,-718.2,1.6371,-227.2,-329.4,-0.0000,-168.8,-344.9,0.1303,-339.0,180.3
2.0646,2.0645,0.1,0,-418.2,-717.8,1.6173,-399.4,-721.7,1.6371,-221.9,-332.9,-0.0000,-165.5,-344.9,0.0794,-336.8,181.4
2.0725,2.0709,1.7,0,-420.3,-720.4,1.6029,-400.8,-723.9,1.6371,-218.6,-335.0,-0.0000,-160.5,-347.6,0.1369,-342.3,171.5
2.0816,2.0791,2.5,0,-422.6,-722.9,1.6192,-402.5,-726.6,1.6371,-215.3,-337.0,-0.0000,-155.8,-351.2,0.0719,-343.2,172.6
2.0893,2.0878,1.4,0,-424.5,-726.2,1.6061,-404.4,-729.6,1.6371,-211.8,-339.0,0.0000,-151.9,-351.1,0.1239,-345.5,164.3
2.0972,2.0878,9.4,0,-424.5,-726.2,1.6061,-404.4,-729.6,1.6371,-211.8,-339.0,0.0000,-153.8,-361.7,0.1239,-356.0,166.5
2.1050,2.1049,0.1,0,-428.6,-732.1,1.6166,-408.0,-735.4,1.6371,-205.0,-344.0,0.0000,-143.0,-354.0,0.0819,-347.1,159.1
2.1130,2.1129,0.1,0,-431.2,-733.5,1.6029,-409.6,-738.2,1.6371,-200.4,-346.2,0.0000,-135.5,-360.6,0.1369,-356.0,147.0
2.1214,2.1213,0.1,0,-432.6,-736.0,1.6108,-411.3,-741.1,1.6371,-196.0,-348.6,-0.0000,-131.8,-364.0,0.1051,-358.4,146.3
2.1295,2.1213,8.2,0,-432.6,-736.0,1.6108,-411.3,-741.1,1.6371,-196.0,-348.6,-0.0000,-133.2,-374.3,0.1051,-368.7,148.0
2.1370,2.1326,4.3,0,-434.7,-739.4,1.6079,-413.5,-745.1,1.6371,-191.2,-351.3,0.0000,-127.9,-373.8,0.1169,-368.8,141.7
2.1450,2.1404,4.6,0,-436.6,-741.6,1.6193,-414.9,-747.8,1.6371,-187.5,-353.2,0.0000,-122.9,-377.6,0.0714,-371.2,141.0
2.1532,2.1472,6.0,0,-437.8,-744.2,1.6089,-416.2,-750.2,1.6371,-184.1,-354.8,0.0000,-119.6,-380.5,0.1128,-375.7,134.0
2.1605,2.1552,5.3,0,-440.2,-747.3,1.6126,-417.7,-753.1,1.6371,-180.3,-356.7,0.0000,-113.3,-381.1,0.0979,-376.0,129.1
2.1687,2.1653,3.4,0,-441.2,-750.2,1.6388,-419.4,-756.7,1.6371,-176.0,-359.2,0.0000,-111.0,-383.1,-0.0066,-374.7,136.7
2.1771,2.1718,5.3,0,-442.5,-753.3,1.6247,-420.6,-759.0,1.6371,-172.9,-360.8,0.0000,-107.1,-384.8,0.0498,-378.5,127.7
2.1845,2.1801,4.4,0,-444.4,-756.1,1.6460,-422.0,-762.0,1.6371,-168.9,-362.9,-0.0000,-101.8,-386.4,-0.0355,-377.7,130.5
2.1934,2.1888,4.7,0,-445.9,-759.2,1.6422,-423.4,-765.2,1.6371,-164.5,-364.8,-0.0000,-96.7,-388.6,-0.0205,-380.7,124.1
2.2012,2.1998,1.4,0,-447.3,-761.8,1.6507,-425.2,-769.2,1.6371,-158.5,-366.9,0.0000,-92.3,-390.8,-0.0542,-382.2,123.2
2.2094,2.2059,3.5,0,-448.1,-764.9,1.6511,-426.2,-771.4,1.6371,-155.8,-368.1,0.0000,-90.2,-392.3,-0.0557,-383.8,121.4
2.2176,2.2142,3.4,0,-449.7,-767.7,1.6611,-427.5,-774.5,1.6371,-152.4,-369.8,0.0000,-85.6,-394.8,-0.0960,-385.5,120.9
2.2254,2.2227,2.6,0,-451.4,-770.4,1.6673,-428.7,-777.7,1.6371,-148.0,-371.8,0.0000,-79.7,-397.1,-0.1209,-387.6,117.7
2.2325,2.2324,0.1,0,-452.2,-773.7,1.6735,-430.1,-781.3,1.6371,-142.8,-374.3,-0.0000,-76.7,-397.1,-0.1457,-387.1,117.1
2.2408,2.2396,1.3,0,-453.0,-777.0,1.6743,-431.2,-784.0,1.6371,-139.1,-375.3,-0.0000,-73.3,-397.7,-0.1487,-388.0,114.0
2.2496,2.2482,1.4,0,-454.0,-779.9,1.6869,-432.3,-787.2,1.6371,-134.5,-376.7,0.0000,-69.5,-400.5,-0.1993,-389.7,115.5
2.2565,2.2564,0.1,0,-455.4,-783.2,1.6812,-433.4,-790.3,1.6371,-131.1,-377.7,-0.0000,-65.0,-399.0,-0.1763,-389.4,108.6
2.2649,2.2564,8.6,0,-455.4,-783.2,1.6812,-433.4,-790.3,1.6371,-131.1,-377.7,-0.0000,-64.7,-409.6,-0.1763,-400.0,109.4
2.2734,2.2654,8.0,0,-456.0,-786.1,1.6872,-434.6,-793.7,1.6371,-127.2,-378.8,-0.0000,-61.2,-412.6,-0.2003,-402.7,108.7
2.2806,2.2736,7.0,0,-457.1,-789.0,1.6887,-435.6,-796.8,1.6371,-122.2,-380.6,-0.0000,-56.3,-413.6,-0.2061,-404.1,104.5
2.2895,2.2820,7.5,0,-457.6,-792.0,1.6921,-436.6,-800.0,1.6371,-117.5,-382.3,0.0000,-53.3,-416.1,-0.2199,-406.6,103.2
2.2968,2.2903,6.5,0,-458.3,-795.4,1.7030,-437.6,-803.2,1.6371,-113.3,-383.5,0.0000,-50.0,-415.4,-0.2636,-405.2,104.3
2.3056,2.2988,6.8,0,-458.7,-798.6,1.6887,-438.5,-806.5,1.6371,-108.9,-384.9,0.0000,-47.4,-417.5,-0.2065,-409.0,96.2
2.3129,2.3074,5.4,0,-459.3,-801.7,1.7037,-439.4,-809.8,1.6371,-105.0,-386.5,0.0000,-44.6,-417.9,-0.2664,-408.3,99.6
2.3212,2.3155,5.7,0,-460.1,-804.8,1.6960,-440.3,-812.9,1.6371,-101.0,-387.5,0.0000,-40.2,-418.7,-0.2355,-410.4,92.2
2.3289,2.3242,4.7,0,-460.3,-807.9,1.7090,-441.1,-816.3,1.6371,-96.4,-387.9,0.0000,-37.9,-418.8,-0.2876,-409.6,95.3
2.3372,2.3329,4.3,0,-460.7,-811.5,1.6964,-442.0,-819.7,1.6371,-91.9,-389.0,-0.0000,-34.8,-419.4,-0.2373,-411.7,87.1
2.3445,2.3410,3.4,0,-460.8,-814.4,1.7153,-442.7,-822.8,1.6371,-87.8,-390.7,-0.0000,-32.4,-420.5,-0.3127,-411.4,92.6
2.3528,2.3497,3.1,0,-461.3,-818.0,1.6983,-443.4,-826.2,1.6371,-83.1,-391.5,0.0000,-28.3,-419.9,-0.2449,-412.9,81.5
2.3608,2.3585,2.3,0,-461.5,-821.0,1.7114,-444.1,-829.7,1.6371,-78.0,-392.0,0.0000,-25.3,-421.1,-0.2972,-413.3,84.1
2.3689,2.3664,2.4,0,-461.9,-823.3,1.6967,-444.7,-832.8,1.6371,-73.9,-393.0,-0.0000,-21.8,-424.7,-0.2382,-418.6,75.0
2.3768,2.3749,2.0,0,-462.5,-827.1,1.6901,-445.3,-836.1,1.6371,-69.5,-394.2,0.0000,-17.4,-423.8,-0.2118,-418.7,67.7
2.3856,2.3831,2.6,0,-463.4,-830.0,1.6941,-445.9,-839.3,1.6371,-65.6,-394.6,0.0000,-12.5,-425.7,-0.2279,-421.0,64.8
2.3930,2.3918,1.3,0,-462.9,-833.1,1.6872,-446.5,-842.8,1.6371,-61.8,-394.8,-0.0000,-12.0,-425.5,-0.2002,-421.2,61.3
2.4006,2.4005,0.2,0,-464.1,-836.2,1.6911,-447.0,-846.2,1.6371,-56.4,-396.0,0.0000,-4.8,-426.3,-0.2157,-422.7,55.9
2.4089,2.4088,0.1,0,-463.0,-839.5,1.6673,-447.4,-849.5,1.6371,-51.3,-397.0,-0.0000,-4.5,-427.3,-0.1205,-424.9,45.7
2.4167,2.4088,7.9,0,-463.0,-839.5,1.6673,-447.4,-849.5,1.6371,-51.3,-397.0,-0.0000,-1.9,-436.8,-0.1205,-434.6,44.0
2.4246,2.4173,7.3,0,-464.1,-843.3,1.6687,-447.8,-852.9,1.6371,-47.2,-397.2,-0.0000,4.2,-435.0,-0.1263,-433.4,38.3
2.4329,2.4254,7.5,0,-463.0,-846.0,1.6581,-448.2,-856.1,1.6371,-43.0,-397.6,0.0000,4.1,-437.1,-0.0839,-435.8,34.0
2.4412,2.4338,7.4,0,-463.7,-850.0,1.6556,-448.5,-859.4,1.6371,-38.8,-397.9,0.0000,9.5,-435.3,-0.0738,-434.6,27.4
2.4486,2.4422,6.4,0,-462.7,-853.9,1.6456,-448.9,-862.8,1.6371,-34.5,-398.3,0.0000,10.1,-433.2,-0.0340,-432.7,22.3
2.4570,2.4509,6.1,0,-463.6,-856.4,1.6689,-449.1,-866.3,1.6371,-29.5,-399.3,-0.0000,16.7,-436.6,-0.1270,-436.1,26.1
2.4650,2.4594,5.6,0,-463.1,-860.0,1.6426,-449.4,-869.7,1.6371,-24.8,-399.7,0.0000,19.0,-435.2,-0.0218,-435.4,12.2
2.4725,2.4683,4.2,0,-463.7,-863.3,1.6467,-449.6,-873.2,1.6371,-19.8,-399.5,-0.0000,24.5,-434.3,-0.0385,-434.9,8.5
2.4808,2.4761,4.6,0,-463.2,-866.6,1.6442,-449.7,-876.4,1.6371,-15.8,-399.6,-0.0000,26.4,-434.6,-0.0282,-435.3,5.6
2.4896,2.4848,4.8,0,-463.4,-870.1,1.6407,-449.8,-879.8,1.6371,-12.1,-399.7,-0.0000,31.0,-434.5,-0.0144,-435.6,-0.5
2.4968,2.4934,3.3,0,-463.1,-874.5,1.6283,-449.9,-883.3,1.6371,-7.6,-399.7,0.0000,33.8,-429.8,0.0354,-431.1,-9.0
2.5045,2.5044,0.1,0,-463.2,-877.5,1.6346,-450.0,-887.6,1.6371,-1.5,-399.7,-0.0000,38.4,-430.2,0.0102,-431.8,-10.9
2.5133,2.5104,2.8,0,-462.4,-881.5,1.6226,-450.0,-890.1,1.6371,2.1,-399.9,-0.0000,41.2,-429.3,0.0581,-430.9,-18.9
2.5212,2.5188,2.4,0,-462.6,-884.6,1.6324,-449.9,-893.4,1.6371,7.3,-400.6,0.0000,46.8,-429.8,0.0189,-431.8,-20.3
2.5293,2.5269,2.5,0,-462.0,-888.4,1.6155,-449.8,-896.6,1.6371,11.3,-400.0,0.0000,49.0,-427.4,0.0864,-429.1,-29.8
2.5372,2.5358,1.4,0,-461.5,-891.7,1.6271,-449.7,-900.2,1.6371,15.8,-399.1,-0.0000,51.9,-426.1,0.0400,-428.3,-27.8
2.5446,2.5445,0.1,0,-460.8,-895.7,1.6242,-449.6,-903.7,1.6371,20.2,-399.3,-0.0000,53.9,-423.2,0.0518,-425.5,-31.2
2.5525,2.5524,0.1,0,-461.0,-899.1,1.6381,-449.4,-906.8,1.6371,24.2,-399.4,0.0000,58.9,-422.6,-0.0040,-425.7,-30.3
2.5611,2.5610,0.1,0,-460.2,-902.3,1.6194,-449.2,-910.3,1.6371,28.9,-399.0,-0.0000,62.2,-422.9,0.0708,-425.5,-41.6
2.5686,2.5610,7.6,0,-460.2,-902.3,1.6194,-449.2,-910.3,1.6371,28.9,-399.0,-0.0000,67.0,-431.6,0.0708,-434.4,-45.9
2.5766,2.5691,7.5,0,-460.1,-906.8,1.6325,-448.9,-913.5,1.6371,33.3,-398.7,0.0000,71.7,-427.3,0.0184,-430.9,-45.2
2.5851,2.5785,6.6,0,-459.5,-909.6,1.6265,-448.6,-917.2,1.6371,38.5,-398.4,-0.0000,75.5,-428.9,0.0426,-432.5,-51.6
2.5936,2.5863,7.3,0,-458.5,-913.5,1.6331,-448.2,-920.4,1.6371,42.7,-398.1,-0.0000,78.6,-426.5,0.0161,-430.6,-51.9
2.6014,2.5949,6.4,0,-457.7,-916.8,1.6340,-447.9,-923.8,1.6371,47.6,-397.3,0.0000,81.5,-425.5,0.0125,-429.8,-54.4
2.6095,2.6069,2.6,0,-457.3,-920.5,1.6262,-447.3,-928.5,1.6371,53.4,-396.4,0.0000,85.1,-423.6,0.0438,-427.6,-61.6
2.6173,2.6115,5.7,0,-457.0,-923.9,1.6386,-447.0,-930.4,1.6371,55.2,-396.2,0.0000,89.1,-422.0,-0.0059,-427.1,-60.3
2.6254,2.6200,5.4,0,-456.3,-927.8,1.6376,-446.5,-933.7,1.6371,59.6,-395.5,-0.0000,93.5,-418.8,-0.0021,-424.1,-65.3
2.6331,2.6285,4.6,0,-456.3,-930.9,1.6385,-446.0,-937.1,1.6371,65.0,-394.2,-0.0000,99.5,-417.7,-0.0054,-423.5,-71.0
2.6416,2.6379,3.7,0,-454.9,-935.4,1.6425,-445.4,-940.8,1.6371,70.0,-393.4,0.0000,101.1,-413.8,-0.0214,-420.0,-71.2
2.6487,2.6453,3.4,0,-454.5,-939.5,1.6449,-444.8,-943.7,1.6371,73.5,-393.0,-0.0000,105.0,-409.4,-0.0313,-416.0,-74.4
2.6571,2.6536,3.6,0,-453.5,-942.8,1.6320,-444.2,-946.9,1.6371,77.9,-392.4,0.0000,108.8,-408.6,0.0205,-414.5,-83.6
2.6648,2.6623,2.4,0,-452.9,-946.5,1.6509,-443.5,-950.4,1.6371,82.9,-391.9,-0.0000,113.0,-406.2,-0.0553,-414.0,-80.1
2.6730,2.6707,2.3,0,-452.4,-949.4,1.6471,-442.8,-953.6,1.6371,86.8,-390.7,-0.0000,117.1,-405.5,-0.0399,-413.3,-85.9
2.6813,2.6788,2.4,0,-451.5,-954.0,1.6564,-442.1,-956.8,1.6371,90.1,-389.3,0.0000,120.4,-400.4,-0.0769,-409.2,-85.8
2.6892,2.6788,10.4,0,-451.5,-954.0,1.6564,-442.1,-956.8,1.6371,90.1,-389.3,0.0000,128.2,-408.8,-0.0769,-418.3,-92.8
2.6975,2.6963,1.2,0,-449.3,-961.1,1.6527,-440.4,-963.6,1.6371,101.3,-387.3,-0.0000,129.1,-395.9,-0.0624,-405.2,-96.3
2.7055,2.7043,1.2,0,-448.2,-965.6,1.6605,-439.6,-966.7,1.6371,104.7,-386.1,0.0000,131.4,-390.6,-0.0934,-400.8,-95.9
2.7129,2.7128,0.1,0,-447.5,-968.9,1.6631,-438.7,-970.0,1.6371,108.6,-384.7,0.0000,135.2,-388.1,-0.1041,-399.0,-98.9
2.7206,2.7128,7.8,0,-447.5,-968.9,1.6631,-438.7,-970.0,1.6371,108.6,-384.7,0.0000,141.7,-396.3,-0.1041,-407.7,-104.6
2.7292,2.7210,8.3,0,-446.5,-972.8,1.6659,-437.8,-973.1,1.6371,112.7,-384.0,0.0000,146.1,-393.4,-0.1150,-405.5,-108.1
2.7372,2.7298,7.4,0,-445.7,-976.7,1.6723,-436.7,-976.5,1.6371,117.2,-383.0,-0.0000,150.4,-389.2,-0.1409,-402.4,-110.1
2.7446,2.7391,5.5,0,-444.7,-978.9,1.6704,-435.6,-980.0,1.6371,121.6,-381.0,0.0000,153.6,-389.7,-0.1332,-403.0,-114.1
2.7534,2.7467,6.7,0,-443.3,-983.1,1.6581,-434.7,-982.9,1.6371,125.6,-379.6,-0.0000,158.4,-385.5,-0.0838,-397.8,-124.2
2.7608,2.7554,5.4,0,-442.8,-986.6,1.6655,-433.6,-986.2,1.6371,131.1,-377.8,0.0000,163.9,-381.9,-0.1136,-395.7,-127.1
2.7693,2.7638,5.6,0,-441.6,-989.9,1.6672,-432.5,-989.4,1.6371,135.4,-376.3,0.0000,166.8,-380.5,-0.1202,-394.8,-129.4
2.7768,2.7722,4.7,0,-440.7,-993.9,1.6619,-431.3,-992.5,1.6371,138.2,-375.4,-0.0000,170.3,-375.9,-0.0990,-389.8,-135.4
2.7849,2.7805,4.4,0,-439.6,-997.3,1.6637,-430.1,-995.7,1.6371,142.3,-373.8,-0.0000,175.1,-372.5,-0.1063,-387.1,-139.8
2.7933,2.7887,4.6,0,-438.7,-1000.5,1.6573,-429.0,-998.7,1.6371,147.0,-371.6,-0.0000,180.8,-370.3,-0.0808,-384.5,-148.1
2.8014,2.7996,1.8,0,-437.7,-1003.7,1.6549,-427.3,-1002.8,1.6371,152.5,-369.5,-0.0000,185.4,-368.5,-0.0710,-382.7,-153.8
2.8093,2.8059,3.4,0,-436.9,-1006.9,1.6556,-426.4,-1005.1,1.6371,155.5,-368.3,0.0000,190.4,-365.9,-0.0738,-380.7,-158.8
2.8167,2.8142,2.4,0,-435.3,-1009.9,1.6568,-425.0,-1008.1,1.6371,159.7,-366.7,0.0000,193.0,-363.8,-0.0787,-379.1,-161.0
2.8254,2.8228,2.7,0,-433.9,-1013.7,1.6536,-423.7,-1011.3,1.6371,164.0,-365.2,0.0000,197.3,-360.3,-0.0658,-375.4,-166.8
2.8334,2.8334,0.0,0,-433.2,-1016.6,1.6403,-421.9,-1015.1,1.6371,168.8,-362.8,0.0000,202.6,-358.6,-0.0127,-371.8,-177.2
2.8406,2.8394,1.2,0,-432.2,-1019.7,1.6517,-420.9,-1017.3,1.6371,171.5,-361.5,-0.0000,206.7,-355.4,-0.0584,-370.9,-177.3
2.8490,2.8478,1.2,0,-430.5,-1023.2,1.6378,-419.4,-1020.3,1.6371,175.6,-359.2,-0.0000,210.1,-351.6,-0.0026,-364.8,-186.1
2.8568,2.8567,0.1,0,-429.2,-1026.6,1.6469,-417.8,-1023.5,1.6371,180.0,-356.8,-0.0000,214.2,-347.6,-0.0392,-362.9,-187.1
2.8645,2.8567,7.8,0,-429.2,-1026.6,1.6469,-417.8,-1023.5,1.6371,180.0,-356.8,-0.0000,222.2,-354.1,-0.0392,-370.0,-194.6
2.8728,2.8672,5.6,0,-427.6,-1029.4,1.6260,-415.9,-1027.2,1.6371,185.3,-354.4,0.0000,226.1,-352.5,0.0446,-364.4,-206.3
2.8815,2.8736,8.0,0,-426.6,-1031.9,1.6274,-414.7,-1029.5,1.6371,188.4,-353.0,-0.0000,232.0,-352.5,0.0390,-365.1,-211.7
2.8890,2.8829,6.0,0,-424.8,-1035.4,1.6210,-412.9,-1032.8,1.6371,192.6,-351.0,-0.0000,234.5,-348.1,0.0644,-359.4,-216.7
2.8970,2.8904,6.5,0,-423.8,-1037.8,1.6289,-411.5,-1035.4,1.6371,196.0,-349.2,-0.0000,239.6,-346.6,0.0329,-359.9,-219.1
2.9048,2.9012,3.6,0,-421.9,-1041.4,1.6230,-409.3,-1039.2,1.6371,200.7,-345.6,-0.0000,242.1,-341.7,0.0566,-353.9,-224.0
2.9129,2.9074,5.5,0,-421.2,-1044.1,1.6172,-408.1,-1041.3,1.6371,203.6,-343.9,-0.0000,249.2,-339.8,0.0798,-351.0,-233.1
2.9209,2.9165,4.4,0,-418.4,-1046.6,1.6248,-406.2,-1044.4,1.6371,208.4,-341.5,0.0000,249.8,-338.4,0.0493,-351.4,-231.2
2.9293,2.9246,4.7,0,-417.2,-1048.9,1.6224,-404.5,-1047.2,1.6371,212.0,-339.4,0.0000,254.9,-337.7,0.0589,-350.4,-237.2
2.9371,2.9345,2.6,0,-415.9,-1051.6,1.6271,-402.4,-1050.5,1.6371,215.8,-336.9,-0.0000,259.3,-335.7,0.0401,-349.8,-240.0
2.9453,2.9411,4.3,0,-414.2,-1054.1,1.6279,-401.0,-1052.7,1.6371,218.7,-334.9,-0.0000,263.2,-333.9,0.0367,-348.4,-243.7
2.9528,2.9493,3.5,0,-412.2,-1056.5,1.6140,-399.2,-1055.5,1.6371,222.5,-332.4,-0.0000,265.4,-331.9,0.0925,-343.0,-250.8
2.9616,2.9580,3.6,0,-411.1,-1058.4,1.6284,-397.2,-1058.4,1.6371,226.4,-329.7,0.0000,272.3,-332.2,0.0348,-347.4,-252.7
2.9693,2.9681,1.2,0,-408.9,-1062.3,1.6152,-394.9,-1061.7,1.6371,230.9,-326.7,-0.0000,274.4,-325.5,0.0877,-337.4,-259.7
2.9770,2.9747,2.3,0,-406.9,-1063.9,1.6082,-393.4,-1063.8,1.6371,233.9,-324.4,0.0000,277.4,-325.6,0.1156,-335.8,-265.0
2.9848,2.9834,1.4,0,-405.1,-1065.6,1.6163,-391.3,-1066.6,1.6371,237.9,-321.3,0.0000,280.9,-325.3,0.0831,-337.7,-265.8
2.9933,2.9919,1.4,0,-403.3,-1069.4,1.6083,-389.3,-1069.4,1.6371,241.3,-318.8,-0.0000,285.1,-319.6,0.1153,-330.1,-272.9
3.0011,2.9919,9.2,0,-403.3,-1069.4,1.6083,-389.3,-1069.4,1.6371,241.3,-318.8,-0.0000,294.0,-324.6,0.1153,-335.4,-281.6
3.0090,3.0088,0.1,0,-399.5,-1074.0,1.6130,-385.1,-1074.7,1.6371,248.2,-313.8,0.0000,291.5,-316.0,0.0964,-328.0,-277.9
3.0178,3.0164,1.4,0,-397.6,-1076.2,1.6119,-383.2,-1077.1,1.6371,251.3,-311.6,-0.0000,295.9,-315.1,0.1007,-327.0,-282.7
3.0258,3.0257,0.1,0,-396.1,-1078.1,1.6227,-380.9,-1080.0,1.6371,255.6,-307.8,0.0000,301.5,-313.3,0.0578,-328.5,-284.9
3.0332,3.0257,7.5,0,-396.1,-1078.1,1.6227,-380.9,-1080.0,1.6371,255.6,-307.8,0.0000,310.5,-317.3,0.0578,-333.0,-293.6
3.0412,3.0347,6.5,0,-393.7,-1080.8,1.6181,-378.6,-1082.7,1.6371,259.5,-304.4,0.0000,312.3,-314.1,0.0762,-328.5,-297.1
3.0489,3.0424,6.6,0,-391.3,-1082.7,1.6174,-376.6,-1085.0,1.6371,262.1,-301.9,0.0000,313.8,-312.6,0.0787,-326.8,-298.9
3.0568,3.0500,6.8,0,-390.0,-1084.6,1.6130,-374.6,-1087.3,1.6371,264.9,-299.4,0.0000,319.7,-311.4,0.0965,-324.6,-306.3
3.0648,3.0595,5.3,0,-387.5,-1087.1,1.6100,-372.0,-1090.2,1.6371,269.0,-296.1,-0.0000,322.0,-308.3,0.1083,-320.7,-309.7
3.0736,3.0680,5.6,0,-385.3,-1089.5,1.6160,-369.7,-1092.7,1.6371,272.3,-293.2,-0.0000,325.6,-305.8,0.0846,-320.2,-311.5
3.0810,3.0764,4.6,0,-383.7,-1091.2,1.6066,-367.4,-1095.1,1.6371,275.2,-290.6,-0.0000,329.5,-304.7,0.1221,-316.3,-318.4
3.0893,3.0848,4.4,0,-381.3,-1093.7,1.6151,-365.1,-1097.6,1.6371,278.5,-287.3,-0.0000,332.7,-300.7,0.0881,-315.1,-319.1
3.0968,3.0933,3.5,0,-378.9,-1096.7,1.6003,-362.7,-1100.0,1.6371,282.0,-283.5,0.0000,335.1,-294.8,0.1473,-304.6,-326.2
3.1054,3.1017,3.7,0,-376.8,-1098.2,1.6073,-360.3,-1102.3,1.6371,285.4,-280.3,-0.0000,339.8,-294.5,0.1192,-306.7,-328.8
3.1128,3.1105,2.3,0,-373.9,-1100.9,1.6149,-357.8,-1104.8,1.6371,289.3,-277.0,0.0000,340.4,-289.6,0.0887,-304.3,-327.3
3.1212,3.1188,2.4,0,-371.7,-1103.2,1.6016,-355.4,-1107.1,1.6371,291.7,-273.9,-0.0000,343.4,-286.8,0.1420,-297.2,-334.4
3.1294,3.1279,1.5,0,-369.8,-1104.8,1.6016,-352.7,-1109.5,1.6371,293.9,-270.6,-0.0000,347.1,-285.6,0.1420,-296.1,-338.2
3.1368,3.1355,1.2,0,-366.6,-1108.1,1.6015,-350.5,-1111.6,1.6371,297.2,-267.4,0.0000,347.3,-278.2,0.1423,-288.8,-338.6
3.1449,3.1436,1.2,0,-364.2,-1109.7,1.6043,-348.0,-1113.8,1.6371,300.6,-263.9,0.0000,350.7,-276.4,0.1314,-288.0,-341.2
3.1537,3.1523,1.4,0,-362.0,-1112.4,1.6043,-345.4,-1116.0,1.6371,303.7,-260.3,-0.0000,355.4,-271.8,0.1312,-283.6,-346.1
3.1608,3.1607,0.1,0,-359.1,-1115.2,1.6026,-342.8,-1118.2,1.6371,306.9,-256.8,-0.0000,355.8,-266.0,0.1382,-277.1,-347.2
3.1691,3.1690,0.1,0,-357.1,-1117.1,1.6007,-340.3,-1120.3,1.6371,309.0,-253.8,-0.0000,359.5,-263.5,0.1458,-274.2,-351.4
3.1769,3.1690,7.9,0,-357.1,-1117.1,1.6007,-340.3,-1120.3,1.6371,309.0,-253.8,-0.0000,369.0,-266.6,0.1458,-277.5,-360.8
3.1855,3.1774,8.0,0,-354.6,-1119.1,1.6164,-337.7,-1122.5,1.6371,311.4,-250.7,-0.0000,372.7,-263.4,0.0828,-280.1,-360.3
3.1928,3.1858,7.0,0,-351.7,-1121.5,1.6097,-335.1,-1124.5,1.6371,314.7,-247.2,0.0000,373.9,-258.5,0.1098,-272.8,-363.6
3.2012,3.1944,6.8,0,-349.9,-1123.7,1.6057,-332.4,-1126.6,1.6371,317.8,-243.6,0.0000,378.9,-253.6,0.1255,-266.7,-369.8
3.2087,3.2031,5.6,0,-346.9,-1126.1,1.6150,-329.6,-1128.7,1.6371,320.4,-238.8,0.0000,379.6,-248.1,0.0887,-264.7,-368.3
3.2167,3.2113,5.4,0,-344.2,-1127.8,1.6081,-326.9,-1130.7,1.6371,323.1,-235.1,0.0000,381.9,-245.9,0.1161,-260.0,-372.4
3.2252,3.2199,5.2,0,-341.0,-1130.4,1.6077,-324.1,-1132.7,1.6371,326.1,-232.4,-0.0000,383.6,-240.8,0.1176,-254.8,-374.4
3.2334,3.2279,5.5,0,-338.4,-1131.8,1.6081,-321.5,-1134.5,1.6371,328.4,-229.1,0.0000,385.4,-238.4,0.1162,-252.6,-376.3
3.2414,3.2368,4.6,0,-335.7,-1134.8,1.6139,-318.6,-1136.6,1.6371,330.1,-225.0,-0.0000,387.3,-231.5,0.0929,-247.9,-377.0
3.2488,3.2454,3.5,0,-332.4,-1137.2,1.6020,-315.7,-1138.5,1.6371,332.9,-221.1,0.0000,387.8,-225.6,0.1405,-237.6,-380.5
3.2566,3.2533,3.4,0,-329.9,-1138.3,1.6050,-313.1,-1140.2,1.6371,336.3,-217.5,-0.0000,391.3,-224.0,0.1285,-237.3,-383.4
3.2647,3.2621,2.6,0,-326.1,-1140.8,1.6090,-310.1,-1142.1,1.6371,338.6,-213.5,-0.0000,389.7,-217.9,0.1123,-232.6,-381.1
3.2727,3.2705,2.2,0,-323.4,-1143.2,1.6040,-307.3,-1143.9,1.6371,340.4,-209.8,-0.0000,391.5,-212.3,0.1324,-225.2,-384.2
3.2814,3.2789,2.5,0,-320.1,-1145.4,1.6115,-304.4,-1145.6,1.6371,342.8,-206.0,-0.0000,393.2,-207.1,0.1023,-223.0,-384.4
3.2889,3.2875,1.4,0,-316.9,-1146.4,1.6108,-301.4,-1147.4,1.6371,345.3,-202.1,-0.0000,393.5,-205.2,0.1053,-220.8,-385.0
3.2972,3.2960,1.2,0,-313.9,-1149.2,1.6053,-298.5,-1149.1,1.6371,347.3,-198.4,0.0000,395.0,-198.3,0.1273,-211.8,-387.9
3.3054,3.3042,1.2,0,-311.1,-1150.6,1.6032,-295.6,-1150.7,1.6371,349.3,-194.8,0.0000,397.4,-195.3,0.1356,-208.1,-390.8
3.3130,3.3128,0.1,0,-308.1,-1152.7,1.6147,-292.6,-1152.4,1.6371,351.8,-190.1,0.0000,398.5,-189.0,0.0897,-206.3,-389.8
3.3214,3.3128,8.5,0,-308.1,-1152.7,1.6147,-292.6,-1152.4,1.6371,351.8,-190.1,0.0000,409.8,-189.2,0.0897,-207.0,-401.1
3.3287,3.3222,6.5,0,-304.7,-1155.0,1.6110,-289.3,-1154.1,1.6371,354.4,-185.2,-0.0000,408.8,-183.5,0.1045,-199.8,-401.1
3.3372,3.3296,7.6,0,-301.4,-1157.1,1.5987,-286.7,-1155.5,1.6371,356.1,-182.1,0.0000,410.2,-177.9,0.1537,-189.3,-405.1
3.3451,3.3381,7.0,0,-298.6,-1158.4,1.5960,-283.7,-1157.0,1.6371,358.2,-178.3,-0.0000,412.2,-174.3,0.1646,-184.6,-407.6
3.3531,3.3467,6.5,0,-295.6,-1159.2,1.5978,-280.6,-1158.5,1.6371,360.3,-173.9,0.0000,414.1,-172.2,0.1572,-183.3,-409.3
3.3611,3.3564,4.7,0,-291.2,-1161.4,1.5970,-277.0,-1160.2,1.6371,362.5,-169.4,-0.0000,411.1,-166.2,0.1605,-176.9,-406.6
3.3689,3.3653,3.7,0,-287.8,-1163.0,1.6066,-273.8,-1161.7,1.6371,364.3,-165.8,0.0000,410.8,-162.0,0.1222,-176.6,-404.7
3.3772,3.3729,4.3,0,-284.8,-1165.1,1.5960,-271.0,-1162.9,1.6371,365.8,-161.8,0.0000,412.6,-154.6,0.1644,-164.9,-408.6
3.3851,3.3804,4.7,0,-282.1,-1166.1,1.5907,-268.3,-1164.1,1.6371,367.1,-157.1,0.0000,414.7,-150.9,0.1858,-159.2,-411.6
3.3926,3.3889,3.8,0,-278.2,-1168.4,1.5916,-265.2,-1165.4,1.6371,369.1,-152.9,-0.0000,413.3,-144.3,0.1822,-152.9,-410.2
3.4009,3.3986,2.3,0,-274.1,-1169.3,1.5821,-261.6,-1166.9,1.6371,371.7,-148.9,-0.0000,412.5,-141.6,0.2201,-146.3,-410.9
3.4090,3.4054,3.6,0,-271.0,-1170.8,1.5825,-259.0,-1167.9,1.6371,372.9,-145.6,0.0000,413.2,-136.7,0.2184,-141.5,-411.6
3.4168,3.4143,2.5,0,-268.3,-1171.6,1.5838,-255.7,-1169.2,1.6371,374.1,-141.4,0.0000,415.2,-133.9,0.2135,-139.3,-413.5
3.4246,3.4143,10.3,0,-268.3,-1171.6,1.5838,-255.7,-1169.2,1.6371,374.1,-141.4,0.0000,425.6,-133.0,0.2135,-138.5,-423.9
3.4334,3.4311,2.3,0,-261.1,-1175.2,1.5950,-249.4,-1171.5,1.6371,377.6,-132.6,-0.0000,415.8,-121.3,0.1684,-131.4,-412.8
3.4408,3.4393,1.4,0,-256.9,-1176.5,1.5895,-246.3,-1172.6,1.6371,378.9,-128.3,0.0000,412.7,-116.3,0.1905,-124.0,-410.5
3.4495,3.4480,1.4,0,-253.7,-1177.4,1.5784,-243.0,-1173.7,1.6371,380.3,-123.7,0.0000,414.2,-112.3,0.2348,-115.5,-413.3
3.4565,3.4564,0.1,0,-250.4,-1178.5,1.5915,-239.8,-1174.7,1.6371,381.7,-119.8,0.0000,413.7,-108.5,0.1823,-117.0,-411.4
3.4649,3.4648,0.1,0,-246.5,-1180.1,1.6024,-236.6,-1175.7,1.6371,383.1,-115.8,0.0000,413.1,-102.4,0.1389,-115.4,-409.6
3.4734,3.4732,0.1,0,-243.3,-1181.6,1.5866,-233.3,-1176.6,1.6371,384.0,-111.4,0.0000,414.0,-96.4,0.2020,-102.9,-412.4
3.4818,3.4817,0.1,0,-239.8,-1183.6,1.5912,-230.1,-1177.6,1.6371,385.0,-107.0,-0.0000,414.3,-88.9,0.1835,-97.4,-412.4
3.4885,3.4817,6.8,0,-239.8,-1183.6,1.5912,-230.1,-1177.6,1.6371,385.0,-107.0,-0.0000,423.2,-87.2,0.1835,-95.8,-421.3
3.4976,3.4900,7.6,0,-236.7,-1183.9,1.5982,-226.9,-1178.4,1.6371,386.5,-102.1,-0.0000,425.9,-83.9,0.1557,-95.5,-423.5
3.5052,3.4987,6.4,0,-233.2,-1185.1,1.6008,-223.5,-1179.3,1.6371,387.8,-97.4,-0.0000,425.0,-79.0,0.1451,-91.8,-422.4
3.5135,3.5071,6.5,0,-229.5,-1185.5,1.5996,-220.3,-1180.1,1.6371,388.8,-93.6,-0.0000,424.8,-76.2,0.1500,-88.4,-422.4
3.5211,3.5155,5.6,0,-226.0,-1187.1,1.6054,-217.0,-1180.9,1.6371,389.8,-89.6,0.0000,424.1,-69.8,0.1268,-84.4,-421.4
3.5286,3.5285,0.1,0,-222.6,-1187.1,1.6072,-211.9,-1182.0,1.6371,391.5,-83.6,-0.0000,423.7,-68.2,0.1195,-83.6,-421.0
3.5370,3.5327,4.3,0,-219.1,-1188.9,1.6059,-210.3,-1182.3,1.6371,392.0,-81.1,0.0000,424.0,-59.4,0.1247,-74.2,-421.6
3.5456,3.5408,4.8,0,-215.9,-1189.3,1.6134,-207.1,-1183.0,1.6371,393.1,-75.8,0.0000,425.5,-55.1,0.0949,-73.2,-422.7
3.5534,3.5494,4.0,0,-211.9,-1190.9,1.6112,-203.7,-1183.6,1.6371,393.7,-71.2,0.0000,422.8,-48.2,0.1037,-65.2,-420.5
3.5614,3.5580,3.4,0,-208.4,-1191.0,1.6042,-200.3,-1184.2,1.6371,393.7,-67.0,-0.0000,422.1,-45.4,0.1317,-59.5,-420.4
3.5686,3.5662,2.4,0,-205.1,-1192.3,1.6135,-197.1,-1184.7,1.6371,394.6,-62.7,0.0000,422.0,-39.3,0.0945,-57.3,-420.0
3.5767,3.5752,1.5,0,-201.7,-1192.5,1.6253,-193.5,-1185.3,1.6371,395.9,-58.0,-0.0000,422.5,-35.7,0.0473,-58.7,-419.9
3.5845,3.5832,1.2,0,-198.4,-1193.1,1.6204,-190.3,-1185.7,1.6371,396.6,-54.2,0.0000,422.4,-31.8,0.0669,-52.7,-420.3
3.5927,3.5914,1.2,0,-194.8,-1193.2,1.6321,-187.1,-1186.1,1.6371,397.4,-50.7,-0.0000,421.9,-29.1,0.0199,-54.9,-419.3
3.6010,3.5914,9.5,0,-194.8,-1193.2,1.6321,-187.1,-1186.1,1.6371,397.4,-50.7,-0.0000,432.0,-24.6,0.0199,-51.0,-429.7
3.6088,3.6087,0.1,0,-188.3,-1195.7,1.6359,-180.2,-1186.9,1.6371,397.9,-39.3,-0.0000,422.3,-12.8,0.0048,-40.2,-420.5
3.6169,3.6168,0.1,0,-184.3,-1196.1,1.6363,-177.0,-1187.2,1.6371,398.3,-35.9,0.0000,420.3,-9.2,0.0032,-36.7,-418.8
3.6257,3.6255,0.1,0,-180.2,-1197.2,1.6303,-173.5,-1187.5,1.6371,398.7,-31.8,-0.0000,418.9,-2.8,0.0271,-27.7,-418.0
3.6335,3.6255,8.0,0,-180.2,-1197.2,1.6303,-173.5,-1187.5,1.6371,398.7,-31.8,-0.0000,428.6,1.1,0.0271,-24.4,-428.0
3.6414,3.6360,5.4,0,-177.1,-1196.8,1.6359,-169.3,-1187.8,1.6371,399.2,-25.7,-0.0000,429.1,3.9,0.0048,-24.0,-428.4
3.6485,3.6421,6.4,0,-173.5,-1197.5,1.6361,-166.9,-1188.0,1.6371,399.4,-22.4,-0.0000,426.9,8.9,0.0040,-19.0,-426.6
3.6575,3.6421,15.4,0,-173.5,-1197.5,1.6361,-166.9,-1188.0,1.6371,399.4,-22.4,-0.0000,437.7,13.0,0.0040,-15.6,-437.6
3.6645,3.6591,5.4,0,-166.9,-1197.7,1.6365,-160.1,-1188.3,1.6371,399.4,-13.9,-0.0000,426.5,17.2,0.0026,-10.8,-426.7
3.6734,3.6696,3.8,0,-163.4,-1197.8,1.6344,-155.9,-1188.4,1.6371,400.1,-7.9,0.0000,427.2,22.4,0.0109,-4.8,-427.8
3.6817,3.6760,5.7,0,-159.8,-1198.5,1.6313,-153.4,-1188.4,1.6371,400.2,-4.4,0.0000,426.3,29.0,0.0232,3.2,-427.3
3.6889,3.6845,4.5,0,-156.2,-1198.3,1.6351,-150.0,-1188.5,1.6371,400.2,0.4,0.0000,424.0,32.2,0.0081,4.9,-425.2
3.6976,3.6930,4.6,0,-152.7,-1198.1,1.6324,-146.6,-1188.4,1.6371,400.0,4.6,0.0000,423.8,35.4,0.0187,9.3,-425.2
3.7056,3.7042,1.4,0,-149.0,-1198.1,1.6434,-142.1,-1188.4,1.6371,399.6,9.4,-0.0000,422.1,39.6,-0.0250,8.9,-423.8
3.7135,3.7102,3.3,0,-145.5,-1197.8,1.6470,-139.7,-1188.3,1.6371,399.6,13.2,0.0000,421.1,44.4,-0.0396,12.2,-423.3
3.7206,3.7182,2.4,0,-141.2,-1198.8,1.6345,-136.5,-1188.2,1.6371,399.7,18.9,0.0000,416.6,52.3,0.0104,25.6,-419.1
3.7291,3.7277,1.4,0,-138.1,-1198.4,1.6208,-132.7,-1188.0,1.6371,399.3,23.6,0.0000,417.2,55.8,0.0655,34.9,-419.5
3.7370,3.7369,0.1,0,-135.5,-1197.7,1.6376,-129.0,-1187.7,1.6371,399.0,28.3,-0.0000,418.6,58.4,-0.0018,30.3,-421.5
3.7449,3.7437,1.2,0,-131.8,-1197.7,1.6284,-126.3,-1187.5,1.6371,398.8,31.4,-0.0000,416.8,62.5,0.0348,38.4,-419.7
3.7537,3.7523,1.4,0,-128.3,-1197.3,1.6296,-122.9,-1187.2,1.6371,398.6,35.2,-0.0000,416.5,66.3,0.0301,41.7,-419.7
3.7609,3.7608,0.1,0,-124.5,-1197.1,1.6226,-119.5,-1186.9,1.6371,397.8,40.4,0.0000,413.1,70.9,0.0582,49.5,-416.2
3.7685,3.7608,7.7,0,-124.5,-1197.1,1.6226,-119.5,-1186.9,1.6371,397.8,40.4,0.0000,421.5,76.4,0.0582,54.4,-424.9
3.7771,3.7702,6.9,0,-121.6,-1196.7,1.6305,-115.8,-1186.5,1.6371,397.1,45.8,0.0000,422.7,81.2,0.0264,55.8,-426.8
3.7856,3.7776,8.0,0,-117.7,-1196.8,1.6283,-112.8,-1186.1,1.6371,397.1,49.9,-0.0000,421.0,87.5,0.0353,63.2,-425.3
3.7935,3.7870,6.5,0,-115.2,-1195.8,1.6285,-109.1,-1185.7,1.6371,396.6,54.9,-0.0000,421.6,89.7,0.0347,65.3,-426.1
3.8005,3.7942,6.4,0,-111.3,-1195.0,1.6227,-106.2,-1185.2,1.6371,395.5,58.4,-0.0000,417.4,91.9,0.0575,70.1,-421.6
3.8090,3.8032,5.8,0,-108.3,-1193.8,1.6248,-102.7,-1184.7,1.6371,394.6,62.9,-0.0000,417.9,94.2,0.0493,71.5,-422.4
3.8167,3.8113,5.4,0,-104.6,-1193.5,1.6207,-99.5,-1184.2,1.6371,394.1,66.9,0.0000,415.4,98.8,0.0658,77.9,-419.8
3.8253,3.8195,5.7,0,-101.9,-1192.6,1.6258,-96.2,-1183.6,1.6371,393.5,71.2,0.0000,417.0,102.8,0.0455,79.7,-422.0
3.8328,3.8282,4.6,0,-98.0,-1192.0,1.6211,-92.8,-1183.0,1.6371,393.0,76.0,-0.0000,413.5,106.5,0.0640,85.6,-418.3
3.8412,3.8358,5.4,0,-95.2,-1191.2,1.6128,-89.9,-1182.4,1.6371,392.2,80.1,-0.0000,413.5,110.9,0.0973,93.5,-417.8
3.8486,3.8452,3.4,0,-91.6,-1191.2,1.6117,-86.2,-1181.6,1.6371,390.3,85.2,0.0000,410.1,116.7,0.1017,99.9,-414.5
3.8573,3.8527,4.6,0,-88.9,-1189.3,1.6212,-83.3,-1180.9,1.6371,389.6,89.1,-0.0000,411.7,117.8,0.0636,96.9,-417.1
3.8653,3.8616,3.7,0,-84.9,-1189.0,1.6178,-79.8,-1180.1,1.6371,389.3,93.5,0.0000,408.8,123.0,0.0772,103.6,-414.1
3.8734,3.8702,3.2,0,-82.0,-1187.4,1.6207,-76.4,-1179.3,1.6371,388.1,97.8,-0.0000,408.1,124.6,0.0658,104.1,-413.8
3.8808,3.8785,2.3,0,-79.3,-1186.6,1.6219,-73.2,-1178.5,1.6371,386.8,101.8,0.0000,407.5,127.9,0.0610,107.0,-413.5
3.8885,3.8871,1.3,0,-76.1,-1185.3,1.6142,-69.9,-1177.6,1.6371,385.4,106.8,-0.0000,405.4,131.2,0.0916,113.5,-410.7
3.8969,3.8956,1.3,0,-73.7,-1184.3,1.6098,-66.6,-1176.6,1.6371,384.1,112.0,-0.0000,406.5,136.1,0.1093,120.2,-411.5
3.9056,3.9042,1.4,0,-69.7,-1183.3,1.6157,-63.3,-1175.7,1.6371,382.8,115.7,0.0000,403.5,139.6,0.0855,121.4,-409.4
3.9128,3.9127,0.1,0,-67.7,-1181.9,1.6222,-60.1,-1174.7,1.6371,381.6,119.6,-0.0000,404.4,141.4,0.0595,120.4,-411.1
3.9211,3.9210,0.1,0,-63.8,-1181.2,1.6115,-56.9,-1173.7,1.6371,380.4,123.8,-0.0000,401.1,146.5,0.1023,130.0,-406.7
3.9288,3.9210,7.7,0,-63.8,-1181.2,1.6115,-56.9,-1173.7,1.6371,380.4,123.8,-0.0000,408.7,153.2,0.1023,136.4,-414.6
3.9371,3.9295,7.6,0,-61.4,-1178.9,1.6089,-53.7,-1172.6,1.6371,379.1,128.0,-0.0000,409.4,154.2,0.1130,138.5,-415.0
3.9448,3.9381,6.7,0,-58.1,-1178.2,1.6109,-50.4,-1171.5,1.6371,377.3,132.8,0.0000,406.8,159.4,0.1049,143.0,-412.8
3.9525,3.9468,5.7,0,-54.4,-1176.7,1.6115,-47.2,-1170.3,1.6371,375.7,137.4,-0.0000,402.6,161.6,0.1023,145.1,-408.9
3.9607,3.9554,5.3,0,-51.0,-1175.8,1.6147,-43.9,-1169.1,1.6371,374.0,141.5,0.0000,400.2,166.4,0.0897,148.7,-407.2
3.9685,3.9641,4.4,0,-48.3,-1173.3,1.6105,-40.7,-1167.8,1.6371,372.4,145.9,-0.0000,399.4,166.3,0.1064,150.3,-405.7
3.9771,3.9725,4.6,0,-45.9,-1172.1,1.6104,-37.6,-1166.6,1.6371,370.8,150.1,-0.0000,399.9,171.0,0.1068,155.0,-406.4
3.9850,3.9805,4.5,0,-42.5,-1171.1,1.5997,-34.6,-1165.4,1.6371,369.3,153.9,0.0000,397.2,175.1,0.1499,163.5,-402.1
3.9934,3.9888,4.6,0,-39.7,-1168.3,1.6110,-31.6,-1164.1,1.6371,367.9,157.4,0.0000,396.3,174.3,0.1044,158.2,-403.0
4.0011,3.9995,1.6,0,-35.8,-1166.6,1.6000,-27.6,-1162.4,1.6371,365.4,163.0,-0.0000,391.2,177.5,0.1486,166.1,-396.2
4.0095,4.0072,2.3,0,-33.1,-1165.2,1.6046,-24.8,-1161.1,1.6371,363.7,167.3,0.0000,390.4,181.9,0.1302,168.6,-396.4
4.0168,4.0144,2.3,0,-30.1,-1164.3,1.6052,-22.2,-1159.9,1.6371,361.8,170.6,-0.0000,387.2,185.9,0.1278,172.5,-393.3
4.0255,4.0228,2.7,0,-26.7,-1162.6,1.6094,-19.2,-1158.4,1.6371,359.3,174.2,-0.0000,384.1,189.2,0.1108,174.2,-391.1
4.0325,4.0313,1.2,0,-23.6,-1160.5,1.6083,-16.1,-1157.0,1.6371,357.8,178.4,0.0000,381.2,190.3,0.1152,175.9,-388.1
4.0415,4.0391,2.4,0,-21.1,-1158.2,1.6007,-13.4,-1155.5,1.6371,356.5,182.4,-0.0000,381.8,192.9,0.1458,181.4,-387.4
4.0496,4.0482,1.4,0,-17.4,-1157.6,1.6063,-10.1,-1153.9,1.6371,354.0,186.4,-0.0000,376.9,199.1,0.1233,185.6,-383.8
4.0566,4.0565,0.1,0,-14.4,-1155.5,1.6130,-7.2,-1152.3,1.6371,351.8,190.1,0.0000,373.5,199.8,0.0964,183.9,-381.6
4.0648,4.0647,0.1,0,-10.7,-1152.9,1.6110,-4.3,-1150.7,1.6371,349.6,194.3,-0.0000,369.0,200.9,0.1043,185.9,-376.7
4.0732,4.0731,0.1,0,-8.4,-1151.5,1.6039,-1.4,-1149.1,1.6371,347.3,198.5,0.0000,368.4,205.9,0.1327,193.5,-375.0
4.0810,4.0731,7.9,0,-8.4,-1151.5,1.6039,-1.4,-1149.1,1.6371,347.3,198.5,0.0000,374.4,213.5,0.1327,200.9,-381.3
4.0895,4.0818,7.7,0,-5.0,-1150.2,1.6110,1.6,-1147.3,1.6371,345.1,201.8,0.0000,371.0,218.3,0.1044,203.2,-379.4
4.0965,4.0901,6.4,0,-1.3,-1147.4,1.6063,4.5,-1145.6,1.6371,342.9,205.3,0.0000,365.2,218.0,0.1234,204.9,-372.7
4.1056,4.0986,7.1,0,1.5,-1145.8,1.6192,7.4,-1143.9,1.6371,340.7,209.7,-0.0000,363.5,223.3,0.0717,205.5,-373.8
4.1129,4.1071,5.8,0,5.6,-1143.2,1.5972,10.3,-1142.1,1.6371,338.3,213.8,0.0000,356.5,223.3,0.1597,213.8,-362.2
4.1209,4.1156,5.3,0,8.4,-1142.0,1.6043,13.1,-1140.3,1.6371,335.7,217.5,0.0000,353.5,228.6,0.1311,216.7,-360.9
4.1295,4.1238,5.8,0,11.3,-1139.2,1.6054,15.9,-1138.5,1.6371,333.2,221.2,-0.0000,350.8,229.9,0.1267,217.6,-358.6
4.1370,4.1324,4.6,0,14.1,-1137.7,1.6144,18.7,-1136.5,1.6371,330.4,225.2,0.0000,347.6,234.0,0.0908,218.6,-357.5
4.1452,4.1418,3.4,0,17.8,-1136.0,1.6216,21.8,-1134.4,1.6371,327.9,229.2,0.0000,342.5,237.8,0.0619,220.1,-354.1
4.1529,4.1493,3.5,0,20.7,-1133.1,1.6224,24.3,-1132.7,1.6371,326.2,232.2,0.0000,339.5,237.4,0.0588,219.6,-351.3
4.1617,4.1580,3.7,0,24.1,-1130.9,1.6083,27.1,-1130.6,1.6371,323.3,235.8,-0.0000,334.5,240.6,0.1155,227.9,-343.3
4.1687,4.1664,2.3,0,27.7,-1129.1,1.6204,29.8,-1128.6,1.6371,320.4,239.0,0.0000,328.2,243.1,0.0669,226.5,-339.9
4.1768,4.1744,2.5,0,31.0,-1127.5,1.6195,32.4,-1126.7,1.6371,317.6,242.8,0.0000,323.1,248.4,0.0706,232.4,-334.8
4.1845,4.1831,1.4,0,33.5,-1124.5,1.6161,35.1,-1124.6,1.6371,314.6,247.4,-0.0000,320.2,248.7,0.0839,234.0,-331.2
4.1929,4.1916,1.2,0,36.9,-1123.1,1.6099,37.8,-1122.4,1.6371,311.7,250.8,0.0000,315.0,254.1,0.1089,241.6,-324.7
4.2006,4.2005,0.1,0,39.5,-1119.9,1.6103,40.5,-1120.2,1.6371,308.6,254.5,0.0000,311.8,253.7,0.1072,241.2,-321.6
4.2098,4.2084,1.4,0,43.2,-1118.0,1.6173,42.9,-1118.2,1.6371,306.4,256.9,-0.0000,306.7,257.7,0.0791,243.1,-318.4
4.2171,4.2170,0.1,0,46.1,-1115.6,1.6243,45.6,-1116.0,1.6371,303.9,259.6,-0.0000,302.4,258.5,0.0512,242.0,-315.8
4.2245,4.2170,7.6,0,46.1,-1115.6,1.6243,45.6,-1116.0,1.6371,303.9,259.6,-0.0000,306.1,268.4,0.0512,251.6,-320.0
4.2336,4.2251,8.6,0,49.3,-1112.9,1.6212,48.0,-1113.9,1.6371,300.6,264.0,0.0000,301.2,272.0,0.0637,256.5,-314.6
4.2413,4.2251,16.2,0,49.3,-1112.9,1.6212,48.0,-1113.9,1.6371,300.6,264.0,0.0000,305.1,280.7,0.0637,265.0,-318.9
4.2489,4.2455,3.4,0,55.2,-1109.2,1.6236,54.1,-1108.4,1.6371,292.8,272.1,-0.0000,291.2,278.8,0.0543,263.0,-305.4
4.2570,4.2504,6.6,0,58.8,-1106.1,1.6260,55.5,-1107.0,1.6371,291.0,274.0,0.0000,284.9,279.0,0.0445,262.9,-299.9
4.2648,4.2591,5.7,0,61.1,-1104.3,1.6309,58.0,-1104.6,1.6371,288.2,277.1,0.0000,282.0,283.1,0.0248,265.6,-298.5
4.2732,4.2678,5.4,0,64.6,-1101.9,1.6304,60.5,-1102.2,1.6371,285.2,280.4,-0.0000,275.9,286.5,0.0270,269.5,-292.4
4.2813,4.2756,5.7,0,67.0,-1099.5,1.6363,62.7,-1100.0,1.6371,282.8,283.8,-0.0000,272.8,289.4,0.0031,270.9,-291.1
4.2892,4.2844,4.7,0,69.4,-1097.6,1.6351,65.2,-1097.5,1.6371,279.3,287.2,0.0000,268.1,293.4,0.0081,275.5,-286.4
4.2971,4.2928,4.3,0,72.2,-1095.6,1.6386,67.6,-1095.1,1.6371,275.0,290.1,0.0000,262.8,296.9,-0.0058,278.5,-282.3
4.3045,4.3012,3.2,0,75.4,-1092.3,1.6396,69.9,-1092.6,1.6371,271.7,293.2,-0.0000,256.7,296.4,-0.0098,278.1,-276.5
4.3125,4.3093,3.2,0,78.3,-1089.5,1.6435,72.0,-1090.2,1.6371,268.8,296.3,-0.0000,251.4,298.0,-0.0257,278.9,-272.4
4.3212,4.3181,3.1,0,80.8,-1087.6,1.6480,74.4,-1087.6,1.6371,265.5,299.2,0.0000,247.7,302.9,-0.0436,282.9,-270.3
4.3293,4.3267,2.6,0,84.0,-1085.0,1.6369,76.7,-1085.0,1.6371,262.4,301.9,0.0000,241.4,305.1,0.0010,288.5,-261.0
4.3373,4.3267,10.6,0,84.0,-1085.0,1.6369,76.7,-1085.0,1.6371,262.4,301.9,0.0000,244.2,315.4,0.0010,298.6,-264.5
4.3449,4.3385,6.4,0,86.3,-1082.9,1.6438,79.7,-1081.4,1.6371,257.4,306.3,0.0000,240.0,318.9,-0.0267,300.5,-262.6
4.3535,4.3521,1.4,0,90.8,-1077.6,1.6337,83.2,-1077.3,1.6371,251.8,310.8,-0.0000,229.4,313.6,0.0137,298.6,-248.7
4.3607,4.3606,0.1,0,93.1,-1075.4,1.6433,85.3,-1074.6,1.6371,248.4,313.6,-0.0000,225.0,316.0,-0.0246,298.9,-247.3
4.3693,4.3606,8.7,0,93.1,-1075.4,1.6433,85.3,-1074.6,1.6371,248.4,313.6,-0.0000,227.3,326.9,-0.0246,309.6,-250.4
4.3767,4.3711,5.7,0,95.3,-1072.4,1.6428,87.9,-1071.3,1.6371,243.4,317.0,0.0000,222.7,327.4,-0.0228,310.5,-245.7
4.3855,4.3773,8.2,0,97.9,-1070.0,1.6419,89.4,-1069.3,1.6371,240.6,319.0,-0.0000,218.4,331.7,-0.0192,315.4,-241.4
4.3935,4.3858,7.7,0,99.8,-1067.0,1.6465,91.4,-1066.6,1.6371,237.8,321.8,-0.0000,215.1,333.1,-0.0376,315.9,-239.7
4.4016,4.3941,7.6,0,102.4,-1064.5,1.6343,93.4,-1063.9,1.6371,234.6,324.5,0.0000,208.8,336.2,0.0114,322.3,-229.7
4.4087,4.4050,3.7,0,104.6,-1062.3,1.6353,95.9,-1060.4,1.6371,228.7,328.0,-0.0000,203.5,338.8,0.0073,325.0,-224.9
4.4169,4.4116,5.3,0,106.6,-1059.1,1.6414,97.4,-1058.2,1.6371,225.8,330.0,0.0000,199.8,339.6,-0.0171,324.7,-223.3
4.4252,4.4197,5.6,0,108.0,-1057.1,1.6338,99.2,-1055.5,1.6371,222.8,332.3,-0.0000,197.9,344.1,0.0133,330.9,-219.2
4.4327,4.4282,4.5,0,111.3,-1054.4,1.6363,101.1,-1052.7,1.6371,219.1,334.7,-0.0000,189.4,345.6,0.0031,332.5,-211.7
4.4409,4.4376,3.3,0,112.3,-1051.1,1.6230,103.1,-1049.5,1.6371,214.8,337.4,-0.0000,188.0,346.3,0.0566,336.0,-205.8
4.4494,4.4448,4.6,0,114.0,-1049.0,1.6289,104.7,-1047.1,1.6371,211.5,339.4,-0.0000,184.5,351.0,0.0330,339.7,-204.6
4.4574,4.4537,3.7,0,115.9,-1045.8,1.6295,106.5,-1044.0,1.6371,207.6,341.9,-0.0000,180.1,352.1,0.0304,341.0,-200.5
4.4655,4.4621,3.4,0,118.1,-1043.7,1.6181,108.3,-1041.2,1.6371,203.6,344.3,0.0000,174.4,356.3,0.0760,347.7,-191.1
4.4729,4.4621,10.9,0,118.1,-1043.7,1.6181,108.3,-1041.2,1.6371,203.6,344.3,0.0000,175.2,366.1,0.0760,357.4,-192.3
4.4809,4.4795,1.4,0,121.1,-1037.8,1.6087,111.7,-1035.1,1.6371,195.3,348.9,-0.0000,167.4,358.9,0.1138,352.3,-180.8
4.4895,4.4872,2.3,0,123.1,-1036.0,1.6113,113.2,-1032.4,1.6371,191.8,350.8,0.0000,162.4,364.4,0.1031,357.5,-177.0
4.4968,4.4955,1.2,0,125.1,-1032.3,1.6089,114.8,-1029.5,1.6371,188.4,352.8,0.0000,158.0,362.9,0.1127,356.6,-171.7
4.5047,4.4955,9.2,0,125.1,-1032.3,1.6089,114.8,-1029.5,1.6371,188.4,352.8,0.0000,159.3,373.2,0.1127,366.9,-173.4
4.5129,4.5127,0.1,0,128.5,-1026.5,1.6153,118.0,-1023.4,1.6371,180.0,357.4,-0.0000,148.3,366.9,0.0874,360.0,-164.5
4.5209,4.5208,0.1,0,130.5,-1023.7,1.6106,119.4,-1020.5,1.6371,175.3,359.7,0.0000,142.2,369.6,0.1059,363.6,-156.8
4.5288,4.5208,7.9,0,130.5,-1023.7,1.6106,119.4,-1020.5,1.6371,175.3,359.7,0.0000,142.6,379.4,0.1059,373.4,-157.6
4.5372,4.5295,7.7,0,132.2,-1021.1,1.6125,120.9,-1017.4,1.6371,171.3,361.2,-0.0000,137.8,382.5,0.0985,376.4,-153.7
4.5453,4.5391,6.2,0,133.9,-1017.4,1.6096,122.6,-1013.9,1.6371,166.7,363.2,-0.0000,133.1,381.8,0.1100,376.4,-147.8
4.5532,4.5462,7.0,0,134.8,-1015.5,1.6197,123.7,-1011.3,1.6371,163.7,364.6,-0.0000,130.8,386.2,0.0698,379.4,-149.5
4.5615,4.5549,6.7,0,137.5,-1011.8,1.6188,125.1,-1008.1,1.6371,159.8,366.5,0.0000,122.6,386.6,0.0732,380.2,-141.0
4.5690,4.5635,5.4,0,139.2,-1008.8,1.6264,126.5,-1004.9,1.6371,155.6,368.7,0.0000,117.5,387.7,0.0430,380.5,-138.8
4.5774,4.5728,4.6,0,140.4,-1005.2,1.6210,127.9,-1001.5,1.6371,150.9,370.8,-0.0000,113.1,387.8,0.0644,381.6,-132.4
4.5848,4.5803,4.6,0,141.7,-1002.9,1.6126,129.0,-998.7,1.6371,146.8,372.3,-0.0000,108.3,390.8,0.0980,385.9,-124.6
4.5932,4.5888,4.4,0,143.9,-1001.1,1.6151,130.3,-995.6,1.6371,142.6,373.8,-0.0000,101.4,395.9,0.0881,391.0,-118.8
4.6015,4.5969,4.6,0,145.3,-997.0,1.6092,131.4,-992.5,1.6371,138.8,374.9,-0.0000,96.9,394.5,0.1116,390.5,-112.0
4.6089,4.6062,2.6,0,147.1,-994.2,1.6213,132.7,-989.0,1.6371,134.3,376.8,-0.0000,90.8,395.9,0.0632,390.8,-110.6
4.6175,4.6142,3.3,0,147.9,-990.6,1.6308,133.7,-986.0,1.6371,130.6,378.5,-0.0000,87.8,396.5,0.0251,390.5,-111.4
4.6250,4.6226,2.4,0,149.6,-988.1,1.6214,134.8,-982.8,1.6371,126.0,379.9,-0.0000,81.1,398.9,0.0628,394.3,-101.2
4.6325,4.6311,1.5,0,151.6,-984.3,1.6213,135.9,-979.6,1.6371,120.9,381.3,-0.0000,73.5,397.2,0.0634,393.0,-93.4
4.6409,4.6397,1.2,0,152.8,-981.6,1.6337,136.9,-976.3,1.6371,116.9,382.3,-0.0000,69.2,399.7,0.0136,394.6,-94.2
4.6485,4.6397,8.8,0,152.8,-981.6,1.6337,136.9,-976.3,1.6371,116.9,382.3,-0.0000,68.2,409.3,0.0136,404.2,-93.8
4.6566,4.6552,1.4,0,155.4,-974.9,1.6317,138.6,-970.4,1.6371,109.3,384.5,0.0000,58.6,400.1,0.0217,395.8,-82.8
4.6648,4.6647,0.1,0,156.5,-971.7,1.6307,139.7,-966.7,1.6371,104.2,386.0,-0.0000,53.6,401.1,0.0259,397.2,-77.5
4.6731,4.6730,0.1,0,158.6,-968.4,1.6305,140.5,-963.5,1.6371,100.4,387.4,0.0000,46.2,402.4,0.0266,398.9,-70.1
4.6810,4.6730,7.9,0,158.6,-968.4,1.6305,140.5,-963.5,1.6371,100.4,387.4,0.0000,44.8,412.8,0.0266,409.4,-69.3
4.6887,4.6818,6.9,0,159.4,-965.6,1.6208,141.4,-960.1,1.6371,96.2,388.9,0.0000,39.7,414.2,0.0651,411.7,-60.3
4.6973,4.6918,5.5,0,160.6,-962.4,1.6240,142.3,-956.2,1.6371,89.6,390.0,0.0000,33.0,415.8,0.0523,413.5,-55.1
4.7047,4.6984,6.3,0,161.6,-958.8,1.6319,142.9,-953.6,1.6371,86.0,390.7,-0.0000,28.7,414.1,0.0208,411.6,-53.9
4.7130,4.7075,5.5,0,163.4,-956.1,1.6274,143.6,-950.0,1.6371,82.0,391.4,0.0000,21.4,416.4,0.0390,414.5,-44.9
4.7213,4.7155,5.8,0,164.3,-952.6,1.6402,144.3,-946.9,1.6371,78.1,392.1,-0.0000,16.3,416.5,-0.0122,414.3,-45.1
4.7290,4.7238,5.2,0,165.5,-948.9,1.6329,144.9,-943.7,1.6371,73.9,392.7,-0.0000,10.5,415.0,0.0169,413.6,-36.2
4.7370,4.7318,5.2,0,166.7,-946.1,1.6473,145.5,-940.5,1.6371,69.6,393.5,0.0000,3.9,417.2,-0.0408,415.7,-35.8
4.7449,4.7405,4.3,0,167.7,-942.5,1.6369,146.1,-937.1,1.6371,64.5,394.7,0.0000,-2.0,416.5,0.0010,415.7,-25.5
4.7534,4.7488,4.5,0,168.0,-939.5,1.6449,146.6,-933.8,1.6371,60.1,395.5,0.0000,-5.4,418.5,-0.0313,417.7,-25.6
4.7605,4.7572,3.4,0,168.4,-935.9,1.6417,147.1,-930.5,1.6371,55.9,396.1,0.0000,-9.2,416.5,-0.0182,416.1,-20.3
4.7694,4.7659,3.5,0,169.7,-933.7,1.6426,147.5,-927.0,1.6371,51.5,396.8,0.0000,-16.4,421.4,-0.0221,421.4,-13.9
4.7767,4.7743,2.4,0,169.5,-929.5,1.6415,148.0,-923.7,1.6371,47.1,397.7,0.0000,-18.6,418.3,-0.0177,418.6,-11.0
4.7853,4.7827,2.5,0,170.8,-927.4,1.6439,148.3,-920.3,1.6371,42.8,397.8,0.0000,-25.5,421.8,-0.0270,422.5,-5.4
4.7925,4.7913,1.3,0,171.2,-923.2,1.6442,148.7,-916.9,1.6371,38.7,397.6,0.0000,-29.4,417.8,-0.0283,418.8,-1.3
4.8012,4.7997,1.5,0,171.9,-919.5,1.6540,149.0,-913.6,1.6371,33.6,398.3,-0.0000,-36.0,418.1,-0.0677,419.6,1.2
4.8085,4.8083,0.2,0,171.9,-916.5,1.6507,149.3,-910.1,1.6371,28.3,399.1,-0.0000,-39.8,418.3,-0.0541,420.1,6.3
4.8171,4.8169,0.2,0,172.0,-913.0,1.6558,149.5,-906.7,1.6371,24.1,399.5,0.0000,-43.6,418.4,-0.0749,420.5,7.9
4.8247,4.8169,7.7,0,172.0,-913.0,1.6558,149.5,-906.7,1.6371,24.1,399.5,0.0000,-46.9,427.8,-0.0749,430.3,10.4
4.8335,4.8267,6.7,0,171.7,-909.9,1.6394,149.7,-902.8,1.6371,19.0,399.9,-0.0000,-50.1,429.1,-0.0090,431.5,20.6
4.8416,4.8349,6.7,0,172.1,-906.8,1.6514,149.8,-899.5,1.6371,15.0,399.8,0.0000,-55.1,429.6,-0.0570,432.7,20.3
4.8486,4.8427,5.9,0,172.1,-903.1,1.6534,149.9,-896.4,1.6371,10.9,399.8,-0.0000,-58.6,426.9,-0.0653,430.3,23.2
4.8573,4.8508,6.5,0,172.2,-900.5,1.6513,150.0,-893.2,1.6371,6.3,399.8,-0.0000,-63.7,429.8,-0.0568,433.5,28.9
4.8656,4.8589,6.6,0,171.3,-896.3,1.6669,150.0,-889.9,1.6371,1.9,399.9,-0.0000,-65.7,426.9,-0.1190,431.3,24.5
4.8733,4.8674,5.9,0,171.2,-893.4,1.6572,150.0,-886.5,1.6371,-2.9,399.9,0.0000,-69.5,427.6,-0.0802,432.0,32.4
4.8814,4.8759,5.5,0,170.8,-890.1,1.6507,150.0,-883.1,1.6371,-7.3,399.9,0.0000,-72.8,427.5,-0.0542,431.9,38.4
4.8899,4.8838,6.1,0,170.6,-886.8,1.6630,149.9,-880.0,1.6371,-11.3,400.1,-0.0000,-76.8,427.8,-0.1037,433.0,37.1
4.8974,4.8930,4.4,0,169.0,-883.4,1.6575,149.8,-876.3,1.6371,-16.0,399.9,-0.0000,-76.7,426.3,-0.0817,431.3,39.5
4.9046,4.9012,3.4,0,168.3,-879.8,1.6669,149.6,-873.0,1.6371,-21.3,399.5,0.0000,-78.7,423.8,-0.1190,429.4,37.7
4.9131,4.9096,3.5,0,168.2,-876.6,1.6611,149.4,-869.7,1.6371,-22.6,399.4,0.0000,-78.8,424.5,-0.0959,429.9,40.2
4.9214,4.9179,3.5,0,167.6,-873.3,1.6574,149.3,-866.3,1.6371,-23.6,399.4,0.0000,-78.3,424.5,-0.0810,429.7,41.3
4.9289,4.9265,2.4,0,166.8,-870.1,1.6602,149.1,-862.9,1.6371,-19.3,399.4,0.0000,-70.5,423.7,-0.0925,428.3,32.4
4.9371,4.9358,1.3,0,166.2,-866.6,1.6530,148.9,-859.2,1.6371,-13.3,399.3,0.0000,-64.5,422.9,-0.0636,426.8,29.5
4.9451,4.9438,1.3,0,165.4,-862.9,1.6642,148.8,-856.0,1.6371,-9.7,399.6,-0.0000,-58.9,421.7,-0.1083,425.4,19.3
4.9536,4.9521,1.5,0,164.4,-859.7,1.6608,148.8,-852.7,1.6371,-6.0,399.9,-0.0000,-52.3,422.7,-0.0949,425.6,14.1
4.9609,4.9607,0.2,0,163.3,-856.2,1.6518,148.7,-849.2,1.6371,-1.2,400.2,0.0000,-44.8,421.2,-0.0588,423.5,10.5
4.9689,4.9687,0.2,0,162.1,-853.0,1.6540,148.7,-846.0,1.6371,3.2,400.6,-0.0000,-37.0,421.6,-0.0675,423.2,1.8
4.9773,4.9687,8.5,0,162.1,-853.0,1.6540,148.7,-846.0,1.6371,3.2,400.6,-0.0000,-31.7,431.1,-0.0675,432.2,-4.2
4.9852,4.9783,6.9,0,161.4,-849.1,1.6491,148.8,-842.2,1.6371,9.1,400.0,0.0000,-24.6,428.8,-0.0481,429.4,-9.0
4.9933,4.9865,6.8,0,160.3,-845.9,1.6518,148.9,-838.9,1.6371,13.8,399.7,0.0000,-16.8,428.5,-0.0589,428.5,-18.0
5.0012,4.9943,6.9,0,159.7,-841.4,1.6382,149.0,-835.8,1.6371,17.6,399.3,0.0000,-10.6,424.0,-0.0044,423.7,-18.0
5.0090,5.0028,6.2,0,159.5,-839.2,1.6446,149.2,-832.4,1.6371,21.9,399.0,0.0000,-6.0,426.9,-0.0298,426.2,-25.5
5.0165,5.0111,5.4,0,158.2,-835.5,1.6342,149.4,-829.1,1.6371,25.4,399.1,0.0000,1.9,424.6,0.0115,423.6,-28.8
5.0252,5.0193,5.8,0,157.7,-832.2,1.6368,149.6,-825.8,1.6371,29.7,398.9,0.0000,9.7,424.7,0.0015,423.2,-37.7
5.0336,5.0193,14.2,0,157.7,-832.2,1.6368,149.6,-825.8,1.6371,29.7,398.9,0.0000,15.6,434.5,0.0015,432.5,-44.2
5.0415,5.0370,4.5,0,155.1,-825.3,1.6454,150.2,-818.8,1.6371,40.3,398.0,0.0000,27.3,423.8,-0.0332,420.6,-58.8
5.0486,5.0452,3.4,0,154.3,-821.0,1.6294,150.6,-815.5,1.6371,44.9,397.2,0.0000,36.2,417.5,0.0310,414.7,-60.5
5.0570,5.0533,3.6,0,153.8,-817.5,1.6260,151.0,-812.3,1.6371,49.0,396.7,0.0000,42.4,416.7,0.0445,413.8,-65.3
5.0648,5.0646,0.2,0,152.6,-814.1,1.6126,151.5,-807.8,1.6371,54.1,396.3,-0.0000,50.9,415.5,0.0981,413.1,-68.3
5.0725,5.0702,2.3,0,152.4,-810.5,1.6137,151.8,-805.6,1.6371,56.9,396.0,0.0000,56.9,413.5,0.0935,410.7,-74.6
5.0813,5.0786,2.7,0,151.7,-806.9,1.6192,152.3,-802.3,1.6371,61.1,395.9,0.0000,65.1,412.8,0.0715,409.2,-85.0
5.0888,5.0874,1.4,0,151.1,-802.2,1.6089,152.9,-798.8,1.6371,66.4,394.5,0.0000,72.9,406.0,0.1130,402.9,-88.3
5.0970,5.0957,1.3,0,150.7,-799.5,1.6076,153.5,-795.5,1.6371,71.6,392.9,0.0000,81.0,406.3,0.1181,403.1,-95.9
5.1055,5.1042,1.3,0,150.4,-794.9,1.6131,154.1,-792.2,1.6371,75.8,392.8,0.0000,87.9,402.6,0.0961,398.6,-104.9
5.1127,5.1125,0.2,0,149.1,-792.4,1.6224,154.8,-788.9,1.6371,80.1,392.5,-0.0000,97.1,403.2,0.0589,397.6,-117.8
5.1208,5.1125,8.3,0,149.1,-792.4,1.6224,154.8,-788.9,1.6371,80.1,392.5,-0.0000,102.9,411.5,0.0589,405.7,-124.0
5.1288,5.1213,7.5,0,148.0,-788.2,1.6030,155.5,-785.5,1.6371,84.2,391.3,0.0000,112.1,407.3,0.1367,403.4,-125.2
5.1367,5.1291,7.6,0,147.8,-785.4,1.6177,156.1,-782.4,1.6371,87.9,390.3,0.0000,119.0,406.6,0.0776,400.6,-138.0
5.1452,5.1380,7.3,0,147.8,-781.4,1.6060,156.9,-779.0,1.6371,92.6,388.7,-0.0000,125.9,403.2,0.1244,398.5,-140.0
5.1534,5.1465,6.8,0,147.8,-778.0,1.6167,157.8,-775.7,1.6371,97.1,387.4,0.0000,133.1,401.7,0.0816,395.1,-151.4
5.1610,5.1545,6.5,0,147.2,-774.0,1.6095,158.6,-772.6,1.6371,101.8,386.6,0.0000,141.4,397.6,0.1104,391.9,-156.7
5.1686,5.1612,7.4,0,147.0,-770.1,1.6139,159.2,-770.0,1.6371,105.4,385.8,0.0000,147.8,393.7,0.0930,387.0,-164.6
5.1769,5.1697,7.3,0,147.0,-766.8,1.6117,160.2,-766.7,1.6371,109.2,384.7,-0.0000,154.7,392.3,0.1017,385.7,-170.6
5.1849,5.1781,6.8,0,147.6,-763.4,1.6193,161.1,-763.5,1.6371,113.3,383.7,0.0000,159.8,390.5,0.0714,382.3,-178.5
5.1930,5.1865,6.4,0,147.5,-759.7,1.6160,162.1,-760.2,1.6371,117.7,382.8,-0.0000,167.2,387.9,0.0845,379.9,-184.6
5.2013,5.1950,6.3,0,147.4,-755.9,1.6111,163.1,-757.0,1.6371,122.1,381.6,0.0000,174.8,383.5,0.1042,376.2,-190.1
5.2091,5.2034,5.7,0,147.5,-752.8,1.6233,164.1,-753.8,1.6371,126.6,378.9,-0.0000,181.7,381.2,0.0554,371.1,-201.4
5.2171,5.2118,5.3,0,147.9,-749.0,1.6243,165.2,-750.6,1.6371,131.0,377.4,-0.0000,187.8,378.3,0.0512,367.7,-207.7
5.2245,5.2203,4.1,0,148.3,-745.9,1.6264,166.3,-747.4,1.6371,135.5,376.8,-0.0000,193.4,376.2,0.0427,364.9,-214.1
5.2334,5.2288,4.6,0,148.6,-742.2,1.6293,167.5,-744.3,1.6371,139.5,375.4,0.0000,200.0,373.2,0.0315,360.8,-221.5
5.2411,5.2288,12.4,0,148.6,-742.2,1.6293,167.5,-744.3,1.6371,139.5,375.4,0.0000,206.8,380.2,0.0315,367.5,-228.6
5.2487,5.2457,3.0,0,150.1,-735.4,1.6186,169.9,-737.9,1.6371,147.2,371.7,-0.0000,209.9,366.9,0.0739,356.4,-227.2
5.2566,5.2541,2.5,0,150.5,-732.5,1.6231,171.2,-734.8,1.6371,151.7,370.2,-0.0000,216.2,365.5,0.0560,353.7,-235.0
5.2648,5.2541,10.7,0,150.5,-732.5,1.6231,171.2,-734.8,1.6371,151.7,370.2,-0.0000,224.4,372.5,0.0560,360.2,-243.5
5.2729,5.2626,10.3,0,151.4,-728.9,1.6135,172.5,-731.7,1.6371,156.2,368.1,0.0000,229.9,368.6,0.0946,358.5,-245.4
5.2817,5.2797,2.1,0,153.0,-721.8,1.6157,175.2,-725.4,1.6371,164.5,364.6,0.0000,233.1,355.8,0.0855,345.0,-248.8
5.2896,5.2797,9.9,0,153.0,-721.8,1.6157,175.2,-725.4,1.6371,164.5,364.6,0.0000,240.5,363.0,0.0855,351.9,-256.6
5.2968,5.2880,8.8,0,153.5,-719.1,1.6340,176.6,-722.4,1.6371,168.1,363.3,-0.0000,246.5,360.9,0.0124,344.6,-268.8
5.3054,5.2965,8.9,0,154.7,-716.1,1.6402,178.1,-719.3,1.6371,172.3,361.2,0.0000,251.4,358.8,-0.0124,340.5,-275.7
5.3126,5.3052,7.5,0,155.6,-712.8,1.6343,179.6,-716.2,1.6371,176.5,359.1,0.0000,256.0,354.6,0.0112,337.6,-278.0
5.3206,5.3132,7.3,0,156.9,-710.0,1.6261,181.0,-713.3,1.6371,180.5,356.6,-0.0000,260.4,352.5,0.0439,337.6,-279.5
5.3292,5.3217,7.5,0,158.2,-706.7,1.6178,182.6,-710.3,1.6371,184.6,354.3,-0.0000,265.5,350.2,0.0771,337.3,-281.7
5.3375,5.3302,7.3,0,159.9,-703.9,1.6317,184.1,-707.3,1.6371,188.7,352.9,-0.0000,269.0,348.9,0.0216,331.9,-289.8
5.3456,5.3389,6.7,0,161.0,-700.2,1.6302,185.8,-704.2,1.6371,192.9,351.0,0.0000,274.0,343.6,0.0276,326.7,-294.0
5.3534,5.3471,6.3,0,162.6,-698.1,1.6315,187.4,-701.4,1.6371,196.5,348.4,0.0000,277.6,343.4,0.0225,326.0,-297.9
5.3610,5.3556,5.4,0,164.3,-694.4,1.6155,189.1,-698.4,1.6371,200.3,346.1,0.0000,280.4,338.4,0.0866,325.6,-295.2
5.3691,5.3640,5.2,0,166.3,-691.7,1.6239,190.8,-695.5,1.6371,203.9,344.3,-0.0000,282.9,336.8,0.0529,321.3,-300.4
5.3773,5.3726,4.7,0,167.7,-688.8,1.6225,192.6,-692.6,1.6371,208.0,341.9,0.0000,287.9,333.6,0.0586,318.3,-304.7
5.3849,5.3809,4.1,0,169.8,-686.4,1.6175,194.3,-689.7,1.6371,212.4,338.9,0.0000,290.4,331.8,0.0786,317.9,-305.6
5.3928,5.3893,3.5,0,171.6,-684.7,1.6207,196.1,-686.9,1.6371,216.0,336.4,0.0000,292.9,332.3,0.0658,317.3,-309.1
5.4014,5.3978,3.6,0,173.3,-681.2,1.6030,198.0,-684.0,1.6371,219.3,334.0,-0.0000,297.3,328.2,0.1363,318.5,-307.7
5.4088,5.4064,2.4,0,175.1,-678.8,1.6279,199.9,-681.2,1.6371,223.1,331.8,0.0000,300.1,326.7,0.0370,309.1,-318.3
5.4167,5.4147,2.0,0,176.7,-676.0,1.6235,201.7,-678.4,1.6371,226.8,330.2,-0.0000,304.2,324.1,0.0543,307.6,-320.9
5.4250,5.4231,2.0,0,179.1,-673.5,1.6121,203.6,-675.7,1.6371,230.6,327.1,-0.0000,306.6,321.6,0.1001,308.7,-319.6
5.4327,5.4231,9.6,0,179.1,-673.5,1.6121,203.6,-675.7,1.6371,230.6,327.1,-0.0000,315.3,326.2,0.1001,312.9,-328.5
5.4414,5.4316,9.8,0,181.4,-671.5,1.6305,205.6,-672.9,1.6371,234.5,323.8,0.0000,318.6,325.9,0.0264,306.3,-337.5
5.4489,5.4400,8.9,0,183.7,-668.1,1.6219,207.6,-670.2,1.6371,238.3,321.2,0.0000,320.4,320.5,0.0610,303.7,-336.4
5.4577,5.4485,9.2,0,186.4,-666.4,1.6146,209.6,-667.5,1.6371,242.3,318.4,0.0000,321.9,321.4,0.0899,307.0,-335.7
5.4655,5.4569,8.6,0,188.2,-664.7,1.6341,211.7,-664.8,1.6371,245.2,316.1,-0.0000,325.2,321.3,0.0121,300.1,-344.9
5.4730,5.4654,7.6,0,190.4,-662.5,1.6319,213.8,-662.1,1.6371,248.3,313.7,-0.0000,327.5,319.0,0.0207,298.4,-346.4
5.4814,5.4739,7.5,0,193.1,-659.4,1.6355,215.9,-659.5,1.6371,251.9,310.3,0.0000,329.3,314.5,0.0063,292.5,-348.9
5.4887,5.4822,6.4,0,194.8,-657.0,1.6405,218.0,-656.9,1.6371,255.4,307.3,0.0000,333.2,311.7,-0.0135,287.8,-354.1
5.4972,5.4907,6.5,0,197.4,-655.0,1.6363,220.2,-654.3,1.6371,259.5,304.8,-0.0000,335.9,310.7,0.0032,288.1,-355.5
5.5051,5.4991,6.0,0,199.9,-653.2,1.6201,222.4,-651.8,1.6371,263.1,302.0,-0.0000,337.5,309.4,0.0682,292.3,-352.4
5.5131,5.5077,5.4,0,202.0,-651.2,1.6378,224.7,-649.2,1.6371,266.2,298.7,-0.0000,340.4,307.6,-0.0026,284.1,-360.2
5.5213,5.5160,5.2,0,204.9,-647.9,1.6242,226.9,-646.7,1.6371,269.3,295.7,-0.0000,341.7,301.8,0.0515,283.1,-357.3
5.5293,5.5247,4.6,0,207.5,-645.4,1.6228,229.3,-644.2,1.6371,272.5,292.5,0.0000,343.4,298.7,0.0571,280.4,-358.5
5.5371,5.5333,3.8,0,209.1,-643.5,1.6284,231.6,-641.7,1.6371,275.8,289.4,-0.0000,347.9,296.9,0.0347,276.3,-364.4
5.5449,5.5417,3.1,0,211.7,-641.5,1.6209,234.0,-639.2,1.6371,278.9,286.2,0.0000,349.5,294.7,0.0649,276.8,-363.8
5.5536,5.5499,3.7,0,214.6,-637.8,1.6302,236.3,-636.9,1.6371,282.2,283.3,-0.0000,351.9,287.9,0.0276,266.4,-368.4
5.5615,5.5583,3.2,0,216.9,-635.6,1.6206,238.6,-634.5,1.6371,286.0,280.3,-0.0000,355.0,284.9,0.0659,266.9,-368.8
5.5687,5.5668,1.9,0,219.6,-633.1,1.6017,241.1,-632.2,1.6371,288.9,276.9,0.0000,355.5,280.2,0.1417,269.1,-364.0
5.5766,5.5753,1.4,0,222.2,-630.8,1.6259,243.5,-629.9,1.6371,291.7,273.2,0.0000,357.4,276.8,0.0447,256.7,-372.2
5.5847,5.5753,9.4,0,222.2,-630.8,1.6259,243.5,-629.9,1.6371,291.7,273.2,0.0000,367.2,280.9,0.0447,260.3,-382.1
5.5931,5.5837,9.4,0,225.3,-627.4,1.5989,246.0,-627.6,1.6371,294.5,270.5,0.0000,367.9,274.8,0.1529,264.3,-375.5
5.6005,5.5920,8.4,0,227.4,-625.4,1.5973,248.5,-625.3,1.6371,297.1,268.1,-0.0000,371.6,270.6,0.1592,260.7,-378.6
5.6092,5.6006,8.5,0,229.5,-623.3,1.6102,251.0,-623.0,1.6371,301.0,263.6,0.0000,377.0,266.9,0.1076,251.8,-387.2
5.6169,5.6091,7.8,0,232.7,-619.5,1.5914,253.6,-620.8,1.6371,304.7,259.5,-0.0000,376.7,258.5,0.1830,250.7,-381.9
5.6251,5.6175,7.6,0,234.5,-617.6,1.5946,256.2,-618.7,1.6371,306.9,256.1,0.0000,381.3,255.5,0.1701,246.4,-387.3
5.6332,5.6259,7.3,0,237.9,-613.9,1.5849,258.8,-616.5,1.6371,309.4,252.7,0.0000,381.3,248.3,0.2088,242.9,-384.7
5.6409,5.6343,6.6,0,240.5,-612.0,1.5823,261.4,-614.4,1.6371,312.3,250.4,0.0000,383.4,246.0,0.2193,241.6,-386.2
5.6491,5.6427,6.4,0,242.5,-608.6,1.5820,264.0,-612.3,1.6371,315.2,247.3,-0.0000,387.9,237.3,0.2206,232.9,-390.6
5.6575,5.6512,6.3,0,246.2,-606.4,1.5713,266.7,-610.2,1.6371,318.2,242.7,-0.0000,387.9,232.7,0.2634,232.5,-388.0
5.6655,5.6597,5.8,0,248.2,-604.1,1.5625,269.4,-608.2,1.6371,321.0,238.7,-0.0000,391.9,228.0,0.2986,231.3,-390.0
5.6726,5.6681,4.4,0,252.0,-600.4,1.5665,272.1,-606.2,1.6371,323.5,234.9,-0.0000,389.6,218.8,0.2826,220.5,-388.6
5.6812,5.6767,4.6,0,254.5,-598.6,1.5572,274.9,-604.2,1.6371,326.0,231.3,0.0000,393.2,215.9,0.3197,221.2,-390.3
5.6897,5.6850,4.6,0,256.7,-596.0,1.5481,277.6,-602.3,1.6371,328.7,227.9,0.0000,397.6,210.3,0.3560,219.3,-392.7
5.6968,5.6936,3.2,0,260.4,-593.2,1.5591,280.5,-600.3,1.6371,331.0,224.4,-0.0000,395.0,203.9,0.3119,208.5,-392.6
5.7055,5.7019,3.6,0,263.4,-590.9,1.5416,283.2,-598.5,1.6371,332.9,221.1,-0.0000,397.1,199.3,0.3819,210.8,-391.1
5.7125,5.7104,2.1,0,266.5,-587.8,1.5504,286.1,-596.6,1.6371,335.7,217.1,-0.0000,397.5,190.8,0.3470,198.9,-393.5
5.7209,5.7188,2.1,0,268.7,-585.9,1.5540,288.9,-594.8,1.6371,339.0,212.8,-0.0000,402.4,186.5,0.3323,193.2,-399.2
5.7290,5.7273,1.8,0,272.2,-583.1,1.5323,291.8,-593.0,1.6371,341.2,209.0,-0.0000,402.2,179.5,0.4193,194.8,-395.0
5.7374,5.7273,10.2,0,272.2,-583.1,1.5323,291.8,-593.0,1.6371,341.2,209.0,-0.0000,413.1,180.8,0.4193,196.6,-405.8
5.7456,5.7358,9.8,0,275.3,-580.3,1.5414,294.7,-591.3,1.6371,343.4,205.1,-0.0000,414.4,174.3,0.3831,186.5,-409.1
5.7534,5.7449,8.5,0,278.2,-578.4,1.5262,297.9,-589.4,1.6371,345.8,201.5,0.0000,415.8,170.1,0.4438,188.5,-407.8
5.7610,5.7527,8.3,0,280.9,-576.4,1.5317,300.5,-587.9,1.6371,347.8,198.3,0.0000,417.2,164.5,0.4219,180.7,-410.4
5.7691,5.7611,8.1,0,284.0,-573.7,1.5157,303.5,-586.2,1.6371,349.6,194.0,-0.0000,418.3,157.1,0.4858,179.9,-409.0
5.7775,5.7696,7.9,0,287.4,-571.5,1.5281,306.5,-584.6,1.6371,351.6,189.8,0.0000,420.0,150.7,0.4362,168.5,-413.2
5.7855,5.7779,7.6,0,289.5,-570.1,1.5238,309.4,-583.0,1.6371,354.5,185.2,-0.0000,424.4,146.5,0.4533,166.3,-417.1
5.7934,5.7864,7.0,0,293.5,-566.9,1.5145,312.4,-581.5,1.6371,357.0,180.8,0.0000,422.6,138.5,0.4904,162.1,-414.1
5.8013,5.7949,6.4,0,296.6,-565.0,1.5158,315.4,-579.9,1.6371,358.7,177.7,0.0000,423.7,133.6,0.4851,156.7,-415.7
5.8087,5.8033,5.4,0,299.3,-563.3,1.4982,318.5,-578.5,1.6371,360.5,174.1,-0.0000,424.7,128.8,0.5558,159.3,-414.3
5.8172,5.8118,5.5,0,302.4,-560.8,1.5080,321.5,-577.0,1.6371,361.9,170.3,-0.0000,426.2,121.8,0.5164,148.3,-417.7
5.8247,5.8202,4.5,0,305.6,-558.5,1.4988,324.6,-575.6,1.6371,363.6,166.1,0.0000,426.7,114.6,0.5533,145.0,-417.4
5.8330,5.8287,4.2,0,308.7,-557.4,1.4932,327.7,-574.2,1.6371,365.7,161.4,0.0000,428.5,110.8,0.5758,143.7,-418.6
5.8411,5.8371,4.0,0,312.0,-556.8,1.4948,330.8,-572.9,1.6371,367.7,156.9,0.0000,429.3,108.3,0.5694,140.6,-419.9
5.8490,5.8457,3.3,0,315.2,-554.3,1.5074,333.9,-571.5,1.6371,369.8,152.0,0.0000,430.4,100.1,0.5190,127.2,-423.2
5.8566,5.8540,2.6,0,318.7,-552.7,1.4999,337.0,-570.3,1.6371,371.4,148.4,-0.0000,429.5,96.0,0.5490,126.2,-421.6
5.8646,5.8625,2.1,0,322.3,-551.6,1.5188,340.2,-569.0,1.6371,372.8,145.3,-0.0000,429.1,93.0,0.4731,115.1,-423.7
5.8727,5.8625,10.3,0,322.3,-551.6,1.5188,340.2,-569.0,1.6371,372.8,145.3,-0.0000,439.8,92.3,0.4731,115.0,-434.4
5.8809,5.8709,9.9,0,324.9,-550.3,1.4987,343.3,-567.8,1.6371,374.4,141.1,0.0000,442.9,87.7,0.5539,119.4,-435.4
5.8893,5.8795,9.8,0,328.0,-548.7,1.5133,346.5,-566.6,1.6371,376.0,136.9,0.0000,444.7,81.0,0.4951,106.4,-439.3
5.8967,5.8878,8.8,0,331.2,-548.0,1.5085,349.7,-565.5,1.6371,377.7,132.0,0.0000,445.0,77.5,0.5143,105.0,-439.3
5.9053,5.8963,9.0,0,334.5,-547.0,1.5284,352.9,-564.4,1.6371,379.4,126.9,-0.0000,445.9,74.3,0.4349,93.1,-442.4
5.9131,5.9047,8.4,0,337.3,-546.1,1.5360,356.1,-563.4,1.6371,380.6,123.3,0.0000,447.7,70.6,0.4047,86.2,-445.0
5.9205,5.9131,7.4,0,341.5,-545.5,1.5470,359.3,-562.3,1.6371,381.8,119.5,-0.0000,444.9,67.9,0.3603,78.4,-443.2
5.9290,5.9216,7.3,0,344.7,-544.0,1.5468,362.6,-561.3,1.6371,383.1,115.2,0.0000,446.1,62.1,0.3615,72.8,-444.5
5.9373,5.9301,7.3,0,348.4,-544.2,1.5560,365.8,-560.4,1.6371,384.4,110.9,-0.0000,446.1,60.8,0.3246,67.4,-445.1
5.9453,5.9385,6.8,0,352.5,-544.4,1.5652,369.0,-559.5,1.6371,385.7,106.3,0.0000,444.3,59.4,0.2878,61.9,-444.0
5.9536,5.9470,6.5,0,355.4,-543.4,1.5645,372.3,-558.6,1.6371,386.9,101.7,0.0000,445.8,54.4,0.2904,57.2,-445.4
5.9612,5.9554,5.8,0,359.5,-543.1,1.5827,375.6,-557.8,1.6371,387.7,97.0,0.0000,443.4,51.6,0.2179,46.3,-443.9
5.9694,5.9639,5.5,0,362.2,-543.0,1.5823,378.9,-557.0,1.6371,388.8,92.7,-0.0000,446.3,50.1,0.2191,45.0,-446.8
5.9776,5.9723,5.3,0,366.7,-542.7,1.6045,382.1,-556.2,1.6371,390.3,89.3,0.0000,443.4,47.7,0.1307,32.7,-444.8
5.9846,5.9723,12.4,0,366.7,-542.7,1.6045,382.1,-556.2,1.6371,390.3,89.3,0.0000,452.0,45.4,0.1307,30.2,-453.3
5.9926,5.9892,3.3,0,373.8,-541.3,1.6193,388.8,-554.8,1.6371,391.6,80.1,0.0000,440.8,38.8,0.0712,17.4,-442.2
6.0008,5.9977,3.1,0,377.1,-542.1,1.6326,392.1,-554.1,1.6371,392.5,75.6,-0.0000,441.4,38.7,0.0182,11.4,-443.0
6.0095,5.9977,11.8,0,377.1,-542.1,1.6326,392.1,-554.1,1.6371,392.5,75.6,-0.0000,452.6,35.9,0.0182,7.9,-454.0
6.0171,6.0147,2.4,0,384.8,-542.9,1.6430,398.8,-552.9,1.6371,394.5,66.4,0.0000,439.5,35.5,-0.0235,3.7,-441.0
6.0245,6.0147,9.7,0,384.8,-542.9,1.6430,398.8,-552.9,1.6371,394.5,66.4,0.0000,449.2,32.9,-0.0235,0.4,-450.4
6.0333,6.0230,10.3,0,389.6,-542.5,1.6507,402.1,-552.4,1.6371,395.6,61.7,0.0000,445.5,29.5,-0.0542,-6.1,-446.4
6.0415,6.0315,10.0,0,392.8,-542.6,1.6422,405.4,-551.8,1.6371,395.8,57.8,-0.0000,445.7,27.4,-0.0205,-4.5,-446.5
6.0495,6.0401,9.4,0,396.7,-542.8,1.6585,408.8,-551.4,1.6371,396.0,54.0,0.0000,444.4,24.0,-0.0853,-15.0,-444.8
6.0569,6.0485,8.4,0,400.7,-543.1,1.6632,412.2,-550.9,1.6371,396.7,48.9,-0.0000,441.6,21.6,-0.1044,-19.3,-441.7
6.0649,6.0569,8.0,0,404.5,-543.4,1.6596,415.5,-550.5,1.6371,397.4,44.0,0.0000,440.6,19.2,-0.0898,-19.9,-440.6
6.0733,6.0653,8.0,0,408.6,-543.0,1.6713,418.8,-550.2,1.6371,398.0,39.5,-0.0000,438.8,14.5,-0.1366,-29.6,-438.0
6.0806,6.0740,6.5,0,413.1,-543.7,1.6605,422.3,-549.9,1.6371,398.7,34.7,-0.0000,434.2,13.6,-0.0935,-25.3,-433.7
6.0886,6.0822,6.4,0,417.1,-543.7,1.6623,425.6,-549.6,1.6371,398.8,30.7,-0.0000,432.2,10.2,-0.1006,-29.3,-431.3
6.0965,6.0906,5.9,0,421.4,-544.1,1.6770,428.9,-549.4,1.6371,399.1,26.4,0.0000,429.0,8.1,-0.1597,-37.4,-427.4
6.1055,6.0991,6.4,0,424.8,-544.4,1.6597,432.3,-549.2,1.6371,399.4,22.2,-0.0000,429.8,5.1,-0.0905,-33.1,-428.6
6.1136,6.1078,5.8,0,429.4,-544.4,1.6666,435.8,-549.0,1.6371,399.7,17.7,-0.0000,426.3,1.0,-0.1180,-39.8,-424.4
6.1205,6.1160,4.6,0,433.7,-544.6,1.6622,439.0,-548.9,1.6371,400.2,13.2,-0.0000,421.7,-2.0,-0.1002,-40.4,-419.8
6.1285,6.1244,4.1,0,437.8,-545.0,1.6585,442.4,-548.8,1.6371,400.2,8.4,-0.0000,418.8,-5.5,-0.0856,-42.2,-416.7
6.1374,6.1329,4.5,0,441.6,-544.8,1.6635,445.8,-548.7,1.6371,399.5,3.0,-0.0000,417.5,-11.3,-0.1055,-49.9,-414.7
6.1446,6.1415,3.1,0,445.7,-545.3,1.6483,449.2,-548.7,1.6371,399.6,-1.3,0.0000,414.2,-12.9,-0.0447,-44.9,-412.0
6.1531,6.1498,3.3,0,450.2,-545.4,1.6586,452.6,-548.7,1.6371,400.1,-4.9,0.0000,411.4,-16.5,-0.0857,-52.5,-408.4
6.1606,6.1582,2.4,0,454.4,-545.4,1.6498,455.9,-548.8,1.6371,400.0,-9.1,-0.0000,407.4,-20.6,-0.0509,-52.7,-404.6
6.1693,6.1667,2.6,0,458.1,-546.3,1.6449,459.3,-548.9,1.6371,400.0,-13.2,-0.0000,406.7,-22.6,-0.0311,-52.6,-403.9
6.1768,6.1667,10.1,0,458.1,-546.3,1.6449,459.3,-548.9,1.6371,400.0,-13.2,-0.0000,415.4,-28.1,-0.0311,-58.8,-412.2
6.1852,6.1752,10.0,0,462.7,-545.6,1.6549,462.7,-549.0,1.6371,399.7,-18.6,-0.0000,411.3,-36.0,-0.0713,-70.5,-406.8
6.1939,6.1920,1.9,0,470.4,-546.0,1.6325,469.5,-549.4,1.6371,399.0,-28.0,-0.0000,398.2,-39.4,0.0184,-63.9,-395.0
6.2006,6.1920,8.6,0,470.4,-546.0,1.6325,469.5,-549.4,1.6371,399.0,-28.0,-0.0000,405.9,-43.2,0.0184,-68.1,-402.5
6.2090,6.2005,8.6,0,474.7,-547.0,1.6233,472.8,-549.7,1.6371,398.6,-31.9,0.0000,402.7,-45.4,0.0553,-66.4,-399.8
6.2167,6.2091,7.6,0,478.5,-547.4,1.6294,476.3,-550.0,1.6371,398.2,-36.4,-0.0000,400.2,-48.7,0.0309,-72.1,-396.7
6.2248,6.2174,7.5,0,482.1,-548.0,1.6260,479.6,-550.3,1.6371,397.8,-40.6,0.0000,398.8,-52.6,0.0443,-74.5,-395.3
6.2330,6.2258,7.2,0,486.1,-548.2,1.6306,482.9,-550.7,1.6371,397.6,-45.4,-0.0000,396.5,-57.6,0.0260,-81.2,-392.3
6.2413,6.2343,7.0,0,490.2,-547.4,1.6219,486.3,-551.1,1.6371,397.2,-50.0,0.0000,392.5,-66.0,0.0609,-85.9,-388.6
6.2494,6.2428,6.5,0,494.4,-547.8,1.6180,489.7,-551.5,1.6371,395.8,-54.9,-0.0000,388.5,-70.6,0.0767,-88.8,-384.7
6.2574,6.2512,6.3,0,498.2,-548.7,1.6238,493.0,-552.0,1.6371,395.0,-59.4,0.0000,386.6,-73.4,0.0534,-93.8,-382.2
6.2651,6.2596,5.5,0,502.0,-549.4,1.6126,496.3,-552.5,1.6371,394.9,-63.7,0.0000,384.1,-76.8,0.0982,-92.8,-380.6
6.2727,6.2681,4.6,0,505.9,-549.4,1.6156,499.6,-553.1,1.6371,394.4,-67.9,0.0000,380.6,-81.8,0.0862,-98.7,-376.5
6.2811,6.2766,4.5,0,508.9,-549.6,1.6111,503.0,-553.7,1.6371,393.6,-71.6,0.0000,380.9,-87.1,0.1042,-102.3,-377.0
6.2893,6.2850,4.3,0,512.9,-550.0,1.6209,506.3,-554.3,1.6371,392.7,-76.2,-0.0000,377.5,-92.9,0.0650,-111.7,-372.4
6.2974,6.2934,4.0,0,517.0,-550.9,1.5905,509.6,-554.9,1.6371,391.7,-81.7,-0.0000,373.6,-97.0,0.1867,-104.3,-371.7
6.3051,6.3019,3.2,0,521.0,-551.0,1.6096,512.9,-555.7,1.6371,390.6,-86.2,0.0000,369.7,-102.5,0.1100,-116.8,-365.4
6.3135,6.3104,3.1,0,523.8,-551.6,1.5935,516.2,-556.4,1.6371,389.5,-90.7,0.0000,370.2,-107.3,0.1744,-115.7,-367.6
6.3209,6.3188,2.1,0,527.9,-551.7,1.6019,519.5,-557.2,1.6371,388.8,-94.3,-0.0000,365.9,-112.0,0.1411,-123.3,-362.2
6.3287,6.3188,9.9,0,527.9,-551.7,1.6019,519.5,-557.2,1.6371,388.8,-94.3,-0.0000,374.4,-117.5,0.1411,-129.1,-370.5
6.3367,6.3272,9.5,0,530.8,-552.1,1.5929,522.8,-558.0,1.6371,388.3,-97.5,-0.0000,373.3,-124.1,0.1770,-132.3,-370.4
6.3451,6.3356,9.5,0,535.1,-552.2,1.5985,526.0,-558.8,1.6371,386.5,-102.8,0.0000,368.2,-131.6,0.1546,-141.8,-364.4
6.3535,6.3442,9.3,0,538.0,-552.9,1.5921,529.3,-559.7,1.6371,384.7,-108.2,-0.0000,368.5,-136.0,0.1802,-143.8,-365.5
6.3607,6.3526,8.1,0,541.7,-553.6,1.5955,532.6,-560.7,1.6371,383.8,-111.9,-0.0000,364.6,-139.6,0.1665,-148.5,-361.1
6.3686,6.3610,7.6,0,544.7,-554.1,1.5919,535.8,-561.6,1.6371,382.8,-115.9,-0.0000,363.4,-145.1,0.1809,-152.7,-360.2
6.3774,6.3694,7.9,0,548.5,-555.0,1.6014,539.0,-562.6,1.6371,381.3,-120.5,-0.0000,360.7,-150.4,0.1427,-161.4,-356.0
6.3845,6.3780,6.5,0,551.6,-556.2,1.5973,542.3,-563.7,1.6371,379.9,-124.9,0.0000,358.8,-152.9,0.1591,-162.3,-354.6
6.3939,6.3863,7.6,0,554.7,-557.0,1.6037,545.4,-564.7,1.6371,379.2,-128.6,0.0000,359.1,-158.3,0.1336,-170.1,-353.7
6.4016,6.3948,6.8,0,557.4,-558.1,1.5842,548.6,-565.8,1.6371,377.9,-132.8,0.0000,357.3,-163.0,0.2115,-167.8,-355.1
6.4091,6.4037,5.4,0,561.4,-558.6,1.5993,552.0,-567.0,1.6371,375.4,-138.4,-0.0000,352.2,-169.0,0.1513,-178.9,-347.2
6.4174,6.4123,5.1,0,563.7,-559.1,1.5889,555.2,-568.2,1.6371,373.5,-142.7,0.0000,352.7,-174.1,0.1928,-180.5,-349.5
6.4253,6.4203,5.0,0,566.6,-560.5,1.6004,558.2,-569.4,1.6371,371.9,-145.9,0.0000,351.2,-177.0,0.1467,-187.4,-345.8
6.4333,6.4287,4.6,0,570.1,-561.4,1.5942,561.3,-570.6,1.6371,370.4,-149.8,-0.0000,348.5,-181.8,0.1716,-189.9,-344.2
6.4415,6.4370,4.5,0,572.6,-562.8,1.6123,564.4,-571.9,1.6371,369.2,-153.8,-0.0000,348.6,-185.2,0.0991,-199.6,-340.6
6.4488,6.4455,3.3,0,576.0,-564.4,1.6027,567.5,-573.2,1.6371,367.6,-158.1,-0.0000,345.2,-187.9,0.1376,-198.8,-339.0
6.4573,6.4540,3.3,0,578.2,-565.1,1.5916,570.6,-574.6,1.6371,365.9,-162.7,0.0000,346.0,-194.3,0.1821,-201.4,-341.9
6.4654,6.4624,3.1,0,582.0,-565.9,1.6028,573.7,-576.0,1.6371,363.9,-166.8,-0.0000,341.6,-200.0,0.1373,-210.9,-335.1
6.4729,6.4709,2.0,0,584.5,-566.6,1.5943,576.8,-577.4,1.6371,361.8,-170.9,0.0000,340.3,-205.2,0.1713,-213.1,-335.4
6.4812,6.4792,1.9,0,587.7,-568.9,1.6153,579.8,-578.8,1.6371,359.8,-174.9,-0.0000,337.8,-206.7,0.0873,-221.5,-328.2
6.4887,6.4792,9.5,0,587.7,-568.9,1.6153,579.8,-578.8,1.6371,359.8,-174.9,-0.0000,344.1,-214.5,0.0873,-229.5,-334.2
6.4973,6.4878,9.5,0,590.1,-570.7,1.5993,582.9,-580.4,1.6371,357.7,-179.3,0.0000,343.6,-216.9,0.1513,-226.6,-337.3
6.5054,6.4962,9.2,0,592.3,-571.2,1.6135,585.8,-581.9,1.6371,355.6,-182.5,-0.0000,343.8,-223.3,0.0946,-237.7,-334.0
6.5126,6.5046,8.0,0,595.9,-573.1,1.5991,588.8,-583.4,1.6371,353.5,-185.7,-0.0000,338.9,-226.3,0.1522,-235.8,-332.4
6.5205,6.5131,7.4,0,598.4,-574.1,1.5937,591.8,-585.0,1.6371,351.6,-191.0,0.0000,338.1,-232.4,0.1735,-240.1,-332.7
6.5292,6.5215,7.7,0,601.3,-576.7,1.6188,594.8,-586.7,1.6371,349.6,-195.8,0.0000,335.9,-232.8,0.0735,-248.7,-324.3
6.5367,6.5300,6.7,0,603.8,-577.8,1.6128,597.7,-588.3,1.6371,347.0,-198.8,0.0000,334.0,-237.1,0.0972,-250.9,-323.7
6.5449,6.5384,6.5,0,605.5,-579.3,1.6076,600.6,-590.0,1.6371,344.6,-202.3,-0.0000,335.3,-241.3,0.1179,-253.5,-326.2
6.5526,6.5469,5.7,0,609.1,-580.8,1.6045,603.5,-591.7,1.6371,342.9,-206.1,0.0000,330.8,-245.1,0.1306,-256.1,-322.3
6.5612,6.5554,5.8,0,611.6,-582.6,1.6050,606.5,-593.5,1.6371,340.6,-210.0,-0.0000,329.0,-249.3,0.1285,-260.4,-320.3
6.5692,6.5638,5.4,0,613.6,-584.8,1.6039,609.3,-595.3,1.6371,337.6,-214.5,-0.0000,328.4,-252.1,0.1328,-262.9,-319.9
6.5769,6.5722,4.7,0,616.6,-586.9,1.5972,612.1,-597.1,1.6371,335.0,-218.2,0.0000,325.2,-253.8,0.1595,-262.3,-318.4
6.5851,6.5807,4.4,0,618.8,-589.0,1.5977,615.0,-599.0,1.6371,332.7,-221.3,0.0000,324.5,-256.2,0.1577,-264.8,-317.5
6.5934,6.5891,4.3,0,621.4,-590.9,1.6069,617.8,-600.9,1.6371,330.3,-225.2,-0.0000,322.5,-260.3,0.1209,-271.7,-312.9
6.6005,6.5976,2.9,0,623.6,-592.7,1.5937,620.6,-602.8,1.6371,328.0,-229.8,-0.0000,320.7,-263.3,0.1737,-270.6,-314.6
6.6095,6.6060,3.5,0,625.7,-594.0,1.5922,623.3,-604.7,1.6371,325.5,-233.1,-0.0000,320.7,-268.8,0.1796,-275.6,-314.9
6.6165,6.6145,2.0,0,628.6,-597.1,1.6078,626.0,-606.7,1.6371,323.3,-235.9,0.0000,316.9,-267.1,0.1174,-278.6,-306.8
6.6249,6.6230,1.9,0,630.5,-599.3,1.5936,628.8,-608.8,1.6371,320.2,-239.7,0.0000,316.2,-270.5,0.1740,-277.6,-310.0
6.6335,6.6230,10.5,0,630.5,-599.3,1.5936,628.8,-608.8,1.6371,320.2,-239.7,0.0000,321.4,-280.7,0.1740,-287.9,-314.9
6.6407,6.6314,9.3,0,633.0,-600.6,1.5950,631.5,-610.8,1.6371,317.0,-243.7,0.0000,318.2,-284.9,0.1683,-292.6,-311.2
6.6493,6.6398,9.5,0,636.1,-603.8,1.5953,634.1,-612.9,1.6371,314.3,-247.2,0.0000,314.1,-285.4,0.1673,-293.0,-307.0
6.6570,6.6483,8.7,0,637.8,-605.4,1.5826,636.8,-615.0,1.6371,311.6,-250.6,-0.0000,313.8,-289.5,0.2182,-293.2,-310.4
6.6655,6.6568,8.7,0,640.2,-607.2,1.5884,639.4,-617.1,1.6371,308.8,-254.2,0.0000,311.6,-294.3,0.1948,-299.7,-306.4
6.6727,6.6652,7.5,0,643.2,-610.5,1.5906,642.0,-619.2,1.6371,306.1,-257.6,-0.0000,306.6,-292.9,0.1861,-298.9,-300.7
6.6812,6.6736,7.6,0,645.1,-612.8,1.5819,644.6,-621.4,1.6371,303.0,-261.1,-0.0000,305.3,-296.2,0.2210,-299.5,-302.0
6.6886,6.6820,6.6,0,647.7,-614.5,1.5897,647.1,-623.7,1.6371,299.9,-264.6,-0.0000,301.6,-300.0,0.1895,-305.7,-295.8
6.6967,6.6905,6.2,0,650.3,-617.3,1.5881,649.6,-625.9,1.6371,296.7,-268.2,0.0000,297.9,-301.6,0.1961,-306.7,-292.7
6.7048,6.6991,5.8,0,652.4,-619.6,1.5809,652.2,-628.2,1.6371,293.7,-271.7,0.0000,296.2,-304.3,0.2250,-307.2,-293.1
6.7134,6.7074,5.9,0,654.6,-621.2,1.5816,654.6,-630.5,1.6371,291.3,-274.8,0.0000,294.3,-309.7,0.2222,-312.9,-290.9
6.7215,6.7159,5.6,0,657.5,-624.3,1.5777,657.1,-632.8,1.6371,288.2,-277.8,0.0000,289.1,-309.8,0.2376,-311.8,-287.0
6.7286,6.7243,4.3,0,659.6,-626.3,1.5823,659.5,-635.2,1.6371,284.4,-280.4,0.0000,285.8,-312.1,0.2192,-315.4,-282.2
6.7375,6.7328,4.7,0,662.8,-628.1,1.5959,661.9,-637.6,1.6371,281.2,-283.7,-0.0000,280.8,-318.3,0.1648,-325.2,-272.7
6.7452,6.7328,12.4,0,662.8,-628.1,1.5959,661.9,-637.6,1.6371,281.2,-283.7,-0.0000,284.4,-328.2,0.1648,-335.3,-276.1
6.7526,6.7496,2.9,0,666.4,-633.3,1.5846,666.5,-642.4,1.6371,275.0,-290.7,-0.0000,276.5,-321.7,0.2102,-325.5,-272.1
6.7614,6.7581,3.3,0,670.1,-636.3,1.5966,668.9,-644.9,1.6371,271.4,-294.1,0.0000,269.0,-323.8,0.1620,-330.6,-260.6
6.7687,6.7666,2.2,0,671.4,-638.8,1.5802,671.1,-647.4,1.6371,268.3,-296.6,-0.0000,268.4,-325.0,0.2275,-327.5,-265.4
6.7770,6.7666,10.5,0,671.4,-638.8,1.5802,671.1,-647.4,1.6371,268.3,-296.6,-0.0000,272.0,-334.9,0.2275,-337.4,-268.8
6.7855,6.7834,2.1,0,676.7,-644.2,1.5785,675.6,-652.4,1.6371,262.1,-302.1,0.0000,259.9,-329.5,0.2346,-331.5,-257.3
6.7933,6.7834,9.9,0,676.7,-644.2,1.5785,675.6,-652.4,1.6371,262.1,-302.1,0.0000,263.1,-339.5,0.2346,-341.5,-260.5
6.8014,6.7919,9.5,0,678.4,-646.4,1.5731,677.8,-655.0,1.6371,259.2,-305.3,0.0000,259.8,-343.6,0.2560,-344.2,-259.0
6.8088,6.8004,8.5,0,681.1,-648.0,1.5747,680.0,-657.6,1.6371,254.9,-308.6,-0.0000,253.9,-348.8,0.2496,-349.8,-252.6
6.8176,6.8089,8.7,0,683.7,-651.2,1.5781,682.2,-660.3,1.6371,250.7,-312.1,-0.0000,249.2,-349.3,0.2359,-351.1,-246.6
6.8247,6.8173,7.4,0,685.4,-653.4,1.5692,684.3,-662.9,1.6371,247.3,-313.8,-0.0000,246.4,-351.3,0.2717,-350.9,-246.9
6.8327,6.8257,7.0,0,687.8,-656.0,1.5671,686.3,-665.5,1.6371,243.9,-316.1,-0.0000,241.7,-354.5,0.2800,-353.6,-243.0
6.8406,6.8342,6.5,0,690.3,-659.1,1.5792,688.4,-668.2,1.6371,240.5,-319.8,0.0000,236.6,-355.7,0.2317,-357.7,-233.6
6.8485,6.8428,5.7,0,692.1,-661.1,1.5712,690.4,-671.0,1.6371,237.0,-322.9,0.0000,233.6,-359.1,0.2636,-359.2,-233.5
6.8573,6.8511,6.2,0,694.9,-663.4,1.5774,692.4,-673.7,1.6371,233.7,-324.5,0.0000,228.0,-363.3,0.2389,-364.8,-225.6
6.8649,6.8595,5.4,0,697.1,-667.0,1.5695,694.3,-676.4,1.6371,230.0,-327.0,0.0000,222.6,-362.7,0.2704,-362.4,-223.1
6.8732,6.8680,5.3,0,698.9,-670.0,1.5642,696.3,-679.2,1.6371,225.5,-330.3,-0.0000,218.7,-364.9,0.2918,-363.4,-221.1
6.8812,6.8767,4.5,0,701.0,-672.8,1.5533,698.2,-682.1,1.6371,221.6,-333.0,0.0000,214.6,-366.4,0.3354,-362.6,-220.9
6.8894,6.8849,4.6,0,703.9,-674.5,1.5611,700.0,-684.8,1.6371,218.4,-334.8,-0.0000,207.7,-371.6,0.3043,-369.6,-211.3
6.8966,6.8933,3.3,0,705.6,-678.7,1.5566,701.8,-687.7,1.6371,214.9,-337.2,-0.0000,204.5,-368.6,0.3219,-365.7,-209.7
6.9052,6.9018,3.4,0,708.6,-680.3,1.5599,703.6,-690.5,1.6371,211.8,-340.0,0.0000,197.4,-375.2,0.3088,-373.1,-201.4
6.9136,6.9018,11.8,0,708.6,-680.3,1.5599,703.6,-690.5,1.6371,211.8,-340.0,0.0000,197.7,-386.0,0.3088,-383.8,-201.9
6.9209,6.9186,2.3,0,712.8,-687.1,1.5580,707.1,-696.3,1.6371,202.6,-344.5,0.0000,186.8,-376.1,0.3165,-373.7,-191.6
6.9285,6.9186,9.8,0,712.8,-687.1,1.5580,707.1,-696.3,1.6371,202.6,-344.5,0.0000,187.1,-385.0,0.3165,-382.6,-192.0
6.9372,6.9271,10.1,0,714.3,-689.3,1.5546,708.8,-699.2,1.6371,198.8,-346.8,0.0000,183.9,-389.8,0.3300,-386.8,-190.2
6.9456,6.9355,10.1,0,717.4,-692.8,1.5594,710.5,-702.2,1.6371,194.9,-349.0,0.0000,176.0,-390.2,0.3107,-388.2,-180.5
6.9528,6.9441,8.7,0,718.9,-695.6,1.5656,712.2,-705.2,1.6371,191.5,-351.2,-0.0000,172.6,-391.3,0.2859,-390.4,-174.7
6.9614,6.9525,8.9,0,721.1,-698.5,1.5573,713.7,-708.1,1.6371,188.1,-353.5,-0.0000,166.5,-393.8,0.3191,-391.5,-171.8
6.9695,6.9610,8.5,0,722.8,-701.3,1.5657,715.3,-711.1,1.6371,183.8,-355.3,-0.0000,161.9,-395.8,0.2855,-395.0,-163.9
6.9766,6.9693,7.3,0,724.7,-705.6,1.5689,716.8,-714.1,1.6371,179.7,-357.2,-0.0000,156.0,-392.5,0.2728,-392.2,-156.8
6.9846,6.9779,6.8,0,727.3,-707.9,1.5659,718.4,-717.2,1.6371,174.9,-359.8,-0.0000,147.9,-396.6,0.2847,-395.9,-149.8
6.9936,6.9862,7.4,0,728.9,-711.1,1.5768,719.8,-720.2,1.6371,170.6,-361.9,0.0000,144.4,-398.2,0.2414,-399.1,-142.0
7.0011,6.9947,6.4,0,730.9,-714.3,1.5790,721.2,-723.3,1.6371,167.5,-363.2,-0.0000,139.0,-398.1,0.2326,-399.2,-135.8
7.0095,7.0031,6.4,0,732.4,-717.8,1.5783,722.6,-726.3,1.6371,163.8,-364.8,-0.0000,134.3,-399.0,0.2354,-400.0,-131.4
7.0172,7.0117,5.5,0,734.8,-720.5,1.5803,724.0,-729.5,1.6371,159.4,-366.9,-0.0000,127.0,-401.1,0.2272,-402.3,-123.2
7.0253,7.0200,5.3,0,737.2,-723.6,1.5853,725.3,-732.5,1.6371,155.2,-368.8,0.0000,119.1,-402.8,0.2072,-404.5,-113.3
7.0327,7.0285,4.2,0,738.3,-727.3,1.5852,726.6,-735.7,1.6371,150.5,-371.0,0.0000,115.2,-401.7,0.2077,-403.3,-109.4
7.0414,7.0370,4.4,0,739.7,-731.1,1.5787,727.9,-738.8,1.6371,146.2,-372.5,0.0000,110.6,-400.9,0.2337,-401.8,-107.4
7.0487,7.0455,3.1,0,742.1,-734.1,1.5783,729.1,-742.0,1.6371,141.9,-373.4,-0.0000,102.8,-401.1,0.2354,-401.8,-99.8
7.0568,7.0538,3.0,0,744.0,-738.2,1.5869,730.3,-745.1,1.6371,137.8,-375.2,-0.0000,96.3,-400.3,0.2007,-401.8,-89.9
7.0654,7.0623,3.1,0,745.0,-741.2,1.5886,731.4,-748.3,1.6371,133.6,-377.6,-0.0000,92.7,-403.0,0.1941,-404.6,-85.5
7.0729,7.0707,2.1,0,746.8,-744.3,1.5929,732.5,-751.5,1.6371,129.7,-378.5,-0.0000,86.8,-402.5,0.1768,-404.3,-77.9
7.0813,7.0793,2.0,0,749.2,-747.3,1.5862,733.6,-754.7,1.6371,126.0,-379.0,0.0000,79.1,-403.8,0.2037,-405.0,-72.9
7.0888,7.0793,9.5,0,749.2,-747.3,1.5862,733.6,-754.7,1.6371,126.0,-379.0,0.0000,77.2,-414.5,0.2037,-415.7,-70.8
7.0966,7.0876,9.0,0,750.5,-752.1,1.5961,734.7,-757.9,1.6371,121.1,-381.1,0.0000,71.3,-411.3,0.1642,-412.9,-60.9
7.1051,7.0961,9.0,0,751.5,-754.8,1.5960,735.6,-761.1,1.6371,116.0,-383.4,-0.0000,67.6,-413.3,0.1647,-414.9,-57.2
7.1132,7.1045,8.6,0,753.6,-758.0,1.5996,736.6,-764.4,1.6371,112.4,-384.1,-0.0000,60.2,-414.2,0.1500,-415.7,-48.2
7.1204,7.1131,7.4,0,755.3,-761.1,1.5912,737.6,-767.6,1.6371,108.4,-385.0,-0.0000,53.8,-413.9,0.1836,-414.9,-45.4
7.1293,7.1214,7.9,0,756.9,-765.3,1.5964,738.4,-770.9,1.6371,104.2,-385.8,-0.0000,47.3,-412.4,0.1630,-413.5,-36.8
7.1374,7.1299,7.6,0,757.7,-768.7,1.5989,739.3,-774.1,1.6371,100.0,-386.8,0.0000,42.3,-413.6,0.1529,-414.7,-30.7
7.1445,7.1383,6.2,0,758.4,-773.1,1.6040,740.1,-777.4,1.6371,94.8,-388.9,-0.0000,38.1,-410.3,0.1327,-411.3,-24.5
7.1535,7.1469,6.7,0,760.2,-775.8,1.5960,740.9,-780.7,1.6371,90.0,-390.3,-0.0000,30.7,-413.0,0.1645,-413.6,-20.3
7.1605,7.1552,5.3,0,760.7,-779.5,1.6125,741.7,-784.0,1.6371,86.0,-390.5,0.0000,27.4,-410.6,0.0983,-411.4,-10.3
7.1692,7.1637,5.5,0,762.9,-781.7,1.5975,742.4,-787.3,1.6371,81.7,-391.3,0.0000,18.7,-415.4,0.1586,-415.7,-7.7
7.1770,7.1720,5.0,0,764.2,-786.4,1.6065,743.0,-790.6,1.6371,77.6,-392.3,-0.0000,12.8,-411.2,0.1224,-411.4,1.9
7.1847,7.1805,4.2,0,765.1,-789.8,1.6100,743.7,-793.9,1.6371,73.3,-393.2,0.0000,7.9,-411.0,0.1083,-411.0,8.2
7.1932,7.1890,4.2,0,765.3,-793.9,1.6080,744.3,-797.2,1.6371,69.3,-394.3,-0.0000,4.8,-409.8,0.1166,-409.7,10.5
7.2009,7.1973,3.6,0,765.9,-796.5,1.6133,744.8,-800.5,1.6371,64.6,-395.0,-0.0000,-0.2,-411.6,0.0952,-411.2,17.7
7.2093,7.2058,3.4,0,766.8,-800.5,1.6183,745.4,-803.9,1.6371,59.4,-395.6,-0.0000,-6.4,-410.2,0.0753,-409.4,25.8
7.2170,7.2142,2.8,0,768.8,-804.9,1.6162,745.8,-807.2,1.6371,54.8,-396.2,0.0000,-15.3,-406.8,0.0836,-405.7,33.7
7.2247,7.2227,2.0,0,769.3,-808.0,1.6110,746.3,-810.6,1.6371,50.1,-397.0,0.0000,-19.7,-407.1,0.1044,-406.0,36.1
7.2333,7.2312,2.1,0,770.3,-811.7,1.6214,746.7,-814.0,1.6371,46.1,-397.2,-0.0000,-25.3,-406.6,0.0627,-404.8,45.8
7.2407,7.2312,9.5,0,770.3,-811.7,1.6214,746.7,-814.0,1.6371,46.1,-397.2,-0.0000,-27.7,-415.7,0.0627,-413.7,48.7
7.2492,7.2396,9.6,0,771.1,-814.9,1.6117,747.1,-817.3,1.6371,42.4,-397.4,0.0000,-33.7,-416.9,0.1017,-415.2,50.7
7.2573,7.2480,9.3,0,771.6,-819.2,1.6167,747.4,-820.6,1.6371,37.7,-398.1,0.0000,-38.8,-414.3,0.0815,-412.1,57.8
7.2649,7.2565,8.4,0,772.2,-821.8,1.6207,747.7,-824.0,1.6371,33.2,-398.8,0.0000,-44.5,-415.7,0.0657,-412.9,65.2
7.2734,7.2650,8.4,0,772.6,-826.3,1.6315,748.0,-827.4,1.6371,28.0,-399.0,0.0000,-50.1,-412.7,0.0226,-408.9,75.1
7.2815,7.2734,8.1,0,772.7,-828.9,1.6279,748.2,-830.8,1.6371,23.1,-399.3,-0.0000,-53.4,-414.8,0.0367,-411.1,77.0
7.2893,7.2818,7.4,0,773.0,-833.0,1.6376,748.4,-834.1,1.6371,19.5,-399.6,-0.0000,-57.5,-412.2,-0.0019,-407.5,84.9
7.2975,7.2903,7.2,0,773.2,-835.5,1.6235,748.5,-837.5,1.6371,15.5,-399.9,0.0000,-62.4,-414.4,0.0545,-410.5,84.2
7.3046,7.2988,5.8,0,773.3,-840.3,1.6353,748.6,-840.9,1.6371,10.6,-399.8,0.0000,-66.5,-408.5,0.0074,-403.4,92.6
7.3130,7.3072,5.8,0,773.3,-843.3,1.6238,748.7,-844.3,1.6371,6.0,-399.7,-0.0000,-71.1,-409.6,0.0531,-405.3,92.7
7.3206,7.3156,4.9,0,773.8,-847.2,1.6413,748.7,-847.7,1.6371,1.4,-399.6,-0.0000,-76.7,-406.8,-0.0169,-400.4,105.2
7.3288,7.3241,4.7,0,773.3,-850.2,1.6389,748.7,-851.0,1.6371,-3.3,-399.7,0.0000,-79.6,-408.3,-0.0073,-401.9,107.2
7.3369,7.3326,4.3,0,773.4,-853.6,1.6493,748.7,-854.4,1.6371,-8.0,-400.4,0.0000,-84.6,-408.0,-0.0487,-400.1,116.3
7.3455,7.3410,4.5,0,773.5,-857.5,1.6468,748.6,-857.8,1.6371,-12.4,-400.2,-0.0000,-89.6,-406.0,-0.0388,-398.0,120.2
7.3528,7.3494,3.4,0,773.1,-861.5,1.6416,748.5,-861.2,1.6371,-16.6,-399.7,0.0000,-92.5,-402.7,-0.0178,-395.1,120.7
7.3612,7.3579,3.3,0,772.8,-865.7,1.6430,748.3,-864.6,1.6371,-21.0,-399.3,-0.0000,-96.4,-399.6,-0.0235,-391.6,125.0
7.3695,7.3664,3.1,0,772.8,-867.9,1.6425,748.1,-867.9,1.6371,-25.1,-398.8,0.0000,-101.0,-402.5,-0.0215,-394.2,129.6
7.3770,7.3748,2.2,0,772.5,-871.8,1.6381,747.9,-871.3,1.6371,-30.0,-398.8,-0.0000,-105.7,-400.2,-0.0039,-392.2,132.4
7.3854,7.3832,2.1,0,771.9,-875.4,1.6277,747.6,-874.7,1.6371,-35.3,-399.1,-0.0000,-109.6,-399.3,0.0377,-392.4,132.1
7.3930,7.3832,9.7,0,771.9,-875.4,1.6277,747.6,-874.7,1.6371,-35.3,-399.1,-0.0000,-113.7,-407.5,0.0377,-400.3,136.7
7.4006,7.3917,9.0,0,771.6,-878.8,1.6455,747.3,-878.0,1.6371,-39.2,-398.2,-0.0000,-117.4,-405.9,-0.0335,-396.0,147.3
7.4093,7.4002,9.1,0,771.6,-882.3,1.6334,746.9,-881.4,1.6371,-43.0,-397.5,-0.0000,-123.4,-404.8,0.0148,-396.3,148.5
7.4173,7.4086,8.7,0,769.9,-885.8,1.6371,746.5,-884.8,1.6371,-47.9,-396.8,0.0000,-123.9,-403.1,0.0000,-394.0,150.4
7.4255,7.4170,8.5,0,770.1,-888.7,1.6267,746.1,-888.1,1.6371,-52.5,-396.1,0.0000,-130.5,-404.1,0.0416,-396.1,152.9
7.4328,7.4255,7.3,0,769.6,-892.5,1.6326,745.7,-891.4,1.6371,-57.3,-395.8,-0.0000,-134.5,-401.2,0.0182,-392.1,159.0
7.4413,7.4340,7.3,0,768.6,-895.9,1.6331,745.2,-894.8,1.6371,-61.9,-395.5,-0.0000,-137.3,-400.0,0.0161,-390.7,161.9
7.4491,7.4424,6.8,0,767.0,-899.6,1.6329,744.6,-898.1,1.6371,-66.2,-394.7,0.0000,-138.2,-397.7,0.0170,-388.3,162.6
7.4565,7.4509,5.7,0,765.8,-902.3,1.6351,744.0,-901.5,1.6371,-70.5,-393.9,-0.0000,-139.7,-397.4,0.0079,-387.6,165.0
7.4646,7.4593,5.4,0,765.5,-905.7,1.6362,743.4,-904.8,1.6371,-74.3,-392.7,0.0000,-144.3,-395.7,0.0035,-385.4,169.9
7.4732,7.4677,5.4,0,764.2,-908.6,1.6244,742.8,-908.1,1.6371,-78.6,-391.8,0.0000,-147.4,-396.2,0.0508,-387.8,168.4
7.4811,7.4762,4.9,0,763.0,-912.9,1.6306,742.1,-911.4,1.6371,-83.4,-391.3,-0.0000,-150.2,-392.1,0.0260,-382.4,173.3
7.4889,7.4846,4.3,0,761.4,-915.8,1.6308,741.4,-914.7,1.6371,-88.1,-390.4,0.0000,-151.8,-391.5,0.0252,-381.7,175.0
7.4974,7.4931,4.3,0,760.6,-919.4,1.6390,740.6,-918.0,1.6371,-93.0,-389.5,0.0000,-156.3,-389.6,-0.0075,-378.0,182.5
7.5051,7.5016,3.5,0,758.7,-921.5,1.6321,739.8,-921.3,1.6371,-97.2,-388.2,0.0000,-156.7,-390.8,0.0200,-380.5,180.3
7.5135,7.5099,3.5,0,757.9,-925.2,1.6242,739.0,-924.5,1.6371,-101.1,-386.5,-0.0000,-160.6,-388.3,0.0518,-379.2,181.1
7.5205,7.5184,2.1,0,756.4,-928.9,1.6235,738.1,-927.8,1.6371,-105.2,-385.7,-0.0000,-161.8,-384.8,0.0544,-375.7,181.8
7.5291,7.5269,2.2,0,756.1,-931.8,1.6205,737.2,-931.1,1.6371,-109.0,-385.4,-0.0000,-167.5,-385.5,0.0665,-376.7,186.4
7.5374,7.5353,2.0,0,754.2,-935.4,1.6285,736.2,-934.3,1.6371,-113.8,-383.6,-0.0000,-169.6,-382.2,0.0344,-371.8,191.4
7.5452,7.5353,9.8,0,754.2,-935.4,1.6285,736.2,-934.3,1.6371,-113.8,-383.6,-0.0000,-176.7,-389.6,0.0344,-378.8,198.9
7.5527,7.5438,8.9,0,752.4,-938.4,1.6214,735.3,-937.6,1.6371,-118.7,-381.8,0.0000,-178.0,-388.2,0.0627,-378.7,197.4
7.5614,7.5555,6.0,0,750.9,-941.8,1.6179,733.8,-942.0,1.6371,-124.8,-380.0,0.0000,-181.3,-386.6,0.0770,-377.6,199.3
7.5692,7.5637,5.4,0,750.4,-944.2,1.6222,732.8,-945.2,1.6371,-128.9,-378.6,0.0000,-186.4,-386.9,0.0598,-376.8,206.0
7.5775,7.5724,5.1,0,748.1,-947.6,1.6241,731.7,-948.4,1.6371,-133.0,-377.3,-0.0000,-186.9,-384.5,0.0522,-374.0,207.1
7.5845,7.5810,3.5,0,746.1,-950.2,1.6223,730.5,-951.7,1.6371,-137.1,-375.7,0.0000,-187.1,-383.2,0.0594,-373.1,206.6
7.5934,7.5887,4.7,0,745.3,-954.2,1.6374,729.4,-954.6,1.6371,-140.7,-373.9,-0.0000,-192.8,-379.5,-0.0011,-365.9,217.6
7.6005,7.5949,5.5,0,744.1,-957.3,1.6254,728.5,-956.9,1.6371,-143.9,-372.8,-0.0000,-196.3,-377.0,0.0467,-365.7,216.6
7.6094,7.6029,6.5,0,742.6,-960.9,1.6326,727.4,-959.9,1.6371,-148.8,-371.8,0.0000,-200.9,-374.8,0.0181,-361.7,223.6
7.6174,7.6115,5.9,0,741.2,-963.2,1.6303,726.1,-963.0,1.6371,-153.2,-370.2,-0.0000,-203.6,-374.5,0.0273,-361.7,225.5
7.6255,7.6199,5.5,0,739.2,-966.9,1.6370,724.8,-966.1,1.6371,-156.6,-367.8,0.0000,-205.0,-370.3,0.0004,-355.9,229.1
7.6336,7.6283,5.3,0,738.0,-969.9,1.6219,723.4,-969.2,1.6371,-160.5,-366.0,0.0000,-209.3,-368.7,0.0609,-357.6,227.9
7.6411,7.6368,4.3,0,737.0,-972.5,1.6253,722.1,-972.3,1.6371,-164.7,-364.4,0.0000,-213.9,-367.7,0.0475,-355.5,233.6
7.6497,7.6455,4.2,0,734.8,-976.0,1.6310,720.6,-975.5,1.6371,-168.9,-362.6,-0.0000,-215.8,-364.8,0.0244,-351.1,237.3
7.6572,7.6538,3.4,0,732.6,-978.8,1.6279,719.2,-978.5,1.6371,-172.9,-361.1,-0.0000,-216.6,-363.0,0.0367,-350.0,237.0
7.6654,7.6621,3.4,0,731.5,-981.5,1.6342,717.7,-981.5,1.6371,-176.9,-358.9,0.0000,-221.6,-361.2,0.0115,-346.4,244.0
7.6725,7.6705,2.0,0,730.5,-984.4,1.6255,716.2,-984.5,1.6371,-181.1,-356.2,-0.0000,-226.0,-358.0,0.0465,-345.1,245.3
7.6806,7.6705,10.1,0,730.5,-984.4,1.6255,716.2,-984.5,1.6371,-181.1,-356.2,-0.0000,-234.4,-365.2,0.0465,-351.9,254.1
7.6885,7.6793,9.2,0,728.0,-988.4,1.6377,714.6,-987.6,1.6371,-185.3,-354.4,0.0000,-235.2,-360.3,-0.0021,-343.8,258.7
7.6971,7.6874,9.7,0,726.3,-990.1,1.6259,713.1,-990.5,1.6371,-189.4,-353.0,-0.0000,-238.3,-361.6,0.0447,-347.9,257.9
7.7050,7.6960,9.0,0,724.9,-994.0,1.6477,711.5,-993.5,1.6371,-192.8,-350.4,0.0000,-242.0,-355.8,-0.0423,-336.1,268.6
7.7134,7.7044,9.1,0,723.0,-996.6,1.6334,709.8,-996.4,1.6371,-196.0,-348.0,0.0000,-246.0,-354.4,0.0148,-338.3,267.7
7.7207,7.7130,7.6,0,721.2,-1000.3,1.6402,708.1,-999.4,1.6371,-201.0,-345.6,0.0000,-248.9,-348.6,-0.0122,-330.5,272.4
7.7294,7.7212,8.2,0,719.7,-1003.5,1.6429,706.4,-1002.2,1.6371,-205.3,-343.3,-0.0000,-253.7,-346.0,-0.0233,-326.9,278.0
7.7374,7.7297,7.7,0,718.5,-1006.0,1.6507,704.7,-1005.1,1.6371,-208.9,-341.4,-0.0000,-258.6,-344.7,-0.0542,-323.0,285.3
7.7449,7.7381,6.7,0,717.2,-1009.1,1.6568,702.9,-1008.0,1.6371,-212.7,-339.3,0.0000,-262.5,-340.4,-0.0786,-316.6,290.7
7.7527,7.7467,6.1,0,714.7,-1012.0,1.6542,701.1,-1010.9,1.6371,-216.0,-336.2,-0.0000,-263.3,-337.1,-0.0683,-314.0,290.4
7.7606,7.7550,5.6,0,712.9,-1015.6,1.6540,699.3,-1013.7,1.6371,-219.5,-333.6,0.0000,-266.8,-332.4,-0.0673,-309.1,293.5
7.7694,7.7550,14.4,0,712.9,-1015.6,1.6540,699.3,-1013.7,1.6371,-219.5,-333.6,0.0000,-276.5,-339.1,-0.0673,-314.9,303.7
7.7772,7.7719,5.2,0,709.4,-1021.5,1.6692,695.5,-1019.3,1.6371,-227.3,-329.5,0.0000,-275.4,-325.9,-0.1284,-297.2,306.1
7.7848,7.7804,4.4,0,706.9,-1024.9,1.6723,693.6,-1022.1,1.6371,-231.9,-326.1,0.0000,-277.1,-320.4,-0.1409,-290.7,308.1
7.7931,7.7888,4.2,0,705.4,-1027.7,1.6753,691.6,-1024.8,1.6371,-235.4,-323.4,0.0000,-281.2,-317.7,-0.1526,-286.6,312.8
7.8015,7.7973,4.2,0,703.8,-1030.4,1.6811,689.6,-1027.5,1.6371,-238.1,-321.2,-0.0000,-285.3,-315.3,-0.1758,-281.9,318.3
7.8090,7.8058,3.2,0,701.6,-1032.9,1.6733,687.5,-1030.3,1.6371,-241.8,-318.5,0.0000,-287.8,-312.6,-0.1449,-281.5,318.3
7.8173,7.8143,3.0,0,699.3,-1036.4,1.6772,685.5,-1033.0,1.6371,-245.9,-315.7,-0.0000,-291.0,-307.3,-0.1601,-274.7,322.0
7.8256,7.8143,11.3,0,699.3,-1036.4,1.6772,685.5,-1033.0,1.6371,-245.9,-315.7,-0.0000,-300.5,-312.4,-0.1601,-278.8,332.0
7.8330,7.8311,1.9,0,695.7,-1042.5,1.6720,681.3,-1038.2,1.6371,-252.8,-310.3,-0.0000,-298.4,-298.6,-0.1395,-267.0,327.0
7.8415,7.8396,2.0,0,692.8,-1046.1,1.6766,679.1,-1040.8,1.6371,-256.3,-307.2,0.0000,-299.8,-292.5,-0.1579,-259.2,329.0
7.8493,7.8396,9.7,0,692.8,-1046.1,1.6766,679.1,-1040.8,1.6371,-256.3,-307.2,0.0000,-309.0,-296.8,-0.1579,-262.5,338.6
7.8573,7.8481,9.1,0,691.0,-1047.5,1.6690,676.9,-1043.5,1.6371,-259.9,-304.0,0.0000,-312.6,-297.4,-0.1274,-265.3,340.3
7.8645,7.8564,8.1,0,688.2,-1051.2,1.6696,674.7,-1046.0,1.6371,-262.9,-301.4,-0.0000,-312.6,-290.2,-0.1301,-258.0,339.8
7.8734,7.8649,8.5,0,686.1,-1053.6,1.6795,672.5,-1048.5,1.6371,-266.0,-298.7,0.0000,-317.4,-287.8,-0.1697,-251.6,346.7
7.8810,7.8733,7.6,0,684.1,-1056.9,1.6832,670.2,-1051.0,1.6371,-269.7,-295.6,0.0000,-320.7,-281.9,-0.1844,-244.1,350.3
7.8893,7.8818,7.5,0,682.2,-1059.0,1.6710,667.9,-1053.5,1.6371,-273.2,-292.4,0.0000,-324.9,-279.5,-0.1354,-245.6,351.2
7.8974,7.8902,7.2,0,679.3,-1061.8,1.6776,665.6,-1055.9,1.6371,-276.3,-288.9,-0.0000,-326.2,-274.7,-0.1618,-238.4,353.6
7.9057,7.8987,7.0,0,677.4,-1065.0,1.6728,663.3,-1058.4,1.6371,-279.5,-285.5,-0.0000,-330.5,-269.1,-0.1429,-234.0,356.2
7.9135,7.9072,6.3,0,675.7,-1067.0,1.6613,660.9,-1060.8,1.6371,-282.7,-282.4,-0.0000,-334.8,-266.8,-0.0968,-235.4,357.6
7.9214,7.9157,5.8,0,672.6,-1070.4,1.6610,658.5,-1063.2,1.6371,-285.9,-279.4,0.0000,-335.4,-260.9,-0.0957,-229.6,357.6
7.9288,7.9240,4.8,0,671.1,-1072.8,1.6671,656.1,-1065.5,1.6371,-289.0,-277.1,-0.0000,-340.1,-257.4,-0.1198,-223.5,363.3
7.9371,7.9325,4.6,0,668.0,-1076.2,1.6551,653.6,-1067.8,1.6371,-292.2,-273.8,-0.0000,-341.1,-250.0,-0.0718,-220.4,360.9
7.9451,7.9409,4.2,0,665.6,-1078.8,1.6726,651.1,-1070.1,1.6371,-295.6,-269.5,-0.0000,-344.2,-245.1,-0.1421,-208.9,367.3
7.9539,7.9495,4.4,0,663.0,-1080.6,1.6717,648.6,-1072.4,1.6371,-298.6,-266.2,-0.0000,-347.2,-243.6,-0.1382,-207.4,369.9
7.9611,7.9579,3.2,0,660.5,-1083.4,1.6616,646.1,-1074.6,1.6371,-301.3,-263.4,-0.0000,-348.6,-238.4,-0.0981,-205.8,368.8
7.9692,7.9662,3.0,0,658.4,-1086.6,1.6812,643.5,-1076.8,1.6371,-304.1,-260.0,0.0000,-352.6,-231.8,-0.1763,-191.5,376.0
7.9766,7.9747,1.8,0,656.5,-1088.6,1.6784,640.9,-1079.0,1.6371,-307.0,-256.5,-0.0000,-356.0,-228.5,-0.1650,-188.9,378.5
7.9849,7.9832,1.7,0,652.8,-1091.6,1.6820,638.3,-1081.2,1.6371,-309.9,-253.0,0.0000,-355.5,-222.3,-0.1795,-181.5,377.9
7.9931,7.9832,9.9,0,652.8,-1091.6,1.6820,638.3,-1081.2,1.6371,-309.9,-253.0,0.0000,-365.9,-225.1,-0.1795,-183.2,388.7
8.0006,7.9916,9.0,0,651.1,-1093.8,1.6838,635.7,-1083.3,1.6371,-312.8,-249.7,0.0000,-370.6,-220.4,-0.1869,-177.2,393.1
8.0094,8.0000,9.4,0,647.8,-1095.9,1.6934,633.1,-1085.4,1.6371,-315.7,-245.5,0.0000,-372.1,-216.1,-0.2253,-168.9,395.8
8.0174,8.0085,8.9,0,645.5,-1099.3,1.6928,630.4,-1087.4,1.6371,-318.7,-241.2,0.0000,-375.0,-209.0,-0.2227,-161.8,397.6
8.0255,8.0169,8.6,0,643.6,-1101.6,1.6982,627.7,-1089.5,1.6371,-321.1,-238.4,0.0000,-379.6,-205.0,-0.2442,-155.1,402.5
8.0328,8.0254,7.4,0,640.3,-1103.9,1.7101,625.0,-1091.5,1.6371,-323.6,-235.2,-0.0000,-378.9,-200.1,-0.2919,-145.6,403.0
8.0413,8.0338,7.4,0,637.9,-1105.9,1.7014,622.2,-1093.4,1.6371,-326.2,-231.8,0.0000,-382.8,-196.5,-0.2572,-145.0,405.2
8.0489,8.0423,6.6,0,636.3,-1108.6,1.7048,619.4,-1095.4,1.6371,-328.7,-228.2,-0.0000,-387.8,-189.7,-0.2706,-136.2,409.7
8.0572,8.0508,6.4,0,633.6,-1111.0,1.7324,616.6,-1097.3,1.6371,-331.3,-223.8,-0.0000,-390.5,-183.8,-0.3813,-118.6,415.0
8.0651,8.0592,5.9,0,630.3,-1113.3,1.7133,613.8,-1099.2,1.6371,-333.9,-219.8,-0.0000,-391.2,-178.6,-0.3047,-121.3,412.6
8.0733,8.0677,5.6,0,627.6,-1115.7,1.7277,611.0,-1101.0,1.6371,-336.6,-216.0,-0.0000,-393.7,-172.9,-0.3622,-109.3,415.9
8.0806,8.0761,4.5,0,624.8,-1117.3,1.7358,608.2,-1102.8,1.6371,-339.0,-212.3,-0.0000,-394.6,-170.1,-0.3948,-103.0,417.1
8.0890,8.0845,4.5,0,622.8,-1118.8,1.7274,605.3,-1104.6,1.6371,-341.1,-209.0,-0.0000,-399.4,-167.4,-0.3610,-103.0,420.6
8.0971,8.0930,4.2,0,618.1,-1120.8,1.7267,602.4,-1106.3,1.6371,-343.3,-205.3,-0.0000,-395.9,-162.7,-0.3583,-99.2,416.4
8.1054,8.1014,3.9,0,616.2,-1121.9,1.7205,599.5,-1108.1,1.6371,-345.4,-201.6,0.0000,-400.6,-160.7,-0.3337,-99.1,420.1
8.1131,8.1099,3.2,0,613.6,-1123.9,1.7356,596.5,-1109.7,1.6371,-348.0,-197.3,-0.0000,-403.7,-154.8,-0.3941,-86.5,423.7
8.1207,8.1184,2.3,0,610.8,-1125.6,1.7203,593.6,-1111.4,1.6371,-350.9,-192.5,0.0000,-405.5,-150.0,-0.3328,-87.9,423.3
8.1289,8.1268,2.1,0,608.3,-1126.7,1.7178,590.6,-1113.0,1.6371,-352.8,-188.7,0.0000,-408.6,-147.9,-0.3226,-86.5,425.8
8.1365,8.1352,1.3,0,604.9,-1128.5,1.7047,587.6,-1114.6,1.6371,-354.6,-184.8,0.0000,-408.0,-143.1,-0.2705,-87.4,423.5
8.1446,8.1352,9.4,0,604.9,-1128.5,1.7047,587.6,-1114.6,1.6371,-354.6,-184.8,0.0000,-418.5,-144.4,-0.2705,-87.2,434.0
8.1529,8.1437,9.3,0,602.5,-1129.9,1.7156,584.6,-1116.1,1.6371,-356.5,-181.3,-0.0000,-421.9,-141.5,-0.3140,-79.1,437.9
8.1606,8.1606,-0.0,0,596.1,-1132.8,1.7011,578.6,-1119.1,1.6371,-360.4,-173.3,0.0000,-412.8,-132.2,-0.2561,-77.5,426.5
8.1688,8.1606,8.2,0,596.1,-1132.8,1.7011,578.6,-1119.1,1.6371,-360.4,-173.3,0.0000,-423.6,-132.0,-0.2561,-75.9,437.2
8.1771,8.1690,8.1,0,592.1,-1133.9,1.7037,575.5,-1120.6,1.6371,-362.3,-168.8,-0.0000,-422.5,-129.0,-0.2665,-71.9,435.9
8.1853,8.1775,7.8,0,589.7,-1135.1,1.6906,572.4,-1122.0,1.6371,-364.2,-164.6,-0.0000,-426.2,-125.1,-0.2139,-73.3,438.1
8.1934,8.1859,7.5,0,586.4,-1136.4,1.6892,569.4,-1123.4,1.6371,-366.2,-160.5,-0.0000,-427.3,-121.7,-0.2084,-70.4,438.6
8.2010,8.1943,6.8,0,583.7,-1136.9,1.6875,566.3,-1124.7,1.6371,-368.1,-156.9,0.0000,-429.3,-120.2,-0.2016,-69.4,440.4
8.2092,8.2027,6.5,0,579.6,-1138.8,1.6682,563.2,-1126.0,1.6371,-370.0,-153.0,0.0000,-427.7,-114.2,-0.1244,-72.1,436.8
8.2171,8.2112,5.9,0,576.8,-1139.6,1.6831,560.1,-1127.3,1.6371,-371.5,-148.7,-0.0000,-429.4,-111.3,-0.1840,-62.4,439.2
8.2253,8.2196,5.7,0,572.4,-1140.6,1.6737,556.9,-1128.5,1.6371,-373.1,-144.4,0.0000,-427.0,-107.2,-0.1463,-62.8,435.8
8.2334,8.2281,5.4,0,569.7,-1141.7,1.6777,553.8,-1129.7,1.6371,-374.7,-139.6,-0.0000,-429.7,-103.1,-0.1623,-56.7,438.3
8.2417,8.2365,5.2,0,566.1,-1143.1,1.6706,550.6,-1130.9,1.6371,-376.3,-135.4,0.0000,-429.7,-98.7,-0.1340,-55.3,437.4
8.2486,8.2450,3.6,0,563.1,-1143.3,1.6641,547.4,-1132.0,1.6371,-378.0,-132.0,0.0000,-429.8,-97.7,-0.1079,-57.3,437.0
8.2566,8.2534,3.2,0,559.9,-1144.5,1.6488,544.2,-1133.1,1.6371,-379.3,-127.6,0.0000,-430.5,-92.7,-0.0468,-58.9,436.4
8.2656,8.2619,3.7,0,556.5,-1145.1,1.6544,541.0,-1134.1,1.6371,-380.6,-122.7,-0.0000,-432.1,-89.3,-0.0690,-52.9,438.0
8.2726,8.2703,2.3,0,551.8,-1145.9,1.6569,537.8,-1135.2,1.6371,-381.8,-118.8,0.0000,-427.0,-86.4,-0.0790,-49.4,432.9
8.2812,8.2788,2.5,0,549.6,-1146.6,1.6506,534.5,-1136.2,1.6371,-383.1,-115.3,0.0000,-431.6,-83.4,-0.0538,-48.8,436.9
8.2893,8.2788,10.5,0,549.6,-1146.6,1.6506,534.5,-1136.2,1.6371,-383.1,-115.3,0.0000,-442.2,-81.1,-0.0538,-45.6,447.2
8.2966,8.2872,9.4,0,545.2,-1148.4,1.6509,531.3,-1137.1,1.6371,-384.4,-110.3,0.0000,-438.4,-73.9,-0.0552,-38.5,442.9
8.3054,8.2957,9.7,0,542.6,-1149.0,1.6491,528.0,-1138.0,1.6371,-385.7,-105.2,0.0000,-442.3,-70.6,-0.0480,-35.8,446.4
8.3126,8.3041,8.4,0,538.1,-1149.6,1.6559,524.8,-1138.9,1.6371,-387.0,-101.1,-0.0000,-438.0,-67.4,-0.0750,-30.0,442.1
8.3214,8.3126,8.8,0,535.0,-1149.8,1.6469,521.5,-1139.7,1.6371,-388.3,-96.9,0.0000,-440.0,-64.9,-0.0392,-31.3,443.7
8.3289,8.3211,7.9,0,530.6,-1150.7,1.6459,518.2,-1140.5,1.6371,-389.2,-92.7,-0.0000,-436.5,-60.3,-0.0352,-27.3,439.8
8.3371,8.3295,7.6,0,527.9,-1151.9,1.6365,514.9,-1141.3,1.6371,-390.1,-88.5,-0.0000,-438.9,-54.6,0.0025,-25.6,441.5
8.3447,8.3379,6.8,0,523.0,-1151.7,1.6359,511.6,-1142.0,1.6371,-391.1,-83.8,-0.0000,-434.1,-52.7,0.0048,-24.3,436.6
8.3534,8.3464,7.1,0,520.0,-1152.7,1.6452,508.3,-1142.7,1.6371,-392.1,-79.2,0.0000,-435.9,-47.1,-0.0323,-14.5,438.2
8.3614,8.3549,6.5,0,516.4,-1153.5,1.6602,504.9,-1143.4,1.6371,-392.4,-74.4,0.0000,-434.9,-42.0,-0.0922,-3.1,437.0
8.3692,8.3633,5.9,0,512.4,-1154.2,1.6517,501.7,-1144.0,1.6371,-393.3,-70.1,0.0000,-433.7,-38.2,-0.0582,-3.0,435.3
8.3766,8.3717,4.9,0,509.2,-1154.8,1.6536,498.3,-1144.5,1.6371,-395.0,-66.6,-0.0000,-433.9,-34.6,-0.0658,1.4,435.2
8.3848,8.3802,4.6,0,505.0,-1156.3,1.6540,495.0,-1145.1,1.6371,-395.8,-62.4,-0.0000,-431.1,-26.8,-0.0677,9.1,431.9
8.3934,8.3887,4.8,0,502.1,-1156.5,1.6517,491.6,-1145.6,1.6371,-395.7,-57.7,-0.0000,-433.0,-23.2,-0.0583,11.9,433.5
8.4005,8.3971,3.5,0,497.2,-1157.4,1.6581,488.3,-1146.1,1.6371,-396.2,-52.9,0.0000,-427.5,-17.3,-0.0838,20.0,427.4
8.4088,8.4055,3.2,0,493.8,-1158.0,1.6504,485.0,-1146.5,1.6371,-397.0,-47.7,-0.0000,-427.7,-11.7,-0.0530,22.3,427.3
8.4169,8.4055,11.4,0,493.8,-1158.0,1.6504,485.0,-1146.5,1.6371,-397.0,-47.7,-0.0000,-438.1,-8.9,-0.0530,26.0,437.4
8.4251,8.4226,2.5,0,486.2,-1158.5,1.6527,478.2,-1147.2,1.6371,-398.3,-39.1,-0.0000,-425.5,-4.4,-0.0625,30.4,424.5
8.4326,8.4226,10.0,0,486.2,-1158.5,1.6527,478.2,-1147.2,1.6371,-398.3,-39.1,-0.0000,-434.6,-1.4,-0.0625,34.1,433.3
8.4411,8.4309,10.2,0,482.6,-1158.6,1.6594,474.8,-1147.5,1.6371,-398.6,-34.9,0.0000,-434.2,2.4,-0.0890,40.8,432.3
8.4496,8.4393,10.2,0,479.2,-1159.4,1.6585,471.5,-1147.8,1.6371,-398.8,-30.7,-0.0000,-434.6,8.8,-0.0855,46.9,432.2
8.4570,8.4481,8.9,0,475.5,-1160.0,1.6685,468.0,-1148.1,1.6371,-399.2,-25.8,-0.0000,-432.6,14.3,-0.1256,56.4,429.2
8.4647,8.4562,8.5,0,471.1,-1161.1,1.6682,464.8,-1148.3,1.6371,-399.5,-21.4,-0.0000,-428.6,21.3,-0.1244,62.9,424.5
8.4735,8.4646,8.8,0,467.8,-1160.5,1.6658,461.4,-1148.4,1.6371,-399.4,-16.8,-0.0000,-429.2,24.0,-0.1149,64.6,425.0
8.4806,8.4731,7.5,0,463.4,-1161.3,1.6755,458.0,-1148.5,1.6371,-399.4,-12.1,0.0000,-424.8,29.6,-0.1535,73.8,419.4
8.4888,8.4818,7.0,0,460.5,-1162.3,1.6762,454.5,-1148.6,1.6371,-399.8,-7.8,-0.0000,-426.2,36.8,-0.1562,81.4,420.0
8.4971,8.4900,7.1,0,456.8,-1162.5,1.6797,451.3,-1148.7,1.6371,-400.0,-3.6,0.0000,-425.0,41.3,-0.1704,87.3,418.0
8.5051,8.4985,6.7,0,453.1,-1163.0,1.6798,447.9,-1148.7,1.6371,-399.9,0.5,-0.0000,-423.5,46.8,-0.1706,92.6,415.9
8.5133,8.5068,6.5,0,449.2,-1163.0,1.6831,444.5,-1148.7,1.6371,-399.8,5.0,-0.0000,-421.7,52.3,-0.1841,99.3,413.2
8.5209,8.5156,5.3,0,445.1,-1162.9,1.6775,441.0,-1148.6,1.6371,-399.9,10.4,-0.0000,-418.3,56.7,-0.1615,100.9,409.9
8.5285,8.5238,4.7,0,441.6,-1163.5,1.6870,437.7,-1148.5,1.6371,-399.9,15.1,0.0000,-417.1,62.8,-0.1994,110.7,407.0
8.5376,8.5322,5.3,0,437.6,-1163.2,1.6830,434.4,-1148.3,1.6371,-400.0,19.8,-0.0000,-416.0,67.5,-0.1834,113.7,405.8
8.5449,8.5322,12.6,0,437.6,-1163.2,1.6830,434.4,-1148.3,1.6371,-400.0,19.8,-0.0000,-423.8,71.3,-0.1834,118.2,413.1
8.5529,8.5491,3.7,0,430.5,-1163.6,1.6887,427.6,-1147.9,1.6371,-398.5,27.7,0.0000,-411.4,76.9,-0.2064,124.7,399.5
8.5608,8.5576,3.2,0,426.8,-1163.4,1.6902,424.3,-1147.7,1.6371,-398.3,32.2,-0.0000,-409.8,81.6,-0.2124,129.8,397.2
8.5697,8.5660,3.6,0,423.2,-1164.1,1.6934,420.9,-1147.4,1.6371,-398.6,37.0,0.0000,-409.7,89.4,-0.2253,138.9,395.7
8.5766,8.5745,2.1,0,419.3,-1163.2,1.6894,417.5,-1147.1,1.6371,-398.0,41.6,-0.0000,-405.7,91.6,-0.2091,138.9,392.0
8.5851,8.5745,10.6,0,419.3,-1163.2,1.6894,417.5,-1147.1,1.6371,-398.0,41.6,-0.0000,-415.0,97.4,-0.2091,145.9,400.6
8.5935,8.5914,2.2,0,412.3,-1162.6,1.6851,410.8,-1146.3,1.6371,-396.8,50.7,-0.0000,-403.7,101.0,-0.1921,146.4,389.5
8.6018,8.5998,2.0,0,408.7,-1163.2,1.6953,407.5,-1145.8,1.6371,-396.5,55.0,0.0000,-402.5,108.6,-0.2327,157.7,385.9
8.6092,8.5998,9.4,0,408.7,-1163.2,1.6953,407.5,-1145.8,1.6371,-396.5,55.0,0.0000,-410.6,113.6,-0.2327,163.7,393.3
8.6168,8.6083,8.6,0,405.0,-1162.8,1.6821,404.1,-1145.4,1.6371,-395.7,59.3,0.0000,-407.8,117.6,-0.1799,162.1,392.3
8.6246,8.6168,7.7,0,402.2,-1162.7,1.6853,400.7,-1144.8,1.6371,-395.1,63.7,-0.0000,-407.7,123.4,-0.1926,169.1,390.9
8.6329,8.6252,7.7,0,397.9,-1161.9,1.6772,397.4,-1144.3,1.6371,-393.9,68.5,0.0000,-403.6,127.3,-0.1603,169.5,387.8
8.6411,8.6336,7.5,0,395.3,-1161.3,1.6802,394.1,-1143.7,1.6371,-392.9,73.2,0.0000,-404.9,131.5,-0.1723,174.9,388.1
8.6487,8.6421,6.6,0,391.6,-1161.1,1.6825,390.8,-1143.0,1.6371,-392.4,77.4,-0.0000,-402.0,136.4,-0.1815,180.4,384.3
8.6570,8.6506,6.4,0,388.4,-1160.8,1.6764,387.4,-1142.4,1.6371,-391.6,81.8,0.0000,-400.9,142.0,-0.1573,183.5,383.7
8.6656,8.6590,6.6,0,385.1,-1159.7,1.6741,384.2,-1141.7,1.6371,-390.4,86.2,-0.0000,-400.1,145.5,-0.1480,186.0,382.9
8.6734,8.6674,6.0,0,382.1,-1158.6,1.6775,380.9,-1140.9,1.6371,-389.5,90.5,0.0000,-399.7,147.8,-0.1617,189.5,381.7
8.6815,8.6759,5.6,0,378.8,-1157.8,1.6578,377.6,-1140.1,1.6371,-389.1,94.1,-0.0000,-398.7,151.6,-0.0828,185.7,384.0
8.6886,8.6844,4.2,0,375.7,-1157.8,1.6661,374.3,-1139.3,1.6371,-387.9,98.7,0.0000,-395.9,158.4,-0.1159,195.4,379.0
8.6966,8.6928,3.8,0,372.1,-1156.3,1.6622,371.0,-1138.5,1.6371,-385.7,104.4,0.0000,-392.6,161.4,-0.1005,196.6,376.2
8.7045,8.7012,3.3,0,369.0,-1155.4,1.6686,367.8,-1137.6,1.6371,-384.7,108.6,0.0000,-392.1,164.2,-0.1258,201.7,374.2
8.7128,8.7097,3.1,0,365.4,-1154.5,1.6563,364.5,-1136.6,1.6371,-384.5,111.7,0.0000,-390.3,167.8,-0.0768,200.5,374.5
8.7215,8.7182,3.3,0,362.6,-1153.2,1.6643,361.3,-1135.7,1.6371,-382.9,116.0,0.0000,-389.6,171.7,-0.1089,207.3,371.9
8.7288,8.7266,2.2,0,359.4,-1151.9,1.6505,358.1,-1134.7,1.6371,-380.8,120.5,0.0000,-387.0,174.1,-0.0536,204.4,371.9
8.7369,8.7350,1.9,0,356.5,-1150.3,1.6630,354.9,-1133.6,1.6371,-379.8,125.2,0.0000,-386.8,177.0,-0.1033,211.8,368.9
8.7456,8.7435,2.1,0,353.8,-1149.2,1.6554,351.6,-1132.5,1.6371,-379.2,130.0,0.0000,-387.6,181.8,-0.0733,213.9,370.9
8.7530,8.7435,9.5,0,353.8,-1149.2,1.6554,351.6,-1132.5,1.6371,-379.2,130.0,0.0000,-393.9,188.2,-0.0733,220.8,376.5
8.7612,8.7520,9.2,0,350.0,-1148.7,1.6588,348.4,-1131.4,1.6371,-376.9,134.1,0.0000,-389.5,194.2,-0.0865,227.7,371.0
8.7688,8.7603,8.5,0,347.6,-1146.6,1.6482,345.3,-1130.3,1.6371,-374.7,138.1,-0.0000,-390.4,194.5,-0.0445,224.1,374.2
8.7768,8.7688,8.0,0,344.0,-1145.0,1.6482,342.1,-1129.1,1.6371,-374.0,142.2,-0.0000,-387.7,197.0,-0.0442,226.4,371.3
8.7845,8.7773,7.2,0,341.3,-1143.5,1.6563,339.0,-1127.9,1.6371,-373.0,146.2,0.0000,-386.0,199.7,-0.0766,231.9,367.6
8.7937,8.7857,8.0,0,338.0,-1142.7,1.6660,335.8,-1126.6,1.6371,-370.6,150.3,-0.0000,-383.9,206.0,-0.1155,241.5,362.6
8.8009,8.7942,6.8,0,335.5,-1141.2,1.6620,332.7,-1125.3,1.6371,-368.6,154.4,-0.0000,-383.2,208.8,-0.0994,242.8,362.6
8.8092,8.8026,6.6,0,332.8,-1139.5,1.6568,329.6,-1124.0,1.6371,-367.0,159.0,0.0000,-382.4,212.0,-0.0787,244.1,362.8
8.8177,8.8110,6.7,0,329.7,-1137.9,1.6603,326.5,-1122.7,1.6371,-365.3,163.3,-0.0000,-380.9,215.5,-0.0927,248.7,360.1
8.8249,8.8195,5.5,0,327.3,-1136.2,1.6608,323.4,-1121.3,1.6371,-363.7,167.4,0.0000,-380.0,217.5,-0.0948,250.7,358.9
8.8334,8.8279,5.4,0,323.4,-1135.0,1.6622,320.4,-1119.8,1.6371,-361.8,171.3,-0.0000,-375.3,222.0,-0.1003,255.3,353.5
8.8411,8.8364,4.7,0,321.0,-1133.1,1.6708,317.3,-1118.4,1.6371,-359.6,174.9,-0.0000,-374.6,223.7,-0.1346,259.9,350.4
8.8495,8.8449,4.6,0,317.4,-1131.5,1.6661,314.3,-1116.9,1.6371,-357.6,178.9,-0.0000,-370.8,227.7,-0.1160,261.9,347.5
8.8572,8.8533,3.9,0,315.4,-1129.6,1.6681,311.3,-1115.3,1.6371,-355.6,183.1,-0.0000,-371.1,230.1,-0.1238,265.0,347.0
8.8654,8.8618,3.6,0,312.0,-1128.0,1.6665,308.3,-1113.8,1.6371,-353.3,187.2,0.0000,-367.1,233.6,-0.1176,267.7,343.1
8.8726,8.8702,2.4,0,308.8,-1126.0,1.6733,305.3,-1112.2,1.6371,-350.7,191.3,0.0000,-363.1,235.5,-0.1449,271.4,337.1
8.8808,8.8787,2.1,0,306.1,-1124.0,1.6772,302.3,-1110.5,1.6371,-348.9,195.4,0.0000,-362.4,238.3,-0.1603,275.4,335.0
8.8889,8.8871,1.8,0,302.5,-1122.0,1.6746,299.4,-1108.9,1.6371,-347.5,199.8,-0.0000,-358.2,241.0,-0.1500,276.9,331.2
8.8977,8.8956,2.1,0,299.9,-1120.4,1.6738,296.5,-1107.2,1.6371,-345.0,202.8,0.0000,-357.0,244.1,-0.1466,279.5,330.0
8.9051,8.8956,9.5,0,299.9,-1120.4,1.6738,296.5,-1107.2,1.6371,-345.0,202.8,0.0000,-362.5,251.4,-0.1466,287.3,334.7
8.9135,8.9040,9.5,0,296.5,-1118.1,1.6617,293.6,-1105.5,1.6371,-342.6,205.5,0.0000,-357.9,255.5,-0.0984,286.9,333.2
8.9212,8.9124,8.7,0,294.8,-1116.0,1.6703,290.7,-1103.7,1.6371,-339.9,210.8,0.0000,-358.2,258.4,-0.1329,292.7,330.8
8.9293,8.9208,8.4,0,291.6,-1114.4,1.6725,287.8,-1101.9,1.6371,-337.2,215.7,0.0000,-354.6,261.7,-0.1414,296.3,326.2
8.9371,8.9294,7.7,0,288.7,-1111.7,1.6677,285.0,-1100.1,1.6371,-334.8,218.8,-0.0000,-351.4,262.1,-0.1224,294.8,324.4
8.9454,8.9378,7.6,0,285.5,-1109.2,1.6695,282.2,-1098.2,1.6371,-332.4,222.3,-0.0000,-348.3,263.5,-0.1295,296.6,320.7
8.9527,8.9462,6.4,0,282.8,-1107.8,1.6671,279.4,-1096.3,1.6371,-330.6,225.7,0.0000,-345.6,267.2,-0.1198,299.2,318.3
8.9615,8.9547,6.9,0,280.3,-1105.0,1.6694,276.6,-1094.4,1.6371,-328.3,229.2,0.0000,-343.3,268.6,-0.1293,301.1,315.2
8.9688,8.9631,5.7,0,276.9,-1103.2,1.6589,273.8,-1092.4,1.6371,-324.8,232.5,0.0000,-337.5,271.3,-0.0873,299.9,312.4
8.9774,8.9716,5.8,0,274.1,-1100.6,1.6684,271.1,-1090.5,1.6371,-321.9,236.3,-0.0000,-334.7,274.1,-0.1250,305.4,306.4
8.9849,8.9800,4.8,0,271.7,-1098.1,1.6526,268.4,-1088.4,1.6371,-319.2,240.8,0.0000,-332.3,275.7,-0.0618,302.0,308.7
8.9930,8.9885,4.5,0,268.9,-1096.1,1.6661,265.7,-1086.4,1.6371,-316.7,244.6,0.0000,-329.3,278.8,-0.1158,308.8,301.3
9.0016,8.9969,4.7,0,266.0,-1093.6,1.6678,263.0,-1084.3,1.6371,-314.4,248.0,-0.0000,-326.4,281.4,-0.1229,311.7,297.6
9.0090,9.0054,3.6,0,262.8,-1091.8,1.6679,260.4,-1082.2,1.6371,-311.8,251.2,-0.0000,-321.3,284.0,-0.1230,313.8,292.3
9.0175,9.0139,3.6,0,260.4,-1089.1,1.6671,257.7,-1080.0,1.6371,-309.1,254.2,-0.0000,-319.2,285.5,-0.1200,314.8,290.3
9.0254,9.0223,3.2,0,257.5,-1086.6,1.6612,255.2,-1077.9,1.6371,-305.8,257.7,-0.0000,-314.3,287.5,-0.0963,314.7,287.0
9.0328,9.0308,2.1,0,254.4,-1084.0,1.6803,252.6,-1075.7,1.6371,-302.1,261.2,0.0000,-308.6,288.6,-0.1726,320.6,275.3
9.0412,9.0308,10.4,0,254.4,-1084.0,1.6803,252.6,-1075.7,1.6371,-302.1,261.2,0.0000,-313.7,299.3,-0.1726,331.7,279.1
9.0492,9.0392,10.0,0,251.9,-1081.6,1.6611,250.1,-1073.5,1.6371,-299.4,265.0,0.0000,-310.7,302.2,-0.0959,329.0,282.2
9.0572,9.0561,1.1,0,246.7,-1076.8,1.6595,245.0,-1068.9,1.6371,-293.6,271.8,-0.0000,-299.1,296.6,-0.0896,321.9,271.6
9.0647,9.0561,8.6,0,246.7,-1076.8,1.6595,245.0,-1068.9,1.6371,-293.6,271.8,-0.0000,-302.9,305.2,-0.0896,330.8,274.6
9.0728,9.0645,8.3,0,243.2,-1074.6,1.6647,242.6,-1066.6,1.6371,-290.5,274.6,0.0000,-296.4,308.4,-0.1103,334.8,266.2
9.0810,9.0730,8.0,0,240.6,-1072.1,1.6708,240.1,-1064.3,1.6371,-287.4,277.8,0.0000,-292.8,311.0,-0.1347,338.7,260.3
9.0887,9.0814,7.3,0,237.5,-1068.9,1.6691,237.7,-1061.9,1.6371,-284.3,281.0,0.0000,-287.4,311.4,-0.1278,338.0,255.4
9.0973,9.0898,7.5,0,234.6,-1067.2,1.6714,235.3,-1059.6,1.6371,-281.3,284.7,-0.0000,-282.7,317.2,-0.1372,344.0,249.4
9.1053,9.0983,7.0,0,232.1,-1063.7,1.6644,233.0,-1057.1,1.6371,-278.2,288.1,0.0000,-278.4,316.1,-0.1091,340.7,247.7
9.1132,9.1068,6.5,0,228.7,-1062.0,1.6743,230.6,-1054.7,1.6371,-274.5,290.8,-0.0000,-271.3,320.8,-0.1486,347.1,236.8
9.1210,9.1152,5.8,0,226.8,-1059.3,1.6797,228.3,-1052.2,1.6371,-271.2,293.7,0.0000,-269.5,322.0,-0.1705,349.4,232.9
9.1295,9.1237,5.8,0,224.2,-1056.7,1.6793,226.0,-1049.7,1.6371,-268.4,296.4,0.0000,-265.2,324.4,-0.1687,351.3,228.5
9.1376,9.1321,5.5,0,221.1,-1054.4,1.6824,223.8,-1047.2,1.6371,-264.9,299.5,0.0000,-258.5,328.2,-0.1812,354.9,220.3
9.1456,9.1406,5.0,0,218.4,-1051.4,1.6967,221.6,-1044.6,1.6371,-260.9,302.8,0.0000,-253.1,329.5,-0.2382,358.7,209.7
9.1533,9.1491,4.3,0,215.2,-1048.2,1.6806,219.4,-1042.1,1.6371,-257.3,306.0,0.0000,-246.5,330.1,-0.1739,355.1,208.8
9.1611,9.1577,3.5,0,212.9,-1046.0,1.6878,217.2,-1039.4,1.6371,-253.9,309.6,-0.0000,-242.4,333.8,-0.2026,359.8,201.8
9.1691,9.1659,3.1,0,209.9,-1043.4,1.6920,215.1,-1036.9,1.6371,-250.7,311.9,0.0000,-236.3,335.0,-0.2196,361.2,194.1
9.1772,9.1743,2.9,0,207.3,-1041.1,1.6899,213.0,-1034.2,1.6371,-247.7,313.7,-0.0000,-231.5,338.0,-0.2110,363.1,189.7
9.1848,9.1743,10.4,0,207.3,-1041.1,1.6899,213.0,-1034.2,1.6371,-247.7,313.7,-0.0000,-234.0,347.9,-0.2110,373.2,191.0
9.1936,9.1914,2.1,0,201.1,-1035.4,1.6945,208.8,-1028.8,1.6371,-240.9,319.5,0.0000,-218.4,342.1,-0.2296,366.5,174.5
9.2013,9.1914,9.9,0,201.1,-1035.4,1.6945,208.8,-1028.8,1.6371,-240.9,319.5,0.0000,-220.0,352.9,-0.2296,377.3,174.7
9.2089,9.1997,9.2,0,198.8,-1032.7,1.6962,206.8,-1026.1,1.6371,-236.8,322.7,0.0000,-214.6,354.9,-0.2362,379.0,168.6
9.2169,9.2082,8.7,0,196.9,-1030.2,1.7116,204.9,-1023.4,1.6371,-232.6,326.3,-0.0000,-210.8,356.9,-0.2978,382.9,158.6
9.2249,9.2168,8.1,0,193.8,-1027.6,1.6994,202.9,-1020.6,1.6371,-228.7,327.8,0.0000,-203.3,358.5,-0.2490,381.6,155.7
9.2329,9.2251,7.8,0,191.5,-1024.2,1.7097,201.0,-1017.9,1.6371,-224.8,329.6,0.0000,-199.1,359.5,-0.2902,383.6,147.5
9.2410,9.2336,7.4,0,188.6,-1021.5,1.6933,199.1,-1015.1,1.6371,-222.1,332.9,-0.0000,-192.9,362.1,-0.2249,383.0,147.2
9.2494,9.2420,7.5,0,186.3,-1019.2,1.6997,197.2,-1012.2,1.6371,-218.9,335.6,-0.0000,-186.9,365.9,-0.2504,386.9,138.3
9.2573,9.2508,6.6,0,183.8,-1016.8,1.7093,195.3,-1009.3,1.6371,-214.3,337.7,-0.0000,-180.5,368.7,-0.2888,390.1,127.9
9.2650,9.2589,6.0,0,181.1,-1014.0,1.6898,193.6,-1006.5,1.6371,-210.3,340.0,0.0000,-173.5,370.6,-0.2108,388.6,128.3
9.2732,9.2673,5.9,0,178.8,-1011.4,1.7007,191.8,-1003.6,1.6371,-206.0,342.9,-0.0000,-167.5,373.9,-0.2543,392.4,117.7
9.2813,9.2758,5.5,0,176.5,-1008.2,1.6929,190.1,-1000.7,1.6371,-202.1,345.2,0.0000,-162.6,374.2,-0.2230,391.2,115.8
9.2894,9.2844,5.0,0,173.6,-1005.8,1.6998,188.4,-997.8,1.6371,-198.8,346.8,0.0000,-155.2,377.2,-0.2506,394.0,105.4
9.2976,9.2927,4.9,0,171.9,-1003.2,1.7051,186.8,-994.9,1.6371,-195.2,348.8,0.0000,-151.2,380.3,-0.2720,397.1,98.9
9.3053,9.3011,4.2,0,169.2,-999.0,1.6919,185.1,-991.9,1.6371,-191.4,351.2,-0.0000,-143.9,377.9,-0.2193,392.6,97.2
9.3126,9.3096,3.0,0,167.4,-997.1,1.6950,183.5,-988.9,1.6371,-187.3,353.4,0.0000,-139.0,381.8,-0.2315,396.1,90.6
9.3212,9.3096,11.6,0,167.4,-997.1,1.6950,183.5,-988.9,1.6371,-187.3,353.4,0.0000,-139.5,393.3,-0.2315,407.6,89.7
9.3293,9.3186,10.7,0,165.6,-994.4,1.6892,181.9,-985.7,1.6371,-182.8,355.8,-0.0000,-134.4,396.1,-0.2084,409.2,86.6
9.3372,9.3272,10.0,0,163.8,-991.1,1.7012,180.3,-982.7,1.6371,-178.6,358.1,0.0000,-129.3,396.9,-0.2564,410.4,76.6
9.3449,9.3350,9.9,0,161.3,-987.8,1.6820,178.9,-979.9,1.6371,-174.7,360.4,-0.0000,-122.6,396.6,-0.1796,407.8,77.8
9.3529,9.3434,9.5,0,158.7,-984.7,1.6942,177.5,-976.8,1.6371,-170.9,361.9,-0.0000,-115.1,397.6,-0.2282,408.7,65.3
9.3605,9.3518,8.7,0,156.5,-981.9,1.6879,176.1,-973.8,1.6371,-167.1,363.4,-0.0000,-108.6,399.3,-0.2030,409.3,61.2
9.3688,9.3603,8.5,0,154.9,-979.4,1.6756,174.7,-970.7,1.6371,-162.9,365.4,0.0000,-103.6,402.9,-0.1539,411.5,60.9
9.3767,9.3687,8.0,0,153.8,-976.2,1.6799,173.3,-967.6,1.6371,-158.8,367.4,-0.0000,-99.6,403.5,-0.1710,412.0,55.1
9.3845,9.3771,7.4,0,151.7,-973.3,1.6797,172.0,-964.5,1.6371,-154.1,368.9,-0.0000,-92.7,404.8,-0.1704,412.5,48.2
9.3931,9.3857,7.4,0,150.2,-970.1,1.6922,170.7,-961.3,1.6371,-149.5,370.5,0.0000,-88.3,406.6,-0.2204,414.3,38.4
9.4019,9.3941,7.9,0,148.2,-967.3,1.6739,169.5,-958.2,1.6371,-146.0,372.0,-0.0000,-82.1,409.5,-0.1471,415.7,39.5
9.4089,9.4025,6.4,0,147.3,-964.3,1.6742,168.2,-955.1,1.6371,-142.0,373.7,-0.0000,-78.6,410.3,-0.1485,416.3,35.9
9.4175,9.4109,6.5,0,146.2,-961.3,1.6725,167.1,-951.9,1.6371,-138.1,376.9,0.0000,-74.7,413.2,-0.1414,418.6,32.4
9.4253,9.4195,5.8,0,144.8,-957.8,1.6684,165.9,-948.7,1.6371,-133.4,377.2,-0.0000,-68.5,408.4,-0.1250,413.2,28.3
9.4333,9.4279,5.4,0,143.8,-954.4,1.6715,164.8,-945.6,1.6371,-128.0,374.3,-0.0000,-63.2,404.6,-0.1373,408.9,22.3
9.4416,9.4363,5.3,0,141.7,-951.5,1.6709,163.7,-942.4,1.6371,-121.9,369.7,0.0000,-53.1,397.7,-0.1352,401.0,13.1
9.4495,9.4448,4.7,0,140.9,-948.0,1.6761,162.7,-939.3,1.6371,-114.6,362.2,-0.0000,-46.9,389.8,-0.1561,392.6,5.7
9.4566,9.4532,3.4,0,140.0,-944.7,1.6727,161.8,-936.3,1.6371,-108.3,355.5,-0.0000,-41.6,381.6,-0.1422,383.8,2.6
9.4649,9.4532,11.7,0,140.0,-944.7,1.6727,161.8,-936.3,1.6371,-108.3,355.5,-0.0000,-38.2,383.6,-0.1422,385.5,-1.0
9.4736,9.4701,3.5,0,138.6,-938.4,1.6656,160.1,-930.4,1.6371,-96.5,341.3,0.0000,-31.3,367.5,-0.1139,368.8,-3.6
9.4806,9.4785,2.1,0,137.7,-935.4,1.6707,159.3,-927.6,1.6371,-90.4,333.4,0.0000,-24.9,357.2,-0.1342,357.9,-10.8
9.4895,9.4870,2.5,0,136.9,-932.6,1.6664,158.5,-924.8,1.6371,-85.7,326.5,0.0000,-20.1,350.5,-0.1171,350.8,-13.5
9.4970,9.4870,10.0,0,136.9,-932.6,1.6664,158.5,-924.8,1.6371,-85.7,326.5,0.0000,-17.7,351.6,-0.1171,351.7,-15.9
9.5047,9.4954,9.3,0,136.8,-929.3,1.6884,157.8,-922.0,1.6371,-81.1,319.8,-0.0000,-14.4,341.6,-0.2053,340.9,-25.8
9.5125,9.5039,8.7,0,135.4,-925.6,1.6718,157.2,-919.4,1.6371,-75.9,311.7,-0.0000,-7.1,330.3,-0.1389,329.3,-26.3
9.5210,9.5123,8.7,0,135.1,-922.7,1.6588,156.6,-916.8,1.6371,-70.6,303.6,0.0000,-3.5,321.9,-0.0866,321.0,-24.8
9.5293,9.5209,8.4,0,134.3,-919.2,1.6723,156.0,-914.2,1.6371,-66.2,296.4,0.0000,1.7,311.6,-0.1407,309.8,-33.3
9.5368,9.5293,7.5,0,134.7,-915.6,1.6618,155.4,-911.7,1.6371,-61.7,289.3,0.0000,2.4,299.9,-0.0988,298.4,-29.7
9.5453,9.5377,7.6,0,134.7,-912.5,1.6681,154.9,-909.3,1.6371,-58.1,281.0,0.0000,4.8,289.5,-0.1239,287.7,-32.9
9.5527,9.5467,6.0,0,134.3,-909.4,1.6700,154.4,-906.9,1.6371,-54.0,272.6,-0.0000,8.1,279.7,-0.1316,277.5,-35.8
9.5605,9.5556,5.0,0,134.2,-905.9,1.6699,154.0,-904.5,1.6371,-49.7,264.7,0.0000,10.9,268.3,-0.1310,265.9,-37.4
9.5691,9.5556,13.6,0,134.2,-905.9,1.6699,154.0,-904.5,1.6371,-49.7,264.7,0.0000,12.4,266.0,-0.1310,263.5,-38.6
9.5768,9.5726,4.2,0,134.6,-899.5,1.6660,153.2,-900.1,1.6371,-43.8,247.7,-0.0000,12.8,250.7,-0.1155,248.3,-36.6
9.5854,9.5805,4.9,0,134.3,-896.7,1.6653,152.8,-898.2,1.6371,-41.0,240.3,-0.0000,16.0,235.2,-0.1125,232.6,-38.1
9.5928,9.5894,3.4,0,134.7,-893.2,1.6676,152.5,-896.1,1.6371,-37.6,232.4,-0.0000,16.6,222.9,-0.1218,220.3,-38.1
9.6012,9.5972,4.0,0,134.9,-889.9,1.6629,152.2,-894.3,1.6371,-34.6,225.1,0.0000,18.5,210.8,-0.1032,208.2,-37.8
9.6091,9.6054,3.7,0,135.1,-887.1,1.6658,151.9,-892.5,1.6371,-31.1,217.3,0.0000,20.2,200.0,-0.1146,197.2,-39.1
9.6165,9.6138,2.7,0,135.5,-884.0,1.6581,151.7,-890.7,1.6371,-29.0,209.0,-0.0000,19.7,187.7,-0.0840,185.3,-36.0
9.6246,9.6222,2.4,0,136.4,-881.0,1.6630,151.4,-889.0,1.6371,-27.5,200.3,0.0000,18.1,175.4,-0.1034,173.0,-34.2
9.6326,9.6306,2.0,0,137.1,-878.9,1.6574,151.2,-887.3,1.6371,-25.3,192.2,0.0000,17.4,166.2,-0.0810,164.1,-31.7
9.6410,9.6306,10.4,0,137.1,-878.9,1.6574,151.2,-887.3,1.6371,-25.3,192.2,0.0000,19.0,162.8,-0.0810,160.6,-33.0
9.6496,9.6391,10.5,0,137.3,-875.6,1.6381,151.0,-885.7,1.6371,-23.1,184.2,0.0000,20.2,149.5,-0.0041,147.8,-30.2
9.6576,9.6476,10.0,0,138.6,-873.0,1.6553,150.8,-884.2,1.6371,-20.9,176.0,0.0000,18.1,138.0,-0.0729,136.0,-29.7
9.6646,9.6559,8.6,0,139.1,-870.5,1.6366,150.7,-882.7,1.6371,-18.4,168.0,0.0000,16.8,126.8,0.0019,125.4,-25.1
9.6729,9.6644,8.5,0,139.6,-867.8,1.6491,150.5,-881.4,1.6371,-17.5,159.4,0.0000,16.0,114.2,-0.0481,112.6,-24.8
9.6809,9.6728,8.0,0,139.9,-866.4,1.6441,150.4,-880.1,1.6371,-16.3,150.9,-0.0000,16.4,105.2,-0.0277,103.7,-24.1
9.6892,9.6813,7.8,0,140.6,-863.8,1.6501,150.2,-878.8,1.6371,-14.6,142.3,0.0000,15.3,92.6,-0.0521,91.1,-22.6
9.6966,9.6897,6.9,0,141.1,-861.7,1.6414,150.1,-877.6,1.6371,-13.1,133.9,-0.0000,15.0,82.0,-0.0170,80.8,-20.8
9.7055,9.6982,7.3,0,141.6,-860.0,1.6397,150.0,-876.5,1.6371,-11.3,125.8,-0.0000,14.9,71.6,-0.0105,70.4,-19.8
9.7134,9.7067,6.8,0,142.0,-857.7,1.6389,149.9,-875.5,1.6371,-10.0,117.6,0.0000,13.7,59.9,-0.0073,58.8,-17.7
9.7209,9.7151,5.8,0,142.8,-856.1,1.6257,149.9,-874.6,1.6371,-10.0,109.5,-0.0000,11.3,50.2,0.0458,49.5,-14.1
9.7295,9.7236,5.9,0,143.9,-854.9,1.6188,149.8,-873.7,1.6371,-9.1,101.1,0.0000,9.9,40.5,0.0732,40.0,-11.8
9.7365,9.7320,4.5,0,144.6,-853.5,1.6197,149.7,-872.9,1.6371,-6.9,92.5,-0.0000,9.0,31.2,0.0695,30.7,-10.5
9.7450,9.7405,4.5,0,145.3,-852.1,1.6137,149.7,-872.1,1.6371,-5.9,84.0,0.0000,7.0,20.3,0.0937,20.0,-7.9
9.7530,9.7489,4.1,0,145.5,-851.1,1.6127,149.6,-871.4,1.6371,-5.6,75.4,0.0000,6.9,11.1,0.0975,10.8,-7.3
9.7607,9.7573,3.4,0,146.0,-849.8,1.6180,149.6,-870.8,1.6371,-5.1,67.0,0.0000,5.7,1.3,0.0763,1.1,-5.8
9.7689,9.7658,3.1,0,146.3,-849.0,1.6182,149.5,-870.3,1.6371,-4.5,58.9,-0.0000,5.1,-7.3,0.0756,-7.6,-4.8
9.7775,9.7743,3.2,0,146.2,-848.6,1.6074,149.5,-869.8,1.6371,-4.0,50.4,-0.0000,6.1,-16.3,0.1187,-16.5,-5.5
9.7849,9.7827,2.2,0,146.6,-848.6,1.6157,149.4,-869.4,1.6371,-3.5,41.8,-0.0000,5.2,-22.8,0.0858,-23.0,-4.2
9.7929,9.7827,10.2,0,146.6,-848.6,1.6157,149.4,-869.4,1.6371,-3.5,41.8,-0.0000,6.1,-30.0,0.0858,-30.2,-4.7
9.8012,9.7911,10.0,0,146.8,-848.5,1.6216,149.4,-869.1,1.6371,-2.6,33.3,0.0000,6.4,-38.1,0.0620,-38.4,-4.4
9.8091,9.7997,9.4,0,147.2,-848.8,1.6331,149.4,-868.9,1.6371,-1.6,24.6,0.0000,5.5,-45.1,0.0161,-45.4,-2.7
9.8168,9.8081,8.7,0,147.3,-849.1,1.6356,149.4,-868.7,1.6371,-1.1,16.4,-0.0000,5.9,-52.0,0.0061,-52.3,-2.5
9.8255,9.8165,9.0,0,147.3,-849.3,1.6365,149.4,-868.6,1.6371,-0.4,6.6,0.0000,6.2,-57.7,0.0023,-58.0,-2.4
9.8336,9.8249,8.6,0,147.3,-850.0,1.6382,149.4,-868.6,1.6371,0.0,0.0,0.0000,6.3,-55.8,-0.0044,-56.1,-2.5
9.8412,9.8334,7.8,0,147.1,-850.5,1.6389,149.4,-868.6,1.6371,0.0,0.0,0.0000,6.9,-54.3,-0.0071,-54.6,-3.2
9.8494,9.8418,7.5,0,146.7,-852.2,1.6464,149.4,-868.6,1.6371,0.0,0.0,0.0000,8.1,-49.2,-0.0373,-49.7,-4.4
9.8575,9.8503,7.2,0,146.8,-852.7,1.6479,149.4,-868.6,1.6371,0.0,0.0,0.0000,7.8,-47.6,-0.0430,-48.0,-4.1
9.8652,9.8503,14.9,0,146.8,-852.7,1.6479,149.4,-868.6,1.6371,0.0,0.0,0.0000,7.8,-47.6,-0.0430,-48.0,-4.1
9.8725,9.8672,5.3,0,146.1,-855.5,1.6495,149.4,-868.6,1.6371,0.0,0.0,0.0000,10.0,-39.1,-0.0495,-39.8,-6.8
9.8806,9.8756,4.9,0,146.2,-857.1,1.6485,149.4,-868.6,1.6371,0.0,0.0,0.0000,9.5,-34.5,-0.0453,-35.2,-6.8
9.8898,9.8841,5.7,0,145.8,-858.6,1.6540,149.4,-868.6,1.6371,0.0,0.0,0.0000,10.7,-29.9,-0.0675,-30.7,-8.2
9.8969,9.8925,4.4,0,145.8,-860.1,1.6460,149.4,-868.6,1.6371,0.0,0.0,0.0000,10.7,-25.5,-0.0357,-26.3,-8.8
9.9045,9.9010,3.5,0,145.3,-861.9,1.6335,149.4,-868.6,1.6371,0.0,0.0,0.0000,12.3,-20.0,0.0143,-20.7,-11.0
9.9131,9.9095,3.6,0,144.9,-863.4,1.6449,149.4,-868.6,1.6371,0.0,0.0,0.0000,13.3,-15.5,-0.0309,-16.4,-12.2
9.9213,9.9095,11.7,0,144.9,-863.4,1.6449,149.4,-868.6,1.6371,0.0,0.0,0.0000,13.3,-15.5,-0.0309,-16.4,-12.2
9.9296,9.9264,3.2,0,144.9,-866.8,1.6403,149.4,-868.6,1.6371,0.0,0.0,0.0000,13.5,-5.3,-0.0129,-6.2,-13.1
9.9372,9.9349,2.3,0,144.3,-868.4,1.6313,149.4,-868.6,1.6371,0.0,0.0,0.0000,15.3,-0.5,0.0232,-1.4,-15.2
9.9451,9.9349,10.2,0,144.3,-868.4,1.6313,149.4,-868.6,1.6371,0.0,0.0,0.0000,15.3,-0.5,0.0232,-1.4,-15.2
9.9534,9.9432,10.1,0,144.1,-870.4,1.6405,149.4,-868.6,1.6371,0.0,0.0,0.0000,15.8,5.6,-0.0136,4.5,-16.2
9.9615,9.9518,9.6,0,143.9,-872.3,1.6431,149.4,-868.6,1.6371,0.0,0.0,0.0000,16.5,11.1,-0.0239,9.9,-17.2
9.9693,9.9603,9.0,0,144.2,-873.8,1.6343,149.4,-868.6,1.6371,0.0,0.0,0.0000,15.5,15.5,0.0112,14.5,-16.5
9.9767,9.9686,8.1,0,144.0,-874.9,1.6241,149.4,-868.6,1.6371,0.0,0.0,0.0000,16.1,19.1,0.0519,18.2,-17.1
9.9853,9.9771,8.2,0,143.8,-876.2,1.6329,149.4,-868.6,1.6371,0.0,0.0,0.0000,16.8,23.0,0.0168,21.9,-18.2
9.9928,9.9857,7.1,0,144.1,-877.6,1.6336,149.4,-868.6,1.6371,0.0,0.0,0.0000,15.7,27.0,0.0142,25.9,-17.4
10.0029,9.9939,9.0,0,143.8,-879.3,1.6428,149.4,-868.6,1.6371,0.0,0.0,0.0000,16.6,32.1,-0.0227,30.9,-18.9
10.0085,10.0024,6.1,0,143.8,-880.5,1.6361,149.4,-868.6,1.6371,0.0,0.0,0.0000,16.6,35.6,0.0040,34.5,-18.9
10.0173,10.0108,6.5,0,143.7,-881.2,1.6285,149.4,-868.6,1.6371,0.0,0.0,0.0000,16.9,37.8,0.0346,36.8,-19.1
10.0251,10.0196,5.5,0,143.6,-882.1,1.6346,149.4,-868.6,1.6371,0.0,0.0,0.0000,17.2,40.7,0.0099,39.5,-19.8
10.0326,10.0277,4.8,0,143.9,-882.2,1.6301,149.4,-868.6,1.6371,0.0,0.0,0.0000,16.5,40.7,0.0280,39.7,-18.9
10.0408,10.0362,4.6,0,143.9,-882.3,1.6303,149.4,-868.6,1.6371,0.0,0.0,0.0000,16.3,41.1,0.0272,40.0,-18.7
10.0490,10.0446,4.4,0,144.1,-882.6,1.6313,149.4,-868.6,1.6371,0.0,0.0,0.0000,15.8,42.2,0.0234,41.2,-18.3
10.0578,10.0533,4.5,0,144.2,-882.2,1.6300,149.4,-868.6,1.6371,0.0,0.0,0.0000,15.6,40.8,0.0285,39.8,-18.0
10.0649,10.0616,3.3,0,144.4,-882.2,1.6269,149.4,-868.6,1.6371,0.0,0.0,0.0000,15.0,40.8,0.0409,39.9,-17.3
10.0731,10.0700,3.1,0,144.8,-881.4,1.6422,149.4,-868.6,1.6371,0.0,0.0,0.0000,13.9,38.3,-0.0202,37.2,-16.6
10.0809,10.0784,2.5,0,145.1,-880.5,1.6434,149.4,-868.6,1.6371,0.0,0.0,0.0000,12.9,35.9,-0.0250,34.9,-15.5
10.0896,10.0784,11.1,0,145.1,-880.5,1.6434,149.4,-868.6,1.6371,0.0,0.0,0.0000,12.9,35.9,-0.0250,34.9,-15.5
10.0972,10.0869,10.3,0,145.4,-880.5,1.6443,149.4,-868.6,1.6371,0.0,0.0,0.0000,12.1,35.7,-0.0289,34.7,-14.7
10.1052,10.0954,9.8,0,145.5,-879.5,1.6444,149.4,-868.6,1.6371,0.0,0.0,0.0000,11.6,32.7,-0.0291,31.8,-14.0
10.1131,10.1038,9.3,0,145.8,-878.9,1.6457,149.4,-868.6,1.6371,0.0,0.0,0.0000,10.7,30.9,-0.0341,30.0,-13.0
10.1211,10.1122,8.9,0,145.4,-878.0,1.6458,149.4,-868.6,1.6371,0.0,0.0,0.0000,11.8,28.3,-0.0348,27.4,-13.9
10.1294,10.1208,8.7,0,145.7,-877.5,1.6556,149.4,-868.6,1.6371,0.0,0.0,0.0000,11.2,26.6,-0.0738,25.6,-13.4
10.1375,10.1291,8.3,0,146.3,-875.9,1.6511,149.4,-868.6,1.6371,0.0,0.0,0.0000,9.2,22.0,-0.0558,21.2,-10.9
10.1455,10.1376,7.9,0,146.3,-874.5,1.6430,149.4,-868.6,1.6371,0.0,0.0,0.0000,9.3,17.8,-0.0234,17.1,-10.6
10.1528,10.1460,6.8,0,146.7,-873.4,1.6458,149.4,-868.6,1.6371,0.0,0.0,0.0000,8.0,14.5,-0.0349,13.9,-9.1
10.1607,10.1546,6.2,0,147.1,-873.0,1.6475,149.4,-868.6,1.6371,0.0,0.0,0.0000,6.8,13.4,-0.0416,12.8,-7.8
10.1686,10.1629,5.7,0,147.5,-871.7,1.6503,149.4,-868.6,1.6371,0.0,0.0,0.0000,5.6,9.3,-0.0525,8.8,-6.3
10.1773,10.1714,5.9,0,148.0,-870.4,1.6507,149.4,-868.6,1.6371,0.0,0.0,0.0000,4.3,5.4,-0.0543,5.1,-4.7
10.1852,10.1798,5.4,0,148.0,-869.1,1.6525,149.4,-868.6,1.6371,0.0,0.0,0.0000,4.1,1.5,-0.0616,1.2,-4.3
10.1935,10.1884,5.1,0,148.4,-868.2,1.6460,149.4,-868.6,1.6371,0.0,0.0,0.0000,3.0,-1.1,-0.0354,-1.3,-2.9
10.2014,10.1967,4.7,0,149.3,-867.3,1.6430,149.4,-868.6,1.6371,0.0,0.0,0.0000,0.1,-3.7,-0.0236,-3.7,0.2
10.2085,10.2052,3.3,0,150.2,-866.7,1.6438,149.4,-868.6,1.6371,0.0,0.0,0.0000,-2.4,-5.5,-0.0269,-5.3,2.8
10.2167,10.2136,3.1,0,150.3,-865.1,1.6485,149.4,-868.6,1.6371,0.0,0.0,0.0000,-2.7,-10.5,-0.0454,-10.2,3.5
10.2245,10.2221,2.4,0,151.1,-864.9,1.6557,149.4,-868.6,1.6371,0.0,0.0,0.0000,-5.1,-10.9,-0.0744,-10.4,6.0
10.2329,10.2305,2.4,0,151.4,-863.8,1.6464,149.4,-868.6,1.6371,0.0,0.0,0.0000,-5.9,-14.4,-0.0371,-13.9,7.0
10.2406,10.2305,10.0,0,151.4,-863.8,1.6464,149.4,-868.6,1.6371,0.0,0.0,0.0000,-5.9,-14.4,-0.0371,-13.9,7.0
10.2491,10.2390,10.1,0,151.6,-863.4,1.6489,149.4,-868.6,1.6371,0.0,0.0,0.0000,-6.7,-15.4,-0.0472,-14.9,7.9
10.2576,10.2474,10.2,0,151.6,-863.1,1.6462,149.4,-868.6,1.6371,0.0,0.0,0.0000,-6.7,-16.3,-0.0364,-15.7,7.9
10.2647,10.2559,8.8,0,151.8,-862.6,1.6421,149.4,-868.6,1.6371,0.0,0.0,0.0000,-7.3,-17.9,-0.0201,-17.4,8.6
10.2731,10.2643,8.7,0,153.1,-861.7,1.6603,149.4,-868.6,1.6371,0.0,0.0,0.0000,-11.1,-20.8,-0.0927,-19.7,12.9
10.2813,10.2728,8.5,0,153.3,-861.8,1.6525,149.4,-868.6,1.6371,0.0,0.0,0.0000,-11.8,-20.4,-0.0617,-19.4,13.4
10.2885,10.2812,7.3,0,152.9,-861.5,1.6500,149.4,-868.6,1.6371,0.0,0.0,0.0000,-10.4,-21.3,-0.0516,-20.4,12.1
10.2971,10.2897,7.4,0,153.3,-861.1,1.6430,149.4,-868.6,1.6371,0.0,0.0,0.0000,-11.7,-22.3,-0.0237,-21.4,13.3
10.3049,10.2981,6.8,0,153.3,-861.5,1.6585,149.4,-868.6,1.6371,0.0,0.0,0.0000,-11.8,-21.2,-0.0854,-20.1,13.6
10.3135,10.3065,7.0,0,153.2,-861.2,1.6472,149.4,-868.6,1.6371,0.0,0.0,0.0000,-11.4,-22.1,-0.0403,-21.1,13.0
10.3205,10.3150,5.5,0,153.6,-861.7,1.6480,149.4,-868.6,1.6371,0.0,0.0,0.0000,-12.5,-20.6,-0.0435,-19.6,14.1
10.3290,10.3234,5.6,0,152.8,-861.3,1.6459,149.4,-868.6,1.6371,0.0,0.0,0.0000,-10.3,-21.7,-0.0351,-20.9,11.9
10.3376,10.3319,5.7,0,152.8,-862.4,1.6449,149.4,-868.6,1.6371,0.0,0.0,0.0000,-10.3,-18.6,-0.0312,-17.8,11.7
10.3448,10.3403,4.5,0,152.4,-862.9,1.6434,149.4,-868.6,1.6371,0.0,0.0,0.0000,-9.2,-17.2,-0.0250,-16.5,10.4
10.3531,10.3488,4.3,0,152.7,-863.8,1.6575,149.4,-868.6,1.6371,0.0,0.0,0.0000,-9.9,-14.4,-0.0815,-13.5,11.1
10.3610,10.3572,3.8,0,152.0,-863.8,1.6448,149.4,-868.6,1.6371,0.0,0.0,0.0000,-7.9,-14.4,-0.0308,-13.8,8.9
10.3691,10.3657,3.4,0,152.1,-864.2,1.6474,149.4,-868.6,1.6371,0.0,0.0,0.0000,-8.3,-13.2,-0.0412,-12.5,9.3
10.3772,10.3742,3.0,0,151.8,-865.5,1.6439,149.4,-868.6,1.6371,0.0,0.0,0.0000,-7.4,-9.1,-0.0271,-8.6,8.0
10.3849,10.3826,2.3,0,151.6,-866.2,1.6364,149.4,-868.6,1.6371,0.0,0.0,0.0000,-6.7,-7.1,0.0027,-6.6,7.2
10.3933,10.3910,2.3,0,151.1,-866.6,1.6404,149.4,-868.6,1.6371,0.0,0.0,0.0000,-5.1,-5.9,-0.0130,-5.6,5.5
10.4007,10.3910,9.7,0,151.1,-866.6,1.6404,149.4,-868.6,1.6371,0.0,0.0,0.0000,-5.1,-5.9,-0.0130,-5.6,5.5
10.4096,10.3995,10.1,0,151.0,-867.2,1.6415,149.4,-868.6,1.6371,0.0,0.0,0.0000,-4.8,-4.1,-0.0174,-3.7,5.1
10.4171,10.4080,9.2,0,150.4,-867.9,1.6336,149.4,-868.6,1.6371,0.0,0.0,0.0000,-2.9,-2.1,0.0142,-1.9,3.0
10.4253,10.4164,8.9,0,150.2,-868.0,1.6387,149.4,-868.6,1.6371,0.0,0.0,0.0000,-2.4,-1.8,-0.0063,-1.6,2.5
10.4335,10.4249,8.6,0,149.4,-868.3,1.6362,149.4,-868.6,1.6371,0.0,0.0,0.0000,0.1,-0.8,0.0037,-0.8,-0.0
10.4410,10.4334,7.5,0,149.0,-868.8,1.6418,149.4,-868.6,1.6371,0.0,0.0,0.0000,1.3,0.7,-0.0186,0.6,-1.3
10.4491,10.4417,7.4,0,149.4,-870.0,1.6449,149.4,-868.6,1.6371,0.0,0.0,0.0000,-0.1,4.2,-0.0313,4.2,-0.2
10.4568,10.4502,6.5,0,148.7,-869.9,1.6473,149.4,-868.6,1.6371,0.0,0.0,0.0000,2.0,4.1,-0.0409,3.9,-2.3
10.4652,10.4587,6.5,0,148.6,-870.3,1.6409,149.4,-868.6,1.6371,0.0,0.0,0.0000,2.3,5.2,-0.0150,5.0,-2.7
10.4728,10.4671,5.7,0,148.3,-870.7,1.6460,149.4,-868.6,1.6371,0.0,0.0,0.0000,3.1,6.5,-0.0356,6.2,-3.6
10.4809,10.4755,5.3,0,148.4,-871.2,1.6497,149.4,-868.6,1.6371,0.0,0.0,0.0000,2.9,7.8,-0.0504,7.5,-3.5
10.4888,10.4840,4.8,0,148.2,-871.5,1.6437,149.4,-868.6,1.6371,0.0,0.0,0.0000,3.6,8.9,-0.0262,8.6,-4.2
10.4966,10.4924,4.2,0,148.0,-871.5,1.6422,149.4,-868.6,1.6371,0.0,0.0,0.0000,4.2,8.7,-0.0202,8.4,-4.8
10.5051,10.5009,4.3,0,148.2,-872.4,1.6455,149.4,-868.6,1.6371,0.0,0.0,0.0000,3.6,11.4,-0.0333,11.1,-4.4
10.5135,10.5094,4.2,0,148.2,-872.0,1.6415,149.4,-868.6,1.6371,0.0,0.0,0.0000,3.6,10.4,-0.0175,10.1,-4.3
10.5213,10.5178,3.5,0,148.3,-872.4,1.6439,149.4,-868.6,1.6371,0.0,0.0,0.0000,3.2,11.5,-0.0272,11.2,-4.0
10.5292,10.5262,3.0,0,148.1,-872.8,1.6433,149.4,-868.6,1.6371,0.0,0.0,0.0000,3.9,12.6,-0.0247,12.3,-4.8
10.5367,10.5347,2.0,0,148.5,-872.4,1.6428,149.4,-868.6,1.6371,0.0,0.0,0.0000,2.8,11.6,-0.0225,11.4,-3.6
10.5451,10.5432,1.9,0,148.2,-872.4,1.6441,149.4,-868.6,1.6371,0.0,0.0,0.0000,3.6,11.5,-0.0279,11.2,-4.4
10.5534,10.5432,10.3,0,148.2,-872.4,1.6441,149.4,-868.6,1.6371,0.0,0.0,0.0000,3.6,11.5,-0.0279,11.2,-4.4
10.5614,10.5516,9.8,0,148.1,-872.6,1.6426,149.4,-868.6,1.6371,0.0,0.0,0.0000,3.8,12.0,-0.0220,11.7,-4.6
10.5693,10.5600,9.3,0,148.1,-872.3,1.6486,149.4,-868.6,1.6371,0.0,0.0,0.0000,3.7,11.3,-0.0458,11.0,-4.6
10.5774,10.5685,8.9,0,148.5,-872.2,1.6492,149.4,-868.6,1.6371,0.0,0.0,0.0000,2.7,10.9,-0.0482,10.6,-3.6
10.5852,10.5770,8.2,0,148.3,-871.8,1.6466,149.4,-868.6,1.6371,0.0,0.0,0.0000,3.1,9.6,-0.0378,9.3,-3.9
10.5931,10.5854,7.7,0,148.3,-872.2,1.6480,149.4,-868.6,1.6371,0.0,0.0,0.0000,3.3,10.9,-0.0434,10.7,-4.2
10.6014,10.5939,7.5,0,148.5,-871.3,1.6471,149.4,-868.6,1.6371,0.0,0.0,0.0000,2.5,8.1,-0.0400,7.9,-3.1
10.6087,10.6024,6.3,0,148.5,-871.2,1.6490,149.4,-868.6,1.6371,0.0,0.0,0.0000,2.7,7.9,-0.0474,7.6,-3.3
10.6170,10.6113,5.7,0,148.4,-871.0,1.6493,149.4,-868.6,1.6371,0.0,0.0,0.0000,2.8,7.2,-0.0486,7.0,-3.4
