t_s,tv_s,vision_age_ms,held,pose_x_mm,pose_y_mm,pose_theta_rad,ref_x_mm,ref_y_mm,ref_theta_rad,ref_vx_mm_s,ref_vy_mm_s,ref_omega_rad_s,cmd_world_vx_mm_s,cmd_world_vy_mm_s,cmd_omega_rad_s,cmd_body_vx_mm_s,cmd_body_vy_mm_s,near_goal,pred_x_mm,pred_y_mm,pred_theta_rad,wheel_fl_rad_s,wheel_bl_rad_s,wheel_br_rad_s,wheel_fr_rad_s
-0.2925,-0.2998,7.3,0,-175.4,14.4,-3.0664,-175.4,14.6,-3.0604,0.0,0.0,0.0000,0.1,0.6,0.0242,-0.1,-0.5,0,0.0,0.0,0.0000,0.15,0.24,-0.09,-0.07
-0.2848,-0.2921,7.3,0,-175.4,14.6,-3.0602,-175.4,14.6,-3.0604,0.0,0.0,0.0000,-0.0,0.1,-0.0007,0.0,-0.1,0,0.0,0.0,0.0000,0.00,-0.43,0.11,-0.28
-0.2774,-0.2817,4.3,0,-175.0,14.6,-3.0619,-175.4,14.6,-3.0604,0.0,0.0,0.0000,-1.1,-0.1,0.0061,1.1,0.1,0,0.0,0.0,0.0000,-0.12,-0.14,0.04,-0.12
-0.2692,-0.2744,5.2,0,-175.3,14.6,-3.0621,-175.4,14.6,-3.0604,0.0,0.0,0.0000,-0.1,-0.0,0.0067,0.1,0.0,0,0.0,0.0,0.0000,0.33,-0.29,-0.12,0.00
-0.2611,-0.2665,5.3,0,-175.2,14.6,-3.0623,-175.4,14.6,-3.0604,0.0,0.0,0.0000,-0.6,0.0,0.0076,0.6,-0.1,0,0.0,0.0,0.0000,-0.30,0.12,0.00,-0.09
-0.2525,-0.2567,4.2,0,-175.3,14.6,-3.0645,-175.4,14.6,-3.0604,0.0,0.0,0.0000,-0.3,0.0,0.0166,0.3,-0.1,0,0.0,0.0,0.0000,0.14,0.29,0.19,-0.10
-0.2450,-0.2492,4.2,0,-175.4,14.6,-3.0635,-175.4,14.6,-3.0604,0.0,0.0,0.0000,0.2,-0.1,0.0126,-0.2,0.1,0,0.0,0.0,0.0000,-0.44,-0.01,-0.12,0.16
-0.2374,-0.2406,3.2,0,-175.2,14.5,-3.0650,-175.4,14.6,-3.0604,0.0,0.0,0.0000,-0.5,0.2,0.0183,0.4,-0.3,0,0.0,0.0,0.0000,0.24,0.05,0.32,0.37
-0.2287,-0.2319,3.2,0,-175.0,14.4,-3.0634,-175.4,14.6,-3.0604,0.0,0.0,0.0000,-1.0,0.6,0.0122,0.9,-0.6,0,0.0,0.0,0.0000,0.60,0.02,-0.37,-0.09
-0.2211,-0.2234,2.3,0,-175.2,14.8,-3.0606,-175.4,14.6,-3.0604,0.0,0.0,0.0000,-0.5,-0.5,0.0011,0.6,0.4,0,0.0,0.0,0.0000,-0.39,-0.28,0.02,0.13
-0.2128,-0.2151,2.3,0,-175.2,14.4,-3.0599,-175.4,14.6,-3.0604,0.0,0.0,0.0000,-0.4,0.5,-0.0018,0.3,-0.6,0,0.0,0.0,0.0000,-0.13,-0.28,-0.57,0.04
-0.2053,-0.2065,1.2,0,-175.4,14.5,-3.0600,-175.4,14.6,-3.0604,0.0,0.0,0.0000,-0.0,0.2,-0.0014,-0.0,-0.2,0,0.0,0.0,0.0000,0.26,-0.08,-0.25,-0.06
-0.1966,-0.1980,1.4,0,-175.0,14.7,-3.0628,-175.4,14.6,-3.0604,0.0,0.0,0.0000,-1.1,-0.2,0.0096,1.1,0.2,0,0.0,0.0,0.0000,-0.32,0.29,0.22,-0.16
-0.1894,-0.1895,0.1,0,-175.2,14.6,-3.0604,-175.4,14.6,-3.0604,0.0,0.0,0.0000,-0.4,0.0,0.0001,0.4,-0.1,0,0.0,0.0,0.0000,-0.64,0.38,0.48,0.07
-0.1813,-0.1814,0.1,0,-175.1,14.6,-3.0621,-175.4,14.6,-3.0604,0.0,0.0,0.0000,-0.9,-0.0,0.0070,0.9,-0.1,0,0.0,0.0,0.0000,-0.31,-0.04,0.13,0.00
-0.1727,-0.1728,0.1,0,-175.1,14.6,-3.0658,-175.4,14.6,-3.0604,0.0,0.0,0.0000,-0.7,-0.2,0.0219,0.7,0.1,0,0.0,0.0,0.0000,0.23,-0.32,0.10,-0.10
-0.1646,-0.1728,8.1,0,-175.1,14.6,-3.0658,-175.4,14.6,-3.0604,0.0,0.0,0.0000,-0.7,-0.2,0.0219,0.7,0.1,0,0.0,0.0,0.0000,0.15,0.00,-0.08,-0.37
-0.1569,-0.1633,6.4,0,-175.3,14.6,-3.0605,-175.4,14.6,-3.0604,0.0,0.0,0.0000,-0.1,-0.1,0.0004,0.1,0.1,0,0.0,0.0,0.0000,0.02,-0.27,0.04,0.17
-0.1494,-0.1558,6.4,0,-175.3,14.3,-3.0603,-175.4,14.6,-3.0604,0.0,0.0,0.0000,-0.3,0.8,-0.0002,0.2,-0.8,0,0.0,0.0,0.0000,0.34,0.00,-0.01,0.19
-0.1405,-0.1473,6.7,0,-175.2,14.6,-3.0615,-175.4,14.6,-3.0604,0.0,0.0,0.0000,-0.4,-0.1,0.0046,0.4,0.1,0,0.0,0.0,0.0000,-0.35,0.13,-0.04,0.32
-0.1329,-0.1385,5.6,0,-175.0,14.3,-3.0642,-175.4,14.6,-3.0604,0.0,0.0,0.0000,-1.0,1.0,0.0153,0.9,-1.0,0,0.0,0.0,0.0000,0.20,0.19,0.09,-0.11
-0.1252,-0.1306,5.3,0,-175.0,14.5,-3.0634,-175.4,14.6,-3.0604,0.0,0.0,0.0000,-1.0,0.1,0.0122,1.0,-0.2,0,0.0,0.0,0.0000,-0.45,-0.16,-0.09,-0.30
-0.1167,-0.1216,4.8,0,-175.1,14.5,-3.0616,-175.4,14.6,-3.0604,0.0,0.0,0.0000,-0.9,0.2,0.0047,0.9,-0.2,0,0.0,0.0,0.0000,0.16,0.45,0.00,0.02
-0.1090,-0.1136,4.6,0,-175.1,14.5,-3.0635,-175.4,14.6,-3.0604,0.0,0.0,0.0000,-0.9,0.4,0.0124,0.8,-0.4,0,0.0,0.0,0.0000,0.21,0.17,-0.16,-0.03
-0.1006,-0.1049,4.4,0,-175.1,14.5,-3.0614,-175.4,14.6,-3.0604,0.0,0.0,0.0000,-0.8,0.3,0.0042,0.8,-0.3,0,0.0,0.0,0.0000,0.10,-0.43,0.27,0.04
-0.0933,-0.0967,3.4,0,-175.1,14.5,-3.0656,-175.4,14.6,-3.0604,0.0,0.0,0.0000,-0.9,0.1,0.0210,0.8,-0.2,0,0.0,0.0,0.0000,0.04,-0.06,0.41,0.01
-0.0843,-0.0881,3.8,0,-175.2,14.6,-3.0650,-175.4,14.6,-3.0604,0.0,0.0,0.0000,-8.0,-0.7,0.0186,8.1,0.1,0,0.0,0.0,0.0000,-0.28,-0.02,-0.06,0.04
-0.0773,-0.0796,2.4,0,-175.1,14.7,-3.0612,-175.4,14.6,-3.0604,0.0,0.0,0.0000,-6.9,-0.8,0.0034,6.9,0.3,0,0.0,0.0,0.0000,0.02,0.10,0.26,0.00
-0.0688,-0.0714,2.6,0,-175.2,14.6,-3.0607,-175.4,14.6,-3.0604,0.0,0.0,0.0000,-16.5,-1.4,0.0014,16.6,0.0,0,0.0,0.0,0.0000,-0.15,-0.05,-0.12,0.04
-0.0612,-0.0626,1.4,0,-175.2,14.6,-3.0626,-175.4,14.6,-3.0604,0.0,0.0,0.0000,-24.0,-2.0,0.0088,24.1,0.1,0,0.0,0.0,0.0000,0.05,0.26,-0.02,-0.01
-0.0532,-0.0545,1.3,0,-175.2,14.2,-3.0636,-175.4,14.6,-3.0604,0.0,0.0,0.0000,-32.0,-1.8,0.0129,32.1,-0.7,0,0.0,0.0,0.0000,0.19,0.00,-0.27,0.15
-0.0447,-0.0460,1.2,0,-175.0,14.6,-3.0649,-175.4,14.6,-3.0604,0.0,0.0,0.0000,-41.0,-4.1,0.0182,41.2,1.0,0,0.0,0.0,0.0000,-0.17,0.17,0.06,-0.28
-0.0367,-0.0460,9.2,0,-175.0,14.6,-3.0649,-175.4,14.6,-3.0604,0.0,0.0,0.0000,-49.1,-4.7,0.0182,49.4,0.9,0,0.0,0.0,0.0000,0.05,-0.24,0.17,-0.25
-0.0290,-0.0292,0.1,0,-174.9,14.4,-3.0650,-175.4,14.6,-3.0604,0.0,0.0,0.0000,-57.4,-4.7,0.0184,57.6,0.3,0,0.0,0.0,0.0000,0.20,0.11,-0.05,-0.01
-0.0204,-0.0205,0.1,0,-175.1,14.7,-3.0645,-175.4,14.6,-3.0604,0.0,0.0,0.0000,-65.2,-6.1,0.0164,65.4,1.0,0,0.0,0.0,0.0000,0.02,0.12,-0.10,0.18
-0.0126,-0.0205,8.0,0,-175.1,14.7,-3.0645,-175.4,14.6,-3.0604,0.0,0.0,0.0000,-72.8,-6.7,0.0164,73.1,1.1,0,0.0,0.0,0.0000,-1.04,-0.37,0.18,0.27
-0.0043,-0.0121,7.9,0,-175.2,14.7,-3.0616,-175.4,14.6,-3.0604,0.0,0.0,0.0000,-81.1,-7.4,0.0048,81.4,0.9,0,0.0,0.0,0.0000,-0.22,-0.46,0.44,0.16
0.0030,-0.0036,6.6,0,-175.3,14.5,-3.0622,-175.4,14.6,-3.0604,0.0,0.0,0.0000,-88.0,-7.3,0.0074,88.3,0.3,0,0.0,0.0,0.0000,-0.12,-0.22,0.47,0.16
0.0115,0.0047,6.7,0,-175.3,14.6,-3.0592,-175.4,14.6,-3.0604,-5.5,-0.5,-0.0000,-96.2,-9.0,-0.0046,96.7,1.1,0,0.0,0.0,0.0000,-0.57,-0.52,0.35,0.81
0.0194,0.0129,6.4,0,-175.6,14.7,-3.0584,-175.4,14.6,-3.0604,-10.7,-0.9,0.0000,-103.3,-10.7,-0.0078,103.8,2.1,0,0.0,0.0,0.0000,-0.21,-0.79,0.34,0.54
0.0271,0.0216,5.5,0,-175.8,14.5,-3.0584,-175.6,14.6,-3.0604,-21.2,-1.6,-0.0000,-111.3,-11.5,-0.0078,111.8,2.3,0,0.0,0.0,0.0000,-0.74,-0.43,-0.05,0.40
0.0356,0.0300,5.6,0,-175.9,14.3,-3.0619,-175.8,14.6,-3.0604,-29.7,-2.6,0.0000,-120.3,-12.4,0.0060,120.9,2.7,0,0.0,0.0,0.0000,-1.07,-0.31,0.49,0.67
0.0433,0.0387,4.6,0,-176.1,14.5,-3.0591,-176.1,14.5,-3.0604,-38.5,-3.8,0.0000,-128.4,-13.9,-0.0049,129.1,3.3,0,0.0,0.0,0.0000,-0.80,-1.04,0.92,0.68
0.0506,0.0471,3.4,0,-176.6,14.5,-3.0678,-176.5,14.5,-3.0604,-47.0,-4.5,0.0000,-135.4,-14.5,0.0297,136.1,4.5,0,0.0,0.0,0.0000,-1.40,-0.93,0.39,0.52
0.0588,0.0554,3.4,0,-176.5,14.5,-3.0583,-176.9,14.4,-3.0604,-55.5,-5.1,-0.0000,-144.9,-16.8,-0.0084,145.8,4.6,0,0.0,0.0,0.0000,-0.86,-1.03,0.52,0.95
0.0670,0.0554,11.6,0,-176.5,14.5,-3.0583,-176.9,14.4,-3.0604,-55.5,-5.1,-0.0000,-154.3,-19.0,-0.0084,155.3,6.1,0,0.0,0.0,0.0000,-1.45,-1.37,0.52,1.09
0.0746,0.0724,2.2,0,-176.8,14.3,-3.0659,-178.0,14.4,-3.0604,-72.0,-6.5,-0.0000,-162.1,-19.7,0.0220,163.2,7.4,0,0.0,0.0,0.0000,-1.71,-1.92,0.73,0.67
0.0835,0.0811,2.4,0,-177.7,14.2,-3.0778,-178.6,14.3,-3.0604,-80.8,-7.1,0.0000,-170.2,-20.7,0.0696,171.2,9.8,0,0.0,0.0,0.0000,-1.79,-1.58,0.42,0.97
0.0914,0.0899,1.4,0,-178.1,14.5,-3.0812,-179.4,14.2,-3.0604,-89.8,-7.9,0.0000,-179.0,-24.7,0.0833,180.2,13.8,0,0.0,0.0,0.0000,-1.97,-1.05,0.42,1.39
0.0991,0.0979,1.2,0,-178.3,14.0,-3.0821,-180.1,14.2,-3.0604,-97.3,-9.3,-0.0000,-188.3,-26.1,0.0871,189.5,14.8,0,0.0,0.0,0.0000,-2.08,-1.68,1.08,1.31
0.1072,0.1060,1.2,0,-178.7,14.1,-3.0791,-180.9,14.1,-3.0604,-105.1,-10.6,-0.0000,-197.2,-27.9,0.0751,198.6,15.5,0,0.0,0.0,0.0000,-2.06,-2.24,1.54,1.68
0.1148,0.1147,0.1,0,-179.7,14.1,-3.0844,-181.9,14.0,-3.0604,-114.0,-12.1,0.0000,-203.8,-29.4,0.0962,205.2,17.7,0,0.0,0.0,0.0000,-2.05,-1.76,1.71,2.09
0.1227,0.1147,8.0,0,-179.7,14.1,-3.0844,-181.9,14.0,-3.0604,-114.0,-12.1,0.0000,-214.6,-32.0,0.0962,216.0,19.7,0,0.0,0.0,0.0000,-2.48,-1.61,1.93,2.29
0.1308,0.1230,7.8,0,-180.6,13.9,-3.0739,-182.9,13.9,-3.0604,-122.4,-13.3,-0.0000,-223.4,-33.7,0.0540,225.1,18.5,0,0.0,0.0,0.0000,-2.49,-2.13,2.55,2.87
0.1392,0.1314,7.9,0,-180.8,14.0,-3.0737,-183.9,13.8,-3.0604,-130.9,-14.0,-0.0000,-234.1,-37.9,0.0533,236.2,21.9,0,0.0,0.0,0.0000,-3.00,-2.31,2.72,3.27
0.1478,0.1400,7.8,0,-181.8,14.1,-3.0659,-185.1,13.6,-3.0604,-139.5,-15.4,0.0000,-242.9,-42.1,0.0220,245.4,23.6,0,0.0,0.0,0.0000,-2.91,-2.54,3.00,3.89
0.1549,0.1484,6.5,0,-182.5,14.0,-3.0616,-186.3,13.5,-3.0604,-147.4,-17.9,0.0000,-250.3,-44.6,0.0049,253.1,24.4,0,0.0,0.0,0.0000,-2.70,-1.95,3.67,3.87
0.1633,0.1568,6.6,0,-184.0,13.7,-3.0773,-187.6,13.3,-3.0604,-155.4,-19.5,0.0000,-257.3,-47.0,0.0678,259.8,30.4,0,0.0,0.0,0.0000,-3.65,-2.50,3.65,4.92
0.1714,0.1654,6.0,0,-185.4,13.6,-3.0747,-189.0,13.2,-3.0604,-163.8,-20.2,0.0000,-265.2,-50.4,0.0571,268.0,32.6,0,0.0,0.0,0.0000,-4.03,-3.00,3.65,4.92
0.1791,0.1738,5.3,0,-186.5,13.7,-3.0705,-190.4,13.0,-3.0604,-172.1,-22.6,0.0000,-273.8,-54.5,0.0403,277.0,34.9,0,0.0,0.0,0.0000,-4.21,-3.26,4.29,5.34
0.1867,0.1821,4.6,0,-187.7,13.8,-3.0629,-191.8,12.8,-3.0604,-180.4,-25.8,-0.0000,-281.2,-58.6,0.0101,284.9,36.4,0,0.0,0.0,0.0000,-4.19,-3.87,5.52,5.91
0.1954,0.1907,4.7,0,-189.2,13.8,-3.0529,-193.4,12.6,-3.0604,-188.8,-27.6,-0.0000,-289.5,-62.8,-0.0300,294.0,36.9,0,0.0,0.0,0.0000,-4.86,-4.40,4.96,6.35
0.2031,0.1992,3.9,0,-190.1,13.2,-3.0520,-195.1,12.3,-3.0604,-196.8,-28.9,0.0000,-298.2,-65.8,-0.0337,302.9,38.8,0,0.0,0.0,0.0000,-5.55,-4.36,5.40,6.94
0.2110,0.2074,3.6,0,-191.9,13.6,-3.0702,-196.7,12.1,-3.0604,-205.0,-31.3,-0.0000,-304.8,-71.6,0.0393,309.1,49.6,0,0.0,0.0,0.0000,-6.11,-5.02,5.83,7.79
0.2186,0.2161,2.6,0,-194.2,13.1,-3.0578,-198.5,11.8,-3.0604,-213.8,-33.5,0.0000,-309.7,-75.2,-0.0101,314.9,49.0,0,0.0,0.0,0.0000,-7.29,-5.62,6.04,8.39
0.2273,0.2248,2.5,0,-196.0,12.7,-3.0497,-200.4,11.5,-3.0604,-221.9,-37.1,0.0000,-318.4,-79.6,-0.0427,324.3,50.0,0,0.0,0.0,0.0000,-7.09,-5.58,6.27,9.28
0.2351,0.2327,2.3,0,-197.9,12.8,-3.0568,-202.2,11.2,-3.0604,-229.5,-40.3,0.0000,-324.5,-84.9,-0.0144,330.6,57.1,0,0.0,0.0,0.0000,-7.12,-6.11,6.68,9.59
0.2435,0.2412,2.3,0,-200.7,12.3,-3.0565,-204.2,10.8,-3.0604,-237.1,-43.1,0.0000,-329.3,-89.0,-0.0153,335.7,60.7,0,0.0,0.0,0.0000,-7.40,-7.40,6.98,9.18
0.2511,0.2497,1.4,0,-203.1,12.2,-3.0513,-206.2,10.4,-3.0604,-244.9,-46.1,0.0000,-334.3,-94.9,-0.0364,341.5,64.4,0,0.0,0.0,0.0000,-8.13,-7.83,7.08,9.95
0.2595,0.2582,1.3,0,-204.8,11.5,-3.0566,-208.4,10.0,-3.0604,-253.5,-49.5,-0.0000,-342.9,-99.5,-0.0151,350.1,70.1,0,0.0,0.0,0.0000,-8.55,-7.48,7.19,10.12
0.2673,0.2649,2.4,0,-208.1,11.6,-3.0520,-210.1,9.7,-3.0604,-260.1,-52.1,0.0000,-345.6,-106.6,-0.0336,353.8,75.2,0,0.0,0.0,0.0000,-8.74,-7.66,7.99,10.77
0.2753,0.2751,0.2,0,-210.3,10.5,-3.0469,-212.8,9.1,-3.0604,-269.3,-56.4,0.0000,-352.5,-110.1,-0.0538,361.4,76.2,0,0.0,0.0,0.0000,-10.57,-8.14,7.70,10.35
0.2829,0.2751,7.7,0,-210.3,10.5,-3.0469,-212.8,9.1,-3.0604,-269.3,-56.4,0.0000,-364.7,-116.6,-0.0538,374.1,81.6,0,0.0,0.0,0.0000,-10.34,-6.16,7.53,10.95
0.2910,0.2835,7.6,0,-213.2,10.2,-3.0463,-215.1,8.7,-3.0604,-276.8,-60.2,0.0000,-369.4,-122.7,-0.0565,379.4,87.0,0,0.0,0.0,0.0000,-10.55,-4.78,7.86,11.33
0.2991,0.2923,6.8,0,-216.3,9.1,-3.0436,-217.6,8.1,-3.0604,-284.7,-64.8,0.0000,-373.4,-127.6,-0.0671,384.1,90.5,0,0.0,0.0,0.0000,-10.18,-7.77,8.24,11.54
0.3071,0.3006,6.5,0,-218.9,8.9,-3.0529,-219.9,7.5,-3.0604,-292.3,-69.1,0.0000,-380.1,-134.9,-0.0299,390.5,100.7,0,0.0,0.0,0.0000,-11.00,-9.39,8.51,12.45
0.3157,0.3095,6.2,0,-222.7,8.5,-3.0492,-222.6,6.9,-3.0604,-300.9,-74.1,0.0000,-378.0,-141.7,-0.0448,389.5,106.2,0,0.0,0.0,0.0000,-11.18,-10.88,8.64,12.08
0.3232,0.3174,5.8,0,-224.7,8.1,-3.0521,-225.0,6.3,-3.0604,-307.8,-78.4,0.0000,-381.4,-148.1,-0.0330,393.1,113.4,0,0.0,0.0,0.0000,-11.30,-10.85,8.72,9.46
0.3315,0.3260,5.5,0,-228.9,7.8,-3.0508,-227.7,5.6,-3.0604,-314.9,-82.7,0.0000,-374.4,-153.1,-0.0381,386.8,118.5,0,0.0,0.0,0.0000,-11.35,-11.49,9.51,9.68
0.3385,0.3342,4.4,0,-231.2,6.8,-3.0456,-230.3,4.9,-3.0604,-322.2,-88.0,-0.0000,-373.3,-155.5,-0.0592,386.5,119.0,0,0.0,0.0,0.0000,-11.40,-11.33,9.52,12.17
0.3476,0.3427,4.9,0,-235.8,6.3,-3.0510,-233.0,4.1,-3.0604,-329.8,-93.7,-0.0000,-366.3,-160.5,-0.0376,379.3,126.7,0,0.0,0.0,0.0000,-12.66,-11.44,8.72,13.90
0.3556,0.3511,4.5,0,-238.1,5.4,-3.0366,-235.8,3.3,-3.0604,-336.9,-99.6,-0.0000,-365.4,-163.7,-0.0951,380.6,124.5,0,0.0,0.0,0.0000,-12.40,-11.80,8.27,14.80
0.3631,0.3597,3.4,0,-242.5,4.7,-3.0472,-238.8,2.4,-3.0604,-344.3,-105.6,-0.0000,-358.8,-167.8,-0.0527,373.1,133.2,0,0.0,0.0,0.0000,-11.19,-12.83,8.99,14.41
0.3711,0.3683,2.8,0,-245.1,3.2,-3.0496,-241.8,1.5,-3.0604,-351.2,-111.5,-0.0000,-357.7,-170.1,-0.0430,371.8,136.5,0,0.0,0.0,0.0000,-11.63,-12.67,8.89,14.20
0.3786,0.3753,3.3,0,-249.2,2.3,-3.0514,-244.2,0.7,-3.0604,-356.8,-116.2,-0.0000,-351.5,-173.4,-0.0357,365.7,141.1,0,0.0,0.0,0.0000,-11.13,-13.03,9.22,14.42
0.3874,0.3848,2.6,0,-252.4,1.5,-3.0494,-247.7,-0.4,-3.0604,-364.8,-123.7,0.0000,-349.6,-178.8,-0.0438,364.6,145.9,0,0.0,0.0,0.0000,-12.19,-13.08,8.81,13.74
0.3948,0.3934,1.4,0,-256.6,0.6,-3.0516,-250.8,-1.5,-3.0604,-371.8,-130.3,-0.0000,-343.7,-182.5,-0.0351,358.7,150.8,0,0.0,0.0,0.0000,-11.92,-14.15,9.28,14.84
0.4034,0.4021,1.2,0,-258.8,-0.7,-3.0473,-254.1,-2.7,-3.0604,-373.4,-137.0,0.0000,-345.3,-186.4,-0.0525,361.3,153.0,0,0.0,0.0,0.0000,-10.87,-15.40,8.76,16.08
0.4115,0.4103,1.2,0,-263.8,-1.5,-3.0450,-257.2,-3.8,-3.0604,-374.9,-142.6,-0.0000,-336.9,-190.9,-0.0613,353.7,157.5,0,0.0,0.0,0.0000,-10.88,-14.79,8.75,15.95
0.4188,0.4187,0.1,0,-267.1,-2.9,-3.0530,-260.3,-5.0,-3.0604,-372.6,-146.2,-0.0000,-333.2,-193.0,-0.0293,349.0,162.8,0,0.0,0.0,0.0000,-7.36,-14.78,8.14,15.36
0.4268,0.4187,8.1,0,-267.1,-2.9,-3.0530,-260.3,-5.0,-3.0604,-372.6,-146.2,-0.0000,-340.3,-200.6,-0.0293,356.8,169.7,0,0.0,0.0,0.0000,-9.27,-15.97,8.04,15.35
0.4350,0.4276,7.4,0,-271.1,-4.8,-3.0525,-263.6,-6.4,-3.0604,-371.0,-150.5,-0.0000,-335.7,-202.6,-0.0316,352.4,172.0,0,0.0,0.0,0.0000,-10.56,-15.74,7.55,16.04
0.4436,0.4356,8.0,0,-275.3,-5.7,-3.0591,-266.6,-7.6,-3.0604,-368.9,-153.9,0.0000,-329.7,-208.1,-0.0050,345.8,180.2,0,0.0,0.0,0.0000,-10.92,-16.42,7.40,16.06
0.4510,0.4441,6.9,0,-279.0,-6.2,-3.0664,-269.7,-8.9,-3.0604,-367.0,-157.9,0.0000,-324.2,-213.8,0.0241,339.3,188.8,0,0.0,0.0,0.0000,-10.77,-17.98,6.72,15.79
0.4593,0.4528,6.5,0,-283.2,-8.1,-3.0528,-272.9,-10.3,-3.0604,-365.5,-162.3,0.0000,-318.9,-215.5,-0.0303,336.8,186.3,0,0.0,0.0,0.0000,-10.38,-16.04,6.60,15.78
0.4676,0.4609,6.6,0,-286.3,-10.5,-3.0595,-275.8,-11.6,-3.0604,-363.7,-166.3,0.0000,-317.0,-216.0,-0.0036,333.6,189.3,0,0.0,0.0,0.0000,-10.67,-15.17,6.49,15.53
0.4747,0.4701,4.6,0,-290.3,-12.1,-3.0541,-279.2,-13.2,-3.0604,-361.4,-170.8,0.0000,-310.6,-218.0,-0.0249,328.5,190.0,0,0.0,0.0,0.0000,-10.22,-15.14,6.09,15.45
0.4830,0.4777,5.3,0,-294.1,-13.2,-3.0718,-281.9,-14.5,-3.0604,-359.8,-174.5,0.0000,-306.0,-222.8,0.0458,320.8,200.9,0,0.0,0.0,0.0000,-9.89,-16.01,6.43,15.64
0.4907,0.4862,4.5,0,-297.2,-15.4,-3.0510,-285.0,-16.0,-3.0604,-358.4,-178.9,0.0000,-302.0,-224.0,-0.0375,321.0,195.8,0,0.0,0.0,0.0000,-9.26,-16.51,6.05,15.55
0.4996,0.4950,4.6,0,-301.9,-17.6,-3.0568,-288.1,-17.6,-3.0604,-356.0,-182.8,-0.0000,-294.1,-226.7,-0.0144,312.3,200.9,0,0.0,0.0,0.0000,-8.95,-16.37,6.23,15.99
0.5068,0.5031,3.7,0,-305.0,-18.8,-3.0620,-291.0,-19.1,-3.0604,-353.7,-186.3,0.0000,-291.1,-230.4,0.0064,308.5,206.5,0,0.0,0.0,0.0000,-8.89,-15.87,5.38,16.17
0.5152,0.5117,3.6,0,-309.0,-19.7,-3.0597,-294.0,-20.7,-3.0604,-351.7,-190.5,0.0000,-286.2,-236.2,-0.0028,304.6,212.0,0,0.0,0.0,0.0000,-8.03,-16.62,4.94,15.95
0.5226,0.5201,2.5,0,-311.3,-21.8,-3.0573,-297.0,-22.3,-3.0604,-349.9,-194.7,-0.0000,-284.2,-236.8,-0.0122,303.1,212.1,0,0.0,0.0,0.0000,-8.17,-16.76,4.65,16.40
0.5313,0.5288,2.4,0,-315.5,-24.5,-3.0663,-300.0,-24.0,-3.0604,-346.9,-199.0,-0.0000,-277.7,-236.9,0.0239,294.8,215.3,0,0.0,0.0,0.0000,-7.53,-16.10,4.76,16.19
0.5395,0.5370,2.4,0,-318.4,-25.9,-3.0640,-302.8,-25.7,-3.0604,-344.3,-203.0,0.0000,-274.7,-241.8,0.0144,292.7,219.8,0,0.0,0.0,0.0000,-7.49,-16.31,4.66,15.22
0.5470,0.5455,1.4,0,-323.3,-28.5,-3.0703,-305.7,-27.4,-3.0604,-342.6,-206.3,0.0000,-265.0,-242.4,0.0398,281.6,222.9,0,0.0,0.0,0.0000,-7.62,-14.68,4.01,14.40
0.5554,0.5541,1.3,0,-325.8,-31.0,-3.0672,-308.7,-29.2,-3.0604,-340.6,-209.8,0.0000,-263.6,-243.5,0.0273,281.0,223.3,0,0.0,0.0,0.0000,-6.41,-15.03,2.77,15.07
0.5636,0.5624,1.2,0,-329.6,-32.6,-3.0673,-311.5,-31.0,-3.0604,-338.4,-213.6,0.0000,-257.9,-247.2,0.0279,275.5,227.4,0,0.0,0.0,0.0000,-6.75,-16.39,2.00,15.08
0.5706,0.5624,8.2,0,-329.6,-32.6,-3.0673,-311.5,-31.0,-3.0604,-338.4,-213.6,0.0000,-262.8,-254.6,0.0279,280.9,234.4,0,0.0,0.0,0.0000,-6.73,-15.53,3.03,15.70
0.5788,0.5712,7.6,0,-332.1,-33.8,-3.0751,-314.4,-32.8,-3.0604,-335.8,-217.6,0.0000,-261.1,-259.7,0.0590,277.8,241.8,0,0.0,0.0,0.0000,-5.26,-15.64,3.36,14.91
0.5878,0.5877,0.1,0,-338.2,-38.5,-3.0685,-319.9,-36.5,-3.0604,-329.9,-225.6,0.0000,-248.7,-255.1,0.0325,266.7,236.2,0,0.0,0.0,0.0000,-5.56,-15.99,2.98,14.68
0.5953,0.5877,7.6,0,-338.2,-38.5,-3.0685,-319.9,-36.5,-3.0604,-329.9,-225.6,0.0000,-253.6,-263.2,0.0325,272.2,244.0,0,0.0,0.0,0.0000,-5.41,-14.99,2.38,14.61
0.6032,0.5966,6.6,0,-341.7,-40.6,-3.0766,-322.9,-38.5,-3.0604,-328.4,-229.8,-0.0000,-247.4,-266.1,0.0649,264.2,249.5,0,0.0,0.0,0.0000,-4.81,-15.09,1.65,14.79
0.6106,0.6052,5.4,0,-344.3,-43.0,-3.0645,-325.7,-40.5,-3.0604,-325.8,-233.2,0.0000,-243.2,-267.5,0.0163,263.1,248.0,0,0.0,0.0,0.0000,-4.54,-14.39,2.33,14.66
0.6189,0.6134,5.5,0,-346.5,-45.2,-3.0659,-328.4,-42.5,-3.0604,-322.8,-235.6,0.0000,-242.5,-269.4,0.0222,262.2,250.3,0,0.0,0.0,0.0000,-4.09,-14.76,2.25,14.49
0.6267,0.6221,4.6,0,-350.0,-47.5,-3.0665,-331.1,-44.5,-3.0604,-319.7,-239.6,0.0000,-237.2,-270.3,0.0245,256.8,251.7,0,0.0,0.0,0.0000,-4.05,-13.93,2.13,13.98
0.6349,0.6310,3.9,0,-352.1,-49.4,-3.0695,-334.0,-46.7,-3.0604,-316.4,-244.3,0.0000,-235.6,-274.0,0.0364,254.7,256.3,0,0.0,0.0,0.0000,-3.35,-13.36,1.99,13.60
0.6429,0.6405,2.5,0,-355.0,-51.1,-3.0713,-337.0,-49.0,-3.0604,-313.6,-248.0,0.0000,-231.2,-278.1,0.0436,250.2,261.2,0,0.0,0.0,0.0000,-3.45,-13.63,1.13,13.87
0.6513,0.6472,4.1,0,-357.5,-53.5,-3.0663,-339.1,-50.7,-3.0604,-311.5,-250.8,0.0000,-228.4,-280.5,0.0239,248.8,262.5,0,0.0,0.0,0.0000,-3.38,-12.86,0.88,13.90
0.6593,0.6569,2.3,0,-358.7,-55.7,-3.0594,-342.1,-53.1,-3.0604,-308.6,-254.7,-0.0000,-229.1,-283.5,-0.0037,251.6,263.7,0,0.0,0.0,0.0000,-3.10,-13.76,1.05,13.78
0.6673,0.6637,3.6,0,-361.7,-58.0,-3.0689,-344.2,-54.9,-3.0604,-306.5,-257.5,0.0000,-224.1,-285.3,0.0340,244.2,268.3,0,0.0,0.0,0.0000,-2.16,-13.28,0.27,13.87
0.6753,0.6637,11.6,0,-361.7,-58.0,-3.0689,-344.2,-54.9,-3.0604,-306.5,-257.5,0.0000,-227.9,-294.5,0.0340,248.7,277.2,0,0.0,0.0,0.0000,-1.79,-12.61,-0.30,13.05
0.6828,0.6827,0.1,0,-366.6,-61.5,-3.0706,-349.9,-59.9,-3.0604,-299.9,-265.1,0.0000,-217.5,-292.3,0.0409,237.7,276.2,0,0.0,0.0,0.0000,-1.42,-12.70,-0.62,12.56
0.6911,0.6899,1.2,0,-369.4,-65.0,-3.0548,-352.1,-61.8,-3.0604,-296.4,-268.5,-0.0000,-214.0,-291.1,-0.0224,238.4,271.5,0,0.0,0.0,0.0000,-1.89,-12.69,-0.90,12.25
0.6994,0.6980,1.4,0,-370.6,-66.5,-3.0572,-354.4,-63.9,-3.0604,-293.1,-271.9,0.0000,-214.0,-296.5,-0.0127,238.2,277.4,0,0.0,0.0,0.0000,-1.48,-12.43,-1.25,12.20
0.7069,0.7067,0.2,0,-372.0,-68.9,-3.0571,-357.0,-66.3,-3.0604,-290.9,-274.4,0.0000,-213.3,-298.2,-0.0132,237.7,279.1,0,0.0,0.0,0.0000,-1.15,-11.81,-0.61,11.59
0.7155,0.7067,8.8,0,-372.0,-68.9,-3.0571,-357.0,-66.3,-3.0604,-290.9,-274.4,0.0000,-216.7,-308.3,-0.0132,242.0,288.9,0,0.0,0.0,0.0000,-0.33,-11.71,-1.04,11.71
0.7230,0.7182,4.8,0,-373.5,-71.1,-3.0629,-360.3,-69.5,-3.0604,-286.9,-278.6,-0.0000,-215.1,-310.5,0.0101,238.9,292.6,0,0.0,0.0,0.0000,-0.44,-11.30,-1.95,11.31
0.7313,0.7263,5.0,0,-376.5,-73.2,-3.0597,-362.6,-71.8,-3.0604,-283.7,-282.0,-0.0000,-210.1,-314.3,-0.0026,235.1,296.1,0,0.0,0.0,0.0000,-0.30,-10.94,-2.45,11.48
0.7393,0.7328,6.5,0,-377.7,-75.5,-3.0560,-364.5,-73.6,-3.0604,-281.2,-284.6,-0.0000,-210.0,-317.4,-0.0174,236.4,298.3,0,0.0,0.0,0.0000,0.09,-9.27,-2.42,10.98
0.7467,0.7399,6.8,0,-378.8,-77.5,-3.0629,-366.5,-75.7,-3.0604,-278.5,-287.5,0.0000,-209.8,-319.8,0.0100,234.3,302.3,0,0.0,0.0,0.0000,0.46,-5.07,-1.98,10.84
0.7550,0.7484,6.6,0,-380.4,-79.8,-3.0647,-368.8,-78.1,-3.0604,-275.1,-290.7,0.0000,-208.5,-322.1,0.0174,232.6,305.1,0,0.0,0.0,0.0000,-0.42,-8.68,-1.91,11.39
0.7631,0.7566,6.5,0,-381.9,-82.0,-3.0652,-371.1,-80.5,-3.0604,-271.3,-293.6,-0.0000,-207.1,-325.5,0.0191,231.4,308.7,0,0.0,0.0,0.0000,-0.15,-9.62,-1.44,10.57
0.7707,0.7650,5.7,0,-383.7,-85.3,-3.0571,-373.3,-83.0,-3.0604,-268.2,-296.4,0.0000,-204.9,-324.8,-0.0130,231.6,306.4,0,0.0,0.0,0.0000,0.20,-10.47,-2.42,7.26
0.7788,0.7734,5.4,0,-384.9,-86.8,-3.0571,-375.6,-85.5,-3.0604,-265.8,-299.0,-0.0000,-203.6,-330.0,-0.0129,230.7,311.6,0,0.0,0.0,0.0000,0.51,-10.57,-2.77,7.61
0.7877,0.7829,4.7,0,-385.9,-88.8,-3.0482,-378.1,-88.4,-3.0604,-261.8,-302.4,0.0000,-203.0,-335.1,-0.0486,233.4,314.7,0,0.0,0.0,0.0000,1.20,-10.90,-3.39,8.93
0.7953,0.7906,4.6,0,-387.4,-91.7,-3.0619,-380.1,-90.7,-3.0604,-258.6,-305.2,0.0000,-201.5,-335.3,0.0060,227.6,318.2,0,0.0,0.0,0.0000,0.66,-10.55,-3.08,9.20
0.8025,0.7992,3.3,0,-389.6,-93.9,-3.0510,-382.3,-93.3,-3.0604,-254.6,-308.2,0.0000,-197.4,-337.5,-0.0377,227.1,318.2,0,0.0,0.0,0.0000,0.41,-10.04,-2.46,9.97
0.8107,0.8073,3.4,0,-390.8,-95.9,-3.0547,-384.3,-95.8,-3.0604,-250.7,-311.1,-0.0000,-196.5,-341.1,-0.0226,225.4,322.8,0,0.0,0.0,0.0000,0.47,-11.05,-2.07,10.40
0.8197,0.8162,3.6,0,-391.9,-98.4,-3.0512,-386.5,-98.6,-3.0604,-247.4,-314.3,-0.0000,-196.4,-344.8,-0.0367,226.7,325.6,0,0.0,0.0,0.0000,0.51,-10.46,-2.84,9.64
0.8269,0.8246,2.3,0,-392.9,-99.9,-3.0576,-388.6,-101.3,-3.0604,-244.3,-317.5,-0.0000,-194.6,-349.0,-0.0112,223.2,331.5,0,0.0,0.0,0.0000,1.03,-11.11,-3.16,9.85
0.8353,0.8328,2.4,0,-393.3,-102.1,-3.0629,-390.6,-103.9,-3.0604,-240.8,-319.6,0.0000,-194.7,-352.6,0.0100,221.8,336.2,0,0.0,0.0,0.0000,0.77,-10.33,-3.11,9.93
0.8434,0.8419,1.4,0,-394.9,-105.4,-3.0626,-392.8,-106.8,-3.0604,-237.0,-322.1,-0.0000,-192.6,-353.0,0.0091,219.9,336.7,0,0.0,0.0,0.0000,0.82,-10.14,-2.61,10.02
0.8509,0.8497,1.2,0,-397.1,-107.0,-3.0562,-394.6,-109.3,-3.0604,-233.9,-324.7,0.0000,-188.3,-357.5,-0.0168,218.1,340.1,0,0.0,0.0,0.0000,1.30,-10.91,-3.32,9.57
0.8592,0.8580,1.2,0,-397.9,-109.5,-3.0522,-396.5,-112.0,-3.0604,-230.4,-327.3,0.0000,-187.9,-360.3,-0.0325,219.3,342.1,0,0.0,0.0,0.0000,0.95,-11.89,-3.02,9.01
0.8667,0.8666,0.1,0,-398.7,-111.7,-3.0540,-398.5,-114.8,-3.0604,-225.7,-330.1,0.0000,-187.1,-363.3,-0.0256,218.1,345.6,0,0.0,0.0,0.0000,1.16,-11.50,-3.66,8.47
0.8752,0.8666,8.6,0,-398.7,-111.7,-3.0540,-398.5,-114.8,-3.0604,-225.7,-330.1,0.0000,-188.6,-373.3,-0.0256,220.5,355.4,0,0.0,0.0,0.0000,0.41,-10.94,-3.82,9.10
0.8832,0.8757,7.6,0,-399.5,-113.5,-3.0597,-400.5,-117.9,-3.0604,-221.5,-332.8,-0.0000,-187.7,-377.5,-0.0025,218.0,360.9,0,0.0,0.0,0.0000,0.72,-10.81,-3.49,9.60
0.8910,0.8873,3.7,0,-400.5,-116.1,-3.0745,-403.1,-121.7,-3.0604,-216.9,-336.0,-0.0000,-185.6,-379.7,0.0567,210.6,366.4,0,0.0,0.0,0.0000,0.45,-11.25,-3.64,9.37
0.8997,0.8919,7.8,0,-402.2,-118.9,-3.0728,-404.0,-123.3,-3.0604,-215.0,-337.3,0.0000,-181.3,-382.6,0.0495,207.2,369.2,0,0.0,0.0,0.0000,2.08,-11.66,-3.46,9.38
0.9075,0.9006,6.9,0,-403.2,-121.0,-3.0682,-405.9,-126.2,-3.0604,-211.6,-339.7,-0.0000,-179.9,-385.7,0.0312,207.7,371.5,0,0.0,0.0,0.0000,1.19,-12.30,-3.48,9.70
0.9152,0.9086,6.6,0,-404.6,-123.5,-3.0560,-407.6,-129.0,-3.0604,-207.8,-341.9,0.0000,-176.9,-387.6,-0.0176,209.4,371.0,0,0.0,0.0,0.0000,1.22,-12.51,-3.32,9.80
0.9232,0.9173,5.8,0,-405.8,-125.1,-3.0628,-409.4,-132.0,-3.0604,-202.5,-344.2,-0.0000,-174.7,-393.2,0.0097,205.1,378.2,0,0.0,0.0,0.0000,1.04,-12.51,-2.96,10.36
0.9313,0.9259,5.4,0,-406.6,-127.3,-3.0642,-411.1,-134.9,-3.0604,-198.8,-346.6,0.0000,-173.7,-397.0,0.0155,203.8,382.4,0,0.0,0.0,0.0000,1.51,-11.18,-2.98,10.50
0.9388,0.9343,4.5,0,-407.7,-129.9,-3.0791,-412.8,-137.8,-3.0604,-195.6,-349.0,0.0000,-170.5,-398.3,0.0751,195.0,386.9,0,0.0,0.0,0.0000,1.57,-11.80,-3.12,11.15
0.9474,0.9427,4.7,0,-410.2,-133.3,-3.0565,-414.4,-140.8,-3.0604,-191.8,-351.3,0.0000,-163.7,-398.9,-0.0155,197.0,383.6,0,0.0,0.0,0.0000,1.61,-13.38,-3.80,11.18
0.9554,0.9509,4.5,0,-411.0,-135.0,-3.0553,-415.9,-143.7,-3.0604,-188.1,-353.8,0.0000,-161.3,-403.8,-0.0201,195.5,388.4,0,0.0,0.0,0.0000,2.54,-12.48,-3.54,10.20
0.9628,0.9593,3.6,0,-411.8,-138.2,-3.0556,-417.5,-146.6,-3.0604,-184.0,-355.4,0.0000,-159.2,-403.6,-0.0192,193.3,388.5,0,0.0,0.0,0.0000,2.02,-11.06,-3.52,11.08
0.9709,0.9682,2.7,0,-412.8,-140.2,-3.0629,-419.1,-149.8,-3.0604,-179.8,-356.9,0.0000,-156.5,-407.8,0.0101,188.1,394.2,0,0.0,0.0,0.0000,2.20,-10.94,-3.31,11.55
0.9786,0.9764,2.2,0,-413.8,-142.5,-3.0680,-420.6,-152.7,-3.0604,-175.3,-359.3,0.0000,-153.9,-410.6,0.0306,183.6,398.2,0,0.0,0.0,0.0000,3.04,-12.38,-3.31,11.57
0.9872,0.9764,10.8,0,-413.8,-142.5,-3.0680,-420.6,-152.7,-3.0604,-175.3,-359.3,0.0000,-154.6,-421.2,0.0306,185.1,408.7,0,0.0,0.0,0.0000,2.50,-13.33,-3.12,11.43
0.9948,0.9934,1.4,0,-416.8,-147.8,-3.0522,-423.5,-158.9,-3.0604,-167.1,-363.2,0.0000,-146.5,-415.0,-0.0325,182.9,400.3,0,0.0,0.0,0.0000,3.16,-12.13,-3.31,11.97
1.0032,1.0020,1.2,0,-417.9,-151.0,-3.0486,-424.9,-162.0,-3.0604,-163.2,-364.9,-0.0000,-142.0,-415.7,-0.0470,180.0,400.7,0,0.0,0.0,0.0000,2.91,-11.39,-3.47,11.58
1.0112,1.0100,1.2,0,-419.0,-153.7,-3.0498,-426.2,-165.0,-3.0604,-159.7,-367.0,-0.0000,-137.5,-417.7,-0.0421,175.2,403.3,0,0.0,0.0,0.0000,2.54,-12.33,-3.65,11.09
1.0189,1.0188,0.1,0,-419.3,-156.7,-3.0361,-427.6,-168.2,-3.0604,-155.6,-369.0,0.0000,-136.8,-418.4,-0.0969,180.0,401.7,0,0.0,0.0,0.0000,2.98,-11.85,-4.69,10.77
1.0273,1.0272,0.1,0,-421.5,-159.7,-3.0507,-428.9,-171.3,-3.0604,-151.0,-370.5,0.0000,-129.9,-419.9,-0.0386,167.5,406.4,0,0.0,0.0,0.0000,3.42,-11.50,-4.32,11.43
1.0349,1.0272,7.7,0,-421.5,-159.7,-3.0507,-428.9,-171.3,-3.0604,-151.0,-370.5,0.0000,-129.6,-429.6,-0.0386,168.1,416.0,0,0.0,0.0,0.0000,2.94,-10.27,-4.44,12.68
1.0431,1.0355,7.6,0,-423.2,-162.2,-3.0377,-430.1,-174.4,-3.0604,-146.6,-372.1,0.0000,-124.3,-432.8,-0.0908,168.5,417.5,0,0.0,0.0,0.0000,2.10,-12.85,-4.33,12.42
1.0512,1.0439,7.2,0,-424.5,-165.0,-3.0405,-431.3,-177.5,-3.0604,-142.1,-373.7,-0.0000,-119.5,-434.3,-0.0795,162.7,420.0,0,0.0,0.0,0.0000,2.62,-13.41,-4.21,12.45
1.0591,1.0527,6.4,0,-425.1,-167.9,-3.0431,-432.6,-180.8,-3.0604,-137.7,-375.4,-0.0000,-116.9,-435.3,-0.0690,159.1,421.7,0,0.0,0.0,0.0000,2.45,-14.77,-4.56,13.27
1.0666,1.0608,5.9,0,-425.9,-171.7,-3.0413,-433.6,-183.8,-3.0604,-133.8,-377.1,-0.0000,-113.2,-433.4,-0.0764,156.0,419.9,0,0.0,0.0,0.0000,2.68,-14.16,-5.12,13.91
1.0755,1.0721,3.4,0,-427.4,-174.0,-3.0526,-435.1,-188.1,-3.0604,-128.7,-378.9,0.0000,-106.9,-437.6,-0.0310,145.4,426.3,0,0.0,0.0,0.0000,2.70,-13.31,-5.15,13.02
1.0832,1.0778,5.4,0,-429.6,-177.1,-3.0389,-435.9,-190.3,-3.0604,-126.6,-379.8,-0.0000,-99.5,-437.9,-0.0858,143.8,425.4,0,0.0,0.0,0.0000,2.49,-13.50,-5.27,12.39
1.0906,1.0862,4.4,0,-431.0,-180.4,-3.0437,-436.9,-193.5,-3.0604,-121.7,-381.1,0.0000,-94.2,-437.2,-0.0666,136.4,425.9,0,0.0,0.0,0.0000,2.82,-14.94,-5.15,12.65
1.0991,1.0946,4.5,0,-431.7,-182.8,-3.0372,-437.9,-196.7,-3.0604,-116.2,-382.3,0.0000,-91.0,-440.4,-0.0927,136.4,428.6,0,0.0,0.0,0.0000,3.48,-15.06,-5.40,13.70
1.1077,1.1062,1.5,0,-432.4,-186.8,-3.0464,-439.2,-201.1,-3.0604,-110.7,-384.1,-0.0000,-87.8,-439.0,-0.0560,129.2,428.7,0,0.0,0.0,0.0000,2.87,-14.87,-5.42,13.15
1.1150,1.1115,3.5,0,-433.4,-189.5,-3.0385,-439.8,-203.2,-3.0604,-108.1,-384.9,0.0000,-82.4,-440.3,-0.0874,127.3,429.5,0,0.0,0.0,0.0000,2.66,-16.07,-5.24,13.02
1.1233,1.1198,3.4,0,-435.0,-193.4,-3.0415,-440.7,-206.4,-3.0604,-104.1,-386.2,0.0000,-75.2,-438.9,-0.0755,118.6,429.2,0,0.0,0.0,0.0000,2.43,-14.58,-6.36,12.52
1.1311,1.1286,2.6,0,-436.2,-196.6,-3.0374,-441.6,-209.8,-3.0604,-99.9,-387.7,-0.0000,-70.5,-439.2,-0.0920,115.8,429.4,0,0.0,0.0,0.0000,3.00,-14.86,-6.66,12.57
1.1396,1.1286,11.0,0,-436.2,-196.6,-3.0374,-441.6,-209.8,-3.0604,-99.9,-387.7,-0.0000,-69.0,-449.7,-0.0920,115.4,440.1,0,0.0,0.0,0.0000,4.01,-15.97,-6.87,12.34
1.1469,1.1457,1.2,0,-438.4,-202.8,-3.0378,-443.2,-216.4,-3.0604,-91.0,-389.6,-0.0000,-60.2,-440.0,-0.0902,105.4,431.4,0,0.0,0.0,0.0000,4.28,-15.16,-6.89,12.06
1.1556,1.1541,1.5,0,-439.1,-207.0,-3.0401,-444.0,-219.7,-3.0604,-86.1,-390.5,0.0000,-55.5,-437.6,-0.0810,99.6,429.7,0,0.0,0.0,0.0000,5.14,-13.92,-6.79,12.18
1.1632,1.1631,0.1,0,-439.7,-210.6,-3.0319,-444.7,-223.2,-3.0604,-81.2,-391.5,0.0000,-51.8,-436.1,-0.1140,99.2,427.8,0,0.0,0.0,0.0000,4.04,-14.43,-7.94,12.22
1.1714,1.1631,8.4,0,-439.7,-210.6,-3.0319,-444.7,-223.2,-3.0604,-81.2,-391.5,0.0000,-49.6,-446.1,-0.1140,98.1,438.0,0,0.0,0.0,0.0000,4.42,-14.40,-8.34,12.25
1.1790,1.1789,0.1,0,-443.0,-217.5,-3.0476,-445.9,-229.4,-3.0604,-73.1,-393.3,0.0000,-38.3,-435.9,-0.0513,79.0,430.4,0,0.0,0.0,0.0000,4.41,-14.28,-8.80,11.84
1.1877,1.1876,0.1,0,-444.0,-220.8,-3.0488,-446.5,-232.9,-3.0604,-69.4,-393.8,0.0000,-31.0,-436.0,-0.0463,71.3,431.2,0,0.0,0.0,0.0000,4.42,-14.21,-9.37,11.93
1.1946,1.1945,0.1,0,-444.6,-223.8,-3.0366,-447.0,-235.6,-3.0604,-65.8,-394.4,-0.0000,-27.4,-435.0,-0.0951,72.9,429.8,0,0.0,0.0,0.0000,4.77,-15.85,-8.39,12.27
1.2036,1.1945,9.1,0,-444.6,-223.8,-3.0366,-447.0,-235.6,-3.0604,-65.8,-394.4,-0.0000,-24.6,-445.6,-0.0951,71.2,440.5,0,0.0,0.0,0.0000,6.43,-14.61,-8.00,12.74
1.2115,1.2061,5.5,0,-445.0,-228.3,-3.0392,-447.7,-240.1,-3.0604,-58.3,-395.8,0.0000,-20.1,-441.7,-0.0848,65.1,437.4,0,0.0,0.0,0.0000,6.03,-14.07,-8.06,11.72
1.2195,1.2129,6.6,0,-446.1,-232.0,-3.0467,-448.1,-242.8,-3.0604,-54.9,-396.4,0.0000,-13.7,-440.3,-0.0545,55.4,437.1,0,0.0,0.0,0.0000,4.67,-13.55,-9.09,11.59
1.2269,1.2215,5.4,0,-447.4,-235.0,-3.0535,-448.6,-246.3,-3.0604,-51.2,-397.2,-0.0000,-6.9,-440.2,-0.0274,45.6,437.9,0,0.0,0.0,0.0000,4.96,-13.53,-9.18,11.67
1.2345,1.2302,4.4,0,-447.7,-238.6,-3.0507,-449.0,-249.7,-3.0604,-46.5,-397.5,0.0000,-2.8,-438.5,-0.0388,42.6,436.5,0,0.0,0.0,0.0000,5.74,-14.10,-9.14,12.11
1.2436,1.2421,1.5,0,-448.6,-242.0,-3.0525,-449.5,-254.5,-3.0604,-39.8,-397.8,-0.0000,3.3,-438.9,-0.0313,35.8,437.5,0,0.0,0.0,0.0000,6.27,-10.53,-9.33,12.56
1.2514,1.2500,1.4,0,-448.9,-247.0,-3.0540,-449.8,-257.6,-3.0604,-35.9,-398.1,0.0000,7.4,-433.5,-0.0255,30.6,432.5,0,0.0,0.0,0.0000,6.65,-9.87,-8.93,12.00
1.2595,1.2562,3.3,0,-450.4,-250.4,-3.0350,-450.0,-260.1,-3.0604,-32.8,-398.3,-0.0000,15.1,-433.0,-0.1015,31.1,432.1,0,0.0,0.0,0.0000,4.50,-11.97,-8.68,11.33
1.2671,1.2635,3.6,0,-450.8,-254.4,-3.0463,-450.2,-263.0,-3.0604,-28.6,-398.9,-0.0000,19.6,-430.0,-0.0562,21.4,429.9,0,0.0,0.0,0.0000,6.45,-12.56,-9.84,11.10
1.2757,1.2731,2.6,0,-451.5,-258.0,-3.0425,-450.5,-266.8,-3.0604,-23.2,-399.7,-0.0000,25.6,-428.9,-0.0715,17.0,429.4,0,0.0,0.0,0.0000,8.43,-13.83,-10.84,11.02
1.2829,1.2806,2.3,0,-452.0,-261.5,-3.0501,-450.7,-269.8,-3.0604,-19.6,-399.5,-0.0000,30.5,-426.8,-0.0410,8.6,427.8,0,0.0,0.0,0.0000,8.82,-14.52,-10.95,10.61
1.2915,1.2890,2.5,0,-452.2,-265.7,-3.0408,-450.8,-273.2,-3.0604,-15.3,-399.4,0.0000,35.8,-424.0,-0.0781,7.0,425.5,0,0.0,0.0,0.0000,6.93,-13.67,-10.25,10.51
1.2994,1.2968,2.6,0,-452.4,-269.2,-3.0420,-450.9,-276.3,-3.0604,-10.9,-399.8,-0.0000,40.8,-422.7,-0.0735,1.4,424.7,0,0.0,0.0,0.0000,5.33,-12.93,-9.89,10.75
1.3076,1.3063,1.3,0,-452.7,-273.6,-3.0463,-451.0,-280.1,-3.0604,-5.7,-400.1,0.0000,45.7,-418.7,-0.0564,-5.6,421.2,0,0.0,0.0,0.0000,7.20,-13.00,-10.36,10.73
1.3155,1.3142,1.2,0,-452.5,-277.1,-3.0342,-451.0,-283.2,-3.0604,-1.3,-399.9,-0.0000,48.9,-416.9,-0.1046,-4.0,419.8,0,0.0,0.0,0.0000,7.26,-13.39,-11.39,10.51
1.3232,1.3142,9.0,0,-452.5,-277.1,-3.0342,-451.0,-283.2,-3.0604,-1.3,-399.9,-0.0000,52.5,-426.5,-0.1046,-6.5,429.6,0,0.0,0.0,0.0000,5.73,-12.92,-11.89,10.28
1.3314,1.3313,0.1,0,-452.9,-284.2,-3.0368,-451.0,-290.1,-3.0604,7.6,-399.9,-0.0000,57.7,-415.1,-0.0941,-14.0,418.8,0,0.0,0.0,0.0000,6.15,-12.23,-11.08,9.31
1.3390,1.3313,7.7,0,-452.9,-284.2,-3.0368,-451.0,-290.1,-3.0604,7.6,-399.9,-0.0000,62.9,-422.9,-0.0941,-18.3,427.2,0,0.0,0.0,0.0000,5.16,-12.79,-11.20,6.39
1.3474,1.3399,7.6,0,-453.3,-288.0,-3.0517,-450.9,-293.5,-3.0604,11.9,-399.9,-0.0000,69.7,-420.6,-0.0345,-31.7,425.1,0,0.0,0.0,0.0000,8.35,-12.60,-11.32,6.90
1.3556,1.3485,7.2,0,-452.7,-292.2,-3.0376,-450.7,-296.9,-3.0604,16.2,-400.0,0.0000,72.1,-417.2,-0.0910,-28.4,422.5,0,0.0,0.0,0.0000,9.16,-13.48,-11.29,8.71
1.3633,1.3568,6.5,0,-452.8,-295.8,-3.0366,-450.6,-300.3,-3.0604,20.7,-399.7,0.0000,76.8,-415.0,-0.0952,-32.8,420.8,0,0.0,0.0,0.0000,9.97,-12.35,-11.28,9.02
1.3707,1.3649,5.8,0,-452.7,-300.0,-3.0410,-450.4,-303.5,-3.0604,25.0,-399.3,-0.0000,80.9,-410.7,-0.0775,-39.2,416.7,0,0.0,0.0,0.0000,9.70,-11.62,-10.92,9.31
1.3795,1.3737,5.7,0,-452.4,-303.5,-3.0319,-450.2,-307.0,-3.0604,30.1,-398.9,0.0000,85.3,-410.0,-0.1139,-39.9,416.9,0,0.0,0.0,0.0000,9.87,-11.65,-10.69,8.89
1.3868,1.3823,4.5,0,-452.7,-307.4,-3.0409,-449.9,-310.4,-3.0604,35.4,-398.5,0.0000,90.4,-406.0,-0.0781,-49.2,413.0,0,0.0,0.0,0.0000,9.00,-11.22,-11.56,9.49
1.3947,1.3903,4.4,0,-452.3,-310.7,-3.0306,-449.6,-313.6,-3.0604,39.5,-397.9,-0.0000,94.1,-404.5,-0.1190,-48.7,412.4,0,0.0,0.0,0.0000,9.89,-11.48,-11.20,9.30
1.4031,1.3992,3.9,0,-452.4,-314.7,-3.0398,-449.2,-317.2,-3.0604,43.9,-397.0,0.0000,100.6,-401.6,-0.0822,-59.2,409.7,0,0.0,0.0,0.0000,10.00,-11.44,-12.35,8.77
1.4115,1.4081,3.4,0,-452.1,-318.2,-3.0252,-448.8,-320.7,-3.0604,48.0,-397.1,0.0000,105.8,-400.1,-0.1406,-58.6,409.7,0,0.0,0.0,0.0000,9.33,-10.66,-12.44,8.17
1.4191,1.4157,3.5,0,-451.8,-322.1,-3.0344,-448.4,-323.7,-3.0604,51.3,-397.4,-0.0000,109.5,-396.6,-0.1040,-66.4,406.0,0,0.0,0.0,0.0000,9.85,-10.57,-12.41,8.87
1.4271,1.4245,2.6,0,-451.6,-325.5,-3.0228,-448.0,-327.2,-3.0604,57.1,-396.0,-0.0000,113.7,-394.9,-0.1501,-66.1,405.6,0,0.0,0.0,0.0000,9.99,-11.31,-12.06,7.76
1.4351,1.4327,2.3,0,-451.3,-329.2,-3.0276,-447.5,-330.5,-3.0604,62.3,-394.9,-0.0000,118.7,-391.9,-0.1311,-73.4,402.9,0,0.0,0.0,0.0000,9.81,-9.64,-11.39,7.80
1.4437,1.4413,2.4,0,-449.8,-333.1,-3.0087,-446.9,-333.8,-3.0604,66.3,-394.3,-0.0000,120.5,-389.3,-0.2068,-67.8,401.8,0,0.0,0.0,0.0000,9.31,-9.71,-11.48,6.97
1.4515,1.4498,1.7,0,-449.5,-336.2,-3.0220,-446.3,-337.2,-3.0604,70.6,-393.6,-0.0000,125.3,-387.7,-0.1533,-78.1,399.8,0,0.0,0.0,0.0000,9.91,-9.64,-11.27,7.86
1.4595,1.4580,1.4,0,-448.1,-339.7,-3.0092,-445.7,-340.4,-3.0604,74.7,-393.0,0.0000,127.2,-385.3,-0.2048,-75.2,398.7,0,0.0,0.0,0.0000,11.44,-9.06,-11.64,7.49
1.4676,1.4663,1.2,0,-447.3,-343.5,-3.0098,-445.1,-343.7,-3.0604,78.9,-392.3,-0.0000,130.6,-382.6,-0.2025,-79.1,396.5,0,0.0,0.0,0.0000,11.63,-9.02,-12.58,7.09
1.4752,1.4750,0.1,0,-446.2,-347.3,-3.0055,-444.4,-347.1,-3.0604,83.1,-391.2,0.0000,133.2,-379.3,-0.2196,-80.5,393.8,0,0.0,0.0,0.0000,11.20,-8.51,-13.27,6.32
1.4837,1.4834,0.3,0,-445.6,-351.0,-3.0088,-443.7,-350.4,-3.0604,87.5,-390.2,-0.0000,137.2,-375.8,-0.2061,-86.2,390.7,0,0.0,0.0,0.0000,10.90,-8.77,-13.47,5.74
1.4918,1.4917,0.1,0,-445.1,-354.7,-3.0046,-442.9,-353.6,-3.0604,92.8,-389.1,0.0000,141.4,-372.4,-0.2232,-89.3,388.3,0,0.0,0.0,0.0000,10.18,-8.54,-14.32,5.96
1.4996,1.4917,7.9,0,-445.1,-354.7,-3.0046,-442.9,-353.6,-3.0604,92.8,-389.1,0.0000,148.1,-380.9,-0.2232,-94.7,397.5,0,0.0,0.0,0.0000,10.82,-8.10,-13.73,6.37
1.5069,1.5003,6.7,0,-443.8,-357.3,-3.0097,-442.1,-356.9,-3.0604,97.2,-388.1,0.0000,150.4,-380.9,-0.2025,-99.0,397.4,0,0.0,0.0,0.0000,11.04,-8.60,-11.99,6.03
1.5153,1.5088,6.5,0,-441.6,-361.0,-3.0092,-441.3,-360.2,-3.0604,100.7,-387.2,0.0000,150.7,-377.2,-0.2049,-99.5,393.8,0,0.0,0.0,0.0000,11.53,-8.42,-11.48,5.75
1.5227,1.5173,5.4,0,-441.1,-364.8,-3.0070,-440.4,-363.5,-3.0604,105.0,-386.0,-0.0000,155.6,-372.5,-0.2134,-104.2,390.0,0,0.0,0.0,0.0000,12.16,-8.27,-12.28,5.07
1.5316,1.5257,5.8,0,-440.2,-367.8,-2.9996,-439.5,-366.8,-3.0604,109.7,-384.5,0.0000,159.8,-372.2,-0.2429,-105.5,391.0,0,0.0,0.0,0.0000,10.98,-7.47,-13.04,4.75
1.5396,1.5341,5.5,0,-439.0,-371.5,-3.0040,-438.6,-370.0,-3.0604,114.2,-383.2,-0.0000,162.5,-368.6,-0.2257,-110.4,387.5,0,0.0,0.0,0.0000,10.79,-7.73,-13.44,4.46
1.5471,1.5425,4.6,0,-437.8,-373.7,-3.0055,-437.6,-373.2,-3.0604,118.8,-381.7,-0.0000,165.0,-369.0,-0.2194,-113.4,388.0,0,0.0,0.0,0.0000,10.43,-7.70,-12.67,4.54
1.5546,1.5510,3.7,0,-436.5,-377.7,-3.0000,-436.6,-376.4,-3.0604,123.0,-380.7,0.0000,167.2,-363.6,-0.2413,-114.3,383.5,0,0.0,0.0,0.0000,11.12,-7.86,-12.72,3.99
1.5628,1.5595,3.3,0,-434.3,-380.6,-2.9943,-435.5,-379.7,-3.0604,127.3,-380.0,-0.0000,168.2,-362.8,-0.2644,-113.1,383.5,0,0.0,0.0,0.0000,10.04,-7.55,-9.20,3.73
1.5713,1.5678,3.5,0,-433.9,-384.3,-3.0001,-434.4,-382.8,-3.0604,131.0,-377.9,0.0000,174.9,-359.7,-0.2409,-122.4,380.8,0,0.0,0.0,0.0000,10.95,-6.39,-10.45,3.53
1.5795,1.5769,2.6,0,-431.8,-386.9,-3.0077,-433.2,-386.3,-3.0604,135.0,-375.6,0.0000,176.0,-358.6,-0.2105,-126.5,378.9,0,0.0,0.0,0.0000,10.46,-6.19,-12.28,3.13
1.5874,1.5852,2.3,0,-431.0,-390.0,-3.0107,-432.1,-389.4,-3.0604,139.6,-374.9,0.0000,180.8,-356.0,-0.1987,-132.8,376.6,0,0.0,0.0,0.0000,10.30,-7.06,-13.16,3.14
1.5955,1.5930,2.4,0,-430.1,-392.5,-3.0053,-431.0,-392.3,-3.0604,143.9,-374.0,-0.0000,184.9,-355.9,-0.2201,-134.8,377.7,0,0.0,0.0,0.0000,11.86,-6.89,-13.43,2.92
1.6044,1.6023,2.1,0,-427.9,-396.4,-2.9997,-429.6,-395.7,-3.0604,148.9,-371.4,-0.0000,186.3,-352.2,-0.2429,-134.6,375.0,0,0.0,0.0,0.0000,11.57,-6.24,-12.89,3.00
1.6114,1.6102,1.3,0,-425.8,-399.2,-3.0079,-428.4,-398.7,-3.0604,153.0,-369.6,0.0000,186.3,-349.9,-0.2101,-138.0,371.6,0,0.0,0.0,0.0000,11.47,-6.06,-13.35,2.39
1.6186,1.6185,0.1,0,-425.0,-402.5,-3.0106,-427.1,-401.7,-3.0604,156.6,-368.2,0.0000,190.5,-346.3,-0.1992,-143.6,368.3,0,0.0,0.0,0.0000,10.34,-6.27,-13.81,2.43
1.6273,1.6272,0.1,0,-423.8,-405.1,-3.0149,-425.7,-404.9,-3.0604,160.5,-366.4,0.0000,195.5,-345.3,-0.1821,-150.2,367.2,0,0.0,0.0,0.0000,10.27,-6.61,-13.69,2.62
1.6357,1.6272,8.5,0,-423.8,-405.1,-3.0149,-425.7,-404.9,-3.0604,160.5,-366.4,0.0000,203.6,-351.7,-0.1821,-157.5,374.7,0,0.0,0.0,0.0000,10.93,-6.60,-13.48,2.79
1.6428,1.6363,6.5,0,-421.3,-408.1,-2.9971,-424.3,-408.3,-3.0604,164.4,-364.1,-0.0000,202.6,-349.1,-0.2529,-150.2,374.6,0,0.0,0.0,0.0000,11.16,-6.24,-12.49,2.52
1.6515,1.6437,7.9,0,-419.5,-411.3,-3.0025,-423.0,-410.9,-3.0604,168.0,-362.5,-0.0000,205.7,-346.9,-0.2316,-155.6,372.1,0,0.0,0.0,0.0000,10.96,-5.64,-13.22,1.89
1.6597,1.6526,7.0,0,-418.7,-414.0,-3.0127,-421.5,-414.2,-3.0604,173.1,-361.0,0.0000,211.0,-345.0,-0.1905,-164.9,369.3,0,0.0,0.0,0.0000,11.44,-6.12,-12.25,1.48
1.6673,1.6608,6.5,0,-417.6,-417.2,-3.0194,-420.1,-417.1,-3.0604,177.2,-359.0,-0.0000,215.3,-341.2,-0.1641,-172.1,364.9,0,0.0,0.0,0.0000,9.83,-5.47,-13.59,1.64
1.6753,1.6693,6.0,0,-416.0,-419.2,-3.0130,-418.6,-420.1,-3.0604,181.4,-356.4,-0.0000,218.6,-341.1,-0.1894,-173.0,366.4,0,0.0,0.0,0.0000,10.61,-5.49,-13.46,1.68
1.6834,1.6777,5.8,0,-413.4,-422.4,-3.0181,-417.0,-423.1,-3.0604,185.2,-354.3,0.0000,218.8,-337.9,-0.1690,-175.6,362.2,0,0.0,0.0,0.0000,10.86,-5.51,-13.55,1.87
1.6907,1.6863,4.4,0,-411.8,-425.9,-3.0134,-415.4,-426.2,-3.0604,189.0,-352.4,-0.0000,221.5,-333.0,-0.1877,-177.1,358.5,0,0.0,0.0,0.0000,10.82,-4.89,-13.26,1.29
1.6990,1.6944,4.6,0,-411.1,-428.1,-3.0161,-413.8,-429.0,-3.0604,192.7,-350.5,0.0000,227.9,-333.2,-0.1771,-184.4,359.1,0,0.0,0.0,0.0000,11.04,-5.06,-13.09,1.38
1.7071,1.7046,2.6,0,-409.0,-431.6,-3.0137,-411.9,-432.6,-3.0604,197.2,-348.3,-0.0000,229.6,-328.1,-0.1867,-185.8,354.7,0,0.0,0.0,0.0000,11.60,-5.28,-13.34,0.97
1.7149,1.7115,3.4,0,-405.8,-434.0,-3.0073,-410.5,-435.0,-3.0604,200.6,-346.0,-0.0000,227.9,-326.2,-0.2121,-182.2,353.7,0,0.0,0.0,0.0000,10.93,-5.13,-13.66,1.43
1.7237,1.7201,3.6,0,-404.8,-436.8,-3.0193,-408.8,-437.9,-3.0604,204.9,-343.1,0.0000,233.6,-324.2,-0.1641,-192.4,350.3,0,0.0,0.0,0.0000,11.30,-5.16,-13.28,1.40
1.7310,1.7284,2.6,0,-403.2,-439.1,-3.0214,-407.0,-440.8,-3.0604,208.6,-341.3,0.0000,236.4,-322.6,-0.1558,-196.1,348.6,0,0.0,0.0,0.0000,11.92,-4.69,-13.15,1.04
1.7394,1.7371,2.3,0,-401.3,-442.1,-3.0297,-405.2,-443.7,-3.0604,212.5,-339.4,0.0000,240.1,-319.2,-0.1228,-202.9,344.0,0,0.0,0.0,0.0000,11.99,-4.48,-12.48,0.60
1.7476,1.7452,2.5,0,-399.2,-444.8,-3.0182,-403.5,-446.5,-3.0604,216.1,-336.7,0.0000,243.3,-316.3,-0.1688,-202.5,343.9,0,0.0,0.0,0.0000,11.78,-4.31,-13.93,0.31
1.7548,1.7535,1.3,0,-397.7,-446.8,-3.0216,-401.7,-449.3,-3.0604,219.8,-334.1,0.0000,246.0,-315.4,-0.1551,-206.5,342.6,0,0.0,0.0,0.0000,10.92,-4.23,-13.74,0.21
1.7634,1.7622,1.2,0,-396.5,-449.6,-3.0310,-399.7,-452.2,-3.0604,223.7,-331.3,0.0000,251.1,-313.1,-0.1175,-215.0,338.9,0,0.0,0.0,0.0000,12.04,-4.13,-14.03,0.50
1.7710,1.7709,0.1,0,-393.7,-452.5,-3.0246,-397.8,-455.0,-3.0604,227.5,-328.7,0.0000,251.1,-309.0,-0.1432,-213.3,336.2,0,0.0,0.0,0.0000,12.61,-3.81,-13.87,0.52
1.7785,1.7709,7.7,0,-393.7,-452.5,-3.0246,-397.8,-455.0,-3.0604,227.5,-328.7,0.0000,259.3,-313.5,-0.1432,-220.9,341.6,0,0.0,0.0,0.0000,12.50,-3.76,-13.89,-0.11
1.7876,1.7875,0.1,0,-390.3,-458.0,-3.0302,-393.9,-460.4,-3.0604,234.9,-324.3,-0.0000,259.1,-302.6,-0.1205,-223.8,329.5,0,0.0,0.0,0.0000,13.13,-3.03,-13.15,-0.64
1.7949,1.7875,7.4,0,-390.3,-458.0,-3.0302,-393.9,-460.4,-3.0604,234.9,-324.3,-0.0000,267.2,-307.2,-0.1205,-231.4,335.0,0,0.0,0.0,0.0000,11.01,-3.79,-13.90,-0.24
1.8029,1.7959,7.0,0,-386.6,-460.4,-3.0158,-391.9,-463.2,-3.0604,238.2,-321.1,0.0000,264.8,-304.7,-0.1783,-224.5,335.5,0,0.0,0.0,0.0000,12.57,-3.61,-14.01,-0.41
1.8113,1.8087,2.6,0,-385.4,-463.1,-3.0287,-388.8,-467.3,-3.0604,243.4,-317.1,-0.0000,270.9,-301.1,-0.1268,-235.2,329.7,0,0.0,0.0,0.0000,12.37,-3.19,-13.67,-0.73
1.8195,1.8130,6.4,0,-383.8,-465.2,-3.0304,-387.8,-468.6,-3.0604,244.9,-315.8,0.0000,274.9,-299.9,-0.1200,-239.9,328.5,0,0.0,0.0,0.0000,12.30,-2.67,-14.38,-0.94
1.8272,1.8215,5.7,0,-381.9,-467.4,-3.0380,-385.7,-471.3,-3.0604,248.8,-313.0,-0.0000,277.8,-297.8,-0.0896,-245.5,324.9,0,0.0,0.0,0.0000,13.35,-3.05,-14.27,-0.86
1.8351,1.8301,5.0,0,-379.5,-470.5,-3.0408,-383.6,-474.0,-3.0604,253.4,-309.7,0.0000,279.6,-293.0,-0.0781,-248.7,319.6,0,0.0,0.0,0.0000,12.10,-2.95,-14.04,-0.99
1.8432,1.8430,0.1,0,-377.7,-472.6,-3.0274,-380.2,-478.0,-3.0604,258.0,-306.0,-0.0000,283.2,-291.0,-0.1318,-248.2,321.3,0,0.0,0.0,0.0000,12.73,-2.96,-14.54,-0.94
1.8512,1.8500,1.3,0,-375.7,-475.5,-3.0337,-378.4,-480.1,-3.0604,260.6,-303.7,0.0000,286.8,-286.0,-0.1068,-254.4,315.2,0,0.0,0.0,0.0000,12.35,-2.80,-13.89,-1.12
1.8596,1.8560,3.6,0,-373.3,-477.4,-3.0497,-376.9,-481.9,-3.0604,263.1,-301.2,-0.0000,289.7,-284.5,-0.0428,-262.3,309.9,0,0.0,0.0,0.0000,11.23,-2.55,-13.08,-1.02
1.8676,1.8638,3.8,0,-371.1,-479.7,-3.0327,-374.8,-484.2,-3.0604,266.2,-298.1,0.0000,291.7,-281.4,-0.1109,-259.3,311.4,0,0.0,0.0,0.0000,11.61,-2.62,-13.34,-1.27
1.8748,1.8747,0.1,0,-369.3,-482.9,-3.0421,-371.9,-487.4,-3.0604,270.6,-294.5,-0.0000,294.5,-275.1,-0.0731,-265.7,303.0,0,0.0,0.0,0.0000,13.84,-2.33,-13.12,-1.74
1.8832,1.8809,2.3,0,-366.8,-485.4,-3.0388,-370.2,-489.3,-3.0604,273.1,-292.3,-0.0000,296.9,-271.9,-0.0862,-267.4,301.0,0,0.0,0.0,0.0000,13.21,-2.38,-13.59,-1.69
1.8913,1.8888,2.5,0,-364.3,-487.2,-3.0308,-368.0,-491.6,-3.0604,276.3,-289.2,-0.0000,299.1,-270.3,-0.1184,-267.4,301.7,0,0.0,0.0,0.0000,11.49,-2.02,-13.84,-2.14
1.8991,1.8976,1.5,0,-361.7,-489.8,-3.0425,-365.6,-494.1,-3.0604,279.8,-285.8,0.0000,300.3,-266.3,-0.0714,-272.5,294.7,0,0.0,0.0,0.0000,7.69,-2.35,-13.67,-1.75
1.9070,1.8976,9.4,0,-361.7,-489.8,-3.0425,-365.6,-494.1,-3.0604,279.8,-285.8,0.0000,309.4,-270.2,-0.0714,-281.2,299.4,0,0.0,0.0,0.0000,10.12,-2.08,-14.47,-2.17
1.9155,1.9143,1.2,0,-357.6,-493.5,-3.0346,-360.9,-498.8,-3.0604,285.8,-280.2,0.0000,307.3,-262.4,-0.1032,-277.5,293.7,0,0.0,0.0,0.0000,12.06,-1.78,-13.81,-2.08
1.9229,1.9228,0.1,0,-354.8,-496.5,-3.0519,-358.4,-501.2,-3.0604,288.8,-276.9,0.0000,308.1,-255.9,-0.0339,-283.9,282.5,0,0.0,0.0,0.0000,13.30,-1.55,-13.39,-2.47
1.9313,1.9312,0.1,0,-352.4,-498.5,-3.0396,-356.0,-503.5,-3.0604,291.9,-273.6,-0.0000,310.5,-253.5,-0.0833,-283.1,283.8,0,0.0,0.0,0.0000,12.24,-0.45,-13.67,-2.65
1.9396,1.9312,8.5,0,-352.4,-498.5,-3.0396,-356.0,-503.5,-3.0604,291.9,-273.6,-0.0000,320.1,-256.9,-0.0833,-292.3,288.1,0,0.0,0.0,0.0000,14.11,-0.34,-14.46,-2.67
1.9470,1.9415,5.5,0,-350.0,-500.3,-3.0313,-352.9,-506.3,-3.0604,296.3,-269.1,-0.0000,321.9,-254.1,-0.1163,-291.9,288.0,0,0.0,0.0,0.0000,13.92,-0.51,-14.83,-2.79
1.9557,1.9480,7.7,0,-347.4,-503.3,-3.0517,-351.0,-508.0,-3.0604,298.6,-266.3,-0.0000,324.6,-248.5,-0.0347,-301.0,276.6,0,0.0,0.0,0.0000,12.69,-0.88,-13.97,-3.02
1.9632,1.9565,6.8,0,-344.7,-505.1,-3.0336,-348.5,-510.3,-3.0604,301.0,-262.7,-0.0000,325.8,-245.6,-0.1072,-297.4,279.3,0,0.0,0.0,0.0000,12.53,-0.31,-13.97,-2.66
1.9706,1.9652,5.4,0,-341.4,-507.3,-3.0332,-345.8,-512.6,-3.0604,304.0,-259.3,0.0000,325.1,-241.4,-0.1086,-297.1,275.2,0,0.0,0.0,0.0000,13.96,0.19,-13.83,-2.46
1.9795,1.9749,4.6,0,-339.5,-509.4,-3.0438,-342.9,-515.1,-3.0604,307.7,-255.6,0.0000,330.4,-237.4,-0.0661,-305.7,268.5,0,0.0,0.0,0.0000,14.04,0.13,-13.20,-3.30
1.9877,1.9820,5.7,0,-337.3,-511.3,-3.0332,-340.7,-516.9,-3.0604,310.0,-252.9,0.0000,334.2,-233.9,-0.1085,-306.9,268.6,0,0.0,0.0,0.0000,14.00,0.43,-13.61,-3.23
1.9951,1.9905,4.7,0,-334.0,-512.9,-3.0324,-338.0,-519.0,-3.0604,312.5,-250.0,0.0000,332.7,-231.8,-0.1117,-305.4,266.6,0,0.0,0.0,0.0000,14.13,0.83,-14.43,-3.58
2.0034,1.9986,4.9,0,-331.0,-515.1,-3.0295,-335.5,-521.0,-3.0604,315.4,-246.2,-0.0000,333.4,-227.9,-0.1236,-305.8,263.7,0,0.0,0.0,0.0000,14.98,0.41,-14.04,-3.44
2.0116,1.9986,13.0,0,-331.0,-515.1,-3.0295,-335.5,-521.0,-3.0604,315.4,-246.2,-0.0000,343.5,-230.5,-0.1236,-315.5,267.5,0,0.0,0.0,0.0000,14.40,0.58,-13.91,-3.34
2.0194,2.0139,5.4,0,-326.0,-519.3,-3.0291,-330.6,-524.7,-3.0604,320.6,-239.3,0.0000,338.2,-220.1,-0.1249,-311.4,256.7,0,0.0,0.0,0.0000,14.51,0.94,-13.51,-3.74
2.0269,2.0243,2.6,0,-323.4,-521.1,-3.0309,-327.3,-527.2,-3.0604,323.3,-235.1,0.0000,339.8,-216.0,-0.1180,-313.8,252.2,0,0.0,0.0,0.0000,14.25,1.44,-10.33,-3.49
2.0352,2.0327,2.6,0,-320.5,-523.1,-3.0451,-324.5,-529.1,-3.0604,326.0,-231.6,0.0000,341.7,-211.0,-0.0610,-319.8,243.0,0,0.0,0.0,0.0000,14.78,1.31,-10.56,-3.71
2.0433,2.0419,1.4,0,-318.0,-524.6,-3.0277,-321.5,-531.3,-3.0604,329.0,-227.7,0.0000,343.9,-208.7,-0.1308,-318.0,246.5,0,0.0,0.0,0.0000,14.95,1.66,-13.19,-3.61
2.0508,2.0495,1.3,0,-315.7,-526.2,-3.0260,-319.0,-533.0,-3.0604,331.4,-224.2,-0.0000,346.1,-205.8,-0.1375,-320.0,244.3,0,0.0,0.0,0.0000,16.35,1.75,-14.29,-4.08
2.0591,2.0579,1.2,0,-311.5,-528.2,-3.0151,-316.2,-534.8,-3.0604,334.0,-220.3,0.0000,343.9,-201.0,-0.1812,-315.8,242.8,0,0.0,0.0,0.0000,15.20,1.42,-14.25,-3.75
2.0673,2.0661,1.2,0,-310.0,-530.2,-3.0270,-313.5,-536.6,-3.0604,336.7,-216.0,0.0000,349.4,-196.4,-0.1335,-324.7,235.1,0,0.0,0.0,0.0000,14.09,2.29,-13.34,-4.25
2.0756,2.0754,0.1,0,-306.5,-532.5,-3.0227,-310.3,-538.6,-3.0604,339.4,-211.6,0.0000,349.2,-191.1,-0.1509,-324.1,231.2,0,0.0,0.0,0.0000,15.09,2.66,-14.15,-4.27
2.0827,2.0754,7.2,0,-306.5,-532.5,-3.0227,-310.3,-538.6,-3.0604,339.4,-211.6,0.0000,358.2,-192.5,-0.1509,-332.8,233.6,0,0.0,0.0,0.0000,14.32,1.98,-14.58,-3.97
2.0909,2.0833,7.6,0,-304.0,-533.4,-3.0142,-307.6,-540.3,-3.0604,341.0,-208.6,0.0000,361.2,-190.8,-0.1847,-334.1,235.1,0,0.0,0.0,0.0000,13.60,2.62,-12.74,-3.92
2.0987,2.0913,7.4,0,-300.9,-534.6,-3.0092,-304.9,-541.9,-3.0604,343.1,-205.3,-0.0000,361.9,-188.1,-0.2048,-333.9,234.3,0,0.0,0.0,0.0000,13.89,2.45,-12.59,-4.36
2.1069,2.1001,6.8,0,-297.3,-536.8,-3.0139,-301.8,-543.7,-3.0604,345.7,-201.9,0.0000,361.1,-182.1,-0.1859,-335.0,226.7,0,0.0,0.0,0.0000,15.40,2.19,-12.80,-4.29
2.1152,2.1088,6.4,0,-295.6,-538.7,-3.0131,-298.9,-545.5,-3.0604,348.1,-197.8,0.0000,366.3,-176.8,-0.1889,-340.7,222.3,0,0.0,0.0,0.0000,14.54,2.32,-13.02,-4.46
2.1227,2.1159,6.8,0,-292.4,-540.4,-3.0198,-296.4,-546.9,-3.0604,350.0,-193.5,-0.0000,365.9,-173.0,-0.1624,-342.2,216.2,0,0.0,0.0,0.0000,15.01,2.88,-13.35,-4.81
2.1314,2.1256,5.8,0,-289.3,-541.7,-3.0078,-292.9,-548.7,-3.0604,352.5,-188.8,0.0000,367.6,-170.1,-0.2103,-341.6,217.6,0,0.0,0.0,0.0000,14.15,2.95,-12.85,-4.69
2.1393,2.1339,5.4,0,-285.1,-543.0,-2.9987,-290.0,-550.3,-3.0604,354.4,-185.4,0.0000,365.4,-166.3,-0.2468,-338.0,216.6,0,0.0,0.0,0.0000,14.08,2.50,-13.52,-4.36
2.1470,2.1424,4.6,0,-283.3,-545.0,-3.0048,-287.0,-551.8,-3.0604,356.4,-181.2,-0.0000,370.3,-160.3,-0.2224,-344.9,209.3,0,0.0,0.0,0.0000,14.30,2.91,-13.01,-4.29
2.1547,2.1510,3.6,0,-281.0,-546.5,-3.0077,-283.9,-553.4,-3.0604,358.4,-176.9,0.0000,372.5,-156.0,-0.2106,-348.3,204.3,0,0.0,0.0,0.0000,14.57,2.93,-13.42,-4.82
2.1629,2.1596,3.3,0,-277.3,-547.6,-3.0050,-280.8,-554.9,-3.0604,360.4,-173.0,-0.0000,371.5,-152.4,-0.2216,-347.3,201.6,0,0.0,0.0,0.0000,13.72,3.36,-13.34,-5.61
2.1711,2.1676,3.6,0,-274.1,-549.5,-2.9970,-278.0,-556.2,-3.0604,362.3,-169.6,0.0000,371.9,-147.6,-0.2535,-346.8,199.7,0,0.0,0.0,0.0000,13.21,3.12,-13.34,-5.35
2.1788,2.1764,2.4,0,-270.6,-551.3,-2.9927,-274.8,-557.7,-3.0604,364.4,-165.2,0.0000,370.6,-142.9,-0.2708,-345.3,196.3,0,0.0,0.0,0.0000,13.77,3.48,-13.64,-5.33
2.1870,2.1847,2.3,0,-268.9,-553.1,-3.0056,-271.7,-559.1,-3.0604,366.4,-161.2,0.0000,376.1,-136.6,-0.2191,-354.1,186.3,0,0.0,0.0,0.0000,13.55,3.00,-14.23,-5.24
2.1954,2.1929,2.4,0,-265.5,-554.7,-2.9986,-268.7,-560.4,-3.0604,367.9,-156.7,0.0000,376.9,-130.9,-0.2469,-354.5,183.2,0,0.0,0.0,0.0000,14.18,3.12,-13.76,-5.61
2.2029,2.2015,1.4,0,-262.8,-555.5,-3.0002,-265.6,-561.7,-3.0604,369.5,-152.2,0.0000,378.2,-128.0,-0.2406,-356.4,180.0,0,0.0,0.0,0.0000,14.33,3.20,-14.15,-5.76
2.2117,2.2104,1.2,0,-258.3,-557.4,-2.9946,-262.2,-563.0,-3.0604,371.3,-148.5,0.0000,375.6,-121.6,-0.2631,-353.7,175.3,0,0.0,0.0,0.0000,15.00,2.93,-13.43,-5.98
2.2195,2.2182,1.2,0,-256.5,-559.4,-3.0080,-259.3,-564.2,-3.0604,372.9,-144.9,0.0000,380.4,-115.5,-0.2095,-361.6,165.2,0,0.0,0.0,0.0000,13.49,2.51,-13.52,-5.69
2.2270,2.2269,0.1,0,-253.5,-560.7,-3.0058,-256.1,-565.4,-3.0604,375.1,-140.1,0.0000,381.1,-111.1,-0.2183,-362.5,161.7,0,0.0,0.0,0.0000,12.86,2.66,-14.57,-6.55
2.2354,2.2353,0.1,0,-250.1,-561.6,-3.0038,-252.9,-566.6,-3.0604,376.8,-135.7,-0.0000,380.6,-107.5,-0.2263,-362.3,158.7,0,0.0,0.0,0.0000,13.13,2.83,-14.44,-6.58
2.2426,2.2353,7.3,0,-250.1,-561.6,-3.0038,-252.9,-566.6,-3.0604,376.8,-135.7,-0.0000,389.2,-106.7,-0.2263,-370.8,159.1,0,0.0,0.0,0.0000,12.98,2.34,-14.74,-6.51
2.2507,2.2438,7.0,0,-247.1,-563.5,-3.0015,-249.7,-567.7,-3.0604,378.0,-131.1,-0.0000,391.0,-100.0,-0.2355,-373.2,153.7,0,0.0,0.0,0.0000,12.86,2.04,-13.95,-6.92
2.2590,2.2524,6.6,0,-243.9,-564.7,-3.0100,-246.5,-568.8,-3.0604,379.2,-127.0,0.0000,392.2,-95.3,-0.2016,-376.3,145.9,0,0.0,0.0,0.0000,11.66,2.39,-14.81,-6.98
2.2674,2.2609,6.5,0,-242.0,-565.8,-3.0155,-243.2,-569.9,-3.0604,380.0,-123.7,-0.0000,396.6,-90.2,-0.1794,-382.1,139.4,0,0.0,0.0,0.0000,13.76,1.54,-15.06,-7.38
2.2756,2.2689,6.6,0,-238.1,-567.2,-3.0179,-240.2,-570.9,-3.0604,381.3,-119.5,-0.0000,394.6,-84.3,-0.1698,-381.1,132.3,0,0.0,0.0,0.0000,13.17,3.51,-14.83,-7.15
2.2832,2.2775,5.6,0,-235.8,-569.0,-3.0240,-236.9,-571.9,-3.0604,383.2,-114.3,0.0000,397.5,-77.7,-0.1453,-385.7,123.8,0,0.0,0.0,0.0000,12.51,4.33,-15.06,-6.87
2.2907,2.2864,4.3,0,-231.9,-570.8,-3.0230,-233.5,-572.9,-3.0604,384.6,-109.6,-0.0000,395.5,-70.8,-0.1495,-384.4,117.1,0,0.0,0.0,0.0000,13.02,3.06,-14.33,-4.09
2.2985,2.2942,4.3,0,-229.5,-571.5,-3.0250,-230.5,-573.7,-3.0604,385.7,-105.5,0.0000,397.6,-67.6,-0.1414,-387.0,113.4,0,0.0,0.0,0.0000,11.81,2.82,-14.04,-4.77
2.3076,2.3028,4.8,0,-226.3,-573.2,-3.0324,-227.2,-574.6,-3.0604,387.1,-101.3,-0.0000,398.8,-61.0,-0.1119,-389.8,104.1,0,0.0,0.0,0.0000,12.38,3.31,-12.50,-7.03
2.3146,2.3113,3.3,0,-223.1,-574.0,-3.0231,-223.9,-575.4,-3.0604,388.6,-97.3,-0.0000,398.1,-56.5,-0.1489,-388.7,103.1,0,0.0,0.0,0.0000,12.72,3.53,-13.82,-7.93
2.3231,2.3206,2.4,0,-220.6,-575.3,-3.0430,-220.2,-576.3,-3.0604,389.1,-92.5,0.0000,401.6,-49.6,-0.0694,-394.8,88.9,0,0.0,0.0,0.0000,12.29,3.96,-13.49,-8.16
2.3309,2.3283,2.7,0,-216.6,-577.0,-3.0394,-217.3,-577.0,-3.0604,389.6,-88.5,0.0000,399.0,-42.6,-0.0840,-392.6,83.0,0,0.0,0.0,0.0000,12.19,4.75,-13.59,-8.64
2.3391,2.3368,2.3,0,-214.2,-578.6,-3.0483,-213.9,-577.7,-3.0604,391.1,-84.1,-0.0000,401.7,-35.8,-0.0485,-396.6,73.1,0,0.0,0.0,0.0000,13.07,4.07,-14.17,-8.97
2.3474,2.3449,2.5,0,-210.5,-579.2,-3.0332,-210.8,-578.4,-3.0604,392.4,-79.9,0.0000,400.7,-31.7,-0.1087,-394.9,74.8,0,0.0,0.0,0.0000,12.58,3.67,-13.57,-8.39
2.3550,2.3535,1.4,0,-208.0,-580.6,-3.0457,-207.4,-579.1,-3.0604,392.8,-75.0,0.0000,402.2,-25.6,-0.0586,-397.9,64.0,0,0.0,0.0,0.0000,12.51,4.23,-13.77,-8.60
2.3626,2.3621,0.6,0,-204.7,-581.8,-3.0487,-204.0,-579.7,-3.0604,393.5,-70.3,0.0000,402.1,-19.1,-0.0467,-398.6,56.3,0,0.0,0.0,0.0000,8.45,4.30,-13.72,-8.92
2.3713,2.3702,1.2,0,-202.2,-582.4,-3.0491,-200.8,-580.3,-3.0604,394.6,-66.1,-0.0000,405.6,-14.3,-0.0452,-402.5,51.7,0,0.0,0.0,0.0000,9.26,4.26,-13.75,-8.64
2.3793,2.3792,0.1,0,-199.1,-584.0,-3.0571,-197.3,-580.8,-3.0604,395.5,-61.5,-0.0000,405.4,-6.7,-0.0131,-403.4,40.9,0,0.0,0.0,0.0000,11.56,4.98,-13.13,-7.87
2.3872,2.3871,0.1,0,-196.3,-585.0,-3.0480,-194.1,-581.3,-3.0604,395.5,-58.2,-0.0000,406.5,-0.7,-0.0495,-404.7,38.7,0,0.0,0.0,0.0000,12.51,4.89,-12.97,-8.31
2.3950,2.3871,7.9,0,-196.3,-585.0,-3.0480,-194.1,-581.3,-3.0604,395.5,-58.2,-0.0000,415.8,1.5,-0.0495,-414.2,37.4,0,0.0,0.0,0.0000,12.86,5.58,-13.07,-8.45
2.4032,2.3956,7.6,0,-193.1,-586.6,-3.0492,-190.8,-581.8,-3.0604,396.0,-53.7,-0.0000,415.9,8.8,-0.0448,-414.9,29.6,0,0.0,0.0,0.0000,12.68,4.91,-12.15,-8.08
2.4110,2.4043,6.7,0,-189.5,-587.0,-3.0393,-187.3,-582.2,-3.0604,397.3,-48.0,-0.0000,414.3,13.3,-0.0842,-413.5,29.1,0,0.0,0.0,0.0000,13.22,6.14,-12.13,-8.71
2.4187,2.4125,6.2,0,-187.6,-587.6,-3.0469,-184.1,-582.6,-3.0604,397.9,-43.5,-0.0000,417.8,18.3,-0.0539,-417.7,21.3,0,0.0,0.0,0.0000,13.21,6.75,-12.05,-8.62
2.4268,2.4210,5.8,0,-184.1,-589.4,-3.0557,-180.7,-582.9,-3.0604,398.0,-39.3,0.0000,417.2,27.8,-0.0188,-418.0,8.2,0,0.0,0.0,0.0000,12.82,7.00,-12.00,-8.41
2.4354,2.4296,5.8,0,-180.9,-589.8,-3.0556,-177.2,-583.3,-3.0604,398.3,-34.9,0.0000,418.4,33.2,-0.0191,-419.7,2.9,0,0.0,0.0,0.0000,12.74,7.68,-10.36,-8.67
2.4434,2.4389,4.5,0,-177.1,-590.6,-3.0576,-173.5,-583.6,-3.0604,398.6,-30.3,-0.0000,415.6,38.8,-0.0111,-417.4,-3.8,0,0.0,0.0,0.0000,12.38,7.43,-10.67,-8.80
2.4514,2.4480,3.5,0,-174.3,-591.6,-3.0518,-169.9,-583.8,-3.0604,399.3,-25.2,0.0000,416.0,45.2,-0.0342,-418.4,-7.7,0,0.0,0.0,0.0000,12.84,7.08,-11.14,-8.77
2.4593,2.4550,4.4,0,-171.6,-591.8,-3.0599,-167.1,-584.0,-3.0604,400.0,-21.3,0.0000,417.6,49.3,-0.0020,-420.2,-15.1,0,0.0,0.0,0.0000,13.90,6.97,-10.89,-9.28
2.4671,2.4638,3.4,0,-168.6,-592.4,-3.0467,-163.6,-584.1,-3.0604,399.9,-16.5,0.0000,417.9,54.6,-0.0549,-421.2,-14.7,0,0.0,0.0,0.0000,11.79,8.08,-11.52,-9.60
2.4756,2.4723,3.3,0,-165.3,-593.1,-3.0575,-160.2,-584.3,-3.0604,399.8,-11.7,0.0000,417.7,61.0,-0.0113,-421.3,-25.7,0,0.0,0.0,0.0000,13.75,8.27,-10.60,-9.68
2.4829,2.4806,2.3,0,-161.9,-593.2,-3.0433,-156.9,-584.4,-3.0604,399.8,-8.0,-0.0000,416.2,65.0,-0.0682,-420.6,-23.9,0,0.0,0.0,0.0000,12.88,7.71,-10.95,-10.04
2.4912,2.4888,2.4,0,-158.7,-593.2,-3.0513,-153.6,-584.4,-3.0604,399.8,-4.2,-0.0000,416.1,69.7,-0.0362,-420.7,-31.9,0,0.0,0.0,0.0000,13.05,8.31,-10.90,-10.14
2.4988,2.4974,1.4,0,-155.6,-593.6,-3.0395,-150.2,-584.4,-3.0604,399.7,0.6,-0.0000,415.5,74.9,-0.0836,-420.9,-32.1,0,0.0,0.0,0.0000,12.86,8.81,-10.21,-10.60
2.5076,2.5062,1.5,0,-153.1,-594.0,-3.0404,-146.7,-584.4,-3.0604,399.7,5.5,0.0000,417.8,81.1,-0.0798,-423.8,-38.5,0,0.0,0.0,0.0000,12.84,10.43,-10.69,-11.02
2.5152,2.5139,1.2,0,-148.9,-593.6,-3.0346,-143.5,-584.3,-3.0604,400.2,10.3,-0.0000,413.7,84.3,-0.1031,-420.4,-39.6,0,0.0,0.0,0.0000,13.50,12.33,-6.31,-10.81
2.5231,2.5139,9.2,0,-148.9,-593.6,-3.0346,-143.5,-584.3,-3.0604,400.2,10.3,-0.0000,422.7,88.1,-0.1031,-429.7,-42.5,0,0.0,0.0,0.0000,13.27,12.99,-7.08,-11.26
2.5315,2.5314,0.2,0,-142.4,-593.8,-3.0365,-136.6,-584.1,-3.0604,399.1,19.5,-0.0000,412.6,92.8,-0.0956,-420.1,-49.0,0,0.0,0.0,0.0000,12.19,11.50,-9.28,-11.39
2.5395,2.5394,0.1,0,-139.8,-594.1,-3.0419,-133.4,-583.9,-3.0604,398.7,23.5,-0.0000,413.2,99.2,-0.0741,-421.0,-57.6,0,0.0,0.0,0.0000,11.12,10.60,-9.43,-11.37
2.5476,2.5394,8.2,0,-139.8,-594.1,-3.0419,-133.4,-583.9,-3.0604,398.7,23.5,-0.0000,421.7,104.6,-0.0741,-430.1,-62.1,0,0.0,0.0,0.0000,11.86,11.21,-10.28,-11.65
2.5550,2.5480,7.0,0,-135.7,-594.0,-3.0321,-129.9,-583.7,-3.0604,399.0,27.8,-0.0000,418.0,108.5,-0.1131,-427.3,-62.2,0,0.0,0.0,0.0000,12.09,9.91,-11.19,-11.94
2.5628,2.5565,6.3,0,-133.4,-593.8,-3.0407,-126.5,-583.4,-3.0604,398.8,32.3,0.0000,419.8,112.4,-0.0786,-429.0,-69.5,0,0.0,0.0,0.0000,11.81,11.68,-9.97,-12.01
2.5717,2.5647,7.0,0,-129.0,-593.3,-3.0320,-123.3,-583.1,-3.0604,398.3,36.9,0.0000,416.4,116.8,-0.1136,-426.7,-70.6,0,0.0,0.0,0.0000,11.43,10.79,-9.97,-11.43
2.5793,2.5736,5.7,0,-126.2,-592.9,-3.0453,-119.7,-582.8,-3.0604,397.9,41.7,-0.0000,416.5,120.8,-0.0603,-426.2,-80.2,0,0.0,0.0,0.0000,11.26,10.76,-9.60,-12.83
2.5874,2.5819,5.5,0,-122.9,-592.8,-3.0392,-116.4,-582.4,-3.0604,397.7,46.2,0.0000,414.8,125.2,-0.0845,-425.4,-82.1,0,0.0,0.0,0.0000,11.46,10.82,-9.10,-13.46
2.5946,2.5903,4.3,0,-119.5,-592.0,-3.0497,-113.1,-582.0,-3.0604,397.0,50.8,0.0000,412.0,127.0,-0.0427,-422.0,-88.6,0,0.0,0.0,0.0000,11.11,12.37,-9.53,-13.02
2.6029,2.5987,4.1,0,-116.6,-591.6,-3.0523,-109.7,-581.6,-3.0604,396.2,55.6,0.0000,412.3,132.3,-0.0322,-422.4,-95.1,0,0.0,0.0,0.0000,11.39,13.00,-8.81,-13.61
2.6110,2.6074,3.5,0,-113.0,-591.5,-3.0556,-106.3,-581.1,-3.0604,395.6,59.6,0.0000,410.1,138.8,-0.0192,-420.5,-103.1,0,0.0,0.0,0.0000,10.52,12.47,-9.59,-13.96
2.6187,2.6153,3.4,0,-110.1,-590.8,-3.0605,-103.2,-580.6,-3.0604,395.1,62.9,-0.0000,409.4,141.6,0.0003,-419.5,-108.0,0,0.0,0.0,0.0000,10.56,12.19,-9.43,-13.52
2.6270,2.6153,11.8,0,-110.1,-590.8,-3.0605,-103.2,-580.6,-3.0604,395.1,62.9,-0.0000,417.8,147.0,0.0003,-428.4,-112.7,0,0.0,0.0,0.0000,10.00,12.49,-9.04,-14.10
2.6353,2.6329,2.4,0,-103.5,-589.6,-3.0581,-96.3,-579.4,-3.0604,392.7,73.4,-0.0000,406.7,149.5,-0.0089,-417.7,-115.1,0,0.0,0.0,0.0000,10.05,11.60,-9.12,-14.41
2.6435,2.6420,1.5,0,-100.0,-588.2,-3.0617,-92.7,-578.7,-3.0604,392.1,77.7,0.0000,405.0,151.1,0.0055,-415.8,-118.3,0,0.0,0.0,0.0000,10.05,12.05,-8.85,-13.64
2.6512,2.6497,1.5,0,-96.2,-586.8,-3.0585,-89.7,-578.1,-3.0604,391.5,81.6,-0.0000,401.0,152.4,-0.0074,-412.2,-118.6,0,0.0,0.0,0.0000,9.38,11.47,-8.56,-14.21
2.6591,2.6579,1.2,0,-93.3,-586.5,-3.0528,-86.5,-577.4,-3.0604,390.9,86.3,-0.0000,400.1,157.3,-0.0304,-412.4,-121.2,0,0.0,0.0,0.0000,9.53,11.98,-8.51,-13.81
2.6674,2.6662,1.2,0,-90.0,-585.1,-3.0717,-83.2,-576.7,-3.0604,390.1,90.7,0.0000,398.3,160.5,0.0455,-408.5,-132.3,0,0.0,0.0,0.0000,9.56,11.96,-8.47,-14.35
2.6757,2.6662,9.6,0,-90.0,-585.1,-3.0717,-83.2,-576.7,-3.0604,390.1,90.7,0.0000,406.3,167.7,0.0455,-417.0,-139.0,0,0.0,0.0,0.0000,9.50,11.97,-8.51,-14.52
2.6830,2.6829,0.1,0,-83.3,-583.5,-3.0751,-76.7,-575.1,-3.0604,387.4,98.2,-0.0000,393.6,167.8,0.0588,-403.9,-141.2,0,0.0,0.0,0.0000,9.49,11.90,-7.74,-14.17
2.6909,2.6829,7.9,0,-83.3,-583.5,-3.0751,-76.7,-575.1,-3.0604,387.4,98.2,-0.0000,401.6,173.2,0.0588,-412.3,-146.1,0,0.0,0.0,0.0000,8.74,12.21,-7.53,-14.27
2.6993,2.6915,7.9,0,-80.5,-582.0,-3.0746,-73.4,-574.2,-3.0604,386.4,104.2,-0.0000,401.0,176.0,0.0569,-411.8,-148.7,0,0.0,0.0,0.0000,8.01,13.55,-7.03,-14.68
2.7069,2.7003,6.6,0,-76.9,-581.0,-3.0779,-70.0,-573.3,-3.0604,385.1,109.0,-0.0000,397.0,179.5,0.0702,-407.6,-153.9,0,0.0,0.0,0.0000,8.72,13.11,-7.33,-15.20
2.7151,2.7106,4.5,0,-73.6,-580.1,-3.0680,-66.0,-572.1,-3.0604,383.4,113.2,0.0000,394.9,183.6,0.0304,-407.3,-154.1,0,0.0,0.0,0.0000,8.26,13.33,-6.95,-14.49
2.7232,2.7167,6.5,0,-70.5,-578.3,-3.0786,-63.7,-571.4,-3.0604,382.6,116.2,-0.0000,393.3,184.9,0.0730,-404.2,-159.8,0,0.0,0.0,0.0000,8.38,12.96,-6.67,-14.59
2.7317,2.7302,1.4,0,-67.1,-577.4,-3.0737,-58.6,-569.8,-3.0604,381.1,123.1,-0.0000,391.2,189.6,0.0533,-403.1,-162.7,0,0.0,0.0,0.0000,7.80,12.85,-6.67,-15.18
2.7391,2.7338,5.3,0,-63.7,-576.5,-3.0798,-57.2,-569.4,-3.0604,380.4,124.8,-0.0000,387.9,193.4,0.0776,-399.2,-169.1,0,0.0,0.0,0.0000,7.93,13.71,-6.33,-15.36
2.7466,2.7442,2.4,0,-60.7,-574.5,-3.0819,-53.2,-568.0,-3.0604,378.2,129.8,-0.0000,385.8,193.8,0.0861,-396.7,-170.4,0,0.0,0.0,0.0000,9.02,9.22,-5.76,-15.34
2.7547,2.7504,4.3,0,-57.4,-572.6,-3.0753,-50.9,-567.2,-3.0604,376.9,133.4,0.0000,383.2,194.7,0.0596,-395.3,-168.8,0,0.0,0.0,0.0000,8.70,9.92,-5.94,-14.78
2.7638,2.7591,4.7,0,-54.0,-571.0,-3.0780,-47.6,-566.0,-3.0604,375.0,138.9,-0.0000,380.6,198.3,0.0704,-392.5,-173.7,0,0.0,0.0,0.0000,8.82,12.02,-5.63,-14.05
2.7714,2.7677,3.8,0,-50.6,-570.2,-3.0810,-44.4,-564.8,-3.0604,373.8,142.3,0.0000,376.9,203.0,0.0826,-388.5,-179.8,0,0.0,0.0,0.0000,8.34,13.51,-5.71,-14.41
2.7789,2.7777,1.2,0,-48.4,-568.6,-3.0804,-40.7,-563.4,-3.0604,372.4,146.3,-0.0000,376.8,205.0,0.0803,-388.6,-181.6,0,0.0,0.0,0.0000,8.67,14.48,-5.28,-14.59
2.7867,2.7843,2.4,0,-44.6,-566.4,-3.0809,-38.3,-562.4,-3.0604,370.5,150.1,-0.0000,372.4,205.6,0.0822,-384.2,-182.7,0,0.0,0.0,0.0000,8.14,14.50,-4.73,-14.92
2.7956,2.7931,2.6,0,-41.1,-564.3,-3.0748,-35.0,-561.1,-3.0604,368.4,154.8,0.0000,369.8,207.5,0.0578,-382.8,-182.4,0,0.0,0.0,0.0000,7.95,14.89,-4.21,-14.52
2.8029,2.8014,1.4,0,-37.6,-563.5,-3.0725,-31.9,-559.8,-3.0604,366.8,158.8,-0.0000,365.7,211.9,0.0484,-379.4,-186.1,0,0.0,0.0,0.0000,8.37,14.72,-4.14,-14.38
2.8112,2.8111,0.1,0,-35.0,-560.9,-3.0718,-28.4,-558.2,-3.0604,364.9,163.6,-0.0000,364.3,211.8,0.0457,-378.2,-185.8,0,0.0,0.0,0.0000,8.04,14.60,-4.41,-14.90
2.8194,2.8182,1.2,0,-31.4,-559.3,-3.0653,-25.8,-557.0,-3.0604,363.6,167.2,-0.0000,359.8,214.6,0.0198,-375.1,-186.6,0,0.0,0.0,0.0000,8.34,15.28,-4.37,-14.73
2.8267,2.8266,0.1,0,-29.0,-557.4,-3.0670,-22.8,-555.6,-3.0604,361.9,171.3,-0.0000,358.4,216.4,0.0266,-373.5,-189.1,0,0.0,0.0,0.0000,7.82,15.59,-4.12,-10.66
2.8350,2.8349,0.1,0,-26.0,-555.1,-3.0694,-19.7,-554.2,-3.0604,359.9,174.8,-0.0000,356.4,217.9,0.0360,-371.2,-191.6,0,0.0,0.0,0.0000,6.93,14.96,-4.41,-11.91
2.8437,2.8349,8.7,0,-26.0,-555.1,-3.0694,-19.7,-554.2,-3.0604,359.9,174.8,-0.0000,363.4,225.8,0.0360,-378.8,-199.0,0,0.0,0.0,0.0000,8.49,15.74,-4.88,-13.83
2.8511,2.8445,6.6,0,-22.5,-553.0,-3.0647,-16.3,-552.5,-3.0604,357.5,179.3,0.0000,358.9,226.5,0.0173,-375.3,-198.3,0,0.0,0.0,0.0000,7.65,16.18,-3.53,-14.38
2.8586,2.8521,6.4,0,-19.2,-551.5,-3.0623,-13.6,-551.1,-3.0604,355.2,183.1,-0.0000,354.4,229.8,0.0078,-371.5,-201.0,0,0.0,0.0,0.0000,7.80,15.40,-4.01,-14.92
2.8669,2.8605,6.4,0,-16.0,-549.8,-3.0706,-10.6,-549.5,-3.0604,353.1,187.2,-0.0000,351.0,232.9,0.0409,-366.6,-207.4,0,0.0,0.0,0.0000,6.49,14.66,-3.83,-14.58
2.8751,2.8689,6.2,0,-13.1,-547.3,-3.0666,-7.7,-547.9,-3.0604,351.2,191.4,0.0000,348.5,233.7,0.0250,-365.1,-207.0,0,0.0,0.0,0.0000,5.93,14.90,-3.54,-14.76
2.8829,2.8786,4.3,0,-10.1,-545.0,-3.0684,-4.3,-546.1,-3.0604,349.0,195.9,0.0000,345.3,235.1,0.0319,-361.6,-209.2,0,0.0,0.0,0.0000,6.48,15.92,-3.42,-14.99
2.8912,2.8856,5.6,0,-7.4,-543.0,-3.0641,-1.8,-544.7,-3.0604,347.6,199.0,-0.0000,342.9,237.8,0.0148,-360.2,-210.5,0,0.0,0.0,0.0000,6.05,16.04,-4.03,-14.59
2.8989,2.8943,4.6,0,-4.9,-540.4,-3.0722,1.2,-542.9,-3.0604,344.9,202.9,-0.0000,340.4,237.9,0.0474,-356.1,-213.7,0,0.0,0.0,0.0000,6.40,15.16,-4.09,-15.16
2.9075,2.9027,4.8,0,-1.3,-538.5,-3.0627,4.0,-541.2,-3.0604,342.1,206.5,0.0000,335.9,241.1,0.0095,-353.9,-213.9,0,0.0,0.0,0.0000,6.28,14.84,-3.66,-15.70
2.9146,2.9113,3.3,0,1.4,-536.9,-3.0633,7.0,-539.4,-3.0604,339.8,210.7,-0.0000,332.8,243.6,0.0117,-350.9,-216.9,0,0.0,0.0,0.0000,5.92,14.98,-3.25,-15.32
2.9234,2.9198,3.6,0,3.9,-534.6,-3.0722,9.9,-537.6,-3.0604,337.5,215.0,-0.0000,331.7,245.9,0.0473,-347.9,-222.3,0,0.0,0.0,0.0000,5.29,15.04,-3.27,-15.78
2.9314,2.9280,3.5,0,6.8,-531.4,-3.0630,12.6,-535.9,-3.0604,335.3,218.2,0.0000,328.6,244.9,0.0104,-346.8,-218.3,0,0.0,0.0,0.0000,6.75,15.31,-3.09,-15.65
2.9397,2.9351,4.6,0,10.1,-529.9,-3.0670,15.0,-534.3,-3.0604,333.5,221.1,-0.0000,323.6,249.4,0.0267,-341.3,-224.6,0,0.0,0.0,0.0000,5.75,15.19,-2.64,-15.61
2.9469,2.9454,1.5,0,12.9,-527.3,-3.0748,18.4,-532.0,-3.0604,330.2,225.7,0.0000,319.7,249.8,0.0577,-335.6,-227.9,0,0.0,0.0,0.0000,5.50,14.88,-2.90,-14.73
2.9550,2.9536,1.3,0,15.6,-525.0,-3.0677,21.1,-530.1,-3.0604,327.6,229.4,0.0000,316.7,251.2,0.0295,-334.4,-227.1,0,0.0,0.0,0.0000,5.82,15.80,-2.73,-15.17
2.9630,2.9618,1.2,0,18.9,-523.3,-3.0755,23.8,-528.2,-3.0604,325.2,233.0,-0.0000,312.0,254.6,0.0605,-328.1,-233.4,0,0.0,0.0,0.0000,5.81,15.71,-3.29,-15.86
2.9709,2.9707,0.2,0,21.3,-519.7,-3.0623,26.7,-526.1,-3.0604,322.4,236.9,0.0000,309.6,252.8,0.0076,-328.7,-227.4,0,0.0,0.0,0.0000,6.21,15.47,-2.44,-15.48
2.9790,2.9789,0.1,0,24.2,-517.5,-3.0692,29.3,-524.2,-3.0604,319.3,240.6,-0.0000,305.9,255.2,0.0355,-323.6,-232.4,0,0.0,0.0,0.0000,5.29,16.28,-2.51,-14.31
2.9873,2.9872,0.1,0,26.8,-516.0,-3.0619,32.0,-522.2,-3.0604,316.5,244.2,-0.0000,303.1,259.8,0.0060,-322.8,-234.8,0,0.0,0.0,0.0000,5.37,15.88,-2.39,-14.30
2.9951,2.9872,7.8,0,26.8,-516.0,-3.0619,32.0,-522.2,-3.0604,316.5,244.2,-0.0000,307.9,268.2,0.0060,-328.3,-242.9,0,0.0,0.0,0.0000,5.24,14.14,-2.56,-14.79
3.0029,2.9959,6.9,0,30.3,-513.9,-3.0663,34.7,-520.0,-3.0604,313.9,247.7,0.0000,301.5,270.9,0.0235,-321.0,-247.4,0,0.0,0.0,0.0000,3.39,16.37,-2.31,-14.26
3.0108,3.0042,6.6,0,32.5,-510.8,-3.0635,37.3,-517.9,-3.0604,311.4,251.0,-0.0000,298.8,270.8,0.0125,-319.0,-246.7,0,0.0,0.0,0.0000,6.35,16.16,-2.59,-14.26
3.0195,3.0130,6.5,0,35.5,-509.4,-3.0622,40.0,-515.7,-3.0604,308.9,254.5,0.0000,294.5,276.7,0.0074,-315.5,-252.5,0,0.0,0.0,0.0000,6.24,15.65,-2.23,-14.45
3.0278,3.0210,6.8,0,37.9,-506.7,-3.0664,42.5,-513.7,-3.0604,306.0,257.9,-0.0000,291.7,278.6,0.0242,-311.8,-255.9,0,0.0,0.0,0.0000,4.50,15.01,-2.13,-14.47
3.0356,3.0296,6.0,0,40.8,-504.4,-3.0660,45.1,-511.4,-3.0604,302.3,262.0,-0.0000,287.3,279.6,0.0224,-307.6,-257.1,0,0.0,0.0,0.0000,4.92,14.64,-1.96,-14.27
3.0432,3.0377,5.5,0,43.8,-502.2,-3.0637,47.5,-509.3,-3.0604,299.5,265.0,0.0000,282.3,281.2,0.0132,-303.3,-258.3,0,0.0,0.0,0.0000,4.38,15.96,-2.03,-15.01
3.0508,3.0465,4.3,0,46.2,-498.8,-3.0556,50.1,-507.0,-3.0604,296.6,268.0,-0.0000,278.4,280.3,-0.0190,-301.4,-255.4,0,0.0,0.0,0.0000,3.54,16.54,-2.26,-14.42
3.0587,3.0563,2.4,0,48.6,-497.0,-3.0619,53.0,-504.3,-3.0604,293.2,272.0,-0.0000,274.7,284.7,0.0060,-296.5,-261.9,0,0.0,0.0,0.0000,3.74,16.41,-1.96,-14.36
3.0668,3.0634,3.4,0,51.1,-495.3,-3.0588,55.1,-502.4,-3.0604,290.7,274.9,0.0000,271.1,288.9,-0.0063,-294.1,-265.5,0,0.0,0.0,0.0000,2.73,15.47,-1.85,-13.97
3.0753,3.0717,3.6,0,54.2,-492.6,-3.0544,57.5,-500.1,-3.0604,287.9,277.9,-0.0000,265.4,291.0,-0.0238,-289.8,-266.8,0,0.0,0.0,0.0000,3.86,15.36,-1.46,-13.92
3.0828,3.0804,2.4,0,56.5,-490.5,-3.0648,60.0,-497.6,-3.0604,285.0,281.0,-0.0000,262.1,293.2,0.0177,-283.9,-272.3,0,0.0,0.0,0.0000,3.66,14.93,-1.81,-13.65
3.0911,3.0888,2.3,0,58.7,-488.6,-3.0739,62.4,-495.3,-3.0604,281.3,284.4,-0.0000,259.4,296.7,0.0539,-278.9,-278.5,0,0.0,0.0,0.0000,3.70,13.13,-1.85,-13.48
3.0986,3.0974,1.2,0,61.2,-485.4,-3.0665,64.8,-492.8,-3.0604,277.6,287.8,-0.0000,255.0,296.2,0.0247,-276.5,-276.3,0,0.0,0.0,0.0000,4.01,14.13,-1.79,-13.09
3.1070,3.1056,1.4,0,63.6,-483.6,-3.0693,67.0,-490.4,-3.0604,274.5,291.3,-0.0000,251.6,301.4,0.0358,-272.7,-282.4,0,0.0,0.0,0.0000,4.06,13.58,-1.61,-13.52
3.1152,3.1140,1.2,0,65.3,-482.0,-3.0674,69.3,-488.0,-3.0604,271.3,294.5,-0.0000,248.8,306.3,0.0283,-270.8,-287.0,0,0.0,0.0,0.0000,3.57,14.28,-0.54,-13.63
3.1235,3.1222,1.2,0,68.5,-478.7,-3.0692,71.6,-485.5,-3.0604,268.3,296.4,-0.0000,241.6,306.1,0.0353,-263.1,-287.8,0,0.0,0.0,0.0000,3.38,12.52,-0.81,-13.16
3.1308,3.1222,8.5,0,68.5,-478.7,-3.0692,71.6,-485.5,-3.0604,268.3,296.4,-0.0000,244.9,314.9,0.0353,-267.0,-296.4,0,0.0,0.0,0.0000,3.50,12.77,-0.70,-13.51
3.1394,3.1318,7.6,0,70.9,-476.7,-3.0701,74.1,-482.7,-3.0604,264.6,299.4,0.0000,241.5,319.8,0.0388,-263.8,-301.7,0,0.0,0.0,0.0000,2.61,13.39,-0.51,-13.44
3.1468,3.1401,6.7,0,73.3,-474.7,-3.0710,76.3,-480.2,-3.0604,260.9,303.1,0.0000,236.6,322.3,0.0427,-258.7,-304.8,0,0.0,0.0,0.0000,3.59,12.63,-0.38,-12.93
3.1552,3.1476,7.6,0,75.0,-472.3,-3.0601,78.3,-477.9,-3.0604,257.7,305.9,0.0000,234.2,324.3,-0.0010,-259.8,-304.2,0,0.0,0.0,0.0000,3.49,13.71,0.10,-13.01
3.1637,3.1564,7.3,0,77.5,-470.1,-3.0691,80.5,-475.2,-3.0604,253.9,309.2,-0.0000,229.2,329.2,0.0348,-252.4,-311.7,0,0.0,0.0,0.0000,3.29,12.79,0.18,-12.53
3.1712,3.1647,6.4,0,79.5,-468.1,-3.0734,82.6,-472.6,-3.0604,250.6,311.8,0.0000,225.3,332.8,0.0521,-247.4,-316.7,0,0.0,0.0,0.0000,2.33,11.48,0.69,-12.21
3.1794,3.1731,6.3,0,81.9,-464.9,-3.0655,84.7,-470.0,-3.0604,247.7,313.8,-0.0000,220.5,332.7,0.0207,-245.2,-314.9,0,0.0,0.0,0.0000,2.19,8.49,0.81,-12.05
3.1871,3.1815,5.6,0,83.3,-463.2,-3.0661,86.7,-467.4,-3.0604,244.3,316.6,0.0000,218.3,336.9,0.0231,-243.0,-319.5,0,0.0,0.0,0.0000,2.25,8.60,0.86,-12.01
3.1955,3.1900,5.5,0,84.7,-461.0,-3.0711,88.8,-464.6,-3.0604,240.8,319.9,-0.0000,216.4,340.8,0.0430,-239.8,-324.7,0,0.0,0.0,0.0000,2.06,10.95,1.56,-12.17
3.2033,3.1984,4.9,0,87.2,-457.8,-3.0652,90.8,-462.0,-3.0604,236.7,322.6,-0.0000,210.8,340.9,0.0195,-236.2,-323.9,0,0.0,0.0,0.0000,2.33,11.77,1.46,-12.11
3.2106,3.2069,3.7,0,89.1,-456.4,-3.0645,92.8,-459.2,-3.0604,232.1,325.2,-0.0000,207.1,345.3,0.0165,-233.1,-328.4,0,0.0,0.0,0.0000,1.62,11.99,1.79,-11.45
3.2190,3.2157,3.3,0,90.8,-453.7,-3.0685,94.8,-456.3,-3.0604,228.9,328.0,-0.0000,204.0,347.4,0.0327,-228.8,-331.6,0,0.0,0.0,0.0000,1.14,12.65,1.68,-10.91
3.2277,3.2240,3.7,0,92.8,-450.9,-3.0660,96.7,-453.6,-3.0604,225.9,330.8,0.0000,199.2,350.0,0.0225,-225.0,-334.0,0,0.0,0.0,0.0000,0.85,13.14,2.01,-11.04
3.2351,3.2324,2.6,0,94.6,-449.4,-3.0663,98.6,-450.8,-3.0604,222.0,332.6,0.0000,194.7,355.1,0.0237,-220.9,-339.4,0,0.0,0.0,0.0000,1.03,12.31,1.89,-10.98
3.2433,3.2410,2.3,0,96.2,-447.0,-3.0566,100.5,-447.9,-3.0604,218.2,334.5,-0.0000,191.6,358.0,-0.0149,-221.3,-340.5,0,0.0,0.0,0.0000,0.60,11.69,2.45,-12.27
3.2517,3.2491,2.6,0,97.2,-443.6,-3.0666,102.3,-445.2,-3.0604,214.4,337.8,-0.0000,190.3,358.4,0.0248,-216.6,-343.1,0,0.0,0.0,0.0000,0.32,12.53,2.33,-11.53
3.2593,3.2577,1.5,0,98.9,-441.9,-3.0739,104.1,-442.3,-3.0604,210.4,340.8,0.0000,186.2,362.8,0.0540,-210.4,-349.4,0,0.0,0.0,0.0000,-0.14,12.38,2.52,-11.33
3.2669,3.2658,1.2,0,100.4,-439.2,-3.0679,105.8,-439.5,-3.0604,206.8,342.4,-0.0000,182.6,364.2,0.0301,-209.0,-349.8,0,0.0,0.0,0.0000,2.54,11.97,2.75,-11.09
3.2746,3.2745,0.1,0,101.7,-436.5,-3.0624,107.6,-436.5,-3.0604,202.9,344.5,-0.0000,180.1,365.6,0.0081,-208.5,-350.2,0,0.0,0.0,0.0000,-1.50,12.52,3.46,-11.11
3.2830,3.2829,0.1,0,103.2,-434.7,-3.0539,109.2,-433.6,-3.0604,199.1,347.0,-0.0000,177.3,370.4,-0.0259,-209.1,-353.5,0,0.0,0.0,0.0000,-2.56,12.87,4.42,-10.88
3.2912,3.2829,8.3,0,103.2,-434.7,-3.0539,109.2,-433.6,-3.0604,199.1,347.0,-0.0000,177.3,380.6,-0.0259,-209.9,-363.6,0,0.0,0.0,0.0000,-1.08,12.09,4.21,-10.05
3.2993,3.2918,7.4,0,104.2,-431.2,-3.0571,111.0,-430.5,-3.0604,195.0,349.4,0.0000,174.1,380.1,-0.0131,-205.5,-364.1,0,0.0,0.0,0.0000,-1.67,11.76,3.60,-6.08
3.3070,3.2998,7.3,0,105.6,-429.1,-3.0534,112.5,-427.7,-3.0604,191.7,351.1,0.0000,171.0,384.0,-0.0278,-204.2,-367.4,0,0.0,0.0,0.0000,-1.87,11.84,3.99,-7.81
3.3156,3.3088,6.7,0,107.7,-426.1,-3.0520,114.2,-424.5,-3.0604,187.2,353.4,-0.0000,165.8,386.2,-0.0333,-199.6,-369.8,0,0.0,0.0,0.0000,-2.88,12.45,3.91,-10.43
3.3234,3.3169,6.5,0,108.6,-423.3,-3.0604,115.7,-421.7,-3.0604,182.5,355.7,0.0000,163.4,387.1,0.0003,-194.3,-372.6,0,0.0,0.0,0.0000,-2.62,12.35,3.78,-11.28
3.3318,3.3252,6.6,0,110.3,-421.9,-3.0659,117.2,-418.7,-3.0604,178.6,357.8,0.0000,158.8,393.3,0.0221,-188.1,-380.2,0,0.0,0.0,0.0000,-1.59,12.64,3.58,-11.50
3.3391,3.3338,5.3,0,111.3,-417.9,-3.0771,118.7,-415.7,-3.0604,174.9,359.8,-0.0000,155.9,390.7,0.0668,-180.8,-379.9,0,0.0,0.0,0.0000,-1.67,11.99,3.86,-12.07
3.3475,3.3430,4.4,0,112.9,-416.2,-3.0678,120.3,-412.3,-3.0604,170.4,361.9,-0.0000,150.9,396.2,0.0299,-179.7,-384.0,0,0.0,0.0,0.0000,-1.75,11.52,3.70,-11.24
3.3551,3.3504,4.8,0,113.9,-413.7,-3.0719,121.6,-409.7,-3.0604,166.7,363.8,-0.0000,147.7,398.1,0.0463,-175.0,-386.9,0,0.0,0.0,0.0000,-3.16,11.97,3.55,-10.82
3.3627,3.3593,3.4,0,114.9,-410.7,-3.0619,123.1,-406.4,-3.0604,162.7,365.5,-0.0000,144.2,398.6,0.0061,-175.5,-385.8,0,0.0,0.0,0.0000,-2.41,12.01,3.62,-11.69
3.3711,3.3674,3.7,0,116.4,-408.4,-3.0655,124.4,-403.4,-3.0604,159.4,367.1,-0.0000,139.9,402.3,0.0203,-170.1,-390.5,0,0.0,0.0,0.0000,-2.07,11.18,3.98,-11.48
3.3796,3.3760,3.6,0,117.4,-404.0,-3.0710,125.7,-400.3,-3.0604,154.3,368.7,-0.0000,136.9,399.8,0.0424,-164.7,-389.2,0,0.0,0.0,0.0000,-1.84,11.60,3.75,-11.01
3.3869,3.3843,2.6,0,118.4,-402.4,-3.0742,127.0,-397.2,-3.0604,149.4,370.2,0.0000,133.0,404.0,0.0554,-159.9,-394.1,0,0.0,0.0,0.0000,-2.35,11.79,4.23,-11.18
3.3952,3.3929,2.3,0,119.1,-399.4,-3.0831,128.2,-394.0,-3.0604,145.9,372.4,0.0000,130.5,405.1,0.0911,-154.0,-396.7,0,0.0,0.0,0.0000,-2.89,12.28,4.42,-11.82
3.4036,3.4011,2.4,0,120.0,-396.5,-3.0744,129.4,-390.9,-3.0604,142.1,374.4,-0.0000,126.5,407.1,0.0563,-153.5,-397.7,0,0.0,0.0,0.0000,-2.75,14.42,4.94,-13.01
3.4113,3.4099,1.4,0,120.5,-394.9,-3.0768,130.7,-387.6,-3.0604,137.9,375.5,0.0000,123.8,412.2,0.0657,-150.3,-403.3,0,0.0,0.0,0.0000,-3.25,13.46,5.17,-15.93
3.4193,3.4181,1.2,0,121.0,-391.1,-3.0791,131.8,-384.6,-3.0604,133.9,376.9,-0.0000,121.8,410.8,0.0749,-147.3,-402.4,0,0.0,0.0,0.0000,-3.08,12.88,4.69,-15.28
3.4267,3.4266,0.1,0,122.1,-388.8,-3.0745,132.9,-381.3,-3.0604,129.3,378.7,-0.0000,118.0,413.1,0.0566,-145.4,-404.3,0,0.0,0.0,0.0000,-3.32,13.82,4.23,-13.25
3.4352,3.4351,0.1,0,122.1,-385.3,-3.0876,134.0,-378.1,-3.0604,124.9,380.2,-0.0000,117.2,413.5,0.1089,-139.4,-406.5,0,0.0,0.0,0.0000,-3.20,16.25,4.81,-11.65
3.4436,3.4351,8.5,0,122.1,-385.3,-3.0876,134.0,-378.1,-3.0604,124.9,380.2,-0.0000,116.4,424.1,0.1089,-139.2,-417.2,0,0.0,0.0,0.0000,-4.02,19.45,5.68,-12.72
3.4510,3.4459,5.2,0,123.3,-382.7,-3.0789,135.3,-374.0,-3.0604,119.1,381.8,-0.0000,110.8,425.4,0.0740,-137.3,-417.6,0,0.0,0.0,0.0000,-2.85,21.92,6.07,-13.97
3.4595,3.4519,7.6,0,123.9,-380.4,-3.0849,136.0,-371.7,-3.0604,116.2,382.7,-0.0000,106.8,429.3,0.0981,-130.9,-422.5,0,0.0,0.0,0.0000,-1.40,19.50,6.67,-12.78
3.4678,3.4604,7.4,0,124.6,-376.1,-3.0870,137.0,-368.4,-3.0604,112.2,384.1,0.0000,103.2,425.9,0.1065,-126.3,-419.7,0,0.0,0.0,0.0000,-2.98,13.86,6.67,-10.84
3.4753,3.4688,6.5,0,124.8,-374.6,-3.0854,137.9,-365.2,-3.0604,108.0,385.2,0.0000,101.2,430.4,0.1001,-125.2,-424.0,0,0.0,0.0,0.0000,-4.88,10.85,6.75,-10.21
3.4835,3.4796,3.9,0,125.2,-370.6,-3.1030,139.0,-361.0,-3.0604,102.4,386.3,0.0000,98.1,429.1,0.1703,-114.6,-425.0,0,0.0,0.0,0.0000,-5.42,11.42,6.92,-9.32
3.4906,3.4860,4.6,0,125.4,-368.1,-3.0925,139.7,-358.6,-3.0604,98.8,387.3,-0.0000,96.1,430.6,0.1286,-117.1,-425.4,0,0.0,0.0,0.0000,-4.94,11.60,7.63,-9.66
3.4993,3.4947,4.6,0,125.5,-364.2,-3.1105,140.5,-355.2,-3.0604,93.7,388.7,-0.0000,94.0,429.9,0.2005,-107.3,-426.7,0,0.0,0.0,0.0000,-5.84,11.01,7.66,-9.35
3.5071,3.5025,4.7,0,126.3,-362.0,-3.1071,141.2,-352.2,-3.0604,89.9,389.6,0.0000,90.4,433.2,0.1868,-105.3,-429.8,0,0.0,0.0,0.0000,-6.26,10.47,7.48,-9.45
3.5151,3.5136,1.4,0,126.3,-358.7,-3.1161,142.2,-347.8,-3.0604,84.7,390.9,-0.0000,87.1,432.6,0.2231,-98.1,-430.2,0,0.0,0.0,0.0000,-6.47,10.64,7.47,-9.59
3.5230,3.5197,3.3,0,126.8,-355.6,-3.1054,142.7,-345.4,-3.0604,81.8,391.6,-0.0000,82.2,432.9,0.1802,-97.8,-429.6,0,0.0,0.0,0.0000,-5.61,11.01,7.72,-9.78
3.5315,3.5279,3.6,0,126.6,-351.8,-3.1193,143.4,-342.2,-3.0604,78.1,392.6,-0.0000,81.0,431.6,0.2359,-90.6,-429.7,0,0.0,0.0,0.0000,-6.19,11.18,8.25,-9.93
3.5389,3.5364,2.5,0,127.3,-348.8,-3.1080,144.0,-338.9,-3.0604,72.7,393.5,0.0000,77.3,431.7,0.1907,-91.8,-428.9,0,0.0,0.0,0.0000,-5.93,11.66,8.18,-9.67
3.5469,3.5364,10.5,0,127.3,-348.8,-3.1080,144.0,-338.9,-3.0604,72.7,393.5,0.0000,74.5,441.4,0.1907,-89.2,-438.6,0,0.0,0.0,0.0000,-6.22,12.18,7.62,-9.60
3.5555,3.5532,2.3,0,127.5,-342.8,-3.1128,145.1,-332.3,-3.0604,63.5,394.6,-0.0000,70.7,434.1,0.2095,-83.1,-431.9,0,0.0,0.0,0.0000,-6.04,12.01,8.42,-9.77
3.5634,3.5618,1.6,0,127.6,-339.8,-3.1116,145.7,-328.9,-3.0604,59.1,394.9,0.0000,67.8,434.2,0.2051,-80.8,-432.0,0,0.0,0.0,0.0000,-5.73,12.09,8.81,-10.42
3.5707,3.5706,0.1,0,128.3,-336.4,-3.1158,146.2,-325.4,-3.0604,54.5,396.2,0.0000,63.3,432.7,0.2219,-74.4,-430.9,0,0.0,0.0,0.0000,-5.06,12.84,8.12,-9.74
3.5788,3.5706,8.3,0,128.3,-336.4,-3.1158,146.2,-325.4,-3.0604,54.5,396.2,0.0000,60.0,442.7,0.2219,-71.4,-441.0,0,0.0,0.0,0.0000,-4.94,12.28,8.75,-9.29
3.5867,3.5804,6.3,0,128.5,-332.1,-3.1160,146.7,-321.5,-3.0604,49.5,397.2,-0.0000,56.4,439.4,0.2227,-67.6,-437.8,0,0.0,0.0,0.0000,-6.19,12.35,8.91,-9.24
3.5948,3.5872,7.6,0,129.1,-329.2,-3.1115,147.0,-318.8,-3.0604,46.7,397.7,0.0000,51.2,440.4,0.2047,-64.4,-438.6,0,0.0,0.0,0.0000,-7.36,12.68,9.67,-8.97
3.6032,3.5955,7.7,0,129.3,-326.5,-3.1022,147.4,-315.5,-3.0604,42.3,398.2,0.0000,46.7,442.3,0.1671,-64.1,-440.1,0,0.0,0.0,0.0000,-7.44,13.37,10.02,-9.33
3.6107,3.6037,7.0,0,130.5,-323.4,-3.1177,147.7,-312.2,-3.0604,36.3,398.3,0.0000,40.6,441.7,0.2295,-51.1,-440.6,0,0.0,0.0,0.0000,-6.33,9.66,9.35,-9.22
3.6187,3.6143,4.4,0,131.7,-320.2,-3.1077,148.0,-308.0,-3.0604,30.8,398.7,0.0000,34.3,441.2,0.1892,-49.2,-439.8,0,0.0,0.0,0.0000,-6.04,11.40,9.63,-8.39
3.6267,3.6211,5.6,0,131.9,-316.0,-3.1109,148.2,-305.3,-3.0604,28.1,399.0,-0.0000,29.1,438.3,0.2019,-42.5,-437.2,0,0.0,0.0,0.0000,-6.42,12.08,8.97,-9.55
3.6347,3.6293,5.4,0,132.2,-313.5,-3.1073,148.5,-302.0,-3.0604,23.7,399.3,0.0000,23.4,440.2,0.1877,-38.5,-439.1,0,0.0,0.0,0.0000,-5.84,11.94,9.82,-10.51
3.6432,3.6380,5.3,0,132.1,-309.1,-3.1052,148.6,-298.6,-3.0604,18.6,399.6,0.0000,20.1,436.8,0.1794,-36.0,-435.8,0,0.0,0.0,0.0000,-6.17,13.06,9.22,-10.63
3.6513,3.6467,4.5,0,131.9,-305.9,-3.1087,148.8,-295.1,-3.0604,14.2,399.6,0.0000,16.8,436.7,0.1934,-31.2,-435.9,0,0.0,0.0,0.0000,-5.11,12.48,9.39,-9.35
3.6597,3.6562,3.4,0,132.1,-302.5,-3.1054,148.9,-291.3,-3.0604,9.4,399.5,-0.0000,12.8,436.0,0.1802,-28.5,-435.3,0,0.0,0.0,0.0000,-5.94,13.94,10.08,-8.49
3.6674,3.6635,3.9,0,132.4,-300.0,-3.1037,149.0,-288.4,-3.0604,5.4,399.8,0.0000,8.4,437.7,0.1732,-25.0,-437.1,0,0.0,0.0,0.0000,-6.66,14.31,10.51,-8.71
3.6754,3.6720,3.4,0,132.5,-296.1,-3.1076,149.0,-285.0,-3.0604,0.7,400.2,0.0000,3.2,434.9,0.1890,-18.0,-434.5,0,0.0,0.0,0.0000,-7.49,12.12,10.31,-9.60
3.6830,3.6816,1.3,0,132.5,-293.6,-3.0955,149.0,-281.1,-3.0604,-4.7,400.1,-0.0000,-1.1,435.6,0.1404,-19.0,-435.2,0,0.0,0.0,0.0000,-6.18,8.59,10.69,-9.74
3.6914,3.6888,2.6,0,132.3,-289.3,-3.1059,148.9,-278.2,-3.0604,-8.7,400.1,0.0000,-5.3,432.7,0.1823,-10.1,-432.6,0,0.0,0.0,0.0000,-6.76,8.33,9.79,-8.53
3.6986,3.6973,1.2,0,132.5,-286.3,-3.1036,148.8,-274.8,-3.0604,-12.3,399.6,-0.0000,-10.3,432.1,0.1731,-6.1,-432.2,0,0.0,0.0,0.0000,-6.42,10.02,6.23,-7.96
3.7066,3.7054,1.2,0,132.4,-282.5,-3.1046,148.7,-271.6,-3.0604,-16.1,399.3,0.0000,-14.3,429.3,0.1770,-1.6,-429.5,0,0.0,0.0,0.0000,-5.96,11.52,7.04,-8.04
3.7157,3.7142,1.4,0,132.4,-279.9,-3.0922,148.5,-268.1,-3.0604,-22.2,399.4,-0.0000,-19.3,431.1,0.1272,-2.0,-431.6,0,0.0,0.0,0.0000,-7.43,11.86,9.02,-7.58
3.7231,3.7230,0.1,0,132.7,-275.5,-3.0933,148.3,-264.6,-3.0604,-27.5,399.2,0.0000,-24.6,426.3,0.1318,4.0,-427.0,0,0.0,0.0,0.0000,-7.46,12.22,11.05,-8.62
3.7306,3.7305,0.1,0,132.9,-272.6,-3.0862,148.1,-261.6,-3.0604,-31.0,398.8,-0.0000,-29.4,425.9,0.1032,5.7,-426.9,0,0.0,0.0,0.0000,-7.85,11.69,10.65,-8.70
3.7396,3.7382,1.4,0,132.5,-269.0,-3.0900,147.8,-258.5,-3.0604,-34.8,398.5,0.0000,-34.0,425.1,0.1187,12.0,-426.3,0,0.0,0.0,0.0000,-8.42,11.72,11.20,-7.60
3.7470,3.7382,8.8,0,132.5,-269.0,-3.0900,147.8,-258.5,-3.0604,-34.8,398.5,0.0000,-38.8,433.4,0.1187,16.4,-434.9,0,0.0,0.0,0.0000,-7.83,12.13,11.18,-8.22
3.7557,3.7544,1.2,0,132.8,-261.8,-3.0802,147.2,-252.0,-3.0604,-42.3,397.9,-0.0000,-45.5,420.7,0.0795,19.6,-422.7,0,0.0,0.0,0.0000,-6.88,11.96,12.12,-7.96
3.7629,3.7544,8.4,0,132.8,-261.8,-3.0802,147.2,-252.0,-3.0604,-42.3,397.9,-0.0000,-50.3,428.0,0.0795,24.0,-430.3,0,0.0,0.0,0.0000,-6.82,11.66,11.94,-7.76
3.7710,3.7644,6.6,0,133.0,-259.3,-3.0695,146.8,-248.1,-3.0604,-48.5,396.8,-0.0000,-56.2,429.7,0.0367,25.1,-432.7,0,0.0,0.0,0.0000,-7.79,10.79,11.29,-7.65
3.7792,3.7729,6.3,0,132.7,-254.8,-3.0775,146.3,-244.7,-3.0604,-53.2,396.3,0.0000,-60.9,425.3,0.0687,33.5,-428.3,0,0.0,0.0,0.0000,-8.14,11.93,11.00,-7.85
3.7871,3.7814,5.7,0,132.8,-251.9,-3.0662,145.9,-241.3,-3.0604,-57.9,396.2,0.0000,-66.5,424.7,0.0234,34.3,-428.5,0,0.0,0.0,0.0000,-7.06,12.43,10.87,-8.18
3.7957,3.7901,5.6,0,132.0,-248.1,-3.0699,145.3,-237.9,-3.0604,-62.3,395.3,-0.0000,-69.8,422.2,0.0383,39.4,-426.1,0,0.0,0.0,0.0000,-8.66,12.30,9.93,-8.68
3.8031,3.7983,4.9,0,131.7,-245.7,-3.0573,144.8,-234.7,-3.0604,-66.3,394.1,0.0000,-74.9,422.5,-0.0124,39.0,-427.3,0,0.0,0.0,0.0000,-8.22,11.88,11.25,-8.12
3.8113,3.8068,4.6,0,131.8,-241.1,-3.0683,144.2,-231.3,-3.0604,-70.6,393.4,-0.0000,-81.6,416.9,0.0317,50.9,-421.7,0,0.0,0.0,0.0000,-9.17,10.32,10.45,-8.00
3.8191,3.8154,3.7,0,132.0,-236.9,-3.0738,143.6,-227.9,-3.0604,-74.8,392.7,0.0000,-87.2,412.5,0.0539,59.1,-417.4,0,0.0,0.0,0.0000,-8.76,10.56,11.36,-8.46
3.8273,3.8239,3.4,0,131.7,-234.2,-3.0704,143.0,-224.6,-3.0604,-79.5,392.0,-0.0000,-92.0,412.7,0.0400,62.4,-418.2,0,0.0,0.0,0.0000,-8.76,11.32,11.06,-8.22
3.8356,3.8321,3.5,0,130.8,-230.8,-3.0730,142.3,-221.4,-3.0604,-84.0,391.5,-0.0000,-95.7,411.0,0.0506,67.3,-416.6,0,0.0,0.0,0.0000,-8.81,10.98,10.60,-8.22
3.8432,3.8408,2.5,0,130.8,-227.3,-3.0707,141.5,-218.0,-3.0604,-88.6,389.9,-0.0000,-101.4,408.1,0.0411,72.2,-414.2,0,0.0,0.0,0.0000,-8.96,9.88,10.83,-7.83
3.8509,3.8493,1.6,0,130.9,-222.4,-3.0766,140.8,-214.7,-3.0604,-93.2,388.5,0.0000,-108.0,400.8,0.0651,81.7,-406.9,0,0.0,0.0,0.0000,-9.89,10.30,11.65,-7.41
3.8591,3.8568,2.3,0,130.8,-220.5,-3.0694,140.0,-211.8,-3.0604,-96.9,388.1,-0.0000,-114.5,403.0,0.0363,85.1,-410.2,0,0.0,0.0,0.0000,-11.10,10.63,11.11,-7.91
3.8670,3.8658,1.2,0,130.3,-216.4,-3.0718,139.2,-208.3,-3.0604,-101.4,387.4,-0.0000,-119.3,398.4,0.0457,91.2,-405.8,0,0.0,0.0,0.0000,-12.31,10.37,12.05,-7.86
3.8755,3.8742,1.2,0,129.9,-213.6,-3.0763,138.3,-205.0,-3.0604,-105.5,385.9,-0.0000,-124.9,398.1,0.0639,98.7,-405.4,0,0.0,0.0,0.0000,-11.10,10.54,14.65,-7.64
3.8837,3.8835,0.1,0,129.5,-208.7,-3.0724,137.3,-201.4,-3.0604,-110.3,384.4,0.0000,-130.3,391.1,0.0480,102.9,-399.2,0,0.0,0.0,0.0000,-10.40,9.88,16.03,-7.70
3.8916,3.8914,0.1,0,129.9,-206.5,-3.0800,136.4,-198.4,-3.0604,-115.3,383.1,-0.0000,-138.1,392.2,0.0784,113.7,-400.0,0,0.0,0.0,0.0000,-9.49,9.12,13.07,-7.27
3.8992,3.8914,7.7,0,129.9,-206.5,-3.0800,136.4,-198.4,-3.0604,-115.3,383.1,-0.0000,-144.1,399.5,0.0784,119.2,-407.6,0,0.0,0.0,0.0000,-10.18,8.81,10.88,-7.22
3.9072,3.8998,7.4,0,129.3,-202.1,-3.0788,135.4,-195.2,-3.0604,-119.7,381.7,-0.0000,-148.7,393.9,0.0739,123.7,-402.5,0,0.0,0.0,0.0000,-12.27,8.87,10.52,-7.36
3.9157,3.9082,7.5,0,129.1,-199.6,-3.0767,134.4,-192.0,-3.0604,-123.1,380.5,-0.0000,-156.1,394.1,0.0653,130.2,-403.3,0,0.0,0.0,0.0000,-13.55,8.72,10.55,-7.51
3.9231,3.9167,6.4,0,128.5,-195.7,-3.0885,133.3,-188.8,-3.0604,-127.2,379.1,0.0000,-161.3,388.9,0.1125,140.4,-396.9,0,0.0,0.0,0.0000,-11.53,9.47,10.57,-7.05
3.9307,3.9248,6.0,0,127.9,-193.0,-3.0799,132.3,-185.7,-3.0604,-131.2,378.0,0.0000,-165.9,387.3,0.0782,141.7,-396.8,0,0.0,0.0,0.0000,-10.53,9.01,10.93,-7.12
3.9394,3.9338,5.6,0,128.0,-188.6,-3.0869,131.1,-182.3,-3.0604,-136.0,376.2,-0.0000,-173.4,381.6,0.1060,152.2,-390.5,0,0.0,0.0,0.0000,-9.58,8.79,11.28,-6.15
3.9476,3.9420,5.6,0,127.2,-186.3,-3.0853,129.9,-179.2,-3.0604,-140.5,374.5,-0.0000,-178.6,382.3,0.0997,156.8,-391.8,0,0.0,0.0,0.0000,-10.18,8.43,11.19,-6.35
3.9557,3.9502,5.5,0,126.1,-182.0,-3.1041,128.8,-176.2,-3.0604,-144.6,372.9,-0.0000,-182.7,377.1,0.1748,168.5,-383.7,0,0.0,0.0,0.0000,-10.38,8.38,10.87,-6.28
3.9632,3.9593,4.0,0,125.5,-179.6,-3.0877,127.4,-172.8,-3.0604,-149.0,371.1,0.0000,-187.8,375.8,0.1092,167.3,-385.4,0,0.0,0.0,0.0000,-10.86,8.58,11.17,-5.79
3.9710,3.9675,3.4,0,125.2,-176.0,-3.1024,126.2,-169.7,-3.0604,-153.1,369.5,0.0000,-193.7,371.6,0.1680,179.0,-378.9,0,0.0,0.0,0.0000,-10.74,8.45,11.76,-4.98
3.9788,3.9764,2.4,0,124.9,-173.4,-3.0907,124.8,-166.5,-3.0604,-157.5,367.8,0.0000,-200.5,370.3,0.1212,181.4,-380.1,0,0.0,0.0,0.0000,-11.58,8.01,13.67,-3.16
3.9868,3.9842,2.6,0,124.5,-169.6,-3.0987,123.6,-163.6,-3.0604,-161.0,366.2,-0.0000,-207.3,365.5,0.1533,191.4,-374.0,0,0.0,0.0,0.0000,-11.16,7.51,15.69,-1.34
3.9951,3.9928,2.3,0,124.2,-167.1,-3.0871,122.2,-160.5,-3.0604,-164.7,364.7,0.0000,-213.6,364.8,0.1071,193.5,-375.8,0,0.0,0.0,0.0000,-10.87,7.38,14.44,-0.57
4.0035,4.0010,2.6,0,123.1,-164.0,-3.0941,120.8,-157.5,-3.0604,-169.3,362.6,0.0000,-217.8,362.4,0.1350,200.3,-372.3,0,0.0,0.0,0.0000,-10.56,6.65,12.81,-3.96
4.0113,4.0098,1.5,0,121.9,-160.7,-3.0841,119.3,-154.3,-3.0604,-174.0,360.5,-0.0000,-222.3,358.8,0.0948,201.3,-371.0,0,0.0,0.0,0.0000,-12.17,6.49,12.57,-3.87
4.0193,4.0180,1.2,0,120.3,-158.2,-3.1012,117.8,-151.3,-3.0604,-177.4,358.1,-0.0000,-225.6,357.7,0.1631,211.0,-366.6,0,0.0,0.0,0.0000,-14.51,7.12,12.59,-4.31
4.0275,4.0263,1.2,0,119.6,-154.6,-3.1043,116.4,-148.4,-3.0604,-181.1,355.9,0.0000,-231.4,353.3,0.1759,218.1,-361.7,0,0.0,0.0,0.0000,-14.31,6.46,13.22,-3.51
4.0350,4.0349,0.1,0,119.1,-152.2,-3.0964,114.8,-145.3,-3.0604,-185.6,354.6,-0.0000,-237.4,351.7,0.1440,221.2,-362.1,0,0.0,0.0,0.0000,-11.73,6.38,12.89,-3.01
4.0432,4.0349,8.3,0,119.1,-152.2,-3.0964,114.8,-145.3,-3.0604,-185.6,354.6,-0.0000,-245.7,357.9,0.1440,229.2,-368.6,0,0.0,0.0,0.0000,-11.57,5.90,12.86,-2.32
4.0518,4.0517,0.1,0,116.7,-146.2,-3.0815,111.6,-139.4,-3.0604,-193.2,350.2,0.0000,-247.4,346.2,0.0844,226.2,-360.4,0,0.0,0.0,0.0000,-10.73,5.37,12.47,-1.65
4.0587,4.0517,7.0,0,116.7,-146.2,-3.0815,111.6,-139.4,-3.0604,-193.2,350.2,0.0000,-254.2,351.6,0.0844,232.6,-366.2,0,0.0,0.0,0.0000,-12.26,4.66,13.79,-0.97
4.0673,4.0605,6.8,0,114.8,-143.0,-3.0947,109.9,-136.3,-3.0604,-197.3,347.8,-0.0000,-256.9,348.9,0.1374,240.3,-360.5,0,0.0,0.0,0.0000,-12.57,5.18,13.82,-0.82
4.0756,4.0689,6.6,0,113.0,-140.2,-3.0922,108.2,-133.4,-3.0604,-201.7,345.5,0.0000,-260.1,345.9,0.1273,242.7,-358.3,0,0.0,0.0,0.0000,-11.69,4.88,13.75,-0.58
4.0828,4.0772,5.6,0,111.5,-137.9,-3.0832,106.5,-130.6,-3.0604,-205.3,343.3,-0.0000,-262.8,343.9,0.0912,242.3,-358.7,0,0.0,0.0,0.0000,-11.34,5.07,14.29,-0.19
4.0913,4.0858,5.4,0,110.7,-134.1,-3.0810,104.7,-127.6,-3.0604,-208.5,341.0,-0.0000,-270.0,338.2,0.0824,249.0,-354.0,0,0.0,0.0,0.0000,-11.37,4.69,14.43,0.34
4.0996,4.0943,5.3,0,108.5,-132.4,-3.0731,103.0,-124.7,-3.0604,-212.5,338.7,0.0000,-272.7,338.7,0.0509,248.9,-356.6,0,0.0,0.0,0.0000,-11.88,4.00,14.66,1.21
4.1071,4.1024,4.7,0,106.6,-129.4,-3.0776,101.2,-122.0,-3.0604,-216.7,336.5,-0.0000,-274.9,334.6,0.0688,252.9,-351.5,0,0.0,0.0,0.0000,-11.81,3.56,14.50,1.37
4.1147,4.1113,3.4,0,104.6,-126.6,-3.0766,99.3,-119.0,-3.0604,-220.6,333.7,0.0000,-276.9,331.2,0.0649,254.8,-348.5,0,0.0,0.0,0.0000,-12.85,3.65,13.85,1.60
4.1232,4.1194,3.8,0,101.5,-124.0,-3.0749,97.5,-116.3,-3.0604,-224.2,331.2,-0.0000,-276.1,329.3,0.0580,253.6,-347.0,0,0.0,0.0,0.0000,-12.24,3.32,15.02,1.72
4.1314,4.1278,3.6,0,99.4,-120.4,-3.0797,95.6,-113.6,-3.0604,-227.9,328.6,0.0000,-277.8,324.4,0.0775,257.3,-341.0,0,0.0,0.0,0.0000,-12.89,2.49,14.80,1.92
4.1388,4.1363,2.4,0,97.1,-119.0,-3.0725,93.6,-110.8,-3.0604,-231.8,325.9,0.0000,-279.7,324.3,0.0484,256.7,-342.9,0,0.0,0.0,0.0000,-13.96,2.04,15.15,2.22
4.1475,4.1451,2.3,0,95.1,-115.9,-3.0619,91.5,-107.9,-3.0604,-235.3,323.7,0.0000,-284.5,320.0,0.0063,258.1,-341.6,0,0.0,0.0,0.0000,-13.65,1.89,15.21,2.58
4.1554,4.1530,2.3,0,92.2,-113.1,-3.0700,89.7,-105.4,-3.0604,-238.6,321.6,0.0000,-283.9,316.1,0.0386,260.5,-335.6,0,0.0,0.0,0.0000,-12.43,1.55,14.39,3.05
4.1638,4.1623,1.5,0,89.7,-111.6,-3.0620,87.4,-102.4,-3.0604,-242.2,318.2,0.0000,-285.4,316.4,0.0065,259.4,-338.1,0,0.0,0.0,0.0000,-11.34,1.35,14.94,2.89
4.1713,4.1701,1.2,0,87.1,-108.8,-3.0675,85.6,-99.9,-3.0604,-245.4,315.5,-0.0000,-285.9,312.6,0.0286,262.0,-332.9,0,0.0,0.0,0.0000,-12.13,0.84,15.64,2.69
4.1786,4.1785,0.1,0,84.1,-105.9,-3.0670,83.5,-97.3,-3.0604,-249.8,312.5,0.0000,-284.9,308.4,0.0265,261.1,-328.7,0,0.0,0.0,0.0000,-13.71,1.09,15.70,2.30
4.1874,4.1873,0.2,0,80.6,-103.2,-3.0640,81.3,-94.6,-3.0604,-253.8,309.4,-0.0000,-284.9,305.6,0.0145,260.4,-326.8,0,0.0,0.0,0.0000,-14.44,0.48,15.50,1.16
4.1949,4.1873,7.7,0,80.6,-103.2,-3.0640,81.3,-94.6,-3.0604,-253.8,309.4,-0.0000,-293.8,310.1,0.0145,268.8,-332.0,0,0.0,0.0,0.0000,-14.31,0.97,13.28,0.69
4.2033,4.1954,7.8,0,78.1,-100.5,-3.0677,79.2,-92.0,-3.0604,-257.1,306.5,0.0000,-295.3,305.6,0.0291,272.0,-326.5,0,0.0,0.0,0.0000,-15.29,0.37,12.51,1.70
4.2115,4.2038,7.7,0,75.6,-98.9,-3.0652,77.0,-89.5,-3.0604,-260.2,303.8,-0.0000,-297.3,304.4,0.0195,273.2,-326.2,0,0.0,0.0,0.0000,-16.51,0.05,14.67,3.08
4.2188,4.2127,6.1,0,72.8,-96.0,-3.0720,74.7,-86.8,-3.0604,-262.5,301.4,0.0000,-297.3,299.6,0.0464,275.8,-319.6,0,0.0,0.0,0.0000,-14.59,0.21,14.99,3.27
4.2273,4.2209,6.4,0,69.8,-93.4,-3.0661,72.5,-84.4,-3.0604,-266.0,298.5,-0.0000,-298.2,296.1,0.0230,275.0,-317.7,0,0.0,0.0,0.0000,-15.23,0.72,12.80,3.66
4.2352,4.2290,6.2,0,66.7,-91.6,-3.0627,70.3,-81.9,-3.0604,-270.5,295.1,0.0000,-297.9,294.8,0.0093,273.7,-317.3,0,0.0,0.0,0.0000,-14.82,0.84,16.18,3.41
4.2427,4.2381,4.6,0,63.0,-88.5,-3.0674,67.9,-79.3,-3.0604,-274.0,291.6,0.0000,-295.2,289.3,0.0280,272.9,-310.4,0,0.0,0.0,0.0000,-16.17,-0.04,16.33,3.50
4.2511,4.2487,2.3,0,60.6,-86.0,-3.0608,64.9,-76.2,-3.0604,-277.7,287.5,0.0000,-298.1,285.3,0.0015,274.0,-308.4,0,0.0,0.0,0.0000,-16.74,0.16,16.32,3.70
4.2596,4.2561,3.5,0,58.1,-84.6,-3.0630,62.9,-74.1,-3.0604,-280.3,285.1,-0.0000,-300.8,284.7,0.0107,277.6,-307.4,0,0.0,0.0,0.0000,-16.36,0.15,16.04,3.44
4.2666,4.2665,0.1,0,55.4,-80.6,-3.0660,59.9,-71.1,-3.0604,-284.1,281.5,0.0000,-300.9,275.9,0.0223,279.2,-297.8,0,0.0,0.0,0.0000,-16.01,0.10,15.45,3.42
4.2752,4.2718,3.4,0,52.0,-79.5,-3.0652,58.4,-69.7,-3.0604,-286.3,279.6,0.0000,-300.8,276.2,0.0194,278.9,-298.3,0,0.0,0.0,0.0000,-17.24,0.20,15.59,3.53
4.2828,4.2827,0.1,0,48.9,-77.0,-3.0698,55.3,-66.6,-3.0604,-290.7,275.8,-0.0000,-300.6,271.5,0.0377,280.3,-292.4,0,0.0,0.0,0.0000,-14.74,0.05,15.54,3.43
4.2916,4.2890,2.6,0,46.0,-74.1,-3.0659,53.5,-64.9,-3.0604,-292.8,272.6,0.0000,-302.2,265.7,0.0220,281.2,-287.8,0,0.0,0.0,0.0000,-15.25,-0.09,15.02,3.27
4.2996,4.2973,2.3,0,43.3,-72.5,-3.0706,51.0,-62.7,-3.0604,-295.8,268.7,0.0000,-303.8,264.7,0.0411,284.2,-285.6,0,0.0,0.0,0.0000,-15.12,-0.64,14.85,3.27
4.3075,4.3051,2.3,0,40.1,-70.0,-3.0684,48.7,-60.6,-3.0604,-298.7,265.9,-0.0000,-303.9,260.8,0.0320,284.0,-282.3,0,0.0,0.0,0.0000,-15.10,0.15,15.22,3.32
4.3147,4.3051,9.5,0,40.1,-70.0,-3.0684,48.7,-60.6,-3.0604,-298.7,265.9,-0.0000,-312.7,262.7,0.0320,292.6,-284.9,0,0.0,0.0,0.0000,-13.95,0.07,14.63,2.76
4.3237,4.3224,1.3,0,34.3,-65.4,-3.0672,43.5,-56.0,-3.0604,-304.4,259.4,-0.0000,-306.1,251.3,0.0272,286.6,-273.3,0,0.0,0.0,0.0000,-15.34,0.00,14.49,2.88
4.3307,4.3306,0.1,0,31.9,-63.0,-3.0699,40.9,-53.9,-3.0604,-307.1,256.3,0.0000,-307.4,246.6,0.0382,288.9,-268.0,0,0.0,0.0,0.0000,-15.59,-0.24,14.54,3.45
4.3392,4.3391,0.1,0,28.7,-60.5,-3.0699,38.3,-51.7,-3.0604,-310.3,252.6,-0.0000,-308.1,242.3,0.0381,290.0,-263.7,0,0.0,0.0,0.0000,-15.82,-0.39,14.38,3.04
4.3477,4.3391,8.6,0,28.7,-60.5,-3.0699,38.3,-51.7,-3.0604,-310.3,252.6,-0.0000,-318.3,244.7,0.0381,300.0,-266.9,0,0.0,0.0,0.0000,-17.42,-0.46,14.59,2.74
4.3550,4.3493,5.6,0,25.8,-58.7,-3.0763,35.1,-49.2,-3.0604,-313.8,248.3,0.0000,-318.4,241.4,0.0636,301.9,-261.7,0,0.0,0.0,0.0000,-14.73,-0.43,13.66,3.06
4.3627,4.3558,6.9,0,23.2,-56.0,-3.0835,33.1,-47.6,-3.0604,-315.8,245.7,0.0000,-320.3,235.6,0.0925,306.1,-253.8,0,0.0,0.0,0.0000,-14.59,-0.98,13.67,2.81
4.3713,4.3687,2.6,0,20.7,-53.4,-3.0825,29.0,-44.4,-3.0604,-319.8,239.8,0.0000,-323.2,230.1,0.0885,309.0,-248.8,0,0.0,0.0,0.0000,-16.16,-0.91,13.36,2.88
4.3796,4.3729,6.6,0,17.9,-51.7,-3.0854,27.7,-43.4,-3.0604,-321.1,237.7,0.0000,-325.2,226.7,0.1000,312.0,-244.6,0,0.0,0.0,0.0000,-15.47,-0.83,13.90,2.55
4.3875,4.3828,4.7,0,14.5,-48.9,-3.0921,24.5,-41.1,-3.0604,-324.3,233.9,-0.0000,-324.7,219.7,0.1267,313.5,-235.5,0,0.0,0.0,0.0000,-15.23,-1.22,14.51,2.13
4.3953,4.3898,5.5,0,11.6,-46.6,-3.1003,22.2,-39.5,-3.0604,-326.6,231.6,-0.0000,-325.5,214.8,0.1596,316.4,-228.1,0,0.0,0.0,0.0000,-15.23,-1.50,13.52,2.31
4.4029,4.3983,4.5,0,9.5,-44.6,-3.0898,19.4,-37.5,-3.0604,-329.3,227.5,-0.0000,-328.6,210.5,0.1176,317.2,-227.2,0,0.0,0.0,0.0000,-15.17,-1.41,13.48,3.00
4.4112,4.4066,4.6,0,6.6,-42.1,-3.0934,16.7,-35.7,-3.0604,-331.9,223.0,-0.0000,-330.1,205.4,0.1322,319.8,-221.1,0,0.0,0.0,0.0000,-14.75,-1.78,14.67,3.12
4.4194,4.4168,2.6,0,3.6,-40.3,-3.1016,13.3,-33.4,-3.0604,-334.7,218.9,0.0000,-331.4,202.2,0.1650,323.0,-215.3,0,0.0,0.0,0.0000,-14.84,-2.39,15.59,3.18
4.4270,4.4236,3.4,0,1.5,-38.7,-3.0913,11.0,-31.9,-3.0604,-336.6,216.1,0.0000,-334.9,197.7,0.1238,324.5,-214.3,0,0.0,0.0,0.0000,-15.34,-1.79,13.73,3.32
4.4356,4.4320,3.6,0,-1.7,-36.1,-3.1171,8.1,-30.1,-3.0604,-339.0,212.3,-0.0000,-336.5,190.3,0.2268,331.7,-198.5,0,0.0,0.0,0.0000,-15.18,-2.35,13.92,3.38
4.4432,4.4406,2.6,0,-4.1,-33.9,-3.1109,5.2,-28.3,-3.0604,-341.4,208.3,-0.0000,-338.2,184.9,0.2022,332.3,-195.2,0,0.0,0.0,0.0000,-15.48,-2.23,14.08,3.94
4.4512,4.4499,1.3,0,-7.1,-32.3,-3.1160,2.0,-26.4,-3.0604,-343.9,204.2,-0.0000,-339.0,181.2,0.2225,334.2,-189.8,0,0.0,0.0,0.0000,-15.38,-3.53,13.64,4.17
4.4595,4.4572,2.3,0,-9.5,-29.8,-3.1116,-0.5,-24.9,-3.0604,-345.9,200.9,-0.0000,-342.1,174.9,0.2050,336.7,-185.1,0,0.0,0.0,0.0000,-14.93,-2.45,13.98,4.00
4.4676,4.4661,1.5,0,-12.9,-27.5,-3.1180,-3.6,-23.2,-3.0604,-348.4,196.3,0.0000,-341.9,169.4,0.2307,337.9,-177.4,0,0.0,0.0,0.0000,-14.96,-2.05,13.55,3.64
4.4751,4.4739,1.2,0,-15.3,-25.8,-3.1140,-6.3,-21.6,-3.0604,-350.5,192.5,-0.0000,-344.5,164.8,0.2146,339.9,-174.2,0,0.0,0.0,0.0000,-14.56,-2.65,13.56,4.07
4.4830,4.4829,0.1,0,-17.4,-24.2,-3.1055,-9.5,-19.9,-3.0604,-352.6,188.5,-0.0000,-348.6,160.8,0.1806,342.5,-173.3,0,0.0,0.0,0.0000,-14.31,-2.65,13.49,3.97
4.4914,4.4913,0.1,0,-21.4,-21.3,-3.1252,-12.4,-18.4,-3.0604,-354.6,184.8,-0.0000,-346.9,152.2,0.2594,344.4,-157.9,0,0.0,0.0,0.0000,-14.36,-2.31,14.18,4.64
4.4989,4.4913,7.6,0,-21.4,-21.3,-3.1252,-12.4,-18.4,-3.0604,-354.6,184.8,-0.0000,-356.4,152.3,0.2594,353.9,-158.1,0,0.0,0.0,0.0000,-14.79,-2.16,14.01,5.03
4.5073,4.4996,7.8,0,-23.2,-19.6,-3.1151,-15.4,-16.8,-3.0604,-356.5,181.9,-0.0000,-361.1,147.9,0.2191,357.1,-157.4,0,0.0,0.0,0.0000,-13.28,-2.45,13.56,5.02
4.5153,4.5088,6.4,0,-26.0,-18.1,-3.1057,-18.7,-15.2,-3.0604,-358.9,177.3,-0.0000,-362.5,143.6,0.1815,357.2,-156.5,0,0.0,0.0,0.0000,-13.81,-2.64,13.63,5.53
4.5228,4.5166,6.2,0,-28.8,-15.4,-3.1243,-21.5,-13.8,-3.0604,-361.2,172.3,0.0000,-363.9,135.9,0.2558,361.5,-142.2,0,0.0,0.0,0.0000,-12.28,-2.76,14.23,6.06
4.5316,4.5166,15.0,0,-28.8,-15.4,-3.1243,-21.5,-13.8,-3.0604,-361.2,172.3,0.0000,-375.2,136.1,0.2558,372.8,-142.6,0,0.0,0.0,0.0000,-12.76,-2.57,13.95,5.99
4.5385,4.5331,5.4,0,-34.4,-12.5,-3.1195,-27.5,-11.0,-3.0604,-364.5,164.1,0.0000,-367.0,126.9,0.2365,364.1,-134.9,0,0.0,0.0,0.0000,-12.67,-2.34,13.65,5.75
4.5477,4.5418,6.0,0,-36.4,-10.8,-3.1097,-30.7,-9.6,-3.0604,-366.2,160.1,-0.0000,-372.7,120.6,0.1973,368.6,-132.4,0,0.0,0.0,0.0000,-12.27,-2.75,14.31,5.53
4.5557,4.5504,5.3,0,-40.3,-8.3,-3.1148,-33.8,-8.3,-3.0604,-367.8,156.5,0.0000,-370.3,113.2,0.2178,367.2,-123.1,0,0.0,0.0,0.0000,-12.86,-2.57,13.42,5.90
4.5631,4.5588,4.3,0,-42.9,-6.9,-3.1204,-36.9,-7.0,-3.0604,-369.8,152.4,-0.0000,-371.7,108.9,0.2403,369.4,-116.7,0,0.0,0.0,0.0000,-12.27,-3.06,13.66,6.45
4.5706,4.5672,3.4,0,-45.0,-5.2,-3.0978,-40.0,-5.7,-3.0604,-371.9,148.3,-0.0000,-375.2,103.2,0.1499,370.3,-119.5,0,0.0,0.0,0.0000,-13.03,-3.12,12.71,6.85
4.5796,4.5740,5.6,0,-47.9,-3.7,-3.1089,-42.6,-4.7,-3.0604,-373.2,144.7,-0.0000,-377.8,97.7,0.1939,374.4,-110.0,0,0.0,0.0,0.0000,-12.53,-3.08,12.39,7.09
4.5868,4.5844,2.4,0,-50.8,-1.7,-3.1100,-46.5,-3.2,-3.0604,-375.2,139.1,-0.0000,-378.3,91.4,0.1985,375.3,-103.3,0,0.0,0.0,0.0000,-10.41,-3.61,13.20,6.73
4.5949,4.5924,2.4,0,-54.1,-0.5,-3.1157,-49.5,-2.1,-3.0604,-376.4,135.3,0.0000,-379.0,87.7,0.2215,376.6,-97.4,0,0.0,0.0,0.0000,-7.28,-3.57,13.06,6.53
4.6038,4.6012,2.5,0,-55.9,0.6,-3.1151,-52.8,-1.0,-3.0604,-377.7,131.1,0.0000,-384.6,82.0,0.2188,382.2,-92.2,0,0.0,0.0,0.0000,-10.61,-3.06,12.93,6.47
4.6110,4.6097,1.4,0,-58.8,2.4,-3.0999,-56.0,0.1,-3.0604,-379.5,127.1,-0.0000,-384.9,75.0,0.1582,381.4,-91.0,0,0.0,0.0,0.0000,-11.10,-3.87,13.03,7.07
4.6193,4.6180,1.2,0,-61.7,4.3,-3.1113,-59.2,1.2,-3.0604,-381.1,123.0,-0.0000,-386.0,68.8,0.2036,383.7,-80.5,0,0.0,0.0,0.0000,-11.76,-3.91,13.15,7.48
4.6266,4.6265,0.1,0,-64.1,5.6,-3.1092,-62.4,2.2,-3.0604,-382.3,117.9,-0.0000,-387.8,64.0,0.1953,385.6,-76.6,0,0.0,0.0,0.0000,-12.46,-3.68,12.45,7.60
4.6350,4.6349,0.1,0,-68.0,6.5,-3.1098,-65.6,3.2,-3.0604,-383.5,113.3,-0.0000,-386.5,60.0,0.1977,384.4,-72.3,0,0.0,0.0,0.0000,-10.84,-3.47,12.68,7.18
4.6432,4.6431,0.1,0,-70.0,7.8,-3.1036,-68.8,4.1,-3.0604,-384.3,109.7,-0.0000,-390.5,54.7,0.1730,388.1,-69.4,0,0.0,0.0,0.0000,-13.88,-4.11,11.62,7.41
4.6512,4.6431,8.1,0,-70.0,7.8,-3.1036,-68.8,4.1,-3.0604,-384.3,109.7,-0.0000,-400.7,52.7,0.1730,398.4,-67.9,0,0.0,0.0,0.0000,-11.52,-4.96,8.64,8.26
4.6594,4.6518,7.6,0,-72.7,8.7,-3.0948,-72.1,5.0,-3.0604,-385.5,105.4,0.0000,-403.0,47.8,0.1378,400.4,-66.6,0,0.0,0.0,0.0000,-10.95,-5.66,10.03,8.84
4.6669,4.6603,6.6,0,-75.2,9.2,-3.0876,-75.4,5.9,-3.0604,-386.8,100.7,0.0000,-404.8,44.7,0.1091,401.8,-66.5,0,0.0,0.0,0.0000,-10.66,-5.13,11.08,8.77
4.6754,4.6669,8.4,0,-78.2,10.4,-3.0864,-78.0,6.5,-3.0604,-387.9,97.4,-0.0000,-406.3,39.1,0.1040,403.5,-61.5,0,0.0,0.0,0.0000,-11.55,-4.81,11.76,8.25
4.6834,4.6754,8.1,0,-82.5,12.3,-3.0948,-81.2,7.3,-3.0604,-389.3,93.7,-0.0000,-403.5,31.4,0.1377,401.6,-50.3,0,0.0,0.0,0.0000,-11.97,-6.17,11.84,7.39
4.6910,4.6838,7.2,0,-84.3,13.3,-3.0929,-84.5,8.1,-3.0604,-390.5,89.2,0.0000,-407.4,26.8,0.1301,405.6,-46.6,0,0.0,0.0,0.0000,-10.89,-6.64,11.95,8.37
4.6996,4.6923,7.3,0,-86.6,13.9,-3.0881,-87.8,8.8,-3.0604,-391.3,83.5,-0.0000,-410.5,22.7,0.1107,408.7,-44.7,0,0.0,0.0,0.0000,-11.88,-5.91,12.08,8.80
4.7071,4.7007,6.4,0,-90.0,14.3,-3.0966,-91.1,9.5,-3.0604,-392.1,79.1,0.0000,-409.2,19.5,0.1448,407.9,-37.9,0,0.0,0.0,0.0000,-12.44,-6.41,11.86,8.78
4.7156,4.7092,6.4,0,-93.2,14.7,-3.0828,-94.5,10.2,-3.0604,-392.7,75.4,-0.0000,-410.1,14.9,0.0896,408.5,-39.0,0,0.0,0.0,0.0000,-11.99,-6.79,10.83,8.78
4.7226,4.7175,5.1,0,-96.4,15.4,-3.0803,-97.8,10.8,-3.0604,-393.3,71.2,0.0000,-409.5,9.9,0.0796,408.1,-34.9,0,0.0,0.0,0.0000,-10.93,-7.22,10.55,8.66
4.7306,4.7261,4.6,0,-98.5,16.3,-3.0849,-101.1,11.4,-3.0604,-393.9,66.8,-0.0000,-412.9,4.9,0.0980,412.0,-28.3,0,0.0,0.0,0.0000,-12.66,-7.95,10.83,8.83
4.7389,4.7345,4.3,0,-101.4,16.7,-3.0800,-104.5,11.9,-3.0604,-394.8,62.1,-0.0000,-414.3,1.0,0.0787,413.4,-26.5,0,0.0,0.0,0.0000,-11.64,-8.32,10.68,9.30
4.7470,4.7430,4.0,0,-104.6,18.4,-3.0941,-107.8,12.4,-3.0604,-395.9,57.3,0.0000,-414.3,-6.7,0.1349,414.1,-13.0,0,0.0,0.0,0.0000,-11.64,-8.21,11.07,10.41
4.7547,4.7514,3.3,0,-107.7,18.7,-3.0893,-111.1,12.9,-3.0604,-396.5,53.0,-0.0000,-414.1,-10.2,0.1157,414.1,-11.5,0,0.0,0.0,0.0000,-12.00,-7.55,11.74,10.13
4.7632,4.7599,3.3,0,-111.2,19.2,-3.1015,-114.5,13.3,-3.0604,-397.1,48.6,0.0000,-413.6,-15.2,0.1644,413.8,-1.4,0,0.0,0.0,0.0000,-12.68,-7.86,11.37,10.07
4.7715,4.7683,3.2,0,-114.0,19.3,-3.0916,-117.8,13.7,-3.0604,-397.8,44.3,-0.0000,-415.2,-19.0,0.1250,415.6,-1.7,0,0.0,0.0,0.0000,-11.07,-7.30,11.21,9.54
4.7791,4.7768,2.4,0,-117.5,20.1,-3.0967,-121.2,14.1,-3.0604,-398.5,39.9,-0.0000,-413.7,-24.6,0.1453,414.4,6.0,0,0.0,0.0,0.0000,-11.12,-7.78,10.72,9.87
4.7871,4.7852,1.9,0,-120.5,20.2,-3.0871,-124.6,14.4,-3.0604,-398.2,35.7,0.0000,-414.2,-28.4,0.1070,415.1,5.8,0,0.0,0.0,0.0000,-11.42,-8.49,10.62,10.08
4.7956,4.7937,1.9,0,-122.7,20.8,-3.0904,-127.9,14.7,-3.0604,-398.2,31.4,0.0000,-417.8,-33.7,0.1202,419.0,12.2,0,0.0,0.0,0.0000,-12.11,-9.28,10.53,10.36
4.8031,4.7937,9.4,0,-122.7,20.8,-3.0904,-127.9,14.7,-3.0604,-398.2,31.4,0.0000,-426.8,-36.8,0.1202,428.1,15.0,0,0.0,0.0,0.0000,-11.22,-9.64,10.76,11.07
4.8115,4.8021,9.3,0,-127.0,20.8,-3.0812,-131.3,14.9,-3.0604,-399.1,26.0,-0.0000,-423.6,-40.8,0.0835,425.2,15.1,0,0.0,0.0,0.0000,-12.35,-9.31,10.44,11.13
4.8190,4.8106,8.5,0,-129.8,21.3,-3.0775,-134.7,15.1,-3.0604,-399.6,21.1,0.0000,-423.8,-46.3,0.0684,425.9,19.1,0,0.0,0.0,0.0000,-11.64,-9.59,9.74,11.41
4.8266,4.8190,7.6,0,-133.4,21.1,-3.0757,-138.1,15.3,-3.0604,-399.9,17.0,-0.0000,-422.2,-45.1,0.0613,424.2,17.2,0,0.0,0.0,0.0000,-11.62,-8.70,10.20,12.13
4.8348,4.8275,7.3,0,-136.9,21.0,-3.0896,-141.5,15.4,-3.0604,-400.1,12.7,-0.0000,-421.4,-45.9,0.1171,423.2,23.9,0,0.0,0.0,0.0000,-10.93,-8.56,9.85,11.05
4.8435,4.8359,7.6,0,-139.8,20.9,-3.0780,-144.8,15.5,-3.0604,-400.0,8.5,-0.0000,-423.3,-39.5,0.0705,424.9,12.5,0,0.0,0.0,0.0000,-10.32,-9.35,10.39,11.37
4.8508,4.8444,6.5,0,-142.7,20.6,-3.0967,-148.2,15.6,-3.0604,-399.9,4.0,0.0000,-423.2,-34.3,0.1453,424.3,15.2,0,0.0,0.0,0.0000,-11.81,-10.67,10.25,11.86
4.8591,4.8528,6.3,0,-145.8,20.7,-3.0850,-151.6,15.6,-3.0604,-399.9,-0.7,0.0000,-424.2,-30.9,0.0986,425.3,6.9,0,0.0,0.0,0.0000,-11.89,-10.80,9.54,12.66
4.8673,4.8612,6.1,0,-150.1,20.2,-3.0917,-155.0,15.5,-3.0604,-399.8,-5.3,0.0000,-421.6,-25.9,0.1252,422.4,4.9,0,0.0,0.0,0.0000,-11.14,-10.96,9.01,12.94
4.8747,4.8697,5.0,0,-152.6,19.9,-3.0868,-158.3,15.5,-3.0604,-399.8,-10.1,0.0000,-423.2,-21.1,0.1059,423.7,-2.1,0,0.0,0.0,0.0000,-12.13,-11.10,9.46,12.57
4.8830,4.8782,4.9,0,-157.2,19.4,-3.0890,-161.7,15.4,-3.0604,-399.8,-14.4,0.0000,-420.0,-15.6,0.1146,420.3,-6.5,0,0.0,0.0,0.0000,-10.62,-12.14,9.14,12.44
4.8911,4.8866,4.5,0,-159.2,18.6,-3.0849,-165.1,15.2,-3.0604,-399.8,-18.6,0.0000,-423.2,-8.7,0.0981,423.0,-15.3,0,0.0,0.0,0.0000,-11.17,-12.15,9.34,13.11
4.8996,4.8951,4.5,0,-162.5,17.5,-3.0660,-168.5,15.1,-3.0604,-399.5,-23.0,0.0000,-423.2,-0.8,0.0225,422.0,-31.1,0,0.0,0.0,0.0000,-11.48,-12.06,9.93,14.01
4.9069,4.9035,3.4,0,-166.0,17.1,-3.0743,-171.8,14.8,-3.0604,-399.0,-28.3,0.0000,-421.3,3.3,0.0558,420.1,-31.6,0,0.0,0.0,0.0000,-10.92,-12.10,9.49,13.54
4.9156,4.9120,3.6,0,-169.9,16.2,-3.0649,-175.2,14.6,-3.0604,-399.1,-27.8,-0.0000,-419.4,9.7,0.0181,417.4,-41.8,0,0.0,0.0,0.0000,-10.92,-11.14,9.82,13.71
4.9236,4.9204,3.2,0,-172.6,15.5,-3.0713,-178.6,14.4,-3.0604,-399.0,-29.2,-0.0000,-421.0,14.8,0.0437,418.9,-44.4,0,0.0,0.0,0.0000,-10.97,-11.05,9.52,13.79
4.9310,4.9289,2.1,0,-176.2,14.9,-3.0569,-182.0,14.1,-3.0604,-399.1,-23.2,0.0000,-419.1,19.3,-0.0139,416.0,-54.7,0,0.0,0.0,0.0000,-10.87,-10.97,9.32,14.50
4.9389,4.9374,1.6,0,-180.3,14.4,-3.0706,-185.3,14.0,-3.0604,-399.1,-18.5,-0.0000,-416.1,25.5,0.0410,413.2,-54.9,0,0.0,0.0,0.0000,-10.95,-11.80,9.83,13.83
4.9478,4.9458,2.0,0,-183.0,13.5,-3.0567,-188.7,13.8,-3.0604,-399.5,-14.9,0.0000,-418.5,32.8,-0.0147,414.2,-68.2,0,0.0,0.0,0.0000,-11.98,-11.86,9.21,13.82
4.9560,4.9542,1.8,0,-186.7,13.5,-3.0643,-192.1,13.7,-3.0604,-399.8,-10.9,0.0000,-416.5,37.2,0.0159,412.4,-69.3,0,0.0,0.0,0.0000,-10.84,-11.56,9.39,13.54
4.9627,4.9542,8.5,0,-186.7,13.5,-3.0643,-192.1,13.7,-3.0604,-399.8,-10.9,0.0000,-424.1,40.9,0.0159,419.7,-73.5,0,0.0,0.0,0.0000,-10.98,-11.34,9.35,13.45
4.9712,4.9627,8.6,0,-190.0,11.6,-3.0684,-195.5,13.6,-3.0604,-400.4,-6.1,-0.0000,-424.2,50.3,0.0322,419.4,-81.2,0,0.0,0.0,0.0000,-11.98,-11.08,9.80,13.40
4.9794,4.9711,8.3,0,-192.9,11.9,-3.0656,-198.8,13.6,-3.0604,-400.5,-1.4,0.0000,-424.7,53.3,0.0211,419.5,-85.4,0,0.0,0.0,0.0000,-11.65,-11.31,10.43,14.04
4.9869,4.9795,7.3,0,-196.4,10.2,-3.0515,-202.2,13.6,-3.0604,-400.1,3.9,-0.0000,-423.0,62.4,-0.0355,415.7,-100.2,0,0.0,0.0,0.0000,-10.97,-8.03,10.10,13.66
4.9952,4.9880,7.2,0,-199.9,9.3,-3.0576,-205.6,13.7,-3.0604,-399.8,8.6,0.0000,-422.3,69.3,-0.0111,415.0,-104.5,0,0.0,0.0,0.0000,-11.11,-6.70,9.75,13.73
5.0032,4.9964,6.8,0,-203.4,8.7,-3.0520,-209.0,13.8,-3.0604,-399.4,12.8,0.0000,-420.2,76.6,-0.0334,411.7,-113.9,0,0.0,0.0,0.0000,-12.04,-9.33,10.18,13.57
5.0115,5.0049,6.6,0,-207.5,8.2,-3.0558,-212.4,13.9,-3.0604,-399.3,16.9,0.0000,-416.4,83.7,-0.0182,407.7,-119.1,0,0.0,0.0,0.0000,-11.55,-10.02,9.68,13.36
5.0189,5.0134,5.5,0,-210.0,7.4,-3.0488,-215.7,14.0,-3.0604,-399.4,20.5,-0.0000,-417.8,90.2,-0.0465,407.6,-128.5,0,0.0,0.0,0.0000,-12.29,-10.53,10.12,10.91
5.0267,5.0218,4.9,0,-213.6,7.4,-3.0557,-219.1,14.2,-3.0604,-399.2,25.2,-0.0000,-416.2,94.7,-0.0188,406.6,-130.1,0,0.0,0.0,0.0000,-11.24,-11.08,9.64,9.32
5.0350,5.0302,4.8,0,-216.7,6.7,-3.0451,-222.5,14.5,-3.0604,-399.0,30.5,0.0000,-415.7,101.5,-0.0609,404.0,-141.0,0,0.0,0.0,0.0000,-11.89,-10.93,10.07,10.50
5.0432,5.0387,4.5,0,-220.9,6.4,-3.0549,-225.8,14.7,-3.0604,-398.4,35.2,-0.0000,-411.8,107.2,-0.0217,400.9,-142.4,0,0.0,0.0,0.0000,-12.30,-12.30,9.64,11.90
5.0507,5.0387,12.0,0,-220.9,6.4,-3.0549,-225.8,14.7,-3.0604,-398.4,35.2,-0.0000,-419.5,112.1,-0.0217,408.2,-148.0,0,0.0,0.0,0.0000,-12.13,-9.20,10.46,11.80
5.0590,5.0556,3.3,0,-226.8,4.7,-3.0474,-232.6,15.4,-3.0604,-397.4,44.0,-0.0000,-410.6,122.5,-0.0518,397.2,-160.5,0,0.0,0.0,0.0000,-11.27,-8.87,10.91,13.18
5.0672,5.0640,3.2,0,-230.1,4.3,-3.0391,-235.9,15.8,-3.0604,-397.1,47.9,-0.0000,-409.5,129.5,-0.0850,394.1,-170.8,0,0.0,0.0,0.0000,-11.50,-9.31,10.98,12.63
5.0755,5.0725,2.9,0,-233.4,3.9,-3.0518,-239.3,16.2,-3.0604,-396.8,52.3,0.0000,-408.5,136.7,-0.0345,394.6,-172.8,0,0.0,0.0,0.0000,-12.20,-9.68,10.85,11.39
5.0834,5.0725,10.9,0,-233.4,3.9,-3.0518,-239.3,16.2,-3.0604,-396.8,52.3,0.0000,-417.1,141.7,-0.0345,402.7,-178.5,0,0.0,0.0,0.0000,-11.85,-8.68,10.91,11.21
5.0916,5.0895,2.1,0,-240.4,2.8,-3.0433,-246.0,17.2,-3.0604,-395.0,61.9,0.0000,-404.7,150.3,-0.0684,388.0,-189.2,0,0.0,0.0,0.0000,-11.33,-8.79,10.35,11.39
5.0995,5.0978,1.6,0,-243.8,3.1,-3.0468,-249.3,17.7,-3.0604,-393.8,66.9,0.0000,-403.1,155.1,-0.0543,386.6,-192.5,0,0.0,0.0,0.0000,-11.62,-8.59,11.41,11.29
5.1071,5.0978,9.2,0,-243.8,3.1,-3.0468,-249.3,17.7,-3.0604,-393.8,66.9,0.0000,-411.4,160.6,-0.0543,394.3,-198.8,0,0.0,0.0,0.0000,-12.45,-8.67,11.86,11.05
5.1155,5.1063,9.2,0,-247.6,2.5,-3.0399,-252.6,18.3,-3.0604,-393.9,71.1,0.0000,-407.7,168.8,-0.0818,388.5,-209.3,0,0.0,0.0,0.0000,-11.62,-8.43,10.74,10.66
5.1231,5.1147,8.4,0,-250.0,3.0,-3.0442,-256.0,18.9,-3.0604,-393.4,75.3,0.0000,-407.6,173.2,-0.0648,388.8,-212.0,0,0.0,0.0,0.0000,-12.06,-8.12,11.79,10.65
5.1316,5.1232,8.4,0,-253.3,3.0,-3.0397,-259.3,19.6,-3.0604,-392.3,79.2,0.0000,-406.9,179.6,-0.0825,386.6,-220.1,0,0.0,0.0,0.0000,-11.83,-8.28,12.67,10.76
5.1396,5.1317,7.9,0,-256.6,3.4,-3.0422,-262.6,20.3,-3.0604,-391.2,83.4,-0.0000,-405.6,184.9,-0.0728,385.2,-224.2,0,0.0,0.0,0.0000,-7.34,-7.40,11.70,9.93
5.1474,5.1401,7.3,0,-259.7,3.6,-3.0400,-265.9,21.0,-3.0604,-389.7,87.8,0.0000,-403.6,189.5,-0.0817,382.3,-229.5,0,0.0,0.0,0.0000,-8.97,-7.28,11.86,9.45
5.1556,5.1487,6.9,0,-263.2,4.1,-3.0371,-269.2,21.8,-3.0604,-388.6,92.5,-0.0000,-401.2,193.8,-0.0931,378.8,-234.6,0,0.0,0.0,0.0000,-12.04,-6.91,12.31,9.39
5.1637,5.1570,6.7,0,-265.9,4.2,-3.0241,-272.5,22.6,-3.0604,-387.8,97.4,0.0000,-400.8,200.5,-0.1450,374.5,-246.1,0,0.0,0.0,0.0000,-11.52,-6.46,12.11,9.01
5.1716,5.1655,6.1,0,-269.7,4.7,-3.0373,-275.7,23.4,-3.0604,-386.8,101.7,-0.0000,-397.1,205.4,-0.0922,373.5,-245.6,0,0.0,0.0,0.0000,-13.05,-5.90,12.58,8.38
5.1790,5.1739,5.1,0,-271.8,5.3,-3.0257,-279.0,24.3,-3.0604,-385.8,105.4,0.0000,-397.5,210.1,-0.1389,370.5,-254.7,0,0.0,0.0,0.0000,-15.01,-6.34,12.03,7.34
5.1878,5.1829,4.9,0,-276.5,6.8,-3.0378,-282.5,25.3,-3.0604,-384.7,110.1,0.0000,-391.5,213.2,-0.0901,367.3,-252.6,0,0.0,0.0,0.0000,-12.36,-6.25,11.11,7.65
5.1952,5.1908,4.4,0,-279.0,7.2,-3.0358,-285.5,26.1,-3.0604,-384.1,114.2,0.0000,-391.6,217.7,-0.0982,366.4,-257.8,0,0.0,0.0,0.0000,-11.36,-4.96,12.00,7.81
5.2030,5.1992,3.8,0,-282.6,7.9,-3.0398,-288.7,27.1,-3.0604,-382.1,118.7,0.0000,-388.5,221.6,-0.0822,364.0,-259.9,0,0.0,0.0,0.0000,-12.31,-4.23,13.76,6.74
5.2110,5.2077,3.3,0,-284.6,8.2,-3.0372,-291.9,28.1,-3.0604,-379.8,123.2,-0.0000,-389.5,227.7,-0.0928,363.6,-267.0,0,0.0,0.0,0.0000,-12.54,-4.50,14.19,5.68
5.2191,5.2162,2.9,0,-288.4,9.1,-3.0314,-295.2,29.2,-3.0604,-379.1,127.6,0.0000,-385.6,232.0,-0.1157,357.8,-273.0,0,0.0,0.0,0.0000,-12.19,-4.77,12.92,5.23
5.2274,5.2246,2.8,0,-290.8,10.6,-3.0310,-298.4,30.3,-3.0604,-378.2,132.1,-0.0000,-385.4,235.0,-0.1175,357.1,-276.1,0,0.0,0.0,0.0000,-11.72,-4.17,12.49,5.51
5.2355,5.2330,2.5,0,-294.4,12.0,-3.0313,-301.5,31.4,-3.0604,-376.4,135.6,0.0000,-381.4,238.1,-0.1162,352.9,-278.6,0,0.0,0.0,0.0000,-15.26,-3.15,8.89,5.87
5.2433,5.2415,1.9,0,-297.1,13.5,-3.0376,-304.7,32.6,-3.0604,-374.7,139.4,-0.0000,-380.9,240.5,-0.0911,353.9,-278.8,0,0.0,0.0,0.0000,-14.11,-2.19,9.97,5.41
5.2512,5.2415,9.7,0,-297.1,13.5,-3.0376,-304.7,32.6,-3.0604,-374.7,139.4,-0.0000,-388.3,247.8,-0.0911,360.5,-286.7,0,0.0,0.0,0.0000,-13.30,-2.43,12.34,4.94
5.2592,5.2500,9.2,0,-299.1,14.2,-3.0342,-307.9,33.8,-3.0604,-373.1,144.0,0.0000,-388.7,252.8,-0.1045,359.4,-293.0,0,0.0,0.0,0.0000,-13.24,-2.28,13.26,4.48
5.2676,5.2584,9.1,0,-303.3,15.6,-3.0360,-311.0,35.0,-3.0604,-371.5,148.5,-0.0000,-383.1,256.3,-0.0976,353.9,-295.2,0,0.0,0.0,0.0000,-13.70,-2.55,12.99,4.38
5.2753,5.2668,8.5,0,-305.1,17.9,-3.0336,-314.1,36.3,-3.0604,-369.3,153.1,-0.0000,-384.6,256.5,-0.1070,354.7,-296.4,0,0.0,0.0,0.0000,-14.17,-1.89,13.75,4.58
5.2835,5.2753,8.3,0,-309.4,19.4,-3.0353,-317.3,37.6,-3.0604,-367.5,157.3,0.0000,-379.0,259.4,-0.1005,349.3,-298.1,0,0.0,0.0,0.0000,-13.93,-1.21,14.03,4.12
5.2919,5.2837,8.1,0,-311.1,20.3,-3.0363,-320.4,38.9,-3.0604,-366.5,160.7,-0.0000,-380.3,265.2,-0.0963,350.3,-303.7,0,0.0,0.0,0.0000,-14.88,-1.25,14.92,3.80
5.2996,5.2922,7.4,0,-314.7,21.9,-3.0433,-323.4,40.3,-3.0604,-364.9,164.7,0.0000,-375.3,267.9,-0.0682,347.2,-303.4,0,0.0,0.0,0.0000,-14.55,-1.38,13.83,3.10
5.3069,5.3006,6.3,0,-317.2,23.6,-3.0404,-326.5,41.7,-3.0604,-362.8,168.9,0.0000,-373.8,269.5,-0.0799,344.7,-305.9,0,0.0,0.0,0.0000,-14.37,-1.56,13.50,2.95
5.3151,5.3091,6.1,0,-320.3,25.8,-3.0398,-329.6,43.2,-3.0604,-360.6,173.1,-0.0000,-371.0,270.6,-0.0822,341.6,-306.9,0,0.0,0.0,0.0000,-15.32,-1.43,13.84,2.57
5.3231,5.3176,5.5,0,-323.9,27.9,-3.0440,-332.7,44.7,-3.0604,-358.0,177.3,-0.0000,-366.9,272.1,-0.0655,338.7,-306.6,0,0.0,0.0,0.0000,-14.43,-0.74,15.30,2.57
5.3313,5.3260,5.3,0,-326.3,29.4,-3.0444,-335.6,46.2,-3.0604,-356.2,181.4,-0.0000,-366.6,275.7,-0.0639,338.1,-310.0,0,0.0,0.0,0.0000,-14.32,-0.90,15.12,2.84
5.3392,5.3344,4.8,0,-329.8,32.2,-3.0472,-338.6,47.7,-3.0604,-354.9,185.5,0.0000,-361.6,275.3,-0.0528,334.0,-308.2,0,0.0,0.0,0.0000,-15.59,-1.90,13.89,2.88
5.3473,5.3429,4.4,0,-331.1,33.8,-3.0448,-341.6,49.3,-3.0604,-352.6,189.4,0.0000,-363.4,279.1,-0.0624,334.7,-312.9,0,0.0,0.0,0.0000,-15.32,-1.56,14.62,3.02
5.3548,5.3514,3.4,0,-335.4,35.7,-3.0524,-344.6,50.9,-3.0604,-350.1,193.2,-0.0000,-355.9,281.0,-0.0319,329.4,-311.6,0,0.0,0.0,0.0000,-16.20,-1.39,13.88,2.38
5.3626,5.3597,2.8,0,-337.9,38.2,-3.0574,-347.5,52.6,-3.0604,-348.1,197.0,-0.0000,-354.1,282.0,-0.0118,329.2,-310.8,0,0.0,0.0,0.0000,-16.70,-0.47,14.50,2.04
5.3716,5.3682,3.4,0,-340.6,41.2,-3.0668,-350.5,54.3,-3.0604,-346.3,200.7,-0.0000,-353.0,281.6,0.0257,331.0,-307.2,0,0.0,0.0,0.0000,-16.69,-0.37,15.09,1.98
5.3788,5.3767,2.1,0,-343.6,42.5,-3.0525,-353.4,56.0,-3.0604,-343.4,205.0,0.0000,-349.3,284.8,-0.0313,322.6,-314.7,0,0.0,0.0,0.0000,-16.45,-1.32,14.58,2.96
5.3870,5.3852,1.8,0,-345.6,45.7,-3.0678,-356.3,57.7,-3.0604,-340.8,209.3,0.0000,-348.7,283.9,0.0298,326.8,-308.9,0,0.0,0.0,0.0000,-16.95,-0.78,15.26,3.06
5.3946,5.3852,9.4,0,-345.6,45.7,-3.0678,-356.3,57.7,-3.0604,-340.8,209.3,0.0000,-353.6,291.8,0.0298,331.1,-317.1,0,0.0,0.0,0.0000,-19.15,-0.33,15.72,2.28
5.4038,5.4021,1.7,0,-352.2,49.5,-3.0586,-362.0,61.3,-3.0604,-336.1,216.1,-0.0000,-340.5,290.6,-0.0072,315.2,-317.8,0,0.0,0.0,0.0000,-17.77,0.79,15.12,1.79
5.4112,5.4021,9.1,0,-352.2,49.5,-3.0586,-362.0,61.3,-3.0604,-336.1,216.1,-0.0000,-345.7,298.9,-0.0072,319.7,-326.5,0,0.0,0.0,0.0000,-16.48,0.84,14.88,1.93
5.4193,5.4105,8.8,0,-356.3,52.8,-3.0625,-364.9,63.2,-3.0604,-334.4,220.0,-0.0000,-338.3,297.3,0.0086,313.8,-323.1,0,0.0,0.0,0.0000,-15.43,0.88,16.37,2.53
5.4276,5.4191,8.6,0,-358.3,55.2,-3.0585,-367.7,65.1,-3.0604,-332.1,223.9,0.0000,-337.7,298.9,-0.0074,311.7,-325.9,0,0.0,0.0,0.0000,-15.55,0.28,18.52,2.23
5.4350,5.4274,7.6,0,-360.1,57.2,-3.0739,-370.5,66.9,-3.0604,-328.8,227.7,0.0000,-336.7,300.8,0.0540,315.6,-322.9,0,0.0,0.0,0.0000,-16.99,0.36,17.34,2.07
5.4428,5.4358,6.9,0,-364.0,59.4,-3.0663,-373.2,68.9,-3.0604,-325.9,231.6,-0.0000,-329.8,302.6,0.0237,306.1,-326.6,0,0.0,0.0,0.0000,-15.89,0.76,16.77,2.34
5.4512,5.4443,6.9,0,-366.7,62.1,-3.0651,-376.0,70.9,-3.0604,-323.3,235.6,0.0000,-326.8,303.8,0.0188,302.6,-327.9,0,0.0,0.0,0.0000,-15.41,0.40,16.28,2.51
5.4590,5.4528,6.2,0,-370.4,64.5,-3.0593,-378.7,72.9,-3.0604,-320.7,239.1,-0.0000,-320.5,305.0,-0.0041,294.3,-330.3,0,0.0,0.0,0.0000,-14.15,1.31,17.41,1.82
5.4672,5.4612,6.0,0,-372.7,67.9,-3.0674,-381.4,74.9,-3.0604,-318.7,242.0,-0.0000,-318.4,304.3,0.0282,295.0,-327.0,0,0.0,0.0,0.0000,-15.91,1.59,17.74,1.87
5.4755,5.4697,5.9,0,-375.6,69.7,-3.0679,-384.1,77.0,-3.0604,-315.8,245.5,0.0000,-314.8,308.8,0.0300,291.2,-331.2,0,0.0,0.0,0.0000,-16.11,1.21,16.57,1.98
5.4829,5.4781,4.8,0,-378.1,73.0,-3.0595,-386.7,79.0,-3.0604,-312.5,249.0,0.0000,-311.0,306.8,-0.0035,284.8,-331.3,0,0.0,0.0,0.0000,-16.85,1.07,16.52,2.14
5.4906,5.4865,4.1,0,-382.1,75.6,-3.0716,-389.3,81.2,-3.0604,-309.8,252.8,0.0000,-302.8,307.4,0.0450,280.6,-327.8,0,0.0,0.0,0.0000,-15.53,1.84,16.20,1.97
5.4994,5.4950,4.4,0,-384.5,77.8,-3.0633,-392.0,83.3,-3.0604,-307.3,256.9,0.0000,-301.2,310.7,0.0119,276.0,-333.3,0,0.0,0.0,0.0000,-15.70,2.15,16.15,1.97
5.5076,5.5034,4.2,0,-387.3,80.9,-3.0745,-394.5,85.5,-3.0604,-304.2,260.1,-0.0000,-297.7,310.2,0.0565,276.3,-329.5,0,0.0,0.0,0.0000,-15.28,2.21,16.29,1.85
5.5148,5.5119,3.0,0,-390.7,82.9,-3.0575,-397.1,87.7,-3.0604,-301.2,263.3,-0.0000,-290.4,313.4,-0.0114,263.0,-336.7,0,0.0,0.0,0.0000,-15.02,1.86,16.91,1.69
5.5234,5.5202,3.2,0,-393.1,87.2,-3.0752,-399.6,89.9,-3.0604,-298.1,266.5,0.0000,-286.6,311.1,0.0595,265.3,-329.4,0,0.0,0.0,0.0000,-14.82,2.05,17.44,1.52
5.5306,5.5287,1.9,0,-396.7,89.0,-3.0613,-402.1,92.2,-3.0604,-295.1,269.7,0.0000,-279.5,313.6,0.0039,253.5,-335.0,0,0.0,0.0,0.0000,-15.23,2.16,17.08,1.40
5.5391,5.5372,1.9,0,-398.8,92.5,-3.0683,-404.6,94.5,-3.0604,-292.0,272.9,0.0000,-276.8,312.5,0.0316,253.2,-332.0,0,0.0,0.0,0.0000,-15.13,2.57,16.81,1.94
5.5476,5.5457,1.9,0,-402.9,95.1,-3.0705,-407.1,96.8,-3.0604,-289.0,276.1,-0.0000,-269.6,314.9,0.0405,246.6,-333.2,0,0.0,0.0,0.0000,-15.98,2.84,16.90,1.92
5.5550,5.5457,9.3,0,-402.9,95.1,-3.0705,-407.1,96.8,-3.0604,-289.0,276.1,-0.0000,-273.8,323.6,0.0405,250.1,-342.2,0,0.0,0.0,0.0000,-16.02,2.82,17.40,1.61
5.5634,5.5541,9.3,0,-404.7,97.7,-3.0571,-409.5,99.2,-3.0604,-286.0,279.9,-0.0000,-271.1,325.8,-0.0131,242.7,-347.5,0,0.0,0.0,0.0000,-12.62,2.27,17.09,1.16
5.5717,5.5625,9.1,0,-407.4,101.1,-3.0775,-411.9,101.5,-3.0604,-282.9,283.4,-0.0000,-265.9,325.7,0.0686,244.5,-342.0,0,0.0,0.0,0.0000,-11.31,2.60,16.24,1.67
5.5786,5.5710,7.6,0,-411.1,103.5,-3.0554,-414.3,103.9,-3.0604,-279.2,286.1,-0.0000,-257.7,326.5,-0.0198,228.6,-347.5,0,0.0,0.0,0.0000,-14.10,1.85,17.29,1.61
5.5870,5.5795,7.5,0,-412.7,107.7,-3.0552,-416.6,106.4,-3.0604,-276.0,289.0,0.0000,-256.0,323.7,-0.0206,227.1,-344.6,0,0.0,0.0,0.0000,-14.94,3.12,17.34,1.56
5.5952,5.5879,7.3,0,-414.9,110.6,-3.0629,-418.9,108.8,-3.0604,-273.9,291.6,0.0000,-252.8,324.7,0.0100,226.5,-343.5,0,0.0,0.0,0.0000,-15.07,3.22,15.97,0.64
5.6031,5.5964,6.7,0,-418.6,113.3,-3.0708,-421.2,111.3,-3.0604,-270.5,294.9,-0.0000,-245.0,326.2,0.0416,221.3,-342.7,0,0.0,0.0,0.0000,-15.07,3.19,16.73,0.03
5.6111,5.6048,6.3,0,-421.3,116.1,-3.0650,-423.5,113.8,-3.0604,-265.9,299.1,0.0000,-239.8,327.0,0.0185,214.1,-344.4,0,0.0,0.0,0.0000,-15.06,3.72,15.99,-0.38
5.6194,5.6133,6.1,0,-424.7,118.6,-3.0695,-425.7,116.4,-3.0604,-262.3,302.0,0.0000,-233.0,329.2,0.0366,208.7,-345.1,0,0.0,0.0,0.0000,-14.50,3.63,16.85,-0.19
5.6269,5.6217,5.3,0,-426.3,122.0,-3.0703,-427.9,118.9,-3.0604,-258.8,304.3,-0.0000,-230.2,328.8,0.0397,206.2,-344.4,0,0.0,0.0,0.0000,-15.32,2.97,17.68,-0.78
5.6354,5.6301,5.2,0,-428.5,125.5,-3.0737,-430.1,121.5,-3.0604,-256.0,307.1,0.0000,-226.0,329.1,0.0534,203.1,-343.7,0,0.0,0.0,0.0000,-14.58,3.08,13.58,-0.58
5.6430,5.6386,4.4,0,-432.0,127.8,-3.0675,-432.3,124.1,-3.0604,-253.8,310.0,-0.0000,-217.9,331.1,0.0284,192.8,-346.3,0,0.0,0.0,0.0000,-14.95,2.84,11.28,-0.69
5.6513,5.6470,4.2,0,-433.8,130.5,-3.0732,-434.4,126.7,-3.0604,-249.7,313.0,0.0000,-214.9,333.0,0.0513,191.6,-346.9,0,0.0,0.0,0.0000,-14.88,3.53,13.30,-1.49
5.6591,5.6470,12.1,0,-433.8,130.5,-3.0732,-434.4,126.7,-3.0604,-249.7,313.0,0.0000,-217.5,342.5,0.0513,193.6,-356.6,0,0.0,0.0,0.0000,-14.81,2.69,14.29,-1.85
5.6666,5.6639,2.7,0,-438.8,136.4,-3.0699,-438.5,132.1,-3.0604,-241.7,318.6,0.0000,-205.1,334.1,0.0382,180.6,-347.9,0,0.0,0.0,0.0000,-14.64,3.12,15.05,-1.72
5.6746,5.6724,2.2,0,-440.5,140.3,-3.0923,-440.6,134.8,-3.0604,-237.8,321.2,0.0000,-201.9,332.1,0.1279,185.3,-341.6,0,0.0,0.0,0.0000,-14.32,3.15,14.65,-1.94
5.6829,5.6808,2.1,0,-443.5,141.9,-3.0828,-442.6,137.5,-3.0604,-234.5,323.9,-0.0000,-194.6,337.0,0.0897,174.5,-347.9,0,0.0,0.0,0.0000,-14.89,3.02,13.92,-2.50
5.6909,5.6892,1.7,0,-445.3,145.8,-3.0872,-444.5,140.2,-3.0604,-231.1,326.5,0.0000,-190.4,335.8,0.1074,171.8,-345.6,0,0.0,0.0,0.0000,-14.73,3.31,13.56,-2.85
5.6992,5.6892,10.0,0,-445.3,145.8,-3.0872,-444.5,140.2,-3.0604,-231.1,326.5,0.0000,-191.5,346.8,0.1074,172.4,-356.7,0,0.0,0.0,0.0000,-14.17,4.42,13.12,-2.84
5.7070,5.6977,9.3,0,-447.4,148.8,-3.0868,-446.5,143.0,-3.0604,-227.7,328.5,-0.0000,-187.7,347.0,0.1056,168.4,-356.8,0,0.0,0.0,0.0000,-14.18,3.92,13.71,-2.41
5.7157,5.7062,9.5,0,-448.5,151.9,-3.1000,-448.4,145.8,-3.0604,-224.2,330.9,-0.0000,-186.6,348.4,0.1586,171.9,-355.9,0,0.0,0.0,0.0000,-13.65,3.81,13.01,-2.72
5.7230,5.7146,8.4,0,-451.6,154.3,-3.1022,-450.3,148.6,-3.0604,-219.9,334.2,0.0000,-178.7,350.1,0.1672,164.8,-356.8,0,0.0,0.0,0.0000,-13.81,4.00,13.06,-3.08
5.7314,5.7231,8.3,0,-452.8,157.3,-3.0947,-452.1,151.5,-3.0604,-215.9,337.0,-0.0000,-176.6,351.3,0.1374,159.9,-359.2,0,0.0,0.0,0.0000,-13.54,3.56,13.61,-3.41
5.7394,5.7315,7.8,0,-454.7,160.6,-3.1074,-453.9,154.3,-3.0604,-212.1,339.1,-0.0000,-171.6,351.3,0.1881,159.5,-357.0,0,0.0,0.0,0.0000,-12.30,3.66,12.11,-3.82
5.7471,5.7400,7.1,0,-457.6,163.3,-3.1019,-455.7,157.2,-3.0604,-208.5,341.4,0.0000,-163.8,353.1,0.1661,149.7,-359.3,0,0.0,0.0,0.0000,-11.84,4.46,11.95,-3.18
5.7555,5.7485,7.0,0,-459.2,166.5,-3.1064,-457.4,160.1,-3.0604,-205.3,343.7,0.0000,-159.6,354.0,0.1839,147.0,-359.4,0,0.0,0.0,0.0000,-11.91,4.09,11.91,-3.37
5.7634,5.7569,6.6,0,-460.3,169.1,-3.1105,-459.1,163.0,-3.0604,-201.4,345.8,0.0000,-156.6,356.5,0.2006,145.4,-361.2,0,0.0,0.0,0.0000,-12.01,4.33,13.00,-3.04
5.7714,5.7653,6.0,0,-461.5,172.2,-3.1219,-460.8,165.9,-3.0604,-197.2,347.5,-0.0000,-154.7,357.0,0.2460,147.6,-360.0,0,0.0,0.0,0.0000,-12.02,4.30,12.25,-2.71
5.7788,5.7738,5.1,0,-464.1,174.9,-3.1296,-462.5,168.9,-3.0604,-192.8,350.1,0.0000,-148.4,358.2,0.2768,144.1,-359.9,0,0.0,0.0,0.0000,-11.50,4.71,12.87,-3.25
5.7874,5.7822,5.1,0,-464.9,178.4,-3.1276,-464.1,171.8,-3.0604,-188.1,353.1,-0.0000,-146.3,358.4,0.2690,141.3,-360.4,0,0.0,0.0,0.0000,-11.90,4.86,11.69,-3.11
5.7956,5.7907,4.9,0,-466.2,181.1,-3.1153,-465.7,174.8,-3.0604,-184.5,355.1,0.0000,-142.9,360.6,0.2198,133.4,-364.3,0,0.0,0.0,0.0000,-10.45,4.56,11.93,-3.04
5.8037,5.7991,4.6,0,-467.5,183.7,-3.1184,-467.2,177.8,-3.0604,-181.3,357.0,0.0000,-138.7,363.3,0.2321,130.2,-366.5,0,0.0,0.0,0.0000,-10.95,5.02,12.22,-3.01
5.8107,5.8076,3.1,0,-469.0,187.4,-3.1264,-468.7,180.9,-3.0604,-177.4,358.6,-0.0000,-133.7,361.2,0.2641,128.2,-363.2,0,0.0,0.0,0.0000,-10.61,5.74,11.36,-3.85
5.8192,5.8076,11.5,0,-469.0,187.4,-3.1264,-468.7,180.9,-3.0604,-177.4,358.6,-0.0000,-134.4,371.6,0.2641,128.8,-373.6,0,0.0,0.0,0.0000,-9.68,6.20,11.80,-3.37
5.8273,5.8246,2.8,0,-471.2,193.3,-3.1335,-471.7,187.0,-3.0604,-169.0,362.3,0.0000,-128.2,363.8,0.2926,125.3,-364.9,0,0.0,0.0,0.0000,-10.30,6.25,12.33,-3.04
5.8348,5.8329,1.9,0,-472.7,195.3,-3.1176,-473.1,190.0,-3.0604,-164.6,364.3,0.0000,-123.8,367.3,0.2291,114.9,-370.1,0,0.0,0.0,0.0000,-10.17,5.84,11.71,-3.16
5.8431,5.8414,1.7,0,-473.6,198.8,-3.1137,-474.4,193.1,-3.0604,-160.0,366.4,0.0000,-121.1,367.3,0.2134,110.8,-370.5,0,0.0,0.0,0.0000,-9.27,6.46,12.07,-2.98
5.8506,5.8414,9.3,0,-473.6,198.8,-3.1137,-474.4,193.1,-3.0604,-160.0,366.4,0.0000,-120.5,376.8,0.2134,110.0,-380.0,0,0.0,0.0,0.0000,-10.46,6.68,12.07,-2.57
5.8592,5.8498,9.4,0,-474.2,201.3,-3.1152,-475.8,196.2,-3.0604,-155.6,368.4,0.0000,-118.0,380.3,0.2193,107.9,-383.3,0,0.0,0.0,0.0000,-8.02,7.16,12.62,-3.12
5.8671,5.8584,8.7,0,-475.2,204.5,-3.1167,-477.1,199.4,-3.0604,-152.4,369.9,0.0000,-114.2,380.1,0.2255,104.8,-382.8,0,0.0,0.0,0.0000,-7.40,7.12,12.54,-2.97
5.8756,5.8667,8.8,0,-476.2,207.5,-3.1129,-478.3,202.5,-3.0604,-148.8,371.4,-0.0000,-110.3,381.6,0.2103,99.4,-384.6,0,0.0,0.0,0.0000,-7.44,6.95,12.36,-3.25
5.8829,5.8752,7.7,0,-477.7,210.1,-3.1075,-479.6,205.6,-3.0604,-144.6,373.1,0.0000,-105.9,383.2,0.1886,92.8,-386.6,0,0.0,0.0,0.0000,-7.60,7.15,12.49,-2.92
5.8914,5.8836,7.7,0,-478.7,213.4,-3.1044,-480.8,208.8,-3.0604,-140.2,374.8,0.0000,-102.5,384.3,0.1760,88.1,-387.9,0,0.0,0.0,0.0000,-8.46,6.73,13.23,-2.94
5.8994,5.8920,7.4,0,-479.9,215.8,-3.1015,-481.9,211.9,-3.0604,-134.9,376.6,0.0000,-97.7,386.7,0.1645,82.1,-390.3,0,0.0,0.0,0.0000,-6.84,8.67,11.94,-3.12
5.9069,5.9005,6.4,0,-480.1,219.9,-3.1033,-483.1,215.1,-3.0604,-130.6,378.1,0.0000,-96.0,383.7,0.1716,81.3,-387.1,0,0.0,0.0,0.0000,-7.05,8.63,12.43,-3.65
5.9151,5.9090,6.1,0,-480.8,221.8,-3.0988,-484.2,218.3,-3.0604,-127.1,379.3,0.0000,-92.6,388.3,0.1537,75.9,-391.9,0,0.0,0.0,0.0000,-6.86,7.79,12.06,-3.54
5.9233,5.9176,5.7,0,-481.1,224.7,-3.0992,-485.2,221.6,-3.0604,-122.9,380.7,0.0000,-90.2,389.9,0.1554,73.6,-393.4,0,0.0,0.0,0.0000,-7.23,8.31,11.79,-3.31
5.9311,5.9259,5.3,0,-481.7,227.8,-3.0999,-486.2,224.8,-3.0604,-118.8,382.0,0.0000,-86.9,390.7,0.1581,70.5,-394.0,0,0.0,0.0,0.0000,-7.45,7.12,11.47,-4.23
5.9386,5.9343,4.3,0,-484.2,230.6,-3.0973,-487.2,228.0,-3.0604,-114.3,383.4,-0.0000,-77.9,392.0,0.1476,60.5,-395.1,0,0.0,0.0,0.0000,-6.68,4.21,10.24,-4.65
5.9469,5.9428,4.2,0,-484.5,233.7,-3.0898,-488.2,231.2,-3.0604,-109.8,384.8,0.0000,-75.8,392.4,0.1177,55.4,-395.8,0,0.0,0.0,0.0000,-7.83,4.57,10.64,-4.39
5.9546,5.9517,2.9,0,-485.7,236.2,-3.0764,-489.1,234.7,-3.0604,-105.0,385.9,-0.0000,-71.4,393.8,0.0642,45.6,-397.6,0,0.0,0.0,0.0000,-7.09,6.48,10.51,-4.08
5.9629,5.9596,3.2,0,-485.5,238.9,-3.0770,-489.9,237.8,-3.0604,-100.5,386.8,0.0000,-69.5,396.3,0.0667,43.8,-399.9,0,0.0,0.0,0.0000,-7.25,7.13,10.62,-4.76
5.9713,5.9681,3.2,0,-486.6,242.4,-3.0823,-490.8,241.0,-3.0604,-96.8,388.1,0.0000,-63.6,396.3,0.0876,40.0,-399.4,0,0.0,0.0,0.0000,-7.58,7.28,10.75,-4.83
5.9795,5.9766,2.9,0,-486.5,245.8,-3.0819,-491.6,244.3,-3.0604,-93.0,389.6,-0.0000,-61.8,396.4,0.0862,38.0,-399.4,0,0.0,0.0,0.0000,-7.77,7.89,10.14,-4.86
5.9869,5.9766,10.4,0,-486.5,245.8,-3.0819,-491.6,244.3,-3.0604,-93.0,389.6,-0.0000,-59.7,405.8,0.0862,35.4,-408.6,0,0.0,0.0,0.0000,-7.22,8.47,10.94,-5.71
5.9950,5.9856,9.3,0,-487.3,248.4,-3.0917,-492.4,247.9,-3.0604,-87.9,390.1,0.0000,-55.3,407.6,0.1253,34.9,-409.8,0,0.0,0.0,0.0000,-7.07,8.71,11.79,-5.86
6.0036,5.9935,10.1,0,-487.7,250.9,-3.0839,-493.1,250.9,-3.0604,-83.7,390.8,0.0000,-52.0,410.6,0.0941,28.2,-413.0,0,0.0,0.0,0.0000,-7.68,8.29,11.81,-5.54
6.0115,6.0024,9.0,0,-487.6,254.3,-3.0921,-493.8,254.4,-3.0604,-78.8,392.0,-0.0000,-50.2,409.9,0.1271,29.9,-411.9,0,0.0,0.0,0.0000,-8.53,7.58,10.65,-6.06
6.0195,6.0107,8.8,0,-488.5,256.6,-3.0840,-494.4,257.7,-3.0604,-74.4,393.0,0.0000,-45.2,412.8,0.0946,21.4,-414.7,0,0.0,0.0,0.0000,-7.40,8.03,9.34,-6.50
6.0265,6.0191,7.5,0,-488.9,260.9,-3.0899,-495.0,261.0,-3.0604,-69.7,394.2,-0.0000,-41.3,408.8,0.1182,20.1,-410.3,0,0.0,0.0,0.0000,-7.07,8.07,9.45,-6.49
6.0355,6.0273,8.2,0,-491.2,262.9,-3.0739,-495.6,264.2,-3.0604,-65.5,394.9,-0.0000,-31.5,413.8,0.0541,3.4,-415.0,0,0.0,0.0,0.0000,-6.99,9.20,10.35,-6.95
6.0427,6.0357,7.0,0,-490.5,266.4,-3.0879,-496.1,267.5,-3.0604,-62.0,394.9,0.0000,-30.5,411.4,0.1103,8.3,-412.5,0,0.0,0.0,0.0000,-7.21,8.83,10.47,-7.40
6.0507,6.0441,6.6,0,-490.9,269.0,-3.0829,-496.6,270.9,-3.0604,-57.6,395.4,0.0000,-25.8,412.7,0.0902,1.5,-413.5,0,0.0,0.0,0.0000,-6.67,8.39,10.06,-7.27
6.0592,6.0526,6.6,0,-491.4,272.4,-3.0788,-497.1,274.2,-3.0604,-52.3,396.3,0.0000,-21.7,413.2,0.0737,-4.2,-413.8,0,0.0,0.0,0.0000,-7.52,8.56,9.77,-6.71
6.0677,6.0611,6.6,0,-491.6,275.3,-3.0827,-497.5,277.6,-3.0604,-47.6,397.0,-0.0000,-18.4,414.9,0.0892,-6.1,-415.3,0,0.0,0.0,0.0000,-8.07,8.51,9.62,-7.87
6.0751,6.0695,5.6,0,-492.3,278.2,-3.0751,-497.9,280.9,-3.0604,-43.1,397.8,0.0000,-13.3,414.9,0.0588,-14.3,-414.8,0,0.0,0.0,0.0000,-7.67,8.43,10.43,-8.58
6.0831,6.0780,5.2,0,-492.9,282.0,-3.0958,-498.3,284.3,-3.0604,-38.7,398.2,0.0000,-8.5,413.3,0.1417,-10.4,-413.2,0,0.0,0.0,0.0000,-7.25,8.93,10.36,-7.67
6.0913,6.0865,4.8,0,-492.8,284.6,-3.0845,-498.6,287.7,-3.0604,-34.4,398.5,-0.0000,-4.3,414.9,0.0966,-19.4,-414.5,0,0.0,0.0,0.0000,-6.75,9.16,10.07,-7.87
6.0991,6.0948,4.2,0,-493.0,288.2,-3.0962,-498.8,291.0,-3.0604,-30.2,398.9,-0.0000,0.8,413.1,0.1433,-19.6,-412.6,0,0.0,0.0,0.0000,-7.43,9.22,9.92,-7.71
6.1068,6.0948,11.9,0,-493.0,288.2,-3.0962,-498.8,291.0,-3.0604,-30.2,398.9,-0.0000,3.6,422.0,0.1433,-22.7,-421.4,0,0.0,0.0,0.0000,-8.08,9.13,9.39,-8.93
6.1153,6.1117,3.6,0,-493.0,295.0,-3.1029,-499.3,297.7,-3.0604,-21.4,399.6,0.0000,6.9,411.6,0.1702,-22.8,-411.0,0,0.0,0.0,0.0000,-6.55,9.09,9.00,-8.57
6.1233,6.1203,3.0,0,-493.9,298.0,-3.0990,-499.4,301.2,-3.0604,-16.8,400.1,-0.0000,13.2,411.9,0.1545,-30.7,-411.0,0,0.0,0.0,0.0000,-6.97,9.45,8.85,-8.18
6.1317,6.1286,3.0,0,-493.5,301.0,-3.1011,-499.6,304.5,-3.0604,-11.7,399.6,-0.0000,15.9,412.7,0.1631,-32.6,-411.7,0,0.0,0.0,0.0000,-7.25,9.81,9.57,-8.02
6.1387,6.1286,10.1,0,-493.5,301.0,-3.1011,-499.6,304.5,-3.0604,-11.7,399.6,-0.0000,19.7,420.9,0.1631,-36.8,-419.8,0,0.0,0.0,0.0000,-7.43,10.14,9.33,-8.14
6.1469,6.1371,9.8,0,-493.6,304.2,-3.1056,-499.6,307.9,-3.0604,-6.6,399.3,-0.0000,24.7,420.8,0.1808,-39.8,-419.7,0,0.0,0.0,0.0000,-7.28,10.85,8.85,-8.50
6.1558,6.1541,1.6,0,-493.9,311.2,-3.1081,-499.7,314.7,-3.0604,1.0,400.2,-0.0000,30.3,409.5,0.1910,-44.0,-408.3,0,0.0,0.0,0.0000,-7.85,11.02,9.22,-8.49
6.1634,6.1541,9.2,0,-493.9,311.2,-3.1081,-499.7,314.7,-3.0604,1.0,400.2,-0.0000,34.7,417.7,0.1910,-48.6,-416.3,0,0.0,0.0,0.0000,-7.53,10.35,9.68,-8.46
6.1708,6.1625,8.3,0,-493.5,314.4,-3.1097,-499.7,318.1,-3.0604,5.1,400.2,0.0000,37.5,416.9,0.1973,-50.8,-415.5,0,0.0,0.0,0.0000,-7.32,10.91,9.62,-9.06
6.1792,6.1709,8.2,0,-493.8,318.0,-3.1109,-499.6,321.4,-3.0604,9.7,400.1,-0.0000,43.1,415.7,0.2020,-55.8,-414.2,0,0.0,0.0,0.0000,-7.08,10.07,9.18,-9.51
6.1872,6.1794,7.9,0,-493.5,321.4,-3.1108,-499.5,324.8,-3.0604,15.7,399.8,0.0000,46.4,414.6,0.2016,-59.1,-413.0,0,0.0,0.0,0.0000,-6.64,10.70,8.91,-9.45
6.1957,6.1879,7.8,0,-494.2,324.9,-3.1131,-499.3,328.2,-3.0604,20.5,399.6,-0.0000,52.8,413.7,0.2108,-64.5,-412.1,0,0.0,0.0,0.0000,-6.83,10.93,6.36,-9.34
6.2026,6.1963,6.3,0,-493.3,328.1,-3.1072,-499.1,331.6,-3.0604,24.0,399.2,0.0000,54.9,411.5,0.1875,-69.0,-409.4,0,0.0,0.0,0.0000,-6.34,11.92,6.34,-6.45
6.2108,6.2047,6.1,0,-493.6,331.4,-3.1084,-498.9,334.9,-3.0604,28.1,398.9,-0.0000,61.6,410.5,0.1920,-75.2,-408.3,0,0.0,0.0,0.0000,-7.60,10.79,7.80,-4.96
6.2186,6.2131,5.5,0,-493.2,334.7,-3.1074,-498.7,338.3,-3.0604,32.5,398.5,-0.0000,65.4,408.9,0.1880,-79.3,-406.4,0,0.0,0.0,0.0000,-2.71,10.84,8.18,-7.31
6.2269,6.2217,5.2,0,-493.4,337.7,-3.1110,-498.4,341.7,-3.0604,37.1,398.3,0.0000,71.3,408.9,0.2023,-83.8,-406.5,0,0.0,0.0,0.0000,-1.75,12.00,9.39,-8.91
6.2352,6.2300,5.2,0,-492.8,341.1,-3.1063,-498.0,345.0,-3.0604,41.8,398.2,0.0000,74.0,408.0,0.1836,-88.4,-405.1,0,0.0,0.0,0.0000,-4.48,11.94,9.18,-9.30
6.2431,6.2385,4.6,0,-492.7,344.6,-3.1115,-497.7,348.4,-3.0604,46.5,397.3,0.0000,78.0,406.4,0.2045,-90.2,-403.9,0,0.0,0.0,0.0000,-5.94,11.74,8.88,-9.64
6.2514,6.2470,4.5,0,-492.5,348.0,-3.1075,-497.3,351.7,-3.0604,51.3,396.1,-0.0000,84.1,404.4,0.1884,-97.9,-401.2,0,0.0,0.0,0.0000,-5.39,12.19,8.81,-9.84
6.2595,6.2556,4.0,0,-491.9,351.6,-3.1249,-496.8,355.1,-3.0604,55.7,395.8,0.0000,88.6,401.6,0.2581,-95.3,-400.1,0,0.0,0.0,0.0000,-5.26,12.32,9.76,-10.43
6.2672,6.2638,3.3,0,-490.7,354.2,-3.1135,-496.3,358.4,-3.0604,60.0,395.6,0.0000,89.9,402.2,0.2125,-101.1,-399.5,0,0.0,0.0,0.0000,-5.92,11.84,9.64,-9.43
6.2747,6.2723,2.4,0,-490.9,358.2,-3.1296,-495.8,361.8,-3.0604,63.9,394.9,0.0000,95.3,398.2,0.2770,-100.1,-397.0,0,0.0,0.0,0.0000,-6.32,12.05,8.53,-10.08
6.2836,6.2807,2.9,0,-490.7,361.0,-3.1114,-495.2,365.1,-3.0604,67.7,394.3,0.0000,101.3,398.7,0.2040,-113.3,-395.5,0,0.0,0.0,0.0000,-5.69,12.68,8.51,-9.99
6.2910,6.2892,1.9,0,-490.2,365.1,-3.1269,-494.6,368.4,-3.0604,73.2,393.3,0.0000,105.3,394.1,0.2663,-111.1,-392.5,0,0.0,0.0,0.0000,-4.92,13.89,8.55,-11.15
6.2994,6.2976,1.8,0,-488.7,368.6,-3.1241,-494.0,371.7,-3.0604,78.2,392.4,-0.0000,106.6,392.9,0.2548,-113.5,-390.9,0,0.0,0.0,0.0000,-5.13,13.69,9.03,-11.51
6.3070,6.2976,9.4,0,-488.7,368.6,-3.1241,-494.0,371.7,-3.0604,78.2,392.4,-0.0000,112.0,401.1,0.2548,-119.0,-399.0,0,0.0,0.0,0.0000,-4.46,12.91,8.47,-10.72
6.3146,6.3145,0.0,0,-487.3,375.7,-3.1078,-492.6,378.4,-3.0604,86.8,390.4,0.0000,114.1,386.5,0.1896,-127.1,-382.4,0,0.0,0.0,0.0000,-6.19,12.55,8.27,-10.62
6.3233,6.3145,8.8,0,-487.3,375.7,-3.1078,-492.6,378.4,-3.0604,86.8,390.4,0.0000,121.6,394.6,0.1896,-134.9,-390.3,0,0.0,0.0,0.0000,-4.48,13.77,8.82,-10.75
6.3314,6.3229,8.4,0,-486.7,379.6,-3.1123,-491.9,381.6,-3.0604,89.9,390.0,-0.0000,125.6,390.8,0.2077,-136.9,-387.0,0,0.0,0.0,0.0000,-4.41,13.63,8.38,-11.90
6.3396,6.3314,8.3,0,-486.8,382.8,-3.1077,-491.1,384.9,-3.0604,94.1,389.1,0.0000,131.7,389.2,0.1892,-144.8,-384.5,0,0.0,0.0,0.0000,-3.28,12.96,7.83,-11.57
6.3467,6.3399,6.8,0,-485.8,386.5,-3.1123,-490.3,388.2,-3.0604,99.9,387.0,0.0000,134.5,385.3,0.2076,-145.8,-381.2,0,0.0,0.0,0.0000,-3.75,13.72,7.77,-11.22
6.3550,6.3483,6.7,0,-484.7,390.9,-3.1332,-489.4,391.5,-3.0604,104.5,385.8,0.0000,137.6,380.6,0.2913,-140.8,-379.4,0,0.0,0.0,0.0000,-3.89,13.78,7.38,-10.62
6.3632,6.3568,6.4,0,-484.4,393.2,-3.1044,-488.5,394.8,-3.0604,108.1,385.0,0.0000,143.9,381.5,0.1763,-157.9,-375.8,0,0.0,0.0,0.0000,-3.28,14.02,8.18,-11.68
6.3720,6.3652,6.7,0,-483.6,396.9,-3.1193,-487.6,398.0,-3.0604,112.4,383.8,0.0000,149.2,378.8,0.2358,-157.6,-375.4,0,0.0,0.0,0.0000,-4.44,14.90,7.52,-11.24
6.3792,6.3737,5.6,0,-483.1,399.8,-3.1135,-486.6,401.2,-3.0604,117.0,382.4,-0.0000,153.8,376.6,0.2124,-164.3,-372.1,0,0.0,0.0,0.0000,-3.91,15.46,7.87,-11.08
6.3874,6.3821,5.3,0,-481.2,404.1,-3.1183,-485.6,404.5,-3.0604,121.1,381.3,-0.0000,155.0,371.0,0.2318,-163.6,-367.3,0,0.0,0.0,0.0000,-4.19,14.67,7.40,-11.21
6.3951,6.3906,4.5,0,-480.3,408.1,-3.1087,-484.6,407.7,-3.0604,124.9,380.7,-0.0000,158.9,366.0,0.1932,-170.9,-360.6,0,0.0,0.0,0.0000,-3.67,14.34,6.71,-11.14
6.4036,6.3990,4.6,0,-479.7,411.4,-3.1121,-483.5,410.9,-3.0604,129.7,378.7,-0.0000,164.7,363.8,0.2068,-175.3,-358.8,0,0.0,0.0,0.0000,-3.44,14.64,6.94,-11.55
6.4116,6.4075,4.1,0,-478.1,414.4,-3.1050,-482.4,414.1,-3.0604,134.9,376.6,-0.0000,166.3,361.9,0.1786,-179.4,-355.6,0,0.0,0.0,0.0000,-3.47,14.29,6.65,-11.52
6.4196,6.4159,3.7,0,-477.6,417.7,-3.1013,-481.2,417.3,-3.0604,138.4,375.0,-0.0000,171.1,359.2,0.1636,-185.4,-352.0,0,0.0,0.0,0.0000,-2.85,14.23,6.36,-11.53
6.4277,6.4244,3.4,0,-476.3,420.7,-3.1109,-480.0,420.4,-3.0604,142.2,373.2,0.0000,175.9,357.5,0.2022,-186.8,-351.9,0,0.0,0.0,0.0000,-2.71,14.82,6.70,-11.42
6.4348,6.4328,2.0,0,-474.9,424.4,-3.1015,-478.8,423.6,-3.0604,146.3,372.0,-0.0000,178.9,352.6,0.1646,-192.9,-345.2,0,0.0,0.0,0.0000,-3.18,14.55,6.33,-12.68
6.4431,6.4413,1.8,0,-473.5,428.3,-3.1084,-477.6,426.7,-3.0604,150.4,370.7,-0.0000,181.7,347.6,0.1923,-193.1,-341.4,0,0.0,0.0,0.0000,-1.22,14.09,5.88,-11.52
6.4509,6.4413,9.6,0,-473.5,428.3,-3.1084,-477.6,426.7,-3.0604,150.4,370.7,-0.0000,188.4,354.0,0.1923,-200.1,-347.6,0,0.0,0.0,0.0000,-1.77,14.77,5.85,-11.63
6.4595,6.4497,9.7,0,-472.7,431.4,-3.0934,-476.3,429.8,-3.0604,154.9,369.1,-0.0000,193.8,352.3,0.1320,-210.6,-342.5,0,0.0,0.0,0.0000,-2.03,14.21,5.75,-12.15
6.4669,6.4582,8.8,0,-470.9,434.5,-3.1037,-474.9,432.9,-3.0604,159.3,367.4,-0.0000,195.4,349.7,0.1735,-208.5,-342.1,0,0.0,0.0,0.0000,-1.56,13.86,5.40,-12.53
6.4751,6.4666,8.5,0,-469.5,438.4,-3.1034,-473.6,436.0,-3.0604,163.4,365.3,0.0000,199.4,344.3,0.1721,-212.4,-336.4,0,0.0,0.0,0.0000,-0.48,14.56,5.31,-12.29
6.4836,6.4751,8.5,0,-467.8,441.8,-3.1085,-472.2,439.1,-3.0604,167.5,363.3,-0.0000,203.1,340.4,0.1927,-214.2,-333.5,0,0.0,0.0,0.0000,-1.36,14.28,4.96,-12.84
6.4911,6.4836,7.6,0,-467.1,444.8,-3.0957,-470.7,442.2,-3.0604,171.9,361.3,0.0000,207.6,337.6,0.1415,-222.8,-327.7,0,0.0,0.0,0.0000,-1.64,12.72,4.91,-12.52
6.4994,6.4920,7.5,0,-466.0,448.3,-3.1004,-469.3,445.2,-3.0604,175.7,359.4,0.0000,212.2,333.6,0.1602,-225.8,-324.6,0,0.0,0.0,0.0000,-1.05,9.18,4.90,-12.29
6.5071,6.5005,6.7,0,-464.9,451.9,-3.0948,-467.8,448.3,-3.0604,178.6,357.3,-0.0000,216.8,329.0,0.1375,-232.0,-318.5,0,0.0,0.0,0.0000,-1.01,10.94,4.73,-12.67
6.5151,6.5089,6.3,0,-462.2,455.2,-3.1014,-466.3,451.3,-3.0604,182.8,355.3,0.0000,217.5,325.5,0.1643,-230.4,-316.5,0,0.0,0.0,0.0000,-0.92,12.81,4.19,-12.61
6.5231,6.5173,5.8,0,-461.1,458.0,-3.1063,-464.7,454.3,-3.0604,188.4,353.5,-0.0000,221.3,323.1,0.1837,-232.5,-315.1,0,0.0,0.0,0.0000,-0.38,13.87,3.94,-12.73
6.5311,6.5257,5.4,0,-459.4,461.6,-3.1000,-463.1,457.2,-3.0604,192.1,351.3,-0.0000,223.8,318.8,0.1585,-236.9,-309.2,0,0.0,0.0,0.0000,-0.09,14.32,4.51,-12.75
6.5393,6.5342,5.1,0,-459.1,463.5,-3.0821,-461.4,460.2,-3.0604,195.3,348.7,-0.0000,231.7,318.5,0.0869,-250.2,-304.2,0,0.0,0.0,0.0000,0.21,14.98,4.13,-12.77
6.5472,6.5426,4.6,0,-456.9,466.9,-3.0950,-459.8,463.1,-3.0604,199.1,346.7,0.0000,233.4,313.9,0.1385,-247.7,-302.6,0,0.0,0.0,0.0000,0.10,14.62,3.55,-12.92
6.5554,6.5511,4.3,0,-454.3,470.7,-3.0970,-458.1,466.0,-3.0604,202.8,344.9,-0.0000,233.9,308.3,0.1466,-247.4,-297.5,0,0.0,0.0,0.0000,1.23,15.04,2.86,-12.25
6.5634,6.5596,3.8,0,-452.6,474.5,-3.0970,-456.3,469.0,-3.0604,207.1,342.2,0.0000,237.3,302.6,0.1463,-250.5,-291.8,0,0.0,0.0,0.0000,1.47,15.04,2.95,-12.11
6.5714,6.5680,3.3,0,-451.7,476.4,-3.0821,-454.6,471.8,-3.0604,211.4,339.4,-0.0000,242.8,302.4,0.0868,-260.3,-287.4,0,0.0,0.0,0.0000,1.40,14.69,3.40,-12.39
6.5786,6.5765,2.1,0,-448.8,479.2,-3.0946,-452.8,474.7,-3.0604,214.8,337.1,0.0000,241.8,299.0,0.1371,-255.6,-287.3,0,0.0,0.0,0.0000,1.63,14.61,2.83,-12.66
6.5867,6.5849,1.8,0,-446.7,482.9,-3.0943,-450.9,477.5,-3.0604,218.2,334.8,-0.0000,244.2,293.3,0.1357,-257.8,-281.4,0,0.0,0.0,0.0000,1.39,13.91,2.08,-12.67
6.5953,6.5933,1.9,0,-445.6,486.0,-3.0949,-449.1,480.3,-3.0604,222.6,332.5,0.0000,250.2,289.2,0.1380,-263.5,-277.2,0,0.0,0.0,0.0000,1.95,14.91,2.06,-12.82
6.6034,6.5933,10.0,0,-445.6,486.0,-3.0949,-449.1,480.3,-3.0604,222.6,332.5,0.0000,259.1,294.4,0.1380,-272.6,-282.0,0,0.0,0.0,0.0000,2.76,14.43,1.26,-13.22
6.6114,6.6018,9.6,0,-442.7,485.6,-3.0795,-447.2,483.1,-3.0604,226.8,330.2,-0.0000,259.4,300.6,0.0765,-277.5,-284.0,0,0.0,0.0,0.0000,2.14,15.00,1.35,-12.89
6.6185,6.6103,8.3,0,-441.2,490.4,-3.0855,-445.3,485.9,-3.0604,229.5,327.9,0.0000,262.6,291.0,0.1006,-278.5,-275.8,0,0.0,0.0,0.0000,2.41,14.69,1.62,-12.81
6.6271,6.6187,8.4,0,-439.1,493.6,-3.0916,-443.3,488.7,-3.0604,232.8,325.4,-0.0000,265.5,287.2,0.1250,-279.6,-273.6,0,0.0,0.0,0.0000,2.68,15.09,1.27,-12.03
6.6351,6.6272,8.0,0,-437.0,496.2,-3.0764,-441.3,491.4,-3.0604,237.0,322.1,-0.0000,267.8,283.8,0.0641,-285.7,-265.8,0,0.0,0.0,0.0000,2.85,12.77,1.02,-12.24
6.6427,6.6356,7.1,0,-434.9,498.5,-3.0879,-439.3,494.1,-3.0604,240.8,319.2,-0.0000,269.4,280.9,0.1101,-284.1,-266.1,0,0.0,0.0,0.0000,3.11,14.67,1.09,-12.64
6.6514,6.6440,7.4,0,-432.3,501.7,-3.0899,-437.3,496.8,-3.0604,244.2,316.6,-0.0000,271.9,276.6,0.1180,-285.8,-262.1,0,0.0,0.0,0.0000,4.38,14.85,0.43,-12.92
6.6592,6.6525,6.7,0,-430.4,503.5,-3.0714,-435.2,499.5,-3.0604,247.7,313.9,-0.0000,275.1,275.7,0.0441,-293.7,-255.7,0,0.0,0.0,0.0000,3.50,13.89,0.49,-12.88
6.6670,6.6610,6.0,0,-428.2,506.1,-3.0902,-433.1,502.1,-3.0604,251.3,311.3,-0.0000,277.4,271.9,0.1193,-291.0,-257.3,0,0.0,0.0,0.0000,3.80,13.80,-0.49,-13.04
6.6746,6.6695,5.1,0,-425.2,509.3,-3.0812,-430.9,504.8,-3.0604,254.8,308.4,-0.0000,277.3,266.4,0.0832,-292.9,-249.2,0,0.0,0.0,0.0000,4.80,13.95,-0.04,-12.62
6.6827,6.6778,4.9,0,-424.0,510.8,-3.0705,-428.8,507.3,-3.0604,258.4,305.3,-0.0000,282.5,266.4,0.0405,-300.7,-245.7,0,0.0,0.0,0.0000,3.85,14.05,-1.05,-12.69
6.6916,6.6863,5.3,0,-420.6,513.4,-3.0838,-426.6,509.9,-3.0604,261.9,302.3,-0.0000,281.7,263.4,0.0939,-296.5,-246.7,0,0.0,0.0,0.0000,4.96,13.68,-1.63,-13.22
6.6986,6.6952,3.5,0,-419.0,515.7,-3.0826,-424.2,512.6,-3.0604,265.8,299.0,0.0000,285.4,260.3,0.0888,-300.2,-243.0,0,0.0,0.0,0.0000,5.16,14.23,-1.46,-13.54
6.7067,6.7031,3.5,0,-416.5,517.3,-3.0717,-422.1,514.9,-3.0604,268.7,296.5,-0.0000,287.3,259.8,0.0452,-304.7,-239.1,0,0.0,0.0,0.0000,4.79,14.22,-2.10,-13.06
6.7148,6.7115,3.2,0,-412.8,520.9,-3.0890,-419.8,517.4,-3.0604,272.0,294.0,0.0000,286.2,252.1,0.1146,-299.1,-236.7,0,0.0,0.0,0.0000,4.35,12.98,-2.02,-14.36
6.7235,6.7115,11.9,0,-412.8,520.9,-3.0890,-419.8,517.4,-3.0604,272.0,294.0,0.0000,297.0,255.4,0.1146,-310.0,-239.5,0,0.0,0.0,0.0000,4.37,14.27,-2.05,-14.24
6.7315,6.7285,3.0,0,-408.1,524.4,-3.0792,-415.2,522.3,-3.0604,277.7,286.9,0.0000,291.4,248.7,0.0753,-306.3,-230.1,0,0.0,0.0,0.0000,4.89,13.12,-2.20,-13.47
6.7389,6.7369,1.9,0,-405.5,527.2,-3.0850,-412.8,524.7,-3.0604,281.4,284.1,0.0000,291.5,243.5,0.0987,-304.8,-226.7,0,0.0,0.0,0.0000,5.04,13.68,-2.45,-8.18
6.7475,6.7454,2.1,0,-403.4,529.3,-3.0832,-410.4,527.1,-3.0604,285.0,281.1,0.0000,296.1,241.0,0.0912,-309.7,-223.4,0,0.0,0.0,0.0000,4.46,13.21,-2.34,-12.24
6.7558,6.7454,10.4,0,-403.4,529.3,-3.0832,-410.4,527.1,-3.0604,285.0,281.1,0.0000,306.6,244.7,0.0912,-320.3,-226.4,0,0.0,0.0,0.0000,4.62,13.12,-2.85,-13.29
6.7629,6.7545,8.4,0,-400.7,530.9,-3.0751,-407.8,529.7,-3.0604,288.6,277.2,-0.0000,306.4,243.0,0.0590,-321.9,-222.1,0,0.0,0.0,0.0000,4.94,13.18,-3.19,-14.49
6.7714,6.7623,9.1,0,-397.1,531.7,-3.0690,-405.5,531.8,-3.0604,291.4,274.2,-0.0000,305.2,244.0,0.0345,-322.1,-221.2,0,0.0,0.0,0.0000,5.65,13.11,-3.03,-14.72
6.7792,6.7707,8.5,0,-395.5,534.9,-3.0937,-403.1,534.1,-3.0604,293.6,271.2,0.0000,310.2,237.0,0.1333,-321.2,-221.9,0,0.0,0.0,0.0000,4.40,13.70,-3.34,-14.16
6.7866,6.7792,7.4,0,-392.3,537.1,-3.0879,-400.6,536.4,-3.0604,296.4,268.1,0.0000,310.0,232.6,0.1101,-322.0,-215.6,0,0.0,0.0,0.0000,4.51,12.85,-3.14,-14.34
6.7946,6.7879,6.8,0,-390.6,538.8,-3.0735,-398.0,538.7,-3.0604,299.9,265.2,0.0000,314.2,230.7,0.0524,-329.2,-208.7,0,0.0,0.0,0.0000,5.34,12.55,-3.93,-14.77
6.8032,6.7961,7.1,0,-386.8,541.6,-3.1070,-395.5,540.9,-3.0604,303.1,261.8,0.0000,312.7,225.3,0.1866,-320.3,-214.4,0,0.0,0.0,0.0000,4.37,13.61,-3.28,-14.59
6.8110,6.8045,6.5,0,-385.1,543.2,-3.0965,-392.9,543.1,-3.0604,306.7,257.3,-0.0000,317.4,223.3,0.1447,-327.1,-208.8,0,0.0,0.0,0.0000,4.41,13.65,-3.10,-14.38
6.8190,6.8129,6.1,0,-382.2,546.0,-3.1002,-390.3,545.2,-3.0604,309.4,253.6,0.0000,318.8,218.0,0.1595,-327.5,-204.7,0,0.0,0.0,0.0000,5.30,13.48,-3.41,-14.01
6.8273,6.8215,5.8,0,-379.3,547.5,-3.1077,-387.7,547.4,-3.0604,311.1,250.3,-0.0000,319.8,215.1,0.1895,-326.9,-204.2,0,0.0,0.0,0.0000,2.84,12.79,-2.58,-13.97
6.8352,6.8299,5.3,0,-377.4,549.0,-3.1061,-385.1,549.5,-3.0604,314.1,246.9,-0.0000,323.8,212.1,0.1828,-331.1,-200.5,0,0.0,0.0,0.0000,2.79,13.03,-3.23,-14.31
6.8437,6.8383,5.4,0,-373.8,551.0,-3.1170,-382.4,551.5,-3.0604,317.9,243.6,0.0000,323.3,208.7,0.2265,-328.4,-200.7,0,0.0,0.0,0.0000,4.69,13.71,-3.90,-13.96
6.8511,6.8467,4.4,0,-371.8,553.5,-3.1093,-379.7,553.6,-3.0604,320.2,240.1,0.0000,326.7,203.4,0.1959,-333.1,-192.7,0,0.0,0.0,0.0000,5.69,13.38,-3.69,-13.84
6.8589,6.8554,3.5,0,-369.0,554.6,-3.1120,-376.9,555.6,-3.0604,322.2,236.7,0.0000,328.0,202.3,0.2065,-333.8,-192.5,0,0.0,0.0,0.0000,5.47,13.58,-3.39,-13.75
6.8676,6.8636,4.0,0,-365.9,556.4,-3.1091,-374.3,557.6,-3.0604,325.2,232.7,0.0000,329.3,199.5,0.1951,-335.6,-188.7,0,0.0,0.0,0.0000,5.58,11.85,-3.02,-13.16
6.8751,6.8721,3.0,0,-364.1,557.6,-3.0998,-371.5,559.5,-3.0604,328.4,228.4,-0.0000,333.2,197.4,0.1576,-341.2,-183.3,0,0.0,0.0,0.0000,5.43,13.00,-2.84,-13.34
6.8834,6.8805,2.9,0,-360.4,560.6,-3.1192,-368.7,561.4,-3.0604,330.4,225.1,0.0000,332.2,189.8,0.2353,-336.4,-182.3,0,0.0,0.0,0.0000,5.78,13.23,-3.18,-13.54
6.8910,6.8891,2.0,0,-358.5,561.4,-3.1046,-365.9,563.3,-3.0604,332.7,221.6,-0.0000,336.3,188.5,0.1767,-343.1,-176.0,0,0.0,0.0,0.0000,5.84,15.26,-3.44,-13.49
6.8994,6.8975,1.9,0,-354.4,563.6,-3.1218,-363.1,565.2,-3.0604,335.4,218.4,-0.0000,334.9,183.0,0.2457,-338.5,-176.3,0,0.0,0.0,0.0000,5.87,12.22,-2.94,-12.70
6.9070,6.8975,9.5,0,-354.4,563.6,-3.1218,-363.1,565.2,-3.0604,335.4,218.4,-0.0000,343.9,185.0,0.2457,-347.5,-178.1,0,0.0,0.0,0.0000,6.05,12.66,-3.27,-13.12
6.9149,6.9059,9.1,0,-352.5,565.1,-3.1048,-360.2,567.0,-3.0604,338.0,214.9,0.0000,347.5,182.2,0.1776,-354.0,-169.3,0,0.0,0.0,0.0000,6.14,12.43,-3.25,-13.13
6.9226,6.9143,8.3,0,-350.0,567.7,-3.1085,-357.4,568.8,-3.0604,340.2,210.0,0.0000,349.6,175.5,0.1925,-355.3,-163.8,0,0.0,0.0,0.0000,6.49,12.39,-3.46,-12.71
6.9309,6.9229,8.1,0,-346.8,569.9,-3.1203,-354.5,570.6,-3.0604,342.6,205.7,0.0000,350.9,169.9,0.2396,-354.4,-162.4,0,0.0,0.0,0.0000,6.56,12.59,-2.67,-12.76
6.9394,6.9312,8.2,0,-344.9,571.1,-3.1171,-351.6,572.3,-3.0604,344.9,202.0,-0.0000,355.9,166.8,0.2268,-359.9,-158.0,0,0.0,0.0,0.0000,7.34,12.75,-3.02,-12.60
6.9474,6.9397,7.7,0,-341.7,572.8,-3.1229,-348.7,574.0,-3.0604,347.2,198.4,-0.0000,356.7,162.0,0.2503,-359.7,-155.3,0,0.0,0.0,0.0000,6.45,12.93,-3.29,-12.76
6.9546,6.9481,6.5,0,-339.1,574.1,-3.1117,-345.7,575.6,-3.0604,349.5,195.2,0.0000,357.3,159.0,0.2053,-361.9,-148.2,0,0.0,0.0,0.0000,6.29,11.91,-3.22,-12.33
6.9629,6.9567,6.3,0,-336.9,574.9,-3.1092,-342.7,577.3,-3.0604,351.6,191.3,0.0000,360.8,157.0,0.1951,-365.7,-145.2,0,0.0,0.0,0.0000,7.70,7.84,-3.21,-12.37
6.9710,6.9650,6.0,0,-333.5,577.2,-3.1108,-339.8,578.9,-3.0604,353.4,187.1,0.0000,361.2,150.6,0.2019,-365.7,-139.4,0,0.0,0.0,0.0000,6.52,7.91,-3.26,-12.41
6.9788,6.9735,5.3,0,-332.0,578.2,-3.1004,-336.8,580.4,-3.0604,355.7,182.8,0.0000,367.0,148.0,0.1600,-372.8,-132.8,0,0.0,0.0,0.0000,7.33,10.43,-2.94,-11.89
6.9871,6.9819,5.2,0,-329.1,580.1,-3.1029,-333.8,582.0,-3.0604,358.3,178.0,-0.0000,368.0,143.1,0.1702,-373.2,-128.7,0,0.0,0.0,0.0000,7.41,11.45,-3.29,-12.02
6.9951,6.9905,4.6,0,-325.9,582.1,-3.1106,-330.7,583.5,-3.0604,360.0,174.3,0.0000,367.8,137.7,0.2010,-371.9,-126.3,0,0.0,0.0,0.0000,7.37,12.21,-3.34,-11.50
7.0032,6.9988,4.4,0,-323.8,582.8,-3.0955,-327.7,584.9,-3.0604,361.4,171.2,0.0000,372.5,134.9,0.1404,-378.3,-117.6,0,0.0,0.0,0.0000,7.63,12.50,-3.53,-11.80
7.0115,7.0073,4.3,0,-319.1,583.8,-3.1140,-324.6,586.3,-3.0604,363.4,167.0,0.0000,369.9,131.3,0.2146,-373.4,-121.0,0,0.0,0.0,0.0000,8.21,12.34,-3.34,-11.81
7.0190,7.0157,3.3,0,-318.5,586.4,-3.1020,-321.6,587.7,-3.0604,365.4,162.9,0.0000,376.8,123.8,0.1664,-381.4,-108.7,0,0.0,0.0,0.0000,8.21,11.74,-3.58,-11.98
7.0275,7.0242,3.2,0,-316.1,587.7,-3.0926,-318.4,589.1,-3.0604,367.5,158.3,-0.0000,379.9,120.2,0.1288,-385.3,-101.4,0,0.0,0.0,0.0000,7.43,11.64,-3.84,-11.63
7.0356,7.0326,2.9,0,-312.8,589.6,-3.0988,-315.3,590.4,-3.0604,369.6,153.8,-0.0000,379.9,114.1,0.1539,-384.4,-97.8,0,0.0,0.0,0.0000,6.67,11.96,-4.21,-11.73
7.0430,7.0411,1.9,0,-310.7,590.1,-3.0918,-312.2,591.7,-3.0604,370.7,149.7,-0.0000,382.6,112.3,0.1255,-387.7,-93.1,0,0.0,0.0,0.0000,7.58,12.74,-4.06,-11.87
7.0506,7.0411,9.5,0,-310.7,590.1,-3.0918,-312.2,591.7,-3.0604,370.7,149.7,-0.0000,392.7,111.2,0.1255,-397.8,-91.5,0,0.0,0.0,0.0000,7.79,12.49,-3.81,-11.66
7.0588,7.0495,9.2,0,-306.8,592.0,-3.1092,-309.1,592.9,-3.0604,372.0,145.5,-0.0000,392.2,104.2,0.1954,-395.4,-91.5,0,0.0,0.0,0.0000,8.42,11.98,-3.59,-10.94
7.0673,7.0579,9.4,0,-304.7,592.8,-3.0955,-305.9,594.2,-3.0604,374.4,141.4,-0.0000,395.9,101.2,0.1406,-400.2,-82.9,0,0.0,0.0,0.0000,8.07,12.44,-4.15,-11.65
7.0754,7.0664,9.0,0,-302.3,594.5,-3.0954,-302.7,595.3,-3.0604,376.2,137.2,-0.0000,398.5,95.3,0.1400,-402.5,-76.8,0,0.0,0.0,0.0000,8.78,12.53,-4.77,-12.85
7.0828,7.0749,7.9,0,-299.0,596.4,-3.1066,-299.6,596.5,-3.0604,376.6,133.6,0.0000,397.9,89.0,0.1847,-400.8,-75.0,0,0.0,0.0,0.0000,8.59,12.70,-5.25,-11.80
7.0915,7.0833,8.2,0,-296.9,596.6,-3.0879,-296.4,597.6,-3.0604,378.0,129.5,-0.0000,402.4,87.3,0.1103,-406.5,-65.6,0,0.0,0.0,0.0000,7.93,11.37,-4.87,-11.52
7.0996,7.0917,7.9,0,-292.9,598.0,-3.1010,-293.2,598.7,-3.0604,380.6,124.1,0.0000,400.8,82.0,0.1625,-403.8,-65.7,0,0.0,0.0,0.0000,8.22,11.73,-4.76,-12.04
7.1076,7.1002,7.4,0,-291.5,598.8,-3.0859,-290.0,599.7,-3.0604,382.2,119.8,-0.0000,406.7,78.5,0.1021,-410.5,-55.7,0,0.0,0.0,0.0000,8.67,11.51,-5.59,-11.93
7.1153,7.1086,6.7,0,-288.9,600.7,-3.0874,-286.7,600.7,-3.0604,382.8,116.3,-0.0000,408.4,70.8,0.1080,-411.6,-48.5,0,0.0,0.0,0.0000,9.21,12.29,-6.06,-12.22
7.1230,7.1171,5.9,0,-285.3,602.3,-3.0981,-283.5,601.7,-3.0604,383.8,112.1,-0.0000,407.2,63.9,0.1511,-409.6,-46.2,0,0.0,0.0,0.0000,8.87,13.11,-5.86,-12.11
7.1312,7.1255,5.6,0,-283.2,603.1,-3.0845,-280.2,602.6,-3.0604,384.6,108.0,0.0000,410.9,59.8,0.0965,-413.6,-36.3,0,0.0,0.0,0.0000,8.66,11.50,-5.60,-11.71
7.1397,7.1340,5.6,0,-278.7,604.3,-3.0933,-277.0,603.5,-3.0604,386.2,103.3,-0.0000,408.0,54.1,0.1318,-410.1,-34.3,0,0.0,0.0,0.0000,8.47,11.51,-5.73,-11.58
7.1468,7.1425,4.3,0,-277.2,604.8,-3.0807,-273.7,604.3,-3.0604,388.4,98.2,-0.0000,412.1,51.7,0.0814,-414.4,-26.5,0,0.0,0.0,0.0000,7.63,12.26,-6.22,-12.20
7.1552,7.1509,4.2,0,-274.3,606.8,-3.0899,-270.4,605.1,-3.0604,389.0,93.9,-0.0000,413.2,44.2,0.1180,-414.9,-22.8,0,0.0,0.0,0.0000,9.55,11.08,-7.08,-12.38
7.1627,7.1593,3.4,0,-269.5,605.7,-3.1005,-267.1,605.9,-3.0604,389.5,89.7,0.0000,408.3,45.5,0.1603,-409.8,-28.6,0,0.0,0.0,0.0000,9.38,11.13,-6.71,-12.29
7.1714,7.1678,3.6,0,-268.1,609.0,-3.0882,-263.8,606.7,-3.0604,390.6,85.5,-0.0000,415.2,33.2,0.1115,-416.3,-11.0,0,0.0,0.0,0.0000,9.10,10.88,-7.06,-12.41
7.1792,7.1762,3.0,0,-265.0,609.9,-3.0986,-260.5,607.4,-3.0604,391.6,81.3,-0.0000,415.4,27.6,0.1531,-416.2,-9.7,0,0.0,0.0,0.0000,8.83,10.52,-7.29,-12.26
7.1866,7.1847,1.9,0,-262.3,610.5,-3.0914,-257.2,608.0,-3.0604,392.6,77.1,0.0000,416.5,23.0,0.1242,-417.1,-2.1,0,0.0,0.0,0.0000,8.68,11.30,-7.31,-12.65
7.1951,7.1930,2.2,0,-258.7,612.0,-3.1034,-254.0,608.6,-3.0604,393.6,73.0,0.0000,416.0,16.7,0.1722,-416.3,-0.8,0,0.0,0.0,0.0000,9.46,10.91,-7.27,-12.62
7.2037,7.2014,2.3,0,-257.1,612.2,-3.0875,-250.6,609.2,-3.0604,394.3,67.9,0.0000,421.5,13.8,0.1087,-421.7,9.0,0,0.0,0.0,0.0000,9.10,11.02,-7.07,-12.69
7.2114,7.2014,10.0,0,-257.1,612.2,-3.0875,-250.6,609.2,-3.0604,394.3,67.9,0.0000,430.6,10.9,0.1087,-430.6,12.4,0,0.0,0.0,0.0000,10.14,11.64,-8.27,-13.19
7.2193,7.2099,9.4,0,-254.2,613.5,-3.0980,-247.3,609.8,-3.0604,395.0,63.0,0.0000,431.4,4.0,0.1505,-431.1,14.8,0,0.0,0.0,0.0000,9.97,11.67,-8.68,-13.10
7.2277,7.2183,9.3,0,-250.7,613.5,-3.0985,-244.0,610.3,-3.0604,395.8,58.4,-0.0000,430.8,0.9,0.1524,-430.4,17.7,0,0.0,0.0,0.0000,10.14,11.31,-9.54,-12.71
7.2352,7.2268,8.4,0,-247.2,614.8,-3.1055,-240.6,610.8,-3.0604,396.4,53.9,0.0000,429.3,-6.0,0.1803,-428.8,21.5,0,0.0,0.0,0.0000,9.35,10.72,-9.32,-8.05
7.2433,7.2353,8.0,0,-243.7,615.8,-3.1026,-237.2,611.2,-3.0604,396.5,50.3,-0.0000,429.1,-12.1,0.1688,-428.3,28.9,0,0.0,0.0,0.0000,10.46,9.97,-8.07,-9.49
7.2507,7.2437,7.0,0,-239.9,616.6,-3.1151,-233.9,611.6,-3.0604,397.0,46.2,0.0000,426.9,-17.8,0.2188,-426.3,29.1,0,0.0,0.0,0.0000,9.85,10.78,-8.09,-12.06
7.2590,7.2521,6.8,0,-237.5,616.7,-3.1025,-230.6,612.0,-3.0604,397.9,41.5,-0.0000,428.9,-21.1,0.1686,-427.8,37.8,0,0.0,0.0,0.0000,10.99,11.34,-8.62,-12.49
7.2670,7.2605,6.5,0,-234.7,618.2,-3.0997,-227.2,612.3,-3.0604,398.4,36.8,-0.0000,430.1,-28.8,0.1574,-428.5,46.8,0,0.0,0.0,0.0000,11.06,10.74,-5.83,-12.70
7.2753,7.2691,6.3,0,-231.0,617.9,-3.1010,-223.8,612.6,-3.0604,398.8,31.4,0.0000,428.7,-31.5,0.1624,-427.0,48.9,0,0.0,0.0,0.0000,11.66,11.80,-6.76,-13.09
7.2831,7.2775,5.7,0,-227.2,618.9,-3.1036,-220.5,612.9,-3.0604,399.1,27.2,0.0000,426.2,-37.8,0.1729,-424.5,53.9,0,0.0,0.0,0.0000,11.11,11.24,-8.79,-12.23
7.2917,7.2859,5.7,0,-224.2,619.1,-3.0985,-217.1,613.1,-3.0604,399.5,23.7,0.0000,427.7,-43.0,0.1526,-425.5,61.4,0,0.0,0.0,0.0000,11.36,10.92,-9.54,-12.13
7.2992,7.2944,4.8,0,-220.9,619.7,-3.1095,-213.7,613.3,-3.0604,399.6,19.1,-0.0000,426.9,-48.9,0.1964,-425.1,62.6,0,0.0,0.0,0.0000,12.33,10.63,-9.93,-12.16
7.3071,7.3028,4.3,0,-217.8,620.1,-3.1087,-210.3,613.4,-3.0604,399.6,14.4,-0.0000,426.3,-53.3,0.1932,-424.4,67.3,0,0.0,0.0,0.0000,12.58,10.10,-10.85,-12.43
7.3155,7.3113,4.2,0,-214.2,620.4,-3.1097,-207.0,613.5,-3.0604,399.6,9.7,-0.0000,424.7,-57.8,0.1975,-422.7,71.3,0,0.0,0.0,0.0000,11.99,10.90,-11.08,-12.30
7.3234,7.3197,3.6,0,-210.6,619.8,-3.1097,-203.6,613.6,-3.0604,399.6,5.1,-0.0000,422.9,-60.6,0.1973,-420.7,74.0,0,0.0,0.0,0.0000,12.13,10.66,-11.23,-11.89
7.3310,7.3282,2.8,0,-207.1,619.9,-3.1096,-200.2,613.6,-3.0604,400.0,0.5,-0.0000,420.9,-65.0,0.1971,-418.6,78.4,0,0.0,0.0,0.0000,11.96,10.31,-11.12,-12.14
7.3397,7.3366,3.0,0,-203.1,620.0,-3.1174,-196.8,613.6,-3.0604,400.5,-4.2,-0.0000,419.2,-70.1,0.2281,-417.4,80.2,0,0.0,0.0,0.0000,12.80,9.84,-10.67,-11.82
7.3472,7.3451,2.1,0,-200.1,619.7,-3.1128,-193.4,613.5,-3.0604,400.0,-8.4,0.0000,418.9,-73.6,0.2096,-416.6,85.6,0,0.0,0.0,0.0000,14.46,10.10,-10.78,-11.98
7.3548,7.3451,9.7,0,-200.1,619.7,-3.1128,-193.4,613.5,-3.0604,400.0,-8.4,0.0000,427.3,-77.7,0.2096,-424.9,90.0,0,0.0,0.0,0.0000,13.08,10.77,-11.12,-12.36
7.3635,7.3535,9.9,0,-197.0,619.7,-3.1020,-190.0,613.4,-3.0604,399.7,-12.8,-0.0000,427.8,-82.7,0.1666,-424.2,99.6,0,0.0,0.0,0.0000,13.94,10.41,-11.99,-11.70
7.3707,7.3619,8.7,0,-192.7,619.5,-3.1151,-186.7,613.3,-3.0604,399.4,-17.0,-0.0000,422.9,-86.0,0.2187,-420.5,97.2,0,0.0,0.0,0.0000,13.84,9.93,-11.54,-11.03
7.3790,7.3704,8.6,0,-188.3,619.9,-3.1195,-183.3,613.1,-3.0604,399.1,-21.4,-0.0000,418.4,-91.5,0.2366,-416.2,100.7,0,0.0,0.0,0.0000,12.96,9.00,-11.74,-10.30
7.3876,7.3789,8.7,0,-184.7,618.3,-3.1045,-179.9,612.9,-3.0604,399.5,-26.8,-0.0000,417.5,-92.4,0.1767,-413.8,107.8,0,0.0,0.0,0.0000,14.21,9.14,-11.90,-10.74
7.3952,7.3873,7.9,0,-181.5,618.3,-3.1158,-176.6,612.7,-3.0604,399.3,-31.4,-0.0000,416.5,-97.4,0.2217,-413.9,108.2,0,0.0,0.0,0.0000,15.01,8.95,-12.62,-10.70
7.4036,7.3958,7.8,0,-178.0,617.8,-3.1109,-173.2,612.4,-3.0604,398.4,-35.0,-0.0000,414.9,-101.5,0.2023,-411.6,114.1,0,0.0,0.0,0.0000,15.28,8.78,-12.87,-10.48
7.4110,7.4042,6.8,0,-174.6,618.0,-3.1048,-169.8,612.1,-3.0604,397.8,-39.4,-0.0000,413.0,-107.4,0.1777,-408.8,122.5,0,0.0,0.0,0.0000,10.80,8.66,-12.51,-10.35
7.4194,7.4127,6.7,0,-170.6,616.6,-3.1048,-166.5,611.7,-3.0604,397.1,-44.2,-0.0000,409.5,-108.2,0.1779,-405.3,123.2,0,0.0,0.0,0.0000,15.18,8.39,-12.72,-9.57
7.4267,7.4211,5.6,0,-167.7,615.5,-3.0962,-163.1,611.4,-3.0604,396.7,-48.9,0.0000,408.2,-109.5,0.1433,-402.8,127.9,0,0.0,0.0,0.0000,15.54,8.20,-12.20,-9.67
7.4357,7.4297,6.0,0,-163.8,614.4,-3.0976,-159.7,610.9,-3.0604,396.6,-53.7,0.0000,406.5,-111.8,0.1491,-401.2,129.6,0,0.0,0.0,0.0000,14.92,8.83,-13.08,-9.68
7.4433,7.4380,5.3,0,-160.9,613.7,-3.0968,-156.4,610.4,-3.0604,396.0,-58.1,-0.0000,406.4,-114.8,0.1459,-400.8,132.9,0,0.0,0.0,0.0000,15.26,7.83,-13.53,-9.41
7.4506,7.4464,4.2,0,-156.8,612.8,-3.0962,-153.1,609.9,-3.0604,395.4,-62.4,0.0000,401.4,-117.7,0.1434,-395.7,135.7,0,0.0,0.0,0.0000,15.60,8.41,-13.20,-8.72
7.4592,7.4549,4.3,0,-152.6,612.8,-3.0994,-149.7,609.4,-3.0604,394.4,-66.5,-0.0000,397.1,-124.2,0.1561,-391.5,140.8,0,0.0,0.0,0.0000,15.69,7.86,-13.03,-8.56
7.4668,7.4634,3.4,0,-149.5,610.6,-3.0861,-146.4,608.8,-3.0604,393.3,-70.4,0.0000,395.7,-123.1,0.1029,-388.3,144.8,0,0.0,0.0,0.0000,15.52,7.43,-12.39,-8.35
7.4750,7.4718,3.2,0,-145.5,609.8,-3.0989,-143.1,608.2,-3.0604,392.7,-75.1,-0.0000,392.0,-126.8,0.1540,-386.2,143.4,0,0.0,0.0,0.0000,11.11,6.43,-12.56,-7.91
7.4837,7.4803,3.5,0,-142.2,608.5,-3.0840,-139.8,607.5,-3.0604,392.2,-79.8,0.0000,391.2,-129.2,0.0944,-383.1,151.5,0,0.0,0.0,0.0000,13.40,7.18,-13.15,-8.31
7.4915,7.4803,11.2,0,-142.2,608.5,-3.0840,-139.8,607.5,-3.0604,392.2,-79.8,0.0000,399.1,-134.8,0.0944,-390.7,157.6,0,0.0,0.0,0.0000,15.11,6.69,-15.06,-8.21
7.4992,7.4972,1.9,0,-135.6,605.5,-3.0675,-133.1,606.1,-3.0604,390.3,-89.4,-0.0000,386.7,-131.8,0.0284,-375.9,160.0,0,0.0,0.0,0.0000,15.89,6.22,-14.19,-8.26
7.5066,7.4972,9.4,0,-135.6,605.5,-3.0675,-133.1,606.1,-3.0604,390.3,-89.4,-0.0000,393.9,-137.3,0.0284,-382.6,166.1,0,0.0,0.0,0.0000,16.12,6.01,-13.81,-7.78
7.5156,7.5056,9.9,0,-131.6,605.3,-3.0764,-129.9,605.3,-3.0604,388.7,-93.3,0.0000,390.9,-144.6,0.0643,-380.6,169.7,0,0.0,0.0,0.0000,15.46,5.56,-13.59,-7.17
7.5232,7.5141,9.2,0,-128.1,603.5,-3.0745,-126.6,604.5,-3.0604,387.5,-97.3,0.0000,388.3,-145.8,0.0565,-377.7,171.5,0,0.0,0.0,0.0000,16.27,5.23,-14.32,-7.38
7.5314,7.5229,8.4,0,-123.6,602.2,-3.0781,-123.1,603.7,-3.0604,387.2,-101.4,0.0000,382.3,-147.8,0.0709,-372.1,171.7,0,0.0,0.0,0.0000,15.54,5.13,-14.24,-7.37
7.5392,7.5309,8.3,0,-121.3,599.6,-3.0611,-120.1,602.8,-3.0604,386.3,-105.4,-0.0000,382.3,-146.1,0.0028,-369.3,176.4,0,0.0,0.0,0.0000,15.79,4.83,-14.37,-6.75
7.5469,7.5394,7.5,0,-117.3,598.6,-3.0639,-116.8,601.9,-3.0604,384.3,-110.5,0.0000,377.7,-149.6,0.0142,-365.0,178.4,0,0.0,0.0,0.0000,16.33,4.60,-14.55,-6.60
7.5555,7.5478,7.7,0,-113.6,597.7,-3.0675,-113.6,601.0,-3.0604,382.9,-115.1,-0.0000,374.9,-153.9,0.0284,-362.4,181.2,0,0.0,0.0,0.0000,17.02,4.17,-14.82,-6.94
7.5635,7.5574,6.1,0,-110.4,595.8,-3.0786,-109.9,599.8,-3.0604,381.5,-120.1,-0.0000,372.9,-155.0,0.0728,-362.4,178.2,0,0.0,0.0,0.0000,15.74,4.02,-14.98,-7.16
7.5706,7.5654,5.2,0,-107.5,593.3,-3.0610,-106.8,598.9,-3.0604,380.3,-124.0,0.0000,371.0,-153.8,0.0026,-357.4,183.2,0,0.0,0.0,0.0000,15.07,4.03,-14.60,-7.00
7.5794,7.5733,6.1,0,-103.3,592.3,-3.0605,-103.8,597.9,-3.0604,379.1,-127.8,-0.0000,365.9,-158.3,0.0003,-351.9,187.4,0,0.0,0.0,0.0000,15.75,3.84,-14.11,-6.76
7.5876,7.5818,5.8,0,-100.2,591.4,-3.0613,-100.7,596.8,-3.0604,377.5,-131.9,0.0000,363.7,-163.1,0.0035,-349.4,191.8,0,0.0,0.0,0.0000,15.21,4.32,-13.72,-6.34
7.5948,7.5905,4.3,0,-95.9,589.1,-3.0641,-97.4,595.6,-3.0604,375.6,-135.9,-0.0000,357.5,-162.5,0.0150,-343.8,189.6,0,0.0,0.0,0.0000,15.78,4.53,-13.93,-6.43
7.6036,7.5987,4.9,0,-94.0,586.7,-3.0552,-94.3,594.5,-3.0604,374.4,-140.5,0.0000,360.1,-163.3,-0.0207,-344.7,193.8,0,0.0,0.0,0.0000,15.91,4.17,-13.48,-6.20
7.6116,7.6071,4.4,0,-89.8,585.8,-3.0521,-91.1,593.3,-3.0604,373.4,-145.6,0.0000,354.1,-167.4,-0.0330,-337.8,198.4,0,0.0,0.0,0.0000,16.29,4.19,-13.69,-5.68
7.6193,7.6155,3.7,0,-86.9,584.6,-3.0562,-88.0,592.0,-3.0604,371.3,-149.3,0.0000,351.6,-170.3,-0.0168,-335.8,199.6,0,0.0,0.0,0.0000,15.88,3.72,-14.20,-6.38
7.6272,7.6241,3.0,0,-83.3,583.7,-3.0527,-84.8,590.7,-3.0604,369.1,-153.0,-0.0000,347.5,-175.6,-0.0305,-330.6,205.7,0,0.0,0.0,0.0000,15.62,3.77,-13.79,-6.27
7.6357,7.6324,3.2,0,-80.7,580.3,-3.0493,-81.8,589.4,-3.0604,367.6,-157.1,0.0000,346.9,-173.9,-0.0443,-329.4,205.1,0,0.0,0.0,0.0000,15.13,3.50,-13.64,-6.26
7.6430,7.6324,10.6,0,-80.7,580.3,-3.0493,-81.8,589.4,-3.0604,367.6,-157.1,0.0000,353.3,-180.5,-0.0443,-335.1,212.3,0,0.0,0.0,0.0000,15.80,3.66,-14.07,-5.65
7.6507,7.6409,9.8,0,-76.4,579.1,-3.0404,-78.7,588.1,-3.0604,366.0,-161.3,0.0000,347.2,-184.5,-0.0800,-326.8,218.6,0,0.0,0.0,0.0000,14.12,3.32,-14.11,-5.08
7.6589,7.6493,9.6,0,-74.3,578.0,-3.0497,-75.6,586.7,-3.0604,364.4,-165.3,-0.0000,346.9,-188.6,-0.0425,-328.1,219.7,0,0.0,0.0,0.0000,14.57,2.62,-13.59,-4.98
7.6673,7.6577,9.6,0,-70.4,577.3,-3.0517,-72.5,585.3,-3.0604,362.7,-169.4,0.0000,341.5,-194.2,-0.0347,-322.7,224.0,0,0.0,0.0,0.0000,14.53,1.76,-13.66,-4.92
7.6757,7.6662,9.5,0,-68.0,573.8,-3.0449,-69.5,583.9,-3.0604,360.1,-173.6,0.0000,341.7,-192.2,-0.0621,-321.5,224.3,0,0.0,0.0,0.0000,14.41,1.32,-13.71,-5.43
7.6831,7.6746,8.5,0,-63.9,572.1,-3.0384,-66.5,582.4,-3.0604,357.9,-177.8,-0.0000,335.8,-194.4,-0.0878,-314.0,227.9,0,0.0,0.0,0.0000,14.70,0.55,-13.93,-4.90
7.6912,7.6830,8.2,0,-61.5,571.2,-3.0445,-63.4,580.9,-3.0604,356.7,-182.0,-0.0000,333.9,-200.1,-0.0634,-312.9,231.5,0,0.0,0.0,0.0000,14.71,0.25,-13.78,-4.86
7.6993,7.6917,7.5,0,-58.5,570.4,-3.0502,-60.3,579.3,-3.0604,354.7,-186.0,-0.0000,330.5,-206.4,-0.0408,-310.3,235.7,0,0.0,0.0,0.0000,12.86,0.51,-13.57,-4.60
7.7068,7.6999,6.8,0,-55.1,567.4,-3.0396,-57.4,577.7,-3.0604,352.1,-188.9,-0.0000,326.4,-204.3,-0.0831,-303.9,236.5,0,0.0,0.0,0.0000,14.36,1.55,-13.82,-4.94
7.7146,7.7084,6.2,0,-53.3,565.7,-3.0461,-54.5,576.1,-3.0604,349.8,-193.0,-0.0000,327.1,-206.5,-0.0571,-305.9,236.7,0,0.0,0.0,0.0000,13.93,2.22,-13.46,-5.24
7.7229,7.7168,6.0,0,-49.4,564.7,-3.0427,-51.5,574.5,-3.0604,347.5,-197.9,-0.0000,321.2,-212.4,-0.0707,-298.7,243.1,0,0.0,0.0,0.0000,13.51,2.13,-14.14,-5.32
7.7310,7.7255,5.5,0,-47.0,563.0,-3.0444,-48.5,572.7,-3.0604,345.3,-202.0,0.0000,319.8,-216.2,-0.0637,-297.3,246.2,0,0.0,0.0,0.0000,14.11,2.24,-14.18,-5.03
7.7394,7.7337,5.6,0,-42.9,561.8,-3.0324,-45.7,571.0,-3.0604,343.6,-205.7,0.0000,313.6,-221.0,-0.1117,-287.7,253.8,0,0.0,0.0,0.0000,13.15,1.80,-13.21,-4.53
7.7466,7.7337,12.8,0,-42.9,561.8,-3.0324,-45.7,571.0,-3.0604,343.6,-205.7,0.0000,318.8,-228.5,-0.1117,-292.0,261.8,0,0.0,0.0,0.0000,12.58,1.77,-13.10,-4.85
7.7547,7.7506,4.0,0,-37.9,558.4,-3.0373,-39.9,567.5,-3.0604,338.0,-212.6,0.0000,309.0,-227.0,-0.0922,-283.7,257.9,0,0.0,0.0,0.0000,13.89,2.04,-9.68,-4.41
7.7627,7.7591,3.6,0,-34.9,556.9,-3.0439,-37.1,565.7,-3.0604,336.0,-216.5,-0.0000,305.1,-231.2,-0.0661,-281.1,259.9,0,0.0,0.0,0.0000,12.68,2.05,-9.41,-4.23
7.7716,7.7675,4.1,0,-32.8,554.6,-3.0328,-34.3,563.9,-3.0604,334.4,-220.2,0.0000,305.0,-233.4,-0.1103,-277.9,265.1,0,0.0,0.0,0.0000,12.67,1.70,-11.37,-3.97
7.7792,7.7760,3.2,0,-29.7,552.5,-3.0397,-31.4,562.0,-3.0604,331.2,-224.5,-0.0000,300.8,-235.1,-0.0828,-275.3,264.5,0,0.0,0.0,0.0000,12.29,1.94,-12.46,-3.61
7.7866,7.7845,2.2,0,-27.5,551.2,-3.0438,-28.6,560.1,-3.0604,328.1,-228.9,0.0000,298.7,-239.3,-0.0661,-273.9,267.3,0,0.0,0.0,0.0000,12.55,1.56,-12.23,-3.95
7.7952,7.7930,2.2,0,-24.8,550.3,-3.0494,-25.9,558.1,-3.0604,325.9,-231.8,-0.0000,296.2,-246.4,-0.0439,-272.2,272.6,0,0.0,0.0,0.0000,13.30,1.29,-13.45,-3.83
7.8034,7.8014,2.0,0,-22.5,548.0,-3.0262,-23.1,556.1,-3.0604,323.5,-234.9,0.0000,293.9,-248.2,-0.1366,-263.4,280.4,0,0.0,0.0,0.0000,13.12,0.96,-12.96,-3.70
7.8106,7.8014,9.2,0,-22.5,548.0,-3.0262,-23.1,556.1,-3.0604,323.5,-234.9,0.0000,297.9,-256.2,-0.1366,-266.5,288.8,0,0.0,0.0,0.0000,12.55,0.23,-12.41,-3.58
7.8194,7.8098,9.7,0,-20.3,545.8,-3.0334,-20.4,554.1,-3.0604,320.8,-239.0,0.0000,296.4,-259.3,-0.1081,-266.7,289.9,0,0.0,0.0,0.0000,12.30,0.31,-11.77,-3.10
7.8268,7.8182,8.6,0,-16.9,544.5,-3.0472,-17.7,552.1,-3.0604,318.1,-242.8,0.0000,290.6,-263.8,-0.0528,-264.5,290.1,0,0.0,0.0,0.0000,11.09,0.30,-11.54,-2.94
7.8350,7.8267,8.2,0,-15.2,542.9,-3.0359,-15.0,550.0,-3.0604,315.5,-246.3,-0.0000,290.5,-268.0,-0.0977,-260.7,297.2,0,0.0,0.0,0.0000,12.30,0.14,-13.50,-2.57
7.8437,7.8351,8.6,0,-13.6,540.6,-3.0389,-12.4,547.9,-3.0604,312.7,-249.8,-0.0000,291.3,-271.2,-0.0857,-262.0,299.6,0,0.0,0.0,0.0000,11.98,-0.01,-12.86,-2.82
7.8509,7.8436,7.3,0,-11.0,538.9,-3.0470,-9.8,545.8,-3.0604,309.5,-253.5,0.0000,286.8,-274.2,-0.0537,-259.6,300.1,0,0.0,0.0,0.0000,10.59,-0.24,-12.66,-3.28
7.8596,7.8520,7.6,0,-8.5,537.5,-3.0429,-7.2,543.7,-3.0604,306.6,-256.9,-0.0000,283.2,-280.3,-0.0700,-254.2,306.8,0,0.0,0.0,0.0000,11.45,-0.77,-11.93,-2.89
7.8672,7.8609,6.3,0,-6.8,535.0,-3.0460,-4.5,541.4,-3.0604,303.9,-260.0,-0.0000,282.4,-281.3,-0.0576,-254.2,307.0,0,0.0,0.0,0.0000,11.24,-0.75,-11.77,-2.83
7.8749,7.8689,6.0,0,-3.7,533.1,-3.0360,-2.0,539.3,-3.0604,301.1,-263.3,-0.0000,277.4,-284.4,-0.0976,-245.9,312.0,0,0.0,0.0,0.0000,10.48,-1.34,-12.24,-2.33
7.8832,7.8774,5.9,0,-2.2,531.4,-3.0394,0.5,537.0,-3.0604,298.2,-267.0,-0.0000,276.9,-288.7,-0.0839,-246.0,315.4,0,0.0,0.0,0.0000,10.09,-1.43,-12.13,-1.97
7.8906,7.8858,4.8,0,-0.5,530.1,-3.0492,3.0,534.8,-3.0604,294.9,-270.3,0.0000,275.4,-293.4,-0.0446,-247.1,317.5,0,0.0,0.0,0.0000,10.53,-1.81,-12.09,-2.14
7.8988,7.8942,4.6,0,1.9,528.2,-3.0491,5.5,532.5,-3.0604,291.3,-273.5,0.0000,272.0,-297.2,-0.0452,-243.4,321.1,0,0.0,0.0,0.0000,10.32,-2.00,-12.09,-2.29
7.9071,7.9027,4.4,0,4.5,525.4,-3.0528,7.9,530.1,-3.0604,288.2,-276.8,0.0000,268.3,-298.7,-0.0304,-240.7,321.3,0,0.0,0.0,0.0000,10.89,-1.77,-12.50,-1.89
7.9155,7.9112,4.3,0,5.5,524.1,-3.0556,10.4,527.8,-3.0604,285.1,-280.0,0.0000,268.2,-304.7,-0.0191,-241.0,326.6,0,0.0,0.0,0.0000,10.98,-1.71,-12.99,-2.35
7.9233,7.9196,3.7,0,8.6,522.7,-3.0712,12.7,525.4,-3.0604,282.5,-283.2,0.0000,261.6,-310.0,0.0433,-239.1,327.6,0,0.0,0.0,0.0000,11.46,-2.00,-13.67,-2.35
7.9313,7.9280,3.3,0,10.2,519.6,-3.0638,15.1,523.0,-3.0604,280.0,-286.4,-0.0000,260.9,-310.0,0.0136,-236.0,329.3,0,0.0,0.0,0.0000,9.43,-2.11,-12.18,-2.34
7.9394,7.9365,2.9,0,12.5,517.4,-3.0610,17.5,520.6,-3.0604,276.0,-289.7,0.0000,257.7,-312.9,0.0027,-231.7,332.6,0,0.0,0.0,0.0000,5.95,-2.23,-12.66,-1.82
7.9470,7.9449,2.1,0,14.5,516.7,-3.0728,19.8,518.1,-3.0604,272.2,-293.0,-0.0000,254.8,-319.8,0.0498,-232.2,336.6,0,0.0,0.0,0.0000,6.54,-2.46,-12.36,-0.95
7.9549,7.9534,1.5,0,16.6,513.0,-3.0694,22.1,515.6,-3.0604,269.4,-295.8,-0.0000,251.9,-318.0,0.0362,-228.3,335.4,0,0.0,0.0,0.0000,8.89,-2.08,-12.53,-0.72
7.9630,7.9534,9.6,0,16.6,513.0,-3.0694,22.1,515.6,-3.0604,269.4,-295.8,-0.0000,254.3,-327.8,0.0362,-230.0,345.2,0,0.0,0.0,0.0000,9.53,-0.96,-13.23,-0.44
7.9712,7.9619,9.4,0,18.6,511.2,-3.0669,24.3,513.1,-3.0604,266.3,-298.7,-0.0000,250.8,-332.4,0.0262,-225.3,350.2,0,0.0,0.0,0.0000,10.71,-0.40,-12.11,0.20
7.9787,7.9703,8.4,0,20.3,510.2,-3.0709,26.6,510.6,-3.0604,262.8,-301.6,0.0000,248.1,-338.4,0.0420,-223.6,355.1,0,0.0,0.0,0.0000,10.85,-0.17,-12.91,0.74
7.9868,7.9788,8.1,0,23.0,507.0,-3.0706,28.8,508.0,-3.0604,259.4,-304.6,0.0000,242.6,-338.9,0.0408,-217.9,355.3,0,0.0,0.0,0.0000,10.94,-1.74,-12.93,1.26
7.9954,7.9872,8.2,0,24.4,504.8,-3.0724,31.0,505.4,-3.0604,256.2,-307.5,-0.0000,241.6,-342.6,0.0482,-217.3,358.5,0,0.0,0.0,0.0000,10.93,-4.39,-12.45,1.17
8.0037,7.9956,8.1,0,26.4,503.2,-3.0771,33.1,502.8,-3.0604,252.5,-310.4,-0.0000,238.5,-347.9,0.0671,-215.6,362.5,0,0.0,0.0,0.0000,12.31,-5.12,-12.10,0.29
8.0115,8.0041,7.4,0,29.0,501.1,-3.0748,35.2,500.2,-3.0604,247.9,-313.5,-0.0000,232.9,-350.8,0.0578,-209.0,365.6,0,0.0,0.0,0.0000,10.45,-4.40,-11.91,0.25
8.0190,8.0126,6.4,0,31.0,498.3,-3.0652,37.3,497.5,-3.0604,244.4,-316.3,0.0000,229.1,-351.5,0.0191,-201.6,368.0,0,0.0,0.0,0.0000,11.44,-3.12,-12.81,1.29
8.0272,8.0210,6.2,0,33.2,496.8,-3.0674,39.4,494.8,-3.0604,241.7,-318.7,0.0000,224.0,-357.7,0.0282,-196.9,373.3,0,0.0,0.0,0.0000,12.06,-2.58,-12.78,1.82
8.0346,8.0294,5.2,0,35.9,494.9,-3.0724,41.4,492.1,-3.0604,238.4,-321.3,0.0000,217.3,-361.5,0.0481,-191.7,375.7,0,0.0,0.0,0.0000,11.77,-3.08,-12.65,1.71
8.0433,8.0379,5.4,0,37.7,491.5,-3.0577,43.4,489.4,-3.0604,235.0,-323.9,-0.0000,214.0,-361.8,-0.0106,-182.9,378.5,0,0.0,0.0,0.0000,11.82,-3.18,-12.28,1.72
8.0510,8.0463,4.7,0,39.9,490.1,-3.0664,45.3,486.7,-3.0604,231.0,-326.6,-0.0000,209.3,-366.9,0.0241,-181.2,381.6,0,0.0,0.0,0.0000,12.43,-2.97,-11.97,2.52
8.0586,8.0548,3.8,0,42.4,487.1,-3.0628,47.3,483.9,-3.0604,226.7,-329.2,0.0000,203.9,-367.2,0.0098,-174.3,382.1,0,0.0,0.0,0.0000,13.34,-2.94,-12.41,3.07
8.0677,8.0633,4.4,0,44.2,484.9,-3.0599,49.2,481.1,-3.0604,223.0,-331.9,0.0000,200.9,-371.6,-0.0020,-169.9,386.8,0,0.0,0.0,0.0000,13.32,-3.09,-11.80,2.64
8.0753,8.0717,3.6,0,46.3,483.0,-3.0577,51.0,478.3,-3.0604,219.2,-334.6,0.0000,195.5,-375.4,-0.0108,-163.4,390.5,0,0.0,0.0,0.0000,12.74,-3.57,-12.46,2.87
8.0834,8.0801,3.3,0,48.2,479.3,-3.0513,52.9,475.5,-3.0604,215.8,-336.7,0.0000,190.7,-374.6,-0.0365,-156.1,390.2,0,0.0,0.0,0.0000,13.96,-2.29,-12.19,1.51
8.0907,8.0886,2.1,0,50.6,477.6,-3.0498,54.7,472.6,-3.0604,212.4,-339.0,0.0000,184.5,-378.5,-0.0424,-149.0,393.9,0,0.0,0.0,0.0000,12.75,-2.10,-12.16,1.66
8.0991,8.0970,2.1,0,52.8,475.7,-3.0508,56.5,469.7,-3.0604,208.6,-341.3,-0.0000,179.2,-383.5,-0.0382,-143.7,398.2,0,0.0,0.0,0.0000,12.40,-2.39,-12.47,1.90
8.1068,8.0970,9.8,0,52.8,475.7,-3.0508,56.5,469.7,-3.0604,208.6,-341.3,-0.0000,180.5,-393.3,-0.0382,-144.1,408.0,0,0.0,0.0,0.0000,13.48,-2.63,-13.23,2.33
8.1152,8.1054,9.8,0,54.1,472.3,-3.0416,58.2,466.8,-3.0604,204.8,-343.6,-0.0000,177.9,-393.7,-0.0750,-137.7,409.5,0,0.0,0.0,0.0000,13.45,-3.49,-13.29,1.84
8.1226,8.1139,8.7,0,56.4,470.7,-3.0506,59.9,463.9,-3.0604,200.1,-346.5,0.0000,171.7,-397.9,-0.0390,-134.9,411.9,0,0.0,0.0,0.0000,12.93,-4.40,-12.83,2.15
8.1316,8.1224,9.3,0,59.2,466.8,-3.0442,61.6,461.0,-3.0604,195.8,-349.1,-0.0000,164.3,-397.4,-0.0648,-124.8,411.5,0,0.0,0.0,0.0000,11.69,-4.01,-12.69,2.97
8.1387,8.1308,7.9,0,60.6,464.8,-3.0393,63.2,458.0,-3.0604,192.1,-350.8,0.0000,160.0,-400.3,-0.0842,-118.3,414.6,0,0.0,0.0,0.0000,11.82,-3.90,-12.49,3.05
8.1467,8.1393,7.4,0,63.3,462.9,-3.0422,64.9,455.0,-3.0604,188.4,-352.8,-0.0000,152.1,-404.7,-0.0727,-111.1,417.8,0,0.0,0.0,0.0000,12.09,-4.80,-12.53,4.42
8.1552,8.1477,7.5,0,65.2,459.2,-3.0318,66.4,452.1,-3.0604,185.3,-354.7,0.0000,147.5,-404.4,-0.1144,-102.3,418.1,0,0.0,0.0,0.0000,12.67,-5.37,-12.50,5.86
8.1634,8.1562,7.1,0,66.5,456.8,-3.0363,68.0,449.0,-3.0604,181.3,-356.7,-0.0000,144.4,-407.6,-0.0962,-100.7,420.5,0,0.0,0.0,0.0000,11.77,-5.62,-12.69,5.57
8.1712,8.1646,6.6,0,68.3,453.5,-3.0360,69.5,446.0,-3.0604,176.4,-358.7,0.0000,138.6,-407.3,-0.0974,-94.9,419.6,0,0.0,0.0,0.0000,12.16,-5.46,-12.63,4.61
8.1794,8.1731,6.3,0,70.6,451.4,-3.0353,71.0,443.0,-3.0604,172.2,-360.7,0.0000,131.4,-411.3,-0.1004,-87.0,422.9,0,0.0,0.0,0.0000,12.85,-5.30,-13.59,4.75
8.1868,8.1816,5.3,0,72.7,448.9,-3.0366,72.4,439.9,-3.0604,168.0,-362.7,-0.0000,125.6,-413.0,-0.0949,-81.7,423.9,0,0.0,0.0,0.0000,12.67,-8.28,-13.90,5.29
8.1955,8.1900,5.6,0,74.4,445.0,-3.0409,73.8,436.9,-3.0604,164.1,-364.7,0.0000,121.1,-412.1,-0.0778,-79.0,422.2,0,0.0,0.0,0.0000,12.05,-7.57,-12.75,4.94
8.2036,8.1984,5.3,0,76.0,442.9,-3.0405,75.2,433.8,-3.0604,160.5,-366.7,-0.0000,115.2,-416.0,-0.0794,-72.7,425.6,0,0.0,0.0,0.0000,11.89,-6.67,-12.38,4.90
8.2117,8.2069,4.8,0,77.9,439.7,-3.0311,76.5,430.7,-3.0604,156.3,-368.4,-0.0000,108.4,-416.7,-0.1171,-61.7,426.2,0,0.0,0.0,0.0000,12.35,-7.44,-12.51,4.29
8.2196,8.2153,4.3,0,79.4,437.3,-3.0262,77.8,427.5,-3.0604,152.2,-370.0,-0.0000,103.7,-419.6,-0.1365,-54.7,428.8,0,0.0,0.0,0.0000,12.26,-8.47,-13.69,4.66
8.2272,8.2153,11.9,0,79.4,437.3,-3.0262,77.8,427.5,-3.0604,152.2,-370.0,-0.0000,103.3,-429.4,-0.1365,-53.2,438.4,0,0.0,0.0,0.0000,11.39,-9.74,-13.76,4.84
8.2358,8.2323,3.5,0,82.1,431.1,-3.0296,80.3,421.2,-3.0604,143.0,-373.4,-0.0000,94.7,-421.1,-0.1231,-47.0,429.1,0,0.0,0.0,0.0000,11.12,-10.48,-13.08,5.02
8.2429,8.2407,2.3,0,84.5,427.8,-3.0327,81.5,418.1,-3.0604,139.4,-375.1,-0.0000,87.0,-420.1,-0.1108,-40.8,427.1,0,0.0,0.0,0.0000,11.29,-8.78,-12.86,5.36
8.2510,8.2491,1.9,0,85.8,424.6,-3.0250,82.7,414.9,-3.0604,135.6,-376.7,0.0000,81.9,-420.7,-0.1414,-32.4,427.3,0,0.0,0.0,0.0000,10.80,-7.15,-13.38,7.25
8.2596,8.2491,10.5,0,85.8,424.6,-3.0250,82.7,414.9,-3.0604,135.6,-376.7,0.0000,80.7,-431.5,-0.1414,-29.9,438.0,0,0.0,0.0,0.0000,10.71,-8.18,-10.38,6.96
8.2673,8.2576,9.7,0,86.9,421.9,-3.0293,83.8,411.7,-3.0604,130.8,-378.0,-0.0000,76.3,-432.6,-0.1243,-27.3,438.4,0,0.0,0.0,0.0000,10.02,-9.81,-9.96,5.52
8.2753,8.2661,9.2,0,89.0,418.2,-3.0358,84.9,408.5,-3.0604,126.3,-379.4,0.0000,68.3,-431.4,-0.0985,-22.4,436.2,0,0.0,0.0,0.0000,10.55,-9.27,-11.99,6.14
8.2832,8.2744,8.8,0,90.7,415.8,-3.0376,85.9,405.3,-3.0604,122.9,-380.6,-0.0000,62.7,-434.8,-0.0910,-17.2,438.9,0,0.0,0.0,0.0000,9.75,-9.18,-12.98,8.63
8.2908,8.2829,7.9,0,92.0,411.6,-3.0331,87.0,402.1,-3.0604,118.7,-382.0,-0.0000,58.2,-432.2,-0.1092,-11.1,435.9,0,0.0,0.0,0.0000,11.22,-9.68,-13.41,7.54
8.2992,8.2915,7.6,0,92.9,409.3,-3.0259,87.9,398.8,-3.0604,113.3,-383.4,-0.0000,53.7,-434.8,-0.1380,-3.2,438.1,0,0.0,0.0,0.0000,10.22,-9.72,-12.90,6.54
8.3074,8.2998,7.6,0,94.6,405.8,-3.0411,88.9,395.6,-3.0604,108.8,-384.8,0.0000,46.8,-434.2,-0.0769,-3.1,436.7,0,0.0,0.0,0.0000,9.64,-9.85,-13.01,7.03
8.3152,8.3083,6.9,0,95.9,403.4,-3.0474,89.8,392.4,-3.0604,104.8,-386.2,0.0000,40.6,-436.8,-0.0519,0.7,438.7,0,0.0,0.0,0.0000,8.67,-9.54,-12.60,8.89
8.3232,8.3167,6.5,0,96.7,399.2,-3.0474,90.6,389.1,-3.0604,100.6,-387.3,-0.0000,35.8,-434.5,-0.0518,5.2,435.9,0,0.0,0.0,0.0000,10.22,-11.68,-12.73,11.24
8.3313,8.3256,5.7,0,98.0,396.4,-3.0502,91.5,385.7,-3.0604,96.3,-388.3,-0.0000,30.3,-435.9,-0.0409,9.7,436.9,0,0.0,0.0,0.0000,10.01,-12.38,-12.51,9.07
8.3393,8.3336,5.7,0,98.8,392.4,-3.0467,92.3,382.5,-3.0604,92.0,-389.3,-0.0000,26.1,-434.0,-0.0547,15.1,434.5,0,0.0,0.0,0.0000,8.95,-11.51,-12.70,7.80
8.3466,8.3421,4.5,0,100.0,389.7,-3.0550,93.0,379.2,-3.0604,87.4,-390.4,-0.0000,20.7,-434.9,-0.0216,17.0,435.0,0,0.0,0.0,0.0000,8.95,-10.58,-12.75,7.94
8.3546,8.3505,4.1,0,101.4,385.7,-3.0527,93.7,375.9,-3.0604,82.8,-391.1,-0.0000,14.5,-432.6,-0.0307,23.9,432.2,0,0.0,0.0,0.0000,7.87,-10.67,-12.55,9.84
8.3626,8.3593,3.3,0,102.4,383.0,-3.0604,94.5,372.5,-3.0604,77.8,-391.6,0.0000,9.1,-434.2,0.0002,26.2,433.5,0,0.0,0.0,0.0000,8.00,-10.16,-13.09,11.23
8.3710,8.3674,3.5,0,103.0,379.7,-3.0667,95.1,369.3,-3.0604,74.2,-393.0,0.0000,4.4,-434.4,0.0255,28.1,433.5,0,0.0,0.0,0.0000,8.07,-10.86,-12.81,10.22
8.3790,8.3759,3.2,0,103.6,376.4,-3.0697,95.7,366.0,-3.0604,70.6,-394.6,-0.0000,0.1,-434.1,0.0372,31.1,433.0,0,0.0,0.0,0.0000,8.37,-10.62,-12.89,7.51
8.3866,8.3843,2.3,0,104.8,373.3,-3.0821,96.3,362.6,-3.0604,65.8,-394.7,-0.0000,-6.3,-433.8,0.0868,32.1,432.6,0,0.0,0.0,0.0000,8.21,-11.47,-12.07,6.88
8.3953,8.3843,11.0,0,104.8,373.3,-3.0821,96.3,362.6,-3.0604,65.8,-394.7,-0.0000,-9.0,-444.5,0.0868,35.4,443.2,0,0.0,0.0,0.0000,8.47,-12.29,-11.62,9.35
8.4030,8.4012,1.8,0,105.8,366.1,-3.0833,97.3,356.0,-3.0604,56.2,-395.9,0.0000,-14.6,-432.4,0.0918,39.8,430.8,0,0.0,0.0,0.0000,7.73,-12.08,-12.19,9.84
8.4110,8.4012,9.8,0,105.8,366.1,-3.0833,97.3,356.0,-3.0604,56.2,-395.9,0.0000,-17.4,-441.8,0.0918,43.1,440.0,0,0.0,0.0,0.0000,7.30,-10.81,-12.19,8.10
8.4193,8.4096,9.6,0,107.2,362.5,-3.0908,97.7,352.6,-3.0604,51.3,-396.6,-0.0000,-24.4,-441.0,0.1219,46.7,439.2,0,0.0,0.0,0.0000,7.13,-12.37,-12.78,8.49
8.4268,8.4181,8.6,0,107.4,360.0,-3.0879,98.2,349.3,-3.0604,47.2,-397.3,-0.0000,-28.5,-442.6,0.1100,52.3,440.4,0,0.0,0.0,0.0000,6.97,-11.16,-12.01,8.76
8.4347,8.4267,8.1,0,107.4,355.9,-3.0989,98.5,345.9,-3.0604,42.9,-397.9,-0.0000,-32.5,-439.8,0.1542,51.2,438.0,0,0.0,0.0,0.0000,7.13,-11.45,-11.42,7.66
8.4434,8.4350,8.3,0,107.9,353.0,-3.0877,98.9,342.5,-3.0604,38.8,-398.2,0.0000,-37.8,-441.4,0.1094,61.5,438.7,0,0.0,0.0,0.0000,7.04,-11.65,-11.27,7.83
8.4510,8.4434,7.6,0,108.5,349.9,-3.0985,99.2,339.2,-3.0604,34.4,-398.5,-0.0000,-43.1,-441.3,0.1524,62.1,439.0,0,0.0,0.0,0.0000,6.91,-12.21,-10.50,9.08
8.4595,8.4519,7.6,0,108.4,346.1,-3.0884,99.5,335.8,-3.0604,29.7,-399.0,-0.0000,-45.9,-439.2,0.1123,69.2,436.2,0,0.0,0.0,0.0000,6.70,-10.55,-10.47,8.57
8.4674,8.4611,6.4,0,108.2,343.0,-3.1043,99.7,332.2,-3.0604,24.7,-399.2,0.0000,-48.4,-438.7,0.1759,64.7,436.6,0,0.0,0.0,0.0000,6.57,-10.60,-10.44,10.20
8.4749,8.4689,6.0,0,108.5,340.2,-3.0949,99.9,329.0,-3.0604,20.3,-399.1,-0.0000,-53.2,-439.4,0.1383,73.7,436.5,0,0.0,0.0,0.0000,6.58,-12.29,-10.50,11.75
8.4827,8.4772,5.5,0,108.5,336.4,-3.1030,100.0,325.7,-3.0604,16.0,-399.3,0.0000,-56.9,-437.7,0.1707,73.7,435.1,0,0.0,0.0,0.0000,6.43,-13.45,-10.56,10.08
8.4915,8.4857,5.8,0,108.5,333.9,-3.1010,100.2,322.3,-3.0604,11.8,-399.8,0.0000,-61.7,-439.8,0.1627,79.4,437.0,0,0.0,0.0,0.0000,4.65,-12.39,-9.72,9.58
8.4990,8.4942,4.7,0,109.4,329.1,-3.1092,100.2,318.9,-3.0604,7.4,-399.9,0.0000,-68.5,-434.1,0.1952,82.5,431.6,0,0.0,0.0,0.0000,6.36,-11.46,-8.95,11.18
8.5070,8.5025,4.5,0,108.8,326.3,-3.0956,100.3,315.6,-3.0604,3.4,-399.9,-0.0000,-70.7,-434.9,0.1409,90.6,431.2,0,0.0,0.0,0.0000,6.07,-11.27,-9.07,12.12
8.5156,8.5111,4.5,0,108.8,322.6,-3.1005,100.3,312.2,-3.0604,-1.6,-399.9,0.0000,-74.9,-434.1,0.1606,92.7,430.6,0,0.0,0.0,0.0000,6.61,-12.24,-8.59,11.92
8.5228,8.5195,3.3,0,107.9,319.4,-3.0960,100.3,308.8,-3.0604,-6.7,-400.0,-0.0000,-76.2,-432.2,0.1424,95.8,428.2,0,0.0,0.0,0.0000,6.30,-11.15,-8.30,11.30
8.5311,8.5281,3.1,0,107.7,315.8,-3.0952,100.2,305.4,-3.0604,-11.4,-400.1,-0.0000,-80.1,-430.9,0.1393,100.0,426.7,0,0.0,0.0,0.0000,5.41,-10.88,-8.26,11.33
8.5397,8.5363,3.4,0,107.1,313.4,-3.0984,100.1,302.1,-3.0604,-16.0,-400.2,-0.0000,-83.7,-432.9,0.1520,102.3,428.9,0,0.0,0.0,0.0000,5.71,-10.89,-8.09,11.52
8.5468,8.5448,2.0,0,106.6,309.8,-3.0987,99.9,298.7,-3.0604,-19.9,-399.3,-0.0000,-86.6,-430.0,0.1531,105.0,425.8,0,0.0,0.0,0.0000,4.73,-11.38,-7.94,12.08
8.5551,8.5533,1.9,0,106.3,306.7,-3.0992,99.7,295.3,-3.0604,-23.9,-398.6,0.0000,-90.4,-429.9,0.1551,108.6,425.7,0,0.0,0.0,0.0000,5.81,-11.22,-6.98,12.46
8.5635,8.5533,10.3,0,106.3,306.7,-3.0992,99.7,295.3,-3.0604,-23.9,-398.6,0.0000,-95.5,-439.4,0.1551,114.0,434.9,0,0.0,0.0,0.0000,5.58,-11.41,-7.71,12.91
8.5707,8.5618,8.9,0,105.4,302.5,-3.0993,99.5,291.9,-3.0604,-28.7,-399.0,0.0000,-97.1,-434.4,0.1559,115.4,429.9,0,0.0,0.0,0.0000,5.14,-12.01,-6.38,12.63
8.5795,8.5702,9.3,0,104.6,299.0,-3.0829,99.2,288.6,-3.0604,-33.3,-399.0,-0.0000,-100.3,-433.5,0.0902,125.6,426.9,0,0.0,0.0,0.0000,6.12,-11.62,-5.99,12.82
8.5872,8.5786,8.6,0,104.1,296.1,-3.0834,98.9,285.2,-3.0604,-38.1,-398.1,-0.0000,-103.4,-433.4,0.0922,128.4,426.7,0,0.0,0.0,0.0000,4.89,-11.78,-6.31,13.59
8.5946,8.5871,7.5,0,103.5,292.6,-3.0768,98.6,281.8,-3.0604,-42.7,-397.6,0.0000,-105.7,-431.6,0.0659,133.4,423.8,0,0.0,0.0,0.0000,-2.52,-11.56,-5.74,13.32
8.6030,8.5956,7.4,0,102.3,289.0,-3.0672,98.2,278.4,-3.0604,-46.9,-397.4,0.0000,-108.6,-428.9,0.0272,140.2,419.7,0,0.0,0.0,0.0000,6.02,-12.35,-5.85,13.50
8.6115,8.6040,7.6,0,102.3,286.2,-3.0622,97.8,275.1,-3.0604,-51.2,-397.0,0.0000,-115.3,-428.8,0.0075,149.0,418.3,0,0.0,0.0,0.0000,4.87,-14.42,-5.66,14.14
8.6187,8.6124,6.3,0,101.3,282.7,-3.0468,97.4,271.8,-3.0604,-55.5,-396.3,0.0000,-116.4,-426.6,-0.0543,156.3,413.7,0,0.0,0.0,0.0000,4.21,-13.03,-4.82,15.23
8.6277,8.6209,6.8,0,100.2,278.5,-3.0504,96.9,268.4,-3.0604,-60.1,-395.5,0.0000,-118.5,-424.1,-0.0398,156.6,411.6,0,0.0,0.0,0.0000,4.39,-11.60,-4.46,16.51
8.6352,8.6294,5.8,0,99.4,275.0,-3.0365,96.3,265.1,-3.0604,-65.0,-394.4,0.0000,-121.7,-420.7,-0.0953,165.1,405.6,0,0.0,0.0,0.0000,4.65,-11.33,-5.08,13.02
8.6430,8.6378,5.2,0,98.3,271.7,-3.0382,95.8,261.8,-3.0604,-69.4,-393.7,-0.0000,-124.1,-418.2,-0.0886,166.6,403.1,0,0.0,0.0,0.0000,4.40,-12.90,-5.13,11.45
8.6512,8.6462,4.9,0,98.2,268.7,-3.0260,95.2,258.4,-3.0604,-73.7,-393.2,-0.0000,-130.3,-418.1,-0.1376,177.7,400.3,0,0.0,0.0,0.0000,4.67,-14.33,-5.32,12.67
8.6591,8.6547,4.5,0,96.9,264.6,-3.0272,94.5,255.1,-3.0604,-78.1,-392.3,-0.0000,-133.0,-414.8,-0.1325,179.4,396.9,0,0.0,0.0,0.0000,3.84,-13.43,-4.27,14.18
8.6677,8.6547,13.1,0,96.9,264.6,-3.0272,94.5,255.1,-3.0604,-78.1,-392.3,-0.0000,-139.2,-422.5,-0.1325,186.5,403.9,0,0.0,0.0,0.0000,3.33,-13.10,-4.04,14.62
8.6751,8.6716,3.6,0,93.9,257.6,-3.0301,93.1,248.5,-3.0604,-86.5,-390.5,-0.0000,-135.8,-408.2,-0.1209,180.3,390.5,0,0.0,0.0,0.0000,4.00,-12.63,-4.46,13.98
8.6831,8.6800,3.1,0,93.1,254.7,-3.0123,92.4,245.2,-3.0604,-90.3,-390.1,0.0000,-139.3,-408.1,-0.1923,190.8,386.8,0,0.0,0.0,0.0000,3.85,-8.85,-4.69,13.61
8.6914,8.6884,3.0,0,92.2,250.7,-3.0053,91.6,241.9,-3.0604,-95.7,-388.3,-0.0000,-142.8,-404.9,-0.2204,196.5,381.8,0,0.0,0.0,0.0000,3.02,-9.72,-4.86,13.65
8.6992,8.6970,2.2,0,92.1,247.6,-2.9996,90.8,238.6,-3.0604,-101.0,-386.6,0.0000,-148.5,-402.7,-0.2432,204.0,377.6,0,0.0,0.0,0.0000,2.74,-13.64,-3.89,13.54
8.7074,8.7053,2.1,0,90.8,243.7,-3.0055,89.9,235.4,-3.0604,-104.2,-386.3,-0.0000,-151.4,-398.4,-0.2196,204.0,374.2,0,0.0,0.0,0.0000,2.07,-14.06,-4.07,14.19
8.7151,8.7053,9.8,0,90.8,243.7,-3.0055,89.9,235.4,-3.0604,-104.2,-386.3,-0.0000,-158.0,-406.0,-0.2196,211.6,380.8,0,0.0,0.0,0.0000,1.62,-14.02,-4.38,14.57
8.7234,8.7138,9.6,0,88.3,240.2,-3.0041,89.0,232.1,-3.0604,-107.9,-385.5,-0.0000,-157.7,-403.5,-0.2249,211.5,378.0,0,0.0,0.0,0.0000,1.54,-15.37,-4.73,14.17
8.7314,8.7223,9.1,0,87.0,236.7,-3.0113,88.1,228.8,-3.0604,-112.6,-383.5,0.0000,-160.4,-400.6,-0.1963,211.1,376.4,0,0.0,0.0,0.0000,1.62,-16.04,-4.73,14.20
8.7391,8.7307,8.4,0,86.0,233.7,-2.9985,87.1,225.6,-3.0604,-117.0,-382.0,0.0000,-163.7,-399.0,-0.2475,219.0,371.6,0,0.0,0.0,0.0000,1.00,-15.31,-4.57,14.11
8.7466,8.7392,7.4,0,84.7,229.5,-3.0025,86.1,222.4,-3.0604,-122.0,-381.5,-0.0000,-166.1,-393.2,-0.2315,219.0,366.4,0,0.0,0.0,0.0000,1.57,-14.82,-4.92,13.77
8.7545,8.7476,7.0,0,83.7,226.5,-2.9958,85.1,219.2,-3.0604,-126.5,-380.2,-0.0000,-169.6,-391.2,-0.2584,224.6,362.4,0,0.0,0.0,0.0000,1.16,-15.46,-5.00,13.85
8.7631,8.7560,7.1,0,81.9,222.0,-3.0004,84.0,216.0,-3.0604,-130.4,-377.6,-0.0000,-171.7,-385.4,-0.2398,224.3,357.4,0,0.0,0.0,0.0000,0.93,-15.77,-5.43,13.87
8.7712,8.7645,6.7,0,80.2,219.6,-2.9994,82.9,212.8,-3.0604,-134.5,-376.2,-0.0000,-174.0,-385.6,-0.2441,227.0,357.1,0,0.0,0.0,0.0000,0.63,-16.27,-5.55,13.50
8.7791,8.7729,6.2,0,79.5,215.8,-3.0028,81.7,209.6,-3.0604,-138.5,-375.8,-0.0000,-179.1,-380.9,-0.2304,230.1,352.5,0,0.0,0.0,0.0000,0.44,-17.03,-5.17,13.97
8.7878,8.7814,6.4,0,78.4,212.8,-2.9985,80.5,206.5,-3.0604,-142.6,-374.1,-0.0000,-183.7,-379.0,-0.2475,235.9,348.9,0,0.0,0.0,0.0000,0.46,-16.41,-4.46,14.87
8.7947,8.7899,4.9,0,77.0,208.4,-3.0090,79.3,203.3,-3.0604,-146.7,-371.7,-0.0000,-186.1,-372.5,-0.2056,233.8,344.6,0,0.0,0.0,0.0000,0.16,-16.50,-5.29,14.93
8.8027,8.7983,4.5,0,74.5,205.1,-3.0222,78.0,200.2,-3.0604,-151.1,-370.1,0.0000,-186.4,-370.0,-0.1526,229.2,345.1,0,0.0,0.0,0.0000,0.03,-17.00,-4.83,13.45
8.8111,8.8067,4.3,0,73.5,201.6,-3.0170,76.7,197.1,-3.0604,-155.7,-368.5,-0.0000,-190.0,-366.2,-0.1736,234.1,339.7,0,0.0,0.0,0.0000,-0.57,-16.58,-4.65,12.55
8.8198,8.8152,4.6,0,72.5,197.9,-3.0273,75.4,193.9,-3.0604,-159.8,-366.9,-0.0000,-194.3,-362.4,-0.1324,234.4,337.9,0,0.0,0.0,0.0000,-0.99,-18.07,-5.22,12.99
8.8272,8.8236,3.5,0,71.4,194.7,-3.0142,74.0,190.9,-3.0604,-163.9,-365.3,-0.0000,-199.4,-358.4,-0.1847,243.3,330.1,0,0.0,0.0,0.0000,-0.94,-16.71,-5.38,12.52
8.8352,8.8321,3.0,0,69.4,191.1,-3.0304,72.6,187.8,-3.0604,-167.7,-363.2,0.0000,-202.1,-353.8,-0.1197,240.1,329.2,0,0.0,0.0,0.0000,-0.84,-16.31,-4.71,12.55
8.8427,8.8405,2.2,0,67.2,188.0,-3.0211,71.2,184.7,-3.0604,-171.4,-361.2,0.0000,-202.2,-350.7,-0.1570,242.9,323.9,0,0.0,0.0,0.0000,-1.25,-17.08,-5.22,12.95
8.8513,8.8490,2.3,0,66.1,184.2,-3.0354,69.7,181.7,-3.0604,-175.7,-359.3,0.0000,-207.1,-346.0,-0.1001,242.6,322.1,0,0.0,0.0,0.0000,-1.16,-16.83,-4.67,12.74
8.8590,8.8490,10.0,0,66.1,184.2,-3.0354,69.7,181.7,-3.0604,-175.7,-359.3,0.0000,-214.3,-352.5,-0.1001,250.5,327.8,0,0.0,0.0,0.0000,-1.50,-16.83,-4.84,13.53
8.8673,8.8575,9.8,0,64.9,181.1,-3.0246,68.2,178.6,-3.0604,-179.8,-357.3,0.0000,-218.6,-350.3,-0.1430,258.0,322.4,0,0.0,0.0,0.0000,-1.12,-16.64,-5.04,13.07
8.8748,8.8743,0.5,0,61.2,174.7,-3.0350,65.1,172.7,-3.0604,-188.1,-352.5,-0.0000,-214.8,-336.0,-0.1016,249.4,311.3,0,0.0,0.0,0.0000,-1.44,-16.95,-4.13,13.11
8.8836,8.8743,9.3,0,61.2,174.7,-3.0350,65.1,172.7,-3.0604,-188.1,-352.5,-0.0000,-223.5,-342.1,-0.1016,258.6,316.4,0,0.0,0.0,0.0000,-1.48,-16.37,-4.06,12.90
8.8909,8.8828,8.1,0,59.7,170.2,-3.0460,63.5,169.7,-3.0604,-192.4,-351.3,0.0000,-227.0,-334.4,-0.0575,257.9,311.2,0,0.0,0.0,0.0000,-1.31,-15.05,-3.61,12.70
8.8987,8.8913,7.5,0,58.0,167.3,-3.0346,61.9,166.7,-3.0604,-196.3,-349.4,0.0000,-230.7,-331.1,-0.1032,264.7,304.6,0,0.0,0.0,0.0000,-1.74,-16.08,-3.21,12.72
8.9067,8.8997,7.0,0,56.5,163.8,-3.0512,60.2,163.8,-3.0604,-198.7,-346.8,-0.0000,-234.2,-326.9,-0.0365,262.7,304.5,0,0.0,0.0,0.0000,-1.80,-15.55,-3.29,13.33
8.9146,8.9081,6.5,0,54.5,161.3,-3.0488,58.5,160.9,-3.0604,-202.6,-344.3,0.0000,-236.4,-325.3,-0.0464,265.6,302.0,0,0.0,0.0,0.0000,-1.91,-17.20,-3.35,13.66
8.9229,8.9166,6.4,0,52.7,157.2,-3.0471,56.8,158.0,-3.0604,-208.4,-341.6,-0.0000,-239.3,-318.8,-0.0530,268.3,294.8,0,0.0,0.0,0.0000,-1.39,-15.79,-3.16,13.16
8.9309,8.9250,5.9,0,50.8,154.4,-3.0399,55.0,155.1,-3.0604,-212.4,-339.2,-0.0000,-241.7,-316.1,-0.0818,272.6,289.9,0,0.0,0.0,0.0000,-1.58,-15.33,-2.62,13.10
8.9389,8.9334,5.5,0,49.4,150.9,-3.0569,53.2,152.2,-3.0604,-215.5,-336.8,-0.0000,-246.0,-310.3,-0.0138,271.3,288.4,0,0.0,0.0,0.0000,-1.79,-15.69,-2.70,13.40
8.9473,8.9419,5.3,0,47.1,148.4,-3.0485,51.4,149.4,-3.0604,-219.0,-334.7,0.0000,-248.0,-307.9,-0.0475,275.6,283.5,0,0.0,0.0,0.0000,-1.73,-15.48,-2.04,14.48
8.9547,8.9504,4.3,0,45.4,144.5,-3.0622,49.5,146.6,-3.0604,-222.5,-333.0,0.0000,-251.3,-301.3,0.0072,274.4,280.5,0,0.0,0.0,0.0000,-2.59,-16.21,-2.22,14.75
8.9635,8.9588,4.7,0,43.1,142.2,-3.0555,47.6,143.8,-3.0604,-226.0,-330.0,-0.0000,-254.8,-300.5,-0.0194,279.7,277.5,0,0.0,0.0,0.0000,-2.02,-12.83,-2.57,15.18
8.9717,8.9673,4.4,0,41.4,138.9,-3.0631,45.7,141.0,-3.0604,-229.4,-326.8,-0.0000,-257.9,-295.5,0.0108,280.3,274.4,0,0.0,0.0,0.0000,-1.96,-15.68,-2.50,14.40
8.9797,8.9757,4.0,0,39.5,135.8,-3.0544,43.7,138.3,-3.0604,-233.7,-324.2,-0.0000,-260.4,-291.1,-0.0237,284.7,267.4,0,0.0,0.0,0.0000,-1.84,-15.19,-1.91,13.29
8.9873,8.9842,3.1,0,37.5,132.9,-3.0612,41.7,135.5,-3.0604,-238.1,-321.5,-0.0000,-262.8,-286.9,0.0032,285.0,264.9,0,0.0,0.0,0.0000,-1.66,-14.90,-1.35,13.52
8.9946,8.9926,2.0,0,35.5,130.0,-3.0620,39.7,132.8,-3.0604,-241.4,-319.2,-0.0000,-264.9,-282.7,0.0064,286.6,260.8,0,0.0,0.0,0.0000,-1.91,-13.47,-1.16,13.70
9.0028,9.0011,1.7,0,33.0,128.1,-3.0491,37.6,130.1,-3.0604,-244.9,-316.9,-0.0000,-267.0,-281.7,-0.0450,291.8,255.9,0,0.0,0.0,0.0000,-2.24,-14.22,-0.58,13.86
9.0111,9.0011,10.0,0,33.0,128.1,-3.0491,37.6,130.1,-3.0604,-244.9,-316.9,-0.0000,-276.7,-286.6,-0.0450,302.0,259.9,0,0.0,0.0,0.0000,-2.07,-14.42,-0.56,14.86
9.0194,9.0095,9.9,0,31.9,124.3,-3.0563,35.6,127.5,-3.0604,-248.0,-314.2,-0.0000,-282.3,-279.8,-0.0162,305.1,254.7,0,0.0,0.0,0.0000,-2.08,-13.64,-0.30,14.35
9.0277,9.0179,9.7,0,29.4,122.4,-3.0503,33.5,124.8,-3.0604,-251.2,-311.4,-0.0000,-283.9,-278.1,-0.0401,308.1,251.1,0,0.0,0.0,0.0000,-2.18,-13.47,0.37,14.71
9.0349,9.0264,8.5,0,27.2,119.9,-3.0478,31.3,122.2,-3.0604,-254.9,-307.7,-0.0000,-285.5,-274.8,-0.0504,309.9,246.8,0,0.0,0.0,0.0000,-2.43,-13.12,0.93,13.97
9.0434,9.0348,8.6,0,25.2,116.8,-3.0451,29.1,119.6,-3.0604,-258.5,-304.5,0.0000,-288.8,-270.3,-0.0610,313.5,241.2,0,0.0,0.0,0.0000,-2.13,-12.13,1.05,13.80
9.0515,9.0433,8.2,0,23.2,114.5,-3.0424,26.9,117.1,-3.0604,-262.7,-302.2,-0.0000,-292.5,-267.0,-0.0718,317.5,236.7,0,0.0,0.0,0.0000,-1.58,-13.04,1.44,13.79
9.0592,9.0517,7.4,0,21.0,112.1,-3.0445,24.7,114.5,-3.0604,-266.2,-299.3,0.0000,-295.0,-263.2,-0.0635,319.1,233.3,0,0.0,0.0,0.0000,-0.72,-12.27,2.52,14.29
9.0673,9.0603,7.0,0,18.6,109.6,-3.0400,22.4,112.0,-3.0604,-268.7,-296.1,-0.0000,-297.6,-259.7,-0.0814,322.4,228.1,0,0.0,0.0,0.0000,-0.31,-12.18,2.33,15.10
9.0758,9.0688,7.0,0,16.7,107.6,-3.0294,20.1,109.5,-3.0604,-271.9,-293.0,-0.0000,-302.2,-257.9,-0.1240,329.2,222.4,0,0.0,0.0,0.0000,-4.64,-12.45,2.46,14.78
9.0827,9.0772,5.5,0,13.8,105.3,-3.0240,17.8,107.0,-3.0604,-275.0,-290.0,0.0000,-300.8,-254.4,-0.1457,328.6,217.4,0,0.0,0.0,0.0000,-0.15,-11.91,2.40,14.87
9.0913,9.0856,5.7,0,11.5,102.8,-3.0173,15.5,104.6,-3.0604,-278.5,-287.0,0.0000,-303.4,-251.2,-0.1721,332.2,211.6,0,0.0,0.0,0.0000,-1.72,-12.39,2.66,11.63
9.0986,9.0941,4.5,0,9.8,100.3,-3.0161,13.1,102.2,-3.0604,-282.4,-284.1,0.0000,-307.0,-246.8,-0.1772,335.5,206.4,0,0.0,0.0,0.0000,-3.00,-12.43,3.01,11.20
9.1069,9.1026,4.3,0,6.9,99.0,-3.0168,10.7,99.8,-3.0604,-285.3,-280.7,0.0000,-308.5,-246.7,-0.1744,336.8,206.4,0,0.0,0.0,0.0000,-3.32,-7.15,3.48,13.26
9.1153,9.1109,4.4,0,4.6,96.7,-3.0095,8.3,97.4,-3.0604,-288.1,-277.2,-0.0000,-312.0,-242.6,-0.2034,341.2,199.4,0,0.0,0.0,0.0000,-2.81,-7.55,3.36,14.02
9.1227,9.1193,3.4,0,3.0,93.9,-3.0097,5.9,95.1,-3.0604,-291.0,-274.1,-0.0000,-316.8,-236.8,-0.2027,345.2,193.1,0,0.0,0.0,0.0000,-4.10,-10.02,3.41,14.46
9.1308,9.1193,11.4,0,3.0,93.9,-3.0097,5.9,95.1,-3.0604,-291.0,-274.1,-0.0000,-325.5,-239.8,-0.2027,354.2,194.9,0,0.0,0.0,0.0000,-5.54,-11.79,4.15,14.37
9.1395,9.1363,3.2,0,-2.2,90.3,-2.9923,0.9,90.5,-3.0604,-297.2,-267.4,-0.0000,-319.7,-231.8,-0.2721,350.6,181.7,0,0.0,0.0,0.0000,-5.16,-12.33,4.03,14.70
9.1468,9.1447,2.1,0,-4.9,87.3,-2.9893,-1.6,88.3,-3.0604,-300.5,-263.6,-0.0000,-321.0,-226.1,-0.2844,351.6,174.8,0,0.0,0.0,0.0000,-5.74,-11.87,3.84,14.01
9.1547,9.1447,10.0,0,-4.9,87.3,-2.9893,-1.6,88.3,-3.0604,-300.5,-263.6,-0.0000,-331.0,-229.7,-0.2844,362.0,176.8,0,0.0,0.0,0.0000,-5.36,-11.72,3.84,13.76
9.1630,9.1531,9.8,0,-7.4,85.9,-2.9895,-4.2,86.1,-3.0604,-303.8,-260.3,-0.0000,-333.2,-227.6,-0.2833,363.8,174.5,0,0.0,0.0,0.0000,-5.56,-11.99,4.29,13.73
9.1717,9.1621,9.6,0,-9.1,84.1,-2.9880,-6.9,83.8,-3.0604,-307.2,-256.7,-0.0000,-338.5,-224.7,-0.2896,368.9,170.3,0,0.0,0.0,0.0000,-5.81,-12.03,4.46,14.30
9.1791,9.1700,9.1,0,-12.4,81.6,-2.9871,-9.4,81.7,-3.0604,-308.9,-253.9,0.0000,-337.7,-219.3,-0.2932,367.4,164.7,0,0.0,0.0,0.0000,-6.53,-11.88,4.81,14.57
9.1869,9.1785,8.4,0,-14.8,80.1,-2.9896,-12.0,79.6,-3.0604,-311.3,-250.7,0.0000,-340.7,-216.8,-0.2831,369.5,162.7,0,0.0,0.0,0.0000,-6.03,-11.95,5.17,14.24
9.1957,9.1869,8.7,0,-17.1,77.8,-2.9864,-14.6,77.5,-3.0604,-314.3,-247.4,0.0000,-343.8,-212.8,-0.2960,372.6,157.1,0,0.0,0.0,0.0000,-7.08,-13.39,5.19,14.07
9.2034,9.1956,7.8,0,-19.7,76.1,-2.9825,-17.3,75.4,-3.0604,-317.4,-243.7,-0.0000,-345.0,-210.0,-0.3117,373.9,152.7,0,0.0,0.0,0.0000,-7.17,-13.73,4.94,14.05
9.2112,9.2038,7.4,0,-22.3,73.6,-2.9834,-20.0,73.4,-3.0604,-321.2,-239.5,0.0000,-347.3,-204.6,-0.3080,375.2,147.3,0,0.0,0.0,0.0000,-6.94,-13.91,4.54,13.68
9.2197,9.2123,7.4,0,-24.8,72.2,-2.9877,-22.7,71.4,-3.0604,-323.8,-235.6,0.0000,-350.2,-202.5,-0.2905,377.1,146.5,0,0.0,0.0,0.0000,-9.28,-13.67,4.07,12.99
9.2276,9.2207,6.9,0,-28.0,70.0,-2.9907,-25.4,69.4,-3.0604,-325.1,-231.6,-0.0000,-350.4,-197.6,-0.2785,376.1,142.7,0,0.0,0.0,0.0000,-6.72,-13.19,3.97,12.92
9.2353,9.2292,6.1,0,-30.4,67.5,-2.9871,-28.2,67.5,-3.0604,-327.7,-228.3,0.0000,-353.0,-191.5,-0.2929,378.3,134.9,0,0.0,0.0,0.0000,-7.08,-13.94,4.23,12.76
9.2427,9.2376,5.1,0,-33.4,66.2,-2.9978,-31.0,65.5,-3.0604,-331.0,-225.7,-0.0000,-353.4,-189.0,-0.2504,376.9,136.4,0,0.0,0.0,0.0000,-8.43,-14.93,4.67,13.22
9.2508,9.2461,4.7,0,-35.3,64.7,-2.9971,-33.8,63.7,-3.0604,-333.4,-221.8,0.0000,-358.1,-185.8,-0.2532,381.1,132.3,0,0.0,0.0,0.0000,-9.14,-14.59,4.23,13.52
9.2590,9.2545,4.4,0,-38.4,61.7,-2.9922,-36.6,61.8,-3.0604,-335.5,-217.4,0.0000,-358.7,-178.5,-0.2727,381.2,123.1,0,0.0,0.0,0.0000,-8.52,-14.12,4.60,12.50
9.2666,9.2632,3.5,0,-41.2,60.2,-3.0045,-39.5,59.9,-3.0604,-338.2,-213.3,0.0000,-359.1,-175.5,-0.2235,379.8,124.8,0,0.0,0.0,0.0000,-8.18,-14.85,4.12,11.49
9.2749,9.2714,3.6,0,-43.8,58.5,-3.0005,-42.3,58.2,-3.0604,-341.0,-209.1,-0.0000,-362.0,-171.6,-0.2393,382.5,119.0,0,0.0,0.0,0.0000,-8.27,-15.56,4.25,11.75
9.2835,9.2799,3.6,0,-47.0,56.5,-3.0189,-45.2,56.4,-3.0604,-342.9,-205.7,0.0000,-363.3,-166.9,-0.1660,381.0,121.1,0,0.0,0.0,0.0000,-8.93,-14.22,4.05,11.81
9.2914,9.2884,3.0,0,-49.3,54.5,-3.0222,-48.1,54.7,-3.0604,-344.7,-202.3,-0.0000,-366.1,-161.3,-0.1528,382.7,116.5,0,0.0,0.0,0.0000,-8.01,-14.63,4.30,12.53
9.2995,9.2969,2.6,0,-52.0,52.7,-3.0095,-51.1,53.0,-3.0604,-347.1,-198.4,0.0000,-368.0,-156.3,-0.2035,385.3,106.5,0,0.0,0.0,0.0000,-10.09,-13.93,4.19,12.19
9.3071,9.3052,1.9,0,-55.2,51.6,-3.0120,-54.0,51.4,-3.0604,-349.4,-194.7,-0.0000,-368.0,-154.2,-0.1936,384.8,105.4,0,0.0,0.0,0.0000,-10.06,-13.99,4.64,11.89
9.3154,9.3052,10.2,0,-55.2,51.6,-3.0120,-54.0,51.4,-3.0604,-349.4,-194.7,-0.0000,-378.2,-155.3,-0.1936,395.1,105.1,0,0.0,0.0,0.0000,-8.50,-13.69,4.26,12.08
9.3230,9.3141,8.8,0,-58.4,48.8,-3.0305,-57.1,49.7,-3.0604,-351.9,-190.3,0.0000,-378.3,-147.3,-0.1193,392.3,104.5,0,0.0,0.0,0.0000,-8.46,-14.15,4.48,11.64
9.3310,9.3228,8.2,0,-61.1,47.8,-3.0347,-60.2,48.0,-3.0604,-354.2,-186.1,0.0000,-382.0,-144.9,-0.1029,395.3,103.3,0,0.0,0.0,0.0000,-8.89,-14.15,4.19,12.04
9.3396,9.3313,8.3,0,-63.1,45.8,-3.0272,-63.2,46.5,-3.0604,-356.8,-181.8,-0.0000,-381.7,-137.8,-0.1327,395.0,93.4,0,0.0,0.0,0.0000,-9.72,-14.68,4.50,12.20
9.3477,9.3391,8.7,0,-66.3,44.9,-3.0372,-66.0,45.1,-3.0604,-358.7,-178.2,-0.0000,-378.9,-134.4,-0.0927,390.9,94.2,0,0.0,0.0,0.0000,-9.57,-14.51,4.46,12.10
9.3556,9.3475,8.1,0,-69.4,43.1,-3.0399,-69.0,43.6,-3.0604,-360.0,-174.5,0.0000,-371.1,-126.1,-0.0817,381.9,87.8,0,0.0,0.0,0.0000,-9.38,-13.85,5.07,12.00
9.3633,9.3559,7.4,0,-72.4,41.8,-3.0501,-72.0,42.1,-3.0604,-361.8,-170.5,0.0000,-364.8,-120.0,-0.0412,374.2,86.1,0,0.0,0.0,0.0000,-9.00,-13.65,5.11,12.63
9.3708,9.3645,6.3,0,-74.9,40.7,-3.0411,-75.2,40.7,-3.0604,-364.0,-166.3,-0.0000,-359.2,-115.1,-0.0772,369.0,78.4,0,0.0,0.0,0.0000,-9.47,-12.90,5.37,12.62
9.3790,9.3728,6.2,0,-77.9,39.0,-3.0535,-78.2,39.3,-3.0604,-365.8,-162.0,0.0000,-352.9,-107.9,-0.0274,361.1,76.5,0,0.0,0.0,0.0000,-10.24,-13.46,5.64,12.47
9.3869,9.3813,5.6,0,-81.3,36.4,-3.0473,-81.3,38.0,-3.0604,-367.4,-157.2,0.0000,-344.2,-98.4,-0.0524,352.0,65.5,0,0.0,0.0,0.0000,-9.35,-12.94,5.09,12.09
9.3956,9.3897,5.9,0,-84.4,35.3,-3.0571,-84.4,36.7,-3.0604,-369.0,-153.3,-0.0000,-336.8,-92.7,-0.0132,343.4,63.9,0,0.0,0.0,0.0000,-9.21,-12.96,5.89,11.94
9.4033,9.3983,5.0,0,-87.3,34.6,-3.0563,-87.6,35.3,-3.0604,-370.6,-149.6,-0.0000,-330.4,-89.9,-0.0164,336.9,61.5,0,0.0,0.0,0.0000,-9.05,-12.17,7.20,11.68
9.4111,9.4066,4.5,0,-89.8,32.4,-3.0543,-90.7,34.1,-3.0604,-372.5,-145.5,-0.0000,-325.7,-82.3,-0.0243,331.6,53.6,0,0.0,0.0,0.0000,-8.93,-12.02,7.30,12.33
9.4193,9.4151,4.3,0,-92.7,31.5,-3.0555,-93.8,32.9,-3.0604,-375.9,-141.7,-0.0000,-318.4,-77.7,-0.0197,323.9,50.0,0,0.0,0.0,0.0000,-9.22,-11.79,6.69,12.48
9.4269,9.4235,3.4,0,-95.8,30.5,-3.0570,-97.0,31.7,-3.0604,-372.8,-136.1,0.0000,-310.3,-73.1,-0.0135,315.4,46.7,0,0.0,0.0,0.0000,-8.89,-12.31,7.20,12.78
9.4355,9.4321,3.4,0,-98.7,29.3,-3.0596,-100.2,30.6,-3.0604,-370.9,-130.7,0.0000,-304.0,-68.2,-0.0030,308.6,43.1,0,0.0,0.0,0.0000,-9.72,-11.63,7.12,12.53
9.4434,9.4404,3.0,0,-101.6,27.9,-3.0551,-103.2,29.5,-3.0604,-363.7,-123.7,0.0000,-297.3,-62.8,-0.0211,301.6,36.9,0,0.0,0.0,0.0000,-8.79,-10.79,7.56,12.00
9.4511,9.4488,2.2,0,-104.8,27.7,-3.0629,-106.3,28.5,-3.0604,-357.3,-116.8,0.0000,-288.5,-61.3,0.0102,292.4,38.5,0,0.0,0.0,0.0000,-8.87,-11.75,7.47,12.29
9.4595,9.4573,2.2,0,-107.3,27.1,-3.0595,-109.3,27.6,-3.0604,-350.5,-110.7,0.0000,-282.0,-58.3,-0.0037,285.8,35.0,0,0.0,0.0,0.0000,-9.58,-10.93,7.59,12.47
9.4668,9.4573,9.5,0,-107.3,27.1,-3.0595,-109.3,27.6,-3.0604,-350.5,-110.7,0.0000,-283.1,-57.3,-0.0037,286.8,33.8,0,0.0,0.0,0.0000,-8.68,-10.50,7.63,12.26
9.4752,9.4658,9.4,0,-109.7,26.2,-3.0440,-112.2,26.6,-3.0604,-343.6,-104.5,0.0000,-276.8,-53.0,-0.0653,280.6,25.8,0,0.0,0.0,0.0000,-8.71,-10.28,7.90,11.78
9.4831,9.4743,8.8,0,-113.7,25.2,-3.0332,-115.1,25.8,-3.0604,-335.9,-98.5,-0.0000,-264.7,-49.7,-0.1086,268.5,20.8,0,0.0,0.0,0.0000,-8.47,-9.16,8.00,11.90
9.4914,9.4826,8.8,0,-115.8,23.6,-3.0411,-117.9,25.0,-3.0604,-328.6,-92.8,-0.0000,-258.3,-44.2,-0.0769,261.5,18.1,0,0.0,0.0,0.0000,-8.33,-8.75,8.14,11.67
9.4994,9.4911,8.4,0,-118.7,22.5,-3.0487,-120.6,24.2,-3.0604,-322.1,-88.4,0.0000,-249.9,-40.0,-0.0469,252.6,16.6,0,0.0,0.0,0.0000,-8.39,-9.25,7.60,11.10
9.5075,9.4995,8.0,0,-121.2,22.1,-3.0483,-123.3,23.5,-3.0604,-314.9,-83.4,0.0000,-242.9,-37.6,-0.0484,245.3,14.8,0,0.0,0.0,0.0000,-8.47,-8.77,8.02,11.40
9.5155,9.5080,7.5,0,-123.9,21.5,-3.0399,-126.0,22.8,-3.0604,-306.5,-77.7,0.0000,-234.3,-34.4,-0.0818,236.6,10.5,0,0.0,0.0,0.0000,-8.17,-8.37,7.95,10.38
9.5237,9.5164,7.2,0,-127.3,21.3,-3.0444,-128.5,22.2,-3.0604,-299.0,-72.9,-0.0000,-223.7,-32.1,-0.0640,225.7,10.2,0,0.0,0.0,0.0000,-7.62,-8.63,7.61,10.64
9.5306,9.5249,5.8,0,-129.2,20.6,-3.0329,-131.0,21.6,-3.0604,-292.2,-68.3,0.0000,-217.0,-30.1,-0.1099,219.0,6.4,0,0.0,0.0,0.0000,-8.10,-7.56,7.53,9.38
9.5386,9.5333,5.3,0,-131.5,20.1,-3.0425,-133.4,21.0,-3.0604,-284.5,-64.2,-0.0000,-208.7,-28.4,-0.0714,210.5,7.6,0,0.0,0.0,0.0000,-8.05,-7.43,7.99,9.70
9.5474,9.5418,5.5,0,-134.7,19.1,-3.0250,-135.8,20.5,-3.0604,-276.2,-60.3,-0.0000,-198.2,-24.3,-0.1415,199.6,1.1,0,0.0,0.0,0.0000,-7.77,-7.57,7.39,9.39
9.5548,9.5503,4.6,0,-136.9,18.6,-3.0291,-138.1,20.0,-3.0604,-268.5,-56.4,0.0000,-190.5,-22.3,-0.1249,191.8,0.8,0,0.0,0.0,0.0000,-7.77,-6.51,6.95,8.76
9.5631,9.5587,4.4,0,-139.5,18.3,-3.0377,-140.4,19.5,-3.0604,-261.2,-52.2,0.0000,-181.1,-20.1,-0.0906,182.2,1.2,0,0.0,0.0,0.0000,-7.65,-6.85,7.21,8.75
9.5713,9.5671,4.2,0,-141.0,17.9,-3.0323,-142.5,19.1,-3.0604,-252.8,-49.3,0.0000,-175.0,-17.9,-0.1123,175.9,-1.3,0,0.0,0.0,0.0000,-7.86,-6.11,7.47,8.63
9.5790,9.5756,3.5,0,-142.8,17.9,-3.0233,-144.6,18.7,-3.0604,-244.2,-46.4,0.0000,-167.5,-17.9,-0.1485,168.5,-2.0,0,0.0,0.0,0.0000,-7.38,-6.71,6.47,8.04
9.5878,9.5756,12.2,0,-142.8,17.9,-3.0233,-144.6,18.7,-3.0604,-244.2,-46.4,0.0000,-165.0,-17.7,-0.1485,165.9,-1.9,0,0.0,0.0,0.0000,-7.46,-6.07,6.09,7.30
9.5957,9.5925,3.2,0,-148.1,16.4,-3.0354,-148.6,18.0,-3.0604,-229.0,-39.8,0.0000,-149.7,-13.5,-0.0998,150.3,-2.5,0,0.0,0.0,0.0000,-6.59,-6.01,5.44,6.70
9.6031,9.6009,2.2,0,-149.3,16.4,-3.0397,-150.5,17.7,-3.0604,-221.0,-36.4,-0.0000,-140.4,-11.9,-0.0829,140.8,-2.5,0,0.0,0.0,0.0000,-6.38,-5.41,5.27,6.23
9.6112,9.6009,10.3,0,-149.3,16.4,-3.0397,-150.5,17.7,-3.0604,-221.0,-36.4,-0.0000,-137.9,-11.1,-0.0829,138.3,-3.0,0,0.0,0.0,0.0000,-7.06,-5.50,4.79,6.18
9.6192,9.6094,9.8,0,-150.4,16.2,-3.0387,-152.4,17.4,-3.0604,-213.0,-33.0,0.0000,-131.8,-9.5,-0.0867,132.1,-4.1,0,0.0,0.0,0.0000,-7.07,-5.53,4.84,5.85
9.6273,9.6178,9.5,0,-152.2,15.9,-3.0435,-154.1,17.1,-3.0604,-204.3,-31.5,0.0000,-123.2,-9.0,-0.0676,123.5,-3.1,0,0.0,0.0,0.0000,-6.63,-5.11,4.81,5.83
9.6357,9.6263,9.4,0,-155.0,15.7,-3.0441,-155.8,16.8,-3.0604,-195.9,-29.4,-0.0000,-111.8,-8.7,-0.0650,112.1,-2.3,0,0.0,0.0,0.0000,-6.27,-4.48,4.53,4.85
9.6433,9.6347,8.6,0,-155.9,15.7,-3.0389,-157.4,16.6,-3.0604,-188.0,-27.0,0.0000,-105.3,-7.4,-0.0858,105.5,-3.5,0,0.0,0.0,0.0000,-6.38,-4.57,4.02,4.17
9.6508,9.6432,7.6,0,-157.0,15.5,-3.0403,-159.0,16.4,-3.0604,-179.9,-24.7,-0.0000,-98.5,-5.7,-0.0805,98.6,-4.3,0,0.0,0.0,0.0000,-5.45,-4.00,4.12,3.67
9.6592,9.6516,7.5,0,-158.4,15.7,-3.0514,-160.5,16.2,-3.0604,-171.9,-22.1,-0.0000,-90.3,-6.2,-0.0358,90.5,-2.0,0,0.0,0.0,0.0000,-4.91,-3.65,4.13,2.19
9.6676,9.6607,6.9,0,-159.3,15.9,-3.0489,-162.0,16.0,-3.0604,-163.0,-20.2,-0.0000,-83.0,-6.6,-0.0460,83.2,-1.2,0,0.0,0.0,0.0000,-5.28,-3.35,3.75,1.01
9.6754,9.6686,6.8,0,-160.8,15.8,-3.0495,-163.2,15.8,-3.0604,-155.0,-19.3,0.0000,-74.6,-6.1,-0.0433,74.9,-0.8,0,0.0,0.0,0.0000,-4.37,-3.11,2.82,0.41
9.6834,9.6770,6.4,0,-161.8,15.8,-3.0481,-164.5,15.7,-3.0604,-146.5,-17.7,-0.0000,-67.2,-6.0,-0.0492,67.4,-0.3,0,0.0,0.0,0.0000,-4.34,-2.52,2.74,1.00
9.6906,9.6854,5.2,0,-162.3,15.7,-3.0471,-165.7,15.5,-3.0604,-138.0,-15.9,-0.0000,-61.2,-5.5,-0.0530,61.4,-0.3,0,0.0,0.0,0.0000,-4.58,-2.54,2.42,1.30
9.6988,9.6939,5.0,0,-162.9,16.2,-3.0535,-166.8,15.4,-3.0604,-129.7,-14.3,-0.0000,-54.5,-6.6,-0.0274,54.8,1.7,0,0.0,0.0,0.0000,-4.06,-2.43,2.22,1.60
9.7068,9.7024,4.3,0,-163.3,16.4,-3.0511,-167.9,15.3,-3.0604,-121.6,-12.3,0.0000,-47.9,-6.3,-0.0370,48.3,2.0,0,0.0,0.0,0.0000,-3.20,-1.88,2.03,1.50
9.7150,9.7108,4.3,0,-163.5,16.3,-3.0573,-168.9,15.2,-3.0604,-113.4,-11.6,-0.0000,-41.8,-5.4,-0.0125,42.1,1.8,0,0.0,0.0,0.0000,-2.88,-1.77,0.60,0.85
9.7226,9.7192,3.4,0,-163.8,16.7,-3.0516,-169.8,15.1,-3.0604,-105.3,-11.4,-0.0000,-36.0,-6.2,-0.0350,36.4,3.0,0,0.0,0.0,0.0000,-2.01,-1.30,1.66,0.83
9.7311,9.7277,3.4,0,-164.0,16.1,-3.0533,-170.7,15.0,-3.0604,-96.8,-9.5,0.0000,-27.8,-4.0,-0.0281,28.0,1.5,0,0.0,0.0,0.0000,-1.61,-0.94,1.28,0.80
9.7397,9.7361,3.5,0,-164.2,16.3,-3.0579,-171.5,14.9,-3.0604,-88.3,-7.6,-0.0000,-22.7,-4.0,-0.0097,23.0,2.1,0,0.0,0.0,0.0000,-1.44,-0.75,1.29,0.22
9.7468,9.7446,2.2,0,-164.2,16.7,-3.0605,-172.2,14.9,-3.0604,-79.7,-7.1,-0.0000,-24.5,-5.4,0.0005,24.9,3.4,0,0.0,0.0,0.0000,-0.78,-0.41,0.79,0.34
9.7546,9.7530,1.6,0,-164.6,16.3,-3.0510,-172.8,14.8,-3.0604,-71.1,-6.4,-0.0000,-25.0,-4.6,-0.0375,25.3,2.3,0,0.0,0.0,0.0000,-0.28,0.07,0.40,0.26
9.7632,9.7530,10.2,0,-164.6,16.3,-3.0510,-172.8,14.8,-3.0604,-71.1,-6.4,-0.0000,-26.7,-4.7,-0.0375,27.0,2.3,0,0.0,0.0,0.0000,-0.03,0.25,0.12,0.21
9.7708,9.7615,9.3,0,-163.7,16.3,-3.0559,-173.4,14.8,-3.0604,-63.0,-5.8,0.0000,-30.6,-4.6,-0.0179,30.8,2.0,0,0.0,0.0,0.0000,0.63,0.72,0.04,0.04
9.7791,9.7699,9.2,0,-164.0,16.4,-3.0526,-173.9,14.7,-3.0604,-54.8,-5.1,0.0000,-30.9,-5.1,-0.0313,31.2,2.3,0,0.0,0.0,0.0000,0.91,0.95,-0.10,-0.47
9.7868,9.7784,8.4,0,-163.8,16.6,-3.0557,-174.3,14.7,-3.0604,-46.1,-4.5,0.0000,-32.6,-5.8,-0.0187,33.0,3.0,0,0.0,0.0,0.0000,1.15,1.01,-0.32,-0.60
9.7952,9.7868,8.4,0,-163.7,16.6,-3.0515,-174.6,14.6,-3.0604,-37.6,-3.7,0.0000,-33.8,-6.0,-0.0353,34.2,3.0,0,0.0,0.0,0.0000,1.22,1.08,-0.63,-0.45
9.8031,9.7953,7.8,0,-163.1,16.9,-3.0489,-174.9,14.6,-3.0604,-29.0,-2.5,-0.0000,-36.1,-6.8,-0.0457,36.6,3.4,0,0.0,0.0,0.0000,1.20,0.77,-0.66,-0.34
9.8112,9.8038,7.3,0,-163.2,16.5,-3.0587,-175.1,14.6,-3.0604,-20.5,-1.6,0.0000,-36.1,-5.7,-0.0067,36.4,2.7,0,0.0,0.0,0.0000,1.41,1.16,-0.79,-0.84
9.8195,9.8122,7.3,0,-162.6,16.6,-3.0449,-175.3,14.6,-3.0604,-10.1,-0.8,0.0000,-38.2,-5.9,-0.0619,38.6,2.2,0,0.0,0.0,0.0000,1.16,0.61,-0.43,-0.94
9.8272,9.8206,6.6,0,-162.3,16.4,-3.0504,-175.3,14.6,-3.0604,-6.4,-0.5,0.0000,-39.3,-5.4,-0.0397,39.6,1.9,0,0.0,0.0,0.0000,0.87,0.87,-0.77,-0.87
9.8353,9.8291,6.2,0,-162.0,16.5,-3.0544,-175.4,14.6,-3.0604,0.0,0.0,0.0000,-40.0,-5.8,-0.0238,40.3,2.3,0,0.0,0.0,0.0000,0.65,0.64,-0.85,-0.93
9.8437,9.8376,6.1,0,-162.0,16.7,-3.0502,-175.4,14.6,-3.0604,0.0,0.0,0.0000,-40.1,-6.2,-0.0408,40.5,2.5,0,0.0,0.0,0.0000,0.77,0.47,-0.72,-0.80
9.8508,9.8460,4.8,0,-161.7,17.1,-3.0539,-175.4,14.6,-3.0604,0.0,0.0,0.0000,-41.0,-7.4,-0.0257,41.5,3.8,0,0.0,0.0,0.0000,0.57,0.55,-0.60,-1.04
9.8596,9.8544,5.2,0,-161.4,16.9,-3.0542,-175.4,14.6,-3.0604,0.0,0.0,0.0000,-41.9,-6.8,-0.0245,42.3,3.1,0,0.0,0.0,0.0000,0.27,-0.11,-0.31,-0.61
9.8672,9.8544,12.8,0,-161.4,16.9,-3.0542,-175.4,14.6,-3.0604,0.0,0.0,0.0000,-41.9,-6.8,-0.0245,42.3,3.1,0,0.0,0.0,0.0000,0.08,0.13,-0.50,-0.32
9.8751,9.8715,3.6,0,-161.4,17.2,-3.0585,-175.4,14.6,-3.0604,0.0,0.0,0.0000,-41.8,-7.8,-0.0074,42.3,4.3,0,0.0,0.0,0.0000,-0.28,-0.03,-0.19,-0.16
9.8830,9.8798,3.3,0,-161.7,16.9,-3.0590,-175.4,14.6,-3.0604,0.0,0.0,0.0000,-40.8,-7.1,-0.0056,41.3,3.7,0,0.0,0.0,0.0000,-0.69,-0.24,-0.01,-0.03
9.8906,9.8882,2.4,0,-161.7,17.0,-3.0566,-175.4,14.6,-3.0604,0.0,0.0,0.0000,-40.9,-7.2,-0.0150,41.4,3.7,0,0.0,0.0,0.0000,-0.74,-0.29,-0.29,0.16
9.8987,9.8969,1.9,0,-161.8,17.0,-3.0539,-175.4,14.6,-3.0604,0.0,0.0,0.0000,-40.6,-7.1,-0.0259,41.0,3.5,0,0.0,0.0,0.0000,-0.67,0.02,-0.01,-0.06
9.9073,9.9053,2.1,0,-161.9,16.8,-3.0572,-175.4,14.6,-3.0604,0.0,0.0,0.0000,-40.3,-6.5,-0.0125,40.7,3.1,0,0.0,0.0,0.0000,-0.69,-0.29,-0.19,0.04
9.9148,9.9053,9.6,0,-161.9,16.8,-3.0572,-175.4,14.6,-3.0604,0.0,0.0,0.0000,-40.3,-6.5,-0.0125,40.7,3.1,0,0.0,0.0,0.0000,-0.81,-0.81,0.05,-0.06
9.9230,9.9136,9.4,0,-162.1,17.0,-3.0568,-175.4,14.6,-3.0604,0.0,0.0,0.0000,-39.9,-7.2,-0.0144,40.3,3.8,0,0.0,0.0,0.0000,-0.61,-0.49,-0.13,-0.05
9.9313,9.9220,9.3,0,-162.3,16.9,-3.0602,-175.4,14.6,-3.0604,0.0,0.0,0.0000,-39.1,-6.9,-0.0008,39.6,3.7,0,0.0,0.0,0.0000,-0.93,-0.29,0.22,0.02
9.9386,9.9310,7.6,0,-162.6,17.0,-3.0568,-175.4,14.6,-3.0604,0.0,0.0,0.0000,-38.4,-7.1,-0.0143,38.9,3.8,0,0.0,0.0,0.0000,-0.17,-0.16,0.26,-0.02
9.9474,9.9389,8.4,0,-162.3,16.9,-3.0580,-175.4,14.6,-3.0604,0.0,0.0,0.0000,-39.3,-7.1,-0.0096,39.7,3.8,0,0.0,0.0,0.0000,-0.34,-0.73,0.43,0.01
9.9555,9.9474,8.1,0,-162.3,16.8,-3.0554,-175.4,14.6,-3.0604,0.0,0.0,0.0000,-39.1,-6.5,-0.0200,39.5,3.1,0,0.0,0.0,0.0000,-0.25,-0.37,0.75,0.19
9.9632,9.9558,7.4,0,-162.5,16.7,-3.0537,-175.4,14.6,-3.0604,0.0,0.0,0.0000,-38.5,-6.2,-0.0266,38.9,2.8,0,0.0,0.0,0.0000,0.28,-0.43,0.61,0.63
9.9711,9.9645,6.5,0,-162.7,16.7,-3.0505,-175.4,14.6,-3.0604,0.0,0.0,0.0000,-38.0,-6.3,-0.0394,38.4,2.8,0,0.0,0.0,0.0000,-0.32,-0.26,0.48,0.71
9.9792,9.9727,6.6,0,-162.7,16.3,-3.0555,-175.4,14.6,-3.0604,0.0,0.0,0.0000,-37.8,-5.2,-0.0195,38.1,1.9,0,0.0,0.0,0.0000,0.22,-0.24,0.30,0.66
9.9866,9.9811,5.4,0,-163.1,17.0,-3.0551,-175.4,14.6,-3.0604,0.0,0.0,0.0000,-36.9,-7.2,-0.0211,37.3,4.0,0,0.0,0.0,0.0000,-0.29,-0.25,0.55,0.91
9.9951,9.9896,5.5,0,-163.2,16.7,-3.0500,-175.4,14.6,-3.0604,0.0,0.0,0.0000,-36.5,-6.2,-0.0416,36.9,2.8,0,0.0,0.0,0.0000,0.26,-0.12,0.70,0.89
10.0036,9.9982,5.5,0,-163.0,16.7,-3.0509,-175.4,14.6,-3.0604,0.0,0.0,0.0000,-36.9,-6.4,-0.0380,37.4,3.0,0,0.0,0.0,0.0000,0.10,-0.18,0.81,1.11
10.0116,10.0065,5.1,0,-163.7,16.2,-3.0545,-175.4,14.6,-3.0604,0.0,0.0,0.0000,-35.1,-4.9,-0.0235,35.4,1.8,0,0.0,0.0,0.0000,-0.09,-0.24,0.84,0.76
10.0190,10.0149,4.0,0,-163.2,16.8,-3.0500,-175.4,14.6,-3.0604,0.0,0.0,0.0000,-36.4,-6.6,-0.0416,36.8,3.2,0,0.0,0.0,0.0000,0.06,-0.20,0.01,0.58
10.0274,10.0234,4.1,0,-163.6,16.8,-3.0543,-175.4,14.6,-3.0604,0.0,0.0,0.0000,-35.2,-6.5,-0.0242,35.6,3.4,0,0.0,0.0,0.0000,0.36,-0.52,0.63,1.04
10.0355,10.0319,3.6,0,-163.5,16.6,-3.0489,-175.4,14.6,-3.0604,0.0,0.0,0.0000,-35.6,-6.1,-0.0457,36.0,2.7,0,0.0,0.0,0.0000,-0.19,0.05,0.42,0.72
10.0439,10.0403,3.6,0,-163.5,16.7,-3.0482,-175.4,14.6,-3.0604,0.0,0.0,0.0000,-35.6,-6.4,-0.0487,36.0,3.0,0,0.0,0.0,0.0000,-0.12,-0.14,0.03,0.58
10.0507,10.0403,10.4,0,-163.5,16.7,-3.0482,-175.4,14.6,-3.0604,0.0,0.0,0.0000,-35.6,-6.4,-0.0487,36.0,3.0,0,0.0,0.0,0.0000,-0.29,-0.08,0.52,0.42
10.0591,10.0572,1.9,0,-163.9,16.1,-3.0410,-175.4,14.6,-3.0604,0.0,0.0,0.0000,-34.3,-4.4,-0.0777,34.6,0.9,0,0.0,0.0,0.0000,-0.21,-0.07,0.31,0.65
10.0668,10.0572,9.7,0,-163.9,16.1,-3.0410,-175.4,14.6,-3.0604,0.0,0.0,0.0000,-34.3,-4.4,-0.0777,34.6,0.9,0,0.0,0.0,0.0000,-1.12,-0.65,0.31,0.41
10.0755,10.0657,9.7,0,-163.5,16.6,-3.0516,-175.4,14.6,-3.0604,0.0,0.0,0.0000,-35.6,-6.1,-0.0352,36.0,2.9,0,0.0,0.0,0.0000,-0.15,-0.66,0.05,0.37
10.0836,10.0741,9.5,0,-163.8,16.6,-3.0468,-175.4,14.6,-3.0604,0.0,0.0,0.0000,-34.7,-5.9,-0.0544,35.1,2.6,0,0.0,0.0,0.0000,-0.71,-0.39,0.00,0.29
10.0916,10.0825,9.0,0,-163.9,15.9,-3.0460,-175.4,14.6,-3.0604,0.0,0.0,0.0000,-34.4,-3.9,-0.0574,34.6,0.6,0,0.0,0.0,0.0000,-0.04,-0.32,0.05,0.16
10.0987,10.0910,7.7,0,-164.4,16.0,-3.0529,-175.4,14.6,-3.0604,0.0,0.0,0.0000,-32.9,-4.1,-0.0298,33.1,1.2,0,0.0,0.0,0.0000,-0.16,-0.26,0.16,0.66
10.1072,10.0995,7.7,0,-164.2,15.9,-3.0536,-175.4,14.6,-3.0604,0.0,0.0,0.0000,-33.5,-4.0,-0.0270,33.8,1.0,0,0.0,0.0,0.0000,-1.07,-0.44,-0.07,0.51
10.1153,10.1079,7.4,0,-164.3,16.3,-3.0487,-175.4,14.6,-3.0604,0.0,0.0,0.0000,-33.1,-5.3,-0.0469,33.4,2.2,0,0.0,0.0,0.0000,-0.52,-0.67,0.37,0.46
10.1231,10.1163,6.8,0,-164.4,16.3,-3.0521,-175.4,14.6,-3.0604,0.0,0.0,0.0000,-33.0,-5.2,-0.0331,33.3,2.2,0,0.0,0.0,0.0000,-1.72,-0.55,-0.01,0.44
10.1315,10.1248,6.7,0,-164.6,15.7,-3.0485,-175.4,14.6,-3.0604,0.0,0.0,0.0000,-32.4,-3.3,-0.0473,32.5,0.3,0,0.0,0.0,0.0000,-0.49,-0.64,0.48,0.22
10.1386,10.1334,5.2,0,-164.5,15.7,-3.0518,-175.4,14.6,-3.0604,0.0,0.0,0.0000,-32.6,-3.5,-0.0342,32.7,0.5,0,0.0,0.0,0.0000,-0.32,-0.57,0.30,0.24
10.1477,10.1417,6.0,0,-164.8,15.9,-3.0518,-175.4,14.6,-3.0604,0.0,0.0,0.0000,-31.8,-3.9,-0.0342,32.0,1.0,0,0.0,0.0,0.0000,-0.48,-0.36,0.54,0.69
10.1549,10.1501,4.8,0,-165.2,15.5,-3.0524,-175.4,14.6,-3.0604,0.0,0.0,0.0000,-30.4,-2.9,-0.0318,30.6,0.1,0,0.0,0.0,0.0000,-0.58,-0.58,0.30,0.67
10.1627,10.1586,4.1,0,-165.3,15.5,-3.0593,-175.4,14.6,-3.0604,0.0,0.0,0.0000,-30.3,-2.7,-0.0043,30.4,0.2,0,0.0,0.0,0.0000,-0.80,-0.90,-0.01,0.22
10.1707,10.1671,3.6,0,-165.4,15.6,-3.0563,-175.4,14.6,-3.0604,0.0,0.0,0.0000,-29.8,-3.1,-0.0164,30.0,0.5,0,0.0,0.0,0.0000,-0.67,-0.67,0.25,0.26
10.1790,10.1755,3.6,0,-165.6,15.5,-3.0539,-175.4,14.6,-3.0604,0.0,0.0,0.0000,-29.2,-2.9,-0.0259,29.4,0.3,0,0.0,0.0,0.0000,-0.85,-0.85,0.28,0.88
10.1870,10.1839,3.0,0,-166.1,15.5,-3.0543,-175.4,14.6,-3.0604,0.0,0.0,0.0000,-27.9,-2.6,-0.0244,28.0,0.2,0,0.0,0.0,0.0000,-0.73,-1.05,0.24,0.71
10.1958,10.1924,3.5,0,-166.2,15.3,-3.0568,-175.4,14.6,-3.0604,0.0,0.0,0.0000,-27.4,-2.3,-0.0141,27.5,-0.1,0,0.0,0.0,0.0000,-1.04,-0.81,0.37,0.32
10.2036,10.2009,2.7,0,-166.8,15.2,-3.0567,-175.4,14.6,-3.0604,0.0,0.0,0.0000,-25.6,-1.8,-0.0146,25.6,-0.4,0,0.0,0.0,0.0000,-0.37,-0.74,0.37,0.68
10.2113,10.2093,2.1,0,-167.1,15.2,-3.0605,-175.4,14.6,-3.0604,0.0,0.0,0.0000,-24.8,-1.8,0.0005,24.9,-0.2,0,0.0,0.0,0.0000,-0.74,-0.94,0.20,0.81
10.2192,10.2093,9.9,0,-167.1,15.2,-3.0605,-175.4,14.6,-3.0604,0.0,0.0,0.0000,-24.8,-1.8,0.0005,24.9,-0.2,0,0.0,0.0,0.0000,-0.84,-1.03,0.40,0.61
10.2266,10.2177,8.9,0,-166.6,15.0,-3.0562,-175.4,14.6,-3.0604,0.0,0.0,0.0000,-26.3,-1.2,-0.0166,26.3,-1.1,0,0.0,0.0,0.0000,-0.50,-1.16,0.13,1.02
10.2348,10.2262,8.7,0,-166.7,15.0,-3.0553,-175.4,14.6,-3.0604,0.0,0.0,0.0000,-25.9,-1.1,-0.0203,25.9,-1.1,0,0.0,0.0,0.0000,-0.80,-0.72,0.65,1.04
10.2432,10.2347,8.6,0,-167.7,15.0,-3.0553,-175.4,14.6,-3.0604,0.0,0.0,0.0000,-23.1,-1.2,-0.0204,23.1,-0.8,0,0.0,0.0,0.0000,-1.02,-0.57,0.68,0.48
10.2508,10.2430,7.8,0,-167.7,15.3,-3.0583,-175.4,14.6,-3.0604,0.0,0.0,0.0000,-23.1,-2.0,-0.0081,23.2,0.1,0,0.0,0.0,0.0000,-0.52,-1.01,0.14,1.02
10.2590,10.2515,7.5,0,-168.0,15.1,-3.0493,-175.4,14.6,-3.0604,0.0,0.0,0.0000,-22.0,-1.5,-0.0442,22.0,-0.6,0,0.0,0.0,0.0000,-0.70,-0.61,0.71,0.76
10.2669,10.2600,6.9,0,-168.2,15.0,-3.0503,-175.4,14.6,-3.0604,0.0,0.0,0.0000,-21.5,-1.1,-0.0402,21.5,-0.8,0,0.0,0.0,0.0000,-0.54,-0.44,0.33,0.84
10.2748,10.2687,6.1,0,-168.2,14.9,-3.0506,-175.4,14.6,-3.0604,0.0,0.0,0.0000,-21.4,-1.0,-0.0389,21.4,-0.9,0,0.0,0.0,0.0000,-0.29,-0.60,0.81,1.24
10.2833,10.2769,6.3,0,-168.6,14.7,-3.0497,-175.4,14.6,-3.0604,0.0,0.0,0.0000,-20.2,-0.5,-0.0428,20.2,-1.4,0,0.0,0.0,0.0000,-0.49,-0.51,0.89,1.23
10.2912,10.2853,5.9,0,-168.7,14.9,-3.0475,-175.4,14.6,-3.0604,0.0,0.0,0.0000,-20.1,-0.8,-0.0513,20.1,-1.1,0,0.0,0.0,0.0000,-0.35,-0.55,1.08,1.26
10.2986,10.2938,4.9,0,-168.8,14.8,-3.0481,-175.4,14.6,-3.0604,0.0,0.0,0.0000,-19.7,-0.7,-0.0490,19.7,-1.1,0,0.0,0.0,0.0000,-0.82,-0.65,0.84,1.46
10.3066,10.2938,12.8,0,-168.8,14.8,-3.0481,-175.4,14.6,-3.0604,0.0,0.0,0.0000,-19.7,-0.7,-0.0490,19.7,-1.1,0,0.0,0.0,0.0000,-0.15,-0.35,0.67,1.12
10.3148,10.3107,4.1,0,-169.5,14.8,-3.0440,-175.4,14.6,-3.0604,0.0,0.0,0.0000,-17.6,-0.7,-0.0656,17.6,-1.0,0,0.0,0.0,0.0000,-0.63,-0.68,0.83,1.10
10.3236,10.3192,4.5,0,-169.6,14.7,-3.0466,-175.4,14.6,-3.0604,0.0,0.0,0.0000,-17.2,-0.4,-0.0552,17.2,-1.3,0,0.0,0.0,0.0000,-0.66,-0.56,0.69,1.15
10.3313,10.3276,3.7,0,-170.0,14.7,-3.0471,-175.4,14.6,-3.0604,0.0,0.0,0.0000,-16.2,-0.4,-0.0533,16.1,-1.1,0,0.0,0.0,0.0000,-0.67,-0.61,1.17,1.48
10.3394,10.3360,3.4,0,-170.3,14.7,-3.0449,-175.4,14.6,-3.0604,0.0,0.0,0.0000,-15.3,-0.3,-0.0617,15.2,-1.2,0,0.0,0.0,0.0000,-0.88,-0.96,0.68,0.73
10.3475,10.3445,3.0,0,-170.2,14.7,-3.0472,-175.4,14.6,-3.0604,0.0,0.0,0.0000,-15.4,-0.4,-0.0526,15.4,-1.0,0,0.0,0.0,0.0000,-0.94,-1.03,0.41,0.63
10.3549,10.3529,2.0,0,-170.5,14.8,-3.0493,-175.4,14.6,-3.0604,0.0,0.0,0.0000,-14.6,-0.5,-0.0444,14.6,-0.9,0,0.0,0.0,0.0000,-2.04,-0.91,0.68,0.98
10.3630,10.3529,10.1,0,-170.5,14.8,-3.0493,-175.4,14.6,-3.0604,0.0,0.0,0.0000,-14.6,-0.5,-0.0444,14.6,-0.9,0,0.0,0.0,0.0000,-1.46,-0.76,1.04,0.36
10.3714,10.3698,1.5,0,-171.4,15.0,-3.0641,-175.4,14.6,-3.0604,0.0,0.0,0.0000,-11.9,-1.2,0.0149,12.0,0.3,0,0.0,0.0,0.0000,-1.49,-0.84,0.67,0.22
10.3792,10.3698,9.3,0,-171.4,15.0,-3.0641,-175.4,14.6,-3.0604,0.0,0.0,0.0000,-11.9,-1.2,0.0149,12.0,0.3,0,0.0,0.0,0.0000,-1.70,-0.89,0.52,0.07
10.3876,10.3783,9.3,0,-171.5,15.1,-3.0629,-175.4,14.6,-3.0604,0.0,0.0,0.0000,-11.6,-1.4,0.0102,11.7,0.5,0,0.0,0.0,0.0000,-1.62,-1.21,0.10,0.03
10.3947,10.3867,8.0,0,-171.5,15.0,-3.0619,-175.4,14.6,-3.0604,0.0,0.0,0.0000,-11.6,-1.3,0.0062,11.6,0.3,0,0.0,0.0,0.0000,-1.43,-0.80,0.32,0.22
10.4034,10.3952,8.3,0,-171.6,15.0,-3.0657,-175.4,14.6,-3.0604,0.0,0.0,0.0000,-11.4,-1.2,0.0214,11.5,0.3,0,0.0,0.0,0.0000,-1.16,-0.37,0.23,-0.15
10.4117,10.4036,8.1,0,-171.8,14.9,-3.0650,-175.4,14.6,-3.0604,0.0,0.0,0.0000,-10.6,-1.0,0.0185,10.7,0.2,0,0.0,0.0,0.0000,-1.09,-0.31,0.02,-0.10
10.4192,10.4120,7.2,0,-172.0,15.1,-3.0651,-175.4,14.6,-3.0604,0.0,0.0,0.0000,-9.9,-1.6,0.0190,10.0,0.9,0,0.0,0.0,0.0000,-1.62,-0.23,0.30,-0.19
10.4272,10.4204,6.7,0,-172.0,15.2,-3.0686,-175.4,14.6,-3.0604,0.0,0.0,0.0000,-10.0,-1.7,0.0330,10.1,1.0,0,0.0,0.0,0.0000,-1.56,-0.03,0.56,-0.14
10.4346,10.4290,5.6,0,-172.1,15.2,-3.0654,-175.4,14.6,-3.0604,0.0,0.0,0.0000,-9.9,-1.8,0.0203,10.0,1.1,0,0.0,0.0,0.0000,-0.82,-0.03,0.17,-0.16
10.4436,10.4374,6.3,0,-172.5,15.2,-3.0642,-175.4,14.6,-3.0604,0.0,0.0,0.0000,-8.6,-1.8,0.0152,8.7,1.1,0,0.0,0.0,0.0000,-0.54,-0.03,0.16,0.01
10.4506,10.4458,4.8,0,-172.4,15.3,-3.0692,-175.4,14.6,-3.0604,0.0,0.0,0.0000,-8.8,-2.0,0.0353,8.9,1.4,0,0.0,0.0,0.0000,-1.45,-0.04,-0.58,0.05
10.4587,10.4543,4.4,0,-172.4,15.1,-3.0703,-175.4,14.6,-3.0604,0.0,0.0,0.0000,-8.8,-1.5,0.0397,8.9,0.9,0,0.0,0.0,0.0000,-0.34,-0.02,0.03,-0.05
10.4671,10.4627,4.4,0,-172.3,15.1,-3.0704,-175.4,14.6,-3.0604,0.0,0.0,0.0000,-9.3,-1.6,0.0403,9.4,1.0,0,0.0,0.0,0.0000,-0.34,0.00,0.08,0.01
10.4756,10.4711,4.5,0,-173.0,15.2,-3.0695,-175.4,14.6,-3.0604,0.0,0.0,0.0000,-7.1,-1.8,0.0367,7.2,1.3,0,0.0,0.0,0.0000,-0.54,0.15,-0.10,-0.32
10.4833,10.4797,3.6,0,-172.4,15.2,-3.0724,-175.4,14.6,-3.0604,0.0,0.0,0.0000,-8.8,-1.7,0.0479,8.9,1.1,0,0.0,0.0,0.0000,-0.34,-0.02,0.35,-0.05
10.4906,10.4881,2.5,0,-172.4,15.2,-3.0707,-175.4,14.6,-3.0604,0.0,0.0,0.0000,-8.8,-1.9,0.0413,9.0,1.3,0,0.0,0.0,0.0000,-0.71,-0.04,0.11,0.24
10.4989,10.4966,2.3,0,-172.8,15.2,-3.0714,-175.4,14.6,-3.0604,0.0,0.0,0.0000,-7.8,-1.9,0.0441,7.9,1.3,0,0.0,0.0,0.0000,-0.37,-0.02,-0.10,0.01
10.5070,10.5050,2.0,0,-172.8,15.1,-3.0691,-175.4,14.6,-3.0604,0.0,0.0,0.0000,-7.8,-1.6,0.0349,7.9,1.0,0,0.0,0.0,0.0000,0.20,-0.02,0.25,-0.10
10.5153,10.5134,1.9,0,-172.1,15.2,-3.0718,-175.4,14.6,-3.0604,0.0,0.0,0.0000,-9.8,-1.8,0.0456,9.9,1.1,0,0.0,0.0,0.0000,0.08,0.01,0.04,0.05
10.5226,10.5134,9.2,0,-172.1,15.2,-3.0718,-175.4,14.6,-3.0604,0.0,0.0,0.0000,-9.8,-1.8,0.0456,9.9,1.1,0,0.0,0.0,0.0000,-0.03,0.00,0.00,0.03
10.5312,10.5219,9.3,0,-172.5,15.2,-3.0708,-175.4,14.6,-3.0604,0.0,0.0,0.0000,-8.6,-1.7,0.0417,8.7,1.1,0,0.0,0.0,0.0000,-0.52,-0.01,-0.07,-0.11
10.5387,10.5303,8.4,0,-172.6,15.2,-3.0685,-175.4,14.6,-3.0604,0.0,0.0,0.0000,-8.2,-1.9,0.0324,8.3,1.3,0,0.0,0.0,0.0000,0.23,0.06,0.25,0.15
10.5470,10.5388,8.2,0,-172.7,15.1,-3.0659,-175.4,14.6,-3.0604,0.0,0.0,0.0000,-8.0,-1.5,0.0221,8.1,0.9,0,0.0,0.0,0.0000,0.34,-0.02,0.50,-0.02
10.5548,10.5472,7.5,0,-172.7,15.1,-3.0654,-175.4,14.6,-3.0604,0.0,0.0,0.0000,-7.9,-1.6,0.0199,8.0,1.0,0,0.0,0.0,0.0000,0.38,-0.05,-0.01,0.10
10.5629,10.5557,7.3,0,-172.3,15.1,-3.0704,-175.4,14.6,-3.0604,0.0,0.0,0.0000,-9.2,-1.6,0.0401,9.3,0.9,0,0.0,0.0,0.0000,0.28,0.14,0.02,0.02
10.5709,10.5641,6.8,0,-172.2,15.3,-3.0678,-175.4,14.6,-3.0604,0.0,0.0,0.0000,-9.5,-2.1,0.0299,9.6,1.4,0,0.0,0.0,0.0000,-0.18,-0.04,-0.16,0.02
10.5793,10.5725,6.7,0,-173.1,15.0,-3.0671,-175.4,14.6,-3.0604,0.0,0.0,0.0000,-6.7,-1.1,0.0270,6.8,0.6,0,0.0,0.0,0.0000,0.13,-0.08,0.00,-0.01
10.5872,10.5810,6.2,0,-172.7,15.2,-3.0662,-175.4,14.6,-3.0604,0.0,0.0,0.0000,-7.9,-1.9,0.0234,8.1,1.3,0,0.0,0.0,0.0000,-0.77,-0.04,0.01,-0.04
10.5947,10.5895,5.2,0,-172.7,15.1,-3.0693,-175.4,14.6,-3.0604,0.0,0.0,0.0000,-8.0,-1.6,0.0359,8.1,1.0,0,0.0,0.0,0.0000,0.01,-0.02,-0.14,0.00
10.6026,10.5979,4.7,0,-172.5,15.3,-3.0681,-175.4,14.6,-3.0604,0.0,0.0,0.0000,-8.5,-2.1,0.0308,8.7,1.4,0,0.0,0.0,0.0000,0.12,0.01,0.39,0.24
10.6112,10.6065,4.7,0,-172.5,15.2,-3.0677,-175.4,14.6,-3.0604,0.0,0.0,0.0000,-8.5,-1.8,0.0292,8.6,1.2,0,0.0,0.0,0.0000,-0.04,0.01,0.09,-0.07
10.6196,10.6148,4.7,0,-172.5,15.1,-3.0759,-175.4,14.6,-3.0604,0.0,0.0,0.0000,-8.5,-1.6,0.0621,8.6,1.1,0,0.0,0.0,0.0000,0.17,-0.01,-0.04,0.30
