t_s,tv_s,vision_age_ms,held,pose_x_mm,pose_y_mm,pose_theta_rad,ref_x_mm,ref_y_mm,ref_theta_rad,ref_vx_mm_s,ref_vy_mm_s,ref_omega_rad_s,cmd_world_vx_mm_s,cmd_world_vy_mm_s,cmd_omega_rad_s,cmd_body_vx_mm_s,cmd_body_vy_mm_s,near_goal,pred_x_mm,pred_y_mm,pred_theta_rad,wheel_fl_rad_s,wheel_bl_rad_s,wheel_br_rad_s,wheel_fr_rad_s
-0.2962,-0.3024,6.2,0,-172.7,15.2,-3.0708,-172.7,15.2,-3.0708,0.0,0.0,0.0000,0.0,0.0,0.0000,-0.0,0.0,0,0.0,0.0,0.0000,-0.06,0.00,-0.10,-0.21
-0.2888,-0.2950,6.2,0,-172.4,15.2,-3.0753,-172.7,15.2,-3.0708,0.0,0.0,0.0000,-0.8,-0.0,0.0178,0.8,-0.0,0,0.0,0.0,0.0000,-0.44,-0.04,-0.51,-0.19
-0.2799,-0.2854,5.6,0,-172.5,15.0,-3.0719,-172.7,15.2,-3.0708,0.0,0.0,0.0000,-0.5,0.4,0.0043,0.4,-0.4,0,0.0,0.0,0.0000,-0.07,-0.03,-0.10,-0.09
-0.2724,-0.2757,3.4,0,-172.3,15.1,-3.0756,-172.7,15.2,-3.0708,0.0,0.0,0.0000,-1.0,0.1,0.0189,1.0,-0.2,0,0.0,0.0,0.0000,-0.14,0.01,0.05,-0.01
-0.2640,-0.2684,4.4,0,-172.6,15.2,-3.0745,-172.7,15.2,-3.0708,0.0,0.0,0.0000,-0.3,-0.0,0.0146,0.3,0.0,0,0.0,0.0,0.0000,0.24,-0.04,-0.01,0.00
-0.2557,-0.2612,5.6,0,-172.3,15.1,-3.0705,-172.7,15.2,-3.0708,0.0,0.0,0.0000,-1.1,0.3,-0.0016,1.0,-0.3,0,0.0,0.0,0.0000,0.16,-0.01,0.18,0.21
-0.2485,-0.2514,2.9,0,-172.4,15.1,-3.0726,-172.7,15.2,-3.0708,0.0,0.0,0.0000,-0.7,0.2,0.0069,0.6,-0.3,0,0.0,0.0,0.0000,0.15,0.06,-0.34,-0.15
-0.2407,-0.2420,1.3,0,-172.5,15.1,-3.0709,-172.7,15.2,-3.0708,0.0,0.0,0.0000,-0.4,0.1,0.0001,0.4,-0.2,0,0.0,0.0,0.0000,-0.02,-0.01,0.06,0.06
-0.2325,-0.2343,1.8,0,-172.6,14.9,-3.0700,-172.7,15.2,-3.0708,0.0,0.0,0.0000,-0.1,0.9,-0.0034,-0.0,-0.9,0,0.0,0.0,0.0000,-0.11,-0.02,0.08,0.05
-0.2243,-0.2257,1.4,0,-172.5,15.2,-3.0680,-172.7,15.2,-3.0708,0.0,0.0,0.0000,-0.5,-0.0,-0.0114,0.5,-0.0,0,0.0,0.0,0.0000,0.47,0.00,0.01,0.47
-0.2161,-0.2174,1.2,0,-172.4,15.0,-3.0692,-172.7,15.2,-3.0708,0.0,0.0,0.0000,-0.8,0.6,-0.0066,0.7,-0.6,0,0.0,0.0,0.0000,0.32,0.12,0.18,-0.21
-0.2087,-0.2088,0.1,0,-172.8,15.0,-3.0736,-172.7,15.2,-3.0708,0.0,0.0,0.0000,0.5,0.5,0.0109,-0.5,-0.4,0,0.0,0.0,0.0000,0.15,-0.08,-0.07,-0.30
-0.2005,-0.2007,0.2,0,-172.6,14.9,-3.0680,-172.7,15.2,-3.0708,0.0,0.0,0.0000,-0.2,0.7,-0.0114,0.2,-0.8,0,0.0,0.0,0.0000,-0.07,-0.06,-0.31,0.14
-0.1922,-0.1923,0.1,0,-172.2,15.1,-3.0739,-172.7,15.2,-3.0708,0.0,0.0,0.0000,-1.4,0.2,0.0120,1.4,-0.3,0,0.0,0.0,0.0000,0.09,-0.03,0.18,0.22
-0.1848,-0.1923,7.5,0,-172.2,15.1,-3.0739,-172.7,15.2,-3.0708,0.0,0.0,0.0000,-1.4,0.2,0.0120,1.4,-0.3,0,0.0,0.0,0.0000,-0.21,0.00,0.17,-0.07
-0.1767,-0.1841,7.4,0,-172.6,15.0,-3.0696,-172.7,15.2,-3.0708,0.0,0.0,0.0000,-0.2,0.4,-0.0048,0.1,-0.4,0,0.0,0.0,0.0000,-0.26,0.04,-0.08,0.09
-0.1679,-0.1749,7.0,0,-172.8,15.0,-3.0722,-172.7,15.2,-3.0708,0.0,0.0,0.0000,0.3,0.4,0.0054,-0.3,-0.4,0,0.0,0.0,0.0000,-0.09,-0.02,0.03,0.06
-0.1598,-0.1662,6.4,0,-172.5,15.1,-3.0719,-172.7,15.2,-3.0708,0.0,0.0,0.0000,-0.5,0.2,0.0041,0.5,-0.3,0,0.0,0.0,0.0000,0.03,-0.03,0.33,0.14
-0.1519,-0.1589,6.9,0,-172.1,15.0,-3.0721,-172.7,15.2,-3.0708,0.0,0.0,0.0000,-1.6,0.4,0.0048,1.5,-0.5,0,0.0,0.0,0.0000,-0.07,-0.01,0.18,0.06
-0.1439,-0.1498,5.9,0,-172.3,15.2,-3.0754,-172.7,15.2,-3.0708,0.0,0.0,0.0000,-1.0,0.0,0.0184,1.0,-0.1,0,0.0,0.0,0.0000,0.35,0.00,-0.36,-0.11
-0.1368,-0.1413,4.5,0,-172.6,15.0,-3.0745,-172.7,15.2,-3.0708,0.0,0.0,0.0000,-0.0,0.5,0.0147,0.0,-0.5,0,0.0,0.0,0.0000,-0.27,0.00,0.16,-0.30
-0.1278,-0.1332,5.4,0,-172.4,15.1,-3.0744,-172.7,15.2,-3.0708,0.0,0.0,0.0000,-0.8,0.1,0.0144,0.8,-0.2,0,0.0,0.0,0.0000,0.42,0.05,0.01,0.05
-0.1205,-0.1244,3.9,0,-172.9,15.0,-3.0680,-172.7,15.2,-3.0708,0.0,0.0,0.0000,0.7,0.4,-0.0113,-0.7,-0.4,0,0.0,0.0,0.0000,0.12,0.03,-0.14,0.14
-0.1127,-0.1159,3.3,0,-172.5,15.3,-3.0705,-172.7,15.2,-3.0708,0.0,0.0,0.0000,-0.6,-0.3,-0.0013,0.6,0.3,0,0.0,0.0,0.0000,-0.15,-0.03,-0.22,-0.07
-0.1039,-0.1075,3.6,0,-172.7,15.3,-3.0697,-172.7,15.2,-3.0708,0.0,0.0,0.0000,0.2,-0.3,-0.0045,-0.2,0.3,0,0.0,0.0,0.0000,-0.28,0.02,-0.42,-0.35
-0.0966,-0.0993,2.8,0,-172.5,15.1,-3.0687,-172.7,15.2,-3.0708,0.0,0.0,0.0000,-0.5,0.3,-0.0084,0.4,-0.3,0,0.0,0.0,0.0000,-0.12,0.00,0.17,0.19
-0.0882,-0.0908,2.6,0,-172.3,15.0,-3.0716,-172.7,15.2,-3.0708,0.0,0.0,0.0000,-1.0,0.4,0.0032,0.9,-0.5,0,0.0,0.0,0.0000,0.40,-0.02,2.52,0.09
-0.0801,-0.0826,2.5,0,-172.6,15.0,-3.0670,-172.7,15.2,-3.0708,0.0,0.0,0.0000,-5.8,0.2,0.5914,5.8,-0.6,0,0.0,0.0,0.0000,0.07,-0.02,0.21,-0.06
-0.0722,-0.0736,1.4,0,-172.6,15.0,-3.0662,-172.7,15.2,-3.0708,0.0,0.0,0.0000,-10.9,-0.3,0.4182,10.9,-0.5,0,0.0,0.0,0.0000,2.55,0.00,-0.29,-0.01
-0.0643,-0.0655,1.3,0,-172.7,15.1,-3.0692,-172.7,15.2,-3.0708,0.0,0.0,0.0000,-20.4,-1.1,0.0140,20.4,-0.3,0,0.0,0.0,0.0000,0.28,0.00,0.11,0.08
-0.0564,-0.0565,0.1,0,-172.8,15.2,-3.0688,-172.7,15.2,-3.0708,0.0,0.0,0.0000,-27.7,-2.0,-0.0839,27.8,0.0,0,0.0,0.0,0.0000,0.02,0.00,0.34,0.00
-0.0486,-0.0565,7.9,0,-172.8,15.2,-3.0688,-172.7,15.2,-3.0708,0.0,0.0,0.0000,-35.7,-3.1,-0.0080,35.8,0.5,0,0.0,0.0,0.0000,-0.08,-0.01,0.33,0.21
-0.0404,-0.0485,8.1,0,-172.4,15.2,-3.0729,-172.7,15.2,-3.0708,0.0,0.0,0.0000,-45.3,-3.9,0.0083,45.4,0.8,0,0.0,0.0,0.0000,0.23,0.00,0.03,0.04
-0.0326,-0.0395,6.9,0,-172.7,15.1,-3.0691,-172.7,15.2,-3.0708,0.0,0.0,0.0000,-52.4,-4.1,-0.0070,52.6,0.3,0,0.0,0.0,0.0000,0.46,0.00,-0.06,0.07
-0.0238,-0.0316,7.8,0,-172.5,15.1,-3.0692,-172.7,15.2,-3.0708,0.0,0.0,0.0000,-61.6,-4.7,-0.0064,61.8,0.2,0,0.0,0.0,0.0000,0.31,0.00,-0.12,0.35
-0.0164,-0.0231,6.6,0,-172.5,15.1,-3.0639,-172.7,15.2,-3.0708,0.0,0.0,0.0000,-68.7,-5.4,-0.0276,68.9,0.0,0,0.0,0.0,0.0000,0.72,0.25,0.66,0.61
-0.0083,-0.0148,6.5,0,-173.1,15.1,-3.0660,-172.7,15.2,-3.0708,0.0,0.0,0.0000,-75.1,-5.7,-0.0193,75.3,0.0,0,0.0,0.0,0.0000,0.21,-0.05,0.72,0.63
-0.0007,-0.0063,5.6,0,-173.1,15.1,-3.0631,-172.7,15.2,-3.0708,0.0,0.0,0.0000,-82.7,-6.3,-0.1979,83.0,-0.2,0,0.0,0.0,0.0000,0.03,-0.06,0.74,0.65
0.0074,0.0022,5.2,0,-172.6,15.2,-3.0663,-172.7,15.2,-3.0697,-6.4,-0.5,0.5766,-92.5,-7.4,0.1295,92.8,0.5,0,0.0,0.0,0.0000,-0.08,-0.01,0.61,1.01
0.0162,0.0106,5.6,0,-172.9,15.1,-3.0600,-172.7,15.2,-3.0647,-8.1,-0.6,0.5224,-100.2,-8.7,1.1975,100.5,0.5,0,0.0,0.0,0.0000,-0.25,0.09,0.35,0.57
0.0235,0.0188,4.7,0,-173.2,15.0,-3.0610,-172.8,15.2,-3.0620,-18.6,-1.2,0.1017,-107.1,-9.6,1.0475,107.5,0.9,0,0.0,0.0,0.0000,-0.44,-0.03,0.50,0.38
0.0312,0.0272,4.0,0,-173.4,15.3,-3.0647,-173.0,15.1,-3.0623,-26.9,-1.9,-0.0857,-114.8,-11.5,-0.0780,115.4,2.7,0,0.0,0.0,0.0000,-0.66,-0.06,0.56,0.33
0.0393,0.0358,3.5,0,-173.7,15.3,-3.0702,-173.3,15.1,-3.0625,-35.6,-3.1,0.0000,-122.9,-12.9,-0.0043,123.5,4.1,0,0.0,0.0,0.0000,-0.99,-0.04,0.26,0.09
0.0484,0.0446,3.7,0,-173.7,15.3,-3.0667,-173.6,15.1,-3.0625,-44.5,-3.9,0.0000,-133.6,-13.3,1.2347,134.2,3.3,0,0.0,0.0,0.0000,-0.78,-0.01,0.06,0.49
0.0557,0.0545,1.2,0,-174.1,15.2,-3.0672,-174.1,15.0,-3.0625,-54.6,-4.5,-0.0000,-140.6,-14.6,1.0462,141.3,4.1,0,0.0,0.0,0.0000,-1.79,0.07,0.55,0.78
0.0636,0.0613,2.3,0,-174.5,15.2,-3.0643,-174.5,15.0,-3.0625,-61.3,-5.0,0.0000,-148.3,-17.2,-0.1143,149.2,5.6,0,0.0,0.0,0.0000,-1.15,-0.02,0.47,1.16
0.0715,0.0701,1.4,0,-175.2,15.0,-3.0615,-175.1,15.0,-3.0625,-69.7,-5.6,0.0000,-155.5,-18.1,-0.0130,156.4,5.6,0,0.0,0.0,0.0000,-1.04,-0.03,1.05,1.43
0.0798,0.0784,1.4,0,-175.4,14.9,-3.0572,-175.7,14.9,-3.0625,-78.0,-6.2,0.0000,-164.7,-18.3,1.1556,165.6,4.4,0,0.0,0.0,0.0000,-1.04,-0.01,1.46,1.80
0.0879,0.0866,1.2,0,-175.8,14.9,-3.0514,-176.4,14.9,-3.0634,-86.6,-6.6,-0.1632,-173.5,-20.6,0.9630,174.6,4.9,0,0.0,0.0,0.0000,-0.68,0.00,1.67,2.02
0.0961,0.0949,1.2,0,-176.1,14.8,-3.0532,-177.1,14.8,-3.0630,-94.6,-7.8,0.3833,-183.3,-23.6,-0.1969,184.7,7.4,0,0.0,0.0,0.0000,-0.75,0.00,1.30,2.39
0.1038,0.1037,0.2,0,-176.4,14.6,-3.0519,-178.0,14.7,-3.0546,-102.9,-9.1,1.3009,-192.0,-24.9,0.0113,193.5,7.6,0,0.0,0.0,0.0000,-0.95,0.00,2.02,2.97
0.1115,0.1037,7.8,0,-176.4,14.6,-3.0519,-178.0,14.7,-3.0546,-102.9,-9.1,1.3009,-201.8,-26.0,1.0050,203.3,7.9,0,0.0,0.0,0.0000,-1.28,-1.02,2.27,2.96
0.1198,0.1140,5.9,0,-176.9,14.6,-3.0506,-179.1,14.6,-3.0452,-113.4,-10.8,0.1844,-211.3,-28.3,1.2060,213.0,9.0,0,0.0,0.0,0.0000,-2.04,-2.07,2.73,3.37
0.1281,0.1204,7.7,0,-177.4,14.4,-3.0462,-179.9,14.6,-3.0459,-119.8,-11.7,-0.2588,-221.4,-30.1,1.2162,223.2,8.9,0,0.0,0.0,0.0000,-1.74,-2.10,3.01,3.99
0.1359,0.1287,7.2,0,-178.7,14.3,-3.0460,-180.9,14.5,-3.0454,-128.3,-12.5,0.6585,-228.2,-32.9,0.8996,230.3,10.9,0,0.0,0.0,0.0000,-1.76,-1.85,3.29,4.27
0.1438,0.1374,6.4,0,-178.8,14.0,-3.0400,-182.1,14.3,-3.0357,-137.1,-13.4,1.2783,-238.8,-35.8,-0.0956,241.2,11.3,0,0.0,0.0,0.0000,-2.08,-1.42,3.33,4.75
0.1523,0.1463,5.9,0,-180.9,14.5,-3.0506,-183.3,14.2,-3.0284,-145.6,-15.8,0.1296,-243.8,-40.5,0.1631,246.5,18.2,0,0.0,0.0,0.0000,-2.21,-1.89,4.05,5.32
0.1596,0.1549,4.7,0,-181.9,14.2,-3.0360,-184.6,14.1,-3.0298,-153.9,-17.6,-0.1553,-250.8,-42.3,1.0200,253.9,15.6,0,0.0,0.0,0.0000,-2.36,-2.08,4.26,5.69
0.1680,0.1626,5.5,0,-182.7,13.7,-3.0301,-185.8,13.9,-3.0272,-161.3,-18.2,0.9440,-260.7,-44.5,1.2181,264.1,15.2,0,0.0,0.0,0.0000,-2.11,-2.08,5.06,6.65
0.1752,0.1709,4.4,0,-183.1,13.6,-3.0229,-187.2,13.8,-3.0172,-169.3,-19.8,1.2016,-270.5,-47.2,1.0817,274.2,14.8,0,0.0,0.0,0.0000,-3.04,-2.08,5.36,7.07
0.1835,0.1797,3.8,0,-184.7,13.0,-3.0151,-188.7,13.6,-3.0117,-178.2,-23.2,-0.0305,-277.9,-49.5,1.0527,282.0,14.1,0,0.0,0.0,0.0000,-3.14,-2.16,5.64,7.10
0.1916,0.1882,3.4,0,-186.2,13.1,-3.0038,-190.3,13.4,-3.0133,-186.6,-25.3,-0.0453,-285.4,-53.6,1.0055,290.0,13.9,0,0.0,0.0,0.0000,-2.96,-2.65,6.53,7.43
0.1997,0.1962,3.5,0,-187.9,12.9,-3.0014,-191.8,13.2,-3.0093,-194.2,-26.3,0.9614,-292.2,-57.4,1.0246,297.4,16.0,0,0.0,0.0,0.0000,-3.27,-2.05,7.25,8.58
0.2075,0.2049,2.6,0,-189.4,12.7,-2.9976,-193.5,12.9,-2.9993,-202.8,-28.3,1.1852,-299.5,-61.5,1.0465,305.2,17.8,0,0.0,0.0,0.0000,-3.59,-2.38,8.02,9.52
0.2155,0.2131,2.3,0,-191.2,12.8,-2.9861,-195.2,12.7,-2.9899,-211.2,-30.4,1.2146,-306.5,-66.5,1.0380,313.1,18.3,0,0.0,0.0,0.0000,-3.13,-2.84,7.43,9.18
0.2242,0.2218,2.4,0,-193.1,12.6,-2.9846,-197.1,12.4,-2.9806,-219.5,-33.4,0.7803,-314.9,-71.6,1.0640,322.2,21.5,0,0.0,0.0,0.0000,-3.98,-3.21,8.45,9.67
0.2319,0.2303,1.6,0,-194.9,12.6,-2.9774,-199.0,12.1,-2.9788,-227.6,-37.0,-0.2252,-321.7,-76.6,1.0349,329.9,23.0,0,0.0,0.0,0.0000,-4.57,-3.02,8.88,10.71
0.2403,0.2379,2.3,0,-197.2,12.5,-2.9655,-200.8,11.8,-2.9799,-234.7,-39.6,0.1700,-327.5,-81.4,0.9870,336.7,22.7,0,0.0,0.0,0.0000,-5.70,-3.33,9.72,11.60
0.2477,0.2379,9.8,0,-197.2,12.5,-2.9655,-200.8,11.8,-2.9799,-234.7,-39.6,0.1700,-339.5,-86.9,1.0144,349.4,26.0,0,0.0,0.0,0.0000,-5.45,-3.71,9.77,12.00
0.2554,0.2541,1.3,0,-202.2,12.3,-2.9476,-204.7,11.1,-2.9646,-249.7,-45.2,1.1450,-337.0,-92.4,0.9797,348.5,25.7,0,0.0,0.0,0.0000,-5.25,-3.93,10.36,12.17
0.2640,0.2627,1.3,0,-204.1,12.1,-2.9372,-206.9,10.7,-2.9556,-258.6,-48.5,1.0420,-345.5,-98.7,0.9738,358.3,26.5,0,0.0,0.0,0.0000,-5.02,-4.65,10.53,11.47
0.2715,0.2627,8.8,0,-204.1,12.1,-2.9372,-206.9,10.7,-2.9556,-258.6,-48.5,1.0420,-357.8,-105.1,1.0044,371.7,30.3,0,0.0,0.0,0.0000,-5.46,-4.56,11.79,11.96
0.2792,0.2726,6.7,0,-206.0,12.2,-2.9267,-209.5,10.2,-2.9453,-267.5,-52.6,1.0415,-364.9,-111.9,0.9946,380.3,31.5,0,0.0,0.0,0.0000,-6.45,-4.71,12.43,13.37
0.2873,0.2807,6.6,0,-209.3,12.1,-2.9132,-211.7,9.8,-2.9368,-274.9,-56.0,1.0411,-368.1,-118.4,0.8076,385.4,32.0,0,0.0,0.0,0.0000,-7.88,-5.16,12.10,13.82
0.2963,0.2896,6.7,0,-210.7,11.3,-2.9001,-214.2,9.3,-2.9275,-282.9,-60.5,1.0417,-378.8,-124.3,1.1760,397.6,30.1,0,0.0,0.0,0.0000,-7.76,-4.87,11.48,13.99
0.3035,0.2979,5.6,0,-214.9,11.0,-2.8806,-216.5,8.8,-2.9189,-290.4,-64.6,1.0420,-379.9,-130.5,2.0000,400.8,28.1,0,0.0,0.0,0.0000,-8.03,-5.11,8.97,13.11
0.3113,0.3065,4.8,0,-216.8,9.7,-2.8694,-219.0,8.2,-2.9099,-298.7,-69.3,1.0419,-384.9,-134.0,1.9734,406.7,25.5,0,0.0,0.0,0.0000,-7.46,-5.50,9.60,13.63
0.3201,0.3147,5.4,0,-220.2,9.0,-2.8686,-221.5,7.6,-2.9014,-306.3,-73.7,1.0419,-385.0,-140.8,0.9492,408.7,31.7,0,0.0,0.0,0.0000,-7.60,-5.44,10.71,13.79
0.3276,0.3230,4.7,0,-222.4,8.3,-2.8629,-224.1,7.0,-2.8928,-313.2,-77.8,1.0413,-385.3,-144.9,0.7923,410.3,33.4,0,0.0,0.0,0.0000,-7.90,-5.58,12.29,14.66
0.3363,0.3230,13.3,0,-222.4,8.3,-2.8629,-224.1,7.0,-2.8928,-313.2,-77.8,1.0413,-391.5,-151.0,0.9780,417.9,37.5,0,0.0,0.0,0.0000,-9.43,-7.19,12.75,15.99
0.3442,0.3398,4.4,0,-228.8,7.7,-2.8419,-229.5,5.6,-2.8752,-328.2,-88.4,1.0419,-378.7,-154.9,0.9267,407.6,36.1,0,0.0,0.0,0.0000,-8.26,-6.97,14.23,17.15
0.3517,0.3398,11.9,0,-228.8,7.7,-2.8419,-229.5,5.6,-2.8752,-328.2,-88.4,1.0419,-384.3,-160.1,0.7863,414.4,39.5,0,0.0,0.0,0.0000,-14.98,-6.70,13.77,17.70
0.3606,0.3575,3.1,0,-235.9,5.9,-2.8177,-235.4,3.9,-2.8568,-343.5,-100.5,1.0411,-370.4,-161.9,1.1453,402.6,35.6,0,0.0,0.0,0.0000,-5.72,-6.77,13.55,16.09
0.3678,0.3655,2.4,0,-239.3,4.9,-2.8159,-238.2,3.1,-2.8485,-350.0,-105.9,1.0413,-366.3,-164.6,2.0000,399.7,38.8,0,0.0,0.0,0.0000,-5.02,-7.08,13.72,16.29
0.3753,0.3740,1.4,0,-242.9,4.6,-2.8007,-241.2,2.2,-2.8404,-356.9,-111.5,0.8708,-362.0,-170.1,1.9596,398.0,39.3,0,0.0,0.0,0.0000,-8.03,-8.14,15.25,17.11
0.3839,0.3825,1.5,0,-246.4,3.0,-2.7926,-244.3,1.2,-2.8314,-363.8,-118.0,1.3773,-358.5,-172.4,0.9220,395.8,39.5,0,0.0,0.0,0.0000,-10.08,-7.60,15.04,16.37
0.3923,0.3825,9.8,0,-246.4,3.0,-2.7926,-244.3,1.2,-2.8314,-363.8,-118.0,1.3773,-366.1,-179.6,0.8336,405.4,43.6,0,0.0,0.0,0.0000,-11.37,-8.46,14.64,17.33
0.3998,0.3934,6.4,0,-250.4,1.8,-2.7721,-248.3,-0.1,-2.8093,-373.2,-126.4,2.3206,-361.5,-182.6,0.9458,403.0,39.7,0,0.0,0.0,0.0000,-10.55,-8.33,15.46,17.73
0.4073,0.4010,6.3,0,-254.6,0.7,-2.7699,-251.1,-1.1,-2.7944,-374.2,-132.0,1.4401,-355.5,-185.8,0.9731,398.7,44.0,0,0.0,0.0,0.0000,-10.28,-8.32,15.65,17.20
0.4154,0.4078,7.6,0,-257.6,-0.1,-2.7585,-253.7,-2.0,-2.7867,-376.5,-137.2,0.9182,-353.1,-190.3,0.7878,398.6,44.5,0,0.0,0.0,0.0000,-10.71,-9.22,15.95,17.74
0.4237,0.4162,7.5,0,-261.6,-1.8,-2.7421,-256.8,-3.2,-2.7790,-374.4,-141.0,1.0419,-348.4,-192.8,1.0823,396.0,42.1,0,0.0,0.0,0.0000,-11.33,-9.38,15.54,18.66
0.4314,0.4267,4.7,0,-264.6,-2.4,-2.7322,-260.8,-4.7,-2.7680,-372.8,-146.2,1.0419,-346.4,-198.2,2.0000,396.7,43.9,0,0.0,0.0,0.0000,-10.42,-10.41,16.09,18.81
0.4403,0.4332,7.1,0,-269.5,-3.8,-2.7239,-263.2,-5.7,-2.7614,-371.1,-149.0,0.9743,-339.3,-202.5,1.8769,392.2,47.5,0,0.0,0.0,0.0000,-10.35,-10.56,16.23,19.04
0.4476,0.4413,6.4,0,-273.2,-5.1,-2.7176,-266.2,-6.9,-2.7540,-369.2,-152.7,0.9630,-333.7,-205.7,0.9738,388.8,50.2,0,0.0,0.0,0.0000,-9.78,-9.63,16.01,18.79
0.4562,0.4500,6.3,0,-277.0,-6.1,-2.7064,-269.4,-8.2,-2.7424,-367.7,-157.1,1.8999,-329.4,-210.6,0.8192,387.5,52.1,0,0.0,0.0,0.0000,-10.82,-9.87,15.55,17.98
0.4643,0.4605,3.7,0,-281.1,-7.7,-2.6936,-273.3,-9.9,-2.7190,-365.5,-162.3,2.0955,-324.6,-212.8,0.7942,384.7,51.2,0,0.0,0.0,0.0000,-11.47,-10.01,15.21,17.52
0.4716,0.4671,4.5,0,-284.3,-8.7,-2.6843,-275.6,-11.0,-2.7083,-363.8,-165.5,1.2189,-321.0,-216.4,1.1112,383.5,52.5,0,0.0,0.0,0.0000,-12.26,-11.79,16.21,18.19
0.4796,0.4750,4.5,0,-288.6,-11.0,-2.6697,-278.5,-12.3,-2.7005,-362.1,-169.4,0.8692,-314.9,-217.4,2.0000,379.3,50.5,0,0.0,0.0,0.0000,-11.25,-9.50,15.61,19.99
0.4876,0.4838,3.8,0,-292.0,-12.3,-2.6619,-281.7,-13.8,-2.6919,-360.7,-173.9,1.0420,-310.8,-221.3,1.9841,377.9,52.9,0,0.0,0.0,0.0000,-11.08,-8.38,15.73,19.14
0.4961,0.4938,2.3,0,-296.7,-14.1,-2.6501,-285.3,-15.6,-2.6815,-358.3,-178.5,1.0417,-302.3,-224.8,0.9413,372.6,55.6,0,0.0,0.0,0.0000,-11.05,-8.38,16.69,17.65
0.5036,0.5013,2.3,0,-300.2,-15.0,-2.6388,-288.0,-17.0,-2.6743,-356.1,-181.7,0.8675,-298.0,-229.5,0.7562,371.7,57.5,0,0.0,0.0,0.0000,-10.67,-8.76,16.29,16.87
0.5115,0.5091,2.4,0,-304.0,-16.4,-2.6248,-290.7,-18.4,-2.6666,-354.2,-185.5,1.2358,-293.6,-233.7,0.8874,370.7,58.1,0,0.0,0.0,0.0000,-10.13,-9.64,16.12,17.82
0.5197,0.5173,2.3,0,-307.3,-18.2,-2.6157,-293.7,-19.9,-2.6521,-352.6,-189.7,2.2569,-289.9,-236.2,0.9174,369.3,58.8,0,0.0,0.0,0.0000,-11.03,-8.59,16.54,17.71
0.5280,0.5279,0.1,0,-311.5,-19.5,-2.5945,-297.4,-22.0,-2.6293,-349.3,-194.8,1.5761,-283.2,-239.5,0.7302,366.4,57.2,0,0.0,0.0,0.0000,-10.42,-8.56,16.10,18.27
0.5357,0.5344,1.3,0,-315.3,-21.3,-2.5883,-299.6,-23.2,-2.6213,-347.1,-198.2,0.9782,-277.1,-242.1,1.0704,363.0,60.4,0,0.0,0.0,0.0000,-9.35,-7.52,16.00,15.13
0.5438,0.5425,1.2,0,-318.6,-22.9,-2.5770,-302.4,-24.9,-2.6140,-345.2,-201.6,0.9590,-272.4,-246.6,2.0000,362.1,62.5,0,0.0,0.0,0.0000,-9.54,-7.70,15.22,14.36
0.5515,0.5513,0.2,0,-322.5,-25.2,-2.5524,-305.4,-26.6,-2.6059,-343.5,-205.0,0.8910,-266.3,-247.9,1.8878,359.1,58.1,0,0.0,0.0,0.0000,-9.99,-8.89,15.22,15.64
0.5602,0.5513,8.9,0,-322.5,-25.2,-2.5524,-305.4,-26.6,-2.6059,-343.5,-205.0,0.8910,-272.7,-256.7,0.8790,369.4,61.9,0,0.0,0.0,0.0000,-9.39,-8.38,14.81,16.70
0.5674,0.5608,6.6,0,-325.3,-26.6,-2.5578,-308.7,-28.6,-2.5946,-340.9,-209.3,1.7024,-269.5,-259.7,0.7946,368.0,68.2,0,0.0,0.0,0.0000,-8.93,-7.67,14.83,17.23
0.5752,0.5679,7.4,0,-328.4,-27.6,-2.5563,-311.1,-30.1,-2.5795,-339.1,-212.5,2.3432,-265.8,-265.1,0.8456,368.0,74.1,0,0.0,0.0,0.0000,-8.60,-7.15,13.99,17.23
0.5844,0.5772,7.2,0,-331.5,-30.4,-2.5327,-314.3,-32.1,-2.5607,-335.6,-217.1,1.4154,-262.8,-266.5,1.1811,368.0,68.3,0,0.0,0.0,0.0000,-7.68,-6.50,12.86,16.04
0.5915,0.5851,6.4,0,-335.2,-32.5,-2.5237,-316.9,-33.8,-2.5522,-332.8,-220.9,0.8833,-256.5,-267.7,2.0000,364.1,69.6,0,0.0,0.0,0.0000,-7.57,-7.07,13.33,15.31
0.6000,0.5944,5.6,0,-338.2,-34.1,-2.5186,-320.0,-35.9,-2.5434,-331.2,-225.2,1.0413,-252.7,-272.2,1.9682,364.0,73.6,0,0.0,0.0,0.0000,-8.13,-7.14,12.48,15.74
0.6084,0.6018,6.6,0,-340.4,-35.4,-2.5005,-322.4,-37.6,-2.5357,-329.4,-228.5,1.0411,-250.0,-278.0,0.9251,366.7,73.3,0,0.0,0.0,0.0000,-7.52,-9.01,12.53,16.27
0.6153,0.6104,4.9,0,-343.5,-37.4,-2.4916,-325.3,-39.6,-2.5269,-326.2,-231.2,0.9204,-245.3,-279.6,0.7593,364.5,74.1,0,0.0,0.0,0.0000,-6.23,-7.49,12.17,16.79
0.6240,0.6172,6.9,0,-345.6,-39.8,-2.4735,-327.5,-41.1,-2.5208,-323.9,-233.8,0.9585,-245.3,-281.0,0.8862,366.6,68.6,0,0.0,0.0,0.0000,-6.58,-6.86,12.72,16.31
0.6323,0.6274,4.9,0,-349.5,-41.5,-2.4763,-330.7,-43.6,-2.5063,-320.3,-239.2,2.0816,-238.6,-284.8,0.9661,363.5,76.7,0,0.0,0.0,0.0000,-6.69,-6.43,12.50,15.37
0.6400,0.6356,4.5,0,-351.6,-43.7,-2.4545,-333.4,-45.5,-2.4876,-317.5,-242.9,2.1859,-236.5,-287.3,0.7701,365.1,72.1,0,0.0,0.0,0.0000,-6.57,-6.41,11.18,14.99
0.6476,0.6441,3.5,0,-353.8,-45.3,-2.4394,-336.1,-47.6,-2.4738,-315.1,-246.2,1.1327,-234.2,-291.2,1.0696,366.9,71.0,0,0.0,0.0,0.0000,-7.00,-7.46,11.29,15.40
0.6556,0.6542,1.4,0,-356.7,-47.7,-2.4333,-339.2,-50.1,-2.4643,-312.0,-250.3,0.9435,-230.2,-293.2,2.0000,365.6,73.0,0,0.0,0.0,0.0000,-6.27,-7.41,10.98,16.04
0.6638,0.6635,0.2,0,-357.8,-50.0,-2.4216,-342.1,-52.5,-2.4556,-309.3,-254.2,0.8983,-231.0,-295.4,1.9324,368.5,69.8,0,0.0,0.0,0.0000,-4.84,-7.65,10.31,15.80
0.6719,0.6696,2.3,0,-360.8,-52.4,-2.4147,-344.0,-54.0,-2.4492,-307.2,-256.6,1.2880,-226.1,-297.5,0.9444,366.6,72.0,0,0.0,0.0,0.0000,-5.05,-6.88,10.88,15.58
0.6799,0.6783,1.5,0,-363.1,-54.9,-2.4040,-346.7,-56.3,-2.4331,-304.3,-260.1,2.3100,-223.5,-298.9,0.7957,366.4,70.9,0,0.0,0.0,0.0000,-5.63,-6.66,10.76,14.01
0.6880,0.6868,1.2,0,-364.7,-57.0,-2.3995,-349.2,-58.5,-2.4145,-300.8,-263.8,1.7770,-223.6,-301.6,0.8161,368.7,71.2,0,0.0,0.0,0.0000,-5.63,-6.94,8.76,13.57
0.6963,0.6951,1.2,0,-366.3,-58.8,-2.3824,-351.7,-60.7,-2.4040,-296.9,-267.8,0.9464,-223.1,-305.7,1.1734,372.3,68.1,0,0.0,0.0,0.0000,-5.12,-7.58,8.81,14.09
0.7035,0.7021,1.4,0,-368.3,-60.6,-2.3695,-353.8,-62.6,-2.3978,-294.8,-270.1,0.9389,-220.5,-308.9,2.0000,373.5,67.5,0,0.0,0.0,0.0000,-5.18,-7.63,8.96,14.68
0.7118,0.7117,0.1,0,-370.0,-64.0,-2.3687,-356.6,-65.2,-2.3878,-292.3,-272.9,1.0419,-218.8,-308.6,1.9823,372.1,68.2,0,0.0,0.0,0.0000,-4.48,-7.01,9.41,15.07
0.7197,0.7117,8.0,0,-370.0,-64.0,-2.3687,-356.6,-65.2,-2.3878,-292.3,-272.9,1.0419,-221.7,-317.8,1.0431,380.7,72.7,0,0.0,0.0,0.0000,-5.01,-6.59,8.99,15.49
0.7279,0.7201,7.8,0,-371.4,-66.5,-2.3491,-359.0,-67.5,-2.3791,-289.0,-276.5,1.0373,-221.3,-320.0,0.8064,383.2,67.1,0,0.0,0.0,0.0000,-4.42,-7.78,8.37,15.02
0.7363,0.7289,7.4,0,-372.8,-68.7,-2.3490,-361.6,-70.0,-2.3710,-285.6,-280.0,0.9469,-221.5,-323.9,0.9899,386.1,69.6,0,0.0,0.0,0.0000,-4.77,-7.22,8.58,14.44
0.7438,0.7374,6.4,0,-374.1,-70.4,-2.3340,-364.0,-72.3,-2.3602,-282.4,-283.5,1.8064,-220.9,-327.4,0.9925,389.3,66.7,0,0.0,0.0,0.0000,-4.67,-7.54,8.18,13.50
0.7513,0.7455,5.8,0,-375.4,-73.3,-2.3204,-366.2,-74.7,-2.3424,-279.3,-286.8,2.3167,-220.0,-326.9,0.8345,389.2,61.7,0,0.0,0.0,0.0000,-4.23,-7.02,8.50,14.24
0.7603,0.7541,6.1,0,-377.0,-76.0,-2.3182,-368.6,-77.1,-2.3262,-275.5,-289.8,1.3141,-219.0,-329.4,1.2453,390.5,63.3,0,0.0,0.0,0.0000,-3.51,-7.64,8.14,14.30
0.7681,0.7625,5.6,0,-377.8,-78.4,-2.3042,-370.9,-79.6,-2.3176,-272.1,-292.8,0.8685,-219.8,-331.9,2.0000,393.8,58.9,0,0.0,0.0,0.0000,-3.80,-8.45,7.95,14.71
0.7760,0.7712,4.8,0,-378.8,-80.2,-2.2886,-373.3,-82.1,-2.3095,-269.6,-295.5,0.8968,-219.5,-335.9,1.9732,397.4,55.6,0,0.0,0.0,0.0000,-4.21,-7.76,8.54,15.17
0.7844,0.7795,4.9,0,-380.0,-82.7,-2.2815,-375.5,-84.6,-2.3018,-266.5,-298.4,1.1007,-218.3,-338.7,0.9826,399.1,55.5,0,0.0,0.0,0.0000,-3.79,-7.68,8.27,14.60
0.7913,0.7879,3.3,0,-381.2,-85.7,-2.2746,-377.7,-87.1,-2.2885,-262.9,-301.5,2.1386,-216.9,-338.0,0.8574,398.1,53.3,0,0.0,0.0,0.0000,-3.88,-7.54,7.96,13.84
0.8000,0.7965,3.6,0,-383.0,-87.2,-2.2752,-380.0,-89.7,-2.2691,-259.2,-304.6,2.1015,-215.1,-343.8,1.0927,401.3,58.7,0,0.0,0.0,0.0000,-3.66,-7.36,5.16,13.68
0.8074,0.8047,2.6,0,-384.6,-90.1,-2.2751,-382.1,-92.3,-2.2564,-255.1,-307.5,1.0827,-212.9,-343.9,1.1273,399.9,60.4,0,0.0,0.0,0.0000,-3.98,-7.76,4.09,13.94
0.8159,0.8136,2.3,0,-385.2,-93.3,-2.2467,-384.4,-95.0,-2.2482,-251.6,-310.7,0.9203,-214.3,-344.8,0.8715,403.1,48.5,0,0.0,0.0,0.0000,-3.98,-7.66,5.73,14.63
0.8239,0.8215,2.4,0,-385.7,-95.3,-2.2406,-386.3,-97.5,-2.2402,-248.8,-313.8,1.0420,-214.9,-348.6,1.2317,406.7,48.0,0,0.0,0.0,0.0000,-4.56,-7.72,7.17,15.00
0.8315,0.8301,1.4,0,-386.6,-98.3,-2.2237,-388.4,-100.2,-2.2312,-245.3,-316.4,1.0417,-213.3,-348.8,2.0000,406.6,42.5,0,0.0,0.0,0.0000,-4.04,-6.98,8.71,14.95
0.8400,0.8387,1.2,0,-387.2,-100.3,-2.2200,-390.6,-102.9,-2.2230,-241.7,-318.6,0.8794,-213.8,-353.1,2.0000,410.6,43.2,0,0.0,0.0,0.0000,-5.47,-7.86,8.66,14.49
0.8481,0.8468,1.3,0,-388.3,-102.7,-2.2174,-392.5,-105.5,-2.2143,-238.3,-321.3,1.4184,-213.1,-356.4,1.0763,412.8,44.6,0,0.0,0.0,0.0000,-4.65,-7.23,8.80,15.22
0.8556,0.8555,0.1,0,-390.0,-105.4,-2.1977,-394.5,-108.3,-2.1971,-234.9,-324.1,2.3410,-210.1,-357.5,0.8933,412.7,39.6,0,0.0,0.0,0.0000,-4.38,-7.38,8.64,15.23
0.8643,0.8642,0.1,0,-390.6,-108.2,-2.1836,-396.6,-111.1,-2.1790,-230.5,-326.9,1.5423,-210.5,-360.1,0.8877,415.6,34.9,0,0.0,0.0,0.0000,-4.44,-7.61,8.34,14.87
0.8718,0.8642,7.7,0,-390.6,-108.2,-2.1836,-396.6,-111.1,-2.1790,-230.5,-326.9,1.5423,-212.1,-369.3,1.2670,424.1,38.9,0,0.0,0.0,0.0000,-4.73,-7.77,8.95,14.88
0.8796,0.8721,7.4,0,-392.1,-110.4,-2.1607,-398.4,-113.7,-2.1697,-226.4,-329.5,0.9066,-209.3,-371.7,2.0000,425.3,32.8,0,0.0,0.0,0.0000,-4.79,-7.44,9.58,15.03
0.8881,0.8809,7.2,0,-392.2,-113.8,-2.1647,-400.4,-116.6,-2.1616,-223.0,-331.9,1.0417,-210.2,-372.1,2.0000,426.0,34.1,0,0.0,0.0,0.0000,-4.84,-7.43,9.43,14.93
0.8959,0.8894,6.5,0,-393.2,-115.5,-2.1535,-402.2,-119.5,-2.1527,-219.5,-334.3,1.0420,-207.9,-377.2,1.1020,429.4,34.0,0,0.0,0.0,0.0000,-5.16,-8.18,9.22,15.33
0.9036,0.8976,6.0,0,-393.5,-118.8,-2.1403,-404.0,-122.2,-2.1442,-216.3,-336.6,0.9513,-208.2,-377.0,0.8969,429.8,28.0,0,0.0,0.0,0.0000,-4.82,-7.61,8.91,15.31
0.9121,0.9065,5.6,0,-394.8,-121.2,-2.1376,-405.9,-125.2,-2.1361,-212.5,-339.2,1.0321,-206.2,-379.8,1.0757,431.1,30.0,0,0.0,0.0,0.0000,-4.84,-7.69,8.84,14.83
0.9192,0.9147,4.5,0,-396.7,-124.1,-2.1087,-407.7,-128.0,-2.1244,-207.6,-341.4,1.9984,-201.7,-380.1,1.0185,429.8,21.6,0,0.0,0.0,0.0000,-5.90,-7.64,9.18,15.40
0.9276,0.9231,4.6,0,-398.0,-127.2,-2.1183,-409.4,-130.9,-2.1055,-203.5,-343.7,2.2303,-199.3,-381.7,0.9586,429.6,28.5,0,0.0,0.0,0.0000,-5.07,-7.43,9.70,15.67
0.9353,0.9316,3.7,0,-398.4,-129.7,-2.1054,-411.1,-133.8,-2.0910,-200.4,-346.1,1.1736,-198.9,-383.8,1.2358,431.6,24.4,0,0.0,0.0,0.0000,-6.43,-7.20,10.91,16.11
0.9434,0.9401,3.4,0,-398.8,-132.1,-2.0865,-412.8,-136.8,-2.0829,-196.7,-348.5,0.8793,-198.2,-386.7,2.0000,434.2,18.3,0,0.0,0.0,0.0000,-6.97,-7.75,10.48,16.45
0.9522,0.9482,3.9,0,-399.9,-135.4,-2.0775,-414.4,-139.6,-2.0752,-193.0,-351.0,0.8756,-195.4,-387.6,2.0000,433.8,17.3,0,0.0,0.0,0.0000,-6.61,-7.74,10.41,14.33
0.9598,0.9572,2.6,0,-401.0,-138.9,-2.0727,-416.1,-142.8,-2.0665,-188.8,-353.1,1.2446,-192.4,-386.7,1.1199,431.6,17.4,0,0.0,0.0,0.0000,-6.31,-7.60,10.84,12.25
0.9672,0.9660,1.2,0,-402.0,-141.3,-2.0546,-417.7,-145.9,-2.0506,-184.6,-354.5,2.2927,-189.6,-388.9,0.9101,432.5,13.0,0,0.0,0.0,0.0000,-6.99,-7.02,10.52,13.91
0.9762,0.9738,2.4,0,-403.4,-143.6,-2.0552,-419.1,-148.7,-2.0331,-180.5,-356.6,1.9346,-185.9,-393.4,0.9737,434.7,18.6,0,0.0,0.0,0.0000,-7.28,-7.97,11.33,15.15
0.9838,0.9835,0.3,0,-404.3,-146.9,-2.0500,-420.9,-152.1,-2.0203,-175.1,-359.5,0.9304,-184.0,-393.1,1.3241,433.7,17.9,0,0.0,0.0,0.0000,-7.64,-7.77,11.40,15.67
0.9924,0.9910,1.4,0,-405.5,-149.6,-2.0275,-422.2,-154.8,-2.0136,-171.8,-361.0,0.9814,-181.4,-395.6,2.0000,435.1,11.7,0,0.0,0.0,0.0000,-6.85,-7.71,10.97,16.11
1.0003,0.9991,1.3,0,-406.6,-153.6,-2.0227,-423.5,-157.8,-2.0052,-168.3,-362.5,1.0411,-177.6,-393.6,2.0000,431.6,12.1,0,0.0,0.0,0.0000,-7.18,-7.39,11.33,15.48
1.0076,1.0075,0.1,0,-407.4,-156.2,-2.0021,-424.9,-160.8,-1.9964,-164.6,-364.6,1.0415,-174.2,-394.6,1.1152,431.3,6.8,0,0.0,0.0,0.0000,-7.45,-8.02,12.34,15.16
1.0160,1.0159,0.1,0,-408.1,-159.7,-1.9898,-426.3,-163.9,-1.9887,-160.9,-366.7,0.9078,-171.5,-394.8,0.9050,430.5,3.9,0,0.0,0.0,0.0000,-7.92,-7.41,12.26,15.88
1.0237,1.0159,7.9,0,-408.1,-159.7,-1.9898,-426.3,-163.9,-1.9887,-160.9,-366.7,0.9078,-171.7,-404.7,1.0825,439.5,7.7,0,0.0,0.0,0.0000,-8.32,-7.05,12.49,16.42
1.0322,1.0246,7.5,0,-409.3,-161.9,-1.9814,-427.7,-167.1,-1.9782,-156.2,-368.4,1.6786,-168.2,-408.8,1.1189,441.9,9.0,0,0.0,0.0,0.0000,-8.34,-6.71,12.68,16.99
1.0401,1.0334,6.7,0,-410.8,-164.9,-1.9691,-429.1,-170.4,-1.9592,-151.6,-370.1,2.3188,-163.3,-410.0,0.9622,441.2,8.5,0,0.0,0.0,0.0000,-7.63,-4.02,12.38,17.12
1.0474,1.0415,5.9,0,-412.5,-168.5,-1.9546,-430.3,-173.4,-1.9436,-147.3,-371.7,1.3778,-157.9,-408.4,1.2474,437.8,6.5,0,0.0,0.0,0.0000,-7.56,-3.52,13.37,15.48
1.0562,1.0498,6.4,0,-413.1,-172.0,-1.9425,-431.5,-176.4,-1.9349,-143.0,-373.3,0.8732,-155.3,-408.6,2.0000,437.1,3.7,0,0.0,0.0,0.0000,-8.29,-6.08,13.43,16.09
1.0642,1.0583,5.9,0,-413.6,-174.5,-1.9300,-432.7,-179.6,-1.9270,-138.9,-375.1,0.9255,-152.7,-411.1,2.0000,438.5,1.5,0,0.0,0.0,0.0000,-8.97,-7.20,13.01,16.99
1.0724,1.0698,2.6,0,-415.1,-176.9,-1.9260,-434.2,-183.9,-1.9157,-133.6,-377.2,1.3029,-146.9,-414.0,1.0948,439.2,6.3,0,0.0,0.0,0.0000,-9.99,-7.89,13.50,17.16
1.0797,1.0752,4.5,0,-416.8,-180.8,-1.9100,-435.0,-186.0,-1.9067,-131.6,-378.1,2.0636,-140.7,-411.6,0.9469,435.0,4.3,0,0.0,0.0,0.0000,-8.45,-7.20,13.64,17.15
1.0880,1.0834,4.6,0,-418.0,-183.9,-1.9013,-436.0,-189.1,-1.8881,-127.5,-379.4,2.2026,-135.8,-412.7,0.9566,434.5,5.4,0,0.0,0.0,0.0000,-8.47,-7.17,14.00,16.27
1.0962,1.0924,3.8,0,-419.2,-187.1,-1.8944,-437.1,-192.5,-1.8734,-121.4,-380.7,1.1059,-131.5,-413.5,1.3474,433.8,6.8,0,0.0,0.0,0.0000,-8.60,-7.49,13.89,15.54
1.1039,1.1004,3.5,0,-420.4,-190.1,-1.8889,-438.1,-195.6,-1.8660,-117.2,-382.0,0.8863,-127.1,-413.7,2.0000,432.7,8.6,0,0.0,0.0,0.0000,-9.18,-7.12,14.71,15.18
1.1123,1.1088,3.5,0,-421.6,-193.1,-1.8742,-439.1,-198.8,-1.8576,-113.4,-383.4,1.0419,-121.6,-415.0,2.0000,432.4,7.9,0,0.0,0.0,0.0000,-8.76,-6.89,14.90,15.97
1.1201,1.1175,2.6,0,-423.4,-196.3,-1.8590,-440.0,-202.1,-1.8485,-109.3,-384.8,1.0420,-113.7,-415.6,1.1086,430.8,9.1,0,0.0,0.0,0.0000,-9.12,-7.38,14.79,15.98
1.1276,1.1242,3.4,0,-424.3,-198.9,-1.8616,-440.7,-204.7,-1.8419,-106.1,-386.0,0.8759,-109.4,-417.3,0.9814,431.1,14.8,0,0.0,0.0,0.0000,-8.59,-7.69,15.03,15.99
1.1359,1.1344,1.4,0,-425.8,-202.9,-1.8366,-441.8,-208.7,-1.8315,-100.9,-387.3,1.3726,-104.1,-415.4,1.0708,428.1,8.6,0,0.0,0.0,0.0000,-9.71,-6.39,14.03,15.91
1.1442,1.1427,1.4,0,-427.3,-206.3,-1.8304,-442.6,-211.9,-1.8155,-96.7,-388.2,2.3236,-97.8,-415.3,1.1146,426.5,12.0,0,0.0,0.0,0.0000,-8.83,-5.68,14.14,15.86
1.1514,1.1510,0.3,0,-428.4,-208.9,-1.8152,-443.4,-215.1,-1.7975,-92.0,-389.2,1.7428,-92.2,-416.3,0.9463,426.2,11.3,0,0.0,0.0,0.0000,-9.63,-6.11,14.26,16.04
1.1599,1.1598,0.1,0,-430.4,-212.8,-1.7951,-444.2,-218.5,-1.7867,-87.0,-390.2,0.9185,-84.1,-414.9,1.2520,423.2,10.3,0,0.0,0.0,0.0000,-9.02,-7.24,15.54,15.20
1.1677,1.1598,7.9,0,-430.4,-212.8,-1.7951,-444.2,-218.5,-1.7867,-87.0,-390.2,0.9185,-82.3,-424.2,2.0000,431.9,14.1,0,0.0,0.0,0.0000,-9.20,-6.61,15.37,15.09
1.1760,1.1722,3.8,0,-431.7,-215.6,-1.7934,-445.2,-223.4,-1.7753,-80.6,-391.8,0.8758,-75.8,-426.2,2.0000,432.4,20.2,0,0.0,0.0,0.0000,-9.52,-6.16,15.15,15.35
1.1835,1.1766,6.9,0,-432.4,-219.1,-1.7861,-445.6,-225.1,-1.7714,-78.4,-392.3,0.9315,-71.1,-425.3,1.1920,430.7,21.4,0,0.0,0.0,0.0000,-9.09,-6.47,15.40,15.16
1.1915,1.1850,6.4,0,-434.1,-222.1,-1.7742,-446.2,-228.4,-1.7609,-74.5,-392.9,1.7489,-63.5,-426.0,0.9952,430.0,23.8,0,0.0,0.0,0.0000,-5.42,-6.83,14.89,15.65
1.2001,1.1955,4.6,0,-436.4,-224.5,-1.7636,-447.0,-232.5,-1.7379,-69.3,-393.8,2.1960,-54.2,-428.6,1.1803,431.0,29.0,0,0.0,0.0,0.0000,-5.88,-7.38,14.61,14.97
1.2083,1.2017,6.6,0,-437.3,-228.6,-1.7468,-447.4,-235.0,-1.7267,-65.1,-394.7,1.3547,-48.6,-426.4,1.1509,428.3,26.8,0,0.0,0.0,0.0000,-5.88,-7.38,14.61,14.97
1.2157,1.2102,5.4,0,-438.5,-231.8,-1.7353,-447.9,-238.3,-1.7179,-60.2,-395.6,0.8687,-42.2,-425.8,0.9608,427.0,28.1,0,0.0,0.0,0.0000,-5.88,-7.38,14.61,14.97
1.2245,1.2169,7.6,0,-439.4,-235.3,-1.7274,-448.3,-241.0,-1.7116,-57.4,-396.1,1.0417,-36.2,-426.2,1.3701,426.6,30.7,0,0.0,0.0,0.0000,-9.00,-6.36,15.41,14.85
1.2322,1.2296,2.6,0,-440.7,-238.1,-1.7264,-449.0,-246.0,-1.6984,-51.0,-397.0,1.0418,-29.2,-426.8,2.0000,426.1,37.3,0,0.0,0.0,0.0000,-10.18,-5.70,14.50,15.62
1.2392,1.2358,3.4,0,-441.8,-241.9,-1.7137,-449.3,-248.5,-1.6923,-47.4,-397.1,0.8828,-23.1,-423.8,2.0000,422.8,37.5,0,0.0,0.0,0.0000,-9.54,-6.25,14.29,14.77
1.2483,1.2438,4.4,0,-444.2,-244.9,-1.7020,-449.7,-251.7,-1.6847,-43.1,-397.5,1.1261,-12.7,-425.7,1.1393,423.7,43.1,0,0.0,0.0,0.0000,-9.29,-6.67,14.80,15.12
1.2555,1.2541,1.4,0,-444.7,-248.2,-1.6894,-450.1,-255.8,-1.6670,-38.0,-397.8,2.3006,-8.2,-424.5,0.9920,422.4,42.1,0,0.0,0.0,0.0000,-9.47,-7.85,14.62,14.82
1.2645,1.2643,0.2,0,-445.8,-251.5,-1.6788,-450.5,-259.8,-1.6455,-32.4,-398.6,1.5288,-1.5,-425.4,1.0032,423.1,44.4,0,0.0,0.0,0.0000,-9.97,-8.25,13.70,14.56
1.2719,1.2696,2.3,0,-446.2,-254.5,-1.6642,-450.6,-261.9,-1.6388,-29.3,-399.2,1.0236,3.0,-425.1,1.3289,422.9,42.6,0,0.0,0.0,0.0000,-9.42,-8.14,14.65,14.97
1.2794,1.2780,1.4,0,-447.3,-257.9,-1.6514,-450.9,-265.3,-1.6312,-25.0,-399.4,0.9346,10.0,-423.3,2.0000,421.1,44.0,0,0.0,0.0,0.0000,-9.74,-7.20,15.11,14.44
1.2880,1.2865,1.4,0,-448.3,-261.8,-1.6589,-451.0,-268.7,-1.6224,-20.8,-399.2,1.0419,17.1,-421.7,2.0000,418.6,54.2,0,0.0,0.0,0.0000,-9.92,-7.67,13.91,14.60
1.2956,1.2865,9.0,0,-448.3,-261.8,-1.6589,-451.0,-268.7,-1.6224,-20.8,-399.2,1.0419,21.4,-430.6,1.2792,427.0,59.2,0,0.0,0.0,0.0000,-8.21,-8.81,14.62,14.22
1.3043,1.3031,1.2,0,-450.4,-268.2,-1.6348,-451.3,-275.3,-1.6061,-11.6,-400.0,0.8874,32.0,-421.2,1.0309,418.3,58.9,0,0.0,0.0,0.0000,-9.97,-9.58,14.19,14.03
1.3118,1.3117,0.1,0,-451.7,-271.1,-1.6331,-451.4,-278.7,-1.5964,-6.9,-399.9,1.5213,39.4,-420.6,1.1897,417.3,65.5,0,0.0,0.0,0.0000,-9.18,-8.14,11.50,13.70
1.3201,1.3200,0.1,0,-452.0,-274.6,-1.6190,-451.4,-282.1,-1.5791,-2.3,-399.9,2.3435,44.2,-419.9,1.2022,417.3,64.4,0,0.0,0.0,0.0000,-10.22,-7.59,9.80,13.13
1.3280,1.3200,8.0,0,-452.0,-274.6,-1.6190,-451.4,-282.1,-1.5791,-2.3,-399.9,2.3435,47.5,-429.9,1.0940,427.1,68.1,0,0.0,0.0,0.0000,-10.67,-7.96,11.42,13.23
1.3363,1.3300,6.3,0,-452.9,-277.4,-1.6126,-451.4,-286.1,-1.5596,2.7,-399.9,1.3238,55.0,-430.7,1.4921,428.0,73.0,0,0.0,0.0,0.0000,-10.16,-7.35,12.72,13.65
1.3440,1.3371,6.9,0,-453.4,-281.8,-1.6131,-451.4,-288.9,-1.5522,6.3,-400.0,0.8824,62.1,-425.5,2.0000,422.5,80.0,0,0.0,0.0,0.0000,-10.16,-8.12,12.78,13.81
1.3513,1.3456,5.7,0,-454.3,-284.5,-1.6096,-451.3,-292.3,-1.5443,10.6,-400.1,0.9524,69.1,-425.5,2.0000,422.5,85.6,0,0.0,0.0,0.0000,-10.37,-9.75,13.24,13.97
1.3604,1.3538,6.6,0,-454.7,-288.5,-1.5987,-451.2,-295.6,-1.5369,14.8,-400.1,0.9884,75.0,-424.0,1.3175,421.7,86.8,0,0.0,0.0,0.0000,-9.80,-8.82,13.16,14.59
1.3674,1.3635,3.9,0,-456.2,-290.9,-1.5887,-451.1,-299.5,-1.5227,20.1,-399.6,2.0998,83.4,-424.5,1.1851,423.0,91.0,0,0.0,0.0,0.0000,-10.48,-8.34,12.92,12.99
1.3755,1.3712,4.3,0,-456.4,-294.1,-1.5882,-450.9,-302.5,-1.5053,24.4,-399.3,2.2207,88.6,-424.2,1.2387,422.6,96.0,0,0.0,0.0,0.0000,-8.99,-7.67,12.70,10.52
1.3839,1.3800,3.9,0,-457.4,-297.3,-1.5765,-450.6,-306.1,-1.4906,29.9,-399.0,1.1407,96.6,-423.8,1.5728,423.2,99.1,0,0.0,0.0,0.0000,-10.95,-7.69,12.49,11.99
1.3922,1.3876,4.6,0,-457.7,-301.2,-1.5694,-450.4,-309.1,-1.4833,34.1,-398.5,0.8742,102.3,-421.0,2.0000,421.2,101.7,0,0.0,0.0,0.0000,-9.97,-7.46,12.42,13.18
1.3993,1.3969,2.4,0,-457.7,-304.6,-1.5625,-450.1,-312.8,-1.4741,38.6,-397.6,1.0420,107.0,-418.5,2.0000,419.4,103.5,0,0.0,0.0,0.0000,-8.92,-6.67,12.15,13.26
1.4083,1.4047,3.6,0,-458.3,-308.1,-1.5502,-449.7,-315.9,-1.4660,42.4,-397.4,1.0418,115.8,-417.6,1.3978,419.9,107.1,0,0.0,0.0,0.0000,-9.62,-8.08,12.36,13.63
1.4159,1.4130,3.0,0,-458.8,-311.1,-1.5458,-449.4,-319.2,-1.4579,45.8,-398.0,0.8684,121.9,-416.8,1.2615,419.7,111.5,0,0.0,0.0,0.0000,-9.17,-8.77,12.17,13.93
1.4240,1.4217,2.3,0,-459.0,-314.3,-1.5269,-449.0,-322.6,-1.4492,50.8,-397.2,1.2915,127.2,-415.9,1.3651,421.1,108.8,0,0.0,0.0,0.0000,-8.89,-8.68,12.91,14.63
1.4313,1.4301,1.2,0,-458.5,-317.5,-1.5388,-448.5,-326.0,-1.4337,56.6,-395.8,2.2977,130.6,-414.1,1.4729,418.0,117.3,0,0.0,0.0,0.0000,-8.60,-8.18,13.01,14.38
1.4401,1.4386,1.5,0,-458.6,-320.6,-1.5264,-448.0,-329.3,-1.4150,60.9,-395.1,1.8174,137.4,-413.7,1.3247,419.3,118.9,0,0.0,0.0,0.0000,-8.66,-7.34,12.51,14.09
1.4481,1.4468,1.2,0,-458.5,-323.7,-1.5140,-447.5,-332.6,-1.4043,65.0,-394.6,0.9582,142.9,-412.5,1.6762,420.0,119.3,0,0.0,0.0,0.0000,-8.21,-7.46,11.93,15.40
1.4553,1.4552,0.1,0,-459.0,-326.9,-1.5030,-446.9,-335.9,-1.3967,69.2,-393.9,0.9947,149.9,-410.3,2.0000,419.5,121.8,0,0.0,0.0,0.0000,-6.87,-8.02,11.34,14.80
1.4641,1.4640,0.1,0,-458.9,-330.6,-1.4941,-446.3,-339.4,-1.3886,73.6,-393.4,0.9122,156.0,-408.6,2.0000,419.4,124.2,0,0.0,0.0,0.0000,-6.83,-8.62,11.76,15.33
1.4720,1.4640,8.0,0,-458.9,-330.6,-1.4941,-446.3,-339.4,-1.3886,73.6,-393.4,0.9122,161.8,-417.3,1.5258,428.5,129.3,0,0.0,0.0,0.0000,-6.34,-8.68,11.61,15.84
1.4803,1.4791,1.2,0,-458.2,-336.8,-1.4641,-445.1,-345.3,-1.3647,81.0,-391.6,2.3332,165.4,-406.8,1.3202,422.1,121.1,0,0.0,0.0,0.0000,-6.72,-7.60,11.84,15.94
1.4879,1.4791,8.9,0,-458.2,-336.8,-1.4641,-445.1,-345.3,-1.3647,81.0,-391.6,2.3332,170.4,-413.5,1.3409,429.3,125.4,0,0.0,0.0,0.0000,-6.80,-7.40,12.26,16.00
1.4953,1.4890,6.3,0,-457.4,-339.8,-1.4545,-444.3,-349.2,-1.3443,87.0,-390.4,1.4342,174.0,-412.0,1.6356,429.5,125.0,0,0.0,0.0,0.0000,-6.04,-7.58,12.34,16.25
1.5033,1.4977,5.6,0,-456.4,-342.8,-1.4583,-443.5,-352.6,-1.3350,92.0,-389.3,0.8737,177.7,-412.1,2.0000,429.4,130.3,0,0.0,0.0,0.0000,-5.88,-7.63,11.08,16.70
1.5117,1.5059,5.9,0,-455.8,-346.6,-1.4298,-442.8,-355.7,-1.3273,95.3,-388.5,1.0414,182.9,-408.9,2.0000,430.5,123.6,0,0.0,0.0,0.0000,-5.33,-8.28,11.67,17.25
1.5201,1.5145,5.6,0,-455.2,-349.4,-1.4214,-441.9,-359.1,-1.3183,99.4,-387.5,1.0411,188.0,-407.7,1.4948,431.1,125.3,0,0.0,0.0,0.0000,-5.88,-9.34,11.59,16.95
1.5278,1.5227,5.0,0,-454.3,-352.2,-1.4145,-441.1,-362.3,-1.3099,104.0,-386.1,0.9093,191.6,-406.7,1.3304,431.6,125.9,0,0.0,0.0,0.0000,-5.88,-9.10,12.31,16.49
1.5356,1.5313,4.3,0,-453.4,-355.6,-1.3839,-440.2,-365.6,-1.3020,108.6,-384.8,1.0849,194.7,-404.2,1.3917,433.3,116.3,0,0.0,0.0,0.0000,-5.28,-8.05,12.53,16.92
1.5441,1.5396,4.4,0,-452.2,-357.8,-1.3764,-439.2,-368.7,-1.2892,113.2,-383.4,2.1080,197.9,-405.6,1.4310,436.2,115.9,0,0.0,0.0,0.0000,-4.64,-7.09,12.35,18.43
1.5521,1.5483,3.9,0,-452.0,-361.8,-1.3613,-438.2,-372.1,-1.2695,117.7,-382.2,2.1209,203.5,-400.7,1.2637,434.3,115.7,0,0.0,0.0,0.0000,-4.08,-7.10,12.17,18.23
1.5594,1.5567,2.7,0,-451.4,-364.1,-1.3541,-437.2,-375.3,-1.2565,122.0,-381.7,1.0864,208.0,-400.7,1.5720,436.1,117.0,0,0.0,0.0,0.0000,-3.63,-8.51,11.50,18.20
1.5679,1.5656,2.3,0,-450.2,-366.8,-1.3298,-436.1,-378.7,-1.2482,126.1,-379.9,0.9207,212.7,-401.0,2.0000,440.2,110.8,0,0.0,0.0,0.0000,-3.98,-10.58,12.73,18.20
1.5758,1.5733,2.5,0,-448.0,-370.0,-1.3229,-435.1,-381.6,-1.2409,129.3,-377.6,0.8675,212.9,-398.5,2.0000,438.6,108.6,0,0.0,0.0,0.0000,-4.66,-8.60,12.53,17.86
1.5844,1.5818,2.6,0,-446.8,-372.7,-1.2997,-434.0,-384.8,-1.2324,133.7,-376.5,1.3044,216.9,-397.4,1.3229,441.0,102.6,0,0.0,0.0,0.0000,-4.37,-6.24,12.42,17.83
1.5917,1.5905,1.2,0,-445.3,-375.3,-1.2824,-432.9,-388.0,-1.2162,138.6,-375.9,2.3151,218.9,-396.1,1.1687,442.0,97.1,0,0.0,0.0,0.0000,-4.19,-7.30,11.77,17.91
1.5992,1.5905,8.8,0,-445.3,-375.3,-1.2824,-432.9,-388.0,-1.2162,138.6,-375.9,2.3151,225.4,-403.0,1.3825,450.4,101.4,0,0.0,0.0,0.0000,-3.79,-7.86,12.13,18.56
1.6082,1.6080,0.1,0,-443.3,-381.5,-1.2560,-430.3,-394.6,-1.1865,148.1,-371.6,0.9096,227.5,-392.4,1.3205,443.6,94.8,0,0.0,0.0,0.0000,-3.59,-8.17,11.31,18.06
1.6159,1.6080,7.9,0,-443.3,-381.5,-1.2560,-430.3,-394.6,-1.1865,148.1,-371.6,0.9096,234.4,-399.5,1.1763,452.4,99.2,0,0.0,0.0,0.0000,-3.90,-8.26,12.22,17.94
1.6238,1.6162,7.6,0,-440.5,-384.3,-1.2251,-429.1,-397.6,-1.1791,151.6,-370.2,1.0416,233.3,-397.5,1.4208,453.0,84.8,0,0.0,0.0,0.0000,-4.67,-8.10,11.96,17.64
1.6314,1.6162,15.3,0,-440.5,-384.3,-1.2251,-429.1,-397.6,-1.1791,151.6,-370.2,1.0416,240.8,-403.2,2.0000,461.0,89.9,0,0.0,0.0,0.0000,-4.29,-8.00,11.31,18.95
1.6400,1.6328,7.2,0,-437.6,-389.8,-1.2106,-426.5,-403.8,-1.1617,159.2,-366.7,0.9906,240.3,-394.1,2.0000,453.4,86.0,0,0.0,0.0,0.0000,-3.63,-8.51,11.30,18.74
1.6474,1.6410,6.4,0,-435.8,-392.0,-1.1955,-425.2,-406.8,-1.1543,162.8,-364.8,0.9514,241.7,-394.0,1.2999,455.2,80.4,0,0.0,0.0,0.0000,-4.19,-9.59,11.27,18.65
1.6561,1.6495,6.6,0,-433.6,-395.6,-1.1774,-423.8,-409.8,-1.1434,167.6,-363.3,1.8209,243.5,-390.4,1.0974,453.9,75.3,0,0.0,0.0,0.0000,-4.54,-9.03,11.03,18.35
1.6639,1.6582,5.8,0,-432.2,-397.5,-1.1569,-422.3,-413.0,-1.1242,172.2,-361.6,2.2863,246.8,-390.5,1.0461,456.8,68.9,0,0.0,0.0,0.0000,-4.80,-9.26,11.57,18.51
1.6713,1.6667,4.5,0,-430.6,-399.3,-1.1486,-420.8,-416.1,-1.1088,176.3,-359.0,1.2541,249.2,-390.9,1.3392,458.7,67.1,0,0.0,0.0,0.0000,-5.55,-9.49,11.43,19.90
1.6797,1.6750,4.7,0,-428.1,-403.1,-1.1321,-419.4,-419.1,-1.1005,180.3,-356.8,0.8683,250.0,-385.9,2.0000,455.5,62.5,0,0.0,0.0,0.0000,-5.31,-9.67,11.10,19.20
1.6878,1.6836,4.3,0,-425.5,-405.5,-1.1111,-417.8,-422.1,-1.0922,184.1,-355.0,1.0418,250.3,-385.0,2.0000,456.1,53.5,0,0.0,0.0,0.0000,-5.21,-9.02,11.51,18.23
1.6955,1.6921,3.3,0,-423.7,-408.3,-1.1160,-416.2,-425.1,-1.0832,188.0,-353.0,1.0420,253.0,-382.7,1.2462,455.0,59.2,0,0.0,0.0,0.0000,-5.27,-9.42,11.36,18.23
1.7039,1.7002,3.7,0,-420.5,-410.6,-1.1035,-414.7,-428.0,-1.0753,191.6,-351.4,0.8758,251.8,-382.3,1.0257,454.7,52.6,0,0.0,0.0,0.0000,-6.58,-9.91,11.06,18.54
1.7114,1.7090,2.4,0,-419.1,-413.7,-1.0905,-413.0,-431.0,-1.0667,195.7,-349.0,1.2248,254.9,-377.9,1.1501,452.9,51.4,0,0.0,0.0,0.0000,-6.97,-9.75,10.68,18.79
1.7197,1.7173,2.4,0,-416.7,-415.5,-1.0805,-411.3,-433.9,-1.0522,199.9,-346.0,2.2525,256.0,-378.6,1.1769,454.5,47.6,0,0.0,0.0,0.0000,-6.80,-9.89,11.23,19.07
1.7280,1.7256,2.4,0,-413.9,-418.5,-1.0489,-409.7,-436.8,-1.0335,203.8,-344.0,1.9631,255.8,-375.7,0.9469,453.2,34.4,0,0.0,0.0,0.0000,-6.99,-9.72,11.57,18.82
1.7353,1.7256,9.7,0,-413.9,-418.5,-1.0489,-409.7,-436.8,-1.0335,203.8,-344.0,1.9631,263.6,-380.8,1.2752,461.5,38.7,0,0.0,0.0,0.0000,-6.64,-10.53,11.32,19.09
1.7440,1.7426,1.4,0,-409.5,-424.1,-1.0370,-406.1,-442.6,-1.0139,211.4,-339.8,0.9642,260.6,-369.6,2.0000,450.8,36.3,0,0.0,0.0,0.0000,-6.18,-10.36,11.22,14.13
1.7521,1.7509,1.3,0,-407.3,-425.6,-1.0239,-404.4,-445.4,-1.0063,215.1,-337.2,0.8824,262.5,-370.8,2.0000,453.2,31.3,0,0.0,0.0,0.0000,-7.32,-9.95,11.52,12.83
1.7597,1.7596,0.1,0,-404.4,-428.4,-1.0198,-402.5,-448.3,-0.9966,219.0,-334.5,1.5072,261.3,-368.0,1.1800,450.4,29.9,0,0.0,0.0,0.0000,-7.75,-9.75,11.06,17.25
1.7677,1.7596,8.2,0,-404.4,-428.4,-1.0198,-402.5,-448.3,-0.9966,219.0,-334.5,1.5072,269.8,-373.2,1.0531,459.2,34.4,0,0.0,0.0,0.0000,-7.96,-10.18,10.91,18.26
1.7763,1.7762,0.1,0,-399.1,-434.1,-0.9941,-398.8,-453.9,-0.9622,226.5,-329.8,1.5321,263.3,-361.1,0.9965,446.3,23.8,0,0.0,0.0,0.0000,-8.84,-10.22,11.20,18.36
1.7839,1.7762,7.7,0,-399.1,-434.1,-0.9941,-398.8,-453.9,-0.9622,226.5,-329.8,1.5321,271.5,-365.9,1.3805,454.8,28.1,0,0.0,0.0,0.0000,-8.24,-9.89,11.47,16.98
1.7912,1.7849,6.4,0,-396.9,-436.6,-0.9864,-396.8,-456.7,-0.9524,230.4,-327.6,0.8882,272.7,-363.2,2.0000,453.4,27.1,0,0.0,0.0,0.0000,-7.87,-10.22,11.28,17.60
1.7996,1.7936,6.1,0,-393.3,-438.7,-0.9807,-394.8,-459.5,-0.9443,233.9,-324.4,1.0419,271.3,-362.0,2.0000,451.8,23.9,0,0.0,0.0,0.0000,-8.10,-10.04,11.76,18.01
1.8082,1.8017,6.5,0,-391.3,-441.4,-0.9626,-392.9,-462.2,-0.9358,237.2,-321.6,1.0419,275.2,-358.8,1.1876,451.6,20.8,0,0.0,0.0,0.0000,-8.87,-10.07,12.56,18.15
1.8158,1.8099,5.9,0,-387.5,-443.9,-0.9611,-390.9,-464.8,-0.9273,240.4,-319.3,0.9390,272.0,-356.0,1.0535,447.6,19.2,0,0.0,0.0,0.0000,-9.03,-8.31,12.10,18.95
1.8244,1.8186,5.8,0,-385.6,-446.1,-0.9506,-388.8,-467.6,-0.9194,244.1,-316.6,1.0382,275.6,-354.7,1.1955,448.8,18.1,0,0.0,0.0,0.0000,-8.05,-5.79,11.86,18.53
1.8319,1.8275,4.4,0,-382.0,-449.5,-0.9425,-386.6,-470.4,-0.9061,248.9,-313.3,2.0952,273.4,-349.0,1.2267,443.0,16.1,0,0.0,0.0,0.0000,-8.75,-8.03,11.84,19.58
1.8399,1.8353,4.6,0,-379.1,-451.1,-0.9193,-384.6,-472.8,-0.8882,252.3,-310.7,2.2091,273.4,-348.7,1.0293,443.0,6.0,0,0.0,0.0,0.0000,-8.22,-9.25,11.35,18.59
1.8482,1.8443,3.8,0,-376.6,-453.3,-0.9139,-382.4,-475.6,-0.8735,255.3,-308.3,1.1116,275.6,-346.3,1.4195,442.5,6.7,0,0.0,0.0,0.0000,-7.97,-9.82,8.27,18.17
1.8558,1.8546,1.2,0,-372.6,-455.6,-0.8956,-379.7,-478.7,-0.8640,259.3,-304.6,0.9602,272.8,-342.9,2.0000,438.2,-1.4,0,0.0,0.0,0.0000,-8.03,-10.40,9.37,18.49
1.8635,1.8612,2.3,0,-371.0,-457.8,-0.8912,-378.0,-480.7,-0.8577,262.0,-301.9,0.8684,276.7,-340.3,2.0000,438.6,1.4,0,0.0,0.0,0.0000,-8.22,-10.18,11.03,18.12
1.8719,1.8692,2.7,0,-366.9,-460.7,-0.8811,-375.9,-483.2,-0.8498,265.3,-299.0,1.2468,273.4,-335.5,1.2123,432.8,-2.5,0,0.0,0.0,0.0000,-8.29,-9.53,11.72,18.12
1.8797,1.8782,1.6,0,-364.5,-463.3,-0.8754,-373.5,-485.8,-0.8335,268.9,-296.2,2.3027,275.5,-331.5,1.0764,431.0,-0.9,0,0.0,0.0,0.0000,-8.68,-9.56,11.70,17.87
1.8880,1.8875,0.5,0,-361.0,-465.0,-0.8532,-371.0,-488.6,-0.8134,272.7,-292.6,1.6625,274.7,-330.6,1.0308,429.7,-10.4,0,0.0,0.0,0.0000,-8.72,-9.47,13.27,18.12
1.8960,1.8948,1.2,0,-358.8,-467.4,-0.8506,-369.0,-490.7,-0.8044,275.7,-289.7,0.9620,277.5,-327.4,1.4141,429.2,-7.4,0,0.0,0.0,0.0000,-8.38,-9.72,13.39,18.86
1.9032,1.9031,0.1,0,-355.4,-470.1,-0.8337,-366.7,-493.1,-0.7968,278.8,-286.9,0.9883,275.4,-323.0,2.0000,424.2,-13.2,0,0.0,0.0,0.0000,-8.08,-9.17,12.36,18.77
1.9125,1.9124,0.1,0,-352.3,-472.2,-0.8124,-364.0,-495.7,-0.7871,282.2,-283.8,1.0411,277.3,-320.7,2.0000,423.6,-19.3,0,0.0,0.0,0.0000,-7.51,-9.34,12.75,19.11
1.9201,1.9200,0.1,0,-349.9,-474.1,-0.8131,-361.9,-497.9,-0.7792,284.9,-280.9,1.0400,279.4,-317.8,1.1908,422.9,-15.4,0,0.0,0.0,0.0000,-7.56,-8.07,12.54,18.23
1.9280,1.9200,7.9,0,-349.9,-474.1,-0.8131,-361.9,-497.9,-0.7792,284.9,-280.9,1.0400,288.6,-321.0,1.0640,431.5,-11.0,0,0.0,0.0,0.0000,-7.91,-8.64,13.34,17.79
1.9363,1.9287,7.6,0,-346.6,-476.6,-0.7992,-359.4,-500.3,-0.7713,288.0,-277.7,0.9364,288.2,-317.2,1.1901,428.3,-14.6,0,0.0,0.0,0.0000,-8.92,-9.00,13.26,18.84
1.9434,1.9368,6.6,0,-343.9,-478.8,-0.7848,-357.0,-502.6,-0.7612,291.5,-274.1,1.7171,288.5,-313.3,1.1922,425.5,-17.8,0,0.0,0.0,0.0000,-8.10,-8.02,13.66,18.43
1.9518,1.9452,6.6,0,-340.3,-481.5,-0.7734,-354.6,-504.8,-0.7431,294.9,-270.6,2.3261,288.0,-308.8,1.0456,421.8,-19.7,0,0.0,0.0,0.0000,-7.49,-8.46,13.97,17.37
1.9593,1.9539,5.4,0,-337.9,-482.9,-0.7589,-352.0,-507.2,-0.7265,297.4,-267.0,1.3382,289.9,-307.1,1.3197,421.6,-23.3,0,0.0,0.0,0.0000,-7.03,-7.90,13.90,17.64
1.9680,1.9625,5.4,0,-335.4,-485.3,-0.7412,-349.4,-509.5,-0.7176,300.2,-263.4,0.8685,292.9,-302.9,2.0000,420.6,-25.7,0,0.0,0.0,0.0000,-7.17,-7.21,14.71,17.70
1.9757,1.9705,5.2,0,-332.3,-487.2,-0.7198,-347.0,-511.5,-0.7102,303.3,-260.5,0.9174,293.2,-299.5,2.0000,417.9,-31.9,0,0.0,0.0,0.0000,-7.12,-7.70,14.73,17.61
1.9841,1.9793,4.8,0,-329.6,-489.6,-0.7189,-344.3,-513.8,-0.7020,306.5,-257.2,1.0852,295.7,-294.2,1.1514,416.3,-26.7,0,0.0,0.0,0.0000,-8.34,-7.96,14.26,17.93
1.9914,1.9913,0.1,0,-326.9,-491.9,-0.6991,-340.7,-516.9,-0.6810,310.2,-252.9,2.3378,296.2,-289.7,0.9588,413.1,-31.1,0,0.0,0.0,0.0000,-8.45,-7.02,14.06,18.18
1.9993,1.9981,1.2,0,-324.4,-493.3,-0.6815,-338.5,-518.6,-0.6659,312.6,-249.8,1.8959,297.7,-288.4,1.1127,412.9,-36.5,0,0.0,0.0,0.0000,-7.92,-6.55,14.21,17.29
2.0075,2.0044,3.1,0,-320.8,-496.0,-0.6833,-336.6,-520.2,-0.6568,315.1,-246.7,1.1083,297.0,-283.0,1.1606,409.0,-32.0,0,0.0,0.0,0.0000,-7.31,-6.45,14.08,16.76
2.0157,2.0131,2.6,0,-318.6,-498.3,-0.6594,-333.8,-522.3,-0.6487,317.8,-242.9,0.9033,300.6,-279.3,0.9237,408.7,-36.6,0,0.0,0.0,0.0000,-7.16,-6.82,14.09,16.77
2.0238,2.0214,2.4,0,-316.5,-500.3,-0.6560,-331.1,-524.3,-0.6403,320.0,-239.6,1.0419,304.3,-275.1,1.2793,408.9,-32.4,0,0.0,0.0,0.0000,-7.55,-6.42,14.50,17.00
2.0317,2.0214,10.3,0,-316.5,-500.3,-0.6560,-331.1,-524.3,-0.6403,320.0,-239.6,1.0419,314.2,-276.0,2.0000,417.3,-27.1,0,0.0,0.0,0.0000,-4.83,-6.14,14.68,16.94
2.0400,2.0386,1.4,0,-310.1,-504.4,-0.6197,-325.6,-528.3,-0.6232,325.5,-232.6,0.8774,305.1,-265.6,2.0000,402.6,-39.0,0,0.0,0.0,0.0000,-4.09,-5.83,14.39,15.99
2.0482,2.0469,1.3,0,-307.9,-506.1,-0.6051,-322.9,-530.3,-0.6141,328.2,-228.8,1.4324,308.6,-262.8,1.0207,403.3,-40.6,0,0.0,0.0,0.0000,-6.77,-6.17,14.72,15.17
2.0563,2.0550,1.2,0,-305.4,-508.4,-0.5902,-320.2,-532.1,-0.5981,330.8,-225.2,2.3324,311.1,-257.4,0.8892,401.7,-40.8,0,0.0,0.0,0.0000,-7.30,-6.20,14.85,15.20
2.0639,2.0550,8.8,0,-305.4,-508.4,-0.5902,-320.2,-532.1,-0.5981,330.8,-225.2,2.3324,320.5,-258.6,0.9119,410.2,-36.5,0,0.0,0.0,0.0000,-8.24,-5.99,14.38,15.40
2.0718,2.0648,7.0,0,-303.1,-510.2,-0.5793,-317.0,-534.3,-0.5781,333.9,-220.3,1.4652,323.3,-254.9,1.2444,410.1,-36.3,0,0.0,0.0,0.0000,-8.62,-5.72,14.57,14.46
2.0800,2.0720,7.9,0,-299.6,-512.2,-0.5740,-314.5,-535.9,-0.5698,336.3,-216.6,0.9097,323.1,-250.6,2.0000,407.4,-35.0,0,0.0,0.0,0.0000,-8.55,-5.00,14.72,14.72
2.0874,2.0804,7.0,0,-298.0,-514.0,-0.5639,-311.7,-537.7,-0.5621,338.2,-213.3,1.0416,327.7,-246.6,2.0000,408.8,-33.3,0,0.0,0.0,0.0000,-8.47,-2.58,14.70,14.61
2.0964,2.0938,2.6,0,-295.8,-516.7,-0.5506,-307.2,-540.5,-0.5482,341.7,-207.9,1.0419,332.5,-239.5,1.0560,408.7,-30.2,0,0.0,0.0,0.0000,-10.32,-4.96,15.23,14.43
2.1035,2.1001,3.4,0,-292.6,-517.9,-0.5433,-305.0,-541.8,-0.5420,343.5,-205.6,0.8777,331.7,-236.7,0.9064,406.3,-31.1,0,0.0,0.0,0.0000,-7.99,-5.97,14.64,13.09
2.1119,2.1063,5.6,0,-290.9,-520.1,-0.5238,-302.9,-543.1,-0.5364,345.3,-202.7,1.0191,336.8,-230.6,1.0192,407.0,-31.2,0,0.0,0.0,0.0000,-8.25,-4.73,14.52,10.41
2.1200,2.1161,3.9,0,-288.0,-523.3,-0.5195,-299.5,-545.0,-0.5215,348.0,-197.1,2.1564,338.3,-221.9,1.0696,403.8,-24.7,0,0.0,0.0,0.0000,-8.43,-4.07,14.58,10.82
2.1273,2.1229,4.3,0,-285.0,-524.7,-0.5132,-297.1,-546.4,-0.5058,349.8,-193.7,2.2379,338.5,-219.0,0.9388,402.4,-24.6,0,0.0,0.0,0.0000,-8.35,-4.01,14.15,12.06
2.1364,2.1325,3.8,0,-282.9,-526.4,-0.4992,-293.7,-548.2,-0.4900,352.1,-189.7,1.0970,343.7,-214.6,1.3120,404.5,-23.9,0,0.0,0.0,0.0000,-8.09,-3.97,14.45,13.06
2.1436,2.1400,3.6,0,-281.0,-528.4,-0.4861,-291.1,-549.6,-0.4830,353.9,-186.2,0.8792,347.6,-208.8,2.0000,404.9,-22.2,0,0.0,0.0,0.0000,-7.68,-4.33,14.10,13.18
2.1512,2.1482,3.0,0,-278.1,-531.2,-0.4793,-288.2,-551.1,-0.4753,355.8,-182.0,0.8754,348.5,-200.6,2.0000,401.8,-17.2,0,0.0,0.0,0.0000,-7.68,-3.90,13.54,13.59
2.1600,2.1564,3.6,0,-276.1,-532.5,-0.4748,-285.3,-552.6,-0.4675,357.8,-178.2,1.1711,353.3,-196.5,1.1155,404.1,-13.3,0,0.0,0.0,0.0000,-8.93,-4.27,14.06,12.47
2.1680,2.1666,1.4,0,-274.2,-534.4,-0.4541,-281.6,-554.4,-0.4492,360.3,-173.8,2.3194,357.4,-191.3,0.9347,405.1,-15.2,0,0.0,0.0,0.0000,-9.00,-4.06,14.54,12.45
2.1760,2.1736,2.3,0,-271.9,-537.2,-0.4446,-279.0,-555.6,-0.4334,362.0,-170.4,1.9560,359.8,-184.1,0.9303,404.0,-11.4,0,0.0,0.0,0.0000,-8.92,-4.25,14.21,11.92
2.1842,2.1818,2.4,0,-269.2,-539.0,-0.4368,-276.1,-557.0,-0.4220,364.1,-166.4,1.0126,362.3,-178.4,1.3188,403.7,-8.4,0,0.0,0.0,0.0000,-8.89,-4.19,13.19,11.52
2.1921,2.1907,1.4,0,-266.3,-541.4,-0.4363,-272.8,-558.4,-0.4139,365.8,-161.8,0.9673,364.0,-170.2,2.0000,401.8,-0.4,0,0.0,0.0,0.0000,-8.47,-3.74,13.42,11.80
2.1998,2.1997,0.1,0,-264.9,-542.9,-0.4317,-269.5,-559.9,-0.4045,367.6,-156.9,1.0420,369.5,-165.4,2.0000,404.8,4.4,0,0.0,0.0,0.0000,-9.89,-3.79,14.11,11.22
2.2074,2.2073,0.1,0,-262.2,-544.7,-0.4074,-266.7,-561.0,-0.3967,369.1,-153.6,1.0416,370.8,-159.5,1.1549,403.6,0.5,0,0.0,0.0,0.0000,-9.39,-4.48,13.70,11.96
2.2158,2.2157,0.1,0,-260.0,-546.5,-0.4023,-263.6,-562.3,-0.3889,370.8,-150.1,0.9014,375.0,-153.9,0.9503,405.3,5.2,0,0.0,0.0,0.0000,-9.30,-4.46,13.50,12.15
2.2240,2.2157,8.3,0,-260.0,-546.5,-0.4023,-263.6,-562.3,-0.3889,370.8,-150.1,0.9014,385.7,-153.8,1.1334,415.1,9.5,0,0.0,0.0,0.0000,-9.00,-4.23,13.75,12.25
2.2316,2.2242,7.4,0,-257.7,-548.1,-0.3897,-260.5,-563.6,-0.3789,372.8,-145.5,1.5998,388.1,-148.4,1.1456,415.4,10.2,0,0.0,0.0,0.0000,-8.74,-4.19,13.82,11.74
2.2403,2.2327,7.6,0,-255.7,-550.3,-0.3891,-257.3,-564.8,-0.3608,375.0,-141.0,2.3377,392.1,-140.7,1.0428,416.2,18.6,0,0.0,0.0,0.0000,-8.79,-4.02,13.42,11.63
2.2473,2.2415,5.9,0,-252.6,-552.6,-0.3767,-254.0,-566.0,-0.3438,376.2,-136.3,1.3857,391.8,-133.1,1.3261,413.3,20.4,0,0.0,0.0,0.0000,-9.22,-4.39,12.76,11.27
2.2552,2.2498,5.4,0,-250.1,-553.8,-0.3778,-250.8,-567.1,-0.3349,377.5,-132.0,0.8720,394.7,-128.6,2.0000,414.3,26.0,0,0.0,0.0,0.0000,-8.93,-4.46,12.27,11.49
2.2640,2.2580,6.0,0,-248.1,-555.7,-0.3600,-247.8,-568.2,-0.3273,378.4,-128.9,0.9367,399.9,-121.5,2.0000,417.0,27.2,0,0.0,0.0,0.0000,-9.46,-4.48,12.58,11.18
2.2723,2.2666,5.7,0,-245.3,-557.9,-0.3564,-244.5,-569.3,-0.3194,379.6,-124.9,1.0374,401.2,-113.2,1.2213,415.5,33.9,0,0.0,0.0,0.0000,-8.46,-4.89,10.28,11.40
2.2794,2.2749,4.5,0,-243.1,-559.5,-0.3669,-241.3,-570.3,-0.3073,381.4,-119.8,2.0263,403.5,-107.3,1.1640,415.1,44.6,0,0.0,0.0,0.0000,-9.02,-6.37,12.52,11.85
2.2879,2.2832,4.7,0,-241.3,-560.9,-0.3513,-238.1,-571.3,-0.2885,383.0,-115.2,2.2152,409.1,-101.6,1.1563,419.1,45.3,0,0.0,0.0,0.0000,-9.05,-6.50,12.90,11.71
2.2957,2.2919,3.8,0,-238.7,-563.2,-0.3373,-234.8,-572.3,-0.2740,384.2,-110.7,1.1473,411.0,-93.3,1.4701,418.8,48.0,0,0.0,0.0,0.0000,-8.43,-5.53,12.89,11.86
2.3034,2.3011,2.4,0,-236.6,-564.0,-0.3361,-231.3,-573.3,-0.2654,385.7,-106.2,0.9034,413.5,-90.3,2.0000,420.1,51.2,0,0.0,0.0,0.0000,-8.27,-4.96,12.43,12.91
2.3121,2.3085,3.6,0,-233.6,-565.5,-0.3284,-228.4,-574.0,-0.2579,387.1,-102.7,1.0412,415.4,-83.7,2.0000,420.2,54.7,0,0.0,0.0,0.0000,-8.95,-4.92,8.60,13.81
2.3196,2.3170,2.6,0,-230.5,-567.7,-0.3063,-225.1,-574.9,-0.2490,388.1,-98.5,1.0413,415.9,-74.2,1.3290,418.9,54.7,0,0.0,0.0,0.0000,-7.73,-5.30,9.55,12.87
2.3279,2.3255,2.4,0,-228.4,-568.6,-0.2983,-221.8,-575.7,-0.2408,388.4,-94.1,0.8685,419.9,-69.4,1.1354,421.8,57.1,0,0.0,0.0,0.0000,-9.75,-5.65,11.14,12.22
2.3363,2.3339,2.4,0,-225.3,-570.3,-0.2935,-218.6,-576.5,-0.2323,389.6,-89.7,1.3127,420.6,-62.5,1.3008,420.7,61.9,0,0.0,0.0,0.0000,-7.38,-5.47,12.51,12.10
2.3440,2.3425,1.5,0,-223.5,-571.8,-0.2760,-215.2,-577.2,-0.2161,391.3,-85.3,2.3160,424.6,-56.1,1.2958,423.8,61.8,0,0.0,0.0,0.0000,-7.04,-4.96,13.40,12.55
2.3516,2.3509,0.6,0,-221.9,-572.9,-0.2708,-211.9,-577.9,-0.1977,391.9,-80.6,1.7548,428.8,-51.0,1.1686,426.8,65.6,0,0.0,0.0,0.0000,-7.61,-4.17,13.47,14.19
2.3592,2.3591,0.1,0,-218.3,-573.6,-0.2535,-208.7,-578.6,-0.1873,392.4,-76.0,0.9445,427.7,-46.6,1.4234,425.7,62.1,0,0.0,0.0,0.0000,-7.50,-4.08,13.59,13.76
2.3681,2.3680,0.1,0,-215.9,-575.1,-0.2523,-205.2,-579.2,-0.1793,393.5,-71.4,1.0397,431.9,-39.0,2.0000,427.9,70.0,0,0.0,0.0,0.0000,-6.87,-4.57,12.78,13.43
2.3764,2.3763,0.1,0,-212.6,-577.8,-0.2346,-201.9,-579.8,-0.1717,394.7,-67.1,0.9198,431.9,-28.1,2.0000,426.6,73.1,0,0.0,0.0,0.0000,-6.71,-5.33,12.37,12.99
2.3838,2.3763,7.6,0,-212.6,-577.8,-0.2346,-201.9,-579.8,-0.1717,394.7,-67.1,0.9198,440.6,-25.2,1.3637,434.4,77.9,0,0.0,0.0,0.0000,-6.93,-6.22,12.67,13.69
2.3923,2.3853,7.0,0,-210.9,-578.4,-0.2229,-198.4,-580.4,-0.1605,394.8,-63.0,1.7889,445.4,-20.6,1.2197,438.9,78.3,0,0.0,0.0,0.0000,-7.37,-6.24,12.04,13.88
2.3997,2.3931,6.6,0,-208.5,-578.8,-0.2226,-195.3,-580.9,-0.1433,395.2,-59.3,2.3291,447.1,-17.7,1.4128,440.0,81.5,0,0.0,0.0,0.0000,-7.90,-5.83,12.93,14.27
2.4074,2.4007,6.6,0,-205.1,-579.3,-0.2157,-192.3,-581.3,-0.1281,396.3,-54.4,1.4688,446.2,-13.4,1.4222,438.7,82.4,0,0.0,0.0,0.0000,-7.70,-5.45,13.21,15.14
2.4153,2.4100,5.4,0,-202.4,-579.8,-0.2023,-188.6,-581.8,-0.1181,397.3,-49.0,0.8705,447.3,-8.6,1.2306,439.9,81.5,0,0.0,0.0,0.0000,-7.32,-5.61,12.89,16.50
2.4237,2.4187,5.1,0,-200.8,-580.8,-0.1840,-185.2,-582.2,-0.1098,397.5,-44.7,1.0417,452.7,-2.1,1.5202,445.4,80.8,0,0.0,0.0,0.0000,-7.30,-6.31,11.64,14.26
2.4312,2.4269,4.3,0,-196.6,-582.7,-0.1773,-181.9,-582.5,-0.1012,397.8,-40.5,1.0420,449.7,7.4,2.0000,441.4,86.6,0,0.0,0.0,0.0000,-6.17,-5.46,12.16,14.33
2.4402,2.4353,4.9,0,-194.4,-583.3,-0.1784,-178.5,-582.9,-0.0928,398.1,-36.3,0.8937,453.6,13.3,2.0000,444.1,93.6,0,0.0,0.0,0.0000,-7.05,-7.20,12.29,14.45
2.4481,2.4443,3.8,0,-190.7,-583.7,-0.1659,-174.9,-583.2,-0.0842,398.6,-31.5,1.1678,450.9,17.6,1.4045,441.8,91.8,0,0.0,0.0,0.0000,-6.44,-7.33,13.19,14.26
2.4553,2.4537,1.6,0,-188.3,-583.6,-0.1450,-171.2,-583.4,-0.0680,399.7,-26.2,2.2768,452.1,20.1,1.2079,444.5,85.3,0,0.0,0.0,0.0000,-6.99,-6.13,11.42,14.36
2.4642,2.4606,3.6,0,-185.2,-584.9,-0.1220,-168.4,-583.6,-0.0521,399.8,-22.4,2.0807,454.0,27.9,1.1731,447.2,82.9,0,0.0,0.0,0.0000,-6.06,-7.33,11.24,14.74
2.4718,2.4692,2.6,0,-182.4,-584.7,-0.1214,-165.0,-583.8,-0.0393,399.6,-17.5,1.0511,454.5,31.1,1.5499,447.4,85.9,0,0.0,0.0,0.0000,-6.35,-7.36,11.29,14.94
2.4796,2.4782,1.4,0,-179.3,-584.9,-0.1076,-161.4,-583.9,-0.0310,399.7,-13.1,0.9458,454.0,35.7,2.0000,447.5,84.2,0,0.0,0.0,0.0000,-6.37,-7.09,12.04,14.46
2.4872,2.4860,1.2,0,-176.4,-585.0,-0.1049,-158.3,-584.0,-0.0230,399.7,-9.8,1.0411,454.2,39.9,2.0000,447.5,87.2,0,0.0,0.0,0.0000,-6.63,-7.63,11.84,16.23
2.4964,2.4950,1.4,0,-172.8,-585.4,-0.1009,-154.7,-584.1,-0.0136,399.7,-4.9,1.0415,454.1,45.9,1.3898,447.2,91.4,0,0.0,0.0,0.0000,-6.93,-7.67,11.31,16.62
2.5034,2.5032,0.2,0,-170.2,-585.0,-0.0801,-151.4,-584.1,-0.0060,399.7,-0.4,0.8895,454.2,48.3,1.1827,448.9,84.5,0,0.0,0.0,0.0000,-6.89,-8.02,11.39,16.51
2.5117,2.5032,8.5,0,-170.2,-585.0,-0.0801,-151.4,-584.1,-0.0060,399.7,-0.4,0.8895,463.3,53.0,1.3765,457.6,89.9,0,0.0,0.0,0.0000,-6.68,-9.22,11.51,16.46
2.5196,2.5121,7.4,0,-166.3,-584.6,-0.0813,-147.8,-584.1,0.0043,400.1,4.9,1.5906,460.6,56.0,1.4460,454.5,93.3,0,0.0,0.0,0.0000,-6.79,-9.39,12.05,16.16
2.5278,2.5198,8.0,0,-163.3,-584.7,-0.0646,-144.8,-584.0,0.0203,400.6,9.6,2.3430,461.1,59.9,1.2758,456.3,89.5,0,0.0,0.0,0.0000,-6.51,-7.92,12.25,17.26
2.5361,2.5286,7.5,0,-160.9,-583.8,-0.0535,-141.2,-583.9,0.0384,399.6,13.9,1.4828,463.0,62.2,1.6382,459.0,86.8,0,0.0,0.0,0.0000,-6.81,-8.31,12.11,18.31
2.5444,2.5367,7.7,0,-156.7,-584.0,-0.0290,-138.0,-583.8,0.0474,399.0,18.0,0.8924,458.9,68.3,2.0000,456.7,81.6,0,0.0,0.0,0.0000,-6.64,-8.72,12.65,17.52
2.5515,2.5453,6.2,0,-153.5,-583.7,-0.0272,-134.6,-583.6,0.0554,399.2,22.3,0.9682,457.4,71.9,2.0000,455.3,84.3,0,0.0,0.0,0.0000,-5.53,-8.58,12.12,17.62
2.5592,2.5538,5.4,0,-150.1,-583.0,-0.0063,-131.2,-583.4,0.0631,399.2,26.7,0.9916,456.0,73.9,1.4255,455.5,76.7,0,0.0,0.0,0.0000,-6.75,-9.43,12.18,17.67
2.5674,2.5623,5.1,0,-146.9,-582.6,-0.0019,-127.8,-583.1,0.0747,398.8,31.4,1.9433,455.4,77.9,1.2379,455.3,78.8,0,0.0,0.0,0.0000,-7.05,-9.30,12.19,15.36
2.5763,2.5716,4.7,0,-143.5,-582.2,0.0062,-124.1,-582.8,0.0957,398.4,36.5,2.1855,455.4,82.7,1.2615,455.9,79.8,0,0.0,0.0,0.0000,-7.44,-9.24,12.28,14.88
2.5840,2.5793,4.7,0,-140.4,-580.6,0.0385,-121.0,-582.5,0.1086,398.2,40.7,1.2007,454.4,82.5,1.5240,457.2,65.0,0,0.0,0.0,0.0000,-7.56,-9.56,12.77,16.83
2.5920,2.5873,4.7,0,-136.2,-580.2,0.0394,-117.9,-582.2,0.1163,397.8,45.0,0.8698,449.9,85.5,2.0000,452.9,67.7,0,0.0,0.0,0.0000,-7.29,-9.84,12.54,18.73
2.5993,2.5962,3.1,0,-133.5,-579.2,0.0584,-114.3,-581.8,0.1251,397.0,50.0,1.0419,449.3,87.8,2.0000,453.7,61.4,0,0.0,0.0,0.0000,-6.27,-9.13,12.78,18.87
2.6080,2.6045,3.5,0,-129.3,-578.2,0.0535,-111.0,-581.3,0.1338,396.4,54.2,1.0419,446.3,92.4,1.4030,450.6,68.4,0,0.0,0.0,0.0000,-6.56,-9.59,12.59,18.62
2.6162,2.6126,3.5,0,-126.0,-577.8,0.0808,-107.8,-580.9,0.1417,395.9,57.5,0.8705,445.0,96.6,1.1621,451.3,60.4,0,0.0,0.0,0.0000,-6.68,-9.95,12.87,18.64
2.6239,2.6213,2.6,0,-123.0,-576.7,0.0906,-104.4,-580.4,0.1503,395.0,62.2,1.2588,443.7,97.9,1.2944,450.7,57.4,0,0.0,0.0,0.0000,-6.40,-11.15,12.59,18.87
2.6319,2.6298,2.1,0,-120.0,-574.9,0.1039,-101.0,-579.8,0.1657,393.8,67.6,2.2872,443.3,97.9,1.3078,451.1,51.4,0,0.0,0.0,0.0000,-7.24,-9.95,12.45,19.83
2.6394,2.6381,1.2,0,-115.9,-574.0,0.1168,-97.7,-579.2,0.1842,393.1,71.8,1.8830,439.2,100.7,1.1524,447.9,48.8,0,0.0,0.0,0.0000,-7.50,-9.26,11.81,19.07
2.6482,2.6467,1.4,0,-112.8,-572.5,0.1291,-94.4,-578.6,0.1956,392.5,75.9,0.9619,438.7,102.5,1.5142,448.3,45.2,0,0.0,0.0,0.0000,-7.58,-10.13,12.31,19.32
2.6553,2.6552,0.1,0,-108.7,-571.8,0.1476,-91.1,-577.9,0.2032,391.9,80.5,0.9911,433.5,105.4,2.0000,444.3,40.5,0,0.0,0.0,0.0000,-7.51,-11.07,12.52,19.20
2.6637,2.6636,0.1,0,-104.9,-570.8,0.1573,-87.7,-577.2,0.2110,391.4,85.3,0.9000,430.3,109.2,2.0000,442.1,40.5,0,0.0,0.0,0.0000,-6.92,-10.35,12.49,19.39
2.6723,2.6722,0.1,0,-102.0,-569.6,0.1780,-84.4,-576.5,0.2210,390.0,89.1,1.5915,429.8,113.3,1.2192,443.1,35.4,0,0.0,0.0,0.0000,-6.98,-10.08,12.85,20.27
2.6795,2.6722,7.4,0,-102.0,-569.6,0.1780,-84.4,-576.5,0.2210,390.0,89.1,1.5915,437.1,118.7,1.1218,451.2,39.5,0,0.0,0.0,0.0000,-7.43,-9.78,12.78,20.12
2.6873,2.6807,6.6,0,-98.4,-567.6,0.1876,-81.1,-575.7,0.2390,388.6,92.8,2.3381,434.3,117.5,1.1363,448.6,34.4,0,0.0,0.0,0.0000,-7.44,-10.14,13.48,18.87
2.6958,2.6892,6.6,0,-94.9,-566.4,0.1952,-77.8,-574.9,0.2558,387.7,98.5,1.4200,432.2,120.5,1.4808,447.3,34.5,0,0.0,0.0,0.0000,-7.21,-9.26,13.16,18.52
2.7036,2.6976,6.0,0,-90.5,-565.7,0.2074,-74.5,-574.0,0.2649,386.7,103.7,0.8755,426.0,125.3,2.0000,442.7,34.9,0,0.0,0.0,0.0000,-7.52,-9.18,13.84,18.76
2.7114,2.7066,4.8,0,-87.9,-563.9,0.2365,-71.1,-573.1,0.2734,385.2,107.4,1.0413,425.5,126.6,2.0000,443.3,23.4,0,0.0,0.0,0.0000,-7.94,-8.47,14.01,19.48
2.7198,2.7144,5.4,0,-83.7,-562.9,0.2377,-68.0,-572.2,0.2816,384.1,111.0,1.0411,421.1,130.3,1.2726,440.0,27.5,0,0.0,0.0,0.0000,-7.66,-5.71,13.17,19.37
2.7282,2.7225,5.7,0,-80.9,-561.1,0.2560,-64.9,-571.3,0.2898,383.4,115.2,0.9172,420.6,132.2,1.0620,440.3,21.4,0,0.0,0.0,0.0000,-7.24,-6.34,13.01,18.71
2.7354,2.7311,4.3,0,-76.8,-559.7,0.2590,-61.6,-570.3,0.2978,382.2,119.5,1.0745,415.4,134.1,1.2189,435.9,23.3,0,0.0,0.0,0.0000,-7.52,-9.49,14.00,19.36
2.7438,2.7393,4.5,0,-74.0,-557.9,0.2890,-58.5,-569.3,0.3102,380.5,123.4,2.0786,414.7,135.7,1.1670,436.2,11.9,0,0.0,0.0,0.0000,-7.70,-9.04,13.82,20.34
2.7518,2.7480,3.7,0,-70.4,-556.9,0.2992,-55.2,-568.2,0.3299,378.8,128.0,2.1471,411.2,139.2,1.0216,433.9,11.8,0,0.0,0.0,0.0000,-7.53,-8.85,13.71,19.37
2.7602,2.7564,3.8,0,-67.2,-555.5,0.3123,-52.0,-567.1,0.3432,377.0,133.4,1.1079,409.0,142.4,1.3830,433.0,9.8,0,0.0,0.0,0.0000,-6.98,-8.20,13.30,18.57
2.7677,2.7676,0.1,0,-63.9,-553.9,0.3349,-47.9,-565.6,0.3536,375.3,138.3,1.0143,405.2,144.6,2.0000,430.2,3.4,0,0.0,0.0,0.0000,-7.30,-8.76,13.75,18.65
2.7757,2.7735,2.3,0,-60.7,-551.9,0.3523,-45.6,-564.8,0.3591,374.6,140.4,0.8684,402.7,145.9,2.0000,428.3,-2.0,0,0.0,0.0,0.0000,-7.26,-9.53,14.23,18.42
2.7834,2.7816,1.8,0,-57.4,-551.5,0.3561,-42.6,-563.6,0.3674,372.9,144.6,1.2874,399.8,151.9,1.1604,427.7,2.9,0,0.0,0.0,0.0000,-6.92,-8.82,14.60,18.40
2.7913,2.7907,0.5,0,-54.9,-549.2,0.3713,-39.2,-562.3,0.3844,370.5,149.7,2.3235,399.3,152.1,0.9413,427.3,-3.2,0,0.0,0.0,0.0000,-7.25,-9.12,13.84,18.65
2.8000,2.7907,9.3,0,-54.9,-549.2,0.3713,-39.2,-562.3,0.3844,370.5,149.7,2.3235,407.3,160.0,1.1724,437.6,1.3,0,0.0,0.0,0.0000,-7.55,-7.44,14.45,18.23
2.8081,2.8016,6.5,0,-50.7,-548.3,0.3844,-35.2,-560.6,0.4064,368.5,155.0,1.3718,401.2,164.7,1.1578,433.7,2.2,0,0.0,0.0,0.0000,-7.67,-6.91,11.63,17.95
2.8158,2.8157,0.1,0,-44.9,-544.8,0.4180,-30.0,-558.4,0.4204,365.8,162.0,1.0222,389.7,161.4,0.8799,421.7,-10.7,0,0.0,0.0,0.0000,-7.58,-7.90,10.45,17.67
2.8233,2.8157,7.6,0,-44.9,-544.8,0.4180,-30.0,-558.4,0.4204,365.8,162.0,1.0222,395.8,168.6,1.2031,430.1,-6.6,0,0.0,0.0,0.0000,-7.06,-7.19,12.03,17.27
2.8318,2.8246,7.2,0,-41.4,-543.7,0.4227,-26.8,-556.9,0.4297,364.1,166.5,1.0420,392.2,173.8,2.0000,429.0,-2.4,0,0.0,0.0,0.0000,-7.91,-7.85,13.33,17.64
2.8401,2.8347,5.4,0,-37.9,-542.5,0.4408,-23.1,-555.2,0.4400,361.8,170.9,0.9119,388.4,178.3,2.0000,427.4,-4.5,0,0.0,0.0,0.0000,-7.05,-7.23,13.85,17.42
2.8482,2.8408,7.4,0,-35.5,-539.4,0.4513,-20.9,-554.2,0.4455,360.4,173.7,0.9434,388.1,176.5,1.0627,426.2,-10.5,0,0.0,0.0,0.0000,-7.34,-6.88,13.35,17.29
2.8557,2.8492,6.5,0,-32.2,-538.5,0.4637,-17.9,-552.7,0.4560,358.0,177.9,1.7742,384.0,180.8,0.9182,424.3,-10.0,0,0.0,0.0,0.0000,-6.43,-7.31,14.38,16.92
2.8639,2.8575,6.4,0,-29.5,-536.9,0.4760,-14.9,-551.2,0.4743,355.8,182.0,2.3147,381.9,184.5,0.9138,424.0,-11.0,0,0.0,0.0,0.0000,-3.03,-8.20,14.26,16.74
2.8722,2.8678,4.4,0,-26.6,-535.5,0.5005,-11.3,-549.3,0.4925,353.5,187.2,1.1564,379.6,188.5,1.2350,423.5,-16.8,0,0.0,0.0,0.0000,-5.47,-8.28,13.44,17.01
2.8802,2.8746,5.6,0,-24.0,-533.3,0.4940,-8.9,-548.0,0.4991,351.9,190.4,0.8683,377.9,190.2,2.0000,422.9,-11.7,0,0.0,0.0,0.0000,-7.87,-7.90,12.95,16.62
2.8883,2.8831,5.1,0,-20.8,-531.4,0.5096,-5.9,-546.4,0.5074,350.1,194.2,1.0413,374.1,192.7,2.0000,420.6,-14.3,0,0.0,0.0,0.0000,-8.08,-8.37,12.79,16.40
2.8959,2.8916,4.3,0,-18.1,-530.0,0.5153,-2.9,-544.7,0.5161,348.0,198.0,1.0412,371.1,196.5,1.0942,419.7,-11.9,0,0.0,0.0,0.0000,-7.15,-6.94,13.66,15.61
2.9041,2.9015,2.6,0,-15.2,-527.8,0.5383,0.5,-542.7,0.5259,344.6,202.4,0.8686,368.3,198.3,0.8647,417.8,-18.5,0,0.0,0.0,0.0000,-8.29,-7.18,13.69,16.77
2.9117,2.9015,10.1,0,-15.2,-527.8,0.5383,0.5,-542.7,0.5259,344.6,202.4,0.8686,373.8,205.9,1.0363,426.5,-14.8,0,0.0,0.0,0.0000,-8.89,-7.69,12.31,11.14
2.9194,2.9170,2.4,0,-8.5,-523.8,0.5515,5.8,-539.6,0.5470,340.5,210.1,2.2301,359.5,202.1,1.0460,412.1,-16.2,0,0.0,0.0,0.0000,-7.44,-7.32,13.03,13.62
2.9282,2.9255,2.7,0,-6.5,-521.2,0.5574,8.7,-537.7,0.5663,338.2,213.8,1.9740,359.7,203.5,0.9224,413.0,-17.6,0,0.0,0.0,0.0000,-8.49,-7.96,12.99,14.15
2.9354,2.9353,0.1,0,-3.1,-519.5,0.5755,12.0,-535.6,0.5795,335.7,217.6,0.9365,354.5,206.0,1.1920,409.5,-20.1,0,0.0,0.0,0.0000,-8.26,-7.87,14.15,16.12
2.9444,2.9443,0.1,0,-1.3,-518.1,0.5813,15.0,-533.7,0.5877,332.9,221.7,1.0228,354.2,212.2,2.0000,412.6,-17.1,0,0.0,0.0,0.0000,-7.20,-9.27,14.31,16.19
2.9520,2.9507,1.3,0,1.3,-516.0,0.6005,17.1,-532.2,0.5935,330.9,224.6,0.8788,351.4,213.8,2.0000,410.7,-22.1,0,0.0,0.0,0.0000,-7.99,-7.22,13.71,16.27
2.9595,2.9507,8.8,0,1.3,-516.0,0.6005,17.1,-532.2,0.5935,330.9,224.6,0.8788,356.3,221.4,1.1137,419.1,-18.7,0,0.0,0.0,0.0000,-8.38,-8.10,13.54,16.45
2.9677,2.9596,8.1,0,4.8,-514.0,0.5951,20.1,-530.2,0.6035,328.2,228.6,1.5125,351.2,224.2,0.9923,416.5,-11.2,0,0.0,0.0,0.0000,-7.81,-8.29,12.21,15.33
2.9760,2.9759,0.1,0,10.4,-509.5,0.6154,25.4,-526.4,0.6373,322.9,235.9,1.5790,339.5,220.3,0.9569,404.4,-16.1,0,0.0,0.0,0.0000,-7.54,-7.77,12.41,14.85
2.9841,2.9759,8.1,0,10.4,-509.5,0.6154,25.4,-526.4,0.6373,322.9,235.9,1.5790,344.5,229.1,1.3586,413.6,-11.9,0,0.0,0.0,0.0000,-7.70,-7.78,11.99,14.79
2.9925,2.9856,6.8,0,12.9,-507.0,0.6257,28.5,-524.1,0.6482,319.5,240.2,0.8741,342.5,230.6,2.0000,412.7,-13.6,0,0.0,0.0,0.0000,-7.50,-8.28,12.66,14.99
2.9999,2.9932,6.8,0,14.6,-505.1,0.6405,30.9,-522.3,0.6553,317.3,243.2,1.0417,341.3,233.3,2.0000,413.1,-16.8,0,0.0,0.0,0.0000,-8.72,-7.95,12.51,15.60
3.0075,3.0019,5.6,0,18.1,-503.4,0.6465,33.7,-520.2,0.6643,314.7,246.8,1.0420,334.6,236.8,1.1984,409.7,-12.6,0,0.0,0.0,0.0000,-8.74,-7.29,12.55,15.89
3.0164,3.0101,6.2,0,20.0,-500.6,0.6581,36.3,-518.1,0.6728,312.3,250.1,0.9296,333.7,238.8,0.9939,410.0,-15.2,0,0.0,0.0,0.0000,-8.45,-6.61,12.30,15.08
3.0239,3.0184,5.4,0,23.7,-498.6,0.6713,38.8,-516.0,0.6803,309.7,253.6,1.0250,326.8,241.9,1.1044,406.3,-13.9,0,0.0,0.0,0.0000,-9.39,-6.69,12.92,14.22
3.0320,3.0266,5.4,0,26.1,-497.0,0.6772,41.4,-513.9,0.6920,306.3,257.4,1.9883,323.9,245.8,1.1485,406.5,-11.4,0,0.0,0.0,0.0000,-7.25,-6.95,13.45,14.68
3.0399,3.0353,4.6,0,28.1,-494.7,0.7017,44.0,-511.7,0.7117,303.0,261.1,2.2079,322.3,247.0,0.9452,405.6,-19.4,0,0.0,0.0,0.0000,-8.10,-6.86,14.13,15.15
3.0474,3.0439,3.5,0,31.3,-493.1,0.6903,46.6,-509.4,0.7260,300.3,263.9,1.1472,316.6,250.7,1.3288,403.7,-8.3,0,0.0,0.0,0.0000,-8.14,-6.41,14.29,14.86
3.0561,3.0535,2.7,0,33.5,-491.1,0.7002,49.5,-506.9,0.7349,297.0,267.7,0.9155,313.7,255.7,2.0000,404.7,-6.6,0,0.0,0.0,0.0000,-9.80,-5.86,13.74,14.84
3.0632,3.0607,2.5,0,36.5,-489.5,0.7215,51.6,-504.9,0.7418,294.5,270.8,0.8707,308.2,259.4,2.0000,402.7,-8.8,0,0.0,0.0,0.0000,-8.64,-6.08,13.48,14.33
3.0715,3.0691,2.4,0,39.2,-487.4,0.7313,54.0,-502.6,0.7500,291.7,274.0,1.2330,303.7,262.9,1.1880,401.6,-7.1,0,0.0,0.0,0.0000,-7.60,-6.02,13.87,13.74
3.0803,3.0777,2.6,0,41.7,-484.6,0.7371,56.6,-500.2,0.7655,288.9,277.0,2.2814,300.6,264.6,1.0487,400.4,-6.2,0,0.0,0.0,0.0000,-7.50,-6.07,13.73,13.52
3.0879,3.0863,1.5,0,44.2,-483.3,0.7485,59.0,-497.9,0.7846,285.4,280.4,1.8526,296.8,268.7,1.0243,400.3,-5.2,0,0.0,0.0,0.0000,-7.78,-5.77,13.75,13.58
3.0954,3.0942,1.2,0,46.4,-481.5,0.7572,61.2,-495.6,0.7950,281.9,283.6,0.9927,293.6,272.2,1.3278,400.4,-3.8,0,0.0,0.0,0.0000,-8.14,-5.54,13.15,13.78
3.1038,3.0942,9.7,0,46.4,-481.5,0.7572,61.2,-495.6,0.7950,281.9,283.6,0.9927,297.3,282.8,2.0000,410.3,1.4,0,0.0,0.0,0.0000,-7.48,-5.43,13.42,14.15
3.1114,3.1113,0.1,0,51.7,-477.9,0.7839,66.0,-490.7,0.8116,275.4,290.8,1.0411,284.2,280.9,2.0000,399.6,-1.7,0,0.0,0.0,0.0000,-8.17,-4.89,13.41,13.75
3.1202,3.1179,2.3,0,53.8,-475.8,0.8021,67.8,-488.8,0.8185,272.9,292.7,1.0413,280.2,285.2,1.1256,399.8,-3.1,0,0.0,0.0,0.0000,-8.75,-5.27,13.32,13.72
3.1274,3.1179,9.5,0,53.8,-475.8,0.8021,67.8,-488.8,0.8185,272.9,292.7,1.0413,283.0,293.9,0.9886,408.0,0.9,0,0.0,0.0,0.0000,-7.26,-5.26,14.21,13.73
3.1360,3.1281,7.8,0,56.5,-474.1,0.8066,70.6,-485.8,0.8281,269.2,295.2,0.9166,279.3,299.5,1.1639,409.5,5.6,0,0.0,0.0,0.0000,-7.94,-4.96,14.59,13.29
3.1438,3.1369,6.8,0,58.8,-472.2,0.7993,73.0,-483.2,0.8389,265.4,299.0,1.7338,275.3,302.9,1.2583,409.1,13.8,0,0.0,0.0,0.0000,-8.68,-4.37,14.91,14.02
3.1521,3.1450,7.1,0,61.1,-471.1,0.8233,75.1,-480.8,0.8564,262.0,302.3,2.3311,271.0,308.7,1.0589,410.6,11.1,0,0.0,0.0,0.0000,-7.53,-4.53,14.08,13.49
3.1604,3.1538,6.6,0,64.1,-469.4,0.8355,77.4,-478.1,0.8733,258.3,305.5,1.3483,264.7,314.0,1.4484,410.4,14.3,0,0.0,0.0,0.0000,-7.67,-4.94,13.66,13.22
3.1677,3.1622,5.5,0,66.0,-467.7,0.8430,79.5,-475.5,0.8821,254.8,308.4,0.8695,261.0,318.6,2.0000,411.5,17.1,0,0.0,0.0,0.0000,-7.32,-4.48,13.53,13.47
3.1757,3.1705,5.3,0,68.0,-465.8,0.8640,81.6,-472.9,0.8898,251.9,310.5,0.9175,257.6,322.8,2.0000,412.7,13.7,0,0.0,0.0,0.0000,-7.71,-4.62,13.77,13.50
3.1840,3.1792,4.8,0,71.2,-464.3,0.8806,83.8,-470.2,0.8978,248.6,313.1,1.0781,250.3,327.8,1.1552,412.1,15.7,0,0.0,0.0,0.0000,-7.67,-4.59,13.75,13.46
3.1922,3.1875,4.7,0,73.0,-462.0,0.8926,85.9,-467.6,0.9105,245.2,316.4,2.0941,247.3,330.9,1.0203,412.8,15.0,0,0.0,0.0,0.0000,-7.65,-4.60,13.64,12.99
3.1994,3.1958,3.6,0,75.2,-459.6,0.8980,87.9,-465.0,0.9294,241.5,319.3,2.1695,242.5,332.5,1.1946,411.2,17.5,0,0.0,0.0,0.0000,-8.33,-4.56,12.83,12.48
3.2075,3.2044,3.1,0,78.2,-458.6,0.9011,89.9,-462.2,0.9432,236.7,321.9,1.1064,235.7,339.6,1.2223,412.5,26.0,0,0.0,0.0,0.0000,-7.57,-4.38,13.93,13.34
3.2156,3.2131,2.5,0,80.1,-457.2,0.9100,92.0,-459.4,0.9513,233.1,324.7,0.9056,232.2,345.1,1.0461,415.0,28.4,0,0.0,0.0,0.0000,-7.69,-4.29,13.94,13.60
3.2239,3.2203,3.6,0,82.7,-455.6,0.9347,93.6,-457.1,0.9585,230.8,327.3,1.0412,226.2,350.7,1.3241,416.5,26.4,0,0.0,0.0,0.0000,-7.30,-4.01,13.32,12.66
3.2322,3.2297,2.6,0,84.8,-453.2,0.9357,95.8,-454.0,0.9683,226.8,329.8,1.0413,220.7,354.0,2.0000,415.9,32.3,0,0.0,0.0,0.0000,-7.90,-3.81,12.97,13.44
3.2396,3.2382,1.4,0,87.3,-451.2,0.9438,97.7,-451.2,0.9764,222.9,331.4,0.8727,214.6,357.4,2.0000,415.3,35.9,0,0.0,0.0,0.0000,-7.99,-4.92,13.44,13.58
3.2478,3.2465,1.3,0,89.1,-449.6,0.9559,99.5,-448.4,0.9852,219.1,334.3,1.3808,211.4,362.7,1.2062,418.2,36.5,0,0.0,0.0,0.0000,-8.46,-5.16,13.69,12.93
3.2553,3.2552,0.1,0,91.2,-448.2,0.9635,101.4,-445.5,1.0022,215.1,337.9,2.3356,206.4,367.9,1.0403,419.9,40.4,0,0.0,0.0,0.0000,-8.80,-4.96,13.22,12.91
3.2643,3.2642,0.1,0,93.5,-445.5,0.9831,103.3,-442.4,1.0210,211.1,339.9,1.5412,200.7,371.1,1.0196,420.1,38.7,0,0.0,0.0,0.0000,-8.18,-4.44,12.16,13.13
3.2717,3.2716,0.1,0,95.2,-443.7,0.9961,104.9,-439.9,1.0297,207.8,341.6,0.9253,196.9,374.8,1.3347,421.6,38.4,0,0.0,0.0,0.0000,-7.68,-4.54,13.49,13.07
3.2802,3.2716,8.5,0,95.2,-443.7,0.9961,104.9,-439.9,1.0297,207.8,341.6,0.9253,198.8,385.2,2.0000,431.3,42.5,0,0.0,0.0,0.0000,-6.87,-4.96,12.21,13.34
3.2877,3.2807,7.0,0,97.8,-441.8,0.9949,106.8,-436.8,1.0381,203.7,344.3,1.0415,191.5,388.9,2.0000,430.5,51.1,0,0.0,0.0,0.0000,-7.44,-4.87,9.32,13.85
3.2957,3.2888,6.9,0,99.5,-439.5,1.0134,108.4,-434.0,1.0465,200.1,346.6,1.0411,186.1,391.5,1.2487,430.7,49.1,0,0.0,0.0,0.0000,-7.71,-4.69,11.52,14.84
3.3041,3.2974,6.7,0,101.6,-437.9,1.0272,110.1,-431.0,1.0555,196.3,348.5,0.9601,180.5,397.4,1.0413,433.5,51.1,0,0.0,0.0,0.0000,-8.77,-4.69,12.46,14.73
3.3122,3.3055,6.7,0,103.8,-435.4,1.0384,111.7,-428.2,1.0628,192.6,350.5,0.9748,175.3,400.9,1.1724,434.4,52.4,0,0.0,0.0,0.0000,-7.77,-5.48,12.58,12.92
3.3195,3.3141,5.4,0,105.9,-433.1,1.0433,113.3,-425.1,1.0744,187.8,353.0,1.9168,169.8,403.2,1.2139,433.8,56.3,0,0.0,0.0,0.0000,-7.34,-5.78,12.40,11.65
3.3273,3.3229,4.4,0,107.6,-430.5,1.0559,115.0,-422.0,1.0941,183.3,355.4,2.2417,165.1,404.7,1.0631,433.5,55.6,0,0.0,0.0,0.0000,-7.84,-7.29,12.91,13.28
3.3361,3.3229,13.2,0,107.6,-430.5,1.0559,115.0,-422.0,1.0941,183.3,355.4,2.2417,165.4,415.8,1.4700,443.3,60.9,0,0.0,0.0,0.0000,-8.27,-6.99,13.39,14.03
3.3443,3.3395,4.8,0,110.4,-426.6,1.0706,117.9,-416.1,1.1165,176.0,359.3,0.8727,157.1,414.8,2.0000,439.3,61.0,0,0.0,0.0,0.0000,-8.47,-5.98,12.92,14.16
3.3514,3.3479,3.4,0,112.6,-423.5,1.0828,119.4,-413.0,1.1244,171.7,361.4,0.8794,150.5,414.3,2.0000,436.5,61.3,0,0.0,0.0,0.0000,-8.39,-5.28,12.44,13.91
3.3592,3.3569,2.4,0,114.5,-421.2,1.0816,120.9,-409.8,1.1331,167.6,363.4,1.2138,144.4,416.9,1.3386,435.8,68.4,0,0.0,0.0,0.0000,-7.46,-6.86,11.50,13.68
3.3678,3.3650,2.9,0,116.6,-418.5,1.0985,122.3,-406.9,1.1471,164.4,364.9,2.2321,138.2,419.8,1.1168,436.7,67.9,0,0.0,0.0,0.0000,-7.63,-7.43,11.31,10.90
3.3758,3.3734,2.4,0,118.6,-416.6,1.1084,123.6,-403.8,1.1660,159.9,366.6,1.9934,132.3,424.1,1.1179,438.6,70.8,0,0.0,0.0,0.0000,-7.60,-7.19,12.12,10.51
3.3841,3.3816,2.5,0,119.5,-413.5,1.1147,124.9,-400.8,1.1778,154.7,368.1,1.0241,129.2,425.2,1.4984,438.7,71.3,0,0.0,0.0,0.0000,-7.52,-8.30,12.41,12.31
3.3918,3.3904,1.4,0,120.1,-410.9,1.1243,126.3,-397.5,1.1858,150.7,370.1,0.9530,127.0,426.6,2.0000,439.6,69.7,0,0.0,0.0,0.0000,-8.95,-8.12,12.45,13.63
3.4003,3.3989,1.4,0,121.5,-408.5,1.1411,127.5,-394.4,1.1946,147.1,372.5,1.0419,121.9,430.1,2.0000,441.8,68.4,0,0.0,0.0,0.0000,-8.84,-7.33,12.46,14.59
3.4080,3.4067,1.2,0,122.7,-405.4,1.1397,128.7,-391.4,1.2027,143.3,373.7,1.0419,117.2,430.9,1.3236,440.5,73.5,0,0.0,0.0,0.0000,-9.05,-6.74,11.82,15.27
3.4153,3.4067,8.6,0,122.7,-405.4,1.1397,128.7,-391.4,1.2027,143.3,373.7,1.0419,116.6,440.2,1.1697,448.6,78.0,0,0.0,0.0,0.0000,-7.54,-6.89,11.83,14.45
3.4235,3.4157,7.8,0,124.4,-402.6,1.1603,129.9,-388.1,1.2110,139.1,375.0,0.9012,111.2,441.7,1.2806,449.4,74.3,0,0.0,0.0,0.0000,-7.38,-7.41,11.39,14.25
3.4318,3.4244,7.4,0,125.8,-399.2,1.1541,131.1,-384.8,1.2213,134.5,376.8,1.6317,106.1,441.8,1.3727,446.9,81.8,0,0.0,0.0,0.0000,-7.07,-7.67,11.49,14.72
3.4400,3.4324,7.6,0,126.9,-396.3,1.1733,132.2,-381.8,1.2384,130.2,378.4,2.3411,102.6,443.8,1.1916,448.9,77.3,0,0.0,0.0,0.0000,-6.94,-7.63,11.82,14.93
3.4482,3.4408,7.4,0,127.7,-394.0,1.1799,133.3,-378.6,1.2552,125.9,379.7,1.4653,98.6,447.0,1.5792,450.9,79.2,0,0.0,0.0,0.0000,-7.08,-7.26,11.99,15.71
3.4561,3.4497,6.4,0,128.2,-390.8,1.2026,134.4,-375.2,1.2649,121.2,381.1,0.8736,94.5,447.5,2.0000,451.5,72.9,0,0.0,0.0,0.0000,-7.18,-7.39,12.53,16.15
3.4641,3.4579,6.2,0,128.8,-387.4,1.2043,135.3,-372.1,1.2725,117.4,382.5,0.9420,91.5,446.9,2.0000,450.0,74.8,0,0.0,0.0,0.0000,-8.39,-8.00,11.66,15.85
3.4724,3.4666,5.8,0,130.3,-383.7,1.2242,136.3,-368.7,1.2805,113.2,383.8,1.0392,85.7,445.6,1.2937,448.2,70.8,0,0.0,0.0,0.0000,-7.20,-8.85,11.25,16.98
3.4797,3.4750,4.6,0,131.1,-381.5,1.2200,137.3,-365.5,1.2929,108.8,384.7,2.0444,81.8,447.9,1.2261,448.8,77.1,0,0.0,0.0,0.0000,-6.78,-9.33,11.79,17.28
3.4872,3.4838,3.4,0,132.2,-377.5,1.2387,138.2,-362.1,1.3128,104.1,385.9,2.1628,76.9,446.0,1.1988,446.7,72.7,0,0.0,0.0,0.0000,-7.53,-8.46,10.88,17.27
3.4961,3.4918,4.3,0,132.1,-373.8,1.2474,139.0,-359.0,1.3258,99.4,387.3,1.1560,75.6,446.0,1.5698,446.9,70.1,0,0.0,0.0,0.0000,-5.54,-8.59,11.60,17.20
3.5032,3.5004,2.8,0,132.9,-370.2,1.2674,139.9,-355.7,1.3340,94.9,388.5,0.8870,72.1,444.0,2.0000,445.2,63.9,0,0.0,0.0,0.0000,-5.97,-9.06,11.56,17.94
3.5121,3.5083,3.8,0,133.2,-367.5,1.2727,140.6,-352.6,1.3418,91.3,389.3,1.0420,68.5,446.8,2.0000,447.2,65.7,0,0.0,0.0,0.0000,-6.69,-9.12,12.23,17.87
3.5197,3.5171,2.6,0,133.4,-363.9,1.2917,141.4,-349.2,1.3510,87.1,390.4,1.0418,64.4,445.0,1.3359,445.5,60.7,0,0.0,0.0,0.0000,-7.77,-9.33,12.67,18.01
3.5282,3.5259,2.3,0,133.5,-360.6,1.2971,142.1,-345.8,1.3595,83.2,391.5,0.8695,61.9,445.6,1.1636,445.7,60.9,0,0.0,0.0,0.0000,-7.80,-9.37,12.16,18.33
3.5354,3.5259,9.6,0,133.5,-360.6,1.2971,142.1,-345.8,1.3595,83.2,391.5,0.8695,60.7,454.5,1.3324,454.0,64.5,0,0.0,0.0,0.0000,-7.42,-8.91,11.98,18.54
3.5441,3.5425,1.6,0,133.4,-353.1,1.3248,143.4,-339.2,1.3839,73.0,393.6,2.3160,58.5,442.6,1.2923,443.5,51.1,0,0.0,0.0,0.0000,-6.39,-9.58,12.56,18.23
3.5514,3.5507,0.7,0,133.7,-349.4,1.3272,144.0,-336.0,1.4019,68.8,394.0,1.7937,54.7,440.3,1.1774,440.5,53.1,0,0.0,0.0,0.0000,-5.69,-9.64,13.20,19.50
3.5603,3.5591,1.2,0,133.9,-345.3,1.3603,144.6,-332.7,1.4126,64.7,394.0,0.9471,51.2,438.6,1.4703,439.7,41.5,0,0.0,0.0,0.0000,-5.27,-9.38,12.78,18.95
3.5679,3.5591,8.9,0,133.9,-345.3,1.3603,144.6,-332.7,1.4126,64.7,394.0,0.9471,49.0,447.5,2.0000,447.9,45.6,0,0.0,0.0,0.0000,-6.19,-8.78,13.18,17.82
3.5755,3.5700,5.5,0,134.4,-341.9,1.3768,145.3,-328.4,1.4227,58.9,395.5,0.9355,44.8,446.5,2.0000,446.8,42.1,0,0.0,0.0,0.0000,-6.73,-9.37,13.26,18.95
3.5835,3.5760,7.5,0,133.7,-337.9,1.3922,145.6,-326.0,1.4280,55.8,396.3,0.9117,43.8,444.7,1.2767,445.4,35.9,0,0.0,0.0,0.0000,-7.11,-9.22,13.49,19.12
3.5915,3.5843,7.2,0,134.1,-334.6,1.4042,146.0,-322.7,1.4379,52.0,396.9,1.6199,39.2,444.4,1.0835,444.8,35.0,0,0.0,0.0,0.0000,-7.14,-9.81,12.68,19.70
3.5997,3.5931,6.6,0,133.7,-330.5,1.4069,146.5,-319.3,1.4565,48.0,397.7,2.3296,37.0,442.0,1.2945,442.1,35.6,0,0.0,0.0,0.0000,-7.27,-9.52,12.91,19.62
3.6074,3.6039,3.5,0,133.6,-327.2,1.4209,147.0,-314.9,1.4759,40.4,397.9,1.1475,34.4,440.8,1.2759,441.0,31.8,0,0.0,0.0,0.0000,-6.97,-8.71,13.10,20.16
3.6162,3.6106,5.7,0,133.2,-323.6,1.4318,147.2,-312.3,1.4823,36.6,398.2,0.8684,32.9,440.3,1.0919,440.6,28.4,0,0.0,0.0,0.0000,-5.99,-5.19,12.46,21.16
3.6237,3.6184,5.3,0,133.2,-318.9,1.4439,147.5,-309.2,1.4898,33.5,398.5,1.0413,29.5,434.9,1.4009,435.2,25.8,0,0.0,0.0,0.0000,-7.38,-6.68,13.05,20.43
3.6312,3.6300,1.2,0,132.7,-315.9,1.4525,147.8,-304.6,1.5019,27.5,399.0,1.0414,26.1,435.2,2.0000,435.2,25.5,0,0.0,0.0,0.0000,-6.63,-8.18,12.56,19.52
3.6395,3.6372,2.3,0,132.0,-311.8,1.4696,148.0,-301.7,1.5089,23.2,399.4,0.8684,24.4,432.5,2.0000,432.8,19.4,0,0.0,0.0,0.0000,-7.10,-9.45,13.52,21.37
3.6474,3.6436,3.7,0,131.6,-307.9,1.4885,148.2,-299.1,1.5150,19.9,399.5,1.1117,22.2,430.0,1.2367,430.3,13.2,0,0.0,0.0,0.0000,-7.49,-9.43,13.64,19.48
3.6559,3.6525,3.4,0,131.4,-304.1,1.4963,148.3,-295.6,1.5293,15.6,399.4,2.1915,19.2,428.6,1.0625,428.8,12.8,0,0.0,0.0,0.0000,-7.17,-10.88,13.70,19.37
3.6640,3.6603,3.7,0,131.0,-301.1,1.5016,148.4,-292.4,1.5471,11.4,399.5,2.1184,17.2,428.9,1.0781,429.1,12.5,0,0.0,0.0,0.0000,-7.47,-10.55,13.80,19.48
3.6721,3.6707,1.4,0,130.4,-296.7,1.5286,148.5,-288.3,1.5622,5.6,400.1,0.9642,14.7,425.1,1.3784,425.3,3.3,0,0.0,0.0,0.0000,-8.14,-9.74,13.90,20.15
3.6800,3.6776,2.3,0,129.2,-292.9,1.5309,148.5,-285.5,1.5684,1.8,400.2,0.9219,13.5,422.1,2.0000,422.3,3.3,0,0.0,0.0,0.0000,-7.27,-10.75,13.72,19.24
3.6875,3.6861,1.4,0,128.9,-288.9,1.5498,148.5,-282.1,1.5771,-3.1,400.2,1.0411,10.1,419.0,2.0000,419.1,-1.3,0,0.0,0.0,0.0000,-4.30,-8.60,13.61,18.45
3.6959,3.6944,1.4,0,129.0,-284.8,1.5606,148.5,-278.8,1.5858,-7.0,399.9,1.0414,4.9,416.6,1.1785,416.7,-0.6,0,0.0,0.0,0.0000,-4.33,-8.35,13.34,18.82
3.7034,3.6944,9.0,0,129.0,-284.8,1.5606,148.5,-278.8,1.5858,-7.0,399.9,1.0414,0.8,425.0,1.0207,425.0,3.6,0,0.0,0.0,0.0000,-6.71,-9.58,13.08,18.54
3.7114,3.7113,0.1,0,127.1,-277.7,1.5867,148.3,-272.1,1.6029,-15.8,399.5,1.4698,2.4,412.0,1.1077,411.9,-8.9,0,0.0,0.0,0.0000,-7.64,-9.12,12.80,19.37
3.7198,3.7196,0.1,0,126.4,-274.7,1.5941,148.2,-268.7,1.6199,-21.5,399.6,2.3419,-0.2,412.3,1.1459,412.2,-9.4,0,0.0,0.0,0.0000,-7.80,-9.22,13.78,17.70
3.7274,3.7196,7.7,0,126.4,-274.7,1.5941,148.2,-268.7,1.6199,-21.5,399.6,2.3419,-4.5,420.9,1.0428,420.9,-5.4,0,0.0,0.0,0.0000,-8.26,-9.42,12.88,14.37
3.7358,3.7323,3.5,0,126.5,-270.1,1.5962,147.8,-263.6,1.6431,-27.8,399.0,1.1133,-9.9,416.7,1.4124,416.8,-0.7,0,0.0,0.0,0.0000,-8.43,-10.64,13.04,16.03
3.7442,3.7376,6.6,0,126.5,-266.6,1.6226,147.7,-261.5,1.6482,-30.4,398.8,0.8749,-15.3,415.6,2.0000,415.8,-6.2,0,0.0,0.0,0.0000,-9.09,-8.75,13.49,17.32
3.7521,3.7453,6.8,0,125.9,-262.4,1.6240,147.4,-258.5,1.6554,-33.7,398.7,0.9660,-18.7,411.4,2.0000,411.8,-3.2,0,0.0,0.0,0.0000,-9.39,-8.53,13.51,17.86
3.7596,3.7534,6.3,0,125.1,-259.6,1.6394,147.2,-255.3,1.6626,-37.5,398.4,0.9662,-21.2,410.6,1.2131,411.1,-7.0,0,0.0,0.0,0.0000,-8.13,-9.17,13.44,17.28
3.7681,3.7618,6.3,0,124.1,-255.1,1.6603,146.8,-251.9,1.6739,-42.8,397.5,1.8793,-23.8,406.3,1.0147,406.8,-12.6,0,0.0,0.0,0.0000,-8.34,-8.50,14.69,17.03
3.7754,3.7719,3.5,0,123.6,-252.4,1.6610,146.4,-247.9,1.6963,-48.5,396.8,2.1554,-26.9,406.6,1.0413,407.3,-9.8,0,0.0,0.0,0.0000,-8.72,-8.89,13.01,16.45
3.7837,3.7791,4.6,0,123.7,-248.4,1.6831,146.0,-245.0,1.7084,-52.5,396.8,1.2135,-32.6,403.5,1.3192,404.6,-12.8,0,0.0,0.0,0.0000,-8.02,-8.70,9.91,17.16
3.7921,3.7873,4.8,0,123.0,-243.9,1.6981,145.5,-241.8,1.7163,-56.8,396.3,0.8700,-36.0,398.7,2.0000,400.0,-14.9,0,0.0,0.0,0.0000,-8.14,-8.30,9.83,17.01
3.8000,3.7955,4.5,0,122.0,-240.7,1.6820,145.1,-238.5,1.7243,-60.8,395.1,1.0418,-38.9,397.2,2.0000,399.1,-5.4,0,0.0,0.0,0.0000,-8.26,-8.07,12.22,16.57
3.8080,3.8045,3.5,0,122.3,-237.2,1.7138,144.5,-235.0,1.7337,-65.3,394.2,1.0420,-46.3,394.8,1.1597,397.3,-10.4,0,0.0,0.0,0.0000,-7.64,-8.58,12.87,16.20
3.8160,3.8124,3.5,0,121.4,-233.9,1.7149,144.0,-231.9,1.7415,-69.2,393.7,0.8733,-49.2,393.2,1.0196,396.2,-7.8,0,0.0,0.0,0.0000,-8.14,-7.60,13.74,16.15
3.8236,3.8210,2.6,0,121.4,-230.5,1.7442,143.3,-228.5,1.7499,-73.8,393.1,1.2310,-54.1,390.6,1.0792,394.1,-14.1,0,0.0,0.0,0.0000,-8.68,-7.27,13.01,15.97
3.8320,3.8295,2.5,0,120.4,-227.7,1.7404,142.7,-225.2,1.7648,-78.4,392.6,2.2649,-57.0,390.9,1.1630,394.9,-9.8,0,0.0,0.0,0.0000,-8.32,-7.02,14.56,16.69
3.8393,3.8381,1.2,0,120.1,-224.2,1.7645,142.0,-221.8,1.7840,-83.1,391.4,1.8954,-61.7,388.1,0.9610,392.7,-14.2,0,0.0,0.0,0.0000,-8.60,-6.25,13.61,16.12
3.8476,3.8474,0.1,0,120.1,-220.6,1.7830,141.2,-218.1,1.7962,-88.2,389.6,0.9319,-68.1,385.5,1.2390,391.2,-14.6,0,0.0,0.0,0.0000,-8.39,-6.23,13.96,15.66
3.8562,3.8549,1.2,0,119.8,-216.7,1.7903,140.5,-215.2,1.8030,-91.9,389.1,0.9790,-74.2,381.9,2.0000,388.9,-10.7,0,0.0,0.0,0.0000,-7.91,-5.71,14.36,14.88
3.8633,3.8632,0.1,0,119.7,-213.9,1.8087,139.8,-212.0,1.8106,-96.1,388.8,0.8884,-79.7,380.5,2.0000,388.6,-12.2,0,0.0,0.0,0.0000,-7.69,-5.44,13.98,14.96
3.8719,3.8718,0.1,0,119.5,-209.9,1.8133,138.9,-208.7,1.8204,-100.3,387.3,1.5378,-85.7,377.0,1.0981,386.5,-7.4,0,0.0,0.0,0.0000,-7.49,-5.87,14.14,14.50
3.8794,3.8718,7.6,0,119.5,-209.9,1.8133,138.9,-208.7,1.8204,-100.3,387.3,1.5378,-91.6,384.2,0.9758,394.9,-3.3,0,0.0,0.0,0.0000,-7.41,-5.41,14.66,14.08
3.8879,3.8802,7.8,0,119.1,-207.3,1.8264,138.1,-205.4,1.8377,-104.4,386.1,2.3432,-97.5,384.7,0.9795,396.8,-2.9,0,0.0,0.0,0.0000,-8.32,-4.67,14.44,13.79
3.8955,3.8888,6.7,0,118.6,-203.1,1.8342,137.1,-202.1,1.8553,-109.6,384.7,1.4566,-102.2,379.3,1.2968,392.8,-0.0,0,0.0,0.0,0.0000,-8.09,-4.36,14.20,14.08
3.9039,3.8970,6.9,0,118.4,-201.0,1.8489,136.2,-199.0,1.8643,-114.4,383.4,0.8861,-108.0,381.2,2.0000,396.2,-0.8,0,0.0,0.0,0.0000,-9.17,-4.23,14.19,14.10
3.9122,3.9059,6.3,0,117.8,-197.1,1.8537,135.2,-195.6,1.8726,-118.1,382.1,1.0419,-113.4,377.2,2.0000,393.9,3.6,0,0.0,0.0,0.0000,-7.23,-4.11,14.67,13.99
3.9197,3.9142,5.5,0,117.6,-194.8,1.8627,134.2,-192.4,1.8813,-122.0,380.8,1.0419,-120.0,377.0,1.1863,395.6,6.4,0,0.0,0.0,0.0000,-7.70,-4.10,14.29,13.62
3.9276,3.9224,5.3,0,117.7,-191.8,1.8868,133.2,-189.3,1.8897,-126.1,379.6,0.9214,-127.2,375.1,0.9219,396.0,4.3,0,0.0,0.0,0.0000,-7.70,-3.80,14.44,13.63
3.9357,3.9311,4.6,0,117.3,-188.6,1.8943,132.0,-186.0,1.8977,-130.5,378.2,1.0706,-132.4,372.3,1.0783,395.1,7.2,0,0.0,0.0,0.0000,-8.26,-4.52,14.14,13.30
3.9439,3.9394,4.6,0,116.9,-186.5,1.9200,131.0,-182.8,1.9102,-135.1,376.5,2.0812,-138.5,373.4,1.0434,398.3,2.4,0,0.0,0.0,0.0000,-7.73,-3.90,12.99,13.02
3.9519,3.9478,4.1,0,116.2,-182.9,1.9186,129.8,-179.7,1.9295,-139.5,374.9,2.1650,-143.8,370.3,0.9438,397.2,9.0,0,0.0,0.0,0.0000,-7.54,-3.34,13.24,13.08
3.9595,3.9564,3.1,0,115.8,-180.5,1.9410,128.6,-176.5,1.9431,-143.7,373.2,1.1086,-149.6,369.9,1.2024,399.0,5.6,0,0.0,0.0,0.0000,-7.55,-3.92,13.78,12.93
3.9679,3.9655,2.3,0,115.5,-177.1,1.9451,127.2,-173.1,1.9516,-148.2,371.5,0.9183,-155.9,366.5,2.0000,398.1,11.0,0,0.0,0.0,0.0000,-6.99,-5.10,13.04,13.08
3.9756,3.9731,2.5,0,115.3,-174.4,1.9563,126.1,-170.2,1.9588,-152.1,370.0,0.8686,-162.5,365.0,2.0000,399.3,13.3,0,0.0,0.0,0.0000,-6.80,-4.17,14.12,13.35
3.9843,3.9818,2.6,0,114.7,-171.6,1.9690,124.8,-167.1,1.9675,-156.1,368.4,1.3012,-169.3,364.1,1.0503,401.3,14.9,0,0.0,0.0,0.0000,-8.17,-3.26,13.41,12.72
3.9913,3.9900,1.2,0,114.3,-168.1,1.9766,123.5,-164.0,1.9828,-159.6,366.9,2.2959,-174.3,359.3,0.9201,398.9,18.4,0,0.0,0.0,0.0000,-6.94,-3.73,13.56,12.21
3.9998,3.9985,1.3,0,114.2,-166.0,1.9785,122.1,-160.9,2.0014,-164.0,365.0,1.8325,-181.2,360.1,1.1417,402.5,23.6,0,0.0,0.0,0.0000,-7.24,-4.17,13.49,12.11
4.0084,4.0069,1.4,0,114.0,-162.8,1.9980,120.7,-157.9,2.0124,-168.8,363.0,0.9542,-189.1,357.6,1.1041,403.8,23.9,0,0.0,0.0,0.0000,-7.02,-4.17,13.80,12.50
4.0155,4.0154,0.1,0,113.0,-161.1,2.0091,119.3,-154.8,2.0200,-172.6,360.8,1.0023,-193.4,358.3,0.9173,406.5,23.0,0,0.0,0.0,0.0000,-7.06,-4.29,13.50,11.84
4.0241,4.0240,0.1,0,112.1,-157.7,2.0211,117.7,-151.7,2.0291,-176.3,358.3,1.0411,-199.5,354.9,1.2728,406.3,25.1,0,0.0,0.0,0.0000,-7.37,-3.92,13.34,12.76
4.0319,4.0240,7.8,0,112.1,-157.7,2.0211,117.7,-151.7,2.0291,-176.3,358.3,1.0411,-207.0,360.8,2.0000,414.9,29.3,0,0.0,0.0,0.0000,-7.11,-4.35,13.00,12.22
4.0395,4.0394,0.1,0,111.5,-152.1,2.0387,115.0,-146.2,2.0441,-184.1,355.6,0.8942,-212.7,349.7,2.0000,408.0,32.1,0,0.0,0.0,0.0000,-7.81,-4.80,12.88,12.35
4.0482,4.0394,8.8,0,111.5,-152.1,2.0387,115.0,-146.2,2.0441,-184.1,355.6,0.8942,-221.5,356.2,1.1112,417.8,37.0,0,0.0,0.0,0.0000,-7.52,-4.28,12.61,11.57
4.0562,4.0491,7.1,0,110.6,-149.4,2.0464,113.2,-142.7,2.0559,-188.4,352.9,1.7680,-226.9,354.4,1.0078,418.9,39.4,0,0.0,0.0,0.0000,-6.32,-4.19,11.41,12.05
4.0644,4.0576,6.8,0,109.6,-147.3,2.0628,111.5,-139.8,2.0745,-192.2,350.7,2.3108,-231.8,354.8,0.9692,422.2,36.8,0,0.0,0.0,0.0000,-7.68,-4.19,12.20,11.96
4.0719,4.0664,5.5,0,108.1,-144.4,2.0651,109.8,-136.7,2.0907,-196.8,348.3,1.2866,-234.9,351.7,1.3456,421.0,39.9,0,0.0,0.0,0.0000,-7.15,-4.81,11.64,12.11
4.0800,4.0744,5.6,0,107.7,-142.1,2.0800,108.2,-133.9,2.0989,-200.6,346.1,0.8687,-241.7,350.2,2.0000,423.5,40.3,0,0.0,0.0,0.0000,-7.38,-5.26,11.23,12.17
4.0880,4.0829,5.0,0,106.7,-139.5,2.0853,106.5,-131.0,2.1071,-203.7,343.9,1.0413,-247.2,347.8,2.0000,424.4,44.0,0,0.0,0.0,0.0000,-7.00,-5.32,11.37,12.73
4.0954,4.0921,3.3,0,105.5,-137.5,2.0880,104.6,-127.8,2.1166,-207.8,341.5,1.0412,-252.1,346.9,1.2347,426.2,47.6,0,0.0,0.0,0.0000,-7.39,-6.11,11.60,13.03
4.1036,4.1000,3.5,0,103.8,-134.6,2.0867,103.0,-125.1,2.1245,-212.0,339.4,0.8789,-255.9,343.6,1.0531,425.1,53.1,0,0.0,0.0,0.0000,-7.50,-6.03,10.79,13.56
4.1120,4.1084,3.6,0,101.8,-132.0,2.1042,101.2,-122.3,2.1325,-215.9,337.0,1.1767,-258.8,341.3,1.1749,425.5,49.3,0,0.0,0.0,0.0000,-6.61,-5.96,10.14,11.70
4.1196,4.1182,1.5,0,101.0,-128.9,2.1174,99.0,-119.0,2.1498,-220.2,333.9,2.3034,-264.2,337.3,1.1852,425.5,50.3,0,0.0,0.0,0.0000,-6.55,-6.18,11.13,12.34
4.1278,4.1244,3.4,0,99.3,-127.2,2.1252,97.7,-116.9,2.1640,-223.0,332.0,2.1063,-266.6,338.4,1.0507,428.1,48.5,0,0.0,0.0,0.0000,-6.42,-6.68,11.06,12.88
4.1355,4.1340,1.4,0,98.1,-124.9,2.1281,95.5,-113.8,2.1782,-227.4,328.9,1.0004,-271.3,336.4,1.3832,429.0,52.3,0,0.0,0.0,0.0000,-8.79,-6.91,12.58,13.70
4.1440,4.1416,2.3,0,96.6,-122.2,2.1337,93.8,-111.3,2.1851,-230.6,326.9,0.9226,-277.5,333.1,2.0000,429.8,56.9,0,0.0,0.0,0.0000,-6.49,-7.29,11.70,14.24
4.1520,4.1519,0.1,0,94.1,-120.1,2.1504,91.4,-107.9,2.1945,-234.7,324.4,0.9076,-278.8,331.4,2.0000,429.9,51.7,0,0.0,0.0,0.0000,-5.87,-7.14,11.09,13.68
4.1605,4.1590,1.5,0,92.7,-117.8,2.1523,89.7,-105.6,2.2025,-237.6,321.9,1.4375,-283.5,329.5,1.2430,431.0,55.9,0,0.0,0.0,0.0000,-6.94,-6.80,11.11,13.10
4.1673,4.1590,8.3,0,92.7,-117.8,2.1523,89.7,-105.6,2.2025,-237.6,321.9,1.4375,-290.9,333.7,1.1524,438.6,59.8,0,0.0,0.0,0.0000,-7.15,-6.71,11.20,13.56
4.1757,4.1756,0.1,0,90.0,-113.4,2.1588,85.7,-100.3,2.2367,-244.9,316.1,1.6364,-291.9,325.6,1.1822,432.8,62.3,0,0.0,0.0,0.0000,-7.83,-7.72,11.11,10.69
4.1835,4.1756,7.8,0,90.0,-113.4,2.1588,85.7,-100.3,2.2367,-244.9,316.1,1.6364,-300.7,330.2,1.5271,441.6,67.0,0,0.0,0.0,0.0000,-7.26,-7.95,10.61,11.62
4.1920,4.1843,7.7,0,87.3,-110.4,2.1853,83.5,-97.6,2.2470,-249.3,313.1,0.9018,-302.7,326.7,2.0000,441.5,58.9,0,0.0,0.0,0.0000,-6.99,-7.29,10.74,14.02
4.1995,4.1929,6.6,0,86.2,-108.3,2.2054,81.4,-94.9,2.2550,-252.7,310.1,1.0416,-308.0,324.4,2.0000,443.8,55.7,0,0.0,0.0,0.0000,-6.94,-7.18,11.19,14.40
4.2079,4.2012,6.7,0,83.0,-106.1,2.1987,79.3,-92.4,2.2636,-256.1,307.2,1.0420,-307.7,321.0,1.3567,440.6,60.4,0,0.0,0.0,0.0000,-7.23,-7.20,11.53,15.08
4.2158,4.2097,6.1,0,80.8,-103.7,2.2039,77.1,-89.8,2.2723,-258.5,305.0,0.9503,-310.0,318.0,1.1913,439.8,61.8,0,0.0,0.0,0.0000,-6.47,-8.10,11.49,15.42
4.2241,4.2186,5.4,0,78.9,-101.6,2.2246,74.8,-87.0,2.2805,-261.7,302.2,1.0392,-314.1,316.1,1.2935,441.9,57.0,0,0.0,0.0,0.0000,-6.60,-7.59,12.26,15.46
4.2322,4.2264,5.8,0,77.4,-99.8,2.2328,72.7,-84.7,2.2917,-266.1,298.9,1.9664,-318.9,314.8,1.3286,444.3,58.0,0,0.0,0.0,0.0000,-7.77,-7.52,13.03,15.63
4.2401,4.2353,4.7,0,74.4,-98.0,2.2439,70.3,-82.1,2.3117,-270.0,295.5,2.2084,-318.6,313.7,1.1755,443.9,53.6,0,0.0,0.0,0.0000,-6.26,-8.09,11.33,15.80
4.2479,4.2434,4.5,0,71.8,-94.7,2.2493,68.1,-79.7,2.3253,-272.7,292.4,1.1920,-320.0,307.5,1.5361,440.3,56.1,0,0.0,0.0,0.0000,-5.09,-7.99,11.32,16.15
4.2558,4.2522,3.6,0,69.5,-92.9,2.2778,65.7,-77.1,2.3338,-275.9,289.2,0.8827,-322.6,305.4,2.0000,441.8,46.9,0,0.0,0.0,0.0000,-6.19,-7.35,11.58,16.70
4.2638,4.2604,3.5,0,66.4,-90.5,2.2835,63.4,-74.8,2.3415,-278.8,286.5,0.8732,-322.6,302.0,2.0000,439.5,46.6,0,0.0,0.0,0.0000,-6.60,-7.19,12.27,16.79
4.2713,4.2691,2.2,0,64.0,-89.2,2.2834,61.0,-72.3,2.3500,-282.2,283.5,1.2351,-324.3,301.3,1.3918,440.0,48.4,0,0.0,0.0,0.0000,-6.95,-8.18,12.71,16.99
4.2798,4.2772,2.5,0,61.7,-86.9,2.3016,58.7,-70.0,2.3643,-285.7,281.1,2.2505,-327.1,298.0,1.1681,440.2,44.7,0,0.0,0.0,0.0000,-6.84,-8.74,11.99,16.96
4.2876,4.2860,1.5,0,59.4,-85.5,2.3062,56.2,-67.5,2.3840,-289.0,277.2,1.8978,-329.7,296.3,1.1938,440.9,45.7,0,0.0,0.0,0.0000,-7.19,-10.10,9.10,17.03
4.2957,4.2940,1.7,0,56.6,-83.5,2.3145,53.8,-65.3,2.3949,-291.8,273.2,0.9988,-331.0,293.7,1.5291,440.3,44.7,0,0.0,0.0,0.0000,-8.04,-9.16,10.55,17.07
4.3042,4.3028,1.4,0,53.8,-81.1,2.3335,51.3,-62.9,2.4028,-295.0,269.9,0.9728,-332.7,290.8,2.0000,440.1,39.6,0,0.0,0.0,0.0000,-6.65,-9.43,11.16,17.50
4.3124,4.3110,1.4,0,51.0,-79.7,2.3464,48.8,-60.8,2.4113,-298.1,266.8,1.0420,-334.2,289.5,2.0000,440.7,36.0,0,0.0,0.0,0.0000,-5.93,-8.87,11.87,17.95
4.3197,4.3196,0.1,0,47.4,-77.9,2.3543,46.3,-58.5,2.4203,-300.8,263.6,1.0416,-332.6,285.7,1.3487,437.1,34.0,0,0.0,0.0,0.0000,-7.18,-8.80,12.74,17.62
4.3272,4.3196,7.6,0,47.4,-77.9,2.3543,46.3,-58.5,2.4203,-300.8,263.6,1.0416,-341.6,288.2,1.1743,445.3,38.6,0,0.0,0.0,0.0000,-8.17,-8.81,12.52,17.17
4.3353,4.3279,7.4,0,44.4,-75.8,2.3600,43.8,-56.3,2.4279,-303.4,260.6,0.9068,-342.1,285.1,1.3462,443.7,38.6,0,0.0,0.0,0.0000,-8.01,-9.84,12.98,17.42
4.3441,4.3390,5.1,0,41.1,-74.4,2.3743,40.4,-53.4,2.4427,-307.6,255.9,2.0340,-342.9,283.9,1.3606,443.9,33.6,0,0.0,0.0,0.0000,-7.74,-11.23,13.44,18.12
4.3519,4.3450,6.9,0,38.5,-73.2,2.3799,38.5,-51.9,2.4565,-309.8,253.3,2.3310,-344.5,282.9,1.2322,444.5,33.1,0,0.0,0.0,0.0000,-7.58,-10.27,14.57,18.28
4.3600,4.3534,6.5,0,35.5,-70.9,2.3984,35.9,-49.8,2.4728,-312.4,249.9,1.3889,-345.5,278.1,1.5495,442.6,29.0,0,0.0,0.0,0.0000,-6.20,-10.08,12.49,18.37
4.3682,4.3616,6.6,0,32.2,-69.4,2.4105,33.3,-47.7,2.4815,-315.0,246.5,0.8743,-345.5,276.2,2.0000,441.6,25.1,0,0.0,0.0,0.0000,-7.01,-9.93,12.15,18.82
4.3754,4.3728,2.6,0,28.7,-67.8,2.4297,29.8,-45.0,2.4918,-318.6,241.1,0.8702,-343.9,273.0,2.0000,438.7,18.0,0,0.0,0.0,0.0000,-8.33,-10.18,12.02,18.36
4.3832,4.3788,4.4,0,25.2,-65.7,2.4352,27.9,-43.6,2.4974,-320.5,238.6,1.0516,-343.3,268.4,1.3938,435.4,18.7,0,0.0,0.0,0.0000,-7.89,-9.29,11.97,18.61
4.3918,4.3869,4.9,0,20.8,-64.0,2.4431,25.2,-41.7,2.5093,-323.2,236.0,2.0277,-340.5,265.4,1.2034,431.4,15.7,0,0.0,0.0,0.0000,-7.10,-9.00,12.40,18.70
4.4007,4.3956,5.0,0,17.4,-61.8,2.4626,22.4,-39.6,2.5290,-326.0,232.4,2.1823,-341.3,260.9,1.3451,429.4,11.3,0,0.0,0.0,0.0000,-6.90,-8.80,12.50,19.01
4.4077,4.4064,1.2,0,14.1,-60.4,2.4747,18.9,-37.1,2.5452,-329.5,226.6,0.9779,-339.8,258.5,1.3285,426.9,7.0,0,0.0,0.0,0.0000,-6.69,-10.12,12.45,19.11
4.4157,4.4124,3.3,0,11.6,-59.1,2.4914,16.9,-35.8,2.5506,-331.3,224.0,0.8871,-342.1,257.4,1.1193,428.1,2.2,0,0.0,0.0,0.0000,-7.40,-9.84,12.70,20.54
4.4238,4.4211,2.7,0,7.1,-57.8,2.5121,14.0,-33.8,2.5594,-333.7,220.7,1.0412,-339.1,254.6,1.4078,424.0,-6.2,0,0.0,0.0,0.0000,-7.16,-9.83,13.13,20.35
4.4321,4.4296,2.5,0,4.6,-55.8,2.5176,11.2,-32.0,2.5682,-336.1,216.9,1.0413,-342.2,248.9,2.0000,423.2,-2.0,0,0.0,0.0,0.0000,-7.60,-8.49,13.09,19.98
4.4396,4.4296,10.0,0,4.6,-55.8,2.5176,11.2,-32.0,2.5682,-336.1,216.9,1.0413,-351.5,249.9,2.0000,431.3,2.6,0,0.0,0.0,0.0000,-7.60,-8.57,13.60,19.50
4.4475,4.4474,0.1,0,-1.8,-51.7,2.5420,5.1,-28.2,2.5864,-341.1,208.9,1.4867,-342.0,238.6,1.2784,417.0,-4.0,0,0.0,0.0,0.0000,-7.48,-8.80,14.04,18.85
4.4563,4.4551,1.2,0,-4.5,-50.5,2.5582,2.5,-26.6,2.6018,-343.2,205.5,2.3327,-344.6,236.5,1.0965,417.9,-7.6,0,0.0,0.0,0.0000,-7.88,-8.51,14.50,18.28
4.4634,4.4633,0.1,0,-8.4,-48.4,2.5709,-0.3,-24.9,2.6196,-345.5,201.4,1.6902,-341.7,231.7,1.0690,412.7,-10.3,0,0.0,0.0,0.0000,-8.01,-7.15,14.09,18.62
4.4722,4.4633,8.9,0,-8.4,-48.4,2.5709,-0.3,-24.9,2.6196,-345.5,201.4,1.6902,-352.9,232.8,1.4844,422.7,-5.2,0,0.0,0.0,0.0000,-7.33,-7.05,13.66,18.09
4.4803,4.4736,6.7,0,-11.2,-46.4,2.5898,-3.9,-22.9,2.6315,-348.4,196.3,0.8756,-355.0,227.4,2.0000,421.5,-7.6,0,0.0,0.0,0.0000,-7.60,-4.69,13.48,18.59
4.4881,4.4806,7.5,0,-14.0,-45.0,2.6129,-6.3,-21.5,2.6379,-350.0,193.3,1.0419,-356.2,223.9,2.0000,420.5,-13.6,0,0.0,0.0,0.0000,-7.83,-2.50,15.46,18.70
4.4964,4.4886,7.7,0,-17.3,-42.5,2.6105,-9.2,-20.0,2.6463,-352.0,189.6,1.0419,-357.0,216.6,1.2157,417.5,-6.0,0,0.0,0.0,0.0000,-7.96,-5.43,15.38,17.94
4.5038,4.4975,6.4,0,-20.4,-40.2,2.6353,-12.3,-18.3,2.6555,-354.1,186.3,0.9588,-356.9,210.0,1.0001,413.9,-10.6,0,0.0,0.0,0.0000,-8.38,-6.42,15.47,17.41
4.5116,4.5071,4.4,0,-24.1,-38.9,2.6391,-15.7,-16.6,2.6644,-356.5,182.1,1.0720,-355.0,206.9,1.1649,410.7,-10.3,0,0.0,0.0,0.0000,-8.01,-7.40,15.59,17.11
4.5199,4.5139,5.9,0,-27.0,-37.2,2.6558,-18.1,-15.3,2.6741,-358.6,177.7,1.8963,-357.0,201.9,1.1664,410.0,-11.9,0,0.0,0.0,0.0000,-8.02,-8.20,15.97,17.23
4.5284,4.5226,5.8,0,-28.7,-35.1,2.6818,-21.3,-13.8,2.6934,-360.8,172.9,2.2614,-363.0,196.2,0.9593,412.4,-14.8,0,0.0,0.0,0.0000,-6.36,-6.86,16.08,17.29
4.5355,4.5309,4.6,0,-31.8,-33.2,2.6888,-24.3,-12.4,2.7081,-362.3,169.0,1.2357,-362.7,190.2,1.2805,409.3,-12.4,0,0.0,0.0,0.0000,-4.48,-5.62,15.65,13.56
4.5438,4.5401,3.7,0,-35.3,-31.6,2.7047,-27.6,-10.9,2.7170,-364.1,164.7,0.8809,-362.2,184.7,2.0000,406.3,-14.1,0,0.0,0.0,0.0000,-6.59,-5.73,15.78,13.17
4.5514,4.5498,1.6,0,-38.6,-30.2,2.7272,-31.1,-9.3,2.7260,-366.0,160.6,0.8696,-361.9,180.3,2.0000,403.8,-19.3,0,0.0,0.0,0.0000,-7.77,-5.49,16.03,14.12
4.5599,4.5564,3.4,0,-41.2,-27.7,2.7203,-33.6,-8.2,2.7325,-367.5,157.4,1.1765,-364.2,172.8,1.1402,403.0,-8.8,0,0.0,0.0,0.0000,-8.16,-6.22,15.57,15.18
4.5677,4.5651,2.5,0,-44.4,-26.3,2.7424,-36.8,-6.9,2.7474,-369.8,153.2,2.2441,-364.6,168.3,0.9359,401.3,-13.3,0,0.0,0.0,0.0000,-8.66,-5.90,14.64,15.62
4.5759,4.5733,2.6,0,-46.7,-24.6,2.7539,-39.8,-5.6,2.7659,-371.5,149.0,1.9954,-368.2,162.4,0.9352,402.3,-11.1,0,0.0,0.0,0.0000,-8.93,-5.50,14.83,14.74
4.5837,4.5813,2.4,0,-50.3,-22.6,2.7652,-42.8,-4.5,2.7774,-373.1,144.6,1.0443,-367.3,156.2,1.2541,399.0,-10.2,0,0.0,0.0,0.0000,-9.06,-5.47,14.78,15.07
4.5921,4.5897,2.4,0,-53.1,-21.3,2.7822,-45.9,-3.3,2.7851,-374.6,140.5,0.9247,-369.8,152.2,2.0000,399.7,-12.4,0,0.0,0.0,0.0000,-8.60,-4.69,14.55,15.02
4.5998,4.5984,1.4,0,-55.2,-19.9,2.7967,-49.2,-2.1,2.7940,-375.8,136.4,1.0411,-373.2,146.7,2.0000,400.8,-11.9,0,0.0,0.0,0.0000,-8.35,-4.73,15.03,14.60
4.6083,4.6070,1.3,0,-58.4,-17.7,2.8012,-52.4,-0.9,2.8029,-377.5,132.3,1.0414,-374.6,138.0,1.0562,399.1,-5.0,0,0.0,0.0,0.0000,-7.95,-4.53,14.28,14.24
4.6153,4.6152,0.1,0,-61.6,-16.5,2.8105,-55.5,0.2,2.8106,-379.3,128.4,0.8899,-372.9,133.4,0.8845,396.0,-4.9,0,0.0,0.0,0.0000,-8.64,-4.57,14.93,14.25
4.6236,4.6152,8.4,0,-61.6,-16.5,2.8105,-55.5,0.2,2.8106,-379.3,128.4,0.8899,-383.5,132.8,1.0799,405.8,-1.0,0,0.0,0.0,0.0000,-7.08,-5.51,14.14,14.78
4.6322,4.6321,0.1,0,-66.4,-14.0,2.8349,-62.0,2.2,2.8375,-381.9,118.7,2.3434,-374.7,123.5,1.0533,394.5,-4.6,0,0.0,0.0,0.0000,-7.87,-5.18,14.11,14.48
4.6398,4.6321,7.7,0,-66.4,-14.0,2.8349,-62.0,2.2,2.8375,-381.9,118.7,2.3434,-376.7,121.4,0.9445,395.8,-2.0,0,0.0,0.0,0.0000,-6.71,-4.67,13.58,14.27
4.6477,4.6411,6.6,0,-69.8,-13.0,2.8530,-65.4,3.3,2.8557,-382.9,114.6,1.4244,-368.9,115.9,1.2399,386.6,-6.1,0,0.0,0.0,0.0000,-7.35,-4.53,13.69,13.55
4.6559,4.6535,2.4,0,-72.6,-11.2,2.8585,-70.2,4.7,2.8683,-384.6,108.5,0.9185,-361.8,107.2,2.0000,377.4,-1.9,0,0.0,0.0,0.0000,-7.22,-5.40,13.31,12.52
4.6640,4.6575,6.5,0,-75.7,-9.2,2.8738,-71.7,5.1,2.8721,-385.3,106.3,0.9594,-354.7,98.8,2.0000,368.2,-1.4,0,0.0,0.0,0.0000,-8.14,-5.32,12.94,13.14
4.6723,4.6640,8.3,0,-77.5,-8.0,2.8837,-74.2,5.8,2.8780,-386.4,102.9,0.9104,-351.7,93.2,1.0599,363.9,-0.4,0,0.0,0.0,0.0000,-8.81,-5.45,12.41,14.36
4.6802,4.6725,7.7,0,-81.5,-6.8,2.8906,-77.5,6.7,2.8882,-387.8,98.9,1.6632,-341.6,87.5,0.9619,352.6,0.1,0,0.0,0.0,0.0000,-8.58,-6.56,12.67,13.28
4.6884,4.6809,7.5,0,-83.7,-6.2,2.8874,-80.8,7.5,2.9061,-389.2,95.0,2.3344,-336.7,83.1,1.1775,346.8,4.2,0,0.0,0.0,0.0000,-8.54,-5.56,12.86,13.03
4.6963,4.6893,6.9,0,-87.5,-4.9,2.8966,-84.1,8.2,2.9227,-390.2,89.6,1.3985,-326.9,77.7,1.1769,336.0,4.0,0,0.0,0.0,0.0000,-9.70,-4.98,12.10,12.36
4.7032,4.6978,5.4,0,-89.2,-2.8,2.9117,-87.4,9.0,2.9316,-391.1,84.6,0.8723,-323.4,70.8,1.1414,331.0,4.7,0,0.0,0.0,0.0000,-7.82,-4.92,12.79,12.50
4.7118,4.7063,5.4,0,-92.2,-1.9,2.9174,-90.7,9.7,2.9398,-391.7,80.7,1.0418,-316.0,66.5,1.1540,322.9,5.4,0,0.0,0.0,0.0000,-7.65,-5.48,12.64,12.48
4.7204,4.7147,5.7,0,-94.9,-1.1,2.9279,-94.0,10.3,2.9485,-390.1,76.2,1.0420,-309.6,62.2,1.1475,315.7,4.9,0,0.0,0.0,0.0000,-7.75,-5.31,12.63,12.45
4.7273,4.7231,4.2,0,-97.4,-0.7,2.9392,-97.2,11.0,2.9570,-382.3,71.0,0.8983,-303.3,59.5,1.1269,309.1,2.7,0,0.0,0.0,0.0000,-8.04,-5.53,13.03,12.47
4.7360,4.7316,4.4,0,-100.5,0.3,2.9565,-100.4,11.5,2.9649,-375.4,65.6,1.1053,-295.5,55.1,1.0983,300.6,0.2,0,0.0,0.0,0.0000,-7.87,-4.98,11.39,11.86
4.7435,4.7401,3.4,0,-102.8,1.1,2.9667,-103.6,12.1,2.9785,-367.2,59.3,2.1598,-289.5,51.6,1.1195,294.1,-0.5,0,0.0,0.0,0.0000,-8.58,-4.94,11.61,11.72
4.7518,4.7485,3.3,0,-105.2,2.7,2.9570,-106.6,12.5,2.9975,-359.6,54.1,2.1002,-282.8,45.8,1.3995,286.4,6.9,0,0.0,0.0,0.0000,-7.05,-5.93,8.52,11.75
4.7599,4.7570,3.0,0,-108.6,2.4,2.9732,-109.7,13.0,3.0104,-352.1,49.6,1.0663,-273.1,45.1,1.0238,276.8,1.3,0,0.0,0.0,0.0000,-7.15,-5.51,8.24,11.73
4.7677,4.7654,2.3,0,-110.7,4.4,2.9768,-112.6,13.4,3.0182,-344.3,44.9,0.9135,-267.7,37.4,0.0459,270.2,7.0,0,0.0,0.0,0.0000,-7.55,-5.01,9.42,11.43
4.7760,4.7738,2.2,0,-113.6,5.3,2.9945,-115.4,13.7,3.0267,-336.4,39.8,1.0419,-259.1,33.6,0.1819,261.3,4.7,0,0.0,0.0,0.0000,-7.33,-4.86,10.93,11.17
4.7839,4.7738,10.1,0,-113.6,5.3,2.9945,-115.4,13.7,3.0267,-336.4,39.8,1.0419,-259.2,33.2,1.1797,261.2,5.2,0,0.0,0.0,0.0000,-7.25,-4.82,10.58,10.99
4.7922,4.7823,9.9,0,-116.0,6.1,2.9969,-118.3,14.1,3.0356,-328.1,36.2,1.0419,-251.4,29.9,1.3711,253.1,6.7,0,0.0,0.0,0.0000,-7.18,-4.92,10.41,11.32
4.7999,4.7908,9.2,0,-118.2,6.6,2.9985,-121.0,14.4,3.0444,-319.9,33.2,1.0420,-243.9,27.6,1.4364,245.4,7.5,0,0.0,0.0,0.0000,-7.04,-5.25,10.39,10.87
4.8079,4.7991,8.8,0,-121.4,7.2,3.0057,-123.7,14.6,3.0531,-311.8,29.4,1.0416,-233.8,25.2,1.0929,235.1,6.7,0,0.0,0.0,0.0000,-6.48,-5.35,10.16,10.93
4.8161,4.8076,8.5,0,-123.5,7.3,3.0094,-126.3,14.9,3.0619,-303.6,25.5,1.0411,-227.6,24.8,0.0899,228.9,5.4,0,0.0,0.0,0.0000,-6.93,-5.44,9.72,10.58
4.8233,4.8160,7.2,0,-126.1,7.8,3.0182,-128.8,15.1,3.0707,-295.4,22.6,1.0416,-219.1,22.4,0.2018,220.2,4.8,0,0.0,0.0,0.0000,-7.04,-4.58,8.80,10.08
4.8321,4.8246,7.5,0,-128.7,8.1,3.0251,-131.3,15.2,3.0796,-287.2,19.4,1.0420,-209.3,19.5,1.2751,210.1,4.9,0,0.0,0.0,0.0000,-8.38,-5.12,8.62,10.42
4.8400,4.8330,7.1,0,-130.1,8.6,3.0211,-133.7,15.4,3.0884,-278.7,16.8,1.0991,-203.8,17.9,1.4830,204.5,6.7,0,0.0,0.0,0.0000,-5.44,-4.53,8.45,9.37
4.8472,4.8414,5.8,0,-132.5,9.1,3.0400,-136.0,15.5,3.0983,-270.3,14.1,1.1131,-195.5,16.8,1.4624,196.2,3.1,0,0.0,0.0,0.0000,-5.46,-4.87,8.55,9.70
4.8554,4.8499,5.6,0,-134.6,9.7,3.0468,-138.2,15.6,3.1047,-262.3,11.2,0.1996,-187.2,14.6,1.1378,187.7,3.2,0,0.0,0.0,0.0000,-4.96,-4.17,8.26,9.30
4.8632,4.8583,4.9,0,-136.4,10.1,3.0576,-140.4,15.7,3.1035,-254.1,8.6,-0.1975,-179.5,12.8,0.1004,179.9,2.3,0,0.0,0.0,0.0000,-5.16,-4.15,7.97,8.97
4.8725,4.8672,5.3,0,-138.7,10.4,3.0540,-142.6,15.8,3.1063,-245.3,7.1,0.8763,-170.1,11.6,0.3407,170.5,3.4,0,0.0,0.0,0.0000,-4.65,-4.13,7.91,8.93
4.8800,4.8758,4.2,0,-141.0,10.4,3.0634,-144.7,15.8,3.1159,-236.6,5.4,1.2073,-161.6,11.4,1.4239,162.0,1.3,0,0.0,0.0,0.0000,-4.92,-4.17,7.93,8.77
4.8882,4.8838,4.4,0,-142.5,10.5,3.0729,-146.6,15.9,3.1250,-228.1,3.6,1.2006,-154.3,10.7,1.2004,154.6,-0.1,0,0.0,0.0,0.0000,-3.97,-4.27,7.93,8.52
4.8958,4.8921,3.6,0,-144.8,10.7,3.0710,-148.4,15.9,3.1345,-219.8,2.2,0.9323,-144.5,9.6,0.3019,144.8,0.6,0,0.0,0.0,0.0000,-4.19,-3.22,7.41,8.93
4.9043,4.9006,3.7,0,-146.4,10.9,3.0759,-150.2,15.9,3.1381,-212.2,1.5,-0.1165,-136.6,9.3,0.1132,136.9,-0.3,0,0.0,0.0,0.0000,-3.28,-3.03,7.26,8.80
4.9121,4.9090,3.1,0,-148.0,11.2,3.0833,-152.0,15.9,3.1365,-203.7,0.0,0.0421,-129.3,9.6,0.0430,129.6,-2.0,0,0.0,0.0,0.0000,-3.17,-2.83,6.98,8.00
4.9196,4.9175,2.2,0,-149.5,11.5,3.1015,-153.7,15.9,-3.1414,-194.7,-2.2,1.0490,-121.6,8.5,0.3221,121.9,-3.6,0,0.0,0.0,0.0000,-3.04,-2.18,6.66,8.01
4.9280,4.9259,2.1,0,-150.8,11.6,3.1104,-155.3,15.9,-3.1315,-186.3,-2.9,1.1514,-113.8,7.3,1.3689,114.0,-3.8,0,0.0,0.0,0.0000,-3.30,-2.18,5.89,7.77
4.9356,4.9259,9.7,0,-150.8,11.6,3.1104,-155.3,15.9,-3.1315,-186.3,-2.9,1.1514,-110.2,7.3,1.2492,110.4,-3.9,0,0.0,0.0,0.0000,-2.19,-1.61,5.92,7.96
4.9439,4.9343,9.6,0,-151.3,11.8,3.1207,-156.8,15.9,-3.1218,-178.2,-2.9,1.2096,-104.6,6.9,0.2303,104.7,-4.7,0,0.0,0.0,0.0000,-1.70,-2.33,5.71,7.36
4.9515,4.9428,8.7,0,-153.4,11.4,3.1152,-158.3,15.8,-3.1132,-169.5,-3.6,0.6675,-94.4,8.4,0.0684,94.6,-5.9,0,0.0,0.0,0.0000,-2.17,-1.31,5.23,6.97
4.9597,4.9512,8.5,0,-154.4,12.3,3.1341,-159.7,15.8,-3.1123,-160.8,-4.5,-0.2532,-87.2,6.3,0.1456,87.3,-5.6,0,0.0,0.0,0.0000,-2.01,-1.43,5.13,6.48
4.9677,4.9597,7.9,0,-155.9,11.8,3.1298,-161.0,15.8,-3.1127,-152.5,-4.8,0.4657,-78.7,8.1,0.1951,78.8,-7.2,0,0.0,0.0,0.0000,-1.61,-1.48,4.89,6.34
4.9763,4.9681,8.2,0,-156.3,11.5,3.1385,-162.3,15.7,-3.1040,-144.3,-5.2,1.3022,-72.7,8.9,0.1959,72.7,-8.7,0,0.0,0.0,0.0000,-1.64,-0.95,4.54,6.46
4.9840,4.9765,7.5,0,-157.0,11.7,-3.1391,-163.5,15.7,-3.0956,-135.6,-5.7,0.4529,-65.8,8.6,0.1771,65.7,-8.8,0,0.0,0.0,0.0000,-0.80,-0.90,4.32,5.32
4.9923,4.9850,7.3,0,-157.8,11.9,-3.1262,-164.6,15.6,-3.0949,-126.9,-6.1,-0.1568,-57.5,9.2,0.1214,57.3,-10.1,0,0.0,0.0,0.0000,-1.04,-1.25,3.73,4.65
4.9993,4.9935,5.8,0,-158.2,11.5,-3.1182,-165.6,15.6,-3.0959,-118.8,-5.1,-0.0833,-51.9,10.9,0.0857,51.6,-12.1,0,0.0,0.0,0.0000,-0.85,-1.00,3.48,4.38
5.0079,5.0019,5.9,0,-159.2,11.4,-3.1123,-166.6,15.5,-3.0971,-110.6,-4.6,-0.0445,-42.7,11.0,0.0655,42.4,-12.3,0,0.0,0.0,0.0000,-0.83,-0.87,3.18,3.95
5.0157,5.0104,5.4,0,-159.6,11.6,-3.1141,-167.5,15.5,-3.0941,-101.9,-5.4,0.9122,-38.5,10.6,0.1048,38.2,-11.7,0,0.0,0.0,0.0000,-0.51,-0.55,2.72,3.34
5.0234,5.0189,4.5,0,-160.4,11.6,-3.1082,-168.3,15.4,-3.0839,-93.2,-5.7,1.2007,-26.2,11.5,0.1146,25.8,-12.3,0,0.0,0.0,0.0000,-0.41,-0.41,2.26,2.99
5.0316,5.0273,4.3,0,-160.4,11.4,-3.1053,-169.0,15.4,-3.0781,-84.5,-5.3,0.1592,-27.0,11.9,0.1089,26.5,-12.9,0,0.0,0.0,0.0000,-0.95,-0.51,1.45,2.75
5.0403,5.0357,4.6,0,-161.1,11.6,-3.1145,-169.7,15.4,-3.0787,-76.1,-4.9,-0.1666,-27.0,11.2,0.1414,26.6,-11.9,0,0.0,0.0,0.0000,-0.15,-0.63,1.55,1.80
5.0475,5.0442,3.3,0,-161.2,11.3,-3.0992,-170.3,15.3,-3.0792,-68.0,-4.1,-0.0000,-28.0,12.1,0.0799,27.5,-13.3,0,0.0,0.0,0.0000,-0.19,-0.13,1.10,0.76
5.0562,5.0526,3.5,0,-161.5,11.6,-3.1148,-170.9,15.3,-3.0792,-59.7,-3.7,0.0000,-28.8,11.1,0.1425,28.5,-11.8,0,0.0,0.0,0.0000,-0.62,-0.25,0.40,0.29
5.0636,5.0526,11.0,0,-161.5,11.6,-3.1148,-170.9,15.3,-3.0792,-59.7,-3.7,0.0000,-30.0,11.0,0.1425,29.7,-11.8,0,0.0,0.0,0.0000,0.42,-0.04,0.24,0.38
5.0712,5.0615,9.7,0,-160.8,11.0,-3.0981,-171.4,15.2,-3.0792,-51.2,-3.7,0.0000,-33.0,12.7,0.0758,32.4,-14.1,0,0.0,0.0,0.0000,0.25,-0.06,-0.36,-0.40
5.0799,5.0702,9.7,0,-161.0,11.7,-3.1145,-171.8,15.2,-3.0792,-42.3,-2.9,-0.0000,-33.5,10.5,0.1412,33.2,-11.4,0,0.0,0.0,0.0000,0.03,0.31,-0.05,-0.32
5.0872,5.0784,8.8,0,-160.9,11.5,-3.1150,-172.1,15.2,-3.0792,-33.2,-1.6,0.0000,-34.3,11.0,0.1434,34.0,-11.9,0,0.0,0.0,0.0000,0.23,0.61,-0.78,-1.13
5.0957,5.0865,9.2,0,-160.3,11.3,-3.1128,-172.3,15.2,-3.0792,-25.6,-1.3,-0.0000,-36.5,11.5,0.1343,36.1,-12.6,0,0.0,0.0,0.0000,0.20,0.04,-1.13,-1.33
5.1035,5.0949,8.6,0,-159.5,11.4,-3.1115,-172.5,15.2,-3.0792,-16.9,-1.3,0.0000,-39.3,11.2,0.1294,38.9,-12.4,0,0.0,0.0,0.0000,0.30,0.16,-1.01,-1.17
5.1120,5.1033,8.7,0,-159.7,11.2,-3.1116,-172.6,15.2,-3.0792,-12.4,-0.9,0.0000,-38.8,11.9,0.1295,38.4,-13.1,0,0.0,0.0,0.0000,-0.31,-0.21,-1.19,-1.19
5.1193,5.1119,7.4,0,-158.7,11.3,-3.1131,-172.7,15.2,-3.0792,-2.8,-0.2,0.0000,-41.9,11.7,0.1359,41.6,-12.8,0,0.0,0.0,0.0000,0.31,0.65,-0.80,-1.49
5.1284,5.1203,8.1,0,-158.4,11.0,-3.1106,-172.7,15.2,-3.0792,0.0,0.0,0.0000,-42.7,12.5,0.1255,42.3,-13.8,0,0.0,0.0,0.0000,0.56,0.71,-0.67,-1.16
5.1356,5.1287,6.9,0,-158.1,11.3,-3.1145,-172.7,15.2,-3.0792,0.0,0.0,0.0000,-43.8,11.7,0.1414,43.4,-12.8,0,0.0,0.0,0.0000,0.48,0.61,-0.91,-0.98
5.1438,5.1371,6.7,0,-157.7,11.5,-3.1198,-172.7,15.2,-3.0792,0.0,0.0,0.0000,-44.7,11.0,0.1625,44.5,-11.9,0,0.0,0.0,0.0000,0.69,0.39,-0.93,-1.13
5.1520,5.1456,6.5,0,-157.8,11.8,-3.1243,-172.7,15.2,-3.0792,0.0,0.0,0.0000,-44.6,10.1,0.1803,44.5,-10.8,0,0.0,0.0,0.0000,1.03,0.58,-0.55,-1.01
5.1592,5.1540,5.2,0,-157.9,11.5,-3.1215,-172.7,15.2,-3.0792,0.0,0.0,0.0000,-44.4,11.0,0.1691,44.2,-11.9,0,0.0,0.0,0.0000,0.14,0.65,-0.10,-0.58
5.1680,5.1625,5.6,0,-157.7,11.8,-3.1178,-172.7,15.2,-3.0792,0.0,0.0,0.0000,-44.9,10.1,0.1546,44.6,-11.2,0,0.0,0.0,0.0000,0.37,-0.56,-0.22,-0.30
5.1754,5.1709,4.5,0,-157.9,11.9,-3.1203,-172.7,15.2,-3.0792,0.0,0.0,0.0000,-44.2,9.8,0.1643,44.0,-10.7,0,0.0,0.0,0.0000,0.51,0.30,-0.10,-0.71
5.1839,5.1709,13.0,0,-157.9,11.9,-3.1203,-172.7,15.2,-3.0792,0.0,0.0,0.0000,-44.2,9.8,0.1643,44.0,-10.7,0,0.0,0.0,0.0000,0.37,0.74,0.30,-0.64
5.1915,5.1880,3.5,0,-157.7,11.6,-3.1128,-172.7,15.2,-3.0792,0.0,0.0,0.0000,-44.8,10.6,0.1344,44.5,-11.9,0,0.0,0.0,0.0000,0.19,1.09,0.46,0.03
5.1997,5.1963,3.4,0,-157.8,11.9,-3.1168,-172.7,15.2,-3.0792,0.0,0.0,0.0000,-44.7,9.7,0.1507,44.4,-10.8,0,0.0,0.0,0.0000,-0.31,0.67,0.72,0.58
5.2080,5.1963,11.6,0,-157.8,11.9,-3.1168,-172.7,15.2,-3.0792,0.0,0.0,0.0000,-44.7,9.7,0.1507,44.4,-10.8,0,0.0,0.0,0.0000,-0.10,0.08,0.63,0.31
5.2161,5.2135,2.6,0,-157.9,12.0,-3.1128,-172.7,15.2,-3.0792,0.0,0.0,0.0000,-44.3,9.6,0.1345,44.0,-10.9,0,0.0,0.0,0.0000,-0.64,0.00,0.47,0.18
5.2240,5.2217,2.3,0,-158.2,11.8,-3.1126,-172.7,15.2,-3.0792,0.0,0.0,0.0000,-43.5,10.2,0.1338,43.2,-11.5,0,0.0,0.0,0.0000,-0.08,0.39,0.76,0.48
5.2312,5.2217,9.5,0,-158.2,11.8,-3.1126,-172.7,15.2,-3.0792,0.0,0.0,0.0000,-43.5,10.2,0.1338,43.2,-11.5,0,0.0,0.0,0.0000,-0.07,-0.07,0.60,0.95
5.2394,5.2301,9.2,0,-158.1,12.0,-3.1146,-172.7,15.2,-3.0792,0.0,0.0,0.0000,-43.6,9.6,0.1415,43.3,-10.8,0,0.0,0.0,0.0000,-0.05,-0.25,0.41,0.58
5.2472,5.2392,8.0,0,-158.5,12.0,-3.1145,-172.7,15.2,-3.0792,0.0,0.0,0.0000,-42.5,9.4,0.1411,42.2,-10.5,0,0.0,0.0,0.0000,0.07,-0.18,0.79,0.94
5.2559,5.2473,8.6,0,-158.5,12.2,-3.1127,-172.7,15.2,-3.0792,0.0,0.0,0.0000,-42.4,8.8,0.1340,42.1,-10.0,0,0.0,0.0,0.0000,-0.22,0.06,0.73,0.48
5.2634,5.2555,8.0,0,-158.6,12.2,-3.1137,-172.7,15.2,-3.0792,0.0,0.0,0.0000,-42.0,8.9,0.1382,41.8,-10.1,0,0.0,0.0,0.0000,-0.16,-0.50,0.92,1.00
5.2714,5.2640,7.4,0,-158.7,12.0,-3.1104,-172.7,15.2,-3.0792,0.0,0.0,0.0000,-41.7,9.6,0.1247,41.4,-10.9,0,0.0,0.0,0.0000,-0.14,-0.19,0.60,0.80
5.2801,5.2727,7.4,0,-159.3,12.0,-3.1062,-172.7,15.2,-3.0792,0.0,0.0,0.0000,-40.1,9.5,0.1081,39.7,-10.9,0,0.0,0.0,0.0000,-0.31,0.01,0.37,0.45
5.2874,5.2809,6.5,0,-158.9,11.7,-3.1081,-172.7,15.2,-3.0792,0.0,0.0,0.0000,-41.3,10.5,0.1155,40.9,-11.8,0,0.0,0.0,0.0000,-0.33,-0.56,0.71,1.05
5.2954,5.2893,6.1,0,-159.7,11.9,-3.1006,-172.7,15.2,-3.0792,0.0,0.0,0.0000,-38.8,9.9,0.0858,38.3,-11.5,0,0.0,0.0,0.0000,-0.06,-0.25,0.79,1.20
5.3037,5.2978,5.9,0,-160.0,11.7,-3.1042,-172.7,15.2,-3.0792,0.0,0.0,0.0000,-37.9,10.4,0.1000,37.5,-11.8,0,0.0,0.0,0.0000,-0.08,-0.44,0.83,1.26
5.3119,5.3064,5.6,0,-160.2,11.6,-3.0991,-172.7,15.2,-3.0792,0.0,0.0,0.0000,-37.3,10.8,0.0796,36.8,-12.4,0,0.0,0.0,0.0000,-0.74,-0.35,0.58,0.93
5.3201,5.3145,5.6,0,-160.5,11.7,-3.0986,-172.7,15.2,-3.0792,0.0,0.0,0.0000,-36.6,10.3,0.0779,36.1,-11.9,0,0.0,0.0,0.0000,0.22,0.00,0.97,0.93
5.3275,5.3230,4.5,0,-160.2,11.7,-3.0963,-172.7,15.2,-3.0792,0.0,0.0,0.0000,-37.4,10.4,0.0683,36.8,-12.1,0,0.0,0.0,0.0000,0.23,-0.05,0.70,0.98
5.3360,5.3315,4.6,0,-160.4,11.5,-3.0919,-172.7,15.2,-3.0792,0.0,0.0,0.0000,-36.6,11.1,0.0507,36.0,-12.9,0,0.0,0.0,0.0000,-0.02,0.06,0.94,0.78
5.3436,5.3399,3.6,0,-160.8,11.6,-3.0921,-172.7,15.2,-3.0792,0.0,0.0,0.0000,-35.4,10.7,0.0516,34.9,-12.4,0,0.0,0.0,0.0000,-0.65,-0.02,0.83,0.80
5.3514,5.3483,3.0,0,-160.8,11.6,-3.0883,-172.7,15.2,-3.0792,0.0,0.0,0.0000,-35.6,10.8,0.0365,35.0,-12.7,0,0.0,0.0,0.0000,-0.17,0.15,0.78,0.82
5.3599,5.3567,3.2,0,-161.0,11.4,-3.0888,-172.7,15.2,-3.0792,0.0,0.0,0.0000,-35.1,11.2,0.0383,34.4,-13.1,0,0.0,0.0,0.0000,0.14,-0.02,0.73,0.97
5.3679,5.3567,11.2,0,-161.0,11.4,-3.0888,-172.7,15.2,-3.0792,0.0,0.0,0.0000,-35.1,11.2,0.0383,34.4,-13.1,0,0.0,0.0,0.0000,0.40,0.24,0.80,0.90
5.3757,5.3738,2.0,0,-161.2,11.6,-3.0868,-172.7,15.2,-3.0792,0.0,0.0,0.0000,-34.3,10.7,0.0307,33.7,-12.5,0,0.0,0.0,0.0000,-0.33,-0.42,0.71,0.71
5.3844,5.3738,10.6,0,-161.2,11.6,-3.0868,-172.7,15.2,-3.0792,0.0,0.0,0.0000,-34.3,10.7,0.0307,33.7,-12.5,0,0.0,0.0,0.0000,-0.30,-0.01,0.66,0.58
5.3917,5.3821,9.6,0,-161.4,11.9,-3.0913,-172.7,15.2,-3.0792,0.0,0.0,0.0000,-33.9,9.8,0.0484,33.4,-11.5,0,0.0,0.0,0.0000,-0.35,0.30,1.09,0.73
5.3998,5.3906,9.2,0,-161.6,12.0,-3.0963,-172.7,15.2,-3.0792,0.0,0.0,0.0000,-33.1,9.6,0.0684,32.6,-11.1,0,0.0,0.0,0.0000,-0.54,0.06,0.67,0.49
5.4074,5.3990,8.4,0,-161.3,11.8,-3.0892,-172.7,15.2,-3.0792,0.0,0.0,0.0000,-34.1,10.0,0.0399,33.5,-11.7,0,0.0,0.0,0.0000,-0.64,-0.16,0.84,0.28
5.4164,5.4075,8.8,0,-161.5,11.8,-3.0904,-172.7,15.2,-3.0792,0.0,0.0,0.0000,-33.3,10.1,0.0450,32.8,-11.8,0,0.0,0.0,0.0000,-0.70,-0.09,0.54,0.30
5.4239,5.4159,7.9,0,-161.6,12.2,-3.0934,-172.7,15.2,-3.0792,0.0,0.0,0.0000,-33.0,8.9,0.0567,32.6,-10.5,0,0.0,0.0,0.0000,-0.92,-0.93,0.82,0.04
5.4321,5.4244,7.8,0,-162.5,12.3,-3.1073,-172.7,15.2,-3.0792,0.0,0.0,0.0000,-30.4,8.7,0.1126,30.1,-9.7,0,0.0,0.0,0.0000,-1.99,-0.61,0.51,-0.17
5.4393,5.4328,6.5,0,-162.7,12.5,-3.1101,-172.7,15.2,-3.0792,0.0,0.0,0.0000,-30.0,7.9,0.1235,29.7,-8.8,0,0.0,0.0,0.0000,-1.05,-0.58,0.41,0.15
5.4473,5.4413,6.0,0,-162.8,12.8,-3.1116,-172.7,15.2,-3.0792,0.0,0.0,0.0000,-29.5,7.2,0.1296,29.3,-8.1,0,0.0,0.0,0.0000,-1.22,-0.25,0.41,0.05
5.4552,5.4497,5.5,0,-162.8,12.4,-3.1112,-172.7,15.2,-3.0792,0.0,0.0,0.0000,-29.6,8.2,0.1280,29.3,-9.1,0,0.0,0.0,0.0000,-0.95,-0.08,0.66,-0.13
5.4641,5.4582,5.9,0,-162.7,12.4,-3.1032,-172.7,15.2,-3.0792,0.0,0.0,0.0000,-29.8,8.4,0.0960,29.4,-9.6,0,0.0,0.0,0.0000,-0.90,-0.47,0.32,0.34
5.4722,5.4582,14.0,0,-162.7,12.4,-3.1032,-172.7,15.2,-3.0792,0.0,0.0,0.0000,-29.8,8.4,0.0960,29.4,-9.6,0,0.0,0.0,0.0000,-1.16,-0.81,0.42,0.38
5.4799,5.4751,4.8,0,-163.7,12.7,-3.1170,-172.7,15.2,-3.0792,0.0,0.0,0.0000,-26.8,7.5,0.1514,26.6,-8.1,0,0.0,0.0,0.0000,-1.54,-1.04,0.31,0.28
5.4882,5.4835,4.7,0,-163.8,13.0,-3.1148,-172.7,15.2,-3.0792,0.0,0.0,0.0000,-26.7,6.6,0.1426,26.5,-7.3,0,0.0,0.0,0.0000,-1.34,-0.27,0.99,0.49
5.4955,5.4920,3.5,0,-163.8,12.7,-3.1139,-172.7,15.2,-3.0792,0.0,0.0,0.0000,-26.6,7.5,0.1389,26.4,-8.2,0,0.0,0.0,0.0000,-0.62,-1.30,0.79,0.38
5.5041,5.4920,12.1,0,-163.8,12.7,-3.1139,-172.7,15.2,-3.0792,0.0,0.0,0.0000,-26.6,7.5,0.1389,26.4,-8.2,0,0.0,0.0,0.0000,-0.58,-0.29,0.70,0.77
5.5117,5.5090,2.8,0,-164.3,12.9,-3.1097,-172.7,15.2,-3.0792,0.0,0.0,0.0000,-25.1,6.8,0.1222,24.9,-7.6,0,0.0,0.0,0.0000,-0.45,0.26,0.80,1.00
5.5203,5.5173,3.0,0,-164.6,13.0,-3.1073,-172.7,15.2,-3.0792,0.0,0.0,0.0000,-24.1,6.6,0.1126,23.9,-7.4,0,0.0,0.0,0.0000,0.15,-0.95,1.63,1.47
5.5278,5.5257,2.1,0,-164.6,13.2,-3.1019,-172.7,15.2,-3.0792,0.0,0.0,0.0000,-24.1,5.8,0.0908,23.8,-6.7,0,0.0,0.0,0.0000,-0.26,0.55,1.39,1.34
5.5354,5.5257,9.7,0,-164.6,13.2,-3.1019,-172.7,15.2,-3.0792,0.0,0.0,0.0000,-24.1,5.8,0.0908,23.8,-6.7,0,0.0,0.0,0.0000,-0.16,0.30,1.44,1.31
5.5439,5.5342,9.7,0,-164.9,12.7,-3.1026,-172.7,15.2,-3.0792,0.0,0.0,0.0000,-23.1,7.4,0.0937,22.8,-8.2,0,0.0,0.0,0.0000,0.11,0.41,1.56,1.86
5.5516,5.5428,8.8,0,-164.8,12.8,-3.1009,-172.7,15.2,-3.0792,0.0,0.0,0.0000,-23.4,7.1,0.0869,23.1,-8.1,0,0.0,0.0,0.0000,0.01,-0.16,1.64,1.85
5.5593,5.5511,8.2,0,-165.1,12.9,-3.0902,-172.7,15.2,-3.0792,0.0,0.0,0.0000,-22.8,6.7,0.0441,22.4,-7.8,0,0.0,0.0,0.0000,0.61,0.37,1.85,1.70
5.5680,5.5595,8.5,0,-165.7,12.7,-3.0863,-172.7,15.2,-3.0792,0.0,0.0,0.0000,-20.9,7.3,0.0286,20.5,-8.4,0,0.0,0.0,0.0000,0.31,0.83,1.71,1.49
5.5758,5.5680,7.8,0,-165.5,12.6,-3.0872,-172.7,15.2,-3.0792,0.0,0.0,0.0000,-21.5,7.8,0.0319,21.0,-8.9,0,0.0,0.0,0.0000,0.17,0.42,1.88,1.91
5.5841,5.5764,7.7,0,-165.5,12.8,-3.0762,-172.7,15.2,-3.0792,0.0,0.0,0.0000,-21.4,7.0,-0.0118,20.9,-8.4,0,0.0,0.0,0.0000,0.22,0.19,1.74,1.82
5.5916,5.5849,6.7,0,-165.9,12.9,-3.0718,-172.7,15.2,-3.0792,0.0,0.0,0.0000,-20.3,6.8,-0.0296,19.8,-8.2,0,0.0,0.0,0.0000,-0.04,0.04,1.58,1.80
5.5998,5.5933,6.5,0,-165.9,12.8,-3.0753,-172.7,15.2,-3.0792,0.0,0.0,0.0000,-20.1,7.1,-0.0155,19.6,-8.4,0,0.0,0.0,0.0000,-0.09,-0.20,1.55,1.47
5.6082,5.6018,6.4,0,-165.9,13.1,-3.0735,-172.7,15.2,-3.0792,0.0,0.0,0.0000,-20.2,6.1,-0.0226,19.8,-7.4,0,0.0,0.0,0.0000,0.01,0.03,1.41,1.42
5.6156,5.6102,5.4,0,-166.6,12.7,-3.0694,-172.7,15.2,-3.0792,0.0,0.0,0.0000,-18.1,7.5,-0.0393,17.5,-8.8,0,0.0,0.0,0.0000,2.54,-0.25,1.14,1.42
5.6242,5.6187,5.5,0,-166.6,12.9,-3.0660,-172.7,15.2,-3.0792,0.0,0.0,0.0000,-18.2,6.7,-0.0526,17.7,-8.0,0,0.0,0.0,0.0000,-0.27,-0.09,1.16,1.60
5.6319,5.6271,4.8,0,-167.1,13.0,-3.0595,-172.7,15.2,-3.0792,0.0,0.0,0.0000,-16.6,6.5,-0.0789,16.0,-7.9,0,0.0,0.0,0.0000,-0.20,-0.52,1.27,1.19
5.6402,5.6356,4.7,0,-167.3,13.4,-3.0635,-172.7,15.2,-3.0792,0.0,0.0,0.0000,-16.0,5.3,-0.0628,15.5,-6.6,0,0.0,0.0,0.0000,-0.40,-0.19,1.16,1.09
5.6484,5.6440,4.4,0,-167.6,13.1,-3.0611,-172.7,15.2,-3.0792,0.0,0.0,0.0000,-15.1,6.2,-0.0722,14.5,-7.4,0,0.0,0.0,0.0000,-0.74,-0.10,1.02,0.90
5.6561,5.6525,3.6,0,-167.9,13.3,-3.0563,-172.7,15.2,-3.0792,0.0,0.0,0.0000,-14.2,5.5,-0.0915,13.7,-6.7,0,0.0,0.0,0.0000,-0.31,-0.58,0.51,0.60
5.6636,5.6610,2.6,0,-167.9,13.5,-3.0591,-172.7,15.2,-3.0792,0.0,0.0,0.0000,-14.1,5.0,-0.0803,13.7,-6.2,0,0.0,0.0,0.0000,-1.11,-0.70,0.44,0.45
5.6714,5.6694,2.1,0,-168.0,13.3,-3.0538,-172.7,15.2,-3.0792,0.0,0.0,0.0000,-14.0,5.7,-0.1016,13.4,-6.9,0,0.0,0.0,0.0000,-1.04,-0.90,0.35,-0.06
5.6803,5.6778,2.4,0,-168.3,13.0,-3.0630,-172.7,15.2,-3.0792,0.0,0.0,0.0000,-13.1,6.5,-0.0648,12.5,-7.5,0,0.0,0.0,0.0000,-1.32,-0.25,0.19,-0.10
5.6883,5.6778,10.5,0,-168.3,13.0,-3.0630,-172.7,15.2,-3.0792,0.0,0.0,0.0000,-13.1,6.5,-0.0648,12.5,-7.5,0,0.0,0.0,0.0000,-1.13,-1.02,0.17,0.05
5.6954,5.6863,9.1,0,-168.2,12.9,-3.0578,-172.7,15.2,-3.0792,0.0,0.0,0.0000,-13.3,6.8,-0.0857,12.7,-7.9,0,0.0,0.0,0.0000,-0.74,-0.58,-0.43,0.24
5.7039,5.6947,9.2,0,-168.1,13.1,-3.0634,-172.7,15.2,-3.0792,0.0,0.0,0.0000,-13.5,6.2,-0.0631,13.0,-7.3,0,0.0,0.0,0.0000,0.05,-0.69,-0.48,-0.52
5.7121,5.7032,9.0,0,-168.3,13.5,-3.0683,-172.7,15.2,-3.0792,0.0,0.0,0.0000,-13.0,4.9,-0.0436,12.6,-5.8,0,0.0,0.0,0.0000,-1.26,-0.81,-0.50,-0.89
5.7199,5.7116,8.3,0,-168.4,12.9,-3.0726,-172.7,15.2,-3.0792,0.0,0.0,0.0000,-12.9,6.9,-0.0263,12.4,-7.8,0,0.0,0.0,0.0000,-1.39,-0.67,-0.44,-0.56
5.7277,5.7201,7.7,0,-168.1,13.1,-3.0674,-172.7,15.2,-3.0792,0.0,0.0,0.0000,-13.8,6.2,-0.0473,13.3,-7.2,0,0.0,0.0,0.0000,-1.05,-1.86,-0.44,-0.51
5.7362,5.7285,7.7,0,-168.4,13.0,-3.0774,-172.7,15.2,-3.0792,0.0,0.0,0.0000,-12.6,6.5,-0.0072,12.2,-7.3,0,0.0,0.0,0.0000,-0.85,-0.50,-0.30,-0.76
5.7436,5.7370,6.7,0,-168.5,13.7,-3.0820,-172.7,15.2,-3.0792,0.0,0.0,0.0000,-12.4,4.3,0.0114,12.1,-5.0,0,0.0,0.0,0.0000,-0.91,-0.38,-0.13,-0.58
5.7514,5.7454,6.0,0,-168.2,13.6,-3.0723,-172.7,15.2,-3.0792,0.0,0.0,0.0000,-13.3,4.8,-0.0277,12.9,-5.7,0,0.0,0.0,0.0000,-0.27,-0.42,-0.51,-0.31
5.7602,5.7539,6.4,0,-168.7,13.5,-3.0831,-172.7,15.2,-3.0792,0.0,0.0,0.0000,-11.8,4.9,0.0159,11.5,-5.5,0,0.0,0.0,0.0000,-0.51,-0.60,-0.32,-0.35
5.7682,5.7623,5.9,0,-169.1,13.2,-3.0875,-172.7,15.2,-3.0792,0.0,0.0,0.0000,-10.7,5.9,0.0333,10.4,-6.5,0,0.0,0.0,0.0000,-0.57,-0.51,0.03,-0.11
5.7762,5.7708,5.4,0,-168.6,13.0,-3.0847,-172.7,15.2,-3.0792,0.0,0.0,0.0000,-12.1,6.5,0.0222,11.7,-7.2,0,0.0,0.0,0.0000,-0.13,-0.16,-0.24,0.07
5.7833,5.7792,4.1,0,-168.6,13.3,-3.0840,-172.7,15.2,-3.0792,0.0,0.0,0.0000,-12.2,5.6,0.0194,11.9,-6.3,0,0.0,0.0,0.0000,-0.68,-0.12,0.02,0.27
5.7913,5.7876,3.7,0,-169.0,13.4,-3.0875,-172.7,15.2,-3.0792,0.0,0.0,0.0000,-10.9,5.4,0.0335,10.6,-5.9,0,0.0,0.0,0.0000,-0.13,0.05,0.08,0.17
5.7998,5.7961,3.7,0,-168.9,13.2,-3.0883,-172.7,15.2,-3.0792,0.0,0.0,0.0000,-11.2,5.8,0.0366,10.9,-6.4,0,0.0,0.0,0.0000,0.07,0.41,0.45,-0.03
5.8079,5.8045,3.3,0,-168.8,13.2,-3.0831,-172.7,15.2,-3.0792,0.0,0.0,0.0000,-11.7,5.8,0.0155,11.3,-6.5,0,0.0,0.0,0.0000,0.65,0.19,0.40,0.25
5.8163,5.8130,3.3,0,-168.4,13.2,-3.0668,-172.7,15.2,-3.0792,0.0,0.0,0.0000,-12.8,6.0,-0.0496,12.3,-7.0,0,0.0,0.0,0.0000,0.38,0.49,0.81,0.61
5.8238,5.8214,2.4,0,-168.5,13.0,-3.0684,-172.7,15.2,-3.0792,0.0,0.0,0.0000,-12.6,6.6,-0.0430,12.1,-7.5,0,0.0,0.0,0.0000,0.27,0.37,0.38,0.52
5.8314,5.8214,9.9,0,-168.5,13.0,-3.0684,-172.7,15.2,-3.0792,0.0,0.0,0.0000,-12.6,6.6,-0.0430,12.1,-7.5,0,0.0,0.0,0.0000,-0.07,0.26,0.43,0.07
5.8393,5.8299,9.4,0,-168.5,13.6,-3.0754,-172.7,15.2,-3.0792,0.0,0.0,0.0000,-12.3,4.8,-0.0151,12.0,-5.6,0,0.0,0.0,0.0000,0.42,0.41,0.09,0.10
5.8478,5.8384,9.4,0,-168.6,13.4,-3.0754,-172.7,15.2,-3.0792,0.0,0.0,0.0000,-12.2,5.3,-0.0153,11.8,-6.1,0,0.0,0.0,0.0000,0.57,0.41,0.46,0.20
5.8559,5.8468,9.1,0,-168.7,13.3,-3.0753,-172.7,15.2,-3.0792,0.0,0.0,0.0000,-11.7,5.5,-0.0154,11.4,-6.2,0,0.0,0.0,0.0000,0.58,-0.70,0.11,0.32
5.8633,5.8552,8.0,0,-168.6,13.5,-3.0682,-172.7,15.2,-3.0792,0.0,0.0,0.0000,-12.1,5.0,-0.0438,11.7,-5.9,0,0.0,0.0,0.0000,0.16,0.28,0.34,0.19
5.8724,5.8637,8.7,0,-168.7,13.3,-3.0721,-172.7,15.2,-3.0792,0.0,0.0,0.0000,-11.9,5.6,-0.0283,11.5,-6.4,0,0.0,0.0,0.0000,-0.34,0.35,0.10,0.12
5.8796,5.8722,7.5,0,-168.5,13.5,-3.0611,-172.7,15.2,-3.0792,0.0,0.0,0.0000,-12.6,5.1,-0.0724,12.1,-6.1,0,0.0,0.0,0.0000,0.10,-0.19,0.05,0.16
5.8881,5.8806,7.5,0,-168.8,12.8,-3.0729,-172.7,15.2,-3.0792,0.0,0.0,0.0000,-11.5,7.0,-0.0252,11.0,-7.7,0,0.0,0.0,0.0000,-0.13,-0.24,0.00,-0.22
5.8958,5.8890,6.7,0,-168.8,13.2,-3.0689,-172.7,15.2,-3.0792,0.0,0.0,0.0000,-11.6,5.9,-0.0410,11.1,-6.8,0,0.0,0.0,0.0000,-0.17,-0.06,-0.29,-0.19
5.9036,5.8975,6.2,0,-169.0,13.2,-3.0807,-172.7,15.2,-3.0792,0.0,0.0,0.0000,-10.9,5.9,0.0061,10.5,-6.5,0,0.0,0.0,0.0000,-0.35,-0.38,0.04,-0.24
5.9116,5.9059,5.7,0,-168.9,13.5,-3.0806,-172.7,15.2,-3.0792,0.0,0.0,0.0000,-11.3,5.0,0.0059,11.0,-5.7,0,0.0,0.0,0.0000,-0.74,-0.32,-0.08,-0.08
