t_s,tv_s,vision_age_ms,held,pose_x_mm,pose_y_mm,pose_theta_rad,ref_x_mm,ref_y_mm,ref_theta_rad,ref_vx_mm_s,ref_vy_mm_s,ref_omega_rad_s,cmd_world_vx_mm_s,cmd_world_vy_mm_s,cmd_omega_rad_s,cmd_body_vx_mm_s,cmd_body_vy_mm_s,near_goal,pred_x_mm,pred_y_mm,pred_theta_rad,wheel_fl_rad_s,wheel_bl_rad_s,wheel_br_rad_s,wheel_fr_rad_s
-0.2990,-0.3012,2.2,0,12.2,-1792.9,2.6302,12.2,-1792.9,2.6302,0.0,0.0,0.0000,0.0,0.0,0.0000,0.0,-0.0,0,0.0,0.0,0.0000,0.00,0.00,0.00,0.00
-0.2908,-0.2929,2.2,0,11.7,-1793.6,2.6246,12.2,-1792.9,2.6302,0.0,0.0,0.0000,1.3,1.9,0.0227,-0.2,-2.3,0,0.0,0.0,0.0000,0.00,0.00,0.00,0.00
-0.2826,-0.2929,10.4,0,11.7,-1793.6,2.6246,12.2,-1792.9,2.6302,0.0,0.0,0.0000,1.3,1.9,0.0227,-0.2,-2.3,0,0.0,0.0,0.0000,0.00,0.00,0.00,0.00
-0.2740,-0.2761,2.2,0,12.0,-1793.5,2.6284,12.2,-1792.9,2.6302,0.0,0.0,0.0000,0.4,1.8,0.0074,0.5,-1.8,0,0.0,0.0,0.0000,0.00,0.00,0.00,0.00
-0.2665,-0.2677,1.1,0,12.0,-1792.8,2.6315,12.2,-1792.9,2.6302,0.0,0.0,0.0000,0.4,-0.5,-0.0051,-0.6,0.2,0,0.0,0.0,0.0000,0.00,0.00,0.00,0.00
-0.2590,-0.2590,0.1,0,12.0,-1793.3,2.6296,12.2,-1792.9,2.6302,0.0,0.0,0.0000,0.6,1.1,0.0025,0.1,-1.3,0,0.0,0.0,0.0000,0.00,0.00,0.00,0.00
-0.2507,-0.2590,8.4,0,12.0,-1793.3,2.6296,12.2,-1792.9,2.6302,0.0,0.0,0.0000,0.6,1.1,0.0025,0.1,-1.3,0,0.0,0.0,0.0000,0.00,0.00,0.00,0.00
-0.2421,-0.2422,0.1,0,12.1,-1792.8,2.6268,12.2,-1792.9,2.6302,0.0,0.0,0.0000,0.3,-0.5,0.0137,-0.5,0.3,0,0.0,0.0,0.0000,0.00,0.00,0.00,0.00
-0.2348,-0.2422,7.4,0,12.1,-1792.8,2.6268,12.2,-1792.9,2.6302,0.0,0.0,0.0000,0.3,-0.5,0.0137,-0.5,0.3,0,0.0,0.0,0.0000,0.00,0.00,0.00,0.00
-0.2265,-0.2291,2.6,0,12.0,-1793.1,2.6272,12.2,-1792.9,2.6302,0.0,0.0,0.0000,0.5,0.6,0.0123,-0.2,-0.8,0,0.0,0.0,0.0000,0.00,0.00,0.00,0.00
-0.2183,-0.2250,6.7,0,12.0,-1793.1,2.6328,12.2,-1792.9,2.6302,0.0,0.0,0.0000,0.7,0.4,-0.0103,-0.4,-0.7,0,0.0,0.0,0.0000,0.00,0.00,0.00,0.00
-0.2101,-0.2146,4.5,0,12.4,-1792.8,2.6386,12.2,-1792.9,2.6302,0.0,0.0,0.0000,-0.5,-0.4,-0.0335,0.3,0.6,0,0.0,0.0,0.0000,0.00,0.00,0.00,0.00
-0.2020,-0.2085,6.5,0,11.6,-1793.0,2.6227,12.2,-1792.9,2.6302,0.0,0.0,0.0000,1.7,0.1,0.0302,-1.4,-0.9,0,0.0,0.0,0.0000,0.00,0.00,0.00,0.00
-0.1949,-0.1999,5.0,0,12.6,-1792.8,2.6418,12.2,-1792.9,2.6302,0.0,0.0,0.0000,-1.3,-0.5,-0.0462,0.9,1.1,0,0.0,0.0,0.0000,0.00,0.00,0.00,0.00
-0.1861,-0.1915,5.4,0,12.0,-1792.9,2.6303,12.2,-1792.9,2.6302,0.0,0.0,0.0000,0.5,-0.1,-0.0003,-0.5,-0.1,0,0.0,0.0,0.0000,0.00,0.00,0.00,0.00
-0.1783,-0.1812,2.9,0,12.0,-1792.8,2.6295,12.2,-1792.9,2.6302,0.0,0.0,0.0000,0.6,-0.4,0.0028,-0.7,0.0,0,0.0,0.0,0.0000,0.00,0.00,0.00,0.00
-0.1706,-0.1743,3.7,0,12.1,-1793.1,2.6276,12.2,-1792.9,2.6302,0.0,0.0,0.0000,0.2,0.6,0.0105,0.1,-0.6,0,0.0,0.0,0.0000,0.00,0.00,0.00,0.00
-0.1628,-0.1640,1.3,0,12.2,-1792.9,2.6218,12.2,-1792.9,2.6302,0.0,0.0,0.0000,-0.1,-0.2,0.0336,-0.0,0.3,0,0.0,0.0,0.0000,0.00,0.00,0.00,0.00
-0.1542,-0.1574,3.3,0,12.1,-1793.0,2.6329,12.2,-1792.9,2.6302,0.0,0.0,0.0000,0.4,0.3,-0.0107,-0.2,-0.5,0,0.0,0.0,0.0000,0.00,0.00,0.00,0.00
-0.1467,-0.1479,1.2,0,12.3,-1793.0,2.6273,12.2,-1792.9,2.6302,0.0,0.0,0.0000,-0.2,0.2,0.0119,0.3,-0.1,0,0.0,0.0,0.0000,0.00,0.00,0.00,0.00
-0.1385,-0.1408,2.3,0,11.9,-1793.1,2.6265,12.2,-1792.9,2.6302,0.0,0.0,0.0000,0.7,0.5,0.0150,-0.4,-0.8,0,0.0,0.0,0.0000,0.00,0.00,0.00,0.00
-0.1300,-0.1408,10.8,0,11.9,-1793.1,2.6265,12.2,-1792.9,2.6302,0.0,0.0,0.0000,0.7,0.5,0.0150,-0.4,-0.8,0,0.0,0.0,0.0000,0.00,0.00,0.00,0.00
-0.1222,-0.1237,1.4,0,12.4,-1792.9,2.6318,12.2,-1792.9,2.6302,0.0,0.0,0.0000,-0.6,-0.3,-0.0062,0.4,0.5,0,0.0,0.0,0.0000,0.00,0.00,0.00,0.00
-0.1148,-0.1237,8.9,0,12.4,-1792.9,2.6318,12.2,-1792.9,2.6302,0.0,0.0,0.0000,-0.6,-0.3,-0.0062,0.4,0.5,0,0.0,0.0,0.0000,0.00,0.00,0.00,0.00
-0.1068,-0.1069,0.1,0,12.1,-1792.4,2.6199,12.2,-1792.9,2.6302,0.0,0.0,0.0000,0.4,-1.5,0.0412,-1.1,1.1,0,0.0,0.0,0.0000,0.00,0.00,0.00,0.00
-0.0988,-0.1069,8.1,0,12.1,-1792.4,2.6199,12.2,-1792.9,2.6302,0.0,0.0,0.0000,0.4,-1.5,0.0412,-1.1,1.1,0,0.0,0.0,0.0000,0.00,0.00,0.00,0.00
-0.0908,-0.0983,7.5,0,12.1,-1793.1,2.6321,12.2,-1792.9,2.6302,0.0,0.0,0.0000,0.3,0.5,-0.0073,-0.0,-0.6,0,0.0,0.0,0.0000,0.00,0.00,0.00,0.00
-0.0824,-0.0899,7.5,0,11.8,-1793.0,2.6338,12.2,-1792.9,2.6302,0.0,0.0,0.0000,-4.3,3.2,0.5708,5.3,-0.7,0,0.0,0.0,0.0000,0.00,0.00,0.00,0.00
-0.0743,-0.0808,6.5,0,12.1,-1792.4,2.6346,12.2,-1792.9,2.6302,0.0,0.0,0.0000,-7.0,2.3,0.5021,7.2,1.4,0,0.0,0.0,0.0000,0.00,0.00,0.00,0.00
-0.0668,-0.0728,6.0,0,11.9,-1792.0,2.6194,12.2,-1792.9,2.6302,0.0,0.0,0.0000,-14.8,6.2,0.1747,16.0,2.0,0,0.0,0.0,0.0000,0.00,0.00,0.00,0.00
-0.0582,-0.0644,6.3,0,11.9,-1792.9,2.6247,12.2,-1792.9,2.6302,0.0,0.0,0.0000,-22.3,12.8,-0.0644,25.7,-0.2,0,0.0,0.0,0.0000,0.00,0.00,0.00,0.00
-0.0497,-0.0563,6.6,0,12.0,-1793.1,2.6229,12.2,-1792.9,2.6302,0.0,0.0,0.0000,-30.5,17.2,0.0294,35.0,0.2,0,0.0,0.0,0.0000,0.00,0.00,0.00,0.00
-0.0427,-0.0473,4.6,0,12.0,-1793.1,2.6281,12.2,-1792.9,2.6302,0.0,0.0,0.0000,-36.9,20.6,0.0084,42.2,0.1,0,0.0,0.0,0.0000,0.00,0.00,0.00,0.00
-0.0345,-0.0390,4.5,0,12.4,-1793.6,2.6352,12.2,-1792.9,2.6302,0.0,0.0,0.0000,-45.4,26.2,-0.0198,52.4,-0.9,0,0.0,0.0,0.0000,0.00,0.00,0.00,0.00
-0.0265,-0.0309,4.4,0,12.2,-1793.1,2.6326,12.2,-1792.9,2.6302,0.0,0.0,0.0000,-51.6,28.7,-0.0093,59.1,0.1,0,0.0,0.0,0.0000,0.00,0.00,0.00,0.00
-0.0181,-0.0241,6.1,0,12.2,-1793.0,2.6357,12.2,-1792.9,2.6302,0.0,0.0,0.0000,-58.7,32.5,-0.0220,67.1,0.0,0,0.0,0.0,0.0000,0.00,0.00,0.00,0.00
-0.0099,-0.0137,3.8,0,12.6,-1792.4,2.6382,12.2,-1792.9,2.6302,0.0,0.0,0.0000,-66.8,34.4,-0.0320,75.1,2.1,0,0.0,0.0,0.0000,0.00,0.00,0.00,0.00
-0.0023,-0.0053,3.0,0,12.1,-1793.1,2.6297,12.2,-1792.9,2.6302,0.0,0.0,0.0000,-72.3,40.7,-0.1283,83.0,-0.1,0,0.0,0.0,0.0000,0.00,0.00,0.00,0.00
0.0053,0.0040,1.3,0,11.4,-1792.4,2.6072,12.2,-1792.9,2.6325,-5.0,2.8,0.6017,-76.8,42.2,0.0802,87.6,2.9,0,0.0,0.0,0.0000,0.00,0.00,0.00,0.00
0.0150,0.0116,3.4,0,11.9,-1792.8,2.6258,12.1,-1792.9,2.6369,-8.0,4.5,0.4873,-87.3,47.1,1.1580,99.2,2.0,0,0.0,0.0,0.0000,0.00,0.00,0.00,0.00
0.0215,0.0200,1.5,0,12.1,-1792.9,2.6301,12.0,-1792.8,2.6392,-17.2,9.8,0.0471,-94.0,50.3,1.2628,106.6,2.2,0,0.0,0.0,0.0000,0.00,0.00,0.00,0.00
0.0297,0.0284,1.3,0,12.3,-1792.6,2.6341,11.8,-1792.7,2.6387,-24.6,13.7,-0.0773,-102.7,53.4,0.1004,115.7,3.2,0,0.0,0.0,0.0000,0.00,0.00,0.00,0.00
0.0370,0.0369,0.1,0,11.9,-1793.4,2.6244,11.6,-1792.6,2.6386,-32.4,17.5,0.0000,-109.1,59.2,-0.1542,124.1,2.5,0,0.0,0.0,0.0000,0.00,0.00,0.00,0.00
0.0453,0.0452,0.1,0,12.0,-1792.9,2.6381,11.3,-1792.4,2.6386,-39.8,21.5,0.0000,-117.6,62.5,0.9052,133.2,2.0,0,0.0,0.0,0.0000,0.00,0.00,0.00,0.00
0.0539,0.0538,0.1,0,11.6,-1792.4,2.6218,10.9,-1792.2,2.6386,-47.5,25.9,-0.0000,-125.5,65.2,1.2645,141.3,5.8,0,0.0,0.0,0.0000,0.00,0.00,0.00,0.00
0.0612,0.0538,7.3,0,11.6,-1792.4,2.6218,10.9,-1792.2,2.6386,-47.5,25.9,-0.0000,-133.4,67.8,0.2230,149.5,7.4,0,0.0,0.0,0.0000,0.00,0.00,0.00,0.00
0.0696,0.0624,7.3,0,12.3,-1792.6,2.6336,10.5,-1792.0,2.6386,-54.8,30.0,0.0000,-144.6,72.1,-0.1579,161.4,7.3,0,0.0,0.0,0.0000,0.00,0.00,0.00,0.00
0.0770,0.0705,6.6,0,12.2,-1792.8,2.6290,10.0,-1791.7,2.6386,-61.6,33.9,0.0000,-152.0,77.2,0.9074,170.4,7.3,0,0.0,0.0,0.0000,0.00,0.00,0.00,0.00
0.0860,0.0783,7.8,0,12.0,-1792.8,2.6302,9.5,-1791.5,2.6386,-68.5,37.7,-0.0000,-161.7,81.6,1.2189,180.9,7.9,0,0.0,0.0,0.0000,0.00,0.00,0.00,0.00
0.0933,0.0876,5.6,0,11.7,-1792.9,2.6281,8.8,-1791.1,2.6376,-76.8,42.6,-0.1410,-170.2,84.4,0.1791,189.7,10.1,0,0.0,0.0,0.0000,0.00,0.00,0.00,0.00
0.1022,0.0959,6.3,0,12.4,-1792.9,2.6352,8.2,-1790.7,2.6385,-84.2,45.8,0.5080,-183.3,88.5,-0.0996,203.2,11.5,0,0.0,0.0,0.0000,0.00,0.00,0.00,0.00
0.1098,0.1046,5.2,0,12.1,-1792.9,2.6280,7.4,-1790.3,2.6476,-91.8,49.3,1.2985,-191.0,92.8,0.9390,211.9,13.1,0,0.0,0.0,0.0000,0.00,0.00,0.00,0.00
0.1173,0.1130,4.3,0,11.7,-1793.1,2.6193,6.6,-1789.9,2.6557,-99.7,53.0,0.3353,-199.0,97.5,1.3609,221.1,14.8,0,0.0,0.0,0.0000,0.00,0.00,0.00,0.00
0.1251,0.1212,3.9,0,12.0,-1793.3,2.6327,5.7,-1789.4,2.6549,-107.3,56.5,-0.2417,-210.4,102.0,1.2397,233.4,13.4,0,0.0,0.0,0.0000,0.00,0.00,0.00,0.00
0.1339,0.1301,3.8,0,11.8,-1792.7,2.6299,4.7,-1788.9,2.6567,-115.3,60.9,0.8729,-221.3,104.2,1.1512,244.0,17.5,0,0.0,0.0,0.0000,0.00,0.00,0.00,0.00
0.1417,0.1383,3.4,0,12.0,-1793.1,2.6268,3.8,-1788.4,2.6665,-122.7,64.5,1.2390,-232.9,108.2,0.2533,256.0,20.5,0,0.0,0.0,0.0000,0.00,0.00,0.00,0.00
0.1500,0.1465,3.6,0,12.3,-1792.9,2.6261,2.7,-1787.9,2.6727,-130.4,66.9,0.1136,-245.2,111.3,0.0380,268.2,24.0,0,0.0,0.0,0.0000,0.00,0.00,0.00,0.00
0.1581,0.1555,2.6,0,12.1,-1793.4,2.6328,1.5,-1787.2,2.6712,-138.7,70.1,-0.1144,-255.3,116.1,1.0154,279.5,23.0,0,0.0,0.0,0.0000,0.00,0.00,0.00,0.00
0.1659,0.1635,2.4,0,12.3,-1793.3,2.6267,0.4,-1786.7,2.6748,-145.5,73.9,1.0556,-266.7,119.3,1.4184,290.9,27.5,0,0.0,0.0,0.0000,0.00,0.00,0.00,0.00
0.1732,0.1720,1.2,0,12.2,-1792.7,2.6311,-0.9,-1786.0,2.6852,-153.4,76.9,1.1084,-277.8,121.0,1.2632,301.5,30.2,0,0.0,0.0,0.0000,0.00,0.00,0.00,0.00
0.1822,0.1807,1.4,0,12.2,-1793.1,2.6349,-2.3,-1785.3,2.6893,-162.7,78.9,-0.1306,-291.4,126.1,1.2585,316.0,31.1,0,0.0,0.0,0.0000,0.00,0.00,0.00,0.00
0.1896,0.1895,0.1,0,12.0,-1792.8,2.6281,-3.7,-1784.6,2.6878,-170.9,82.0,0.1074,-301.6,128.1,1.2800,325.6,36.5,0,0.0,0.0,0.0000,0.00,0.00,0.00,0.00
0.1976,0.1975,0.1,0,12.1,-1793.1,2.6259,-5.1,-1784.0,2.6931,-177.8,85.3,1.0526,-314.1,132.1,1.3101,338.4,40.0,0,0.0,0.0,0.0000,0.00,0.00,0.00,0.00
0.2053,0.1975,7.8,0,12.1,-1793.1,2.6259,-5.1,-1784.0,2.6931,-177.8,85.3,1.0526,-326.2,134.6,1.3470,350.2,43.8,0,0.0,0.0,0.0000,0.00,0.00,0.00,0.00
0.2137,0.2058,7.8,0,11.9,-1792.7,2.6241,-6.6,-1783.2,2.7028,-185.9,88.1,1.1543,-338.9,136.4,1.3928,362.0,49.2,0,0.0,0.0,0.0000,0.00,0.00,0.00,0.00
0.2220,0.2147,7.4,0,12.1,-1792.8,2.6336,-8.3,-1782.5,2.7130,-194.6,91.2,1.2042,-353.9,139.4,1.3901,377.0,50.4,0,0.0,0.0,0.0000,0.00,0.00,0.00,0.00
0.2300,0.2225,7.5,0,11.9,-1793.3,2.6271,-9.9,-1781.7,2.7210,-202.5,92.8,0.7016,-366.8,143.6,1.4229,389.9,55.5,0,0.0,0.0,0.0000,0.00,0.00,0.00,0.00
0.2372,0.2313,5.9,0,12.1,-1792.9,2.6319,-11.7,-1780.9,2.7221,-211.5,94.5,-0.2544,-378.7,144.9,1.3983,401.3,58.3,0,0.0,0.0,0.0000,0.00,0.00,0.00,0.00
0.2454,0.2400,5.4,0,11.9,-1793.1,2.6263,-13.6,-1780.1,2.7219,-219.7,96.4,0.5201,-392.1,147.8,1.4408,414.0,64.6,0,0.0,0.0,0.0000,0.00,0.00,0.00,0.00
0.2540,0.2483,5.7,0,12.5,-1793.3,2.6365,-15.4,-1779.3,2.7295,-227.4,98.2,1.1811,-409.2,150.4,1.4415,430.9,66.4,0,0.0,0.0,0.0000,0.00,0.00,0.00,0.00
0.2618,0.2565,5.4,0,12.6,-1792.9,2.6304,-17.3,-1778.5,2.7390,-236.1,100.1,1.0419,-423.9,151.0,1.4990,443.6,75.7,0,0.0,0.0,0.0000,0.00,0.00,0.00,0.00
0.2696,0.2648,4.8,0,12.0,-1792.9,2.6282,-19.3,-1777.6,2.7477,-244.8,102.0,1.0419,-436.5,152.5,1.5393,455.2,81.5,0,0.0,0.0,0.0000,0.00,0.00,0.00,0.00
0.2777,0.2733,4.4,0,12.3,-1792.7,2.6333,-21.5,-1776.7,2.7566,-253.1,103.2,1.0414,-452.4,153.6,1.5527,470.0,86.0,0,0.0,0.0,0.0000,0.00,0.00,0.00,0.00
0.2859,0.2821,3.8,0,12.0,-1793.4,2.6289,-23.7,-1775.8,2.7657,-261.8,104.5,1.0411,-466.3,157.4,1.4687,483.5,91.6,0,0.0,0.0,0.0000,0.00,0.00,0.00,0.00
0.2939,0.2905,3.4,0,12.7,-1792.5,2.6444,-25.9,-1775.0,2.7745,-270.4,105.1,1.0417,-475.8,153.6,1.5893,491.5,92.0,0,0.0,0.0,0.0000,0.00,0.00,0.00,0.00
0.3018,0.2988,2.9,0,12.0,-1792.9,2.6268,-28.2,-1774.1,2.7832,-279.1,105.8,1.0420,-476.5,151.6,2.0000,489.4,102.6,0,0.0,0.0,0.0000,0.00,0.00,0.00,0.00
0.3096,0.3073,2.3,0,12.1,-1792.9,2.6301,-30.6,-1773.2,2.7920,-288.5,106.4,1.0420,-477.5,148.3,2.0000,489.0,104.4,0,0.0,0.0,0.0000,0.00,0.00,0.00,0.00
0.3181,0.3157,2.4,0,12.0,-1792.6,2.6263,-33.1,-1772.3,2.8007,-297.4,106.8,1.0418,-479.2,142.7,1.9237,487.3,112.0,0,0.0,0.0,0.0000,0.00,0.00,0.00,0.00
0.3256,0.3242,1.4,0,12.2,-1792.4,2.6376,-35.7,-1771.4,2.8096,-305.6,107.2,1.0412,-480.4,138.6,1.5625,487.6,110.6,0,0.0,0.0,0.0000,0.00,0.00,0.00,0.00
0.3340,0.3328,1.2,0,12.3,-1793.0,2.6337,-38.3,-1770.4,2.8185,-314.7,107.1,1.0413,-480.9,136.8,1.7864,486.7,114.4,0,0.0,0.0,0.0000,0.00,0.00,0.00,0.00
0.3421,0.3409,1.2,0,12.5,-1792.7,2.6375,-40.9,-1769.6,2.8270,-323.9,106.6,1.0420,-482.0,132.8,1.8049,486.2,116.5,0,0.0,0.0,0.0000,0.00,0.00,0.00,0.00
0.3492,0.3409,8.3,0,12.5,-1792.7,2.6375,-40.9,-1769.6,2.8270,-323.9,106.6,1.0420,-482.7,130.2,1.7221,485.6,119.1,0,0.0,0.0,0.0000,0.00,0.00,0.00,0.00
0.3571,0.3500,7.1,0,12.2,-1793.3,2.6324,-43.9,-1768.6,2.8365,-333.9,105.7,1.0418,-483.1,128.9,1.8502,484.6,123.0,0,0.0,0.0,0.0000,0.00,0.00,0.00,0.00
0.3655,0.3577,7.8,0,12.0,-1792.8,2.6293,-46.5,-1767.8,2.8445,-342.4,104.9,1.0411,-484.3,124.2,2.0000,483.0,129.1,0,0.0,0.0,0.0000,0.00,0.00,0.00,0.00
0.3736,0.3661,7.6,0,11.5,-1792.8,2.6225,-49.4,-1766.9,2.8532,-351.2,103.9,1.0414,-485.1,121.3,2.0000,481.3,135.3,0,0.0,0.0,0.0000,0.00,0.00,0.00,0.00
0.3813,0.3749,6.4,0,12.2,-1792.8,2.6284,-52.6,-1766.0,2.8616,-360.5,102.9,0.8842,-485.9,117.9,2.0000,481.2,135.8,0,0.0,0.0,0.0000,0.00,0.00,0.00,0.00
0.3893,0.3839,5.4,0,12.0,-1793.3,2.6298,-55.8,-1765.1,2.8717,-370.3,101.1,1.5479,-486.4,116.0,1.8792,480.8,137.1,0,0.0,0.0,0.0000,0.00,0.00,0.00,0.00
0.3976,0.3914,6.2,0,12.1,-1793.4,2.6362,-58.7,-1764.3,2.8872,-379.6,100.2,2.3394,-487.1,112.8,2.0000,480.8,137.1,0,0.0,0.0,0.0000,0.00,0.00,0.00,0.00
0.4054,0.4001,5.3,0,11.9,-1792.8,2.6297,-62.0,-1763.5,2.9054,-384.2,95.8,1.5512,-488.1,108.5,2.0000,478.7,144.4,0,0.0,0.0,0.0000,0.00,0.00,0.00,0.00
0.4130,0.4085,4.6,0,12.1,-1793.0,2.6295,-65.2,-1762.7,2.9151,-390.2,92.0,0.8970,-488.6,106.0,2.0000,477.9,147.0,0,0.0,0.0,0.0000,0.00,0.00,0.00,0.00
0.4217,0.4171,4.6,0,12.1,-1792.6,2.6308,-68.6,-1761.9,2.9230,-390.4,87.6,1.0419,-489.5,102.0,2.0000,476.9,150.3,0,0.0,0.0,0.0000,0.00,0.00,0.00,0.00
0.4295,0.4255,4.0,0,12.1,-1791.9,2.6254,-71.9,-1761.2,2.9318,-391.7,83.4,1.0419,-490.4,97.4,2.0000,474.6,157.4,0,0.0,0.0,0.0000,0.00,0.00,0.00,0.00
0.4378,0.4355,2.3,0,12.2,-1793.1,2.6287,-75.8,-1760.4,2.9419,-391.9,78.4,0.8875,-490.6,96.5,2.0000,474.8,156.6,0,0.0,0.0,0.0000,0.00,0.00,0.00,0.00
0.4461,0.4422,3.9,0,12.2,-1793.1,2.6296,-78.5,-1759.9,2.9480,-392.4,75.0,1.0147,-491.3,92.8,2.0000,473.8,159.8,0,0.0,0.0,0.0000,0.00,0.00,0.00,0.00
0.4539,0.4513,2.6,0,12.2,-1793.0,2.6322,-82.0,-1759.2,2.9614,-393.7,70.3,2.0775,-491.9,89.7,2.0000,473.2,161.6,0,0.0,0.0,0.0000,0.00,0.00,0.00,0.00
0.4619,0.4592,2.7,0,12.1,-1792.9,2.6264,-85.1,-1758.7,2.9792,-394.5,66.1,2.2190,-492.3,87.2,2.0000,471.4,166.7,0,0.0,0.0,0.0000,0.00,0.00,0.00,0.00
0.4701,0.4676,2.5,0,11.8,-1793.6,2.6286,-88.5,-1758.1,2.9935,-394.9,61.5,1.1688,-492.6,85.7,2.0000,471.2,167.1,0,0.0,0.0,0.0000,0.00,0.00,0.00,0.00
0.4778,0.4764,1.4,0,12.2,-1792.9,2.6320,-91.9,-1757.6,3.0018,-395.8,56.8,0.8867,-493.4,81.2,2.0000,470.3,169.8,0,0.0,0.0,0.0000,0.00,0.00,0.00,0.00
0.4856,0.4764,9.2,0,12.2,-1792.9,2.6320,-91.9,-1757.6,3.0018,-395.8,56.8,0.8867,-493.8,78.3,2.0000,469.3,172.6,0,0.0,0.0,0.0000,0.00,0.00,0.00,0.00
0.4930,0.4929,0.1,0,12.2,-1793.3,2.6394,-98.5,-1756.8,3.0187,-397.5,48.3,1.0418,-494.2,75.8,2.0000,469.7,171.5,0,0.0,0.0,0.0000,0.00,0.00,0.00,0.00
0.5018,0.5016,0.1,0,11.9,-1792.9,2.6247,-101.9,-1756.4,3.0271,-397.4,43.8,0.8681,-494.8,71.6,2.0000,465.6,182.3,0,0.0,0.0,0.0000,0.00,0.00,0.00,0.00
0.5091,0.5016,7.5,0,11.9,-1792.9,2.6247,-101.9,-1756.4,3.0271,-397.4,43.8,0.8681,-495.2,69.1,2.0000,464.6,184.7,0,0.0,0.0,0.0000,0.00,0.00,0.00,0.00
0.5174,0.5099,7.4,0,12.1,-1792.9,2.6299,-105.2,-1756.0,3.0356,-397.9,39.3,1.3164,-495.6,66.0,2.0000,464.4,185.2,0,0.0,0.0,0.0000,0.00,0.00,0.00,0.00
0.5261,0.5206,5.4,0,12.4,-1792.9,2.6345,-109.5,-1755.6,3.0567,-399.0,33.6,2.3393,-496.0,63.1,2.0000,464.2,185.7,0,0.0,0.0,0.0000,0.00,0.00,0.00,0.00
0.5334,0.5268,6.6,0,11.8,-1793.0,2.6285,-112.0,-1755.4,3.0698,-399.0,30.0,1.7845,-496.3,60.8,2.0000,462.2,190.7,0,0.0,0.0,0.0000,0.00,0.00,0.00,0.00
0.5411,0.5354,5.7,0,12.0,-1793.1,2.6317,-115.4,-1755.2,3.0807,-398.9,24.7,0.9315,-496.7,57.4,2.0000,461.5,192.3,0,0.0,0.0,0.0000,0.00,0.00,0.00,0.00
0.5490,0.5436,5.4,0,11.9,-1792.9,2.6290,-118.7,-1755.0,3.0882,-399.3,21.0,1.0186,-497.1,53.9,2.0000,459.6,196.8,0,0.0,0.0,0.0000,0.00,0.00,0.00,0.00
0.5576,0.5547,2.9,0,12.0,-1792.9,2.6215,-123.1,-1754.8,3.0985,-399.7,15.9,1.0433,-497.4,51.1,2.0000,457.0,202.8,0,0.0,0.0,0.0000,0.00,0.00,0.00,0.00
0.5652,0.5609,4.3,0,12.1,-1793.2,2.6319,-125.6,-1754.7,3.1067,-399.9,12.5,1.7307,-497.6,48.7,2.0000,458.1,200.3,0,0.0,0.0,0.0000,0.00,0.00,0.00,0.00
0.5733,0.5691,4.2,0,12.2,-1792.7,2.6290,-128.9,-1754.6,3.1245,-400.1,8.3,2.3283,-498.0,44.9,2.0000,456.0,205.1,0,0.0,0.0,0.0000,0.00,0.00,0.00,0.00
0.5813,0.5777,3.6,0,11.5,-1792.9,2.6236,-132.3,-1754.6,3.1410,-399.7,2.8,1.3596,-498.2,42.6,2.0000,453.9,209.7,0,0.0,0.0,0.0000,0.00,0.00,0.00,0.00
0.5898,0.5886,1.2,0,12.3,-1792.7,2.6307,-136.7,-1754.6,-3.1312,-399.7,-3.3,0.8910,-498.5,39.0,2.0000,453.9,209.7,0,0.0,0.0,0.0000,0.00,0.00,0.00,0.00
0.5976,0.5943,3.3,0,11.7,-1792.7,2.6208,-138.9,-1754.6,-3.1256,-400.5,-6.0,1.0413,-498.7,36.2,2.0000,450.6,216.7,0,0.0,0.0,0.0000,0.00,0.00,0.00,0.00
0.6058,0.6028,2.9,0,12.3,-1793.7,2.6335,-142.4,-1754.7,-3.1167,-400.7,-10.3,1.0412,-498.8,34.1,2.0000,452.4,212.9,0,0.0,0.0,0.0000,0.00,0.00,0.00,0.00
0.6139,0.6116,2.3,0,11.9,-1793.0,2.6320,-145.8,-1754.8,-3.1079,-399.5,-14.3,0.8874,-499.1,29.9,2.0000,450.3,217.4,0,0.0,0.0,0.0000,0.00,0.00,0.00,0.00
0.6213,0.6212,0.1,0,12.0,-1793.0,2.6287,-149.7,-1754.9,-3.0986,-399.0,-19.6,1.2418,-499.2,27.9,2.0000,448.7,220.6,0,0.0,0.0,0.0000,0.00,0.00,0.00,0.00
0.6299,0.6285,1.5,0,11.9,-1792.6,2.6271,-152.6,-1755.1,-3.0860,-399.0,-24.4,2.1926,-499.4,24.4,2.0000,446.7,224.5,0,0.0,0.0,0.0000,0.00,0.00,0.00,0.00
0.6371,0.6370,0.1,0,12.4,-1793.2,2.6363,-156.0,-1755.3,-3.0668,-398.8,-29.0,2.0419,-499.5,22.6,2.0000,448.0,222.0,0,0.0,0.0,0.0000,0.00,0.00,0.00,0.00
0.6453,0.6451,0.1,0,11.7,-1793.0,2.6253,-159.2,-1755.6,-3.0547,-398.5,-33.0,1.0569,-499.6,19.0,2.0000,443.9,230.1,0,0.0,0.0,0.0000,0.00,0.00,0.00,0.00
0.6535,0.6451,8.4,0,11.7,-1793.0,2.6253,-159.2,-1755.6,-3.0547,-398.5,-33.0,1.0569,-499.7,15.9,2.0000,442.4,232.9,0,0.0,0.0,0.0000,0.00,0.00,0.00,0.00
0.6617,0.6550,6.7,0,12.0,-1792.6,2.6289,-163.2,-1755.9,-3.0456,-398.2,-38.0,0.9828,-499.9,12.1,2.0000,441.5,234.6,0,0.0,0.0,0.0000,0.00,0.00,0.00,0.00
0.6694,0.6627,6.7,0,12.2,-1792.4,2.6369,-166.2,-1756.2,-3.0385,-398.1,-41.8,0.8791,-499.9,9.0,2.0000,442.0,233.8,0,0.0,0.0,0.0000,0.00,0.00,0.00,0.00
0.6780,0.6704,7.6,0,12.2,-1793.1,2.6318,-169.3,-1756.6,-3.0303,-397.6,-45.9,1.3687,-500.0,7.0,2.0000,439.8,237.9,0,0.0,0.0,0.0000,0.00,0.00,0.00,0.00
0.6853,0.6790,6.3,0,12.2,-1793.0,2.6321,-172.7,-1757.0,-3.0137,-397.2,-50.3,2.3306,-500.0,4.7,2.0000,438.8,239.7,0,0.0,0.0,0.0000,0.00,0.00,0.00,0.00
0.6939,0.6927,1.2,0,12.2,-1793.5,2.6327,-178.1,-1757.7,-2.9885,-395.5,-59.0,1.0870,-500.0,2.4,2.0000,437.8,241.5,0,0.0,0.0,0.0000,0.00,0.00,0.00,0.00
0.7016,0.6958,5.8,0,12.0,-1793.3,2.6305,-179.4,-1757.9,-2.9855,-395.1,-60.8,0.9185,-500.0,-0.8,2.0000,435.7,245.3,0,0.0,0.0,0.0000,0.00,0.00,0.00,0.00
0.7100,0.7042,5.8,0,11.9,-1793.3,2.6252,-182.7,-1758.5,-2.9777,-394.7,-64.2,1.0416,-500.0,-4.0,2.0000,432.8,250.3,0,0.0,0.0,0.0000,0.00,0.00,0.00,0.00
0.7173,0.7129,4.3,0,11.8,-1792.6,2.6321,-186.1,-1759.0,-2.9687,-394.1,-67.9,1.0420,-499.9,-7.9,2.0000,432.6,250.7,0,0.0,0.0,0.0000,0.00,0.00,0.00,0.00
0.7252,0.7218,3.4,0,12.0,-1792.8,2.6265,-189.6,-1759.7,-2.9595,-393.2,-73.0,0.9425,-499.9,-10.5,2.0000,429.9,255.4,0,0.0,0.0,0.0000,0.00,0.00,0.00,0.00
0.7331,0.7295,3.6,0,12.2,-1793.7,2.6290,-192.7,-1760.2,-2.9526,-392.5,-77.2,0.9755,-499.9,-12.0,2.0000,429.7,255.6,0,0.0,0.0,0.0000,0.00,0.00,0.00,0.00
0.7419,0.7383,3.6,0,12.0,-1792.8,2.6279,-196.1,-1760.9,-2.9406,-391.7,-82.0,1.9440,-499.7,-16.5,2.0000,427.1,259.9,0,0.0,0.0,0.0000,0.00,0.00,0.00,0.00
0.7492,0.7465,2.8,0,12.4,-1792.2,2.6354,-199.3,-1761.6,-2.9223,-390.8,-86.5,2.2696,-499.6,-19.8,2.0000,427.4,259.5,0,0.0,0.0,0.0000,0.00,0.00,0.00,0.00
0.7582,0.7557,2.4,0,12.0,-1793.5,2.6296,-202.9,-1762.4,-2.9063,-389.2,-91.6,1.1611,-499.6,-20.9,2.0000,425.3,263.0,0,0.0,0.0,0.0000,0.00,0.00,0.00,0.00
0.7660,0.7634,2.6,0,12.0,-1793.4,2.6345,-205.9,-1763.2,-2.8989,-388.2,-95.4,0.8718,-499.4,-23.9,2.0000,425.0,263.4,0,0.0,0.0,0.0000,0.00,0.00,0.00,0.00
0.7730,0.7718,1.2,0,12.5,-1792.9,2.6344,-209.1,-1764.0,-2.8911,-387.6,-98.9,0.8827,-499.3,-27.2,2.0000,423.2,266.2,0,0.0,0.0,0.0000,0.00,0.00,0.00,0.00
0.7816,0.7802,1.4,0,12.1,-1792.7,2.6366,-212.4,-1764.8,-2.8830,-386.6,-103.1,1.1583,-499.1,-30.8,2.0000,421.9,268.4,0,0.0,0.0,0.0000,0.00,0.00,0.00,0.00
0.7891,0.7890,0.1,0,11.6,-1792.9,2.6241,-215.8,-1765.7,-2.8683,-385.2,-107.9,2.2317,-498.9,-33.2,2.0000,417.1,275.7,0,0.0,0.0,0.0000,0.00,0.00,0.00,0.00
0.7975,0.7974,0.1,0,12.2,-1792.9,2.6296,-219.0,-1766.7,-2.8493,-383.8,-112.4,1.9915,-498.7,-36.1,2.0000,417.1,275.8,0,0.0,0.0,0.0000,0.00,0.00,0.00,0.00
0.8056,0.8055,0.1,0,11.9,-1793.6,2.6251,-222.1,-1767.6,-2.8377,-382.0,-117.1,1.0301,-498.6,-37.9,2.0000,414.8,279.2,0,0.0,0.0,0.0000,0.00,0.00,0.00,0.00
0.8137,0.8055,8.2,0,11.9,-1793.6,2.6251,-222.1,-1767.6,-2.8377,-382.0,-117.1,1.0301,-498.3,-40.6,2.0000,413.3,281.5,0,0.0,0.0,0.0000,0.00,0.00,0.00,0.00
0.8220,0.8142,7.8,0,12.2,-1793.1,2.6327,-225.5,-1768.6,-2.8297,-380.9,-121.6,0.9454,-498.0,-44.1,2.0000,413.4,281.2,0,0.0,0.0,0.0000,0.00,0.00,0.00,0.00
0.8296,0.8229,6.7,0,12.3,-1792.6,2.6356,-228.7,-1769.7,-2.8208,-380.2,-126.1,1.0420,-497.7,-47.7,2.0000,412.2,283.0,0,0.0,0.0,0.0000,0.00,0.00,0.00,0.00
0.8375,0.8309,6.6,0,12.2,-1793.1,2.6316,-231.8,-1770.8,-2.8124,-378.7,-129.8,1.0416,-497.5,-50.1,2.0000,409.7,286.6,0,0.0,0.0,0.0000,0.00,0.00,0.00,0.00
0.8452,0.8397,5.5,0,12.2,-1792.4,2.6384,-235.1,-1771.9,-2.8043,-376.9,-133.7,0.9022,-497.1,-53.5,2.0000,409.7,286.6,0,0.0,0.0,0.0000,0.00,0.00,0.00,0.00
0.8537,0.8481,5.7,0,12.2,-1792.4,2.6283,-238.3,-1773.0,-2.7945,-375.5,-138.0,1.5747,-496.8,-56.4,2.0000,405.1,293.1,0,0.0,0.0,0.0000,0.00,0.00,0.00,0.00
0.8618,0.8562,5.6,0,11.7,-1792.3,2.6241,-241.3,-1774.2,-2.7774,-374.3,-142.0,2.3437,-496.4,-59.7,2.0000,401.9,297.4,0,0.0,0.0,0.0000,0.00,0.00,0.00,0.00
0.8697,0.8649,4.7,0,11.9,-1793.1,2.6295,-244.6,-1775.4,-2.7599,-372.0,-146.8,1.4475,-496.2,-61.3,2.0000,402.5,296.6,0,0.0,0.0,0.0000,0.00,0.00,0.00,0.00
0.8779,0.8735,4.5,0,12.0,-1793.4,2.6293,-247.7,-1776.7,-2.7506,-370.0,-151.4,0.8763,-495.9,-63.5,2.0000,401.1,298.5,0,0.0,0.0,0.0000,0.00,0.00,0.00,0.00
0.8857,0.8821,3.6,0,11.7,-1792.4,2.6263,-250.9,-1778.0,-2.7425,-368.5,-155.2,1.0418,-495.4,-67.6,2.0000,397.7,303.0,0,0.0,0.0,0.0000,0.00,0.00,0.00,0.00
0.8933,0.8902,3.1,0,12.0,-1793.0,2.6328,-253.9,-1779.3,-2.7340,-367.0,-158.9,1.0420,-495.1,-69.8,2.0000,398.4,302.2,0,0.0,0.0,0.0000,0.00,0.00,0.00,0.00
0.9012,0.8999,1.3,0,11.8,-1792.6,2.6229,-257.5,-1780.9,-2.7243,-365.4,-163.3,0.8803,-494.6,-73.3,2.0000,393.2,308.8,0,0.0,0.0,0.0000,0.00,0.00,0.00,0.00
0.9092,0.9068,2.4,0,12.1,-1792.9,2.6303,-260.0,-1782.0,-2.7179,-363.8,-166.7,1.0524,-494.3,-75.4,2.0000,394.2,307.6,0,0.0,0.0,0.0000,0.00,0.00,0.00,0.00
0.9171,0.9157,1.4,0,12.2,-1793.3,2.6388,-263.2,-1783.5,-2.7044,-360.8,-171.6,2.1164,-494.0,-77.4,2.0000,395.5,305.9,0,0.0,0.0,0.0000,0.00,0.00,0.00,0.00
0.9251,0.9238,1.3,0,12.1,-1792.8,2.6364,-266.1,-1784.9,-2.6860,-358.8,-175.6,2.1681,-493.4,-80.9,2.0000,392.6,309.6,0,0.0,0.0,0.0000,0.00,0.00,0.00,0.00
0.9336,0.9324,1.2,0,11.9,-1792.9,2.6307,-269.2,-1786.4,-2.6722,-357.5,-179.4,1.1085,-492.9,-83.7,2.0000,389.1,314.0,0,0.0,0.0,0.0000,0.00,0.00,0.00,0.00
0.9410,0.9409,0.1,0,11.8,-1793.2,2.6237,-272.2,-1788.0,-2.6643,-355.7,-183.4,0.8989,-492.5,-86.0,2.0000,385.4,318.6,0,0.0,0.0,0.0000,0.00,0.00,0.00,0.00
0.9498,0.9497,0.1,0,12.0,-1792.7,2.6279,-275.3,-1789.6,-2.6561,-353.9,-187.8,0.8690,-491.9,-89.7,2.0000,384.3,319.8,0,0.0,0.0,0.0000,0.00,0.00,0.00,0.00
0.9572,0.9497,7.6,0,12.0,-1792.7,2.6279,-275.3,-1789.6,-2.6561,-353.9,-187.8,0.8690,-491.4,-92.3,2.0000,382.6,321.9,0,0.0,0.0,0.0000,0.00,0.00,0.00,0.00
0.9661,0.9660,0.1,0,12.2,-1792.6,2.6296,-281.1,-1792.7,-2.6327,-349.1,-194.6,2.2937,-490.8,-95.5,2.0000,381.1,323.7,0,0.0,0.0,0.0000,0.00,0.00,0.00,0.00
0.9736,0.9660,7.7,0,12.2,-1792.6,2.6296,-281.1,-1792.7,-2.6327,-349.1,-194.6,2.2937,-490.3,-98.1,2.0000,379.4,325.7,0,0.0,0.0,0.0000,0.00,0.00,0.00,0.00
0.9820,0.9745,7.5,0,12.2,-1792.8,2.6302,-284.0,-1794.4,-2.6138,-346.6,-199.0,1.8270,-489.8,-100.7,2.0000,377.8,327.5,0,0.0,0.0,0.0000,0.00,0.00,0.00,0.00
0.9899,0.9835,6.4,0,11.9,-1792.2,2.6204,-287.2,-1796.2,-2.6024,-343.9,-204.1,0.9286,-489.1,-103.8,2.0000,372.5,333.6,0,0.0,0.0,0.0000,0.00,0.00,0.00,0.00
0.9971,0.9917,5.4,0,12.1,-1792.6,2.6231,-289.9,-1797.9,-2.5950,-341.9,-207.3,1.0208,-488.7,-105.7,2.0000,372.1,334.0,0,0.0,0.0,0.0000,0.00,0.00,0.00,0.00
1.0056,0.9997,5.9,0,12.0,-1793.4,2.6269,-292.7,-1799.6,-2.5866,-339.7,-210.5,1.0411,-488.2,-108.1,2.0000,371.7,334.4,0,0.0,0.0,0.0000,0.00,0.00,0.00,0.00
1.0138,1.0091,4.7,0,12.3,-1792.3,2.6342,-295.9,-1801.6,-2.5769,-337.6,-214.8,0.9768,-487.3,-112.2,2.0000,371.4,334.8,0,0.0,0.0,0.0000,0.00,0.00,0.00,0.00
1.0215,1.0172,4.3,0,11.9,-1793.0,2.6311,-298.6,-1803.3,-2.5696,-335.7,-218.4,0.9598,-486.8,-114.0,2.0000,369.1,337.3,0,0.0,0.0,0.0000,0.00,0.00,0.00,0.00
1.0298,1.0253,4.5,0,12.0,-1792.6,2.6325,-301.3,-1805.1,-2.5591,-332.8,-222.1,1.7948,-486.1,-117.2,2.0000,367.3,339.2,0,0.0,0.0,0.0000,0.00,0.00,0.00,0.00
1.0380,1.0340,4.0,0,12.0,-1793.2,2.6275,-304.2,-1807.1,-2.5399,-329.9,-226.1,2.2935,-485.6,-119.3,2.0000,364.2,342.6,0,0.0,0.0,0.0000,0.00,0.00,0.00,0.00
1.0456,1.0340,11.6,0,12.0,-1793.2,2.6275,-304.2,-1807.1,-2.5399,-329.9,-226.1,2.2935,-484.9,-121.8,2.0000,362.4,344.5,0,0.0,0.0,0.0000,0.00,0.00,0.00,0.00
1.0539,1.0511,2.7,0,12.5,-1792.4,2.6316,-309.8,-1811.0,-2.5158,-324.3,-233.8,0.8696,-484.0,-125.3,2.0000,361.3,345.7,0,0.0,0.0,0.0000,0.00,0.00,0.00,0.00
1.0611,1.0589,2.2,0,12.2,-1792.8,2.6338,-312.3,-1812.8,-2.5085,-322.1,-237.2,0.9047,-483.5,-127.4,2.0000,360.5,346.4,0,0.0,0.0,0.0000,0.00,0.00,0.00,0.00
1.0693,1.0675,1.8,0,11.8,-1793.0,2.6281,-315.1,-1814.9,-2.5005,-319.6,-240.8,1.1002,-482.8,-130.1,2.0000,356.6,350.5,0,0.0,0.0,0.0000,0.00,0.00,0.00,0.00
1.0779,1.0764,1.5,0,12.5,-1792.7,2.6360,-317.9,-1817.1,-2.4862,-317.5,-243.9,2.1872,-481.9,-133.2,2.0000,357.1,350.0,0,0.0,0.0,0.0000,0.00,0.00,0.00,0.00
1.0859,1.0846,1.3,0,12.4,-1793.1,2.6346,-320.5,-1819.1,-2.4675,-314.6,-247.4,2.0829,-481.3,-135.6,2.0000,354.9,352.2,0,0.0,0.0,0.0000,0.00,0.00,0.00,0.00
1.0940,1.0927,1.2,0,12.1,-1793.2,2.6291,-323.0,-1821.1,-2.4551,-310.6,-251.4,1.0818,-480.5,-138.2,2.0000,351.0,356.1,0,0.0,0.0,0.0000,0.00,0.00,0.00,0.00
1.1015,1.0927,8.8,0,12.1,-1793.2,2.6291,-323.0,-1821.1,-2.4551,-310.6,-251.4,1.0818,-479.9,-140.5,2.0000,349.3,357.7,0,0.0,0.0,0.0000,0.00,0.00,0.00,0.00
1.1100,1.1099,0.1,0,11.7,-1792.9,2.6285,-328.3,-1825.5,-2.4385,-305.2,-258.3,1.0419,-478.9,-143.7,2.0000,346.7,360.3,0,0.0,0.0,0.0000,0.00,0.00,0.00,0.00
1.1180,1.1099,8.2,0,11.7,-1792.9,2.6285,-328.3,-1825.5,-2.4385,-305.2,-258.3,1.0419,-478.0,-146.8,2.0000,344.4,362.5,0,0.0,0.0,0.0000,0.00,0.00,0.00,0.00
1.1262,1.1185,7.7,0,11.9,-1793.4,2.6281,-330.9,-1827.7,-2.4295,-302.5,-261.7,1.0419,-477.3,-149.0,2.0000,342.6,364.2,0,0.0,0.0,0.0000,0.00,0.00,0.00,0.00
1.1340,1.1268,7.2,0,12.1,-1793.1,2.6294,-333.4,-1829.9,-2.4218,-300.0,-265.1,0.8811,-476.5,-151.6,2.0000,341.0,365.7,0,0.0,0.0,0.0000,0.00,0.00,0.00,0.00
1.1418,1.1355,6.3,0,12.1,-1793.6,2.6312,-336.0,-1832.2,-2.4121,-296.8,-268.4,1.4981,-475.8,-153.6,2.0000,340.1,366.5,0,0.0,0.0,0.0000,0.00,0.00,0.00,0.00
1.1497,1.1436,6.2,0,12.4,-1793.0,2.6331,-338.4,-1834.4,-2.3957,-293.9,-271.5,2.3410,-474.8,-156.8,2.0000,338.4,368.1,0,0.0,0.0,0.0000,0.00,0.00,0.00,0.00
1.1581,1.1524,5.8,0,11.9,-1792.8,2.6296,-341.0,-1836.8,-2.3774,-290.3,-275.1,1.5132,-473.8,-159.8,2.0000,334.7,371.4,0,0.0,0.0,0.0000,0.00,0.00,0.00,0.00
1.1650,1.1605,4.5,0,12.4,-1793.2,2.6378,-343.3,-1839.0,-2.3682,-287.0,-278.4,0.8970,-473.2,-161.4,2.0000,336.5,369.8,0,0.0,0.0,0.0000,0.00,0.00,0.00,0.00
1.1736,1.1709,2.7,0,12.1,-1792.9,2.6271,-346.3,-1842.0,-2.3585,-283.2,-282.5,0.9034,-472.1,-164.7,2.0000,330.0,375.7,0,0.0,0.0,0.0000,0.00,0.00,0.00,0.00
1.1814,1.1773,4.1,0,11.9,-1792.8,2.6282,-348.1,-1843.8,-2.3528,-280.9,-284.9,0.9618,-471.1,-167.5,2.0000,328.1,377.3,0,0.0,0.0,0.0000,0.00,0.00,0.00,0.00
1.1891,1.1859,3.3,0,11.8,-1793.1,2.6315,-350.5,-1846.2,-2.3414,-278.0,-287.4,1.8853,-470.3,-169.8,2.0000,327.5,377.8,0,0.0,0.0,0.0000,0.00,0.00,0.00,0.00
1.1977,1.1942,3.5,0,12.2,-1793.0,2.6316,-352.8,-1848.6,-2.3229,-275.0,-290.3,2.2862,-469.3,-172.4,2.0000,325.5,379.6,0,0.0,0.0,0.0000,0.00,0.00,0.00,0.00
1.2062,1.2026,3.6,0,12.1,-1792.9,2.6303,-355.1,-1851.1,-2.3077,-271.0,-294.3,1.2691,-468.3,-175.2,2.0000,322.6,382.0,0,0.0,0.0,0.0000,0.00,0.00,0.00,0.00
1.2141,1.2112,2.9,0,12.4,-1792.5,2.6413,-357.4,-1853.6,-2.2991,-267.4,-297.7,0.8695,-467.2,-178.2,2.0000,324.5,380.4,0,0.0,0.0,0.0000,0.00,0.00,0.00,0.00
1.2216,1.2204,1.2,0,12.1,-1792.8,2.6297,-359.8,-1856.4,-2.2901,-264.7,-300.5,1.0419,-466.3,-180.5,2.0000,318.1,385.8,0,0.0,0.0,0.0000,0.00,0.00,0.00,0.00
1.2291,1.2278,1.2,0,12.1,-1793.1,2.6256,-361.8,-1858.6,-2.2823,-261.7,-303.0,1.0419,-465.4,-182.6,2.0000,314.7,388.5,0,0.0,0.0,0.0000,0.00,0.00,0.00,0.00
1.2380,1.2365,1.5,0,12.1,-1792.9,2.6322,-364.1,-1861.3,-2.2737,-257.6,-305.9,0.8714,-464.2,-185.7,2.0000,314.7,388.5,0,0.0,0.0,0.0000,0.00,0.00,0.00,0.00
1.2452,1.2451,0.1,0,12.0,-1793.0,2.6254,-366.3,-1863.9,-2.2653,-254.0,-308.7,1.2397,-463.3,-187.9,2.0000,310.2,392.1,0,0.0,0.0,0.0000,0.00,0.00,0.00,0.00
1.2540,1.2451,8.8,0,12.0,-1793.0,2.6254,-366.3,-1863.9,-2.2653,-254.0,-308.7,1.2397,-462.2,-190.7,2.0000,307.9,394.0,0,0.0,0.0,0.0000,0.00,0.00,0.00,0.00
1.2614,1.2542,7.3,0,12.1,-1793.1,2.6275,-368.5,-1866.7,-2.2489,-250.5,-311.4,2.3039,-461.3,-192.9,2.0000,306.8,394.8,0,0.0,0.0,0.0000,0.00,0.00,0.00,0.00
1.2692,1.2617,7.5,0,11.9,-1792.9,2.6297,-370.4,-1869.1,-2.2321,-247.3,-314.1,1.9483,-460.2,-195.6,2.0000,305.4,395.9,0,0.0,0.0,0.0000,0.00,0.00,0.00,0.00
1.2773,1.2705,6.8,0,12.2,-1792.9,2.6308,-372.6,-1871.9,-2.2200,-243.6,-317.7,0.9746,-459.1,-198.1,2.0000,303.6,397.2,0,0.0,0.0,0.0000,0.00,0.00,0.00,0.00
1.2861,1.2786,7.4,0,12.0,-1792.7,2.6223,-374.5,-1874.5,-2.2127,-240.2,-320.0,0.9633,-457.8,-201.1,2.0000,297.6,401.8,0,0.0,0.0,0.0000,0.00,0.00,0.00,0.00
1.2932,1.2884,4.7,0,12.0,-1793.0,2.6295,-376.9,-1877.6,-2.2026,-236.0,-322.6,1.0420,-456.8,-203.2,2.0000,298.7,401.0,0,0.0,0.0,0.0000,0.00,0.00,0.00,0.00
1.3015,1.2957,5.9,0,12.2,-1792.7,2.6290,-378.6,-1879.9,-2.1950,-232.8,-325.1,1.0419,-455.5,-206.1,2.0000,295.9,403.0,0,0.0,0.0,0.0000,0.00,0.00,0.00,0.00
1.3100,1.3055,4.5,0,12.4,-1793.3,2.6353,-380.8,-1883.1,-2.1860,-228.5,-328.5,0.9721,-454.6,-208.1,2.0000,296.7,402.4,0,0.0,0.0,0.0000,0.00,0.00,0.00,0.00
1.3180,1.3124,5.6,0,11.9,-1792.6,2.6206,-382.4,-1885.4,-2.1773,-225.3,-330.5,1.6465,-453.2,-211.3,2.0000,287.9,408.8,0,0.0,0.0,0.0000,0.00,0.00,0.00,0.00
1.3261,1.3232,2.9,0,12.3,-1792.6,2.6282,-384.8,-1889.0,-2.1539,-220.4,-333.7,2.2176,-452.1,-213.6,2.0000,288.9,408.1,0,0.0,0.0,0.0000,0.00,0.00,0.00,0.00
1.3331,1.3299,3.2,0,12.5,-1793.1,2.6352,-386.3,-1891.3,-2.1419,-217.7,-335.5,1.3393,-451.3,-215.2,2.0000,290.3,407.1,0,0.0,0.0,0.0000,0.00,0.00,0.00,0.00
1.3414,1.3378,3.6,0,12.0,-1793.3,2.6256,-388.0,-1893.9,-2.1336,-214.3,-337.8,0.8717,-449.9,-218.1,2.0000,283.7,411.7,0,0.0,0.0,0.0000,0.00,0.00,0.00,0.00
1.3502,1.3466,3.6,0,12.3,-1792.8,2.6295,-389.8,-1896.9,-2.1255,-210.7,-340.3,0.9144,-448.4,-221.2,2.0000,282.5,412.6,0,0.0,0.0,0.0000,0.00,0.00,0.00,0.00
1.3571,1.3570,0.1,0,12.2,-1792.8,2.6392,-392.0,-1900.4,-2.1155,-206.0,-343.2,1.2226,-447.4,-223.2,2.0000,284.6,411.1,0,0.0,0.0,0.0000,0.00,0.00,0.00,0.00
1.3657,1.3633,2.3,0,12.1,-1792.9,2.6310,-393.3,-1902.6,-2.1051,-202.9,-344.8,2.0793,-446.1,-225.8,2.0000,278.9,415.0,0,0.0,0.0,0.0000,0.00,0.00,0.00,0.00
1.3734,1.3720,1.5,0,11.9,-1793.2,2.6270,-395.0,-1905.6,-2.0856,-198.7,-347.2,2.1530,-445.0,-228.0,2.0000,275.1,417.5,0,0.0,0.0,0.0000,0.00,0.00,0.00,0.00
1.3818,1.3805,1.2,0,12.5,-1792.7,2.6425,-396.7,-1908.6,-2.0720,-194.1,-349.9,1.0975,-443.6,-230.7,2.0000,279.1,414.9,0,0.0,0.0,0.0000,0.00,0.00,0.00,0.00
1.3894,1.3805,8.9,0,12.5,-1792.7,2.6425,-396.7,-1908.6,-2.0720,-194.1,-349.9,1.0975,-442.4,-232.9,2.0000,277.0,416.3,0,0.0,0.0,0.0000,0.00,0.00,0.00,0.00
1.3973,1.3972,0.1,0,12.0,-1793.0,2.6263,-399.9,-1914.5,-2.0559,-186.2,-353.4,1.0420,-441.2,-235.3,2.0000,267.9,422.2,0,0.0,0.0,0.0000,0.00,0.00,0.00,0.00
1.4052,1.3972,8.0,0,12.0,-1793.0,2.6263,-399.9,-1914.5,-2.0559,-186.2,-353.4,1.0420,-439.8,-237.9,2.0000,265.4,423.7,0,0.0,0.0,0.0000,0.00,0.00,0.00,0.00
1.4137,1.4092,4.5,0,11.9,-1792.7,2.6277,-402.1,-1918.7,-2.0435,-181.7,-356.5,0.9727,-438.2,-240.8,2.0000,263.3,425.1,0,0.0,0.0,0.0000,0.00,0.00,0.00,0.00
1.4211,1.4145,6.5,0,12.2,-1792.9,2.6319,-403.1,-1920.6,-2.0387,-179.9,-358.0,0.8764,-437.3,-242.5,2.0000,263.4,425.0,0,0.0,0.0,0.0000,0.00,0.00,0.00,0.00
1.4294,1.4238,5.7,0,12.0,-1792.9,2.6290,-404.7,-1923.9,-2.0284,-174.4,-360.2,1.5305,-435.8,-245.1,2.0000,259.6,427.3,0,0.0,0.0,0.0000,0.00,0.00,0.00,0.00
1.4376,1.4340,3.6,0,12.3,-1792.9,2.6306,-406.5,-1927.6,-2.0067,-168.3,-362.6,2.2950,-434.5,-247.4,2.0000,258.0,428.3,0,0.0,0.0,0.0000,0.00,0.00,0.00,0.00
1.4455,1.4394,6.1,0,12.1,-1793.2,2.6272,-407.4,-1929.6,-1.9956,-166.0,-363.7,1.6755,-433.2,-249.6,2.0000,254.3,430.5,0,0.0,0.0,0.0000,0.00,0.00,0.00,0.00
1.4534,1.4478,5.6,0,11.9,-1792.7,2.6212,-408.7,-1932.7,-1.9855,-162.2,-365.5,0.9185,-431.5,-252.5,2.0000,248.9,433.7,0,0.0,0.0,0.0000,0.00,0.00,0.00,0.00
1.4612,1.4569,4.4,0,11.9,-1793.0,2.6315,-410.2,-1936.0,-1.9771,-158.0,-367.5,0.9900,-430.3,-254.7,2.0000,251.1,432.4,0,0.0,0.0,0.0000,0.00,0.00,0.00,0.00
1.4697,1.4646,5.0,0,12.0,-1792.7,2.6320,-411.4,-1938.9,-1.9701,-154.5,-369.2,0.9339,-428.7,-257.4,2.0000,248.7,433.8,0,0.0,0.0,0.0000,0.00,0.00,0.00,0.00
1.4778,1.4732,4.6,0,11.8,-1792.8,2.6244,-412.7,-1942.0,-1.9594,-150.4,-370.6,1.7724,-427.3,-259.7,2.0000,243.0,437.0,0,0.0,0.0,0.0000,0.00,0.00,0.00,0.00
1.4852,1.4817,3.5,0,12.3,-1792.4,2.6338,-414.0,-1945.2,-1.9407,-146.3,-372.1,2.3090,-426.0,-261.7,2.0000,245.0,435.9,0,0.0,0.0,0.0000,0.00,0.00,0.00,0.00
1.4937,1.4901,3.6,0,12.2,-1792.8,2.6338,-415.2,-1948.3,-1.9250,-141.3,-374.2,1.3192,-424.7,-263.9,2.0000,242.8,437.1,0,0.0,0.0,0.0000,0.00,0.00,0.00,0.00
1.5013,1.4995,1.8,0,12.1,-1792.4,2.6264,-416.5,-1951.8,-1.9155,-136.4,-376.1,0.8725,-423.0,-266.6,2.0000,236.7,440.4,0,0.0,0.0,0.0000,0.00,0.00,0.00,0.00
1.5094,1.4995,9.9,0,12.1,-1792.4,2.6264,-416.5,-1951.8,-1.9155,-136.4,-376.1,0.8725,-421.4,-269.1,2.0000,234.1,441.8,0,0.0,0.0,0.0000,0.00,0.00,0.00,0.00
1.5176,1.5153,2.4,0,12.1,-1792.4,2.6374,-418.6,-1957.8,-1.8996,-129.6,-378.5,1.0412,-419.9,-271.5,2.0000,236.5,440.5,0,0.0,0.0,0.0000,0.00,0.00,0.00,0.00
1.5256,1.5242,1.4,0,12.6,-1792.8,2.6336,-419.7,-1961.2,-1.8907,-124.6,-380.0,0.8764,-418.7,-273.4,2.0000,232.8,442.5,0,0.0,0.0,0.0000,0.00,0.00,0.00,0.00
1.5337,1.5324,1.2,0,12.2,-1792.6,2.6299,-420.7,-1964.3,-1.8828,-120.2,-381.3,1.1755,-417.0,-275.9,2.0000,228.5,444.7,0,0.0,0.0,0.0000,0.00,0.00,0.00,0.00
1.5419,1.5406,1.2,0,12.4,-1792.7,2.6381,-421.7,-1967.4,-1.8691,-115.7,-382.6,2.2049,-415.6,-278.0,2.0000,229.9,444.0,0,0.0,0.0,0.0000,0.00,0.00,0.00,0.00
1.5494,1.5492,0.2,0,12.2,-1792.7,2.6321,-422.7,-1970.7,-1.8497,-111.4,-384.1,2.0132,-414.2,-280.1,2.0000,225.0,446.5,0,0.0,0.0,0.0000,0.00,0.00,0.00,0.00
1.5577,1.5576,0.1,0,12.0,-1792.4,2.6279,-423.6,-1974.0,-1.8376,-107.5,-386.0,1.0247,-412.4,-282.7,2.0000,220.3,448.9,0,0.0,0.0,0.0000,0.00,0.00,0.00,0.00
1.5661,1.5659,0.2,0,12.1,-1792.8,2.6314,-424.5,-1977.2,-1.8301,-103.4,-386.7,0.9316,-410.8,-285.0,2.0000,219.4,449.3,0,0.0,0.0,0.0000,0.00,0.00,0.00,0.00
1.5737,1.5659,7.8,0,12.1,-1792.8,2.6314,-424.5,-1977.2,-1.8301,-103.4,-386.7,0.9316,-409.3,-287.2,2.0000,217.0,450.5,0,0.0,0.0,0.0000,0.00,0.00,0.00,0.00
1.5820,1.5747,7.3,0,12.0,-1793.4,2.6333,-425.4,-1980.6,-1.8218,-98.9,-386.6,0.8793,-407.9,-289.1,2.0000,215.7,451.1,0,0.0,0.0,0.0000,0.00,0.00,0.00,0.00
1.5896,1.5831,6.5,0,12.1,-1792.7,2.6295,-426.2,-1983.8,-1.8127,-94.6,-388.4,1.4522,-406.2,-291.6,2.0000,211.1,453.2,0,0.0,0.0,0.0000,0.00,0.00,0.00,0.00
1.5978,1.5914,6.4,0,12.1,-1792.6,2.6271,-426.9,-1987.1,-1.7961,-90.4,-390.4,2.3396,-404.5,-293.9,2.0000,207.5,454.9,0,0.0,0.0,0.0000,0.00,0.00,0.00,0.00
1.6053,1.6001,5.3,0,12.2,-1792.8,2.6367,-427.7,-1990.5,-1.7779,-85.4,-391.0,1.5524,-403.1,-295.8,2.0000,209.7,453.9,0,0.0,0.0,0.0000,0.00,0.00,0.00,0.00
1.6131,1.6085,4.6,0,12.5,-1793.4,2.6370,-428.4,-1993.8,-1.7681,-80.4,-391.9,0.8955,-401.9,-297.5,2.0000,208.0,454.7,0,0.0,0.0,0.0000,0.00,0.00,0.00,0.00
1.6214,1.6167,4.7,0,12.0,-1792.5,2.6267,-429.0,-1997.0,-1.7606,-76.6,-392.6,1.0416,-399.6,-300.5,2.0000,199.8,458.3,0,0.0,0.0,0.0000,0.00,0.00,0.00,0.00
1.6294,1.6254,4.0,0,12.1,-1793.2,2.6324,-429.7,-2000.4,-1.7515,-72.4,-393.5,1.0420,-398.3,-302.3,2.0000,200.4,458.1,0,0.0,0.0,0.0000,0.00,0.00,0.00,0.00
1.6374,1.6341,3.3,0,12.1,-1792.5,2.6268,-430.3,-2003.8,-1.7426,-68.1,-393.8,0.9327,-396.3,-304.8,2.0000,194.9,460.5,0,0.0,0.0,0.0000,0.00,0.00,0.00,0.00
1.6457,1.6421,3.6,0,12.1,-1792.5,2.6261,-430.8,-2007.0,-1.7353,-63.9,-394.3,1.0081,-394.6,-307.1,2.0000,191.9,461.7,0,0.0,0.0,0.0000,0.00,0.00,0.00,0.00
1.6532,1.6506,2.6,0,12.1,-1792.9,2.6301,-431.3,-2010.3,-1.7232,-59.1,-395.8,1.9947,-393.1,-308.9,2.0000,191.6,461.8,0,0.0,0.0,0.0000,0.00,0.00,0.00,0.00
1.6616,1.6592,2.4,0,12.0,-1792.9,2.6294,-431.8,-2013.7,-1.7039,-54.4,-396.7,2.2180,-391.4,-311.1,2.0000,188.7,463.0,0,0.0,0.0,0.0000,0.00,0.00,0.00,0.00
1.6698,1.6673,2.5,0,12.2,-1792.9,2.6314,-432.3,-2017.0,-1.6901,-49.7,-396.8,1.1970,-389.7,-313.3,2.0000,187.1,463.7,0,0.0,0.0,0.0000,0.00,0.00,0.00,0.00
1.6776,1.6762,1.4,0,11.9,-1792.9,2.6319,-432.7,-2020.5,-1.6816,-45.0,-397.3,0.8817,-387.9,-315.5,2.0000,184.7,464.6,0,0.0,0.0,0.0000,0.00,0.00,0.00,0.00
1.6857,1.6845,1.2,0,12.2,-1792.9,2.6273,-433.0,-2023.8,-1.6733,-40.9,-397.8,1.0418,-386.3,-317.5,2.0000,180.1,466.4,0,0.0,0.0,0.0000,0.00,0.00,0.00,0.00
1.6939,1.6927,1.2,0,12.3,-1792.8,2.6373,-433.3,-2027.0,-1.6648,-36.8,-398.3,1.0420,-384.4,-319.8,2.0000,182.1,465.7,0,0.0,0.0,0.0000,0.00,0.00,0.00,0.00
1.7021,1.7014,0.8,0,11.9,-1792.9,2.6257,-433.7,-2030.5,-1.6564,-32.6,-398.9,0.8683,-382.5,-322.0,2.0000,173.9,468.8,0,0.0,0.0,0.0000,0.00,0.00,0.00,0.00
1.7100,1.7099,0.1,0,12.0,-1793.1,2.6304,-433.9,-2033.9,-1.6477,-27.8,-399.1,1.3115,-380.9,-323.8,2.0000,173.8,468.8,0,0.0,0.0,0.0000,0.00,0.00,0.00,0.00
1.7178,1.7099,7.9,0,12.0,-1793.1,2.6304,-433.9,-2033.9,-1.6477,-27.8,-399.1,1.3115,-379.3,-325.8,2.0000,171.4,469.7,0,0.0,0.0,0.0000,0.00,0.00,0.00,0.00
1.7252,1.7251,0.1,0,12.1,-1792.6,2.6273,-434.3,-2040.0,-1.6165,-19.1,-399.3,2.0229,-377.4,-327.9,2.0000,167.3,471.2,0,0.0,0.0,0.0000,0.00,0.00,0.00,0.00
1.7337,1.7251,8.5,0,12.1,-1792.6,2.6273,-434.3,-2040.0,-1.6165,-19.1,-399.3,2.0229,-375.5,-330.1,2.0000,164.6,472.1,0,0.0,0.0,0.0000,0.00,0.00,0.00,0.00
1.7413,1.7351,6.3,0,12.0,-1792.8,2.6298,-434.4,-2044.0,-1.6028,-14.3,-400.2,0.9460,-373.7,-332.1,2.0000,163.2,472.6,0,0.0,0.0,0.0000,0.00,0.00,0.00,0.00
1.7490,1.7437,5.4,0,12.2,-1791.9,2.6296,-434.5,-2047.4,-1.5950,-9.6,-400.0,1.0209,-371.6,-334.5,2.0000,160.1,473.7,0,0.0,0.0,0.0000,0.00,0.00,0.00,0.00
1.7581,1.7521,6.0,0,11.9,-1792.7,2.6236,-434.6,-2050.8,-1.5873,-5.1,-399.9,0.9140,-369.8,-336.5,2.0000,154.7,475.5,0,0.0,0.0,0.0000,0.00,0.00,0.00,0.00
1.7661,1.7604,5.6,0,12.0,-1793.2,2.6285,-434.6,-2054.1,-1.5773,-0.5,-399.8,1.6465,-368.3,-338.2,2.0000,154.9,475.4,0,0.0,0.0,0.0000,0.00,0.00,0.00,0.00
1.7734,1.7688,4.6,0,12.0,-1792.8,2.6240,-434.6,-2057.4,-1.5595,4.0,-399.7,2.3360,-366.5,-340.2,2.0000,150.2,476.9,0,0.0,0.0,0.0000,0.00,0.00,0.00,0.00
1.7817,1.7771,4.6,0,11.9,-1792.8,2.6303,-434.6,-2060.8,-1.5431,8.3,-400.1,1.4286,-364.5,-342.3,2.0000,150.4,476.9,0,0.0,0.0,0.0000,0.00,0.00,0.00,0.00
1.7894,1.7862,3.2,0,12.0,-1792.6,2.6269,-434.5,-2064.4,-1.5333,13.1,-400.3,0.8697,-362.6,-344.3,2.0000,146.2,478.2,0,0.0,0.0,0.0000,0.00,0.00,0.00,0.00
1.7974,1.7951,2.3,0,12.1,-1793.1,2.6311,-434.3,-2068.0,-1.5247,17.9,-399.4,1.0420,-361.0,-346.0,2.0000,145.9,478.2,0,0.0,0.0,0.0000,0.00,0.00,0.00,0.00
1.8056,1.8028,2.8,0,12.0,-1792.6,2.6300,-434.2,-2071.0,-1.5168,21.9,-399.0,1.0419,-358.7,-348.3,2.0000,142.3,479.3,0,0.0,0.0,0.0000,0.00,0.00,0.00,0.00
1.8137,1.8111,2.6,0,12.4,-1792.8,2.6373,-434.0,-2074.3,-1.5084,25.8,-398.8,0.8994,-357.0,-350.0,2.0000,143.5,479.0,0,0.0,0.0,0.0000,0.00,0.00,0.00,0.00
1.8214,1.8188,2.6,0,12.5,-1792.4,2.6375,-433.8,-2077.4,-1.5014,29.9,-398.6,1.0471,-355.1,-352.0,2.0000,140.9,479.7,0,0.0,0.0,0.0000,0.00,0.00,0.00,0.00
1.8292,1.8279,1.3,0,12.0,-1792.9,2.6308,-433.5,-2081.0,-1.4873,35.9,-398.5,2.1386,-353.2,-353.9,2.0000,135.1,481.4,0,0.0,0.0,0.0000,0.00,0.00,0.00,0.00
1.8378,1.8364,1.5,0,11.9,-1792.9,2.6295,-433.1,-2084.4,-1.4681,40.4,-398.2,2.1092,-351.1,-356.0,2.0000,131.7,482.4,0,0.0,0.0,0.0000,0.00,0.00,0.00,0.00
1.8450,1.8449,0.1,0,12.0,-1792.8,2.6271,-432.8,-2087.8,-1.4550,44.0,-397.9,1.0709,-349.4,-357.7,2.0000,128.1,483.3,0,0.0,0.0,0.0000,0.00,0.00,0.00,0.00
1.8535,1.8534,0.2,0,12.0,-1793.2,2.6318,-432.4,-2091.2,-1.4472,48.5,-397.2,0.9123,-347.3,-359.7,2.0000,127.6,483.4,0,0.0,0.0,0.0000,0.00,0.00,0.00,0.00
1.8618,1.8616,0.1,0,12.2,-1792.8,2.6270,-432.0,-2094.5,-1.4395,53.2,-396.2,0.8689,-345.2,-361.7,2.0000,122.5,484.8,0,0.0,0.0,0.0000,0.00,0.00,0.00,0.00
1.8691,1.8616,7.4,0,12.2,-1792.8,2.6270,-432.0,-2094.5,-1.4395,53.2,-396.2,0.8689,-343.5,-363.3,2.0000,120.3,485.3,0,0.0,0.0,0.0000,0.00,0.00,0.00,0.00
1.8777,1.8701,7.6,0,12.1,-1792.9,2.6266,-431.5,-2097.8,-1.4307,57.7,-395.6,1.3425,-341.4,-365.3,2.0000,117.2,486.1,0,0.0,0.0,0.0000,0.00,0.00,0.00,0.00
1.8855,1.8788,6.7,0,12.1,-1792.4,2.6360,-431.0,-2101.2,-1.4142,62.2,-395.2,2.3257,-339.2,-367.4,2.0000,118.8,485.7,0,0.0,0.0,0.0000,0.00,0.00,0.00,0.00
1.8940,1.8872,6.8,0,12.0,-1793.1,2.6279,-430.4,-2104.6,-1.3960,66.8,-394.4,1.7105,-337.3,-369.1,2.0000,112.4,487.2,0,0.0,0.0,0.0000,0.00,0.00,0.00,0.00
1.9021,1.8956,6.5,0,11.8,-1792.9,2.6277,-429.8,-2107.9,-1.3856,71.5,-393.5,0.9253,-335.1,-371.1,2.0000,109.4,487.9,0,0.0,0.0,0.0000,0.00,0.00,0.00,0.00
1.9096,1.9041,5.4,0,11.6,-1792.8,2.6238,-429.2,-2111.2,-1.3779,75.6,-392.8,1.0415,-333.1,-372.9,2.0000,104.8,488.9,0,0.0,0.0,0.0000,0.00,0.00,0.00,0.00
1.9175,1.9123,5.2,0,12.4,-1792.7,2.6317,-428.6,-2114.4,-1.3693,79.6,-392.2,1.0411,-331.3,-374.5,2.0000,106.3,488.6,0,0.0,0.0,0.0000,0.00,0.00,0.00,0.00
1.9262,1.9213,4.9,0,12.2,-1793.0,2.6286,-427.8,-2118.0,-1.3600,84.2,-391.1,0.9670,-329.1,-376.4,2.0000,102.0,489.5,0,0.0,0.0,0.0000,0.00,0.00,0.00,0.00
1.9332,1.9297,3.6,0,12.3,-1792.8,2.6263,-427.1,-2121.2,-1.3525,88.5,-390.2,0.9822,-327.4,-377.9,2.0000,98.6,490.2,0,0.0,0.0,0.0000,0.00,0.00,0.00,0.00
1.9411,1.9378,3.4,0,12.0,-1792.9,2.6270,-426.4,-2124.4,-1.3416,93.3,-389.1,1.8687,-325.2,-379.8,2.0000,96.2,490.7,0,0.0,0.0,0.0000,0.00,0.00,0.00,0.00
1.9494,1.9465,2.9,0,11.8,-1792.7,2.6198,-425.5,-2127.8,-1.3221,98.2,-387.9,2.2647,-322.9,-381.7,2.0000,89.6,491.9,0,0.0,0.0,0.0000,0.00,0.00,0.00,0.00
1.9577,1.9554,2.3,0,11.8,-1793.0,2.6310,-424.7,-2131.2,-1.3067,102.4,-386.2,1.1878,-320.8,-383.5,2.0000,92.5,491.4,0,0.0,0.0,0.0000,0.00,0.00,0.00,0.00
1.9656,1.9631,2.5,0,11.8,-1793.2,2.6246,-423.9,-2134.2,-1.2993,106.2,-385.1,0.8692,-318.8,-385.2,2.0000,86.8,492.4,0,0.0,0.0,0.0000,0.00,0.00,0.00,0.00
1.9732,1.9718,1.4,0,11.9,-1793.0,2.6319,-422.9,-2137.5,-1.2911,110.9,-384.2,0.8818,-316.7,-386.9,2.0000,87.7,492.2,0,0.0,0.0,0.0000,0.00,0.00,0.00,0.00
1.9818,1.9805,1.2,0,11.9,-1791.6,2.6264,-421.9,-2140.9,-1.2827,115.2,-383.2,1.1840,-313.8,-389.3,2.0000,81.3,493.3,0,0.0,0.0,0.0000,0.00,0.00,0.00,0.00
1.9898,1.9885,1.3,0,12.2,-1792.3,2.6263,-421.0,-2144.0,-1.2693,118.7,-382.2,2.1985,-312.1,-390.6,2.0000,79.1,493.7,0,0.0,0.0,0.0000,0.00,0.00,0.00,0.00
1.9970,1.9969,0.1,0,12.0,-1792.8,2.6251,-420.0,-2147.1,-1.2503,123.1,-380.8,2.0493,-310.4,-392.0,2.0000,76.4,494.1,0,0.0,0.0,0.0000,0.00,0.00,0.00,0.00
2.0053,1.9969,8.4,0,12.0,-1792.8,2.6251,-420.0,-2147.1,-1.2503,123.1,-380.8,2.0493,-308.2,-393.7,2.0000,73.6,494.6,0,0.0,0.0,0.0000,0.00,0.00,0.00,0.00
2.0134,2.0056,7.8,0,12.4,-1792.0,2.6375,-418.9,-2150.4,-1.2376,128.3,-379.1,1.0258,-305.9,-395.5,2.0000,76.8,494.1,0,0.0,0.0,0.0000,0.00,0.00,0.00,0.00
2.0222,2.0138,8.4,0,12.1,-1791.6,2.6283,-417.8,-2153.5,-1.2302,132.2,-377.5,0.9271,-303.2,-397.6,2.0000,68.9,495.2,0,0.0,0.0,0.0000,0.00,0.00,0.00,0.00
2.0301,2.0236,6.6,0,12.1,-1793.3,2.6302,-416.5,-2157.2,-1.2201,136.5,-375.7,1.0419,-301.7,-398.7,2.0000,67.9,495.4,0,0.0,0.0,0.0000,0.00,0.00,0.00,0.00
2.0381,2.0305,7.6,0,11.7,-1792.0,2.6205,-415.5,-2159.8,-1.2129,140.0,-374.5,1.0419,-298.8,-400.9,2.0000,59.6,496.4,0,0.0,0.0,0.0000,0.00,0.00,0.00,0.00
2.0460,2.0394,6.6,0,12.5,-1792.6,2.6392,-414.3,-2163.1,-1.2046,144.4,-373.1,0.8935,-297.3,-402.0,2.0000,67.0,495.5,0,0.0,0.0,0.0000,0.00,0.00,0.00,0.00
2.0542,2.0479,6.3,0,12.1,-1792.8,2.6280,-413.0,-2166.3,-1.1948,148.9,-371.3,1.5501,-295.0,-403.7,2.0000,58.5,496.6,0,0.0,0.0,0.0000,0.00,0.00,0.00,0.00
2.0614,2.0583,3.2,0,12.2,-1792.9,2.6325,-411.5,-2170.2,-1.1727,154.2,-369.2,2.2803,-293.1,-405.1,2.0000,58.4,496.6,0,0.0,0.0,0.0000,0.00,0.00,0.00,0.00
2.0700,2.0645,5.4,0,12.3,-1792.9,2.6374,-410.5,-2172.5,-1.1605,157.7,-367.6,1.4928,-290.8,-406.7,2.0000,58.1,496.6,0,0.0,0.0,0.0000,0.00,0.00,0.00,0.00
2.0781,2.0728,5.3,0,11.8,-1792.4,2.6202,-409.2,-2175.5,-1.1512,162.2,-365.7,0.8879,-288.0,-408.7,2.0000,46.2,497.9,0,0.0,0.0,0.0000,0.00,0.00,0.00,0.00
2.0852,2.0816,3.6,0,12.1,-1793.2,2.6340,-407.7,-2178.7,-1.1430,165.7,-363.9,1.0417,-286.5,-409.8,2.0000,51.1,497.4,0,0.0,0.0,0.0000,0.00,0.00,0.00,0.00
2.0934,2.0922,1.2,0,12.0,-1792.8,2.6273,-405.9,-2182.5,-1.1320,170.3,-361.8,1.0420,-283.9,-411.6,2.0000,44.7,498.0,0,0.0,0.0,0.0000,0.00,0.00,0.00,0.00
2.1017,2.0982,3.4,0,11.8,-1793.0,2.6312,-404.9,-2184.7,-1.1258,173.1,-360.8,0.9279,-281.6,-413.2,2.0000,43.8,498.1,0,0.0,0.0,0.0000,0.00,0.00,0.00,0.00
2.1098,2.1069,2.9,0,12.3,-1792.6,2.6378,-403.4,-2187.8,-1.1179,177.3,-359.0,1.0564,-279.5,-414.6,2.0000,44.6,498.0,0,0.0,0.0,0.0000,0.00,0.00,0.00,0.00
2.1179,2.1156,2.3,0,11.8,-1793.2,2.6301,-401.8,-2191.0,-1.1046,182.1,-356.1,2.1068,-277.1,-416.2,2.0000,38.0,498.6,0,0.0,0.0,0.0000,0.00,0.00,0.00,0.00
2.1251,2.1250,0.1,0,12.0,-1793.2,2.6262,-400.1,-2194.3,-1.0835,186.6,-353.6,2.0423,-275.2,-417.4,2.0000,33.7,498.9,0,0.0,0.0,0.0000,0.00,0.00,0.00,0.00
2.1337,2.1323,1.4,0,11.9,-1792.7,2.6260,-398.7,-2196.9,-1.0723,189.7,-352.1,1.1158,-272.5,-419.2,2.0000,30.4,499.1,0,0.0,0.0,0.0000,0.00,0.00,0.00,0.00
2.1412,2.1411,0.1,0,11.9,-1793.0,2.6287,-397.0,-2200.0,-1.0641,193.8,-349.8,0.9046,-270.3,-420.6,2.0000,29.1,499.2,0,0.0,0.0,0.0000,0.00,0.00,0.00,0.00
2.1491,2.1490,0.1,0,12.2,-1793.1,2.6333,-395.5,-2202.7,-1.0567,197.6,-347.4,0.8682,-268.2,-422.0,2.0000,29.0,499.2,0,0.0,0.0,0.0000,0.00,0.00,0.00,0.00
2.1572,2.1490,8.1,0,12.2,-1793.1,2.6333,-395.5,-2202.7,-1.0567,197.6,-347.4,0.8682,-266.0,-423.4,2.0000,26.3,499.3,0,0.0,0.0,0.0000,0.00,0.00,0.00,0.00
2.1653,2.1600,5.3,0,12.2,-1792.6,2.6323,-393.3,-2206.5,-1.0447,202.5,-344.8,1.5649,-263.5,-425.0,2.0000,22.8,499.5,0,0.0,0.0,0.0000,0.00,0.00,0.00,0.00
2.1738,2.1660,7.8,0,12.1,-1793.1,2.6305,-392.1,-2208.6,-1.0327,205.1,-343.4,2.2946,-261.2,-426.3,2.0000,19.4,499.6,0,0.0,0.0,0.0000,0.00,0.00,0.00,0.00
2.1861,2.1810,5.1,0,12.2,-1792.7,2.6252,-388.9,-2213.7,-1.0049,212.2,-339.4,1.0639,-257.6,-428.5,2.0000,12.4,499.8,0,0.0,0.0,0.0000,0.00,0.00,0.00,0.00
2.1944,2.1923,2.0,0,11.8,-1792.9,2.6227,-386.5,-2217.5,-0.9943,217.4,-335.7,1.0419,-254.9,-430.1,2.0000,8.0,499.9,0,0.0,0.0,0.0000,0.00,0.00,0.00,0.00
2.1979,2.1923,5.6,0,11.8,-1792.9,2.6227,-386.5,-2217.5,-0.9943,217.4,-335.7,1.0419,-253.9,-430.8,2.0000,6.8,500.0,0,0.0,0.0,0.0000,0.00,0.00,0.00,0.00
2.2057,2.1998,5.9,0,12.1,-1792.6,2.6257,-384.9,-2220.0,-0.9866,220.8,-333.1,1.0420,-251.6,-432.1,2.0000,5.7,500.0,0,0.0,0.0,0.0000,0.00,0.00,0.00,0.00
2.2138,2.2083,5.5,0,12.5,-1792.1,2.6462,-383.0,-2222.9,-0.9777,224.2,-331.0,1.0227,-249.3,-433.4,2.0000,13.3,499.8,0,0.0,0.0,0.0000,0.00,0.00,0.00,0.00
2.2210,2.2165,4.5,0,11.8,-1793.0,2.6292,-381.1,-2225.6,-0.9702,227.6,-329.0,0.9306,-247.0,-434.7,2.0000,2.1,500.0,0,0.0,0.0,0.0000,0.00,0.00,0.00,0.00
2.2291,2.2267,2.4,0,11.9,-1793.0,2.6289,-378.8,-2228.9,-0.9564,232.8,-325.8,2.0062,-244.6,-436.1,2.0000,-0.8,500.0,0,0.0,0.0,0.0000,0.00,0.00,0.00,0.00
2.2381,2.2335,4.6,0,11.7,-1792.6,2.6191,-377.2,-2231.1,-0.9412,236.1,-323.7,2.3169,-241.8,-437.6,2.0000,-8.8,499.9,0,0.0,0.0,0.0000,0.00,0.00,0.00,0.00
2.2455,2.2420,3.6,0,11.7,-1792.5,2.6258,-375.2,-2233.8,-0.9252,239.5,-320.5,1.3304,-239.6,-438.9,2.0000,-8.0,499.9,0,0.0,0.0,0.0000,0.00,0.00,0.00,0.00
2.2537,2.2511,2.7,0,12.1,-1792.5,2.6322,-373.0,-2236.7,-0.9159,243.2,-317.5,0.8686,-237.3,-440.1,2.0000,-7.5,499.9,0,0.0,0.0,0.0000,0.00,0.00,0.00,0.00
2.2612,2.2589,2.4,0,12.1,-1792.5,2.6314,-371.0,-2239.2,-0.9086,245.5,-315.4,0.9047,-235.0,-441.4,2.0000,-10.5,499.9,0,0.0,0.0,0.0000,0.00,0.00,0.00,0.00
2.2695,2.2671,2.3,0,11.7,-1793.0,2.6232,-369.0,-2241.8,-0.9010,248.6,-312.8,1.0744,-232.5,-442.7,2.0000,-17.4,499.7,0,0.0,0.0,0.0000,0.00,0.00,0.00,0.00
2.2780,2.2757,2.3,0,11.8,-1791.8,2.6255,-366.9,-2244.5,-0.8878,253.1,-309.5,2.1157,-229.7,-444.1,2.0000,-19.5,499.6,0,0.0,0.0,0.0000,0.00,0.00,0.00,0.00
2.2852,2.2840,1.2,0,11.9,-1793.3,2.6283,-364.7,-2247.0,-0.8689,256.9,-306.5,2.1497,-227.9,-445.0,2.0000,-20.0,499.6,0,0.0,0.0,0.0000,0.00,0.00,0.00,0.00
2.2939,2.2925,1.4,0,11.9,-1793.3,2.6302,-362.6,-2249.6,-0.8555,260.3,-303.5,1.1024,-225.3,-446.4,2.0000,-22.0,499.5,0,0.0,0.0,0.0000,0.00,0.00,0.00,0.00
2.3010,2.2925,8.6,0,11.9,-1793.3,2.6302,-362.6,-2249.6,-0.8555,260.3,-303.5,1.1024,-223.2,-447.4,2.0000,-24.2,499.4,0,0.0,0.0,0.0000,0.00,0.00,0.00,0.00
2.3098,2.3097,0.1,0,12.1,-1791.5,2.6212,-358.0,-2254.8,-0.8387,267.4,-298.3,1.0411,-220.1,-448.9,2.0000,-32.2,499.0,0,0.0,0.0,0.0000,0.00,0.00,0.00,0.00
2.3174,2.3097,7.7,0,12.1,-1791.5,2.6212,-358.0,-2254.8,-0.8387,267.4,-298.3,1.0411,-217.6,-450.2,2.0000,-35.0,498.8,0,0.0,0.0,0.0000,0.00,0.00,0.00,0.00
2.3254,2.3179,7.6,0,12.0,-1792.5,2.6280,-355.8,-2257.2,-0.8302,270.3,-295.2,1.0413,-215.3,-451.3,2.0000,-34.2,498.8,0,0.0,0.0,0.0000,0.00,0.00,0.00,0.00
2.3333,2.3308,2.5,0,12.0,-1791.8,2.6275,-352.3,-2261.0,-0.8180,274.7,-290.2,1.0492,-212.8,-452.4,2.0000,-37.1,498.6,0,0.0,0.0,0.0000,0.00,0.00,0.00,0.00
2.3413,2.3360,5.3,0,12.0,-1792.7,2.6289,-350.9,-2262.5,-0.8114,277.1,-288.4,1.5618,-210.7,-453.5,2.0000,-38.8,498.5,0,0.0,0.0,0.0000,0.00,0.00,0.00,0.00
2.3501,2.3434,6.8,0,11.8,-1792.6,2.6242,-348.8,-2264.6,-0.7962,280.3,-286.0,2.3385,-207.8,-454.8,2.0000,-44.3,498.0,0,0.0,0.0,0.0000,0.00,0.00,0.00,0.00
2.3577,2.3520,5.7,0,12.6,-1792.3,2.6419,-346.4,-2267.1,-0.7780,283.4,-282.3,1.5638,-205.9,-455.6,2.0000,-37.6,498.6,0,0.0,0.0,0.0000,0.00,0.00,0.00,0.00
2.3650,2.3606,4.5,0,12.1,-1792.7,2.6254,-343.9,-2269.5,-0.7681,286.6,-278.6,0.8954,-203.3,-456.8,2.0000,-48.7,497.6,0,0.0,0.0,0.0000,0.00,0.00,0.00,0.00
2.3740,2.3694,4.6,0,11.9,-1792.1,2.6216,-341.4,-2271.9,-0.7599,290.1,-275.5,0.9621,-200.1,-458.2,2.0000,-54.1,497.1,0,0.0,0.0,0.0000,0.00,0.00,0.00,0.00
2.3817,2.3791,2.6,0,12.6,-1792.3,2.6373,-338.5,-2274.6,-0.7510,293.7,-272.0,1.0698,-198.3,-459.0,2.0000,-48.2,497.7,0,0.0,0.0,0.0000,0.00,0.00,0.00,0.00
2.3890,2.3857,3.4,0,11.7,-1792.7,2.6219,-336.6,-2276.4,-0.7418,295.2,-269.6,1.8543,-195.5,-460.2,2.0000,-58.8,496.5,0,0.0,0.0,0.0000,0.00,0.00,0.00,0.00
2.3979,2.3943,3.6,0,12.2,-1792.5,2.6205,-334.1,-2278.7,-0.7227,297.9,-266.3,2.2812,-193.1,-461.2,2.0000,-62.1,496.1,0,0.0,0.0,0.0000,0.00,0.00,0.00,0.00
2.4053,2.4027,2.6,0,12.2,-1792.9,2.6367,-331.5,-2280.9,-0.7076,302.0,-262.5,1.2574,-191.0,-462.1,2.0000,-56.4,496.8,0,0.0,0.0,0.0000,0.00,0.00,0.00,0.00
2.4130,2.4108,2.3,0,12.1,-1792.8,2.6279,-329.1,-2283.0,-0.6995,305.2,-259.0,0.8676,-188.4,-463.1,2.0000,-63.5,496.0,0,0.0,0.0,0.0000,0.00,0.00,0.00,0.00
2.4217,2.4193,2.4,0,12.4,-1792.5,2.6381,-326.5,-2285.2,-0.6913,307.6,-255.6,1.0418,-185.7,-464.2,2.0000,-61.3,496.2,0,0.0,0.0,0.0000,0.00,0.00,0.00,0.00
2.4295,2.4280,1.4,0,12.1,-1792.7,2.6238,-323.8,-2287.4,-0.6822,310.4,-252.1,1.0420,-182.9,-465.3,2.0000,-71.4,494.9,0,0.0,0.0,0.0000,0.00,0.00,0.00,0.00
2.4372,2.4371,0.1,0,12.2,-1792.7,2.6295,-320.9,-2289.7,-0.6733,313.1,-248.5,0.8687,-180.5,-466.3,2.0000,-71.1,494.9,0,0.0,0.0,0.0000,0.00,0.00,0.00,0.00
2.4459,2.4446,1.2,0,12.1,-1792.7,2.6261,-318.6,-2291.5,-0.6659,315.8,-245.3,1.1942,-177.9,-467.3,2.0000,-75.5,494.3,0,0.0,0.0,0.0000,0.00,0.00,0.00,0.00
2.4537,2.4535,0.1,0,12.1,-1793.2,2.6256,-315.8,-2293.7,-0.6504,319.4,-241.7,2.2687,-175.7,-468.1,2.0000,-78.2,493.9,0,0.0,0.0,0.0000,0.00,0.00,0.00,0.00
2.4618,2.4617,0.1,0,11.9,-1792.4,2.6266,-313.1,-2295.7,-0.6321,322.0,-238.0,1.9480,-172.6,-469.3,2.0000,-80.9,493.4,0,0.0,0.0,0.0000,0.00,0.00,0.00,0.00
2.4695,2.4617,7.8,0,11.9,-1792.4,2.6266,-313.1,-2295.7,-0.6321,322.0,-238.0,1.9480,-170.0,-470.2,2.0000,-83.6,493.0,0,0.0,0.0,0.0000,0.00,0.00,0.00,0.00
2.4780,2.4700,8.0,0,12.2,-1792.1,2.6366,-310.5,-2297.6,-0.6206,324.4,-234.0,1.0024,-167.5,-471.1,2.0000,-81.3,493.3,0,0.0,0.0,0.0000,0.00,0.00,0.00,0.00
2.4860,2.4786,7.4,0,11.7,-1791.7,2.6175,-307.6,-2299.6,-0.6128,326.7,-230.6,0.9624,-164.4,-472.2,2.0000,-94.0,491.1,0,0.0,0.0,0.0000,0.00,0.00,0.00,0.00
2.4935,2.4870,6.5,0,11.5,-1792.3,2.6163,-304.9,-2301.5,-0.6040,328.8,-227.5,1.0411,-162.0,-473.0,2.0000,-97.1,490.5,0,0.0,0.0,0.0000,0.00,0.00,0.00,0.00
2.5016,2.4962,5.4,0,12.0,-1791.6,2.6214,-301.9,-2303.6,-0.5945,331.6,-223.2,1.0304,-159.5,-473.9,2.0000,-97.1,490.5,0,0.0,0.0,0.0000,0.00,0.00,0.00,0.00
2.5108,2.5105,0.3,0,12.8,-1792.3,2.6449,-297.1,-2306.8,-0.5802,336.2,-216.6,1.3849,-157.3,-474.6,2.0000,-87.8,492.2,0,0.0,0.0,0.0000,0.00,0.00,0.00,0.00
2.5171,2.5105,6.6,0,12.8,-1792.3,2.6449,-297.1,-2306.8,-0.5802,336.2,-216.6,1.3849,-155.3,-475.3,2.0000,-89.9,491.8,0,0.0,0.0,0.0000,0.00,0.00,0.00,0.00
2.5256,2.5211,4.5,0,12.2,-1792.3,2.6361,-293.5,-2309.0,-0.5588,340.2,-211.6,2.3290,-152.2,-476.3,2.0000,-97.5,490.4,0,0.0,0.0,0.0000,0.00,0.00,0.00,0.00
2.5337,2.5291,4.6,0,12.0,-1792.8,2.6260,-290.8,-2310.7,-0.5430,341.5,-207.9,1.4268,-149.5,-477.1,2.0000,-105.2,488.8,0,0.0,0.0,0.0000,0.00,0.00,0.00,0.00
2.5419,2.5380,3.8,0,11.8,-1792.8,2.6259,-287.7,-2312.6,-0.5335,343.5,-203.7,0.8707,-146.8,-478.0,2.0000,-108.0,488.2,0,0.0,0.0,0.0000,0.00,0.00,0.00,0.00
2.5497,2.5462,3.4,0,12.0,-1792.5,2.6197,-284.9,-2314.2,-0.5259,346.0,-200.5,0.9273,-144.3,-478.7,2.0000,-113.6,486.9,0,0.0,0.0,0.0000,0.00,0.00,0.00,0.00
2.5570,2.5546,2.4,0,12.0,-1792.6,2.6229,-282.0,-2315.9,-0.5182,348.3,-196.8,1.0365,-141.9,-479.4,-2.0000,-114.4,486.7,0,0.0,0.0,0.0000,0.00,0.00,0.00,0.00
2.5660,2.5633,2.7,0,12.4,-1792.5,2.6394,-278.9,-2317.6,-0.5053,350.6,-192.5,2.0723,-139.2,-480.2,-2.0000,-109.1,487.9,0,0.0,0.0,0.0000,0.00,0.00,0.00,0.00
2.5740,2.5716,2.4,0,11.9,-1792.5,2.6263,-276.0,-2319.1,-0.4864,352.9,-188.6,2.1832,-136.1,-481.1,-2.0000,-118.7,485.7,0,0.0,0.0,0.0000,0.00,0.00,0.00,0.00
2.5818,2.5716,10.1,0,11.9,-1792.5,2.6263,-276.0,-2319.1,-0.4864,352.9,-188.6,2.1832,-133.5,-481.8,-2.0000,-121.3,485.1,0,0.0,0.0,0.0000,0.00,0.00,0.00,0.00
2.5900,2.5886,1.4,0,11.4,-1793.0,2.6260,-270.0,-2322.3,-0.4646,357.3,-180.4,0.8904,-130.7,-482.6,-2.0000,-124.3,484.3,0,0.0,0.0,0.0000,0.00,0.00,0.00,0.00
2.5979,2.5967,1.2,0,12.1,-1792.8,2.6339,-267.1,-2323.7,-0.4565,359.2,-176.2,1.0420,-128.6,-483.2,-2.0000,-122.5,484.8,0,0.0,0.0,0.0000,0.00,0.00,0.00,0.00
2.6052,2.6051,0.1,0,12.0,-1792.8,2.6339,-264.1,-2325.2,-0.4477,361.0,-172.4,1.0418,-126.0,-483.9,-2.0000,-125.1,484.1,0,0.0,0.0,0.0000,0.00,0.00,0.00,0.00
2.6139,2.6138,0.1,0,11.7,-1793.0,2.6269,-260.9,-2326.7,-0.4393,362.5,-169.1,0.8689,-122.9,-484.7,-2.0000,-131.7,482.4,0,0.0,0.0,0.0000,0.00,0.00,0.00,0.00
2.6221,2.6138,8.2,0,11.7,-1793.0,2.6269,-260.9,-2326.7,-0.4393,362.5,-169.1,0.8689,-120.3,-485.3,-2.0000,-134.2,481.7,0,0.0,0.0,0.0000,0.00,0.00,0.00,0.00
2.6293,2.6224,7.0,0,12.2,-1793.2,2.6302,-257.8,-2328.1,-0.4304,364.4,-164.6,1.3656,-118.3,-485.8,-2.0000,-134.6,481.5,0,0.0,0.0,0.0000,0.00,0.00,0.00,0.00
2.6379,2.6378,0.1,0,12.6,-1792.8,2.6375,-252.1,-2330.6,-0.3985,367.8,-156.3,1.9320,-115.5,-486.5,-2.0000,-133.8,481.8,0,0.0,0.0,0.0000,0.00,0.00,0.00,0.00
2.6452,2.6378,7.4,0,12.6,-1792.8,2.6375,-252.1,-2330.6,-0.3985,367.8,-156.3,1.9320,-113.1,-487.0,-2.0000,-136.2,481.1,0,0.0,0.0,0.0000,0.00,0.00,0.00,0.00
2.6533,2.6478,5.5,0,12.1,-1792.5,2.6290,-248.4,-2332.1,-0.3855,369.9,-151.9,0.9172,-110.1,-487.7,-2.0000,-143.3,479.0,0,0.0,0.0,0.0000,0.00,0.00,0.00,0.00
2.6615,2.6560,5.4,0,12.1,-1792.8,2.6293,-245.4,-2333.4,-0.3780,371.8,-147.7,1.0387,-107.5,-488.3,-2.0000,-145.7,478.3,0,0.0,0.0,0.0000,0.00,0.00,0.00,0.00
2.6692,2.6643,4.9,0,12.2,-1792.7,2.6301,-242.3,-2334.6,-0.3704,374.0,-143.6,0.9226,-105.0,-488.9,-2.0000,-147.7,477.7,0,0.0,0.0,0.0000,0.00,0.00,0.00,0.00
2.6773,2.6730,4.3,0,11.8,-1792.7,2.6287,-239.0,-2335.8,-0.3596,374.7,-139.7,1.7513,-101.9,-489.5,-2.0000,-151.4,476.5,0,0.0,0.0,0.0000,0.00,0.00,0.00,0.00
2.6861,2.6813,4.8,0,12.2,-1792.7,2.6270,-236.0,-2336.9,-0.3417,375.8,-135.8,2.3233,-99.2,-490.1,-2.0000,-154.8,475.4,0,0.0,0.0,0.0000,0.00,0.00,0.00,0.00
2.6937,2.6900,3.6,0,11.9,-1793.0,2.6283,-232.6,-2338.1,-0.3251,378.3,-130.3,1.3214,-96.5,-490.6,-2.0000,-156.9,474.8,0,0.0,0.0,0.0000,0.00,0.00,0.00,0.00
2.7019,2.6983,3.7,0,11.7,-1792.5,2.6324,-229.5,-2339.1,-0.3166,380.1,-125.6,0.8692,-93.6,-491.2,-2.0000,-157.7,474.5,0,0.0,0.0,0.0000,0.00,0.00,0.00,0.00
2.7101,2.7065,3.6,0,12.2,-1792.7,2.6272,-226.4,-2340.2,-0.3087,380.8,-122.1,1.0413,-91.3,-491.6,-2.0000,-162.4,472.9,0,0.0,0.0,0.0000,0.00,0.00,0.00,0.00
2.7180,2.7154,2.6,0,12.4,-1792.2,2.6352,-223.0,-2341.2,-0.2995,382.0,-117.9,1.0412,-88.7,-492.1,-2.0000,-161.1,473.3,0,0.0,0.0,0.0000,0.00,0.00,0.00,0.00
2.7250,2.7238,1.2,0,12.0,-1792.6,2.6252,-219.8,-2342.2,-0.2911,383.9,-113.9,0.8825,-86.0,-492.5,-2.0000,-168.4,470.8,0,0.0,0.0,0.0000,0.00,0.00,0.00,0.00
2.7330,2.7318,1.2,0,11.9,-1793.0,2.6264,-216.7,-2343.1,-0.2836,385.1,-110.0,1.1209,-83.2,-493.0,-2.0000,-170.5,470.0,0,0.0,0.0,0.0000,0.00,0.00,0.00,0.00
2.7418,2.7403,1.4,0,12.0,-1792.9,2.6337,-213.4,-2344.0,-0.2698,385.7,-105.6,2.1784,-80.3,-493.5,-2.0000,-169.9,470.2,0,0.0,0.0,0.0000,0.00,0.00,0.00,0.00
2.7500,2.7487,1.2,0,12.3,-1791.8,2.6342,-210.2,-2344.9,-0.2507,386.9,-100.9,2.0693,-77.6,-493.9,-2.0000,-172.1,469.4,0,0.0,0.0,0.0000,0.00,0.00,0.00,0.00
2.7574,2.7487,8.6,0,12.3,-1791.8,2.6342,-210.2,-2344.9,-0.2507,386.9,-100.9,2.0693,-75.2,-494.3,-2.0000,-174.5,468.6,0,0.0,0.0,0.0000,0.00,0.00,0.00,0.00
2.7660,2.7658,0.1,0,11.8,-1792.9,2.6220,-203.5,-2346.5,-0.2302,389.4,-91.3,0.9287,-72.1,-494.8,-2.0000,-183.0,465.3,0,0.0,0.0,0.0000,0.00,0.00,0.00,0.00
2.7732,2.7658,7.4,0,11.8,-1792.9,2.6220,-203.5,-2346.5,-0.2302,389.4,-91.3,0.9287,-69.7,-495.1,-2.0000,-185.3,464.4,0,0.0,0.0,0.0000,0.00,0.00,0.00,0.00
2.7818,2.7743,7.5,0,12.0,-1793.0,2.6308,-200.3,-2347.3,-0.2223,390.2,-88.3,0.8735,-66.9,-495.5,-2.0000,-183.9,465.0,0,0.0,0.0,0.0000,0.00,0.00,0.00,0.00
2.7890,2.7827,6.4,0,12.3,-1792.6,2.6327,-197.0,-2348.0,-0.2134,391.1,-83.6,1.3981,-64.5,-495.8,-2.0000,-185.2,464.4,0,0.0,0.0,0.0000,0.00,0.00,0.00,0.00
2.7978,2.7940,3.8,0,12.0,-1792.8,2.6327,-192.5,-2348.9,-0.1901,392.1,-76.9,2.2959,-61.3,-496.2,-2.0000,-188.2,463.2,0,0.0,0.0,0.0000,0.00,0.00,0.00,0.00
2.8051,2.7997,5.4,0,12.2,-1792.7,2.6326,-190.3,-2349.3,-0.1785,392.8,-74.0,1.6193,-58.9,-496.5,-2.0000,-190.5,462.3,0,0.0,0.0,0.0000,0.00,0.00,0.00,0.00
2.8139,2.8080,6.0,0,11.9,-1792.7,2.6257,-187.0,-2349.9,-0.1687,393.7,-69.8,0.9125,-55.9,-496.9,-2.0000,-196.5,459.8,0,0.0,0.0,0.0000,0.00,0.00,0.00,0.00
2.8218,2.8172,4.6,0,11.5,-1793.4,2.6312,-183.4,-2350.6,-0.1602,394.8,-65.0,1.0416,-53.0,-497.2,-2.0000,-196.6,459.7,0,0.0,0.0,0.0000,0.00,0.00,0.00,0.00
2.8297,2.8273,2.4,0,11.7,-1792.6,2.6250,-179.4,-2351.2,-0.1496,395.9,-59.7,1.0420,-50.2,-497.5,-2.0000,-202.0,457.4,0,0.0,0.0,0.0000,0.00,0.00,0.00,0.00
2.8378,2.8334,4.4,0,12.0,-1793.5,2.6302,-177.0,-2351.5,-0.1433,396.1,-56.8,0.9643,-47.8,-497.7,-2.0000,-201.9,457.4,0,0.0,0.0,0.0000,0.00,0.00,0.00,0.00
2.8459,2.8421,3.8,0,12.3,-1792.8,2.6340,-173.5,-2352.0,-0.1354,396.6,-52.3,1.0067,-45.2,-498.0,-2.0000,-202.5,457.2,0,0.0,0.0,0.0000,0.00,0.00,0.00,0.00
2.8538,2.8506,3.1,0,12.1,-1792.7,2.6315,-170.2,-2352.4,-0.1233,396.9,-47.4,1.9903,-42.4,-498.2,-2.0000,-206.3,455.5,0,0.0,0.0,0.0000,0.00,0.00,0.00,0.00
2.8613,2.8612,0.1,0,11.8,-1793.2,2.6278,-166.0,-2352.9,-0.0998,397.5,-41.6,2.0174,-39.6,-498.4,-2.0000,-210.5,453.5,0,0.0,0.0,0.0000,0.00,0.00,0.00,0.00
2.8694,2.8612,8.2,0,11.8,-1793.2,2.6278,-166.0,-2352.9,-0.0998,397.5,-41.6,2.0174,-36.9,-498.6,-2.0000,-213.0,452.4,0,0.0,0.0,0.0000,0.00,0.00,0.00,0.00
2.8779,2.8757,2.3,0,12.1,-1792.7,2.6274,-160.2,-2353.5,-0.0821,398.7,-33.9,0.8743,-34.1,-498.8,-2.0000,-215.6,451.1,0,0.0,0.0,0.0000,0.00,0.00,0.00,0.00
2.8853,2.8840,1.2,0,11.9,-1792.8,2.6247,-156.9,-2353.7,-0.0738,399.3,-29.8,1.0412,-31.5,-499.0,-2.0000,-219.2,449.4,0,0.0,0.0,0.0000,0.00,0.00,0.00,0.00
2.8941,2.8840,10.1,0,11.9,-1792.8,2.6247,-156.9,-2353.7,-0.0738,399.3,-29.8,1.0412,-28.6,-499.2,-2.0000,-221.9,448.1,0,0.0,0.0,0.0000,0.00,0.00,0.00,0.00
2.9011,2.9010,0.1,0,12.0,-1793.0,2.6321,-150.1,-2354.2,-0.0567,399.1,-20.7,0.8690,-26.2,-499.3,-2.0000,-220.6,448.7,0,0.0,0.0,0.0000,0.00,0.00,0.00,0.00
2.9095,2.9094,0.1,0,12.2,-1792.6,2.6260,-146.8,-2354.3,-0.0484,399.4,-16.1,1.2612,-23.5,-499.4,-2.0000,-225.8,446.1,0,0.0,0.0,0.0000,0.00,0.00,0.00,0.00
2.9173,2.9094,7.9,0,12.2,-1792.6,2.6260,-146.8,-2354.3,-0.0484,399.4,-16.1,1.2612,-20.8,-499.6,-2.0000,-228.2,444.9,0,0.0,0.0,0.0000,0.00,0.00,0.00,0.00
2.9260,2.9178,8.2,0,12.0,-1792.1,2.6256,-143.4,-2354.4,-0.0332,400.0,-11.2,2.2842,-17.5,-499.7,-2.0000,-231.3,443.3,0,0.0,0.0,0.0000,0.00,0.00,0.00,0.00
2.9335,2.9281,5.4,0,11.9,-1792.5,2.6336,-139.3,-2354.5,-0.0112,400.0,-6.2,1.5490,-14.9,-499.8,-2.0000,-230.1,443.9,0,0.0,0.0,0.0000,0.00,0.00,0.00,0.00
2.9420,2.9348,7.2,0,12.0,-1793.2,2.6287,-136.6,-2354.5,-0.0031,400.1,-3.0,0.9594,-12.1,-499.9,-2.0000,-234.7,441.5,0,0.0,0.0,0.0000,0.00,0.00,0.00,0.00
2.9494,2.9438,5.6,0,12.1,-1792.4,2.6291,-133.0,-2354.5,0.0051,400.0,1.9,1.0287,-9.7,-499.9,-2.0000,-236.7,440.4,0,0.0,0.0,0.0000,0.00,0.00,0.00,0.00
2.9577,2.9520,5.7,0,12.2,-1793.0,2.6285,-129.7,-2354.5,0.0126,399.9,6.4,0.9097,-7.0,-500.0,-2.0000,-239.3,439.0,0,0.0,0.0,0.0000,0.00,0.00,0.00,0.00
2.9660,2.9612,4.8,0,12.5,-1792.6,2.6334,-126.0,-2354.4,0.0240,399.9,11.4,1.7856,-4.4,-500.0,-2.0000,-239.5,438.9,0,0.0,0.0,0.0000,0.00,0.00,0.00,0.00
2.9738,2.9688,5.0,0,12.2,-1792.8,2.6298,-123.0,-2354.3,0.0404,399.8,15.4,2.3372,-1.4,-500.0,-2.0000,-243.7,436.6,0,0.0,0.0,0.0000,0.00,0.00,0.00,0.00
2.9821,2.9777,4.3,0,11.9,-1792.5,2.6256,-119.4,-2354.2,0.0578,399.3,20.6,1.3539,1.7,-500.0,-2.0000,-248.2,434.1,0,0.0,0.0,0.0000,0.00,0.00,0.00,0.00
2.9901,2.9855,4.6,0,12.5,-1792.4,2.6416,-116.3,-2354.0,0.0660,399.0,24.9,0.8755,4.0,-500.0,-2.0000,-243.2,436.8,0,0.0,0.0,0.0000,0.00,0.00,0.00,0.00
2.9972,2.9948,2.4,0,12.3,-1792.8,2.6308,-112.6,-2353.7,0.0749,398.8,29.5,1.0418,6.6,-500.0,-2.0000,-250.2,432.9,0,0.0,0.0,0.0000,0.00,0.00,0.00,0.00
3.0052,3.0025,2.6,0,12.1,-1793.4,2.6314,-109.5,-2353.5,0.0829,398.5,33.5,1.0420,9.5,-499.9,-2.0000,-252.4,431.6,0,0.0,0.0,0.0000,0.00,0.00,0.00,0.00
3.0131,3.0107,2.4,0,12.0,-1793.0,2.6283,-106.3,-2353.2,0.0913,398.4,37.5,0.9098,12.2,-499.9,-2.0000,-256.1,429.4,0,0.0,0.0,0.0000,0.00,0.00,0.00,0.00
3.0219,3.0193,2.6,0,12.1,-1792.5,2.6326,-102.8,-2352.9,0.0992,398.0,42.1,1.0877,15.3,-499.8,-2.0000,-256.9,429.0,0,0.0,0.0,0.0000,0.00,0.00,0.00,0.00
3.0294,3.0282,1.2,0,11.7,-1791.8,2.6222,-99.3,-2352.5,0.1133,397.2,47.6,2.1684,18.2,-499.7,-2.0000,-263.8,424.7,0,0.0,0.0,0.0000,0.00,0.00,0.00,0.00
3.0373,3.0361,1.2,0,11.8,-1792.6,2.6191,-96.2,-2352.1,0.1313,396.6,51.8,2.1404,20.8,-499.6,-2.0000,-267.3,422.6,0,0.0,0.0,0.0000,0.00,0.00,0.00,0.00
3.0460,3.0361,9.9,0,11.8,-1792.6,2.6191,-96.2,-2352.1,0.1313,396.6,51.8,2.1404,23.7,-499.4,-2.0000,-269.8,421.0,0,0.0,0.0,0.0000,0.00,0.00,0.00,0.00
3.0535,3.0534,0.1,0,12.2,-1793.0,2.6289,-89.3,-2351.1,0.1527,395.3,60.3,0.9120,25.9,-499.3,-2.0000,-267.5,422.4,0,0.0,0.0,0.0000,0.00,0.00,0.00,0.00
3.0610,3.0534,7.7,0,12.2,-1793.0,2.6289,-89.3,-2351.1,0.1527,395.3,60.3,0.9120,28.5,-499.2,-2.0000,-269.8,421.0,0,0.0,0.0,0.0000,0.00,0.00,0.00,0.00
3.0702,3.0700,0.1,0,12.2,-1792.6,2.6309,-82.7,-2350.0,0.1691,394.2,69.0,1.3307,31.6,-499.0,-2.0000,-271.5,419.9,0,0.0,0.0,0.0000,0.00,0.00,0.00,0.00
3.0779,3.0700,7.9,0,12.2,-1792.6,2.6309,-82.7,-2350.0,0.1691,394.2,69.0,1.3307,34.3,-498.8,-2.0000,-273.8,418.4,0,0.0,0.0,0.0000,0.00,0.00,0.00,0.00
3.0851,3.0785,6.6,0,12.1,-1792.3,2.6305,-79.4,-2349.4,0.1851,393.6,72.9,2.3155,36.9,-498.6,-2.0000,-276.0,416.9,0,0.0,0.0,0.0000,0.00,0.00,0.00,0.00
3.0931,3.0867,6.4,0,12.0,-1792.5,2.6230,-76.2,-2348.8,0.2031,392.5,77.6,1.7930,39.7,-498.4,-2.0000,-281.5,413.2,0,0.0,0.0,0.0000,0.00,0.00,0.00,0.00
3.1015,3.0955,6.0,0,12.1,-1792.6,2.6283,-72.8,-2348.1,0.2142,391.2,82.6,0.9312,42.7,-498.2,-2.0000,-281.8,413.0,0,0.0,0.0,0.0000,0.00,0.00,0.00,0.00
3.1094,3.1040,5.4,0,11.8,-1792.9,2.6327,-69.4,-2347.4,0.2219,390.5,87.2,1.0387,45.6,-497.9,-2.0000,-282.5,412.6,0,0.0,0.0,0.0000,0.00,0.00,0.00,0.00
3.1171,3.1124,4.7,0,12.1,-1793.2,2.6309,-66.2,-2346.6,0.2307,389.8,92.0,1.0411,47.8,-497.7,-2.0000,-285.0,410.9,0,0.0,0.0,0.0000,0.00,0.00,0.00,0.00
3.1256,3.1208,4.8,0,11.5,-1792.1,2.6106,-62.9,-2345.8,0.2394,388.3,95.5,0.9927,51.1,-497.4,-2.0000,-295.9,403.0,0,0.0,0.0,0.0000,0.00,0.00,0.00,0.00
3.1338,3.1293,4.5,0,11.9,-1792.2,2.6212,-59.6,-2345.0,0.2472,387.0,99.2,0.9655,53.8,-497.1,-2.0000,-293.8,404.6,0,0.0,0.0,0.0000,0.00,0.00,0.00,0.00
3.1421,3.1376,4.5,0,12.1,-1792.2,2.6245,-56.4,-2344.2,0.2580,386.0,104.2,1.8387,56.6,-496.8,-2.0000,-294.8,403.9,0,0.0,0.0,0.0000,0.00,0.00,0.00,0.00
3.1500,3.1499,0.1,0,12.2,-1793.4,2.6284,-51.7,-2342.9,0.2849,384.3,111.0,1.9258,59.1,-496.5,-2.0000,-295.2,403.5,0,0.0,0.0,0.0000,0.00,0.00,0.00,0.00
3.1579,3.1546,3.3,0,12.0,-1792.6,2.6291,-49.8,-2342.3,0.2923,383.6,113.6,1.2656,61.8,-496.2,-2.0000,-297.1,402.1,0,0.0,0.0,0.0000,0.00,0.00,0.00,0.00
3.1658,3.1633,2.5,0,11.8,-1792.3,2.6309,-46.5,-2341.3,0.3009,382.3,118.0,0.8705,64.9,-495.8,-2.0000,-298.9,400.8,0,0.0,0.0,0.0000,0.00,0.00,0.00,0.00
3.1741,3.1715,2.6,0,11.9,-1792.2,2.6282,-43.4,-2340.3,0.3086,381.0,121.2,0.8895,67.6,-495.4,-2.0000,-302.2,398.3,0,0.0,0.0,0.0000,0.00,0.00,0.00,0.00
3.1812,3.1799,1.3,0,12.3,-1793.0,2.6363,-40.2,-2339.3,0.3165,379.7,125.3,1.1327,69.6,-495.1,-2.0000,-300.6,399.6,0,0.0,0.0,0.0000,0.00,0.00,0.00,0.00
3.1895,3.1883,1.2,0,12.2,-1792.9,2.6351,-37.0,-2338.2,0.3302,378.7,130.0,2.1773,72.6,-494.7,-2.0000,-303.4,397.4,0,0.0,0.0,0.0000,0.00,0.00,0.00,0.00
3.1975,3.1974,0.1,0,12.2,-1792.9,2.6278,-33.6,-2337.0,0.3506,376.8,134.8,1.9913,75.4,-494.3,-2.0000,-308.6,393.4,0,0.0,0.0,0.0000,0.00,0.00,0.00,0.00
3.2056,3.2055,0.2,0,12.1,-1792.1,2.6363,-30.5,-2335.9,0.3622,374.5,139.3,1.0341,78.1,-493.9,-2.0000,-307.4,394.4,0,0.0,0.0,0.0000,0.00,0.00,0.00,0.00
3.2130,3.2055,7.5,0,12.1,-1792.1,2.6363,-30.5,-2335.9,0.3622,374.5,139.3,1.0341,80.6,-493.5,-2.0000,-309.4,392.8,0,0.0,0.0,0.0000,0.00,0.00,0.00,0.00
3.2212,3.2135,7.6,0,11.8,-1792.8,2.6298,-27.5,-2334.8,0.3696,373.2,143.3,0.9186,83.8,-492.9,-2.0000,-314.5,388.7,0,0.0,0.0,0.0000,0.00,0.00,0.00,0.00
3.2292,3.2224,6.8,0,12.0,-1791.8,2.6209,-24.2,-2333.5,0.3786,372.5,147.5,1.0411,86.1,-492.5,-2.0000,-319.7,384.4,0,0.0,0.0,0.0000,0.00,0.00,0.00,0.00
3.2378,3.2304,7.3,0,12.3,-1792.5,2.6312,-21.2,-2332.3,0.3870,370.6,151.1,1.0414,88.8,-492.1,-2.0000,-317.8,386.0,0,0.0,0.0,0.0000,0.00,0.00,0.00,0.00
3.2459,3.2390,7.0,0,12.0,-1792.3,2.6261,-18.1,-2331.0,0.3950,368.2,154.6,0.8844,91.9,-491.5,-2.0000,-322.2,382.3,0,0.0,0.0,0.0000,0.00,0.00,0.00,0.00
3.2536,3.2476,6.0,0,12.1,-1792.5,2.6268,-14.9,-2329.6,0.4047,366.7,159.5,1.5131,94.5,-491.0,-2.0000,-324.0,380.8,0,0.0,0.0,0.0000,0.00,0.00,0.00,0.00
3.2616,3.2560,5.6,0,12.1,-1793.1,2.6270,-11.8,-2328.3,0.4221,365.3,164.4,2.3434,97.2,-490.5,-2.0000,-326.0,379.1,0,0.0,0.0,0.0000,0.00,0.00,0.00,0.00
3.2700,3.2643,5.7,0,12.0,-1792.6,2.6297,-8.8,-2326.9,0.4390,363.2,167.9,1.5278,100.1,-489.9,-2.0000,-327.3,378.0,0,0.0,0.0,0.0000,0.00,0.00,0.00,0.00
3.2778,3.2729,5.0,0,12.0,-1792.7,2.6307,-5.7,-2325.4,0.4488,361.1,171.7,0.8883,102.9,-489.3,-2.0000,-329.0,376.5,0,0.0,0.0,0.0000,0.00,0.00,0.00,0.00
3.2858,3.2813,4.5,0,12.2,-1793.4,2.6290,-2.7,-2324.0,0.4567,359.3,175.9,1.0414,105.6,-488.7,-2.0000,-331.7,374.1,0,0.0,0.0,0.0000,0.00,0.00,0.00,0.00
3.2934,3.2898,3.7,0,11.4,-1792.3,2.6110,0.4,-2322.5,0.4655,357.4,180.0,1.0411,108.4,-488.1,-2.0000,-340.5,366.1,0,0.0,0.0,0.0000,0.00,0.00,0.00,0.00
3.3011,3.2983,2.9,0,12.2,-1792.5,2.6321,3.4,-2320.9,0.4742,355.4,183.6,0.9259,110.1,-487.7,-2.0000,-334.0,372.1,0,0.0,0.0,0.0000,0.00,0.00,0.00,0.00
3.3091,3.3066,2.4,0,12.2,-1792.9,2.6335,6.4,-2319.4,0.4818,353.3,187.4,1.0407,113.2,-487.0,-2.0000,-335.8,370.4,0,0.0,0.0,0.0000,0.00,0.00,0.00,0.00
3.3174,3.3150,2.4,0,12.2,-1792.7,2.6285,9.3,-2317.8,0.4940,350.6,192.1,2.0341,116.2,-486.3,-2.0000,-339.9,366.7,0,0.0,0.0,0.0000,0.00,0.00,0.00,0.00
3.3251,3.3237,1.4,0,11.8,-1792.8,2.6286,12.4,-2316.1,0.5138,348.3,196.4,2.1750,119.1,-485.6,-2.0000,-342.1,364.7,0,0.0,0.0,0.0000,0.00,0.00,0.00,0.00
3.3333,3.3321,1.2,0,11.9,-1793.2,2.6251,15.3,-2314.4,0.5274,346.5,200.0,1.1320,121.9,-484.9,-2.0000,-345.5,361.5,0,0.0,0.0,0.0000,0.00,0.00,0.00,0.00
3.3415,3.3403,1.2,0,11.8,-1792.4,2.6321,18.1,-2312.8,0.5351,344.3,203.7,0.8837,124.5,-484.3,-2.0000,-344.9,362.0,0,0.0,0.0,0.0000,0.00,0.00,0.00,0.00
3.3501,3.3487,1.4,0,12.2,-1793.0,2.6330,21.0,-2311.0,0.5430,341.9,207.9,0.8697,127.1,-483.6,-2.0000,-346.5,360.5,0,0.0,0.0,0.0000,0.00,0.00,0.00,0.00
3.3571,3.3487,8.4,0,12.2,-1793.0,2.6330,21.0,-2311.0,0.5430,341.9,207.9,0.8697,129.4,-483.0,-2.0000,-348.2,358.8,0,0.0,0.0,0.0000,0.00,0.00,0.00,0.00
3.3657,3.3574,8.3,0,12.0,-1792.8,2.6271,24.0,-2309.2,0.5516,339.6,211.6,1.2643,132.4,-482.2,-2.0000,-352.5,354.6,0,0.0,0.0,0.0000,0.00,0.00,0.00,0.00
3.3742,3.3741,0.1,0,12.1,-1792.9,2.6269,29.6,-2305.6,0.5853,334.8,218.7,1.8897,135.3,-481.4,-2.0000,-354.7,352.4,0,0.0,0.0,0.0000,0.00,0.00,0.00,0.00
3.3810,3.3741,6.9,0,12.1,-1792.9,2.6269,29.6,-2305.6,0.5853,334.8,218.7,1.8897,137.6,-480.7,-2.0000,-356.4,350.7,0,0.0,0.0,0.0000,0.00,0.00,0.00,0.00
3.3895,3.3825,7.0,0,11.9,-1792.9,2.6274,32.4,-2303.8,0.5966,331.3,222.8,0.9726,140.5,-479.9,-2.0000,-358.3,348.7,0,0.0,0.0,0.0000,0.00,0.00,0.00,0.00
3.3981,3.3913,6.7,0,12.0,-1793.0,2.6299,35.3,-2301.8,0.6046,329.2,226.7,1.0006,143.3,-479.0,-2.0000,-359.5,347.5,0,0.0,0.0,0.0000,0.00,0.00,0.00,0.00
3.4055,3.3996,5.9,0,11.9,-1793.0,2.6310,38.0,-2299.9,0.6132,327.5,230.6,1.0419,145.8,-478.3,-2.0000,-360.9,346.0,0,0.0,0.0,0.0000,0.00,0.00,0.00,0.00
3.4135,3.4079,5.6,0,12.2,-1792.6,2.6249,40.7,-2298.0,0.6218,324.7,233.8,1.0419,148.0,-477.6,-2.0000,-364.6,342.1,0,0.0,0.0,0.0000,0.00,0.00,0.00,0.00
3.4216,3.4166,5.0,0,11.8,-1791.9,2.6201,43.5,-2295.9,0.6298,322.1,237.2,0.9319,151.0,-476.6,-2.0000,-368.4,338.1,0,0.0,0.0,0.0000,0.00,0.00,0.00,0.00
3.4295,3.4251,4.4,0,12.1,-1792.5,2.6308,46.3,-2293.9,0.6404,319.2,241.2,1.7556,153.6,-475.8,-2.0000,-366.6,340.0,0,0.0,0.0,0.0000,0.00,0.00,0.00,0.00
3.4376,3.4361,1.5,0,12.1,-1792.7,2.6276,49.8,-2291.2,0.6646,315.6,246.1,2.1389,156.5,-474.9,-2.0000,-369.7,336.6,0,0.0,0.0,0.0000,0.00,0.00,0.00,0.00
3.4452,3.4415,3.7,0,12.2,-1792.7,2.6296,51.5,-2289.9,0.6742,313.6,248.3,1.3791,159.0,-474.1,-2.0000,-370.8,335.4,0,0.0,0.0,0.0000,0.00,0.00,0.00,0.00
3.4538,3.4503,3.5,0,11.9,-1793.1,2.6342,54.2,-2287.7,0.6834,310.6,251.9,0.8683,162.1,-473.0,-2.0000,-371.5,334.6,0,0.0,0.0,0.0000,0.00,0.00,0.00,0.00
3.4610,3.4598,1.3,0,12.0,-1792.9,2.6302,57.1,-2285.3,0.6922,307.8,255.7,0.8829,164.2,-472.3,-2.0000,-374.3,331.5,0,0.0,0.0,0.0000,0.00,0.00,0.00,0.00
3.4696,3.4671,2.5,0,11.9,-1792.9,2.6290,59.4,-2283.4,0.6990,305.4,258.6,1.0729,167.0,-471.3,-2.0000,-376.6,328.8,0,0.0,0.0,0.0000,0.00,0.00,0.00,0.00
3.4775,3.4752,2.3,0,12.2,-1792.3,2.6254,61.8,-2281.3,0.7112,302.3,261.6,2.0647,169.1,-470.5,-2.0000,-379.3,325.8,0,0.0,0.0,0.0000,0.00,0.00,0.00,0.00
3.4854,3.4840,1.4,0,11.6,-1792.4,2.6224,64.5,-2279.0,0.7311,299.0,265.1,2.1485,172.4,-469.3,-2.0000,-382.6,322.0,0,0.0,0.0,0.0000,0.00,0.00,0.00,0.00
3.4941,3.4926,1.5,0,12.1,-1792.8,2.6334,67.0,-2276.7,0.7446,295.6,269.2,1.0960,175.1,-468.3,-2.0000,-380.9,324.0,0,0.0,0.0,0.0000,0.00,0.00,0.00,0.00
3.5013,3.5008,0.5,0,12.0,-1792.7,2.6293,69.5,-2274.4,0.7522,292.7,272.5,0.8967,177.7,-467.3,-2.0000,-384.0,320.2,0,0.0,0.0,0.0000,0.00,0.00,0.00,0.00
3.5093,3.5092,0.1,0,12.4,-1792.7,2.6316,71.9,-2272.1,0.7607,290.0,275.3,1.0420,180.0,-466.5,-2.0000,-384.8,319.2,0,0.0,0.0,0.0000,0.00,0.00,0.00,0.00
3.5171,3.5092,8.0,0,12.4,-1792.7,2.6316,71.9,-2272.1,0.7607,290.0,275.3,1.0420,182.1,-465.6,-2.0000,-386.3,317.5,0,0.0,0.0,0.0000,0.00,0.00,0.00,0.00
3.5255,3.5178,7.7,0,12.2,-1792.7,2.6279,74.4,-2269.7,0.7697,287.2,278.5,1.0417,184.9,-464.6,-2.0000,-389.3,313.8,0,0.0,0.0,0.0000,0.00,0.00,0.00,0.00
3.5330,3.5265,6.5,0,11.8,-1792.6,2.6178,76.9,-2267.3,0.7779,284.6,281.5,0.8757,187.9,-463.3,-2.0000,-394.5,307.2,0,0.0,0.0,0.0000,0.00,0.00,0.00,0.00
3.5420,3.5346,7.5,0,12.2,-1792.6,2.6308,79.2,-2265.0,0.7865,281.1,284.9,1.3897,190.6,-462.3,-2.0000,-392.2,310.1,0,0.0,0.0,0.0000,0.00,0.00,0.00,0.00
3.5492,3.5430,6.2,0,12.3,-1792.7,2.6272,81.5,-2262.6,0.8030,277.2,288.8,2.3322,192.7,-461.4,-2.0000,-394.8,306.8,0,0.0,0.0,0.0000,0.00,0.00,0.00,0.00
3.5579,3.5516,6.3,0,12.0,-1792.8,2.6303,83.9,-2260.1,0.8213,273.8,291.4,1.6433,195.9,-460.0,-2.0000,-395.9,305.4,0,0.0,0.0,0.0000,0.00,0.00,0.00,0.00
3.5652,3.5621,3.1,0,11.9,-1792.5,2.6296,86.7,-2257.0,0.8331,269.5,294.7,0.8705,198.2,-459.0,-2.0000,-397.7,303.0,0,0.0,0.0,0.0000,0.00,0.00,0.00,0.00
3.5732,3.5686,4.6,0,12.4,-1792.4,2.6393,88.5,-2255.1,0.8392,267.2,297.4,1.0044,200.2,-458.2,-2.0000,-396.1,305.2,0,0.0,0.0,0.0000,0.00,0.00,0.00,0.00
3.5817,3.5770,4.6,0,12.1,-1792.9,2.6295,90.7,-2252.6,0.8469,264.1,300.7,0.9521,203.6,-456.7,-2.0000,-401.3,298.3,0,0.0,0.0,0.0000,0.00,0.00,0.00,0.00
3.5896,3.5869,2.7,0,12.2,-1793.0,2.6268,93.3,-2249.6,0.8605,261.0,303.7,2.0269,206.2,-455.5,-2.0000,-403.7,295.0,0,0.0,0.0,0.0000,0.00,0.00,0.00,0.00
3.5976,3.5962,1.4,0,11.8,-1792.7,2.6217,95.7,-2246.8,0.8814,257.2,307.0,2.1330,208.9,-454.3,-2.0000,-407.0,290.4,0,0.0,0.0,0.0000,0.00,0.00,0.00,0.00
3.6058,3.6023,3.5,0,12.0,-1792.6,2.6234,97.3,-2244.9,0.8919,253.4,309.5,1.2973,211.2,-453.2,-2.0000,-408.0,289.0,0,0.0,0.0,0.0000,0.00,0.00,0.00,0.00
3.6131,3.6107,2.5,0,12.0,-1792.9,2.6287,99.4,-2242.3,0.9003,249.4,312.5,0.8683,213.9,-451.9,-2.0000,-408.1,288.8,0,0.0,0.0,0.0000,0.00,0.00,0.00,0.00
3.6219,3.6194,2.5,0,12.2,-1792.8,2.6283,101.5,-2239.6,0.9088,246.7,314.8,1.0413,216.4,-450.7,-2.0000,-409.9,286.4,0,0.0,0.0,0.0000,0.00,0.00,0.00,0.00
3.6292,3.6194,9.8,0,12.2,-1792.8,2.6283,101.5,-2239.6,0.9088,246.7,314.8,1.0413,218.6,-449.7,-2.0000,-411.2,284.4,0,0.0,0.0,0.0000,0.00,0.00,0.00,0.00
3.6375,3.6362,1.2,0,11.9,-1792.8,2.6319,105.6,-2234.2,0.9259,239.4,320.5,0.8760,221.4,-448.3,-2.0000,-412.0,283.3,0,0.0,0.0,0.0000,0.00,0.00,0.00,0.00
3.6462,3.6447,1.4,0,11.7,-1792.7,2.6271,107.6,-2231.5,0.9341,235.8,323.1,1.2005,224.4,-446.8,-2.0000,-415.2,278.5,0,0.0,0.0,0.0000,0.00,0.00,0.00,0.00
3.6533,3.6532,0.1,0,12.2,-1793.1,2.6314,109.6,-2228.7,0.9488,232.3,325.2,2.2481,226.4,-445.8,-2.0000,-415.3,278.5,0,0.0,0.0,0.0000,0.00,0.00,0.00,0.00
3.6617,3.6532,8.5,0,12.2,-1793.1,2.6314,109.6,-2228.7,0.9488,232.3,325.2,2.2481,229.4,-444.3,-2.0000,-417.1,275.7,0,0.0,0.0,0.0000,0.00,0.00,0.00,0.00
3.6700,3.6699,0.1,0,12.3,-1793.0,2.6350,113.5,-2223.2,0.9793,225.0,330.9,1.0056,231.9,-443.0,-2.0000,-417.7,274.9,0,0.0,0.0,0.0000,0.00,0.00,0.00,0.00
3.6771,3.6699,7.2,0,12.3,-1793.0,2.6350,113.5,-2223.2,0.9793,225.0,330.9,1.0056,233.8,-442.0,-2.0000,-418.9,273.0,0,0.0,0.0,0.0000,0.00,0.00,0.00,0.00
3.6862,3.6785,7.7,0,12.4,-1792.4,2.6337,115.4,-2220.4,0.9871,221.1,333.5,0.9565,236.2,-440.7,-2.0000,-420.7,270.2,0,0.0,0.0,0.0000,0.00,0.00,0.00,0.00
3.6937,3.6869,6.8,0,11.8,-1792.8,2.6228,117.2,-2217.6,0.9958,217.1,336.2,1.0411,239.6,-438.9,-2.0000,-425.7,262.3,0,0.0,0.0,0.0000,0.00,0.00,0.00,0.00
3.7020,3.6966,5.4,0,11.7,-1793.0,2.6269,119.3,-2214.3,1.0059,213.2,338.3,1.0054,242.4,-437.3,-2.0000,-426.2,261.4,0,0.0,0.0,0.0000,0.00,0.00,0.00,0.00
3.7093,3.7034,5.9,0,12.3,-1792.7,2.6285,120.7,-2212.0,1.0120,210.7,339.6,0.8949,243.7,-436.6,-2.0000,-426.6,260.7,0,0.0,0.0,0.0000,0.00,0.00,0.00,0.00
3.7178,3.7122,5.6,0,12.5,-1793.2,2.6355,122.6,-2209.0,1.0222,205.8,342.8,1.5986,246.4,-435.1,-2.0000,-426.4,261.1,0,0.0,0.0,0.0000,0.00,0.00,0.00,0.00
3.7252,3.7207,4.5,0,12.1,-1792.6,2.6311,124.3,-2206.1,1.0402,201.2,345.8,2.3377,248.9,-433.6,-2.0000,-429.1,256.7,0,0.0,0.0,0.0000,0.00,0.00,0.00,0.00
3.7341,3.7304,3.7,0,12.2,-1793.1,2.6321,126.2,-2202.7,1.0587,197.1,348.1,1.2846,251.9,-431.9,-2.0000,-430.6,254.1,0,0.0,0.0,0.0000,0.00,0.00,0.00,0.00
3.7416,3.7378,3.8,0,12.2,-1792.5,2.6324,127.7,-2200.1,1.0662,193.8,349.9,0.8734,254.0,-430.7,-2.0000,-431.7,252.3,0,0.0,0.0,0.0000,0.00,0.00,0.00,0.00
3.7496,3.7461,3.4,0,11.7,-1793.1,2.6234,129.3,-2197.2,1.0740,190.7,351.7,0.9310,257.4,-428.7,-2.0000,-435.9,244.9,0,0.0,0.0,0.0000,0.00,0.00,0.00,0.00
3.7579,3.7532,4.7,0,12.1,-1792.9,2.6259,130.6,-2194.7,1.0803,187.8,353.4,0.9581,259.1,-427.6,-2.0000,-436.3,244.2,0,0.0,0.0,0.0000,0.00,0.00,0.00,0.00
3.7662,3.7649,1.3,0,12.0,-1792.9,2.6281,132.8,-2190.6,1.0980,181.2,356.3,2.2241,261.7,-426.1,-2.0000,-437.2,242.6,0,0.0,0.0,0.0000,0.00,0.00,0.00,0.00
3.7739,3.7715,2.4,0,12.0,-1793.4,2.6273,134.0,-2188.2,1.1133,177.8,358.1,2.1928,264.8,-424.2,-2.0000,-439.2,239.0,0,0.0,0.0,0.0000,0.00,0.00,0.00,0.00
3.7810,3.7798,1.3,0,12.0,-1792.3,2.6334,135.4,-2185.2,1.1270,174.0,360.5,1.1577,266.4,-423.1,-2.0000,-438.6,240.1,0,0.0,0.0,0.0000,0.00,0.00,0.00,0.00
3.7898,3.7884,1.4,0,12.1,-1792.4,2.6251,136.9,-2182.1,1.1352,169.9,362.4,0.8856,268.9,-421.6,-2.0000,-442.0,233.8,0,0.0,0.0,0.0000,0.00,0.00,0.00,0.00
3.7975,3.7974,0.1,0,12.3,-1792.5,2.6279,138.4,-2178.8,1.1442,165.5,363.8,1.0419,271.0,-420.2,-2.0000,-442.5,232.8,0,0.0,0.0,0.0000,0.00,0.00,0.00,0.00
3.8052,3.8051,0.1,0,12.2,-1792.7,2.6281,139.7,-2176.0,1.1522,161.9,365.3,1.0420,273.4,-418.6,-2.0000,-443.8,230.3,0,0.0,0.0,0.0000,0.00,0.00,0.00,0.00
3.8136,3.8135,0.1,0,12.1,-1791.6,2.6292,141.0,-2173.0,1.1603,158.2,367.2,0.8685,275.1,-417.5,-2.0000,-444.5,229.0,0,0.0,0.0,0.0000,0.00,0.00,0.00,0.00
3.8216,3.8135,8.1,0,12.1,-1791.6,2.6292,141.0,-2173.0,1.1603,158.2,367.2,0.8685,277.7,-415.8,-2.0000,-445.9,226.3,0,0.0,0.0,0.0000,0.00,0.00,0.00,0.00
3.8292,3.8226,6.6,0,12.4,-1793.1,2.6344,142.4,-2169.6,1.1699,153.7,369.3,1.3951,280.9,-413.6,-2.0000,-446.5,225.1,0,0.0,0.0,0.0000,0.00,0.00,0.00,0.00
3.8372,3.8308,6.5,0,11.6,-1792.4,2.6161,143.7,-2166.6,1.1857,149.7,371.4,2.3249,283.7,-411.7,-2.0000,-452.0,213.8,0,0.0,0.0,0.0000,0.00,0.00,0.00,0.00
3.8452,3.8388,6.4,0,12.4,-1792.7,2.6326,144.9,-2163.6,1.2033,145.4,372.7,1.7791,285.6,-410.4,-2.0000,-449.4,219.2,0,0.0,0.0,0.0000,0.00,0.00,0.00,0.00
3.8535,3.8475,6.0,0,12.0,-1793.1,2.6334,146.1,-2160.4,1.2142,140.6,373.9,0.9309,288.6,-408.3,-2.0000,-450.8,216.2,0,0.0,0.0,0.0000,0.00,0.00,0.00,0.00
3.8612,3.8558,5.4,0,11.9,-1792.9,2.6322,147.3,-2157.2,1.2217,136.8,375.8,1.0286,290.9,-406.7,-2.0000,-452.3,213.2,0,0.0,0.0,0.0000,0.00,0.00,0.00,0.00
3.8701,3.8651,5.0,0,12.3,-1792.7,2.6340,148.5,-2153.7,1.2303,132.6,377.9,0.9541,292.9,-405.2,-2.0000,-453.0,211.7,0,0.0,0.0,0.0000,0.00,0.00,0.00,0.00
3.8771,3.8727,4.4,0,12.0,-1792.6,2.6367,149.5,-2150.9,1.2397,128.7,378.8,1.6901,295.3,-403.5,-2.0000,-453.6,210.3,0,0.0,0.0,0.0000,0.00,0.00,0.00,0.00
3.8857,3.8812,4.5,0,11.8,-1792.9,2.6245,150.6,-2147.6,1.2582,124.5,380.0,2.3245,298.3,-401.2,-2.0000,-457.7,201.3,0,0.0,0.0,0.0000,0.00,0.00,0.00,0.00
3.8940,3.8894,4.6,0,12.0,-1791.4,2.6271,151.6,-2144.5,1.2741,119.5,381.7,1.3875,299.3,-400.5,-2.0000,-457.6,201.4,0,0.0,0.0,0.0000,0.00,0.00,0.00,0.00
3.9011,3.8982,2.8,0,11.7,-1792.1,2.6226,152.6,-2141.1,1.2833,114.6,383.3,0.8694,302.5,-398.1,-2.0000,-460.2,195.6,0,0.0,0.0,0.0000,0.00,0.00,0.00,0.00
3.9099,3.9065,3.4,0,12.4,-1792.8,2.6332,153.5,-2138.0,1.2912,111.1,384.2,1.0419,305.1,-396.1,-2.0000,-459.3,197.5,0,0.0,0.0,0.0000,0.00,0.00,0.00,0.00
3.9177,3.9152,2.6,0,11.6,-1792.2,2.6127,154.5,-2134.6,1.3002,107.0,385.3,1.0419,307.6,-394.2,-2.0000,-464.5,185.1,0,0.0,0.0,0.0000,0.00,0.00,0.00,0.00
3.9261,3.9234,2.7,0,11.9,-1792.8,2.6301,155.4,-2131.4,1.3086,102.9,386.6,0.8894,310.1,-392.2,-2.0000,-462.4,190.2,0,0.0,0.0,0.0000,0.00,0.00,0.00,0.00
3.9333,3.9320,1.3,0,12.1,-1793.0,2.6303,156.2,-2128.1,1.3166,98.4,387.8,1.1388,312.1,-390.6,-2.0000,-463.3,187.9,0,0.0,0.0,0.0000,0.00,0.00,0.00,0.00
3.9415,3.9402,1.3,0,12.4,-1792.3,2.6405,157.0,-2124.9,1.3299,93.6,388.9,2.1671,313.3,-389.6,-2.0000,-462.0,191.2,0,0.0,0.0,0.0000,0.00,0.00,0.00,0.00
3.9490,3.9489,0.1,0,12.1,-1793.1,2.6313,157.8,-2121.5,1.3496,89.0,389.9,2.0491,316.9,-386.7,-2.0000,-465.4,182.7,0,0.0,0.0,0.0000,0.00,0.00,0.00,0.00
3.9573,3.9572,0.1,0,12.1,-1792.9,2.6314,158.5,-2118.3,1.3619,84.8,390.8,1.0481,319.4,-384.7,-2.0000,-466.6,179.8,0,0.0,0.0,0.0000,0.00,0.00,0.00,0.00
3.9658,3.9572,8.6,0,12.1,-1792.9,2.6314,158.5,-2118.3,1.3619,84.8,390.8,1.0481,321.7,-382.8,-2.0000,-467.7,176.9,0,0.0,0.0,0.0000,0.00,0.00,0.00,0.00
3.9741,3.9694,4.8,0,12.0,-1792.4,2.6296,159.5,-2113.5,1.3733,78.4,392.2,0.9643,323.8,-381.0,-2.0000,-468.9,173.5,0,0.0,0.0,0.0000,0.00,0.00,0.00,0.00
3.9821,3.9748,7.3,0,11.8,-1793.0,2.6298,159.9,-2111.4,1.3781,75.6,392.8,0.8813,326.8,-378.4,-2.0000,-470.3,169.8,0,0.0,0.0,0.0000,0.00,0.00,0.00,0.00
3.9892,3.9828,6.4,0,12.0,-1793.0,2.6337,160.5,-2108.2,1.3868,71.7,393.6,1.4178,328.5,-376.9,-2.0000,-470.4,169.6,0,0.0,0.0,0.0000,0.00,0.00,0.00,0.00
3.9979,3.9909,7.0,0,11.9,-1793.1,2.6303,161.1,-2105.1,1.4026,68.0,394.3,2.3280,331.5,-374.3,-2.0000,-472.3,164.2,0,0.0,0.0,0.0000,0.00,0.00,0.00,0.00
4.0055,3.9996,5.8,0,11.6,-1793.2,2.6322,161.7,-2101.6,1.4214,62.9,395.2,1.6295,334.2,-371.9,-2.0000,-473.1,161.7,0,0.0,0.0,0.0000,0.00,0.00,0.00,0.00
4.0135,4.0080,5.5,0,12.4,-1792.8,2.6341,162.2,-2098.3,1.4313,58.0,396.1,0.9120,335.1,-371.1,-2.0000,-473.2,161.5,0,0.0,0.0,0.0000,0.00,0.00,0.00,0.00
4.0220,4.0162,5.7,0,12.2,-1793.4,2.6285,162.6,-2095.0,1.4388,53.8,396.2,1.0415,338.4,-368.1,-2.0000,-475.5,154.5,0,0.0,0.0,0.0000,0.00,0.00,0.00,0.00
4.0302,4.0251,5.0,0,12.2,-1792.7,2.6311,163.1,-2091.5,1.4481,49.1,396.3,1.0411,339.8,-366.8,-2.0000,-475.7,154.0,0,0.0,0.0,0.0000,0.00,0.00,0.00,0.00
4.0376,4.0333,4.3,0,12.1,-1792.9,2.6242,163.5,-2088.3,1.4566,44.9,397.5,0.9664,342.4,-364.4,-2.0000,-477.8,147.4,0,0.0,0.0,0.0000,0.00,0.00,0.00,0.00
4.0452,4.0416,3.6,0,12.3,-1792.4,2.6286,163.8,-2085.0,1.4641,40.6,398.4,0.9805,343.7,-363.2,-2.0000,-477.7,147.7,0,0.0,0.0,0.0000,0.00,0.00,0.00,0.00
4.0541,4.0503,3.8,0,11.9,-1792.7,2.6318,164.2,-2081.5,1.4759,36.1,398.4,1.9438,347.0,-360.0,-2.0000,-478.5,144.9,0,0.0,0.0,0.0000,0.00,0.00,0.00,0.00
4.0611,4.0587,2.4,0,11.5,-1792.0,2.6100,164.4,-2078.2,1.4948,31.6,398.6,2.2561,348.9,-358.1,-2.0000,-482.3,131.8,0,0.0,0.0,0.0000,0.00,0.00,0.00,0.00
4.0699,4.0587,11.2,0,11.5,-1792.0,2.6100,164.4,-2078.2,1.4948,31.6,398.6,2.2561,351.6,-355.5,-2.0000,-483.3,128.2,0,0.0,0.0,0.0000,0.00,0.00,0.00,0.00
4.0781,4.0755,2.6,0,12.2,-1792.2,2.6381,164.9,-2071.5,1.5177,22.2,399.4,0.8722,353.2,-353.9,-2.0000,-480.1,139.5,0,0.0,0.0,0.0000,0.00,0.00,0.00,0.00
4.0854,4.0842,1.2,0,11.9,-1793.0,2.6253,165.1,-2068.0,1.5263,18.3,399.3,1.0412,356.6,-350.5,-2.0000,-483.1,128.8,0,0.0,0.0,0.0000,0.00,0.00,0.00,0.00
4.0937,4.0925,1.2,0,11.8,-1792.2,2.6252,165.2,-2064.7,1.5349,13.9,399.5,1.0412,357.8,-349.2,-2.0000,-483.6,127.0,0,0.0,0.0,0.0000,0.00,0.00,0.00,0.00
4.1021,4.1007,1.5,0,11.9,-1792.6,2.6280,165.3,-2061.4,1.5429,9.2,400.1,0.8711,360.4,-346.6,-2.0000,-484.2,124.8,0,0.0,0.0,0.0000,0.00,0.00,0.00,0.00
4.1092,4.1091,0.1,0,11.8,-1793.0,2.6255,165.3,-2058.0,1.5512,4.5,400.1,1.2380,363.0,-343.8,-2.0000,-485.4,119.9,0,0.0,0.0,0.0000,0.00,0.00,0.00,0.00
4.1175,4.1175,0.1,0,12.2,-1792.4,2.6370,165.4,-2054.7,1.5660,0.0,400.0,2.2645,364.1,-342.7,-2.0000,-484.4,123.9,0,0.0,0.0,0.0000,0.00,0.00,0.00,0.00
4.1255,4.1175,8.0,0,12.2,-1792.4,2.6370,165.4,-2054.7,1.5660,0.0,400.0,2.2645,366.9,-339.7,-2.0000,-485.4,120.0,0,0.0,0.0,0.0000,0.00,0.00,0.00,0.00
4.1340,4.1263,7.7,0,12.0,-1792.5,2.6293,165.3,-2051.2,1.5856,-4.7,399.9,1.8623,369.8,-336.5,-2.0000,-487.3,112.1,0,0.0,0.0,0.0000,0.00,0.00,0.00,0.00
4.1413,4.1347,6.6,0,12.3,-1792.8,2.6320,165.3,-2047.8,1.5967,-9.4,399.8,0.9648,371.5,-334.7,-2.0000,-487.5,110.9,0,0.0,0.0,0.0000,0.00,0.00,0.00,0.00
4.1496,4.1430,6.6,0,12.0,-1791.5,2.6231,165.2,-2044.5,1.6042,-13.5,399.8,0.9816,372.3,-333.8,-1.7870,-488.8,105.4,0,0.0,0.0,0.0000,0.00,0.00,0.00,0.00
4.1580,4.1516,6.4,0,12.5,-1793.2,2.6364,165.1,-2041.0,1.6122,-17.5,400.0,0.8985,376.3,-329.2,-2.0000,-488.6,105.9,0,0.0,0.0,0.0000,0.00,0.00,0.00,0.00
4.1655,4.1601,5.4,0,12.4,-1793.2,2.6330,164.9,-2037.6,1.6220,-22.1,399.4,1.5760,378.5,-326.7,-2.0000,-489.7,101.0,0,0.0,0.0,0.0000,0.00,0.00,0.00,0.00
4.1740,4.1681,5.9,0,11.8,-1792.8,2.6251,164.7,-2034.4,1.6388,-26.2,398.8,2.3434,381.3,-323.4,-2.0000,-491.3,92.9,0,0.0,0.0,0.0000,0.00,0.00,0.00,0.00
4.1815,4.1768,4.7,0,12.3,-1793.1,2.6340,164.4,-2031.0,1.6565,-31.6,398.7,1.4599,377.4,-315.7,-2.0000,-483.2,92.5,0,0.0,0.0,0.0000,0.00,0.00,0.00,0.00
4.1897,4.1853,4.5,0,12.1,-1792.3,2.6324,164.2,-2027.6,1.6658,-36.7,398.5,0.8795,372.8,-308.4,-1.8440,-475.8,87.6,0,0.0,0.0,0.0000,0.00,0.00,0.00,0.00
4.1971,4.1939,3.2,0,12.6,-1791.9,2.6357,163.8,-2024.2,1.6739,-41.2,397.9,1.0417,366.6,-301.5,-1.5448,-466.8,86.1,0,0.0,0.0,0.0000,0.00,0.00,0.00,0.00
4.2052,4.2023,2.9,0,12.1,-1792.6,2.6241,163.5,-2020.8,1.6826,-45.5,397.4,1.0420,362.4,-291.9,-2.0000,-459.4,74.4,0,0.0,0.0,0.0000,0.00,0.00,0.00,0.00
4.2140,4.2106,3.4,0,11.8,-1792.7,2.6166,163.1,-2017.5,1.6911,-48.6,396.8,0.9152,357.1,-282.4,-2.0000,-450.6,65.4,0,0.0,0.0,0.0000,0.00,0.00,0.00,0.00
4.2214,4.2189,2.5,0,12.1,-1792.6,2.6297,162.6,-2014.2,1.6987,-52.6,396.3,1.0573,351.2,-274.7,-2.0000,-440.8,67.4,0,0.0,0.0,0.0000,0.00,0.00,0.00,0.00
4.2292,4.2278,1.4,0,11.9,-1793.0,2.6215,162.2,-2010.7,1.7124,-58.8,395.9,2.1301,346.8,-265.2,-2.0000,-432.7,57.8,0,0.0,0.0,0.0000,0.00,0.00,0.00,0.00
4.2373,4.2361,1.2,0,11.7,-1792.6,2.6225,161.6,-2007.4,1.7313,-63.5,395.2,2.1380,342.0,-257.7,-2.0000,-424.8,54.1,0,0.0,0.0,0.0000,0.00,0.00,0.00,0.00
4.2456,4.2443,1.2,0,11.9,-1792.5,2.6267,161.1,-2004.2,1.7443,-67.5,394.0,1.1150,335.7,-249.5,-2.0000,-415.0,51.8,0,0.0,0.0,0.0000,0.00,0.00,0.00,0.00
4.2534,4.2533,0.1,0,12.3,-1793.0,2.6372,160.5,-2000.7,1.7526,-72.0,393.2,0.9092,328.7,-239.8,-1.5816,-403.7,51.1,0,0.0,0.0,0.0000,0.00,0.00,0.00,0.00
4.2618,4.2617,0.1,0,12.1,-1792.9,2.6289,159.9,-1997.4,1.7605,-76.0,392.5,0.8683,322.9,-231.6,-1.2230,-395.0,43.4,0,0.0,0.0,0.0000,0.00,0.00,0.00,0.00
4.2693,4.2693,0.0,0,11.8,-1792.2,2.6214,159.3,-1994.4,1.7681,-80.0,392.0,1.2536,318.4,-225.9,-2.0000,-388.6,37.8,0,0.0,0.0,0.0000,0.00,0.00,0.00,0.00
4.2782,4.2767,1.4,0,12.5,-1793.1,2.6365,158.7,-1991.4,1.7811,-83.9,391.9,2.2141,309.8,-214.6,-2.0000,-374.9,37.9,0,0.0,0.0,0.0000,0.00,0.00,0.00,0.00
4.2860,4.2767,9.3,0,12.5,-1793.1,2.6365,158.7,-1991.4,1.7811,-83.9,391.9,2.2141,303.6,-207.2,-2.0000,-365.9,34.4,0,0.0,0.0,0.0000,0.00,0.00,0.00,0.00
4.2933,4.2867,6.6,0,11.8,-1791.6,2.6283,157.8,-1987.5,1.8031,-89.4,390.3,1.7937,299.9,-204.6,-2.0000,-361.8,30.9,0,0.0,0.0,0.0000,0.00,0.00,0.00,0.00
4.3013,4.2957,5.6,0,12.3,-1792.9,2.6372,157.0,-1984.0,1.8144,-94.4,388.3,0.9216,292.5,-191.9,-1.3216,-348.8,26.6,0,0.0,0.0,0.0000,0.00,0.00,0.00,0.00
4.3098,4.3032,6.6,0,12.0,-1792.8,2.6305,156.2,-1981.1,1.8211,-98.2,387.6,0.9952,286.6,-183.8,-0.9631,-339.9,20.2,0,0.0,0.0,0.0000,0.00,0.00,0.00,0.00
4.3182,4.3120,6.2,0,12.2,-1793.1,2.6368,155.4,-1977.7,1.8303,-102.8,386.6,1.0420,278.7,-175.6,-1.9913,-328.9,18.9,0,0.0,0.0,0.0000,0.00,0.00,0.00,0.00
4.3259,4.3204,5.4,0,12.3,-1792.8,2.6360,154.5,-1974.5,1.8390,-106.7,385.5,1.0150,271.9,-169.4,-2.0000,-319.9,16.5,0,0.0,0.0,0.0000,0.00,0.00,0.00,0.00
4.3337,4.3311,2.6,0,11.9,-1793.2,2.6328,153.3,-1970.4,1.8489,-111.9,384.0,1.0691,267.2,-160.4,-2.0000,-311.5,9.9,0,0.0,0.0,0.0000,0.00,0.00,0.00,0.00
4.3412,4.3376,3.7,0,12.3,-1792.7,2.6324,152.6,-1967.9,1.8579,-115.5,383.0,1.8372,259.8,-154.6,-2.0000,-302.2,8.4,0,0.0,0.0,0.0000,0.00,0.00,0.00,0.00
4.3495,4.3461,3.5,0,12.4,-1792.3,2.6414,151.6,-1964.6,1.8767,-120.0,381.7,2.2925,252.3,-148.4,-2.0000,-292.6,9.2,0,0.0,0.0,0.0000,0.00,0.00,0.00,0.00
4.3579,4.3543,3.6,0,11.9,-1792.4,2.6234,150.6,-1961.5,1.8918,-123.9,380.4,1.2993,246.7,-140.3,-1.8530,-283.8,-0.3,0,0.0,0.0,0.0000,0.00,0.00,0.00,0.00
4.3651,4.3650,0.1,0,12.1,-1792.6,2.6299,149.2,-1957.4,1.9024,-129.4,378.4,0.9006,240.0,-132.9,-0.9929,-274.4,-1.6,0,0.0,0.0,0.0000,0.00,0.00,0.00,0.00
4.3739,4.3716,2.3,0,11.6,-1791.8,2.6122,148.3,-1955.0,1.9087,-132.9,376.8,0.8867,233.7,-127.3,-0.5668,-266.0,-8.1,0,0.0,0.0,0.0000,0.00,0.00,0.00,0.00
4.3815,4.3791,2.3,0,12.5,-1792.3,2.6398,147.3,-1952.1,1.9156,-136.7,375.5,1.0722,224.1,-119.5,-1.6065,-254.0,-3.0,0,0.0,0.0,0.0000,0.00,0.00,0.00,0.00
4.3894,4.3880,1.4,0,11.9,-1792.7,2.6291,146.1,-1948.8,1.9295,-140.7,374.7,2.1482,218.4,-111.2,-1.9172,-244.9,-10.2,0,0.0,0.0,0.0000,0.00,0.00,0.00,0.00
4.3976,4.3880,9.6,0,11.9,-1792.7,2.6291,146.1,-1948.8,1.9295,-140.7,374.7,2.1482,211.4,-104.1,-1.6707,-235.2,-13.0,0,0.0,0.0,0.0000,0.00,0.00,0.00,0.00
4.4053,4.4052,0.1,0,12.3,-1792.1,2.6380,143.6,-1942.4,1.9619,-150.0,370.7,1.0504,203.4,-99.3,-1.6620,-226.0,-11.2,0,0.0,0.0,0.0000,0.00,0.00,0.00,0.00
4.4131,4.4052,7.9,0,12.3,-1792.1,2.6380,143.6,-1942.4,1.9619,-150.0,370.7,1.0504,196.8,-92.0,-1.7436,-216.7,-14.4,0,0.0,0.0,0.0000,0.00,0.00,0.00,0.00
4.4219,4.4218,0.1,0,12.0,-1793.4,2.6274,141.1,-1936.3,1.9779,-157.7,367.7,1.0411,189.6,-80.2,-1.5411,-204.5,-23.4,0,0.0,0.0,0.0000,0.00,0.00,0.00,0.00
4.4294,4.4218,7.6,0,12.0,-1793.4,2.6274,141.1,-1936.3,1.9779,-157.7,367.7,1.0411,181.4,-74.7,-0.6006,-194.7,-24.2,0,0.0,0.0,0.0000,0.00,0.00,0.00,0.00
4.4379,4.4333,4.6,0,12.0,-1793.2,2.6305,139.2,-1932.0,1.9899,-163.2,365.1,0.9686,173.0,-69.0,-0.3024,-184.6,-24.5,0,0.0,0.0,0.0000,0.00,0.00,0.00,0.00
4.4452,4.4391,6.0,0,12.3,-1793.0,2.6319,138.2,-1929.9,1.9951,-166.1,363.8,0.8884,165.4,-63.5,-1.2145,-175.4,-25.3,0,0.0,0.0,0.0000,0.00,0.00,0.00,0.00
4.4539,4.4474,6.5,0,12.0,-1793.0,2.6314,136.8,-1926.9,2.0044,-170.1,362.0,1.4927,158.0,-56.6,-1.5885,-165.5,-27.7,0,0.0,0.0,0.0000,0.00,0.00,0.00,0.00
4.4614,4.4562,5.3,0,11.9,-1792.7,2.6255,135.3,-1923.7,2.0223,-174.3,360.1,2.3431,151.5,-51.4,-1.4462,-157.1,-30.1,0,0.0,0.0,0.0000,0.00,0.00,0.00,0.00
4.4697,4.4659,3.8,0,11.6,-1792.4,2.6225,133.6,-1920.2,2.0414,-179.3,357.5,1.3327,144.5,-45.3,-1.2622,-147.9,-32.4,0,0.0,0.0,0.0000,0.00,0.00,0.00,0.00
4.4772,4.4727,4.5,0,11.7,-1793.0,2.6256,132.4,-1917.8,2.0486,-182.7,355.8,0.8914,136.4,-37.7,-0.3537,-137.2,-34.5,0,0.0,0.0,0.0000,0.00,0.00,0.00,0.00
4.4862,4.4815,4.8,0,12.3,-1792.2,2.6404,130.8,-1914.7,2.0568,-186.5,353.6,1.0419,125.3,-33.0,-0.0989,-125.7,-31.3,0,0.0,0.0,0.0000,0.00,0.00,0.00,0.00
4.4934,4.4895,3.9,0,11.9,-1792.5,2.6240,129.3,-1911.9,2.0652,-190.1,351.7,1.0419,119.1,-27.3,-0.9353,-117.0,-35.2,0,0.0,0.0,0.0000,0.00,0.00,0.00,0.00
4.5017,4.4994,2.3,0,12.1,-1792.5,2.6321,127.4,-1908.4,2.0752,-194.1,350.0,0.8907,109.8,-21.0,-1.3513,-106.1,-35.2,0,0.0,0.0,0.0000,0.00,0.00,0.00,0.00
4.5100,4.5064,3.6,0,12.1,-1792.1,2.6340,126.0,-1906.0,2.0815,-197.3,348.3,1.0244,102.1,-16.4,-1.1521,-97.2,-35.3,0,0.0,0.0,0.0000,0.00,0.00,0.00,0.00
4.5182,4.5155,2.7,0,12.1,-1792.7,2.6314,124.2,-1902.8,2.0951,-202.8,345.0,2.0968,93.6,-8.5,-1.0806,-85.8,-38.3,0,0.0,0.0,0.0000,0.00,0.00,0.00,0.00
4.5260,4.5234,2.6,0,12.3,-1793.1,2.6290,122.6,-1900.1,2.1131,-206.7,342.5,2.2015,84.7,-1.1,-1.1415,-74.3,-40.5,0,0.0,0.0,0.0000,0.00,0.00,0.00,0.00
4.5338,4.5324,1.4,0,11.9,-1793.0,2.6283,120.7,-1897.0,2.1277,-210.4,339.9,1.1063,77.6,4.0,-0.9422,-65.7,-41.6,0,0.0,0.0,0.0000,0.00,0.00,0.00,0.00
4.5415,4.5401,1.4,0,12.1,-1792.5,2.6280,119.1,-1894.4,2.1349,-213.6,337.8,0.8803,68.7,7.0,0.0017,-56.4,-39.8,0,0.0,0.0,0.0000,0.00,0.00,0.00,0.00
4.5498,4.5486,1.2,0,12.0,-1792.9,2.6310,117.2,-1891.6,2.1429,-217.0,335.7,0.8716,60.0,13.4,0.2970,-45.8,-41.0,0,0.0,0.0,0.0000,0.00,0.00,0.00,0.00
4.5571,4.5570,0.1,0,12.2,-1792.7,2.6298,115.4,-1888.7,2.1512,-220.8,333.4,1.2315,52.4,18.0,-0.6021,-36.8,-41.3,0,0.0,0.0,0.0000,0.00,0.00,0.00,0.00
4.5657,4.5570,8.7,0,12.2,-1792.7,2.6298,115.4,-1888.7,2.1512,-220.8,333.4,1.2315,43.4,23.7,-0.9843,-26.3,-41.9,0,0.0,0.0,0.0000,0.00,0.00,0.00,0.00
4.5739,4.5738,0.1,0,12.2,-1792.8,2.6361,111.6,-1883.2,2.1847,-228.7,328.5,1.9313,34.1,29.2,-0.9014,-15.7,-42.0,0,0.0,0.0,0.0000,0.00,0.00,0.00,0.00
4.5810,4.5738,7.2,0,12.2,-1792.8,2.6361,111.6,-1883.2,2.1847,-228.7,328.5,1.9313,26.2,33.7,-0.7641,-6.6,-42.2,0,0.0,0.0,0.0000,0.00,0.00,0.00,0.00
4.5898,4.5822,7.6,0,12.2,-1793.1,2.6363,109.7,-1880.4,2.1963,-232.6,325.7,0.9902,16.6,40.7,0.2803,5.2,-43.7,0,0.0,0.0,0.0000,0.00,0.00,0.00,0.00
4.5974,4.5908,6.6,0,12.1,-1793.1,2.6292,107.7,-1877.7,2.2040,-236.0,323.0,0.9717,8.5,45.5,0.6032,14.9,-43.9,0,0.0,0.0,0.0000,0.00,0.00,0.00,0.00
4.6054,4.5994,5.9,0,12.0,-1792.2,2.6283,105.6,-1874.9,2.2130,-239.3,320.2,1.0411,-0.6,46.4,-0.3474,23.3,-40.1,0,0.0,0.0,0.0000,0.00,0.00,0.00,0.00
4.6134,4.6080,5.4,0,12.5,-1792.6,2.6351,103.5,-1872.1,2.2219,-243.1,317.7,1.0412,-11.2,52.0,-0.7650,35.0,-40.0,0,0.0,0.0,0.0000,0.00,0.00,0.00,0.00
4.6220,4.6161,5.9,0,12.3,-1793.0,2.6336,101.6,-1869.6,2.2293,-246.6,315.5,0.9147,-19.9,58.5,-0.5497,45.8,-41.4,0,0.0,0.0,0.0000,0.00,0.00,0.00,0.00
4.6293,4.6247,4.6,0,11.8,-1792.9,2.6283,99.4,-1866.9,2.2397,-250.4,312.0,1.6955,-24.8,60.9,-0.4752,51.5,-40.9,0,0.0,0.0,0.0000,0.00,0.00,0.00,0.00
4.6378,4.6334,4.4,0,11.7,-1792.7,2.6238,97.2,-1864.2,2.2585,-254.3,308.7,2.3193,-27.3,59.2,-0.5166,53.0,-37.9,0,0.0,0.0,0.0000,0.00,0.00,0.00,0.00
4.6462,4.6425,3.7,0,12.0,-1792.0,2.6362,94.9,-1861.4,2.2754,-257.3,305.8,1.2800,-32.0,56.9,-0.3485,55.6,-34.3,0,0.0,0.0,0.0000,0.00,0.00,0.00,0.00
4.6539,4.6501,3.8,0,12.1,-1793.1,2.6311,92.9,-1859.1,2.2832,-260.2,303.3,0.8703,-35.2,58.3,0.6525,59.2,-33.6,0,0.0,0.0,0.0000,0.00,0.00,0.00,0.00
4.6619,4.6586,3.3,0,12.1,-1792.9,2.6358,90.7,-1856.5,2.2911,-263.9,300.2,0.9137,-38.3,56.6,0.8751,60.9,-31.0,0,0.0,0.0,0.0000,0.00,0.00,0.00,0.00
4.6694,4.6669,2.5,0,11.9,-1793.0,2.6277,88.5,-1854.0,2.2987,-267.4,297.4,1.0570,-40.2,56.5,-0.0232,62.8,-29.5,0,0.0,0.0,0.0000,0.00,0.00,0.00,0.00
4.6775,4.6752,2.3,0,12.0,-1793.3,2.6282,86.2,-1851.5,2.3112,-270.6,295.2,2.0676,-43.5,57.0,-0.3805,65.9,-28.3,0,0.0,0.0,0.0000,0.00,0.00,0.00,0.00
4.6856,4.6819,3.8,0,12.3,-1792.9,2.6328,84.4,-1849.6,2.3262,-273.3,292.9,2.3024,-47.3,54.6,-0.1517,67.9,-24.6,0,0.0,0.0,0.0000,0.00,0.00,0.00,0.00
4.6933,4.6903,2.9,0,11.5,-1792.7,2.6227,82.1,-1847.1,2.3419,-277.2,288.9,1.2919,-47.4,53.3,-0.0676,67.6,-22.8,0,0.0,0.0,0.0000,0.00,0.00,0.00,0.00
4.7020,4.6989,3.1,0,12.3,-1792.6,2.6291,79.7,-1844.7,2.3505,-280.5,285.2,0.8678,-51.5,53.3,-0.0614,71.0,-21.2,0,0.0,0.0,0.0000,0.00,0.00,0.00,0.00
4.7096,4.7072,2.3,0,11.7,-1792.2,2.6130,77.4,-1842.3,2.3586,-283.3,282.6,1.0419,-51.8,51.8,0.0341,70.8,-18.6,0,0.0,0.0,0.0000,0.00,0.00,0.00,0.00
4.7177,4.7156,2.1,0,12.2,-1792.9,2.6309,75.0,-1840.0,2.3673,-283.6,277.3,1.0419,-55.7,53.1,-0.0042,74.5,-19.1,0,0.0,0.0,0.0000,0.00,0.00,0.00,0.00
4.7253,4.7156,9.7,0,12.2,-1792.9,2.6309,75.0,-1840.0,2.3673,-283.6,277.3,1.0419,-57.7,52.5,0.0250,76.0,-17.6,0,0.0,0.0,0.0000,0.00,0.00,0.00,0.00
4.7339,4.7241,9.8,0,12.4,-1792.6,2.6332,72.6,-1837.7,2.3758,-280.0,268.6,0.8770,-60.3,51.6,0.0510,77.8,-15.7,0,0.0,0.0,0.0000,0.00,0.00,0.00,0.00
4.7415,4.7326,8.8,0,12.1,-1793.2,2.6302,70.2,-1835.4,2.3840,-277.1,260.0,1.1928,-60.9,52.7,0.1186,78.9,-16.1,0,0.0,0.0,0.0000,0.00,0.00,0.00,0.00
4.7497,4.7410,8.7,0,12.1,-1791.3,2.6292,67.9,-1833.3,2.3983,-273.8,250.4,2.2347,-62.1,46.5,0.3282,76.9,-10.1,0,0.0,0.0,0.0000,0.00,0.00,0.00,0.00
4.7580,4.7494,8.5,0,12.3,-1792.9,2.6295,65.6,-1831.2,2.4173,-270.2,242.1,1.9836,-63.9,50.3,0.2199,80.3,-12.6,0,0.0,0.0,0.0000,0.00,0.00,0.00,0.00
4.7656,4.7579,7.7,0,11.7,-1792.4,2.6296,63.4,-1829.2,2.4293,-266.4,234.2,1.0072,-63.7,47.9,-0.6766,79.0,-10.6,0,0.0,0.0,0.0000,0.00,0.00,0.00,0.00
4.7732,4.7663,6.9,0,11.9,-1792.8,2.6269,61.1,-1827.2,2.4369,-262.4,225.9,0.9480,-65.4,48.4,-0.9350,80.7,-10.0,0,0.0,0.0,0.0000,0.00,0.00,0.00,0.00
4.7811,4.7748,6.3,0,12.0,-1792.6,2.6285,58.9,-1825.4,2.4456,-258.6,217.2,1.0419,-65.9,47.3,0.0665,80.6,-8.9,0,0.0,0.0,0.0000,0.00,0.00,0.00,0.00
4.7903,4.7832,7.0,0,11.9,-1792.5,2.6261,56.8,-1823.6,2.4544,-253.6,209.9,1.0419,-65.7,46.1,0.5559,79.9,-7.7,0,0.0,0.0,0.0000,0.00,0.00,0.00,0.00
4.7978,4.7832,14.6,0,11.9,-1792.5,2.6261,56.8,-1823.6,2.4544,-253.6,209.9,1.0419,-65.5,44.8,0.5505,79.1,-6.7,0,0.0,0.0,0.0000,0.00,0.00,0.00,0.00
4.8052,4.8001,5.1,0,11.9,-1792.9,2.6323,52.6,-1820.1,2.4720,-243.7,195.1,1.0416,-65.5,45.1,0.4501,79.2,-7.4,0,0.0,0.0,0.0000,0.00,0.00,0.00,0.00
4.8137,4.8086,5.1,0,11.9,-1792.7,2.6315,50.5,-1818.5,2.4808,-239.0,187.4,1.0411,-65.5,44.5,-0.4962,78.9,-6.8,0,0.0,0.0,0.0000,0.00,0.00,0.00,0.00
4.8219,4.8170,4.9,0,12.2,-1792.9,2.6308,48.5,-1817.0,2.4896,-233.8,180.4,1.0417,-66.2,44.2,-0.7000,79.3,-6.2,0,0.0,0.0,0.0000,0.00,0.00,0.00,0.00
4.8291,4.8255,3.6,0,12.2,-1793.2,2.6327,46.6,-1815.5,2.4985,-228.7,173.4,1.0420,-65.8,42.8,0.2487,78.3,-5.3,0,0.0,0.0,0.0000,0.00,0.00,0.00,0.00
4.8380,4.8339,4.1,0,11.8,-1792.6,2.6267,44.7,-1814.0,2.5074,-222.9,166.5,1.1442,-63.7,39.3,0.7563,74.8,-2.8,0,0.0,0.0,0.0000,0.00,0.00,0.00,0.00
4.8453,4.8424,3.0,0,12.1,-1792.9,2.6280,42.8,-1812.7,2.5173,-217.4,159.6,1.0606,-63.6,39.8,0.7289,75.0,-3.5,0,0.0,0.0,0.0000,0.00,0.00,0.00,0.00
4.8541,4.8508,3.3,0,11.7,-1792.3,2.6198,41.0,-1811.3,2.5227,-212.4,152.7,0.0661,-60.9,37.1,0.6231,71.3,-1.8,0,0.0,0.0,0.0000,0.00,0.00,0.00,0.00
4.8612,4.8593,1.9,0,11.9,-1792.9,2.6282,39.2,-1810.1,2.5212,-206.8,146.2,-0.1289,-60.2,37.3,-0.2770,70.8,-2.9,0,0.0,0.0,0.0000,0.00,0.00,0.00,0.00
4.8700,4.8677,2.3,0,12.1,-1792.7,2.6331,37.5,-1808.9,2.5246,-200.6,140.4,0.9182,-58.9,34.9,-0.5753,68.4,-1.8,0,0.0,0.0,0.0000,0.00,0.00,0.00,0.00
4.8776,4.8677,9.9,0,12.1,-1792.7,2.6331,37.5,-1808.9,2.5246,-200.6,140.4,0.9182,-57.5,33.7,0.5553,66.6,-1.5,0,0.0,0.0,0.0000,0.00,0.00,0.00,0.00
4.8854,4.8762,9.2,0,12.2,-1792.5,2.6293,35.8,-1807.7,2.5342,-194.4,134.3,1.2012,-55.9,31.8,0.8959,64.3,-0.3,0,0.0,0.0,0.0000,0.00,0.00,0.00,0.00
4.8937,4.8762,17.5,0,12.2,-1792.5,2.6293,35.8,-1807.7,2.5342,-194.4,134.3,1.2012,-53.5,29.6,-0.0861,61.2,0.5,0,0.0,0.0,0.0000,0.00,0.00,0.00,0.00
4.9019,4.8931,8.9,0,12.1,-1793.0,2.6290,32.7,-1805.5,2.5532,-181.7,122.1,0.8499,-51.0,29.3,-0.4661,58.8,-0.5,0,0.0,0.0,0.0000,0.00,0.00,0.00,0.00
4.9094,4.9015,7.9,0,11.8,-1792.5,2.6282,31.1,-1804.5,2.5558,-175.7,117.3,-0.1843,-47.4,27.4,-0.4151,54.8,-0.6,0,0.0,0.0,0.0000,0.00,0.00,0.00,0.00
4.9178,4.9100,7.9,0,12.1,-1793.3,2.6310,29.7,-1803.6,2.5546,-169.4,111.2,0.1764,-45.3,28.2,-0.2719,53.3,-2.4,0,0.0,0.0,0.0000,0.00,0.00,0.00,0.00
4.9252,4.9184,6.8,0,12.4,-1792.7,2.6415,28.3,-1802.6,2.5607,-163.1,104.5,1.1035,-43.8,23.6,0.6044,49.8,0.3,0,0.0,0.0,0.0000,0.00,0.00,0.00,0.00
4.9335,4.9269,6.7,0,12.0,-1792.2,2.6218,26.9,-1801.8,2.5707,-156.4,99.6,1.1071,-39.4,19.9,1.0487,44.1,2.3,0,0.0,0.0,0.0000,0.00,0.00,0.00,0.00
4.9415,4.9353,6.2,0,12.0,-1792.9,2.6300,25.6,-1801.0,2.5805,-149.7,94.9,1.1918,-36.0,20.2,0.0583,41.3,0.1,0,0.0,0.0,0.0000,0.00,0.00,0.00,0.00
4.9491,4.9438,5.3,0,12.3,-1792.7,2.6329,24.4,-1800.2,2.5884,-142.8,89.5,0.5514,-33.5,17.6,-0.3464,37.8,1.0,0,0.0,0.0,0.0000,0.00,0.00,0.00,0.00
4.9571,4.9522,4.9,0,12.3,-1792.8,2.6366,23.2,-1799.4,2.5885,-135.9,84.0,-0.2598,-30.1,16.1,-0.1951,34.1,0.4,0,0.0,0.0,0.0000,0.00,0.00,0.00,0.00
4.9654,4.9607,4.8,0,12.1,-1793.0,2.6308,22.1,-1798.8,2.5890,-129.3,79.3,0.6443,-25.6,14.7,-0.1485,29.5,-0.3,0,0.0,0.0,0.0000,0.00,0.00,0.00,0.00
4.9737,4.9691,4.6,0,12.1,-1793.4,2.6306,21.0,-1798.1,2.5983,-122.6,74.4,1.2880,-21.9,13.4,-0.1080,25.6,-1.0,0,0.0,0.0,0.0000,0.00,0.00,0.00,0.00
4.9818,4.9776,4.3,0,12.4,-1792.5,2.6288,20.0,-1797.5,2.6059,-115.6,69.1,0.3316,-18.8,8.4,-0.0892,20.5,1.9,0,0.0,0.0,0.0000,0.00,0.00,0.00,0.00
4.9897,4.9860,3.6,0,12.0,-1792.3,2.6324,19.1,-1796.9,2.6060,-108.5,64.1,-0.1711,-12.1,5.5,-0.1081,13.2,1.2,0,0.0,0.0,0.0000,0.00,0.00,0.00,0.00
4.9979,4.9945,3.4,0,11.8,-1793.3,2.6252,18.2,-1796.4,2.6051,-101.3,60.7,-0.1231,-6.6,6.0,-0.0829,8.7,-1.9,0,0.0,0.0,0.0000,0.00,0.00,0.00,0.00
5.0057,5.0029,2.9,0,12.0,-1792.6,2.6320,17.4,-1795.9,2.6040,-94.1,56.4,0.0129,-3.1,0.8,-0.1104,3.1,0.8,0,0.0,0.0,0.0000,0.00,0.00,0.00,0.00
5.0133,5.0113,2.0,0,12.5,-1793.0,2.6345,16.6,-1795.5,2.6079,-87.3,50.8,1.0347,-0.8,0.0,-0.0974,0.7,0.4,0,0.0,0.0,0.0000,0.00,0.00,0.00,0.00
5.0217,5.0198,1.9,0,11.9,-1792.7,2.6280,15.9,-1795.1,2.6183,-80.1,46.0,1.1238,8.4,-4.9,-0.0309,-9.7,0.1,0,0.0,0.0,0.0000,0.00,0.00,0.00,0.00
5.0291,5.0198,9.3,0,11.9,-1792.7,2.6280,15.9,-1795.1,2.6183,-80.1,46.0,1.1238,10.0,-5.7,-0.0194,-11.5,0.1,0,0.0,0.0,0.0000,0.00,0.00,0.00,0.00
5.0374,5.0283,9.2,0,12.2,-1792.3,2.6330,15.3,-1794.7,2.6231,-72.7,41.5,0.0773,7.2,-6.0,-0.0436,-9.3,1.8,0,0.0,0.0,0.0000,0.00,0.00,0.00,0.00
5.0454,5.0367,8.7,0,11.7,-1792.7,2.6219,14.7,-1794.4,2.6222,-65.4,37.3,-0.1484,7.2,-4.0,-0.0001,-8.3,-0.1,0,0.0,0.0,0.0000,0.00,0.00,0.00,0.00
5.0539,5.0452,8.8,0,11.5,-1792.4,2.6185,14.1,-1794.1,2.6219,-58.2,33.5,-0.0000,6.4,-4.3,0.0136,-7.7,0.5,0,0.0,0.0,0.0000,0.00,0.00,0.00,0.00
5.0621,5.0536,8.5,0,11.9,-1792.5,2.6247,13.7,-1793.8,2.6219,-51.1,29.2,0.0000,4.1,-3.2,-0.0111,-5.1,0.8,0,0.0,0.0,0.0000,0.00,0.00,0.00,0.00
5.0692,5.0621,7.2,0,12.4,-1792.7,2.6342,13.3,-1793.6,2.6219,-44.4,24.8,0.0000,1.8,-2.1,-0.0494,-2.6,0.9,0,0.0,0.0,0.0000,0.00,0.00,0.00,0.00
5.0781,5.0704,7.6,0,12.4,-1792.8,2.6345,12.9,-1793.4,2.6219,-36.6,20.7,-0.0000,0.7,-1.2,-0.0504,-1.2,0.7,0,0.0,0.0,0.0000,0.00,0.00,0.00,0.00
5.0852,5.0789,6.3,0,12.2,-1793.1,2.6356,12.7,-1793.2,2.6219,-28.2,16.7,0.0000,0.9,-0.1,-0.0547,-0.8,-0.3,0,0.0,0.0,0.0000,0.00,0.00,0.00,0.00
5.0932,5.0874,5.8,0,12.0,-1792.5,2.6286,12.5,-1793.1,2.6219,-21.5,12.5,0.0000,1.0,-1.5,-0.0269,-1.6,0.8,0,0.0,0.0,0.0000,0.00,0.00,0.00,0.00
5.1013,5.0958,5.4,0,11.8,-1793.0,2.6282,12.3,-1793.0,2.6219,-14.2,7.9,0.0000,1.4,-0.0,-0.0251,-1.2,-0.6,0,0.0,0.0,0.0000,0.00,0.00,0.00,0.00
5.1095,5.1043,5.2,0,11.8,-1792.2,2.6224,12.2,-1792.9,2.6219,-9.7,5.4,-0.0000,1.1,-2.2,-0.0018,-2.0,1.3,0,0.0,0.0,0.0000,0.00,0.00,0.00,0.00
5.1171,5.1127,4.4,0,12.0,-1793.1,2.6341,12.2,-1792.9,2.6219,0.0,0.0,0.0000,0.4,0.4,-0.0487,-0.2,-0.5,0,0.0,0.0,0.0000,0.00,0.00,0.00,0.00
5.1259,5.1212,4.7,0,12.2,-1792.9,2.6324,12.2,-1792.9,2.6219,0.0,0.0,0.0000,-0.1,-0.1,-0.0420,0.0,0.1,0,0.0,0.0,0.0000,0.00,0.00,0.00,0.00
5.1339,5.1296,4.3,0,12.2,-1792.2,2.6436,12.2,-1792.9,2.6219,0.0,0.0,0.0000,-0.2,-2.2,-0.0868,-0.9,2.0,0,0.0,0.0,0.0000,0.00,0.00,0.00,0.00
5.1416,5.1381,3.5,0,12.1,-1792.9,2.6272,12.2,-1792.9,2.6219,0.0,0.0,0.0000,0.3,-0.2,-0.0213,-0.4,-0.0,0,0.0,0.0,0.0000,0.00,0.00,0.00,0.00
5.1500,5.1465,3.4,0,12.0,-1793.2,2.6280,12.2,-1792.9,2.6219,0.0,0.0,0.0000,0.5,0.7,-0.0246,-0.1,-0.9,0,0.0,0.0,0.0000,0.00,0.00,0.00,0.00
5.1581,5.1550,3.1,0,12.0,-1791.9,2.6182,12.2,-1792.9,2.6219,0.0,0.0,0.0000,0.4,-3.1,0.0149,-1.9,2.4,0,0.0,0.0,0.0000,0.00,0.00,0.00,0.00
5.1661,5.1550,11.1,0,12.0,-1791.9,2.6182,12.2,-1792.9,2.6219,0.0,0.0,0.0000,0.4,-3.1,0.0149,-1.9,2.4,0,0.0,0.0,0.0000,0.00,0.00,0.00,0.00
5.1739,5.1634,10.5,0,11.9,-1792.9,2.6307,12.2,-1792.9,2.6219,0.0,0.0,0.0000,0.9,-0.2,-0.0352,-0.9,-0.3,0,0.0,0.0,0.0000,0.00,0.00,0.00,0.00
5.1817,5.1719,9.9,0,12.0,-1792.6,2.6290,12.2,-1792.9,2.6219,0.0,0.0,0.0000,0.4,-0.9,-0.0283,-0.8,0.6,0,0.0,0.0,0.0000,0.00,0.00,0.00,0.00
5.1896,5.1803,9.3,0,12.0,-1792.3,2.6252,12.2,-1792.9,2.6219,0.0,0.0,0.0000,0.7,-1.9,-0.0132,-1.5,1.3,0,0.0,0.0,0.0000,0.00,0.00,0.00,0.00
5.1973,5.1888,8.5,0,12.2,-1792.3,2.6366,12.2,-1792.9,2.6219,0.0,0.0,0.0000,-0.1,-1.8,-0.0588,-0.8,1.6,0,0.0,0.0,0.0000,0.00,0.00,0.00,0.00
5.2059,5.1974,8.4,0,12.3,-1792.9,2.6273,12.2,-1792.9,2.6219,0.0,0.0,0.0000,-0.5,0.0,-0.0215,0.4,0.2,0,0.0,0.0,0.0000,0.00,0.00,0.00,0.00
5.2133,5.2058,7.5,0,11.8,-1792.5,2.6251,12.2,-1792.9,2.6219,0.0,0.0,0.0000,1.2,-1.4,-0.0127,-1.7,0.7,0,0.0,0.0,0.0000,0.00,0.00,0.00,0.00
5.2219,5.2141,7.7,0,12.1,-1792.6,2.6289,12.2,-1792.9,2.6219,0.0,0.0,0.0000,0.1,-1.1,-0.0282,-0.6,0.9,0,0.0,0.0,0.0000,0.00,0.00,0.00,0.00
5.2291,5.2226,6.5,0,12.4,-1792.9,2.6342,12.2,-1792.9,2.6219,0.0,0.0,0.0000,-0.7,-0.2,-0.0491,0.5,0.5,0,0.0,0.0,0.0000,0.00,0.00,0.00,0.00
5.2371,5.2313,5.8,0,11.9,-1792.8,2.6275,12.2,-1792.9,2.6219,0.0,0.0,0.0000,0.7,-0.5,-0.0225,-0.9,0.1,0,0.0,0.0,0.0000,0.00,0.00,0.00,0.00
5.2457,5.2395,6.2,0,12.1,-1793.2,2.6283,12.2,-1792.9,2.6219,0.0,0.0,0.0000,0.3,0.7,-0.0255,0.1,-0.8,0,0.0,0.0,0.0000,0.00,0.00,0.00,0.00
5.2536,5.2479,5.7,0,12.2,-1792.6,2.6349,12.2,-1792.9,2.6219,0.0,0.0,0.0000,-0.1,-1.1,-0.0520,-0.5,1.0,0,0.0,0.0,0.0000,0.00,0.00,0.00,0.00
5.2618,5.2564,5.5,0,11.8,-1792.3,2.6298,12.2,-1792.9,2.6219,0.0,0.0,0.0000,1.1,-1.9,-0.0318,-1.9,1.1,0,0.0,0.0,0.0000,0.00,0.00,0.00,0.00
5.2699,5.2652,4.7,0,12.2,-1793.1,2.6350,12.2,-1792.9,2.6219,0.0,0.0,0.0000,-0.2,0.6,-0.0526,0.4,-0.4,0,0.0,0.0,0.0000,0.00,0.00,0.00,0.00
5.2780,5.2733,4.7,0,12.2,-1792.4,2.6352,12.2,-1792.9,2.6219,0.0,0.0,0.0000,0.0,-1.5,-0.0532,-0.8,1.3,0,0.0,0.0,0.0000,0.00,0.00,0.00,0.00
5.2860,5.2817,4.3,0,12.3,-1792.7,2.6282,12.2,-1792.9,2.6219,0.0,0.0,0.0000,-0.2,-0.6,-0.0252,-0.1,0.7,0,0.0,0.0,0.0000,0.00,0.00,0.00,0.00
5.2938,5.2902,3.6,0,11.9,-1792.5,2.6232,12.2,-1792.9,2.6219,0.0,0.0,0.0000,0.7,-1.3,-0.0051,-1.3,0.8,0,0.0,0.0,0.0000,0.00,0.00,0.00,0.00
5.3011,5.2988,2.3,0,12.2,-1791.4,2.6267,12.2,-1792.9,2.6219,0.0,0.0,0.0000,0.0,-4.7,-0.0192,-2.3,4.0,0,0.0,0.0,0.0000,0.00,0.00,0.00,0.00
5.3095,5.3072,2.3,0,12.0,-1792.3,2.6257,12.2,-1792.9,2.6219,0.0,0.0,0.0000,0.7,-2.0,-0.0153,-1.6,1.4,0,0.0,0.0,0.0000,0.00,0.00,0.00,0.00
5.3174,5.3155,1.9,0,12.3,-1792.3,2.6394,12.2,-1792.9,2.6219,0.0,0.0,0.0000,-0.5,-1.9,-0.0699,-0.5,1.9,0,0.0,0.0,0.0000,0.00,0.00,0.00,0.00
5.3259,5.3240,1.9,0,12.1,-1792.7,2.6319,12.2,-1792.9,2.6219,0.0,0.0,0.0000,0.4,-0.6,-0.0401,-0.6,0.3,0,0.0,0.0,0.0000,0.00,0.00,0.00,0.00
5.3337,5.3240,9.7,0,12.1,-1792.7,2.6319,12.2,-1792.9,2.6219,0.0,0.0,0.0000,0.4,-0.6,-0.0401,-0.6,0.3,0,0.0,0.0,0.0000,0.00,0.00,0.00,0.00
5.3412,5.3325,8.7,0,11.8,-1793.2,2.6261,12.2,-1792.9,2.6219,0.0,0.0,0.0000,1.2,0.7,-0.0167,-0.7,-1.2,0,0.0,0.0,0.0000,0.00,0.00,0.00,0.00
5.3497,5.3409,8.9,0,12.5,-1792.3,2.6413,12.2,-1792.9,2.6219,0.0,0.0,0.0000,-1.1,-2.0,-0.0777,0.0,2.3,0,0.0,0.0,0.0000,0.00,0.00,0.00,0.00
5.3575,5.3493,8.1,0,11.5,-1792.4,2.6180,12.2,-1792.9,2.6219,0.0,0.0,0.0000,1.9,-1.6,0.0156,-2.5,0.5,0,0.0,0.0,0.0000,0.00,0.00,0.00,0.00
5.3656,5.3578,7.9,0,11.9,-1792.2,2.6197,12.2,-1792.9,2.6219,0.0,0.0,0.0000,0.8,-2.1,0.0088,-1.7,1.5,0,0.0,0.0,0.0000,0.00,0.00,0.00,0.00
5.3735,5.3664,7.1,0,11.8,-1792.2,2.6183,12.2,-1792.9,2.6219,0.0,0.0,0.0000,1.2,-2.2,0.0143,-2.1,1.3,0,0.0,0.0,0.0000,0.00,0.00,0.00,0.00
5.3820,5.3747,7.3,0,12.2,-1792.7,2.6336,12.2,-1792.9,2.6219,0.0,0.0,0.0000,-0.1,-0.7,-0.0469,-0.2,0.7,0,0.0,0.0,0.0000,0.00,0.00,0.00,0.00
5.3892,5.3831,6.0,0,12.0,-1792.7,2.6259,12.2,-1792.9,2.6219,0.0,0.0,0.0000,0.5,-0.8,-0.0160,-0.8,0.5,0,0.0,0.0,0.0000,0.00,0.00,0.00,0.00
5.3979,5.3916,6.3,0,12.1,-1793.2,2.6345,12.2,-1792.9,2.6219,0.0,0.0,0.0000,0.2,0.7,-0.0503,0.1,-0.7,0,0.0,0.0,0.0000,0.00,0.00,0.00,0.00
5.4057,5.4001,5.6,0,12.3,-1793.0,2.6344,12.2,-1792.9,2.6219,0.0,0.0,0.0000,-0.3,0.2,-0.0499,0.3,-0.0,0,0.0,0.0,0.0000,0.00,0.00,0.00,0.00
5.4131,5.4084,4.7,0,12.1,-1792.6,2.6305,12.2,-1792.9,2.6219,0.0,0.0,0.0000,0.2,-0.9,-0.0342,-0.6,0.7,0,0.0,0.0,0.0000,0.00,0.00,0.00,0.00
5.4212,5.4169,4.3,0,12.0,-1792.7,2.6286,12.2,-1792.9,2.6219,0.0,0.0,0.0000,0.7,-0.6,-0.0268,-0.9,0.2,0,0.0,0.0,0.0000,0.00,0.00,0.00,0.00
5.4296,5.4253,4.3,0,12.2,-1793.2,2.6298,12.2,-1792.9,2.6219,0.0,0.0,0.0000,-0.2,0.9,-0.0314,0.6,-0.7,0,0.0,0.0,0.0000,0.00,0.00,0.00,0.00
5.4378,5.4253,12.5,0,12.2,-1793.2,2.6298,12.2,-1792.9,2.6219,0.0,0.0,0.0000,-0.2,0.9,-0.0314,0.6,-0.7,0,0.0,0.0,0.0000,0.00,0.00,0.00,0.00
5.4459,5.4423,3.6,0,12.4,-1792.1,2.6426,12.2,-1792.9,2.6219,0.0,0.0,0.0000,-0.8,-2.6,-0.0828,-0.6,2.7,0,0.0,0.0,0.0000,0.00,0.00,0.00,0.00
5.4538,5.4507,3.1,0,12.0,-1792.7,2.6263,12.2,-1792.9,2.6219,0.0,0.0,0.0000,0.5,-0.7,-0.0177,-0.8,0.3,0,0.0,0.0,0.0000,0.00,0.00,0.00,0.00
5.4613,5.4507,10.6,0,12.0,-1792.7,2.6263,12.2,-1792.9,2.6219,0.0,0.0,0.0000,0.5,-0.7,-0.0177,-0.8,0.3,0,0.0,0.0,0.0000,0.00,0.00,0.00,0.00
5.4695,5.4592,10.3,0,11.8,-1793.0,2.6274,12.2,-1792.9,2.6219,0.0,0.0,0.0000,1.0,0.3,-0.0221,-0.7,-0.7,0,0.0,0.0,0.0000,0.00,0.00,0.00,0.00
5.4781,5.4761,2.1,0,11.9,-1792.6,2.6261,12.2,-1792.9,2.6219,0.0,0.0,0.0000,0.9,-1.0,-0.0167,-1.3,0.4,0,0.0,0.0,0.0000,0.00,0.00,0.00,0.00
5.4857,5.4761,9.7,0,11.9,-1792.6,2.6261,12.2,-1792.9,2.6219,0.0,0.0,0.0000,0.9,-1.0,-0.0167,-1.3,0.4,0,0.0,0.0,0.0000,0.00,0.00,0.00,0.00
5.4938,5.4845,9.4,0,11.9,-1793.1,2.6332,12.2,-1792.9,2.6219,0.0,0.0,0.0000,0.9,0.4,-0.0453,-0.6,-0.8,0,0.0,0.0,0.0000,0.00,0.00,0.00,0.00
5.5014,5.4930,8.5,0,12.1,-1792.8,2.6320,12.2,-1792.9,2.6219,0.0,0.0,0.0000,0.2,-0.5,-0.0406,-0.5,0.4,0,0.0,0.0,0.0000,0.00,0.00,0.00,0.00
5.5092,5.5015,7.7,0,12.4,-1792.7,2.6323,12.2,-1792.9,2.6219,0.0,0.0,0.0000,-0.6,-0.7,-0.0414,0.2,1.0,0,0.0,0.0,0.0000,0.00,0.00,0.00,0.00
5.5180,5.5099,8.2,0,12.0,-1793.1,2.6271,12.2,-1792.9,2.6219,0.0,0.0,0.0000,0.4,0.6,-0.0207,-0.1,-0.7,0,0.0,0.0,0.0000,0.00,0.00,0.00,0.00
5.5261,5.5183,7.8,0,12.3,-1792.6,2.6339,12.2,-1792.9,2.6219,0.0,0.0,0.0000,-0.2,-1.1,-0.0479,-0.3,1.0,0,0.0,0.0,0.0000,0.00,0.00,0.00,0.00
5.5333,5.5267,6.6,0,12.3,-1792.7,2.6301,12.2,-1792.9,2.6219,0.0,0.0,0.0000,-0.3,-0.8,-0.0327,-0.1,0.9,0,0.0,0.0,0.0000,0.00,0.00,0.00,0.00
5.5415,5.5351,6.3,0,12.2,-1792.6,2.6322,12.2,-1792.9,2.6219,0.0,0.0,0.0000,-0.1,-1.1,-0.0414,-0.4,1.0,0,0.0,0.0,0.0000,0.00,0.00,0.00,0.00
5.5495,5.5436,5.8,0,11.7,-1793.0,2.6256,12.2,-1792.9,2.6219,0.0,0.0,0.0000,1.3,0.1,-0.0147,-1.1,-0.7,0,0.0,0.0,0.0000,0.00,0.00,0.00,0.00
5.5571,5.5521,5.0,0,11.8,-1792.9,2.6199,12.2,-1792.9,2.6219,0.0,0.0,0.0000,1.1,-0.1,0.0082,-1.0,-0.5,0,0.0,0.0,0.0000,0.00,0.00,0.00,0.00
5.5660,5.5605,5.4,0,11.8,-1792.7,2.6255,12.2,-1792.9,2.6219,0.0,0.0,0.0000,1.2,-0.7,-0.0145,-1.4,0.1,0,0.0,0.0,0.0000,0.00,0.00,0.00,0.00
5.5733,5.5690,4.3,0,11.9,-1792.7,2.6271,12.2,-1792.9,2.6219,0.0,0.0,0.0000,0.8,-0.8,-0.0209,-1.1,0.3,0,0.0,0.0,0.0000,0.00,0.00,0.00,0.00
5.5817,5.5774,4.3,0,12.2,-1792.2,2.6338,12.2,-1792.9,2.6219,0.0,0.0,0.0000,0.0,-2.3,-0.0476,-1.1,2.0,0,0.0,0.0,0.0000,0.00,0.00,0.00,0.00
5.5901,5.5859,4.2,0,12.1,-1793.0,2.6359,12.2,-1792.9,2.6219,0.0,0.0,0.0000,0.2,0.1,-0.0559,-0.1,-0.2,0,0.0,0.0,0.0000,0.00,0.00,0.00,0.00
5.5977,5.5943,3.4,0,12.3,-1791.9,2.6387,12.2,-1792.9,2.6219,0.0,0.0,0.0000,-0.5,-3.1,-0.0672,-1.1,2.9,0,0.0,0.0,0.0000,0.00,0.00,0.00,0.00
5.6052,5.5943,10.9,0,12.3,-1791.9,2.6387,12.2,-1792.9,2.6219,0.0,0.0,0.0000,-0.5,-3.1,-0.0672,-1.1,2.9,0,0.0,0.0,0.0000,0.00,0.00,0.00,0.00
5.6135,5.6112,2.3,0,11.9,-1792.4,2.6211,12.2,-1792.9,2.6219,0.0,0.0,0.0000,1.0,-1.6,0.0033,-1.6,0.9,0,0.0,0.0,0.0000,0.00,0.00,0.00,0.00
5.6218,5.6197,2.1,0,12.1,-1793.0,2.6305,12.2,-1792.9,2.6219,0.0,0.0,0.0000,0.4,0.1,-0.0343,-0.3,-0.3,0,0.0,0.0,0.0000,0.00,0.00,0.00,0.00
5.6291,5.6197,9.4,0,12.1,-1793.0,2.6305,12.2,-1792.9,2.6219,0.0,0.0,0.0000,0.4,0.1,-0.0343,-0.3,-0.3,0,0.0,0.0,0.0000,0.00,0.00,0.00,0.00
5.6379,5.6281,9.8,0,12.0,-1793.3,2.6304,12.2,-1792.9,2.6219,0.0,0.0,0.0000,0.5,1.2,-0.0339,0.1,-1.3,0,0.0,0.0,0.0000,0.00,0.00,0.00,0.00
5.6453,5.6366,8.7,0,11.8,-1793.1,2.6241,12.2,-1792.9,2.6219,0.0,0.0,0.0000,1.2,0.4,-0.0088,-0.8,-0.9,0,0.0,0.0,0.0000,0.00,0.00,0.00,0.00
5.6539,5.6451,8.9,0,12.1,-1793.1,2.6301,12.2,-1792.9,2.6219,0.0,0.0,0.0000,0.4,0.4,-0.0329,-0.1,-0.5,0,0.0,0.0,0.0000,0.00,0.00,0.00,0.00
5.6621,5.6535,8.6,0,12.3,-1792.6,2.6282,12.2,-1792.9,2.6219,0.0,0.0,0.0000,-0.2,-1.1,-0.0254,-0.3,1.1,0,0.0,0.0,0.0000,0.00,0.00,0.00,0.00
5.6696,5.6619,7.7,0,12.1,-1792.8,2.6348,12.2,-1792.9,2.6219,0.0,0.0,0.0000,0.1,-0.3,-0.0515,-0.3,0.2,0,0.0,0.0,0.0000,0.00,0.00,0.00,0.00
5.6779,5.6704,7.5,0,12.3,-1792.7,2.6295,12.2,-1792.9,2.6219,0.0,0.0,0.0000,-0.3,-0.8,-0.0304,-0.1,0.9,0,0.0,0.0,0.0000,0.00,0.00,0.00,0.00
5.6854,5.6788,6.6,0,12.2,-1792.4,2.6315,12.2,-1792.9,2.6219,0.0,0.0,0.0000,-0.2,-1.5,-0.0385,-0.6,1.4,0,0.0,0.0,0.0000,0.00,0.00,0.00,0.00
5.6932,5.6873,5.9,0,12.2,-1792.6,2.6315,12.2,-1792.9,2.6219,0.0,0.0,0.0000,-0.0,-1.0,-0.0384,-0.5,0.9,0,0.0,0.0,0.0000,0.00,0.00,0.00,0.00
5.7022,5.6964,5.8,0,11.7,-1792.8,2.6259,12.2,-1792.9,2.6219,0.0,0.0,0.0000,1.4,-0.5,-0.0160,-1.5,-0.3,0,0.0,0.0,0.0000,0.00,0.00,0.00,0.00
5.7099,5.6964,13.5,0,11.7,-1792.8,2.6259,12.2,-1792.9,2.6219,0.0,0.0,0.0000,1.4,-0.5,-0.0160,-1.5,-0.3,0,0.0,0.0,0.0000,0.00,0.00,0.00,0.00
5.7178,5.7133,4.5,0,12.3,-1793.0,2.6349,12.2,-1792.9,2.6219,0.0,0.0,0.0000,-0.5,0.3,-0.0520,0.5,0.0,0,0.0,0.0,0.0000,0.00,0.00,0.00,0.00
5.7257,5.7217,4.0,0,12.2,-1793.0,2.6355,12.2,-1792.9,2.6219,0.0,0.0,0.0000,-0.2,0.2,-0.0546,0.3,-0.1,0,0.0,0.0,0.0000,0.00,0.00,0.00,0.00
5.7331,5.7302,2.9,0,11.9,-1793.0,2.6307,12.2,-1792.9,2.6219,0.0,0.0,0.0000,0.7,0.3,-0.0353,-0.5,-0.6,0,0.0,0.0,0.0000,0.00,0.00,0.00,0.00
5.7418,5.7386,3.1,0,12.5,-1792.8,2.6423,12.2,-1792.9,2.6219,0.0,0.0,0.0000,-1.0,-0.3,-0.0818,0.8,0.7,0,0.0,0.0,0.0000,0.00,0.00,0.00,0.00
5.7494,5.7470,2.3,0,12.0,-1792.8,2.6264,12.2,-1792.9,2.6219,0.0,0.0,0.0000,0.6,-0.3,-0.0181,-0.7,0.0,0,0.0,0.0,0.0000,0.00,0.00,0.00,0.00
5.7572,5.7555,1.6,0,12.0,-1792.5,2.6257,12.2,-1792.9,2.6219,0.0,0.0,0.0000,0.7,-1.3,-0.0151,-1.2,0.8,0,0.0,0.0,0.0000,0.00,0.00,0.00,0.00
5.7658,5.7640,1.8,0,11.9,-1792.6,2.6291,12.2,-1792.9,2.6219,0.0,0.0,0.0000,0.8,-1.0,-0.0287,-1.2,0.5,0,0.0,0.0,0.0000,0.00,0.00,0.00,0.00
5.7733,5.7640,9.3,0,11.9,-1792.6,2.6291,12.2,-1792.9,2.6219,0.0,0.0,0.0000,0.8,-1.0,-0.0287,-1.2,0.5,0,0.0,0.0,0.0000,0.00,0.00,0.00,0.00
5.7811,5.7724,8.7,0,11.7,-1793.1,2.6234,12.2,-1792.9,2.6219,0.0,0.0,0.0000,1.6,0.6,-0.0058,-1.1,-1.3,0,0.0,0.0,0.0000,0.00,0.00,0.00,0.00
5.7897,5.7809,8.8,0,12.1,-1792.6,2.6269,12.2,-1792.9,2.6219,0.0,0.0,0.0000,0.3,-1.0,-0.0201,-0.7,0.7,0,0.0,0.0,0.0000,0.00,0.00,0.00,0.00
5.7978,5.7893,8.5,0,11.9,-1792.9,2.6285,12.2,-1792.9,2.6219,0.0,0.0,0.0000,0.7,-0.1,-0.0263,-0.7,-0.3,0,0.0,0.0,0.0000,0.00,0.00,0.00,0.00
5.8058,5.7978,8.0,0,11.5,-1792.3,2.6170,12.2,-1792.9,2.6219,0.0,0.0,0.0000,2.0,-1.9,0.0195,-2.7,0.6,0,0.0,0.0,0.0000,0.00,0.00,0.00,0.00
5.8132,5.8062,7.0,0,11.8,-1793.1,2.6275,12.2,-1792.9,2.6219,0.0,0.0,0.0000,1.1,0.6,-0.0224,-0.7,-1.1,0,0.0,0.0,0.0000,0.00,0.00,0.00,0.00
5.8219,5.8147,7.2,0,12.2,-1793.0,2.6309,12.2,-1792.9,2.6219,0.0,0.0,0.0000,-0.2,0.1,-0.0362,0.2,-0.0,0,0.0,0.0,0.0000,0.00,0.00,0.00,0.00
5.8291,5.8232,6.0,0,12.1,-1792.4,2.6350,12.2,-1792.9,2.6219,0.0,0.0,0.0000,0.1,-1.6,-0.0522,-0.9,1.4,0,0.0,0.0,0.0000,0.00,0.00,0.00,0.00
5.8377,5.8316,6.1,0,12.2,-1793.1,2.6310,12.2,-1792.9,2.6219,0.0,0.0,0.0000,-0.0,0.4,-0.0364,0.2,-0.3,0,0.0,0.0,0.0000,0.00,0.00,0.00,0.00
5.8455,5.8400,5.5,0,12.0,-1793.0,2.6296,12.2,-1792.9,2.6219,0.0,0.0,0.0000,0.7,0.2,-0.0308,-0.5,-0.5,0,0.0,0.0,0.0000,0.00,0.00,0.00,0.00
5.8531,5.8485,4.7,0,11.9,-1793.1,2.6227,12.2,-1792.9,2.6219,0.0,0.0,0.0000,0.9,0.6,-0.0031,-0.5,-0.9,0,0.0,0.0,0.0000,0.00,0.00,0.00,0.00
5.8619,5.8569,5.0,0,12.1,-1792.8,2.6278,12.2,-1792.9,2.6219,0.0,0.0,0.0000,0.3,-0.3,-0.0235,-0.4,0.1,0,0.0,0.0,0.0000,0.00,0.00,0.00,0.00
5.8693,5.8569,12.4,0,12.1,-1792.8,2.6278,12.2,-1792.9,2.6219,0.0,0.0,0.0000,0.3,-0.3,-0.0235,-0.4,0.1,0,0.0,0.0,0.0000,0.00,0.00,0.00,0.00
5.8775,5.8738,3.7,0,12.4,-1792.6,2.6260,12.2,-1792.9,2.6219,0.0,0.0,0.0000,-0.6,-0.9,-0.0165,0.1,1.0,0,0.0,0.0,0.0000,0.00,0.00,0.00,0.00
5.8856,5.8823,3.4,0,12.0,-1793.2,2.6321,12.2,-1792.9,2.6219,0.0,0.0,0.0000,0.6,0.7,-0.0406,-0.2,-0.9,0,0.0,0.0,0.0000,0.00,0.00,0.00,0.00
5.8930,5.8907,2.3,0,12.3,-1792.8,2.6366,12.2,-1792.9,2.6219,0.0,0.0,0.0000,-0.3,-0.4,-0.0589,0.1,0.5,0,0.0,0.0,0.0000,0.00,0.00,0.00,0.00
5.9014,5.8907,10.7,0,12.3,-1792.8,2.6366,12.2,-1792.9,2.6219,0.0,0.0,0.0000,-0.3,-0.4,-0.0589,0.1,0.5,0,0.0,0.0,0.0000,0.00,0.00,0.00,0.00
5.9091,5.9076,1.5,0,11.9,-1792.3,2.6269,12.2,-1792.9,2.6219,0.0,0.0,0.0000,0.8,-2.1,-0.0201,-1.7,1.4,0,0.0,0.0,0.0000,0.00,0.00,0.00,0.00
