t_s,tv_s,vision_age_ms,held,pose_x_mm,pose_y_mm,pose_theta_rad,ref_x_mm,ref_y_mm,ref_theta_rad,ref_vx_mm_s,ref_vy_mm_s,ref_omega_rad_s,cmd_world_vx_mm_s,cmd_world_vy_mm_s,cmd_omega_rad_s,cmd_body_vx_mm_s,cmd_body_vy_mm_s,near_goal,pred_x_mm,pred_y_mm,pred_theta_rad,wheel_fl_rad_s,wheel_bl_rad_s,wheel_br_rad_s,wheel_fr_rad_s
-0.2913,-0.2965,5.2,0,12.0,-1794.1,2.6339,11.9,-1793.4,2.6248,0.0,0.0,0.0000,-0.3,2.2,-0.0365,1.3,-1.8,0,0.0,0.0,0.0000,0.00,-0.11,-0.06,0.08
-0.2839,-0.2881,4.1,0,11.9,-1793.6,2.6291,11.9,-1793.4,2.6248,0.0,0.0,0.0000,-0.0,0.5,-0.0174,0.2,-0.4,0,0.0,0.0,0.0000,0.72,-0.25,-0.01,0.10
-0.2759,-0.2780,2.1,0,11.7,-1793.6,2.6216,11.9,-1793.4,2.6248,0.0,0.0,0.0000,0.7,0.5,0.0128,-0.3,-0.7,0,0.0,0.0,0.0000,0.43,-0.06,-0.05,-0.03
-0.2672,-0.2694,2.2,0,11.4,-1793.8,2.6254,11.9,-1793.4,2.6248,0.0,0.0,0.0000,1.4,1.3,-0.0024,-0.6,-1.8,0,0.0,0.0,0.0000,0.26,0.23,-0.14,0.18
-0.2597,-0.2609,1.2,0,12.0,-1793.9,2.6341,11.9,-1793.4,2.6248,0.0,0.0,0.0000,-0.3,1.5,-0.0373,1.0,-1.2,0,0.0,0.0,0.0000,0.12,0.40,0.01,0.00
-0.2514,-0.2525,1.2,0,12.1,-1793.9,2.6323,11.9,-1793.4,2.6248,0.0,0.0,0.0000,-0.5,1.6,-0.0301,1.2,-1.2,0,0.0,0.0,0.0000,-0.43,0.11,-0.02,-0.01
-0.2430,-0.2441,1.1,0,12.0,-1793.6,2.6313,11.9,-1793.4,2.6248,0.0,0.0,0.0000,-0.1,0.6,-0.0263,0.4,-0.5,0,0.0,0.0,0.0000,0.08,-0.11,0.00,-0.05
-0.2357,-0.2358,0.0,0,11.6,-1794.0,2.6313,11.9,-1793.4,2.6248,0.0,0.0,0.0000,0.8,1.9,-0.0260,0.2,-2.0,0,0.0,0.0,0.0000,-0.35,0.06,-0.09,-0.11
-0.2272,-0.2273,0.1,0,12.0,-1794.0,2.6306,11.9,-1793.4,2.6248,0.0,0.0,0.0000,-0.3,1.9,-0.0231,1.2,-1.5,0,0.0,0.0,0.0000,-0.36,-0.23,0.12,-0.31
-0.2195,-0.2273,7.7,0,12.0,-1794.0,2.6306,11.9,-1793.4,2.6248,0.0,0.0,0.0000,-0.3,1.9,-0.0231,1.2,-1.5,0,0.0,0.0,0.0000,0.23,0.15,0.05,0.03
-0.2113,-0.2188,7.5,0,12.1,-1793.6,2.6317,11.9,-1793.4,2.6248,0.0,0.0,0.0000,-0.4,0.7,-0.0277,0.7,-0.4,0,0.0,0.0,0.0000,0.02,0.07,0.07,0.16
-0.2039,-0.2102,6.3,0,12.2,-1793.8,2.6322,11.9,-1793.4,2.6248,0.0,0.0,0.0000,-1.0,1.2,-0.0299,1.4,-0.6,0,0.0,0.0,0.0000,0.14,-0.37,-0.18,-0.03
-0.1960,-0.2018,5.8,0,12.1,-1793.9,2.6419,11.9,-1793.4,2.6248,0.0,0.0,0.0000,-0.5,1.5,-0.0686,1.2,-1.0,0,0.0,0.0,0.0000,-0.26,0.62,0.34,0.21
-0.1874,-0.1927,5.3,0,12.3,-1793.7,2.6314,11.9,-1793.4,2.6248,0.0,0.0,0.0000,-1.1,0.9,-0.0265,1.4,-0.3,0,0.0,0.0,0.0000,0.34,-0.13,-0.07,0.03
-0.1796,-0.1850,5.3,0,11.8,-1794.1,2.6280,11.9,-1793.4,2.6248,0.0,0.0,0.0000,0.4,2.2,-0.0130,0.8,-2.1,0,0.0,0.0,0.0000,0.03,-0.01,0.19,0.02
-0.1712,-0.1765,5.3,0,11.9,-1793.7,2.6294,11.9,-1793.4,2.6248,0.0,0.0,0.0000,-0.0,0.7,-0.0186,0.4,-0.6,0,0.0,0.0,0.0000,0.36,-0.21,0.07,-0.31
-0.1633,-0.1679,4.6,0,11.8,-1793.8,2.6293,11.9,-1793.4,2.6248,0.0,0.0,0.0000,0.4,1.0,-0.0183,0.2,-1.1,0,0.0,0.0,0.0000,-0.13,0.16,-0.10,0.06
-0.1548,-0.1594,4.6,0,12.0,-1794.0,2.6331,11.9,-1793.4,2.6248,0.0,0.0,0.0000,-0.3,1.8,-0.0335,1.2,-1.4,0,0.0,0.0,0.0000,-0.03,-0.20,-0.12,-0.20
-0.1475,-0.1510,3.5,0,11.9,-1793.8,2.6286,11.9,-1793.4,2.6248,0.0,0.0,0.0000,0.0,1.1,-0.0153,0.5,-1.0,0,0.0,0.0,0.0000,-0.15,0.13,-0.10,0.20
-0.1390,-0.1426,3.6,0,11.6,-1793.6,2.6203,11.9,-1793.4,2.6248,0.0,0.0,0.0000,1.1,0.7,0.0179,-0.6,-1.1,0,0.0,0.0,0.0000,-0.19,-0.20,-0.33,0.11
-0.1313,-0.1339,2.6,0,12.0,-1794.2,2.6351,11.9,-1793.4,2.6248,0.0,0.0,0.0000,-0.1,2.5,-0.0412,1.3,-2.1,0,0.0,0.0,0.0000,-0.32,0.05,0.08,-0.04
-0.1234,-0.1257,2.3,0,11.8,-1793.7,2.6273,11.9,-1793.4,2.6248,0.0,0.0,0.0000,0.3,1.0,-0.0101,0.3,-1.0,0,0.0,0.0,0.0000,-0.70,-0.39,0.15,-0.14
-0.1150,-0.1175,2.5,0,11.8,-1793.8,2.6296,11.9,-1793.4,2.6248,0.0,0.0,0.0000,0.5,1.0,-0.0192,0.1,-1.1,0,0.0,0.0,0.0000,0.30,0.34,-0.08,-0.05
-0.1073,-0.1087,1.4,0,11.9,-1793.8,2.6269,11.9,-1793.4,2.6248,0.0,0.0,0.0000,0.1,1.2,-0.0083,0.5,-1.1,0,0.0,0.0,0.0000,-0.26,-0.07,-0.12,0.21
-0.0995,-0.0999,0.4,0,11.8,-1794.0,2.6276,11.9,-1793.4,2.6248,0.0,0.0,0.0000,0.3,1.8,-0.0112,0.6,-1.7,0,0.0,0.0,0.0000,0.14,0.21,-0.05,0.22
-0.0914,-0.0926,1.2,0,12.1,-1793.8,2.6299,11.9,-1793.4,2.6248,0.0,0.0,0.0000,-0.5,1.1,-0.0205,1.0,-0.7,0,0.0,0.0,0.0000,0.57,-0.02,0.54,-0.19
-0.0840,-0.0841,0.1,0,11.7,-1793.7,2.6211,11.9,-1793.4,2.6248,0.0,0.0,0.0000,-5.7,4.6,0.0146,7.2,-1.1,0,0.0,0.0,0.0000,0.31,0.00,0.20,0.01
-0.0754,-0.0841,8.7,0,11.7,-1793.7,2.6211,11.9,-1793.4,2.6248,0.0,0.0,0.0000,-5.6,4.5,0.0146,7.1,-1.1,0,0.0,0.0,0.0000,-0.12,0.07,-0.05,0.08
-0.0677,-0.0752,7.5,0,12.1,-1793.7,2.6288,11.9,-1793.4,2.6248,0.0,0.0,0.0000,-15.5,9.3,-0.0160,18.1,-0.5,0,0.0,0.0,0.0000,-0.80,-0.66,0.00,-0.12
-0.0589,-0.0664,7.6,0,12.1,-1794.0,2.6354,11.9,-1793.4,2.6248,0.0,0.0,0.0000,-23.0,14.5,-0.0425,27.2,-1.5,0,0.0,0.0,0.0000,-0.32,0.29,-0.24,-0.06
-0.0520,-0.0579,5.9,0,11.8,-1794.0,2.6233,11.9,-1793.4,2.6248,0.0,0.0,0.0000,-28.4,17.8,0.0057,33.5,-1.4,0,0.0,0.0,0.0000,0.11,0.09,-0.23,0.03
-0.0431,-0.0496,6.5,0,11.7,-1793.5,2.6215,11.9,-1793.4,2.6248,0.0,0.0,0.0000,-36.2,20.3,0.0129,41.6,0.4,0,0.0,0.0,0.0000,-0.01,0.12,-0.30,-0.09
-0.0359,-0.0413,5.4,0,12.1,-1794.0,2.6260,11.9,-1793.4,2.6248,0.0,0.0,0.0000,-43.5,25.5,-0.0050,50.5,-0.7,0,0.0,0.0,0.0000,0.43,0.00,0.08,-0.07
-0.0268,-0.0323,5.6,0,12.1,-1793.5,2.6288,11.9,-1793.4,2.6248,0.0,0.0,0.0000,-51.8,28.5,-0.0163,59.1,0.5,0,0.0,0.0,0.0000,-0.34,0.09,0.15,-0.01
-0.0197,-0.0242,4.5,0,12.0,-1794.2,2.6356,11.9,-1793.4,2.6248,0.0,0.0,0.0000,-57.2,34.0,-0.0433,66.5,-2.0,0,0.0,0.0,0.0000,0.37,-0.15,0.25,0.20
-0.0109,-0.0158,4.9,0,12.2,-1793.8,2.6360,11.9,-1793.4,2.6248,0.0,0.0,0.0000,-65.5,37.3,-0.0449,75.3,-0.9,0,0.0,0.0,0.0000,0.09,-0.09,0.16,0.05
-0.0033,-0.0071,3.8,0,11.6,-1793.7,2.6307,11.9,-1793.4,2.6248,0.0,0.0,0.0000,-70.4,40.7,-0.0237,81.3,-1.1,0,0.0,0.0,0.0000,-0.15,-0.10,0.19,0.13
0.0040,0.0017,2.3,0,12.2,-1793.7,2.6263,11.9,-1793.4,2.6248,-5.9,3.3,0.0000,-78.6,44.6,-0.0060,90.4,-0.1,0,0.0,0.0,0.0000,-0.50,-0.19,-0.14,0.31
0.0123,0.0099,2.4,0,12.3,-1793.9,2.6285,11.9,-1793.4,2.6248,-6.5,3.7,-0.0000,-86.4,48.4,-0.0149,99.0,0.2,0,0.0,0.0,0.0000,-0.71,-0.42,0.02,0.56
0.0203,0.0179,2.4,0,12.3,-1793.8,2.6320,11.8,-1793.3,2.6248,-15.4,8.8,-0.0000,-93.8,51.6,-0.0290,107.0,0.7,0,0.0,0.0,0.0000,-0.37,-0.52,0.48,0.64
0.0280,0.0266,1.5,0,11.8,-1793.8,2.6276,11.6,-1793.2,2.6248,-22.8,13.0,-0.0000,-100.1,55.3,-0.0114,114.4,1.0,0,0.0,0.0,0.0000,-0.45,-0.84,0.05,0.43
0.0366,0.0354,1.3,0,11.7,-1794.0,2.6235,11.4,-1793.1,2.6248,-30.9,17.0,0.0000,-108.6,59.9,0.0052,124.0,1.7,0,0.0,0.0,0.0000,-1.10,-0.74,0.42,0.94
0.0445,0.0433,1.3,0,12.1,-1794.1,2.6322,11.1,-1793.0,2.6248,-38.0,20.8,-0.0000,-117.5,64.7,-0.0299,134.1,0.8,0,0.0,0.0,0.0000,-0.82,-0.63,0.06,0.67
0.0520,0.0519,0.1,0,11.8,-1794.2,2.6323,10.7,-1792.8,2.6248,-45.7,25.2,-0.0000,-124.5,69.1,-0.0300,142.4,0.4,0,0.0,0.0,0.0000,-0.66,-1.11,0.33,0.47
0.0607,0.0606,0.1,0,11.7,-1794.0,2.6284,10.3,-1792.5,2.6248,-53.2,29.5,-0.0000,-133.5,71.7,-0.0146,151.5,3.1,0,0.0,0.0,0.0000,-1.42,-0.83,0.94,0.94
0.0691,0.0690,0.1,0,12.0,-1793.5,2.6277,9.8,-1792.2,2.6248,-60.2,33.5,0.0000,-143.5,74.0,-0.0116,161.4,6.1,0,0.0,0.0,0.0000,-1.09,-0.92,0.72,0.92
0.0770,0.0768,0.1,0,12.1,-1794.2,2.6379,9.3,-1792.0,2.6248,-67.0,37.4,0.0000,-152.0,80.7,-0.0525,172.1,2.7,0,0.0,0.0,0.0000,-1.09,-1.13,0.79,1.25
0.0843,0.0768,7.5,0,12.1,-1794.2,2.6379,9.3,-1792.0,2.6248,-67.0,37.4,0.0000,-160.1,84.6,-0.0525,181.0,3.2,0,0.0,0.0,0.0000,-1.92,-1.28,0.63,1.15
0.0923,0.0858,6.5,0,11.7,-1793.9,2.6326,8.7,-1791.6,2.6248,-75.0,42.1,0.0000,-169.3,86.5,-0.0315,190.0,6.9,0,0.0,0.0,0.0000,-1.70,-1.40,1.11,1.17
0.1006,0.0950,5.7,0,11.9,-1794.1,2.6272,8.0,-1791.2,2.6248,-83.1,46.0,-0.0000,-180.4,91.0,-0.0097,201.8,9.5,0,0.0,0.0,0.0000,-2.07,-1.69,1.39,1.65
0.1082,0.1046,3.6,0,11.9,-1793.8,2.6316,7.1,-1790.7,2.6248,-91.6,49.9,-0.0000,-188.8,94.3,-0.0272,210.8,9.8,0,0.0,0.0,0.0000,-1.65,-1.59,1.66,1.99
0.1168,0.1114,5.4,0,11.6,-1793.6,2.6203,6.5,-1790.4,2.6248,-97.9,52.8,0.0000,-198.2,98.2,0.0178,220.8,13.6,0,0.0,0.0,0.0000,-2.41,-1.79,2.03,2.14
0.1244,0.1204,4.0,0,12.0,-1794.3,2.6279,5.6,-1789.9,2.6248,-106.2,56.7,0.0000,-209.5,104.1,-0.0124,233.7,12.3,0,0.0,0.0,0.0000,-3.59,-1.73,1.94,2.46
0.1329,0.1282,4.7,0,11.9,-1793.9,2.6316,4.7,-1789.5,2.6248,-113.2,60.4,-0.0000,-220.4,107.3,-0.0272,244.7,14.0,0,0.0,0.0,0.0000,-2.73,-2.09,2.48,2.28
0.1409,0.1385,2.4,0,12.0,-1793.8,2.6269,3.5,-1788.8,2.6248,-122.6,65.3,0.0000,-231.8,109.9,-0.0085,255.8,18.5,0,0.0,0.0,0.0000,-2.71,-2.24,2.09,1.19
0.1483,0.1450,3.3,0,12.2,-1794.1,2.6360,2.7,-1788.4,2.6248,-128.7,67.1,0.0000,-242.9,113.9,-0.0449,267.7,18.0,0,0.0,0.0,0.0000,-3.90,-3.15,3.03,0.78
0.1562,0.1533,2.9,0,12.1,-1794.2,2.6164,1.6,-1787.8,2.6248,-136.4,70.0,0.0000,-252.9,117.8,0.0334,277.8,24.8,0,0.0,0.0,0.0000,-3.96,-3.21,3.67,2.45
0.1649,0.1616,3.3,0,11.9,-1794.3,2.6237,0.4,-1787.2,2.6248,-143.5,73.7,0.0000,-264.4,121.8,0.0044,290.0,25.1,0,0.0,0.0,0.0000,-4.52,-3.45,3.74,3.63
0.1726,0.1724,0.1,0,11.5,-1793.5,2.6281,-1.2,-1786.4,2.6248,-153.5,77.8,0.0000,-275.0,123.1,-0.0132,300.0,27.8,0,0.0,0.0,0.0000,-5.44,-3.73,4.17,4.98
0.1803,0.1789,1.4,0,12.4,-1793.7,2.6345,-2.2,-1785.9,2.6248,-160.4,79.3,0.0000,-289.3,127.3,-0.0390,314.7,29.2,0,0.0,0.0,0.0000,-4.92,-4.86,4.87,5.69
0.1882,0.1878,0.4,0,11.9,-1794.0,2.6280,-3.7,-1785.2,2.6248,-169.0,82.3,0.0000,-299.2,131.2,-0.0131,325.0,32.8,0,0.0,0.0,0.0000,-5.98,-5.25,5.29,6.24
0.1966,0.1954,1.2,0,11.9,-1793.9,2.6322,-5.0,-1784.5,2.6248,-175.4,85.4,-0.0000,-311.8,134.3,-0.0298,337.7,34.8,0,0.0,0.0,0.0000,-6.40,-5.57,5.50,6.49
0.2041,0.1954,8.8,0,11.9,-1793.9,2.6322,-5.0,-1784.5,2.6248,-175.4,85.4,-0.0000,-323.6,136.7,-0.0298,349.2,38.4,0,0.0,0.0,0.0000,-7.81,-5.97,5.67,6.76
0.2143,0.2142,0.0,0,12.1,-1793.6,2.6357,-8.5,-1782.8,2.6248,-193.7,92.1,-0.0000,-340.5,139.7,-0.0438,365.6,42.8,0,0.0,0.0,0.0000,-7.84,-5.90,6.23,8.14
0.2210,0.2209,0.2,0,11.8,-1793.8,2.6341,-9.8,-1782.2,2.6248,-200.3,93.7,-0.0000,-351.3,142.6,-0.0373,376.3,46.1,0,0.0,0.0,0.0000,-8.22,-6.22,6.12,8.27
0.2289,0.2209,8.0,0,11.8,-1793.8,2.6341,-9.8,-1782.2,2.6248,-200.3,93.7,-0.0000,-364.6,145.3,-0.0373,389.3,50.2,0,0.0,0.0,0.0000,-9.72,-6.86,7.10,9.31
0.2363,0.2298,6.5,0,11.8,-1793.8,2.6248,-11.6,-1781.4,2.6248,-209.5,95.3,0.0000,-376.4,147.7,-0.0002,400.2,57.6,0,0.0,0.0,0.0000,-10.82,-7.28,6.83,9.60
0.2447,0.2402,4.5,0,12.0,-1793.5,2.6267,-13.8,-1780.4,2.6248,-219.4,97.6,0.0000,-391.2,149.6,-0.0077,414.2,62.5,0,0.0,0.0,0.0000,-10.30,-7.49,7.19,10.08
0.2522,0.2464,5.7,0,12.1,-1794.1,2.6306,-15.2,-1779.8,2.6248,-225.0,99.0,-0.0000,-405.0,153.2,-0.0234,428.1,64.4,0,0.0,0.0,0.0000,-9.81,-7.98,7.54,9.35
0.2600,0.2546,5.4,0,12.2,-1794.0,2.6301,-17.1,-1779.0,2.6248,-233.5,100.9,-0.0000,-419.5,154.9,-0.0213,441.6,70.3,0,0.0,0.0,0.0000,-9.75,-8.66,8.10,10.47
0.2681,0.2631,5.0,0,11.9,-1794.3,2.6293,-19.1,-1778.1,2.6248,-242.5,103.0,0.0000,-433.3,157.3,-0.0183,454.7,75.3,0,0.0,0.0,0.0000,-10.56,-9.53,8.22,11.61
0.2766,0.2732,3.5,0,11.8,-1794.0,2.6259,-21.6,-1777.0,2.6248,-252.4,104.6,0.0000,-449.0,158.5,-0.0046,468.7,83.5,0,0.0,0.0,0.0000,-11.57,-10.72,8.85,12.28
0.2847,0.2798,4.9,0,12.3,-1793.4,2.6320,-23.3,-1776.3,2.6248,-258.9,105.7,-0.0000,-465.1,158.1,-0.0290,483.1,88.9,0,0.0,0.0,0.0000,-11.81,-10.17,8.99,13.99
0.2921,0.2885,3.6,0,11.4,-1794.0,2.6191,-25.6,-1775.4,2.6248,-267.9,106.4,0.0000,-473.5,160.7,0.0226,490.5,97.0,0,0.0,0.0,0.0000,-11.39,-10.68,8.25,14.73
0.3006,0.2970,3.6,0,11.7,-1793.8,2.6249,-27.9,-1774.5,2.6248,-276.6,107.1,-0.0000,-475.1,155.9,-0.0005,490.1,99.1,0,0.0,0.0,0.0000,-11.49,-11.22,9.51,15.33
0.3089,0.3063,2.6,0,11.8,-1793.9,2.6273,-30.5,-1773.5,2.6248,-286.8,107.9,-0.0000,-476.2,152.5,-0.0101,489.6,101.5,0,0.0,0.0,0.0000,-12.51,-11.46,10.41,14.75
0.3173,0.3172,0.1,0,11.7,-1793.4,2.6325,-33.7,-1772.3,2.6248,-298.3,108.5,-0.0000,-478.0,146.5,-0.0311,488.8,105.0,0,0.0,0.0,0.0000,-13.19,-6.95,10.53,15.32
0.3246,0.3223,2.3,0,11.6,-1793.8,2.6188,-35.2,-1771.8,2.6248,-303.1,108.8,0.0000,-478.7,144.3,0.0240,486.8,114.1,0,0.0,0.0,0.0000,-13.21,-9.64,9.93,17.24
0.3329,0.3304,2.5,0,11.8,-1793.4,2.6227,-37.7,-1770.9,2.6248,-311.5,108.9,0.0000,-480.1,139.8,0.0082,486.2,116.7,0,0.0,0.0,0.0000,-13.21,-12.02,10.28,18.06
0.3411,0.3397,1.4,0,11.7,-1793.4,2.6231,-40.7,-1769.9,2.6248,-322.1,108.4,-0.0000,-481.0,136.7,0.0068,485.5,119.7,0,0.0,0.0,0.0000,-13.92,-13.15,10.12,17.29
0.3490,0.3477,1.4,0,12.1,-1793.8,2.6342,-43.3,-1769.0,2.6248,-330.8,107.9,-0.0000,-481.6,134.5,-0.0378,486.2,116.5,0,0.0,0.0,0.0000,-14.68,-14.33,10.86,16.52
0.3560,0.3559,0.1,0,11.9,-1793.8,2.6288,-46.0,-1768.1,2.6248,-339.8,106.9,-0.0000,-482.3,131.8,-0.0162,484.9,121.8,0,0.0,0.0,0.0000,-13.83,-15.13,11.97,17.60
0.3643,0.3642,0.1,0,11.9,-1794.0,2.6364,-48.9,-1767.3,2.6248,-348.8,106.0,-0.0000,-483.1,129.0,-0.0467,485.2,120.9,0,0.0,0.0,0.0000,-14.86,-14.95,11.76,20.97
0.3731,0.3729,0.2,0,11.7,-1793.6,2.6224,-52.0,-1766.3,2.6248,-357.7,105.1,0.0000,-484.2,124.7,0.0094,482.3,132.0,0,0.0,0.0,0.0000,-14.18,-14.87,10.49,19.95
0.3806,0.3729,7.7,0,11.7,-1793.6,2.6224,-52.0,-1766.3,2.6248,-357.7,105.1,0.0000,-485.0,121.6,0.0094,481.4,135.0,0,0.0,0.0,0.0000,-14.38,-15.88,10.77,17.83
0.3887,0.3811,7.6,0,12.2,-1793.0,2.6307,-54.9,-1765.5,2.6248,-366.6,103.8,-0.0000,-486.2,116.8,-0.0238,481.2,135.8,0,0.0,0.0,0.0000,-14.92,-17.18,11.78,18.70
0.3969,0.3896,7.3,0,11.7,-1793.6,2.6259,-58.1,-1764.6,2.6248,-377.3,102.8,-0.0000,-486.5,115.3,-0.0046,480.1,139.7,0,0.0,0.0,0.0000,-15.20,-17.20,11.58,18.33
0.4048,0.3983,6.5,0,12.1,-1793.3,2.6316,-61.4,-1763.7,2.6248,-383.2,99.1,-0.0000,-487.5,111.3,-0.0274,479.8,140.8,0,0.0,0.0,0.0000,-14.54,-17.34,11.11,20.29
0.4124,0.4065,5.9,0,12.0,-1794.1,2.6318,-64.6,-1762.9,2.6248,-388.8,95.1,-0.0000,-487.7,110.2,-0.0280,479.5,141.8,0,0.0,0.0,0.0000,-14.46,-17.10,11.35,20.40
0.4210,0.4196,1.5,0,12.0,-1793.4,2.6285,-69.7,-1761.7,2.6248,-390.5,88.5,0.0000,-488.8,105.4,-0.0147,477.6,148.1,0,0.0,0.0,0.0000,-15.28,-18.57,11.07,19.29
0.4280,0.4236,4.4,0,12.0,-1793.8,2.6306,-71.2,-1761.4,2.6248,-391.0,86.5,0.0000,-489.1,103.6,-0.0232,477.3,148.9,0,0.0,0.0,0.0000,-15.45,-17.87,11.87,18.21
0.4361,0.4319,4.2,0,11.6,-1793.9,2.6276,-74.5,-1760.7,2.6248,-391.4,82.3,-0.0000,-489.7,100.8,-0.0115,476.0,153.0,0,0.0,0.0,0.0000,-14.70,-17.87,12.43,18.79
0.4447,0.4404,4.3,0,12.0,-1794.1,2.6274,-77.8,-1760.0,2.6248,-391.8,78.1,-0.0000,-490.4,97.3,-0.0106,474.9,156.5,0,0.0,0.0,0.0000,-14.48,-18.65,11.85,18.61
0.4520,0.4487,3.4,0,11.9,-1794.0,2.6221,-81.1,-1759.4,2.6248,-392.9,73.8,-0.0000,-491.1,94.2,0.0107,473.0,162.0,0,0.0,0.0,0.0000,-14.35,-19.20,11.47,19.54
0.4600,0.4553,4.7,0,11.8,-1793.7,2.6299,-83.7,-1758.9,2.6248,-393.7,70.3,-0.0000,-491.6,91.1,-0.0204,473.3,161.3,0,0.0,0.0,0.0000,-14.83,-18.95,11.11,20.41
0.4683,0.4657,2.6,0,11.8,-1793.5,2.6190,-87.8,-1758.2,2.6248,-394.5,64.7,0.0000,-492.2,87.8,0.0232,470.4,169.6,0,0.0,0.0,0.0000,-14.03,-18.29,10.42,21.06
0.4760,0.4747,1.3,0,11.9,-1794.3,2.6307,-91.3,-1757.6,2.6248,-395.3,59.9,0.0000,-492.5,86.5,-0.0239,471.9,165.3,0,0.0,0.0,0.0000,-14.22,-18.32,10.66,21.07
0.4848,0.4825,2.3,0,12.2,-1794.3,2.6303,-94.4,-1757.2,2.6248,-396.4,55.9,-0.0000,-493.1,83.0,-0.0221,470.6,168.9,0,0.0,0.0,0.0000,-13.64,-18.66,10.14,20.60
0.4925,0.4910,1.5,0,11.9,-1793.9,2.6309,-97.8,-1756.7,2.6248,-397.2,51.5,0.0000,-493.7,79.1,-0.0244,469.4,172.3,0,0.0,0.0,0.0000,-13.27,-19.49,10.29,20.58
0.5000,0.4999,0.1,0,11.5,-1793.9,2.6252,-101.3,-1756.3,2.6248,-397.1,46.9,0.0000,-494.2,76.0,-0.0015,467.3,178.0,0,0.0,0.0,0.0000,-13.52,-18.57,10.43,19.32
0.5081,0.5080,0.1,0,11.5,-1793.6,2.6202,-104.5,-1755.9,2.6248,-397.5,42.5,-0.0000,-494.7,72.6,0.0181,465.1,183.4,0,0.0,0.0,0.0000,-9.51,-19.29,10.37,20.21
0.5168,0.5167,0.1,0,12.5,-1794.2,2.6368,-108.0,-1755.6,2.6248,-398.5,37.9,0.0000,-495.0,70.3,-0.0480,467.3,177.9,0,0.0,0.0,0.0000,-8.99,-19.00,10.76,21.15
0.5245,0.5167,7.8,0,12.5,-1794.2,2.6368,-108.0,-1755.6,2.6248,-398.5,37.9,0.0000,-495.4,67.8,-0.0480,466.4,180.3,0,0.0,0.0,0.0000,-11.17,-19.36,9.12,20.68
0.5326,0.5249,7.7,0,12.1,-1793.6,2.6320,-111.3,-1755.3,2.6248,-398.8,33.3,-0.0000,-495.9,64.0,-0.0289,464.1,186.0,0,0.0,0.0,0.0000,-11.79,-19.99,8.30,20.73
0.5401,0.5333,6.8,0,12.2,-1793.8,2.6310,-114.6,-1755.0,2.6248,-398.7,28.1,-0.0000,-496.3,61.0,-0.0250,462.8,189.3,0,0.0,0.0,0.0000,-13.31,-19.03,8.31,20.18
0.5484,0.5418,6.6,0,11.8,-1793.6,2.6267,-118.0,-1754.8,2.6248,-399.0,23.9,0.0000,-496.7,57.2,-0.0076,460.5,194.8,0,0.0,0.0,0.0000,-12.55,-20.16,8.45,19.70
0.5561,0.5504,5.6,0,11.9,-1794.2,2.6296,-121.5,-1754.6,2.6248,-399.5,20.2,0.0000,-496.9,55.7,-0.0192,460.5,194.9,0,0.0,0.0,0.0000,-12.15,-18.36,8.39,15.95
0.5652,0.5587,6.4,0,12.1,-1793.8,2.6295,-124.8,-1754.5,2.6248,-399.7,15.8,-0.0000,-497.3,51.7,-0.0187,458.8,198.7,0,0.0,0.0,0.0000,-11.78,-19.34,7.73,16.45
0.5728,0.5674,5.4,0,12.1,-1793.4,2.6353,-128.2,-1754.3,2.6248,-400.1,11.4,0.0000,-497.7,48.3,-0.0423,458.7,199.1,0,0.0,0.0,0.0000,-10.87,-20.02,7.63,18.09
0.5805,0.5768,3.7,0,12.2,-1794.1,2.6315,-132.0,-1754.3,2.6248,-399.7,5.6,0.0000,-497.8,46.7,-0.0270,457.3,202.3,0,0.0,0.0,0.0000,-11.12,-19.23,7.39,20.55
0.5882,0.5839,4.3,0,12.1,-1793.7,2.6256,-134.8,-1754.2,2.6248,-399.5,1.3,-0.0000,-498.1,43.2,-0.0032,454.6,208.2,0,0.0,0.0,0.0000,-10.72,-20.32,7.35,20.58
0.5970,0.5925,4.4,0,12.0,-1794.0,2.6346,-138.3,-1754.2,2.6248,-400.2,-2.9,-0.0000,-498.4,40.5,-0.0394,455.3,206.6,0,0.0,0.0,0.0000,-10.70,-19.98,6.59,19.57
0.6042,0.6013,2.9,0,12.1,-1794.0,2.6279,-141.8,-1754.3,2.6248,-400.9,-7.3,-0.0000,-498.6,37.3,-0.0125,452.6,212.5,0,0.0,0.0,0.0000,-9.66,-19.50,6.55,19.23
0.6121,0.6095,2.6,0,11.9,-1793.5,2.6259,-145.1,-1754.4,2.6248,-399.8,-11.2,-0.0000,-498.9,33.3,-0.0046,450.4,217.1,0,0.0,0.0,0.0000,-10.35,-21.43,6.34,19.70
0.6203,0.6180,2.3,0,12.0,-1794.0,2.6260,-148.5,-1754.5,2.6248,-399.2,-15.5,0.0000,-499.0,31.9,-0.0049,449.8,218.3,0,0.0,0.0,0.0000,-12.09,-18.40,6.22,20.21
0.6291,0.6246,4.5,0,11.7,-1793.6,2.6322,-151.1,-1754.6,2.6248,-399.2,-19.8,-0.0000,-499.2,28.3,-0.0298,449.6,218.7,0,0.0,0.0,0.0000,-9.20,-18.56,6.86,19.43
0.6364,0.6349,1.5,0,12.0,-1793.8,2.6306,-155.2,-1754.8,2.6248,-399.0,-25.8,0.0000,-499.3,25.7,-0.0235,448.1,221.7,0,0.0,0.0,0.0000,-8.08,-19.03,5.93,19.06
0.6446,0.6434,1.2,0,12.4,-1793.5,2.6334,-158.6,-1755.1,2.6248,-398.7,-29.9,0.0000,-499.5,22.0,-0.0344,447.1,223.9,0,0.0,0.0,0.0000,-9.95,-19.14,5.17,18.96
0.6529,0.6516,1.3,0,12.2,-1793.5,2.6317,-161.9,-1755.3,2.6248,-398.5,-34.1,-0.0000,-499.6,18.8,-0.0278,445.3,227.4,0,0.0,0.0,0.0000,-9.68,-18.65,5.63,19.35
0.6604,0.6603,0.1,0,12.0,-1793.9,2.6289,-165.4,-1755.6,2.6248,-398.4,-38.5,0.0000,-499.7,16.7,-0.0164,443.6,230.6,0,0.0,0.0,0.0000,-9.10,-18.49,5.47,19.83
0.6686,0.6685,0.1,0,12.2,-1793.8,2.6285,-168.6,-1756.0,2.6248,-398.0,-42.7,-0.0000,-499.8,13.5,-0.0149,442.1,233.6,0,0.0,0.0,0.0000,-7.36,-14.74,5.25,19.84
0.6761,0.6685,7.5,0,12.2,-1793.8,2.6285,-168.6,-1756.0,2.6248,-398.0,-42.7,-0.0000,-499.9,10.7,-0.0149,440.8,236.1,0,0.0,0.0,0.0000,-7.81,-15.07,4.85,18.90
0.6843,0.6768,7.6,0,12.3,-1794.1,2.6352,-171.9,-1756.3,2.6248,-397.6,-46.9,0.0000,-499.9,8.7,-0.0418,441.4,234.9,0,0.0,0.0,0.0000,-8.30,-16.04,4.84,18.61
0.6920,0.6854,6.6,0,12.1,-1794.1,2.6350,-175.3,-1756.8,2.6248,-396.8,-51.9,-0.0000,-500.0,6.1,-0.0408,440.1,237.3,0,0.0,0.0,0.0000,-7.58,-18.33,5.08,18.34
0.7006,0.6941,6.5,0,11.7,-1793.8,2.6288,-178.8,-1757.2,2.6248,-395.6,-57.7,0.0000,-500.0,2.4,-0.0160,436.8,243.2,0,0.0,0.0,0.0000,-7.93,-17.58,4.71,18.66
0.7090,0.7014,7.6,0,11.9,-1794.2,2.6252,-181.7,-1757.7,2.6248,-395.1,-61.1,-0.0000,-500.0,-0.1,-0.0017,434.8,247.0,0,0.0,0.0,0.0000,-8.30,-16.87,4.25,17.79
0.7168,0.7110,5.9,0,12.1,-1793.7,2.6329,-185.4,-1758.3,2.6248,-394.6,-64.8,-0.0000,-500.0,-3.9,-0.0327,434.8,246.9,0,0.0,0.0,0.0000,-7.63,-17.74,4.46,18.35
0.7247,0.7204,4.3,0,12.1,-1793.5,2.6341,-189.2,-1758.9,2.6248,-393.7,-70.1,-0.0000,-499.9,-7.3,-0.0374,433.4,249.3,0,0.0,0.0,0.0000,-7.74,-17.85,4.84,18.71
0.7329,0.7271,5.9,0,12.1,-1793.7,2.6284,-191.8,-1759.4,2.6248,-393.1,-73.7,-0.0000,-499.9,-9.9,-0.0146,430.6,254.1,0,0.0,0.0,0.0000,-7.09,-18.27,4.46,18.62
0.7409,0.7371,3.7,0,12.1,-1794.2,2.6255,-195.7,-1760.2,2.6248,-392.2,-79.3,-0.0000,-499.9,-12.0,-0.0030,428.8,257.1,0,0.0,0.0,0.0000,-6.71,-17.86,4.27,18.39
0.7484,0.7450,3.4,0,12.0,-1793.8,2.6317,-198.8,-1760.8,2.6248,-391.5,-83.6,0.0000,-499.8,-15.0,-0.0278,428.9,257.0,0,0.0,0.0,0.0000,-7.07,-17.78,3.93,17.81
0.7568,0.7532,3.6,0,11.5,-1793.5,2.6256,-202.0,-1761.5,2.6248,-390.1,-88.0,-0.0000,-499.7,-18.5,-0.0033,425.5,262.6,0,0.0,0.0,0.0000,-6.56,-17.66,4.28,17.43
0.7642,0.7616,2.6,0,12.1,-1794.2,2.6300,-205.3,-1762.3,2.6248,-388.9,-92.5,-0.0000,-499.6,-20.0,-0.0208,425.8,262.0,0,0.0,0.0,0.0000,-7.48,-17.70,4.21,18.53
0.7726,0.7703,2.3,0,11.6,-1793.7,2.6293,-208.7,-1763.1,2.6248,-388.3,-96.1,-0.0000,-499.4,-23.8,-0.0180,423.7,265.5,0,0.0,0.0,0.0000,-7.35,-17.99,4.04,18.01
0.7809,0.7784,2.5,0,11.8,-1794.0,2.6263,-211.8,-1763.9,2.6248,-387.4,-100.0,0.0000,-499.3,-26.6,-0.0061,421.4,269.2,0,0.0,0.0,0.0000,-6.67,-17.68,4.19,16.84
0.7884,0.7870,1.4,0,12.0,-1794.1,2.6327,-215.1,-1764.8,2.6248,-386.1,-104.7,0.0000,-499.1,-29.3,-0.0318,421.6,268.7,0,0.0,0.0,0.0000,-6.86,-17.18,4.27,16.98
0.7960,0.7959,0.1,0,11.7,-1793.5,2.6325,-218.6,-1765.7,2.6248,-384.7,-109.5,0.0000,-498.9,-32.6,-0.0311,419.8,271.6,0,0.0,0.0,0.0000,-7.03,-18.03,3.64,16.98
0.8049,0.8038,1.1,0,12.1,-1793.5,2.6265,-221.6,-1766.6,2.6248,-383.0,-114.0,-0.0000,-498.7,-35.6,-0.0071,416.5,276.7,0,0.0,0.0,0.0000,-7.04,-17.32,3.98,17.53
0.8124,0.8123,0.1,0,11.7,-1793.7,2.6273,-224.8,-1767.6,2.6248,-381.7,-118.5,0.0000,-498.6,-37.9,-0.0100,415.4,278.2,0,0.0,0.0,0.0000,-6.87,-17.37,3.67,17.40
0.8208,0.8207,0.1,0,11.5,-1793.9,2.6250,-228.1,-1768.6,2.6248,-381.1,-122.9,-0.0000,-498.3,-40.6,-0.0010,413.3,281.4,0,0.0,0.0,0.0000,-6.22,-16.90,3.67,17.36
0.8283,0.8207,7.6,0,11.5,-1793.9,2.6250,-228.1,-1768.6,2.6248,-381.1,-122.9,-0.0000,-498.1,-43.5,-0.0010,411.6,283.9,0,0.0,0.0,0.0000,-6.91,-17.12,3.54,17.62
0.8370,0.8294,7.6,0,11.9,-1793.9,2.6305,-231.4,-1769.7,2.6248,-379.7,-127.1,-0.0000,-497.8,-46.7,-0.0228,411.4,284.2,0,0.0,0.0,0.0000,-6.00,-16.43,3.49,17.24
0.8446,0.8378,6.9,0,12.1,-1794.1,2.6295,-234.5,-1770.8,2.6248,-378.0,-130.8,0.0000,-497.6,-49.0,-0.0189,409.8,286.5,0,0.0,0.0,0.0000,-6.47,-17.37,3.05,17.04
0.8522,0.8461,6.0,0,12.4,-1793.9,2.6371,-237.7,-1771.9,2.6248,-376.6,-134.9,0.0000,-497.3,-51.7,-0.0492,410.4,285.7,0,0.0,0.0,0.0000,-6.25,-15.56,2.70,16.79
0.8600,0.8545,5.4,0,12.1,-1794.1,2.6319,-240.8,-1773.0,2.6248,-375.4,-139.0,-0.0000,-497.0,-54.4,-0.0287,407.3,290.0,0,0.0,0.0,0.0000,-5.64,-16.42,2.72,16.20
0.8680,0.8627,5.2,0,12.1,-1794.2,2.6353,-243.9,-1774.2,2.6248,-373.5,-143.4,0.0000,-496.7,-57.1,-0.0421,406.7,290.8,0,0.0,0.0,0.0000,-6.91,-17.23,2.55,16.37
0.8765,0.8717,4.8,0,11.6,-1793.1,2.6184,-247.2,-1775.5,2.6248,-371.2,-148.4,0.0000,-496.2,-61.4,0.0254,399.2,301.1,0,0.0,0.0,0.0000,-5.31,-17.02,3.38,16.67
0.8842,0.8798,4.4,0,11.9,-1794.0,2.6230,-250.3,-1776.7,2.6248,-369.8,-152.1,-0.0000,-496.0,-62.8,0.0072,399.7,300.4,0,0.0,0.0,0.0000,-4.66,-16.62,2.69,16.61
0.8921,0.8883,3.9,0,12.0,-1793.6,2.6260,-253.4,-1778.0,2.6248,-368.2,-156.0,0.0000,-495.6,-66.4,-0.0048,398.4,302.2,0,0.0,0.0,0.0000,-5.51,-15.04,1.52,15.92
0.9003,0.8968,3.5,0,12.1,-1793.8,2.6293,-256.5,-1779.4,2.6248,-366.7,-159.9,0.0000,-495.2,-69.2,-0.0181,397.7,303.0,0,0.0,0.0,0.0000,-5.14,-16.10,1.62,16.07
0.9087,0.9071,1.6,0,11.9,-1793.4,2.6248,-260.3,-1781.0,2.6248,-364.7,-164.8,-0.0000,-494.7,-72.5,0.0001,394.3,307.4,0,0.0,0.0,0.0000,-5.60,-15.87,0.78,12.84
0.9170,0.9135,3.5,0,12.2,-1793.7,2.6290,-262.6,-1782.1,2.6248,-362.4,-168.4,0.0000,-494.4,-74.8,-0.0171,394.2,307.6,0,0.0,0.0,0.0000,-5.65,-15.86,0.28,13.63
0.9249,0.9222,2.7,0,12.3,-1793.7,2.6336,-265.7,-1783.6,2.6248,-360.0,-172.9,0.0000,-494.0,-77.4,-0.0353,393.9,307.9,0,0.0,0.0,0.0000,-5.20,-15.79,0.94,14.67
0.9330,0.9307,2.3,0,12.0,-1794.2,2.6327,-268.8,-1785.1,2.6248,-358.8,-176.6,-0.0000,-493.6,-79.7,-0.0317,392.2,310.1,0,0.0,0.0,0.0000,-4.23,-15.78,1.26,15.97
0.9404,0.9307,9.7,0,12.0,-1794.2,2.6327,-268.8,-1785.1,2.6248,-358.8,-176.6,-0.0000,-493.2,-82.3,-0.0317,390.6,312.2,0,0.0,0.0,0.0000,-4.38,-16.29,1.78,16.28
0.9490,0.9476,1.4,0,12.1,-1794.3,2.6256,-274.8,-1788.1,2.6248,-355.4,-184.9,-0.0000,-492.7,-85.2,-0.0035,386.5,317.2,0,0.0,0.0,0.0000,-4.21,-15.64,2.17,16.29
0.9562,0.9476,8.6,0,12.1,-1794.3,2.6256,-274.8,-1788.1,2.6248,-355.4,-184.9,-0.0000,-492.2,-87.8,-0.0035,384.9,319.2,0,0.0,0.0,0.0000,-3.22,-15.48,2.38,16.26
0.9640,0.9566,7.4,0,12.0,-1793.7,2.6299,-278.0,-1789.8,2.6248,-353.1,-189.0,0.0000,-491.6,-91.3,-0.0205,383.9,320.3,0,0.0,0.0,0.0000,-2.77,-15.41,2.47,15.75
0.9721,0.9641,8.0,0,11.9,-1794.0,2.6204,-280.7,-1791.2,2.6248,-350.7,-191.9,0.0000,-491.1,-93.8,0.0175,379.2,325.9,0,0.0,0.0,0.0000,-4.35,-15.43,2.40,15.16
0.9814,0.9811,0.2,0,11.8,-1794.2,2.6288,-286.6,-1794.6,2.6248,-345.7,-201.0,-0.0000,-490.5,-96.8,-0.0162,380.0,325.0,0,0.0,0.0,0.0000,-4.94,-15.59,5.11,16.50
0.9889,0.9811,7.7,0,11.8,-1794.2,2.6288,-286.6,-1794.6,2.6248,-345.7,-201.0,-0.0000,-490.1,-99.1,-0.0162,378.5,326.8,0,0.0,0.0,0.0000,-4.94,-16.70,1.89,16.12
0.9970,0.9894,7.6,0,11.5,-1793.7,2.6261,-289.5,-1796.3,2.6248,-343.5,-204.7,-0.0000,-489.4,-102.4,-0.0054,375.4,330.3,0,0.0,0.0,0.0000,-4.13,-15.58,1.72,15.67
1.0050,0.9980,6.9,0,12.2,-1793.8,2.6330,-292.4,-1798.0,2.6248,-341.3,-207.9,-0.0000,-488.8,-105.1,-0.0329,375.7,329.9,0,0.0,0.0,0.0000,-4.28,-15.19,1.25,15.60
1.0125,1.0090,3.4,0,12.1,-1793.8,2.6332,-296.1,-1800.4,2.6248,-338.8,-212.9,0.0000,-488.2,-107.9,-0.0335,373.9,331.9,0,0.0,0.0,0.0000,-4.30,-14.78,1.04,15.86
1.0200,1.0150,5.0,0,11.8,-1793.9,2.6289,-298.2,-1801.6,2.6248,-337.5,-215.6,-0.0000,-487.7,-110.3,-0.0166,370.9,335.3,0,0.0,0.0,0.0000,-4.28,-15.17,0.89,14.78
1.0292,1.0236,5.6,0,12.4,-1794.1,2.6380,-301.0,-1803.5,2.6248,-334.6,-219.5,-0.0000,-487.1,-113.0,-0.0530,372.1,334.0,0,0.0,0.0,0.0000,-5.09,-15.73,1.51,14.41
1.0362,1.0327,3.5,0,11.8,-1794.2,2.6391,-304.1,-1805.5,2.6248,-331.6,-223.7,-0.0000,-486.5,-115.4,-0.0573,370.8,335.4,0,0.0,0.0,0.0000,-5.24,-15.80,1.24,15.59
1.0443,1.0419,2.4,0,12.0,-1794.0,2.6268,-307.1,-1807.6,2.6248,-328.5,-227.9,-0.0000,-485.8,-118.3,-0.0083,364.6,342.2,0,0.0,0.0,0.0000,-4.85,-15.09,1.02,15.14
1.0523,1.0493,3.0,0,12.0,-1793.4,2.6266,-309.5,-1809.3,2.6248,-326.1,-231.2,-0.0000,-485.0,-121.6,-0.0074,362.2,344.7,0,0.0,0.0,0.0000,-3.79,-10.87,0.69,14.35
1.0608,1.0574,3.4,0,12.4,-1794.0,2.6330,-312.2,-1811.2,2.6248,-323.9,-234.7,0.0000,-484.5,-123.7,-0.0329,362.9,343.9,0,0.0,0.0,0.0000,-4.56,-9.84,0.81,13.69
1.0681,1.0656,2.4,0,11.9,-1794.4,2.6296,-314.8,-1813.1,2.6248,-321.5,-238.3,0.0000,-483.9,-126.0,-0.0192,360.1,346.9,0,0.0,0.0,0.0000,-4.64,-13.18,0.40,13.35
1.0772,1.0757,1.5,0,11.9,-1793.5,2.6303,-318.1,-1815.6,2.6248,-319.0,-241.9,-0.0000,-482.8,-130.0,-0.0222,357.4,349.6,0,0.0,0.0,0.0000,-3.87,-14.97,0.46,14.54
1.0841,1.0829,1.2,0,11.8,-1794.1,2.6299,-320.3,-1817.3,2.6248,-316.7,-244.8,0.0000,-482.3,-131.8,-0.0205,356.0,351.1,0,0.0,0.0,0.0000,-3.07,-14.29,0.14,14.20
1.0923,1.0910,1.2,0,12.1,-1794.0,2.6358,-322.9,-1819.3,2.6248,-312.7,-248.9,-0.0000,-481.6,-134.6,-0.0439,356.0,351.0,0,0.0,0.0,0.0000,-2.84,-14.48,0.44,14.56
1.1011,1.0996,1.6,0,12.5,-1794.1,2.6342,-325.6,-1821.5,2.6248,-309.5,-252.6,-0.0000,-480.8,-137.1,-0.0378,353.6,353.5,0,0.0,0.0,0.0000,-3.26,-14.10,0.24,14.31
1.1082,1.0996,8.6,0,12.5,-1794.1,2.6342,-325.6,-1821.5,2.6248,-309.5,-252.6,-0.0000,-480.2,-139.4,-0.0378,352.0,355.1,0,0.0,0.0,0.0000,-3.77,-13.54,0.07,13.98
1.1166,1.1165,0.1,0,12.2,-1793.8,2.6241,-330.8,-1825.8,2.6248,-304.5,-259.3,-0.0000,-479.2,-142.9,0.0026,345.7,361.2,0,0.0,0.0,0.0000,-3.38,-14.08,0.14,13.68
1.1250,1.1248,0.2,0,11.5,-1793.5,2.6235,-333.3,-1828.0,2.6248,-302.1,-262.6,-0.0000,-478.1,-146.4,0.0051,342.9,363.9,0,0.0,0.0,0.0000,-2.89,-13.98,-0.04,13.74
1.1326,1.1248,7.8,0,11.5,-1793.5,2.6235,-333.3,-1828.0,2.6248,-302.1,-262.6,-0.0000,-477.4,-148.7,0.0051,341.1,365.6,0,0.0,0.0,0.0000,-3.13,-14.14,-0.08,13.91
1.1400,1.1368,3.2,0,12.1,-1793.9,2.6306,-336.9,-1831.1,2.6248,-297.8,-267.3,0.0000,-476.8,-150.5,-0.0235,342.3,364.4,0,0.0,0.0,0.0000,-3.34,-14.82,-1.14,13.57
1.1490,1.1422,6.8,0,12.1,-1793.6,2.6306,-338.5,-1832.6,2.6248,-295.9,-269.3,0.0000,-475.7,-153.8,-0.0234,339.8,366.8,0,0.0,0.0,0.0000,-3.26,-15.11,-0.52,14.58
1.1571,1.1503,6.8,0,12.3,-1793.8,2.6310,-340.9,-1834.8,2.6248,-292.7,-272.6,0.0000,-475.0,-156.2,-0.0248,338.1,368.4,0,0.0,0.0,0.0000,-3.55,-15.63,-0.39,14.58
1.1644,1.1589,5.5,0,12.1,-1793.9,2.6341,-343.4,-1837.1,2.6248,-289.1,-276.2,-0.0000,-474.2,-158.4,-0.0374,337.5,368.9,0,0.0,0.0,0.0000,-3.77,-14.63,-0.52,13.84
1.1725,1.1669,5.6,0,11.9,-1793.6,2.6288,-345.7,-1839.3,2.6248,-286.2,-279.2,-0.0000,-473.2,-161.4,-0.0161,333.2,372.8,0,0.0,0.0,0.0000,-2.86,-14.30,-0.46,13.99
1.1801,1.1760,4.1,0,11.9,-1793.9,2.6277,-348.3,-1841.9,2.6248,-282.9,-282.9,0.0000,-472.4,-163.8,-0.0116,330.8,374.9,0,0.0,0.0,0.0000,-2.08,-14.23,-0.62,13.37
1.1885,1.1842,4.3,0,11.8,-1793.8,2.6320,-350.6,-1844.2,2.6248,-280.1,-285.5,0.0000,-471.4,-166.8,-0.0287,330.1,375.5,0,0.0,0.0,0.0000,-2.32,-14.87,-0.92,14.02
1.1961,1.1923,3.8,0,11.9,-1794.0,2.6246,-352.8,-1846.6,2.6248,-277.4,-288.0,0.0000,-470.6,-168.9,0.0005,325.6,379.4,0,0.0,0.0,0.0000,-2.73,-15.32,-1.19,13.94
1.2051,1.2011,4.0,0,12.0,-1793.8,2.6275,-355.2,-1849.1,2.6248,-273.3,-292.1,0.0000,-469.5,-171.9,-0.0109,324.3,380.6,0,0.0,0.0,0.0000,-2.94,-15.42,-1.13,13.88
1.2121,1.2098,2.3,0,11.5,-1794.1,2.6243,-357.6,-1851.7,2.6248,-269.6,-295.7,0.0000,-468.7,-174.2,0.0018,321.2,383.2,0,0.0,0.0,0.0000,-3.04,-15.19,-0.69,15.00
1.2200,1.2177,2.3,0,12.0,-1793.4,2.6302,-359.7,-1854.0,2.6248,-267.2,-298.1,-0.0000,-467.5,-177.3,-0.0219,320.9,383.4,0,0.0,0.0,0.0000,-2.54,-15.67,-1.29,15.68
1.2282,1.2265,1.7,0,12.1,-1793.6,2.6322,-362.1,-1856.6,2.6248,-264.0,-301.1,-0.0000,-466.6,-179.7,-0.0296,319.7,384.4,0,0.0,0.0,0.0000,-1.79,-15.05,-0.86,15.18
1.2366,1.2265,10.1,0,12.1,-1793.6,2.6322,-362.1,-1856.6,2.6248,-264.0,-301.1,-0.0000,-465.5,-182.4,-0.0296,317.5,386.3,0,0.0,0.0,0.0000,-2.10,-15.41,-1.27,14.58
1.2440,1.2439,0.1,0,12.3,-1793.9,2.6368,-366.6,-1861.9,2.6248,-256.2,-306.9,0.0000,-464.8,-184.4,-0.0482,317.6,386.2,0,0.0,0.0,0.0000,-2.66,-15.13,-1.16,15.19
1.2531,1.2515,1.6,0,12.1,-1794.3,2.6253,-368.5,-1864.3,2.6248,-253.2,-309.2,0.0000,-463.7,-187.0,-0.0021,310.9,391.6,0,0.0,0.0,0.0000,-2.55,-15.96,-1.55,14.95
1.2603,1.2601,0.3,0,12.2,-1793.8,2.6327,-370.7,-1866.9,2.6248,-249.7,-312.1,-0.0000,-462.6,-189.7,-0.0317,311.6,391.1,0,0.0,0.0,0.0000,-1.72,-15.85,-1.78,14.99
1.2687,1.2686,0.1,0,11.9,-1793.5,2.6236,-372.8,-1869.6,2.6248,-246.1,-315.7,0.0000,-461.4,-192.7,0.0049,305.4,395.9,0,0.0,0.0,0.0000,-0.96,-15.59,-1.75,14.80
1.2761,1.2686,7.4,0,11.9,-1793.5,2.6236,-372.8,-1869.6,2.6248,-246.1,-315.7,0.0000,-460.4,-195.0,0.0049,303.4,397.4,0,0.0,0.0,0.0000,-1.16,-15.66,-1.86,14.94
1.2847,1.2770,7.7,0,11.5,-1793.8,2.6166,-374.8,-1872.3,2.6248,-242.6,-318.3,0.0000,-459.3,-197.7,0.0327,298.3,401.3,0,0.0,0.0,0.0000,-2.07,-15.30,-1.98,15.38
1.2922,1.2854,6.8,0,11.9,-1794.2,2.6308,-376.9,-1875.0,2.6248,-239.1,-320.4,0.0000,-458.4,-199.7,-0.0239,302.2,398.3,0,0.0,0.0,0.0000,-1.65,-16.29,-2.19,15.81
1.3004,1.2939,6.4,0,11.8,-1793.8,2.6290,-378.9,-1877.7,2.6248,-235.4,-323.2,0.0000,-457.0,-202.9,-0.0168,298.8,400.9,0,0.0,0.0,0.0000,-1.43,-16.11,-1.97,15.74
1.3081,1.3023,5.8,0,11.7,-1794.2,2.6286,-380.9,-1880.4,2.6248,-231.7,-326.2,0.0000,-456.1,-204.8,-0.0155,296.9,402.3,0,0.0,0.0,0.0000,-1.41,-15.71,-1.81,15.71
1.3165,1.3108,5.7,0,12.1,-1794.1,2.6344,-382.8,-1883.2,2.6248,-227.9,-328.8,0.0000,-455.0,-207.3,-0.0384,297.0,402.2,0,0.0,0.0,0.0000,-1.74,-16.04,-1.32,15.51
1.3242,1.3207,3.5,0,11.9,-1793.6,2.6257,-385.0,-1886.5,2.6248,-223.3,-331.8,0.0000,-453.7,-210.2,-0.0038,291.0,406.6,0,0.0,0.0,0.0000,-3.15,-17.37,-0.67,16.45
1.3320,1.3276,4.4,0,12.1,-1794.2,2.6312,-386.6,-1888.8,2.6248,-220.4,-333.7,0.0000,-452.8,-212.0,-0.0256,291.6,406.2,0,0.0,0.0,0.0000,-1.70,-16.45,-0.26,12.45
1.3409,1.3276,13.3,0,12.1,-1794.2,2.6312,-386.6,-1888.8,2.6248,-220.4,-333.7,0.0000,-451.4,-214.9,-0.0256,288.9,408.1,0,0.0,0.0,0.0000,-1.07,-17.41,-0.16,13.61
1.3482,1.3448,3.4,0,11.9,-1794.0,2.6306,-390.3,-1894.6,2.6248,-213.2,-338.6,-0.0000,-450.2,-217.6,-0.0233,286.2,410.0,0,0.0,0.0,0.0000,-1.01,-16.73,-0.09,14.71
1.3566,1.3529,3.7,0,12.2,-1793.7,2.6290,-392.0,-1897.3,2.6248,-209.8,-340.9,0.0000,-448.9,-220.2,-0.0170,283.2,412.1,0,0.0,0.0,0.0000,-1.04,-16.37,-0.04,14.60
1.3641,1.3616,2.5,0,12.0,-1793.8,2.6379,-393.8,-1900.3,2.6248,-205.6,-343.2,0.0000,-447.8,-222.5,-0.0524,284.7,411.0,0,0.0,0.0,0.0000,-0.46,-16.82,-7.22,15.98
1.3725,1.3700,2.5,0,12.3,-1793.9,2.6366,-395.5,-1903.2,2.6248,-201.6,-345.5,0.0000,-446.6,-224.9,-0.0473,282.0,412.9,0,0.0,0.0,0.0000,0.41,-16.37,-4.77,16.52
1.3807,1.3782,2.5,0,12.0,-1793.9,2.6321,-397.2,-1906.0,2.6248,-197.3,-348.1,-0.0000,-445.3,-227.5,-0.0295,277.8,415.7,0,0.0,0.0,0.0000,1.37,-16.50,-3.57,16.08
1.3885,1.3870,1.5,0,11.8,-1793.7,2.6273,-398.9,-1909.1,2.6248,-192.9,-350.5,-0.0000,-444.0,-230.0,-0.0101,273.4,418.6,0,0.0,0.0,0.0000,0.58,-16.76,-3.31,16.01
1.3966,1.3954,1.2,0,12.1,-1794.2,2.6257,-400.5,-1912.1,2.6248,-189.0,-352.0,0.0000,-442.9,-231.9,-0.0038,270.9,420.3,0,0.0,0.0,0.0000,-0.11,-17.68,-3.43,15.65
1.4045,1.4033,1.1,0,11.6,-1793.7,2.6296,-402.0,-1914.9,2.6248,-185.5,-353.8,0.0000,-441.3,-235.1,-0.0193,269.5,421.1,0,0.0,0.0,0.0000,-0.03,-16.35,-2.68,16.43
1.4122,1.4119,0.2,0,12.0,-1794.1,2.6289,-403.6,-1917.9,2.6248,-182.9,-356.3,-0.0000,-440.2,-237.1,-0.0165,267.3,422.6,0,0.0,0.0,0.0000,1.65,-16.49,-3.36,16.53
1.4200,1.4119,8.0,0,12.0,-1794.1,2.6289,-403.6,-1917.9,2.6248,-182.9,-356.3,-0.0000,-439.0,-239.3,-0.0165,265.2,423.9,0,0.0,0.0,0.0000,3.57,-16.44,-3.48,16.24
1.4290,1.4289,0.1,0,11.5,-1793.5,2.6251,-406.6,-1924.0,2.6248,-173.0,-360.5,0.0000,-437.3,-242.5,-0.0014,260.5,426.8,0,0.0,0.0,0.0000,3.34,-16.00,-3.88,16.12
1.4367,1.4289,7.8,0,11.5,-1793.5,2.6251,-406.6,-1924.0,2.6248,-173.0,-360.5,0.0000,-435.9,-244.9,-0.0014,258.1,428.2,0,0.0,0.0,0.0000,1.81,-16.15,-3.84,15.60
1.4442,1.4441,0.1,0,12.1,-1794.0,2.6276,-409.1,-1929.5,2.6248,-165.9,-363.8,0.0000,-435.0,-246.6,-0.0112,257.5,428.6,0,0.0,0.0,0.0000,1.13,-16.62,-4.75,15.48
1.4523,1.4441,8.2,0,12.1,-1794.0,2.6276,-409.1,-1929.5,2.6248,-165.9,-363.8,0.0000,-433.6,-249.0,-0.0112,255.1,430.0,0,0.0,0.0,0.0000,2.47,-17.32,-4.59,16.20
1.4601,1.4547,5.4,0,12.1,-1793.9,2.6230,-410.9,-1933.4,2.6248,-161.0,-366.1,-0.0000,-432.2,-251.4,0.0072,250.7,432.6,0,0.0,0.0,0.0000,2.77,-15.11,-3.86,16.12
1.4688,1.4628,6.0,0,11.9,-1794.4,2.6281,-412.2,-1936.3,2.6248,-157.3,-368.0,0.0000,-430.8,-253.8,-0.0135,250.6,432.7,0,0.0,0.0,0.0000,1.55,-11.55,-3.73,15.82
1.4763,1.4717,4.6,0,11.9,-1794.1,2.6301,-413.6,-1939.6,2.6248,-153.1,-369.5,-0.0000,-429.3,-256.3,-0.0214,249.0,433.6,0,0.0,0.0,0.0000,0.93,-14.02,-3.96,16.19
1.4845,1.4799,4.6,0,11.9,-1793.4,2.6185,-414.8,-1942.7,2.6248,-149.2,-371.0,-0.0000,-427.7,-259.0,0.0250,241.2,438.0,0,0.0,0.0,0.0000,0.43,-15.67,-3.99,15.39
1.4925,1.4880,4.5,0,12.3,-1793.9,2.6308,-416.0,-1945.7,2.6248,-144.7,-372.8,0.0000,-426.7,-260.6,-0.0242,244.9,435.9,0,0.0,0.0,0.0000,1.93,-16.59,-3.24,15.62
1.5013,1.4967,4.6,0,11.8,-1794.0,2.6239,-417.2,-1948.9,2.6248,-139.8,-374.8,0.0000,-424.9,-263.6,0.0035,238.8,439.3,0,0.0,0.0,0.0000,2.22,-16.20,-3.96,16.03
1.5087,1.5054,3.3,0,12.1,-1793.5,2.6251,-418.4,-1952.2,2.6248,-136.2,-376.1,-0.0000,-423.3,-266.1,-0.0014,236.7,440.4,0,0.0,0.0,0.0000,0.87,-16.58,-4.62,15.63
1.5162,1.5133,2.8,0,12.3,-1794.0,2.6351,-419.5,-1955.2,2.6248,-132.7,-377.4,-0.0000,-422.2,-267.8,-0.0412,239.3,439.0,0,0.0,0.0,0.0000,1.97,-16.21,-4.17,15.92
1.5247,1.5221,2.6,0,12.0,-1793.7,2.6259,-420.6,-1958.5,2.6248,-127.8,-378.9,-0.0000,-420.4,-270.7,-0.0046,232.3,442.8,0,0.0,0.0,0.0000,2.00,-16.43,-3.86,16.12
1.5328,1.5305,2.3,0,12.1,-1793.4,2.6321,-421.7,-1961.7,2.6248,-123.3,-380.3,-0.0000,-418.9,-273.1,-0.0295,232.5,442.7,0,0.0,0.0,0.0000,1.72,-15.66,-4.36,15.73
1.5403,1.5391,1.2,0,12.0,-1793.9,2.6301,-422.7,-1964.9,2.6248,-118.6,-381.7,0.0000,-417.7,-274.8,-0.0213,229.7,444.1,0,0.0,0.0,0.0000,1.91,-16.01,-4.23,16.08
1.5489,1.5463,2.7,0,12.1,-1793.8,2.6344,-423.6,-1967.7,2.6248,-114.9,-383.0,0.0000,-416.1,-277.2,-0.0383,229.0,444.5,0,0.0,0.0,0.0000,1.57,-16.64,-4.29,16.59
1.5563,1.5562,0.1,0,11.6,-1793.6,2.6239,-424.7,-1971.5,2.6248,-110.3,-385.1,0.0000,-414.6,-279.5,0.0037,221.9,448.1,0,0.0,0.0,0.0000,1.49,-17.11,-4.53,16.02
1.5643,1.5642,0.1,0,12.1,-1794.3,2.6380,-425.5,-1974.6,2.6248,-106.4,-386.1,-0.0000,-413.3,-281.4,-0.0528,226.2,445.9,0,0.0,0.0,0.0000,1.93,-16.93,-4.21,15.59
1.5732,1.5731,0.1,0,12.2,-1793.9,2.6358,-426.5,-1978.0,2.6248,-101.9,-386.0,-0.0000,-411.4,-284.2,-0.0441,222.2,447.9,0,0.0,0.0,0.0000,2.36,-16.12,-3.68,15.76
1.5804,1.5731,7.3,0,12.2,-1793.9,2.6358,-426.5,-1978.0,2.6248,-101.9,-386.0,-0.0000,-410.0,-286.2,-0.0441,220.0,449.0,0,0.0,0.0,0.0000,2.65,-17.16,-4.54,15.49
1.5880,1.5808,7.2,0,11.7,-1793.5,2.6235,-427.2,-1981.0,2.6248,-97.9,-387.2,-0.0000,-408.1,-288.8,0.0051,211.5,453.0,0,0.0,0.0,0.0000,3.09,-17.12,-5.02,15.34
1.5965,1.5896,6.9,0,12.0,-1793.7,2.6278,-428.1,-1984.4,2.6248,-93.5,-389.6,0.0000,-406.7,-290.9,-0.0121,211.2,453.2,0,0.0,0.0,0.0000,3.04,-17.26,-5.16,15.81
1.6049,1.5980,6.9,0,12.1,-1794.0,2.6309,-428.8,-1987.7,2.6248,-88.8,-390.5,-0.0000,-405.2,-293.0,-0.0243,210.3,453.6,0,0.0,0.0,0.0000,3.36,-16.23,-5.29,15.57
1.6120,1.6066,5.4,0,12.4,-1794.5,2.6210,-429.6,-1991.1,2.6248,-83.6,-391.2,0.0000,-404.0,-294.6,0.0150,204.0,456.5,0,0.0,0.0,0.0000,2.99,-16.04,-5.54,15.34
1.6205,1.6149,5.6,0,11.8,-1793.9,2.6291,-430.3,-1994.3,2.6248,-79.6,-392.0,-0.0000,-401.9,-297.5,-0.0173,204.4,456.3,0,0.0,0.0,0.0000,2.45,-16.31,-4.85,15.41
1.6280,1.6234,4.7,0,11.6,-1793.5,2.6270,-430.9,-1997.6,2.6248,-75.6,-392.9,0.0000,-400.1,-299.8,-0.0088,200.7,457.9,0,0.0,0.0,0.0000,2.70,-15.96,-5.01,15.42
1.6361,1.6317,4.4,0,11.7,-1793.7,2.6240,-431.5,-2000.9,2.6248,-71.3,-393.4,-0.0000,-398.6,-301.9,0.0030,197.0,459.6,0,0.0,0.0,0.0000,3.28,-16.46,-5.59,15.37
1.6449,1.6402,4.7,0,12.0,-1793.9,2.6331,-432.1,-2004.3,2.6248,-67.1,-393.8,0.0000,-396.9,-304.1,-0.0332,198.6,458.9,0,0.0,0.0,0.0000,3.08,-16.62,-6.11,14.83
1.6530,1.6485,4.5,0,11.6,-1793.5,2.6257,-432.7,-2007.5,2.6248,-62.5,-395.1,-0.0000,-394.8,-306.7,-0.0039,192.2,461.6,0,0.0,0.0,0.0000,4.33,-16.70,-5.91,15.44
1.6603,1.6570,3.4,0,11.7,-1793.8,2.6206,-433.2,-2010.9,2.6248,-57.8,-396.3,-0.0000,-393.5,-308.4,0.0166,187.8,463.4,0,0.0,0.0,0.0000,4.14,-16.09,-6.17,15.02
1.6684,1.6659,2.5,0,12.1,-1794.1,2.6335,-433.7,-2014.4,2.6248,-52.7,-396.5,0.0000,-392.1,-310.3,-0.0350,191.6,461.8,0,0.0,0.0,0.0000,3.69,-16.85,-5.78,14.79
1.6761,1.6743,1.7,0,11.9,-1794.1,2.6284,-434.1,-2017.8,2.6248,-48.1,-396.9,-0.0000,-390.4,-312.4,-0.0147,186.7,463.8,0,0.0,0.0,0.0000,1.88,-15.93,-6.06,14.88
1.6848,1.6825,2.3,0,12.0,-1794.1,2.6317,-434.5,-2021.0,2.6248,-44.1,-397.4,-0.0000,-388.5,-314.7,-0.0275,185.5,464.3,0,0.0,0.0,0.0000,3.09,-17.08,-6.45,14.45
1.6920,1.6908,1.2,0,11.9,-1794.0,2.6274,-434.8,-2024.3,2.6248,-39.9,-398.0,0.0000,-386.8,-316.8,-0.0105,181.0,466.1,0,0.0,0.0,0.0000,4.00,-16.21,-6.84,14.72
1.7008,1.6994,1.5,0,11.7,-1794.1,2.6228,-435.1,-2027.7,2.6248,-35.8,-398.6,-0.0000,-384.9,-319.2,0.0077,176.0,468.0,0,0.0,0.0,0.0000,3.83,-15.87,-7.60,14.11
1.7080,1.6994,8.6,0,11.7,-1794.1,2.6228,-435.1,-2027.7,2.6248,-35.8,-398.6,-0.0000,-383.4,-321.0,0.0077,173.8,468.8,0,0.0,0.0,0.0000,3.37,-16.12,-7.20,14.17
1.7165,1.7164,0.1,0,12.2,-1794.0,2.6351,-435.7,-2034.5,2.6248,-25.9,-398.8,-0.0000,-381.7,-323.0,-0.0412,177.0,467.6,0,0.0,0.0,0.0000,2.17,-16.58,-7.31,14.38
1.7245,1.7164,8.1,0,12.2,-1794.0,2.6351,-435.7,-2034.5,2.6248,-25.9,-398.8,-0.0000,-379.9,-325.1,-0.0412,174.5,468.6,0,0.0,0.0,0.0000,3.73,-16.65,-7.09,15.26
1.7322,1.7248,7.4,0,12.0,-1794.1,2.6300,-435.9,-2037.9,2.6248,-21.4,-399.2,0.0000,-378.2,-327.1,-0.0208,169.6,470.3,0,0.0,0.0,0.0000,5.47,-17.09,-7.70,14.06
1.7405,1.7330,7.6,0,11.8,-1793.6,2.6252,-436.0,-2041.1,2.6248,-17.6,-400.0,-0.0000,-375.9,-329.7,-0.0019,164.2,472.3,0,0.0,0.0,0.0000,4.28,-17.09,-7.82,11.70
1.7483,1.7438,4.6,0,11.8,-1793.5,2.6251,-436.2,-2045.5,2.6248,-11.8,-399.9,-0.0000,-374.0,-331.8,-0.0014,161.4,473.2,0,0.0,0.0,0.0000,4.10,-16.73,-7.26,10.17
1.7570,1.7502,6.8,0,12.3,-1793.9,2.6319,-436.2,-2048.0,2.6248,-8.2,-399.9,-0.0000,-372.5,-333.6,-0.0284,162.4,472.9,0,0.0,0.0,0.0000,4.16,-16.98,-7.25,12.98
1.7650,1.7583,6.7,0,11.7,-1793.5,2.6284,-436.3,-2051.3,2.6248,-3.9,-399.8,-0.0000,-370.3,-336.0,-0.0146,157.7,474.5,0,0.0,0.0,0.0000,4.44,-17.16,-7.27,13.73
1.7723,1.7671,5.1,0,12.4,-1794.2,2.6239,-436.3,-2054.8,2.6248,1.0,-399.7,-0.0000,-369.2,-337.2,0.0034,154.0,475.7,0,0.0,0.0,0.0000,4.76,-16.95,-8.24,14.61
1.7800,1.7777,2.3,0,11.8,-1793.4,2.6239,-436.3,-2059.0,2.6248,6.5,-400.2,-0.0000,-366.9,-339.7,0.0033,150.7,476.7,0,0.0,0.0,0.0000,4.30,-17.18,-7.63,14.06
1.7884,1.7839,4.5,0,12.3,-1793.8,2.6342,-436.2,-2061.5,2.6248,9.7,-400.4,-0.0000,-365.2,-341.5,-0.0378,153.3,475.9,0,0.0,0.0,0.0000,4.77,-17.33,-7.35,14.22
1.7962,1.7926,3.6,0,12.1,-1794.2,2.6313,-436.1,-2065.0,2.6248,14.3,-399.7,0.0000,-363.5,-343.3,-0.0263,149.5,477.1,0,0.0,0.0,0.0000,4.59,-16.06,-7.19,13.46
1.8048,1.8009,3.8,0,12.2,-1794.0,2.6274,-436.0,-2068.3,2.6248,18.7,-399.2,-0.0000,-361.4,-345.5,-0.0104,144.7,478.6,0,0.0,0.0,0.0000,4.69,-15.46,-7.68,13.56
1.8129,1.8114,1.4,0,11.7,-1793.6,2.6312,-435.8,-2072.5,2.6248,23.8,-399.0,-0.0000,-359.1,-347.9,-0.0257,143.4,479.0,0,0.0,0.0,0.0000,4.92,-15.76,-8.09,14.03
1.8208,1.8179,2.9,0,11.8,-1793.8,2.6233,-435.6,-2075.1,2.6248,27.3,-398.8,0.0000,-357.4,-349.7,0.0061,137.2,480.8,0,0.0,0.0,0.0000,5.18,-16.84,-8.09,14.03
1.8286,1.8262,2.3,0,11.6,-1794.4,2.6291,-435.3,-2078.4,2.6248,32.7,-398.7,0.0000,-355.7,-351.4,-0.0171,137.6,480.7,0,0.0,0.0,0.0000,4.88,-16.12,-7.47,14.01
1.8369,1.8344,2.5,0,11.6,-1793.8,2.6235,-435.1,-2081.7,2.6248,37.4,-398.5,0.0000,-353.4,-353.7,0.0050,131.9,482.3,0,0.0,0.0,0.0000,4.12,-15.99,-7.38,14.58
1.8448,1.8447,0.1,0,12.0,-1794.0,2.6319,-434.6,-2085.8,2.6248,41.7,-398.1,0.0000,-351.8,-355.3,-0.0283,133.7,481.8,0,0.0,0.0,0.0000,4.88,-15.36,-7.45,14.34
1.8520,1.8519,0.1,0,11.8,-1793.9,2.6319,-434.3,-2088.6,2.6248,45.4,-397.6,0.0000,-349.9,-357.2,-0.0283,131.1,482.5,0,0.0,0.0,0.0000,5.19,-10.33,-8.25,13.82
1.8607,1.8519,8.9,0,11.8,-1793.9,2.6319,-434.3,-2088.6,2.6248,45.4,-397.6,0.0000,-347.7,-359.3,-0.0283,128.1,483.3,0,0.0,0.0,0.0000,5.77,-12.77,-8.20,13.40
1.8680,1.8617,6.3,0,12.3,-1793.8,2.6396,-433.9,-2092.5,2.6248,51.0,-396.5,0.0000,-346.1,-360.8,-0.0595,129.8,482.9,0,0.0,0.0,0.0000,6.11,-14.93,-8.25,13.45
1.8766,1.8682,8.3,0,12.0,-1793.8,2.6345,-433.5,-2095.1,2.6248,54.5,-396.0,-0.0000,-344.0,-362.9,-0.0391,124.5,484.3,0,0.0,0.0,0.0000,5.74,-15.09,-7.35,13.13
1.8841,1.8771,7.0,0,12.1,-1793.9,2.6381,-433.0,-2098.6,2.6248,59.1,-395.6,0.0000,-342.1,-364.6,-0.0534,123.7,484.5,0,0.0,0.0,0.0000,5.40,-14.59,-8.17,13.97
1.8927,1.8852,7.5,0,12.1,-1793.6,2.6377,-432.5,-2101.8,2.6248,63.5,-395.0,-0.0000,-339.8,-366.8,-0.0518,120.5,485.3,0,0.0,0.0,0.0000,6.60,-15.09,-8.72,13.54
1.9003,1.8938,6.5,0,11.9,-1794.5,2.6255,-431.9,-2105.2,2.6248,68.4,-394.0,0.0000,-338.2,-368.2,-0.0030,112.4,487.2,0,0.0,0.0,0.0000,6.51,-14.69,-8.47,13.30
1.9089,1.9023,6.6,0,11.9,-1793.7,2.6297,-431.3,-2108.6,2.6248,72.6,-393.4,0.0000,-335.7,-370.5,-0.0197,111.2,487.5,0,0.0,0.0,0.0000,6.14,-14.36,-8.14,13.33
1.9162,1.9117,4.5,0,12.1,-1793.9,2.6250,-430.6,-2112.3,2.6248,77.2,-392.7,-0.0000,-334.0,-372.1,-0.0011,106.6,488.5,0,0.0,0.0,0.0000,6.40,-14.77,-8.85,13.10
1.9248,1.9200,4.8,0,12.2,-1794.0,2.6368,-430.0,-2115.5,2.6248,81.4,-391.7,0.0000,-331.8,-374.0,-0.0479,109.5,487.9,0,0.0,0.0,0.0000,6.91,-14.98,-8.85,12.39
1.9325,1.9279,4.6,0,11.9,-1793.7,2.6288,-429.3,-2118.6,2.6248,85.4,-390.9,-0.0000,-329.7,-375.9,-0.0160,102.9,489.3,0,0.0,0.0,0.0000,7.23,-14.61,-8.34,12.88
1.9409,1.9364,4.5,0,12.2,-1793.9,2.6358,-428.6,-2121.9,2.6248,90.4,-389.8,-0.0000,-327.8,-377.5,-0.0443,103.9,489.1,0,0.0,0.0,0.0000,6.36,-15.33,-9.10,13.09
1.9485,1.9449,3.6,0,12.2,-1793.6,2.6283,-427.8,-2125.2,2.6248,95.2,-388.7,0.0000,-325.7,-379.4,-0.0141,97.4,490.4,0,0.0,0.0,0.0000,6.23,-15.48,-9.26,12.92
1.9568,1.9542,2.7,0,12.2,-1794.0,2.6334,-426.9,-2128.8,2.6248,99.7,-387.0,-0.0000,-323.7,-381.1,-0.0346,97.4,490.4,0,0.0,0.0,0.0000,6.52,-15.69,-8.93,12.80
1.9649,1.9614,3.6,0,11.9,-1794.2,2.6319,-426.2,-2131.6,2.6248,103.3,-385.8,-0.0000,-321.5,-382.9,-0.0287,93.8,491.1,0,0.0,0.0,0.0000,6.18,-15.26,-9.47,12.54
1.9720,1.9696,2.4,0,11.7,-1793.6,2.6290,-425.3,-2134.8,2.6248,107.6,-385.1,0.0000,-319.3,-384.8,-0.0170,89.5,491.9,0,0.0,0.0,0.0000,6.39,-15.40,-9.14,12.45
1.9801,1.9784,1.7,0,12.0,-1794.1,2.6341,-424.3,-2138.2,2.6248,112.1,-384.1,0.0000,-317.4,-386.3,-0.0373,89.7,491.9,0,0.0,0.0,0.0000,5.92,-15.95,-9.83,11.66
1.9881,1.9868,1.2,0,11.7,-1793.6,2.6294,-423.4,-2141.4,2.6248,115.9,-383.0,-0.0000,-314.9,-388.4,-0.0183,84.1,492.9,0,0.0,0.0,0.0000,7.14,-15.31,-9.68,12.74
1.9962,1.9949,1.3,0,12.0,-1794.0,2.6322,-422.4,-2144.5,2.6248,119.9,-381.8,0.0000,-313.2,-389.8,-0.0299,83.4,493.0,0,0.0,0.0,0.0000,7.32,-15.23,-9.47,11.64
2.0041,2.0040,0.1,0,12.2,-1794.2,2.6286,-421.3,-2148.0,2.6248,125.4,-380.1,-0.0000,-311.3,-391.3,-0.0154,79.2,493.7,0,0.0,0.0,0.0000,6.81,-15.06,-9.21,11.71
2.0122,2.0121,0.1,0,12.1,-1793.9,2.6296,-420.3,-2151.0,2.6248,129.4,-378.6,-0.0000,-308.9,-393.1,-0.0195,76.7,494.1,0,0.0,0.0,0.0000,7.15,-17.54,-10.14,11.91
2.0204,2.0203,0.1,0,11.8,-1794.0,2.6216,-419.2,-2154.1,2.6248,133.0,-377.0,0.0000,-306.6,-395.0,0.0126,69.8,495.1,0,0.0,0.0,0.0000,7.62,-14.40,-10.38,10.87
2.0281,2.0203,7.8,0,11.8,-1794.0,2.6216,-419.2,-2154.1,2.6248,133.0,-377.0,0.0000,-304.5,-396.6,0.0126,67.2,495.5,0,0.0,0.0,0.0000,8.02,-13.66,-10.46,10.51
2.0374,2.0372,0.2,0,11.9,-1793.8,2.6303,-416.9,-2160.5,2.6248,141.3,-374.3,-0.0000,-301.9,-398.6,-0.0221,68.3,495.3,0,0.0,0.0,0.0000,8.52,-13.32,-10.63,10.41
2.0447,2.0372,7.5,0,11.9,-1793.8,2.6303,-416.9,-2160.5,2.6248,141.3,-374.3,-0.0000,-300.0,-400.0,-0.0221,65.9,495.6,0,0.0,0.0,0.0000,8.52,-14.24,-11.19,10.22
2.0527,2.0459,6.8,0,12.1,-1793.4,2.6297,-415.6,-2163.7,2.6248,145.8,-372.6,-0.0000,-297.8,-401.7,-0.0195,62.8,496.0,0,0.0,0.0,0.0000,7.69,-14.08,-10.70,9.85
2.0609,2.0582,2.7,0,12.1,-1794.3,2.6287,-413.8,-2168.3,2.6248,152.2,-370.1,0.0000,-295.8,-403.1,-0.0159,60.0,496.4,0,0.0,0.0,0.0000,8.00,-13.72,-9.83,10.24
2.0684,2.0630,5.4,0,11.8,-1793.9,2.6151,-413.1,-2170.1,2.6248,154.8,-368.9,-0.0000,-293.5,-404.8,0.0386,50.4,497.5,0,0.0,0.0,0.0000,8.47,-12.42,-10.27,10.77
2.0768,2.0710,5.8,0,12.1,-1793.6,2.6294,-411.8,-2173.0,2.6248,159.4,-366.9,0.0000,-291.2,-406.5,-0.0186,54.6,497.0,0,0.0,0.0,0.0000,8.78,-13.39,-10.88,10.50
2.0842,2.0798,4.5,0,11.3,-1794.0,2.6210,-410.4,-2176.2,2.6248,163.0,-365.2,-0.0000,-288.8,-408.2,0.0151,47.5,497.7,0,0.0,0.0,0.0000,8.21,-13.65,-10.82,10.82
2.0926,2.0882,4.4,0,11.7,-1793.8,2.6216,-409.0,-2179.3,2.6248,166.5,-363.4,-0.0000,-286.6,-409.7,0.0126,45.2,498.0,0,0.0,0.0,0.0000,8.66,-13.15,-10.70,10.20
2.1010,2.0964,4.6,0,11.9,-1793.9,2.6312,-407.6,-2182.3,2.6248,170.4,-362.0,0.0000,-284.4,-411.3,-0.0258,47.2,497.8,0,0.0,0.0,0.0000,8.84,-12.78,-10.70,9.81
2.1081,2.1053,2.8,0,11.9,-1794.2,2.6287,-406.1,-2185.5,2.6248,174.5,-360.4,-0.0000,-282.6,-412.5,-0.0155,43.8,498.1,0,0.0,0.0,0.0000,8.84,-13.40,-12.80,10.54
2.1162,2.1138,2.4,0,11.8,-1793.4,2.6263,-404.6,-2188.5,2.6248,179.2,-357.7,-0.0000,-280.0,-414.3,-0.0061,39.4,498.4,0,0.0,0.0,0.0000,9.63,-12.57,-12.27,9.95
2.1240,2.1217,2.3,0,11.9,-1793.7,2.6232,-403.1,-2191.3,2.6248,183.3,-355.4,-0.0000,-277.9,-415.6,0.0062,35.5,498.7,0,0.0,0.0,0.0000,9.00,-13.77,-10.57,10.00
2.1332,2.1304,2.7,0,11.9,-1793.3,2.6229,-401.5,-2194.4,2.6248,187.0,-353.5,0.0000,-275.1,-417.5,0.0077,31.9,499.0,0,0.0,0.0,0.0000,9.21,-12.02,-11.10,9.96
2.1401,2.1388,1.2,0,11.6,-1793.8,2.6237,-399.9,-2197.4,2.6248,190.8,-351.4,0.0000,-273.1,-418.8,0.0042,29.9,499.1,0,0.0,0.0,0.0000,8.17,-12.42,-10.47,10.32
2.1483,2.1471,1.2,0,12.0,-1793.9,2.6273,-398.4,-2200.3,2.6248,194.7,-349.0,0.0000,-270.9,-420.2,-0.0101,29.2,499.1,0,0.0,0.0,0.0000,8.10,-12.72,-10.40,9.97
2.1561,2.1471,9.1,0,12.0,-1793.9,2.6273,-398.4,-2200.3,2.6248,194.7,-349.0,0.0000,-268.8,-421.6,-0.0101,26.6,499.3,0,0.0,0.0,0.0000,8.97,-12.95,-10.82,10.24
2.1645,2.1644,0.1,0,11.9,-1794.2,2.6312,-394.9,-2206.3,2.6248,202.5,-344.9,0.0000,-266.4,-423.1,-0.0258,25.8,499.3,0,0.0,0.0,0.0000,8.89,-12.63,-11.31,9.55
2.1724,2.1644,8.0,0,11.9,-1794.2,2.6312,-394.9,-2206.3,2.6248,202.5,-344.9,0.0000,-264.3,-424.4,-0.0258,23.3,499.5,0,0.0,0.0,0.0000,8.03,-13.37,-11.50,9.74
2.1812,2.1811,0.1,0,12.1,-1794.0,2.6304,-391.5,-2212.0,2.6248,210.4,-340.5,-0.0000,-261.8,-426.0,-0.0225,20.0,499.6,0,0.0,0.0,0.0000,7.90,-13.21,-10.95,10.65
2.1888,2.1811,7.6,0,12.1,-1794.0,2.6304,-391.5,-2212.0,2.6248,210.4,-340.5,-0.0000,-259.5,-427.4,-0.0225,17.3,499.7,0,0.0,0.0,0.0000,7.94,-13.39,-11.41,10.32
2.1967,2.1892,7.5,0,12.1,-1793.7,2.6301,-389.8,-2214.8,2.6248,214.1,-338.0,-0.0000,-257.0,-428.9,-0.0214,14.2,499.8,0,0.0,0.0,0.0000,7.18,-13.07,-10.69,9.75
2.2049,2.1979,7.0,0,12.2,-1793.9,2.6294,-387.9,-2217.7,2.6248,218.1,-334.9,0.0000,-254.7,-430.3,-0.0184,11.1,499.9,0,0.0,0.0,0.0000,8.71,-12.33,-9.77,9.25
2.2124,2.2070,5.4,0,11.7,-1793.4,2.6232,-385.9,-2220.7,2.6248,221.9,-332.5,0.0000,-252.0,-431.8,0.0062,5.0,500.0,0,0.0,0.0,0.0000,9.01,-11.75,-7.67,9.17
2.2208,2.2147,6.0,0,11.4,-1794.3,2.6287,-384.1,-2223.3,2.6248,225.0,-330.7,-0.0000,-249.7,-433.2,-0.0157,5.0,500.0,0,0.0,0.0,0.0000,8.21,-12.67,-9.76,9.46
2.2281,2.2235,4.6,0,11.7,-1793.9,2.6275,-382.2,-2226.2,2.6248,229.3,-328.0,0.0000,-247.5,-434.4,-0.0108,1.9,500.0,0,0.0,0.0,0.0000,9.14,-12.13,-11.31,10.07
2.2364,2.2318,4.6,0,11.8,-1793.8,2.6253,-380.2,-2228.9,2.6248,233.5,-325.5,0.0000,-245.2,-435.7,-0.0020,-1.9,500.0,0,0.0,0.0,0.0000,8.43,-12.21,-10.79,10.64
2.2447,2.2401,4.6,0,11.8,-1793.8,2.6244,-378.3,-2231.6,2.6248,236.9,-322.6,0.0000,-242.8,-437.1,0.0014,-5.0,500.0,0,0.0,0.0,0.0000,8.83,-12.05,-10.57,9.92
2.2532,2.2486,4.7,0,11.8,-1794.0,2.6294,-376.2,-2234.3,2.6248,240.6,-319.6,0.0000,-240.2,-438.5,-0.0184,-5.6,500.0,0,0.0,0.0,0.0000,8.47,-11.92,-11.79,9.22
2.2609,2.2574,3.4,0,12.2,-1794.2,2.6280,-374.1,-2237.1,2.6248,243.3,-317.1,-0.0000,-238.1,-439.7,-0.0131,-8.6,499.9,0,0.0,0.0,0.0000,7.06,-11.88,-11.43,9.56
2.2681,2.2654,2.7,0,12.1,-1793.9,2.6331,-372.2,-2239.6,2.6248,246.1,-314.8,-0.0000,-235.9,-440.8,-0.0334,-8.6,499.9,0,0.0,0.0,0.0000,7.12,-11.50,-11.35,9.95
2.2769,2.2742,2.7,0,11.7,-1793.9,2.6232,-370.0,-2242.4,2.6248,250.7,-311.4,0.0000,-233.0,-442.4,0.0062,-16.8,499.7,0,0.0,0.0,0.0000,6.48,-11.49,-11.85,10.84
2.2850,2.2825,2.5,0,11.6,-1793.9,2.6238,-367.9,-2245.0,2.6248,254.5,-308.4,-0.0000,-230.4,-443.7,0.0037,-19.4,499.6,0,0.0,0.0,0.0000,7.51,-11.13,-11.13,8.82
2.2933,2.2907,2.6,0,12.0,-1794.1,2.6386,-365.8,-2247.5,2.6248,257.9,-305.6,0.0000,-228.2,-444.9,-0.0555,-14.5,499.8,0,0.0,0.0,0.0000,9.72,-11.84,-11.47,6.24
2.3010,2.2993,1.8,0,12.2,-1793.8,2.6397,-363.5,-2250.1,2.6248,261.5,-302.7,-0.0000,-226.0,-446.0,-0.0596,-16.4,499.7,0,0.0,0.0,0.0000,9.89,-11.11,-10.92,7.79
2.3088,2.3076,1.2,0,12.1,-1794.1,2.6272,-361.4,-2252.6,2.6248,264.9,-300.4,-0.0000,-223.8,-447.1,-0.0096,-25.2,499.4,0,0.0,0.0,0.0000,10.07,-10.22,-11.45,9.21
2.3161,2.3160,0.1,0,12.0,-1793.3,2.6275,-359.1,-2255.1,2.6248,268.1,-297.5,0.0000,-221.0,-448.5,-0.0111,-28.0,499.2,0,0.0,0.0,0.0000,11.04,-10.55,-12.12,10.18
2.3248,2.3247,0.1,0,11.9,-1794.6,2.6293,-356.8,-2257.7,2.6248,270.8,-293.9,-0.0000,-218.7,-449.7,-0.0180,-29.8,499.1,0,0.0,0.0,0.0000,11.86,-7.51,-12.00,9.66
2.3327,2.3247,8.0,0,11.9,-1794.6,2.6293,-356.8,-2257.7,2.6248,270.8,-293.9,-0.0000,-216.3,-450.8,-0.0180,-32.4,498.9,0,0.0,0.0,0.0000,10.47,-6.06,-11.50,9.58
2.3411,2.3331,8.0,0,11.6,-1793.6,2.6308,-354.5,-2260.2,2.6248,274.2,-290.9,0.0000,-213.2,-452.3,-0.0242,-35.1,498.8,0,0.0,0.0,0.0000,9.77,-9.39,-11.89,9.76
2.3484,2.3419,6.4,0,12.1,-1793.9,2.6233,-352.0,-2262.7,2.6248,278.2,-288.1,-0.0000,-211.4,-453.1,0.0059,-40.8,498.3,0,0.0,0.0,0.0000,8.81,-10.69,-11.75,10.37
2.3566,2.3498,6.8,0,11.8,-1794.1,2.6291,-349.8,-2264.9,2.6248,281.1,-284.9,0.0000,-208.8,-454.3,-0.0171,-40.9,498.3,0,0.0,0.0,0.0000,10.03,-11.75,-11.41,9.77
2.3644,2.3585,5.9,0,12.2,-1794.0,2.6285,-347.4,-2267.4,2.6248,284.3,-281.0,-0.0000,-206.5,-455.4,-0.0150,-43.7,498.1,0,0.0,0.0,0.0000,9.43,-10.88,-11.46,9.29
2.3720,2.3676,4.4,0,12.6,-1793.7,2.6365,-344.8,-2270.0,2.6248,287.8,-277.7,-0.0000,-204.2,-456.4,-0.0469,-42.2,498.2,0,0.0,0.0,0.0000,10.41,-10.68,-11.68,8.82
2.3800,2.3754,4.6,0,12.0,-1794.2,2.6399,-342.5,-2272.1,2.6248,291.0,-274.9,0.0000,-201.5,-457.6,-0.0607,-43.4,498.1,0,0.0,0.0,0.0000,11.23,-11.27,-11.70,9.47
2.3885,2.3841,4.4,0,11.8,-1793.8,2.6302,-340.0,-2274.5,2.6248,293.5,-271.7,-0.0000,-198.6,-458.8,-0.0217,-51.3,497.4,0,0.0,0.0,0.0000,10.25,-10.26,-12.01,8.95
2.3968,2.3923,4.5,0,11.7,-1793.9,2.6288,-337.6,-2276.7,2.6248,295.7,-268.8,-0.0000,-196.1,-460.0,-0.0161,-54.8,497.0,0,0.0,0.0,0.0000,10.65,-10.10,-12.32,8.89
2.4041,2.4007,3.4,0,11.6,-1794.1,2.6278,-335.1,-2278.9,2.6248,299.6,-265.0,0.0000,-193.8,-460.9,-0.0120,-57.7,496.7,0,0.0,0.0,0.0000,11.03,-10.28,-12.95,9.28
2.4121,2.4095,2.6,0,12.0,-1794.0,2.6340,-332.4,-2281.3,2.6248,303.4,-261.2,0.0000,-191.5,-461.9,-0.0371,-57.1,496.7,0,0.0,0.0,0.0000,10.84,-10.76,-12.14,9.13
2.4208,2.4185,2.3,0,12.1,-1794.0,2.6305,-329.7,-2283.6,2.6248,306.0,-257.6,-0.0000,-188.8,-463.0,-0.0230,-61.7,496.2,0,0.0,0.0,0.0000,10.54,-10.72,-12.32,9.01
2.4284,2.4261,2.3,0,11.9,-1793.5,2.6292,-327.3,-2285.6,2.6248,308.4,-254.6,-0.0000,-186.0,-464.1,-0.0178,-65.4,495.7,0,0.0,0.0,0.0000,11.69,-10.94,-12.60,8.95
2.4372,2.4345,2.7,0,11.8,-1794.2,2.6308,-324.7,-2287.7,2.6248,311.0,-251.2,0.0000,-183.2,-465.2,-0.0243,-67.6,495.4,0,0.0,0.0,0.0000,11.87,-10.70,-12.08,8.39
2.4441,2.4428,1.2,0,11.8,-1794.1,2.6328,-322.1,-2289.7,2.6248,313.7,-247.8,0.0000,-181.2,-466.0,-0.0321,-68.8,495.2,0,0.0,0.0,0.0000,11.08,-10.75,-13.26,8.51
2.4523,2.4510,1.3,0,11.9,-1793.7,2.6269,-319.5,-2291.8,2.6248,317.1,-244.4,-0.0000,-178.7,-467.0,-0.0085,-74.4,494.4,0,0.0,0.0,0.0000,10.82,-11.28,-12.69,8.59
2.4601,2.4598,0.4,0,12.0,-1794.2,2.6276,-316.8,-2293.9,2.6248,320.1,-240.7,-0.0000,-176.3,-467.9,-0.0111,-76.5,494.1,0,0.0,0.0,0.0000,11.31,-11.22,-12.71,8.14
2.4689,2.4677,1.2,0,11.5,-1793.8,2.6277,-314.2,-2295.8,2.6248,322.4,-236.8,0.0000,-173.0,-469.1,-0.0117,-80.0,493.6,0,0.0,0.0,0.0000,11.53,-11.04,-14.69,7.83
2.4762,2.4677,8.5,0,11.5,-1793.8,2.6277,-314.2,-2295.8,2.6248,322.4,-236.8,0.0000,-170.6,-470.0,-0.0117,-82.4,493.2,0,0.0,0.0,0.0000,11.14,-10.90,-14.78,7.75
2.4849,2.4848,0.1,0,12.4,-1794.1,2.6339,-308.6,-2299.8,2.6248,327.0,-230.2,0.0000,-168.5,-470.7,-0.0363,-81.6,493.3,0,0.0,0.0,0.0000,12.75,-11.35,-15.33,7.21
2.4929,2.4848,8.0,0,12.4,-1794.1,2.6339,-308.6,-2299.8,2.6248,327.0,-230.2,0.0000,-166.0,-471.7,-0.0363,-84.3,492.8,0,0.0,0.0,0.0000,12.24,-10.80,-14.44,7.29
2.5001,2.4937,6.4,0,11.9,-1793.8,2.6271,-305.7,-2301.8,2.6248,329.6,-226.3,-0.0000,-163.1,-472.6,-0.0094,-90.6,491.7,0,0.0,0.0,0.0000,12.94,-11.09,-14.06,7.29
2.5087,2.5019,6.8,0,11.7,-1793.7,2.6300,-303.0,-2303.6,2.6248,332.0,-222.5,0.0000,-160.2,-473.6,-0.0208,-92.2,491.4,0,0.0,0.0,0.0000,11.55,-10.86,-14.67,7.28
2.5163,2.5127,3.6,0,12.0,-1793.8,2.6246,-299.4,-2306.0,2.6248,336.0,-217.4,0.0000,-158.0,-474.4,0.0008,-97.1,490.5,0,0.0,0.0,0.0000,10.74,-10.68,-15.25,6.79
2.5240,2.5206,3.5,0,12.2,-1794.2,2.6313,-296.7,-2307.7,2.6248,338.9,-213.7,-0.0000,-155.8,-475.1,-0.0259,-96.1,490.7,0,0.0,0.0,0.0000,11.38,-12.02,-14.51,6.63
2.5330,2.5274,5.6,0,11.8,-1793.5,2.6265,-294.4,-2309.2,2.6248,340.2,-210.5,-0.0000,-152.5,-476.2,-0.0069,-101.9,489.5,0,0.0,0.0,0.0000,12.39,-11.55,-14.06,6.74
2.5400,2.5362,3.8,0,11.9,-1793.8,2.6237,-291.4,-2311.0,2.6248,341.9,-206.4,0.0000,-150.4,-476.9,0.0042,-105.4,488.8,0,0.0,0.0,0.0000,12.60,-9.89,-13.88,7.10
2.5484,2.5471,1.2,0,11.9,-1793.8,2.6231,-287.7,-2313.2,2.6248,345.2,-202.0,-0.0000,-147.7,-477.7,0.0066,-108.4,488.1,0,0.0,0.0,0.0000,10.93,-10.31,-14.44,6.13
2.5566,2.5532,3.4,0,11.8,-1794.2,2.6326,-285.6,-2314.4,2.6248,346.9,-199.4,0.0000,-145.0,-478.5,-0.0314,-106.6,488.5,0,0.0,0.0,0.0000,11.93,-10.40,-15.04,6.20
2.5649,2.5613,3.6,0,11.8,-1793.9,2.6305,-282.7,-2316.1,2.6248,349.0,-195.4,-0.0000,-142.2,-479.4,-0.0229,-110.5,487.6,0,0.0,0.0,0.0000,12.54,-10.86,-14.37,6.50
2.5725,2.5702,2.3,0,12.0,-1794.0,2.6306,-279.7,-2317.8,2.6248,351.4,-191.2,-0.0000,-139.7,-480.1,-0.0235,-112.9,487.1,0,0.0,0.0,0.0000,12.47,-10.27,-14.22,6.36
2.5800,2.5702,9.8,0,12.0,-1794.0,2.6306,-279.7,-2317.8,2.6248,351.4,-191.2,-0.0000,-137.2,-480.8,-0.0235,-115.4,486.5,0,0.0,0.0,0.0000,12.02,-9.89,-14.43,6.50
2.5889,2.5871,1.8,0,12.2,-1793.7,2.6299,-273.7,-2320.9,2.6248,356.0,-183.1,0.0000,-134.5,-481.6,-0.0207,-118.5,485.8,0,0.0,0.0,0.0000,14.06,-10.03,-14.59,5.74
2.5965,2.5953,1.2,0,11.9,-1793.5,2.6300,-270.8,-2322.4,2.6248,357.9,-178.9,0.0000,-131.8,-482.3,-0.0208,-121.2,485.1,0,0.0,0.0,0.0000,13.85,-9.83,-14.55,5.64
2.6046,2.6033,1.3,0,12.0,-1793.2,2.6235,-267.9,-2323.8,2.6248,359.7,-175.1,0.0000,-129.0,-483.1,0.0050,-127.1,483.6,0,0.0,0.0,0.0000,12.65,-10.18,-14.53,5.78
2.6123,2.6033,9.0,0,12.0,-1793.2,2.6235,-267.9,-2323.8,2.6248,359.7,-175.1,0.0000,-126.4,-483.8,0.0050,-129.8,482.9,0,0.0,0.0,0.0000,10.93,-9.71,-15.34,6.06
2.6208,2.6207,0.1,0,12.0,-1794.0,2.6258,-261.6,-2326.8,2.6248,363.1,-167.6,0.0000,-123.9,-484.4,-0.0042,-131.2,482.5,0,0.0,0.0,0.0000,13.40,-9.37,-14.37,5.87
2.6285,2.6207,7.8,0,12.0,-1794.0,2.6258,-261.6,-2326.8,2.6248,363.1,-167.6,0.0000,-121.4,-485.0,-0.0042,-133.7,481.8,0,0.0,0.0,0.0000,13.88,-8.93,-15.13,5.39
2.6362,2.6289,7.3,0,11.6,-1793.3,2.6248,-258.6,-2328.2,2.6248,365.0,-162.6,0.0000,-118.2,-485.8,-0.0002,-137.2,480.8,0,0.0,0.0,0.0000,13.09,-8.56,-14.60,5.61
2.6449,2.6373,7.6,0,11.6,-1793.7,2.6238,-255.5,-2329.5,2.6248,366.8,-158.5,0.0000,-115.4,-486.5,0.0037,-140.5,479.8,0,0.0,0.0,0.0000,13.60,-8.85,-14.85,5.73
2.6525,2.6480,4.5,0,12.4,-1793.6,2.6336,-251.6,-2331.2,2.6248,369.1,-153.8,0.0000,-113.5,-486.9,-0.0351,-137.7,480.7,0,0.0,0.0,0.0000,14.29,-8.72,-15.57,5.85
2.6607,2.6542,6.6,0,12.2,-1793.9,2.6288,-249.3,-2332.1,2.6248,370.6,-150.7,-0.0000,-110.7,-487.6,-0.0159,-142.7,479.2,0,0.0,0.0,0.0000,14.25,-8.79,-14.67,5.72
2.6685,2.6542,14.4,0,12.2,-1793.9,2.6288,-249.3,-2332.1,2.6248,370.6,-150.7,-0.0000,-108.1,-488.2,-0.0159,-145.3,478.4,0,0.0,0.0,0.0000,14.09,-8.91,-14.54,5.94
2.6763,2.6709,5.4,0,11.9,-1793.7,2.6263,-243.1,-2334.6,2.6248,373.9,-142.6,0.0000,-105.2,-488.8,-0.0062,-149.3,477.2,0,0.0,0.0,0.0000,14.00,-8.51,-15.20,5.92
2.6844,2.6805,3.9,0,12.1,-1794.0,2.6327,-239.5,-2335.9,2.6248,374.9,-138.3,-0.0000,-102.8,-489.3,-0.0318,-148.6,477.4,0,0.0,0.0,0.0000,13.20,-8.10,-14.72,5.05
2.6920,2.6884,3.6,0,12.2,-1793.8,2.6357,-236.5,-2337.0,2.6248,377.1,-133.4,-0.0000,-100.3,-489.8,-0.0437,-149.7,477.1,0,0.0,0.0,0.0000,14.61,-8.45,-10.60,5.71
2.7002,2.6968,3.5,0,11.6,-1794.2,2.6182,-233.3,-2338.1,2.6248,379.2,-128.4,0.0000,-97.1,-490.5,0.0264,-161.1,473.4,0,0.0,0.0,0.0000,15.77,-8.01,-11.99,5.67
2.7084,2.7050,3.5,0,11.8,-1794.2,2.6276,-230.2,-2339.1,2.6248,380.0,-124.9,-0.0000,-94.6,-491.0,-0.0114,-159.0,474.0,0,0.0,0.0,0.0000,15.27,-6.98,-14.38,5.16
2.7168,2.7140,2.7,0,11.8,-1794.2,2.6290,-226.8,-2340.2,2.6248,381.1,-120.7,-0.0000,-91.7,-491.5,-0.0168,-161.1,473.3,0,0.0,0.0,0.0000,15.01,-7.31,-15.14,4.96
2.7243,2.7219,2.4,0,12.4,-1793.9,2.6385,-223.8,-2341.2,2.6248,382.8,-116.9,0.0000,-89.6,-491.9,-0.0550,-158.7,474.2,0,0.0,0.0,0.0000,14.02,-8.41,-14.99,4.35
2.7326,2.7302,2.4,0,11.9,-1793.9,2.6286,-220.6,-2342.1,2.6248,384.3,-112.9,0.0000,-86.3,-492.5,-0.0153,-166.5,471.5,0,0.0,0.0,0.0000,12.66,-8.14,-15.13,4.42
2.7402,2.7387,1.4,0,11.9,-1793.4,2.6236,-217.3,-2343.1,2.6248,385.0,-108.5,-0.0000,-83.7,-493.0,0.0046,-171.4,469.7,0,0.0,0.0,0.0000,13.39,-7.33,-14.54,4.52
2.7487,2.7474,1.3,0,12.1,-1793.7,2.6330,-214.0,-2344.0,2.6248,386.1,-103.8,0.0000,-81.1,-493.4,-0.0331,-169.4,470.4,0,0.0,0.0,0.0000,14.62,-7.22,-15.59,4.58
2.7567,2.7554,1.3,0,11.9,-1794.2,2.6243,-210.9,-2344.8,2.6248,387.5,-98.6,0.0000,-78.3,-493.8,0.0020,-176.2,467.9,0,0.0,0.0,0.0000,13.81,-7.42,-14.88,4.56
2.7641,2.7640,0.1,0,12.2,-1794.0,2.6310,-207.5,-2345.6,2.6248,388.7,-94.1,-0.0000,-76.1,-494.2,-0.0250,-175.1,468.3,0,0.0,0.0,0.0000,13.67,-8.17,-15.41,4.32
2.7724,2.7640,8.4,0,12.2,-1794.0,2.6310,-207.5,-2345.6,2.6248,388.7,-94.1,-0.0000,-73.3,-494.6,-0.0250,-177.7,467.4,0,0.0,0.0,0.0000,14.44,-8.07,-15.34,4.44
2.7812,2.7811,0.1,0,12.0,-1794.1,2.6301,-200.9,-2347.2,2.6248,390.4,-86.7,-0.0000,-70.1,-495.1,-0.0215,-181.2,466.0,0,0.0,0.0,0.0000,14.38,-7.36,-14.59,4.50
2.7884,2.7811,7.4,0,12.0,-1794.1,2.6301,-200.9,-2347.2,2.6248,390.4,-86.7,-0.0000,-67.6,-495.4,-0.0215,-183.5,465.1,0,0.0,0.0,0.0000,9.72,-6.77,-15.62,4.39
2.7969,2.7894,7.5,0,11.9,-1794.0,2.6284,-197.6,-2347.9,2.6248,391.2,-81.5,0.0000,-64.5,-495.8,-0.0144,-187.3,463.6,0,0.0,0.0,0.0000,11.48,-6.90,-15.76,3.97
2.8050,2.7976,7.4,0,11.9,-1793.0,2.6255,-194.4,-2348.5,2.6248,392.1,-77.2,-0.0000,-61.6,-496.2,-0.0028,-191.3,462.0,0,0.0,0.0,0.0000,12.57,-7.03,-15.27,4.12
2.8122,2.8062,6.0,0,11.9,-1793.8,2.6304,-191.1,-2349.2,2.6248,393.1,-72.8,-0.0000,-59.4,-496.5,-0.0226,-191.0,462.1,0,0.0,0.0,0.0000,13.68,-7.53,-15.69,4.23
2.8202,2.8149,5.4,0,12.1,-1794.0,2.6290,-187.6,-2349.8,2.6248,394.1,-68.3,0.0000,-57.0,-496.7,-0.0168,-194.0,460.8,0,0.0,0.0,0.0000,14.72,-6.91,-15.75,4.11
2.8289,2.8231,5.8,0,11.9,-1793.7,2.6319,-184.4,-2350.3,2.6248,395.2,-64.0,0.0000,-53.7,-497.1,-0.0287,-195.6,460.1,0,0.0,0.0,0.0000,14.81,-6.40,-15.45,3.39
2.8368,2.8320,4.7,0,11.8,-1793.6,2.6286,-180.9,-2350.9,2.6248,395.7,-59.5,-0.0000,-50.9,-497.4,-0.0155,-199.8,458.4,0,0.0,0.0,0.0000,14.13,-6.15,-15.33,3.72
2.8447,2.8401,4.5,0,12.2,-1794.2,2.6325,-177.6,-2351.4,2.6248,396.2,-55.5,0.0000,-48.6,-497.6,-0.0310,-200.0,458.2,0,0.0,0.0,0.0000,13.74,-5.91,-15.20,4.16
2.8532,2.8483,4.9,0,12.1,-1793.9,2.6315,-174.4,-2351.8,2.6248,396.6,-50.9,-0.0000,-45.6,-497.9,-0.0269,-203.3,456.8,0,0.0,0.0,0.0000,14.49,-6.58,-15.53,4.29
2.8601,2.8568,3.3,0,12.0,-1793.8,2.6314,-171.0,-2352.2,2.6248,396.9,-46.1,0.0000,-43.1,-498.1,-0.0265,-205.6,455.8,0,0.0,0.0,0.0000,14.74,-6.13,-16.25,3.89
2.8681,2.8658,2.3,0,12.4,-1793.6,2.6366,-167.5,-2352.6,2.6248,397.8,-41.3,0.0000,-40.8,-498.3,-0.0472,-205.4,455.8,0,0.0,0.0,0.0000,14.88,-6.18,-16.53,2.94
2.8767,2.8658,10.9,0,12.4,-1793.6,2.6366,-167.5,-2352.6,2.6248,397.8,-41.3,0.0000,-37.8,-498.6,-0.0472,-208.1,454.6,0,0.0,0.0,0.0000,14.84,-5.78,-17.09,3.20
2.8849,2.8823,2.6,0,11.9,-1793.5,2.6306,-160.9,-2353.2,2.6248,399.0,-32.9,0.0000,-34.6,-498.8,-0.0235,-213.8,452.0,0,0.0,0.0,0.0000,15.55,-5.89,-16.59,3.09
2.8920,2.8908,1.2,0,11.5,-1793.9,2.6262,-157.5,-2353.5,2.6248,399.4,-28.5,0.0000,-31.9,-499.0,-0.0058,-218.2,449.9,0,0.0,0.0,0.0000,15.39,-5.05,-16.39,2.70
2.9003,2.8991,1.3,0,12.0,-1794.1,2.6305,-154.2,-2353.7,2.6248,399.0,-24.0,0.0000,-29.5,-499.1,-0.0229,-218.4,449.8,0,0.0,0.0,0.0000,14.80,-5.54,-16.78,2.76
2.9092,2.9077,1.5,0,11.7,-1793.6,2.6216,-150.7,-2353.9,2.6248,399.2,-19.2,-0.0000,-26.1,-499.3,0.0126,-225.4,446.3,0,0.0,0.0,0.0000,14.91,-5.81,-16.39,2.52
2.9161,2.9160,0.1,0,11.9,-1794.1,2.6204,-147.4,-2354.0,2.6248,399.8,-14.4,-0.0000,-23.9,-499.4,0.0174,-227.9,445.0,0,0.0,0.0,0.0000,15.11,-5.79,-16.59,2.40
2.9244,2.9243,0.1,0,11.9,-1794.0,2.6298,-144.1,-2354.1,2.6248,400.0,-10.1,0.0000,-21.0,-499.6,-0.0201,-226.3,445.8,0,0.0,0.0,0.0000,14.58,-5.62,-16.32,2.24
2.9330,2.9329,0.1,0,11.7,-1793.9,2.6250,-140.7,-2354.2,2.6248,400.0,-6.2,-0.0000,-17.8,-499.7,-0.0008,-231.3,443.3,0,0.0,0.0,0.0000,14.89,-5.42,-16.56,2.76
2.9405,2.9329,7.6,0,11.7,-1793.9,2.6250,-140.7,-2354.2,2.6248,400.0,-6.2,-0.0000,-15.3,-499.8,-0.0008,-233.5,442.1,0,0.0,0.0,0.0000,15.11,-5.22,-16.87,2.58
2.9486,2.9411,7.5,0,11.5,-1794.1,2.6289,-137.4,-2354.2,2.6248,400.0,-1.8,0.0000,-12.4,-499.8,-0.0166,-234.3,441.7,0,0.0,0.0,0.0000,16.29,-5.07,-15.54,2.18
2.9565,2.9500,6.6,0,12.0,-1793.5,2.6274,-133.8,-2354.2,2.6248,399.9,3.1,0.0000,-10.2,-499.9,-0.0106,-237.0,440.3,0,0.0,0.0,0.0000,15.70,-5.15,-16.01,1.87
2.9647,2.9592,5.4,0,11.9,-1793.8,2.6238,-130.1,-2354.2,2.6248,399.9,8.1,-0.0000,-7.3,-499.9,0.0038,-241.1,438.0,0,0.0,0.0,0.0000,14.32,-4.44,-16.67,2.15
2.9721,2.9665,5.6,0,11.7,-1793.5,2.6199,-127.2,-2354.1,2.6248,399.9,12.0,-0.0000,-4.5,-500.0,0.0196,-245.3,435.7,0,0.0,0.0,0.0000,15.98,-5.09,-16.02,1.88
2.9810,2.9796,1.4,0,11.7,-1794.0,2.6226,-122.0,-2353.9,2.6248,399.3,19.5,-0.0000,-1.4,-500.0,0.0088,-246.8,434.8,0,0.0,0.0,0.0000,16.56,-5.03,-15.70,1.74
2.9880,2.9836,4.5,0,11.9,-1793.7,2.6246,-120.4,-2353.8,2.6248,399.2,21.7,-0.0000,0.8,-500.0,0.0007,-247.9,434.2,0,0.0,0.0,0.0000,15.48,-4.23,-16.90,1.23
2.9969,2.9927,4.3,0,12.3,-1793.7,2.6330,-116.8,-2353.6,2.6248,399.0,26.3,-0.0000,3.6,-500.0,-0.0328,-246.6,434.9,0,0.0,0.0,0.0000,15.38,-4.53,-17.76,2.17
3.0048,3.0004,4.4,0,12.1,-1793.4,2.6292,-113.7,-2353.4,2.6248,398.8,30.2,-0.0000,6.4,-500.0,-0.0176,-250.7,432.6,0,0.0,0.0,0.0000,16.31,-4.88,-17.23,2.33
3.0133,3.0094,3.8,0,11.9,-1794.1,2.6251,-110.1,-2353.1,2.6248,398.6,34.7,-0.0000,9.4,-499.9,-0.0013,-255.0,430.1,0,0.0,0.0,0.0000,15.43,-4.42,-16.08,2.15
3.0200,3.0176,2.3,0,11.6,-1793.7,2.6249,-106.8,-2352.8,2.6248,398.4,38.9,0.0000,12.1,-499.9,-0.0004,-257.5,428.6,0,0.0,0.0,0.0000,16.01,-4.56,-16.71,1.90
3.0280,3.0258,2.2,0,11.7,-1794.1,2.6311,-103.6,-2352.4,2.6248,397.7,44.0,-0.0000,14.8,-499.8,-0.0255,-257.1,428.8,0,0.0,0.0,0.0000,15.86,-4.58,-16.42,2.02
3.0360,3.0345,1.6,0,11.7,-1794.0,2.6285,-100.1,-2352.0,2.6248,397.0,48.9,-0.0000,17.5,-499.7,-0.0150,-260.5,426.8,0,0.0,0.0,0.0000,16.21,-5.07,-16.73,2.00
3.0444,3.0432,1.2,0,12.0,-1794.3,2.6329,-96.7,-2351.6,2.6248,396.3,52.9,0.0000,20.0,-499.6,-0.0325,-260.8,426.6,0,0.0,0.0,0.0000,16.45,-4.73,-16.02,2.06
3.0522,3.0510,1.2,0,11.9,-1794.2,2.6303,-93.6,-2351.2,2.6248,395.7,56.8,-0.0000,22.8,-499.5,-0.0223,-264.3,424.5,0,0.0,0.0,0.0000,15.04,-4.35,-15.05,1.62
3.0611,3.0597,1.4,0,12.1,-1794.5,2.6301,-90.2,-2350.6,2.6248,395.3,61.6,-0.0000,25.8,-499.3,-0.0214,-266.9,422.8,0,0.0,0.0,0.0000,15.02,-4.19,-15.44,1.09
3.0682,3.0597,8.5,0,12.1,-1794.5,2.6301,-90.2,-2350.6,2.6248,395.3,61.6,-0.0000,28.2,-499.2,-0.0214,-268.9,421.5,0,0.0,0.0,0.0000,15.31,-4.19,-16.79,0.78
3.0766,3.0700,6.7,0,11.6,-1793.8,2.6235,-86.1,-2350.0,2.6248,394.5,66.8,0.0000,31.5,-499.0,0.0052,-274.5,417.9,0,0.0,0.0,0.0000,16.16,-4.04,-16.42,1.24
3.0844,3.0769,7.5,0,11.8,-1794.2,2.6273,-83.3,-2349.5,2.6248,394.1,70.0,0.0000,34.0,-498.8,-0.0099,-275.0,417.6,0,0.0,0.0,0.0000,16.48,-4.31,-15.27,1.64
3.0923,3.0849,7.5,0,12.0,-1794.2,2.6325,-80.2,-2348.9,2.6248,393.2,74.3,-0.0000,36.5,-498.7,-0.0311,-274.9,417.6,0,0.0,0.0,0.0000,16.04,-4.37,-11.89,1.63
3.1005,3.0936,6.9,0,12.1,-1794.2,2.6291,-76.8,-2348.3,2.6248,391.9,79.4,0.0000,39.3,-498.5,-0.0174,-278.7,415.2,0,0.0,0.0,0.0000,16.03,-3.81,-13.61,1.49
3.1088,3.1021,6.8,0,12.1,-1793.7,2.6304,-73.5,-2347.6,2.6248,391.1,84.1,0.0000,42.2,-498.2,-0.0227,-280.5,413.9,0,0.0,0.0,0.0000,15.57,-3.88,-15.13,1.24
3.1161,3.1106,5.4,0,12.1,-1794.1,2.6315,-70.1,-2346.8,2.6248,390.5,89.0,-0.0000,44.5,-498.0,-0.0271,-282.0,412.9,0,0.0,0.0,0.0000,16.40,-3.99,-16.02,1.01
3.1245,3.1199,4.6,0,11.6,-1793.9,2.6273,-66.5,-2346.0,2.6248,389.0,93.0,0.0000,47.8,-497.7,-0.0101,-286.4,409.8,0,0.0,0.0,0.0000,14.31,-4.21,-16.29,0.43
3.1322,3.1276,4.6,0,11.9,-1794.1,2.6285,-63.5,-2345.2,2.6248,387.8,96.2,0.0000,50.4,-497.5,-0.0149,-288.1,408.7,0,0.0,0.0,0.0000,16.21,-4.86,-16.64,0.52
3.1406,3.1362,4.4,0,12.0,-1794.0,2.6357,-60.2,-2344.4,2.6248,386.7,101.3,-0.0000,53.3,-497.2,-0.0439,-287.5,409.1,0,0.0,0.0,0.0000,16.56,-3.83,-16.81,-0.18
3.1480,3.1444,3.6,0,12.1,-1794.2,2.6301,-57.0,-2343.6,2.6248,385.7,106.0,0.0000,55.5,-496.9,-0.0212,-291.7,406.1,0,0.0,0.0,0.0000,15.29,-3.30,-15.87,-0.12
3.1563,3.1527,3.6,0,12.0,-1794.1,2.6313,-53.8,-2342.7,2.6248,384.5,110.4,0.0000,58.4,-496.6,-0.0263,-293.5,404.8,0,0.0,0.0,0.0000,15.15,-3.00,-15.98,-0.04
3.1647,3.1613,3.4,0,12.1,-1793.6,2.6268,-50.5,-2341.7,2.6248,383.2,115.0,-0.0000,61.2,-496.2,-0.0082,-297.6,401.8,0,0.0,0.0,0.0000,15.06,-1.69,-16.17,-0.99
3.1729,3.1694,3.6,0,11.9,-1793.6,2.6312,-47.4,-2340.7,2.6248,382.0,118.3,-0.0000,64.4,-495.8,-0.0256,-298.5,401.2,0,0.0,0.0,0.0000,16.33,-0.71,-17.12,-1.11
3.1808,3.1781,2.7,0,12.2,-1794.3,2.6324,-44.1,-2339.7,2.6248,380.6,122.3,0.0000,66.8,-495.5,-0.0303,-299.9,400.1,0,0.0,0.0,0.0000,16.01,-0.25,-17.07,-1.43
3.1882,3.1870,1.2,0,12.0,-1794.2,2.6313,-40.7,-2338.6,2.6248,379.5,127.2,-0.0000,69.5,-495.1,-0.0259,-302.5,398.1,0,0.0,0.0,0.0000,14.69,-2.77,-16.59,-1.45
3.1959,3.1947,1.2,0,11.8,-1793.7,2.6243,-37.8,-2337.6,2.6248,378.2,131.3,0.0000,72.3,-494.7,0.0019,-307.5,394.2,0,0.0,0.0,0.0000,14.58,-3.77,-17.29,-1.29
3.2049,3.2034,1.4,0,11.8,-1794.1,2.6297,-34.5,-2336.4,2.6248,375.7,136.2,-0.0000,75.4,-494.3,-0.0197,-307.8,394.0,0,0.0,0.0,0.0000,12.83,-3.23,-16.37,-1.84
3.2121,3.2121,0.1,0,12.1,-1793.9,2.6187,-31.3,-2335.2,2.6248,374.1,140.6,-0.0000,77.6,-493.9,0.0245,-313.9,389.2,0,0.0,0.0,0.0000,11.33,-2.63,-17.99,-2.28
3.2202,3.2201,0.1,0,11.9,-1793.8,2.6291,-28.3,-2334.1,2.6248,373.6,144.3,0.0000,80.5,-493.5,-0.0172,-312.2,390.6,0,0.0,0.0,0.0000,14.27,-2.40,-18.00,-2.20
3.2287,3.2286,0.1,0,11.7,-1794.0,2.6278,-25.1,-2332.8,2.6248,371.9,148.3,-0.0000,83.5,-493.0,-0.0122,-315.0,388.3,0,0.0,0.0,0.0000,14.72,-2.69,-17.23,-2.30
3.2362,3.2286,7.6,0,11.7,-1794.0,2.6278,-25.1,-2332.8,2.6248,371.9,148.3,-0.0000,86.0,-492.5,-0.0122,-317.0,386.7,0,0.0,0.0,0.0000,15.58,-2.22,-16.74,-2.36
3.2446,3.2372,7.4,0,12.2,-1793.8,2.6329,-21.9,-2331.6,2.6248,369.5,151.8,0.0000,88.5,-492.1,-0.0323,-316.9,386.7,0,0.0,0.0,0.0000,15.65,-2.29,-16.60,-2.21
3.2521,3.2461,6.0,0,11.8,-1794.4,2.6177,-18.6,-2330.2,2.6248,367.8,156.6,-0.0000,91.6,-491.5,0.0284,-325.2,379.8,0,0.0,0.0,0.0000,14.75,-2.03,-16.91,-1.95
3.2601,3.2539,6.2,0,11.9,-1794.1,2.6306,-15.8,-2328.9,2.6248,366.6,161.3,0.0000,94.1,-491.1,-0.0232,-322.3,382.3,0,0.0,0.0,0.0000,16.12,-1.61,-17.10,-2.17
3.2681,3.2627,5.4,0,12.1,-1793.4,2.6396,-12.6,-2327.5,2.6248,364.5,165.3,0.0000,96.5,-490.6,-0.0594,-320.6,383.7,0,0.0,0.0,0.0000,15.69,-1.72,-17.61,-2.50
3.2768,3.2708,6.0,0,12.1,-1794.0,2.6327,-9.6,-2326.2,2.6248,362.5,168.7,0.0000,99.7,-490.0,-0.0319,-325.7,379.3,0,0.0,0.0,0.0000,16.21,-1.46,-17.34,-2.35
3.2851,3.2815,3.6,0,12.1,-1794.0,2.6322,-5.7,-2324.3,2.6248,360.2,174.0,-0.0000,102.5,-489.4,-0.0296,-328.2,377.2,0,0.0,0.0,0.0000,16.18,-1.08,-17.20,-2.50
3.2923,3.2868,5.5,0,12.0,-1793.7,2.6201,-3.8,-2323.4,2.6248,359.1,176.6,0.0000,104.7,-488.9,0.0187,-334.4,371.8,0,0.0,0.0,0.0000,16.73,-0.52,-17.04,-2.64
3.3008,3.2960,4.7,0,11.3,-1793.8,2.6325,-0.5,-2321.7,2.6248,356.8,180.7,0.0000,108.1,-488.2,-0.0310,-332.3,373.6,0,0.0,0.0,0.0000,16.39,-0.86,-17.31,-3.12
3.3082,3.3046,3.6,0,11.8,-1793.6,2.6263,2.5,-2320.2,2.6248,354.9,184.5,-0.0000,110.4,-487.7,-0.0059,-336.4,369.9,0,0.0,0.0,0.0000,16.67,-1.36,-17.09,-3.37
3.3167,3.3154,1.2,0,12.2,-1793.9,2.6400,6.3,-2318.1,2.6248,351.5,190.5,0.0000,113.1,-487.0,-0.0611,-333.4,372.6,0,0.0,0.0,0.0000,16.65,-1.29,-16.94,-2.53
3.3241,3.3218,2.4,0,12.2,-1794.1,2.6385,8.6,-2316.9,2.6248,349.8,193.7,0.0000,115.6,-486.4,-0.0547,-335.8,370.4,0,0.0,0.0,0.0000,16.62,-0.66,-15.95,-2.19
3.3327,3.3301,2.6,0,11.7,-1793.7,2.6278,11.5,-2315.3,2.6248,348.0,197.2,-0.0000,118.9,-485.7,-0.0120,-342.2,364.5,0,0.0,0.0,0.0000,16.74,-0.83,-16.36,-2.15
3.3401,3.3387,1.4,0,11.8,-1793.4,2.6203,14.4,-2313.6,2.6248,345.9,201.1,-0.0000,121.2,-485.1,0.0179,-346.7,360.3,0,0.0,0.0,0.0000,17.24,-0.38,-16.46,-2.69
3.3489,3.3387,10.2,0,11.8,-1793.4,2.6203,14.4,-2313.6,2.6248,345.9,201.1,-0.0000,124.2,-484.3,0.0179,-348.9,358.2,0,0.0,0.0,0.0000,16.66,-0.30,-16.81,-3.10
3.3567,3.3554,1.3,0,12.4,-1793.7,2.6240,20.2,-2310.2,2.6248,341.3,208.9,-0.0000,126.3,-483.8,0.0032,-349.1,357.9,0,0.0,0.0,0.0000,15.94,-0.64,-16.95,-3.41
3.3653,3.3639,1.4,0,11.5,-1793.9,2.6301,23.1,-2308.4,2.6248,339.4,212.2,0.0000,130.0,-482.8,-0.0212,-349.7,357.3,0,0.0,0.0,0.0000,16.56,-0.43,-17.07,-3.41
3.3723,3.3722,0.1,0,11.9,-1794.3,2.6285,25.9,-2306.6,2.6248,336.8,215.9,-0.0000,132.2,-482.2,-0.0148,-351.9,355.2,0,0.0,0.0,0.0000,16.75,-0.42,-16.79,-2.85
3.3808,3.3722,8.6,0,11.9,-1794.3,2.6285,25.9,-2306.6,2.6248,336.8,215.9,-0.0000,135.1,-481.4,-0.0148,-354.0,353.1,0,0.0,0.0,0.0000,16.75,-0.15,-16.25,-3.02
3.3892,3.3891,0.1,0,12.3,-1794.1,2.6337,31.5,-2302.9,2.6248,330.8,224.0,-0.0000,137.4,-480.8,-0.0358,-353.8,353.3,0,0.0,0.0,0.0000,16.66,-0.25,-16.91,-2.76
3.3965,3.3891,7.5,0,12.3,-1794.1,2.6337,31.5,-2302.9,2.6248,330.8,224.0,-0.0000,139.8,-480.1,-0.0358,-355.6,351.5,0,0.0,0.0,0.0000,17.57,-0.45,-17.16,-2.43
3.4045,3.3979,6.7,0,11.6,-1793.9,2.6312,34.4,-2300.9,2.6248,329.2,228.0,-0.0000,143.0,-479.1,-0.0258,-358.8,348.2,0,0.0,0.0,0.0000,17.76,0.29,-17.25,-2.99
3.4125,3.4060,6.5,0,12.1,-1793.8,2.6285,37.1,-2299.0,2.6248,326.7,231.3,0.0000,145.1,-478.5,-0.0148,-361.3,345.6,0,0.0,0.0,0.0000,16.68,0.01,-16.32,-3.17
3.4201,3.4163,3.8,0,11.8,-1794.0,2.6235,40.4,-2296.6,2.6248,323.4,235.3,0.0000,148.1,-477.6,0.0050,-365.2,341.6,0,0.0,0.0,0.0000,17.64,-0.13,-16.60,-3.27
3.4284,3.4231,5.3,0,12.0,-1793.8,2.6205,42.6,-2295.0,2.6248,321.2,238.4,-0.0000,150.7,-476.7,0.0172,-368.1,338.4,0,0.0,0.0,0.0000,17.23,0.54,-16.17,-2.83
3.4369,3.4312,5.7,0,12.1,-1794.0,2.6300,45.2,-2293.1,2.6248,318.6,242.3,-0.0000,153.6,-475.8,-0.0209,-366.9,339.7,0,0.0,0.0,0.0000,16.54,-0.03,-16.62,-2.50
3.4443,3.4399,4.4,0,12.2,-1794.1,2.6323,48.0,-2290.9,2.6248,315.6,245.8,0.0000,156.2,-475.0,-0.0300,-367.9,338.6,0,0.0,0.0,0.0000,16.96,0.76,-16.21,-2.84
3.4522,3.4509,1.3,0,12.0,-1794.0,2.6273,51.4,-2288.2,2.6248,311.8,250.5,-0.0000,158.8,-474.1,-0.0102,-371.5,334.7,0,0.0,0.0,0.0000,16.87,-0.06,-17.26,-3.00
3.4610,3.4567,4.3,0,12.2,-1793.9,2.6358,53.2,-2286.8,2.6248,310.1,252.8,-0.0000,161.3,-473.3,-0.0441,-370.4,335.9,0,0.0,0.0,0.0000,17.62,0.98,-16.27,-2.87
3.4680,3.4654,2.6,0,11.6,-1793.5,2.6288,55.9,-2284.5,2.6248,307.4,256.3,-0.0000,164.1,-472.3,-0.0160,-374.7,331.1,0,0.0,0.0,0.0000,17.54,1.07,-13.09,-2.82
3.4768,3.4745,2.3,0,12.0,-1794.1,2.6281,58.7,-2282.2,2.6248,304.0,259.6,-0.0000,166.7,-471.4,-0.0135,-376.7,328.7,0,0.0,0.0,0.0000,16.83,0.72,-12.98,-2.82
3.4844,3.4831,1.3,0,11.6,-1794.0,2.6245,61.3,-2279.9,2.6248,300.8,263.1,-0.0000,169.8,-470.3,0.0012,-380.1,324.9,0,0.0,0.0,0.0000,18.54,1.16,-14.92,-2.52
3.4923,3.4909,1.4,0,12.1,-1794.0,2.6282,63.6,-2277.9,2.6248,297.7,266.8,0.0000,171.9,-469.5,-0.0135,-380.4,324.5,0,0.0,0.0,0.0000,17.85,1.16,-15.31,-2.57
3.5006,3.4993,1.4,0,11.8,-1794.0,2.6305,66.1,-2275.6,2.6248,294.7,270.3,-0.0000,175.2,-468.3,-0.0229,-381.9,322.8,0,0.0,0.0,0.0000,16.92,1.16,-15.30,-2.43
3.5085,3.5073,1.2,0,11.9,-1793.9,2.6273,68.5,-2273.4,2.6248,292.2,273.1,0.0000,177.7,-467.4,-0.0101,-384.6,319.5,0,0.0,0.0,0.0000,18.00,0.76,-16.02,-2.89
3.5160,3.5073,8.8,0,11.9,-1793.9,2.6273,68.5,-2273.4,2.6248,292.2,273.1,0.0000,179.8,-466.6,-0.0101,-386.1,317.7,0,0.0,0.0,0.0000,17.62,0.40,-15.52,-3.09
3.5246,3.5244,0.2,0,12.0,-1793.8,2.6318,73.4,-2268.7,2.6248,286.8,279.2,-0.0000,182.2,-465.6,-0.0280,-386.3,317.5,0,0.0,0.0,0.0000,15.26,1.15,-16.03,-3.30
3.5322,3.5244,7.8,0,12.0,-1793.8,2.6318,73.4,-2268.7,2.6248,286.8,279.2,-0.0000,184.9,-464.5,-0.0280,-388.1,315.2,0,0.0,0.0,0.0000,17.64,0.99,-15.81,-3.26
3.5401,3.5328,7.3,0,12.3,-1794.1,2.6384,75.8,-2266.4,2.6248,283.5,282.6,0.0000,187.4,-463.5,-0.0544,-387.7,315.7,0,0.0,0.0,0.0000,17.84,0.96,-15.75,-3.09
3.5480,3.5411,6.9,0,12.0,-1794.0,2.6292,78.2,-2264.0,2.6248,279.6,286.5,0.0000,190.2,-462.4,-0.0179,-392.5,309.8,0,0.0,0.0,0.0000,17.42,1.16,-16.51,-3.47
3.5568,3.5499,7.0,0,11.8,-1793.5,2.6187,80.6,-2261.5,2.6248,276.0,289.5,-0.0000,193.1,-461.2,0.0245,-397.6,303.2,0,0.0,0.0,0.0000,17.12,1.33,-16.06,-3.69
3.5649,3.5583,6.5,0,11.9,-1793.8,2.6291,82.9,-2259.0,2.6248,272.5,291.9,0.0000,195.7,-460.1,-0.0173,-396.1,305.1,0,0.0,0.0,0.0000,16.20,0.85,-16.27,-4.01
3.5721,3.5667,5.4,0,11.9,-1793.8,2.6273,85.2,-2256.6,2.6248,269.5,295.1,0.0000,198.0,-459.1,-0.0101,-398.2,302.3,0,0.0,0.0,0.0000,16.82,0.20,-16.33,-4.32
3.5801,3.5751,5.0,0,11.8,-1793.3,2.6268,87.4,-2254.1,2.6248,266.4,298.5,-0.0000,200.5,-458.0,-0.0081,-400.1,299.9,0,0.0,0.0,0.0000,15.59,1.04,-16.59,-4.19
3.5882,3.5838,4.3,0,11.5,-1793.9,2.6226,89.7,-2251.4,2.6248,263.4,301.4,0.0000,203.8,-456.6,0.0088,-403.4,295.4,0,0.0,0.0,0.0000,12.49,1.57,-16.21,-4.19
3.5968,3.5923,4.5,0,12.0,-1793.9,2.6315,92.0,-2248.9,2.6248,260.7,304.1,0.0000,206.0,-455.6,-0.0269,-402.2,297.0,0,0.0,0.0,0.0000,14.39,1.58,-17.08,-4.46
3.6047,3.6011,3.6,0,11.9,-1793.9,2.6327,94.2,-2246.2,2.6248,255.8,307.6,-0.0000,208.6,-454.4,-0.0316,-403.6,295.1,0,0.0,0.0,0.0000,15.68,1.05,-16.67,-4.67
3.6128,3.6090,3.8,0,12.0,-1794.2,2.6313,96.2,-2243.8,2.6248,251.8,310.6,0.0000,211.4,-453.1,-0.0259,-405.8,292.1,0,0.0,0.0,0.0000,17.04,1.46,-16.85,-4.84
3.6210,3.6175,3.5,0,11.7,-1793.8,2.6281,98.4,-2241.1,2.6248,249.0,312.9,0.0000,214.2,-451.8,-0.0133,-408.5,288.3,0,0.0,0.0,0.0000,16.89,2.04,-16.51,-5.06
3.6282,3.6255,2.7,0,11.8,-1793.9,2.6259,100.3,-2238.6,2.6248,246.1,315.3,-0.0000,216.3,-450.8,-0.0045,-410.5,285.5,0,0.0,0.0,0.0000,17.60,1.96,-16.66,-4.94
3.6369,3.6343,2.6,0,11.6,-1793.7,2.6230,102.5,-2235.8,2.6248,242.0,318.5,-0.0000,219.1,-449.4,0.0071,-413.1,281.7,0,0.0,0.0,0.0000,17.28,2.22,-17.20,-5.38
3.6440,3.6428,1.2,0,11.9,-1794.3,2.6226,104.5,-2233.1,2.6248,238.4,321.3,0.0000,221.5,-448.3,0.0086,-414.6,279.4,0,0.0,0.0,0.0000,17.07,2.14,-18.45,-5.21
3.6524,3.6512,1.2,0,11.7,-1794.1,2.6231,106.5,-2230.4,2.6248,234.9,323.4,0.0000,224.3,-446.9,0.0066,-416.3,277.0,0,0.0,0.0,0.0000,16.70,2.27,-17.53,-5.29
3.6612,3.6596,1.6,0,11.9,-1794.1,2.6263,108.5,-2227.6,2.6248,231.3,326.0,0.0000,227.1,-445.4,-0.0060,-417.1,275.7,0,0.0,0.0,0.0000,16.54,1.64,-17.21,-5.08
3.6685,3.6684,0.1,0,11.8,-1793.7,2.6300,110.5,-2224.8,2.6248,227.5,329.2,-0.0000,229.4,-444.3,-0.0210,-417.5,275.1,0,0.0,0.0,0.0000,17.87,1.48,-16.19,-5.29
3.6764,3.6763,0.1,0,12.0,-1793.8,2.6221,112.3,-2222.2,2.6248,223.9,331.7,0.0000,231.4,-443.2,0.0106,-420.9,269.9,0,0.0,0.0,0.0000,18.49,0.77,-18.21,-5.84
3.6843,3.6763,8.0,0,12.0,-1793.8,2.6221,112.3,-2222.2,2.6248,223.9,331.7,0.0000,233.8,-442.0,0.0106,-422.3,267.6,0,0.0,0.0,0.0000,18.26,0.67,-18.10,-6.24
3.6928,3.6849,7.9,0,11.8,-1793.9,2.6268,114.2,-2219.3,2.6248,219.8,334.4,0.0000,236.9,-440.3,-0.0081,-423.0,266.6,0,0.0,0.0,0.0000,17.20,1.35,-18.12,-5.79
3.7004,3.6950,5.4,0,11.9,-1793.8,2.6313,116.4,-2215.9,2.6248,215.6,336.9,0.0000,239.2,-439.1,-0.0263,-423.2,266.3,0,0.0,0.0,0.0000,17.23,2.73,-16.40,-5.55
3.7081,3.7016,6.6,0,11.6,-1793.8,2.6310,117.8,-2213.7,2.6248,213.3,338.0,-0.0000,241.9,-437.6,-0.0248,-424.9,263.6,0,0.0,0.0,0.0000,16.16,3.30,-16.99,-5.61
3.7171,3.7103,6.8,0,12.1,-1794.0,2.6200,119.6,-2210.7,2.6248,208.9,340.9,0.0000,244.1,-436.3,0.0190,-429.1,256.7,0,0.0,0.0,0.0000,18.21,3.73,-16.62,-5.66
3.7249,3.7194,5.5,0,12.0,-1793.3,2.6289,121.5,-2207.6,2.6248,203.8,344.4,0.0000,246.4,-435.1,-0.0166,-428.1,258.3,0,0.0,0.0,0.0000,17.94,4.33,-16.35,-6.32
3.7329,3.7272,5.7,0,11.8,-1793.8,2.6291,123.1,-2204.9,2.6248,200.4,346.2,-0.0000,249.6,-433.3,-0.0173,-430.0,255.2,0,0.0,0.0,0.0000,17.74,3.96,-16.37,-6.15
3.7407,3.7358,4.9,0,11.7,-1794.0,2.6323,124.8,-2201.9,2.6248,196.6,348.4,-0.0000,252.2,-431.7,-0.0301,-430.7,253.9,0,0.0,0.0,0.0000,18.07,3.98,-16.26,-6.06
3.7486,3.7443,4.3,0,11.9,-1793.5,2.6254,126.4,-2199.0,2.6248,193.2,350.3,0.0000,254.2,-430.6,-0.0026,-433.6,249.0,0,0.0,0.0,0.0000,18.00,3.91,-16.78,-6.46
3.7561,3.7523,3.8,0,12.0,-1793.9,2.6326,128.0,-2196.1,2.6248,190.2,352.1,-0.0000,256.4,-429.3,-0.0315,-433.0,249.9,0,0.0,0.0,0.0000,18.28,3.74,-16.81,-6.64
3.7647,3.7610,3.7,0,12.1,-1793.8,2.6300,129.6,-2193.1,2.6248,185.2,354.4,0.0000,258.8,-427.8,-0.0211,-435.1,246.3,0,0.0,0.0,0.0000,16.85,3.90,-17.48,-6.89
3.7729,3.7695,3.4,0,11.9,-1794.0,2.6307,131.2,-2190.0,2.6248,180.7,356.5,0.0000,262.0,-425.9,-0.0236,-436.8,243.4,0,0.0,0.0,0.0000,16.59,3.78,-16.87,-7.05
3.7803,3.7777,2.5,0,12.1,-1794.0,2.6264,132.6,-2187.1,2.6248,177.0,358.9,-0.0000,264.3,-424.4,-0.0067,-439.1,239.2,0,0.0,0.0,0.0000,17.95,4.23,-17.23,-7.04
3.7882,3.7865,1.6,0,12.0,-1794.1,2.6259,134.2,-2183.9,2.6248,172.8,361.2,0.0000,266.8,-422.9,-0.0046,-440.6,236.4,0,0.0,0.0,0.0000,19.41,4.86,-16.75,-7.14
3.7970,3.7865,10.5,0,12.0,-1794.1,2.6259,134.2,-2183.9,2.6248,172.8,361.2,0.0000,269.5,-421.2,-0.0046,-442.1,233.5,0,0.0,0.0,0.0000,18.29,4.90,-16.85,-7.00
3.8049,3.8015,3.4,0,11.9,-1794.0,2.6326,136.7,-2178.5,2.6248,165.6,363.7,-0.0000,271.7,-419.7,-0.0314,-441.8,234.1,0,0.0,0.0,0.0000,17.43,4.33,-16.33,-6.76
3.8131,3.8116,1.5,0,12.0,-1794.3,2.6279,138.4,-2174.8,2.6248,161.0,365.9,0.0000,274.1,-418.2,-0.0125,-444.2,229.5,0,0.0,0.0,0.0000,17.60,4.11,-16.74,-7.31
3.8203,3.8202,0.1,0,12.1,-1794.1,2.6245,139.7,-2171.7,2.6248,156.9,367.8,-0.0000,276.3,-416.7,0.0010,-446.2,225.7,0,0.0,0.0,0.0000,17.62,4.38,-18.12,-7.39
3.8287,3.8286,0.1,0,12.0,-1794.0,2.6315,141.0,-2168.6,2.6248,152.8,370.0,-0.0000,279.1,-414.9,-0.0270,-446.1,225.8,0,0.0,0.0,0.0000,17.46,4.51,-17.56,-7.68
3.8361,3.8286,7.5,0,12.0,-1794.0,2.6315,141.0,-2168.6,2.6248,152.8,370.0,-0.0000,281.4,-413.3,-0.0270,-447.4,223.3,0,0.0,0.0,0.0000,18.19,4.32,-17.90,-7.44
3.8444,3.8368,7.6,0,12.0,-1794.5,2.6284,142.3,-2165.5,2.6248,148.5,371.6,0.0000,284.3,-411.3,-0.0145,-449.6,218.7,0,0.0,0.0,0.0000,17.91,4.08,-16.89,-7.74
3.8526,3.8455,7.1,0,11.9,-1793.7,2.6291,143.5,-2162.3,2.6248,143.6,372.8,0.0000,286.0,-410.1,-0.0172,-450.4,217.2,0,0.0,0.0,0.0000,17.52,4.23,-13.09,-8.18
3.8610,3.8545,6.4,0,12.0,-1793.6,2.6287,144.8,-2158.9,2.6248,139.4,374.7,-0.0000,288.3,-408.5,-0.0159,-451.7,214.5,0,0.0,0.0,0.0000,18.28,4.64,-14.89,-8.25
3.8681,3.8622,5.9,0,11.4,-1793.8,2.6230,145.9,-2156.0,2.6248,136.0,376.6,0.0000,291.4,-406.3,0.0070,-454.5,208.5,0,0.0,0.0,0.0000,17.02,4.83,-15.96,-8.51
3.8767,3.8709,5.8,0,11.9,-1793.6,2.6307,147.0,-2152.7,2.6248,131.7,377.9,0.0000,293.2,-405.0,-0.0236,-453.8,209.9,0,0.0,0.0,0.0000,16.86,5.11,-16.26,-8.66
3.8840,3.8796,4.4,0,12.2,-1794.3,2.6306,148.2,-2149.5,2.6248,127.5,379.1,-0.0000,295.7,-403.2,-0.0234,-455.1,207.1,0,0.0,0.0,0.0000,16.98,5.39,-16.35,-8.79
3.8931,3.8875,5.6,0,11.7,-1794.4,2.6291,149.2,-2146.5,2.6248,122.9,380.6,-0.0000,299.1,-400.6,-0.0172,-457.2,202.5,0,0.0,0.0,0.0000,16.35,5.04,-16.68,-8.26
3.9000,3.8962,3.8,0,12.1,-1794.1,2.6316,150.2,-2143.1,2.6248,117.7,382.4,0.0000,300.7,-399.5,-0.0272,-457.4,201.9,0,0.0,0.0,0.0000,15.95,4.92,-17.69,-8.47
3.9080,3.9046,3.4,0,11.6,-1793.8,2.6253,151.2,-2139.9,2.6248,114.0,383.3,0.0000,303.5,-397.4,-0.0019,-460.1,195.7,0,0.0,0.0,0.0000,16.51,5.23,-17.48,-8.42
3.9168,3.9129,3.9,0,11.8,-1794.1,2.6313,152.1,-2136.7,2.6248,110.2,384.4,-0.0000,305.9,-395.5,-0.0261,-460.1,195.8,0,0.0,0.0,0.0000,15.77,5.47,-17.61,-8.81
3.9251,3.9215,3.6,0,11.9,-1793.8,2.6300,153.0,-2133.4,2.6248,105.9,385.7,0.0000,307.9,-394.0,-0.0210,-461.3,192.8,0,0.0,0.0,0.0000,16.15,5.49,-16.04,-9.08
3.9321,3.9298,2.3,0,11.7,-1794.2,2.6293,153.9,-2130.2,2.6248,101.7,387.0,0.0000,310.4,-392.0,-0.0183,-462.7,189.6,0,0.0,0.0,0.0000,17.48,5.86,-15.93,-8.70
3.9409,3.9383,2.6,0,12.3,-1793.9,2.6346,154.7,-2126.9,2.6248,96.8,388.1,0.0000,312.0,-390.7,-0.0392,-462.5,190.0,0,0.0,0.0,0.0000,17.04,6.07,-16.26,-9.03
3.9485,3.9470,1.5,0,11.8,-1794.0,2.6281,155.6,-2123.5,2.6248,92.1,389.2,0.0000,315.1,-388.2,-0.0133,-465.2,183.3,0,0.0,0.0,0.0000,14.64,6.48,-15.61,-9.28
3.9565,3.9552,1.3,0,11.8,-1794.3,2.6263,156.3,-2120.3,2.6248,87.9,390.1,-0.0000,317.9,-385.9,-0.0061,-466.8,179.1,0,0.0,0.0,0.0000,11.70,6.84,-16.56,-9.22
3.9647,3.9635,1.3,0,11.8,-1793.8,2.6293,157.0,-2117.1,2.6248,83.6,391.1,-0.0000,319.7,-384.4,-0.0181,-467.1,178.3,0,0.0,0.0,0.0000,13.76,6.30,-14.91,-8.85
3.9722,3.9721,0.1,0,11.6,-1794.0,2.6228,157.7,-2113.7,2.6248,79.1,392.1,0.0000,322.4,-382.1,0.0078,-469.5,172.0,0,0.0,0.0,0.0000,15.09,6.21,-15.72,-8.24
3.9805,3.9721,8.3,0,11.6,-1794.0,2.6228,157.7,-2113.7,2.6248,79.1,392.1,0.0000,324.8,-380.2,0.0078,-470.5,169.1,0,0.0,0.0,0.0000,16.36,6.52,-15.79,-9.27
3.9886,3.9811,7.6,0,11.9,-1794.3,2.6348,158.4,-2110.2,2.6248,74.6,393.0,-0.0000,327.0,-378.2,-0.0401,-469.5,171.9,0,0.0,0.0,0.0000,16.64,6.68,-15.92,-9.22
3.9970,3.9890,8.0,0,11.5,-1794.1,2.6242,159.0,-2107.1,2.6248,71.1,393.7,-0.0000,329.9,-375.8,0.0025,-472.5,163.4,0,0.0,0.0,0.0000,16.59,7.18,-16.20,-9.10
4.0047,3.9974,7.2,0,12.1,-1794.0,2.6351,159.6,-2103.8,2.6248,66.5,394.6,-0.0000,331.4,-374.4,-0.0413,-471.4,166.7,0,0.0,0.0,0.0000,16.36,6.97,-16.46,-8.67
4.0124,4.0060,6.4,0,11.7,-1794.4,2.6306,160.1,-2100.4,2.6248,61.3,395.6,-0.0000,334.5,-371.6,-0.0231,-473.5,160.5,0,0.0,0.0,0.0000,15.69,7.16,-15.50,-6.71
4.0201,4.0145,5.6,0,12.2,-1794.5,2.6335,160.6,-2097.0,2.6248,56.8,395.9,0.0000,336.2,-370.1,-0.0348,-473.8,159.7,0,0.0,0.0,0.0000,16.04,6.87,-14.52,-4.55
4.0287,4.0228,5.9,0,12.1,-1793.5,2.6294,161.1,-2093.7,2.6248,52.5,395.9,-0.0000,337.6,-368.8,-0.0184,-475.0,156.0,0,0.0,0.0,0.0000,16.74,8.28,-15.57,-7.99
4.0370,4.0316,5.4,0,12.0,-1794.2,2.6324,161.5,-2090.3,2.6248,47.9,396.9,0.0000,340.8,-365.8,-0.0306,-475.9,153.3,0,0.0,0.0,0.0000,16.81,8.85,-14.85,-9.14
4.0443,4.0396,4.7,0,11.8,-1794.6,2.6326,161.9,-2087.1,2.6248,43.8,398.1,-0.0000,343.7,-363.2,-0.0311,-477.1,149.6,0,0.0,0.0,0.0000,16.43,9.27,-14.73,-9.70
4.0532,4.0505,2.7,0,12.3,-1793.8,2.6301,162.3,-2082.7,2.6248,38.1,398.2,0.0000,344.6,-362.3,-0.0214,-477.8,147.2,0,0.0,0.0,0.0000,15.87,8.88,-14.49,-9.33
4.0603,4.0566,3.6,0,12.1,-1793.1,2.6417,162.5,-2080.3,2.6248,34.9,398.4,0.0000,346.4,-360.5,-0.0678,-476.9,150.4,0,0.0,0.0,0.0000,14.61,8.43,-14.94,-10.65
4.0684,4.0651,3.3,0,11.8,-1794.2,2.6329,162.8,-2076.9,2.6248,30.0,398.9,-0.0000,350.7,-356.3,-0.0326,-479.9,140.4,0,0.0,0.0,0.0000,18.79,7.58,-15.34,-10.31
4.0769,4.0736,3.4,0,11.8,-1793.7,2.6240,163.0,-2073.5,2.6248,25.3,399.3,0.0000,352.4,-354.7,0.0033,-481.8,133.8,0,0.0,0.0,0.0000,17.70,7.84,-15.10,-10.61
4.0842,4.0841,0.1,0,11.9,-1794.1,2.6307,163.3,-2069.3,2.6248,20.5,399.1,0.0000,354.8,-352.3,-0.0238,-481.7,133.9,0,0.0,0.0,0.0000,16.24,7.58,-15.32,-9.81
4.0921,4.0905,1.5,0,11.8,-1794.1,2.6260,163.4,-2066.8,2.6248,17.2,399.3,0.0000,356.8,-350.2,-0.0051,-483.1,128.8,0,0.0,0.0,0.0000,16.66,7.53,-14.80,-9.43
4.1005,4.0992,1.3,0,12.2,-1793.2,2.6298,163.5,-2063.3,2.6248,12.2,399.9,-0.0000,357.7,-349.4,-0.0200,-483.0,129.4,0,0.0,0.0,0.0000,16.02,7.05,-14.14,-9.66
4.1084,4.1083,0.1,0,12.1,-1794.0,2.6312,163.6,-2059.7,2.6248,7.2,400.1,-0.0000,361.0,-346.0,-0.0257,-484.0,125.5,0,0.0,0.0,0.0000,16.06,7.02,-14.35,-9.75
4.1164,4.1083,8.1,0,12.1,-1794.0,2.6312,163.6,-2059.7,2.6248,7.2,400.1,-0.0000,363.3,-343.6,-0.0257,-484.8,122.3,0,0.0,0.0,0.0000,16.06,7.45,-15.18,-10.64
4.1241,4.1180,6.0,0,11.7,-1794.5,2.6240,163.7,-2055.8,2.6248,1.9,399.9,-0.0000,367.0,-339.6,0.0029,-486.9,113.5,0,0.0,0.0,0.0000,14.82,7.90,-15.96,-10.22
4.1321,4.1244,7.7,0,12.5,-1793.9,2.6349,163.7,-2053.2,2.6248,-1.5,399.9,0.0000,367.8,-338.7,-0.0406,-486.0,117.7,0,0.0,0.0,0.0000,16.09,10.22,-14.90,-10.01
4.1403,4.1327,7.6,0,11.9,-1794.2,2.6285,163.6,-2049.9,2.6248,-6.2,399.8,0.0000,370.8,-335.4,-0.0151,-487.7,110.2,0,0.0,0.0,0.0000,16.16,7.62,-14.07,-9.88
4.1488,4.1412,7.6,0,11.8,-1794.4,2.6220,163.6,-2046.5,2.6248,-10.5,399.9,-0.0000,373.5,-332.4,0.0110,-489.3,103.0,0,0.0,0.0,0.0000,16.35,7.25,-14.54,-10.57
4.1561,4.1527,3.4,0,11.9,-1794.2,2.6259,163.4,-2041.9,2.6248,-16.0,400.1,-0.0000,375.1,-330.6,-0.0045,-489.4,102.6,0,0.0,0.0,0.0000,17.46,8.25,-14.87,-11.24
4.1645,4.1580,6.5,0,12.1,-1794.1,2.6294,163.3,-2039.8,2.6248,-18.8,399.7,0.0000,377.1,-328.3,-0.0187,-489.6,101.3,0,0.0,0.0,0.0000,15.51,8.64,-14.83,-10.42
4.1721,4.1665,5.6,0,12.1,-1794.0,2.6248,163.1,-2036.4,2.6248,-23.1,399.0,0.0000,379.4,-325.7,-0.0001,-490.8,95.7,0,0.0,0.0,0.0000,14.82,7.61,-15.14,-10.36
4.1804,4.1750,5.4,0,12.0,-1793.8,2.6287,162.9,-2033.0,2.6248,-28.2,398.8,-0.0000,376.4,-318.5,-0.0156,-484.3,92.8,0,0.0,0.0,0.0000,14.78,6.78,-14.08,-10.39
4.1889,4.1850,3.9,0,12.0,-1793.5,2.6325,162.6,-2029.0,2.6248,-34.3,398.7,0.0000,371.3,-309.5,-0.0310,-475.0,89.3,0,0.0,0.0,0.0000,15.44,8.20,-14.33,-10.72
4.1969,4.1916,5.3,0,12.1,-1793.9,2.6288,162.4,-2026.4,2.6248,-37.7,398.3,0.0000,365.8,-299.4,-0.0161,-465.6,81.4,0,0.0,0.0,0.0000,15.64,9.35,-15.26,-11.41
4.2042,4.2001,4.1,0,12.0,-1794.4,2.6190,162.0,-2023.0,2.6248,-42.3,397.7,0.0000,361.0,-290.7,0.0231,-457.9,71.7,0,0.0,0.0,0.0000,14.25,9.26,-15.22,-12.00
4.2131,4.2083,4.8,0,11.8,-1794.1,2.6290,161.7,-2019.7,2.6248,-45.7,397.2,-0.0000,355.3,-282.7,-0.0167,-448.3,72.0,0,0.0,0.0,0.0000,14.34,9.34,-16.31,-11.25
4.2204,4.2180,2.3,0,12.2,-1793.8,2.6242,161.2,-2015.9,2.6248,-49.9,396.6,-0.0000,349.5,-275.4,0.0024,-440.0,66.5,0,0.0,0.0,0.0000,14.79,8.89,-17.74,-10.92
4.2280,4.2258,2.2,0,11.7,-1793.2,2.6271,160.8,-2012.8,2.6248,-55.3,396.3,0.0000,345.8,-269.0,-0.0094,-433.4,64.0,0,0.0,0.0,0.0000,14.79,8.55,-15.15,-10.83
4.2369,4.2342,2.7,0,11.8,-1794.2,2.6216,160.3,-2009.4,2.6248,-60.4,395.7,-0.0000,339.9,-256.8,0.0128,-422.6,54.0,0,0.0,0.0,0.0000,14.85,8.60,-13.89,-10.98
4.2440,4.2427,1.2,0,12.0,-1794.1,2.6277,159.8,-2006.1,2.6248,-64.5,394.6,0.0000,334.3,-249.6,-0.0117,-413.8,53.0,0,0.0,0.0,0.0000,13.99,10.05,-12.85,-10.96
4.2524,4.2523,0.1,0,12.1,-1794.5,2.6301,159.1,-2002.3,2.6248,-69.4,393.6,-0.0000,327.8,-239.7,-0.0212,-403.2,48.6,0,0.0,0.0,0.0000,13.84,10.57,-12.43,-11.69
4.2609,4.2595,1.4,0,11.5,-1794.0,2.6276,158.6,-1999.5,2.6248,-72.8,393.1,0.0000,323.2,-232.4,-0.0111,-395.7,43.5,0,0.0,0.0,0.0000,14.51,10.25,-11.43,-11.72
4.2680,4.2679,0.1,0,12.0,-1793.4,2.6336,158.0,-1996.2,2.6248,-77.1,392.5,-0.0000,316.6,-226.8,-0.0352,-387.0,44.2,0,0.0,0.0,0.0000,13.16,10.34,-7.34,-11.26
4.2767,4.2679,8.8,0,12.0,-1793.4,2.6336,158.0,-1996.2,2.6248,-77.1,392.5,-0.0000,310.2,-218.0,-0.0352,-377.1,39.6,0,0.0,0.0,0.0000,12.16,9.30,-8.92,-11.03
4.2847,4.2778,6.9,0,11.6,-1794.3,2.6213,157.2,-1992.3,2.6248,-82.3,392.3,-0.0000,305.1,-207.8,0.0141,-368.1,28.6,0,0.0,0.0,0.0000,13.40,9.59,-10.14,-11.40
4.2922,4.2856,6.6,0,11.9,-1794.0,2.6334,156.6,-1989.2,2.6248,-86.6,391.0,0.0000,298.4,-201.4,-0.0345,-358.7,30.7,0,0.0,0.0,0.0000,14.36,9.93,-10.89,-11.95
4.3007,4.2951,5.6,0,12.0,-1794.2,2.6333,155.7,-1985.5,2.6248,-92.0,388.9,0.0000,292.0,-191.8,-0.0342,-348.4,25.4,0,0.0,0.0,0.0000,12.19,10.06,-11.38,-11.85
4.3086,4.3031,5.4,0,12.1,-1794.0,2.6295,155.0,-1982.4,2.6248,-96.1,388.1,-0.0000,285.5,-184.2,-0.0190,-339.1,20.7,0,0.0,0.0,0.0000,12.01,9.97,-11.27,-12.11
4.3167,4.3109,5.9,0,11.9,-1794.0,2.6263,154.2,-1979.4,2.6248,-100.1,387.3,0.0000,278.9,-176.9,-0.0061,-329.9,16.5,0,0.0,0.0,0.0000,9.24,9.82,-10.33,-11.52
4.3249,4.3206,4.3,0,11.5,-1793.4,2.6245,153.2,-1975.7,2.6248,-104.7,386.0,-0.0000,273.4,-171.2,0.0011,-322.3,13.7,0,0.0,0.0,0.0000,12.62,9.64,-10.12,-10.30
4.3328,4.3271,5.7,0,12.2,-1794.0,2.6285,152.5,-1973.2,2.6248,-107.7,385.2,-0.0000,265.2,-161.8,-0.0150,-310.5,10.8,0,0.0,0.0,0.0000,12.73,9.93,-9.68,-12.00
4.3403,4.3358,4.5,0,12.0,-1793.8,2.6282,151.6,-1969.8,2.6248,-112.4,383.9,0.0000,259.8,-154.9,-0.0138,-302.4,7.3,0,0.0,0.0,0.0000,11.09,10.49,-10.04,-11.69
4.3488,4.3444,4.4,0,11.5,-1794.0,2.6286,150.6,-1966.5,2.6248,-117.1,382.7,0.0000,254.2,-146.5,-0.0153,-293.4,2.9,0,0.0,0.0,0.0000,11.35,10.16,-9.43,-10.99
4.3565,4.3529,3.6,0,11.8,-1794.2,2.6285,149.6,-1963.3,2.6248,-121.2,381.2,0.0000,246.6,-138.9,-0.0149,-283.0,-0.1,0,0.0,0.0,0.0000,10.87,9.47,-8.89,-10.60
4.3649,4.3610,3.9,0,11.9,-1794.2,2.6248,148.5,-1960.2,2.6248,-125.3,379.9,-0.0000,239.3,-131.1,-0.0003,-272.8,-4.2,0,0.0,0.0,0.0000,10.89,8.96,-9.04,-10.27
4.3729,4.3695,3.4,0,12.3,-1793.6,2.6313,147.5,-1957.0,2.6248,-129.7,378.1,-0.0000,230.9,-125.4,-0.0262,-262.8,-3.3,0,0.0,0.0,0.0000,10.04,9.32,-8.99,-10.35
4.3800,4.3776,2.5,0,12.1,-1793.9,2.6315,146.4,-1953.9,2.6248,-133.9,376.5,0.0000,225.0,-118.7,-0.0270,-254.3,-6.3,0,0.0,0.0,0.0000,10.13,8.64,-8.47,-10.26
4.3881,4.3864,1.7,0,11.9,-1794.5,2.6224,145.2,-1950.6,2.6248,-137.9,375.6,0.0000,218.1,-109.8,0.0096,-243.9,-12.9,0,0.0,0.0,0.0000,6.76,9.14,-8.60,-10.00
4.3966,4.3950,1.5,0,11.8,-1794.1,2.6256,144.0,-1947.4,2.6248,-142.2,374.3,0.0000,211.3,-103.3,-0.0031,-234.7,-14.4,0,0.0,0.0,0.0000,6.34,9.13,-8.43,-9.20
4.4041,4.4029,1.2,0,11.9,-1793.9,2.6363,142.9,-1944.4,2.6248,-146.7,372.1,-0.0000,204.3,-97.3,-0.0462,-225.8,-13.8,0,0.0,0.0,0.0000,8.29,8.39,-8.32,-9.06
4.4121,4.4118,0.3,0,11.9,-1793.9,2.6267,141.5,-1941.1,2.6248,-151.3,370.2,-0.0000,197.5,-89.8,-0.0078,-216.2,-19.1,0,0.0,0.0,0.0000,9.07,8.06,-8.31,-9.13
4.4202,4.4201,0.1,0,12.0,-1794.1,2.6321,140.3,-1938.1,2.6248,-154.9,368.8,0.0000,189.9,-81.9,-0.0294,-205.8,-21.2,0,0.0,0.0,0.0000,8.92,7.80,-7.95,-9.01
4.4286,4.4273,1.3,0,11.8,-1794.0,2.6270,139.1,-1935.4,2.6248,-158.3,367.4,0.0000,181.7,-76.1,-0.0089,-195.6,-23.2,0,0.0,0.0,0.0000,8.17,7.77,-7.75,-8.88
4.4364,4.4273,9.1,0,11.8,-1794.0,2.6270,139.1,-1935.4,2.6248,-158.3,367.4,0.0000,173.8,-70.1,-0.0089,-185.7,-24.5,0,0.0,0.0,0.0000,8.58,7.39,-6.74,-8.71
4.4449,4.4449,0.1,0,12.2,-1793.9,2.6299,136.3,-1929.0,2.6248,-166.9,363.4,0.0000,164.7,-63.5,-0.0205,-174.7,-25.3,0,0.0,0.0,0.0000,8.30,7.01,-6.52,-8.29
4.4525,4.4449,7.6,0,12.2,-1793.9,2.6299,136.3,-1929.0,2.6248,-166.9,363.4,0.0000,157.6,-57.4,-0.0205,-165.6,-27.1,0,0.0,0.0,0.0000,7.68,6.51,-6.37,-8.39
4.4600,4.4542,5.8,0,12.2,-1794.0,2.6331,134.7,-1925.6,2.6248,-171.3,361.5,0.0000,150.7,-50.7,-0.0333,-156.4,-29.1,0,0.0,0.0,0.0000,7.43,5.99,-6.20,-7.52
4.4687,4.4623,6.4,0,12.2,-1793.9,2.6316,133.3,-1922.7,2.6248,-175.4,359.4,-0.0000,142.6,-44.0,-0.0272,-145.9,-31.2,0,0.0,0.0,0.0000,6.63,6.19,-5.73,-7.05
4.4762,4.4705,5.7,0,11.8,-1794.3,2.6280,131.8,-1919.8,2.6248,-179.7,357.3,-0.0000,136.1,-36.8,-0.0127,-136.6,-34.9,0,0.0,0.0,0.0000,6.50,5.49,-4.92,-6.60
4.4848,4.4791,5.6,0,12.4,-1793.7,2.6303,130.3,-1916.7,2.6248,-183.6,355.2,-0.0000,125.6,-31.6,-0.0220,-125.0,-33.9,0,0.0,0.0,0.0000,5.69,5.65,-4.53,-6.53
4.4924,4.4880,4.4,0,11.7,-1793.6,2.6255,128.6,-1913.5,2.6248,-187.5,353.1,0.0000,119.8,-26.5,-0.0029,-117.3,-36.1,0,0.0,0.0,0.0000,4.86,5.39,-4.17,-6.06
4.5007,4.4961,4.7,0,12.1,-1793.6,2.6310,127.1,-1910.7,2.6248,-191.0,351.5,-0.0000,110.1,-20.5,-0.0250,-106.1,-36.0,0,0.0,0.0,0.0000,5.59,4.92,-3.93,-5.86
4.5081,4.5046,3.6,0,11.5,-1793.7,2.6187,125.5,-1907.7,2.6248,-194.4,349.9,-0.0000,104.7,-14.9,0.0242,-98.1,-39.4,0,0.0,0.0,0.0000,4.77,4.75,-3.55,-5.39
4.5165,4.5142,2.3,0,11.7,-1793.4,2.6273,123.6,-1904.4,2.6248,-200.1,346.6,0.0000,95.7,-9.4,-0.0100,-88.0,-38.9,0,0.0,0.0,0.0000,4.14,4.53,-3.33,-5.14
4.5241,4.5218,2.3,0,12.3,-1793.8,2.6311,122.0,-1901.7,2.6248,-204.1,344.1,0.0000,85.9,-2.7,-0.0253,-76.2,-39.6,0,0.0,0.0,0.0000,3.70,4.36,-3.71,-5.00
4.5327,4.5302,2.6,0,11.9,-1794.2,2.6289,120.3,-1898.9,2.6248,-207.5,341.7,-0.0000,77.9,4.9,-0.0166,-65.5,-42.5,0,0.0,0.0,0.0000,3.24,4.33,-2.09,-4.08
4.5407,4.5384,2.3,0,12.2,-1793.5,2.6355,118.6,-1896.0,2.6248,-211.1,339.4,0.0000,68.4,7.8,-0.0428,-56.0,-39.9,0,0.0,0.0,0.0000,3.41,3.23,-1.95,-4.11
4.5489,4.5465,2.4,0,12.3,-1793.9,2.6271,116.9,-1893.3,2.6248,-214.3,337.4,-0.0000,59.4,14.2,-0.0094,-44.7,-41.6,0,0.0,0.0,0.0000,2.57,3.52,-1.80,-3.72
4.5570,4.5552,1.8,0,11.7,-1793.9,2.6263,115.0,-1890.4,2.6248,-218.1,335.1,-0.0000,53.1,19.8,-0.0060,-36.5,-43.4,0,0.0,0.0,0.0000,2.10,2.92,-1.28,-3.28
4.5641,4.5640,0.1,0,11.9,-1794.2,2.6291,113.0,-1887.4,2.6248,-222.3,332.8,-0.0000,45.3,25.3,-0.0173,-27.1,-44.3,0,0.0,0.0,0.0000,1.51,3.19,-1.04,-3.12
4.5721,4.5720,0.1,0,11.8,-1793.5,2.6250,111.3,-1884.8,2.6248,-226.0,330.4,-0.0000,36.6,28.5,-0.0010,-17.8,-42.8,0,0.0,0.0,0.0000,1.10,3.06,-0.71,-2.66
4.5810,4.5720,9.0,0,11.8,-1793.5,2.6250,111.3,-1884.8,2.6248,-226.0,330.4,-0.0000,26.8,34.2,-0.0010,-6.4,-43.0,0,0.0,0.0,0.0000,0.36,2.07,-0.73,-2.20
4.5893,4.5892,0.1,0,12.1,-1794.1,2.6312,107.3,-1879.2,2.6248,-233.6,324.7,0.0000,17.0,41.7,-0.0258,5.6,-44.7,0,0.0,0.0,0.0000,-0.41,1.73,0.29,-2.10
4.5960,4.5892,6.8,0,12.1,-1794.1,2.6312,107.3,-1879.2,2.6248,-233.6,324.7,0.0000,9.6,46.1,-0.0258,14.2,-44.9,0,0.0,0.0,0.0000,-0.26,1.26,0.75,-1.57
4.6048,4.5973,7.5,0,12.0,-1794.4,2.6314,105.4,-1876.5,2.6248,-236.7,322.2,0.0000,-0.5,51.5,-0.0264,25.6,-44.7,0,0.0,0.0,0.0000,-0.83,1.47,0.31,-0.64
4.6130,4.6062,6.7,0,11.7,-1793.7,2.6177,103.3,-1873.7,2.6248,-240.5,319.6,-0.0000,-9.0,53.5,0.0282,34.6,-41.8,0,0.0,0.0,0.0000,-0.78,0.97,1.10,-0.39
4.6204,4.6181,2.3,0,12.2,-1794.2,2.6254,100.4,-1869.9,2.6248,-245.8,316.2,0.0000,-18.1,59.5,-0.0024,45.1,-42.8,0,0.0,0.0,0.0000,-1.07,0.80,1.93,-0.14
4.6291,4.6226,6.6,0,11.8,-1794.2,2.6309,99.3,-1868.5,2.6248,-247.7,314.3,-0.0000,-25.1,63.6,-0.0247,53.0,-43.2,0,0.0,0.0,0.0000,-1.66,0.48,1.54,0.27
4.6365,4.6316,4.9,0,12.2,-1794.3,2.6300,97.0,-1865.7,2.6248,-251.9,310.7,0.0000,-28.5,62.7,-0.0209,55.6,-40.7,0,0.0,0.0,0.0000,-1.49,0.00,1.81,0.76
4.6442,4.6398,4.4,0,12.1,-1793.9,2.6314,94.9,-1863.1,2.6248,-254.8,308.1,-0.0000,-31.7,61.5,-0.0265,57.7,-38.2,0,0.0,0.0,0.0000,-1.24,-0.50,2.04,0.97
4.6522,4.6482,4.0,0,11.6,-1794.0,2.6277,92.8,-1860.6,2.6248,-257.7,305.3,0.0000,-33.4,60.1,-0.0115,58.6,-36.0,0,0.0,0.0,0.0000,-2.41,-0.74,2.45,1.41
4.6602,4.6566,3.5,0,12.0,-1794.1,2.6302,90.6,-1858.0,2.6248,-261.4,302.4,0.0000,-37.9,59.1,-0.0219,61.9,-33.0,0,0.0,0.0,0.0000,-3.36,-1.33,2.61,1.66
4.6685,4.6651,3.4,0,12.2,-1794.3,2.6304,88.4,-1855.5,2.6248,-265.0,299.4,-0.0000,-41.2,59.5,-0.0224,65.1,-31.7,0,0.0,0.0,0.0000,-2.60,-0.96,2.55,1.51
4.6770,4.6734,3.7,0,11.6,-1794.0,2.6306,86.2,-1853.0,2.6248,-268.2,297.1,-0.0000,-42.5,58.0,-0.0232,65.4,-29.8,0,0.0,0.0,0.0000,-2.87,-1.13,2.83,2.16
4.6849,4.6822,2.7,0,11.8,-1793.4,2.6223,83.8,-1850.4,2.6248,-271.8,294.2,-0.0000,-45.8,55.1,0.0097,67.1,-25.2,0,0.0,0.0,0.0000,-2.63,-1.63,2.87,2.28
4.6927,4.6904,2.3,0,11.6,-1794.0,2.6217,81.5,-1848.0,2.6248,-275.7,290.4,0.0000,-48.0,56.2,0.0121,69.6,-24.9,0,0.0,0.0,0.0000,-3.44,-1.45,3.12,2.59
4.7001,4.6972,2.9,0,11.9,-1794.2,2.6255,79.6,-1846.0,2.6248,-278.5,287.5,-0.0000,-50.5,56.9,-0.0031,72.0,-24.6,0,0.0,0.0,0.0000,-4.44,-1.96,3.11,2.71
4.7088,4.7056,3.2,0,11.9,-1793.7,2.6224,77.3,-1843.6,2.6248,-280.9,284.4,-0.0000,-52.6,55.2,0.0094,73.1,-21.8,0,0.0,0.0,0.0000,-3.82,-2.61,3.06,2.82
4.7167,4.7056,11.0,0,11.9,-1793.7,2.6224,77.3,-1843.6,2.6248,-280.9,284.4,-0.0000,-55.0,54.5,0.0094,74.8,-20.1,0,0.0,0.0,0.0000,-3.64,-2.24,3.50,3.05
4.7240,4.7225,1.5,0,11.7,-1794.0,2.6278,72.5,-1838.9,2.6248,-279.0,271.5,0.0000,-56.4,54.7,-0.0121,76.0,-19.9,0,0.0,0.0,0.0000,-3.85,-2.56,3.48,3.09
4.7323,4.7310,1.3,0,12.2,-1793.4,2.6248,70.2,-1836.6,2.6248,-276.3,263.3,0.0000,-59.7,52.8,0.0000,78.0,-16.4,0,0.0,0.0,0.0000,-3.94,-2.67,3.70,3.12
4.7400,4.7310,9.0,0,12.2,-1793.4,2.6248,70.2,-1836.6,2.6248,-276.3,263.3,0.0000,-61.4,52.3,0.0000,79.2,-15.1,0,0.0,0.0,0.0000,-4.41,-2.68,3.52,3.54
4.7481,4.7394,8.7,0,12.2,-1794.1,2.6379,67.9,-1834.4,2.6248,-273.0,253.6,-0.0000,-62.8,53.8,-0.0527,80.9,-16.9,0,0.0,0.0,0.0000,-4.48,-2.56,3.97,3.61
4.7560,4.7479,8.2,0,11.7,-1793.4,2.6213,65.6,-1832.3,2.6248,-269.6,245.0,0.0000,-62.2,51.1,0.0140,79.4,-13.4,0,0.0,0.0,0.0000,-4.78,-3.04,3.21,3.14
4.7646,4.7564,8.2,0,11.8,-1793.7,2.6188,63.3,-1830.3,2.6248,-265.8,237.1,-0.0000,-64.1,50.9,0.0240,81.0,-12.1,0,0.0,0.0,0.0000,-5.07,-2.89,3.65,3.37
4.7727,4.7648,7.9,0,12.0,-1793.7,2.6291,61.1,-1828.3,2.6248,-261.9,228.8,-0.0000,-66.2,49.8,-0.0173,82.1,-11.0,0,0.0,0.0,0.0000,-4.96,-2.63,3.67,3.47
4.7806,4.7732,7.4,0,12.0,-1793.9,2.6304,58.9,-1826.4,2.6248,-258.2,220.1,-0.0000,-66.3,50.2,-0.0224,82.4,-11.3,0,0.0,0.0,0.0000,-4.86,-2.94,3.53,3.24
4.7881,4.7817,6.4,0,12.0,-1794.1,2.6240,56.7,-1824.6,2.6248,-253.4,212.5,0.0000,-66.5,50.2,0.0033,82.6,-10.7,0,0.0,0.0,0.0000,-4.94,-2.73,4.29,3.44
4.7961,4.7901,6.0,0,12.1,-1793.8,2.6231,54.6,-1822.8,2.6248,-248.3,205.5,-0.0000,-66.6,47.9,0.0069,81.6,-8.6,0,0.0,0.0,0.0000,-4.79,-2.81,4.23,3.77
4.8048,4.7986,6.3,0,11.8,-1794.0,2.6257,52.5,-1821.1,2.6248,-243.5,197.9,0.0000,-65.7,47.4,-0.0037,80.6,-8.8,0,0.0,0.0,0.0000,-4.98,-2.73,3.93,3.28
4.8123,4.8070,5.3,0,12.3,-1794.1,2.6329,50.5,-1819.5,2.6248,-238.8,190.0,0.0000,-67.1,47.7,-0.0323,81.9,-9.0,0,0.0,0.0,0.0000,-4.77,-2.42,4.25,3.22
4.8209,4.8070,13.9,0,12.3,-1794.1,2.6329,50.5,-1819.5,2.6248,-238.8,190.0,0.0000,-66.9,46.9,-0.0323,81.3,-8.3,0,0.0,0.0,0.0000,-4.73,-1.85,3.99,3.55
4.8289,4.8239,5.0,0,12.0,-1793.6,2.6287,46.5,-1816.4,2.6248,-228.7,176.0,-0.0000,-65.7,42.9,-0.0156,78.3,-5.2,0,0.0,0.0,0.0000,-4.46,-2.40,3.96,3.34
4.8365,4.8324,4.1,0,12.0,-1793.9,2.6200,44.6,-1814.9,2.6248,-223.0,169.0,0.0000,-64.9,42.2,0.0192,77.3,-4.3,0,0.0,0.0,0.0000,-4.29,-2.18,4.07,3.22
4.8442,4.8408,3.3,0,12.0,-1793.5,2.6272,42.8,-1813.5,2.6248,-217.5,162.0,0.0000,-63.9,40.9,-0.0099,75.8,-4.1,0,0.0,0.0,0.0000,-4.42,-2.08,4.07,3.20
4.8526,4.8408,11.8,0,12.0,-1793.5,2.6272,42.8,-1813.5,2.6248,-217.5,162.0,0.0000,-62.7,39.9,-0.0099,74.2,-3.9,0,0.0,0.0,0.0000,-4.78,-1.68,3.68,3.31
4.8600,4.8579,2.1,0,12.3,-1793.5,2.6378,39.1,-1810.9,2.6248,-207.0,148.3,0.0000,-62.1,38.1,-0.0521,72.8,-3.4,0,0.0,0.0,0.0000,-3.95,-1.72,3.85,3.34
4.8680,4.8662,1.8,0,12.1,-1793.9,2.6300,37.4,-1809.7,2.6248,-200.9,142.6,0.0000,-59.8,37.7,-0.0210,70.6,-3.6,0,0.0,0.0,0.0000,-2.71,-2.53,3.64,2.79
4.8764,4.8746,1.8,0,12.1,-1794.0,2.6318,35.8,-1808.5,2.6248,-194.8,136.5,-0.0000,-58.4,36.8,-0.0281,68.9,-3.6,0,0.0,0.0,0.0000,-1.37,-1.76,3.74,2.42
4.8841,4.8746,9.5,0,12.1,-1794.0,2.6318,35.8,-1808.5,2.6248,-194.8,136.5,-0.0000,-56.7,35.4,-0.0281,66.7,-3.2,0,0.0,0.0,0.0000,-0.50,-1.45,3.92,2.87
4.8930,4.8831,9.9,0,11.8,-1793.9,2.6263,34.2,-1807.4,2.6248,-188.3,130.0,0.0000,-53.2,32.9,-0.0059,62.5,-2.4,0,0.0,0.0,0.0000,-3.30,-2.43,3.46,2.33
4.9007,4.8916,9.1,0,12.0,-1794.1,2.6364,32.6,-1806.3,2.6248,-182.1,124.0,-0.0000,-51.7,31.8,-0.0467,60.6,-2.8,0,0.0,0.0,0.0000,-3.92,-1.98,3.64,2.43
4.9081,4.9000,8.1,0,12.1,-1794.3,2.6334,31.1,-1805.3,2.6248,-176.2,119.2,0.0000,-49.5,31.7,-0.0343,58.7,-3.6,0,0.0,0.0,0.0000,-4.44,-2.85,3.04,2.34
4.9167,4.9084,8.3,0,12.2,-1793.9,2.6303,29.6,-1804.3,2.6248,-170.0,113.4,-0.0000,-46.8,29.1,-0.0223,55.0,-2.5,0,0.0,0.0,0.0000,-3.62,-1.69,2.87,1.99
4.9242,4.9084,15.8,0,12.2,-1793.9,2.6303,29.6,-1804.3,2.6248,-170.0,113.4,-0.0000,-44.3,26.5,-0.0223,51.6,-1.4,0,0.0,0.0,0.0000,-3.36,-1.61,2.62,2.16
4.9323,4.9258,6.5,0,12.1,-1793.6,2.6261,26.8,-1802.4,2.6248,-156.7,100.9,0.0000,-41.0,23.1,-0.0052,47.0,0.1,0,0.0,0.0,0.0000,-3.08,-1.43,2.61,2.11
4.9400,4.9338,6.2,0,11.8,-1793.7,2.6283,25.5,-1801.7,2.6248,-150.4,96.7,0.0000,-36.7,21.7,-0.0143,42.7,-0.9,0,0.0,0.0,0.0000,-3.24,-1.54,2.36,2.11
4.9485,4.9423,6.2,0,12.4,-1793.6,2.6287,24.3,-1800.9,2.6248,-143.6,91.3,0.0000,-34.8,19.2,-0.0159,39.8,0.3,0,0.0,0.0,0.0000,-3.53,-1.41,2.07,1.66
4.9562,4.9509,5.3,0,12.1,-1794.2,2.6223,23.1,-1800.1,2.6248,-136.5,85.6,0.0000,-30.6,19.4,0.0099,36.2,-1.7,0,0.0,0.0,0.0000,-2.79,-1.43,2.20,1.56
4.9643,4.9592,5.2,0,11.7,-1793.7,2.6269,22.0,-1799.4,2.6248,-130.0,80.8,0.0000,-25.6,16.0,-0.0085,30.2,-1.3,0,0.0,0.0,0.0000,-3.46,-1.71,1.75,1.30
4.9728,4.9676,5.2,0,11.9,-1793.9,2.6336,20.9,-1798.7,2.6248,-123.4,76.0,-0.0000,-22.6,13.8,-0.0355,26.5,-1.1,0,0.0,0.0,0.0000,-2.62,-1.72,1.16,1.17
4.9803,4.9760,4.2,0,11.9,-1794.1,2.6258,19.9,-1798.1,2.6248,-116.4,70.8,-0.0000,-18.9,12.2,-0.0041,22.5,-1.3,0,0.0,0.0,0.0000,-2.79,-1.81,1.41,0.70
4.9888,4.9847,4.1,0,12.1,-1793.8,2.6269,18.9,-1797.5,2.6248,-109.3,65.4,0.0000,-13.9,8.8,-0.0086,16.5,-0.8,0,0.0,0.0,0.0000,-2.92,-1.72,1.14,1.15
4.9967,4.9929,3.7,0,12.1,-1794.2,2.6303,18.1,-1797.0,2.6248,-102.3,61.8,0.0000,-8.9,7.7,-0.0221,11.5,-2.4,0,0.0,0.0,0.0000,-2.18,-1.58,1.05,0.77
5.0049,5.0014,3.5,0,12.5,-1793.3,2.6450,17.2,-1796.5,2.6248,-95.1,57.8,0.0000,-5.8,2.1,-0.0808,6.1,0.9,0,0.0,0.0,0.0000,-1.51,-1.34,0.70,0.40
5.0128,5.0098,3.0,0,12.0,-1794.0,2.6297,16.5,-1796.0,2.6248,-88.2,52.3,-0.0000,-0.5,1.5,-0.0198,1.1,-1.1,0,0.0,0.0,0.0000,-2.13,-1.09,0.55,0.87
5.0201,5.0098,10.3,0,12.0,-1794.0,2.6297,16.5,-1796.0,2.6248,-88.2,52.3,-0.0000,3.6,-0.7,-0.0198,-3.5,-1.2,0,0.0,0.0,0.0000,-1.41,-0.98,0.33,0.71
5.0290,5.0267,2.3,0,11.7,-1793.9,2.6290,15.1,-1795.2,2.6248,-73.8,42.8,-0.0000,9.8,-3.8,-0.0171,-10.4,-1.5,0,0.0,0.0,0.0000,-1.46,-0.99,0.05,0.43
5.0361,5.0267,9.4,0,11.7,-1793.9,2.6290,15.1,-1795.2,2.6248,-73.8,42.8,-0.0000,8.4,-3.0,-0.0171,-8.7,-1.5,0,0.0,0.0,0.0000,-0.47,-1.01,0.14,0.35
5.0445,5.0352,9.3,0,12.0,-1794.7,2.6250,14.5,-1794.9,2.6248,-66.5,38.4,-0.0000,5.8,0.5,-0.0011,-4.8,-3.3,0,0.0,0.0,0.0000,-0.75,-0.49,-0.09,0.25
5.0520,5.0436,8.4,0,12.2,-1794.2,2.6346,14.0,-1794.6,2.6248,-59.3,34.6,-0.0000,4.0,-0.4,-0.0395,-3.7,-1.6,0,0.0,0.0,0.0000,0.41,-0.36,-0.08,0.57
5.0608,5.0523,8.5,0,12.2,-1794.4,2.6381,13.5,-1794.3,2.6248,-52.0,30.2,-0.0000,2.6,1.0,-0.0532,-1.8,-2.1,0,0.0,0.0,0.0000,0.26,-0.19,-0.28,0.15
5.0687,5.0605,8.2,0,11.8,-1794.4,2.6292,13.1,-1794.1,2.6248,-45.6,25.8,0.0000,2.9,1.6,-0.0178,-1.8,-2.8,0,0.0,0.0,0.0000,0.56,-0.08,-0.58,-0.30
5.0770,5.0690,8.1,0,12.3,-1793.9,2.6339,12.7,-1793.9,2.6248,-38.0,21.6,-0.0000,0.5,0.5,-0.0364,-0.2,-0.7,0,0.0,0.0,0.0000,1.22,0.50,-0.77,0.02
5.0848,5.0774,7.4,0,11.9,-1794.0,2.6178,12.4,-1793.7,2.6248,-29.5,17.6,-0.0000,1.2,1.2,0.0278,-0.4,-1.6,0,0.0,0.0,0.0000,1.10,0.71,-0.64,-0.36
5.0925,5.0859,6.6,0,11.6,-1794.2,2.6200,12.2,-1793.6,2.6248,-22.5,13.4,-0.0000,1.5,2.0,0.0192,-0.4,-2.5,0,0.0,0.0,0.0000,0.96,0.62,-0.31,-0.28
5.1004,5.0943,6.1,0,12.0,-1793.7,2.6381,12.1,-1793.5,2.6248,-15.2,8.6,-0.0000,-0.1,0.8,-0.0533,0.5,-0.7,0,0.0,0.0,0.0000,0.91,0.36,-0.52,-0.46
5.1081,5.1028,5.3,0,11.7,-1794.3,2.6333,12.0,-1793.4,2.6248,-11.0,6.2,0.0000,0.5,2.6,-0.0340,0.8,-2.6,0,0.0,0.0,0.0000,0.75,0.44,-0.69,-0.85
5.1166,5.1112,5.4,0,11.7,-1794.0,2.6328,11.9,-1793.4,2.6248,-1.5,0.9,0.0000,0.6,1.6,-0.0322,0.2,-1.7,0,0.0,0.0,0.0000,1.19,0.79,-0.40,-0.38
5.1246,5.1198,4.8,0,12.1,-1793.9,2.6259,11.9,-1793.4,2.6248,0.0,0.0,0.0000,-0.5,1.6,-0.0047,1.2,-1.1,0,0.0,0.0,0.0000,-0.30,0.51,-0.52,-0.51
5.1326,5.1281,4.5,0,11.8,-1793.7,2.6257,11.9,-1793.4,2.6248,0.0,0.0,0.0000,0.4,1.0,-0.0037,0.1,-1.0,0,0.0,0.0,0.0000,1.53,0.45,-0.52,-1.05
5.1405,5.1366,3.9,0,11.8,-1793.8,2.6256,11.9,-1793.4,2.6248,0.0,0.0,0.0000,0.4,1.2,-0.0033,0.3,-1.3,0,0.0,0.0,0.0000,1.07,0.85,-0.43,-0.58
5.1489,5.1450,3.8,0,12.1,-1794.0,2.6332,11.9,-1793.4,2.6248,0.0,0.0,0.0000,-0.6,1.8,-0.0335,1.4,-1.3,0,0.0,0.0,0.0000,0.56,0.72,-0.55,-0.58
5.1568,5.1536,3.2,0,11.9,-1793.8,2.6285,11.9,-1793.4,2.6248,0.0,0.0,0.0000,-0.1,1.1,-0.0150,0.6,-0.9,0,0.0,0.0,0.0000,0.27,0.36,-0.50,-0.63
5.1647,5.1619,2.8,0,12.1,-1794.2,2.6328,11.9,-1793.4,2.6248,0.0,0.0,0.0000,-0.6,2.3,-0.0321,1.7,-1.7,0,0.0,0.0,0.0000,0.83,0.39,-0.37,-0.86
5.1731,5.1704,2.7,0,11.7,-1794.0,2.6253,11.9,-1793.4,2.6248,0.0,0.0,0.0000,0.7,1.9,-0.0023,0.3,-2.0,0,0.0,0.0,0.0000,1.15,0.07,-0.25,-0.78
5.1802,5.1788,1.4,0,12.1,-1794.4,2.6334,11.9,-1793.4,2.6248,0.0,0.0,0.0000,-0.4,2.9,-0.0346,1.8,-2.3,0,0.0,0.0,0.0000,0.07,-0.16,-0.39,-0.37
5.1891,5.1874,1.7,0,12.0,-1794.2,2.6322,11.9,-1793.4,2.6248,0.0,0.0,0.0000,-0.4,2.5,-0.0296,1.6,-2.0,0,0.0,0.0,0.0000,-0.55,0.74,-0.51,-0.35
5.1960,5.1874,8.6,0,12.0,-1794.2,2.6322,11.9,-1793.4,2.6248,0.0,0.0,0.0000,-0.4,2.5,-0.0296,1.6,-2.0,0,0.0,0.0,0.0000,0.30,-0.15,-0.34,-0.32
5.2046,5.1957,8.9,0,11.9,-1793.3,2.6223,11.9,-1793.4,2.6248,0.0,0.0,0.0000,0.1,-0.2,0.0101,-0.2,0.2,0,0.0,0.0,0.0000,-0.22,-0.05,-0.09,-0.36
5.2120,5.2042,7.8,0,12.2,-1793.5,2.6319,11.9,-1793.4,2.6248,0.0,0.0,0.0000,-0.8,0.2,-0.0286,0.8,0.3,0,0.0,0.0,0.0000,0.50,0.12,-0.20,-0.14
5.2206,5.2126,8.0,0,11.6,-1794.2,2.6270,11.9,-1793.4,2.6248,0.0,0.0,0.0000,0.9,2.4,-0.0091,0.4,-2.5,0,0.0,0.0,0.0000,0.69,0.23,-0.19,0.11
5.2286,5.2211,7.5,0,11.6,-1794.2,2.6283,11.9,-1793.4,2.6248,0.0,0.0,0.0000,1.1,2.3,-0.0140,0.2,-2.5,0,0.0,0.0,0.0000,0.06,0.00,0.10,0.01
5.2365,5.2295,7.0,0,11.9,-1793.9,2.6291,11.9,-1793.4,2.6248,0.0,0.0,0.0000,0.1,1.5,-0.0175,0.7,-1.4,0,0.0,0.0,0.0000,-0.29,-0.23,-0.26,-0.15
5.2441,5.2380,6.2,0,11.6,-1793.8,2.6277,11.9,-1793.4,2.6248,0.0,0.0,0.0000,1.0,1.2,-0.0118,-0.3,-1.6,0,0.0,0.0,0.0000,-0.31,-0.09,0.25,0.00
5.2528,5.2464,6.4,0,11.9,-1793.9,2.6285,11.9,-1793.4,2.6248,0.0,0.0,0.0000,0.1,1.5,-0.0151,0.6,-1.4,0,0.0,0.0,0.0000,0.08,0.31,0.00,0.06
5.2605,5.2549,5.6,0,12.2,-1793.7,2.6314,11.9,-1793.4,2.6248,0.0,0.0,0.0000,-0.8,0.8,-0.0263,1.1,-0.3,0,0.0,0.0,0.0000,0.12,-0.19,-0.08,0.32
5.2684,5.2633,5.2,0,11.9,-1794.5,2.6279,11.9,-1793.4,2.6248,0.0,0.0,0.0000,0.2,3.2,-0.0126,1.4,-2.9,0,0.0,0.0,0.0000,-0.30,0.14,0.07,0.20
5.2766,5.2718,4.8,0,12.1,-1794.1,2.6303,11.9,-1793.4,2.6248,0.0,0.0,0.0000,-0.4,2.1,-0.0221,1.4,-1.6,0,0.0,0.0,0.0000,0.18,-0.14,-0.10,-0.06
5.2850,5.2802,4.7,0,12.0,-1793.9,2.6294,11.9,-1793.4,2.6248,0.0,0.0,0.0000,-0.1,1.4,-0.0185,0.8,-1.1,0,0.0,0.0,0.0000,0.10,0.28,0.19,0.13
5.2923,5.2887,3.5,0,12.2,-1794.0,2.6364,11.9,-1793.4,2.6248,0.0,0.0,0.0000,-0.9,1.8,-0.0464,1.7,-1.1,0,0.0,0.0,0.0000,0.04,0.44,0.07,-0.01
5.3011,5.2971,4.0,0,11.4,-1793.5,2.6222,11.9,-1793.4,2.6248,0.0,0.0,0.0000,1.4,0.3,0.0103,-1.1,-1.0,0,0.0,0.0,0.0000,0.40,-0.21,-0.29,-0.02
5.3086,5.3056,3.0,0,12.1,-1794.0,2.6280,11.9,-1793.4,2.6248,0.0,0.0,0.0000,-0.7,1.9,-0.0130,1.5,-1.4,0,0.0,0.0,0.0000,0.00,0.12,0.00,-0.02
5.3170,5.3140,3.0,0,12.1,-1793.9,2.6357,11.9,-1793.4,2.6248,0.0,0.0,0.0000,-0.6,1.6,-0.0436,1.3,-1.1,0,0.0,0.0,0.0000,-0.37,-0.17,-0.11,-0.22
5.3249,5.3224,2.5,0,12.1,-1794.2,2.6247,11.9,-1793.4,2.6248,0.0,0.0,0.0000,-0.6,2.4,0.0004,1.7,-1.8,0,0.0,0.0,0.0000,0.16,0.37,0.00,-0.24
5.3329,5.3224,10.4,0,12.1,-1794.2,2.6247,11.9,-1793.4,2.6248,0.0,0.0,0.0000,-0.6,2.4,0.0004,1.7,-1.8,0,0.0,0.0,0.0000,0.11,0.05,-0.36,-0.20
5.3401,5.3309,9.3,0,11.6,-1793.8,2.6256,11.9,-1793.4,2.6248,0.0,0.0,0.0000,0.8,1.3,-0.0033,-0.1,-1.5,0,0.0,0.0,0.0000,0.35,-0.05,0.38,-0.01
5.3485,5.3394,9.1,0,12.1,-1793.8,2.6318,11.9,-1793.4,2.6248,0.0,0.0,0.0000,-0.6,1.3,-0.0283,1.1,-0.8,0,0.0,0.0,0.0000,0.14,0.04,-0.13,0.18
5.3560,5.3478,8.2,0,11.7,-1793.7,2.6294,11.9,-1793.4,2.6248,0.0,0.0,0.0000,0.7,0.7,-0.0187,-0.3,-1.0,0,0.0,0.0,0.0000,-0.13,-0.23,0.17,-0.12
5.3644,5.3562,8.2,0,11.9,-1793.8,2.6312,11.9,-1793.4,2.6248,0.0,0.0,0.0000,-0.1,1.2,-0.0258,0.7,-1.0,0,0.0,0.0,0.0000,0.06,-0.28,-0.20,0.51
5.3729,5.3647,8.2,0,12.2,-1793.9,2.6351,11.9,-1793.4,2.6248,0.0,0.0,0.0000,-0.8,1.4,-0.0413,1.4,-0.9,0,0.0,0.0,0.0000,0.20,-0.18,0.12,-0.07
5.3800,5.3732,6.8,0,11.8,-1794.0,2.6240,11.9,-1793.4,2.6248,0.0,0.0,0.0000,0.3,1.9,0.0032,0.6,-1.8,0,0.0,0.0,0.0000,0.06,0.05,0.25,0.01
5.3880,5.3816,6.4,0,11.8,-1794.1,2.6273,11.9,-1793.4,2.6248,0.0,0.0,0.0000,0.3,2.0,-0.0100,0.7,-1.9,0,0.0,0.0,0.0000,-0.11,0.33,-0.01,0.13
5.3963,5.3901,6.2,0,11.9,-1793.9,2.6235,11.9,-1793.4,2.6248,0.0,0.0,0.0000,-0.1,1.4,0.0050,0.7,-1.2,0,0.0,0.0,0.0000,0.41,0.09,-0.15,-0.01
5.4042,5.3985,5.6,0,12.0,-1794.0,2.6308,11.9,-1793.4,2.6248,0.0,0.0,0.0000,-0.2,1.7,-0.0242,0.9,-1.4,0,0.0,0.0,0.0000,0.03,-0.14,-0.04,0.01
5.4121,5.4069,5.2,0,12.2,-1794.0,2.6328,11.9,-1793.4,2.6248,0.0,0.0,0.0000,-1.0,1.7,-0.0322,1.7,-1.0,0,0.0,0.0,0.0000,0.23,0.04,-0.68,-0.02
5.4206,5.4154,5.2,0,11.7,-1794.1,2.6261,11.9,-1793.4,2.6248,0.0,0.0,0.0000,0.6,2.2,-0.0055,0.6,-2.2,0,0.0,0.0,0.0000,0.08,0.25,0.48,-0.21
5.4287,5.4239,4.9,0,11.8,-1793.9,2.6234,11.9,-1793.4,2.6248,0.0,0.0,0.0000,0.3,1.6,0.0056,0.5,-1.5,0,0.0,0.0,0.0000,-0.04,-0.16,0.01,-0.19
5.4365,5.4239,12.7,0,11.8,-1793.9,2.6234,11.9,-1793.4,2.6248,0.0,0.0,0.0000,0.3,1.6,0.0056,0.5,-1.5,0,0.0,0.0,0.0000,0.17,-0.24,-0.08,-0.04
5.4447,5.4408,3.9,0,11.8,-1793.9,2.6255,11.9,-1793.4,2.6248,0.0,0.0,0.0000,0.3,1.4,-0.0030,0.4,-1.3,0,0.0,0.0,0.0000,-0.03,0.02,-0.10,0.17
5.4522,5.4492,3.0,0,11.6,-1793.1,2.6182,11.9,-1793.4,2.6248,0.0,0.0,0.0000,0.9,-1.0,0.0263,-1.3,0.4,0,0.0,0.0,0.0000,-0.34,0.00,-0.31,0.00
5.4608,5.4577,3.1,0,11.8,-1794.0,2.6279,11.9,-1793.4,2.6248,0.0,0.0,0.0000,0.4,1.7,-0.0125,0.5,-1.6,0,0.0,0.0,0.0000,0.38,0.00,-0.13,-0.05
5.4681,5.4661,2.0,0,11.9,-1794.1,2.6258,11.9,-1793.4,2.6248,0.0,0.0,0.0000,0.1,2.0,-0.0042,0.9,-1.8,0,0.0,0.0,0.0000,-0.12,0.32,-0.24,-0.05
5.4771,5.4745,2.6,0,12.1,-1794.4,2.6325,11.9,-1793.4,2.6248,0.0,0.0,0.0000,-0.5,3.0,-0.0308,1.9,-2.4,0,0.0,0.0,0.0000,-0.70,0.02,0.42,0.15
5.4848,5.4745,10.3,0,12.1,-1794.4,2.6325,11.9,-1793.4,2.6248,0.0,0.0,0.0000,-0.5,3.0,-0.0308,1.9,-2.4,0,0.0,0.0,0.0000,-0.35,-0.29,-0.07,-0.20
5.4930,5.4914,1.6,0,12.2,-1793.9,2.6336,11.9,-1793.4,2.6248,0.0,0.0,0.0000,-0.8,1.4,-0.0354,1.4,-0.8,0,0.0,0.0,0.0000,0.79,0.12,0.09,-0.23
5.5001,5.4914,8.7,0,12.2,-1793.9,2.6336,11.9,-1793.4,2.6248,0.0,0.0,0.0000,-0.8,1.4,-0.0354,1.4,-0.8,0,0.0,0.0,0.0000,2.50,-0.14,0.30,-0.15
5.5082,5.4999,8.3,0,12.0,-1794.0,2.6297,11.9,-1793.4,2.6248,0.0,0.0,0.0000,-0.3,1.7,-0.0198,1.1,-1.4,0,0.0,0.0,0.0000,-0.03,0.03,-0.12,-0.08
5.5166,5.5084,8.2,0,11.8,-1794.1,2.6236,11.9,-1793.4,2.6248,0.0,0.0,0.0000,0.4,2.2,0.0047,0.7,-2.1,0,0.0,0.0,0.0000,0.01,-2.53,0.05,0.00
5.5250,5.5168,8.2,0,12.0,-1794.2,2.6265,11.9,-1793.4,2.6248,0.0,0.0,0.0000,-0.1,2.5,-0.0068,1.3,-2.1,0,0.0,0.0,0.0000,-0.36,0.05,0.18,0.05
5.5324,5.5254,7.0,0,11.7,-1794.2,2.6273,11.9,-1793.4,2.6248,0.0,0.0,0.0000,0.7,2.5,-0.0101,0.6,-2.5,0,0.0,0.0,0.0000,0.00,-0.52,-0.03,0.07
5.5409,5.5337,7.2,0,11.4,-1794.3,2.6267,11.9,-1793.4,2.6248,0.0,0.0,0.0000,1.4,2.7,-0.0076,0.1,-3.0,0,0.0,0.0,0.0000,0.58,-0.09,-0.21,0.39
5.5480,5.5422,5.8,0,12.0,-1794.1,2.6362,11.9,-1793.4,2.6248,0.0,0.0,0.0000,-0.3,2.1,-0.0456,1.3,-1.7,0,0.0,0.0,0.0000,0.49,0.37,-0.17,-0.30
5.5562,5.5506,5.6,0,11.6,-1794.0,2.6206,11.9,-1793.4,2.6248,0.0,0.0,0.0000,1.0,1.7,0.0165,-0.1,-2.0,0,0.0,0.0,0.0000,-0.28,0.39,-0.05,-0.04
5.5642,5.5591,5.2,0,12.0,-1794.0,2.6365,11.9,-1793.4,2.6248,0.0,0.0,0.0000,-0.3,1.8,-0.0471,1.1,-1.4,0,0.0,0.0,0.0000,-0.02,-0.16,-0.03,-0.18
5.5729,5.5675,5.4,0,11.9,-1794.1,2.6331,11.9,-1793.4,2.6248,0.0,0.0,0.0000,0.1,2.1,-0.0331,0.9,-1.9,0,0.0,0.0,0.0000,0.17,-0.25,0.21,0.41
5.5805,5.5760,4.5,0,11.8,-1793.9,2.6251,11.9,-1793.4,2.6248,0.0,0.0,0.0000,0.3,1.4,-0.0015,0.4,-1.4,0,0.0,0.0,0.0000,-0.26,-0.34,0.21,-0.06
5.5887,5.5844,4.3,0,11.6,-1794.5,2.6212,11.9,-1793.4,2.6248,0.0,0.0,0.0000,0.8,3.3,0.0144,0.9,-3.3,0,0.0,0.0,0.0000,0.30,-0.07,-0.08,-0.09
5.5968,5.5929,3.9,0,11.9,-1793.6,2.6311,11.9,-1793.4,2.6248,0.0,0.0,0.0000,-0.1,0.4,-0.0254,0.3,-0.4,0,0.0,0.0,0.0000,0.14,0.40,0.16,-0.12
5.6044,5.6013,3.1,0,12.0,-1794.2,2.6347,11.9,-1793.4,2.6248,0.0,0.0,0.0000,-0.3,2.3,-0.0399,1.3,-1.9,0,0.0,0.0,0.0000,0.58,-0.10,-0.02,-0.23
5.6122,5.6098,2.5,0,12.2,-1794.6,2.6326,11.9,-1793.4,2.6248,0.0,0.0,0.0000,-0.8,3.5,-0.0312,2.4,-2.7,0,0.0,0.0,0.0000,-0.49,-0.07,-0.12,0.11
5.6201,5.6182,1.8,0,11.6,-1794.0,2.6226,11.9,-1793.4,2.6248,0.0,0.0,0.0000,1.1,1.8,0.0087,-0.0,-2.0,0,0.0,0.0,0.0000,-0.35,-0.10,-0.09,-0.34
5.6284,5.6267,1.8,0,12.0,-1794.0,2.6290,11.9,-1793.4,2.6248,0.0,0.0,0.0000,-0.3,1.9,-0.0171,1.2,-1.5,0,0.0,0.0,0.0000,0.35,-0.15,0.00,-0.04
5.6369,5.6351,1.8,0,11.8,-1794.0,2.6331,11.9,-1793.4,2.6248,0.0,0.0,0.0000,0.2,1.8,-0.0332,0.7,-1.7,0,0.0,0.0,0.0000,0.08,0.32,-0.11,0.12
5.6444,5.6351,9.3,0,11.8,-1794.0,2.6331,11.9,-1793.4,2.6248,0.0,0.0,0.0000,0.2,1.8,-0.0332,0.7,-1.7,0,0.0,0.0,0.0000,0.05,-0.15,-0.02,0.06
5.6525,5.6436,8.9,0,11.9,-1794.1,2.6294,11.9,-1793.4,2.6248,0.0,0.0,0.0000,0.0,2.1,-0.0185,1.0,-1.8,0,0.0,0.0,0.0000,0.07,-0.15,0.17,-0.04
5.6605,5.6520,8.5,0,11.9,-1794.2,2.6264,11.9,-1793.4,2.6248,0.0,0.0,0.0000,0.1,2.5,-0.0065,1.1,-2.2,0,0.0,0.0,0.0000,0.19,0.29,0.09,-0.04
5.6686,5.6605,8.1,0,11.9,-1793.7,2.6311,11.9,-1793.4,2.6248,0.0,0.0,0.0000,0.1,0.7,-0.0252,0.3,-0.7,0,0.0,0.0,0.0000,-0.44,0.28,-0.18,-0.13
5.6760,5.6689,7.1,0,12.1,-1794.1,2.6288,11.9,-1793.4,2.6248,0.0,0.0,0.0000,-0.5,2.2,-0.0162,1.5,-1.7,0,0.0,0.0,0.0000,-0.09,0.12,-0.11,0.21
5.6847,5.6774,7.3,0,11.9,-1794.1,2.6344,11.9,-1793.4,2.6248,0.0,0.0,0.0000,-0.0,2.1,-0.0384,1.1,-1.9,0,0.0,0.0,0.0000,0.06,-0.26,0.08,0.00
5.6923,5.6858,6.5,0,11.8,-1794.1,2.6336,11.9,-1793.4,2.6248,0.0,0.0,0.0000,0.3,2.1,-0.0353,0.8,-2.0,0,0.0,0.0,0.0000,0.33,-0.13,0.07,0.05
5.7002,5.6944,5.9,0,12.0,-1794.1,2.6295,11.9,-1793.4,2.6248,0.0,0.0,0.0000,-0.2,2.2,-0.0188,1.2,-1.8,0,0.0,0.0,0.0000,0.51,-0.14,-0.01,-0.05
5.7080,5.7027,5.3,0,12.0,-1793.9,2.6185,11.9,-1793.4,2.6248,0.0,0.0,0.0000,-0.2,1.5,0.0250,0.9,-1.2,0,0.0,0.0,0.0000,-0.47,0.19,0.45,-0.09
5.7163,5.7112,5.1,0,11.9,-1794.0,2.6331,11.9,-1793.4,2.6248,0.0,0.0,0.0000,-0.0,1.7,-0.0332,0.9,-1.5,0,0.0,0.0,0.0000,-0.58,-0.07,-0.25,0.00
5.7250,5.7197,5.3,0,11.8,-1794.0,2.6318,11.9,-1793.4,2.6248,0.0,0.0,0.0000,0.2,1.9,-0.0281,0.7,-1.8,0,0.0,0.0,0.0000,-0.29,-0.22,0.35,-0.09
5.7323,5.7281,4.2,0,12.1,-1793.7,2.6309,11.9,-1793.4,2.6248,0.0,0.0,0.0000,-0.7,0.8,-0.0243,1.0,-0.4,0,0.0,0.0,0.0000,0.58,0.36,-0.22,-0.08
5.7406,5.7365,4.0,0,11.8,-1794.2,2.6259,11.9,-1793.4,2.6248,0.0,0.0,0.0000,0.2,2.4,-0.0046,1.0,-2.2,0,0.0,0.0,0.0000,0.42,0.44,0.49,0.22
5.7490,5.7450,4.1,0,12.3,-1793.8,2.6296,11.9,-1793.4,2.6248,0.0,0.0,0.0000,-1.0,1.1,-0.0191,1.4,-0.5,0,0.0,0.0,0.0000,-0.38,-0.01,0.13,-0.15
5.7570,5.7450,12.0,0,12.3,-1793.8,2.6296,11.9,-1793.4,2.6248,0.0,0.0,0.0000,-1.0,1.1,-0.0191,1.4,-0.5,0,0.0,0.0,0.0000,0.00,-0.17,-0.54,-0.02
5.7648,5.7619,2.9,0,11.6,-1793.8,2.6241,11.9,-1793.4,2.6248,0.0,0.0,0.0000,0.9,1.3,0.0028,-0.1,-1.5,0,0.0,0.0,0.0000,-0.09,-0.18,-0.35,0.27
5.7722,5.7703,1.8,0,12.1,-1793.9,2.6265,11.9,-1793.4,2.6248,0.0,0.0,0.0000,-0.5,1.3,-0.0067,1.1,-0.9,0,0.0,0.0,0.0000,-0.27,-0.11,-0.12,0.05
5.7804,5.7788,1.6,0,11.7,-1793.8,2.6270,11.9,-1793.4,2.6248,0.0,0.0,0.0000,0.6,1.1,-0.0091,0.0,-1.3,0,0.0,0.0,0.0000,0.01,0.09,-0.14,-0.22
5.7880,5.7788,9.2,0,11.7,-1793.8,2.6270,11.9,-1793.4,2.6248,0.0,0.0,0.0000,0.6,1.1,-0.0091,0.0,-1.3,0,0.0,0.0,0.0000,-0.37,0.08,-0.07,-0.30
5.7968,5.7875,9.3,0,12.1,-1794.2,2.6197,11.9,-1793.4,2.6248,0.0,0.0,0.0000,-0.5,2.5,0.0203,1.6,-1.9,0,0.0,0.0,0.0000,0.67,0.02,-0.12,0.04
5.8045,5.7957,8.8,0,11.8,-1792.9,2.6213,11.9,-1793.4,2.6248,0.0,0.0,0.0000,0.5,-1.5,0.0140,-1.2,1.1,0,0.0,0.0,0.0000,0.08,0.04,0.39,0.08
5.8127,5.8041,8.6,0,11.7,-1794.0,2.6311,11.9,-1793.4,2.6248,0.0,0.0,0.0000,0.6,1.8,-0.0255,0.3,-1.8,0,0.0,0.0,0.0000,-0.33,0.48,-0.02,-0.13
5.8207,5.8125,8.2,0,11.4,-1793.9,2.6274,11.9,-1793.4,2.6248,0.0,0.0,0.0000,1.5,1.6,-0.0104,-0.5,-2.2,0,0.0,0.0,0.0000,0.15,-0.01,0.03,0.01
5.8285,5.8211,7.4,0,12.1,-1794.0,2.6322,11.9,-1793.4,2.6248,0.0,0.0,0.0000,-0.6,1.8,-0.0296,1.3,-1.3,0,0.0,0.0,0.0000,0.28,-0.19,0.42,0.09
5.8361,5.8295,6.6,0,12.0,-1793.8,2.6285,11.9,-1793.4,2.6248,0.0,0.0,0.0000,-0.2,1.1,-0.0148,0.7,-0.8,0,0.0,0.0,0.0000,0.54,-0.06,-0.16,0.01
5.8441,5.8379,6.2,0,11.9,-1793.9,2.6238,11.9,-1793.4,2.6248,0.0,0.0,0.0000,0.0,1.5,0.0040,0.8,-1.3,0,0.0,0.0,0.0000,-0.26,-0.12,-0.15,0.12
5.8525,5.8464,6.1,0,11.9,-1793.6,2.6259,11.9,-1793.4,2.6248,0.0,0.0,0.0000,0.1,0.6,-0.0045,0.2,-0.6,0,0.0,0.0,0.0000,-0.24,-0.37,0.00,-0.06
5.8610,5.8549,6.1,0,12.1,-1794.3,2.6363,11.9,-1793.4,2.6248,0.0,0.0,0.0000,-0.6,2.6,-0.0461,1.8,-2.0,0,0.0,0.0,0.0000,0.09,0.20,0.11,-0.09
5.8684,5.8633,5.1,0,11.9,-1794.1,2.6287,11.9,-1793.4,2.6248,0.0,0.0,0.0000,-0.0,1.9,-0.0156,1.0,-1.7,0,0.0,0.0,0.0000,-0.32,0.12,-0.14,-0.12
5.8768,5.8717,5.1,0,11.9,-1793.9,2.6267,11.9,-1793.4,2.6248,0.0,0.0,0.0000,-0.1,1.6,-0.0079,0.8,-1.3,0,0.0,0.0,0.0000,-0.21,0.09,0.11,-0.03
5.8846,5.8802,4.4,0,12.1,-1794.1,2.6308,11.9,-1793.4,2.6248,0.0,0.0,0.0000,-0.6,2.0,-0.0239,1.5,-1.5,0,0.0,0.0,0.0000,0.02,-0.49,0.04,-0.03
5.8928,5.8888,4.0,0,12.1,-1794.1,2.6264,11.9,-1793.4,2.6248,0.0,0.0,0.0000,-0.4,2.1,-0.0064,1.4,-1.6,0,0.0,0.0,0.0000,0.09,0.31,0.02,-0.20
5.9005,5.8975,3.0,0,11.7,-1793.7,2.6246,11.9,-1793.4,2.6248,0.0,0.0,0.0000,0.8,1.0,0.0007,-0.2,-1.2,0,0.0,0.0,0.0000,0.09,-0.03,0.14,0.00
5.9088,5.9064,2.4,0,12.2,-1793.9,2.6175,11.9,-1793.4,2.6248,0.0,0.0,0.0000,-0.8,1.6,0.0289,1.5,-1.0,0,0.0,0.0,0.0000,-0.19,-0.11,0.04,0.18
