t_s,tv_s,vision_age_ms,held,pose_x_mm,pose_y_mm,pose_theta_rad,ref_x_mm,ref_y_mm,ref_theta_rad,ref_vx_mm_s,ref_vy_mm_s,ref_omega_rad_s,cmd_world_vx_mm_s,cmd_world_vy_mm_s,cmd_omega_rad_s,cmd_body_vx_mm_s,cmd_body_vy_mm_s,near_goal,pred_x_mm,pred_y_mm,pred_theta_rad,wheel_fl_rad_s,wheel_bl_rad_s,wheel_br_rad_s,wheel_fr_rad_s
-0.2935,-0.3035,10.0,0,-496.7,590.5,-2.0658,-496.7,590.5,-2.0658,0.0,0.0,0.0000,0.0,0.0,0.0000,-0.0,0.0,0,0.0,0.0,0.0000,-0.09,0.05,0.25,0.33
-0.2852,-0.3035,18.2,0,-496.7,590.5,-2.0658,-496.7,590.5,-2.0658,0.0,0.0,0.0000,0.0,0.0,0.0000,-0.0,0.0,0,0.0,0.0,0.0000,0.00,0.16,-0.08,0.55
-0.2780,-0.3035,25.5,0,-496.7,590.5,-2.0658,-496.7,590.5,-2.0658,0.0,0.0,0.0000,0.0,0.0,0.0000,-0.0,0.0,0,0.0,0.0,0.0000,-0.28,0.06,0.02,0.24
-0.2697,-0.3035,33.7,0,-496.7,590.5,-2.0658,-496.7,590.5,-2.0658,0.0,0.0,0.0000,0.0,0.0,0.0000,-0.0,0.0,0,0.0,0.0,0.0000,0.04,-0.15,0.00,-0.37
-0.2613,-0.3035,42.2,0,-496.7,590.5,-2.0658,-496.7,590.5,-2.0658,0.0,0.0,0.0000,0.0,0.0,0.0000,-0.0,0.0,0,0.0,0.0,0.0000,-0.58,-0.33,-0.14,-0.31
-0.2530,-0.3035,50.4,0,-496.7,590.5,-2.0658,-496.7,590.5,-2.0658,0.0,0.0,0.0000,0.0,0.0,0.0000,-0.0,0.0,0,0.0,0.0,0.0000,0.29,0.00,0.18,0.15
-0.2455,-0.3035,57.9,0,-496.7,590.5,-2.0658,-496.7,590.5,-2.0658,0.0,0.0,0.0000,0.0,0.0,0.0000,-0.0,0.0,0,0.0,0.0,0.0000,-0.12,-0.07,0.52,-0.42
-0.2372,-0.3035,66.3,0,-496.7,590.5,-2.0658,-496.7,590.5,-2.0658,0.0,0.0,0.0000,0.0,0.0,0.0000,-0.0,0.0,0,0.0,0.0,0.0000,0.12,-0.28,-0.30,-0.09
-0.2296,-0.3035,73.9,0,-496.7,590.5,-2.0658,-496.7,590.5,-2.0658,0.0,0.0,0.0000,0.0,0.0,0.0000,-0.0,0.0,0,0.0,0.0,0.0000,0.34,-0.19,-0.15,0.20
-0.2213,-0.3035,82.2,0,-496.7,590.5,-2.0658,-496.7,590.5,-2.0658,0.0,0.0,0.0000,0.0,0.0,0.0000,-0.0,0.0,0,0.0,0.0,0.0000,0.06,0.00,-0.05,0.29
-0.2136,-0.3035,89.9,0,-496.7,590.5,-2.0658,-496.7,590.5,-2.0658,0.0,0.0,0.0000,0.0,0.0,0.0000,-0.0,0.0,0,0.0,0.0,0.0000,0.32,0.25,0.43,0.04
-0.2053,-0.3035,98.2,0,-496.7,590.5,-2.0658,-496.7,590.5,-2.0658,0.0,0.0,0.0000,0.0,0.0,0.0000,-0.0,0.0,0,0.0,0.0,0.0000,-0.08,-0.04,0.27,-0.02
-0.1974,-0.2012,3.8,0,-497.0,590.4,-2.0667,-496.7,590.5,-2.0658,0.0,0.0,0.0000,1.0,0.4,0.0035,-0.8,0.7,0,0.0,0.0,0.0000,0.04,0.13,-0.12,-0.28
-0.1892,-0.2012,12.0,0,-497.0,590.4,-2.0667,-496.7,590.5,-2.0658,0.0,0.0,0.0000,1.0,0.4,0.0035,-0.8,0.7,0,0.0,0.0,0.0000,-0.10,0.02,0.48,0.24
-0.1816,-0.2012,19.6,0,-497.0,590.4,-2.0667,-496.7,590.5,-2.0658,0.0,0.0,0.0000,1.0,0.4,0.0035,-0.8,0.7,0,0.0,0.0,0.0000,-0.07,0.24,-0.28,0.13
-0.1737,-0.2012,27.5,0,-497.0,590.4,-2.0667,-496.7,590.5,-2.0658,0.0,0.0,0.0000,1.0,0.4,0.0035,-0.8,0.7,0,0.0,0.0,0.0000,0.03,-0.49,-0.20,-0.05
-0.1653,-0.2012,36.0,0,-497.0,590.4,-2.0667,-496.7,590.5,-2.0658,0.0,0.0,0.0000,1.0,0.4,0.0035,-0.8,0.7,0,0.0,0.0,0.0000,-0.01,0.03,-0.42,-0.24
-0.1568,-0.2012,44.4,0,-497.0,590.4,-2.0667,-496.7,590.5,-2.0658,0.0,0.0,0.0000,1.0,0.4,0.0035,-0.8,0.7,0,0.0,0.0,0.0000,-0.11,0.27,-0.23,-0.23
-0.1494,-0.2012,51.8,0,-497.0,590.4,-2.0667,-496.7,590.5,-2.0658,0.0,0.0,0.0000,1.0,0.4,0.0035,-0.8,0.7,0,0.0,0.0,0.0000,-0.34,-0.24,0.33,0.01
-0.1417,-0.2012,59.5,0,-497.0,590.4,-2.0667,-496.7,590.5,-2.0658,0.0,0.0,0.0000,1.0,0.4,0.0035,-0.8,0.7,0,0.0,0.0,0.0000,-0.35,0.50,-0.10,0.46
-0.1333,-0.2012,68.0,0,-497.0,590.4,-2.0667,-496.7,590.5,-2.0658,0.0,0.0,0.0000,1.0,0.4,0.0035,-0.8,0.7,0,0.0,0.0,0.0000,0.37,-0.06,0.01,0.10
-0.1256,-0.2012,75.6,0,-497.0,590.4,-2.0667,-496.7,590.5,-2.0658,0.0,0.0,0.0000,1.0,0.4,0.0035,-0.8,0.7,0,0.0,0.0,0.0000,0.40,-0.19,0.51,0.15
-0.1170,-0.2012,84.2,0,-497.0,590.4,-2.0667,-496.7,590.5,-2.0658,0.0,0.0,0.0000,1.0,0.4,0.0035,-0.8,0.7,0,0.0,0.0,0.0000,-0.17,-0.04,-0.14,0.16
-0.1094,-0.2012,91.8,0,-497.0,590.4,-2.0667,-496.7,590.5,-2.0658,0.0,0.0,0.0000,1.0,0.4,0.0035,-0.8,0.7,0,0.0,0.0,0.0000,-0.12,-0.18,0.01,-0.12
-0.1019,-0.2012,99.3,0,-497.0,590.4,-2.0667,-496.7,590.5,-2.0658,0.0,0.0,0.0000,1.0,0.4,0.0035,-0.8,0.7,0,0.0,0.0,0.0000,0.17,0.04,0.25,-0.39
-0.0939,-0.0983,4.3,0,-497.4,590.3,-2.0704,-496.7,590.5,-2.0658,0.0,0.0,0.0000,2.2,0.9,0.0186,-1.8,1.5,0,0.0,0.0,0.0000,0.07,0.04,0.12,-0.36
-0.0849,-0.0983,13.4,0,-497.4,590.3,-2.0704,-496.7,590.5,-2.0658,0.0,0.0,0.0000,-1.6,-6.2,0.0186,6.2,1.6,0,0.0,0.0,0.0000,0.43,0.16,-0.09,0.30
-0.0771,-0.0983,21.1,0,-497.4,590.3,-2.0704,-496.7,590.5,-2.0658,0.0,0.0,0.0000,-0.7,-4.5,0.0186,4.3,1.6,0,0.0,0.0,0.0000,0.30,0.24,-0.06,-0.08
-0.0687,-0.0983,29.5,0,-497.4,590.3,-2.0704,-496.7,590.5,-2.0658,0.0,0.0,0.0000,-5.5,-13.4,0.0186,14.4,1.6,0,0.0,0.0,0.0000,-0.26,0.07,0.09,0.25
-0.0612,-0.0983,37.1,0,-497.4,590.3,-2.0704,-496.7,590.5,-2.0658,0.0,0.0,0.0000,-9.0,-19.8,0.0186,21.7,1.6,0,0.0,0.0,0.0000,0.03,-0.14,0.24,0.00
-0.0528,-0.0983,45.4,0,-497.4,590.3,-2.0704,-496.7,590.5,-2.0658,0.0,0.0,0.0000,-12.7,-27.5,0.0186,30.2,2.0,0,0.0,0.0,0.0000,-0.01,-0.12,0.03,0.56
-0.0456,-0.0983,52.6,0,-497.4,590.3,-2.0704,-496.7,590.5,-2.0658,0.0,0.0,0.0000,-15.9,-34.1,0.0186,37.6,2.4,0,0.0,0.0,0.0000,-0.36,0.19,0.10,-0.14
-0.0369,-0.0983,61.4,0,-497.4,590.3,-2.0704,-496.7,590.5,-2.0658,0.0,0.0,0.0000,-20.1,-41.9,0.0186,46.4,2.4,0,0.0,0.0,0.0000,-0.14,-0.17,0.14,0.01
-0.0292,-0.0983,69.1,0,-497.4,590.3,-2.0704,-496.7,590.5,-2.0658,0.0,0.0,0.0000,-23.9,-48.9,0.0186,54.4,2.4,0,0.0,0.0,0.0000,-1.55,0.06,0.05,-0.20
-0.0217,-0.0983,76.6,0,-497.4,590.3,-2.0704,-496.7,590.5,-2.0658,0.0,0.0,0.0000,-27.4,-55.3,0.0186,61.6,2.5,0,0.0,0.0,0.0000,0.21,0.25,0.02,0.00
-0.0129,-0.0983,85.4,0,-497.4,590.3,-2.0704,-496.7,590.5,-2.0658,0.0,0.0,0.0000,-31.4,-62.8,0.0186,70.1,2.5,0,0.0,0.0,0.0000,0.09,-0.50,-0.12,0.02
-0.0056,-0.0983,92.6,0,-497.4,590.3,-2.0704,-496.7,590.5,-2.0658,0.0,0.0,0.0000,-34.9,-69.2,0.0186,77.5,2.5,0,0.0,0.0,0.0000,-0.13,-0.32,0.33,-0.05
0.0030,-0.0983,101.3,0,-497.4,590.3,-2.0704,-496.7,590.5,-2.0658,0.0,0.0,0.0000,-39.3,-77.1,0.0186,86.5,2.4,0,0.0,0.0,0.0000,-0.43,-0.28,0.10,0.66
0.0108,0.0065,4.4,0,-497.2,591.0,-2.0717,-496.7,590.5,-2.0658,-2.7,-5.0,0.0000,-43.1,-86.3,0.0236,96.4,3.7,0,0.0,0.0,0.0000,-0.05,-0.65,0.33,0.77
0.0190,0.0065,12.5,0,-497.2,591.0,-2.0717,-496.7,590.5,-2.0658,-2.7,-5.0,0.0000,-46.4,-93.9,0.0236,104.6,4.4,0,0.0,0.0,0.0000,0.14,-0.32,0.63,0.58
0.0261,0.0065,19.7,0,-497.2,591.0,-2.0717,-496.7,590.5,-2.0658,-2.7,-5.0,0.0000,-49.6,-101.0,0.0236,112.4,5.0,0,0.0,0.0,0.0000,-1.32,-0.62,0.92,0.80
0.0348,0.0065,28.3,0,-497.2,591.0,-2.0717,-496.7,590.5,-2.0658,-2.7,-5.0,0.0000,-53.5,-109.8,0.0236,122.0,5.8,0,0.0,0.0,0.0000,-0.84,-0.58,0.44,1.22
0.0424,0.0065,35.9,0,-497.2,591.0,-2.0717,-496.7,590.5,-2.0658,-2.7,-5.0,0.0000,-57.3,-117.5,0.0236,130.6,6.1,0,0.0,0.0,0.0000,-0.56,-0.44,0.68,0.86
0.0502,0.0065,43.7,0,-497.2,591.0,-2.0717,-496.7,590.5,-2.0658,-2.7,-5.0,0.0000,-61.6,-125.5,0.0236,139.7,6.2,0,0.0,0.0,0.0000,-0.84,-0.58,1.09,1.11
0.0590,0.0065,52.6,0,-497.2,591.0,-2.0717,-496.7,590.5,-2.0658,-2.7,-5.0,0.0000,-65.0,-135.1,0.0236,149.7,7.8,0,0.0,0.0,0.0000,-1.16,-0.94,1.25,1.27
0.0665,0.0065,60.0,0,-497.2,591.0,-2.0717,-496.7,590.5,-2.0658,-2.7,-5.0,0.0000,-67.9,-143.4,0.0236,158.4,9.2,0,0.0,0.0,0.0000,-1.09,-0.85,0.93,1.15
0.0750,0.0065,68.5,0,-497.2,591.0,-2.0717,-496.7,590.5,-2.0658,-2.7,-5.0,0.0000,-72.2,-152.5,0.0236,168.4,9.9,0,0.0,0.0,0.0000,-1.46,-1.32,1.42,1.71
0.0826,0.0065,76.1,0,-497.2,591.0,-2.0717,-496.7,590.5,-2.0658,-2.7,-5.0,0.0000,-76.4,-160.7,0.0236,177.6,10.2,0,0.0,0.0,0.0000,-1.92,-1.02,1.27,1.33
0.0908,0.0065,84.4,0,-497.2,591.0,-2.0717,-496.7,590.5,-2.0658,-2.7,-5.0,0.0000,-79.5,-171.0,0.0236,188.2,12.4,0,0.0,0.0,0.0000,-2.30,-1.23,1.89,1.84
0.0981,0.0065,91.6,0,-497.2,591.0,-2.0717,-496.7,590.5,-2.0658,-2.7,-5.0,0.0000,-82.2,-180.4,0.0236,197.7,14.5,0,0.0,0.0,0.0000,-2.43,-1.71,1.87,1.82
0.1070,0.0065,100.5,0,-497.2,591.0,-2.0717,-496.7,590.5,-2.0658,-2.7,-5.0,0.0000,-86.8,-190.8,0.0236,209.1,15.5,0,0.0,0.0,0.0000,-2.81,-1.37,2.44,2.36
0.1141,0.1082,5.9,0,-498.6,587.5,-2.0471,-499.4,585.4,-2.0658,-49.3,-96.0,0.0000,-86.2,-188.7,-0.0746,207.2,9.9,0,0.0,0.0,0.0000,-2.54,-1.76,2.26,2.47
0.1227,0.1082,14.5,0,-498.6,587.5,-2.0471,-499.4,585.4,-2.0658,-49.3,-96.0,0.0000,-90.2,-199.9,-0.0746,219.0,11.5,0,0.0,0.0,0.0000,-3.00,-2.11,2.40,2.49
0.1303,0.1082,22.1,0,-498.6,587.5,-2.0471,-499.4,585.4,-2.0658,-49.3,-96.0,0.0000,-94.1,-210.1,-0.0746,229.8,12.7,0,0.0,0.0,0.0000,-2.55,-2.35,2.73,2.66
0.1382,0.1082,30.0,0,-498.6,587.5,-2.0471,-499.4,585.4,-2.0658,-49.3,-96.0,0.0000,-97.0,-220.9,-0.0746,240.8,15.1,0,0.0,0.0,0.0000,-3.92,-2.20,3.28,3.37
0.1469,0.1082,38.7,0,-498.6,587.5,-2.0471,-499.4,585.4,-2.0658,-49.3,-96.0,0.0000,-100.1,-233.1,-0.0746,253.1,17.9,0,0.0,0.0,0.0000,-3.89,-2.61,3.61,4.10
0.1551,0.1082,46.9,0,-498.6,587.5,-2.0471,-499.4,585.4,-2.0658,-49.3,-96.0,0.0000,-103.5,-244.1,-0.0746,264.4,20.0,0,0.0,0.0,0.0000,-3.67,-2.86,3.40,4.83
0.1624,0.1082,54.2,0,-498.6,587.5,-2.0471,-499.4,585.4,-2.0658,-49.3,-96.0,0.0000,-106.5,-254.0,-0.0746,274.5,21.9,0,0.0,0.0,0.0000,-4.67,-3.29,3.47,5.19
0.1701,0.1082,61.9,0,-498.6,587.5,-2.0471,-499.4,585.4,-2.0658,-49.3,-96.0,0.0000,-109.7,-265.6,-0.0746,286.3,24.2,0,0.0,0.0,0.0000,-5.07,-5.00,4.07,5.06
0.1788,0.1082,70.6,0,-498.6,587.5,-2.0471,-499.4,585.4,-2.0658,-49.3,-96.0,0.0000,-113.7,-278.9,-0.0746,300.0,26.9,0,0.0,0.0,0.0000,-5.61,-5.03,3.93,5.99
0.1862,0.1082,78.0,0,-498.6,587.5,-2.0471,-499.4,585.4,-2.0658,-49.3,-96.0,0.0000,-116.3,-289.9,-0.0746,311.0,29.6,0,0.0,0.0,0.0000,-6.56,-4.11,4.30,8.50
0.1949,0.1082,86.7,0,-498.6,587.5,-2.0471,-499.4,585.4,-2.0658,-49.3,-96.0,0.0000,-119.7,-303.0,-0.0746,324.2,32.6,0,0.0,0.0,0.0000,-6.13,-4.71,4.31,9.41
0.2023,0.1082,94.1,0,-498.6,587.5,-2.0471,-499.4,585.4,-2.0658,-49.3,-96.0,0.0000,-121.9,-314.6,-0.0746,335.5,35.9,0,0.0,0.0,0.0000,-7.06,-5.28,4.59,9.08
0.2110,0.2109,0.1,0,-506.0,579.2,-2.0727,-506.5,570.6,-2.0658,-86.8,-192.4,-0.0000,-106.7,-306.1,0.0276,319.7,53.7,0,0.0,0.0,0.0000,-7.34,-5.07,5.18,7.13
0.2187,0.2109,7.8,0,-506.0,579.2,-2.0727,-506.5,570.6,-2.0658,-86.8,-192.4,-0.0000,-105.0,-316.8,0.0276,328.3,60.3,0,0.0,0.0,0.0000,-7.42,-5.57,4.96,6.54
0.2264,0.2109,15.5,0,-506.0,579.2,-2.0727,-506.5,570.6,-2.0658,-86.8,-192.4,-0.0000,-107.5,-329.9,0.0276,341.0,64.4,0,0.0,0.0,0.0000,-8.68,-6.98,3.27,6.37
0.2348,0.2109,23.9,0,-506.0,579.2,-2.0727,-506.5,570.6,-2.0658,-86.8,-192.4,-0.0000,-109.9,-343.7,0.0276,354.2,69.0,0,0.0,0.0,0.0000,-8.75,-7.13,2.61,6.78
0.2425,0.2109,31.6,0,-506.0,579.2,-2.0727,-506.5,570.6,-2.0658,-86.8,-192.4,-0.0000,-112.3,-356.4,0.0276,366.5,73.0,0,0.0,0.0,0.0000,-9.70,-7.80,4.23,9.83
0.2502,0.2109,39.3,0,-506.0,579.2,-2.0727,-506.5,570.6,-2.0658,-86.8,-192.4,-0.0000,-113.9,-370.2,0.0276,379.4,78.3,0,0.0,0.0,0.0000,-10.12,-7.31,6.08,12.66
0.2593,0.2109,48.3,0,-506.0,579.2,-2.0727,-506.5,570.6,-2.0658,-86.8,-192.4,-0.0000,-115.9,-386.7,0.0276,394.8,84.4,0,0.0,0.0,0.0000,-10.47,-7.98,6.12,10.14
0.2669,0.2109,55.9,0,-506.0,579.2,-2.0727,-506.5,570.6,-2.0658,-86.8,-192.4,-0.0000,-117.1,-400.6,0.0276,407.5,90.1,0,0.0,0.0,0.0000,-12.77,-8.20,7.22,8.85
0.2746,0.2109,63.7,0,-506.0,579.2,-2.0727,-506.5,570.6,-2.0658,-86.8,-192.4,-0.0000,-118.4,-414.9,0.0276,420.7,95.7,0,0.0,0.0,0.0000,-9.97,-8.85,7.01,9.27
0.2826,0.2109,71.7,0,-506.0,579.2,-2.0727,-506.5,570.6,-2.0658,-86.8,-192.4,-0.0000,-119.7,-429.6,0.0276,434.2,101.7,0,0.0,0.0,0.0000,-10.75,-9.43,7.86,10.28
0.2909,0.2109,80.0,0,-506.0,579.2,-2.0727,-506.5,570.6,-2.0658,-86.8,-192.4,-0.0000,-121.1,-444.9,0.0276,448.3,107.8,0,0.0,0.0,0.0000,-11.43,-9.34,8.37,10.78
0.2991,0.2109,88.2,0,-506.0,579.2,-2.0727,-506.5,570.6,-2.0658,-86.8,-192.4,-0.0000,-121.8,-460.8,0.0276,462.6,114.9,0,0.0,0.0,0.0000,-11.56,-10.51,8.31,11.95
0.3067,0.2109,95.7,0,-506.0,579.2,-2.0727,-506.5,570.6,-2.0658,-86.8,-192.4,-0.0000,-123.0,-475.8,0.0276,476.3,121.1,0,0.0,0.0,0.0000,-11.97,-11.14,8.57,11.43
0.3146,0.3131,1.4,0,-521.5,558.9,-2.0980,-516.3,545.7,-2.0658,-101.9,-296.5,0.0000,-111.9,-464.5,0.1290,457.7,137.0,0,0.0,0.0,0.0000,-12.53,-11.11,8.53,11.06
0.3230,0.3131,9.9,0,-521.5,558.9,-2.0980,-516.3,545.7,-2.0658,-101.9,-296.5,0.0000,-97.7,-455.4,0.1290,442.7,144.7,0,0.0,0.0,0.0000,-11.45,-10.52,8.52,11.93
0.3306,0.3131,17.4,0,-521.5,558.9,-2.0980,-516.3,545.7,-2.0658,-101.9,-296.5,0.0000,-83.3,-450.9,0.1290,431.6,154.9,0,0.0,0.0,0.0000,-12.49,-11.90,8.49,12.56
0.3390,0.3131,25.8,0,-521.5,558.9,-2.0980,-516.3,545.7,-2.0658,-101.9,-296.5,0.0000,-70.3,-456.6,0.1290,429.9,169.0,0,0.0,0.0,0.0000,-14.58,-13.00,8.39,14.08
0.3461,0.3131,33.0,0,-521.5,558.9,-2.0980,-516.3,545.7,-2.0658,-101.9,-296.5,0.0000,-68.8,-463.9,0.1290,435.5,173.9,0,0.0,0.0,0.0000,-13.15,-12.15,9.08,14.53
0.3546,0.3131,41.4,0,-521.5,558.9,-2.0980,-516.3,545.7,-2.0658,-101.9,-296.5,0.0000,-67.1,-472.6,0.1290,442.2,179.8,0,0.0,0.0,0.0000,-12.62,-13.54,9.74,14.62
0.3629,0.3131,49.7,0,-521.5,558.9,-2.0980,-516.3,545.7,-2.0658,-101.9,-296.5,0.0000,-65.2,-482.2,0.1290,449.5,186.2,0,0.0,0.0,0.0000,-13.15,-15.37,10.41,15.19
0.3706,0.3131,57.5,0,-521.5,558.9,-2.0980,-516.3,545.7,-2.0658,-101.9,-296.5,0.0000,-63.5,-491.3,0.1290,456.5,192.3,0,0.0,0.0,0.0000,-12.22,-15.57,10.18,15.87
0.3781,0.3131,65.0,0,-521.5,558.9,-2.0980,-516.3,545.7,-2.0658,-101.9,-296.5,0.0000,-61.2,-496.2,0.1290,459.6,196.8,0,0.0,0.0,0.0000,-12.34,-15.35,10.45,16.49
0.3870,0.3131,73.9,0,-521.5,558.9,-2.0980,-516.3,545.7,-2.0658,-101.9,-296.5,0.0000,-57.8,-496.7,0.1290,458.3,200.0,0,0.0,0.0,0.0000,-13.08,-13.03,10.28,17.06
0.3950,0.3131,81.8,0,-521.5,558.9,-2.0980,-516.3,545.7,-2.0658,-101.9,-296.5,0.0000,-54.9,-497.0,0.1290,457.1,202.6,0,0.0,0.0,0.0000,-11.98,-14.36,10.18,18.12
0.4021,0.3131,88.9,0,-521.5,558.9,-2.0980,-516.3,545.7,-2.0658,-101.9,-296.5,0.0000,-52.3,-497.3,0.1290,456.1,205.0,0,0.0,0.0,0.0000,-11.57,-15.30,9.97,16.75
0.4101,0.3131,96.9,0,-521.5,558.9,-2.0980,-516.3,545.7,-2.0658,-101.9,-296.5,0.0000,-49.5,-497.5,0.1290,454.9,207.6,0,0.0,0.0,0.0000,-11.96,-16.20,10.47,18.07
0.4182,0.4139,4.3,0,-539.5,522.4,-2.1035,-526.1,510.5,-2.0658,-82.9,-392.1,-0.0000,-38.7,-485.4,0.1510,437.8,213.1,0,0.0,0.0,0.0000,-12.19,-14.99,10.49,19.58
0.4270,0.4139,13.1,0,-539.5,522.4,-2.1035,-526.1,510.5,-2.0658,-82.9,-392.1,-0.0000,-25.1,-474.3,0.1510,421.3,219.3,0,0.0,0.0,0.0000,-11.19,-15.63,10.13,19.12
0.4350,0.4139,21.1,0,-539.5,522.4,-2.1035,-526.1,510.5,-2.0658,-82.9,-392.1,-0.0000,-10.4,-467.8,0.1510,408.3,228.7,0,0.0,0.0,0.0000,-10.91,-12.26,9.81,20.04
0.4428,0.4139,28.9,0,-539.5,522.4,-2.1035,-526.1,510.5,-2.0658,-82.9,-392.1,-0.0000,5.2,-468.7,0.1510,401.1,242.5,0,0.0,0.0,0.0000,-11.06,-12.92,10.42,20.63
0.4503,0.4139,36.4,0,-539.5,522.4,-2.1035,-526.1,510.5,-2.0658,-82.9,-392.1,-0.0000,13.7,-477.7,0.1510,404.5,254.5,0,0.0,0.0,0.0000,-11.34,-15.55,10.26,20.76
0.4586,0.4139,44.7,0,-539.5,522.4,-2.1035,-526.1,510.5,-2.0658,-82.9,-392.1,-0.0000,16.0,-487.9,0.1510,412.2,261.5,0,0.0,0.0,0.0000,-10.86,-15.49,9.50,19.07
0.4663,0.4139,52.4,0,-539.5,522.4,-2.1035,-526.1,510.5,-2.0658,-82.9,-392.1,-0.0000,18.1,-497.3,0.1510,419.2,268.1,0,0.0,0.0,0.0000,-9.68,-17.26,9.47,19.45
0.4752,0.4139,61.3,0,-539.5,522.4,-2.1035,-526.1,510.5,-2.0658,-82.9,-392.1,-0.0000,21.1,-499.6,0.1510,419.6,271.9,0,0.0,0.0,0.0000,-8.50,-16.94,9.37,20.42
0.4828,0.4139,68.9,0,-539.5,522.4,-2.1035,-526.1,510.5,-2.0658,-82.9,-392.1,-0.0000,23.3,-499.5,0.1510,418.4,273.7,0,0.0,0.0,0.0000,-8.06,-16.08,8.75,20.66
0.4907,0.4139,76.8,0,-539.5,522.4,-2.1035,-526.1,510.5,-2.0658,-82.9,-392.1,-0.0000,26.5,-499.3,0.1510,416.7,276.4,0,0.0,0.0,0.0000,-7.85,-15.24,8.10,17.15
0.4983,0.4139,84.5,0,-539.5,522.4,-2.1035,-526.1,510.5,-2.0658,-82.9,-392.1,-0.0000,29.6,-499.1,0.1510,414.9,279.0,0,0.0,0.0,0.0000,-8.50,-15.96,6.32,15.40
0.5067,0.4139,92.9,0,-539.5,522.4,-2.1035,-526.1,510.5,-2.0658,-82.9,-392.1,-0.0000,31.9,-499.0,0.1510,413.6,280.9,0,0.0,0.0,0.0000,-8.79,-19.21,6.61,18.45
0.5143,0.4139,100.4,0,-539.5,522.4,-2.1035,-526.1,510.5,-2.0658,-82.9,-392.1,-0.0000,34.1,-498.8,0.1510,412.4,282.8,0,0.0,0.0,0.0000,-9.14,-19.08,6.82,20.85
0.5220,0.5172,4.8,0,-549.9,470.7,-2.0584,-531.9,469.6,-2.0658,-29.0,-399.3,-0.0000,40.2,-484.6,-0.0295,409.3,262.6,0,0.0,0.0,0.0000,-7.11,-18.20,6.59,21.39
0.5304,0.5172,13.3,0,-549.9,470.7,-2.0584,-531.9,469.6,-2.0658,-29.0,-399.3,-0.0000,48.1,-469.8,-0.0295,392.5,262.6,0,0.0,0.0,0.0000,-4.41,-17.93,6.52,20.63
0.5384,0.5172,21.2,0,-549.9,470.7,-2.0584,-531.9,469.6,-2.0658,-29.0,-399.3,-0.0000,57.7,-457.1,-0.0295,376.8,265.1,0,0.0,0.0,0.0000,-2.59,-18.01,5.83,19.94
0.5471,0.5172,30.0,0,-549.9,470.7,-2.0584,-531.9,469.6,-2.0658,-29.0,-399.3,-0.0000,72.0,-446.9,-0.0295,361.1,273.0,0,0.0,0.0,0.0000,-3.60,-18.69,4.51,19.52
0.5546,0.5172,37.4,0,-549.9,470.7,-2.0584,-531.9,469.6,-2.0658,-29.0,-399.3,-0.0000,86.9,-446.3,-0.0295,353.6,285.9,0,0.0,0.0,0.0000,-7.70,-19.04,5.02,19.56
0.5622,0.5172,45.0,0,-549.9,470.7,-2.0584,-531.9,469.6,-2.0658,-29.0,-399.3,-0.0000,92.3,-455.0,-0.0295,358.8,294.7,0,0.0,0.0,0.0000,-7.52,-19.74,5.51,20.10
0.5701,0.5172,53.0,0,-549.9,470.7,-2.0584,-531.9,469.6,-2.0658,-29.0,-399.3,-0.0000,96.3,-464.3,-0.0295,365.1,302.6,0,0.0,0.0,0.0000,-8.64,-19.66,5.09,21.15
0.5789,0.5172,61.7,0,-549.9,470.7,-2.0584,-531.9,469.6,-2.0658,-29.0,-399.3,-0.0000,100.7,-474.6,-0.0295,372.1,311.3,0,0.0,0.0,0.0000,-8.57,-20.08,4.23,20.44
0.5861,0.5172,68.9,0,-549.9,470.7,-2.0584,-531.9,469.6,-2.0658,-29.0,-399.3,-0.0000,104.7,-482.6,-0.0295,377.3,318.6,0,0.0,0.0,0.0000,-6.28,-19.78,3.85,19.41
0.5948,0.5172,77.7,0,-549.9,470.7,-2.0584,-531.9,469.6,-2.0658,-29.0,-399.3,-0.0000,108.4,-488.1,-0.0295,380.4,324.5,0,0.0,0.0,0.0000,-6.36,-19.62,3.31,19.39
0.6025,0.5172,85.4,0,-549.9,470.7,-2.0584,-531.9,469.6,-2.0658,-29.0,-399.3,-0.0000,111.4,-487.4,-0.0295,378.4,326.8,0,0.0,0.0,0.0000,-6.52,-21.83,2.01,19.77
0.6101,0.5172,92.9,0,-549.9,470.7,-2.0584,-531.9,469.6,-2.0658,-29.0,-399.3,-0.0000,114.6,-486.7,-0.0295,376.3,329.3,0,0.0,0.0,0.0000,-7.51,-20.39,1.82,20.06
0.6192,0.5172,102.0,0,-549.9,470.7,-2.0584,-531.9,469.6,-2.0658,-29.0,-399.3,-0.0000,116.3,-486.3,-0.0295,375.1,330.6,0,0.0,0.0,0.0000,-9.68,-20.27,2.60,19.42
0.6267,0.6198,6.9,0,-547.7,408.1,-2.0254,-532.1,428.6,-2.0658,25.3,-398.7,0.0000,116.8,-471.3,-0.1613,372.1,311.9,0,0.0,0.0,0.0000,-6.31,-20.85,2.38,18.27
0.6346,0.6198,14.8,0,-547.7,408.1,-2.0254,-532.1,428.6,-2.0658,25.3,-398.7,0.0000,118.1,-455.6,-0.1613,357.4,306.1,0,0.0,0.0,0.0000,-4.84,-20.41,1.82,18.85
0.6421,0.6198,22.4,0,-547.7,408.1,-2.0254,-532.1,428.6,-2.0658,25.3,-398.7,0.0000,120.1,-440.6,-0.1613,343.1,301.4,0,0.0,0.0,0.0000,-4.83,-21.17,1.04,19.36
0.6501,0.6198,30.4,0,-547.7,408.1,-2.0254,-532.1,428.6,-2.0658,25.3,-398.7,0.0000,123.6,-424.9,-0.1613,327.5,297.6,0,0.0,0.0,0.0000,-4.83,-21.55,1.29,18.93
0.6586,0.6198,38.8,0,-547.7,408.1,-2.0254,-532.1,428.6,-2.0658,25.3,-398.7,0.0000,129.6,-409.1,-0.1613,310.7,296.1,0,0.0,0.0,0.0000,-4.83,-21.20,1.28,18.79
0.6672,0.6198,47.5,0,-547.7,408.1,-2.0254,-532.1,428.6,-2.0658,25.3,-398.7,0.0000,139.8,-395.2,-0.1613,293.7,299.2,0,0.0,0.0,0.0000,-4.64,-21.23,0.99,18.70
0.6750,0.6198,55.2,0,-547.7,408.1,-2.0254,-532.1,428.6,-2.0658,25.3,-398.7,0.0000,153.9,-391.4,-0.1613,284.0,310.1,0,0.0,0.0,0.0000,-4.71,-21.31,0.20,18.19
0.6821,0.6198,62.3,0,-547.7,408.1,-2.0254,-532.1,428.6,-2.0658,25.3,-398.7,0.0000,158.3,-399.2,-0.1613,289.1,317.5,0,0.0,0.0,0.0000,-3.81,-19.27,-0.06,18.23
0.6909,0.6198,71.1,0,-547.7,408.1,-2.0254,-532.1,428.6,-2.0658,25.3,-398.7,0.0000,163.7,-408.8,-0.1613,295.4,326.6,0,0.0,0.0,0.0000,-4.39,-18.68,-1.25,17.86
0.6985,0.6198,78.8,0,-547.7,408.1,-2.0254,-532.1,428.6,-2.0658,25.3,-398.7,0.0000,169.4,-416.5,-0.1613,299.8,335.1,0,0.0,0.0,0.0000,-4.25,-19.81,-1.45,17.27
0.7071,0.6198,87.3,0,-547.7,408.1,-2.0254,-532.1,428.6,-2.0658,25.3,-398.7,0.0000,175.7,-425.3,-0.1613,304.9,344.6,0,0.0,0.0,0.0000,-3.57,-19.18,-1.54,16.98
0.7145,0.6198,94.8,0,-547.7,408.1,-2.0254,-532.1,428.6,-2.0658,25.3,-398.7,0.0000,181.5,-432.6,-0.1613,309.0,353.0,0,0.0,0.0,0.0000,-2.92,-19.35,-1.70,16.53
0.7221,0.6198,102.3,0,-547.7,408.1,-2.0254,-532.1,428.6,-2.0658,25.3,-398.7,0.0000,187.4,-439.9,-0.1613,312.9,361.6,0,0.0,0.0,0.0000,-2.80,-18.33,-2.02,15.83
0.7301,0.7228,7.2,0,-536.2,357.7,-2.0262,-526.6,387.8,-2.0658,80.0,-391.8,-0.0000,184.3,-424.2,-0.1584,299.9,352.1,0,0.0,0.0,0.0000,-2.91,-18.50,-3.10,16.14
0.7387,0.7228,15.9,0,-536.2,357.7,-2.0262,-526.6,387.8,-2.0658,80.0,-391.8,-0.0000,181.6,-407.1,-0.1584,285.8,342.2,0,0.0,0.0,0.0000,-2.91,-17.95,-3.63,16.60
0.7462,0.7228,23.3,0,-536.2,357.7,-2.0262,-526.6,387.8,-2.0658,80.0,-391.8,-0.0000,179.9,-392.3,-0.1584,273.2,334.1,0,0.0,0.0,0.0000,-2.27,-18.57,-3.12,15.84
0.7546,0.7228,31.8,0,-536.2,357.7,-2.0262,-526.6,387.8,-2.0658,80.0,-391.8,-0.0000,179.3,-375.3,-0.1584,258.2,326.1,0,0.0,0.0,0.0000,-1.27,-18.83,-3.76,15.74
0.7622,0.7228,39.4,0,-536.2,357.7,-2.0262,-526.6,387.8,-2.0658,80.0,-391.8,-0.0000,180.6,-360.2,-0.1584,244.1,320.6,0,0.0,0.0,0.0000,-2.15,-18.57,-3.80,15.36
0.7710,0.7228,48.2,0,-536.2,357.7,-2.0262,-526.6,387.8,-2.0658,80.0,-391.8,-0.0000,187.5,-344.1,-0.1584,226.6,319.8,0,0.0,0.0,0.0000,-2.84,-13.36,-3.45,15.44
0.7782,0.7228,55.4,0,-536.2,357.7,-2.0262,-526.6,387.8,-2.0658,80.0,-391.8,-0.0000,196.5,-344.2,-0.1584,222.8,327.8,0,0.0,0.0,0.0000,-1.97,-13.70,-3.91,15.17
0.7869,0.7228,64.1,0,-536.2,357.7,-2.0262,-526.6,387.8,-2.0658,80.0,-391.8,-0.0000,204.2,-352.0,-0.1584,226.3,338.2,0,0.0,0.0,0.0000,-1.20,-16.61,-3.35,14.50
0.7950,0.7228,72.2,0,-536.2,357.7,-2.0262,-526.6,387.8,-2.0658,80.0,-391.8,-0.0000,210.5,-359.8,-0.1584,230.5,347.3,0,0.0,0.0,0.0000,-0.95,-16.51,-3.85,13.83
0.8028,0.7228,80.0,0,-536.2,357.7,-2.0262,-526.6,387.8,-2.0658,80.0,-391.8,-0.0000,217.0,-367.2,-0.1584,234.4,356.4,0,0.0,0.0,0.0000,-1.16,-17.06,-3.70,14.14
0.8109,0.7228,88.1,0,-536.2,357.7,-2.0262,-526.6,387.8,-2.0658,80.0,-391.8,-0.0000,223.6,-374.8,-0.1584,238.3,365.7,0,0.0,0.0,0.0000,-0.52,-16.12,-4.09,13.84
0.8185,0.7228,95.7,0,-536.2,357.7,-2.0262,-526.6,387.8,-2.0658,80.0,-391.8,-0.0000,229.9,-382.2,-0.1584,242.1,374.6,0,0.0,0.0,0.0000,-0.07,-15.51,-4.46,13.96
0.8263,0.8251,1.2,0,-515.1,306.6,-2.0696,-515.7,348.4,-2.0658,133.4,-377.7,-0.0000,224.4,-367.7,0.0154,215.5,372.9,0,0.0,0.0,0.0000,-0.06,-15.45,-4.27,13.32
0.8347,0.8251,9.6,0,-515.1,306.6,-2.0696,-515.7,348.4,-2.0658,133.4,-377.7,-0.0000,219.0,-351.8,0.0154,204.2,360.6,0,0.0,0.0,0.0000,-0.24,-16.79,-4.16,13.04
0.8423,0.8251,17.2,0,-515.1,306.6,-2.0696,-515.7,348.4,-2.0658,133.4,-377.7,-0.0000,214.6,-337.2,0.0154,193.5,349.8,0,0.0,0.0,0.0000,0.63,-15.79,-4.27,13.52
0.8511,0.8251,26.0,0,-515.1,306.6,-2.0696,-515.7,348.4,-2.0658,133.4,-377.7,-0.0000,210.6,-320.1,0.0154,180.3,338.1,0,0.0,0.0,0.0000,0.52,-16.99,-4.57,12.96
0.8583,0.8251,33.3,0,-515.1,306.6,-2.0696,-515.7,348.4,-2.0658,133.4,-377.7,-0.0000,208.6,-305.7,0.0154,168.6,329.4,0,0.0,0.0,0.0000,0.88,-15.60,-4.38,10.03
0.8669,0.8251,41.9,0,-515.1,306.6,-2.0696,-515.7,348.4,-2.0658,133.4,-377.7,-0.0000,209.7,-288.5,0.0154,153.0,322.2,0,0.0,0.0,0.0000,2.38,-15.78,-4.33,9.43
0.8749,0.8251,49.9,0,-515.1,306.6,-2.0696,-515.7,348.4,-2.0658,133.4,-377.7,-0.0000,218.0,-277.9,0.0154,139.7,324.3,0,0.0,0.0,0.0000,2.68,-16.06,-4.85,11.06
0.8823,0.8251,57.2,0,-515.1,306.6,-2.0696,-515.7,348.4,-2.0658,133.4,-377.7,-0.0000,224.4,-283.7,0.0154,141.8,332.8,0,0.0,0.0,0.0000,3.29,-14.51,-4.48,12.16
0.8902,0.8251,65.1,0,-515.1,306.6,-2.0696,-515.7,348.4,-2.0658,133.4,-377.7,-0.0000,232.4,-290.0,0.0154,143.5,342.8,0,0.0,0.0,0.0000,2.79,-14.04,-4.35,12.24
0.8987,0.8251,73.6,0,-515.1,306.6,-2.0696,-515.7,348.4,-2.0658,133.4,-377.7,-0.0000,241.3,-296.7,0.0154,145.1,353.9,0,0.0,0.0,0.0000,4.04,-13.19,-4.77,12.96
0.9070,0.8251,81.9,0,-515.1,306.6,-2.0696,-515.7,348.4,-2.0658,133.4,-377.7,-0.0000,248.8,-303.6,0.0154,147.5,363.7,0,0.0,0.0,0.0000,4.36,-13.42,-4.27,12.16
0.9148,0.8251,89.7,0,-515.1,306.6,-2.0696,-515.7,348.4,-2.0658,133.4,-377.7,-0.0000,256.0,-309.8,0.0154,149.6,373.0,0,0.0,0.0,0.0000,4.51,-12.05,-4.40,11.90
0.9231,0.8251,98.0,0,-515.1,306.6,-2.0696,-515.7,348.4,-2.0658,133.4,-377.7,-0.0000,264.2,-316.7,0.0154,151.7,383.6,0,0.0,0.0,0.0000,4.56,-11.87,-4.80,11.67
0.9302,0.9301,0.1,0,-494.0,271.5,-2.0749,-499.0,309.9,-2.0658,184.2,-354.9,0.0000,257.3,-304.4,0.0367,142.2,372.3,0,0.0,0.0,0.0000,4.88,-11.57,-4.51,11.56
0.9387,0.9301,8.6,0,-494.0,271.5,-2.0749,-499.0,309.9,-2.0658,184.2,-354.9,0.0000,249.6,-289.1,0.0367,132.6,358.3,0,0.0,0.0,0.0000,4.58,-11.34,-4.78,10.75
0.9472,0.9301,17.1,0,-494.0,271.5,-2.0749,-499.0,309.9,-2.0658,184.2,-354.9,0.0000,243.2,-273.3,0.0367,121.8,344.9,0,0.0,0.0,0.0000,4.23,-11.40,-4.62,10.76
0.9542,0.9301,24.1,0,-494.0,271.5,-2.0749,-499.0,309.9,-2.0658,184.2,-354.9,0.0000,239.5,-259.7,0.0367,111.7,335.2,0,0.0,0.0,0.0000,6.73,-10.77,-5.33,11.20
0.9628,0.9301,32.7,0,-494.0,271.5,-2.0749,-499.0,309.9,-2.0658,184.2,-354.9,0.0000,241.4,-242.7,0.0367,95.9,328.6,0,0.0,0.0,0.0000,5.64,-10.59,-5.10,10.89
0.9708,0.9301,40.7,0,-494.0,271.5,-2.0749,-499.0,309.9,-2.0658,184.2,-354.9,0.0000,249.9,-246.6,0.0367,95.2,337.9,0,0.0,0.0,0.0000,5.45,-10.41,-4.86,10.73
0.9781,0.9301,48.0,0,-494.0,271.5,-2.0749,-499.0,309.9,-2.0658,184.2,-354.9,0.0000,257.6,-251.9,0.0367,96.1,347.2,0,0.0,0.0,0.0000,4.98,-10.48,-5.01,11.29
0.9861,0.9301,56.0,0,-494.0,271.5,-2.0749,-499.0,309.9,-2.0658,184.2,-354.9,0.0000,265.5,-257.8,0.0367,97.4,357.0,0,0.0,0.0,0.0000,5.00,-10.59,-5.22,10.83
0.9947,0.9301,64.6,0,-494.0,271.5,-2.0749,-499.0,309.9,-2.0658,184.2,-354.9,0.0000,274.0,-264.3,0.0367,99.1,367.6,0,0.0,0.0,0.0000,5.10,-10.13,-4.61,9.89
1.0022,0.9301,72.1,0,-494.0,271.5,-2.0749,-499.0,309.9,-2.0658,184.2,-354.9,0.0000,282.3,-268.6,0.0367,98.8,377.0,0,0.0,0.0,0.0000,5.19,-9.60,-4.60,9.97
1.0111,0.9301,81.0,0,-494.0,271.5,-2.0749,-499.0,309.9,-2.0658,184.2,-354.9,0.0000,292.4,-273.5,0.0367,98.2,388.1,0,0.0,0.0,0.0000,5.92,-9.04,-5.05,9.55
1.0182,0.9301,88.1,0,-494.0,271.5,-2.0749,-499.0,309.9,-2.0658,184.2,-354.9,0.0000,299.9,-278.4,0.0367,98.9,397.1,0,0.0,0.0,0.0000,5.87,-9.35,-5.51,9.88
1.0266,0.9301,96.5,0,-494.0,271.5,-2.0749,-499.0,309.9,-2.0658,184.2,-354.9,0.0000,308.9,-284.2,0.0367,99.6,407.7,0,0.0,0.0,0.0000,4.48,-9.10,-5.78,9.55
1.0346,1.0313,3.3,0,-466.0,241.3,-2.0357,-478.0,275.3,-2.0658,230.2,-327.1,-0.0000,298.3,-272.2,-0.1201,109.6,388.7,0,0.0,0.0,0.0000,5.01,-9.47,-5.39,9.55
1.0423,1.0313,11.0,0,-466.0,241.3,-2.0357,-478.0,275.3,-2.0658,230.2,-327.1,-0.0000,288.6,-260.5,-0.1201,103.4,374.7,0,0.0,0.0,0.0000,5.27,-9.80,-5.61,9.54
1.0507,1.0313,19.4,0,-466.0,241.3,-2.0357,-478.0,275.3,-2.0658,230.2,-327.1,-0.0000,278.6,-246.8,-0.1201,95.7,359.7,0,0.0,0.0,0.0000,4.61,-9.91,-6.06,8.81
1.0585,1.0313,27.2,0,-466.0,241.3,-2.0357,-478.0,275.3,-2.0658,230.2,-327.1,-0.0000,270.8,-233.3,-0.1201,87.1,346.7,0,0.0,0.0,0.0000,4.78,-9.50,-6.27,8.32
1.0670,1.0313,35.7,0,-466.0,241.3,-2.0357,-478.0,275.3,-2.0658,230.2,-327.1,-0.0000,269.2,-218.2,-0.1201,74.3,338.4,0,0.0,0.0,0.0000,4.98,-9.51,-6.48,8.31
1.0747,1.0313,43.4,0,-466.0,241.3,-2.0357,-478.0,275.3,-2.0658,230.2,-327.1,-0.0000,278.0,-222.3,-0.1201,74.0,348.2,0,0.0,0.0,0.0000,5.53,-8.97,-6.60,8.25
1.0824,1.0313,51.1,0,-466.0,241.3,-2.0357,-478.0,275.3,-2.0658,230.2,-327.1,-0.0000,286.7,-226.7,-0.1201,74.1,357.9,0,0.0,0.0,0.0000,5.69,-9.06,-7.47,7.86
1.0911,1.0313,59.8,0,-466.0,241.3,-2.0357,-478.0,275.3,-2.0658,230.2,-327.1,-0.0000,296.7,-231.5,-0.1201,73.9,369.0,0,0.0,0.0,0.0000,5.44,-9.84,-7.22,7.71
1.0987,1.0313,67.4,0,-466.0,241.3,-2.0357,-478.0,275.3,-2.0658,230.2,-327.1,-0.0000,304.9,-235.8,-0.1201,74.0,378.2,0,0.0,0.0,0.0000,4.09,-9.64,-6.91,7.33
1.1072,1.0313,75.9,0,-466.0,241.3,-2.0357,-478.0,275.3,-2.0658,230.2,-327.1,-0.0000,314.2,-240.6,-0.1201,74.2,388.7,0,0.0,0.0,0.0000,2.08,-9.30,-7.22,7.20
1.1143,1.0313,83.0,0,-466.0,241.3,-2.0357,-478.0,275.3,-2.0658,230.2,-327.1,-0.0000,322.8,-243.8,-0.1201,73.1,397.8,0,0.0,0.0,0.0000,2.44,-9.18,-7.40,7.14
1.1228,1.0313,91.5,0,-466.0,241.3,-2.0357,-478.0,275.3,-2.0658,230.2,-327.1,-0.0000,333.4,-247.4,-0.1201,71.6,408.9,0,0.0,0.0,0.0000,3.47,-9.56,-8.00,6.84
1.1315,1.1315,0.1,0,-436.7,221.7,-2.0073,-452.8,244.2,-2.0658,271.7,-294.0,-0.0000,319.0,-237.4,-0.2340,80.3,389.4,0,0.0,0.0,0.0000,4.57,-10.07,-7.20,7.25
1.1388,1.1315,7.4,0,-436.7,221.7,-2.0073,-452.8,244.2,-2.0658,271.7,-294.0,-0.0000,307.1,-228.9,-0.2340,77.6,375.1,0,0.0,0.0,0.0000,4.94,-9.75,-7.36,7.24
1.1465,1.1315,15.1,0,-436.7,221.7,-2.0073,-452.8,244.2,-2.0658,271.7,-294.0,-0.0000,295.2,-219.2,-0.2340,73.8,360.2,0,0.0,0.0,0.0000,5.47,-9.83,-8.24,7.47
1.1552,1.1315,23.8,0,-436.7,221.7,-2.0073,-452.8,244.2,-2.0658,271.7,-294.0,-0.0000,284.1,-205.8,-0.2340,66.4,344.4,0,0.0,0.0,0.0000,5.37,-10.41,-7.95,6.96
1.1627,1.1315,31.2,0,-436.7,221.7,-2.0073,-452.8,244.2,-2.0658,271.7,-294.0,-0.0000,291.2,-207.4,-0.2340,64.9,351.6,0,0.0,0.0,0.0000,5.96,-9.71,-7.70,7.18
1.1701,1.1315,38.7,0,-436.7,221.7,-2.0073,-452.8,244.2,-2.0658,271.7,-294.0,-0.0000,299.8,-210.7,-0.2340,64.2,360.8,0,0.0,0.0,0.0000,5.96,-9.20,-8.63,6.89
1.1787,1.1315,47.2,0,-436.7,221.7,-2.0073,-452.8,244.2,-2.0658,271.7,-294.0,-0.0000,310.4,-214.1,-0.2340,62.9,371.8,0,0.0,0.0,0.0000,6.43,-9.08,-9.05,6.42
1.1863,1.1315,54.8,0,-436.7,221.7,-2.0073,-452.8,244.2,-2.0658,271.7,-294.0,-0.0000,320.0,-217.2,-0.2340,61.5,381.8,0,0.0,0.0,0.0000,6.11,-9.18,-8.43,6.07
1.1947,1.1315,63.2,0,-436.7,221.7,-2.0073,-452.8,244.2,-2.0658,271.7,-294.0,-0.0000,329.6,-220.4,-0.2340,60.4,391.9,0,0.0,0.0,0.0000,5.79,-9.95,-8.95,6.67
1.2030,1.1315,71.5,0,-436.7,221.7,-2.0073,-452.8,244.2,-2.0658,271.7,-294.0,-0.0000,339.2,-223.6,-0.2340,59.2,401.9,0,0.0,0.0,0.0000,6.33,-9.45,-8.76,6.60
1.2104,1.1315,79.0,0,-436.7,221.7,-2.0073,-452.8,244.2,-2.0658,271.7,-294.0,-0.0000,348.4,-226.1,-0.2340,57.7,411.3,0,0.0,0.0,0.0000,5.55,-9.84,-8.80,7.35
1.2193,1.1315,87.9,0,-436.7,221.7,-2.0073,-452.8,244.2,-2.0658,271.7,-294.0,-0.0000,359.5,-229.2,-0.2340,55.7,422.7,0,0.0,0.0,0.0000,4.92,-9.97,-8.66,7.00
1.2268,1.1315,95.3,0,-436.7,221.7,-2.0073,-452.8,244.2,-2.0658,271.7,-294.0,-0.0000,368.5,-231.5,-0.2340,54.0,431.8,0,0.0,0.0,0.0000,4.85,-9.64,-8.25,6.50
1.2345,1.1315,103.1,0,-436.7,221.7,-2.0073,-452.8,244.2,-2.0658,271.7,-294.0,-0.0000,377.9,-233.8,-0.2340,52.1,441.3,0,0.0,0.0,0.0000,5.12,-10.05,-4.63,6.82
1.2429,1.2353,7.6,0,-403.8,203.1,-2.0106,-422.6,215.8,-2.0658,309.7,-253.1,-0.0000,363.6,-225.2,-0.2206,48.9,424.9,0,0.0,0.0,0.0000,4.42,-10.16,-5.30,6.87
1.2503,1.2353,15.0,0,-403.8,203.1,-2.0106,-422.6,215.8,-2.0658,309.7,-253.1,-0.0000,351.1,-217.1,-0.2206,46.9,410.1,0,0.0,0.0,0.0000,4.42,-9.77,-7.01,7.06
1.2586,1.2353,23.3,0,-403.8,203.1,-2.0106,-422.6,215.8,-2.0658,309.7,-253.1,-0.0000,337.8,-207.3,-0.2206,43.7,393.9,0,0.0,0.0,0.0000,5.51,-9.41,-8.52,7.38
1.2668,1.2353,31.5,0,-403.8,203.1,-2.0106,-422.6,215.8,-2.0658,309.7,-253.1,-0.0000,326.2,-195.7,-0.2206,38.2,378.5,0,0.0,0.0,0.0000,5.51,-9.97,-9.72,7.36
1.2748,1.2353,39.5,0,-403.8,203.1,-2.0106,-422.6,215.8,-2.0658,309.7,-253.1,-0.0000,328.4,-189.9,-0.2206,32.0,378.0,0,0.0,0.0,0.0000,5.59,-10.32,-9.22,7.65
1.2824,1.2353,47.1,0,-403.8,203.1,-2.0106,-422.6,215.8,-2.0658,309.7,-253.1,-0.0000,337.8,-191.7,-0.2206,29.6,387.2,0,0.0,0.0,0.0000,5.66,-10.47,-9.13,7.33
1.2907,1.2353,55.4,0,-403.8,203.1,-2.0106,-422.6,215.8,-2.0658,309.7,-253.1,-0.0000,348.2,-193.1,-0.2206,26.5,397.3,0,0.0,0.0,0.0000,5.71,-10.52,-9.57,6.95
1.2983,1.2353,63.0,0,-403.8,203.1,-2.0106,-422.6,215.8,-2.0658,309.7,-253.1,-0.0000,357.9,-194.2,-0.2206,23.3,406.6,0,0.0,0.0,0.0000,5.92,-10.41,-9.66,7.26
1.3072,1.2353,71.9,0,-403.8,203.1,-2.0106,-422.6,215.8,-2.0658,309.7,-253.1,-0.0000,368.5,-196.2,-0.2206,20.6,417.0,0,0.0,0.0,0.0000,6.00,-10.40,-9.42,7.20
1.3149,1.2353,79.6,0,-403.8,203.1,-2.0106,-422.6,215.8,-2.0658,309.7,-253.1,-0.0000,377.8,-197.5,-0.2206,17.9,425.9,0,0.0,0.0,0.0000,6.37,-9.31,-8.41,7.28
1.3225,1.2353,87.2,0,-403.8,203.1,-2.0106,-422.6,215.8,-2.0658,309.7,-253.1,-0.0000,387.5,-199.6,-0.2206,15.6,435.6,0,0.0,0.0,0.0000,6.09,-10.00,-8.87,7.08
1.3301,1.2353,94.8,0,-403.8,203.1,-2.0106,-422.6,215.8,-2.0658,309.7,-253.1,-0.0000,397.2,-202.0,-0.2206,13.6,445.4,0,0.0,0.0,0.0000,5.37,-7.88,-9.22,7.35
1.3393,1.3379,1.4,0,-372.0,187.0,-2.0297,-389.1,192.1,-2.0658,341.3,-208.7,-0.0000,381.3,-192.8,-0.1443,4.0,427.3,0,0.0,0.0,0.0000,6.23,-6.95,-9.14,7.71
1.3467,1.3379,8.8,0,-372.0,187.0,-2.0297,-389.1,192.1,-2.0658,341.3,-208.7,-0.0000,369.0,-184.7,-0.1443,2.1,412.6,0,0.0,0.0,0.0000,6.24,-8.75,-8.12,7.96
1.3542,1.3379,16.3,0,-372.0,187.0,-2.0297,-389.1,192.1,-2.0658,341.3,-208.7,-0.0000,357.3,-175.3,-0.1443,-1.1,397.9,0,0.0,0.0,0.0000,5.90,-9.79,-9.57,8.89
1.3624,1.3379,24.6,0,-372.0,187.0,-2.0297,-389.1,192.1,-2.0658,341.3,-208.7,-0.0000,347.0,-162.4,-0.1443,-8.1,383.0,0,0.0,0.0,0.0000,6.46,-10.77,-9.68,8.55
1.3710,1.3379,33.1,0,-372.0,187.0,-2.0297,-389.1,192.1,-2.0658,341.3,-208.7,-0.0000,352.7,-157.2,-0.1443,-15.3,385.8,0,0.0,0.0,0.0000,6.75,-11.58,-9.35,7.88
1.3783,1.3379,40.4,0,-372.0,187.0,-2.0297,-389.1,192.1,-2.0658,341.3,-208.7,-0.0000,362.0,-158.0,-0.1443,-18.7,394.5,0,0.0,0.0,0.0000,5.99,-10.44,-9.00,7.44
1.3865,1.3379,48.6,0,-372.0,187.0,-2.0297,-389.1,192.1,-2.0658,341.3,-208.7,-0.0000,372.0,-158.6,-0.1443,-22.6,403.8,0,0.0,0.0,0.0000,6.47,-10.68,-9.60,7.88
1.3941,1.3379,56.2,0,-372.0,187.0,-2.0297,-389.1,192.1,-2.0658,341.3,-208.7,-0.0000,381.3,-159.3,-0.1443,-26.1,412.4,0,0.0,0.0,0.0000,6.11,-10.12,-9.29,7.94
1.4028,1.3379,64.9,0,-372.0,187.0,-2.0297,-389.1,192.1,-2.0658,341.3,-208.7,-0.0000,392.5,-159.1,-0.1443,-31.3,422.4,0,0.0,0.0,0.0000,6.48,-10.60,-10.49,7.68
1.4104,1.3379,72.5,0,-372.0,187.0,-2.0297,-389.1,192.1,-2.0658,341.3,-208.7,-0.0000,402.4,-158.7,-0.1443,-36.0,431.0,0,0.0,0.0,0.0000,7.27,-9.93,-9.68,7.64
1.4182,1.3379,80.3,0,-372.0,187.0,-2.0297,-389.1,192.1,-2.0658,341.3,-208.7,-0.0000,412.0,-159.3,-0.1443,-39.7,440.0,0,0.0,0.0,0.0000,7.28,-9.83,-9.52,7.69
1.4270,1.3379,89.1,0,-372.0,187.0,-2.0297,-389.1,192.1,-2.0658,341.3,-208.7,-0.0000,422.9,-160.1,-0.1443,-43.8,450.1,0,0.0,0.0,0.0000,6.86,-10.10,-9.42,7.53
1.4351,1.3379,97.2,0,-372.0,187.0,-2.0297,-389.1,192.1,-2.0658,341.3,-208.7,-0.0000,433.0,-159.5,-0.1443,-48.8,458.9,0,0.0,0.0,0.0000,7.97,-10.60,-9.99,7.53
1.4428,1.4394,3.4,0,-341.7,169.6,-2.0377,-353.1,173.3,-2.0658,366.4,-160.0,0.0000,420.1,-151.1,-0.1124,-54.1,443.1,0,0.0,0.0,0.0000,8.70,-11.85,-10.36,8.09
1.4510,1.4394,11.6,0,-341.7,169.6,-2.0377,-353.1,173.3,-2.0658,366.4,-160.0,0.0000,407.1,-141.1,-0.1124,-57.3,427.0,0,0.0,0.0,0.0000,8.41,-12.36,-10.01,7.20
1.4589,1.4394,19.5,0,-341.7,169.6,-2.0377,-353.1,173.3,-2.0658,366.4,-160.0,0.0000,396.0,-129.8,-0.1124,-62.3,412.1,0,0.0,0.0,0.0000,7.83,-10.64,-9.70,7.36
1.4672,1.4394,27.8,0,-341.7,169.6,-2.0377,-353.1,173.3,-2.0658,366.4,-160.0,0.0000,388.2,-115.3,-0.1124,-71.8,398.5,0,0.0,0.0,0.0000,8.22,-9.91,-10.90,7.45
1.4748,1.4394,35.3,0,-341.7,169.6,-2.0377,-353.1,173.3,-2.0658,366.4,-160.0,0.0000,392.9,-105.1,-0.1124,-83.0,398.2,0,0.0,0.0,0.0000,9.47,-10.18,-11.13,7.53
1.4831,1.4394,43.7,0,-341.7,169.6,-2.0377,-353.1,173.3,-2.0658,366.4,-160.0,0.0000,402.5,-104.4,-0.1124,-87.9,406.4,0,0.0,0.0,0.0000,8.74,-10.42,-10.63,7.42
1.4906,1.4394,51.2,0,-341.7,169.6,-2.0377,-353.1,173.3,-2.0658,366.4,-160.0,0.0000,411.0,-103.8,-0.1124,-92.3,413.7,0,0.0,0.0,0.0000,9.18,-11.04,-11.02,7.15
1.4984,1.4394,59.0,0,-341.7,169.6,-2.0377,-353.1,173.3,-2.0658,366.4,-160.0,0.0000,421.5,-102.8,-0.1124,-97.9,422.7,0,0.0,0.0,0.0000,9.26,-10.14,-10.65,7.27
1.5068,1.4394,67.3,0,-341.7,169.6,-2.0377,-353.1,173.3,-2.0658,366.4,-160.0,0.0000,432.9,-101.8,-0.1124,-103.9,432.4,0,0.0,0.0,0.0000,9.80,-10.06,-10.52,6.84
1.5148,1.4394,75.3,0,-341.7,169.6,-2.0377,-353.1,173.3,-2.0658,366.4,-160.0,0.0000,442.5,-100.2,-0.1124,-109.7,440.2,0,0.0,0.0,0.0000,10.01,-9.38,-11.70,6.92
1.5231,1.4394,83.7,0,-341.7,169.6,-2.0377,-353.1,173.3,-2.0658,366.4,-160.0,0.0000,452.8,-98.2,-0.1124,-116.1,448.6,0,0.0,0.0,0.0000,9.38,-9.56,-12.49,6.33
1.5312,1.4394,91.8,0,-341.7,169.6,-2.0377,-353.1,173.3,-2.0658,366.4,-160.0,0.0000,462.8,-97.3,-0.1124,-121.4,457.0,0,0.0,0.0,0.0000,10.60,-9.91,-12.47,5.60
1.5384,1.4394,99.0,0,-341.7,169.6,-2.0377,-353.1,173.3,-2.0658,366.4,-160.0,0.0000,471.8,-96.3,-0.1124,-126.4,464.6,0,0.0,0.0,0.0000,10.18,-9.42,-11.59,5.65
1.5461,1.5418,4.3,0,-301.6,153.9,-2.0103,-314.6,159.5,-2.0658,384.7,-108.8,0.0000,457.7,-90.1,-0.2218,-113.2,452.6,0,0.0,0.0,0.0000,8.33,-9.32,-12.67,6.22
1.5544,1.5418,12.6,0,-301.6,153.9,-2.0103,-314.6,159.5,-2.0658,384.7,-108.8,0.0000,442.8,-82.6,-0.2218,-113.7,435.9,0,0.0,0.0,0.0000,11.07,-8.93,-13.26,5.87
1.5626,1.5418,20.9,0,-301.6,153.9,-2.0103,-314.6,159.5,-2.0658,384.7,-108.8,0.0000,428.9,-73.9,-0.2218,-115.6,419.6,0,0.0,0.0,0.0000,11.83,-8.85,-13.11,5.35
1.5702,1.5418,28.4,0,-301.6,153.9,-2.0103,-314.6,159.5,-2.0658,384.7,-108.8,0.0000,417.3,-64.1,-0.2218,-119.5,404.9,0,0.0,0.0,0.0000,11.75,-9.32,-12.89,5.60
1.5782,1.5418,36.4,0,-301.6,153.9,-2.0103,-314.6,159.5,-2.0658,384.7,-108.8,0.0000,408.3,-51.0,-0.2218,-127.6,391.2,0,0.0,0.0,0.0000,11.78,-8.82,-13.28,6.20
1.5862,1.5418,44.4,0,-301.6,153.9,-2.0103,-314.6,159.5,-2.0658,384.7,-108.8,0.0000,410.2,-37.4,-0.2218,-140.7,387.1,0,0.0,0.0,0.0000,12.93,-8.30,-13.87,5.83
1.5945,1.5418,52.8,0,-301.6,153.9,-2.0103,-314.6,159.5,-2.0658,384.7,-108.8,0.0000,420.4,-35.3,-0.2218,-146.9,395.5,0,0.0,0.0,0.0000,11.64,-7.83,-14.18,4.56
1.6023,1.5418,60.5,0,-301.6,153.9,-2.0103,-314.6,159.5,-2.0658,384.7,-108.8,0.0000,429.9,-33.3,-0.2218,-152.8,403.2,0,0.0,0.0,0.0000,13.35,-8.13,-15.35,4.00
1.6102,1.5418,68.4,0,-301.6,153.9,-2.0103,-314.6,159.5,-2.0658,384.7,-108.8,0.0000,439.7,-31.1,-0.2218,-159.0,411.2,0,0.0,0.0,0.0000,12.11,-8.22,-14.45,4.52
1.6188,1.5418,77.0,0,-301.6,153.9,-2.0103,-314.6,159.5,-2.0658,384.7,-108.8,0.0000,450.4,-28.7,-0.2218,-165.7,419.8,0,0.0,0.0,0.0000,11.85,-8.58,-13.63,4.39
1.6272,1.5418,85.4,0,-301.6,153.9,-2.0103,-314.6,159.5,-2.0658,384.7,-108.8,0.0000,460.2,-25.4,-0.2218,-172.8,427.3,0,0.0,0.0,0.0000,13.14,-8.32,-13.99,3.99
1.6347,1.5418,92.9,0,-301.6,153.9,-2.0103,-314.6,159.5,-2.0658,384.7,-108.8,0.0000,469.0,-22.4,-0.2218,-179.3,434.0,0,0.0,0.0,0.0000,13.02,-8.47,-14.41,3.92
1.6431,1.5418,101.3,0,-301.6,153.9,-2.0103,-314.6,159.5,-2.0658,384.7,-108.8,0.0000,479.5,-19.8,-0.2218,-186.1,442.3,0,0.0,0.0,0.0000,12.99,-6.37,-14.60,3.39
1.6501,1.6442,5.9,0,-258.5,145.6,-2.0064,-274.6,151.0,-2.0658,395.6,-56.3,0.0000,465.8,-16.7,-0.2375,-181.4,429.3,0,0.0,0.0,0.0000,12.56,-7.31,-15.82,3.45
1.6590,1.6442,14.8,0,-258.5,145.6,-2.0064,-274.6,151.0,-2.0658,395.6,-56.3,0.0000,448.6,-11.7,-0.2375,-178.7,411.7,0,0.0,0.0,0.0000,13.84,-9.34,-15.68,3.61
1.6663,1.6442,22.1,0,-258.5,145.6,-2.0064,-274.6,151.0,-2.0658,395.6,-56.3,0.0000,434.9,-6.8,-0.2375,-177.4,397.2,0,0.0,0.0,0.0000,13.29,-8.21,-14.50,3.22
1.6748,1.6442,30.6,0,-258.5,145.6,-2.0064,-274.6,151.0,-2.0658,395.6,-56.3,0.0000,419.8,1.1,-0.2375,-178.1,380.2,0,0.0,0.0,0.0000,12.78,-7.40,-15.43,3.10
1.6825,1.6442,38.3,0,-258.5,145.6,-2.0064,-274.6,151.0,-2.0658,395.6,-56.3,0.0000,408.2,11.2,-0.2375,-182.4,365.4,0,0.0,0.0,0.0000,12.68,-7.15,-15.02,3.05
1.6902,1.6442,46.0,0,-258.5,145.6,-2.0064,-274.6,151.0,-2.0658,395.6,-56.3,0.0000,406.4,24.1,-0.2375,-193.4,358.2,0,0.0,0.0,0.0000,14.85,-6.82,-15.57,2.70
1.6985,1.6442,54.3,0,-258.5,145.6,-2.0064,-274.6,151.0,-2.0658,395.6,-56.3,0.0000,416.7,27.7,-0.2375,-201.0,366.1,0,0.0,0.0,0.0000,13.51,-6.96,-15.61,1.94
1.7062,1.6442,62.0,0,-258.5,145.6,-2.0064,-274.6,151.0,-2.0658,395.6,-56.3,0.0000,425.3,31.2,-0.2375,-207.8,372.4,0,0.0,0.0,0.0000,13.84,-6.98,-15.50,1.72
1.7147,1.6442,70.5,0,-258.5,145.6,-2.0064,-274.6,151.0,-2.0658,395.6,-56.3,0.0000,434.7,35.2,-0.2375,-215.3,379.3,0,0.0,0.0,0.0000,13.97,-7.25,-15.17,1.45
1.7230,1.6442,78.8,0,-258.5,145.6,-2.0064,-274.6,151.0,-2.0658,395.6,-56.3,0.0000,444.4,39.0,-0.2375,-222.9,386.4,0,0.0,0.0,0.0000,13.64,-6.58,-15.33,0.63
1.7306,1.6442,86.4,0,-258.5,145.6,-2.0064,-274.6,151.0,-2.0658,395.6,-56.3,0.0000,453.3,42.4,-0.2375,-229.7,393.0,0,0.0,0.0,0.0000,12.99,-5.81,-15.98,0.76
1.7388,1.6442,94.6,0,-258.5,145.6,-2.0064,-274.6,151.0,-2.0658,395.6,-56.3,0.0000,462.8,47.2,-0.2375,-238.1,399.7,0,0.0,0.0,0.0000,14.90,-5.83,-15.41,1.67
1.7470,1.7437,3.3,0,-216.4,142.0,-2.0186,-234.9,148.1,-2.0658,400.1,-3.0,-0.0000,446.5,49.4,-0.1887,-237.9,381.1,0,0.0,0.0,0.0000,13.10,-5.17,-17.21,1.26
1.7541,1.7437,10.4,0,-216.4,142.0,-2.0186,-234.9,148.1,-2.0658,400.1,-3.0,-0.0000,432.5,52.0,-0.1887,-234.1,367.4,0,0.0,0.0,0.0000,13.20,-5.15,-16.60,0.52
1.7629,1.7437,19.2,0,-216.4,142.0,-2.0186,-234.9,148.1,-2.0658,400.1,-3.0,-0.0000,415.5,56.6,-0.1887,-230.9,350.1,0,0.0,0.0,0.0000,12.22,-4.96,-12.14,0.17
1.7710,1.7437,27.2,0,-216.4,142.0,-2.0186,-234.9,148.1,-2.0658,400.1,-3.0,-0.0000,400.8,63.0,-0.1887,-230.3,334.0,0,0.0,0.0,0.0000,12.85,-5.10,-12.80,0.08
1.7787,1.7437,35.0,0,-216.4,142.0,-2.0186,-234.9,148.1,-2.0658,400.1,-3.0,-0.0000,389.1,73.1,-0.1887,-234.3,319.1,0,0.0,0.0,0.0000,11.65,-4.69,-14.71,0.01
1.7870,1.7437,43.3,0,-216.4,142.0,-2.0186,-234.9,148.1,-2.0658,400.1,-3.0,-0.0000,390.9,84.5,-0.1887,-245.4,315.7,0,0.0,0.0,0.0000,14.09,-3.91,-16.32,-0.36
1.7944,1.7437,50.6,0,-216.4,142.0,-2.0186,-234.9,148.1,-2.0658,400.1,-3.0,-0.0000,399.2,88.8,-0.1887,-252.9,321.4,0,0.0,0.0,0.0000,14.24,-3.90,-16.87,-2.27
1.8021,1.7437,58.4,0,-216.4,142.0,-2.0186,-234.9,148.1,-2.0658,400.1,-3.0,-0.0000,407.6,93.6,-0.1887,-260.9,326.8,0,0.0,0.0,0.0000,11.46,-4.12,-16.31,-2.57
1.8104,1.7437,66.6,0,-216.4,142.0,-2.0186,-234.9,148.1,-2.0658,400.1,-3.0,-0.0000,416.5,99.0,-0.1887,-269.6,332.6,0,0.0,0.0,0.0000,8.64,-3.81,-15.87,-2.09
1.8183,1.7437,74.6,0,-216.4,142.0,-2.0186,-234.9,148.1,-2.0658,400.1,-3.0,-0.0000,425.4,103.7,-0.1887,-277.7,338.5,0,0.0,0.0,0.0000,11.30,-2.93,-16.25,-1.73
1.8270,1.7437,83.2,0,-216.4,142.0,-2.0186,-234.9,148.1,-2.0658,400.1,-3.0,-0.0000,435.0,108.9,-0.1887,-286.5,344.9,0,0.0,0.0,0.0000,12.51,-2.73,-15.52,-2.29
1.8349,1.7437,91.2,0,-216.4,142.0,-2.0186,-234.9,148.1,-2.0658,400.1,-3.0,-0.0000,443.4,114.1,-0.1887,-294.8,350.3,0,0.0,0.0,0.0000,14.23,-2.33,-15.48,-2.19
1.8431,1.7437,99.4,0,-216.4,142.0,-2.0186,-234.9,148.1,-2.0658,400.1,-3.0,-0.0000,452.2,119.3,-0.1887,-303.4,355.9,0,0.0,0.0,0.0000,14.28,-2.07,-16.08,-2.40
1.8509,1.8476,3.3,0,-167.8,146.8,-2.0453,-193.5,150.6,-2.0658,396.9,51.8,0.0000,436.6,118.3,-0.0820,-304.7,334.3,0,0.0,0.0,0.0000,13.57,-1.98,-16.14,-2.33
1.8592,1.8476,11.6,0,-167.8,146.8,-2.0453,-193.5,150.6,-2.0658,396.9,51.8,0.0000,420.0,118.1,-0.0820,-297.0,319.7,0,0.0,0.0,0.0000,13.42,-2.01,-15.69,-2.70
1.8662,1.8476,18.5,0,-167.8,146.8,-2.0453,-193.5,150.6,-2.0658,396.9,51.8,0.0000,406.2,118.6,-0.0820,-291.1,307.1,0,0.0,0.0,0.0000,13.11,-1.20,-15.28,-2.85
1.8742,1.8476,26.6,0,-167.8,146.8,-2.0453,-193.5,150.6,-2.0658,396.9,51.8,0.0000,390.1,120.6,-0.0820,-285.5,292.0,0,0.0,0.0,0.0000,14.32,-1.29,-15.36,-2.43
1.8822,1.8476,34.6,0,-167.8,146.8,-2.0453,-193.5,150.6,-2.0658,396.9,51.8,0.0000,374.7,124.9,-0.0820,-282.3,276.3,0,0.0,0.0,0.0000,15.31,-0.58,-16.20,-2.46
1.8900,1.8476,42.4,0,-167.8,146.8,-2.0453,-193.5,150.6,-2.0658,396.9,51.8,0.0000,361.9,133.7,-0.0820,-284.3,260.8,0,0.0,0.0,0.0000,14.89,-0.73,-15.92,-3.00
1.8985,1.8476,50.9,0,-167.8,146.8,-2.0453,-193.5,150.6,-2.0658,396.9,51.8,0.0000,364.0,144.3,-0.0820,-294.7,257.9,0,0.0,0.0,0.0000,14.51,-0.81,-15.66,-3.12
1.9068,1.8476,59.2,0,-167.8,146.8,-2.0453,-193.5,150.6,-2.0658,396.9,51.8,0.0000,372.7,150.1,-0.0820,-303.8,262.9,0,0.0,0.0,0.0000,15.75,-0.65,-16.81,-3.21
1.9148,1.8476,67.2,0,-167.8,146.8,-2.0453,-193.5,150.6,-2.0658,396.9,51.8,0.0000,380.4,156.7,-0.0820,-313.2,266.8,0,0.0,0.0,0.0000,15.68,-0.02,-15.64,-3.14
1.9232,1.8476,75.6,0,-167.8,146.8,-2.0453,-193.5,150.6,-2.0658,396.9,51.8,0.0000,388.6,163.7,-0.0820,-323.2,270.9,0,0.0,0.0,0.0000,15.37,1.04,-15.30,-3.10
1.9312,1.8476,83.6,0,-167.8,146.8,-2.0453,-193.5,150.6,-2.0658,396.9,51.8,0.0000,396.4,169.5,-0.0820,-331.8,275.2,0,0.0,0.0,0.0000,16.11,0.85,-15.65,-3.11
1.9387,1.8476,91.1,0,-167.8,146.8,-2.0453,-193.5,150.6,-2.0658,396.9,51.8,0.0000,403.6,175.0,-0.0820,-340.1,279.0,0,0.0,0.0,0.0000,15.34,0.90,-15.57,-3.00
1.9470,1.8476,99.4,0,-167.8,146.8,-2.0453,-193.5,150.6,-2.0658,396.9,51.8,0.0000,411.8,181.8,-0.0820,-349.9,283.3,0,0.0,0.0,0.0000,16.37,1.55,-14.39,-3.44
1.9543,1.9523,2.0,0,-120.5,157.7,-2.0590,-152.5,159.0,-2.0658,385.1,107.2,0.0000,397.6,179.0,-0.0270,-344.5,267.2,0,0.0,0.0,0.0000,15.51,1.98,-15.24,-3.23
1.9628,1.9523,10.5,0,-120.5,157.7,-2.0590,-152.5,159.0,-2.0658,385.1,107.2,0.0000,380.7,176.4,-0.0270,-334.4,253.5,0,0.0,0.0,0.0000,15.64,2.16,-15.08,-3.91
1.9702,1.9523,17.9,0,-120.5,157.7,-2.0590,-152.5,159.0,-2.0658,385.1,107.2,0.0000,366.1,175.1,-0.0270,-326.4,241.2,0,0.0,0.0,0.0000,16.29,2.35,-14.81,-4.06
1.9792,1.9523,26.9,0,-120.5,157.7,-2.0590,-152.5,159.0,-2.0658,385.1,107.2,0.0000,348.1,175.5,-0.0270,-318.2,225.1,0,0.0,0.0,0.0000,15.52,2.67,-14.05,-3.47
1.9867,1.9523,34.4,0,-120.5,157.7,-2.0590,-152.5,159.0,-2.0658,385.1,107.2,0.0000,333.4,178.3,-0.0270,-313.8,210.8,0,0.0,0.0,0.0000,14.46,2.60,-14.82,-3.69
1.9947,1.9523,42.4,0,-120.5,157.7,-2.0590,-152.5,159.0,-2.0658,385.1,107.2,0.0000,319.6,186.5,-0.0270,-314.6,194.8,0,0.0,0.0,0.0000,15.40,2.05,-13.96,-3.69
2.0024,1.9523,50.2,0,-120.5,157.7,-2.0590,-152.5,159.0,-2.0658,385.1,107.2,0.0000,321.3,195.9,-0.0270,-323.7,191.9,0,0.0,0.0,0.0000,15.97,2.50,-14.29,-3.13
2.0102,1.9523,58.0,0,-120.5,157.7,-2.0590,-152.5,159.0,-2.0658,385.1,107.2,0.0000,328.6,202.7,-0.0270,-333.2,195.1,0,0.0,0.0,0.0000,16.34,2.49,-13.51,-3.94
2.0186,1.9523,66.3,0,-120.5,157.7,-2.0590,-152.5,159.0,-2.0658,385.1,107.2,0.0000,336.7,209.9,-0.0270,-343.3,198.8,0,0.0,0.0,0.0000,16.62,2.46,-14.22,-4.06
2.0269,1.9523,74.6,0,-120.5,157.7,-2.0590,-152.5,159.0,-2.0658,385.1,107.2,0.0000,343.3,217.8,-0.0270,-353.4,201.0,0,0.0,0.0,0.0000,15.86,2.36,-13.36,-3.82
2.0346,1.9523,82.4,0,-120.5,157.7,-2.0590,-152.5,159.0,-2.0658,385.1,107.2,0.0000,349.5,225.4,-0.0270,-363.0,202.9,0,0.0,0.0,0.0000,15.44,1.78,-13.35,-3.79
2.0422,1.9523,89.9,0,-120.5,157.7,-2.0590,-152.5,159.0,-2.0658,385.1,107.2,0.0000,356.1,232.1,-0.0270,-372.0,205.6,0,0.0,0.0,0.0000,14.69,1.50,-13.17,-4.16
2.0512,2.0511,0.1,0,-84.2,173.7,-2.0190,-115.2,172.0,-2.0658,368.2,156.5,0.0000,339.3,225.5,-0.1870,-350.2,208.0,0,0.0,0.0,0.0000,14.83,2.35,-13.51,-4.13
2.0588,2.0511,7.6,0,-84.2,173.7,-2.0190,-115.2,172.0,-2.0658,368.2,156.5,0.0000,324.9,220.7,-0.1870,-339.7,197.2,0,0.0,0.0,0.0000,14.26,2.98,-12.93,-4.23
2.0668,2.0511,15.7,0,-84.2,173.7,-2.0190,-115.2,172.0,-2.0658,368.2,156.5,0.0000,309.4,217.0,-0.1870,-329.6,184.8,0,0.0,0.0,0.0000,13.05,2.57,-12.47,-4.60
2.0748,2.0511,23.7,0,-84.2,173.7,-2.0190,-115.2,172.0,-2.0658,368.2,156.5,0.0000,293.4,215.9,-0.1870,-321.7,170.8,0,0.0,0.0,0.0000,13.88,3.03,-12.17,-4.62
2.0822,2.0511,31.1,0,-84.2,173.7,-2.0190,-115.2,172.0,-2.0658,368.2,156.5,0.0000,280.8,221.6,-0.1870,-321.4,157.0,0,0.0,0.0,0.0000,14.23,3.26,-13.53,-5.05
2.0907,2.0511,39.5,0,-84.2,173.7,-2.0190,-115.2,172.0,-2.0658,368.2,156.5,0.0000,287.5,230.0,-0.1870,-331.9,159.4,0,0.0,0.0,0.0000,14.72,3.78,-12.92,-5.46
2.0982,2.0511,47.1,0,-84.2,173.7,-2.0190,-115.2,172.0,-2.0658,368.2,156.5,0.0000,293.6,237.6,-0.1870,-341.4,161.6,0,0.0,0.0,0.0000,13.20,4.23,-12.40,-5.69
2.1071,2.0511,56.0,0,-84.2,173.7,-2.0190,-115.2,172.0,-2.0658,368.2,156.5,0.0000,300.0,246.4,-0.1870,-352.1,163.6,0,0.0,0.0,0.0000,14.13,3.26,-13.15,-5.45
2.1147,2.0511,63.6,0,-84.2,173.7,-2.0190,-115.2,172.0,-2.0658,368.2,156.5,0.0000,305.5,254.1,-0.1870,-361.4,165.2,0,0.0,0.0,0.0000,13.71,4.10,-12.94,-5.43
2.1230,2.0511,71.9,0,-84.2,173.7,-2.0190,-115.2,172.0,-2.0658,368.2,156.5,0.0000,312.1,262.1,-0.1870,-371.5,167.7,0,0.0,0.0,0.0000,13.43,3.73,-13.15,-5.84
2.1306,2.0511,79.5,0,-84.2,173.7,-2.0190,-115.2,172.0,-2.0658,368.2,156.5,0.0000,318.2,269.5,-0.1870,-380.8,170.0,0,0.0,0.0,0.0000,12.59,3.30,-12.37,-6.31
2.1388,2.0511,87.7,0,-84.2,173.7,-2.0190,-115.2,172.0,-2.0658,368.2,156.5,0.0000,324.1,278.4,-0.1870,-391.3,171.4,0,0.0,0.0,0.0000,12.88,3.35,-12.18,-6.67
2.1462,2.0511,95.0,0,-84.2,173.7,-2.0190,-115.2,172.0,-2.0658,368.2,156.5,0.0000,329.5,286.5,-0.1870,-401.0,172.8,0,0.0,0.0,0.0000,13.00,3.20,-12.20,-6.93
2.1546,2.0511,103.5,0,-84.2,173.7,-2.0190,-115.2,172.0,-2.0658,368.2,156.5,0.0000,335.2,295.1,-0.1870,-411.2,174.2,0,0.0,0.0,0.0000,13.51,3.05,-11.77,-6.70
2.1627,2.1573,5.4,0,-48.0,194.6,-2.0048,-77.4,191.3,-2.0658,342.0,206.9,0.0000,320.9,287.6,-0.2439,-395.9,170.2,0,0.0,0.0,0.0000,12.88,3.20,-13.17,-6.78
2.1705,2.1573,13.2,0,-48.0,194.6,-2.0048,-77.4,191.3,-2.0658,342.0,206.9,0.0000,306.8,281.0,-0.2439,-383.9,160.2,0,0.0,0.0,0.0000,11.65,3.13,-13.01,-7.31
2.1789,2.1573,21.7,0,-48.0,194.6,-2.0048,-77.4,191.3,-2.0658,342.0,206.9,0.0000,291.1,274.8,-0.2439,-371.8,148.6,0,0.0,0.0,0.0000,11.88,3.34,-13.32,-7.38
2.1872,2.1573,30.0,0,-48.0,194.6,-2.0048,-77.4,191.3,-2.0658,342.0,206.9,0.0000,274.9,271.4,-0.2439,-361.8,135.3,0,0.0,0.0,0.0000,11.66,3.32,-13.21,-7.75
2.1950,2.1573,37.7,0,-48.0,194.6,-2.0048,-77.4,191.3,-2.0658,342.0,206.9,0.0000,259.6,273.7,-0.2439,-357.5,120.4,0,0.0,0.0,0.0000,11.44,3.36,-13.80,-8.13
2.2025,2.1573,45.2,0,-48.0,194.6,-2.0048,-77.4,191.3,-2.0658,342.0,206.9,0.0000,258.3,282.8,-0.2439,-365.2,115.5,0,0.0,0.0,0.0000,11.26,3.47,-12.04,-8.56
2.2111,2.1573,53.8,0,-48.0,194.6,-2.0048,-77.4,191.3,-2.0658,342.0,206.9,0.0000,263.7,292.3,-0.2439,-376.1,116.4,0,0.0,0.0,0.0000,11.24,4.46,-7.44,-8.81
2.2183,2.1573,61.0,0,-48.0,194.6,-2.0048,-77.4,191.3,-2.0658,342.0,206.9,0.0000,268.5,300.1,-0.2439,-385.1,117.4,0,0.0,0.0,0.0000,11.43,4.31,-11.44,-8.76
2.2270,2.1573,69.8,0,-48.0,194.6,-2.0048,-77.4,191.3,-2.0658,342.0,206.9,0.0000,274.3,309.8,-0.2439,-396.5,118.6,0,0.0,0.0,0.0000,11.40,4.57,-14.16,-8.76
2.2349,2.1573,77.6,0,-48.0,194.6,-2.0048,-77.4,191.3,-2.0658,342.0,206.9,0.0000,278.7,318.1,-0.2439,-405.8,119.1,0,0.0,0.0,0.0000,11.53,4.54,-13.57,-8.71
2.2432,2.1573,86.0,0,-48.0,194.6,-2.0048,-77.4,191.3,-2.0658,342.0,206.9,0.0000,283.3,326.9,-0.2439,-415.7,119.5,0,0.0,0.0,0.0000,10.74,4.41,-12.04,-8.32
2.2510,2.1573,93.8,0,-48.0,194.6,-2.0048,-77.4,191.3,-2.0658,342.0,206.9,0.0000,288.0,336.1,-0.2439,-426.0,120.0,0,0.0,0.0,0.0000,11.95,5.05,-11.85,-8.37
2.2583,2.2560,2.3,0,-23.3,215.5,-2.0287,-45.1,214.0,-2.0658,312.1,249.9,-0.0000,276.5,327.2,-0.1482,-415.8,103.4,0,0.0,0.0,0.0000,10.53,5.25,-11.89,-8.28
2.2669,2.2560,10.9,0,-23.3,215.5,-2.0287,-45.1,214.0,-2.0658,312.1,249.9,-0.0000,262.2,317.8,-0.1482,-400.9,94.7,0,0.0,0.0,0.0000,10.53,5.25,-11.89,-8.28
2.2750,2.2560,19.0,0,-23.3,215.5,-2.0287,-45.1,214.0,-2.0658,312.1,249.9,-0.0000,247.6,310.8,-0.1482,-388.2,84.7,0,0.0,0.0,0.0000,10.53,5.25,-11.89,-8.28
2.2824,2.2560,26.4,0,-23.3,215.5,-2.0287,-45.1,214.0,-2.0658,312.1,249.9,-0.0000,232.7,309.5,-0.1482,-380.5,71.9,0,0.0,0.0,0.0000,7.73,6.04,-12.08,-9.18
2.2911,2.2560,35.1,0,-23.3,215.5,-2.0287,-45.1,214.0,-2.0658,312.1,249.9,-0.0000,235.0,319.6,-0.1482,-390.6,69.5,0,0.0,0.0,0.0000,11.44,6.37,-12.48,-9.31
2.2983,2.2560,42.3,0,-23.3,215.5,-2.0287,-45.1,214.0,-2.0658,312.1,249.9,-0.0000,238.8,327.4,-0.1482,-399.2,69.5,0,0.0,0.0,0.0000,11.40,6.52,-12.15,-9.03
2.3063,2.2560,50.3,0,-23.3,215.5,-2.0287,-45.1,214.0,-2.0658,312.1,249.9,-0.0000,243.0,335.7,-0.1482,-408.6,69.5,0,0.0,0.0,0.0000,12.15,6.71,-11.92,-9.25
2.3152,2.2560,59.2,0,-23.3,215.5,-2.0287,-45.1,214.0,-2.0658,312.1,249.9,-0.0000,246.8,346.9,-0.1482,-420.3,68.0,0,0.0,0.0,0.0000,12.41,6.46,-11.66,-9.45
2.3224,2.2560,66.4,0,-23.3,215.5,-2.0287,-45.1,214.0,-2.0658,312.1,249.9,-0.0000,249.8,356.1,-0.1482,-429.9,66.7,0,0.0,0.0,0.0000,12.04,6.70,-11.69,-9.97
2.3306,2.2560,74.6,0,-23.3,215.5,-2.0287,-45.1,214.0,-2.0658,312.1,249.9,-0.0000,253.6,365.4,-0.1482,-439.9,65.9,0,0.0,0.0,0.0000,12.20,7.16,-11.45,-10.28
2.3382,2.2560,82.2,0,-23.3,215.5,-2.0287,-45.1,214.0,-2.0658,312.1,249.9,-0.0000,257.0,374.1,-0.1482,-449.2,65.1,0,0.0,0.0,0.0000,12.11,7.34,-11.69,-10.51
2.3466,2.2560,90.6,0,-23.3,215.5,-2.0287,-45.1,214.0,-2.0658,312.1,249.9,-0.0000,260.6,383.8,-0.1482,-459.5,64.1,0,0.0,0.0,0.0000,11.47,7.33,-11.21,-10.61
2.3548,2.2560,98.8,0,-23.3,215.5,-2.0287,-45.1,214.0,-2.0658,312.1,249.9,-0.0000,264.1,393.4,-0.1482,-469.6,63.0,0,0.0,0.0,0.0000,12.55,7.49,-12.32,-10.52
2.3622,2.3610,1.2,0,-0.4,243.5,-2.0354,-14.2,242.4,-2.0658,273.7,291.3,0.0000,254.3,382.2,-0.1215,-455.6,56.1,0,0.0,0.0,0.0000,13.68,7.99,-12.65,-10.82
2.3707,2.3610,9.6,0,-0.4,243.5,-2.0354,-14.2,242.4,-2.0658,273.7,291.3,0.0000,242.5,370.2,-0.1215,-439.6,50.9,0,0.0,0.0,0.0000,13.71,8.39,-12.80,-11.21
2.3782,2.3610,17.2,0,-0.4,243.5,-2.0354,-14.2,242.4,-2.0658,273.7,291.3,0.0000,230.9,360.5,-0.1215,-425.7,44.9,0,0.0,0.0,0.0000,13.27,8.34,-12.92,-11.00
2.3867,2.3610,25.6,0,-0.4,243.5,-2.0354,-14.2,242.4,-2.0658,273.7,291.3,0.0000,215.8,352.8,-0.1215,-412.1,34.9,0,0.0,0.0,0.0000,12.87,8.02,-12.86,-10.58
2.3948,2.3610,33.8,0,-0.4,243.5,-2.0354,-14.2,242.4,-2.0658,273.7,291.3,0.0000,210.5,357.8,-0.1215,-414.1,27.9,0,0.0,0.0,0.0000,13.21,8.30,-12.18,-10.44
2.4026,2.3610,41.6,0,-0.4,243.5,-2.0354,-14.2,242.4,-2.0658,273.7,291.3,0.0000,213.6,366.8,-0.1215,-423.6,26.6,0,0.0,0.0,0.0000,13.31,7.27,-11.41,-10.73
2.4106,2.3610,49.6,0,-0.4,243.5,-2.0354,-14.2,242.4,-2.0658,273.7,291.3,0.0000,216.0,376.6,-0.1215,-433.4,24.3,0,0.0,0.0,0.0000,13.54,8.46,-12.57,-10.18
2.4191,2.3610,58.1,0,-0.4,243.5,-2.0354,-14.2,242.4,-2.0658,273.7,291.3,0.0000,218.5,386.9,-0.1215,-443.7,22.0,0,0.0,0.0,0.0000,13.74,10.22,-12.54,-10.47
2.4272,2.3610,66.2,0,-0.4,243.5,-2.0354,-14.2,242.4,-2.0658,273.7,291.3,0.0000,220.6,397.4,-0.1215,-454.2,19.1,0,0.0,0.0,0.0000,13.94,11.09,-13.25,-11.15
2.4347,2.3610,73.6,0,-0.4,243.5,-2.0354,-14.2,242.4,-2.0658,273.7,291.3,0.0000,222.5,407.4,-0.1215,-463.9,16.4,0,0.0,0.0,0.0000,14.41,11.07,-14.20,-11.56
2.4429,2.3610,81.9,0,-0.4,243.5,-2.0354,-14.2,242.4,-2.0658,273.7,291.3,0.0000,224.7,416.7,-0.1215,-473.2,14.2,0,0.0,0.0,0.0000,14.43,9.60,-14.34,-11.08
2.4502,2.3610,89.2,0,-0.4,243.5,-2.0354,-14.2,242.4,-2.0658,273.7,291.3,0.0000,226.5,425.1,-0.1215,-481.5,12.0,0,0.0,0.0,0.0000,13.05,7.83,-13.84,-10.62
2.4586,2.3610,97.6,0,-0.4,243.5,-2.0354,-14.2,242.4,-2.0658,273.7,291.3,0.0000,228.8,435.6,-0.1215,-492.0,9.4,0,0.0,0.0,0.0000,14.55,7.91,-14.38,-11.30
2.4666,2.4632,3.4,0,26.0,276.2,-2.0408,11.7,274.0,-2.0658,232.0,326.2,-0.0000,218.3,423.6,-0.0998,-476.5,2.8,0,0.0,0.0,0.0000,13.49,7.86,-13.89,-11.53
2.4752,2.4632,12.0,0,26.0,276.2,-2.0408,11.7,274.0,-2.0658,232.0,326.2,-0.0000,206.2,411.4,-0.0998,-460.2,-2.4,0,0.0,0.0,0.0000,14.64,7.93,-14.42,-11.17
2.4826,2.4632,19.4,0,26.0,276.2,-2.0408,11.7,274.0,-2.0658,232.0,326.2,-0.0000,195.0,401.7,-0.0998,-446.5,-8.1,0,0.0,0.0,0.0000,15.86,8.71,-14.74,-11.15
2.4911,2.4632,27.8,0,26.0,276.2,-2.0408,11.7,274.0,-2.0658,232.0,326.2,-0.0000,180.6,392.9,-0.0998,-432.1,-16.9,0,0.0,0.0,0.0000,15.53,10.17,-14.94,-11.40
2.4987,2.4632,35.5,0,26.0,276.2,-2.0408,11.7,274.0,-2.0658,232.0,326.2,-0.0000,165.7,389.5,-0.0998,-422.3,-28.7,0,0.0,0.0,0.0000,14.48,11.65,-14.97,-11.75
2.5066,2.4632,43.4,0,26.0,276.2,-2.0408,11.7,274.0,-2.0658,232.0,326.2,-0.0000,159.0,397.4,-0.0998,-426.3,-38.3,0,0.0,0.0,0.0000,14.04,9.92,-13.30,-11.57
2.5150,2.4632,51.8,0,26.0,276.2,-2.0408,11.7,274.0,-2.0658,232.0,326.2,-0.0000,159.9,407.9,-0.0998,-436.1,-42.2,0,0.0,0.0,0.0000,14.46,8.58,-13.59,-12.20
2.5222,2.4632,59.0,0,26.0,276.2,-2.0408,11.7,274.0,-2.0658,232.0,326.2,-0.0000,161.4,416.6,-0.0998,-444.5,-44.8,0,0.0,0.0,0.0000,13.68,8.26,-13.94,-12.22
2.5310,2.4632,67.8,0,26.0,276.2,-2.0408,11.7,274.0,-2.0658,232.0,326.2,-0.0000,163.3,427.4,-0.0998,-455.0,-48.0,0,0.0,0.0,0.0000,15.67,8.59,-14.04,-11.47
2.5391,2.4632,75.9,0,26.0,276.2,-2.0408,11.7,274.0,-2.0658,232.0,326.2,-0.0000,163.4,437.5,-0.0998,-464.1,-52.5,0,0.0,0.0,0.0000,15.11,9.59,-14.55,-11.77
2.5466,2.4632,83.4,0,26.0,276.2,-2.0408,11.7,274.0,-2.0658,232.0,326.2,-0.0000,163.5,446.9,-0.0998,-472.4,-56.7,0,0.0,0.0,0.0000,15.08,8.54,-13.63,-11.16
2.5545,2.4632,91.2,0,26.0,276.2,-2.0408,11.7,274.0,-2.0658,232.0,326.2,-0.0000,164.5,456.8,-0.0998,-481.7,-60.3,0,0.0,0.0,0.0000,13.13,8.22,-13.71,-12.05
2.5626,2.4632,99.4,0,26.0,276.2,-2.0408,11.7,274.0,-2.0658,232.0,326.2,-0.0000,165.4,467.1,-0.0998,-491.3,-64.1,0,0.0,0.0,0.0000,13.53,8.62,-13.33,-13.07
2.5724,2.5682,4.3,0,60.2,310.3,-2.0607,33.6,309.8,-2.0658,184.4,355.0,0.0000,150.7,454.2,-0.0205,-471.6,-80.7,0,0.0,0.0,0.0000,13.97,8.31,-12.65,-12.12
2.5785,2.5682,10.4,0,60.2,310.3,-2.0607,33.6,309.8,-2.0658,184.4,355.0,0.0000,141.1,446.6,-0.0205,-460.5,-85.6,0,0.0,0.0,0.0000,13.57,9.31,-12.60,-12.20
2.5869,2.5682,18.7,0,60.2,310.3,-2.0607,33.6,309.8,-2.0658,184.4,355.0,0.0000,127.2,437.4,-0.0205,-445.8,-93.6,0,0.0,0.0,0.0000,13.96,10.16,-12.76,-12.42
2.5945,2.5682,26.3,0,60.2,310.3,-2.0607,33.6,309.8,-2.0658,184.4,355.0,0.0000,113.8,430.3,-0.0205,-433.2,-102.0,0,0.0,0.0,0.0000,14.30,10.35,-12.75,-13.87
2.6022,2.5682,34.0,0,60.2,310.3,-2.0607,33.6,309.8,-2.0658,184.4,355.0,0.0000,99.1,425.6,-0.0205,-422.2,-112.8,0,0.0,0.0,0.0000,13.68,9.97,-11.78,-13.55
2.6104,2.5682,42.3,0,60.2,310.3,-2.0607,33.6,309.8,-2.0658,184.4,355.0,0.0000,82.6,425.7,-0.0205,-414.5,-127.4,0,0.0,0.0,0.0000,12.96,9.39,-11.50,-12.30
2.6182,2.5682,50.1,0,60.2,310.3,-2.0607,33.6,309.8,-2.0658,184.4,355.0,0.0000,68.6,432.5,-0.0205,-413.9,-143.0,0,0.0,0.0,0.0000,14.06,7.30,-11.96,-10.86
2.6265,2.5682,58.3,0,60.2,310.3,-2.0607,33.6,309.8,-2.0658,184.4,355.0,0.0000,63.4,445.0,-0.0205,-422.5,-153.4,0,0.0,0.0,0.0000,13.37,8.43,-11.54,-8.37
2.6345,2.5682,66.3,0,60.2,310.3,-2.0607,33.6,309.8,-2.0658,184.4,355.0,0.0000,63.2,455.3,-0.0205,-431.5,-158.5,0,0.0,0.0,0.0000,12.45,10.35,-10.66,-11.11
2.6428,2.5682,74.7,0,60.2,310.3,-2.0607,33.6,309.8,-2.0658,184.4,355.0,0.0000,63.0,466.2,-0.0205,-441.0,-163.8,0,0.0,0.0,0.0000,11.44,9.80,-11.05,-11.92
2.6509,2.5682,82.7,0,60.2,310.3,-2.0607,33.6,309.8,-2.0658,184.4,355.0,0.0000,62.3,475.8,-0.0205,-449.2,-168.9,0,0.0,0.0,0.0000,12.11,9.59,-9.56,-12.81
2.6589,2.5682,90.7,0,60.2,310.3,-2.0607,33.6,309.8,-2.0658,184.4,355.0,0.0000,61.7,485.6,-0.0205,-457.5,-174.1,0,0.0,0.0,0.0000,11.80,9.68,-9.74,-13.60
2.6671,2.5682,98.9,0,60.2,310.3,-2.0607,33.6,309.8,-2.0658,184.4,355.0,0.0000,60.1,496.1,-0.0205,-466.0,-180.4,0,0.0,0.0,0.0000,11.22,10.93,-9.91,-14.19
2.6748,2.6705,4.3,0,87.8,344.2,-2.0687,49.9,347.3,-2.0658,134.5,376.9,0.0000,49.6,484.8,0.0116,-449.6,-187.9,0,0.0,0.0,0.0000,10.65,11.43,-9.54,-13.90
2.6831,2.6705,12.6,0,87.8,344.2,-2.0687,49.9,347.3,-2.0658,134.5,376.9,0.0000,37.5,473.3,0.0116,-433.8,-193.0,0,0.0,0.0,0.0000,10.82,11.06,-9.35,-13.35
2.6908,2.6705,20.3,0,87.8,344.2,-2.0687,49.9,347.3,-2.0658,134.5,376.9,0.0000,25.5,463.7,0.0116,-419.6,-199.1,0,0.0,0.0,0.0000,10.02,10.87,-9.30,-12.68
2.6990,2.6705,28.5,0,87.8,344.2,-2.0687,49.9,347.3,-2.0658,134.5,376.9,0.0000,11.3,455.7,0.0116,-405.8,-207.6,0,0.0,0.0,0.0000,10.77,11.58,-8.60,-13.34
2.7072,2.6705,36.6,0,87.8,344.2,-2.0687,49.9,347.3,-2.0658,134.5,376.9,0.0000,-4.4,451.1,0.0116,-394.2,-219.2,0,0.0,0.0,0.0000,11.09,11.30,-7.62,-13.85
2.7142,2.6705,43.6,0,87.8,344.2,-2.0687,49.9,347.3,-2.0658,134.5,376.9,0.0000,-18.3,452.1,0.0116,-388.4,-232.0,0,0.0,0.0,0.0000,9.38,12.14,-7.26,-14.07
2.7226,2.6705,52.1,0,87.8,344.2,-2.0687,49.9,347.3,-2.0658,134.5,376.9,0.0000,-31.0,463.2,0.0116,-392.2,-248.5,0,0.0,0.0,0.0000,10.10,13.02,-7.61,-14.33
2.7306,2.6705,60.1,0,87.8,344.2,-2.0687,49.9,347.3,-2.0658,134.5,376.9,0.0000,-32.9,473.6,0.0116,-400.4,-255.1,0,0.0,0.0,0.0000,9.34,13.62,-6.52,-14.99
2.7382,2.6705,67.7,0,87.8,344.2,-2.0687,49.9,347.3,-2.0658,134.5,376.9,0.0000,-34.6,483.4,0.0116,-408.1,-261.2,0,0.0,0.0,0.0000,8.92,14.22,-5.10,-14.28
2.7461,2.6705,75.6,0,87.8,344.2,-2.0687,49.9,347.3,-2.0658,134.5,376.9,0.0000,-36.2,492.9,0.0116,-415.8,-267.2,0,0.0,0.0,0.0000,8.62,13.09,-2.65,-13.82
2.7545,2.6705,84.0,0,87.8,344.2,-2.0687,49.9,347.3,-2.0658,134.5,376.9,0.0000,-37.7,498.6,0.0116,-420.1,-271.2,0,0.0,0.0,0.0000,6.21,13.53,-1.15,-14.11
2.7628,2.6705,92.3,0,87.8,344.2,-2.0687,49.9,347.3,-2.0658,134.5,376.9,0.0000,-39.4,498.4,0.0116,-419.1,-272.6,0,0.0,0.0,0.0000,8.71,13.13,-4.01,-14.68
2.7703,2.6705,99.7,0,87.8,344.2,-2.0687,49.9,347.3,-2.0658,134.5,376.9,0.0000,-40.9,498.3,0.0116,-418.3,-273.9,0,0.0,0.0,0.0000,7.86,13.97,-4.30,-14.21
2.7784,2.7727,5.7,0,101.9,381.1,-2.0795,60.9,386.6,-2.0658,82.6,391.5,-0.0000,-49.4,484.4,0.0547,-399.0,-279.0,0,0.0,0.0,0.0000,4.03,14.64,-4.42,-14.39
2.7862,2.7727,13.5,0,101.9,381.1,-2.0795,60.9,386.6,-2.0658,82.6,391.5,-0.0000,-58.9,472.0,0.0547,-383.5,-281.3,0,0.0,0.0,0.0000,3.64,14.19,-4.73,-14.85
2.7952,2.7727,22.4,0,101.9,381.1,-2.0795,60.9,386.6,-2.0658,82.6,391.5,-0.0000,-72.3,460.2,0.0547,-366.7,-287.3,0,0.0,0.0,0.0000,5.30,14.93,-3.55,-16.48
2.8030,2.7727,30.3,0,101.9,381.1,-2.0795,60.9,386.6,-2.0658,82.6,391.5,-0.0000,-87.2,454.9,0.0547,-354.9,-297.7,0,0.0,0.0,0.0000,6.60,15.20,-3.23,-17.35
2.8102,2.7727,37.4,0,101.9,381.1,-2.0795,60.9,386.6,-2.0658,82.6,391.5,-0.0000,-97.5,460.4,0.0547,-354.6,-309.4,0,0.0,0.0,0.0000,6.79,16.51,-3.05,-16.04
2.8189,2.7727,46.2,0,101.9,381.1,-2.0795,60.9,386.6,-2.0658,82.6,391.5,-0.0000,-100.7,470.5,0.0547,-361.9,-317.1,0,0.0,0.0,0.0000,6.27,15.57,-2.78,-15.52
2.8271,2.7727,54.4,0,101.9,381.1,-2.0795,60.9,386.6,-2.0658,82.6,391.5,-0.0000,-104.0,480.7,0.0547,-369.2,-324.9,0,0.0,0.0,0.0000,6.10,14.81,-2.49,-15.43
2.8349,2.7727,62.2,0,101.9,381.1,-2.0795,60.9,386.6,-2.0658,82.6,391.5,-0.0000,-106.9,488.4,0.0547,-374.6,-331.2,0,0.0,0.0,0.0000,5.52,16.00,-1.39,-16.99
2.8429,2.7727,70.1,0,101.9,381.1,-2.0795,60.9,386.6,-2.0658,82.6,391.5,-0.0000,-107.4,488.3,0.0547,-374.2,-331.6,0,0.0,0.0,0.0000,5.00,15.85,-1.38,-16.37
2.8512,2.7727,78.5,0,101.9,381.1,-2.0795,60.9,386.6,-2.0658,82.6,391.5,-0.0000,-108.0,488.2,0.0547,-373.8,-332.1,0,0.0,0.0,0.0000,5.48,15.97,-1.84,-15.56
2.8581,2.7727,85.4,0,101.9,381.1,-2.0795,60.9,386.6,-2.0658,82.6,391.5,-0.0000,-109.1,487.9,0.0547,-373.0,-332.9,0,0.0,0.0,0.0000,5.16,17.87,-1.30,-15.84
2.8663,2.7727,93.5,0,101.9,381.1,-2.0795,60.9,386.6,-2.0658,82.6,391.5,-0.0000,-110.4,487.7,0.0547,-372.1,-333.9,0,0.0,0.0,0.0000,4.38,19.04,-1.28,-17.10
2.8744,2.8743,0.1,0,103.3,423.2,-2.0666,66.6,426.8,-2.0658,28.0,399.1,-0.0000,-113.9,471.8,0.0032,-360.8,-324.6,0,0.0,0.0,0.0000,4.19,18.06,-0.56,-16.87
2.8831,2.8743,8.8,0,103.3,423.2,-2.0666,66.6,426.8,-2.0658,28.0,399.1,-0.0000,-119.5,455.3,0.0032,-343.6,-321.7,0,0.0,0.0,0.0000,4.57,17.79,-0.67,-16.20
2.8907,2.8743,16.4,0,103.3,423.2,-2.0666,66.6,426.8,-2.0658,28.0,399.1,-0.0000,-127.3,442.3,0.0032,-328.5,-322.3,0,0.0,0.0,0.0000,4.23,17.42,-0.42,-15.70
2.8982,2.8743,23.9,0,103.3,423.2,-2.0666,66.6,426.8,-2.0658,28.0,399.1,-0.0000,-138.8,438.1,0.0032,-319.4,-330.5,0,0.0,0.0,0.0000,4.16,17.49,0.18,-15.92
2.9071,2.8743,32.8,0,103.3,423.2,-2.0666,66.6,426.8,-2.0658,28.0,399.1,-0.0000,-142.9,448.6,0.0032,-326.6,-339.1,0,0.0,0.0,0.0000,4.08,17.42,0.63,-16.34
2.9143,2.8743,40.0,0,103.3,423.2,-2.0666,66.6,426.8,-2.0658,28.0,399.1,-0.0000,-146.4,456.9,0.0032,-332.3,-346.1,0,0.0,0.0,0.0000,3.96,17.60,0.61,-16.50
2.9229,2.8743,48.6,0,103.3,423.2,-2.0666,66.6,426.8,-2.0658,28.0,399.1,-0.0000,-150.6,466.9,0.0032,-339.0,-354.6,0,0.0,0.0,0.0000,2.89,16.61,0.51,-16.87
2.9301,2.8743,55.8,0,103.3,423.2,-2.0666,66.6,426.8,-2.0658,28.0,399.1,-0.0000,-154.1,475.4,0.0032,-344.9,-361.7,0,0.0,0.0,0.0000,3.37,18.52,1.01,-16.93
2.9386,2.8743,64.3,0,103.3,423.2,-2.0666,66.6,426.8,-2.0658,28.0,399.1,-0.0000,-156.0,475.0,0.0032,-343.6,-363.2,0,0.0,0.0,0.0000,2.97,18.20,2.27,-17.64
2.9465,2.8743,72.2,0,103.3,423.2,-2.0666,66.6,426.8,-2.0658,28.0,399.1,-0.0000,-157.8,474.4,0.0032,-342.2,-364.5,0,0.0,0.0,0.0000,3.25,18.12,1.99,-16.79
2.9543,2.8743,80.0,0,103.3,423.2,-2.0666,66.6,426.8,-2.0658,28.0,399.1,-0.0000,-158.8,474.1,0.0032,-341.5,-365.2,0,0.0,0.0,0.0000,3.15,17.85,1.85,-17.00
2.9626,2.8743,88.3,0,103.3,423.2,-2.0666,66.6,426.8,-2.0658,28.0,399.1,-0.0000,-159.9,473.8,0.0032,-340.7,-366.0,0,0.0,0.0,0.0000,2.00,19.53,2.50,-16.58
2.9701,2.8743,95.8,0,103.3,423.2,-2.0666,66.6,426.8,-2.0658,28.0,399.1,-0.0000,-161.2,473.3,0.0032,-339.7,-366.9,0,0.0,0.0,0.0000,2.21,18.73,2.13,-17.71
2.9787,2.9751,3.6,0,90.2,472.3,-2.0579,66.7,467.1,-2.0658,-25.6,399.1,0.0000,-157.8,456.4,-0.0313,-329.4,-353.1,0,0.0,0.0,0.0000,2.11,17.81,1.64,-17.04
2.9870,2.9751,11.9,0,90.2,472.3,-2.0579,66.7,467.1,-2.0658,-25.6,399.1,0.0000,-155.3,440.0,-0.0313,-316.1,-343.2,0,0.0,0.0,0.0000,1.89,17.62,1.30,-16.91
2.9947,2.9751,19.5,0,90.2,472.3,-2.0579,66.7,467.1,-2.0658,-25.6,399.1,0.0000,-154.2,424.7,-0.0313,-303.1,-335.1,0,0.0,0.0,0.0000,2.22,18.68,1.59,-16.62
3.0025,2.9751,27.4,0,90.2,472.3,-2.0579,66.7,467.1,-2.0658,-25.6,399.1,0.0000,-157.6,409.4,-0.0313,-288.0,-330.9,0,0.0,0.0,0.0000,1.72,20.28,2.98,-17.24
3.0104,2.9751,35.2,0,90.2,472.3,-2.0579,66.7,467.1,-2.0658,-25.6,399.1,0.0000,-163.3,416.5,-0.0313,-291.6,-339.3,0,0.0,0.0,0.0000,1.37,18.94,2.84,-18.49
3.0190,2.9751,43.8,0,90.2,472.3,-2.0579,66.7,467.1,-2.0658,-25.6,399.1,0.0000,-169.1,425.9,-0.0313,-297.2,-348.8,0,0.0,0.0,0.0000,1.16,16.79,2.45,-18.54
3.0267,2.9751,51.6,0,90.2,472.3,-2.0579,66.7,467.1,-2.0658,-25.6,399.1,0.0000,-174.8,434.4,-0.0313,-302.1,-357.8,0,0.0,0.0,0.0000,1.57,18.75,2.82,-16.27
3.0342,2.9751,59.1,0,90.2,472.3,-2.0579,66.7,467.1,-2.0658,-25.6,399.1,0.0000,-179.2,442.1,-0.0313,-306.8,-365.3,0,0.0,0.0,0.0000,0.90,14.34,3.17,-13.39
3.0430,2.9751,67.8,0,90.2,472.3,-2.0579,66.7,467.1,-2.0658,-25.6,399.1,0.0000,-184.3,451.0,-0.0313,-312.2,-374.0,0,0.0,0.0,0.0000,1.74,14.18,2.74,-15.35
3.0504,2.9751,75.3,0,90.2,472.3,-2.0579,66.7,467.1,-2.0658,-25.6,399.1,0.0000,-190.1,458.8,-0.0313,-316.4,-382.8,0,0.0,0.0,0.0000,1.21,15.58,1.96,-15.95
3.0589,2.9751,83.8,0,90.2,472.3,-2.0579,66.7,467.1,-2.0658,-25.6,399.1,0.0000,-193.9,460.9,-0.0313,-316.5,-387.1,0,0.0,0.0,0.0000,-0.20,15.96,1.84,-15.26
3.0666,2.9751,91.5,0,90.2,472.3,-2.0579,66.7,467.1,-2.0658,-25.6,399.1,0.0000,-195.8,460.1,-0.0313,-314.9,-388.4,0,0.0,0.0,0.0000,-0.03,16.82,0.90,-16.78
3.0742,2.9751,99.1,0,90.2,472.3,-2.0579,66.7,467.1,-2.0658,-25.6,399.1,0.0000,-198.0,459.1,-0.0313,-313.1,-389.9,0,0.0,0.0,0.0000,0.87,17.15,0.39,-16.10
3.0831,3.0753,7.8,0,72.3,513.6,-2.0730,61.5,506.8,-2.0658,-77.8,392.6,-0.0000,-191.2,442.8,0.0290,-296.1,-380.7,0,0.0,0.0,0.0000,0.58,16.40,0.97,-16.08
3.0907,3.0753,15.4,0,72.3,513.6,-2.0730,61.5,506.8,-2.0658,-77.8,392.6,-0.0000,-185.8,428.6,0.0290,-286.2,-369.1,0,0.0,0.0,0.0000,0.56,16.95,2.08,-15.71
3.0981,3.0753,22.9,0,72.3,513.6,-2.0730,61.5,506.8,-2.0658,-77.8,392.6,-0.0000,-181.3,414.3,0.0290,-275.9,-358.3,0,0.0,0.0,0.0000,0.42,16.85,2.72,-16.92
3.1068,3.0753,31.5,0,72.3,513.6,-2.0730,61.5,506.8,-2.0658,-77.8,392.6,-0.0000,-179.2,397.2,0.0290,-261.8,-348.3,0,0.0,0.0,0.0000,0.17,17.43,3.36,-17.84
3.1142,3.0753,39.0,0,72.3,513.6,-2.0730,61.5,506.8,-2.0658,-77.8,392.6,-0.0000,-184.8,399.2,0.0290,-260.9,-354.2,0,0.0,0.0,0.0000,-0.06,17.96,3.56,-17.59
3.1230,3.0753,47.7,0,72.3,513.6,-2.0730,61.5,506.8,-2.0658,-77.8,392.6,-0.0000,-192.3,407.0,0.0290,-264.2,-364.4,0,0.0,0.0,0.0000,0.24,17.12,3.21,-16.62
3.1305,3.0753,55.2,0,72.3,513.6,-2.0730,61.5,506.8,-2.0658,-77.8,392.6,-0.0000,-198.1,414.7,0.0290,-268.2,-373.3,0,0.0,0.0,0.0000,-0.07,17.65,3.32,-16.00
3.1381,3.0753,62.8,0,72.3,513.6,-2.0730,61.5,506.8,-2.0658,-77.8,392.6,-0.0000,-204.2,422.7,0.0290,-272.2,-382.5,0,0.0,0.0,0.0000,-0.91,17.65,3.33,-15.96
3.1468,3.0753,71.6,0,72.3,513.6,-2.0730,61.5,506.8,-2.0658,-77.8,392.6,-0.0000,-211.0,430.4,0.0290,-275.7,-392.2,0,0.0,0.0,0.0000,-0.08,17.46,3.39,-15.76
3.1542,3.0753,79.0,0,72.3,513.6,-2.0730,61.5,506.8,-2.0658,-77.8,392.6,-0.0000,-216.7,437.0,0.0290,-278.7,-400.3,0,0.0,0.0,0.0000,0.22,16.86,3.18,-15.75
3.1629,3.0753,87.7,0,72.3,513.6,-2.0730,61.5,506.8,-2.0658,-77.8,392.6,-0.0000,-224.8,445.3,0.0290,-282.1,-411.4,0,0.0,0.0,0.0000,-0.26,17.25,3.55,-14.83
3.1707,3.0753,95.4,0,72.3,513.6,-2.0730,61.5,506.8,-2.0658,-77.8,392.6,-0.0000,-228.2,444.9,0.0290,-280.1,-414.2,0,0.0,0.0,0.0000,-0.58,17.40,3.51,-15.92
3.1792,3.0753,103.9,0,72.3,513.6,-2.0730,61.5,506.8,-2.0658,-77.8,392.6,-0.0000,-230.5,443.7,0.0290,-278.0,-415.6,0,0.0,0.0,0.0000,-0.43,17.28,3.74,-15.84
3.1867,3.1803,6.4,0,47.9,562.6,-2.0930,50.4,547.3,-2.0658,-131.7,377.5,0.0000,-224.1,430.1,0.1091,-261.0,-408.8,0,0.0,0.0,0.0000,-0.61,16.11,3.60,-15.12
3.1949,3.1803,14.6,0,47.9,562.6,-2.0930,50.4,547.3,-2.0658,-131.7,377.5,0.0000,-217.5,415.1,0.1091,-251.2,-395.6,0,0.0,0.0,0.0000,-1.07,16.35,3.62,-15.19
3.2029,3.1803,22.7,0,47.9,562.6,-2.0930,50.4,547.3,-2.0658,-131.7,377.5,0.0000,-211.8,400.0,0.1091,-241.1,-383.1,0,0.0,0.0,0.0000,-0.43,16.58,3.50,-16.39
3.2111,3.1803,30.9,0,47.9,562.6,-2.0930,50.4,547.3,-2.0658,-131.7,377.5,0.0000,-207.0,384.3,0.1091,-229.9,-371.1,0,0.0,0.0,0.0000,-0.64,16.87,3.51,-17.15
3.2189,3.1803,38.6,0,47.9,562.6,-2.0930,50.4,547.3,-2.0658,-131.7,377.5,0.0000,-204.3,369.1,0.1091,-218.0,-361.2,0,0.0,0.0,0.0000,0.14,16.65,3.29,-16.26
3.2265,3.1803,46.3,0,47.9,562.6,-2.0930,50.4,547.3,-2.0658,-131.7,377.5,0.0000,-208.2,354.4,0.1091,-203.3,-357.3,0,0.0,0.0,0.0000,-0.12,17.09,3.34,-15.65
3.2341,3.1803,53.9,0,47.9,562.6,-2.0930,50.4,547.3,-2.0658,-131.7,377.5,0.0000,-215.9,360.4,0.1091,-204.6,-366.9,0,0.0,0.0,0.0000,-0.64,16.01,3.70,-16.06
3.2428,3.1803,62.5,0,47.9,562.6,-2.0930,50.4,547.3,-2.0658,-131.7,377.5,0.0000,-223.8,367.8,0.1091,-207.1,-377.5,0,0.0,0.0,0.0000,-0.29,16.75,2.79,-15.80
3.2503,3.1803,70.1,0,47.9,562.6,-2.0930,50.4,547.3,-2.0658,-131.7,377.5,0.0000,-230.9,374.3,0.1091,-209.2,-386.8,0,0.0,0.0,0.0000,-0.08,17.06,3.21,-15.32
3.2586,3.1803,78.3,0,47.9,562.6,-2.0930,50.4,547.3,-2.0658,-131.7,377.5,0.0000,-238.9,380.9,0.1091,-210.9,-397.1,0,0.0,0.0,0.0000,-0.96,17.12,3.42,-14.97
3.2662,3.1803,85.9,0,47.9,562.6,-2.0930,50.4,547.3,-2.0658,-131.7,377.5,0.0000,-246.5,386.9,0.1091,-212.4,-406.6,0,0.0,0.0,0.0000,-1.54,16.24,3.47,-15.05
3.2748,3.1803,94.5,0,47.9,562.6,-2.0930,50.4,547.3,-2.0658,-131.7,377.5,0.0000,-254.6,393.9,0.1091,-214.4,-417.1,0,0.0,0.0,0.0000,-2.14,16.67,3.49,-14.07
3.2830,3.2818,1.2,0,28.5,603.9,-2.1021,34.4,584.6,-2.0658,-182.0,356.2,0.0000,-248.0,378.8,0.1453,-200.9,-405.7,0,0.0,0.0,0.0000,-1.21,16.25,3.71,-14.46
3.2906,3.2818,8.8,0,28.5,603.9,-2.1021,34.4,584.6,-2.0658,-182.0,356.2,0.0000,-242.7,364.6,0.1453,-191.4,-394.0,0,0.0,0.0,0.0000,-1.64,16.09,3.41,-13.79
3.2992,3.2818,17.4,0,28.5,603.9,-2.1021,34.4,584.6,-2.0658,-182.0,356.2,0.0000,-238.0,348.0,0.1453,-179.4,-381.5,0,0.0,0.0,0.0000,-1.75,15.97,3.79,-13.69
3.3072,3.2818,25.3,0,28.5,603.9,-2.1021,34.4,584.6,-2.0658,-182.0,356.2,0.0000,-235.4,332.4,0.1453,-167.3,-371.3,0,0.0,0.0,0.0000,-1.94,16.04,4.55,-13.97
3.3150,3.2818,33.1,0,28.5,603.9,-2.1021,34.4,584.6,-2.0658,-182.0,356.2,0.0000,-236.2,316.8,0.1453,-153.5,-364.1,0,0.0,0.0,0.0000,-2.28,15.80,4.29,-13.60
3.3232,3.2818,41.3,0,28.5,603.9,-2.1021,34.4,584.6,-2.0658,-182.0,356.2,0.0000,-245.1,306.3,0.1453,-139.9,-366.5,0,0.0,0.0,0.0000,-2.68,15.19,4.23,-13.64
3.3309,3.2818,49.1,0,28.5,603.9,-2.1021,34.4,584.6,-2.0658,-182.0,356.2,0.0000,-252.8,311.9,0.1453,-140.8,-376.0,0,0.0,0.0,0.0000,-2.64,15.36,4.64,-13.87
3.3391,3.2818,57.2,0,28.5,603.9,-2.1021,34.4,584.6,-2.0658,-182.0,356.2,0.0000,-261.6,317.5,0.1453,-141.2,-386.4,0,0.0,0.0,0.0000,-2.28,15.78,4.61,-13.51
3.3464,3.2818,64.6,0,28.5,603.9,-2.1021,34.4,584.6,-2.0658,-182.0,356.2,0.0000,-269.5,322.5,0.1453,-141.5,-395.8,0,0.0,0.0,0.0000,-3.15,14.05,4.69,-13.28
3.3542,3.2818,72.3,0,28.5,603.9,-2.1021,34.4,584.6,-2.0658,-182.0,356.2,0.0000,-277.7,327.7,0.1453,-141.8,-405.5,0,0.0,0.0,0.0000,-3.13,13.32,4.54,-12.75
3.3624,3.2818,80.6,0,28.5,603.9,-2.1021,34.4,584.6,-2.0658,-182.0,356.2,0.0000,-286.5,333.0,0.1453,-141.9,-415.7,0,0.0,0.0,0.0000,-3.22,13.54,4.91,-12.25
3.3701,3.2818,88.3,0,28.5,603.9,-2.1021,34.4,584.6,-2.0658,-182.0,356.2,0.0000,-294.7,338.3,0.1453,-142.3,-425.4,0,0.0,0.0,0.0000,-3.93,12.54,5.74,-12.08
3.3783,3.2818,96.5,0,28.5,603.9,-2.1021,34.4,584.6,-2.0658,-182.0,356.2,0.0000,-303.4,343.9,0.1453,-142.8,-435.9,0,0.0,0.0,0.0000,-4.07,12.52,6.24,-11.44
3.3860,3.3844,1.6,0,2.6,646.2,-2.1271,13.3,619.7,-2.0658,-229.1,327.0,0.0000,-295.8,330.5,0.2453,-124.5,-425.7,0,0.0,0.0,0.0000,-4.00,12.92,5.26,-10.88
3.3947,3.3844,10.3,0,2.6,646.2,-2.1271,13.3,619.7,-2.0658,-229.1,327.0,0.0000,-287.9,315.0,0.2453,-115.5,-410.8,0,0.0,0.0,0.0000,-4.02,12.26,6.39,-11.24
3.4032,3.3844,18.8,0,2.6,646.2,-2.1271,13.3,619.7,-2.0658,-229.1,327.0,0.0000,-281.3,299.3,0.2453,-105.6,-397.0,0,0.0,0.0,0.0000,-4.77,12.27,6.62,-11.51
3.4110,3.3844,26.6,0,2.6,646.2,-2.1271,13.3,619.7,-2.0658,-229.1,327.0,0.0000,-276.8,284.5,0.2453,-95.4,-385.3,0,0.0,0.0,0.0000,-4.92,12.43,6.43,-10.88
3.4182,3.3844,33.8,0,2.6,646.2,-2.1271,13.3,619.7,-2.0658,-229.1,327.0,0.0000,-274.5,270.3,0.2453,-84.6,-375.8,0,0.0,0.0,0.0000,-4.79,12.71,7.00,-10.75
3.4269,3.3844,42.5,0,2.6,646.2,-2.1271,13.3,619.7,-2.0658,-229.1,327.0,0.0000,-277.9,253.1,0.2453,-68.2,-369.6,0,0.0,0.0,0.0000,-5.00,12.75,7.93,-11.27
3.4349,3.3844,50.5,0,2.6,646.2,-2.1271,13.3,619.7,-2.0658,-229.1,327.0,0.0000,-288.1,250.9,0.2453,-61.0,-377.2,0,0.0,0.0,0.0000,-5.05,12.27,7.91,-10.28
3.4427,3.3844,58.3,0,2.6,646.2,-2.1271,13.3,619.7,-2.0658,-229.1,327.0,0.0000,-296.6,255.8,0.2453,-60.6,-387.0,0,0.0,0.0,0.0000,-5.07,8.59,7.60,-9.53
3.4507,3.3844,66.3,0,2.6,646.2,-2.1271,13.3,619.7,-2.0658,-229.1,327.0,0.0000,-306.2,259.5,0.2453,-58.6,-397.1,0,0.0,0.0,0.0000,-6.50,7.04,7.09,-9.53
3.4586,3.3844,74.2,0,2.6,646.2,-2.1271,13.3,619.7,-2.0658,-229.1,327.0,0.0000,-315.9,263.1,0.2453,-56.6,-407.2,0,0.0,0.0,0.0000,-7.86,9.75,7.32,-9.74
3.4670,3.3844,82.6,0,2.6,646.2,-2.1271,13.3,619.7,-2.0658,-229.1,327.0,0.0000,-324.8,267.3,0.2453,-55.5,-417.0,0,0.0,0.0,0.0000,-7.45,12.00,7.69,-9.14
3.4743,3.3844,89.9,0,2.6,646.2,-2.1271,13.3,619.7,-2.0658,-229.1,327.0,0.0000,-332.8,270.9,0.2453,-54.3,-425.7,0,0.0,0.0,0.0000,-5.22,12.23,8.71,-9.30
3.4829,3.3844,98.5,0,2.6,646.2,-2.1271,13.3,619.7,-2.0658,-229.1,327.0,0.0000,-343.0,275.3,0.2453,-52.7,-436.7,0,0.0,0.0,0.0000,-4.46,13.01,9.28,-7.93
3.4908,3.4865,4.3,0,-22.3,675.4,-2.1389,-12.3,651.5,-2.0658,-271.1,293.7,0.0000,-333.2,262.8,0.2926,-42.2,-422.3,0,0.0,0.0,0.0000,-4.26,12.23,9.49,-4.30
3.4985,3.4865,12.0,0,-22.3,675.4,-2.1389,-12.3,651.5,-2.0658,-271.1,293.7,0.0000,-324.5,250.2,0.2926,-36.3,-408.2,0,0.0,0.0,0.0000,-2.30,12.48,9.63,-6.01
3.5071,3.4865,20.6,0,-22.3,675.4,-2.1389,-12.3,651.5,-2.0658,-271.1,293.7,0.0000,-316.0,235.1,0.2926,-28.2,-392.9,0,0.0,0.0,0.0000,-2.07,12.12,8.88,-8.49
3.5141,3.4865,27.7,0,-22.3,675.4,-2.1389,-12.3,651.5,-2.0658,-271.1,293.7,0.0000,-311.5,221.8,0.2926,-19.4,-381.9,0,0.0,0.0,0.0000,-4.48,12.14,8.78,-8.14
3.5227,3.4865,36.2,0,-22.3,675.4,-2.1389,-12.3,651.5,-2.0658,-271.1,293.7,0.0000,-315.6,205.3,0.2926,-3.2,-376.5,0,0.0,0.0,0.0000,-6.51,12.51,8.97,-8.29
3.5307,3.4865,44.2,0,-22.3,675.4,-2.1389,-12.3,651.5,-2.0658,-271.1,293.7,0.0000,-324.7,209.1,0.2926,-1.5,-386.2,0,0.0,0.0,0.0000,-5.40,12.87,10.24,-8.54
3.5382,3.4865,51.8,0,-22.3,675.4,-2.1389,-12.3,651.5,-2.0658,-271.1,293.7,0.0000,-333.4,212.7,0.2926,0.1,-395.5,0,0.0,0.0,0.0000,-4.37,12.10,12.62,-8.43
3.5461,3.4865,59.7,0,-22.3,675.4,-2.1389,-12.3,651.5,-2.0658,-271.1,293.7,0.0000,-342.9,215.6,0.2926,2.8,-405.1,0,0.0,0.0,0.0000,-5.08,12.79,12.24,-8.18
3.5543,3.4865,67.8,0,-22.3,675.4,-2.1389,-12.3,651.5,-2.0658,-271.1,293.7,0.0000,-353.0,218.5,0.2926,5.8,-415.1,0,0.0,0.0,0.0000,-4.92,12.10,10.35,-8.20
3.5623,3.4865,75.8,0,-22.3,675.4,-2.1389,-12.3,651.5,-2.0658,-271.1,293.7,0.0000,-362.3,221.4,0.2926,8.3,-424.5,0,0.0,0.0,0.0000,-5.68,11.21,9.24,-7.92
3.5708,3.4865,84.3,0,-22.3,675.4,-2.1389,-12.3,651.5,-2.0658,-271.1,293.7,0.0000,-372.2,224.6,0.2926,11.0,-434.6,0,0.0,0.0,0.0000,-6.41,12.21,9.43,-8.00
3.5792,3.4865,92.7,0,-22.3,675.4,-2.1389,-12.3,651.5,-2.0658,-271.1,293.7,0.0000,-382.7,227.4,0.2926,14.3,-444.9,0,0.0,0.0,0.0000,-5.46,12.98,9.08,-7.63
3.5864,3.4865,99.9,0,-22.3,675.4,-2.1389,-12.3,651.5,-2.0658,-271.1,293.7,0.0000,-391.8,229.8,0.2926,17.1,-453.9,0,0.0,0.0,0.0000,-4.80,11.46,8.85,-7.49
3.5942,3.5918,2.4,0,-54.3,708.8,-2.1070,-42.9,680.4,-2.0658,-309.6,254.2,-0.0000,-381.5,218.1,0.1650,7.4,-439.4,0,0.0,0.0,0.0000,-5.95,10.84,8.95,-6.69
3.6029,3.5918,11.0,0,-54.3,708.8,-2.1070,-42.9,680.4,-2.0658,-309.6,254.2,-0.0000,-370.8,204.4,0.1650,13.8,-423.2,0,0.0,0.0,0.0000,-5.47,10.72,8.97,-6.54
3.6109,3.5918,19.0,0,-54.3,708.8,-2.1070,-42.9,680.4,-2.0658,-309.6,254.2,-0.0000,-361.9,191.1,0.1650,20.6,-408.8,0,0.0,0.0,0.0000,-6.41,11.06,8.97,-6.45
3.6186,3.5918,26.7,0,-54.3,708.8,-2.1070,-42.9,680.4,-2.0658,-309.6,254.2,-0.0000,-354.6,177.6,0.1650,28.5,-395.6,0,0.0,0.0,0.0000,-6.02,10.93,8.80,-6.62
3.6268,3.5918,35.0,0,-54.3,708.8,-2.1070,-42.9,680.4,-2.0658,-309.6,254.2,-0.0000,-350.4,161.6,0.1650,40.1,-383.8,0,0.0,0.0,0.0000,-5.91,11.08,8.57,-6.88
3.6346,3.5918,42.7,0,-54.3,708.8,-2.1070,-42.9,680.4,-2.0658,-309.6,254.2,-0.0000,-354.1,146.6,0.1650,54.9,-379.3,0,0.0,0.0,0.0000,-8.24,11.10,9.31,-7.07
3.6429,3.5918,51.1,0,-54.3,708.8,-2.1070,-42.9,680.4,-2.0658,-309.6,254.2,-0.0000,-365.2,144.3,0.1650,62.5,-387.7,0,0.0,0.0,0.0000,-6.09,10.61,9.56,-6.97
3.6503,3.5918,58.4,0,-54.3,708.8,-2.1070,-42.9,680.4,-2.0658,-309.6,254.2,-0.0000,-374.3,146.0,0.1650,65.7,-396.3,0,0.0,0.0,0.0000,-5.56,10.79,9.71,-6.66
3.6585,3.5918,66.7,0,-54.3,708.8,-2.1070,-42.9,680.4,-2.0658,-309.6,254.2,-0.0000,-384.3,148.3,0.1650,68.9,-406.1,0,0.0,0.0,0.0000,-5.90,9.30,9.39,-6.65
3.6662,3.5918,74.4,0,-54.3,708.8,-2.1070,-42.9,680.4,-2.0658,-309.6,254.2,-0.0000,-393.6,150.5,0.1650,71.7,-415.3,0,0.0,0.0,0.0000,-5.56,9.74,9.29,-6.25
3.6750,3.5918,83.2,0,-54.3,708.8,-2.1070,-42.9,680.4,-2.0658,-309.6,254.2,-0.0000,-404.6,151.4,0.1650,76.5,-425.2,0,0.0,0.0,0.0000,-6.81,10.00,9.38,-5.14
3.6833,3.5918,91.4,0,-54.3,708.8,-2.1070,-42.9,680.4,-2.0658,-309.6,254.2,-0.0000,-414.9,152.3,0.1650,81.1,-434.5,0,0.0,0.0,0.0000,-7.98,9.52,9.60,-5.22
3.6911,3.5918,99.2,0,-54.3,708.8,-2.1070,-42.9,680.4,-2.0658,-309.6,254.2,-0.0000,-424.9,153.6,0.1650,85.1,-443.7,0,0.0,0.0,0.0000,-7.49,9.30,10.22,-5.08
3.6986,3.6922,6.4,0,-83.5,732.0,-2.0821,-75.6,703.6,-2.0658,-341.0,209.3,0.0000,-413.7,143.7,0.0655,77.2,-431.1,0,0.0,0.0,0.0000,-8.38,8.58,10.13,-4.88
3.7061,3.6922,13.9,0,-83.5,732.0,-2.0821,-75.6,703.6,-2.0658,-341.0,209.3,0.0000,-403.0,133.0,0.0655,81.2,-416.6,0,0.0,0.0,0.0000,-8.71,8.43,9.97,-4.96
3.7149,3.6922,22.7,0,-83.5,732.0,-2.0821,-75.6,703.6,-2.0658,-341.0,209.3,0.0000,-392.1,119.2,0.0655,87.9,-400.3,0,0.0,0.0,0.0000,-9.81,8.95,11.94,-4.48
3.7232,3.6922,31.0,0,-83.5,732.0,-2.0821,-75.6,703.6,-2.0658,-341.0,209.3,0.0000,-384.9,104.3,0.0655,97.4,-386.7,0,0.0,0.0,0.0000,-9.14,8.30,11.66,-4.30
3.7308,3.6922,38.6,0,-83.5,732.0,-2.0821,-75.6,703.6,-2.0658,-341.0,209.3,0.0000,-386.6,89.2,0.0655,111.4,-380.8,0,0.0,0.0,0.0000,-9.64,7.65,11.62,-4.19
3.7389,3.6922,46.8,0,-83.5,732.0,-2.0821,-75.6,703.6,-2.0658,-341.0,209.3,0.0000,-397.1,89.6,0.0655,116.2,-390.1,0,0.0,0.0,0.0000,-9.49,7.20,11.23,-4.10
3.7465,3.6922,54.3,0,-83.5,732.0,-2.0821,-75.6,703.6,-2.0658,-341.0,209.3,0.0000,-407.0,90.1,0.0655,120.6,-399.0,0,0.0,0.0,0.0000,-10.21,7.45,11.46,-3.97
3.7545,3.6922,62.4,0,-83.5,732.0,-2.0821,-75.6,703.6,-2.0658,-341.0,209.3,0.0000,-416.7,90.2,0.0655,125.3,-407.5,0,0.0,0.0,0.0000,-10.85,7.46,11.53,-4.56
3.7621,3.6922,70.0,0,-83.5,732.0,-2.0821,-75.6,703.6,-2.0658,-341.0,209.3,0.0000,-425.9,90.0,0.0655,130.0,-415.5,0,0.0,0.0,0.0000,-9.88,7.37,10.94,-3.87
3.7701,3.6922,77.9,0,-83.5,732.0,-2.0821,-75.6,703.6,-2.0658,-341.0,209.3,0.0000,-436.1,90.5,0.0655,134.5,-424.6,0,0.0,0.0,0.0000,-10.65,6.93,11.58,-3.75
3.7784,3.6922,86.2,0,-83.5,732.0,-2.0821,-75.6,703.6,-2.0658,-341.0,209.3,0.0000,-447.0,91.0,0.0655,139.4,-434.4,0,0.0,0.0,0.0000,-10.41,6.57,11.42,-3.05
3.7861,3.6922,93.9,0,-83.5,732.0,-2.0821,-75.6,703.6,-2.0658,-341.0,209.3,0.0000,-456.5,91.0,0.0655,144.1,-442.6,0,0.0,0.0,0.0000,-11.11,6.14,12.05,-3.10
3.7946,3.7945,0.2,0,-117.0,744.9,-2.0656,-111.8,722.6,-2.0658,-365.9,161.0,0.0000,-440.8,84.2,-0.0006,135.2,-427.9,0,0.0,0.0,0.0000,-12.23,5.47,12.13,-3.55
3.8027,3.7945,8.3,0,-117.0,744.9,-2.0656,-111.8,722.6,-2.0658,-365.9,161.0,0.0000,-426.4,76.9,-0.0006,134.8,-411.7,0,0.0,0.0,0.0000,-11.73,5.78,12.59,-3.21
3.8104,3.7945,15.9,0,-117.0,744.9,-2.0656,-111.8,722.6,-2.0658,-365.9,161.0,0.0000,-413.6,68.4,-0.0006,136.3,-396.5,0,0.0,0.0,0.0000,-12.44,5.87,12.13,-3.07
3.8189,3.7945,24.4,0,-117.0,744.9,-2.0656,-111.8,722.6,-2.0658,-365.9,161.0,0.0000,-402.1,55.8,-0.0006,141.9,-380.4,0,0.0,0.0,0.0000,-12.12,5.64,12.55,-2.96
3.8267,3.7945,32.2,0,-117.0,744.9,-2.0656,-111.8,722.6,-2.0658,-365.9,161.0,0.0000,-406.8,50.4,-0.0006,148.9,-382.0,0,0.0,0.0,0.0000,-12.90,5.04,12.63,-3.04
3.8347,3.7945,40.2,0,-117.0,744.9,-2.0656,-111.8,722.6,-2.0658,-365.9,161.0,0.0000,-417.0,49.8,-0.0006,154.2,-390.6,0,0.0,0.0,0.0000,-13.58,5.20,12.57,-2.20
3.8431,3.7945,48.7,0,-117.0,744.9,-2.0656,-111.8,722.6,-2.0658,-365.9,161.0,0.0000,-427.6,49.1,-0.0006,159.8,-399.7,0,0.0,0.0,0.0000,-14.20,4.92,12.92,-2.68
3.8509,3.7945,56.5,0,-117.0,744.9,-2.0656,-111.8,722.6,-2.0658,-365.9,161.0,0.0000,-437.4,47.9,-0.0006,165.6,-407.6,0,0.0,0.0,0.0000,-14.31,5.15,14.01,-2.91
3.8588,3.7945,64.4,0,-117.0,744.9,-2.0656,-111.8,722.6,-2.0658,-365.9,161.0,0.0000,-447.3,46.5,-0.0006,171.5,-415.7,0,0.0,0.0,0.0000,-13.88,4.88,13.49,-2.80
3.8672,3.7945,72.7,0,-117.0,744.9,-2.0656,-111.8,722.6,-2.0658,-365.9,161.0,0.0000,-457.7,45.4,-0.0006,177.4,-424.3,0,0.0,0.0,0.0000,-14.39,4.90,14.00,-2.46
3.8747,3.7945,80.2,0,-117.0,744.9,-2.0656,-111.8,722.6,-2.0658,-365.9,161.0,0.0000,-467.0,44.3,-0.0006,182.8,-432.0,0,0.0,0.0,0.0000,-14.70,4.58,13.47,-2.46
3.8829,3.7945,88.5,0,-117.0,744.9,-2.0656,-111.8,722.6,-2.0658,-365.9,161.0,0.0000,-477.3,42.9,-0.0006,188.9,-440.5,0,0.0,0.0,0.0000,-15.08,4.23,13.26,-2.44
3.8912,3.7945,96.8,0,-117.0,744.9,-2.0656,-111.8,722.6,-2.0658,-365.9,161.0,0.0000,-487.7,41.4,-0.0006,195.2,-448.9,0,0.0,0.0,0.0000,-14.99,4.17,10.32,-2.46
3.8987,3.8962,2.6,0,-157.4,747.4,-2.0790,-150.0,736.4,-2.0658,-384.8,109.4,0.0000,-472.8,40.2,0.0530,194.9,-432.6,0,0.0,0.0,0.0000,-15.83,4.81,11.62,-2.52
3.9064,3.8962,10.2,0,-157.4,747.4,-2.0790,-150.0,736.4,-2.0658,-384.8,109.4,0.0000,-457.6,38.7,0.0530,188.9,-418.6,0,0.0,0.0,0.0000,-14.50,4.80,13.44,-2.41
3.9149,3.8962,18.7,0,-157.4,747.4,-2.0790,-150.0,736.4,-2.0658,-384.8,109.4,0.0000,-440.7,36.1,0.0530,182.9,-402.6,0,0.0,0.0,0.0000,-14.93,5.23,14.55,-2.17
3.9225,3.8962,26.4,0,-157.4,747.4,-2.0790,-150.0,736.4,-2.0658,-384.8,109.4,0.0000,-425.9,32.2,0.0530,179.1,-387.8,0,0.0,0.0,0.0000,-14.90,4.15,15.19,-2.06
3.9302,3.8962,34.0,0,-157.4,747.4,-2.0790,-150.0,736.4,-2.0658,-384.8,109.4,0.0000,-414.5,25.1,0.0530,179.8,-374.4,0,0.0,0.0,0.0000,-15.53,4.60,15.30,-2.16
3.9387,3.8962,42.5,0,-157.4,747.4,-2.0790,-150.0,736.4,-2.0658,-384.8,109.4,0.0000,-424.3,23.0,0.0530,186.4,-381.9,0,0.0,0.0,0.0000,-16.08,4.76,14.73,-2.42
3.9463,3.8962,50.1,0,-157.4,747.4,-2.0790,-150.0,736.4,-2.0658,-384.8,109.4,0.0000,-434.2,21.0,0.0530,192.9,-389.5,0,0.0,0.0,0.0000,-15.81,4.84,14.56,-1.83
3.9544,3.8962,58.3,0,-157.4,747.4,-2.0790,-150.0,736.4,-2.0658,-384.8,109.4,0.0000,-444.8,18.7,0.0530,200.1,-397.7,0,0.0,0.0,0.0000,-16.36,4.62,14.85,-1.48
3.9628,3.8962,66.7,0,-157.4,747.4,-2.0790,-150.0,736.4,-2.0658,-384.8,109.4,0.0000,-454.7,16.3,0.0530,207.0,-405.2,0,0.0,0.0,0.0000,-17.69,4.51,16.03,-1.12
3.9706,3.8962,74.4,0,-157.4,747.4,-2.0790,-150.0,736.4,-2.0658,-384.8,109.4,0.0000,-463.9,14.0,0.0530,213.5,-412.1,0,0.0,0.0,0.0000,-14.41,4.58,16.20,-1.22
3.9787,3.8962,82.5,0,-157.4,747.4,-2.0790,-150.0,736.4,-2.0658,-384.8,109.4,0.0000,-473.8,11.1,0.0530,220.8,-419.3,0,0.0,0.0,0.0000,-15.49,4.82,16.41,-1.68
3.9862,3.8962,90.1,0,-157.4,747.4,-2.0790,-150.0,736.4,-2.0658,-384.8,109.4,0.0000,-483.1,8.2,0.0530,227.9,-426.1,0,0.0,0.0,0.0000,-14.91,6.24,16.26,-1.57
3.9945,3.8962,98.4,0,-157.4,747.4,-2.0790,-150.0,736.4,-2.0658,-384.8,109.4,0.0000,-492.9,5.8,0.0530,234.8,-433.4,0,0.0,0.0,0.0000,-15.38,5.95,16.74,-1.60
4.0026,3.9992,3.4,0,-205.7,746.9,-2.1065,-190.3,745.0,-2.0658,-396.1,56.7,-0.0000,-476.8,5.7,0.1628,238.5,-412.9,0,0.0,0.0,0.0000,-15.64,4.66,16.43,-1.11
4.0112,3.9992,11.9,0,-205.7,746.9,-2.1065,-190.3,745.0,-2.0658,-396.1,56.7,-0.0000,-459.7,5.0,0.1628,230.3,-397.9,0,0.0,0.0,0.0000,-16.41,4.51,15.58,-1.43
4.0183,3.9992,19.1,0,-205.7,746.9,-2.1065,-190.3,745.0,-2.0658,-396.1,56.7,-0.0000,-445.5,3.9,0.1628,224.0,-385.1,0,0.0,0.0,0.0000,-15.29,4.36,15.50,-2.13
4.0265,3.9992,27.3,0,-205.7,746.9,-2.1065,-190.3,745.0,-2.0658,-396.1,56.7,-0.0000,-429.2,1.5,0.1628,217.8,-369.8,0,0.0,0.0,0.0000,-15.64,5.37,16.12,-1.83
4.0341,3.9992,34.9,0,-205.7,746.9,-2.1065,-190.3,745.0,-2.0658,-396.1,56.7,-0.0000,-414.6,-2.6,0.1628,213.8,-355.2,0,0.0,0.0,0.0000,-15.07,5.67,16.37,-1.02
4.0426,3.9992,43.3,0,-205.7,746.9,-2.1065,-190.3,745.0,-2.0658,-396.1,56.7,-0.0000,-405.3,-11.7,0.1628,216.9,-342.6,0,0.0,0.0,0.0000,-16.20,5.30,16.32,-1.22
4.0502,3.9992,50.9,0,-205.7,746.9,-2.1065,-190.3,745.0,-2.0658,-396.1,56.7,-0.0000,-414.2,-15.2,0.1628,224.5,-348.5,0,0.0,0.0,0.0000,-16.43,4.34,16.78,-1.49
4.0592,3.9992,59.9,0,-205.7,746.9,-2.1065,-190.3,745.0,-2.0658,-396.1,56.7,-0.0000,-425.0,-18.8,0.1628,233.1,-355.9,0,0.0,0.0,0.0000,-16.34,4.98,16.87,-1.66
4.0669,3.9992,67.7,0,-205.7,746.9,-2.1065,-190.3,745.0,-2.0658,-396.1,56.7,-0.0000,-434.4,-22.0,0.1628,240.7,-362.4,0,0.0,0.0,0.0000,-13.23,5.17,16.79,-1.62
4.0751,3.9992,75.9,0,-205.7,746.9,-2.1065,-190.3,745.0,-2.0658,-396.1,56.7,-0.0000,-443.5,-25.9,0.1628,248.7,-368.2,0,0.0,0.0,0.0000,-11.73,5.20,16.81,-1.47
4.0829,3.9992,83.6,0,-205.7,746.9,-2.1065,-190.3,745.0,-2.0658,-396.1,56.7,-0.0000,-452.2,-29.5,0.1628,256.2,-373.8,0,0.0,0.0,0.0000,-12.70,5.10,16.70,-0.95
4.0910,3.9992,91.8,0,-205.7,746.9,-2.1065,-190.3,745.0,-2.0658,-396.1,56.7,-0.0000,-461.8,-34.3,0.1628,265.2,-379.6,0,0.0,0.0,0.0000,-15.67,4.38,17.43,-0.50
4.0988,3.9992,99.5,0,-205.7,746.9,-2.1065,-190.3,745.0,-2.0658,-396.1,56.7,-0.0000,-470.9,-38.9,0.1628,273.8,-385.1,0,0.0,0.0,0.0000,-15.48,4.08,17.04,-0.17
4.1067,4.1033,3.4,0,-251.8,746.7,-2.1289,-231.8,748.0,-2.0658,-400.2,1.1,-0.0000,-455.0,-39.3,0.2523,274.3,-365.2,0,0.0,0.0,0.0000,-15.17,4.28,17.64,-0.17
4.1151,4.1033,11.8,0,-251.8,746.7,-2.1289,-231.8,748.0,-2.0658,-400.2,1.1,-0.0000,-438.2,-40.6,0.2523,266.5,-350.3,0,0.0,0.0,0.0000,-14.99,4.81,17.08,0.00
4.1231,4.1033,19.8,0,-251.8,746.7,-2.1289,-231.8,748.0,-2.0658,-400.2,1.1,-0.0000,-422.5,-42.6,0.2523,259.9,-335.8,0,0.0,0.0,0.0000,-15.05,4.67,17.35,0.01
4.1302,4.1033,26.9,0,-251.8,746.7,-2.1289,-231.8,748.0,-2.0658,-400.2,1.1,-0.0000,-408.5,-45.4,0.2523,254.9,-322.5,0,0.0,0.0,0.0000,-15.21,4.61,16.83,0.15
4.1382,4.1033,34.9,0,-251.8,746.7,-2.1289,-231.8,748.0,-2.0658,-400.2,1.1,-0.0000,-393.9,-51.7,0.2523,252.4,-306.7,0,0.0,0.0,0.0000,-15.25,4.33,18.00,0.69
4.1463,4.1033,43.0,0,-251.8,746.7,-2.1289,-231.8,748.0,-2.0658,-400.2,1.1,-0.0000,-386.3,-64.8,0.2523,259.6,-293.4,0,0.0,0.0,0.0000,-15.33,3.90,17.12,1.00
4.1544,4.1033,51.1,0,-251.8,746.7,-2.1289,-231.8,748.0,-2.0658,-400.2,1.1,-0.0000,-394.9,-69.4,0.2523,268.0,-298.2,0,0.0,0.0,0.0000,-16.12,3.70,17.09,1.38
4.1627,4.1033,59.4,0,-251.8,746.7,-2.1289,-231.8,748.0,-2.0658,-400.2,1.1,-0.0000,-403.7,-74.3,0.2523,276.8,-303.1,0,0.0,0.0,0.0000,-14.86,3.85,17.36,1.76
4.1708,4.1033,67.4,0,-251.8,746.7,-2.1289,-231.8,748.0,-2.0658,-400.2,1.1,-0.0000,-412.7,-79.1,0.2523,285.6,-308.2,0,0.0,0.0,0.0000,-15.35,3.72,17.95,2.32
4.1781,4.1033,74.8,0,-251.8,746.7,-2.1289,-231.8,748.0,-2.0658,-400.2,1.1,-0.0000,-420.8,-83.4,0.2523,293.6,-312.8,0,0.0,0.0,0.0000,-15.19,3.96,16.84,2.09
4.1862,4.1033,82.8,0,-251.8,746.7,-2.1289,-231.8,748.0,-2.0658,-400.2,1.1,-0.0000,-429.9,-88.7,0.2523,302.8,-317.7,0,0.0,0.0,0.0000,-14.33,3.43,16.98,2.09
4.1944,4.1033,91.0,0,-251.8,746.7,-2.1289,-231.8,748.0,-2.0658,-400.2,1.1,-0.0000,-439.3,-94.1,0.2523,312.5,-322.9,0,0.0,0.0,0.0000,-15.50,3.81,17.28,2.40
4.2030,4.2030,0.0,0,-306.5,746.4,-2.1248,-271.6,745.5,-2.0658,-396.5,-52.3,-0.0000,-422.0,-94.7,0.2363,302.5,-309.1,0,0.0,0.0,0.0000,-13.82,3.34,16.73,2.25
4.2103,4.2030,7.3,0,-306.5,746.4,-2.1248,-271.6,745.5,-2.0658,-396.5,-52.3,-0.0000,-407.5,-95.8,0.2363,295.8,-296.1,0,0.0,0.0,0.0000,-14.35,3.26,16.64,2.76
4.2188,4.2030,15.8,0,-306.5,746.4,-2.1248,-271.6,745.5,-2.0658,-396.5,-52.3,-0.0000,-390.7,-98.0,0.2363,288.9,-280.6,0,0.0,0.0,0.0000,-13.89,2.51,16.83,3.07
4.2262,4.2030,23.2,0,-306.5,746.4,-2.1248,-271.6,745.5,-2.0658,-396.5,-52.3,-0.0000,-376.2,-101.1,0.2363,283.9,-266.7,0,0.0,0.0,0.0000,-14.15,2.22,16.73,2.67
4.2342,4.2030,31.2,0,-306.5,746.4,-2.1248,-271.6,745.5,-2.0658,-396.5,-52.3,-0.0000,-361.0,-106.1,0.2363,280.1,-251.1,0,0.0,0.0,0.0000,-13.69,2.45,16.57,3.45
4.2430,4.2030,40.0,0,-306.5,746.4,-2.1248,-271.6,745.5,-2.0658,-396.5,-52.3,-0.0000,-345.7,-114.9,0.2363,279.6,-233.5,0,0.0,0.0,0.0000,-15.67,2.45,16.15,3.14
4.2510,4.2030,48.0,0,-306.5,746.4,-2.1248,-271.6,745.5,-2.0658,-396.5,-52.3,-0.0000,-336.7,-128.0,0.2363,286.0,-219.0,0,0.0,0.0,0.0000,-12.63,2.33,15.75,3.21
4.2589,4.2030,55.9,0,-306.5,746.4,-2.1248,-271.6,745.5,-2.0658,-396.5,-52.3,-0.0000,-341.4,-139.1,0.2363,297.9,-217.1,0,0.0,0.0,0.0000,-13.39,2.22,16.20,3.26
4.2673,4.2030,64.3,0,-306.5,746.4,-2.1248,-271.6,745.5,-2.0658,-396.5,-52.3,-0.0000,-349.6,-145.3,0.2363,307.5,-220.9,0,0.0,0.0,0.0000,-14.17,1.59,16.03,3.44
4.2750,4.2030,72.0,0,-306.5,746.4,-2.1248,-271.6,745.5,-2.0658,-396.5,-52.3,-0.0000,-357.4,-151.1,0.2363,316.5,-224.4,0,0.0,0.0,0.0000,-13.09,1.36,13.72,3.71
4.2829,4.2030,79.9,0,-306.5,746.4,-2.1248,-271.6,745.5,-2.0658,-396.5,-52.3,-0.0000,-364.9,-157.3,0.2363,325.8,-227.5,0,0.0,0.0,0.0000,-12.97,1.03,11.43,3.36
4.2912,4.2030,88.2,0,-306.5,746.4,-2.1248,-271.6,745.5,-2.0658,-396.5,-52.3,-0.0000,-372.7,-164.1,0.2363,335.6,-230.6,0,0.0,0.0,0.0000,-13.90,0.23,12.55,3.52
4.2982,4.2030,95.2,0,-306.5,746.4,-2.1248,-271.6,745.5,-2.0658,-396.5,-52.3,-0.0000,-379.9,-169.5,0.2363,344.0,-233.9,0,0.0,0.0,0.0000,-13.47,-0.01,13.64,3.54
4.3065,4.2030,103.5,0,-306.5,746.4,-2.1248,-271.6,745.5,-2.0658,-396.5,-52.3,-0.0000,-388.7,-175.9,0.2363,354.1,-238.0,0,0.0,0.0,0.0000,-13.31,-0.45,14.43,3.40
4.3145,4.3081,6.3,0,-349.5,741.1,-2.0932,-312.8,737.1,-2.0658,-385.4,-107.1,-0.0000,-372.9,-174.7,0.1097,337.5,-236.0,0,0.0,0.0,0.0000,-13.55,-0.80,13.99,3.46
4.3225,4.3081,14.3,0,-349.5,741.1,-2.0932,-312.8,737.1,-2.0658,-385.4,-107.1,-0.0000,-356.9,-174.6,0.1097,329.4,-222.2,0,0.0,0.0,0.0000,-13.88,-1.69,14.14,4.39
4.3308,4.3081,22.7,0,-349.5,741.1,-2.0932,-312.8,737.1,-2.0658,-385.4,-107.1,-0.0000,-340.3,-175.9,0.1097,322.2,-207.1,0,0.0,0.0,0.0000,-13.98,-0.90,13.41,4.16
4.3384,4.3081,30.3,0,-349.5,741.1,-2.0932,-312.8,737.1,-2.0658,-385.4,-107.1,-0.0000,-325.4,-179.1,0.1097,317.6,-192.7,0,0.0,0.0,0.0000,-12.81,-1.52,13.24,3.84
4.3469,4.3081,38.7,0,-349.5,741.1,-2.0932,-312.8,737.1,-2.0658,-385.4,-107.1,-0.0000,-310.4,-187.0,0.1097,317.0,-175.7,0,0.0,0.0,0.0000,-13.23,-2.69,13.37,3.76
4.3543,4.3081,46.2,0,-349.5,741.1,-2.0932,-312.8,737.1,-2.0658,-385.4,-107.1,-0.0000,-303.9,-200.4,0.1097,325.3,-163.4,0,0.0,0.0,0.0000,-12.79,-2.41,13.05,3.98
4.3628,4.3081,54.6,0,-349.5,741.1,-2.0932,-312.8,737.1,-2.0658,-385.4,-107.1,-0.0000,-311.5,-207.9,0.1097,335.6,-166.2,0,0.0,0.0,0.0000,-13.45,-2.31,12.89,4.69
4.3703,4.3081,62.2,0,-349.5,741.1,-2.0932,-312.8,737.1,-2.0658,-385.4,-107.1,-0.0000,-318.4,-214.6,0.1097,344.8,-168.8,0,0.0,0.0,0.0000,-13.00,-2.48,12.53,5.01
4.3789,4.3081,70.8,0,-349.5,741.1,-2.0932,-312.8,737.1,-2.0658,-385.4,-107.1,-0.0000,-325.7,-222.5,0.1097,355.3,-171.2,0,0.0,0.0,0.0000,-13.32,-2.74,12.50,4.29
4.3867,4.3081,78.6,0,-349.5,741.1,-2.0932,-312.8,737.1,-2.0658,-385.4,-107.1,-0.0000,-332.3,-229.8,0.1097,365.0,-173.3,0,0.0,0.0,0.0000,-13.12,-3.26,11.96,4.64
4.3946,4.3081,86.5,0,-349.5,741.1,-2.0932,-312.8,737.1,-2.0658,-385.4,-107.1,-0.0000,-339.2,-236.8,0.1097,374.4,-175.8,0,0.0,0.0,0.0000,-12.91,-3.61,11.26,5.25
4.4026,4.3081,94.5,0,-349.5,741.1,-2.0932,-312.8,737.1,-2.0658,-385.4,-107.1,-0.0000,-346.0,-244.0,0.1097,384.1,-178.1,0,0.0,0.0,0.0000,-12.95,-3.98,11.77,6.14
4.4107,4.4094,1.3,0,-372.7,734.7,-2.0819,-350.9,723.7,-2.0658,-367.2,-158.2,-0.0000,-330.2,-241.0,0.0647,371.7,-170.1,0,0.0,0.0,0.0000,-13.22,-4.21,11.26,5.97
4.4190,4.4115,7.5,0,-391.0,727.6,-2.1031,-351.7,723.4,-2.0658,-366.8,-159.2,-0.0000,-314.0,-237.1,0.1492,363.6,-150.3,0,0.0,0.0,0.0000,-12.93,-3.96,11.50,5.59
4.4272,4.4115,15.7,0,-391.0,727.6,-2.1031,-351.7,723.4,-2.0658,-366.8,-159.2,-0.0000,-297.8,-234.7,0.1492,353.4,-137.4,0,0.0,0.0,0.0000,-12.27,-4.86,11.01,5.71
4.4349,4.4115,23.4,0,-391.0,727.6,-2.1031,-351.7,723.4,-2.0658,-366.8,-159.2,-0.0000,-282.2,-234.8,0.1492,345.6,-124.0,0,0.0,0.0,0.0000,-12.85,-5.04,11.35,5.92
4.4422,4.4115,30.7,0,-391.0,727.6,-2.1031,-351.7,723.4,-2.0658,-366.8,-159.2,-0.0000,-268.1,-238.3,0.1492,341.3,-110.1,0,0.0,0.0,0.0000,-12.65,-5.23,10.87,6.31
4.4510,4.4115,39.5,0,-391.0,727.6,-2.1031,-351.7,723.4,-2.0658,-366.8,-159.2,-0.0000,-260.4,-250.1,0.1492,347.7,-97.4,0,0.0,0.0,0.0000,-12.02,-5.16,10.99,6.75
4.4585,4.4115,47.0,0,-391.0,727.6,-2.1031,-351.7,723.4,-2.0658,-366.8,-159.2,-0.0000,-266.5,-257.2,0.1492,356.9,-99.1,0,0.0,0.0,0.0000,-11.98,-4.84,11.09,6.57
4.4672,4.4115,55.7,0,-391.0,727.6,-2.1031,-351.7,723.4,-2.0658,-366.8,-159.2,-0.0000,-273.5,-265.5,0.1492,367.5,-100.9,0,0.0,0.0,0.0000,-11.79,-4.77,10.48,6.42
4.4752,4.4115,63.7,0,-391.0,727.6,-2.1031,-351.7,723.4,-2.0658,-366.8,-159.2,-0.0000,-279.7,-273.8,0.1492,377.9,-102.0,0,0.0,0.0,0.0000,-12.25,-4.92,10.55,6.50
4.4829,4.4115,71.4,0,-391.0,727.6,-2.1031,-351.7,723.4,-2.0658,-366.8,-159.2,-0.0000,-285.7,-281.8,0.1492,387.8,-103.2,0,0.0,0.0,0.0000,-11.98,-5.46,10.26,6.87
4.4909,4.4115,79.4,0,-391.0,727.6,-2.1031,-351.7,723.4,-2.0658,-366.8,-159.2,-0.0000,-291.3,-290.0,0.1492,397.7,-103.8,0,0.0,0.0,0.0000,-12.37,-6.35,11.00,7.14
4.4986,4.4115,87.1,0,-391.0,727.6,-2.1031,-351.7,723.4,-2.0658,-366.8,-159.2,-0.0000,-296.7,-298.2,0.1492,407.5,-104.3,0,0.0,0.0,0.0000,-12.40,-6.25,11.33,7.54
4.5072,4.4115,95.7,0,-391.0,727.6,-2.1031,-351.7,723.4,-2.0658,-366.8,-159.2,-0.0000,-302.9,-306.6,0.1492,417.9,-105.4,0,0.0,0.0,0.0000,-11.67,-5.99,10.67,7.53
4.5142,4.5129,1.3,0,-420.9,707.9,-2.1149,-387.8,704.9,-2.0658,-342.6,-206.8,-0.0000,-291.0,-299.3,0.1965,406.7,-94.1,0,0.0,0.0,0.0000,-10.59,-6.23,10.58,7.64
4.5229,4.5129,10.0,0,-420.9,707.9,-2.1149,-387.8,704.9,-2.0658,-342.6,-206.8,-0.0000,-275.7,-291.1,0.1965,391.7,-85.2,0,0.0,0.0,0.0000,-11.25,-6.81,11.37,7.58
4.5306,4.5129,17.8,0,-420.9,707.9,-2.1149,-387.8,704.9,-2.0658,-342.6,-206.8,-0.0000,-261.4,-285.0,0.1965,379.2,-76.1,0,0.0,0.0,0.0000,-11.37,-7.87,11.74,7.90
4.5386,4.5129,25.7,0,-420.9,707.9,-2.1149,-387.8,704.9,-2.0658,-342.6,-206.8,-0.0000,-245.7,-282.4,0.1965,368.8,-64.0,0,0.0,0.0,0.0000,-8.81,-8.16,11.03,8.70
4.5462,4.5129,33.3,0,-420.9,707.9,-2.1149,-387.8,704.9,-2.0658,-342.6,-206.8,-0.0000,-239.6,-289.0,0.1965,371.3,-55.4,0,0.0,0.0,0.0000,-8.35,-7.00,11.75,9.55
4.5547,4.5129,41.8,0,-420.9,707.9,-2.1149,-387.8,704.9,-2.0658,-342.6,-206.8,-0.0000,-245.2,-297.7,0.1965,381.6,-55.7,0,0.0,0.0,0.0000,-10.46,-6.78,11.00,10.22
4.5623,4.5129,49.4,0,-420.9,707.9,-2.1149,-387.8,704.9,-2.0658,-342.6,-206.8,-0.0000,-250.2,-305.4,0.1965,390.8,-56.0,0,0.0,0.0,0.0000,-11.22,-6.61,12.18,10.21
4.5707,4.5129,57.8,0,-420.9,707.9,-2.1149,-387.8,704.9,-2.0658,-342.6,-206.8,-0.0000,-255.5,-314.8,0.1965,401.6,-55.6,0,0.0,0.0,0.0000,-12.15,-6.98,12.14,9.55
4.5783,4.5129,65.4,0,-420.9,707.9,-2.1149,-387.8,704.9,-2.0658,-342.6,-206.8,-0.0000,-260.1,-323.3,0.1965,411.3,-55.2,0,0.0,0.0,0.0000,-11.29,-6.86,11.67,9.64
4.5862,4.5129,73.3,0,-420.9,707.9,-2.1149,-387.8,704.9,-2.0658,-342.6,-206.8,-0.0000,-265.2,-332.0,0.1965,421.4,-55.0,0,0.0,0.0,0.0000,-11.08,-7.78,12.22,9.99
4.5949,4.5129,82.0,0,-420.9,707.9,-2.1149,-387.8,704.9,-2.0658,-342.6,-206.8,-0.0000,-271.1,-341.8,0.1965,432.7,-55.0,0,0.0,0.0,0.0000,-11.16,-7.85,11.67,8.10
4.6023,4.5129,89.4,0,-420.9,707.9,-2.1149,-387.8,704.9,-2.0658,-342.6,-206.8,-0.0000,-274.6,-350.3,0.1965,441.8,-53.7,0,0.0,0.0,0.0000,-11.54,-7.11,11.68,6.39
4.6112,4.5129,98.3,0,-420.9,707.9,-2.1149,-387.8,704.9,-2.0658,-342.6,-206.8,-0.0000,-278.9,-360.8,0.1965,453.0,-51.8,0,0.0,0.0,0.0000,-12.75,-6.79,11.63,8.64
4.6188,4.6123,6.5,0,-450.9,682.1,-2.1108,-420.3,682.1,-2.0658,-312.7,-250.1,-0.0000,-267.0,-351.2,0.1803,438.5,-48.5,0,0.0,0.0,0.0000,-10.38,-8.14,11.10,9.77
4.6260,4.6123,13.8,0,-450.9,682.1,-2.1108,-420.3,682.1,-2.0658,-312.7,-250.1,-0.0000,-255.5,-342.5,0.1803,425.1,-43.0,0,0.0,0.0,0.0000,-10.63,-8.68,11.54,10.56
4.6349,4.6123,22.6,0,-450.9,682.1,-2.1108,-420.3,682.1,-2.0658,-312.7,-250.1,-0.0000,-240.4,-333.1,0.1803,409.3,-34.9,0,0.0,0.0,0.0000,-11.50,-7.84,11.51,10.78
4.6426,4.6123,30.4,0,-450.9,682.1,-2.1108,-420.3,682.1,-2.0658,-312.7,-250.1,-0.0000,-226.3,-326.8,0.1803,396.7,-26.0,0,0.0,0.0,0.0000,-10.79,-8.16,12.04,11.94
4.6507,4.6123,38.4,0,-450.9,682.1,-2.1108,-420.3,682.1,-2.0658,-312.7,-250.1,-0.0000,-210.2,-327.6,0.1803,389.0,-11.8,0,0.0,0.0,0.0000,-10.96,-8.67,12.30,12.07
4.6586,4.6123,46.4,0,-450.9,682.1,-2.1108,-420.3,682.1,-2.0658,-312.7,-250.1,-0.0000,-214.0,-337.2,0.1803,399.2,-10.1,0,0.0,0.0,0.0000,-12.16,-8.14,11.42,12.26
4.6670,4.6123,54.7,0,-450.9,682.1,-2.1108,-420.3,682.1,-2.0658,-312.7,-250.1,-0.0000,-218.1,-346.7,0.1803,409.5,-8.8,0,0.0,0.0,0.0000,-10.91,-8.30,11.95,11.22
4.6743,4.6123,62.0,0,-450.9,682.1,-2.1108,-420.3,682.1,-2.0658,-312.7,-250.1,-0.0000,-221.6,-355.3,0.1803,418.7,-7.4,0,0.0,0.0,0.0000,-11.83,-8.28,11.62,11.69
4.6822,4.6123,70.0,0,-450.9,682.1,-2.1108,-420.3,682.1,-2.0658,-312.7,-250.1,-0.0000,-225.5,-364.6,0.1803,428.6,-5.9,0,0.0,0.0,0.0000,-11.37,-8.64,11.50,11.96
4.6909,4.6123,78.6,0,-450.9,682.1,-2.1108,-420.3,682.1,-2.0658,-312.7,-250.1,-0.0000,-229.6,-375.0,0.1803,439.7,-4.1,0,0.0,0.0,0.0000,-11.05,-8.39,11.39,11.76
4.6981,4.6123,85.8,0,-450.9,682.1,-2.1108,-420.3,682.1,-2.0658,-312.7,-250.1,-0.0000,-232.5,-383.0,0.1803,448.1,-2.5,0,0.0,0.0,0.0000,-11.20,-8.50,11.54,11.63
4.7072,4.6123,94.9,0,-450.9,682.1,-2.1108,-420.3,682.1,-2.0658,-312.7,-250.1,-0.0000,-236.3,-393.1,0.1803,458.6,-0.6,0,0.0,0.0,0.0000,-11.70,-8.66,11.98,11.60
4.7142,4.6123,101.9,0,-450.9,682.1,-2.1108,-420.3,682.1,-2.0658,-312.7,-250.1,-0.0000,-238.8,-402.0,0.1803,467.6,1.8,0,0.0,0.0,0.0000,-11.53,-9.18,11.28,11.73
4.7223,4.7179,4.4,0,-473.9,655.2,-2.0686,-451.3,653.5,-2.0658,-273.9,-291.2,-0.0000,-227.8,-390.2,0.0114,451.6,-13.8,0,0.0,0.0,0.0000,-11.37,-9.12,11.12,11.93
4.7310,4.7179,13.1,0,-473.9,655.2,-2.0686,-451.3,653.5,-2.0658,-273.9,-291.2,-0.0000,-215.0,-378.2,0.0114,435.0,-8.3,0,0.0,0.0,0.0000,-11.49,-9.39,10.60,12.31
4.7385,4.7179,20.6,0,-473.9,655.2,-2.0686,-451.3,653.5,-2.0658,-273.9,-291.2,-0.0000,-203.1,-369.2,0.0114,421.4,-2.2,0,0.0,0.0,0.0000,-11.86,-10.42,11.04,12.47
4.7462,4.7179,28.3,0,-473.9,655.2,-2.0686,-451.3,653.5,-2.0658,-273.9,-291.2,-0.0000,-189.0,-363.1,0.0114,409.2,7.3,0,0.0,0.0,0.0000,-11.59,-10.95,10.95,12.83
4.7546,4.7179,36.7,0,-473.9,655.2,-2.0686,-451.3,653.5,-2.0658,-273.9,-291.2,-0.0000,-185.0,-369.9,0.0114,413.3,14.1,0,0.0,0.0,0.0000,-11.86,-10.86,11.22,12.25
4.7629,4.7179,45.0,0,-473.9,655.2,-2.0686,-451.3,653.5,-2.0658,-273.9,-291.2,-0.0000,-187.5,-380.0,0.0114,423.4,16.7,0,0.0,0.0,0.0000,-12.30,-9.53,11.38,13.62
4.7702,4.7179,52.3,0,-473.9,655.2,-2.0686,-451.3,653.5,-2.0658,-273.9,-291.2,-0.0000,-189.7,-389.0,0.0114,432.3,19.0,0,0.0,0.0,0.0000,-12.29,-9.71,11.21,13.04
4.7782,4.7179,60.3,0,-473.9,655.2,-2.0686,-451.3,653.5,-2.0658,-273.9,-291.2,-0.0000,-192.0,-398.8,0.0114,442.1,21.7,0,0.0,0.0,0.0000,-11.57,-9.66,10.26,11.99
4.7870,4.7179,69.1,0,-473.9,655.2,-2.0686,-451.3,653.5,-2.0658,-273.9,-291.2,-0.0000,-194.4,-409.6,0.0114,452.7,24.8,0,0.0,0.0,0.0000,-11.27,-11.15,10.40,11.96
4.7947,4.7179,76.8,0,-473.9,655.2,-2.0686,-451.3,653.5,-2.0658,-273.9,-291.2,-0.0000,-196.9,-419.1,0.0114,462.2,27.1,0,0.0,0.0,0.0000,-13.37,-11.40,10.76,11.79
4.8032,4.7179,85.3,0,-473.9,655.2,-2.0686,-451.3,653.5,-2.0658,-273.9,-291.2,-0.0000,-199.4,-429.6,0.0114,472.6,29.9,0,0.0,0.0,0.0000,-11.97,-10.12,10.47,12.77
4.8104,4.7179,92.5,0,-473.9,655.2,-2.0686,-451.3,653.5,-2.0658,-273.9,-291.2,-0.0000,-201.3,-438.2,0.0114,481.2,32.4,0,0.0,0.0,0.0000,-11.77,-10.65,10.22,12.53
4.8189,4.7179,101.0,0,-473.9,655.2,-2.0686,-451.3,653.5,-2.0658,-273.9,-291.2,-0.0000,-202.6,-449.0,0.0114,491.2,36.4,0,0.0,0.0,0.0000,-12.21,-12.12,9.06,12.62
4.8261,4.8203,5.8,0,-496.8,618.1,-2.0705,-477.2,621.8,-2.0658,-231.6,-326.5,0.0000,-195.1,-436.6,0.0188,476.7,38.0,0,0.0,0.0,0.0000,-11.83,-12.25,7.02,12.32
4.8345,4.8203,14.2,0,-496.8,618.1,-2.0705,-477.2,621.8,-2.0658,-231.6,-326.5,0.0000,-186.2,-422.4,0.0188,460.0,38.9,0,0.0,0.0,0.0000,-11.54,-14.63,7.87,13.26
4.8431,4.8203,22.8,0,-496.8,618.1,-2.0705,-477.2,621.8,-2.0658,-231.6,-326.5,0.0000,-178.5,-407.0,0.0188,442.8,38.3,0,0.0,0.0,0.0000,-13.23,-12.08,9.35,14.05
4.8508,4.8203,30.5,0,-496.8,618.1,-2.0705,-477.2,621.8,-2.0658,-231.6,-326.5,0.0000,-173.3,-392.5,0.0188,427.5,36.0,0,0.0,0.0,0.0000,-12.36,-11.39,10.32,14.61
4.8586,4.8203,38.3,0,-496.8,618.1,-2.0705,-477.2,621.8,-2.0658,-231.6,-326.5,0.0000,-171.9,-376.9,0.0188,413.2,29.7,0,0.0,0.0,0.0000,-12.00,-11.44,10.36,14.17
4.8662,4.8203,45.9,0,-496.8,618.1,-2.0705,-477.2,621.8,-2.0658,-231.6,-326.5,0.0000,-179.1,-376.7,0.0188,416.5,23.3,0,0.0,0.0,0.0000,-12.09,-11.85,9.52,13.15
4.8747,4.8203,54.3,0,-496.8,618.1,-2.0705,-477.2,621.8,-2.0658,-231.6,-326.5,0.0000,-188.5,-383.1,0.0188,426.6,18.1,0,0.0,0.0,0.0000,-12.44,-13.65,9.95,13.28
4.8823,4.8203,61.9,0,-496.8,618.1,-2.0705,-477.2,621.8,-2.0658,-231.6,-326.5,0.0000,-196.9,-389.2,0.0188,435.9,13.6,0,0.0,0.0,0.0000,-11.53,-16.83,10.18,13.78
4.8908,4.8203,70.4,0,-496.8,618.1,-2.0705,-477.2,621.8,-2.0658,-231.6,-326.5,0.0000,-206.1,-394.9,0.0188,445.4,8.3,0,0.0,0.0,0.0000,-11.85,-17.00,11.12,13.86
4.8982,4.8203,77.9,0,-496.8,618.1,-2.0705,-477.2,621.8,-2.0658,-231.6,-326.5,0.0000,-214.3,-399.9,0.0188,453.7,3.6,0,0.0,0.0,0.0000,-11.78,-14.99,10.53,14.12
4.9063,4.8203,85.9,0,-496.8,618.1,-2.0705,-477.2,621.8,-2.0658,-231.6,-326.5,0.0000,-222.2,-405.9,0.0188,462.8,-0.5,0,0.0,0.0,0.0000,-12.92,-13.49,11.08,14.37
4.9148,4.8203,94.5,0,-496.8,618.1,-2.0705,-477.2,621.8,-2.0658,-231.6,-326.5,0.0000,-230.7,-412.2,0.0188,472.3,-5.0,0,0.0,0.0,0.0000,-12.34,-10.64,9.60,13.81
4.9229,4.9228,0.1,0,-514.3,579.3,-2.0561,-498.7,586.9,-2.0658,-193.8,-349.9,-0.0000,-224.6,-397.2,-0.0389,456.1,-13.4,0,0.0,0.0,0.0000,-11.88,-11.92,9.81,13.84
4.9301,4.9228,7.3,0,-514.3,579.3,-2.0561,-498.7,586.9,-2.0658,-193.8,-349.9,-0.0000,-219.7,-383.6,-0.0389,441.8,-15.4,0,0.0,0.0,0.0000,-11.63,-11.40,10.43,13.18
4.9382,4.9228,15.5,0,-514.3,579.3,-2.0561,-498.7,586.9,-2.0658,-193.8,-349.9,-0.0000,-215.7,-367.8,-0.0389,426.0,-19.2,0,0.0,0.0,0.0000,-12.30,-10.75,10.89,13.72
4.9467,4.9228,24.0,0,-514.3,579.3,-2.0561,-498.7,586.9,-2.0658,-193.8,-349.9,-0.0000,-214.1,-350.9,-0.0389,410.3,-25.7,0,0.0,0.0,0.0000,-12.19,-10.00,10.82,13.80
4.9547,4.9228,32.0,0,-514.3,579.3,-2.0561,-498.7,586.9,-2.0658,-193.8,-349.9,-0.0000,-217.4,-335.3,-0.0389,398.0,-35.9,0,0.0,0.0,0.0000,-12.24,-10.66,11.12,13.44
4.9632,4.9228,40.4,0,-514.3,579.3,-2.0561,-498.7,586.9,-2.0658,-193.8,-349.9,-0.0000,-228.6,-330.3,-0.0389,398.8,-48.1,0,0.0,0.0,0.0000,-11.69,-10.72,9.95,13.50
4.9701,4.9228,47.3,0,-514.3,579.3,-2.0561,-498.7,586.9,-2.0658,-193.8,-349.9,-0.0000,-235.6,-335.4,-0.0389,406.5,-51.9,0,0.0,0.0,0.0000,-12.03,-10.71,10.46,14.19
4.9787,4.9228,56.0,0,-514.3,579.3,-2.0561,-498.7,586.9,-2.0658,-193.8,-349.9,-0.0000,-244.4,-341.7,-0.0389,416.2,-56.8,0,0.0,0.0,0.0000,-12.02,-10.33,10.71,13.54
4.9871,4.9228,64.3,0,-514.3,579.3,-2.0561,-498.7,586.9,-2.0658,-193.8,-349.9,-0.0000,-253.4,-347.4,-0.0389,425.4,-62.1,0,0.0,0.0,0.0000,-11.59,-9.58,9.93,13.53
4.9947,4.9228,72.0,0,-514.3,579.3,-2.0561,-498.7,586.9,-2.0658,-193.8,-349.9,-0.0000,-261.7,-352.8,-0.0389,434.2,-66.9,0,0.0,0.0,0.0000,-11.04,-6.14,9.78,13.68
5.0021,4.9228,79.3,0,-514.3,579.3,-2.0561,-498.7,586.9,-2.0658,-193.8,-349.9,-0.0000,-269.9,-356.6,-0.0389,441.4,-72.4,0,0.0,0.0,0.0000,-11.56,-7.66,10.31,12.79
5.0111,4.9228,88.3,0,-514.3,579.3,-2.0561,-498.7,586.9,-2.0658,-193.8,-349.9,-0.0000,-280.0,-361.0,-0.0389,449.9,-79.3,0,0.0,0.0,0.0000,-12.22,-9.93,10.67,12.56
5.0182,4.9228,95.4,0,-514.3,579.3,-2.0561,-498.7,586.9,-2.0658,-193.8,-349.9,-0.0000,-288.0,-365.9,-0.0389,457.9,-84.1,0,0.0,0.0,0.0000,-11.89,-9.09,10.69,12.25
5.0274,5.0226,4.8,0,-531.2,543.5,-2.0305,-520.4,553.4,-2.0658,-239.1,-320.7,0.0000,-281.2,-348.8,-0.1411,437.4,-97.3,0,0.0,0.0,0.0000,-12.35,-9.43,9.92,11.74
5.0348,5.0226,12.3,0,-531.2,543.5,-2.0305,-520.4,553.4,-2.0658,-239.1,-320.7,0.0000,-276.7,-334.6,-0.1411,422.6,-99.5,0,0.0,0.0,0.0000,-11.19,-9.56,10.04,11.84
5.0424,5.0226,19.9,0,-531.2,543.5,-2.0305,-520.4,553.4,-2.0658,-239.1,-320.7,0.0000,-273.6,-319.7,-0.1411,407.9,-103.3,0,0.0,0.0,0.0000,-11.43,-10.14,10.95,11.48
5.0512,5.0226,28.6,0,-531.2,543.5,-2.0305,-520.4,553.4,-2.0658,-239.1,-320.7,0.0000,-273.5,-302.3,-0.1411,392.3,-111.0,0,0.0,0.0,0.0000,-12.20,-9.88,9.68,11.46
5.0590,5.0226,36.5,0,-531.2,543.5,-2.0305,-520.4,553.4,-2.0658,-239.1,-320.7,0.0000,-279.7,-287.8,-0.1411,382.0,-123.0,0,0.0,0.0,0.0000,-12.03,-9.88,10.24,12.14
5.0670,5.0226,44.5,0,-531.2,543.5,-2.0305,-520.4,553.4,-2.0658,-239.1,-320.7,0.0000,-291.7,-286.2,-0.1411,385.9,-134.4,0,0.0,0.0,0.0000,-12.36,-10.02,9.46,11.88
5.0746,5.0226,52.0,0,-531.2,543.5,-2.0305,-520.4,553.4,-2.0658,-239.1,-320.7,0.0000,-300.8,-290.1,-0.1411,393.4,-140.9,0,0.0,0.0,0.0000,-9.88,-8.67,10.68,11.28
5.0829,5.0226,60.3,0,-531.2,543.5,-2.0305,-520.4,553.4,-2.0658,-239.1,-320.7,0.0000,-310.0,-294.7,-0.1411,401.6,-147.1,0,0.0,0.0,0.0000,-7.98,-9.49,10.35,11.19
5.0902,5.0226,67.6,0,-531.2,543.5,-2.0305,-520.4,553.4,-2.0658,-239.1,-320.7,0.0000,-318.2,-298.6,-0.1411,408.8,-152.7,0,0.0,0.0,0.0000,-9.89,-8.72,10.44,10.56
5.0983,5.0226,75.7,0,-531.2,543.5,-2.0305,-520.4,553.4,-2.0658,-239.1,-320.7,0.0000,-327.8,-302.7,-0.1411,416.7,-159.5,0,0.0,0.0,0.0000,-11.59,-9.32,10.84,10.48
5.1066,5.0226,84.1,0,-531.2,543.5,-2.0305,-520.4,553.4,-2.0658,-239.1,-320.7,0.0000,-337.9,-307.1,-0.1411,425.1,-166.6,0,0.0,0.0,0.0000,-12.62,-9.60,11.25,8.57
5.1147,5.0226,92.1,0,-531.2,543.5,-2.0305,-520.4,553.4,-2.0658,-239.1,-320.7,0.0000,-347.0,-310.1,-0.1411,431.8,-173.4,0,0.0,0.0,0.0000,-12.33,-8.71,10.39,6.70
5.1230,5.0226,100.5,0,-531.2,543.5,-2.0305,-520.4,553.4,-2.0658,-239.1,-320.7,0.0000,-356.5,-313.0,-0.1411,438.7,-180.6,0,0.0,0.0,0.0000,-12.38,-8.45,11.36,8.10
5.1310,5.1274,3.6,0,-546.6,506.1,-2.0242,-547.8,521.7,-2.0658,-281.6,-284.3,0.0000,-351.4,-297.8,-0.1661,421.6,-185.4,0,0.0,0.0,0.0000,-11.68,-8.78,11.86,9.06
5.1382,5.1274,10.8,0,-546.6,506.1,-2.0242,-547.8,521.7,-2.0658,-281.6,-284.3,0.0000,-347.9,-283.8,-0.1661,407.6,-188.4,0,0.0,0.0,0.0000,-12.42,-9.16,11.38,9.32
5.1467,5.1274,19.3,0,-546.6,506.1,-2.0242,-547.8,521.7,-2.0658,-281.6,-284.3,0.0000,-345.7,-267.0,-0.1661,391.5,-193.8,0,0.0,0.0,0.0000,-12.80,-8.39,11.36,9.18
5.1546,5.1274,27.2,0,-546.6,506.1,-2.0242,-547.8,521.7,-2.0658,-281.6,-284.3,0.0000,-346.2,-251.3,-0.1661,377.5,-201.1,0,0.0,0.0,0.0000,-11.86,-8.41,11.00,9.21
5.1629,5.1274,35.5,0,-546.6,506.1,-2.0242,-547.8,521.7,-2.0658,-281.6,-284.3,0.0000,-351.5,-235.5,-0.1661,365.7,-212.8,0,0.0,0.0,0.0000,-12.49,-7.83,12.08,9.41
5.1707,5.1274,43.3,0,-546.6,506.1,-2.0242,-547.8,521.7,-2.0658,-281.6,-284.3,0.0000,-362.8,-224.8,-0.1661,361.0,-227.7,0,0.0,0.0,0.0000,-14.54,-8.09,12.91,9.28
5.1783,5.1274,50.9,0,-546.6,506.1,-2.0242,-547.8,521.7,-2.0658,-281.6,-284.3,0.0000,-376.2,-223.1,-0.1661,365.3,-240.5,0,0.0,0.0,0.0000,-12.57,-8.47,12.56,8.20
5.1865,5.1274,59.1,0,-546.6,506.1,-2.0242,-547.8,521.7,-2.0658,-281.6,-284.3,0.0000,-386.4,-225.4,-0.1661,371.8,-248.6,0,0.0,0.0,0.0000,-13.56,-7.65,11.46,8.38
5.1946,5.1274,67.2,0,-546.6,506.1,-2.0242,-547.8,521.7,-2.0658,-281.6,-284.3,0.0000,-396.0,-228.8,-0.1661,379.1,-255.8,0,0.0,0.0,0.0000,-12.44,-7.41,12.18,7.71
5.2022,5.1274,74.8,0,-546.6,506.1,-2.0242,-547.8,521.7,-2.0658,-281.6,-284.3,0.0000,-405.2,-232.0,-0.1661,386.0,-262.6,0,0.0,0.0,0.0000,-13.88,-6.19,10.99,7.40
5.2101,5.1274,82.7,0,-546.6,506.1,-2.0242,-547.8,521.7,-2.0658,-281.6,-284.3,0.0000,-414.8,-234.3,-0.1661,392.3,-270.3,0,0.0,0.0,0.0000,-14.08,-6.32,12.77,7.35
5.2184,5.1274,91.0,0,-546.6,506.1,-2.0242,-547.8,521.7,-2.0658,-281.6,-284.3,0.0000,-425.0,-236.6,-0.1661,398.9,-278.4,0,0.0,0.0,0.0000,-14.38,-6.63,12.78,7.31
5.2261,5.1274,98.7,0,-546.6,506.1,-2.0242,-547.8,521.7,-2.0658,-281.6,-284.3,0.0000,-434.3,-238.4,-0.1661,404.6,-285.9,0,0.0,0.0,0.0000,-13.79,-6.68,12.50,7.21
5.2343,5.2299,4.4,0,-568.8,473.3,-2.0425,-578.5,494.7,-2.0658,-318.2,-243.0,-0.0000,-426.0,-224.4,-0.0932,393.4,-277.6,0,0.0,0.0,0.0000,-14.09,-5.95,12.77,7.05
5.2421,5.2299,12.3,0,-568.8,473.3,-2.0425,-578.5,494.7,-2.0658,-318.2,-243.0,-0.0000,-419.2,-210.2,-0.0932,377.8,-277.9,0,0.0,0.0,0.0000,-13.73,-5.24,12.18,7.37
5.2509,5.2299,21.1,0,-568.8,473.3,-2.0425,-578.5,494.7,-2.0658,-318.2,-243.0,-0.0000,-413.9,-193.4,-0.0932,360.4,-280.8,0,0.0,0.0,0.0000,-14.93,-4.48,13.18,5.88
5.2592,5.2299,29.3,0,-568.8,473.3,-2.0425,-578.5,494.7,-2.0658,-318.2,-243.0,-0.0000,-412.0,-177.1,-0.0932,344.9,-286.5,0,0.0,0.0,0.0000,-14.43,-4.52,13.81,5.77
5.2668,5.2299,36.9,0,-568.8,473.3,-2.0425,-578.5,494.7,-2.0658,-318.2,-243.0,-0.0000,-415.2,-162.2,-0.0932,333.2,-296.1,0,0.0,0.0,0.0000,-13.85,-4.81,14.57,6.16
5.2748,5.2299,44.9,0,-568.8,473.3,-2.0425,-578.5,494.7,-2.0658,-318.2,-243.0,-0.0000,-427.5,-152.1,-0.0932,329.7,-311.7,0,0.0,0.0,0.0000,-14.37,-4.61,14.31,6.09
5.2831,5.2299,53.3,0,-568.8,473.3,-2.0425,-578.5,494.7,-2.0658,-318.2,-243.0,-0.0000,-438.3,-153.8,-0.0932,336.2,-320.5,0,0.0,0.0,0.0000,-14.59,-4.03,13.98,5.92
5.2912,5.2299,61.3,0,-568.8,473.3,-2.0425,-578.5,494.7,-2.0658,-318.2,-243.0,-0.0000,-448.3,-154.6,-0.0932,341.5,-329.1,0,0.0,0.0,0.0000,-14.73,-3.27,14.32,5.63
5.2985,5.2299,68.6,0,-568.8,473.3,-2.0425,-578.5,494.7,-2.0658,-318.2,-243.0,-0.0000,-457.6,-155.3,-0.0932,346.3,-337.1,0,0.0,0.0,0.0000,-14.63,-2.58,13.95,4.96
5.3062,5.2299,76.3,0,-568.8,473.3,-2.0425,-578.5,494.7,-2.0658,-318.2,-243.0,-0.0000,-467.0,-156.7,-0.0932,351.8,-344.8,0,0.0,0.0,0.0000,-14.34,-2.29,14.29,5.08
5.3147,5.2299,84.8,0,-568.8,473.3,-2.0425,-578.5,494.7,-2.0658,-318.2,-243.0,-0.0000,-474.6,-157.3,-0.0932,355.8,-351.3,0,0.0,0.0,0.0000,-14.19,-2.10,14.31,5.09
5.3230,5.2299,93.1,0,-568.8,473.3,-2.0425,-578.5,494.7,-2.0658,-318.2,-243.0,-0.0000,-475.2,-155.4,-0.0932,354.3,-352.8,0,0.0,0.0,0.0000,-15.11,-1.76,13.66,4.29
5.3312,5.3311,0.1,0,-601.3,447.1,-2.0633,-612.3,472.3,-2.0658,-347.9,-197.9,0.0000,-463.6,-143.9,-0.0100,345.9,-340.5,0,0.0,0.0,0.0000,-14.78,-1.00,14.17,3.89
5.3387,5.3311,7.6,0,-601.3,447.1,-2.0633,-612.3,472.3,-2.0658,-347.9,-197.9,0.0000,-453.7,-132.5,-0.0100,331.3,-337.2,0,0.0,0.0,0.0000,-15.48,-2.26,14.40,3.84
5.3462,5.3311,15.2,0,-601.3,447.1,-2.0633,-612.3,472.3,-2.0658,-347.9,-197.9,0.0000,-445.2,-120.1,-0.0100,316.3,-335.6,0,0.0,0.0,0.0000,-14.84,-0.19,14.75,3.53
5.3550,5.3311,23.9,0,-601.3,447.1,-2.0633,-612.3,472.3,-2.0658,-347.9,-197.9,0.0000,-438.9,-103.8,-0.0100,299.0,-337.6,0,0.0,0.0,0.0000,-13.60,0.49,15.03,3.11
5.3625,5.3311,31.4,0,-601.3,447.1,-2.0633,-612.3,472.3,-2.0658,-347.9,-197.9,0.0000,-440.1,-88.7,-0.0100,286.3,-345.8,0,0.0,0.0,0.0000,-15.23,0.32,15.08,2.68
5.3701,5.3311,39.0,0,-601.3,447.1,-2.0633,-612.3,472.3,-2.0658,-347.9,-197.9,0.0000,-449.8,-84.1,-0.0100,286.8,-356.6,0,0.0,0.0,0.0000,-15.71,0.46,11.39,2.79
5.3787,5.3311,47.6,0,-601.3,447.1,-2.0633,-612.3,472.3,-2.0658,-347.9,-197.9,0.0000,-460.3,-85.1,-0.0100,292.6,-365.4,0,0.0,0.0,0.0000,-14.96,0.52,11.68,2.47
5.3872,5.3311,56.1,0,-601.3,447.1,-2.0633,-612.3,472.3,-2.0658,-347.9,-197.9,0.0000,-470.9,-84.9,-0.0100,297.4,-374.8,0,0.0,0.0,0.0000,-14.16,0.83,13.28,0.93
5.3951,5.3311,64.0,0,-601.3,447.1,-2.0633,-612.3,472.3,-2.0658,-347.9,-197.9,0.0000,-480.6,-84.7,-0.0100,301.8,-383.4,0,0.0,0.0,0.0000,-14.96,2.35,14.81,1.48
5.4023,5.3311,71.2,0,-601.3,447.1,-2.0633,-612.3,472.3,-2.0658,-347.9,-197.9,0.0000,-490.0,-84.6,-0.0100,306.2,-391.8,0,0.0,0.0,0.0000,-15.94,3.85,15.54,1.75
5.4111,5.3311,80.0,0,-601.3,447.1,-2.0633,-612.3,472.3,-2.0658,-347.9,-197.9,0.0000,-493.1,-82.9,-0.0100,306.2,-395.3,0,0.0,0.0,0.0000,-15.18,3.50,15.18,1.29
5.4183,5.3311,87.2,0,-601.3,447.1,-2.0633,-612.3,472.3,-2.0658,-347.9,-197.9,0.0000,-493.3,-81.3,-0.0100,304.9,-396.3,0,0.0,0.0,0.0000,-14.81,2.80,13.80,0.42
5.4270,5.3311,96.0,0,-601.3,447.1,-2.0633,-612.3,472.3,-2.0658,-347.9,-197.9,0.0000,-493.7,-79.3,-0.0100,303.3,-397.5,0,0.0,0.0,0.0000,-14.90,2.82,15.63,1.00
5.4346,5.4331,1.4,0,-641.0,430.8,-2.0850,-649.0,454.6,-2.0658,-371.2,-148.5,0.0000,-480.5,-72.1,0.0768,299.0,-382.9,0,0.0,0.0,0.0000,-15.04,3.10,15.81,1.30
5.4430,5.4331,9.8,0,-641.0,430.8,-2.0850,-649.0,454.6,-2.0658,-371.2,-148.5,0.0000,-466.4,-62.9,0.0768,284.1,-375.2,0,0.0,0.0,0.0000,-15.06,3.06,16.03,0.92
5.4504,5.4331,17.2,0,-641.0,430.8,-2.0850,-649.0,454.6,-2.0658,-371.2,-148.5,0.0000,-455.1,-53.3,0.0768,270.3,-370.0,0,0.0,0.0,0.0000,-16.42,4.00,16.23,0.08
5.4585,5.4331,25.3,0,-641.0,430.8,-2.0850,-649.0,454.6,-2.0658,-371.2,-148.5,0.0000,-446.1,-39.8,0.0768,254.1,-368.9,0,0.0,0.0,0.0000,-14.72,3.63,16.27,0.90
5.4662,5.4331,33.0,0,-641.0,430.8,-2.0850,-649.0,454.6,-2.0658,-371.2,-148.5,0.0000,-451.1,-31.4,0.0768,249.2,-377.4,0,0.0,0.0,0.0000,-15.69,3.95,16.45,1.23
5.4748,5.4331,41.6,0,-641.0,430.8,-2.0850,-649.0,454.6,-2.0658,-371.2,-148.5,0.0000,-462.5,-30.2,0.0768,253.8,-387.8,0,0.0,0.0,0.0000,-15.09,3.96,16.54,0.78
5.4831,5.4331,49.9,0,-641.0,430.8,-2.0850,-649.0,454.6,-2.0658,-371.2,-148.5,0.0000,-472.4,-29.0,0.0768,257.5,-397.0,0,0.0,0.0,0.0000,-14.90,4.09,17.60,0.36
5.4906,5.4331,57.5,0,-641.0,430.8,-2.0850,-649.0,454.6,-2.0658,-371.2,-148.5,0.0000,-481.5,-27.6,0.0768,260.8,-405.6,0,0.0,0.0,0.0000,-15.67,3.47,16.66,0.15
5.4989,5.4331,65.8,0,-641.0,430.8,-2.0850,-649.0,454.6,-2.0658,-371.2,-148.5,0.0000,-491.9,-26.9,0.0768,265.3,-415.1,0,0.0,0.0,0.0000,-16.37,3.07,16.58,-0.09
5.5070,5.4331,73.8,0,-641.0,430.8,-2.0850,-649.0,454.6,-2.0658,-371.2,-148.5,0.0000,-499.3,-26.1,0.0768,268.3,-421.9,0,0.0,0.0,0.0000,-15.14,3.62,16.31,-0.21
5.5144,5.4331,81.3,0,-641.0,430.8,-2.0850,-649.0,454.6,-2.0658,-371.2,-148.5,0.0000,-499.5,-23.2,0.0768,265.9,-423.5,0,0.0,0.0,0.0000,-15.36,4.71,16.49,-0.35
5.5232,5.4331,90.0,0,-641.0,430.8,-2.0850,-649.0,454.6,-2.0658,-371.2,-148.5,0.0000,-499.6,-19.8,0.0768,262.9,-425.3,0,0.0,0.0,0.0000,-11.00,4.17,16.49,0.16
5.5312,5.4331,98.1,0,-641.0,430.8,-2.0850,-649.0,454.6,-2.0658,-371.2,-148.5,0.0000,-499.7,-18.1,0.0768,261.5,-426.2,0,0.0,0.0,0.0000,-14.13,4.67,16.87,0.00
5.5385,5.5373,1.3,0,-688.3,421.0,-2.0670,-688.6,441.8,-2.0658,-387.9,-96.1,0.0000,-485.7,-14.0,0.0048,243.5,-420.5,0,0.0,0.0,0.0000,-14.42,4.17,17.23,-0.71
5.5470,5.5373,9.8,0,-688.3,421.0,-2.0670,-688.6,441.8,-2.0658,-387.9,-96.1,0.0000,-469.6,-8.2,0.0048,230.8,-409.1,0,0.0,0.0,0.0000,-16.20,4.80,17.85,-0.47
5.5552,5.5373,18.0,0,-688.3,421.0,-2.0670,-688.6,441.8,-2.0658,-387.9,-96.1,0.0000,-454.8,-1.3,0.0048,217.7,-399.3,0,0.0,0.0,0.0000,-16.82,4.73,17.16,-2.09
5.5622,5.5373,25.0,0,-688.3,421.0,-2.0670,-688.6,441.8,-2.0658,-387.9,-96.1,0.0000,-443.4,6.8,0.0048,205.1,-393.1,0,0.0,0.0,0.0000,-15.70,4.34,18.07,-2.47
5.5710,5.5373,33.7,0,-688.3,421.0,-2.0670,-688.6,441.8,-2.0658,-387.9,-96.1,0.0000,-439.3,20.5,0.0048,191.1,-396.1,0,0.0,0.0,0.0000,-16.07,3.96,16.99,-2.81
5.5785,5.5373,41.3,0,-688.3,421.0,-2.0670,-688.6,441.8,-2.0658,-387.9,-96.1,0.0000,-448.3,22.8,0.0048,193.4,-405.1,0,0.0,0.0,0.0000,-16.12,4.80,16.62,-2.54
5.5862,5.5373,48.9,0,-688.3,421.0,-2.0670,-688.6,441.8,-2.0658,-387.9,-96.1,0.0000,-457.4,25.3,0.0048,195.5,-414.3,0,0.0,0.0,0.0000,-15.77,5.31,17.08,-2.57
5.5947,5.5373,57.4,0,-688.3,421.0,-2.0670,-688.6,441.8,-2.0658,-387.9,-96.1,0.0000,-467.7,27.8,0.0048,198.2,-424.6,0,0.0,0.0,0.0000,-16.01,5.39,17.85,-2.06
5.6025,5.5373,65.2,0,-688.3,421.0,-2.0670,-688.6,441.8,-2.0658,-387.9,-96.1,0.0000,-477.4,30.3,0.0048,200.6,-434.2,0,0.0,0.0,0.0000,-16.27,5.28,16.79,-1.93
5.6107,5.5373,73.5,0,-688.3,421.0,-2.0670,-688.6,441.8,-2.0658,-387.9,-96.1,0.0000,-487.1,32.8,0.0048,203.0,-444.0,0,0.0,0.0,0.0000,-17.03,5.22,15.89,-2.16
5.6183,5.5373,81.1,0,-688.3,421.0,-2.0670,-688.6,441.8,-2.0658,-387.9,-96.1,0.0000,-496.1,35.1,0.0048,205.3,-453.0,0,0.0,0.0,0.0000,-16.54,4.77,15.77,-2.69
5.6268,5.5373,89.5,0,-688.3,421.0,-2.0670,-688.6,441.8,-2.0658,-387.9,-96.1,0.0000,-498.5,38.3,0.0048,203.6,-456.7,0,0.0,0.0,0.0000,-15.98,4.94,16.12,-3.11
5.6344,5.5373,97.1,0,-688.3,421.0,-2.0670,-688.6,441.8,-2.0658,-387.9,-96.1,0.0000,-498.3,41.1,0.0048,201.0,-457.8,0,0.0,0.0,0.0000,-15.56,4.91,16.12,-3.13
5.6421,5.6387,3.4,0,-743.6,416.7,-2.0866,-728.6,434.8,-2.0658,-398.2,-43.8,-0.0000,-482.9,43.0,0.0834,200.8,-441.3,0,0.0,0.0,0.0000,-15.35,5.69,16.62,-3.77
5.6501,5.6387,11.3,0,-743.6,416.7,-2.0866,-728.6,434.8,-2.0658,-398.2,-43.8,-0.0000,-467.3,45.6,0.0834,190.9,-428.9,0,0.0,0.0,0.0000,-16.04,5.59,15.32,-5.27
5.6591,5.6387,20.4,0,-743.6,416.7,-2.0866,-728.6,434.8,-2.0658,-398.2,-43.8,-0.0000,-449.6,49.5,0.0834,178.7,-415.5,0,0.0,0.0,0.0000,-15.30,5.87,15.27,-6.31
5.6668,5.6387,28.1,0,-743.6,416.7,-2.0866,-728.6,434.8,-2.0658,-398.2,-43.8,-0.0000,-434.8,53.9,0.0834,167.6,-404.8,0,0.0,0.0,0.0000,-15.73,5.67,15.37,-7.35
5.6751,5.6387,36.4,0,-743.6,416.7,-2.0866,-728.6,434.8,-2.0658,-398.2,-43.8,-0.0000,-419.9,61.1,0.0834,154.0,-395.4,0,0.0,0.0,0.0000,-14.60,6.30,15.00,-6.19
5.6829,5.6387,44.1,0,-743.6,416.7,-2.0866,-728.6,434.8,-2.0658,-398.2,-43.8,-0.0000,-409.2,72.4,0.0834,138.9,-391.7,0,0.0,0.0,0.0000,-13.68,7.09,15.78,-5.21
5.6911,5.6387,52.4,0,-743.6,416.7,-2.0866,-728.6,434.8,-2.0658,-398.2,-43.8,-0.0000,-416.1,80.3,0.0834,135.4,-401.6,0,0.0,0.0,0.0000,-14.21,6.50,15.01,-3.91
5.6988,5.6387,60.1,0,-743.6,416.7,-2.0866,-728.6,434.8,-2.0658,-398.2,-43.8,-0.0000,-425.2,84.9,0.0834,135.9,-411.7,0,0.0,0.0,0.0000,-14.35,6.07,15.82,-3.33
5.7067,5.6387,67.9,0,-743.6,416.7,-2.0866,-728.6,434.8,-2.0658,-398.2,-43.8,-0.0000,-434.3,88.2,0.0834,137.5,-421.3,0,0.0,0.0,0.0000,-13.73,5.89,15.66,-2.97
5.7142,5.6387,75.5,0,-743.6,416.7,-2.0866,-728.6,434.8,-2.0658,-398.2,-43.8,-0.0000,-443.3,91.5,0.0834,139.0,-430.7,0,0.0,0.0,0.0000,-13.67,6.56,15.09,-3.33
5.7228,5.6387,84.1,0,-743.6,416.7,-2.0866,-728.6,434.8,-2.0658,-398.2,-43.8,-0.0000,-452.8,95.7,0.0834,140.1,-441.1,0,0.0,0.0,0.0000,-13.87,6.45,14.52,-3.45
5.7306,5.6387,91.9,0,-743.6,416.7,-2.0866,-728.6,434.8,-2.0658,-398.2,-43.8,-0.0000,-461.5,99.4,0.0834,141.1,-450.5,0,0.0,0.0,0.0000,-14.15,6.30,14.77,-3.66
5.7391,5.6387,100.3,0,-743.6,416.7,-2.0866,-728.6,434.8,-2.0658,-398.2,-43.8,-0.0000,-470.9,104.7,0.0834,141.2,-461.3,0,0.0,0.0,0.0000,-13.61,6.33,15.12,-3.13
5.7470,5.7417,5.3,0,-789.2,417.2,-2.1192,-769.7,433.2,-2.0658,-399.9,12.0,0.0000,-455.1,105.1,0.2139,147.6,-443.2,0,0.0,0.0,0.0000,-11.64,6.41,15.30,-3.08
5.7550,5.7417,13.4,0,-789.2,417.2,-2.1192,-769.7,433.2,-2.0658,-399.9,12.0,0.0000,-439.0,106.3,0.2139,138.1,-430.1,0,0.0,0.0,0.0000,-12.57,6.86,15.50,-3.03
5.7628,5.7417,21.1,0,-789.2,417.2,-2.1192,-769.7,433.2,-2.0658,-399.9,12.0,0.0000,-423.7,108.7,0.2139,128.2,-418.2,0,0.0,0.0,0.0000,-13.26,7.39,14.77,-3.05
5.7701,5.7417,28.5,0,-789.2,417.2,-2.1192,-769.7,433.2,-2.0658,-399.9,12.0,0.0000,-409.4,112.1,0.2139,117.8,-407.9,0,0.0,0.0,0.0000,-14.44,7.85,11.13,-2.61
5.7789,5.7417,37.2,0,-789.2,417.2,-2.1192,-769.7,433.2,-2.0658,-399.9,12.0,0.0000,-393.6,119.6,0.2139,103.1,-398.2,0,0.0,0.0,0.0000,-11.72,7.84,13.61,-3.26
5.7865,5.7417,44.9,0,-789.2,417.2,-2.1192,-769.7,433.2,-2.0658,-399.9,12.0,0.0000,-387.2,131.4,0.2139,89.7,-398.9,0,0.0,0.0,0.0000,-10.98,7.84,14.26,-3.49
5.7941,5.7417,52.5,0,-789.2,417.2,-2.1192,-769.7,433.2,-2.0658,-399.9,12.0,0.0000,-395.5,136.1,0.2139,90.1,-408.4,0,0.0,0.0,0.0000,-10.66,7.89,14.45,-3.84
5.8021,5.7417,60.5,0,-789.2,417.2,-2.1192,-769.7,433.2,-2.0658,-399.9,12.0,0.0000,-403.9,141.8,0.2139,89.5,-418.6,0,0.0,0.0,0.0000,-10.90,8.35,14.56,-4.05
5.8109,5.7417,69.2,0,-789.2,417.2,-2.1192,-769.7,433.2,-2.0658,-399.9,12.0,0.0000,-413.0,148.5,0.2139,88.6,-429.9,0,0.0,0.0,0.0000,-11.12,8.68,15.04,-4.36
5.8182,5.7417,76.5,0,-789.2,417.2,-2.1192,-769.7,433.2,-2.0658,-399.9,12.0,0.0000,-420.9,152.9,0.2139,89.0,-438.9,0,0.0,0.0,0.0000,-11.37,7.57,13.42,-4.17
5.8270,5.7417,85.3,0,-789.2,417.2,-2.1192,-769.7,433.2,-2.0658,-399.9,12.0,0.0000,-430.3,158.3,0.2139,89.3,-449.8,0,0.0,0.0,0.0000,-10.54,3.90,13.67,-4.02
5.8350,5.7417,93.4,0,-789.2,417.2,-2.1192,-769.7,433.2,-2.0658,-399.9,12.0,0.0000,-438.7,163.8,0.2139,88.9,-459.8,0,0.0,0.0,0.0000,-10.98,3.43,13.44,-3.67
5.8428,5.7417,101.2,0,-789.2,417.2,-2.1192,-769.7,433.2,-2.0658,-399.9,12.0,0.0000,-446.9,169.2,0.2139,88.6,-469.6,0,0.0,0.0,0.0000,-10.24,5.99,13.78,-4.39
5.8509,5.8441,6.8,0,-841.0,424.5,-2.1004,-810.4,437.2,-2.0658,-394.1,67.2,-0.0000,-431.0,167.5,0.1384,73.2,-456.5,0,0.0,0.0,0.0000,-10.22,7.62,13.86,-5.45
5.8586,5.8441,14.5,0,-841.0,424.5,-2.1004,-810.4,437.2,-2.0658,-394.1,67.2,-0.0000,-415.5,166.5,0.1384,66.3,-442.7,0,0.0,0.0,0.0000,-9.83,8.84,13.03,-5.87
5.8665,5.8441,22.4,0,-841.0,424.5,-2.1004,-810.4,437.2,-2.0658,-394.1,67.2,-0.0000,-399.8,166.2,0.1384,58.5,-429.0,0,0.0,0.0,0.0000,-9.74,8.34,13.65,-6.00
5.8749,5.8441,30.8,0,-841.0,424.5,-2.1004,-810.4,437.2,-2.0658,-394.1,67.2,-0.0000,-383.0,167.4,0.1384,49.0,-415.1,0,0.0,0.0,0.0000,-9.39,9.05,13.76,-6.56
5.8828,5.8441,38.7,0,-841.0,424.5,-2.1004,-810.4,437.2,-2.0658,-394.1,67.2,-0.0000,-367.5,170.4,0.1384,38.6,-403.2,0,0.0,0.0,0.0000,-9.59,9.68,14.06,-6.39
5.8901,5.8441,46.0,0,-841.0,424.5,-2.1004,-810.4,437.2,-2.0658,-394.1,67.2,-0.0000,-354.1,176.3,0.1384,26.8,-394.6,0,0.0,0.0,0.0000,-10.14,8.95,13.20,-6.79
5.8985,5.8441,54.4,0,-841.0,424.5,-2.1004,-810.4,437.2,-2.0658,-394.1,67.2,-0.0000,-347.7,189.1,0.1384,12.5,-395.6,0,0.0,0.0,0.0000,-9.97,9.20,12.65,-7.14
5.9068,5.8441,62.7,0,-841.0,424.5,-2.1004,-810.4,437.2,-2.0658,-394.1,67.2,-0.0000,-355.4,195.6,0.1384,10.7,-405.5,0,0.0,0.0,0.0000,-8.68,8.96,12.36,-7.17
5.9148,5.8441,70.7,0,-841.0,424.5,-2.1004,-810.4,437.2,-2.0658,-394.1,67.2,-0.0000,-363.2,202.2,0.1384,9.0,-415.6,0,0.0,0.0,0.0000,-8.14,9.57,12.32,-7.55
5.9221,5.8441,78.0,0,-841.0,424.5,-2.1004,-810.4,437.2,-2.0658,-394.1,67.2,-0.0000,-370.3,208.3,0.1384,7.3,-424.8,0,0.0,0.0,0.0000,-8.46,9.60,11.70,-7.73
5.9306,5.8441,86.5,0,-841.0,424.5,-2.1004,-810.4,437.2,-2.0658,-394.1,67.2,-0.0000,-378.5,215.5,0.1384,5.2,-435.5,0,0.0,0.0,0.0000,-8.38,9.57,11.18,-8.09
5.9382,5.8441,94.1,0,-841.0,424.5,-2.1004,-810.4,437.2,-2.0658,-394.1,67.2,-0.0000,-385.9,222.3,0.1384,3.1,-445.3,0,0.0,0.0,0.0000,-8.21,9.68,10.04,-6.61
5.9464,5.9463,0.1,0,-884.3,438.1,-2.1035,-850.1,446.7,-2.0658,-381.9,119.5,-0.0000,-370.1,217.8,0.1509,0.3,-429.4,0,0.0,0.0,0.0000,-7.19,9.85,10.56,-2.13
5.9540,5.9463,7.7,0,-884.3,438.1,-2.1035,-850.1,446.7,-2.0658,-381.9,119.5,-0.0000,-355.4,214.1,0.1509,-4.0,-414.9,0,0.0,0.0,0.0000,-7.34,9.85,10.93,-5.92
5.9630,5.9463,16.6,0,-884.3,438.1,-2.1035,-850.1,446.7,-2.0658,-381.9,119.5,-0.0000,-337.7,211.2,0.1509,-10.4,-398.2,0,0.0,0.0,0.0000,-6.35,10.91,10.20,-9.27
5.9707,5.9463,24.4,0,-884.3,438.1,-2.1035,-850.1,446.7,-2.0658,-381.9,119.5,-0.0000,-322.2,210.4,0.1509,-17.6,-384.4,0,0.0,0.0,0.0000,-7.51,11.14,9.62,-9.34
5.9782,5.9463,31.9,0,-884.3,438.1,-2.1035,-850.1,446.7,-2.0658,-381.9,119.5,-0.0000,-307.5,212.8,0.1509,-27.2,-372.9,0,0.0,0.0,0.0000,-7.17,10.25,10.03,-9.64
5.9870,5.9463,40.6,0,-884.3,438.1,-2.1035,-850.1,446.7,-2.0658,-381.9,119.5,-0.0000,-300.2,223.3,0.1509,-39.9,-372.0,0,0.0,0.0,0.0000,-7.17,9.97,10.20,-9.74
5.9945,5.9463,48.1,0,-884.3,438.1,-2.1035,-850.1,446.7,-2.0658,-381.9,119.5,-0.0000,-306.7,229.8,0.1509,-42.2,-380.9,0,0.0,0.0,0.0000,-7.56,10.55,10.05,-9.30
6.0022,5.9463,55.9,0,-884.3,438.1,-2.1035,-850.1,446.7,-2.0658,-381.9,119.5,-0.0000,-313.5,236.6,0.1509,-44.6,-390.2,0,0.0,0.0,0.0000,-7.86,10.66,8.97,-10.04
6.0112,5.9463,64.9,0,-884.3,438.1,-2.1035,-850.1,446.7,-2.0658,-381.9,119.5,-0.0000,-321.4,244.7,0.1509,-47.6,-401.1,0,0.0,0.0,0.0000,-7.90,10.18,8.82,-10.02
6.0191,5.9463,72.7,0,-884.3,438.1,-2.1035,-850.1,446.7,-2.0658,-381.9,119.5,-0.0000,-328.2,251.7,0.1509,-50.2,-410.6,0,0.0,0.0,0.0000,-7.24,11.86,9.04,-9.58
6.0269,5.9463,80.5,0,-884.3,438.1,-2.1035,-850.1,446.7,-2.0658,-381.9,119.5,-0.0000,-334.7,259.2,0.1509,-53.3,-420.0,0,0.0,0.0,0.0000,-7.11,11.36,9.28,-9.64
6.0342,5.9463,87.9,0,-884.3,438.1,-2.1035,-850.1,446.7,-2.0658,-381.9,119.5,-0.0000,-341.1,266.3,0.1509,-56.2,-429.1,0,0.0,0.0,0.0000,-6.78,11.39,8.81,-9.79
6.0421,5.9463,95.8,0,-884.3,438.1,-2.1035,-850.1,446.7,-2.0658,-381.9,119.5,-0.0000,-346.9,274.0,0.1509,-59.9,-438.0,0,0.0,0.0,0.0000,-6.51,11.84,8.58,-9.63
6.0503,6.0459,4.4,0,-920.3,459.8,-2.1349,-887.3,461.1,-2.0658,-362.5,168.2,-0.0000,-332.6,266.1,0.2765,-47.0,-423.3,0,0.0,0.0,0.0000,-5.44,12.16,8.67,-9.85
6.0591,6.0459,13.2,0,-920.3,459.8,-2.1349,-887.3,461.1,-2.0658,-362.5,168.2,-0.0000,-316.9,258.1,0.2765,-48.7,-405.8,0,0.0,0.0,0.0000,-5.27,12.42,9.33,-10.18
6.0670,6.0459,21.0,0,-920.3,459.8,-2.1349,-887.3,461.1,-2.0658,-362.5,168.2,-0.0000,-302.5,251.8,0.2765,-51.0,-390.3,0,0.0,0.0,0.0000,-5.82,11.33,9.39,-9.81
6.0751,6.0459,29.2,0,-920.3,459.8,-2.1349,-887.3,461.1,-2.0658,-362.5,168.2,-0.0000,-286.9,247.1,0.2765,-55.4,-374.5,0,0.0,0.0,0.0000,-5.02,11.13,8.67,-9.46
6.0829,6.0459,37.0,0,-920.3,459.8,-2.1349,-887.3,461.1,-2.0658,-362.5,168.2,-0.0000,-272.0,248.3,0.2765,-64.4,-362.6,0,0.0,0.0,0.0000,-3.89,11.52,8.14,-9.53
6.0912,6.0459,45.2,0,-920.3,459.8,-2.1349,-887.3,461.1,-2.0658,-362.5,168.2,-0.0000,-277.5,257.3,0.2765,-69.1,-372.1,0,0.0,0.0,0.0000,-1.96,12.41,8.45,-10.13
6.0990,6.0459,53.0,0,-920.3,459.8,-2.1349,-887.3,461.1,-2.0658,-362.5,168.2,-0.0000,-282.7,266.1,0.2765,-73.7,-381.2,0,0.0,0.0,0.0000,-1.31,12.97,9.60,-11.10
6.1066,6.0459,60.7,0,-920.3,459.8,-2.1349,-887.3,461.1,-2.0658,-362.5,168.2,-0.0000,-288.6,273.2,0.2765,-76.6,-390.0,0,0.0,0.0,0.0000,-3.33,13.92,8.32,-10.85
6.1142,6.0459,68.2,0,-920.3,459.8,-2.1349,-887.3,461.1,-2.0658,-362.5,168.2,-0.0000,-294.3,280.4,0.2765,-79.6,-398.7,0,0.0,0.0,0.0000,-4.01,12.34,7.50,-9.60
6.1222,6.0459,76.2,0,-920.3,459.8,-2.1349,-887.3,461.1,-2.0658,-362.5,168.2,-0.0000,-300.2,288.6,0.2765,-83.4,-408.0,0,0.0,0.0,0.0000,-4.85,12.01,7.78,-9.75
6.1307,6.0459,84.7,0,-920.3,459.8,-2.1349,-887.3,461.1,-2.0658,-362.5,168.2,-0.0000,-306.3,297.3,0.2765,-87.5,-417.8,0,0.0,0.0,0.0000,-4.02,12.60,8.14,-9.74
6.1386,6.0459,92.6,0,-920.3,459.8,-2.1349,-887.3,461.1,-2.0658,-362.5,168.2,-0.0000,-311.7,305.9,0.2765,-91.8,-427.0,0,0.0,0.0,0.0000,-3.60,13.63,7.93,-9.47
6.1472,6.0459,101.2,0,-920.3,459.8,-2.1349,-887.3,461.1,-2.0658,-362.5,168.2,-0.0000,-317.7,315.3,0.2765,-96.6,-437.1,0,0.0,0.0,0.0000,-3.74,12.64,7.59,-9.50
6.1545,6.1504,4.2,0,-922.3,463.1,-2.1239,-923.8,481.3,-2.0658,-335.9,217.3,-0.0000,-316.1,313.1,0.2324,-100.4,-433.4,0,0.0,0.0,0.0000,-4.67,12.63,8.03,-9.99
6.1630,6.1504,12.6,0,-922.3,463.1,-2.1239,-923.8,481.3,-2.0658,-335.9,217.3,-0.0000,-321.0,322.1,0.2324,-105.5,-442.3,0,0.0,0.0,0.0000,-3.31,12.77,7.85,-10.48
6.1703,6.1504,19.9,0,-922.3,463.1,-2.1239,-923.8,481.3,-2.0658,-335.9,217.3,-0.0000,-326.1,330.0,0.2324,-109.5,-450.8,0,0.0,0.0,0.0000,-3.97,14.16,7.92,-10.54
6.1789,6.1504,28.5,0,-922.3,463.1,-2.1239,-923.8,481.3,-2.0658,-335.9,217.3,-0.0000,-332.0,339.5,0.2324,-114.5,-460.8,0,0.0,0.0,0.0000,-3.18,13.94,9.07,-9.68
6.1865,6.1504,36.1,0,-922.3,463.1,-2.1239,-923.8,481.3,-2.0658,-335.9,217.3,-0.0000,-336.9,347.5,0.2324,-118.7,-469.3,0,0.0,0.0,0.0000,-3.39,13.40,8.67,-9.16
6.1948,6.1504,44.4,0,-922.3,463.1,-2.1239,-923.8,481.3,-2.0658,-335.9,217.3,-0.0000,-342.4,356.1,0.2324,-123.1,-478.4,0,0.0,0.0,0.0000,-3.88,13.59,7.64,-9.68
6.2031,6.1504,52.7,0,-922.3,463.1,-2.1239,-923.8,481.3,-2.0658,-335.9,217.3,-0.0000,-344.0,362.9,0.2324,-128.1,-483.3,0,0.0,0.0,0.0000,-3.99,12.83,7.78,-10.01
6.2109,6.1504,60.5,0,-922.3,463.1,-2.1239,-923.8,481.3,-2.0658,-335.9,217.3,-0.0000,-341.6,365.1,0.2324,-131.2,-482.5,0,0.0,0.0,0.0000,-3.58,13.58,7.74,-10.51
6.2186,6.1504,68.2,0,-922.3,463.1,-2.1239,-923.8,481.3,-2.0658,-335.9,217.3,-0.0000,-339.8,366.8,0.2324,-133.6,-481.8,0,0.0,0.0,0.0000,-3.68,14.72,8.22,-9.82
6.2269,6.1504,76.6,0,-922.3,463.1,-2.1239,-923.8,481.3,-2.0658,-335.9,217.3,-0.0000,-337.7,368.7,0.2324,-136.3,-481.1,0,0.0,0.0,0.0000,-4.42,14.45,8.34,-11.21
6.2347,6.1504,84.3,0,-922.3,463.1,-2.1239,-923.8,481.3,-2.0658,-335.9,217.3,-0.0000,-336.4,369.9,0.2324,-138.0,-480.6,0,0.0,0.0,0.0000,-4.15,13.92,8.01,-11.33
6.2430,6.1504,92.6,0,-922.3,463.1,-2.1239,-923.8,481.3,-2.0658,-335.9,217.3,-0.0000,-335.1,371.0,0.2324,-139.7,-480.1,0,0.0,0.0,0.0000,-3.68,14.18,8.31,-11.21
6.2508,6.1504,100.4,0,-922.3,463.1,-2.1239,-923.8,481.3,-2.0658,-335.9,217.3,-0.0000,-332.5,373.4,0.2324,-143.1,-479.1,0,0.0,0.0,0.0000,-3.83,14.08,8.87,-11.74
6.2580,6.2536,4.4,0,-989.3,525.3,-2.1264,-956.8,506.0,-2.0658,-302.1,261.5,-0.0000,-321.3,364.1,0.2425,-139.9,-465.1,0,0.0,0.0,0.0000,-4.07,15.20,8.32,-10.76
6.2670,6.2536,13.4,0,-989.3,525.3,-2.1264,-956.8,506.0,-2.0658,-302.1,261.5,-0.0000,-307.3,352.9,0.2425,-137.8,-447.2,0,0.0,0.0,0.0000,-4.07,14.83,8.18,-10.22
6.2742,6.2536,20.6,0,-989.3,525.3,-2.1264,-956.8,506.0,-2.0658,-302.1,261.5,-0.0000,-295.8,344.3,0.2425,-136.5,-432.9,0,0.0,0.0,0.0000,-3.72,13.95,8.10,-10.54
6.2828,6.2536,29.1,0,-989.3,525.3,-2.1264,-956.8,506.0,-2.0658,-302.1,261.5,-0.0000,-281.7,334.5,0.2425,-135.6,-415.8,0,0.0,0.0,0.0000,-4.90,14.15,8.81,-11.00
6.2902,6.2536,36.6,0,-989.3,525.3,-2.1264,-956.8,506.0,-2.0658,-302.1,261.5,-0.0000,-269.0,326.7,0.2425,-135.7,-400.9,0,0.0,0.0,0.0000,-5.11,14.36,8.60,-11.87
6.2986,6.2536,45.0,0,-989.3,525.3,-2.1264,-956.8,506.0,-2.0658,-302.1,261.5,-0.0000,-254.2,319.0,0.2425,-136.9,-384.2,0,0.0,0.0,0.0000,-4.59,14.16,8.35,-12.11
6.3066,6.2536,53.0,0,-989.3,525.3,-2.1264,-956.8,506.0,-2.0658,-302.1,261.5,-0.0000,-239.3,313.2,0.2425,-139.9,-368.5,0,0.0,0.0,0.0000,-4.89,13.68,7.69,-11.62
6.3147,6.2536,61.1,0,-989.3,525.3,-2.1264,-956.8,506.0,-2.0658,-302.1,261.5,-0.0000,-223.3,310.8,0.2425,-146.3,-353.6,0,0.0,0.0,0.0000,-4.28,14.56,7.78,-11.70
6.3230,6.2536,69.4,0,-989.3,525.3,-2.1264,-956.8,506.0,-2.0658,-302.1,261.5,-0.0000,-207.7,316.8,0.2425,-159.5,-343.6,0,0.0,0.0,0.0000,-4.03,13.75,8.14,-11.61
6.3312,6.2536,77.6,0,-989.3,525.3,-2.1264,-956.8,506.0,-2.0658,-302.1,261.5,-0.0000,-208.5,327.0,0.2425,-167.8,-349.6,0,0.0,0.0,0.0000,-3.65,13.81,7.29,-11.18
6.3387,6.2536,85.1,0,-989.3,525.3,-2.1264,-956.8,506.0,-2.0658,-302.1,261.5,-0.0000,-211.5,335.5,0.2425,-173.5,-356.7,0,0.0,0.0,0.0000,-4.35,13.00,7.88,-11.09
6.3469,6.2536,93.3,0,-989.3,525.3,-2.1264,-956.8,506.0,-2.0658,-302.1,261.5,-0.0000,-214.9,345.4,0.2425,-180.1,-364.8,0,0.0,0.0,0.0000,-4.86,13.96,7.87,-11.07
6.3550,6.3533,1.6,0,-1021.1,558.3,-2.0870,-985.2,534.1,-2.0658,-265.1,299.3,0.0000,-203.2,334.1,0.0851,-190.3,-341.7,0,0.0,0.0,0.0000,-3.76,12.78,7.49,-11.75
6.3629,6.3533,9.6,0,-1021.1,558.3,-2.0870,-985.2,534.1,-2.0658,-265.1,299.3,0.0000,-191.3,323.7,0.0851,-187.1,-326.1,0,0.0,0.0,0.0000,-3.24,8.76,7.41,-11.80
6.3707,6.3533,17.3,0,-1021.1,558.3,-2.0870,-985.2,534.1,-2.0658,-265.1,299.3,0.0000,-178.9,314.3,0.0851,-185.1,-310.8,0,0.0,0.0,0.0000,-3.00,10.42,6.75,-11.04
6.3788,6.3533,25.5,0,-1021.1,558.3,-2.0870,-985.2,534.1,-2.0658,-265.1,299.3,0.0000,-164.9,306.0,0.0851,-184.8,-294.5,0,0.0,0.0,0.0000,-3.54,12.51,7.36,-11.43
6.3863,6.3533,33.0,0,-1021.1,558.3,-2.0870,-985.2,534.1,-2.0658,-265.1,299.3,0.0000,-150.7,301.1,0.0851,-187.5,-279.7,0,0.0,0.0,0.0000,-3.50,13.34,6.84,-11.46
6.3944,6.3533,41.0,0,-1021.1,558.3,-2.0870,-985.2,534.1,-2.0658,-265.1,299.3,0.0000,-135.2,304.6,0.0851,-198.2,-267.9,0,0.0,0.0,0.0000,-3.34,13.59,6.74,-11.60
6.4024,6.3533,49.1,0,-1021.1,558.3,-2.0870,-985.2,534.1,-2.0658,-265.1,299.3,0.0000,-137.3,314.7,0.0851,-205.9,-274.8,0,0.0,0.0,0.0000,-3.35,13.43,6.17,-11.60
6.4102,6.3533,56.8,0,-1021.1,558.3,-2.0870,-985.2,534.1,-2.0658,-265.1,299.3,0.0000,-139.7,323.7,0.0851,-212.5,-281.3,0,0.0,0.0,0.0000,-3.65,13.64,5.90,-11.40
6.4189,6.3533,65.5,0,-1021.1,558.3,-2.0870,-985.2,534.1,-2.0658,-265.1,299.3,0.0000,-142.5,333.6,0.0851,-219.8,-288.5,0,0.0,0.0,0.0000,-2.47,13.07,5.77,-11.31
6.4265,6.3533,73.2,0,-1021.1,558.3,-2.0870,-985.2,534.1,-2.0658,-265.1,299.3,0.0000,-143.9,343.9,0.0851,-228.0,-294.9,0,0.0,0.0,0.0000,-2.45,13.26,5.53,-11.78
6.4341,6.3533,80.8,0,-1021.1,558.3,-2.0870,-985.2,534.1,-2.0658,-265.1,299.3,0.0000,-145.3,354.3,0.0851,-236.4,-301.3,0,0.0,0.0,0.0000,-2.03,12.81,4.19,-12.27
6.4423,6.3533,88.9,0,-1021.1,558.3,-2.0870,-985.2,534.1,-2.0658,-265.1,299.3,0.0000,-147.2,363.8,0.0851,-243.7,-307.6,0,0.0,0.0,0.0000,-1.41,13.24,3.10,-11.62
6.4510,6.3533,97.7,0,-1021.1,558.3,-2.0870,-985.2,534.1,-2.0658,-265.1,299.3,0.0000,-149.1,374.0,0.0851,-251.6,-314.3,0,0.0,0.0,0.0000,-0.63,13.43,1.44,-11.46
6.4582,6.4581,0.1,0,-1052.4,591.7,-2.1012,-1010.7,567.3,-2.0658,-221.3,333.8,0.0000,-138.9,363.8,0.1417,-243.6,-303.8,0,0.0,0.0,0.0000,-0.20,13.11,0.85,-11.63
6.4665,6.4581,8.4,0,-1052.4,591.7,-2.1012,-1010.7,567.3,-2.0658,-221.3,333.8,0.0000,-126.4,352.9,0.1417,-240.4,-287.6,0,0.0,0.0,0.0000,0.63,13.01,1.86,-12.11
6.4748,6.4581,16.7,0,-1052.4,591.7,-2.1012,-1010.7,567.3,-2.0658,-221.3,333.8,0.0000,-113.1,343.1,0.1417,-238.7,-271.1,0,0.0,0.0,0.0000,0.39,14.48,2.04,-11.94
6.4826,6.4581,24.4,0,-1052.4,591.7,-2.1012,-1010.7,567.3,-2.0658,-221.3,333.8,0.0000,-99.5,335.5,0.1417,-239.1,-255.6,0,0.0,0.0,0.0000,1.10,14.74,2.56,-12.02
6.4911,6.4581,32.9,0,-1052.4,591.7,-2.1012,-1010.7,567.3,-2.0658,-221.3,333.8,0.0000,-83.3,330.6,0.1417,-243.0,-239.0,0,0.0,0.0,0.0000,0.81,14.35,2.61,-11.52
6.4989,6.4581,40.8,0,-1052.4,591.7,-2.1012,-1010.7,567.3,-2.0658,-221.3,333.8,0.0000,-67.7,332.8,0.1417,-252.8,-226.8,0,0.0,0.0,0.0000,0.84,13.61,2.95,-12.21
6.5062,6.4581,48.1,0,-1052.4,591.7,-2.1012,-1010.7,567.3,-2.0658,-221.3,333.8,0.0000,-63.7,343.0,0.1417,-263.7,-228.5,0,0.0,0.0,0.0000,1.62,13.84,5.11,-11.90
6.5149,6.4581,56.8,0,-1052.4,591.7,-2.1012,-1010.7,567.3,-2.0658,-221.3,333.8,0.0000,-64.4,354.7,0.1417,-273.3,-235.0,0,0.0,0.0,0.0000,2.48,13.65,2.05,-11.70
6.5225,6.4581,64.4,0,-1052.4,591.7,-2.1012,-1010.7,567.3,-2.0658,-221.3,333.8,0.0000,-65.5,363.7,0.1417,-280.6,-240.5,0,0.0,0.0,0.0000,3.23,14.35,1.69,-11.63
6.5302,6.4581,72.1,0,-1052.4,591.7,-2.1012,-1010.7,567.3,-2.0658,-221.3,333.8,0.0000,-66.8,373.0,0.1417,-287.9,-246.3,0,0.0,0.0,0.0000,3.58,13.63,1.05,-10.25
6.5382,6.4581,80.1,0,-1052.4,591.7,-2.1012,-1010.7,567.3,-2.0658,-221.3,333.8,0.0000,-66.8,383.0,0.1417,-296.6,-251.4,0,0.0,0.0,0.0000,3.57,13.41,0.58,-6.56
6.5472,6.4581,89.0,0,-1052.4,591.7,-2.1012,-1010.7,567.3,-2.0658,-221.3,333.8,0.0000,-66.6,394.4,0.1417,-306.5,-257.0,0,0.0,0.0,0.0000,4.67,13.57,-0.02,-10.06
6.5550,6.4581,96.9,0,-1052.4,591.7,-2.1012,-1010.7,567.3,-2.0658,-221.3,333.8,0.0000,-67.0,404.2,0.1417,-314.7,-262.3,0,0.0,0.0,0.0000,4.30,13.02,-0.28,-11.66
6.5631,6.5607,2.4,0,-1070.7,628.7,-2.0629,-1031.0,602.9,-2.0658,-173.4,360.4,0.0000,-59.4,390.0,-0.0114,-315.7,-236.6,0,0.0,0.0,0.0000,4.67,13.48,-0.78,-12.43
6.5703,6.5607,9.6,0,-1070.7,628.7,-2.0629,-1031.0,602.9,-2.0658,-173.4,360.4,0.0000,-51.9,377.7,-0.0114,-308.3,-224.2,0,0.0,0.0,0.0000,4.94,13.50,-1.02,-13.06
6.5791,6.5607,18.4,0,-1070.7,628.7,-2.0629,-1031.0,602.9,-2.0658,-173.4,360.4,0.0000,-41.6,363.4,-0.0114,-300.6,-208.4,0,0.0,0.0,0.0000,4.32,13.49,-1.51,-13.29
6.5867,6.5607,26.0,0,-1070.7,628.7,-2.0629,-1031.0,602.9,-2.0658,-173.4,360.4,0.0000,-31.1,352.5,-0.0114,-296.0,-194.0,0,0.0,0.0,0.0000,4.23,13.67,-2.07,-13.94
6.5943,6.5607,33.6,0,-1070.7,628.7,-2.0629,-1031.0,602.9,-2.0658,-173.4,360.4,0.0000,-17.6,345.5,-0.0114,-296.2,-178.8,0,0.0,0.0,0.0000,4.21,16.02,-2.65,-13.47
6.6021,6.5607,41.4,0,-1070.7,628.7,-2.0629,-1031.0,602.9,-2.0658,-173.4,360.4,0.0000,-11.4,352.5,-0.0114,-305.3,-176.6,0,0.0,0.0,0.0000,3.49,14.65,-2.53,-13.28
6.6101,6.5607,49.4,0,-1070.7,628.7,-2.0629,-1031.0,602.9,-2.0658,-173.4,360.4,0.0000,-10.7,362.7,-0.0114,-314.6,-180.8,0,0.0,0.0,0.0000,3.22,13.06,-2.47,-12.65
6.6186,6.5607,57.9,0,-1070.7,628.7,-2.0629,-1031.0,602.9,-2.0658,-173.4,360.4,0.0000,-10.5,373.3,-0.0114,-324.1,-185.6,0,0.0,0.0,0.0000,4.84,12.46,-2.69,-13.20
6.6262,6.5607,65.5,0,-1070.7,628.7,-2.0629,-1031.0,602.9,-2.0658,-173.4,360.4,0.0000,-10.3,383.1,-0.0114,-332.8,-190.1,0,0.0,0.0,0.0000,5.35,12.66,-2.53,-14.08
6.6344,6.5607,73.7,0,-1070.7,628.7,-2.0629,-1031.0,602.9,-2.0658,-173.4,360.4,0.0000,-9.3,392.8,-0.0114,-341.8,-193.8,0,0.0,0.0,0.0000,6.38,12.64,-1.16,-14.70
6.6431,6.5607,82.4,0,-1070.7,628.7,-2.0629,-1031.0,602.9,-2.0658,-173.4,360.4,0.0000,-8.2,403.0,-0.0114,-351.3,-197.7,0,0.0,0.0,0.0000,5.26,12.05,9.68,-14.53
6.6510,6.5607,90.3,0,-1070.7,628.7,-2.0629,-1031.0,602.9,-2.0658,-173.4,360.4,0.0000,-7.2,413.4,-0.0114,-360.9,-201.6,0,0.0,0.0,0.0000,4.56,11.97,-6.63,-14.43
6.6584,6.5607,97.7,0,-1070.7,628.7,-2.0629,-1031.0,602.9,-2.0658,-173.4,360.4,0.0000,-6.1,423.2,-0.0114,-370.1,-205.3,0,0.0,0.0,0.0000,5.34,11.75,-7.08,-14.05
6.6666,6.6598,6.8,0,-1077.5,665.3,-2.0870,-1045.8,639.6,-2.0658,-124.7,380.1,0.0000,-2.6,407.3,0.0847,-352.9,-203.3,0,0.0,0.0,0.0000,6.01,11.75,-6.61,-14.52
6.6742,6.6598,14.4,0,-1077.5,665.3,-2.0870,-1045.8,639.6,-2.0658,-124.7,380.1,0.0000,1.3,392.6,0.0847,-342.1,-192.6,0,0.0,0.0,0.0000,6.50,11.45,-5.99,-14.00
6.6828,6.6598,23.0,0,-1077.5,665.3,-2.0870,-1045.8,639.6,-2.0658,-124.7,380.1,0.0000,7.0,376.3,0.0847,-330.7,-179.7,0,0.0,0.0,0.0000,5.61,11.73,-5.54,-14.50
6.6904,6.6598,30.6,0,-1077.5,665.3,-2.0870,-1045.8,639.6,-2.0658,-124.7,380.1,0.0000,13.9,362.8,0.0847,-322.4,-167.0,0,0.0,0.0,0.0000,5.60,12.19,-5.10,-14.96
6.6987,6.6598,38.9,0,-1077.5,665.3,-2.0870,-1045.8,639.6,-2.0658,-124.7,380.1,0.0000,21.0,362.9,0.0847,-326.0,-160.8,0,0.0,0.0,0.0000,6.15,13.19,-6.01,-14.41
6.7072,6.6598,47.3,0,-1077.5,665.3,-2.0870,-1045.8,639.6,-2.0658,-124.7,380.1,0.0000,22.6,373.9,0.0847,-336.3,-164.9,0,0.0,0.0,0.0000,6.53,13.09,-5.84,-13.96
6.7146,6.6598,54.8,0,-1077.5,665.3,-2.0870,-1045.8,639.6,-2.0658,-124.7,380.1,0.0000,25.1,383.0,0.0847,-345.5,-167.2,0,0.0,0.0,0.0000,5.62,13.85,-5.66,-13.77
6.7222,6.6598,62.4,0,-1077.5,665.3,-2.0870,-1045.8,639.6,-2.0658,-124.7,380.1,0.0000,28.0,392.5,0.0847,-355.2,-169.4,0,0.0,0.0,0.0000,6.25,12.09,-5.71,-13.89
6.7307,6.6598,70.9,0,-1077.5,665.3,-2.0870,-1045.8,639.6,-2.0658,-124.7,380.1,0.0000,29.7,402.4,0.0847,-364.6,-172.8,0,0.0,0.0,0.0000,5.22,12.18,-5.51,-13.95
6.7383,6.6598,78.5,0,-1077.5,665.3,-2.0870,-1045.8,639.6,-2.0658,-124.7,380.1,0.0000,31.3,411.0,0.0847,-372.9,-175.7,0,0.0,0.0,0.0000,6.40,11.58,-5.66,-13.85
6.7468,6.6598,87.0,0,-1077.5,665.3,-2.0870,-1045.8,639.6,-2.0658,-124.7,380.1,0.0000,33.9,422.0,0.0847,-383.7,-178.8,0,0.0,0.0,0.0000,5.23,12.67,-5.35,-13.55
6.7542,6.6598,94.4,0,-1077.5,665.3,-2.0870,-1045.8,639.6,-2.0658,-124.7,380.1,0.0000,36.3,431.8,0.0847,-393.5,-181.5,0,0.0,0.0,0.0000,5.48,12.38,-5.39,-14.01
6.7632,6.7630,0.1,0,-1077.2,707.2,-2.1326,-1055.9,679.6,-2.0658,-70.8,393.8,-0.0000,36.6,413.9,0.2671,-369.8,-189.5,0,0.0,0.0,0.0000,4.26,12.43,-4.94,-13.44
6.7704,6.7630,7.4,0,-1077.2,707.2,-2.1326,-1055.9,679.6,-2.0658,-70.8,393.8,-0.0000,37.1,399.3,0.2671,-357.7,-181.4,0,0.0,0.0,0.0000,5.17,11.65,-4.80,-13.61
6.7789,6.7630,15.9,0,-1077.2,707.2,-2.1326,-1055.9,679.6,-2.0658,-70.8,393.8,-0.0000,38.7,382.5,0.2671,-344.3,-171.0,0,0.0,0.0,0.0000,6.62,11.44,-4.41,-13.78
6.7867,6.7630,23.6,0,-1077.2,707.2,-2.1326,-1055.9,679.6,-2.0658,-70.8,393.8,-0.0000,41.9,367.3,0.2671,-333.2,-160.2,0,0.0,0.0,0.0000,8.30,12.14,-5.08,-13.57
6.7952,6.7630,32.1,0,-1077.2,707.2,-2.1326,-1055.9,679.6,-2.0658,-70.8,393.8,-0.0000,49.1,355.2,0.2671,-326.7,-147.7,0,0.0,0.0,0.0000,9.09,12.25,-5.76,-13.09
6.8022,6.7630,39.2,0,-1077.2,707.2,-2.1326,-1055.9,679.6,-2.0658,-70.8,393.8,-0.0000,51.4,363.5,0.2671,-335.0,-150.2,0,0.0,0.0,0.0000,8.85,12.92,-5.39,-12.75
6.8107,6.7630,47.7,0,-1077.2,707.2,-2.1326,-1055.9,679.6,-2.0658,-70.8,393.8,-0.0000,54.5,374.0,0.2671,-345.6,-153.1,0,0.0,0.0,0.0000,7.62,10.24,-4.53,-12.57
6.8183,6.7630,55.3,0,-1077.2,707.2,-2.1326,-1055.9,679.6,-2.0658,-70.8,393.8,-0.0000,57.2,383.6,0.2671,-355.1,-155.9,0,0.0,0.0,0.0000,7.58,12.34,-4.28,-11.86
6.8271,6.7630,64.0,0,-1077.2,707.2,-2.1326,-1055.9,679.6,-2.0658,-70.8,393.8,-0.0000,61.5,393.4,0.2671,-365.7,-157.5,0,0.0,0.0,0.0000,8.26,11.74,-4.27,-11.51
6.8347,6.7630,71.7,0,-1077.2,707.2,-2.1326,-1055.9,679.6,-2.0658,-70.8,393.8,-0.0000,65.3,402.0,0.2671,-375.0,-158.9,0,0.0,0.0,0.0000,8.96,12.25,-3.92,-11.77
6.8432,6.7630,80.1,0,-1077.2,707.2,-2.1326,-1055.9,679.6,-2.0658,-70.8,393.8,-0.0000,68.8,412.1,0.2671,-385.4,-161.2,0,0.0,0.0,0.0000,8.97,12.43,-4.32,-11.73
6.8509,6.7630,87.8,0,-1077.2,707.2,-2.1326,-1055.9,679.6,-2.0658,-70.8,393.8,-0.0000,72.3,421.1,0.2671,-394.9,-163.1,0,0.0,0.0,0.0000,9.01,9.35,-4.48,-11.37
6.8586,6.7630,95.6,0,-1077.2,707.2,-2.1326,-1055.9,679.6,-2.0658,-70.8,393.8,-0.0000,75.5,430.5,0.2671,-404.5,-165.4,0,0.0,0.0,0.0000,9.68,7.99,-4.96,-11.58
6.8665,6.8641,2.4,0,-1070.9,742.2,-2.1471,-1060.4,719.8,-2.0658,-17.6,399.5,0.0000,73.0,414.9,0.3254,-387.6,-164.9,0,0.0,0.0,0.0000,8.50,10.38,-4.69,-11.04
6.8752,6.8641,11.1,0,-1070.9,742.2,-2.1471,-1060.4,719.8,-2.0658,-17.6,399.5,0.0000,70.8,397.6,0.3254,-372.0,-157.3,0,0.0,0.0,0.0000,8.79,11.43,-4.54,-12.12
6.8828,6.8641,18.7,0,-1070.9,742.2,-2.1471,-1060.4,719.8,-2.0658,-17.6,399.5,0.0000,69.9,382.4,0.3254,-358.7,-149.8,0,0.0,0.0,0.0000,9.25,12.59,-4.58,-12.07
6.8904,6.8641,26.3,0,-1070.9,742.2,-2.1471,-1060.4,719.8,-2.0658,-17.6,399.5,0.0000,71.8,367.4,0.3254,-347.2,-140.0,0,0.0,0.0,0.0000,9.28,12.34,-4.59,-11.65
6.8987,6.8641,34.5,0,-1070.9,742.2,-2.1471,-1060.4,719.8,-2.0658,-17.6,399.5,0.0000,77.7,371.6,0.3254,-353.9,-137.3,0,0.0,0.0,0.0000,9.64,11.94,-4.03,-11.35
6.9061,6.8641,42.0,0,-1070.9,742.2,-2.1471,-1060.4,719.8,-2.0658,-17.6,399.5,0.0000,81.0,380.1,0.3254,-362.8,-139.2,0,0.0,0.0,0.0000,9.25,13.03,-3.86,-11.15
6.9147,6.8641,50.5,0,-1070.9,742.2,-2.1471,-1060.4,719.8,-2.0658,-17.6,399.5,0.0000,84.7,389.7,0.3254,-373.0,-141.3,0,0.0,0.0,0.0000,9.57,12.98,-4.54,-11.76
6.9223,6.8641,58.1,0,-1070.9,742.2,-2.1471,-1060.4,719.8,-2.0658,-17.6,399.5,0.0000,89.2,398.3,0.3254,-382.6,-142.3,0,0.0,0.0,0.0000,9.43,12.59,-4.48,-12.36
6.9310,6.8641,66.9,0,-1070.9,742.2,-2.1471,-1060.4,719.8,-2.0658,-17.6,399.5,0.0000,94.3,408.2,0.3254,-393.7,-143.4,0,0.0,0.0,0.0000,10.64,12.68,-4.75,-12.04
6.9382,6.8641,74.1,0,-1070.9,742.2,-2.1471,-1060.4,719.8,-2.0658,-17.6,399.5,0.0000,98.9,416.2,0.3254,-402.8,-143.8,0,0.0,0.0,0.0000,9.76,12.91,-4.21,-12.30
6.9470,6.8641,82.9,0,-1070.9,742.2,-2.1471,-1060.4,719.8,-2.0658,-17.6,399.5,0.0000,104.8,426.0,0.3254,-414.3,-144.3,0,0.0,0.0,0.0000,8.14,13.10,-4.46,-12.03
6.9550,6.8641,90.9,0,-1070.9,742.2,-2.1471,-1060.4,719.8,-2.0658,-17.6,399.5,0.0000,109.3,434.4,0.3254,-423.8,-145.0,0,0.0,0.0,0.0000,8.32,13.37,-4.19,-11.57
6.9627,6.8641,98.6,0,-1070.9,742.2,-2.1471,-1060.4,719.8,-2.0658,-17.6,399.5,0.0000,113.9,442.4,0.3254,-433.0,-145.6,0,0.0,0.0,0.0000,9.02,13.17,-4.16,-11.82
6.9710,6.9697,1.3,0,-1066.0,780.7,-2.0999,-1059.3,762.0,-2.0658,38.2,398.0,-0.0000,112.4,426.0,0.1366,-424.5,-118.0,0,0.0,0.0,0.0000,8.85,13.80,-5.05,-11.56
6.9783,6.9697,8.5,0,-1066.0,780.7,-2.0999,-1059.3,762.0,-2.0658,38.2,398.0,-0.0000,111.9,411.5,0.1366,-411.7,-111.1,0,0.0,0.0,0.0000,7.97,13.43,-5.00,-12.36
6.9864,6.9697,16.7,0,-1066.0,780.7,-2.0999,-1059.3,762.0,-2.0658,38.2,398.0,-0.0000,112.5,395.1,0.1366,-397.9,-102.3,0,0.0,0.0,0.0000,9.51,12.99,-4.46,-12.43
6.9952,6.9697,25.5,0,-1066.0,780.7,-2.0999,-1059.3,762.0,-2.0658,38.2,398.0,-0.0000,116.0,377.9,0.1366,-384.8,-90.7,0,0.0,0.0,0.0000,9.17,13.25,-4.73,-12.68
7.0023,6.9697,32.6,0,-1066.0,780.7,-2.0999,-1059.3,762.0,-2.0658,38.2,398.0,-0.0000,124.8,369.9,0.1366,-382.3,-79.0,0,0.0,0.0,0.0000,9.47,12.77,-4.46,-12.42
7.0111,6.9697,41.4,0,-1066.0,780.7,-2.0999,-1059.3,762.0,-2.0658,38.2,398.0,-0.0000,132.1,379.6,0.1366,-394.4,-77.6,0,0.0,0.0,0.0000,9.10,13.51,-4.69,-13.05
7.0184,6.9697,48.7,0,-1066.0,780.7,-2.0999,-1059.3,762.0,-2.0658,38.2,398.0,-0.0000,136.5,387.0,0.1366,-403.0,-77.5,0,0.0,0.0,0.0000,8.77,13.90,-5.45,-13.38
7.0272,6.9697,57.5,0,-1066.0,780.7,-2.0999,-1059.3,762.0,-2.0658,38.2,398.0,-0.0000,142.0,396.1,0.1366,-413.6,-77.3,0,0.0,0.0,0.0000,8.88,13.72,-5.96,-10.38
7.0342,6.9697,64.5,0,-1066.0,780.7,-2.0999,-1059.3,762.0,-2.0658,38.2,398.0,-0.0000,146.9,403.1,0.1366,-422.1,-76.6,0,0.0,0.0,0.0000,9.59,13.49,-5.60,-9.17
7.0429,6.9697,73.1,0,-1066.0,780.7,-2.0999,-1059.3,762.0,-2.0658,38.2,398.0,-0.0000,152.9,411.8,0.1366,-432.6,-75.8,0,0.0,0.0,0.0000,9.38,12.64,-5.10,-12.69
7.0510,6.9697,81.2,0,-1066.0,780.7,-2.0999,-1059.3,762.0,-2.0658,38.2,398.0,-0.0000,159.8,420.2,0.1366,-443.4,-74.1,0,0.0,0.0,0.0000,8.37,12.87,-5.65,-13.48
7.0588,6.9697,89.1,0,-1066.0,780.7,-2.0999,-1059.3,762.0,-2.0658,38.2,398.0,-0.0000,166.7,428.4,0.1366,-454.0,-72.4,0,0.0,0.0,0.0000,8.93,13.77,-6.16,-13.93
7.0666,6.9697,96.8,0,-1066.0,780.7,-2.0999,-1059.3,762.0,-2.0658,38.2,398.0,-0.0000,172.2,435.8,0.1366,-463.1,-71.4,0,0.0,0.0,0.0000,8.35,13.15,-6.34,-14.72
7.0747,7.0724,2.3,0,-1062.5,825.6,-2.0770,-1052.5,802.5,-2.0658,92.3,389.1,-0.0000,171.6,419.5,0.0447,-450.1,-53.3,0,0.0,0.0,0.0000,9.06,12.94,-5.63,-14.34
7.0832,7.0724,10.7,0,-1062.5,825.6,-2.0770,-1052.5,802.5,-2.0658,92.3,389.1,-0.0000,172.1,402.6,0.0447,-435.6,-44.7,0,0.0,0.0,0.0000,8.62,13.12,-6.79,-13.83
7.0907,7.0724,18.2,0,-1062.5,825.6,-2.0770,-1052.5,802.5,-2.0658,92.3,389.1,-0.0000,173.6,387.7,0.0447,-423.3,-36.1,0,0.0,0.0,0.0000,8.72,12.96,-6.47,-13.39
7.0981,7.0724,25.6,0,-1062.5,825.6,-2.0770,-1052.5,802.5,-2.0658,92.3,389.1,-0.0000,176.9,373.2,0.0447,-412.2,-26.2,0,0.0,0.0,0.0000,8.47,14.65,-6.04,-13.42
7.1067,7.0724,34.3,0,-1062.5,825.6,-2.0770,-1052.5,802.5,-2.0658,92.3,389.1,-0.0000,184.5,357.8,0.0447,-402.4,-12.1,0,0.0,0.0,0.0000,8.85,13.26,-6.39,-13.48
7.1151,7.0724,42.7,0,-1062.5,825.6,-2.0770,-1052.5,802.5,-2.0658,92.3,389.1,-0.0000,198.9,349.0,0.0447,-401.7,4.8,0,0.0,0.0,0.0000,8.91,12.49,-6.34,-14.51
7.1225,7.0724,50.1,0,-1062.5,825.6,-2.0770,-1052.5,802.5,-2.0658,92.3,389.1,-0.0000,207.1,354.7,0.0447,-410.6,9.2,0,0.0,0.0,0.0000,9.72,12.31,-7.17,-14.61
7.1308,7.0724,58.4,0,-1062.5,825.6,-2.0770,-1052.5,802.5,-2.0658,92.3,389.1,-0.0000,214.1,362.3,0.0447,-420.7,11.6,0,0.0,0.0,0.0000,9.26,12.70,-8.39,-14.47
7.1383,7.0724,65.9,0,-1062.5,825.6,-2.0770,-1052.5,802.5,-2.0658,92.3,389.1,-0.0000,220.9,369.2,0.0447,-430.0,14.2,0,0.0,0.0,0.0000,9.21,12.98,-8.29,-14.49
7.1467,7.0724,74.3,0,-1062.5,825.6,-2.0770,-1052.5,802.5,-2.0658,92.3,389.1,-0.0000,227.5,376.9,0.0447,-439.9,16.3,0,0.0,0.0,0.0000,9.10,12.62,-7.39,-13.70
7.1550,7.0724,82.5,0,-1062.5,825.6,-2.0770,-1052.5,802.5,-2.0658,92.3,389.1,-0.0000,234.0,384.4,0.0447,-449.6,18.3,0,0.0,0.0,0.0000,9.89,12.19,-7.69,-14.28
7.1625,7.0724,90.1,0,-1062.5,825.6,-2.0770,-1052.5,802.5,-2.0658,92.3,389.1,-0.0000,241.0,391.2,0.0447,-459.0,21.1,0,0.0,0.0,0.0000,11.20,12.02,-8.56,-14.30
7.1710,7.0724,98.6,0,-1062.5,825.6,-2.0770,-1052.5,802.5,-2.0658,92.3,389.1,-0.0000,248.8,398.9,0.0447,-469.5,24.2,0,0.0,0.0,0.0000,10.18,12.36,-8.93,-14.18
7.1782,7.1738,4.4,0,-1057.3,871.4,-2.1074,-1040.5,841.2,-2.0658,144.0,373.1,0.0000,247.9,384.6,0.1667,-457.3,16.4,0,0.0,0.0,0.0000,9.55,12.55,-9.31,-13.94
7.1861,7.1738,12.3,0,-1057.3,871.4,-2.1074,-1040.5,841.2,-2.0658,144.0,373.1,0.0000,247.8,368.8,0.1667,-443.7,24.5,0,0.0,0.0,0.0000,10.47,11.10,-9.50,-13.94
7.1948,7.1738,21.0,0,-1057.3,871.4,-2.1074,-1040.5,841.2,-2.0658,144.0,373.1,0.0000,249.3,351.5,0.1667,-429.5,34.6,0,0.0,0.0,0.0000,11.33,12.13,-9.52,-13.33
7.2022,7.1738,28.4,0,-1057.3,871.4,-2.1074,-1040.5,841.2,-2.0658,144.0,373.1,0.0000,252.1,337.0,0.1667,-418.5,44.4,0,0.0,0.0,0.0000,11.23,12.51,-9.99,-13.14
7.2108,7.1738,37.0,0,-1057.3,871.4,-2.1074,-1040.5,841.2,-2.0658,144.0,373.1,0.0000,258.8,321.1,0.1667,-408.3,58.2,0,0.0,0.0,0.0000,9.88,11.03,-10.60,-12.90
7.2184,7.1738,44.6,0,-1057.3,871.4,-2.1074,-1040.5,841.2,-2.0658,144.0,373.1,0.0000,269.1,310.0,0.1667,-404.0,72.8,0,0.0,0.0,0.0000,11.80,11.78,-10.52,-13.13
7.2266,7.1738,52.8,0,-1057.3,871.4,-2.1074,-1040.5,841.2,-2.0658,144.0,373.1,0.0000,285.0,308.0,0.1667,-410.4,87.5,0,0.0,0.0,0.0000,14.19,11.77,-10.66,-13.54
7.2342,7.1738,60.4,0,-1057.3,871.4,-2.1074,-1040.5,841.2,-2.0658,144.0,373.1,0.0000,292.3,313.9,0.1667,-419.2,90.8,0,0.0,0.0,0.0000,12.17,11.27,-10.74,-13.33
7.2422,7.1738,68.4,0,-1057.3,871.4,-2.1074,-1040.5,841.2,-2.0658,144.0,373.1,0.0000,300.4,320.5,0.1667,-429.0,94.4,0,0.0,0.0,0.0000,11.34,10.90,-10.00,-13.13
7.2510,7.1738,77.2,0,-1057.3,871.4,-2.1074,-1040.5,841.2,-2.0658,144.0,373.1,0.0000,309.5,327.7,0.1667,-439.9,98.5,0,0.0,0.0,0.0000,11.71,10.51,-10.02,-12.70
7.2582,7.1738,84.4,0,-1057.3,871.4,-2.1074,-1040.5,841.2,-2.0658,144.0,373.1,0.0000,316.3,333.1,0.1667,-448.0,101.6,0,0.0,0.0,0.0000,10.25,10.60,-10.58,-11.82
7.2670,7.1738,93.2,0,-1057.3,871.4,-2.1074,-1040.5,841.2,-2.0658,144.0,373.1,0.0000,324.8,339.7,0.1667,-458.0,105.5,0,0.0,0.0,0.0000,13.67,10.14,-10.34,-11.70
7.2748,7.1738,101.0,0,-1057.3,871.4,-2.1074,-1040.5,841.2,-2.0658,144.0,373.1,0.0000,332.6,345.5,0.1667,-467.0,109.2,0,0.0,0.0,0.0000,13.32,9.58,-10.59,-12.20
7.2830,7.2765,6.5,0,-1043.5,912.4,-2.1157,-1023.1,878.4,-2.0658,194.3,349.7,0.0000,328.1,329.8,0.1998,-452.1,109.6,0,0.0,0.0,0.0000,12.11,10.07,-11.66,-11.97
7.2901,7.2765,13.5,0,-1043.5,912.4,-2.1157,-1023.1,878.4,-2.0658,194.3,349.7,0.0000,325.0,315.9,0.1998,-438.7,114.2,0,0.0,0.0,0.0000,13.88,8.84,-11.05,-11.84
7.2988,7.2765,22.3,0,-1043.5,912.4,-2.1157,-1023.1,878.4,-2.0658,194.3,349.7,0.0000,323.2,298.5,0.1998,-422.8,121.6,0,0.0,0.0,0.0000,14.27,8.09,-11.82,-11.24
7.3062,7.2765,29.6,0,-1043.5,912.4,-2.1157,-1023.1,878.4,-2.0658,194.3,349.7,0.0000,323.4,283.9,0.1998,-410.4,129.4,0,0.0,0.0,0.0000,14.36,8.89,-11.39,-11.35
7.3149,7.2765,38.4,0,-1043.5,912.4,-2.1157,-1023.1,878.4,-2.0658,194.3,349.7,0.0000,328.0,267.0,0.1998,-398.3,142.1,0,0.0,0.0,0.0000,13.63,7.87,-11.52,-10.93
7.3232,7.2765,46.6,0,-1043.5,912.4,-2.1157,-1023.1,878.4,-2.0658,194.3,349.7,0.0000,340.9,256.8,0.1998,-396.3,158.5,0,0.0,0.0,0.0000,13.85,8.35,-11.93,-10.39
7.3307,7.2765,54.2,0,-1043.5,912.4,-2.1157,-1023.1,878.4,-2.0658,194.3,349.7,0.0000,349.3,261.4,0.1998,-404.6,163.2,0,0.0,0.0,0.0000,14.35,8.05,-12.46,-10.08
7.3381,7.2765,61.6,0,-1043.5,912.4,-2.1157,-1023.1,878.4,-2.0658,194.3,349.7,0.0000,357.5,266.4,0.1998,-413.1,167.6,0,0.0,0.0,0.0000,14.66,7.50,-12.20,-9.22
7.3469,7.2765,70.3,0,-1043.5,912.4,-2.1157,-1023.1,878.4,-2.0658,194.3,349.7,0.0000,367.3,272.3,0.1998,-423.3,173.0,0,0.0,0.0,0.0000,10.88,7.58,-12.18,-9.71
7.3549,7.2765,78.3,0,-1043.5,912.4,-2.1157,-1023.1,878.4,-2.0658,194.3,349.7,0.0000,375.8,277.4,0.1998,-432.0,177.6,0,0.0,0.0,0.0000,14.30,7.68,-12.68,-9.52
7.3626,7.2765,86.1,0,-1043.5,912.4,-2.1157,-1023.1,878.4,-2.0658,194.3,349.7,0.0000,384.3,282.4,0.1998,-440.7,182.3,0,0.0,0.0,0.0000,15.23,6.90,-12.52,-8.83
7.3706,7.2765,94.1,0,-1043.5,912.4,-2.1157,-1023.1,878.4,-2.0658,194.3,349.7,0.0000,392.6,287.3,0.1998,-449.2,186.9,0,0.0,0.0,0.0000,13.68,7.11,-10.31,-8.83
7.3784,7.2765,101.8,0,-1043.5,912.4,-2.1157,-1023.1,878.4,-2.0658,194.3,349.7,0.0000,400.5,291.9,0.1998,-457.3,191.2,0,0.0,0.0,0.0000,10.85,6.69,-12.69,-9.09
7.3866,7.3791,7.5,0,-1018.6,947.7,-2.1083,-1000.8,912.8,-2.0658,240.3,320.3,0.0000,391.7,278.1,0.1701,-439.4,194.0,0,0.0,0.0,0.0000,13.28,6.66,-12.74,-8.62
7.3949,7.3791,15.7,0,-1018.6,947.7,-2.1083,-1000.8,912.8,-2.0658,240.3,320.3,0.0000,383.5,263.7,0.1701,-422.9,194.4,0,0.0,0.0,0.0000,15.20,6.62,-12.82,-8.09
7.4021,7.3791,22.9,0,-1018.6,947.7,-2.1083,-1000.8,912.8,-2.0658,240.3,320.3,0.0000,377.4,250.7,0.1701,-408.6,195.9,0,0.0,0.0,0.0000,15.71,6.12,-13.11,-8.30
7.4103,7.3791,31.1,0,-1018.6,947.7,-2.1083,-1000.8,912.8,-2.0658,240.3,320.3,0.0000,372.6,235.0,0.1701,-392.6,199.8,0,0.0,0.0,0.0000,15.74,6.66,-12.38,-7.50
7.4188,7.3791,39.7,0,-1018.6,947.7,-2.1083,-1000.8,912.8,-2.0658,240.3,320.3,0.0000,372.4,217.9,0.1701,-377.9,208.3,0,0.0,0.0,0.0000,16.39,5.04,-12.85,-7.65
7.4267,7.3791,47.6,0,-1018.6,947.7,-2.1083,-1000.8,912.8,-2.0658,240.3,320.3,0.0000,380.9,212.5,0.1701,-377.6,218.3,0,0.0,0.0,0.0000,17.45,2.70,-13.94,-7.32
7.4347,7.3791,55.5,0,-1018.6,947.7,-2.1083,-1000.8,912.8,-2.0658,240.3,320.3,0.0000,390.0,217.3,0.1701,-386.3,223.8,0,0.0,0.0,0.0000,17.34,3.37,-17.41,-7.17
7.4421,7.3791,63.0,0,-1018.6,947.7,-2.1083,-1000.8,912.8,-2.0658,240.3,320.3,0.0000,398.5,221.9,0.1701,-394.7,228.7,0,0.0,0.0,0.0000,16.39,4.51,-17.15,-7.35
7.4506,7.3791,71.5,0,-1018.6,947.7,-2.1083,-1000.8,912.8,-2.0658,240.3,320.3,0.0000,408.5,225.4,0.1701,-402.8,235.5,0,0.0,0.0,0.0000,16.28,4.90,-13.58,-6.89
7.4584,7.3791,79.2,0,-1018.6,947.7,-2.1083,-1000.8,912.8,-2.0658,240.3,320.3,0.0000,417.7,228.4,0.1701,-410.1,241.8,0,0.0,0.0,0.0000,17.70,5.41,-10.85,-6.52
7.4661,7.3791,86.9,0,-1018.6,947.7,-2.1083,-1000.8,912.8,-2.0658,240.3,320.3,0.0000,426.8,232.1,0.1701,-417.8,247.8,0,0.0,0.0,0.0000,18.61,5.52,-11.97,-5.95
7.4746,7.3791,95.4,0,-1018.6,947.7,-2.1083,-1000.8,912.8,-2.0658,240.3,320.3,0.0000,436.8,235.9,0.1701,-426.3,254.5,0,0.0,0.0,0.0000,18.53,5.51,-12.80,-5.82
7.4826,7.4813,1.3,0,-993.1,969.9,-2.0782,-974.2,943.8,-2.0658,281.1,285.0,0.0000,425.1,224.9,0.0498,-403.2,262.2,0,0.0,0.0,0.0000,20.35,5.20,-14.18,-5.84
7.4909,7.4813,9.5,0,-993.1,969.9,-2.0782,-974.2,943.8,-2.0658,281.1,285.0,0.0000,413.7,213.0,0.0498,-387.2,258.1,0,0.0,0.0,0.0000,16.18,5.08,-14.37,-5.86
7.4984,7.4813,17.0,0,-993.1,969.9,-2.0782,-974.2,943.8,-2.0658,281.1,285.0,0.0000,404.4,201.2,0.0498,-372.3,255.7,0,0.0,0.0,0.0000,15.97,4.79,-13.72,-5.76
7.5070,7.4813,25.7,0,-993.1,969.9,-2.0782,-974.2,943.8,-2.0658,281.1,285.0,0.0000,398.4,185.0,0.0498,-355.3,258.3,0,0.0,0.0,0.0000,17.08,4.60,-12.70,-5.61
7.5148,7.4813,33.5,0,-993.1,969.9,-2.0782,-974.2,943.8,-2.0658,281.1,285.0,0.0000,407.7,186.3,0.0498,-361.0,265.8,0,0.0,0.0,0.0000,16.66,4.48,-15.02,-5.80
7.5222,7.4813,40.8,0,-993.1,969.9,-2.0782,-974.2,943.8,-2.0658,281.1,285.0,0.0000,417.5,189.2,0.0498,-368.2,273.0,0,0.0,0.0,0.0000,16.84,4.44,-17.16,-5.84
7.5301,7.4813,48.8,0,-993.1,969.9,-2.0782,-974.2,943.8,-2.0658,281.1,285.0,0.0000,426.4,192.0,0.0498,-375.0,279.4,0,0.0,0.0,0.0000,14.99,4.11,-15.24,-5.77
7.5388,7.4813,57.5,0,-993.1,969.9,-2.0782,-974.2,943.8,-2.0658,281.1,285.0,0.0000,436.2,195.0,0.0498,-382.4,286.5,0,0.0,0.0,0.0000,14.93,3.49,-14.79,-5.31
7.5471,7.4813,65.7,0,-993.1,969.9,-2.0782,-974.2,943.8,-2.0658,281.1,285.0,0.0000,446.3,198.0,0.0498,-389.9,293.9,0,0.0,0.0,0.0000,15.76,3.24,-13.94,-4.81
7.5552,7.4813,73.8,0,-993.1,969.9,-2.0782,-974.2,943.8,-2.0658,281.1,285.0,0.0000,456.1,200.7,0.0498,-397.1,301.1,0,0.0,0.0,0.0000,16.83,3.13,-14.01,-4.96
7.5624,7.4813,81.0,0,-993.1,969.9,-2.0782,-974.2,943.8,-2.0658,281.1,285.0,0.0000,458.2,200.1,0.0498,-397.6,303.2,0,0.0,0.0,0.0000,17.66,1.81,-14.36,-5.19
7.5709,7.4813,89.5,0,-993.1,969.9,-2.0782,-974.2,943.8,-2.0658,281.1,285.0,0.0000,458.8,198.7,0.0498,-396.6,304.4,0,0.0,0.0,0.0000,15.65,2.75,-14.30,-5.47
7.5792,7.4813,97.8,0,-993.1,969.9,-2.0782,-974.2,943.8,-2.0658,281.1,285.0,0.0000,459.6,196.8,0.0498,-395.4,306.1,0,0.0,0.0,0.0000,13.40,3.24,-14.08,-5.15
7.5861,7.5836,2.5,0,-972.7,984.4,-2.0586,-943.6,970.8,-2.0658,316.8,243.9,-0.0000,450.5,186.4,-0.0287,-375.8,310.6,0,0.0,0.0,0.0000,14.23,2.54,-15.22,-5.18
7.5947,7.5836,11.0,0,-972.7,984.4,-2.0586,-943.6,970.8,-2.0658,316.8,243.9,-0.0000,444.3,170.4,-0.0287,-358.7,312.6,0,0.0,0.0,0.0000,16.39,2.38,-15.75,-5.00
7.6020,7.5836,18.4,0,-972.7,984.4,-2.0586,-943.6,970.8,-2.0658,316.8,243.9,-0.0000,453.0,170.6,-0.0287,-363.1,320.2,0,0.0,0.0,0.0000,16.62,1.78,-16.23,-4.41
7.6105,7.5836,26.9,0,-972.7,984.4,-2.0586,-943.6,970.8,-2.0658,316.8,243.9,-0.0000,462.9,172.7,-0.0287,-369.5,328.0,0,0.0,0.0,0.0000,14.42,1.52,-15.02,-5.10
7.6181,7.5836,34.4,0,-972.7,984.4,-2.0586,-943.6,970.8,-2.0658,316.8,243.9,-0.0000,468.9,173.6,-0.0287,-373.1,332.9,0,0.0,0.0,0.0000,14.57,2.08,-15.61,-4.94
7.6270,7.5836,43.3,0,-972.7,984.4,-2.0586,-943.6,970.8,-2.0658,316.8,243.9,-0.0000,469.8,171.1,-0.0287,-371.3,334.8,0,0.0,0.0,0.0000,13.02,1.89,-15.86,-5.20
7.6345,7.5836,50.8,0,-972.7,984.4,-2.0586,-943.6,970.8,-2.0658,316.8,243.9,-0.0000,470.6,168.9,-0.0287,-369.8,336.6,0,0.0,0.0,0.0000,15.62,1.86,-16.10,-5.25
7.6426,7.5836,59.0,0,-972.7,984.4,-2.0586,-943.6,970.8,-2.0658,316.8,243.9,-0.0000,471.1,167.4,-0.0287,-368.7,337.7,0,0.0,0.0,0.0000,16.12,1.10,-16.57,-5.02
7.6512,7.5836,67.6,0,-972.7,984.4,-2.0586,-943.6,970.8,-2.0658,316.8,243.9,-0.0000,471.7,165.8,-0.0287,-367.5,339.0,0,0.0,0.0,0.0000,15.04,1.02,-15.73,-4.73
7.6583,7.5836,74.6,0,-972.7,984.4,-2.0586,-943.6,970.8,-2.0658,316.8,243.9,-0.0000,472.3,164.2,-0.0287,-366.4,340.2,0,0.0,0.0,0.0000,16.52,1.17,-14.94,-4.51
7.6671,7.5836,83.5,0,-972.7,984.4,-2.0586,-943.6,970.8,-2.0658,316.8,243.9,-0.0000,473.0,162.2,-0.0287,-364.9,341.8,0,0.0,0.0,0.0000,14.88,1.49,-16.35,-4.66
7.6741,7.5836,90.4,0,-972.7,984.4,-2.0586,-943.6,970.8,-2.0658,316.8,243.9,-0.0000,473.5,160.7,-0.0287,-363.9,342.9,0,0.0,0.0,0.0000,16.18,1.79,-18.15,-4.48
7.6826,7.5836,99.0,0,-972.7,984.4,-2.0586,-943.6,970.8,-2.0658,316.8,243.9,-0.0000,474.0,159.1,-0.0287,-362.7,344.1,0,0.0,0.0,0.0000,16.89,1.41,-17.84,-4.38
7.6910,7.6846,6.4,0,-911.1,1022.6,-2.0132,-910.0,993.2,-2.0658,347.5,199.2,0.0000,461.7,147.7,-0.2104,-331.1,354.0,0,0.0,0.0,0.0000,15.85,1.11,-16.73,-4.27
7.6988,7.6846,14.2,0,-911.1,1022.6,-2.0132,-910.0,993.2,-2.0658,347.5,199.2,0.0000,450.9,136.4,-0.2104,-316.3,349.2,0,0.0,0.0,0.0000,16.37,0.81,-16.78,-4.03
7.7070,7.6846,22.4,0,-911.1,1022.6,-2.0132,-910.0,993.2,-2.0658,347.5,199.2,0.0000,440.7,123.8,-0.2104,-300.5,345.3,0,0.0,0.0,0.0000,16.67,0.22,-16.15,-3.84
7.7147,7.6846,30.1,0,-911.1,1022.6,-2.0132,-910.0,993.2,-2.0658,347.5,199.2,0.0000,432.3,110.8,-0.2104,-285.2,343.2,0,0.0,0.0,0.0000,16.11,0.46,-15.52,-3.29
7.7223,7.6846,37.7,0,-911.1,1022.6,-2.0132,-910.0,993.2,-2.0658,347.5,199.2,0.0000,426.7,96.6,-0.2104,-270.0,344.3,0,0.0,0.0,0.0000,15.99,-0.11,-15.65,-3.35
7.7310,7.6846,46.4,0,-911.1,1022.6,-2.0132,-910.0,993.2,-2.0658,347.5,199.2,0.0000,428.5,79.3,-0.2104,-255.0,353.3,0,0.0,0.0,0.0000,16.06,-0.62,-15.20,-3.02
7.7382,7.6846,53.6,0,-911.1,1022.6,-2.0132,-910.0,993.2,-2.0658,347.5,199.2,0.0000,438.0,73.8,-0.2104,-254.2,364.3,0,0.0,0.0,0.0000,15.61,-0.79,-15.75,-2.74
7.7470,7.6846,62.3,0,-911.1,1022.6,-2.0132,-910.0,993.2,-2.0658,347.5,199.2,0.0000,449.1,74.1,-0.2104,-259.2,374.1,0,0.0,0.0,0.0000,15.44,-1.00,-16.28,-2.08
7.7550,7.6846,70.3,0,-911.1,1022.6,-2.0132,-910.0,993.2,-2.0658,347.5,199.2,0.0000,459.0,73.8,-0.2104,-263.2,383.2,0,0.0,0.0,0.0000,15.22,-2.08,-16.20,-1.27
7.7622,7.6846,77.6,0,-911.1,1022.6,-2.0132,-910.0,993.2,-2.0658,347.5,199.2,0.0000,468.2,73.4,-0.2104,-266.7,391.7,0,0.0,0.0,0.0000,15.44,-2.36,-15.38,-0.45
7.7701,7.6846,85.5,0,-911.1,1022.6,-2.0132,-910.0,993.2,-2.0658,347.5,199.2,0.0000,477.9,73.5,-0.2104,-271.0,400.4,0,0.0,0.0,0.0000,12.08,-2.25,-16.04,-0.23
7.7788,7.6846,94.2,0,-911.1,1022.6,-2.0132,-910.0,993.2,-2.0658,347.5,199.2,0.0000,488.7,73.6,-0.2104,-275.7,410.1,0,0.0,0.0,0.0000,10.18,-1.83,-16.87,-0.05
7.7872,7.6846,102.6,0,-911.1,1022.6,-2.0132,-910.0,993.2,-2.0658,347.5,199.2,0.0000,494.8,72.2,-0.2104,-277.0,416.2,0,0.0,0.0,0.0000,12.39,-2.92,-16.24,-2.64
7.7943,7.7889,5.4,0,-872.4,1036.8,-2.0224,-872.5,1011.4,-2.0658,371.4,148.4,-0.0000,481.6,66.7,-0.1734,-270.2,404.2,0,0.0,0.0,0.0000,14.58,-3.71,-17.01,-2.63
7.8022,7.7889,13.3,0,-872.4,1036.8,-2.0224,-872.5,1011.4,-2.0658,371.4,148.4,-0.0000,467.4,59.9,-0.1734,-257.9,394.4,0,0.0,0.0,0.0000,14.40,-3.23,-16.58,-1.09
7.8109,7.7889,22.0,0,-872.4,1036.8,-2.0224,-872.5,1011.4,-2.0658,371.4,148.4,-0.0000,452.4,51.1,-0.1734,-243.4,384.7,0,0.0,0.0,0.0000,14.97,-3.50,-17.03,-1.15
7.8181,7.7889,29.1,0,-872.4,1036.8,-2.0224,-872.5,1011.4,-2.0658,371.4,148.4,-0.0000,441.1,42.2,-0.1734,-230.5,378.5,0,0.0,0.0,0.0000,14.05,-3.39,-16.54,-1.28
7.8269,7.7889,37.9,0,-872.4,1036.8,-2.0224,-872.5,1011.4,-2.0658,371.4,148.4,-0.0000,433.1,26.6,-0.1734,-212.9,378.0,0,0.0,0.0,0.0000,14.27,-3.71,-18.87,-1.79
7.8347,7.7889,45.7,0,-872.4,1036.8,-2.0224,-872.5,1011.4,-2.0658,371.4,148.4,-0.0000,442.7,25.2,-0.1734,-215.9,387.3,0,0.0,0.0,0.0000,14.82,-3.49,-16.37,-1.80
7.8430,7.7889,54.0,0,-872.4,1036.8,-2.0224,-872.5,1011.4,-2.0658,371.4,148.4,-0.0000,453.5,24.6,-0.1734,-220.0,397.3,0,0.0,0.0,0.0000,14.20,-4.16,-17.42,-0.07
7.8508,7.7889,61.8,0,-872.4,1036.8,-2.0224,-872.5,1011.4,-2.0658,371.4,148.4,-0.0000,463.0,22.7,-0.1734,-222.4,406.7,0,0.0,0.0,0.0000,14.17,-5.07,-18.25,1.25
7.8585,7.7889,69.6,0,-872.4,1036.8,-2.0224,-872.5,1011.4,-2.0658,371.4,148.4,-0.0000,472.5,20.6,-0.1734,-224.8,416.2,0,0.0,0.0,0.0000,13.21,-5.30,-13.52,1.24
7.8668,7.7889,77.9,0,-872.4,1036.8,-2.0224,-872.5,1011.4,-2.0658,371.4,148.4,-0.0000,482.9,19.5,-0.1734,-228.3,425.9,0,0.0,0.0,0.0000,14.11,-4.38,-12.63,0.71
7.8742,7.7889,85.2,0,-872.4,1036.8,-2.0224,-872.5,1011.4,-2.0658,371.4,148.4,-0.0000,492.0,18.4,-0.1734,-231.3,434.7,0,0.0,0.0,0.0000,14.37,-3.95,-14.86,1.29
7.8824,7.7889,93.4,0,-872.4,1036.8,-2.0224,-872.5,1011.4,-2.0658,371.4,148.4,-0.0000,499.7,16.5,-0.1734,-232.9,442.4,0,0.0,0.0,0.0000,14.14,-4.44,-16.62,1.09
7.8913,7.8912,0.1,0,-820.9,1047.7,-2.0478,-833.6,1024.0,-2.0658,387.8,96.9,0.0000,482.4,12.3,-0.0718,-232.4,422.9,0,0.0,0.0,0.0000,14.05,-5.14,-16.64,1.20
7.8980,7.8912,6.8,0,-820.9,1047.7,-2.0478,-833.6,1024.0,-2.0658,387.8,96.9,0.0000,469.4,8.7,-0.0718,-223.3,413.0,0,0.0,0.0,0.0000,14.45,-4.67,-16.26,1.01
7.9070,7.8912,15.8,0,-820.9,1047.7,-2.0478,-833.6,1024.0,-2.0658,387.8,96.9,0.0000,452.4,3.0,-0.0718,-210.4,400.5,0,0.0,0.0,0.0000,14.44,-4.82,-16.39,0.79
7.9151,7.8912,23.9,0,-820.9,1047.7,-2.0478,-833.6,1024.0,-2.0658,387.8,96.9,0.0000,437.5,-3.3,-0.0718,-198.0,390.2,0,0.0,0.0,0.0000,14.63,-5.21,-16.42,1.57
7.9228,7.8912,31.6,0,-820.9,1047.7,-2.0478,-833.6,1024.0,-2.0658,387.8,96.9,0.0000,424.3,-11.1,-0.0718,-184.9,382.0,0,0.0,0.0,0.0000,13.49,-5.17,-16.58,1.14
7.9308,7.8912,39.6,0,-820.9,1047.7,-2.0478,-833.6,1024.0,-2.0658,387.8,96.9,0.0000,413.1,-22.6,-0.0718,-169.5,377.4,0,0.0,0.0,0.0000,13.27,-4.88,-15.98,0.52
7.9381,7.8912,46.9,0,-820.9,1047.7,-2.0478,-833.6,1024.0,-2.0658,387.8,96.9,0.0000,415.8,-30.9,-0.0718,-163.5,383.5,0,0.0,0.0,0.0000,13.56,-4.87,-16.73,0.41
7.9461,7.8912,54.9,0,-820.9,1047.7,-2.0478,-833.6,1024.0,-2.0658,387.8,96.9,0.0000,425.6,-33.3,-0.0718,-165.8,393.3,0,0.0,0.0,0.0000,13.67,-2.76,-15.42,1.61
7.9541,7.8912,62.9,0,-820.9,1047.7,-2.0478,-833.6,1024.0,-2.0658,387.8,96.9,0.0000,435.4,-35.6,-0.0718,-168.3,403.2,0,0.0,0.0,0.0000,12.78,-1.41,-15.99,2.54
7.9623,7.8912,71.1,0,-820.9,1047.7,-2.0478,-833.6,1024.0,-2.0658,387.8,96.9,0.0000,445.1,-38.9,-0.0718,-169.8,413.2,0,0.0,0.0,0.0000,14.86,-3.49,-14.94,2.74
7.9708,7.8912,79.7,0,-820.9,1047.7,-2.0478,-833.6,1024.0,-2.0658,387.8,96.9,0.0000,455.1,-42.4,-0.0718,-171.3,423.8,0,0.0,0.0,0.0000,14.14,-5.05,-14.94,3.60
7.9791,7.8912,88.0,0,-820.9,1047.7,-2.0478,-833.6,1024.0,-2.0658,387.8,96.9,0.0000,465.2,-45.5,-0.0718,-173.2,434.2,0,0.0,0.0,0.0000,14.54,-6.09,-15.05,3.81
7.9867,7.8912,95.5,0,-820.9,1047.7,-2.0478,-833.6,1024.0,-2.0658,387.8,96.9,0.0000,474.3,-48.6,-0.0718,-174.6,443.7,0,0.0,0.0,0.0000,12.80,-6.37,-15.12,4.01
7.9941,7.9940,0.1,0,-769.0,1050.0,-2.0612,-793.2,1031.3,-2.0658,397.8,43.6,-0.0000,459.6,-49.5,-0.0185,-172.7,428.8,0,0.0,0.0,0.0000,13.94,-6.22,-14.95,3.93
8.0024,7.9940,8.4,0,-769.0,1050.0,-2.0612,-793.2,1031.3,-2.0658,397.8,43.6,-0.0000,443.1,-51.1,-0.0185,-163.6,414.9,0,0.0,0.0,0.0000,13.84,-6.18,-15.26,4.12
8.0107,7.9940,16.7,0,-769.0,1050.0,-2.0612,-793.2,1031.3,-2.0658,397.8,43.6,-0.0000,426.7,-53.4,-0.0185,-153.8,401.5,0,0.0,0.0,0.0000,13.81,-6.85,-14.91,4.17
8.0182,7.9940,24.3,0,-769.0,1050.0,-2.0612,-793.2,1031.3,-2.0658,397.8,43.6,-0.0000,411.8,-56.4,-0.0185,-144.2,389.8,0,0.0,0.0,0.0000,13.22,-7.32,-14.60,3.60
8.0261,7.9940,32.2,0,-769.0,1050.0,-2.0612,-793.2,1031.3,-2.0658,397.8,43.6,-0.0000,396.8,-61.4,-0.0185,-132.7,378.9,0,0.0,0.0,0.0000,12.95,-7.84,-15.03,4.28
8.0348,7.9940,40.8,0,-769.0,1050.0,-2.0612,-793.2,1031.3,-2.0658,397.8,43.6,-0.0000,382.9,-71.6,-0.0185,-117.2,371.5,0,0.0,0.0,0.0000,12.57,-8.14,-14.29,5.48
8.0431,7.9940,49.1,0,-769.0,1050.0,-2.0612,-793.2,1031.3,-2.0658,397.8,43.6,-0.0000,385.4,-80.2,-0.0185,-110.8,377.8,0,0.0,0.0,0.0000,13.27,-7.42,-15.21,5.13
8.0507,7.9940,56.7,0,-769.0,1050.0,-2.0612,-793.2,1031.3,-2.0658,397.8,43.6,-0.0000,394.1,-83.8,-0.0185,-111.7,387.1,0,0.0,0.0,0.0000,12.24,-6.99,-14.86,4.92
8.0592,7.9940,65.2,0,-769.0,1050.0,-2.0612,-793.2,1031.3,-2.0658,397.8,43.6,-0.0000,404.1,-87.4,-0.0185,-113.2,397.6,0,0.0,0.0,0.0000,13.08,-8.09,-14.99,4.66
8.0667,7.9940,72.8,0,-769.0,1050.0,-2.0612,-793.2,1031.3,-2.0658,397.8,43.6,-0.0000,413.0,-90.6,-0.0185,-114.6,407.0,0,0.0,0.0,0.0000,12.19,-7.69,-14.32,5.46
8.0748,7.9940,80.8,0,-769.0,1050.0,-2.0612,-793.2,1031.3,-2.0658,397.8,43.6,-0.0000,421.8,-95.3,-0.0185,-114.5,417.0,0,0.0,0.0,0.0000,12.27,-7.97,-13.89,5.25
8.0822,7.9940,88.2,0,-769.0,1050.0,-2.0612,-793.2,1031.3,-2.0658,397.8,43.6,-0.0000,430.0,-99.8,-0.0185,-114.5,426.3,0,0.0,0.0,0.0000,12.35,-7.45,-14.14,6.35
8.0901,7.9940,96.2,0,-769.0,1050.0,-2.0612,-793.2,1031.3,-2.0658,397.8,43.6,-0.0000,439.0,-104.1,-0.0185,-114.9,436.3,0,0.0,0.0,0.0000,11.82,-7.72,-13.73,6.83
8.0985,8.0951,3.3,0,-724.6,1043.8,-2.0503,-752.8,1032.9,-2.0658,399.9,-10.1,0.0000,422.4,-102.3,-0.0620,-104.1,422.0,0,0.0,0.0,0.0000,12.07,-8.38,-14.28,6.25
8.1065,8.0951,11.3,0,-724.6,1043.8,-2.0503,-752.8,1032.9,-2.0658,399.9,-10.1,0.0000,406.5,-101.1,-0.0620,-97.8,407.3,0,0.0,0.0,0.0000,13.01,-8.93,-13.07,5.47
8.1151,8.0951,19.9,0,-724.6,1043.8,-2.0503,-752.8,1032.9,-2.0658,399.9,-10.1,0.0000,389.3,-100.7,-0.0620,-90.2,391.8,0,0.0,0.0,0.0000,12.22,-8.63,-13.50,5.76
8.1222,8.0951,27.1,0,-724.6,1043.8,-2.0503,-752.8,1032.9,-2.0658,399.9,-10.1,0.0000,375.0,-101.6,-0.0620,-82.8,379.6,0,0.0,0.0,0.0000,12.13,-8.35,-12.89,6.06
8.1307,8.0951,35.6,0,-724.6,1043.8,-2.0503,-752.8,1032.9,-2.0658,399.9,-10.1,0.0000,358.7,-106.6,-0.0620,-70.9,367.5,0,0.0,0.0,0.0000,11.82,-8.91,-12.66,6.13
8.1389,8.0951,43.8,0,-724.6,1043.8,-2.0503,-752.8,1032.9,-2.0658,399.9,-10.1,0.0000,360.0,-114.3,-0.0620,-64.7,372.2,0,0.0,0.0,0.0000,12.68,-9.18,-13.35,5.59
8.1467,8.0951,51.5,0,-724.6,1043.8,-2.0503,-752.8,1032.9,-2.0658,399.9,-10.1,0.0000,368.3,-119.6,-0.0620,-63.8,381.9,0,0.0,0.0,0.0000,11.38,-8.57,-12.73,5.85
8.1552,8.0951,60.0,0,-724.6,1043.8,-2.0503,-752.8,1032.9,-2.0658,399.9,-10.1,0.0000,377.7,-124.6,-0.0620,-63.7,392.6,0,0.0,0.0,0.0000,11.37,-9.07,-13.04,6.10
8.1626,8.0951,67.5,0,-724.6,1043.8,-2.0503,-752.8,1032.9,-2.0658,399.9,-10.1,0.0000,386.1,-129.1,-0.0620,-63.6,402.1,0,0.0,0.0,0.0000,11.18,-8.89,-13.06,6.38
8.1708,8.0951,75.6,0,-724.6,1043.8,-2.0503,-752.8,1032.9,-2.0658,399.9,-10.1,0.0000,394.5,-134.7,-0.0620,-62.4,412.1,0,0.0,0.0,0.0000,9.68,-9.00,-12.43,6.96
8.1783,8.0951,83.2,0,-724.6,1043.8,-2.0503,-752.8,1032.9,-2.0658,399.9,-10.1,0.0000,402.1,-140.1,-0.0620,-61.2,421.4,0,0.0,0.0,0.0000,10.64,-8.21,-12.11,6.64
8.1868,8.0951,91.6,0,-724.6,1043.8,-2.0503,-752.8,1032.9,-2.0658,399.9,-10.1,0.0000,411.2,-145.5,-0.0620,-60.6,432.0,0,0.0,0.0,0.0000,11.31,-8.47,-12.58,6.38
8.1944,8.0951,99.2,0,-724.6,1043.8,-2.0503,-752.8,1032.9,-2.0658,399.9,-10.1,0.0000,419.5,-150.2,-0.0620,-60.3,441.4,0,0.0,0.0,0.0000,10.84,-8.91,-12.06,6.30
8.2024,8.1988,3.6,0,-674.4,1031.8,-2.0461,-711.5,1029.0,-2.0658,394.9,-65.4,-0.0000,403.8,-146.9,-0.0789,-54.1,426.2,0,0.0,0.0,0.0000,9.84,-9.18,-12.41,6.68
8.2104,8.1988,11.6,0,-674.4,1031.8,-2.0461,-711.5,1029.0,-2.0658,394.9,-65.4,-0.0000,388.0,-144.3,-0.0789,-49.3,411.0,0,0.0,0.0,0.0000,8.99,-9.43,-12.09,7.22
8.2185,8.1988,19.7,0,-674.4,1031.8,-2.0461,-711.5,1029.0,-2.0658,394.9,-65.4,-0.0000,371.9,-142.3,-0.0789,-43.6,395.8,0,0.0,0.0,0.0000,8.77,-9.09,-12.13,6.30
8.2272,8.1988,28.5,0,-674.4,1031.8,-2.0461,-711.5,1029.0,-2.0658,394.9,-65.4,-0.0000,354.5,-141.5,-0.0789,-36.4,380.0,0,0.0,0.0,0.0000,9.22,-9.43,-11.96,6.58
8.2341,8.1988,35.3,0,-674.4,1031.8,-2.0461,-711.5,1029.0,-2.0658,394.9,-65.4,-0.0000,340.8,-142.4,-0.0789,-29.3,368.1,0,0.0,0.0,0.0000,8.64,-9.04,-12.14,6.63
8.2424,8.1988,43.7,0,-674.4,1031.8,-2.0461,-711.5,1029.0,-2.0658,394.9,-65.4,-0.0000,325.0,-147.8,-0.0789,-17.3,356.6,0,0.0,0.0,0.0000,9.43,-9.20,-12.11,6.84
8.2501,8.1988,51.4,0,-674.4,1031.8,-2.0461,-711.5,1029.0,-2.0658,394.9,-65.4,-0.0000,325.4,-156.4,-0.0789,-9.8,360.9,0,0.0,0.0,0.0000,9.47,-10.14,-11.30,7.52
8.2585,8.1988,59.8,0,-674.4,1031.8,-2.0461,-711.5,1029.0,-2.0658,394.9,-65.4,-0.0000,333.6,-163.2,-0.0789,-7.5,371.3,0,0.0,0.0,0.0000,8.70,-9.54,-10.65,7.43
8.2668,8.1988,68.1,0,-674.4,1031.8,-2.0461,-711.5,1029.0,-2.0658,394.9,-65.4,-0.0000,341.3,-169.8,-0.0789,-5.2,381.2,0,0.0,0.0,0.0000,7.95,-9.88,-10.93,6.74
8.2741,8.1988,75.4,0,-674.4,1031.8,-2.0461,-711.5,1029.0,-2.0658,394.9,-65.4,-0.0000,347.9,-175.8,-0.0789,-2.9,389.8,0,0.0,0.0,0.0000,7.88,-8.88,-11.25,6.48
8.2828,8.1988,84.0,0,-674.4,1031.8,-2.0461,-711.5,1029.0,-2.0658,394.9,-65.4,-0.0000,357.0,-182.5,-0.0789,-1.0,401.0,0,0.0,0.0,0.0000,7.32,-9.34,-11.04,6.25
8.2904,8.1988,91.6,0,-674.4,1031.8,-2.0461,-711.5,1029.0,-2.0658,394.9,-65.4,-0.0000,365.2,-188.6,-0.0789,0.6,411.0,0,0.0,0.0,0.0000,4.17,-10.30,-10.95,7.33
8.2985,8.1988,99.7,0,-674.4,1031.8,-2.0461,-711.5,1029.0,-2.0658,394.9,-65.4,-0.0000,372.3,-195.3,-0.0789,3.4,420.4,0,0.0,0.0,0.0000,4.37,-9.87,-10.12,7.63
8.3066,8.3020,4.6,0,-632.0,1015.9,-2.0327,-671.4,1019.4,-2.0658,381.7,-119.4,-0.0000,356.9,-190.1,-0.1323,11.1,404.2,0,0.0,0.0,0.0000,5.74,-9.26,-9.54,8.04
8.3146,8.3020,12.5,0,-632.0,1015.9,-2.0327,-671.4,1019.4,-2.0658,381.7,-119.4,-0.0000,341.5,-185.6,-0.1323,13.9,388.5,0,0.0,0.0,0.0000,7.39,-9.34,-9.72,8.25
8.3225,8.3020,20.4,0,-632.0,1015.9,-2.0327,-671.4,1019.4,-2.0658,381.7,-119.4,-0.0000,326.2,-182.2,-0.1323,17.8,373.2,0,0.0,0.0,0.0000,7.80,-9.41,-9.30,7.48
8.3302,8.3020,28.1,0,-632.0,1015.9,-2.0327,-671.4,1019.4,-2.0658,381.7,-119.4,-0.0000,310.9,-180.3,-0.1323,22.8,358.6,0,0.0,0.0,0.0000,7.38,-9.22,-6.56,7.54
8.3388,8.3020,36.8,0,-632.0,1015.9,-2.0327,-671.4,1019.4,-2.0658,381.7,-119.4,-0.0000,293.6,-181.9,-0.1323,32.0,343.9,0,0.0,0.0,0.0000,7.14,-8.80,-6.69,8.03
8.3472,8.3020,45.1,0,-632.0,1015.9,-2.0327,-671.4,1019.4,-2.0658,381.7,-119.4,-0.0000,288.9,-190.3,-0.1323,41.6,343.4,0,0.0,0.0,0.0000,7.51,-9.26,-7.55,8.21
8.3552,8.3020,53.1,0,-632.0,1015.9,-2.0327,-671.4,1019.4,-2.0658,381.7,-119.4,-0.0000,295.9,-197.3,-0.1323,44.7,352.8,0,0.0,0.0,0.0000,7.07,-9.59,-8.22,8.97
8.3624,8.3020,60.4,0,-632.0,1015.9,-2.0327,-671.4,1019.4,-2.0658,381.7,-119.4,-0.0000,302.1,-204.0,-0.1323,48.0,361.3,0,0.0,0.0,0.0000,6.73,-9.68,-8.85,8.17
8.3710,8.3020,68.9,0,-632.0,1015.9,-2.0327,-671.4,1019.4,-2.0658,381.7,-119.4,-0.0000,309.4,-212.1,-0.1323,51.9,371.5,0,0.0,0.0,0.0000,6.54,-10.16,-8.60,7.91
8.3781,8.3020,76.1,0,-632.0,1015.9,-2.0327,-671.4,1019.4,-2.0658,381.7,-119.4,-0.0000,315.2,-218.7,-0.1323,55.3,379.6,0,0.0,0.0,0.0000,5.39,-9.85,-8.60,7.99
8.3868,8.3020,84.7,0,-632.0,1015.9,-2.0327,-671.4,1019.4,-2.0658,381.7,-119.4,-0.0000,322.0,-226.8,-0.1323,59.5,389.4,0,0.0,0.0,0.0000,5.16,-9.63,-8.56,8.43
8.3947,8.3020,92.7,0,-632.0,1015.9,-2.0327,-671.4,1019.4,-2.0658,381.7,-119.4,-0.0000,328.9,-234.2,-0.1323,63.1,398.8,0,0.0,0.0,0.0000,5.04,-9.85,-8.78,8.93
8.4022,8.3020,100.1,0,-632.0,1015.9,-2.0327,-671.4,1019.4,-2.0658,381.7,-119.4,-0.0000,335.4,-241.4,-0.1323,66.6,407.8,0,0.0,0.0,0.0000,5.00,-9.66,-8.21,7.84
8.4110,8.4031,8.0,0,-598.6,997.2,-2.0270,-633.7,1004.9,-2.0658,362.1,-169.6,0.0000,319.6,-233.3,-0.1550,68.6,389.7,0,0.0,0.0,0.0000,4.28,-9.24,-8.13,8.20
8.4184,8.4031,15.3,0,-598.6,997.2,-2.0270,-633.7,1004.9,-2.0658,362.1,-169.6,0.0000,306.3,-227.2,-0.1550,69.0,375.1,0,0.0,0.0,0.0000,3.46,-9.68,-7.52,8.29
8.4268,8.4031,23.7,0,-598.6,997.2,-2.0270,-633.7,1004.9,-2.0658,362.1,-169.6,0.0000,290.4,-221.7,-0.1550,71.1,358.4,0,0.0,0.0,0.0000,4.54,-10.06,-7.46,8.66
8.4341,8.4031,31.1,0,-598.6,997.2,-2.0270,-633.7,1004.9,-2.0658,362.1,-169.6,0.0000,275.9,-219.5,-0.1550,75.5,344.3,0,0.0,0.0,0.0000,4.92,-10.62,-7.10,8.71
8.4425,8.4031,39.4,0,-598.6,997.2,-2.0270,-633.7,1004.9,-2.0658,362.1,-169.6,0.0000,266.4,-225.6,-0.1550,85.1,338.5,0,0.0,0.0,0.0000,4.63,-10.10,-8.05,8.79
8.4510,8.4031,47.9,0,-598.6,997.2,-2.0270,-633.7,1004.9,-2.0658,362.1,-169.6,0.0000,273.0,-234.6,-0.1550,90.3,348.4,0,0.0,0.0,0.0000,5.18,-10.26,-8.09,7.96
8.4591,8.4031,56.0,0,-598.6,997.2,-2.0270,-633.7,1004.9,-2.0658,362.1,-169.6,0.0000,278.8,-241.9,-0.1550,94.3,356.8,0,0.0,0.0,0.0000,4.69,-10.65,-7.68,8.22
8.4665,8.4031,63.4,0,-598.6,997.2,-2.0270,-633.7,1004.9,-2.0658,362.1,-169.6,0.0000,284.0,-248.7,-0.1550,98.2,364.6,0,0.0,0.0,0.0000,4.13,-9.75,-7.19,8.72
8.4749,8.4031,71.8,0,-598.6,997.2,-2.0270,-633.7,1004.9,-2.0658,362.1,-169.6,0.0000,290.3,-257.8,-0.1550,103.6,374.2,0,0.0,0.0,0.0000,4.30,-9.88,-7.57,8.35
8.4822,8.4031,79.2,0,-598.6,997.2,-2.0270,-633.7,1004.9,-2.0658,362.1,-169.6,0.0000,295.9,-265.9,-0.1550,108.3,382.7,0,0.0,0.0,0.0000,4.31,-9.88,-7.50,8.63
8.4907,8.4031,87.6,0,-598.6,997.2,-2.0270,-633.7,1004.9,-2.0658,362.1,-169.6,0.0000,301.4,-274.7,-0.1550,113.8,391.5,0,0.0,0.0,0.0000,3.79,-10.29,-7.22,9.06
8.4982,8.4031,95.1,0,-598.6,997.2,-2.0270,-633.7,1004.9,-2.0658,362.1,-169.6,0.0000,306.1,-282.7,-0.1550,118.9,399.4,0,0.0,0.0,0.0000,3.55,-10.52,-7.08,8.83
8.5071,8.5058,1.3,0,-565.3,976.4,-2.0242,-597.8,985.0,-2.0658,336.2,-216.5,-0.0000,290.7,-273.9,-0.1661,118.9,381.3,0,0.0,0.0,0.0000,2.86,-10.54,-6.73,9.43
8.5145,8.5058,8.7,0,-565.3,976.4,-2.0242,-597.8,985.0,-2.0658,336.2,-216.5,-0.0000,277.4,-267.2,-0.1661,118.7,366.4,0,0.0,0.0,0.0000,3.86,-10.10,-6.54,8.76
8.5223,8.5058,16.5,0,-565.3,976.4,-2.0242,-597.8,985.0,-2.0658,336.2,-216.5,-0.0000,262.9,-261.5,-0.1661,120.0,350.9,0,0.0,0.0,0.0000,3.90,-12.79,-6.05,8.72
8.5311,8.5058,25.2,0,-565.3,976.4,-2.0242,-597.8,985.0,-2.0658,336.2,-216.5,-0.0000,245.7,-258.3,-0.1661,124.6,334.0,0,0.0,0.0,0.0000,3.35,-10.18,-6.50,8.74
8.5387,8.5058,32.9,0,-565.3,976.4,-2.0242,-597.8,985.0,-2.0658,336.2,-216.5,-0.0000,233.0,-263.6,-0.1661,134.9,324.9,0,0.0,0.0,0.0000,3.30,-10.70,-6.87,8.95
8.5463,8.5058,40.5,0,-565.3,976.4,-2.0242,-597.8,985.0,-2.0658,336.2,-216.5,-0.0000,237.2,-272.0,-0.1661,140.6,332.4,0,0.0,0.0,0.0000,3.31,-11.10,-5.75,10.24
8.5550,8.5058,49.2,0,-565.3,976.4,-2.0242,-597.8,985.0,-2.0658,336.2,-216.5,-0.0000,242.7,-281.5,-0.1661,146.8,341.5,0,0.0,0.0,0.0000,3.67,-11.00,-5.92,10.35
8.5627,8.5058,56.9,0,-565.3,976.4,-2.0242,-597.8,985.0,-2.0658,336.2,-216.5,-0.0000,247.5,-290.2,-0.1661,152.4,349.6,0,0.0,0.0,0.0000,4.14,-10.36,-5.35,9.62
8.5712,8.5058,65.4,0,-565.3,976.4,-2.0242,-597.8,985.0,-2.0658,336.2,-216.5,-0.0000,252.3,-299.5,-0.1661,158.7,358.1,0,0.0,0.0,0.0000,2.72,-10.21,-5.19,10.06
8.5790,8.5058,73.2,0,-565.3,976.4,-2.0242,-597.8,985.0,-2.0658,336.2,-216.5,-0.0000,256.6,-308.2,-0.1661,164.7,365.7,0,0.0,0.0,0.0000,2.92,-11.11,-4.96,10.06
8.5866,8.5058,80.8,0,-565.3,976.4,-2.0242,-597.8,985.0,-2.0658,336.2,-216.5,-0.0000,261.4,-316.7,-0.1661,170.2,373.7,0,0.0,0.0,0.0000,2.14,-11.13,-5.72,9.76
8.5942,8.5058,88.4,0,-565.3,976.4,-2.0242,-597.8,985.0,-2.0658,336.2,-216.5,-0.0000,266.3,-325.0,-0.1661,175.5,381.8,0,0.0,0.0,0.0000,2.73,-11.32,-5.26,10.52
8.6022,8.5058,96.4,0,-565.3,976.4,-2.0242,-597.8,985.0,-2.0658,336.2,-216.5,-0.0000,269.7,-334.4,-0.1661,182.5,388.9,0,0.0,0.0,0.0000,2.26,-11.45,-4.92,10.09
8.6102,8.6078,2.5,0,-534.3,949.7,-2.0084,-565.2,960.6,-2.0658,303.6,-260.7,0.0000,256.9,-324.5,-0.2294,185.0,370.2,0,0.0,0.0,0.0000,1.45,-11.04,-4.96,10.49
8.6189,8.6078,11.1,0,-534.3,949.7,-2.0084,-565.2,960.6,-2.0658,303.6,-260.7,0.0000,242.8,-314.5,-0.2294,182.0,353.2,0,0.0,0.0,0.0000,1.87,-12.04,-4.88,10.90
8.6261,8.6078,18.3,0,-534.3,949.7,-2.0084,-565.2,960.6,-2.0658,303.6,-260.7,0.0000,230.6,-306.9,-0.2294,180.3,338.9,0,0.0,0.0,0.0000,1.35,-11.51,-5.13,10.78
8.6345,8.6078,26.8,0,-534.3,949.7,-2.0084,-565.2,960.6,-2.0658,303.6,-260.7,0.0000,215.1,-300.4,-0.2294,181.0,322.1,0,0.0,0.0,0.0000,1.02,-9.39,-4.71,10.22
8.6428,8.6078,35.0,0,-534.3,949.7,-2.0084,-565.2,960.6,-2.0658,303.6,-260.7,0.0000,198.5,-300.6,-0.2294,188.1,307.2,0,0.0,0.0,0.0000,0.84,-6.51,-4.94,10.57
8.6503,8.6078,42.6,0,-534.3,949.7,-2.0084,-565.2,960.6,-2.0658,303.6,-260.7,0.0000,200.1,-310.0,-0.2294,196.0,312.7,0,0.0,0.0,0.0000,0.61,-9.41,-4.71,10.84
8.6591,8.6078,51.3,0,-534.3,949.7,-2.0084,-565.2,960.6,-2.0658,303.6,-260.7,0.0000,204.3,-321.2,-0.2294,204.3,321.2,0,0.0,0.0,0.0000,0.63,-11.08,-4.63,11.74
8.6665,8.6078,58.8,0,-534.3,949.7,-2.0084,-565.2,960.6,-2.0658,303.6,-260.7,0.0000,207.1,-329.4,-0.2294,210.6,327.2,0,0.0,0.0,0.0000,-0.03,-12.15,-4.25,10.89
8.6741,8.6078,66.4,0,-534.3,949.7,-2.0084,-565.2,960.6,-2.0658,303.6,-260.7,0.0000,209.7,-337.9,-0.2294,217.2,333.1,0,0.0,0.0,0.0000,-0.70,-12.86,-4.30,10.79
8.6827,8.6078,75.0,0,-534.3,949.7,-2.0084,-565.2,960.6,-2.0658,303.6,-260.7,0.0000,213.9,-348.3,-0.2294,224.8,341.4,0,0.0,0.0,0.0000,-0.02,-12.58,-3.85,10.71
8.6903,8.6078,82.6,0,-534.3,949.7,-2.0084,-565.2,960.6,-2.0658,303.6,-260.7,0.0000,217.7,-357.6,-0.2294,231.7,348.7,0,0.0,0.0,0.0000,-0.17,-13.16,-3.76,11.43
8.6989,8.6078,91.2,0,-534.3,949.7,-2.0084,-565.2,960.6,-2.0658,303.6,-260.7,0.0000,220.5,-367.6,-0.2294,239.5,355.5,0,0.0,0.0,0.0000,-1.62,-12.52,-3.69,11.05
8.7061,8.6078,98.3,0,-534.3,949.7,-2.0084,-565.2,960.6,-2.0658,303.6,-260.7,0.0000,222.9,-375.9,-0.2294,246.0,361.2,0,0.0,0.0,0.0000,-0.81,-12.88,-3.72,11.45
8.7151,8.7097,5.4,0,-508.1,921.1,-2.0060,-536.1,932.0,-2.0658,266.0,-299.2,0.0000,210.1,-363.2,-0.2389,240.7,343.6,0,0.0,0.0,0.0000,-1.01,-13.31,-3.90,11.85
8.7226,8.7097,12.8,0,-508.1,921.1,-2.0060,-536.1,932.0,-2.0658,266.0,-299.2,0.0000,198.9,-353.4,-0.2389,236.6,329.4,0,0.0,0.0,0.0000,-1.05,-13.77,-3.77,11.92
8.7301,8.7097,20.4,0,-508.1,921.1,-2.0060,-536.1,932.0,-2.0658,266.0,-299.2,0.0000,186.7,-344.5,-0.2389,233.7,314.5,0,0.0,0.0,0.0000,-0.89,-13.74,-3.05,12.25
8.7389,8.7097,29.2,0,-508.1,921.1,-2.0060,-536.1,932.0,-2.0658,266.0,-299.2,0.0000,170.7,-337.3,-0.2389,233.9,297.0,0,0.0,0.0,0.0000,-1.05,-14.46,-3.36,12.94
8.7465,8.7097,36.8,0,-508.1,921.1,-2.0060,-536.1,932.0,-2.0658,266.0,-299.2,0.0000,158.0,-339.5,-0.2389,241.2,286.4,0,0.0,0.0,0.0000,-1.31,-14.98,-3.71,8.50
8.7551,8.7097,45.4,0,-508.1,921.1,-2.0060,-536.1,932.0,-2.0658,266.0,-299.2,0.0000,160.6,-349.6,-0.2389,249.3,293.0,0,0.0,0.0,0.0000,-1.31,-14.15,-3.94,9.83
8.7632,8.7097,53.4,0,-508.1,921.1,-2.0060,-536.1,932.0,-2.0658,266.0,-299.2,0.0000,162.7,-359.6,-0.2389,257.5,299.2,0,0.0,0.0,0.0000,-1.78,-15.08,-3.12,11.45
8.7703,8.7097,60.6,0,-508.1,921.1,-2.0060,-536.1,932.0,-2.0658,266.0,-299.2,0.0000,164.7,-368.5,-0.2389,264.7,304.7,0,0.0,0.0,0.0000,-2.53,-15.25,-2.09,12.06
8.7781,8.7097,68.4,0,-508.1,921.1,-2.0060,-536.1,932.0,-2.0658,266.0,-299.2,0.0000,166.4,-378.1,-0.2389,272.7,310.3,0,0.0,0.0,0.0000,-2.26,-15.26,-2.57,13.22
8.7862,8.7097,76.5,0,-508.1,921.1,-2.0060,-536.1,932.0,-2.0658,266.0,-299.2,0.0000,167.9,-388.0,-0.2389,281.0,315.8,0,0.0,0.0,0.0000,-2.31,-15.37,-3.28,13.14
8.7944,8.7097,84.7,0,-508.1,921.1,-2.0060,-536.1,932.0,-2.0658,266.0,-299.2,0.0000,170.1,-398.5,-0.2389,289.6,322.3,0,0.0,0.0,0.0000,-2.47,-15.64,-3.34,12.72
8.8021,8.7097,92.4,0,-508.1,921.1,-2.0060,-536.1,932.0,-2.0658,266.0,-299.2,0.0000,172.2,-408.8,-0.2389,298.1,328.5,0,0.0,0.0,0.0000,-2.75,-15.71,-2.64,12.79
8.8112,8.7097,101.5,0,-508.1,921.1,-2.0060,-536.1,932.0,-2.0658,266.0,-299.2,0.0000,174.2,-419.0,-0.2389,306.5,334.7,0,0.0,0.0,0.0000,-2.85,-15.04,-2.60,12.49
8.8181,8.8117,6.4,0,-487.0,883.5,-2.0516,-511.2,899.7,-2.0658,222.0,-332.9,-0.0000,167.3,-407.1,-0.0567,283.6,336.6,0,0.0,0.0,0.0000,-3.13,-15.45,-2.41,12.59
8.8271,8.8117,15.4,0,-487.0,883.5,-2.0516,-511.2,899.7,-2.0658,222.0,-332.9,-0.0000,157.2,-392.1,-0.0567,274.9,320.7,0,0.0,0.0,0.0000,-3.16,-15.25,-2.29,12.56
8.8349,8.8117,23.1,0,-487.0,883.5,-2.0516,-511.2,899.7,-2.0658,222.0,-332.9,-0.0000,147.6,-379.9,-0.0567,268.6,306.6,0,0.0,0.0,0.0000,-3.87,-15.26,-1.79,13.56
8.8425,8.8117,30.8,0,-487.0,883.5,-2.0516,-511.2,899.7,-2.0658,222.0,-332.9,-0.0000,137.1,-368.9,-0.0567,263.7,292.1,0,0.0,0.0,0.0000,-4.23,-15.32,-1.79,14.69
8.8501,8.8117,38.4,0,-487.0,883.5,-2.0516,-511.2,899.7,-2.0658,222.0,-332.9,-0.0000,124.4,-360.5,-0.0567,262.1,277.0,0,0.0,0.0,0.0000,-3.62,-16.01,-1.51,13.72
8.8582,8.8117,46.5,0,-487.0,883.5,-2.0516,-511.2,899.7,-2.0658,222.0,-332.9,-0.0000,117.6,-365.1,-0.0567,269.3,273.1,0,0.0,0.0,0.0000,-3.36,-16.00,-1.39,13.79
8.8670,8.8117,55.3,0,-487.0,883.5,-2.0516,-511.2,899.7,-2.0658,222.0,-332.9,-0.0000,119.3,-376.2,-0.0567,278.4,279.7,0,0.0,0.0,0.0000,-3.65,-15.32,-1.28,14.23
8.8745,8.8117,62.8,0,-487.0,883.5,-2.0516,-511.2,899.7,-2.0658,222.0,-332.9,-0.0000,119.5,-385.1,-0.0567,286.2,284.1,0,0.0,0.0,0.0000,-2.76,-15.41,-1.42,14.16
8.8821,8.8117,70.4,0,-487.0,883.5,-2.0516,-511.2,899.7,-2.0658,222.0,-332.9,-0.0000,119.8,-394.1,-0.0567,294.0,288.5,0,0.0,0.0,0.0000,-2.29,-15.82,-1.35,13.81
8.8902,8.8117,78.5,0,-487.0,883.5,-2.0516,-511.2,899.7,-2.0658,222.0,-332.9,-0.0000,120.1,-404.7,-0.0567,303.3,293.6,0,0.0,0.0,0.0000,-2.78,-15.76,-0.07,15.00
8.8989,8.8117,87.2,0,-487.0,883.5,-2.0516,-511.2,899.7,-2.0658,222.0,-332.9,-0.0000,120.1,-416.3,-0.0567,313.5,299.0,0,0.0,0.0,0.0000,-3.05,-14.28,-0.23,16.31
8.9071,8.8117,95.4,0,-487.0,883.5,-2.0516,-511.2,899.7,-2.0658,222.0,-332.9,-0.0000,121.0,-426.5,-0.0567,322.2,304.5,0,0.0,0.0,0.0000,-2.71,-15.05,0.09,15.36
8.9148,8.9135,1.3,0,-467.5,839.3,-2.0653,-491.0,864.4,-2.0658,174.8,-359.7,0.0000,114.4,-412.6,-0.0017,308.9,296.5,0,0.0,0.0,0.0000,-2.26,-14.45,1.05,14.94
8.9222,8.9135,8.7,0,-467.5,839.3,-2.0653,-491.0,864.4,-2.0658,174.8,-359.7,0.0000,107.6,-399.4,-0.0017,300.5,284.3,0,0.0,0.0,0.0000,-2.51,-14.81,1.23,16.16
8.9309,8.9135,17.4,0,-467.5,839.3,-2.0653,-491.0,864.4,-2.0658,174.8,-359.7,0.0000,98.9,-384.3,-0.0017,291.3,269.4,0,0.0,0.0,0.0000,-2.62,-14.98,0.72,15.01
8.9383,8.9135,24.8,0,-467.5,839.3,-2.0653,-491.0,864.4,-2.0658,174.8,-359.7,0.0000,90.4,-372.1,-0.0017,284.6,256.2,0,0.0,0.0,0.0000,-2.97,-14.22,0.87,14.61
8.9470,8.9135,33.5,0,-467.5,839.3,-2.0653,-491.0,864.4,-2.0658,174.8,-359.7,0.0000,78.2,-359.7,-0.0017,279.5,239.6,0,0.0,0.0,0.0000,-3.09,-14.48,0.64,15.37
8.9546,8.9135,41.1,0,-467.5,839.3,-2.0653,-491.0,864.4,-2.0658,174.8,-359.7,0.0000,64.1,-354.3,-0.0017,281.4,224.6,0,0.0,0.0,0.0000,-3.15,-14.01,1.64,16.32
8.9622,8.9135,48.7,0,-467.5,839.3,-2.0653,-491.0,864.4,-2.0658,174.8,-359.7,0.0000,61.6,-363.8,-0.0017,291.0,226.9,0,0.0,0.0,0.0000,-3.08,-14.80,1.27,15.55
8.9707,8.9135,57.2,0,-467.5,839.3,-2.0653,-491.0,864.4,-2.0658,174.8,-359.7,0.0000,61.3,-373.9,-0.0017,300.0,231.4,0,0.0,0.0,0.0000,-3.06,-13.88,1.73,15.23
8.9783,8.9135,64.8,0,-467.5,839.3,-2.0653,-491.0,864.4,-2.0658,174.8,-359.7,0.0000,60.9,-382.9,-0.0017,308.2,235.3,0,0.0,0.0,0.0000,-2.68,-14.35,1.79,15.70
8.9868,8.9135,73.3,0,-467.5,839.3,-2.0653,-491.0,864.4,-2.0658,174.8,-359.7,0.0000,60.1,-393.6,-0.0017,317.9,239.7,0,0.0,0.0,0.0000,-3.02,-14.81,1.94,15.29
8.9944,8.9135,80.9,0,-467.5,839.3,-2.0653,-491.0,864.4,-2.0658,174.8,-359.7,0.0000,59.4,-403.0,-0.0017,326.5,243.5,0,0.0,0.0,0.0000,-2.88,-13.17,2.29,15.68
9.0024,8.9135,88.9,0,-467.5,839.3,-2.0653,-491.0,864.4,-2.0658,174.8,-359.7,0.0000,58.3,-413.4,-0.0017,336.2,247.5,0,0.0,0.0,0.0000,-3.05,-13.62,2.74,15.58
9.0111,8.9135,97.6,0,-467.5,839.3,-2.0653,-491.0,864.4,-2.0658,174.8,-359.7,0.0000,57.1,-424.9,-0.0017,346.9,251.9,0,0.0,0.0,0.0000,-2.41,-13.47,2.32,15.38
9.0185,9.0150,3.5,0,-453.9,800.2,-2.0279,-475.7,826.8,-2.0658,125.8,-379.9,0.0000,51.8,-411.0,-0.1516,346.0,227.9,0,0.0,0.0,0.0000,-2.94,-14.02,2.60,15.29
9.0269,9.0150,11.9,0,-453.9,800.2,-2.0279,-475.7,826.8,-2.0658,125.8,-379.9,0.0000,44.9,-395.7,-0.1516,335.2,214.9,0,0.0,0.0,0.0000,-3.07,-13.27,2.83,15.00
9.0349,9.0150,19.9,0,-453.9,800.2,-2.0279,-475.7,826.8,-2.0658,125.8,-379.9,0.0000,37.3,-381.7,-0.1516,326.0,201.9,0,0.0,0.0,0.0000,-3.50,-11.76,3.23,16.45
9.0423,9.0150,27.3,0,-453.9,800.2,-2.0279,-475.7,826.8,-2.0658,125.8,-379.9,0.0000,28.9,-369.6,-0.1516,318.9,189.0,0,0.0,0.0,0.0000,-2.99,-12.76,3.28,15.36
9.0508,9.0150,35.8,0,-453.9,800.2,-2.0279,-475.7,826.8,-2.0658,125.8,-379.9,0.0000,14.9,-359.8,-0.1516,316.3,172.1,0,0.0,0.0,0.0000,-2.97,-12.78,2.68,15.20
9.0581,9.0150,43.1,0,-453.9,800.2,-2.0279,-475.7,826.8,-2.0658,125.8,-379.9,0.0000,7.6,-365.2,-0.1516,324.3,168.0,0,0.0,0.0,0.0000,-2.59,-12.12,2.86,14.79
9.0665,9.0150,51.5,0,-453.9,800.2,-2.0279,-475.7,826.8,-2.0658,125.8,-379.9,0.0000,5.6,-375.8,-0.1516,334.7,170.9,0,0.0,0.0,0.0000,-4.02,-12.06,3.00,14.77
9.0750,9.0150,60.0,0,-453.9,800.2,-2.0279,-475.7,826.8,-2.0658,125.8,-379.9,0.0000,3.3,-386.7,-0.1516,345.6,173.7,0,0.0,0.0,0.0000,-4.05,-12.37,2.95,14.92
9.0822,9.0150,67.2,0,-453.9,800.2,-2.0279,-475.7,826.8,-2.0658,125.8,-379.9,0.0000,2.2,-395.2,-0.1516,353.7,176.3,0,0.0,0.0,0.0000,-3.82,-12.49,2.75,14.05
9.0906,9.0150,75.6,0,-453.9,800.2,-2.0279,-475.7,826.8,-2.0658,125.8,-379.9,0.0000,0.8,-405.0,-0.1516,363.1,179.4,0,0.0,0.0,0.0000,-4.67,-9.47,2.51,13.90
9.0989,9.0150,83.9,0,-453.9,800.2,-2.0279,-475.7,826.8,-2.0658,125.8,-379.9,0.0000,-1.6,-415.5,-0.1516,373.5,181.9,0,0.0,0.0,0.0000,-4.40,-7.35,2.23,13.31
9.1072,9.0150,92.2,0,-453.9,800.2,-2.0279,-475.7,826.8,-2.0658,125.8,-379.9,0.0000,-3.8,-425.8,-0.1516,383.8,184.5,0,0.0,0.0,0.0000,-4.88,-11.54,2.26,13.49
9.1142,9.0150,99.2,0,-453.9,800.2,-2.0279,-475.7,826.8,-2.0658,125.8,-379.9,0.0000,-6.7,-434.5,-0.1516,392.9,185.8,0,0.0,0.0,0.0000,-4.71,-11.12,2.61,13.33
9.1225,9.1201,2.3,0,-440.2,756.7,-1.9534,-465.4,786.1,-2.0658,71.0,-393.5,0.0000,-12.5,-419.1,-0.4493,393.4,144.9,0,0.0,0.0,0.0000,-4.66,-12.49,2.76,13.21
9.1310,9.1201,10.9,0,-440.2,756.7,-1.9534,-465.4,786.1,-2.0658,71.0,-393.5,0.0000,-19.3,-403.4,-0.4493,381.4,132.7,0,0.0,0.0,0.0000,-5.43,-13.25,2.48,12.47
9.1386,9.1201,18.5,0,-440.2,756.7,-1.9534,-465.4,786.1,-2.0658,71.0,-393.5,0.0000,-26.3,-389.9,-0.4493,371.5,121.1,0,0.0,0.0,0.0000,-6.00,-13.25,2.18,12.56
9.1470,9.1201,26.9,0,-440.2,756.7,-1.9534,-465.4,786.1,-2.0658,71.0,-393.5,0.0000,-35.9,-376.2,-0.4493,362.4,107.2,0,0.0,0.0,0.0000,-6.17,-12.86,2.78,12.72
9.1551,9.1201,35.0,0,-440.2,756.7,-1.9534,-465.4,786.1,-2.0658,71.0,-393.5,0.0000,-48.2,-365.5,-0.4493,357.1,91.8,0,0.0,0.0,0.0000,-5.75,-12.45,2.83,12.56
9.1622,9.1201,42.1,0,-440.2,756.7,-1.9534,-465.4,786.1,-2.0658,71.0,-393.5,0.0000,-62.1,-362.5,-0.4493,359.4,77.7,0,0.0,0.0,0.0000,-3.83,-13.39,2.88,11.77
9.1708,9.1201,50.7,0,-440.2,756.7,-1.9534,-465.4,786.1,-2.0658,71.0,-393.5,0.0000,-68.1,-371.7,-0.4493,370.3,75.6,0,0.0,0.0,0.0000,-2.94,-13.17,2.75,12.27
9.1789,9.1201,58.8,0,-440.2,756.7,-1.9534,-465.4,786.1,-2.0658,71.0,-393.5,0.0000,-71.8,-381.4,-0.4493,380.6,75.8,0,0.0,0.0,0.0000,-4.71,-13.17,3.06,11.97
9.1862,9.1201,66.1,0,-440.2,756.7,-1.9534,-465.4,786.1,-2.0658,71.0,-393.5,0.0000,-75.4,-390.2,-0.4493,390.2,75.7,0,0.0,0.0,0.0000,-6.07,-13.09,3.22,12.20
9.1942,9.1201,74.1,0,-440.2,756.7,-1.9534,-465.4,786.1,-2.0658,71.0,-393.5,0.0000,-78.3,-399.5,-0.4493,399.8,76.5,0,0.0,0.0,0.0000,-6.84,-13.68,2.98,11.03
9.2022,9.1201,82.1,0,-440.2,756.7,-1.9534,-465.4,786.1,-2.0658,71.0,-393.5,0.0000,-81.2,-408.8,-0.4493,409.5,77.3,0,0.0,0.0,0.0000,-7.83,-13.80,3.70,8.27
9.2110,9.1201,90.8,0,-440.2,756.7,-1.9534,-465.4,786.1,-2.0658,71.0,-393.5,0.0000,-85.2,-419.1,-0.4493,420.6,77.5,0,0.0,0.0,0.0000,-8.14,-13.96,3.48,9.28
9.2185,9.1201,98.4,0,-440.2,756.7,-1.9534,-465.4,786.1,-2.0658,71.0,-393.5,0.0000,-88.6,-428.1,-0.4493,430.2,77.6,0,0.0,0.0,0.0000,-9.09,-13.55,3.29,10.56
9.2270,9.2215,5.5,0,-432.7,720.8,-1.9704,-461.0,745.8,-2.0658,16.7,-398.7,-0.0000,-93.1,-411.7,-0.3814,415.5,74.4,0,0.0,0.0,0.0000,-8.07,-13.92,3.94,10.77
9.2347,9.2215,13.2,0,-432.7,720.8,-1.9704,-461.0,745.8,-2.0658,16.7,-398.7,-0.0000,-98.4,-397.2,-0.3814,404.2,63.9,0,0.0,0.0,0.0000,-8.53,-13.60,4.78,11.20
9.2430,9.2215,21.5,0,-432.7,720.8,-1.9704,-461.0,745.8,-2.0658,16.7,-398.7,-0.0000,-106.1,-382.6,-0.3814,393.7,51.1,0,0.0,0.0,0.0000,-8.42,-14.12,4.78,11.45
9.2503,9.2215,28.7,0,-432.7,720.8,-1.9704,-461.0,745.8,-2.0658,16.7,-398.7,-0.0000,-115.8,-371.6,-0.3814,387.4,38.0,0,0.0,0.0,0.0000,-9.18,-14.44,4.92,11.84
9.2586,9.2215,37.1,0,-432.7,720.8,-1.9704,-461.0,745.8,-2.0658,16.7,-398.7,-0.0000,-131.8,-367.0,-0.3814,389.4,21.4,0,0.0,0.0,0.0000,-11.13,-13.95,4.42,11.79
9.2662,9.2215,44.7,0,-432.7,720.8,-1.9704,-461.0,745.8,-2.0658,16.7,-398.7,-0.0000,-135.6,-375.3,-0.3814,398.5,21.1,0,0.0,0.0,0.0000,-10.05,-13.76,5.50,11.17
9.2747,9.2215,53.1,0,-432.7,720.8,-1.9704,-461.0,745.8,-2.0658,16.7,-398.7,-0.0000,-140.5,-384.9,-0.3814,409.3,20.3,0,0.0,0.0,0.0000,-9.68,-13.38,5.70,11.24
9.2823,9.2215,60.7,0,-432.7,720.8,-1.9704,-461.0,745.8,-2.0658,16.7,-398.7,-0.0000,-144.9,-393.6,-0.3814,419.0,19.7,0,0.0,0.0,0.0000,-10.12,-13.11,5.55,11.42
9.2902,9.2215,68.6,0,-432.7,720.8,-1.9704,-461.0,745.8,-2.0658,16.7,-398.7,-0.0000,-149.7,-402.1,-0.3814,428.6,18.5,0,0.0,0.0,0.0000,-9.71,-13.05,6.82,11.28
9.2986,9.2215,77.0,0,-432.7,720.8,-1.9704,-461.0,745.8,-2.0658,16.7,-398.7,-0.0000,-155.1,-411.0,-0.3814,439.0,17.1,0,0.0,0.0,0.0000,-10.72,-13.52,6.59,11.51
9.3069,9.2215,85.3,0,-432.7,720.8,-1.9704,-461.0,745.8,-2.0658,16.7,-398.7,-0.0000,-159.6,-420.3,-0.3814,449.3,16.5,0,0.0,0.0,0.0000,-10.83,-13.11,6.69,11.29
9.3146,9.2215,93.0,0,-432.7,720.8,-1.9704,-461.0,745.8,-2.0658,16.7,-398.7,-0.0000,-164.0,-428.8,-0.3814,458.8,15.8,0,0.0,0.0,0.0000,-11.79,-12.62,7.31,11.08
9.3229,9.2215,101.3,0,-432.7,720.8,-1.9704,-461.0,745.8,-2.0658,16.7,-398.7,-0.0000,-169.4,-438.2,-0.3814,469.6,14.4,0,0.0,0.0,0.0000,-11.55,-13.25,7.27,11.47
9.3304,9.3260,4.4,0,-432.3,678.7,-2.0336,-462.1,704.1,-2.0658,-38.8,-398.3,0.0000,-170.2,-423.2,-0.1286,454.7,36.6,0,0.0,0.0,0.0000,-11.79,-13.47,7.65,11.62
9.3390,9.3260,13.0,0,-432.3,678.7,-2.0336,-462.1,704.1,-2.0658,-38.8,-398.3,0.0000,-172.0,-406.0,-0.1286,440.1,27.4,0,0.0,0.0,0.0000,-12.06,-13.06,7.84,11.79
9.3469,9.3260,20.9,0,-432.3,678.7,-2.0336,-462.1,704.1,-2.0658,-38.8,-398.3,0.0000,-174.6,-390.5,-0.1286,427.3,18.1,0,0.0,0.0,0.0000,-12.33,-12.48,7.76,11.65
9.3545,9.3260,28.5,0,-432.3,678.7,-2.0336,-462.1,704.1,-2.0658,-38.8,-398.3,0.0000,-177.8,-375.6,-0.1286,415.5,8.6,0,0.0,0.0,0.0000,-12.65,-12.87,7.79,11.82
9.3629,9.3260,36.9,0,-432.3,678.7,-2.0336,-462.1,704.1,-2.0658,-38.8,-398.3,0.0000,-182.7,-359.6,-0.1286,403.3,-3.0,0,0.0,0.0,0.0000,-13.00,-12.91,8.97,11.70
9.3707,9.3260,44.7,0,-432.3,678.7,-2.0336,-462.1,704.1,-2.0658,-38.8,-398.3,0.0000,-188.7,-345.2,-0.1286,393.1,-14.8,0,0.0,0.0,0.0000,-12.71,-12.43,8.37,12.24
9.3791,9.3260,53.1,0,-432.3,678.7,-2.0336,-462.1,704.1,-2.0658,-38.8,-398.3,0.0000,-197.1,-334.0,-0.1286,386.9,-27.2,0,0.0,0.0,0.0000,-13.42,-12.02,8.56,12.23
9.3865,9.3260,60.5,0,-432.3,678.7,-2.0336,-462.1,704.1,-2.0658,-38.8,-398.3,0.0000,-199.3,-334.4,-0.1286,388.1,-29.0,0,0.0,0.0,0.0000,-11.86,-11.44,9.05,12.20
9.3952,9.3260,69.2,0,-432.3,678.7,-2.0336,-462.1,704.1,-2.0658,-38.8,-398.3,0.0000,-202.2,-334.6,-0.1286,389.7,-31.5,0,0.0,0.0,0.0000,-12.37,-11.47,9.68,11.67
9.4020,9.3260,76.0,0,-432.3,678.7,-2.0336,-462.1,704.1,-2.0658,-38.8,-398.3,0.0000,-203.9,-336.0,-0.1286,391.7,-32.5,0,0.0,0.0,0.0000,-12.08,-11.56,9.52,11.99
9.4102,9.3260,84.2,0,-432.3,678.7,-2.0336,-462.1,704.1,-2.0658,-38.8,-398.3,0.0000,-206.2,-337.8,-0.1286,394.4,-33.7,0,0.0,0.0,0.0000,-12.39,-11.17,9.45,11.49
9.4186,9.3260,92.6,0,-432.3,678.7,-2.0336,-462.1,704.1,-2.0658,-38.8,-398.3,0.0000,-208.5,-338.2,-0.1286,395.7,-35.6,0,0.0,0.0,0.0000,-12.60,-11.12,9.83,11.77
9.4266,9.4264,0.1,0,-442.1,641.1,-2.0449,-468.6,664.5,-2.0658,-90.3,-385.6,-0.0000,-204.7,-322.6,-0.0835,380.5,-34.9,0,0.0,0.0,0.0000,-14.22,-11.47,10.26,11.58
9.4350,9.4264,8.6,0,-442.1,641.1,-2.0449,-468.6,664.5,-2.0658,-90.3,-385.6,-0.0000,-201.1,-306.1,-0.0835,364.1,-39.1,0,0.0,0.0,0.0000,-13.27,-10.64,11.15,11.87
9.4427,9.4264,16.2,0,-442.1,641.1,-2.0449,-468.6,664.5,-2.0658,-90.3,-385.6,-0.0000,-198.1,-291.1,-0.0835,349.4,-43.4,0,0.0,0.0,0.0000,-12.12,-10.24,10.89,11.71
9.4510,9.4264,24.5,0,-442.1,641.1,-2.0449,-468.6,664.5,-2.0658,-90.3,-385.6,-0.0000,-195.2,-274.7,-0.0835,333.6,-48.3,0,0.0,0.0,0.0000,-12.33,-10.70,11.77,11.67
9.4587,9.4264,32.3,0,-442.1,641.1,-2.0449,-468.6,664.5,-2.0658,-90.3,-385.6,-0.0000,-193.0,-259.4,-0.0835,318.9,-53.2,0,0.0,0.0,0.0000,-12.91,-9.82,11.52,12.45
9.4670,9.4264,40.5,0,-442.1,641.1,-2.0449,-468.6,664.5,-2.0658,-90.3,-385.6,-0.0000,-191.4,-243.0,-0.0835,303.5,-59.3,0,0.0,0.0,0.0000,-13.07,-9.22,6.90,11.43
9.4747,9.4264,48.3,0,-442.1,641.1,-2.0449,-468.6,664.5,-2.0658,-90.3,-385.6,-0.0000,-191.8,-228.8,-0.0835,291.1,-66.2,0,0.0,0.0,0.0000,-12.74,-9.21,9.10,11.29
9.4828,9.4264,56.4,0,-442.1,641.1,-2.0449,-468.6,664.5,-2.0658,-90.3,-385.6,-0.0000,-192.1,-228.5,-0.0835,291.0,-66.6,0,0.0,0.0,0.0000,-13.30,-8.74,10.70,10.72
9.4903,9.4264,63.9,0,-442.1,641.1,-2.0449,-468.6,664.5,-2.0658,-90.3,-385.6,-0.0000,-192.3,-228.0,-0.0835,290.6,-67.1,0,0.0,0.0,0.0000,-12.60,-8.49,10.84,10.84
9.4983,9.4264,71.9,0,-442.1,641.1,-2.0449,-468.6,664.5,-2.0658,-90.3,-385.6,-0.0000,-193.5,-227.8,-0.0835,291.0,-68.2,0,0.0,0.0,0.0000,-12.54,-7.93,11.35,10.70
9.5069,9.4264,80.4,0,-442.1,641.1,-2.0449,-468.6,664.5,-2.0658,-90.3,-385.6,-0.0000,-194.7,-227.4,-0.0835,291.2,-69.4,0,0.0,0.0,0.0000,-13.19,-7.19,11.91,10.53
9.5143,9.4264,87.9,0,-442.1,641.1,-2.0449,-468.6,664.5,-2.0658,-90.3,-385.6,-0.0000,-195.6,-226.5,-0.0835,290.8,-70.6,0,0.0,0.0,0.0000,-12.41,-7.19,12.05,10.02
9.5231,9.4264,96.7,0,-442.1,641.1,-2.0449,-468.6,664.5,-2.0658,-90.3,-385.6,-0.0000,-196.9,-225.1,-0.0835,290.2,-72.4,0,0.0,0.0,0.0000,-12.17,-6.73,11.89,9.06
9.5308,9.5297,1.2,0,-466.4,599.0,-2.0569,-478.9,630.2,-2.0658,-101.7,-277.3,0.0000,-189.2,-211.7,-0.0353,275.6,-68.3,0,0.0,0.0,0.0000,-11.68,-6.69,11.38,9.24
9.5392,9.5297,9.5,0,-466.4,599.0,-2.0569,-478.9,630.2,-2.0658,-101.7,-277.3,0.0000,-180.9,-197.3,-0.0353,258.9,-67.7,0,0.0,0.0,0.0000,-12.01,-7.33,11.65,8.58
9.5462,9.5297,16.6,0,-466.4,599.0,-2.0569,-478.9,630.2,-2.0658,-101.7,-277.3,0.0000,-173.9,-185.0,-0.0353,244.8,-67.3,0,0.0,0.0,0.0000,-12.76,-6.44,11.44,8.62
9.5545,9.5297,24.8,0,-466.4,599.0,-2.0569,-478.9,630.2,-2.0658,-101.7,-277.3,0.0000,-165.9,-170.6,-0.0353,228.3,-67.0,0,0.0,0.0,0.0000,-12.57,-6.02,11.52,8.37
9.5630,9.5297,33.3,0,-466.4,599.0,-2.0569,-478.9,630.2,-2.0658,-101.7,-277.3,0.0000,-157.8,-155.7,-0.0353,211.4,-66.8,0,0.0,0.0,0.0000,-12.40,-5.39,10.77,7.55
9.5704,9.5297,40.8,0,-466.4,599.0,-2.0569,-478.9,630.2,-2.0658,-101.7,-277.3,0.0000,-150.8,-142.4,-0.0353,196.4,-66.8,0,0.0,0.0,0.0000,-11.50,-5.37,10.81,6.84
9.5788,9.5297,49.1,0,-466.4,599.0,-2.0569,-478.9,630.2,-2.0658,-101.7,-277.3,0.0000,-143.0,-127.7,-0.0353,179.7,-66.8,0,0.0,0.0,0.0000,-11.41,-4.71,11.10,6.46
9.5863,9.5297,56.6,0,-466.4,599.0,-2.0569,-478.9,630.2,-2.0658,-101.7,-277.3,0.0000,-136.0,-114.4,-0.0353,164.7,-66.8,0,0.0,0.0,0.0000,-11.58,-4.46,10.70,6.36
9.5948,9.5297,65.1,0,-466.4,599.0,-2.0569,-478.9,630.2,-2.0658,-101.7,-277.3,0.0000,-128.2,-99.3,-0.0353,147.8,-67.0,0,0.0,0.0,0.0000,-11.55,-4.27,10.01,6.03
9.6022,9.5297,72.5,0,-466.4,599.0,-2.0569,-478.9,630.2,-2.0658,-101.7,-277.3,0.0000,-121.7,-86.0,-0.0353,132.9,-67.4,0,0.0,0.0,0.0000,-11.00,-3.47,9.88,5.39
9.6102,9.5297,80.5,0,-466.4,599.0,-2.0569,-478.9,630.2,-2.0658,-101.7,-277.3,0.0000,-118.7,-78.9,-0.0353,125.2,-68.1,0,0.0,0.0,0.0000,-9.92,-3.67,9.25,4.80
9.6189,9.5297,89.2,0,-466.4,599.0,-2.0569,-478.9,630.2,-2.0658,-101.7,-277.3,0.0000,-118.1,-75.8,-0.0353,122.2,-69.0,0,0.0,0.0,0.0000,-10.18,-3.02,8.93,4.41
9.6265,9.5297,96.8,0,-466.4,599.0,-2.0569,-478.9,630.2,-2.0658,-101.7,-277.3,0.0000,-116.3,-73.6,-0.0353,119.4,-68.4,0,0.0,0.0,0.0000,-11.17,-3.11,8.70,4.26
9.6348,9.6294,5.3,0,-489.6,575.0,-2.0603,-488.2,607.6,-2.0658,-81.2,-177.3,-0.0000,-104.8,-61.6,-0.0220,103.7,-63.5,0,0.0,0.0,0.0000,-9.28,-2.56,8.39,4.13
9.6431,9.6294,13.7,0,-489.6,575.0,-2.0603,-488.2,607.6,-2.0658,-81.2,-177.3,-0.0000,-93.5,-49.3,-0.0220,87.5,-59.3,0,0.0,0.0,0.0000,-8.81,-2.03,8.58,4.15
9.6509,9.6294,21.4,0,-489.6,575.0,-2.0603,-488.2,607.6,-2.0658,-81.2,-177.3,-0.0000,-83.3,-37.7,-0.0220,72.4,-55.8,0,0.0,0.0,0.0000,-9.18,-2.11,7.58,3.25
9.6587,9.6294,29.2,0,-489.6,575.0,-2.0603,-488.2,607.6,-2.0658,-81.2,-177.3,-0.0000,-73.1,-25.9,-0.0220,57.2,-52.3,0,0.0,0.0,0.0000,-7.27,-1.85,7.23,3.12
9.6663,9.6294,36.8,0,-489.6,575.0,-2.0603,-488.2,607.6,-2.0658,-81.2,-177.3,-0.0000,-63.3,-14.3,-0.0220,42.4,-49.2,0,0.0,0.0,0.0000,-7.07,-1.43,6.44,2.55
9.6747,9.6294,45.3,0,-489.6,575.0,-2.0603,-488.2,607.6,-2.0658,-81.2,-177.3,-0.0000,-52.7,-1.2,-0.0220,25.8,-45.9,0,0.0,0.0,0.0000,-6.85,-0.84,6.73,1.84
9.6823,9.6294,52.9,0,-489.6,575.0,-2.0603,-488.2,607.6,-2.0658,-81.2,-177.3,-0.0000,-43.3,10.8,-0.0220,10.8,-43.3,0,0.0,0.0,0.0000,-6.59,-1.00,6.07,1.79
9.6908,9.6294,61.4,0,-489.6,575.0,-2.0603,-488.2,607.6,-2.0658,-81.2,-177.3,-0.0000,-33.4,24.6,-0.0220,-6.0,-41.0,0,0.0,0.0,0.0000,-6.22,-0.46,5.55,1.58
9.6984,9.6294,69.0,0,-489.6,575.0,-2.0603,-488.2,607.6,-2.0658,-81.2,-177.3,-0.0000,-29.2,31.2,-0.0220,-13.8,-40.4,0,0.0,0.0,0.0000,-5.60,0.06,5.25,1.22
9.7067,9.6294,77.2,0,-489.6,575.0,-2.0603,-488.2,607.6,-2.0658,-81.2,-177.3,-0.0000,-26.9,36.0,-0.0220,-19.1,-40.7,0,0.0,0.0,0.0000,-5.12,1.02,4.73,0.57
9.7142,9.6294,84.8,0,-489.6,575.0,-2.0603,-488.2,607.6,-2.0658,-81.2,-177.3,-0.0000,-24.8,40.8,-0.0220,-24.3,-41.0,0,0.0,0.0,0.0000,-4.61,0.50,3.94,-0.29
9.7228,9.6294,93.4,0,-489.6,575.0,-2.0603,-488.2,607.6,-2.0658,-81.2,-177.3,-0.0000,-22.0,45.6,-0.0220,-29.9,-40.9,0,0.0,0.0,0.0000,-3.43,0.75,3.71,-0.62
9.7304,9.6294,101.0,0,-489.6,575.0,-2.0603,-488.2,607.6,-2.0658,-81.2,-177.3,-0.0000,-18.5,52.0,-0.0220,-37.2,-40.8,0,0.0,0.0,0.0000,-3.09,1.54,2.89,-1.35
9.7390,9.7344,4.7,0,-508.2,564.7,-2.0738,-494.8,594.1,-2.0658,-42.5,-79.8,-0.0000,-3.3,60.0,0.0323,-51.0,-31.9,0,0.0,0.0,0.0000,-3.25,1.67,2.47,-1.57
9.7465,9.7344,12.1,0,-508.2,564.7,-2.0738,-494.8,594.1,-2.0658,-42.5,-79.8,-0.0000,9.4,67.8,0.0323,-63.9,-24.4,0,0.0,0.0,0.0000,-2.13,1.76,1.64,-1.99
9.7546,9.7344,20.2,0,-508.2,564.7,-2.0738,-494.8,594.1,-2.0658,-42.5,-79.8,-0.0000,23.5,75.8,0.0323,-77.8,-15.9,0,0.0,0.0,0.0000,-1.38,1.80,0.98,-2.17
9.7632,9.7344,28.8,0,-508.2,564.7,-2.0738,-494.8,594.1,-2.0658,-42.5,-79.8,-0.0000,37.2,82.6,0.0323,-90.3,-7.2,0,0.0,0.0,0.0000,-0.87,2.15,0.34,-2.47
9.7706,9.7344,36.3,0,-508.2,564.7,-2.0738,-494.8,594.1,-2.0658,-42.5,-79.8,-0.0000,36.6,81.4,0.0323,-89.0,-7.2,0,0.0,0.0,0.0000,0.09,1.73,-0.10,-2.90
9.7793,9.7344,44.9,0,-508.2,564.7,-2.0738,-494.8,594.1,-2.0658,-42.5,-79.8,-0.0000,36.0,80.3,0.0323,-87.7,-7.1,0,0.0,0.0,0.0000,0.48,1.87,-0.31,-3.54
9.7868,9.7344,52.5,0,-508.2,564.7,-2.0738,-494.8,594.1,-2.0658,-42.5,-79.8,-0.0000,35.6,79.4,0.0323,-86.8,-7.1,0,0.0,0.0,0.0000,1.68,2.18,-1.54,-3.91
9.7943,9.7344,60.0,0,-508.2,564.7,-2.0738,-494.8,594.1,-2.0658,-42.5,-79.8,-0.0000,35.2,78.8,0.0323,-86.0,-7.1,0,0.0,0.0,0.0000,2.57,3.16,-2.34,-3.88
9.8031,9.7344,68.7,0,-508.2,564.7,-2.0738,-494.8,594.1,-2.0658,-42.5,-79.8,-0.0000,34.9,78.2,0.0323,-85.3,-7.1,0,0.0,0.0,0.0000,2.96,3.18,-2.55,-4.66
9.8106,9.7344,76.2,0,-508.2,564.7,-2.0738,-494.8,594.1,-2.0658,-42.5,-79.8,-0.0000,34.7,77.8,0.0323,-84.9,-7.1,0,0.0,0.0,0.0000,3.70,3.57,-2.68,-5.10
9.8189,9.7344,84.5,0,-508.2,564.7,-2.0738,-494.8,594.1,-2.0658,-42.5,-79.8,-0.0000,34.6,77.6,0.0323,-84.7,-7.1,0,0.0,0.0,0.0000,3.61,3.73,-3.26,-5.19
9.8263,9.7344,91.9,0,-508.2,564.7,-2.0738,-494.8,594.1,-2.0658,-42.5,-79.8,-0.0000,34.6,77.6,0.0323,-84.6,-7.1,0,0.0,0.0,0.0000,4.51,4.25,-3.59,-5.32
9.8347,9.7344,100.3,0,-508.2,564.7,-2.0738,-494.8,594.1,-2.0658,-42.5,-79.8,-0.0000,34.6,77.6,0.0323,-84.6,-7.1,0,0.0,0.0,0.0000,4.98,5.29,-4.44,-5.63
9.8428,9.8254,17.4,0,-512.4,570.7,-2.0945,-496.7,590.5,-2.0658,0.0,0.0,0.0000,43.8,64.3,0.1147,-77.6,5.8,0,0.0,0.0,0.0000,5.25,5.50,-4.23,-5.84
9.8504,9.8254,25.0,0,-512.4,570.7,-2.0945,-496.7,590.5,-2.0658,0.0,0.0,0.0000,47.1,59.6,0.1147,-75.1,11.0,0,0.0,0.0,0.0000,6.31,5.22,-4.84,-5.32
9.8589,9.8254,33.5,0,-512.4,570.7,-2.0945,-496.7,590.5,-2.0658,0.0,0.0,0.0000,47.1,59.6,0.1147,-75.1,11.0,0,0.0,0.0,0.0000,6.57,5.68,-4.87,-5.76
9.8662,9.8254,40.8,0,-512.4,570.7,-2.0945,-496.7,590.5,-2.0658,0.0,0.0,0.0000,47.1,59.6,0.1147,-75.1,11.0,0,0.0,0.0,0.0000,6.39,5.28,-4.77,-5.49
9.8750,9.8254,49.6,0,-512.4,570.7,-2.0945,-496.7,590.5,-2.0658,0.0,0.0,0.0000,47.1,59.6,0.1147,-75.1,11.0,0,0.0,0.0,0.0000,6.99,4.94,-4.77,-5.72
9.8826,9.8254,57.2,0,-512.4,570.7,-2.0945,-496.7,590.5,-2.0658,0.0,0.0,0.0000,47.1,59.6,0.1147,-75.1,11.0,0,0.0,0.0,0.0000,7.06,4.94,-5.64,-5.83
9.8902,9.8254,64.8,0,-512.4,570.7,-2.0945,-496.7,590.5,-2.0658,0.0,0.0,0.0000,47.1,59.6,0.1147,-75.1,11.0,0,0.0,0.0,0.0000,7.72,5.14,-5.56,-5.50
9.8988,9.8254,73.4,0,-512.4,570.7,-2.0945,-496.7,590.5,-2.0658,0.0,0.0,0.0000,47.1,59.6,0.1147,-75.1,11.0,0,0.0,0.0,0.0000,7.87,4.63,-5.71,-5.63
9.9068,9.8254,81.4,0,-512.4,570.7,-2.0945,-496.7,590.5,-2.0658,0.0,0.0,0.0000,47.1,59.6,0.1147,-75.1,11.0,0,0.0,0.0,0.0000,8.00,4.15,-5.91,-5.59
9.9141,9.8254,88.7,0,-512.4,570.7,-2.0945,-496.7,590.5,-2.0658,0.0,0.0,0.0000,47.1,59.6,0.1147,-75.1,11.0,0,0.0,0.0,0.0000,8.06,4.71,-5.01,-5.07
9.9229,9.8254,97.5,0,-512.4,570.7,-2.0945,-496.7,590.5,-2.0658,0.0,0.0,0.0000,47.1,59.6,0.1147,-75.1,11.0,0,0.0,0.0,0.0000,8.09,4.13,-6.11,-5.32
9.9302,9.8254,104.8,0,-512.4,570.7,-2.0945,-496.7,590.5,-2.0658,0.0,0.0,0.0000,47.1,59.6,0.1147,-75.1,11.0,0,0.0,0.0,0.0000,7.79,4.23,-5.93,-4.66
9.9382,9.9268,11.4,0,-501.2,587.0,-2.0723,-496.7,590.5,-2.0658,0.0,0.0,0.0000,38.0,46.4,0.0261,-58.9,11.1,0,0.0,0.0,0.0000,7.40,3.52,-5.72,-4.82
9.9470,9.9268,20.2,0,-501.2,587.0,-2.0723,-496.7,590.5,-2.0658,0.0,0.0,0.0000,28.0,31.8,0.0261,-41.4,9.3,0,0.0,0.0,0.0000,7.37,3.66,-5.87,-4.42
9.9545,9.9268,27.7,0,-501.2,587.0,-2.0723,-496.7,590.5,-2.0658,0.0,0.0,0.0000,19.6,19.6,0.0261,-26.6,7.8,0,0.0,0.0,0.0000,7.24,3.51,-5.05,-4.13
9.9621,9.9268,35.3,0,-501.2,587.0,-2.0723,-496.7,590.5,-2.0658,0.0,0.0,0.0000,13.5,10.7,0.0261,-15.9,6.7,0,0.0,0.0,0.0000,7.42,2.99,-5.03,-3.43
9.9704,9.9268,43.6,0,-501.2,587.0,-2.0723,-496.7,590.5,-2.0658,0.0,0.0,0.0000,13.5,10.7,0.0261,-15.9,6.7,0,0.0,0.0,0.0000,6.80,3.05,-5.10,-2.97
9.9790,9.9268,52.3,0,-501.2,587.0,-2.0723,-496.7,590.5,-2.0658,0.0,0.0,0.0000,13.5,10.7,0.0261,-15.9,6.7,0,0.0,0.0,0.0000,6.43,2.34,-4.94,-2.72
9.9865,9.9268,59.7,0,-501.2,587.0,-2.0723,-496.7,590.5,-2.0658,0.0,0.0,0.0000,13.5,10.7,0.0261,-15.9,6.7,0,0.0,0.0,0.0000,6.32,2.27,-4.81,-2.80
9.9949,9.9268,68.1,0,-501.2,587.0,-2.0723,-496.7,590.5,-2.0658,0.0,0.0,0.0000,13.5,10.7,0.0261,-15.9,6.7,0,0.0,0.0,0.0000,4.73,1.90,-4.17,-2.68
10.0032,9.9268,76.4,0,-501.2,587.0,-2.0723,-496.7,590.5,-2.0658,0.0,0.0,0.0000,13.5,10.7,0.0261,-15.9,6.7,0,0.0,0.0,0.0000,6.12,1.25,-4.08,-1.66
10.0106,9.9268,83.9,0,-501.2,587.0,-2.0723,-496.7,590.5,-2.0658,0.0,0.0,0.0000,13.5,10.7,0.0261,-15.9,6.7,0,0.0,0.0,0.0000,5.04,0.94,-3.94,-1.24
10.0182,9.9268,91.5,0,-501.2,587.0,-2.0723,-496.7,590.5,-2.0658,0.0,0.0,0.0000,13.5,10.7,0.0261,-15.9,6.7,0,0.0,0.0,0.0000,4.67,1.00,-3.27,-0.68
10.0268,9.9268,100.0,0,-501.2,587.0,-2.0723,-496.7,590.5,-2.0658,0.0,0.0,0.0000,13.5,10.7,0.0261,-15.9,6.7,0,0.0,0.0,0.0000,3.83,0.40,-3.28,-0.21
10.0346,9.9268,107.8,0,-501.2,587.0,-2.0723,-496.7,590.5,-2.0658,0.0,0.0,0.0000,13.5,10.7,0.0261,-15.9,6.7,0,0.0,0.0,0.0000,3.60,1.03,-2.21,-0.04
10.0421,10.0366,5.5,0,-486.2,599.3,-2.0557,-496.7,590.5,-2.0658,0.0,0.0,0.0000,1.9,1.1,-0.0402,-1.9,1.1,0,0.0,0.0,0.0000,2.05,0.54,-1.99,0.45
10.0505,10.0366,13.9,0,-486.2,599.3,-2.0557,-496.7,590.5,-2.0658,0.0,0.0,0.0000,-11.1,-9.6,-0.0402,13.7,-5.4,0,0.0,0.0,0.0000,2.74,0.02,-1.66,0.42
10.0584,10.0366,21.8,0,-486.2,599.3,-2.0557,-496.7,590.5,-2.0658,0.0,0.0,0.0000,-23.3,-19.6,-0.0402,28.3,-11.5,0,0.0,0.0,0.0000,2.40,-0.58,-0.82,0.61
10.0667,10.0366,30.1,0,-486.2,599.3,-2.0557,-496.7,590.5,-2.0658,0.0,0.0,0.0000,-31.4,-26.3,-0.0402,37.9,-15.5,0,0.0,0.0,0.0000,2.25,0.04,-0.58,1.09
10.0743,10.0366,37.6,0,-486.2,599.3,-2.0557,-496.7,590.5,-2.0658,0.0,0.0,0.0000,-31.4,-26.3,-0.0402,37.9,-15.5,0,0.0,0.0,0.0000,0.48,-0.06,0.04,1.17
10.0827,10.0366,46.1,0,-486.2,599.3,-2.0557,-496.7,590.5,-2.0658,0.0,0.0,0.0000,-31.4,-26.3,-0.0402,37.9,-15.5,0,0.0,0.0,0.0000,-0.40,-0.24,0.50,1.19
10.0912,10.0366,54.5,0,-486.2,599.3,-2.0557,-496.7,590.5,-2.0658,0.0,0.0,0.0000,-31.4,-26.3,-0.0402,37.9,-15.5,0,0.0,0.0,0.0000,-0.39,-0.08,0.82,1.42
10.0989,10.0366,62.3,0,-486.2,599.3,-2.0557,-496.7,590.5,-2.0658,0.0,0.0,0.0000,-31.4,-26.3,-0.0402,37.9,-15.5,0,0.0,0.0,0.0000,-0.99,-1.00,1.25,1.22
10.1072,10.0366,70.6,0,-486.2,599.3,-2.0557,-496.7,590.5,-2.0658,0.0,0.0,0.0000,-31.4,-26.3,-0.0402,37.9,-15.5,0,0.0,0.0,0.0000,-1.86,-0.98,1.73,1.39
10.1149,10.0366,78.3,0,-486.2,599.3,-2.0557,-496.7,590.5,-2.0658,0.0,0.0,0.0000,-31.4,-26.3,-0.0402,37.9,-15.5,0,0.0,0.0,0.0000,-2.45,-1.41,1.64,1.72
10.1225,10.0366,85.9,0,-486.2,599.3,-2.0557,-496.7,590.5,-2.0658,0.0,0.0,0.0000,-31.4,-26.3,-0.0402,37.9,-15.5,0,0.0,0.0,0.0000,-2.95,-1.15,1.79,1.24
10.1301,10.0366,93.5,0,-486.2,599.3,-2.0557,-496.7,590.5,-2.0658,0.0,0.0,0.0000,-31.4,-26.3,-0.0402,37.9,-15.5,0,0.0,0.0,0.0000,-3.48,-1.65,2.26,1.39
10.1387,10.0366,102.1,0,-486.2,599.3,-2.0557,-496.7,590.5,-2.0658,0.0,0.0,0.0000,-31.4,-26.3,-0.0402,37.9,-15.5,0,0.0,0.0,0.0000,-3.54,-2.26,2.42,1.62
10.1461,10.1295,16.5,0,-484.7,597.8,-2.0276,-496.7,590.5,-2.0658,0.0,0.0,0.0000,-35.8,-21.8,-0.1528,35.4,-22.6,0,0.0,0.0,0.0000,-4.13,-1.84,2.56,1.52
10.1544,10.1295,24.8,0,-484.7,597.8,-2.0276,-496.7,590.5,-2.0658,0.0,0.0,0.0000,-35.8,-21.8,-0.1528,35.4,-22.6,0,0.0,0.0,0.0000,-4.44,-1.98,2.92,1.51
10.1631,10.1295,33.6,0,-484.7,597.8,-2.0276,-496.7,590.5,-2.0658,0.0,0.0,0.0000,-35.8,-21.8,-0.1528,35.4,-22.6,0,0.0,0.0,0.0000,-5.04,-2.38,2.95,1.62
10.1711,10.1295,41.5,0,-484.7,597.8,-2.0276,-496.7,590.5,-2.0658,0.0,0.0,0.0000,-35.8,-21.8,-0.1528,35.4,-22.6,0,0.0,0.0,0.0000,-4.78,-2.33,3.22,1.52
10.1789,10.1295,49.4,0,-484.7,597.8,-2.0276,-496.7,590.5,-2.0658,0.0,0.0,0.0000,-35.8,-21.8,-0.1528,35.4,-22.6,0,0.0,0.0,0.0000,-5.40,-2.96,3.44,1.99
10.1869,10.1295,57.3,0,-484.7,597.8,-2.0276,-496.7,590.5,-2.0658,0.0,0.0,0.0000,-35.8,-21.8,-0.1528,35.4,-22.6,0,0.0,0.0,0.0000,-5.43,-2.27,3.83,1.54
10.1943,10.1295,64.8,0,-484.7,597.8,-2.0276,-496.7,590.5,-2.0658,0.0,0.0,0.0000,-35.8,-21.8,-0.1528,35.4,-22.6,0,0.0,0.0,0.0000,-6.03,-2.19,3.21,1.51
10.2026,10.1295,73.1,0,-484.7,597.8,-2.0276,-496.7,590.5,-2.0658,0.0,0.0,0.0000,-35.8,-21.8,-0.1528,35.4,-22.6,0,0.0,0.0,0.0000,-6.37,-2.88,3.58,0.91
10.2103,10.1295,80.7,0,-484.7,597.8,-2.0276,-496.7,590.5,-2.0658,0.0,0.0,0.0000,-35.8,-21.8,-0.1528,35.4,-22.6,0,0.0,0.0,0.0000,-6.00,-2.38,3.82,1.21
10.2184,10.1295,88.9,0,-484.7,597.8,-2.0276,-496.7,590.5,-2.0658,0.0,0.0,0.0000,-35.8,-21.8,-0.1528,35.4,-22.6,0,0.0,0.0,0.0000,-6.32,-2.00,3.42,0.82
10.2273,10.1295,97.7,0,-484.7,597.8,-2.0276,-496.7,590.5,-2.0658,0.0,0.0,0.0000,-35.8,-21.8,-0.1528,35.4,-22.6,0,0.0,0.0,0.0000,-6.48,-2.45,3.47,0.82
10.2352,10.1295,105.6,0,-484.7,597.8,-2.0276,-496.7,590.5,-2.0658,0.0,0.0,0.0000,-35.8,-21.8,-0.1528,35.4,-22.6,0,0.0,0.0,0.0000,-6.19,-2.23,3.40,0.43
10.2428,10.1295,113.3,0,-484.7,597.8,-2.0276,-496.7,590.5,-2.0658,0.0,0.0,0.0000,-35.8,-21.8,-0.1528,35.4,-22.6,0,0.0,0.0,0.0000,-5.78,-2.53,2.96,0.67
10.2511,10.2394,11.7,0,-494.4,590.7,-2.0738,-496.7,590.5,-2.0658,0.0,0.0,0.0000,-22.6,-12.0,0.0319,21.4,-14.0,0,0.0,0.0,0.0000,-5.28,-2.13,3.34,0.72
10.2586,10.2394,19.2,0,-494.4,590.7,-2.0738,-496.7,590.5,-2.0658,0.0,0.0,0.0000,-10.5,-3.1,0.0319,7.7,-7.7,0,0.0,0.0,0.0000,-4.92,-1.67,3.25,0.56
10.2670,10.2394,27.6,0,-494.4,590.7,-2.0738,-496.7,590.5,-2.0658,0.0,0.0,0.0000,-6.8,-0.4,0.0319,3.6,-5.8,0,0.0,0.0,0.0000,-4.78,-1.88,3.32,0.87
10.2747,10.2394,35.3,0,-494.4,590.7,-2.0738,-496.7,590.5,-2.0658,0.0,0.0,0.0000,-6.8,-0.4,0.0319,3.6,-5.8,0,0.0,0.0,0.0000,-5.69,-1.39,3.10,0.65
10.2822,10.2394,42.8,0,-494.4,590.7,-2.0738,-496.7,590.5,-2.0658,0.0,0.0,0.0000,-6.8,-0.4,0.0319,3.6,-5.8,0,0.0,0.0,0.0000,-4.71,-1.20,2.88,0.39
10.2910,10.2394,51.6,0,-494.4,590.7,-2.0738,-496.7,590.5,-2.0658,0.0,0.0,0.0000,-6.8,-0.4,0.0319,3.6,-5.8,0,0.0,0.0,0.0000,-4.42,-1.10,3.17,0.19
10.2986,10.2394,59.2,0,-494.4,590.7,-2.0738,-496.7,590.5,-2.0658,0.0,0.0,0.0000,-6.8,-0.4,0.0319,3.6,-5.8,0,0.0,0.0,0.0000,-4.71,0.12,3.19,0.38
10.3061,10.2394,66.7,0,-494.4,590.7,-2.0738,-496.7,590.5,-2.0658,0.0,0.0,0.0000,-6.8,-0.4,0.0319,3.6,-5.8,0,0.0,0.0,0.0000,-2.81,0.21,2.71,0.69
10.3146,10.2394,75.2,0,-494.4,590.7,-2.0738,-496.7,590.5,-2.0658,0.0,0.0,0.0000,-6.8,-0.4,0.0319,3.6,-5.8,0,0.0,0.0,0.0000,-2.39,0.03,2.58,0.80
10.3222,10.2394,82.8,0,-494.4,590.7,-2.0738,-496.7,590.5,-2.0658,0.0,0.0,0.0000,-6.8,-0.4,0.0319,3.6,-5.8,0,0.0,0.0,0.0000,-1.67,0.25,2.82,0.37
10.3307,10.2394,91.3,0,-494.4,590.7,-2.0738,-496.7,590.5,-2.0658,0.0,0.0,0.0000,-6.8,-0.4,0.0319,3.6,-5.8,0,0.0,0.0,0.0000,-1.72,0.45,2.11,0.67
10.3383,10.2394,98.9,0,-494.4,590.7,-2.0738,-496.7,590.5,-2.0658,0.0,0.0,0.0000,-6.8,-0.4,0.0319,3.6,-5.8,0,0.0,0.0,0.0000,-1.61,0.56,2.08,1.03
10.3474,10.3323,15.1,0,-506.8,585.5,-2.0915,-496.7,590.5,-2.0658,0.0,0.0,0.0000,10.0,6.6,0.1029,-10.7,5.4,0,0.0,0.0,0.0000,-1.04,0.65,2.27,0.88
10.3550,10.3323,22.7,0,-506.8,585.5,-2.0915,-496.7,590.5,-2.0658,0.0,0.0,0.0000,24.2,12.4,0.1029,-22.8,14.8,0,0.0,0.0,0.0000,-0.94,0.57,1.72,0.13
10.3630,10.3323,30.7,0,-506.8,585.5,-2.0915,-496.7,590.5,-2.0658,0.0,0.0,0.0000,30.5,15.0,0.1029,-28.2,19.0,0,0.0,0.0,0.0000,-0.05,-0.10,1.59,0.45
10.3707,10.3323,38.4,0,-506.8,585.5,-2.0915,-496.7,590.5,-2.0658,0.0,0.0,0.0000,30.5,15.0,0.1029,-28.2,19.0,0,0.0,0.0,0.0000,0.70,0.66,1.09,0.79
10.3782,10.3323,45.9,0,-506.8,585.5,-2.0915,-496.7,590.5,-2.0658,0.0,0.0,0.0000,30.5,15.0,0.1029,-28.2,19.0,0,0.0,0.0,0.0000,0.34,0.89,0.55,0.57
10.3870,10.3323,54.7,0,-506.8,585.5,-2.0915,-496.7,590.5,-2.0658,0.0,0.0,0.0000,30.5,15.0,0.1029,-28.2,19.0,0,0.0,0.0,0.0000,0.88,1.22,0.44,0.52
10.3943,10.3323,62.0,0,-506.8,585.5,-2.0915,-496.7,590.5,-2.0658,0.0,0.0,0.0000,30.5,15.0,0.1029,-28.2,19.0,0,0.0,0.0,0.0000,1.21,0.75,0.18,0.52
10.4023,10.3323,70.0,0,-506.8,585.5,-2.0915,-496.7,590.5,-2.0658,0.0,0.0,0.0000,30.5,15.0,0.1029,-28.2,19.0,0,0.0,0.0,0.0000,1.92,0.64,-0.09,0.25
10.4102,10.3323,77.9,0,-506.8,585.5,-2.0915,-496.7,590.5,-2.0658,0.0,0.0,0.0000,30.5,15.0,0.1029,-28.2,19.0,0,0.0,0.0,0.0000,1.75,1.11,-0.25,0.54
10.4189,10.3323,86.6,0,-506.8,585.5,-2.0915,-496.7,590.5,-2.0658,0.0,0.0,0.0000,30.5,15.0,0.1029,-28.2,19.0,0,0.0,0.0,0.0000,2.26,0.70,-0.58,0.30
10.4266,10.3323,94.3,0,-506.8,585.5,-2.0915,-496.7,590.5,-2.0658,0.0,0.0,0.0000,30.5,15.0,0.1029,-28.2,19.0,0,0.0,0.0,0.0000,2.31,0.94,-1.23,-0.02
10.4342,10.3323,101.9,0,-506.8,585.5,-2.0915,-496.7,590.5,-2.0658,0.0,0.0,0.0000,30.5,15.0,0.1029,-28.2,19.0,0,0.0,0.0,0.0000,3.06,1.11,-1.27,-0.65
10.4428,10.3323,110.5,0,-506.8,585.5,-2.0915,-496.7,590.5,-2.0658,0.0,0.0,0.0000,30.5,15.0,0.1029,-28.2,19.0,0,0.0,0.0,0.0000,2.70,0.58,-1.61,-0.28
10.4503,10.4421,8.2,0,-506.8,586.2,-2.0673,-496.7,590.5,-2.0658,0.0,0.0,0.0000,30.3,13.1,0.0061,-25.9,20.4,0,0.0,0.0,0.0000,2.94,1.16,-1.38,-0.57
10.4581,10.4421,15.9,0,-506.8,586.2,-2.0673,-496.7,590.5,-2.0658,0.0,0.0,0.0000,30.3,13.1,0.0061,-25.9,20.4,0,0.0,0.0,0.0000,3.50,1.38,-1.24,-0.88
10.4665,10.4421,24.4,0,-506.8,586.2,-2.0673,-496.7,590.5,-2.0658,0.0,0.0,0.0000,30.3,13.1,0.0061,-25.9,20.4,0,0.0,0.0,0.0000,3.50,0.90,-2.33,-0.73
10.4749,10.4421,32.8,0,-506.8,586.2,-2.0673,-496.7,590.5,-2.0658,0.0,0.0,0.0000,30.3,13.1,0.0061,-25.9,20.4,0,0.0,0.0,0.0000,3.28,0.60,-2.29,-0.99
10.4827,10.4421,40.5,0,-506.8,586.2,-2.0673,-496.7,590.5,-2.0658,0.0,0.0,0.0000,30.3,13.1,0.0061,-25.9,20.4,0,0.0,0.0,0.0000,3.88,1.11,-2.44,-0.58
10.4911,10.4421,48.9,0,-506.8,586.2,-2.0673,-496.7,590.5,-2.0658,0.0,0.0,0.0000,30.3,13.1,0.0061,-25.9,20.4,0,0.0,0.0,0.0000,3.67,0.68,-2.84,-1.12
10.4986,10.4421,56.4,0,-506.8,586.2,-2.0673,-496.7,590.5,-2.0658,0.0,0.0,0.0000,30.3,13.1,0.0061,-25.9,20.4,0,0.0,0.0,0.0000,3.78,1.12,-2.91,-1.30
10.5062,10.4421,64.1,0,-506.8,586.2,-2.0673,-496.7,590.5,-2.0658,0.0,0.0,0.0000,30.3,13.1,0.0061,-25.9,20.4,0,0.0,0.0,0.0000,4.37,0.69,-2.96,-1.12
10.5149,10.4421,72.7,0,-506.8,586.2,-2.0673,-496.7,590.5,-2.0658,0.0,0.0,0.0000,30.3,13.1,0.0061,-25.9,20.4,0,0.0,0.0,0.0000,3.94,0.69,-2.96,-1.40
10.5222,10.4421,80.1,0,-506.8,586.2,-2.0673,-496.7,590.5,-2.0658,0.0,0.0,0.0000,30.3,13.1,0.0061,-25.9,20.4,0,0.0,0.0,0.0000,3.97,0.71,-3.13,-0.92
10.5308,10.4421,88.7,0,-506.8,586.2,-2.0673,-496.7,590.5,-2.0658,0.0,0.0,0.0000,30.3,13.1,0.0061,-25.9,20.4,0,0.0,0.0,0.0000,3.70,0.37,-3.15,-0.86
10.5382,10.4421,96.1,0,-506.8,586.2,-2.0673,-496.7,590.5,-2.0658,0.0,0.0,0.0000,30.3,13.1,0.0061,-25.9,20.4,0,0.0,0.0,0.0000,3.77,0.16,-3.11,-0.58
10.5470,10.4421,104.8,0,-506.8,586.2,-2.0673,-496.7,590.5,-2.0658,0.0,0.0,0.0000,30.3,13.1,0.0061,-25.9,20.4,0,0.0,0.0,0.0000,3.22,0.00,-2.81,-0.83
10.5545,10.5437,10.8,0,-497.9,590.6,-2.0513,-496.7,590.5,-2.0658,0.0,0.0,0.0000,16.8,6.4,-0.0579,-13.4,12.0,0,0.0,0.0,0.0000,2.63,0.58,-3.14,-0.57
10.5629,10.5437,19.3,0,-497.9,590.6,-2.0513,-496.7,590.5,-2.0658,0.0,0.0,0.0000,3.6,-0.2,-0.0579,-1.5,3.2,0,0.0,0.0,0.0000,1.99,0.01,-2.92,-0.69
10.5702,10.5437,26.6,0,-497.9,590.6,-2.0513,-496.7,590.5,-2.0658,0.0,0.0,0.0000,3.6,-0.2,-0.0579,-1.5,3.2,0,0.0,0.0,0.0000,2.64,-0.68,-2.45,-1.36
10.5791,10.5437,35.5,0,-497.9,590.6,-2.0513,-496.7,590.5,-2.0658,0.0,0.0,0.0000,3.6,-0.2,-0.0579,-1.5,3.2,0,0.0,0.0,0.0000,2.57,-0.30,-3.14,-0.75
10.5861,10.5437,42.5,0,-497.9,590.6,-2.0513,-496.7,590.5,-2.0658,0.0,0.0,0.0000,3.6,-0.2,-0.0579,-1.5,3.2,0,0.0,0.0,0.0000,2.18,-0.30,-3.20,-1.38
10.5950,10.5437,51.3,0,-497.9,590.6,-2.0513,-496.7,590.5,-2.0658,0.0,0.0,0.0000,3.6,-0.2,-0.0579,-1.5,3.2,0,0.0,0.0,0.0000,2.54,-0.70,-2.49,-1.02
10.6021,10.5437,58.5,0,-497.9,590.6,-2.0513,-496.7,590.5,-2.0658,0.0,0.0,0.0000,3.6,-0.2,-0.0579,-1.5,3.2,0,0.0,0.0,0.0000,1.60,-0.14,-2.46,-1.23
10.6110,10.5437,67.4,0,-497.9,590.6,-2.0513,-496.7,590.5,-2.0658,0.0,0.0,0.0000,3.6,-0.2,-0.0579,-1.5,3.2,0,0.0,0.0,0.0000,0.88,-0.27,-2.01,-0.94
10.6182,10.5437,74.6,0,-497.9,590.6,-2.0513,-496.7,590.5,-2.0658,0.0,0.0,0.0000,3.6,-0.2,-0.0579,-1.5,3.2,0,0.0,0.0,0.0000,1.16,-0.15,-2.14,-1.10
