t_s,tv_s,vision_age_ms,held,pose_x_mm,pose_y_mm,pose_theta_rad,ref_x_mm,ref_y_mm,ref_theta_rad,ref_vx_mm_s,ref_vy_mm_s,ref_omega_rad_s,cmd_world_vx_mm_s,cmd_world_vy_mm_s,cmd_omega_rad_s,cmd_body_vx_mm_s,cmd_body_vy_mm_s,near_goal,pred_x_mm,pred_y_mm,pred_theta_rad,wheel_fl_rad_s,wheel_bl_rad_s,wheel_br_rad_s,wheel_fr_rad_s
-0.2965,-0.2976,1.1,0,-300.6,-155.4,2.7959,-300.7,-155.0,2.7976,0.0,0.0,0.0000,-0.3,1.2,0.0071,0.7,-1.1,0,0.0,0.0,0.0000,0.00,0.00,0.00,0.00
-0.2893,-0.2976,8.3,0,-300.6,-155.4,2.7959,-300.7,-155.0,2.7976,0.0,0.0,0.0000,-0.3,1.2,0.0071,0.7,-1.1,0,0.0,0.0,0.0000,0.00,0.00,0.00,0.00
-0.2813,-0.2858,4.4,0,-300.5,-155.4,2.7950,-300.7,-155.0,2.7976,0.0,0.0,0.0000,-0.6,1.2,0.0104,1.0,-0.9,0,0.0,0.0,0.0000,0.00,0.00,0.00,0.00
-0.2728,-0.2790,6.3,0,-300.2,-155.4,2.8014,-300.7,-155.0,2.7976,0.0,0.0,0.0000,-1.3,1.3,-0.0150,1.7,-0.8,0,0.0,0.0,0.0000,0.00,0.00,0.00,0.00
-0.2649,-0.2705,5.6,0,-300.2,-155.2,2.8021,-300.7,-155.0,2.7976,0.0,0.0,0.0000,-1.3,0.7,-0.0179,1.5,-0.2,0,0.0,0.0,0.0000,0.00,0.00,0.00,0.00
-0.2568,-0.2620,5.3,0,-300.4,-155.4,2.7970,-300.7,-155.0,2.7976,0.0,0.0,0.0000,-0.6,1.2,0.0024,1.0,-0.9,0,0.0,0.0,0.0000,0.00,0.00,0.00,0.00
-0.2487,-0.2532,4.5,0,-300.6,-155.0,2.7982,-300.7,-155.0,2.7976,0.0,0.0,0.0000,-0.3,0.1,-0.0022,0.3,0.0,0,0.0,0.0,0.0000,0.00,0.00,0.00,0.00
-0.2407,-0.2450,4.3,0,-300.4,-155.3,2.7961,-300.7,-155.0,2.7976,0.0,0.0,0.0000,-0.7,0.9,0.0062,0.9,-0.7,0,0.0,0.0,0.0000,0.00,0.00,0.00,0.00
-0.2331,-0.2366,3.5,0,-300.6,-155.0,2.7979,-300.7,-155.0,2.7976,0.0,0.0,0.0000,-0.2,0.1,-0.0009,0.2,-0.0,0,0.0,0.0,0.0000,0.00,0.00,0.00,0.00
-0.2241,-0.2278,3.6,0,-300.4,-155.4,2.7981,-300.7,-155.0,2.7976,0.0,0.0,0.0000,-0.9,1.2,-0.0018,1.3,-0.9,0,0.0,0.0,0.0000,0.00,0.00,0.00,0.00
-0.2172,-0.2185,1.2,0,-300.2,-155.3,2.7970,-300.7,-155.0,2.7976,0.0,0.0,0.0000,-1.3,1.0,0.0024,1.6,-0.5,0,0.0,0.0,0.0000,0.00,0.00,0.00,0.00
-0.2094,-0.2106,1.2,0,-300.5,-155.3,2.8009,-300.7,-155.0,2.7976,0.0,0.0,0.0000,-0.4,0.8,-0.0132,0.6,-0.6,0,0.0,0.0,0.0000,0.00,0.00,0.00,0.00
-0.2012,-0.2026,1.4,0,-300.4,-155.2,2.7990,-300.7,-155.0,2.7976,0.0,0.0,0.0000,-0.7,0.7,-0.0057,0.9,-0.4,0,0.0,0.0,0.0000,0.00,0.00,0.00,0.00
-0.1930,-0.1942,1.2,0,-300.7,-155.3,2.7903,-300.7,-155.0,2.7976,0.0,0.0,0.0000,0.3,1.0,0.0292,0.1,-1.0,0,0.0,0.0,0.0000,0.00,0.00,0.00,0.00
-0.1845,-0.1942,9.8,0,-300.7,-155.3,2.7903,-300.7,-155.0,2.7976,0.0,0.0,0.0000,0.3,1.0,0.0292,0.1,-1.0,0,0.0,0.0,0.0000,0.00,0.00,0.00,0.00
-0.1770,-0.1835,6.5,0,-300.3,-155.1,2.8026,-300.7,-155.0,2.7976,0.0,0.0,0.0000,-1.0,0.3,-0.0200,1.1,0.1,0,0.0,0.0,0.0000,0.00,0.00,0.00,0.00
-0.1686,-0.1687,0.1,0,-300.7,-155.2,2.7876,-300.7,-155.0,2.7976,0.0,0.0,0.0000,0.2,0.7,0.0401,0.0,-0.7,0,0.0,0.0,0.0000,0.00,0.00,0.00,0.00
-0.1612,-0.1687,7.5,0,-300.7,-155.2,2.7876,-300.7,-155.0,2.7976,0.0,0.0,0.0000,0.2,0.7,0.0401,0.0,-0.7,0,0.0,0.0,0.0000,0.00,0.00,0.00,0.00
-0.1525,-0.1604,8.0,0,-300.4,-155.2,2.8049,-300.7,-155.0,2.7976,0.0,0.0,0.0000,-0.8,0.5,-0.0292,0.9,-0.3,0,0.0,0.0,0.0000,0.00,0.00,0.00,0.00
-0.1446,-0.1513,6.6,0,-300.3,-155.3,2.7971,-300.7,-155.0,2.7976,0.0,0.0,0.0000,-1.0,1.0,0.0021,1.3,-0.6,0,0.0,0.0,0.0000,0.00,0.00,0.00,0.00
-0.1366,-0.1434,6.8,0,-300.6,-155.3,2.7976,-300.7,-155.0,2.7976,0.0,0.0,0.0000,-0.2,0.9,0.0000,0.4,-0.8,0,0.0,0.0,0.0000,0.00,0.00,0.00,0.00
-0.1293,-0.1350,5.8,0,-300.1,-155.0,2.8032,-300.7,-155.0,2.7976,0.0,0.0,0.0000,-1.7,0.1,-0.0222,1.6,0.5,0,0.0,0.0,0.0000,0.00,0.00,0.00,0.00
-0.1207,-0.1262,5.4,0,-300.4,-155.2,2.8008,-300.7,-155.0,2.7976,0.0,0.0,0.0000,-0.8,0.7,-0.0126,1.0,-0.3,0,0.0,0.0,0.0000,0.00,0.00,0.00,0.00
-0.1134,-0.1178,4.4,0,-300.0,-155.0,2.8019,-300.7,-155.0,2.7976,0.0,0.0,0.0000,-1.9,-0.0,-0.0170,1.8,0.7,0,0.0,0.0,0.0000,0.00,0.00,0.00,0.00
-0.1049,-0.1097,4.8,0,-300.5,-155.1,2.8009,-300.7,-155.0,2.7976,0.0,0.0,0.0000,-0.5,0.2,-0.0133,0.5,-0.0,0,0.0,0.0,0.0000,0.00,0.00,0.00,0.00
-0.0970,-0.1013,4.3,0,-300.1,-155.0,2.8022,-300.7,-155.0,2.7976,0.0,0.0,0.0000,-1.6,0.1,-0.0184,1.6,0.5,0,0.0,0.0,0.0000,0.00,0.00,0.00,0.00
-0.0889,-0.0926,3.7,0,-300.3,-155.3,2.8034,-300.7,-155.0,2.7976,0.0,0.0,0.0000,-1.1,0.8,-0.0231,1.3,-0.4,0,0.0,0.0,0.0000,0.00,0.00,0.00,0.00
-0.0804,-0.0838,3.4,0,-300.5,-155.1,2.7966,-300.7,-155.0,2.7976,0.0,0.0,0.0000,-5.8,2.3,0.0041,6.2,-0.2,0,0.0,0.0,0.0000,0.00,0.00,0.00,0.00
-0.0728,-0.0759,3.0,0,-300.5,-155.3,2.7990,-300.7,-155.0,2.7976,0.0,0.0,0.0000,-9.7,4.3,-0.0053,10.6,-0.8,0,0.0,0.0,0.0000,0.00,0.00,0.00,0.00
-0.0650,-0.0673,2.3,0,-300.2,-155.4,2.7955,-300.7,-155.0,2.7976,0.0,0.0,0.0000,-19.9,7.9,0.0086,21.4,-0.7,0,0.0,0.0,0.0000,0.00,0.00,0.00,0.00
-0.0567,-0.0591,2.5,0,-300.7,-155.4,2.7918,-300.7,-155.0,2.7976,0.0,0.0,0.0000,-26.2,10.7,0.0233,28.3,-1.1,0,0.0,0.0,0.0000,0.00,0.00,0.00,0.00
-0.0486,-0.0503,1.7,0,-300.0,-155.3,2.7992,-300.7,-155.0,2.7976,0.0,0.0,0.0000,-36.3,12.8,-0.0063,38.5,0.2,0,0.0,0.0,0.0000,0.00,0.00,0.00,0.00
-0.0407,-0.0420,1.3,0,-300.7,-155.0,2.8003,-300.7,-155.0,2.7976,0.0,0.0,0.0000,-41.8,14.4,-0.0106,44.2,0.4,0,0.0,0.0,0.0000,0.00,0.00,0.00,0.00
-0.0325,-0.0338,1.2,0,-300.5,-155.3,2.7938,-300.7,-155.0,2.7976,0.0,0.0,0.0000,-50.4,18.1,0.0152,53.6,0.2,0,0.0,0.0,0.0000,0.00,0.00,0.00,0.00
-0.0249,-0.0250,0.1,0,-299.9,-154.9,2.7977,-300.7,-155.0,2.7976,0.0,0.0,0.0000,-59.2,19.6,-0.0005,62.3,1.5,0,0.0,0.0,0.0000,0.00,0.00,0.00,0.00
-0.0173,-0.0250,7.7,0,-299.9,-154.9,2.7977,-300.7,-155.0,2.7976,0.0,0.0,0.0000,-66.0,22.1,-0.0005,69.6,1.5,0,0.0,0.0,0.0000,0.00,0.00,0.00,0.00
-0.0088,-0.0165,7.7,0,-300.2,-155.2,2.8030,-300.7,-155.0,2.7976,0.0,0.0,0.0000,-73.1,25.7,-0.0213,77.5,0.0,0,0.0,0.0,0.0000,0.00,0.00,0.00,0.00
-0.0011,-0.0065,5.4,0,-300.8,-155.2,2.7958,-300.7,-155.0,2.7976,0.0,0.0,0.0000,-78.9,28.6,0.0075,83.9,-0.2,0,0.0,0.0,0.0000,0.00,0.00,0.00,0.00
0.0068,0.0001,6.7,0,-300.8,-155.5,2.7885,-300.7,-155.0,2.7976,-7.6,2.7,-0.0000,-86.6,31.7,0.0367,92.2,0.2,0,0.0,0.0,0.0000,0.00,0.00,0.00,0.00
0.0151,0.0087,6.4,0,-300.5,-155.1,2.7923,-300.7,-155.0,2.7976,-6.2,2.2,0.0000,-95.3,32.8,0.0214,100.8,1.8,0,0.0,0.0,0.0000,0.00,0.00,0.00,0.00
0.0229,0.0172,5.7,0,-300.5,-155.0,2.8015,-300.8,-154.9,2.7976,-16.1,5.8,0.0000,-103.4,34.6,-0.0156,109.0,1.9,0,0.0,0.0,0.0000,0.00,0.00,0.00,0.00
0.0310,0.0255,5.5,0,-300.5,-155.3,2.7953,-301.0,-154.9,2.7976,-23.7,8.5,-0.0000,-112.0,37.8,0.0094,118.2,2.5,0,0.0,0.0,0.0000,0.00,0.00,0.00,0.00
0.0387,0.0341,4.6,0,-300.6,-155.0,2.8044,-301.2,-154.8,2.7976,-32.2,11.0,0.0000,-120.0,39.3,-0.0271,126.3,2.6,0,0.0,0.0,0.0000,0.00,0.00,0.00,0.00
0.0470,0.0425,4.5,0,-300.2,-155.1,2.8047,-301.5,-154.7,2.7976,-40.3,13.7,0.0000,-130.2,42.8,-0.0284,137.0,2.6,0,0.0,0.0,0.0000,0.00,0.00,0.00,0.00
0.0556,0.0506,5.0,0,-300.3,-155.1,2.8021,-301.9,-154.6,2.7976,-48.1,16.6,0.0000,-139.6,45.3,-0.0178,146.7,3.8,0,0.0,0.0,0.0000,0.00,0.00,0.00,0.00
0.0631,0.0595,3.6,0,-300.1,-154.8,2.8054,-302.3,-154.4,2.7976,-56.4,19.6,0.0000,-148.6,45.9,-0.0310,155.4,5.7,0,0.0,0.0,0.0000,0.00,0.00,0.00,0.00
0.0705,0.0677,2.8,0,-300.3,-155.2,2.7968,-302.8,-154.2,2.7976,-63.8,22.2,-0.0000,-156.6,49.0,0.0032,163.9,6.8,0,0.0,0.0,0.0000,0.00,0.00,0.00,0.00
0.0791,0.0765,2.5,0,-300.5,-155.2,2.7978,-303.4,-154.0,2.7976,-72.1,25.2,0.0000,-165.6,52.5,-0.0006,173.6,6.4,0,0.0,0.0,0.0000,0.00,0.00,0.00,0.00
0.0875,0.0846,2.9,0,-300.4,-155.0,2.8014,-304.0,-153.8,2.7976,-80.0,28.2,-0.0000,-176.3,54.1,-0.0151,184.3,7.8,0,0.0,0.0,0.0000,0.00,0.00,0.00,0.00
0.0947,0.0932,1.4,0,-300.5,-155.0,2.7988,-304.8,-153.6,2.7976,-88.1,30.6,-0.0000,-185.8,55.0,-0.0047,193.5,10.6,0,0.0,0.0,0.0000,0.00,0.00,0.00,0.00
0.1035,0.1013,2.2,0,-300.3,-155.1,2.8003,-305.5,-153.3,2.7976,-95.6,32.5,-0.0000,-197.4,57.9,-0.0109,205.4,11.5,0,0.0,0.0,0.0000,0.00,0.00,0.00,0.00
0.1109,0.1013,9.7,0,-300.3,-155.1,2.8003,-305.5,-153.3,2.7976,-95.6,32.5,-0.0000,-206.4,60.6,-0.0109,214.8,12.0,0,0.0,0.0,0.0000,0.00,0.00,0.00,0.00
0.1190,0.1116,7.5,0,-300.7,-155.1,2.7997,-306.5,-153.0,2.7976,-105.7,35.3,0.0000,-216.2,63.0,-0.0082,224.8,13.2,0,0.0,0.0,0.0000,0.00,0.00,0.00,0.00
0.1270,0.1205,6.5,0,-300.2,-155.3,2.7999,-307.5,-152.6,2.7976,-114.6,37.6,-0.0000,-228.5,65.7,-0.0092,237.3,14.6,0,0.0,0.0,0.0000,0.00,0.00,0.00,0.00
0.1347,0.1285,6.1,0,-300.1,-155.0,2.8007,-308.5,-152.3,2.7976,-122.3,40.2,-0.0000,-239.6,66.5,-0.0123,248.1,17.4,0,0.0,0.0,0.0000,0.00,0.00,0.00,0.00
0.1429,0.1371,5.7,0,-300.8,-155.1,2.7959,-309.6,-152.0,2.7976,-130.6,42.9,0.0000,-249.4,68.1,0.0067,257.7,20.5,0,0.0,0.0,0.0000,0.00,0.00,0.00,0.00
0.1514,0.1458,5.6,0,-300.3,-154.7,2.7976,-310.7,-151.6,2.7976,-139.1,44.1,-0.0000,-263.1,68.3,0.0001,270.7,24.4,0,0.0,0.0,0.0000,0.00,0.00,0.00,0.00
0.1586,0.1532,5.4,0,-300.7,-155.5,2.7973,-311.8,-151.3,2.7976,-146.3,45.5,0.0000,-271.7,72.1,0.0014,280.1,23.9,0,0.0,0.0,0.0000,0.00,0.00,0.00,0.00
0.1666,0.1612,5.5,0,-300.4,-154.9,2.8018,-313.0,-150.9,2.7976,-153.7,47.8,-0.0000,-284.4,72.0,-0.0165,292.1,26.9,0,0.0,0.0,0.0000,0.00,0.00,0.00,0.00
0.1750,0.1696,5.5,0,-300.3,-155.3,2.7999,-314.3,-150.5,2.7976,-161.6,50.0,-0.0000,-298.0,75.1,-0.0089,306.0,29.1,0,0.0,0.0,0.0000,0.00,0.00,0.00,0.00
0.1826,0.1776,5.0,0,-300.4,-155.3,2.8018,-315.6,-150.1,2.7976,-170.3,50.5,-0.0000,-309.5,76.3,-0.0168,317.2,31.2,0,0.0,0.0,0.0000,0.00,0.00,0.00,0.00
0.1908,0.1862,4.6,0,-300.2,-155.1,2.8007,-317.1,-149.6,2.7976,-179.1,51.6,-0.0000,-322.6,76.9,-0.0125,329.7,35.3,0,0.0,0.0,0.0000,0.00,0.00,0.00,0.00
0.1991,0.1947,4.5,0,-300.6,-155.4,2.7917,-318.7,-149.2,2.7976,-186.9,53.8,-0.0000,-334.5,78.5,0.0238,341.2,40.9,0,0.0,0.0,0.0000,0.00,0.00,0.00,0.00
0.2074,0.2027,4.7,0,-300.2,-155.4,2.7986,-320.2,-148.7,2.7976,-194.8,55.5,-0.0000,-348.9,79.3,-0.0038,355.2,42.7,0,0.0,0.0,0.0000,0.00,0.00,0.00,0.00
0.2156,0.2116,4.0,0,-300.0,-155.1,2.8020,-322.0,-148.2,2.7976,-204.0,57.0,-0.0000,-363.2,78.9,-0.0176,368.7,46.6,0,0.0,0.0,0.0000,0.00,0.00,0.00,0.00
0.2236,0.2235,0.1,0,-300.4,-155.0,2.8026,-324.5,-147.6,2.7976,-216.2,57.7,0.0000,-376.2,79.1,-0.0199,381.1,50.5,0,0.0,0.0,0.0000,0.00,0.00,0.00,0.00
0.2313,0.2281,3.2,0,-300.7,-155.3,2.7938,-325.5,-147.3,2.7976,-221.0,57.8,-0.0000,-388.2,80.2,0.0152,392.3,56.9,0,0.0,0.0,0.0000,0.00,0.00,0.00,0.00
0.2387,0.2365,2.2,0,-300.3,-155.3,2.7943,-327.4,-146.8,2.7976,-229.4,58.2,-0.0000,-401.4,80.8,0.0135,404.9,60.7,0,0.0,0.0,0.0000,0.00,0.00,0.00,0.00
0.2470,0.2446,2.3,0,-300.2,-155.1,2.7997,-329.3,-146.3,2.7976,-236.9,58.7,-0.0000,-416.3,80.1,-0.0083,419.0,64.1,0,0.0,0.0,0.0000,0.00,0.00,0.00,0.00
0.2549,0.2536,1.3,0,-300.4,-155.2,2.7961,-331.4,-145.8,2.7976,-246.2,59.2,0.0000,-430.3,79.8,0.0062,431.9,70.6,0,0.0,0.0,0.0000,0.00,0.00,0.00,0.00
0.2629,0.2602,2.7,0,-300.2,-155.5,2.7974,-333.1,-145.4,2.7976,-253.6,59.7,0.0000,-445.3,79.9,0.0009,446.1,75.0,0,0.0,0.0,0.0000,0.00,0.00,0.00,0.00
0.2708,0.2707,0.1,0,-300.6,-155.2,2.7906,-335.8,-144.8,2.7976,-264.2,59.7,0.0000,-458.9,78.2,0.0282,457.8,84.4,0,0.0,0.0,0.0000,0.00,0.00,0.00,0.00
0.2796,0.2794,0.1,0,-300.4,-155.1,2.8010,-338.2,-144.3,2.7976,-272.9,59.6,-0.0000,-475.7,76.9,-0.0135,474.0,86.4,0,0.0,0.0,0.0000,0.00,0.00,0.00,0.00
0.2876,0.2874,0.1,0,-300.3,-155.4,2.8015,-340.4,-143.8,2.7976,-281.1,58.8,0.0000,-490.3,76.9,-0.0154,487.9,91.1,0,0.0,0.0,0.0000,0.00,0.00,0.00,0.00
0.2952,0.2874,7.8,0,-300.3,-155.4,2.8015,-340.4,-143.8,2.7976,-281.1,58.8,0.0000,-494.5,74.1,-0.0154,490.9,95.1,0,0.0,0.0,0.0000,0.00,0.00,0.00,0.00
0.3035,0.2959,7.6,0,-300.4,-155.3,2.7965,-342.8,-143.3,2.7976,-289.8,58.1,-0.0000,-495.1,70.2,0.0043,489.6,101.4,0,0.0,0.0,0.0000,0.00,0.00,0.00,0.00
0.3113,0.3047,6.6,0,-300.0,-155.3,2.7954,-345.4,-142.8,2.7976,-299.3,57.1,0.0000,-495.6,66.3,0.0091,488.7,105.8,0,0.0,0.0,0.0000,0.00,0.00,0.00,0.00
0.3194,0.3137,5.6,0,-300.4,-155.3,2.7966,-348.1,-142.3,2.7976,-309.1,56.1,0.0000,-496.2,61.8,0.0040,487.8,109.6,0,0.0,0.0,0.0000,0.00,0.00,0.00,0.00
0.3268,0.3213,5.6,0,-300.6,-155.3,2.7927,-350.5,-141.9,2.7976,-316.4,55.1,-0.0000,-496.6,58.3,0.0196,486.6,115.0,0,0.0,0.0,0.0000,0.00,0.00,0.00,0.00
0.3353,0.3299,5.3,0,-300.8,-155.2,2.7903,-353.3,-141.4,2.7976,-325.1,53.8,-0.0000,-497.0,54.7,0.0293,485.5,119.7,0,0.0,0.0,0.0000,0.00,0.00,0.00,0.00
0.3436,0.3380,5.6,0,-300.3,-155.2,2.8029,-355.9,-141.0,2.7976,-334.1,51.8,-0.0000,-497.4,51.1,-0.0213,486.1,117.0,0,0.0,0.0,0.0000,0.00,0.00,0.00,0.00
0.3507,0.3469,3.8,0,-299.9,-155.3,2.8002,-359.0,-140.5,2.7976,-343.6,49.6,-0.0000,-497.6,48.6,-0.0104,485.2,120.8,0,0.0,0.0,0.0000,0.00,0.00,0.00,0.00
0.3592,0.3548,4.4,0,-300.3,-155.3,2.7935,-361.7,-140.1,2.7976,-352.0,47.2,-0.0000,-497.9,45.3,0.0167,483.5,127.3,0,0.0,0.0,0.0000,0.00,0.00,0.00,0.00
0.3667,0.3634,3.4,0,-300.2,-155.2,2.7951,-364.7,-139.7,2.7976,-360.9,44.7,-0.0000,-498.2,42.0,0.0101,482.9,129.6,0,0.0,0.0,0.0000,0.00,0.00,0.00,0.00
0.3749,0.3719,3.0,0,-300.1,-154.9,2.7994,-367.9,-139.4,2.7976,-369.5,42.3,-0.0000,-498.6,37.8,-0.0071,482.4,131.7,0,0.0,0.0,0.0000,0.00,0.00,0.00,0.00
0.3829,0.3806,2.3,0,-300.1,-155.1,2.8009,-371.1,-139.0,2.7976,-378.5,39.4,-0.0000,-498.8,34.9,-0.0132,481.8,133.7,0,0.0,0.0,0.0000,0.00,0.00,0.00,0.00
0.3915,0.3891,2.5,0,-300.3,-154.9,2.7962,-374.4,-138.7,2.7976,-388.7,36.6,0.0000,-499.0,31.2,0.0057,480.1,139.6,0,0.0,0.0,0.0000,0.00,0.00,0.00,0.00
0.3987,0.3972,1.4,0,-300.6,-155.0,2.7957,-377.6,-138.4,2.7976,-394.3,32.4,0.0000,-499.2,28.6,0.0078,479.3,142.3,0,0.0,0.0,0.0000,0.00,0.00,0.00,0.00
0.4072,0.4060,1.2,0,-300.0,-155.2,2.7997,-381.0,-138.1,2.7976,-399.1,27.1,0.0000,-499.3,25.5,-0.0083,479.0,143.4,0,0.0,0.0,0.0000,0.00,0.00,0.00,0.00
0.4155,0.4060,9.5,0,-300.0,-155.2,2.7997,-381.0,-138.1,2.7976,-399.1,27.1,0.0000,-499.5,22.4,-0.0083,478.1,146.4,0,0.0,0.0,0.0000,0.00,0.00,0.00,0.00
0.4235,0.4168,6.7,0,-300.2,-155.2,2.7964,-385.4,-137.9,2.7976,-399.6,21.5,0.0000,-499.6,19.4,0.0048,476.7,150.8,0,0.0,0.0,0.0000,0.00,0.00,0.00,0.00
0.4307,0.4284,2.4,0,-300.8,-154.9,2.7942,-390.0,-137.7,2.7976,-400.0,15.5,0.0000,-499.8,15.7,0.0138,475.3,155.4,0,0.0,0.0,0.0000,0.00,0.00,0.00,0.00
0.4397,0.4396,0.1,0,-300.6,-155.4,2.7978,-394.5,-137.5,2.7976,-399.4,9.9,0.0000,-499.8,13.2,-0.0008,475.0,156.0,0,0.0,0.0,0.0000,0.00,0.00,0.00,0.00
0.4475,0.4396,7.9,0,-300.6,-155.4,2.7978,-394.5,-137.5,2.7976,-399.4,9.9,0.0000,-499.9,9.7,-0.0008,473.9,159.3,0,0.0,0.0,0.0000,0.00,0.00,0.00,0.00
0.4550,0.4512,3.8,0,-300.1,-155.3,2.7948,-399.1,-137.4,2.7976,-399.9,3.8,0.0000,-500.0,6.7,0.0115,472.5,163.7,0,0.0,0.0,0.0000,0.00,0.00,0.00,0.00
0.4629,0.4571,5.8,0,-300.3,-155.6,2.7988,-401.5,-137.4,2.7976,-400.0,0.6,-0.0000,-500.0,4.9,-0.0048,472.5,163.4,0,0.0,0.0,0.0000,0.00,0.00,0.00,0.00
0.4711,0.4630,8.1,0,-300.2,-155.3,2.8003,-403.8,-137.4,2.7976,-399.8,-2.6,-0.0000,-500.0,1.3,-0.0108,471.6,166.1,0,0.0,0.0,0.0000,0.00,0.00,0.00,0.00
0.4794,0.4731,6.3,0,-300.5,-155.2,2.7973,-407.8,-137.5,2.7976,-399.6,-8.1,-0.0000,-500.0,-2.0,0.0012,470.0,170.6,0,0.0,0.0,0.0000,0.00,0.00,0.00,0.00
0.4867,0.4841,2.6,0,-300.5,-155.3,2.7991,-412.2,-137.6,2.7976,-400.2,-14.0,0.0000,-500.0,-4.8,-0.0058,469.3,172.5,0,0.0,0.0,0.0000,0.00,0.00,0.00,0.00
0.4947,0.4902,4.5,0,-300.5,-155.4,2.8020,-414.7,-137.7,2.7976,-400.2,-17.2,0.0000,-499.9,-8.1,-0.0173,468.7,174.2,0,0.0,0.0,0.0000,0.00,0.00,0.00,0.00
0.5033,0.4987,4.6,0,-300.3,-155.1,2.8000,-418.1,-137.9,2.7976,-399.3,-21.6,0.0000,-499.9,-12.1,-0.0095,466.9,178.9,0,0.0,0.0,0.0000,0.00,0.00,0.00,0.00
0.5116,0.5070,4.6,0,-300.5,-154.9,2.7960,-421.4,-138.1,2.7976,-398.9,-25.9,-0.0000,-499.8,-15.5,0.0065,464.9,183.9,0,0.0,0.0,0.0000,0.00,0.00,0.00,0.00
0.5191,0.5177,1.4,0,-300.5,-155.1,2.8018,-425.7,-138.4,2.7976,-399.1,-31.7,0.0000,-499.7,-17.8,-0.0165,465.2,183.3,0,0.0,0.0,0.0000,0.00,0.00,0.00,0.00
0.5266,0.5242,2.4,0,-300.6,-155.1,2.8026,-428.3,-138.6,2.7976,-398.7,-35.4,0.0000,-499.6,-20.1,-0.0197,464.5,185.1,0,0.0,0.0,0.0000,0.00,0.00,0.00,0.00
0.5354,0.5330,2.4,0,-300.0,-155.0,2.7999,-431.8,-138.9,2.7976,-397.6,-40.7,-0.0000,-499.4,-23.6,-0.0092,462.6,189.6,0,0.0,0.0,0.0000,0.00,0.00,0.00,0.00
0.5436,0.5410,2.6,0,-300.0,-155.2,2.8026,-435.0,-139.3,2.7976,-397.2,-44.7,0.0000,-499.3,-27.1,-0.0199,461.9,191.5,0,0.0,0.0,0.0000,0.00,0.00,0.00,0.00
0.5514,0.5511,0.3,0,-300.2,-155.2,2.7975,-439.0,-139.7,2.7976,-397.0,-49.2,-0.0000,-499.1,-30.1,0.0005,459.7,196.7,0,0.0,0.0,0.0000,0.00,0.00,0.00,0.00
0.5588,0.5511,7.7,0,-300.2,-155.2,2.7975,-439.0,-139.7,2.7976,-397.0,-49.2,-0.0000,-498.9,-32.6,0.0005,458.7,199.0,0,0.0,0.0,0.0000,0.00,0.00,0.00,0.00
0.5678,0.5663,1.4,0,-300.4,-155.2,2.7944,-445.0,-140.6,2.7976,-396.1,-57.0,0.0000,-498.7,-35.7,0.0128,456.8,203.3,0,0.0,0.0,0.0000,0.00,0.00,0.00,0.00
0.5751,0.5750,0.2,0,-300.1,-154.9,2.8036,-448.4,-141.1,2.7976,-395.1,-62.0,0.0000,-498.5,-38.9,-0.0238,457.4,202.0,0,0.0,0.0,0.0000,0.00,0.00,0.00,0.00
0.5832,0.5750,8.2,0,-300.1,-154.9,2.8036,-448.4,-141.1,2.7976,-395.1,-62.0,0.0000,-498.2,-41.8,-0.0238,456.2,204.7,0,0.0,0.0,0.0000,0.00,0.00,0.00,0.00
0.5906,0.5840,6.6,0,-300.7,-155.2,2.8002,-452.0,-141.7,2.7976,-393.7,-67.5,0.0000,-498.1,-44.0,-0.0103,454.6,208.2,0,0.0,0.0,0.0000,0.00,0.00,0.00,0.00
0.5987,0.5917,7.1,0,-300.1,-154.9,2.8021,-455.0,-142.2,2.7976,-393.7,-71.3,-0.0000,-497.7,-47.5,-0.0179,453.5,210.5,0,0.0,0.0,0.0000,0.00,0.00,0.00,0.00
0.6066,0.6001,6.5,0,-300.4,-155.1,2.7956,-458.3,-142.8,2.7976,-393.8,-75.6,0.0000,-497.4,-50.8,0.0083,450.7,216.5,0,0.0,0.0,0.0000,0.00,0.00,0.00,0.00
0.6152,0.6087,6.4,0,-300.1,-155.3,2.7940,-461.7,-143.5,2.7976,-392.1,-79.5,-0.0000,-497.1,-53.6,0.0145,449.1,219.7,0,0.0,0.0,0.0000,0.00,0.00,0.00,0.00
0.6229,0.6173,5.6,0,-300.5,-155.2,2.8003,-465.1,-144.2,2.7976,-390.6,-83.5,0.0000,-496.9,-55.9,-0.0105,449.5,219.0,0,0.0,0.0,0.0000,0.00,0.00,0.00,0.00
0.6311,0.6254,5.7,0,-300.3,-155.2,2.7970,-468.2,-144.9,2.7976,-389.7,-88.7,-0.0000,-496.5,-58.7,0.0024,447.5,223.0,0,0.0,0.0,0.0000,0.00,0.00,0.00,0.00
0.6397,0.6329,6.7,0,-300.3,-154.9,2.8026,-471.2,-145.6,2.7976,-388.8,-93.1,-0.0000,-496.1,-62.5,-0.0199,447.0,223.9,0,0.0,0.0,0.0000,0.00,0.00,0.00,0.00
0.6474,0.6431,4.3,0,-300.5,-155.2,2.7960,-475.1,-146.5,2.7976,-387.7,-97.9,0.0000,-495.8,-65.0,0.0067,444.4,229.1,0,0.0,0.0,0.0000,0.00,0.00,0.00,0.00
0.6549,0.6512,3.7,0,-300.1,-155.5,2.7963,-478.3,-147.3,2.7976,-386.8,-101.9,0.0000,-495.4,-67.3,0.0052,443.4,231.0,0,0.0,0.0,0.0000,0.00,0.00,0.00,0.00
0.6626,0.6592,3.4,0,-300.3,-155.1,2.7995,-481.3,-148.2,2.7976,-386.0,-105.8,-0.0000,-495.0,-70.7,-0.0073,442.5,232.7,0,0.0,0.0,0.0000,0.00,0.00,0.00,0.00
0.6707,0.6680,2.7,0,-300.4,-155.1,2.8038,-484.7,-149.1,2.7976,-384.8,-110.3,0.0000,-494.5,-73.8,-0.0246,442.1,233.5,0,0.0,0.0,0.0000,0.00,0.00,0.00,0.00
0.6788,0.6761,2.6,0,-300.5,-155.0,2.7994,-487.9,-150.0,2.7976,-383.7,-114.3,0.0000,-494.1,-76.8,-0.0069,439.6,238.2,0,0.0,0.0,0.0000,0.00,0.00,0.00,0.00
0.6874,0.6850,2.5,0,-300.7,-155.3,2.7911,-491.2,-151.1,2.7976,-382.0,-119.1,-0.0000,-493.7,-79.0,0.0263,436.6,243.7,0,0.0,0.0,0.0000,0.00,0.00,0.00,0.00
0.6949,0.6934,1.5,0,-300.3,-155.4,2.7880,-494.5,-152.1,2.7976,-379.9,-124.5,0.0000,-493.3,-81.4,0.0387,434.6,247.2,0,0.0,0.0,0.0000,0.00,0.00,0.00,0.00
0.7030,0.7018,1.2,0,-300.5,-155.4,2.7987,-497.6,-153.1,2.7976,-378.7,-128.3,0.0000,-492.8,-84.5,-0.0044,435.7,245.3,0,0.0,0.0,0.0000,0.00,0.00,0.00,0.00
0.7109,0.7097,1.2,0,-300.3,-155.1,2.8074,-500.6,-154.2,2.7976,-377.8,-131.1,0.0000,-492.2,-87.8,-0.0390,436.2,244.4,0,0.0,0.0,0.0000,0.00,0.00,0.00,0.00
0.7186,0.7185,0.1,0,-300.3,-155.4,2.7981,-504.0,-155.4,2.7976,-376.2,-135.7,-0.0000,-491.8,-90.3,-0.0021,432.6,250.6,0,0.0,0.0,0.0000,0.00,0.00,0.00,0.00
0.7266,0.7265,0.1,0,-300.3,-155.2,2.7974,-507.0,-156.5,2.7976,-374.7,-140.0,0.0000,-491.2,-93.6,0.0010,430.8,253.9,0,0.0,0.0,0.0000,0.00,0.00,0.00,0.00
0.7350,0.7265,8.5,0,-300.3,-155.2,2.7974,-507.0,-156.5,2.7976,-374.7,-140.0,0.0000,-490.6,-96.6,0.0010,429.2,256.5,0,0.0,0.0,0.0000,0.00,0.00,0.00,0.00
0.7430,0.7355,7.5,0,-300.1,-155.1,2.7996,-510.3,-157.7,2.7976,-373.0,-144.7,0.0000,-490.0,-99.4,-0.0078,428.3,258.0,0,0.0,0.0,0.0000,0.00,0.00,0.00,0.00
0.7515,0.7436,7.9,0,-300.8,-155.5,2.7927,-513.3,-158.9,2.7976,-371.6,-149.0,-0.0000,-489.5,-101.8,0.0197,425.2,263.0,0,0.0,0.0,0.0000,0.00,0.00,0.00,0.00
0.7589,0.7524,6.6,0,-300.3,-155.1,2.8015,-516.6,-160.2,2.7976,-369.4,-153.3,0.0000,-488.9,-104.7,-0.0153,426.0,261.8,0,0.0,0.0,0.0000,0.00,0.00,0.00,0.00
0.7671,0.7605,6.6,0,-300.3,-155.0,2.7948,-519.6,-161.5,2.7976,-367.4,-157.5,-0.0000,-488.3,-107.7,0.0115,422.6,267.2,0,0.0,0.0,0.0000,0.00,0.00,0.00,0.00
0.7755,0.7691,6.4,0,-300.4,-155.4,2.7973,-522.7,-162.9,2.7976,-366.1,-161.0,-0.0000,-487.7,-110.1,0.0012,421.9,268.3,0,0.0,0.0,0.0000,0.00,0.00,0.00,0.00
0.7833,0.7778,5.4,0,-300.4,-155.3,2.7989,-525.9,-164.3,2.7976,-364.6,-164.8,-0.0000,-487.0,-113.4,-0.0052,420.6,270.4,0,0.0,0.0,0.0000,0.00,0.00,0.00,0.00
0.7910,0.7860,5.1,0,-300.5,-155.2,2.8006,-528.9,-165.7,2.7976,-362.5,-169.0,-0.0000,-486.3,-116.1,-0.0117,419.5,272.1,0,0.0,0.0,0.0000,0.00,0.00,0.00,0.00
0.7991,0.7945,4.6,0,-300.5,-155.2,2.7996,-532.0,-167.1,2.7976,-360.5,-173.3,0.0000,-485.7,-118.8,-0.0079,417.7,274.8,0,0.0,0.0,0.0000,0.00,0.00,0.00,0.00
0.8068,0.8032,3.6,0,-300.9,-155.2,2.7907,-535.1,-168.6,2.7976,-357.8,-177.9,-0.0000,-485.0,-121.4,0.0278,413.7,280.8,0,0.0,0.0,0.0000,0.00,0.00,0.00,0.00
0.8157,0.8112,4.5,0,-300.2,-155.2,2.7995,-537.9,-170.1,2.7976,-355.9,-181.9,0.0000,-484.3,-124.1,-0.0073,414.6,279.4,0,0.0,0.0,0.0000,0.00,0.00,0.00,0.00
0.8226,0.8197,2.8,0,-300.0,-155.1,2.8010,-541.0,-171.7,2.7976,-354.5,-186.1,0.0000,-483.7,-126.7,-0.0136,413.6,281.0,0,0.0,0.0,0.0000,0.00,0.00,0.00,0.00
0.8309,0.8286,2.3,0,-300.3,-155.2,2.7977,-544.1,-173.3,2.7976,-352.4,-190.2,0.0000,-482.9,-129.7,-0.0004,410.9,284.9,0,0.0,0.0,0.0000,0.00,0.00,0.00,0.00
0.8396,0.8363,3.3,0,-300.2,-155.0,2.7993,-546.8,-174.8,2.7976,-350.2,-193.2,-0.0000,-482.0,-133.0,-0.0065,409.4,287.0,0,0.0,0.0,0.0000,0.00,0.00,0.00,0.00
0.8466,0.8452,1.4,0,-300.5,-155.0,2.7943,-549.9,-176.5,2.7976,-348.0,-197.2,-0.0000,-481.3,-135.3,0.0134,406.5,291.1,0,0.0,0.0,0.0000,0.00,0.00,0.00,0.00
0.8551,0.8538,1.2,0,-300.4,-155.7,2.7965,-552.9,-178.3,2.7976,-346.0,-201.2,-0.0000,-480.8,-137.3,0.0045,406.0,291.9,0,0.0,0.0,0.0000,0.00,0.00,0.00,0.00
0.8632,0.8619,1.2,0,-299.9,-155.1,2.7996,-555.7,-179.9,2.7976,-343.5,-205.1,0.0000,-479.8,-140.7,-0.0079,404.8,293.4,0,0.0,0.0,0.0000,0.00,0.00,0.00,0.00
0.8707,0.8706,0.1,0,-300.1,-155.3,2.8047,-558.7,-181.7,2.7976,-340.5,-209.6,-0.0000,-479.1,-143.1,-0.0282,404.9,293.4,0,0.0,0.0,0.0000,0.00,0.00,0.00,0.00
0.8791,0.8789,0.2,0,-300.9,-155.3,2.7958,-561.5,-183.5,2.7976,-338.3,-213.1,0.0000,-478.2,-146.0,0.0074,400.4,299.4,0,0.0,0.0,0.0000,0.00,0.00,0.00,0.00
0.8866,0.8789,7.7,0,-300.9,-155.3,2.7958,-561.5,-183.5,2.7976,-338.3,-213.1,0.0000,-477.4,-148.5,0.0074,398.8,301.6,0,0.0,0.0,0.0000,0.00,0.00,0.00,0.00
0.8950,0.8874,7.6,0,-300.4,-155.2,2.8033,-564.4,-185.3,2.7976,-336.1,-216.7,0.0000,-476.4,-151.7,-0.0225,399.1,301.2,0,0.0,0.0,0.0000,0.00,0.00,0.00,0.00
0.9030,0.8965,6.5,0,-300.4,-155.1,2.8004,-567.4,-187.3,2.7976,-333.8,-220.5,-0.0000,-475.5,-154.5,-0.0109,396.4,304.7,0,0.0,0.0,0.0000,0.00,0.00,0.00,0.00
0.9110,0.9046,6.4,0,-300.1,-155.3,2.8009,-570.1,-189.1,2.7976,-331.8,-223.9,-0.0000,-474.8,-156.6,-0.0130,395.2,306.3,0,0.0,0.0,0.0000,0.00,0.00,0.00,0.00
0.9186,0.9127,5.9,0,-300.3,-155.2,2.7951,-572.8,-190.9,2.7976,-328.4,-227.8,-0.0000,-474.0,-159.3,0.0100,391.7,310.7,0,0.0,0.0,0.0000,0.00,0.00,0.00,0.00
0.9269,0.9213,5.6,0,-300.0,-154.9,2.8014,-575.6,-192.9,2.7976,-325.2,-231.8,-0.0000,-473.0,-162.2,-0.0151,391.7,310.7,0,0.0,0.0,0.0000,0.00,0.00,0.00,0.00
0.9352,0.9297,5.5,0,-300.7,-155.1,2.7955,-578.3,-194.8,2.7976,-323.3,-235.3,0.0000,-472.0,-165.0,0.0086,388.0,315.4,0,0.0,0.0,0.0000,0.00,0.00,0.00,0.00
0.9432,0.9387,4.5,0,-301.0,-154.9,2.7964,-581.2,-197.0,2.7976,-320.9,-239.2,0.0000,-470.9,-168.0,0.0050,386.3,317.5,0,0.0,0.0,0.0000,0.00,0.00,0.00,0.00
0.9508,0.9468,4.0,0,-300.6,-155.3,2.7919,-583.8,-198.9,2.7976,-318.5,-242.8,0.0000,-470.2,-170.0,0.0230,383.5,320.8,0,0.0,0.0,0.0000,0.00,0.00,0.00,0.00
0.9596,0.9552,4.3,0,-300.3,-155.1,2.8033,-586.5,-201.0,2.7976,-315.8,-246.4,-0.0000,-469.1,-173.1,-0.0225,385.0,319.0,0,0.0,0.0,0.0000,0.00,0.00,0.00,0.00
0.9669,0.9633,3.7,0,-300.2,-155.1,2.7977,-589.0,-203.0,2.7976,-312.8,-249.1,-0.0000,-468.2,-175.6,-0.0002,381.6,323.1,0,0.0,0.0,0.0000,0.00,0.00,0.00,0.00
0.9755,0.9719,3.6,0,-300.7,-154.9,2.8034,-591.7,-205.1,2.7976,-309.6,-252.7,0.0000,-467.0,-178.7,-0.0231,381.2,323.5,0,0.0,0.0,0.0000,0.00,0.00,0.00,0.00
0.9829,0.9806,2.3,0,-300.3,-155.3,2.8017,-594.4,-207.4,2.7976,-306.2,-257.2,-0.0000,-466.3,-180.6,-0.0162,379.4,325.7,0,0.0,0.0,0.0000,0.00,0.00,0.00,0.00
0.9911,0.9886,2.5,0,-300.1,-155.1,2.7980,-596.8,-209.4,2.7976,-303.4,-260.4,-0.0000,-465.3,-183.0,-0.0014,376.5,329.1,0,0.0,0.0,0.0000,0.00,0.00,0.00,0.00
0.9990,0.9976,1.4,0,-300.5,-155.4,2.7906,-599.5,-211.8,2.7976,-300.6,-263.4,-0.0000,-464.3,-185.5,0.0282,372.3,333.8,0,0.0,0.0,0.0000,0.00,0.00,0.00,0.00
1.0070,1.0058,1.2,0,-300.1,-155.3,2.7976,-602.0,-214.0,2.7976,-298.0,-266.6,-0.0000,-463.2,-188.3,0.0003,372.5,333.5,0,0.0,0.0,0.0000,0.00,0.00,0.00,0.00
1.0156,1.0155,0.1,0,-300.4,-155.3,2.7983,-604.9,-216.6,2.7976,-295.2,-270.6,0.0000,-462.0,-191.3,-0.0027,370.6,335.6,0,0.0,0.0,0.0000,0.00,0.00,0.00,0.00
1.0236,1.0234,0.1,0,-300.5,-155.2,2.8032,-607.2,-218.7,2.7976,-291.9,-273.7,-0.0000,-460.9,-193.9,-0.0224,370.4,335.9,0,0.0,0.0,0.0000,0.00,0.00,0.00,0.00
1.0311,1.0310,0.1,0,-300.4,-155.1,2.8025,-609.4,-220.8,2.7976,-288.8,-276.7,-0.0000,-459.8,-196.3,-0.0197,368.4,338.1,0,0.0,0.0,0.0000,0.00,0.00,0.00,0.00
1.0385,1.0310,7.5,0,-300.4,-155.1,2.8025,-609.4,-220.8,2.7976,-288.8,-276.7,-0.0000,-458.8,-198.7,-0.0197,366.6,340.0,0,0.0,0.0,0.0000,0.00,0.00,0.00,0.00
1.0467,1.0426,4.0,0,-300.1,-155.1,2.7977,-612.7,-224.1,2.7976,-284.1,-281.3,-0.0000,-457.7,-201.2,-0.0002,363.1,343.7,0,0.0,0.0,0.0000,0.00,0.00,0.00,0.00
1.0546,1.0483,6.3,0,-300.5,-155.1,2.7983,-614.3,-225.7,2.7976,-281.9,-283.5,-0.0000,-456.6,-203.8,-0.0026,361.4,345.6,0,0.0,0.0,0.0000,0.00,0.00,0.00,0.00
1.0631,1.0563,6.7,0,-300.2,-155.2,2.8003,-616.6,-228.0,2.7976,-279.0,-286.5,0.0000,-455.5,-206.2,-0.0106,360.2,346.8,0,0.0,0.0,0.0000,0.00,0.00,0.00,0.00
1.0713,1.0647,6.6,0,-300.1,-155.0,2.8029,-618.9,-230.4,2.7976,-276.0,-289.7,0.0000,-454.2,-209.1,-0.0212,358.9,348.1,0,0.0,0.0,0.0000,0.00,0.00,0.00,0.00
1.0786,1.0733,5.3,0,-300.5,-155.3,2.7983,-621.2,-232.9,2.7976,-273.3,-292.4,0.0000,-453.1,-211.4,-0.0025,355.5,351.6,0,0.0,0.0,0.0000,0.00,0.00,0.00,0.00
1.0874,1.0820,5.4,0,-299.8,-154.9,2.7987,-623.6,-235.4,2.7976,-270.3,-295.3,-0.0000,-451.8,-214.2,-0.0043,353.5,353.7,0,0.0,0.0,0.0000,0.00,0.00,0.00,0.00
1.0951,1.0899,5.2,0,-300.5,-154.9,2.7950,-625.7,-237.8,2.7976,-265.9,-298.5,-0.0000,-450.5,-216.8,0.0104,350.1,357.0,0,0.0,0.0,0.0000,0.00,0.00,0.00,0.00
1.1028,1.0986,4.2,0,-300.2,-155.1,2.8025,-628.0,-240.4,2.7976,-261.8,-301.8,0.0000,-449.6,-218.8,-0.0197,351.3,355.8,0,0.0,0.0,0.0000,0.00,0.00,0.00,0.00
1.1106,1.1070,3.5,0,-300.4,-155.3,2.8017,-630.2,-242.9,2.7976,-258.9,-304.6,-0.0000,-448.5,-221.1,-0.0162,349.1,357.9,0,0.0,0.0,0.0000,0.00,0.00,0.00,0.00
1.1190,1.1156,3.4,0,-300.3,-155.3,2.7991,-632.4,-245.5,2.7976,-255.7,-307.5,0.0000,-447.0,-224.1,-0.0059,345.8,361.2,0,0.0,0.0,0.0000,0.00,0.00,0.00,0.00
1.1277,1.1239,3.7,0,-300.0,-155.2,2.7954,-634.5,-248.1,2.7976,-252.7,-310.4,0.0000,-445.6,-226.7,0.0087,342.3,364.5,0,0.0,0.0,0.0000,0.00,0.00,0.00,0.00
1.1348,1.1325,2.3,0,-300.2,-155.2,2.7974,-636.7,-250.8,2.7976,-249.3,-313.2,0.0000,-444.6,-228.8,0.0009,341.3,365.4,0,0.0,0.0,0.0000,0.00,0.00,0.00,0.00
1.1435,1.1325,11.0,0,-300.2,-155.2,2.7974,-636.7,-250.8,2.7976,-249.3,-313.2,0.0000,-443.2,-231.4,0.0009,339.1,367.4,0,0.0,0.0,0.0000,0.00,0.00,0.00,0.00
1.1506,1.1502,0.4,0,-300.1,-154.8,2.7968,-641.1,-256.4,2.7976,-241.4,-318.9,-0.0000,-441.9,-234.0,0.0033,336.8,369.6,0,0.0,0.0,0.0000,0.00,0.00,0.00,0.00
1.1588,1.1576,1.2,0,-300.3,-155.1,2.8042,-642.8,-258.8,2.7976,-237.9,-321.4,0.0000,-440.6,-236.4,-0.0264,337.5,368.9,0,0.0,0.0,0.0000,0.00,0.00,0.00,0.00
1.1673,1.1661,1.2,0,-300.2,-155.4,2.7985,-644.8,-261.5,2.7976,-234.2,-324.1,0.0000,-439.4,-238.5,-0.0034,333.6,372.5,0,0.0,0.0,0.0000,0.00,0.00,0.00,0.00
1.1748,1.1747,0.1,0,-300.5,-155.1,2.8002,-646.8,-264.3,2.7976,-230.5,-326.9,-0.0000,-438.0,-241.1,-0.0105,332.0,373.9,0,0.0,0.0,0.0000,0.00,0.00,0.00,0.00
1.1836,1.1747,8.9,0,-300.5,-155.1,2.8002,-646.8,-264.3,2.7976,-230.5,-326.9,-0.0000,-436.4,-244.0,-0.0105,329.5,376.0,0,0.0,0.0,0.0000,0.00,0.00,0.00,0.00
1.1915,1.1914,0.1,0,-300.6,-155.4,2.7939,-650.6,-269.8,2.7976,-224.1,-331.2,0.0000,-435.2,-246.2,0.0150,325.2,379.8,0,0.0,0.0,0.0000,0.00,0.00,0.00,0.00
1.1990,1.1914,7.6,0,-300.6,-155.4,2.7939,-650.6,-269.8,2.7976,-224.1,-331.2,0.0000,-434.0,-248.3,0.0150,323.4,381.3,0,0.0,0.0,0.0000,0.00,0.00,0.00,0.00
1.2072,1.2018,5.4,0,-300.4,-155.5,2.7976,-652.9,-273.3,2.7976,-218.6,-335.0,-0.0000,-432.7,-250.6,-0.0001,322.9,381.8,0,0.0,0.0,0.0000,0.00,0.00,0.00,0.00
1.2151,1.2088,6.3,0,-300.1,-155.1,2.7978,-654.4,-275.6,2.7976,-215.1,-337.4,-0.0000,-431.1,-253.2,-0.0006,320.6,383.7,0,0.0,0.0,0.0000,0.00,0.00,0.00,0.00
1.2230,1.2175,5.5,0,-300.4,-155.1,2.8041,-656.3,-278.6,2.7976,-211.9,-339.6,-0.0000,-429.6,-255.8,-0.0258,320.7,383.6,0,0.0,0.0,0.0000,0.00,0.00,0.00,0.00
1.2306,1.2253,5.4,0,-300.5,-155.2,2.7941,-657.9,-281.2,2.7976,-208.8,-341.7,0.0000,-428.3,-258.0,0.0139,314.9,388.4,0,0.0,0.0,0.0000,0.00,0.00,0.00,0.00
1.2392,1.2335,5.7,0,-300.5,-155.0,2.7981,-659.6,-284.0,2.7976,-204.5,-343.8,0.0000,-426.7,-260.7,-0.0018,313.9,389.2,0,0.0,0.0,0.0000,0.00,0.00,0.00,0.00
1.2472,1.2425,4.8,0,-300.5,-155.3,2.8013,-661.4,-287.1,2.7976,-200.2,-346.1,0.0000,-425.4,-262.8,-0.0146,313.3,389.7,0,0.0,0.0,0.0000,0.00,0.00,0.00,0.00
1.2552,1.2529,2.3,0,-300.4,-155.1,2.8006,-663.5,-290.7,2.7976,-195.6,-348.5,0.0000,-423.9,-265.2,-0.0118,310.8,391.7,0,0.0,0.0,0.0000,0.00,0.00,0.00,0.00
1.2635,1.2590,4.6,0,-300.3,-155.3,2.8005,-664.7,-292.9,2.7976,-192.8,-350.1,-0.0000,-422.5,-267.4,-0.0114,308.7,393.3,0,0.0,0.0,0.0000,0.00,0.00,0.00,0.00
1.2717,1.2676,4.2,0,-300.1,-154.9,2.7999,-666.3,-295.9,2.7976,-188.7,-353.0,0.0000,-420.9,-269.9,-0.0089,306.1,395.4,0,0.0,0.0,0.0000,0.00,0.00,0.00,0.00
1.2795,1.2762,3.3,0,-300.5,-155.3,2.7889,-667.9,-298.9,2.7976,-184.6,-355.2,-0.0000,-419.5,-272.1,0.0350,299.6,400.3,0,0.0,0.0,0.0000,0.00,0.00,0.00,0.00
1.2876,1.2859,1.7,0,-300.4,-154.8,2.8041,-669.7,-302.4,2.7976,-180.2,-356.8,-0.0000,-417.7,-274.9,-0.0259,303.1,397.6,0,0.0,0.0,0.0000,0.00,0.00,0.00,0.00
1.2956,1.2930,2.6,0,-300.4,-155.0,2.8019,-671.0,-304.9,2.7976,-176.8,-358.6,-0.0000,-416.2,-277.1,-0.0173,300.1,399.9,0,0.0,0.0,0.0000,0.00,0.00,0.00,0.00
1.3031,1.3016,1.5,0,-300.7,-155.2,2.7939,-672.5,-308.0,2.7976,-172.5,-361.0,-0.0000,-414.7,-279.3,0.0150,294.7,403.9,0,0.0,0.0,0.0000,0.00,0.00,0.00,0.00
1.3110,1.3098,1.2,0,-300.4,-154.8,2.8010,-673.9,-311.0,2.7976,-168.4,-362.9,0.0000,-413.2,-281.6,-0.0133,295.4,403.4,0,0.0,0.0,0.0000,0.00,0.00,0.00,0.00
1.3197,1.3196,0.2,0,-300.8,-154.8,2.8025,-675.5,-314.6,2.7976,-163.4,-365.0,-0.0000,-411.4,-284.1,-0.0195,293.5,404.8,0,0.0,0.0,0.0000,0.00,0.00,0.00,0.00
1.3272,1.3270,0.2,0,-300.3,-154.9,2.7971,-676.7,-317.3,2.7976,-160.0,-366.5,0.0000,-410.2,-285.9,0.0020,289.6,407.6,0,0.0,0.0,0.0000,0.00,0.00,0.00,0.00
1.3353,1.3351,0.1,0,-300.3,-155.1,2.8004,-678.0,-320.3,2.7976,-156.3,-368.2,0.0000,-408.7,-288.0,-0.0110,288.7,408.2,0,0.0,0.0,0.0000,0.00,0.00,0.00,0.00
1.3426,1.3351,7.5,0,-300.3,-155.1,2.8004,-678.0,-320.3,2.7976,-156.3,-368.2,0.0000,-407.1,-290.3,-0.0110,286.5,409.8,0,0.0,0.0,0.0000,0.00,0.00,0.00,0.00
1.3512,1.3441,7.1,0,-300.5,-155.2,2.7984,-679.4,-323.6,2.7976,-152.1,-370.1,-0.0000,-405.3,-292.8,-0.0030,283.2,412.1,0,0.0,0.0,0.0000,0.00,0.00,0.00,0.00
1.3588,1.3531,5.6,0,-300.5,-155.2,2.8059,-680.7,-326.9,2.7976,-148.0,-372.0,-0.0000,-403.8,-294.8,-0.0330,284.1,411.4,0,0.0,0.0,0.0000,0.00,0.00,0.00,0.00
1.3672,1.3604,6.9,0,-300.7,-155.2,2.7887,-681.8,-329.6,2.7976,-144.1,-373.3,0.0000,-402.1,-297.2,0.0355,274.6,417.9,0,0.0,0.0,0.0000,0.00,0.00,0.00,0.00
1.3756,1.3689,6.8,0,-300.2,-155.0,2.8013,-683.0,-332.8,2.7976,-139.8,-374.8,-0.0000,-400.4,-299.5,-0.0146,277.5,415.9,0,0.0,0.0,0.0000,0.00,0.00,0.00,0.00
1.3827,1.3776,5.2,0,-300.3,-155.1,2.8016,-684.2,-336.1,2.7976,-134.8,-376.6,0.0000,-398.9,-301.4,-0.0160,275.6,417.2,0,0.0,0.0,0.0000,0.00,0.00,0.00,0.00
1.3911,1.3866,4.4,0,-300.1,-155.1,2.7962,-685.4,-339.5,2.7976,-129.9,-378.4,-0.0000,-397.4,-303.4,0.0056,271.2,420.1,0,0.0,0.0,0.0000,0.00,0.00,0.00,0.00
1.3987,1.3941,4.6,0,-300.1,-155.3,2.8044,-686.3,-342.3,2.7976,-126.3,-379.1,-0.0000,-395.9,-305.4,-0.0271,272.5,419.2,0,0.0,0.0,0.0000,0.00,0.00,0.00,0.00
1.4066,1.4027,3.9,0,-300.0,-154.9,2.7996,-687.4,-345.6,2.7976,-122.2,-380.4,-0.0000,-393.9,-307.9,-0.0079,267.8,422.2,0,0.0,0.0,0.0000,0.00,0.00,0.00,0.00
1.4156,1.4110,4.5,0,-300.5,-154.9,2.8007,-688.4,-348.8,2.7976,-119.2,-382.3,-0.0000,-391.8,-310.6,-0.0123,265.4,423.7,0,0.0,0.0,0.0000,0.00,0.00,0.00,0.00
1.4230,1.4194,3.6,0,-300.4,-155.3,2.8025,-689.4,-352.0,2.7976,-115.0,-383.7,-0.0000,-390.5,-312.2,-0.0195,264.5,424.3,0,0.0,0.0,0.0000,0.00,0.00,0.00,0.00
1.4308,1.4280,2.8,0,-300.3,-155.2,2.7995,-690.4,-355.3,2.7976,-109.0,-384.8,-0.0000,-388.9,-314.2,-0.0073,261.0,426.5,0,0.0,0.0,0.0000,0.00,0.00,0.00,0.00
1.4391,1.4368,2.3,0,-300.3,-155.1,2.7917,-691.3,-358.6,2.7976,-104.2,-385.9,0.0000,-387.0,-316.5,0.0236,255.1,430.0,0,0.0,0.0,0.0000,0.00,0.00,0.00,0.00
1.4472,1.4447,2.5,0,-300.7,-155.3,2.7950,-692.1,-361.7,2.7976,-100.6,-387.0,-0.0000,-385.2,-318.8,0.0104,254.0,430.7,0,0.0,0.0,0.0000,0.00,0.00,0.00,0.00
1.4554,1.4528,2.6,0,-300.2,-155.2,2.7999,-692.9,-364.8,2.7976,-96.6,-388.1,0.0000,-383.5,-320.8,-0.0089,253.8,430.8,0,0.0,0.0,0.0000,0.00,0.00,0.00,0.00
1.4631,1.4619,1.2,0,-300.1,-155.1,2.8024,-693.8,-368.4,2.7976,-92.2,-389.4,-0.0000,-381.7,-322.9,-0.0193,252.6,431.5,0,0.0,0.0,0.0000,0.00,0.00,0.00,0.00
1.4715,1.4703,1.2,0,-300.8,-155.0,2.7977,-694.5,-371.7,2.7976,-87.9,-390.3,0.0000,-379.5,-325.6,-0.0002,247.5,434.5,0,0.0,0.0,0.0000,0.00,0.00,0.00,0.00
1.4788,1.4787,0.1,0,-300.2,-155.3,2.7987,-695.2,-375.0,2.7976,-83.8,-391.0,0.0000,-378.3,-326.9,-0.0043,246.4,435.1,0,0.0,0.0,0.0000,0.00,0.00,0.00,0.00
1.4875,1.4874,0.1,0,-299.9,-155.0,2.8045,-695.9,-378.4,2.7976,-78.8,-392.1,-0.0000,-376.5,-329.0,-0.0274,246.5,435.0,0,0.0,0.0,0.0000,0.00,0.00,0.00,0.00
1.4949,1.4874,7.5,0,-299.9,-155.0,2.8045,-695.9,-378.4,2.7976,-78.8,-392.1,-0.0000,-374.8,-330.9,-0.0274,244.3,436.3,0,0.0,0.0,0.0000,0.00,0.00,0.00,0.00
1.5032,1.4957,7.4,0,-300.2,-155.4,2.7932,-696.6,-381.6,2.7976,-73.7,-393.2,0.0000,-372.8,-333.2,0.0179,236.7,440.4,0,0.0,0.0,0.0000,0.00,0.00,0.00,0.00
1.5107,1.5050,5.7,0,-300.3,-155.5,2.7935,-697.2,-385.3,2.7976,-69.7,-393.9,0.0000,-371.0,-335.2,0.0165,234.5,441.6,0,0.0,0.0,0.0000,0.00,0.00,0.00,0.00
1.5190,1.5124,6.7,0,-300.8,-155.2,2.7939,-697.7,-388.2,2.7976,-66.3,-394.6,0.0000,-368.7,-337.7,0.0148,231.6,443.1,0,0.0,0.0,0.0000,0.00,0.00,0.00,0.00
1.5271,1.5217,5.4,0,-300.9,-155.3,2.8019,-698.3,-391.9,2.7976,-60.9,-395.2,-0.0000,-366.9,-339.7,-0.0170,232.8,442.5,0,0.0,0.0,0.0000,0.00,0.00,0.00,0.00
1.5353,1.5300,5.3,0,-300.4,-155.1,2.8034,-698.8,-395.1,2.7976,-56.3,-395.8,0.0000,-365.2,-341.5,-0.0230,231.2,443.3,0,0.0,0.0,0.0000,0.00,0.00,0.00,0.00
1.5429,1.5377,5.2,0,-300.4,-155.2,2.7960,-699.2,-398.2,2.7976,-52.0,-396.4,-0.0000,-363.5,-343.3,0.0066,225.7,446.2,0,0.0,0.0,0.0000,0.00,0.00,0.00,0.00
1.5513,1.5464,4.9,0,-300.2,-155.0,2.8025,-699.7,-401.6,2.7976,-47.2,-397.0,0.0000,-361.6,-345.3,-0.0195,226.2,445.9,0,0.0,0.0,0.0000,0.00,0.00,0.00,0.00
1.5586,1.5552,3.4,0,-300.4,-155.1,2.7998,-700.1,-405.1,2.7976,-42.9,-398.2,-0.0000,-359.9,-347.1,-0.0085,222.7,447.7,0,0.0,0.0,0.0000,0.00,0.00,0.00,0.00
1.5672,1.5634,3.7,0,-299.9,-154.9,2.8045,-700.4,-408.4,2.7976,-38.7,-398.7,0.0000,-357.7,-349.3,-0.0274,222.1,448.0,0,0.0,0.0,0.0000,0.00,0.00,0.00,0.00
1.5755,1.5717,3.9,0,-300.4,-155.0,2.8051,-700.7,-411.7,2.7976,-34.7,-397.8,-0.0000,-355.5,-351.5,-0.0298,219.5,449.2,0,0.0,0.0,0.0000,0.00,0.00,0.00,0.00
1.5825,1.5802,2.4,0,-300.4,-155.5,2.7913,-701.0,-415.1,2.7976,-30.2,-398.1,0.0000,-354.1,-353.1,0.0252,211.4,453.1,0,0.0,0.0,0.0000,0.00,0.00,0.00,0.00
1.5911,1.5886,2.5,0,-300.0,-154.9,2.8022,-701.2,-418.5,2.7976,-25.6,-399.7,-0.0000,-351.9,-355.2,-0.0183,213.6,452.1,0,0.0,0.0,0.0000,0.00,0.00,0.00,0.00
1.5990,1.5976,1.5,0,-299.9,-154.9,2.8054,-701.4,-422.0,2.7976,-20.5,-400.0,0.0000,-350.1,-357.0,-0.0312,212.8,452.5,0,0.0,0.0,0.0000,0.00,0.00,0.00,0.00
1.6068,1.6056,1.2,0,-300.9,-155.0,2.8055,-701.6,-425.2,2.7976,-15.6,-399.8,0.0000,-347.8,-359.2,-0.0316,209.9,453.8,0,0.0,0.0,0.0000,0.00,0.00,0.00,0.00
1.6151,1.6056,9.5,0,-300.9,-155.0,2.8055,-701.6,-425.2,2.7976,-15.6,-399.8,0.0000,-345.7,-361.2,-0.0316,207.3,455.0,0,0.0,0.0,0.0000,0.00,0.00,0.00,0.00
1.6230,1.6229,0.1,0,-300.5,-155.1,2.8025,-701.8,-432.2,2.7976,-7.1,-400.1,0.0000,-344.0,-362.8,-0.0195,203.7,456.6,0,0.0,0.0,0.0000,0.00,0.00,0.00,0.00
1.6307,1.6229,7.8,0,-300.5,-155.1,2.8025,-701.8,-432.2,2.7976,-7.1,-400.1,0.0000,-342.1,-364.7,-0.0195,201.3,457.7,0,0.0,0.0,0.0000,0.00,0.00,0.00,0.00
1.6392,1.6391,0.1,0,-300.4,-155.4,2.7999,-701.8,-438.7,2.7976,1.0,-399.4,0.0000,-340.1,-366.5,-0.0091,197.6,459.3,0,0.0,0.0,0.0000,0.00,0.00,0.00,0.00
1.6477,1.6391,8.6,0,-300.4,-155.4,2.7999,-701.8,-438.7,2.7976,1.0,-399.4,0.0000,-337.9,-368.5,-0.0091,194.9,460.4,0,0.0,0.0,0.0000,0.00,0.00,0.00,0.00
1.6552,1.6479,7.3,0,-300.3,-155.0,2.8002,-701.8,-442.2,2.7976,6.1,-399.9,0.0000,-335.9,-370.3,-0.0101,192.5,461.4,0,0.0,0.0,0.0000,0.00,0.00,0.00,0.00
1.6630,1.6564,6.6,0,-300.5,-155.0,2.7984,-701.7,-445.6,2.7976,10.9,-400.3,0.0000,-333.9,-372.2,-0.0029,189.1,462.8,0,0.0,0.0,0.0000,0.00,0.00,0.00,0.00
1.6711,1.6655,5.6,0,-300.3,-155.2,2.8041,-701.6,-449.2,2.7976,16.0,-399.7,-0.0000,-332.0,-373.9,-0.0261,189.5,462.7,0,0.0,0.0,0.0000,0.00,0.00,0.00,0.00
1.6797,1.6730,6.6,0,-300.8,-155.4,2.7961,-701.5,-452.2,2.7976,20.2,-399.3,0.0000,-329.7,-375.9,0.0062,182.9,465.4,0,0.0,0.0,0.0000,0.00,0.00,0.00,0.00
1.6870,1.6818,5.2,0,-300.4,-155.1,2.8043,-701.3,-455.7,2.7976,24.5,-399.1,-0.0000,-327.8,-377.5,-0.0268,184.5,464.7,0,0.0,0.0,0.0000,0.00,0.00,0.00,0.00
1.6955,1.6902,5.3,0,-300.2,-154.9,2.7947,-701.0,-459.1,2.7976,28.8,-398.9,0.0000,-325.5,-379.5,0.0117,177.1,467.6,0,0.0,0.0,0.0000,0.00,0.00,0.00,0.00
1.7032,1.6982,5.0,0,-300.3,-155.5,2.8003,-700.8,-462.3,2.7976,32.8,-398.8,-0.0000,-323.8,-381.0,-0.0105,177.5,467.4,0,0.0,0.0,0.0000,0.00,0.00,0.00,0.00
1.7110,1.7069,4.1,0,-300.6,-155.0,2.8026,-700.5,-465.7,2.7976,37.3,-398.5,0.0000,-321.5,-383.0,-0.0199,175.8,468.1,0,0.0,0.0,0.0000,0.00,0.00,0.00,0.00
1.7196,1.7157,3.8,0,-300.4,-155.0,2.8053,-700.1,-469.2,2.7976,42.7,-397.4,0.0000,-319.4,-384.7,-0.0306,174.5,468.5,0,0.0,0.0,0.0000,0.00,0.00,0.00,0.00
1.7271,1.7237,3.4,0,-299.8,-155.0,2.7985,-699.8,-472.4,2.7976,47.0,-396.9,-0.0000,-317.7,-386.1,-0.0034,169.3,470.5,0,0.0,0.0,0.0000,0.00,0.00,0.00,0.00
1.7345,1.7322,2.3,0,-300.3,-155.2,2.7980,-699.4,-475.8,2.7976,51.1,-397.0,0.0000,-315.5,-387.9,-0.0016,166.5,471.5,0,0.0,0.0,0.0000,0.00,0.00,0.00,0.00
1.7426,1.7403,2.2,0,-300.4,-155.3,2.7956,-698.9,-479.0,2.7976,55.3,-396.5,0.0000,-313.2,-389.7,0.0082,162.5,472.9,0,0.0,0.0,0.0000,0.00,0.00,0.00,0.00
1.7508,1.7492,1.5,0,-300.4,-155.4,2.7929,-698.4,-482.5,2.7976,60.1,-395.4,-0.0000,-311.0,-391.5,0.0188,158.6,474.2,0,0.0,0.0,0.0000,0.00,0.00,0.00,0.00
1.7595,1.7582,1.2,0,-300.3,-155.4,2.7968,-697.8,-486.1,2.7976,64.9,-394.5,0.0000,-308.8,-393.2,0.0032,157.8,474.5,0,0.0,0.0,0.0000,0.00,0.00,0.00,0.00
1.7674,1.7661,1.2,0,-300.3,-155.0,2.8036,-697.3,-489.2,2.7976,69.2,-393.7,0.0000,-306.6,-395.0,-0.0238,158.3,474.3,0,0.0,0.0,0.0000,0.00,0.00,0.00,0.00
1.7745,1.7744,0.1,0,-300.6,-155.1,2.7928,-696.7,-492.5,2.7976,73.5,-393.1,0.0000,-304.6,-396.5,0.0195,150.7,476.7,0,0.0,0.0,0.0000,0.00,0.00,0.00,0.00
1.7828,1.7744,8.3,0,-300.6,-155.1,2.7928,-696.7,-492.5,2.7976,73.5,-393.1,0.0000,-302.4,-398.2,0.0195,148.1,477.6,0,0.0,0.0,0.0000,0.00,0.00,0.00,0.00
1.7917,1.7916,0.1,0,-300.4,-155.0,2.7969,-695.4,-499.2,2.7976,82.3,-391.5,0.0000,-299.9,-400.0,0.0028,147.1,477.9,0,0.0,0.0,0.0000,0.00,0.00,0.00,0.00
1.7990,1.7916,7.4,0,-300.4,-155.0,2.7969,-695.4,-499.2,2.7976,82.3,-391.5,0.0000,-297.9,-401.6,0.0028,144.7,478.6,0,0.0,0.0,0.0000,0.00,0.00,0.00,0.00
1.8071,1.8000,7.1,0,-300.1,-154.9,2.7981,-694.7,-502.5,2.7976,86.6,-390.1,-0.0000,-295.8,-403.1,-0.0020,142.8,479.2,0,0.0,0.0,0.0000,0.00,0.00,0.00,0.00
1.8151,1.8084,6.7,0,-300.1,-154.9,2.8025,-693.9,-505.8,2.7976,90.8,-389.2,0.0000,-293.6,-404.7,-0.0193,142.2,479.3,0,0.0,0.0,0.0000,0.00,0.00,0.00,0.00
1.8236,1.8170,6.6,0,-300.5,-155.1,2.8006,-693.1,-509.1,2.7976,95.0,-388.3,0.0000,-291.1,-406.5,-0.0117,138.4,480.5,0,0.0,0.0,0.0000,0.00,0.00,0.00,0.00
1.8306,1.8254,5.2,0,-300.2,-155.0,2.7991,-692.3,-512.4,2.7976,100.2,-387.2,0.0000,-289.3,-407.8,-0.0057,135.5,481.3,0,0.0,0.0,0.0000,0.00,0.00,0.00,0.00
1.8392,1.8339,5.3,0,-300.8,-155.0,2.7924,-691.4,-515.7,2.7976,105.1,-386.2,0.0000,-286.6,-409.7,0.0211,129.1,483.0,0,0.0,0.0,0.0000,0.00,0.00,0.00,0.00
1.8471,1.8420,5.0,0,-300.0,-155.1,2.8017,-690.6,-518.8,2.7976,108.4,-385.3,0.0000,-284.8,-410.9,-0.0163,131.5,482.4,0,0.0,0.0,0.0000,0.00,0.00,0.00,0.00
1.8546,1.8506,3.9,0,-300.4,-155.4,2.7999,-689.6,-522.1,2.7976,112.5,-384.1,-0.0000,-282.5,-412.5,-0.0091,128.0,483.3,0,0.0,0.0,0.0000,0.00,0.00,0.00,0.00
1.8627,1.8621,0.6,0,-300.3,-155.1,2.8018,-688.3,-526.5,2.7976,118.7,-381.7,-0.0000,-280.2,-414.1,-0.0168,126.2,483.8,0,0.0,0.0,0.0000,0.00,0.00,0.00,0.00
1.8706,1.8673,3.4,0,-300.6,-155.0,2.8014,-687.7,-528.5,2.7976,121.3,-380.8,0.0000,-277.8,-415.7,-0.0153,123.2,484.6,0,0.0,0.0,0.0000,0.00,0.00,0.00,0.00
1.8787,1.8760,2.7,0,-300.6,-155.3,2.7946,-686.6,-531.8,2.7976,125.7,-379.7,0.0000,-275.7,-417.1,0.0121,117.4,486.0,0,0.0,0.0,0.0000,0.00,0.00,0.00,0.00
1.8875,1.8847,2.8,0,-300.2,-155.1,2.8017,-685.5,-535.1,2.7976,130.2,-378.3,-0.0000,-273.3,-418.7,-0.0164,118.1,485.9,0,0.0,0.0,0.0000,0.00,0.00,0.00,0.00
1.8950,1.8927,2.3,0,-300.3,-155.4,2.7955,-684.4,-538.1,2.7976,134.6,-376.6,-0.0000,-271.2,-420.1,0.0085,112.6,487.2,0,0.0,0.0,0.0000,0.00,0.00,0.00,0.00
1.9025,1.9013,1.3,0,-300.5,-155.3,2.7921,-683.2,-541.3,2.7976,138.8,-375.2,-0.0000,-268.9,-421.5,0.0219,108.3,488.1,0,0.0,0.0,0.0000,0.00,0.00,0.00,0.00
1.9111,1.9097,1.4,0,-300.9,-154.9,2.7956,-682.1,-544.5,2.7976,142.6,-373.9,-0.0000,-266.0,-423.4,0.0081,106.6,488.5,0,0.0,0.0,0.0000,0.00,0.00,0.00,0.00
1.9185,1.9184,0.1,0,-300.2,-155.0,2.8000,-680.8,-547.7,2.7976,146.8,-372.2,0.0000,-264.2,-424.5,-0.0097,106.8,488.5,0,0.0,0.0,0.0000,0.00,0.00,0.00,0.00
1.9276,1.9263,1.2,0,-300.3,-154.9,2.8020,-679.6,-550.7,2.7976,150.6,-370.7,0.0000,-261.6,-426.1,-0.0173,104.6,488.9,0,0.0,0.0,0.0000,0.00,0.00,0.00,0.00
1.9352,1.9350,0.2,0,-300.4,-155.4,2.8013,-678.3,-553.9,2.7976,155.2,-368.7,0.0000,-259.6,-427.3,-0.0146,102.0,489.5,0,0.0,0.0,0.0000,0.00,0.00,0.00,0.00
1.9435,1.9434,0.1,0,-300.2,-155.1,2.7984,-677.0,-556.9,2.7976,159.9,-366.9,0.0000,-257.2,-428.8,-0.0032,97.9,490.3,0,0.0,0.0,0.0000,0.00,0.00,0.00,0.00
1.9509,1.9434,7.5,0,-300.2,-155.1,2.7984,-677.0,-556.9,2.7976,159.9,-366.9,0.0000,-254.9,-430.1,-0.0032,95.4,490.8,0,0.0,0.0,0.0000,0.00,0.00,0.00,0.00
1.9594,1.9541,5.3,0,-300.5,-155.1,2.7986,-675.2,-560.8,2.7976,164.7,-364.1,-0.0000,-252.2,-431.7,-0.0039,92.4,491.4,0,0.0,0.0,0.0000,0.00,0.00,0.00,0.00
1.9670,1.9647,2.3,0,-300.3,-155.1,2.7955,-673.5,-564.7,2.7976,169.7,-361.7,0.0000,-250.1,-433.0,0.0086,88.3,492.1,0,0.0,0.0,0.0000,0.00,0.00,0.00,0.00
1.9754,1.9686,6.7,0,-300.2,-155.2,2.8004,-672.8,-566.1,2.7976,171.7,-361.0,0.0000,-247.7,-434.3,-0.0112,88.1,492.2,0,0.0,0.0,0.0000,0.00,0.00,0.00,0.00
1.9833,1.9776,5.7,0,-300.3,-155.2,2.8024,-671.2,-569.3,2.7976,176.1,-359.2,-0.0000,-245.2,-435.8,-0.0189,86.2,492.5,0,0.0,0.0,0.0000,0.00,0.00,0.00,0.00
1.9906,1.9879,2.7,0,-300.3,-155.5,2.7969,-669.4,-573.1,2.7976,180.5,-357.2,-0.0000,-243.2,-436.9,0.0028,81.3,493.4,0,0.0,0.0,0.0000,0.00,0.00,0.00,0.00
1.9994,1.9939,5.5,0,-299.9,-155.2,2.8029,-668.3,-575.2,2.7976,183.3,-355.8,-0.0000,-240.8,-438.2,-0.0209,81.5,493.3,0,0.0,0.0,0.0000,0.00,0.00,0.00,0.00
2.0069,2.0027,4.2,0,-300.2,-155.3,2.7975,-666.7,-578.3,2.7976,188.1,-353.2,-0.0000,-238.4,-439.5,0.0007,76.2,494.2,0,0.0,0.0,0.0000,0.00,0.00,0.00,0.00
2.0154,2.0111,4.3,0,-300.8,-155.5,2.7882,-665.1,-581.3,2.7976,192.2,-350.9,-0.0000,-235.5,-441.1,0.0379,68.3,495.3,0,0.0,0.0,0.0000,0.00,0.00,0.00,0.00
2.0233,2.0219,1.5,0,-300.3,-155.2,2.7997,-663.0,-585.0,2.7976,196.5,-348.1,-0.0000,-233.3,-442.2,-0.0085,71.6,494.9,0,0.0,0.0,0.0000,0.00,0.00,0.00,0.00
2.0309,2.0284,2.5,0,-300.4,-155.0,2.8026,-661.7,-587.3,2.7976,199.4,-346.5,-0.0000,-230.8,-443.5,-0.0201,70.2,495.0,0,0.0,0.0,0.0000,0.00,0.00,0.00,0.00
2.0392,2.0364,2.7,0,-300.5,-155.3,2.8018,-660.1,-590.1,2.7976,203.2,-344.6,0.0000,-228.4,-444.8,-0.0167,67.1,495.5,0,0.0,0.0,0.0000,0.00,0.00,0.00,0.00
2.0472,2.0447,2.5,0,-300.5,-155.3,2.7974,-658.4,-592.9,2.7976,207.1,-342.3,-0.0000,-226.0,-446.0,0.0008,62.3,496.1,0,0.0,0.0,0.0000,0.00,0.00,0.00,0.00
2.0550,2.0549,0.1,0,-300.4,-155.1,2.8008,-656.2,-596.4,2.7976,211.9,-339.4,-0.0000,-223.6,-447.2,-0.0128,61.3,496.2,0,0.0,0.0,0.0000,0.00,0.00,0.00,0.00
2.0631,2.0618,1.2,0,-300.3,-155.2,2.8044,-654.8,-598.7,2.7976,215.3,-337.2,-0.0000,-221.3,-448.4,-0.0271,60.5,496.3,0,0.0,0.0,0.0000,0.00,0.00,0.00,0.00
2.0713,2.0701,1.2,0,-300.2,-155.2,2.8013,-653.0,-601.5,2.7976,219.6,-334.4,-0.0000,-218.8,-449.6,-0.0147,56.2,496.8,0,0.0,0.0,0.0000,0.00,0.00,0.00,0.00
2.0789,2.0787,0.1,0,-300.5,-155.2,2.8011,-651.1,-604.4,2.7976,223.1,-331.9,-0.0000,-216.3,-450.8,-0.0140,53.4,497.1,0,0.0,0.0,0.0000,0.00,0.00,0.00,0.00
2.0872,2.0787,8.5,0,-300.5,-155.2,2.8011,-651.1,-604.4,2.7976,223.1,-331.9,-0.0000,-213.7,-452.0,-0.0140,50.5,497.4,0,0.0,0.0,0.0000,0.00,0.00,0.00,0.00
2.0956,2.0955,0.1,0,-300.5,-155.0,2.7955,-647.3,-609.9,2.7976,229.7,-327.5,0.0000,-211.0,-453.3,0.0086,44.7,498.0,0,0.0,0.0,0.0000,0.00,0.00,0.00,0.00
2.1028,2.0955,7.3,0,-300.5,-155.0,2.7955,-647.3,-609.9,2.7976,229.7,-327.5,0.0000,-208.8,-454.3,0.0086,42.3,498.2,0,0.0,0.0,0.0000,0.00,0.00,0.00,0.00
2.1108,2.1042,6.6,0,-300.5,-155.2,2.8017,-645.3,-612.7,2.7976,233.4,-325.4,0.0000,-206.4,-455.4,-0.0161,42.8,498.2,0,0.0,0.0,0.0000,0.00,0.00,0.00,0.00
2.1187,2.1130,5.7,0,-300.2,-155.2,2.8025,-643.2,-615.6,2.7976,237.6,-321.8,0.0000,-204.1,-456.4,-0.0195,40.7,498.3,0,0.0,0.0,0.0000,0.00,0.00,0.00,0.00
2.1276,2.1218,5.8,0,-300.1,-155.1,2.7987,-641.1,-618.4,2.7976,241.7,-318.6,-0.0000,-201.5,-457.6,-0.0043,35.9,498.7,0,0.0,0.0,0.0000,0.00,0.00,0.00,0.00
2.1351,2.1296,5.5,0,-300.6,-155.2,2.8046,-639.2,-620.9,2.7976,244.6,-316.3,-0.0000,-198.8,-458.8,-0.0280,35.9,498.7,0,0.0,0.0,0.0000,0.00,0.00,0.00,0.00
2.1425,2.1382,4.4,0,-300.7,-155.3,2.7984,-637.1,-623.6,2.7976,248.1,-313.6,-0.0000,-196.3,-459.9,-0.0031,30.1,499.1,0,0.0,0.0,0.0000,0.00,0.00,0.00,0.00
2.1511,2.1462,4.9,0,-300.0,-154.8,2.8035,-635.0,-626.1,2.7976,251.5,-310.7,0.0000,-193.8,-460.9,-0.0234,30.0,499.1,0,0.0,0.0,0.0000,0.00,0.00,0.00,0.00
2.1595,2.1559,3.6,0,-300.0,-154.9,2.8014,-632.6,-629.1,2.7976,255.5,-307.4,-0.0000,-191.3,-462.0,-0.0149,26.2,499.3,0,0.0,0.0,0.0000,0.00,0.00,0.00,0.00
2.1666,2.1632,3.4,0,-300.5,-155.2,2.7979,-630.7,-631.3,2.7976,258.4,-305.3,0.0000,-188.9,-463.0,-0.0012,21.8,499.5,0,0.0,0.0,0.0000,0.00,0.00,0.00,0.00
2.1753,2.1717,3.6,0,-300.3,-155.4,2.7937,-628.5,-633.9,2.7976,261.8,-302.5,-0.0000,-186.5,-463.9,0.0156,17.2,499.7,0,0.0,0.0,0.0000,0.00,0.00,0.00,0.00
2.1828,2.1799,2.8,0,-300.1,-155.2,2.8005,-626.3,-636.4,2.7976,265.4,-299.7,0.0000,-184.3,-464.8,-0.0113,18.1,499.7,0,0.0,0.0,0.0000,0.00,0.00,0.00,0.00
2.1916,2.1890,2.6,0,-299.9,-154.9,2.7965,-623.9,-639.1,2.7976,269.0,-296.2,-0.0000,-181.4,-466.0,0.0047,13.0,499.8,0,0.0,0.0,0.0000,0.00,0.00,0.00,0.00
2.1991,2.1968,2.3,0,-300.9,-155.1,2.8013,-621.8,-641.4,2.7976,272.1,-292.8,-0.0000,-178.3,-467.1,-0.0147,12.2,499.9,0,0.0,0.0,0.0000,0.00,0.00,0.00,0.00
2.2076,2.2053,2.3,0,-300.3,-155.0,2.8000,-619.5,-643.9,2.7976,275.2,-289.9,-0.0000,-175.9,-468.0,-0.0095,9.0,499.9,0,0.0,0.0,0.0000,0.00,0.00,0.00,0.00
2.2154,2.2152,0.1,0,-300.5,-155.3,2.7959,-616.7,-646.7,2.7976,278.7,-286.9,-0.0000,-173.4,-469.0,0.0070,4.2,500.0,0,0.0,0.0,0.0000,0.00,0.00,0.00,0.00
2.2228,2.2152,7.6,0,-300.5,-155.3,2.7959,-616.7,-646.7,2.7976,278.7,-286.9,-0.0000,-170.9,-469.9,0.0070,1.6,500.0,0,0.0,0.0,0.0000,0.00,0.00,0.00,0.00
2.2310,2.2309,0.1,0,-299.9,-155.3,2.7981,-612.3,-651.2,2.7976,285.7,-280.9,-0.0000,-168.7,-470.7,-0.0019,0.4,500.0,0,0.0,0.0,0.0000,0.00,0.00,0.00,0.00
2.2396,2.2395,0.1,0,-300.2,-155.1,2.7980,-609.8,-653.6,2.7976,288.7,-277.3,-0.0000,-165.9,-471.7,-0.0014,-2.7,500.0,0,0.0,0.0,0.0000,0.00,0.00,0.00,0.00
2.2469,2.2395,7.4,0,-300.2,-155.1,2.7980,-609.8,-653.6,2.7976,288.7,-277.3,-0.0000,-163.6,-472.5,-0.0014,-5.2,500.0,0,0.0,0.0,0.0000,0.00,0.00,0.00,0.00
2.2553,2.2478,7.5,0,-300.2,-155.3,2.7994,-607.4,-655.9,2.7976,291.7,-273.7,0.0000,-160.7,-473.5,-0.0072,-7.5,499.9,0,0.0,0.0,0.0000,0.00,0.00,0.00,0.00
2.2636,2.2568,6.8,0,-300.3,-155.2,2.7922,-604.8,-658.3,2.7976,294.1,-270.7,-0.0000,-158.0,-474.4,0.0219,-14.0,499.8,0,0.0,0.0,0.0000,0.00,0.00,0.00,0.00
2.2710,2.2645,6.5,0,-300.1,-155.1,2.8032,-602.5,-660.4,2.7976,296.3,-268.1,0.0000,-155.7,-475.1,-0.0222,-10.8,499.9,0,0.0,0.0,0.0000,0.00,0.00,0.00,0.00
2.2793,2.2721,7.3,0,-300.3,-155.2,2.8022,-600.3,-662.4,2.7976,299.6,-264.6,0.0000,-152.9,-476.0,-0.0183,-14.3,499.8,0,0.0,0.0,0.0000,0.00,0.00,0.00,0.00
2.2870,2.2816,5.4,0,-300.7,-155.1,2.7993,-597.4,-664.9,2.7976,303.5,-260.4,-0.0000,-150.0,-477.0,-0.0067,-18.8,499.6,0,0.0,0.0,0.0000,0.00,0.00,0.00,0.00
2.2953,2.2901,5.2,0,-300.6,-154.9,2.8039,-594.8,-667.1,2.7976,306.4,-256.9,0.0000,-147.3,-477.8,-0.0249,-19.3,499.6,0,0.0,0.0,0.0000,0.00,0.00,0.00,0.00
2.3035,2.2983,5.2,0,-300.6,-155.4,2.7982,-592.3,-669.2,2.7976,309.3,-253.6,-0.0000,-145.0,-478.5,-0.0025,-24.5,499.4,0,0.0,0.0,0.0000,0.00,0.00,0.00,0.00
2.3113,2.3067,4.6,0,-300.4,-154.9,2.8055,-589.7,-671.3,2.7976,312.3,-250.7,0.0000,-142.5,-479.3,-0.0317,-23.5,499.4,0,0.0,0.0,0.0000,0.00,0.00,0.00,0.00
2.3195,2.3150,4.5,0,-300.1,-155.4,2.7965,-587.1,-673.4,2.7976,315.0,-247.4,-0.0000,-139.9,-480.0,0.0046,-30.7,499.1,0,0.0,0.0,0.0000,0.00,0.00,0.00,0.00
2.3269,2.3239,3.0,0,-300.2,-155.1,2.7972,-584.2,-675.6,2.7976,317.1,-243.3,0.0000,-137.3,-480.8,0.0018,-33.1,498.9,0,0.0,0.0,0.0000,0.00,0.00,0.00,0.00
2.3350,2.3327,2.4,0,-300.3,-155.2,2.7947,-581.4,-677.7,2.7976,319.9,-239.5,-0.0000,-134.7,-481.5,0.0117,-37.0,498.6,0,0.0,0.0,0.0000,0.00,0.00,0.00,0.00
2.3431,2.3404,2.7,0,-300.5,-155.2,2.8009,-579.0,-679.5,2.7976,323.0,-236.6,0.0000,-131.9,-482.3,-0.0130,-36.8,498.6,0,0.0,0.0,0.0000,0.00,0.00,0.00,0.00
2.3509,2.3490,1.9,0,-300.4,-155.4,2.7969,-576.2,-681.6,2.7976,325.7,-232.7,0.0000,-129.5,-482.9,0.0028,-41.2,498.3,0,0.0,0.0,0.0000,0.00,0.00,0.00,0.00
2.3595,2.3582,1.2,0,-300.6,-154.9,2.8034,-573.2,-683.7,2.7976,328.3,-228.1,-0.0000,-126.4,-483.8,-0.0233,-41.2,498.3,0,0.0,0.0,0.0000,0.00,0.00,0.00,0.00
2.3670,2.3657,1.3,0,-300.2,-155.0,2.7959,-570.7,-685.4,2.7976,330.6,-224.8,0.0000,-124.1,-484.3,0.0070,-47.3,497.8,0,0.0,0.0,0.0000,0.00,0.00,0.00,0.00
2.3747,2.3746,0.1,0,-300.3,-155.2,2.8024,-567.7,-687.3,2.7976,333.7,-221.1,-0.0000,-121.5,-485.0,-0.0192,-46.8,497.8,0,0.0,0.0,0.0000,0.00,0.00,0.00,0.00
2.3831,2.3830,0.1,0,-300.4,-155.1,2.7996,-564.9,-689.2,2.7976,335.6,-217.6,0.0000,-118.7,-485.7,-0.0079,-51.0,497.4,0,0.0,0.0,0.0000,0.00,0.00,0.00,0.00
2.3905,2.3830,7.6,0,-300.4,-155.1,2.7996,-564.9,-689.2,2.7976,335.6,-217.6,0.0000,-116.3,-486.3,-0.0079,-53.5,497.1,0,0.0,0.0,0.0000,0.00,0.00,0.00,0.00
2.3998,2.3997,0.1,0,-299.9,-155.2,2.7992,-559.3,-692.8,2.7976,340.3,-210.1,-0.0000,-113.7,-486.9,-0.0064,-56.3,496.8,0,0.0,0.0,0.0000,0.00,0.00,0.00,0.00
2.4077,2.3997,8.0,0,-299.9,-155.2,2.7992,-559.3,-692.8,2.7976,340.3,-210.1,-0.0000,-111.1,-487.5,-0.0064,-59.0,496.5,0,0.0,0.0,0.0000,0.00,0.00,0.00,0.00
2.4154,2.4098,5.6,0,-300.3,-155.4,2.7990,-555.8,-694.9,2.7976,343.9,-205.0,0.0000,-108.2,-488.1,-0.0055,-62.0,496.1,0,0.0,0.0,0.0000,0.00,0.00,0.00,0.00
2.4233,2.4166,6.8,0,-300.0,-155.3,2.7988,-553.5,-696.2,2.7976,345.3,-202.0,-0.0000,-105.8,-488.7,-0.0047,-64.6,495.8,0,0.0,0.0,0.0000,0.00,0.00,0.00,0.00
2.4317,2.4251,6.6,0,-300.3,-155.3,2.7960,-550.6,-697.9,2.7976,347.3,-198.2,-0.0000,-102.5,-489.4,0.0065,-69.3,495.2,0,0.0,0.0,0.0000,0.00,0.00,0.00,0.00
2.4390,2.4336,5.4,0,-300.7,-155.3,2.7954,-547.6,-699.6,2.7976,349.4,-194.4,0.0000,-99.8,-489.9,0.0090,-72.4,494.7,0,0.0,0.0,0.0000,0.00,0.00,0.00,0.00
2.4475,2.4421,5.4,0,-300.2,-155.2,2.8014,-544.6,-701.3,2.7976,351.5,-190.5,0.0000,-97.6,-490.4,-0.0149,-71.7,494.8,0,0.0,0.0,0.0000,0.00,0.00,0.00,0.00
2.4551,2.4504,4.7,0,-300.3,-155.2,2.8031,-541.7,-702.8,2.7976,354.2,-186.6,0.0000,-95.0,-490.9,-0.0218,-73.4,494.6,0,0.0,0.0,0.0000,0.00,0.00,0.00,0.00
2.4628,2.4591,3.7,0,-300.2,-154.9,2.8022,-538.6,-704.4,2.7976,356.6,-182.4,-0.0000,-92.3,-491.4,-0.0184,-76.5,494.1,0,0.0,0.0,0.0000,0.00,0.00,0.00,0.00
2.4710,2.4659,5.2,0,-300.3,-155.1,2.8003,-536.2,-705.6,2.7976,357.9,-178.8,0.0000,-89.5,-491.9,-0.0106,-80.3,493.5,0,0.0,0.0,0.0000,0.00,0.00,0.00,0.00
2.4789,2.4755,3.3,0,-300.2,-155.2,2.7976,-532.7,-707.4,2.7976,360.0,-174.1,0.0000,-86.9,-492.4,0.0001,-84.2,492.9,0,0.0,0.0,0.0000,0.00,0.00,0.00,0.00
2.4874,2.4840,3.4,0,-300.1,-155.2,2.7951,-529.7,-708.8,2.7976,361.5,-170.9,0.0000,-84.2,-492.9,0.0101,-88.2,492.2,0,0.0,0.0,0.0000,0.00,0.00,0.00,0.00
2.4947,2.4924,2.3,0,-300.7,-155.0,2.7961,-526.6,-710.2,2.7976,363.3,-166.9,0.0000,-81.1,-493.4,0.0063,-90.8,491.7,0,0.0,0.0,0.0000,0.00,0.00,0.00,0.00
2.5035,2.5011,2.4,0,-300.1,-155.0,2.8014,-523.4,-711.7,2.7976,365.1,-162.5,0.0000,-78.6,-493.8,-0.0150,-90.7,491.7,0,0.0,0.0,0.0000,0.00,0.00,0.00,0.00
2.5112,2.5097,1.5,0,-300.3,-155.3,2.8006,-520.3,-713.0,2.7976,367.4,-158.0,-0.0000,-75.9,-494.2,-0.0121,-93.7,491.1,0,0.0,0.0,0.0000,0.00,0.00,0.00,0.00
2.5192,2.5180,1.2,0,-300.4,-155.3,2.8018,-517.2,-714.3,2.7976,370.1,-153.5,-0.0000,-73.2,-494.6,-0.0167,-95.9,490.7,0,0.0,0.0,0.0000,0.00,0.00,0.00,0.00
2.5274,2.5262,1.2,0,-300.3,-155.4,2.8022,-514.2,-715.6,2.7976,371.3,-149.4,0.0000,-70.5,-495.0,-0.0184,-98.3,490.2,0,0.0,0.0,0.0000,0.00,0.00,0.00,0.00
2.5347,2.5346,0.1,0,-300.3,-154.9,2.7985,-511.0,-716.8,2.7976,372.0,-145.3,0.0000,-68.0,-495.3,-0.0036,-102.5,489.4,0,0.0,0.0,0.0000,0.00,0.00,0.00,0.00
2.5433,2.5432,0.1,0,-300.2,-155.3,2.8001,-507.8,-718.0,2.7976,373.8,-141.3,0.0000,-65.4,-495.7,-0.0097,-104.4,489.0,0,0.0,0.0,0.0000,0.00,0.00,0.00,0.00
2.5506,2.5432,7.4,0,-300.2,-155.3,2.8001,-507.8,-718.0,2.7976,373.8,-141.3,0.0000,-62.9,-496.0,-0.0097,-106.9,488.4,0,0.0,0.0,0.0000,0.00,0.00,0.00,0.00
2.5585,2.5521,6.4,0,-300.2,-155.1,2.8031,-504.5,-719.3,2.7976,375.8,-137.3,0.0000,-60.1,-496.4,-0.0217,-108.1,488.2,0,0.0,0.0,0.0000,0.00,0.00,0.00,0.00
2.5668,2.5616,5.2,0,-300.6,-155.1,2.7962,-501.0,-720.6,2.7976,377.5,-132.3,0.0000,-56.9,-496.8,0.0058,-114.6,486.7,0,0.0,0.0,0.0000,0.00,0.00,0.00,0.00
2.5756,2.5688,6.8,0,-300.0,-155.0,2.7993,-498.2,-721.5,2.7976,378.8,-128.6,-0.0000,-54.3,-497.0,-0.0068,-115.7,486.4,0,0.0,0.0,0.0000,0.00,0.00,0.00,0.00
2.5830,2.5775,5.6,0,-301.0,-155.4,2.7895,-494.9,-722.6,2.7976,380.5,-124.2,-0.0000,-51.0,-497.4,0.0325,-123.6,484.5,0,0.0,0.0,0.0000,0.00,0.00,0.00,0.00
2.5907,2.5863,4.4,0,-300.6,-155.3,2.7890,-491.6,-723.7,2.7976,382.1,-119.6,-0.0000,-48.9,-497.6,0.0345,-125.9,483.9,0,0.0,0.0,0.0000,0.00,0.00,0.00,0.00
2.5994,2.5940,5.4,0,-300.2,-155.2,2.8016,-488.6,-724.6,2.7976,383.2,-115.3,-0.0000,-46.3,-497.9,-0.0159,-122.4,484.8,0,0.0,0.0,0.0000,0.00,0.00,0.00,0.00
2.6070,2.6026,4.4,0,-300.5,-155.4,2.7927,-485.3,-725.6,2.7976,384.4,-111.0,-0.0000,-43.3,-498.1,0.0198,-129.6,482.9,0,0.0,0.0,0.0000,0.00,0.00,0.00,0.00
2.6147,2.6111,3.5,0,-300.4,-155.3,2.7966,-482.0,-726.5,2.7976,385.3,-107.5,-0.0000,-40.7,-498.3,0.0040,-130.2,482.7,0,0.0,0.0,0.0000,0.00,0.00,0.00,0.00
2.6233,2.6196,3.7,0,-300.1,-155.2,2.7963,-478.8,-727.4,2.7976,386.4,-103.3,-0.0000,-38.1,-498.5,0.0054,-132.9,482.0,0,0.0,0.0,0.0000,0.00,0.00,0.00,0.00
2.6314,2.6276,3.8,0,-300.2,-155.1,2.8026,-475.7,-728.2,2.7976,387.3,-98.1,0.0000,-35.3,-498.8,-0.0200,-132.6,482.1,0,0.0,0.0,0.0000,0.00,0.00,0.00,0.00
2.6389,2.6364,2.6,0,-300.5,-155.2,2.8002,-472.3,-729.0,2.7976,388.5,-93.4,0.0000,-32.4,-499.0,-0.0104,-136.5,481.0,0,0.0,0.0,0.0000,0.00,0.00,0.00,0.00
2.6475,2.6448,2.6,0,-300.7,-155.3,2.7883,-469.0,-729.8,2.7976,389.6,-89.6,-0.0000,-29.3,-499.1,0.0374,-145.2,478.5,0,0.0,0.0,0.0000,0.00,0.00,0.00,0.00
2.6547,2.6535,1.2,0,-300.4,-155.4,2.7982,-465.6,-730.6,2.7976,390.9,-85.1,-0.0000,-27.2,-499.3,-0.0024,-142.5,479.3,0,0.0,0.0,0.0000,0.00,0.00,0.00,0.00
2.6628,2.6616,1.2,0,-300.8,-155.5,2.7922,-462.4,-731.2,2.7976,392.3,-80.6,-0.0000,-24.2,-499.4,0.0217,-148.3,477.5,0,0.0,0.0,0.0000,0.00,0.00,0.00,0.00
2.6717,2.6703,1.4,0,-300.5,-155.3,2.7977,-459.0,-731.9,2.7976,392.9,-76.4,0.0000,-21.3,-499.5,-0.0004,-148.3,477.5,0,0.0,0.0,0.0000,0.00,0.00,0.00,0.00
2.6790,2.6703,8.7,0,-300.5,-155.3,2.7977,-459.0,-731.9,2.7976,392.9,-76.4,0.0000,-18.8,-499.6,-0.0004,-150.7,476.7,0,0.0,0.0,0.0000,0.00,0.00,0.00,0.00
2.6870,2.6869,0.1,0,-299.9,-155.2,2.8005,-452.5,-733.1,2.7976,394.1,-67.7,-0.0000,-16.5,-499.7,-0.0114,-151.6,476.5,0,0.0,0.0,0.0000,0.00,0.00,0.00,0.00
2.6954,2.6953,0.1,0,-300.1,-155.5,2.7974,-449.2,-733.7,2.7976,395.5,-62.1,0.0000,-13.6,-499.8,0.0010,-155.9,475.1,0,0.0,0.0,0.0000,0.00,0.00,0.00,0.00
2.7027,2.7026,0.1,0,-300.3,-155.2,2.7994,-446.3,-734.1,2.7976,395.8,-58.6,0.0000,-10.9,-499.9,-0.0070,-157.5,474.6,0,0.0,0.0,0.0000,0.00,0.00,0.00,0.00
2.7105,2.7026,7.9,0,-300.3,-155.2,2.7994,-446.3,-734.1,2.7976,395.8,-58.6,0.0000,-8.3,-499.9,-0.0070,-160.0,473.7,0,0.0,0.0,0.0000,0.00,0.00,0.00,0.00
2.7192,2.7120,7.2,0,-300.4,-155.4,2.7978,-442.6,-734.6,2.7976,396.1,-54.3,-0.0000,-5.2,-500.0,-0.0005,-163.6,472.5,0,0.0,0.0,0.0000,0.00,0.00,0.00,0.00
2.7275,2.7207,6.8,0,-300.7,-155.0,2.7950,-439.1,-735.1,2.7976,397.1,-49.9,-0.0000,-2.0,-500.0,0.0106,-168.0,470.9,0,0.0,0.0,0.0000,0.00,0.00,0.00,0.00
2.7346,2.7293,5.4,0,-300.5,-155.3,2.8011,-435.7,-735.5,2.7976,397.9,-45.6,0.0000,0.3,-500.0,-0.0141,-167.3,471.2,0,0.0,0.0,0.0000,0.00,0.00,0.00,0.00
2.7428,2.7392,3.6,0,-300.1,-155.0,2.7985,-431.7,-735.9,2.7976,397.9,-40.4,0.0000,2.8,-500.0,-0.0036,-170.8,469.9,0,0.0,0.0,0.0000,0.00,0.00,0.00,0.00
2.7510,2.7473,3.7,0,-300.0,-155.0,2.7988,-428.5,-736.2,2.7976,398.2,-35.9,-0.0000,5.5,-500.0,-0.0047,-173.2,469.0,0,0.0,0.0,0.0000,0.00,0.00,0.00,0.00
2.7590,2.7578,1.2,0,-300.1,-154.9,2.7979,-424.3,-736.6,2.7976,398.8,-29.0,0.0000,8.2,-499.9,-0.0010,-176.2,467.9,0,0.0,0.0,0.0000,0.00,0.00,0.00,0.00
2.7670,2.7635,3.4,0,-300.6,-154.9,2.7991,-422.0,-736.7,2.7976,399.1,-26.0,0.0000,11.3,-499.9,-0.0057,-178.5,467.0,0,0.0,0.0,0.0000,0.00,0.00,0.00,0.00
2.7747,2.7720,2.7,0,-300.0,-155.3,2.7940,-418.7,-736.9,2.7976,399.4,-23.1,-0.0000,13.4,-499.8,0.0147,-182.9,465.3,0,0.0,0.0,0.0000,0.00,0.00,0.00,0.00
2.7834,2.7720,11.5,0,-300.0,-155.3,2.7940,-418.7,-736.9,2.7976,399.4,-23.1,-0.0000,16.5,-499.7,0.0147,-185.8,464.2,0,0.0,0.0,0.0000,0.00,0.00,0.00,0.00
2.7906,2.7905,0.1,0,-300.4,-155.4,2.7979,-411.3,-737.3,2.7976,399.4,-12.4,0.0000,19.3,-499.6,-0.0010,-186.5,463.9,0,0.0,0.0,0.0000,0.00,0.00,0.00,0.00
2.7993,2.7968,2.6,0,-300.0,-154.9,2.8039,-408.8,-737.3,2.7976,399.5,-9.0,-0.0000,22.0,-499.5,-0.0250,-186.3,464.0,0,0.0,0.0,0.0000,0.00,0.00,0.00,0.00
2.8073,2.8058,1.5,0,-300.1,-155.2,2.8018,-405.2,-737.4,2.7976,399.8,-4.3,0.0000,24.8,-499.4,-0.0168,-189.9,462.6,0,0.0,0.0,0.0000,0.00,0.00,0.00,0.00
2.8156,2.8143,1.3,0,-299.9,-155.2,2.7974,-401.7,-737.4,2.7976,400.0,0.2,-0.0000,27.3,-499.3,0.0010,-194.2,460.7,0,0.0,0.0,0.0000,0.00,0.00,0.00,0.00
2.8231,2.8143,8.7,0,-299.9,-155.2,2.7974,-401.7,-737.4,2.7976,400.0,0.2,-0.0000,29.9,-499.1,0.0010,-196.5,459.8,0,0.0,0.0,0.0000,0.00,0.00,0.00,0.00
2.8305,2.8240,6.5,0,-300.6,-155.0,2.8016,-397.9,-737.4,2.7976,400.3,5.4,0.0000,33.1,-498.9,-0.0158,-197.6,459.3,0,0.0,0.0,0.0000,0.00,0.00,0.00,0.00
2.8392,2.8391,0.1,0,-300.4,-154.9,2.8017,-391.8,-737.2,2.7976,399.9,12.9,0.0000,35.9,-498.7,-0.0162,-200.1,458.2,0,0.0,0.0,0.0000,0.00,0.00,0.00,0.00
2.8466,2.8391,7.5,0,-300.4,-154.9,2.8017,-391.8,-737.2,2.7976,399.9,12.9,0.0000,38.4,-498.5,-0.0162,-202.4,457.2,0,0.0,0.0,0.0000,0.00,0.00,0.00,0.00
2.8550,2.8483,6.8,0,-300.1,-154.9,2.8046,-388.2,-737.1,2.7976,399.4,18.1,-0.0000,41.1,-498.3,-0.0278,-203.5,456.7,0,0.0,0.0,0.0000,0.00,0.00,0.00,0.00
2.8637,2.8579,5.8,0,-300.5,-155.1,2.7976,-384.3,-736.9,2.7976,398.9,23.5,-0.0000,44.3,-498.0,0.0002,-209.7,453.9,0,0.0,0.0,0.0000,0.00,0.00,0.00,0.00
2.8716,2.8648,6.7,0,-300.6,-155.2,2.7940,-381.6,-736.7,2.7976,398.9,27.2,0.0000,47.1,-497.8,0.0145,-213.9,452.0,0,0.0,0.0,0.0000,0.00,0.00,0.00,0.00
2.8795,2.8728,6.7,0,-300.9,-155.2,2.7930,-378.4,-736.5,2.7976,398.8,31.6,-0.0000,50.1,-497.5,0.0186,-217.0,450.4,0,0.0,0.0,0.0000,0.00,0.00,0.00,0.00
2.8877,2.8813,6.4,0,-300.1,-154.8,2.8031,-375.0,-736.2,2.7976,398.7,35.7,-0.0000,52.2,-497.3,-0.0218,-214.3,451.7,0,0.0,0.0,0.0000,0.00,0.00,0.00,0.00
2.8949,2.8915,3.5,0,-300.4,-155.2,2.7998,-370.9,-735.8,2.7976,398.3,41.0,0.0000,54.8,-497.0,-0.0087,-218.2,449.9,0,0.0,0.0,0.0000,0.00,0.00,0.00,0.00
2.9032,2.8982,4.9,0,-300.8,-154.9,2.7984,-368.2,-735.5,2.7976,397.3,44.6,-0.0000,58.0,-496.6,-0.0029,-221.7,448.2,0,0.0,0.0,0.0000,0.00,0.00,0.00,0.00
2.9106,2.9070,3.6,0,-300.4,-155.2,2.7992,-364.8,-735.1,2.7976,396.6,49.3,0.0000,60.2,-496.4,-0.0064,-223.3,447.4,0,0.0,0.0,0.0000,0.00,0.00,0.00,0.00
2.9187,2.9151,3.5,0,-300.3,-155.4,2.8009,-361.5,-734.7,2.7976,396.3,54.1,-0.0000,62.9,-496.0,-0.0132,-225.0,446.5,0,0.0,0.0,0.0000,0.00,0.00,0.00,0.00
2.9277,2.9241,3.6,0,-300.3,-155.0,2.7973,-358.0,-734.2,2.7976,395.8,58.8,0.0000,66.0,-495.6,0.0012,-229.4,444.2,0,0.0,0.0,0.0000,0.00,0.00,0.00,0.00
2.9351,2.9321,3.0,0,-300.3,-155.4,2.7968,-354.8,-733.7,2.7976,395.2,62.4,-0.0000,68.6,-495.3,0.0033,-231.9,442.9,0,0.0,0.0,0.0000,0.00,0.00,0.00,0.00
2.9428,2.9405,2.3,0,-299.9,-155.3,2.7980,-351.5,-733.2,2.7976,394.4,66.6,-0.0000,70.7,-495.0,-0.0014,-233.4,442.2,0,0.0,0.0,0.0000,0.00,0.00,0.00,0.00
2.9514,2.9487,2.7,0,-300.4,-154.9,2.7984,-348.3,-732.6,2.7976,393.6,71.2,-0.0000,74.1,-494.5,-0.0032,-236.1,440.7,0,0.0,0.0,0.0000,0.00,0.00,0.00,0.00
2.9591,2.9576,1.4,0,-300.1,-155.1,2.7978,-344.8,-731.9,2.7976,392.7,75.9,0.0000,76.4,-494.1,-0.0008,-238.4,439.5,0,0.0,0.0,0.0000,0.00,0.00,0.00,0.00
2.9667,2.9666,0.1,0,-300.6,-155.3,2.7962,-341.2,-731.2,2.7976,391.9,80.7,0.0000,79.5,-493.6,0.0056,-241.9,437.6,0,0.0,0.0,0.0000,0.00,0.00,0.00,0.00
2.9755,2.9743,1.2,0,-300.2,-154.9,2.8028,-338.3,-730.6,2.7976,390.9,84.8,-0.0000,82.1,-493.2,-0.0207,-241.4,437.9,0,0.0,0.0,0.0000,0.00,0.00,0.00,0.00
2.9832,2.9831,0.1,0,-300.7,-155.0,2.7980,-334.8,-729.8,2.7976,389.5,89.8,0.0000,85.2,-492.7,-0.0016,-246.1,435.2,0,0.0,0.0,0.0000,0.00,0.00,0.00,0.00
2.9907,2.9831,7.6,0,-300.7,-155.0,2.7980,-334.8,-729.8,2.7976,389.5,89.8,0.0000,87.7,-492.2,-0.0016,-248.4,433.9,0,0.0,0.0,0.0000,0.00,0.00,0.00,0.00
2.9997,2.9996,0.1,0,-300.5,-155.2,2.7984,-328.4,-728.3,2.7976,387.7,97.9,-0.0000,90.6,-491.7,-0.0029,-250.8,432.5,0,0.0,0.0,0.0000,0.00,0.00,0.00,0.00
3.0074,2.9996,7.9,0,-300.5,-155.2,2.7984,-328.4,-728.3,2.7976,387.7,97.9,-0.0000,93.1,-491.2,-0.0029,-253.0,431.3,0,0.0,0.0,0.0000,0.00,0.00,0.00,0.00
3.0154,3.0081,7.3,0,-300.5,-155.1,2.7992,-325.1,-727.4,2.7976,386.8,102.2,0.0000,95.8,-490.7,-0.0063,-255.0,430.1,0,0.0,0.0,0.0000,0.00,0.00,0.00,0.00
3.0230,3.0165,6.4,0,-300.3,-155.0,2.7998,-321.8,-726.6,2.7976,385.9,106.2,-0.0000,98.3,-490.2,-0.0086,-257.0,428.9,0,0.0,0.0,0.0000,0.00,0.00,0.00,0.00
3.0313,3.0250,6.3,0,-300.1,-155.2,2.7935,-318.6,-725.6,2.7976,384.3,111.2,0.0000,101.0,-489.7,0.0163,-262.0,425.9,0,0.0,0.0,0.0000,0.00,0.00,0.00,0.00
3.0393,3.0335,5.8,0,-300.3,-155.1,2.8058,-315.3,-724.7,2.7976,382.8,116.0,0.0000,103.7,-489.1,-0.0326,-259.1,427.6,0,0.0,0.0,0.0000,0.00,0.00,0.00,0.00
3.0465,3.0420,4.5,0,-300.2,-155.1,2.7998,-312.1,-723.7,2.7976,381.5,119.7,0.0000,106.0,-488.6,-0.0086,-263.6,424.9,0,0.0,0.0,0.0000,0.00,0.00,0.00,0.00
3.0547,3.0501,4.5,0,-300.4,-155.0,2.8033,-309.0,-722.7,2.7976,380.2,123.6,-0.0000,108.9,-488.0,-0.0228,-264.7,424.2,0,0.0,0.0,0.0000,0.00,0.00,0.00,0.00
3.0630,3.0589,4.1,0,-300.4,-155.2,2.7964,-305.6,-721.6,2.7976,378.9,128.3,-0.0000,111.8,-487.3,0.0048,-270.1,420.8,0,0.0,0.0,0.0000,0.00,0.00,0.00,0.00
3.0706,3.0672,3.4,0,-300.3,-155.1,2.8014,-302.5,-720.5,2.7976,377.6,132.4,-0.0000,114.3,-486.8,-0.0152,-270.1,420.8,0,0.0,0.0,0.0000,0.00,0.00,0.00,0.00
3.0790,3.0755,3.5,0,-300.5,-155.0,2.7954,-299.4,-719.4,2.7976,376.4,136.0,-0.0000,117.1,-486.1,0.0090,-275.1,417.5,0,0.0,0.0,0.0000,0.00,0.00,0.00,0.00
3.0868,3.0843,2.6,0,-300.5,-154.8,2.8021,-296.1,-718.2,2.7976,374.7,140.5,0.0000,119.7,-485.5,-0.0177,-274.6,417.9,0,0.0,0.0,0.0000,0.00,0.00,0.00,0.00
3.0947,3.0913,3.5,0,-300.3,-155.4,2.8012,-293.5,-717.2,2.7976,372.9,144.4,-0.0000,122.4,-484.8,-0.0142,-277.2,416.1,0,0.0,0.0,0.0000,0.00,0.00,0.00,0.00
3.1035,3.1008,2.7,0,-300.8,-155.3,2.7917,-289.9,-715.8,2.7976,371.0,149.4,-0.0000,125.9,-483.9,0.0237,-284.1,411.4,0,0.0,0.0,0.0000,0.00,0.00,0.00,0.00
3.1110,3.1096,1.4,0,-300.9,-155.4,2.7888,-286.7,-714.4,2.7976,369.5,154.3,0.0000,128.4,-483.2,0.0355,-287.5,409.1,0,0.0,0.0,0.0000,0.00,0.00,0.00,0.00
3.1193,3.1181,1.2,0,-300.5,-155.2,2.7966,-283.6,-713.1,2.7976,367.7,158.0,0.0000,130.5,-482.7,0.0043,-286.1,410.1,0,0.0,0.0,0.0000,0.00,0.00,0.00,0.00
3.1266,3.1265,0.1,0,-300.5,-155.4,2.7997,-280.5,-711.8,2.7976,365.7,161.0,-0.0000,133.0,-482.0,-0.0085,-286.9,409.5,0,0.0,0.0,0.0000,0.00,0.00,0.00,0.00
3.1351,3.1350,0.1,0,-300.2,-154.8,2.8016,-277.4,-710.4,2.7976,363.8,165.5,-0.0000,135.7,-481.2,-0.0157,-288.4,408.4,0,0.0,0.0,0.0000,0.00,0.00,0.00,0.00
3.1434,3.1432,0.1,0,-300.4,-155.2,2.7965,-274.4,-709.0,2.7976,362.0,170.1,0.0000,138.8,-480.4,0.0046,-293.1,405.1,0,0.0,0.0,0.0000,0.00,0.00,0.00,0.00
3.1511,3.1432,7.9,0,-300.4,-155.2,2.7965,-274.4,-709.0,2.7976,362.0,170.1,0.0000,141.1,-479.7,0.0046,-295.0,403.7,0,0.0,0.0,0.0000,0.00,0.00,0.00,0.00
3.1590,3.1515,7.4,0,-300.4,-155.3,2.7980,-271.4,-707.6,2.7976,360.0,174.2,0.0000,143.6,-478.9,-0.0014,-296.6,402.5,0,0.0,0.0,0.0000,0.00,0.00,0.00,0.00
3.1677,3.1609,6.8,0,-299.9,-155.0,2.7971,-268.0,-705.9,2.7976,357.8,179.1,-0.0000,146.3,-478.1,0.0020,-299.1,400.6,0,0.0,0.0,0.0000,0.00,0.00,0.00,0.00
3.1752,3.1687,6.5,0,-300.2,-155.0,2.8020,-265.2,-704.5,2.7976,356.1,182.0,-0.0000,149.0,-477.3,-0.0176,-299.4,400.4,0,0.0,0.0,0.0000,0.00,0.00,0.00,0.00
3.1825,3.1772,5.4,0,-300.4,-155.2,2.8017,-262.2,-703.0,2.7976,354.2,185.4,-0.0000,151.6,-476.5,-0.0161,-301.7,398.7,0,0.0,0.0,0.0000,0.00,0.00,0.00,0.00
3.1916,3.1853,6.3,0,-300.3,-155.1,2.8007,-259.3,-701.4,2.7976,352.3,189.7,0.0000,154.4,-475.6,-0.0121,-304.5,396.6,0,0.0,0.0,0.0000,0.00,0.00,0.00,0.00
3.1995,3.1937,5.8,0,-300.4,-155.0,2.8055,-256.4,-699.8,2.7976,350.3,193.9,0.0000,157.1,-474.7,-0.0313,-304.9,396.3,0,0.0,0.0,0.0000,0.00,0.00,0.00,0.00
3.2071,3.2026,4.5,0,-300.5,-155.1,2.8052,-253.3,-698.1,2.7976,347.0,198.3,-0.0000,159.7,-473.8,-0.0303,-307.1,394.6,0,0.0,0.0,0.0000,0.00,0.00,0.00,0.00
3.2154,3.2107,4.7,0,-300.3,-155.0,2.7989,-250.5,-696.4,2.7976,344.6,202.2,0.0000,162.2,-473.0,-0.0051,-311.7,391.0,0,0.0,0.0,0.0000,0.00,0.00,0.00,0.00
3.2233,3.2194,3.9,0,-300.1,-154.9,2.8000,-247.5,-694.7,2.7976,343.3,206.1,0.0000,164.5,-472.2,-0.0095,-313.2,389.8,0,0.0,0.0,0.0000,0.00,0.00,0.00,0.00
3.2306,3.2281,2.4,0,-300.4,-155.5,2.7953,-244.5,-692.9,2.7976,341.0,209.9,-0.0000,167.3,-471.2,0.0093,-317.3,386.4,0,0.0,0.0,0.0000,0.00,0.00,0.00,0.00
3.2395,3.2361,3.4,0,-300.3,-155.3,2.8003,-241.8,-691.2,2.7976,338.2,212.7,-0.0000,170.0,-470.2,-0.0108,-317.6,386.2,0,0.0,0.0,0.0000,0.00,0.00,0.00,0.00
3.2473,3.2447,2.6,0,-300.3,-155.3,2.8026,-238.9,-689.3,2.7976,335.7,216.7,0.0000,172.6,-469.3,-0.0197,-318.9,385.1,0,0.0,0.0,0.0000,0.00,0.00,0.00,0.00
3.2547,3.2535,1.2,0,-300.5,-155.1,2.8001,-236.0,-687.4,2.7976,333.5,221.7,0.0000,175.2,-468.3,-0.0097,-321.9,382.6,0,0.0,0.0,0.0000,0.00,0.00,0.00,0.00
3.2627,3.2615,1.2,0,-300.6,-155.0,2.8004,-233.3,-685.6,2.7976,331.1,225.1,0.0000,177.8,-467.3,-0.0111,-323.9,380.9,0,0.0,0.0,0.0000,0.00,0.00,0.00,0.00
3.2706,3.2705,0.1,0,-300.2,-155.2,2.7983,-230.3,-683.6,2.7976,328.1,228.5,0.0000,180.1,-466.4,-0.0027,-326.6,378.6,0,0.0,0.0,0.0000,0.00,0.00,0.00,0.00
3.2787,3.2785,0.2,0,-300.6,-155.2,2.7953,-227.7,-681.7,2.7976,325.8,231.9,0.0000,183.2,-465.2,0.0093,-330.2,375.5,0,0.0,0.0,0.0000,0.00,0.00,0.00,0.00
3.2872,3.2870,0.2,0,-300.3,-155.0,2.7997,-225.0,-679.7,2.7976,323.3,235.8,-0.0000,185.5,-464.3,-0.0083,-330.4,375.3,0,0.0,0.0,0.0000,0.00,0.00,0.00,0.00
3.2946,3.2870,7.6,0,-300.3,-155.0,2.7997,-225.0,-679.7,2.7976,323.3,235.8,-0.0000,187.6,-463.5,-0.0083,-332.1,373.8,0,0.0,0.0,0.0000,0.00,0.00,0.00,0.00
3.3030,3.2961,7.0,0,-300.8,-155.2,2.7963,-222.0,-677.6,2.7976,320.4,239.4,0.0000,190.9,-462.1,0.0053,-336.0,370.3,0,0.0,0.0,0.0000,0.00,0.00,0.00,0.00
3.3112,3.3035,7.7,0,-300.1,-155.1,2.8033,-219.7,-675.8,2.7976,318.2,242.3,0.0000,193.1,-461.2,-0.0228,-335.2,371.0,0,0.0,0.0,0.0000,0.00,0.00,0.00,0.00
3.3190,3.3125,6.5,0,-300.2,-155.1,2.7967,-216.8,-673.6,2.7976,314.7,246.6,-0.0000,195.7,-460.1,0.0038,-339.7,366.8,0,0.0,0.0,0.0000,0.00,0.00,0.00,0.00
3.3275,3.3207,6.9,0,-300.5,-155.4,2.7908,-214.3,-671.6,2.7976,311.6,250.5,0.0000,198.8,-458.8,0.0275,-344.4,362.5,0,0.0,0.0,0.0000,0.00,0.00,0.00,0.00
3.3353,3.3292,6.1,0,-300.4,-154.9,2.7987,-211.6,-669.4,2.7976,309.1,253.8,-0.0000,200.9,-457.9,-0.0045,-343.1,363.7,0,0.0,0.0,0.0000,0.00,0.00,0.00,0.00
3.3432,3.3377,5.5,0,-300.2,-155.2,2.8039,-209.0,-667.2,2.7976,306.5,257.2,-0.0000,203.4,-456.8,-0.0250,-343.3,363.6,0,0.0,0.0,0.0000,0.00,0.00,0.00,0.00
3.3510,3.3458,5.2,0,-300.3,-155.2,2.7998,-206.5,-665.1,2.7976,303.5,260.7,0.0000,205.9,-455.6,-0.0088,-346.7,360.3,0,0.0,0.0,0.0000,0.00,0.00,0.00,0.00
3.3597,3.3551,4.6,0,-300.6,-155.4,2.7963,-203.7,-662.7,2.7976,300.3,264.4,0.0000,208.9,-454.3,0.0052,-350.3,356.7,0,0.0,0.0,0.0000,0.00,0.00,0.00,0.00
3.3666,3.3630,3.5,0,-300.4,-155.2,2.7992,-201.3,-660.6,2.7976,298.0,267.1,-0.0000,210.9,-453.4,-0.0063,-350.8,356.3,0,0.0,0.0,0.0000,0.00,0.00,0.00,0.00
3.3747,3.3712,3.4,0,-300.2,-155.0,2.8030,-198.9,-658.4,2.7976,295.1,270.2,0.0000,213.3,-452.2,-0.0215,-351.4,355.7,0,0.0,0.0,0.0000,0.00,0.00,0.00,0.00
3.3826,3.3798,2.9,0,-299.7,-155.1,2.8037,-196.4,-656.1,2.7976,290.7,273.8,0.0000,215.4,-451.2,-0.0244,-352.8,354.3,0,0.0,0.0,0.0000,0.00,0.00,0.00,0.00
3.3911,3.3887,2.4,0,-300.3,-155.1,2.7974,-193.8,-653.6,2.7976,287.5,277.4,0.0000,218.4,-449.8,0.0008,-357.4,349.7,0,0.0,0.0,0.0000,0.00,0.00,0.00,0.00
3.3990,3.3964,2.6,0,-300.0,-155.2,2.7986,-191.6,-651.5,2.7976,285.5,280.6,0.0000,220.6,-448.7,-0.0037,-358.7,348.4,0,0.0,0.0,0.0000,0.00,0.00,0.00,0.00
3.4068,3.4054,1.4,0,-300.3,-155.0,2.7982,-189.1,-648.9,2.7976,282.3,283.9,0.0000,223.2,-447.4,-0.0024,-360.8,346.2,0,0.0,0.0,0.0000,0.00,0.00,0.00,0.00
3.4152,3.4139,1.2,0,-300.5,-155.2,2.7945,-186.7,-646.5,2.7976,279.0,286.6,0.0000,226.1,-445.9,0.0124,-364.3,342.4,0,0.0,0.0,0.0000,0.00,0.00,0.00,0.00
3.4230,3.4229,0.1,0,-300.1,-155.1,2.7992,-184.2,-643.9,2.7976,275.5,290.1,0.0000,228.3,-444.9,-0.0063,-364.4,342.4,0,0.0,0.0,0.0000,0.00,0.00,0.00,0.00
3.4309,3.4308,0.1,0,-300.4,-155.4,2.7972,-182.0,-641.6,2.7976,272.3,293.3,-0.0000,231.2,-443.4,0.0015,-367.3,339.3,0,0.0,0.0,0.0000,0.00,0.00,0.00,0.00
3.4391,3.4390,0.1,0,-300.3,-155.4,2.7989,-179.8,-639.2,2.7976,269.0,296.2,-0.0000,233.8,-442.0,-0.0052,-368.7,337.7,0,0.0,0.0,0.0000,0.00,0.00,0.00,0.00
3.4467,3.4390,7.7,0,-300.3,-155.4,2.7989,-179.8,-639.2,2.7976,269.0,296.2,-0.0000,236.1,-440.7,-0.0052,-370.5,335.8,0,0.0,0.0,0.0000,0.00,0.00,0.00,0.00
3.4557,3.4475,8.2,0,-300.4,-155.0,2.7990,-177.5,-636.6,2.7976,265.3,299.2,-0.0000,238.6,-439.4,-0.0056,-372.4,333.7,0,0.0,0.0,0.0000,0.00,0.00,0.00,0.00
3.4635,3.4560,7.5,0,-300.3,-154.9,2.8022,-175.3,-634.1,2.7976,262.2,302.1,0.0000,240.8,-438.2,-0.0183,-373.0,333.0,0,0.0,0.0,0.0000,0.00,0.00,0.00,0.00
3.4711,3.4646,6.5,0,-300.1,-155.2,2.7958,-173.1,-631.5,2.7976,259.1,305.1,0.0000,242.9,-437.0,0.0071,-376.7,328.8,0,0.0,0.0,0.0000,0.00,0.00,0.00,0.00
3.4787,3.4716,7.1,0,-300.1,-155.1,2.8009,-171.2,-629.3,2.7976,256.0,307.3,0.0000,245.2,-435.8,-0.0132,-376.7,328.8,0,0.0,0.0,0.0000,0.00,0.00,0.00,0.00
3.4871,3.4809,6.2,0,-300.4,-155.3,2.7987,-168.9,-626.5,2.7976,252.1,310.1,-0.0000,248.3,-434.0,-0.0041,-379.8,325.2,0,0.0,0.0,0.0000,0.00,0.00,0.00,0.00
3.4952,3.4918,3.4,0,-300.6,-155.5,2.7879,-166.2,-623.1,2.7976,247.0,314.4,-0.0000,251.2,-432.3,0.0387,-385.4,318.6,0,0.0,0.0,0.0000,0.00,0.00,0.00,0.00
3.5033,3.4987,4.6,0,-300.2,-154.9,2.8026,-164.5,-620.9,2.7976,244.0,316.8,-0.0000,253.2,-431.1,-0.0200,-382.2,322.4,0,0.0,0.0,0.0000,0.00,0.00,0.00,0.00
3.5139,3.5063,7.6,0,-300.4,-155.2,2.8011,-162.6,-618.5,2.7976,241.2,318.9,0.0000,256.5,-429.2,-0.0139,-385.1,318.9,0,0.0,0.0,0.0000,0.00,0.00,0.00,0.00
3.5186,3.5151,3.5,0,-300.2,-155.1,2.7966,-160.5,-615.6,2.7976,237.8,321.6,-0.0000,257.5,-428.6,0.0041,-387.3,316.2,0,0.0,0.0,0.0000,0.00,0.00,0.00,0.00
3.5269,3.5257,1.3,0,-300.1,-155.3,2.7966,-158.0,-612.2,2.7976,234.0,324.7,-0.0000,260.0,-427.1,0.0043,-389.1,314.0,0,0.0,0.0,0.0000,0.00,0.00,0.00,0.00
3.5351,3.5318,3.3,0,-300.9,-155.4,2.7939,-156.6,-610.2,2.7976,231.2,326.8,0.0000,263.4,-425.0,0.0149,-392.4,309.9,0,0.0,0.0,0.0000,0.00,0.00,0.00,0.00
3.5426,3.5402,2.5,0,-300.1,-155.2,2.7989,-154.7,-607.5,2.7976,226.6,330.0,-0.0000,264.9,-424.1,-0.0052,-392.0,310.4,0,0.0,0.0,0.0000,0.00,0.00,0.00,0.00
3.5511,3.5487,2.4,0,-300.3,-155.1,2.7968,-152.8,-604.7,2.7976,222.6,332.5,-0.0000,267.5,-422.4,0.0035,-394.5,307.2,0,0.0,0.0,0.0000,0.00,0.00,0.00,0.00
3.5586,3.5487,9.9,0,-300.3,-155.1,2.7968,-152.8,-604.7,2.7976,222.6,332.5,-0.0000,269.7,-421.0,0.0035,-396.1,305.1,0,0.0,0.0,0.0000,0.00,0.00,0.00,0.00
3.5671,3.5658,1.2,0,-300.0,-155.3,2.7987,-149.0,-598.9,2.7976,215.1,336.7,-0.0000,271.9,-419.6,-0.0044,-397.2,303.7,0,0.0,0.0,0.0000,0.00,0.00,0.00,0.00
3.5756,3.5742,1.4,0,-300.2,-155.0,2.8004,-147.2,-596.1,2.7976,211.5,339.7,-0.0000,274.5,-417.9,-0.0112,-398.5,302.0,0,0.0,0.0,0.0000,0.00,0.00,0.00,0.00
3.5833,3.5831,0.1,0,-300.3,-155.0,2.8006,-145.4,-593.1,2.7976,207.9,342.0,0.0000,276.9,-416.3,-0.0120,-400.2,299.7,0,0.0,0.0,0.0000,0.00,0.00,0.00,0.00
3.5910,3.5831,7.8,0,-300.3,-155.0,2.8006,-145.4,-593.1,2.7976,207.9,342.0,0.0000,279.2,-414.8,-0.0120,-401.8,297.5,0,0.0,0.0,0.0000,0.00,0.00,0.00,0.00
3.5994,3.5928,6.6,0,-300.9,-155.3,2.7886,-143.4,-589.7,2.7976,204.3,344.6,-0.0000,282.3,-412.7,0.0362,-407.6,289.6,0,0.0,0.0,0.0000,0.00,0.00,0.00,0.00
3.6075,3.6031,4.3,0,-300.6,-155.7,2.7886,-141.3,-586.2,2.7976,197.8,347.7,-0.0000,284.7,-411.0,0.0360,-409.2,287.3,0,0.0,0.0,0.0000,0.00,0.00,0.00,0.00
3.6146,3.6083,6.4,0,-300.1,-155.0,2.8020,-140.3,-584.4,2.7976,194.9,349.1,0.0000,285.9,-410.2,-0.0173,-406.2,291.5,0,0.0,0.0,0.0000,0.00,0.00,0.00,0.00
3.6228,3.6185,4.3,0,-300.4,-155.1,2.7953,-138.3,-580.8,2.7976,191.1,351.3,0.0000,288.7,-408.3,0.0093,-410.1,286.1,0,0.0,0.0,0.0000,0.00,0.00,0.00,0.00
3.6310,3.6266,4.4,0,-300.2,-155.0,2.8032,-136.8,-577.9,2.7976,187.7,353.2,0.0000,290.6,-406.9,-0.0222,-409.2,287.3,0,0.0,0.0,0.0000,0.00,0.00,0.00,0.00
3.6395,3.6329,6.6,0,-300.5,-155.3,2.8010,-135.6,-575.7,2.7976,184.4,355.0,-0.0000,293.5,-404.8,-0.0137,-411.8,283.5,0,0.0,0.0,0.0000,0.00,0.00,0.00,0.00
3.6476,3.6418,5.8,0,-300.2,-155.1,2.8038,-134.0,-572.5,2.7976,180.0,357.3,-0.0000,295.5,-403.4,-0.0246,-412.5,282.6,0,0.0,0.0,0.0000,0.00,0.00,0.00,0.00
3.6551,3.6502,4.9,0,-300.2,-155.2,2.8030,-132.5,-569.5,2.7976,176.2,358.8,-0.0000,297.7,-401.7,-0.0213,-414.3,280.0,0,0.0,0.0,0.0000,0.00,0.00,0.00,0.00
3.6632,3.6597,3.4,0,-300.2,-155.3,2.8002,-130.8,-566.1,2.7976,171.7,360.9,-0.0000,300.4,-399.7,-0.0102,-416.9,276.1,0,0.0,0.0,0.0000,0.00,0.00,0.00,0.00
3.6714,3.6671,4.3,0,-300.5,-155.1,2.7992,-129.6,-563.4,2.7976,168.1,363.1,0.0000,302.8,-397.9,-0.0062,-418.8,273.1,0,0.0,0.0,0.0000,0.00,0.00,0.00,0.00
3.6789,3.6756,3.3,0,-300.4,-155.1,2.7988,-128.2,-560.3,2.7976,163.9,365.1,-0.0000,304.6,-396.5,-0.0047,-420.2,271.1,0,0.0,0.0,0.0000,0.00,0.00,0.00,0.00
3.6874,3.6838,3.6,0,-300.3,-155.4,2.7901,-126.8,-557.3,2.7976,159.6,367.0,0.0000,307.1,-394.6,0.0302,-424.2,264.7,0,0.0,0.0,0.0000,0.00,0.00,0.00,0.00
3.6949,3.6934,1.4,0,-300.1,-155.1,2.7955,-125.3,-553.8,2.7976,155.1,368.7,0.0000,308.9,-393.1,0.0086,-424.0,265.0,0,0.0,0.0,0.0000,0.00,0.00,0.00,0.00
3.7035,3.6934,10.0,0,-300.1,-155.1,2.7955,-125.3,-553.8,2.7976,155.1,368.7,0.0000,311.3,-391.2,0.0086,-425.6,262.4,0,0.0,0.0,0.0000,0.00,0.00,0.00,0.00
3.7114,3.7091,2.3,0,-300.2,-155.3,2.8000,-122.9,-548.0,2.7976,147.9,371.4,-0.0000,313.6,-389.4,-0.0093,-426.0,261.8,0,0.0,0.0,0.0000,0.00,0.00,0.00,0.00
3.7191,3.7176,1.5,0,-300.0,-155.4,2.7988,-121.7,-544.8,2.7976,142.5,373.9,0.0000,315.7,-387.7,-0.0046,-427.7,259.1,0,0.0,0.0,0.0000,0.00,0.00,0.00,0.00
3.7276,3.7263,1.3,0,-300.1,-155.2,2.7989,-120.5,-541.6,2.7976,138.2,375.4,0.0000,318.2,-385.7,-0.0051,-429.3,256.4,0,0.0,0.0,0.0000,0.00,0.00,0.00,0.00
3.7351,3.7350,0.1,0,-300.2,-154.9,2.8049,-119.3,-538.3,2.7976,134.1,376.9,-0.0000,320.2,-384.1,-0.0292,-429.1,256.7,0,0.0,0.0,0.0000,0.00,0.00,0.00,0.00
3.7428,3.7350,7.8,0,-300.2,-154.9,2.8049,-119.3,-538.3,2.7976,134.1,376.9,-0.0000,322.4,-382.2,-0.0292,-430.5,254.3,0,0.0,0.0,0.0000,0.00,0.00,0.00,0.00
3.7526,3.7518,0.8,0,-300.4,-155.3,2.8009,-117.1,-532.0,2.7976,127.0,379.5,-0.0000,325.4,-379.6,-0.0131,-433.5,249.1,0,0.0,0.0,0.0000,0.00,0.00,0.00,0.00
3.7587,3.7518,6.9,0,-300.4,-155.3,2.8009,-117.1,-532.0,2.7976,127.0,379.5,-0.0000,326.8,-378.4,-0.0131,-434.5,247.5,0,0.0,0.0,0.0000,0.00,0.00,0.00,0.00
3.7667,3.7599,6.8,0,-300.2,-155.1,2.7966,-116.1,-528.9,2.7976,122.2,380.8,-0.0000,328.7,-376.8,0.0042,-436.7,243.4,0,0.0,0.0,0.0000,0.00,0.00,0.00,0.00
3.7750,3.7686,6.3,0,-300.7,-155.0,2.8014,-115.1,-525.5,2.7976,117.2,382.2,0.0000,331.6,-374.2,-0.0149,-437.5,242.1,0,0.0,0.0,0.0000,0.00,0.00,0.00,0.00
3.7835,3.7767,6.7,0,-300.0,-155.1,2.8001,-114.1,-522.4,2.7976,113.1,383.8,0.0000,333.4,-372.6,-0.0100,-438.9,239.5,0,0.0,0.0,0.0000,0.00,0.00,0.00,0.00
3.7907,3.7853,5.4,0,-300.7,-155.2,2.7942,-113.2,-519.2,2.7976,108.7,385.4,-0.0000,336.0,-370.2,0.0137,-442.0,233.7,0,0.0,0.0,0.0000,0.00,0.00,0.00,0.00
3.7995,3.7939,5.5,0,-300.7,-155.4,2.7972,-112.3,-515.8,2.7976,104.4,386.0,0.0000,338.4,-368.1,0.0019,-442.8,232.2,0,0.0,0.0,0.0000,0.00,0.00,0.00,0.00
3.8069,3.7939,13.0,0,-300.7,-155.4,2.7972,-112.3,-515.8,2.7976,104.4,386.0,0.0000,340.2,-366.4,0.0019,-444.0,230.0,0,0.0,0.0,0.0000,0.00,0.00,0.00,0.00
3.8151,3.8128,2.3,0,-300.1,-154.9,2.8054,-110.4,-508.5,2.7976,95.1,388.3,-0.0000,341.5,-365.2,-0.0309,-442.9,232.1,0,0.0,0.0,0.0000,0.00,0.00,0.00,0.00
3.8235,3.8210,2.4,0,-300.3,-155.3,2.7989,-109.6,-505.3,2.7976,90.9,389.5,0.0000,344.3,-362.5,-0.0052,-446.1,225.8,0,0.0,0.0,0.0000,0.00,0.00,0.00,0.00
3.8310,3.8297,1.3,0,-300.1,-155.3,2.7951,-108.8,-501.9,2.7976,86.3,391.0,-0.0000,346.3,-360.7,0.0099,-448.2,221.7,0,0.0,0.0,0.0000,0.00,0.00,0.00,0.00
3.8390,3.8378,1.2,0,-300.2,-155.3,2.7981,-108.2,-498.8,2.7976,81.8,391.7,-0.0000,348.6,-358.4,-0.0017,-449.0,220.1,0,0.0,0.0,0.0000,0.00,0.00,0.00,0.00
3.8468,3.8457,1.2,0,-300.6,-155.2,2.7968,-107.5,-495.7,2.7976,77.3,392.0,0.0000,350.9,-356.2,0.0034,-450.6,216.7,0,0.0,0.0,0.0000,0.00,0.00,0.00,0.00
3.8553,3.8530,2.3,0,-300.3,-155.1,2.7979,-107.0,-492.8,2.7976,73.5,392.9,-0.0000,352.6,-354.5,-0.0011,-451.4,215.0,0,0.0,0.0,0.0000,0.00,0.00,0.00,0.00
3.8632,3.8620,1.2,0,-300.3,-155.2,2.7998,-106.3,-489.3,2.7976,69.3,394.4,-0.0000,354.6,-352.5,-0.0088,-452.2,213.3,0,0.0,0.0,0.0000,0.00,0.00,0.00,0.00
3.8710,3.8697,1.2,0,-300.1,-155.2,2.7958,-105.8,-486.2,2.7976,65.3,394.9,-0.0000,356.6,-350.5,0.0073,-454.3,208.9,0,0.0,0.0,0.0000,0.00,0.00,0.00,0.00
3.8798,3.8784,1.4,0,-300.2,-155.1,2.7989,-105.3,-482.8,2.7976,61.0,395.3,0.0000,358.9,-348.1,-0.0050,-455.0,207.2,0,0.0,0.0,0.0000,0.00,0.00,0.00,0.00
3.8869,3.8866,0.2,0,-300.8,-155.4,2.7938,-104.8,-479.5,2.7976,56.2,396.0,0.0000,361.4,-345.5,0.0155,-457.5,201.6,0,0.0,0.0,0.0000,0.00,0.00,0.00,0.00
3.8951,3.8950,0.1,0,-300.4,-155.0,2.7962,-104.3,-476.2,2.7976,50.8,396.8,-0.0000,362.9,-343.9,0.0056,-457.9,200.8,0,0.0,0.0,0.0000,0.00,0.00,0.00,0.00
3.9033,3.8950,8.3,0,-300.4,-155.0,2.7962,-104.3,-476.2,2.7976,50.8,396.8,-0.0000,365.2,-341.5,0.0056,-459.2,197.7,0,0.0,0.0,0.0000,0.00,0.00,0.00,0.00
3.9106,3.9105,0.1,0,-300.3,-155.5,2.7988,-103.6,-470.1,2.7976,43.7,397.5,0.0000,367.4,-339.2,-0.0047,-460.0,195.9,0,0.0,0.0,0.0000,0.00,0.00,0.00,0.00
3.9188,3.9105,8.4,0,-300.3,-155.5,2.7988,-103.6,-470.1,2.7976,43.7,397.5,0.0000,369.3,-337.0,-0.0047,-461.1,193.3,0,0.0,0.0,0.0000,0.00,0.00,0.00,0.00
3.9267,3.9203,6.4,0,-300.1,-155.1,2.7980,-103.2,-466.1,2.7976,38.5,398.1,-0.0000,370.7,-335.5,-0.0017,-462.1,191.1,0,0.0,0.0,0.0000,0.00,0.00,0.00,0.00
3.9348,3.9292,5.6,0,-300.3,-154.9,2.7997,-102.9,-462.6,2.7976,34.0,398.7,-0.0000,372.6,-333.5,-0.0084,-462.8,189.3,0,0.0,0.0,0.0000,0.00,0.00,0.00,0.00
3.9431,3.9292,14.0,0,-300.3,-154.9,2.7997,-102.9,-462.6,2.7976,34.0,398.7,-0.0000,374.7,-331.1,-0.0084,-464.0,186.3,0,0.0,0.0,0.0000,0.00,0.00,0.00,0.00
3.9510,3.9457,5.3,0,-300.3,-155.0,2.7960,-102.4,-456.0,2.7976,24.5,399.2,-0.0000,377.0,-328.4,0.0065,-466.0,181.3,0,0.0,0.0,0.0000,0.00,0.00,0.00,0.00
3.9592,3.9546,4.5,0,-300.2,-155.1,2.7961,-102.2,-452.5,2.7976,19.8,399.4,0.0000,379.1,-326.0,0.0060,-467.1,178.3,0,0.0,0.0,0.0000,0.00,0.00,0.00,0.00
3.9668,3.9624,4.4,0,-300.3,-155.0,2.7958,-102.1,-449.3,2.7976,15.7,399.6,0.0000,380.9,-323.9,0.0071,-468.1,175.7,0,0.0,0.0,0.0000,0.00,0.00,0.00,0.00
3.9751,3.9713,3.8,0,-300.4,-155.3,2.8019,-101.9,-445.8,2.7976,10.9,399.9,0.0000,383.3,-321.1,-0.0172,-468.4,175.0,0,0.0,0.0,0.0000,0.00,0.00,0.00,0.00
3.9837,3.9799,3.7,0,-300.1,-155.2,2.7983,-101.9,-442.3,2.7976,6.5,400.0,-0.0000,385.0,-319.1,-0.0029,-469.9,170.9,0,0.0,0.0,0.0000,0.00,0.00,0.00,0.00
3.9909,3.9883,2.7,0,-300.2,-155.0,2.8014,-101.8,-439.0,2.7976,2.6,400.1,0.0000,386.6,-317.1,-0.0150,-470.2,169.9,0,0.0,0.0,0.0000,0.00,0.00,0.00,0.00
3.9989,3.9964,2.5,0,-300.4,-155.1,2.8022,-101.8,-435.8,2.7976,-1.7,400.1,-0.0000,388.9,-314.2,-0.0183,-471.4,166.8,0,0.0,0.0,0.0000,0.00,0.00,0.00,0.00
4.0067,4.0053,1.4,0,-300.4,-155.3,2.8000,-101.9,-432.2,2.7976,-7.3,400.3,-0.0000,391.1,-311.6,-0.0095,-472.8,162.5,0,0.0,0.0,0.0000,0.00,0.00,0.00,0.00
4.0151,4.0128,2.3,0,-300.4,-155.2,2.7904,-101.9,-429.2,2.7976,-11.3,400.0,0.0000,393.0,-309.1,0.0290,-475.4,155.0,0,0.0,0.0,0.0000,0.00,0.00,0.00,0.00
4.0236,4.0221,1.4,0,-300.0,-154.9,2.8024,-102.1,-425.5,2.7976,-16.0,399.0,-0.0000,394.3,-307.5,-0.0192,-474.1,158.8,0,0.0,0.0,0.0000,0.00,0.00,0.00,0.00
4.0307,4.0306,0.1,0,-300.6,-155.2,2.7922,-102.2,-422.1,2.7976,-20.5,399.2,0.0000,396.8,-304.2,0.0218,-477.0,150.0,0,0.0,0.0,0.0000,0.00,0.00,0.00,0.00
4.0392,4.0390,0.2,0,-300.5,-155.4,2.7975,-102.4,-418.7,2.7976,-25.0,399.7,-0.0000,398.8,-301.5,0.0007,-477.2,149.3,0,0.0,0.0,0.0000,0.00,0.00,0.00,0.00
4.0465,4.0390,7.5,0,-300.5,-155.4,2.7975,-102.4,-418.7,2.7976,-25.0,399.7,-0.0000,400.5,-299.3,0.0007,-478.0,146.6,0,0.0,0.0,0.0000,0.00,0.00,0.00,0.00
4.0547,4.0477,7.0,0,-300.3,-155.1,2.8008,-102.7,-415.2,2.7976,-29.5,399.0,-0.0000,402.1,-297.2,-0.0128,-478.3,145.8,0,0.0,0.0,0.0000,0.00,0.00,0.00,0.00
4.0628,4.0562,6.6,0,-300.4,-154.8,2.8009,-102.9,-411.9,2.7976,-33.9,398.5,-0.0000,404.0,-294.5,-0.0131,-479.2,142.6,0,0.0,0.0,0.0000,0.00,0.00,0.00,0.00
4.0708,4.0642,6.6,0,-300.2,-155.0,2.8030,-103.2,-408.7,2.7976,-38.4,398.1,0.0000,406.0,-291.8,-0.0216,-479.9,140.4,0,0.0,0.0,0.0000,0.00,0.00,0.00,0.00
4.0792,4.0726,6.6,0,-300.2,-155.1,2.7945,-103.6,-405.3,2.7976,-43.2,397.7,0.0000,408.0,-289.0,0.0124,-482.0,132.9,0,0.0,0.0,0.0000,0.00,0.00,0.00,0.00
4.0876,4.0812,6.4,0,-300.2,-154.8,2.8020,-103.9,-401.9,2.7976,-47.1,397.0,0.0000,409.5,-286.9,-0.0176,-481.7,134.1,0,0.0,0.0,0.0000,0.00,0.00,0.00,0.00
4.0952,4.0899,5.3,0,-300.3,-155.2,2.8008,-104.4,-398.5,2.7976,-51.4,396.3,-0.0000,411.6,-283.9,-0.0125,-482.8,130.0,0,0.0,0.0,0.0000,0.00,0.00,0.00,0.00
4.1033,4.0978,5.5,0,-300.5,-155.2,2.7985,-104.8,-395.3,2.7976,-56.0,396.1,0.0000,413.6,-281.0,-0.0036,-484.0,125.5,0,0.0,0.0,0.0000,0.00,0.00,0.00,0.00
4.1113,4.1066,4.8,0,-300.4,-155.5,2.7966,-105.3,-391.9,2.7976,-60.8,395.6,-0.0000,415.6,-278.0,0.0040,-485.1,121.1,0,0.0,0.0,0.0000,0.00,0.00,0.00,0.00
4.1190,4.1154,3.5,0,-300.7,-155.4,2.7892,-105.9,-388.4,2.7976,-65.5,394.6,-0.0000,417.6,-275.0,0.0337,-486.8,114.0,0,0.0,0.0,0.0000,0.00,0.00,0.00,0.00
4.1269,4.1245,2.5,0,-300.3,-155.0,2.8011,-106.5,-384.8,2.7976,-70.3,393.7,-0.0000,419.1,-272.6,-0.0140,-486.1,117.0,0,0.0,0.0,0.0000,0.00,0.00,0.00,0.00
4.1352,4.1322,3.0,0,-300.7,-155.3,2.7992,-107.0,-381.7,2.7976,-74.6,392.8,-0.0000,421.6,-268.7,-0.0062,-487.4,111.6,0,0.0,0.0,0.0000,0.00,0.00,0.00,0.00
4.1428,4.1405,2.3,0,-300.1,-155.1,2.8029,-107.7,-378.5,2.7976,-78.8,392.1,0.0000,422.3,-267.7,-0.0212,-487.3,112.2,0,0.0,0.0,0.0000,0.00,0.00,0.00,0.00
4.1513,4.1488,2.5,0,-299.9,-154.9,2.8048,-108.3,-375.3,2.7976,-82.6,391.8,-0.0000,423.8,-265.3,-0.0285,-487.7,110.4,0,0.0,0.0,0.0000,0.00,0.00,0.00,0.00
4.1590,4.1575,1.4,0,-300.5,-155.2,2.8006,-109.1,-371.8,2.7976,-87.0,390.6,0.0000,426.2,-261.4,-0.0121,-489.1,103.9,0,0.0,0.0,0.0000,0.00,0.00,0.00,0.00
4.1670,4.1658,1.2,0,-300.1,-155.3,2.7994,-109.8,-368.6,2.7976,-91.0,389.2,-0.0000,427.9,-258.7,-0.0069,-489.9,100.1,0,0.0,0.0,0.0000,0.00,0.00,0.00,0.00
4.1756,4.1744,1.2,0,-300.6,-155.2,2.7960,-110.6,-365.3,2.7976,-96.0,388.1,-0.0000,429.8,-254.3,0.0066,-490.6,93.6,0,0.0,0.0,0.0000,0.00,0.00,0.00,0.00
4.1837,4.1823,1.4,0,-300.2,-155.2,2.7989,-111.4,-362.2,2.7976,-100.9,387.2,0.0000,422.0,-246.2,-0.0052,-480.2,90.1,0,0.0,0.0,0.0000,0.00,0.00,0.00,0.00
4.1914,4.1913,0.1,0,-300.5,-154.8,2.7983,-112.3,-358.7,2.7976,-105.5,385.9,-0.0000,416.7,-239.1,-0.0025,-472.9,84.9,0,0.0,0.0,0.0000,0.00,0.00,0.00,0.00
4.1991,4.1990,0.1,0,-300.4,-155.5,2.7978,-113.2,-355.7,2.7976,-109.6,384.7,0.0000,410.0,-229.8,-0.0009,-463.5,78.2,0,0.0,0.0,0.0000,0.00,0.00,0.00,0.00
4.2076,4.1990,8.6,0,-300.4,-155.5,2.7978,-113.2,-355.7,2.7976,-109.6,384.7,0.0000,402.8,-222.8,-0.0009,-454.3,74.0,0,0.0,0.0,0.0000,0.00,0.00,0.00,0.00
4.2157,4.2084,7.2,0,-300.3,-155.1,2.7955,-114.2,-352.1,2.7976,-113.4,383.4,0.0000,395.5,-216.6,0.0086,-445.5,69.6,0,0.0,0.0,0.0000,0.00,0.00,0.00,0.00
4.2233,4.2165,6.8,0,-300.5,-155.2,2.8015,-115.1,-349.0,2.7976,-116.6,382.3,0.0000,389.8,-208.8,-0.0156,-437.2,66.9,0,0.0,0.0,0.0000,0.00,0.00,0.00,0.00
4.2308,4.2253,5.5,0,-300.0,-155.2,2.7974,-116.2,-345.7,2.7976,-122.3,380.9,-0.0000,382.0,-202.0,0.0011,-427.8,61.2,0,0.0,0.0,0.0000,0.00,0.00,0.00,0.00
4.2394,4.2330,6.4,0,-300.3,-155.1,2.7974,-117.1,-342.8,2.7976,-126.9,379.7,0.0000,376.0,-194.0,0.0011,-419.4,55.8,0,0.0,0.0,0.0000,0.00,0.00,0.00,0.00
4.2474,4.2419,5.4,0,-300.4,-155.0,2.7940,-118.3,-339.4,2.7976,-131.0,377.8,-0.0000,369.3,-187.2,0.0147,-410.9,50.2,0,0.0,0.0,0.0000,0.00,0.00,0.00,0.00
4.2549,4.2501,4.8,0,-300.7,-155.3,2.7955,-119.4,-336.3,2.7976,-135.0,376.2,-0.0000,363.0,-179.6,0.0086,-402.4,45.8,0,0.0,0.0,0.0000,0.00,0.00,0.00,0.00
4.2634,4.2609,2.5,0,-300.5,-155.2,2.7987,-120.9,-332.3,2.7976,-140.0,374.5,-0.0000,354.9,-172.6,-0.0041,-392.3,43.2,0,0.0,0.0,0.0000,0.00,0.00,0.00,0.00
4.2708,4.2672,3.6,0,-300.4,-155.0,2.8009,-121.8,-329.9,2.7976,-143.1,373.5,0.0000,347.9,-166.5,-0.0131,-383.6,40.6,0,0.0,0.0,0.0000,0.00,0.00,0.00,0.00
4.2793,4.2757,3.6,0,-300.0,-155.1,2.8015,-123.0,-326.7,2.7976,-147.5,372.6,0.0000,339.0,-159.1,-0.0154,-372.7,36.9,0,0.0,0.0,0.0000,0.00,0.00,0.00,0.00
4.2874,4.2838,3.6,0,-300.2,-154.9,2.8036,-124.2,-323.7,2.7976,-151.6,370.9,0.0000,332.1,-153.2,-0.0237,-364.1,34.4,0,0.0,0.0,0.0000,0.00,0.00,0.00,0.00
4.2947,4.2946,0.1,0,-300.0,-155.5,2.7969,-125.9,-319.7,2.7976,-157.2,367.5,0.0000,324.8,-145.1,0.0029,-354.8,26.8,0,0.0,0.0,0.0000,0.00,0.00,0.00,0.00
4.3033,4.3010,2.3,0,-300.5,-155.5,2.7974,-126.9,-317.4,2.7976,-160.4,366.1,0.0000,318.2,-137.1,0.0011,-345.9,21.7,0,0.0,0.0,0.0000,0.00,0.00,0.00,0.00
4.3116,4.3091,2.5,0,-300.5,-155.0,2.8020,-128.2,-314.4,2.7976,-164.4,364.7,0.0000,310.4,-131.7,-0.0175,-336.5,20.8,0,0.0,0.0,0.0000,0.00,0.00,0.00,0.00
4.3195,4.3181,1.4,0,-300.5,-155.2,2.7914,-129.7,-311.1,2.7976,-168.5,362.8,0.0000,302.4,-125.6,0.0250,-327.1,14.2,0,0.0,0.0,0.0000,0.00,0.00,0.00,0.00
4.3272,4.3181,9.1,0,-300.5,-155.2,2.7914,-129.7,-311.1,2.7976,-168.5,362.8,0.0000,295.0,-119.5,0.0250,-318.1,11.0,0,0.0,0.0,0.0000,0.00,0.00,0.00,0.00
4.3348,4.3347,0.1,0,-300.4,-154.9,2.7996,-132.6,-305.2,2.7976,-176.1,359.1,0.0000,287.5,-113.8,-0.0079,-309.1,10.8,0,0.0,0.0,0.0000,0.00,0.00,0.00,0.00
4.3427,4.3347,8.1,0,-300.4,-154.9,2.7996,-132.6,-305.2,2.7976,-176.1,359.1,0.0000,279.9,-107.5,-0.0079,-299.7,7.4,0,0.0,0.0,0.0000,0.00,0.00,0.00,0.00
4.3507,4.3430,7.8,0,-300.0,-155.1,2.8029,-134.0,-302.2,2.7976,-180.4,357.2,0.0000,270.8,-100.8,-0.0211,-288.9,5.1,0,0.0,0.0,0.0000,0.00,0.00,0.00,0.00
4.3592,4.3513,7.8,0,-300.6,-155.3,2.7923,-135.6,-299.2,2.7976,-184.3,355.1,-0.0000,264.1,-93.9,0.0213,-280.3,-2.1,0,0.0,0.0,0.0000,0.00,0.00,0.00,0.00
4.3676,4.3618,5.8,0,-300.1,-155.3,2.8034,-137.5,-295.5,2.7976,-189.1,352.5,-0.0000,254.3,-87.4,-0.0231,-268.9,-1.9,0,0.0,0.0,0.0000,0.00,0.00,0.00,0.00
4.3747,4.3684,6.2,0,-300.1,-155.1,2.7969,-138.8,-293.2,2.7976,-192.3,350.5,-0.0000,247.0,-82.8,0.0029,-260.5,-5.5,0,0.0,0.0,0.0000,0.00,0.00,0.00,0.00
4.3833,4.3769,6.4,0,-300.1,-155.1,2.8058,-140.4,-290.2,2.7976,-196.3,348.0,-0.0000,237.7,-76.8,-0.0328,-249.8,-5.8,0,0.0,0.0,0.0000,0.00,0.00,0.00,0.00
4.3913,4.3850,6.3,0,-300.3,-155.0,2.8019,-142.0,-287.4,2.7976,-199.9,346.5,0.0000,230.2,-71.3,-0.0170,-240.8,-9.5,0,0.0,0.0,0.0000,0.00,0.00,0.00,0.00
4.3989,4.3954,3.5,0,-300.2,-154.8,2.7982,-144.1,-283.8,2.7976,-204.6,344.1,-0.0000,222.2,-66.6,-0.0022,-231.6,-12.1,0,0.0,0.0,0.0000,0.00,0.00,0.00,0.00
4.4069,4.4023,4.6,0,-300.2,-155.1,2.7946,-145.6,-281.4,2.7976,-208.2,341.5,0.0000,214.0,-59.8,0.0120,-221.6,-16.6,0,0.0,0.0,0.0000,0.00,0.00,0.00,0.00
4.4153,4.4107,4.6,0,-300.2,-154.9,2.8019,-147.3,-278.6,2.7976,-212.2,338.9,-0.0000,205.5,-53.7,-0.0173,-211.7,-17.8,0,0.0,0.0,0.0000,0.00,0.00,0.00,0.00
4.4237,4.4223,1.4,0,-300.7,-155.1,2.7929,-149.8,-274.7,2.7976,-217.0,336.1,-0.0000,197.9,-47.6,0.0191,-202.3,-22.9,0,0.0,0.0,0.0000,0.00,0.00,0.00,0.00
4.4312,4.4277,3.4,0,-300.6,-155.1,2.8052,-151.0,-272.8,2.7976,-219.3,334.5,-0.0000,188.6,-43.7,-0.0302,-192.4,-21.0,0,0.0,0.0,0.0000,0.00,0.00,0.00,0.00
4.4394,4.4359,3.5,0,-300.3,-155.0,2.8004,-152.8,-270.1,2.7976,-222.9,332.0,0.0000,178.9,-38.9,-0.0112,-181.6,-23.2,0,0.0,0.0,0.0000,0.00,0.00,0.00,0.00
4.4470,4.4444,2.6,0,-300.3,-155.2,2.7998,-154.7,-267.3,2.7976,-226.7,329.5,0.0000,171.1,-33.6,-0.0086,-172.5,-25.7,0,0.0,0.0,0.0000,0.00,0.00,0.00,0.00
4.4552,4.4529,2.3,0,-300.7,-155.2,2.7908,-156.7,-264.5,2.7976,-230.4,327.0,0.0000,163.4,-28.3,0.0275,-163.2,-29.6,0,0.0,0.0,0.0000,0.00,0.00,0.00,0.00
4.4628,4.4626,0.1,0,-300.6,-155.2,2.7985,-158.9,-261.4,2.7976,-234.8,323.8,-0.0000,155.5,-23.3,-0.0034,-154.3,-30.4,0,0.0,0.0,0.0000,0.00,0.00,0.00,0.00
4.4712,4.4698,1.4,0,-300.2,-155.3,2.7996,-160.6,-259.1,2.7976,-238.1,321.3,-0.0000,144.8,-17.7,-0.0080,-142.3,-31.9,0,0.0,0.0,0.0000,0.00,0.00,0.00,0.00
4.4794,4.4782,1.2,0,-300.1,-155.0,2.7993,-162.6,-256.4,2.7976,-241.6,318.7,0.0000,135.2,-13.5,-0.0065,-131.9,-32.7,0,0.0,0.0,0.0000,0.00,0.00,0.00,0.00
4.4866,4.4865,0.1,0,-300.1,-155.5,2.7985,-164.7,-253.7,2.7976,-244.9,316.0,-0.0000,126.9,-7.8,-0.0035,-122.2,-35.3,0,0.0,0.0,0.0000,0.00,0.00,0.00,0.00
4.4948,4.4865,8.3,0,-300.1,-155.5,2.7985,-164.7,-253.7,2.7976,-244.9,316.0,-0.0000,117.5,-3.5,-0.0035,-111.9,-36.2,0,0.0,0.0,0.0000,0.00,0.00,0.00,0.00
4.5036,4.5034,0.1,0,-300.5,-155.1,2.7965,-168.9,-248.4,2.7976,-251.2,311.7,-0.0000,108.9,0.2,0.0044,-102.4,-37.1,0,0.0,0.0,0.0000,0.00,0.00,0.00,0.00
4.5114,4.5034,8.0,0,-300.5,-155.1,2.7965,-168.9,-248.4,2.7976,-251.2,311.7,-0.0000,100.5,4.6,0.0044,-93.1,-38.3,0,0.0,0.0,0.0000,0.00,0.00,0.00,0.00
4.5195,4.5119,7.5,0,-299.8,-154.9,2.8078,-171.0,-245.8,2.7976,-255.5,308.0,0.0000,89.3,8.4,-0.0406,-81.6,-37.2,0,0.0,0.0,0.0000,0.00,0.00,0.00,0.00
4.5271,4.5248,2.3,0,-300.5,-155.1,2.8049,-174.4,-241.8,2.7976,-261.4,302.8,-0.0000,82.3,13.3,-0.0289,-73.3,-39.7,0,0.0,0.0,0.0000,0.00,0.00,0.00,0.00
4.5356,4.5288,6.8,0,-300.1,-155.0,2.8012,-175.4,-240.6,2.7976,-262.7,301.4,0.0000,71.2,17.4,-0.0142,-61.3,-40.2,0,0.0,0.0,0.0000,0.00,0.00,0.00,0.00
4.5433,4.5375,5.8,0,-300.5,-155.1,2.7913,-177.7,-238.0,2.7976,-266.0,298.3,-0.0000,63.5,20.7,0.0255,-52.6,-41.2,0,0.0,0.0,0.0000,0.00,0.00,0.00,0.00
4.5516,4.5459,5.7,0,-299.9,-154.9,2.8031,-179.9,-235.5,2.7976,-268.9,295.7,0.0000,52.1,24.0,-0.0219,-41.1,-39.9,0,0.0,0.0,0.0000,0.00,0.00,0.00,0.00
4.5587,4.5542,4.4,0,-300.0,-154.8,2.8062,-182.2,-233.1,2.7976,-272.0,293.0,-0.0000,44.8,27.3,-0.0345,-33.3,-40.5,0,0.0,0.0,0.0000,0.00,0.00,0.00,0.00
4.5674,4.5644,3.0,0,-300.1,-155.4,2.7979,-185.0,-230.1,2.7976,-276.5,289.5,0.0000,34.9,33.2,-0.0012,-21.6,-43.0,0,0.0,0.0,0.0000,0.00,0.00,0.00,0.00
4.5754,4.5711,4.3,0,-300.1,-155.1,2.7984,-186.8,-228.2,2.7976,-279.1,287.0,-0.0000,25.4,35.6,-0.0031,-11.9,-42.1,0,0.0,0.0,0.0000,0.00,0.00,0.00,0.00
4.5829,4.5794,3.5,0,-300.4,-155.0,2.8006,-189.2,-225.8,2.7976,-282.5,283.5,-0.0000,17.4,38.9,-0.0120,-3.4,-42.5,0,0.0,0.0,0.0000,0.00,0.00,0.00,0.00
4.5908,4.5881,2.7,0,-300.7,-155.2,2.7999,-191.6,-223.4,2.7976,-285.7,280.1,-0.0000,8.7,43.4,-0.0091,6.3,-43.8,0,0.0,0.0,0.0000,0.00,0.00,0.00,0.00
4.5992,4.5965,2.7,0,-300.3,-155.0,2.7975,-194.1,-221.0,2.7976,-288.3,277.0,0.0000,-2.5,46.3,0.0006,18.0,-42.7,0,0.0,0.0,0.0000,0.00,0.00,0.00,0.00
4.6073,4.6048,2.5,0,-300.8,-155.4,2.7867,-196.4,-218.8,2.7976,-291.4,273.9,-0.0000,-11.1,49.6,0.0438,27.7,-42.6,0,0.0,0.0,0.0000,0.00,0.00,0.00,0.00
4.6148,4.6133,1.5,0,-300.5,-155.0,2.8009,-199.0,-216.4,2.7976,-294.7,271.1,-0.0000,-21.0,50.9,-0.0129,36.8,-41.0,0,0.0,0.0,0.0000,0.00,0.00,0.00,0.00
4.6235,4.6133,10.2,0,-300.5,-155.0,2.8009,-199.0,-216.4,2.7976,-294.7,271.1,-0.0000,-30.9,54.8,-0.0129,47.5,-41.3,0,0.0,0.0,0.0000,0.00,0.00,0.00,0.00
4.6305,4.6270,3.5,0,-300.2,-155.1,2.8016,-203.0,-212.7,2.7976,-299.9,264.8,0.0000,-40.0,57.8,-0.0159,57.0,-41.2,0,0.0,0.0,0.0000,0.00,0.00,0.00,0.00
4.6388,4.6387,0.1,0,-300.2,-155.4,2.7972,-206.6,-209.7,2.7976,-303.7,260.0,-0.0000,-49.8,61.7,0.0015,67.7,-41.2,0,0.0,0.0,0.0000,0.00,0.00,0.00,0.00
4.6470,4.6387,8.3,0,-300.2,-155.4,2.7972,-206.6,-209.7,2.7976,-303.7,260.0,-0.0000,-59.8,64.3,0.0015,78.0,-40.4,0,0.0,0.0,0.0000,0.00,0.00,0.00,0.00
4.6551,4.6473,7.8,0,-300.1,-155.0,2.8077,-209.2,-207.5,2.7976,-306.1,256.8,0.0000,-70.6,65.2,-0.0403,88.1,-38.5,0,0.0,0.0,0.0000,0.00,0.00,0.00,0.00
4.6625,4.6557,6.8,0,-300.2,-154.9,2.7991,-211.8,-205.3,2.7976,-309.2,253.3,-0.0000,-79.5,67.5,-0.0059,97.5,-36.9,0,0.0,0.0,0.0000,0.00,0.00,0.00,0.00
4.6715,4.6639,7.6,0,-300.7,-155.0,2.7938,-214.3,-203.2,2.7976,-312.1,249.8,0.0000,-88.7,70.6,0.0153,107.4,-36.1,0,0.0,0.0,0.0000,0.00,0.00,0.00,0.00
4.6787,4.6725,6.2,0,-300.7,-155.3,2.7978,-217.0,-201.1,2.7976,-315.0,246.8,-0.0000,-97.6,73.7,-0.0008,116.7,-36.5,0,0.0,0.0,0.0000,0.00,0.00,0.00,0.00
4.6875,4.6811,6.4,0,-301.0,-155.0,2.7998,-219.7,-199.0,2.7976,-318.0,243.7,0.0000,-107.9,75.2,-0.0087,126.8,-34.7,0,0.0,0.0,0.0000,0.00,0.00,0.00,0.00
4.6955,4.6879,7.7,0,-300.1,-155.1,2.8017,-221.9,-197.4,2.7976,-320.3,240.0,0.0000,-120.0,77.7,-0.0162,139.1,-33.3,0,0.0,0.0,0.0000,0.00,0.00,0.00,0.00
4.7032,4.6964,6.8,0,-300.3,-155.0,2.7978,-224.6,-195.3,2.7976,-323.4,235.5,0.0000,-128.1,79.2,-0.0005,147.3,-31.4,0,0.0,0.0,0.0000,0.00,0.00,0.00,0.00
4.7111,4.7048,6.3,0,-300.0,-155.2,2.7923,-227.4,-193.4,2.7976,-325.5,232.4,0.0000,-138.8,81.4,0.0215,158.3,-28.9,0,0.0,0.0,0.0000,0.00,0.00,0.00,0.00
4.7192,4.7132,6.0,0,-300.0,-155.1,2.8002,-230.1,-191.4,2.7976,-327.7,229.0,-0.0000,-149.5,82.3,-0.0102,168.4,-27.5,0,0.0,0.0,0.0000,0.00,0.00,0.00,0.00
4.7275,4.7217,5.8,0,-300.0,-155.0,2.8015,-232.9,-189.5,2.7976,-330.1,225.3,0.0000,-160.0,83.6,-0.0154,178.7,-25.4,0,0.0,0.0,0.0000,0.00,0.00,0.00,0.00
4.7351,4.7301,5.0,0,-300.1,-155.0,2.8020,-235.7,-187.6,2.7976,-332.5,221.6,-0.0000,-169.2,85.4,-0.0175,187.9,-24.1,0,0.0,0.0,0.0000,0.00,0.00,0.00,0.00
4.7430,4.7386,4.4,0,-300.4,-154.8,2.8054,-238.5,-185.8,2.7976,-335.5,217.5,0.0000,-178.2,86.3,-0.0309,196.7,-22.7,0,0.0,0.0,0.0000,0.00,0.00,0.00,0.00
4.7512,4.7470,4.2,0,-300.3,-155.4,2.7964,-241.4,-184.0,2.7976,-338.2,213.7,-0.0000,-188.4,89.6,0.0050,207.6,-20.6,0,0.0,0.0,0.0000,0.00,0.00,0.00,0.00
4.7587,4.7555,3.3,0,-300.1,-155.0,2.8010,-244.2,-182.2,2.7976,-340.5,210.0,-0.0000,-198.3,89.6,-0.0135,216.8,-18.2,0,0.0,0.0,0.0000,0.00,0.00,0.00,0.00
4.7675,4.7639,3.6,0,-300.5,-155.1,2.7995,-247.1,-180.4,2.7976,-342.8,206.4,-0.0000,-207.9,90.6,-0.0074,226.3,-15.6,0,0.0,0.0,0.0000,0.00,0.00,0.00,0.00
4.7751,4.7724,2.7,0,-300.7,-155.2,2.7866,-250.0,-178.7,2.7976,-345.4,202.7,0.0000,-217.1,91.8,0.0440,235.5,-10.7,0,0.0,0.0,0.0000,0.00,0.00,0.00,0.00
4.7835,4.7808,2.7,0,-300.6,-155.2,2.7998,-252.9,-177.0,2.7976,-347.4,198.8,0.0000,-228.0,92.7,-0.0088,245.9,-11.0,0,0.0,0.0,0.0000,0.00,0.00,0.00,0.00
4.7909,4.7893,1.7,0,-300.2,-155.1,2.8016,-255.9,-175.3,2.7976,-348.7,195.0,-0.0000,-238.6,92.9,-0.0160,255.9,-8.1,0,0.0,0.0,0.0000,0.00,0.00,0.00,0.00
4.7993,4.7977,1.6,0,-299.9,-155.0,2.8012,-258.8,-173.7,2.7976,-351.2,190.7,-0.0000,-249.9,93.7,-0.0142,266.8,-4.9,0,0.0,0.0,0.0000,0.00,0.00,0.00,0.00
4.8075,4.7977,9.7,0,-299.9,-155.0,2.8012,-258.8,-173.7,2.7976,-351.2,190.7,-0.0000,-260.0,94.5,-0.0142,276.6,-2.3,0,0.0,0.0,0.0000,0.00,0.00,0.00,0.00
4.8152,4.8062,9.0,0,-300.1,-155.2,2.7998,-261.8,-172.1,2.7976,-354.1,186.2,-0.0000,-269.3,94.6,-0.0085,285.4,1.2,0,0.0,0.0,0.0000,0.00,0.00,0.00,0.00
4.8236,4.8146,9.0,0,-300.5,-155.1,2.7978,-264.8,-170.5,2.7976,-356.2,182.3,-0.0000,-277.9,97.1,-0.0008,294.4,2.3,0,0.0,0.0,0.0000,0.00,0.00,0.00,0.00
4.8315,4.8231,8.4,0,-300.2,-155.1,2.8003,-267.8,-169.0,2.7976,-358.3,178.6,-0.0000,-287.8,100.5,-0.0108,304.9,1.6,0,0.0,0.0,0.0000,0.00,0.00,0.00,0.00
4.8396,4.8315,8.0,0,-300.5,-155.4,2.7894,-270.9,-167.5,2.7976,-360.0,174.7,0.0000,-294.4,107.8,0.0330,313.5,0.4,0,0.0,0.0,0.0000,0.00,0.00,0.00,0.00
4.8467,4.8400,6.8,0,-300.0,-155.3,2.7954,-273.9,-166.1,2.7976,-361.7,170.8,-0.0000,-301.5,116.1,0.0087,323.0,-6.9,0,0.0,0.0,0.0000,0.00,0.00,0.00,0.00
4.8551,4.8484,6.6,0,-300.1,-154.9,2.8031,-277.0,-164.6,2.7976,-363.6,166.5,-0.0000,-308.6,123.2,-0.0218,332.0,-13.7,0,0.0,0.0,0.0000,0.00,0.00,0.00,0.00
4.8633,4.8569,6.4,0,-300.6,-155.0,2.8000,-280.1,-163.2,2.7976,-365.5,162.3,-0.0000,-315.1,130.7,-0.0097,340.7,-17.6,0,0.0,0.0,0.0000,0.00,0.00,0.00,0.00
4.8714,4.8653,6.1,0,-300.2,-155.2,2.8005,-283.2,-161.9,2.7976,-367.4,158.0,-0.0000,-323.9,139.1,-0.0113,351.8,-22.7,0,0.0,0.0,0.0000,0.00,0.00,0.00,0.00
4.8796,4.8738,5.8,0,-300.3,-155.2,2.7988,-286.3,-160.6,2.7976,-369.2,153.8,-0.0000,-331.3,146.9,-0.0046,361.4,-27.0,0,0.0,0.0,0.0000,0.00,0.00,0.00,0.00
4.8866,4.8822,4.4,0,-300.5,-155.5,2.7985,-289.4,-159.3,2.7976,-371.0,150.0,-0.0000,-337.0,154.8,-0.0034,369.4,-32.4,0,0.0,0.0,0.0000,0.00,0.00,0.00,0.00
4.8948,4.8906,4.2,0,-300.5,-154.9,2.8018,-292.5,-158.0,2.7976,-372.7,146.0,0.0000,-343.6,161.1,-0.0168,377.6,-37.4,0,0.0,0.0,0.0000,0.00,0.00,0.00,0.00
4.9034,4.8992,4.3,0,-300.4,-155.1,2.7989,-295.7,-156.8,2.7976,-374.4,140.9,-0.0000,-351.5,169.7,-0.0050,388.1,-41.7,0,0.0,0.0,0.0000,0.00,0.00,0.00,0.00
4.9106,4.9076,3.0,0,-300.1,-154.9,2.7999,-298.9,-155.7,2.7976,-375.3,138.3,0.0000,-358.4,175.0,-0.0091,396.4,-44.8,0,0.0,0.0,0.0000,0.00,0.00,0.00,0.00
4.9188,4.9160,2.8,0,-300.0,-155.1,2.7995,-302.0,-154.5,2.7976,-375.6,137.8,-0.0000,-366.3,182.6,-0.0073,406.3,-49.2,0,0.0,0.0,0.0000,0.00,0.00,0.00,0.00
4.9272,4.9245,2.7,0,-300.4,-155.1,2.7959,-305.2,-153.3,2.7976,-374.7,140.0,0.0000,-373.1,189.5,0.0071,415.2,-51.8,0,0.0,0.0,0.0000,0.00,0.00,0.00,0.00
4.9354,4.9330,2.4,0,-300.1,-155.0,2.8002,-308.4,-152.1,2.7976,-372.1,145.7,-0.0000,-381.1,196.7,-0.0104,425.0,-57.8,0,0.0,0.0,0.0000,0.00,0.00,0.00,0.00
4.9427,4.9414,1.4,0,-300.5,-155.5,2.7982,-311.5,-150.9,2.7976,-370.6,149.5,-0.0000,-386.1,205.5,-0.0022,432.7,-63.5,0,0.0,0.0,0.0000,0.00,0.00,0.00,0.00
4.9513,4.9498,1.4,0,-300.2,-155.0,2.7977,-314.6,-149.6,2.7976,-369.4,152.9,0.0000,-394.1,212.2,-0.0001,442.6,-66.9,0,0.0,0.0,0.0000,0.00,0.00,0.00,0.00
4.9587,4.9498,8.9,0,-300.2,-155.0,2.7977,-314.6,-149.6,2.7976,-369.4,152.9,0.0000,-399.9,219.3,-0.0001,450.4,-71.6,0,0.0,0.0,0.0000,0.00,0.00,0.00,0.00
4.9676,4.9583,9.3,0,-300.2,-155.0,2.8069,-317.7,-148.3,2.7976,-367.9,157.2,-0.0000,-407.2,227.5,-0.0373,459.3,-81.1,0,0.0,0.0,0.0000,0.00,0.00,0.00,0.00
4.9745,4.9667,7.8,0,-300.3,-155.1,2.8014,-320.9,-146.9,2.7976,-366.5,161.6,-0.0000,-413.1,233.8,-0.0153,467.4,-82.6,0,0.0,0.0,0.0000,0.00,0.00,0.00,0.00
4.9831,4.9752,8.0,0,-300.3,-155.0,2.7984,-323.9,-145.5,2.7976,-364.2,166.1,0.0000,-420.4,241.5,-0.0029,477.2,-85.9,0,0.0,0.0,0.0000,0.00,0.00,0.00,0.00
4.9908,4.9836,7.2,0,-300.0,-155.2,2.7983,-327.0,-144.1,2.7976,-361.8,170.7,0.0000,-428.1,249.7,-0.0026,487.2,-91.0,0,0.0,0.0,0.0000,0.00,0.00,0.00,0.00
4.9996,4.9921,7.5,0,-300.6,-155.2,2.7956,-330.1,-142.7,2.7976,-359.8,174.4,-0.0000,-429.3,256.4,0.0082,490.8,-95.6,0,0.0,0.0,0.0000,0.00,0.00,0.00,0.00
5.0074,5.0005,6.8,0,-300.0,-155.2,2.8001,-333.1,-141.2,2.7976,-357.6,178.2,0.0000,-427.5,259.3,-0.0097,489.7,-101.2,0,0.0,0.0,0.0000,0.00,0.00,0.00,0.00
5.0147,5.0090,5.7,0,-300.2,-155.1,2.7992,-336.1,-139.6,2.7976,-356.1,181.7,0.0000,-425.8,262.1,-0.0062,489.1,-103.9,0,0.0,0.0,0.0000,0.00,0.00,0.00,0.00
5.0226,5.0174,5.1,0,-300.2,-155.2,2.7989,-339.1,-138.1,2.7976,-354.5,185.3,-0.0000,-424.1,264.9,-0.0052,488.4,-107.0,0,0.0,0.0,0.0000,0.00,0.00,0.00,0.00
5.0313,5.0259,5.4,0,-300.6,-155.1,2.7988,-342.1,-136.5,2.7976,-352.0,190.1,-0.0000,-422.0,268.2,-0.0048,487.6,-110.8,0,0.0,0.0,0.0000,0.00,0.00,0.00,0.00
5.0394,5.0344,5.0,0,-300.5,-155.1,2.7972,-345.1,-134.9,2.7976,-349.7,194.5,-0.0000,-420.5,270.5,0.0019,487.2,-112.6,0,0.0,0.0,0.0000,0.00,0.00,0.00,0.00
5.0470,5.0428,4.2,0,-300.2,-155.3,2.7964,-348.0,-133.2,2.7976,-347.1,198.5,-0.0000,-418.9,273.1,0.0047,486.5,-115.2,0,0.0,0.0,0.0000,0.00,0.00,0.00,0.00
5.0552,5.0512,4.0,0,-300.6,-155.6,2.7887,-350.9,-131.5,2.7976,-344.7,202.3,0.0000,-416.2,277.2,0.0358,486.3,-116.2,0,0.0,0.0,0.0000,0.00,0.00,0.00,0.00
5.0627,5.0512,11.5,0,-300.6,-155.6,2.7887,-350.9,-131.5,2.7976,-344.7,202.3,0.0000,-414.4,279.8,0.0358,485.5,-119.4,0,0.0,0.0,0.0000,0.00,0.00,0.00,0.00
5.0709,5.0684,2.6,0,-300.3,-155.2,2.7982,-356.8,-128.0,2.7976,-340.9,209.3,0.0000,-413.0,281.8,-0.0024,483.8,-126.3,0,0.0,0.0,0.0000,0.00,0.00,0.00,0.00
5.0790,5.0766,2.5,0,-300.3,-154.7,2.7990,-359.6,-126.3,2.7976,-339.2,213.1,0.0000,-411.7,283.7,-0.0053,483.1,-128.8,0,0.0,0.0,0.0000,0.00,0.00,0.00,0.00
5.0875,5.0851,2.4,0,-300.4,-154.8,2.7992,-362.5,-124.4,2.7976,-336.4,217.1,-0.0000,-409.8,286.4,-0.0061,482.2,-132.2,0,0.0,0.0,0.0000,0.00,0.00,0.00,0.00
5.0947,5.0851,9.6,0,-300.4,-154.8,2.7992,-362.5,-124.4,2.7976,-336.4,217.1,-0.0000,-408.2,288.7,-0.0061,481.5,-134.9,0,0.0,0.0,0.0000,0.00,0.00,0.00,0.00
5.1028,5.0935,9.2,0,-300.3,-155.1,2.8020,-365.3,-122.6,2.7976,-332.5,221.4,0.0000,-406.0,291.9,-0.0176,480.0,-140.0,0,0.0,0.0,0.0000,0.00,0.00,0.00,0.00
5.1112,5.1021,9.2,0,-300.3,-155.1,2.8035,-368.1,-120.7,2.7976,-330.2,225.3,0.0000,-404.0,294.5,-0.0236,478.9,-143.9,0,0.0,0.0,0.0000,0.00,0.00,0.00,0.00
5.1187,5.1104,8.4,0,-300.1,-154.9,2.8062,-370.9,-118.8,2.7976,-328.6,229.1,-0.0000,-402.4,296.8,-0.0341,477.7,-147.8,0,0.0,0.0,0.0000,0.00,0.00,0.00,0.00
5.1275,5.1188,8.7,0,-300.3,-155.1,2.8010,-373.6,-116.8,2.7976,-326.0,232.4,-0.0000,-399.9,300.1,-0.0134,477.2,-149.2,0,0.0,0.0,0.0000,0.00,0.00,0.00,0.00
5.1349,5.1275,7.5,0,-300.9,-155.1,2.7925,-376.4,-114.8,2.7976,-323.4,235.6,0.0000,-397.6,303.1,0.0207,477.3,-148.8,0,0.0,0.0,0.0000,0.00,0.00,0.00,0.00
5.1429,5.1357,7.2,0,-300.4,-155.5,2.7950,-379.1,-112.9,2.7976,-320.4,239.1,0.0000,-395.9,305.4,0.0106,476.1,-152.8,0,0.0,0.0,0.0000,0.00,0.00,0.00,0.00
5.1506,5.1442,6.5,0,-300.9,-155.3,2.7897,-381.8,-110.8,2.7976,-317.3,242.5,0.0000,-394.0,307.9,0.0318,476.0,-153.2,0,0.0,0.0,0.0000,0.00,0.00,0.00,0.00
5.1589,5.1526,6.3,0,-300.4,-155.1,2.8015,-384.4,-108.8,2.7976,-314.6,246.5,0.0000,-392.7,309.5,-0.0155,473.4,-160.8,0,0.0,0.0,0.0000,0.00,0.00,0.00,0.00
5.1672,5.1616,5.6,0,-300.3,-155.2,2.7971,-387.3,-106.5,2.7976,-311.6,250.7,-0.0000,-390.6,312.2,0.0020,473.1,-161.9,0,0.0,0.0,0.0000,0.00,0.00,0.00,0.00
5.1749,5.1695,5.4,0,-300.2,-155.3,2.7937,-389.7,-104.5,2.7976,-309.2,253.6,-0.0000,-388.6,314.7,0.0159,472.6,-163.3,0,0.0,0.0,0.0000,0.00,0.00,0.00,0.00
5.1831,5.1780,5.1,0,-300.7,-155.5,2.7907,-392.3,-102.4,2.7976,-306.7,256.9,0.0000,-385.7,318.2,0.0279,471.6,-166.2,0,0.0,0.0,0.0000,0.00,0.00,0.00,0.00
5.1906,5.1864,4.1,0,-300.4,-155.0,2.8014,-394.9,-100.2,2.7976,-304.1,260.6,-0.0000,-384.7,319.4,-0.0151,469.2,-172.7,0,0.0,0.0,0.0000,0.00,0.00,0.00,0.00
5.1993,5.1950,4.3,0,-299.9,-155.0,2.8001,-397.5,-97.9,2.7976,-301.2,264.2,-0.0000,-383.3,321.1,-0.0098,468.7,-174.2,0,0.0,0.0,0.0000,0.00,0.00,0.00,0.00
5.2075,5.2030,4.5,0,-300.1,-155.0,2.8015,-399.9,-95.8,2.7976,-297.2,267.1,-0.0000,-381.3,323.5,-0.0153,467.3,-177.7,0,0.0,0.0,0.0000,0.00,0.00,0.00,0.00
5.2155,5.2114,4.1,0,-300.8,-155.3,2.7915,-402.4,-93.5,2.7976,-293.9,270.5,-0.0000,-378.3,327.0,0.0245,467.5,-177.4,0,0.0,0.0,0.0000,0.00,0.00,0.00,0.00
5.2228,5.2199,3.0,0,-300.2,-155.4,2.7984,-404.8,-91.3,2.7976,-291.6,274.4,-0.0000,-376.8,328.6,-0.0032,465.4,-182.7,0,0.0,0.0,0.0000,0.00,0.00,0.00,0.00
5.2314,5.2199,11.5,0,-300.2,-155.4,2.7984,-404.8,-91.3,2.7976,-291.6,274.4,-0.0000,-374.6,331.2,-0.0032,464.2,-185.9,0,0.0,0.0,0.0000,0.00,0.00,0.00,0.00
5.2391,5.2290,10.1,0,-300.4,-155.0,2.8023,-407.5,-88.7,2.7976,-288.5,277.7,-0.0000,-372.8,333.2,-0.0189,462.4,-190.2,0,0.0,0.0,0.0000,0.00,0.00,0.00,0.00
5.2472,5.2452,1.9,0,-300.4,-155.1,2.7974,-412.1,-84.2,2.7976,-282.4,283.0,-0.0000,-370.6,335.6,0.0008,462.1,-190.9,0,0.0,0.0,0.0000,0.00,0.00,0.00,0.00
5.2557,5.2537,2.0,0,-300.6,-155.1,2.8007,-414.5,-81.8,2.7976,-279.1,286.6,-0.0000,-368.4,338.1,-0.0122,460.2,-195.5,0,0.0,0.0,0.0000,0.00,0.00,0.00,0.00
5.2636,5.2537,9.9,0,-300.6,-155.1,2.8007,-414.5,-81.8,2.7976,-279.1,286.6,-0.0000,-366.4,340.2,-0.0122,459.1,-198.1,0,0.0,0.0,0.0000,0.00,0.00,0.00,0.00
5.2707,5.2622,8.5,0,-300.1,-155.1,2.8019,-416.9,-79.3,2.7976,-275.5,289.9,0.0000,-365.0,341.7,-0.0172,458.0,-200.6,0,0.0,0.0,0.0000,0.00,0.00,0.00,0.00
5.2786,5.2706,8.0,0,-300.2,-155.1,2.7955,-419.2,-76.9,2.7976,-271.6,293.2,-0.0000,-363.1,343.7,0.0086,458.2,-200.1,0,0.0,0.0,0.0000,0.00,0.00,0.00,0.00
5.2867,5.2790,7.7,0,-300.2,-155.0,2.8020,-421.4,-74.4,2.7976,-268.8,296.1,-0.0000,-361.0,345.9,-0.0175,455.6,-205.9,0,0.0,0.0,0.0000,0.00,0.00,0.00,0.00
5.2949,5.2875,7.4,0,-300.1,-155.2,2.7985,-423.7,-71.9,2.7976,-266.3,298.9,-0.0000,-358.6,348.4,-0.0034,454.9,-207.5,0,0.0,0.0,0.0000,0.00,0.00,0.00,0.00
5.3030,5.2961,7.0,0,-300.3,-155.3,2.7969,-426.0,-69.3,2.7976,-262.6,301.9,-0.0000,-356.2,350.9,0.0030,453.8,-209.9,0,0.0,0.0,0.0000,0.00,0.00,0.00,0.00
5.3109,5.3044,6.5,0,-300.5,-155.1,2.8033,-428.2,-66.8,2.7976,-259.2,304.8,0.0000,-354.4,352.7,-0.0226,451.4,-215.0,0,0.0,0.0,0.0000,0.00,0.00,0.00,0.00
5.3190,5.3128,6.2,0,-300.8,-155.5,2.7865,-430.3,-64.2,2.7976,-255.3,307.6,-0.0000,-351.7,355.4,0.0444,453.3,-210.9,0,0.0,0.0,0.0000,0.00,0.00,0.00,0.00
5.3276,5.3213,6.3,0,-300.5,-155.3,2.7902,-432.5,-61.6,2.7976,-251.4,310.4,-0.0000,-350.0,357.1,0.0295,451.5,-214.8,0,0.0,0.0,0.0000,0.00,0.00,0.00,0.00
5.3356,5.3299,5.7,0,-300.0,-155.1,2.7985,-434.6,-58.9,2.7976,-248.4,313.7,0.0000,-348.5,358.5,-0.0036,448.8,-220.4,0,0.0,0.0,0.0000,0.00,0.00,0.00,0.00
5.3433,5.3299,13.4,0,-300.0,-155.1,2.7985,-434.6,-58.9,2.7976,-248.4,313.7,0.0000,-346.3,360.6,-0.0036,447.4,-223.1,0,0.0,0.0,0.0000,0.00,0.00,0.00,0.00
5.3507,5.3466,4.0,0,-300.8,-155.4,2.7958,-438.7,-53.6,2.7976,-241.3,319.0,-0.0000,-343.3,363.5,0.0072,446.2,-225.6,0,0.0,0.0,0.0000,0.00,0.00,0.00,0.00
5.3593,5.3551,4.2,0,-300.2,-154.9,2.7983,-440.7,-50.9,2.7976,-237.7,321.6,-0.0000,-341.7,365.0,-0.0027,444.6,-228.7,0,0.0,0.0,0.0000,0.00,0.00,0.00,0.00
5.3674,5.3640,3.4,0,-300.7,-155.3,2.7942,-442.8,-48.0,2.7976,-234.4,324.4,0.0000,-338.9,367.6,0.0137,443.8,-230.3,0,0.0,0.0,0.0000,0.00,0.00,0.00,0.00
5.3749,5.3726,2.3,0,-300.2,-155.1,2.7983,-444.8,-45.2,2.7976,-230.5,327.1,-0.0000,-337.8,368.7,-0.0026,442.2,-233.4,0,0.0,0.0,0.0000,0.00,0.00,0.00,0.00
5.3828,5.3805,2.2,0,-300.2,-155.4,2.7985,-446.7,-42.6,2.7976,-226.3,329.8,-0.0000,-335.5,370.7,-0.0036,440.6,-236.3,0,0.0,0.0,0.0000,0.00,0.00,0.00,0.00
5.3913,5.3889,2.4,0,-300.5,-155.2,2.7966,-448.5,-39.8,2.7976,-222.5,332.2,0.0000,-333.0,373.0,0.0041,439.5,-238.4,0,0.0,0.0,0.0000,0.00,0.00,0.00,0.00
5.3988,5.3889,10.0,0,-300.5,-155.2,2.7966,-448.5,-39.8,2.7976,-222.5,332.2,0.0000,-330.9,374.8,0.0041,438.2,-240.9,0,0.0,0.0,0.0000,0.00,0.00,0.00,0.00
5.4073,5.3973,10.0,0,-300.1,-155.1,2.8032,-450.4,-37.0,2.7976,-219.0,334.2,0.0000,-328.8,376.7,-0.0222,435.2,-246.1,0,0.0,0.0,0.0000,0.00,0.00,0.00,0.00
5.4160,5.4058,10.2,0,-300.0,-155.0,2.8019,-452.2,-34.2,2.7976,-215.6,336.7,0.0000,-326.7,378.5,-0.0171,434.1,-248.0,0,0.0,0.0,0.0000,0.00,0.00,0.00,0.00
5.4234,5.4142,9.1,0,-300.3,-155.1,2.8047,-454.0,-31.3,2.7976,-212.5,339.5,0.0000,-324.5,380.4,-0.0284,432.0,-251.8,0,0.0,0.0,0.0000,0.00,0.00,0.00,0.00
5.4307,5.4227,8.0,0,-300.3,-155.3,2.8012,-455.8,-28.4,2.7976,-208.2,341.8,-0.0000,-322.3,382.3,-0.0144,431.4,-252.7,0,0.0,0.0,0.0000,0.00,0.00,0.00,0.00
5.4397,5.4311,8.6,0,-300.0,-155.1,2.7999,-457.6,-25.6,2.7976,-203.7,344.1,-0.0000,-320.3,384.0,-0.0093,430.4,-254.5,0,0.0,0.0,0.0000,0.00,0.00,0.00,0.00
5.4474,5.4396,7.8,0,-300.5,-155.0,2.8029,-459.3,-22.6,2.7976,-199.7,346.5,0.0000,-317.8,386.0,-0.0213,428.0,-258.5,0,0.0,0.0,0.0000,0.00,0.00,0.00,0.00
5.4552,5.4480,7.2,0,-300.3,-154.8,2.7955,-460.9,-19.7,2.7976,-195.5,349.1,0.0000,-315.9,387.5,0.0083,428.7,-257.4,0,0.0,0.0,0.0000,0.00,0.00,0.00,0.00
5.4633,5.4565,6.8,0,-300.8,-155.1,2.7866,-462.6,-16.7,2.7976,-192.2,350.8,-0.0000,-313.1,389.8,0.0443,429.1,-256.7,0,0.0,0.0,0.0000,0.00,0.00,0.00,0.00
5.4711,5.4649,6.2,0,-300.8,-155.2,2.7925,-464.2,-13.8,2.7976,-188.8,352.7,0.0000,-310.6,391.8,0.0206,425.9,-261.9,0,0.0,0.0,0.0000,0.00,0.00,0.00,0.00
5.4793,5.4734,5.9,0,-300.3,-155.2,2.7983,-465.8,-10.8,2.7976,-184.4,354.7,0.0000,-308.7,393.3,-0.0025,423.1,-266.4,0,0.0,0.0,0.0000,0.00,0.00,0.00,0.00
5.4868,5.4818,5.0,0,-300.3,-155.0,2.8025,-467.3,-7.8,2.7976,-180.1,356.7,-0.0000,-306.8,394.8,-0.0196,420.7,-270.2,0,0.0,0.0,0.0000,0.00,0.00,0.00,0.00
5.4946,5.4903,4.3,0,-300.4,-155.0,2.7954,-468.8,-4.7,2.7976,-176.2,359.4,-0.0000,-304.6,396.5,0.0089,421.1,-269.6,0,0.0,0.0,0.0000,0.00,0.00,0.00,0.00
5.5027,5.4987,4.0,0,-300.7,-155.5,2.7920,-470.3,-1.7,2.7976,-172.2,361.7,-0.0000,-302.1,398.4,0.0226,420.3,-270.9,0,0.0,0.0,0.0000,0.00,0.00,0.00,0.00
5.5106,5.5072,3.5,0,-300.0,-155.1,2.7976,-471.7,1.4,2.7976,-168.0,363.1,0.0000,-300.6,399.5,-0.0001,417.7,-274.8,0,0.0,0.0,0.0000,0.00,0.00,0.00,0.00
5.5195,5.5156,3.9,0,-300.4,-154.9,2.8012,-473.1,4.4,2.7976,-163.9,364.8,-0.0000,-297.2,402.1,-0.0144,414.4,-279.8,0,0.0,0.0,0.0000,0.00,0.00,0.00,0.00
5.5274,5.5241,3.4,0,-300.3,-155.2,2.8004,-474.5,7.5,2.7976,-159.8,366.5,-0.0000,-294.8,403.8,-0.0110,413.0,-281.9,0,0.0,0.0,0.0000,0.00,0.00,0.00,0.00
5.5346,5.5325,2.1,0,-300.2,-154.7,2.8028,-475.8,10.6,2.7976,-155.7,368.1,0.0000,-293.4,404.9,-0.0207,411.3,-284.3,0,0.0,0.0,0.0000,0.00,0.00,0.00,0.00
5.5433,5.5325,10.8,0,-300.2,-154.7,2.8028,-475.8,10.6,2.7976,-155.7,368.1,0.0000,-291.0,406.6,-0.0207,409.6,-286.8,0,0.0,0.0,0.0000,0.00,0.00,0.00,0.00
5.5510,5.5415,9.5,0,-300.7,-155.2,2.7997,-477.2,14.0,2.7976,-151.4,369.9,0.0000,-288.3,408.5,-0.0081,408.6,-288.2,0,0.0,0.0,0.0000,0.00,0.00,0.00,0.00
5.5591,5.5500,9.1,0,-300.7,-154.9,2.7981,-478.5,17.1,2.7976,-147.1,371.8,-0.0000,-286.1,410.1,-0.0021,407.5,-289.8,0,0.0,0.0,0.0000,0.00,0.00,0.00,0.00
5.5668,5.5580,8.8,0,-300.3,-155.1,2.7989,-479.6,20.1,2.7976,-143.1,374.0,0.0000,-283.8,411.7,-0.0049,405.6,-292.4,0,0.0,0.0,0.0000,0.00,0.00,0.00,0.00
5.5754,5.5664,9.0,0,-300.0,-155.0,2.7987,-480.8,23.2,2.7976,-138.9,375.3,0.0000,-281.5,413.2,-0.0043,404.0,-294.6,0,0.0,0.0,0.0000,0.00,0.00,0.00,0.00
5.5835,5.5748,8.7,0,-300.4,-155.1,2.7997,-482.0,26.4,2.7976,-134.4,376.4,-0.0000,-278.7,415.1,-0.0082,401.8,-297.6,0,0.0,0.0,0.0000,0.00,0.00,0.00,0.00
5.5908,5.5832,7.6,0,-300.4,-155.0,2.8006,-483.1,29.6,2.7976,-130.8,377.9,0.0000,-276.7,416.5,-0.0120,400.0,-300.0,0,0.0,0.0,0.0000,0.00,0.00,0.00,0.00
5.5989,5.5917,7.2,0,-300.1,-154.9,2.8027,-484.2,32.8,2.7976,-127.5,379.3,0.0000,-274.7,417.8,-0.0205,397.9,-302.7,0,0.0,0.0,0.0000,0.00,0.00,0.00,0.00
5.6075,5.6001,7.4,0,-300.5,-155.3,2.7955,-485.2,36.0,2.7976,-122.0,381.0,0.0000,-271.6,419.8,0.0084,397.9,-302.7,0,0.0,0.0,0.0000,0.00,0.00,0.00,0.00
5.6150,5.6086,6.4,0,-300.2,-155.0,2.7961,-486.2,39.2,2.7976,-116.7,382.8,-0.0000,-270.1,420.7,0.0060,396.7,-304.4,0,0.0,0.0,0.0000,0.00,0.00,0.00,0.00
5.6236,5.6170,6.6,0,-300.4,-154.8,2.7971,-487.2,42.4,2.7976,-112.7,383.5,-0.0000,-267.4,422.5,0.0023,394.4,-307.3,0,0.0,0.0,0.0000,0.00,0.00,0.00,0.00
5.6307,5.6255,5.2,0,-300.3,-155.0,2.7990,-488.1,45.7,2.7976,-108.5,384.5,-0.0000,-264.9,424.1,-0.0056,392.0,-310.4,0,0.0,0.0,0.0000,0.00,0.00,0.00,0.00
5.6393,5.6339,5.4,0,-300.4,-155.2,2.7957,-489.0,48.9,2.7976,-105.2,386.2,0.0000,-262.1,425.8,0.0077,390.9,-311.7,0,0.0,0.0,0.0000,0.00,0.00,0.00,0.00
5.6465,5.6423,4.2,0,-300.2,-154.9,2.8028,-489.9,52.2,2.7976,-101.3,387.6,0.0000,-260.4,426.9,-0.0206,387.5,-316.0,0,0.0,0.0,0.0000,0.00,0.00,0.00,0.00
5.6553,5.6508,4.5,0,-300.3,-155.2,2.7943,-490.7,55.5,2.7976,-95.9,388.6,0.0000,-257.5,428.6,0.0133,388.0,-315.3,0,0.0,0.0,0.0000,0.00,0.00,0.00,0.00
5.6632,5.6593,4.0,0,-300.7,-155.2,2.7920,-491.5,58.8,2.7976,-91.1,389.5,0.0000,-254.9,430.2,0.0227,386.8,-316.8,0,0.0,0.0,0.0000,0.00,0.00,0.00,0.00
5.6715,5.6677,3.8,0,-300.3,-155.0,2.8022,-492.3,62.1,2.7976,-86.6,390.3,-0.0000,-252.9,431.3,-0.0183,382.1,-322.5,0,0.0,0.0,0.0000,0.00,0.00,0.00,0.00
5.6794,5.6762,3.2,0,-300.4,-155.1,2.8030,-493.0,65.4,2.7976,-82.3,391.2,-0.0000,-250.5,432.7,-0.0217,380.0,-324.9,0,0.0,0.0,0.0000,0.00,0.00,0.00,0.00
5.6866,5.6846,1.9,0,-300.5,-155.0,2.8009,-493.7,68.7,2.7976,-78.1,392.3,-0.0000,-248.1,434.1,-0.0130,378.9,-326.2,0,0.0,0.0,0.0000,0.00,0.00,0.00,0.00
5.6953,5.6931,2.2,0,-300.2,-155.2,2.7995,-494.3,72.0,2.7976,-74.0,393.0,0.0000,-245.2,435.7,-0.0075,377.2,-328.2,0,0.0,0.0,0.0000,0.00,0.00,0.00,0.00
5.7033,5.7015,1.8,0,-300.4,-155.1,2.7979,-494.9,75.3,2.7976,-70.2,393.4,0.0000,-242.6,437.2,-0.0012,375.7,-329.9,0,0.0,0.0,0.0000,0.00,0.00,0.00,0.00
5.7119,5.7100,1.9,0,-300.1,-155.2,2.7994,-495.5,78.7,2.7976,-65.4,394.4,-0.0000,-240.5,438.4,-0.0071,373.6,-332.3,0,0.0,0.0,0.0000,0.00,0.00,0.00,0.00
5.7193,5.7100,9.3,0,-300.1,-155.2,2.7994,-495.5,78.7,2.7976,-65.4,394.4,-0.0000,-238.3,439.5,-0.0071,372.0,-334.1,0,0.0,0.0,0.0000,0.00,0.00,0.00,0.00
5.7273,5.7184,8.9,0,-300.5,-155.0,2.8015,-496.0,82.0,2.7976,-60.2,395.7,0.0000,-235.8,440.9,-0.0156,369.4,-337.0,0,0.0,0.0,0.0000,0.00,0.00,0.00,0.00
5.7354,5.7269,8.5,0,-300.3,-155.1,2.7948,-496.5,85.3,2.7976,-55.8,396.2,-0.0000,-233.4,442.2,0.0113,369.8,-336.5,0,0.0,0.0,0.0000,0.00,0.00,0.00,0.00
5.7435,5.7353,8.2,0,-300.4,-155.1,2.7982,-497.0,88.7,2.7976,-51.4,396.6,0.0000,-230.7,443.6,-0.0025,366.5,-340.1,0,0.0,0.0,0.0000,0.00,0.00,0.00,0.00
5.7509,5.7438,7.1,0,-300.4,-154.9,2.7984,-497.4,92.0,2.7976,-47.3,397.3,-0.0000,-228.4,444.8,-0.0031,364.7,-342.0,0,0.0,0.0,0.0000,0.00,0.00,0.00,0.00
5.7591,5.7522,6.9,0,-300.0,-154.9,2.8048,-497.8,95.4,2.7976,-43.4,398.1,0.0000,-225.9,446.1,-0.0287,360.6,-346.3,0,0.0,0.0,0.0000,0.00,0.00,0.00,0.00
5.7675,5.7607,6.8,0,-300.0,-155.0,2.7962,-498.1,98.8,2.7976,-38.7,398.0,-0.0000,-223.4,447.3,0.0055,361.6,-345.3,0,0.0,0.0,0.0000,0.00,0.00,0.00,0.00
5.7756,5.7691,6.5,0,-300.2,-155.1,2.7967,-498.4,102.1,2.7976,-34.1,398.1,-0.0000,-220.9,448.6,0.0038,359.5,-347.5,0,0.0,0.0,0.0000,0.00,0.00,0.00,0.00
5.7829,5.7776,5.3,0,-300.4,-155.2,2.8021,-498.7,105.5,2.7976,-28.7,398.9,-0.0000,-218.4,449.8,-0.0179,355.7,-351.4,0,0.0,0.0,0.0000,0.00,0.00,0.00,0.00
5.7913,5.7860,5.3,0,-300.2,-155.3,2.7956,-498.9,108.9,2.7976,-23.6,399.5,0.0000,-215.9,451.0,0.0082,356.0,-351.1,0,0.0,0.0,0.0000,0.00,0.00,0.00,0.00
5.7990,5.7945,4.5,0,-300.2,-155.1,2.7998,-499.1,112.2,2.7976,-20.1,399.8,0.0000,-213.6,452.1,-0.0089,352.7,-354.4,0,0.0,0.0,0.0000,0.00,0.00,0.00,0.00
5.8074,5.8029,4.5,0,-300.3,-154.9,2.7971,-499.2,115.6,2.7976,-16.1,400.0,0.0000,-210.5,453.5,0.0022,351.3,-355.8,0,0.0,0.0,0.0000,0.00,0.00,0.00,0.00
5.8148,5.8114,3.4,0,-300.5,-155.1,2.8008,-499.4,119.0,2.7976,-12.0,399.8,-0.0000,-207.9,454.7,-0.0126,347.9,-359.1,0,0.0,0.0,0.0000,0.00,0.00,0.00,0.00
5.8229,5.8199,3.0,0,-300.7,-155.4,2.7920,-499.4,122.4,2.7976,-7.5,399.7,0.0000,-205.3,455.9,0.0226,349.0,-358.0,0,0.0,0.0,0.0000,0.00,0.00,0.00,0.00
5.8317,5.8199,11.8,0,-300.7,-155.4,2.7920,-499.4,122.4,2.7976,-7.5,399.7,0.0000,-202.6,457.1,0.0226,346.9,-360.1,0,0.0,0.0,0.0000,0.00,0.00,0.00,0.00
5.8390,5.8368,2.1,0,-300.2,-154.9,2.8046,-499.5,129.2,2.7976,2.6,399.7,-0.0000,-201.0,457.8,-0.0279,341.0,-365.6,0,0.0,0.0,0.0000,0.00,0.00,0.00,0.00
5.8476,5.8368,10.7,0,-300.2,-154.9,2.8046,-499.5,129.2,2.7976,2.6,399.7,-0.0000,-198.2,459.0,-0.0279,338.8,-367.7,0,0.0,0.0,0.0000,0.00,0.00,0.00,0.00
5.8546,5.8452,9.4,0,-300.3,-155.1,2.7986,-499.4,132.5,2.7976,7.8,399.7,0.0000,-195.6,460.1,-0.0037,339.0,-367.5,0,0.0,0.0,0.0000,0.00,0.00,0.00,0.00
5.8633,5.8536,9.7,0,-300.6,-155.0,2.8020,-499.4,135.9,2.7976,11.9,399.7,-0.0000,-192.6,461.4,-0.0174,335.3,-370.9,0,0.0,0.0,0.0000,0.00,0.00,0.00,0.00
5.8707,5.8621,8.6,0,-300.3,-155.4,2.7905,-499.2,139.3,2.7976,15.3,399.8,0.0000,-190.3,462.4,0.0284,337.7,-368.7,0,0.0,0.0,0.0000,0.00,0.00,0.00,0.00
5.8790,5.8706,8.4,0,-300.2,-154.7,2.8083,-499.1,142.7,2.7976,19.8,399.6,-0.0000,-188.1,463.3,-0.0428,329.3,-376.3,0,0.0,0.0,0.0000,0.00,0.00,0.00,0.00
5.8871,5.8789,8.2,0,-300.0,-154.9,2.8050,-498.9,146.0,2.7976,24.1,399.5,-0.0000,-185.6,464.3,-0.0294,328.5,-376.9,0,0.0,0.0,0.0000,0.00,0.00,0.00,0.00
5.8954,5.8874,8.0,0,-300.1,-155.2,2.8004,-498.7,149.4,2.7976,29.3,399.0,-0.0000,-182.8,465.4,-0.0111,328.0,-377.4,0,0.0,0.0,0.0000,0.00,0.00,0.00,0.00
5.9028,5.8960,6.8,0,-300.7,-155.1,2.7993,-498.4,152.8,2.7976,34.8,398.6,0.0000,-179.9,466.5,-0.0066,326.1,-379.1,0,0.0,0.0,0.0000,0.00,0.00,0.00,0.00
5.9116,5.9043,7.3,0,-300.4,-154.9,2.8049,-498.1,156.1,2.7976,38.5,398.2,-0.0000,-177.4,467.5,-0.0289,321.9,-382.6,0,0.0,0.0,0.0000,0.00,0.00,0.00,0.00
5.9194,5.9128,6.6,0,-300.6,-155.5,2.7897,-497.8,159.5,2.7976,42.6,397.8,-0.0000,-174.5,468.6,0.0318,325.3,-379.7,0,0.0,0.0,0.0000,0.00,0.00,0.00,0.00
5.9266,5.9212,5.4,0,-300.3,-155.3,2.7991,-497.4,162.8,2.7976,47.0,397.3,0.0000,-172.4,469.3,-0.0060,320.0,-384.2,0,0.0,0.0,0.0000,0.00,0.00,0.00,0.00
5.9357,5.9302,5.4,0,-300.4,-155.2,2.8035,-496.9,166.4,2.7976,51.7,396.7,0.0000,-169.2,470.5,-0.0235,315.7,-387.7,0,0.0,0.0,0.0000,0.00,0.00,0.00,0.00
5.9426,5.9381,4.5,0,-299.9,-154.9,2.8002,-496.5,169.6,2.7976,56.2,396.1,0.0000,-167.5,471.1,-0.0104,315.6,-387.8,0,0.0,0.0,0.0000,0.00,0.00,0.00,0.00
5.9509,5.9465,4.3,0,-300.1,-155.1,2.7975,-496.0,172.9,2.7976,60.8,395.5,-0.0000,-165.0,472.0,0.0007,314.6,-388.6,0,0.0,0.0,0.0000,0.00,0.00,0.00,0.00
5.9590,5.9550,4.1,0,-300.6,-154.9,2.8030,-495.5,176.2,2.7976,65.5,394.3,0.0000,-162.0,473.0,-0.0216,309.9,-392.4,0,0.0,0.0,0.0000,0.00,0.00,0.00,0.00
5.9666,5.9637,2.8,0,-300.0,-154.8,2.7998,-494.9,179.7,2.7976,70.0,393.5,0.0000,-159.9,473.8,-0.0085,309.4,-392.8,0,0.0,0.0,0.0000,0.00,0.00,0.00,0.00
5.9750,5.9719,3.1,0,-300.0,-155.0,2.7976,-494.3,182.9,2.7976,73.7,393.5,-0.0000,-156.9,474.7,0.0001,307.8,-394.0,0,0.0,0.0,0.0000,0.00,0.00,0.00,0.00
5.9832,5.9803,2.9,0,-300.1,-155.0,2.8017,-493.7,186.2,2.7976,77.9,392.7,-0.0000,-154.1,475.7,-0.0163,303.9,-397.1,0,0.0,0.0,0.0000,0.00,0.00,0.00,0.00
5.9910,5.9888,2.3,0,-300.2,-155.2,2.7974,-493.0,189.5,2.7976,82.5,391.1,0.0000,-151.3,476.6,0.0009,303.2,-397.5,0,0.0,0.0,0.0000,0.00,0.00,0.00,0.00
5.9986,5.9888,9.9,0,-300.2,-155.2,2.7974,-493.0,189.5,2.7976,82.5,391.1,0.0000,-148.9,477.3,0.0009,301.2,-399.1,0,0.0,0.0,0.0000,0.00,0.00,0.00,0.00
6.0076,6.0057,1.9,0,-300.7,-155.1,2.7932,-491.5,196.1,2.7976,91.6,389.2,0.0000,-145.6,478.3,0.0176,300.1,-399.9,0,0.0,0.0,0.0000,0.00,0.00,0.00,0.00
6.0200,6.0141,5.9,0,-300.6,-155.6,2.7897,-490.7,199.4,2.7976,96.2,388.3,0.0000,-141.6,479.5,0.0317,298.2,-401.4,0,0.0,0.0,0.0000,0.00,0.00,0.00,0.00
6.0235,6.0141,9.4,0,-300.6,-155.6,2.7897,-490.7,199.4,2.7976,96.2,388.3,0.0000,-140.4,479.9,0.0317,297.2,-402.1,0,0.0,0.0,0.0000,0.00,0.00,0.00,0.00
6.0309,6.0226,8.3,0,-300.4,-155.3,2.8023,-489.9,202.7,2.7976,101.0,387.5,-0.0000,-138.1,480.5,-0.0185,290.2,-407.2,0,0.0,0.0,0.0000,0.00,0.00,0.00,0.00
6.0389,6.0311,7.9,0,-299.9,-154.9,2.8009,-489.0,206.0,2.7976,104.7,386.1,0.0000,-135.9,481.2,-0.0129,288.9,-408.1,0,0.0,0.0,0.0000,0.00,0.00,0.00,0.00
6.0476,6.0395,8.1,0,-299.9,-155.1,2.7956,-488.1,209.2,2.7976,108.1,384.8,-0.0000,-133.0,482.0,0.0082,288.6,-408.3,0,0.0,0.0,0.0000,0.00,0.00,0.00,0.00
6.0554,6.0479,7.5,0,-300.4,-155.2,2.8019,-487.2,212.4,2.7976,113.0,383.4,-0.0000,-129.9,482.8,-0.0171,283.4,-411.9,0,0.0,0.0,0.0000,0.00,0.00,0.00,0.00
6.0634,6.0564,7.0,0,-300.3,-154.8,2.8055,-486.2,215.7,2.7976,117.9,382.0,-0.0000,-127.6,483.4,-0.0313,279.9,-414.3,0,0.0,0.0,0.0000,0.00,0.00,0.00,0.00
6.0705,6.0650,5.5,0,-300.2,-155.3,2.7971,-485.2,219.0,2.7976,122.4,380.8,0.0000,-125.3,484.0,0.0021,281.4,-413.3,0,0.0,0.0,0.0000,0.00,0.00,0.00,0.00
6.0795,6.0733,6.2,0,-300.4,-155.4,2.7991,-484.1,222.1,2.7976,126.8,379.6,-0.0000,-122.1,484.9,-0.0060,277.8,-415.7,0,0.0,0.0,0.0000,0.00,0.00,0.00,0.00
6.0866,6.0817,4.9,0,-300.4,-155.6,2.7992,-483.1,225.3,2.7976,130.7,378.1,0.0000,-119.7,485.5,-0.0064,275.7,-417.1,0,0.0,0.0,0.0000,0.00,0.00,0.00,0.00
6.0955,6.0902,5.2,0,-300.0,-155.3,2.7978,-481.9,228.5,2.7976,134.8,376.6,-0.0000,-116.8,486.2,-0.0008,273.8,-418.4,0,0.0,0.0,0.0000,0.00,0.00,0.00,0.00
6.1037,6.0987,4.9,0,-300.0,-155.2,2.7983,-480.8,231.7,2.7976,138.8,375.2,0.0000,-114.0,486.8,-0.0026,271.3,-420.0,0,0.0,0.0,0.0000,0.00,0.00,0.00,0.00
6.1115,6.1071,4.4,0,-300.0,-155.0,2.7990,-479.6,234.8,2.7976,142.8,373.7,-0.0000,-111.7,487.4,-0.0055,268.9,-421.5,0,0.0,0.0,0.0000,0.00,0.00,0.00,0.00
6.1188,6.1156,3.2,0,-300.1,-154.8,2.7994,-478.4,238.0,2.7976,147.3,372.3,-0.0000,-109.3,487.9,-0.0070,266.7,-422.9,0,0.0,0.0,0.0000,0.00,0.00,0.00,0.00
6.1270,6.1240,3.0,0,-300.5,-155.0,2.8010,-477.1,241.1,2.7976,151.7,370.4,-0.0000,-106.2,488.6,-0.0136,263.3,-425.1,0,0.0,0.0,0.0000,0.00,0.00,0.00,0.00
6.1347,6.1324,2.2,0,-300.3,-155.2,2.8024,-475.8,244.3,2.7976,156.3,367.6,-0.0000,-103.7,489.1,-0.0191,260.5,-426.8,0,0.0,0.0,0.0000,0.00,0.00,0.00,0.00
6.1428,6.1409,1.9,0,-300.2,-154.9,2.7977,-474.5,247.3,2.7976,160.3,365.9,-0.0000,-101.0,489.7,-0.0002,260.2,-427.0,0,0.0,0.0,0.0000,0.00,0.00,0.00,0.00
6.1505,6.1409,9.6,0,-300.2,-154.9,2.7977,-474.5,247.3,2.7976,160.3,365.9,-0.0000,-98.3,490.2,-0.0002,257.9,-428.4,0,0.0,0.0,0.0000,0.00,0.00,0.00,0.00
6.1589,6.1493,9.6,0,-300.3,-155.0,2.7988,-473.1,250.4,2.7976,163.8,365.0,-0.0000,-95.5,490.8,-0.0048,254.9,-430.1,0,0.0,0.0,0.0000,0.00,0.00,0.00,0.00
6.1675,6.1578,9.7,0,-300.0,-155.2,2.7910,-471.7,253.5,2.7976,167.7,363.3,-0.0000,-92.8,491.3,0.0264,255.9,-429.6,0,0.0,0.0,0.0000,0.00,0.00,0.00,0.00
6.1747,6.1663,8.4,0,-300.7,-155.0,2.7971,-470.2,256.6,2.7976,171.5,361.6,0.0000,-89.7,491.9,0.0021,250.6,-432.7,0,0.0,0.0,0.0000,0.00,0.00,0.00,0.00
6.1833,6.1747,8.6,0,-300.0,-154.9,2.8011,-468.8,259.6,2.7976,176.1,359.3,0.0000,-87.5,492.3,-0.0140,246.8,-434.8,0,0.0,0.0,0.0000,0.00,0.00,0.00,0.00
6.1914,6.1831,8.3,0,-300.7,-154.8,2.8007,-467.3,262.7,2.7976,181.4,356.7,0.0000,-84.3,492.8,-0.0121,244.3,-436.3,0,0.0,0.0,0.0000,0.00,0.00,0.00,0.00
6.1989,6.1916,7.3,0,-300.2,-155.1,2.8016,-465.7,265.7,2.7976,184.7,354.8,-0.0000,-82.2,493.2,-0.0158,242.0,-437.6,0,0.0,0.0,0.0000,0.00,0.00,0.00,0.00
6.2075,6.2002,7.3,0,-300.5,-155.2,2.7950,-464.1,268.7,2.7976,188.1,352.8,-0.0000,-78.7,493.8,0.0105,241.7,-437.7,0,0.0,0.0,0.0000,0.00,0.00,0.00,0.00
6.2154,6.2085,6.9,0,-300.3,-155.2,2.7985,-462.6,271.6,2.7976,191.9,350.8,0.0000,-76.2,494.2,-0.0033,238.0,-439.7,0,0.0,0.0,0.0000,0.00,0.00,0.00,0.00
6.2232,6.2169,6.3,0,-299.9,-154.8,2.7997,-460.9,274.6,2.7976,195.7,348.7,0.0000,-74.0,494.5,-0.0083,235.5,-441.1,0,0.0,0.0,0.0000,0.00,0.00,0.00,0.00
6.2307,6.2254,5.3,0,-300.2,-154.9,2.7992,-459.2,277.5,2.7976,200.0,346.6,-0.0000,-71.2,494.9,-0.0062,233.3,-442.3,0,0.0,0.0,0.0000,0.00,0.00,0.00,0.00
6.2389,6.2339,5.0,0,-300.4,-155.0,2.7980,-457.5,280.5,2.7976,204.1,344.4,0.0000,-68.5,495.3,-0.0014,231.3,-443.3,0,0.0,0.0,0.0000,0.00,0.00,0.00,0.00
6.2466,6.2423,4.3,0,-299.9,-155.1,2.7968,-455.8,283.3,2.7976,207.9,341.3,0.0000,-66.3,495.6,0.0034,229.9,-444.0,0,0.0,0.0,0.0000,0.00,0.00,0.00,0.00
6.2549,6.2507,4.1,0,-300.2,-155.1,2.7976,-454.0,286.2,2.7976,211.8,338.6,-0.0000,-63.0,496.0,-0.0001,226.6,-445.7,0,0.0,0.0,0.0000,0.00,0.00,0.00,0.00
6.2636,6.2507,12.9,0,-300.2,-155.1,2.7976,-454.0,286.2,2.7976,211.8,338.6,-0.0000,-60.0,496.4,-0.0001,223.8,-447.1,0,0.0,0.0,0.0000,0.00,0.00,0.00,0.00
6.2711,6.2676,3.5,0,-300.2,-155.1,2.7998,-450.4,291.9,2.7976,219.4,334.7,-0.0000,-57.5,496.7,-0.0086,220.7,-448.7,0,0.0,0.0,0.0000,0.00,0.00,0.00,0.00
6.2793,6.2761,3.2,0,-300.4,-155.1,2.8040,-448.5,294.7,2.7976,222.4,332.5,0.0000,-54.6,497.0,-0.0254,216.1,-450.9,0,0.0,0.0,0.0000,0.00,0.00,0.00,0.00
6.2873,6.2845,2.8,0,-300.1,-155.3,2.7985,-446.6,297.5,2.7976,226.3,329.9,-0.0000,-52.1,497.3,-0.0036,216.3,-450.8,0,0.0,0.0,0.0000,0.00,0.00,0.00,0.00
6.2949,6.2930,1.9,0,-300.2,-155.1,2.8016,-444.7,300.3,2.7976,230.9,326.7,-0.0000,-49.4,497.6,-0.0161,212.4,-452.6,0,0.0,0.0,0.0000,0.00,0.00,0.00,0.00
6.3033,6.3014,1.9,0,-300.0,-155.3,2.7949,-442.7,303.0,2.7976,234.6,324.0,0.0000,-46.7,497.8,0.0110,213.1,-452.3,0,0.0,0.0,0.0000,0.00,0.00,0.00,0.00
6.3108,6.3014,9.5,0,-300.0,-155.3,2.7949,-442.7,303.0,2.7976,234.6,324.0,0.0000,-44.1,498.1,0.0110,210.7,-453.4,0,0.0,0.0,0.0000,0.00,0.00,0.00,0.00
6.3186,6.3099,8.7,0,-300.0,-154.8,2.8018,-440.7,305.8,2.7976,238.3,321.2,0.0000,-41.3,498.3,-0.0165,205.1,-456.0,0,0.0,0.0,0.0000,0.00,0.00,0.00,0.00
6.3267,6.3184,8.4,0,-300.1,-154.9,2.8068,-438.7,308.5,2.7976,241.4,319.0,0.0000,-38.5,498.5,-0.0366,200.2,-458.2,0,0.0,0.0,0.0000,0.00,0.00,0.00,0.00
6.3354,6.3268,8.6,0,-300.0,-155.1,2.8007,-436.6,311.2,2.7976,244.1,317.3,-0.0000,-35.8,498.7,-0.0125,200.5,-458.0,0,0.0,0.0,0.0000,0.00,0.00,0.00,0.00
6.3432,6.3352,8.0,0,-300.0,-155.0,2.7991,-434.6,313.8,2.7976,248.2,313.7,-0.0000,-33.2,498.9,-0.0057,198.8,-458.8,0,0.0,0.0,0.0000,0.00,0.00,0.00,0.00
6.3515,6.3437,7.8,0,-300.1,-155.2,2.8010,-432.4,316.5,2.7976,252.5,309.8,0.0000,-30.2,499.1,-0.0135,195.2,-460.3,0,0.0,0.0,0.0000,0.00,0.00,0.00,0.00
6.3596,6.3521,7.5,0,-300.4,-155.1,2.8000,-430.3,319.1,2.7976,255.6,307.4,0.0000,-27.1,499.3,-0.0096,192.8,-461.3,0,0.0,0.0,0.0000,0.00,0.00,0.00,0.00
6.3670,6.3606,6.5,0,-300.5,-155.0,2.7981,-428.1,321.6,2.7976,258.8,304.9,-0.0000,-24.4,499.4,-0.0017,191.2,-462.0,0,0.0,0.0,0.0000,0.00,0.00,0.00,0.00
6.3753,6.3690,6.3,0,-300.5,-155.4,2.7884,-425.9,324.2,2.7976,262.4,301.8,0.0000,-21.6,499.5,0.0370,193.1,-461.2,0,0.0,0.0,0.0000,0.00,0.00,0.00,0.00
6.3826,6.3775,5.1,0,-300.3,-155.2,2.7940,-423.7,326.8,2.7976,265.9,298.8,-0.0000,-19.3,499.6,0.0146,188.3,-463.2,0,0.0,0.0,0.0000,0.00,0.00,0.00,0.00
6.3914,6.3859,5.5,0,-300.1,-155.1,2.8011,-421.4,329.2,2.7976,269.0,296.5,0.0000,-16.4,499.7,-0.0140,182.4,-465.6,0,0.0,0.0,0.0000,0.00,0.00,0.00,0.00
6.3990,6.3943,4.7,0,-299.9,-154.9,2.8001,-419.2,331.7,2.7976,272.3,293.8,-0.0000,-14.0,499.8,-0.0099,180.6,-466.2,0,0.0,0.0,0.0000,0.00,0.00,0.00,0.00
6.4069,6.4028,4.1,0,-300.4,-155.1,2.8008,-416.8,334.2,2.7976,276.2,289.5,-0.0000,-11.0,499.9,-0.0126,177.4,-467.5,0,0.0,0.0,0.0000,0.00,0.00,0.00,0.00
6.4156,6.4113,4.3,0,-300.5,-155.0,2.8016,-414.5,336.6,2.7976,279.5,286.0,0.0000,-8.2,499.9,-0.0160,174.4,-468.6,0,0.0,0.0,0.0000,0.00,0.00,0.00,0.00
6.4239,6.4197,4.1,0,-300.0,-155.3,2.7987,-412.1,339.1,2.7976,281.9,283.1,-0.0000,-5.7,500.0,-0.0044,173.4,-469.0,0,0.0,0.0,0.0000,0.00,0.00,0.00,0.00
6.4305,6.4282,2.4,0,-300.2,-155.1,2.7978,-409.7,341.4,2.7976,284.9,280.1,-0.0000,-2.8,500.0,-0.0007,171.2,-469.8,0,0.0,0.0,0.0000,0.00,0.00,0.00,0.00
6.4397,6.4367,3.0,0,-300.2,-155.1,2.8010,-407.3,343.8,2.7976,288.1,277.3,-0.0000,0.3,500.0,-0.0137,166.7,-471.4,0,0.0,0.0,0.0000,0.00,0.00,0.00,0.00
6.4472,6.4451,2.2,0,-300.5,-155.1,2.7956,-404.9,346.1,2.7976,291.4,274.2,-0.0000,2.9,500.0,0.0083,166.9,-471.3,0,0.0,0.0,0.0000,0.00,0.00,0.00,0.00
6.4553,6.4535,1.7,0,-300.6,-155.4,2.7868,-402.4,348.4,2.7976,295.0,270.8,0.0000,5.7,500.0,0.0433,168.4,-470.8,0,0.0,0.0,0.0000,0.00,0.00,0.00,0.00
6.4632,6.4619,1.3,0,-300.5,-155.2,2.7985,-399.9,350.7,2.7976,298.0,267.4,-0.0000,8.4,499.9,-0.0036,160.3,-473.6,0,0.0,0.0,0.0000,0.00,0.00,0.00,0.00
6.4715,6.4704,1.1,0,-300.3,-155.0,2.8025,-397.3,352.9,2.7976,300.8,263.8,-0.0000,11.0,499.9,-0.0193,155.9,-475.1,0,0.0,0.0,0.0000,0.00,0.00,0.00,0.00
6.4787,6.4704,8.4,0,-300.3,-155.0,2.8025,-397.3,352.9,2.7976,300.8,263.8,-0.0000,13.6,499.8,-0.0193,153.4,-475.9,0,0.0,0.0,0.0000,0.00,0.00,0.00,0.00
6.4870,6.4789,8.1,0,-300.2,-155.1,2.7936,-394.8,355.2,2.7976,303.8,260.3,0.0000,16.3,499.7,0.0160,155.1,-475.4,0,0.0,0.0,0.0000,0.00,0.00,0.00,0.00
6.4953,6.4873,8.0,0,-300.4,-155.1,2.7961,-392.2,357.3,2.7976,306.9,256.7,0.0000,19.2,499.6,0.0063,151.2,-476.6,0,0.0,0.0,0.0000,0.00,0.00,0.00,0.00
6.5029,6.4958,7.1,0,-300.1,-155.1,2.7950,-389.6,359.5,2.7976,309.1,253.5,-0.0000,21.6,499.5,0.0104,149.4,-477.2,0,0.0,0.0,0.0000,0.00,0.00,0.00,0.00
6.5107,6.5042,6.5,0,-300.1,-154.9,2.8028,-387.0,361.6,2.7976,311.2,250.3,0.0000,24.5,499.4,-0.0205,142.9,-479.1,0,0.0,0.0,0.0000,0.00,0.00,0.00,0.00
6.5186,6.5127,5.9,0,-300.3,-155.2,2.7963,-384.3,363.7,2.7976,315.1,246.4,-0.0000,27.3,499.3,0.0054,143.3,-479.0,0,0.0,0.0,0.0000,0.00,0.00,0.00,0.00
6.5274,6.5212,6.3,0,-300.3,-155.1,2.7997,-381.6,365.8,2.7976,318.9,242.7,-0.0000,30.1,499.1,-0.0085,138.9,-480.3,0,0.0,0.0,0.0000,0.00,0.00,0.00,0.00
6.5354,6.5296,5.8,0,-300.7,-155.1,2.7990,-378.9,367.8,2.7976,320.6,239.1,0.0000,33.2,498.9,-0.0054,136.4,-481.0,0,0.0,0.0,0.0000,0.00,0.00,0.00,0.00
6.5433,6.5380,5.3,0,-300.4,-155.2,2.7965,-376.2,369.8,2.7976,322.8,235.5,-0.0000,35.6,498.7,0.0046,135.2,-481.4,0,0.0,0.0,0.0000,0.00,0.00,0.00,0.00
6.5506,6.5464,4.2,0,-300.9,-155.4,2.7914,-373.5,371.8,2.7976,325.6,232.4,-0.0000,38.5,498.5,0.0250,134.8,-481.5,0,0.0,0.0,0.0000,0.00,0.00,0.00,0.00
6.5593,6.5549,4.4,0,-300.5,-155.3,2.7994,-370.7,373.7,2.7976,328.3,228.8,-0.0000,41.1,498.3,-0.0069,128.5,-483.2,0,0.0,0.0,0.0000,0.00,0.00,0.00,0.00
6.5666,6.5633,3.3,0,-300.3,-155.1,2.8008,-368.0,375.7,2.7976,331.1,224.3,0.0000,43.5,498.1,-0.0126,125.5,-484.0,0,0.0,0.0,0.0000,0.00,0.00,0.00,0.00
6.5749,6.5718,3.1,0,-300.6,-154.9,2.8009,-365.1,377.5,2.7976,333.7,220.3,-0.0000,46.6,497.8,-0.0130,122.4,-484.8,0,0.0,0.0,0.0000,0.00,0.00,0.00,0.00
6.5836,6.5803,3.3,0,-300.3,-155.2,2.8021,-362.3,379.4,2.7976,335.5,217.0,-0.0000,49.3,497.6,-0.0179,119.2,-485.6,0,0.0,0.0,0.0000,0.00,0.00,0.00,0.00
6.5908,6.5888,2.0,0,-300.5,-155.5,2.7875,-359.4,381.2,2.7976,338.1,213.2,-0.0000,51.8,497.3,0.0406,123.8,-484.4,0,0.0,0.0,0.0000,0.00,0.00,0.00,0.00
6.5993,6.5888,10.5,0,-300.5,-155.5,2.7875,-359.4,381.2,2.7976,338.1,213.2,-0.0000,54.8,497.0,0.0406,121.0,-485.1,0,0.0,0.0,0.0000,0.00,0.00,0.00,0.00
6.6067,6.5972,9.5,0,-300.3,-155.3,2.7959,-356.6,383.0,2.7976,341.4,209.3,0.0000,57.2,496.7,0.0068,114.5,-486.7,0,0.0,0.0,0.0000,0.00,0.00,0.00,0.00
6.6146,6.6057,8.9,0,-300.3,-154.9,2.7975,-353.7,384.8,2.7976,343.6,205.7,-0.0000,59.9,496.4,0.0006,111.0,-487.5,0,0.0,0.0,0.0000,0.00,0.00,0.00,0.00
6.6233,6.6140,9.2,0,-300.2,-155.2,2.7906,-350.8,386.5,2.7976,345.1,202.5,-0.0000,62.7,496.0,0.0283,111.7,-487.4,0,0.0,0.0,0.0000,0.00,0.00,0.00,0.00
6.6314,6.6225,8.9,0,-300.2,-155.1,2.7973,-347.9,388.2,2.7976,347.4,198.3,-0.0000,65.5,495.7,0.0011,105.6,-488.7,0,0.0,0.0,0.0000,0.00,0.00,0.00,0.00
6.6388,6.6310,7.8,0,-300.4,-155.3,2.7911,-344.9,389.8,2.7976,349.8,193.7,-0.0000,67.9,495.4,0.0260,106.3,-488.6,0,0.0,0.0,0.0000,0.00,0.00,0.00,0.00
6.6472,6.6396,7.6,0,-300.0,-155.1,2.7994,-341.9,391.5,2.7976,352.0,189.8,0.0000,70.4,495.0,-0.0070,99.8,-489.9,0,0.0,0.0,0.0000,0.00,0.00,0.00,0.00
6.6552,6.6479,7.3,0,-300.3,-155.0,2.7983,-339.0,393.0,2.7976,354.0,185.9,0.0000,73.6,494.6,-0.0028,97.2,-490.5,0,0.0,0.0,0.0000,0.00,0.00,0.00,0.00
6.6636,6.6563,7.3,0,-300.3,-155.1,2.7976,-336.0,394.6,2.7976,356.1,182.0,-0.0000,76.4,494.1,0.0001,94.7,-491.0,0,0.0,0.0,0.0000,0.00,0.00,0.00,0.00
6.6708,6.6650,5.8,0,-300.0,-155.4,2.7949,-332.9,396.1,2.7976,358.3,178.1,0.0000,78.7,493.8,0.0109,93.8,-491.1,0,0.0,0.0,0.0000,0.00,0.00,0.00,0.00
6.6797,6.6732,6.5,0,-300.5,-155.3,2.7996,-329.9,397.6,2.7976,360.2,173.9,-0.0000,82.0,493.2,-0.0077,88.2,-492.2,0,0.0,0.0,0.0000,0.00,0.00,0.00,0.00
6.6873,6.6817,5.6,0,-300.5,-155.2,2.8036,-326.8,399.1,2.7976,362.2,169.6,0.0000,84.3,492.8,-0.0240,83.8,-492.9,0,0.0,0.0,0.0000,0.00,0.00,0.00,0.00
6.6955,6.6901,5.4,0,-300.2,-155.0,2.8029,-323.8,400.5,2.7976,364.2,165.3,-0.0000,86.9,492.4,-0.0212,81.6,-493.3,0,0.0,0.0,0.0000,0.00,0.00,0.00,0.00
6.7034,6.6992,4.3,0,-300.2,-155.1,2.7977,-320.5,401.9,2.7976,366.3,160.9,0.0000,89.7,491.9,-0.0001,81.4,-493.3,0,0.0,0.0,0.0000,0.00,0.00,0.00,0.00
6.7116,6.7070,4.6,0,-300.0,-154.8,2.8016,-317.6,403.2,2.7976,368.1,157.7,-0.0000,92.4,491.4,-0.0159,76.8,-494.1,0,0.0,0.0,0.0000,0.00,0.00,0.00,0.00
6.7187,6.7153,3.4,0,-300.4,-154.9,2.8024,-314.5,404.5,2.7976,369.6,153.8,-0.0000,95.2,490.9,-0.0189,73.6,-494.6,0,0.0,0.0,0.0000,0.00,0.00,0.00,0.00
6.7267,6.7238,2.9,0,-300.7,-155.0,2.7953,-311.4,405.8,2.7976,370.5,149.3,-0.0000,98.0,490.3,0.0094,74.2,-494.5,0,0.0,0.0,0.0000,0.00,0.00,0.00,0.00
6.7353,6.7238,11.5,0,-300.7,-155.0,2.7953,-311.4,405.8,2.7976,370.5,149.3,-0.0000,100.6,489.8,0.0094,71.6,-494.8,0,0.0,0.0,0.0000,0.00,0.00,0.00,0.00
6.7425,6.7407,1.8,0,-300.3,-155.0,2.8024,-305.1,408.2,2.7976,374.5,140.8,0.0000,102.7,489.3,-0.0191,65.9,-495.6,0,0.0,0.0,0.0000,0.00,0.00,0.00,0.00
6.7509,6.7491,1.8,0,-300.1,-155.1,2.8007,-302.0,409.4,2.7976,376.2,136.5,0.0000,105.7,488.7,-0.0122,63.8,-495.9,0,0.0,0.0,0.0000,0.00,0.00,0.00,0.00
6.7596,6.7576,2.0,0,-300.6,-155.3,2.7893,-298.8,410.5,2.7976,377.8,131.9,0.0000,108.8,488.0,0.0333,66.2,-495.6,0,0.0,0.0,0.0000,0.00,0.00,0.00,0.00
6.7673,6.7576,9.8,0,-300.6,-155.3,2.7893,-298.8,410.5,2.7976,377.8,131.9,0.0000,111.2,487.5,0.0333,63.8,-495.9,0,0.0,0.0,0.0000,0.00,0.00,0.00,0.00
6.7750,6.7662,8.8,0,-300.4,-154.9,2.7985,-295.5,411.6,2.7976,379.0,127.8,-0.0000,113.7,486.9,-0.0036,56.7,-496.8,0,0.0,0.0,0.0000,0.00,0.00,0.00,0.00
6.7836,6.7744,9.2,0,-300.3,-155.2,2.7958,-292.4,412.7,2.7976,379.8,124.2,0.0000,116.6,486.2,0.0073,55.1,-497.0,0,0.0,0.0,0.0000,0.00,0.00,0.00,0.00
6.7910,6.7829,8.1,0,-300.3,-155.0,2.7971,-289.2,413.7,2.7976,381.4,120.1,0.0000,119.1,485.6,0.0021,51.9,-497.3,0,0.0,0.0,0.0000,0.00,0.00,0.00,0.00
6.7987,6.7914,7.4,0,-300.5,-155.3,2.7957,-285.9,414.7,2.7976,383.3,116.2,0.0000,121.6,485.0,0.0077,50.0,-497.5,0,0.0,0.0,0.0000,0.00,0.00,0.00,0.00
6.8072,6.7999,7.3,0,-300.5,-154.9,2.8002,-282.6,415.7,2.7976,384.6,110.9,-0.0000,124.5,484.3,-0.0102,44.9,-498.0,0,0.0,0.0,0.0000,0.00,0.00,0.00,0.00
6.8148,6.8083,6.5,0,-300.2,-155.5,2.7982,-279.4,416.6,2.7976,386.1,105.7,-0.0000,126.7,483.7,-0.0023,43.5,-498.1,0,0.0,0.0,0.0000,0.00,0.00,0.00,0.00
6.8228,6.8167,6.2,0,-300.2,-155.0,2.7971,-276.2,417.5,2.7976,386.5,101.9,0.0000,129.5,482.9,0.0021,41.2,-498.3,0,0.0,0.0,0.0000,0.00,0.00,0.00,0.00
6.8315,6.8251,6.4,0,-300.1,-155.0,2.8008,-272.9,418.3,2.7976,387.0,97.9,-0.0000,132.2,482.2,-0.0128,36.5,-498.7,0,0.0,0.0,0.0000,0.00,0.00,0.00,0.00
6.8389,6.8338,5.2,0,-300.3,-155.3,2.7998,-269.6,419.1,2.7976,389.1,93.2,0.0000,134.7,481.5,-0.0085,34.5,-498.8,0,0.0,0.0,0.0000,0.00,0.00,0.00,0.00
6.8475,6.8421,5.5,0,-300.0,-155.1,2.7974,-266.3,419.9,2.7976,390.5,88.9,0.0000,137.4,480.7,0.0011,32.9,-498.9,0,0.0,0.0,0.0000,0.00,0.00,0.00,0.00
6.8550,6.8505,4.5,0,-300.2,-155.3,2.7999,-263.0,420.6,2.7976,390.8,85.1,0.0000,140.0,480.0,-0.0092,28.9,-499.2,0,0.0,0.0,0.0000,0.00,0.00,0.00,0.00
6.8627,6.8590,3.7,0,-300.3,-155.1,2.8007,-259.7,421.3,2.7976,391.5,80.8,0.0000,142.6,479.2,-0.0122,25.8,-499.3,0,0.0,0.0,0.0000,0.00,0.00,0.00,0.00
6.8707,6.8675,3.3,0,-299.9,-154.9,2.7996,-256.4,422.0,2.7976,392.8,75.3,-0.0000,145.1,478.5,-0.0078,23.8,-499.4,0,0.0,0.0,0.0000,0.00,0.00,0.00,0.00
6.8791,6.8758,3.3,0,-300.4,-154.8,2.8018,-253.1,422.6,2.7976,393.7,70.8,0.0000,148.0,477.6,-0.0166,19.6,-499.6,0,0.0,0.0,0.0000,0.00,0.00,0.00,0.00
6.8877,6.8843,3.4,0,-300.5,-155.1,2.8022,-249.8,423.2,2.7976,394.1,67.0,0.0000,150.9,476.7,-0.0181,16.5,-499.7,0,0.0,0.0,0.0000,0.00,0.00,0.00,0.00
6.8947,6.8927,2.0,0,-300.3,-155.1,2.7954,-246.4,423.7,2.7976,394.9,62.8,-0.0000,153.1,476.0,0.0089,17.5,-499.7,0,0.0,0.0,0.0000,0.00,0.00,0.00,0.00
6.9033,6.9012,2.1,0,-300.0,-154.9,2.7965,-243.1,424.2,2.7976,396.1,58.9,-0.0000,155.7,475.1,0.0044,14.2,-499.8,0,0.0,0.0,0.0000,0.00,0.00,0.00,0.00
6.9108,6.9012,9.6,0,-300.0,-154.9,2.7965,-243.1,424.2,2.7976,396.1,58.9,-0.0000,158.0,474.4,0.0044,11.8,-499.9,0,0.0,0.0,0.0000,0.00,0.00,0.00,0.00
6.9190,6.9096,9.4,0,-300.4,-155.1,2.8013,-239.7,424.7,2.7976,396.6,54.1,0.0000,160.9,473.4,-0.0148,6.3,-500.0,0,0.0,0.0,0.0000,0.00,0.00,0.00,0.00
6.9269,6.9181,8.8,0,-300.4,-155.1,2.7958,-236.4,425.2,2.7976,396.7,48.7,-0.0000,163.5,472.5,0.0073,6.4,-500.0,0,0.0,0.0,0.0000,0.00,0.00,0.00,0.00
6.9349,6.9265,8.4,0,-300.1,-155.1,2.7989,-233.0,425.5,2.7976,397.2,44.3,-0.0000,165.9,471.7,-0.0051,2.2,-500.0,0,0.0,0.0,0.0000,0.00,0.00,0.00,0.00
6.9428,6.9351,7.7,0,-300.2,-154.8,2.7989,-229.6,425.9,2.7976,397.7,39.8,-0.0000,168.7,470.7,-0.0050,-0.7,-500.0,0,0.0,0.0,0.0000,0.00,0.00,0.00,0.00
6.9510,6.9434,7.6,0,-300.6,-155.1,2.7924,-226.3,426.2,2.7976,398.4,35.8,0.0000,171.5,469.7,0.0210,-0.4,-500.0,0,0.0,0.0,0.0000,0.00,0.00,0.00,0.00
6.9589,6.9519,7.0,0,-300.3,-154.9,2.7963,-222.9,426.5,2.7976,399.2,31.8,0.0000,173.7,468.9,0.0055,-4.7,-500.0,0,0.0,0.0,0.0000,0.00,0.00,0.00,0.00
6.9668,6.9603,6.5,0,-300.4,-155.4,2.7961,-219.6,426.8,2.7976,399.1,27.2,0.0000,176.1,468.0,0.0063,-7.2,-499.9,0,0.0,0.0,0.0000,0.00,0.00,0.00,0.00
6.9752,6.9689,6.4,0,-300.3,-155.0,2.7997,-216.1,427.0,2.7976,399.2,22.6,0.0000,179.1,466.8,-0.0082,-12.2,-499.9,0,0.0,0.0,0.0000,0.00,0.00,0.00,0.00
6.9838,6.9772,6.5,0,-300.6,-154.8,2.8002,-212.8,427.1,2.7976,399.6,17.3,-0.0000,182.0,465.7,-0.0104,-15.6,-499.8,0,0.0,0.0,0.0000,0.00,0.00,0.00,0.00
6.9913,6.9857,5.7,0,-300.3,-154.9,2.7966,-209.4,427.3,2.7976,399.9,12.3,-0.0000,183.9,464.9,0.0040,-15.9,-499.7,0,0.0,0.0,0.0000,0.00,0.00,0.00,0.00
6.9987,6.9941,4.5,0,-300.8,-155.4,2.7940,-206.0,427.3,2.7976,399.8,9.0,0.0000,186.5,463.9,0.0146,-17.3,-499.7,0,0.0,0.0,0.0000,0.00,0.00,0.00,0.00
7.0066,7.0027,3.9,0,-300.1,-155.1,2.8007,-202.6,427.4,2.7976,399.9,4.9,-0.0000,188.8,463.0,-0.0121,-23.2,-499.5,0,0.0,0.0,0.0000,0.00,0.00,0.00,0.00
7.0146,7.0110,3.6,0,-300.4,-155.1,2.8008,-199.3,427.4,2.7976,400.0,0.2,0.0000,191.6,461.8,-0.0125,-26.2,-499.3,0,0.0,0.0,0.0000,0.00,0.00,0.00,0.00
7.0229,7.0195,3.4,0,-300.4,-155.1,2.7983,-195.9,427.4,2.7976,400.1,-4.5,-0.0000,194.1,460.8,-0.0026,-27.6,-499.2,0,0.0,0.0,0.0000,0.00,0.00,0.00,0.00
7.0309,7.0280,2.9,0,-300.2,-154.8,2.7950,-192.5,427.4,2.7976,400.2,-9.7,-0.0000,196.5,459.8,0.0104,-28.6,-499.2,0,0.0,0.0,0.0000,0.00,0.00,0.00,0.00
7.0399,7.0363,3.6,0,-300.1,-154.7,2.8010,-189.2,427.3,2.7976,399.9,-14.2,-0.0000,199.1,458.6,-0.0133,-34.5,-498.8,0,0.0,0.0,0.0000,0.00,0.00,0.00,0.00
7.0472,7.0363,10.9,0,-300.1,-154.7,2.8010,-189.2,427.3,2.7976,399.9,-14.2,-0.0000,201.5,457.6,-0.0133,-37.0,-498.6,0,0.0,0.0,0.0000,0.00,0.00,0.00,0.00
7.0550,7.0533,1.8,0,-300.2,-154.8,2.7985,-182.4,426.9,2.7976,399.0,-22.9,-0.0000,204.2,456.4,-0.0036,-38.8,-498.5,0,0.0,0.0,0.0000,0.00,0.00,0.00,0.00
7.0629,7.0533,9.6,0,-300.2,-154.8,2.7985,-182.4,426.9,2.7976,399.0,-22.9,-0.0000,206.7,455.3,-0.0036,-41.5,-498.3,0,0.0,0.0,0.0000,0.00,0.00,0.00,0.00
7.0720,7.0701,1.9,0,-300.4,-155.2,2.7989,-175.7,426.5,2.7976,398.9,-31.8,-0.0000,209.3,454.1,-0.0053,-44.6,-498.0,0,0.0,0.0,0.0000,0.00,0.00,0.00,0.00
7.0795,7.0701,9.4,0,-300.4,-155.2,2.7989,-175.7,426.5,2.7976,398.9,-31.8,-0.0000,211.6,453.0,-0.0053,-47.1,-497.8,0,0.0,0.0,0.0000,0.00,0.00,0.00,0.00
7.0870,7.0786,8.4,0,-300.7,-155.2,2.7956,-172.3,426.2,2.7976,397.9,-35.3,0.0000,214.2,451.8,0.0079,-48.3,-497.7,0,0.0,0.0,0.0000,0.00,0.00,0.00,0.00
7.0954,7.0871,8.4,0,-300.2,-155.1,2.8023,-168.9,425.9,2.7976,397.8,-40.6,0.0000,216.5,450.7,-0.0187,-54.1,-497.1,0,0.0,0.0,0.0000,0.00,0.00,0.00,0.00
7.1032,7.0955,7.7,0,-299.8,-154.9,2.8034,-165.6,425.5,2.7976,397.9,-46.2,-0.0000,218.7,449.6,-0.0230,-57.1,-496.7,0,0.0,0.0,0.0000,0.00,0.00,0.00,0.00
7.1112,7.1039,7.3,0,-300.2,-155.2,2.8008,-162.2,425.1,2.7976,397.0,-49.9,-0.0000,221.3,448.3,-0.0127,-58.8,-496.5,0,0.0,0.0,0.0000,0.00,0.00,0.00,0.00
7.1190,7.1124,6.6,0,-300.5,-154.7,2.8047,-158.9,424.7,2.7976,396.4,-53.8,0.0000,224.1,447.0,-0.0282,-63.7,-495.9,0,0.0,0.0,0.0000,0.00,0.00,0.00,0.00
7.1274,7.1209,6.5,0,-300.5,-155.3,2.7903,-155.5,424.2,2.7976,395.5,-58.1,0.0000,226.5,445.8,0.0291,-59.3,-496.5,0,0.0,0.0,0.0000,0.00,0.00,0.00,0.00
7.1357,7.1293,6.3,0,-300.4,-155.4,2.7975,-152.2,423.7,2.7976,394.6,-62.3,0.0000,228.9,444.5,0.0004,-65.5,-495.7,0,0.0,0.0,0.0000,0.00,0.00,0.00,0.00
7.1433,7.1377,5.5,0,-300.3,-155.0,2.7993,-148.9,423.1,2.7976,394.4,-67.8,0.0000,231.2,443.3,-0.0068,-69.0,-495.2,0,0.0,0.0,0.0000,0.00,0.00,0.00,0.00
7.1505,7.1462,4.3,0,-300.4,-155.2,2.8024,-145.5,422.5,2.7976,393.9,-72.8,0.0000,233.3,442.2,-0.0190,-72.8,-494.7,0,0.0,0.0,0.0000,0.00,0.00,0.00,0.00
7.1589,7.1547,4.2,0,-300.3,-155.5,2.7971,-142.2,421.9,2.7976,392.5,-76.6,-0.0000,235.6,441.0,0.0022,-72.8,-494.7,0,0.0,0.0,0.0000,0.00,0.00,0.00,0.00
7.1669,7.1631,3.7,0,-299.8,-154.9,2.8033,-138.9,421.2,2.7976,391.4,-80.8,-0.0000,238.0,439.7,-0.0225,-78.6,-493.8,0,0.0,0.0,0.0000,0.00,0.00,0.00,0.00
7.1746,7.1715,3.0,0,-300.3,-155.1,2.7963,-135.6,420.5,2.7976,390.7,-85.1,0.0000,240.6,438.3,0.0054,-78.1,-493.9,0,0.0,0.0,0.0000,0.00,0.00,0.00,0.00
7.1830,7.1800,3.0,0,-300.0,-155.0,2.8006,-132.3,419.8,2.7976,389.9,-89.4,0.0000,242.9,437.0,-0.0117,-82.8,-493.1,0,0.0,0.0,0.0000,0.00,0.00,0.00,0.00
7.1916,7.1884,3.2,0,-300.6,-155.5,2.7895,-129.0,419.0,2.7976,389.2,-93.5,-0.0000,245.7,435.5,0.0325,-80.5,-493.5,0,0.0,0.0,0.0000,0.00,0.00,0.00,0.00
7.1992,7.1969,2.2,0,-300.0,-155.0,2.8021,-125.7,418.2,2.7976,388.1,-98.1,0.0000,247.8,434.3,-0.0178,-89.0,-492.0,0,0.0,0.0,0.0000,0.00,0.00,0.00,0.00
7.2072,7.2053,1.8,0,-300.2,-155.4,2.7984,-122.4,417.4,2.7976,386.5,-103.1,0.0000,250.1,433.0,-0.0029,-89.8,-491.9,0,0.0,0.0,0.0000,0.00,0.00,0.00,0.00
7.2151,7.2053,9.7,0,-300.2,-155.4,2.7984,-122.4,417.4,2.7976,386.5,-103.1,0.0000,252.4,431.6,-0.0029,-92.4,-491.4,0,0.0,0.0,0.0000,0.00,0.00,0.00,0.00
7.2233,7.2138,9.6,0,-300.3,-155.2,2.7966,-119.2,416.5,2.7976,385.3,-107.6,0.0000,254.9,430.1,0.0041,-94.5,-491.0,0,0.0,0.0,0.0000,0.00,0.00,0.00,0.00
7.2307,7.2222,8.5,0,-300.3,-155.3,2.7933,-115.9,415.6,2.7976,384.1,-112.2,-0.0000,257.1,428.9,0.0173,-95.3,-490.8,0,0.0,0.0,0.0000,0.00,0.00,0.00,0.00
7.2395,7.2307,8.8,0,-299.9,-155.0,2.7991,-112.7,414.6,2.7976,382.7,-116.0,-0.0000,259.5,427.4,-0.0058,-100.9,-489.7,0,0.0,0.0,0.0000,0.00,0.00,0.00,0.00
7.2469,7.2391,7.8,0,-300.2,-155.0,2.8024,-109.5,413.6,2.7976,381.4,-119.4,-0.0000,262.0,425.8,-0.0192,-105.4,-488.8,0,0.0,0.0,0.0000,0.00,0.00,0.00,0.00
7.2554,7.2476,7.8,0,-300.2,-155.0,2.7983,-106.2,412.6,2.7976,380.1,-124.0,-0.0000,264.5,424.3,-0.0025,-106.2,-488.6,0,0.0,0.0,0.0000,0.00,0.00,0.00,0.00
7.2630,7.2560,7.0,0,-300.1,-155.0,2.8024,-103.0,411.5,2.7976,379.0,-128.4,0.0000,266.5,423.0,-0.0191,-110.6,-487.6,0,0.0,0.0,0.0000,0.00,0.00,0.00,0.00
7.2711,7.2645,6.6,0,-300.6,-154.8,2.8073,-99.8,410.4,2.7976,377.2,-133.2,0.0000,269.2,421.4,-0.0389,-116.1,-486.3,0,0.0,0.0,0.0000,0.00,0.00,0.00,0.00
7.2791,7.2729,6.1,0,-300.4,-155.0,2.7987,-96.7,409.2,2.7976,375.5,-137.9,0.0000,271.2,420.1,-0.0042,-114.2,-486.8,0,0.0,0.0,0.0000,0.00,0.00,0.00,0.00
7.2873,7.2814,5.9,0,-300.0,-155.1,2.8014,-93.5,408.1,2.7976,374.3,-141.3,0.0000,273.4,418.7,-0.0153,-118.0,-485.9,0,0.0,0.0,0.0000,0.00,0.00,0.00,0.00
7.2951,7.2898,5.3,0,-300.3,-155.0,2.8023,-90.3,406.9,2.7976,373.0,-145.1,0.0000,276.0,416.9,-0.0185,-121.4,-485.0,0,0.0,0.0,0.0000,0.00,0.00,0.00,0.00
7.3034,7.2983,5.2,0,-300.5,-155.1,2.7931,-87.2,405.6,2.7976,370.9,-149.5,-0.0000,278.4,415.3,0.0182,-119.9,-485.4,0,0.0,0.0,0.0000,0.00,0.00,0.00,0.00
7.3112,7.3067,4.5,0,-300.2,-155.2,2.7964,-84.1,404.3,2.7976,369.1,-153.7,0.0000,280.3,414.1,0.0049,-123.6,-484.5,0,0.0,0.0,0.0000,0.00,0.00,0.00,0.00
7.3195,7.3152,4.3,0,-300.6,-155.4,2.7908,-80.9,403.0,2.7976,367.1,-157.9,0.0000,282.7,412.4,0.0275,-123.7,-484.5,0,0.0,0.0,0.0000,0.00,0.00,0.00,0.00
7.3266,7.3236,3.0,0,-299.9,-155.4,2.7973,-77.9,401.7,2.7976,365.4,-162.2,-0.0000,284.3,411.3,0.0012,-128.7,-483.1,0,0.0,0.0,0.0000,0.00,0.00,0.00,0.00
7.3357,7.3236,12.0,0,-299.9,-155.4,2.7973,-77.9,401.7,2.7976,365.4,-162.2,-0.0000,286.8,409.5,0.0012,-131.8,-482.3,0,0.0,0.0,0.0000,0.00,0.00,0.00,0.00
7.3428,7.3407,2.1,0,-300.6,-155.5,2.7970,-71.6,398.8,2.7976,362.1,-170.9,-0.0000,289.3,407.8,0.0025,-134.5,-481.6,0,0.0,0.0,0.0000,0.00,0.00,0.00,0.00
7.3509,7.3490,1.9,0,-300.5,-155.1,2.7958,-68.7,397.4,2.7976,360.0,-174.5,-0.0000,291.7,406.1,0.0072,-136.7,-480.9,0,0.0,0.0,0.0000,0.00,0.00,0.00,0.00
7.3594,7.3574,2.0,0,-300.3,-155.0,2.7956,-65.6,395.9,2.7976,357.9,-178.3,0.0000,293.9,404.5,0.0082,-139.3,-480.2,0,0.0,0.0,0.0000,0.00,0.00,0.00,0.00
7.3669,7.3574,9.5,0,-300.3,-155.0,2.7956,-65.6,395.9,2.7976,357.9,-178.3,0.0000,296.0,403.0,0.0082,-141.8,-479.5,0,0.0,0.0,0.0000,0.00,0.00,0.00,0.00
7.3745,7.3664,8.1,0,-300.6,-155.2,2.7912,-62.4,394.3,2.7976,355.7,-182.1,0.0000,298.0,401.5,0.0256,-142.1,-479.4,0,0.0,0.0,0.0000,0.00,0.00,0.00,0.00
7.3829,7.3750,7.9,0,-300.2,-155.3,2.7967,-59.4,392.7,2.7976,353.7,-186.8,-0.0000,300.1,399.9,0.0037,-147.2,-477.8,0,0.0,0.0,0.0000,0.00,0.00,0.00,0.00
7.3906,7.3829,7.7,0,-300.3,-155.2,2.8015,-56.6,391.2,2.7976,351.9,-191.4,0.0000,302.4,398.2,-0.0156,-152.2,-476.3,0,0.0,0.0,0.0000,0.00,0.00,0.00,0.00
7.3988,7.3913,7.6,0,-300.4,-155.2,2.7953,-53.7,389.6,2.7976,349.7,-194.7,-0.0000,304.7,396.4,0.0095,-152.1,-476.3,0,0.0,0.0,0.0000,0.00,0.00,0.00,0.00
7.4076,7.3998,7.8,0,-300.2,-155.1,2.8030,-50.7,387.9,2.7976,347.4,-197.8,-0.0000,307.1,394.6,-0.0215,-158.5,-474.2,0,0.0,0.0,0.0000,0.00,0.00,0.00,0.00
7.4156,7.4083,7.3,0,-300.1,-155.6,2.7965,-47.7,386.2,2.7976,344.8,-202.0,-0.0000,308.9,393.2,0.0045,-157.7,-474.5,0,0.0,0.0,0.0000,0.00,0.00,0.00,0.00
7.4230,7.4166,6.4,0,-300.4,-155.2,2.7919,-44.9,384.5,2.7976,342.3,-206.0,-0.0000,311.0,391.5,0.0231,-158.1,-474.4,0,0.0,0.0,0.0000,0.00,0.00,0.00,0.00
7.4314,7.4250,6.4,0,-300.4,-155.2,2.7924,-42.0,382.8,2.7976,340.3,-210.2,-0.0000,313.3,389.7,0.0211,-161.1,-473.3,0,0.0,0.0,0.0000,0.00,0.00,0.00,0.00
7.4389,7.4337,5.2,0,-300.3,-154.9,2.8057,-39.1,380.9,2.7976,338.0,-214.4,-0.0000,315.6,387.8,-0.0324,-170.1,-470.2,0,0.0,0.0,0.0000,0.00,0.00,0.00,0.00
7.4465,7.4419,4.6,0,-300.1,-154.9,2.8022,-36.3,379.1,2.7976,335.7,-218.0,0.0000,317.5,386.3,-0.0183,-170.8,-469.9,0,0.0,0.0,0.0000,0.00,0.00,0.00,0.00
7.4556,7.4504,5.2,0,-300.1,-155.1,2.8011,-33.5,377.3,2.7976,333.3,-221.6,0.0000,319.7,384.4,-0.0137,-173.0,-469.1,0,0.0,0.0,0.0000,0.00,0.00,0.00,0.00
7.4631,7.4588,4.3,0,-300.4,-155.2,2.7985,-30.7,375.4,2.7976,330.6,-224.6,0.0000,321.7,382.7,-0.0036,-174.2,-468.7,0,0.0,0.0,0.0000,0.00,0.00,0.00,0.00
7.4713,7.4588,12.4,0,-300.4,-155.2,2.7985,-30.7,375.4,2.7976,330.6,-224.6,0.0000,323.9,380.9,-0.0036,-176.9,-467.7,0,0.0,0.0,0.0000,0.00,0.00,0.00,0.00
7.4791,7.4760,3.1,0,-300.4,-155.2,2.8027,-25.0,371.5,2.7976,325.6,-232.5,0.0000,325.9,379.2,-0.0203,-181.4,-465.9,0,0.0,0.0,0.0000,0.00,0.00,0.00,0.00
7.4877,7.4842,3.5,0,-299.9,-155.0,2.7961,-22.4,369.6,2.7976,323.0,-236.3,0.0000,328.0,377.3,0.0060,-180.9,-466.1,0,0.0,0.0,0.0000,0.00,0.00,0.00,0.00
7.4946,7.4926,2.0,0,-299.9,-154.9,2.8033,-19.7,367.6,2.7976,320.2,-240.4,0.0000,329.8,375.8,-0.0225,-186.4,-463.9,0,0.0,0.0,0.0000,0.00,0.00,0.00,0.00
7.5036,7.4926,10.9,0,-299.9,-154.9,2.8033,-19.7,367.6,2.7976,320.2,-240.4,0.0000,332.0,373.8,-0.0225,-189.1,-462.9,0,0.0,0.0,0.0000,0.00,0.00,0.00,0.00
7.5106,7.5014,9.2,0,-300.3,-155.1,2.8051,-16.9,365.4,2.7976,317.2,-243.9,-0.0000,333.9,372.1,-0.0300,-192.4,-461.5,0,0.0,0.0,0.0000,0.00,0.00,0.00,0.00
7.5198,7.5096,10.2,0,-300.5,-155.2,2.8004,-14.3,363.4,2.7976,314.2,-246.8,0.0000,336.6,369.8,-0.0112,-193.5,-461.1,0,0.0,0.0,0.0000,0.00,0.00,0.00,0.00
7.5268,7.5180,8.8,0,-300.8,-155.0,2.8000,-11.7,361.3,2.7976,311.8,-250.1,0.0000,338.5,368.0,-0.0094,-195.7,-460.1,0,0.0,0.0,0.0000,0.00,0.00,0.00,0.00
7.5347,7.5264,8.3,0,-300.5,-155.1,2.7923,-9.0,359.2,2.7976,310.0,-253.5,0.0000,340.2,366.4,0.0211,-194.3,-460.7,0,0.0,0.0,0.0000,0.00,0.00,0.00,0.00
7.5432,7.5351,8.1,0,-300.1,-155.0,2.7979,-6.4,357.0,2.7976,306.5,-257.2,-0.0000,342.1,364.6,-0.0012,-199.3,-458.6,0,0.0,0.0,0.0000,0.00,0.00,0.00,0.00
7.5510,7.5433,7.6,0,-300.1,-155.3,2.7963,-3.8,354.9,2.7976,303.0,-260.9,0.0000,344.0,362.9,0.0055,-200.8,-457.9,0,0.0,0.0,0.0000,0.00,0.00,0.00,0.00
7.5594,7.5518,7.6,0,-300.1,-154.7,2.8008,-1.3,352.6,2.7976,300.0,-264.4,0.0000,346.3,360.6,-0.0127,-205.9,-455.6,0,0.0,0.0,0.0000,0.00,0.00,0.00,0.00
7.5668,7.5602,6.6,0,-300.9,-155.4,2.7913,1.2,350.4,2.7976,297.0,-267.9,-0.0000,348.3,358.7,0.0253,-204.1,-456.5,0,0.0,0.0,0.0000,0.00,0.00,0.00,0.00
7.5747,7.5688,5.9,0,-300.4,-155.2,2.7996,3.8,348.1,2.7976,294.1,-271.1,0.0000,350.1,357.0,-0.0078,-210.1,-453.7,0,0.0,0.0,0.0000,0.00,0.00,0.00,0.00
7.5827,7.5771,5.6,0,-300.5,-155.2,2.7946,6.2,345.8,2.7976,291.3,-274.2,-0.0000,351.9,355.1,0.0120,-210.2,-453.7,0,0.0,0.0,0.0000,0.00,0.00,0.00,0.00
7.5917,7.5856,6.1,0,-300.7,-155.3,2.7919,8.6,343.5,2.7976,288.0,-277.1,0.0000,354.2,352.9,0.0231,-211.8,-452.9,0,0.0,0.0,0.0000,0.00,0.00,0.00,0.00
7.5992,7.5940,5.2,0,-300.0,-154.9,2.8002,11.1,341.1,2.7976,284.8,-280.2,-0.0000,356.0,351.1,-0.0101,-217.9,-450.0,0,0.0,0.0,0.0000,0.00,0.00,0.00,0.00
7.6069,7.6026,4.3,0,-300.3,-155.2,2.7945,13.5,338.7,2.7976,281.7,-284.6,0.0000,357.9,349.1,0.0126,-217.8,-450.1,0,0.0,0.0,0.0000,0.00,0.00,0.00,0.00
7.6149,7.6114,3.5,0,-300.4,-155.4,2.7960,16.0,336.2,2.7976,278.4,-288.2,0.0000,359.6,347.4,0.0065,-220.7,-448.7,0,0.0,0.0,0.0000,0.00,0.00,0.00,0.00
7.6229,7.6201,2.8,0,-300.3,-155.1,2.8029,18.4,333.7,2.7976,274.8,-290.4,0.0000,361.5,345.4,-0.0210,-226.2,-445.9,0,0.0,0.0,0.0000,0.00,0.00,0.00,0.00
7.6307,7.6278,3.0,0,-299.9,-155.2,2.7974,20.5,331.4,2.7976,271.8,-293.0,-0.0000,363.2,343.6,0.0011,-225.9,-446.0,0,0.0,0.0,0.0000,0.00,0.00,0.00,0.00
7.6396,7.6363,3.3,0,-300.0,-155.3,2.8018,22.8,328.9,2.7976,268.6,-296.2,0.0000,365.4,341.3,-0.0167,-230.7,-443.6,0,0.0,0.0,0.0000,0.00,0.00,0.00,0.00
7.6474,7.6449,2.5,0,-300.1,-155.1,2.7968,25.1,326.4,2.7976,265.4,-299.3,-0.0000,367.4,339.2,0.0032,-231.1,-443.4,0,0.0,0.0,0.0000,0.00,0.00,0.00,0.00
7.6552,7.6532,2.0,0,-300.2,-155.2,2.7975,27.2,323.9,2.7976,262.4,-302.4,-0.0000,369.2,337.2,0.0004,-233.8,-442.0,0,0.0,0.0,0.0000,0.00,0.00,0.00,0.00
7.6636,7.6616,1.9,0,-300.4,-155.5,2.7915,29.5,321.3,2.7976,258.7,-305.3,-0.0000,370.9,335.4,0.0246,-233.3,-442.2,0,0.0,0.0,0.0000,0.00,0.00,0.00,0.00
7.6714,7.6616,9.8,0,-300.4,-155.5,2.7915,29.5,321.3,2.7976,258.7,-305.3,-0.0000,372.7,333.3,0.0246,-235.7,-441.0,0,0.0,0.0,0.0000,0.00,0.00,0.00,0.00
7.6793,7.6701,9.2,0,-300.4,-155.2,2.8022,31.6,318.7,2.7976,254.6,-308.0,0.0000,374.8,331.0,-0.0182,-243.2,-436.9,0,0.0,0.0,0.0000,0.00,0.00,0.00,0.00
7.6868,7.6785,8.4,0,-300.3,-155.2,2.8015,33.7,316.1,2.7976,251.3,-311.0,-0.0000,376.5,329.1,-0.0154,-245.1,-435.8,0,0.0,0.0,0.0000,0.00,0.00,0.00,0.00
7.6953,7.6870,8.3,0,-300.1,-155.2,2.7992,35.9,313.5,2.7976,248.3,-314.4,-0.0000,378.2,327.1,-0.0064,-246.4,-435.1,0,0.0,0.0,0.0000,0.00,0.00,0.00,0.00
7.7037,7.6954,8.3,0,-300.0,-155.3,2.8012,37.9,310.8,2.7976,244.7,-316.5,-0.0000,380.0,324.9,-0.0144,-249.7,-433.2,0,0.0,0.0,0.0000,0.00,0.00,0.00,0.00
7.7115,7.7039,7.5,0,-300.4,-155.2,2.7995,40.0,308.1,2.7976,241.1,-318.4,0.0000,381.9,322.7,-0.0074,-251.5,-432.1,0,0.0,0.0,0.0000,0.00,0.00,0.00,0.00
7.7193,7.7123,7.0,0,-300.1,-155.1,2.8029,42.0,305.4,2.7976,237.1,-321.8,-0.0000,383.6,320.7,-0.0210,-255.3,-429.9,0,0.0,0.0,0.0000,0.00,0.00,0.00,0.00
7.7276,7.7208,6.8,0,-300.3,-155.0,2.8001,44.0,302.7,2.7976,233.1,-325.0,0.0000,385.6,318.4,-0.0100,-256.7,-429.1,0,0.0,0.0,0.0000,0.00,0.00,0.00,0.00
7.7347,7.7290,5.7,0,-300.0,-155.2,2.7971,45.9,300.0,2.7976,230.0,-327.5,0.0000,386.9,316.7,0.0021,-257.2,-428.8,0,0.0,0.0,0.0000,0.00,0.00,0.00,0.00
7.7433,7.7376,5.7,0,-300.0,-155.0,2.7977,47.9,297.1,2.7976,226.5,-330.2,0.0000,388.9,314.2,-0.0002,-260.2,-427.0,0,0.0,0.0,0.0000,0.00,0.00,0.00,0.00
7.7506,7.7459,4.7,0,-300.1,-155.0,2.8044,49.7,294.4,2.7976,222.4,-332.0,0.0000,390.5,312.2,-0.0269,-265.2,-423.9,0,0.0,0.0,0.0000,0.00,0.00,0.00,0.00
7.7589,7.7544,4.5,0,-300.2,-155.2,2.8005,51.6,291.6,2.7976,218.6,-334.2,-0.0000,392.2,310.1,-0.0115,-265.9,-423.4,0,0.0,0.0,0.0000,0.00,0.00,0.00,0.00
7.7671,7.7628,4.3,0,-300.2,-155.0,2.7983,53.4,288.8,2.7976,215.6,-337.0,0.0000,394.0,307.8,-0.0028,-267.4,-422.5,0,0.0,0.0,0.0000,0.00,0.00,0.00,0.00
7.7754,7.7713,4.1,0,-300.2,-155.0,2.8001,55.3,285.9,2.7976,211.9,-339.7,0.0000,395.8,305.5,-0.0097,-270.6,-420.4,0,0.0,0.0,0.0000,0.00,0.00,0.00,0.00
7.7831,7.7800,3.1,0,-300.2,-154.9,2.8006,57.1,282.9,2.7976,206.7,-342.6,-0.0000,397.5,303.4,-0.0120,-273.1,-418.8,0,0.0,0.0,0.0000,0.00,0.00,0.00,0.00
7.7910,7.7883,2.6,0,-300.7,-154.7,2.7977,58.8,280.0,2.7976,202.8,-344.8,-0.0000,399.4,300.8,-0.0003,-274.6,-417.9,0,0.0,0.0,0.0000,0.00,0.00,0.00,0.00
7.7990,7.7883,10.7,0,-300.7,-154.7,2.7977,58.8,280.0,2.7976,202.8,-344.8,-0.0000,401.0,298.6,-0.0003,-276.9,-416.3,0,0.0,0.0,0.0000,0.00,0.00,0.00,0.00
7.8079,7.8050,2.9,0,-300.1,-155.2,2.7983,62.1,274.3,2.7976,196.0,-348.5,0.0000,402.3,296.9,-0.0026,-278.9,-415.0,0,0.0,0.0,0.0000,0.00,0.00,0.00,0.00
7.8151,7.8050,10.1,0,-300.1,-155.2,2.7983,62.1,274.3,2.7976,196.0,-348.5,0.0000,403.8,294.9,-0.0026,-280.9,-413.6,0,0.0,0.0,0.0000,0.00,0.00,0.00,0.00
7.8234,7.8135,9.9,0,-300.4,-155.4,2.7982,63.8,271.3,2.7976,191.8,-351.2,0.0000,405.5,292.6,-0.0024,-283.3,-412.0,0,0.0,0.0,0.0000,0.00,0.00,0.00,0.00
7.8305,7.8219,8.6,0,-299.9,-154.9,2.7946,65.4,268.3,2.7976,187.9,-353.3,0.0000,407.0,290.5,0.0121,-283.9,-411.6,0,0.0,0.0,0.0000,0.00,0.00,0.00,0.00
7.8386,7.8304,8.2,0,-300.6,-155.0,2.7996,66.9,265.3,2.7976,184.1,-355.4,0.0000,408.9,287.7,-0.0077,-288.7,-408.2,0,0.0,0.0,0.0000,0.00,0.00,0.00,0.00
7.8475,7.8388,8.7,0,-300.0,-154.8,2.8014,68.5,262.3,2.7976,179.9,-357.4,-0.0000,410.6,285.4,-0.0149,-291.8,-406.0,0,0.0,0.0,0.0000,0.00,0.00,0.00,0.00
7.8547,7.8473,7.5,0,-300.3,-155.2,2.7967,70.0,259.3,2.7976,175.5,-359.4,0.0000,411.8,283.5,0.0039,-291.7,-406.1,0,0.0,0.0,0.0000,0.00,0.00,0.00,0.00
7.8625,7.8557,6.8,0,-300.1,-155.0,2.8015,71.4,256.2,2.7976,171.8,-361.2,0.0000,413.3,281.3,-0.0154,-295.8,-403.1,0,0.0,0.0,0.0000,0.00,0.00,0.00,0.00
7.8709,7.8642,6.7,0,-299.9,-154.9,2.7990,72.9,253.2,2.7976,168.1,-362.9,0.0000,415.0,278.9,-0.0056,-297.2,-402.1,0,0.0,0.0,0.0000,0.00,0.00,0.00,0.00
7.8791,7.8727,6.4,0,-300.1,-155.2,2.8002,74.3,250.1,2.7976,163.8,-365.0,0.0000,416.5,276.7,-0.0104,-299.8,-400.1,0,0.0,0.0,0.0000,0.00,0.00,0.00,0.00
7.8867,7.8811,5.6,0,-300.1,-154.7,2.8005,75.6,247.0,2.7976,159.6,-367.0,0.0000,418.1,274.1,-0.0113,-302.3,-398.2,0,0.0,0.0,0.0000,0.00,0.00,0.00,0.00
7.8952,7.8896,5.6,0,-300.3,-155.1,2.7973,77.0,243.9,2.7976,155.0,-368.5,-0.0000,419.6,271.9,0.0013,-303.2,-397.5,0,0.0,0.0,0.0000,0.00,0.00,0.00,0.00
7.9035,7.8980,5.5,0,-300.4,-155.1,2.7993,78.3,240.8,2.7976,150.6,-370.1,0.0000,421.2,269.4,-0.0067,-306.4,-395.1,0,0.0,0.0,0.0000,0.00,0.00,0.00,0.00
7.9110,7.9064,4.6,0,-300.0,-154.9,2.7986,79.5,237.7,2.7976,146.6,-371.7,0.0000,422.6,267.2,-0.0040,-308.1,-393.8,0,0.0,0.0,0.0000,0.00,0.00,0.00,0.00
7.9193,7.9149,4.4,0,-300.3,-155.3,2.7954,80.7,234.5,2.7976,142.5,-373.5,-0.0000,423.9,265.2,0.0087,-308.8,-393.3,0,0.0,0.0,0.0000,0.00,0.00,0.00,0.00
7.9274,7.9234,4.0,0,-300.4,-155.5,2.7890,81.9,231.3,2.7976,139.1,-375.4,0.0000,425.3,262.9,0.0347,-308.3,-393.6,0,0.0,0.0,0.0000,0.00,0.00,0.00,0.00
7.9354,7.9318,3.5,0,-300.3,-154.8,2.8013,83.1,228.2,2.7976,134.9,-377.0,0.0000,427.1,259.9,-0.0145,-315.8,-387.6,0,0.0,0.0,0.0000,0.00,0.00,0.00,0.00
7.9425,7.9403,2.2,0,-300.3,-155.2,2.7985,84.2,224.9,2.7976,129.6,-378.4,-0.0000,428.3,258.1,-0.0034,-316.5,-387.1,0,0.0,0.0,0.0000,0.00,0.00,0.00,0.00
7.9512,7.9487,2.5,0,-300.5,-155.1,2.8040,85.3,221.8,2.7976,125.4,-379.8,0.0000,430.0,255.2,-0.0254,-321.2,-383.2,0,0.0,0.0,0.0000,0.00,0.00,0.00,0.00
7.9594,7.9571,2.3,0,-300.1,-155.1,2.7988,86.3,218.6,2.7976,121.7,-381.2,-0.0000,431.3,253.0,-0.0049,-321.1,-383.2,0,0.0,0.0,0.0000,0.00,0.00,0.00,0.00
7.9671,7.9571,9.9,0,-300.1,-155.1,2.7988,86.3,218.6,2.7976,121.7,-381.2,-0.0000,432.5,250.9,-0.0049,-323.0,-381.6,0,0.0,0.0,0.0000,0.00,0.00,0.00,0.00
7.9745,7.9656,8.9,0,-300.0,-155.3,2.8018,87.3,215.3,2.7976,117.4,-382.5,0.0000,433.7,248.8,-0.0166,-326.0,-379.1,0,0.0,0.0,0.0000,0.00,0.00,0.00,0.00
7.9837,7.9740,9.7,0,-300.8,-155.3,2.7924,88.3,212.1,2.7976,113.1,-383.7,-0.0000,435.4,245.8,0.0208,-325.1,-379.9,0,0.0,0.0,0.0000,0.00,0.00,0.00,0.00
7.9910,7.9825,8.5,0,-300.4,-155.1,2.8019,89.3,208.8,2.7976,108.7,-385.0,-0.0000,436.7,243.5,-0.0171,-330.6,-375.1,0,0.0,0.0,0.0000,0.00,0.00,0.00,0.00
7.9995,7.9909,8.6,0,-300.3,-155.0,2.7982,90.1,205.6,2.7976,104.6,-386.3,0.0000,438.2,240.8,-0.0025,-331.6,-374.2,0,0.0,0.0,0.0000,0.00,0.00,0.00,0.00
8.0076,7.9994,8.2,0,-300.2,-155.0,2.8027,91.0,202.3,2.7976,99.6,-387.3,-0.0000,439.6,238.3,-0.0201,-335.3,-370.9,0,0.0,0.0,0.0000,0.00,0.00,0.00,0.00
8.0147,8.0078,6.9,0,-300.1,-155.2,2.8052,91.8,199.0,2.7976,94.4,-388.4,0.0000,440.6,236.4,-0.0302,-337.8,-368.6,0,0.0,0.0,0.0000,0.00,0.00,0.00,0.00
8.0231,8.0163,6.9,0,-300.2,-155.0,2.7997,92.6,195.8,2.7976,90.8,-389.4,-0.0000,442.1,233.6,-0.0084,-338.2,-368.3,0,0.0,0.0,0.0000,0.00,0.00,0.00,0.00
8.0313,8.0247,6.6,0,-300.5,-155.0,2.7960,93.4,192.5,2.7976,86.9,-390.5,-0.0000,443.4,231.0,0.0064,-338.9,-367.6,0,0.0,0.0,0.0000,0.00,0.00,0.00,0.00
8.0393,8.0332,6.1,0,-300.3,-155.2,2.8034,94.1,189.2,2.7976,82.7,-391.5,0.0000,444.5,228.9,-0.0231,-343.4,-363.4,0,0.0,0.0,0.0000,0.00,0.00,0.00,0.00
8.0474,8.0416,5.7,0,-300.1,-155.2,2.8004,94.8,185.9,2.7976,78.5,-392.4,-0.0000,445.8,226.5,-0.0109,-344.3,-362.6,0,0.0,0.0,0.0000,0.00,0.00,0.00,0.00
8.0557,8.0501,5.6,0,-300.1,-155.0,2.8021,95.4,182.5,2.7976,73.5,-393.0,0.0000,447.2,223.7,-0.0179,-347.1,-359.8,0,0.0,0.0,0.0000,0.00,0.00,0.00,0.00
8.0633,8.0586,4.7,0,-300.5,-155.0,2.8019,96.0,179.2,2.7976,68.7,-393.8,-0.0000,448.5,220.9,-0.0172,-349.3,-357.8,0,0.0,0.0,0.0000,0.00,0.00,0.00,0.00
8.0706,8.0670,3.6,0,-300.4,-154.9,2.8038,96.6,175.9,2.7976,64.2,-394.7,-0.0000,449.7,218.7,-0.0245,-351.8,-355.3,0,0.0,0.0,0.0000,0.00,0.00,0.00,0.00
8.0787,8.0755,3.2,0,-299.9,-155.0,2.8017,97.1,172.5,2.7976,59.8,-395.5,-0.0000,450.6,216.6,-0.0164,-352.7,-354.4,0,0.0,0.0,0.0000,0.00,0.00,0.00,0.00
8.0876,8.0839,3.7,0,-300.5,-155.3,2.7985,97.6,169.2,2.7976,55.9,-396.1,0.0000,451.9,213.9,-0.0034,-353.7,-353.5,0,0.0,0.0,0.0000,0.00,0.00,0.00,0.00
8.0948,8.0924,2.4,0,-300.4,-155.2,2.7952,98.0,165.8,2.7976,51.7,-396.7,0.0000,453.0,211.6,0.0096,-354.3,-352.9,0,0.0,0.0,0.0000,0.00,0.00,0.00,0.00
8.1025,8.0924,10.1,0,-300.4,-155.2,2.7952,98.0,165.8,2.7976,51.7,-396.7,0.0000,454.2,209.1,0.0096,-356.2,-350.9,0,0.0,0.0,0.0000,0.00,0.00,0.00,0.00
8.1108,8.1008,10.0,0,-300.3,-155.1,2.7972,98.5,162.5,2.7976,47.4,-397.2,0.0000,455.5,206.3,0.0015,-359.1,-347.9,0,0.0,0.0,0.0000,0.00,0.00,0.00,0.00
8.1196,8.1092,10.4,0,-300.1,-155.2,2.8007,98.8,159.1,2.7976,42.6,-397.7,-0.0000,456.7,203.6,-0.0124,-362.4,-344.5,0,0.0,0.0,0.0000,0.00,0.00,0.00,0.00
8.1278,8.1177,10.1,0,-300.2,-155.0,2.8048,99.2,155.8,2.7976,37.0,-398.5,-0.0000,457.9,200.7,-0.0286,-365.9,-340.8,0,0.0,0.0,0.0000,0.00,0.00,0.00,0.00
8.1348,8.1261,8.7,0,-300.4,-155.1,2.8022,99.5,152.4,2.7976,32.6,-398.8,-0.0000,458.8,198.6,-0.0184,-366.5,-340.1,0,0.0,0.0,0.0000,0.00,0.00,0.00,0.00
8.1428,8.1346,8.3,0,-300.7,-155.3,2.7916,99.7,149.0,2.7976,28.3,-398.9,-0.0000,459.9,196.2,0.0242,-364.7,-342.0,0,0.0,0.0,0.0000,0.00,0.00,0.00,0.00
8.1511,8.1434,7.7,0,-300.7,-154.9,2.8033,100.0,145.5,2.7976,24.2,-399.2,-0.0000,461.2,193.1,-0.0227,-371.0,-335.2,0,0.0,0.0,0.0000,0.00,0.00,0.00,0.00
8.1594,8.1515,7.8,0,-300.4,-154.7,2.8051,100.1,142.3,2.7976,20.7,-399.7,-0.0000,462.4,190.2,-0.0298,-373.7,-332.2,0,0.0,0.0,0.0000,0.00,0.00,0.00,0.00
8.1667,8.1599,6.8,0,-300.2,-155.0,2.7994,100.3,138.9,2.7976,15.6,-399.6,-0.0000,463.2,188.2,-0.0070,-373.2,-332.7,0,0.0,0.0,0.0000,0.00,0.00,0.00,0.00
8.1747,8.1684,6.3,0,-300.0,-154.8,2.7997,100.4,135.5,2.7976,10.6,-399.6,-0.0000,464.2,185.7,-0.0084,-375.1,-330.6,0,0.0,0.0,0.0000,0.00,0.00,0.00,0.00
8.1827,8.1770,5.8,0,-300.5,-155.1,2.7936,100.5,132.1,2.7976,6.0,-399.7,0.0000,465.2,183.3,0.0160,-374.8,-330.9,0,0.0,0.0,0.0000,0.00,0.00,0.00,0.00
8.1906,8.1853,5.3,0,-300.1,-154.9,2.7929,100.5,128.8,2.7976,1.5,-399.8,-0.0000,466.3,180.4,0.0190,-376.6,-328.9,0,0.0,0.0,0.0000,0.00,0.00,0.00,0.00
8.1997,8.1937,6.0,0,-299.9,-155.2,2.7995,100.5,125.4,2.7976,-2.7,-400.1,0.0000,467.3,177.8,-0.0073,-380.6,-324.3,0,0.0,0.0,0.0000,0.00,0.00,0.00,0.00
8.2077,8.1937,14.0,0,-299.9,-155.2,2.7995,100.5,125.4,2.7976,-2.7,-400.1,0.0000,468.2,175.4,-0.0073,-382.3,-322.3,0,0.0,0.0,0.0000,0.00,0.00,0.00,0.00
8.2149,8.2108,4.2,0,-299.9,-154.9,2.8028,100.4,118.6,2.7976,-11.6,-400.0,-0.0000,469.2,172.8,-0.0207,-385.1,-318.9,0,0.0,0.0,0.0000,0.00,0.00,0.00,0.00
8.2237,8.2191,4.6,0,-300.1,-155.2,2.7972,100.3,115.3,2.7976,-16.1,-399.7,0.0000,470.3,169.9,0.0019,-385.3,-318.7,0,0.0,0.0,0.0000,0.00,0.00,0.00,0.00
8.2315,8.2276,3.9,0,-300.0,-155.0,2.8011,100.1,111.9,2.7976,-21.2,-399.3,-0.0000,471.3,167.1,-0.0139,-388.4,-314.9,0,0.0,0.0,0.0000,0.00,0.00,0.00,0.00
8.2393,8.2276,11.7,0,-300.0,-155.0,2.8011,100.1,111.9,2.7976,-21.2,-399.3,-0.0000,472.2,164.5,-0.0139,-390.1,-312.7,0,0.0,0.0,0.0000,0.00,0.00,0.00,0.00
8.2467,8.2447,2.0,0,-300.1,-154.9,2.8049,99.7,105.0,2.7976,-29.6,-399.2,0.0000,473.0,162.0,-0.0289,-392.9,-309.2,0,0.0,0.0,0.0000,0.00,0.00,0.00,0.00
8.2552,8.2528,2.3,0,-300.6,-155.2,2.7937,99.4,101.8,2.7976,-34.0,-398.8,0.0000,473.9,159.3,0.0159,-391.2,-311.4,0,0.0,0.0,0.0000,0.00,0.00,0.00,0.00
8.2635,8.2613,2.2,0,-300.2,-155.0,2.8014,99.1,98.4,2.7976,-39.0,-398.0,0.0000,474.9,156.5,-0.0150,-395.5,-306.0,0,0.0,0.0,0.0000,0.00,0.00,0.00,0.00
8.2709,8.2613,9.6,0,-300.2,-155.0,2.8014,99.1,98.4,2.7976,-39.0,-398.0,0.0000,475.6,154.2,-0.0150,-396.9,-304.1,0,0.0,0.0,0.0000,0.00,0.00,0.00,0.00
8.2795,8.2702,9.2,0,-300.1,-155.0,2.8003,98.7,94.8,2.7976,-43.4,-397.5,-0.0000,476.6,151.3,-0.0107,-398.4,-302.1,0,0.0,0.0,0.0000,0.00,0.00,0.00,0.00
8.2876,8.2783,9.3,0,-300.2,-155.2,2.7979,98.4,91.7,2.7976,-46.9,-397.3,-0.0000,477.5,148.2,-0.0011,-399.6,-300.5,0,0.0,0.0,0.0000,0.00,0.00,0.00,0.00
8.2954,8.2867,8.7,0,-300.2,-154.9,2.8017,98.0,88.3,2.7976,-51.8,-396.5,0.0000,478.5,145.2,-0.0164,-402.7,-296.4,0,0.0,0.0,0.0000,0.00,0.00,0.00,0.00
8.3030,8.2951,7.9,0,-300.0,-155.0,2.8009,97.5,85.0,2.7976,-57.1,-395.7,-0.0000,479.1,143.1,-0.0131,-403.7,-294.9,0,0.0,0.0,0.0000,0.00,0.00,0.00,0.00
8.3109,8.3038,7.2,0,-300.2,-155.0,2.7933,97.0,81.6,2.7976,-61.5,-395.2,-0.0000,479.9,140.5,0.0172,-403.1,-295.8,0,0.0,0.0,0.0000,0.00,0.00,0.00,0.00
8.3190,8.3120,7.0,0,-300.4,-155.3,2.7997,96.5,78.3,2.7976,-65.7,-394.8,0.0000,480.5,138.2,-0.0082,-406.4,-291.3,0,0.0,0.0,0.0000,0.00,0.00,0.00,0.00
8.3276,8.3205,7.2,0,-300.1,-155.2,2.7972,95.9,75.0,2.7976,-70.0,-393.9,-0.0000,481.4,135.2,0.0016,-407.5,-289.8,0,0.0,0.0,0.0000,0.00,0.00,0.00,0.00
8.3355,8.3289,6.6,0,-300.3,-155.1,2.7950,95.3,71.6,2.7976,-74.2,-393.1,-0.0000,482.2,132.1,0.0106,-408.7,-288.0,0,0.0,0.0,0.0000,0.00,0.00,0.00,0.00
8.3429,8.3374,5.5,0,-300.1,-155.1,2.7980,94.6,68.3,2.7976,-78.9,-392.2,-0.0000,482.9,129.6,-0.0014,-411.0,-284.8,0,0.0,0.0,0.0000,0.00,0.00,0.00,0.00
8.3515,8.3458,5.7,0,-300.2,-154.9,2.8009,93.9,65.0,2.7976,-83.4,-391.2,-0.0000,483.8,126.4,-0.0129,-413.7,-280.8,0,0.0,0.0,0.0000,0.00,0.00,0.00,0.00
8.3592,8.3543,4.9,0,-300.2,-155.1,2.8011,93.2,61.7,2.7976,-87.9,-389.7,-0.0000,484.4,124.0,-0.0138,-415.2,-278.6,0,0.0,0.0,0.0000,0.00,0.00,0.00,0.00
8.3672,8.3627,4.5,0,-300.1,-155.1,2.8021,92.5,58.4,2.7976,-92.3,-388.6,0.0000,485.1,121.2,-0.0181,-417.0,-275.8,0,0.0,0.0,0.0000,0.00,0.00,0.00,0.00
8.3745,8.3713,3.2,0,-300.2,-155.0,2.7954,91.6,55.1,2.7976,-96.2,-388.8,0.0000,485.7,118.6,0.0088,-416.7,-276.4,0,0.0,0.0,0.0000,0.00,0.00,0.00,0.00
8.3832,8.3796,3.6,0,-300.1,-154.8,2.8031,90.8,51.9,2.7976,-100.3,-387.9,-0.0000,486.5,115.5,-0.0217,-420.5,-270.5,0,0.0,0.0,0.0000,0.00,0.00,0.00,0.00
8.3915,8.3881,3.4,0,-300.2,-155.0,2.7979,90.0,48.6,2.7976,-104.7,-386.0,0.0000,487.1,112.9,-0.0012,-420.6,-270.4,0,0.0,0.0,0.0000,0.00,0.00,0.00,0.00
8.3996,8.3965,3.1,0,-299.9,-154.8,2.8032,89.1,45.3,2.7976,-109.2,-384.5,0.0000,487.8,109.7,-0.0224,-423.7,-265.4,0,0.0,0.0,0.0000,0.00,0.00,0.00,0.00
8.4072,8.3965,10.7,0,-299.9,-154.8,2.8032,89.1,45.3,2.7976,-109.2,-384.5,0.0000,488.4,107.0,-0.0224,-425.2,-263.1,0,0.0,0.0,0.0000,0.00,0.00,0.00,0.00
8.4159,8.4134,2.5,0,-300.1,-155.0,2.8020,87.1,38.9,2.7976,-118.7,-381.9,-0.0000,489.1,104.0,-0.0173,-426.5,-261.0,0,0.0,0.0,0.0000,0.00,0.00,0.00,0.00
8.4225,8.4134,9.1,0,-300.1,-155.0,2.8020,87.1,38.9,2.7976,-118.7,-381.9,-0.0000,489.5,101.7,-0.0173,-427.7,-259.0,0,0.0,0.0,0.0000,0.00,0.00,0.00,0.00
8.4315,8.4219,9.6,0,-300.6,-155.5,2.7901,86.1,35.6,2.7976,-122.7,-381.0,0.0000,490.0,99.3,0.0299,-425.9,-262.0,0,0.0,0.0,0.0000,0.00,0.00,0.00,0.00
8.4396,8.4303,9.3,0,-300.6,-155.0,2.7998,85.1,32.4,2.7976,-126.7,-379.6,-0.0000,490.7,95.8,-0.0087,-430.3,-254.7,0,0.0,0.0,0.0000,0.00,0.00,0.00,0.00
8.4473,8.4387,8.6,0,-300.4,-154.8,2.7979,84.0,29.2,2.7976,-130.6,-378.1,-0.0000,491.3,92.8,-0.0010,-431.3,-252.9,0,0.0,0.0,0.0000,0.00,0.00,0.00,0.00
8.4547,8.4472,7.5,0,-300.2,-155.4,2.7880,82.8,26.0,2.7976,-135.1,-376.5,-0.0000,491.7,91.0,0.0387,-429.7,-255.6,0,0.0,0.0,0.0000,0.00,0.00,0.00,0.00
8.4628,8.4556,7.2,0,-301.0,-155.2,2.7936,81.7,22.9,2.7976,-139.4,-375.0,-0.0000,492.2,87.8,0.0160,-432.8,-250.4,0,0.0,0.0,0.0000,0.00,0.00,0.00,0.00
8.4713,8.4641,7.3,0,-300.2,-154.9,2.8049,80.5,19.7,2.7976,-143.7,-373.1,-0.0000,492.8,84.5,-0.0292,-437.2,-242.5,0,0.0,0.0,0.0000,0.00,0.00,0.00,0.00
8.4794,8.4727,6.7,0,-299.9,-154.8,2.8042,79.2,16.5,2.7976,-148.0,-371.1,-0.0000,493.4,81.3,-0.0263,-438.6,-240.0,0,0.0,0.0,0.0000,0.00,0.00,0.00,0.00
8.4868,8.4810,5.8,0,-300.5,-155.0,2.7909,78.0,13.4,2.7976,-151.9,-369.8,-0.0000,493.8,78.8,0.0270,-436.6,-243.6,0,0.0,0.0,0.0000,0.00,0.00,0.00,0.00
8.4946,8.4894,5.2,0,-300.1,-155.1,2.7981,76.7,10.3,2.7976,-156.0,-368.4,-0.0000,494.1,76.6,-0.0019,-439.4,-238.5,0,0.0,0.0,0.0000,0.00,0.00,0.00,0.00
8.5027,8.4984,4.3,0,-300.3,-155.0,2.7988,75.3,7.0,2.7976,-160.0,-366.5,-0.0000,494.6,73.5,-0.0047,-441.1,-235.5,0,0.0,0.0,0.0000,0.00,0.00,0.00,0.00
8.5110,8.5072,3.8,0,-300.2,-155.0,2.8026,73.9,3.8,2.7976,-164.2,-364.6,-0.0000,495.0,70.2,-0.0200,-443.5,-230.8,0,0.0,0.0,0.0000,0.00,0.00,0.00,0.00
8.5192,8.5149,4.4,0,-300.3,-155.4,2.7980,72.6,1.0,2.7976,-168.6,-362.7,0.0000,495.4,67.8,-0.0014,-443.6,-230.7,0,0.0,0.0,0.0000,0.00,0.00,0.00,0.00
8.5270,8.5233,3.7,0,-300.2,-155.1,2.7990,71.1,-2.0,2.7976,-173.1,-360.8,0.0000,495.8,64.5,-0.0053,-445.4,-227.3,0,0.0,0.0,0.0000,0.00,0.00,0.00,0.00
8.5354,8.5317,3.7,0,-300.4,-155.2,2.7936,69.7,-5.1,2.7976,-177.4,-359.1,-0.0000,496.2,61.6,0.0163,-445.4,-227.2,0,0.0,0.0,0.0000,0.00,0.00,0.00,0.00
8.5426,8.5402,2.4,0,-300.2,-154.9,2.8036,68.1,-8.1,2.7976,-181.3,-357.0,-0.0000,496.5,58.9,-0.0237,-448.9,-220.3,0,0.0,0.0,0.0000,0.00,0.00,0.00,0.00
8.5507,8.5486,2.0,0,-300.5,-154.9,2.8027,66.6,-11.1,2.7976,-184.2,-354.5,-0.0000,496.8,56.1,-0.0204,-450.0,-218.0,0,0.0,0.0,0.0000,0.00,0.00,0.00,0.00
8.5588,8.5570,1.8,0,-300.0,-155.0,2.8029,65.0,-14.1,2.7976,-188.1,-352.5,-0.0000,497.2,53.1,-0.0213,-451.3,-215.3,0,0.0,0.0,0.0000,0.00,0.00,0.00,0.00
8.5675,8.5570,10.5,0,-300.0,-155.0,2.8029,65.0,-14.1,2.7976,-188.1,-352.5,-0.0000,497.5,49.9,-0.0213,-452.7,-212.4,0,0.0,0.0,0.0000,0.00,0.00,0.00,0.00
8.5747,8.5655,9.2,0,-300.3,-154.8,2.8043,63.4,-17.1,2.7976,-192.6,-350.9,-0.0000,497.8,47.0,-0.0267,-454.2,-209.1,0,0.0,0.0,0.0000,0.00,0.00,0.00,0.00
8.5836,8.5739,9.6,0,-300.2,-155.1,2.7972,61.8,-20.0,2.7976,-196.7,-348.5,0.0000,498.0,44.1,0.0019,-453.9,-209.7,0,0.0,0.0,0.0000,0.00,0.00,0.00,0.00
8.5909,8.5824,8.5,0,-299.9,-154.9,2.8049,60.1,-23.0,2.7976,-200.7,-345.8,-0.0000,498.4,40.5,-0.0292,-457.0,-202.8,0,0.0,0.0,0.0000,0.00,0.00,0.00,0.00
8.5996,8.5909,8.7,0,-300.2,-154.8,2.8038,58.4,-25.9,2.7976,-204.5,-343.7,-0.0000,498.6,37.2,-0.0246,-458.1,-200.4,0,0.0,0.0,0.0000,0.00,0.00,0.00,0.00
8.6070,8.5993,7.7,0,-300.2,-155.3,2.7982,56.6,-28.7,2.7976,-208.3,-341.8,0.0000,498.7,36.2,-0.0025,-457.4,-202.0,0,0.0,0.0,0.0000,0.00,0.00,0.00,0.00
8.6155,8.6077,7.8,0,-300.8,-155.1,2.7931,54.9,-31.6,2.7976,-212.0,-339.4,-0.0000,498.9,32.6,0.0183,-457.8,-201.0,0,0.0,0.0,0.0000,0.00,0.00,0.00,0.00
8.6232,8.6162,7.0,0,-300.7,-155.2,2.7973,53.0,-34.5,2.7976,-215.7,-337.0,-0.0000,499.2,29.1,0.0013,-460.1,-195.8,0,0.0,0.0,0.0000,0.00,0.00,0.00,0.00
8.6308,8.6246,6.2,0,-300.1,-154.8,2.8025,51.2,-37.3,2.7976,-219.7,-334.1,0.0000,499.3,25.5,-0.0196,-462.4,-190.2,0,0.0,0.0,0.0000,0.00,0.00,0.00,0.00
8.6389,8.6331,5.8,0,-300.4,-155.1,2.7961,49.3,-40.1,2.7976,-223.6,-331.3,0.0000,499.4,23.5,0.0059,-462.0,-191.2,0,0.0,0.0,0.0000,0.00,0.00,0.00,0.00
8.6470,8.6415,5.5,0,-300.2,-155.0,2.7988,47.4,-42.9,2.7976,-227.2,-329.1,-0.0000,499.6,20.3,-0.0048,-463.7,-187.1,0,0.0,0.0,0.0000,0.00,0.00,0.00,0.00
8.6557,8.6500,5.7,0,-300.3,-155.1,2.7996,45.5,-45.7,2.7976,-231.0,-326.7,-0.0000,499.7,17.0,-0.0078,-465.1,-183.6,0,0.0,0.0,0.0000,0.00,0.00,0.00,0.00
8.6632,8.6585,4.8,0,-300.6,-154.6,2.8005,43.5,-48.4,2.7976,-234.6,-323.8,0.0000,499.8,13.2,-0.0115,-466.6,-179.6,0,0.0,0.0,0.0000,0.00,0.00,0.00,0.00
8.6714,8.6669,4.5,0,-300.2,-155.4,2.8001,41.5,-51.2,2.7976,-238.1,-321.2,-0.0000,499.8,12.3,-0.0100,-466.9,-179.0,0,0.0,0.0,0.0000,0.00,0.00,0.00,0.00
8.6788,8.6754,3.4,0,-300.4,-155.1,2.7982,39.5,-53.9,2.7976,-241.3,-319.4,0.0000,499.9,8.9,-0.0022,-467.7,-176.7,0,0.0,0.0,0.0000,0.00,0.00,0.00,0.00
8.6867,8.6838,2.9,0,-300.4,-155.2,2.7907,37.5,-56.6,2.7976,-244.9,-316.6,-0.0000,500.0,5.3,0.0276,-467.7,-176.9,0,0.0,0.0,0.0000,0.00,0.00,0.00,0.00
8.6946,8.6922,2.3,0,-299.9,-154.9,2.7985,35.4,-59.2,2.7976,-249.4,-312.3,0.0000,500.0,1.5,-0.0034,-470.3,-169.6,0,0.0,0.0,0.0000,0.00,0.00,0.00,0.00
8.7030,8.7007,2.3,0,-300.5,-154.8,2.8049,33.3,-61.8,2.7976,-252.8,-309.6,-0.0000,500.0,-1.4,-0.0290,-472.4,-163.9,0,0.0,0.0,0.0000,0.00,0.00,0.00,0.00
8.7111,8.7091,2.0,0,-300.2,-154.9,2.7996,31.1,-64.4,2.7976,-255.6,-308.1,-0.0000,500.0,-4.4,-0.0078,-472.5,-163.6,0,0.0,0.0,0.0000,0.00,0.00,0.00,0.00
8.7196,8.7091,10.4,0,-300.2,-154.9,2.7996,31.1,-64.4,2.7976,-255.6,-308.1,-0.0000,499.9,-7.7,-0.0078,-473.6,-160.5,0,0.0,0.0,0.0000,0.00,0.00,0.00,0.00
8.7272,8.7176,9.6,0,-300.7,-155.0,2.8018,28.9,-67.0,2.7976,-258.9,-305.1,-0.0000,499.9,-10.5,-0.0167,-474.8,-156.7,0,0.0,0.0,0.0000,0.00,0.00,0.00,0.00
8.7349,8.7260,8.8,0,-300.2,-155.0,2.7971,26.7,-69.6,2.7976,-262.1,-301.4,-0.0000,499.8,-13.5,0.0021,-475.0,-156.1,0,0.0,0.0,0.0000,0.00,0.00,0.00,0.00
8.7426,8.7345,8.1,0,-300.5,-155.1,2.7958,24.5,-72.1,2.7976,-266.0,-298.5,0.0000,499.7,-16.4,0.0071,-475.7,-153.9,0,0.0,0.0,0.0000,0.00,0.00,0.00,0.00
8.7516,8.7429,8.6,0,-300.1,-155.1,2.7983,22.2,-74.6,2.7976,-270.3,-296.0,0.0000,499.6,-20.1,-0.0028,-477.2,-149.3,0,0.0,0.0,0.0000,0.00,0.00,0.00,0.00
8.7590,8.7514,7.6,0,-300.2,-155.1,2.7990,19.9,-77.1,2.7976,-273.1,-292.4,-0.0000,499.5,-22.8,-0.0056,-478.1,-146.3,0,0.0,0.0,0.0000,0.00,0.00,0.00,0.00
8.7675,8.7598,7.7,0,-300.4,-154.9,2.8005,17.6,-79.6,2.7976,-275.9,-288.7,-0.0000,499.3,-26.6,-0.0115,-479.4,-141.9,0,0.0,0.0,0.0000,0.00,0.00,0.00,0.00
8.7756,8.7683,7.3,0,-300.2,-154.9,2.8054,15.3,-82.0,2.7976,-279.3,-286.3,-0.0000,499.1,-29.9,-0.0310,-481.0,-136.4,0,0.0,0.0,0.0000,0.00,0.00,0.00,0.00
8.7836,8.7767,6.8,0,-300.3,-155.1,2.8043,12.9,-84.4,2.7976,-282.6,-283.9,0.0000,499.0,-32.0,-0.0266,-481.4,-135.0,0,0.0,0.0,0.0000,0.00,0.00,0.00,0.00
8.7917,8.7852,6.5,0,-300.4,-155.2,2.7928,10.5,-86.8,2.7976,-285.4,-280.1,0.0000,498.8,-35.2,0.0192,-480.8,-137.3,0,0.0,0.0,0.0000,0.00,0.00,0.00,0.00
8.7994,8.7936,5.8,0,-300.1,-155.1,2.7994,8.1,-89.2,2.7976,-288.4,-276.6,-0.0000,498.5,-39.2,-0.0070,-482.7,-130.3,0,0.0,0.0,0.0000,0.00,0.00,0.00,0.00
8.8069,8.8021,4.8,0,-300.4,-154.9,2.8028,5.6,-91.5,2.7976,-292.0,-273.3,0.0000,498.2,-42.7,-0.0207,-484.1,-125.3,0,0.0,0.0,0.0000,0.00,0.00,0.00,0.00
8.8150,8.8105,4.4,0,-299.9,-155.4,2.7958,3.1,-93.8,2.7976,-295.3,-270.0,-0.0000,498.0,-45.0,0.0073,-483.8,-126.4,0,0.0,0.0,0.0000,0.00,0.00,0.00,0.00
8.8234,8.8105,12.9,0,-299.9,-155.4,2.7958,3.1,-93.8,2.7976,-295.3,-270.0,-0.0000,497.7,-48.2,0.0073,-484.6,-123.3,0,0.0,0.0,0.0000,0.00,0.00,0.00,0.00
8.8307,8.8275,3.2,0,-300.1,-155.2,2.7977,-1.9,-98.3,2.7976,-301.3,-263.6,0.0000,497.4,-51.1,-0.0004,-485.5,-119.5,0,0.0,0.0,0.0000,0.00,0.00,0.00,0.00
8.8397,8.8359,3.8,0,-300.6,-154.9,2.8025,-4.5,-100.5,2.7976,-303.7,-260.2,-0.0000,496.9,-55.4,-0.0196,-487.0,-113.1,0,0.0,0.0,0.0000,0.00,0.00,0.00,0.00
8.8468,8.8445,2.3,0,-300.1,-155.2,2.8004,-7.1,-102.7,2.7976,-306.5,-256.7,0.0000,496.6,-57.8,-0.0112,-487.4,-111.7,0,0.0,0.0,0.0000,0.00,0.00,0.00,0.00
8.8556,8.8528,2.8,0,-300.3,-155.4,2.7983,-9.6,-104.9,2.7976,-309.6,-253.3,-0.0000,496.2,-61.2,-0.0026,-487.9,-109.4,0,0.0,0.0,0.0000,0.00,0.00,0.00,0.00
8.8628,8.8528,10.0,0,-300.3,-155.4,2.7983,-9.6,-104.9,2.7976,-309.6,-253.3,-0.0000,495.8,-65.0,-0.0026,-488.7,-105.6,0,0.0,0.0,0.0000,0.00,0.00,0.00,0.00
8.8709,8.8612,9.6,0,-300.2,-154.8,2.8019,-12.3,-107.0,2.7976,-312.4,-249.6,-0.0000,495.1,-70.2,-0.0169,-490.1,-98.8,0,0.0,0.0,0.0000,0.00,0.00,0.00,0.00
8.8788,8.8697,9.1,0,-300.5,-155.0,2.7964,-14.9,-109.1,2.7976,-315.2,-245.5,0.0000,494.8,-72.3,0.0050,-490.0,-99.4,0,0.0,0.0,0.0000,0.00,0.00,0.00,0.00
8.8877,8.8783,9.4,0,-300.5,-154.9,2.8033,-17.7,-111.2,2.7976,-318.3,-242.1,-0.0000,494.0,-76.0,-0.0226,-491.2,-92.3,0,0.0,0.0,0.0000,0.00,0.00,0.00,0.00
8.8957,8.8866,9.1,0,-300.4,-155.1,2.7898,-20.3,-113.2,2.7976,-321.6,-239.2,-0.0000,483.1,-77.0,0.0313,-480.0,-94.2,0,0.0,0.0,0.0000,0.00,0.00,0.00,0.00
8.9029,8.8950,7.8,0,-300.4,-155.3,2.8018,-23.0,-115.2,2.7976,-323.5,-235.7,0.0000,473.9,-78.2,-0.0166,-472.9,-84.2,0,0.0,0.0,0.0000,0.00,0.00,0.00,0.00
8.9117,8.9035,8.2,0,-300.1,-155.0,2.7995,-25.8,-117.1,2.7976,-324.9,-232.4,-0.0000,462.3,-81.8,-0.0075,-462.9,-78.0,0,0.0,0.0,0.0000,0.00,0.00,0.00,0.00
8.9187,8.9120,6.7,0,-300.4,-154.9,2.8006,-28.6,-119.1,2.7976,-328.6,-227.8,0.0000,454.4,-83.5,-0.0119,-456.2,-73.3,0,0.0,0.0,0.0000,0.00,0.00,0.00,0.00
8.9272,8.9204,6.7,0,-300.2,-154.8,2.8051,-31.3,-121.0,2.7976,-332.2,-223.3,0.0000,443.9,-85.8,-0.0298,-447.4,-65.6,0,0.0,0.0,0.0000,0.00,0.00,0.00,0.00
8.9354,8.9288,6.6,0,-300.1,-155.1,2.7987,-34.1,-122.9,2.7976,-334.1,-219.9,0.0000,433.3,-86.2,-0.0043,-437.1,-64.5,0,0.0,0.0,0.0000,0.00,0.00,0.00,0.00
8.9433,8.9373,6.0,0,-300.1,-155.0,2.7924,-37.0,-124.7,2.7976,-336.3,-216.3,-0.0000,423.8,-87.2,0.0208,-428.1,-63.1,0,0.0,0.0,0.0000,0.00,0.00,0.00,0.00
8.9506,8.9459,4.6,0,-300.2,-155.0,2.8023,-39.9,-126.6,2.7976,-338.8,-213.2,0.0000,414.9,-88.0,-0.0186,-420.6,-55.1,0,0.0,0.0,0.0000,0.00,0.00,0.00,0.00
8.9596,8.9542,5.4,0,-300.0,-154.9,2.8044,-42.7,-128.3,2.7976,-341.0,-209.9,-0.0000,402.0,-89.9,-0.0270,-409.1,-48.2,0,0.0,0.0,0.0000,0.00,0.00,0.00,0.00
8.9675,8.9626,4.8,0,-300.5,-154.9,2.8045,-45.6,-130.1,2.7976,-342.7,-205.4,0.0000,393.9,-90.9,-0.0275,-401.8,-44.5,0,0.0,0.0,0.0000,0.00,0.00,0.00,0.00
8.9751,8.9713,3.8,0,-300.5,-155.0,2.7989,-48.6,-131.8,2.7976,-345.0,-201.1,-0.0000,385.0,-91.8,-0.0049,-393.5,-42.9,0,0.0,0.0,0.0000,0.00,0.00,0.00,0.00
8.9829,8.9797,3.2,0,-300.2,-154.9,2.7967,-51.5,-133.5,2.7976,-348.1,-196.8,-0.0000,374.5,-92.9,0.0037,-383.9,-39.2,0,0.0,0.0,0.0000,0.00,0.00,0.00,0.00
8.9913,8.9880,3.4,0,-300.0,-155.1,2.7984,-54.3,-135.1,2.7976,-350.5,-193.0,-0.0000,363.5,-93.1,-0.0031,-373.6,-34.6,0,0.0,0.0,0.0000,0.00,0.00,0.00,0.00
8.9986,8.9965,2.1,0,-300.4,-155.2,2.8040,-57.3,-136.7,2.7976,-352.7,-189.6,0.0000,355.5,-93.4,-0.0254,-366.4,-29.7,0,0.0,0.0,0.0000,0.00,0.00,0.00,0.00
9.0068,8.9965,10.3,0,-300.4,-155.2,2.8040,-57.3,-136.7,2.7976,-352.7,-189.6,0.0000,344.5,-93.9,-0.0254,-356.2,-25.6,0,0.0,0.0,0.0000,0.00,0.00,0.00,0.00
9.0153,9.0133,2.0,0,-300.1,-155.2,2.7968,-63.3,-139.9,2.7976,-356.3,-182.3,-0.0000,332.9,-94.3,0.0031,-345.2,-23.8,0,0.0,0.0,0.0000,0.00,0.00,0.00,0.00
9.0227,9.0133,9.4,0,-300.1,-155.2,2.7968,-63.3,-139.9,2.7976,-356.3,-182.3,-0.0000,324.0,-94.4,0.0031,-336.9,-20.7,0,0.0,0.0,0.0000,0.00,0.00,0.00,0.00
9.0307,9.0302,0.5,0,-300.0,-155.2,2.7979,-69.4,-142.9,2.7976,-359.9,-173.1,0.0000,313.8,-94.6,-0.0009,-327.3,-16.6,0,0.0,0.0,0.0000,0.00,0.00,0.00,0.00
9.0394,9.0302,9.2,0,-300.0,-155.2,2.7979,-69.4,-142.9,2.7976,-359.9,-173.1,0.0000,303.0,-95.3,-0.0009,-317.4,-12.4,0,0.0,0.0,0.0000,0.00,0.00,0.00,0.00
9.0467,9.0390,7.7,0,-300.2,-155.0,2.8030,-72.5,-144.4,2.7976,-362.4,-168.9,-0.0000,294.3,-95.9,-0.0214,-309.4,-7.3,0,0.0,0.0,0.0000,0.00,0.00,0.00,0.00
9.0557,9.0471,8.6,0,-300.3,-155.1,2.8014,-75.5,-145.7,2.7976,-365.1,-165.1,0.0000,283.2,-94.6,-0.0149,-298.5,-5.3,0,0.0,0.0,0.0000,0.00,0.00,0.00,0.00
9.0630,9.0556,7.4,0,-299.9,-155.0,2.8031,-78.6,-147.1,2.7976,-366.3,-161.1,0.0000,272.8,-94.5,-0.0220,-288.7,-1.5,0,0.0,0.0,0.0000,0.00,0.00,0.00,0.00
9.0706,9.0640,6.6,0,-300.1,-155.1,2.8020,-81.7,-148.5,2.7976,-367.6,-157.1,0.0000,263.1,-93.6,-0.0175,-279.3,0.7,0,0.0,0.0,0.0000,0.00,0.00,0.00,0.00
9.0791,9.0727,6.4,0,-300.2,-155.4,2.7957,-84.9,-149.8,2.7976,-369.3,-152.9,-0.0000,253.0,-92.5,0.0078,-269.4,1.2,0,0.0,0.0,0.0000,0.00,0.00,0.00,0.00
9.0867,9.0809,5.8,0,-300.1,-155.4,2.7990,-87.9,-151.0,2.7976,-371.0,-148.9,0.0000,243.9,-92.8,-0.0053,-260.9,5.4,0,0.0,0.0,0.0000,0.00,0.00,0.00,0.00
9.0951,9.0894,5.7,0,-300.6,-155.3,2.7864,-91.1,-152.3,2.7976,-373.1,-144.6,-0.0000,235.0,-92.6,0.0448,-252.6,5.1,0,0.0,0.0,0.0000,0.00,0.00,0.00,0.00
9.1034,9.0978,5.6,0,-300.9,-155.5,2.7944,-94.2,-153.5,2.7976,-375.1,-140.4,0.0000,225.2,-91.2,0.0128,-242.8,9.2,0,0.0,0.0,0.0000,0.00,0.00,0.00,0.00
9.1114,9.1064,5.0,0,-300.1,-155.1,2.7975,-97.4,-154.7,2.7976,-376.1,-136.0,0.0000,212.5,-91.2,0.0004,-230.8,14.2,0,0.0,0.0,0.0000,0.00,0.00,0.00,0.00
9.1192,9.1147,4.5,0,-300.2,-154.9,2.7991,-100.6,-155.8,2.7976,-377.4,-131.8,-0.0000,202.2,-89.8,-0.0057,-220.6,16.7,0,0.0,0.0,0.0000,0.00,0.00,0.00,0.00
9.1276,9.1231,4.4,0,-300.4,-154.8,2.7968,-103.8,-156.9,2.7976,-378.8,-128.1,-0.0000,192.6,-88.7,0.0032,-211.3,18.4,0,0.0,0.0,0.0000,0.00,0.00,0.00,0.00
9.1356,9.1316,4.0,0,-300.2,-155.1,2.7997,-107.0,-157.9,2.7976,-380.2,-123.8,0.0000,183.4,-86.8,-0.0084,-201.9,20.3,0,0.0,0.0,0.0000,0.00,0.00,0.00,0.00
9.1427,9.1402,2.5,0,-300.6,-155.2,2.7879,-110.2,-159.0,2.7976,-381.7,-118.7,-0.0000,175.6,-85.8,0.0389,-194.5,19.6,0,0.0,0.0,0.0000,0.00,0.00,0.00,0.00
9.1507,9.1485,2.2,0,-300.0,-154.9,2.8030,-113.4,-160.0,2.7976,-383.2,-114.2,0.0000,162.8,-85.9,-0.0214,-182.1,26.9,0,0.0,0.0,0.0000,0.00,0.00,0.00,0.00
9.1588,9.1485,10.3,0,-300.0,-154.9,2.8030,-113.4,-160.0,2.7976,-383.2,-114.2,0.0000,152.5,-84.4,-0.0214,-171.9,29.0,0,0.0,0.0,0.0000,0.00,0.00,0.00,0.00
9.1667,9.1570,9.7,0,-300.0,-155.0,2.8048,-116.7,-160.9,2.7976,-385.0,-109.7,0.0000,143.6,-82.2,-0.0287,-162.7,30.1,0,0.0,0.0,0.0000,0.00,0.00,0.00,0.00
9.1752,9.1655,9.8,0,-300.5,-155.3,2.7969,-120.0,-161.8,2.7976,-386.0,-105.7,-0.0000,134.5,-78.9,0.0030,-153.2,28.9,0,0.0,0.0,0.0000,0.00,0.00,0.00,0.00
9.1837,9.1739,9.9,0,-300.2,-155.1,2.8001,-123.2,-162.7,2.7976,-386.4,-102.2,0.0000,122.7,-77.1,-0.0099,-141.4,31.6,0,0.0,0.0,0.0000,0.00,0.00,0.00,0.00
9.1915,9.1823,9.1,0,-300.1,-154.8,2.8063,-126.5,-163.5,2.7976,-387.6,-98.0,0.0000,113.1,-76.1,-0.0346,-131.8,34.7,0,0.0,0.0,0.0000,0.00,0.00,0.00,0.00
9.1996,9.1907,8.8,0,-300.1,-155.2,2.7994,-129.7,-164.3,2.7976,-388.9,-93.8,0.0000,103.3,-73.6,-0.0072,-122.0,34.7,0,0.0,0.0,0.0000,0.00,0.00,0.00,0.00
9.2069,9.1992,7.7,0,-299.8,-155.3,2.8013,-133.0,-165.1,2.7976,-390.3,-88.7,-0.0000,93.8,-71.7,-0.0146,-112.3,36.3,0,0.0,0.0,0.0000,0.00,0.00,0.00,0.00
9.2154,9.2077,7.7,0,-300.0,-155.0,2.7952,-136.4,-165.8,2.7976,-391.9,-83.4,0.0000,83.6,-70.4,0.0097,-102.6,37.8,0,0.0,0.0,0.0000,0.00,0.00,0.00,0.00
9.2232,9.2161,7.2,0,-300.1,-154.7,2.7982,-139.7,-166.5,2.7976,-391.9,-79.3,-0.0000,74.1,-68.7,-0.0023,-92.9,39.7,0,0.0,0.0,0.0000,0.00,0.00,0.00,0.00
9.2306,9.2245,6.0,0,-300.4,-155.3,2.7955,-143.0,-167.2,2.7976,-391.9,-75.0,-0.0000,66.1,-64.4,0.0086,-84.1,38.2,0,0.0,0.0,0.0000,0.00,0.00,0.00,0.00
9.2397,9.2330,6.7,0,-300.1,-154.8,2.8022,-146.3,-167.8,2.7976,-393.7,-71.1,-0.0000,54.0,-62.6,-0.0182,-71.8,41.1,0,0.0,0.0,0.0000,0.00,0.00,0.00,0.00
9.2473,9.2415,5.8,0,-299.9,-154.8,2.7980,-149.7,-168.4,2.7976,-395.1,-67.1,-0.0000,43.7,-59.7,-0.0016,-61.3,41.5,0,0.0,0.0,0.0000,0.00,0.00,0.00,0.00
9.2554,9.2499,5.5,0,-299.9,-154.6,2.8082,-152.9,-168.9,2.7976,-395.1,-62.3,-0.0000,34.1,-57.7,-0.0421,-51.1,43.3,0,0.0,0.0,0.0000,0.00,0.00,0.00,0.00
9.2630,9.2583,4.6,0,-300.5,-155.1,2.7958,-156.3,-169.4,2.7976,-395.6,-57.5,-0.0000,27.2,-54.0,0.0074,-43.9,41.6,0,0.0,0.0,0.0000,0.00,0.00,0.00,0.00
9.2714,9.2668,4.6,0,-299.8,-154.9,2.7975,-159.6,-169.9,2.7976,-396.5,-52.5,0.0000,15.0,-51.4,0.0005,-31.4,43.4,0,0.0,0.0,0.0000,0.00,0.00,0.00,0.00
9.2786,9.2753,3.3,0,-300.0,-155.1,2.7949,-163.0,-170.3,2.7976,-397.1,-47.9,0.0000,6.9,-48.0,0.0108,-22.7,42.8,0,0.0,0.0,0.0000,0.00,0.00,0.00,0.00
9.2869,9.2837,3.2,0,-300.6,-155.4,2.7903,-166.4,-170.7,2.7976,-397.3,-44.3,-0.0000,-1.0,-43.6,0.0291,-14.0,41.3,0,0.0,0.0,0.0000,0.00,0.00,0.00,0.00
9.2956,9.2922,3.4,0,-300.3,-155.3,2.7871,-169.7,-171.1,2.7976,-397.7,-40.1,0.0000,-11.9,-39.9,0.0421,-2.7,41.5,0,0.0,0.0,0.0000,0.00,0.00,0.00,0.00
9.3027,9.3006,2.1,0,-299.8,-154.9,2.8007,-173.1,-171.4,2.7976,-398.3,-35.7,-0.0000,-21.8,-38.1,-0.0124,7.8,43.1,0,0.0,0.0,0.0000,0.00,0.00,0.00,0.00
9.3111,9.3091,2.0,0,-299.9,-154.4,2.7968,-176.5,-171.7,2.7976,-398.8,-31.1,0.0000,-31.5,-36.4,0.0033,17.3,44.9,0,0.0,0.0,0.0000,0.00,0.00,0.00,0.00
9.3191,9.3091,10.0,0,-299.9,-154.4,2.7968,-176.5,-171.7,2.7976,-398.8,-31.1,0.0000,-41.1,-32.9,0.0033,27.6,44.8,0,0.0,0.0,0.0000,0.00,0.00,0.00,0.00
9.3273,9.3175,9.8,0,-300.4,-155.1,2.8003,-179.8,-171.9,2.7976,-399.2,-26.3,0.0000,-50.9,-26.6,-0.0108,39.1,42.1,0,0.0,0.0,0.0000,0.00,0.00,0.00,0.00
9.3347,9.3259,8.8,0,-300.7,-155.3,2.7889,-183.2,-172.1,2.7976,-399.6,-21.6,-0.0000,-57.0,-22.7,0.0348,45.6,41.0,0,0.0,0.0,0.0000,0.00,0.00,0.00,0.00
9.3428,9.3344,8.4,0,-300.3,-155.1,2.8035,-186.6,-172.3,2.7976,-400.2,-16.8,-0.0000,-63.2,-20.1,-0.0237,52.9,39.9,0,0.0,0.0,0.0000,0.00,0.00,0.00,0.00
9.3513,9.3428,8.5,0,-300.0,-154.8,2.8012,-189.9,-172.4,2.7976,-400.1,-12.6,-0.0000,-67.6,-17.4,-0.0144,58.0,39.0,0,0.0,0.0,0.0000,0.00,0.00,0.00,0.00
9.3588,9.3513,7.6,0,-300.4,-155.2,2.7965,-193.3,-172.5,2.7976,-399.9,-8.6,0.0000,-66.7,-13.1,0.0045,58.3,34.9,0,0.0,0.0,0.0000,0.00,0.00,0.00,0.00
9.3669,9.3598,7.2,0,-300.8,-155.4,2.7914,-196.7,-172.5,2.7976,-400.0,-3.9,-0.0000,-66.8,-9.4,0.0248,59.6,31.8,0,0.0,0.0,0.0000,0.00,0.00,0.00,0.00
9.3752,9.3682,7.0,0,-300.2,-154.8,2.7997,-200.1,-172.6,2.7976,-400.2,0.7,0.0000,-70.2,-8.3,-0.0083,63.4,31.4,0,0.0,0.0,0.0000,0.00,0.00,0.00,0.00
9.3833,9.3766,6.8,0,-300.2,-154.9,2.8018,-203.4,-172.5,2.7976,-399.8,5.5,0.0000,-71.3,-5.5,-0.0167,65.4,28.9,0,0.0,0.0,0.0000,0.00,0.00,0.00,0.00
9.3916,9.3851,6.5,0,-300.2,-155.2,2.7974,-206.8,-172.5,2.7976,-399.4,10.4,-0.0000,-71.5,-2.0,0.0009,66.7,26.0,0,0.0,0.0,0.0000,0.00,0.00,0.00,0.00
9.3997,9.3935,6.2,0,-300.1,-154.8,2.8025,-210.2,-172.4,2.7976,-399.4,14.3,0.0000,-73.3,-1.1,-0.0195,68.8,25.4,0,0.0,0.0,0.0000,0.00,0.00,0.00,0.00
9.4067,9.4020,4.7,0,-300.1,-154.9,2.7986,-213.6,-172.2,2.7976,-399.3,18.5,-0.0000,-75.5,0.7,-0.0038,71.3,24.7,0,0.0,0.0,0.0000,0.00,0.00,0.00,0.00
9.4151,9.4104,4.7,0,-300.0,-154.7,2.8002,-217.0,-172.1,2.7976,-400.5,23.4,-0.0000,-77.1,2.4,-0.0102,73.5,23.6,0,0.0,0.0,0.0000,0.00,0.00,0.00,0.00
9.4237,9.4189,4.8,0,-300.4,-154.9,2.7987,-220.4,-171.8,2.7976,-399.5,27.8,0.0000,-76.1,5.3,-0.0042,73.4,20.6,0,0.0,0.0,0.0000,0.00,0.00,0.00,0.00
9.4309,9.4274,3.5,0,-300.3,-154.9,2.7991,-223.7,-171.6,2.7976,-394.5,31.7,0.0000,-77.3,7.1,-0.0059,75.2,19.3,0,0.0,0.0,0.0000,0.00,0.00,0.00,0.00
9.4392,9.4358,3.5,0,-299.9,-155.2,2.8006,-227.0,-171.3,2.7976,-388.2,35.5,-0.0000,-80.4,10.3,-0.0121,79.2,17.2,0,0.0,0.0,0.0000,0.00,0.00,0.00,0.00
9.4468,9.4358,11.0,0,-299.9,-155.2,2.8006,-227.0,-171.3,2.7976,-388.2,35.5,-0.0000,-81.3,11.8,-0.0121,80.5,16.0,0,0.0,0.0,0.0000,0.00,0.00,0.00,0.00
9.4549,9.4527,2.2,0,-299.8,-155.1,2.8032,-233.4,-170.6,2.7976,-369.7,42.3,0.0000,-81.6,12.5,-0.0222,81.2,15.3,0,0.0,0.0,0.0000,0.00,0.00,0.00,0.00
9.4628,9.4611,1.6,0,-300.4,-154.9,2.7983,-236.5,-170.3,2.7976,-361.1,45.1,-0.0000,-80.4,13.3,-0.0027,80.2,14.5,0,0.0,0.0,0.0000,0.00,0.00,0.00,0.00
9.4711,9.4611,9.9,0,-300.4,-154.9,2.7983,-236.5,-170.3,2.7976,-361.1,45.1,-0.0000,-81.0,15.3,-0.0027,81.4,12.8,0,0.0,0.0,0.0000,0.00,0.00,0.00,0.00
9.4794,9.4696,9.8,0,-300.2,-155.0,2.8014,-239.5,-169.9,2.7976,-352.0,47.6,-0.0000,-81.6,16.8,-0.0150,82.6,11.4,0,0.0,0.0,0.0000,0.00,0.00,0.00,0.00
9.4876,9.4781,9.6,0,-300.2,-154.9,2.7998,-242.5,-169.5,2.7976,-342.3,50.0,0.0000,-81.2,16.5,-0.0088,82.0,11.6,0,0.0,0.0,0.0000,0.00,0.00,0.00,0.00
9.4950,9.4865,8.5,0,-300.2,-155.2,2.7978,-245.3,-169.0,2.7976,-334.0,51.6,0.0000,-80.9,18.1,-0.0008,82.3,10.2,0,0.0,0.0,0.0000,0.00,0.00,0.00,0.00
9.5028,9.4949,7.8,0,-300.4,-155.1,2.7951,-248.1,-168.6,2.7976,-326.2,53.1,-0.0000,-80.5,19.1,0.0103,82.2,9.4,0,0.0,0.0,0.0000,0.00,0.00,0.00,0.00
9.5108,9.5034,7.5,0,-300.0,-155.2,2.7961,-250.8,-168.1,2.7976,-316.8,54.6,-0.0000,-80.9,20.5,0.0060,83.1,8.1,0,0.0,0.0,0.0000,0.00,0.00,0.00,0.00
9.5196,9.5118,7.8,0,-300.4,-155.3,2.7963,-253.4,-167.7,2.7976,-307.2,56.3,0.0000,-78.8,22.3,0.0051,81.7,5.7,0,0.0,0.0,0.0000,0.00,0.00,0.00,0.00
9.5267,9.5203,6.5,0,-299.9,-154.9,2.8041,-256.0,-167.2,2.7976,-298.9,57.4,-0.0000,-79.4,21.5,-0.0258,82.0,6.0,0,0.0,0.0,0.0000,0.00,0.00,0.00,0.00
9.5352,9.5287,6.6,0,-300.2,-155.0,2.8038,-258.5,-166.7,2.7976,-290.5,58.7,0.0000,-77.2,21.2,-0.0248,79.8,5.6,0,0.0,0.0,0.0000,0.00,0.00,0.00,0.00
9.5430,9.5372,5.8,0,-300.7,-154.9,2.7943,-260.9,-166.2,2.7976,-281.3,58.8,0.0000,-74.4,21.0,0.0132,77.1,5.6,0,0.0,0.0,0.0000,0.00,0.00,0.00,0.00
9.5514,9.5456,5.8,0,-300.2,-154.9,2.8021,-263.2,-165.7,2.7976,-272.5,59.1,0.0000,-74.5,21.2,-0.0177,77.3,4.9,0,0.0,0.0,0.0000,0.00,0.00,0.00,0.00
9.5595,9.5541,5.4,0,-300.5,-155.0,2.7998,-265.5,-165.2,2.7976,-264.1,59.8,-0.0000,-72.1,21.8,-0.0085,75.2,3.6,0,0.0,0.0,0.0000,0.00,0.00,0.00,0.00
9.5677,9.5626,5.0,0,-300.4,-155.0,2.7988,-267.7,-164.7,2.7976,-255.4,60.0,-0.0000,-70.4,22.6,-0.0045,73.9,2.4,0,0.0,0.0,0.0000,0.00,0.00,0.00,0.00
9.5750,9.5710,4.1,0,-300.2,-154.9,2.8021,-269.8,-164.2,2.7976,-246.4,58.8,-0.0000,-69.2,21.9,-0.0178,72.6,2.4,0,0.0,0.0,0.0000,0.00,0.00,0.00,0.00
9.5829,9.5795,3.4,0,-300.9,-155.0,2.7887,-271.9,-163.7,2.7976,-237.7,58.3,0.0000,-65.3,20.9,0.0357,68.5,2.9,0,0.0,0.0,0.0000,0.00,0.00,0.00,0.00
9.5915,9.5878,3.7,0,-300.2,-155.0,2.8050,-273.8,-163.2,2.7976,-229.7,58.3,-0.0000,-64.5,20.5,-0.0294,67.7,1.9,0,0.0,0.0,0.0000,0.00,0.00,0.00,0.00
9.5989,9.5964,2.5,0,-300.4,-155.1,2.8007,-275.8,-162.7,2.7976,-221.1,58.1,0.0000,-61.7,20.2,-0.0124,64.9,1.5,0,0.0,0.0,0.0000,0.00,0.00,0.00,0.00
9.6069,9.5964,10.5,0,-300.4,-155.1,2.8007,-275.8,-162.7,2.7976,-221.1,58.1,0.0000,-59.0,19.8,-0.0124,62.2,1.0,0,0.0,0.0,0.0000,0.00,0.00,0.00,0.00
9.6153,9.6132,2.1,0,-299.9,-154.8,2.8057,-279.3,-161.7,2.7976,-203.8,56.9,0.0000,-57.5,18.9,-0.0324,60.5,1.1,0,0.0,0.0,0.0000,0.00,0.00,0.00,0.00
9.6239,9.6216,2.2,0,-300.0,-154.9,2.7981,-281.0,-161.3,2.7976,-195.2,54.8,-0.0000,-54.1,18.2,-0.0017,57.1,1.1,0,0.0,0.0,0.0000,0.00,0.00,0.00,0.00
9.6313,9.6216,9.7,0,-300.0,-154.9,2.7981,-281.0,-161.3,2.7976,-195.2,54.8,-0.0000,-51.8,16.5,-0.0017,54.3,2.0,0,0.0,0.0,0.0000,0.00,0.00,0.00,0.00
9.6391,9.6301,8.9,0,-299.9,-154.9,2.8021,-282.6,-160.8,2.7976,-186.9,53.5,0.0000,-49.0,15.5,-0.0179,51.4,1.7,0,0.0,0.0,0.0000,0.00,0.00,0.00,0.00
9.6471,9.6386,8.6,0,-300.1,-154.9,2.7982,-284.2,-160.4,2.7976,-178.6,52.4,0.0000,-44.4,15.6,-0.0024,47.0,0.2,0,0.0,0.0,0.0000,0.00,0.00,0.00,0.00
9.6547,9.6470,7.7,0,-300.3,-155.1,2.7930,-285.7,-159.9,2.7976,-170.3,51.2,-0.0000,-40.1,15.0,0.0187,42.8,-0.4,0,0.0,0.0,0.0000,0.00,0.00,0.00,0.00
9.6635,9.6555,8.1,0,-300.2,-154.9,2.7988,-287.1,-159.5,2.7976,-161.9,50.2,-0.0000,-36.0,12.4,-0.0045,38.1,0.4,0,0.0,0.0,0.0000,0.00,0.00,0.00,0.00
9.6706,9.6639,6.7,0,-300.5,-154.9,2.8003,-288.4,-159.1,2.7976,-153.6,47.7,-0.0000,-31.9,11.0,-0.0107,33.7,0.3,0,0.0,0.0,0.0000,0.00,0.00,0.00,0.00
9.6791,9.6724,6.7,0,-300.1,-154.9,2.8007,-289.7,-158.7,2.7976,-145.3,45.4,-0.0000,-28.9,9.6,-0.0123,30.4,0.6,0,0.0,0.0,0.0000,0.00,0.00,0.00,0.00
9.6874,9.6810,6.4,0,-300.2,-155.1,2.8005,-290.9,-158.3,2.7976,-136.7,43.4,0.0000,-24.4,8.2,-0.0114,25.7,0.4,0,0.0,0.0,0.0000,0.00,0.00,0.00,0.00
9.6947,9.6893,5.4,0,-299.8,-154.8,2.8021,-292.0,-157.9,2.7976,-128.4,41.5,-0.0000,-21.0,5.8,-0.0179,21.8,1.5,0,0.0,0.0,0.0000,0.00,0.00,0.00,0.00
9.7028,9.6977,5.1,0,-300.1,-155.1,2.7991,-293.0,-157.6,2.7976,-120.4,39.9,-0.0000,-15.4,5.1,-0.0059,16.2,0.4,0,0.0,0.0,0.0000,0.00,0.00,0.00,0.00
9.7105,9.7061,4.4,0,-300.1,-155.0,2.8001,-294.0,-157.3,2.7976,-112.3,37.9,-0.0000,-10.3,3.4,-0.0100,10.9,0.3,0,0.0,0.0,0.0000,0.00,0.00,0.00,0.00
9.7189,9.7147,4.1,0,-299.8,-154.6,2.8077,-294.9,-157.0,2.7976,-104.7,34.6,0.0000,-5.9,0.4,-0.0402,5.7,1.6,0,0.0,0.0,0.0000,0.00,0.00,0.00,0.00
9.7267,9.7230,3.6,0,-300.7,-155.2,2.7870,-295.8,-156.7,2.7976,-96.9,32.1,0.0000,3.7,-0.4,0.0426,-3.6,-0.9,0,0.0,0.0,0.0000,0.00,0.00,0.00,0.00
9.7354,9.7315,3.9,0,-299.9,-154.7,2.8035,-296.6,-156.4,2.7976,-88.2,30.6,-0.0000,3.1,-2.6,-0.0234,-3.8,1.4,0,0.0,0.0,0.0000,0.00,0.00,0.00,0.00
9.7426,9.7315,11.2,0,-299.9,-154.7,2.8035,-296.6,-156.4,2.7976,-88.2,30.6,-0.0000,7.4,-4.1,-0.0234,-8.3,1.5,0,0.0,0.0,0.0000,0.00,0.00,0.00,0.00
9.7507,9.7485,2.2,0,-300.1,-155.1,2.8038,-297.9,-155.9,2.7976,-71.7,25.0,0.0000,6.2,-2.5,-0.0249,-6.7,0.3,0,0.0,0.0,0.0000,0.00,0.00,0.00,0.00
9.7591,9.7568,2.3,0,-300.3,-154.8,2.7960,-298.5,-155.8,2.7976,-64.0,22.3,0.0000,5.0,-2.8,0.0066,-5.6,0.9,0,0.0,0.0,0.0000,0.00,0.00,0.00,0.00
9.7667,9.7568,9.9,0,-300.3,-154.8,2.7960,-298.5,-155.8,2.7976,-64.0,22.3,0.0000,3.6,-2.3,0.0066,-4.2,0.9,0,0.0,0.0,0.0000,0.00,0.00,0.00,0.00
9.7753,9.7653,10.0,0,-300.1,-154.9,2.7992,-299.0,-155.6,2.7976,-56.3,19.5,0.0000,1.8,-1.6,-0.0065,-2.2,0.9,0,0.0,0.0,0.0000,0.00,0.00,0.00,0.00
9.7836,9.7741,9.5,0,-300.7,-155.2,2.7986,-299.5,-155.4,2.7976,-48.0,16.5,0.0000,2.4,-0.1,-0.0038,-2.3,-0.7,0,0.0,0.0,0.0000,0.00,0.00,0.00,0.00
9.7908,9.7822,8.6,0,-300.0,-154.8,2.8021,-299.8,-155.3,2.7976,-40.2,13.6,-0.0000,-0.5,-1.1,-0.0178,0.1,1.2,0,0.0,0.0,0.0000,0.00,0.00,0.00,0.00
9.7993,9.7906,8.7,0,-300.1,-154.8,2.8019,-300.1,-155.2,2.7976,-32.1,11.1,-0.0000,-0.8,-0.9,-0.0172,0.5,1.1,0,0.0,0.0,0.0000,0.00,0.00,0.00,0.00
9.8072,9.7991,8.2,0,-300.0,-154.7,2.8038,-300.3,-155.1,2.7976,-23.7,8.6,0.0000,-1.6,-1.2,-0.0248,1.1,1.6,0,0.0,0.0,0.0000,0.00,0.00,0.00,0.00
9.8153,9.8080,7.3,0,-299.8,-155.1,2.8061,-300.5,-155.0,2.7976,-15.6,5.6,0.0000,-2.4,0.2,-0.0341,2.3,0.6,0,0.0,0.0,0.0000,0.00,0.00,0.00,0.00
9.8227,9.8160,6.8,0,-299.9,-154.9,2.8009,-300.6,-155.0,2.7976,-6.5,2.3,-0.0000,-2.3,-0.2,-0.0131,2.1,0.9,0,0.0,0.0,0.0000,0.00,0.00,0.00,0.00
9.8311,9.8244,6.6,0,-301.0,-155.0,2.7964,-300.7,-155.0,2.7976,2.6,-0.9,-0.0000,0.9,-0.0,0.0048,-0.9,-0.3,0,0.0,0.0,0.0000,0.00,0.00,0.00,0.00
9.8386,9.8329,5.7,0,-300.7,-155.0,2.7920,-300.7,-155.0,2.7976,0.0,0.0,0.0000,0.1,-0.1,0.0224,-0.1,0.0,0,0.0,0.0,0.0000,0.00,0.00,0.00,0.00
9.8472,9.8329,14.3,0,-300.7,-155.0,2.7920,-300.7,-155.0,2.7976,0.0,0.0,0.0000,0.1,-0.1,0.0224,-0.1,0.0,0,0.0,0.0,0.0000,0.00,0.00,0.00,0.00
9.8550,9.8498,5.3,0,-300.1,-155.1,2.8011,-300.7,-155.0,2.7976,0.0,0.0,0.0000,-1.8,0.3,-0.0137,1.8,0.3,0,0.0,0.0,0.0000,0.00,0.00,0.00,0.00
9.8635,9.8582,5.3,0,-300.2,-155.0,2.7999,-300.7,-155.0,2.7976,0.0,0.0,0.0000,-1.4,0.1,-0.0091,1.3,0.4,0,0.0,0.0,0.0000,0.00,0.00,0.00,0.00
9.8715,9.8667,4.8,0,-300.0,-154.8,2.7992,-300.7,-155.0,2.7976,0.0,0.0,0.0000,-1.9,-0.4,-0.0061,1.6,1.0,0,0.0,0.0,0.0000,0.00,0.00,0.00,0.00
9.8793,9.8752,4.0,0,-300.0,-154.8,2.8053,-300.7,-155.0,2.7976,0.0,0.0,0.0000,-1.9,-0.5,-0.0307,1.6,1.1,0,0.0,0.0,0.0000,0.00,0.00,0.00,0.00
9.8867,9.8836,3.1,0,-300.1,-154.9,2.8007,-300.7,-155.0,2.7976,0.0,0.0,0.0000,-1.7,-0.2,-0.0124,1.5,0.8,0,0.0,0.0,0.0000,0.00,0.00,0.00,0.00
9.8955,9.8920,3.4,0,-300.3,-155.0,2.8008,-300.7,-155.0,2.7976,0.0,0.0,0.0000,-0.9,0.1,-0.0126,0.9,0.2,0,0.0,0.0,0.0000,0.00,0.00,0.00,0.00
9.9026,9.9005,2.1,0,-300.7,-155.1,2.8011,-300.7,-155.0,2.7976,0.0,0.0,0.0000,-0.0,0.3,-0.0138,0.1,-0.3,0,0.0,0.0,0.0000,0.00,0.00,0.00,0.00
9.9115,9.9090,2.5,0,-300.2,-155.1,2.7995,-300.7,-155.0,2.7976,0.0,0.0,0.0000,-1.5,0.4,-0.0076,1.6,0.1,0,0.0,0.0,0.0000,0.00,0.00,0.00,0.00
9.9193,9.9174,2.0,0,-300.1,-155.3,2.7974,-300.7,-155.0,2.7976,0.0,0.0,0.0000,-1.6,0.8,0.0009,1.8,-0.2,0,0.0,0.0,0.0000,0.00,0.00,0.00,0.00
9.9274,9.9174,10.0,0,-300.1,-155.3,2.7974,-300.7,-155.0,2.7976,0.0,0.0,0.0000,-1.6,0.8,0.0009,1.8,-0.2,0,0.0,0.0,0.0000,0.00,0.00,0.00,0.00
9.9354,9.9258,9.6,0,-300.5,-154.9,2.8028,-300.7,-155.0,2.7976,0.0,0.0,0.0000,-0.6,-0.3,-0.0206,0.4,0.5,0,0.0,0.0,0.0000,0.00,0.00,0.00,0.00
9.9437,9.9343,9.4,0,-300.1,-155.0,2.8025,-300.7,-155.0,2.7976,0.0,0.0,0.0000,-1.7,0.1,-0.0194,1.6,0.4,0,0.0,0.0,0.0000,0.00,0.00,0.00,0.00
9.9507,9.9428,7.9,0,-300.1,-154.9,2.8024,-300.7,-155.0,2.7976,0.0,0.0,0.0000,-1.5,-0.3,-0.0192,1.4,0.8,0,0.0,0.0,0.0000,0.00,0.00,0.00,0.00
9.9590,9.9512,7.8,0,-300.1,-155.1,2.7984,-300.7,-155.0,2.7976,0.0,0.0,0.0000,-1.7,0.2,-0.0031,1.7,0.4,0,0.0,0.0,0.0000,0.00,0.00,0.00,0.00
9.9669,9.9596,7.3,0,-300.1,-155.0,2.8026,-300.7,-155.0,2.7976,0.0,0.0,0.0000,-1.6,0.1,-0.0197,1.5,0.5,0,0.0,0.0,0.0000,0.00,0.00,0.00,0.00
9.9746,9.9681,6.5,0,-300.1,-155.2,2.7979,-300.7,-155.0,2.7976,0.0,0.0,0.0000,-1.7,0.5,-0.0013,1.8,0.1,0,0.0,0.0,0.0000,0.00,0.00,0.00,0.00
9.9826,9.9765,6.1,0,-300.0,-155.0,2.7985,-300.7,-155.0,2.7976,0.0,0.0,0.0000,-2.0,-0.0,-0.0033,1.9,0.7,0,0.0,0.0,0.0000,0.00,0.00,0.00,0.00
9.9907,9.9849,5.7,0,-300.3,-155.1,2.8012,-300.7,-155.0,2.7976,0.0,0.0,0.0000,-1.0,0.4,-0.0141,1.1,-0.1,0,0.0,0.0,0.0000,0.00,0.00,0.00,0.00
9.9986,9.9934,5.2,0,-300.1,-155.0,2.7985,-300.7,-155.0,2.7976,0.0,0.0,0.0000,-1.7,0.1,-0.0035,1.6,0.5,0,0.0,0.0,0.0000,0.00,0.00,0.00,0.00
10.0069,10.0019,5.0,0,-300.0,-154.5,2.8071,-300.7,-155.0,2.7976,0.0,0.0,0.0000,-2.1,-1.5,-0.0378,1.5,2.1,0,0.0,0.0,0.0000,0.00,0.00,0.00,0.00
10.0151,10.0104,4.7,0,-300.0,-155.1,2.7964,-300.7,-155.0,2.7976,0.0,0.0,0.0000,-2.1,0.3,0.0048,2.0,0.4,0,0.0,0.0,0.0000,0.00,0.00,0.00,0.00
10.0231,10.0187,4.4,0,-300.2,-154.9,2.8032,-300.7,-155.0,2.7976,0.0,0.0,0.0000,-1.5,-0.2,-0.0224,1.3,0.7,0,0.0,0.0,0.0000,0.00,0.00,0.00,0.00
10.0307,10.0272,3.5,0,-300.0,-155.0,2.7993,-300.7,-155.0,2.7976,0.0,0.0,0.0000,-2.1,0.1,-0.0067,2.0,0.6,0,0.0,0.0,0.0000,0.00,0.00,0.00,0.00
10.0390,10.0357,3.3,0,-300.1,-155.0,2.8014,-300.7,-155.0,2.7976,0.0,0.0,0.0000,-1.5,-0.0,-0.0151,1.4,0.5,0,0.0,0.0,0.0000,0.00,0.00,0.00,0.00
10.0474,10.0443,3.1,0,-300.7,-155.1,2.7966,-300.7,-155.0,2.7976,0.0,0.0,0.0000,-0.0,0.4,0.0041,0.2,-0.4,0,0.0,0.0,0.0000,0.00,0.00,0.00,0.00
10.0546,10.0525,2.1,0,-300.5,-154.9,2.8009,-300.7,-155.0,2.7976,0.0,0.0,0.0000,-0.4,-0.3,-0.0129,0.3,0.4,0,0.0,0.0,0.0000,0.00,0.00,0.00,0.00
10.0634,10.0610,2.4,0,-300.8,-155.2,2.7921,-300.7,-155.0,2.7976,0.0,0.0,0.0000,0.3,0.6,0.0222,-0.1,-0.7,0,0.0,0.0,0.0000,0.00,0.00,0.00,0.00
10.0710,10.0610,10.0,0,-300.8,-155.2,2.7921,-300.7,-155.0,2.7976,0.0,0.0,0.0000,0.3,0.6,0.0222,-0.1,-0.7,0,0.0,0.0,0.0000,0.00,0.00,0.00,0.00
10.0792,10.0695,9.7,0,-300.0,-154.9,2.7965,-300.7,-155.0,2.7976,0.0,0.0,0.0000,-1.9,-0.2,0.0044,1.8,0.8,0,0.0,0.0,0.0000,0.00,0.00,0.00,0.00
10.0876,10.0780,9.6,0,-300.4,-155.1,2.8049,-300.7,-155.0,2.7976,0.0,0.0,0.0000,-0.9,0.3,-0.0292,1.0,-0.0,0,0.0,0.0,0.0000,0.00,0.00,0.00,0.00
10.0949,10.0864,8.6,0,-300.2,-155.3,2.7946,-300.7,-155.0,2.7976,0.0,0.0,0.0000,-1.4,0.8,0.0122,1.6,-0.3,0,0.0,0.0,0.0000,0.00,0.00,0.00,0.00
10.1033,10.0948,8.5,0,-300.1,-155.3,2.7958,-300.7,-155.0,2.7976,0.0,0.0,0.0000,-1.6,1.0,0.0074,1.9,-0.4,0,0.0,0.0,0.0000,0.00,0.00,0.00,0.00
10.1110,10.1032,7.8,0,-300.5,-155.1,2.8000,-300.7,-155.0,2.7976,0.0,0.0,0.0000,-0.3,0.3,-0.0094,0.4,-0.2,0,0.0,0.0,0.0000,0.00,0.00,0.00,0.00
10.1193,10.1117,7.6,0,-300.4,-155.1,2.8031,-300.7,-155.0,2.7976,0.0,0.0,0.0000,-0.9,0.2,-0.0221,0.9,0.1,0,0.0,0.0,0.0000,0.00,0.00,0.00,0.00
10.1277,10.1202,7.6,0,-300.3,-155.3,2.7974,-300.7,-155.0,2.7976,0.0,0.0,0.0000,-1.1,1.0,0.0011,1.4,-0.5,0,0.0,0.0,0.0000,0.00,0.00,0.00,0.00
10.1352,10.1286,6.6,0,-300.6,-155.1,2.8007,-300.7,-155.0,2.7976,0.0,0.0,0.0000,-0.1,0.2,-0.0124,0.2,-0.1,0,0.0,0.0,0.0000,0.00,0.00,0.00,0.00
10.1427,10.1370,5.6,0,-300.2,-154.9,2.8046,-300.7,-155.0,2.7976,0.0,0.0,0.0000,-1.2,-0.4,-0.0278,1.0,0.8,0,0.0,0.0,0.0000,0.00,0.00,0.00,0.00
10.1510,10.1454,5.6,0,-300.1,-154.9,2.8001,-300.7,-155.0,2.7976,0.0,0.0,0.0000,-1.7,-0.2,-0.0098,1.6,0.8,0,0.0,0.0,0.0000,0.00,0.00,0.00,0.00
10.1595,10.1540,5.5,0,-300.4,-155.2,2.8024,-300.7,-155.0,2.7976,0.0,0.0,0.0000,-0.8,0.6,-0.0190,0.9,-0.3,0,0.0,0.0,0.0000,0.00,0.00,0.00,0.00
10.1670,10.1624,4.6,0,-299.9,-154.9,2.8025,-300.7,-155.0,2.7976,0.0,0.0,0.0000,-2.1,-0.4,-0.0194,1.9,1.1,0,0.0,0.0,0.0000,0.00,0.00,0.00,0.00
10.1752,10.1709,4.3,0,-300.8,-154.7,2.8003,-300.7,-155.0,2.7976,0.0,0.0,0.0000,0.4,-0.8,-0.0108,-0.7,0.6,0,0.0,0.0,0.0000,0.00,0.00,0.00,0.00
10.1831,10.1793,3.8,0,-300.2,-155.0,2.8039,-300.7,-155.0,2.7976,0.0,0.0,0.0000,-1.4,-0.0,-0.0250,1.3,0.5,0,0.0,0.0,0.0000,0.00,0.00,0.00,0.00
10.1911,10.1878,3.4,0,-300.3,-155.1,2.8025,-300.7,-155.0,2.7976,0.0,0.0,0.0000,-0.9,0.4,-0.0193,1.0,-0.1,0,0.0,0.0,0.0000,0.00,0.00,0.00,0.00
10.1993,10.1962,3.1,0,-300.1,-154.8,2.8012,-300.7,-155.0,2.7976,0.0,0.0,0.0000,-1.6,-0.7,-0.0143,1.3,1.2,0,0.0,0.0,0.0000,0.00,0.00,0.00,0.00
10.2070,10.2046,2.4,0,-300.5,-154.8,2.7999,-300.7,-155.0,2.7976,0.0,0.0,0.0000,-0.5,-0.7,-0.0093,0.3,0.8,0,0.0,0.0,0.0000,0.00,0.00,0.00,0.00
10.2151,10.2046,10.5,0,-300.5,-154.8,2.7999,-300.7,-155.0,2.7976,0.0,0.0,0.0000,-0.5,-0.7,-0.0093,0.3,0.8,0,0.0,0.0,0.0000,0.00,0.00,0.00,0.00
10.2228,10.2131,9.7,0,-300.6,-155.0,2.8013,-300.7,-155.0,2.7976,0.0,0.0,0.0000,-0.1,0.1,-0.0148,0.2,-0.0,0,0.0,0.0,0.0000,0.00,0.00,0.00,0.00
10.2309,10.2216,9.4,0,-300.4,-155.0,2.8043,-300.7,-155.0,2.7976,0.0,0.0,0.0000,-0.8,-0.1,-0.0268,0.8,0.4,0,0.0,0.0,0.0000,0.00,0.00,0.00,0.00
10.2386,10.2300,8.6,0,-300.5,-154.9,2.7990,-300.7,-155.0,2.7976,0.0,0.0,0.0000,-0.6,-0.3,-0.0056,0.4,0.5,0,0.0,0.0,0.0000,0.00,0.00,0.00,0.00
10.2475,10.2385,9.0,0,-300.3,-155.1,2.7999,-300.7,-155.0,2.7976,0.0,0.0,0.0000,-1.0,0.3,-0.0090,1.0,0.1,0,0.0,0.0,0.0000,0.00,0.00,0.00,0.00
10.2552,10.2469,8.4,0,-300.1,-155.0,2.7926,-300.7,-155.0,2.7976,0.0,0.0,0.0000,-1.7,-0.1,0.0201,1.6,0.7,0,0.0,0.0,0.0000,0.00,0.00,0.00,0.00
10.2631,10.2553,7.8,0,-299.9,-154.8,2.8062,-300.7,-155.0,2.7976,0.0,0.0,0.0000,-2.1,-0.6,-0.0342,1.8,1.2,0,0.0,0.0,0.0000,0.00,0.00,0.00,0.00
10.2705,10.2638,6.7,0,-300.3,-155.0,2.7968,-300.7,-155.0,2.7976,0.0,0.0,0.0000,-1.1,-0.0,0.0032,1.0,0.4,0,0.0,0.0,0.0000,0.00,0.00,0.00,0.00
10.2789,10.2722,6.7,0,-300.1,-154.9,2.8049,-300.7,-155.0,2.7976,0.0,0.0,0.0000,-1.6,-0.3,-0.0292,1.4,0.8,0,0.0,0.0,0.0000,0.00,0.00,0.00,0.00
10.2876,10.2807,6.9,0,-299.9,-154.8,2.8009,-300.7,-155.0,2.7976,0.0,0.0,0.0000,-2.3,-0.7,-0.0133,2.0,1.5,0,0.0,0.0,0.0000,0.00,0.00,0.00,0.00
10.2945,10.2891,5.4,0,-299.9,-154.9,2.8017,-300.7,-155.0,2.7976,0.0,0.0,0.0000,-2.3,-0.2,-0.0162,2.1,1.0,0,0.0,0.0,0.0000,0.00,0.00,0.00,0.00
10.3026,10.2976,5.0,0,-300.7,-155.1,2.7892,-300.7,-155.0,2.7976,0.0,0.0,0.0000,0.0,0.4,0.0338,0.1,-0.4,0,0.0,0.0,0.0000,0.00,0.00,0.00,0.00
10.3112,10.3060,5.1,0,-300.2,-155.4,2.7989,-300.7,-155.0,2.7976,0.0,0.0,0.0000,-1.3,1.1,-0.0050,1.6,-0.6,0,0.0,0.0,0.0000,0.00,0.00,0.00,0.00
10.3188,10.3145,4.3,0,-300.2,-155.1,2.7985,-300.7,-155.0,2.7976,0.0,0.0,0.0000,-1.3,0.4,-0.0036,1.4,0.0,0,0.0,0.0,0.0000,0.00,0.00,0.00,0.00
10.3272,10.3229,4.3,0,-300.6,-155.0,2.7993,-300.7,-155.0,2.7976,0.0,0.0,0.0000,-0.3,0.2,-0.0067,0.3,-0.1,0,0.0,0.0,0.0000,0.00,0.00,0.00,0.00
10.3347,10.3314,3.4,0,-300.1,-155.0,2.8019,-300.7,-155.0,2.7976,0.0,0.0,0.0000,-1.6,0.0,-0.0170,1.5,0.5,0,0.0,0.0,0.0000,0.00,0.00,0.00,0.00
10.3433,10.3398,3.5,0,-300.6,-155.3,2.7926,-300.7,-155.0,2.7976,0.0,0.0,0.0000,-0.3,0.9,0.0202,0.6,-0.7,0,0.0,0.0,0.0000,0.00,0.00,0.00,0.00
10.3514,10.3483,3.1,0,-300.3,-155.5,2.7962,-300.7,-155.0,2.7976,0.0,0.0,0.0000,-1.1,1.5,0.0057,1.5,-1.0,0,0.0,0.0,0.0000,0.00,0.00,0.00,0.00
10.3586,10.3483,10.3,0,-300.3,-155.5,2.7962,-300.7,-155.0,2.7976,0.0,0.0,0.0000,-1.1,1.5,0.0057,1.5,-1.0,0,0.0,0.0,0.0000,0.00,0.00,0.00,0.00
10.3674,10.3652,2.2,0,-300.0,-155.0,2.8021,-300.7,-155.0,2.7976,0.0,0.0,0.0000,-1.9,0.1,-0.0180,1.8,0.5,0,0.0,0.0,0.0000,0.00,0.00,0.00,0.00
10.3749,10.3652,9.7,0,-300.0,-155.0,2.8021,-300.7,-155.0,2.7976,0.0,0.0,0.0000,-1.9,0.1,-0.0180,1.8,0.5,0,0.0,0.0,0.0000,0.00,0.00,0.00,0.00
10.3830,10.3736,9.4,0,-300.2,-155.0,2.7968,-300.7,-155.0,2.7976,0.0,0.0,0.0000,-1.5,-0.1,0.0033,1.3,0.6,0,0.0,0.0,0.0000,0.00,0.00,0.00,0.00
10.3915,10.3821,9.5,0,-300.2,-155.2,2.8002,-300.7,-155.0,2.7976,0.0,0.0,0.0000,-1.4,0.6,-0.0103,1.6,-0.1,0,0.0,0.0,0.0000,0.00,0.00,0.00,0.00
10.3992,10.3905,8.7,0,-300.2,-155.1,2.8028,-300.7,-155.0,2.7976,0.0,0.0,0.0000,-1.3,0.3,-0.0207,1.4,0.2,0,0.0,0.0,0.0000,0.00,0.00,0.00,0.00
10.4072,10.3990,8.2,0,-300.6,-155.2,2.7988,-300.7,-155.0,2.7976,0.0,0.0,0.0000,-0.2,0.7,-0.0046,0.4,-0.6,0,0.0,0.0,0.0000,0.00,0.00,0.00,0.00
10.4155,10.4074,8.0,0,-300.3,-155.3,2.7989,-300.7,-155.0,2.7976,0.0,0.0,0.0000,-1.1,0.8,-0.0051,1.3,-0.4,0,0.0,0.0,0.0000,0.00,0.00,0.00,0.00
10.4227,10.4159,6.8,0,-300.0,-154.9,2.7972,-300.7,-155.0,2.7976,0.0,0.0,0.0000,-1.9,-0.3,0.0017,1.7,0.9,0,0.0,0.0,0.0000,0.00,0.00,0.00,0.00
10.4310,10.4244,6.7,0,-300.3,-154.7,2.8046,-300.7,-155.0,2.7976,0.0,0.0,0.0000,-1.0,-0.9,-0.0279,0.7,1.2,0,0.0,0.0,0.0000,0.00,0.00,0.00,0.00
10.4392,10.4328,6.4,0,-300.2,-155.1,2.7968,-300.7,-155.0,2.7976,0.0,0.0,0.0000,-1.3,0.4,0.0033,1.4,0.1,0,0.0,0.0,0.0000,0.00,0.00,0.00,0.00
10.4471,10.4412,5.9,0,-300.2,-155.1,2.7979,-300.7,-155.0,2.7976,0.0,0.0,0.0000,-1.5,0.4,-0.0009,1.6,0.1,0,0.0,0.0,0.0000,0.00,0.00,0.00,0.00
10.4551,10.4497,5.5,0,-300.2,-155.2,2.7986,-300.7,-155.0,2.7976,0.0,0.0,0.0000,-1.2,0.5,-0.0040,1.3,-0.0,0,0.0,0.0,0.0000,0.00,0.00,0.00,0.00
10.4635,10.4581,5.4,0,-299.9,-155.0,2.8011,-300.7,-155.0,2.7976,0.0,0.0,0.0000,-2.2,0.1,-0.0139,2.1,0.6,0,0.0,0.0,0.0000,0.00,0.00,0.00,0.00
10.4713,10.4666,4.7,0,-300.1,-154.9,2.8032,-300.7,-155.0,2.7976,0.0,0.0,0.0000,-1.8,-0.4,-0.0223,1.6,0.9,0,0.0,0.0,0.0000,0.00,0.00,0.00,0.00
10.4793,10.4750,4.3,0,-299.9,-154.6,2.8032,-300.7,-155.0,2.7976,0.0,0.0,0.0000,-2.3,-1.2,-0.0222,1.8,1.9,0,0.0,0.0,0.0000,0.00,0.00,0.00,0.00
10.4870,10.4834,3.5,0,-300.0,-154.8,2.8052,-300.7,-155.0,2.7976,0.0,0.0,0.0000,-2.0,-0.5,-0.0302,1.8,1.1,0,0.0,0.0,0.0000,0.00,0.00,0.00,0.00
10.4952,10.4919,3.3,0,-300.6,-155.1,2.7894,-300.7,-155.0,2.7976,0.0,0.0,0.0000,-0.2,0.3,0.0329,0.3,-0.2,0,0.0,0.0,0.0000,0.00,0.00,0.00,0.00
10.5031,10.5004,2.8,0,-300.2,-155.1,2.7937,-300.7,-155.0,2.7976,0.0,0.0,0.0000,-1.3,0.4,0.0155,1.4,0.0,0,0.0,0.0,0.0000,0.00,0.00,0.00,0.00
10.5116,10.5004,11.2,0,-300.2,-155.1,2.7937,-300.7,-155.0,2.7976,0.0,0.0,0.0000,-1.3,0.4,0.0155,1.4,0.0,0,0.0,0.0,0.0000,0.00,0.00,0.00,0.00
10.5188,10.5088,10.0,0,-300.3,-155.0,2.7918,-300.7,-155.0,2.7976,0.0,0.0,0.0000,-1.1,0.2,0.0233,1.1,0.2,0,0.0,0.0,0.0000,0.00,0.00,0.00,0.00
10.5268,10.5172,9.6,0,-300.5,-155.0,2.7977,-300.7,-155.0,2.7976,0.0,0.0,0.0000,-0.6,-0.1,-0.0004,0.5,0.3,0,0.0,0.0,0.0000,0.00,0.00,0.00,0.00
10.5354,10.5257,9.8,0,-300.7,-155.0,2.8006,-300.7,-155.0,2.7976,0.0,0.0,0.0000,0.1,-0.1,-0.0118,-0.2,0.1,0,0.0,0.0,0.0000,0.00,0.00,0.00,0.00
10.5428,10.5342,8.6,0,-300.1,-154.9,2.8026,-300.7,-155.0,2.7976,0.0,0.0,0.0000,-1.6,-0.4,-0.0199,1.4,0.9,0,0.0,0.0,0.0000,0.00,0.00,0.00,0.00
10.5506,10.5428,7.8,0,-300.2,-155.0,2.8028,-300.7,-155.0,2.7976,0.0,0.0,0.0000,-1.4,-0.1,-0.0208,1.3,0.6,0,0.0,0.0,0.0000,0.00,0.00,0.00,0.00
10.5588,10.5510,7.7,0,-299.9,-155.3,2.7977,-300.7,-155.0,2.7976,0.0,0.0,0.0000,-2.2,0.8,-0.0001,2.3,0.0,0,0.0,0.0,0.0000,0.00,0.00,0.00,0.00
10.5677,10.5595,8.2,0,-300.5,-154.9,2.7953,-300.7,-155.0,2.7976,0.0,0.0,0.0000,-0.5,-0.4,0.0093,0.3,0.5,0,0.0,0.0,0.0000,0.00,0.00,0.00,0.00
10.5748,10.5679,6.9,0,-300.3,-155.3,2.7999,-300.7,-155.0,2.7976,0.0,0.0,0.0000,-1.0,0.9,-0.0091,1.2,-0.5,0,0.0,0.0,0.0000,0.00,0.00,0.00,0.00
10.5828,10.5769,5.9,0,-300.0,-154.9,2.8058,-300.7,-155.0,2.7976,0.0,0.0,0.0000,-1.9,-0.4,-0.0328,1.6,1.0,0,0.0,0.0,0.0000,0.00,0.00,0.00,0.00
10.5913,10.5849,6.4,0,-300.6,-155.2,2.7896,-300.7,-155.0,2.7976,0.0,0.0,0.0000,-0.2,0.5,0.0322,0.3,-0.4,0,0.0,0.0,0.0000,0.00,0.00,0.00,0.00
10.5995,10.5933,6.2,0,-300.4,-154.9,2.7985,-300.7,-155.0,2.7976,0.0,0.0,0.0000,-0.6,-0.2,-0.0035,0.5,0.4,0,0.0,0.0,0.0000,0.00,0.00,0.00,0.00
10.6066,10.6017,4.8,0,-300.5,-155.1,2.7934,-300.7,-155.0,2.7976,0.0,0.0,0.0000,-0.6,0.2,0.0168,0.6,0.0,0,0.0,0.0,0.0000,0.00,0.00,0.00,0.00
10.6149,10.6106,4.3,0,-300.2,-154.9,2.7986,-300.7,-155.0,2.7976,0.0,0.0,0.0000,-1.3,-0.2,-0.0040,1.2,0.6,0,0.0,0.0,0.0000,0.00,0.00,0.00,0.00
10.6234,10.6186,4.8,0,-300.2,-155.1,2.7963,-300.7,-155.0,2.7976,0.0,0.0,0.0000,-1.3,0.3,0.0054,1.3,0.1,0,0.0,0.0,0.0000,0.00,0.00,0.00,0.00
