t_s,tv_s,vision_age_ms,held,pose_x_mm,pose_y_mm,pose_theta_rad,ref_x_mm,ref_y_mm,ref_theta_rad,ref_vx_mm_s,ref_vy_mm_s,ref_omega_rad_s,cmd_world_vx_mm_s,cmd_world_vy_mm_s,cmd_omega_rad_s,cmd_body_vx_mm_s,cmd_body_vy_mm_s
-0.2933,-0.2997,6.3,0,149.3,-870.1,1.6406,148.9,-870.1,1.6453,0.0,0.0,0.0000,-1.2,-0.0,0.0189,0.1,1.2
-0.2857,-0.2909,5.3,0,149.0,-870.1,1.6465,148.9,-870.1,1.6453,0.0,0.0,0.0000,-0.1,0.1,-0.0047,0.1,0.1
-0.2779,-0.2812,3.3,0,149.3,-870.4,1.6398,148.9,-870.1,1.6453,0.0,0.0,0.0000,-1.0,0.8,0.0220,0.9,0.9
-0.2692,-0.2725,3.3,0,149.0,-869.8,1.6398,148.9,-870.1,1.6453,0.0,0.0,0.0000,-0.1,-0.8,0.0221,-0.8,0.1
-0.2617,-0.2640,2.3,0,149.1,-869.9,1.6378,148.9,-870.1,1.6453,0.0,0.0,0.0000,-0.6,-0.5,0.0300,-0.5,0.6
-0.2542,-0.2554,1.2,0,148.8,-870.0,1.6396,148.9,-870.1,1.6453,0.0,0.0,0.0000,0.3,-0.4,0.0230,-0.4,-0.3
-0.2453,-0.2554,10.1,0,148.8,-870.0,1.6396,148.9,-870.1,1.6453,0.0,0.0,0.0000,0.3,-0.4,0.0230,-0.4,-0.3
-0.2380,-0.2393,1.2,0,149.2,-870.2,1.6390,148.9,-870.1,1.6453,0.0,0.0,0.0000,-0.9,0.4,0.0252,0.5,0.9
-0.2300,-0.2301,0.1,0,149.0,-870.3,1.6410,148.9,-870.1,1.6453,0.0,0.0,0.0000,-0.2,0.6,0.0172,0.6,0.2
-0.2215,-0.2216,0.1,0,149.0,-870.1,1.6422,148.9,-870.1,1.6453,0.0,0.0,0.0000,-0.1,-0.1,0.0126,-0.1,0.1
-0.2140,-0.2216,7.6,0,149.0,-870.1,1.6422,148.9,-870.1,1.6453,0.0,0.0,0.0000,-0.1,-0.1,0.0126,-0.1,0.1
-0.2062,-0.2134,7.2,0,149.7,-870.1,1.6385,148.9,-870.1,1.6453,0.0,0.0,0.0000,-2.4,-0.0,0.0271,0.2,2.4
-0.1976,-0.2043,6.7,0,149.2,-870.0,1.6397,148.9,-870.1,1.6453,0.0,0.0,0.0000,-0.7,-0.3,0.0223,-0.2,0.7
-0.1896,-0.1963,6.7,0,149.2,-870.0,1.6371,148.9,-870.1,1.6453,0.0,0.0,0.0000,-0.8,-0.4,0.0328,-0.3,0.9
-0.1821,-0.1876,5.5,0,149.0,-870.2,1.6417,148.9,-870.1,1.6453,0.0,0.0,0.0000,-0.3,0.2,0.0146,0.3,0.2
-0.1734,-0.1795,6.0,0,149.1,-869.9,1.6457,148.9,-870.1,1.6453,0.0,0.0,0.0000,-0.4,-0.5,-0.0015,-0.4,0.4
-0.1654,-0.1700,4.6,0,148.9,-870.1,1.6456,148.9,-870.1,1.6453,0.0,0.0,0.0000,0.1,-0.0,-0.0010,-0.0,-0.1
-0.1578,-0.1621,4.3,0,149.8,-869.7,1.6428,148.9,-870.1,1.6453,0.0,0.0,0.0000,-2.5,-1.1,0.0102,-1.0,2.6
-0.1497,-0.1541,4.4,0,149.0,-869.9,1.6409,148.9,-870.1,1.6453,0.0,0.0,0.0000,-0.2,-0.6,0.0178,-0.6,0.2
-0.1422,-0.1446,2.4,0,149.2,-870.1,1.6424,148.9,-870.1,1.6453,0.0,0.0,0.0000,-0.9,0.0,0.0119,0.1,0.9
-0.1338,-0.1370,3.3,0,148.8,-869.8,1.6422,148.9,-870.1,1.6453,0.0,0.0,0.0000,0.5,-0.9,0.0123,-1.0,-0.4
-0.1258,-0.1291,3.3,0,149.2,-870.1,1.6440,148.9,-870.1,1.6453,0.0,0.0,0.0000,-0.8,0.0,0.0055,0.1,0.8
-0.1176,-0.1190,1.4,0,149.0,-870.2,1.6438,148.9,-870.1,1.6453,0.0,0.0,0.0000,-0.2,0.2,0.0062,0.2,0.2
-0.1093,-0.1115,2.3,0,148.9,-870.2,1.6461,148.9,-870.1,1.6453,0.0,0.0,0.0000,0.0,0.2,-0.0029,0.2,-0.0
-0.1019,-0.1115,9.6,0,148.9,-870.2,1.6461,148.9,-870.1,1.6453,0.0,0.0,0.0000,0.0,0.2,-0.0029,0.2,-0.0
-0.0931,-0.0946,1.4,0,149.0,-870.2,1.6431,148.9,-870.1,1.6453,0.0,0.0,0.0000,-0.3,0.3,0.0091,0.3,0.3
-0.0861,-0.0946,8.4,0,149.0,-870.2,1.6431,148.9,-870.1,1.6453,0.0,0.0,0.0000,-0.3,0.3,0.0091,0.3,0.3
-0.0771,-0.0784,1.2,0,149.4,-870.5,1.6405,148.9,-870.1,1.6453,0.0,0.0,0.0000,-1.5,1.1,0.0191,1.2,1.4
-0.0693,-0.0694,0.1,0,149.0,-870.2,1.6443,148.9,-870.1,1.6453,0.0,0.0,0.0000,-0.3,0.3,0.0041,0.3,0.2
-0.0620,-0.0694,7.4,0,149.0,-870.2,1.6443,148.9,-870.1,1.6453,0.0,0.0,0.0000,-0.3,0.3,0.0041,0.3,0.2
-0.0533,-0.0609,7.7,0,149.6,-870.0,1.6350,148.9,-870.1,1.6453,0.0,0.0,0.0000,-2.0,-0.4,0.0412,-0.2,2.1
-0.0453,-0.0503,5.1,0,149.1,-870.2,1.6464,148.9,-870.1,1.6453,0.0,0.0,0.0000,-0.4,0.3,-0.0043,0.3,0.4
-0.0379,-0.0439,6.0,0,149.4,-870.1,1.6433,148.9,-870.1,1.6453,0.0,0.0,0.0000,-1.4,-0.1,0.0082,-0.0,1.4
-0.0294,-0.0359,6.5,0,149.3,-870.3,1.6455,148.9,-870.1,1.6453,0.0,0.0,0.0000,-1.0,0.7,-0.0007,0.8,0.9
-0.0222,-0.0269,4.7,0,149.2,-870.0,1.6474,148.9,-870.1,1.6453,0.0,0.0,0.0000,-0.7,-0.3,-0.0085,-0.3,0.7
-0.0133,-0.0166,3.4,0,149.0,-869.9,1.6413,148.9,-870.1,1.6453,0.0,0.0,0.0000,-0.0,-0.7,0.0160,-0.7,0.1
-0.0056,-0.0103,4.7,0,149.1,-870.3,1.6448,148.9,-870.1,1.6453,0.0,0.0,0.0000,-0.5,0.6,0.0021,0.7,0.5
0.0020,0.0018,0.1,0,149.4,-869.9,1.6391,148.9,-870.1,1.6453,-0.5,6.6,-0.0000,-2.0,5.9,0.0249,6.0,1.6
0.0098,0.0063,3.5,0,149.2,-870.1,1.6422,148.9,-870.1,1.6453,-0.4,5.6,-0.0000,-1.5,7.6,0.0127,7.7,0.9
0.0178,0.0165,1.2,0,149.3,-870.2,1.6400,148.9,-870.0,1.6453,-1.2,16.4,-0.0000,-2.4,18.3,0.0213,18.4,1.1
0.0266,0.0232,3.4,0,149.1,-870.3,1.6407,148.9,-869.8,1.6453,-1.6,22.8,0.0000,-2.6,27.8,0.0186,27.9,0.7
0.0339,0.0317,2.3,0,149.4,-870.3,1.6447,148.9,-869.6,1.6453,-2.6,31.4,0.0000,-4.4,36.0,0.0024,36.3,1.8
0.0427,0.0402,2.5,0,148.8,-870.0,1.6387,148.9,-869.3,1.6453,-3.7,40.1,0.0000,-3.9,45.0,0.0265,45.2,0.8
0.0501,0.0500,0.1,0,149.0,-870.2,1.6401,148.8,-868.9,1.6453,-4.4,50.1,-0.0000,-4.8,54.2,0.0209,54.4,1.0
0.0580,0.0579,0.1,0,149.4,-870.4,1.6390,148.8,-868.4,1.6453,-5.0,58.0,0.0000,-6.7,63.9,0.0252,64.2,2.3
0.0662,0.0660,0.1,0,149.4,-870.1,1.6427,148.8,-867.9,1.6453,-5.5,65.7,0.0000,-7.3,72.5,0.0105,72.8,2.1
0.0740,0.0739,0.1,0,149.4,-870.1,1.6407,148.7,-867.4,1.6453,-6.1,73.4,-0.0000,-8.1,81.8,0.0185,82.2,2.3
0.0825,0.0739,8.6,0,149.4,-870.1,1.6407,148.7,-867.4,1.6453,-6.1,73.4,-0.0000,-8.7,92.6,0.0185,93.0,2.2
0.0909,0.0908,0.1,0,149.7,-869.8,1.6410,148.6,-866.0,1.6453,-7.4,90.7,0.0000,-10.6,102.1,0.0173,102.6,3.4
0.0987,0.0908,7.9,0,149.7,-869.8,1.6410,148.6,-866.0,1.6453,-7.4,90.7,0.0000,-12.2,111.7,0.0173,112.2,4.3
0.1068,0.0993,7.5,0,148.8,-869.6,1.6487,148.5,-865.2,1.6453,-8.9,98.7,-0.0000,-10.9,121.5,-0.0137,122.0,1.5
0.1142,0.1079,6.3,0,148.9,-869.0,1.6466,148.4,-864.3,1.6453,-10.2,107.1,0.0000,-12.7,129.9,-0.0050,130.5,2.8
0.1227,0.1177,5.0,0,149.5,-869.0,1.6393,148.3,-863.2,1.6453,-11.8,117.1,0.0000,-16.3,141.5,0.0239,142.3,6.5
0.1301,0.1255,4.6,0,149.4,-869.2,1.6437,148.2,-862.3,1.6453,-12.8,125.0,0.0000,-16.7,152.2,0.0064,153.0,5.6
0.1387,0.1333,5.4,0,149.4,-868.5,1.6403,148.1,-861.3,1.6453,-13.3,133.0,-0.0000,-18.3,162.2,0.0199,163.1,7.0
0.1458,0.1414,4.4,0,149.0,-868.6,1.6468,148.0,-860.1,1.6453,-14.9,140.9,-0.0000,-19.4,172.1,-0.0061,173.1,6.3
0.1548,0.1500,4.8,0,149.4,-868.3,1.6428,147.9,-858.9,1.6453,-17.3,149.1,-0.0000,-23.0,184.1,0.0103,185.3,9.7
0.1619,0.1585,3.4,0,149.8,-867.5,1.6498,147.7,-857.6,1.6453,-18.6,157.3,-0.0000,-25.1,191.9,-0.0178,193.3,9.9
0.1704,0.1668,3.7,0,149.9,-867.7,1.6479,147.6,-856.3,1.6453,-19.4,165.2,0.0000,-27.5,204.9,-0.0104,206.4,11.7
0.1780,0.1754,2.6,0,149.5,-867.1,1.6551,147.4,-854.8,1.6453,-22.1,173.8,-0.0000,-29.8,214.7,-0.0390,216.5,11.6
0.1860,0.1848,1.2,0,150.2,-866.3,1.6593,147.2,-853.1,1.6453,-25.3,183.3,-0.0000,-34.8,224.6,-0.0558,226.8,14.8
0.1944,0.1921,2.3,0,149.8,-865.7,1.6643,147.0,-851.8,1.6453,-26.4,190.2,-0.0000,-35.3,235.6,-0.0759,237.9,13.2
0.2023,0.2006,1.6,0,150.2,-864.3,1.6733,146.8,-850.1,1.6453,-27.9,198.4,0.0000,-38.8,243.6,-0.1118,246.3,13.6
0.2106,0.2091,1.4,0,150.3,-864.1,1.6724,146.5,-848.4,1.6453,-30.3,207.0,0.0000,-42.0,256.6,-0.1083,259.5,15.7
0.2189,0.2174,1.5,0,150.6,-863.5,1.6692,146.2,-846.6,1.6453,-32.5,215.3,0.0000,-46.3,268.2,-0.0956,271.5,19.7
0.2263,0.2262,0.1,0,150.9,-862.4,1.6842,145.9,-844.7,1.6453,-36.2,223.5,0.0000,-51.0,276.7,-0.1556,280.7,19.4
0.2346,0.2345,0.1,0,151.3,-860.7,1.6826,145.6,-842.8,1.6453,-39.4,231.5,-0.0000,-56.6,285.3,-0.1491,289.8,24.4
0.2428,0.2345,8.3,0,151.3,-860.7,1.6826,145.6,-842.8,1.6453,-39.4,231.5,-0.0000,-60.1,298.3,-0.1491,303.1,26.5
0.2505,0.2504,0.2,0,151.8,-858.2,1.6914,145.0,-839.0,1.6453,-44.7,245.8,0.0000,-65.1,303.5,-0.1842,309.2,28.2
0.2582,0.2504,7.8,0,151.8,-858.2,1.6914,145.0,-839.0,1.6453,-44.7,245.8,0.0000,-69.2,317.2,-0.1842,323.2,30.6
0.2667,0.2666,0.1,0,151.9,-855.1,1.7101,144.2,-834.9,1.6453,-51.1,262.1,-0.0000,-74.2,322.9,-0.2590,330.1,28.7
0.2740,0.2666,7.4,0,151.9,-855.1,1.7101,144.2,-834.9,1.6453,-51.1,262.1,-0.0000,-78.4,335.2,-0.2590,342.8,31.1
0.2824,0.2769,5.5,0,151.9,-853.7,1.7066,143.6,-832.2,1.6453,-55.3,271.2,0.0000,-83.6,345.4,-0.2450,353.6,36.1
0.2907,0.2852,5.6,0,152.2,-852.2,1.7041,143.2,-829.9,1.6453,-59.2,278.7,0.0000,-90.7,356.7,-0.2352,365.6,42.5
0.2988,0.2938,5.0,0,152.4,-850.2,1.7036,142.6,-827.4,1.6453,-64.1,288.4,-0.0000,-96.4,363.4,-0.2329,373.0,47.4
0.3061,0.3026,3.5,0,152.6,-848.6,1.7122,142.1,-824.9,1.6453,-67.2,290.5,-0.0000,-100.4,364.6,-0.2673,375.2,48.1
0.3139,0.3114,2.4,0,152.9,-846.3,1.7088,141.5,-822.3,1.6453,-69.9,291.6,0.0000,-105.6,365.8,-0.2540,376.8,54.3
0.3229,0.3191,3.8,0,153.8,-843.7,1.7118,140.9,-820.1,1.6453,-72.2,291.2,-0.0000,-113.0,365.2,-0.2660,377.5,60.5
0.3307,0.3273,3.4,0,154.6,-841.6,1.7169,140.3,-817.7,1.6453,-74.9,291.0,0.0000,-119.4,365.4,-0.2865,378.9,64.9
0.3387,0.3361,2.6,0,154.3,-839.2,1.7045,139.6,-815.1,1.6453,-77.2,290.0,-0.0000,-122.2,364.3,-0.2366,377.3,72.6
0.3461,0.3446,1.5,0,154.6,-836.6,1.7092,139.0,-812.7,1.6453,-79.4,289.2,-0.0000,-127.0,362.2,-0.2554,376.3,75.8
0.3546,0.3533,1.2,0,154.5,-834.0,1.7166,138.3,-810.1,1.6453,-82.1,288.3,-0.0000,-131.6,360.9,-0.2853,376.2,77.8
0.3624,0.3611,1.2,0,154.9,-830.5,1.7075,137.6,-807.9,1.6453,-84.5,287.5,0.0000,-136.9,356.3,-0.2489,371.7,87.1
0.3698,0.3697,0.1,0,154.9,-827.9,1.7127,136.9,-805.5,1.6453,-87.2,287.1,0.0000,-141.3,354.6,-0.2697,371.1,89.7
0.3778,0.3697,8.2,0,154.9,-827.9,1.7127,136.9,-805.5,1.6453,-87.2,287.1,0.0000,-145.9,361.1,-0.2697,378.1,93.3
0.3859,0.3783,7.6,0,155.9,-825.3,1.6913,136.1,-803.0,1.6453,-89.8,286.5,0.0000,-153.2,359.0,-0.1839,374.8,108.9
0.3942,0.3866,7.6,0,155.0,-822.9,1.6930,135.4,-800.6,1.6453,-91.9,285.6,0.0000,-155.1,358.3,-0.1909,374.5,110.3
0.4019,0.3949,7.0,0,155.3,-819.4,1.6857,134.6,-798.2,1.6453,-94.1,284.8,0.0000,-160.0,353.7,-0.1617,369.8,118.3
0.4106,0.4035,7.1,0,155.4,-815.9,1.6708,133.8,-795.8,1.6453,-96.3,284.0,-0.0000,-165.2,349.7,-0.1018,364.4,129.5
0.4187,0.4115,7.2,0,155.8,-812.8,1.6645,133.0,-793.5,1.6453,-98.6,283.2,0.0000,-171.4,346.5,-0.0767,361.0,138.2
0.4264,0.4204,6.1,0,155.6,-809.2,1.6585,132.1,-791.0,1.6453,-101.4,282.3,0.0000,-175.6,341.3,-0.0529,355.4,145.0
0.4346,0.4299,4.7,0,155.8,-806.3,1.6558,131.1,-788.3,1.6453,-104.3,281.3,-0.0000,-181.4,338.8,-0.0419,353.0,151.9
0.4418,0.4373,4.5,0,155.5,-802.6,1.6519,130.3,-786.3,1.6453,-106.8,280.5,-0.0000,-185.0,332.9,-0.0265,346.8,157.4
0.4502,0.4458,4.4,0,155.5,-799.5,1.6416,129.4,-783.9,1.6453,-108.9,279.7,0.0000,-189.4,329.9,0.0150,342.5,165.6
0.4583,0.4540,4.3,0,155.4,-795.4,1.6352,128.5,-781.6,1.6453,-110.4,279.1,-0.0000,-193.8,323.5,0.0406,335.3,172.5
0.4668,0.4624,4.4,0,155.7,-792.6,1.6313,127.6,-779.2,1.6453,-112.9,277.9,0.0000,-200.1,321.1,0.0562,332.6,180.3
0.4747,0.4711,3.6,0,155.1,-788.8,1.6157,126.6,-776.8,1.6453,-115.6,276.5,-0.0000,-203.5,314.9,0.1185,323.7,189.1
0.4821,0.4797,2.4,0,155.5,-786.1,1.6147,125.6,-774.5,1.6453,-118.3,275.7,0.0000,-209.7,312.6,0.1225,321.5,195.8
0.4907,0.4884,2.3,0,154.4,-782.4,1.6012,124.5,-772.0,1.6453,-121.1,274.9,0.0000,-212.1,307.6,0.1766,313.9,202.7
0.4987,0.4963,2.4,0,153.9,-779.6,1.5889,123.6,-769.9,1.6453,-122.6,273.8,0.0000,-215.0,304.6,0.2256,308.5,209.4
0.5064,0.5049,1.4,0,153.4,-775.3,1.5833,122.5,-767.5,1.6453,-124.5,272.6,0.0000,-218.1,297.0,0.2482,299.7,214.4
0.5140,0.5139,0.1,0,153.1,-772.4,1.5798,121.4,-765.1,1.6453,-127.5,271.9,-0.0000,-222.6,293.9,0.2621,295.9,219.9
0.5219,0.5218,0.1,0,152.3,-768.7,1.5772,120.4,-762.9,1.6453,-129.9,271.0,-0.0000,-225.7,288.5,0.2725,289.9,223.8
0.5305,0.5304,0.1,0,151.8,-765.8,1.5783,119.2,-760.6,1.6453,-132.1,269.1,-0.0000,-229.8,284.8,0.2682,286.5,227.7
0.5384,0.5304,8.0,0,151.8,-765.8,1.5783,119.2,-760.6,1.6453,-132.1,269.1,-0.0000,-235.0,289.9,0.2682,291.6,232.8
0.5465,0.5386,7.9,0,151.2,-761.9,1.5764,118.2,-758.4,1.6453,-134.2,267.8,0.0000,-238.1,284.2,0.2755,285.5,236.5
0.5543,0.5472,7.1,0,149.2,-759.6,1.5679,117.0,-756.1,1.6453,-135.8,267.3,0.0000,-237.3,282.8,0.3098,282.1,238.1
0.5621,0.5555,6.6,0,148.1,-755.6,1.5736,115.9,-753.9,1.6453,-138.0,266.4,0.0000,-239.7,275.9,0.2869,276.6,238.9
0.5706,0.5661,4.5,0,146.7,-752.7,1.5703,114.4,-751.1,1.6453,-141.5,264.9,-0.0000,-241.8,272.7,0.3002,272.6,241.9
0.5791,0.5744,4.8,0,146.1,-749.2,1.5741,113.2,-748.9,1.6453,-143.7,263.5,-0.0000,-245.7,267.3,0.2850,268.1,244.8
0.5867,0.5841,2.6,0,144.9,-746.5,1.5826,111.8,-746.4,1.6453,-146.2,261.6,-0.0000,-247.2,263.6,0.2509,266.5,244.0
0.5944,0.5920,2.4,0,142.3,-743.0,1.5848,110.6,-744.3,1.6453,-148.3,260.6,-0.0000,-245.1,258.2,0.2420,261.7,241.4
0.6027,0.6002,2.5,0,140.9,-740.5,1.5840,109.4,-742.1,1.6453,-150.4,259.5,0.0000,-246.8,256.2,0.2451,259.4,243.3
0.6107,0.6092,1.5,0,139.6,-738.3,1.5788,108.0,-739.8,1.6453,-152.8,258.3,0.0000,-248.7,254.8,0.2661,256.8,246.7
0.6190,0.6188,0.2,0,138.3,-735.1,1.5957,106.6,-737.3,1.6453,-155.3,256.9,0.0000,-250.6,250.3,0.1984,256.5,244.3
0.6264,0.6188,7.6,0,138.3,-735.1,1.5957,106.6,-737.3,1.6453,-155.3,256.9,0.0000,-255.5,254.5,0.1984,260.8,249.0
0.6346,0.6270,7.6,0,135.9,-732.8,1.6011,105.3,-735.2,1.6453,-156.9,255.3,0.0000,-254.3,252.6,0.1770,260.2,246.5
0.6430,0.6361,6.9,0,134.2,-729.5,1.6059,103.8,-732.9,1.6453,-159.1,253.9,-0.0000,-255.5,247.9,0.1578,256.8,246.6
0.6503,0.6437,6.6,0,132.0,-727.1,1.6013,102.6,-731.0,1.6453,-161.2,253.0,0.0000,-254.2,245.3,0.1759,253.0,246.6
0.6585,0.6571,1.4,0,127.2,-721.2,1.6239,100.4,-727.6,1.6453,-164.7,250.8,-0.0000,-246.1,232.2,0.0856,245.0,233.5
0.6670,0.6655,1.5,0,125.3,-719.2,1.6125,99.0,-725.5,1.6453,-166.9,249.3,0.0000,-246.7,231.0,0.1315,241.1,236.9
0.6745,0.6655,9.0,0,125.3,-719.2,1.6125,99.0,-725.5,1.6453,-166.9,249.3,0.0000,-252.5,235.2,0.1315,245.5,242.5
0.6822,0.6755,6.7,0,122.8,-716.6,1.6321,97.4,-723.0,1.6453,-169.6,247.4,-0.0000,-250.9,231.9,0.0530,246.9,236.2
0.6905,0.6839,6.6,0,120.7,-713.9,1.6478,95.9,-721.0,1.6453,-171.7,246.1,-0.0000,-250.8,229.1,-0.0097,247.7,232.5
0.6988,0.6908,8.1,0,118.4,-711.6,1.6464,94.7,-719.3,1.6453,-173.1,245.4,-0.0000,-250.3,227.0,-0.0042,245.2,232.4
0.7067,0.6995,7.2,0,115.4,-708.9,1.6509,93.2,-717.1,1.6453,-175.1,244.0,0.0000,-247.5,222.7,-0.0222,241.8,228.9
0.7141,0.7074,6.7,0,113.6,-706.6,1.6467,91.8,-715.2,1.6453,-177.3,242.0,0.0000,-247.9,219.6,-0.0056,237.7,230.6
0.7221,0.7185,3.6,0,111.5,-704.6,1.6507,89.8,-712.5,1.6453,-179.9,239.9,-0.0000,-247.5,218.0,-0.0216,237.1,229.3
0.7307,0.7245,6.2,0,108.0,-702.2,1.6616,88.8,-711.1,1.6453,-181.2,239.0,-0.0000,-243.8,215.6,-0.0652,236.9,223.2
0.7381,0.7338,4.3,0,106.1,-699.9,1.6615,87.1,-708.9,1.6453,-183.3,237.3,-0.0000,-243.5,212.8,-0.0648,234.0,223.3
0.7469,0.7413,5.6,0,101.8,-698.1,1.6623,85.7,-707.1,1.6453,-184.9,236.2,0.0000,-237.8,212.0,-0.0678,232.8,217.4
0.7549,0.7523,2.6,0,100.1,-695.8,1.6625,83.6,-704.5,1.6453,-187.7,233.8,0.0000,-239.1,208.7,-0.0688,229.7,219.0
0.7620,0.7586,3.4,0,97.4,-693.6,1.6643,82.5,-703.1,1.6453,-189.4,232.3,0.0000,-237.0,205.6,-0.0761,226.8,216.7
0.7705,0.7669,3.6,0,94.6,-691.5,1.6562,80.9,-701.1,1.6453,-191.3,230.9,0.0000,-235.3,203.9,-0.0435,223.2,217.0
0.7780,0.7754,2.6,0,92.3,-690.2,1.6656,79.2,-699.2,1.6453,-193.0,229.5,0.0000,-234.3,203.8,-0.0811,225.1,213.9
0.7858,0.7857,0.1,0,89.9,-687.5,1.6478,77.2,-696.8,1.6453,-195.9,227.8,-0.0000,-234.0,199.7,-0.0099,217.1,217.9
0.7940,0.7927,1.3,0,86.6,-685.4,1.6585,75.9,-695.2,1.6453,-197.7,226.5,-0.0000,-230.8,197.5,-0.0527,216.9,212.7
0.8020,0.8006,1.4,0,83.4,-684.0,1.6539,74.3,-693.5,1.6453,-198.9,224.4,-0.0000,-227.1,196.5,-0.0343,214.7,210.0
0.8104,0.8092,1.2,0,80.6,-682.3,1.6599,72.6,-691.5,1.6453,-200.4,222.2,0.0000,-225.6,195.0,-0.0584,214.3,207.4
0.8181,0.8092,8.9,0,80.6,-682.3,1.6599,72.6,-691.5,1.6453,-200.4,222.2,0.0000,-232.5,198.9,-0.0584,218.8,213.9
0.8262,0.8261,0.1,0,75.0,-678.8,1.6449,69.2,-687.8,1.6453,-205.0,219.4,0.0000,-222.6,192.3,0.0017,208.3,207.8
0.8348,0.8346,0.1,0,72.6,-677.2,1.6465,67.4,-685.9,1.6453,-206.9,218.1,0.0000,-222.5,191.8,-0.0049,208.0,207.3
0.8424,0.8346,7.7,0,72.6,-677.2,1.6465,67.4,-685.9,1.6453,-206.9,218.1,0.0000,-228.8,195.3,-0.0049,212.0,213.4
0.8507,0.8432,7.5,0,69.6,-675.0,1.6404,65.6,-684.1,1.6453,-208.7,216.4,-0.0000,-226.3,192.0,0.0196,207.2,212.4
0.8588,0.8529,5.9,0,66.8,-673.2,1.6530,63.6,-682.0,1.6453,-210.2,213.7,0.0000,-224.7,189.7,-0.0306,207.5,208.4
0.8664,0.8600,6.4,0,64.3,-672.3,1.6306,62.1,-680.5,1.6453,-211.6,212.1,-0.0000,-223.9,190.4,0.0588,203.5,212.2
0.8738,0.8681,5.7,0,61.2,-670.7,1.6470,60.4,-678.8,1.6453,-213.5,210.5,0.0000,-220.9,188.5,-0.0068,204.8,205.9
0.8825,0.8768,5.7,0,59.5,-668.7,1.6441,58.5,-677.0,1.6453,-215.4,208.6,-0.0000,-223.3,186.2,0.0049,202.0,209.1
0.8907,0.8853,5.4,0,56.8,-667.3,1.6249,56.7,-675.2,1.6453,-217.2,206.8,0.0000,-222.4,185.2,0.0818,196.9,212.1
0.8982,0.8936,4.5,0,53.8,-665.9,1.6394,54.8,-673.5,1.6453,-219.1,205.0,0.0000,-220.0,184.1,0.0237,198.8,206.9
0.9060,0.9017,4.3,0,52.0,-664.7,1.6266,53.1,-671.8,1.6453,-221.0,203.4,-0.0000,-221.4,183.6,0.0747,195.6,210.8
0.9148,0.9105,4.3,0,49.9,-663.6,1.6339,51.1,-670.0,1.6453,-222.5,201.3,0.0000,-222.3,183.3,0.0457,196.9,210.3
0.9224,0.9105,11.9,0,49.9,-663.6,1.6339,51.1,-670.0,1.6453,-222.5,201.3,0.0000,-228.8,186.0,0.0457,200.0,216.6
0.9301,0.9276,2.4,0,44.3,-659.7,1.6268,47.3,-666.6,1.6453,-225.8,197.2,0.0000,-219.3,177.2,0.0742,189.2,209.1
0.9384,0.9360,2.4,0,41.9,-658.8,1.6348,45.4,-665.0,1.6453,-227.8,195.5,0.0000,-219.3,177.9,0.0422,191.5,207.5
0.9465,0.9445,2.0,0,39.9,-657.5,1.6433,43.4,-663.3,1.6453,-229.2,193.7,-0.0000,-220.2,177.1,0.0082,192.6,206.8
0.9544,0.9530,1.4,0,37.5,-656.5,1.6297,41.5,-661.7,1.6453,-230.7,192.0,0.0000,-220.0,176.9,0.0624,189.5,209.2
0.9624,0.9612,1.2,0,35.6,-654.6,1.6340,39.6,-660.1,1.6453,-232.2,189.8,0.0000,-221.1,173.4,0.0453,187.1,209.7
0.9698,0.9612,8.6,0,35.6,-654.6,1.6340,39.6,-660.1,1.6453,-232.2,189.8,0.0000,-227.7,175.8,0.0453,189.8,216.1
0.9784,0.9783,0.1,0,32.0,-651.6,1.6425,35.6,-656.9,1.6453,-235.8,186.1,0.0000,-225.3,170.1,0.0114,185.8,212.6
0.9859,0.9783,7.6,0,32.0,-651.6,1.6425,35.6,-656.9,1.6453,-235.8,186.1,0.0000,-232.2,172.6,0.0114,188.8,219.2
0.9944,0.9873,7.1,0,29.4,-651.4,1.6408,33.4,-655.3,1.6453,-237.6,184.0,-0.0000,-231.2,174.1,0.0182,189.9,218.5
1.0025,0.9950,7.5,0,26.9,-649.5,1.6557,31.6,-653.8,1.6453,-238.2,181.5,-0.0000,-230.8,170.5,-0.0415,189.5,215.5
1.0102,1.0036,6.6,0,25.3,-648.4,1.6659,29.6,-652.3,1.6453,-239.7,179.2,-0.0000,-233.4,169.9,-0.0824,191.3,216.2
1.0177,1.0121,5.6,0,23.3,-646.8,1.6489,27.5,-650.8,1.6453,-241.8,177.6,-0.0000,-234.4,167.4,-0.0143,185.1,220.6
1.0259,1.0205,5.4,0,21.7,-645.8,1.6518,25.5,-649.3,1.6453,-243.5,175.9,-0.0000,-237.0,167.1,-0.0259,185.7,222.7
1.0345,1.0292,5.3,0,19.8,-644.3,1.6638,23.3,-647.8,1.6453,-245.1,174.2,-0.0000,-239.2,165.3,-0.0741,186.8,222.8
1.0418,1.0374,4.4,0,18.7,-643.4,1.6647,21.3,-646.3,1.6453,-246.3,172.1,0.0000,-242.0,164.0,-0.0776,186.0,225.6
1.0507,1.0456,5.1,0,16.7,-642.0,1.6537,19.3,-644.9,1.6453,-247.2,169.5,0.0000,-243.9,161.9,-0.0334,181.5,229.7
1.0578,1.0544,3.5,0,14.7,-640.5,1.6632,17.1,-643.5,1.6453,-248.7,167.3,0.0000,-244.5,159.4,-0.0714,181.3,228.8
1.0658,1.0628,3.1,0,13.2,-639.3,1.6663,15.1,-642.1,1.6453,-250.3,165.2,-0.0000,-247.5,157.6,-0.0839,180.5,231.3
1.0743,1.0708,3.5,0,11.3,-638.7,1.6746,13.0,-640.8,1.6453,-251.7,163.2,-0.0000,-249.8,157.9,-0.1172,182.9,232.0
1.0829,1.0793,3.7,0,9.4,-637.7,1.6621,10.9,-639.4,1.6453,-253.3,161.1,-0.0000,-252.1,157.0,-0.0669,179.4,236.7
1.0906,1.0883,2.3,0,7.3,-636.8,1.6712,8.6,-637.9,1.6453,-254.4,158.9,-0.0000,-252.7,156.2,-0.1036,180.7,235.7
1.0987,1.0962,2.4,0,6.5,-635.4,1.6671,6.6,-636.7,1.6453,-255.5,157.1,-0.0000,-257.6,153.7,-0.0872,177.8,241.6
1.1064,1.1050,1.4,0,5.3,-634.2,1.6791,4.3,-635.3,1.6453,-257.1,154.4,-0.0000,-261.4,151.4,-0.1352,178.8,243.5
1.1146,1.1134,1.2,0,3.4,-632.9,1.6635,2.2,-634.0,1.6453,-258.6,152.0,-0.0000,-263.5,148.8,-0.0727,172.5,248.6
1.1228,1.1216,1.3,0,1.5,-632.1,1.6602,0.0,-632.8,1.6453,-259.6,150.1,0.0000,-265.1,148.4,-0.0596,171.5,250.8
1.1300,1.1216,8.4,0,1.5,-632.1,1.6602,0.0,-632.8,1.6453,-259.6,150.1,0.0000,-271.6,149.8,-0.0596,173.5,257.2
1.1388,1.1387,0.2,0,-1.2,-631.1,1.6590,-4.4,-630.3,1.6453,-262.0,145.9,0.0000,-271.8,148.3,-0.0549,171.7,257.7
1.1463,1.1387,7.7,0,-1.2,-631.1,1.6590,-4.4,-630.3,1.6453,-262.0,145.9,0.0000,-278.8,149.7,-0.0549,173.7,264.5
1.1548,1.1469,7.9,0,-2.6,-630.1,1.6544,-6.6,-629.1,1.6453,-263.2,143.9,0.0000,-282.4,148.5,-0.0361,171.5,269.0
1.1627,1.1557,7.0,0,-4.5,-628.4,1.6626,-8.9,-627.8,1.6453,-264.3,141.8,0.0000,-284.1,144.7,-0.0691,170.2,269.6
1.1707,1.1643,6.4,0,-6.6,-627.2,1.6614,-11.2,-626.6,1.6453,-265.6,139.5,-0.0000,-286.0,141.9,-0.0642,167.2,272.0
1.1779,1.1723,5.7,0,-7.5,-627.0,1.6613,-13.3,-625.5,1.6453,-267.3,137.1,-0.0000,-290.1,142.4,-0.0641,168.0,276.1
1.1860,1.1814,4.6,0,-8.9,-625.7,1.6682,-15.7,-624.3,1.6453,-268.4,134.5,-0.0000,-292.7,139.4,-0.0916,167.2,277.7
1.1938,1.1894,4.4,0,-10.9,-624.8,1.6666,-17.9,-623.2,1.6453,-268.8,132.3,0.0000,-293.8,137.7,-0.0851,165.2,279.3
1.2026,1.1978,4.8,0,-12.5,-623.9,1.6672,-20.1,-622.1,1.6453,-270.2,129.9,0.0000,-298.1,135.6,-0.0875,163.7,283.6
1.2099,1.2062,3.7,0,-14.0,-623.3,1.6668,-22.4,-621.0,1.6453,-272.0,127.4,0.0000,-300.8,134.6,-0.0860,162.9,286.6
1.2183,1.2150,3.3,0,-15.0,-622.1,1.6648,-24.8,-619.9,1.6453,-272.8,125.2,0.0000,-305.2,132.5,-0.0778,160.5,291.4
1.2266,1.2230,3.6,0,-17.1,-621.5,1.6656,-27.0,-618.9,1.6453,-273.6,123.4,-0.0000,-306.8,131.6,-0.0810,160.1,292.9
1.2344,1.2308,3.6,0,-18.4,-620.3,1.6751,-29.1,-618.0,1.6453,-274.3,121.2,0.0000,-309.7,128.3,-0.1190,159.9,294.6
1.2419,1.2407,1.2,0,-20.3,-619.9,1.6697,-31.9,-616.8,1.6453,-275.2,118.4,0.0000,-311.1,128.0,-0.0976,158.1,296.9
1.2498,1.2486,1.2,0,-21.0,-618.7,1.6712,-34.0,-615.8,1.6453,-276.4,116.1,-0.0000,-316.7,124.7,-0.1034,155.8,302.6
1.2585,1.2570,1.5,0,-23.6,-618.0,1.6751,-36.4,-614.9,1.6453,-277.5,113.7,0.0000,-317.4,123.2,-0.1190,155.6,302.8
1.2669,1.2656,1.2,0,-26.1,-617.2,1.6743,-38.8,-613.9,1.6453,-278.7,111.3,-0.0000,-318.0,121.2,-0.1160,153.4,303.8
1.2739,1.2738,0.1,0,-27.7,-616.1,1.6808,-41.1,-613.0,1.6453,-279.8,109.0,-0.0000,-320.0,118.3,-0.1420,152.7,305.0
1.2823,1.2822,0.1,0,-29.5,-615.7,1.6924,-43.4,-612.1,1.6453,-280.5,106.6,-0.0000,-322.4,117.3,-0.1881,155.6,305.8
1.2908,1.2907,0.1,0,-30.9,-615.1,1.6953,-45.8,-611.2,1.6453,-281.4,104.2,0.0000,-326.3,116.0,-0.2001,155.6,309.4
1.2981,1.2907,7.4,0,-30.9,-615.1,1.6953,-45.8,-611.2,1.6453,-281.4,104.2,0.0000,-333.1,116.1,-0.2001,156.6,316.1
1.3061,1.2992,6.9,0,-33.4,-614.5,1.6839,-48.2,-610.3,1.6453,-282.2,101.7,0.0000,-333.0,114.4,-0.1545,151.3,318.0
1.3144,1.3075,6.9,0,-34.7,-613.6,1.6959,-50.5,-609.5,1.6453,-283.0,99.5,-0.0000,-337.0,112.4,-0.2024,153.6,320.4
1.3222,1.3162,6.0,0,-36.8,-612.7,1.6985,-53.0,-608.6,1.6453,-284.0,97.7,0.0000,-338.1,109.9,-0.2128,152.1,321.4
1.3298,1.3246,5.2,0,-39.3,-611.7,1.6994,-55.4,-607.8,1.6453,-284.6,95.3,0.0000,-337.4,106.6,-0.2164,149.0,321.0
1.3386,1.3330,5.6,0,-41.3,-611.5,1.6990,-57.8,-607.0,1.6453,-284.7,92.4,-0.0000,-339.5,105.5,-0.2149,148.1,323.2
1.3460,1.3414,4.6,0,-43.2,-610.6,1.7085,-60.2,-606.3,1.6453,-285.7,89.9,0.0000,-341.5,103.0,-0.2528,148.9,324.2
1.3545,1.3501,4.4,0,-44.7,-610.3,1.7113,-62.7,-605.5,1.6453,-287.1,87.5,-0.0000,-345.2,101.8,-0.2639,149.1,327.6
1.3626,1.3580,4.6,0,-47.6,-609.4,1.7040,-65.0,-604.8,1.6453,-287.9,85.3,0.0000,-344.4,99.1,-0.2347,144.0,328.2
1.3701,1.3676,2.5,0,-49.6,-608.1,1.7155,-67.7,-604.0,1.6453,-288.9,82.7,0.0000,-345.5,94.8,-0.2806,143.6,328.2
1.3777,1.3754,2.4,0,-51.4,-607.3,1.7201,-70.0,-603.4,1.6453,-289.2,80.2,0.0000,-347.2,91.7,-0.2990,142.3,329.7
1.3863,1.3839,2.4,0,-54.0,-606.3,1.7141,-72.4,-602.7,1.6453,-289.7,77.4,0.0000,-347.2,87.9,-0.2750,136.6,331.1
1.3949,1.3922,2.7,0,-55.9,-606.4,1.7114,-74.8,-602.1,1.6453,-290.2,75.1,0.0000,-349.3,88.0,-0.2644,136.1,333.6
1.4023,1.4008,1.6,0,-57.6,-605.9,1.7192,-77.3,-601.4,1.6453,-290.6,72.7,0.0000,-351.2,86.1,-0.2955,137.0,334.6
1.4101,1.4088,1.2,0,-61.1,-604.9,1.7100,-79.7,-600.9,1.6453,-291.5,70.4,-0.0000,-348.4,82.3,-0.2589,129.9,333.6
1.4178,1.4177,0.1,0,-63.3,-604.5,1.7169,-82.3,-600.3,1.6453,-292.4,68.0,-0.0000,-349.3,80.6,-0.2865,130.6,333.8
1.4258,1.4177,8.1,0,-63.3,-604.5,1.7169,-82.3,-600.3,1.6453,-292.4,68.0,-0.0000,-356.7,80.0,-0.2865,131.1,341.2
1.4339,1.4263,7.7,0,-65.3,-603.1,1.7127,-84.8,-599.7,1.6453,-292.7,65.6,-0.0000,-358.5,75.2,-0.2695,125.2,344.2
1.4425,1.4344,8.1,0,-68.4,-602.8,1.7045,-87.2,-599.2,1.6453,-293.2,63.3,0.0000,-356.8,73.7,-0.2367,120.6,343.8
1.4506,1.4430,7.6,0,-70.1,-601.6,1.7115,-89.7,-598.6,1.6453,-293.6,61.0,0.0000,-359.4,69.2,-0.2648,118.9,346.2
1.4579,1.4532,4.7,0,-72.7,-600.5,1.7170,-92.7,-598.0,1.6453,-294.4,57.9,0.0000,-359.2,64.6,-0.2867,116.2,346.0
1.4663,1.4598,6.6,0,-75.1,-600.1,1.6979,-94.6,-597.6,1.6453,-295.3,55.7,-0.0000,-360.2,62.2,-0.2103,107.4,349.4
1.4746,1.4682,6.4,0,-77.5,-599.5,1.7122,-97.1,-597.2,1.6453,-295.8,53.1,-0.0000,-360.0,59.0,-0.2674,109.1,348.1
1.4823,1.4765,5.8,0,-81.0,-598.5,1.6963,-99.5,-596.8,1.6453,-295.6,50.4,0.0000,-356.7,54.9,-0.2038,99.1,347.0
1.4909,1.4873,3.7,0,-83.8,-598.2,1.7098,-102.7,-596.2,1.6453,-296.1,47.3,0.0000,-356.6,52.7,-0.2580,101.7,345.9
1.4979,1.4935,4.4,0,-86.6,-596.6,1.6980,-104.6,-595.9,1.6453,-296.6,45.6,-0.0000,-354.8,47.0,-0.2106,91.6,346.0
1.5064,1.5018,4.6,0,-88.9,-596.8,1.7041,-107.1,-595.6,1.6453,-296.8,43.3,0.0000,-355.2,46.5,-0.2352,93.3,345.9
1.5138,1.5102,3.6,0,-90.7,-595.9,1.6965,-109.5,-595.2,1.6453,-296.8,41.1,0.0000,-356.8,42.6,-0.2047,87.0,348.6
1.5228,1.5215,1.2,0,-94.2,-594.2,1.7000,-112.9,-594.8,1.6453,-297.5,37.5,0.0000,-354.7,35.4,-0.2188,80.8,347.2
1.5308,1.5275,3.3,0,-96.3,-594.7,1.6992,-114.7,-594.6,1.6453,-297.8,35.6,0.0000,-356.0,35.2,-0.2156,80.5,348.6
1.5379,1.5365,1.4,0,-100.0,-593.4,1.7063,-117.4,-594.2,1.6453,-298.3,32.7,-0.0000,-351.8,29.7,-0.2441,77.0,344.6
1.5468,1.5442,2.6,0,-102.9,-593.7,1.7026,-119.7,-594.0,1.6453,-298.9,30.2,-0.0000,-351.4,28.9,-0.2293,74.8,344.6
1.5543,1.5442,10.1,0,-102.9,-593.7,1.7026,-119.7,-594.0,1.6453,-298.9,30.2,-0.0000,-357.7,27.6,-0.2293,74.4,351.0
1.5623,1.5610,1.2,0,-108.6,-592.8,1.6922,-124.7,-593.5,1.6453,-298.3,25.7,0.0000,-347.7,23.3,-0.1876,65.3,342.3
1.5707,1.5695,1.2,0,-111.0,-592.7,1.7021,-127.2,-593.3,1.6453,-299.0,23.4,-0.0000,-348.9,21.3,-0.2269,66.8,343.1
1.5782,1.5695,8.7,0,-111.0,-592.7,1.7021,-127.2,-593.3,1.6453,-299.0,23.4,-0.0000,-355.9,19.6,-0.2269,66.1,350.3
1.5867,1.5789,7.7,0,-115.0,-592.2,1.6988,-130.0,-593.1,1.6453,-299.5,20.7,0.0000,-351.5,15.4,-0.2138,60.2,346.7
1.5940,1.5939,0.1,0,-120.9,-591.6,1.7006,-134.5,-592.9,1.6453,-299.5,15.2,-0.0000,-340.6,11.3,-0.2209,55.3,336.3
1.6026,1.5939,8.8,0,-120.9,-591.6,1.7006,-134.5,-592.9,1.6453,-299.5,15.2,-0.0000,-348.6,9.5,-0.2209,54.5,344.4
1.6104,1.6032,7.2,0,-123.7,-591.5,1.6986,-137.3,-592.7,1.6453,-299.7,12.8,0.0000,-347.0,7.5,-0.2132,51.7,343.2
1.6177,1.6119,5.8,0,-127.5,-591.2,1.6852,-139.9,-592.6,1.6453,-299.9,10.4,0.0000,-342.5,4.7,-0.1595,43.7,339.8
1.6265,1.6214,5.1,0,-130.3,-591.4,1.6883,-142.8,-592.5,1.6453,-300.1,8.0,-0.0000,-342.3,3.0,-0.1720,43.1,339.5
1.6348,1.6291,5.7,0,-133.3,-590.6,1.6834,-145.1,-592.5,1.6453,-300.2,5.4,0.0000,-340.9,-2.5,-0.1524,35.8,339.0
1.6427,1.6404,2.3,0,-136.7,-591.2,1.6927,-148.5,-592.4,1.6453,-300.4,1.1,-0.0000,-337.9,-3.4,-0.1894,37.7,335.8
1.6502,1.6457,4.6,0,-140.2,-590.6,1.6850,-150.1,-592.4,1.6453,-300.3,-0.3,-0.0000,-333.9,-6.8,-0.1587,31.3,332.5
1.6579,1.6551,2.9,0,-143.2,-591.2,1.6911,-152.9,-592.5,1.6453,-300.0,-2.6,-0.0000,-331.6,-7.2,-0.1830,32.6,330.0
1.6660,1.6626,3.4,0,-146.3,-590.7,1.6772,-155.1,-592.5,1.6453,-299.8,-5.0,0.0000,-329.1,-11.7,-0.1274,23.3,328.5
1.6739,1.6715,2.4,0,-149.7,-591.2,1.6840,-157.8,-592.5,1.6453,-299.5,-7.9,-0.0000,-326.2,-12.7,-0.1546,24.2,325.5
1.6821,1.6795,2.6,0,-153.1,-591.3,1.6732,-160.2,-592.6,1.6453,-299.7,-10.0,0.0000,-323.5,-14.8,-0.1114,18.3,323.3
1.6907,1.6884,2.3,0,-155.6,-590.5,1.6726,-162.9,-592.7,1.6453,-300.0,-12.4,0.0000,-324.0,-19.8,-0.1093,13.3,324.3
1.6984,1.6960,2.3,0,-159.3,-590.9,1.6848,-165.2,-592.8,1.6453,-299.7,-14.9,-0.0000,-319.3,-21.5,-0.1578,14.9,319.7
1.7062,1.7048,1.4,0,-162.3,-591.3,1.6762,-167.8,-593.0,1.6453,-299.5,-17.6,-0.0000,-317.2,-23.2,-0.1236,10.3,317.9
1.7145,1.7133,1.2,0,-165.7,-591.2,1.6811,-170.3,-593.1,1.6453,-299.3,-20.3,-0.0000,-314.3,-26.6,-0.1432,8.2,315.3
1.7218,1.7217,0.1,0,-169.1,-591.5,1.6754,-172.8,-593.3,1.6453,-299.1,-22.9,-0.0000,-310.5,-28.4,-0.1203,4.1,311.8
1.7306,1.7304,0.2,0,-171.7,-591.8,1.6757,-175.4,-593.5,1.6453,-299.0,-25.1,-0.0000,-310.3,-30.3,-0.1214,2.4,311.8
1.7384,1.7304,8.0,0,-171.7,-591.8,1.6757,-175.4,-593.5,1.6453,-299.0,-25.1,-0.0000,-317.2,-33.1,-0.1214,0.3,318.9
1.7463,1.7429,3.4,0,-175.6,-591.3,1.6751,-179.2,-593.8,1.6453,-298.5,-28.8,0.0000,-312.0,-37.7,-0.1191,-5.1,314.2
1.7545,1.7466,7.9,0,-178.6,-591.8,1.6808,-180.3,-594.0,1.6453,-298.0,-30.0,0.0000,-309.8,-39.5,-0.1420,-5.3,312.3
1.7622,1.7556,6.6,0,-181.8,-591.6,1.6776,-183.0,-594.2,1.6453,-297.7,-32.7,-0.0000,-307.6,-43.6,-0.1289,-10.6,310.5
1.7699,1.7640,5.9,0,-184.5,-592.4,1.6809,-185.5,-594.5,1.6453,-298.2,-35.5,-0.0000,-306.4,-44.2,-0.1425,-10.3,309.4
1.7789,1.7722,6.7,0,-188.4,-592.4,1.6764,-187.9,-594.8,1.6453,-298.0,-37.9,-0.0000,-301.9,-47.7,-0.1244,-15.6,305.3
1.7869,1.7809,6.0,0,-190.8,-592.4,1.6721,-190.5,-595.2,1.6453,-297.3,-40.1,0.0000,-301.3,-50.9,-0.1073,-20.1,304.9
1.7947,1.7893,5.3,0,-194.2,-592.5,1.6901,-193.0,-595.5,1.6453,-296.8,-42.6,-0.0000,-297.6,-54.0,-0.1792,-18.2,302.0
1.8029,1.7975,5.4,0,-196.9,-592.5,1.6857,-195.4,-595.9,1.6453,-296.2,-45.1,0.0000,-296.4,-57.5,-0.1617,-23.2,301.0
1.8099,1.8064,3.4,0,-200.3,-593.1,1.6911,-198.1,-596.3,1.6453,-296.0,-47.9,0.0000,-292.3,-59.2,-0.1831,-23.7,297.3
1.8180,1.8145,3.4,0,-202.9,-593.8,1.6779,-200.5,-596.7,1.6453,-295.9,-50.6,-0.0000,-291.5,-60.8,-0.1302,-29.3,296.3
1.8264,1.8239,2.5,0,-205.9,-593.9,1.6917,-203.3,-597.2,1.6453,-295.3,-53.1,-0.0000,-289.4,-63.9,-0.1854,-28.5,295.0
1.8343,1.8317,2.6,0,-209.2,-594.4,1.6779,-205.5,-597.6,1.6453,-294.9,-55.1,0.0000,-286.1,-66.0,-0.1305,-35.0,291.5
1.8424,1.8401,2.3,0,-211.4,-594.5,1.6927,-208.0,-598.1,1.6453,-294.3,-57.7,0.0000,-286.2,-69.7,-0.1895,-34.4,292.5
1.8508,1.8482,2.6,0,-215.4,-594.6,1.6785,-210.4,-598.5,1.6453,-293.8,-60.3,-0.0000,-281.0,-73.5,-0.1327,-42.8,287.3
1.8583,1.8568,1.4,0,-217.1,-596.0,1.6756,-212.9,-599.1,1.6453,-293.3,-62.5,-0.0000,-282.1,-72.4,-0.1212,-42.5,288.1
1.8664,1.8651,1.2,0,-220.7,-596.6,1.6827,-215.4,-599.6,1.6453,-292.8,-64.7,-0.0000,-277.9,-74.4,-0.1497,-42.9,284.5
1.8748,1.8735,1.2,0,-222.9,-597.0,1.6750,-217.8,-600.2,1.6453,-292.3,-67.4,-0.0000,-278.2,-77.6,-0.1186,-48.3,284.7
1.8830,1.8829,0.1,0,-225.6,-597.6,1.6762,-220.6,-600.8,1.6453,-291.7,-70.3,0.0000,-276.8,-80.0,-0.1234,-50.4,283.7
1.8904,1.8829,7.5,0,-225.6,-597.6,1.6762,-220.6,-600.8,1.6453,-291.7,-70.3,0.0000,-282.9,-83.9,-0.1234,-53.7,290.2
1.8981,1.8907,7.4,0,-228.8,-597.9,1.6734,-222.8,-601.4,1.6453,-291.3,-72.8,0.0000,-279.4,-87.1,-0.1121,-58.1,286.9
1.9068,1.8990,7.8,0,-231.2,-598.8,1.6910,-225.2,-602.0,1.6453,-290.7,-75.3,0.0000,-278.7,-88.3,-0.1827,-54.3,287.2
1.9145,1.9074,7.0,0,-234.2,-598.4,1.6783,-227.7,-602.6,1.6453,-289.7,-77.3,-0.0000,-275.6,-93.7,-0.1318,-63.6,284.1
1.9220,1.9160,6.0,0,-236.8,-599.4,1.6899,-230.2,-603.3,1.6453,-289.0,-79.8,-0.0000,-274.0,-94.9,-0.1784,-61.6,283.4
1.9300,1.9241,5.9,0,-239.5,-600.2,1.6935,-232.5,-603.9,1.6453,-288.7,-82.5,0.0000,-272.4,-96.8,-0.1927,-62.8,282.2
1.9389,1.9331,5.8,0,-242.4,-600.6,1.6777,-235.1,-604.7,1.6453,-287.9,-85.0,0.0000,-270.4,-100.3,-0.1296,-70.8,279.6
1.9458,1.9414,4.4,0,-244.6,-601.6,1.6847,-237.5,-605.4,1.6453,-287.0,-87.1,0.0000,-269.2,-101.0,-0.1574,-69.7,278.9
1.9547,1.9501,4.6,0,-247.1,-601.7,1.6779,-240.0,-606.2,1.6453,-286.2,-89.5,0.0000,-268.3,-105.2,-0.1302,-75.9,278.0
1.9620,1.9583,3.7,0,-249.4,-602.8,1.6720,-242.3,-606.9,1.6453,-285.3,-91.6,-0.0000,-267.0,-106.0,-0.1067,-78.4,276.3
1.9703,1.9669,3.4,0,-251.9,-604.3,1.6762,-244.8,-607.7,1.6453,-284.7,-94.2,-0.0000,-266.4,-106.5,-0.1235,-77.9,276.1
1.9781,1.9756,2.5,0,-254.4,-604.6,1.6743,-247.3,-608.6,1.6453,-284.4,-96.9,0.0000,-264.8,-110.3,-0.1157,-82.4,274.8
1.9864,1.9838,2.7,0,-257.0,-605.9,1.6855,-249.6,-609.4,1.6453,-283.1,-99.4,0.0000,-262.5,-111.5,-0.1606,-80.8,273.6
1.9944,1.9921,2.3,0,-259.3,-606.1,1.6892,-251.9,-610.2,1.6453,-281.8,-102.0,-0.0000,-261.5,-115.6,-0.1756,-83.9,273.4
2.0032,2.0004,2.9,0,-262.2,-606.8,1.6730,-254.3,-611.1,1.6453,-281.5,-104.1,0.0000,-260.1,-118.6,-0.1109,-91.4,270.9
2.0105,2.0091,1.4,0,-263.8,-608.1,1.6806,-256.7,-612.0,1.6453,-281.0,-106.5,0.0000,-260.7,-119.1,-0.1413,-89.8,272.1
2.0188,2.0176,1.2,0,-265.6,-608.8,1.6863,-259.1,-612.9,1.6453,-279.6,-109.2,0.0000,-260.9,-122.3,-0.1640,-91.4,273.2
2.0264,2.0253,1.1,0,-268.4,-610.0,1.6640,-261.2,-613.7,1.6453,-278.6,-111.5,0.0000,-258.0,-123.4,-0.0748,-98.9,268.3
2.0343,2.0253,9.1,0,-268.4,-610.0,1.6640,-261.2,-613.7,1.6453,-278.6,-111.5,0.0000,-263.4,-127.6,-0.0748,-102.5,274.1
2.0418,2.0349,6.9,0,-270.6,-610.5,1.6653,-263.9,-614.8,1.6453,-277.1,-113.3,0.0000,-262.0,-130.3,-0.0798,-105.0,273.1
2.0503,2.0429,7.5,0,-272.3,-611.2,1.6648,-266.1,-615.7,1.6453,-276.2,-115.3,0.0000,-263.7,-134.0,-0.0780,-108.7,275.1
2.0583,2.0521,6.2,0,-275.4,-612.2,1.6717,-268.7,-616.8,1.6453,-276.1,-118.4,-0.0000,-260.4,-136.4,-0.1055,-109.5,272.8
2.0660,2.0594,6.6,0,-277.1,-613.3,1.6792,-270.7,-617.7,1.6453,-275.3,-120.6,-0.0000,-260.0,-138.3,-0.1356,-109.4,273.4
2.0740,2.0686,5.4,0,-278.8,-613.7,1.6795,-273.2,-618.8,1.6453,-273.1,-123.6,0.0000,-260.0,-142.4,-0.1367,-113.3,273.9
2.0818,2.0763,5.6,0,-281.5,-614.9,1.6687,-275.3,-619.8,1.6453,-272.1,-125.5,-0.0000,-257.6,-143.3,-0.0934,-117.4,270.4
2.0900,2.0852,4.7,0,-283.5,-615.8,1.6695,-277.7,-620.9,1.6453,-271.6,-127.2,0.0000,-257.5,-145.4,-0.0968,-119.3,270.6
2.0979,2.0936,4.4,0,-285.1,-617.1,1.6651,-280.0,-622.0,1.6453,-270.5,-129.6,0.0000,-257.8,-147.4,-0.0792,-122.5,270.6
2.1065,2.1018,4.7,0,-287.7,-618.0,1.6667,-282.2,-623.0,1.6453,-269.2,-132.4,-0.0000,-255.8,-150.7,-0.0855,-125.6,269.1
2.1148,2.1102,4.6,0,-289.6,-619.1,1.6624,-284.5,-624.2,1.6453,-268.3,-134.4,0.0000,-256.4,-152.4,-0.0681,-128.3,269.2
2.1227,2.1193,3.4,0,-291.5,-620.3,1.6784,-286.9,-625.4,1.6453,-267.7,-136.2,-0.0000,-256.0,-153.9,-0.1324,-125.5,271.1
2.1304,2.1268,3.6,0,-293.6,-621.1,1.6625,-288.9,-626.4,1.6453,-266.3,-138.5,0.0000,-254.2,-157.3,-0.0687,-133.4,267.5
2.1383,2.1357,2.6,0,-296.1,-622.2,1.6624,-291.3,-627.7,1.6453,-264.5,-141.4,-0.0000,-251.6,-159.5,-0.0684,-135.8,265.2
2.1463,2.1440,2.3,0,-297.4,-623.6,1.6629,-293.5,-628.9,1.6453,-263.5,-143.1,-0.0000,-253.4,-160.4,-0.0704,-136.4,267.0
2.1545,2.1521,2.4,0,-299.0,-624.8,1.6589,-295.6,-630.0,1.6453,-262.4,-144.8,0.0000,-253.7,-162.1,-0.0542,-139.2,267.0
2.1624,2.1609,1.5,0,-301.5,-625.6,1.6565,-297.9,-631.3,1.6453,-261.2,-147.7,-0.0000,-251.5,-165.8,-0.0449,-143.7,264.7
2.1707,2.1694,1.3,0,-303.5,-627.3,1.6651,-300.1,-632.6,1.6453,-260.0,-150.3,0.0000,-250.7,-166.8,-0.0791,-142.5,265.3
2.1778,2.1777,0.1,0,-305.1,-629.2,1.6707,-302.3,-633.8,1.6453,-258.4,-152.4,-0.0000,-250.0,-166.4,-0.1015,-140.6,265.3
2.1867,2.1777,9.1,0,-305.1,-629.2,1.6707,-302.3,-633.8,1.6453,-258.4,-152.4,-0.0000,-255.4,-172.8,-0.1015,-146.5,271.4
2.1943,2.1873,7.0,0,-306.5,-630.4,1.6637,-304.7,-635.3,1.6453,-256.8,-154.8,-0.0000,-256.2,-174.3,-0.0736,-149.8,271.2
2.2019,2.1946,7.4,0,-309.4,-631.5,1.6616,-306.6,-636.4,1.6453,-256.0,-156.3,-0.0000,-252.3,-176.2,-0.0653,-152.6,267.3
2.2109,2.2032,7.7,0,-310.5,-633.0,1.6759,-308.8,-637.8,1.6453,-254.8,-158.3,0.0000,-254.1,-178.3,-0.1222,-150.7,271.4
2.2186,2.2117,6.9,0,-312.3,-633.9,1.6800,-311.0,-639.1,1.6453,-253.1,-160.6,0.0000,-253.2,-181.5,-0.1388,-152.8,271.4
2.2258,2.2224,3.4,0,-315.1,-635.1,1.6719,-313.7,-640.9,1.6453,-251.5,-163.4,-0.0000,-249.5,-183.3,-0.1064,-157.2,266.7
2.2339,2.2283,5.6,0,-316.6,-637.2,1.6661,-315.2,-641.8,1.6453,-250.8,-165.1,-0.0000,-249.8,-183.1,-0.0830,-158.5,266.1
2.2429,2.2372,5.8,0,-318.1,-638.5,1.6688,-317.4,-643.3,1.6453,-249.4,-167.2,0.0000,-250.4,-185.6,-0.0937,-160.2,267.4
2.2503,2.2458,4.5,0,-320.0,-639.5,1.6756,-319.5,-644.8,1.6453,-247.8,-168.9,0.0000,-248.9,-188.1,-0.1210,-161.0,267.2
2.2579,2.2545,3.4,0,-322.3,-641.4,1.6671,-321.7,-646.2,1.6453,-246.3,-171.2,-0.0000,-246.4,-188.5,-0.0870,-163.9,263.4
2.2663,2.2626,3.7,0,-323.8,-642.4,1.6715,-323.6,-647.6,1.6453,-245.0,-173.3,0.0000,-246.4,-192.0,-0.1047,-166.3,264.5
2.2742,2.2708,3.4,0,-325.5,-645.3,1.6739,-325.7,-649.1,1.6453,-243.2,-175.5,-0.0000,-245.3,-189.6,-0.1144,-163.4,263.5
2.2825,2.2801,2.5,0,-327.2,-646.6,1.6759,-327.9,-650.7,1.6453,-241.0,-177.9,-0.0000,-244.3,-192.0,-0.1223,-165.3,263.1
2.2900,2.2899,0.1,0,-329.5,-648.0,1.6699,-330.2,-652.5,1.6453,-239.9,-180.0,0.0000,-242.1,-193.6,-0.0983,-168.7,260.0
2.2984,2.2961,2.3,0,-330.9,-649.7,1.6661,-331.7,-653.6,1.6453,-239.1,-181.5,-0.0000,-242.9,-194.9,-0.0831,-170.9,260.4
2.3058,2.3045,1.3,0,-332.9,-652.0,1.6626,-333.7,-655.1,1.6453,-237.6,-183.3,0.0000,-240.8,-193.6,-0.0691,-170.7,257.5
2.3146,2.3132,1.4,0,-334.7,-653.2,1.6651,-335.8,-656.7,1.6453,-236.1,-185.2,0.0000,-240.2,-197.1,-0.0791,-173.6,257.7
2.3220,2.3132,8.8,0,-334.7,-653.2,1.6651,-335.8,-656.7,1.6453,-236.1,-185.2,0.0000,-243.7,-203.2,-0.0791,-179.4,261.7
2.3300,2.3299,0.1,0,-338.3,-656.4,1.6606,-339.7,-659.9,1.6453,-232.4,-189.6,-0.0000,-236.7,-200.2,-0.0612,-178.1,253.7
2.3387,2.3299,8.8,0,-338.3,-656.4,1.6606,-339.7,-659.9,1.6453,-232.4,-189.6,-0.0000,-241.4,-206.9,-0.0612,-184.4,259.0
2.3463,2.3390,7.3,0,-340.3,-657.9,1.6584,-341.8,-661.6,1.6453,-231.0,-191.5,0.0000,-239.3,-208.4,-0.0522,-186.7,256.6
2.3548,2.3467,8.1,0,-342.3,-659.2,1.6469,-343.6,-663.1,1.6453,-229.6,-193.3,-0.0000,-237.0,-212.0,-0.0062,-193.4,252.4
2.3627,2.3572,5.5,0,-344.8,-660.9,1.6440,-346.0,-665.1,1.6453,-227.1,-196.3,0.0000,-233.5,-213.3,0.0052,-195.7,248.4
2.3700,2.3638,6.2,0,-346.2,-663.3,1.6540,-347.5,-666.4,1.6453,-225.8,-197.7,-0.0000,-232.9,-211.5,-0.0346,-191.4,249.6
2.3806,2.3638,16.9,0,-346.2,-663.3,1.6540,-347.5,-666.4,1.6453,-225.8,-197.7,-0.0000,-238.1,-220.0,-0.0346,-199.4,255.5
2.3863,2.3852,1.1,0,-350.0,-666.6,1.6498,-352.3,-670.7,1.6453,-221.9,-201.7,-0.0000,-229.4,-214.8,-0.0179,-196.0,245.6
2.3947,2.3903,4.3,0,-351.5,-668.3,1.6607,-353.4,-671.7,1.6453,-220.8,-202.8,0.0000,-228.6,-216.7,-0.0616,-195.3,247.1
2.4021,2.3987,3.4,0,-352.8,-670.3,1.6581,-355.3,-673.4,1.6453,-219.0,-204.9,0.0000,-227.9,-217.5,-0.0513,-196.8,246.0
2.4103,2.4059,4.4,0,-354.8,-671.9,1.6545,-356.8,-674.9,1.6453,-217.5,-207.0,0.0000,-225.5,-219.7,-0.0365,-200.1,243.0
2.4186,2.4143,4.3,0,-357.3,-674.2,1.6631,-358.7,-676.7,1.6453,-215.7,-208.6,-0.0000,-221.8,-219.1,-0.0709,-197.7,241.0
2.4258,2.4234,2.5,0,-358.6,-676.2,1.6685,-360.6,-678.6,1.6453,-213.8,-210.0,-0.0000,-220.9,-219.1,-0.0925,-196.5,241.2
2.4339,2.4314,2.5,0,-360.0,-678.2,1.6524,-362.3,-680.3,1.6453,-212.1,-212.1,-0.0000,-220.2,-220.5,-0.0283,-201.8,237.5
2.4423,2.4400,2.3,0,-361.9,-679.7,1.6738,-364.1,-682.1,1.6453,-210.2,-214.5,-0.0000,-217.9,-223.5,-0.1138,-200.0,239.7
2.4505,2.4481,2.4,0,-364.2,-681.8,1.6717,-365.8,-683.8,1.6453,-208.6,-215.8,0.0000,-214.4,-223.9,-0.1057,-201.1,235.9
2.4581,2.4580,0.1,0,-365.1,-684.2,1.6661,-367.9,-686.0,1.6453,-206.5,-217.6,0.0000,-214.8,-223.1,-0.0829,-201.6,235.0
2.4666,2.4653,1.2,0,-367.2,-686.1,1.6750,-369.4,-687.6,1.6453,-204.5,-219.3,0.0000,-211.5,-224.8,-0.1188,-201.6,233.7
2.4748,2.4735,1.3,0,-369.5,-687.6,1.6848,-371.0,-689.4,1.6453,-202.4,-221.1,0.0000,-207.6,-227.5,-0.1580,-202.4,232.1
2.4823,2.4821,0.2,0,-370.8,-689.9,1.6747,-372.8,-691.3,1.6453,-201.3,-222.6,0.0000,-207.5,-226.9,-0.1176,-204.1,229.9
2.4906,2.4905,0.1,0,-372.5,-692.5,1.6965,-374.5,-693.2,1.6453,-199.7,-224.1,0.0000,-205.7,-226.1,-0.2049,-198.5,232.4
2.4985,2.4905,8.0,0,-372.5,-692.5,1.6965,-374.5,-693.2,1.6453,-199.7,-224.1,0.0000,-208.2,-232.7,-0.2049,-204.7,235.7
2.5067,2.4990,7.7,0,-374.1,-694.6,1.6918,-376.2,-695.1,1.6453,-197.3,-225.4,-0.0000,-206.3,-233.6,-0.1861,-207.0,233.0
2.5140,2.5074,6.6,0,-376.6,-695.9,1.6957,-377.8,-697.0,1.6453,-195.4,-227.2,-0.0000,-201.5,-237.1,-0.2015,-210.1,229.5
2.5222,2.5165,5.6,0,-378.3,-699.2,1.7012,-379.6,-699.1,1.6453,-193.6,-230.0,0.0000,-199.5,-234.6,-0.2235,-206.6,228.3
2.5309,2.5241,6.7,0,-379.3,-701.2,1.7006,-381.0,-700.8,1.6453,-191.8,-231.5,0.0000,-199.3,-235.4,-0.2212,-207.6,228.1
2.5388,2.5329,5.9,0,-381.3,-702.8,1.6948,-382.7,-702.8,1.6453,-189.6,-232.2,0.0000,-195.6,-237.6,-0.1981,-211.6,223.5
2.5467,2.5413,5.4,0,-382.8,-705.2,1.7085,-384.3,-704.8,1.6453,-187.5,-233.8,0.0000,-193.5,-238.0,-0.2528,-209.2,224.4
2.5542,2.5495,4.7,0,-384.0,-707.5,1.7081,-385.8,-706.7,1.6453,-185.3,-236.0,0.0000,-192.3,-237.9,-0.2511,-209.3,223.0
2.5620,2.5618,0.1,0,-385.6,-710.2,1.6978,-388.1,-709.7,1.6453,-182.8,-237.6,-0.0000,-190.4,-236.1,-0.2101,-210.0,218.8
2.5697,2.5665,3.3,0,-387.4,-711.9,1.7155,-388.9,-710.7,1.6453,-181.9,-238.1,-0.0000,-187.5,-237.5,-0.2809,-208.0,219.8
2.5784,2.5748,3.6,0,-389.2,-713.8,1.7230,-390.5,-712.8,1.6453,-179.8,-240.0,-0.0000,-184.7,-240.3,-0.3108,-209.5,219.0
2.5860,2.5835,2.5,0,-390.6,-715.4,1.7081,-392.0,-714.8,1.6453,-177.6,-242.0,-0.0000,-182.5,-242.7,-0.2513,-215.4,214.0
2.5941,2.5918,2.3,0,-392.4,-718.5,1.7095,-393.5,-716.9,1.6453,-175.5,-243.4,0.0000,-179.3,-240.5,-0.2569,-213.3,210.8
2.6021,2.6004,1.7,0,-393.9,-720.0,1.7171,-395.0,-719.0,1.6453,-173.4,-245.0,0.0000,-177.2,-243.4,-0.2872,-215.0,210.8
2.6101,2.6089,1.2,0,-395.3,-721.9,1.7091,-396.4,-721.0,1.6453,-171.3,-246.0,-0.0000,-175.1,-244.4,-0.2552,-217.9,207.2
2.6185,2.6089,9.6,0,-395.3,-721.9,1.7091,-396.4,-721.0,1.6453,-171.3,-246.0,-0.0000,-177.3,-251.9,-0.2552,-225.0,210.4
2.6260,2.6259,0.1,0,-398.4,-726.4,1.7110,-399.3,-725.2,1.6453,-167.1,-249.3,-0.0000,-169.9,-245.8,-0.2628,-219.7,202.6
2.6340,2.6339,0.1,0,-399.4,-728.6,1.7032,-400.6,-727.3,1.6453,-165.1,-251.0,0.0000,-168.9,-247.2,-0.2315,-222.7,200.1
2.6428,2.6427,0.2,0,-401.1,-730.7,1.7047,-402.1,-729.5,1.6453,-162.9,-252.0,-0.0000,-165.8,-248.4,-0.2374,-224.0,197.5
2.6499,2.6427,7.2,0,-401.1,-730.7,1.7047,-402.1,-729.5,1.6453,-162.9,-252.0,-0.0000,-167.5,-254.6,-0.2374,-230.0,200.0
2.6587,2.6509,7.8,0,-402.4,-732.7,1.7017,-403.4,-731.5,1.6453,-160.9,-253.1,-0.0000,-165.7,-256.5,-0.2256,-232.7,197.8
2.6658,2.6592,6.6,0,-404.1,-734.2,1.7075,-404.7,-733.6,1.6453,-158.9,-254.2,0.0000,-162.4,-258.6,-0.2487,-234.0,196.2
2.6745,2.6679,6.6,0,-405.2,-736.0,1.7139,-406.1,-735.9,1.6453,-156.7,-255.5,-0.0000,-161.0,-261.4,-0.2742,-235.8,196.6
2.6824,2.6765,5.9,0,-407.1,-739.0,1.6967,-407.5,-738.1,1.6453,-154.7,-257.3,-0.0000,-157.0,-259.9,-0.2053,-238.1,188.4
2.6903,2.6849,5.4,0,-408.6,-741.0,1.7090,-408.7,-740.2,1.6453,-152.4,-258.5,-0.0000,-153.6,-260.9,-0.2548,-237.2,188.1
2.6986,2.6929,5.6,0,-410.1,-742.3,1.6945,-410.0,-742.3,1.6453,-150.0,-259.4,-0.0000,-150.7,-264.8,-0.1967,-244.2,182.2
2.7064,2.7016,4.8,0,-411.6,-745.1,1.6933,-411.2,-744.6,1.6453,-147.7,-260.9,-0.0000,-147.8,-264.1,-0.1920,-244.1,178.9
2.7147,2.7102,4.5,0,-412.8,-747.0,1.7009,-412.5,-746.8,1.6453,-145.7,-262.6,0.0000,-145.7,-266.3,-0.2222,-245.1,179.1
2.7220,2.7186,3.4,0,-413.5,-749.1,1.6971,-413.7,-749.0,1.6453,-143.6,-263.8,-0.0000,-144.9,-266.7,-0.2072,-246.3,177.3
2.7305,2.7269,3.7,0,-415.4,-751.0,1.6870,-414.9,-751.2,1.6453,-141.7,-264.9,0.0000,-140.7,-269.0,-0.1668,-250.9,170.9
2.7380,2.7357,2.3,0,-417.5,-752.7,1.6955,-416.1,-753.5,1.6453,-139.1,-265.8,0.0000,-135.3,-270.2,-0.2008,-251.2,167.9
2.7464,2.7440,2.4,0,-418.6,-755.1,1.6913,-417.3,-755.8,1.6453,-136.8,-266.4,-0.0000,-133.1,-270.8,-0.1837,-252.9,164.6
2.7539,2.7525,1.4,0,-419.8,-757.5,1.6812,-418.4,-758.0,1.6453,-134.3,-268.0,-0.0000,-130.5,-271.1,-0.1433,-255.0,159.6
2.7618,2.7606,1.2,0,-421.5,-759.8,1.6832,-419.5,-760.2,1.6453,-132.0,-269.5,-0.0000,-126.1,-272.0,-0.1517,-256.2,155.9
2.7704,2.7692,1.2,0,-423.3,-761.1,1.6878,-420.6,-762.5,1.6453,-130.0,-270.7,0.0000,-122.2,-276.2,-0.1699,-260.0,153.6
2.7778,2.7777,0.1,0,-424.9,-763.1,1.6768,-421.7,-764.8,1.6453,-127.9,-271.8,-0.0000,-118.5,-277.0,-0.1258,-262.9,147.1
2.7865,2.7777,8.8,0,-424.9,-763.1,1.6768,-421.7,-764.8,1.6453,-127.9,-271.8,-0.0000,-119.3,-284.7,-0.1258,-270.5,148.7
2.7946,2.7945,0.1,0,-427.2,-767.8,1.6867,-423.8,-769.4,1.6453,-123.1,-273.3,-0.0000,-113.1,-278.1,-0.1656,-263.2,144.5
2.8024,2.7945,7.9,0,-427.2,-767.8,1.6867,-423.8,-769.4,1.6453,-123.1,-273.3,-0.0000,-113.7,-285.8,-0.1656,-270.7,146.0
2.8097,2.8032,6.5,0,-429.2,-769.7,1.6733,-424.9,-771.8,1.6453,-120.6,-274.7,0.0000,-108.3,-287.2,-0.1120,-274.6,137.1
2.8180,2.8114,6.6,0,-430.8,-771.5,1.6636,-425.9,-774.1,1.6453,-118.2,-275.7,0.0000,-104.1,-289.3,-0.0731,-278.4,130.5
2.8265,2.8203,6.2,0,-431.5,-773.7,1.6677,-426.9,-776.5,1.6453,-115.8,-276.4,-0.0000,-102.3,-290.6,-0.0896,-279.4,129.9
2.8348,2.8283,6.4,0,-433.4,-776.1,1.6669,-427.8,-778.7,1.6453,-113.5,-277.3,-0.0000,-97.0,-291.6,-0.0862,-280.9,124.5
2.8423,2.8374,4.9,0,-434.7,-778.2,1.6602,-428.9,-781.3,1.6453,-110.8,-278.6,-0.0000,-93.6,-292.5,-0.0593,-282.9,119.3
2.8500,2.8456,4.4,0,-436.4,-780.3,1.6545,-429.8,-783.5,1.6453,-108.7,-279.7,-0.0000,-89.4,-293.8,-0.0366,-285.3,113.6
2.8583,2.8539,4.4,0,-438.2,-782.6,1.6561,-430.7,-785.9,1.6453,-106.9,-281.1,0.0000,-84.5,-295.1,-0.0433,-286.8,109.3
2.8660,2.8617,4.3,0,-439.3,-784.8,1.6550,-431.5,-788.1,1.6453,-104.5,-281.7,0.0000,-80.8,-295.0,-0.0386,-287.2,105.4
2.8750,2.8713,3.7,0,-440.9,-786.9,1.6577,-432.5,-790.8,1.6453,-101.2,-281.8,-0.0000,-76.1,-297.1,-0.0497,-289.4,101.6
2.8821,2.8793,2.7,0,-442.9,-789.2,1.6453,-433.3,-793.0,1.6453,-99.3,-283.0,0.0000,-70.9,-297.4,0.0000,-291.3,92.8
2.8905,2.8881,2.3,0,-444.1,-791.0,1.6470,-434.1,-795.5,1.6453,-97.3,-284.5,0.0000,-67.4,-300.4,-0.0066,-294.4,90.1
2.8983,2.8969,1.4,0,-445.2,-793.4,1.6371,-435.0,-798.0,1.6453,-94.4,-284.7,0.0000,-63.7,-300.0,0.0329,-295.1,83.4
2.9059,2.9045,1.4,0,-446.5,-795.1,1.6282,-435.7,-800.2,1.6453,-91.9,-285.1,0.0000,-59.4,-301.8,0.0683,-297.9,76.6
2.9141,2.9129,1.2,0,-447.6,-798.5,1.6408,-436.5,-802.6,1.6453,-89.6,-286.0,-0.0000,-56.3,-299.6,0.0180,-294.9,77.1
2.9228,2.9215,1.3,0,-449.5,-800.5,1.6247,-437.2,-805.1,1.6453,-87.2,-286.8,-0.0000,-50.4,-301.8,0.0824,-298.6,66.6
2.9310,2.9296,1.4,0,-450.4,-802.2,1.6312,-437.9,-807.4,1.6453,-84.9,-287.6,-0.0000,-47.6,-304.5,0.0565,-301.1,65.9
2.9380,2.9296,8.4,0,-450.4,-802.2,1.6312,-437.9,-807.4,1.6453,-84.9,-287.6,-0.0000,-47.4,-311.2,0.0565,-307.8,66.1
2.9461,2.9383,7.8,0,-451.8,-804.2,1.6302,-438.6,-809.9,1.6453,-82.5,-288.5,0.0000,-42.8,-313.0,0.0606,-310.0,61.3
2.9543,2.9466,7.7,0,-453.4,-807.3,1.6161,-439.3,-812.3,1.6453,-80.2,-289.3,0.0000,-37.6,-311.6,0.1168,-309.6,51.6
2.9621,2.9555,6.6,0,-454.0,-809.5,1.6136,-440.0,-814.9,1.6453,-77.7,-290.1,0.0000,-35.6,-312.1,0.1268,-310.3,48.9
2.9703,2.9637,6.6,0,-455.3,-813.1,1.6147,-440.6,-817.3,1.6453,-75.5,-290.5,-0.0000,-31.2,-308.9,0.1223,-307.3,44.7
2.9789,2.9713,7.6,0,-457.2,-814.1,1.6088,-441.2,-819.5,1.6453,-73.2,-290.9,0.0000,-24.3,-314.0,0.1462,-312.9,36.2
2.9866,2.9806,6.0,0,-457.9,-816.0,1.5991,-441.9,-822.2,1.6453,-70.1,-291.3,0.0000,-21.4,-315.4,0.1847,-314.7,30.3
2.9946,2.9903,4.3,0,-458.6,-819.4,1.6020,-442.5,-825.0,1.6453,-67.3,-292.1,-0.0000,-18.7,-313.4,0.1732,-312.6,28.5
3.0023,2.9972,5.1,0,-460.5,-821.4,1.5957,-443.0,-827.0,1.6453,-65.4,-293.0,-0.0000,-12.3,-314.8,0.1985,-314.4,20.2
3.0109,3.0061,4.8,0,-461.1,-824.2,1.6022,-443.6,-829.6,1.6453,-62.9,-293.5,0.0000,-10.0,-314.3,0.1726,-313.8,19.8
3.0178,3.0144,3.4,0,-462.3,-826.3,1.6050,-444.1,-832.1,1.6453,-60.7,-294.0,0.0000,-5.6,-314.4,0.1614,-314.0,16.4
3.0269,3.0243,2.6,0,-464.2,-828.1,1.5930,-444.7,-835.0,1.6453,-57.5,-294.5,0.0000,1.6,-317.4,0.2093,-317.3,5.4
3.0348,3.0312,3.6,0,-464.7,-830.3,1.6029,-445.1,-837.0,1.6453,-55.2,-294.9,-0.0000,4.0,-318.2,0.1695,-318.2,6.2
3.0420,3.0397,2.3,0,-465.8,-833.2,1.6106,-445.5,-839.5,1.6453,-52.9,-295.4,-0.0000,8.1,-316.5,0.1389,-316.6,4.5
3.0503,3.0479,2.5,0,-466.0,-835.3,1.6074,-445.9,-841.9,1.6453,-50.7,-295.9,0.0000,10.0,-318.2,0.1518,-318.4,1.7
3.0586,3.0585,0.1,0,-466.9,-838.2,1.6124,-446.5,-845.1,1.6453,-47.2,-295.9,0.0000,14.2,-316.8,0.1315,-317.1,-1.0
3.0664,3.0652,1.2,0,-468.0,-840.8,1.6075,-446.8,-847.1,1.6453,-45.2,-296.1,-0.0000,18.8,-316.0,0.1515,-316.5,-7.2
3.0738,3.0737,0.1,0,-468.3,-842.7,1.6145,-447.1,-849.6,1.6453,-42.9,-296.7,-0.0000,20.6,-317.5,0.1232,-318.1,-6.7
3.0822,3.0820,0.2,0,-469.1,-845.9,1.6279,-447.5,-852.1,1.6453,-40.6,-297.1,-0.0000,24.2,-315.9,0.0699,-316.7,-6.2
3.0905,3.0820,8.5,0,-469.1,-845.9,1.6279,-447.5,-852.1,1.6453,-40.6,-297.1,-0.0000,26.1,-323.7,0.0699,-324.7,-7.6
3.0983,3.0929,5.4,0,-470.1,-847.9,1.6153,-447.9,-855.3,1.6453,-36.9,-297.7,-0.0000,30.6,-324.9,0.1201,-325.9,-16.2
3.1064,3.0987,7.7,0,-470.1,-849.7,1.6290,-448.1,-857.0,1.6453,-35.2,-298.0,-0.0000,31.8,-327.5,0.0652,-328.8,-12.7
3.1146,3.1074,7.2,0,-470.9,-853.4,1.6267,-448.4,-859.6,1.6453,-32.9,-298.7,-0.0000,36.0,-324.1,0.0744,-325.6,-17.8
3.1219,3.1158,6.1,0,-471.5,-855.3,1.6385,-448.7,-862.1,1.6453,-30.5,-298.9,0.0000,39.5,-324.5,0.0273,-326.4,-17.5
3.1308,3.1256,5.2,0,-472.3,-858.0,1.6520,-449.0,-865.1,1.6453,-27.3,-298.3,0.0000,43.7,-324.2,-0.0267,-326.7,-17.3
3.1384,3.1328,5.6,0,-472.6,-860.2,1.6437,-449.2,-867.2,1.6453,-25.2,-298.5,-0.0000,46.1,-325.2,0.0065,-327.7,-22.3
3.1457,3.1412,4.5,0,-472.5,-862.7,1.6475,-449.4,-869.7,1.6453,-23.0,-299.3,0.0000,47.5,-324.7,-0.0089,-327.4,-22.5
3.1543,3.1495,4.8,0,-473.0,-865.6,1.6571,-449.5,-872.2,1.6453,-20.5,-299.5,0.0000,51.2,-323.6,-0.0470,-326.8,-23.1
3.1629,3.1591,3.8,0,-473.6,-867.7,1.6523,-449.7,-875.1,1.6453,-17.4,-299.6,0.0000,55.3,-325.3,-0.0281,-328.7,-28.6
3.1701,3.1667,3.4,0,-473.5,-870.5,1.6609,-449.8,-877.3,1.6453,-15.0,-299.7,-0.0000,57.0,-323.4,-0.0625,-327.2,-27.7
3.1782,3.1748,3.4,0,-473.4,-873.1,1.6617,-450.0,-879.8,1.6453,-12.4,-299.9,0.0000,58.7,-323.0,-0.0654,-327.0,-29.2
3.1858,3.1833,2.6,0,-473.6,-876.7,1.6742,-450.1,-882.3,1.6453,-10.1,-299.7,0.0000,61.0,-318.7,-0.1156,-323.3,-27.7
3.1947,3.1924,2.3,0,-473.4,-879.0,1.6621,-450.1,-885.1,1.6453,-7.7,-299.5,0.0000,62.7,-319.7,-0.0670,-324.1,-33.3
3.2025,3.2000,2.5,0,-473.2,-881.0,1.6551,-450.2,-887.3,1.6453,-5.2,-299.7,-0.0000,64.6,-321.0,-0.0393,-325.3,-37.3
3.2101,3.2087,1.4,0,-473.0,-883.9,1.6698,-450.2,-889.9,1.6453,-2.4,-299.8,-0.0000,66.4,-319.1,-0.0980,-324.1,-34.6
3.2184,3.2171,1.2,0,-473.2,-886.1,1.6650,-450.2,-892.5,1.6453,-0.3,-300.0,-0.0000,68.9,-320.2,-0.0788,-325.3,-38.5
3.2258,3.2257,0.1,0,-472.3,-889.1,1.6759,-450.2,-895.0,1.6453,2.1,-300.1,0.0000,68.3,-317.9,-0.1224,-323.3,-34.6
3.2344,3.2257,8.7,0,-472.3,-889.1,1.6759,-450.2,-895.0,1.6453,2.1,-300.1,0.0000,71.8,-325.8,-0.1224,-331.6,-37.2
3.2422,3.2348,7.4,0,-472.3,-891.0,1.6641,-450.2,-897.8,1.6453,5.7,-300.4,-0.0000,74.7,-327.3,-0.0751,-332.9,-43.9
3.2498,3.2424,7.4,0,-471.5,-893.5,1.6629,-450.1,-900.1,1.6453,8.3,-300.3,-0.0000,74.4,-325.9,-0.0705,-331.3,-44.1
3.2582,3.2509,7.3,0,-470.9,-896.6,1.6522,-450.1,-902.6,1.6453,10.2,-299.5,-0.0000,74.9,-323.7,-0.0275,-328.8,-48.4
3.2663,3.2596,6.7,0,-470.7,-898.7,1.6533,-450.0,-905.2,1.6453,12.7,-299.2,0.0000,77.5,-325.0,-0.0320,-330.2,-50.5
3.2746,3.2681,6.5,0,-469.8,-901.1,1.6487,-449.8,-907.7,1.6453,15.6,-299.6,-0.0000,77.8,-325.3,-0.0136,-330.3,-52.3
3.2827,3.2770,5.7,0,-469.3,-903.9,1.6447,-449.7,-910.4,1.6453,18.2,-299.6,-0.0000,78.6,-324.0,0.0024,-328.9,-54.5
3.2898,3.2850,4.8,0,-467.6,-907.1,1.6381,-449.5,-912.8,1.6453,20.2,-299.3,0.0000,76.2,-320.7,0.0290,-325.1,-54.5
3.2978,3.2934,4.4,0,-467.3,-909.3,1.6300,-449.3,-915.3,1.6453,22.7,-299.1,0.0000,78.3,-321.0,0.0613,-325.0,-59.2
3.3062,3.3015,4.7,0,-466.8,-912.3,1.6400,-449.2,-917.7,1.6453,25.3,-298.9,-0.0000,80.1,-319.5,0.0214,-324.2,-57.8
3.3149,3.3103,4.7,0,-465.3,-914.1,1.6294,-448.9,-920.4,1.6453,28.0,-298.7,0.0000,79.0,-321.5,0.0639,-325.6,-60.0
3.3220,3.3187,3.3,0,-464.0,-916.7,1.6286,-448.7,-922.9,1.6453,30.7,-298.5,-0.0000,77.9,-319.8,0.0670,-323.8,-59.3
3.3306,3.3281,2.5,0,-462.3,-920.2,1.6230,-448.4,-925.7,1.6453,33.3,-298.4,0.0000,75.9,-317.0,0.0894,-320.5,-59.3
3.3389,3.3353,3.6,0,-461.7,-922.6,1.6187,-448.1,-927.8,1.6453,35.1,-298.3,-0.0000,77.4,-317.0,0.1065,-320.3,-62.1
3.3463,3.3440,2.3,0,-460.3,-924.8,1.6230,-447.8,-930.4,1.6453,37.9,-297.7,-0.0000,76.5,-316.4,0.0894,-320.0,-59.9
3.3547,3.3523,2.4,0,-459.6,-927.4,1.6203,-447.5,-932.9,1.6453,40.4,-297.2,0.0000,77.8,-315.8,0.1001,-319.3,-62.0
3.3626,3.3611,1.5,0,-458.3,-929.4,1.6108,-447.1,-935.5,1.6453,43.2,-296.6,-0.0000,77.5,-316.3,0.1381,-319.1,-64.8
3.3707,3.3694,1.3,0,-457.3,-932.2,1.6183,-446.7,-938.0,1.6453,45.8,-296.1,-0.0000,78.0,-314.5,0.1081,-317.9,-62.9
3.3783,3.3694,8.9,0,-457.3,-932.2,1.6183,-446.7,-938.0,1.6453,45.8,-296.1,-0.0000,81.0,-321.3,0.1081,-324.8,-65.6
3.3863,3.3862,0.1,0,-454.4,-937.8,1.6114,-445.9,-942.9,1.6453,50.2,-295.8,-0.0000,75.8,-311.5,0.1358,-314.3,-63.1
3.3950,3.3949,0.1,0,-452.8,-941.3,1.6106,-445.5,-945.5,1.6453,53.0,-295.1,0.0000,74.9,-307.9,0.1387,-310.6,-62.6
3.4031,3.4029,0.1,0,-451.8,-943.0,1.6091,-445.1,-947.9,1.6453,55.5,-294.7,-0.0000,75.9,-309.6,0.1450,-312.2,-64.0
3.4101,3.4029,7.1,0,-451.8,-943.0,1.6091,-445.1,-947.9,1.6453,55.5,-294.7,-0.0000,79.4,-315.8,0.1450,-318.6,-67.2
3.4180,3.4116,6.4,0,-450.7,-946.1,1.6117,-444.6,-950.4,1.6453,58.3,-294.8,-0.0000,79.7,-313.3,0.1347,-316.3,-66.9
3.4266,3.4210,5.6,0,-449.0,-949.0,1.6106,-444.0,-953.2,1.6453,61.0,-294.2,-0.0000,78.4,-310.9,0.1391,-313.7,-66.0
3.4347,3.4282,6.5,0,-447.2,-951.8,1.6177,-443.5,-955.3,1.6453,62.8,-293.2,0.0000,76.7,-309.0,0.1106,-312.2,-62.2
3.4424,3.4387,3.7,0,-446.1,-954.2,1.6213,-442.9,-958.4,1.6453,65.9,-292.5,0.0000,77.5,-308.0,0.0962,-311.6,-61.8
3.4500,3.4473,2.7,0,-445.5,-955.8,1.6129,-442.3,-960.9,1.6453,68.7,-292.0,-0.0000,79.7,-309.5,0.1298,-312.6,-66.6
3.4577,3.4554,2.4,0,-443.9,-958.3,1.6322,-441.7,-963.3,1.6453,70.8,-291.5,-0.0000,78.3,-308.4,0.0526,-312.6,-59.2
3.4657,3.4624,3.4,0,-442.6,-962.2,1.6200,-441.2,-965.3,1.6453,72.6,-291.2,-0.0000,78.3,-303.0,0.1014,-306.5,-63.4
3.4746,3.4710,3.6,0,-440.9,-964.5,1.6261,-440.6,-967.8,1.6453,75.2,-290.3,-0.0000,78.2,-303.0,0.0769,-306.8,-61.4
3.4827,3.4710,11.7,0,-440.9,-964.5,1.6261,-440.6,-967.8,1.6453,75.2,-290.3,-0.0000,82.5,-309.2,0.0769,-313.3,-65.3
3.4900,3.4877,2.3,0,-438.7,-969.5,1.6182,-439.3,-972.6,1.6453,80.1,-288.9,-0.0000,79.5,-300.2,0.1084,-303.7,-65.1
3.4989,3.4963,2.7,0,-437.5,-972.7,1.6377,-438.6,-975.1,1.6453,82.3,-288.4,0.0000,80.6,-297.9,0.0305,-302.7,-60.5
3.5059,3.5047,1.2,0,-435.8,-975.6,1.6300,-437.9,-977.5,1.6453,85.0,-287.9,0.0000,79.4,-294.8,0.0614,-299.0,-61.8
3.5142,3.5130,1.2,0,-435.0,-978.1,1.6438,-437.2,-979.9,1.6453,87.6,-287.5,-0.0000,81.6,-293.8,0.0060,-299.0,-60.0
3.5230,3.5216,1.4,0,-433.7,-980.9,1.6419,-436.4,-982.4,1.6453,89.7,-286.0,0.0000,82.4,-291.4,0.0135,-296.5,-61.5
3.5300,3.5299,0.1,0,-433.3,-983.1,1.6338,-435.7,-984.8,1.6453,92.0,-284.9,0.0000,85.1,-289.9,0.0461,-294.7,-66.6
3.5384,3.5383,0.1,0,-432.3,-986.1,1.6510,-434.9,-987.2,1.6453,94.7,-284.7,0.0000,87.0,-287.8,-0.0228,-293.8,-63.6
3.5468,3.5466,0.2,0,-431.5,-988.4,1.6459,-434.1,-989.5,1.6453,97.2,-284.1,0.0000,89.5,-287.5,-0.0023,-293.4,-67.7
3.5548,3.5466,8.3,0,-431.5,-988.4,1.6459,-434.1,-989.5,1.6453,97.2,-284.1,0.0000,93.8,-293.5,-0.0023,-299.7,-71.5
3.5618,3.5553,6.5,0,-430.9,-991.0,1.6545,-433.2,-992.0,1.6453,99.4,-283.1,-0.0000,96.1,-291.1,-0.0369,-298.1,-71.4
3.5709,3.5633,7.6,0,-429.2,-993.7,1.6518,-432.4,-994.3,1.6453,101.6,-282.3,-0.0000,96.8,-289.7,-0.0260,-296.5,-73.0
3.5781,3.5721,6.0,0,-428.1,-995.9,1.6546,-431.5,-996.7,1.6453,104.5,-281.5,0.0000,97.8,-288.3,-0.0372,-295.5,-73.4
3.5861,3.5785,7.6,0,-427.9,-998.4,1.6575,-430.8,-998.5,1.6453,106.4,-280.8,0.0000,101.8,-286.4,-0.0487,-294.1,-76.6
3.5947,3.5889,5.8,0,-426.6,-1000.9,1.6568,-429.7,-1001.5,1.6453,109.0,-279.1,0.0000,103.0,-285.1,-0.0461,-292.8,-78.1
3.6027,3.5972,5.4,0,-425.8,-1004.0,1.6640,-428.8,-1003.8,1.6453,111.2,-278.4,0.0000,105.5,-282.2,-0.0745,-290.8,-78.8
3.6107,3.6060,4.7,0,-425.4,-1006.0,1.6578,-427.8,-1006.2,1.6453,113.5,-278.3,0.0000,109.2,-282.1,-0.0501,-290.5,-84.2
3.6186,3.6141,4.4,0,-424.2,-1008.9,1.6633,-426.9,-1008.5,1.6453,115.9,-277.0,-0.0000,110.9,-278.1,-0.0719,-287.2,-84.8
3.6267,3.6230,3.7,0,-424.0,-1011.5,1.6585,-425.8,-1010.9,1.6453,118.7,-275.0,0.0000,115.4,-275.7,-0.0529,-284.8,-90.8
3.6346,3.6313,3.3,0,-423.4,-1013.3,1.6598,-424.9,-1013.2,1.6453,120.9,-274.3,-0.0000,118.5,-276.4,-0.0580,-285.8,-93.5
3.6429,3.6393,3.6,0,-421.9,-1016.3,1.6580,-423.9,-1015.4,1.6453,123.0,-273.5,-0.0000,119.3,-273.3,-0.0506,-282.6,-95.0
3.6504,3.6393,11.1,0,-421.9,-1016.3,1.6580,-423.9,-1015.4,1.6453,123.0,-273.5,-0.0000,124.0,-278.8,-0.0506,-288.6,-99.3
3.6585,3.6562,2.3,0,-420.4,-1021.6,1.6523,-421.8,-1020.0,1.6453,127.5,-272.0,-0.0000,124.9,-268.8,-0.0278,-278.1,-102.6
3.6658,3.6645,1.2,0,-420.4,-1023.8,1.6469,-420.7,-1022.3,1.6453,130.1,-270.3,0.0000,130.1,-266.3,-0.0061,-275.4,-109.5
3.6748,3.6734,1.4,0,-419.9,-1026.2,1.6573,-419.5,-1024.6,1.6453,132.8,-268.7,-0.0000,134.7,-265.1,-0.0479,-275.7,-111.3
3.6820,3.6819,0.1,0,-418.9,-1028.0,1.6547,-418.4,-1026.9,1.6453,134.4,-268.2,-0.0000,136.1,-265.1,-0.0377,-275.6,-113.4
3.6906,3.6905,0.1,0,-418.6,-1029.8,1.6425,-417.2,-1029.2,1.6453,136.5,-267.3,0.0000,140.6,-265.5,0.0114,-274.9,-121.2
3.6986,3.6905,8.1,0,-418.6,-1029.8,1.6425,-417.2,-1029.2,1.6453,136.5,-267.3,0.0000,146.6,-270.7,0.0114,-280.5,-126.9
3.7067,3.6988,7.8,0,-418.0,-1032.9,1.6599,-416.1,-1031.4,1.6453,139.4,-266.0,-0.0000,150.7,-266.7,-0.0584,-279.1,-126.3
3.7146,3.7072,7.5,0,-417.4,-1035.3,1.6476,-414.9,-1033.7,1.6453,141.7,-264.8,-0.0000,153.7,-264.4,-0.0090,-275.4,-133.0
3.7219,3.7158,6.1,0,-417.0,-1037.8,1.6473,-413.7,-1035.9,1.6453,143.3,-263.0,0.0000,157.5,-261.2,-0.0081,-272.5,-137.0
3.7306,3.7247,5.8,0,-416.8,-1039.4,1.6432,-412.4,-1038.3,1.6453,145.5,-261.8,-0.0000,162.9,-262.9,0.0086,-274.0,-143.5
3.7381,3.7327,5.4,0,-415.4,-1042.4,1.6358,-411.2,-1040.4,1.6453,147.6,-261.5,0.0000,164.1,-259.0,0.0381,-269.1,-146.9
3.7463,3.7408,5.6,0,-415.2,-1043.9,1.6412,-410.0,-1042.5,1.6453,149.9,-260.2,0.0000,170.1,-259.2,0.0165,-270.5,-151.4
3.7549,3.7502,4.6,0,-414.5,-1046.2,1.6423,-408.6,-1044.9,1.6453,153.1,-258.4,-0.0000,174.1,-257.2,0.0119,-269.0,-155.2
3.7618,3.7594,2.4,0,-413.7,-1048.5,1.6390,-407.2,-1047.3,1.6453,155.1,-256.8,-0.0000,176.3,-254.5,0.0253,-265.9,-158.6
3.7708,3.7662,4.6,0,-413.8,-1050.3,1.6455,-406.1,-1049.0,1.6453,156.4,-255.5,0.0000,182.9,-254.6,-0.0008,-267.6,-163.4
3.7785,3.7749,3.6,0,-412.9,-1051.8,1.6255,-404.7,-1051.2,1.6453,158.7,-254.3,0.0000,186.0,-254.9,0.0792,-264.7,-171.8
3.7867,3.7833,3.4,0,-413.2,-1054.1,1.6350,-403.4,-1053.4,1.6453,161.0,-253.3,-0.0000,192.8,-253.2,0.0412,-265.1,-176.2
3.7947,3.7933,1.4,0,-412.3,-1055.8,1.6307,-401.8,-1055.9,1.6453,163.6,-251.4,-0.0000,196.5,-252.4,0.0584,-263.7,-181.0
3.8029,3.8002,2.6,0,-412.1,-1057.6,1.6190,-400.6,-1057.6,1.6453,165.5,-250.1,0.0000,201.9,-252.0,0.1054,-261.4,-189.6
3.8103,3.8091,1.2,0,-411.1,-1059.8,1.6377,-399.2,-1059.8,1.6453,167.4,-249.1,0.0000,204.1,-250.1,0.0304,-263.2,-186.9
3.8181,3.8169,1.2,0,-410.8,-1062.2,1.6234,-397.8,-1061.8,1.6453,169.1,-248.1,0.0000,208.9,-247.5,0.0879,-258.1,-195.6
3.8259,3.8169,9.0,0,-410.8,-1062.2,1.6234,-397.8,-1061.8,1.6453,169.1,-248.1,0.0000,215.0,-251.2,0.0879,-262.2,-201.5
3.8342,3.8341,0.1,0,-409.6,-1065.2,1.6234,-394.9,-1066.0,1.6453,173.6,-244.2,0.0000,217.8,-246.8,0.0878,-257.9,-204.5
3.8420,3.8419,0.1,0,-408.3,-1067.2,1.6180,-393.5,-1067.9,1.6453,175.2,-243.4,-0.0000,219.7,-245.6,0.1092,-255.7,-207.8
3.8506,3.8419,8.7,0,-408.3,-1067.2,1.6180,-393.5,-1067.9,1.6453,175.2,-243.4,-0.0000,226.2,-250.7,0.1092,-261.1,-214.1
3.8586,3.8506,8.0,0,-407.3,-1069.0,1.6137,-392.0,-1070.0,1.6453,177.3,-242.2,0.0000,229.8,-249.7,0.1267,-259.3,-218.9
3.8662,3.8608,5.5,0,-406.6,-1070.4,1.6127,-390.2,-1072.5,1.6453,180.0,-240.4,0.0000,233.6,-249.5,0.1303,-259.1,-223.0
3.8746,3.8680,6.7,0,-406.0,-1071.6,1.6141,-388.9,-1074.2,1.6453,181.9,-238.9,0.0000,238.9,-249.9,0.1247,-260.0,-227.8
3.8822,3.8761,6.1,0,-404.6,-1073.5,1.6151,-387.4,-1076.1,1.6453,184.2,-237.0,-0.0000,240.5,-248.0,0.1210,-258.4,-229.3
3.8903,3.8848,5.4,0,-403.3,-1075.9,1.6086,-385.8,-1078.2,1.6453,186.0,-235.3,-0.0000,242.3,-245.4,0.1468,-254.4,-232.9
3.8985,3.8929,5.6,0,-402.8,-1076.5,1.6045,-384.3,-1080.1,1.6453,187.1,-234.2,-0.0000,247.2,-247.8,0.1633,-256.0,-238.7
3.9061,3.9015,4.7,0,-401.4,-1077.9,1.6114,-382.7,-1082.1,1.6453,189.2,-232.4,-0.0000,249.5,-247.1,0.1358,-257.0,-239.3
3.9142,3.9099,4.3,0,-399.8,-1079.5,1.6124,-381.1,-1084.1,1.6453,191.5,-230.4,-0.0000,251.2,-246.1,0.1316,-256.4,-240.8
3.9228,3.9182,4.6,0,-398.7,-1081.2,1.6258,-379.5,-1086.0,1.6453,193.7,-228.9,0.0000,255.3,-245.8,0.0779,-259.4,-241.4
3.9307,3.9281,2.6,0,-397.1,-1082.6,1.6130,-377.5,-1088.2,1.6453,196.4,-227.2,-0.0000,257.3,-245.5,0.1291,-256.2,-246.7
3.9379,3.9355,2.4,0,-396.1,-1084.2,1.6231,-376.1,-1089.9,1.6453,197.6,-226.0,0.0000,259.6,-244.5,0.0889,-257.7,-246.5
3.9459,3.9436,2.4,0,-394.9,-1085.6,1.6200,-374.5,-1091.7,1.6453,199.0,-224.7,-0.0000,262.1,-244.3,0.1015,-256.9,-249.8
3.9548,3.9522,2.6,0,-393.1,-1087.7,1.6230,-372.7,-1093.7,1.6453,200.9,-222.8,-0.0000,264.0,-241.9,0.0894,-255.3,-251.0
3.9624,3.9610,1.4,0,-391.6,-1089.0,1.6211,-371.0,-1095.6,1.6453,202.8,-220.9,-0.0000,266.1,-241.3,0.0968,-254.4,-253.6
3.9704,3.9692,1.2,0,-390.6,-1090.1,1.6156,-369.3,-1097.4,1.6453,205.1,-219.2,0.0000,270.0,-241.7,0.1190,-253.6,-258.9
3.9786,3.9773,1.2,0,-388.9,-1091.7,1.6303,-367.6,-1099.2,1.6453,207.2,-217.4,0.0000,272.1,-240.5,0.0600,-256.3,-257.3
3.9865,3.9863,0.2,0,-386.8,-1093.7,1.6302,-365.7,-1101.1,1.6453,208.6,-215.6,-0.0000,271.7,-238.0,0.0604,-253.8,-257.1
3.9937,3.9863,7.4,0,-386.8,-1093.7,1.6302,-365.7,-1101.1,1.6453,208.6,-215.6,-0.0000,277.6,-241.2,0.0604,-257.3,-262.8
4.0023,3.9944,7.9,0,-385.1,-1094.6,1.6344,-364.1,-1102.9,1.6453,210.1,-213.9,0.0000,280.2,-242.2,0.0436,-259.5,-264.2
4.0103,4.0030,7.3,0,-383.4,-1096.5,1.6275,-362.2,-1104.7,1.6453,212.1,-212.1,0.0000,281.8,-239.6,0.0713,-255.1,-267.8
4.0188,4.0113,7.4,0,-382.1,-1098.6,1.6318,-360.5,-1106.5,1.6453,213.9,-210.2,0.0000,285.1,-236.4,0.0539,-253.3,-270.1
4.0268,4.0197,7.1,0,-380.0,-1099.8,1.6387,-358.7,-1108.2,1.6453,215.7,-207.8,-0.0000,285.7,-235.8,0.0264,-254.7,-269.0
4.0339,4.0283,5.6,0,-378.1,-1101.2,1.6389,-356.8,-1110.0,1.6453,217.6,-206.0,-0.0000,286.4,-235.2,0.0256,-254.1,-269.7
4.0421,4.0386,3.5,0,-376.2,-1103.3,1.6337,-354.5,-1112.1,1.6453,220.0,-204.6,-0.0000,287.9,-232.3,0.0463,-249.9,-272.7
4.0505,4.0470,3.6,0,-374.2,-1105.0,1.6340,-352.7,-1113.8,1.6453,221.5,-202.5,-0.0000,288.8,-230.1,0.0454,-247.9,-273.7
4.0584,4.0548,3.6,0,-372.0,-1106.6,1.6397,-351.0,-1115.4,1.6453,222.7,-200.4,0.0000,289.1,-227.9,0.0224,-247.3,-272.7
4.0667,4.0622,4.4,0,-370.5,-1108.7,1.6408,-349.3,-1116.9,1.6453,224.3,-198.8,-0.0000,292.0,-225.1,0.0180,-245.0,-275.6
4.0741,4.0705,3.6,0,-368.2,-1110.6,1.6323,-347.4,-1118.5,1.6453,226.3,-197.1,-0.0000,291.9,-222.2,0.0521,-239.7,-277.7
4.0829,4.0791,3.8,0,-365.2,-1112.1,1.6271,-345.5,-1120.2,1.6453,227.8,-195.3,-0.0000,290.1,-221.1,0.0727,-237.0,-277.2
4.0898,4.0876,2.2,0,-363.6,-1113.5,1.6419,-343.5,-1121.8,1.6453,229.3,-193.6,-0.0000,291.5,-219.3,0.0138,-239.5,-275.2
4.0986,4.0962,2.4,0,-360.6,-1116.1,1.6287,-341.6,-1123.5,1.6453,231.2,-191.4,-0.0000,290.5,-214.3,0.0666,-230.8,-277.6
4.1070,4.1044,2.6,0,-358.8,-1117.8,1.6254,-339.7,-1125.0,1.6453,233.0,-189.3,-0.0000,292.7,-211.9,0.0796,-227.6,-280.7
4.1141,4.1129,1.2,0,-356.7,-1120.0,1.6396,-337.7,-1126.6,1.6453,234.5,-187.2,0.0000,292.6,-207.4,0.0229,-227.0,-277.7
4.1225,4.1213,1.2,0,-354.2,-1121.9,1.6383,-335.7,-1128.2,1.6453,236.0,-185.1,-0.0000,292.4,-204.6,0.0280,-223.9,-278.0
4.1299,4.1298,0.1,0,-352.0,-1123.3,1.6346,-333.7,-1129.8,1.6453,237.0,-183.5,-0.0000,292.1,-203.0,0.0430,-221.2,-278.6
4.1385,4.1384,0.1,0,-349.6,-1125.3,1.6389,-331.6,-1131.4,1.6453,238.3,-181.7,-0.0000,292.3,-199.8,0.0256,-219.2,-278.0
4.1463,4.1462,0.1,0,-346.4,-1128.5,1.6352,-329.8,-1132.8,1.6453,240.3,-179.6,-0.0000,290.3,-192.4,0.0406,-210.7,-277.3
4.1542,4.1462,8.0,0,-346.4,-1128.5,1.6352,-329.8,-1132.8,1.6453,240.3,-179.6,-0.0000,297.6,-194.7,0.0406,-213.4,-284.5
4.1629,4.1551,7.8,0,-344.4,-1129.9,1.6255,-327.6,-1134.4,1.6453,242.1,-177.4,-0.0000,299.4,-192.9,0.0793,-209.0,-288.4
4.1703,4.1637,6.6,0,-341.7,-1131.7,1.6267,-325.5,-1135.9,1.6453,243.5,-175.2,0.0000,297.9,-189.5,0.0743,-205.8,-286.9
4.1784,4.1718,6.6,0,-338.8,-1133.4,1.6298,-323.6,-1137.3,1.6453,244.9,-173.2,-0.0000,296.7,-186.7,0.0619,-203.8,-285.2
4.1866,4.1804,6.2,0,-336.0,-1135.6,1.6233,-321.4,-1138.8,1.6453,246.5,-171.0,-0.0000,295.7,-182.2,0.0882,-197.4,-285.8
4.1942,4.1889,5.3,0,-332.7,-1136.8,1.6339,-319.4,-1140.2,1.6453,248.0,-169.1,0.0000,293.1,-181.0,0.0458,-199.1,-281.1
4.2021,4.2004,1.7,0,-330.4,-1138.9,1.6222,-316.5,-1142.1,1.6453,250.1,-166.9,-0.0000,293.5,-177.1,0.0925,-192.0,-284.0
4.2105,4.2057,4.7,0,-327.4,-1141.9,1.6239,-315.1,-1143.0,1.6453,250.8,-165.4,0.0000,291.6,-169.5,0.0859,-184.7,-282.2
4.2185,4.2140,4.5,0,-324.5,-1143.2,1.6219,-313.1,-1144.4,1.6453,251.9,-162.8,0.0000,290.3,-167.2,0.0937,-181.8,-281.4
4.2260,4.2226,3.4,0,-322.2,-1144.9,1.6075,-310.9,-1145.8,1.6453,253.1,-160.6,0.0000,289.9,-164.1,0.1513,-174.6,-283.7
4.2345,4.2309,3.7,0,-318.4,-1147.2,1.6138,-308.8,-1147.1,1.6453,254.0,-158.8,0.0000,286.4,-159.1,0.1259,-171.2,-279.2
4.2420,4.2396,2.3,0,-315.9,-1149.2,1.6057,-306.6,-1148.5,1.6453,256.0,-156.2,-0.0000,286.5,-154.3,0.1584,-164.2,-280.9
4.2501,4.2477,2.4,0,-313.2,-1150.9,1.6096,-304.5,-1149.7,1.6453,258.0,-153.6,-0.0000,286.3,-150.8,0.1429,-161.8,-280.2
4.2581,4.2567,1.4,0,-310.2,-1152.0,1.6080,-302.2,-1151.1,1.6453,258.6,-152.0,-0.0000,283.9,-149.8,0.1494,-160.3,-278.1
4.2660,4.2648,1.2,0,-307.1,-1155.4,1.6108,-300.1,-1152.3,1.6453,259.4,-150.5,-0.0000,281.5,-141.4,0.1379,-152.5,-275.6
4.2744,4.2732,1.2,0,-304.5,-1156.7,1.6148,-297.9,-1153.6,1.6453,261.1,-147.8,-0.0000,282.2,-138.6,0.1220,-150.9,-275.9
4.2820,4.2818,0.1,0,-301.9,-1157.8,1.6006,-295.6,-1154.8,1.6453,262.6,-145.4,0.0000,281.6,-136.4,0.1790,-144.8,-277.4
4.2901,4.2818,8.3,0,-301.9,-1157.8,1.6006,-295.6,-1154.8,1.6453,262.6,-145.4,0.0000,289.1,-137.6,0.1790,-146.1,-284.8
4.2981,4.2905,7.6,0,-298.2,-1159.2,1.6017,-293.3,-1156.1,1.6453,263.6,-142.8,-0.0000,285.2,-134.7,0.1745,-143.5,-280.9
4.3064,4.3026,3.8,0,-294.3,-1161.8,1.6074,-290.1,-1157.8,1.6453,265.3,-139.7,0.0000,281.2,-128.3,0.1515,-138.5,-276.3
4.3139,4.3069,7.1,0,-291.7,-1162.6,1.6118,-289.0,-1158.4,1.6453,265.9,-138.7,0.0000,280.6,-127.4,0.1340,-138.8,-275.2
4.3227,4.3162,6.5,0,-289.4,-1164.2,1.6057,-286.5,-1159.7,1.6453,267.2,-136.4,-0.0000,281.8,-123.9,0.1585,-133.7,-277.3
4.3309,4.3240,6.9,0,-286.1,-1166.0,1.6096,-284.4,-1160.7,1.6453,268.3,-134.6,-0.0000,279.9,-119.9,0.1429,-130.6,-275.0
4.3386,4.3321,6.6,0,-283.4,-1166.8,1.6179,-282.3,-1161.8,1.6453,269.4,-132.4,-0.0000,278.9,-118.1,0.1096,-131.1,-273.1
4.3464,4.3410,5.4,0,-279.8,-1169.1,1.6114,-279.9,-1163.0,1.6453,270.6,-129.8,-0.0000,275.4,-112.0,0.1356,-123.1,-270.6
4.3547,4.3491,5.6,0,-276.8,-1169.8,1.6112,-277.7,-1164.0,1.6453,271.7,-127.5,-0.0000,274.4,-110.7,0.1365,-121.7,-269.7
4.3618,4.3582,3.6,0,-274.0,-1171.2,1.6081,-275.2,-1165.2,1.6453,273.0,-124.8,-0.0000,273.0,-107.0,0.1488,-117.1,-268.8
4.3708,4.3663,4.5,0,-270.9,-1171.9,1.6063,-273.0,-1166.2,1.6453,273.8,-122.8,0.0000,271.7,-106.5,0.1560,-116.1,-267.7
4.3783,4.3747,3.6,0,-268.1,-1173.1,1.6196,-270.7,-1167.2,1.6453,274.5,-121.0,0.0000,270.4,-103.5,0.1031,-116.6,-265.0
4.3860,4.3830,3.0,0,-265.3,-1173.8,1.6114,-268.4,-1168.2,1.6453,275.6,-118.3,0.0000,269.2,-101.2,0.1357,-112.1,-264.9
4.3940,4.3917,2.3,0,-262.5,-1175.8,1.6086,-266.0,-1169.2,1.6453,276.9,-115.3,0.0000,268.5,-95.6,0.1468,-105.6,-264.7
4.4021,4.3997,2.3,0,-259.2,-1177.3,1.6103,-263.7,-1170.1,1.6453,277.6,-113.4,0.0000,266.2,-92.2,0.1401,-102.6,-262.3
4.4107,4.4092,1.4,0,-256.6,-1178.0,1.6106,-261.1,-1171.2,1.6453,278.5,-111.3,-0.0000,266.5,-91.0,0.1390,-101.5,-262.6
4.4181,4.4168,1.2,0,-253.3,-1178.5,1.6217,-259.0,-1172.0,1.6453,279.6,-108.5,0.0000,263.7,-89.1,0.0947,-102.4,-258.8
4.4267,4.4255,1.2,0,-251.2,-1179.1,1.6229,-256.6,-1173.0,1.6453,280.8,-105.7,0.0000,265.8,-87.4,0.0897,-101.2,-260.9
4.4341,4.4340,0.1,0,-248.2,-1180.3,1.6250,-254.2,-1173.8,1.6453,281.6,-103.9,0.0000,263.7,-84.6,0.0812,-98.8,-258.7
4.4423,4.4422,0.1,0,-245.4,-1181.8,1.6379,-251.9,-1174.7,1.6453,282.4,-101.9,-0.0000,263.2,-80.5,0.0299,-97.9,-257.2
4.4505,4.4504,0.1,0,-242.9,-1182.8,1.6291,-249.5,-1175.5,1.6453,283.2,-99.5,-0.0000,263.4,-77.7,0.0651,-92.9,-258.4
4.4584,4.4504,8.0,0,-242.9,-1182.8,1.6291,-249.5,-1175.5,1.6453,283.2,-99.5,-0.0000,270.8,-77.8,0.0651,-93.4,-265.8
4.4659,4.4593,6.6,0,-240.0,-1183.5,1.6304,-247.0,-1176.4,1.6453,284.0,-97.0,-0.0000,268.6,-75.2,0.0595,-91.1,-263.6
4.4739,4.4685,5.4,0,-237.6,-1183.7,1.6381,-244.4,-1177.3,1.6453,284.2,-93.7,-0.0000,268.9,-74.3,0.0288,-92.2,-263.2
4.4826,4.4758,6.8,0,-236.0,-1184.5,1.6316,-242.3,-1177.9,1.6453,284.9,-91.7,-0.0000,272.9,-72.6,0.0547,-89.0,-268.0
4.4909,4.4848,6.1,0,-232.4,-1185.4,1.6356,-239.7,-1178.8,1.6453,286.5,-89.9,-0.0000,270.5,-69.8,0.0390,-87.1,-265.4
4.4983,4.4950,3.3,0,-230.1,-1185.8,1.6453,-236.8,-1179.7,1.6453,287.5,-86.7,-0.0000,270.6,-68.0,-0.0000,-88.0,-264.8
4.5068,4.5011,5.7,0,-228.4,-1186.1,1.6432,-235.1,-1180.2,1.6453,288.1,-84.6,-0.0000,273.4,-66.6,0.0087,-86.2,-267.9
4.5146,4.5100,4.7,0,-225.7,-1186.9,1.6469,-232.5,-1180.9,1.6453,288.7,-82.0,-0.0000,272.3,-64.1,-0.0064,-84.6,-266.6
4.5227,4.5182,4.5,0,-223.4,-1187.8,1.6530,-230.1,-1181.6,1.6453,289.0,-79.8,0.0000,273.0,-61.0,-0.0309,-83.3,-267.1
4.5300,4.5286,1.5,0,-221.4,-1188.4,1.6459,-227.1,-1182.4,1.6453,290.1,-76.9,-0.0000,274.4,-58.9,-0.0023,-79.3,-269.2
4.5389,4.5353,3.7,0,-218.7,-1189.0,1.6524,-225.2,-1182.9,1.6453,290.8,-75.1,0.0000,274.9,-56.6,-0.0282,-78.8,-269.3
4.5462,4.5438,2.3,0,-216.9,-1189.0,1.6535,-222.7,-1183.5,1.6453,291.2,-72.3,-0.0000,275.8,-55.5,-0.0328,-78.1,-270.3
4.5544,4.5519,2.5,0,-215.2,-1189.8,1.6519,-220.3,-1184.1,1.6453,291.6,-69.6,-0.0000,278.6,-52.6,-0.0261,-74.9,-273.4
4.5619,4.5519,10.0,0,-215.2,-1189.8,1.6519,-220.3,-1184.1,1.6453,291.6,-69.6,-0.0000,285.7,-52.7,-0.0261,-75.6,-280.4
4.5705,4.5693,1.2,0,-210.9,-1190.6,1.6426,-215.3,-1185.3,1.6453,292.6,-65.7,0.0000,280.7,-49.6,0.0110,-69.6,-276.4
4.5785,4.5773,1.2,0,-209.6,-1191.3,1.6363,-212.9,-1185.8,1.6453,293.5,-62.4,0.0000,284.7,-45.6,0.0359,-64.1,-281.1
4.5867,4.5866,0.1,0,-206.9,-1192.2,1.6385,-210.2,-1186.4,1.6453,294.3,-59.2,-0.0000,284.6,-41.7,0.0272,-60.9,-281.2
4.5940,4.5866,7.4,0,-206.9,-1192.2,1.6385,-210.2,-1186.4,1.6453,294.3,-59.2,-0.0000,291.0,-41.7,0.0272,-61.3,-287.5
4.6025,4.5968,5.7,0,-205.0,-1192.3,1.6390,-207.2,-1187.0,1.6453,294.1,-57.3,-0.0000,292.9,-40.9,0.0251,-60.8,-289.4
4.6098,4.6097,0.1,0,-201.9,-1193.2,1.6418,-203.4,-1187.7,1.6453,295.4,-53.2,-0.0000,291.0,-36.5,0.0141,-57.1,-287.7
4.6188,4.6097,9.1,0,-201.9,-1193.2,1.6418,-203.4,-1187.7,1.6453,295.4,-53.2,-0.0000,299.7,-35.1,0.0141,-56.3,-296.4
4.6262,4.6198,6.4,0,-199.5,-1194.0,1.6348,-200.4,-1188.2,1.6453,296.1,-50.1,0.0000,299.0,-32.0,0.0420,-51.0,-296.4
4.6345,4.6296,4.8,0,-198.2,-1193.8,1.6424,-197.5,-1188.7,1.6453,296.0,-47.6,0.0000,302.5,-31.5,0.0116,-53.1,-299.5
4.6418,4.6363,5.6,0,-196.4,-1194.1,1.6472,-195.5,-1189.0,1.6453,296.3,-45.6,0.0000,304.3,-29.2,-0.0075,-52.4,-301.2
4.6506,4.6452,5.4,0,-194.9,-1194.5,1.6443,-192.9,-1189.4,1.6453,297.0,-42.6,-0.0000,308.0,-26.3,0.0042,-48.8,-305.3
4.6578,4.6534,4.4,0,-192.5,-1195.1,1.6325,-190.4,-1189.7,1.6453,297.2,-40.0,0.0000,307.2,-23.2,0.0512,-42.1,-305.2
4.6670,4.6632,3.8,0,-190.7,-1195.9,1.6415,-187.5,-1190.1,1.6453,297.1,-36.9,0.0000,310.3,-18.8,0.0151,-40.6,-308.2
4.6738,4.6706,3.2,0,-189.1,-1195.9,1.6388,-185.3,-1190.4,1.6453,297.8,-34.8,-0.0000,312.7,-17.6,0.0259,-38.9,-310.8
4.6820,4.6796,2.4,0,-187.7,-1195.7,1.6346,-182.6,-1190.7,1.6453,299.1,-32.3,-0.0000,316.5,-16.8,0.0427,-36.9,-314.7
4.6900,4.6874,2.6,0,-185.5,-1196.4,1.6246,-180.3,-1190.9,1.6453,298.8,-30.2,0.0000,316.6,-13.4,0.0828,-30.4,-315.4
4.6979,4.6940,3.9,0,-183.7,-1195.9,1.6324,-178.3,-1191.1,1.6453,298.5,-28.5,-0.0000,318.0,-13.2,0.0519,-32.7,-316.6
4.7064,4.7022,4.2,0,-182.1,-1195.9,1.6206,-175.9,-1191.3,1.6453,298.6,-25.9,0.0000,321.0,-11.2,0.0990,-27.1,-320.0
4.7150,4.7107,4.3,0,-179.7,-1196.3,1.6216,-173.3,-1191.5,1.6453,298.7,-23.2,-0.0000,321.8,-8.0,0.0949,-24.3,-321.0
4.7224,4.7191,3.3,0,-177.9,-1196.1,1.6284,-170.8,-1191.7,1.6453,299.1,-20.6,0.0000,323.6,-6.4,0.0676,-25.0,-322.7
4.7308,4.7277,3.0,0,-176.4,-1195.9,1.6228,-168.2,-1191.9,1.6453,299.7,-17.7,-0.0000,327.0,-5.1,0.0899,-22.1,-326.3
4.7380,4.7277,10.2,0,-176.4,-1195.9,1.6228,-168.2,-1191.9,1.6453,299.7,-17.7,-0.0000,333.6,-3.6,0.0899,-21.0,-333.0
4.7465,4.7445,2.0,0,-172.7,-1196.0,1.6205,-163.2,-1192.1,1.6453,300.0,-13.2,0.0000,330.3,-1.3,0.0993,-17.7,-329.8
4.7542,4.7445,9.7,0,-172.7,-1196.0,1.6205,-163.2,-1192.1,1.6453,300.0,-13.2,0.0000,336.9,1.0,0.0993,-15.7,-336.5
4.7627,4.7530,9.7,0,-171.1,-1195.9,1.6129,-160.7,-1192.2,1.6453,299.7,-10.5,-0.0000,339.5,3.2,0.1298,-11.1,-339.3
4.7704,4.7616,8.9,0,-168.9,-1195.3,1.6148,-158.1,-1192.3,1.6453,299.5,-7.8,0.0000,340.1,3.3,0.1221,-11.7,-340.0
4.7785,4.7699,8.6,0,-167.5,-1194.9,1.6141,-155.6,-1192.4,1.6453,299.8,-5.7,-0.0000,343.3,4.2,0.1250,-10.7,-343.2
4.7868,4.7783,8.5,0,-164.7,-1195.4,1.6088,-153.1,-1192.4,1.6453,299.9,-3.3,-0.0000,342.6,8.4,0.1462,-4.6,-342.7
4.7948,4.7867,8.1,0,-163.1,-1195.0,1.6135,-150.6,-1192.4,1.6453,300.1,-0.6,-0.0000,345.0,9.8,0.1272,-5.0,-345.1
4.8019,4.7953,6.7,0,-161.4,-1195.0,1.6116,-148.0,-1192.4,1.6453,300.2,2.1,-0.0000,346.0,11.9,0.1349,-2.2,-346.2
4.8100,4.8036,6.3,0,-158.4,-1194.8,1.6072,-145.5,-1192.4,1.6453,299.8,4.7,-0.0000,344.3,13.9,0.1523,1.4,-344.5
4.8188,4.8121,6.7,0,-156.5,-1194.0,1.6159,-143.0,-1192.4,1.6453,299.7,7.4,0.0000,346.5,14.7,0.1178,-0.9,-346.8
4.8260,4.8206,5.4,0,-154.6,-1193.2,1.6076,-140.4,-1192.3,1.6453,300.0,10.1,-0.0000,347.6,14.6,0.1507,1.8,-347.9
4.8347,4.8206,14.1,0,-154.6,-1193.2,1.6076,-140.4,-1192.3,1.6453,300.0,10.1,-0.0000,355.2,17.1,0.1507,4.0,-355.6
4.8428,4.8374,5.4,0,-150.3,-1193.0,1.6136,-135.3,-1192.1,1.6453,299.7,14.6,0.0000,349.5,19.2,0.1270,4.3,-350.0
4.8503,4.8460,4.3,0,-148.5,-1192.4,1.6094,-132.8,-1191.9,1.6453,299.5,17.4,0.0000,350.4,20.8,0.1437,7.3,-350.9
4.8587,4.8543,4.4,0,-145.8,-1192.6,1.6121,-130.3,-1191.8,1.6453,299.3,20.8,0.0000,349.7,24.7,0.1329,10.3,-350.4
4.8662,4.8629,3.4,0,-143.4,-1192.5,1.6025,-127.7,-1191.6,1.6453,299.1,22.8,0.0000,349.1,26.4,0.1711,15.3,-349.8
4.8746,4.8713,3.3,0,-141.6,-1192.1,1.6115,-125.2,-1191.4,1.6453,299.0,24.4,-0.0000,351.0,27.7,0.1354,13.5,-351.8
4.8827,4.8797,2.9,0,-138.8,-1192.2,1.6150,-122.7,-1191.2,1.6453,298.8,27.5,-0.0000,349.8,32.2,0.1213,16.7,-350.9
4.8904,4.8881,2.3,0,-136.5,-1191.4,1.6145,-120.2,-1190.9,1.6453,298.6,30.6,-0.0000,349.6,32.9,0.1233,17.6,-350.7
4.8980,4.8881,9.8,0,-136.5,-1191.4,1.6145,-120.2,-1190.9,1.6453,298.6,30.6,-0.0000,355.7,35.4,0.1233,19.8,-356.9
4.9063,4.8966,9.7,0,-134.7,-1191.4,1.6103,-117.7,-1190.7,1.6453,298.0,32.7,0.0000,357.4,38.7,0.1403,24.6,-358.6
4.9145,4.9051,9.4,0,-132.0,-1191.4,1.6118,-115.1,-1190.4,1.6453,297.4,35.0,0.0000,356.9,42.2,0.1341,27.5,-358.3
4.9229,4.9135,9.4,0,-129.7,-1191.0,1.6153,-112.6,-1190.1,1.6453,297.9,37.8,-0.0000,357.3,44.5,0.1203,28.6,-359.0
4.9302,4.9219,8.3,0,-127.1,-1190.6,1.6204,-110.1,-1189.7,1.6453,298.0,40.4,-0.0000,355.1,46.2,0.0997,28.5,-356.9
4.9380,4.9304,7.5,0,-124.6,-1191.0,1.6172,-107.6,-1189.4,1.6453,296.7,42.5,0.0000,353.6,50.5,0.1126,34.0,-355.6
4.9466,4.9388,7.8,0,-122.0,-1189.9,1.6205,-105.1,-1189.0,1.6453,296.0,44.8,0.0000,353.6,51.1,0.0991,33.5,-355.7
4.9547,4.9473,7.4,0,-118.9,-1189.9,1.6195,-102.6,-1188.6,1.6453,296.0,47.6,-0.0000,351.4,54.9,0.1033,37.7,-353.7
4.9619,4.9557,6.2,0,-116.6,-1189.5,1.6261,-100.1,-1188.2,1.6453,295.8,50.2,-0.0000,350.7,57.0,0.0769,37.5,-353.3
4.9698,4.9642,5.7,0,-114.4,-1188.8,1.6278,-97.6,-1187.8,1.6453,295.8,52.9,0.0000,351.0,58.8,0.0703,38.7,-353.8
4.9781,4.9726,5.4,0,-111.4,-1189.2,1.6214,-95.1,-1187.3,1.6453,295.3,55.4,0.0000,348.1,63.3,0.0958,45.6,-350.9
4.9863,4.9811,5.3,0,-109.2,-1187.2,1.6205,-92.6,-1186.8,1.6453,294.2,57.4,0.0000,348.2,60.9,0.0991,43.5,-350.8
4.9943,4.9895,4.8,0,-106.4,-1186.4,1.6200,-90.1,-1186.3,1.6453,293.6,59.9,0.0000,346.3,62.6,0.1015,45.5,-349.0
5.0023,4.9979,4.3,0,-103.5,-1185.7,1.6138,-87.7,-1185.8,1.6453,293.0,62.7,-0.0000,344.2,64.5,0.1260,49.6,-346.7
5.0106,5.0064,4.2,0,-101.4,-1185.5,1.6120,-85.2,-1185.3,1.6453,292.8,65.0,0.0000,345.2,67.6,0.1331,53.3,-347.7
5.0181,5.0149,3.2,0,-98.3,-1185.9,1.6200,-82.7,-1184.7,1.6453,292.9,67.2,0.0000,342.3,72.4,0.1013,55.4,-345.5
5.0268,5.0233,3.5,0,-95.7,-1184.9,1.6097,-80.2,-1184.1,1.6453,292.0,69.8,-0.0000,340.9,73.9,0.1427,60.6,-343.5
5.0338,5.0317,2.0,0,-93.2,-1184.0,1.6085,-77.8,-1183.5,1.6453,291.0,72.4,-0.0000,338.8,74.7,0.1471,61.8,-341.4
5.0422,5.0402,2.0,0,-90.1,-1183.1,1.6172,-75.3,-1182.9,1.6453,290.5,75.0,0.0000,336.5,76.7,0.1126,61.1,-339.7
5.0502,5.0486,1.6,0,-87.2,-1182.1,1.6164,-72.9,-1182.3,1.6453,290.1,77.7,0.0000,334.3,78.0,0.1157,62.7,-337.5
5.0577,5.0486,9.1,0,-87.2,-1182.1,1.6164,-72.9,-1182.3,1.6453,290.1,77.7,0.0000,339.9,81.7,0.1157,66.1,-343.3
5.0665,5.0571,9.4,0,-84.0,-1182.2,1.6102,-70.4,-1181.6,1.6453,289.1,79.9,-0.0000,337.2,86.4,0.1403,73.0,-340.4
5.0749,5.0655,9.4,0,-81.7,-1180.9,1.6156,-68.0,-1180.9,1.6453,288.3,82.1,-0.0000,337.3,86.6,0.1190,71.5,-340.8
5.0825,5.0740,8.5,0,-79.1,-1180.3,1.6118,-65.5,-1180.2,1.6453,288.0,84.3,-0.0000,335.3,89.1,0.1340,75.3,-338.7
5.0908,5.0825,8.3,0,-76.6,-1179.3,1.6032,-63.1,-1179.5,1.6453,287.4,86.7,0.0000,333.4,91.6,0.1683,80.7,-336.2
5.0985,5.0909,7.6,0,-74.4,-1177.6,1.6061,-60.7,-1178.8,1.6453,285.7,90.0,0.0000,332.6,91.1,0.1571,79.3,-335.6
5.1059,5.0993,6.5,0,-70.4,-1177.3,1.5973,-58.3,-1178.0,1.6453,284.8,92.6,-0.0000,327.2,93.3,0.1919,84.6,-329.6
5.1145,5.1079,6.7,0,-67.6,-1175.8,1.6053,-55.9,-1177.2,1.6453,285.3,94.1,0.0000,325.8,93.5,0.1599,82.2,-328.9
5.1228,5.1163,6.5,0,-65.4,-1175.2,1.6091,-53.4,-1176.4,1.6453,284.6,96.4,-0.0000,324.7,96.9,0.1449,84.3,-328.1
5.1302,5.1247,5.4,0,-62.7,-1175.0,1.5999,-51.0,-1175.6,1.6453,283.1,99.2,0.0000,321.8,100.7,0.1815,91.3,-324.6
5.1386,5.1331,5.4,0,-59.5,-1173.5,1.6088,-48.7,-1174.7,1.6453,282.1,101.5,-0.0000,318.7,100.8,0.1462,88.6,-322.3
5.1460,5.1416,4.4,0,-56.9,-1172.2,1.6058,-46.3,-1173.9,1.6453,281.4,103.6,-0.0000,316.4,101.2,0.1580,90.0,-319.7
5.1542,5.1500,4.2,0,-54.2,-1170.4,1.5972,-43.9,-1173.0,1.6453,280.5,106.1,-0.0000,314.6,101.2,0.1926,92.9,-317.2
5.1618,5.1585,3.3,0,-50.9,-1169.8,1.6017,-41.5,-1172.1,1.6453,279.8,108.9,-0.0000,310.3,104.0,0.1747,94.4,-313.4
5.1709,5.1671,3.8,0,-47.4,-1168.7,1.6094,-39.2,-1171.1,1.6453,278.6,111.1,-0.0000,305.9,106.1,0.1437,94.2,-309.7
5.1783,5.1671,11.2,0,-47.4,-1168.7,1.6094,-39.2,-1171.1,1.6453,278.6,111.1,-0.0000,311.1,110.6,0.1437,98.5,-315.2
5.1858,5.1839,1.9,0,-42.3,-1166.3,1.6073,-34.5,-1169.2,1.6453,276.8,115.6,-0.0000,302.0,108.0,0.1520,96.9,-305.7
5.1943,5.1923,1.9,0,-39.5,-1164.6,1.6026,-32.2,-1168.2,1.6453,276.6,117.8,0.0000,299.9,108.1,0.1707,98.5,-303.2
5.2022,5.1923,9.9,0,-39.5,-1164.6,1.6026,-32.2,-1168.2,1.6453,276.6,117.8,0.0000,304.6,113.5,0.1707,103.7,-308.1
5.2101,5.2008,9.3,0,-36.4,-1164.3,1.6041,-29.8,-1167.2,1.6453,274.7,120.4,0.0000,300.3,117.9,0.1650,107.9,-304.1
5.2181,5.2092,8.8,0,-33.7,-1163.2,1.6124,-27.5,-1166.2,1.6453,273.2,123.0,0.0000,298.5,119.6,0.1316,107.1,-303.2
5.2259,5.2177,8.2,0,-30.4,-1162.9,1.6152,-25.2,-1165.1,1.6453,272.6,125.2,-0.0000,294.0,123.8,0.1205,110.6,-299.2
5.2339,5.2261,7.8,0,-27.9,-1161.6,1.6191,-22.9,-1164.1,1.6453,271.8,127.4,-0.0000,291.8,125.1,0.1051,110.9,-297.5
5.2424,5.2345,7.8,0,-24.8,-1160.2,1.6211,-20.6,-1163.0,1.6453,270.5,129.6,-0.0000,288.4,126.4,0.0968,111.8,-294.4
5.2504,5.2430,7.4,0,-22.3,-1158.8,1.6149,-18.3,-1161.9,1.6453,269.3,131.9,0.0000,285.9,127.6,0.1216,114.9,-291.3
5.2585,5.2515,7.0,0,-20.1,-1157.6,1.6151,-16.1,-1160.8,1.6453,268.1,134.1,-0.0000,284.8,129.3,0.1210,116.6,-290.3
5.2662,5.2599,6.3,0,-16.6,-1157.5,1.6169,-13.8,-1159.6,1.6453,267.1,136.3,-0.0000,280.0,134.1,0.1138,121.0,-285.9
5.2749,5.2683,6.6,0,-13.6,-1155.9,1.6300,-11.6,-1158.5,1.6453,266.5,138.5,-0.0000,277.0,135.3,0.0614,118.7,-284.5
5.2826,5.2768,5.8,0,-10.7,-1155.1,1.6319,-9.3,-1157.3,1.6453,265.3,140.9,0.0000,272.8,138.8,0.0535,121.8,-280.8
5.2898,5.2853,4.5,0,-8.0,-1153.5,1.6319,-7.1,-1156.1,1.6453,263.5,143.8,0.0000,269.0,139.2,0.0538,122.5,-277.0
5.2980,5.2938,4.2,0,-4.3,-1153.6,1.6281,-4.8,-1154.8,1.6453,262.3,145.8,-0.0000,263.4,144.6,0.0688,129.3,-271.3
5.3066,5.3021,4.5,0,-2.6,-1151.4,1.6293,-2.7,-1153.6,1.6453,261.3,147.4,-0.0000,263.9,143.9,0.0639,128.2,-271.9
5.3138,5.3106,3.2,0,0.5,-1151.0,1.6253,-0.4,-1152.4,1.6453,259.8,149.6,-0.0000,258.8,147.9,0.0800,133.6,-266.5
5.3221,5.3190,3.0,0,3.3,-1149.8,1.6264,1.7,-1151.1,1.6453,258.2,151.9,0.0000,255.5,150.3,0.0755,135.9,-263.5
5.3308,5.3190,11.7,0,3.3,-1149.8,1.6264,1.7,-1151.1,1.6453,258.2,151.9,0.0000,261.2,156.6,0.0755,141.8,-269.5
5.3380,5.3360,2.0,0,9.4,-1147.7,1.6331,6.1,-1148.5,1.6453,255.9,156.4,-0.0000,247.4,155.5,0.0489,139.8,-256.6
5.3462,5.3444,1.8,0,11.6,-1146.1,1.6323,8.2,-1147.2,1.6453,254.8,158.6,0.0000,246.0,156.8,0.0522,141.4,-255.2
5.3543,5.3444,9.9,0,11.6,-1146.1,1.6323,8.2,-1147.2,1.6453,254.8,158.6,0.0000,251.0,162.8,0.0522,147.1,-260.6
5.3627,5.3529,9.9,0,14.2,-1145.7,1.6345,10.4,-1145.8,1.6453,253.7,160.8,-0.0000,248.0,167.9,0.0432,151.7,-258.2
5.3703,5.3617,8.6,0,17.1,-1144.1,1.6421,12.6,-1144.4,1.6453,252.0,163.2,0.0000,243.6,168.8,0.0130,151.0,-255.0
5.3780,5.3698,8.2,0,19.5,-1143.4,1.6374,14.7,-1143.0,1.6453,250.6,165.3,0.0000,240.8,172.2,0.0315,155.7,-251.7
5.3868,5.3782,8.6,0,22.9,-1142.2,1.6356,16.8,-1141.6,1.6453,249.2,167.0,-0.0000,235.6,175.0,0.0390,159.4,-246.4
5.3948,5.3866,8.1,0,25.0,-1141.3,1.6336,18.9,-1140.2,1.6453,247.7,168.9,-0.0000,233.7,178.5,0.0469,163.5,-244.5
5.4018,5.3957,6.1,0,27.7,-1139.6,1.6372,21.1,-1138.7,1.6453,246.0,171.5,-0.0000,229.7,178.9,0.0327,163.3,-241.0
5.4105,5.4035,7.0,0,30.4,-1138.9,1.6282,23.0,-1137.3,1.6453,244.8,173.4,0.0000,227.0,183.2,0.0684,169.9,-237.2
5.4186,5.4120,6.6,0,32.9,-1137.5,1.6365,25.1,-1135.9,1.6453,243.9,175.1,0.0000,224.1,185.2,0.0352,170.1,-235.8
5.4268,5.4205,6.4,0,35.3,-1137.5,1.6289,27.2,-1134.4,1.6453,242.4,177.2,0.0000,221.0,191.7,0.0658,178.6,-231.7
5.4346,5.4290,5.6,0,37.9,-1135.7,1.6352,29.2,-1132.8,1.6453,240.3,179.6,-0.0000,217.0,192.6,0.0403,178.2,-229.0
5.4419,5.4373,4.6,0,40.2,-1134.3,1.6384,31.2,-1131.3,1.6453,238.7,181.5,-0.0000,214.5,193.8,0.0275,178.9,-227.1
5.4500,5.4458,4.3,0,41.9,-1133.1,1.6368,33.2,-1129.8,1.6453,237.5,183.2,0.0000,213.7,196.3,0.0341,181.8,-226.2
5.4588,5.4542,4.5,0,44.2,-1131.5,1.6269,35.2,-1128.2,1.6453,235.7,185.3,0.0000,210.9,199.1,0.0737,186.9,-221.7
5.4664,5.4627,3.6,0,46.3,-1130.3,1.6349,37.2,-1126.7,1.6453,233.6,187.7,-0.0000,208.2,201.4,0.0415,187.7,-220.7
5.4741,5.4712,2.9,0,48.8,-1129.9,1.6314,39.2,-1125.1,1.6453,232.5,189.5,0.0000,205.5,206.5,0.0555,193.7,-217.7
5.4819,5.4796,2.3,0,51.1,-1128.5,1.6466,41.1,-1123.5,1.6453,231.6,191.4,0.0000,202.8,208.3,-0.0053,192.3,-218.0
5.4899,5.4881,1.9,0,52.9,-1126.0,1.6457,43.1,-1121.8,1.6453,229.7,193.3,-0.0000,201.1,207.4,-0.0014,191.8,-216.1
5.4985,5.4967,1.9,0,54.3,-1125.0,1.6447,45.1,-1120.2,1.6453,227.8,195.2,-0.0000,201.1,211.3,0.0024,195.9,-216.2
5.5058,5.4967,9.1,0,54.3,-1125.0,1.6447,45.1,-1120.2,1.6453,227.8,195.2,-0.0000,204.5,217.2,0.0024,201.5,-220.0
5.5146,5.5050,9.7,0,56.6,-1123.8,1.6412,46.9,-1118.5,1.6453,226.1,197.0,-0.0000,201.5,220.8,0.0166,206.0,-216.5
5.5224,5.5134,9.0,0,58.3,-1122.4,1.6489,48.8,-1116.9,1.6453,224.3,198.8,0.0000,199.9,222.6,-0.0144,206.3,-216.7
5.5303,5.5218,8.5,0,59.8,-1120.6,1.6597,50.7,-1115.2,1.6453,222.5,200.6,0.0000,199.1,223.9,-0.0573,205.4,-218.1
5.5380,5.5304,7.6,0,60.9,-1118.7,1.6540,52.6,-1113.4,1.6453,220.7,202.5,0.0000,199.7,225.2,-0.0345,207.8,-217.7
5.5469,5.5387,8.2,0,63.1,-1117.4,1.6631,54.5,-1111.8,1.6453,219.4,205.0,0.0000,197.3,228.8,-0.0712,209.6,-217.6
5.5545,5.5472,7.3,0,65.0,-1115.3,1.6584,56.3,-1110.0,1.6453,217.8,207.0,-0.0000,194.7,228.4,-0.0523,210.5,-214.0
5.5620,5.5556,6.4,0,66.0,-1114.1,1.6694,58.1,-1108.3,1.6453,215.9,208.2,0.0000,195.3,231.0,-0.0965,210.7,-217.1
5.5705,5.5642,6.3,0,67.6,-1112.1,1.6614,60.0,-1106.5,1.6453,214.1,209.9,-0.0000,194.0,232.2,-0.0642,213.7,-214.2
5.5789,5.5725,6.3,0,69.6,-1109.8,1.6741,61.8,-1104.7,1.6453,212.4,211.8,0.0000,191.5,232.5,-0.1152,211.5,-214.5
5.5864,5.5810,5.4,0,70.7,-1108.4,1.6706,63.5,-1102.9,1.6453,210.6,213.7,0.0000,191.3,234.9,-0.1009,214.7,-213.8
5.5948,5.5894,5.4,0,71.8,-1106.8,1.6791,65.3,-1101.1,1.6453,208.8,215.5,-0.0000,191.5,237.2,-0.1353,215.1,-216.1
5.6020,5.5980,4.0,0,73.3,-1105.1,1.6842,67.1,-1099.2,1.6453,207.0,217.4,-0.0000,190.0,238.6,-0.1557,215.6,-215.8
5.6106,5.6063,4.3,0,74.3,-1102.7,1.6778,68.8,-1097.4,1.6453,205.3,219.4,0.0000,190.3,238.8,-0.1297,217.1,-214.7
5.6188,5.6148,4.0,0,75.6,-1101.1,1.6802,70.5,-1095.6,1.6453,203.2,220.9,-0.0000,189.4,240.7,-0.1394,218.6,-214.6
5.6266,5.6232,3.4,0,77.2,-1099.1,1.6812,72.2,-1093.7,1.6453,201.0,222.2,0.0000,187.4,241.3,-0.1436,219.2,-212.8
5.6341,5.6318,2.3,0,78.3,-1097.1,1.6907,74.0,-1091.8,1.6453,199.2,224.2,0.0000,187.0,242.4,-0.1815,218.3,-214.6
5.6420,5.6401,1.9,0,79.3,-1095.0,1.6815,75.6,-1089.9,1.6453,197.5,226.1,0.0000,187.1,243.1,-0.1448,220.9,-212.8
5.6505,5.6486,2.0,0,80.5,-1092.7,1.6725,77.3,-1088.0,1.6453,195.3,227.5,0.0000,186.3,243.1,-0.1089,223.0,-210.1
5.6586,5.6570,1.6,0,81.8,-1090.2,1.6782,78.9,-1086.1,1.6453,193.2,228.9,-0.0000,185.2,242.8,-0.1313,221.6,-210.2
5.6658,5.6570,8.8,0,81.8,-1090.2,1.6782,78.9,-1086.1,1.6453,193.2,228.9,-0.0000,187.9,249.5,-0.1313,228.0,-213.6
5.6744,5.6654,9.0,0,82.3,-1088.5,1.6733,80.5,-1084.1,1.6453,191.5,230.9,-0.0000,189.3,252.2,-0.1119,231.5,-214.2
5.6826,5.6739,8.7,0,84.3,-1087.4,1.6771,82.1,-1082.2,1.6453,189.7,232.7,-0.0000,186.5,256.0,-0.1270,234.8,-212.7
5.6901,5.6824,7.7,0,85.2,-1085.4,1.6753,83.7,-1080.2,1.6453,188.1,234.2,-0.0000,186.4,256.5,-0.1200,235.7,-212.1
5.6979,5.6908,7.1,0,85.8,-1082.7,1.6705,85.3,-1078.2,1.6453,186.2,235.7,-0.0000,186.3,255.3,-0.1008,235.5,-210.8
5.7068,5.6992,7.5,0,86.3,-1080.3,1.6692,86.9,-1076.2,1.6453,183.4,237.1,-0.0000,187.1,256.1,-0.0953,236.4,-211.4
5.7141,5.7077,6.4,0,87.6,-1078.1,1.6621,88.4,-1074.2,1.6453,181.2,238.6,-0.0000,185.9,256.0,-0.0670,238.0,-208.5
5.7226,5.7161,6.5,0,88.8,-1076.7,1.6493,89.9,-1072.2,1.6453,179.7,240.2,-0.0000,185.3,259.6,-0.0159,244.2,-205.1
5.7301,5.7246,5.5,0,90.3,-1074.6,1.6445,91.5,-1070.1,1.6453,177.8,241.7,-0.0000,182.5,259.9,0.0031,245.7,-201.2
5.7383,5.7330,5.3,0,90.7,-1072.6,1.6401,92.9,-1068.1,1.6453,175.5,243.2,0.0000,183.6,261.4,0.0209,248.1,-201.3
5.7469,5.7415,5.3,0,92.2,-1069.5,1.6338,94.4,-1066.0,1.6453,173.6,244.7,0.0000,182.3,260.2,0.0463,248.2,-198.3
5.7545,5.7500,4.6,0,92.7,-1067.6,1.6252,95.9,-1064.0,1.6453,172.1,246.3,0.0000,182.8,261.4,0.0805,251.1,-196.8
5.7618,5.7584,3.4,0,93.6,-1065.3,1.6155,97.3,-1061.9,1.6453,169.8,247.5,0.0000,181.5,260.6,0.1192,252.2,-192.9
5.7708,5.7668,3.9,0,94.9,-1063.4,1.6139,98.8,-1059.8,1.6453,167.2,248.4,0.0000,179.8,262.9,0.1256,254.9,-191.0
5.7787,5.7753,3.4,0,96.6,-1061.6,1.6215,100.2,-1057.7,1.6453,165.1,250.3,-0.0000,176.7,265.7,0.0952,256.4,-190.0
5.7859,5.7838,2.2,0,97.3,-1058.6,1.6069,101.5,-1055.5,1.6453,163.0,252.3,0.0000,176.3,263.4,0.1537,256.8,-185.7
5.7940,5.7922,1.9,0,98.1,-1056.8,1.5968,102.9,-1053.4,1.6453,160.9,253.3,-0.0000,175.8,265.1,0.1939,260.4,-182.7
5.8019,5.7922,9.7,0,98.1,-1056.8,1.5968,102.9,-1053.4,1.6453,160.9,253.3,-0.0000,177.7,272.2,0.1939,267.5,-184.7
5.8100,5.8006,9.4,0,99.3,-1054.7,1.5900,104.3,-1051.3,1.6453,158.8,254.5,0.0000,176.0,273.3,0.2214,269.9,-181.2
5.8179,5.8091,8.8,0,99.6,-1051.5,1.5953,105.6,-1049.1,1.6453,156.8,255.6,0.0000,176.7,270.8,0.2000,266.4,-183.3
5.8269,5.8175,9.4,0,101.1,-1049.8,1.5938,106.9,-1046.9,1.6453,154.7,256.8,-0.0000,173.7,274.4,0.2060,270.3,-179.9
5.8344,5.8260,8.4,0,102.3,-1047.8,1.5941,108.2,-1044.8,1.6453,152.1,258.4,-0.0000,171.4,275.4,0.2047,271.3,-177.8
5.8428,5.8344,8.4,0,103.9,-1045.9,1.6019,109.5,-1042.6,1.6453,149.8,259.9,0.0000,168.5,277.5,0.1736,272.2,-177.0
5.8503,5.8429,7.4,0,105.2,-1043.7,1.5928,110.7,-1040.4,1.6453,147.8,260.9,0.0000,165.8,277.6,0.2101,273.9,-171.9
5.8581,5.8513,6.8,0,105.9,-1042.0,1.5922,112.0,-1038.2,1.6453,145.7,262.1,-0.0000,165.3,279.7,0.2125,276.1,-171.2
5.8666,5.8598,6.8,0,106.8,-1039.3,1.6012,113.2,-1035.9,1.6453,143.8,263.2,0.0000,164.1,279.5,0.1766,274.4,-172.5
5.8744,5.8682,6.2,0,108.0,-1037.2,1.5937,114.4,-1033.7,1.6453,141.5,264.5,0.0000,161.5,281.3,0.2064,277.5,-167.9
5.8822,5.8767,5.5,0,109.9,-1036.3,1.5966,115.6,-1031.5,1.6453,138.9,266.3,-0.0000,156.7,286.1,0.1950,281.9,-164.1
5.8908,5.8851,5.6,0,111.8,-1033.4,1.5968,116.8,-1029.2,1.6453,136.7,267.3,0.0000,152.7,284.7,0.1941,280.6,-160.1
5.8979,5.8936,4.3,0,112.6,-1031.0,1.5977,117.9,-1027.0,1.6453,134.8,267.9,-0.0000,151.4,283.9,0.1904,279.7,-159.0
5.9060,5.9021,3.9,0,113.4,-1029.4,1.6009,119.0,-1024.7,1.6453,132.5,269.0,0.0000,149.9,286.9,0.1778,282.2,-158.4
5.9138,5.9105,3.3,0,115.6,-1026.6,1.6152,120.1,-1022.4,1.6453,130.0,270.2,-0.0000,143.9,285.9,0.1204,279.2,-156.5
5.9219,5.9189,3.0,0,117.2,-1024.4,1.6173,121.2,-1020.1,1.6453,127.6,271.3,0.0000,140.1,287.1,0.1122,280.2,-153.3
5.9310,5.9274,3.6,0,118.2,-1022.3,1.6109,122.3,-1017.8,1.6453,125.1,272.5,0.0000,137.8,289.2,0.1376,283.4,-149.3
5.9381,5.9274,10.7,0,118.2,-1022.3,1.6109,122.3,-1017.8,1.6453,125.1,272.5,0.0000,138.9,296.1,0.1376,290.3,-150.7
5.9462,5.9443,1.9,0,121.5,-1017.2,1.6258,124.4,-1013.2,1.6453,121.1,274.9,0.0000,129.9,288.6,0.0779,281.1,-145.5
5.9548,5.9527,2.1,0,123.1,-1015.8,1.6227,125.4,-1010.9,1.6453,118.7,275.6,-0.0000,125.6,292.1,0.0906,285.2,-140.6
5.9618,5.9527,9.1,0,123.1,-1015.8,1.6227,125.4,-1010.9,1.6453,118.7,275.6,-0.0000,126.1,298.7,0.0906,291.7,-141.4
5.9700,5.9612,8.8,0,124.7,-1012.6,1.6332,126.4,-1008.5,1.6453,116.3,276.4,0.0000,122.0,297.3,0.0485,289.2,-140.3
5.9782,5.9696,8.5,0,125.7,-1009.8,1.6323,127.4,-1006.2,1.6453,113.9,277.7,-0.0000,119.3,296.8,0.0519,288.9,-137.4
5.9866,5.9781,8.5,0,127.5,-1008.0,1.6406,128.3,-1003.9,1.6453,111.5,278.8,0.0000,114.2,299.1,0.0188,290.4,-134.8
5.9944,5.9865,7.9,0,129.0,-1005.1,1.6409,129.2,-1001.5,1.6453,109.1,279.5,-0.0000,110.3,297.8,0.0175,289.3,-130.9
6.0026,5.9950,7.6,0,130.8,-1003.1,1.6322,130.2,-999.1,1.6453,106.7,280.3,0.0000,105.1,299.2,0.0523,292.2,-123.3
6.0106,6.0034,7.2,0,132.5,-1000.9,1.6507,131.0,-996.8,1.6453,104.4,281.0,0.0000,100.2,300.2,-0.0215,291.2,-123.8
6.0186,6.0119,6.7,0,134.0,-998.3,1.6554,131.9,-994.4,1.6453,102.0,282.0,0.0000,96.0,300.7,-0.0402,291.5,-121.0
6.0265,6.0203,6.2,0,135.3,-995.9,1.6474,132.8,-992.0,1.6453,99.7,283.5,0.0000,92.1,301.2,-0.0084,293.3,-114.9
6.0346,6.0288,5.8,0,137.5,-994.0,1.6514,133.6,-989.6,1.6453,97.1,284.2,-0.0000,84.9,302.3,-0.0245,294.4,-109.0
6.0427,6.0288,13.9,0,137.5,-994.0,1.6514,133.6,-989.6,1.6453,97.1,284.2,-0.0000,84.8,309.7,-0.0245,301.9,-109.4
6.0497,6.0457,4.0,0,140.4,-988.1,1.6632,135.2,-984.8,1.6453,91.9,285.1,-0.0000,76.6,299.0,-0.0715,290.7,-103.8
6.0586,6.0541,4.4,0,141.5,-985.5,1.6607,136.0,-982.4,1.6453,90.2,285.9,-0.0000,73.6,299.6,-0.0615,291.8,-100.2
6.0661,6.0541,12.0,0,141.5,-985.5,1.6607,136.0,-982.4,1.6453,90.2,285.9,-0.0000,72.8,307.4,-0.0615,299.6,-100.1
6.0740,6.0710,3.1,0,145.3,-980.6,1.6686,137.4,-977.5,1.6453,84.5,288.5,0.0000,61.0,300.5,-0.0930,293.1,-90.0
6.0827,6.0795,3.2,0,146.5,-978.6,1.6765,138.1,-975.1,1.6453,82.6,288.5,-0.0000,57.8,301.8,-0.1249,294.0,-89.3
6.0900,6.0879,2.0,0,148.0,-976.4,1.6765,138.8,-972.6,1.6453,80.8,288.5,-0.0000,53.3,301.6,-0.1247,294.3,-84.8
6.0984,6.0879,10.4,0,148.0,-976.4,1.6765,138.8,-972.6,1.6453,80.8,288.5,-0.0000,52.3,309.9,-0.1247,302.6,-84.7
6.1066,6.1048,1.8,0,151.2,-971.0,1.6808,140.2,-967.8,1.6453,75.2,290.2,0.0000,42.0,301.8,-0.1421,295.3,-74.8
6.1138,6.1048,9.0,0,151.2,-971.0,1.6808,140.2,-967.8,1.6453,75.2,290.2,0.0000,41.7,308.8,-0.1421,302.3,-75.3
6.1226,6.1133,9.4,0,153.1,-969.0,1.6758,140.8,-965.3,1.6453,72.9,291.1,0.0000,35.3,311.2,-0.1220,305.7,-67.8
6.1300,6.1217,8.3,0,154.2,-966.2,1.6734,141.4,-962.8,1.6453,70.5,291.9,0.0000,31.2,309.6,-0.1122,304.8,-62.7
6.1382,6.1305,7.7,0,155.0,-964.2,1.6709,142.0,-960.3,1.6453,67.6,292.3,-0.0000,27.7,311.4,-0.1025,307.1,-58.7
6.1470,6.1386,8.4,0,156.9,-960.9,1.6811,142.5,-957.9,1.6453,65.1,292.7,-0.0000,21.2,309.4,-0.1430,305.2,-55.1
6.1538,6.1470,6.8,0,158.1,-958.1,1.6794,143.1,-955.4,1.6453,62.8,293.1,-0.0000,17.3,307.4,-0.1364,303.7,-50.5
6.1619,6.1555,6.4,0,160.1,-955.5,1.6796,143.6,-952.9,1.6453,60.5,293.8,-0.0000,10.3,308.0,-0.1373,305.1,-43.7
6.1709,6.1645,6.4,0,160.8,-952.9,1.6790,144.1,-950.3,1.6453,58.0,294.9,0.0000,7.3,308.7,-0.1346,306.1,-40.6
6.1781,6.1724,5.7,0,161.8,-949.9,1.6613,144.6,-948.0,1.6453,55.6,295.3,0.0000,3.0,306.0,-0.0640,304.5,-30.7
6.1861,6.1809,5.3,0,163.8,-947.1,1.6725,145.0,-945.5,1.6453,52.8,295.1,0.0000,-4.4,304.9,-0.1087,303.8,-26.6
6.1944,6.1893,5.1,0,164.7,-944.4,1.6571,145.5,-943.0,1.6453,50.4,295.5,-0.0000,-7.9,304.8,-0.0470,304.4,-18.4
6.2024,6.1980,4.4,0,166.0,-941.9,1.6533,145.9,-940.4,1.6453,48.1,296.2,0.0000,-12.9,304.8,-0.0319,304.8,-12.3
6.2103,6.2062,4.1,0,166.8,-939.6,1.6572,146.3,-938.0,1.6453,45.6,296.4,-0.0000,-16.8,304.7,-0.0474,305.0,-9.5
6.2189,6.2147,4.2,0,167.3,-936.5,1.6490,146.7,-935.5,1.6453,42.8,296.3,-0.0000,-20.0,303.4,-0.0145,304.1,-3.7
6.2263,6.2231,3.2,0,168.4,-934.2,1.6451,147.0,-933.0,1.6453,40.4,297.1,-0.0000,-24.3,304.3,0.0010,305.3,1.7
6.2341,6.2317,2.4,0,168.7,-930.9,1.6467,147.3,-930.4,1.6453,38.0,298.2,0.0000,-26.4,301.9,-0.0056,303.0,3.4
6.2418,6.2400,1.8,0,169.7,-928.8,1.6308,147.6,-927.9,1.6453,35.7,297.9,-0.0000,-30.5,301.9,0.0581,303.2,12.3
6.2511,6.2485,2.6,0,170.5,-927.2,1.6259,147.9,-925.4,1.6453,33.5,297.5,-0.0000,-34.6,305.4,0.0776,306.8,17.7
6.2585,6.2569,1.6,0,170.4,-923.5,1.6284,148.2,-922.9,1.6453,30.7,298.7,-0.0000,-36.1,302.1,0.0678,303.7,18.6
6.2661,6.2569,9.2,0,170.4,-923.5,1.6284,148.2,-922.9,1.6453,30.7,298.7,-0.0000,-37.9,309.5,0.0678,311.2,20.0
6.2741,6.2654,8.7,0,171.2,-921.4,1.6148,148.5,-920.3,1.6453,28.0,299.5,-0.0000,-42.2,310.6,0.1219,312.2,28.5
6.2829,6.2738,9.1,0,171.8,-917.9,1.6180,148.7,-917.8,1.6453,25.4,299.6,0.0000,-46.1,306.3,0.1094,308.1,31.6
6.2904,6.2823,8.2,0,171.5,-915.8,1.6145,148.9,-915.3,1.6453,22.8,298.3,0.0000,-47.2,299.7,0.1234,301.4,34.1
6.2983,6.2907,7.6,0,171.8,-913.6,1.6218,149.1,-912.8,1.6453,19.8,290.9,-0.0000,-50.5,293.9,0.0940,296.1,35.4
6.3058,6.2993,6.5,0,172.0,-910.2,1.6152,149.2,-910.3,1.6453,17.0,283.9,0.0000,-53.1,281.8,0.1206,283.9,40.5
6.3139,6.3076,6.3,0,171.4,-907.9,1.6117,149.4,-908.0,1.6453,14.3,274.8,-0.0000,-53.5,273.2,0.1344,275.2,42.2
6.3224,6.3160,6.3,0,171.4,-905.5,1.6128,149.5,-905.7,1.6453,11.8,266.5,0.0000,-55.4,264.8,0.1299,266.9,44.3
6.3308,6.3245,6.3,0,170.9,-902.8,1.6082,149.6,-903.5,1.6453,9.4,258.6,0.0000,-56.0,254.9,0.1485,256.9,46.4
6.3382,6.3330,5.1,0,170.8,-900.3,1.6074,149.6,-901.3,1.6453,7.2,250.1,-0.0000,-57.5,245.6,0.1516,247.5,48.5
6.3466,6.3414,5.2,0,170.2,-897.4,1.6164,149.7,-899.3,1.6453,5.1,241.7,0.0000,-57.3,234.5,0.1157,236.9,46.5
6.3545,6.3499,4.6,0,169.6,-895.1,1.6161,149.7,-897.3,1.6453,3.6,233.3,-0.0000,-56.7,225.4,0.1169,227.8,46.5
6.3627,6.3583,4.4,0,168.7,-893.1,1.6204,149.7,-895.3,1.6453,2.4,225.1,0.0000,-55.2,216.7,0.0997,219.1,44.4
6.3698,6.3669,2.8,0,168.0,-889.3,1.6197,149.8,-893.4,1.6453,1.0,216.2,-0.0000,-54.3,202.6,0.1025,205.0,44.3
6.3785,6.3752,3.3,0,167.8,-887.4,1.6270,149.8,-891.7,1.6453,-0.3,207.6,0.0000,-54.8,193.3,0.0734,196.0,43.8
6.3866,6.3836,2.9,0,167.2,-884.7,1.6304,149.8,-890.0,1.6453,-1.6,199.2,-0.0000,-54.6,182.3,0.0597,185.3,43.6
6.3938,6.3921,1.7,0,166.1,-882.2,1.6137,149.7,-888.3,1.6453,-3.2,190.8,-0.0000,-52.6,171.7,0.1266,173.8,45.2
6.4025,6.4007,1.8,0,165.4,-879.9,1.6377,149.7,-886.7,1.6453,-3.3,182.4,0.0000,-50.3,161.2,0.0303,164.2,39.4
6.4109,6.4090,1.9,0,164.9,-878.3,1.6321,149.7,-885.2,1.6453,-3.6,174.3,-0.0000,-49.4,152.6,0.0529,155.4,40.0
6.4183,6.4090,9.3,0,164.9,-878.3,1.6321,149.7,-885.2,1.6453,-3.6,174.3,-0.0000,-50.9,149.1,0.0529,152.0,41.7
6.4263,6.4174,8.8,0,163.3,-875.6,1.6263,149.6,-883.8,1.6453,-5.0,166.0,-0.0000,-47.1,136.8,0.0759,139.2,39.4
6.4346,6.4258,8.8,0,162.6,-873.5,1.6374,149.6,-882.4,1.6453,-6.0,157.6,-0.0000,-44.0,125.2,0.0317,127.9,35.6
6.4427,6.4343,8.4,0,161.2,-871.9,1.6390,149.5,-881.2,1.6453,-5.0,148.4,-0.0000,-40.1,115.4,0.0252,117.9,32.1
6.4498,6.4428,7.0,0,160.3,-869.8,1.6373,149.5,-879.9,1.6453,-4.9,139.6,-0.0000,-38.6,105.9,0.0322,108.3,31.5
6.4584,6.4512,7.2,0,159.7,-867.3,1.6453,149.5,-878.8,1.6453,-6.3,132.1,-0.0000,-37.4,93.6,0.0002,96.1,30.3
6.4660,6.4597,6.3,0,158.4,-866.5,1.6392,149.4,-877.7,1.6453,-6.6,123.8,-0.0000,-33.1,85.3,0.0247,87.3,27.2
6.4744,6.4681,6.3,0,157.8,-865.1,1.6368,149.4,-876.7,1.6453,-5.8,114.3,0.0000,-31.1,75.3,0.0339,77.2,26.1
6.4818,6.4766,5.2,0,155.9,-863.0,1.6390,149.3,-875.8,1.6453,-5.7,105.9,-0.0000,-25.8,64.8,0.0252,66.4,21.3
6.4902,6.4850,5.1,0,155.1,-861.4,1.6408,149.3,-874.9,1.6453,-6.0,98.5,0.0000,-23.4,54.6,0.0180,56.1,19.5
6.4985,6.4935,5.0,0,154.3,-860.1,1.6423,149.2,-874.1,1.6453,-5.7,89.9,-0.0000,-20.7,43.5,0.0121,44.9,17.6
6.5065,6.5019,4.6,0,153.5,-859.0,1.6485,149.2,-873.4,1.6453,-5.4,80.6,-0.0000,-18.4,34.0,-0.0127,35.3,15.7
6.5148,6.5104,4.4,0,153.1,-857.2,1.6296,149.1,-872.7,1.6453,-4.8,72.2,-0.0000,-16.3,22.3,0.0627,23.2,14.9
6.5220,6.5189,3.2,0,151.8,-856.2,1.6320,149.1,-872.2,1.6453,-4.1,64.1,-0.0000,-12.1,13.6,0.0532,14.3,11.2
6.5301,6.5273,2.9,0,150.7,-855.3,1.6245,149.0,-871.7,1.6453,-3.8,55.9,0.0000,-8.8,4.6,0.0833,5.1,8.5
6.5382,6.5357,2.5,0,149.5,-854.8,1.6298,149.0,-871.2,1.6453,-3.7,47.8,-0.0000,-4.8,-3.6,0.0622,-3.3,5.1
6.5465,6.5442,2.3,0,148.3,-854.0,1.6318,149.0,-870.9,1.6453,-2.6,38.8,0.0000,-0.2,-14.0,0.0539,-13.9,1.0
6.5543,6.5526,1.7,0,147.7,-853.4,1.6358,149.0,-870.6,1.6453,-1.4,29.8,0.0000,2.4,-23.2,0.0383,-23.3,-0.9
6.5618,6.5526,9.2,0,147.7,-853.4,1.6358,149.0,-870.6,1.6453,-1.4,29.8,0.0000,2.4,-30.6,0.0383,-30.7,-0.4
6.5709,6.5611,9.9,0,146.9,-852.6,1.6296,149.0,-870.3,1.6453,-1.3,21.2,0.0000,5.1,-40.5,0.0627,-40.8,-2.7
6.5785,6.5695,8.9,0,146.7,-852.5,1.6285,148.9,-870.2,1.6453,-1.1,12.9,0.0000,6.4,-48.8,0.0675,-49.1,-3.6
6.5866,6.5780,8.6,0,145.9,-852.4,1.6307,148.9,-870.1,1.6453,-0.4,5.1,0.0000,9.1,-53.0,0.0583,-53.5,-5.9
6.5947,6.5864,8.2,0,145.4,-852.3,1.6230,148.9,-870.1,1.6453,0.0,0.0,0.0000,10.6,-53.3,0.0894,-53.8,-7.8
6.6025,6.5949,7.6,0,144.6,-852.7,1.6153,148.9,-870.1,1.6453,0.0,0.0,0.0000,13.1,-52.1,0.1201,-52.6,-10.8
6.6107,6.6033,7.4,0,144.3,-852.8,1.6114,148.9,-870.1,1.6453,0.0,0.0,0.0000,13.9,-51.9,0.1355,-52.5,-11.8
6.6182,6.6118,6.4,0,143.7,-853.1,1.6101,148.9,-870.1,1.6453,0.0,0.0,0.0000,15.6,-50.9,0.1410,-51.5,-13.6
6.6269,6.6203,6.7,0,143.8,-854.0,1.6055,148.9,-870.1,1.6453,0.0,0.0,0.0000,15.4,-48.4,0.1593,-48.9,-13.7
6.6343,6.6287,5.6,0,143.1,-854.3,1.6097,148.9,-870.1,1.6453,0.0,0.0,0.0000,17.5,-47.4,0.1424,-48.0,-15.7
6.6425,6.6371,5.4,0,142.2,-855.2,1.6048,148.9,-870.1,1.6453,0.0,0.0,0.0000,20.1,-44.8,0.1620,-45.5,-18.6
6.6502,6.6456,4.7,0,142.7,-856.0,1.6105,148.9,-870.1,1.6453,0.0,0.0,0.0000,18.6,-42.2,0.1392,-42.9,-16.9
6.6578,6.6541,3.8,0,142.0,-856.5,1.5911,148.9,-870.1,1.6453,0.0,0.0,0.0000,20.7,-40.8,0.2171,-41.3,-19.9
6.6669,6.6625,4.4,0,142.3,-858.2,1.5993,148.9,-870.1,1.6453,0.0,0.0,0.0000,19.8,-35.6,0.1841,-36.1,-18.8
6.6743,6.6709,3.4,0,141.6,-859.9,1.5857,148.9,-870.1,1.6453,0.0,0.0,0.0000,22.0,-30.7,0.2387,-31.0,-21.5
6.6821,6.6709,11.2,0,141.6,-859.9,1.5857,148.9,-870.1,1.6453,0.0,0.0,0.0000,22.0,-30.7,0.2387,-31.0,-21.5
6.6902,6.6878,2.3,0,141.1,-861.7,1.5886,148.9,-870.1,1.6453,0.0,0.0,0.0000,23.5,-25.1,0.2269,-25.5,-23.0
6.6985,6.6963,2.2,0,141.2,-862.7,1.5852,148.9,-870.1,1.6453,0.0,0.0,0.0000,23.1,-22.3,0.2407,-22.6,-22.8
6.7068,6.7047,2.1,0,141.5,-863.9,1.5908,148.9,-870.1,1.6453,0.0,0.0,0.0000,22.2,-18.6,0.2181,-19.0,-21.8
6.7144,6.7047,9.7,0,141.5,-863.9,1.5908,148.9,-870.1,1.6453,0.0,0.0,0.0000,22.2,-18.6,0.2181,-19.0,-21.8
6.7224,6.7132,9.2,0,141.1,-866.6,1.5969,148.9,-870.1,1.6453,0.0,0.0,0.0000,23.4,-10.6,0.1938,-11.3,-23.1
6.7309,6.7216,9.3,0,141.6,-867.1,1.6191,148.9,-870.1,1.6453,0.0,0.0,0.0000,22.1,-9.1,0.1047,-10.1,-21.6
6.7386,6.7300,8.5,0,141.6,-868.1,1.6174,148.9,-870.1,1.6453,0.0,0.0,0.0000,21.9,-6.1,0.1116,-7.1,-21.6
6.7460,6.7385,7.5,0,142.1,-869.2,1.6267,148.9,-870.1,1.6453,0.0,0.0,0.0000,20.4,-2.6,0.0746,-3.8,-20.2
6.7549,6.7469,8.0,0,141.8,-870.7,1.6304,148.9,-870.1,1.6453,0.0,0.0,0.0000,21.3,1.8,0.0596,0.6,-21.4
6.7627,6.7554,7.3,0,142.1,-872.4,1.6464,148.9,-870.1,1.6453,0.0,0.0,0.0000,20.6,6.8,-0.0044,5.2,-21.1
6.7704,6.7639,6.5,0,142.2,-873.3,1.6490,148.9,-870.1,1.6453,0.0,0.0,0.0000,20.3,9.5,-0.0147,7.9,-21.0
6.7789,6.7723,6.6,0,143.2,-873.5,1.6541,148.9,-870.1,1.6453,0.0,0.0,0.0000,17.2,10.1,-0.0352,8.7,-18.0
6.7861,6.7808,5.4,0,143.5,-874.3,1.6634,148.9,-870.1,1.6453,0.0,0.0,0.0000,16.4,12.6,-0.0723,11.0,-17.5
6.7945,6.7892,5.2,0,144.6,-875.0,1.6775,148.9,-870.1,1.6453,0.0,0.0,0.0000,13.0,14.8,-0.1286,13.3,-14.5
6.8030,6.7977,5.3,0,144.9,-876.1,1.6880,148.9,-870.1,1.6453,0.0,0.0,0.0000,12.0,18.0,-0.1707,16.5,-14.1
6.8103,6.8060,4.3,0,145.8,-876.6,1.6871,148.9,-870.1,1.6453,0.0,0.0,0.0000,9.3,19.4,-0.1670,18.2,-11.5
6.8187,6.8146,4.1,0,145.9,-877.0,1.6854,148.9,-870.1,1.6453,0.0,0.0,0.0000,9.0,20.7,-0.1605,19.5,-11.3
6.8264,6.8230,3.4,0,146.3,-877.0,1.6961,148.9,-870.1,1.6453,0.0,0.0,0.0000,7.9,20.7,-0.2033,19.6,-10.4
6.8345,6.8314,3.1,0,146.8,-877.4,1.6873,148.9,-870.1,1.6453,0.0,0.0,0.0000,6.5,21.8,-0.1680,20.9,-9.0
6.8427,6.8399,2.8,0,147.4,-877.1,1.6896,148.9,-870.1,1.6453,0.0,0.0,0.0000,4.7,21.0,-0.1771,20.3,-7.1
6.8503,6.8484,2.0,0,147.6,-877.4,1.6853,148.9,-870.1,1.6453,0.0,0.0,0.0000,3.9,21.8,-0.1600,21.2,-6.4
6.8584,6.8484,10.0,0,147.6,-877.4,1.6853,148.9,-870.1,1.6453,0.0,0.0,0.0000,3.9,21.8,-0.1600,21.2,-6.4
6.8663,6.8568,9.5,0,148.5,-876.6,1.7028,148.9,-870.1,1.6453,0.0,0.0,0.0000,1.3,19.5,-0.2297,19.2,-3.8
6.8747,6.8652,9.4,0,148.4,-876.7,1.6866,148.9,-870.1,1.6453,0.0,0.0,0.0000,1.6,19.7,-0.1651,19.3,-3.9
6.8827,6.8737,9.0,0,149.0,-876.4,1.6733,148.9,-870.1,1.6453,0.0,0.0,0.0000,-0.0,18.9,-0.1119,18.8,-1.9
6.8899,6.8822,7.8,0,149.4,-875.7,1.6782,148.9,-870.1,1.6453,0.0,0.0,0.0000,-1.5,16.7,-0.1315,16.8,-0.3
6.8988,6.8906,8.3,0,149.2,-875.9,1.6637,148.9,-870.1,1.6453,0.0,0.0,0.0000,-0.9,17.3,-0.0735,17.3,-0.7
6.9063,6.8993,6.9,0,149.2,-875.1,1.6600,148.9,-870.1,1.6453,0.0,0.0,0.0000,-0.9,14.9,-0.0588,14.9,-0.4
6.9139,6.9075,6.4,0,149.5,-874.7,1.6434,148.9,-870.1,1.6453,0.0,0.0,0.0000,-1.6,13.7,0.0076,13.8,0.6
6.9222,6.9160,6.3,0,150.4,-874.3,1.6436,148.9,-870.1,1.6453,0.0,0.0,0.0000,-4.4,12.5,0.0069,12.8,3.5
6.9299,6.9244,5.5,0,150.0,-873.9,1.6361,148.9,-870.1,1.6453,0.0,0.0,0.0000,-3.1,11.5,0.0368,11.7,2.3
6.9385,6.9333,5.2,0,150.9,-873.4,1.6285,148.9,-870.1,1.6453,0.0,0.0,0.0000,-6.0,10.0,0.0672,10.3,5.4
6.9467,6.9414,5.3,0,150.9,-872.8,1.6293,148.9,-870.1,1.6453,0.0,0.0,0.0000,-5.8,8.0,0.0640,8.3,5.3
6.9542,6.9497,4.5,0,150.9,-872.3,1.6175,148.9,-870.1,1.6453,0.0,0.0,0.0000,-6.0,6.5,0.1112,6.7,5.7
6.9624,6.9582,4.2,0,150.8,-871.3,1.6183,148.9,-870.1,1.6453,0.0,0.0,0.0000,-5.5,3.6,0.1080,3.8,5.3
6.9699,6.9670,2.8,0,151.0,-870.8,1.6129,148.9,-870.1,1.6453,0.0,0.0,0.0000,-6.3,2.1,0.1297,2.4,6.2
6.9784,6.9750,3.4,0,151.4,-870.4,1.6087,148.9,-870.1,1.6453,0.0,0.0,0.0000,-7.3,0.9,0.1465,1.1,7.3
6.9867,6.9835,3.2,0,151.1,-870.2,1.6066,148.9,-870.1,1.6453,0.0,0.0,0.0000,-6.5,0.4,0.1548,0.6,6.5
6.9948,6.9920,2.8,0,151.4,-870.1,1.6114,148.9,-870.1,1.6453,0.0,0.0,0.0000,-7.3,-0.0,0.1356,0.3,7.3
7.0028,6.9920,10.9,0,151.4,-870.1,1.6114,148.9,-870.1,1.6453,0.0,0.0,0.0000,-7.3,-0.0,0.1356,0.3,7.3
7.0110,7.0089,2.1,0,151.0,-868.9,1.6144,148.9,-870.1,1.6453,0.0,0.0,0.0000,-6.3,-3.6,0.1236,-3.4,6.5
7.0185,7.0089,9.6,0,151.0,-868.9,1.6144,148.9,-870.1,1.6453,0.0,0.0,0.0000,-6.3,-3.6,0.1236,-3.4,6.5
7.0267,7.0173,9.4,0,150.6,-868.6,1.6187,148.9,-870.1,1.6453,0.0,0.0,0.0000,-5.1,-4.4,0.1067,-4.2,5.3
7.0346,7.0258,8.8,0,151.3,-868.6,1.6171,148.9,-870.1,1.6453,0.0,0.0,0.0000,-7.1,-4.4,0.1129,-4.1,7.3
7.0419,7.0343,7.6,0,150.9,-868.3,1.6267,148.9,-870.1,1.6453,0.0,0.0,0.0000,-6.0,-5.5,0.0745,-5.2,6.3
7.0504,7.0427,7.7,0,150.4,-868.6,1.6393,148.9,-870.1,1.6453,0.0,0.0,0.0000,-4.5,-4.4,0.0240,-4.1,4.8
7.0588,7.0512,7.6,0,150.8,-868.3,1.6385,148.9,-870.1,1.6453,0.0,0.0,0.0000,-5.6,-5.4,0.0273,-5.0,6.0
7.0665,7.0596,7.0,0,150.3,-868.3,1.6407,148.9,-870.1,1.6453,0.0,0.0,0.0000,-4.2,-5.4,0.0184,-5.0,4.5
7.0744,7.0682,6.1,0,150.2,-868.6,1.6357,148.9,-870.1,1.6453,0.0,0.0,0.0000,-3.7,-4.6,0.0385,-4.3,4.0
7.0819,7.0765,5.4,0,150.2,-868.8,1.6454,148.9,-870.1,1.6453,0.0,0.0,0.0000,-3.8,-3.8,-0.0003,-3.5,4.1
7.0904,7.0849,5.4,0,150.2,-868.8,1.6452,148.9,-870.1,1.6453,0.0,0.0,0.0000,-3.9,-3.8,0.0004,-3.5,4.2
7.0985,7.0934,5.2,0,150.0,-869.1,1.6468,148.9,-870.1,1.6453,0.0,0.0,0.0000,-3.1,-3.1,-0.0059,-2.8,3.3
7.1068,7.1020,4.9,0,150.2,-868.6,1.6636,148.9,-870.1,1.6453,0.0,0.0,0.0000,-3.8,-4.5,-0.0732,-4.1,4.2
7.1146,7.1103,4.4,0,150.3,-869.2,1.6671,148.9,-870.1,1.6453,0.0,0.0,0.0000,-4.0,-2.6,-0.0869,-2.2,4.3
7.1218,7.1103,11.5,0,150.3,-869.2,1.6671,148.9,-870.1,1.6453,0.0,0.0,0.0000,-4.0,-2.6,-0.0869,-2.2,4.3
7.1308,7.1272,3.6,0,149.6,-869.7,1.6685,148.9,-870.1,1.6453,0.0,0.0,0.0000,-2.1,-1.2,-0.0925,-0.9,2.2
7.1388,7.1357,3.1,0,149.7,-869.9,1.6592,148.9,-870.1,1.6453,0.0,0.0,0.0000,-2.4,-0.7,-0.0554,-0.5,2.4
7.1461,7.1441,2.1,0,149.9,-870.1,1.6655,148.9,-870.1,1.6453,0.0,0.0,0.0000,-3.0,0.1,-0.0807,0.4,3.0
7.1545,7.1525,1.9,0,149.9,-870.3,1.6629,148.9,-870.1,1.6453,0.0,0.0,0.0000,-2.8,0.7,-0.0702,1.0,2.7
7.1623,7.1525,9.8,0,149.9,-870.3,1.6629,148.9,-870.1,1.6453,0.0,0.0,0.0000,-2.8,0.7,-0.0702,1.0,2.7
7.1704,7.1610,9.5,0,150.1,-870.1,1.6686,148.9,-870.1,1.6453,0.0,0.0,0.0000,-3.4,-0.1,-0.0933,0.3,3.4
7.1782,7.1695,8.7,0,149.5,-869.9,1.6616,148.9,-870.1,1.6453,0.0,0.0,0.0000,-1.5,-0.5,-0.0652,-0.3,1.6
7.1869,7.1779,9.0,0,149.3,-870.1,1.6691,148.9,-870.1,1.6453,0.0,0.0,0.0000,-1.2,0.1,-0.0950,0.2,1.2
7.1939,7.1863,7.6,0,149.1,-870.2,1.6656,148.9,-870.1,1.6453,0.0,0.0,0.0000,-0.6,0.2,-0.0812,0.3,0.6
7.2022,7.1948,7.4,0,149.7,-870.6,1.6640,148.9,-870.1,1.6453,0.0,0.0,0.0000,-2.1,1.5,-0.0748,1.7,2.0
7.2098,7.2033,6.5,0,149.7,-870.5,1.6610,148.9,-870.1,1.6453,0.0,0.0,0.0000,-2.2,1.2,-0.0625,1.4,2.0
7.2180,7.2117,6.3,0,149.4,-870.5,1.6708,148.9,-870.1,1.6453,0.0,0.0,0.0000,-1.5,1.2,-0.1018,1.4,1.3
7.2264,7.2201,6.3,0,149.7,-870.5,1.6610,148.9,-870.1,1.6453,0.0,0.0,0.0000,-2.4,1.1,-0.0625,1.4,2.3
7.2339,7.2285,5.4,0,149.4,-870.0,1.6632,148.9,-870.1,1.6453,0.0,0.0,0.0000,-1.4,-0.2,-0.0714,-0.1,1.4
7.2421,7.2369,5.2,0,149.3,-870.1,1.6616,148.9,-870.1,1.6453,0.0,0.0,0.0000,-1.1,0.0,-0.0651,0.1,1.1
7.2508,7.2455,5.2,0,149.5,-870.1,1.6647,148.9,-870.1,1.6453,0.0,0.0,0.0000,-1.8,-0.1,-0.0776,0.0,1.8
7.2584,7.2539,4.5,0,149.8,-869.8,1.6624,148.9,-870.1,1.6453,0.0,0.0,0.0000,-2.6,-1.0,-0.0682,-0.7,2.6
7.2665,7.2623,4.2,0,149.7,-870.1,1.6559,148.9,-870.1,1.6453,0.0,0.0,0.0000,-2.3,0.1,-0.0424,0.3,2.3
7.2745,7.2708,3.8,0,149.3,-870.2,1.6588,148.9,-870.1,1.6453,0.0,0.0,0.0000,-1.0,0.3,-0.0538,0.4,1.0
7.2825,7.2793,3.2,0,149.5,-869.9,1.6609,148.9,-870.1,1.6453,0.0,0.0,0.0000,-1.6,-0.6,-0.0621,-0.4,1.7
7.2908,7.2877,3.1,0,149.5,-870.2,1.6588,148.9,-870.1,1.6453,0.0,0.0,0.0000,-1.8,0.4,-0.0538,0.5,1.7
7.2979,7.2962,1.7,0,149.3,-870.1,1.6656,148.9,-870.1,1.6453,0.0,0.0,0.0000,-1.1,-0.0,-0.0810,0.1,1.1
7.3064,7.3046,1.8,0,148.9,-870.1,1.6591,148.9,-870.1,1.6453,0.0,0.0,0.0000,0.1,0.1,-0.0552,0.1,-0.1
7.3138,7.3046,9.3,0,148.9,-870.1,1.6591,148.9,-870.1,1.6453,0.0,0.0,0.0000,0.1,0.1,-0.0552,0.1,-0.1
7.3219,7.3131,8.8,0,149.3,-870.3,1.6615,148.9,-870.1,1.6453,0.0,0.0,0.0000,-1.0,0.6,-0.0649,0.7,1.0
7.3309,7.3215,9.4,0,149.7,-870.3,1.6610,148.9,-870.1,1.6453,0.0,0.0,0.0000,-2.4,0.5,-0.0626,0.7,2.3
7.3379,7.3300,7.9,0,149.3,-870.3,1.6593,148.9,-870.1,1.6453,0.0,0.0,0.0000,-1.1,0.7,-0.0560,0.8,1.0
7.3457,7.3384,7.4,0,149.8,-870.0,1.6541,148.9,-870.1,1.6453,0.0,0.0,0.0000,-2.7,-0.4,-0.0353,-0.2,2.8
7.3544,7.3469,7.5,0,149.5,-870.3,1.6539,148.9,-870.1,1.6453,0.0,0.0,0.0000,-1.7,0.6,-0.0342,0.7,1.6
7.3621,7.3553,6.9,0,149.3,-870.4,1.6584,148.9,-870.1,1.6453,0.0,0.0,0.0000,-1.2,0.9,-0.0524,1.0,1.1
7.3703,7.3638,6.6,0,149.5,-870.2,1.6625,148.9,-870.1,1.6453,0.0,0.0,0.0000,-1.7,0.2,-0.0686,0.4,1.6
7.3778,7.3722,5.6,0,149.5,-870.3,1.6583,148.9,-870.1,1.6453,0.0,0.0,0.0000,-1.6,0.5,-0.0521,0.6,1.6
