t_s,tv_s,vision_age_ms,held,pose_x_mm,pose_y_mm,pose_theta_rad,ref_x_mm,ref_y_mm,ref_theta_rad,ref_vx_mm_s,ref_vy_mm_s,ref_omega_rad_s,cmd_world_vx_mm_s,cmd_world_vy_mm_s,cmd_omega_rad_s,cmd_body_vx_mm_s,cmd_body_vy_mm_s,near_goal,pred_x_mm,pred_y_mm,pred_theta_rad,wheel_fl_rad_s,wheel_bl_rad_s,wheel_br_rad_s,wheel_fr_rad_s,imu_valid,imu_yaw_rate_rad_s,imu_accel_x_m_s2,imu_accel_y_m_s2,battery_v,est_valid,est_x_mm,est_y_mm,est_theta_rad,est_vx_mm_s,est_vy_mm_s,est_omega_rad_s,est_gyro_bias_rad_s,est_health
-0.2979,-0.3560,58.1,0,-539.4,-36.1,0.1446,-539.4,-36.1,0.1446,0.0,0.0,0.0000,0.0,0.0,0.0000,0.0,0.0,0,0.0,0.0,0.0000,0.61,-0.21,0.33,0.00,1,-0.0067,-0.137,0.167,24.00,1,-539.4,-36.1,0.14458,0.0,0.0,-0.0067,-0.00000,OK
-0.2901,-0.3560,65.9,0,-539.4,-36.1,0.1446,-539.4,-36.1,0.1446,0.0,0.0,0.0000,0.0,0.0,0.0000,0.0,0.0,0,0.0,0.0,0.0000,-0.12,0.31,-0.20,-0.07,1,-0.0067,-0.127,0.177,25.00,1,-539.4,-36.1,0.14451,-3.6,-3.1,-0.0099,0.00282,OK
-0.2822,-0.3560,73.8,0,-539.4,-36.1,0.1446,-539.4,-36.1,0.1446,0.0,0.0,0.0000,0.0,0.0,0.0000,0.0,0.0,0,0.0,0.0,0.0000,0.08,0.01,0.29,0.36,1,-0.0067,-0.127,0.137,26.00,1,-539.4,-36.1,0.14494,5.8,1.4,0.0440,-0.03192,OK
-0.2741,-0.2765,2.4,0,-539.5,-36.1,0.1437,-539.4,-36.1,0.1446,0.0,0.0,0.0000,0.3,-0.1,0.0035,0.2,-0.1,0,0.0,0.0,0.0000,0.08,-0.40,-0.16,-0.16,1,-0.0078,-0.127,0.147,25.00,1,-539.5,-36.1,0.14412,-2.8,6.2,-0.0271,-0.00803,OK
-0.2660,-0.2765,10.5,0,-539.5,-36.1,0.1437,-539.4,-36.1,0.1446,0.0,0.0,0.0000,0.3,-0.1,0.0035,0.2,-0.1,0,0.0,0.0,0.0000,-0.05,-0.21,-0.02,-0.18,1,-0.0078,-0.108,0.167,25.00,1,-539.5,-36.1,0.14397,-1.9,1.3,-0.0239,0.00218,OK
-0.2577,-0.2765,18.8,0,-539.5,-36.1,0.1437,-539.4,-36.1,0.1446,0.0,0.0,0.0000,0.3,-0.1,0.0035,0.2,-0.1,0,0.0,0.0,0.0000,0.34,0.08,0.14,-0.09,1,-0.0078,-0.108,0.167,24.00,1,-539.5,-36.1,0.14393,-0.0,0.0,0.0016,-0.00204,OK
-0.2502,-0.2765,26.3,0,-539.5,-36.1,0.1437,-539.4,-36.1,0.1446,0.0,0.0,0.0000,0.3,-0.1,0.0035,0.2,-0.1,0,0.0,0.0,0.0000,-0.50,0.35,0.22,0.17,1,-0.0067,-0.137,0.177,25.00,1,-539.5,-36.1,0.14396,0.0,-0.0,0.0002,-0.00335,OK
-0.2416,-0.2431,1.4,0,-539.4,-36.2,0.1458,-539.4,-36.1,0.1446,0.0,0.0,0.0000,0.1,0.2,-0.0047,0.1,0.2,0,0.0,0.0,0.0000,-0.01,0.02,-0.04,0.13,1,-0.0078,-0.118,0.167,25.00,1,-539.4,-36.2,0.14473,1.8,-10.2,0.0182,-0.00451,OK
-0.2334,-0.2355,2.2,0,-539.5,-36.1,0.1427,-539.4,-36.1,0.1446,0.0,0.0,0.0000,0.3,0.1,0.0074,0.3,0.0,0,0.0,0.0,0.0000,0.21,0.18,-0.02,0.21,1,-0.0078,-0.118,0.147,25.00,1,-539.5,-36.1,0.14409,-8.5,10.3,-0.0165,-0.00544,OK
-0.2261,-0.2272,1.1,0,-539.4,-36.0,0.1462,-539.4,-36.1,0.1446,0.0,0.0,0.0000,0.1,-0.3,-0.0066,0.0,-0.3,0,0.0,0.0,0.0000,0.19,0.03,0.19,-0.19,1,-0.0089,-0.137,0.167,24.00,1,-539.4,-36.0,0.14473,15.2,24.5,0.0302,-0.00613,OK
-0.2176,-0.2182,0.6,0,-539.5,-36.2,0.1442,-539.4,-36.1,0.1446,0.0,0.0,0.0000,0.4,0.4,0.0015,0.4,0.3,0,0.0,0.0,0.0000,-0.09,0.11,-0.09,-0.21,1,-0.0089,-0.137,0.167,25.00,1,-539.5,-36.2,0.14453,-21.8,-34.1,-0.0092,-0.00629,OK
-0.2102,-0.2182,8.0,0,-539.5,-36.2,0.1442,-539.4,-36.1,0.1446,0.0,0.0,0.0000,0.4,0.4,0.0015,0.4,0.3,0,0.0,0.0,0.0000,-0.26,0.03,0.17,0.07,1,-0.0111,-0.127,0.137,25.00,1,-539.5,-36.2,0.14456,0.0,-0.0,-0.0005,-0.00681,OK
-0.2013,-0.2014,0.1,0,-539.4,-36.1,0.1423,-539.4,-36.1,0.1446,0.0,0.0,0.0000,0.1,0.1,0.0090,0.1,0.1,0,0.0,0.0,0.0000,0.18,0.30,0.03,0.25,1,-0.0111,-0.137,0.157,25.00,1,-539.4,-36.1,0.14392,10.3,3.3,-0.0402,-0.00754,OK
-0.1937,-0.2014,7.7,0,-539.4,-36.1,0.1423,-539.4,-36.1,0.1446,0.0,0.0,0.0000,0.1,0.1,0.0090,0.1,0.1,0,0.0,0.0,0.0000,-0.13,-0.16,0.18,-2.56,1,-0.0122,-0.137,0.186,25.00,1,-539.4,-36.2,0.14325,-13.4,-22.7,-0.2534,-0.00754,OK
-0.1854,-0.1932,7.7,0,-539.4,-36.1,0.1431,-539.4,-36.1,0.1446,0.0,0.0,0.0000,-0.0,0.1,0.0061,0.0,0.1,0,0.0,0.0,0.0000,-0.21,-0.02,-0.31,0.21,1,-0.0122,-0.137,0.186,24.00,1,-539.4,-36.1,0.14249,0.0,0.1,-0.0012,-0.00789,OK
-0.1777,-0.1843,6.6,0,-539.4,-36.1,0.1436,-539.4,-36.1,0.1446,0.0,0.0,0.0000,0.1,-0.1,0.0039,0.0,-0.1,0,0.0,0.0,0.0000,-0.01,-0.01,-0.30,-0.09,1,-0.0122,-0.098,0.157,25.00,1,-539.4,-36.1,0.14272,0.1,1.5,-0.0010,-0.00813,OK
-0.1696,-0.1763,6.7,0,-539.4,-36.0,0.1431,-539.4,-36.1,0.1446,0.0,0.0,0.0000,-0.0,-0.5,0.0060,-0.1,-0.5,0,0.0,0.0,0.0000,-0.10,0.21,0.01,0.18,1,-0.0056,-0.127,0.167,26.00,1,-539.4,-36.0,0.14280,0.5,1.7,0.0016,-0.00803,OK
-0.1613,-0.1676,6.3,0,-539.3,-36.1,0.1450,-539.4,-36.1,0.1446,0.0,0.0,0.0000,-0.1,0.1,-0.0015,-0.1,0.1,0,0.0,0.0,0.0000,-0.40,-0.28,0.32,-0.21,1,0.0000,-0.177,0.157,24.00,1,-539.3,-36.1,0.14322,0.5,-4.5,0.0001,-0.00725,OK
-0.1537,-0.1676,13.9,0,-539.3,-36.1,0.1450,-539.4,-36.1,0.1446,0.0,0.0,0.0000,-0.1,0.1,-0.0015,-0.1,0.1,0,0.0,0.0,0.0000,0.11,-0.17,-0.17,-0.10,1,0.0000,-0.078,0.157,25.00,1,-539.3,-36.1,0.14322,-0.0,0.0,-0.0007,-0.00669,OK
-0.1457,-0.1676,21.8,0,-539.3,-36.1,0.1450,-539.4,-36.1,0.1446,0.0,0.0,0.0000,-0.1,0.1,-0.0015,-0.1,0.1,0,0.0,0.0,0.0000,-0.19,0.14,0.16,-0.39,1,0.0000,-0.078,0.157,24.00,1,-539.3,-36.1,0.14321,0.0,-0.0,-0.0013,-0.00615,OK
-0.1374,-0.1676,30.2,0,-539.3,-36.1,0.1450,-539.4,-36.1,0.1446,0.0,0.0,0.0000,-0.1,0.1,-0.0015,-0.1,0.1,0,0.0,0.0,0.0000,-0.01,0.13,0.19,0.04,1,0.0011,-0.206,0.167,25.00,1,-539.3,-36.1,0.14321,0.0,0.0,0.0017,-0.00580,OK
-0.1298,-0.1333,3.5,0,-539.4,-36.1,0.1463,-539.4,-36.1,0.1446,0.0,0.0,0.0000,0.2,-0.1,-0.0070,0.2,-0.1,0,0.0,0.0,0.0000,0.16,0.03,0.06,0.05,1,0.0011,-0.078,0.147,25.00,1,-539.4,-36.1,0.14410,-5.0,3.4,0.0231,-0.00553,OK
-0.1223,-0.1255,3.2,0,-539.4,-36.1,0.1426,-539.4,-36.1,0.1446,0.0,0.0,0.0000,0.1,-0.0,0.0079,0.1,-0.0,0,0.0,0.0,0.0000,0.17,-0.08,-0.12,0.12,1,-0.0067,-0.147,0.186,25.00,1,-539.4,-36.1,0.14373,8.0,-5.0,-0.0119,-0.00562,OK
-0.1139,-0.1171,3.2,0,-539.5,-36.0,0.1450,-539.4,-36.1,0.1446,0.0,0.0,0.0000,0.3,-0.3,-0.0016,0.3,-0.3,0,0.0,0.0,0.0000,-0.03,0.39,0.16,0.07,1,-0.0067,-0.147,0.186,25.00,1,-539.5,-36.0,0.14404,-11.5,15.9,0.0128,-0.00579,OK
-0.1059,-0.1086,2.7,0,-539.3,-36.2,0.1448,-539.4,-36.1,0.1446,0.0,0.0,0.0000,-0.2,0.2,-0.0009,-0.1,0.2,0,0.0,0.0,0.0000,0.17,-0.12,0.06,0.02,1,-0.0133,-0.137,0.137,25.00,1,-539.3,-36.2,0.14421,23.9,-32.1,0.0086,-0.00619,OK
-0.0981,-0.0998,1.7,0,-539.4,-36.0,0.1447,-539.4,-36.1,0.1446,0.0,0.0,0.0000,0.1,-0.2,-0.0005,0.1,-0.2,0,0.0,0.0,0.0000,0.13,-0.30,-0.40,0.05,1,-0.0189,-0.078,0.147,25.00,1,-539.4,-36.1,0.14431,-12.6,23.0,0.0057,-0.00670,OK
-0.0896,-0.0918,2.2,0,-539.6,-35.9,0.1454,-539.4,-36.1,0.1446,0.0,0.0,0.0000,0.6,-0.5,-0.0032,0.5,-0.6,0,0.0,0.0,0.0000,-0.58,-0.36,0.20,0.30,1,-0.0178,-0.206,0.226,25.00,1,-539.6,-35.9,0.14453,-27.5,28.7,0.0122,-0.00710,OK
-0.0823,-0.0844,2.1,0,-539.5,-36.0,0.1432,-539.4,-36.1,0.1446,0.0,0.0,0.0000,0.3,-0.2,0.0056,0.3,-0.2,0,0.0,0.0,0.0000,0.00,0.08,0.11,0.08,1,-0.0133,-0.059,0.127,25.00,1,-539.5,-36.0,0.14422,8.9,-21.3,-0.0181,-0.00740,OK
-0.0735,-0.0748,1.4,0,-539.4,-36.1,0.1421,-539.4,-36.1,0.1446,0.0,0.0,0.0000,0.0,0.1,0.0099,0.1,0.1,0,0.0,0.0,0.0000,-0.08,0.10,-0.12,-0.25,1,-0.0133,-0.059,0.127,24.00,1,-539.4,-36.1,0.14370,15.0,-17.2,-0.0390,-0.00755,OK
-0.0654,-0.0676,2.2,0,-539.5,-36.0,0.1445,-539.4,-36.1,0.1446,0.0,0.0,0.0000,0.3,-0.3,0.0002,0.2,-0.3,0,0.0,0.0,0.0000,0.14,-0.39,-0.12,-0.08,1,-0.0089,-0.196,0.127,25.00,1,-539.5,-36.0,0.14394,-9.6,22.7,0.0090,-0.00755,OK
-0.0581,-0.0581,0.0,0,-539.4,-36.1,0.1426,-539.4,-36.1,0.1446,0.0,0.0,0.0000,0.1,-0.0,0.0080,0.1,-0.0,0,0.0,0.0,0.0000,-0.09,0.44,0.28,-0.14,1,-0.0022,-0.157,0.196,25.00,1,-539.4,-36.1,0.14356,7.8,-12.3,-0.0319,-0.00740,OK
-0.0497,-0.0581,8.4,0,-539.4,-36.1,0.1426,-539.4,-36.1,0.1446,0.0,0.0,0.0000,0.1,-0.0,0.0080,0.1,-0.0,0,0.0,0.0,0.0000,0.22,0.19,0.14,-0.28,1,-0.0011,-0.127,0.098,25.00,1,-539.4,-36.1,0.14366,-0.0,0.0,0.0013,-0.00721,OK
-0.0415,-0.0494,7.9,0,-540.2,-35.3,0.1416,-539.4,-36.1,0.1446,0.0,0.0,0.0000,2.5,-2.6,0.0119,2.1,-2.9,0,0.0,0.0,0.0000,0.10,-0.16,0.06,0.04,1,-0.0011,-0.127,0.098,24.00,1,-540.1,-35.4,0.14324,-0.1,0.1,0.0006,-0.00700,OK
-0.0341,-0.0494,15.3,0,-540.2,-35.3,0.1416,-539.4,-36.1,0.1446,0.0,0.0,0.0000,2.5,-2.6,0.0119,2.1,-2.9,0,0.0,0.0,0.0000,-0.36,0.07,0.20,0.18,1,-0.0022,-0.157,0.226,24.00,1,-540.1,-35.4,0.14324,0.0,-0.0,0.0004,-0.00684,OK
-0.0251,-0.0494,24.3,0,-540.2,-35.3,0.1416,-539.4,-36.1,0.1446,0.0,0.0,0.0000,2.5,-2.6,0.0119,2.1,-2.9,0,0.0,0.0,0.0000,0.07,0.28,-0.30,0.02,1,-0.0022,-0.049,0.147,24.00,1,-540.1,-35.4,0.14325,-0.0,0.0,0.0007,-0.00670,OK
-0.0179,-0.0204,2.6,0,-539.4,-36.0,0.1435,-539.4,-36.1,0.1446,0.0,0.0,0.0000,0.2,-0.2,0.0042,0.2,-0.2,0,0.0,0.0,0.0000,0.35,-0.13,0.12,0.35,1,-0.0056,-0.157,0.177,25.00,1,-539.5,-36.0,0.14335,40.6,-55.8,0.0063,-0.00678,OK
-0.0101,-0.0133,3.2,0,-539.5,-36.3,0.1431,-539.4,-36.1,0.1446,0.0,0.0,0.0000,0.4,0.7,0.0059,0.5,0.6,0,0.0,0.0,0.0000,-0.47,-0.11,-0.04,-0.17,1,-0.0100,-0.069,0.157,25.00,1,-539.5,-36.3,0.14327,-14.9,-55.0,-0.0058,-0.00676,OK
-0.0020,-0.0052,3.2,0,-539.4,-36.1,0.1472,-539.4,-36.1,0.1446,0.0,0.0,0.0000,-0.0,-0.1,-0.0105,-0.0,-0.1,0,0.0,0.0,0.0000,0.00,-0.01,-0.02,0.16,1,-0.0100,-0.069,0.157,25.00,1,-539.4,-36.1,0.14420,25.9,36.0,0.0403,-0.00689,OK
0.0066,0.0020,4.6,0,-539.3,-36.2,0.1435,-539.4,-36.1,0.1446,9.0,1.3,0.0000,16.9,2.4,0.0022,17.1,-0.1,0,0.0,0.0,0.0000,0.09,-0.27,0.00,-0.30,1,-0.0089,-0.167,0.167,25.00,1,-539.4,-36.2,0.14404,2.9,-12.5,-0.0055,-0.00689,OK
0.0149,0.0101,4.8,0,-539.4,-36.2,0.1430,-539.3,-36.1,0.1446,12.9,1.9,0.0000,33.4,4.9,0.0030,33.8,0.0,0,0.0,0.0,0.0000,0.18,0.34,-0.10,-0.11,1,-0.0067,-0.147,0.137,25.00,1,-539.4,-36.2,0.14383,-7.7,-3.4,-0.0038,-0.00691,OK
0.0222,0.0180,4.2,0,-539.3,-36.2,0.1454,-539.2,-36.1,0.1446,17.7,2.6,0.0000,47.9,7.1,0.0017,48.4,0.1,0,0.0,0.0,0.0000,-0.23,0.04,-0.07,0.19,1,-0.0056,-0.177,0.196,25.00,1,-539.3,-36.2,0.14416,10.8,-3.7,0.0108,-0.00687,OK
0.0299,0.0267,3.2,0,-539.4,-36.2,0.1421,-539.0,-36.0,0.1446,26.3,3.8,0.0000,63.1,9.3,0.0035,63.8,0.1,0,0.0,0.0,0.0000,-0.18,-0.02,-0.52,0.14,1,-0.0056,-0.078,0.137,25.00,1,-539.4,-36.2,0.14370,-7.7,7.3,-0.0244,-0.00677,OK
0.0388,0.0352,3.6,0,-539.5,-36.0,0.1429,-538.7,-36.0,0.1446,34.8,5.1,0.0000,80.7,11.7,0.0032,81.5,0.0,0,0.0,0.0,0.0000,0.78,-0.04,0.03,0.18,1,-0.0056,-0.078,0.137,24.00,1,-539.5,-36.0,0.14379,-5.9,24.9,0.0300,-0.00787,OK
0.0467,0.0441,2.5,0,-539.3,-36.2,0.1426,-538.4,-36.0,0.1446,43.7,6.4,0.0000,96.3,14.0,0.0045,97.3,0.1,0,0.0,0.0,0.0000,-0.46,0.07,0.11,0.11,1,-0.0044,-0.186,0.226,24.00,1,-539.3,-36.2,0.14345,22.9,-24.5,-0.0237,-0.00755,OK
0.0537,0.0526,1.1,0,-539.4,-36.0,0.1462,-538.0,-35.9,0.1446,52.2,7.6,0.0000,110.3,16.1,0.0016,111.4,0.1,0,0.0,0.0,0.0000,-0.30,-0.16,0.11,0.25,1,-0.0089,-0.363,0.118,24.00,1,-539.4,-36.0,0.14418,-16.5,24.4,0.0569,-0.00750,OK
0.0626,0.0604,2.2,0,-539.4,-36.1,0.1441,-537.5,-35.8,0.1446,59.9,8.7,0.0000,127.9,18.6,0.0028,129.2,0.1,0,0.0,0.0,0.0000,-0.35,-0.67,0.13,0.05,1,0.0000,-0.941,0.196,25.00,1,-539.4,-36.1,0.14388,1.2,-8.7,-0.0221,-0.00656,OK
0.0703,0.0690,1.4,0,-539.6,-36.0,0.1478,-537.0,-35.8,0.1446,68.3,9.9,0.0000,143.1,20.9,-0.0014,144.7,0.0,0,0.0,0.0,0.0000,-0.68,-0.05,0.11,0.52,1,0.0000,-0.941,0.196,25.00,1,-539.5,-36.0,0.14493,-33.1,12.4,0.0819,-0.00644,OK
0.0789,0.0775,1.4,0,-539.4,-36.2,0.1418,-536.4,-35.7,0.1446,76.7,11.2,0.0000,160.0,23.2,0.0023,161.7,-0.0,0,0.0,0.0,0.0000,-0.28,-0.12,0.02,0.34,1,0.0144,-0.431,0.108,24.00,1,-539.4,-36.2,0.14401,17.8,-27.4,-0.0604,-0.00587,OK
0.0867,0.0856,1.1,0,-539.4,-36.1,0.1434,-535.7,-35.6,0.1446,84.7,12.3,0.0000,175.6,25.4,0.0025,177.4,-0.0,0,0.0,0.0,0.0000,-0.09,-0.52,0.58,0.31,1,0.0333,-0.628,0.088,24.00,1,-539.4,-36.1,0.14397,3.0,8.4,-0.0131,-0.00495,OK
0.0940,0.0939,0.1,0,-539.5,-36.3,0.1431,-535.0,-35.5,0.1446,92.9,13.5,0.0000,189.9,27.9,0.0019,192.0,0.4,0,0.0,0.0,0.0000,-0.51,-0.52,0.85,0.71,1,0.0511,-0.735,-0.000,25.00,1,-539.5,-36.3,0.14410,-23.0,-35.3,0.0070,-0.00481,OK
0.1018,0.0939,7.8,0,-539.5,-36.3,0.1431,-535.0,-35.5,0.1446,92.9,13.5,0.0000,204.6,30.1,0.0018,206.8,0.4,0,0.0,0.0,0.0000,-0.25,-0.76,0.60,0.60,1,0.0511,-0.735,-0.000,25.00,1,-539.5,-36.3,0.14414,-2.6,-7.2,0.0213,-0.00481,OK
0.1104,0.1049,5.5,0,-539.4,-36.3,0.1401,-533.9,-35.3,0.1446,103.7,15.1,0.0000,211.6,30.6,0.0035,213.8,-0.1,0,0.0,0.0,0.0000,-0.52,-0.34,0.76,1.01,1,0.0767,-0.598,0.137,25.00,1,-539.4,-36.3,0.14370,7.2,-1.7,0.0664,-0.00473,OK
0.1178,0.1113,6.5,0,-539.4,-35.9,0.1473,-533.2,-35.2,0.1446,110.0,16.0,0.0000,217.5,31.9,-0.0015,219.8,0.1,0,0.0,0.0,0.0000,-0.47,-0.57,0.74,1.33,1,0.1000,-0.559,0.137,24.00,1,-539.4,-36.0,0.14495,14.1,28.5,0.1083,-0.00479,OK
0.1257,0.1196,6.2,0,-539.4,-36.2,0.1433,-532.3,-35.1,0.1446,118.3,17.2,0.0000,221.0,31.9,-0.0030,223.3,-0.4,0,0.0,0.0,0.0000,-0.77,-0.81,1.16,1.70,1,0.1111,-0.775,0.098,24.00,1,-539.4,-36.2,0.14534,8.8,-8.7,0.1132,-0.00479,OK
0.1347,0.1281,6.7,0,-539.3,-36.2,0.1419,-531.3,-34.9,0.1446,126.9,18.5,0.0000,224.8,32.3,-0.0028,227.1,-0.6,0,0.0,0.0,0.0000,-0.81,-0.60,0.90,1.62,1,0.1111,-0.775,0.098,25.00,1,-539.3,-36.2,0.14529,9.4,-3.5,0.1076,-0.00459,OK
0.1427,0.1384,4.2,0,-539.4,-36.1,0.1456,-529.9,-34.7,0.1446,137.1,20.0,0.0000,228.3,33.2,-0.0063,230.7,-0.4,0,0.0,0.0,0.0000,-1.15,-1.11,1.37,1.76,1,0.1033,-0.853,0.127,25.00,1,-539.4,-36.1,0.14617,-8.0,9.8,0.0938,-0.00438,OK
0.1503,0.1384,11.8,0,-539.4,-36.1,0.1456,-529.9,-34.7,0.1446,137.1,20.0,0.0000,231.5,33.5,-0.0071,233.9,-0.6,0,0.0,0.0,0.0000,-2.03,-1.41,1.42,2.13,1,0.0622,-1.069,0.206,25.00,1,-539.4,-36.1,0.14637,21.2,1.9,0.0499,-0.00400,OK
0.1588,0.1384,20.3,0,-539.4,-36.1,0.1456,-529.9,-34.7,0.1446,137.1,20.0,0.0000,234.8,34.0,-0.0077,237.2,-0.6,0,0.0,0.0,0.0000,-2.15,-1.45,1.38,1.76,1,-0.0056,-1.275,0.314,25.00,1,-539.2,-36.1,0.14650,22.4,-2.6,-0.0163,-0.00366,OK
0.1667,0.1384,28.3,0,-539.4,-36.1,0.1456,-529.9,-34.7,0.1446,137.1,20.0,0.0000,238.0,34.6,-0.0070,240.5,-0.5,0,0.0,0.0,0.0000,-2.00,-1.55,1.98,2.29,1,-0.0633,-1.667,0.147,25.00,1,-538.9,-36.1,0.14634,34.9,-3.9,-0.0312,-0.00433,OK
0.1743,0.1384,35.9,0,-539.4,-36.1,0.1456,-529.9,-34.7,0.1446,137.1,20.0,0.0000,240.8,35.2,-0.0059,243.4,-0.3,0,0.0,0.0,0.0000,-2.56,-1.89,2.06,2.45,1,-0.0633,-1.667,0.147,25.00,1,-538.6,-36.1,0.14605,47.9,-4.8,-0.0483,-0.00459,OK
0.1828,0.1384,44.3,0,-539.4,-36.1,0.1456,-529.9,-34.7,0.1446,137.1,20.0,0.0000,243.9,35.7,-0.0040,246.5,-0.1,0,0.0,0.0,0.0000,-2.82,-2.70,2.09,3.06,1,-0.0689,-1.795,0.127,24.00,1,-538.1,-36.0,0.14559,66.0,7.3,-0.0603,-0.00468,OK
0.1905,0.1384,52.0,0,-539.4,-36.1,0.1456,-529.9,-34.7,0.1446,137.1,20.0,0.0000,246.4,36.0,-0.0026,249.0,-0.1,0,0.0,0.0,0.0000,-3.13,-3.07,2.43,3.24,1,-0.0244,-1.638,0.471,25.00,1,-537.6,-35.8,0.14523,78.9,6.9,-0.0291,-0.00446,OK
0.1984,0.1384,59.9,0,-539.4,-36.1,0.1456,-529.9,-34.7,0.1446,137.1,20.0,0.0000,248.8,36.3,-0.0012,251.5,0.0,0,0.0,0.0,0.0000,-4.52,-3.76,2.84,3.53,1,-0.0144,-1.795,0.402,25.00,1,-536.9,-35.7,0.14488,103.9,1.5,-0.0493,-0.00364,OK
0.2064,0.1384,67.9,0,-539.4,-36.1,0.1456,-529.9,-34.7,0.1446,137.1,20.0,0.0000,250.8,36.8,0.0008,253.5,0.3,0,0.0,0.0,0.0000,-5.22,-3.58,3.11,4.09,1,-0.0422,-2.285,-0.324,24.00,1,-536.0,-35.6,0.14439,117.8,-4.0,-0.0618,-0.00309,OK
0.2143,0.1384,75.9,0,-539.4,-36.1,0.1456,-529.9,-34.7,0.1446,137.1,20.0,0.0000,252.5,37.2,0.0024,255.2,0.5,0,0.0,0.0,0.0000,-5.00,-3.94,3.69,5.03,1,-0.0422,-2.285,-0.324,24.00,1,-535.0,-35.5,0.14398,136.8,0.3,-0.0410,-0.00305,OK
0.2219,0.1384,83.5,0,-539.4,-36.1,0.1456,-529.9,-34.7,0.1446,137.1,20.0,0.0000,253.6,37.5,0.0035,256.3,0.8,0,0.0,0.0,0.0000,-6.46,-4.41,4.16,4.98,1,0.0122,-2.589,0.098,25.00,1,-533.8,-35.3,0.14372,156.8,-8.6,-0.0151,-0.00239,OK
0.2308,0.1384,92.4,0,-539.4,-36.1,0.1456,-529.9,-34.7,0.1446,137.1,20.0,0.0000,254.4,37.9,0.0038,257.2,1.1,0,0.0,0.0,0.0000,-7.22,-4.57,4.50,5.48,1,0.0411,-1.844,0.118,25.00,1,-532.3,-35.2,0.14364,173.0,-10.9,0.0096,-0.00171,OK
0.2383,0.2338,4.5,0,-539.5,-36.2,0.1459,-512.9,-32.3,0.1446,197.9,28.8,0.0000,269.3,39.9,-0.0016,272.3,0.6,0,0.0,0.0,0.0000,-6.67,-2.62,4.66,6.05,1,0.0433,-1.069,-0.245,25.00,1,-539.5,-36.2,0.14498,47.3,-33.7,0.0585,-0.00199,OK
0.2461,0.2419,4.2,0,-537.8,-35.9,0.1422,-511.3,-32.0,0.1446,197.9,28.8,0.0000,281.3,40.3,0.0015,284.1,-0.5,0,0.0,0.0,0.0000,-6.23,-5.32,5.82,6.57,1,0.0433,-1.069,-0.245,25.00,1,-538.2,-35.9,0.14422,179.4,21.2,0.0234,-0.00179,OK
0.2541,0.2541,0.0,0,-536.7,-35.7,0.1406,-508.9,-31.7,0.1446,197.9,28.8,0.0000,281.0,40.3,0.0057,283.9,-0.2,0,0.0,0.0,0.0000,-7.13,-5.80,6.18,7.50,1,0.0489,-1.167,-0.196,25.00,1,-536.6,-35.7,0.14317,130.2,-17.7,-0.0666,-0.00154,OK
0.2626,0.2541,8.6,0,-536.7,-35.7,0.1406,-508.9,-31.7,0.1446,197.9,28.8,0.0000,285.7,40.9,0.0044,288.6,-0.4,0,0.0,0.0,0.0000,-7.86,-6.08,6.21,8.03,1,0.0500,-2.265,0.373,25.00,1,-536.4,-35.7,0.14348,172.7,0.9,0.0471,-0.00144,OK
0.2705,0.2632,7.3,0,-536.5,-35.3,0.1452,-507.1,-31.4,0.1446,197.9,28.8,0.0000,289.1,41.5,0.0014,292.1,-0.5,0,0.0,0.0,0.0000,-7.54,-6.53,6.95,8.85,1,0.0344,-2.128,-0.078,25.00,1,-536.0,-35.3,0.14422,140.9,21.2,0.0405,-0.00159,OK
0.2786,0.2720,6.5,0,-536.1,-35.9,0.1446,-505.3,-31.1,0.1446,197.9,28.8,0.0000,292.8,43.2,0.0000,296.0,0.6,0,0.0,0.0,0.0000,-8.51,-6.94,6.35,8.63,1,0.0389,-1.863,0.108,25.00,1,-535.7,-35.8,0.14457,101.5,-28.4,0.0367,-0.00151,OK
0.2863,0.2800,6.2,0,-535.5,-35.5,0.1474,-503.7,-30.9,0.1446,197.9,28.8,0.0000,296.0,43.8,-0.0037,299.2,0.4,0,0.0,0.0,0.0000,-8.35,-7.64,6.92,9.43,1,0.0389,-1.863,0.108,25.00,1,-535.2,-35.5,0.14551,107.1,10.6,0.0450,-0.00161,OK
0.2937,0.2885,5.2,0,-534.5,-35.3,0.1458,-502.1,-30.7,0.1446,197.9,28.8,0.0000,297.9,43.2,-0.0047,301.0,-0.6,0,0.0,0.0,0.0000,-8.70,-7.57,7.81,9.34,1,0.0222,-1.334,0.530,24.00,1,-534.4,-35.3,0.14577,122.2,5.1,0.0245,-0.00162,OK
0.3025,0.2969,5.7,0,-534.8,-34.3,0.1458,-500.4,-30.4,0.1446,197.9,28.8,0.0000,302.8,41.3,-0.0050,305.6,-3.1,0,0.0,0.0,0.0000,-9.70,-6.95,8.10,9.96,1,0.0011,-1.373,1.167,24.00,1,-534.3,-34.4,0.14583,95.9,61.1,0.0039,-0.00164,OK
0.3106,0.3071,3.5,0,-534.4,-34.2,0.1462,-498.4,-30.1,0.1446,197.9,28.8,0.0000,306.8,41.3,-0.0054,309.6,-3.7,0,0.0,0.0,0.0000,-9.55,-8.35,8.00,9.83,1,0.0011,-1.373,1.167,25.00,1,-534.0,-34.2,0.14594,53.4,7.2,0.0056,-0.00164,OK
0.3183,0.3140,4.3,0,-533.6,-34.0,0.1503,-497.0,-29.9,0.1446,197.9,28.8,0.0000,309.5,42.4,-0.0096,312.4,-3.4,0,0.0,0.0,0.0000,-10.78,-8.96,8.70,10.43,1,0.0011,-1.079,-1.187,25.00,1,-533.4,-34.0,0.14699,105.4,14.0,0.0385,-0.00183,OK
0.3267,0.3140,12.7,0,-533.6,-34.0,0.1503,-497.0,-29.9,0.1446,197.9,28.8,0.0000,312.8,42.7,-0.0096,315.7,-3.5,0,0.0,0.0,0.0000,-10.81,-8.25,8.83,10.52,1,-0.0067,-1.844,-0.275,25.00,1,-532.9,-33.9,0.14699,128.4,7.6,-0.0049,-0.00183,OK
0.3340,0.3308,3.2,0,-530.6,-34.5,0.1457,-493.7,-29.5,0.1446,197.9,28.8,0.0000,310.7,43.8,-0.0071,313.8,-2.0,0,0.0,0.0,0.0000,-10.74,-8.79,8.57,11.29,1,-0.0433,-1.922,1.804,24.00,1,-530.7,-34.4,0.14635,167.7,-62.7,-0.0539,-0.00177,OK
0.3429,0.3393,3.6,0,-529.0,-33.7,0.1469,-492.0,-29.2,0.1446,197.9,28.8,0.0000,311.1,43.0,-0.0065,314.1,-2.8,0,0.0,0.0,0.0000,-10.55,-9.14,9.25,11.15,1,-0.0489,-0.157,0.814,24.00,1,-529.1,-33.8,0.14621,203.5,70.1,-0.0359,-0.00183,OK
0.3506,0.3393,11.4,0,-529.0,-33.7,0.1469,-492.0,-29.2,0.1446,197.9,28.8,0.0000,313.6,43.1,-0.0058,316.5,-3.0,0,0.0,0.0,0.0000,-11.47,-9.63,8.85,11.19,1,-0.0489,-0.157,0.814,25.00,1,-528.4,-33.6,0.14605,214.0,20.9,-0.0484,-0.00180,OK
0.3577,0.3555,2.2,0,-527.7,-33.4,0.1488,-488.8,-28.7,0.1446,197.9,28.8,0.0000,314.7,43.7,-0.0080,317.7,-2.7,0,0.0,0.0,0.0000,-11.24,-9.74,9.25,11.25,1,-0.0333,-1.010,-1.108,25.00,1,-527.3,-33.4,0.14658,103.1,-9.8,0.0271,-0.00196,OK
0.3661,0.3555,10.6,0,-527.7,-33.4,0.1488,-488.8,-28.7,0.1446,197.9,28.8,0.0000,318.2,44.3,-0.0074,321.3,-2.6,0,0.0,0.0,0.0000,-12.12,-10.20,9.66,11.39,1,-0.0322,-0.157,-0.382,25.00,1,-526.8,-33.3,0.14643,183.1,-1.7,-0.0311,-0.00194,OK
0.3748,0.3555,19.3,0,-527.7,-33.4,0.1488,-488.8,-28.7,0.1446,197.9,28.8,0.0000,318.4,44.6,-0.0060,321.5,-2.2,0,0.0,0.0,0.0000,-12.53,-9.67,9.88,11.53,1,-0.0489,-1.795,2.314,24.00,1,-525.2,-33.2,0.14609,202.5,-13.2,-0.0478,-0.00192,OK
0.3818,0.3816,0.2,0,-520.8,-32.5,0.1509,-483.6,-28.0,0.1446,197.9,28.8,0.0000,309.8,43.3,-0.0118,312.8,-2.7,0,0.0,0.0,0.0000,-12.70,-9.52,10.09,12.68,1,-0.0722,-2.461,0.157,25.00,1,-520.9,-32.5,0.14753,279.2,5.3,0.0936,-0.00230,OK
0.3900,0.3900,0.1,0,-519.1,-32.7,0.1547,-482.0,-27.7,0.1446,197.9,28.8,0.0000,308.9,45.0,-0.0201,312.2,-1.5,0,0.0,0.0,0.0000,-11.92,-9.64,9.38,11.68,1,-0.0722,-2.461,0.157,25.00,1,-519.0,-32.6,0.14961,222.5,-71.3,0.1782,-0.00275,OK
0.3977,0.3900,7.7,0,-519.1,-32.7,0.1547,-482.0,-27.7,0.1446,197.9,28.8,0.0000,313.3,45.9,-0.0167,316.7,-1.1,0,0.0,0.0,0.0000,-11.85,-10.29,9.47,11.49,1,-0.0578,0.637,0.235,25.00,1,-519.0,-32.6,0.14877,252.9,-21.9,-0.0657,-0.00275,OK
0.4063,0.3989,7.4,0,-515.8,-31.3,0.1570,-480.2,-27.5,0.1446,197.9,28.8,0.0000,309.6,43.2,-0.0255,312.5,-3.8,0,0.0,0.0,0.0000,-12.27,-10.20,9.72,11.62,1,-0.0622,1.569,-0.039,24.00,1,-516.1,-31.4,0.15095,307.7,29.3,-0.0568,-0.00305,OK
0.4146,0.4111,3.6,0,-513.9,-30.5,0.1579,-477.8,-27.1,0.1446,197.9,28.8,0.0000,306.8,40.9,-0.0315,309.5,-6.2,0,0.0,0.0,0.0000,-12.83,-10.42,10.12,12.02,1,-0.0478,-1.030,0.696,24.00,1,-513.5,-30.5,0.15246,246.6,39.9,0.0210,-0.00328,OK
0.4227,0.4153,7.3,0,-511.9,-31.0,0.1595,-477.0,-27.0,0.1446,197.9,28.8,0.0000,307.5,42.4,-0.0372,310.3,-5.2,0,0.0,0.0,0.0000,-12.20,-11.11,10.29,12.07,1,-0.0478,-1.030,0.696,25.00,1,-512.1,-30.8,0.15389,289.3,-13.5,-0.0424,-0.00350,OK
0.4307,0.4235,7.3,0,-508.3,-29.5,0.1514,-475.4,-26.8,0.1446,197.9,28.8,0.0000,302.7,37.6,-0.0340,304.9,-9.0,0,0.0,0.0,0.0000,-13.34,-10.35,10.38,12.19,1,-0.0489,-0.716,-0.078,25.00,1,-508.8,-29.7,0.15308,354.9,26.6,-0.0486,-0.00338,OK
0.4389,0.4322,6.7,0,-506.2,-29.3,0.1557,-473.6,-26.5,0.1446,197.9,28.8,0.0000,299.2,38.3,-0.0349,301.6,-7.9,0,0.0,0.0,0.0000,-13.46,-9.84,10.30,11.30,1,-0.0411,0.382,0.510,24.00,1,-506.1,-29.3,0.15332,330.3,-2.0,-0.0402,-0.00336,OK
0.4463,0.4407,5.6,0,-503.4,-28.6,0.1587,-471.9,-26.3,0.1446,197.9,28.8,0.0000,295.4,37.6,-0.0387,297.7,-8.2,0,0.0,0.0,0.0000,-11.86,-9.89,10.01,11.67,1,-0.0233,-1.010,-0.294,26.00,1,-503.4,-28.6,0.15425,326.1,26.1,-0.0047,-0.00353,OK
0.4544,0.4407,13.7,0,-503.4,-28.6,0.1587,-471.9,-26.3,0.1446,197.9,28.8,0.0000,294.8,37.0,-0.0385,297.0,-8.7,0,0.0,0.0,0.0000,-11.40,-10.45,10.01,11.34,1,-0.0089,0.785,0.814,24.00,1,-501.6,-28.2,0.15421,329.3,28.3,-0.0085,-0.00347,OK
0.4625,0.4573,5.3,0,-501.1,-26.9,0.1546,-468.7,-25.8,0.1446,197.9,28.8,0.0000,296.7,32.8,-0.0386,298.2,-13.2,0,0.0,0.0,0.0000,-11.37,-9.88,9.96,11.35,1,-0.0089,0.785,0.814,25.00,1,-500.6,-26.9,0.15423,222.8,61.9,-0.0057,-0.00345,OK
0.4705,0.4573,13.2,0,-501.1,-26.9,0.1546,-468.7,-25.8,0.1446,197.9,28.8,0.0000,297.7,32.2,-0.0387,299.1,-14.0,0,0.0,0.0,0.0000,-12.39,-9.43,10.31,11.75,1,0.0067,1.530,0.275,25.00,1,-499.3,-26.5,0.15426,258.6,37.2,0.0090,-0.00342,OK
0.4783,0.4573,21.0,0,-501.1,-26.9,0.1546,-468.7,-25.8,0.1446,197.9,28.8,0.0000,297.0,30.4,-0.0391,298.2,-15.6,0,0.0,0.0,0.0000,-11.93,-9.70,6.84,11.30,1,0.0178,0.167,-0.588,25.00,1,-497.5,-25.7,0.15435,222.3,92.3,0.0151,-0.00329,OK
0.4866,0.4830,3.6,0,-488.2,-25.8,0.1526,-463.6,-25.1,0.1446,197.9,28.8,0.0000,280.5,30.8,-0.0374,281.9,-12.5,0,0.0,0.0,0.0000,-11.09,-9.27,7.25,11.45,1,0.0156,-0.353,1.010,25.00,1,-488.9,-25.8,0.15393,447.3,-28.8,-0.0019,-0.00309,OK
0.4945,0.4913,3.3,0,-485.8,-25.4,0.1602,-461.9,-24.8,0.1446,197.9,28.8,0.0000,270.8,32.0,-0.0444,272.5,-10.4,0,0.0,0.0,0.0000,-11.32,-9.22,8.68,11.10,1,0.0156,-0.353,1.010,25.00,1,-485.7,-25.4,0.15568,404.9,-10.7,0.0743,-0.00327,OK
0.5028,0.5000,2.8,0,-481.8,-25.2,0.1515,-460.2,-24.6,0.1446,197.9,28.8,0.0000,264.8,29.9,-0.0408,266.2,-11.3,0,0.0,0.0,0.0000,-10.88,-9.22,9.12,11.22,1,0.0267,-0.402,1.118,25.00,1,-481.9,-25.1,0.15479,420.9,-41.9,-0.0256,-0.00301,OK
0.5103,0.5088,1.5,0,-479.4,-23.8,0.1565,-458.5,-24.3,0.1446,197.9,28.8,0.0000,260.4,28.1,-0.0438,261.6,-12.6,0,0.0,0.0,0.0000,-11.35,-9.07,9.34,10.95,1,0.0400,0.843,-1.167,25.00,1,-479.0,-24.0,0.15554,371.5,111.7,0.0619,-0.00296,OK
0.5184,0.5088,9.7,0,-479.4,-23.8,0.1565,-458.5,-24.3,0.1446,197.9,28.8,0.0000,263.2,28.6,-0.0440,264.4,-12.6,0,0.0,0.0,0.0000,-11.91,-8.51,9.81,10.01,1,0.0522,1.853,-0.343,25.00,1,-478.3,-23.9,0.15557,387.0,0.3,0.0443,-0.00273,OK
0.5261,0.5088,17.3,0,-479.4,-23.8,0.1565,-458.5,-24.3,0.1446,197.9,28.8,0.0000,259.0,27.7,-0.0452,260.2,-12.8,0,0.0,0.0,0.0000,-10.70,-8.64,10.05,10.02,1,0.0367,-0.265,0.677,24.00,1,-475.4,-23.4,0.15587,380.2,4.6,0.0358,-0.00265,OK
0.5346,0.5088,25.8,0,-479.4,-23.8,0.1565,-458.5,-24.3,0.1446,197.9,28.8,0.0000,254.8,26.7,-0.0465,255.8,-13.3,0,0.0,0.0,0.0000,-10.16,-7.96,9.08,10.36,1,0.0367,-0.265,0.677,24.00,1,-472.3,-22.8,0.15620,362.2,11.8,0.0397,-0.00266,OK
0.5419,0.5088,33.1,0,-479.4,-23.8,0.1565,-458.5,-24.3,0.1446,197.9,28.8,0.0000,251.7,25.6,-0.0475,252.7,-13.9,0,0.0,0.0,0.0000,-7.83,-7.96,8.93,9.78,1,0.0100,0.000,-0.696,26.00,1,-469.9,-22.3,0.15645,331.0,30.0,0.0264,-0.00295,OK
0.5509,0.5088,42.1,0,-479.4,-23.8,0.1565,-458.5,-24.3,0.1446,197.9,28.8,0.0000,248.8,24.0,-0.0491,249.5,-15.2,0,0.0,0.0,0.0000,-6.39,-7.31,8.71,9.80,1,0.0089,1.893,0.981,25.00,1,-467.1,-21.5,0.15686,302.2,40.4,0.0560,-0.00356,OK
0.5587,0.5088,50.0,0,-479.4,-23.8,0.1565,-458.5,-24.3,0.1446,197.9,28.8,0.0000,246.3,22.8,-0.0499,246.8,-16.0,0,0.0,0.0,0.0000,-8.49,-7.48,7.90,9.66,1,-0.0189,0.569,0.608,24.00,1,-464.7,-20.9,0.15706,322.7,21.4,-0.0075,-0.00372,OK
0.5658,0.5624,3.4,0,-459.3,-19.9,0.1513,-447.9,-22.8,0.1446,197.9,28.8,0.0000,234.6,19.7,-0.0403,234.9,-16.7,0,0.0,0.0,0.0000,-9.32,-7.49,8.25,9.46,1,-0.0489,-0.696,-1.128,24.00,1,-459.4,-19.9,0.15466,362.9,9.2,-0.0854,-0.00342,OK
0.5747,0.5684,6.3,0,-455.2,-20.0,0.1464,-446.7,-22.6,0.1446,197.9,28.8,0.0000,230.1,19.8,-0.0300,230.4,-15.3,0,0.0,0.0,0.0000,-9.06,-7.33,7.85,9.22,1,-0.0489,-0.696,-1.128,25.00,1,-456.1,-19.8,0.15209,391.7,-27.3,-0.0550,-0.00303,OK
0.5820,0.5757,6.3,0,-452.4,-19.6,0.1459,-445.2,-22.4,0.1446,197.9,28.8,0.0000,224.6,20.0,-0.0226,225.1,-13.8,0,0.0,0.0,0.0000,-8.93,-6.92,7.50,8.35,1,-0.0767,1.216,1.020,25.00,1,-452.9,-19.6,0.15024,394.2,-30.1,-0.0822,-0.00277,OK
0.5904,0.5879,2.5,0,-448.1,-19.3,0.1408,-442.8,-22.0,0.1446,197.9,28.8,0.0000,215.4,19.6,-0.0081,215.9,-12.1,0,0.0,0.0,0.0000,-9.22,-7.25,7.25,7.96,1,-0.1444,2.785,0.118,25.00,1,-448.1,-19.3,0.14661,386.1,-33.0,-0.2404,-0.00238,OK
0.5983,0.5969,1.5,0,-445.3,-19.3,0.1424,-441.0,-21.8,0.1446,197.9,28.8,0.0000,211.0,21.1,0.0014,211.9,-9.4,0,0.0,0.0,0.0000,-9.24,-7.42,6.95,7.89,1,-0.1978,1.049,0.294,25.00,1,-445.1,-19.3,0.14424,339.5,-57.0,-0.2393,-0.00223,OK
0.6060,0.5969,9.1,0,-445.3,-19.3,0.1424,-441.0,-21.8,0.1446,197.9,28.8,0.0000,214.4,21.8,0.0019,215.3,-9.2,0,0.0,0.0,0.0000,-9.63,-6.19,6.85,7.44,1,-0.1978,1.049,0.294,24.00,1,-444.7,-19.3,0.14411,342.2,-53.7,-0.1967,-0.00220,OK
0.6141,0.6139,0.2,0,-438.9,-18.3,0.1531,-437.7,-21.3,0.1446,197.9,28.8,0.0000,201.9,21.8,-0.0004,203.0,-7.6,0,0.0,0.0,0.0000,-8.39,-6.72,6.75,7.10,1,-0.1944,1.098,1.098,26.00,1,-439.0,-18.4,0.14468,364.9,33.1,0.0695,-0.00270,OK
0.6224,0.6222,0.2,0,-434.9,-17.6,0.1428,-436.0,-21.1,0.1446,197.9,28.8,0.0000,195.9,18.7,0.0080,196.6,-9.3,0,0.0,0.0,0.0000,-8.67,-6.67,6.32,7.33,1,-0.1822,1.559,-1.363,25.00,1,-435.3,-17.7,0.14259,431.4,36.3,-0.1728,-0.00271,OK
0.6299,0.6222,7.7,0,-434.9,-17.6,0.1428,-436.0,-21.1,0.1446,197.9,28.8,0.0000,200.6,19.4,0.0074,201.4,-9.3,0,0.0,0.0,0.0000,-8.05,-6.11,6.56,7.07,1,-0.1611,-0.010,0.843,25.00,1,-435.4,-17.7,0.14274,364.0,8.1,-0.1260,-0.00271,OK
0.6381,0.6307,7.4,0,-432.7,-17.5,0.1543,-434.3,-20.8,0.1446,197.9,28.8,0.0000,196.9,21.2,0.0015,197.9,-7.3,0,0.0,0.0,0.0000,-7.20,-5.61,6.31,6.70,1,-0.1611,-0.010,0.843,24.00,1,-432.6,-17.4,0.14421,332.3,-6.2,-0.1484,-0.00321,OK
0.6464,0.6406,5.8,0,-428.3,-16.9,0.1552,-432.4,-20.5,0.1446,197.9,28.8,0.0000,190.0,20.4,-0.0024,191.0,-7.4,0,0.0,0.0,0.0000,-6.77,-5.30,6.49,6.12,1,-0.1600,1.451,0.333,25.00,1,-428.7,-16.9,0.14519,353.0,-8.5,-0.1263,-0.00375,OK
0.6545,0.6476,7.0,0,-425.5,-16.3,0.1477,-431.0,-20.3,0.1446,197.9,28.8,0.0000,186.6,18.1,-0.0014,187.2,-9.1,0,0.0,0.0,0.0000,-7.20,-3.82,6.10,6.05,1,-0.1378,1.608,0.716,25.00,1,-425.9,-16.4,0.14493,349.1,-11.7,-0.1228,-0.00405,OK
0.6624,0.6476,14.9,0,-425.5,-16.3,0.1477,-431.0,-20.3,0.1446,197.9,28.8,0.0000,184.6,18.5,0.0018,185.3,-8.2,0,0.0,0.0,0.0000,-7.06,-1.98,5.37,5.75,1,-0.1289,0.775,0.461,26.00,1,-423.6,-16.2,0.14414,304.0,-39.9,-0.1116,-0.00433,OK
0.6699,0.6637,6.2,0,-419.4,-15.2,0.1504,-427.8,-19.9,0.1446,197.9,28.8,0.0000,177.4,16.8,-0.0002,178.0,-9.0,0,0.0,0.0,0.0000,-7.82,-0.83,5.21,5.82,1,-0.1167,0.735,-0.490,24.00,1,-419.8,-15.3,0.14464,334.1,-19.8,-0.0918,-0.00482,OK
0.6787,0.6637,15.1,0,-419.4,-15.2,0.1504,-427.8,-19.9,0.1446,197.9,28.8,0.0000,175.6,16.6,0.0026,176.1,-8.8,0,0.0,0.0,0.0000,-6.51,-3.16,5.39,5.08,1,-0.1167,0.735,-0.490,24.00,1,-417.4,-15.0,0.14393,338.9,17.5,-0.1071,-0.00492,OK
0.6865,0.6637,22.9,0,-419.4,-15.2,0.1504,-427.8,-19.9,0.1446,197.9,28.8,0.0000,172.5,15.7,0.0062,173.0,-9.1,0,0.0,0.0,0.0000,-6.84,-4.34,5.00,4.67,1,-0.1200,1.206,0.098,25.00,1,-414.9,-14.4,0.14304,333.7,30.1,-0.1189,-0.00484,OK
0.6949,0.6637,31.2,0,-419.4,-15.2,0.1504,-427.8,-19.9,0.1446,197.9,28.8,0.0000,169.6,14.6,0.0104,170.0,-9.6,0,0.0,0.0,0.0000,-5.64,-4.40,4.59,4.48,1,-0.1400,1.598,0.118,25.00,1,-412.3,-13.7,0.14198,309.0,37.9,-0.1360,-0.00482,OK
0.7019,0.6637,38.2,0,-419.4,-15.2,0.1504,-427.8,-19.9,0.1446,197.9,28.8,0.0000,167.7,13.7,0.0142,167.9,-10.0,0,0.0,0.0,0.0000,-5.44,-4.05,4.32,4.36,1,-0.1400,1.216,0.618,25.00,1,-410.2,-13.2,0.14103,292.3,34.3,-0.1351,-0.00482,OK
0.7104,0.6637,46.7,0,-419.4,-15.2,0.1504,-427.8,-19.9,0.1446,197.9,28.8,0.0000,165.8,12.8,0.0186,165.9,-10.4,0,0.0,0.0,0.0000,-4.98,-3.79,4.15,3.79,1,-0.1256,1.334,-0.000,24.00,1,-407.9,-12.6,0.13994,269.4,28.5,-0.1222,-0.00479,OK
0.7185,0.6637,54.8,0,-419.4,-15.2,0.1504,-427.8,-19.9,0.1446,197.9,28.8,0.0000,164.4,12.1,0.0225,164.5,-10.7,0,0.0,0.0,0.0000,-5.09,-3.30,3.75,3.89,1,-0.1256,1.334,-0.000,24.00,1,-405.8,-12.1,0.13895,254.7,24.2,-0.1205,-0.00479,OK
0.7261,0.6637,62.5,0,-419.4,-15.2,0.1504,-427.8,-19.9,0.1446,197.9,28.8,0.0000,163.4,11.8,0.0265,163.4,-10.8,0,0.0,0.0,0.0000,-5.16,-3.00,3.69,3.31,1,-0.1378,1.049,-0.020,25.00,1,-404.0,-11.7,0.13796,239.1,12.8,-0.1358,-0.00474,OK
0.7349,0.6637,71.2,0,-419.4,-15.2,0.1504,-427.8,-19.9,0.1446,197.9,28.8,0.0000,162.7,11.6,0.0314,162.8,-10.7,0,0.0,0.0,0.0000,-4.42,-3.13,3.55,2.75,1,-0.1467,1.285,0.343,25.00,1,-402.0,-11.3,0.13672,219.4,13.2,-0.1467,-0.00464,OK
0.7424,0.6637,78.8,0,-419.4,-15.2,0.1504,-427.8,-19.9,0.1446,197.9,28.8,0.0000,162.3,11.4,0.0356,162.4,-10.6,0,0.0,0.0,0.0000,-4.51,-2.97,3.45,3.15,1,-0.1300,1.206,0.549,25.00,1,-400.4,-11.0,0.13569,215.6,13.2,-0.1267,-0.00461,OK
0.7500,0.6637,86.3,0,-419.4,-15.2,0.1504,-427.8,-19.9,0.1446,197.9,28.8,0.0000,162.2,11.5,0.0395,162.3,-10.4,0,0.0,0.0,0.0000,-4.67,-2.50,3.47,2.56,1,-0.1300,1.206,0.549,25.00,1,-398.9,-10.8,0.13471,201.3,-1.3,-0.1313,-0.00449,OK
0.7587,0.6637,95.0,0,-419.4,-15.2,0.1504,-427.8,-19.9,0.1446,197.9,28.8,0.0000,162.5,11.8,0.0440,162.6,-9.9,0,0.0,0.0,0.0000,-3.87,-2.15,3.18,2.21,1,-0.1322,1.000,0.206,25.00,1,-397.3,-10.5,0.13359,179.6,-1.0,-0.1271,-0.00451,OK
0.7664,0.6637,102.8,0,-419.4,-15.2,0.1504,-427.8,-19.9,0.1446,197.9,28.8,0.0000,163.2,12.2,0.0480,163.4,-9.5,0,0.0,0.0,0.0000,-3.92,-1.98,2.62,1.82,1,-0.1200,0.941,0.049,24.00,1,-396.0,-10.4,0.13258,163.7,-1.5,-0.1280,-0.00426,OK
0.7743,0.7687,5.6,0,-389.1,-11.8,0.1402,-407.0,-16.8,0.1446,197.9,28.8,0.0000,147.6,14.9,0.0381,148.3,-5.1,0,0.0,0.0,0.0000,-3.32,-2.32,2.77,1.74,1,-0.0811,0.647,0.284,25.00,1,-389.2,-11.8,0.13505,203.7,-21.2,-0.0797,-0.00456,OK
0.7822,0.7756,6.7,0,-386.7,-11.1,0.1392,-405.7,-16.6,0.1446,197.9,28.8,0.0000,146.3,13.7,0.0348,146.8,-6.2,0,0.0,0.0,0.0000,-3.16,-1.75,2.77,1.78,1,-0.0811,0.647,0.284,25.00,1,-387.2,-11.3,0.13589,223.0,15.5,-0.0755,-0.00476,OK
0.7904,0.7827,7.8,0,-385.6,-11.3,0.1395,-404.3,-16.4,0.1446,197.9,28.8,0.0000,146.7,14.2,0.0325,147.2,-5.8,0,0.0,0.0,0.0000,-3.23,-1.17,2.19,1.45,1,-0.0467,0.471,0.118,24.00,1,-385.7,-11.2,0.13646,199.1,-7.7,-0.0499,-0.00476,OK
0.7986,0.7910,7.6,0,-382.7,-11.4,0.1311,-402.6,-16.2,0.1446,197.9,28.8,0.0000,144.2,14.3,0.0385,144.9,-5.2,0,0.0,0.0,0.0000,-3.01,-1.37,2.35,1.60,1,-0.0378,0.265,0.196,25.00,1,-383.2,-11.3,0.13497,228.1,-27.6,-0.0411,-0.00444,OK
0.8057,0.8001,5.7,0,-380.8,-11.3,0.1321,-400.8,-15.9,0.1446,197.9,28.8,0.0000,141.8,15.1,0.0415,142.6,-4.0,0,0.0,0.0,0.0000,-2.28,-1.23,2.39,1.69,1,-0.0244,0.265,-0.000,25.00,1,-381.0,-11.3,0.13420,223.7,-24.5,-0.0213,-0.00442,OK
0.8146,0.8084,6.2,0,-379.8,-11.6,0.1392,-399.2,-15.7,0.1446,197.9,28.8,0.0000,142.6,17.4,0.0376,143.7,-2.0,0,0.0,0.0,0.0000,-2.55,-1.13,2.28,1.38,1,0.0111,0.226,-0.020,25.00,1,-379.5,-11.5,0.13519,190.5,-41.8,0.0139,-0.00444,OK
0.8227,0.8164,6.3,0,-378.7,-10.8,0.1416,-397.6,-15.5,0.1446,197.9,28.8,0.0000,144.1,16.5,0.0323,145.0,-3.2,0,0.0,0.0,0.0000,-2.20,-1.04,2.48,1.44,1,0.0111,0.226,-0.020,25.00,1,-378.4,-10.9,0.13650,170.2,11.6,0.0227,-0.00464,OK
0.8302,0.8245,5.7,0,-376.6,-11.3,0.1316,-396.0,-15.2,0.1446,197.9,28.8,0.0000,143.8,16.5,0.0345,144.7,-3.1,0,0.0,0.0,0.0000,-2.15,-0.48,2.08,1.42,1,0.0611,0.147,-0.069,24.00,1,-376.8,-11.2,0.13597,168.2,-37.1,0.0520,-0.00441,OK
0.8388,0.8332,5.6,0,-374.4,-11.0,0.1384,-394.3,-15.0,0.1446,197.9,28.8,0.0000,142.8,17.7,0.0299,143.9,-2.0,0,0.0,0.0,0.0000,-2.08,-0.41,2.43,1.81,1,0.1033,-0.088,-0.010,24.00,1,-374.8,-11.1,0.13711,192.4,-18.2,0.1142,-0.00453,OK
0.8459,0.8407,5.2,0,-373.3,-11.6,0.1331,-392.8,-14.8,0.1446,197.9,28.8,0.0000,142.9,18.8,0.0295,144.1,-0.9,0,0.0,0.0,0.0000,-1.95,-0.51,2.42,1.86,1,0.1233,-0.226,-0.098,25.00,1,-373.4,-11.5,0.13720,176.3,-62.4,0.1155,-0.00441,OK
0.8540,0.8464,7.6,0,-372.9,-10.8,0.1397,-391.7,-14.6,0.1446,197.9,28.8,0.0000,145.4,19.1,0.0256,146.6,-1.2,0,0.0,0.0,0.0000,-1.86,-0.96,2.51,1.63,1,0.1233,-0.226,-0.098,26.00,1,-372.7,-11.1,0.13818,163.7,-7.0,0.1210,-0.00432,OK
0.8625,0.8550,7.5,0,-372.1,-10.7,0.1320,-390.0,-14.3,0.1446,197.9,28.8,0.0000,147.9,17.7,0.0267,148.9,-2.8,0,0.0,0.0,0.0000,-1.68,-0.86,2.08,1.81,1,0.1067,-0.108,-0.186,24.00,1,-371.8,-10.7,0.13791,134.3,11.0,0.1078,-0.00409,OK
0.8702,0.8635,6.7,0,-371.0,-11.2,0.1342,-388.3,-14.1,0.1446,197.9,28.8,0.0000,149.7,19.6,0.0264,151.0,-1.2,0,0.0,0.0,0.0000,-1.48,-0.83,2.22,1.86,1,0.0789,-0.049,-0.167,25.00,1,-370.9,-11.0,0.13799,115.2,-24.0,0.0924,-0.00421,OK
0.8783,0.8720,6.3,0,-369.6,-10.9,0.1317,-386.6,-13.9,0.1446,197.9,28.8,0.0000,151.1,19.6,0.0289,152.4,-1.3,0,0.0,0.0,0.0000,-2.22,-1.26,2.06,1.78,1,0.0622,-0.304,-0.255,25.00,1,-369.7,-10.9,0.13735,127.4,-10.8,0.0440,-0.00375,OK
0.8866,0.8720,14.6,0,-369.6,-10.9,0.1317,-386.6,-13.9,0.1446,197.9,28.8,0.0000,153.6,20.0,0.0273,154.9,-1.3,0,0.0,0.0,0.0000,-1.39,-1.72,2.14,2.03,1,0.0622,-0.304,-0.255,26.00,1,-368.9,-10.8,0.13776,120.8,2.3,0.0719,-0.00387,OK
0.8945,0.8883,6.2,0,-368.9,-12.0,0.1139,-383.4,-13.4,0.1446,197.9,28.8,0.0000,157.3,21.1,0.0352,158.7,-0.4,0,0.0,0.0,0.0000,-2.01,-1.00,2.19,2.35,1,0.0633,-0.402,-0.255,25.00,1,-368.4,-11.8,0.13579,87.2,-59.7,0.0641,-0.00371,OK
0.9023,0.8883,14.0,0,-368.9,-12.0,0.1139,-383.4,-13.4,0.1446,197.9,28.8,0.0000,160.2,22.4,0.0337,161.7,0.4,0,0.0,0.0,0.0000,-2.46,-1.36,2.08,2.36,1,0.0678,-0.471,-0.098,25.00,1,-367.8,-12.0,0.13617,94.1,-50.5,0.0630,-0.00356,OK
0.9108,0.8883,22.5,0,-368.9,-12.0,0.1139,-383.4,-13.4,0.1446,197.9,28.8,0.0000,162.7,23.8,0.0317,164.5,1.4,0,0.0,0.0,0.0000,-2.18,-1.64,2.11,2.39,1,0.0544,-0.490,-0.226,25.00,1,-367.0,-12.3,0.13667,93.3,-41.8,0.0551,-0.00350,OK
0.9184,0.8883,30.1,0,-368.9,-12.0,0.1139,-383.4,-13.4,0.1446,197.9,28.8,0.0000,165.0,25.0,0.0305,166.9,2.2,0,0.0,0.0,0.0000,-2.65,-1.64,1.83,2.55,1,0.0267,-0.618,-0.088,25.00,1,-366.2,-12.5,0.13695,94.8,-39.0,0.0210,-0.00333,OK
0.9266,0.8883,38.3,0,-368.9,-12.0,0.1139,-383.4,-13.4,0.1446,197.9,28.8,0.0000,167.5,26.2,0.0298,169.5,3.0,0,0.0,0.0,0.0000,-2.21,-2.15,2.22,2.50,1,0.0267,-0.618,-0.088,25.00,1,-365.4,-12.7,0.13714,97.5,-31.5,0.0277,-0.00329,OK
0.9340,0.8883,45.7,0,-368.9,-12.0,0.1139,-383.4,-13.4,0.1446,197.9,28.8,0.0000,169.6,27.1,0.0292,171.7,3.7,0,0.0,0.0,0.0000,-2.58,-2.02,2.24,2.73,1,0.0000,-0.559,-0.078,25.00,1,-364.7,-12.8,0.13728,101.1,-33.0,0.0068,-0.00335,OK
0.9427,0.8883,54.4,0,-368.9,-12.0,0.1139,-383.4,-13.4,0.1446,197.9,28.8,0.0000,172.1,28.1,0.0286,174.3,4.3,0,0.0,0.0,0.0000,-2.29,-2.33,2.30,3.06,1,0.0144,-0.667,-0.157,25.00,1,-363.7,-12.9,0.13745,103.5,-21.8,0.0290,-0.00356,OK
0.9503,0.8883,61.9,0,-368.9,-12.0,0.1139,-383.4,-13.4,0.1446,197.9,28.8,0.0000,174.2,28.8,0.0273,176.5,4.6,0,0.0,0.0,0.0000,-2.52,-2.15,2.03,3.12,1,0.0611,-0.775,-0.157,24.00,1,-363.0,-13.0,0.13776,101.3,-19.6,0.0570,-0.00342,OK
0.9579,0.8883,69.6,0,-368.9,-12.0,0.1139,-383.4,-13.4,0.1446,197.9,28.8,0.0000,176.3,29.4,0.0256,178.7,4.8,0,0.0,0.0,0.0000,-3.02,-2.68,2.07,3.16,1,0.1033,-0.677,0.186,25.00,1,-362.1,-13.0,0.13819,109.9,-14.6,0.0664,-0.00274,OK
0.9659,0.8883,77.6,0,-368.9,-12.0,0.1139,-383.4,-13.4,0.1446,197.9,28.8,0.0000,178.4,29.9,0.0228,180.8,4.9,0,0.0,0.0,0.0000,-2.43,-2.47,2.55,3.57,1,0.1033,-0.677,0.186,25.00,1,-361.2,-13.0,0.13888,110.5,-13.0,0.1070,-0.00276,OK
0.9749,0.9747,0.3,0,-363.7,-12.4,0.1203,-366.3,-10.9,0.1446,197.9,28.8,0.0000,190.5,30.5,0.0366,192.9,4.5,0,0.0,0.0,0.0000,-1.92,-2.19,2.81,3.98,1,0.1344,-0.481,0.157,25.00,1,-363.6,-12.4,0.13543,51.7,6.4,-0.0357,-0.00257,OK
0.9823,0.9747,7.6,0,-363.7,-12.4,0.1203,-366.3,-10.9,0.1446,197.9,28.8,0.0000,194.9,30.8,0.0323,197.3,4.0,0,0.0,0.0,0.0000,-2.58,-2.75,2.75,4.23,1,0.1644,-0.873,-0.039,25.00,1,-363.6,-12.4,0.13652,75.8,7.8,0.1476,-0.00263,OK
0.9904,0.9747,15.7,0,-363.7,-12.4,0.1203,-366.3,-10.9,0.1446,197.9,28.8,0.0000,198.0,30.8,0.0266,200.4,3.2,0,0.0,0.0,0.0000,-2.43,-2.81,2.94,4.21,1,0.2189,-0.804,-0.098,25.00,1,-363.0,-12.3,0.13794,79.9,10.0,0.2131,-0.00249,OK
0.9981,0.9747,23.4,0,-363.7,-12.4,0.1203,-366.3,-10.9,0.1446,197.9,28.8,0.0000,200.7,30.7,0.0200,203.0,2.4,0,0.0,0.0,0.0000,-2.89,-2.81,3.50,4.31,1,0.2189,-0.804,-0.098,25.00,1,-362.4,-12.1,0.13959,92.2,0.7,0.2149,-0.00239,OK
1.0065,0.9747,31.8,0,-363.7,-12.4,0.1203,-366.3,-10.9,0.1446,197.9,28.8,0.0000,203.6,30.4,0.0119,205.8,1.4,0,0.0,0.0,0.0000,-2.42,-2.61,2.92,4.73,1,0.2667,-0.686,0.059,25.00,1,-361.6,-12.0,0.14160,86.9,13.1,0.2640,-0.00231,OK
1.0141,0.9747,39.5,0,-363.7,-12.4,0.1203,-366.3,-10.9,0.1446,197.9,28.8,0.0000,205.9,30.0,0.0036,208.1,0.2,0,0.0,0.0,0.0000,-3.20,-2.94,3.48,5.30,1,0.2856,-0.843,-0.088,25.00,1,-360.9,-11.8,0.14369,108.9,8.7,0.2788,-0.00219,OK
1.0225,0.9747,47.8,0,-363.7,-12.4,0.1203,-366.3,-10.9,0.1446,197.9,28.8,0.0000,208.1,29.5,-0.0055,210.2,-1.1,0,0.0,0.0,0.0000,-3.29,-3.73,3.72,5.26,1,0.2722,-0.941,0.304,25.00,1,-359.9,-11.5,0.14596,121.6,15.8,0.2606,-0.00201,OK
1.0299,0.9747,55.2,0,-363.7,-12.4,0.1203,-366.3,-10.9,0.1446,197.9,28.8,0.0000,210.0,29.2,-0.0132,212.0,-2.0,0,0.0,0.0,0.0000,-3.44,-3.84,4.41,4.06,1,0.2722,-0.941,0.304,24.00,1,-359.1,-11.4,0.14789,118.8,-2.7,0.2477,-0.00167,OK
1.0383,0.9747,63.7,0,-363.7,-12.4,0.1203,-366.3,-10.9,0.1446,197.9,28.8,0.0000,212.4,29.4,-0.0209,214.4,-2.6,0,0.0,0.0,0.0000,-3.28,-3.51,4.07,2.52,1,0.2456,-1.138,-0.039,25.00,1,-358.2,-11.4,0.14982,94.6,-19.2,0.1922,-0.00121,OK
1.0459,0.9747,71.2,0,-363.7,-12.4,0.1203,-366.3,-10.9,0.1446,197.9,28.8,0.0000,214.4,29.7,-0.0266,216.4,-3.0,0,0.0,0.0,0.0000,-4.04,-3.86,4.33,3.58,1,0.2278,-1.177,0.029,25.00,1,-357.3,-11.3,0.15124,121.8,-13.4,0.1736,-0.00069,OK
1.0549,0.9747,80.2,0,-363.7,-12.4,0.1203,-366.3,-10.9,0.1446,197.9,28.8,0.0000,216.2,29.8,-0.0328,218.2,-3.5,0,0.0,0.0,0.0000,-4.27,-3.77,4.65,4.96,1,0.1744,-0.706,0.667,25.00,1,-356.1,-11.2,0.15278,142.8,-6.6,0.1683,-0.00060,OK
1.0626,0.9747,87.9,0,-363.7,-12.4,0.1203,-366.3,-10.9,0.1446,197.9,28.8,0.0000,217.3,29.6,-0.0379,219.2,-4.1,0,0.0,0.0,0.0000,-4.52,-4.42,4.88,5.68,1,0.1644,-0.843,0.186,25.00,1,-354.9,-11.1,0.15406,160.6,2.4,0.1627,-0.00057,OK
1.0700,0.9747,95.3,0,-363.7,-12.4,0.1203,-366.3,-10.9,0.1446,197.9,28.8,0.0000,217.9,29.3,-0.0426,219.8,-4.8,0,0.0,0.0,0.0000,-5.08,-4.91,5.01,6.16,1,0.1644,-0.843,0.186,25.00,1,-353.7,-10.8,0.15524,177.0,5.7,0.1577,-0.00047,OK
1.0790,1.0785,0.4,0,-356.6,-12.3,0.1293,-345.7,-7.9,0.1446,197.9,28.8,0.0000,231.3,37.3,-0.0212,234.3,2.4,0,0.0,0.0,0.0000,-5.99,-4.91,4.90,6.67,1,0.1556,-1.020,-0.441,25.00,1,-356.5,-12.3,0.14990,122.3,-8.9,-0.0258,0.00065,OK
1.0859,1.0785,7.3,0,-356.6,-12.3,0.1293,-345.7,-7.9,0.1446,197.9,28.8,0.0000,235.4,37.6,-0.0260,238.4,1.7,0,0.0,0.0,0.0000,-5.78,-5.06,5.07,7.01,1,0.1233,-1.549,-0.039,25.00,1,-356.5,-12.3,0.15108,139.0,-5.0,0.0886,0.00055,OK
1.0946,1.0863,8.3,0,-353.5,-12.0,0.1386,-344.2,-7.7,0.1446,197.9,28.8,0.0000,232.1,40.5,-0.0100,235.6,6.1,0,0.0,0.0,0.0000,-5.95,-5.72,5.96,7.13,1,0.0800,-0.471,0.147,25.00,1,-353.8,-12.0,0.14710,198.9,-0.5,0.0810,0.00108,OK
1.1021,1.0995,2.6,0,-352.2,-10.6,0.1437,-341.6,-7.3,0.1446,197.9,28.8,0.0000,230.5,38.5,-0.0112,233.7,4.2,0,0.0,0.0,0.0000,-6.03,-5.85,5.76,7.03,1,0.0800,-0.471,0.147,25.00,1,-351.9,-10.7,0.14738,173.9,87.3,0.0635,0.00118,OK
1.1098,1.1074,2.4,0,-351.5,-10.4,0.1502,-340.0,-7.1,0.1446,197.9,28.8,0.0000,232.3,39.2,-0.0131,235.6,4.6,0,0.0,0.0,0.0000,-6.37,-6.79,5.57,7.30,1,0.0167,-0.451,-0.118,24.00,1,-351.0,-10.3,0.14785,147.4,33.7,0.0227,0.00118,OK
1.1184,1.1161,2.2,0,-350.3,-10.6,0.1513,-338.3,-6.8,0.1446,197.9,28.8,0.0000,234.3,40.6,-0.0142,237.8,5.5,0,0.0,0.0,0.0000,-6.75,-6.62,5.11,7.27,1,-0.0167,-1.353,0.108,24.00,1,-350.0,-10.4,0.14814,129.3,-42.0,-0.0090,0.00121,OK
1.1257,1.1246,1.1,0,-349.1,-10.3,0.1466,-336.6,-6.6,0.1446,197.9,28.8,0.0000,235.6,40.0,-0.0112,239.0,4.9,0,0.0,0.0,0.0000,-6.70,-6.34,5.82,7.42,1,-0.0644,-1.049,-0.157,25.00,1,-348.9,-10.3,0.14738,136.0,-11.2,-0.0679,0.00118,OK
1.1338,1.1335,0.2,0,-347.3,-9.7,0.1454,-334.8,-6.3,0.1446,197.9,28.8,0.0000,235.6,39.0,-0.0063,238.7,4.2,0,0.0,0.0,0.0000,-7.59,-7.54,6.25,7.28,1,-0.1044,-0.108,0.745,25.00,1,-347.3,-9.8,0.14615,182.1,43.6,-0.1160,0.00127,OK
1.1425,1.1423,0.2,0,-346.1,-9.3,0.1508,-333.1,-6.1,0.1446,197.9,28.8,0.0000,236.4,39.8,-0.0058,239.7,5.0,0,0.0,0.0,0.0000,-8.06,-7.22,5.78,7.22,1,-0.1044,-0.108,0.745,25.00,1,-346.0,-9.4,0.14604,168.1,25.9,-0.0714,0.00132,OK
1.1500,1.1423,7.7,0,-346.1,-9.3,0.1508,-333.1,-6.1,0.1446,197.9,28.8,0.0000,240.8,40.6,-0.0037,244.1,5.3,0,0.0,0.0,0.0000,-7.74,-7.68,5.31,8.05,1,-0.1278,-1.089,0.363,25.00,1,-345.9,-9.4,0.14552,184.5,32.2,-0.2174,0.00133,OK
1.1584,1.1502,8.3,0,-346.0,-8.7,0.1552,-331.5,-5.8,0.1446,197.9,28.8,0.0000,244.4,40.2,-0.0088,247.7,4.0,0,0.0,0.0,0.0000,-7.74,-7.59,5.73,7.63,1,-0.1467,-1.334,0.186,25.00,1,-345.5,-8.7,0.14677,152.2,38.2,-0.1499,0.00108,OK
1.1665,1.1589,7.5,0,-345.2,-8.2,0.1538,-329.8,-5.6,0.1446,197.9,28.8,0.0000,246.8,39.2,-0.0073,249.8,2.8,0,0.0,0.0,0.0000,-7.96,-7.95,5.63,7.37,1,-0.1611,0.637,0.245,25.00,1,-344.7,-8.2,0.14641,142.1,38.5,-0.1669,0.00108,OK
1.1744,1.1589,15.4,0,-345.2,-8.2,0.1538,-329.8,-5.6,0.1446,197.9,28.8,0.0000,248.1,38.8,-0.0024,251.1,2.5,0,0.0,0.0,0.0000,-7.99,-8.58,6.24,7.95,1,-0.1611,0.637,0.245,25.00,1,-343.6,-7.8,0.14518,168.0,39.9,-0.1650,0.00114,OK
1.1823,1.1757,6.6,0,-341.7,-7.3,0.1486,-326.5,-5.1,0.1446,197.9,28.8,0.0000,247.6,37.1,0.0018,250.4,1.2,0,0.0,0.0,0.0000,-8.72,-8.10,6.08,8.26,1,-0.1889,-0.481,0.039,25.00,1,-341.8,-7.3,0.14412,186.1,27.0,-0.1912,0.00112,OK
1.1903,1.1881,2.2,0,-340.1,-7.1,0.1579,-324.0,-4.7,0.1446,197.9,28.8,0.0000,246.3,39.3,0.0031,249.4,3.6,0,0.0,0.0,0.0000,-8.79,-8.10,6.40,8.39,1,-0.2100,-1.716,1.040,25.00,1,-339.9,-7.0,0.14380,169.2,-5.3,-0.1424,0.00088,OK
1.1988,1.1881,10.6,0,-340.1,-7.1,0.1579,-324.0,-4.7,0.1446,197.9,28.8,0.0000,249.8,39.9,0.0060,252.9,3.9,0,0.0,0.0,0.0000,-8.32,-8.76,6.36,8.26,1,-0.2267,-0.118,-0.657,27.00,1,-339.4,-6.9,0.14308,189.1,16.3,-0.2285,0.00091,OK
1.2063,1.1881,18.2,0,-340.1,-7.1,0.1579,-324.0,-4.7,0.1446,197.9,28.8,0.0000,249.8,40.2,0.0131,253.0,4.6,0,0.0,0.0,0.0000,-9.38,-8.66,6.74,8.18,1,-0.2333,-0.059,-0.020,24.00,1,-337.9,-6.6,0.14131,206.1,2.7,-0.2385,0.00100,OK
1.2138,1.1881,25.6,0,-340.1,-7.1,0.1579,-324.0,-4.7,0.1446,197.9,28.8,0.0000,249.6,40.5,0.0202,252.8,5.4,0,0.0,0.0,0.0000,-9.04,-8.54,6.47,8.08,1,-0.2333,-0.059,-0.020,25.00,1,-336.4,-6.4,0.13953,205.6,6.6,-0.2385,0.00110,OK
1.2227,1.1881,34.6,0,-340.1,-7.1,0.1579,-324.0,-4.7,0.1446,197.9,28.8,0.0000,249.3,40.8,0.0291,252.6,6.3,0,0.0,0.0,0.0000,-8.62,-8.37,6.47,8.43,1,-0.2578,-0.549,1.030,25.00,1,-334.6,-6.0,0.13731,212.4,10.4,-0.2586,0.00109,OK
1.2303,1.1881,42.2,0,-340.1,-7.1,0.1579,-324.0,-4.7,0.1446,197.9,28.8,0.0000,248.9,41.1,0.0372,252.2,7.1,0,0.0,0.0,0.0000,-9.02,-8.92,6.34,7.94,1,-0.2656,-0.206,-0.735,25.00,1,-333.0,-5.7,0.13527,218.6,10.4,-0.2722,0.00122,OK
1.2383,1.1881,50.2,0,-340.1,-7.1,0.1579,-324.0,-4.7,0.1446,197.9,28.8,0.0000,248.2,41.4,0.0457,251.5,8.1,0,0.0,0.0,0.0000,-9.20,-8.41,6.67,8.37,1,-0.2544,-0.196,0.510,25.00,1,-331.2,-5.5,0.13316,229.6,4.2,-0.2581,0.00127,OK
1.2469,1.1881,58.7,0,-340.1,-7.1,0.1579,-324.0,-4.7,0.1446,197.9,28.8,0.0000,247.2,41.8,0.0546,250.6,9.2,0,0.0,0.0,0.0000,-9.25,-8.63,6.97,8.38,1,-0.2544,-0.196,0.510,25.00,1,-329.2,-5.2,0.13094,240.4,2.1,-0.2581,0.00132,OK
1.2544,1.1881,66.3,0,-340.1,-7.1,0.1579,-324.0,-4.7,0.1446,197.9,28.8,0.0000,246.3,41.8,0.0617,249.7,9.7,0,0.0,0.0,0.0000,-8.83,-9.31,6.14,8.51,1,-0.2011,0.010,0.412,25.00,1,-327.4,-4.8,0.12915,239.1,26.1,-0.2100,0.00148,OK
1.2622,1.1881,74.1,0,-340.1,-7.1,0.1579,-324.0,-4.7,0.1446,197.9,28.8,0.0000,245.2,41.7,0.0673,248.5,10.1,0,0.0,0.0,0.0000,-9.43,-8.49,6.92,9.03,1,-0.1422,-0.932,-0.588,25.00,1,-325.5,-4.4,0.12775,254.2,9.3,-0.1486,0.00157,OK
1.2700,1.1881,81.8,0,-340.1,-7.1,0.1579,-324.0,-4.7,0.1446,197.9,28.8,0.0000,244.1,41.6,0.0709,247.4,10.4,0,0.0,0.0,0.0000,-9.14,-7.63,6.47,8.80,1,-0.0722,0.039,1.579,25.00,1,-323.6,-4.1,0.12685,240.9,8.0,-0.0804,0.00169,OK
1.2788,1.1881,90.6,0,-340.1,-7.1,0.1579,-324.0,-4.7,0.1446,197.9,28.8,0.0000,243.0,41.3,0.0725,246.3,10.3,0,0.0,0.0,0.0000,-8.06,-7.77,6.79,9.35,1,-0.0100,0.834,-0.294,25.00,1,-321.5,-3.7,0.12645,246.4,17.9,-0.0115,0.00168,OK
1.2859,1.2856,0.3,0,-318.1,0.2,0.1513,-304.7,-1.9,0.1446,197.9,28.8,0.0000,237.9,28.0,0.0518,239.5,-3.5,0,0.0,0.0,0.0000,-7.83,-8.14,6.37,9.01,1,-0.0100,0.834,-0.294,25.00,1,-318.1,0.2,0.13164,248.5,66.4,0.1278,0.00106,OK
1.2938,1.2938,0.1,0,-314.9,-0.1,0.1462,-303.1,-1.7,0.1446,197.9,28.8,0.0000,234.2,26.3,0.0394,235.7,-5.4,0,0.0,0.0,0.0000,-8.35,-8.09,6.37,8.87,1,0.0722,-0.343,-0.088,24.00,1,-315.3,0.0,0.13472,286.3,-66.0,0.1508,0.00087,OK
1.3019,1.2938,8.1,0,-314.9,-0.1,0.1462,-303.1,-1.7,0.1446,197.9,28.8,0.0000,239.1,26.9,0.0398,240.5,-5.5,0,0.0,0.0,0.0000,-8.03,-7.61,6.94,9.03,1,0.1333,0.000,0.765,25.00,1,-315.3,0.1,0.13463,268.5,-4.5,0.1240,0.00099,OK
1.3098,1.3023,7.5,0,-313.1,0.5,0.1511,-301.4,-1.5,0.1446,197.9,28.8,0.0000,237.0,26.7,0.0250,238.4,-6.2,0,0.0,0.0,0.0000,-8.07,-7.28,7.25,9.12,1,0.2044,1.245,0.294,25.00,1,-313.1,0.5,0.13833,271.7,-2.6,0.1958,0.00079,OK
1.3188,1.3109,8.0,0,-311.5,1.2,0.1535,-299.7,-1.2,0.1446,197.9,28.8,0.0000,236.8,25.3,0.0105,238.0,-8.5,0,0.0,0.0,0.0000,-7.80,-7.08,7.45,9.37,1,0.2044,1.245,0.294,24.00,1,-311.2,1.1,0.14196,257.1,16.3,0.2015,0.00056,OK
1.3260,1.3192,6.8,0,-309.0,1.5,0.1588,-298.1,-1.0,0.1446,197.9,28.8,0.0000,234.6,25.0,-0.0048,235.7,-9.3,0,0.0,0.0,0.0000,-7.30,-7.04,7.39,9.14,1,0.2511,0.569,0.029,24.00,1,-309.1,1.5,0.14579,255.5,16.3,0.2501,0.00033,OK
1.3346,1.3284,6.2,0,-306.0,2.4,0.1395,-296.3,-0.7,0.1446,197.9,28.8,0.0000,231.9,18.5,-0.0105,232.1,-15.7,0,0.0,0.0,0.0000,-7.50,-6.27,7.77,8.85,1,0.2867,-0.804,0.804,24.00,1,-306.3,2.3,0.14720,275.6,20.7,0.2794,0.00052,OK
1.3427,1.3362,6.4,0,-304.2,3.3,0.1476,-294.7,-0.5,0.1446,197.9,28.8,0.0000,230.3,18.1,-0.0186,230.4,-16.4,0,0.0,0.0,0.0000,-7.38,-6.30,7.50,8.49,1,0.3000,0.314,0.186,25.00,1,-304.2,3.2,0.14924,272.6,41.1,0.2906,0.00064,OK
1.3505,1.3450,5.5,0,-301.7,4.2,0.1393,-293.0,-0.2,0.1446,197.9,28.8,0.0000,227.9,13.8,-0.0230,227.4,-20.4,0,0.0,0.0,0.0000,-6.83,-6.11,7.82,8.53,1,0.2878,1.216,0.422,25.00,1,-301.8,4.1,0.15033,275.9,52.1,0.2794,0.00084,OK
1.3584,1.3532,5.2,0,-299.0,4.9,0.1412,-291.4,0.0,0.1446,197.9,28.8,0.0000,225.0,12.4,-0.0272,224.3,-21.7,0,0.0,0.0,0.0000,-7.19,-5.75,7.43,8.31,1,0.2878,1.216,0.422,25.00,1,-299.3,4.9,0.15138,288.5,46.0,0.2736,0.00106,OK
1.3670,1.3614,5.5,0,-296.7,4.9,0.1401,-289.7,0.2,0.1446,197.9,28.8,0.0000,222.8,12.1,-0.0303,222.1,-21.8,0,0.0,0.0,0.0000,-7.36,-5.63,7.08,8.31,1,0.2822,1.030,1.716,25.00,1,-296.9,5.1,0.15216,284.1,5.4,0.2667,0.00133,OK
1.3738,1.3712,2.5,0,-295.7,6.5,0.1434,-287.8,0.5,0.1446,197.9,28.8,0.0000,221.4,9.6,-0.0344,220.3,-24.3,0,0.0,0.0,0.0000,-8.04,-5.89,6.90,8.31,1,0.2344,0.343,0.500,24.00,1,-295.1,6.3,0.15318,234.5,94.1,0.1900,0.00161,OK
1.3818,1.3806,1.1,0,-292.4,6.7,0.1420,-285.9,0.8,0.1446,197.9,28.8,0.0000,218.5,8.6,-0.0359,217.2,-25.0,0,0.0,0.0,0.0000,-7.54,-5.71,7.16,8.05,1,0.2111,-0.226,-0.932,25.00,1,-292.5,6.7,0.15357,266.4,1.5,0.1442,0.00185,OK
1.3897,1.3875,2.1,0,-290.4,7.2,0.1414,-284.6,1.0,0.1446,197.9,28.8,0.0000,217.2,7.7,-0.0363,215.9,-25.6,0,0.0,0.0,0.0000,-7.40,-5.40,7.09,7.75,1,0.2111,-0.226,-0.932,25.00,1,-290.6,7.2,0.15365,272.7,21.7,0.1572,0.00211,OK
1.3987,1.3952,3.5,0,-286.8,7.1,0.1377,-283.0,1.2,0.1446,197.9,28.8,0.0000,213.5,7.7,-0.0351,212.1,-25.0,0,0.0,0.0,0.0000,-7.04,-5.22,7.40,7.53,1,0.1900,-0.039,1.353,25.00,1,-287.7,7.2,0.15336,315.4,-38.3,0.1524,0.00235,OK
1.4064,1.3952,11.2,0,-286.8,7.1,0.1377,-283.0,1.2,0.1446,197.9,28.8,0.0000,212.6,7.5,-0.0372,211.3,-25.1,0,0.0,0.0,0.0000,-6.89,-5.14,6.31,7.14,1,0.1700,0.814,0.500,25.00,1,-286.8,7.3,0.15387,276.7,-5.1,0.1619,0.00242,OK
1.4148,1.4122,2.6,0,-285.0,8.0,0.1390,-279.7,1.7,0.1446,197.9,28.8,0.0000,207.0,6.1,-0.0379,205.5,-25.7,0,0.0,0.0,0.0000,-6.39,-5.15,6.77,6.44,1,0.1500,1.177,-0.755,25.00,1,-284.4,8.0,0.15406,202.9,12.9,0.0964,0.00273,OK
1.4220,1.4122,9.8,0,-285.0,8.0,0.1390,-279.7,1.7,0.1446,197.9,28.8,0.0000,203.9,5.8,-0.0387,202.3,-25.6,0,0.0,0.0,0.0000,-7.01,-4.55,6.85,6.22,1,0.1111,0.157,1.383,25.00,1,-284.0,8.0,0.15426,222.7,-12.4,0.1038,0.00280,OK
1.4305,1.4122,18.3,0,-285.0,8.0,0.1390,-279.7,1.7,0.1446,197.9,28.8,0.0000,196.0,4.8,-0.0421,194.4,-25.6,0,0.0,0.0,0.0000,-7.22,-4.59,6.41,6.35,1,0.1111,0.157,1.383,25.00,1,-282.1,8.2,0.15512,222.1,-9.4,0.1005,0.00290,OK
1.4382,1.4122,26.0,0,-285.0,8.0,0.1390,-279.7,1.7,0.1446,197.9,28.8,0.0000,187.9,3.8,-0.0444,186.2,-25.4,0,0.0,0.0,0.0000,-7.08,-4.71,6.31,6.00,1,0.0611,0.530,0.657,24.00,1,-280.4,8.4,0.15569,218.4,-10.6,0.0500,0.00302,OK
1.4465,1.4122,34.3,0,-285.0,8.0,0.1390,-279.7,1.7,0.1446,197.9,28.8,0.0000,179.4,2.9,-0.0455,177.6,-25.0,0,0.0,0.0,0.0000,-6.62,-4.46,6.03,5.55,1,0.0233,1.510,1.020,25.00,1,-278.7,8.6,0.15595,206.2,-12.4,0.0146,0.00311,OK
1.4540,1.4122,41.9,0,-285.0,8.0,0.1390,-279.7,1.7,0.1446,197.9,28.8,0.0000,171.8,2.1,-0.0458,170.0,-24.6,0,0.0,0.0,0.0000,-6.46,-4.57,5.91,5.70,1,0.0189,0.824,0.226,25.00,1,-277.2,8.7,0.15604,206.2,-8.4,0.0121,0.00317,OK
1.4618,1.4122,49.6,0,-285.0,8.0,0.1390,-279.7,1.7,0.1446,197.9,28.8,0.0000,163.9,1.3,-0.0462,162.1,-24.2,0,0.0,0.0,0.0000,-6.62,-4.44,6.23,5.58,1,0.0189,0.824,0.226,25.00,1,-275.5,8.9,0.15613,208.5,-17.3,0.0123,0.00323,OK
1.4709,1.4122,58.7,0,-285.0,8.0,0.1390,-279.7,1.7,0.1446,197.9,28.8,0.0000,154.6,0.5,-0.0468,152.8,-23.5,0,0.0,0.0,0.0000,-6.15,-4.03,5.97,5.26,1,0.0222,-0.755,-0.922,24.00,1,-273.7,9.0,0.15627,195.8,-19.0,0.0188,0.00323,OK
1.4783,1.4122,66.2,0,-285.0,8.0,0.1390,-279.7,1.7,0.1446,197.9,28.8,0.0000,147.3,-0.1,-0.0469,145.5,-23.0,0,0.0,0.0,0.0000,-5.94,-4.08,5.68,4.98,1,0.0000,0.539,0.098,25.00,1,-272.3,9.1,0.15632,189.3,-16.8,-0.0056,0.00327,OK
1.4860,1.4856,0.4,0,-268.3,11.5,0.1502,-265.1,3.8,0.1446,197.6,28.8,0.0000,132.9,-5.6,-0.0417,130.5,-26.0,0,0.0,0.0,0.0000,-5.36,-3.60,5.36,4.82,1,-0.0344,1.383,0.500,25.00,1,-268.4,11.5,0.15501,200.8,20.1,-0.0544,0.00320,OK
1.4945,1.4856,8.9,0,-268.3,11.5,0.1502,-265.1,3.8,0.1446,197.6,28.8,0.0000,128.7,-6.3,-0.0412,126.2,-26.0,0,0.0,0.0,0.0000,-6.26,-3.39,5.05,4.42,1,-0.0700,0.883,0.049,25.00,1,-268.2,11.5,0.15488,194.7,0.3,-0.0752,0.00323,OK
1.5018,1.4856,16.2,0,-268.3,11.5,0.1502,-265.1,3.8,0.1446,197.6,28.8,0.0000,121.7,-7.3,-0.0388,119.1,-25.9,0,0.0,0.0,0.0000,-6.06,-3.53,4.53,4.19,1,-0.0700,0.883,0.049,25.00,1,-266.8,11.7,0.15428,185.6,6.2,-0.0824,0.00340,OK
1.5107,1.4856,25.1,0,-268.3,11.5,0.1502,-265.1,3.8,0.1446,197.6,28.8,0.0000,113.1,-8.5,-0.0354,110.5,-25.7,0,0.0,0.0,0.0000,-5.77,-3.32,4.65,4.38,1,-0.1133,0.431,0.412,25.00,1,-265.2,12.0,0.15343,183.5,1.0,-0.1112,0.00330,OK
1.5187,1.4856,33.1,0,-268.3,11.5,0.1502,-265.1,3.8,0.1446,197.6,28.8,0.0000,105.5,-9.6,-0.0313,102.8,-25.5,0,0.0,0.0,0.0000,-5.79,-3.26,4.10,3.78,1,-0.1300,1.422,-0.392,25.00,1,-263.8,12.2,0.15240,170.9,0.3,-0.1393,0.00342,OK
1.5263,1.4856,40.6,0,-268.3,11.5,0.1502,-265.1,3.8,0.1446,197.6,28.8,0.0000,98.3,-10.5,-0.0265,95.6,-25.2,0,0.0,0.0,0.0000,-5.66,-3.37,3.92,3.29,1,-0.1500,1.500,-0.088,25.00,1,-262.6,12.4,0.15120,163.3,-1.7,-0.1681,0.00370,OK
1.5345,1.4856,48.9,0,-268.3,11.5,0.1502,-265.1,3.8,0.1446,197.6,28.8,0.0000,90.6,-11.6,-0.0210,87.8,-25.0,0,0.0,0.0,0.0000,-4.61,-3.14,3.30,3.35,1,-0.1589,1.000,-0.471,27.00,1,-261.3,12.7,0.14983,147.2,9.5,-0.1627,0.00370,OK
1.5423,1.4856,56.7,0,-268.3,11.5,0.1502,-265.1,3.8,0.1446,197.6,28.8,0.0000,83.4,-12.8,-0.0162,80.5,-25.0,0,0.0,0.0,0.0000,-4.17,-2.89,3.29,3.21,1,-0.1589,1.000,-0.471,25.00,1,-260.2,12.9,0.14864,139.2,7.0,-0.1533,0.00352,OK
1.5501,1.4856,64.5,0,-268.3,11.5,0.1502,-265.1,3.8,0.1446,197.6,28.8,0.0000,76.0,-14.0,-0.0119,73.1,-25.0,0,0.0,0.0,0.0000,-4.02,-2.98,3.17,3.15,1,-0.1244,0.667,-0.118,24.00,1,-259.2,13.1,0.14755,135.8,9.2,-0.1262,0.00349,OK
1.5579,1.4856,72.3,0,-268.3,11.5,0.1502,-265.1,3.8,0.1446,197.6,28.8,0.0000,68.4,-15.2,-0.0076,65.5,-25.0,0,0.0,0.0,0.0000,-4.31,-2.88,2.98,2.70,1,-0.1156,0.941,-0.118,25.00,1,-258.2,13.3,0.14648,129.9,2.7,-0.1356,0.00378,OK
1.5666,1.4856,81.0,0,-268.3,11.5,0.1502,-265.1,3.8,0.1446,197.6,28.8,0.0000,60.4,-16.6,-0.0030,57.4,-25.1,0,0.0,0.0,0.0000,-3.38,-2.68,2.33,2.57,1,-0.1089,1.442,-0.245,26.00,1,-257.2,13.5,0.14534,112.5,13.4,-0.1209,0.00393,OK
1.5738,1.4856,88.2,0,-268.3,11.5,0.1502,-265.1,3.8,0.1446,197.6,28.8,0.0000,53.9,-17.6,0.0003,50.8,-25.2,0,0.0,0.0,0.0000,-3.28,-2.04,2.59,2.19,1,-0.1089,1.442,-0.245,25.00,1,-256.4,13.7,0.14452,104.6,-1.1,-0.1105,0.00389,OK
1.5830,1.4856,97.4,0,-268.3,11.5,0.1502,-265.1,3.8,0.1446,197.6,28.8,0.0000,45.5,-19.0,0.0030,42.3,-25.3,0,0.0,0.0,0.0000,-2.69,-1.87,2.29,2.73,1,-0.0722,1.589,0.157,24.00,1,-255.5,13.9,0.14384,98.7,9.1,-0.0533,0.00350,OK
1.5902,1.5900,0.2,0,-245.4,14.9,0.1604,-248.5,6.2,0.1446,108.8,15.8,0.0000,31.2,-20.6,-0.0108,27.8,-24.9,0,0.0,0.0,0.0000,-2.31,-1.31,1.91,1.65,1,-0.0367,1.226,-0.000,25.00,1,-245.5,14.9,0.14728,174.6,-4.9,0.0425,0.00302,OK
1.5984,1.5900,8.4,0,-245.4,14.9,0.1604,-248.5,6.2,0.1446,108.8,15.8,0.0000,14.9,-22.5,-0.0097,11.5,-24.4,0,0.0,0.0,0.0000,-2.02,-1.86,1.69,1.34,1,-0.0211,0.961,0.177,25.00,1,-245.5,14.9,0.14700,151.5,3.4,-0.0379,0.00322,OK
1.6067,1.5900,16.7,0,-245.4,14.9,0.1604,-248.5,6.2,0.1446,108.8,15.8,0.0000,-0.1,-24.6,-0.0089,-3.7,-24.4,0,0.0,0.0,0.0000,-1.48,-0.79,1.46,1.33,1,-0.0211,0.961,0.177,25.00,1,-244.3,15.1,0.14681,129.7,-1.7,-0.0143,0.00306,OK
1.6139,1.5900,23.9,0,-245.4,14.9,0.1604,-248.5,6.2,0.1446,108.8,15.8,0.0000,-14.3,-26.9,-0.0083,-18.1,-24.5,0,0.0,0.0,0.0000,-1.33,-0.77,0.97,0.85,1,-0.0111,1.138,0.167,25.00,1,-243.4,15.2,0.14667,114.0,0.6,-0.0206,0.00316,OK
1.6223,1.5900,32.3,0,-245.4,14.9,0.1604,-248.5,6.2,0.1446,108.8,15.8,0.0000,-22.1,-28.2,-0.0079,-26.0,-24.7,0,0.0,0.0,0.0000,-1.26,-0.55,0.94,1.05,1,-0.0078,1.000,0.059,24.00,1,-242.5,15.3,0.14656,107.2,0.1,-0.0080,0.00311,OK
1.6301,1.5900,40.1,0,-245.4,14.9,0.1604,-248.5,6.2,0.1446,108.8,15.8,0.0000,-28.9,-29.2,-0.0080,-32.9,-24.7,0,0.0,0.0,0.0000,-0.93,-0.20,0.96,0.58,1,0.0089,1.216,0.324,25.00,1,-241.8,15.4,0.14657,91.9,-5.6,0.0092,0.00306,OK
1.6380,1.5900,48.0,0,-245.4,14.9,0.1604,-248.5,6.2,0.1446,108.8,15.8,0.0000,-37.2,-30.2,-0.0080,-41.2,-24.5,0,0.0,0.0,0.0000,-0.95,0.10,0.93,-0.12,1,0.0167,1.294,0.039,25.00,1,-241.1,15.4,0.14658,77.9,-15.7,0.0015,0.00324,OK
1.6458,1.5900,55.8,0,-245.4,14.9,0.1604,-248.5,6.2,0.1446,108.8,15.8,0.0000,-45.1,-31.3,-0.0081,-49.2,-24.4,0,0.0,0.0,0.0000,-0.21,0.15,0.24,-0.11,1,0.0167,1.294,0.039,25.00,1,-240.6,15.4,0.14661,60.3,-1.7,0.0093,0.00330,OK
1.6539,1.5900,64.0,0,-245.4,14.9,0.1604,-248.5,6.2,0.1446,108.8,15.8,0.0000,-53.3,-32.5,-0.0080,-57.5,-24.4,0,0.0,0.0,0.0000,0.01,0.60,-0.18,-0.75,1,0.0167,1.147,-0.118,25.00,1,-240.2,15.5,0.14659,40.7,-6.2,-0.0017,0.00353,OK
1.6627,1.5900,72.7,0,-245.4,14.9,0.1604,-248.5,6.2,0.1446,108.8,15.8,0.0000,-61.8,-33.7,-0.0079,-66.0,-24.4,0,0.0,0.0,0.0000,0.28,0.71,-0.25,-0.90,1,0.0133,1.393,0.294,24.00,1,-239.9,15.4,0.14656,30.8,-6.0,0.0002,0.00367,OK
1.6705,1.5900,80.6,0,-245.4,14.9,0.1604,-248.5,6.2,0.1446,108.8,15.8,0.0000,-69.3,-34.8,-0.0084,-73.7,-24.3,0,0.0,0.0,0.0000,1.02,1.08,-0.26,-0.98,1,-0.0044,0.981,0.324,24.00,1,-239.7,15.4,0.14669,16.5,-4.7,0.0152,0.00332,OK
1.6783,1.5900,88.3,0,-245.4,14.9,0.1604,-248.5,6.2,0.1446,108.8,15.8,0.0000,-76.5,-35.7,-0.0090,-80.9,-24.2,0,0.0,0.0,0.0000,0.98,1.43,-0.43,-1.38,1,-0.0044,0.981,0.324,25.00,1,-239.6,15.4,0.14683,5.3,-11.0,0.0070,0.00311,OK
1.6862,1.5900,96.2,0,-245.4,14.9,0.1604,-248.5,6.2,0.1446,108.8,15.8,0.0000,-84.1,-36.6,-0.0090,-88.5,-23.9,0,0.0,0.0,0.0000,1.08,1.30,-0.28,-1.75,1,-0.0311,0.569,0.343,25.00,1,-239.6,15.3,0.14683,0.2,-14.5,-0.0192,0.00289,OK
1.6941,1.6927,1.4,0,-226.0,14.7,0.1579,-242.6,7.1,0.1446,11.9,1.7,0.0000,-99.8,-36.4,-0.0186,-104.1,-21.2,0,0.0,0.0,0.0000,1.44,1.35,-1.40,-2.22,1,-0.0344,0.932,0.137,25.00,1,-226.2,14.7,0.14924,121.3,-29.1,-0.0096,0.00271,OK
1.7017,1.6927,9.0,0,-226.0,14.7,0.1579,-242.6,7.1,0.1446,11.9,1.7,0.0000,-115.1,-36.7,-0.0184,-119.3,-19.2,0,0.0,0.0,0.0000,1.90,1.47,-1.38,-1.88,1,-0.0322,0.883,-0.049,24.00,1,-226.2,14.7,0.14918,94.1,-20.1,-0.0297,0.00264,OK
1.7105,1.6927,17.8,0,-226.0,14.7,0.1579,-242.6,7.1,0.1446,11.9,1.7,0.0000,-132.7,-37.5,-0.0178,-136.8,-17.4,0,0.0,0.0,0.0000,2.33,2.39,-1.41,-2.28,1,-0.0211,0.441,0.020,24.00,1,-225.4,14.6,0.14903,66.8,-28.6,-0.0121,0.00246,OK
1.7184,1.6927,25.6,0,-226.0,14.7,0.1579,-242.6,7.1,0.1446,11.9,1.7,0.0000,-148.3,-38.4,-0.0174,-152.4,-16.0,0,0.0,0.0,0.0000,2.20,2.33,-1.71,-2.43,1,-0.0211,0.441,0.020,25.00,1,-224.9,14.5,0.14893,53.6,-25.2,-0.0171,0.00237,OK
1.7263,1.6927,33.6,0,-226.0,14.7,0.1579,-242.6,7.1,0.1446,11.9,1.7,0.0000,-164.2,-39.6,-0.0166,-168.2,-14.8,0,0.0,0.0,0.0000,2.00,2.14,-1.64,-2.99,1,-0.0267,0.559,0.010,24.00,1,-224.5,14.3,0.14873,42.9,-29.1,-0.0312,0.00240,OK
1.7340,1.6927,41.3,0,-226.0,14.7,0.1579,-242.6,7.1,0.1446,11.9,1.7,0.0000,-179.0,-40.8,-0.0153,-183.0,-13.9,0,0.0,0.0,0.0000,2.43,2.26,-1.75,-3.17,1,-0.0567,0.706,0.304,25.00,1,-224.2,14.1,0.14841,26.8,-26.8,-0.0547,0.00234,OK
1.7421,1.6927,49.3,0,-226.0,14.7,0.1579,-242.6,7.1,0.1446,11.9,1.7,0.0000,-188.5,-41.8,-0.0129,-192.6,-13.5,0,0.0,0.0,0.0000,2.18,2.35,-1.92,-3.44,1,-0.0978,0.520,0.373,25.00,1,-224.0,13.9,0.14780,15.7,-29.7,-0.0985,0.00232,OK
1.7497,1.6927,57.0,0,-226.0,14.7,0.1579,-242.6,7.1,0.1446,11.9,1.7,0.0000,-197.2,-42.7,-0.0099,-201.3,-13.3,0,0.0,0.0,0.0000,2.60,2.55,-2.47,-3.49,1,-0.0978,0.520,0.373,25.00,1,-224.0,13.7,0.14705,-2.9,-21.5,-0.0977,0.00228,OK
1.7585,1.6927,65.7,0,-226.0,14.7,0.1579,-242.6,7.1,0.1446,11.9,1.7,0.0000,-207.1,-43.9,-0.0065,-211.3,-13.2,0,0.0,0.0,0.0000,2.92,2.31,-2.14,-3.46,1,-0.1100,0.431,0.167,25.00,1,-224.0,13.6,0.14621,-7.9,-19.2,-0.1022,0.00212,OK
1.7663,1.6927,73.6,0,-226.0,14.7,0.1579,-242.6,7.1,0.1446,11.9,1.7,0.0000,-215.9,-44.9,-0.0038,-220.2,-13.1,0,0.0,0.0,0.0000,3.06,2.84,-2.35,-3.63,1,-0.0889,0.441,0.363,25.00,1,-224.1,13.4,0.14553,-24.2,-22.2,-0.0806,0.00196,OK
1.7746,1.6927,81.8,0,-226.0,14.7,0.1579,-242.6,7.1,0.1446,11.9,1.7,0.0000,-224.9,-45.9,-0.0010,-229.2,-13.0,0,0.0,0.0,0.0000,3.33,3.06,-2.71,-4.56,1,-0.0878,0.696,0.304,25.00,1,-224.4,13.1,0.14484,-45.8,-24.3,-0.0885,0.00194,OK
1.7825,1.6927,89.7,0,-226.0,14.7,0.1579,-242.6,7.1,0.1446,11.9,1.7,0.0000,-233.2,-46.8,0.0021,-237.5,-12.8,0,0.0,0.0,0.0000,3.39,3.47,-3.01,-4.80,1,-0.1089,1.010,0.196,25.00,1,-224.8,12.9,0.14407,-61.1,-27.1,-0.1089,0.00191,OK
1.7906,1.6927,97.9,0,-226.0,14.7,0.1579,-242.6,7.1,0.1446,11.9,1.7,0.0000,-241.4,-47.7,0.0057,-245.7,-12.8,0,0.0,0.0,0.0000,3.71,3.54,-3.43,-5.31,1,-0.1089,1.010,0.196,25.00,1,-225.4,12.6,0.14315,-77.8,-23.0,-0.1139,0.00196,OK
1.7978,1.7953,2.5,0,-221.2,14.6,0.1518,-247.0,6.5,0.1446,-94.2,-13.7,0.0000,-255.3,-51.4,0.0008,-260.0,-14.2,0,0.0,0.0,0.0000,4.00,3.65,-3.28,-5.54,1,-0.1278,1.353,0.127,25.00,1,-221.3,14.6,0.14437,-31.8,-7.5,-0.1041,0.00160,OK
1.8064,1.7953,11.1,0,-221.2,14.6,0.1518,-247.0,6.5,0.1446,-94.2,-13.7,0.0000,-270.8,-54.6,0.0024,-275.8,-15.2,0,0.0,0.0,0.0000,3.99,4.23,-3.45,-5.65,1,-0.1256,1.697,0.314,24.00,1,-221.5,14.5,0.14398,-52.8,-16.0,-0.1244,0.00156,OK
1.8141,1.7953,18.8,0,-221.2,14.6,0.1518,-247.0,6.5,0.1446,-94.2,-13.7,0.0000,-275.7,-55.3,0.0059,-280.8,-15.4,0,0.0,0.0,0.0000,4.17,4.48,-3.67,-5.47,1,-0.1044,1.177,-0.177,25.00,1,-221.9,14.3,0.14312,-64.8,-13.7,-0.1023,0.00151,OK
1.8225,1.7953,27.2,0,-221.2,14.6,0.1518,-247.0,6.5,0.1446,-94.2,-13.7,0.0000,-279.1,-55.5,0.0091,-284.1,-15.4,0,0.0,0.0,0.0000,4.69,5.07,-3.59,-5.97,1,-0.1044,1.177,-0.177,25.00,1,-222.5,14.1,0.14231,-85.4,-23.1,-0.0975,0.00138,OK
1.8300,1.7953,34.7,0,-221.2,14.6,0.1518,-247.0,6.5,0.1446,-94.2,-13.7,0.0000,-280.3,-55.4,0.0113,-285.3,-15.2,0,0.0,0.0,0.0000,5.13,5.16,-3.39,-6.00,1,-0.0700,-0.020,0.294,25.00,1,-223.2,13.8,0.14176,-93.7,-24.7,-0.0597,0.00120,OK
1.8380,1.7953,42.7,0,-221.2,14.6,0.1518,-247.0,6.5,0.1446,-94.2,-13.7,0.0000,-281.4,-54.9,0.0124,-286.3,-14.7,0,0.0,0.0,0.0000,4.90,5.63,-3.74,-6.58,1,-0.0100,0.598,1.089,25.00,1,-223.9,13.5,0.14149,-111.6,-30.0,-0.0094,0.00117,OK
1.8463,1.7953,51.0,0,-221.2,14.6,0.1518,-247.0,6.5,0.1446,-94.2,-13.7,0.0000,-281.8,-54.4,0.0126,-286.6,-14.2,0,0.0,0.0,0.0000,6.01,5.87,-4.73,-7.12,1,-0.0056,1.608,0.579,25.00,1,-225.0,13.1,0.14144,-143.1,-16.4,-0.0049,0.00114,OK
1.8540,1.7953,58.7,0,-221.2,14.6,0.1518,-247.0,6.5,0.1446,-94.2,-13.7,0.0000,-281.8,-54.2,0.0131,-286.6,-14.0,0,0.0,0.0,0.0000,5.93,6.47,-5.77,-6.88,1,-0.0311,1.402,-0.363,25.00,1,-226.1,12.9,0.14130,-159.9,-9.9,-0.0312,0.00113,OK
1.8629,1.7953,67.6,0,-221.2,14.6,0.1518,-247.0,6.5,0.1446,-94.2,-13.7,0.0000,-281.7,-53.8,0.0142,-286.4,-13.7,0,0.0,0.0,0.0000,6.34,6.07,-4.83,-7.66,1,-0.0311,1.402,-0.363,25.00,1,-227.5,12.5,0.14104,-163.8,-20.9,-0.0293,0.00109,OK
1.8699,1.7953,74.6,0,-221.2,14.6,0.1518,-247.0,6.5,0.1446,-94.2,-13.7,0.0000,-281.6,-53.3,0.0150,-286.3,-13.3,0,0.0,0.0,0.0000,6.78,6.57,-4.86,-8.30,1,-0.0411,1.304,0.392,25.00,1,-228.7,12.2,0.14083,-181.4,-29.9,-0.0370,0.00101,OK
1.8780,1.7953,82.7,0,-221.2,14.6,0.1518,-247.0,6.5,0.1446,-94.2,-13.7,0.0000,-281.3,-52.5,0.0158,-285.9,-12.6,0,0.0,0.0,0.0000,7.27,7.12,-4.75,-8.35,1,-0.0300,1.442,0.147,25.00,1,-230.2,11.7,0.14063,-193.7,-36.9,-0.0205,0.00086,OK
1.8859,1.7953,90.6,0,-221.2,14.6,0.1518,-247.0,6.5,0.1446,-94.2,-13.7,0.0000,-280.8,-51.8,0.0165,-285.3,-12.0,0,0.0,0.0,0.0000,7.81,7.29,-5.75,-8.63,1,-0.0378,1.010,1.226,25.00,1,-231.8,11.2,0.14046,-216.8,-22.9,-0.0311,0.00075,OK
1.8941,1.7953,98.8,0,-221.2,14.6,0.1518,-247.0,6.5,0.1446,-94.2,-13.7,0.0000,-280.0,-51.3,0.0176,-284.4,-11.7,0,0.0,0.0,0.0000,7.40,7.41,-6.22,-8.64,1,-0.0378,1.010,1.226,25.00,1,-233.6,10.8,0.14019,-224.0,-20.5,-0.0356,0.00071,OK
1.9025,1.8998,2.6,0,-227.9,12.8,0.1509,-262.3,4.2,0.1446,-192.9,-28.1,0.0000,-296.2,-55.6,0.0067,-301.1,-12.8,0,0.0,0.0,0.0000,7.89,7.57,-5.93,-8.52,1,-0.0478,1.285,-0.069,25.00,1,-228.2,12.7,0.14291,-143.3,-7.2,-0.0153,0.00020,OK
1.9104,1.8998,10.5,0,-227.9,12.8,0.1509,-262.3,4.2,0.1446,-192.9,-28.1,0.0000,-304.8,-57.5,0.0076,-309.9,-13.6,0,0.0,0.0,0.0000,7.74,7.59,-6.58,-8.77,1,-0.0722,0.618,-0.569,24.00,1,-228.6,12.7,0.14269,-165.6,-4.2,-0.0695,0.00016,OK
1.9186,1.8998,18.8,0,-227.9,12.8,0.1509,-262.3,4.2,0.1446,-192.9,-28.1,0.0000,-305.4,-57.6,0.0099,-310.5,-13.8,0,0.0,0.0,0.0000,8.55,7.66,-6.42,-9.72,1,-0.0756,0.422,0.657,24.00,1,-230.0,12.4,0.14212,-186.8,-10.9,-0.0725,0.00012,OK
1.9264,1.8998,26.5,0,-227.9,12.8,0.1509,-262.3,4.2,0.1446,-192.9,-28.1,0.0000,-305.4,-57.5,0.0120,-310.5,-13.9,0,0.0,0.0,0.0000,8.80,8.35,-6.92,-9.68,1,-0.0756,0.422,0.657,25.00,1,-231.5,12.1,0.14157,-208.0,-11.5,-0.0714,0.00006,OK
1.9338,1.8998,34.0,0,-227.9,12.8,0.1509,-262.3,4.2,0.1446,-192.9,-28.1,0.0000,-305.0,-57.3,0.0139,-310.0,-13.9,0,0.0,0.0,0.0000,9.41,9.14,-7.20,-9.74,1,-0.0678,2.040,-0.549,25.00,1,-233.1,11.8,0.14110,-229.2,-13.9,-0.0612,-0.00004,OK
1.9428,1.8998,42.9,0,-227.9,12.8,0.1509,-262.3,4.2,0.1446,-192.9,-28.1,0.0000,-304.2,-57.0,0.0155,-309.2,-13.8,0,0.0,0.0,0.0000,9.32,8.87,-7.18,-9.89,1,-0.0367,1.157,-0.471,25.00,1,-235.2,11.4,0.14071,-235.6,-13.5,-0.0317,-0.00012,OK
1.9506,1.8998,50.8,0,-227.9,12.8,0.1509,-262.3,4.2,0.1446,-192.9,-28.1,0.0000,-303.2,-56.5,0.0162,-308.2,-13.5,0,0.0,0.0,0.0000,9.29,9.17,-7.12,-10.07,1,-0.0244,1.216,-0.863,24.00,1,-237.0,11.0,0.14052,-245.3,-20.0,-0.0191,-0.00019,OK
1.9578,1.8998,58.0,0,-227.9,12.8,0.1509,-262.3,4.2,0.1446,-192.9,-28.1,0.0000,-302.2,-55.8,0.0164,-307.0,-12.9,0,0.0,0.0,0.0000,9.34,9.72,-7.15,-10.64,1,0.0000,0.990,0.235,25.00,1,-238.8,10.5,0.14049,-261.5,-30.5,0.0043,-0.00025,OK
1.9659,1.8998,66.1,0,-227.9,12.8,0.1509,-262.3,4.2,0.1446,-192.9,-28.1,0.0000,-300.8,-55.0,0.0162,-305.5,-12.3,0,0.0,0.0,0.0000,9.37,8.85,-7.09,-10.63,1,0.0000,0.990,0.235,25.00,1,-240.9,10.0,0.14053,-258.6,-21.6,0.0031,-0.00029,OK
1.9740,1.8998,74.2,0,-227.9,12.8,0.1509,-262.3,4.2,0.1446,-192.9,-28.1,0.0000,-299.1,-54.3,0.0163,-303.7,-11.9,0,0.0,0.0,0.0000,10.10,9.18,-7.93,-11.08,1,-0.0111,-0.461,0.677,25.00,1,-243.1,9.6,0.14052,-284.8,-13.4,-0.0082,-0.00033,OK
1.9818,1.8998,82.0,0,-227.9,12.8,0.1509,-262.3,4.2,0.1446,-192.9,-28.1,0.0000,-296.8,-53.8,0.0167,-301.4,-11.7,0,0.0,0.0,0.0000,11.05,9.41,-8.37,-11.57,1,-0.0289,-0.363,-0.422,25.00,1,-245.4,9.2,0.14041,-307.0,-9.1,-0.0245,-0.00039,OK
1.9901,1.8998,90.3,0,-227.9,12.8,0.1509,-262.3,4.2,0.1446,-192.9,-28.1,0.0000,-294.1,-53.3,0.0173,-298.6,-11.6,0,0.0,0.0,0.0000,11.05,9.60,-8.60,-11.09,1,-0.0211,2.050,0.481,25.00,1,-247.9,8.8,0.14026,-312.1,-4.8,-0.0155,-0.00046,OK
1.9980,1.8998,98.1,0,-227.9,12.8,0.1509,-262.3,4.2,0.1446,-192.9,-28.1,0.0000,-291.4,-52.8,0.0178,-295.9,-11.5,0,0.0,0.0,0.0000,10.79,9.68,-8.77,-11.49,1,-0.0211,2.050,0.481,25.00,1,-250.4,8.3,0.14014,-320.4,-8.5,-0.0177,-0.00050,OK
2.0057,2.0003,5.4,0,-241.6,7.6,0.1465,-282.2,1.3,0.1446,-197.9,-28.8,0.0000,-306.8,-51.1,0.0111,-311.0,-7.2,0,0.0,0.0,0.0000,10.16,9.54,-8.87,-11.02,1,-0.0267,1.020,1.187,25.00,1,-242.1,7.6,0.14180,-209.1,-23.8,-0.0207,-0.00075,OK
2.0142,2.0003,13.8,0,-241.6,7.6,0.1465,-282.2,1.3,0.1446,-197.9,-28.8,0.0000,-322.4,-49.4,0.0118,-326.2,-3.4,0,0.0,0.0,0.0000,10.64,9.28,-8.08,-11.13,1,-0.0378,-0.941,-1.638,25.00,1,-243.3,7.3,0.14163,-216.5,-28.5,-0.0347,-0.00078,OK
2.0225,2.0003,22.2,0,-241.6,7.6,0.1465,-282.2,1.3,0.1446,-197.9,-28.8,0.0000,-321.7,-48.5,0.0128,-325.4,-2.7,0,0.0,0.0,0.0000,10.54,9.89,-8.43,-12.29,1,-0.0256,-0.343,0.549,25.00,1,-245.2,6.7,0.14139,-245.0,-38.8,-0.0242,-0.00079,OK
2.0297,2.0003,29.4,0,-241.6,7.6,0.1465,-282.2,1.3,0.1446,-197.9,-28.8,0.0000,-320.7,-47.6,0.0135,-324.2,-2.0,0,0.0,0.0,0.0000,11.05,10.38,-8.71,-11.78,1,-0.0300,0.696,1.157,24.00,1,-247.0,6.2,0.14121,-260.7,-33.8,-0.0267,-0.00083,OK
2.0381,2.0003,37.8,0,-241.6,7.6,0.1465,-282.2,1.3,0.1446,-197.9,-28.8,0.0000,-319.1,-46.7,0.0144,-322.5,-1.4,0,0.0,0.0,0.0000,11.43,9.87,-8.76,-12.02,1,-0.0300,0.696,1.157,25.00,1,-249.1,5.6,0.14100,-270.4,-26.0,-0.0269,-0.00086,OK
2.0458,2.0003,45.5,0,-241.6,7.6,0.1465,-282.2,1.3,0.1446,-197.9,-28.8,0.0000,-317.4,-46.1,0.0154,-320.8,-1.1,0,0.0,0.0,0.0000,11.41,9.76,-9.22,-11.76,1,-0.0467,0.941,0.755,25.00,1,-251.2,5.2,0.14073,-280.0,-16.1,-0.0434,-0.00089,OK
2.0544,2.0003,54.1,0,-241.6,7.6,0.1465,-282.2,1.3,0.1446,-197.9,-28.8,0.0000,-315.6,-45.5,0.0175,-318.9,-1.0,0,0.0,0.0,0.0000,11.05,9.22,-8.39,-11.52,1,-0.0844,0.402,-1.834,25.00,1,-253.5,4.7,0.14021,-269.3,-22.3,-0.0797,-0.00094,OK
2.0623,2.0560,6.3,0,-262.1,1.4,0.1380,-293.2,-0.3,0.1446,-197.9,-28.8,0.0000,-302.2,-37.3,0.0216,-304.4,5.0,0,0.0,0.0,0.0000,10.88,9.76,-9.00,-11.35,1,-0.0589,-0.461,0.657,25.00,1,-261.4,1.4,0.13918,-369.8,-54.9,-0.0555,-0.00094,OK
2.0697,2.0633,6.4,0,-264.7,0.9,0.1450,-294.6,-0.5,0.1446,-197.9,-28.8,0.0000,-292.2,-34.7,0.0174,-294.1,6.4,0,0.0,0.0,0.0000,11.16,10.02,-9.39,-11.45,1,-0.0344,-0.814,0.667,25.00,1,-264.4,0.9,0.14023,-384.6,-37.4,-0.0276,-0.00116,OK
2.0785,2.0712,7.3,0,-266.7,0.3,0.1387,-296.2,-0.7,0.1446,-197.9,-28.8,0.0000,-289.6,-31.9,0.0192,-291.2,8.7,0,0.0,0.0,0.0000,11.49,10.01,-9.18,-11.64,1,-0.0344,-0.814,0.667,24.00,1,-267.1,0.2,0.13979,-377.3,-34.0,-0.0274,-0.00121,OK
2.0864,2.0797,6.7,0,-270.3,0.2,0.1491,-297.9,-0.9,0.1446,-197.9,-28.8,0.0000,-284.5,-34.4,0.0135,-286.5,6.0,0,0.0,0.0,0.0000,10.93,10.22,-8.78,-11.54,1,-0.0178,-0.510,-0.520,25.00,1,-270.2,-0.0,0.14121,-369.1,-14.1,-0.0088,-0.00148,OK
2.0949,2.0883,6.6,0,-272.1,-0.5,0.1408,-299.6,-1.2,0.1446,-197.9,-28.8,0.0000,-282.2,-31.2,0.0138,-283.7,8.8,0,0.0,0.0,0.0000,11.79,9.87,-8.97,-11.63,1,-0.0111,0.167,1.294,25.00,1,-272.8,-0.5,0.14113,-356.4,-7.5,-0.0019,-0.00158,OK
2.1017,2.0964,5.3,0,-276.4,-0.5,0.1381,-301.2,-1.4,0.1446,-197.9,-28.8,0.0000,-276.9,-30.9,0.0163,-278.5,8.2,0,0.0,0.0,0.0000,10.34,9.70,-8.93,-11.55,1,-0.0433,0.461,-0.245,26.00,1,-275.9,-0.7,0.14050,-354.1,12.5,-0.0418,-0.00156,OK
2.1101,2.1049,5.2,0,-278.2,-1.9,0.1346,-302.9,-1.7,0.1446,-197.9,-28.8,0.0000,-273.9,-28.1,0.0206,-275.2,10.3,0,0.0,0.0,0.0000,10.62,9.49,-9.29,-11.20,1,-0.0433,0.461,-0.245,25.00,1,-278.6,-1.6,0.13944,-349.8,-30.0,-0.0436,-0.00150,OK
2.1183,2.1136,4.7,0,-281.2,-3.1,0.1333,-304.6,-1.9,0.1446,-197.9,-28.8,0.0000,-270.3,-24.9,0.0246,-271.2,12.6,0,0.0,0.0,0.0000,10.81,9.80,-8.66,-11.33,1,-0.0356,-0.834,-0.647,25.00,1,-281.4,-2.9,0.13843,-350.6,-72.2,-0.0346,-0.00150,OK
2.1258,2.1224,3.5,0,-284.3,-3.6,0.1456,-306.3,-2.2,0.1446,-197.9,-28.8,0.0000,-265.9,-26.5,0.0212,-267.0,10.6,0,0.0,0.0,0.0000,10.38,9.14,-8.80,-9.93,1,-0.0122,-1.530,-0.226,24.00,1,-284.3,-3.6,0.13927,-332.0,-32.5,0.0101,-0.00169,OK
2.1339,2.1307,3.2,0,-286.2,-4.9,0.1431,-308.0,-2.4,0.1446,-197.9,-28.8,0.0000,-264.3,-23.3,0.0181,-265.0,13.8,0,0.0,0.0,0.0000,10.37,9.06,-8.31,-6.64,1,0.0000,1.079,1.471,25.00,1,-286.4,-4.6,0.14006,-284.9,-64.1,0.0478,-0.00207,OK
2.1422,2.1389,3.2,0,-290.8,-5.4,0.1478,-309.6,-2.6,0.1446,-197.9,-28.8,0.0000,-259.2,-22.7,0.0155,-259.9,13.9,0,0.0,0.0,0.0000,9.58,8.43,-8.20,-9.14,1,-0.0411,-0.530,0.059,26.00,1,-289.7,-5.4,0.14071,-345.5,-49.6,-0.0137,-0.00226,OK
2.1497,2.1475,2.3,0,-292.8,-5.9,0.1458,-311.3,-2.9,0.1446,-197.9,-28.8,0.0000,-254.9,-20.9,0.0141,-255.3,15.2,0,0.0,0.0,0.0000,10.55,8.10,-8.02,-9.99,1,-0.0411,-0.530,0.059,25.00,1,-292.7,-6.0,0.14107,-344.7,-26.6,-0.0146,-0.00242,OK
2.1579,2.1563,1.5,0,-296.6,-6.2,0.1439,-313.0,-3.1,0.1446,-197.9,-28.8,0.0000,-249.6,-20.0,0.0137,-250.0,15.3,0,0.0,0.0,0.0000,10.13,7.96,-7.68,-10.44,1,-0.0356,-1.716,-0.333,25.00,1,-296.1,-6.4,0.14116,-356.8,11.2,-0.0160,-0.00251,OK
2.1667,2.1644,2.3,0,-299.2,-6.8,0.1422,-314.6,-3.4,0.1446,-197.9,-28.8,0.0000,-246.1,-18.9,0.0144,-246.3,15.9,0,0.0,0.0,0.0000,9.10,8.17,-8.24,-10.71,1,-0.0344,-0.892,0.873,24.00,1,-299.0,-6.9,0.14099,-358.6,-12.7,-0.0315,-0.00247,OK
2.1739,2.1727,1.1,0,-303.1,-7.3,0.1426,-316.3,-3.6,0.1446,-197.9,-28.8,0.0000,-240.2,-18.2,0.0155,-240.4,15.7,0,0.0,0.0,0.0000,8.72,8.05,-7.81,-10.09,1,-0.0611,-1.344,-0.471,25.00,1,-302.4,-7.3,0.14071,-374.4,-4.5,-0.0486,-0.00249,OK
2.1823,2.1727,9.6,0,-303.1,-7.3,0.1426,-316.3,-3.6,0.1446,-197.9,-28.8,0.0000,-243.7,-18.6,0.0160,-243.9,15.7,0,0.0,0.0,0.0000,8.77,7.96,-7.33,-10.34,1,-0.0611,-1.344,-0.471,26.00,1,-302.9,-7.5,0.14059,-353.0,-18.9,-0.0583,-0.00249,OK
2.1910,2.1895,1.5,0,-307.9,-9.6,0.1415,-319.6,-4.1,0.1446,-197.9,-28.8,0.0000,-233.6,-13.3,0.0183,-233.2,19.4,0,0.0,0.0,0.0000,8.53,7.63,-7.41,-10.03,1,-0.0533,-1.245,-0.039,25.00,1,-308.0,-9.4,0.14000,-349.9,-86.2,-0.0449,-0.00249,OK
2.1981,2.1980,0.1,0,-311.6,-10.1,0.1468,-321.3,-4.3,0.1446,-197.9,-28.8,0.0000,-228.2,-13.1,0.0160,-227.8,19.1,0,0.0,0.0,0.0000,8.68,7.31,-7.31,-9.24,1,-0.0556,-1.471,0.157,25.00,1,-311.2,-10.1,0.14057,-357.6,-28.3,-0.0034,-0.00262,OK
2.2057,2.2046,1.1,0,-314.6,-11.6,0.1341,-322.6,-4.5,0.1446,-197.9,-28.8,0.0000,-224.8,-7.4,0.0206,-223.6,23.9,0,0.0,0.0,0.0000,8.43,6.71,-6.78,-9.14,1,-0.0611,-0.216,-1.059,24.00,1,-313.9,-11.3,0.13943,-378.7,-118.2,-0.0684,-0.00255,OK
2.2144,2.2046,9.8,0,-314.6,-11.6,0.1341,-322.6,-4.5,0.1446,-197.9,-28.8,0.0000,-228.2,-7.5,0.0209,-227.1,24.2,0,0.0,0.0,0.0000,8.00,7.08,-6.31,-9.16,1,-0.0611,-0.216,-1.059,25.00,1,-314.4,-11.5,0.13937,-343.8,-74.9,-0.0565,-0.00258,OK
2.2223,2.2153,7.0,0,-317.9,-11.3,0.1385,-324.7,-4.8,0.1446,-197.9,-28.8,0.0000,-223.5,-9.1,0.0230,-222.6,22.0,0,0.0,0.0,0.0000,7.70,6.66,-5.77,-8.21,1,-0.0589,-0.745,1.138,25.00,1,-317.6,-11.6,0.13885,-322.9,-20.3,-0.0508,-0.00265,OK
2.2305,2.2232,7.3,0,-320.8,-12.1,0.1330,-326.3,-5.1,0.1446,-197.9,-28.8,0.0000,-219.9,-7.4,0.0276,-218.9,22.8,0,0.0,0.0,0.0000,7.43,6.12,-6.38,-8.33,1,-0.0733,-1.520,-0.677,25.00,1,-320.4,-12.1,0.13770,-328.1,-8.2,-0.0714,-0.00258,OK
2.2390,2.2314,7.6,0,-324.4,-12.5,0.1455,-327.9,-5.3,0.1446,-197.9,-28.8,0.0000,-215.2,-9.6,0.0258,-214.4,20.2,0,0.0,0.0,0.0000,6.90,5.99,-5.94,-7.62,1,-0.0733,-1.902,0.216,25.00,1,-323.6,-12.5,0.13813,-327.8,-6.2,-0.0679,-0.00271,OK
2.2464,2.2314,15.0,0,-324.4,-12.5,0.1455,-327.9,-5.3,0.1446,-197.9,-28.8,0.0000,-213.0,-9.3,0.0281,-212.3,20.0,0,0.0,0.0,0.0000,7.15,5.22,-5.48,-7.38,1,-0.1033,-1.687,0.245,24.00,1,-325.8,-12.8,0.13756,-309.2,0.1,-0.0960,-0.00277,OK
2.2543,2.2484,6.0,0,-326.6,-13.3,0.1354,-331.2,-5.8,0.1446,-197.9,-28.8,0.0000,-212.6,-6.7,0.0330,-211.5,22.3,0,0.0,0.0,0.0000,7.14,4.78,-6.02,-7.13,1,-0.1256,-1.216,-0.637,25.00,1,-327.5,-13.3,0.13632,-265.2,2.1,-0.1209,-0.00279,OK
2.2627,2.2484,14.3,0,-326.6,-13.3,0.1354,-331.2,-5.8,0.1446,-197.9,-28.8,0.0000,-212.8,-7.0,0.0362,-211.8,21.8,0,0.0,0.0,0.0000,6.66,4.03,-5.79,-6.81,1,-0.1256,-1.216,-0.637,25.00,1,-329.1,-13.5,0.13554,-248.0,10.8,-0.1251,-0.00276,OK
2.2699,2.2484,21.5,0,-326.6,-13.3,0.1354,-331.2,-5.8,0.1446,-197.9,-28.8,0.0000,-212.0,-7.7,0.0399,-211.1,20.8,0,0.0,0.0,0.0000,6.51,2.35,-5.47,-6.81,1,-0.1256,-0.883,0.304,25.00,1,-330.8,-13.5,0.13460,-219.0,36.8,-0.1333,-0.00261,OK
2.2784,2.2484,30.0,0,-326.6,-13.3,0.1354,-331.2,-5.8,0.1446,-197.9,-28.8,0.0000,-211.6,-9.1,0.0449,-210.9,19.1,0,0.0,0.0,0.0000,5.57,1.54,-5.79,-6.35,1,-0.1233,-0.834,0.206,25.00,1,-332.6,-13.4,0.13337,-199.6,50.6,-0.1508,-0.00228,OK
2.2861,2.2484,37.7,0,-326.6,-13.3,0.1354,-331.2,-5.8,0.1446,-197.9,-28.8,0.0000,-211.4,-10.2,0.0493,-210.9,17.7,0,0.0,0.0,0.0000,5.91,2.40,-4.94,-6.29,1,-0.1233,-0.834,0.206,24.00,1,-334.2,-13.3,0.13227,-202.2,27.4,-0.1308,-0.00214,OK
2.2944,2.2484,46.1,0,-326.6,-13.3,0.1354,-331.2,-5.8,0.1446,-197.9,-28.8,0.0000,-211.7,-10.5,0.0533,-211.3,17.3,0,0.0,0.0,0.0000,5.81,3.32,-2.60,-6.14,1,-0.1256,-1.000,0.010,24.00,1,-335.7,-13.5,0.13126,-178.3,-27.2,-0.1141,-0.00227,OK
2.3022,2.2484,53.8,0,-326.6,-13.3,0.1354,-331.2,-5.8,0.1446,-197.9,-28.8,0.0000,-211.8,-10.6,0.0565,-211.4,17.0,0,0.0,0.0,0.0000,5.30,3.58,-5.17,-5.76,1,-0.0833,-1.049,-0.363,25.00,1,-337.2,-13.8,0.13046,-206.8,9.5,-0.0905,-0.00215,OK
2.3108,2.3037,7.0,0,-341.2,-16.5,0.1259,-342.2,-7.4,0.1446,-197.9,-28.8,0.0000,-205.9,-1.5,0.0613,-204.4,25.1,0,0.0,0.0,0.0000,5.09,4.30,-4.53,-5.25,1,-0.0256,-1.255,0.647,25.00,1,-340.9,-16.5,0.12925,-232.0,-45.4,-0.0219,-0.00210,OK
2.3184,2.3037,14.7,0,-341.2,-16.5,0.1259,-342.2,-7.4,0.1446,-197.9,-28.8,0.0000,-206.0,-0.8,0.0612,-204.4,25.8,0,0.0,0.0,0.0000,5.58,3.96,-4.44,-4.94,1,0.0178,-0.657,0.392,25.00,1,-342.4,-16.9,0.12928,-225.4,-31.7,0.0234,-0.00215,OK
2.3264,2.3037,22.6,0,-341.2,-16.5,0.1259,-342.2,-7.4,0.1446,-197.9,-28.8,0.0000,-205.6,0.1,0.0593,-203.9,26.7,0,0.0,0.0,0.0000,5.20,4.21,-4.23,-4.75,1,0.0944,-0.716,-0.275,25.00,1,-344.1,-17.4,0.12976,-217.4,-33.9,0.0958,-0.00215,OK
2.3347,2.3037,31.0,0,-341.2,-16.5,0.1259,-342.2,-7.4,0.1446,-197.9,-28.8,0.0000,-205.5,1.2,0.0559,-203.6,27.9,0,0.0,0.0,0.0000,4.98,4.16,-3.40,-4.52,1,0.0944,-0.716,-0.275,24.00,1,-345.8,-18.0,0.13060,-201.1,-41.0,0.1030,-0.00223,OK
2.3421,2.3418,0.2,0,-359.7,-20.3,0.1302,-349.7,-8.5,0.1446,-197.9,-28.8,0.0000,-191.1,3.7,0.0493,-188.9,28.9,0,0.0,0.0,0.0000,5.27,3.97,-3.53,-4.25,1,0.1522,-1.471,-0.147,24.00,1,-357.8,-20.2,0.13225,-435.7,-48.5,0.1418,-0.00223,OK
2.3502,2.3501,0.1,0,-361.5,-21.2,0.1242,-351.4,-8.7,0.1446,-197.9,-28.8,0.0000,-175.4,8.0,0.0500,-172.8,31.0,0,0.0,0.0,0.0000,5.22,4.04,-3.41,-4.12,1,0.1889,-0.843,-0.137,25.00,1,-361.1,-21.2,0.13208,-383.3,-63.5,0.1240,-0.00206,OK
2.3589,2.3587,0.2,0,-364.1,-21.9,0.1339,-353.1,-9.0,0.1446,-197.9,-28.8,0.0000,-165.4,9.9,0.0426,-162.6,31.9,0,0.0,0.0,0.0000,5.44,3.63,-3.27,-3.45,1,0.1889,-0.843,-0.137,25.00,1,-364.0,-21.9,0.13393,-349.0,-43.7,0.1928,-0.00209,OK
2.3667,2.3587,8.0,0,-364.1,-21.9,0.1339,-353.1,-9.0,0.1446,-197.9,-28.8,0.0000,-170.1,9.3,0.0421,-167.4,31.9,0,0.0,0.0,0.0000,4.83,3.48,-3.03,-3.40,1,0.2089,-0.108,-0.127,25.00,1,-363.9,-21.9,0.13407,-325.3,-39.5,0.2342,-0.00209,OK
2.3745,2.3587,15.8,0,-364.1,-21.9,0.1339,-353.1,-9.0,0.1446,-197.9,-28.8,0.0000,-167.5,10.9,0.0345,-164.4,33.5,0,0.0,0.0,0.0000,4.82,4.12,-2.97,-3.33,1,0.2378,-0.363,-0.382,25.00,1,-366.4,-22.5,0.13595,-314.9,-42.7,0.2427,-0.00213,OK
2.3825,2.3755,7.1,0,-367.9,-22.6,0.1293,-356.4,-9.5,0.1446,-197.9,-28.8,0.0000,-166.0,11.4,0.0315,-162.9,33.9,0,0.0,0.0,0.0000,5.37,3.51,-3.05,-3.27,1,0.2522,-0.559,-0.490,24.00,1,-368.4,-22.7,0.13670,-280.6,-8.4,0.2552,-0.00201,OK
2.3905,2.3840,6.5,0,-370.2,-22.6,0.1263,-358.1,-9.7,0.1446,-197.9,-28.8,0.0000,-164.8,11.5,0.0309,-161.7,33.9,0,0.0,0.0,0.0000,4.39,3.09,-2.77,-2.76,1,0.2344,-0.412,-0.147,26.00,1,-370.4,-22.8,0.13685,-244.5,4.9,0.2336,-0.00183,OK
2.3977,2.3943,3.3,0,-371.9,-22.9,0.1372,-360.1,-10.0,0.1446,-197.9,-28.8,0.0000,-163.2,9.8,0.0224,-160.3,32.4,0,0.0,0.0,0.0000,4.09,2.91,-2.98,-2.54,1,0.2344,-0.412,-0.147,25.00,1,-372.4,-22.9,0.13899,-213.7,16.2,0.2292,-0.00178,OK
2.4066,2.4030,3.6,0,-373.2,-23.0,0.1311,-361.9,-10.3,0.1446,-197.9,-28.8,0.0000,-164.3,10.5,0.0194,-161.2,33.3,0,0.0,0.0,0.0000,5.06,2.66,-3.33,-2.29,1,0.2400,-0.520,-0.373,25.00,1,-373.7,-23.0,0.13972,-197.6,19.4,0.2225,-0.00170,OK
2.4142,2.4096,4.5,0,-375.7,-23.6,0.1260,-363.2,-10.4,0.1446,-197.9,-28.8,0.0000,-164.2,12.0,0.0200,-160.9,34.7,0,0.0,0.0,0.0000,4.17,2.81,-2.41,-2.10,1,0.2711,-0.755,-0.373,24.00,1,-375.3,-23.4,0.13959,-197.5,-19.1,0.2537,-0.00155,OK
2.4228,2.4183,4.5,0,-377.6,-23.8,0.1312,-364.9,-10.7,0.1446,-197.9,-28.8,0.0000,-163.7,11.3,0.0167,-160.5,34.1,0,0.0,0.0,0.0000,4.78,0.02,-3.00,-2.20,1,0.2678,-0.422,-0.245,24.00,1,-377.2,-23.7,0.14042,-190.6,18.8,0.2251,-0.00114,OK
2.4301,2.4266,3.6,0,-379.1,-24.4,0.1275,-366.5,-10.9,0.1446,-197.9,-28.8,0.0000,-162.7,13.0,0.0150,-159.2,35.7,0,0.0,0.0,0.0000,4.73,2.53,-2.79,-1.74,1,0.2589,-0.078,-0.412,24.00,1,-378.9,-24.3,0.14084,-206.2,-31.8,0.2346,-0.00107,OK
2.4379,2.4346,3.3,0,-380.1,-24.9,0.1237,-368.1,-11.2,0.1446,-197.9,-28.8,0.0000,-163.0,14.7,0.0152,-159.4,37.4,0,0.0,0.0,0.0000,4.40,2.48,-2.92,-1.84,1,0.2589,-0.078,-0.412,25.00,1,-380.3,-24.8,0.14079,-192.1,-37.8,0.2141,-0.00089,OK
2.4466,2.4434,3.2,0,-381.1,-25.3,0.1281,-369.9,-11.4,0.1446,-197.9,-28.8,0.0000,-164.7,14.6,0.0135,-161.0,37.7,0,0.0,0.0,0.0000,4.42,1.99,-3.00,-1.71,1,0.2222,-0.471,0.059,25.00,1,-381.5,-25.3,0.14120,-165.8,-25.5,0.1887,-0.00077,OK
2.4542,2.4517,2.6,0,-383.6,-25.4,0.1231,-371.5,-11.7,0.1446,-197.9,-28.8,0.0000,-164.1,15.3,0.0156,-160.3,38.1,0,0.0,0.0,0.0000,4.42,1.72,-3.09,-1.91,1,0.1944,-0.500,0.147,24.00,1,-383.2,-25.5,0.14068,-181.6,0.7,0.1305,-0.00054,OK
2.4625,2.4517,10.8,0,-383.6,-25.4,0.1231,-371.5,-11.7,0.1446,-197.9,-28.8,0.0000,-167.6,15.0,0.0132,-163.8,38.4,0,0.0,0.0,0.0000,4.11,1.98,-3.41,-1.63,1,0.1856,0.392,-0.255,24.00,1,-383.7,-25.5,0.14128,-170.6,-3.4,0.1891,-0.00058,OK
2.4701,2.4517,18.4,0,-383.6,-25.4,0.1231,-371.5,-11.7,0.1446,-197.9,-28.8,0.0000,-168.2,15.1,0.0075,-164.4,38.9,0,0.0,0.0,0.0000,4.36,1.74,-3.37,-1.66,1,0.1856,0.392,-0.255,25.00,1,-384.9,-25.7,0.14272,-166.2,4.0,0.1884,-0.00060,OK
2.4780,2.4517,26.3,0,-383.6,-25.4,0.1231,-371.5,-11.7,0.1446,-197.9,-28.8,0.0000,-169.1,15.1,0.0018,-165.2,39.2,0,0.0,0.0,0.0000,4.67,1.91,-3.09,-1.53,1,0.1489,0.559,0.098,25.00,1,-386.2,-25.9,0.14413,-160.0,4.1,0.1682,-0.00081,OK
2.4858,2.4517,34.1,0,-383.6,-25.4,0.1231,-371.5,-11.7,0.1446,-197.9,-28.8,0.0000,-170.0,15.0,-0.0024,-166.1,39.4,0,0.0,0.0,0.0000,4.83,1.35,-3.19,-1.95,1,0.0956,-0.157,0.196,25.00,1,-387.4,-26.0,0.14519,-157.3,11.4,0.1049,-0.00090,OK
2.4945,2.4517,42.8,0,-383.6,-25.4,0.1231,-371.5,-11.7,0.1446,-197.9,-28.8,0.0000,-171.1,14.7,-0.0050,-167.1,39.4,0,0.0,0.0,0.0000,3.94,1.63,-4.05,-2.06,1,0.0356,-0.196,0.382,25.00,1,-388.8,-26.1,0.14582,-157.4,12.5,0.0392,-0.00093,OK
2.5024,2.4517,50.7,0,-383.6,-25.4,0.1231,-371.5,-11.7,0.1446,-197.9,-28.8,0.0000,-172.1,14.3,-0.0061,-168.2,39.2,0,0.0,0.0,0.0000,3.85,1.35,-3.73,-2.11,1,0.0356,-0.196,0.382,24.00,1,-390.0,-26.2,0.14610,-148.7,14.0,0.0335,-0.00090,OK
2.5105,2.5070,3.5,0,-386.3,-25.7,0.1395,-382.4,-13.3,0.1446,-197.9,-28.8,0.0000,-186.3,9.2,-0.0010,-183.0,36.0,0,0.0,0.0,0.0000,3.64,0.98,-3.98,-2.26,1,-0.0489,0.255,0.245,25.00,1,-387.0,-25.7,0.14484,-58.7,17.5,-0.0664,-0.00072,OK
2.5179,2.5070,10.9,0,-386.3,-25.7,0.1395,-382.4,-13.3,0.1446,-197.9,-28.8,0.0000,-190.1,8.4,0.0008,-186.9,35.7,0,0.0,0.0,0.0000,3.79,0.78,-3.93,-2.65,1,-0.1378,0.431,-0.000,25.00,1,-387.2,-25.7,0.14439,-70.8,19.1,-0.1387,-0.00069,OK
2.5262,2.5070,19.2,0,-386.3,-25.7,0.1395,-382.4,-13.3,0.1446,-197.9,-28.8,0.0000,-193.2,7.4,0.0060,-190.1,34.9,0,0.0,0.0,0.0000,3.34,1.33,-4.12,-2.75,1,-0.1856,0.108,0.294,25.00,1,-387.8,-25.6,0.14309,-76.3,9.7,-0.1787,-0.00078,OK
2.5347,2.5070,27.6,0,-386.3,-25.7,0.1395,-382.4,-13.3,0.1446,-197.9,-28.8,0.0000,-196.2,6.2,0.0122,-193.3,33.9,0,0.0,0.0,0.0000,3.74,1.04,-4.35,-2.81,1,-0.1989,0.000,0.167,24.00,1,-388.5,-25.6,0.14153,-82.6,21.6,-0.1929,-0.00085,OK
2.5426,2.5070,35.6,0,-386.3,-25.7,0.1395,-382.4,-13.3,0.1446,-197.9,-28.8,0.0000,-198.8,5.0,0.0187,-196.2,32.7,0,0.0,0.0,0.0000,3.49,0.84,-4.51,-3.07,1,-0.1989,0.000,0.167,24.00,1,-389.2,-25.5,0.13990,-83.7,23.7,-0.2097,-0.00068,OK
2.5502,2.5070,43.2,0,-386.3,-25.7,0.1395,-382.4,-13.3,0.1446,-197.9,-28.8,0.0000,-201.2,3.7,0.0248,-198.7,31.4,0,0.0,0.0,0.0000,4.29,1.24,-4.85,-2.94,1,-0.2056,0.363,0.275,25.00,1,-389.9,-25.4,0.13840,-98.6,31.8,-0.1936,-0.00085,OK
2.5579,2.5070,50.9,0,-386.3,-25.7,0.1395,-382.4,-13.3,0.1446,-197.9,-28.8,0.0000,-203.4,2.4,0.0307,-201.2,30.1,0,0.0,0.0,0.0000,4.01,1.32,-4.66,-3.46,1,-0.1800,0.373,0.029,25.00,1,-390.7,-25.3,0.13692,-101.0,25.0,-0.1860,-0.00075,OK
2.5658,2.5070,58.8,0,-386.3,-25.7,0.1395,-382.4,-13.3,0.1446,-197.9,-28.8,0.0000,-205.5,1.1,0.0359,-203.4,28.9,0,0.0,0.0,0.0000,4.60,1.51,-4.82,-3.38,1,-0.1533,0.049,0.039,25.00,1,-391.6,-25.2,0.13560,-110.6,32.1,-0.1506,-0.00078,OK
2.5747,2.5070,67.7,0,-386.3,-25.7,0.1395,-382.4,-13.3,0.1446,-197.9,-28.8,0.0000,-207.7,-0.5,0.0414,-205.9,27.3,0,0.0,0.0,0.0000,4.53,1.33,-4.96,-3.38,1,-0.1533,0.049,0.039,25.00,1,-392.6,-25.0,0.13422,-111.4,37.2,-0.1565,-0.00073,OK
2.5823,2.5070,75.3,0,-386.3,-25.7,0.1395,-382.4,-13.3,0.1446,-197.9,-28.8,0.0000,-209.5,-1.9,0.0459,-207.9,26.0,0,0.0,0.0,0.0000,4.36,1.68,-5.02,-3.19,1,-0.1400,0.177,-0.314,25.00,1,-393.5,-24.9,0.13311,-113.0,33.5,-0.1364,-0.00077,OK
2.5898,2.5070,82.8,0,-386.3,-25.7,0.1395,-382.4,-13.3,0.1446,-197.9,-28.8,0.0000,-211.4,-3.1,0.0499,-210.0,24.7,0,0.0,0.0,0.0000,4.23,1.34,-4.75,-3.58,1,-0.0989,0.431,-0.049,25.00,1,-394.3,-24.7,0.13212,-110.6,34.4,-0.1191,-0.00050,OK
2.5978,2.5070,90.8,0,-386.3,-25.7,0.1395,-382.4,-13.3,0.1446,-197.9,-28.8,0.0000,-213.1,-4.3,0.0527,-211.9,23.6,0,0.0,0.0,0.0000,5.05,2.39,-4.67,-3.54,1,-0.0756,0.912,0.402,24.00,1,-395.3,-24.6,0.13141,-127.8,27.7,-0.0631,-0.00065,OK
2.6063,2.5070,99.3,0,-386.3,-25.7,0.1395,-382.4,-13.3,0.1446,-197.9,-28.8,0.0000,-215.7,-4.8,0.0555,-214.4,23.4,0,0.0,0.0,0.0000,1.50,2.71,-4.55,-3.61,1,-0.0389,0.716,0.324,24.00,1,-396.2,-24.8,0.13071,-86.5,-22.3,-0.0870,-0.00023,OK
2.6140,2.5070,106.9,0,-386.3,-25.7,0.1395,-382.4,-13.3,0.1446,-197.9,-28.8,0.0000,-217.7,-5.3,0.0583,-216.5,23.0,0,0.0,0.0,0.0000,3.29,2.58,-5.38,-3.97,1,-0.0389,0.716,0.324,25.00,1,-397.0,-24.9,0.13001,-120.0,9.7,-0.0767,0.00019,OK
2.6228,2.6160,6.8,0,-399.7,-24.6,0.1630,-404.0,-16.4,0.1446,-197.9,-28.8,0.0000,-215.0,-10.8,0.0367,-214.5,18.3,0,0.0,0.0,0.0000,4.58,2.98,-5.33,-4.34,1,0.0267,0.912,-0.088,25.00,1,-399.6,-24.6,0.13541,-153.2,25.4,0.0061,-0.00007,OK
2.6298,2.6160,13.8,0,-399.7,-24.6,0.1630,-404.0,-16.4,0.1446,-197.9,-28.8,0.0000,-216.3,-11.6,0.0364,-215.9,17.7,0,0.0,0.0,0.0000,5.39,3.09,-5.34,-4.05,1,0.0256,1.697,0.118,25.00,1,-400.5,-24.5,0.13549,-160.7,34.9,0.0224,-0.00003,OK
2.6381,2.6160,22.1,0,-399.7,-24.6,0.1630,-404.0,-16.4,0.1446,-197.9,-28.8,0.0000,-217.1,-12.7,0.0355,-216.8,16.8,0,0.0,0.0,0.0000,5.99,2.84,-5.22,-3.88,1,0.0156,0.677,0.226,24.00,1,-401.9,-24.4,0.13570,-161.3,43.6,0.0234,-0.00013,OK
2.6464,2.6160,30.4,0,-399.7,-24.6,0.1630,-404.0,-16.4,0.1446,-197.9,-28.8,0.0000,-217.7,-13.9,0.0346,-217.6,15.7,0,0.0,0.0,0.0000,6.20,3.20,-5.69,-4.00,1,0.0156,0.677,0.226,25.00,1,-403.3,-24.2,0.13593,-171.8,45.8,0.0267,-0.00026,OK
2.6539,2.6160,37.9,0,-399.7,-24.6,0.1630,-404.0,-16.4,0.1446,-197.9,-28.8,0.0000,-218.0,-15.0,0.0338,-218.0,14.7,0,0.0,0.0,0.0000,7.10,3.66,-5.85,-4.39,1,-0.0056,-0.245,-0.000,26.00,1,-404.7,-24.0,0.13614,-187.7,46.0,0.0175,-0.00054,OK
2.6623,2.6160,46.3,0,-399.7,-24.6,0.1630,-404.0,-16.4,0.1446,-197.9,-28.8,0.0000,-218.0,-16.1,0.0330,-218.1,13.7,0,0.0,0.0,0.0000,7.29,3.92,-5.77,-5.23,1,0.0111,0.922,-0.628,24.00,1,-406.4,-23.9,0.13633,-198.8,37.6,0.0220,-0.00067,OK
2.6703,2.6160,54.3,0,-399.7,-24.6,0.1630,-404.0,-16.4,0.1446,-197.9,-28.8,0.0000,-217.7,-17.0,0.0323,-218.0,12.8,0,0.0,0.0,0.0000,6.94,4.09,-6.57,-5.47,1,0.0211,0.922,0.608,24.00,1,-408.0,-23.8,0.13650,-208.1,41.5,0.0196,-0.00065,OK
2.6780,2.6160,62.0,0,-399.7,-24.6,0.1630,-404.0,-16.4,0.1446,-197.9,-28.8,0.0000,-217.4,-17.8,0.0310,-217.7,12.1,0,0.0,0.0,0.0000,7.03,4.69,-6.21,-5.28,1,0.0489,0.481,0.059,24.00,1,-409.7,-23.8,0.13682,-209.2,32.7,0.0590,-0.00076,OK
2.6865,2.6160,70.5,0,-399.7,-24.6,0.1630,-404.0,-16.4,0.1446,-197.9,-28.8,0.0000,-216.9,-18.5,0.0288,-217.4,11.3,0,0.0,0.0,0.0000,7.51,4.71,-6.31,-5.24,1,0.0489,0.481,0.059,25.00,1,-411.5,-23.7,0.13739,-213.9,38.2,0.0649,-0.00095,OK
2.6940,2.6160,78.0,0,-399.7,-24.6,0.1630,-404.0,-16.4,0.1446,-197.9,-28.8,0.0000,-216.4,-19.2,0.0263,-217.0,10.8,0,0.0,0.0,0.0000,7.61,4.54,-6.12,-5.64,1,0.0944,0.333,-0.000,25.00,1,-413.1,-23.7,0.13801,-215.8,37.0,0.0986,-0.00099,OK
2.7023,2.6160,86.4,0,-399.7,-24.6,0.1630,-404.0,-16.4,0.1446,-197.9,-28.8,0.0000,-215.8,-19.9,0.0225,-216.5,10.2,0,0.0,0.0,0.0000,7.57,4.57,-6.39,-5.71,1,0.1356,-0.010,0.167,25.00,1,-415.0,-23.6,0.13896,-219.7,40.6,0.1321,-0.00094,OK
2.7107,2.6160,94.7,0,-399.7,-24.6,0.1630,-404.0,-16.4,0.1446,-197.9,-28.8,0.0000,-215.1,-20.6,0.0176,-215.8,9.6,0,0.0,0.0,0.0000,7.90,4.85,-6.59,-5.68,1,0.1556,0.304,0.284,25.00,1,-416.9,-23.5,0.14017,-226.9,43.0,0.1564,-0.00094,OK
2.7180,2.7148,3.2,0,-412.6,-20.5,0.1551,-423.6,-19.2,0.1446,-197.9,-28.8,0.0000,-228.5,-26.3,-0.0029,-229.9,7.1,0,0.0,0.0,0.0000,8.45,5.45,-6.79,-5.43,1,0.1556,0.304,0.284,25.00,1,-412.9,-20.5,0.14532,-166.3,66.0,0.1941,-0.00142,OK
2.7264,2.7148,11.6,0,-412.6,-20.5,0.1551,-423.6,-19.2,0.1446,-197.9,-28.8,0.0000,-234.5,-28.5,-0.0054,-236.1,5.9,0,0.0,0.0,0.0000,7.88,5.57,-6.59,-5.80,1,0.1689,1.020,0.245,25.00,1,-413.6,-20.4,0.14595,-174.2,52.7,0.1734,-0.00146,OK
2.7340,2.7148,19.2,0,-412.6,-20.5,0.1551,-423.6,-19.2,0.1446,-197.9,-28.8,0.0000,-234.9,-29.4,-0.0109,-236.7,5.4,0,0.0,0.0,0.0000,7.84,5.94,-6.43,-5.47,1,0.1689,0.745,-0.029,25.00,1,-414.9,-20.2,0.14731,-175.5,48.4,0.1792,-0.00156,OK
2.7425,2.7148,27.7,0,-412.6,-20.5,0.1551,-423.6,-19.2,0.1446,-197.9,-28.8,0.0000,-235.7,-29.9,-0.0174,-237.5,5.4,0,0.0,0.0,0.0000,8.04,5.80,-4.36,-5.87,1,0.1767,0.078,0.137,25.00,1,-416.4,-20.2,0.14893,-160.8,14.4,0.1937,-0.00174,OK
2.7504,2.7148,35.6,0,-412.6,-20.5,0.1551,-423.6,-19.2,0.1446,-197.9,-28.8,0.0000,-236.8,-29.6,-0.0236,-238.6,6.2,0,0.0,0.0,0.0000,8.64,5.70,-2.97,-6.17,1,0.1767,0.078,0.137,25.00,1,-417.6,-20.4,0.15048,-146.9,-14.5,0.1923,-0.00190,OK
2.7581,2.7148,43.3,0,-412.6,-20.5,0.1551,-423.6,-19.2,0.1446,-197.9,-28.8,0.0000,-237.5,-29.5,-0.0298,-239.2,6.8,0,0.0,0.0,0.0000,8.87,6.12,-5.20,-6.11,1,0.1811,-0.412,0.245,25.00,1,-418.9,-20.5,0.15203,-188.0,24.5,0.1991,-0.00208,OK
2.7667,2.7148,52.0,0,-412.6,-20.5,0.1551,-423.6,-19.2,0.1446,-197.9,-28.8,0.0000,-237.5,-30.1,-0.0366,-239.3,6.6,0,0.0,0.0,0.0000,8.71,5.48,-6.63,-6.14,1,0.1878,0.745,0.294,25.00,1,-420.6,-20.4,0.15373,-203.5,52.7,0.1932,-0.00212,OK
2.7740,2.7148,59.3,0,-412.6,-20.5,0.1551,-423.6,-19.2,0.1446,-197.9,-28.8,0.0000,-237.1,-30.9,-0.0421,-239.0,6.1,0,0.0,0.0,0.0000,9.57,5.55,-6.78,-6.44,1,0.1733,1.657,0.392,25.00,1,-422.2,-20.3,0.15512,-216.6,55.8,0.1819,-0.00219,OK
2.7823,2.7148,67.6,0,-412.6,-20.5,0.1551,-423.6,-19.2,0.1446,-197.9,-28.8,0.0000,-236.5,-31.7,-0.0480,-238.6,5.6,0,0.0,0.0,0.0000,9.22,6.24,-6.84,-5.85,1,0.1411,0.039,0.451,24.00,1,-424.1,-20.1,0.15659,-216.7,50.2,0.1614,-0.00240,OK
2.7907,2.7148,75.9,0,-412.6,-20.5,0.1551,-423.6,-19.2,0.1446,-197.9,-28.8,0.0000,-235.8,-32.6,-0.0534,-238.0,4.9,0,0.0,0.0,0.0000,9.38,5.74,-7.08,-6.31,1,0.1411,0.039,0.451,24.00,1,-426.0,-20.0,0.15793,-225.0,55.3,0.1531,-0.00250,OK
2.7984,2.7148,83.6,0,-412.6,-20.5,0.1551,-423.6,-19.2,0.1446,-197.9,-28.8,0.0000,-235.2,-33.2,-0.0575,-237.4,4.4,0,0.0,0.0,0.0000,8.64,5.91,-6.81,-6.66,1,0.1033,-2.216,-0.039,24.00,1,-427.7,-19.9,0.15896,-224.0,40.2,0.1129,-0.00258,OK
2.8063,2.7148,91.5,0,-412.6,-20.5,0.1551,-423.6,-19.2,0.1446,-197.9,-28.8,0.0000,-234.2,-33.6,-0.0604,-236.6,4.0,0,0.0,0.0,0.0000,8.62,6.55,-7.26,-7.29,1,0.0578,-0.657,1.432,25.00,1,-429.6,-19.9,0.15969,-241.8,31.4,0.0671,-0.00266,OK
2.8140,2.7148,99.2,0,-412.6,-20.5,0.1551,-423.6,-19.2,0.1446,-197.9,-28.8,0.0000,-233.1,-34.2,-0.0620,-235.6,3.4,0,0.0,0.0,0.0000,9.21,6.11,-7.33,-7.14,1,0.0089,2.403,-0.353,25.00,1,-431.5,-19.9,0.16007,-243.5,41.1,0.0236,-0.00280,OK
2.8219,2.8217,0.2,0,-431.8,-19.3,0.1562,-444.7,-22.3,0.1446,-197.9,-28.8,0.0000,-236.5,-37.2,-0.0579,-239.4,0.7,0,0.0,0.0,0.0000,8.62,6.64,-7.17,-7.23,1,-0.0211,0.471,0.490,25.00,1,-431.9,-19.3,0.15906,-209.3,29.5,-0.0210,-0.00286,OK
2.8297,2.8217,8.0,0,-431.8,-19.3,0.1562,-444.7,-22.3,0.1446,-197.9,-28.8,0.0000,-241.1,-37.8,-0.0587,-244.0,0.9,0,0.0,0.0,0.0000,8.21,5.66,-7.05,-7.08,1,-0.0211,0.471,0.490,24.00,1,-431.9,-19.3,0.15927,-204.6,38.5,0.0534,-0.00286,OK
2.8382,2.8217,16.5,0,-431.8,-19.3,0.1562,-444.7,-22.3,0.1446,-197.9,-28.8,0.0000,-240.8,-38.7,-0.0581,-243.9,-0.0,0,0.0,0.0,0.0000,7.56,5.35,-7.60,-7.53,1,-0.0733,-2.148,1.648,25.00,1,-433.7,-19.3,0.15911,-208.7,36.7,-0.0738,-0.00282,OK
2.8459,2.8217,24.2,0,-431.8,-19.3,0.1562,-444.7,-22.3,0.1446,-197.9,-28.8,0.0000,-240.3,-39.5,-0.0551,-243.5,-1.1,0,0.0,0.0,0.0000,8.20,5.76,-7.12,-7.91,1,-0.1367,-1.393,0.569,25.00,1,-435.4,-19.3,0.15835,-220.1,25.9,-0.1275,-0.00289,OK
2.8542,2.8217,32.5,0,-431.8,-19.3,0.1562,-444.7,-22.3,0.1446,-197.9,-28.8,0.0000,-239.9,-40.2,-0.0506,-243.2,-2.2,0,0.0,0.0,0.0000,7.74,5.43,-6.70,-7.42,1,-0.1622,1.187,-0.343,25.00,1,-437.2,-19.4,0.15723,-208.7,23.5,-0.1501,-0.00301,OK
2.8625,2.8217,40.8,0,-431.8,-19.3,0.1562,-444.7,-22.3,0.1446,-197.9,-28.8,0.0000,-239.2,-41.2,-0.0456,-242.7,-3.5,0,0.0,0.0,0.0000,8.32,5.49,-7.84,-7.67,1,-0.1622,1.187,-0.343,24.00,1,-439.0,-19.4,0.15598,-230.4,39.2,-0.1537,-0.00308,OK
2.8722,2.8663,5.8,0,-447.0,-18.2,0.1556,-453.6,-23.6,0.1446,-197.9,-28.8,0.0000,-223.4,-45.6,-0.0393,-227.8,-10.7,0,0.0,0.0,0.0000,7.18,6.33,-7.05,-7.44,1,-0.1956,-0.147,1.393,24.00,1,-446.2,-18.3,0.15440,-292.7,50.3,-0.1802,-0.00327,OK
2.8780,2.8742,3.9,0,-448.8,-18.6,0.1551,-455.1,-23.8,0.1446,-197.9,-28.8,0.0000,-219.5,-45.7,-0.0346,-223.9,-11.7,0,0.0,0.0,0.0000,7.27,5.70,-6.89,-7.67,1,-0.2278,-0.471,1.324,25.00,1,-448.6,-18.4,0.15323,-293.5,33.5,-0.2132,-0.00341,OK
2.8864,2.8821,4.2,0,-451.6,-17.7,0.1706,-456.7,-24.1,0.1446,-197.9,-28.8,0.0000,-216.1,-50.8,-0.0410,-221.3,-16.8,0,0.0,0.0,0.0000,6.65,5.57,-6.53,-7.36,1,-0.2478,0.402,-0.569,25.00,1,-451.2,-18.0,0.15483,-280.9,76.7,-0.2113,-0.00386,OK
2.8940,2.8908,3.2,0,-453.0,-18.1,0.1665,-458.4,-24.3,0.1446,-197.9,-28.8,0.0000,-214.3,-50.4,-0.0413,-219.5,-16.7,0,0.0,0.0,0.0000,6.35,5.76,-6.49,-7.61,1,-0.2456,-1.255,2.050,25.00,1,-453.4,-18.0,0.15492,-268.6,39.2,-0.2105,-0.00412,OK
2.9027,2.8992,3.5,0,-455.1,-18.5,0.1673,-460.1,-24.6,0.1446,-197.9,-28.8,0.0000,-213.4,-50.3,-0.0412,-218.6,-16.8,0,0.0,0.0,0.0000,6.03,5.51,-6.42,-8.06,1,-0.2456,-1.255,2.050,25.00,1,-455.4,-18.4,0.15489,-259.0,11.3,-0.2175,-0.00430,OK
2.9100,2.8992,10.8,0,-455.1,-18.5,0.1673,-460.1,-24.6,0.1446,-197.9,-28.8,0.0000,-215.5,-51.0,-0.0383,-220.7,-17.3,0,0.0,0.0,0.0000,6.00,5.79,-6.69,-8.18,1,-0.2567,-1.206,-0.726,25.00,1,-456.1,-18.4,0.15415,-264.3,18.0,-0.2546,-0.00427,OK
2.9187,2.9165,2.2,0,-460.1,-18.3,0.1673,-463.5,-25.1,0.1446,-197.9,-28.8,0.0000,-208.8,-52.1,-0.0336,-214.3,-19.7,0,0.0,0.0,0.0000,6.76,5.34,-6.40,-8.27,1,-0.2444,0.226,0.569,25.00,1,-460.0,-18.3,0.15298,-263.3,46.8,-0.1926,-0.00451,OK
2.9257,2.9245,1.1,0,-462.3,-18.5,0.1731,-465.1,-25.3,0.1446,-197.9,-28.8,0.0000,-206.1,-53.3,-0.0382,-211.8,-21.0,0,0.0,0.0,0.0000,7.82,5.33,-5.91,-7.93,1,-0.2333,0.216,0.912,25.00,1,-462.3,-18.5,0.15413,-267.8,28.0,-0.1317,-0.00495,OK
2.9338,2.9333,0.5,0,-464.8,-18.4,0.1738,-466.8,-25.5,0.1446,-197.9,-28.8,0.0000,-203.7,-53.9,-0.0400,-209.5,-21.9,0,0.0,0.0,0.0000,5.62,6.04,-6.25,-8.13,1,-0.2333,0.216,0.912,24.00,1,-464.7,-18.5,0.15459,-262.3,39.8,-0.1351,-0.00514,OK
2.9421,2.9419,0.2,0,-466.4,-18.4,0.1713,-468.5,-25.8,0.1446,-197.9,-28.8,0.0000,-202.7,-54.0,-0.0413,-208.6,-22.1,0,0.0,0.0,0.0000,6.07,6.36,-5.97,-7.79,1,-0.2111,-0.530,-0.255,25.00,1,-466.6,-18.5,0.15490,-244.6,41.6,-0.1160,-0.00540,OK
2.9500,2.9499,0.1,0,-469.3,-18.3,0.1692,-470.1,-26.0,0.1446,-197.9,-28.8,0.0000,-200.6,-54.5,-0.0423,-206.6,-22.8,0,0.0,0.0,0.0000,5.84,6.11,-5.81,-7.69,1,-0.1744,0.167,1.736,25.00,1,-469.0,-18.4,0.15516,-261.6,53.7,-0.0950,-0.00557,OK
2.9584,2.9499,8.4,0,-469.3,-18.3,0.1692,-470.1,-26.0,0.1446,-197.9,-28.8,0.0000,-205.4,-55.2,-0.0409,-211.4,-22.9,0,0.0,0.0,0.0000,5.50,5.79,-5.40,-7.97,1,-0.1789,-0.353,0.206,25.00,1,-469.0,-18.4,0.15481,-245.0,28.3,-0.1749,-0.00555,OK
2.9659,2.9585,7.5,0,-471.8,-18.7,0.1660,-471.8,-26.3,0.1446,-197.9,-28.8,0.0000,-203.0,-54.7,-0.0405,-209.0,-22.7,0,0.0,0.0,0.0000,6.11,5.89,-5.61,-7.40,1,-0.1533,-1.863,0.510,24.00,1,-471.4,-18.6,0.15471,-258.8,30.2,-0.1424,-0.00572,OK
2.9747,2.9669,7.8,0,-473.6,-19.0,0.1632,-473.5,-26.5,0.1446,-197.9,-28.8,0.0000,-201.8,-54.0,-0.0394,-207.7,-22.3,0,0.0,0.0,0.0000,5.88,6.25,-4.76,-7.42,1,-0.1533,-1.863,0.510,24.00,1,-473.5,-18.9,0.15444,-251.9,4.1,-0.1358,-0.00595,OK
2.9817,2.9762,5.5,0,-475.6,-18.7,0.1634,-475.3,-26.8,0.1446,-197.9,-28.8,0.0000,-199.4,-54.8,-0.0381,-205.5,-23.5,0,0.0,0.0,0.0000,5.62,6.41,-4.73,-7.62,1,-0.1522,-0.726,0.314,25.00,1,-475.7,-18.9,0.15411,-242.7,19.9,-0.1326,-0.00614,OK
2.9903,2.9840,6.3,0,-478.3,-19.0,0.1678,-476.8,-27.0,0.1446,-197.9,-28.8,0.0000,-197.7,-56.0,-0.0397,-204.0,-24.9,0,0.0,0.0,0.0000,6.07,5.69,-4.51,-7.68,1,-0.1311,-0.794,0.020,24.00,1,-477.9,-19.0,0.15450,-246.7,22.9,-0.1132,-0.00637,OK
2.9980,2.9937,4.3,0,-479.9,-19.2,0.1634,-478.8,-27.3,0.1446,-197.9,-28.8,0.0000,-195.9,-55.1,-0.0392,-202.1,-24.3,0,0.0,0.0,0.0000,5.65,6.21,-4.73,-7.31,1,-0.1156,0.422,0.794,25.00,1,-480.1,-19.2,0.15438,-238.8,12.5,-0.0919,-0.00654,OK
3.0070,3.0012,5.7,0,-482.2,-19.3,0.1588,-480.2,-27.5,0.1446,-197.9,-28.8,0.0000,-195.8,-54.7,-0.0378,-201.9,-24.0,0,0.0,0.0,0.0000,4.98,5.87,-4.69,-7.10,1,-0.1156,0.422,0.794,25.00,1,-482.0,-19.4,0.15404,-232.6,15.0,-0.1066,-0.00659,OK
3.0149,3.0101,4.7,0,-484.4,-19.7,0.1562,-482.0,-27.8,0.1446,-197.9,-28.8,0.0000,-194.1,-54.1,-0.0352,-200.1,-23.8,0,0.0,0.0,0.0000,4.82,5.95,-4.19,-6.97,1,-0.1156,0.539,0.088,25.00,1,-484.2,-19.6,0.15339,-231.1,2.3,-0.1019,-0.00667,OK
3.0222,3.0178,4.4,0,-486.9,-19.6,0.1617,-483.5,-28.0,0.1446,-197.9,-28.8,0.0000,-191.8,-55.7,-0.0366,-198.1,-25.6,0,0.0,0.0,0.0000,4.92,5.46,-3.64,-6.49,1,-0.0700,-1.579,-0.373,24.00,1,-486.3,-19.7,0.15374,-231.2,23.3,-0.0456,-0.00685,OK
3.0305,3.0241,6.4,0,-488.2,-19.9,0.1538,-484.8,-28.2,0.1446,-197.9,-28.8,0.0000,-192.2,-54.4,-0.0360,-198.2,-24.3,0,0.0,0.0,0.0000,5.04,6.03,-4.08,-6.68,1,-0.0367,-1.196,0.098,25.00,1,-487.9,-19.8,0.15360,-243.8,11.1,-0.0260,-0.00690,OK
3.0378,3.0354,2.4,0,-490.7,-20.8,0.1574,-487.0,-28.5,0.1446,-197.9,-28.8,0.0000,-188.3,-53.3,-0.0377,-194.2,-23.7,0,0.0,0.0,0.0000,4.77,5.64,-3.87,-6.47,1,0.0056,0.775,0.333,25.00,1,-490.6,-20.6,0.15401,-240.3,-31.9,0.0204,-0.00692,OK
3.0465,3.0433,3.2,0,-493.3,-20.3,0.1517,-488.6,-28.7,0.1446,-197.9,-28.8,0.0000,-187.3,-53.2,-0.0375,-193.2,-23.9,0,0.0,0.0,0.0000,4.87,5.89,-3.50,-6.04,1,0.0056,0.775,0.333,25.00,1,-492.8,-20.5,0.15396,-239.7,32.0,0.0176,-0.00701,OK
3.0545,3.0513,3.3,0,-493.7,-21.8,0.1498,-490.1,-28.9,0.1446,-197.9,-28.8,0.0000,-187.9,-50.7,-0.0386,-193.5,-21.2,0,0.0,0.0,0.0000,4.78,5.98,-3.58,-5.71,1,0.0744,-0.098,0.186,25.00,1,-494.2,-21.5,0.15422,-222.8,-62.5,0.0760,-0.00701,OK
3.0621,3.0597,2.4,0,-496.1,-22.5,0.1563,-491.8,-29.2,0.1446,-197.9,-28.8,0.0000,-186.6,-49.6,-0.0433,-192.1,-20.1,0,0.0,0.0,0.0000,4.94,5.72,-3.00,-6.10,1,0.1122,-1.589,0.216,24.00,1,-496.0,-22.4,0.15540,-227.3,-70.1,0.1259,-0.00707,OK
3.0706,3.0597,10.9,0,-496.1,-22.5,0.1563,-491.8,-29.2,0.1446,-197.9,-28.8,0.0000,-189.8,-49.6,-0.0450,-195.2,-19.6,0,0.0,0.0,0.0000,5.84,5.62,-3.45,-5.62,1,0.1211,0.196,-0.216,25.00,1,-496.7,-22.6,0.15584,-225.4,-35.3,0.1417,-0.00723,OK
3.0785,3.0597,18.8,0,-496.1,-22.5,0.1563,-491.8,-29.2,0.1446,-197.9,-28.8,0.0000,-189.4,-48.4,-0.0498,-194.6,-18.2,0,0.0,0.0,0.0000,7.67,5.62,-3.21,-5.86,1,0.1211,0.196,-0.216,25.00,1,-498.4,-23.1,0.15702,-228.8,-35.2,0.1500,-0.00746,OK
3.0863,3.0597,26.6,0,-496.1,-22.5,0.1563,-491.8,-29.2,0.1446,-197.9,-28.8,0.0000,-189.1,-47.1,-0.0545,-194.2,-16.7,0,0.0,0.0,0.0000,4.73,5.81,-2.92,-5.36,1,0.1411,0.539,0.579,25.00,1,-500.0,-23.7,0.15822,-206.3,-46.6,0.1565,-0.00755,OK
3.0939,3.0597,34.2,0,-496.1,-22.5,0.1563,-491.8,-29.2,0.1446,-197.9,-28.8,0.0000,-189.1,-45.9,-0.0596,-193.9,-15.3,0,0.0,0.0,0.0000,4.90,5.94,-3.27,-4.86,1,0.1489,-0.873,0.196,25.00,1,-501.5,-24.3,0.15947,-204.0,-35.2,0.1692,-0.00770,OK
3.1028,3.0597,43.1,0,-496.1,-22.5,0.1563,-491.8,-29.2,0.1446,-197.9,-28.8,0.0000,-187.3,-44.4,-0.0654,-192.0,-13.8,0,0.0,0.0,0.0000,4.86,5.36,-3.41,-5.19,1,0.1500,-0.873,-0.059,24.00,1,-503.3,-24.8,0.16094,-201.9,-30.9,0.1588,-0.00771,OK
3.1107,3.0597,51.0,0,-496.1,-22.5,0.1563,-491.8,-29.2,0.1446,-197.9,-28.8,0.0000,-184.5,-42.8,-0.0705,-189.0,-12.4,0,0.0,0.0,0.0000,4.96,6.04,-3.32,-5.51,1,0.1500,-0.873,-0.059,25.00,1,-504.8,-25.4,0.16222,-208.1,-40.8,0.1632,-0.00777,OK
3.1186,3.0597,58.9,0,-496.1,-22.5,0.1563,-491.8,-29.2,0.1446,-197.9,-28.8,0.0000,-179.5,-40.7,-0.0751,-183.8,-11.0,0,0.0,0.0,0.0000,4.29,6.12,-3.18,-5.39,1,0.1167,0.304,0.530,24.00,1,-506.3,-26.0,0.16337,-198.2,-46.8,0.1263,-0.00779,OK
3.1262,3.1226,3.6,0,-504.4,-24.7,0.1467,-504.3,-31.0,0.1446,-197.9,-28.8,0.0000,-182.6,-42.5,-0.0707,-187.1,-12.5,0,0.0,0.0,0.0000,4.83,5.57,-3.10,-5.06,1,0.0856,0.088,0.098,24.00,1,-504.8,-24.8,0.16225,-129.1,-8.7,0.0821,-0.00774,OK
3.1346,3.1226,12.0,0,-504.4,-24.7,0.1467,-504.3,-31.0,0.1446,-197.9,-28.8,0.0000,-178.2,-41.8,-0.0724,-182.6,-12.3,0,0.0,0.0,0.0000,5.00,5.21,-3.12,-5.19,1,0.0844,-1.167,-0.265,24.00,1,-505.3,-24.9,0.16269,-136.4,-9.3,0.1054,-0.00789,OK
3.1419,3.1226,19.3,0,-504.4,-24.7,0.1467,-504.3,-31.0,0.1446,-197.9,-28.8,0.0000,-172.4,-40.5,-0.0748,-176.7,-12.0,0,0.0,0.0,0.0000,4.41,5.67,-3.34,-5.43,1,0.0344,-0.431,-0.098,25.00,1,-506.3,-25.2,0.16327,-141.8,-18.9,0.0508,-0.00798,OK
3.1502,3.1226,27.6,0,-504.4,-24.7,0.1467,-504.3,-31.0,0.1446,-197.9,-28.8,0.0000,-165.6,-39.0,-0.0763,-169.8,-11.5,0,0.0,0.0,0.0000,4.40,5.81,-3.59,-5.70,1,0.0344,-0.431,-0.098,25.00,1,-507.5,-25.5,0.16367,-149.9,-21.0,0.0447,-0.00800,OK
3.1587,3.1226,36.0,0,-504.4,-24.7,0.1467,-504.3,-31.0,0.1446,-197.9,-28.8,0.0000,-158.5,-37.6,-0.0774,-162.6,-11.2,0,0.0,0.0,0.0000,5.65,5.03,-3.49,-6.00,1,-0.0122,0.588,-0.324,24.00,1,-508.7,-25.9,0.16394,-156.0,-11.1,0.0133,-0.00820,OK
3.1663,3.1226,43.7,0,-504.4,-24.7,0.1467,-504.3,-31.0,0.1446,-197.9,-28.8,0.0000,-152.0,-36.3,-0.0772,-155.9,-11.0,0,0.0,0.0,0.0000,4.31,4.96,-3.45,-6.26,1,-0.0289,-0.696,-0.098,25.00,1,-509.9,-26.2,0.16389,-149.3,-22.1,-0.0234,-0.00816,OK
3.1741,3.1226,51.5,0,-504.4,-24.7,0.1467,-504.3,-31.0,0.1446,-197.9,-28.8,0.0000,-145.5,-35.1,-0.0761,-149.3,-10.9,0,0.0,0.0,0.0000,4.21,4.61,-3.80,-5.57,1,-0.0556,-0.902,-0.147,25.00,1,-511.0,-26.5,0.16361,-144.6,-10.3,-0.0481,-0.00815,OK
3.1818,3.1226,59.2,0,-504.4,-24.7,0.1467,-504.3,-31.0,0.1446,-197.9,-28.8,0.0000,-139.0,-33.9,-0.0744,-142.7,-10.9,0,0.0,0.0,0.0000,4.26,5.08,-3.99,-5.78,1,-0.0767,0.098,0.265,25.00,1,-512.1,-26.8,0.16318,-154.2,-16.1,-0.0665,-0.00818,OK
3.1907,3.1226,68.1,0,-504.4,-24.7,0.1467,-504.3,-31.0,0.1446,-197.9,-28.8,0.0000,-131.6,-32.6,-0.0721,-135.2,-10.8,0,0.0,0.0,0.0000,4.19,4.44,-3.50,-5.42,1,-0.0767,0.098,0.265,25.00,1,-513.4,-27.1,0.16262,-142.2,-13.1,-0.0617,-0.00825,OK
3.1986,3.1961,2.5,0,-523.2,-31.9,0.1409,-518.8,-33.1,0.1446,-194.6,-28.3,0.0000,-117.3,-26.1,-0.0529,-120.0,-7.3,0,0.0,0.0,0.0000,4.04,4.25,-3.36,-5.27,1,-0.1244,-0.196,0.304,24.00,1,-522.7,-31.8,0.15780,-248.7,-64.0,-0.1479,-0.00808,OK
3.2064,3.2032,3.2,0,-525.8,-32.9,0.1401,-520.2,-33.3,0.1446,-192.0,-28.0,0.0000,-102.7,-20.5,-0.0384,-104.6,-4.5,0,0.0,0.0,0.0000,3.73,3.79,-3.88,-5.27,1,-0.1644,-1.157,-0.020,24.00,1,-525.0,-32.7,0.15419,-259.1,-72.3,-0.1845,-0.00785,OK
3.2143,3.2129,1.4,0,-527.1,-32.9,0.1451,-522.0,-33.6,0.1446,-184.1,-26.8,0.0000,-87.4,-16.7,-0.0270,-88.9,-3.3,0,0.0,0.0,0.0000,4.21,3.95,-4.04,-5.34,1,-0.2033,-0.686,-0.294,25.00,1,-527.2,-33.1,0.15133,-234.0,-2.6,-0.2117,-0.00785,OK
3.2223,3.2129,9.3,0,-527.1,-32.9,0.1451,-522.0,-33.6,0.1446,-184.1,-26.8,0.0000,-75.7,-14.1,-0.0259,-77.0,-2.5,0,0.0,0.0,0.0000,3.06,3.40,-3.93,-5.56,1,-0.2033,-0.686,-0.294,25.00,1,-527.5,-33.2,0.15106,-219.9,-32.7,-0.2066,-0.00771,OK
3.2310,3.2293,1.6,0,-529.6,-34.0,0.1394,-524.9,-34.0,0.1446,-168.9,-24.6,0.0000,-63.9,-10.9,-0.0082,-64.8,-1.4,0,0.0,0.0,0.0000,3.48,3.77,-3.60,-5.50,1,-0.2333,-0.539,0.402,24.00,1,-530.0,-34.1,0.14663,-192.1,-30.5,-0.2462,-0.00766,OK
3.2386,3.2373,1.2,0,-530.5,-34.8,0.1396,-526.3,-34.2,0.1446,-161.1,-23.5,0.0000,-57.2,-8.5,0.0026,-57.9,-0.2,0,0.0,0.0,0.0000,2.86,3.63,-3.67,-5.34,1,-0.2567,-0.990,0.726,25.00,1,-531.0,-34.7,0.14394,-168.0,-57.3,-0.2687,-0.00758,OK
3.2458,3.2373,8.5,0,-530.5,-34.8,0.1396,-526.3,-34.2,0.1446,-161.1,-23.5,0.0000,-53.2,-8.0,0.0030,-53.8,-0.3,0,0.0,0.0,0.0000,2.74,3.25,-3.57,-4.44,1,-0.2844,-0.735,0.216,26.00,1,-531.1,-34.7,0.14384,-162.9,-35.9,-0.2653,-0.00771,OK
3.2546,3.2543,0.2,0,-533.6,-36.0,0.1497,-528.9,-34.6,0.1446,-144.2,-21.0,0.0000,-40.9,-4.3,0.0135,-41.1,1.5,0,0.0,0.0,0.0000,2.38,3.29,-3.31,-2.42,1,-0.2922,-0.628,0.255,25.00,1,-533.5,-35.9,0.14120,-145.5,-51.0,-0.1935,-0.00821,OK
3.2619,3.2543,7.5,0,-533.6,-36.0,0.1497,-528.9,-34.6,0.1446,-144.2,-21.0,0.0000,-36.8,-3.7,0.0077,-36.9,1.6,0,0.0,0.0,0.0000,2.63,3.36,-3.10,-1.24,1,-0.2922,-0.628,0.255,25.00,1,-533.5,-35.9,0.14265,-127.1,-20.1,0.2007,-0.00822,OK
3.2704,3.2626,7.8,0,-534.8,-36.3,0.1483,-530.0,-34.7,0.1446,-135.9,-19.8,0.0000,-28.3,-1.6,0.0070,-28.2,2.4,0,0.0,0.0,0.0000,2.34,2.44,-3.05,-3.17,1,-0.3089,-0.539,0.363,25.00,1,-534.7,-36.3,0.14284,-141.3,-37.8,-0.2679,-0.00864,OK
3.2777,3.2711,6.5,0,-535.8,-37.8,0.1434,-531.1,-34.9,0.1446,-127.4,-18.5,0.0000,-20.2,2.7,0.0158,-19.7,5.5,0,0.0,0.0,0.0000,1.92,2.83,-3.02,-4.73,1,-0.3322,-0.637,0.402,25.00,1,-535.8,-37.5,0.14062,-155.0,-87.7,-0.3230,-0.00867,OK
3.2865,3.2802,6.2,0,-538.5,-37.8,0.1531,-532.3,-35.1,0.1446,-118.4,-17.2,0.0000,-9.1,5.0,0.0206,-8.3,6.3,0,0.0,0.0,0.0000,1.40,2.46,-2.84,-4.51,1,-0.3178,-1.089,-0.088,25.00,1,-537.7,-38.0,0.13943,-158.5,-58.3,-0.3153,-0.00870,OK
3.2941,3.2883,5.8,0,-539.7,-38.6,0.1518,-533.2,-35.2,0.1446,-110.5,-16.1,0.0000,-1.0,7.5,0.0246,0.0,7.6,0,0.0,0.0,0.0000,1.05,2.24,-2.75,-4.00,1,-0.3178,-1.089,-0.088,25.00,1,-539.2,-38.6,0.13844,-156.2,-54.7,-0.3149,-0.00870,OK
3.3028,3.2883,14.5,0,-539.7,-38.6,0.1518,-533.2,-35.2,0.1446,-110.5,-16.1,0.0000,4.3,9.5,0.0325,5.6,8.8,0,0.0,0.0,0.0000,0.70,2.41,-2.63,-3.77,1,-0.2911,-1.265,-0.226,25.00,1,-540.1,-39.1,0.13646,-144.4,-57.8,-0.2990,-0.00852,OK
3.3107,3.2883,22.4,0,-539.7,-38.6,0.1518,-533.2,-35.2,0.1446,-110.5,-16.1,0.0000,17.1,12.8,0.0414,18.7,10.4,0,0.0,0.0,0.0000,1.27,2.03,-2.38,-3.47,1,-0.2744,-1.020,-0.000,25.00,1,-541.2,-39.7,0.13422,-139.1,-44.5,-0.2671,-0.00851,OK
3.3186,3.2883,30.3,0,-539.7,-38.6,0.1518,-533.2,-35.2,0.1446,-110.5,-16.1,0.0000,18.0,14.0,0.0497,19.7,11.5,0,0.0,0.0,0.0000,0.81,1.61,-2.18,-3.26,1,-0.2456,-1.265,0.078,25.00,1,-542.2,-40.2,0.13217,-122.8,-42.0,-0.2537,-0.00834,OK
3.3262,3.3247,1.5,0,-541.3,-38.7,0.1451,-536.5,-35.7,0.1446,-74.6,-10.9,0.0000,15.3,9.5,0.0526,16.4,7.4,0,0.0,0.0,0.0000,1.05,1.91,-1.47,-2.99,1,-0.1889,-1.863,-0.294,25.00,1,-541.8,-38.8,0.13144,-55.2,22.6,-0.1276,-0.00853,OK
3.3337,3.3247,9.0,0,-541.3,-38.7,0.1451,-536.5,-35.7,0.1446,-74.6,-10.9,0.0000,13.8,9.3,0.0537,14.9,7.4,0,0.0,0.0,0.0000,0.24,1.37,-0.72,-2.27,1,-0.1889,-1.863,-0.294,24.00,1,-541.8,-38.8,0.13115,-45.2,-0.2,-0.1762,-0.00857,OK
3.3420,3.3247,17.3,0,-541.3,-38.7,0.1451,-536.5,-35.7,0.1446,-74.6,-10.9,0.0000,13.4,9.1,0.0585,14.5,7.3,0,0.0,0.0,0.0000,0.45,1.19,-0.86,-1.71,1,-0.1200,-2.393,-0.294,24.00,1,-542.2,-38.8,0.12996,-41.5,9.0,-0.1110,-0.00858,OK
3.3506,3.3247,25.9,0,-541.3,-38.7,0.1451,-536.5,-35.7,0.1446,-74.6,-10.9,0.0000,12.9,8.8,0.0618,13.9,7.1,0,0.0,0.0,0.0000,0.11,0.66,-0.39,-1.54,1,-0.0611,-2.128,-0.490,26.00,1,-542.5,-38.8,0.12914,-28.2,6.9,-0.0783,-0.00831,OK
3.3580,3.3247,33.2,0,-541.3,-38.7,0.1451,-536.5,-35.7,0.1446,-74.6,-10.9,0.0000,12.4,8.6,0.0627,13.4,6.9,0,0.0,0.0,0.0000,-0.20,0.91,-0.07,-0.55,1,0.0244,-1.952,-0.284,25.00,1,-542.7,-38.8,0.12890,-15.5,5.7,0.0174,-0.00815,OK
3.3668,3.3247,42.0,0,-541.3,-38.7,0.1451,-536.5,-35.7,0.1446,-74.6,-10.9,0.0000,11.7,8.2,0.0615,12.7,6.6,0,0.0,0.0,0.0000,0.21,0.28,0.30,0.04,1,0.0244,-1.952,-0.284,25.00,1,-542.8,-38.7,0.12921,-5.5,16.0,0.0481,-0.00833,OK
3.3744,3.3247,49.6,0,-541.3,-38.7,0.1451,-536.5,-35.7,0.1446,-74.6,-10.9,0.0000,11.0,7.7,0.0594,11.9,6.2,0,0.0,0.0,0.0000,-0.44,-0.04,0.51,0.69,1,0.1033,-1.765,-0.657,25.00,1,-542.7,-38.6,0.12974,11.2,16.4,0.0957,-0.00815,OK
3.3821,3.3247,57.4,0,-541.3,-38.7,0.1451,-536.5,-35.7,0.1446,-74.6,-10.9,0.0000,10.3,7.0,0.0547,11.1,5.6,0,0.0,0.0,0.0000,0.42,-0.38,0.80,1.30,1,0.1722,-1.393,-0.196,25.00,1,-542.7,-38.4,0.13090,14.0,30.4,0.1961,-0.00833,OK
3.3907,3.3893,1.4,0,-553.9,-42.0,0.1388,-539.3,-36.1,0.1446,-14.1,-2.0,0.0000,26.5,12.7,0.0391,27.9,9.0,0,0.0,0.0,0.0000,-0.41,-0.75,0.92,1.89,1,0.2267,-1.000,-0.186,24.00,1,-552.9,-41.9,0.13482,-144.3,-25.5,0.2299,-0.00816,OK
3.3977,3.3976,0.0,0,-555.2,-42.9,0.1241,-539.4,-36.1,0.1446,-6.9,-1.0,0.0000,39.8,17.2,0.0381,41.7,11.7,0,0.0,0.0,0.0000,-0.71,-0.89,1.74,2.25,1,0.2600,-0.785,-0.216,25.00,1,-554.5,-42.7,0.13505,-140.6,-63.8,0.2044,-0.00798,OK
3.4064,3.4062,0.2,0,-556.0,-43.5,0.1179,-539.4,-36.1,0.1446,0.0,0.0,0.0000,49.8,22.3,0.1068,52.4,15.4,0,0.0,0.0,0.0000,-0.75,-0.76,1.44,2.76,1,0.2600,-0.785,-0.216,25.00,1,-555.6,-43.4,0.13466,-127.1,-68.7,0.1794,-0.00777,OK
3.4144,3.4062,8.2,0,-556.0,-43.5,0.1179,-539.4,-36.1,0.1446,0.0,0.0,0.0000,49.8,22.3,0.1068,52.4,15.4,0,0.0,0.0,0.0000,-0.77,-0.95,1.73,2.56,1,0.2800,-0.471,-0.343,25.00,1,-555.6,-43.4,0.13507,-99.8,-44.6,0.2845,-0.00774,OK
3.4223,3.4154,6.8,0,-556.5,-43.4,0.1154,-539.4,-36.1,0.1446,0.0,0.0,0.0000,51.4,21.7,0.1166,53.8,14.6,0,0.0,0.0,0.0000,-0.56,-1.12,1.68,2.85,1,0.2878,-0.186,-0.147,25.00,1,-556.4,-43.5,0.13505,-87.1,-18.3,0.2925,-0.00753,OK
3.4303,3.4230,7.2,0,-557.1,-44.5,0.1081,-539.4,-36.1,0.1446,0.0,0.0,0.0000,53.2,25.2,0.1461,56.1,17.8,0,0.0,0.0,0.0000,-0.42,-1.07,1.73,3.10,1,0.2878,-0.226,-0.000,24.00,1,-557.1,-44.2,0.13445,-80.5,-37.0,0.2989,-0.00736,OK
3.4388,3.4313,7.5,0,-558.6,-44.9,0.1049,-539.4,-36.1,0.1446,0.0,0.0,0.0000,57.6,26.3,0.1586,60.6,18.3,0,0.0,0.0,0.0000,-0.81,-1.50,2.23,3.17,1,0.2878,-0.226,-0.000,25.00,1,-558.0,-44.7,0.13421,-71.2,-41.1,0.2964,-0.00718,OK
3.4465,3.4409,5.5,0,-559.1,-44.7,0.1114,-539.4,-36.1,0.1446,0.0,0.0,0.0000,59.1,25.9,0.1326,62.1,17.7,0,0.0,0.0,0.0000,-0.40,-1.79,2.14,3.52,1,0.2867,-0.775,0.029,25.00,1,-558.8,-44.9,0.13486,-67.7,-11.1,0.2921,-0.00709,OK
3.4551,3.4488,6.3,0,-559.9,-45.3,0.1104,-539.4,-36.1,0.1446,0.0,0.0,0.0000,61.7,27.6,0.1366,64.8,19.1,0,0.0,0.0,0.0000,-0.94,-2.19,2.01,3.43,1,0.2689,-0.755,-0.010,24.00,1,-559.5,-45.2,0.13486,-59.8,-18.5,0.2694,-0.00689,OK
3.4623,3.4570,5.3,0,-560.1,-45.6,0.1112,-539.4,-36.1,0.1446,0.0,0.0,0.0000,62.2,28.6,0.1334,65.5,20.0,0,0.0,0.0,0.0000,-0.93,-1.91,1.66,2.79,1,0.2244,-0.118,0.167,24.00,1,-560.1,-45.6,0.13484,-63.7,-28.0,0.2151,-0.00667,OK
3.4705,3.4653,5.2,0,-560.2,-45.8,0.1108,-539.4,-36.1,0.1446,0.0,0.0,0.0000,62.4,28.9,0.1352,65.7,20.3,0,0.0,0.0,0.0000,-1.41,-1.90,1.87,2.14,1,0.1856,-0.069,0.127,24.00,1,-560.3,-45.8,0.13448,-47.8,-30.9,0.1664,-0.00636,OK
3.4779,3.4718,6.1,0,-560.2,-45.8,0.1098,-539.4,-36.1,0.1446,0.0,0.0,0.0000,62.5,29.2,0.1390,65.9,20.6,0,0.0,0.0,0.0000,-1.11,-2.13,1.82,1.08,1,0.1856,-0.069,0.127,25.00,1,-560.5,-45.9,0.13376,-47.7,-28.7,0.1578,-0.00592,OK
3.4863,3.4803,6.0,0,-560.3,-45.8,0.1116,-539.4,-36.1,0.1446,0.0,0.0,0.0000,62.9,29.0,0.1319,66.2,20.4,0,0.0,0.0,0.0000,-1.90,-2.50,2.29,1.36,1,0.1711,-0.520,0.069,25.00,1,-560.5,-45.9,0.13337,-16.9,-18.7,0.1294,-0.00544,OK
3.4943,3.4887,5.6,0,-560.4,-45.7,0.1084,-539.4,-36.1,0.1446,0.0,0.0,0.0000,63.1,28.8,0.1448,66.3,20.2,0,0.0,0.0,0.0000,-1.83,-2.73,2.09,2.58,1,0.1578,-0.706,0.118,25.00,1,-560.5,-45.8,0.13279,6.1,9.1,0.1331,-0.00507,OK
3.5025,3.4971,5.3,0,-560.2,-45.7,0.1114,-539.4,-36.1,0.1446,0.0,0.0,0.0000,62.4,28.8,0.1327,65.7,20.3,0,0.0,0.0,0.0000,-2.39,-2.73,1.95,3.24,1,0.1311,-0.294,0.343,24.00,1,-560.3,-45.7,0.13236,24.6,10.2,0.1085,-0.00474,OK
3.5105,3.4971,13.4,0,-560.2,-45.7,0.1114,-539.4,-36.1,0.1446,0.0,0.0,0.0000,62.4,28.8,0.1327,65.7,20.3,0,0.0,0.0,0.0000,-2.38,-2.67,2.09,3.48,1,0.1311,-0.294,0.343,24.00,1,-560.1,-45.6,0.13299,32.2,10.7,0.1227,-0.00461,OK
3.5181,3.4971,21.0,0,-560.2,-45.7,0.1114,-539.4,-36.1,0.1446,0.0,0.0,0.0000,62.4,28.8,0.1327,65.7,20.2,0,0.0,0.0,0.0000,-1.89,-2.67,1.96,3.64,1,0.1111,-0.275,0.402,25.00,1,-559.9,-45.5,0.13390,32.4,17.8,0.1166,-0.00462,OK
3.5259,3.4971,28.7,0,-560.2,-45.7,0.1114,-539.4,-36.1,0.1446,0.0,0.0,0.0000,62.4,28.8,0.1327,65.7,20.2,0,0.0,0.0,0.0000,-2.17,-3.31,1.70,3.72,1,0.1033,-0.353,-0.049,25.00,1,-559.6,-45.3,0.13470,43.3,27.2,0.0928,-0.00446,OK
3.5337,3.5056,28.1,0,-559.9,-45.5,0.1142,-539.4,-36.1,0.1446,0.0,0.0,0.0000,61.7,28.2,0.1214,64.9,19.8,0,0.0,0.0,0.0000,-2.35,-3.01,1.82,3.82,1,0.1000,-0.304,-0.216,24.00,1,-559.2,-45.0,0.13314,49.8,23.8,0.0926,-0.00415,OK
3.5424,3.5056,36.8,0,-559.9,-45.5,0.1142,-539.4,-36.1,0.1446,0.0,0.0,0.0000,61.7,28.2,0.1214,64.9,19.7,0,0.0,0.0,0.0000,-1.97,-3.03,1.85,3.97,1,0.1200,-0.206,-0.078,25.00,1,-558.8,-44.7,0.13406,52.2,28.7,0.1205,-0.00411,OK
3.5506,3.5056,45.1,0,-559.9,-45.5,0.1142,-539.4,-36.1,0.1446,0.0,0.0,0.0000,61.7,28.2,0.1214,64.9,19.7,0,0.0,0.0,0.0000,-1.71,-2.91,2.31,3.99,1,0.1200,-0.206,-0.078,25.00,1,-558.4,-44.4,0.13514,55.6,25.1,0.1386,-0.00426,OK
3.5583,3.5056,52.7,0,-559.9,-45.5,0.1142,-539.4,-36.1,0.1446,0.0,0.0,0.0000,61.7,28.2,0.1214,64.9,19.6,0,0.0,0.0,0.0000,-1.84,-3.10,1.97,3.94,1,0.1522,-0.294,0.098,25.00,1,-558.0,-44.1,0.13624,59.0,30.3,0.1511,-0.00421,OK
3.5666,3.5056,61.0,0,-559.9,-45.5,0.1142,-539.4,-36.1,0.1446,0.0,0.0,0.0000,61.7,28.2,0.1214,65.0,19.5,0,0.0,0.0,0.0000,-2.16,-2.93,2.27,3.88,1,0.1489,-0.069,0.333,25.00,1,-557.5,-43.8,0.13748,65.7,21.6,0.1472,-0.00415,OK
3.5744,3.5056,68.9,0,-559.9,-45.5,0.1142,-539.4,-36.1,0.1446,0.0,0.0,0.0000,61.7,28.2,0.1214,65.0,19.4,0,0.0,0.0,0.0000,-1.92,-2.58,2.23,4.12,1,0.1311,0.088,0.216,24.00,1,-557.0,-43.6,0.13865,63.9,21.5,0.1479,-0.00428,OK
3.5819,3.5056,76.3,0,-559.9,-45.5,0.1142,-539.4,-36.1,0.1446,0.0,0.0,0.0000,61.7,28.2,0.1214,65.0,19.4,0,0.0,0.0,0.0000,-2.29,-2.59,1.85,4.44,1,0.1311,0.088,0.216,24.00,1,-556.5,-43.4,0.13970,68.6,25.2,0.1350,-0.00427,OK
3.5906,3.5056,85.1,0,-559.9,-45.5,0.1142,-539.4,-36.1,0.1446,0.0,0.0,0.0000,61.7,28.2,0.1214,65.0,19.3,0,0.0,0.0,0.0000,-2.17,-3.21,1.50,4.33,1,0.1289,-0.137,-0.010,25.00,1,-556.0,-43.0,0.14079,72.7,38.7,0.1174,-0.00411,OK
3.5988,3.5056,93.2,0,-559.9,-45.5,0.1142,-539.4,-36.1,0.1446,0.0,0.0,0.0000,61.7,28.2,0.1214,65.0,19.2,0,0.0,0.0,0.0000,-1.96,-2.83,2.04,3.69,1,0.1467,0.196,0.098,25.00,1,-555.4,-42.7,0.14184,69.2,24.3,0.1426,-0.00403,OK
3.6058,3.5056,100.2,0,-559.9,-45.5,0.1142,-539.4,-36.1,0.1446,0.0,0.0,0.0000,61.7,28.2,0.1214,65.1,19.2,0,0.0,0.0,0.0000,-1.93,-2.61,2.05,3.90,1,0.1678,0.677,0.216,25.00,1,-555.0,-42.4,0.14292,70.5,23.9,0.1680,-0.00400,OK
3.6148,3.5056,109.2,0,-559.9,-45.5,0.1142,-539.4,-36.1,0.1446,0.0,0.0,0.0000,61.7,28.2,0.1214,65.1,19.1,0,0.0,0.0,0.0000,-2.07,-2.48,1.85,3.94,1,0.1833,0.137,0.235,25.00,1,-554.4,-42.1,0.14444,71.2,24.2,0.1740,-0.00387,OK
3.6226,3.5056,117.1,0,-559.9,-45.5,0.1142,-539.4,-36.1,0.1446,0.0,0.0,0.0000,61.7,28.2,0.1214,65.1,19.0,0,0.0,0.0,0.0000,-1.58,-2.34,1.87,3.77,1,0.1833,0.137,0.235,25.00,1,-553.9,-41.8,0.14587,65.9,25.3,0.1878,-0.00387,OK
3.6304,3.5056,124.8,0,-559.9,-45.5,0.1142,-539.4,-36.1,0.1446,0.0,0.0,0.0000,61.7,28.2,0.1214,65.2,18.9,0,0.0,0.0,0.0000,-1.48,-2.46,2.06,3.81,1,0.1956,-0.235,0.392,25.00,1,-553.4,-41.6,0.14739,69.5,26.4,0.2042,-0.00392,OK
3.6388,3.6070,31.8,0,-553.1,-40.9,0.1406,-539.4,-36.1,0.1446,0.0,0.0,0.0000,47.8,18.9,0.0158,50.1,11.6,0,0.0,0.0,0.0000,-1.68,-2.47,1.82,3.78,1,0.1767,0.098,0.520,26.00,1,-551.4,-39.8,0.14825,81.1,35.3,0.1761,-0.00382,OK
3.6465,3.6070,39.5,0,-553.1,-40.9,0.1406,-539.4,-36.1,0.1446,0.0,0.0,0.0000,41.1,14.4,0.0158,42.8,8.1,0,0.0,0.0,0.0000,-1.76,-2.41,1.93,3.69,1,0.1622,0.206,0.481,25.00,1,-550.8,-39.4,0.14956,82.0,31.1,0.1644,-0.00381,OK
3.6542,3.6070,47.2,0,-553.1,-40.9,0.1406,-539.4,-36.1,0.1446,0.0,0.0,0.0000,41.1,14.4,0.0158,42.8,8.0,0,0.0,0.0,0.0000,-1.68,-2.03,2.07,3.56,1,0.1756,0.118,0.206,25.00,1,-550.2,-39.1,0.15091,78.3,24.1,0.1848,-0.00386,OK
3.6619,3.6070,54.9,0,-553.1,-40.9,0.1406,-539.4,-36.1,0.1446,0.0,0.0,0.0000,41.1,14.4,0.0158,42.8,7.9,0,0.0,0.0,0.0000,-0.99,-2.17,1.77,3.28,1,0.1756,0.118,0.206,24.00,1,-549.7,-38.8,0.15237,68.6,33.5,0.1917,-0.00397,OK
3.6704,3.6070,63.4,0,-553.1,-40.9,0.1406,-539.4,-36.1,0.1446,0.0,0.0,0.0000,41.1,14.4,0.0158,42.9,7.9,0,0.0,0.0,0.0000,-1.08,-2.17,1.67,3.06,1,0.1900,0.402,0.078,25.00,1,-549.1,-38.5,0.15399,67.5,31.6,0.1894,-0.00393,OK
3.6783,3.6070,71.3,0,-553.1,-40.9,0.1406,-539.4,-36.1,0.1446,0.0,0.0,0.0000,41.1,14.4,0.0158,42.9,7.8,0,0.0,0.0,0.0000,-1.00,-1.71,1.27,2.50,1,0.1944,0.618,0.137,25.00,1,-548.7,-38.2,0.15541,55.0,26.2,0.1758,-0.00373,OK
3.6860,3.6070,79.0,0,-553.1,-40.9,0.1406,-539.4,-36.1,0.1446,0.0,0.0,0.0000,41.1,14.4,0.0158,42.9,7.8,0,0.0,0.0,0.0000,-1.31,-1.52,1.45,2.76,1,0.1944,0.618,0.137,25.00,1,-548.3,-37.9,0.15679,60.2,20.7,0.1824,-0.00359,OK
3.6948,3.6070,87.8,0,-553.1,-40.9,0.1406,-539.4,-36.1,0.1446,0.0,0.0,0.0000,41.1,14.4,0.0158,42.9,7.7,0,0.0,0.0,0.0000,-0.60,-1.42,1.60,2.89,1,0.2078,0.520,0.059,25.00,1,-547.8,-37.7,0.15860,55.0,25.6,0.2300,-0.00375,OK
3.7018,3.6070,94.8,0,-553.1,-40.9,0.1406,-539.4,-36.1,0.1446,0.0,0.0,0.0000,41.1,14.4,0.0158,42.9,7.6,0,0.0,0.0,0.0000,-0.51,-1.25,1.51,2.97,1,0.2267,0.530,0.078,24.00,1,-547.5,-37.4,0.16030,52.7,25.8,0.2504,-0.00392,OK
3.7103,3.6070,103.4,0,-553.1,-40.9,0.1406,-539.4,-36.1,0.1446,0.0,0.0,0.0000,41.1,14.4,0.0158,42.9,7.5,0,0.0,0.0,0.0000,-0.64,-1.31,1.27,2.48,1,0.2433,0.539,0.265,25.00,1,-547.1,-37.1,0.16236,49.2,24.0,0.2324,-0.00380,OK
3.7180,3.6070,111.0,0,-553.1,-40.9,0.1406,-539.4,-36.1,0.1446,0.0,0.0,0.0000,41.1,14.4,0.0158,42.9,7.4,0,0.0,0.0,0.0000,-0.49,-1.54,1.70,2.36,1,0.2489,0.530,0.284,25.00,1,-546.7,-36.9,0.16419,52.1,22.6,0.2453,-0.00374,OK
3.7266,3.6070,119.6,0,-553.1,-40.9,0.1406,-539.4,-36.1,0.1446,0.0,0.0,0.0000,41.1,14.4,0.0158,42.9,7.3,0,0.0,0.0,0.0000,-0.11,-0.94,1.29,2.24,1,0.2489,0.530,0.284,25.00,1,-546.4,-36.7,0.16637,39.2,22.2,0.2597,-0.00380,OK
3.7345,3.6070,127.5,0,-553.1,-40.9,0.1406,-539.4,-36.1,0.1446,0.0,0.0,0.0000,41.1,14.4,0.0158,43.0,7.3,0,0.0,0.0,0.0000,0.11,-0.50,0.79,1.98,1,0.2578,0.451,0.353,25.00,1,-546.2,-36.4,0.16842,27.0,22.0,0.2619,-0.00380,OK
3.7430,3.7168,26.2,0,-541.5,-37.2,0.1558,-539.4,-36.1,0.1446,0.0,0.0,0.0000,24.9,9.2,-0.0449,26.1,4.9,0,0.0,0.0,0.0000,-0.04,-0.23,0.89,2.05,1,0.2611,0.235,0.294,24.00,1,-540.4,-36.8,0.16820,60.8,7.7,0.2697,-0.00364,OK
3.7505,3.7168,33.8,0,-541.5,-37.2,0.1558,-539.4,-36.1,0.1446,0.0,0.0,0.0000,10.5,4.6,-0.0449,11.2,2.7,0,0.0,0.0,0.0000,0.32,-0.62,1.11,2.03,1,0.2644,0.059,0.255,24.00,1,-540.0,-36.6,0.17027,60.2,14.1,0.2807,-0.00373,OK
3.7577,3.7168,40.9,0,-541.5,-37.2,0.1558,-539.4,-36.1,0.1446,0.0,0.0,0.0000,6.4,3.3,-0.0449,6.8,2.1,0,0.0,0.0,0.0000,0.60,-0.45,0.81,1.60,1,0.2567,0.147,0.324,25.00,1,-539.6,-36.5,0.17222,48.0,14.7,0.2678,-0.00378,OK
3.7661,3.7168,49.3,0,-541.5,-37.2,0.1558,-539.4,-36.1,0.1446,0.0,0.0,0.0000,6.4,3.3,-0.0449,6.8,2.1,0,0.0,0.0,0.0000,0.05,-0.45,0.83,1.79,1,0.2567,0.147,0.324,25.00,1,-539.2,-36.3,0.17441,52.9,11.1,0.2548,-0.00374,OK
3.7737,3.7168,56.9,0,-541.5,-37.2,0.1558,-539.4,-36.1,0.1446,0.0,0.0,0.0000,6.4,3.3,-0.0449,6.8,2.1,0,0.0,0.0,0.0000,0.05,-0.44,0.47,1.62,1,0.2444,-0.010,0.324,25.00,1,-538.9,-36.1,0.17627,46.5,13.8,0.2309,-0.00362,OK
3.7823,3.7759,6.4,0,-537.8,-33.9,0.1600,-539.4,-36.1,0.1446,0.0,0.0,0.0000,-4.7,-6.6,-0.0618,-5.8,-5.7,0,0.0,0.0,0.0000,0.10,-0.20,1.28,1.61,1,0.2133,0.029,0.363,24.00,1,-537.9,-34.0,0.17613,62.2,34.3,0.2364,-0.00358,OK
3.7899,3.7844,5.5,0,-536.2,-33.4,0.1579,-539.4,-36.1,0.1446,0.0,0.0,0.0000,-9.5,-8.0,-0.0532,-10.8,-6.2,0,0.0,0.0,0.0000,0.34,-0.03,0.46,1.05,1,0.1567,0.265,0.265,25.00,1,-536.8,-33.5,0.17529,62.4,38.0,0.1650,-0.00347,OK
3.7979,3.7928,5.1,0,-535.6,-33.2,0.1606,-539.4,-36.1,0.1446,0.0,0.0,0.0000,-11.5,-8.6,-0.0641,-12.8,-6.5,0,0.0,0.0,0.0000,0.17,-0.45,0.13,0.76,1,0.1567,0.265,0.265,24.00,1,-536.0,-33.2,0.17473,67.4,30.4,0.1324,-0.00316,OK
3.8066,3.8013,5.3,0,-535.3,-33.1,0.1606,-539.4,-36.1,0.1446,0.0,0.0,0.0000,-12.2,-9.0,-0.0640,-13.6,-6.7,0,0.0,0.0,0.0000,0.20,-0.34,0.21,0.78,1,0.0756,0.843,0.392,24.00,1,-535.4,-33.0,0.17395,62.6,17.6,0.0794,-0.00309,OK
3.8148,3.8098,5.0,0,-534.7,-32.8,0.1688,-539.4,-36.1,0.1446,0.0,0.0,0.0000,-14.1,-10.0,-0.0970,-15.6,-7.4,0,0.0,0.0,0.0000,-0.21,-0.18,-0.09,0.66,1,0.0156,0.775,0.451,25.00,1,-534.8,-32.8,0.17369,62.4,15.7,0.0188,-0.00307,OK
3.8221,3.8098,12.3,0,-534.7,-32.8,0.1688,-539.4,-36.1,0.1446,0.0,0.0,0.0000,-14.1,-10.0,-0.0970,-15.6,-7.4,0,0.0,0.0,0.0000,0.08,-0.20,-0.07,0.27,1,-0.0422,0.471,0.392,25.00,1,-534.6,-32.7,0.17363,52.3,13.6,-0.0237,-0.00322,OK
3.8305,3.8098,20.7,0,-534.7,-32.8,0.1688,-539.4,-36.1,0.1446,0.0,0.0,0.0000,-14.1,-10.0,-0.0970,-15.6,-7.4,0,0.0,0.0,0.0000,-0.08,-0.12,-0.32,-0.51,1,-0.0889,0.451,0.382,25.00,1,-534.2,-32.5,0.17314,40.2,5.9,-0.0910,-0.00316,OK
3.8385,3.8182,20.2,0,-534.3,-32.9,0.1670,-539.4,-36.1,0.1446,0.0,0.0,0.0000,-15.4,-9.6,-0.0895,-16.8,-6.8,0,0.0,0.0,0.0000,-0.17,0.17,-0.58,-0.61,1,-0.0889,0.451,0.382,25.00,1,-533.8,-32.8,0.17123,33.4,-7.1,-0.0965,-0.00296,OK
3.8458,3.8182,27.5,0,-534.3,-32.9,0.1670,-539.4,-36.1,0.1446,0.0,0.0,0.0000,-15.4,-9.6,-0.0895,-16.8,-6.8,0,0.0,0.0,0.0000,0.24,0.63,-0.38,-0.92,1,-0.1344,0.343,0.373,24.00,1,-533.6,-32.9,0.17052,21.7,-13.7,-0.1091,-0.00320,OK
3.8542,3.8182,36.0,0,-534.3,-32.9,0.1670,-539.4,-36.1,0.1446,0.0,0.0,0.0000,-15.4,-9.6,-0.0895,-16.8,-6.8,0,0.0,0.0,0.0000,0.24,-0.01,-0.69,-0.88,1,-0.1722,0.235,0.284,25.00,1,-533.4,-32.9,0.16941,21.4,-2.7,-0.1582,-0.00332,OK
3.8623,3.8182,44.0,0,-534.3,-32.9,0.1670,-539.4,-36.1,0.1446,0.0,0.0,0.0000,-15.4,-9.6,-0.0895,-16.8,-6.9,0,0.0,0.0,0.0000,-0.05,-0.12,-1.01,-0.98,1,-0.1956,0.088,0.216,25.00,1,-533.3,-32.9,0.16796,18.8,-1.6,-0.1987,-0.00324,OK
3.8705,3.8182,52.3,0,-534.3,-32.9,0.1670,-539.4,-36.1,0.1446,0.0,0.0,0.0000,-15.4,-9.6,-0.0895,-16.7,-6.9,0,0.0,0.0,0.0000,0.50,0.26,-1.22,-1.11,1,-0.1956,0.088,0.216,25.00,1,-533.2,-32.9,0.16643,4.8,0.7,-0.1796,-0.00340,OK
3.8779,3.8182,59.7,0,-534.3,-32.9,0.1670,-539.4,-36.1,0.1446,0.0,0.0,0.0000,-15.4,-9.6,-0.0895,-16.7,-6.9,0,0.0,0.0,0.0000,0.20,0.13,-1.08,-1.40,1,-0.2011,0.020,0.196,24.00,1,-533.1,-32.9,0.16500,5.1,-4.6,-0.2034,-0.00333,OK
3.8861,3.8182,67.9,0,-534.3,-32.9,0.1670,-539.4,-36.1,0.1446,0.0,0.0,0.0000,-15.4,-9.6,-0.0895,-16.7,-6.9,0,0.0,0.0,0.0000,-0.49,0.30,-0.64,-1.26,1,-0.1978,-0.167,0.167,25.00,1,-533.0,-33.0,0.16329,12.8,-16.8,-0.2054,-0.00320,OK
3.8946,3.8182,76.4,0,-534.3,-32.9,0.1670,-539.4,-36.1,0.1446,0.0,0.0,0.0000,-15.4,-9.6,-0.0895,-16.7,-7.0,0,0.0,0.0,0.0000,0.00,0.71,-1.00,-1.47,1,-0.1944,-0.137,0.245,25.00,1,-533.0,-33.1,0.16161,-2.3,-14.6,-0.1914,-0.00320,OK
3.9026,3.8182,84.3,0,-534.3,-32.9,0.1670,-539.4,-36.1,0.1446,0.0,0.0,0.0000,-15.4,-9.6,-0.0895,-16.7,-7.0,0,0.0,0.0,0.0000,0.27,0.21,-0.78,-1.57,1,-0.1944,-0.137,0.245,26.00,1,-533.0,-33.2,0.16008,-1.7,-9.1,-0.1920,-0.00319,OK
3.9108,3.8182,92.6,0,-534.3,-32.9,0.1670,-539.4,-36.1,0.1446,0.0,0.0,0.0000,-15.4,-9.6,-0.0895,-16.7,-7.0,0,0.0,0.0,0.0000,0.40,0.43,-1.00,-1.54,1,-0.1967,-0.147,0.226,25.00,1,-533.0,-33.3,0.15853,-8.3,-7.7,-0.1879,-0.00325,OK
3.9178,3.9111,6.7,0,-532.3,-29.9,0.2020,-539.4,-36.1,0.1446,0.0,0.0,0.0000,-21.3,-18.5,-0.2299,-24.0,-14.9,0,0.0,0.0,0.0000,0.15,0.26,-0.92,-1.59,1,-0.2133,-0.206,0.324,25.00,1,-532.3,-30.0,0.16115,8.1,26.6,-0.2091,-0.00351,OK
3.9260,3.9196,6.4,0,-532.2,-29.9,0.2007,-539.4,-36.1,0.1446,0.0,0.0,0.0000,-21.5,-18.6,-0.2246,-24.2,-14.9,0,0.0,0.0,0.0000,-0.01,0.34,-0.63,-1.55,1,-0.2333,-0.118,0.275,26.00,1,-532.2,-29.9,0.16310,8.9,14.8,-0.2178,-0.00384,OK
3.9342,3.9196,14.7,0,-532.2,-29.9,0.2007,-539.4,-36.1,0.1446,0.0,0.0,0.0000,-21.5,-18.6,-0.2246,-24.2,-14.9,0,0.0,0.0,0.0000,0.14,0.20,-0.97,-1.40,1,-0.2544,-0.157,0.255,24.00,1,-532.2,-29.7,0.16159,4.8,20.7,-0.2390,-0.00397,OK
3.9422,3.9371,5.1,0,-532.5,-29.9,0.2008,-539.4,-36.1,0.1446,0.0,0.0,0.0000,-20.8,-18.7,-0.2250,-23.5,-15.1,0,0.0,0.0,0.0000,-0.44,0.34,-0.88,-1.32,1,-0.2544,-0.157,0.255,24.00,1,-532.3,-29.8,0.16245,1.8,1.0,-0.2374,-0.00420,OK
3.9499,3.9452,4.6,0,-532.1,-29.8,0.2031,-539.4,-36.1,0.1446,0.0,0.0,0.0000,-21.9,-18.9,-0.2342,-24.7,-15.1,0,0.0,0.0,0.0000,-0.01,0.26,-1.35,-1.36,1,-0.2678,-0.235,0.235,25.00,1,-532.2,-29.8,0.16360,-1.3,8.2,-0.2436,-0.00446,OK
3.9588,3.9536,5.2,0,-532.8,-29.9,0.1989,-539.4,-36.1,0.1446,0.0,0.0,0.0000,-19.8,-18.8,-0.2174,-22.6,-15.3,0,0.0,0.0,0.0000,0.01,0.08,-1.43,-2.26,1,-0.2867,-0.088,0.039,25.00,1,-532.5,-29.8,0.16389,-19.0,1.7,-0.2972,-0.00436,OK
3.9660,3.9619,4.1,0,-532.1,-29.7,0.2030,-539.4,-36.1,0.1446,0.0,0.0,0.0000,-21.8,-19.1,-0.2339,-24.6,-15.3,0,0.0,0.0,0.0000,-0.35,0.34,-0.89,-1.88,1,-0.3244,-0.029,0.147,25.00,1,-532.4,-29.8,0.16413,0.4,-3.1,-0.2954,-0.00460,OK
3.9743,3.9703,4.1,0,-532.5,-30.0,0.1945,-539.4,-36.1,0.1446,0.0,0.0,0.0000,-20.8,-18.2,-0.1996,-23.4,-14.6,0,0.0,0.0,0.0000,-0.66,-0.02,-1.16,-1.63,1,-0.3556,-0.157,0.098,25.00,1,-532.4,-29.9,0.16325,-1.5,-10.6,-0.3403,-0.00469,OK
3.9823,3.9703,12.0,0,-532.5,-30.0,0.1945,-539.4,-36.1,0.1446,0.0,0.0,0.0000,-20.8,-18.2,-0.1996,-23.4,-14.6,0,0.0,0.0,0.0000,-0.42,-0.11,-1.24,-1.89,1,-0.3556,-0.157,0.098,24.00,1,-532.4,-30.0,0.16180,-6.1,-5.2,-0.3602,-0.00459,OK
3.9898,3.9871,2.7,0,-532.8,-30.4,0.1892,-539.4,-36.1,0.1446,0.0,0.0,0.0000,-19.7,-17.2,-0.1786,-22.2,-13.8,0,0.0,0.0,0.0000,-0.35,0.00,-1.39,-1.76,1,-0.3789,-0.029,0.157,25.00,1,-532.7,-30.3,0.15912,-18.1,-18.1,-0.3453,-0.00475,OK
3.9987,3.9956,3.1,0,-533.1,-30.5,0.1903,-539.4,-36.1,0.1446,0.0,0.0,0.0000,-18.8,-16.7,-0.1831,-21.2,-13.5,0,0.0,0.0,0.0000,-0.86,-0.19,-1.36,-1.65,1,-0.3856,-0.137,0.177,25.00,1,-532.9,-30.5,0.15783,-17.3,-18.6,-0.3720,-0.00474,OK
4.0065,4.0041,2.4,0,-533.8,-29.9,0.1882,-539.4,-36.1,0.1446,0.0,0.0,0.0000,-16.6,-18.7,-0.1744,-19.3,-15.9,0,0.0,0.0,0.0000,-0.28,0.06,-1.17,-1.88,1,-0.3811,-0.186,0.186,25.00,1,-533.5,-30.1,0.15670,-32.7,34.9,-0.3374,-0.00497,OK
4.0145,4.0041,10.4,0,-533.8,-29.9,0.1882,-539.4,-36.1,0.1446,0.0,0.0,0.0000,-16.6,-18.7,-0.1744,-19.3,-15.9,0,0.0,0.0,0.0000,0.07,-0.18,-1.26,-1.70,1,-0.3811,-0.186,0.186,25.00,1,-533.5,-30.1,0.15582,-30.1,16.0,-0.3548,-0.00517,OK
4.0226,4.0125,10.2,0,-533.2,-31.0,0.1853,-539.4,-36.1,0.1446,0.0,0.0,0.0000,-18.6,-15.3,-0.1631,-20.8,-12.2,0,0.0,0.0,0.0000,-0.25,0.00,-1.70,-1.58,1,-0.3644,-0.196,0.108,24.00,1,-533.4,-30.9,0.15617,-25.0,-19.3,-0.3576,-0.00538,OK
4.0302,4.0211,9.1,0,-533.4,-30.8,0.1856,-539.4,-36.1,0.1446,0.0,0.0,0.0000,-17.9,-15.9,-0.1640,-20.1,-13.0,0,0.0,0.0,0.0000,-0.10,-0.06,-1.16,-1.77,1,-0.3489,-0.265,0.157,24.00,1,-533.5,-30.9,0.15652,-19.6,-14.9,-0.3350,-0.00564,OK
4.0385,4.0211,17.4,0,-533.4,-30.8,0.1856,-539.4,-36.1,0.1446,0.0,0.0,0.0000,-17.9,-15.9,-0.1640,-20.1,-13.0,0,0.0,0.0,0.0000,-0.52,0.18,-1.34,-1.96,1,-0.3344,-0.196,0.108,27.00,1,-533.6,-31.0,0.15368,-21.0,-20.9,-0.3473,-0.00547,OK
4.0462,4.0211,25.1,0,-533.4,-30.8,0.1856,-539.4,-36.1,0.1446,0.0,0.0,0.0000,-17.9,-15.9,-0.1640,-20.1,-13.1,0,0.0,0.0,0.0000,-0.76,-0.05,-0.98,-1.84,1,-0.3344,-0.196,0.108,25.00,1,-533.7,-31.2,0.15102,-13.2,-22.7,-0.3485,-0.00530,OK
4.0546,4.0211,33.5,0,-533.4,-30.8,0.1856,-539.4,-36.1,0.1446,0.0,0.0,0.0000,-17.9,-15.9,-0.1640,-20.0,-13.1,0,0.0,0.0,0.0000,-0.41,-0.07,-1.15,-1.80,1,-0.3300,-0.186,0.157,24.00,1,-533.9,-31.4,0.14814,-17.8,-16.4,-0.3356,-0.00521,OK
4.0625,4.0211,41.4,0,-533.4,-30.8,0.1856,-539.4,-36.1,0.1446,0.0,0.0,0.0000,-17.9,-15.9,-0.1640,-20.0,-13.2,0,0.0,0.0,0.0000,-0.38,-2.56,-1.26,-1.64,1,-0.3300,-0.196,0.147,24.00,1,-533.9,-31.4,0.14539,-0.6,11.9,-0.3644,-0.00492,OK
4.0705,4.0211,49.4,0,-533.4,-30.8,0.1856,-539.4,-36.1,0.1446,0.0,0.0,0.0000,-17.9,-15.9,-0.1640,-20.0,-13.2,0,0.0,0.0,0.0000,-0.66,0.11,-1.30,-1.94,1,-0.3378,-0.177,0.177,25.00,1,-534.0,-31.5,0.14253,-19.9,-19.9,-0.3544,-0.00474,OK
4.0783,4.0211,57.2,0,-533.4,-30.8,0.1856,-539.4,-36.1,0.1446,0.0,0.0,0.0000,-17.9,-15.9,-0.1640,-19.9,-13.3,0,0.0,0.0,0.0000,-0.19,-0.37,-1.15,-1.88,1,-0.3444,-0.177,0.118,25.00,1,-534.1,-31.6,0.13982,-18.9,-10.1,-0.3467,-0.00469,OK
4.0863,4.0211,65.2,0,-533.4,-30.8,0.1856,-539.4,-36.1,0.1446,0.0,0.0,0.0000,-17.9,-15.9,-0.1640,-19.9,-13.4,0,0.0,0.0,0.0000,-0.63,2.50,-0.89,-2.03,1,-0.3444,-0.177,0.118,27.00,1,-534.3,-31.9,0.13715,-36.4,-49.5,-0.3139,-0.00489,OK
4.0939,4.0211,72.8,0,-533.4,-30.8,0.1856,-539.4,-36.1,0.1446,0.0,0.0,0.0000,-17.9,-15.9,-0.1640,-19.9,-13.4,0,0.0,0.0,0.0000,-0.52,0.07,-0.88,-1.71,1,-0.3311,-0.265,0.059,25.00,1,-534.5,-32.2,0.13473,-16.4,-19.6,-0.3247,-0.00490,OK
4.1024,4.0211,81.3,0,-533.4,-30.8,0.1856,-539.4,-36.1,0.1446,0.0,0.0,0.0000,-17.9,-15.9,-0.1640,-19.8,-13.5,0,0.0,0.0,0.0000,-0.28,0.19,-1.10,-1.53,1,-0.3011,-0.353,0.078,24.00,1,-534.6,-32.3,0.13210,-20.1,-14.0,-0.2914,-0.00494,OK
4.1101,4.0211,89.0,0,-533.4,-30.8,0.1856,-539.4,-36.1,0.1446,0.0,0.0,0.0000,-17.9,-15.9,-0.1640,-19.8,-13.5,0,0.0,0.0,0.0000,-0.43,-0.14,-0.89,-1.00,1,-0.2578,-0.304,0.088,24.00,1,-534.7,-32.4,0.13001,-9.4,-8.4,-0.2522,-0.00495,OK
4.1179,4.0211,96.7,0,-533.4,-30.8,0.1856,-539.4,-36.1,0.1446,0.0,0.0,0.0000,-17.9,-15.9,-0.1640,-19.8,-13.5,0,0.0,0.0,0.0000,-0.34,0.00,-0.70,-1.24,1,-0.2578,-0.304,0.088,25.00,1,-534.8,-32.5,0.12807,-12.3,-13.1,-0.2479,-0.00499,OK
4.1269,4.0211,105.7,0,-533.4,-30.8,0.1856,-539.4,-36.1,0.1446,0.0,0.0,0.0000,-17.9,-15.9,-0.1640,-19.7,-13.6,0,0.0,0.0,0.0000,-0.24,-0.33,-0.56,-1.09,1,-0.2167,-0.284,0.088,25.00,1,-534.9,-32.6,0.12598,-8.2,-7.8,-0.2175,-0.00494,OK
4.1347,4.0211,113.6,0,-533.4,-30.8,0.1856,-539.4,-36.1,0.1446,0.0,0.0,0.0000,-17.9,-15.9,-0.1640,-19.7,-13.6,0,0.0,0.0,0.0000,-0.41,0.02,-0.47,-1.04,1,-0.1767,-0.206,0.108,24.00,1,-534.9,-32.7,0.12441,-8.4,-13.4,-0.1835,-0.00485,OK
4.1423,4.0211,121.2,0,-533.4,-30.8,0.1856,-539.4,-36.1,0.1446,0.0,0.0,0.0000,-17.9,-15.9,-0.1640,-19.7,-13.6,0,0.0,0.0,0.0000,0.09,0.19,-0.33,-0.98,1,-0.1456,-0.235,0.069,25.00,1,-535.0,-32.8,0.12322,-12.9,-11.0,-0.1298,-0.00494,OK
4.1503,4.0211,129.2,0,-533.4,-30.8,0.1856,-539.4,-36.1,0.1446,0.0,0.0,0.0000,-17.9,-15.9,-0.1640,-19.7,-13.6,0,0.0,0.0,0.0000,0.02,-0.10,-0.32,-1.04,1,-0.1222,-0.206,0.088,25.00,1,-535.1,-32.9,0.12218,-10.5,-8.5,-0.1295,-0.00484,OK
4.1584,4.1223,36.0,0,-536.1,-32.7,0.1456,-539.4,-36.1,0.1446,0.0,0.0,0.0000,-9.9,-10.2,-0.0042,-11.0,-9.0,0,0.0,0.0,0.0000,-0.32,0.05,-1.05,-0.79,1,-0.1222,-0.206,0.088,25.00,1,-536.6,-33.0,0.12368,-20.5,-2.3,-0.1503,-0.00474,OK
4.1667,4.1223,44.3,0,-536.1,-32.7,0.1456,-539.4,-36.1,0.1446,0.0,0.0,0.0000,-9.9,-10.2,-0.0042,-11.0,-9.0,0,0.0,0.0,0.0000,-0.23,0.47,-0.15,-0.27,1,-0.1089,-0.206,0.088,25.00,1,-536.7,-33.1,0.12275,-12.1,-10.8,-0.0764,-0.00496,OK
4.1744,4.1223,52.1,0,-536.1,-32.7,0.1456,-539.4,-36.1,0.1446,0.0,0.0,0.0000,-9.9,-10.2,-0.0042,-11.0,-9.0,0,0.0,0.0,0.0000,-0.31,-0.21,-0.31,-0.44,1,-0.1011,-0.167,0.108,24.00,1,-536.8,-33.1,0.12202,-8.5,-3.6,-0.1087,-0.00485,OK
4.1824,4.1223,60.1,0,-536.1,-32.7,0.1456,-539.4,-36.1,0.1446,0.0,0.0,0.0000,-9.9,-10.2,-0.0042,-11.0,-9.0,0,0.0,0.0,0.0000,0.48,0.12,-0.35,-0.83,1,-0.1078,-0.078,0.059,24.00,1,-536.9,-33.2,0.12126,-22.0,-2.8,-0.0861,-0.00499,OK
4.1902,4.1223,67.9,0,-536.1,-32.7,0.1456,-539.4,-36.1,0.1446,0.0,0.0,0.0000,-9.9,-10.2,-0.0042,-11.0,-9.0,0,0.0,0.0,0.0000,0.07,0.34,-0.10,-0.66,1,-0.1078,-0.078,0.059,25.00,1,-537.1,-33.2,0.12062,-15.9,-10.5,-0.0813,-0.00517,OK
4.1980,4.1223,75.7,0,-536.1,-32.7,0.1456,-539.4,-36.1,0.1446,0.0,0.0,0.0000,-9.9,-10.2,-0.0042,-11.0,-9.0,0,0.0,0.0,0.0000,0.03,0.27,-0.18,-0.98,1,-0.1089,-0.206,0.177,26.00,1,-537.2,-33.4,0.11992,-18.2,-12.0,-0.1015,-0.00518,OK
