t_s,tv_s,vision_age_ms,held,pose_x_mm,pose_y_mm,pose_theta_rad,ref_x_mm,ref_y_mm,ref_theta_rad,ref_vx_mm_s,ref_vy_mm_s,ref_omega_rad_s,cmd_world_vx_mm_s,cmd_world_vy_mm_s,cmd_omega_rad_s,cmd_body_vx_mm_s,cmd_body_vy_mm_s,near_goal,pred_x_mm,pred_y_mm,pred_theta_rad,wheel_fl_rad_s,wheel_bl_rad_s,wheel_br_rad_s,wheel_fr_rad_s
-0.2936,-0.3264,32.7,0,-500.6,589.9,-2.0691,-500.6,589.9,-2.0691,0.0,0.0,0.0000,0.0,0.0,0.0000,-0.0,0.0,0,0.0,0.0,0.0000,-0.27,-0.04,2.55,0.16
-0.2856,-0.3264,40.8,0,-500.6,589.9,-2.0691,-500.6,589.9,-2.0691,0.0,0.0,0.0000,0.0,0.0,0.0000,-0.0,0.0,0,0.0,0.0,0.0000,-0.09,-0.13,0.54,0.01
-0.2769,-0.3264,49.5,0,-500.6,589.9,-2.0691,-500.6,589.9,-2.0691,0.0,0.0,0.0000,0.0,0.0,0.0000,-0.0,0.0,0,0.0,0.0,0.0000,0.06,-0.21,-0.35,0.12
-0.2687,-0.3264,57.7,0,-500.6,589.9,-2.0691,-500.6,589.9,-2.0691,0.0,0.0,0.0000,0.0,0.0,0.0000,-0.0,0.0,0,0.0,0.0,0.0000,0.41,0.27,0.32,0.24
-0.2611,-0.3264,65.3,0,-500.6,589.9,-2.0691,-500.6,589.9,-2.0691,0.0,0.0,0.0000,0.0,0.0,0.0000,-0.0,0.0,0,0.0,0.0,0.0000,-0.18,0.03,-0.09,-0.31
-0.2535,-0.3264,72.9,0,-500.6,589.9,-2.0691,-500.6,589.9,-2.0691,0.0,0.0,0.0000,0.0,0.0,0.0000,-0.0,0.0,0,0.0,0.0,0.0000,-0.93,-0.20,-0.07,-0.03
-0.2457,-0.3264,80.7,0,-500.6,589.9,-2.0691,-500.6,589.9,-2.0691,0.0,0.0,0.0000,0.0,0.0,0.0000,-0.0,0.0,0,0.0,0.0,0.0000,-0.11,-0.09,0.29,-0.38
-0.2371,-0.3264,89.2,0,-500.6,589.9,-2.0691,-500.6,589.9,-2.0691,0.0,0.0,0.0000,0.0,0.0,0.0000,-0.0,0.0,0,0.0,0.0,0.0000,0.52,-0.04,-0.11,0.03
-0.2296,-0.3264,96.8,0,-500.6,589.9,-2.0691,-500.6,589.9,-2.0691,0.0,0.0,0.0000,0.0,0.0,0.0000,-0.0,0.0,0,0.0,0.0,0.0000,0.00,-0.83,0.52,0.21
-0.2214,-0.2228,1.4,0,-500.8,589.7,-2.0698,-500.6,589.9,-2.0691,0.0,0.0,0.0000,0.3,0.8,0.0026,-0.9,-0.1,0,0.0,0.0,0.0000,0.18,-0.19,0.26,-0.13
-0.2133,-0.2228,9.5,0,-500.8,589.7,-2.0698,-500.6,589.9,-2.0691,0.0,0.0,0.0000,0.3,0.8,0.0026,-0.9,-0.1,0,0.0,0.0,0.0000,-0.24,0.39,0.01,0.21
-0.2051,-0.2228,17.7,0,-500.8,589.7,-2.0698,-500.6,589.9,-2.0691,0.0,0.0,0.0000,0.3,0.8,0.0026,-0.9,-0.1,0,0.0,0.0,0.0000,0.05,-0.15,-0.04,0.07
-0.1976,-0.2228,25.2,0,-500.8,589.7,-2.0698,-500.6,589.9,-2.0691,0.0,0.0,0.0000,0.3,0.8,0.0026,-0.9,-0.1,0,0.0,0.0,0.0000,-0.15,0.18,-0.48,0.08
-0.1889,-0.2228,34.0,0,-500.8,589.7,-2.0698,-500.6,589.9,-2.0691,0.0,0.0,0.0000,0.3,0.8,0.0026,-0.9,-0.1,0,0.0,0.0,0.0000,0.27,0.45,-0.57,0.22
-0.1806,-0.2228,42.2,0,-500.8,589.7,-2.0698,-500.6,589.9,-2.0691,0.0,0.0,0.0000,0.3,0.8,0.0026,-0.9,-0.1,0,0.0,0.0,0.0000,0.04,0.00,0.06,-0.24
-0.1729,-0.2228,49.9,0,-500.8,589.7,-2.0698,-500.6,589.9,-2.0691,0.0,0.0,0.0000,0.3,0.8,0.0026,-0.9,-0.1,0,0.0,0.0,0.0000,-0.31,-0.01,0.29,-0.08
-0.1655,-0.2228,57.3,0,-500.8,589.7,-2.0698,-500.6,589.9,-2.0691,0.0,0.0,0.0000,0.3,0.8,0.0026,-0.9,-0.1,0,0.0,0.0,0.0000,0.39,-0.20,0.17,-0.29
-0.1568,-0.2228,66.0,0,-500.8,589.7,-2.0698,-500.6,589.9,-2.0691,0.0,0.0,0.0000,0.3,0.8,0.0026,-0.9,-0.1,0,0.0,0.0,0.0000,-0.04,-0.12,0.01,0.00
-0.1495,-0.2228,73.4,0,-500.8,589.7,-2.0698,-500.6,589.9,-2.0691,0.0,0.0,0.0000,0.3,0.8,0.0026,-0.9,-0.1,0,0.0,0.0,0.0000,0.31,-0.10,0.00,-0.21
-0.1407,-0.2228,82.1,0,-500.8,589.7,-2.0698,-500.6,589.9,-2.0691,0.0,0.0,0.0000,0.3,0.8,0.0026,-0.9,-0.1,0,0.0,0.0,0.0000,-0.85,-0.07,0.01,0.00
-0.1335,-0.2228,89.4,0,-500.8,589.7,-2.0698,-500.6,589.9,-2.0691,0.0,0.0,0.0000,0.3,0.8,0.0026,-0.9,-0.1,0,0.0,0.0,0.0000,0.43,0.03,0.32,0.16
-0.1249,-0.2228,97.9,0,-500.8,589.7,-2.0698,-500.6,589.9,-2.0691,0.0,0.0,0.0000,0.3,0.8,0.0026,-0.9,-0.1,0,0.0,0.0,0.0000,0.67,0.29,-0.20,0.18
-0.1168,-0.1191,2.3,0,-500.9,589.4,-2.0687,-500.6,589.9,-2.0691,0.0,0.0,0.0000,0.9,1.6,-0.0018,-1.9,0.0,0,0.0,0.0,0.0000,-1.00,0.18,0.25,0.21
-0.1094,-0.1191,9.7,0,-500.9,589.4,-2.0687,-500.6,589.9,-2.0691,0.0,0.0,0.0000,0.9,1.6,-0.0018,-1.9,0.0,0,0.0,0.0,0.0000,0.04,-0.26,-0.28,0.14
-0.1009,-0.1191,18.2,0,-500.9,589.4,-2.0687,-500.6,589.9,-2.0691,0.0,0.0,0.0000,0.9,1.6,-0.0018,-1.9,0.0,0,0.0,0.0,0.0000,0.52,-0.01,0.14,-0.03
-0.0936,-0.1191,25.5,0,-500.9,589.4,-2.0687,-500.6,589.9,-2.0691,0.0,0.0,0.0000,0.9,1.6,-0.0018,-1.9,0.0,0,0.0,0.0,0.0000,0.22,-0.10,0.04,0.08
-0.0850,-0.1191,34.1,0,-500.9,589.4,-2.0687,-500.6,589.9,-2.0691,0.0,0.0,0.0000,-3.0,-5.5,-0.0018,6.3,0.0,0,0.0,0.0,0.0000,0.34,-0.02,-0.24,-0.08
-0.0773,-0.1191,41.8,0,-500.9,589.4,-2.0687,-500.6,589.9,-2.0691,0.0,0.0,0.0000,-2.0,-3.7,-0.0018,4.2,0.0,0,0.0,0.0,0.0000,-0.17,-0.39,-0.18,0.17
-0.0688,-0.1191,50.3,0,-500.9,589.4,-2.0687,-500.6,589.9,-2.0691,0.0,0.0,0.0000,-6.8,-12.5,-0.0018,14.2,0.0,0,0.0,0.0,0.0000,0.25,0.11,0.10,0.05
-0.0611,-0.1191,58.0,0,-500.9,589.4,-2.0687,-500.6,589.9,-2.0691,0.0,0.0,0.0000,-10.4,-19.0,-0.0018,21.7,-0.1,0,0.0,0.0,0.0000,-0.06,0.60,0.00,-0.15
-0.0531,-0.1191,66.0,0,-500.9,589.4,-2.0687,-500.6,589.9,-2.0691,0.0,0.0,0.0000,-14.0,-26.5,-0.0018,30.0,0.3,0,0.0,0.0,0.0000,0.35,-0.22,0.00,-0.07
-0.0450,-0.1191,74.1,0,-500.9,589.4,-2.0687,-500.6,589.9,-2.0691,0.0,0.0,0.0000,-17.6,-33.8,-0.0018,38.1,0.7,0,0.0,0.0,0.0000,-0.14,-0.22,0.13,0.07
-0.0369,-0.1191,82.1,0,-500.9,589.4,-2.0687,-500.6,589.9,-2.0691,0.0,0.0,0.0000,-21.6,-41.0,-0.0018,46.3,0.6,0,0.0,0.0,0.0000,0.23,-0.57,0.14,-0.02
-0.0286,-0.1191,90.5,0,-500.9,589.4,-2.0687,-500.6,589.9,-2.0691,0.0,0.0,0.0000,-25.7,-48.5,-0.0018,54.9,0.6,0,0.0,0.0,0.0000,-0.30,0.19,-0.17,0.04
-0.0216,-0.1191,97.5,0,-500.9,589.4,-2.0687,-500.6,589.9,-2.0691,0.0,0.0,0.0000,-28.9,-54.5,-0.0018,61.7,0.6,0,0.0,0.0,0.0000,0.30,0.25,0.00,0.13
-0.0133,-0.0134,0.1,0,-500.8,589.8,-2.0686,-500.6,589.9,-2.0691,0.0,0.0,0.0000,-33.2,-62.6,-0.0022,70.8,0.7,0,0.0,0.0,0.0000,-0.32,-0.35,-0.12,-0.05
-0.0056,-0.0134,7.8,0,-500.8,589.8,-2.0686,-500.6,589.9,-2.0691,0.0,0.0,0.0000,-36.9,-69.5,-0.0022,78.7,0.7,0,0.0,0.0,0.0000,0.00,-0.56,0.13,0.22
0.0032,-0.0134,16.6,0,-500.8,589.8,-2.0686,-500.6,589.9,-2.0691,0.0,0.0,0.0000,-41.4,-77.4,-0.0022,87.8,0.6,0,0.0,0.0,0.0000,-0.38,-0.33,0.45,0.78
0.0108,-0.0134,24.2,0,-500.8,589.8,-2.0686,-500.6,589.9,-2.0691,0.0,0.0,0.0000,-44.3,-84.4,-0.0022,95.3,1.3,0,0.0,0.0,0.0000,-0.87,-0.92,0.20,0.72
0.0188,-0.0134,32.2,0,-500.8,589.8,-2.0686,-500.6,589.9,-2.0691,0.0,0.0,0.0000,-47.6,-91.7,-0.0022,103.3,2.0,0,0.0,0.0,0.0000,-0.82,-0.34,0.58,0.55
0.0270,-0.0134,40.4,0,-500.8,589.8,-2.0686,-500.6,589.9,-2.0691,0.0,0.0,0.0000,-51.3,-99.9,-0.0022,112.3,2.6,0,0.0,0.0,0.0000,-1.22,-0.57,0.60,0.52
0.0343,-0.0134,47.7,0,-500.8,589.8,-2.0686,-500.6,589.9,-2.0691,0.0,0.0,0.0000,-54.6,-107.3,-0.0022,120.4,3.3,0,0.0,0.0,0.0000,-0.79,-0.52,0.85,0.86
0.0423,-0.0134,55.7,0,-500.8,589.8,-2.0686,-500.6,589.9,-2.0691,0.0,0.0,0.0000,-58.7,-115.4,-0.0022,129.4,3.5,0,0.0,0.0,0.0000,-0.60,-0.93,0.67,1.04
0.0511,-0.0134,64.5,0,-500.8,589.8,-2.0686,-500.6,589.9,-2.0691,0.0,0.0,0.0000,-63.5,-124.4,-0.0022,139.6,3.6,0,0.0,0.0,0.0000,-1.47,-0.99,1.34,0.86
0.0584,-0.0134,71.8,0,-500.8,589.8,-2.0686,-500.6,589.9,-2.0691,0.0,0.0,0.0000,-66.3,-132.4,-0.0022,148.0,5.0,0,0.0,0.0,0.0000,-0.85,-0.50,1.55,1.39
0.0671,-0.0134,80.4,0,-500.8,589.8,-2.0686,-500.6,589.9,-2.0691,0.0,0.0,0.0000,-69.7,-142.0,-0.0022,158.0,6.5,0,0.0,0.0,0.0000,-1.39,-0.26,1.61,1.63
0.0753,-0.0134,88.7,0,-500.8,589.8,-2.0686,-500.6,589.9,-2.0691,0.0,0.0,0.0000,-74.0,-150.8,-0.0022,167.8,7.0,0,0.0,0.0,0.0000,-0.87,-0.80,1.60,1.95
0.0828,-0.0134,96.2,0,-500.8,589.8,-2.0686,-500.6,589.9,-2.0691,0.0,0.0,0.0000,-78.0,-158.9,-0.0022,176.8,7.3,0,0.0,0.0,0.0000,-1.02,-0.60,1.70,1.89
0.0913,0.0858,5.5,0,-502.8,587.9,-2.0733,-502.4,586.7,-2.0691,-40.7,-75.7,-0.0000,-75.2,-164.1,0.0165,180.0,13.1,0,0.0,0.0,0.0000,-1.40,-1.16,1.99,2.27
0.0987,0.0858,12.9,0,-502.8,587.9,-2.0733,-502.4,586.7,-2.0691,-40.7,-75.7,-0.0000,-78.1,-173.6,0.0165,189.8,15.2,0,0.0,0.0,0.0000,-2.13,-1.11,2.39,1.88
0.1073,0.0858,21.5,0,-502.8,587.9,-2.0733,-502.4,586.7,-2.0691,-40.7,-75.7,-0.0000,-82.7,-183.7,0.0165,200.8,16.0,0,0.0,0.0,0.0000,-2.19,-1.24,2.13,3.37
0.1148,0.0858,29.0,0,-502.8,587.9,-2.0733,-502.4,586.7,-2.0691,-40.7,-75.7,-0.0000,-86.6,-192.6,0.0165,210.5,16.9,0,0.0,0.0,0.0000,-2.26,-1.72,2.61,1.19
0.1232,0.0858,37.4,0,-502.8,587.9,-2.0733,-502.4,586.7,-2.0691,-40.7,-75.7,-0.0000,-90.5,-203.6,0.0165,222.0,18.7,0,0.0,0.0,0.0000,-2.54,-1.80,2.46,0.33
0.1307,0.0858,44.9,0,-502.8,587.9,-2.0733,-502.4,586.7,-2.0691,-40.7,-75.7,-0.0000,-94.4,-213.5,0.0165,232.6,20.1,0,0.0,0.0,0.0000,-3.34,-2.16,2.55,0.40
0.1389,0.0858,53.1,0,-502.8,587.9,-2.0733,-502.4,586.7,-2.0691,-40.7,-75.7,-0.0000,-97.3,-224.9,0.0165,243.9,23.0,0,0.0,0.0,0.0000,-3.64,-2.38,3.38,1.97
0.1464,0.0858,60.6,0,-502.8,587.9,-2.0733,-502.4,586.7,-2.0691,-40.7,-75.7,-0.0000,-100.1,-235.3,0.0165,254.5,25.6,0,0.0,0.0,0.0000,-4.14,-2.36,3.60,2.38
0.1548,0.0858,69.0,0,-502.8,587.9,-2.0733,-502.4,586.7,-2.0691,-40.7,-75.7,-0.0000,-103.6,-246.7,0.0165,266.1,28.0,0,0.0,0.0,0.0000,-3.85,-2.57,3.48,3.57
0.1633,0.0858,77.5,0,-502.8,587.9,-2.0733,-502.4,586.7,-2.0691,-40.7,-75.7,-0.0000,-107.1,-258.3,0.0165,278.0,30.5,0,0.0,0.0,0.0000,-5.42,-3.20,4.07,4.50
0.1705,0.0858,84.7,0,-502.8,587.9,-2.0733,-502.4,586.7,-2.0691,-40.7,-75.7,-0.0000,-110.2,-269.2,0.0165,289.0,33.0,0,0.0,0.0,0.0000,-5.72,-3.84,4.03,4.60
0.1792,0.0858,93.4,0,-502.8,587.9,-2.0733,-502.4,586.7,-2.0691,-40.7,-75.7,-0.0000,-114.2,-282.4,0.0165,302.5,36.0,0,0.0,0.0,0.0000,-5.43,-4.48,3.63,4.63
0.1873,0.1872,0.1,0,-508.6,581.6,-2.0578,-508.6,574.3,-2.0691,-78.9,-170.0,-0.0000,-99.7,-275.3,-0.0452,289.9,40.8,0,0.0,0.0,0.0000,-5.21,-4.78,3.65,5.23
0.1946,0.1872,7.4,0,-508.6,581.6,-2.0578,-508.6,574.3,-2.0691,-78.9,-170.0,-0.0000,-102.6,-286.2,-0.0452,300.9,43.3,0,0.0,0.0,0.0000,-5.93,-5.02,4.17,5.92
0.2026,0.1872,15.3,0,-508.6,581.6,-2.0578,-508.6,574.3,-2.0691,-78.9,-170.0,-0.0000,-105.0,-298.8,-0.0452,313.2,47.0,0,0.0,0.0,0.0000,-6.40,-5.72,4.48,7.01
0.2121,0.1872,24.8,0,-508.6,581.6,-2.0578,-508.6,574.3,-2.0691,-78.9,-170.0,-0.0000,-108.2,-313.9,-0.0452,328.0,51.3,0,0.0,0.0,0.0000,-6.22,-5.92,4.75,7.55
0.2183,0.1872,31.1,0,-508.6,581.6,-2.0578,-508.6,574.3,-2.0691,-78.9,-170.0,-0.0000,-110.1,-324.4,-0.0452,338.2,54.5,0,0.0,0.0,0.0000,-6.94,-5.58,6.01,7.21
0.2269,0.1872,39.6,0,-508.6,581.6,-2.0578,-508.6,574.3,-2.0691,-78.9,-170.0,-0.0000,-113.0,-339.0,-0.0452,352.5,58.8,0,0.0,0.0,0.0000,-8.84,-6.06,5.91,7.89
0.2351,0.1872,47.8,0,-508.6,581.6,-2.0578,-508.6,574.3,-2.0691,-78.9,-170.0,-0.0000,-115.3,-352.5,-0.0452,365.4,63.1,0,0.0,0.0,0.0000,-8.58,-6.55,5.76,7.93
0.2426,0.1872,55.4,0,-508.6,581.6,-2.0578,-508.6,574.3,-2.0691,-78.9,-170.0,-0.0000,-117.7,-364.9,-0.0452,377.6,66.7,0,0.0,0.0,0.0000,-7.94,-6.75,6.28,7.71
0.2508,0.1872,63.5,0,-508.6,581.6,-2.0578,-508.6,574.3,-2.0691,-78.9,-170.0,-0.0000,-119.4,-379.6,-0.0452,391.3,72.2,0,0.0,0.0,0.0000,-8.51,-7.22,6.46,7.43
0.2586,0.1872,71.3,0,-508.6,581.6,-2.0578,-508.6,574.3,-2.0691,-78.9,-170.0,-0.0000,-121.2,-393.7,-0.0452,404.7,77.2,0,0.0,0.0,0.0000,-9.04,-8.64,6.50,8.17
0.2669,0.1872,79.6,0,-508.6,581.6,-2.0578,-508.6,574.3,-2.0691,-78.9,-170.0,-0.0000,-122.6,-408.8,-0.0452,418.7,83.0,0,0.0,0.0,0.0000,-9.29,-8.63,6.78,10.43
0.2751,0.1872,87.9,0,-508.6,581.6,-2.0578,-508.6,574.3,-2.0691,-78.9,-170.0,-0.0000,-124.1,-424.1,-0.0452,432.8,88.8,0,0.0,0.0,0.0000,-9.92,-9.79,7.33,11.88
0.2827,0.1872,95.5,0,-508.6,581.6,-2.0578,-508.6,574.3,-2.0691,-78.9,-170.0,-0.0000,-125.3,-438.0,-0.0452,445.7,94.2,0,0.0,0.0,0.0000,-9.16,-9.84,6.94,11.97
0.2910,0.1872,103.8,0,-508.6,581.6,-2.0578,-508.6,574.3,-2.0691,-78.9,-170.0,-0.0000,-126.8,-453.3,-0.0452,459.9,100.1,0,0.0,0.0,0.0000,-9.68,-10.55,4.54,11.07
0.2992,0.2955,3.6,0,-520.5,563.7,-2.0770,-518.6,550.2,-2.0691,-101.9,-277.0,-0.0000,-115.7,-441.3,0.0313,442.1,112.7,0,0.0,0.0,0.0000,-10.08,-10.51,3.75,11.47
0.3068,0.2955,11.2,0,-520.5,563.7,-2.0770,-518.6,550.2,-2.0691,-101.9,-277.0,-0.0000,-101.7,-435.1,0.0313,429.9,122.0,0,0.0,0.0,0.0000,-10.64,-10.72,5.69,12.71
0.3149,0.2955,19.4,0,-520.5,563.7,-2.0770,-518.6,550.2,-2.0691,-101.9,-277.0,-0.0000,-91.3,-442.5,0.0313,431.3,134.7,0,0.0,0.0,0.0000,-11.58,-11.51,7.16,14.02
0.3223,0.2955,26.8,0,-520.5,563.7,-2.0770,-518.6,550.2,-2.0691,-101.9,-277.0,-0.0000,-90.2,-454.8,0.0313,441.5,141.6,0,0.0,0.0,0.0000,-11.91,-12.18,8.18,16.11
0.3303,0.2955,34.8,0,-520.5,563.7,-2.0770,-518.6,550.2,-2.0691,-101.9,-277.0,-0.0000,-88.6,-462.9,0.0313,447.8,146.9,0,0.0,0.0,0.0000,-12.44,-12.62,8.80,14.63
0.3387,0.2955,43.1,0,-520.5,563.7,-2.0770,-518.6,550.2,-2.0691,-101.9,-277.0,-0.0000,-87.0,-471.9,0.0313,454.9,152.7,0,0.0,0.0,0.0000,-11.97,-12.92,8.45,14.02
0.3468,0.2955,51.3,0,-520.5,563.7,-2.0770,-518.6,550.2,-2.0691,-101.9,-277.0,-0.0000,-85.4,-480.2,0.0313,461.4,158.2,0,0.0,0.0,0.0000,-12.12,-14.11,8.39,14.90
0.3549,0.2955,59.4,0,-520.5,563.7,-2.0770,-518.6,550.2,-2.0691,-101.9,-277.0,-0.0000,-83.8,-488.7,0.0313,468.0,163.7,0,0.0,0.0,0.0000,-13.34,-14.81,9.12,15.62
0.3626,0.2955,67.0,0,-520.5,563.7,-2.0770,-518.6,550.2,-2.0691,-101.9,-277.0,-0.0000,-81.4,-493.3,0.0313,470.9,168.0,0,0.0,0.0,0.0000,-14.50,-14.26,9.97,15.71
0.3713,0.2955,75.8,0,-520.5,563.7,-2.0770,-518.6,550.2,-2.0691,-101.9,-277.0,-0.0000,-77.9,-493.9,0.0313,469.7,171.3,0,0.0,0.0,0.0000,-13.07,-13.36,10.30,15.99
0.3788,0.2955,83.3,0,-520.5,563.7,-2.0770,-518.6,550.2,-2.0691,-101.9,-277.0,-0.0000,-74.9,-494.4,0.0313,468.7,174.2,0,0.0,0.0,0.0000,-12.54,-14.80,9.08,16.20
0.3864,0.2955,90.9,0,-520.5,563.7,-2.0770,-518.6,550.2,-2.0691,-101.9,-277.0,-0.0000,-71.9,-494.8,0.0313,467.6,177.0,0,0.0,0.0,0.0000,-12.82,-15.51,9.22,16.20
0.3948,0.3921,2.6,0,-536.6,524.1,-2.0938,-528.4,518.4,-2.0691,-95.1,-381.5,-0.0000,-63.4,-480.4,0.0985,447.9,185.0,0,0.0,0.0,0.0000,-13.11,-15.96,10.00,17.59
0.4022,0.3921,10.1,0,-536.6,524.1,-2.0938,-528.4,518.4,-2.0691,-95.1,-381.5,-0.0000,-54.7,-468.3,0.0985,433.0,186.5,0,0.0,0.0,0.0000,-13.26,-16.95,9.70,19.61
0.4107,0.3921,18.5,0,-536.6,524.1,-2.0938,-528.4,518.4,-2.0691,-95.1,-381.5,-0.0000,-42.6,-456.5,0.0985,416.8,191.1,0,0.0,0.0,0.0000,-13.21,-17.45,10.29,22.25
0.4182,0.3921,26.1,0,-536.6,524.1,-2.0938,-528.4,518.4,-2.0691,-95.1,-381.5,-0.0000,-29.1,-449.8,0.0985,404.2,199.5,0,0.0,0.0,0.0000,-12.66,-16.45,10.00,21.14
0.4272,0.3921,35.1,0,-536.6,524.1,-2.0938,-528.4,518.4,-2.0691,-95.1,-381.5,-0.0000,-17.4,-456.6,0.0985,404.3,213.0,0,0.0,0.0,0.0000,-13.75,-17.15,9.30,18.27
0.4345,0.3921,42.3,0,-536.6,524.1,-2.0938,-528.4,518.4,-2.0691,-95.1,-381.5,-0.0000,-15.2,-465.9,0.0985,411.2,219.5,0,0.0,0.0,0.0000,-13.12,-18.17,9.34,19.14
0.4425,0.3921,50.3,0,-536.6,524.1,-2.0938,-528.4,518.4,-2.0691,-95.1,-381.5,-0.0000,-12.3,-475.2,0.0985,417.9,226.7,0,0.0,0.0,0.0000,-11.60,-17.36,10.44,19.42
0.4510,0.3921,58.9,0,-536.6,524.1,-2.0938,-528.4,518.4,-2.0691,-95.1,-381.5,-0.0000,-8.9,-485.3,0.0985,424.8,234.7,0,0.0,0.0,0.0000,-12.21,-17.79,10.38,20.21
0.4592,0.3921,67.0,0,-536.6,524.1,-2.0938,-528.4,518.4,-2.0691,-95.1,-381.5,-0.0000,-6.8,-495.3,0.0985,432.5,241.5,0,0.0,0.0,0.0000,-12.41,-17.28,9.85,20.85
0.4669,0.3921,74.7,0,-536.6,524.1,-2.0938,-528.4,518.4,-2.0691,-95.1,-381.5,-0.0000,-4.6,-500.0,0.0985,435.4,245.8,0,0.0,0.0,0.0000,-10.87,-17.58,9.18,20.64
0.4749,0.3921,82.7,0,-536.6,524.1,-2.0938,-528.4,518.4,-2.0691,-95.1,-381.5,-0.0000,-1.6,-500.0,0.0985,434.0,248.3,0,0.0,0.0,0.0000,-9.68,-17.83,9.09,20.50
0.4831,0.3921,90.9,0,-536.6,524.1,-2.0938,-528.4,518.4,-2.0691,-95.1,-381.5,-0.0000,1.2,-500.0,0.0985,432.6,250.8,0,0.0,0.0,0.0000,-10.80,-17.53,9.08,19.03
0.4911,0.3921,98.9,0,-536.6,524.1,-2.0938,-528.4,518.4,-2.0691,-95.1,-381.5,-0.0000,4.8,-500.0,0.0985,430.8,253.8,0,0.0,0.0,0.0000,-11.89,-17.79,8.14,19.58
0.4986,0.4953,3.3,0,-547.8,476.9,-2.0819,-535.5,477.9,-2.0691,-41.9,-398.0,0.0000,10.1,-486.0,0.0510,418.9,246.5,0,0.0,0.0,0.0000,-9.97,-18.23,8.18,21.29
0.5073,0.4953,12.1,0,-547.8,476.9,-2.0819,-535.5,477.9,-2.0691,-41.9,-398.0,0.0000,17.7,-470.2,0.0510,401.5,245.4,0,0.0,0.0,0.0000,-9.52,-17.00,8.06,22.39
0.5148,0.4953,19.5,0,-547.8,476.9,-2.0819,-535.5,477.9,-2.0691,-41.9,-398.0,0.0000,25.6,-457.7,0.0510,386.7,246.2,0,0.0,0.0,0.0000,-8.17,-13.07,7.44,20.94
0.5229,0.4953,27.6,0,-547.8,476.9,-2.0819,-535.5,477.9,-2.0691,-41.9,-398.0,0.0000,36.9,-445.9,0.0510,370.9,250.2,0,0.0,0.0,0.0000,-8.18,-16.74,7.45,21.45
0.5303,0.4953,35.0,0,-547.8,476.9,-2.0819,-535.5,477.9,-2.0691,-41.9,-398.0,0.0000,50.4,-439.9,0.0510,359.1,259.1,0,0.0,0.0,0.0000,-8.41,-16.69,6.86,21.17
0.5383,0.4953,43.0,0,-547.8,476.9,-2.0819,-535.5,477.9,-2.0691,-41.9,-398.0,0.0000,59.3,-447.3,0.0510,361.1,270.5,0,0.0,0.0,0.0000,-8.60,-17.58,6.21,20.90
0.5466,0.4953,51.3,0,-547.8,476.9,-2.0819,-535.5,477.9,-2.0691,-41.9,-398.0,0.0000,64.1,-457.0,0.0510,367.2,279.4,0,0.0,0.0,0.0000,-8.99,-18.70,6.27,22.22
0.5553,0.4953,60.0,0,-547.8,476.9,-2.0819,-535.5,477.9,-2.0691,-41.9,-398.0,0.0000,68.0,-467.1,0.0510,374.2,287.8,0,0.0,0.0,0.0000,-8.46,-18.61,6.34,21.55
0.5632,0.4953,67.9,0,-547.8,476.9,-2.0819,-535.5,477.9,-2.0691,-41.9,-398.0,0.0000,71.9,-476.4,0.0510,380.3,295.7,0,0.0,0.0,0.0000,-7.48,-18.33,6.03,20.45
0.5712,0.4953,75.9,0,-547.8,476.9,-2.0819,-535.5,477.9,-2.0691,-41.9,-398.0,0.0000,75.8,-485.7,0.0510,386.5,303.7,0,0.0,0.0,0.0000,-5.87,-18.44,4.94,16.29
0.5785,0.4953,83.2,0,-547.8,476.9,-2.0819,-535.5,477.9,-2.0691,-41.9,-398.0,0.0000,79.4,-493.7,0.0510,391.7,310.7,0,0.0,0.0,0.0000,-6.14,-17.09,4.12,16.34
0.5869,0.4953,91.7,0,-547.8,476.9,-2.0819,-535.5,477.9,-2.0691,-41.9,-398.0,0.0000,82.4,-493.2,0.0510,389.9,313.1,0,0.0,0.0,0.0000,-6.89,-18.68,3.78,19.20
0.5945,0.4953,99.2,0,-547.8,476.9,-2.0819,-535.5,477.9,-2.0691,-41.9,-398.0,0.0000,84.8,-492.8,0.0510,388.3,315.0,0,0.0,0.0,0.0000,-6.76,-19.39,3.47,21.36
0.6026,0.6012,1.4,0,-549.2,411.5,-2.0387,-536.9,435.6,-2.0691,14.7,-400.7,-0.0000,86.0,-476.6,-0.1220,386.6,291.7,0,0.0,0.0,0.0000,-6.46,-19.02,3.88,21.45
0.6106,0.6012,9.4,0,-549.2,411.5,-2.0387,-536.9,435.6,-2.0691,14.7,-400.7,-0.0000,87.9,-460.7,-0.1220,371.5,286.3,0,0.0,0.0,0.0000,-6.57,-19.34,4.42,20.27
0.6187,0.6012,17.5,0,-549.2,411.5,-2.0387,-536.9,435.6,-2.0691,14.7,-400.7,-0.0000,90.5,-444.8,-0.1220,356.2,281.4,0,0.0,0.0,0.0000,-6.16,-19.70,2.91,19.39
0.6263,0.6012,25.1,0,-549.2,411.5,-2.0387,-536.9,435.6,-2.0691,14.7,-400.7,-0.0000,93.7,-430.0,-0.1220,341.5,277.5,0,0.0,0.0,0.0000,-5.69,-19.60,2.94,18.96
0.6347,0.6012,33.5,0,-549.2,411.5,-2.0387,-536.9,435.6,-2.0691,14.7,-400.7,-0.0000,98.9,-413.9,-0.1220,324.9,274.9,0,0.0,0.0,0.0000,-5.87,-19.68,2.64,19.94
0.6433,0.6012,42.1,0,-549.2,411.5,-2.0387,-536.9,435.6,-2.0691,14.7,-400.7,-0.0000,106.8,-398.7,-0.1220,307.7,275.1,0,0.0,0.0,0.0000,-5.76,-19.29,2.08,20.26
0.6508,0.6012,49.6,0,-549.2,411.5,-2.0387,-536.9,435.6,-2.0691,14.7,-400.7,-0.0000,117.3,-387.8,-0.1220,293.3,279.6,0,0.0,0.0,0.0000,-5.14,-20.06,2.30,19.37
0.6585,0.6012,57.3,0,-549.2,411.5,-2.0387,-536.9,435.6,-2.0691,14.7,-400.7,-0.0000,131.9,-386.5,-0.1220,285.4,292.0,0,0.0,0.0,0.0000,-4.73,-19.06,2.39,18.02
0.6673,0.6012,66.1,0,-549.2,411.5,-2.0387,-536.9,435.6,-2.0691,14.7,-400.7,-0.0000,137.8,-395.5,-0.1220,290.8,301.4,0,0.0,0.0,0.0000,-4.66,-18.98,1.80,17.76
0.6747,0.6012,73.5,0,-549.2,411.5,-2.0387,-536.9,435.6,-2.0691,14.7,-400.7,-0.0000,143.1,-403.1,-0.1220,295.3,309.5,0,0.0,0.0,0.0000,-3.58,-18.35,1.13,17.56
0.6830,0.6012,81.8,0,-549.2,411.5,-2.0387,-536.9,435.6,-2.0691,14.7,-400.7,-0.0000,148.1,-412.1,-0.1220,301.0,318.0,0,0.0,0.0,0.0000,-3.72,-19.03,2.55,17.04
0.6914,0.6012,90.2,0,-549.2,411.5,-2.0387,-536.9,435.6,-2.0691,14.7,-400.7,-0.0000,153.3,-421.3,-0.1220,306.9,326.8,0,0.0,0.0,0.0000,-3.56,-18.04,0.25,17.31
0.6983,0.6012,97.1,0,-549.2,411.5,-2.0387,-536.9,435.6,-2.0691,14.7,-400.7,-0.0000,158.4,-428.3,-0.1220,310.8,334.6,0,0.0,0.0,0.0000,-2.22,-17.66,-0.45,16.93
0.7064,0.6990,7.4,0,-539.9,362.7,-2.0155,-532.9,396.7,-2.0691,67.5,-394.0,-0.0000,155.9,-412.3,-0.2147,305.1,318.1,0,0.0,0.0,0.0000,-0.86,-17.87,-0.92,16.49
0.7152,0.6990,16.2,0,-539.9,362.7,-2.0155,-532.9,396.7,-2.0691,67.5,-394.0,-0.0000,154.0,-394.8,-0.2147,290.2,308.9,0,0.0,0.0,0.0000,-0.36,-17.34,-1.40,15.93
0.7225,0.6990,23.5,0,-539.9,362.7,-2.0155,-532.9,396.7,-2.0691,67.5,-394.0,-0.0000,153.2,-380.2,-0.2147,277.3,301.8,0,0.0,0.0,0.0000,-2.73,-17.12,-2.99,15.56
0.7305,0.6990,31.5,0,-539.9,362.7,-2.0155,-532.9,396.7,-2.0691,67.5,-394.0,-0.0000,153.7,-364.2,-0.2147,262.7,295.4,0,0.0,0.0,0.0000,-3.00,-18.71,-3.65,15.50
0.7391,0.6990,40.1,0,-539.9,362.7,-2.0155,-532.9,396.7,-2.0691,67.5,-394.0,-0.0000,157.0,-347.3,-0.2147,246.0,291.2,0,0.0,0.0,0.0000,-3.46,-18.41,-3.50,15.14
0.7473,0.6990,48.3,0,-539.9,362.7,-2.0155,-532.9,396.7,-2.0691,67.5,-394.0,-0.0000,166.1,-333.8,-0.2147,229.8,293.5,0,0.0,0.0,0.0000,-4.69,-17.84,-2.44,14.51
0.7544,0.6990,55.4,0,-539.9,362.7,-2.0155,-532.9,396.7,-2.0691,67.5,-394.0,-0.0000,172.8,-338.3,-0.2147,231.1,301.5,0,0.0,0.0,0.0000,-3.46,-17.60,-2.73,14.40
0.7624,0.6990,63.4,0,-539.9,362.7,-2.0155,-532.9,396.7,-2.0691,67.5,-394.0,-0.0000,179.2,-346.2,-0.2147,235.5,310.7,0,0.0,0.0,0.0000,-2.89,-18.32,-3.15,14.27
0.7712,0.6990,72.2,0,-539.9,362.7,-2.0155,-532.9,396.7,-2.0691,67.5,-394.0,-0.0000,186.2,-355.1,-0.2147,240.5,320.8,0,0.0,0.0,0.0000,-1.25,-17.27,-3.50,14.57
0.7790,0.6990,80.0,0,-539.9,362.7,-2.0155,-532.9,396.7,-2.0691,67.5,-394.0,-0.0000,192.9,-362.1,-0.2147,243.9,329.9,0,0.0,0.0,0.0000,-0.68,-16.58,-4.13,12.89
0.7874,0.6990,88.4,0,-539.9,362.7,-2.0155,-532.9,396.7,-2.0691,67.5,-394.0,-0.0000,200.2,-369.6,-0.2147,247.5,339.7,0,0.0,0.0,0.0000,-2.01,-17.50,-4.42,12.72
0.7954,0.6990,96.4,0,-539.9,362.7,-2.0155,-532.9,396.7,-2.0691,67.5,-394.0,-0.0000,206.5,-377.3,-0.2147,251.8,348.7,0,0.0,0.0,0.0000,-1.93,-16.01,-4.17,12.07
0.8025,0.6990,103.5,0,-539.9,362.7,-2.0155,-532.9,396.7,-2.0691,67.5,-394.0,-0.0000,212.4,-384.2,-0.2147,255.5,357.0,0,0.0,0.0,0.0000,-0.36,-15.88,-3.80,11.80
0.8112,0.8033,7.9,0,-520.9,311.8,-2.0357,-523.2,356.1,-2.0691,120.8,-380.9,-0.0000,206.7,-367.7,-0.1339,236.0,349.6,0,0.0,0.0,0.0000,-0.90,-14.73,-4.01,11.88
0.8185,0.8033,15.2,0,-520.9,311.8,-2.0357,-523.2,356.1,-2.0691,120.8,-380.9,-0.0000,202.3,-353.9,-0.1339,225.7,339.5,0,0.0,0.0,0.0000,-0.76,-15.16,-4.36,11.82
0.8271,0.8033,23.8,0,-520.9,311.8,-2.0357,-523.2,356.1,-2.0691,120.8,-380.9,-0.0000,198.0,-337.2,-0.1339,212.7,328.2,0,0.0,0.0,0.0000,-1.09,-14.61,-4.34,12.35
0.8343,0.8033,31.0,0,-520.9,311.8,-2.0357,-523.2,356.1,-2.0691,120.8,-380.9,-0.0000,195.3,-323.1,-0.1339,201.2,319.4,0,0.0,0.0,0.0000,0.00,-14.79,-4.29,11.44
0.8428,0.8033,39.5,0,-520.9,311.8,-2.0357,-523.2,356.1,-2.0691,120.8,-380.9,-0.0000,193.8,-306.1,-0.1339,186.7,310.4,0,0.0,0.0,0.0000,-0.30,-14.57,-5.16,11.60
0.8503,0.8033,47.0,0,-520.9,311.8,-2.0357,-523.2,356.1,-2.0691,120.8,-380.9,-0.0000,195.4,-291.2,-0.1339,172.7,305.2,0,0.0,0.0,0.0000,-0.07,-14.47,-4.71,11.83
0.8585,0.8033,55.2,0,-520.9,311.8,-2.0357,-523.2,356.1,-2.0691,120.8,-380.9,-0.0000,204.6,-282.0,-0.1339,160.3,309.3,0,0.0,0.0,0.0000,0.02,-14.30,-4.69,11.31
0.8670,0.8033,63.7,0,-520.9,311.8,-2.0357,-523.2,356.1,-2.0691,120.8,-380.9,-0.0000,212.6,-289.6,-0.1339,163.6,319.9,0,0.0,0.0,0.0000,1.10,-14.33,-4.17,11.58
0.8749,0.8033,71.6,0,-520.9,311.8,-2.0357,-523.2,356.1,-2.0691,120.8,-380.9,-0.0000,219.6,-295.8,-0.1339,166.0,328.9,0,0.0,0.0,0.0000,0.21,-12.35,-4.14,11.29
0.8824,0.8033,79.1,0,-520.9,311.8,-2.0357,-523.2,356.1,-2.0691,120.8,-380.9,-0.0000,226.2,-301.9,-0.1339,168.4,337.5,0,0.0,0.0,0.0000,2.09,-6.88,-4.21,11.34
0.8909,0.8033,87.6,0,-520.9,311.8,-2.0357,-523.2,356.1,-2.0691,120.8,-380.9,-0.0000,234.9,-308.6,-0.1339,170.6,348.3,0,0.0,0.0,0.0000,2.31,-9.72,-4.00,11.06
0.8985,0.8033,95.2,0,-520.9,311.8,-2.0357,-523.2,356.1,-2.0691,120.8,-380.9,-0.0000,242.8,-314.6,-0.1339,172.4,358.1,0,0.0,0.0,0.0000,2.23,-10.85,-4.13,11.00
0.9071,0.9048,2.3,0,-500.8,278.9,-2.0620,-508.4,318.4,-2.0691,170.3,-362.2,0.0000,234.3,-299.7,-0.0285,153.8,347.9,0,0.0,0.0,0.0000,2.96,-11.29,-4.66,10.54
0.9148,0.9048,10.0,0,-500.8,278.9,-2.0620,-508.4,318.4,-2.0691,170.3,-362.2,0.0000,227.1,-286.0,-0.0285,145.1,335.2,0,0.0,0.0,0.0000,2.79,-11.06,-4.96,10.43
0.9232,0.9048,18.4,0,-500.8,278.9,-2.0620,-508.4,318.4,-2.0691,170.3,-362.2,0.0000,220.5,-270.6,-0.0285,134.6,322.1,0,0.0,0.0,0.0000,3.97,-12.24,-4.67,10.82
0.9311,0.9048,26.3,0,-500.8,278.9,-2.0620,-508.4,318.4,-2.0691,170.3,-362.2,0.0000,216.7,-255.3,-0.0285,122.9,311.5,0,0.0,0.0,0.0000,4.17,-11.12,-4.46,10.14
0.9391,0.9048,34.3,0,-500.8,278.9,-2.0620,-508.4,318.4,-2.0691,170.3,-362.2,0.0000,221.6,-248.7,-0.0285,114.7,312.7,0,0.0,0.0,0.0000,2.03,-10.81,-3.73,10.12
0.9470,0.9048,42.2,0,-500.8,278.9,-2.0620,-508.4,318.4,-2.0691,170.3,-362.2,0.0000,229.7,-254.4,-0.0285,116.0,322.5,0,0.0,0.0,0.0000,2.45,-9.99,-4.09,9.96
0.9552,0.9048,50.4,0,-500.8,278.9,-2.0620,-508.4,318.4,-2.0691,170.3,-362.2,0.0000,238.1,-260.3,-0.0285,117.2,332.7,0,0.0,0.0,0.0000,1.41,-10.32,-4.91,9.95
0.9634,0.9048,58.7,0,-500.8,278.9,-2.0620,-508.4,318.4,-2.0691,170.3,-362.2,0.0000,246.7,-266.1,-0.0285,118.3,343.0,0,0.0,0.0,0.0000,2.25,-9.93,-4.19,10.12
0.9712,0.9048,66.4,0,-500.8,278.9,-2.0620,-508.4,318.4,-2.0691,170.3,-362.2,0.0000,254.6,-271.9,-0.0285,119.6,352.8,0,0.0,0.0,0.0000,3.07,-9.28,-5.15,9.85
0.9794,0.9048,74.6,0,-500.8,278.9,-2.0620,-508.4,318.4,-2.0691,170.3,-362.2,0.0000,263.3,-277.9,-0.0285,120.9,363.2,0,0.0,0.0,0.0000,4.64,-7.70,-4.92,9.82
0.9872,0.9048,82.4,0,-500.8,278.9,-2.0620,-508.4,318.4,-2.0691,170.3,-362.2,0.0000,271.0,-283.7,-0.0285,122.4,372.8,0,0.0,0.0,0.0000,5.31,-9.89,-4.73,9.60
0.9944,0.9048,89.7,0,-500.8,278.9,-2.0620,-508.4,318.4,-2.0691,170.3,-362.2,0.0000,278.1,-289.3,-0.0285,123.9,381.7,0,0.0,0.0,0.0000,4.90,-8.92,-4.61,9.89
1.0027,0.9048,98.0,0,-500.8,278.9,-2.0620,-508.4,318.4,-2.0691,170.3,-362.2,0.0000,287.3,-294.0,-0.0285,123.7,392.0,0,0.0,0.0,0.0000,4.85,-9.55,-4.73,9.95
1.0105,1.0104,0.1,0,-491.9,266.5,-2.0514,-487.7,281.6,-2.0691,219.8,-334.5,0.0000,279.9,-280.4,-0.0710,119.2,377.8,0,0.0,0.0,0.0000,5.98,-9.47,-4.82,9.97
1.0191,1.0107,8.4,0,-474.3,249.7,-2.0382,-487.6,281.5,-2.0691,219.9,-334.5,0.0000,268.7,-267.3,-0.1239,117.5,360.3,0,0.0,0.0,0.0000,5.56,-9.08,-4.84,9.30
1.0269,1.0107,16.2,0,-474.3,249.7,-2.0382,-487.6,281.5,-2.0691,219.9,-334.5,0.0000,259.2,-254.9,-0.1239,110.8,346.2,0,0.0,0.0,0.0000,5.40,-8.57,-5.22,8.14
1.0351,1.0107,24.4,0,-474.3,249.7,-2.0382,-487.6,281.5,-2.0691,219.9,-334.5,0.0000,250.7,-240.9,-0.1239,102.1,332.3,0,0.0,0.0,0.0000,5.70,-9.18,-5.68,5.22
1.0428,1.0107,32.1,0,-474.3,249.7,-2.0382,-487.6,281.5,-2.0691,219.9,-334.5,0.0000,251.1,-232.6,-0.1239,94.5,329.0,0,0.0,0.0,0.0000,5.34,-10.65,-5.51,6.52
1.0512,1.0107,40.4,0,-474.3,249.7,-2.0382,-487.6,281.5,-2.0691,219.9,-334.5,0.0000,260.2,-237.5,-0.1239,94.8,339.3,0,0.0,0.0,0.0000,5.00,-9.77,-5.57,7.79
1.0589,1.0107,48.2,0,-474.3,249.7,-2.0382,-487.6,281.5,-2.0691,219.9,-334.5,0.0000,268.6,-242.1,-0.1239,95.1,348.9,0,0.0,0.0,0.0000,5.14,-9.30,-5.27,8.58
1.0669,1.0107,56.2,0,-474.3,249.7,-2.0382,-487.6,281.5,-2.0691,219.9,-334.5,0.0000,277.7,-246.5,-0.1239,94.9,359.0,0,0.0,0.0,0.0000,4.94,-9.60,-5.80,8.47
1.0753,1.0107,64.5,0,-474.3,249.7,-2.0382,-487.6,281.5,-2.0691,219.9,-334.5,0.0000,287.2,-250.9,-0.1239,94.6,369.5,0,0.0,0.0,0.0000,5.06,-9.89,-6.10,8.49
1.0824,1.0107,71.6,0,-474.3,249.7,-2.0382,-487.6,281.5,-2.0691,219.9,-334.5,0.0000,295.2,-255.0,-0.1239,94.7,378.4,0,0.0,0.0,0.0000,4.76,-9.96,-6.13,8.35
1.0911,1.0107,80.4,0,-474.3,249.7,-2.0382,-487.6,281.5,-2.0691,219.9,-334.5,0.0000,305.3,-259.9,-0.1239,94.5,389.6,0,0.0,0.0,0.0000,3.87,-9.12,-5.86,8.29
1.0991,1.0107,88.3,0,-474.3,249.7,-2.0382,-487.6,281.5,-2.0691,219.9,-334.5,0.0000,313.8,-264.4,-0.1239,94.6,399.3,0,0.0,0.0,0.0000,3.83,-9.38,-5.93,7.98
1.1071,1.0107,96.3,0,-474.3,249.7,-2.0382,-487.6,281.5,-2.0691,219.9,-334.5,0.0000,322.5,-269.0,-0.1239,94.8,409.1,0,0.0,0.0,0.0000,4.19,-9.79,-6.44,7.78
1.1145,1.1112,3.3,0,-444.7,227.4,-1.9918,-463.3,249.5,-2.0691,262.8,-301.4,0.0000,310.9,-259.7,-0.3093,110.0,389.9,0,0.0,0.0,0.0000,3.88,-9.76,-6.29,7.87
1.1229,1.1112,11.7,0,-444.7,227.4,-1.9918,-463.3,249.5,-2.0691,262.8,-301.4,0.0000,298.3,-248.6,-0.3093,105.0,373.9,0,0.0,0.0,0.0000,4.54,-9.72,-6.60,7.23
1.1310,1.1112,19.8,0,-444.7,227.4,-1.9918,-463.3,249.5,-2.0691,262.8,-301.4,0.0000,286.6,-237.2,-0.3093,99.4,358.6,0,0.0,0.0,0.0000,4.28,-9.91,-6.99,7.24
1.1386,1.1112,27.3,0,-444.7,227.4,-1.9918,-463.3,249.5,-2.0691,262.8,-301.4,0.0000,277.3,-225.5,-0.3093,92.5,345.2,0,0.0,0.0,0.0000,4.02,-10.84,-7.23,7.34
1.1466,1.1112,35.4,0,-444.7,227.4,-1.9918,-463.3,249.5,-2.0691,262.8,-301.4,0.0000,280.3,-221.0,-0.3093,87.1,346.1,0,0.0,0.0,0.0000,3.93,-10.14,-7.09,7.18
1.1550,1.1112,43.8,0,-444.7,227.4,-1.9918,-463.3,249.5,-2.0691,262.8,-301.4,0.0000,290.1,-224.4,-0.3093,86.2,356.5,0,0.0,0.0,0.0000,4.42,-10.60,-7.55,7.33
1.1633,1.1112,52.1,0,-444.7,227.4,-1.9918,-463.3,249.5,-2.0691,262.8,-301.4,0.0000,299.7,-228.2,-0.3093,85.8,366.8,0,0.0,0.0,0.0000,3.43,-10.41,-8.04,7.67
1.1709,1.1112,59.7,0,-444.7,227.4,-1.9918,-463.3,249.5,-2.0691,262.8,-301.4,0.0000,308.4,-231.5,-0.3093,85.2,376.1,0,0.0,0.0,0.0000,3.77,-10.71,-8.04,7.45
1.1790,1.1112,67.8,0,-444.7,227.4,-1.9918,-463.3,249.5,-2.0691,262.8,-301.4,0.0000,318.4,-234.8,-0.3093,84.1,386.6,0,0.0,0.0,0.0000,3.45,-10.99,-7.55,7.38
1.1864,1.1112,75.2,0,-444.7,227.4,-1.9918,-463.3,249.5,-2.0691,262.8,-301.4,0.0000,327.8,-237.8,-0.3093,83.0,396.3,0,0.0,0.0,0.0000,4.44,-11.21,-7.03,7.72
1.1946,1.1112,83.4,0,-444.7,227.4,-1.9918,-463.3,249.5,-2.0691,262.8,-301.4,0.0000,337.1,-241.0,-0.3093,82.1,406.2,0,0.0,0.0,0.0000,4.23,-10.97,-7.19,7.68
1.2024,1.1112,91.2,0,-444.7,227.4,-1.9918,-463.3,249.5,-2.0691,262.8,-301.4,0.0000,346.1,-244.0,-0.3093,81.2,415.6,0,0.0,0.0,0.0000,4.09,-10.40,-7.80,7.14
1.2106,1.2106,0.1,0,-418.1,211.3,-2.0001,-435.3,221.3,-2.0691,300.9,-263.8,-0.0000,332.4,-235.0,-0.2762,75.3,400.1,0,0.0,0.0,0.0000,4.01,-10.70,-5.76,6.85
1.2193,1.2106,8.7,0,-418.1,211.3,-2.0001,-435.3,221.3,-2.0691,300.9,-263.8,-0.0000,318.6,-224.7,-0.2762,71.7,383.2,0,0.0,0.0,0.0000,4.01,-11.83,-4.50,7.07
1.2264,1.2106,15.8,0,-418.1,211.3,-2.0001,-435.3,221.3,-2.0691,300.9,-263.8,-0.0000,308.0,-215.0,-0.2762,67.3,369.6,0,0.0,0.0,0.0000,3.66,-12.55,-6.75,7.76
1.2350,1.2106,24.4,0,-418.1,211.3,-2.0001,-435.3,221.3,-2.0691,300.9,-263.8,-0.0000,306.1,-206.2,-0.2762,60.1,364.2,0,0.0,0.0,0.0000,3.64,-11.78,-7.90,7.49
1.2431,1.2106,32.6,0,-418.1,211.3,-2.0001,-435.3,221.3,-2.0691,300.9,-263.8,-0.0000,316.0,-209.0,-0.2762,58.5,374.3,0,0.0,0.0,0.0000,3.17,-10.62,-7.60,7.79
1.2505,1.2106,39.9,0,-418.1,211.3,-2.0001,-435.3,221.3,-2.0691,300.9,-263.8,-0.0000,324.9,-211.3,-0.2762,56.9,383.4,0,0.0,0.0,0.0000,4.51,-11.22,-8.49,7.63
1.2585,1.2106,47.9,0,-418.1,211.3,-2.0001,-435.3,221.3,-2.0691,300.9,-263.8,-0.0000,334.7,-213.8,-0.2762,55.1,393.3,0,0.0,0.0,0.0000,4.89,-11.59,-9.28,6.92
1.2670,1.2106,56.5,0,-418.1,211.3,-2.0001,-435.3,221.3,-2.0691,300.9,-263.8,-0.0000,345.2,-216.5,-0.2762,53.1,404.0,0,0.0,0.0,0.0000,4.92,-12.52,-8.53,7.52
1.2752,1.2106,64.7,0,-418.1,211.3,-2.0001,-435.3,221.3,-2.0691,300.9,-263.8,-0.0000,355.2,-218.3,-0.2762,50.7,413.9,0,0.0,0.0,0.0000,4.38,-11.66,-8.72,7.48
1.2827,1.2106,72.1,0,-418.1,211.3,-2.0001,-435.3,221.3,-2.0691,300.9,-263.8,-0.0000,364.4,-220.1,-0.2762,48.5,422.9,0,0.0,0.0,0.0000,4.19,-10.83,-8.27,8.17
1.2913,1.2106,80.8,0,-418.1,211.3,-2.0001,-435.3,221.3,-2.0691,300.9,-263.8,-0.0000,375.3,-221.6,-0.2762,45.3,433.5,0,0.0,0.0,0.0000,4.48,-11.34,-8.18,7.99
1.2983,1.2106,87.7,0,-418.1,211.3,-2.0001,-435.3,221.3,-2.0691,300.9,-263.8,-0.0000,384.2,-222.7,-0.2762,42.6,442.0,0,0.0,0.0,0.0000,4.87,-11.88,-8.57,7.81
1.3072,1.2106,96.7,0,-418.1,211.3,-2.0001,-435.3,221.3,-2.0691,300.9,-263.8,-0.0000,394.8,-224.6,-0.2762,39.9,452.5,0,0.0,0.0,0.0000,4.50,-11.19,-8.93,7.99
1.3144,1.2106,103.9,0,-418.1,211.3,-2.0001,-435.3,221.3,-2.0691,300.9,-263.8,-0.0000,403.4,-225.9,-0.2762,37.5,460.8,0,0.0,0.0,0.0000,4.48,-11.33,-8.52,7.98
1.3227,1.3162,6.5,0,-389.4,190.8,-2.0320,-401.7,195.7,-2.0691,334.5,-219.2,-0.0000,390.4,-215.7,-0.1486,19.5,445.6,0,0.0,0.0,0.0000,5.45,-12.01,-8.74,8.10
1.3304,1.3162,14.2,0,-389.4,190.8,-2.0320,-401.7,195.7,-2.0691,334.5,-219.2,-0.0000,378.8,-205.4,-0.1486,15.4,430.7,0,0.0,0.0,0.0000,7.88,-11.75,-8.33,8.60
1.3389,1.3162,22.7,0,-389.4,190.8,-2.0320,-401.7,195.7,-2.0691,334.5,-219.2,-0.0000,367.9,-192.4,-0.1486,8.6,415.1,0,0.0,0.0,0.0000,7.97,-11.27,-8.14,8.42
1.3465,1.3162,30.3,0,-389.4,190.8,-2.0320,-401.7,195.7,-2.0691,334.5,-219.2,-0.0000,362.0,-178.4,-0.1486,-1.3,403.6,0,0.0,0.0,0.0000,5.96,-11.36,-8.20,8.01
1.3552,1.3162,39.0,0,-389.4,190.8,-2.0320,-401.7,195.7,-2.0691,334.5,-219.2,-0.0000,368.9,-170.7,-0.1486,-11.3,406.3,0,0.0,0.0,0.0000,6.57,-11.63,-8.85,8.18
1.3624,1.3162,46.2,0,-389.4,190.8,-2.0320,-401.7,195.7,-2.0691,334.5,-219.2,-0.0000,377.8,-171.7,-0.1486,-14.4,414.7,0,0.0,0.0,0.0000,7.18,-12.26,-9.63,8.49
1.3704,1.3162,54.1,0,-389.4,190.8,-2.0320,-401.7,195.7,-2.0691,334.5,-219.2,-0.0000,387.8,-172.7,-0.1486,-17.9,424.1,0,0.0,0.0,0.0000,8.05,-11.68,-9.16,8.58
1.3791,1.3162,62.8,0,-389.4,190.8,-2.0320,-401.7,195.7,-2.0691,334.5,-219.2,-0.0000,398.8,-173.7,-0.1486,-21.9,434.4,0,0.0,0.0,0.0000,6.52,-10.60,-8.85,8.51
1.3867,1.3162,70.4,0,-389.4,190.8,-2.0320,-401.7,195.7,-2.0691,334.5,-219.2,-0.0000,408.1,-174.3,-0.1486,-25.5,443.0,0,0.0,0.0,0.0000,6.52,-11.39,-9.82,7.23
1.3950,1.3162,78.7,0,-389.4,190.8,-2.0320,-401.7,195.7,-2.0691,334.5,-219.2,-0.0000,418.3,-175.0,-0.1486,-29.4,452.5,0,0.0,0.0,0.0000,5.75,-11.45,-11.04,8.49
1.4031,1.3162,86.9,0,-389.4,190.8,-2.0320,-401.7,195.7,-2.0691,334.5,-219.2,-0.0000,428.8,-174.8,-0.1486,-34.3,461.8,0,0.0,0.0,0.0000,6.60,-11.04,-10.45,8.52
1.4105,1.3162,94.2,0,-389.4,190.8,-2.0320,-401.7,195.7,-2.0691,334.5,-219.2,-0.0000,438.4,-174.4,-0.1486,-38.9,470.2,0,0.0,0.0,0.0000,7.27,-11.24,-9.68,8.56
1.4187,1.3162,102.5,0,-389.4,190.8,-2.0320,-401.7,195.7,-2.0691,334.5,-219.2,-0.0000,448.5,-175.2,-0.1486,-42.7,479.6,0,0.0,0.0,0.0000,7.31,-10.36,-9.35,8.18
1.4268,1.4204,6.4,0,-356.1,168.5,-2.0549,-365.4,175.4,-2.0691,361.7,-172.0,-0.0000,435.5,-165.6,-0.0571,-56.1,462.5,0,0.0,0.0,0.0000,8.26,-10.42,-10.25,8.21
1.4345,1.4204,14.0,0,-356.1,168.5,-2.0549,-365.4,175.4,-2.0691,361.7,-172.0,-0.0000,423.8,-155.8,-0.0571,-59.4,447.6,0,0.0,0.0,0.0000,8.05,-10.75,-10.51,8.33
1.4431,1.4204,22.7,0,-356.1,168.5,-2.0549,-365.4,175.4,-2.0691,361.7,-172.0,-0.0000,412.0,-143.2,-0.0571,-65.0,431.3,0,0.0,0.0,0.0000,7.60,-10.62,-10.26,8.25
1.4504,1.4204,30.0,0,-356.1,168.5,-2.0549,-365.4,175.4,-2.0691,361.7,-172.0,-0.0000,403.9,-131.1,-0.0571,-72.0,418.5,0,0.0,0.0,0.0000,7.47,-11.60,-10.74,8.16
1.4588,1.4204,38.4,0,-356.1,168.5,-2.0549,-365.4,175.4,-2.0691,361.7,-172.0,-0.0000,400.4,-114.6,-0.0571,-84.9,407.8,0,0.0,0.0,0.0000,8.64,-10.73,-10.78,8.10
1.4670,1.4204,46.5,0,-356.1,168.5,-2.0549,-365.4,175.4,-2.0691,361.7,-172.0,-0.0000,409.4,-106.8,-0.0571,-96.0,412.1,0,0.0,0.0,0.0000,9.29,-11.12,-10.99,7.88
1.4743,1.4204,53.9,0,-356.1,168.5,-2.0549,-365.4,175.4,-2.0691,361.7,-172.0,-0.0000,419.1,-106.6,-0.0571,-100.7,420.6,0,0.0,0.0,0.0000,9.47,-6.94,-11.32,8.54
1.4833,1.4204,62.9,0,-356.1,168.5,-2.0549,-365.4,175.4,-2.0691,361.7,-172.0,-0.0000,429.5,-105.8,-0.0571,-106.2,429.4,0,0.0,0.0,0.0000,9.20,-6.32,-10.58,8.80
1.4909,1.4204,70.5,0,-356.1,168.5,-2.0549,-365.4,175.4,-2.0691,361.7,-172.0,-0.0000,438.2,-105.2,-0.0571,-110.8,436.8,0,0.0,0.0,0.0000,9.82,-9.20,-10.54,7.69
1.4992,1.4204,78.8,0,-356.1,168.5,-2.0549,-365.4,175.4,-2.0691,361.7,-172.0,-0.0000,449.4,-104.2,-0.0571,-116.9,446.3,0,0.0,0.0,0.0000,9.70,-10.18,-11.29,7.35
1.5073,1.4204,86.9,0,-356.1,168.5,-2.0549,-365.4,175.4,-2.0691,361.7,-172.0,-0.0000,460.4,-103.3,-0.0571,-122.9,455.6,0,0.0,0.0,0.0000,9.21,-9.67,-11.06,7.24
1.5154,1.4204,95.0,0,-356.1,168.5,-2.0549,-365.4,175.4,-2.0691,361.7,-172.0,-0.0000,470.1,-101.5,-0.0571,-128.9,463.4,0,0.0,0.0,0.0000,10.78,-9.84,-12.21,7.00
1.5227,1.5193,3.4,0,-323.4,150.3,-2.0462,-328.7,160.9,-2.0691,380.8,-122.3,-0.0000,457.8,-93.8,-0.0917,-126.2,449.9,0,0.0,0.0,0.0000,11.74,-9.50,-13.01,6.12
1.5309,1.5193,11.6,0,-323.4,150.3,-2.0462,-328.7,160.9,-2.0691,380.8,-122.3,-0.0000,444.6,-84.0,-0.0917,-128.8,433.8,0,0.0,0.0,0.0000,10.85,-9.38,-13.07,5.75
1.5385,1.5193,19.2,0,-323.4,150.3,-2.0462,-328.7,160.9,-2.0691,380.8,-122.3,-0.0000,433.4,-73.7,-0.0917,-132.8,419.1,0,0.0,0.0,0.0000,10.14,-9.41,-13.93,5.85
1.5471,1.5193,27.8,0,-323.4,150.3,-2.0462,-328.7,160.9,-2.0691,380.8,-122.3,-0.0000,423.5,-59.7,-0.0917,-140.7,403.8,0,0.0,0.0,0.0000,10.89,-8.89,-13.43,6.00
1.5543,1.5193,35.0,0,-323.4,150.3,-2.0462,-328.7,160.9,-2.0691,380.8,-122.3,-0.0000,420.3,-45.7,-0.0917,-151.8,394.6,0,0.0,0.0,0.0000,11.57,-8.93,-13.20,5.79
1.5628,1.5193,43.5,0,-323.4,150.3,-2.0462,-328.7,160.9,-2.0691,380.8,-122.3,-0.0000,430.2,-38.2,-0.0917,-162.9,400.0,0,0.0,0.0,0.0000,12.21,-8.70,-13.73,4.85
1.5705,1.5193,51.2,0,-323.4,150.3,-2.0462,-328.7,160.9,-2.0691,380.8,-122.3,-0.0000,440.3,-36.2,-0.0917,-169.3,408.1,0,0.0,0.0,0.0000,13.08,-8.10,-14.18,4.73
1.5789,1.5193,59.7,0,-323.4,150.3,-2.0462,-328.7,160.9,-2.0691,380.8,-122.3,-0.0000,450.4,-33.9,-0.0917,-176.0,415.9,0,0.0,0.0,0.0000,13.38,-8.07,-14.47,5.13
1.5865,1.5193,67.3,0,-323.4,150.3,-2.0462,-328.7,160.9,-2.0691,380.8,-122.3,-0.0000,459.5,-31.6,-0.0917,-182.2,423.0,0,0.0,0.0,0.0000,12.65,-8.04,-13.70,4.64
1.5951,1.5193,75.8,0,-323.4,150.3,-2.0462,-328.7,160.9,-2.0691,380.8,-122.3,-0.0000,470.0,-29.5,-0.0917,-188.9,431.4,0,0.0,0.0,0.0000,12.55,-7.85,-14.89,4.48
1.6026,1.5193,83.3,0,-323.4,150.3,-2.0462,-328.7,160.9,-2.0691,380.8,-122.3,-0.0000,479.3,-27.6,-0.0917,-194.9,438.7,0,0.0,0.0,0.0000,14.18,-8.16,-13.84,4.53
1.6109,1.5193,91.6,0,-323.4,150.3,-2.0462,-328.7,160.9,-2.0691,380.8,-122.3,-0.0000,489.4,-25.3,-0.0917,-201.5,446.7,0,0.0,0.0,0.0000,14.85,-8.10,-14.24,4.23
1.6185,1.5193,99.2,0,-323.4,150.3,-2.0462,-328.7,160.9,-2.0691,380.8,-122.3,-0.0000,498.9,-23.3,-0.0917,-207.7,454.2,0,0.0,0.0,0.0000,13.84,-7.87,-16.42,3.52
1.6264,1.6252,1.2,0,-276.4,139.5,-2.0270,-287.5,150.8,-2.0691,394.4,-67.4,0.0000,483.6,-19.2,-0.1685,-195.9,442.6,0,0.0,0.0,0.0000,15.92,-7.41,-17.78,3.07
1.6348,1.6252,9.6,0,-276.4,139.5,-2.0270,-287.5,150.8,-2.0691,394.4,-67.4,0.0000,467.6,-14.0,-0.1685,-193.5,425.9,0,0.0,0.0,0.0000,18.71,-7.17,-20.00,2.87
1.6432,1.6252,18.0,0,-276.4,139.5,-2.0270,-287.5,150.8,-2.0691,394.4,-67.4,0.0000,452.0,-7.7,-0.1685,-192.2,409.1,0,0.0,0.0,0.0000,15.19,-7.28,-17.79,3.18
1.6506,1.6252,25.4,0,-276.4,139.5,-2.0270,-287.5,150.8,-2.0691,394.4,-67.4,0.0000,438.8,-0.9,-0.1685,-192.5,394.3,0,0.0,0.0,0.0000,13.88,-7.02,-15.86,3.44
1.6594,1.6252,34.2,0,-276.4,139.5,-2.0270,-287.5,150.8,-2.0691,394.4,-67.4,0.0000,425.0,9.9,-0.1685,-196.2,377.2,0,0.0,0.0,0.0000,15.46,-6.26,-16.34,3.05
1.6669,1.6252,41.7,0,-276.4,139.5,-2.0270,-287.5,150.8,-2.0691,394.4,-67.4,0.0000,418.1,23.2,-0.1685,-205.0,365.1,0,0.0,0.0,0.0000,15.20,-6.45,-17.18,2.57
1.6754,1.6252,50.2,0,-276.4,139.5,-2.0270,-287.5,150.8,-2.0691,394.4,-67.4,0.0000,426.1,30.5,-0.1685,-215.1,369.1,0,0.0,0.0,0.0000,14.35,-6.63,-16.52,2.04
1.6829,1.6252,57.7,0,-276.4,139.5,-2.0270,-287.5,150.8,-2.0691,394.4,-67.4,0.0000,434.8,33.7,-0.1685,-221.8,375.5,0,0.0,0.0,0.0000,14.28,-7.01,-15.57,2.25
1.6913,1.6252,66.1,0,-276.4,139.5,-2.0270,-287.5,150.8,-2.0691,394.4,-67.4,0.0000,445.2,37.2,-0.1685,-229.5,383.2,0,0.0,0.0,0.0000,13.90,-5.83,-14.83,2.15
1.6987,1.6252,73.5,0,-276.4,139.5,-2.0270,-287.5,150.8,-2.0691,394.4,-67.4,0.0000,454.4,40.4,-0.1685,-236.5,390.1,0,0.0,0.0,0.0000,13.23,-5.42,-15.06,1.78
1.7072,1.6252,82.0,0,-276.4,139.5,-2.0270,-287.5,150.8,-2.0691,394.4,-67.4,0.0000,463.8,44.2,-0.1685,-244.0,396.9,0,0.0,0.0,0.0000,15.95,-5.23,-16.44,1.61
1.7149,1.6252,89.8,0,-276.4,139.5,-2.0270,-287.5,150.8,-2.0691,394.4,-67.4,0.0000,472.4,47.8,-0.1685,-251.1,403.0,0,0.0,0.0,0.0000,16.11,-4.67,-15.94,0.69
1.7231,1.6252,97.9,0,-276.4,139.5,-2.0270,-287.5,150.8,-2.0691,394.4,-67.4,0.0000,481.9,51.5,-0.1685,-258.6,410.0,0,0.0,0.0,0.0000,15.25,-4.39,-16.60,0.30
1.7303,1.7236,6.7,0,-232.9,136.9,-2.0089,-248.4,146.8,-2.0691,399.4,-14.6,-0.0000,467.4,52.8,-0.2411,-246.1,400.9,0,0.0,0.0,0.0000,14.76,-4.57,-16.25,0.56
1.7384,1.7236,14.7,0,-232.9,136.9,-2.0089,-248.4,146.8,-2.0691,399.4,-14.6,-0.0000,451.6,55.1,-0.2411,-241.5,385.5,0,0.0,0.0,0.0000,10.95,-4.23,-0.97,0.73
1.7467,1.7236,23.1,0,-232.9,136.9,-2.0089,-248.4,146.8,-2.0691,399.4,-14.6,-0.0000,435.3,59.0,-0.2411,-238.1,369.2,0,0.0,0.0,0.0000,10.70,-4.57,-8.42,0.56
1.7556,1.7236,31.9,0,-232.9,136.9,-2.0089,-248.4,146.8,-2.0691,399.4,-14.6,-0.0000,418.8,65.2,-0.2411,-236.7,351.6,0,0.0,0.0,0.0000,13.88,-4.27,-21.41,-0.22
1.7628,1.7236,39.2,0,-232.9,136.9,-2.0089,-248.4,146.8,-2.0691,399.4,-14.6,-0.0000,406.8,73.4,-0.2411,-239.0,337.3,0,0.0,0.0,0.0000,15.22,-3.95,-20.62,-0.79
1.7711,1.7236,47.5,0,-232.9,136.9,-2.0089,-248.4,146.8,-2.0691,399.4,-14.6,-0.0000,406.6,84.6,-0.2411,-249.1,332.3,0,0.0,0.0,0.0000,15.11,-3.80,-19.00,-0.76
1.7784,1.7236,54.8,0,-232.9,136.9,-2.0089,-248.4,146.8,-2.0691,399.4,-14.6,-0.0000,414.5,88.8,-0.2411,-256.3,337.6,0,0.0,0.0,0.0000,15.24,-3.56,-17.62,-1.21
1.7875,1.7236,63.8,0,-232.9,136.9,-2.0089,-248.4,146.8,-2.0691,399.4,-14.6,-0.0000,424.8,94.0,-0.2411,-265.4,344.8,0,0.0,0.0,0.0000,15.94,-3.59,-16.98,-1.34
1.7947,1.7236,71.1,0,-232.9,136.9,-2.0089,-248.4,146.8,-2.0691,399.4,-14.6,-0.0000,433.1,98.3,-0.2411,-272.7,350.5,0,0.0,0.0,0.0000,15.16,-3.08,-16.62,-1.38
1.8024,1.7236,78.7,0,-232.9,136.9,-2.0089,-248.4,146.8,-2.0691,399.4,-14.6,-0.0000,441.4,103.1,-0.2411,-280.6,356.0,0,0.0,0.0,0.0000,15.00,-2.60,-17.20,-1.86
1.8111,1.7236,87.4,0,-232.9,136.9,-2.0089,-248.4,146.8,-2.0691,399.4,-14.6,-0.0000,450.8,108.7,-0.2411,-289.7,362.2,0,0.0,0.0,0.0000,15.05,-2.35,-17.20,-2.19
1.8194,1.7236,95.8,0,-232.9,136.9,-2.0089,-248.4,146.8,-2.0691,399.4,-14.6,-0.0000,460.1,113.5,-0.2411,-298.0,368.5,0,0.0,0.0,0.0000,15.36,-2.38,-17.03,-2.31
1.8272,1.7236,103.6,0,-232.9,136.9,-2.0089,-248.4,146.8,-2.0691,399.4,-14.6,-0.0000,468.8,118.2,-0.2411,-305.9,374.4,0,0.0,0.0,0.0000,15.91,-2.64,-17.44,-3.06
1.8350,1.8296,5.4,0,-181.3,144.1,-1.9979,-206.1,148.2,-2.0691,397.9,42.1,-0.0000,453.3,116.4,-0.2850,-293.7,364.3,0,0.0,0.0,0.0000,16.60,-2.08,-17.44,-3.01
1.8425,1.8296,12.9,0,-181.3,144.1,-1.9979,-206.1,148.2,-2.0691,397.9,42.1,-0.0000,438.4,115.2,-0.2850,-286.5,351.3,0,0.0,0.0,0.0000,15.30,-2.00,-16.69,-2.83
1.8504,1.8296,20.9,0,-181.3,144.1,-1.9979,-206.1,148.2,-2.0691,397.9,42.1,-0.0000,422.5,114.7,-0.2850,-279.4,337.0,0,0.0,0.0,0.0000,15.41,-2.07,-17.29,-3.45
1.8585,1.8296,29.0,0,-181.3,144.1,-1.9979,-206.1,148.2,-2.0691,397.9,42.1,-0.0000,406.3,115.4,-0.2850,-273.4,322.0,0,0.0,0.0,0.0000,15.72,-2.24,-18.14,-3.90
1.8665,1.8296,37.0,0,-181.3,144.1,-1.9979,-206.1,148.2,-2.0691,397.9,42.1,-0.0000,390.5,117.9,-0.2850,-269.0,306.6,0,0.0,0.0,0.0000,15.59,-2.58,-18.99,-3.93
1.8750,1.8296,45.5,0,-181.3,144.1,-1.9979,-206.1,148.2,-2.0691,397.9,42.1,-0.0000,374.8,124.5,-0.2850,-268.6,289.6,0,0.0,0.0,0.0000,16.17,-1.91,-17.48,-3.81
1.8832,1.8296,53.6,0,-181.3,144.1,-1.9979,-206.1,148.2,-2.0691,397.9,42.1,-0.0000,372.6,135.0,-0.2850,-277.2,283.2,0,0.0,0.0,0.0000,16.48,-1.75,-17.20,-3.86
1.8905,1.8296,61.0,0,-181.3,144.1,-1.9979,-206.1,148.2,-2.0691,397.9,42.1,-0.0000,380.4,140.4,-0.2850,-285.3,288.1,0,0.0,0.0,0.0000,15.85,-2.26,-16.95,-3.92
1.8990,1.8296,69.4,0,-181.3,144.1,-1.9979,-206.1,148.2,-2.0691,397.9,42.1,-0.0000,389.1,146.2,-0.2850,-294.3,293.6,0,0.0,0.0,0.0000,15.47,-1.42,-18.34,-4.29
1.9070,1.8296,77.4,0,-181.3,144.1,-1.9979,-206.1,148.2,-2.0691,397.9,42.1,-0.0000,397.5,151.8,-0.2850,-302.9,298.9,0,0.0,0.0,0.0000,15.01,-0.70,-17.60,-3.89
1.9148,1.8296,85.2,0,-181.3,144.1,-1.9979,-206.1,148.2,-2.0691,397.9,42.1,-0.0000,405.1,158.3,-0.2850,-311.9,303.2,0,0.0,0.0,0.0000,14.89,-1.30,-17.18,-3.73
1.9224,1.8296,92.8,0,-181.3,144.1,-1.9979,-206.1,148.2,-2.0691,397.9,42.1,-0.0000,412.6,164.6,-0.2850,-320.7,307.3,0,0.0,0.0,0.0000,15.75,-0.85,-17.11,-3.72
1.9303,1.9289,1.4,0,-135.1,157.0,-2.0360,-167.0,154.9,-2.0691,389.1,93.1,-0.0000,397.2,160.8,-0.1327,-321.9,282.9,0,0.0,0.0,0.0000,16.20,-0.99,-17.87,-3.62
1.9386,1.9289,9.7,0,-135.1,157.0,-2.0360,-167.0,154.9,-2.0691,389.1,93.1,-0.0000,381.0,157.3,-0.1327,-311.5,269.9,0,0.0,0.0,0.0000,16.06,-0.60,-17.76,-4.09
1.9471,1.9289,18.2,0,-135.1,157.0,-2.0360,-167.0,154.9,-2.0691,389.1,93.1,-0.0000,364.3,154.8,-0.1327,-301.8,256.1,0,0.0,0.0,0.0000,15.73,-0.28,-17.68,-4.81
1.9545,1.9289,25.6,0,-135.1,157.0,-2.0360,-167.0,154.9,-2.0691,389.1,93.1,-0.0000,349.5,153.8,-0.1327,-294.2,243.4,0,0.0,0.0,0.0000,14.85,-0.13,-17.20,-4.50
1.9629,1.9289,34.0,0,-135.1,157.0,-2.0360,-167.0,154.9,-2.0691,389.1,93.1,-0.0000,332.7,155.7,-0.1327,-288.3,227.5,0,0.0,0.0,0.0000,15.85,0.26,-16.40,-4.46
1.9714,1.9289,42.5,0,-135.1,157.0,-2.0360,-167.0,154.9,-2.0691,389.1,93.1,-0.0000,321.1,165.1,-0.1327,-291.6,213.0,0,0.0,0.0,0.0000,15.44,-0.04,-16.46,-4.31
1.9793,1.9289,50.4,0,-135.1,157.0,-2.0360,-167.0,154.9,-2.0691,389.1,93.1,-0.0000,328.1,172.1,-0.1327,-301.0,216.1,0,0.0,0.0,0.0000,15.56,0.65,-15.26,-3.68
1.9866,1.9289,57.7,0,-135.1,157.0,-2.0360,-167.0,154.9,-2.0691,389.1,93.1,-0.0000,334.7,178.8,-0.1327,-309.9,218.9,0,0.0,0.0,0.0000,14.90,0.99,-15.18,-4.11
1.9944,1.9289,65.5,0,-135.1,157.0,-2.0360,-167.0,154.9,-2.0691,389.1,93.1,-0.0000,342.0,185.0,-0.1327,-318.7,222.7,0,0.0,0.0,0.0000,14.80,1.02,-15.23,-4.19
2.0025,1.9289,73.6,0,-135.1,157.0,-2.0360,-167.0,154.9,-2.0691,389.1,93.1,-0.0000,349.4,191.4,-0.1327,-327.8,226.4,0,0.0,0.0,0.0000,15.14,1.09,-15.45,-4.12
2.0104,1.9289,81.5,0,-135.1,157.0,-2.0360,-167.0,154.9,-2.0691,389.1,93.1,-0.0000,356.9,198.3,-0.1327,-337.3,230.0,0,0.0,0.0,0.0000,15.13,1.52,-14.59,-4.19
2.0188,1.9289,89.9,0,-135.1,157.0,-2.0360,-167.0,154.9,-2.0691,389.1,93.1,-0.0000,364.9,205.5,-0.1327,-347.4,234.0,0,0.0,0.0,0.0000,15.04,2.19,-14.62,-4.11
2.0270,1.9289,98.1,0,-135.1,157.0,-2.0360,-167.0,154.9,-2.0691,389.1,93.1,-0.0000,371.5,213.4,-0.1327,-357.3,236.3,0,0.0,0.0,0.0000,14.40,1.23,-14.80,-3.85
2.0347,2.0347,0.1,0,-90.4,173.6,-2.0418,-126.7,167.6,-2.0691,372.0,146.9,0.0000,356.8,208.5,-0.1096,-347.7,223.4,0,0.0,0.0,0.0000,13.78,1.10,-13.36,-3.86
2.0427,2.0347,8.1,0,-90.4,173.6,-2.0418,-126.7,167.6,-2.0691,372.0,146.9,0.0000,341.5,204.1,-0.1096,-336.8,211.7,0,0.0,0.0,0.0000,14.71,1.85,-12.71,-3.37
2.0502,2.0347,15.5,0,-90.4,173.6,-2.0418,-126.7,167.6,-2.0691,372.0,146.9,0.0000,326.9,200.7,-0.1096,-327.2,200.2,0,0.0,0.0,0.0000,14.28,2.02,-13.69,-3.62
2.0588,2.0347,24.1,0,-90.4,173.6,-2.0418,-126.7,167.6,-2.0691,372.0,146.9,0.0000,309.9,198.6,-0.1096,-317.6,186.1,0,0.0,0.0,0.0000,13.93,2.43,-13.53,-4.35
2.0665,2.0347,31.8,0,-90.4,173.6,-2.0418,-126.7,167.6,-2.0691,372.0,146.9,0.0000,294.6,199.2,-0.1096,-311.1,172.1,0,0.0,0.0,0.0000,11.99,2.33,-12.79,-3.97
2.0749,2.0347,40.2,0,-90.4,173.6,-2.0418,-126.7,167.6,-2.0691,372.0,146.9,0.0000,279.7,207.0,-0.1096,-311.4,155.4,0,0.0,0.0,0.0000,14.46,2.11,-13.05,-3.94
2.0826,2.0347,47.9,0,-90.4,173.6,-2.0418,-126.7,167.6,-2.0691,372.0,146.9,0.0000,284.4,215.3,-0.1096,-320.9,155.7,0,0.0,0.0,0.0000,14.05,2.01,-12.38,-3.86
2.0908,2.0347,56.1,0,-90.4,173.6,-2.0418,-126.7,167.6,-2.0691,372.0,146.9,0.0000,290.8,223.4,-0.1096,-331.0,157.8,0,0.0,0.0,0.0000,14.23,2.94,-12.17,-4.76
2.0992,2.0347,64.5,0,-90.4,173.6,-2.0418,-126.7,167.6,-2.0691,372.0,146.9,0.0000,297.7,231.8,-0.1096,-341.6,160.1,0,0.0,0.0,0.0000,13.18,2.96,-12.25,-4.83
2.1065,2.0347,71.8,0,-90.4,173.6,-2.0418,-126.7,167.6,-2.0691,372.0,146.9,0.0000,303.0,239.0,-0.1096,-350.5,161.6,0,0.0,0.0,0.0000,12.92,2.66,-11.70,-4.89
2.1150,2.0347,80.3,0,-90.4,173.6,-2.0418,-126.7,167.6,-2.0691,372.0,146.9,0.0000,309.0,247.5,-0.1096,-360.8,163.1,0,0.0,0.0,0.0000,13.24,3.09,-12.00,-4.79
2.1231,2.0347,88.4,0,-90.4,173.6,-2.0418,-126.7,167.6,-2.0691,372.0,146.9,0.0000,315.6,255.4,-0.1096,-370.8,165.4,0,0.0,0.0,0.0000,11.88,3.25,-12.22,-4.64
2.1310,2.1309,0.1,0,-60.7,188.0,-2.0351,-91.9,184.1,-2.0691,349.9,193.7,-0.0000,301.1,249.2,-0.1361,-357.7,157.7,0,0.0,0.0,0.0000,11.88,3.29,-11.59,-4.37
2.1389,2.1320,6.9,0,-54.6,189.8,-2.0280,-91.5,184.3,-2.0691,349.6,194.1,0.0000,286.1,244.3,-0.1645,-345.5,148.8,0,0.0,0.0,0.0000,12.57,3.12,-11.87,-4.90
2.1466,2.1320,14.6,0,-54.6,189.8,-2.0280,-91.5,184.3,-2.0691,349.6,194.1,0.0000,271.0,241.2,-0.1645,-336.0,136.7,0,0.0,0.0,0.0000,11.53,3.24,-11.17,-4.79
2.1544,2.1320,22.4,0,-54.6,189.8,-2.0280,-91.5,184.3,-2.0691,349.6,194.1,0.0000,255.4,240.5,-0.1645,-328.6,123.0,0,0.0,0.0,0.0000,12.21,3.69,-6.80,-5.25
2.1627,2.1320,30.7,0,-54.6,189.8,-2.0280,-91.5,184.3,-2.0691,349.6,194.1,0.0000,240.0,246.7,-0.1645,-327.3,106.5,0,0.0,0.0,0.0000,12.83,4.00,-5.85,-5.48
2.1711,2.1320,39.1,0,-54.6,189.8,-2.0280,-91.5,184.3,-2.0691,349.6,194.1,0.0000,242.5,256.2,-0.1645,-337.0,104.5,0,0.0,0.0,0.0000,10.60,4.17,-12.88,-5.64
2.1788,2.1320,46.8,0,-54.6,189.8,-2.0280,-91.5,184.3,-2.0691,349.6,194.1,0.0000,248.1,263.5,-0.1645,-345.9,106.3,0,0.0,0.0,0.0000,6.71,4.13,-11.74,-5.99
2.1874,2.1320,55.4,0,-54.6,189.8,-2.0280,-91.5,184.3,-2.0691,349.6,194.1,0.0000,253.5,273.4,-0.1645,-357.2,106.7,0,0.0,0.0,0.0000,9.09,4.21,-11.51,-5.94
2.1948,2.1320,62.9,0,-54.6,189.8,-2.0280,-91.5,184.3,-2.0691,349.6,194.1,0.0000,258.1,281.9,-0.1645,-366.9,107.2,0,0.0,0.0,0.0000,10.77,4.40,-11.44,-6.01
2.2030,2.1320,71.1,0,-54.6,189.8,-2.0280,-91.5,184.3,-2.0691,349.6,194.1,0.0000,263.4,290.8,-0.1645,-377.2,108.0,0,0.0,0.0,0.0000,10.70,4.23,-10.88,-6.02
2.2106,2.1320,78.6,0,-54.6,189.8,-2.0280,-91.5,184.3,-2.0691,349.6,194.1,0.0000,268.1,299.1,-0.1645,-386.7,108.5,0,0.0,0.0,0.0000,11.49,4.67,-10.56,-6.75
2.2186,2.1320,86.6,0,-54.6,189.8,-2.0280,-91.5,184.3,-2.0691,349.6,194.1,0.0000,273.4,307.7,-0.1645,-396.8,109.5,0,0.0,0.0,0.0000,11.49,4.96,-11.71,-6.71
2.2270,2.1320,95.0,0,-54.6,189.8,-2.0280,-91.5,184.3,-2.0691,349.6,194.1,0.0000,279.1,317.1,-0.1645,-407.8,110.4,0,0.0,0.0,0.0000,10.98,5.04,-11.88,-6.71
2.2346,2.2346,0.1,0,-28.3,209.2,-2.0176,-57.1,206.6,-2.0691,320.2,240.7,0.0000,266.5,308.6,-0.2064,-393.4,107.0,0,0.0,0.0,0.0000,9.93,4.67,-11.27,-6.96
2.2431,2.2346,8.5,0,-28.3,209.2,-2.0176,-57.1,206.6,-2.0691,320.2,240.7,0.0000,251.8,300.2,-0.2064,-379.5,97.4,0,0.0,0.0,0.0000,10.92,4.85,-9.89,-7.03
2.2506,2.2346,16.0,0,-28.3,209.2,-2.0176,-57.1,206.6,-2.0691,320.2,240.7,0.0000,237.9,294.4,-0.2064,-368.3,87.4,0,0.0,0.0,0.0000,10.93,5.02,-10.30,-7.23
2.2589,2.2346,24.3,0,-28.3,209.2,-2.0176,-57.1,206.6,-2.0691,320.2,240.7,0.0000,221.4,294.2,-0.2064,-360.9,72.5,0,0.0,0.0,0.0000,9.93,4.67,-10.95,-7.24
2.2665,2.2346,31.9,0,-28.3,209.2,-2.0176,-57.1,206.6,-2.0691,320.2,240.7,0.0000,222.5,302.5,-0.2064,-369.0,69.9,0,0.0,0.0,0.0000,10.46,5.62,-11.06,-7.44
2.2748,2.2346,40.2,0,-28.3,209.2,-2.0176,-57.1,206.6,-2.0691,320.2,240.7,0.0000,226.5,311.8,-0.2064,-379.1,69.5,0,0.0,0.0,0.0000,9.81,6.04,-10.81,-7.94
2.2832,2.2346,48.6,0,-28.3,209.2,-2.0176,-57.1,206.6,-2.0691,320.2,240.7,0.0000,231.2,321.6,-0.2064,-389.9,69.5,0,0.0,0.0,0.0000,9.92,6.13,-10.35,-8.12
2.2912,2.2346,56.6,0,-28.3,209.2,-2.0176,-57.1,206.6,-2.0691,320.2,240.7,0.0000,235.4,331.0,-0.2064,-400.3,69.3,0,0.0,0.0,0.0000,10.89,6.32,-9.93,-8.63
2.2990,2.2346,64.5,0,-28.3,209.2,-2.0176,-57.1,206.6,-2.0691,320.2,240.7,0.0000,239.6,339.4,-0.2064,-409.6,69.4,0,0.0,0.0,0.0000,8.37,6.82,-9.89,-9.57
2.3071,2.2346,72.5,0,-28.3,209.2,-2.0176,-57.1,206.6,-2.0691,320.2,240.7,0.0000,243.8,348.0,-0.2064,-419.2,69.5,0,0.0,0.0,0.0000,10.80,6.32,-11.33,-9.35
2.3153,2.2346,80.7,0,-28.3,209.2,-2.0176,-57.1,206.6,-2.0691,320.2,240.7,0.0000,247.3,358.4,-0.2064,-430.1,68.2,0,0.0,0.0,0.0000,11.15,6.28,-11.24,-9.14
2.3229,2.2346,88.3,0,-28.3,209.2,-2.0176,-57.1,206.6,-2.0691,320.2,240.7,0.0000,250.6,368.1,-0.2064,-440.2,66.9,0,0.0,0.0,0.0000,10.25,6.06,-10.37,-9.07
2.3311,2.2346,96.5,0,-28.3,209.2,-2.0176,-57.1,206.6,-2.0691,320.2,240.7,0.0000,254.3,377.2,-0.2064,-450.0,66.4,0,0.0,0.0,0.0000,10.21,6.33,-9.89,-9.75
2.3388,2.2346,104.2,0,-28.3,209.2,-2.0176,-57.1,206.6,-2.0691,320.2,240.7,0.0000,257.8,386.1,-0.2064,-459.6,65.7,0,0.0,0.0,0.0000,10.40,6.06,-10.49,-9.72
2.3465,2.3402,6.2,0,-7.6,234.3,-2.0131,-25.2,234.2,-2.0691,283.5,282.7,0.0000,247.7,374.7,-0.2241,-444.7,63.4,0,0.0,0.0,0.0000,9.39,7.29,-10.43,-10.37
2.3553,2.3402,15.1,0,-7.6,234.3,-2.0131,-25.2,234.2,-2.0691,283.5,282.7,0.0000,235.1,362.2,-0.2241,-428.0,57.4,0,0.0,0.0,0.0000,10.36,7.05,-10.32,-10.85
2.3624,2.3402,22.2,0,-7.6,234.3,-2.0131,-25.2,234.2,-2.0691,283.5,282.7,0.0000,224.0,353.5,-0.2241,-415.3,51.2,0,0.0,0.0,0.0000,10.39,7.27,-10.06,-10.91
2.3703,2.3402,30.1,0,-7.6,234.3,-2.0131,-25.2,234.2,-2.0691,283.5,282.7,0.0000,208.9,349.0,-0.2241,-404.8,39.4,0,0.0,0.0,0.0000,10.43,8.34,-10.93,-12.03
2.3787,2.3402,38.4,0,-7.6,234.3,-2.0131,-25.2,234.2,-2.0691,283.5,282.7,0.0000,211.7,358.8,-0.2241,-414.9,37.8,0,0.0,0.0,0.0000,11.65,8.93,-10.90,-12.03
2.3869,2.3402,46.7,0,-7.6,234.3,-2.0131,-25.2,234.2,-2.0691,283.5,282.7,0.0000,214.4,368.6,-0.2241,-424.9,36.0,0,0.0,0.0,0.0000,11.65,11.19,-10.87,-11.95
2.3944,2.3402,54.2,0,-7.6,234.3,-2.0131,-25.2,234.2,-2.0691,283.5,282.7,0.0000,217.5,377.3,-0.2241,-434.0,35.0,0,0.0,0.0,0.0000,10.41,12.99,-10.89,-11.83
2.4027,2.3402,62.4,0,-7.6,234.3,-2.0131,-25.2,234.2,-2.0691,283.5,282.7,0.0000,220.9,386.8,-0.2241,-444.1,34.0,0,0.0,0.0,0.0000,10.21,11.23,-10.48,-11.72
2.4112,2.3402,71.0,0,-7.6,234.3,-2.0131,-25.2,234.2,-2.0691,283.5,282.7,0.0000,223.4,397.3,-0.2241,-454.7,31.8,0,0.0,0.0,0.0000,11.08,9.54,-10.85,-11.53
2.4190,2.3402,78.8,0,-7.6,234.3,-2.0131,-25.2,234.2,-2.0691,283.5,282.7,0.0000,225.7,406.7,-0.2241,-464.2,29.9,0,0.0,0.0,0.0000,11.50,8.67,-11.56,-12.09
2.4272,2.3402,87.0,0,-7.6,234.3,-2.0131,-25.2,234.2,-2.0691,283.5,282.7,0.0000,227.9,417.4,-0.2241,-474.8,27.3,0,0.0,0.0,0.0000,11.40,8.56,-11.45,-12.44
2.4350,2.3402,94.7,0,-7.6,234.3,-2.0131,-25.2,234.2,-2.0691,283.5,282.7,0.0000,229.9,427.7,-0.2241,-485.0,24.7,0,0.0,0.0,0.0000,11.45,9.27,-11.49,-12.28
2.4431,2.4419,1.2,0,12.3,269.0,-2.0341,1.6,264.8,-2.0691,242.4,317.9,0.0000,221.5,413.7,-0.1403,-469.1,13.3,0,0.0,0.0,0.0000,11.36,9.35,-11.82,-12.76
2.4503,2.4419,8.3,0,12.3,269.0,-2.0341,1.6,264.8,-2.0691,242.4,317.9,0.0000,213.7,401.8,-0.1403,-454.9,11.7,0,0.0,0.0,0.0000,10.75,6.35,-12.47,-12.97
2.4593,2.4419,17.4,0,12.3,269.0,-2.0341,1.6,264.8,-2.0691,242.4,317.9,0.0000,203.0,387.3,-0.1403,-437.2,8.5,0,0.0,0.0,0.0000,11.92,8.10,-11.84,-13.41
2.4668,2.4419,24.9,0,12.3,269.0,-2.0341,1.6,264.8,-2.0691,242.4,317.9,0.0000,192.6,376.3,-0.1403,-422.7,4.2,0,0.0,0.0,0.0000,12.42,11.27,-12.18,-13.63
2.4750,2.4419,33.1,0,12.3,269.0,-2.0341,1.6,264.8,-2.0691,242.4,317.9,0.0000,180.6,371.9,-0.1403,-413.4,-4.6,0,0.0,0.0,0.0000,13.00,13.16,-12.08,-10.46
2.4825,2.4419,40.5,0,12.3,269.0,-2.0341,1.6,264.8,-2.0691,242.4,317.9,0.0000,182.1,381.2,-0.1403,-422.4,-7.4,0,0.0,0.0,0.0000,12.36,13.35,-11.67,-10.56
2.4910,2.4419,49.1,0,12.3,269.0,-2.0341,1.6,264.8,-2.0691,242.4,317.9,0.0000,183.7,392.0,-0.1403,-432.8,-10.8,0,0.0,0.0,0.0000,12.26,11.10,-12.71,-12.08
2.4985,2.4419,56.5,0,12.3,269.0,-2.0341,1.6,264.8,-2.0691,242.4,317.9,0.0000,185.1,401.5,-0.1403,-441.9,-13.8,0,0.0,0.0,0.0000,11.93,9.58,-12.56,-12.43
2.5065,2.4419,64.6,0,12.3,269.0,-2.0341,1.6,264.8,-2.0691,242.4,317.9,0.0000,186.3,411.4,-0.1403,-451.2,-17.2,0,0.0,0.0,0.0000,12.81,9.78,-12.25,-13.03
2.5153,2.4419,73.3,0,12.3,269.0,-2.0341,1.6,264.8,-2.0691,242.4,317.9,0.0000,187.4,422.3,-0.1403,-461.5,-21.1,0,0.0,0.0,0.0000,13.34,9.62,-12.13,-13.82
2.5233,2.4419,81.4,0,12.3,269.0,-2.0341,1.6,264.8,-2.0691,242.4,317.9,0.0000,189.1,432.0,-0.1403,-470.9,-23.9,0,0.0,0.0,0.0000,12.47,9.72,-12.92,-13.64
2.5308,2.4419,88.9,0,12.3,269.0,-2.0341,1.6,264.8,-2.0691,242.4,317.9,0.0000,190.7,441.2,-0.1403,-479.9,-26.6,0,0.0,0.0,0.0000,13.72,11.32,-12.82,-13.57
2.5389,2.4419,96.9,0,12.3,269.0,-2.0341,1.6,264.8,-2.0691,242.4,317.9,0.0000,190.9,451.2,-0.1403,-488.9,-30.9,0,0.0,0.0,0.0000,12.61,11.02,-12.37,-13.43
2.5469,2.5414,5.4,0,33.1,300.4,-2.0724,23.5,298.0,-2.0691,197.8,347.1,-0.0000,181.4,438.3,0.0129,-471.6,-51.7,0,0.0,0.0,0.0000,12.19,11.17,-11.74,-13.01
2.5543,2.5414,12.8,0,33.1,300.4,-2.0724,23.5,298.0,-2.0691,197.8,347.1,-0.0000,171.9,426.9,0.0129,-457.0,-54.6,0,0.0,0.0,0.0000,12.17,10.48,-12.58,-14.00
2.5631,2.5414,21.6,0,33.1,300.4,-2.0724,23.5,298.0,-2.0691,197.8,347.1,-0.0000,159.2,414.7,0.0129,-440.2,-59.8,0,0.0,0.0,0.0000,12.61,10.67,-12.07,-14.13
2.5711,2.5414,29.7,0,33.1,300.4,-2.0724,23.5,298.0,-2.0691,197.8,347.1,-0.0000,145.5,406.4,0.0129,-426.3,-67.9,0,0.0,0.0,0.0000,13.37,10.68,-12.35,-14.31
2.5785,2.5414,37.1,0,33.1,300.4,-2.0724,23.5,298.0,-2.0691,197.8,347.1,-0.0000,131.5,407.5,0.0129,-420.6,-80.7,0,0.0,0.0,0.0000,13.00,11.08,-12.59,-13.70
2.5869,2.5414,45.4,0,33.1,300.4,-2.0724,23.5,298.0,-2.0691,197.8,347.1,-0.0000,132.1,417.4,0.0129,-429.5,-84.9,0,0.0,0.0,0.0000,13.84,10.99,-12.53,-12.53
2.5945,2.5414,53.0,0,33.1,300.4,-2.0724,23.5,298.0,-2.0691,197.8,347.1,-0.0000,132.8,426.3,0.0129,-437.6,-88.5,0,0.0,0.0,0.0000,14.17,10.43,-11.53,-13.86
2.6031,2.5414,61.7,0,33.1,300.4,-2.0724,23.5,298.0,-2.0691,197.8,347.1,-0.0000,131.9,437.8,0.0129,-447.3,-94.8,0,0.0,0.0,0.0000,12.64,10.96,-11.99,-14.32
2.6109,2.5414,69.5,0,33.1,300.4,-2.0724,23.5,298.0,-2.0691,197.8,347.1,-0.0000,131.0,448.3,0.0129,-456.1,-100.7,0,0.0,0.0,0.0000,13.62,12.09,-11.65,-13.63
2.6191,2.5414,77.7,0,33.1,300.4,-2.0724,23.5,298.0,-2.0691,197.8,347.1,-0.0000,131.5,458.1,0.0129,-464.9,-105.0,0,0.0,0.0,0.0000,12.31,11.72,-11.38,-13.54
2.6269,2.5414,85.5,0,33.1,300.4,-2.0724,23.5,298.0,-2.0691,197.8,347.1,-0.0000,131.6,467.5,0.0129,-473.2,-109.4,0,0.0,0.0,0.0000,14.13,12.23,-11.02,-13.58
2.6353,2.5414,93.8,0,33.1,300.4,-2.0724,23.5,298.0,-2.0691,197.8,347.1,-0.0000,131.4,478.3,0.0129,-482.5,-114.8,0,0.0,0.0,0.0000,12.88,12.19,-10.26,-13.97
2.6431,2.5414,101.6,0,33.1,300.4,-2.0724,23.5,298.0,-2.0691,197.8,347.1,-0.0000,129.7,482.9,0.0129,-485.8,-118.4,0,0.0,0.0,0.0000,12.66,11.93,-9.92,-14.43
2.6508,2.6448,6.0,0,59.5,341.0,-2.0855,41.4,335.2,-2.0691,148.5,371.2,-0.0000,120.6,470.5,0.0656,-468.9,-126.7,0,0.0,0.0,0.0000,12.80,13.70,-9.93,-14.72
2.6589,2.6448,14.1,0,59.5,341.0,-2.0855,41.4,335.2,-2.0691,148.5,371.2,-0.0000,110.3,458.0,0.0656,-452.9,-129.5,0,0.0,0.0,0.0000,13.21,16.70,-9.82,-13.73
2.6665,2.6448,21.7,0,59.5,341.0,-2.0855,41.4,335.2,-2.0691,148.5,371.2,-0.0000,99.5,447.1,0.0656,-438.1,-133.4,0,0.0,0.0,0.0000,13.06,16.91,-9.22,-14.09
2.6749,2.6448,30.1,0,59.5,341.0,-2.0855,41.4,335.2,-2.0691,148.5,371.2,-0.0000,86.4,436.8,0.0656,-422.7,-139.8,0,0.0,0.0,0.0000,12.47,16.86,-9.55,-15.00
2.6828,2.6448,38.0,0,59.5,341.0,-2.0855,41.4,335.2,-2.0691,148.5,371.2,-0.0000,72.4,429.4,0.0656,-409.4,-148.4,0,0.0,0.0,0.0000,11.46,16.27,-10.14,-14.59
2.6913,2.6448,46.5,0,59.5,341.0,-2.0855,41.4,335.2,-2.0691,148.5,371.2,-0.0000,55.5,427.5,0.0656,-399.4,-162.2,0,0.0,0.0,0.0000,12.20,12.60,-9.89,-14.87
2.6993,2.6448,54.5,0,59.5,341.0,-2.0855,41.4,335.2,-2.0691,148.5,371.2,-0.0000,45.1,436.4,0.0656,-402.0,-175.5,0,0.0,0.0,0.0000,12.84,13.87,-9.22,-16.23
2.7065,2.6448,61.7,0,59.5,341.0,-2.0855,41.4,335.2,-2.0691,148.5,371.2,-0.0000,43.5,445.3,0.0656,-409.0,-181.4,0,0.0,0.0,0.0000,12.27,13.58,-9.37,-16.17
2.7145,2.6448,69.7,0,59.5,341.0,-2.0855,41.4,335.2,-2.0691,148.5,371.2,-0.0000,42.1,455.3,0.0656,-417.1,-187.5,0,0.0,0.0,0.0000,8.81,12.96,-8.66,-13.80
2.7231,2.6448,78.3,0,59.5,341.0,-2.0855,41.4,335.2,-2.0691,148.5,371.2,-0.0000,40.5,466.2,0.0656,-425.7,-194.2,0,0.0,0.0,0.0000,7.16,12.19,-8.89,-13.43
2.7305,2.6448,85.7,0,59.5,341.0,-2.0855,41.4,335.2,-2.0691,148.5,371.2,-0.0000,39.1,475.6,0.0656,-433.2,-200.1,0,0.0,0.0,0.0000,9.01,12.15,-6.96,-13.03
2.7393,2.6448,94.5,0,59.5,341.0,-2.0855,41.4,335.2,-2.0691,148.5,371.2,-0.0000,37.2,486.8,0.0656,-442.0,-207.3,0,0.0,0.0,0.0000,10.56,13.03,-3.61,-13.53
2.7473,2.6448,102.5,0,59.5,341.0,-2.0855,41.4,335.2,-2.0691,148.5,371.2,-0.0000,35.6,496.4,0.0656,-449.6,-213.4,0,0.0,0.0,0.0000,10.76,11.33,-4.86,-13.46
2.7546,2.7513,3.3,0,80.7,382.9,-2.0766,54.4,375.8,-2.0691,94.2,388.6,-0.0000,28.5,483.7,0.0299,-436.9,-209.4,0,0.0,0.0,0.0000,10.74,13.46,-6.43,-12.61
2.7632,2.7513,11.9,0,80.7,382.9,-2.0766,54.4,375.8,-2.0691,94.2,388.6,-0.0000,19.1,469.2,0.0299,-419.7,-210.6,0,0.0,0.0,0.0000,10.78,12.95,-6.66,-12.02
2.7709,2.7513,19.6,0,80.7,382.9,-2.0766,54.4,375.8,-2.0691,94.2,388.6,-0.0000,9.7,457.0,0.0299,-404.5,-212.9,0,0.0,0.0,0.0000,9.27,12.21,-6.55,-12.96
2.7789,2.7513,27.6,0,80.7,382.9,-2.0766,54.4,375.8,-2.0691,94.2,388.6,-0.0000,-1.5,445.6,0.0299,-389.0,-217.2,0,0.0,0.0,0.0000,10.22,12.47,-6.62,-13.53
2.7865,2.7513,35.2,0,80.7,382.9,-2.0766,54.4,375.8,-2.0691,94.2,388.6,-0.0000,-13.8,436.8,0.0299,-375.5,-223.7,0,0.0,0.0,0.0000,10.68,12.94,-6.95,-13.89
2.7944,2.7513,43.1,0,80.7,382.9,-2.0766,54.4,375.8,-2.0691,94.2,388.6,-0.0000,-29.1,432.3,0.0299,-364.1,-234.9,0,0.0,0.0,0.0000,10.03,14.81,-6.99,-13.87
2.8025,2.7513,51.2,0,80.7,382.9,-2.0766,54.4,375.8,-2.0691,94.2,388.6,-0.0000,-43.7,438.7,0.0299,-362.6,-250.8,0,0.0,0.0,0.0000,9.64,15.61,-5.90,-14.11
2.8111,2.7513,59.8,0,80.7,382.9,-2.0766,54.4,375.8,-2.0691,94.2,388.6,-0.0000,-46.8,448.6,0.0299,-369.8,-258.3,0,0.0,0.0,0.0000,7.76,14.14,-5.26,-13.47
2.8188,2.7513,67.5,0,80.7,382.9,-2.0766,54.4,375.8,-2.0691,94.2,388.6,-0.0000,-49.5,457.6,0.0299,-376.3,-265.0,0,0.0,0.0,0.0000,8.10,13.84,-4.69,-13.12
2.8263,2.7513,75.0,0,80.7,382.9,-2.0766,54.4,375.8,-2.0691,94.2,388.6,-0.0000,-52.4,466.8,0.0299,-382.9,-272.1,0,0.0,0.0,0.0000,8.07,14.18,-4.57,-14.29
2.8350,2.7513,83.7,0,80.7,382.9,-2.0766,54.4,375.8,-2.0691,94.2,388.6,-0.0000,-56.1,477.6,0.0299,-390.6,-280.5,0,0.0,0.0,0.0000,8.06,15.14,-3.97,-14.48
2.8432,2.7513,91.9,0,80.7,382.9,-2.0766,54.4,375.8,-2.0691,94.2,388.6,-0.0000,-58.7,487.3,0.0299,-397.8,-287.5,0,0.0,0.0,0.0000,8.70,14.09,-3.73,-14.67
2.8508,2.7513,99.5,0,80.7,382.9,-2.0766,54.4,375.8,-2.0691,94.2,388.6,-0.0000,-61.3,496.2,0.0299,-404.4,-294.1,0,0.0,0.0,0.0000,7.20,12.95,-4.08,-13.54
2.8587,2.8526,6.1,0,90.5,418.3,-2.0531,61.3,415.7,-2.0691,41.1,397.5,0.0000,-66.4,481.2,-0.0641,-395.5,-282.0,0,0.0,0.0,0.0000,6.19,13.03,-3.24,-14.26
2.8667,2.8526,14.1,0,90.5,418.3,-2.0531,61.3,415.7,-2.0691,41.1,397.5,0.0000,-72.8,466.5,-0.0641,-379.5,-280.8,0,0.0,0.0,0.0000,5.92,13.22,-3.44,-14.63
2.8747,2.8526,22.1,0,90.5,418.3,-2.0531,61.3,415.7,-2.0691,41.1,397.5,0.0000,-80.8,452.8,-0.0641,-363.7,-281.6,0,0.0,0.0,0.0000,5.46,13.34,-3.36,-14.48
2.8834,2.8526,30.8,0,90.5,418.3,-2.0531,61.3,415.7,-2.0691,41.1,397.5,0.0000,-93.1,440.5,-0.0641,-347.1,-286.8,0,0.0,0.0,0.0000,5.31,13.05,-2.95,-13.91
2.8914,2.8526,38.8,0,90.5,418.3,-2.0531,61.3,415.7,-2.0691,41.1,397.5,0.0000,-108.9,437.7,-0.0641,-337.2,-299.5,0,0.0,0.0,0.0000,5.57,13.37,-2.33,-13.79
2.8987,2.8526,46.1,0,90.5,418.3,-2.0531,61.3,415.7,-2.0691,41.1,397.5,0.0000,-113.0,446.0,-0.0641,-342.7,-307.0,0,0.0,0.0,0.0000,4.29,13.54,-1.94,-13.96
2.9069,2.8526,54.3,0,90.5,418.3,-2.0531,61.3,415.7,-2.0691,41.1,397.5,0.0000,-116.7,455.5,-0.0641,-349.4,-314.6,0,0.0,0.0,0.0000,4.41,12.86,-1.51,-12.89
2.9144,2.8526,61.8,0,90.5,418.3,-2.0531,61.3,415.7,-2.0691,41.1,397.5,0.0000,-120.3,464.3,-0.0641,-355.6,-322.0,0,0.0,0.0,0.0000,4.80,13.73,-1.44,-15.03
2.9224,2.8526,69.8,0,90.5,418.3,-2.0531,61.3,415.7,-2.0691,41.1,397.5,0.0000,-124.2,473.7,-0.0641,-362.0,-329.8,0,0.0,0.0,0.0000,4.38,14.84,-1.23,-14.91
2.9310,2.8526,78.4,0,90.5,418.3,-2.0531,61.3,415.7,-2.0691,41.1,397.5,0.0000,-128.3,483.3,-0.0641,-368.6,-337.8,0,0.0,0.0,0.0000,4.53,16.58,-1.00,-11.50
2.9392,2.8526,86.6,0,90.5,418.3,-2.0531,61.3,415.7,-2.0691,41.1,397.5,0.0000,-130.6,482.6,-0.0641,-367.0,-339.6,0,0.0,0.0,0.0000,3.99,15.10,-1.35,-12.30
2.9467,2.8526,94.1,0,90.5,418.3,-2.0531,61.3,415.7,-2.0691,41.1,397.5,0.0000,-132.8,482.1,-0.0641,-365.5,-341.2,0,0.0,0.0,0.0000,2.56,9.42,-0.98,-13.51
2.9545,2.9545,0.1,0,87.8,456.5,-2.0814,62.7,456.4,-2.0691,-12.9,399.7,-0.0000,-133.0,466.4,0.0492,-341.9,-344.0,0,0.0,0.0,0.0000,2.44,9.53,-1.79,-15.52
2.9632,2.9545,8.8,0,87.8,456.5,-2.0814,62.7,456.4,-2.0691,-12.9,399.7,-0.0000,-134.5,449.1,0.0492,-326.0,-336.8,0,0.0,0.0,0.0000,2.27,12.27,-0.82,-15.94
2.9712,2.9545,16.8,0,87.8,456.5,-2.0814,62.7,456.4,-2.0691,-12.9,399.7,-0.0000,-138.4,433.5,0.0492,-310.6,-332.6,0,0.0,0.0,0.0000,2.36,14.25,-0.45,-15.04
2.9789,2.9545,24.4,0,87.8,456.5,-2.0814,62.7,456.4,-2.0691,-12.9,399.7,-0.0000,-147.9,422.6,0.0492,-296.4,-335.6,0,0.0,0.0,0.0000,2.62,14.38,-0.06,-15.56
2.9870,2.9545,32.5,0,87.8,456.5,-2.0814,62.7,456.4,-2.0691,-12.9,399.7,-0.0000,-152.5,431.6,0.0492,-302.0,-344.0,0,0.0,0.0,0.0000,2.53,14.55,-0.36,-15.70
2.9943,2.9545,39.8,0,87.8,456.5,-2.0814,62.7,456.4,-2.0691,-12.9,399.7,-0.0000,-156.7,439.8,0.0492,-307.1,-351.6,0,0.0,0.0,0.0000,2.60,14.58,0.11,-16.09
3.0029,2.9545,48.4,0,87.8,456.5,-2.0814,62.7,456.4,-2.0691,-12.9,399.7,-0.0000,-162.6,448.8,0.0492,-312.1,-361.2,0,0.0,0.0,0.0000,2.21,15.57,0.31,-16.31
3.0103,2.9545,55.8,0,87.8,456.5,-2.0814,62.7,456.4,-2.0691,-12.9,399.7,-0.0000,-167.7,456.5,0.0492,-316.3,-369.4,0,0.0,0.0,0.0000,1.78,17.04,0.63,-16.36
3.0183,2.9545,63.8,0,87.8,456.5,-2.0814,62.7,456.4,-2.0691,-12.9,399.7,-0.0000,-173.1,465.3,0.0492,-321.3,-378.4,0,0.0,0.0,0.0000,1.38,15.88,1.56,-15.09
3.0271,2.9545,72.7,0,87.8,456.5,-2.0814,62.7,456.4,-2.0691,-12.9,399.7,-0.0000,-176.7,467.7,0.0492,-321.7,-382.7,0,0.0,0.0,0.0000,0.94,14.86,2.27,-16.31
3.0345,2.9545,80.1,0,87.8,456.5,-2.0814,62.7,456.4,-2.0691,-12.9,399.7,-0.0000,-177.9,467.3,0.0492,-320.7,-383.6,0,0.0,0.0,0.0000,1.19,16.09,2.13,-15.92
3.0433,2.9545,88.8,0,87.8,456.5,-2.0814,62.7,456.4,-2.0691,-12.9,399.7,-0.0000,-179.4,466.7,0.0492,-319.5,-384.6,0,0.0,0.0,0.0000,0.96,16.44,2.28,-17.04
3.0508,2.9545,96.4,0,87.8,456.5,-2.0814,62.7,456.4,-2.0691,-12.9,399.7,-0.0000,-181.7,465.8,0.0492,-317.6,-386.2,0,0.0,0.0,0.0000,1.26,16.18,2.63,-17.51
3.0584,3.0559,2.4,0,75.6,497.5,-2.0986,58.6,496.7,-2.0691,-66.8,394.3,-0.0000,-178.5,451.2,0.1176,-299.9,-381.4,0,0.0,0.0,0.0000,1.40,15.84,3.49,-16.31
3.0672,3.0559,11.3,0,75.6,497.5,-2.0986,58.6,496.7,-2.0691,-66.8,394.3,-0.0000,-176.1,433.6,0.1176,-286.0,-370.5,0,0.0,0.0,0.0000,1.69,17.49,2.84,-15.46
3.0746,3.0559,18.7,0,75.6,497.5,-2.0986,58.6,496.7,-2.0691,-66.8,394.3,-0.0000,-176.1,418.8,0.1176,-273.2,-363.1,0,0.0,0.0,0.0000,1.56,15.41,3.26,-15.14
3.0829,3.0559,27.0,0,75.6,497.5,-2.0986,58.6,496.7,-2.0691,-66.8,394.3,-0.0000,-181.7,409.5,0.1176,-262.3,-363.2,0,0.0,0.0,0.0000,2.05,16.31,3.19,-15.31
3.0905,3.0559,34.5,0,75.6,497.5,-2.0986,58.6,496.7,-2.0691,-66.8,394.3,-0.0000,-186.7,417.2,0.1176,-266.4,-371.4,0,0.0,0.0,0.0000,2.18,17.69,3.10,-15.06
3.0989,3.0559,42.9,0,75.6,497.5,-2.0986,58.6,496.7,-2.0691,-66.8,394.3,-0.0000,-193.5,425.7,0.1176,-270.3,-381.5,0,0.0,0.0,0.0000,1.79,18.46,3.66,-14.79
3.1063,3.0559,50.4,0,75.6,497.5,-2.0986,58.6,496.7,-2.0691,-66.8,394.3,-0.0000,-199.5,433.5,0.1176,-274.0,-390.7,0,0.0,0.0,0.0000,1.30,17.09,3.91,-15.36
3.1147,3.0559,58.7,0,75.6,497.5,-2.0986,58.6,496.7,-2.0691,-66.8,394.3,-0.0000,-206.3,441.0,0.1176,-277.1,-400.4,0,0.0,0.0,0.0000,1.14,16.42,3.65,-15.77
3.1234,3.0559,67.5,0,75.6,497.5,-2.0986,58.6,496.7,-2.0691,-66.8,394.3,-0.0000,-213.7,448.8,0.1176,-280.1,-410.7,0,0.0,0.0,0.0000,0.92,16.98,4.33,-16.10
3.1309,3.0559,75.0,0,75.6,497.5,-2.0986,58.6,496.7,-2.0691,-66.8,394.3,-0.0000,-216.6,450.6,0.1176,-280.2,-414.1,0,0.0,0.0,0.0000,1.52,17.04,4.23,-15.79
3.1385,3.0559,82.6,0,75.6,497.5,-2.0986,58.6,496.7,-2.0691,-66.8,394.3,-0.0000,-218.4,449.8,0.1176,-278.6,-415.2,0,0.0,0.0,0.0000,0.76,18.06,3.76,-14.95
3.1471,3.0559,91.2,0,75.6,497.5,-2.0986,58.6,496.7,-2.0691,-66.8,394.3,-0.0000,-220.7,448.7,0.1176,-276.5,-416.6,0,0.0,0.0,0.0000,0.84,19.00,4.35,-14.34
3.1554,3.0559,99.5,0,75.6,497.5,-2.0986,58.6,496.7,-2.0691,-66.8,394.3,-0.0000,-222.8,447.6,0.1176,-274.5,-417.9,0,0.0,0.0,0.0000,0.42,17.91,4.54,-14.71
3.1624,3.1612,1.2,0,55.9,542.7,-2.0851,48.7,537.6,-2.0691,-122.0,381.0,-0.0000,-217.9,434.5,0.0639,-271.1,-403.4,0,0.0,0.0,0.0000,-0.38,17.41,4.52,-14.81
3.1709,3.1612,9.6,0,55.9,542.7,-2.0851,48.7,537.6,-2.0691,-122.0,381.0,-0.0000,-212.8,418.4,0.0639,-259.6,-391.1,0,0.0,0.0,0.0000,-0.42,16.85,4.36,-14.91
3.1783,3.1612,17.0,0,55.9,542.7,-2.0851,48.7,537.6,-2.0691,-122.0,381.0,-0.0000,-209.4,404.0,0.0639,-248.7,-381.1,0,0.0,0.0,0.0000,-0.42,16.00,4.34,-15.50
3.1870,3.1612,25.8,0,55.9,542.7,-2.0851,48.7,537.6,-2.0691,-122.0,381.0,-0.0000,-208.3,386.5,0.0639,-234.0,-371.5,0,0.0,0.0,0.0000,-0.19,17.02,4.14,-15.10
3.1951,3.1612,33.9,0,55.9,542.7,-2.0851,48.7,537.6,-2.0691,-122.0,381.0,-0.0000,-214.7,380.4,0.0639,-225.6,-374.1,0,0.0,0.0,0.0000,-0.89,16.46,4.51,-15.10
3.2032,3.1612,42.0,0,55.9,542.7,-2.0851,48.7,537.6,-2.0691,-122.0,381.0,-0.0000,-222.1,387.7,0.0639,-228.3,-384.1,0,0.0,0.0,0.0000,-1.13,17.54,4.76,-15.32
3.2112,3.1612,50.0,0,55.9,542.7,-2.0851,48.7,537.6,-2.0691,-122.0,381.0,-0.0000,-229.0,394.6,0.0639,-230.9,-393.5,0,0.0,0.0,0.0000,-0.71,17.42,4.59,-15.12
3.2185,3.1612,57.3,0,55.9,542.7,-2.0851,48.7,537.6,-2.0691,-122.0,381.0,-0.0000,-235.4,401.1,0.0639,-233.4,-402.3,0,0.0,0.0,0.0000,-1.37,16.81,4.21,-15.31
3.2271,3.1612,65.9,0,55.9,542.7,-2.0851,48.7,537.6,-2.0691,-122.0,381.0,-0.0000,-244.0,408.0,0.0639,-235.2,-413.1,0,0.0,0.0,0.0000,-1.04,17.81,3.98,-15.83
3.2349,3.1612,73.7,0,55.9,542.7,-2.0851,48.7,537.6,-2.0691,-122.0,381.0,-0.0000,-251.7,414.2,0.0639,-236.8,-422.9,0,0.0,0.0,0.0000,-1.67,17.37,2.41,-16.02
3.2431,3.1612,81.9,0,55.9,542.7,-2.0851,48.7,537.6,-2.0691,-122.0,381.0,-0.0000,-259.2,421.3,0.0639,-239.3,-432.9,0,0.0,0.0,0.0000,-1.51,16.53,1.90,-15.37
3.2509,3.1612,89.7,0,55.9,542.7,-2.0851,48.7,537.6,-2.0691,-122.0,381.0,-0.0000,-264.3,424.5,0.0639,-239.5,-438.9,0,0.0,0.0,0.0000,-2.32,15.64,2.96,-14.67
3.2590,3.1612,97.8,0,55.9,542.7,-2.0851,48.7,537.6,-2.0691,-122.0,381.0,-0.0000,-267.0,422.8,0.0639,-236.7,-440.4,0,0.0,0.0,0.0000,-2.65,16.99,4.33,-15.28
3.2670,3.2606,6.4,0,33.7,585.9,-2.1026,34.2,574.6,-2.0691,-171.2,362.0,0.0000,-260.3,408.2,0.1338,-219.9,-431.3,0,0.0,0.0,0.0000,-2.71,17.06,4.53,-15.37
3.2748,3.2606,14.2,0,33.7,585.9,-2.1026,34.2,574.6,-2.0691,-171.2,362.0,0.0000,-254.3,393.9,0.1338,-210.5,-418.9,0,0.0,0.0,0.0000,-2.09,17.19,4.90,-15.52
3.2832,3.2606,22.6,0,33.7,585.9,-2.1026,34.2,574.6,-2.0691,-171.2,362.0,0.0000,-248.9,377.9,0.1338,-199.5,-406.1,0,0.0,0.0,0.0000,-2.38,16.79,5.05,-15.02
3.2914,3.2606,30.9,0,33.7,585.9,-2.1026,34.2,574.6,-2.0691,-171.2,362.0,0.0000,-245.6,361.8,0.1338,-187.3,-395.1,0,0.0,0.0,0.0000,-2.64,15.88,4.94,-15.30
3.2989,3.2606,38.4,0,33.7,585.9,-2.1026,34.2,574.6,-2.0691,-171.2,362.0,0.0000,-246.3,346.8,0.1338,-174.0,-388.1,0,0.0,0.0,0.0000,-2.39,16.31,5.20,-14.82
3.3069,3.2606,46.4,0,33.7,585.9,-2.1026,34.2,574.6,-2.0691,-171.2,362.0,0.0000,-255.0,341.7,0.1338,-165.2,-393.0,0,0.0,0.0,0.0000,-3.12,15.85,5.76,-14.39
3.3143,3.2606,53.8,0,33.7,585.9,-2.1026,34.2,574.6,-2.0691,-171.2,362.0,0.0000,-262.7,347.8,0.1338,-166.6,-402.8,0,0.0,0.0,0.0000,-3.39,15.78,5.70,-14.82
3.3228,3.2606,62.2,0,33.7,585.9,-2.1026,34.2,574.6,-2.0691,-171.2,362.0,0.0000,-271.0,353.9,0.1338,-167.6,-413.0,0,0.0,0.0,0.0000,-3.08,15.82,4.92,-15.12
3.3305,3.2606,69.9,0,33.7,585.9,-2.1026,34.2,574.6,-2.0691,-171.2,362.0,0.0000,-278.6,359.4,0.1338,-168.5,-422.4,0,0.0,0.0,0.0000,-3.52,14.41,4.92,-14.85
3.3391,3.2606,78.6,0,33.7,585.9,-2.1026,34.2,574.6,-2.0691,-171.2,362.0,0.0000,-287.9,365.4,0.1338,-168.9,-433.4,0,0.0,0.0,0.0000,-3.97,10.14,5.23,-13.99
3.3469,3.2606,86.3,0,33.7,585.9,-2.1026,34.2,574.6,-2.0691,-171.2,362.0,0.0000,-296.3,370.8,0.1338,-169.3,-443.4,0,0.0,0.0,0.0000,-3.37,11.82,5.48,-11.13
3.3553,3.2606,94.7,0,33.7,585.9,-2.1026,34.2,574.6,-2.0691,-171.2,362.0,0.0000,-305.1,376.2,0.1338,-169.6,-453.7,0,0.0,0.0,0.0000,-3.33,14.44,5.92,-11.85
3.3629,3.2606,102.3,0,33.7,585.9,-2.1026,34.2,574.6,-2.0691,-171.2,362.0,0.0000,-313.2,381.2,0.1338,-169.7,-463.3,0,0.0,0.0,0.0000,-4.00,15.00,6.93,-12.38
3.3709,3.3639,7.0,0,10.3,624.9,-2.1224,14.0,610.6,-2.0691,-218.4,335.4,-0.0000,-305.5,367.2,0.2132,-152.6,-452.6,0,0.0,0.0,0.0000,-4.36,14.86,6.74,-13.30
3.3785,3.3639,14.6,0,10.3,624.9,-2.1224,14.0,610.6,-2.0691,-218.4,335.4,-0.0000,-298.7,353.5,0.2132,-144.5,-439.7,0,0.0,0.0,0.0000,-4.23,14.12,6.11,-13.60
3.3869,3.3639,23.1,0,10.3,624.9,-2.1224,14.0,610.6,-2.0691,-218.4,335.4,-0.0000,-292.3,338.0,0.2132,-134.6,-426.1,0,0.0,0.0,0.0000,-4.60,14.72,6.26,-13.66
3.3953,3.3639,31.4,0,10.3,624.9,-2.1224,14.0,610.6,-2.0691,-218.4,335.4,-0.0000,-287.8,321.8,0.2132,-123.2,-413.8,0,0.0,0.0,0.0000,-5.13,15.30,7.34,-13.52
3.4033,3.3639,39.4,0,10.3,624.9,-2.1224,14.0,610.6,-2.0691,-218.4,335.4,-0.0000,-287.3,305.9,0.2132,-110.0,-405.0,0,0.0,0.0,0.0000,-4.69,15.31,8.68,-13.47
3.4110,3.3639,47.2,0,10.3,624.9,-2.1224,14.0,610.6,-2.0691,-218.4,335.4,-0.0000,-295.8,294.4,0.2132,-95.7,-406.2,0,0.0,0.0,0.0000,-5.15,14.94,7.19,-12.37
3.4190,3.3639,55.2,0,10.3,624.9,-2.1224,14.0,610.6,-2.0691,-218.4,335.4,-0.0000,-304.3,299.4,0.2132,-95.5,-416.1,0,0.0,0.0,0.0000,-5.48,15.00,7.63,-12.01
3.4274,3.3639,63.5,0,10.3,624.9,-2.1224,14.0,610.6,-2.0691,-218.4,335.4,-0.0000,-313.4,304.5,0.2132,-95.1,-426.5,0,0.0,0.0,0.0000,-7.54,14.60,7.06,-12.62
3.4354,3.3639,71.5,0,10.3,624.9,-2.1224,14.0,610.6,-2.0691,-218.4,335.4,-0.0000,-322.2,309.4,0.2132,-94.6,-436.6,0,0.0,0.0,0.0000,-4.28,15.05,7.19,-12.77
3.4427,3.3639,78.8,0,10.3,624.9,-2.1224,14.0,610.6,-2.0691,-218.4,335.4,-0.0000,-330.4,314.0,0.2132,-94.3,-445.9,0,0.0,0.0,0.0000,-4.06,14.97,7.74,-12.72
3.4509,3.3639,87.0,0,10.3,624.9,-2.1224,14.0,610.6,-2.0691,-218.4,335.4,-0.0000,-340.1,317.8,0.2132,-92.4,-456.2,0,0.0,0.0,0.0000,-4.33,14.98,8.60,-12.36
3.4593,3.3639,95.5,0,10.3,624.9,-2.1224,14.0,610.6,-2.0691,-218.4,335.4,-0.0000,-350.4,321.7,0.2132,-90.4,-467.0,0,0.0,0.0,0.0000,-4.23,15.03,8.60,-11.96
3.4669,3.4656,1.3,0,-21.7,666.0,-2.1391,-10.5,643.1,-2.0691,-262.0,302.5,-0.0000,-341.4,309.6,0.2799,-77.2,-454.4,0,0.0,0.0,0.0000,-4.86,14.93,8.50,-11.68
3.4745,3.4656,8.8,0,-21.7,666.0,-2.1391,-10.5,643.1,-2.0691,-262.0,302.5,-0.0000,-332.9,297.1,0.2799,-71.2,-440.4,0,0.0,0.0,0.0000,-4.69,14.53,7.61,-11.49
3.4834,3.4656,17.8,0,-21.7,666.0,-2.1391,-10.5,643.1,-2.0691,-262.0,302.5,-0.0000,-323.7,281.7,0.2799,-63.2,-424.5,0,0.0,0.0,0.0000,-6.07,15.43,8.28,-11.31
3.4910,3.4656,25.3,0,-21.7,666.0,-2.1391,-10.5,643.1,-2.0691,-262.0,302.5,-0.0000,-317.0,268.2,0.2799,-55.4,-411.5,0,0.0,0.0,0.0000,-6.54,14.69,9.58,-11.88
3.4989,3.4656,33.3,0,-21.7,666.0,-2.1391,-10.5,643.1,-2.0691,-262.0,302.5,-0.0000,-311.6,253.1,0.2799,-45.6,-398.9,0,0.0,0.0,0.0000,-5.12,14.96,9.80,-11.40
3.5070,3.4656,41.3,0,-21.7,666.0,-2.1391,-10.5,643.1,-2.0691,-262.0,302.5,-0.0000,-310.0,237.2,0.2799,-33.1,-388.9,0,0.0,0.0,0.0000,-4.71,14.60,10.36,-11.19
3.5149,3.4656,49.3,0,-21.7,666.0,-2.1391,-10.5,643.1,-2.0691,-262.0,302.5,-0.0000,-318.2,225.3,0.2799,-18.6,-389.5,0,0.0,0.0,0.0000,-4.98,14.32,9.37,-10.64
3.5234,3.4656,57.8,0,-21.7,666.0,-2.1391,-10.5,643.1,-2.0691,-262.0,302.5,-0.0000,-328.6,227.9,0.2799,-15.2,-399.6,0,0.0,0.0,0.0000,-5.56,15.07,9.17,-10.30
3.5314,3.4656,65.7,0,-21.7,666.0,-2.1391,-10.5,643.1,-2.0691,-262.0,302.5,-0.0000,-337.6,232.0,0.2799,-13.8,-409.4,0,0.0,0.0,0.0000,-5.06,13.96,8.72,-9.39
3.5387,3.4656,73.1,0,-21.7,666.0,-2.1391,-10.5,643.1,-2.0691,-262.0,302.5,-0.0000,-346.1,235.4,0.2799,-12.2,-418.4,0,0.0,0.0,0.0000,-4.69,14.19,8.88,-9.05
3.5469,3.4656,81.2,0,-21.7,666.0,-2.1391,-10.5,643.1,-2.0691,-262.0,302.5,-0.0000,-356.0,238.4,0.2799,-9.3,-428.3,0,0.0,0.0,0.0000,-3.95,14.61,8.07,-10.02
3.5549,3.4656,89.3,0,-21.7,666.0,-2.1391,-10.5,643.1,-2.0691,-262.0,302.5,-0.0000,-365.9,241.3,0.2799,-6.5,-438.3,0,0.0,0.0,0.0000,-4.61,14.25,9.14,-9.59
3.5632,3.4656,97.5,0,-21.7,666.0,-2.1391,-10.5,643.1,-2.0691,-262.0,302.5,-0.0000,-375.4,244.4,0.2799,-4.0,-447.9,0,0.0,0.0,0.0000,-4.61,13.67,8.34,-9.17
3.5708,3.5674,3.4,0,-48.5,699.9,-2.1267,-39.1,671.9,-2.0691,-300.3,263.7,-0.0000,-366.4,232.0,0.2303,-3.7,-433.6,0,0.0,0.0,0.0000,-4.94,13.80,8.85,-9.04
3.5782,3.5674,10.8,0,-48.5,699.9,-2.1267,-39.1,671.9,-2.0691,-300.3,263.7,-0.0000,-358.5,219.5,0.2303,2.7,-420.3,0,0.0,0.0,0.0000,-5.81,13.58,8.89,-8.62
3.5865,3.5674,19.1,0,-48.5,699.9,-2.1267,-39.1,671.9,-2.0691,-300.3,263.7,-0.0000,-351.0,204.7,0.2303,11.4,-406.1,0,0.0,0.0,0.0000,-5.83,13.85,7.89,-8.43
3.5945,3.5674,27.1,0,-48.5,699.9,-2.1267,-39.1,671.9,-2.0691,-300.3,263.7,-0.0000,-345.8,189.6,0.2303,21.5,-393.8,0,0.0,0.0,0.0000,-6.97,13.43,9.22,-8.58
3.6024,3.5674,35.0,0,-48.5,699.9,-2.1267,-39.1,671.9,-2.0691,-300.3,263.7,-0.0000,-344.6,173.9,0.2303,34.2,-384.5,0,0.0,0.0,0.0000,-6.29,12.68,9.64,-8.37
3.6104,3.5674,43.0,0,-48.5,699.9,-2.1267,-39.1,671.9,-2.0691,-300.3,263.7,-0.0000,-351.8,159.5,0.2303,50.2,-383.1,0,0.0,0.0,0.0000,-6.10,12.20,10.13,-7.97
3.6189,3.5674,51.6,0,-48.5,699.9,-2.1267,-39.1,671.9,-2.0691,-300.3,263.7,-0.0000,-362.3,161.2,0.2303,54.3,-392.8,0,0.0,0.0,0.0000,-6.98,12.29,10.10,-7.57
3.6271,3.5674,59.7,0,-48.5,699.9,-2.1267,-39.1,671.9,-2.0691,-300.3,263.7,-0.0000,-373.1,162.5,0.2303,58.8,-402.7,0,0.0,0.0,0.0000,-8.22,11.91,9.68,-7.19
3.6345,3.5674,67.1,0,-48.5,699.9,-2.1267,-39.1,671.9,-2.0691,-300.3,263.7,-0.0000,-382.8,163.7,0.2303,63.0,-411.5,0,0.0,0.0,0.0000,-7.33,11.83,9.59,-7.73
3.6425,3.5674,75.1,0,-48.5,699.9,-2.1267,-39.1,671.9,-2.0691,-300.3,263.7,-0.0000,-392.4,165.8,0.2303,66.2,-420.8,0,0.0,0.0,0.0000,-6.49,12.19,9.54,-7.24
3.6509,3.5674,83.5,0,-48.5,699.9,-2.1267,-39.1,671.9,-2.0691,-300.3,263.7,-0.0000,-402.7,167.9,0.2303,69.9,-430.7,0,0.0,0.0,0.0000,-4.05,11.25,10.40,-6.52
3.6590,3.5674,91.6,0,-48.5,699.9,-2.1267,-39.1,671.9,-2.0691,-300.3,263.7,-0.0000,-412.5,170.2,0.2303,73.2,-440.2,0,0.0,0.0,0.0000,-7.05,10.63,11.30,-5.87
3.6665,3.5674,99.1,0,-48.5,699.9,-2.1267,-39.1,671.9,-2.0691,-300.3,263.7,-0.0000,-421.5,172.4,0.2303,76.1,-449.0,0,0.0,0.0,0.0000,-7.46,10.76,11.62,-5.20
3.6749,3.6706,4.3,0,-82.3,731.7,-2.0944,-71.9,696.9,-2.0691,-334.0,220.3,-0.0000,-409.9,160.2,0.1009,66.2,-435.0,0,0.0,0.0,0.0000,-9.27,10.51,11.25,-5.18
3.6825,3.6706,11.9,0,-82.3,731.7,-2.0944,-71.9,696.9,-2.0691,-334.0,220.3,-0.0000,-400.0,148.6,0.1009,71.3,-420.7,0,0.0,0.0,0.0000,-8.79,10.10,11.90,-5.51
3.6905,3.6706,19.9,0,-82.3,731.7,-2.0944,-71.9,696.9,-2.0691,-334.0,220.3,-0.0000,-390.7,135.6,0.1009,77.9,-406.2,0,0.0,0.0,0.0000,-8.83,9.67,11.41,-5.02
3.6987,3.6706,28.0,0,-82.3,731.7,-2.0944,-71.9,696.9,-2.0691,-334.0,220.3,-0.0000,-382.9,121.3,0.1009,86.4,-392.2,0,0.0,0.0,0.0000,-9.30,9.52,12.20,-4.83
3.7068,3.6706,36.2,0,-82.3,731.7,-2.0944,-71.9,696.9,-2.0691,-334.0,220.3,-0.0000,-378.1,105.7,0.1009,97.5,-380.3,0,0.0,0.0,0.0000,-8.77,8.66,12.38,-3.99
3.7144,3.6706,43.8,0,-82.3,731.7,-2.0944,-71.9,696.9,-2.0691,-334.0,220.3,-0.0000,-379.3,90.6,0.1009,111.2,-373.8,0,0.0,0.0,0.0000,-9.18,8.67,12.18,-3.88
3.7231,3.6706,52.4,0,-82.3,731.7,-2.0944,-71.9,696.9,-2.0691,-334.0,220.3,-0.0000,-390.8,84.2,0.1009,122.4,-380.5,0,0.0,0.0,0.0000,-9.22,8.35,12.61,-3.68
3.7306,3.6706,60.0,0,-82.3,731.7,-2.0944,-71.9,696.9,-2.0691,-334.0,220.3,-0.0000,-400.2,85.2,0.1009,126.3,-389.2,0,0.0,0.0,0.0000,-9.10,7.81,11.60,-3.87
3.7386,3.6706,68.0,0,-82.3,731.7,-2.0944,-71.9,696.9,-2.0691,-334.0,220.3,-0.0000,-410.6,85.7,0.1009,131.0,-398.4,0,0.0,0.0,0.0000,-9.70,7.58,11.95,-3.60
3.7471,3.6706,76.5,0,-82.3,731.7,-2.0944,-71.9,696.9,-2.0691,-334.0,220.3,-0.0000,-421.6,86.3,0.1009,136.0,-408.3,0,0.0,0.0,0.0000,-10.07,7.19,12.97,-3.38
3.7551,3.6706,84.4,0,-82.3,731.7,-2.0944,-71.9,696.9,-2.0691,-334.0,220.3,-0.0000,-431.2,86.4,0.1009,140.8,-416.6,0,0.0,0.0,0.0000,-9.82,6.15,12.68,-2.79
3.7627,3.6706,92.1,0,-82.3,731.7,-2.0944,-71.9,696.9,-2.0691,-334.0,220.3,-0.0000,-440.5,86.3,0.1009,145.6,-424.6,0,0.0,0.0,0.0000,-11.22,5.94,11.98,-2.81
3.7703,3.6706,99.7,0,-82.3,731.7,-2.0944,-71.9,696.9,-2.0691,-334.0,220.3,-0.0000,-450.4,86.8,0.1009,150.0,-433.5,0,0.0,0.0,0.0000,-11.65,5.64,11.24,-2.31
3.7786,3.7730,5.5,0,-121.4,746.7,-2.0617,-107.5,717.1,-2.0691,-360.7,172.5,0.0000,-435.2,80.5,-0.0298,134.2,-421.8,0,0.0,0.0,0.0000,-12.23,5.32,12.81,-1.92
3.7866,3.7730,13.6,0,-121.4,746.7,-2.0617,-107.5,717.1,-2.0691,-360.7,172.5,0.0000,-420.7,73.8,-0.0298,133.3,-405.8,0,0.0,0.0,0.0000,-12.83,4.73,13.01,-1.93
3.7951,3.7730,22.1,0,-121.4,746.7,-2.0617,-107.5,717.1,-2.0691,-360.7,172.5,0.0000,-405.8,65.6,-0.0298,133.5,-388.8,0,0.0,0.0,0.0000,-13.25,4.52,13.60,-2.21
3.8032,3.7730,30.2,0,-121.4,746.7,-2.0617,-107.5,717.1,-2.0691,-360.7,172.5,0.0000,-392.8,55.6,-0.0298,136.1,-372.6,0,0.0,0.0,0.0000,-12.66,5.04,13.81,-2.33
3.8109,3.7730,37.9,0,-121.4,746.7,-2.0617,-107.5,717.1,-2.0691,-360.7,172.5,0.0000,-385.2,42.3,-0.0298,144.3,-359.7,0,0.0,0.0,0.0000,-13.43,4.59,14.07,-2.10
3.8189,3.7730,45.9,0,-121.4,746.7,-2.0617,-107.5,717.1,-2.0691,-360.7,172.5,0.0000,-394.0,40.6,-0.0298,149.9,-366.6,0,0.0,0.0,0.0000,-14.04,4.38,13.34,-1.58
3.8265,3.7730,53.5,0,-121.4,746.7,-2.0617,-107.5,717.1,-2.0691,-360.7,172.5,0.0000,-403.3,40.6,-0.0298,154.3,-374.8,0,0.0,0.0,0.0000,-14.53,4.57,13.48,-1.68
3.8344,3.7730,61.4,0,-121.4,746.7,-2.0617,-107.5,717.1,-2.0691,-360.7,172.5,0.0000,-413.3,40.0,-0.0298,159.6,-383.3,0,0.0,0.0,0.0000,-13.53,4.10,13.16,-2.30
3.8429,3.7730,69.9,0,-121.4,746.7,-2.0617,-107.5,717.1,-2.0691,-360.7,172.5,0.0000,-424.1,39.4,-0.0298,165.2,-392.6,0,0.0,0.0,0.0000,-13.27,4.33,12.45,-1.76
3.8513,3.7730,78.3,0,-121.4,746.7,-2.0617,-107.5,717.1,-2.0691,-360.7,172.5,0.0000,-434.5,38.1,-0.0298,171.3,-401.2,0,0.0,0.0,0.0000,-14.11,4.07,12.24,-1.46
3.8593,3.7730,86.3,0,-121.4,746.7,-2.0617,-107.5,717.1,-2.0691,-360.7,172.5,0.0000,-444.6,36.7,-0.0298,177.2,-409.5,0,0.0,0.0,0.0000,-14.04,4.10,12.79,-1.97
3.8673,3.7730,94.3,0,-121.4,746.7,-2.0617,-107.5,717.1,-2.0691,-360.7,172.5,0.0000,-454.6,35.7,-0.0298,182.8,-417.7,0,0.0,0.0,0.0000,-13.57,4.04,13.11,-2.59
3.8751,3.7730,102.1,0,-121.4,746.7,-2.0617,-107.5,717.1,-2.0691,-360.7,172.5,0.0000,-464.2,34.6,-0.0298,188.3,-425.7,0,0.0,0.0,0.0000,-15.41,3.77,13.66,-1.97
3.8831,3.8760,7.1,0,-159.7,748.4,-2.0791,-145.8,732.3,-2.0691,-380.9,122.3,0.0000,-448.1,33.6,0.0396,188.7,-407.8,0,0.0,0.0,0.0000,-13.29,3.91,13.34,-1.87
3.8912,3.8760,15.2,0,-159.7,748.4,-2.0791,-145.8,732.3,-2.0691,-380.9,122.3,0.0000,-432.0,32.2,0.0396,182.1,-393.1,0,0.0,0.0,0.0000,-13.57,3.85,13.69,-1.84
3.8990,3.8760,23.0,0,-159.7,748.4,-2.0791,-145.8,732.3,-2.0691,-380.9,122.3,0.0000,-416.5,30.2,0.0396,176.3,-378.6,0,0.0,0.0,0.0000,-14.61,3.47,11.69,-1.97
3.9070,3.8760,31.0,0,-159.7,748.4,-2.0791,-145.8,732.3,-2.0691,-380.9,122.3,0.0000,-400.8,26.9,0.0396,171.6,-363.2,0,0.0,0.0,0.0000,-15.18,3.55,9.74,-2.68
3.9152,3.8760,39.2,0,-159.7,748.4,-2.0791,-145.8,732.3,-2.0691,-380.9,122.3,0.0000,-399.5,22.1,0.0396,175.1,-359.8,0,0.0,0.0,0.0000,-15.17,2.65,11.64,-2.22
3.9225,3.8760,46.6,0,-159.7,748.4,-2.0791,-145.8,732.3,-2.0691,-380.9,122.3,0.0000,-408.9,20.0,0.0396,181.5,-366.9,0,0.0,0.0,0.0000,-15.21,3.23,12.71,-1.66
3.9305,3.8760,54.6,0,-159.7,748.4,-2.0791,-145.8,732.3,-2.0691,-380.9,122.3,0.0000,-418.2,18.2,0.0396,187.6,-374.2,0,0.0,0.0,0.0000,-15.29,3.42,14.50,-1.69
3.9390,3.8760,63.0,0,-159.7,748.4,-2.0791,-145.8,732.3,-2.0691,-380.9,122.3,0.0000,-428.1,16.1,0.0396,194.2,-381.8,0,0.0,0.0,0.0000,-14.99,4.41,12.84,-1.93
3.9471,3.8760,71.2,0,-159.7,748.4,-2.0791,-145.8,732.3,-2.0691,-380.9,122.3,0.0000,-438.6,14.0,0.0396,201.2,-390.0,0,0.0,0.0,0.0000,-14.49,3.64,14.10,-1.36
3.9554,3.8760,79.4,0,-159.7,748.4,-2.0791,-145.8,732.3,-2.0691,-380.9,122.3,0.0000,-449.3,11.7,0.0396,208.4,-398.3,0,0.0,0.0,0.0000,-13.70,4.11,14.08,-1.23
3.9634,3.8760,87.4,0,-159.7,748.4,-2.0791,-145.8,732.3,-2.0691,-380.9,122.3,0.0000,-458.6,9.5,0.0396,214.9,-405.3,0,0.0,0.0,0.0000,-13.99,4.78,12.92,-1.10
3.9709,3.8760,94.9,0,-159.7,748.4,-2.0791,-145.8,732.3,-2.0691,-380.9,122.3,0.0000,-467.7,7.3,0.0396,221.2,-412.1,0,0.0,0.0,0.0000,-14.14,3.99,13.85,-1.00
3.9792,3.9780,1.2,0,-206.4,746.9,-2.1113,-185.4,742.0,-2.0691,-394.1,68.8,-0.0000,-451.0,7.5,0.1687,225.7,-390.6,0,0.0,0.0,0.0000,-14.69,3.10,14.48,-0.50
3.9868,3.9780,8.8,0,-206.4,746.9,-2.1113,-185.4,742.0,-2.0691,-394.1,68.8,-0.0000,-435.8,7.3,0.1687,218.0,-377.4,0,0.0,0.0,0.0000,-15.16,3.21,14.30,-1.76
3.9949,3.9780,16.9,0,-206.4,746.9,-2.1113,-185.4,742.0,-2.0691,-394.1,68.8,-0.0000,-419.8,6.6,0.1687,210.4,-363.3,0,0.0,0.0,0.0000,-14.59,3.23,13.99,-2.56
4.0028,3.9780,24.8,0,-206.4,746.9,-2.1113,-185.4,742.0,-2.0691,-394.1,68.8,-0.0000,-403.9,5.1,0.1687,203.5,-348.9,0,0.0,0.0,0.0000,-13.81,3.00,14.52,-1.64
4.0103,3.9780,32.3,0,-206.4,746.9,-2.1113,-185.4,742.0,-2.0691,-394.1,68.8,-0.0000,-389.4,1.7,0.1687,198.9,-334.8,0,0.0,0.0,0.0000,-14.16,1.79,14.72,-0.83
4.0190,3.9780,41.0,0,-206.4,746.9,-2.1113,-185.4,742.0,-2.0691,-394.1,68.8,-0.0000,-385.9,-5.3,0.1687,203.1,-328.2,0,0.0,0.0,0.0000,-14.05,0.84,14.18,-0.99
4.0272,3.9780,49.2,0,-206.4,746.9,-2.1113,-185.4,742.0,-2.0691,-394.1,68.8,-0.0000,-395.4,-8.6,0.1687,210.8,-334.6,0,0.0,0.0,0.0000,-14.69,0.78,14.52,-0.94
4.0348,3.9780,56.8,0,-206.4,746.9,-2.1113,-185.4,742.0,-2.0691,-394.1,68.8,-0.0000,-404.3,-11.8,0.1687,218.1,-340.6,0,0.0,0.0,0.0000,-14.57,1.71,14.67,-0.57
4.0434,3.9780,65.4,0,-206.4,746.9,-2.1113,-185.4,742.0,-2.0691,-394.1,68.8,-0.0000,-414.5,-15.5,0.1687,226.6,-347.4,0,0.0,0.0,0.0000,-14.75,3.42,14.26,-0.93
4.0511,3.9780,73.1,0,-206.4,746.9,-2.1113,-185.4,742.0,-2.0691,-394.1,68.8,-0.0000,-423.6,-19.0,0.1687,234.3,-353.4,0,0.0,0.0,0.0000,-13.07,4.30,14.27,-0.84
4.0589,3.9780,80.9,0,-206.4,746.9,-2.1113,-185.4,742.0,-2.0691,-394.1,68.8,-0.0000,-433.0,-22.1,0.1687,241.7,-359.9,0,0.0,0.0,0.0000,-13.27,4.62,14.96,-0.51
4.0665,3.9780,88.5,0,-206.4,746.9,-2.1113,-185.4,742.0,-2.0691,-394.1,68.8,-0.0000,-442.2,-25.2,0.1687,249.1,-366.2,0,0.0,0.0,0.0000,-12.74,4.50,14.93,0.10
4.0745,3.9780,96.5,0,-206.4,746.9,-2.1113,-185.4,742.0,-2.0691,-394.1,68.8,-0.0000,-451.1,-28.9,0.1687,256.9,-371.9,0,0.0,0.0,0.0000,-13.53,4.11,15.31,0.63
4.0829,4.0828,0.1,0,-247.1,746.7,-2.1245,-227.1,746.4,-2.0691,-399.5,13.8,-0.0000,-434.3,-29.4,0.2213,253.4,-354.0,0,0.0,0.0,0.0000,-13.53,4.17,15.19,1.16
4.0903,4.0828,7.5,0,-247.1,746.7,-2.1245,-227.1,746.4,-2.0691,-399.5,13.8,-0.0000,-419.6,-30.7,0.2213,246.7,-340.8,0,0.0,0.0,0.0000,-13.32,4.30,15.22,0.28
4.0991,4.0828,16.3,0,-247.1,746.7,-2.1245,-227.1,746.4,-2.0691,-399.5,13.8,-0.0000,-402.3,-33.8,0.2213,240.2,-324.4,0,0.0,0.0,0.0000,-13.23,4.51,15.59,0.00
4.1064,4.0828,23.6,0,-247.1,746.7,-2.1245,-227.1,746.4,-2.0691,-399.5,13.8,-0.0000,-388.3,-38.3,0.2213,236.7,-310.2,0,0.0,0.0,0.0000,-13.48,4.48,16.00,0.29
4.1149,4.0828,32.1,0,-247.1,746.7,-2.1245,-227.1,746.4,-2.0691,-399.5,13.8,-0.0000,-375.8,-49.8,0.2213,240.0,-293.5,0,0.0,0.0,0.0000,-13.49,4.82,16.06,0.21
4.1230,4.0828,40.2,0,-247.1,746.7,-2.1245,-227.1,746.4,-2.0691,-399.5,13.8,-0.0000,-384.5,-53.7,0.2213,247.9,-298.9,0,0.0,0.0,0.0000,-12.80,4.55,16.41,0.52
4.1303,4.0828,47.5,0,-247.1,746.7,-2.1245,-227.1,746.4,-2.0691,-399.5,13.8,-0.0000,-392.7,-56.7,0.2213,254.8,-304.2,0,0.0,0.0,0.0000,-12.59,4.10,14.81,0.90
4.1383,4.0828,55.5,0,-247.1,746.7,-2.1245,-227.1,746.4,-2.0691,-399.5,13.8,-0.0000,-401.8,-62.2,0.2213,264.1,-309.1,0,0.0,0.0,0.0000,-12.30,4.30,15.71,1.38
4.1469,4.0828,64.1,0,-247.1,746.7,-2.1245,-227.1,746.4,-2.0691,-399.5,13.8,-0.0000,-411.6,-68.2,0.2213,274.5,-314.2,0,0.0,0.0,0.0000,-8.47,4.19,16.77,1.40
4.1550,4.0828,72.2,0,-247.1,746.7,-2.1245,-227.1,746.4,-2.0691,-399.5,13.8,-0.0000,-420.3,-72.7,0.2213,282.8,-319.2,0,0.0,0.0,0.0000,-9.50,4.46,15.84,0.91
4.1627,4.0828,79.9,0,-247.1,746.7,-2.1245,-227.1,746.4,-2.0691,-399.5,13.8,-0.0000,-428.5,-77.3,0.2213,291.1,-323.8,0,0.0,0.0,0.0000,-10.51,4.19,16.52,1.54
4.1709,4.0828,88.1,0,-247.1,746.7,-2.1245,-227.1,746.4,-2.0691,-399.5,13.8,-0.0000,-437.7,-82.1,0.2213,300.0,-329.1,0,0.0,0.0,0.0000,-11.88,3.90,15.46,1.94
4.1794,4.0828,96.6,0,-247.1,746.7,-2.1245,-227.1,746.4,-2.0691,-399.5,13.8,-0.0000,-447.0,-87.1,0.2213,309.1,-334.4,0,0.0,0.0,0.0000,-12.38,3.63,14.60,2.27
4.1868,4.1824,4.4,0,-291.3,746.4,-2.1107,-266.8,745.1,-2.0691,-398.2,-40.2,-0.0000,-432.2,-87.6,0.1663,297.3,-325.7,0,0.0,0.0,0.0000,-12.70,3.63,15.24,1.88
4.1950,4.1824,12.6,0,-291.3,746.4,-2.1107,-266.8,745.1,-2.0691,-398.2,-40.2,-0.0000,-415.9,-89.0,0.1663,290.2,-311.0,0,0.0,0.0,0.0000,-11.37,3.92,15.46,2.15
4.2031,4.1824,20.7,0,-291.3,746.4,-2.1107,-266.8,745.1,-2.0691,-398.2,-40.2,-0.0000,-399.9,-91.7,0.1663,284.3,-295.9,0,0.0,0.0,0.0000,-11.88,3.64,15.45,2.06
4.2110,4.1824,28.6,0,-291.3,746.4,-2.1107,-266.8,745.1,-2.0691,-398.2,-40.2,-0.0000,-384.8,-96.4,0.1663,280.5,-280.5,0,0.0,0.0,0.0000,-12.30,3.42,16.39,2.39
4.2190,4.1824,36.6,0,-291.3,746.4,-2.1107,-266.8,745.1,-2.0691,-398.2,-40.2,-0.0000,-371.0,-104.4,0.1663,280.3,-264.5,0,0.0,0.0,0.0000,-12.57,2.69,15.31,3.26
4.2264,4.1824,44.0,0,-291.3,746.4,-2.1107,-266.8,745.1,-2.0691,-398.2,-40.2,-0.0000,-364.5,-117.6,0.1663,288.3,-252.2,0,0.0,0.0,0.0000,-13.67,2.81,15.66,3.21
4.2350,4.1824,52.6,0,-291.3,746.4,-2.1107,-266.8,745.1,-2.0691,-398.2,-40.2,-0.0000,-373.2,-123.9,0.1663,298.2,-256.4,0,0.0,0.0,0.0000,-13.04,2.31,16.07,2.85
4.2425,4.1824,60.1,0,-291.3,746.4,-2.1107,-266.8,745.1,-2.0691,-398.2,-40.2,-0.0000,-381.0,-129.0,0.1663,306.5,-260.5,0,0.0,0.0,0.0000,-13.65,2.16,14.90,2.89
4.2505,4.1824,68.1,0,-291.3,746.4,-2.1107,-266.8,745.1,-2.0691,-398.2,-40.2,-0.0000,-389.2,-135.0,0.1663,315.9,-264.4,0,0.0,0.0,0.0000,-13.06,2.09,14.89,2.28
4.2590,4.1824,76.6,0,-291.3,746.4,-2.1107,-266.8,745.1,-2.0691,-398.2,-40.2,-0.0000,-397.9,-141.6,0.1663,326.0,-268.5,0,0.0,0.0,0.0000,-13.18,2.32,14.86,2.55
4.2671,4.1824,84.7,0,-291.3,746.4,-2.1107,-266.8,745.1,-2.0691,-398.2,-40.2,-0.0000,-406.0,-147.6,0.1663,335.3,-272.4,0,0.0,0.0,0.0000,-13.17,1.43,13.71,2.90
4.2745,4.1824,92.1,0,-291.3,746.4,-2.1107,-266.8,745.1,-2.0691,-398.2,-40.2,-0.0000,-413.4,-153.1,0.1663,343.9,-275.9,0,0.0,0.0,0.0000,-13.43,-0.19,14.28,3.02
4.2831,4.1824,100.7,0,-291.3,746.4,-2.1107,-266.8,745.1,-2.0691,-398.2,-40.2,-0.0000,-421.6,-159.9,0.1663,353.9,-279.4,0,0.0,0.0,0.0000,-14.09,2.55,14.71,3.11
4.2911,4.2865,4.6,0,-338.3,739.8,-2.0728,-307.9,738.1,-2.0691,-389.1,-94.3,-0.0000,-405.7,-158.3,0.0148,334.0,-279.4,0,0.0,0.0,0.0000,-14.51,-0.22,13.98,2.68
4.2989,4.2865,12.4,0,-338.3,739.8,-2.0728,-307.9,738.1,-2.0691,-389.1,-94.3,-0.0000,-390.1,-157.5,0.0148,325.8,-266.2,0,0.0,0.0,0.0000,-13.84,-0.44,13.97,2.64
4.3065,4.2865,20.0,0,-338.3,739.8,-2.0728,-307.9,738.1,-2.0691,-389.1,-94.3,-0.0000,-374.9,-157.7,0.0148,318.6,-252.8,0,0.0,0.0,0.0000,-13.88,-1.19,13.88,2.93
4.3150,4.2865,28.5,0,-338.3,739.8,-2.0728,-307.9,738.1,-2.0691,-389.1,-94.3,-0.0000,-358.1,-159.8,0.0148,312.5,-237.0,0,0.0,0.0,0.0000,-14.62,-1.50,13.52,3.63
4.3228,4.2865,36.3,0,-338.3,739.8,-2.0728,-307.9,738.1,-2.0691,-389.1,-94.3,-0.0000,-343.3,-164.7,0.0148,309.6,-221.7,0,0.0,0.0,0.0000,-15.14,-1.75,13.86,3.62
4.3310,4.2865,44.5,0,-338.3,739.8,-2.0728,-307.9,738.1,-2.0691,-389.1,-94.3,-0.0000,-330.9,-175.5,0.0148,313.1,-205.7,0,0.0,0.0,0.0000,-15.13,-2.41,11.35,3.96
4.3393,4.2865,52.8,0,-338.3,739.8,-2.0728,-307.9,738.1,-2.0691,-389.1,-94.3,-0.0000,-334.7,-186.0,0.0148,324.1,-203.9,0,0.0,0.0,0.0000,-15.67,-2.91,8.93,4.21
4.3473,4.2865,60.8,0,-338.3,739.8,-2.0728,-307.9,738.1,-2.0691,-389.1,-94.3,-0.0000,-341.9,-192.8,0.0148,333.6,-206.9,0,0.0,0.0,0.0000,-15.51,-2.84,10.75,3.93
4.3546,4.2865,68.1,0,-338.3,739.8,-2.0728,-307.9,738.1,-2.0691,-389.1,-94.3,-0.0000,-348.5,-199.1,0.0148,342.3,-209.7,0,0.0,0.0,0.0000,-14.89,-2.63,12.68,3.92
4.3626,4.2865,76.1,0,-338.3,739.8,-2.0728,-307.9,738.1,-2.0691,-389.1,-94.3,-0.0000,-355.8,-206.1,0.0148,351.9,-212.7,0,0.0,0.0,0.0000,-14.47,-3.39,13.32,3.74
4.3712,4.2865,84.7,0,-338.3,739.8,-2.0728,-307.9,738.1,-2.0691,-389.1,-94.3,-0.0000,-363.6,-213.7,0.0148,362.3,-215.9,0,0.0,0.0,0.0000,-15.71,-3.57,13.17,4.57
4.3787,4.2865,92.2,0,-338.3,739.8,-2.0728,-307.9,738.1,-2.0691,-389.1,-94.3,-0.0000,-370.0,-220.6,0.0148,371.4,-218.2,0,0.0,0.0,0.0000,-15.62,-3.73,12.73,4.17
4.3865,4.3864,0.1,0,-377.2,727.2,-2.1051,-346.0,726.1,-2.0691,-373.0,-144.9,0.0000,-355.0,-216.4,0.1437,367.1,-195.3,0,0.0,0.0,0.0000,-15.10,-3.67,12.54,3.97
4.3948,4.3864,8.4,0,-377.2,727.2,-2.1051,-346.0,726.1,-2.0691,-373.0,-144.9,0.0000,-338.8,-212.9,0.1437,355.8,-183.2,0,0.0,0.0,0.0000,-14.82,-4.12,12.11,4.54
4.4027,4.3864,16.3,0,-377.2,727.2,-2.1051,-346.0,726.1,-2.0691,-373.0,-144.9,0.0000,-323.1,-210.9,0.1437,346.0,-170.7,0,0.0,0.0,0.0000,-15.61,-4.00,12.90,4.67
4.4109,4.3864,24.5,0,-377.2,727.2,-2.1051,-346.0,726.1,-2.0691,-373.0,-144.9,0.0000,-306.7,-211.3,0.1437,338.0,-156.4,0,0.0,0.0,0.0000,-14.96,-4.35,12.05,5.13
4.4185,4.3864,32.1,0,-377.2,727.2,-2.1051,-346.0,726.1,-2.0691,-373.0,-144.9,0.0000,-292.6,-216.8,0.1437,335.6,-141.4,0,0.0,0.0,0.0000,-14.29,-4.17,12.22,5.25
4.4268,4.3864,40.4,0,-377.2,727.2,-2.1051,-346.0,726.1,-2.0691,-373.0,-144.9,0.0000,-294.7,-227.1,0.1437,345.6,-138.0,0,0.0,0.0,0.0000,-14.34,-3.95,12.57,5.30
4.4344,4.3864,48.0,0,-377.2,727.2,-2.1051,-346.0,726.1,-2.0691,-373.0,-144.9,0.0000,-300.4,-235.3,0.1437,355.5,-138.7,0,0.0,0.0,0.0000,-14.04,-4.53,12.77,6.23
4.4429,4.3864,56.5,0,-377.2,727.2,-2.1051,-346.0,726.1,-2.0691,-373.0,-144.9,0.0000,-307.1,-243.1,0.1437,365.6,-140.5,0,0.0,0.0,0.0000,-14.32,-4.79,12.96,6.19
4.4505,4.3864,64.1,0,-377.2,727.2,-2.1051,-346.0,726.1,-2.0691,-373.0,-144.9,0.0000,-313.0,-250.4,0.1437,374.9,-141.9,0,0.0,0.0,0.0000,-14.05,-4.46,12.51,6.82
4.4585,4.3864,72.1,0,-377.2,727.2,-2.1051,-346.0,726.1,-2.0691,-373.0,-144.9,0.0000,-319.5,-257.9,0.1437,384.7,-143.6,0,0.0,0.0,0.0000,-14.31,-4.21,12.88,6.40
4.4673,4.3864,80.9,0,-377.2,727.2,-2.1051,-346.0,726.1,-2.0691,-373.0,-144.9,0.0000,-326.6,-266.3,0.1437,395.5,-145.5,0,0.0,0.0,0.0000,-14.03,-4.19,12.94,6.30
4.4753,4.3864,88.9,0,-377.2,727.2,-2.1051,-346.0,726.1,-2.0691,-373.0,-144.9,0.0000,-332.8,-274.6,0.1437,405.8,-146.6,0,0.0,0.0,0.0000,-13.67,-4.23,12.68,6.78
4.4831,4.3864,96.7,0,-377.2,727.2,-2.1051,-346.0,726.1,-2.0691,-373.0,-144.9,0.0000,-339.0,-282.7,0.1437,415.9,-147.8,0,0.0,0.0,0.0000,-13.86,-4.30,12.99,7.34
4.4906,4.4892,1.4,0,-412.9,710.6,-2.1408,-383.1,708.6,-2.0691,-349.3,-194.6,0.0000,-325.1,-276.9,0.2866,408.6,-124.2,0,0.0,0.0,0.0000,-13.15,-4.67,12.93,7.25
4.4986,4.4892,9.4,0,-412.9,710.6,-2.1408,-383.1,708.6,-2.0691,-349.3,-194.6,0.0000,-309.9,-271.8,0.2866,396.1,-114.2,0,0.0,0.0,0.0000,-13.44,-4.31,12.53,7.35
4.5063,4.4892,17.1,0,-412.9,710.6,-2.1408,-383.1,708.6,-2.0691,-349.3,-194.6,0.0000,-295.0,-268.1,0.2866,384.9,-103.7,0,0.0,0.0,0.0000,-12.75,-4.54,12.65,7.65
4.5146,4.4892,25.4,0,-412.9,710.6,-2.1408,-383.1,708.6,-2.0691,-349.3,-194.6,0.0000,-278.4,-266.8,0.2866,374.9,-90.4,0,0.0,0.0,0.0000,-12.78,-4.23,12.19,7.76
4.5230,4.4892,33.8,0,-412.9,710.6,-2.1408,-383.1,708.6,-2.0691,-349.3,-194.6,0.0000,-262.7,-272.9,0.2866,371.5,-73.9,0,0.0,0.0,0.0000,-12.91,-4.42,12.73,8.09
4.5307,4.4892,41.5,0,-412.9,710.6,-2.1408,-383.1,708.6,-2.0691,-349.3,-194.6,0.0000,-266.0,-282.1,0.2866,381.0,-71.7,0,0.0,0.0,0.0000,-12.76,-2.69,12.52,7.83
4.5392,4.4892,50.0,0,-412.9,710.6,-2.1408,-383.1,708.6,-2.0691,-349.3,-194.6,0.0000,-271.1,-291.2,0.2866,391.5,-71.1,0,0.0,0.0,0.0000,-13.10,-1.16,13.77,8.64
4.5468,4.4892,57.6,0,-412.9,710.6,-2.1408,-383.1,708.6,-2.0691,-349.3,-194.6,0.0000,-275.7,-299.7,0.2866,401.1,-70.4,0,0.0,0.0,0.0000,-13.25,-3.73,13.71,9.33
4.5547,4.4892,65.5,0,-412.9,710.6,-2.1408,-383.1,708.6,-2.0691,-349.3,-194.6,0.0000,-281.0,-307.7,0.2866,410.7,-70.5,0,0.0,0.0,0.0000,-12.29,-5.09,13.48,8.55
4.5630,4.4892,73.8,0,-412.9,710.6,-2.1408,-383.1,708.6,-2.0691,-349.3,-194.6,0.0000,-286.4,-316.2,0.2866,420.7,-70.5,0,0.0,0.0,0.0000,-12.38,-5.53,13.84,8.89
4.5707,4.4892,81.5,0,-412.9,710.6,-2.1408,-383.1,708.6,-2.0691,-349.3,-194.6,0.0000,-291.3,-324.8,0.2866,430.6,-70.0,0,0.0,0.0,0.0000,-12.45,-6.04,13.32,9.63
4.5790,4.4892,89.8,0,-412.9,710.6,-2.1408,-383.1,708.6,-2.0691,-349.3,-194.6,0.0000,-296.4,-334.1,0.2866,441.2,-69.2,0,0.0,0.0,0.0000,-12.67,-6.20,13.29,9.87
4.5866,4.4892,97.4,0,-412.9,710.6,-2.1408,-383.1,708.6,-2.0691,-349.3,-194.6,0.0000,-301.4,-342.5,0.2866,450.9,-68.9,0,0.0,0.0,0.0000,-12.60,-6.05,13.69,10.33
4.5951,4.5894,5.6,0,-446.6,687.6,-2.1148,-416.7,686.8,-2.0691,-320.3,-239.7,-0.0000,-287.1,-333.5,0.1825,434.0,-73.0,0,0.0,0.0,0.0000,-12.33,-5.73,13.11,9.83
4.6026,4.5894,13.1,0,-446.6,687.6,-2.1148,-416.7,686.8,-2.0691,-320.3,-239.7,-0.0000,-273.9,-326.4,0.1825,421.0,-65.4,0,0.0,0.0,0.0000,-11.67,-6.14,13.10,9.72
4.6104,4.5894,20.9,0,-446.6,687.6,-2.1148,-416.7,686.8,-2.0691,-320.3,-239.7,-0.0000,-259.5,-320.3,0.1825,408.3,-56.2,0,0.0,0.0,0.0000,-10.33,-6.95,13.04,9.89
4.6192,4.5894,29.8,0,-446.6,687.6,-2.1148,-416.7,686.8,-2.0691,-320.3,-239.7,-0.0000,-242.3,-315.9,0.1825,395.7,-43.9,0,0.0,0.0,0.0000,-6.95,-7.06,12.88,10.29
4.6269,4.5894,37.4,0,-446.6,687.6,-2.1148,-416.7,686.8,-2.0691,-320.3,-239.7,-0.0000,-227.2,-317.6,0.1825,389.3,-30.0,0,0.0,0.0,0.0000,-9.84,-7.59,13.20,10.40
4.6350,4.5894,45.6,0,-446.6,687.6,-2.1148,-416.7,686.8,-2.0691,-320.3,-239.7,-0.0000,-221.5,-321.0,0.1825,389.3,-23.4,0,0.0,0.0,0.0000,-11.15,-7.23,12.87,11.55
4.6424,4.5894,53.0,0,-446.6,687.6,-2.1148,-416.7,686.8,-2.0691,-320.3,-239.7,-0.0000,-221.8,-324.8,0.1825,392.6,-21.7,0,0.0,0.0,0.0000,-12.21,-6.75,12.89,11.21
4.6511,4.5894,61.7,0,-446.6,687.6,-2.1148,-416.7,686.8,-2.0691,-320.3,-239.7,-0.0000,-220.1,-328.0,0.1825,394.5,-18.6,0,0.0,0.0,0.0000,-11.30,-6.60,12.16,10.35
4.6588,4.5894,69.4,0,-446.6,687.6,-2.1148,-416.7,686.8,-2.0691,-320.3,-239.7,-0.0000,-218.6,-331.1,0.1825,396.5,-15.7,0,0.0,0.0,0.0000,-11.43,-6.16,11.86,10.06
4.6671,4.5894,77.6,0,-446.6,687.6,-2.1148,-416.7,686.8,-2.0691,-320.3,-239.7,-0.0000,-218.2,-333.9,0.1825,398.7,-13.9,0,0.0,0.0,0.0000,-10.22,-6.46,11.78,10.61
4.6745,4.5894,85.1,0,-446.6,687.6,-2.1148,-416.7,686.8,-2.0691,-320.3,-239.7,-0.0000,-217.6,-336.7,0.1825,400.8,-12.0,0,0.0,0.0,0.0000,-11.61,-7.09,12.11,10.63
4.6825,4.5894,93.1,0,-446.6,687.6,-2.1148,-416.7,686.8,-2.0691,-320.3,-239.7,-0.0000,-216.8,-339.4,0.1825,402.6,-9.8,0,0.0,0.0,0.0000,-12.29,-7.39,12.26,10.89
4.6912,4.5894,101.8,0,-446.6,687.6,-2.1148,-416.7,686.8,-2.0691,-320.3,-239.7,-0.0000,-215.5,-342.6,0.1825,404.7,-7.1,0,0.0,0.0,0.0000,-12.03,-6.87,11.68,10.57
4.6984,4.6951,3.4,0,-478.8,660.7,-2.0882,-448.7,659.2,-2.0691,-283.2,-283.0,0.0000,-204.3,-333.4,0.0764,390.8,-12.7,0,0.0,0.0,0.0000,-11.62,-7.58,11.81,10.27
4.7071,4.6951,12.0,0,-478.8,660.7,-2.0882,-448.7,659.2,-2.0691,-283.2,-283.0,0.0000,-190.8,-322.6,0.0764,374.8,-6.2,0,0.0,0.0,0.0000,-12.67,-8.14,11.11,10.53
4.7151,4.6951,20.1,0,-478.8,660.7,-2.0882,-448.7,659.2,-2.0691,-283.2,-283.0,0.0000,-177.9,-312.9,0.0764,360.0,0.1,0,0.0,0.0,0.0000,-13.20,-8.41,11.51,10.85
4.7223,4.6951,27.2,0,-478.8,660.7,-2.0882,-448.7,659.2,-2.0691,-283.2,-283.0,0.0000,-166.2,-304.6,0.0764,346.9,6.2,0,0.0,0.0,0.0000,-10.74,-8.24,11.10,11.53
4.7303,4.6951,35.2,0,-478.8,660.7,-2.0882,-448.7,659.2,-2.0691,-283.2,-283.0,0.0000,-153.1,-295.7,0.0764,332.7,13.2,0,0.0,0.0,0.0000,-11.38,-9.35,11.19,11.41
4.7387,4.6951,43.7,0,-478.8,660.7,-2.0882,-448.7,659.2,-2.0691,-283.2,-283.0,0.0000,-138.6,-286.9,0.0764,317.9,21.5,0,0.0,0.0,0.0000,-10.87,-9.68,10.85,11.70
4.7473,4.6951,52.2,0,-478.8,660.7,-2.0882,-448.7,659.2,-2.0691,-283.2,-283.0,0.0000,-123.5,-278.8,0.0764,303.4,30.6,0,0.0,0.0,0.0000,-10.70,-9.66,10.75,11.62
4.7549,4.6951,59.8,0,-478.8,660.7,-2.0882,-448.7,659.2,-2.0691,-283.2,-283.0,0.0000,-115.6,-276.0,0.0764,297.1,36.0,0,0.0,0.0,0.0000,-11.26,-9.14,10.49,11.00
4.7629,4.6951,67.8,0,-478.8,660.7,-2.0882,-448.7,659.2,-2.0691,-283.2,-283.0,0.0000,-114.9,-277.5,0.0764,298.0,37.4,0,0.0,0.0,0.0000,-11.07,-9.72,10.16,8.70
4.7713,4.6951,76.3,0,-478.8,660.7,-2.0882,-448.7,659.2,-2.0691,-283.2,-283.0,0.0000,-113.6,-279.0,0.0764,298.7,39.2,0,0.0,0.0,0.0000,-10.95,-10.70,9.51,7.50
4.7794,4.6951,84.3,0,-478.8,660.7,-2.0882,-448.7,659.2,-2.0691,-283.2,-283.0,0.0000,-113.3,-279.2,0.0764,298.7,39.7,0,0.0,0.0,0.0000,-10.83,-10.35,9.27,9.58
4.7868,4.6951,91.8,0,-478.8,660.7,-2.0882,-448.7,659.2,-2.0691,-283.2,-283.0,0.0000,-112.7,-279.6,0.0764,298.7,40.4,0,0.0,0.0,0.0000,-11.32,-9.92,9.05,10.31
4.7949,4.6951,99.8,0,-478.8,660.7,-2.0882,-448.7,659.2,-2.0691,-283.2,-283.0,0.0000,-111.6,-279.5,0.0764,298.1,41.2,0,0.0,0.0,0.0000,-11.25,-9.93,8.45,10.24
4.8032,4.7966,6.6,0,-499.9,632.2,-2.0685,-473.3,631.5,-2.0691,-195.2,-248.2,-0.0000,-101.7,-266.3,-0.0025,282.5,37.8,0,0.0,0.0,0.0000,-10.32,-10.21,7.59,10.60
4.8109,4.7966,14.4,0,-499.9,632.2,-2.0685,-473.3,631.5,-2.0691,-195.2,-248.2,-0.0000,-92.2,-253.9,-0.0025,267.1,40.2,0,0.0,0.0,0.0000,-9.99,-9.72,7.98,10.70
4.8193,4.7966,22.8,0,-499.9,632.2,-2.0685,-473.3,631.5,-2.0691,-195.2,-248.2,-0.0000,-82.0,-240.6,-0.0025,250.5,42.8,0,0.0,0.0,0.0000,-9.60,-9.93,8.03,10.09
4.8273,4.7966,30.8,0,-499.9,632.2,-2.0685,-473.3,631.5,-2.0691,-195.2,-248.2,-0.0000,-72.0,-228.1,-0.0025,234.8,45.6,0,0.0,0.0,0.0000,-9.25,-9.85,7.90,10.10
4.8350,4.7966,38.4,0,-499.9,632.2,-2.0685,-473.3,631.5,-2.0691,-195.2,-248.2,-0.0000,-62.2,-216.4,-0.0025,219.9,48.7,0,0.0,0.0,0.0000,-9.72,-10.14,7.49,10.00
4.8431,4.7966,46.6,0,-499.9,632.2,-2.0685,-473.3,631.5,-2.0691,-195.2,-248.2,-0.0000,-51.9,-203.8,-0.0025,203.8,51.7,0,0.0,0.0,0.0000,-9.16,-9.85,7.00,9.60
4.8505,4.7966,53.9,0,-499.9,632.2,-2.0685,-473.3,631.5,-2.0691,-195.2,-248.2,-0.0000,-42.6,-192.3,-0.0025,189.3,54.4,0,0.0,0.0,0.0000,-8.66,-9.28,6.48,8.72
4.8585,4.7966,61.9,0,-499.9,632.2,-2.0685,-473.3,631.5,-2.0691,-195.2,-248.2,-0.0000,-39.5,-188.9,-0.0025,184.9,55.4,0,0.0,0.0,0.0000,-7.72,-9.13,5.62,8.93
4.8673,4.7966,70.7,0,-499.9,632.2,-2.0685,-473.3,631.5,-2.0691,-195.2,-248.2,-0.0000,-37.7,-187.1,-0.0025,182.4,56.2,0,0.0,0.0,0.0000,-8.74,-9.39,5.59,8.74
4.8751,4.7966,78.6,0,-499.9,632.2,-2.0685,-473.3,631.5,-2.0691,-195.2,-248.2,-0.0000,-36.5,-185.6,-0.0025,180.5,56.5,0,0.0,0.0,0.0000,-7.79,-9.33,5.31,9.29
4.8823,4.7966,85.7,0,-499.9,632.2,-2.0685,-473.3,631.5,-2.0691,-195.2,-248.2,-0.0000,-35.2,-184.1,-0.0025,178.6,56.9,0,0.0,0.0,0.0000,-7.80,-9.18,5.20,9.35
4.8912,4.7966,94.7,0,-499.9,632.2,-2.0685,-473.3,631.5,-2.0691,-195.2,-248.2,-0.0000,-33.2,-181.6,-0.0025,175.4,57.5,0,0.0,0.0,0.0000,-6.73,-8.37,5.02,9.13
4.8987,4.7966,102.2,0,-499.9,632.2,-2.0685,-473.3,631.5,-2.0691,-195.2,-248.2,-0.0000,-31.3,-179.4,-0.0025,172.6,58.2,0,0.0,0.0,0.0000,-7.11,-8.68,4.92,8.62
4.9071,4.9016,5.5,0,-514.4,598.3,-2.0905,-489.3,609.0,-2.0691,-115.0,-177.2,0.0000,-24.7,-164.0,0.0853,154.6,60.0,0,0.0,0.0,0.0000,-6.06,-7.87,4.04,8.18
4.9144,4.9016,12.7,0,-514.4,598.3,-2.0905,-489.3,609.0,-2.0691,-115.0,-177.2,0.0000,-19.1,-150.6,0.0853,140.2,58.3,0,0.0,0.0,0.0000,-5.65,-8.21,3.11,7.97
4.9228,4.9016,21.2,0,-514.4,598.3,-2.0905,-489.3,609.0,-2.0691,-115.0,-177.2,0.0000,-12.3,-135.2,0.0853,123.4,56.5,0,0.0,0.0,0.0000,-5.16,-7.85,0.99,10.14
4.9303,4.9016,28.6,0,-514.4,598.3,-2.0905,-489.3,609.0,-2.0691,-115.0,-177.2,0.0000,-6.1,-121.6,0.0853,108.6,55.1,0,0.0,0.0,0.0000,-4.96,-7.40,0.70,7.63
4.9383,4.9016,36.6,0,-514.4,598.3,-2.0905,-489.3,609.0,-2.0691,-115.0,-177.2,0.0000,0.6,-107.1,0.0853,92.6,53.7,0,0.0,0.0,0.0000,-4.67,-6.73,2.29,7.38
4.9468,4.9016,45.2,0,-514.4,598.3,-2.0905,-489.3,609.0,-2.0691,-115.0,-177.2,0.0000,7.9,-91.6,0.0853,75.6,52.4,0,0.0,0.0,0.0000,-4.62,-6.51,2.74,7.14
4.9544,4.9016,52.7,0,-514.4,598.3,-2.0905,-489.3,609.0,-2.0691,-115.0,-177.2,0.0000,14.3,-78.0,0.0853,60.6,51.2,0,0.0,0.0,0.0000,-3.26,-5.81,2.68,6.42
4.9630,4.9016,61.4,0,-514.4,598.3,-2.0905,-489.3,609.0,-2.0691,-115.0,-177.2,0.0000,21.7,-62.3,0.0853,43.3,49.8,0,0.0,0.0,0.0000,-3.00,-4.92,2.65,6.04
4.9703,4.9016,68.6,0,-514.4,598.3,-2.0905,-489.3,609.0,-2.0691,-115.0,-177.2,0.0000,28.3,-49.4,0.0853,28.8,49.1,0,0.0,0.0,0.0000,-2.42,-4.77,2.31,5.80
4.9790,4.9016,77.4,0,-514.4,598.3,-2.0905,-489.3,609.0,-2.0691,-115.0,-177.2,0.0000,31.3,-44.8,0.0853,23.3,49.4,0,0.0,0.0,0.0000,-1.43,-4.52,2.17,6.06
4.9865,4.9016,84.9,0,-514.4,598.3,-2.0905,-489.3,609.0,-2.0691,-115.0,-177.2,0.0000,33.3,-40.1,0.0853,18.3,48.8,0,0.0,0.0,0.0000,-1.75,-4.07,1.78,5.91
4.9950,4.9016,93.4,0,-514.4,598.3,-2.0905,-489.3,609.0,-2.0691,-115.0,-177.2,0.0000,35.7,-34.4,0.0853,12.1,48.0,0,0.0,0.0,0.0000,-0.94,-3.50,1.89,5.40
5.0032,5.0019,1.3,0,-519.7,577.4,-2.0836,-497.7,595.3,-2.0691,-55.7,-95.7,-0.0000,40.1,-18.6,0.0576,-3.5,44.1,0,0.0,0.0,0.0000,-0.27,-3.25,1.34,4.57
5.0105,5.0019,8.6,0,-519.7,577.4,-2.0836,-497.7,595.3,-2.0691,-55.7,-95.7,-0.0000,44.4,-4.7,0.0576,-17.7,40.9,0,0.0,0.0,0.0000,0.35,-2.72,0.91,4.67
5.0186,5.0019,16.7,0,-519.7,577.4,-2.0836,-497.7,595.3,-2.0691,-55.7,-95.7,-0.0000,49.2,10.8,0.0576,-33.6,37.6,0,0.0,0.0,0.0000,0.08,-2.35,0.44,3.63
5.0274,5.0019,25.5,0,-519.7,577.4,-2.0836,-497.7,595.3,-2.0691,-55.7,-95.7,-0.0000,55.2,27.2,0.0576,-50.8,34.8,0,0.0,0.0,0.0000,1.56,-1.83,0.33,3.12
5.0347,5.0019,32.8,0,-519.7,577.4,-2.0836,-497.7,595.3,-2.0691,-55.7,-95.7,-0.0000,60.1,41.1,0.0576,-65.3,32.2,0,0.0,0.0,0.0000,2.06,-1.32,-0.12,2.90
5.0423,5.0019,40.4,0,-519.7,577.4,-2.0836,-497.7,595.3,-2.0691,-55.7,-95.7,-0.0000,60.8,44.0,0.0576,-68.2,31.4,0,0.0,0.0,0.0000,2.45,-0.71,-0.61,2.19
5.0512,5.0019,49.3,0,-519.7,577.4,-2.0836,-497.7,595.3,-2.0691,-55.7,-95.7,-0.0000,60.0,42.4,0.0576,-66.4,31.5,0,0.0,0.0,0.0000,2.58,-0.49,-0.80,1.71
5.0591,5.0019,57.2,0,-519.7,577.4,-2.0836,-497.7,595.3,-2.0691,-55.7,-95.7,-0.0000,59.3,41.2,0.0576,-65.0,31.5,0,0.0,0.0,0.0000,3.15,0.62,-1.25,0.92
5.0666,5.0019,64.7,0,-519.7,577.4,-2.0836,-497.7,595.3,-2.0691,-55.7,-95.7,-0.0000,58.8,40.3,0.0576,-63.9,31.5,0,0.0,0.0,0.0000,3.65,1.17,-1.40,0.23
5.0752,5.0019,73.4,0,-519.7,577.4,-2.0836,-497.7,595.3,-2.0691,-55.7,-95.7,-0.0000,58.3,39.3,0.0576,-62.8,31.5,0,0.0,0.0,0.0000,3.71,1.68,-1.76,-0.72
5.0825,5.0019,80.6,0,-519.7,577.4,-2.0836,-497.7,595.3,-2.0691,-55.7,-95.7,-0.0000,57.9,38.7,0.0576,-62.1,31.5,0,0.0,0.0,0.0000,2.92,1.48,-2.63,-1.12
5.0911,5.0019,89.2,0,-519.7,577.4,-2.0836,-497.7,595.3,-2.0691,-55.7,-95.7,-0.0000,57.6,38.1,0.0576,-61.5,31.5,0,0.0,0.0,0.0000,5.05,2.29,-2.94,-2.02
5.0991,5.0019,97.3,0,-519.7,577.4,-2.0836,-497.7,595.3,-2.0691,-55.7,-95.7,-0.0000,57.4,37.8,0.0576,-61.1,31.5,0,0.0,0.0,0.0000,4.36,2.95,-2.91,-2.39
5.1069,5.1045,2.3,0,-513.5,572.7,-2.0500,-500.6,590.0,-2.0691,-4.9,-8.9,-0.0000,45.0,47.1,-0.0764,-62.5,18.2,0,0.0,0.0,0.0000,4.91,2.62,-3.55,-2.90
5.1150,5.1045,10.4,0,-513.5,572.7,-2.0500,-500.6,590.0,-2.0691,-4.9,-8.9,-0.0000,38.7,51.7,-0.0764,-63.8,10.5,0,0.0,0.0,0.0000,5.01,2.81,-2.06,-3.45
5.1234,5.1045,18.9,0,-513.5,572.7,-2.0500,-500.6,590.0,-2.0691,-4.9,-8.9,-0.0000,38.7,51.7,-0.0764,-63.8,10.5,0,0.0,0.0,0.0000,6.05,2.27,-1.02,-4.02
5.1313,5.1045,26.7,0,-513.5,572.7,-2.0500,-500.6,590.0,-2.0691,-4.9,-8.9,-0.0000,38.7,51.7,-0.0764,-63.8,10.5,0,0.0,0.0,0.0000,5.63,2.13,-2.33,-4.17
5.1385,5.1045,34.0,0,-513.5,572.7,-2.0500,-500.6,590.0,-2.0691,-4.9,-8.9,-0.0000,38.7,51.7,-0.0764,-63.8,10.5,0,0.0,0.0,0.0000,5.39,2.72,-4.96,-4.16
5.1465,5.1045,42.0,0,-513.5,572.7,-2.0500,-500.6,590.0,-2.0691,-4.9,-8.9,-0.0000,38.7,51.7,-0.0764,-63.8,10.5,0,0.0,0.0,0.0000,5.96,2.47,-5.36,-5.01
5.1546,5.1045,50.1,0,-513.5,572.7,-2.0500,-500.6,590.0,-2.0691,-4.9,-8.9,-0.0000,38.7,51.7,-0.0764,-63.8,10.5,0,0.0,0.0,0.0000,5.41,2.85,-6.30,-5.29
5.1628,5.1045,58.2,0,-513.5,572.7,-2.0500,-500.6,590.0,-2.0691,-4.9,-8.9,-0.0000,38.7,51.7,-0.0764,-63.8,10.5,0,0.0,0.0,0.0000,5.62,2.61,-6.30,-4.96
5.1711,5.1045,66.5,0,-513.5,572.7,-2.0500,-500.6,590.0,-2.0691,-4.9,-8.9,-0.0000,38.7,51.7,-0.0764,-63.8,10.5,0,0.0,0.0,0.0000,5.98,2.65,-6.35,-5.09
5.1791,5.1045,74.5,0,-513.5,572.7,-2.0500,-500.6,590.0,-2.0691,-4.9,-8.9,-0.0000,38.7,51.7,-0.0764,-63.8,10.5,0,0.0,0.0,0.0000,6.00,2.31,-6.04,-5.44
5.1864,5.1045,81.9,0,-513.5,572.7,-2.0500,-500.6,590.0,-2.0691,-4.9,-8.9,-0.0000,38.7,51.7,-0.0764,-63.8,10.5,0,0.0,0.0,0.0000,5.42,2.24,-6.89,-5.53
5.1947,5.1045,90.1,0,-513.5,572.7,-2.0500,-500.6,590.0,-2.0691,-4.9,-8.9,-0.0000,38.7,51.7,-0.0764,-63.8,10.5,0,0.0,0.0,0.0000,5.08,2.46,-6.89,-4.92
5.2027,5.1045,98.1,0,-513.5,572.7,-2.0500,-500.6,590.0,-2.0691,-4.9,-8.9,-0.0000,38.7,51.7,-0.0764,-63.8,10.5,0,0.0,0.0,0.0000,5.17,2.07,-6.90,-5.61
5.2108,5.2095,1.2,0,-502.6,584.3,-2.0546,-500.6,589.9,-2.0691,0.0,0.0,0.0000,27.6,40.0,-0.0584,-48.2,5.8,0,0.0,0.0,0.0000,6.22,2.44,-6.80,-5.25
5.2185,5.2095,9.0,0,-502.6,584.3,-2.0546,-500.6,589.9,-2.0691,0.0,0.0,0.0000,16.9,28.7,-0.0584,-33.2,1.6,0,0.0,0.0,0.0000,6.10,2.25,-7.05,-5.04
5.2265,5.2095,17.0,0,-502.6,584.3,-2.0546,-500.6,589.9,-2.0691,0.0,0.0,0.0000,5.9,17.1,-0.0584,-17.9,-2.7,0,0.0,0.0,0.0000,5.25,2.14,-6.11,-4.98
5.2351,5.2095,25.6,0,-502.6,584.3,-2.0546,-500.6,589.9,-2.0691,0.0,0.0,0.0000,5.8,16.9,-0.0584,-17.7,-2.8,0,0.0,0.0,0.0000,4.83,2.15,-5.62,-5.01
5.2433,5.2095,33.7,0,-502.6,584.3,-2.0546,-500.6,589.9,-2.0691,0.0,0.0,0.0000,5.8,16.9,-0.0584,-17.7,-2.8,0,0.0,0.0,0.0000,4.96,2.11,-5.34,-4.91
5.2509,5.2095,41.4,0,-502.6,584.3,-2.0546,-500.6,589.9,-2.0691,0.0,0.0,0.0000,5.8,16.9,-0.0584,-17.7,-2.8,0,0.0,0.0,0.0000,5.24,1.54,-5.42,-4.32
5.2590,5.2095,49.5,0,-502.6,584.3,-2.0546,-500.6,589.9,-2.0691,0.0,0.0,0.0000,5.8,16.9,-0.0584,-17.7,-2.8,0,0.0,0.0,0.0000,4.30,1.48,-5.58,-3.92
5.2665,5.2095,57.0,0,-502.6,584.3,-2.0546,-500.6,589.9,-2.0691,0.0,0.0,0.0000,5.8,16.9,-0.0584,-17.7,-2.8,0,0.0,0.0,0.0000,4.51,1.16,-4.51,-3.40
5.2745,5.2095,65.0,0,-502.6,584.3,-2.0546,-500.6,589.9,-2.0691,0.0,0.0,0.0000,5.8,16.9,-0.0584,-17.7,-2.8,0,0.0,0.0,0.0000,3.49,0.71,-4.16,-2.77
5.2831,5.2095,73.6,0,-502.6,584.3,-2.0546,-500.6,589.9,-2.0691,0.0,0.0,0.0000,5.8,16.9,-0.0584,-17.7,-2.8,0,0.0,0.0,0.0000,3.77,1.22,-4.34,-2.55
5.2912,5.2095,81.7,0,-502.6,584.3,-2.0546,-500.6,589.9,-2.0691,0.0,0.0,0.0000,5.8,16.9,-0.0584,-17.7,-2.8,0,0.0,0.0,0.0000,3.33,0.38,-3.92,-1.94
5.2987,5.2095,89.1,0,-502.6,584.3,-2.0546,-500.6,589.9,-2.0691,0.0,0.0,0.0000,5.8,16.9,-0.0584,-17.7,-2.8,0,0.0,0.0,0.0000,3.01,-0.11,-3.38,-1.92
5.3068,5.2095,97.3,0,-502.6,584.3,-2.0546,-500.6,589.9,-2.0691,0.0,0.0,0.0000,5.8,16.9,-0.0584,-17.7,-2.8,0,0.0,0.0,0.0000,2.21,0.41,-2.78,-1.66
5.3150,5.3086,6.3,0,-489.2,596.4,-2.0739,-500.6,589.9,-2.0691,0.0,0.0,0.0000,-6.3,6.0,0.0189,-2.2,-8.4,0,0.0,0.0,0.0000,1.60,0.20,-2.42,-1.10
5.3227,5.3086,14.1,0,-489.2,596.4,-2.0739,-500.6,589.9,-2.0691,0.0,0.0,0.0000,-17.8,-4.4,0.0189,12.5,-13.5,0,0.0,0.0,0.0000,1.28,0.49,-1.55,-0.71
5.3313,5.3086,22.6,0,-489.2,596.4,-2.0739,-500.6,589.9,-2.0691,0.0,0.0,0.0000,-30.5,-15.9,0.0189,28.6,-19.1,0,0.0,0.0,0.0000,1.41,-0.40,-1.09,-0.25
5.3393,5.3086,30.6,0,-489.2,596.4,-2.0739,-500.6,589.9,-2.0691,0.0,0.0,0.0000,-34.4,-19.4,0.0189,33.6,-20.8,0,0.0,0.0,0.0000,1.15,0.00,-0.88,-0.21
5.3468,5.3086,38.1,0,-489.2,596.4,-2.0739,-500.6,589.9,-2.0691,0.0,0.0,0.0000,-34.4,-19.4,0.0189,33.6,-20.8,0,0.0,0.0,0.0000,0.51,-0.27,0.14,0.37
5.3543,5.3086,45.7,0,-489.2,596.4,-2.0739,-500.6,589.9,-2.0691,0.0,0.0,0.0000,-34.4,-19.4,0.0189,33.6,-20.8,0,0.0,0.0,0.0000,0.03,-0.07,0.55,0.26
5.3631,5.3086,54.4,0,-489.2,596.4,-2.0739,-500.6,589.9,-2.0691,0.0,0.0,0.0000,-34.4,-19.4,0.0189,33.6,-20.8,0,0.0,0.0,0.0000,-1.14,-0.13,0.67,0.93
5.3703,5.3086,61.7,0,-489.2,596.4,-2.0739,-500.6,589.9,-2.0691,0.0,0.0,0.0000,-34.4,-19.4,0.0189,33.6,-20.8,0,0.0,0.0,0.0000,-0.91,-0.20,1.40,1.43
5.3794,5.3086,70.7,0,-489.2,596.4,-2.0739,-500.6,589.9,-2.0691,0.0,0.0,0.0000,-34.4,-19.4,0.0189,33.6,-20.8,0,0.0,0.0,0.0000,-1.05,0.18,2.02,1.44
5.3868,5.3086,78.2,0,-489.2,596.4,-2.0739,-500.6,589.9,-2.0691,0.0,0.0,0.0000,-34.4,-19.4,0.0189,33.6,-20.8,0,0.0,0.0,0.0000,-1.63,-0.13,2.16,2.46
5.3945,5.3086,85.9,0,-489.2,596.4,-2.0739,-500.6,589.9,-2.0691,0.0,0.0,0.0000,-34.4,-19.4,0.0189,33.6,-20.8,0,0.0,0.0,0.0000,-1.59,0.17,2.78,2.34
5.4028,5.3086,94.1,0,-489.2,596.4,-2.0739,-500.6,589.9,-2.0691,0.0,0.0,0.0000,-34.4,-19.4,0.0189,33.6,-20.8,0,0.0,0.0,0.0000,-1.83,-0.02,3.40,2.60
5.4126,5.4124,0.1,0,-488.3,596.2,-2.0678,-500.6,589.9,-2.0691,0.0,0.0,0.0000,-37.0,-18.8,-0.0053,34.1,-23.5,0,0.0,0.0,0.0000,-2.62,-0.47,3.66,2.26
5.4189,5.4124,6.4,0,-488.3,596.2,-2.0678,-500.6,589.9,-2.0691,0.0,0.0,0.0000,-37.0,-18.8,-0.0053,34.1,-23.5,0,0.0,0.0,0.0000,-2.85,-0.45,3.38,2.69
5.4264,5.4124,13.9,0,-488.3,596.2,-2.0678,-500.6,589.9,-2.0691,0.0,0.0,0.0000,-37.0,-18.8,-0.0053,34.1,-23.5,0,0.0,0.0,0.0000,-2.86,-0.72,3.98,2.78
5.4354,5.4124,22.9,0,-488.3,596.2,-2.0678,-500.6,589.9,-2.0691,0.0,0.0,0.0000,-37.0,-18.8,-0.0053,34.1,-23.5,0,0.0,0.0,0.0000,-2.77,-0.34,4.63,2.33
5.4431,5.4124,30.6,0,-488.3,596.2,-2.0678,-500.6,589.9,-2.0691,0.0,0.0,0.0000,-37.0,-18.8,-0.0053,34.1,-23.5,0,0.0,0.0,0.0000,-3.23,-0.27,4.23,2.44
5.4513,5.4124,38.9,0,-488.3,596.2,-2.0678,-500.6,589.9,-2.0691,0.0,0.0,0.0000,-37.0,-18.8,-0.0053,34.1,-23.5,0,0.0,0.0,0.0000,-3.94,-0.86,3.92,2.64
5.4592,5.4124,46.7,0,-488.3,596.2,-2.0678,-500.6,589.9,-2.0691,0.0,0.0,0.0000,-37.0,-18.8,-0.0053,34.1,-23.5,0,0.0,0.0,0.0000,-4.02,-0.40,4.69,2.09
5.4668,5.4124,54.3,0,-488.3,596.2,-2.0678,-500.6,589.9,-2.0691,0.0,0.0,0.0000,-37.0,-18.8,-0.0053,34.1,-23.5,0,0.0,0.0,0.0000,-4.34,-1.01,4.16,1.92
5.4744,5.4124,61.9,0,-488.3,596.2,-2.0678,-500.6,589.9,-2.0691,0.0,0.0,0.0000,-37.0,-18.8,-0.0053,34.1,-23.5,0,0.0,0.0,0.0000,-4.62,-1.37,4.33,1.97
5.4830,5.4124,70.6,0,-488.3,596.2,-2.0678,-500.6,589.9,-2.0691,0.0,0.0,0.0000,-37.0,-18.8,-0.0053,34.1,-23.5,0,0.0,0.0,0.0000,-5.00,-0.90,4.11,1.84
5.4905,5.4124,78.1,0,-488.3,596.2,-2.0678,-500.6,589.9,-2.0691,0.0,0.0,0.0000,-37.0,-18.8,-0.0053,34.1,-23.5,0,0.0,0.0,0.0000,-4.31,-1.13,4.12,1.89
5.4990,5.4124,86.5,0,-488.3,596.2,-2.0678,-500.6,589.9,-2.0691,0.0,0.0,0.0000,-37.0,-18.8,-0.0053,34.1,-23.5,0,0.0,0.0,0.0000,-4.56,-1.63,4.44,1.92
5.5070,5.4124,94.6,0,-488.3,596.2,-2.0678,-500.6,589.9,-2.0691,0.0,0.0,0.0000,-37.0,-18.8,-0.0053,34.1,-23.5,0,0.0,0.0,0.0000,-4.94,-1.03,4.42,1.82
5.5152,5.4124,102.7,0,-488.3,596.2,-2.0678,-500.6,589.9,-2.0691,0.0,0.0,0.0000,-37.0,-18.8,-0.0053,34.1,-23.5,0,0.0,0.0,0.0000,-4.98,-1.31,4.01,1.75
5.5226,5.5169,5.7,0,-499.3,590.3,-2.0604,-500.6,589.9,-2.0691,0.0,0.0,0.0000,-23.8,-11.7,-0.0350,21.5,-15.5,0,0.0,0.0,0.0000,-4.26,-1.20,3.63,1.80
5.5311,5.5169,14.2,0,-499.3,590.3,-2.0604,-500.6,589.9,-2.0691,0.0,0.0,0.0000,-8.9,-3.7,-0.0350,7.5,-6.1,0,0.0,0.0,0.0000,-4.33,-1.04,4.19,1.67
5.5387,5.5169,21.8,0,-499.3,590.3,-2.0604,-500.6,589.9,-2.0691,0.0,0.0,0.0000,-4.0,-1.0,-0.0350,2.8,-3.0,0,0.0,0.0,0.0000,-4.23,-1.07,4.00,1.00
5.5472,5.5169,30.3,0,-499.3,590.3,-2.0604,-500.6,589.9,-2.0691,0.0,0.0,0.0000,-4.0,-1.0,-0.0350,2.8,-3.0,0,0.0,0.0,0.0000,-4.38,-0.55,3.66,1.17
5.5553,5.5169,38.4,0,-499.3,590.3,-2.0604,-500.6,589.9,-2.0691,0.0,0.0,0.0000,-4.0,-1.0,-0.0350,2.8,-3.0,0,0.0,0.0,0.0000,-4.48,-1.22,3.20,1.20
5.5633,5.5169,46.4,0,-499.3,590.3,-2.0604,-500.6,589.9,-2.0691,0.0,0.0,0.0000,-4.0,-1.0,-0.0350,2.8,-3.0,0,0.0,0.0,0.0000,-4.19,-0.75,3.11,1.13
5.5709,5.5169,54.0,0,-499.3,590.3,-2.0604,-500.6,589.9,-2.0691,0.0,0.0,0.0000,-4.0,-1.0,-0.0350,2.8,-3.0,0,0.0,0.0,0.0000,-4.04,-0.83,2.84,0.65
5.5789,5.5169,62.0,0,-499.3,590.3,-2.0604,-500.6,589.9,-2.0691,0.0,0.0,0.0000,-4.0,-1.0,-0.0350,2.8,-3.0,0,0.0,0.0,0.0000,-3.54,-0.81,2.20,0.40
5.5863,5.5169,69.4,0,-499.3,590.3,-2.0604,-500.6,589.9,-2.0691,0.0,0.0,0.0000,-4.0,-1.0,-0.0350,2.8,-3.0,0,0.0,0.0,0.0000,-3.12,-0.86,2.06,0.30
5.5948,5.5169,77.9,0,-499.3,590.3,-2.0604,-500.6,589.9,-2.0691,0.0,0.0,0.0000,-4.0,-1.0,-0.0350,2.8,-3.0,0,0.0,0.0,0.0000,-2.97,-0.74,1.73,0.10
5.6027,5.5169,85.8,0,-499.3,590.3,-2.0604,-500.6,589.9,-2.0691,0.0,0.0,0.0000,-4.0,-1.0,-0.0350,2.8,-3.0,0,0.0,0.0,0.0000,-2.58,-0.33,1.60,0.01
5.6109,5.5169,94.0,0,-499.3,590.3,-2.0604,-500.6,589.9,-2.0691,0.0,0.0,0.0000,-4.0,-1.0,-0.0350,2.8,-3.0,0,0.0,0.0,0.0000,-2.08,-0.54,0.85,-0.24
5.6184,5.6172,1.3,0,-509.3,584.8,-2.0831,-500.6,589.9,-2.0691,0.0,0.0,0.0000,9.2,6.2,0.0556,-9.9,5.0,0,0.0,0.0,0.0000,-2.15,-0.34,1.08,-0.20
5.6271,5.6172,9.9,0,-509.3,584.8,-2.0831,-500.6,589.9,-2.0691,0.0,0.0,0.0000,24.4,14.5,0.0556,-24.6,14.2,0,0.0,0.0,0.0000,-0.54,-0.10,0.67,-0.32
5.6355,5.6172,18.3,0,-509.3,584.8,-2.0831,-500.6,589.9,-2.0691,0.0,0.0,0.0000,25.8,15.3,0.0556,-26.0,15.0,0,0.0,0.0,0.0000,-0.16,-0.44,0.48,-0.03
5.6433,5.6172,26.1,0,-509.3,584.8,-2.0831,-500.6,589.9,-2.0691,0.0,0.0,0.0000,25.8,15.3,0.0556,-26.0,15.0,0,0.0,0.0,0.0000,-0.20,0.05,-0.28,-0.28
5.6506,5.6172,33.4,0,-509.3,584.8,-2.0831,-500.6,589.9,-2.0691,0.0,0.0,0.0000,25.8,15.3,0.0556,-26.0,15.0,0,0.0,0.0,0.0000,-0.11,0.11,-0.61,-0.61
5.6584,5.6172,41.3,0,-509.3,584.8,-2.0831,-500.6,589.9,-2.0691,0.0,0.0,0.0000,25.8,15.3,0.0556,-26.0,15.0,0,0.0,0.0,0.0000,0.04,0.17,-0.47,-0.29
5.6670,5.6172,49.8,0,-509.3,584.8,-2.0831,-500.6,589.9,-2.0691,0.0,0.0,0.0000,25.8,15.3,0.0556,-26.0,15.0,0,0.0,0.0,0.0000,0.39,0.30,-0.81,-0.41
5.6752,5.6172,58.1,0,-509.3,584.8,-2.0831,-500.6,589.9,-2.0691,0.0,0.0,0.0000,25.8,15.3,0.0556,-26.0,15.0,0,0.0,0.0,0.0000,0.81,-0.02,-1.09,-0.08
5.6830,5.6172,65.8,0,-509.3,584.8,-2.0831,-500.6,589.9,-2.0691,0.0,0.0,0.0000,25.8,15.3,0.0556,-26.0,15.0,0,0.0,0.0,0.0000,1.32,0.11,-1.45,-0.30
5.6903,5.6172,73.1,0,-509.3,584.8,-2.0831,-500.6,589.9,-2.0691,0.0,0.0,0.0000,25.8,15.3,0.0556,-26.0,15.0,0,0.0,0.0,0.0000,2.09,0.89,-1.43,-0.37
5.6990,5.6172,81.9,0,-509.3,584.8,-2.0831,-500.6,589.9,-2.0691,0.0,0.0,0.0000,25.8,15.3,0.0556,-26.0,15.0,0,0.0,0.0,0.0000,1.86,0.02,-1.19,-0.77
5.7070,5.6172,89.9,0,-509.3,584.8,-2.0831,-500.6,589.9,-2.0691,0.0,0.0,0.0000,25.8,15.3,0.0556,-26.0,15.0,0,0.0,0.0,0.0000,2.78,0.64,-1.45,-0.70
5.7146,5.6172,97.4,0,-509.3,584.8,-2.0831,-500.6,589.9,-2.0691,0.0,0.0,0.0000,25.8,15.3,0.0556,-26.0,15.0,0,0.0,0.0,0.0000,2.86,0.80,-2.24,-1.02
5.7231,5.7214,1.6,0,-507.9,585.9,-2.0734,-500.6,589.9,-2.0691,0.0,0.0,0.0000,21.8,12.2,0.0169,-21.2,13.3,0,0.0,0.0,0.0000,2.67,0.99,-2.18,-0.92
5.7312,5.7214,9.8,0,-507.9,585.9,-2.0734,-500.6,589.9,-2.0691,0.0,0.0,0.0000,21.8,12.2,0.0169,-21.2,13.3,0,0.0,0.0,0.0000,3.43,1.23,-2.06,-0.76
5.7386,5.7214,17.2,0,-507.9,585.9,-2.0734,-500.6,589.9,-2.0691,0.0,0.0,0.0000,21.8,12.2,0.0169,-21.2,13.3,0,0.0,0.0,0.0000,3.33,0.85,-2.42,-0.81
5.7473,5.7214,25.9,0,-507.9,585.9,-2.0734,-500.6,589.9,-2.0691,0.0,0.0,0.0000,21.8,12.2,0.0169,-21.2,13.3,0,0.0,0.0,0.0000,3.63,0.88,-2.89,-1.11
5.7547,5.7214,33.3,0,-507.9,585.9,-2.0734,-500.6,589.9,-2.0691,0.0,0.0,0.0000,21.8,12.2,0.0169,-21.2,13.3,0,0.0,0.0,0.0000,3.69,0.77,-2.97,-0.99
5.7627,5.7214,41.3,0,-507.9,585.9,-2.0734,-500.6,589.9,-2.0691,0.0,0.0,0.0000,21.8,12.2,0.0169,-21.2,13.3,0,0.0,0.0,0.0000,3.45,0.85,-2.36,-0.72
5.7710,5.7214,49.6,0,-507.9,585.9,-2.0734,-500.6,589.9,-2.0691,0.0,0.0,0.0000,21.8,12.2,0.0169,-21.2,13.3,0,0.0,0.0,0.0000,3.37,0.98,-2.48,-0.64
5.7787,5.7214,57.3,0,-507.9,585.9,-2.0734,-500.6,589.9,-2.0691,0.0,0.0,0.0000,21.8,12.2,0.0169,-21.2,13.3,0,0.0,0.0,0.0000,3.89,0.71,-2.68,-0.84
5.7869,5.7214,65.4,0,-507.9,585.9,-2.0734,-500.6,589.9,-2.0691,0.0,0.0,0.0000,21.8,12.2,0.0169,-21.2,13.3,0,0.0,0.0,0.0000,3.64,0.54,-2.76,-0.57
5.7953,5.7214,73.9,0,-507.9,585.9,-2.0734,-500.6,589.9,-2.0691,0.0,0.0,0.0000,21.8,12.2,0.0169,-21.2,13.3,0,0.0,0.0,0.0000,3.78,0.79,-2.24,-0.21
5.8033,5.7214,81.9,0,-507.9,585.9,-2.0734,-500.6,589.9,-2.0691,0.0,0.0,0.0000,21.8,12.2,0.0169,-21.2,13.3,0,0.0,0.0,0.0000,3.90,0.62,-2.64,-0.35
5.8111,5.7214,89.6,0,-507.9,585.9,-2.0734,-500.6,589.9,-2.0691,0.0,0.0,0.0000,21.8,12.2,0.0169,-21.2,13.3,0,0.0,0.0,0.0000,4.21,0.48,-2.65,0.02
5.8190,5.7214,97.6,0,-507.9,585.9,-2.0734,-500.6,589.9,-2.0691,0.0,0.0,0.0000,21.8,12.2,0.0169,-21.2,13.3,0,0.0,0.0,0.0000,3.76,0.83,-2.07,0.16
5.8264,5.8240,2.4,0,-500.1,590.0,-2.0668,-500.6,589.9,-2.0691,0.0,0.0,0.0000,8.9,5.3,-0.0094,-8.9,5.3,0,0.0,0.0,0.0000,3.37,0.77,-1.99,-0.03
5.8344,5.8240,10.4,0,-500.1,590.0,-2.0668,-500.6,589.9,-2.0691,0.0,0.0,0.0000,-1.6,-0.3,-0.0094,1.0,-1.3,0,0.0,0.0,0.0000,3.66,0.44,-2.23,-0.21
5.8429,5.8240,18.9,0,-500.1,590.0,-2.0668,-500.6,589.9,-2.0691,0.0,0.0,0.0000,-1.6,-0.3,-0.0094,1.0,-1.3,0,0.0,0.0,0.0000,2.72,0.33,-1.72,-0.10
5.8525,5.8240,28.6,0,-500.1,590.0,-2.0668,-500.6,589.9,-2.0691,0.0,0.0,0.0000,-1.6,-0.3,-0.0094,1.0,-1.3,0,0.0,0.0,0.0000,2.68,0.56,-2.10,-0.09
5.8584,5.8240,34.5,0,-500.1,590.0,-2.0668,-500.6,589.9,-2.0691,0.0,0.0,0.0000,-1.6,-0.3,-0.0094,1.0,-1.3,0,0.0,0.0,0.0000,2.50,0.38,-2.62,-0.22
5.8665,5.8240,42.5,0,-500.1,590.0,-2.0668,-500.6,589.9,-2.0691,0.0,0.0,0.0000,-1.6,-0.3,-0.0094,1.0,-1.3,0,0.0,0.0,0.0000,2.53,0.04,-1.72,-0.77
5.8748,5.8240,50.8,0,-500.1,590.0,-2.0668,-500.6,589.9,-2.0691,0.0,0.0,0.0000,-1.6,-0.3,-0.0094,1.0,-1.3,0,0.0,0.0,0.0000,1.64,0.40,-1.51,-0.69
5.8825,5.8240,58.5,0,-500.1,590.0,-2.0668,-500.6,589.9,-2.0691,0.0,0.0,0.0000,-1.6,-0.3,-0.0094,1.0,-1.3,0,0.0,0.0,0.0000,1.94,0.35,-1.57,-0.40
5.8910,5.8240,67.0,0,-500.1,590.0,-2.0668,-500.6,589.9,-2.0691,0.0,0.0,0.0000,-1.6,-0.3,-0.0094,1.0,-1.3,0,0.0,0.0,0.0000,1.53,-0.07,-1.46,-0.95
5.8984,5.8240,74.4,0,-500.1,590.0,-2.0668,-500.6,589.9,-2.0691,0.0,0.0,0.0000,-1.6,-0.3,-0.0094,1.0,-1.3,0,0.0,0.0,0.0000,0.00,-0.05,-1.72,-0.91
5.9064,5.8240,82.4,0,-500.1,590.0,-2.0668,-500.6,589.9,-2.0691,0.0,0.0,0.0000,-1.6,-0.3,-0.0094,1.0,-1.3,0,0.0,0.0,0.0000,-0.27,-0.18,-1.15,-1.23
