t_s,tv_s,vision_age_ms,held,pose_x_mm,pose_y_mm,pose_theta_rad,ref_x_mm,ref_y_mm,ref_theta_rad,ref_vx_mm_s,ref_vy_mm_s,ref_omega_rad_s,cmd_world_vx_mm_s,cmd_world_vy_mm_s,cmd_omega_rad_s,cmd_body_vx_mm_s,cmd_body_vy_mm_s
-0.2971,-0.3038,6.7,0,-489.9,-1227.7,1.6710,-489.9,-1227.7,1.6710,0.0,0.0,0.0000,0.0,0.0,0.0000,0.0,-0.0
-0.2888,-0.3038,15.0,0,-489.9,-1227.7,1.6710,-489.9,-1227.7,1.6710,0.0,0.0,0.0000,0.0,0.0,0.0000,0.0,-0.0
-0.2806,-0.2851,4.5,0,-490.3,-1227.7,1.6740,-489.9,-1227.7,1.6710,0.0,0.0,0.0000,1.3,-0.2,-0.0121,-0.3,-1.3
-0.2726,-0.2760,3.4,0,-489.0,-1228.4,1.6691,-489.9,-1227.7,1.6710,0.0,0.0,0.0000,-2.7,1.9,0.0076,2.1,2.5
-0.2644,-0.2681,3.7,0,-490.1,-1227.8,1.6713,-489.9,-1227.7,1.6710,0.0,0.0,0.0000,0.6,0.2,-0.0013,0.2,-0.7
-0.2572,-0.2681,10.9,0,-490.1,-1227.8,1.6713,-489.9,-1227.7,1.6710,0.0,0.0,0.0000,0.6,0.2,-0.0013,0.2,-0.7
-0.2486,-0.2512,2.6,0,-489.2,-1228.6,1.6714,-489.9,-1227.7,1.6710,0.0,0.0,0.0000,-2.2,2.5,-0.0018,2.7,1.9
-0.2409,-0.2512,10.3,0,-489.2,-1228.6,1.6714,-489.9,-1227.7,1.6710,0.0,0.0,0.0000,-2.2,2.5,-0.0018,2.7,1.9
-0.2323,-0.2347,2.4,0,-490.1,-1227.7,1.6723,-489.9,-1227.7,1.6710,0.0,0.0,0.0000,0.7,-0.1,-0.0053,-0.2,-0.7
-0.2250,-0.2347,9.7,0,-490.1,-1227.7,1.6723,-489.9,-1227.7,1.6710,0.0,0.0,0.0000,0.7,-0.1,-0.0053,-0.2,-0.7
-0.2172,-0.2175,0.2,0,-489.1,-1228.6,1.6711,-489.9,-1227.7,1.6710,0.0,0.0,0.0000,-2.4,2.5,-0.0005,2.7,2.2
-0.2086,-0.2175,8.9,0,-489.1,-1228.6,1.6711,-489.9,-1227.7,1.6710,0.0,0.0,0.0000,-2.4,2.5,-0.0005,2.7,2.2
-0.2010,-0.2040,3.0,0,-489.6,-1227.7,1.6686,-489.9,-1227.7,1.6710,0.0,0.0,0.0000,-1.0,-0.2,0.0096,-0.1,1.0
-0.1920,-0.2004,8.4,0,-489.5,-1228.5,1.6662,-489.9,-1227.7,1.6710,0.0,0.0,0.0000,-1.0,2.4,0.0192,2.5,0.8
-0.1851,-0.1898,4.6,0,-489.5,-1228.3,1.6696,-489.9,-1227.7,1.6710,0.0,0.0,0.0000,-1.1,1.6,0.0056,1.7,0.9
-0.1772,-0.1835,6.4,0,-489.3,-1228.4,1.6687,-489.9,-1227.7,1.6710,0.0,0.0,0.0000,-1.8,1.9,0.0092,2.1,1.6
-0.1688,-0.1704,1.6,0,-490.0,-1227.8,1.6701,-489.9,-1227.7,1.6710,0.0,0.0,0.0000,0.3,0.3,0.0037,0.3,-0.3
-0.1612,-0.1665,5.3,0,-490.0,-1227.8,1.6679,-489.9,-1227.7,1.6710,0.0,0.0,0.0000,0.4,0.1,0.0124,0.0,-0.4
-0.1524,-0.1559,3.5,0,-489.5,-1228.8,1.6664,-489.9,-1227.7,1.6710,0.0,0.0,0.0000,-1.2,3.2,0.0184,3.3,0.9
-0.1444,-0.1490,4.6,0,-490.1,-1227.8,1.6716,-489.9,-1227.7,1.6710,0.0,0.0,0.0000,0.7,0.1,-0.0022,0.1,-0.7
-0.1372,-0.1490,11.8,0,-490.1,-1227.8,1.6716,-489.9,-1227.7,1.6710,0.0,0.0,0.0000,0.7,0.1,-0.0022,0.1,-0.7
-0.1289,-0.1332,4.3,0,-490.2,-1227.9,1.6688,-489.9,-1227.7,1.6710,0.0,0.0,0.0000,1.1,0.6,0.0089,0.5,-1.2
-0.1208,-0.1222,1.4,0,-489.7,-1228.0,1.6740,-489.9,-1227.7,1.6710,0.0,0.0,0.0000,-0.4,0.7,-0.0122,0.7,0.3
-0.1119,-0.1150,3.1,0,-490.0,-1228.0,1.6715,-489.9,-1227.7,1.6710,0.0,0.0,0.0000,0.2,0.8,-0.0019,0.8,-0.3
-0.1044,-0.1150,10.6,0,-490.0,-1228.0,1.6715,-489.9,-1227.7,1.6710,0.0,0.0,0.0000,0.2,0.8,-0.0019,0.8,-0.3
-0.0968,-0.0993,2.5,0,-489.9,-1228.0,1.6698,-489.9,-1227.7,1.6710,0.0,0.0,0.0000,-0.5,6.8,0.0050,6.8,-0.2
-0.0888,-0.0993,10.5,0,-489.9,-1228.0,1.6698,-489.9,-1227.7,1.6710,0.0,0.0,0.0000,-0.7,9.5,0.0050,9.5,-0.2
-0.0807,-0.0822,1.4,0,-489.8,-1228.2,1.6650,-489.9,-1227.7,1.6710,0.0,0.0,0.0000,-1.9,20.2,0.0241,20.3,0.0
-0.0732,-0.0734,0.2,0,-490.3,-1227.5,1.6697,-489.9,-1227.7,1.6710,0.0,0.0,0.0000,-1.4,25.7,0.0054,25.8,-1.2
-0.0652,-0.0653,0.1,0,-490.4,-1228.0,1.6684,-489.9,-1227.7,1.6710,0.0,0.0,0.0000,-2.4,35.4,0.0105,35.4,-1.1
-0.0570,-0.0653,8.2,0,-490.4,-1228.0,1.6684,-489.9,-1227.7,1.6710,0.0,0.0,0.0000,-3.4,43.6,0.0105,43.7,-0.8
-0.0482,-0.0483,0.1,0,-490.2,-1228.1,1.6715,-489.9,-1227.7,1.6710,0.0,0.0,0.0000,-4.7,52.7,-0.0021,52.9,-0.6
-0.0404,-0.0483,7.9,0,-490.2,-1228.1,1.6715,-489.9,-1227.7,1.6710,0.0,0.0,0.0000,-5.5,60.4,-0.0021,60.7,-0.6
-0.0324,-0.0400,7.6,0,-490.3,-1227.9,1.6670,-489.9,-1227.7,1.6710,0.0,0.0,0.0000,-6.0,67.5,0.0161,67.8,-0.5
-0.0252,-0.0313,6.1,0,-489.9,-1227.9,1.6707,-489.9,-1227.7,1.6710,0.0,0.0,0.0000,-7.9,74.6,0.0011,75.1,0.5
-0.0167,-0.0210,4.3,0,-489.2,-1228.6,1.6705,-489.9,-1227.7,1.6710,0.0,0.0,0.0000,-10.9,85.7,0.0021,86.3,2.3
-0.0086,-0.0146,6.0,0,-490.0,-1228.0,1.6721,-489.9,-1227.7,1.6710,0.0,0.0,0.0000,-9.4,91.9,-0.0044,92.4,0.1
-0.0012,-0.0059,4.7,0,-489.6,-1228.4,1.6733,-489.9,-1227.7,1.6710,0.0,0.0,0.0000,-12.2,99.9,-0.0091,100.6,1.9
0.0075,0.0030,4.5,0,-490.0,-1227.5,1.6715,-489.9,-1227.7,1.6710,-0.6,6.0,-0.0000,-12.4,105.7,-0.0019,106.5,1.8
0.0152,0.0117,3.5,0,-489.9,-1227.4,1.6759,-489.9,-1227.7,1.6710,-0.9,9.2,0.0000,-14.2,113.5,-0.0197,114.4,2.2
0.0230,0.0193,3.7,0,-490.1,-1227.0,1.6832,-489.9,-1227.6,1.6710,-1.8,19.0,-0.0000,-15.2,120.5,-0.0487,121.5,1.5
0.0317,0.0275,4.3,0,-490.1,-1226.6,1.6848,-489.9,-1227.4,1.6710,-2.8,27.0,0.0000,-16.0,129.0,-0.0552,129.9,1.2
0.0393,0.0365,2.9,0,-489.5,-1227.3,1.6756,-489.9,-1227.1,1.6710,-4.2,36.2,0.0000,-19.2,139.4,-0.0185,140.6,4.5
0.0477,0.0451,2.7,0,-490.5,-1226.2,1.6954,-490.0,-1226.7,1.6710,-5.2,44.8,-0.0000,-19.0,145.0,-0.0974,146.3,0.8
0.0557,0.0531,2.5,0,-490.3,-1225.7,1.7049,-490.0,-1226.3,1.6710,-6.0,53.1,-0.0000,-21.6,152.5,-0.1355,154.1,1.0
0.0632,0.0617,1.6,0,-490.3,-1225.6,1.7034,-490.1,-1225.9,1.6710,-6.8,61.5,0.0000,-22.5,160.8,-0.1296,162.3,1.1
0.0715,0.0701,1.4,0,-490.2,-1225.1,1.7026,-490.1,-1225.3,1.6710,-7.6,69.5,-0.0000,-24.9,169.1,-0.1263,170.9,2.4
0.0788,0.0787,0.1,0,-489.4,-1225.0,1.6961,-490.2,-1224.7,1.6710,-8.5,78.1,0.0000,-30.6,177.7,-0.1005,180.2,8.2
0.0868,0.0867,0.1,0,-489.4,-1224.8,1.6976,-490.3,-1224.0,1.6710,-9.1,86.5,-0.0000,-33.3,187.0,-0.1065,189.7,9.4
0.0957,0.0956,0.2,0,-489.0,-1224.2,1.6911,-490.4,-1223.2,1.6710,-10.7,94.9,-0.0000,-35.9,195.8,-0.0805,198.7,12.1
0.1031,0.1030,0.1,0,-488.7,-1224.4,1.6952,-490.5,-1222.5,1.6710,-12.1,102.0,-0.0000,-38.8,206.0,-0.0968,209.3,13.0
0.1116,0.1030,8.5,0,-488.7,-1224.4,1.6952,-490.5,-1222.5,1.6710,-12.1,102.0,-0.0000,-41.6,217.3,-0.0968,220.8,14.3
0.1191,0.1128,6.3,0,-488.5,-1222.9,1.6843,-490.6,-1221.4,1.6710,-13.9,111.9,-0.0000,-45.2,222.8,-0.0530,226.4,19.7
0.1275,0.1207,6.8,0,-488.2,-1223.4,1.7019,-490.7,-1220.5,1.6710,-15.3,119.8,0.0000,-50.3,235.1,-0.1235,239.6,19.2
0.1348,0.1302,4.7,0,-488.5,-1222.5,1.6908,-490.8,-1219.3,1.6710,-16.3,129.4,0.0000,-52.7,242.0,-0.0792,246.6,23.4
0.1431,0.1376,5.5,0,-487.9,-1221.7,1.6979,-491.0,-1218.3,1.6710,-17.5,136.8,-0.0000,-57.7,250.1,-0.1075,255.4,25.5
0.1513,0.1376,13.7,0,-487.9,-1221.7,1.6979,-491.0,-1218.3,1.6710,-17.5,136.8,-0.0000,-61.4,261.5,-0.1075,267.2,27.7
0.1588,0.1544,4.4,0,-488.8,-1219.5,1.7298,-491.3,-1215.9,1.6710,-22.0,152.8,0.0000,-62.4,266.1,-0.2351,272.6,19.4
0.1674,0.1544,13.0,0,-488.8,-1219.5,1.7298,-491.3,-1215.9,1.6710,-22.0,152.8,0.0000,-66.6,278.4,-0.2351,285.4,21.7
0.1757,0.1714,4.3,0,-486.7,-1216.9,1.7242,-491.7,-1213.2,1.6710,-25.0,169.2,-0.0000,-77.1,282.0,-0.2130,290.5,33.1
0.1837,0.1798,3.9,0,-486.2,-1214.7,1.7316,-491.9,-1211.7,1.6710,-28.5,177.7,0.0000,-82.9,286.9,-0.2425,296.5,35.9
0.1912,0.1886,2.6,0,-486.2,-1213.2,1.7318,-492.2,-1210.1,1.6710,-30.8,186.2,-0.0000,-87.8,293.1,-0.2430,303.4,39.7
0.1993,0.1968,2.5,0,-485.9,-1211.9,1.7388,-492.4,-1208.6,1.6710,-32.1,193.9,-0.0000,-93.8,301.2,-0.2711,312.7,42.1
0.2078,0.2054,2.5,0,-485.3,-1210.3,1.7483,-492.7,-1206.9,1.6710,-34.4,202.3,-0.0000,-101.4,309.6,-0.3092,322.7,45.1
0.2151,0.2136,1.4,0,-485.4,-1207.7,1.7514,-493.0,-1205.1,1.6710,-36.7,210.7,-0.0000,-106.0,313.0,-0.3215,327.0,48.1
0.2234,0.2222,1.2,0,-485.1,-1206.2,1.7496,-493.4,-1203.3,1.6710,-40.1,218.8,-0.0000,-112.3,320.5,-0.3145,335.3,53.5
0.2316,0.2303,1.2,0,-484.9,-1204.0,1.7545,-493.7,-1201.5,1.6710,-43.7,226.5,0.0000,-118.7,326.6,-0.3338,342.7,57.1
0.2398,0.2375,2.4,0,-484.1,-1201.7,1.7452,-494.0,-1199.9,1.6710,-46.4,233.0,-0.0000,-128.0,332.7,-0.2967,349.9,68.4
0.2476,0.2474,0.2,0,-484.5,-1199.0,1.7456,-494.5,-1197.5,1.6710,-49.8,241.7,0.0000,-133.3,336.7,-0.2984,354.8,72.7
0.2551,0.2474,7.8,0,-484.5,-1199.0,1.7456,-494.5,-1197.5,1.6710,-49.8,241.7,0.0000,-140.0,348.6,-0.2984,367.6,77.2
0.2635,0.2560,7.5,0,-484.6,-1197.3,1.7474,-494.9,-1195.4,1.6710,-53.4,250.3,-0.0000,-147.0,356.6,-0.3055,376.9,82.1
0.2708,0.2643,6.6,0,-484.3,-1194.6,1.7379,-495.4,-1193.3,1.6710,-56.8,258.5,0.0000,-154.3,359.9,-0.2676,380.5,92.3
0.2790,0.2726,6.4,0,-484.4,-1191.7,1.7375,-495.9,-1191.1,1.6710,-60.5,265.9,0.0000,-161.4,364.4,-0.2660,386.2,98.7
0.2877,0.2810,6.7,0,-484.5,-1188.6,1.7223,-496.4,-1188.8,1.6710,-64.2,273.4,0.0000,-170.1,370.3,-0.2050,391.7,112.3
0.2949,0.2897,5.1,0,-484.5,-1185.3,1.7232,-497.0,-1186.4,1.6710,-68.8,281.1,-0.0000,-176.9,370.6,-0.2087,393.2,118.6
0.3029,0.2982,4.7,0,-485.0,-1182.8,1.7081,-497.6,-1184.0,1.6710,-73.3,288.7,0.0000,-183.5,371.6,-0.1482,393.2,130.9
0.3110,0.2982,12.8,0,-485.0,-1182.8,1.7081,-497.6,-1184.0,1.6710,-73.3,288.7,0.0000,-190.7,379.8,-0.1482,402.3,136.9
0.3198,0.3152,4.6,0,-485.0,-1176.6,1.7006,-498.9,-1178.9,1.6710,-83.0,304.4,-0.0000,-196.7,366.7,-0.1185,389.0,147.5
0.3268,0.3152,11.6,0,-485.0,-1176.6,1.7006,-498.9,-1178.9,1.6710,-83.0,304.4,-0.0000,-201.8,371.8,-0.1185,394.8,152.0
0.3351,0.3316,3.4,0,-485.9,-1169.6,1.6894,-500.4,-1173.8,1.6710,-92.3,318.2,0.0000,-204.8,356.6,-0.0735,378.3,161.2
0.3428,0.3316,11.2,0,-485.9,-1169.6,1.6894,-500.4,-1173.8,1.6710,-92.3,318.2,0.0000,-210.7,362.4,-0.0735,384.7,166.3
0.3513,0.3489,2.5,0,-486.5,-1162.7,1.6850,-502.0,-1168.2,1.6710,-104.3,333.2,-0.0000,-215.8,348.4,-0.0559,370.7,174.7
0.3595,0.3489,10.6,0,-486.5,-1162.7,1.6850,-502.0,-1168.2,1.6710,-104.3,333.2,-0.0000,-222.5,354.9,-0.0559,377.9,180.6
0.3677,0.3654,2.3,0,-488.2,-1155.6,1.6735,-503.9,-1162.6,1.6710,-116.1,346.7,0.0000,-224.2,340.1,-0.0099,361.3,188.2
0.3747,0.3654,9.3,0,-488.2,-1155.6,1.6735,-503.9,-1162.6,1.6710,-116.1,346.7,0.0000,-230.2,345.9,-0.0099,367.6,193.5
0.3840,0.3826,1.4,0,-488.8,-1148.4,1.6624,-506.0,-1156.5,1.6710,-128.7,360.2,0.0000,-236.5,332.5,0.0345,352.7,205.1
0.3913,0.3826,8.7,0,-488.8,-1148.4,1.6624,-506.0,-1156.5,1.6710,-128.7,360.2,0.0000,-242.8,338.7,0.0345,359.5,210.8
0.3993,0.3992,0.2,0,-492.2,-1140.2,1.6696,-508.2,-1150.4,1.6710,-141.5,369.7,-0.0000,-239.8,322.9,0.0055,345.0,206.8
0.4070,0.3992,7.8,0,-492.2,-1140.2,1.6696,-508.2,-1150.4,1.6710,-141.5,369.7,-0.0000,-246.2,327.0,0.0055,349.7,212.8
0.4149,0.4102,4.6,0,-493.4,-1135.8,1.6577,-509.8,-1146.3,1.6710,-149.6,372.1,0.0000,-250.0,321.0,0.0533,341.4,221.2
0.4237,0.4165,7.2,0,-494.1,-1132.5,1.6582,-510.8,-1144.0,1.6710,-152.1,370.1,0.0000,-256.3,318.6,0.0511,339.7,227.6
0.4314,0.4165,14.8,0,-494.1,-1132.5,1.6582,-510.8,-1144.0,1.6710,-152.1,370.1,0.0000,-263.8,324.2,0.0511,346.0,234.5
0.4396,0.4331,6.6,0,-497.2,-1125.4,1.6495,-513.4,-1137.9,1.6710,-159.8,366.5,0.0000,-262.1,309.5,0.0862,329.2,237.0
0.4471,0.4331,14.0,0,-497.2,-1125.4,1.6495,-513.4,-1137.9,1.6710,-159.8,366.5,0.0000,-268.5,316.2,0.0862,336.3,242.9
0.4547,0.4501,4.6,0,-500.5,-1117.5,1.6428,-516.2,-1131.7,1.6710,-167.9,362.9,-0.0000,-266.0,301.1,0.1129,319.4,243.7
0.4635,0.4501,13.4,0,-500.5,-1117.5,1.6428,-516.2,-1131.7,1.6710,-167.9,362.9,-0.0000,-274.1,306.0,0.1129,325.0,251.4
0.4714,0.4668,4.6,0,-503.3,-1110.3,1.6460,-519.0,-1125.7,1.6710,-176.0,358.9,0.0000,-273.8,290.5,0.0998,310.2,251.1
0.4796,0.4668,12.7,0,-503.3,-1110.3,1.6460,-519.0,-1125.7,1.6710,-176.0,358.9,0.0000,-282.2,295.7,0.0998,316.1,259.1
0.4870,0.4839,3.1,0,-507.9,-1102.8,1.6515,-522.1,-1119.6,1.6710,-184.5,355.4,-0.0000,-276.9,281.9,0.0781,303.3,253.3
0.4957,0.4839,11.8,0,-507.9,-1102.8,1.6515,-522.1,-1119.6,1.6710,-184.5,355.4,-0.0000,-284.7,286.6,0.0781,308.6,260.7
0.5033,0.5007,2.7,0,-511.9,-1095.1,1.6438,-525.3,-1113.6,1.6710,-191.9,350.7,-0.0000,-280.8,271.9,0.1090,291.6,260.3
0.5117,0.5007,11.0,0,-511.9,-1095.1,1.6438,-525.3,-1113.6,1.6710,-191.9,350.7,-0.0000,-287.5,274.8,0.1090,295.1,266.7
0.5196,0.5181,1.5,0,-515.8,-1089.3,1.6542,-528.7,-1107.6,1.6710,-200.3,346.6,-0.0000,-284.0,262.7,0.0672,285.4,261.1
0.5271,0.5181,9.0,0,-515.8,-1089.3,1.6542,-528.7,-1107.6,1.6710,-200.3,346.6,-0.0000,-292.5,267.6,0.0672,291.0,269.2
0.5350,0.5349,0.1,0,-520.9,-1082.7,1.6546,-532.1,-1101.8,1.6710,-208.5,341.0,-0.0000,-285.6,253.4,0.0657,276.4,263.4
0.5434,0.5433,0.1,0,-524.2,-1079.2,1.6569,-533.9,-1098.9,1.6710,-211.9,339.0,0.0000,-284.2,249.0,0.0565,272.5,261.8
0.5515,0.5433,8.2,0,-524.2,-1079.2,1.6569,-533.9,-1098.9,1.6710,-211.9,339.0,0.0000,-292.6,254.6,0.0565,278.8,269.6
0.5589,0.5523,6.6,0,-526.5,-1075.4,1.6538,-535.8,-1095.9,1.6710,-215.5,337.0,-0.0000,-293.7,248.3,0.0687,271.8,272.1
0.5669,0.5603,6.7,0,-528.5,-1072.7,1.6564,-537.5,-1093.2,1.6710,-219.1,334.7,-0.0000,-296.1,245.7,0.0584,270.1,274.0
0.5748,0.5685,6.4,0,-531.3,-1070.0,1.6584,-539.3,-1090.5,1.6710,-222.7,332.5,-0.0000,-295.9,242.8,0.0506,267.7,273.6
0.5828,0.5801,2.7,0,-534.3,-1067.4,1.6624,-542.0,-1086.6,1.6710,-228.3,327.9,0.0000,-295.5,239.7,0.0344,265.7,272.4
0.5914,0.5849,6.4,0,-537.4,-1064.3,1.6609,-543.1,-1085.1,1.6710,-230.6,326.2,-0.0000,-296.2,234.7,0.0404,260.4,273.9
0.5996,0.5946,5.0,0,-540.2,-1061.4,1.6620,-545.3,-1081.9,1.6710,-235.0,324.4,-0.0000,-297.0,230.6,0.0361,256.7,274.8
0.6072,0.6026,4.6,0,-542.6,-1058.5,1.6620,-547.2,-1079.3,1.6710,-238.4,322.3,0.0000,-297.1,227.5,0.0360,253.6,275.1
0.6151,0.6135,1.6,0,-546.2,-1055.5,1.6622,-549.8,-1075.8,1.6710,-241.8,318.2,0.0000,-294.6,223.4,0.0352,249.3,273.0
0.6228,0.6195,3.4,0,-548.7,-1053.6,1.6648,-551.3,-1073.9,1.6710,-244.3,316.1,0.0000,-296.3,221.8,0.0248,248.6,274.2
0.6314,0.6279,3.5,0,-550.8,-1050.3,1.6654,-553.4,-1071.3,1.6710,-248.8,312.9,-0.0000,-299.5,216.7,0.0224,244.0,277.7
0.6397,0.6364,3.3,0,-554.5,-1047.7,1.6621,-555.5,-1068.6,1.6710,-252.5,310.0,-0.0000,-298.2,213.2,0.0356,239.5,277.5
0.6468,0.6467,0.1,0,-557.5,-1045.5,1.6621,-558.1,-1065.4,1.6710,-256.4,306.9,0.0000,-297.3,210.5,0.0355,236.7,276.8
0.6557,0.6531,2.6,0,-560.3,-1043.5,1.6735,-559.8,-1063.5,1.6710,-259.0,304.9,-0.0000,-298.8,208.4,-0.0101,238.0,275.9
0.6631,0.6615,1.6,0,-563.1,-1041.1,1.6692,-562.0,-1060.9,1.6710,-262.4,302.3,0.0000,-298.9,205.0,0.0071,233.4,277.3
0.6711,0.6699,1.2,0,-566.8,-1038.1,1.6819,-564.2,-1058.4,1.6710,-265.7,299.4,0.0000,-296.3,201.0,-0.0436,232.6,272.2
0.6792,0.6699,9.3,0,-566.8,-1038.1,1.6819,-564.2,-1058.4,1.6710,-265.7,299.4,0.0000,-305.4,205.2,-0.0436,237.8,280.8
0.6867,0.6811,5.6,0,-569.0,-1035.9,1.6693,-567.2,-1055.1,1.6710,-270.1,295.5,0.0000,-307.8,201.9,0.0069,231.2,286.4
0.6952,0.6951,0.1,0,-575.2,-1030.8,1.6753,-571.0,-1051.0,1.6710,-276.4,288.9,-0.0000,-299.2,190.2,-0.0172,220.3,277.7
0.7029,0.7028,0.1,0,-578.3,-1028.5,1.6821,-573.1,-1048.8,1.6710,-278.8,286.6,-0.0000,-298.8,186.1,-0.0442,218.1,276.2
0.7111,0.7028,8.3,0,-578.3,-1028.5,1.6821,-573.1,-1048.8,1.6710,-278.8,286.6,-0.0000,-308.5,189.5,-0.0442,222.6,285.6
0.7191,0.7176,1.5,0,-582.1,-1027.2,1.6695,-577.3,-1044.6,1.6710,-283.8,281.8,0.0000,-307.1,189.6,0.0059,218.9,287.0
0.7271,0.7205,6.5,0,-585.0,-1024.7,1.6791,-578.1,-1043.8,1.6710,-285.0,280.5,0.0000,-307.7,185.6,-0.0324,217.8,285.9
0.7350,0.7294,5.7,0,-588.0,-1022.1,1.6750,-580.7,-1041.3,1.6710,-288.5,277.1,-0.0000,-307.5,180.9,-0.0159,211.9,287.0
0.7438,0.7376,6.2,0,-591.0,-1020.4,1.6696,-583.1,-1039.0,1.6710,-291.8,273.8,0.0000,-308.8,179.2,0.0058,208.8,289.6
0.7510,0.7476,3.4,0,-594.4,-1018.3,1.6721,-586.0,-1036.3,1.6710,-295.6,269.9,0.0000,-307.2,175.8,-0.0043,206.0,287.8
0.7593,0.7542,5.1,0,-596.7,-1015.9,1.6815,-588.0,-1034.5,1.6710,-297.9,266.8,0.0000,-310.4,171.5,-0.0420,204.8,289.5
0.7677,0.7629,4.8,0,-601.0,-1013.6,1.6749,-590.6,-1032.2,1.6710,-300.8,263.2,0.0000,-307.8,166.7,-0.0157,197.8,288.8
0.7751,0.7715,3.6,0,-603.0,-1012.4,1.6681,-593.2,-1030.0,1.6710,-303.4,260.7,-0.0000,-310.5,165.4,0.0117,194.7,293.0
0.7834,0.7810,2.4,0,-606.9,-1009.9,1.6824,-596.0,-1027.5,1.6710,-306.6,257.0,0.0000,-308.5,161.0,-0.0454,194.3,288.7
0.7911,0.7884,2.7,0,-609.7,-1008.6,1.6672,-598.3,-1025.6,1.6710,-309.3,253.7,-0.0000,-309.6,159.7,0.0150,188.8,292.8
0.7991,0.7968,2.3,0,-613.1,-1006.4,1.6642,-600.9,-1023.5,1.6710,-312.2,249.9,0.0000,-309.0,156.0,0.0274,184.1,293.1
0.8076,0.8049,2.7,0,-615.6,-1005.6,1.6676,-603.5,-1021.5,1.6710,-315.0,245.8,-0.0000,-311.8,156.2,0.0136,185.6,295.3
0.8157,0.8131,2.6,0,-618.5,-1003.8,1.6633,-606.1,-1019.5,1.6710,-317.8,242.5,0.0000,-312.9,151.7,0.0310,179.9,297.5
0.8227,0.8223,0.4,0,-622.1,-1001.8,1.6590,-609.0,-1017.3,1.6710,-321.3,239.1,0.0000,-310.5,147.2,0.0482,174.0,296.3
0.8315,0.8303,1.2,0,-626.9,-1001.7,1.6652,-611.6,-1015.4,1.6710,-323.5,235.8,0.0000,-307.1,149.8,0.0232,178.0,291.6
0.8390,0.8388,0.2,0,-628.3,-999.3,1.6633,-614.4,-1013.4,1.6710,-325.7,232.2,0.0000,-312.4,144.6,0.0309,172.9,297.7
0.8477,0.8476,0.1,0,-631.5,-997.8,1.6631,-617.2,-1011.4,1.6710,-328.4,228.4,0.0000,-313.6,142.3,0.0318,170.6,299.2
0.8557,0.8556,0.1,0,-634.5,-996.7,1.6602,-619.9,-1009.6,1.6710,-330.9,225.2,-0.0000,-314.3,140.5,0.0431,168.0,300.5
0.8634,0.8556,7.8,0,-634.5,-996.7,1.6602,-619.9,-1009.6,1.6710,-330.9,225.2,-0.0000,-323.0,141.9,0.0431,170.2,309.1
0.8713,0.8641,7.2,0,-636.7,-995.3,1.6610,-622.7,-1007.7,1.6710,-333.5,220.8,-0.0000,-326.2,138.8,0.0401,167.7,312.4
0.8792,0.8728,6.4,0,-640.9,-994.0,1.6545,-625.6,-1005.8,1.6710,-336.2,216.3,0.0000,-323.9,135.5,0.0661,162.1,311.4
0.8878,0.8811,6.7,0,-643.1,-993.3,1.6612,-628.4,-1004.0,1.6710,-338.3,213.1,-0.0000,-328.0,134.8,0.0393,163.8,314.5
0.8954,0.8896,5.7,0,-646.7,-992.1,1.6602,-631.3,-1002.2,1.6710,-340.7,209.5,-0.0000,-326.3,132.6,0.0434,161.2,313.2
0.9029,0.8982,4.7,0,-649.7,-991.1,1.6692,-634.2,-1000.4,1.6710,-343.0,206.1,-0.0000,-326.6,130.9,0.0073,162.3,312.1
0.9113,0.8982,13.1,0,-649.7,-991.1,1.6692,-634.2,-1000.4,1.6710,-343.0,206.1,-0.0000,-337.5,132.3,0.0073,164.8,322.8
0.9189,0.9147,4.1,0,-655.1,-990.0,1.6839,-639.9,-997.1,1.6710,-347.3,197.4,-0.0000,-330.6,129.9,-0.0517,166.4,313.9
0.9268,0.9225,4.4,0,-657.8,-988.3,1.6683,-642.6,-995.5,1.6710,-349.4,193.5,-0.0000,-332.3,124.9,0.0108,156.6,318.6
0.9355,0.9317,3.8,0,-661.5,-987.3,1.6698,-645.9,-993.8,1.6710,-351.9,190.0,-0.0000,-332.1,122.2,0.0046,154.4,318.4
0.9432,0.9317,11.4,0,-661.5,-987.3,1.6698,-645.9,-993.8,1.6710,-351.9,190.0,-0.0000,-341.6,122.3,0.0046,155.5,327.8
0.9509,0.9486,2.3,0,-667.1,-986.2,1.6750,-651.8,-990.6,1.6710,-356.7,182.4,0.0000,-334.4,119.3,-0.0158,153.4,320.2
0.9594,0.9486,10.8,0,-667.1,-986.2,1.6750,-651.8,-990.6,1.6710,-356.7,182.4,0.0000,-345.2,119.7,-0.0158,155.0,330.9
0.9670,0.9653,1.7,0,-672.0,-984.4,1.6785,-657.8,-987.6,1.6710,-359.7,174.4,0.0000,-339.9,114.8,-0.0302,150.7,325.6
0.9758,0.9653,10.5,0,-672.0,-984.4,1.6785,-657.8,-987.6,1.6710,-359.7,174.4,0.0000,-350.8,115.9,-0.0302,152.9,336.3
0.9828,0.9823,0.6,0,-677.5,-983.1,1.6863,-664.0,-984.8,1.6710,-364.2,165.1,0.0000,-342.9,112.1,-0.0614,150.9,327.7
0.9912,0.9823,8.9,0,-677.5,-983.1,1.6863,-664.0,-984.8,1.6710,-364.2,165.1,0.0000,-353.0,110.4,-0.0614,150.4,337.9
0.9991,0.9990,0.1,0,-682.9,-981.0,1.6767,-670.1,-982.1,1.6710,-367.3,157.6,0.0000,-346.8,103.5,-0.0230,139.6,333.9
1.0075,0.9990,8.5,0,-682.9,-981.0,1.6767,-670.1,-982.1,1.6710,-367.3,157.6,0.0000,-357.3,103.7,-0.0230,140.9,344.3
1.0157,0.9990,16.7,0,-682.9,-981.0,1.6767,-670.1,-982.1,1.6710,-367.3,157.6,0.0000,-367.7,103.4,-0.0230,141.7,354.7
1.0237,1.0163,7.4,0,-688.2,-979.7,1.6786,-676.5,-979.4,1.6710,-371.4,149.9,0.0000,-362.0,99.3,-0.0305,137.6,349.3
1.0316,1.0246,7.1,0,-690.3,-978.5,1.6785,-679.6,-978.2,1.6710,-372.8,145.3,0.0000,-365.7,94.9,-0.0301,133.6,353.3
1.0392,1.0336,5.6,0,-693.2,-977.6,1.6914,-682.9,-976.9,1.6710,-374.4,140.6,-0.0000,-366.0,91.4,-0.0817,134.7,352.4
1.0477,1.0336,14.1,0,-693.2,-977.6,1.6914,-682.9,-976.9,1.6710,-374.4,140.6,-0.0000,-376.5,90.2,-0.0817,134.9,362.9
1.0556,1.0500,5.5,0,-698.5,-975.1,1.6872,-689.1,-974.7,1.6710,-377.4,131.9,-0.0000,-370.3,81.5,-0.0647,124.0,358.3
1.0637,1.0500,13.7,0,-698.5,-975.1,1.6872,-689.1,-974.7,1.6710,-377.4,131.9,-0.0000,-380.4,80.2,-0.0647,123.8,368.5
1.0717,1.0669,4.7,0,-703.4,-974.3,1.6747,-695.5,-972.5,1.6710,-380.6,123.7,-0.0000,-375.7,76.4,-0.0149,115.0,365.8
1.0789,1.0669,12.0,0,-703.4,-974.3,1.6747,-695.5,-972.5,1.6710,-380.6,123.7,-0.0000,-384.7,75.4,-0.0149,114.9,374.8
1.0869,1.0836,3.3,0,-708.7,-972.2,1.6786,-701.9,-970.5,1.6710,-383.0,116.2,-0.0000,-378.4,68.5,-0.0305,108.9,368.9
1.0949,1.0836,11.2,0,-708.7,-972.2,1.6786,-701.9,-970.5,1.6710,-383.0,116.2,-0.0000,-388.2,67.1,-0.0305,108.5,378.8
1.1032,1.1003,2.8,0,-713.6,-969.9,1.7013,-708.3,-968.6,1.6710,-385.2,105.9,-0.0000,-384.0,57.3,-0.1213,106.7,373.3
1.1112,1.1096,1.6,0,-715.7,-969.6,1.6992,-711.9,-967.7,1.6710,-386.6,101.7,0.0000,-387.7,54.5,-0.1127,103.7,377.5
1.1187,1.1175,1.2,0,-717.5,-968.6,1.6687,-715.0,-966.9,1.6710,-387.8,97.9,-0.0000,-391.7,50.6,0.0090,88.6,384.9
1.1273,1.1272,0.1,0,-721.2,-967.9,1.6976,-718.7,-966.0,1.6710,-389.3,93.2,-0.0000,-390.9,46.4,-0.1065,95.5,381.9
1.1350,1.1349,0.1,0,-722.9,-967.9,1.6941,-721.7,-965.3,1.6710,-390.1,89.2,0.0000,-394.9,44.1,-0.0924,92.4,386.5
1.1427,1.1349,7.9,0,-722.9,-967.9,1.6941,-721.7,-965.3,1.6710,-390.1,89.2,0.0000,-404.2,41.9,-0.0924,91.3,396.0
1.1509,1.1434,7.5,0,-724.8,-966.9,1.6753,-725.0,-964.5,1.6710,-391.0,84.8,0.0000,-408.1,36.8,-0.0172,79.2,402.0
1.1590,1.1513,7.7,0,-728.1,-966.1,1.6875,-728.1,-963.9,1.6710,-391.8,80.4,0.0000,-408.2,32.2,-0.0662,79.6,401.6
1.1678,1.1599,7.8,0,-730.2,-965.8,1.6784,-731.5,-963.2,1.6710,-392.6,75.4,-0.0000,-413.1,28.1,-0.0296,72.3,407.7
1.1757,1.1684,7.2,0,-733.4,-964.7,1.6892,-734.9,-962.6,1.6710,-393.5,71.1,-0.0000,-413.0,22.3,-0.0730,70.9,407.4
1.1828,1.1774,5.4,0,-735.8,-964.3,1.6977,-738.4,-962.0,1.6710,-394.5,66.4,0.0000,-413.9,18.9,-0.1066,71.1,408.2
1.1914,1.1851,6.3,0,-738.3,-964.0,1.7002,-741.4,-961.5,1.6710,-394.9,62.9,-0.0000,-416.4,15.3,-0.1169,68.9,410.9
1.1998,1.1951,4.7,0,-741.3,-963.5,1.7077,-745.4,-960.9,1.6710,-395.7,58.0,-0.0000,-417.7,10.3,-0.1468,67.2,412.4
1.2071,1.2025,4.5,0,-743.2,-963.6,1.7008,-748.3,-960.4,1.6710,-396.5,53.0,-0.0000,-420.9,7.8,-0.1191,62.3,416.3
1.2155,1.2109,4.6,0,-746.3,-962.5,1.7105,-751.6,-960.0,1.6710,-397.3,48.2,-0.0000,-421.5,1.2,-0.1580,59.9,417.2
1.2233,1.2193,4.0,0,-749.1,-962.2,1.7074,-755.0,-959.6,1.6710,-397.9,44.7,0.0000,-422.0,-2.8,-0.1456,54.7,418.5
1.2317,1.2282,3.5,0,-751.8,-962.4,1.7111,-758.5,-959.2,1.6710,-398.3,40.1,-0.0000,-424.1,-5.5,-0.1603,53.8,420.7
1.2395,1.2358,3.8,0,-754.7,-962.1,1.7106,-761.5,-959.0,1.6710,-398.4,35.7,-0.0000,-424.6,-9.6,-0.1586,49.7,421.8
1.2475,1.2449,2.6,0,-756.6,-962.4,1.7055,-765.2,-958.7,1.6710,-398.6,30.8,-0.0000,-428.3,-12.0,-0.1381,45.7,426.0
1.2557,1.2530,2.7,0,-760.8,-961.8,1.7139,-768.4,-958.4,1.6710,-398.7,26.9,-0.0000,-425.2,-17.3,-0.1716,43.5,423.4
1.2639,1.2613,2.6,0,-762.9,-962.4,1.7064,-771.7,-958.2,1.6710,-399.2,22.4,0.0000,-428.4,-19.4,-0.1417,38.7,427.1
1.2717,1.2700,1.7,0,-765.5,-962.3,1.7086,-775.2,-958.0,1.6710,-400.0,17.3,0.0000,-429.5,-23.7,-0.1504,35.6,428.7
1.2788,1.2787,0.1,0,-769.0,-962.3,1.7099,-778.7,-957.9,1.6710,-399.9,12.9,-0.0000,-427.0,-27.8,-0.1558,31.7,426.7
1.2876,1.2864,1.2,0,-771.7,-962.7,1.7061,-781.8,-957.8,1.6710,-399.6,9.1,0.0000,-429.1,-31.0,-0.1402,27.2,429.4
1.2953,1.2952,0.1,0,-775.1,-962.5,1.7092,-785.3,-957.8,1.6710,-399.8,4.3,-0.0000,-427.1,-35.3,-0.1528,23.9,427.9
1.3038,1.3037,0.1,0,-777.6,-962.7,1.7035,-788.7,-957.8,1.6710,-400.1,-0.5,0.0000,-429.4,-38.8,-0.1298,18.3,430.8
1.3113,1.3037,7.5,0,-777.6,-962.7,1.7035,-788.7,-957.8,1.6710,-400.1,-0.5,0.0000,-438.8,-42.0,-0.1298,16.4,440.5
1.3192,1.3121,7.1,0,-781.2,-962.9,1.7136,-792.0,-957.8,1.6710,-399.9,-5.1,-0.0000,-436.9,-45.5,-0.1706,17.1,438.9
1.3270,1.3204,6.6,0,-783.7,-963.7,1.6983,-795.4,-957.8,1.6710,-399.8,-9.7,-0.0000,-437.3,-49.1,-0.1090,6.9,440.0
1.3352,1.3306,4.6,0,-788.0,-963.2,1.7131,-799.4,-958.0,1.6710,-399.7,-14.8,-0.0000,-433.2,-55.5,-0.1682,6.5,436.7
1.3438,1.3372,6.6,0,-790.5,-964.4,1.6918,-802.1,-958.1,1.6710,-399.6,-18.2,-0.0000,-435.4,-56.5,-0.0832,-3.5,439.0
1.3518,1.3462,5.7,0,-793.9,-964.7,1.6950,-805.6,-958.3,1.6710,-399.6,-22.7,0.0000,-434.0,-60.3,-0.0961,-6.0,438.1
1.3597,1.3543,5.4,0,-797.1,-965.5,1.6965,-808.9,-958.5,1.6710,-399.4,-26.8,-0.0000,-433.3,-62.4,-0.1019,-7.6,437.7
1.3674,1.3627,4.7,0,-801.2,-965.6,1.6948,-812.2,-958.7,1.6710,-398.9,-31.4,-0.0000,-429.4,-66.7,-0.0953,-13.0,434.4
1.3756,1.3719,3.7,0,-804.1,-966.8,1.6916,-815.9,-959.0,1.6710,-398.3,-36.6,0.0000,-429.5,-67.8,-0.0824,-15.5,434.5
1.3831,1.3816,1.5,0,-808.0,-966.9,1.7042,-819.8,-959.4,1.6710,-397.8,-42.5,-0.0000,-425.5,-72.5,-0.1326,-15.3,431.4
1.3914,1.3816,9.8,0,-808.0,-966.9,1.7042,-819.8,-959.4,1.6710,-397.8,-42.5,-0.0000,-434.2,-78.9,-0.1326,-20.4,440.8
1.3995,1.3964,3.1,0,-815.4,-968.1,1.7169,-825.7,-960.1,1.6710,-396.3,-50.0,0.0000,-420.8,-80.7,-0.1836,-18.6,428.1
1.4073,1.4050,2.3,0,-818.3,-969.4,1.7159,-829.1,-960.5,1.6710,-396.0,-54.2,0.0000,-420.4,-81.1,-0.1798,-19.4,427.7
1.4147,1.4050,9.7,0,-818.3,-969.4,1.7159,-829.1,-960.5,1.6710,-396.0,-54.2,0.0000,-428.2,-85.9,-0.1798,-23.0,436.1
1.4235,1.4220,1.4,0,-825.1,-971.1,1.7037,-835.8,-961.5,1.6710,-395.4,-62.8,0.0000,-416.5,-87.2,-0.1308,-31.3,424.4
1.4317,1.4220,9.6,0,-825.1,-971.1,1.7037,-835.8,-961.5,1.6710,-395.4,-62.8,0.0000,-424.8,-93.2,-0.1308,-36.1,433.4
1.4388,1.4387,0.1,0,-833.3,-973.7,1.7143,-842.4,-962.7,1.6710,-393.2,-72.6,-0.0000,-410.7,-91.2,-0.1732,-31.6,419.5
1.4476,1.4387,9.0,0,-833.3,-973.7,1.7143,-842.4,-962.7,1.6710,-393.2,-72.6,-0.0000,-416.5,-97.4,-0.1732,-36.8,426.2
1.4548,1.4497,5.1,0,-836.5,-974.8,1.7262,-846.7,-963.5,1.6710,-392.2,-78.0,-0.0000,-414.8,-99.3,-0.2210,-33.9,425.2
1.4634,1.4558,7.6,0,-840.6,-975.6,1.7263,-849.1,-964.0,1.6710,-391.7,-81.0,-0.0000,-410.9,-103.4,-0.2213,-38.5,422.0
1.4717,1.4640,7.7,0,-843.7,-976.6,1.7288,-852.3,-964.7,1.6710,-391.0,-85.2,-0.0000,-409.0,-105.8,-0.2313,-40.1,420.5
1.4798,1.4726,7.2,0,-848.9,-977.6,1.7395,-855.7,-965.4,1.6710,-389.8,-89.4,-0.0000,-401.3,-109.0,-0.2741,-40.1,413.9
1.4871,1.4827,4.4,0,-851.1,-980.2,1.7321,-859.6,-966.3,1.6710,-388.5,-94.4,0.0000,-402.8,-107.5,-0.2444,-41.4,414.8
1.4954,1.4895,5.9,0,-855.5,-980.5,1.7299,-862.2,-967.0,1.6710,-387.6,-98.7,-0.0000,-397.7,-113.6,-0.2357,-49.1,410.7
1.5037,1.4979,5.7,0,-859.1,-982.5,1.7306,-865.5,-967.8,1.6710,-386.4,-103.5,0.0000,-393.9,-114.6,-0.2385,-50.5,407.2
1.5117,1.5062,5.5,0,-863.2,-983.2,1.7375,-868.7,-968.7,1.6710,-385.5,-106.9,0.0000,-389.3,-119.1,-0.2660,-52.9,403.6
1.5196,1.5163,3.3,0,-867.7,-984.8,1.7434,-872.6,-969.8,1.6710,-384.1,-111.8,0.0000,-383.4,-120.3,-0.2898,-52.7,398.3
1.5274,1.5163,11.1,0,-867.7,-984.8,1.7434,-872.6,-969.8,1.6710,-384.1,-111.8,0.0000,-390.6,-126.6,-0.2898,-57.6,406.6
1.5356,1.5317,3.9,0,-874.6,-988.7,1.7423,-878.5,-971.6,1.6710,-381.3,-120.2,0.0000,-377.2,-121.2,-0.2854,-55.1,392.4
1.5435,1.5317,11.8,0,-874.6,-988.7,1.7423,-878.5,-971.6,1.6710,-381.3,-120.2,0.0000,-384.5,-128.0,-0.2854,-60.5,400.7
1.5516,1.5504,1.2,0,-882.7,-990.3,1.7361,-885.6,-973.9,1.6710,-378.3,-129.9,-0.0000,-368.5,-130.6,-0.2605,-68.2,384.9
1.5592,1.5504,8.8,0,-882.7,-990.3,1.7361,-885.6,-973.9,1.6710,-378.3,-129.9,-0.0000,-374.7,-137.5,-0.2605,-74.0,392.2
1.5679,1.5653,2.6,0,-890.0,-994.0,1.7402,-891.2,-975.9,1.6710,-376.1,-137.1,-0.0000,-359.8,-134.3,-0.2768,-71.7,377.3
1.5749,1.5653,9.5,0,-890.0,-994.0,1.7402,-891.2,-975.9,1.6710,-376.1,-137.1,-0.0000,-365.8,-140.5,-0.2768,-76.8,384.3
1.5836,1.5824,1.2,0,-897.5,-996.7,1.7357,-897.6,-978.3,1.6710,-372.3,-145.1,0.0000,-350.9,-139.9,-0.2590,-80.4,369.1
1.5910,1.5824,8.6,0,-897.5,-996.7,1.7357,-897.6,-978.3,1.6710,-372.3,-145.1,0.0000,-357.4,-146.5,-0.2590,-85.8,376.6
1.5992,1.5991,0.1,0,-904.6,-1001.3,1.7261,-903.8,-980.8,1.6710,-369.5,-154.1,-0.0000,-343.5,-140.0,-0.2203,-85.2,361.0
1.6068,1.5991,7.7,0,-904.6,-1001.3,1.7261,-903.8,-980.8,1.6710,-369.5,-154.1,-0.0000,-349.9,-147.0,-0.2203,-91.1,368.4
1.6156,1.5991,16.5,0,-904.6,-1001.3,1.7261,-903.8,-980.8,1.6710,-369.5,-154.1,-0.0000,-356.3,-155.6,-0.2203,-98.6,376.1
1.6230,1.6166,6.4,0,-912.6,-1003.3,1.7365,-910.2,-983.6,1.6710,-365.5,-162.7,-0.0000,-341.5,-156.5,-0.2619,-98.1,362.7
1.6313,1.6166,14.7,0,-912.6,-1003.3,1.7365,-910.2,-983.6,1.6710,-365.5,-162.7,-0.0000,-345.7,-164.6,-0.2619,-105.3,368.1
1.6390,1.6328,6.3,0,-919.8,-1007.7,1.7018,-916.1,-986.3,1.6710,-361.8,-169.9,-0.0000,-331.3,-159.1,-0.1230,-114.5,349.2
1.6477,1.6328,14.9,0,-919.8,-1007.7,1.7018,-916.1,-986.3,1.6710,-361.8,-169.9,-0.0000,-336.6,-167.0,-0.1230,-121.6,355.6
1.6555,1.6498,5.7,0,-928.2,-1009.9,1.7201,-922.2,-989.3,1.6710,-358.2,-178.4,-0.0000,-321.1,-167.9,-0.1962,-118.3,342.5
1.6639,1.6498,14.0,0,-928.2,-1009.9,1.7201,-922.2,-989.3,1.6710,-358.2,-178.4,-0.0000,-323.5,-176.4,-0.1962,-126.4,346.2
1.6717,1.6667,5.0,0,-935.7,-1013.3,1.7068,-928.2,-992.4,1.6710,-353.6,-186.8,-0.0000,-308.0,-174.1,-0.1433,-130.7,328.7
1.6792,1.6667,12.5,0,-935.7,-1013.3,1.7068,-928.2,-992.4,1.6710,-353.6,-186.8,-0.0000,-313.1,-181.7,-0.1433,-137.5,334.9
1.6870,1.6836,3.5,0,-943.1,-1016.9,1.7086,-934.2,-995.6,1.6710,-349.4,-194.5,0.0000,-297.7,-179.2,-0.1505,-136.6,319.5
1.6954,1.6836,11.8,0,-943.1,-1016.9,1.7086,-934.2,-995.6,1.6710,-349.4,-194.5,0.0000,-302.3,-187.2,-0.1505,-143.9,325.2
1.7032,1.7003,2.8,0,-950.1,-1020.1,1.6989,-940.0,-998.9,1.6710,-345.6,-201.9,0.0000,-286.8,-185.3,-0.1116,-147.1,308.2
1.7113,1.7003,10.9,0,-950.1,-1020.1,1.6989,-940.0,-998.9,1.6710,-345.6,-201.9,0.0000,-292.5,-193.3,-0.1116,-154.4,314.8
1.7190,1.7174,1.6,0,-957.0,-1023.2,1.6969,-945.8,-1002.4,1.6710,-339.9,-210.1,-0.0000,-277.2,-192.0,-0.1037,-155.6,299.2
1.7273,1.7174,9.8,0,-957.0,-1023.2,1.6969,-945.8,-1002.4,1.6710,-339.9,-210.1,-0.0000,-282.3,-201.6,-0.1037,-164.5,305.5
1.7348,1.7341,0.7,0,-963.8,-1027.0,1.6923,-951.5,-1006.0,1.6710,-336.1,-217.6,-0.0000,-267.5,-198.7,-0.0853,-164.8,289.7
1.7429,1.7341,8.7,0,-963.8,-1027.0,1.6923,-951.5,-1006.0,1.6710,-336.1,-217.6,-0.0000,-273.0,-206.5,-0.0853,-171.9,296.0
1.7513,1.7512,0.1,0,-970.8,-1029.7,1.6952,-957.2,-1009.8,1.6710,-330.6,-225.1,0.0000,-257.5,-207.1,-0.0966,-173.5,281.2
1.7594,1.7580,1.4,0,-973.4,-1030.9,1.6760,-959.4,-1011.3,1.6710,-328.4,-228.1,-0.0000,-254.3,-212.3,-0.0202,-184.4,275.2
1.7679,1.7580,9.9,0,-973.4,-1030.9,1.6760,-959.4,-1011.3,1.6710,-328.4,-228.1,-0.0000,-259.4,-221.5,-0.0202,-193.0,281.2
1.7747,1.7684,6.3,0,-977.2,-1033.8,1.6838,-962.8,-1013.7,1.6710,-325.1,-232.6,0.0000,-252.2,-220.4,-0.0511,-190.5,275.5
1.7833,1.7765,6.9,0,-980.3,-1035.4,1.6837,-965.4,-1015.6,1.6710,-322.9,-236.2,0.0000,-248.3,-225.0,-0.0507,-195.6,272.1
1.7910,1.7863,4.7,0,-983.5,-1036.8,1.6967,-968.6,-1017.9,1.6710,-320.2,-240.6,-0.0000,-242.8,-229.4,-0.1030,-197.1,269.7
1.7988,1.7952,3.6,0,-986.3,-1038.3,1.6739,-971.4,-1020.1,1.6710,-316.7,-244.0,0.0000,-238.7,-233.5,-0.0116,-207.7,261.5
1.8077,1.8020,5.8,0,-989.7,-1040.8,1.6771,-973.6,-1021.8,1.6710,-314.4,-246.7,-0.0000,-234.1,-235.8,-0.0245,-209.6,257.8
1.8153,1.8108,4.5,0,-992.7,-1041.8,1.6774,-976.4,-1024.0,1.6710,-311.8,-250.1,0.0000,-229.3,-241.3,-0.0257,-215.5,253.7
1.8231,1.8176,5.5,0,-995.6,-1044.4,1.6853,-978.5,-1025.7,1.6710,-309.6,-252.9,0.0000,-225.0,-242.1,-0.0572,-214.8,251.2
1.8315,1.8274,4.1,0,-998.8,-1046.6,1.6771,-981.5,-1028.2,1.6710,-305.8,-257.9,-0.0000,-219.7,-245.0,-0.0243,-220.3,244.4
1.8395,1.8359,3.6,0,-1001.4,-1048.2,1.6752,-984.1,-1030.4,1.6710,-302.9,-261.6,-0.0000,-215.6,-249.8,-0.0169,-226.0,240.5
1.8476,1.8440,3.5,0,-1003.9,-1049.7,1.6902,-986.5,-1032.5,1.6710,-300.7,-264.1,-0.0000,-211.9,-254.7,-0.0768,-227.7,240.7
1.8549,1.8524,2.5,0,-1006.1,-1051.3,1.6762,-989.0,-1034.7,1.6710,-297.8,-267.3,0.0000,-208.6,-257.8,-0.0209,-234.4,234.6
1.8630,1.8614,1.6,0,-1008.0,-1053.3,1.6741,-991.7,-1037.1,1.6710,-293.9,-270.9,0.0000,-206.8,-260.9,-0.0126,-238.2,232.6
1.8709,1.8696,1.3,0,-1011.6,-1056.3,1.6856,-994.1,-1039.4,1.6710,-291.0,-274.1,-0.0000,-199.8,-261.3,-0.0585,-236.7,228.4
1.8795,1.8781,1.4,0,-1013.5,-1057.9,1.6704,-996.5,-1041.7,1.6710,-288.1,-277.5,-0.0000,-198.3,-266.8,0.0025,-245.7,223.9
1.8868,1.8867,0.1,0,-1015.8,-1060.4,1.6746,-999.0,-1044.1,1.6710,-284.8,-280.9,0.0000,-195.0,-267.4,-0.0146,-245.8,221.7
1.8951,1.8950,0.1,0,-1018.5,-1061.8,1.6843,-1001.4,-1046.5,1.6710,-281.3,-284.2,-0.0000,-190.7,-273.0,-0.0531,-249.7,220.4
1.9027,1.8950,7.7,0,-1018.5,-1061.8,1.6843,-1001.4,-1046.5,1.6710,-281.3,-284.2,-0.0000,-193.2,-282.4,-0.0531,-258.7,224.0
1.9115,1.9032,8.2,0,-1020.2,-1063.5,1.6700,-1003.7,-1048.8,1.6710,-278.5,-287.2,-0.0000,-191.2,-287.7,0.0042,-267.4,218.8
1.9199,1.9122,7.7,0,-1022.9,-1066.5,1.6688,-1006.1,-1051.4,1.6710,-275.5,-290.3,-0.0000,-186.8,-288.0,0.0089,-268.3,214.1
1.9267,1.9266,0.1,0,-1026.9,-1070.2,1.6629,-1010.1,-1055.7,1.6710,-269.9,-295.4,-0.0000,-177.5,-284.8,0.0325,-267.3,202.9
1.9351,1.9266,8.5,0,-1026.9,-1070.2,1.6629,-1010.1,-1055.7,1.6710,-269.9,-295.4,-0.0000,-180.8,-295.0,0.0325,-277.1,207.1
1.9436,1.9382,5.3,0,-1029.5,-1072.6,1.6630,-1013.2,-1059.1,1.6710,-264.8,-300.0,0.0000,-175.9,-298.2,0.0321,-280.7,202.6
1.9507,1.9463,4.4,0,-1032.0,-1074.5,1.6606,-1015.3,-1061.5,1.6710,-261.3,-303.1,0.0000,-170.7,-301.1,0.0416,-284.6,197.0
1.9590,1.9541,4.9,0,-1033.0,-1076.4,1.6527,-1017.3,-1063.9,1.6710,-258.0,-305.2,-0.0000,-170.2,-305.4,0.0732,-290.4,194.7
1.9676,1.9626,5.0,0,-1034.7,-1079.0,1.6601,-1019.5,-1066.5,1.6710,-254.5,-307.9,0.0000,-167.1,-308.4,0.0437,-292.3,194.0
1.9747,1.9713,3.4,0,-1037.3,-1081.6,1.6575,-1021.7,-1069.2,1.6710,-251.2,-311.2,-0.0000,-161.1,-309.4,0.0538,-294.2,187.3
1.9831,1.9796,3.4,0,-1038.9,-1083.3,1.6481,-1023.8,-1071.8,1.6710,-247.9,-314.0,0.0000,-159.4,-313.6,0.0917,-300.4,183.1
1.9911,1.9880,3.1,0,-1040.3,-1086.0,1.6539,-1025.8,-1074.4,1.6710,-244.9,-316.5,0.0000,-157.7,-315.2,0.0683,-301.0,183.4
1.9990,1.9968,2.2,0,-1042.4,-1088.7,1.6545,-1028.0,-1077.2,1.6710,-241.1,-319.4,-0.0000,-154.0,-316.9,0.0658,-302.9,179.9
2.0073,2.0048,2.6,0,-1044.8,-1090.1,1.6488,-1029.9,-1079.8,1.6710,-237.1,-322.4,0.0000,-149.1,-322.9,0.0890,-310.3,173.8
2.0152,2.0137,1.5,0,-1046.2,-1093.4,1.6600,-1032.0,-1082.7,1.6710,-233.2,-325.0,0.0000,-145.6,-322.8,0.0438,-308.5,173.8
2.0237,2.0220,1.7,0,-1047.5,-1095.3,1.6590,-1033.9,-1085.4,1.6710,-229.9,-327.0,0.0000,-143.3,-327.6,0.0481,-313.7,171.5
2.0313,2.0301,1.2,0,-1048.9,-1098.4,1.6642,-1035.8,-1088.1,1.6710,-226.4,-329.5,-0.0000,-141.2,-327.3,0.0273,-312.7,171.1
2.0388,2.0387,0.1,0,-1050.9,-1099.8,1.6564,-1037.7,-1090.9,1.6710,-222.9,-332.2,-0.0000,-136.7,-332.5,0.0584,-319.6,164.7
2.0476,2.0474,0.1,0,-1052.8,-1102.1,1.6608,-1039.6,-1093.8,1.6710,-218.8,-334.9,-0.0000,-132.2,-336.1,0.0409,-322.8,161.8
2.0555,2.0554,0.1,0,-1053.9,-1104.3,1.6595,-1041.3,-1096.5,1.6710,-215.2,-337.4,-0.0000,-130.5,-339.3,0.0461,-326.4,160.0
2.0629,2.0554,7.5,0,-1053.9,-1104.3,1.6595,-1041.3,-1096.5,1.6710,-215.2,-337.4,-0.0000,-132.0,-348.6,0.0461,-335.5,162.4
2.0716,2.0643,7.2,0,-1055.7,-1107.9,1.6648,-1043.2,-1099.5,1.6710,-210.6,-340.1,0.0000,-128.0,-348.6,0.0248,-335.0,160.1
2.0789,2.0725,6.4,0,-1057.4,-1110.0,1.6538,-1044.9,-1102.3,1.6710,-206.4,-342.7,0.0000,-123.5,-351.6,0.0687,-340.2,152.3
2.0873,2.0811,6.2,0,-1058.6,-1113.5,1.6726,-1046.7,-1105.3,1.6710,-203.0,-344.5,-0.0000,-120.7,-351.5,-0.0065,-337.4,155.9
2.0957,2.0900,5.8,0,-1059.7,-1115.5,1.6675,-1048.5,-1108.3,1.6710,-199.3,-346.6,-0.0000,-117.8,-356.0,0.0140,-342.9,151.6
2.1037,2.0980,5.7,0,-1061.6,-1117.9,1.6822,-1050.1,-1111.1,1.6710,-196.1,-348.9,0.0000,-112.9,-358.5,-0.0448,-343.7,152.0
2.1118,2.1060,5.7,0,-1062.3,-1121.9,1.6778,-1051.6,-1113.9,1.6710,-192.6,-351.0,0.0000,-112.2,-356.4,-0.0273,-342.3,149.6
2.1189,2.1171,1.7,0,-1064.2,-1124.2,1.6931,-1053.7,-1117.8,1.6710,-186.1,-354.0,-0.0000,-107.1,-358.4,-0.0883,-342.7,150.0
2.1277,2.1171,10.6,0,-1064.2,-1124.2,1.6931,-1053.7,-1117.8,1.6710,-186.1,-354.0,-0.0000,-107.0,-370.1,-0.0883,-354.3,151.4
2.1350,2.1315,3.5,0,-1066.7,-1129.4,1.6867,-1056.4,-1123.0,1.6710,-179.7,-357.3,-0.0000,-99.5,-363.6,-0.0626,-349.6,140.9
2.1434,2.1315,11.9,0,-1066.7,-1129.4,1.6867,-1056.4,-1123.0,1.6710,-179.7,-357.3,-0.0000,-99.4,-373.7,-0.0626,-359.7,141.9
2.1516,2.1512,0.4,0,-1068.9,-1135.8,1.6858,-1059.8,-1130.0,1.6710,-170.0,-361.7,0.0000,-93.1,-364.6,-0.0591,-351.5,134.3
2.1596,2.1512,8.4,0,-1068.9,-1135.8,1.6858,-1059.8,-1130.0,1.6710,-170.0,-361.7,0.0000,-94.1,-374.0,-0.0591,-360.7,136.4
2.1677,2.1651,2.6,0,-1071.3,-1141.8,1.6975,-1062.1,-1135.1,1.6710,-163.8,-364.9,-0.0000,-86.8,-366.1,-0.1061,-352.2,132.4
2.1751,2.1651,10.0,0,-1071.3,-1141.8,1.6975,-1062.1,-1135.1,1.6710,-163.8,-364.9,-0.0000,-85.8,-375.8,-0.1061,-362.0,132.6
2.1835,2.1817,1.8,0,-1072.0,-1144.6,1.7125,-1064.8,-1141.2,1.6710,-155.7,-368.8,0.0000,-83.1,-377.9,-0.1662,-362.3,135.6
2.1912,2.1846,6.6,0,-1072.9,-1148.5,1.7030,-1065.2,-1142.2,1.6710,-154.3,-369.4,0.0000,-79.7,-375.8,-0.1281,-362.0,128.5
2.1991,2.1991,0.1,0,-1076.3,-1153.4,1.7075,-1067.4,-1147.6,1.6710,-146.3,-371.9,0.0000,-69.0,-371.2,-0.1460,-358.3,118.9
2.2067,2.1991,7.7,0,-1076.3,-1153.4,1.7075,-1067.4,-1147.6,1.6710,-146.3,-371.9,0.0000,-68.7,-380.9,-0.1460,-368.0,120.0
2.2156,2.2155,0.1,0,-1076.4,-1156.9,1.7119,-1069.8,-1153.7,1.6710,-139.2,-375.0,-0.0000,-68.0,-381.4,-0.1635,-368.1,120.9
2.2234,2.2188,4.6,0,-1077.7,-1160.0,1.7146,-1070.2,-1155.0,1.6710,-137.5,-375.7,-0.0000,-63.2,-381.1,-0.1744,-368.2,117.1
2.2314,2.2188,12.6,0,-1077.7,-1160.0,1.7146,-1070.2,-1155.0,1.6710,-137.5,-375.7,-0.0000,-62.2,-391.0,-0.1744,-378.1,117.6
2.2395,2.2331,6.4,0,-1079.3,-1165.5,1.7239,-1072.1,-1160.4,1.6710,-129.7,-379.0,0.0000,-56.4,-385.0,-0.2115,-371.9,114.4
2.2473,2.2331,14.3,0,-1079.3,-1165.5,1.7239,-1072.1,-1160.4,1.6710,-129.7,-379.0,0.0000,-55.1,-394.9,-0.2115,-381.9,114.6
2.2549,2.2524,2.4,0,-1081.2,-1172.4,1.7302,-1074.5,-1167.7,1.6710,-119.7,-381.6,0.0000,-47.7,-383.2,-0.2368,-370.7,107.9
2.2630,2.2524,10.6,0,-1081.2,-1172.4,1.7302,-1074.5,-1167.7,1.6710,-119.7,-381.6,0.0000,-46.1,-393.1,-0.2368,-380.8,107.9
2.2712,2.2668,4.4,0,-1082.8,-1178.5,1.7248,-1076.2,-1173.2,1.6710,-113.5,-383.1,-0.0000,-39.7,-385.2,-0.2153,-374.6,98.4
2.2793,2.2668,12.5,0,-1082.8,-1178.5,1.7248,-1076.2,-1173.2,1.6710,-113.5,-383.1,-0.0000,-38.3,-395.2,-0.2153,-384.6,98.5
2.2870,2.2845,2.5,0,-1084.4,-1185.3,1.7263,-1078.1,-1180.0,1.6710,-103.2,-386.4,0.0000,-32.5,-383.7,-0.2213,-374.0,91.5
2.2952,2.2845,10.7,0,-1084.4,-1185.3,1.7263,-1078.1,-1180.0,1.6710,-103.2,-386.4,0.0000,-30.7,-393.6,-0.2213,-384.1,91.3
2.3030,2.3003,2.7,0,-1085.5,-1191.8,1.7220,-1079.7,-1186.2,1.6710,-95.1,-388.6,-0.0000,-24.7,-384.3,-0.2039,-376.2,82.3
2.3115,2.3003,11.2,0,-1085.5,-1191.8,1.7220,-1079.7,-1186.2,1.6710,-95.1,-388.6,-0.0000,-22.2,-394.9,-0.2039,-387.0,81.5
2.3197,2.3171,2.6,0,-1086.5,-1198.7,1.7152,-1081.2,-1192.7,1.6710,-87.0,-390.8,0.0000,-17.4,-383.8,-0.1767,-377.3,72.4
2.3268,2.3261,0.7,0,-1086.2,-1202.3,1.7124,-1082.0,-1196.2,1.6710,-82.3,-391.0,0.0000,-16.5,-381.4,-0.1654,-375.3,70.1
2.3356,2.3343,1.2,0,-1086.6,-1205.8,1.7097,-1082.6,-1199.4,1.6710,-78.0,-392.1,0.0000,-12.9,-381.4,-0.1548,-375.9,65.6
2.3438,2.3343,9.5,0,-1086.6,-1205.8,1.7097,-1082.6,-1199.4,1.6710,-78.0,-392.1,0.0000,-10.3,-391.5,-0.1548,-386.3,64.4
2.3514,2.3510,0.3,0,-1087.8,-1212.0,1.6961,-1083.9,-1206.0,1.6710,-69.0,-394.1,-0.0000,-4.1,-382.6,-0.1005,-379.1,51.9
2.3591,2.3510,8.1,0,-1087.8,-1212.0,1.6961,-1083.9,-1206.0,1.6710,-69.0,-394.1,-0.0000,-1.3,-392.1,-0.1005,-388.9,50.3
2.3673,2.3597,7.6,0,-1087.8,-1215.1,1.6980,-1084.4,-1209.4,1.6710,-64.0,-394.5,-0.0000,1.7,-392.1,-0.1080,-389.2,48.0
2.3752,2.3682,7.1,0,-1088.6,-1218.4,1.7011,-1085.0,-1212.8,1.6710,-59.7,-395.5,-0.0000,6.9,-391.5,-0.1203,-389.0,44.1
2.3832,2.3767,6.4,0,-1088.4,-1222.2,1.6853,-1085.5,-1216.2,1.6710,-55.2,-396.5,0.0000,8.4,-389.5,-0.0571,-387.9,36.2
2.3915,2.3854,6.1,0,-1088.5,-1224.8,1.6950,-1085.9,-1219.6,1.6710,-51.3,-396.5,0.0000,11.7,-391.5,-0.0961,-389.9,36.9
2.3997,2.3951,4.6,0,-1088.6,-1228.2,1.6828,-1086.4,-1223.5,1.6710,-46.5,-396.9,0.0000,15.3,-390.8,-0.0471,-390.1,28.5
2.4077,2.4022,5.5,0,-1090.9,-1232.8,1.6894,-1086.7,-1226.3,1.6710,-41.8,-397.9,0.0000,25.9,-386.6,-0.0734,-387.0,20.0
2.4159,2.4104,5.5,0,-1089.2,-1235.2,1.6830,-1087.0,-1229.6,1.6710,-37.0,-398.6,0.0000,25.0,-389.7,-0.0478,-390.1,18.8
2.4230,2.4191,3.9,0,-1089.5,-1238.1,1.6838,-1087.3,-1233.0,1.6710,-32.8,-398.6,-0.0000,29.1,-389.2,-0.0512,-390.0,15.0
2.4314,2.4280,3.4,0,-1089.2,-1241.1,1.6770,-1087.6,-1236.6,1.6710,-28.2,-398.9,0.0000,31.7,-389.3,-0.0238,-390.4,9.8
2.4396,2.4355,4.1,0,-1089.1,-1244.5,1.6822,-1087.8,-1239.6,1.6710,-24.5,-399.0,0.0000,34.8,-388.4,-0.0450,-389.9,8.6
2.4469,2.4443,2.6,0,-1089.6,-1247.7,1.6830,-1088.0,-1243.1,1.6710,-19.8,-399.4,-0.0000,39.5,-387.6,-0.0482,-389.6,4.2
2.4552,2.4528,2.4,0,-1089.2,-1250.9,1.6720,-1088.2,-1246.5,1.6710,-14.9,-400.2,-0.0000,42.3,-387.7,-0.0040,-390.0,-2.9
2.4634,2.4610,2.5,0,-1089.5,-1253.8,1.6796,-1088.3,-1249.7,1.6710,-10.4,-400.3,-0.0000,47.3,-388.3,-0.0345,-391.2,-4.9
2.4712,2.4696,1.6,0,-1089.0,-1257.4,1.6612,-1088.3,-1253.2,1.6710,-5.5,-400.0,0.0000,50.1,-386.4,0.0393,-389.3,-15.0
2.4792,2.4780,1.2,0,-1089.6,-1261.0,1.6745,-1088.4,-1256.5,1.6710,-1.4,-399.9,0.0000,56.0,-385.0,-0.0140,-388.7,-15.9
2.4867,2.4866,0.1,0,-1089.3,-1264.5,1.6650,-1088.3,-1260.0,1.6710,2.3,-399.8,-0.0000,59.2,-383.0,0.0241,-386.8,-22.9
2.4951,2.4949,0.1,0,-1088.1,-1266.7,1.6696,-1088.3,-1263.3,1.6710,6.9,-399.7,0.0000,60.6,-385.4,0.0056,-389.5,-22.3
2.5033,2.5032,0.1,0,-1088.2,-1270.7,1.6633,-1088.2,-1266.6,1.6710,11.4,-399.5,-0.0000,65.1,-382.7,0.0310,-387.0,-29.5
2.5118,2.5117,0.1,0,-1088.7,-1273.4,1.6671,-1088.1,-1270.0,1.6710,16.4,-399.7,-0.0000,70.5,-384.0,0.0156,-389.0,-33.3
2.5189,2.5117,7.2,0,-1088.7,-1273.4,1.6671,-1088.1,-1270.0,1.6710,16.4,-399.7,-0.0000,74.5,-391.8,0.0156,-397.2,-36.5
2.5271,2.5205,6.6,0,-1088.2,-1276.6,1.6739,-1087.9,-1273.5,1.6710,21.8,-400.1,-0.0000,78.7,-390.9,-0.0118,-396.9,-38.0
2.5355,2.5289,6.6,0,-1088.3,-1279.5,1.6739,-1087.7,-1276.9,1.6710,25.8,-399.0,-0.0000,84.3,-391.2,-0.0115,-397.8,-43.6
2.5438,2.5372,6.6,0,-1087.7,-1283.2,1.6718,-1087.5,-1280.2,1.6710,30.0,-398.2,-0.0000,87.1,-389.3,-0.0033,-396.0,-47.4
2.5518,2.5458,6.0,0,-1087.3,-1286.0,1.6737,-1087.2,-1283.6,1.6710,34.3,-398.4,-0.0000,90.9,-389.8,-0.0108,-397.0,-50.4
2.5597,2.5543,5.4,0,-1087.0,-1290.3,1.6729,-1086.9,-1287.0,1.6710,38.7,-398.2,-0.0000,95.7,-385.7,-0.0078,-393.4,-55.8
2.5679,2.5630,4.9,0,-1086.7,-1292.4,1.6774,-1086.6,-1290.5,1.6710,43.5,-397.6,0.0000,99.9,-388.0,-0.0255,-396.4,-58.1
2.5757,2.5711,4.6,0,-1085.7,-1295.5,1.6664,-1086.2,-1293.7,1.6710,47.9,-397.2,-0.0000,101.0,-386.7,0.0183,-394.6,-63.6
2.5830,2.5794,3.5,0,-1086.3,-1298.6,1.6737,-1085.8,-1297.0,1.6710,52.5,-396.8,0.0000,107.7,-384.8,-0.0109,-393.8,-67.6
2.5909,2.5875,3.4,0,-1085.6,-1302.9,1.6742,-1085.3,-1300.2,1.6710,56.8,-396.3,-0.0000,112.5,-380.5,-0.0127,-390.1,-72.6
2.5991,2.5964,2.7,0,-1085.7,-1304.8,1.6729,-1084.8,-1303.7,1.6710,61.8,-395.3,-0.0000,118.9,-383.3,-0.0077,-393.4,-79.2
2.6070,2.6047,2.3,0,-1085.4,-1308.2,1.6751,-1084.3,-1307.0,1.6710,65.9,-394.6,-0.0000,122.6,-380.9,-0.0162,-391.6,-82.2
2.6157,2.6132,2.5,0,-1084.3,-1311.2,1.6822,-1083.7,-1310.4,1.6710,69.4,-394.0,0.0000,125.1,-380.8,-0.0449,-392.3,-82.0
2.6231,2.6217,1.4,0,-1083.8,-1314.9,1.6832,-1083.1,-1313.7,1.6710,74.0,-392.9,-0.0000,129.2,-377.9,-0.0487,-390.0,-86.0
2.6317,2.6302,1.4,0,-1083.3,-1317.3,1.6760,-1082.4,-1317.0,1.6710,79.4,-391.6,0.0000,134.0,-379.4,-0.0199,-391.4,-93.4
2.6397,2.6385,1.2,0,-1082.5,-1321.3,1.6818,-1081.8,-1320.3,1.6710,83.5,-390.8,0.0000,137.1,-375.0,-0.0434,-387.9,-94.7
2.6476,2.6475,0.2,0,-1081.4,-1324.3,1.6797,-1081.0,-1323.8,1.6710,87.8,-390.1,-0.0000,140.2,-373.6,-0.0350,-386.6,-98.8
2.6556,2.6555,0.1,0,-1080.7,-1327.8,1.6827,-1080.3,-1326.9,1.6710,92.2,-389.3,0.0000,145.1,-370.5,-0.0467,-384.4,-102.9
2.6630,2.6629,0.1,0,-1079.8,-1330.8,1.6941,-1079.6,-1329.8,1.6710,96.5,-388.8,0.0000,148.3,-368.8,-0.0923,-384.2,-101.9
2.6714,2.6629,8.5,0,-1079.8,-1330.8,1.6941,-1079.6,-1329.8,1.6710,96.5,-388.8,0.0000,153.6,-377.5,-0.0923,-393.6,-106.0
2.6798,2.6724,7.4,0,-1079.7,-1333.4,1.6938,-1078.6,-1333.5,1.6710,100.6,-387.1,0.0000,159.9,-377.8,-0.0914,-394.6,-112.3
2.6876,2.6811,6.4,0,-1079.0,-1336.8,1.6883,-1077.8,-1336.8,1.6710,104.4,-385.7,0.0000,164.7,-374.2,-0.0692,-391.0,-119.7
2.6951,2.6891,6.0,0,-1078.4,-1339.1,1.7004,-1076.9,-1339.9,1.6710,109.9,-384.6,-0.0000,169.3,-374.3,-0.1174,-393.1,-119.5
2.7032,2.6978,5.3,0,-1077.7,-1342.3,1.6914,-1075.9,-1343.3,1.6710,115.2,-383.4,0.0000,173.9,-372.6,-0.0817,-390.8,-127.8
2.7116,2.7062,5.5,0,-1076.4,-1344.6,1.6806,-1074.9,-1346.5,1.6710,118.5,-381.9,-0.0000,177.1,-373.5,-0.0383,-390.7,-135.1
2.7196,2.7143,5.3,0,-1075.3,-1349.1,1.6908,-1074.0,-1349.6,1.6710,122.3,-380.6,0.0000,180.8,-367.6,-0.0790,-386.6,-135.5
2.7277,2.7143,13.4,0,-1075.3,-1349.1,1.6908,-1074.0,-1349.6,1.6710,122.3,-380.6,0.0000,187.7,-375.0,-0.0790,-394.8,-141.5
2.7359,2.7313,4.6,0,-1072.7,-1354.9,1.6801,-1071.8,-1356.0,1.6710,130.8,-378.5,0.0000,186.7,-365.0,-0.0365,-383.1,-145.7
2.7437,2.7401,3.6,0,-1072.4,-1358.0,1.6902,-1070.6,-1359.3,1.6710,134.9,-376.5,0.0000,192.4,-362.5,-0.0769,-382.9,-147.8
2.7511,2.7485,2.7,0,-1071.3,-1360.6,1.6958,-1069.5,-1362.5,1.6710,139.4,-374.7,-0.0000,195.8,-360.7,-0.0994,-382.3,-149.3
2.7589,2.7570,1.8,0,-1069.5,-1362.9,1.6774,-1068.3,-1365.7,1.6710,144.8,-372.7,0.0000,197.5,-360.4,-0.0255,-379.4,-158.0
2.7669,2.7656,1.2,0,-1068.1,-1366.0,1.6792,-1067.0,-1368.9,1.6710,148.7,-371.3,0.0000,200.8,-358.0,-0.0327,-377.6,-160.9
2.7753,2.7656,9.7,0,-1068.1,-1366.0,1.6792,-1067.0,-1368.9,1.6710,148.7,-371.3,0.0000,208.6,-365.3,-0.0327,-385.7,-167.9
2.7831,2.7819,1.2,0,-1065.9,-1371.9,1.6808,-1064.5,-1374.9,1.6710,155.7,-368.4,0.0000,209.1,-354.6,-0.0390,-375.4,-168.9
2.7914,2.7819,9.5,0,-1065.9,-1371.9,1.6808,-1064.5,-1374.9,1.6710,155.7,-368.4,0.0000,216.8,-361.5,-0.0390,-383.1,-175.8
2.7989,2.7988,0.1,0,-1062.1,-1377.9,1.6706,-1061.8,-1381.1,1.6710,164.5,-364.3,-0.0000,212.2,-349.0,0.0016,-368.4,-176.4
2.8101,2.7988,11.3,0,-1062.1,-1377.9,1.6706,-1061.8,-1381.1,1.6710,164.5,-364.3,-0.0000,223.0,-357.9,0.0016,-378.3,-186.3
2.8153,2.8140,1.2,0,-1059.2,-1384.0,1.6658,-1059.3,-1386.6,1.6710,171.9,-361.2,0.0000,220.7,-347.8,0.0207,-367.2,-186.7
2.8227,2.8140,8.7,0,-1059.2,-1384.0,1.6658,-1059.3,-1386.6,1.6710,171.9,-361.2,0.0000,227.1,-349.7,0.0207,-369.6,-192.9
2.8314,2.8140,17.3,0,-1059.2,-1384.0,1.6658,-1059.3,-1386.6,1.6710,171.9,-361.2,0.0000,234.9,-356.7,0.0207,-377.4,-200.0
2.8388,2.8326,6.2,0,-1056.2,-1388.7,1.6567,-1056.0,-1393.3,1.6710,180.6,-357.1,0.0000,233.0,-348.4,0.0572,-367.1,-202.3
2.8472,2.8326,14.6,0,-1056.2,-1388.7,1.6567,-1056.0,-1393.3,1.6710,180.6,-357.1,0.0000,241.5,-354.6,0.0572,-374.0,-210.2
2.8551,2.8495,5.7,0,-1053.2,-1394.2,1.6449,-1052.9,-1399.3,1.6710,188.5,-352.5,-0.0000,240.3,-344.0,0.1044,-360.9,-214.2
2.8633,2.8566,6.7,0,-1051.7,-1397.8,1.6579,-1051.5,-1401.8,1.6710,192.0,-350.5,-0.0000,244.3,-339.1,0.0525,-359.1,-213.9
2.8711,2.8668,4.3,0,-1050.5,-1400.4,1.6366,-1049.5,-1405.4,1.6710,197.0,-348.0,-0.0000,248.7,-337.1,0.1374,-352.7,-225.9
2.8900,2.8668,23.1,0,-1050.5,-1400.4,1.6366,-1049.5,-1405.4,1.6710,197.0,-348.0,-0.0000,268.2,-349.9,0.1374,-366.8,-244.6
2.8955,2.8902,5.3,0,-1046.3,-1405.4,1.6532,-1044.8,-1413.4,1.6710,207.6,-342.4,-0.0000,262.4,-340.6,0.0711,-361.0,-233.5
2.9027,2.9002,2.5,0,-1043.1,-1411.2,1.6424,-1042.7,-1416.8,1.6710,211.8,-338.9,0.0000,259.0,-326.5,0.1144,-344.2,-235.0
2.9110,2.9002,10.8,0,-1043.1,-1411.2,1.6424,-1042.7,-1416.8,1.6710,211.8,-338.9,0.0000,267.6,-332.3,0.1144,-350.6,-243.1
2.9193,2.9193,0.1,0,-1039.1,-1416.7,1.6384,-1038.6,-1423.2,1.6710,221.2,-333.5,0.0000,264.7,-321.4,0.1303,-338.5,-242.3
2.9276,2.9193,8.3,0,-1039.1,-1416.7,1.6384,-1038.6,-1423.2,1.6710,221.2,-333.5,0.0000,274.0,-326.0,0.1303,-343.8,-251.3
2.9348,2.9336,1.3,0,-1035.7,-1422.2,1.6331,-1035.4,-1428.0,1.6710,226.7,-329.6,0.0000,271.5,-314.0,0.1514,-330.3,-251.4
2.9432,2.9336,9.7,0,-1035.7,-1422.2,1.6331,-1035.4,-1428.0,1.6710,226.7,-329.6,0.0000,279.9,-319.4,0.1514,-336.3,-259.5
2.9508,2.9507,0.0,0,-1033.3,-1424.4,1.6359,-1031.4,-1433.6,1.6710,234.3,-324.2,0.0000,280.8,-317.6,0.1405,-335.2,-259.6
2.9599,2.9533,6.6,0,-1031.5,-1426.8,1.6279,-1030.8,-1434.4,1.6710,235.4,-323.3,-0.0000,285.7,-315.8,0.1724,-331.6,-267.2
2.9668,2.9533,13.5,0,-1031.5,-1426.8,1.6279,-1030.8,-1434.4,1.6710,235.4,-323.3,-0.0000,293.4,-320.0,0.1724,-336.2,-274.6
2.9751,2.9677,7.4,0,-1027.0,-1433.1,1.6320,-1027.4,-1439.1,1.6710,241.7,-318.8,-0.0000,288.6,-306.3,0.1560,-323.4,-269.3
2.9832,2.9763,6.9,0,-1025.3,-1435.0,1.6296,-1025.3,-1441.8,1.6710,245.5,-315.7,0.0000,292.7,-305.2,0.1655,-321.9,-274.2
2.9912,2.9876,3.6,0,-1023.6,-1437.1,1.6319,-1022.5,-1445.3,1.6710,250.3,-311.7,-0.0000,296.7,-302.7,0.1566,-320.3,-277.7
2.9987,2.9952,3.5,0,-1020.9,-1440.6,1.6240,-1020.6,-1447.7,1.6710,253.3,-309.4,0.0000,297.2,-296.0,0.1878,-311.4,-281.0
3.0074,3.0018,5.6,0,-1019.3,-1443.4,1.6386,-1018.9,-1449.7,1.6710,255.9,-307.3,-0.0000,302.7,-292.2,0.1295,-312.0,-282.2
3.0158,3.0106,5.2,0,-1017.0,-1446.1,1.6292,-1016.6,-1452.4,1.6710,259.4,-304.7,-0.0000,305.4,-288.7,0.1674,-306.1,-288.1
3.0235,3.0211,2.3,0,-1015.3,-1448.0,1.6231,-1013.9,-1455.6,1.6710,263.8,-301.0,-0.0000,307.9,-287.1,0.1918,-302.8,-292.5
3.0311,3.0275,3.6,0,-1013.1,-1450.0,1.6372,-1012.2,-1457.5,1.6710,266.7,-298.2,-0.0000,309.7,-284.9,0.1351,-304.8,-290.1
3.0393,3.0337,5.6,0,-1010.7,-1453.2,1.6233,-1010.5,-1459.4,1.6710,269.3,-295.8,-0.0000,312.8,-279.0,0.1910,-295.0,-297.8
3.0477,3.0442,3.5,0,-1008.6,-1455.9,1.6457,-1007.7,-1462.4,1.6710,272.8,-292.3,0.0000,316.5,-274.5,0.1013,-297.4,-295.1
3.0551,3.0550,0.1,0,-1006.6,-1458.6,1.6409,-1004.7,-1465.6,1.6710,277.0,-288.4,-0.0000,319.2,-269.7,0.1205,-291.4,-299.5
3.0630,3.0613,1.7,0,-1004.1,-1460.8,1.6297,-1003.0,-1467.4,1.6710,279.6,-286.2,-0.0000,320.9,-266.5,0.1650,-285.0,-304.6
3.0717,3.0613,10.4,0,-1004.1,-1460.8,1.6297,-1003.0,-1467.4,1.6710,279.6,-286.2,-0.0000,330.3,-270.9,0.1650,-289.9,-313.8
3.0792,3.0778,1.4,0,-999.9,-1465.5,1.6470,-998.3,-1472.1,1.6710,285.4,-280.6,0.0000,326.2,-260.1,0.0960,-284.2,-305.4
3.0869,3.0868,0.1,0,-997.4,-1468.1,1.6389,-995.7,-1474.6,1.6710,288.9,-276.8,-0.0000,328.6,-255.5,0.1284,-277.3,-310.4
3.0957,3.0940,1.7,0,-994.8,-1470.0,1.6488,-993.6,-1476.5,1.6710,291.7,-273.5,0.0000,331.3,-253.1,0.0889,-278.1,-310.6
3.1031,3.0940,9.1,0,-994.8,-1470.0,1.6488,-993.6,-1476.5,1.6710,291.7,-273.5,0.0000,339.9,-254.9,0.0889,-280.6,-319.0
3.1116,3.1115,0.1,0,-989.8,-1475.3,1.6510,-988.5,-1481.3,1.6710,298.8,-266.6,-0.0000,335.0,-241.8,0.0798,-267.9,-314.5
3.1191,3.1115,7.6,0,-989.8,-1475.3,1.6510,-988.5,-1481.3,1.6710,298.8,-266.6,-0.0000,344.3,-245.4,0.0798,-272.2,-323.6
3.1267,3.1217,5.1,0,-987.0,-1477.6,1.6499,-985.4,-1484.0,1.6710,301.3,-262.8,-0.0000,345.2,-241.5,0.0845,-268.1,-325.1
3.1351,3.1287,6.4,0,-985.3,-1479.5,1.6527,-983.3,-1485.8,1.6710,303.2,-260.2,0.0000,349.1,-238.3,0.0734,-266.1,-328.4
3.1430,3.1369,6.0,0,-982.1,-1481.9,1.6705,-980.8,-1487.9,1.6710,306.7,-256.5,0.0000,348.8,-233.5,0.0020,-267.1,-323.9
3.1511,3.1455,5.6,0,-979.2,-1484.0,1.6581,-978.1,-1490.1,1.6710,310.0,-252.8,-0.0000,350.9,-229.6,0.0515,-259.3,-329.6
3.1592,3.1546,4.7,0,-977.3,-1485.7,1.6591,-975.3,-1492.4,1.6710,313.2,-248.8,0.0000,355.6,-226.8,0.0475,-257.3,-334.2
3.1668,3.1623,4.6,0,-974.5,-1488.6,1.6658,-972.9,-1494.3,1.6710,315.8,-245.6,-0.0000,355.8,-220.2,0.0209,-253.0,-333.3
3.1758,3.1715,4.3,0,-971.8,-1490.9,1.6637,-969.9,-1496.5,1.6710,318.0,-242.3,0.0000,358.3,-215.7,0.0293,-248.0,-336.8
3.1829,3.1795,3.4,0,-969.5,-1492.9,1.6648,-967.4,-1498.5,1.6710,320.4,-239.1,0.0000,360.3,-211.6,0.0246,-244.5,-338.8
3.1917,3.1878,4.0,0,-966.5,-1494.9,1.6641,-964.7,-1500.4,1.6710,323.6,-235.7,-0.0000,362.1,-207.9,0.0275,-240.8,-341.1
3.1998,3.1962,3.6,0,-964.3,-1496.9,1.6624,-962.0,-1502.4,1.6710,326.4,-231.7,-0.0000,365.2,-204.0,0.0345,-236.5,-345.0
3.2072,3.2047,2.5,0,-961.5,-1500.0,1.6556,-959.2,-1504.4,1.6710,328.8,-227.0,0.0000,365.7,-196.0,0.0616,-226.3,-347.8
3.2155,3.2130,2.5,0,-959.0,-1501.7,1.6504,-956.5,-1506.2,1.6710,331.4,-223.5,-0.0000,368.8,-191.7,0.0822,-220.5,-352.4
3.2233,3.2216,1.8,0,-955.3,-1503.7,1.6651,-953.6,-1508.1,1.6710,334.3,-220.6,0.0000,367.7,-186.9,0.0236,-220.7,-348.4
3.2317,3.2304,1.3,0,-953.0,-1506.4,1.6655,-950.7,-1510.0,1.6710,336.5,-216.7,0.0000,370.8,-180.7,0.0221,-215.0,-352.1
3.2392,3.2381,1.1,0,-950.8,-1507.4,1.6715,-948.1,-1511.7,1.6710,337.8,-213.1,-0.0000,373.6,-179.0,-0.0018,-215.6,-353.7
3.2469,3.2468,0.1,0,-947.7,-1510.2,1.6683,-945.1,-1513.5,1.6710,340.8,-209.1,-0.0000,373.8,-171.6,0.0110,-207.1,-355.3
3.2555,3.2554,0.1,0,-944.9,-1512.3,1.6712,-942.2,-1515.3,1.6710,344.1,-205.0,-0.0000,376.3,-166.7,-0.0008,-203.5,-357.7
3.2629,3.2554,7.5,0,-944.9,-1512.3,1.6712,-942.2,-1515.3,1.6710,344.1,-205.0,-0.0000,385.3,-168.2,-0.0008,-206.0,-366.5
3.2717,3.2647,7.0,0,-942.2,-1513.8,1.6886,-939.0,-1517.2,1.6710,346.0,-200.8,-0.0000,387.9,-164.4,-0.0706,-208.8,-365.9
3.2794,3.2726,6.8,0,-938.6,-1515.5,1.6720,-936.2,-1518.8,1.6710,347.8,-197.2,0.0000,386.4,-158.9,-0.0040,-197.1,-368.3
3.2872,3.2806,6.7,0,-935.3,-1517.9,1.6747,-933.4,-1520.3,1.6710,350.1,-193.5,-0.0000,386.3,-152.3,-0.0150,-191.5,-368.4
3.2958,3.2890,6.8,0,-932.3,-1519.5,1.6682,-930.5,-1522.0,1.6710,352.4,-189.6,0.0000,388.5,-148.7,0.0112,-185.8,-372.2
3.3030,3.2976,5.4,0,-930.2,-1520.6,1.6754,-927.4,-1523.6,1.6710,354.2,-185.8,0.0000,391.3,-146.0,-0.0174,-186.1,-373.9
3.3115,3.3061,5.4,0,-926.5,-1522.3,1.6683,-924.4,-1525.1,1.6710,356.2,-181.9,-0.0000,390.5,-141.6,0.0110,-178.9,-374.9
3.3195,3.3143,5.2,0,-923.4,-1523.8,1.6582,-921.5,-1526.6,1.6710,358.4,-177.2,0.0000,390.8,-137.2,0.0510,-170.8,-377.3
3.3277,3.3229,4.8,0,-919.8,-1525.8,1.6650,-918.4,-1528.1,1.6710,360.6,-172.7,0.0000,390.5,-130.8,0.0241,-167.0,-376.5
3.3355,3.3314,4.1,0,-917.9,-1527.1,1.6612,-915.3,-1529.6,1.6710,362.5,-169.1,0.0000,394.9,-126.9,0.0391,-162.0,-381.8
3.3431,3.3396,3.6,0,-914.1,-1528.4,1.6648,-912.4,-1530.9,1.6710,364.3,-165.3,-0.0000,392.7,-122.8,0.0246,-159.1,-379.4
3.3513,3.3483,3.0,0,-911.2,-1530.1,1.6614,-909.2,-1532.4,1.6710,366.4,-160.8,-0.0000,394.1,-117.4,0.0385,-152.6,-381.9
3.3591,3.3568,2.3,0,-907.9,-1531.6,1.6638,-906.1,-1533.7,1.6710,368.1,-156.8,0.0000,394.2,-113.0,0.0290,-149.1,-382.0
3.3675,3.3649,2.5,0,-904.7,-1532.0,1.6596,-903.0,-1535.0,1.6710,369.6,-153.5,0.0000,394.9,-111.3,0.0455,-145.9,-383.5
3.3753,3.3649,10.3,0,-904.7,-1532.0,1.6596,-903.0,-1535.0,1.6710,369.6,-153.5,0.0000,404.2,-110.8,0.0455,-146.2,-392.7
3.3834,3.3822,1.2,0,-898.2,-1533.2,1.6598,-896.6,-1537.5,1.6710,372.6,-143.5,-0.0000,394.7,-106.5,0.0447,-141.2,-383.7
3.3912,3.3822,9.0,0,-898.2,-1533.2,1.6598,-896.6,-1537.5,1.6710,372.6,-143.5,-0.0000,404.7,-105.1,0.0447,-140.7,-393.7
3.3989,3.3988,0.1,0,-891.3,-1535.6,1.6490,-890.4,-1539.9,1.6710,376.6,-136.1,0.0000,393.9,-97.0,0.0879,-127.4,-385.1
3.4074,3.3988,8.5,0,-891.3,-1535.6,1.6490,-890.4,-1539.9,1.6710,376.6,-136.1,0.0000,404.2,-96.5,0.0879,-127.8,-395.5
3.4155,3.4154,0.1,0,-884.3,-1537.5,1.6475,-884.1,-1542.1,1.6710,378.9,-128.1,0.0000,393.2,-90.1,0.0942,-119.9,-385.1
3.4230,3.4154,7.6,0,-884.3,-1537.5,1.6475,-884.1,-1542.1,1.6710,378.9,-128.1,0.0000,402.6,-89.5,0.0942,-120.1,-394.5
3.4312,3.4154,15.8,0,-884.3,-1537.5,1.6475,-884.1,-1542.1,1.6710,378.9,-128.1,0.0000,412.8,-88.3,0.0942,-119.6,-404.8
3.4391,3.4324,6.7,0,-877.3,-1538.9,1.6415,-877.7,-1544.1,1.6710,382.1,-119.0,0.0000,401.9,-81.6,0.1178,-109.8,-395.1
3.4470,3.4324,14.6,0,-877.3,-1538.9,1.6415,-877.7,-1544.1,1.6710,382.1,-119.0,0.0000,411.6,-79.7,0.1178,-108.6,-405.0
3.4550,3.4492,5.8,0,-871.4,-1539.4,1.6428,-871.2,-1546.1,1.6710,384.4,-110.2,-0.0000,402.8,-77.0,0.1128,-105.8,-396.3
3.4629,3.4492,13.6,0,-871.4,-1539.4,1.6428,-871.2,-1546.1,1.6710,384.4,-110.2,-0.0000,412.4,-75.4,0.1128,-104.9,-405.9
3.4719,3.4661,5.9,0,-863.6,-1540.0,1.6418,-864.7,-1547.9,1.6710,387.0,-102.1,0.0000,400.8,-71.7,0.1168,-99.9,-394.7
3.4799,3.4661,13.8,0,-863.6,-1540.0,1.6418,-864.7,-1547.9,1.6710,387.0,-102.1,0.0000,410.8,-70.0,0.1168,-99.0,-404.8
3.4868,3.4824,4.4,0,-857.3,-1541.4,1.6322,-858.4,-1549.5,1.6710,388.5,-93.5,0.0000,400.3,-64.8,0.1551,-89.3,-395.6
3.4956,3.4824,13.2,0,-857.3,-1541.4,1.6322,-858.4,-1549.5,1.6710,388.5,-93.5,0.0000,411.1,-62.5,0.1551,-87.6,-406.5
3.5030,3.4999,3.1,0,-850.4,-1541.7,1.6334,-851.6,-1551.0,1.6710,391.0,-83.6,-0.0000,399.1,-57.9,0.1506,-82.8,-394.7
3.5115,3.4999,11.6,0,-850.4,-1541.7,1.6334,-851.6,-1551.0,1.6710,391.0,-83.6,-0.0000,409.2,-55.1,0.1506,-80.6,-405.0
3.5193,3.5169,2.4,0,-843.1,-1542.3,1.6352,-844.9,-1552.4,1.6710,392.8,-75.7,0.0000,396.8,-52.0,0.1434,-77.4,-392.7
3.5267,3.5169,9.9,0,-843.1,-1542.3,1.6352,-844.9,-1552.4,1.6710,392.8,-75.7,0.0000,405.9,-49.9,0.1434,-75.9,-401.8
3.5354,3.5339,1.5,0,-835.7,-1543.6,1.6560,-838.2,-1553.6,1.6710,394.6,-67.0,-0.0000,394.1,-42.9,0.0601,-76.3,-389.0
3.5429,3.5428,0.1,0,-832.0,-1543.2,1.6471,-834.7,-1554.2,1.6710,395.6,-61.2,-0.0000,392.2,-41.4,0.0955,-71.2,-387.9
3.5512,3.5511,0.1,0,-829.6,-1543.7,1.6545,-831.4,-1554.6,1.6710,395.8,-57.0,0.0000,394.4,-37.2,0.0658,-70.0,-389.9
3.5596,3.5595,0.1,0,-826.5,-1544.0,1.6507,-828.1,-1555.1,1.6710,395.8,-52.8,0.0000,395.0,-33.2,0.0812,-64.7,-391.1
3.5673,3.5595,7.9,0,-826.5,-1544.0,1.6507,-828.1,-1555.1,1.6710,395.8,-52.8,0.0000,404.5,-30.0,0.0812,-62.2,-400.9
3.5753,3.5677,7.6,0,-822.5,-1544.5,1.6549,-824.8,-1555.5,1.6710,396.8,-48.5,0.0000,402.2,-25.5,0.0646,-59.2,-398.6
3.5836,3.5770,6.6,0,-817.9,-1544.6,1.6496,-821.1,-1555.9,1.6710,397.8,-43.6,-0.0000,398.1,-21.4,0.0855,-52.7,-395.2
3.5918,3.5846,7.2,0,-815.4,-1545.1,1.6645,-818.1,-1556.3,1.6710,398.3,-40.2,0.0000,400.1,-16.7,0.0260,-54.1,-396.8
3.5994,3.5950,4.3,0,-811.5,-1545.7,1.6602,-814.0,-1556.7,1.6710,399.0,-35.0,-0.0000,396.9,-12.7,0.0433,-48.1,-394.2
3.6078,3.6016,6.2,0,-808.7,-1545.9,1.6564,-811.3,-1556.9,1.6710,398.9,-30.3,0.0000,398.5,-8.3,0.0583,-42.3,-396.3
3.6150,3.6106,4.4,0,-804.8,-1546.0,1.6602,-807.8,-1557.1,1.6710,399.1,-24.8,0.0000,395.2,-3.3,0.0431,-38.6,-393.4
3.6234,3.6190,4.4,0,-801.6,-1546.0,1.6555,-804.4,-1557.3,1.6710,399.4,-21.4,-0.0000,395.4,1.0,0.0622,-32.5,-394.1
3.6317,3.6270,4.7,0,-797.5,-1546.5,1.6547,-801.2,-1557.5,1.6710,399.6,-17.4,-0.0000,392.8,5.9,0.0652,-27.0,-391.9
3.6398,3.6355,4.3,0,-795.1,-1546.7,1.6573,-797.8,-1557.6,1.6710,399.9,-12.4,-0.0000,394.8,10.3,0.0547,-23.8,-394.3
3.6474,3.6441,3.3,0,-790.9,-1547.0,1.6531,-794.4,-1557.7,1.6710,399.9,-7.9,0.0000,390.8,14.2,0.0717,-17.9,-390.7
3.6548,3.6523,2.5,0,-787.5,-1548.1,1.6567,-791.1,-1557.7,1.6710,399.6,-3.9,-0.0000,389.4,21.1,0.0571,-12.4,-389.7
3.6635,3.6609,2.6,0,-783.9,-1548.1,1.6561,-787.6,-1557.7,1.6710,399.7,0.7,-0.0000,387.8,26.4,0.0596,-6.7,-388.6
3.6713,3.6695,1.7,0,-780.7,-1548.5,1.6563,-784.2,-1557.7,1.6710,400.1,5.6,0.0000,386.7,32.2,0.0590,-0.9,-388.1
3.6788,3.6776,1.2,0,-777.3,-1548.6,1.6615,-781.0,-1557.7,1.6710,400.0,10.0,-0.0000,385.5,37.0,0.0379,1.9,-387.3
3.6869,3.6776,9.3,0,-777.3,-1548.6,1.6615,-781.0,-1557.7,1.6710,400.0,10.0,-0.0000,394.6,41.5,0.0379,5.6,-396.7
3.6948,3.6947,0.1,0,-770.3,-1548.3,1.6595,-774.1,-1557.4,1.6710,399.5,18.9,0.0000,381.8,44.6,0.0459,10.6,-384.2
3.7032,3.7031,0.1,0,-766.4,-1549.6,1.6608,-770.8,-1557.2,1.6710,399.0,22.4,0.0000,379.3,53.3,0.0408,19.0,-382.5
3.7118,3.7117,0.1,0,-763.6,-1548.5,1.6557,-767.3,-1557.0,1.6710,398.9,28.0,-0.0000,380.5,54.8,0.0612,22.4,-383.8
3.7190,3.7117,7.3,0,-763.6,-1548.5,1.6557,-767.3,-1557.0,1.6710,398.9,28.0,-0.0000,388.5,59.2,0.0612,26.1,-392.1
3.7272,3.7228,4.4,0,-759.6,-1549.4,1.6563,-762.9,-1556.7,1.6710,398.6,34.9,-0.0000,385.7,67.4,0.0590,34.2,-390.0
3.7357,3.7286,7.1,0,-756.3,-1548.9,1.6477,-760.6,-1556.5,1.6710,398.2,37.6,0.0000,384.7,71.5,0.0932,41.8,-389.1
3.7439,3.7371,6.8,0,-752.4,-1549.3,1.6545,-757.2,-1556.1,1.6710,397.8,41.9,-0.0000,381.2,78.0,0.0660,45.9,-386.4
3.7511,3.7455,5.6,0,-749.2,-1548.1,1.6481,-753.9,-1555.7,1.6710,397.5,45.5,0.0000,379.1,79.2,0.0917,49.7,-384.1
3.7596,3.7560,3.6,0,-745.8,-1548.6,1.6541,-749.7,-1555.2,1.6710,396.9,50.7,-0.0000,378.7,86.3,0.0676,54.4,-384.6
3.7678,3.7624,5.3,0,-742.7,-1548.6,1.6380,-747.2,-1554.9,1.6710,396.0,54.8,-0.0000,377.9,91.8,0.1321,66.2,-383.2
3.7754,3.7709,4.4,0,-739.4,-1547.6,1.6384,-743.8,-1554.4,1.6710,395.3,59.7,-0.0000,375.6,93.5,0.1305,68.0,-381.1
3.7834,3.7793,4.1,0,-735.1,-1547.9,1.6522,-740.5,-1553.9,1.6710,395.1,64.2,-0.0000,370.8,100.3,0.0750,69.8,-377.7
3.7911,3.7896,1.4,0,-731.2,-1546.9,1.6420,-736.4,-1553.2,1.6710,394.1,69.6,-0.0000,367.0,103.6,0.1162,77.2,-373.4
3.7993,3.7966,2.7,0,-728.7,-1546.8,1.6328,-733.7,-1552.7,1.6710,393.0,73.0,-0.0000,367.8,109.7,0.1527,86.7,-373.9
3.8067,3.8044,2.4,0,-725.0,-1546.5,1.6424,-730.6,-1552.1,1.6710,392.1,76.8,-0.0000,364.2,113.4,0.1143,87.0,-371.4
3.8148,3.8131,1.7,0,-721.4,-1545.8,1.6493,-727.2,-1551.4,1.6710,391.5,81.1,-0.0000,361.4,117.0,0.0868,88.3,-369.5
3.8237,3.8131,10.6,0,-721.4,-1545.8,1.6493,-727.2,-1551.4,1.6710,391.5,81.1,-0.0000,370.5,123.7,0.0868,94.2,-379.0
3.8313,3.8301,1.2,0,-715.0,-1544.3,1.6389,-720.6,-1550.0,1.6710,390.1,90.3,0.0000,358.9,125.0,0.1284,100.3,-366.6
3.8395,3.8383,1.2,0,-710.4,-1544.0,1.6334,-717.4,-1549.2,1.6710,388.7,94.7,-0.0000,352.9,130.7,0.1502,108.4,-360.4
3.8470,3.8468,0.1,0,-707.9,-1542.3,1.6288,-714.1,-1548.4,1.6710,387.0,99.3,0.0000,352.4,131.7,0.1687,111.0,-359.4
3.8549,3.8468,8.1,0,-707.9,-1542.3,1.6288,-714.1,-1548.4,1.6710,387.0,99.3,0.0000,359.9,137.9,0.1687,116.8,-367.3
3.8636,3.8635,0.1,0,-701.0,-1540.9,1.6335,-707.6,-1546.7,1.6710,385.7,107.6,-0.0000,347.5,140.8,0.1502,118.8,-355.7
3.8712,3.8635,7.7,0,-701.0,-1540.9,1.6335,-707.6,-1546.7,1.6710,385.7,107.6,-0.0000,354.7,147.1,0.1502,124.6,-363.3
3.8795,3.8722,7.2,0,-697.6,-1539.9,1.6405,-704.3,-1545.7,1.6710,384.1,111.9,-0.0000,352.5,150.8,0.1221,125.9,-362.1
3.8870,3.8805,6.5,0,-694.7,-1538.0,1.6401,-701.1,-1544.8,1.6710,382.8,115.9,0.0000,350.9,151.0,0.1238,126.3,-360.5
3.8949,3.8920,2.8,0,-691.4,-1537.3,1.6494,-696.7,-1543.4,1.6710,380.7,122.9,0.0000,348.3,155.4,0.0862,127.6,-359.5
3.9029,3.8977,5.2,0,-687.9,-1534.8,1.6412,-694.5,-1542.7,1.6710,379.7,126.0,-0.0000,344.8,155.6,0.1192,130.9,-354.9
3.9112,3.9062,5.0,0,-684.2,-1534.5,1.6403,-691.3,-1541.6,1.6710,378.4,129.4,-0.0000,341.2,162.2,0.1228,138.1,-351.6
3.9195,3.9142,5.3,0,-681.5,-1533.0,1.6426,-688.3,-1540.6,1.6710,377.1,133.2,-0.0000,339.9,164.2,0.1137,139.4,-350.8
3.9277,3.9142,13.5,0,-681.5,-1533.0,1.6426,-688.3,-1540.6,1.6710,377.1,133.2,-0.0000,347.1,171.4,0.1137,146.0,-358.5
3.9348,3.9314,3.4,0,-674.3,-1529.4,1.6468,-681.8,-1538.2,1.6710,374.1,141.8,0.0000,333.3,167.7,0.0969,141.9,-345.1
3.9428,3.9314,11.4,0,-674.3,-1529.4,1.6468,-681.8,-1538.2,1.6710,374.1,141.8,0.0000,339.3,174.7,0.0969,148.4,-351.6
3.9514,3.9479,3.4,0,-668.7,-1526.4,1.6496,-675.7,-1535.8,1.6710,370.6,150.5,0.0000,329.4,173.1,0.0854,146.6,-342.0
3.9589,3.9479,11.0,0,-668.7,-1526.4,1.6496,-675.7,-1535.8,1.6710,370.6,150.5,0.0000,335.7,180.0,0.0854,153.0,-348.8
3.9679,3.9653,2.6,0,-662.3,-1523.2,1.6432,-669.3,-1533.1,1.6710,367.0,159.0,-0.0000,323.8,179.2,0.1113,155.3,-335.9
3.9751,3.9735,1.5,0,-658.6,-1521.0,1.6441,-666.2,-1531.8,1.6710,365.3,163.1,0.0000,318.6,179.6,0.1077,155.8,-330.8
3.9830,3.9818,1.2,0,-655.9,-1519.0,1.6428,-663.2,-1530.4,1.6710,363.6,166.9,0.0000,317.1,180.3,0.1126,157.0,-329.3
3.9911,3.9818,9.3,0,-655.9,-1519.0,1.6428,-663.2,-1530.4,1.6710,363.6,166.9,0.0000,323.6,187.8,0.1126,164.1,-336.3
3.9997,3.9944,5.3,0,-652.7,-1517.1,1.6453,-658.7,-1528.3,1.6710,361.1,172.5,-0.0000,320.9,191.1,0.1028,166.7,-334.2
4.0070,4.0008,6.2,0,-649.7,-1515.0,1.6502,-656.4,-1527.1,1.6710,359.4,176.1,-0.0000,317.6,192.1,0.0832,166.3,-331.9
4.0153,4.0152,0.1,0,-642.7,-1511.0,1.6424,-651.2,-1524.6,1.6710,355.6,183.0,-0.0000,302.7,188.1,0.1145,166.0,-315.4
4.0233,4.0152,8.1,0,-642.7,-1511.0,1.6424,-651.2,-1524.6,1.6710,355.6,183.0,-0.0000,308.7,196.1,0.1145,173.6,-322.0
4.0309,4.0152,15.7,0,-642.7,-1511.0,1.6424,-651.2,-1524.6,1.6710,355.6,183.0,-0.0000,314.2,203.8,0.1145,180.8,-328.0
4.0391,4.0326,6.5,0,-637.0,-1506.5,1.6399,-645.1,-1521.3,1.6710,351.3,191.1,0.0000,303.4,198.4,0.1243,176.9,-316.4
4.0477,4.0326,15.1,0,-637.0,-1506.5,1.6399,-645.1,-1521.3,1.6710,351.3,191.1,0.0000,310.3,206.8,0.1243,184.8,-323.8
4.0551,4.0497,5.3,0,-631.9,-1502.7,1.6437,-639.1,-1518.0,1.6710,347.1,199.0,-0.0000,300.2,202.9,0.1092,180.5,-314.2
4.0638,4.0497,14.1,0,-631.9,-1502.7,1.6437,-639.1,-1518.0,1.6710,347.1,199.0,-0.0000,306.0,211.5,0.1092,188.6,-320.6
4.0717,4.0662,5.5,0,-626.0,-1498.6,1.6449,-633.4,-1514.6,1.6710,342.4,206.9,0.0000,293.5,207.5,0.1046,185.2,-308.0
4.0791,4.0662,12.9,0,-626.0,-1498.6,1.6449,-633.4,-1514.6,1.6710,342.4,206.9,0.0000,298.4,216.1,0.1046,193.4,-313.5
4.0868,4.0837,3.1,0,-620.3,-1494.0,1.6277,-627.5,-1510.9,1.6710,337.5,214.1,-0.0000,286.3,210.6,0.1731,194.0,-297.9
4.0955,4.0837,11.8,0,-620.3,-1494.0,1.6277,-627.5,-1510.9,1.6710,337.5,214.1,-0.0000,291.9,219.7,0.1731,202.7,-303.9
4.1028,4.1003,2.5,0,-614.4,-1488.8,1.6392,-621.9,-1507.3,1.6710,332.9,222.0,0.0000,279.5,211.9,0.1271,192.2,-293.3
4.1112,4.1003,10.9,0,-614.4,-1488.8,1.6392,-621.9,-1507.3,1.6710,332.9,222.0,0.0000,285.3,219.5,0.1271,199.5,-299.7
4.1197,4.1169,2.8,0,-609.3,-1484.5,1.6450,-616.4,-1503.6,1.6710,327.7,229.3,-0.0000,275.4,215.7,0.1040,194.7,-290.6
4.1272,4.1169,10.4,0,-609.3,-1484.5,1.6450,-616.4,-1503.6,1.6710,327.7,229.3,-0.0000,279.5,225.1,0.1040,203.8,-295.4
4.1358,4.1344,1.4,0,-603.7,-1480.4,1.6355,-610.7,-1499.5,1.6710,322.0,237.1,0.0000,267.4,222.4,0.1420,204.7,-281.2
4.1431,4.1344,8.7,0,-603.7,-1480.4,1.6355,-610.7,-1499.5,1.6710,322.0,237.1,0.0000,271.5,229.9,0.1420,211.9,-285.8
4.1520,4.1505,1.5,0,-599.2,-1474.6,1.6257,-605.6,-1495.6,1.6710,317.8,243.6,-0.0000,263.3,222.2,0.1812,207.5,-275.1
4.1598,4.1505,9.3,0,-599.2,-1474.6,1.6257,-605.6,-1495.6,1.6710,317.8,243.6,-0.0000,268.1,230.8,0.1812,215.7,-280.4
4.1670,4.1505,16.5,0,-599.2,-1474.6,1.6257,-605.6,-1495.6,1.6710,317.8,243.6,-0.0000,272.4,238.8,0.1812,223.5,-285.0
4.1752,4.1678,7.4,0,-593.8,-1470.9,1.6473,-600.1,-1491.3,1.6710,311.6,250.3,-0.0000,261.1,237.4,0.0948,216.8,-278.5
4.1836,4.1766,7.1,0,-591.5,-1468.0,1.6290,-597.4,-1489.1,1.6710,308.4,254.6,0.0000,258.7,238.3,0.1678,222.8,-272.1
4.1917,4.1849,6.7,0,-588.7,-1466.0,1.6479,-594.9,-1487.0,1.6710,305.4,258.7,-0.0000,253.2,241.3,0.0925,221.1,-271.1
4.1991,4.1989,0.2,0,-586.6,-1464.0,1.6443,-590.6,-1483.3,1.6710,300.3,264.2,0.0000,250.4,243.5,0.1067,224.4,-267.7
4.2071,4.2016,5.4,0,-584.4,-1461.8,1.6390,-589.8,-1482.6,1.6710,299.4,265.2,0.0000,248.1,246.4,0.1278,228.9,-264.3
4.2150,4.2100,5.0,0,-581.6,-1459.1,1.6432,-587.3,-1480.4,1.6710,297.1,267.4,-0.0000,243.7,247.4,0.1111,229.1,-261.0
4.2234,4.2188,4.6,0,-579.5,-1456.6,1.6421,-584.7,-1478.0,1.6710,294.3,270.5,-0.0000,241.6,249.1,0.1155,231.3,-258.8
4.2308,4.2271,3.7,0,-576.9,-1454.4,1.6538,-582.3,-1475.7,1.6710,290.6,275.1,-0.0000,237.4,251.0,0.0687,230.5,-257.4
4.2399,4.2352,4.6,0,-574.7,-1452.1,1.6550,-579.9,-1473.5,1.6710,287.4,278.6,0.0000,234.6,255.0,0.0641,234.3,-255.2
4.2471,4.2439,3.2,0,-572.5,-1450.2,1.6502,-577.5,-1471.1,1.6710,284.0,281.3,0.0000,231.2,257.9,0.0833,238.7,-250.9
4.2557,4.2523,3.3,0,-569.8,-1447.1,1.6608,-575.1,-1468.7,1.6710,280.9,284.3,0.0000,226.8,258.5,0.0408,237.1,-249.2
4.2637,4.2612,2.5,0,-568.0,-1445.0,1.6583,-572.6,-1466.1,1.6710,277.9,287.4,0.0000,224.5,261.6,0.0509,241.0,-246.5
4.2719,4.2693,2.6,0,-565.5,-1443.1,1.6545,-570.4,-1463.8,1.6710,275.0,290.5,-0.0000,219.7,265.3,0.0662,246.0,-241.1
4.2792,4.2777,1.5,0,-563.1,-1440.5,1.6640,-568.0,-1461.3,1.6710,272.3,294.1,0.0000,215.3,266.3,0.0280,245.1,-239.2
4.2878,4.2862,1.6,0,-561.2,-1438.2,1.6530,-565.7,-1458.8,1.6710,268.5,297.1,-0.0000,213.8,269.8,0.0718,251.3,-235.3
4.2948,4.2862,8.6,0,-561.2,-1438.2,1.6530,-565.7,-1458.8,1.6710,268.5,297.1,-0.0000,216.4,278.2,0.0718,259.5,-238.6
4.3034,4.2952,8.1,0,-558.7,-1436.2,1.6568,-563.3,-1456.1,1.6710,264.0,300.1,0.0000,210.8,282.7,0.0567,263.6,-234.3
4.3115,4.3114,0.1,0,-554.9,-1431.1,1.6489,-559.1,-1451.3,1.6710,257.8,305.9,-0.0000,202.0,277.0,0.0886,260.4,-223.0
4.3187,4.3114,7.3,0,-554.9,-1431.1,1.6489,-559.1,-1451.3,1.6710,257.8,305.9,-0.0000,204.8,285.5,0.0886,268.7,-226.5
4.3278,4.3203,7.4,0,-553.2,-1428.4,1.6499,-556.8,-1448.5,1.6710,254.4,308.7,-0.0000,202.5,288.3,0.0842,271.4,-224.7
4.3348,4.3283,6.4,0,-550.7,-1426.7,1.6482,-554.8,-1446.0,1.6710,251.3,311.1,-0.0000,197.1,291.7,0.0912,275.6,-219.0
4.3436,4.3371,6.5,0,-549.1,-1423.9,1.6457,-552.6,-1443.3,1.6710,247.5,314.3,-0.0000,194.7,293.9,0.1013,278.5,-216.2
4.3519,4.3451,6.8,0,-546.9,-1421.4,1.6504,-550.7,-1440.8,1.6710,244.1,317.1,0.0000,190.6,296.8,0.0824,280.7,-213.6
4.3596,4.3542,5.5,0,-545.7,-1419.2,1.6567,-548.5,-1437.9,1.6710,240.3,319.8,0.0000,188.8,299.6,0.0574,282.3,-213.8
4.3676,4.3622,5.4,0,-543.0,-1416.8,1.6452,-546.6,-1435.3,1.6710,236.9,322.3,0.0000,182.0,302.4,0.1030,288.1,-204.0
4.3755,4.3704,5.1,0,-541.5,-1414.1,1.6402,-544.6,-1432.6,1.6710,232.8,324.8,-0.0000,179.3,303.8,0.1230,290.6,-200.0
4.3831,4.3795,3.7,0,-540.0,-1411.8,1.6426,-542.5,-1429.7,1.6710,228.8,327.6,0.0000,176.4,306.2,0.1135,292.8,-198.0
4.3915,4.3880,3.5,0,-537.8,-1409.5,1.6437,-540.6,-1426.9,1.6710,226.0,330.4,0.0000,172.1,309.4,0.1093,296.1,-194.1
4.3995,4.3959,3.6,0,-536.1,-1407.6,1.6336,-538.8,-1424.2,1.6710,222.5,332.8,0.0000,169.3,313.4,0.1494,302.2,-188.6
4.4069,4.4039,3.0,0,-534.2,-1404.4,1.6416,-537.1,-1421.6,1.6710,218.0,335.3,-0.0000,164.9,313.2,0.1176,300.8,-186.7
4.4154,4.4129,2.5,0,-532.0,-1401.9,1.6401,-535.1,-1418.5,1.6710,213.9,337.8,-0.0000,158.3,316.7,0.1235,305.0,-179.9
4.4231,4.4216,1.5,0,-530.7,-1400.2,1.6433,-533.3,-1415.6,1.6710,210.6,340.1,0.0000,155.1,321.0,0.1106,308.9,-177.9
4.4312,4.4298,1.4,0,-528.4,-1397.5,1.6427,-531.6,-1412.8,1.6710,206.9,342.3,-0.0000,149.6,322.6,0.1131,311.0,-172.4
4.4398,4.4384,1.4,0,-526.9,-1394.2,1.6350,-529.8,-1409.9,1.6710,202.9,344.6,-0.0000,146.3,323.4,0.1439,313.3,-166.8
4.4474,4.4473,0.1,0,-525.3,-1392.3,1.6555,-528.0,-1406.8,1.6710,198.8,347.0,0.0000,142.8,326.8,0.0619,313.5,-169.9
4.4552,4.4551,0.1,0,-523.4,-1389.5,1.6423,-526.5,-1404.1,1.6710,195.3,349.1,-0.0000,137.9,328.0,0.1147,317.3,-161.0
4.4629,4.4551,7.8,0,-523.4,-1389.5,1.6423,-526.5,-1404.1,1.6710,195.3,349.1,-0.0000,138.6,338.0,0.1147,327.2,-162.4
4.4712,4.4636,7.6,0,-521.9,-1387.6,1.6354,-524.8,-1401.1,1.6710,191.0,351.4,-0.0000,134.5,342.8,0.1422,333.4,-156.4
4.4799,4.4721,7.7,0,-520.7,-1385.4,1.6405,-523.2,-1398.1,1.6710,186.7,353.7,-0.0000,131.1,347.1,0.1221,337.1,-155.0
4.4869,4.4806,6.3,0,-519.1,-1382.2,1.6406,-521.7,-1395.1,1.6710,182.9,355.5,0.0000,126.6,346.2,0.1215,336.5,-150.4
4.4951,4.4896,5.4,0,-517.5,-1379.9,1.6381,-520.0,-1391.9,1.6710,178.8,357.6,0.0000,122.1,349.3,0.1315,340.3,-145.4
4.5032,4.4972,6.0,0,-515.5,-1377.8,1.6387,-518.7,-1389.1,1.6710,175.9,359.4,-0.0000,116.6,353.0,0.1291,344.2,-140.3
4.5110,4.5064,4.6,0,-514.4,-1375.3,1.6412,-517.1,-1385.8,1.6710,171.9,361.5,0.0000,113.5,355.7,0.1190,346.8,-138.2
4.5193,4.5147,4.6,0,-513.5,-1372.3,1.6418,-515.7,-1382.8,1.6710,166.6,363.9,0.0000,110.8,357.1,0.1169,348.3,-135.8
4.5278,4.5147,13.1,0,-513.5,-1372.3,1.6418,-515.7,-1382.8,1.6710,166.6,363.9,0.0000,109.7,367.6,0.1169,358.9,-135.5
4.5358,4.5316,4.3,0,-509.2,-1367.6,1.6404,-512.9,-1376.6,1.6710,157.9,367.2,0.0000,96.3,363.3,0.1225,355.7,-121.3
4.5434,4.5316,11.9,0,-509.2,-1367.6,1.6404,-512.9,-1376.6,1.6710,157.9,367.2,0.0000,96.4,372.4,0.1225,364.8,-122.1
4.5509,4.5485,2.4,0,-507.2,-1362.3,1.6538,-510.3,-1370.4,1.6710,150.3,370.4,0.0000,90.3,365.7,0.0686,356.9,-120.3
4.5594,4.5485,10.9,0,-507.2,-1362.3,1.6538,-510.3,-1370.4,1.6710,150.3,370.4,0.0000,89.4,376.4,0.0686,367.7,-120.3
4.5669,4.5651,1.8,0,-504.7,-1357.1,1.6607,-507.9,-1364.2,1.6710,142.2,374.2,0.0000,81.2,370.3,0.0411,361.5,-114.1
4.5755,4.5651,10.4,0,-504.7,-1357.1,1.6607,-507.9,-1364.2,1.6710,142.2,374.2,0.0000,81.0,381.4,0.0411,372.6,-114.9
4.5834,4.5818,1.7,0,-501.5,-1351.6,1.6515,-505.6,-1357.9,1.6710,133.3,377.3,0.0000,70.5,374.9,0.0778,368.0,-100.5
4.5917,4.5818,10.0,0,-501.5,-1351.6,1.6515,-505.6,-1357.9,1.6710,133.3,377.3,0.0000,68.2,385.0,0.0778,378.3,-99.0
4.5993,4.5992,0.1,0,-499.4,-1345.9,1.6592,-503.4,-1351.4,1.6710,124.9,379.8,0.0000,60.5,377.2,0.0472,370.4,-93.6
4.6080,4.5992,8.9,0,-499.4,-1345.9,1.6592,-503.4,-1351.4,1.6710,124.9,379.8,0.0000,60.0,387.7,0.0472,380.9,-94.0
4.6154,4.6153,0.1,0,-496.6,-1341.3,1.6788,-501.4,-1345.2,1.6710,117.2,382.9,0.0000,50.6,382.8,-0.0311,375.1,-91.6
4.6237,4.6153,8.4,0,-496.6,-1341.3,1.6788,-501.4,-1345.2,1.6710,117.2,382.9,0.0000,49.2,392.8,-0.0311,385.2,-91.2
4.6318,4.6153,16.4,0,-496.6,-1341.3,1.6788,-501.4,-1345.2,1.6710,117.2,382.9,0.0000,47.5,402.7,-0.0311,395.3,-90.7
4.6392,4.6327,6.5,0,-493.6,-1336.0,1.6826,-499.5,-1338.5,1.6710,107.1,385.4,-0.0000,36.4,396.6,-0.0464,390.1,-80.4
4.6477,4.6327,15.0,0,-493.6,-1336.0,1.6826,-499.5,-1338.5,1.6710,107.1,385.4,-0.0000,34.3,407.2,-0.0464,400.8,-79.6
4.6551,4.6493,5.8,0,-491.9,-1328.9,1.6979,-497.7,-1332.1,1.6710,99.3,387.0,-0.0000,27.7,394.8,-0.1074,388.1,-77.5
4.6638,4.6596,4.3,0,-490.6,-1326.7,1.7104,-496.7,-1328.1,1.6710,93.7,388.6,-0.0000,21.7,398.9,-0.1575,392.0,-76.9
4.6710,4.6664,4.6,0,-489.1,-1323.9,1.6934,-496.1,-1325.5,1.6710,90.3,389.6,0.0000,15.6,399.7,-0.0894,394.8,-64.3
4.6795,4.6664,13.1,0,-489.1,-1323.9,1.6934,-496.1,-1325.5,1.6710,90.3,389.6,0.0000,13.4,409.9,-0.0894,405.2,-63.4
4.6876,4.6832,4.4,0,-487.0,-1318.1,1.7021,-494.7,-1318.9,1.6710,82.1,392.0,-0.0000,5.1,401.6,-0.1244,397.5,-57.7
4.6948,4.6929,1.9,0,-486.5,-1314.1,1.7017,-493.9,-1315.1,1.6710,75.7,392.9,-0.0000,1.3,398.0,-0.1227,394.5,-53.2
4.7035,4.7004,3.2,0,-485.8,-1311.8,1.7040,-493.4,-1312.2,1.6710,71.8,393.5,0.0000,-4.3,402.2,-0.1319,399.2,-49.1
4.7115,4.7111,0.4,0,-484.7,-1308.4,1.7055,-492.6,-1307.9,1.6710,67.0,394.2,0.0000,-10.7,401.6,-0.1378,399.4,-43.3
4.7195,4.7171,2.4,0,-483.3,-1305.5,1.7212,-492.2,-1305.6,1.6710,64.0,394.6,0.0000,-17.2,402.6,-0.2007,400.7,-43.3
4.7274,4.7171,10.4,0,-483.3,-1305.5,1.7212,-492.2,-1305.6,1.6710,64.0,394.6,0.0000,-19.8,412.2,-0.2007,410.5,-42.1
4.7357,4.7341,1.7,0,-481.9,-1299.5,1.7161,-491.2,-1298.9,1.6710,54.9,395.9,0.0000,-26.8,403.9,-0.1802,403.6,-32.0
4.7436,4.7341,9.6,0,-481.9,-1299.5,1.7161,-491.2,-1298.9,1.6710,54.9,395.9,0.0000,-29.7,413.3,-0.1802,413.2,-30.4
4.7512,4.7508,0.4,0,-480.2,-1292.7,1.7082,-490.4,-1292.2,1.6710,45.7,397.4,-0.0000,-37.8,401.6,-0.1490,403.0,-17.6
4.7599,4.7597,0.2,0,-479.9,-1290.5,1.6934,-490.0,-1288.7,1.6710,41.2,398.0,-0.0000,-42.4,405.2,-0.0898,407.3,-7.5
4.7678,4.7676,0.2,0,-479.5,-1286.6,1.7035,-489.7,-1285.5,1.6710,37.1,398.5,0.0000,-47.1,402.9,-0.1300,405.5,-6.7
4.7749,4.7676,7.3,0,-479.5,-1286.6,1.7035,-489.7,-1285.5,1.6710,37.1,398.5,0.0000,-50.1,411.2,-0.1300,414.2,-4.8
4.7836,4.7676,16.0,0,-479.5,-1286.6,1.7035,-489.7,-1285.5,1.6710,37.1,398.5,0.0000,-53.6,421.7,-0.1300,425.0,-2.6
4.7911,4.7844,6.7,0,-477.6,-1279.7,1.7070,-489.1,-1278.8,1.6710,28.5,398.9,-0.0000,-62.5,409.7,-0.1441,414.4,6.3
4.7996,4.7930,6.7,0,-477.7,-1276.4,1.6848,-488.9,-1275.4,1.6710,24.2,398.7,0.0000,-67.0,409.6,-0.0551,414.6,20.0
4.8069,4.8016,5.3,0,-477.1,-1273.1,1.6982,-488.7,-1272.0,1.6710,18.8,399.4,-0.0000,-71.0,408.0,-0.1088,413.7,18.6
4.8151,4.8135,1.5,0,-475.2,-1270.5,1.6795,-488.5,-1267.2,1.6710,12.1,400.0,0.0000,-76.5,410.2,-0.0339,416.1,31.6
4.8232,4.8165,6.7,0,-474.6,-1266.7,1.6853,-488.5,-1266.0,1.6710,10.7,400.0,0.0000,-76.8,408.6,-0.0571,414.7,29.6
4.8318,4.8251,6.7,0,-474.6,-1263.6,1.6762,-488.4,-1262.6,1.6710,6.3,400.3,-0.0000,-70.4,409.6,-0.0207,414.8,26.9
4.8389,4.8334,5.5,0,-474.6,-1260.5,1.6737,-488.4,-1259.3,1.6710,2.1,400.1,-0.0000,-66.8,409.0,-0.0107,413.7,24.4
4.8473,4.8419,5.4,0,-474.4,-1256.8,1.6702,-488.4,-1255.9,1.6710,-2.2,400.0,0.0000,-63.8,408.3,0.0033,412.7,22.9
4.8553,4.8503,5.0,0,-474.1,-1253.4,1.6717,-488.4,-1252.5,1.6710,-6.9,399.8,0.0000,-60.8,408.1,-0.0029,412.2,19.4
4.8634,4.8588,4.6,0,-473.9,-1249.8,1.6656,-488.5,-1249.1,1.6710,-11.6,399.7,-0.0000,-57.4,407.9,0.0218,411.5,18.5
4.8715,4.8672,4.3,0,-473.8,-1246.3,1.6684,-488.6,-1245.7,1.6710,-16.3,399.6,-0.0000,-53.5,407.3,0.0103,410.5,13.5
4.8792,4.8757,3.5,0,-473.8,-1243.1,1.6641,-488.8,-1242.4,1.6710,-20.8,399.4,-0.0000,-49.1,406.4,0.0275,409.2,11.0
4.8876,4.8841,3.4,0,-473.7,-1239.3,1.6630,-489.0,-1239.0,1.6710,-25.0,399.5,0.0000,-45.4,405.1,0.0322,407.5,7.9
4.8955,4.8927,2.8,0,-474.1,-1236.1,1.6604,-489.2,-1235.6,1.6710,-29.3,399.2,-0.0000,-40.7,404.7,0.0424,406.7,4.3
4.9033,4.9011,2.2,0,-474.3,-1232.9,1.6654,-489.5,-1232.2,1.6710,-34.8,398.5,-0.0000,-37.0,404.1,0.0223,405.8,-1.3
4.9111,4.9011,10.0,0,-474.3,-1232.9,1.6654,-489.5,-1232.2,1.6710,-34.8,398.5,-0.0000,-34.6,413.6,0.0223,415.0,-4.6
4.9197,4.9179,1.8,0,-474.4,-1225.6,1.6594,-490.1,-1225.5,1.6710,-37.1,398.4,0.0000,-30.7,402.2,0.0465,403.3,-5.0
4.9270,4.9179,9.1,0,-474.4,-1225.6,1.6594,-490.1,-1225.5,1.6710,-37.1,398.4,0.0000,-26.8,410.9,0.0465,411.6,-9.7
4.9357,4.9264,9.3,0,-474.9,-1222.4,1.6578,-490.4,-1222.1,1.6710,-32.9,398.5,0.0000,-21.2,411.1,0.0529,411.4,-14.6
4.9433,4.9348,8.5,0,-475.1,-1218.3,1.6727,-490.6,-1218.8,1.6710,-27.3,398.6,-0.0000,-16.7,407.4,-0.0069,407.0,-24.8
4.9509,4.9433,7.7,0,-476.0,-1215.2,1.6688,-490.8,-1215.4,1.6710,-23.4,399.0,0.0000,-10.5,406.7,0.0088,405.8,-29.4
4.9596,4.9517,7.9,0,-476.4,-1211.8,1.6707,-491.0,-1212.0,1.6710,-19.7,399.4,0.0000,-6.0,406.9,0.0011,405.5,-34.7
4.9667,4.9601,6.6,0,-477.5,-1208.9,1.6726,-491.2,-1208.7,1.6710,-15.0,399.9,-0.0000,0.3,406.3,-0.0066,404.2,-41.6
4.9750,4.9686,6.4,0,-478.0,-1204.7,1.6803,-491.3,-1205.3,1.6710,-10.5,400.5,0.0000,6.0,403.7,-0.0371,400.7,-50.1
4.9832,4.9771,6.1,0,-478.7,-1201.4,1.6799,-491.4,-1201.9,1.6710,-5.3,400.1,0.0000,12.4,403.2,-0.0355,399.4,-56.2
4.9908,4.9855,5.3,0,-479.0,-1198.3,1.6820,-491.4,-1198.5,1.6710,-0.3,400.0,-0.0000,18.1,401.6,-0.0438,397.1,-62.5
4.9988,4.9939,4.9,0,-479.6,-1195.2,1.6778,-491.4,-1195.1,1.6710,3.9,399.7,-0.0000,24.8,401.1,-0.0271,396.1,-67.4
5.0069,5.0025,4.5,0,-480.3,-1191.4,1.6863,-491.3,-1191.7,1.6710,8.2,399.5,0.0000,31.1,399.7,-0.0612,393.4,-77.0
5.0151,5.0109,4.2,0,-480.9,-1188.1,1.6804,-491.2,-1188.4,1.6710,11.8,399.7,0.0000,37.1,398.9,-0.0377,392.4,-80.5
5.0236,5.0193,4.3,0,-481.5,-1183.6,1.6750,-491.1,-1185.0,1.6710,16.1,399.7,0.0000,43.3,394.7,-0.0162,388.0,-84.1
5.0310,5.0278,3.2,0,-481.4,-1180.9,1.6739,-490.9,-1181.6,1.6710,21.5,399.6,-0.0000,47.1,394.3,-0.0116,387.4,-87.4
5.0397,5.0362,3.5,0,-482.4,-1176.8,1.6793,-490.7,-1178.3,1.6710,26.3,399.2,0.0000,55.5,391.2,-0.0332,382.9,-97.5
5.0468,5.0446,2.2,0,-484.4,-1174.0,1.6768,-490.5,-1174.9,1.6710,31.2,398.5,-0.0000,66.1,390.4,-0.0233,381.2,-107.0
5.0551,5.0531,2.0,0,-484.7,-1170.1,1.6835,-490.2,-1171.5,1.6710,35.4,398.2,-0.0000,72.7,387.8,-0.0501,377.2,-115.8
5.0630,5.0531,9.9,0,-484.7,-1170.1,1.6835,-490.2,-1171.5,1.6710,35.4,398.2,-0.0000,77.8,396.5,-0.0501,385.2,-121.9
5.0714,5.0616,9.8,0,-485.3,-1166.4,1.6900,-489.9,-1168.2,1.6710,39.1,398.0,-0.0000,84.5,394.4,-0.0758,381.5,-130.8
5.0794,5.0700,9.4,0,-486.1,-1163.6,1.6833,-489.6,-1164.8,1.6710,43.4,397.7,0.0000,91.8,394.7,-0.0493,381.9,-135.5
5.0879,5.0784,9.4,0,-487.3,-1159.6,1.6795,-489.2,-1161.4,1.6710,47.6,397.8,-0.0000,101.3,392.4,-0.0339,379.1,-143.3
5.0952,5.0869,8.3,0,-487.8,-1156.8,1.6826,-488.7,-1158.1,1.6710,52.7,396.7,-0.0000,107.7,391.5,-0.0463,377.0,-150.6
5.1029,5.0953,7.6,0,-488.9,-1153.3,1.6797,-488.3,-1154.7,1.6710,58.1,395.2,0.0000,116.7,387.7,-0.0346,372.8,-158.2
5.1113,5.1038,7.5,0,-489.4,-1149.7,1.6813,-487.8,-1151.4,1.6710,62.2,395.1,0.0000,124.3,385.4,-0.0412,369.3,-166.0
5.1193,5.1122,7.1,0,-490.2,-1146.4,1.6868,-487.2,-1148.1,1.6710,66.6,395.0,-0.0000,132.5,384.6,-0.0631,366.7,-176.1
5.1272,5.1207,6.5,0,-490.9,-1143.4,1.6929,-486.6,-1144.7,1.6710,70.6,394.0,-0.0000,140.3,383.9,-0.0878,363.9,-186.0
5.1348,5.1291,5.7,0,-491.9,-1139.6,1.6883,-486.0,-1141.4,1.6710,74.6,393.1,0.0000,148.1,379.8,-0.0691,359.8,-191.6
5.1438,5.1376,6.2,0,-492.5,-1135.7,1.6845,-485.4,-1138.1,1.6710,79.2,391.7,0.0000,156.5,376.9,-0.0542,356.7,-198.3
5.1520,5.1460,5.9,0,-493.2,-1132.7,1.6846,-484.7,-1134.8,1.6710,83.6,390.5,0.0000,164.9,376.1,-0.0545,355.0,-206.6
5.1593,5.1545,4.8,0,-493.5,-1129.5,1.6796,-484.0,-1131.5,1.6710,88.6,389.8,-0.0000,171.7,373.6,-0.0345,352.7,-211.3
5.1671,5.1630,4.2,0,-493.8,-1127.2,1.6784,-483.2,-1128.2,1.6710,93.2,388.9,-0.0000,179.1,373.8,-0.0296,352.4,-218.2
5.1757,5.1714,4.3,0,-494.2,-1123.0,1.6677,-482.4,-1124.9,1.6710,96.9,388.0,-0.0000,187.0,369.8,0.0132,349.9,-221.9
5.1833,5.1799,3.4,0,-494.5,-1119.4,1.6668,-481.6,-1121.6,1.6710,101.1,387.1,0.0000,193.3,366.9,0.0167,346.7,-227.6
5.1916,5.1799,11.8,0,-494.5,-1119.4,1.6668,-481.6,-1121.6,1.6710,101.1,387.1,0.0000,199.8,375.1,0.0167,354.2,-234.9
5.1987,5.1967,2.0,0,-494.6,-1112.8,1.6586,-479.8,-1115.1,1.6710,110.1,385.0,0.0000,205.9,362.2,0.0497,342.7,-236.8
5.2077,5.1967,11.0,0,-494.6,-1112.8,1.6586,-479.8,-1115.1,1.6710,110.1,385.0,0.0000,213.6,369.9,0.0497,349.8,-245.2
5.2156,5.2136,2.0,0,-494.9,-1106.9,1.6523,-477.8,-1108.6,1.6710,119.1,381.5,0.0000,221.5,358.9,0.0748,339.7,-250.0
5.2230,5.2221,0.9,0,-494.9,-1103.7,1.6398,-476.8,-1105.4,1.6710,123.6,381.0,-0.0000,227.7,355.9,0.1248,339.3,-251.7
5.2312,5.2221,9.2,0,-494.9,-1103.7,1.6398,-476.8,-1105.4,1.6710,123.6,381.0,-0.0000,234.9,364.1,0.1248,347.1,-259.4
5.2395,5.2305,9.0,0,-494.2,-1101.3,1.6499,-475.8,-1102.2,1.6710,127.5,379.5,-0.0000,240.0,364.5,0.0842,344.4,-268.1
5.2473,5.2305,16.7,0,-494.2,-1101.3,1.6499,-475.8,-1102.2,1.6710,127.5,379.5,-0.0000,246.6,370.9,0.0842,350.2,-275.2
5.2548,5.2474,7.4,0,-494.3,-1095.3,1.6424,-473.5,-1095.8,1.6710,135.5,376.2,-0.0000,253.4,359.7,0.1145,340.7,-278.5
5.2633,5.2474,15.8,0,-494.3,-1095.3,1.6424,-473.5,-1095.8,1.6710,135.5,376.2,-0.0000,260.7,367.6,0.1145,348.0,-286.3
5.2716,5.2644,7.2,0,-492.9,-1089.0,1.6329,-471.2,-1089.5,1.6710,144.6,372.8,-0.0000,264.2,355.7,0.1524,338.6,-285.8
5.2793,5.2644,15.0,0,-492.9,-1089.0,1.6329,-471.2,-1089.5,1.6710,144.6,372.8,-0.0000,271.9,361.7,0.1524,344.1,-293.8
5.2874,5.2813,6.2,0,-492.1,-1083.1,1.6128,-468.6,-1083.2,1.6710,152.7,369.8,-0.0000,277.1,350.5,0.2327,338.5,-291.5
5.2949,5.2897,5.2,0,-490.8,-1080.6,1.6259,-467.3,-1080.1,1.6710,156.5,368.5,-0.0000,279.5,349.4,0.1805,333.5,-298.3
5.3034,5.2981,5.3,0,-489.7,-1078.0,1.6136,-466.0,-1077.0,1.6710,160.8,366.5,-0.0000,284.1,348.7,0.2295,336.2,-298.8
5.3110,5.2981,12.9,0,-489.7,-1078.0,1.6136,-466.0,-1077.0,1.6710,160.8,366.5,-0.0000,291.4,355.6,0.2295,342.8,-306.3
5.3192,5.3151,4.1,0,-487.5,-1073.1,1.6175,-463.2,-1070.8,1.6710,169.2,362.0,-0.0000,292.6,347.5,0.2138,333.4,-308.5
5.3278,5.3151,12.7,0,-487.5,-1073.1,1.6175,-463.2,-1070.8,1.6710,169.2,362.0,-0.0000,301.1,353.4,0.2138,338.9,-317.3
5.3353,5.3321,3.3,0,-485.0,-1066.9,1.6017,-460.3,-1064.7,1.6710,177.6,358.8,-0.0000,301.1,340.4,0.2773,330.9,-311.4
5.3429,5.3321,10.8,0,-485.0,-1066.9,1.6017,-460.3,-1064.7,1.6710,177.6,358.8,-0.0000,308.8,346.2,0.2773,336.5,-319.4
5.3507,5.3489,1.8,0,-482.0,-1062.2,1.6033,-457.2,-1058.7,1.6710,185.4,354.3,0.0000,307.6,338.3,0.2710,328.1,-318.4
5.3593,5.3489,10.4,0,-482.0,-1062.2,1.6033,-457.2,-1058.7,1.6710,185.4,354.3,0.0000,315.4,345.2,0.2710,334.8,-326.4
5.3669,5.3575,9.4,0,-480.6,-1059.7,1.5970,-455.6,-1055.7,1.6710,189.3,352.3,-0.0000,318.5,343.3,0.2961,334.9,-327.3
5.3757,5.3658,9.9,0,-478.8,-1056.5,1.5965,-454.0,-1052.8,1.6710,192.9,350.6,0.0000,322.2,339.5,0.2978,331.1,-330.8
5.3836,5.3827,0.9,0,-474.9,-1051.5,1.6048,-450.7,-1046.9,1.6710,201.7,345.4,0.0000,318.7,330.2,0.2649,319.1,-329.7
5.3917,5.3827,9.0,0,-474.9,-1051.5,1.6048,-450.7,-1046.9,1.6710,201.7,345.4,0.0000,327.6,336.2,0.2649,324.9,-338.8
5.3998,5.3913,8.4,0,-472.5,-1049.4,1.5930,-448.9,-1043.9,1.6710,205.2,343.1,-0.0000,328.9,335.8,0.3120,328.4,-336.3
5.4073,5.3995,7.8,0,-471.1,-1046.4,1.6096,-447.2,-1041.1,1.6710,208.6,340.8,0.0000,332.2,331.5,0.2457,318.4,-344.8
5.4156,5.4080,7.6,0,-468.8,-1044.1,1.6130,-445.4,-1038.2,1.6710,212.5,338.9,-0.0000,333.9,330.3,0.2320,316.0,-347.6
5.4236,5.4164,7.1,0,-465.6,-1041.6,1.6112,-443.6,-1035.4,1.6710,216.3,337.2,-0.0000,332.7,327.8,0.2391,314.0,-345.6
5.4311,5.4252,6.0,0,-464.5,-1038.5,1.6145,-441.7,-1032.4,1.6710,220.4,333.9,0.0000,337.2,323.5,0.2259,308.5,-351.0
5.4397,5.4334,6.3,0,-461.6,-1036.7,1.6149,-439.9,-1029.7,1.6710,224.2,331.0,-0.0000,337.5,323.5,0.2245,308.3,-351.4
5.4477,5.4418,5.8,0,-459.3,-1033.6,1.6325,-438.0,-1026.9,1.6710,228.3,328.5,0.0000,339.4,319.3,0.1541,297.7,-358.5
5.4557,5.4503,5.5,0,-457.0,-1031.5,1.6297,-436.0,-1024.2,1.6710,232.1,325.9,0.0000,341.8,318.1,0.1651,297.4,-359.9
5.4630,5.4589,4.1,0,-453.9,-1029.3,1.6207,-434.0,-1021.3,1.6710,235.0,323.8,0.0000,340.5,316.1,0.2012,298.7,-355.9
5.4713,5.4672,4.0,0,-452.0,-1026.6,1.6323,-432.1,-1018.7,1.6710,238.3,321.3,-0.0000,343.4,312.1,0.1548,290.4,-361.9
5.4794,5.4756,3.8,0,-449.5,-1024.2,1.6288,-430.0,-1016.0,1.6710,242.0,318.1,0.0000,344.8,309.9,0.1686,289.4,-362.2
5.4869,5.4841,2.8,0,-446.1,-1021.6,1.6173,-428.0,-1013.3,1.6710,245.7,315.3,0.0000,342.6,307.1,0.2148,290.9,-356.5
5.4958,5.4925,3.3,0,-443.8,-1018.2,1.6282,-425.9,-1010.6,1.6710,249.9,312.9,0.0000,345.7,302.0,0.1713,281.7,-362.5
5.5029,5.5010,2.0,0,-441.3,-1016.2,1.6107,-423.8,-1008.0,1.6710,253.4,310.0,0.0000,347.3,298.8,0.2410,284.7,-359.0
5.5115,5.5094,2.0,0,-438.4,-1013.6,1.6147,-421.6,-1005.4,1.6710,256.5,307.0,-0.0000,348.5,295.1,0.2250,279.5,-361.1
5.5188,5.5094,9.4,0,-438.4,-1013.6,1.6147,-421.6,-1005.4,1.6710,256.5,307.0,-0.0000,356.1,298.9,0.2250,283.0,-368.9
5.5279,5.5179,10.0,0,-435.9,-1010.2,1.6164,-419.4,-1002.8,1.6710,259.8,304.0,-0.0000,358.6,293.7,0.2185,277.0,-371.6
5.5357,5.5264,9.3,0,-432.4,-1007.0,1.6178,-417.2,-1000.2,1.6710,263.2,301.0,0.0000,357.0,289.1,0.2130,272.0,-370.2
5.5430,5.5347,8.3,0,-430.6,-1003.4,1.6020,-415.0,-997.7,1.6710,266.4,298.0,-0.0000,360.2,282.2,0.2762,270.8,-368.8
5.5516,5.5432,8.4,0,-427.3,-1001.7,1.6025,-412.7,-995.2,1.6710,269.6,295.0,0.0000,360.5,280.1,0.2740,268.5,-369.2
5.5597,5.5516,8.1,0,-424.6,-998.1,1.6083,-410.4,-992.8,1.6710,273.3,292.1,-0.0000,361.9,272.5,0.2510,258.8,-371.9
5.5675,5.5602,7.3,0,-421.8,-995.8,1.5955,-408.1,-990.3,1.6710,277.0,289.2,0.0000,362.4,269.0,0.3021,259.9,-368.9
5.5753,5.5686,6.7,0,-418.8,-991.7,1.6008,-405.7,-987.9,1.6710,279.9,285.7,-0.0000,362.4,260.0,0.2810,249.1,-370.0
5.5833,5.5770,6.3,0,-415.9,-989.1,1.5853,-403.4,-985.5,1.6710,282.9,282.3,-0.0000,363.0,255.7,0.3426,250.4,-366.6
5.5910,5.5855,5.6,0,-412.5,-986.9,1.5894,-401.0,-983.1,1.6710,285.7,280.0,0.0000,362.0,252.7,0.3265,245.9,-366.6
5.5996,5.5940,5.6,0,-410.5,-983.0,1.5895,-398.5,-980.7,1.6710,288.7,277.2,0.0000,365.4,244.8,0.3259,237.9,-369.9
5.6074,5.6024,5.0,0,-407.3,-980.7,1.5867,-396.1,-978.4,1.6710,292.8,272.7,0.0000,365.0,240.9,0.3371,235.1,-368.8
5.6148,5.6108,4.0,0,-404.2,-976.7,1.5842,-393.6,-976.1,1.6710,296.3,269.0,-0.0000,365.4,230.9,0.3472,226.0,-368.4
5.6238,5.6193,4.6,0,-400.8,-974.6,1.5777,-391.1,-973.9,1.6710,298.5,265.6,-0.0000,366.5,227.6,0.3733,225.1,-368.0
5.6316,5.6193,12.3,0,-400.8,-974.6,1.5777,-391.1,-973.9,1.6710,298.5,265.6,-0.0000,375.4,230.3,0.3733,227.7,-377.0
5.6392,5.6362,2.9,0,-395.1,-968.7,1.5770,-386.0,-969.4,1.6710,304.3,260.3,0.0000,368.1,216.9,0.3762,214.7,-369.5
5.6467,5.6446,2.1,0,-391.7,-966.3,1.5682,-383.4,-967.2,1.6710,307.3,256.9,-0.0000,366.2,211.2,0.4112,212.1,-365.6
5.6549,5.6530,1.9,0,-388.8,-962.9,1.5619,-380.8,-965.1,1.6710,310.5,252.5,0.0000,367.2,203.8,0.4365,207.1,-365.4
5.6634,5.6615,1.9,0,-385.5,-960.3,1.5681,-378.1,-963.0,1.6710,313.3,248.7,-0.0000,367.2,198.2,0.4115,199.2,-366.7
5.6712,5.6615,9.7,0,-385.5,-960.3,1.5681,-378.1,-963.0,1.6710,313.3,248.7,-0.0000,376.7,200.1,0.4115,201.1,-376.2
5.6797,5.6699,9.8,0,-383.3,-956.9,1.5662,-375.5,-960.9,1.6710,315.9,244.9,0.0000,381.3,191.1,0.4192,192.9,-380.4
5.6871,5.6784,8.8,0,-378.8,-954.4,1.5600,-372.8,-958.8,1.6710,318.6,241.5,-0.0000,377.1,185.5,0.4439,189.6,-375.0
5.6954,5.6868,8.5,0,-376.4,-951.3,1.5629,-370.1,-956.8,1.6710,321.3,238.2,-0.0000,379.6,179.1,0.4325,182.1,-378.2
5.7028,5.6954,7.4,0,-372.2,-948.2,1.5505,-367.4,-954.8,1.6710,323.7,234.7,0.0000,376.0,172.0,0.4820,179.6,-372.4
5.7113,5.7037,7.6,0,-370.4,-945.0,1.5609,-364.7,-952.8,1.6710,325.7,231.5,-0.0000,380.4,164.2,0.4405,168.0,-378.8
5.7191,5.7122,6.8,0,-366.3,-942.7,1.5402,-361.9,-950.9,1.6710,329.0,227.4,0.0000,377.7,159.1,0.5232,170.6,-372.6
5.7274,5.7206,6.8,0,-363.9,-940.7,1.5532,-359.1,-949.0,1.6710,332.2,223.3,-0.0000,380.9,153.9,0.4711,160.5,-378.1
5.7353,5.7290,6.3,0,-359.7,-937.8,1.5432,-356.3,-947.1,1.6710,334.3,219.7,-0.0000,378.3,146.3,0.5112,156.6,-374.1
5.7436,5.7375,6.1,0,-357.4,-935.3,1.5431,-353.4,-945.3,1.6710,336.7,215.9,-0.0000,381.8,139.6,0.5116,150.1,-377.8
5.7517,5.7460,5.7,0,-354.8,-932.4,1.5320,-350.6,-943.5,1.6710,339.1,212.7,0.0000,384.3,132.2,0.5562,147.0,-378.8
5.7590,5.7544,4.5,0,-351.6,-930.1,1.5352,-347.7,-941.7,1.6710,341.4,209.2,-0.0000,383.4,127.3,0.5433,140.9,-378.6
5.7672,5.7628,4.4,0,-347.5,-928.3,1.5304,-344.8,-940.0,1.6710,343.2,204.9,-0.0000,381.2,123.3,0.5623,138.6,-376.0
5.7756,5.7628,12.8,0,-347.5,-928.3,1.5304,-344.8,-940.0,1.6710,343.2,204.9,-0.0000,391.7,124.3,0.5623,140.0,-386.4
5.7831,5.7798,3.3,0,-342.4,-923.7,1.5218,-339.0,-936.6,1.6710,348.7,196.0,-0.0000,385.7,110.9,0.5970,129.7,-379.8
5.7919,5.7798,12.1,0,-342.4,-923.7,1.5218,-339.0,-936.6,1.6710,348.7,196.0,-0.0000,396.9,110.5,0.5970,129.8,-391.0
5.7995,5.7967,2.9,0,-336.6,-919.1,1.5242,-333.1,-933.3,1.6710,352.9,189.0,0.0000,389.1,97.3,0.5871,115.3,-384.2
5.8070,5.7967,10.3,0,-336.6,-919.1,1.5242,-333.1,-933.3,1.6710,352.9,189.0,0.0000,398.1,98.4,0.5871,116.8,-393.1
5.8152,5.8136,1.6,0,-330.1,-915.3,1.5105,-327.1,-930.2,1.6710,356.3,181.6,-0.0000,388.7,87.6,0.6420,110.9,-382.7
5.8238,5.8136,10.3,0,-330.1,-915.3,1.5105,-327.1,-930.2,1.6710,356.3,181.6,-0.0000,399.4,88.0,0.6420,111.9,-393.4
5.8322,5.8304,1.8,0,-324.7,-910.4,1.5104,-321.0,-927.2,1.6710,360.5,172.8,-0.0000,393.7,73.4,0.6424,97.1,-388.6
5.8396,5.8304,9.2,0,-324.7,-910.4,1.5104,-321.0,-927.2,1.6710,360.5,172.8,-0.0000,403.2,73.2,0.6424,97.4,-398.0
5.8474,5.8304,17.0,0,-324.7,-910.4,1.5104,-321.0,-927.2,1.6710,360.5,172.8,-0.0000,412.9,72.9,0.6424,97.7,-407.7
5.8554,5.8474,8.0,0,-318.5,-908.0,1.5108,-314.9,-924.3,1.6710,364.8,163.6,-0.0000,403.8,64.9,0.6407,89.0,-399.2
5.8635,5.8474,16.1,0,-318.5,-908.0,1.5108,-314.9,-924.3,1.6710,364.8,163.6,-0.0000,413.9,64.7,0.6407,89.4,-409.3
5.8716,5.8643,7.2,0,-312.8,-906.0,1.5106,-308.7,-921.6,1.6710,368.1,157.0,0.0000,407.5,59.3,0.6418,83.7,-403.2
5.8795,5.8643,15.2,0,-312.8,-906.0,1.5106,-308.7,-921.6,1.6710,368.1,157.0,0.0000,417.4,59.0,0.6418,84.0,-413.1
5.8876,5.8812,6.4,0,-307.4,-903.1,1.5373,-302.4,-919.0,1.6710,371.6,148.6,-0.0000,410.5,49.3,0.5347,63.0,-408.6
5.8951,5.8812,13.8,0,-307.4,-903.1,1.5373,-302.4,-919.0,1.6710,371.6,148.6,-0.0000,419.7,48.4,0.5347,62.5,-417.8
5.9034,5.8981,5.3,0,-301.6,-901.8,1.5411,-296.1,-916.6,1.6710,375.2,138.8,-0.0000,412.9,43.6,0.5197,55.8,-411.5
5.9112,5.8981,13.0,0,-301.6,-901.8,1.5411,-296.1,-916.6,1.6710,375.2,138.8,-0.0000,422.7,42.5,0.5197,55.1,-421.2
5.9192,5.9150,4.2,0,-295.9,-901.1,1.5635,-289.7,-914.3,1.6710,377.9,131.4,0.0000,416.1,39.2,0.4301,42.2,-415.8
5.9272,5.9150,12.2,0,-295.9,-901.1,1.5635,-289.7,-914.3,1.6710,377.9,131.4,0.0000,426.0,38.1,0.4301,41.2,-425.7
5.9349,5.9318,3.1,0,-289.4,-901.2,1.5888,-283.4,-912.2,1.6710,380.7,122.9,0.0000,415.2,38.0,0.3289,30.5,-415.8
5.9434,5.9318,11.5,0,-289.4,-901.2,1.5888,-283.4,-912.2,1.6710,380.7,122.9,0.0000,425.5,36.8,0.3289,29.1,-426.0
5.9523,5.9488,3.5,0,-283.6,-901.4,1.6074,-276.9,-910.2,1.6710,383.5,113.8,0.0000,419.4,35.0,0.2545,19.6,-420.4
5.9591,5.9488,10.3,0,-283.6,-901.4,1.6074,-276.9,-910.2,1.6710,383.5,113.8,0.0000,427.9,33.4,0.2545,17.7,-428.8
5.9676,5.9657,2.0,0,-276.8,-901.8,1.6168,-270.4,-908.3,1.6710,385.8,105.1,-0.0000,418.3,32.6,0.2167,13.3,-419.4
5.9752,5.9657,9.5,0,-276.8,-901.8,1.6168,-270.4,-908.3,1.6710,385.8,105.1,-0.0000,427.7,30.9,0.2167,11.2,-428.7
5.9839,5.9826,1.3,0,-270.6,-903.7,1.6587,-263.8,-906.6,1.6710,388.2,97.1,-0.0000,419.4,34.8,0.0491,-2.1,-420.9
5.9912,5.9826,8.6,0,-270.6,-903.7,1.6587,-263.8,-906.6,1.6710,388.2,97.1,-0.0000,428.3,33.2,0.0491,-4.5,-429.5
5.9995,5.9910,8.4,0,-267.0,-904.6,1.6512,-260.6,-905.8,1.6710,388.8,92.4,-0.0000,427.6,34.2,0.0792,-0.3,-429.0
6.0070,5.9994,7.6,0,-263.9,-904.9,1.6664,-257.3,-905.1,1.6710,390.0,87.9,-0.0000,427.7,33.0,0.0185,-7.9,-428.9
6.0156,6.0079,7.6,0,-259.9,-906.2,1.6673,-254.0,-904.3,1.6710,391.1,83.3,-0.0000,426.1,34.6,0.0148,-6.7,-427.5
6.0228,6.0164,6.4,0,-256.9,-907.4,1.6695,-250.7,-903.6,1.6710,392.3,78.8,0.0000,426.1,35.6,0.0060,-6.5,-427.6
6.0317,6.0248,6.8,0,-253.0,-908.5,1.6756,-247.3,-903.0,1.6710,393.5,74.2,-0.0000,424.3,35.2,-0.0184,-9.4,-425.7
6.0393,6.0333,6.0,0,-249.9,-909.1,1.6840,-244.0,-902.4,1.6710,393.6,70.5,0.0000,423.8,34.6,-0.0521,-13.5,-425.0
6.0468,6.0418,5.1,0,-246.2,-909.9,1.6934,-240.7,-901.8,1.6710,394.0,66.5,-0.0000,422.4,35.4,-0.0895,-16.5,-423.6
6.0548,6.0502,4.6,0,-243.4,-910.8,1.6854,-237.4,-901.3,1.6710,395.0,61.3,-0.0000,423.8,35.6,-0.0578,-13.1,-425.0
6.0638,6.0586,5.2,0,-239.2,-911.8,1.6938,-234.0,-900.8,1.6710,395.8,56.5,-0.0000,421.9,35.6,-0.0914,-16.4,-423.1
6.0714,6.0671,4.3,0,-236.1,-912.7,1.6864,-230.7,-900.3,1.6710,396.7,51.9,0.0000,421.7,35.4,-0.0618,-13.5,-423.0
6.0795,6.0755,4.0,0,-231.8,-914.2,1.6983,-227.3,-899.9,1.6710,397.3,47.5,0.0000,418.3,35.2,-0.1091,-18.3,-419.4
6.0878,6.0840,3.9,0,-228.1,-914.5,1.6975,-224.0,-899.5,1.6710,397.7,43.3,0.0000,416.9,32.6,-0.1062,-20.3,-417.7
6.0953,6.0840,11.4,0,-228.1,-914.5,1.6975,-224.0,-899.5,1.6710,397.7,43.3,0.0000,425.6,30.5,-0.1062,-23.6,-426.0
6.1027,6.1009,1.8,0,-221.0,-915.6,1.7091,-217.2,-898.9,1.6710,398.5,34.9,-0.0000,413.0,31.0,-0.1524,-26.3,-413.3
6.1114,6.1094,2.0,0,-217.1,-916.4,1.7034,-213.8,-898.6,1.6710,399.0,30.3,0.0000,411.3,29.7,-0.1296,-25.0,-411.6
6.1196,6.1178,1.8,0,-213.2,-916.8,1.7022,-210.5,-898.3,1.6710,399.6,25.8,-0.0000,409.3,27.1,-0.1246,-26.7,-409.4
6.1268,6.1178,9.1,0,-213.2,-916.8,1.7022,-210.5,-898.3,1.6710,399.6,25.8,-0.0000,418.0,23.6,-0.1246,-31.4,-417.5
6.1352,6.1263,8.9,0,-209.4,-917.9,1.6919,-207.1,-898.1,1.6710,399.5,20.8,0.0000,416.1,22.6,-0.0836,-27.8,-415.8
6.1431,6.1346,8.5,0,-204.9,-919.2,1.6952,-203.7,-898.0,1.6710,399.1,15.5,0.0000,411.1,22.2,-0.0968,-29.0,-410.6
6.1514,6.1431,8.3,0,-201.3,-919.3,1.6894,-200.4,-897.9,1.6710,399.5,11.6,-0.0000,409.4,18.4,-0.0735,-30.2,-408.7
6.1597,6.1516,8.1,0,-197.3,-919.8,1.6884,-197.0,-897.8,1.6710,400.1,7.8,0.0000,407.4,15.8,-0.0698,-32.2,-406.5
6.1675,6.1603,7.2,0,-193.0,-920.1,1.6796,-193.5,-897.7,1.6710,400.1,3.4,0.0000,403.8,13.0,-0.0345,-30.9,-402.8
6.1756,6.1685,7.1,0,-189.5,-920.5,1.6836,-190.2,-897.7,1.6710,400.2,-0.6,-0.0000,402.2,10.6,-0.0504,-34.7,-400.9
6.1835,6.1769,6.6,0,-184.7,-920.9,1.6960,-186.8,-897.8,1.6710,400.1,-6.4,0.0000,396.7,7.4,-0.1001,-42.2,-394.6
6.1910,6.1854,5.6,0,-181.7,-921.3,1.6804,-183.5,-897.8,1.6710,399.9,-11.7,-0.0000,396.0,3.2,-0.0374,-40.1,-394.0
6.1991,6.1942,4.9,0,-177.2,-921.4,1.6906,-179.9,-898.0,1.6710,399.6,-15.4,-0.0000,391.5,-1.4,-0.0782,-48.2,-388.5
6.2078,6.2023,5.5,0,-173.0,-920.9,1.6846,-176.7,-898.1,1.6710,399.4,-19.4,-0.0000,388.1,-8.0,-0.0545,-52.1,-384.6
6.2153,6.2107,4.6,0,-169.1,-921.4,1.6708,-173.3,-898.3,1.6710,399.2,-23.7,-0.0000,384.8,-10.8,0.0008,-49.1,-381.8
6.2238,6.2192,4.6,0,-165.9,-921.3,1.6696,-170.0,-898.5,1.6710,398.9,-28.1,0.0000,385.1,-14.9,0.0055,-52.8,-381.7
6.2319,6.2278,4.1,0,-161.9,-921.3,1.6687,-166.5,-898.8,1.6710,398.9,-32.9,0.0000,381.7,-19.7,0.0092,-56.9,-377.9
6.2395,6.2361,3.4,0,-157.0,-920.9,1.6716,-163.2,-899.1,1.6710,398.4,-37.6,0.0000,374.3,-27.1,-0.0024,-64.6,-369.7
6.2472,6.2445,2.8,0,-152.4,-920.5,1.6725,-159.9,-899.4,1.6710,397.2,-42.4,0.0000,368.8,-33.8,-0.0058,-71.0,-363.4
6.2548,6.2530,1.8,0,-149.5,-920.3,1.6707,-156.5,-899.8,1.6710,396.7,-46.9,-0.0000,368.5,-38.7,0.0012,-75.2,-362.8
6.2636,6.2530,10.7,0,-149.5,-920.3,1.6707,-156.5,-899.8,1.6710,396.7,-46.9,-0.0000,377.9,-44.4,0.0012,-81.8,-371.6
6.2715,6.2615,9.9,0,-145.8,-920.1,1.6630,-153.1,-900.2,1.6710,396.8,-51.3,-0.0000,374.7,-50.6,0.0321,-84.9,-368.5
6.2791,6.2699,9.3,0,-141.7,-920.0,1.6669,-149.8,-900.6,1.6710,396.3,-55.3,0.0000,370.6,-56.1,0.0164,-91.4,-363.5
6.2878,6.2783,9.5,0,-137.1,-920.2,1.6600,-146.5,-901.1,1.6710,395.7,-59.0,-0.0000,366.4,-60.9,0.0441,-93.3,-359.6
6.2959,6.2868,9.1,0,-133.4,-919.9,1.6696,-143.1,-901.6,1.6710,394.9,-64.0,-0.0000,363.6,-67.7,0.0057,-103.2,-355.1
6.3031,6.2954,7.8,0,-129.7,-919.0,1.6616,-139.7,-902.2,1.6710,394.0,-69.5,-0.0000,359.1,-76.4,0.0376,-108.6,-350.7
6.3114,6.3037,7.8,0,-126.7,-918.5,1.6614,-136.5,-902.8,1.6710,393.1,-73.7,0.0000,358.4,-84.4,0.0385,-116.5,-349.3
6.3190,6.3121,6.9,0,-123.1,-919.0,1.6708,-133.1,-903.5,1.6710,392.2,-78.3,0.0000,354.8,-87.7,0.0009,-122.6,-344.3
6.3267,6.3206,6.2,0,-118.6,-919.2,1.6600,-129.8,-904.1,1.6710,391.7,-81.7,0.0000,349.1,-92.6,0.0441,-123.3,-339.5
6.3355,6.3292,6.3,0,-114.9,-918.7,1.6698,-126.4,-904.8,1.6710,391.1,-85.4,0.0000,347.2,-100.6,0.0049,-134.5,-335.5
6.3437,6.3375,6.2,0,-111.9,-919.0,1.6668,-123.2,-905.6,1.6710,389.4,-91.0,0.0000,346.3,-106.1,0.0170,-138.8,-334.5
6.3514,6.3459,5.5,0,-108.8,-918.1,1.6745,-119.9,-906.4,1.6710,387.9,-96.0,-0.0000,344.6,-115.2,-0.0139,-150.3,-330.8
6.3595,6.3543,5.2,0,-104.8,-918.9,1.6683,-116.7,-907.2,1.6710,387.2,-99.7,0.0000,340.4,-119.5,0.0108,-152.0,-327.2
6.3676,6.3629,4.7,0,-101.5,-918.8,1.6706,-113.4,-908.1,1.6710,386.2,-103.9,0.0000,337.9,-126.3,0.0015,-159.4,-323.7
6.3753,6.3629,12.5,0,-101.5,-918.8,1.6706,-113.4,-908.1,1.6710,386.2,-103.9,0.0000,345.1,-132.6,0.0015,-166.4,-330.2
6.3837,6.3797,4.0,0,-95.0,-919.2,1.6738,-106.9,-909.9,1.6710,383.8,-112.8,-0.0000,333.4,-138.4,-0.0113,-172.0,-317.4
6.3916,6.3882,3.4,0,-91.9,-919.5,1.6677,-103.6,-910.9,1.6710,383.2,-116.5,0.0000,331.3,-144.0,0.0134,-175.3,-315.8
6.4000,6.3968,3.3,0,-88.7,-918.6,1.6729,-100.4,-911.9,1.6710,381.7,-121.1,-0.0000,329.5,-152.5,-0.0078,-185.3,-312.2
6.4069,6.3968,10.1,0,-88.7,-918.6,1.6729,-100.4,-911.9,1.6710,381.7,-121.1,-0.0000,335.7,-158.3,-0.0078,-191.7,-317.9
6.4151,6.4135,1.6,0,-82.4,-920.4,1.6709,-94.0,-914.0,1.6710,378.0,-130.4,0.0000,324.6,-161.8,0.0003,-193.5,-306.8
6.4230,6.4135,9.5,0,-82.4,-920.4,1.6709,-94.0,-914.0,1.6710,378.0,-130.4,0.0000,331.6,-169.1,0.0003,-201.4,-313.1
6.4313,6.4135,17.8,0,-82.4,-920.4,1.6709,-94.0,-914.0,1.6710,378.0,-130.4,0.0000,338.5,-175.5,0.0003,-208.4,-319.2
6.4391,6.4306,8.5,0,-76.6,-921.0,1.6563,-87.6,-916.3,1.6710,375.0,-138.1,-0.0000,327.8,-180.1,0.0590,-207.4,-311.2
6.4477,6.4306,17.1,0,-76.6,-921.0,1.6563,-87.6,-916.3,1.6710,375.0,-138.1,-0.0000,335.8,-187.7,0.0590,-215.7,-318.5
6.4551,6.4473,7.7,0,-71.5,-922.5,1.6732,-81.3,-918.7,1.6710,372.3,-146.6,0.0000,326.9,-190.1,-0.0088,-222.5,-305.7
6.4638,6.4473,16.5,0,-71.5,-922.5,1.6732,-81.3,-918.7,1.6710,372.3,-146.6,0.0000,333.7,-198.8,-0.0088,-231.9,-311.6
6.4712,6.4643,6.9,0,-66.8,-924.7,1.6702,-75.0,-921.2,1.6710,368.9,-155.3,-0.0000,325.5,-199.2,0.0030,-230.6,-304.1
6.4797,6.4643,15.4,0,-66.8,-924.7,1.6702,-75.0,-921.2,1.6710,368.9,-155.3,-0.0000,332.6,-206.5,0.0030,-238.5,-310.5
6.4877,6.4811,6.6,0,-61.2,-926.7,1.6680,-68.8,-923.9,1.6710,365.1,-163.7,0.0000,322.5,-207.9,0.0119,-238.2,-300.8
6.4952,6.4811,14.0,0,-61.2,-926.7,1.6680,-68.8,-923.9,1.6710,365.1,-163.7,0.0000,328.7,-215.8,0.0119,-246.7,-306.2
6.5032,6.4981,5.1,0,-56.4,-929.7,1.6817,-62.7,-926.7,1.6710,361.2,-170.9,-0.0000,320.5,-214.9,-0.0428,-249.0,-294.8
6.5115,6.4981,13.5,0,-56.4,-929.7,1.6817,-62.7,-926.7,1.6710,361.2,-170.9,-0.0000,327.4,-221.9,-0.0428,-256.8,-300.8
6.5195,6.5149,4.5,0,-51.6,-932.6,1.6725,-56.6,-929.7,1.6710,357.5,-180.2,-0.0000,319.1,-220.7,-0.0059,-251.9,-295.1
6.5270,6.5149,12.0,0,-51.6,-932.6,1.6725,-56.6,-929.7,1.6710,357.5,-180.2,-0.0000,324.3,-228.7,-0.0059,-260.4,-299.4
6.5349,6.5318,3.1,0,-47.6,-934.1,1.6743,-50.6,-932.8,1.6710,353.0,-187.6,0.0000,318.1,-232.2,-0.0133,-263.8,-292.4
6.5431,6.5318,11.3,0,-47.6,-934.1,1.6743,-50.6,-932.8,1.6710,353.0,-187.6,0.0000,324.3,-240.3,-0.0133,-272.5,-297.7
6.5518,6.5487,3.1,0,-42.8,-939.4,1.6763,-44.7,-936.0,1.6710,349.2,-195.2,-0.0000,316.4,-233.1,-0.0214,-265.1,-290.1
6.5597,6.5487,10.9,0,-42.8,-939.4,1.6763,-44.7,-936.0,1.6710,349.2,-195.2,-0.0000,322.2,-241.1,-0.0214,-273.7,-295.0
6.5672,6.5656,1.5,0,-39.7,-942.7,1.6649,-38.8,-939.4,1.6710,344.1,-203.8,-0.0000,318.3,-239.0,0.0243,-267.8,-294.4
6.5756,6.5656,10.0,0,-39.7,-942.7,1.6649,-38.8,-939.4,1.6710,344.1,-203.8,-0.0000,323.9,-247.8,0.0243,-277.2,-299.2
6.5840,6.5825,1.5,0,-34.9,-947.6,1.6762,-33.1,-942.9,1.6710,339.5,-210.7,-0.0000,315.1,-242.1,-0.0207,-273.9,-287.9
6.5919,6.5825,9.4,0,-34.9,-947.6,1.6762,-33.1,-942.9,1.6710,339.5,-210.7,-0.0000,320.2,-250.6,-0.0207,-282.9,-292.1
6.5992,6.5825,16.7,0,-34.9,-947.6,1.6762,-33.1,-942.9,1.6710,339.5,-210.7,-0.0000,325.1,-258.4,-0.0207,-291.1,-296.2
6.6075,6.5994,8.1,0,-31.1,-951.9,1.6787,-27.4,-946.5,1.6710,335.1,-219.4,0.0000,319.8,-254.1,-0.0308,-287.0,-290.6
6.6158,6.6079,7.9,0,-29.3,-953.6,1.6689,-24.5,-948.4,1.6710,332.7,-222.5,-0.0000,319.7,-257.6,0.0083,-287.7,-292.9
6.6227,6.6163,6.4,0,-27.1,-955.9,1.6750,-21.7,-950.3,1.6710,330.5,-225.5,0.0000,316.9,-257.6,-0.0161,-289.1,-288.4
6.6316,6.6248,6.8,0,-24.9,-959.3,1.6678,-19.0,-952.2,1.6710,327.4,-229.7,0.0000,315.5,-257.0,0.0126,-286.4,-289.1
6.6394,6.6332,6.1,0,-22.8,-961.4,1.6761,-16.2,-954.2,1.6710,324.5,-233.7,-0.0000,314.2,-259.9,-0.0203,-291.5,-285.2
6.6468,6.6417,5.1,0,-21.5,-963.2,1.6764,-13.5,-956.2,1.6710,321.9,-237.1,-0.0000,314.8,-262.6,-0.0215,-294.3,-285.4
6.6555,6.6417,13.8,0,-21.5,-963.2,1.6764,-13.5,-956.2,1.6710,321.9,-237.1,-0.0000,319.6,-272.5,-0.0215,-304.6,-289.1
6.6628,6.6586,4.2,0,-16.9,-967.2,1.6642,-8.1,-960.2,1.6710,316.8,-244.3,-0.0000,310.0,-268.4,0.0273,-296.2,-283.6
6.6713,6.6670,4.2,0,-15.4,-970.3,1.6596,-5.4,-962.3,1.6710,314.0,-247.9,-0.0000,310.4,-267.7,0.0457,-294.1,-285.4
6.6791,6.6755,3.5,0,-13.9,-972.9,1.6652,-2.7,-964.5,1.6710,311.0,-251.5,-0.0000,310.3,-268.6,0.0230,-296.7,-283.6
6.6873,6.6839,3.3,0,-11.5,-974.9,1.6626,-0.2,-966.6,1.6710,308.0,-255.1,-0.0000,308.2,-272.2,0.0335,-299.3,-282.0
6.6954,6.6924,3.0,0,-9.3,-977.3,1.6734,2.4,-968.8,1.6710,305.0,-258.8,0.0000,305.9,-274.3,-0.0098,-304.2,-276.2
6.7027,6.7008,1.9,0,-7.7,-979.9,1.6683,5.0,-970.9,1.6710,302.2,-262.2,0.0000,303.6,-275.6,0.0107,-303.9,-275.4
6.7112,6.7092,1.9,0,-5.4,-982.9,1.6495,7.5,-973.2,1.6710,299.9,-265.5,-0.0000,300.6,-276.5,0.0861,-299.3,-278.0
6.7196,6.7092,10.4,0,-5.4,-982.9,1.6495,7.5,-973.2,1.6710,299.9,-265.5,-0.0000,304.9,-285.0,0.0861,-308.1,-281.6
6.7272,6.7177,9.5,0,-3.1,-985.2,1.6560,10.1,-975.4,1.6710,296.6,-268.5,0.0000,301.6,-286.6,0.0600,-311.2,-276.1
6.7348,6.7262,8.6,0,-1.4,-987.9,1.6463,12.6,-977.7,1.6710,293.0,-271.3,-0.0000,300.2,-288.2,0.0988,-310.0,-277.6
6.7431,6.7346,8.5,0,0.3,-989.9,1.6426,15.0,-980.0,1.6710,290.1,-274.8,-0.0000,299.0,-292.1,0.1137,-312.8,-277.3
6.7513,6.7431,8.2,0,2.5,-992.3,1.6418,17.5,-982.4,1.6710,287.3,-278.6,0.0000,296.4,-293.6,0.1166,-313.9,-274.8
6.7593,6.7515,7.8,0,4.8,-994.9,1.6405,19.9,-984.7,1.6710,283.9,-281.9,-0.0000,292.8,-294.9,0.1220,-314.6,-271.6
6.7676,6.7600,7.6,0,6.9,-997.3,1.6416,22.3,-987.1,1.6710,280.5,-285.4,-0.0000,289.3,-298.5,0.1178,-318.3,-267.5
6.7750,6.7684,6.5,0,9.3,-999.2,1.6444,24.6,-989.6,1.6710,277.5,-287.8,-0.0000,284.9,-301.5,0.1063,-321.7,-261.9
6.7837,6.7769,6.8,0,10.9,-1001.5,1.6331,26.9,-992.0,1.6710,274.5,-290.4,-0.0000,283.8,-304.2,0.1514,-321.3,-264.3
6.7912,6.7853,5.9,0,13.2,-1004.2,1.6332,29.3,-994.5,1.6710,271.6,-293.8,0.0000,280.1,-305.2,0.1512,-322.1,-260.6
6.7999,6.7938,6.1,0,15.1,-1007.2,1.6359,31.5,-997.0,1.6710,268.6,-297.1,0.0000,278.2,-306.8,0.1405,-324.2,-257.7
6.8078,6.8023,5.5,0,17.3,-1009.7,1.6212,33.8,-999.5,1.6710,264.2,-300.8,0.0000,274.0,-308.9,0.1990,-322.3,-258.1
6.8158,6.8107,5.1,0,19.1,-1011.4,1.6331,36.0,-1002.0,1.6710,260.4,-303.9,-0.0000,270.4,-313.2,0.1515,-329.5,-250.3
6.8236,6.8191,4.5,0,21.7,-1014.8,1.6281,38.2,-1004.6,1.6710,257.1,-305.7,-0.0000,264.8,-312.4,0.1716,-327.0,-246.4
6.8308,6.8191,11.8,0,21.7,-1014.8,1.6281,38.2,-1004.6,1.6710,257.1,-305.7,-0.0000,267.2,-321.2,0.1716,-335.9,-248.4
6.8398,6.8364,3.4,0,26.5,-1019.0,1.6312,42.6,-1010.0,1.6710,250.3,-312.5,0.0000,255.6,-319.3,0.1592,-334.2,-235.9
6.8469,6.8445,2.4,0,28.7,-1022.1,1.6163,44.6,-1012.5,1.6710,247.1,-315.1,-0.0000,251.9,-318.9,0.2188,-330.0,-237.1
6.8549,6.8529,1.9,0,31.2,-1024.4,1.6184,46.7,-1015.2,1.6710,243.8,-316.9,0.0000,246.5,-321.6,0.2103,-333.0,-230.9
6.8631,6.8529,10.2,0,31.2,-1024.4,1.6184,46.7,-1015.2,1.6710,243.8,-316.9,0.0000,248.3,-331.4,0.2103,-342.8,-232.3
6.8711,6.8615,9.6,0,33.0,-1027.5,1.6239,48.7,-1017.9,1.6710,239.9,-319.8,0.0000,244.8,-331.8,0.1884,-344.3,-226.9
6.8794,6.8702,9.1,0,34.8,-1030.2,1.6283,50.8,-1020.7,1.6710,235.5,-323.3,-0.0000,240.7,-334.5,0.1709,-347.8,-221.0
6.8870,6.8783,8.7,0,37.1,-1032.1,1.6195,52.7,-1023.3,1.6710,232.2,-325.6,0.0000,235.1,-338.2,0.2061,-349.2,-218.3
6.8949,6.8867,8.1,0,39.7,-1035.2,1.6302,54.6,-1026.1,1.6710,228.8,-327.7,0.0000,230.0,-338.1,0.1630,-351.2,-209.5
6.9029,6.8951,7.7,0,41.7,-1037.8,1.6266,56.5,-1028.8,1.6710,225.5,-330.4,-0.0000,225.9,-339.9,0.1776,-352.0,-206.6
6.9108,6.9041,6.7,0,44.2,-1040.9,1.6250,58.6,-1031.8,1.6710,222.1,-333.3,-0.0000,219.7,-340.3,0.1842,-351.7,-200.9
6.9191,6.9120,7.1,0,46.5,-1042.7,1.6332,60.3,-1034.5,1.6710,217.8,-335.5,0.0000,214.0,-345.5,0.1513,-358.1,-192.0
6.9279,6.9204,7.5,0,48.0,-1045.1,1.6371,62.1,-1037.3,1.6710,213.3,-338.0,-0.0000,210.3,-349.6,0.1357,-362.8,-186.7
6.9351,6.9291,6.0,0,50.8,-1047.9,1.6283,63.9,-1040.2,1.6710,209.5,-340.4,0.0000,202.7,-350.1,0.1709,-361.2,-182.2
6.9435,6.9374,6.1,0,53.4,-1050.6,1.6270,65.7,-1043.1,1.6710,205.9,-342.7,0.0000,196.1,-351.8,0.1761,-362.2,-176.1
6.9518,6.9459,5.9,0,54.8,-1054.1,1.6303,67.4,-1046.0,1.6710,202.7,-345.1,0.0000,192.8,-351.4,0.1629,-362.2,-171.5
6.9594,6.9543,5.0,0,58.2,-1056.3,1.6314,69.1,-1048.9,1.6710,199.2,-347.4,0.0000,183.4,-355.1,0.1583,-365.6,-161.5
6.9678,6.9630,4.8,0,60.2,-1058.9,1.6372,70.8,-1051.9,1.6710,194.8,-349.3,0.0000,178.4,-357.8,0.1352,-368.9,-154.2
6.9755,6.9712,4.3,0,61.9,-1062.7,1.6367,72.4,-1054.8,1.6710,190.7,-351.5,-0.0000,174.3,-354.8,0.1373,-365.5,-150.6
6.9830,6.9797,3.4,0,64.6,-1065.0,1.6323,74.0,-1057.8,1.6710,186.0,-354.2,0.0000,166.9,-357.2,0.1549,-366.8,-144.6
6.9909,6.9881,2.7,0,67.0,-1068.4,1.6467,75.5,-1060.8,1.6710,182.0,-356.3,-0.0000,158.9,-358.0,0.0973,-369.0,-131.4
6.9988,6.9881,10.6,0,67.0,-1068.4,1.6467,75.5,-1060.8,1.6710,182.0,-356.3,-0.0000,159.0,-368.2,0.0973,-379.1,-130.6
7.0072,6.9968,10.3,0,69.2,-1071.3,1.6365,77.1,-1063.9,1.6710,178.9,-357.7,-0.0000,153.2,-369.1,0.1382,-378.4,-128.7
7.0152,7.0135,1.7,0,73.4,-1077.4,1.6557,80.0,-1069.9,1.6710,170.9,-361.7,-0.0000,140.9,-360.7,0.0612,-371.3,-109.8
7.0236,7.0135,10.1,0,73.4,-1077.4,1.6557,80.0,-1069.9,1.6710,170.9,-361.7,-0.0000,141.1,-370.7,0.0612,-381.3,-109.1
7.0314,7.0135,17.9,0,73.4,-1077.4,1.6557,80.0,-1069.9,1.6710,170.9,-361.7,-0.0000,140.8,-380.5,0.0612,-391.1,-108.0
7.0397,7.0307,9.0,0,78.3,-1083.0,1.6502,82.9,-1076.1,1.6710,161.8,-366.2,0.0000,125.2,-375.2,0.0831,-383.9,-95.0
7.0470,7.0307,16.3,0,78.3,-1083.0,1.6502,82.9,-1076.1,1.6710,161.8,-366.2,0.0000,124.6,-384.5,0.0831,-393.2,-93.7
7.0556,7.0472,8.4,0,82.4,-1089.5,1.6547,85.5,-1082.2,1.6710,153.7,-368.7,0.0000,111.9,-374.9,0.0654,-383.0,-80.1
7.0633,7.0472,16.0,0,82.4,-1089.5,1.6547,85.5,-1082.2,1.6710,153.7,-368.7,0.0000,111.5,-384.3,0.0654,-392.3,-78.9
7.0716,7.0642,7.5,0,86.9,-1095.9,1.6572,88.0,-1088.5,1.6710,145.4,-373.2,-0.0000,97.6,-375.4,0.0553,-382.4,-64.8
7.0789,7.0726,6.3,0,89.1,-1098.6,1.6515,89.2,-1091.7,1.6710,141.6,-373.9,0.0000,90.3,-376.6,0.0780,-382.7,-59.7
7.0869,7.0811,5.8,0,91.7,-1101.8,1.6537,90.4,-1094.8,1.6710,137.8,-374.9,-0.0000,82.2,-377.0,0.0690,-382.6,-50.7
7.0949,7.0811,13.8,0,91.7,-1101.8,1.6537,90.4,-1094.8,1.6710,137.8,-374.9,-0.0000,81.2,-387.1,0.0690,-392.5,-48.8
7.1029,7.0980,4.9,0,95.8,-1108.9,1.6537,92.7,-1101.2,1.6710,128.0,-379.6,0.0000,68.8,-377.1,0.0693,-381.5,-37.4
7.1118,7.0980,13.9,0,95.8,-1108.9,1.6537,92.7,-1101.2,1.6710,128.0,-379.6,0.0000,65.1,-386.6,0.0693,-390.6,-32.8
7.1188,7.1149,4.0,0,99.9,-1115.0,1.6635,94.8,-1107.6,1.6710,120.5,-381.3,0.0000,53.5,-378.6,0.0299,-381.9,-18.2
7.1269,7.1149,12.1,0,99.9,-1115.0,1.6635,94.8,-1107.6,1.6710,120.5,-381.3,0.0000,50.2,-387.2,0.0299,-390.1,-14.1
7.1352,7.1318,3.3,0,104.2,-1121.4,1.6548,96.7,-1114.1,1.6710,111.9,-383.6,-0.0000,36.7,-377.5,0.0647,-379.2,-4.9
7.1438,7.1318,11.9,0,104.2,-1121.4,1.6548,96.7,-1114.1,1.6710,111.9,-383.6,-0.0000,35.2,-388.0,0.0647,-389.6,-2.5
7.1517,7.1487,3.1,0,107.8,-1128.0,1.6659,98.5,-1120.6,1.6710,102.3,-387.2,0.0000,22.5,-378.5,0.0204,-378.9,13.5
7.1589,7.1487,10.2,0,107.8,-1128.0,1.6659,98.5,-1120.6,1.6710,102.3,-387.2,0.0000,20.7,-387.4,0.0204,-387.6,16.2
7.1672,7.1657,1.5,0,112.0,-1134.3,1.6658,100.2,-1127.2,1.6710,94.0,-388.5,0.0000,6.2,-379.2,0.0207,-378.1,29.8
7.1748,7.1657,9.1,0,112.0,-1134.3,1.6658,100.2,-1127.2,1.6710,94.0,-388.5,0.0000,3.1,-387.9,0.0207,-386.5,33.7
7.1835,7.1657,17.8,0,112.0,-1134.3,1.6658,100.2,-1127.2,1.6710,94.0,-388.5,0.0000,1.8,-398.5,0.0207,-396.9,36.0
7.1917,7.1825,9.3,0,114.8,-1140.9,1.6734,101.7,-1133.8,1.6710,85.6,-390.8,0.0000,-8.6,-388.6,-0.0095,-385.7,48.3
7.1992,7.1825,16.7,0,114.8,-1140.9,1.6734,101.7,-1133.8,1.6710,85.6,-390.8,0.0000,-11.1,-397.4,-0.0095,-394.2,51.7
7.2076,7.1995,8.0,0,118.8,-1147.4,1.6744,103.1,-1140.4,1.6710,76.6,-392.7,-0.0000,-25.2,-388.4,-0.0135,-383.7,65.2
7.2150,7.2078,7.2,0,120.2,-1150.1,1.6778,103.7,-1143.7,1.6710,71.6,-393.6,0.0000,-32.8,-388.8,-0.0271,-383.0,74.1
7.2232,7.2163,7.0,0,121.5,-1153.9,1.6683,104.3,-1147.0,1.6710,67.1,-394.3,-0.0000,-39.5,-387.3,0.0110,-381.7,77.0
7.2311,7.2247,6.4,0,122.5,-1156.9,1.6763,104.8,-1150.4,1.6710,62.5,-395.2,-0.0000,-45.5,-388.3,-0.0214,-381.3,86.1
7.2399,7.2332,6.6,0,124.4,-1160.8,1.6730,105.4,-1153.7,1.6710,58.7,-395.4,-0.0000,-54.1,-387.1,-0.0079,-379.6,93.3
7.2470,7.2416,5.4,0,125.6,-1163.8,1.6899,105.8,-1157.0,1.6710,54.8,-395.8,-0.0000,-60.4,-386.3,-0.0757,-376.4,105.8
7.2557,7.2500,5.7,0,125.7,-1167.1,1.6822,106.3,-1160.4,1.6710,50.1,-396.8,-0.0000,-63.8,-386.5,-0.0448,-377.0,106.3
7.2637,7.2585,5.2,0,126.9,-1169.9,1.6799,106.7,-1163.8,1.6710,45.5,-397.5,-0.0000,-70.2,-387.3,-0.0355,-377.3,112.0
7.2719,7.2671,4.8,0,127.3,-1173.2,1.6769,107.1,-1167.1,1.6710,40.2,-398.0,0.0000,-74.8,-387.0,-0.0235,-376.9,115.3
7.2797,7.2754,4.3,0,128.0,-1176.2,1.6806,107.4,-1170.5,1.6710,35.6,-398.4,-0.0000,-81.2,-387.9,-0.0383,-376.7,123.2
7.2877,7.2839,3.9,0,128.8,-1179.5,1.6819,107.7,-1173.8,1.6710,32.2,-398.9,-0.0000,-87.1,-387.5,-0.0434,-375.4,129.5
7.2949,7.2923,2.6,0,129.1,-1182.8,1.6758,107.9,-1177.2,1.6710,27.9,-399.1,-0.0000,-90.5,-385.5,-0.0192,-373.9,130.5
7.3037,7.3007,3.0,0,129.9,-1186.0,1.6869,108.1,-1180.6,1.6710,23.1,-399.2,-0.0000,-96.7,-385.9,-0.0638,-372.1,140.8
7.3108,7.3092,1.6,0,130.7,-1189.4,1.6739,108.3,-1184.0,1.6710,18.4,-399.3,-0.0000,-102.7,-383.4,-0.0116,-370.8,141.6
7.3192,7.3177,1.5,0,131.0,-1192.5,1.6801,108.4,-1187.3,1.6710,13.8,-399.4,0.0000,-107.8,-384.0,-0.0364,-370.0,149.1
7.3274,7.3177,9.8,0,131.0,-1192.5,1.6801,108.4,-1187.3,1.6710,13.8,-399.4,0.0000,-112.2,-393.9,-0.0364,-379.3,154.5
7.3358,7.3262,9.6,0,131.1,-1195.4,1.6687,108.5,-1190.7,1.6710,9.2,-399.8,-0.0000,-117.0,-394.7,0.0091,-381.4,155.1
7.3428,7.3346,8.3,0,131.0,-1198.9,1.6786,108.6,-1194.1,1.6710,4.5,-400.5,0.0000,-120.1,-392.1,-0.0306,-376.9,161.7
7.3515,7.3430,8.5,0,131.0,-1202.2,1.6714,108.6,-1197.5,1.6710,0.2,-400.3,-0.0000,-124.7,-392.2,-0.0015,-377.7,163.4
7.3598,7.3515,8.3,0,130.8,-1205.8,1.6753,108.6,-1200.9,1.6710,-4.1,-400.0,-0.0000,-127.8,-390.1,-0.0171,-374.7,167.8
7.3669,7.3599,6.9,0,130.7,-1208.4,1.6729,108.5,-1204.2,1.6710,-8.5,-399.7,-0.0000,-131.3,-390.1,-0.0076,-374.6,170.4
7.3751,7.3684,6.7,0,129.4,-1211.9,1.6635,108.5,-1207.6,1.6710,-12.7,-399.4,0.0000,-132.6,-389.3,0.0299,-375.3,168.1
7.3832,7.3768,6.4,0,128.5,-1214.2,1.6693,108.3,-1211.0,1.6710,-17.9,-399.8,-0.0000,-134.8,-391.3,0.0070,-376.1,172.6
7.3916,7.3853,6.3,0,127.9,-1217.8,1.6710,108.2,-1214.4,1.6710,-22.9,-400.0,0.0000,-138.6,-389.9,0.0002,-374.1,176.9
7.3996,7.3937,5.8,0,127.1,-1220.9,1.6673,107.9,-1217.8,1.6710,-26.5,-399.1,-0.0000,-141.1,-389.1,0.0148,-373.7,178.0
7.4075,7.4022,5.3,0,126.7,-1223.5,1.6710,107.7,-1221.1,1.6710,-30.7,-398.6,0.0000,-144.4,-389.2,-0.0000,-372.8,182.6
7.4153,7.4106,4.7,0,126.0,-1227.0,1.6680,107.4,-1224.5,1.6710,-35.5,-398.0,0.0000,-146.8,-387.3,0.0118,-371.2,183.7
7.4234,7.4191,4.4,0,124.9,-1230.1,1.6694,107.1,-1227.8,1.6710,-40.2,-397.6,0.0000,-148.3,-387.6,0.0065,-371.1,185.7
7.4318,7.4275,4.3,0,123.2,-1233.3,1.6692,106.7,-1231.2,1.6710,-45.0,-397.6,0.0000,-148.4,-386.7,0.0071,-370.3,185.7
7.4391,7.4360,3.1,0,122.1,-1236.5,1.6735,106.3,-1234.6,1.6710,-49.5,-397.2,0.0000,-150.6,-384.5,-0.0099,-367.0,189.2
7.4475,7.4444,3.1,0,120.8,-1240.0,1.6637,105.9,-1237.9,1.6710,-53.9,-396.6,-0.0000,-152.8,-382.5,0.0292,-366.6,187.7
7.4555,7.4529,2.7,0,119.6,-1242.8,1.6653,105.4,-1241.3,1.6710,-58.1,-395.9,-0.0000,-154.8,-382.5,0.0227,-366.2,190.2
7.4635,7.4614,2.2,0,118.8,-1245.8,1.6733,104.9,-1244.6,1.6710,-61.9,-394.7,-0.0000,-158.1,-381.8,-0.0090,-363.6,196.3
7.4713,7.4614,10.0,0,118.8,-1245.8,1.6733,104.9,-1244.6,1.6710,-61.9,-394.7,-0.0000,-163.3,-390.0,-0.0090,-371.2,202.3
7.4799,7.4782,1.7,0,114.7,-1251.6,1.6666,103.8,-1251.3,1.6710,-71.2,-393.8,-0.0000,-157.0,-381.3,0.0175,-364.5,192.7
7.4874,7.4782,9.2,0,114.7,-1251.6,1.6666,103.8,-1251.3,1.6710,-71.2,-393.8,-0.0000,-162.2,-388.6,0.0175,-371.3,198.6
7.4949,7.4867,8.3,0,113.7,-1255.1,1.6642,103.2,-1254.6,1.6710,-76.0,-393.0,0.0000,-164.5,-385.6,0.0274,-368.5,199.7
7.5028,7.4951,7.7,0,111.7,-1257.8,1.6593,102.5,-1257.9,1.6710,-80.9,-392.2,-0.0000,-165.4,-385.9,0.0467,-369.7,198.9
7.5111,7.5035,7.6,0,109.7,-1261.0,1.6530,101.8,-1261.2,1.6710,-84.9,-390.9,-0.0000,-166.0,-384.9,0.0721,-370.0,197.0
7.5195,7.5120,7.5,0,107.7,-1264.2,1.6612,101.1,-1264.5,1.6710,-89.0,-389.4,0.0000,-165.9,-382.8,0.0391,-366.2,199.8
7.5269,7.5205,6.3,0,106.1,-1267.1,1.6648,100.3,-1267.8,1.6710,-93.0,-389.1,0.0000,-166.6,-381.1,0.0247,-363.7,201.6
7.5354,7.5289,6.4,0,104.8,-1270.3,1.6609,99.5,-1271.1,1.6710,-96.9,-388.6,-0.0000,-169.4,-380.0,0.0402,-363.2,203.0
7.5439,7.5374,6.5,0,101.8,-1273.6,1.6538,98.7,-1274.4,1.6710,-102.0,-386.8,-0.0000,-167.3,-378.1,0.0689,-362.9,198.1
7.5519,7.5458,6.0,0,99.7,-1277.0,1.6664,97.8,-1277.6,1.6710,-106.8,-385.3,0.0000,-167.4,-375.9,0.0186,-358.2,202.5
7.5589,7.5543,4.6,0,98.3,-1279.9,1.6509,96.9,-1280.9,1.6710,-111.2,-384.2,-0.0000,-169.0,-373.7,0.0805,-359.0,198.3
7.5669,7.5627,4.2,0,96.0,-1283.4,1.6512,95.9,-1284.1,1.6710,-115.5,-382.9,0.0000,-168.9,-370.2,0.0791,-355.4,198.1
7.5753,7.5711,4.1,0,93.6,-1285.8,1.6636,94.9,-1287.3,1.6710,-119.5,-381.8,-0.0000,-168.8,-370.5,0.0294,-353.3,202.4
7.5836,7.5796,4.0,0,91.6,-1289.6,1.6548,93.9,-1290.6,1.6710,-123.6,-380.4,0.0000,-170.0,-367.5,0.0648,-351.9,200.2
7.5915,7.5881,3.4,0,89.6,-1292.7,1.6489,92.8,-1293.8,1.6710,-127.6,-378.6,-0.0000,-170.9,-365.4,0.0885,-351.0,198.9
7.5998,7.5966,3.2,0,87.4,-1295.5,1.6551,91.7,-1297.0,1.6710,-132.1,-377.3,-0.0000,-170.5,-363.8,0.0634,-348.2,200.6
7.6075,7.6049,2.6,0,85.3,-1298.4,1.6460,90.6,-1300.1,1.6710,-137.3,-376.4,0.0000,-171.0,-361.8,0.1000,-347.9,197.7
7.6149,7.6049,9.9,0,85.3,-1298.4,1.6460,90.6,-1300.1,1.6710,-137.3,-376.4,0.0000,-178.5,-368.1,0.1000,-353.7,205.6
7.6232,7.6134,9.7,0,83.7,-1301.6,1.6461,89.4,-1303.3,1.6710,-141.4,-374.7,0.0000,-181.6,-365.6,0.0995,-350.9,208.6
7.6315,7.6219,9.6,0,80.6,-1305.0,1.6486,88.2,-1306.5,1.6710,-144.9,-372.5,-0.0000,-179.6,-363.1,0.0897,-348.0,207.3
7.6395,7.6303,9.2,0,78.3,-1307.5,1.6419,87.0,-1309.6,1.6710,-149.0,-370.9,0.0000,-179.8,-362.4,0.1166,-348.7,205.1
7.6470,7.6303,16.7,0,78.3,-1307.5,1.6419,87.0,-1309.6,1.6710,-149.0,-370.9,0.0000,-186.4,-368.0,0.1166,-353.8,212.0
7.6553,7.6472,8.1,0,74.1,-1314.8,1.6502,84.4,-1315.9,1.6710,-157.4,-367.8,-0.0000,-181.2,-352.9,0.0830,-337.4,208.7
7.6629,7.6472,15.7,0,74.1,-1314.8,1.6502,84.4,-1315.9,1.6710,-157.4,-367.8,-0.0000,-188.4,-359.9,0.0830,-343.9,216.3
7.6711,7.6641,6.9,0,69.9,-1320.8,1.6448,81.6,-1322.1,1.6710,-165.7,-364.0,-0.0000,-183.7,-348.7,0.1048,-334.2,209.0
7.6796,7.6641,15.5,0,69.9,-1320.8,1.6448,81.6,-1322.1,1.6710,-165.7,-364.0,-0.0000,-192.8,-354.6,0.1048,-339.3,218.5
7.6877,7.6810,6.7,0,65.4,-1327.8,1.6564,78.8,-1328.2,1.6710,-174.1,-360.3,-0.0000,-187.4,-339.8,0.0583,-322.6,215.8
7.6954,7.6810,14.4,0,65.4,-1327.8,1.6564,78.8,-1328.2,1.6710,-174.1,-360.3,-0.0000,-194.0,-346.2,0.0583,-328.3,222.9
7.7028,7.6895,13.3,0,63.3,-1331.2,1.6570,77.3,-1331.2,1.6710,-178.3,-358.7,0.0000,-194.6,-341.9,0.0561,-323.9,223.3
7.7119,7.7065,5.4,0,59.1,-1337.5,1.6625,74.2,-1337.3,1.6710,-185.2,-353.9,-0.0000,-191.6,-329.7,0.0339,-310.8,221.0
7.7198,7.7148,5.0,0,57.4,-1340.5,1.6626,72.6,-1340.2,1.6710,-190.2,-351.7,-0.0000,-194.4,-326.4,0.0337,-307.2,223.5
7.7276,7.7148,12.8,0,57.4,-1340.5,1.6626,72.6,-1340.2,1.6710,-190.2,-351.7,-0.0000,-202.2,-332.2,0.0337,-312.3,231.8
7.7348,7.7319,2.9,0,52.9,-1347.8,1.6724,69.3,-1346.2,1.6710,-198.3,-347.9,-0.0000,-197.3,-318.6,-0.0058,-297.0,228.6
7.7433,7.7319,11.3,0,52.9,-1347.8,1.6724,69.3,-1346.2,1.6710,-198.3,-347.9,-0.0000,-205.1,-321.4,-0.0058,-299.0,236.7
7.7520,7.7486,3.4,0,49.3,-1353.0,1.6844,65.9,-1351.9,1.6710,-205.3,-342.6,0.0000,-203.1,-311.9,-0.0537,-286.8,237.1
7.7588,7.7486,10.2,0,49.3,-1353.0,1.6844,65.9,-1351.9,1.6710,-205.3,-342.6,0.0000,-209.8,-316.9,-0.0537,-291.0,244.4
7.7671,7.7486,18.5,0,49.3,-1353.0,1.6844,65.9,-1351.9,1.6710,-205.3,-342.6,0.0000,-218.4,-322.6,-0.0537,-295.8,253.5
7.7750,7.7658,9.2,0,45.2,-1360.3,1.6882,62.3,-1357.8,1.6710,-213.0,-338.9,0.0000,-215.0,-307.2,-0.0686,-279.9,249.5
7.7832,7.7825,0.7,0,40.7,-1366.5,1.6773,58.7,-1363.4,1.6710,-221.8,-333.0,0.0000,-210.0,-292.3,-0.0253,-268.3,239.9
7.7908,7.7825,8.3,0,40.7,-1366.5,1.6773,58.7,-1363.4,1.6710,-221.8,-333.0,0.0000,-218.0,-296.7,-0.0253,-271.8,248.3
7.7991,7.7825,16.6,0,40.7,-1366.5,1.6773,58.7,-1363.4,1.6710,-221.8,-333.0,0.0000,-226.9,-301.8,-0.0253,-275.9,257.7
7.8077,7.7995,8.2,0,37.5,-1373.1,1.6913,54.9,-1369.0,1.6710,-227.9,-328.4,0.0000,-226.6,-287.6,-0.0811,-258.3,259.6
7.8148,7.7995,15.3,0,37.5,-1373.1,1.6913,54.9,-1369.0,1.6710,-227.9,-328.4,0.0000,-234.4,-292.1,-0.0811,-261.9,267.8
7.8232,7.8162,7.0,0,33.4,-1379.5,1.6924,51.0,-1374.5,1.6710,-235.9,-323.3,-0.0000,-231.3,-278.7,-0.0855,-248.6,263.4
7.8317,7.8162,15.4,0,33.4,-1379.5,1.6924,51.0,-1374.5,1.6710,-235.9,-323.3,-0.0000,-240.8,-283.8,-0.0855,-252.5,273.4
7.8388,7.8332,5.6,0,29.8,-1385.2,1.6808,46.9,-1379.9,1.6710,-243.0,-318.0,0.0000,-238.1,-269.8,-0.0392,-242.1,266.3
7.8471,7.8416,5.6,0,27.8,-1388.7,1.6866,44.9,-1382.6,1.6710,-246.6,-315.0,0.0000,-241.5,-263.9,-0.0624,-234.2,270.4
7.8552,7.8500,5.2,0,26.0,-1391.8,1.6865,42.8,-1385.2,1.6710,-250.2,-312.0,-0.0000,-244.8,-259.7,-0.0619,-229.7,273.1
7.8635,7.8585,5.0,0,24.8,-1394.7,1.6874,40.7,-1387.9,1.6710,-253.3,-309.5,-0.0000,-250.5,-255.5,-0.0658,-224.7,278.5
7.8711,7.8670,4.1,0,22.8,-1398.1,1.6966,38.5,-1390.5,1.6710,-256.7,-306.8,0.0000,-253.0,-249.0,-0.1025,-215.3,282.3
7.8795,7.8754,4.1,0,20.5,-1400.0,1.6920,36.3,-1393.0,1.6710,-260.4,-303.9,0.0000,-255.5,-247.6,-0.0841,-214.9,283.6
7.8870,7.8838,3.2,0,18.4,-1403.6,1.6840,34.1,-1395.6,1.6710,-263.9,-300.7,-0.0000,-257.7,-241.0,-0.0518,-210.3,283.3
7.8949,7.8923,2.7,0,16.9,-1405.7,1.6911,31.9,-1398.1,1.6710,-267.2,-297.2,0.0000,-262.5,-238.4,-0.0802,-205.2,289.2
7.9036,7.9008,2.8,0,15.1,-1407.8,1.6878,29.6,-1400.6,1.6710,-270.5,-294.1,-0.0000,-267.4,-235.1,-0.0672,-202.2,293.0
7.9111,7.9092,1.9,0,12.9,-1411.1,1.6883,27.3,-1403.1,1.6710,-273.8,-291.1,-0.0000,-269.7,-228.5,-0.0693,-195.3,294.6
7.9190,7.9176,1.4,0,11.5,-1413.5,1.6874,25.0,-1405.5,1.6710,-277.0,-288.4,0.0000,-274.2,-225.7,-0.0657,-192.2,298.6
7.9271,7.9176,9.5,0,11.5,-1413.5,1.6874,25.0,-1405.5,1.6710,-277.0,-288.4,0.0000,-283.5,-229.6,-0.0657,-195.1,308.3
7.9354,7.9260,9.4,0,9.4,-1415.4,1.6897,22.6,-1407.9,1.6710,-280.2,-286.1,-0.0000,-286.9,-227.9,-0.0750,-192.2,311.9
7.9430,7.9346,8.4,0,7.3,-1418.3,1.6843,20.2,-1410.4,1.6710,-283.6,-282.4,0.0000,-289.4,-222.3,-0.0533,-188.1,312.8
7.9513,7.9429,8.4,0,5.3,-1420.6,1.6810,17.8,-1412.7,1.6710,-287.0,-278.5,0.0000,-293.4,-218.0,-0.0402,-184.4,315.6
7.9588,7.9514,7.4,0,4.2,-1422.5,1.6847,15.4,-1415.1,1.6710,-290.0,-275.6,0.0000,-299.0,-215.0,-0.0546,-179.7,321.5
7.9673,7.9598,7.4,0,1.6,-1424.9,1.6823,12.9,-1417.4,1.6710,-292.9,-272.7,0.0000,-301.4,-211.1,-0.0454,-176.2,323.1
7.9753,7.9685,6.9,0,-0.1,-1426.4,1.6802,10.4,-1419.7,1.6710,-295.9,-269.2,0.0000,-306.0,-209.6,-0.0367,-174.9,327.0
7.9832,7.9768,6.5,0,-1.7,-1428.7,1.6829,7.9,-1421.9,1.6710,-298.9,-265.9,-0.0000,-310.5,-206.0,-0.0478,-169.9,331.6
7.9915,7.9852,6.4,0,-3.1,-1430.3,1.6738,5.4,-1424.2,1.6710,-301.9,-262.7,-0.0000,-316.1,-204.2,-0.0110,-170.6,335.4
7.9991,7.9937,5.4,0,-5.6,-1432.4,1.6812,2.8,-1426.4,1.6710,-304.9,-259.2,-0.0000,-317.5,-200.4,-0.0409,-164.2,337.6
8.0074,8.0023,5.1,0,-7.9,-1434.1,1.6897,0.2,-1428.6,1.6710,-308.1,-254.8,-0.0000,-320.7,-197.7,-0.0748,-158.3,341.9
8.0155,8.0106,4.9,0,-9.4,-1436.2,1.6874,-2.4,-1430.7,1.6710,-311.0,-251.0,-0.0000,-326.7,-193.1,-0.0657,-153.7,346.9
8.0233,8.0190,4.4,0,-11.9,-1437.9,1.6911,-5.0,-1432.8,1.6710,-313.5,-248.4,0.0000,-328.8,-189.9,-0.0803,-149.1,349.2
8.0312,8.0275,3.6,0,-14.4,-1439.2,1.6904,-7.7,-1434.9,1.6710,-316.1,-245.2,-0.0000,-330.6,-188.4,-0.0777,-147.6,350.7
8.0398,8.0359,3.9,0,-16.0,-1440.7,1.7004,-10.4,-1437.0,1.6710,-318.8,-241.9,-0.0000,-336.2,-186.5,-0.1175,-141.5,357.4
8.0477,8.0445,3.3,0,-18.5,-1442.0,1.7014,-13.1,-1439.0,1.6710,-321.5,-238.1,0.0000,-338.2,-185.3,-0.1216,-139.7,359.4
8.0548,8.0445,10.3,0,-18.5,-1442.0,1.7014,-13.1,-1439.0,1.6710,-321.5,-238.1,0.0000,-346.7,-187.1,-0.1216,-140.3,368.1
8.0638,8.0614,2.4,0,-22.5,-1445.6,1.7117,-18.6,-1443.0,1.6710,-327.0,-230.0,-0.0000,-345.8,-177.4,-0.1627,-127.1,367.3
8.0713,8.0614,10.0,0,-22.5,-1445.6,1.7117,-18.6,-1443.0,1.6710,-327.0,-230.0,-0.0000,-355.1,-178.7,-0.1627,-127.1,376.7
8.0794,8.0698,9.5,0,-24.4,-1447.2,1.7219,-21.4,-1444.9,1.6710,-329.8,-226.3,-0.0000,-359.4,-175.3,-0.2036,-119.2,381.7
8.0873,8.0781,9.2,0,-27.3,-1448.1,1.7286,-24.1,-1446.8,1.6710,-332.1,-222.9,0.0000,-360.4,-174.1,-0.2304,-115.3,383.2
8.0954,8.0866,8.7,0,-29.1,-1449.9,1.7301,-26.9,-1448.6,1.6710,-334.4,-219.6,-0.0000,-365.3,-170.6,-0.2365,-110.4,387.7
8.1032,8.0950,8.1,0,-31.0,-1452.0,1.7386,-29.8,-1450.5,1.6710,-336.7,-215.9,-0.0000,-369.3,-165.7,-0.2705,-101.6,391.8
8.1119,8.1035,8.4,0,-33.6,-1453.7,1.7450,-32.6,-1452.3,1.6710,-339.0,-212.3,-0.0000,-371.9,-161.9,-0.2959,-95.0,394.4
8.1192,8.1120,7.3,0,-36.2,-1454.7,1.7430,-35.5,-1454.1,1.6710,-341.9,-207.8,0.0000,-373.3,-159.7,-0.2880,-93.3,395.2
8.1277,8.1204,7.3,0,-38.2,-1456.4,1.7501,-38.4,-1455.8,1.6710,-344.8,-203.3,0.0000,-377.9,-155.1,-0.3163,-85.2,399.5
8.1349,8.1288,6.0,0,-40.9,-1457.3,1.7526,-41.3,-1457.5,1.6710,-346.6,-199.6,0.0000,-378.8,-152.9,-0.3264,-81.9,400.2
8.1431,8.1373,5.8,0,-42.8,-1458.9,1.7599,-44.2,-1459.2,1.6710,-348.7,-195.8,-0.0000,-383.3,-149.6,-0.3556,-74.9,404.6
8.1515,8.1458,5.7,0,-45.3,-1460.5,1.7492,-47.2,-1460.8,1.6710,-350.6,-192.6,-0.0000,-386.1,-145.7,-0.3128,-74.8,405.8
8.1594,8.1542,5.2,0,-48.0,-1461.7,1.7558,-50.2,-1462.4,1.6710,-352.7,-189.1,-0.0000,-387.8,-142.0,-0.3392,-68.3,407.3
8.1669,8.1626,4.3,0,-50.1,-1463.1,1.7501,-53.2,-1464.0,1.6710,-354.8,-184.3,0.0000,-390.7,-138.2,-0.3164,-66.3,409.1
8.1749,8.1711,3.8,0,-53.3,-1464.9,1.7648,-56.2,-1465.5,1.6710,-356.9,-179.9,-0.0000,-390.9,-133.7,-0.3752,-55.8,409.3
8.1832,8.1796,3.6,0,-55.4,-1466.8,1.7571,-59.2,-1467.0,1.6710,-359.0,-175.8,0.0000,-394.9,-128.5,-0.3446,-53.2,411.9
8.1908,8.1796,11.2,0,-55.4,-1466.8,1.7571,-59.2,-1467.0,1.6710,-359.0,-175.8,0.0000,-404.5,-127.7,-0.3446,-50.5,421.2
8.1993,8.1965,2.9,0,-60.2,-1469.2,1.7574,-65.3,-1469.9,1.6710,-363.1,-168.3,0.0000,-400.9,-120.1,-0.3455,-43.7,416.2
8.2072,8.1965,10.7,0,-60.2,-1469.2,1.7574,-65.3,-1469.9,1.6710,-363.1,-168.3,0.0000,-410.9,-120.3,-0.3455,-42.0,426.1
8.2147,8.2133,1.4,0,-65.7,-1473.4,1.7511,-71.5,-1472.7,1.6710,-366.6,-160.2,0.0000,-403.8,-107.5,-0.3203,-33.3,416.6
8.2232,8.2218,1.4,0,-68.8,-1474.2,1.7429,-74.6,-1474.1,1.6710,-368.4,-155.8,0.0000,-405.0,-104.9,-0.2876,-34.0,417.0
8.2311,8.2218,9.3,0,-68.8,-1474.2,1.7429,-74.6,-1474.1,1.6710,-368.4,-155.8,0.0000,-414.8,-104.5,-0.2876,-31.9,426.5
8.2387,8.2302,8.5,0,-70.7,-1475.3,1.7395,-77.7,-1475.3,1.6710,-370.2,-151.1,-0.0000,-418.6,-100.6,-0.2740,-28.8,429.6
8.2471,8.2302,16.8,0,-70.7,-1475.3,1.7395,-77.7,-1475.3,1.6710,-370.2,-151.1,-0.0000,-428.9,-99.7,-0.2740,-26.3,439.6
8.2552,8.2471,8.1,0,-76.1,-1479.5,1.7364,-84.0,-1477.8,1.6710,-373.7,-143.7,-0.0000,-422.3,-85.8,-0.2617,-15.0,430.7
8.2633,8.2471,16.2,0,-76.1,-1479.5,1.7364,-84.0,-1477.8,1.6710,-373.7,-143.7,-0.0000,-432.4,-85.0,-0.2617,-12.6,440.5
8.2711,8.2640,7.0,0,-82.4,-1481.6,1.7274,-90.3,-1480.2,1.6710,-376.6,-134.4,0.0000,-424.1,-78.9,-0.2257,-11.8,431.2
8.2792,8.2640,15.2,0,-82.4,-1481.6,1.7274,-90.3,-1480.2,1.6710,-376.6,-134.4,0.0000,-434.4,-78.1,-0.2257,-9.4,441.3
8.2867,8.2810,5.7,0,-88.2,-1483.7,1.7124,-96.7,-1482.4,1.6710,-379.3,-127.0,-0.0000,-425.4,-70.3,-0.1655,-9.6,431.1
8.2953,8.2894,5.9,0,-90.3,-1485.9,1.7108,-99.9,-1483.5,1.6710,-380.8,-121.9,-0.0000,-429.7,-62.2,-0.1592,-1.7,434.1
8.3031,8.2979,5.2,0,-93.1,-1486.7,1.7151,-103.2,-1484.5,1.6710,-382.3,-117.0,-0.0000,-431.0,-57.5,-0.1764,5.1,434.8
8.3114,8.2979,13.5,0,-93.1,-1486.7,1.7151,-103.2,-1484.5,1.6710,-382.3,-117.0,-0.0000,-441.3,-55.7,-0.1764,8.3,444.8
8.3187,8.3148,3.9,0,-99.9,-1489.8,1.7002,-109.6,-1486.4,1.6710,-385.1,-108.9,-0.0000,-430.6,-45.7,-0.1168,10.2,432.9
8.3277,8.3148,12.9,0,-99.9,-1489.8,1.7002,-109.6,-1486.4,1.6710,-385.1,-108.9,-0.0000,-441.4,-43.8,-0.1168,13.5,443.4
8.3356,8.3317,3.8,0,-105.5,-1492.2,1.6859,-116.2,-1488.1,1.6710,-387.2,-100.4,0.0000,-434.0,-35.0,-0.0595,15.1,435.1
8.3428,8.3317,11.1,0,-105.5,-1492.2,1.6859,-116.2,-1488.1,1.6710,-387.2,-100.4,0.0000,-442.8,-33.3,-0.0595,17.8,443.7
8.3513,8.3486,2.7,0,-111.6,-1493.9,1.6818,-122.7,-1489.8,1.6710,-389.3,-91.3,0.0000,-434.9,-25.9,-0.0431,22.4,435.1
8.3597,8.3486,11.2,0,-111.6,-1493.9,1.6818,-122.7,-1489.8,1.6710,-389.3,-91.3,0.0000,-445.1,-23.5,-0.0431,25.9,444.9
8.3670,8.3655,1.6,0,-117.5,-1496.5,1.6707,-129.3,-1491.2,1.6710,-391.1,-82.4,0.0000,-435.8,-13.6,0.0010,30.0,435.0
8.3756,8.3655,10.1,0,-117.5,-1496.5,1.6707,-129.3,-1491.2,1.6710,-391.1,-82.4,0.0000,-446.1,-11.1,0.0010,33.5,444.9
8.3838,8.3823,1.5,0,-123.9,-1498.3,1.6701,-135.9,-1492.6,1.6710,-393.4,-74.5,-0.0000,-437.3,-3.3,0.0036,40.0,435.5
8.3915,8.3823,9.1,0,-123.9,-1498.3,1.6701,-135.9,-1492.6,1.6710,-393.4,-74.5,-0.0000,-446.6,-1.1,0.0036,43.2,444.5
8.3999,8.3908,9.1,0,-128.1,-1499.1,1.6724,-139.3,-1493.2,1.6710,-393.6,-69.9,-0.0000,-443.9,3.7,-0.0055,48.7,441.2
8.4077,8.3993,8.4,0,-130.7,-1499.6,1.6695,-142.6,-1493.7,1.6710,-394.5,-64.9,0.0000,-445.4,7.8,0.0059,51.7,442.5
8.4151,8.4077,7.4,0,-134.4,-1500.9,1.6759,-145.9,-1494.3,1.6710,-395.4,-59.9,0.0000,-443.3,15.1,-0.0197,61.5,439.3
8.4230,8.4162,6.8,0,-137.7,-1501.0,1.6779,-149.3,-1494.8,1.6710,-396.1,-55.8,0.0000,-442.9,18.7,-0.0276,65.9,438.4
8.4317,8.4246,7.2,0,-141.3,-1501.4,1.6717,-152.6,-1495.2,1.6710,-396.9,-51.5,-0.0000,-443.1,23.5,-0.0028,68.0,438.5
8.4395,8.4330,6.5,0,-144.3,-1501.9,1.6738,-156.0,-1495.6,1.6710,-397.3,-47.3,-0.0000,-443.0,28.0,-0.0111,73.4,437.8
8.4476,8.4415,6.0,0,-147.9,-1503.3,1.6800,-159.4,-1496.0,1.6710,-397.7,-43.0,-0.0000,-440.7,34.5,-0.0360,82.3,434.4
8.4549,8.4500,4.9,0,-150.9,-1503.2,1.6794,-162.7,-1496.3,1.6710,-398.2,-38.3,-0.0000,-440.4,37.2,-0.0334,84.7,433.7
8.4633,8.4584,4.9,0,-155.3,-1503.6,1.6803,-166.1,-1496.7,1.6710,-398.6,-33.7,0.0000,-437.7,42.3,-0.0374,89.9,430.5
8.4719,8.4670,4.9,0,-157.7,-1504.2,1.6862,-169.5,-1496.9,1.6710,-398.6,-28.9,0.0000,-440.5,48.0,-0.0608,98.4,432.1
8.4793,8.4753,4.0,0,-162.0,-1504.1,1.6862,-172.8,-1497.1,1.6710,-398.8,-24.5,0.0000,-435.8,51.6,-0.0609,101.5,427.0
8.4877,8.4838,4.0,0,-165.1,-1504.5,1.6875,-176.2,-1497.3,1.6710,-399.4,-20.3,-0.0000,-436.5,56.8,-0.0660,107.2,426.9
8.4955,8.4838,11.7,0,-165.1,-1504.5,1.6875,-176.2,-1497.3,1.6710,-399.4,-20.3,-0.0000,-445.7,60.3,-0.0660,111.8,435.7
8.5037,8.5010,2.8,0,-171.8,-1504.7,1.6869,-183.1,-1497.6,1.6710,-399.7,-11.8,0.0000,-435.2,64.8,-0.0634,114.8,424.7
8.5108,8.5091,1.7,0,-175.8,-1504.8,1.6922,-186.3,-1497.7,1.6710,-399.8,-7.2,0.0000,-430.9,68.4,-0.0847,120.1,419.5
8.5196,8.5175,2.0,0,-179.0,-1505.3,1.6858,-189.7,-1497.7,1.6710,-400.0,-2.0,-0.0000,-431.2,74.5,-0.0591,123.4,419.8
8.5271,8.5175,9.6,0,-179.0,-1505.3,1.6858,-189.7,-1497.7,1.6710,-400.0,-2.0,-0.0000,-439.3,78.9,-0.0591,128.8,427.4
8.5351,8.5260,9.1,0,-182.9,-1504.4,1.6882,-193.1,-1497.7,1.6710,-400.2,2.7,0.0000,-436.7,80.8,-0.0688,131.4,424.2
8.5440,8.5348,9.2,0,-185.4,-1504.7,1.7000,-196.6,-1497.7,1.6710,-400.5,7.6,0.0000,-439.2,86.2,-0.1161,142.1,424.5
8.5508,8.5429,7.9,0,-189.9,-1504.8,1.6922,-199.9,-1497.6,1.6710,-399.9,11.5,-0.0000,-433.5,90.5,-0.0848,142.3,419.4
8.5592,8.5514,7.9,0,-192.8,-1504.4,1.6936,-203.2,-1497.5,1.6710,-399.1,15.3,-0.0000,-433.7,94.2,-0.0904,146.6,418.9
8.5671,8.5598,7.3,0,-197.0,-1504.6,1.6941,-206.6,-1497.3,1.6710,-399.3,20.0,-0.0000,-429.8,99.4,-0.0924,151.5,414.3
8.5756,8.5684,7.2,0,-199.4,-1503.6,1.7048,-210.0,-1497.1,1.6710,-399.6,24.8,-0.0000,-432.5,100.6,-0.1352,157.5,415.2
8.5829,8.5767,6.2,0,-203.1,-1502.6,1.7109,-213.3,-1496.9,1.6710,-398.9,29.4,0.0000,-429.5,102.3,-0.1594,161.3,411.0
8.5909,8.5852,5.8,0,-207.3,-1501.6,1.7066,-216.7,-1496.7,1.6710,-398.4,34.1,-0.0000,-424.6,105.7,-0.1423,162.2,406.4
8.5994,8.5936,5.8,0,-210.3,-1501.6,1.7026,-220.1,-1496.3,1.6710,-398.3,38.3,-0.0000,-424.6,111.1,-0.1264,165.9,406.4
8.6073,8.6021,5.2,0,-214.0,-1501.1,1.7046,-223.5,-1496.0,1.6710,-398.0,42.7,0.0000,-422.7,113.6,-0.1345,169.0,403.8
8.6157,8.6105,5.1,0,-217.4,-1500.8,1.7041,-226.8,-1495.6,1.6710,-397.4,47.0,-0.0000,-421.6,117.8,-0.1323,172.8,402.2
8.6234,8.6190,4.4,0,-220.9,-1499.6,1.6954,-230.2,-1495.2,1.6710,-396.8,51.5,-0.0000,-418.3,119.7,-0.0976,170.8,400.2
8.6316,8.6275,4.2,0,-224.5,-1499.2,1.6938,-233.5,-1494.7,1.6710,-395.7,56.4,0.0000,-416.2,124.2,-0.0913,174.3,397.8
8.6399,8.6360,3.9,0,-227.4,-1497.9,1.6931,-236.9,-1494.2,1.6710,-395.0,61.0,0.0000,-416.8,126.8,-0.0886,176.7,398.2
8.6476,8.6443,3.3,0,-231.3,-1496.3,1.6912,-240.2,-1493.7,1.6710,-394.7,65.2,-0.0000,-413.1,127.7,-0.0809,176.4,394.8
8.6547,8.6527,2.0,0,-235.4,-1495.7,1.6849,-243.5,-1493.2,1.6710,-393.9,69.6,-0.0000,-407.2,130.6,-0.0556,176.1,389.7
8.6638,8.6612,2.6,0,-238.1,-1494.5,1.6919,-246.8,-1492.5,1.6710,-392.8,74.1,-0.0000,-407.9,133.5,-0.0837,181.8,388.7
8.6713,8.6698,1.5,0,-242.0,-1492.5,1.6819,-250.2,-1491.9,1.6710,-392.2,78.3,-0.0000,-404.7,132.9,-0.0436,176.9,387.5
8.6797,8.6781,1.6,0,-245.2,-1492.1,1.6727,-253.5,-1491.2,1.6710,-391.9,81.9,-0.0000,-403.8,137.7,-0.0070,178.1,387.7
8.6872,8.6781,9.1,0,-245.2,-1492.1,1.6727,-253.5,-1491.2,1.6710,-391.9,81.9,-0.0000,-410.5,143.2,-0.0070,184.3,393.8
8.6951,8.6866,8.6,0,-249.4,-1490.6,1.6801,-256.8,-1490.5,1.6710,-390.5,86.9,-0.0000,-405.6,144.9,-0.0365,188.2,387.3
8.7028,8.6950,7.7,0,-252.0,-1489.3,1.6841,-260.1,-1489.8,1.6710,-388.7,92.6,-0.0000,-405.3,147.3,-0.0524,192.2,386.0
8.7115,8.7036,7.9,0,-256.7,-1487.4,1.6836,-263.4,-1488.9,1.6710,-388.1,96.2,-0.0000,-400.0,148.7,-0.0502,192.7,380.7
8.7187,8.7119,6.8,0,-259.3,-1485.8,1.6696,-266.6,-1488.1,1.6710,-387.8,99.6,0.0000,-399.1,149.7,0.0056,188.3,382.3
8.7268,8.7204,6.4,0,-263.8,-1485.1,1.6703,-269.9,-1487.3,1.6710,-386.0,104.3,0.0000,-393.5,154.0,0.0028,192.3,376.3
8.7347,8.7288,5.9,0,-267.0,-1483.0,1.6707,-273.2,-1486.4,1.6710,-384.4,108.7,-0.0000,-391.0,153.7,0.0013,191.9,373.7
8.7437,8.7374,6.4,0,-271.0,-1481.9,1.6746,-276.4,-1485.4,1.6710,-383.8,113.6,0.0000,-387.4,157.7,-0.0146,197.0,368.9
8.7514,8.7457,5.7,0,-274.1,-1479.7,1.6710,-279.6,-1484.5,1.6710,-383.0,118.3,0.0000,-385.3,157.8,-0.0001,195.6,367.6
8.7591,8.7541,5.0,0,-277.9,-1478.8,1.6659,-282.9,-1483.4,1.6710,-380.5,122.3,0.0000,-380.6,161.6,0.0204,197.0,363.6
8.7678,8.7626,5.2,0,-281.5,-1476.7,1.6734,-286.1,-1482.4,1.6710,-378.8,126.5,-0.0000,-377.2,163.2,-0.0095,201.0,358.6
8.7748,8.7711,3.7,0,-284.7,-1475.6,1.6740,-289.3,-1481.3,1.6710,-378.5,130.5,-0.0000,-374.0,166.1,-0.0122,203.8,354.9
8.7832,8.7795,3.7,0,-287.8,-1473.4,1.6773,-292.5,-1480.2,1.6710,-377.2,134.6,0.0000,-372.8,167.1,-0.0251,205.7,353.0
8.7913,8.7879,3.3,0,-291.8,-1472.2,1.6752,-295.6,-1479.0,1.6710,-374.9,138.7,-0.0000,-368.4,170.4,-0.0167,207.9,348.6
8.7995,8.7964,3.1,0,-296.2,-1470.2,1.6756,-298.8,-1477.8,1.6710,-373.2,143.0,-0.0000,-361.9,170.5,-0.0186,207.5,342.1
8.8071,8.8049,2.1,0,-299.2,-1468.3,1.6839,-302.0,-1476.6,1.6710,-371.7,147.7,-0.0000,-359.2,171.6,-0.0515,211.0,337.6
8.8150,8.8134,1.6,0,-303.4,-1467.2,1.6896,-305.1,-1475.3,1.6710,-370.2,152.0,0.0000,-352.8,177.1,-0.0743,217.7,329.3
8.8236,8.8134,10.2,0,-303.4,-1467.2,1.6896,-305.1,-1475.3,1.6710,-370.2,152.0,0.0000,-359.9,185.6,-0.0743,227.0,335.3
8.8307,8.8217,9.0,0,-305.5,-1466.0,1.6905,-308.2,-1474.0,1.6710,-368.7,156.1,0.0000,-359.6,188.1,-0.0782,229.7,334.6
8.8398,8.8302,9.6,0,-310.0,-1463.7,1.6815,-311.3,-1472.7,1.6710,-366.8,160.0,-0.0000,-353.6,189.5,-0.0418,227.4,330.5
8.8478,8.8386,9.3,0,-312.5,-1461.8,1.6919,-314.4,-1471.3,1.6710,-364.8,163.6,-0.0000,-353.6,191.1,-0.0837,232.4,327.9
8.8557,8.8471,8.6,0,-316.5,-1459.7,1.6954,-317.5,-1469.9,1.6710,-362.9,167.8,-0.0000,-347.8,192.0,-0.0975,233.7,321.2
8.8631,8.8471,16.0,0,-316.5,-1459.7,1.6954,-317.5,-1469.9,1.6710,-362.9,167.8,-0.0000,-352.8,198.9,-0.0975,241.2,325.4
8.8717,8.8640,7.7,0,-324.1,-1457.0,1.6906,-323.6,-1467.0,1.6710,-358.8,176.2,-0.0000,-336.3,199.4,-0.0784,238.2,310.1
8.8794,8.8640,15.4,0,-324.1,-1457.0,1.6906,-323.6,-1467.0,1.6710,-358.8,176.2,-0.0000,-342.3,207.9,-0.0784,247.3,315.0
8.8868,8.8809,5.8,0,-330.6,-1452.9,1.6962,-329.6,-1464.0,1.6710,-355.1,184.7,0.0000,-328.6,203.1,-0.1008,242.6,300.6
8.8952,8.8809,14.3,0,-330.6,-1452.9,1.6962,-329.6,-1464.0,1.6710,-355.1,184.7,0.0000,-335.4,211.3,-0.1008,251.6,306.3
8.9029,8.8978,5.1,0,-337.4,-1448.5,1.7060,-335.6,-1460.8,1.6710,-351.0,191.5,-0.0000,-321.1,205.8,-0.1401,247.2,290.4
8.9112,8.9062,5.0,0,-340.4,-1447.5,1.7008,-338.5,-1459.2,1.6710,-348.7,194.9,-0.0000,-317.9,210.4,-0.1190,249.8,287.9
8.9188,8.9147,4.1,0,-344.0,-1445.3,1.7011,-341.5,-1457.5,1.6710,-346.1,200.7,-0.0000,-312.5,211.4,-0.1202,250.2,282.4
8.9274,8.9147,12.7,0,-344.0,-1445.3,1.7011,-341.5,-1457.5,1.6710,-346.1,200.7,-0.0000,-317.7,220.5,-0.1202,259.9,286.3
8.9352,8.9316,3.6,0,-351.0,-1441.4,1.7083,-347.3,-1454.0,1.6710,-341.3,208.3,-0.0000,-302.4,217.4,-0.1492,256.8,269.8
8.9436,8.9316,12.0,0,-351.0,-1441.4,1.7083,-347.3,-1454.0,1.6710,-341.3,208.3,-0.0000,-308.1,226.8,-0.1492,266.9,274.1
8.9514,8.9485,2.8,0,-357.5,-1436.6,1.6822,-353.0,-1450.4,1.6710,-337.6,215.3,0.0000,-294.0,220.7,-0.0446,252.0,267.7
8.9590,8.9485,10.5,0,-357.5,-1436.6,1.6822,-353.0,-1450.4,1.6710,-337.6,215.3,0.0000,-298.8,228.0,-0.0446,259.8,271.7
8.9668,8.9654,1.4,0,-363.3,-1432.2,1.6826,-358.7,-1446.8,1.6710,-331.7,222.3,-0.0000,-286.3,222.6,-0.0465,253.2,259.7
8.9753,8.9654,9.9,0,-363.3,-1432.2,1.6826,-358.7,-1446.8,1.6710,-331.7,222.3,-0.0000,-291.7,231.6,-0.0465,262.7,264.0
8.9833,8.9823,1.0,0,-369.4,-1427.9,1.6965,-364.2,-1442.9,1.6710,-326.5,231.0,0.0000,-278.6,227.7,-0.1020,260.9,247.9
8.9911,8.9823,8.8,0,-369.4,-1427.9,1.6965,-364.2,-1442.9,1.6710,-326.5,231.0,0.0000,-283.6,236.8,-0.1020,270.4,251.7
8.9989,8.9823,16.6,0,-369.4,-1427.9,1.6965,-364.2,-1442.9,1.6710,-326.5,231.0,0.0000,-288.3,245.5,-0.1020,279.7,255.3
9.0070,8.9992,7.8,0,-375.9,-1423.0,1.6834,-369.7,-1439.0,1.6710,-322.0,238.1,-0.0000,-273.4,239.1,-0.0494,268.3,244.8
9.0148,9.0077,7.1,0,-378.9,-1420.4,1.6797,-372.4,-1436.9,1.6710,-319.3,241.4,-0.0000,-268.7,239.7,-0.0348,267.5,241.0
9.0234,9.0161,7.3,0,-381.4,-1418.4,1.6746,-375.1,-1434.9,1.6710,-316.8,244.5,-0.0000,-266.4,243.1,-0.0145,269.4,239.8
9.0317,9.0161,15.6,0,-381.4,-1418.4,1.6746,-375.1,-1434.9,1.6710,-316.8,244.5,-0.0000,-271.0,252.3,-0.0145,279.1,243.4
9.0388,9.0330,5.8,0,-386.9,-1413.7,1.6705,-380.4,-1430.7,1.6710,-310.0,251.8,-0.0000,-257.9,246.8,0.0018,271.2,232.1
9.0471,9.0414,5.7,0,-390.2,-1411.3,1.6794,-383.0,-1428.5,1.6710,-307.6,256.0,-0.0000,-252.0,249.1,-0.0336,274.9,223.5
9.0555,9.0499,5.6,0,-393.1,-1408.9,1.6724,-385.6,-1426.4,1.6710,-305.0,259.8,-0.0000,-247.8,251.9,-0.0055,275.8,221.0
9.0636,9.0584,5.3,0,-395.6,-1406.2,1.6783,-388.2,-1424.1,1.6710,-301.8,262.4,-0.0000,-244.5,253.2,-0.0290,277.9,216.0
9.0720,9.0668,5.2,0,-398.6,-1404.3,1.6647,-390.7,-1421.9,1.6710,-298.8,265.4,-0.0000,-239.9,255.8,0.0250,277.2,214.8
9.0791,9.0752,3.9,0,-400.6,-1401.6,1.6611,-393.2,-1419.7,1.6710,-295.9,268.7,0.0000,-237.5,255.7,0.0395,276.1,213.5
9.0868,9.0837,3.1,0,-403.4,-1399.4,1.6678,-395.7,-1417.4,1.6710,-292.9,272.2,0.0000,-233.0,258.1,0.0127,279.4,206.9
9.0948,9.0922,2.7,0,-406.2,-1397.5,1.6672,-398.2,-1415.1,1.6710,-290.0,276.1,-0.0000,-228.1,262.0,0.0153,282.7,201.9
9.1039,9.1006,3.3,0,-408.3,-1394.5,1.6687,-400.6,-1412.7,1.6710,-286.9,279.3,-0.0000,-225.2,264.6,0.0090,285.3,198.2
9.1108,9.1006,10.2,0,-408.3,-1394.5,1.6687,-400.6,-1412.7,1.6710,-286.9,279.3,-0.0000,-227.9,272.8,0.0090,293.8,200.1
9.1189,9.1175,1.4,0,-413.2,-1390.4,1.6689,-405.4,-1407.9,1.6710,-280.2,285.1,-0.0000,-216.3,268.8,0.0083,288.7,188.9
9.1276,9.1259,1.7,0,-415.5,-1388.3,1.6796,-407.8,-1405.5,1.6710,-277.5,287.9,0.0000,-213.2,272.4,-0.0345,293.9,182.4
9.1355,9.1259,9.5,0,-415.5,-1388.3,1.6796,-407.8,-1405.5,1.6710,-277.5,287.9,0.0000,-217.4,282.4,-0.0345,304.3,185.5
9.1428,9.1344,8.4,0,-418.3,-1385.8,1.6795,-410.1,-1403.1,1.6710,-273.9,291.3,-0.0000,-211.8,283.8,-0.0340,305.1,179.8
9.1519,9.1428,9.0,0,-419.8,-1384.0,1.6731,-412.4,-1400.6,1.6710,-270.0,294.7,0.0000,-210.1,288.9,-0.0086,308.9,179.5
9.1589,9.1513,7.6,0,-422.5,-1381.1,1.6894,-414.7,-1398.1,1.6710,-266.7,298.0,0.0000,-204.2,288.7,-0.0734,310.8,168.6
9.1678,9.1597,8.0,0,-424.3,-1379.2,1.6851,-416.9,-1395.6,1.6710,-263.4,301.6,0.0000,-201.5,294.0,-0.0565,315.0,166.6
9.1759,9.1682,7.6,0,-426.3,-1376.6,1.6834,-419.1,-1393.0,1.6710,-260.4,303.6,-0.0000,-197.9,296.0,-0.0498,316.4,163.4
9.1830,9.1768,6.2,0,-427.7,-1375.0,1.6871,-421.3,-1390.4,1.6710,-257.3,305.9,-0.0000,-196.7,299.2,-0.0643,320.0,160.7
9.1911,9.1851,6.0,0,-430.3,-1372.8,1.6931,-423.5,-1387.8,1.6710,-254.0,308.9,-0.0000,-191.5,302.1,-0.0882,323.2,153.2
9.1992,9.1936,5.7,0,-431.8,-1370.5,1.6849,-425.6,-1385.2,1.6710,-250.6,311.9,-0.0000,-189.5,305.3,-0.0554,324.9,153.6
9.2072,9.2020,5.2,0,-433.4,-1368.0,1.6822,-427.7,-1382.6,1.6710,-246.4,315.7,-0.0000,-187.0,307.4,-0.0450,326.3,151.6
9.2155,9.2105,5.0,0,-434.5,-1365.5,1.6785,-429.8,-1379.9,1.6710,-242.5,318.9,-0.0000,-185.5,310.2,-0.0299,328.4,151.1
9.2239,9.2189,4.9,0,-436.9,-1364.0,1.6842,-431.8,-1377.2,1.6710,-238.6,320.3,-0.0000,-180.4,316.2,-0.0529,334.6,143.5
9.2308,9.2274,3.4,0,-438.9,-1361.6,1.6926,-433.8,-1374.5,1.6710,-235.1,322.6,-0.0000,-175.8,317.9,-0.0863,336.9,135.9
9.2391,9.2274,11.8,0,-438.9,-1361.6,1.6926,-433.8,-1374.5,1.6710,-235.1,322.6,-0.0000,-177.7,328.1,-0.0863,347.3,136.5
9.2471,9.2444,2.7,0,-441.3,-1357.4,1.6833,-437.7,-1368.9,1.6710,-229.0,328.7,0.0000,-172.8,324.7,-0.0493,342.0,135.2
9.2549,9.2527,2.2,0,-443.3,-1354.8,1.7006,-439.6,-1366.2,1.6710,-224.6,330.8,-0.0000,-168.2,326.4,-0.1183,345.4,124.5
9.2629,9.2611,1.7,0,-444.2,-1352.7,1.6992,-441.5,-1363.4,1.6710,-220.6,333.4,-0.0000,-166.9,330.1,-0.1127,348.8,123.3
9.2715,9.2611,10.4,0,-444.2,-1352.7,1.6992,-441.5,-1363.4,1.6710,-220.6,333.4,-0.0000,-168.3,340.9,-0.1127,359.6,123.2
9.2790,9.2611,17.9,0,-444.2,-1352.7,1.6992,-441.5,-1363.4,1.6710,-220.6,333.4,-0.0000,-168.8,350.0,-0.1127,368.7,122.6
9.2868,9.2780,8.8,0,-447.1,-1347.5,1.7021,-445.2,-1357.7,1.6710,-212.9,338.6,0.0000,-161.3,343.9,-0.1243,362.0,114.9
9.2955,9.2865,9.0,0,-447.5,-1345.8,1.6921,-447.0,-1354.8,1.6710,-209.6,340.4,-0.0000,-161.9,349.4,-0.0846,366.4,118.4
9.3033,9.2949,8.3,0,-448.7,-1343.5,1.6868,-448.7,-1351.9,1.6710,-205.8,342.7,-0.0000,-159.2,352.2,-0.0632,368.3,117.4
9.3111,9.3037,7.4,0,-450.9,-1340.8,1.7103,-450.5,-1348.9,1.6710,-202.0,345.2,0.0000,-153.9,355.3,-0.1570,373.2,103.0
9.3191,9.3118,7.3,0,-451.9,-1339.2,1.7075,-452.1,-1346.1,1.6710,-198.0,347.5,0.0000,-151.4,359.5,-0.1462,376.7,101.0
9.3273,9.3203,7.0,0,-452.6,-1336.9,1.7044,-453.8,-1343.1,1.6710,-194.0,349.9,-0.0000,-148.5,358.5,-0.1337,375.0,99.4
9.3359,9.3287,7.2,0,-453.4,-1334.9,1.7101,-455.4,-1340.2,1.6710,-189.9,352.4,-0.0000,-144.6,357.4,-0.1563,374.0,93.5
9.3431,9.3374,5.7,0,-454.3,-1332.5,1.7092,-457.0,-1337.1,1.6710,-185.7,354.9,0.0000,-139.5,351.7,-0.1529,367.6,89.6
9.3513,9.3457,5.6,0,-455.3,-1330.6,1.7131,-458.5,-1334.2,1.6710,-182.1,356.3,0.0000,-134.4,348.4,-0.1683,363.9,83.6
9.3594,9.3541,5.3,0,-457.6,-1326.9,1.7177,-460.1,-1331.2,1.6710,-178.2,358.0,0.0000,-126.0,339.6,-0.1868,354.4,74.9
9.3667,9.3626,4.1,0,-458.2,-1324.5,1.7157,-461.6,-1328.1,1.6710,-174.1,360.3,-0.0000,-122.6,334.4,-0.1787,348.6,73.1
9.3754,9.3710,4.4,0,-459.0,-1322.3,1.7026,-463.0,-1325.1,1.6710,-169.9,362.3,0.0000,-118.2,329.5,-0.1265,342.2,73.9
9.3830,9.3795,3.5,0,-460.0,-1320.2,1.7156,-464.4,-1322.0,1.6710,-165.1,364.0,0.0000,-114.0,325.0,-0.1783,338.1,65.9
9.3909,9.3877,3.2,0,-460.6,-1317.5,1.7101,-465.8,-1319.0,1.6710,-161.1,365.7,-0.0000,-111.5,319.5,-0.1562,331.9,66.1
9.3996,9.3961,3.4,0,-461.4,-1314.0,1.7203,-467.1,-1315.9,1.6710,-157.6,367.3,0.0000,-108.0,311.3,-0.1974,324.0,60.4
9.4079,9.4046,3.3,0,-462.2,-1312.5,1.7236,-468.4,-1312.8,1.6710,-153.6,369.2,-0.0000,-103.9,307.9,-0.2105,320.1,55.8
9.4148,9.4130,1.9,0,-463.0,-1309.0,1.7073,-469.7,-1309.7,1.6710,-149.9,372.7,-0.0000,-100.5,298.9,-0.1454,309.8,58.8
9.4233,9.4130,10.3,0,-463.0,-1309.0,1.7073,-469.7,-1309.7,1.6710,-149.9,372.7,-0.0000,-99.5,301.5,-0.1454,312.3,57.6
9.4318,9.4299,1.9,0,-464.6,-1304.0,1.7068,-472.1,-1303.4,1.6710,-139.3,369.3,-0.0000,-93.7,288.7,-0.1433,298.7,53.6
9.4395,9.4299,9.6,0,-464.6,-1304.0,1.7068,-472.1,-1303.4,1.6710,-139.3,369.3,-0.0000,-93.2,289.6,-0.1433,299.6,53.1
9.4469,9.4299,17.0,0,-464.6,-1304.0,1.7068,-472.1,-1303.4,1.6710,-139.3,369.3,-0.0000,-92.4,290.8,-0.1433,300.6,52.2
9.4552,9.4468,8.4,0,-465.9,-1298.1,1.7160,-474.4,-1297.3,1.6710,-125.1,356.6,-0.0000,-87.6,274.9,-0.1801,284.7,46.9
9.4637,9.4552,8.5,0,-466.5,-1295.8,1.7093,-475.4,-1294.3,1.6710,-118.9,349.9,-0.0000,-84.8,268.7,-0.1534,277.8,46.9
9.4717,9.4637,8.0,0,-466.9,-1292.3,1.7085,-476.4,-1291.4,1.6710,-112.5,343.4,0.0000,-83.7,258.0,-0.1498,267.1,47.5
9.4788,9.4637,15.1,0,-466.9,-1292.3,1.7085,-476.4,-1291.4,1.6710,-112.5,343.4,0.0000,-83.2,258.3,-0.1498,267.3,47.0
9.4875,9.4806,6.9,0,-468.9,-1286.6,1.7153,-478.2,-1285.7,1.6710,-100.3,328.5,0.0000,-76.0,242.4,-0.1771,250.8,40.3
9.4955,9.4806,14.9,0,-468.9,-1286.6,1.7153,-478.2,-1285.7,1.6710,-100.3,328.5,0.0000,-75.0,242.7,-0.1771,251.0,39.3
9.5028,9.4975,5.3,0,-470.6,-1280.7,1.7077,-479.8,-1280.2,1.6710,-90.6,315.1,0.0000,-70.0,228.9,-0.1470,236.3,38.1
9.5119,9.4975,14.4,0,-470.6,-1280.7,1.7077,-479.8,-1280.2,1.6710,-90.6,315.1,0.0000,-67.7,224.6,-0.1470,231.7,36.4
9.5192,9.5145,4.6,0,-471.6,-1275.8,1.7016,-481.3,-1275.0,1.6710,-79.6,299.2,0.0000,-65.4,210.1,-0.1224,216.9,37.4
9.5277,9.5228,4.9,0,-472.1,-1273.1,1.7124,-481.9,-1272.6,1.6710,-75.0,292.5,0.0000,-63.3,199.9,-0.1655,206.8,34.4
9.5356,9.5313,4.4,0,-472.7,-1271.5,1.7028,-482.5,-1270.1,1.6710,-70.5,285.1,-0.0000,-60.5,194.6,-0.1271,200.8,34.4
9.5438,9.5313,12.5,0,-472.7,-1271.5,1.7028,-482.5,-1270.1,1.6710,-70.5,285.1,-0.0000,-59.7,193.6,-0.1271,199.7,33.7
9.5515,9.5482,3.3,0,-473.8,-1265.8,1.7062,-483.6,-1265.4,1.6710,-62.5,269.2,0.0000,-56.4,178.6,-0.1406,184.6,31.7
9.5590,9.5482,10.8,0,-473.8,-1265.8,1.7062,-483.6,-1265.4,1.6710,-62.5,269.2,0.0000,-55.1,174.1,-0.1406,179.9,31.1
9.5679,9.5651,2.9,0,-474.9,-1261.5,1.6853,-484.6,-1261.0,1.6710,-54.7,253.9,-0.0000,-52.0,158.8,-0.0574,163.7,33.5
9.5751,9.5651,10.0,0,-474.9,-1261.5,1.6853,-484.6,-1261.0,1.6710,-54.7,253.9,-0.0000,-51.7,156.9,-0.0574,161.8,33.4
9.5834,9.5820,1.4,0,-475.7,-1257.0,1.6854,-485.5,-1256.9,1.6710,-48.4,237.5,-0.0000,-48.6,141.0,-0.0576,145.6,32.2
9.5910,9.5820,9.1,0,-475.7,-1257.0,1.6854,-485.5,-1256.9,1.6710,-48.4,237.5,-0.0000,-48.0,138.8,-0.0576,143.4,31.8
9.5997,9.5820,17.7,0,-475.7,-1257.0,1.6854,-485.5,-1256.9,1.6710,-48.4,237.5,-0.0000,-47.0,136.5,-0.0576,141.0,31.1
9.6069,9.5989,8.0,0,-477.4,-1252.2,1.6972,-486.3,-1253.0,1.6710,-41.5,222.2,0.0000,-42.5,122.7,-0.1049,127.1,26.7
9.6156,9.5989,16.8,0,-477.4,-1252.2,1.6972,-486.3,-1253.0,1.6710,-41.5,222.2,0.0000,-42.3,116.9,-0.1049,121.3,27.2
9.6229,9.6158,7.1,0,-478.4,-1248.4,1.6746,-486.9,-1249.3,1.6710,-35.8,205.8,-0.0000,-38.8,102.9,-0.0145,106.4,28.0
9.6318,9.6243,7.5,0,-478.4,-1247.4,1.6761,-487.2,-1247.6,1.6710,-33.7,197.3,0.0000,-37.4,96.1,-0.0202,99.5,27.1
9.6395,9.6327,6.8,0,-479.0,-1245.0,1.6668,-487.5,-1246.0,1.6710,-31.2,189.4,-0.0000,-34.7,85.6,0.0169,88.5,26.4
9.6476,9.6412,6.5,0,-478.9,-1243.9,1.6778,-487.7,-1244.4,1.6710,-28.7,181.3,-0.0000,-35.4,78.1,-0.0272,81.5,26.8
9.6549,9.6496,5.3,0,-479.1,-1242.8,1.6780,-487.9,-1242.9,1.6710,-26.1,173.3,-0.0000,-34.6,71.5,-0.0281,74.8,26.8
9.6636,9.6580,5.6,0,-479.4,-1241.1,1.6738,-488.2,-1241.5,1.6710,-23.7,165.3,0.0000,-33.5,62.3,-0.0110,65.4,26.9
9.6709,9.6665,4.4,0,-479.7,-1240.1,1.6743,-488.4,-1240.2,1.6710,-22.5,156.6,0.0000,-32.3,55.5,-0.0133,58.5,26.4
9.6798,9.6749,4.9,0,-479.7,-1239.3,1.6706,-488.5,-1238.9,1.6710,-20.9,148.2,-0.0000,-32.1,48.0,0.0016,51.0,27.2
9.6870,9.6834,3.6,0,-480.0,-1238.2,1.6649,-488.7,-1237.7,1.6710,-19.0,139.7,-0.0000,-30.7,40.6,0.0243,43.3,26.8
9.6949,9.6918,3.1,0,-479.9,-1237.5,1.6612,-488.9,-1236.5,1.6710,-17.2,131.4,-0.0000,-30.0,33.4,0.0392,36.0,26.8
9.7033,9.7003,3.0,0,-480.0,-1236.5,1.6606,-489.0,-1235.4,1.6710,-15.1,123.4,0.0000,-29.1,25.2,0.0418,27.7,26.7
9.7119,9.7087,3.2,0,-480.1,-1235.8,1.6616,-489.1,-1234.4,1.6710,-13.8,115.2,0.0000,-28.3,15.7,0.0375,18.2,26.8
9.7192,9.7087,10.5,0,-480.1,-1235.8,1.6616,-489.1,-1234.4,1.6710,-13.8,115.2,0.0000,-28.2,13.8,0.0375,16.3,26.8
9.7273,9.7256,1.7,0,-479.9,-1235.9,1.6712,-489.3,-1232.6,1.6710,-12.0,98.7,-0.0000,-28.4,10.4,-0.0009,13.2,27.2
9.7351,9.7256,9.5,0,-479.9,-1235.9,1.6712,-489.3,-1232.6,1.6710,-12.0,98.7,-0.0000,-28.7,12.6,-0.0009,15.4,27.3
9.7434,9.7341,9.3,0,-479.9,-1235.2,1.6624,-489.4,-1231.8,1.6710,-9.6,90.2,0.0000,-28.9,12.6,0.0344,15.2,27.7
9.7508,9.7425,8.3,0,-480.1,-1235.5,1.6631,-489.5,-1231.1,1.6710,-8.7,81.7,0.0000,-28.3,15.0,0.0316,17.6,26.8
9.7589,9.7510,7.9,0,-479.8,-1235.1,1.6670,-489.6,-1230.4,1.6710,-8.0,73.0,-0.0000,-29.7,15.6,0.0160,18.4,28.0
9.7669,9.7594,7.5,0,-479.9,-1235.6,1.6645,-489.6,-1229.9,1.6710,-7.1,64.8,-0.0000,-29.4,18.7,0.0261,21.4,27.5
9.7754,9.7679,7.5,0,-480.1,-1236.2,1.6648,-489.7,-1229.3,1.6710,-6.3,56.7,-0.0000,-28.9,21.7,0.0247,24.3,26.8
9.7838,9.7763,7.5,0,-480.2,-1236.4,1.6669,-489.7,-1228.9,1.6710,-5.5,48.1,-0.0000,-28.7,23.6,0.0163,26.2,26.4
9.7912,9.7848,6.4,0,-480.1,-1237.1,1.6654,-489.8,-1228.5,1.6710,-4.7,39.6,-0.0000,-29.0,26.4,0.0222,29.0,26.4
9.7989,9.7933,5.6,0,-480.0,-1238.2,1.6854,-489.8,-1228.2,1.6710,-3.3,31.0,0.0000,-29.6,30.3,-0.0577,33.5,26.0
9.8067,9.8017,5.1,0,-480.5,-1237.9,1.6676,-489.8,-1228.0,1.6710,-2.2,22.5,0.0000,-28.1,30.0,0.0137,32.6,25.0
9.8151,9.8101,5.0,0,-480.2,-1238.8,1.6873,-489.9,-1227.8,1.6710,-1.3,12.8,-0.0000,-29.0,33.1,-0.0651,36.3,25.0
9.8237,9.8185,5.3,0,-480.5,-1239.6,1.6818,-489.9,-1227.8,1.6710,-0.6,6.1,0.0000,-28.0,35.5,-0.0432,38.4,23.9
9.8307,9.8270,3.7,0,-480.7,-1240.0,1.6818,-489.9,-1227.7,1.6710,0.0,0.0,0.0000,-27.4,36.7,-0.0430,39.5,23.2
9.8389,9.8355,3.4,0,-480.5,-1241.0,1.6798,-489.9,-1227.7,1.6710,0.0,0.0,0.0000,-28.2,39.8,-0.0350,42.7,23.7
9.8475,9.8439,3.6,0,-481.3,-1241.4,1.6781,-489.9,-1227.7,1.6710,0.0,0.0,0.0000,-25.6,41.0,-0.0282,43.5,21.0
9.8551,9.8439,11.2,0,-481.3,-1241.4,1.6781,-489.9,-1227.7,1.6710,0.0,0.0,0.0000,-25.6,41.0,-0.0282,43.5,21.0
9.8640,9.8608,3.2,0,-481.5,-1243.0,1.6774,-489.9,-1227.7,1.6710,0.0,0.0,0.0000,-25.1,45.7,-0.0258,48.1,20.1
9.8714,9.8693,2.2,0,-481.8,-1242.9,1.6820,-489.9,-1227.7,1.6710,0.0,0.0,0.0000,-24.2,45.4,-0.0441,47.8,19.0
9.8793,9.8777,1.6,0,-482.0,-1243.1,1.6810,-489.9,-1227.7,1.6710,0.0,0.0,0.0000,-23.7,46.2,-0.0401,48.5,18.5
9.8867,9.8777,9.1,0,-482.0,-1243.1,1.6810,-489.9,-1227.7,1.6710,0.0,0.0,0.0000,-23.7,46.2,-0.0401,48.5,18.5
9.8955,9.8861,9.3,0,-482.5,-1243.3,1.6852,-489.9,-1227.7,1.6710,0.0,0.0,0.0000,-22.2,46.6,-0.0569,48.8,16.7
9.9032,9.8946,8.6,0,-482.3,-1243.4,1.6851,-489.9,-1227.7,1.6710,0.0,0.0,0.0000,-22.7,46.9,-0.0563,49.2,17.2
9.9114,9.9031,8.3,0,-482.9,-1243.8,1.6847,-489.9,-1227.7,1.6710,0.0,0.0,0.0000,-20.8,48.2,-0.0549,50.2,15.2
9.9189,9.9115,7.4,0,-483.2,-1244.0,1.6898,-489.9,-1227.7,1.6710,0.0,0.0,0.0000,-19.9,48.9,-0.0752,50.9,14.0
9.9273,9.9199,7.3,0,-484.3,-1243.6,1.6886,-489.9,-1227.7,1.6710,0.0,0.0,0.0000,-16.6,47.6,-0.0704,49.2,10.9
9.9348,9.9284,6.4,0,-484.2,-1244.1,1.6905,-489.9,-1227.7,1.6710,0.0,0.0,0.0000,-17.0,49.0,-0.0779,50.6,11.0
9.9438,9.9284,15.4,0,-484.2,-1244.1,1.6905,-489.9,-1227.7,1.6710,0.0,0.0,0.0000,-17.0,49.0,-0.0779,50.6,11.0
9.9516,9.9454,6.2,0,-484.3,-1243.6,1.6875,-489.9,-1227.7,1.6710,0.0,0.0,0.0000,-16.7,47.7,-0.0658,49.3,11.0
9.9627,9.9537,9.0,0,-484.9,-1243.9,1.6992,-489.9,-1227.7,1.6710,0.0,0.0,0.0000,-14.9,48.6,-0.1127,50.1,8.5
9.9670,9.9622,4.8,0,-484.5,-1243.8,1.6951,-489.9,-1227.7,1.6710,0.0,0.0,0.0000,-16.2,48.2,-0.0965,49.9,10.1
9.9750,9.9622,12.8,0,-484.5,-1243.8,1.6951,-489.9,-1227.7,1.6710,0.0,0.0,0.0000,-16.2,48.2,-0.0965,49.9,10.1
9.9834,9.9792,4.2,0,-484.1,-1243.4,1.6921,-489.9,-1227.7,1.6710,0.0,0.0,0.0000,-17.3,47.1,-0.0843,48.8,11.5
9.9912,9.9875,3.7,0,-483.7,-1243.5,1.6912,-489.9,-1227.7,1.6710,0.0,0.0,0.0000,-18.6,47.2,-0.0807,49.1,12.8
9.9989,9.9960,2.9,0,-484.3,-1242.5,1.6979,-489.9,-1227.7,1.6710,0.0,0.0,0.0000,-16.6,44.2,-0.1075,45.9,10.9
10.0069,9.9960,10.9,0,-484.3,-1242.5,1.6979,-489.9,-1227.7,1.6710,0.0,0.0,0.0000,-16.6,44.2,-0.1075,45.9,10.9
10.0152,9.9960,19.2,0,-484.3,-1242.5,1.6979,-489.9,-1227.7,1.6710,0.0,0.0,0.0000,-16.6,44.2,-0.1075,45.9,10.9
10.0229,10.0214,1.6,0,-484.1,-1241.6,1.6955,-489.9,-1227.7,1.6710,0.0,0.0,0.0000,-17.3,41.5,-0.0980,43.3,12.0
10.0312,10.0214,9.9,0,-484.1,-1241.6,1.6955,-489.9,-1227.7,1.6710,0.0,0.0,0.0000,-17.3,41.5,-0.0980,43.3,12.0
10.0395,10.0298,9.7,0,-484.0,-1241.4,1.6989,-489.9,-1227.7,1.6710,0.0,0.0,0.0000,-17.8,41.0,-0.1116,42.9,12.4
10.0468,10.0298,17.0,0,-484.0,-1241.4,1.6989,-489.9,-1227.7,1.6710,0.0,0.0,0.0000,-17.8,41.0,-0.1116,42.9,12.4
10.0554,10.0468,8.7,0,-484.0,-1240.9,1.6965,-489.9,-1227.7,1.6710,0.0,0.0,0.0000,-17.8,39.3,-0.1019,41.3,12.7
10.0633,10.0552,8.2,0,-483.7,-1240.5,1.6981,-489.9,-1227.7,1.6710,0.0,0.0,0.0000,-18.4,38.3,-0.1084,40.3,13.4
10.0712,10.0636,7.6,0,-483.2,-1240.2,1.6971,-489.9,-1227.7,1.6710,0.0,0.0,0.0000,-20.1,37.3,-0.1045,39.5,15.3
10.0796,10.0636,16.0,0,-483.2,-1240.2,1.6971,-489.9,-1227.7,1.6710,0.0,0.0,0.0000,-20.1,37.3,-0.1045,39.5,15.3
10.0879,10.0805,7.4,0,-482.8,-1239.4,1.7023,-489.9,-1227.7,1.6710,0.0,0.0,0.0000,-21.3,35.0,-0.1252,37.5,16.6
10.0956,10.0805,15.1,0,-482.8,-1239.4,1.7023,-489.9,-1227.7,1.6710,0.0,0.0,0.0000,-21.3,35.0,-0.1252,37.5,16.6
10.1037,10.0975,6.2,0,-481.9,-1238.9,1.7055,-489.9,-1227.7,1.6710,0.0,0.0,0.0000,-23.9,33.5,-0.1379,36.4,19.1
10.1111,10.0975,13.7,0,-481.9,-1238.9,1.7055,-489.9,-1227.7,1.6710,0.0,0.0,0.0000,-23.9,33.5,-0.1379,36.4,19.1
10.1191,10.1143,4.8,0,-481.4,-1238.2,1.7002,-489.9,-1227.7,1.6710,0.0,0.0,0.0000,-25.6,31.4,-0.1167,34.5,21.3
10.1278,10.1143,13.5,0,-481.4,-1238.2,1.7002,-489.9,-1227.7,1.6710,0.0,0.0,0.0000,-25.6,31.4,-0.1167,34.5,21.3
10.1353,10.1312,4.1,0,-480.8,-1238.2,1.7013,-489.9,-1227.7,1.6710,0.0,0.0,0.0000,-27.3,31.4,-0.1213,34.7,23.0
10.1437,10.1312,12.5,0,-480.8,-1238.2,1.7013,-489.9,-1227.7,1.6710,0.0,0.0,0.0000,-27.3,31.4,-0.1213,34.7,23.0
10.1519,10.1482,3.8,0,-481.2,-1237.2,1.6868,-489.9,-1227.7,1.6710,0.0,0.0,0.0000,-26.1,28.2,-0.0632,31.1,22.6
10.1588,10.1482,10.6,0,-481.2,-1237.2,1.6868,-489.9,-1227.7,1.6710,0.0,0.0,0.0000,-26.1,28.2,-0.0632,31.1,22.6
10.1668,10.1650,1.7,0,-481.0,-1236.9,1.6802,-489.9,-1227.7,1.6710,0.0,0.0,0.0000,-26.8,27.4,-0.0368,30.1,23.6
10.1755,10.1650,10.5,0,-481.0,-1236.9,1.6802,-489.9,-1227.7,1.6710,0.0,0.0,0.0000,-26.8,27.4,-0.0368,30.1,23.6
10.1835,10.1650,18.5,0,-481.0,-1236.9,1.6802,-489.9,-1227.7,1.6710,0.0,0.0,0.0000,-26.8,27.4,-0.0368,30.1,23.6
10.1919,10.1819,10.0,0,-480.7,-1237.0,1.6906,-489.9,-1227.7,1.6710,0.0,0.0,0.0000,-27.5,27.7,-0.0784,30.8,24.0
10.1999,10.1819,18.0,0,-480.7,-1237.0,1.6906,-489.9,-1227.7,1.6710,0.0,0.0,0.0000,-27.5,27.7,-0.0784,30.8,24.0
10.2071,10.1988,8.3,0,-480.7,-1236.9,1.6907,-489.9,-1227.7,1.6710,0.0,0.0,0.0000,-27.6,27.3,-0.0786,30.4,24.1
10.2150,10.1988,16.2,0,-480.7,-1236.9,1.6907,-489.9,-1227.7,1.6710,0.0,0.0,0.0000,-27.6,27.3,-0.0786,30.4,24.1
10.2231,10.2157,7.5,0,-480.5,-1236.8,1.6873,-489.9,-1227.7,1.6710,0.0,0.0,0.0000,-28.0,27.3,-0.0653,30.3,24.6
10.2310,10.2241,6.9,0,-481.2,-1236.6,1.6789,-489.9,-1227.7,1.6710,0.0,0.0,0.0000,-26.1,26.5,-0.0317,29.1,23.0
10.2398,10.2326,7.2,0,-480.7,-1236.9,1.6921,-489.9,-1227.7,1.6710,0.0,0.0,0.0000,-27.5,27.4,-0.0845,30.5,24.0
10.2468,10.2326,14.1,0,-480.7,-1236.9,1.6921,-489.9,-1227.7,1.6710,0.0,0.0,0.0000,-27.5,27.4,-0.0845,30.5,24.0
10.2552,10.2495,5.7,0,-480.9,-1237.0,1.6888,-489.9,-1227.7,1.6710,0.0,0.0,0.0000,-27.0,27.7,-0.0711,30.7,23.5
10.2633,10.2495,13.8,0,-480.9,-1237.0,1.6888,-489.9,-1227.7,1.6710,0.0,0.0,0.0000,-27.0,27.7,-0.0711,30.7,23.5
10.2716,10.2664,5.2,0,-481.1,-1236.5,1.6819,-489.9,-1227.7,1.6710,0.0,0.0,0.0000,-26.4,26.4,-0.0438,29.2,23.3
10.2795,10.2749,4.5,0,-481.0,-1236.5,1.6869,-489.9,-1227.7,1.6710,0.0,0.0,0.0000,-26.5,26.2,-0.0635,29.1,23.3
10.2878,10.2833,4.5,0,-481.2,-1236.6,1.6828,-489.9,-1227.7,1.6710,0.0,0.0,0.0000,-26.0,26.6,-0.0472,29.4,22.9
10.2952,10.2917,3.5,0,-480.9,-1236.5,1.6836,-489.9,-1227.7,1.6710,0.0,0.0,0.0000,-26.8,26.3,-0.0505,29.2,23.6
10.3036,10.3002,3.4,0,-481.2,-1236.6,1.6840,-489.9,-1227.7,1.6710,0.0,0.0,0.0000,-26.1,26.4,-0.0519,29.2,23.0
10.3115,10.3087,2.8,0,-480.8,-1237.1,1.6981,-489.9,-1227.7,1.6710,0.0,0.0,0.0000,-27.2,28.1,-0.1085,31.3,23.4
10.3200,10.3170,2.9,0,-481.1,-1236.2,1.6908,-489.9,-1227.7,1.6710,0.0,0.0,0.0000,-26.3,25.3,-0.0793,28.2,23.1
10.3268,10.3170,9.7,0,-481.1,-1236.2,1.6908,-489.9,-1227.7,1.6710,0.0,0.0,0.0000,-26.3,25.3,-0.0793,28.2,23.1
10.3360,10.3340,2.0,0,-481.0,-1236.5,1.6986,-489.9,-1227.7,1.6710,0.0,0.0,0.0000,-26.5,26.4,-0.1105,29.6,22.9
10.3431,10.3425,0.5,0,-481.3,-1236.5,1.6935,-489.9,-1227.7,1.6710,0.0,0.0,0.0000,-25.6,26.2,-0.0898,29.1,22.2
10.3515,10.3425,8.9,0,-481.3,-1236.5,1.6935,-489.9,-1227.7,1.6710,0.0,0.0,0.0000,-25.6,26.2,-0.0898,29.1,22.2
10.3589,10.3509,8.0,0,-481.8,-1236.4,1.6916,-489.9,-1227.7,1.6710,0.0,0.0,0.0000,-24.2,25.9,-0.0825,28.6,21.0
10.3676,10.3593,8.3,0,-481.4,-1236.8,1.7019,-489.9,-1227.7,1.6710,0.0,0.0,0.0000,-25.4,27.2,-0.1238,30.3,21.7
10.3756,10.3678,7.8,0,-481.3,-1236.5,1.7029,-489.9,-1227.7,1.6710,0.0,0.0,0.0000,-25.6,26.2,-0.1276,29.3,21.9
10.3828,10.3762,6.5,0,-481.4,-1236.5,1.7057,-489.9,-1227.7,1.6710,0.0,0.0,0.0000,-25.4,26.4,-0.1390,29.5,21.6
10.3910,10.3847,6.3,0,-481.8,-1236.3,1.7053,-489.9,-1227.7,1.6710,0.0,0.0,0.0000,-24.2,25.8,-0.1372,28.8,20.5
10.3991,10.3932,5.9,0,-481.8,-1235.7,1.6978,-489.9,-1227.7,1.6710,0.0,0.0,0.0000,-24.4,23.9,-0.1071,26.8,21.1
10.4074,10.4016,5.7,0,-481.6,-1236.4,1.7097,-489.9,-1227.7,1.6710,0.0,0.0,0.0000,-24.7,25.9,-0.1548,29.1,20.9
10.4148,10.4100,4.7,0,-481.7,-1236.2,1.7117,-489.9,-1227.7,1.6710,0.0,0.0,0.0000,-24.5,25.4,-0.1626,28.6,20.7
10.4237,10.4185,5.2,0,-482.1,-1235.5,1.6974,-489.9,-1227.7,1.6710,0.0,0.0,0.0000,-23.4,23.2,-0.1057,26.0,20.3
10.4313,10.4270,4.4,0,-482.1,-1235.6,1.6972,-489.9,-1227.7,1.6710,0.0,0.0,0.0000,-23.3,23.5,-0.1049,26.3,20.2
10.4389,10.4354,3.4,0,-482.1,-1235.3,1.7007,-489.9,-1227.7,1.6710,0.0,0.0,0.0000,-23.3,22.6,-0.1188,25.4,20.2
10.4479,10.4438,4.0,0,-482.1,-1235.1,1.7004,-489.9,-1227.7,1.6710,0.0,0.0,0.0000,-23.3,22.0,-0.1174,24.8,20.3
10.4553,10.4523,3.1,0,-482.3,-1234.7,1.7041,-489.9,-1227.7,1.6710,0.0,0.0,0.0000,-22.6,20.9,-0.1324,23.7,19.6
10.4637,10.4607,3.0,0,-482.9,-1234.0,1.7082,-489.9,-1227.7,1.6710,0.0,0.0,0.0000,-21.0,18.9,-0.1487,21.6,18.2
10.4711,10.4692,1.9,0,-483.1,-1234.2,1.7020,-489.9,-1227.7,1.6710,0.0,0.0,0.0000,-20.5,19.4,-0.1239,21.9,17.7
10.4794,10.4776,1.8,0,-483.1,-1233.9,1.7063,-489.9,-1227.7,1.6710,0.0,0.0,0.0000,-20.2,18.4,-0.1411,20.9,17.5
10.4878,10.4861,1.7,0,-482.7,-1233.5,1.7103,-489.9,-1227.7,1.6710,0.0,0.0,0.0000,-21.6,17.2,-0.1571,20.0,19.0
10.4956,10.4861,9.5,0,-482.7,-1233.5,1.7103,-489.9,-1227.7,1.6710,0.0,0.0,0.0000,-21.6,17.2,-0.1571,20.0,19.0
10.5036,10.4945,9.1,0,-483.7,-1233.1,1.7167,-489.9,-1227.7,1.6710,0.0,0.0,0.0000,-18.5,16.2,-0.1826,18.7,15.9
10.5114,10.5030,8.4,0,-483.9,-1233.0,1.7092,-489.9,-1227.7,1.6710,0.0,0.0,0.0000,-17.8,15.9,-0.1527,18.2,15.5
10.5198,10.5115,8.3,0,-484.2,-1233.1,1.7064,-489.9,-1227.7,1.6710,0.0,0.0,0.0000,-16.9,16.1,-0.1415,18.3,14.5
10.5270,10.5199,7.2,0,-484.2,-1232.2,1.7120,-489.9,-1227.7,1.6710,0.0,0.0,0.0000,-17.0,13.4,-0.1642,15.7,14.9
10.5348,10.5283,6.5,0,-484.7,-1232.3,1.7125,-489.9,-1227.7,1.6710,0.0,0.0,0.0000,-15.4,13.6,-0.1662,15.6,13.3
10.5433,10.5368,6.5,0,-485.2,-1231.9,1.7006,-489.9,-1227.7,1.6710,0.0,0.0,0.0000,-14.0,12.3,-0.1183,14.0,12.3
10.5517,10.5452,6.5,0,-485.2,-1231.5,1.6946,-489.9,-1227.7,1.6710,0.0,0.0,0.0000,-13.9,11.2,-0.0945,12.9,12.4
10.5597,10.5537,6.1,0,-486.2,-1231.0,1.6821,-489.9,-1227.7,1.6710,0.0,0.0,0.0000,-10.9,9.7,-0.0444,10.8,9.8
10.5672,10.5621,5.1,0,-486.2,-1230.5,1.6652,-489.9,-1227.7,1.6710,0.0,0.0,0.0000,-11.0,8.2,0.0231,9.2,10.2
10.5750,10.5706,4.4,0,-487.1,-1229.8,1.6555,-489.9,-1227.7,1.6710,0.0,0.0,0.0000,-8.3,6.0,0.0622,6.7,7.8
10.5831,10.5790,4.1,0,-487.1,-1229.5,1.6472,-489.9,-1227.7,1.6710,0.0,0.0,0.0000,-8.4,5.3,0.0954,5.9,8.0
10.5908,10.5875,3.4,0,-487.3,-1228.8,1.6369,-489.9,-1227.7,1.6710,0.0,0.0,0.0000,-7.6,3.3,0.1365,3.8,7.4
10.5992,10.5959,3.3,0,-488.1,-1228.4,1.6277,-489.9,-1227.7,1.6710,0.0,0.0,0.0000,-5.2,2.1,0.1731,2.4,5.0
10.6072,10.6044,2.8,0,-488.5,-1227.4,1.6230,-489.9,-1227.7,1.6710,0.0,0.0,0.0000,-4.2,-1.1,0.1921,-0.9,4.3
10.6160,10.6128,3.2,0,-488.9,-1226.9,1.6210,-489.9,-1227.7,1.6710,0.0,0.0,0.0000,-2.8,-2.5,0.2000,-2.4,2.9
10.6230,10.6212,1.8,0,-489.8,-1226.4,1.6158,-489.9,-1227.7,1.6710,0.0,0.0,0.0000,-0.2,-4.0,0.2210,-4.0,0.4
