t_s,tv_s,vision_age_ms,held,pose_x_mm,pose_y_mm,pose_theta_rad,ref_x_mm,ref_y_mm,ref_theta_rad,ref_vx_mm_s,ref_vy_mm_s,ref_omega_rad_s,cmd_world_vx_mm_s,cmd_world_vy_mm_s,cmd_omega_rad_s,cmd_body_vx_mm_s,cmd_body_vy_mm_s,near_goal,pred_x_mm,pred_y_mm,pred_theta_rad
-0.2998,-0.3070,7.2,0,-395.0,-828.8,1.3632,-395.0,-828.8,1.3632,0.0,0.0,0.0000,0.0,0.0,0.0000,0.0,0.0,0,0.0,0.0,0.0000
-0.2922,-0.2994,7.2,0,-394.6,-828.9,1.3637,-395.0,-828.8,1.3632,0.0,0.0,0.0000,-1.0,0.3,-0.0021,0.1,1.0,0,0.0,0.0,0.0000
-0.2835,-0.2889,5.4,0,-394.6,-828.9,1.3635,-395.0,-828.8,1.3632,0.0,0.0,0.0000,-1.2,0.3,-0.0012,0.0,1.2,0,0.0,0.0,0.0000
-0.2759,-0.2793,3.3,0,-394.6,-828.9,1.3625,-395.0,-828.8,1.3632,0.0,0.0,0.0000,-1.1,0.4,0.0026,0.2,1.1,0,0.0,0.0,0.0000
-0.2679,-0.2721,4.2,0,-394.5,-828.8,1.3640,-395.0,-828.8,1.3632,0.0,0.0,0.0000,-1.3,0.0,-0.0034,-0.2,1.3,0,0.0,0.0,0.0000
-0.2601,-0.2634,3.3,0,-394.2,-829.0,1.3636,-395.0,-828.8,1.3632,0.0,0.0,0.0000,-2.3,0.5,-0.0017,0.0,2.3,0,0.0,0.0,0.0000
-0.2506,-0.2566,5.9,0,-394.7,-828.9,1.3636,-395.0,-828.8,1.3632,0.0,0.0,0.0000,-0.9,0.3,-0.0016,0.1,0.9,0,0.0,0.0,0.0000
-0.2443,-0.2464,2.1,0,-394.4,-828.9,1.3615,-395.0,-828.8,1.3632,0.0,0.0,0.0000,-1.6,0.4,0.0066,0.1,1.6,0,0.0,0.0,0.0000
-0.2359,-0.2382,2.3,0,-394.9,-828.7,1.3636,-395.0,-828.8,1.3632,0.0,0.0,0.0000,-0.2,-0.2,-0.0016,-0.2,0.2,0,0.0,0.0,0.0000
-0.2276,-0.2299,2.3,0,-394.7,-828.9,1.3637,-395.0,-828.8,1.3632,0.0,0.0,0.0000,-0.8,0.3,-0.0020,0.1,0.8,0,0.0,0.0,0.0000
-0.2203,-0.2214,1.1,0,-394.6,-829.0,1.3634,-395.0,-828.8,1.3632,0.0,0.0,0.0000,-1.0,0.6,-0.0010,0.4,1.1,0,0.0,0.0,0.0000
-0.2120,-0.2131,1.1,0,-394.9,-829.1,1.3647,-395.0,-828.8,1.3632,0.0,0.0,0.0000,-0.1,0.8,-0.0064,0.8,0.2,0,0.0,0.0,0.0000
-0.2034,-0.2046,1.2,0,-394.9,-828.7,1.3671,-395.0,-828.8,1.3632,0.0,0.0,0.0000,-0.1,-0.2,-0.0158,-0.3,0.0,0,0.0,0.0,0.0000
-0.1957,-0.1959,0.2,0,-394.7,-828.8,1.3636,-395.0,-828.8,1.3632,0.0,0.0,0.0000,-0.8,-0.0,-0.0017,-0.2,0.7,0,0.0,0.0,0.0000
-0.1873,-0.1874,0.1,0,-394.9,-828.8,1.3620,-395.0,-828.8,1.3632,0.0,0.0,0.0000,-0.2,-0.1,0.0045,-0.1,0.2,0,0.0,0.0,0.0000
-0.1795,-0.1874,7.8,0,-394.9,-828.8,1.3620,-395.0,-828.8,1.3632,0.0,0.0,0.0000,-0.2,-0.1,0.0045,-0.1,0.2,0,0.0,0.0,0.0000
-0.1721,-0.1753,3.3,0,-394.4,-828.9,1.3621,-395.0,-828.8,1.3632,0.0,0.0,0.0000,-1.5,0.4,0.0041,0.1,1.6,0,0.0,0.0,0.0000
-0.1635,-0.1706,7.1,0,-395.1,-828.9,1.3678,-395.0,-828.8,1.3632,0.0,0.0,0.0000,0.4,0.3,-0.0185,0.4,-0.3,0,0.0,0.0,0.0000
-0.1562,-0.1618,5.6,0,-394.6,-829.1,1.3652,-395.0,-828.8,1.3632,0.0,0.0,0.0000,-1.2,1.0,-0.0083,0.7,1.4,0,0.0,0.0,0.0000
-0.1476,-0.1534,5.8,0,-394.7,-829.0,1.3620,-395.0,-828.8,1.3632,0.0,0.0,0.0000,-0.7,0.7,0.0045,0.5,0.9,0,0.0,0.0,0.0000
-0.1392,-0.1450,5.8,0,-394.5,-828.9,1.3633,-395.0,-828.8,1.3632,0.0,0.0,0.0000,-1.3,0.3,-0.0006,0.1,1.3,0,0.0,0.0,0.0000
-0.1319,-0.1367,4.8,0,-394.6,-829.0,1.3621,-395.0,-828.8,1.3632,0.0,0.0,0.0000,-1.1,0.5,0.0041,0.3,1.2,0,0.0,0.0,0.0000
-0.1242,-0.1367,12.4,0,-394.6,-829.0,1.3621,-395.0,-828.8,1.3632,0.0,0.0,0.0000,-1.1,0.5,0.0041,0.3,1.2,0,0.0,0.0,0.0000
-0.1154,-0.1197,4.3,0,-394.6,-828.9,1.3625,-395.0,-828.8,1.3632,0.0,0.0,0.0000,-1.1,0.4,0.0028,0.1,1.1,0,0.0,0.0,0.0000
-0.1078,-0.1124,4.6,0,-394.6,-828.9,1.3610,-395.0,-828.8,1.3632,0.0,0.0,0.0000,-1.2,0.2,0.0088,-0.1,1.2,0,0.0,0.0,0.0000
-0.0992,-0.1029,3.8,0,-394.5,-829.1,1.3647,-395.0,-828.8,1.3632,0.0,0.0,0.0000,-1.3,0.8,-0.0062,0.5,1.5,0,0.0,0.0,0.0000
-0.0914,-0.1029,11.6,0,-394.5,-829.1,1.3647,-395.0,-828.8,1.3632,0.0,0.0,0.0000,-1.3,0.8,-0.0062,0.5,1.5,0,0.0,0.0,0.0000
-0.0840,-0.0863,2.3,0,-394.4,-828.8,1.3638,-395.0,-828.8,1.3632,0.0,0.0,0.0000,-0.2,7.0,-0.0027,6.8,1.7,0,0.0,0.0,0.0000
-0.0756,-0.0863,10.7,0,-394.4,-828.8,1.3638,-395.0,-828.8,1.3632,0.0,0.0,0.0000,-0.3,6.8,-0.0027,6.6,1.7,0,0.0,0.0,0.0000
-0.0673,-0.0690,1.7,0,-394.6,-828.9,1.3629,-395.0,-828.8,1.3632,0.0,0.0,0.0000,2.7,17.3,0.0012,17.5,1.0,0,0.0,0.0,0.0000
-0.0592,-0.0606,1.4,0,-394.8,-828.9,1.3626,-395.0,-828.8,1.3632,0.0,0.0,0.0000,4.7,25.4,0.0023,25.8,0.6,0,0.0,0.0,0.0000
-0.0521,-0.0523,0.2,0,-394.6,-828.8,1.3607,-395.0,-828.8,1.3632,0.0,0.0,0.0000,5.2,32.2,0.0097,32.6,1.7,0,0.0,0.0,0.0000
-0.0438,-0.0523,8.5,0,-394.6,-828.8,1.3607,-395.0,-828.8,1.3632,0.0,0.0,0.0000,6.6,40.5,0.0097,41.0,2.0,0,0.0,0.0,0.0000
-0.0357,-0.0434,7.7,0,-394.7,-828.9,1.3630,-395.0,-828.8,1.3632,0.0,0.0,0.0000,8.7,48.9,0.0008,49.6,1.6,0,0.0,0.0,0.0000
-0.0279,-0.0354,7.5,0,-394.5,-828.9,1.3606,-395.0,-828.8,1.3632,0.0,0.0,0.0000,9.9,56.8,0.0103,57.6,2.2,0,0.0,0.0,0.0000
-0.0200,-0.0266,6.5,0,-395.1,-828.8,1.3635,-395.0,-828.8,1.3632,0.0,0.0,0.0000,13.3,63.8,-0.0014,65.1,0.1,0,0.0,0.0,0.0000
-0.0116,-0.0186,6.9,0,-394.5,-828.8,1.3631,-395.0,-828.8,1.3632,0.0,0.0,0.0000,13.2,71.8,0.0001,73.0,1.9,0,0.0,0.0,0.0000
-0.0043,-0.0097,5.4,0,-395.1,-828.8,1.3652,-395.0,-828.8,1.3632,0.0,0.0,0.0000,16.6,79.0,-0.0082,80.7,-0.1,0,0.0,0.0,0.0000
0.0045,-0.0018,6.3,0,-395.2,-828.7,1.3642,-395.0,-828.8,1.3632,0.0,0.0,0.0000,18.6,87.7,-0.0044,89.7,-0.2,0,0.0,0.0,0.0000
0.0122,0.0079,4.3,0,-394.1,-828.9,1.3622,-395.0,-828.7,1.3632,1.3,6.0,0.0000,16.3,95.7,0.0040,97.0,3.9,0,0.0,0.0,0.0000
0.0207,0.0152,5.5,0,-394.5,-828.6,1.3630,-394.9,-828.7,1.3632,3.0,14.1,-0.0000,18.4,103.7,0.0007,105.2,3.4,0,0.0,0.0,0.0000
0.0285,0.0241,4.4,0,-394.4,-828.5,1.3640,-394.9,-828.5,1.3632,5.0,23.3,0.0000,19.3,111.9,-0.0033,113.5,4.1,0,0.0,0.0,0.0000
0.0364,0.0321,4.3,0,-394.4,-828.3,1.3650,-394.9,-828.3,1.3632,6.3,31.3,0.0000,20.6,120.1,-0.0072,121.8,4.4,0,0.0,0.0,0.0000
0.0441,0.0406,3.5,0,-394.4,-828.5,1.3647,-394.8,-828.0,1.3632,7.7,39.9,0.0000,22.1,129.3,-0.0063,131.1,4.8,0,0.0,0.0,0.0000
0.0520,0.0493,2.7,0,-394.1,-828.4,1.3645,-394.7,-827.6,1.3632,9.6,48.6,-0.0000,22.9,137.9,-0.0052,139.6,5.8,0,0.0,0.0,0.0000
0.0604,0.0580,2.4,0,-393.9,-828.0,1.3669,-394.6,-827.1,1.3632,11.4,57.2,0.0000,22.7,146.3,-0.0148,147.9,7.4,0,0.0,0.0,0.0000
0.0683,0.0659,2.4,0,-393.6,-828.2,1.3628,-394.5,-826.7,1.3632,13.0,64.6,0.0000,22.5,156.2,0.0016,157.4,10.2,0,0.0,0.0,0.0000
0.0769,0.0749,1.9,0,-393.3,-827.9,1.3630,-394.4,-826.0,1.3632,14.8,73.3,0.0000,23.3,165.3,0.0005,166.6,11.3,0,0.0,0.0,0.0000
0.0845,0.0833,1.2,0,-393.4,-827.7,1.3645,-394.3,-825.4,1.3632,16.8,81.7,0.0000,25.0,174.0,-0.0055,175.4,11.2,0,0.0,0.0,0.0000
0.0927,0.0915,1.2,0,-393.5,-827.5,1.3680,-394.1,-824.7,1.3632,18.2,89.8,-0.0000,24.9,184.4,-0.0192,185.7,12.8,0,0.0,0.0,0.0000
0.1003,0.0915,8.9,0,-393.5,-827.5,1.3680,-394.1,-824.7,1.3632,18.2,89.8,-0.0000,25.2,194.5,-0.0192,195.6,14.5,0,0.0,0.0,0.0000
0.1085,0.1082,0.3,0,-393.0,-826.6,1.3763,-393.8,-823.1,1.3632,20.1,106.0,0.0000,25.4,202.2,-0.0524,203.3,14.2,0,0.0,0.0,0.0000
0.1167,0.1166,0.1,0,-392.4,-826.2,1.3833,-393.6,-822.1,1.3632,21.1,114.6,-0.0000,24.8,211.5,-0.0806,212.5,15.0,0,0.0,0.0,0.0000
0.1241,0.1166,7.5,0,-392.4,-826.2,1.3833,-393.6,-822.1,1.3632,21.1,114.6,-0.0000,25.4,222.0,-0.0806,222.9,16.4,0,0.0,0.0,0.0000
0.1320,0.1319,0.1,0,-391.6,-825.8,1.3997,-393.3,-820.2,1.3632,24.0,130.1,-0.0000,23.7,232.3,-0.1461,232.9,16.2,0,0.0,0.0,0.0000
0.1400,0.1345,5.4,0,-391.2,-825.4,1.3930,-393.2,-819.9,1.3632,24.5,132.7,-0.0000,21.8,242.1,-0.1193,242.1,21.4,0,0.0,0.0,0.0000
0.1485,0.1419,6.6,0,-391.2,-824.5,1.4119,-393.1,-818.9,1.3632,24.9,139.9,0.0000,21.7,251.7,-0.1949,252.0,18.4,0,0.0,0.0,0.0000
0.1570,0.1507,6.3,0,-391.1,-823.9,1.4122,-392.8,-817.6,1.3632,24.9,148.6,-0.0000,21.4,261.9,-0.1963,262.0,20.2,0,0.0,0.0,0.0000
0.1637,0.1614,2.2,0,-390.6,-822.7,1.4060,-392.6,-816.0,1.3632,26.6,159.0,-0.0000,20.0,267.9,-0.1715,267.5,24.2,0,0.0,0.0,0.0000
0.1721,0.1677,4.4,0,-390.3,-822.0,1.4061,-392.4,-815.0,1.3632,27.5,165.0,0.0000,18.9,279.2,-0.1716,278.5,27.2,0,0.0,0.0,0.0000
0.1809,0.1761,4.8,0,-389.9,-821.1,1.4107,-392.2,-813.5,1.3632,27.0,173.9,-0.0000,17.6,290.5,-0.1901,289.6,28.9,0,0.0,0.0,0.0000
0.1877,0.1845,3.2,0,-388.1,-820.1,1.4189,-391.9,-812.0,1.3632,26.7,182.8,0.0000,11.5,297.8,-0.2228,296.1,33.7,0,0.0,0.0,0.0000
0.1966,0.1952,1.5,0,-387.3,-819.6,1.4249,-391.6,-810.0,1.3632,28.0,192.9,0.0000,8.6,310.3,-0.2471,308.2,36.6,0,0.0,0.0,0.0000
0.2045,0.2014,3.1,0,-386.8,-818.4,1.4294,-391.5,-808.8,1.3632,28.5,199.1,-0.0000,6.0,319.2,-0.2648,316.8,39.1,0,0.0,0.0,0.0000
0.2124,0.2100,2.4,0,-385.9,-817.0,1.4317,-391.2,-807.1,1.3632,28.6,208.1,0.0000,2.1,327.8,-0.2740,324.9,43.3,0,0.0,0.0,0.0000
0.2205,0.2180,2.5,0,-385.7,-815.5,1.4292,-391.0,-805.4,1.3632,28.7,216.4,-0.0000,0.1,337.2,-0.2640,333.9,47.5,0,0.0,0.0,0.0000
0.2282,0.2180,10.2,0,-385.7,-815.5,1.4292,-391.0,-805.4,1.3632,28.7,216.4,-0.0000,-1.2,350.5,-0.2640,346.8,50.7,0,0.0,0.0,0.0000
0.2357,0.2344,1.2,0,-384.4,-812.5,1.4390,-390.5,-801.7,1.3632,26.6,233.2,0.0000,-6.5,353.6,-0.3034,349.7,52.9,0,0.0,0.0,0.0000
0.2449,0.2435,1.5,0,-383.3,-810.1,1.4412,-390.3,-799.5,1.3632,26.1,241.6,0.0000,-11.9,362.0,-0.3123,357.5,58.5,0,0.0,0.0,0.0000
0.2521,0.2505,1.5,0,-382.4,-808.4,1.4452,-390.1,-797.8,1.3632,25.5,248.7,0.0000,-16.7,370.0,-0.3281,365.0,63.0,0,0.0,0.0,0.0000
0.2600,0.2505,9.5,0,-382.4,-808.4,1.4452,-390.1,-797.8,1.3632,25.5,248.7,0.0000,-19.1,384.3,-0.3281,378.9,67.1,0,0.0,0.0,0.0000
0.2682,0.2626,5.6,0,-381.3,-807.2,1.4490,-389.8,-794.7,1.3632,24.4,261.9,-0.0000,-25.6,395.5,-0.3435,389.5,73.5,0,0.0,0.0,0.0000
0.2764,0.2688,7.6,0,-379.8,-805.2,1.4452,-389.7,-793.1,1.3632,23.6,268.0,0.0000,-33.0,404.4,-0.3284,397.1,83.4,0,0.0,0.0,0.0000
0.2837,0.2778,5.9,0,-380.1,-802.5,1.4548,-389.5,-790.6,1.3632,22.3,276.8,-0.0000,-34.7,409.4,-0.3666,402.7,81.9,0,0.0,0.0,0.0000
0.2924,0.2859,6.5,0,-379.5,-800.2,1.4278,-389.3,-788.3,1.3632,20.5,284.9,0.0000,-39.8,418.2,-0.2584,408.3,99.0,0,0.0,0.0,0.0000
0.2999,0.2955,4.4,0,-379.0,-797.7,1.4385,-389.1,-785.6,1.3632,18.3,294.5,-0.0000,-44.8,425.3,-0.3015,415.7,100.5,0,0.0,0.0,0.0000
0.3087,0.3024,6.3,0,-378.5,-794.9,1.4240,-389.0,-783.5,1.3632,16.5,301.8,-0.0000,-50.5,433.8,-0.2434,421.8,113.4,0,0.0,0.0,0.0000
0.3158,0.3111,4.6,0,-377.9,-792.0,1.4310,-388.9,-780.8,1.3632,14.2,311.2,0.0000,-56.6,433.6,-0.2712,421.5,116.5,0,0.0,0.0,0.0000
0.3241,0.3195,4.6,0,-377.5,-788.9,1.4186,-388.7,-778.2,1.3632,11.9,319.3,-0.0000,-62.7,436.4,-0.2218,421.8,128.1,0,0.0,0.0,0.0000
0.3322,0.3289,3.3,0,-377.2,-785.7,1.4231,-388.6,-775.2,1.3632,9.5,328.3,-0.0000,-67.4,433.7,-0.2396,419.1,130.5,0,0.0,0.0,0.0000
0.3401,0.3366,3.5,0,-376.9,-782.5,1.4179,-388.6,-772.6,1.3632,6.4,336.5,0.0000,-72.4,432.0,-0.2191,415.9,137.3,0,0.0,0.0,0.0000
0.3487,0.3451,3.6,0,-374.9,-779.1,1.4056,-388.5,-769.7,1.3632,3.2,345.4,0.0000,-82.5,429.7,-0.1696,410.3,152.0,0,0.0,0.0,0.0000
0.3558,0.3534,2.5,0,-375.0,-775.8,1.4037,-388.5,-766.8,1.3632,-0.5,353.7,-0.0000,-85.5,426.7,-0.1621,406.5,155.3,0,0.0,0.0,0.0000
0.3641,0.3618,2.3,0,-373.9,-772.1,1.4069,-388.5,-763.8,1.3632,-4.1,362.2,0.0000,-93.5,424.1,-0.1748,403.2,161.4,0,0.0,0.0,0.0000
0.3722,0.3698,2.4,0,-374.7,-768.5,1.3899,-388.6,-760.9,1.3632,-7.4,369.8,0.0000,-95.6,421.8,-0.1069,397.7,169.9,0,0.0,0.0,0.0000
0.3799,0.3787,1.2,0,-373.9,-765.2,1.3846,-388.7,-757.5,1.3632,-11.4,378.5,-0.0000,-102.3,420.0,-0.0860,393.8,178.3,0,0.0,0.0,0.0000
0.3879,0.3868,1.2,0,-374.4,-760.9,1.3797,-388.8,-754.4,1.3632,-15.5,387.5,-0.0000,-105.4,415.6,-0.0660,388.0,182.5,0,0.0,0.0,0.0000
0.3959,0.3958,0.1,0,-373.9,-757.6,1.3749,-388.9,-750.9,1.3632,-20.5,394.7,-0.0000,-111.6,414.7,-0.0469,385.0,190.2,0,0.0,0.0,0.0000
0.4048,0.3958,9.0,0,-373.9,-757.6,1.3749,-388.9,-750.9,1.3632,-20.5,394.7,-0.0000,-116.9,424.9,-0.0469,394.0,197.4,0,0.0,0.0,0.0000
0.4120,0.4056,6.4,0,-374.2,-753.5,1.3714,-389.2,-747.0,1.3632,-27.2,398.9,-0.0000,-120.3,420.2,-0.0329,388.0,201.2,0,0.0,0.0,0.0000
0.4204,0.4128,7.6,0,-373.9,-748.9,1.3718,-389.4,-744.1,1.3632,-31.1,399.8,-0.0000,-126.1,415.3,-0.0346,382.2,205.7,0,0.0,0.0,0.0000
0.4288,0.4210,7.8,0,-374.2,-745.1,1.3763,-389.7,-740.9,1.3632,-35.2,398.9,-0.0000,-130.8,413.5,-0.0527,380.4,208.2,0,0.0,0.0,0.0000
0.4365,0.4294,7.1,0,-375.1,-740.3,1.3754,-390.0,-737.5,1.3632,-39.5,398.3,-0.0000,-133.3,407.6,-0.0490,374.0,209.9,0,0.0,0.0,0.0000
0.4443,0.4367,7.6,0,-375.1,-736.1,1.3728,-390.3,-734.6,1.3632,-43.0,397.3,0.0000,-138.6,402.6,-0.0387,367.5,215.1,0,0.0,0.0,0.0000
0.4528,0.4464,6.3,0,-375.4,-732.8,1.3775,-390.7,-730.8,1.3632,-48.1,396.8,0.0000,-143.6,401.5,-0.0573,366.4,218.1,0,0.0,0.0,0.0000
0.4602,0.4547,5.4,0,-376.1,-727.5,1.3733,-391.1,-727.5,1.3632,-52.5,396.5,-0.0000,-145.9,393.8,-0.0406,357.5,220.3,0,0.0,0.0,0.0000
0.4686,0.4631,5.5,0,-376.5,-724.3,1.3899,-391.6,-724.1,1.3632,-57.0,395.8,-0.0000,-150.1,393.2,-0.1071,359.8,218.4,0,0.0,0.0,0.0000
0.4762,0.4717,4.6,0,-376.6,-719.8,1.3729,-392.1,-720.8,1.3632,-61.6,394.9,0.0000,-155.2,387.7,-0.0389,349.6,228.4,0,0.0,0.0,0.0000
0.4848,0.4802,4.6,0,-377.2,-715.9,1.3777,-392.6,-717.4,1.3632,-66.1,394.6,-0.0000,-159.5,385.1,-0.0583,347.3,230.4,0,0.0,0.0,0.0000
0.4921,0.4887,3.3,0,-377.4,-712.4,1.3921,-393.2,-714.0,1.3632,-70.7,394.3,-0.0000,-164.8,381.5,-0.1157,346.1,230.0,0,0.0,0.0,0.0000
0.5008,0.4973,3.6,0,-378.7,-707.5,1.3824,-393.9,-710.7,1.3632,-74.9,392.9,0.0000,-167.5,375.2,-0.0770,337.2,234.8,0,0.0,0.0,0.0000
0.5091,0.5062,2.8,0,-379.6,-703.1,1.3958,-394.5,-707.2,1.3632,-79.5,391.8,-0.0000,-170.8,371.6,-0.1306,336.2,232.9,0,0.0,0.0,0.0000
0.5165,0.5142,2.3,0,-380.6,-699.1,1.3729,-395.2,-704.0,1.3632,-83.8,391.3,-0.0000,-173.3,367.5,-0.0391,326.3,242.2,0,0.0,0.0,0.0000
0.5246,0.5221,2.5,0,-382.1,-694.4,1.3817,-395.9,-700.9,1.3632,-88.1,390.5,-0.0000,-174.5,360.7,-0.0740,321.4,239.2,0,0.0,0.0,0.0000
0.5323,0.5309,1.4,0,-383.4,-690.9,1.4002,-396.7,-697.5,1.3632,-93.2,388.8,0.0000,-176.0,357.4,-0.1483,322.3,234.1,0,0.0,0.0,0.0000
0.5399,0.5309,9.0,0,-383.4,-690.9,1.4002,-396.7,-697.5,1.3632,-93.2,388.8,0.0000,-182.8,364.7,-0.1483,328.4,242.0,0,0.0,0.0,0.0000
0.5488,0.5475,1.2,0,-386.3,-681.6,1.3950,-398.3,-691.1,1.3632,-101.0,387.0,0.0000,-181.9,347.0,-0.1276,309.9,239.8,0,0.0,0.0,0.0000
0.5559,0.5475,8.4,0,-386.3,-681.6,1.3950,-398.3,-691.1,1.3632,-101.0,387.0,0.0000,-187.3,352.5,-0.1276,314.3,246.0,0,0.0,0.0,0.0000
0.5637,0.5560,7.7,0,-387.0,-678.3,1.3916,-399.2,-687.8,1.3632,-105.1,386.0,-0.0000,-191.3,350.3,-0.1139,310.6,250.7,0,0.0,0.0,0.0000
0.5717,0.5653,6.4,0,-389.0,-673.9,1.3884,-400.2,-684.2,1.3632,-109.8,384.9,-0.0000,-191.9,344.7,-0.1008,304.2,251.2,0,0.0,0.0,0.0000
0.5806,0.5730,7.6,0,-390.7,-670.5,1.4024,-401.0,-681.3,1.3632,-114.0,383.5,0.0000,-193.9,343.3,-0.1570,306.0,248.7,0,0.0,0.0,0.0000
0.5882,0.5815,6.7,0,-392.3,-665.9,1.3937,-402.0,-678.0,1.3632,-119.0,381.3,0.0000,-195.5,336.5,-0.1223,296.8,251.7,0,0.0,0.0,0.0000
0.5966,0.5902,6.4,0,-394.0,-661.4,1.3903,-403.1,-674.7,1.3632,-123.5,380.4,-0.0000,-197.8,330.8,-0.1087,289.9,254.0,0,0.0,0.0,0.0000
0.6045,0.5982,6.3,0,-395.6,-658.5,1.3822,-404.1,-671.7,1.3632,-127.5,380.1,-0.0000,-200.4,328.4,-0.0762,285.0,258.5,0,0.0,0.0,0.0000
0.6127,0.6070,5.8,0,-397.7,-653.9,1.3933,-405.2,-668.3,1.3632,-131.4,378.1,-0.0000,-201.8,321.7,-0.1207,281.0,255.4,0,0.0,0.0,0.0000
0.6199,0.6155,4.4,0,-399.6,-650.6,1.3729,-406.3,-665.1,1.3632,-134.9,376.1,-0.0000,-201.6,318.6,-0.0389,272.8,260.3,0,0.0,0.0,0.0000
0.6284,0.6238,4.6,0,-401.6,-646.4,1.3735,-407.5,-662.0,1.3632,-139.7,374.4,0.0000,-202.5,314.2,-0.0415,268.4,260.2,0,0.0,0.0,0.0000
0.6360,0.6324,3.6,0,-404.3,-642.2,1.3862,-408.7,-658.8,1.3632,-144.7,372.7,0.0000,-201.6,307.8,-0.0922,265.5,254.7,0,0.0,0.0,0.0000
0.6440,0.6439,0.1,0,-404.7,-638.9,1.3890,-410.4,-654.5,1.3632,-150.1,370.6,0.0000,-208.0,304.7,-0.1035,262.1,259.6,0,0.0,0.0,0.0000
0.6524,0.6489,3.5,0,-407.0,-635.8,1.3656,-411.2,-652.7,1.3632,-152.4,369.8,-0.0000,-209.2,302.7,-0.0096,253.7,266.5,0,0.0,0.0,0.0000
0.6608,0.6582,2.6,0,-408.8,-631.6,1.3566,-412.6,-649.2,1.3632,-156.9,368.1,0.0000,-211.8,297.3,0.0262,245.5,270.2,0,0.0,0.0,0.0000
0.6686,0.6661,2.6,0,-411.8,-627.8,1.3515,-413.8,-646.3,1.3632,-160.6,366.7,-0.0000,-210.2,291.9,0.0465,239.2,268.7,0,0.0,0.0,0.0000
0.6758,0.6746,1.2,0,-413.4,-624.8,1.3528,-415.2,-643.2,1.3632,-164.7,364.9,-0.0000,-212.1,288.8,0.0414,236.1,269.6,0,0.0,0.0,0.0000
0.6841,0.6829,1.2,0,-416.2,-620.5,1.3571,-416.6,-640.2,1.3632,-168.8,362.9,0.0000,-211.3,283.1,0.0243,231.8,266.5,0,0.0,0.0,0.0000
0.6928,0.6914,1.4,0,-418.7,-618.0,1.3361,-418.1,-637.1,1.3632,-173.9,360.1,0.0000,-211.7,283.0,0.1083,226.0,271.7,0,0.0,0.0,0.0000
0.6999,0.6998,0.1,0,-420.3,-614.3,1.3422,-419.5,-634.1,1.3632,-177.9,358.0,-0.0000,-213.9,277.1,0.0836,221.4,271.2,0,0.0,0.0,0.0000
0.7083,0.7082,0.1,0,-423.0,-610.7,1.3370,-421.0,-631.1,1.3632,-180.7,356.8,0.0000,-214.4,272.7,0.1048,215.6,271.8,0,0.0,0.0,0.0000
0.7170,0.7169,0.1,0,-424.6,-607.2,1.3318,-422.6,-628.0,1.3632,-184.6,354.8,0.0000,-218.4,268.5,0.1253,209.2,275.7,0,0.0,0.0,0.0000
0.7248,0.7169,8.0,0,-424.6,-607.2,1.3318,-422.6,-628.0,1.3632,-184.6,354.8,0.0000,-226.5,274.2,0.1253,212.8,284.9,0,0.0,0.0,0.0000
0.7317,0.7254,6.2,0,-427.5,-604.8,1.3314,-424.2,-625.0,1.3632,-189.1,352.4,0.0000,-224.8,272.6,0.1272,211.5,283.0,0,0.0,0.0,0.0000
0.7405,0.7332,7.3,0,-429.6,-601.1,1.3221,-425.7,-622.2,1.3632,-192.9,350.4,0.0000,-227.8,268.5,0.1644,204.2,286.9,0,0.0,0.0,0.0000
0.7483,0.7461,2.3,0,-432.2,-598.8,1.3131,-428.2,-617.8,1.3632,-199.2,347.2,-0.0000,-227.5,267.1,0.2001,200.3,288.0,0,0.0,0.0,0.0000
0.7558,0.7503,5.4,0,-434.1,-595.8,1.3215,-429.1,-616.3,1.3632,-201.2,345.9,0.0000,-229.0,263.6,0.1668,198.9,287.0,0,0.0,0.0,0.0000
0.7648,0.7593,5.5,0,-437.6,-592.5,1.3115,-430.9,-613.2,1.3632,-205.4,342.9,0.0000,-228.1,260.3,0.2067,193.1,287.2,0,0.0,0.0,0.0000
0.7718,0.7674,4.4,0,-439.4,-590.4,1.3058,-432.6,-610.4,1.3632,-208.7,341.1,-0.0000,-230.0,258.8,0.2295,189.5,289.7,0,0.0,0.0,0.0000
0.7806,0.7760,4.6,0,-441.2,-588.0,1.3154,-434.4,-607.5,1.3632,-212.0,339.3,-0.0000,-234.4,257.1,0.1911,189.5,291.7,0,0.0,0.0,0.0000
0.7878,0.7844,3.4,0,-444.9,-585.1,1.2999,-436.2,-604.7,1.3632,-216.0,336.6,-0.0000,-231.1,252.8,0.2532,181.7,290.3,0,0.0,0.0,0.0000
0.7965,0.7931,3.5,0,-447.0,-582.0,1.3176,-438.1,-601.7,1.3632,-220.0,334.0,0.0000,-233.6,249.7,0.1820,183.3,288.7,0,0.0,0.0,0.0000
0.8044,0.8007,3.7,0,-450.3,-579.3,1.2986,-439.8,-599.2,1.3632,-223.7,331.3,0.0000,-232.1,246.9,0.2583,175.4,289.9,0,0.0,0.0,0.0000
0.8123,0.8098,2.5,0,-452.1,-577.4,1.3002,-441.8,-596.2,1.3632,-227.9,328.2,-0.0000,-235.1,246.6,0.2520,174.8,292.4,0,0.0,0.0,0.0000
0.8205,0.8182,2.3,0,-454.3,-575.4,1.3274,-443.8,-593.5,1.3632,-231.8,326.3,-0.0000,-237.4,246.1,0.1432,181.6,289.7,0,0.0,0.0,0.0000
0.8278,0.8264,1.3,0,-457.8,-572.6,1.3195,-445.7,-590.8,1.3632,-235.5,324.0,-0.0000,-234.9,241.2,0.1747,175.2,287.5,0,0.0,0.0,0.0000
0.8363,0.8348,1.4,0,-460.6,-571.2,1.3324,-447.7,-588.1,1.3632,-238.5,321.2,-0.0000,-236.0,241.5,0.1230,179.0,286.3,0,0.0,0.0,0.0000
0.8449,0.8435,1.3,0,-462.2,-569.3,1.3344,-449.8,-585.3,1.3632,-241.9,318.5,0.0000,-240.9,241.6,0.1149,178.5,290.8,0,0.0,0.0,0.0000
0.8519,0.8518,0.1,0,-464.7,-566.7,1.3333,-451.8,-582.7,1.3632,-245.5,316.1,-0.0000,-241.2,238.4,0.1194,174.9,290.5,0,0.0,0.0,0.0000
0.8605,0.8604,0.1,0,-467.9,-565.2,1.3464,-453.9,-580.0,1.3632,-249.2,313.1,-0.0000,-241.5,238.9,0.0672,179.2,288.6,0,0.0,0.0,0.0000
0.8683,0.8604,7.9,0,-467.9,-565.2,1.3464,-453.9,-580.0,1.3632,-249.2,313.1,-0.0000,-250.4,243.4,0.0672,181.6,298.3,0,0.0,0.0,0.0000
0.8759,0.8686,7.4,0,-469.5,-563.9,1.3505,-456.0,-577.4,1.3632,-253.0,309.6,0.0000,-253.8,243.3,0.0505,182.0,300.8,0,0.0,0.0,0.0000
0.8845,0.8770,7.6,0,-473.0,-562.1,1.3532,-458.1,-574.8,1.3632,-256.4,306.7,-0.0000,-252.5,242.2,0.0400,181.9,298.8,0,0.0,0.0,0.0000
0.8921,0.8855,6.6,0,-476.0,-559.8,1.3715,-460.3,-572.2,1.3632,-259.6,304.2,0.0000,-252.8,238.7,-0.0333,183.9,295.1,0,0.0,0.0,0.0000
0.9007,0.8942,6.4,0,-478.7,-558.4,1.3789,-462.6,-569.6,1.3632,-263.0,301.4,-0.0000,-255.3,238.6,-0.0629,185.5,296.1,0,0.0,0.0,0.0000
0.9081,0.9027,5.4,0,-480.5,-557.1,1.3844,-464.8,-567.1,1.3632,-266.2,299.0,-0.0000,-257.8,238.8,-0.0849,186.9,297.6,0,0.0,0.0,0.0000
0.9157,0.9112,4.6,0,-482.7,-556.4,1.3844,-467.1,-564.5,1.3632,-269.7,295.3,-0.0000,-259.7,240.6,-0.0851,188.3,299.8,0,0.0,0.0,0.0000
0.9241,0.9196,4.5,0,-485.9,-554.4,1.4040,-469.4,-562.1,1.3632,-273.2,291.3,-0.0000,-260.1,238.7,-0.1633,192.3,296.1,0,0.0,0.0,0.0000
0.9325,0.9300,2.5,0,-488.4,-553.0,1.4054,-472.3,-559.0,1.3632,-277.2,288.2,0.0000,-262.5,238.8,-0.1688,192.3,298.3,0,0.0,0.0,0.0000
0.9407,0.9370,3.7,0,-491.4,-552.4,1.4181,-474.2,-557.0,1.3632,-279.8,286.0,-0.0000,-263.2,240.3,-0.2199,197.4,296.7,0,0.0,0.0,0.0000
0.9485,0.9452,3.3,0,-492.8,-551.0,1.4188,-476.5,-554.7,1.3632,-283.2,283.0,0.0000,-268.2,239.3,-0.2224,195.9,301.3,0,0.0,0.0,0.0000
0.9560,0.9534,2.6,0,-494.7,-549.4,1.4247,-478.9,-552.4,1.3632,-286.4,280.1,-0.0000,-271.5,237.1,-0.2461,195.1,303.1,0,0.0,0.0,0.0000
0.9641,0.9534,10.6,0,-494.7,-549.4,1.4247,-478.9,-552.4,1.3632,-286.4,280.1,-0.0000,-281.2,240.2,-0.2461,196.7,313.1,0,0.0,0.0,0.0000
0.9724,0.9720,0.4,0,-499.7,-547.5,1.4361,-484.2,-547.3,1.3632,-292.4,272.3,-0.0000,-275.9,238.0,-0.2916,198.8,305.4,0,0.0,0.0,0.0000
0.9799,0.9786,1.3,0,-502.7,-546.1,1.4314,-486.2,-545.5,1.3632,-295.5,269.3,0.0000,-276.3,237.0,-0.2728,196.3,306.6,0,0.0,0.0,0.0000
0.9884,0.9870,1.4,0,-504.7,-545.1,1.4378,-488.7,-543.2,1.3632,-298.8,265.8,0.0000,-280.0,237.7,-0.2985,198.4,309.0,0,0.0,0.0,0.0000
0.9963,0.9870,9.3,0,-504.7,-545.1,1.4378,-488.7,-543.2,1.3632,-298.8,265.8,0.0000,-289.3,240.9,-0.2985,200.4,318.7,0,0.0,0.0,0.0000
1.0040,1.0039,0.1,0,-508.3,-542.7,1.4386,-493.8,-538.8,1.3632,-304.0,259.7,0.0000,-288.2,235.3,-0.3017,195.3,316.7,0,0.0,0.0,0.0000
1.0126,1.0124,0.1,0,-511.2,-541.0,1.4293,-496.4,-536.6,1.3632,-307.2,256.8,-0.0000,-290.0,232.3,-0.2646,189.1,319.8,0,0.0,0.0,0.0000
1.0203,1.0124,7.8,0,-511.2,-541.0,1.4293,-496.4,-536.6,1.3632,-307.2,256.8,-0.0000,-299.3,235.3,-0.2646,190.7,329.4,0,0.0,0.0,0.0000
1.0288,1.0210,7.8,0,-513.0,-539.9,1.4296,-499.0,-534.4,1.3632,-310.1,253.2,-0.0000,-304.1,234.7,-0.2658,189.6,334.1,0,0.0,0.0,0.0000
1.0365,1.0311,5.5,0,-514.5,-538.5,1.4344,-502.2,-531.9,1.3632,-313.4,248.5,-0.0000,-309.2,233.2,-0.2849,189.0,338.1,0,0.0,0.0,0.0000
1.0442,1.0377,6.6,0,-516.0,-537.6,1.4276,-504.2,-530.2,1.3632,-315.6,245.6,0.0000,-314.3,232.8,-0.2579,185.6,344.3,0,0.0,0.0,0.0000
1.0528,1.0464,6.4,0,-518.0,-535.8,1.4306,-507.0,-528.1,1.3632,-318.6,241.6,0.0000,-318.5,229.5,-0.2698,182.8,347.4,0,0.0,0.0,0.0000
1.0600,1.0535,6.4,0,-519.7,-535.1,1.4226,-509.3,-526.4,1.3632,-320.9,238.6,-0.0000,-322.2,229.2,-0.2377,179.1,352.6,0,0.0,0.0,0.0000
1.0682,1.0647,3.5,0,-521.7,-533.0,1.4143,-512.9,-523.7,1.3632,-324.6,234.0,0.0000,-326.4,224.4,-0.2047,170.8,357.3,0,0.0,0.0,0.0000
1.0760,1.0714,4.6,0,-524.2,-532.7,1.4118,-515.1,-522.2,1.3632,-326.4,231.5,-0.0000,-328.8,224.9,-0.1946,170.1,360.3,0,0.0,0.0,0.0000
1.0845,1.0802,4.3,0,-525.2,-531.5,1.4115,-517.9,-520.2,1.3632,-328.7,228.5,0.0000,-336.3,223.4,-0.1932,167.2,367.4,0,0.0,0.0,0.0000
1.0917,1.0883,3.4,0,-526.5,-530.1,1.4098,-520.6,-518.3,1.3632,-331.4,223.8,0.0000,-341.4,220.7,-0.1866,163.1,372.3,0,0.0,0.0,0.0000
1.1006,1.0980,2.6,0,-529.6,-527.3,1.4009,-523.8,-516.2,1.3632,-334.4,218.7,-0.0000,-342.8,214.5,-0.1508,153.4,374.1,0,0.0,0.0,0.0000
1.1085,1.1052,3.3,0,-531.1,-526.3,1.3990,-526.3,-514.6,1.3632,-336.4,215.9,0.0000,-348.0,213.0,-0.1432,150.3,379.3,0,0.0,0.0,0.0000
1.1161,1.1136,2.4,0,-532.5,-525.2,1.3964,-529.1,-512.8,1.3632,-338.8,212.4,0.0000,-353.7,210.1,-0.1328,145.5,384.8,0,0.0,0.0,0.0000
1.1249,1.1223,2.6,0,-534.1,-523.5,1.4049,-532.0,-511.0,1.3632,-341.4,208.9,0.0000,-360.4,205.8,-0.1668,143.5,389.4,0,0.0,0.0,0.0000
1.1326,1.1312,1.4,0,-536.5,-521.7,1.4050,-535.1,-509.2,1.3632,-343.8,205.0,-0.0000,-362.5,202.4,-0.1675,139.8,390.9,0,0.0,0.0,0.0000
1.1401,1.1389,1.2,0,-538.5,-520.2,1.4000,-537.8,-507.6,1.3632,-345.7,201.4,0.0000,-365.7,199.1,-0.1473,134.1,394.3,0,0.0,0.0,0.0000
1.1481,1.1479,0.1,0,-539.8,-518.3,1.3936,-540.9,-505.8,1.3632,-348.1,197.1,-0.0000,-371.7,193.9,-0.1217,125.3,400.1,0,0.0,0.0,0.0000
1.1561,1.1560,0.1,0,-541.4,-517.5,1.3841,-543.7,-504.2,1.3632,-350.3,192.8,-0.0000,-376.8,191.7,-0.0839,118.5,405.9,0,0.0,0.0,0.0000
1.1648,1.1647,0.1,0,-543.2,-516.3,1.3877,-546.8,-502.6,1.3632,-352.5,188.6,0.0000,-382.2,189.4,-0.0982,116.6,410.3,0,0.0,0.0,0.0000
1.1722,1.1647,7.5,0,-543.2,-516.3,1.3877,-546.8,-502.6,1.3632,-352.5,188.6,0.0000,-391.4,189.9,-0.0982,115.5,419.5,0,0.0,0.0,0.0000
1.1803,1.1728,7.5,0,-545.9,-513.5,1.3984,-549.6,-501.1,1.3632,-354.7,184.9,0.0000,-393.7,181.6,-0.1411,111.4,419.1,0,0.0,0.0,0.0000
1.1884,1.1816,6.8,0,-547.8,-512.2,1.3964,-552.8,-499.4,1.3632,-356.7,181.0,0.0000,-398.6,178.1,-0.1328,106.2,423.5,0,0.0,0.0,0.0000
1.1964,1.1899,6.5,0,-548.9,-511.1,1.3841,-555.7,-497.9,1.3632,-358.2,177.7,-0.0000,-404.8,175.0,-0.0838,96.9,430.2,0,0.0,0.0,0.0000
1.2041,1.1982,5.9,0,-551.9,-509.9,1.4017,-558.7,-496.5,1.3632,-360.4,173.3,-0.0000,-405.3,171.7,-0.1541,101.0,428.4,0,0.0,0.0,0.0000
1.2127,1.2069,5.8,0,-553.9,-508.5,1.4097,-561.9,-495.0,1.3632,-363.1,168.2,-0.0000,-410.4,167.3,-0.1862,99.3,432.0,0,0.0,0.0,0.0000
1.2198,1.2154,4.4,0,-556.5,-506.5,1.3999,-565.0,-493.6,1.3632,-364.8,164.6,-0.0000,-411.9,161.2,-0.1469,88.8,433.3,0,0.0,0.0,0.0000
1.2278,1.2234,4.4,0,-558.8,-505.1,1.4021,-567.9,-492.3,1.3632,-366.5,161.4,-0.0000,-414.9,156.4,-0.1556,84.5,435.3,0,0.0,0.0,0.0000
1.2369,1.2321,4.8,0,-560.6,-504.0,1.4086,-571.1,-490.9,1.3632,-368.1,156.7,-0.0000,-420.8,152.5,-0.1819,82.6,439.9,0,0.0,0.0,0.0000
1.2440,1.2405,3.4,0,-562.8,-502.6,1.4051,-574.2,-489.6,1.3632,-369.7,152.3,0.0000,-423.2,148.5,-0.1677,76.6,441.9,0,0.0,0.0,0.0000
1.2525,1.2488,3.7,0,-565.8,-500.8,1.4155,-577.2,-488.4,1.3632,-371.2,148.4,-0.0000,-424.7,142.6,-0.2092,75.2,441.7,0,0.0,0.0,0.0000
1.2601,1.2575,2.6,0,-568.5,-499.4,1.4096,-580.5,-487.1,1.3632,-372.7,144.2,-0.0000,-426.3,137.9,-0.1859,67.7,442.9,0,0.0,0.0,0.0000
1.2683,1.2660,2.3,0,-571.8,-498.7,1.4115,-583.6,-485.9,1.3632,-374.9,139.8,0.0000,-426.8,135.5,-0.1933,66.1,442.9,0,0.0,0.0,0.0000
1.2768,1.2743,2.4,0,-573.3,-497.6,1.4133,-586.8,-484.7,1.3632,-376.7,135.5,0.0000,-432.6,131.0,-0.2007,61.5,447.8,0,0.0,0.0,0.0000
1.2843,1.2829,1.4,0,-575.3,-496.0,1.4146,-590.0,-483.6,1.3632,-377.6,131.5,0.0000,-436.2,125.1,-0.2058,55.7,450.3,0,0.0,0.0,0.0000
1.2926,1.2913,1.2,0,-578.3,-495.2,1.4332,-593.2,-482.5,1.3632,-378.9,127.3,0.0000,-437.7,121.0,-0.2803,59.8,450.1,0,0.0,0.0,0.0000
1.3007,1.2994,1.3,0,-580.8,-494.9,1.4309,-596.3,-481.5,1.3632,-380.7,123.0,0.0000,-440.2,118.6,-0.2709,56.0,452.5,0,0.0,0.0,0.0000
1.3082,1.3081,0.1,0,-584.6,-493.0,1.4272,-599.6,-480.4,1.3632,-382.2,118.4,-0.0000,-437.8,111.9,-0.2563,48.1,449.3,0,0.0,0.0,0.0000
1.3159,1.3081,7.8,0,-584.6,-493.0,1.4272,-599.6,-480.4,1.3632,-382.2,118.4,-0.0000,-447.0,110.7,-0.2563,45.6,458.3,0,0.0,0.0,0.0000
1.3238,1.3166,7.2,0,-587.2,-492.5,1.4250,-602.8,-479.5,1.3632,-383.4,113.9,-0.0000,-449.8,108.4,-0.2472,41.9,460.8,0,0.0,0.0,0.0000
1.3325,1.3250,7.5,0,-590.9,-491.6,1.4298,-606.1,-478.5,1.3632,-384.6,109.6,0.0000,-450.0,104.6,-0.2665,40.4,460.2,0,0.0,0.0,0.0000
1.3401,1.3335,6.6,0,-593.6,-490.8,1.4311,-609.3,-477.6,1.3632,-385.8,105.6,-0.0000,-450.9,99.3,-0.2716,35.5,460.3,0,0.0,0.0,0.0000
1.3486,1.3418,6.8,0,-595.9,-490.2,1.4354,-612.5,-476.7,1.3632,-387.0,101.5,0.0000,-454.0,94.7,-0.2891,32.6,462.6,0,0.0,0.0,0.0000
1.3562,1.3504,5.8,0,-598.8,-489.1,1.4423,-615.9,-475.9,1.3632,-388.3,97.4,0.0000,-454.7,90.1,-0.3166,31.1,462.5,0,0.0,0.0,0.0000
1.3647,1.3591,5.6,0,-602.5,-488.3,1.4448,-619.3,-475.1,1.3632,-389.3,92.8,-0.0000,-454.4,85.8,-0.3265,28.0,461.6,0,0.0,0.0,0.0000
1.3727,1.3671,5.6,0,-605.7,-486.8,1.4376,-622.4,-474.3,1.3632,-390.1,88.5,0.0000,-454.8,79.3,-0.2976,18.2,461.3,0,0.0,0.0,0.0000
1.3801,1.3756,4.4,0,-608.9,-486.7,1.4457,-625.7,-473.6,1.3632,-391.2,83.6,0.0000,-454.2,77.2,-0.3303,19.9,460.3,0,0.0,0.0,0.0000
1.3884,1.3839,4.5,0,-612.2,-486.0,1.4366,-629.0,-472.9,1.3632,-392.3,78.7,-0.0000,-454.2,72.8,-0.2936,11.3,459.8,0,0.0,0.0,0.0000
1.3964,1.3926,3.7,0,-615.8,-485.8,1.4448,-632.4,-472.3,1.3632,-392.7,74.4,0.0000,-452.9,70.1,-0.3266,12.6,458.1,0,0.0,0.0,0.0000
1.4045,1.4007,3.7,0,-620.0,-485.1,1.4350,-635.6,-471.7,1.3632,-393.2,70.3,0.0000,-450.4,64.5,-0.2874,2.9,454.9,0,0.0,0.0,0.0000
1.4118,1.4094,2.4,0,-622.3,-484.7,1.4457,-639.0,-471.1,1.3632,-394.6,66.7,-0.0000,-452.4,60.3,-0.3304,3.4,456.4,0,0.0,0.0,0.0000
1.4206,1.4180,2.6,0,-626.4,-483.8,1.4467,-642.4,-470.5,1.3632,-395.7,62.7,0.0000,-450.9,55.4,-0.3343,-0.8,454.2,0,0.0,0.0,0.0000
1.4282,1.4270,1.2,0,-630.2,-483.9,1.4512,-645.9,-470.0,1.3632,-395.9,56.3,0.0000,-448.7,53.5,-0.3520,-0.4,451.9,0,0.0,0.0,0.0000
1.4358,1.4345,1.2,0,-633.8,-483.2,1.4546,-648.9,-469.6,1.3632,-396.4,51.9,-0.0000,-446.7,48.2,-0.3656,-3.9,449.2,0,0.0,0.0,0.0000
1.4447,1.4433,1.4,0,-636.7,-482.9,1.4498,-652.4,-469.1,1.3632,-397.0,47.7,0.0000,-448.7,43.8,-0.3464,-10.7,450.7,0,0.0,0.0,0.0000
1.4517,1.4516,0.1,0,-640.9,-482.9,1.4479,-655.7,-468.8,1.3632,-397.5,43.6,-0.0000,-444.5,40.6,-0.3389,-14.2,446.1,0,0.0,0.0,0.0000
1.4607,1.4516,9.0,0,-640.9,-482.9,1.4479,-655.7,-468.8,1.3632,-397.5,43.6,-0.0000,-455.1,36.7,-0.3389,-19.3,456.2,0,0.0,0.0,0.0000
1.4688,1.4686,0.2,0,-648.5,-483.2,1.4397,-662.5,-468.1,1.3632,-398.6,34.9,-0.0000,-442.5,34.5,-0.3061,-23.7,443.3,0,0.0,0.0,0.0000
1.4769,1.4686,8.2,0,-648.5,-483.2,1.4397,-662.5,-468.1,1.3632,-398.6,34.9,-0.0000,-452.3,31.2,-0.3061,-28.2,452.5,0,0.0,0.0,0.0000
1.4844,1.4770,7.4,0,-652.3,-482.5,1.4431,-665.8,-467.8,1.3632,-398.7,30.8,0.0000,-448.5,25.9,-0.3198,-31.5,448.1,0,0.0,0.0,0.0000
1.4927,1.4862,6.6,0,-656.4,-482.4,1.4432,-669.5,-467.6,1.3632,-399.1,25.6,0.0000,-445.6,22.1,-0.3200,-34.8,444.8,0,0.0,0.0,0.0000
1.5000,1.4944,5.6,0,-661.1,-482.6,1.4420,-672.7,-467.4,1.3632,-399.5,20.3,-0.0000,-440.8,18.9,-0.3154,-37.8,439.5,0,0.0,0.0,0.0000
1.5079,1.5026,5.4,0,-665.1,-482.8,1.4451,-676.0,-467.2,1.3632,-399.7,16.4,-0.0000,-438.7,15.5,-0.3276,-39.6,437.2,0,0.0,0.0,0.0000
1.5167,1.5108,5.9,0,-668.8,-483.0,1.4344,-679.3,-467.1,1.3632,-399.9,12.8,-0.0000,-437.1,11.4,-0.2850,-48.1,434.6,0,0.0,0.0,0.0000
1.5245,1.5197,4.7,0,-673.1,-482.9,1.4370,-682.9,-467.0,1.3632,-399.8,7.8,-0.0000,-432.9,6.8,-0.2954,-51.0,429.9,0,0.0,0.0,0.0000
1.5325,1.5281,4.4,0,-677.2,-483.0,1.4340,-686.2,-467.0,1.3632,-399.8,3.1,0.0000,-429.9,3.4,-0.2834,-55.2,426.4,0,0.0,0.0,0.0000
1.5405,1.5359,4.6,0,-681.6,-483.3,1.4233,-689.3,-467.0,1.3632,-399.8,-1.3,-0.0000,-425.9,0.3,-0.2407,-62.3,421.3,0,0.0,0.0,0.0000
1.5485,1.5449,3.6,0,-686.1,-483.4,1.4310,-693.0,-467.0,1.3632,-399.7,-6.4,-0.0000,-421.2,-3.5,-0.2715,-62.2,416.6,0,0.0,0.0,0.0000
1.5567,1.5532,3.5,0,-689.8,-483.4,1.4109,-696.3,-467.1,1.3632,-400.2,-10.6,0.0000,-419.1,-7.8,-0.1911,-74.4,412.6,0,0.0,0.0,0.0000
1.5641,1.5532,10.9,0,-689.8,-483.4,1.4109,-696.3,-467.1,1.3632,-400.2,-10.6,0.0000,-428.0,-12.5,-0.1911,-80.5,420.5,0,0.0,0.0,0.0000
1.5726,1.5700,2.6,0,-699.0,-484.2,1.4059,-703.0,-467.3,1.3632,-399.1,-19.0,0.0000,-411.2,-15.1,-0.1710,-82.4,403.2,0,0.0,0.0,0.0000
1.5799,1.5787,1.2,0,-702.8,-483.8,1.4052,-706.4,-467.5,1.3632,-398.5,-23.4,-0.0000,-406.2,-21.0,-0.1682,-87.7,397.2,0,0.0,0.0,0.0000
1.5880,1.5868,1.2,0,-707.5,-484.6,1.4015,-709.7,-467.7,1.3632,-399.4,-27.9,0.0000,-400.9,-23.6,-0.1535,-90.8,391.2,0,0.0,0.0,0.0000
1.5959,1.5957,0.1,0,-712.4,-484.6,1.3975,-713.3,-468.0,1.3632,-399.3,-32.9,0.0000,-394.9,-28.2,-0.1374,-95.9,384.2,0,0.0,0.0,0.0000
1.6038,1.6037,0.1,0,-715.7,-484.4,1.3911,-716.4,-468.3,1.3632,-398.3,-37.8,-0.0000,-393.7,-33.5,-0.1119,-103.3,381.3,0,0.0,0.0,0.0000
1.6125,1.6124,0.1,0,-720.6,-484.9,1.3953,-719.9,-468.6,1.3632,-397.8,-42.4,0.0000,-388.8,-37.4,-0.1287,-104.6,376.3,0,0.0,0.0,0.0000
1.6198,1.6124,7.4,0,-720.6,-484.9,1.3953,-719.9,-468.6,1.3632,-397.8,-42.4,0.0000,-396.8,-41.9,-0.1287,-110.5,383.4,0,0.0,0.0,0.0000
1.6280,1.6209,7.1,0,-724.6,-485.0,1.3957,-723.3,-469.0,1.3632,-397.4,-46.4,-0.0000,-393.0,-47.6,-0.1300,-115.3,378.7,0,0.0,0.0,0.0000
1.6361,1.6295,6.6,0,-729.0,-484.9,1.3833,-726.7,-469.4,1.3632,-396.7,-50.7,-0.0000,-388.0,-53.8,-0.0805,-125.1,371.2,0,0.0,0.0,0.0000
1.6441,1.6377,6.4,0,-733.8,-485.6,1.3864,-729.9,-469.8,1.3632,-395.7,-54.6,-0.0000,-382.6,-56.9,-0.0930,-126.1,365.7,0,0.0,0.0,0.0000
1.6528,1.6459,7.0,0,-737.9,-485.2,1.3759,-733.2,-470.3,1.3632,-395.3,-59.1,0.0000,-380.0,-63.9,-0.0508,-136.2,360.4,0,0.0,0.0,0.0000
1.6604,1.6546,5.8,0,-741.8,-485.2,1.3737,-736.6,-470.8,1.3632,-395.3,-64.3,-0.0000,-375.6,-69.5,-0.0424,-141.7,354.7,0,0.0,0.0,0.0000
1.6688,1.6675,1.3,0,-746.7,-485.4,1.3801,-741.7,-471.7,1.3632,-393.5,-71.4,-0.0000,-369.5,-74.8,-0.0676,-143.5,348.6,0,0.0,0.0,0.0000
1.6768,1.6713,5.5,0,-750.4,-485.7,1.3665,-743.2,-472.0,1.3632,-393.0,-73.4,0.0000,-366.4,-79.9,-0.0133,-152.6,342.6,0,0.0,0.0,0.0000
1.6847,1.6799,4.7,0,-755.0,-486.3,1.3700,-746.6,-472.6,1.3632,-392.3,-77.7,-0.0000,-360.3,-83.8,-0.0273,-154.0,336.4,0,0.0,0.0,0.0000
1.6918,1.6884,3.4,0,-759.1,-486.3,1.3678,-749.9,-473.3,1.3632,-391.5,-81.9,-0.0000,-355.6,-89.3,-0.0187,-159.1,330.3,0,0.0,0.0,0.0000
1.7000,1.6984,1.6,0,-762.8,-487.0,1.3643,-753.8,-474.1,1.3632,-390.6,-86.7,0.0000,-353.1,-93.5,-0.0046,-163.9,326.5,0,0.0,0.0,0.0000
1.7079,1.7033,4.6,0,-767.5,-486.6,1.3686,-755.7,-474.6,1.3632,-390.2,-89.2,0.0000,-346.5,-100.5,-0.0218,-168.0,319.3,0,0.0,0.0,0.0000
1.7160,1.7137,2.3,0,-770.9,-488.5,1.3701,-759.8,-475.5,1.3632,-388.3,-95.1,-0.0000,-343.9,-101.1,-0.0279,-167.7,316.8,0,0.0,0.0,0.0000
1.7244,1.7219,2.4,0,-775.3,-488.0,1.3658,-763.0,-476.3,1.3632,-387.0,-99.6,0.0000,-339.0,-109.0,-0.0106,-175.7,309.7,0,0.0,0.0,0.0000
1.7320,1.7219,10.0,0,-775.3,-488.0,1.3658,-763.0,-476.3,1.3632,-387.0,-99.6,0.0000,-346.4,-114.9,-0.0106,-183.1,315.8,0,0.0,0.0,0.0000
1.7406,1.7392,1.4,0,-783.4,-489.3,1.3656,-769.7,-478.1,1.3632,-385.5,-108.1,0.0000,-330.5,-119.2,-0.0096,-184.0,299.3,0,0.0,0.0,0.0000
1.7485,1.7472,1.2,0,-787.8,-489.5,1.3614,-772.7,-479.0,1.3632,-383.9,-112.3,0.0000,-324.6,-125.3,0.0069,-190.0,291.4,0,0.0,0.0,0.0000
1.7561,1.7558,0.4,0,-791.3,-490.4,1.3724,-776.0,-480.0,1.3632,-382.5,-116.7,-0.0000,-321.7,-128.4,-0.0371,-189.3,290.1,0,0.0,0.0,0.0000
1.7645,1.7558,8.8,0,-791.3,-490.4,1.3724,-776.0,-480.0,1.3632,-382.5,-116.7,-0.0000,-329.8,-135.1,-0.0371,-197.4,296.7,0,0.0,0.0,0.0000
1.7719,1.7705,1.5,0,-795.0,-491.1,1.3664,-781.6,-481.8,1.3632,-380.0,-124.2,0.0000,-324.8,-139.5,-0.0130,-202.5,289.7,0,0.0,0.0,0.0000
1.7806,1.7735,7.1,0,-798.6,-491.3,1.3673,-782.8,-482.1,1.3632,-379.6,-125.8,0.0000,-321.6,-146.4,-0.0165,-208.4,285.4,0,0.0,0.0,0.0000
1.7881,1.7813,6.8,0,-802.0,-491.6,1.3644,-785.7,-483.1,1.3632,-378.9,-129.8,-0.0000,-318.5,-152.1,-0.0050,-214.1,280.6,0,0.0,0.0,0.0000
1.7965,1.7897,6.8,0,-806.3,-492.0,1.3652,-788.9,-484.3,1.3632,-377.2,-133.9,0.0000,-313.3,-158.3,-0.0080,-218.9,274.4,0,0.0,0.0,0.0000
1.8037,1.7999,3.8,0,-809.1,-492.4,1.3664,-792.7,-485.6,1.3632,-374.7,-138.8,-0.0000,-311.1,-163.8,-0.0129,-223.6,271.3,0,0.0,0.0,0.0000
1.8119,1.8063,5.6,0,-813.5,-493.3,1.3642,-795.1,-486.5,1.3632,-373.6,-141.9,0.0000,-304.9,-168.7,-0.0041,-227.6,263.8,0,0.0,0.0,0.0000
1.8200,1.8153,4.7,0,-816.3,-494.5,1.3638,-798.5,-487.8,1.3632,-372.1,-146.0,0.0000,-303.9,-172.1,-0.0026,-230.9,262.0,0,0.0,0.0,0.0000
1.8279,1.8235,4.4,0,-820.3,-495.1,1.3674,-801.5,-489.1,1.3632,-370.4,-150.7,0.0000,-298.8,-177.5,-0.0169,-234.2,256.8,0,0.0,0.0,0.0000
1.8357,1.8331,2.6,0,-823.1,-495.9,1.3689,-805.1,-490.5,1.3632,-368.5,-156.2,-0.0000,-296.9,-182.2,-0.0231,-238.0,254.4,0,0.0,0.0,0.0000
1.8445,1.8407,3.9,0,-826.4,-497.4,1.3662,-807.9,-491.7,1.3632,-367.1,-159.2,-0.0000,-294.5,-186.0,-0.0120,-241.9,250.6,0,0.0,0.0,0.0000
1.8518,1.8489,2.8,0,-829.9,-498.1,1.3553,-810.9,-493.1,1.3632,-365.6,-162.8,0.0000,-289.9,-191.1,0.0313,-248.7,242.3,0,0.0,0.0,0.0000
1.8608,1.8572,3.6,0,-832.8,-498.5,1.3608,-813.9,-494.4,1.3632,-363.3,-167.0,-0.0000,-288.2,-198.9,0.0096,-254.6,240.4,0,0.0,0.0,0.0000
1.8680,1.8665,1.4,0,-835.5,-499.5,1.3576,-817.3,-496.0,1.3632,-361.0,-171.6,-0.0000,-285.5,-202.5,0.0222,-258.3,236.2,0,0.0,0.0,0.0000
1.8767,1.8752,1.5,0,-837.8,-501.3,1.3428,-820.4,-497.5,1.3632,-359.3,-175.8,-0.0000,-285.6,-205.4,0.0813,-264.6,231.8,0,0.0,0.0,0.0000
1.8838,1.8825,1.3,0,-841.7,-502.6,1.3574,-823.0,-498.8,1.3632,-357.6,-179.3,-0.0000,-279.5,-208.6,0.0229,-263.0,229.0,0,0.0,0.0,0.0000
1.8925,1.8911,1.4,0,-843.6,-504.2,1.3535,-826.1,-500.4,1.3632,-355.3,-183.7,0.0000,-280.9,-212.4,0.0388,-268.0,228.5,0,0.0,0.0,0.0000
1.9000,1.8998,0.2,0,-847.3,-505.1,1.3618,-829.2,-502.0,1.3632,-353.1,-187.8,0.0000,-275.8,-216.8,0.0056,-269.3,224.8,0,0.0,0.0,0.0000
1.9079,1.9078,0.1,0,-849.3,-506.6,1.3583,-832.0,-503.5,1.3632,-351.5,-191.2,0.0000,-276.0,-220.0,0.0194,-273.3,223.4,0,0.0,0.0,0.0000
1.9165,1.9163,0.2,0,-852.0,-509.3,1.3518,-835.0,-505.1,1.3632,-349.4,-195.1,0.0000,-274.0,-221.4,0.0452,-275.6,219.4,0,0.0,0.0,0.0000
1.9248,1.9247,0.1,0,-854.7,-511.0,1.3765,-837.9,-506.8,1.3632,-347.2,-198.8,0.0000,-271.7,-225.0,-0.0533,-273.3,223.1,0,0.0,0.0,0.0000
1.9324,1.9247,7.7,0,-854.7,-511.0,1.3765,-837.9,-506.8,1.3632,-347.2,-198.8,0.0000,-277.2,-232.3,-0.0533,-281.5,227.2,0,0.0,0.0,0.0000
1.9398,1.9344,5.4,0,-856.4,-511.8,1.3690,-841.2,-508.7,1.3632,-344.4,-203.6,0.0000,-277.2,-237.2,-0.0233,-287.9,224.1,0,0.0,0.0,0.0000
1.9484,1.9416,6.8,0,-858.6,-514.1,1.3670,-843.7,-510.2,1.3632,-342.3,-207.4,0.0000,-276.9,-239.4,-0.0154,-290.5,222.7,0,0.0,0.0,0.0000
1.9559,1.9503,5.6,0,-861.7,-516.1,1.3753,-846.7,-512.0,1.3632,-339.6,-211.2,0.0000,-273.0,-241.4,-0.0487,-289.8,220.9,0,0.0,0.0,0.0000
1.9644,1.9589,5.4,0,-863.0,-517.8,1.3716,-849.6,-513.9,1.3632,-336.8,-214.7,-0.0000,-274.5,-245.4,-0.0336,-294.9,220.5,0,0.0,0.0,0.0000
1.9726,1.9670,5.6,0,-865.7,-519.6,1.3769,-852.3,-515.6,1.3632,-334.7,-218.4,-0.0000,-271.9,-249.2,-0.0550,-296.9,218.8,0,0.0,0.0,0.0000
1.9808,1.9751,5.7,0,-868.3,-522.0,1.3900,-855.0,-517.4,1.3632,-332.6,-222.2,0.0000,-268.8,-251.1,-0.1072,-295.4,219.3,0,0.0,0.0,0.0000
1.9883,1.9840,4.3,0,-869.8,-523.8,1.3747,-858.0,-519.4,1.3632,-330.2,-225.8,-0.0000,-268.9,-254.0,-0.0461,-301.5,214.3,0,0.0,0.0,0.0000
1.9957,1.9923,3.4,0,-872.7,-525.4,1.3912,-860.7,-521.3,1.3632,-328.1,-229.2,-0.0000,-265.2,-256.8,-0.1123,-300.0,215.0,0,0.0,0.0,0.0000
2.0038,2.0012,2.6,0,-874.9,-528.2,1.3860,-863.6,-523.3,1.3632,-324.9,-233.6,-0.0000,-264.0,-256.6,-0.0913,-300.7,212.3,0,0.0,0.0,0.0000
2.0119,2.0095,2.4,0,-876.2,-530.3,1.3822,-866.3,-525.3,1.3632,-322.1,-237.5,-0.0000,-265.5,-259.2,-0.0762,-304.4,212.2,0,0.0,0.0,0.0000
2.0201,2.0177,2.5,0,-878.3,-531.8,1.3853,-868.9,-527.3,1.3632,-319.5,-240.4,0.0000,-264.6,-263.9,-0.0887,-308.2,211.4,0,0.0,0.0,0.0000
2.0279,2.0264,1.5,0,-880.3,-534.9,1.3777,-871.7,-529.4,1.3632,-316.8,-243.8,0.0000,-262.2,-263.5,-0.0582,-308.9,206.8,0,0.0,0.0,0.0000
2.0364,2.0349,1.4,0,-882.5,-536.7,1.3681,-874.4,-531.5,1.3632,-314.2,-247.5,-0.0000,-259.9,-268.0,-0.0198,-314.9,200.6,0,0.0,0.0,0.0000
2.0443,2.0430,1.2,0,-883.9,-538.8,1.3760,-876.9,-533.5,1.3632,-311.6,-251.0,0.0000,-260.4,-270.2,-0.0514,-315.5,203.2,0,0.0,0.0,0.0000
2.0519,2.0517,0.2,0,-886.3,-540.9,1.3697,-879.6,-535.7,1.3632,-308.6,-254.7,0.0000,-257.5,-272.3,-0.0262,-318.3,197.9,0,0.0,0.0,0.0000
2.0608,2.0607,0.1,0,-888.4,-543.8,1.3812,-882.4,-538.0,1.3632,-305.3,-258.7,-0.0000,-255.7,-273.8,-0.0722,-317.1,199.5,0,0.0,0.0,0.0000
2.0683,2.0682,0.1,0,-890.0,-545.2,1.3684,-884.7,-540.0,1.3632,-302.1,-262.2,-0.0000,-254.9,-278.2,-0.0208,-323.8,193.8,0,0.0,0.0,0.0000
2.0768,2.0682,8.5,0,-890.0,-545.2,1.3684,-884.7,-540.0,1.3632,-302.1,-262.2,-0.0000,-259.6,-287.9,-0.0208,-334.2,196.5,0,0.0,0.0,0.0000
2.0840,2.0775,6.5,0,-891.5,-548.3,1.3601,-887.4,-542.4,1.3632,-298.9,-265.7,-0.0000,-259.0,-287.1,0.0123,-334.9,193.2,0,0.0,0.0,0.0000
2.0927,2.0852,7.5,0,-893.5,-551.2,1.3763,-889.7,-544.4,1.3632,-296.5,-268.1,-0.0000,-257.0,-288.6,-0.0527,-332.8,196.4,0,0.0,0.0,0.0000
2.1005,2.0940,6.4,0,-896.1,-552.9,1.3668,-892.3,-546.8,1.3632,-293.7,-271.5,0.0000,-253.0,-292.6,-0.0146,-337.8,188.5,0,0.0,0.0,0.0000
2.1086,2.1020,6.6,0,-897.2,-555.2,1.3671,-894.7,-549.0,1.3632,-291.5,-274.6,0.0000,-252.7,-295.1,-0.0160,-340.2,187.8,0,0.0,0.0,0.0000
2.1167,2.1108,5.8,0,-899.4,-558.0,1.3757,-897.2,-551.5,1.3632,-287.7,-278.2,-0.0000,-249.7,-296.1,-0.0502,-338.9,187.6,0,0.0,0.0,0.0000
2.1246,2.1192,5.4,0,-902.2,-559.8,1.3802,-899.6,-553.8,1.3632,-283.8,-281.8,0.0000,-245.2,-299.8,-0.0682,-340.8,184.0,0,0.0,0.0,0.0000
2.1321,2.1275,4.7,0,-903.8,-561.8,1.3761,-901.9,-556.1,1.3632,-280.8,-284.7,-0.0000,-244.0,-302.7,-0.0518,-344.2,180.9,0,0.0,0.0,0.0000
2.1408,2.1360,4.8,0,-904.9,-565.0,1.3728,-904.3,-558.6,1.3632,-277.8,-287.7,0.0000,-243.8,-304.1,-0.0386,-346.1,179.3,0,0.0,0.0,0.0000
2.1477,2.1444,3.2,0,-907.9,-566.6,1.3892,-906.7,-561.0,1.3632,-274.4,-290.7,0.0000,-237.6,-307.8,-0.1040,-345.6,178.1,0,0.0,0.0,0.0000
2.1566,2.1528,3.7,0,-909.5,-569.0,1.3777,-909.0,-563.5,1.3632,-270.9,-293.8,0.0000,-235.7,-311.1,-0.0582,-350.5,171.6,0,0.0,0.0,0.0000
2.1640,2.1615,2.4,0,-911.1,-571.8,1.3793,-911.3,-566.0,1.3632,-267.9,-296.9,0.0000,-233.6,-311.3,-0.0646,-350.1,170.1,0,0.0,0.0,0.0000
2.1722,2.1698,2.4,0,-913.9,-573.9,1.3871,-913.5,-568.5,1.3632,-264.9,-299.8,-0.0000,-228.7,-314.1,-0.0958,-350.6,167.5,0,0.0,0.0,0.0000
2.1807,2.1783,2.4,0,-915.8,-577.6,1.3924,-915.7,-571.1,1.3632,-261.5,-303.0,0.0000,-226.6,-312.9,-0.1170,-348.1,167.5,0,0.0,0.0,0.0000
2.1887,2.1873,1.4,0,-917.4,-579.1,1.3874,-918.1,-573.8,1.3632,-257.7,-306.2,-0.0000,-223.8,-318.8,-0.0970,-354.3,161.9,0,0.0,0.0,0.0000
2.1970,2.1955,1.6,0,-919.6,-582.3,1.4026,-920.2,-576.3,1.3632,-253.7,-308.9,0.0000,-219.5,-319.8,-0.1580,-352.0,162.9,0,0.0,0.0,0.0000
2.2038,2.2035,0.2,0,-922.0,-584.9,1.3952,-922.2,-578.8,1.3632,-250.4,-311.5,-0.0000,-214.3,-319.9,-0.1282,-352.5,155.1,0,0.0,0.0,0.0000
2.2123,2.2122,0.1,0,-924.1,-586.7,1.3911,-924.3,-581.5,1.3632,-247.5,-314.1,-0.0000,-210.3,-325.3,-0.1117,-357.7,148.8,0,0.0,0.0,0.0000
2.2199,2.2122,7.8,0,-924.1,-586.7,1.3911,-924.3,-581.5,1.3632,-247.5,-314.1,-0.0000,-212.9,-334.8,-0.1117,-367.4,149.6,0,0.0,0.0,0.0000
2.2283,2.2206,7.8,0,-925.9,-589.9,1.4033,-926.4,-584.2,1.3632,-244.1,-317.0,0.0000,-210.3,-335.4,-0.1607,-365.8,151.4,0,0.0,0.0,0.0000
2.2365,2.2293,7.2,0,-928.6,-592.1,1.3973,-928.5,-587.0,1.3632,-240.1,-320.6,0.0000,-203.8,-338.1,-0.1364,-368.3,142.4,0,0.0,0.0,0.0000
2.2440,2.2374,6.6,0,-930.6,-594.1,1.3961,-930.4,-589.6,1.3632,-236.5,-323.1,0.0000,-199.7,-341.1,-0.1319,-370.6,137.4,0,0.0,0.0,0.0000
2.2521,2.2461,6.0,0,-932.1,-597.0,1.4083,-932.5,-592.4,1.3632,-232.3,-325.7,0.0000,-197.2,-343.1,-0.1807,-370.5,139.1,0,0.0,0.0,0.0000
2.2600,2.2546,5.4,0,-934.7,-599.6,1.4073,-934.4,-595.2,1.3632,-228.9,-327.8,-0.0000,-191.2,-345.6,-0.1768,-372.1,132.5,0,0.0,0.0,0.0000
2.2684,2.2629,5.6,0,-936.4,-602.6,1.4151,-936.3,-597.9,1.3632,-226.1,-329.5,0.0000,-187.4,-346.6,-0.2078,-371.5,131.4,0,0.0,0.0,0.0000
2.2761,2.2715,4.6,0,-938.2,-605.4,1.3908,-938.3,-600.7,1.3632,-221.8,-332.5,0.0000,-183.2,-347.6,-0.1104,-374.8,117.9,0,0.0,0.0,0.0000
2.2845,2.2811,3.4,0,-941.5,-607.3,1.4059,-940.4,-603.9,1.3632,-217.0,-335.9,0.0000,-175.0,-352.5,-0.1708,-376.5,114.8,0,0.0,0.0,0.0000
2.2925,2.2880,4.5,0,-944.3,-611.3,1.4077,-941.9,-606.3,1.3632,-213.9,-337.8,-0.0000,-167.8,-350.9,-0.1782,-373.4,108.6,0,0.0,0.0,0.0000
2.3006,2.2969,3.7,0,-944.9,-612.8,1.3906,-943.7,-609.3,1.3632,-209.8,-340.5,0.0000,-167.8,-355.5,-0.1098,-379.8,101.4,0,0.0,0.0,0.0000
2.3086,2.3052,3.3,0,-947.3,-615.4,1.4094,-945.5,-612.1,1.3632,-206.5,-342.9,-0.0000,-161.9,-357.4,-0.1849,-378.8,102.4,0,0.0,0.0,0.0000
2.3158,2.3134,2.4,0,-949.8,-618.6,1.3880,-947.1,-614.9,1.3632,-203.1,-345.3,0.0000,-154.8,-357.8,-0.0992,-379.9,87.2,0,0.0,0.0,0.0000
2.3247,2.3221,2.7,0,-950.9,-620.3,1.3803,-948.9,-618.0,1.3632,-198.8,-346.9,-0.0000,-152.1,-364.4,-0.0686,-386.6,80.3,0,0.0,0.0,0.0000
2.3321,2.3308,1.2,0,-952.7,-624.1,1.3873,-950.6,-621.0,1.3632,-194.7,-349.0,-0.0000,-147.5,-361.7,-0.0965,-382.6,79.0,0,0.0,0.0,0.0000
2.3400,2.3388,1.2,0,-956.1,-626.3,1.3851,-952.2,-623.8,1.3632,-191.2,-351.7,0.0000,-138.2,-365.0,-0.0877,-384.2,68.4,0,0.0,0.0,0.0000
2.3488,2.3473,1.4,0,-957.3,-629.2,1.3746,-953.8,-626.8,1.3632,-187.1,-354.0,0.0000,-135.2,-366.9,-0.0458,-386.2,61.1,0,0.0,0.0,0.0000
2.3561,2.3558,0.2,0,-960.8,-632.3,1.3837,-955.3,-629.8,1.3632,-182.5,-355.7,0.0000,-125.3,-366.5,-0.0821,-383.5,55.0,0,0.0,0.0,0.0000
2.3643,2.3642,0.2,0,-963.8,-634.3,1.3916,-956.8,-632.8,1.3632,-178.5,-357.7,0.0000,-116.5,-371.5,-0.1139,-386.3,48.4,0,0.0,0.0,0.0000
2.3730,2.3729,0.1,0,-963.6,-636.9,1.3731,-958.4,-635.9,1.3632,-174.5,-360.2,-0.0000,-117.2,-375.0,-0.0399,-390.7,41.2,0,0.0,0.0,0.0000
2.3807,2.3729,7.9,0,-963.6,-636.9,1.3731,-958.4,-635.9,1.3632,-174.5,-360.2,-0.0000,-116.9,-384.4,-0.0399,-399.8,39.2,0,0.0,0.0,0.0000
2.3884,2.3847,3.7,0,-965.4,-639.9,1.3748,-960.4,-640.2,1.3632,-169.3,-362.3,0.0000,-111.5,-385.0,-0.0468,-399.3,34.4,0,0.0,0.0,0.0000
2.3960,2.3948,1.2,0,-967.9,-642.9,1.3669,-962.1,-643.8,1.3632,-164.8,-364.1,0.0000,-104.6,-385.2,-0.0151,-398.4,24.5,0,0.0,0.0,0.0000
2.4037,2.3982,5.5,0,-969.4,-645.3,1.3723,-962.7,-645.1,1.3632,-162.8,-365.1,-0.0000,-100.3,-387.6,-0.0365,-399.8,21.9,0,0.0,0.0,0.0000
2.4120,2.4071,4.8,0,-971.2,-647.2,1.3629,-964.1,-648.4,1.3632,-157.7,-367.9,-0.0000,-94.5,-392.2,0.0010,-403.2,11.5,0,0.0,0.0,0.0000
2.4203,2.4154,4.9,0,-972.4,-651.2,1.3557,-965.4,-651.4,1.3632,-153.8,-369.4,0.0000,-90.2,-390.6,0.0297,-400.8,4.8,0,0.0,0.0,0.0000
2.4279,2.4236,4.3,0,-975.8,-653.3,1.3689,-966.6,-654.5,1.3632,-149.9,-370.8,0.0000,-79.2,-394.7,-0.0229,-402.5,-1.5,0,0.0,0.0,0.0000
2.4366,2.4341,2.5,0,-977.2,-656.3,1.3647,-968.2,-658.4,1.3632,-144.8,-372.6,-0.0000,-73.8,-397.0,-0.0061,-403.7,-9.0,0,0.0,0.0,0.0000
2.4447,2.4410,3.7,0,-978.0,-659.3,1.3611,-969.2,-660.9,1.3632,-141.5,-373.9,0.0000,-70.9,-397.1,0.0084,-403.1,-13.4,0,0.0,0.0,0.0000
2.4522,2.4488,3.4,0,-980.9,-660.9,1.3701,-970.2,-663.9,1.3632,-137.5,-375.8,-0.0000,-61.5,-401.2,-0.0280,-405.5,-19.7,0,0.0,0.0,0.0000
2.4607,2.4571,3.6,0,-981.8,-665.1,1.3695,-971.4,-667.0,1.3632,-133.3,-377.7,-0.0000,-58.1,-399.7,-0.0254,-403.2,-23.0,0,0.0,0.0,0.0000
2.4683,2.4681,0.1,0,-983.7,-666.8,1.3567,-972.8,-671.2,1.3632,-127.2,-379.3,-0.0000,-51.7,-404.3,0.0258,-406.1,-35.4,0,0.0,0.0,0.0000
2.4757,2.4744,1.3,0,-984.9,-669.8,1.3536,-973.6,-673.5,1.3632,-124.1,-380.2,0.0000,-46.8,-404.6,0.0383,-405.2,-41.5,0,0.0,0.0,0.0000
2.4839,2.4744,9.5,0,-984.9,-669.8,1.3536,-973.6,-673.5,1.3632,-124.1,-380.2,0.0000,-45.4,-415.0,0.0383,-415.0,-45.1,0,0.0,0.0,0.0000
2.4926,2.4912,1.4,0,-988.4,-674.4,1.3440,-975.6,-679.9,1.3632,-116.7,-382.4,-0.0000,-33.5,-412.0,0.0768,-409.0,-60.0,0,0.0,0.0,0.0000
2.5005,2.4912,9.3,0,-988.4,-674.4,1.3440,-975.6,-679.9,1.3632,-116.7,-382.4,-0.0000,-32.0,-421.9,0.0768,-418.2,-63.7,0,0.0,0.0,0.0000
2.5082,2.5081,0.1,0,-991.1,-680.5,1.3566,-977.5,-686.4,1.3632,-107.5,-385.1,-0.0000,-21.9,-413.1,0.0261,-408.3,-66.4,0,0.0,0.0,0.0000
2.5162,2.5161,0.1,0,-992.0,-684.7,1.3491,-978.4,-689.5,1.3632,-102.8,-387.1,-0.0000,-17.4,-410.5,0.0561,-404.2,-73.3,0,0.0,0.0,0.0000
2.5238,2.5161,7.7,0,-992.0,-684.7,1.3491,-978.4,-689.5,1.3632,-102.8,-387.1,-0.0000,-16.4,-419.7,0.0561,-413.0,-76.2,0,0.0,0.0,0.0000
2.5325,2.5161,16.4,0,-992.0,-684.7,1.3491,-978.4,-689.5,1.3632,-102.8,-387.1,-0.0000,-14.9,-430.3,0.0561,-423.1,-80.0,0,0.0,0.0,0.0000
2.5404,2.5349,5.4,0,-995.5,-688.9,1.3378,-980.2,-696.8,1.3632,-93.2,-388.4,0.0000,-1.7,-427.3,0.1014,-416.1,-97.0,0,0.0,0.0,0.0000
2.5484,2.5418,6.7,0,-996.7,-692.2,1.3493,-980.8,-699.5,1.3632,-89.9,-389.3,-0.0000,4.5,-427.0,0.0556,-415.6,-98.2,0,0.0,0.0,0.0000
2.5561,2.5503,5.8,0,-997.2,-694.6,1.3449,-981.6,-702.8,1.3632,-85.8,-390.7,-0.0000,7.9,-429.3,0.0730,-416.7,-103.8,0,0.0,0.0,0.0000
2.5641,2.5587,5.4,0,-999.4,-699.6,1.3422,-982.3,-706.1,1.3632,-81.4,-391.7,0.0000,16.6,-424.2,0.0836,-409.4,-112.3,0,0.0,0.0,0.0000
2.5721,2.5685,3.7,0,-998.4,-700.8,1.3569,-983.0,-709.9,1.3632,-76.1,-392.7,0.0000,16.1,-430.7,0.0250,-417.5,-107.2,0,0.0,0.0,0.0000
2.5803,2.5756,4.8,0,-999.8,-704.4,1.3256,-983.6,-712.7,1.3632,-72.3,-393.6,0.0000,23.0,-430.5,0.1502,-412.0,-126.8,0,0.0,0.0,0.0000
2.5885,2.5841,4.3,0,-1002.2,-707.6,1.3566,-984.2,-716.1,1.3632,-67.7,-394.6,-0.0000,32.3,-429.8,0.0264,-413.2,-122.9,0,0.0,0.0,0.0000
2.5967,2.5922,4.6,0,-1000.8,-710.6,1.3326,-984.7,-719.3,1.3632,-63.3,-395.1,0.0000,30.6,-430.7,0.1222,-411.3,-131.3,0,0.0,0.0,0.0000
2.6046,2.6031,1.5,0,-1001.6,-713.0,1.3482,-985.4,-723.6,1.3632,-57.4,-395.9,-0.0000,37.0,-433.5,0.0596,-414.6,-131.7,0,0.0,0.0,0.0000
2.6117,2.6093,2.4,0,-1002.5,-716.0,1.3358,-985.7,-726.0,1.3632,-54.9,-396.3,0.0000,42.9,-433.4,0.1095,-411.5,-142.7,0,0.0,0.0,0.0000
2.6201,2.6177,2.4,0,-1002.8,-719.5,1.3510,-986.1,-729.4,1.3632,-51.0,-396.7,-0.0000,46.4,-432.3,0.0485,-411.8,-139.5,0,0.0,0.0,0.0000
2.6282,2.6266,1.6,0,-1003.0,-721.7,1.3427,-986.6,-732.9,1.3632,-45.2,-397.1,-0.0000,49.5,-435.2,0.0818,-412.7,-146.6,0,0.0,0.0,0.0000
2.6365,2.6353,1.2,0,-1003.6,-725.8,1.3384,-986.9,-736.4,1.3632,-40.3,-397.5,-0.0000,54.6,-433.5,0.0992,-409.3,-153.0,0,0.0,0.0,0.0000
2.6441,2.6429,1.2,0,-1004.0,-728.1,1.3504,-987.2,-739.4,1.3632,-36.8,-398.0,-0.0000,59.1,-435.6,0.0510,-412.1,-152.9,0,0.0,0.0,0.0000
2.6517,2.6516,0.1,0,-1003.7,-731.6,1.3500,-987.5,-742.8,1.3632,-32.3,-398.6,0.0000,61.4,-433.8,0.0527,-409.8,-154.9,0,0.0,0.0,0.0000
2.6601,2.6516,8.5,0,-1003.7,-731.6,1.3500,-987.5,-742.8,1.3632,-32.3,-398.6,0.0000,65.1,-443.5,0.0527,-418.5,-160.6,0,0.0,0.0,0.0000
2.6683,2.6682,0.1,0,-1003.8,-739.0,1.3411,-988.0,-749.5,1.3632,-23.3,-399.7,0.0000,69.9,-430.8,0.0881,-403.6,-166.1,0,0.0,0.0,0.0000
2.6769,2.6768,0.1,0,-1003.8,-742.3,1.3342,-988.2,-752.9,1.3632,-19.6,-399.2,-0.0000,74.5,-431.0,0.1159,-401.5,-173.5,0,0.0,0.0,0.0000
2.6847,2.6768,7.9,0,-1003.8,-742.3,1.3342,-988.2,-752.9,1.3632,-19.6,-399.2,-0.0000,77.0,-440.2,0.1159,-409.9,-178.0,0,0.0,0.0,0.0000
2.6920,2.6854,6.6,0,-1003.2,-745.6,1.3358,-988.3,-756.4,1.3632,-14.6,-399.4,-0.0000,78.1,-438.8,0.1094,-408.6,-178.2,0,0.0,0.0,0.0000
2.6998,2.6944,5.4,0,-1003.6,-748.4,1.3346,-988.4,-760.0,1.3632,-8.3,-400.2,0.0000,83.9,-438.9,0.1142,-407.1,-184.3,0,0.0,0.0,0.0000
2.7085,2.7030,5.4,0,-1003.0,-752.4,1.3350,-988.5,-763.4,1.3632,-4.1,-400.1,-0.0000,87.3,-436.9,0.1125,-404.4,-186.9,0,0.0,0.0,0.0000
2.7162,2.7105,5.7,0,-1003.2,-755.4,1.3264,-988.5,-766.4,1.3632,-0.7,-399.8,0.0000,91.6,-436.7,0.1470,-401.6,-194.5,0,0.0,0.0,0.0000
2.7246,2.7191,5.4,0,-1003.1,-759.0,1.3301,-988.5,-769.8,1.3632,3.7,-400.0,0.0000,95.8,-435.7,0.1321,-400.3,-196.9,0,0.0,0.0,0.0000
2.7319,2.7273,4.6,0,-1002.3,-762.1,1.3254,-988.4,-773.1,1.3632,7.9,-400.5,0.0000,97.8,-434.8,0.1512,-398.0,-200.5,0,0.0,0.0,0.0000
2.7408,2.7361,4.7,0,-1002.1,-766.0,1.3344,-988.4,-776.6,1.3632,12.5,-399.9,-0.0000,101.9,-433.3,0.1150,-397.4,-200.6,0,0.0,0.0,0.0000
2.7481,2.7448,3.3,0,-1001.2,-768.7,1.3274,-988.2,-780.1,1.3632,17.1,-399.5,0.0000,103.2,-433.2,0.1430,-395.6,-204.6,0,0.0,0.0,0.0000
2.7568,2.7532,3.6,0,-999.6,-773.0,1.3378,-988.1,-783.5,1.3632,22.5,-399.2,0.0000,103.3,-429.9,0.1015,-394.4,-199.8,0,0.0,0.0,0.0000
2.7637,2.7612,2.5,0,-999.1,-775.7,1.3305,-987.9,-786.7,1.3632,27.4,-399.0,0.0000,106.4,-428.9,0.1307,-391.3,-205.4,0,0.0,0.0,0.0000
2.7726,2.7703,2.3,0,-998.7,-780.1,1.3362,-987.6,-790.3,1.3632,30.8,-398.8,0.0000,110.9,-425.5,0.1080,-388.0,-206.8,0,0.0,0.0,0.0000
2.7805,2.7781,2.4,0,-998.2,-782.7,1.3303,-987.3,-793.4,1.3632,34.4,-398.6,0.0000,114.5,-426.5,0.1314,-387.0,-212.8,0,0.0,0.0,0.0000
2.7881,2.7866,1.5,0,-997.3,-786.5,1.3282,-987.0,-796.8,1.3632,39.8,-397.7,-0.0000,116.6,-423.5,0.1397,-383.1,-214.9,0,0.0,0.0,0.0000
2.7957,2.7943,1.4,0,-996.7,-788.9,1.3293,-986.7,-799.8,1.3632,44.1,-397.2,-0.0000,119.6,-424.6,0.1354,-383.7,-217.7,0,0.0,0.0,0.0000
2.8050,2.8036,1.4,0,-995.8,-793.4,1.3301,-986.3,-803.5,1.3632,48.9,-396.8,0.0000,122.7,-421.2,0.1321,-379.9,-219.5,0,0.0,0.0,0.0000
2.8117,2.8036,8.1,0,-995.8,-793.4,1.3301,-986.3,-803.5,1.3632,48.9,-396.8,0.0000,127.2,-427.8,0.1321,-385.2,-225.5,0,0.0,0.0,0.0000
2.8205,2.8204,0.1,0,-994.0,-801.1,1.3340,-985.4,-810.2,1.3632,57.9,-396.1,0.0000,127.9,-413.7,0.1167,-372.1,-221.4,0,0.0,0.0,0.0000
2.8281,2.8204,7.6,0,-994.0,-801.1,1.3340,-985.4,-810.2,1.3632,57.9,-396.1,0.0000,133.5,-421.8,0.1167,-378.7,-228.8,0,0.0,0.0,0.0000
2.8363,2.8287,7.6,0,-992.8,-804.1,1.3218,-984.9,-813.5,1.3632,62.1,-395.5,0.0000,135.8,-421.8,0.1653,-375.3,-235.6,0,0.0,0.0,0.0000
2.8441,2.8375,6.6,0,-991.8,-808.3,1.3291,-984.3,-817.0,1.3632,66.3,-394.6,0.0000,137.9,-417.1,0.1363,-372.0,-233.7,0,0.0,0.0,0.0000
2.8526,2.8460,6.6,0,-991.4,-811.1,1.3254,-983.7,-820.3,1.3632,70.9,-393.6,-0.0000,142.7,-417.7,0.1510,-370.5,-239.8,0,0.0,0.0,0.0000
2.8597,2.8541,5.6,0,-990.4,-814.5,1.3414,-983.1,-823.5,1.3632,75.4,-392.4,0.0000,145.0,-414.5,0.0872,-370.7,-235.4,0,0.0,0.0,0.0000
2.8687,2.8629,5.8,0,-989.1,-817.7,1.3329,-982.5,-826.9,1.3632,80.1,-391.7,0.0000,148.0,-414.0,0.1210,-367.5,-241.4,0,0.0,0.0,0.0000
2.8763,2.8710,5.3,0,-988.3,-820.9,1.3413,-981.8,-830.1,1.3632,84.5,-391.0,-0.0000,151.2,-411.9,0.0874,-366.7,-240.9,0,0.0,0.0,0.0000
2.8838,2.8794,4.4,0,-986.1,-825.6,1.3189,-981.1,-833.4,1.3632,88.7,-390.2,0.0000,150.8,-405.4,0.1769,-355.1,-247.1,0,0.0,0.0,0.0000
2.8921,2.8883,3.8,0,-985.8,-829.2,1.3346,-980.3,-836.9,1.3632,93.1,-389.5,-0.0000,156.4,-402.6,0.1141,-354.8,-246.2,0,0.0,0.0,0.0000
2.9002,2.8969,3.4,0,-984.8,-832.8,1.3422,-979.4,-840.2,1.3632,97.5,-387.9,-0.0000,160.0,-399.4,0.0838,-352.8,-246.3,0,0.0,0.0,0.0000
2.9083,2.9048,3.6,0,-983.9,-835.4,1.3292,-978.6,-843.2,1.3632,101.6,-386.5,-0.0000,163.6,-399.5,0.1360,-348.7,-254.5,0,0.0,0.0,0.0000
2.9163,2.9137,2.6,0,-981.3,-839.3,1.3255,-977.7,-846.7,1.3632,106.6,-385.5,0.0000,162.1,-395.6,0.1507,-344.4,-253.3,0,0.0,0.0,0.0000
2.9246,2.9221,2.5,0,-980.5,-843.1,1.3330,-976.8,-849.9,1.3632,111.1,-384.4,0.0000,166.3,-392.5,0.1207,-342.3,-254.1,0,0.0,0.0,0.0000
2.9326,2.9302,2.4,0,-979.5,-846.8,1.3437,-975.9,-853.0,1.3632,114.6,-383.3,0.0000,170.0,-389.2,0.0778,-340.9,-253.2,0,0.0,0.0,0.0000
2.9402,2.9388,1.4,0,-978.1,-850.0,1.3322,-974.9,-856.3,1.3632,118.7,-382.0,-0.0000,172.7,-386.3,0.1237,-334.5,-259.1,0,0.0,0.0,0.0000
2.9488,2.9474,1.4,0,-977.4,-853.3,1.3336,-973.9,-859.6,1.3632,123.3,-380.5,0.0000,178.4,-384.0,0.1182,-331.4,-263.6,0,0.0,0.0,0.0000
2.9565,2.9554,1.1,0,-976.1,-856.4,1.3354,-972.8,-862.7,1.3632,127.4,-379.1,-0.0000,180.6,-381.9,0.1112,-329.2,-264.7,0,0.0,0.0,0.0000
2.9644,2.9554,9.0,0,-976.1,-856.4,1.3354,-972.8,-862.7,1.3632,127.4,-379.1,-0.0000,187.1,-389.0,0.1112,-334.6,-272.7,0,0.0,0.0,0.0000
2.9724,2.9647,7.8,0,-974.9,-860.1,1.3369,-971.6,-866.2,1.3632,132.2,-377.6,0.0000,190.8,-385.3,0.1049,-330.6,-274.9,0,0.0,0.0,0.0000
2.9801,2.9727,7.4,0,-972.7,-863.3,1.3369,-970.6,-869.2,1.3632,136.4,-376.0,-0.0000,190.9,-382.6,0.1052,-328.0,-274.4,0,0.0,0.0,0.0000
2.9888,2.9808,8.0,0,-971.4,-867.6,1.3488,-969.4,-872.2,1.3632,140.7,-374.2,0.0000,194.6,-377.6,0.0576,-325.5,-272.9,0,0.0,0.0,0.0000
2.9960,2.9893,6.7,0,-970.1,-869.9,1.3526,-968.2,-875.4,1.3632,144.9,-372.6,0.0000,197.0,-377.1,0.0424,-325.5,-274.0,0,0.0,0.0,0.0000
3.0038,2.9982,5.6,0,-968.4,-873.8,1.3442,-966.9,-878.7,1.3632,149.1,-371.1,-0.0000,199.5,-371.4,0.0759,-317.1,-277.8,0,0.0,0.0,0.0000
3.0127,3.0061,6.6,0,-968.7,-876.2,1.3575,-965.7,-881.6,1.3632,152.8,-369.6,-0.0000,208.8,-371.6,0.0225,-319.0,-282.8,0,0.0,0.0,0.0000
3.0207,3.0149,5.7,0,-965.5,-881.4,1.3550,-964.4,-884.9,1.3632,156.9,-368.2,-0.0000,207.3,-363.0,0.0325,-310.3,-280.2,0,0.0,0.0,0.0000
3.0278,3.0234,4.4,0,-964.3,-883.9,1.3546,-963.0,-888.0,1.3632,161.4,-366.1,-0.0000,210.6,-361.4,0.0342,-307.8,-283.2,0,0.0,0.0,0.0000
3.0366,3.0318,4.8,0,-962.9,-887.6,1.3505,-961.6,-891.1,1.3632,166.1,-363.9,0.0000,213.8,-357.4,0.0506,-302.1,-286.7,0,0.0,0.0,0.0000
3.0448,3.0391,5.7,0,-962.2,-889.7,1.3564,-960.4,-893.7,1.3632,169.3,-362.3,0.0000,218.9,-357.6,0.0270,-302.8,-290.0,0,0.0,0.0,0.0000
3.0519,3.0484,3.5,0,-958.7,-894.5,1.3550,-958.8,-897.1,1.3632,173.3,-360.2,-0.0000,216.2,-348.8,0.0325,-294.4,-285.9,0,0.0,0.0,0.0000
3.0601,3.0567,3.4,0,-957.5,-897.2,1.3562,-957.4,-900.1,1.3632,177.4,-358.4,-0.0000,221.1,-347.1,0.0279,-292.1,-289.9,0,0.0,0.0,0.0000
3.0677,3.0655,2.2,0,-957.8,-900.7,1.3721,-955.8,-903.2,1.3632,181.7,-356.5,0.0000,229.4,-342.5,-0.0357,-290.5,-292.5,0,0.0,0.0,0.0000
3.0762,3.0739,2.3,0,-955.6,-902.8,1.3695,-954.2,-906.2,1.3632,185.3,-354.7,-0.0000,231.5,-342.7,-0.0253,-289.5,-295.3,0,0.0,0.0,0.0000
3.0849,3.0822,2.7,0,-952.0,-907.7,1.3584,-952.7,-909.1,1.3632,189.1,-352.8,-0.0000,228.5,-334.8,0.0189,-279.1,-294.0,0,0.0,0.0,0.0000
3.0921,3.0907,1.5,0,-950.8,-909.6,1.3652,-951.1,-912.1,1.3632,193.5,-350.0,0.0000,232.0,-334.8,-0.0083,-280.4,-295.5,0,0.0,0.0,0.0000
3.1001,3.1000,0.1,0,-949.6,-912.0,1.3639,-949.2,-915.3,1.3632,198.1,-347.4,0.0000,236.9,-333.3,-0.0031,-277.6,-300.3,0,0.0,0.0,0.0000
3.1079,3.1078,0.1,0,-948.3,-915.9,1.3653,-947.7,-918.1,1.3632,202.2,-345.6,0.0000,241.3,-327.5,-0.0085,-271.4,-303.1,0,0.0,0.0,0.0000
3.1162,3.1161,0.1,0,-945.1,-919.8,1.3559,-946.0,-920.9,1.3632,205.8,-343.4,0.0000,240.4,-321.0,0.0292,-262.3,-303.4,0,0.0,0.0,0.0000
3.1249,3.1248,0.1,0,-943.9,-922.6,1.3648,-944.2,-923.9,1.3632,208.5,-340.9,0.0000,246.0,-318.0,-0.0065,-261.0,-305.9,0,0.0,0.0,0.0000
3.1324,3.1248,7.5,0,-943.9,-922.6,1.3648,-944.2,-923.9,1.3632,208.5,-340.9,0.0000,253.8,-324.0,-0.0065,-265.2,-314.7,0,0.0,0.0,0.0000
3.1406,3.1330,7.6,0,-942.2,-926.0,1.3533,-942.4,-926.7,1.3632,212.3,-338.5,-0.0000,257.5,-320.0,0.0393,-256.9,-320.5,0,0.0,0.0,0.0000
3.1480,3.1414,6.6,0,-940.8,-929.7,1.3617,-940.7,-929.5,1.3632,216.9,-336.1,-0.0000,260.6,-313.5,0.0057,-252.6,-320.0,0,0.0,0.0,0.0000
3.1559,3.1501,5.8,0,-937.3,-932.0,1.3594,-938.7,-932.4,1.3632,220.9,-333.5,-0.0000,258.1,-311.5,0.0150,-250.4,-317.7,0,0.0,0.0,0.0000
3.1648,3.1582,6.6,0,-935.7,-935.1,1.3766,-936.9,-935.1,1.3632,224.9,-330.9,0.0000,263.8,-308.1,-0.0539,-251.4,-318.3,0,0.0,0.0,0.0000
3.1718,3.1672,4.6,0,-934.3,-936.5,1.3670,-934.9,-938.1,1.3632,228.3,-328.4,0.0000,267.9,-308.5,-0.0154,-247.9,-324.7,0,0.0,0.0,0.0000
3.1798,3.1755,4.4,0,-930.9,-941.0,1.3613,-933.0,-940.8,1.3632,231.1,-326.2,0.0000,265.7,-299.8,0.0076,-238.0,-322.2,0,0.0,0.0,0.0000
3.1882,3.1837,4.5,0,-929.4,-942.6,1.3724,-931.1,-943.5,1.3632,235.1,-323.7,-0.0000,270.1,-300.1,-0.0371,-241.0,-323.9,0,0.0,0.0,0.0000
3.1964,3.1925,3.9,0,-927.6,-945.6,1.3779,-929.0,-946.3,1.3632,239.2,-321.1,-0.0000,273.9,-296.1,-0.0589,-238.1,-325.6,0,0.0,0.0,0.0000
3.2045,3.2032,1.4,0,-925.9,-949.4,1.3659,-926.4,-949.7,1.3632,243.9,-316.6,0.0000,277.8,-289.4,-0.0109,-226.8,-330.9,0,0.0,0.0,0.0000
3.2125,3.2091,3.4,0,-923.6,-950.8,1.3646,-925.0,-951.6,1.3632,246.5,-314.4,0.0000,279.7,-290.1,-0.0058,-226.7,-333.2,0,0.0,0.0,0.0000
3.2199,3.2184,1.5,0,-919.9,-954.9,1.3672,-922.7,-954.5,1.3632,250.4,-312.3,-0.0000,276.6,-282.0,-0.0163,-220.2,-327.9,0,0.0,0.0,0.0000
3.2287,3.2262,2.5,0,-918.1,-956.7,1.3683,-920.7,-956.9,1.3632,253.6,-310.1,-0.0000,281.7,-280.8,-0.0205,-218.4,-332.4,0,0.0,0.0,0.0000
3.2361,3.2262,9.9,0,-918.1,-956.7,1.3683,-920.7,-956.9,1.3632,253.6,-310.1,-0.0000,290.3,-284.4,-0.0205,-220.2,-341.6,0,0.0,0.0,0.0000
3.2448,3.2432,1.5,0,-912.9,-962.4,1.3661,-916.3,-962.1,1.3632,259.6,-303.6,-0.0000,284.4,-272.3,-0.0118,-208.8,-333.8,0,0.0,0.0,0.0000
3.2521,3.2519,0.2,0,-911.2,-963.9,1.3764,-914.1,-964.8,1.3632,264.2,-300.8,0.0000,287.9,-271.6,-0.0528,-210.9,-335.0,0,0.0,0.0,0.0000
3.2597,3.2596,0.1,0,-908.6,-967.3,1.3904,-912.0,-967.1,1.3632,267.5,-298.1,-0.0000,289.0,-265.2,-0.1090,-209.0,-331.9,0,0.0,0.0,0.0000
3.2683,3.2596,8.7,0,-908.6,-967.3,1.3904,-912.0,-967.1,1.3632,267.5,-298.1,-0.0000,299.2,-269.4,-0.1090,-211.3,-342.6,0,0.0,0.0,0.0000
3.2763,3.2707,5.6,0,-905.7,-969.4,1.3699,-909.0,-970.3,1.3632,271.0,-294.0,0.0000,299.3,-267.3,-0.0270,-202.2,-346.6,0,0.0,0.0,0.0000
3.2846,3.2771,7.4,0,-903.8,-971.6,1.3733,-907.3,-972.2,1.3632,273.5,-291.7,0.0000,303.0,-264.9,-0.0406,-200.3,-349.1,0,0.0,0.0,0.0000
3.2925,3.2851,7.4,0,-902.0,-974.5,1.3876,-905.1,-974.5,1.3632,276.8,-288.9,-0.0000,306.9,-258.7,-0.0977,-198.5,-348.9,0,0.0,0.0,0.0000
3.3006,3.2938,6.7,0,-899.2,-976.8,1.3734,-902.6,-977.1,1.3632,280.0,-285.7,-0.0000,308.2,-254.7,-0.0410,-189.3,-352.1,0,0.0,0.0,0.0000
3.3084,3.3050,3.4,0,-896.6,-979.1,1.3672,-899.5,-980.2,1.3632,283.9,-281.7,0.0000,309.8,-251.9,-0.0160,-184.1,-354.3,0,0.0,0.0,0.0000
3.3158,3.3104,5.4,0,-893.4,-982.3,1.3648,-898.0,-981.7,1.3632,286.1,-279.3,-0.0000,309.1,-245.8,-0.0067,-177.4,-352.9,0,0.0,0.0,0.0000
3.3239,3.3194,4.4,0,-891.2,-983.7,1.3654,-895.4,-984.3,1.3632,290.0,-275.2,0.0000,311.9,-244.8,-0.0088,-176.0,-355.3,0,0.0,0.0,0.0000
3.3319,3.3275,4.4,0,-889.3,-985.9,1.3649,-893.0,-986.5,1.3632,292.8,-272.3,-0.0000,315.3,-241.4,-0.0071,-171.8,-358.0,0,0.0,0.0,0.0000
3.3402,3.3376,2.6,0,-885.9,-989.1,1.3614,-890.0,-989.2,1.3632,296.4,-268.7,0.0000,315.7,-234.9,0.0071,-164.2,-357.6,0,0.0,0.0,0.0000
3.3480,3.3445,3.4,0,-883.9,-990.6,1.3614,-888.0,-991.0,1.3632,299.0,-265.8,0.0000,319.1,-233.0,0.0071,-161.6,-360.6,0,0.0,0.0,0.0000
3.3567,3.3532,3.5,0,-882.2,-992.6,1.3629,-885.4,-993.3,1.3632,302.2,-262.3,0.0000,324.6,-230.0,0.0010,-158.0,-365.1,0,0.0,0.0,0.0000
3.3646,3.3610,3.6,0,-878.8,-995.8,1.3628,-883.0,-995.4,1.3632,304.5,-259.6,0.0000,323.8,-222.9,0.0012,-151.3,-362.8,0,0.0,0.0,0.0000
3.3726,3.3711,1.5,0,-876.5,-997.1,1.3592,-879.9,-998.0,1.3632,307.7,-255.7,-0.0000,326.4,-221.8,0.0157,-148.3,-365.7,0,0.0,0.0,0.0000
3.3798,3.3784,1.4,0,-873.9,-999.4,1.3629,-877.6,-999.8,1.3632,310.3,-251.6,-0.0000,327.6,-217.4,0.0011,-145.1,-365.4,0,0.0,0.0,0.0000
3.3885,3.3862,2.3,0,-871.5,-1002.7,1.3540,-875.2,-1001.8,1.3632,313.0,-248.0,0.0000,330.7,-209.9,0.0365,-133.8,-368.1,0,0.0,0.0,0.0000
3.3965,3.3950,1.5,0,-869.8,-1004.5,1.3517,-872.4,-1003.9,1.3632,316.3,-245.2,0.0000,335.2,-206.8,0.0460,-129.0,-372.1,0,0.0,0.0,0.0000
3.4051,3.3950,10.1,0,-869.8,-1004.5,1.3517,-872.4,-1003.9,1.3632,316.3,-245.2,0.0000,346.2,-208.7,0.0460,-128.4,-383.3,0,0.0,0.0,0.0000
3.4122,3.4089,3.3,0,-866.7,-1007.7,1.3528,-868.0,-1007.3,1.3632,320.4,-239.6,-0.0000,345.7,-200.6,0.0413,-121.2,-380.9,0,0.0,0.0,0.0000
3.4207,3.4129,7.8,0,-865.6,-1010.3,1.3463,-866.7,-1008.3,1.3632,321.5,-237.9,0.0000,352.8,-195.2,0.0675,-111.8,-387.4,0,0.0,0.0,0.0000
3.4286,3.4211,7.6,0,-862.7,-1010.6,1.3565,-864.1,-1010.2,1.3632,324.1,-234.4,-0.0000,353.8,-196.5,0.0267,-116.7,-387.5,0,0.0,0.0,0.0000
3.4358,3.4293,6.5,0,-859.0,-1014.4,1.3505,-861.4,-1012.1,1.3632,327.1,-230.6,0.0000,351.5,-187.3,0.0505,-106.0,-383.9,0,0.0,0.0,0.0000
3.4443,3.4379,6.5,0,-856.9,-1015.3,1.3485,-858.6,-1014.1,1.3632,329.7,-226.7,0.0000,355.6,-186.5,0.0586,-103.5,-388.0,0,0.0,0.0,0.0000
3.4520,3.4458,6.2,0,-855.8,-1017.3,1.3595,-856.0,-1015.8,1.3632,332.0,-223.0,-0.0000,362.3,-181.3,0.0147,-101.3,-392.3,0,0.0,0.0,0.0000
3.4600,3.4544,5.6,0,-851.9,-1020.6,1.3558,-853.1,-1017.8,1.3632,334.5,-219.4,-0.0000,361.0,-172.3,0.0293,-91.3,-389.4,0,0.0,0.0,0.0000
3.4684,3.4630,5.5,0,-849.8,-1022.5,1.3672,-850.2,-1019.6,1.3632,337.0,-215.9,0.0000,364.3,-167.9,-0.0163,-90.8,-390.7,0,0.0,0.0,0.0000
3.4757,3.4712,4.6,0,-847.9,-1024.1,1.3528,-847.5,-1021.4,1.3632,339.1,-212.1,-0.0000,367.6,-164.3,0.0414,-80.9,-394.4,0,0.0,0.0,0.0000
3.4846,3.4796,4.9,0,-844.8,-1026.4,1.3565,-844.6,-1023.2,1.3632,341.1,-208.2,-0.0000,369.7,-158.7,0.0268,-76.5,-395.0,0,0.0,0.0,0.0000
3.4925,3.4881,4.4,0,-842.8,-1028.6,1.3558,-841.7,-1024.9,1.3632,343.8,-203.9,-0.0000,374.0,-153.3,0.0293,-70.0,-398.1,0,0.0,0.0,0.0000
3.5010,3.4962,4.8,0,-840.5,-1029.9,1.3612,-838.9,-1026.5,1.3632,346.4,-199.8,0.0000,377.4,-151.2,0.0078,-69.4,-400.6,0,0.0,0.0,0.0000
3.5078,3.5054,2.4,0,-837.4,-1031.7,1.3613,-835.7,-1028.3,1.3632,348.5,-196.0,-0.0000,376.7,-146.9,0.0073,-65.4,-399.0,0,0.0,0.0,0.0000
3.5162,3.5138,2.4,0,-834.6,-1034.0,1.3735,-832.7,-1030.0,1.3632,350.7,-192.4,-0.0000,379.0,-139.5,-0.0413,-62.5,-398.9,0,0.0,0.0,0.0000
3.5240,3.5217,2.4,0,-831.7,-1035.8,1.3652,-830.0,-1031.5,1.3632,352.6,-189.3,0.0000,380.3,-133.6,-0.0083,-53.1,-399.5,0,0.0,0.0,0.0000
3.5318,3.5303,1.5,0,-829.6,-1036.9,1.3675,-827.0,-1033.1,1.3632,354.7,-185.5,0.0000,383.4,-131.6,-0.0175,-51.5,-402.0,0,0.0,0.0,0.0000
3.5400,3.5387,1.3,0,-827.6,-1037.8,1.3591,-824.0,-1034.6,1.3632,357.3,-180.5,0.0000,387.4,-129.8,0.0163,-45.5,-406.1,0,0.0,0.0,0.0000
3.5487,3.5472,1.4,0,-823.2,-1041.1,1.3597,-820.9,-1036.2,1.3632,359.4,-176.0,-0.0000,385.5,-120.0,0.0137,-36.5,-402.1,0,0.0,0.0,0.0000
3.5558,3.5557,0.1,0,-820.5,-1042.6,1.3707,-817.8,-1037.6,1.3632,360.5,-172.1,0.0000,386.4,-115.6,-0.0303,-36.5,-401.7,0,0.0,0.0,0.0000
3.5643,3.5642,0.1,0,-818.9,-1043.7,1.3732,-814.8,-1039.1,1.3632,362.4,-168.0,-0.0000,392.0,-112.5,-0.0403,-33.3,-406.5,0,0.0,0.0,0.0000
3.5718,3.5642,7.6,0,-818.9,-1043.7,1.3732,-814.8,-1039.1,1.3632,362.4,-168.0,-0.0000,401.2,-112.6,-0.0403,-31.6,-415.5,0,0.0,0.0,0.0000
3.5797,3.5724,7.4,0,-816.1,-1044.6,1.3685,-811.8,-1040.4,1.3632,364.8,-164.2,-0.0000,402.9,-109.5,-0.0215,-26.3,-416.6,0,0.0,0.0,0.0000
3.5877,3.5812,6.6,0,-813.8,-1045.4,1.3785,-808.6,-1041.9,1.3632,366.8,-160.3,-0.0000,406.3,-106.7,-0.0613,-27.0,-419.2,0,0.0,0.0,0.0000
3.5963,3.5895,6.8,0,-810.4,-1046.7,1.3835,-805.5,-1043.2,1.3632,368.5,-157.2,0.0000,407.1,-102.4,-0.0814,-24.8,-419.0,0,0.0,0.0,0.0000
3.6043,3.5987,5.7,0,-807.5,-1048.7,1.3740,-802.1,-1044.6,1.3632,370.3,-151.9,-0.0000,408.4,-95.7,-0.0432,-13.9,-419.2,0,0.0,0.0,0.0000
3.6117,3.6064,5.4,0,-805.3,-1049.5,1.3723,-799.3,-1045.8,1.3632,372.0,-146.7,0.0000,410.6,-93.5,-0.0364,-10.7,-420.9,0,0.0,0.0,0.0000
3.6204,3.6136,6.7,0,-802.3,-1050.1,1.3756,-796.6,-1046.8,1.3632,373.3,-143.4,-0.0000,412.2,-91.5,-0.0498,-9.8,-422.1,0,0.0,0.0,0.0000
3.6279,3.6235,4.4,0,-799.0,-1050.6,1.3815,-792.9,-1048.2,1.3632,374.9,-139.4,-0.0000,412.3,-87.9,-0.0734,-8.8,-421.5,0,0.0,0.0,0.0000
3.6360,3.6324,3.6,0,-796.3,-1051.8,1.3737,-789.5,-1049.4,1.3632,376.6,-134.7,0.0000,414.6,-82.9,-0.0421,-0.1,-422.8,0,0.0,0.0,0.0000
3.6440,3.6404,3.7,0,-793.4,-1053.1,1.3916,-786.5,-1050.5,1.3632,378.2,-130.5,0.0000,415.8,-78.2,-0.1139,-2.8,-423.1,0,0.0,0.0,0.0000
3.6524,3.6488,3.5,0,-789.5,-1053.9,1.3659,-783.3,-1051.6,1.3632,379.3,-126.4,-0.0000,414.5,-74.9,-0.0110,11.0,-421.1,0,0.0,0.0,0.0000
3.6604,3.6568,3.6,0,-786.6,-1054.8,1.3840,-780.3,-1052.6,1.3632,380.4,-122.6,-0.0000,415.7,-71.5,-0.0832,6.9,-421.7,0,0.0,0.0,0.0000
3.6680,3.6655,2.4,0,-782.8,-1055.6,1.3698,-777.0,-1053.6,1.3632,382.2,-118.0,-0.0000,413.5,-68.4,-0.0265,15.5,-418.8,0,0.0,0.0,0.0000
3.6767,3.6742,2.5,0,-780.6,-1055.5,1.3707,-773.6,-1054.6,1.3632,383.8,-113.5,-0.0000,417.7,-66.4,-0.0302,17.9,-422.6,0,0.0,0.0,0.0000
3.6846,3.6821,2.5,0,-776.6,-1056.8,1.3732,-770.6,-1055.5,1.3632,385.0,-109.2,-0.0000,415.4,-60.4,-0.0401,22.3,-419.2,0,0.0,0.0,0.0000
3.6926,3.6911,1.4,0,-774.7,-1056.8,1.3750,-767.1,-1056.5,1.3632,386.2,-104.6,0.0000,420.0,-59.0,-0.0475,23.8,-423.5,0,0.0,0.0,0.0000
3.7000,3.6998,0.1,0,-770.5,-1056.6,1.3724,-763.8,-1057.4,1.3632,386.7,-101.1,0.0000,417.0,-57.7,-0.0368,25.7,-420.2,0,0.0,0.0,0.0000
3.7086,3.7074,1.2,0,-767.5,-1057.0,1.3739,-760.8,-1058.1,1.3632,387.7,-97.1,-0.0000,417.9,-54.8,-0.0431,28.0,-420.5,0,0.0,0.0,0.0000
3.7160,3.7159,0.1,0,-763.9,-1057.0,1.3720,-757.5,-1058.9,1.3632,389.5,-91.4,0.0000,416.1,-52.9,-0.0354,30.3,-418.3,0,0.0,0.0,0.0000
3.7249,3.7248,0.1,0,-761.2,-1057.2,1.3694,-754.1,-1059.7,1.3632,390.6,-86.6,-0.0000,419.1,-50.3,-0.0249,34.6,-420.7,0,0.0,0.0,0.0000
3.7328,3.7248,8.0,0,-761.2,-1057.2,1.3694,-754.1,-1059.7,1.3632,390.6,-86.6,-0.0000,428.9,-48.3,-0.0249,38.5,-429.9,0,0.0,0.0,0.0000
3.7398,3.7334,6.4,0,-758.1,-1057.2,1.3699,-750.7,-1060.4,1.3632,391.4,-82.4,-0.0000,428.5,-46.1,-0.0271,40.3,-429.0,0,0.0,0.0,0.0000
3.7479,3.7412,6.6,0,-754.6,-1057.2,1.3641,-747.6,-1061.1,1.3632,392.2,-78.8,-0.0000,428.1,-43.6,-0.0037,45.2,-427.9,0,0.0,0.0,0.0000
3.7565,3.7526,3.9,0,-750.7,-1057.3,1.3660,-743.2,-1061.9,1.3632,393.3,-73.8,0.0000,426.0,-40.3,-0.0115,47.2,-425.3,0,0.0,0.0,0.0000
3.7647,3.7582,6.6,0,-747.1,-1057.1,1.3610,-741.0,-1062.3,1.3632,393.7,-70.5,-0.0000,425.2,-38.2,0.0085,51.1,-423.8,0,0.0,0.0,0.0000
3.7718,3.7672,4.6,0,-743.8,-1056.9,1.3654,-737.4,-1062.9,1.3632,394.4,-65.0,0.0000,424.3,-36.5,-0.0091,50.8,-422.8,0,0.0,0.0,0.0000
3.7807,3.7753,5.4,0,-740.3,-1057.2,1.3618,-734.2,-1063.4,1.3632,395.3,-60.7,-0.0000,425.0,-32.9,0.0053,55.9,-422.6,0,0.0,0.0,0.0000
3.7884,3.7838,4.6,0,-736.6,-1056.4,1.3602,-730.8,-1063.9,1.3632,396.5,-56.1,0.0000,422.6,-32.5,0.0117,56.5,-420.1,0,0.0,0.0,0.0000
3.7958,3.7922,3.6,0,-732.3,-1056.3,1.3560,-727.5,-1064.4,1.3632,396.6,-51.8,-0.0000,418.5,-30.3,0.0286,59.6,-415.4,0,0.0,0.0,0.0000
3.8045,3.8010,3.5,0,-728.8,-1056.0,1.3520,-724.0,-1064.8,1.3632,396.8,-47.3,-0.0000,418.3,-26.7,0.0447,64.7,-414.2,0,0.0,0.0,0.0000
3.8124,3.8088,3.6,0,-724.7,-1055.9,1.3476,-720.9,-1065.2,1.3632,397.4,-43.4,0.0000,415.8,-23.5,0.0623,69.1,-410.7,0,0.0,0.0,0.0000
3.8198,3.8183,1.5,0,-721.4,-1055.4,1.3429,-717.2,-1065.6,1.3632,398.0,-38.6,0.0000,414.3,-22.6,0.0811,71.6,-408.7,0,0.0,0.0,0.0000
3.8289,3.8263,2.7,0,-716.7,-1054.5,1.3285,-714.0,-1065.9,1.3632,398.8,-34.2,0.0000,411.1,-21.8,0.1386,77.5,-404.4,0,0.0,0.0,0.0000
3.8366,3.8343,2.3,0,-713.7,-1053.6,1.3302,-710.8,-1066.1,1.3632,399.2,-29.8,-0.0000,411.2,-21.3,0.1319,77.3,-404.5,0,0.0,0.0,0.0000
3.8440,3.8428,1.2,0,-709.6,-1053.9,1.3322,-707.4,-1066.4,1.3632,398.9,-24.9,0.0000,407.8,-17.0,0.1237,79.8,-400.2,0,0.0,0.0,0.0000
3.8527,3.8514,1.3,0,-705.6,-1053.2,1.3290,-703.9,-1066.5,1.3632,399.1,-20.2,-0.0000,405.7,-14.8,0.1367,82.8,-397.4,0,0.0,0.0,0.0000
3.8600,3.8599,0.1,0,-702.0,-1052.5,1.3296,-700.5,-1066.7,1.3632,400.0,-16.1,0.0000,403.4,-13.0,0.1342,83.7,-394.8,0,0.0,0.0,0.0000
3.8686,3.8685,0.1,0,-698.8,-1051.1,1.3335,-697.1,-1066.8,1.3632,400.2,-11.7,0.0000,403.5,-13.1,0.1187,82.1,-395.3,0,0.0,0.0,0.0000
3.8760,3.8685,7.5,0,-698.8,-1051.1,1.3335,-697.1,-1066.8,1.3632,400.2,-11.7,0.0000,412.1,-9.4,0.1187,87.7,-402.7,0,0.0,0.0,0.0000
3.8844,3.8766,7.8,0,-694.8,-1050.9,1.3217,-693.9,-1066.9,1.3632,399.9,-7.6,-0.0000,409.7,-5.7,0.1659,95.5,-398.5,0,0.0,0.0,0.0000
3.8928,3.8851,7.7,0,-690.2,-1049.7,1.3218,-690.5,-1066.9,1.3632,399.9,-2.8,0.0000,405.7,-4.8,0.1653,95.3,-394.3,0,0.0,0.0,0.0000
3.9005,3.8935,7.0,0,-686.6,-1048.8,1.3167,-687.1,-1066.9,1.3632,400.1,2.7,0.0000,403.7,-3.8,0.1857,97.8,-391.7,0,0.0,0.0,0.0000
3.9082,3.8935,14.7,0,-686.6,-1048.8,1.3167,-687.1,-1066.9,1.3632,400.1,2.7,0.0000,412.5,0.2,0.1857,103.9,-399.3,0,0.0,0.0,0.0000
3.9158,3.9103,5.5,0,-679.5,-1048.0,1.3186,-680.4,-1066.8,1.3632,399.7,10.7,-0.0000,399.9,2.6,0.1781,102.3,-386.6,0,0.0,0.0,0.0000
3.9237,3.9195,4.2,0,-675.5,-1047.6,1.3161,-676.7,-1066.7,1.3632,399.6,15.5,-0.0000,396.7,6.2,0.1881,106.0,-382.3,0,0.0,0.0,0.0000
3.9327,3.9272,5.6,0,-672.4,-1046.4,1.3212,-673.7,-1066.6,1.3632,399.6,19.4,-0.0000,396.6,7.8,0.1680,105.5,-382.4,0,0.0,0.0,0.0000
3.9409,3.9361,4.8,0,-668.1,-1046.0,1.3181,-670.1,-1066.4,1.3632,399.2,24.5,0.0000,392.5,11.2,0.1804,109.0,-377.3,0,0.0,0.0,0.0000
3.9477,3.9444,3.2,0,-663.6,-1046.0,1.3290,-666.8,-1066.2,1.3632,398.9,29.3,0.0000,387.0,15.5,0.1366,107.7,-372.1,0,0.0,0.0,0.0000
3.9560,3.9526,3.4,0,-660.3,-1044.6,1.3205,-663.5,-1065.9,1.3632,398.5,33.6,0.0000,387.0,16.7,0.1708,112.0,-370.8,0,0.0,0.0,0.0000
3.9638,3.9613,2.5,0,-656.5,-1044.7,1.3217,-660.0,-1065.6,1.3632,398.1,38.2,0.0000,383.4,21.8,0.1657,115.6,-366.2,0,0.0,0.0,0.0000
3.9725,3.9613,11.1,0,-656.5,-1044.7,1.3217,-660.0,-1065.6,1.3632,398.1,38.2,0.0000,392.6,27.2,0.1657,123.2,-373.8,0,0.0,0.0,0.0000
3.9808,3.9782,2.6,0,-648.5,-1044.1,1.3272,-653.3,-1064.9,1.3632,397.3,47.1,0.0000,377.8,31.2,0.1439,121.4,-359.1,0,0.0,0.0,0.0000
3.9886,3.9863,2.3,0,-645.6,-1042.8,1.3242,-650.1,-1064.5,1.3632,396.8,50.8,0.0000,377.4,32.9,0.1559,124.0,-358.0,0,0.0,0.0,0.0000
3.9960,3.9948,1.2,0,-642.3,-1042.4,1.3363,-646.7,-1064.0,1.3632,396.3,55.2,0.0000,375.1,35.8,0.1076,122.0,-356.5,0,0.0,0.0,0.0000
4.0044,3.9948,9.6,0,-642.3,-1042.4,1.3363,-646.7,-1064.0,1.3632,396.3,55.2,0.0000,383.8,41.2,0.1076,129.3,-363.8,0,0.0,0.0,0.0000
4.0119,4.0118,0.2,0,-634.9,-1042.5,1.3400,-640.0,-1063.0,1.3632,394.9,65.1,0.0000,370.1,47.4,0.0926,130.8,-349.4,0,0.0,0.0,0.0000
4.0209,4.0118,9.1,0,-634.9,-1042.5,1.3400,-640.0,-1063.0,1.3632,394.9,65.1,0.0000,379.2,54.2,0.0926,139.5,-356.8,0,0.0,0.0,0.0000
4.0281,4.0218,6.3,0,-631.6,-1041.7,1.3216,-636.1,-1062.3,1.3632,393.2,69.9,0.0000,376.3,56.8,0.1664,147.9,-350.7,0,0.0,0.0,0.0000
4.0366,4.0287,7.9,0,-627.5,-1041.7,1.3228,-633.3,-1061.8,1.3632,392.7,73.6,0.0000,372.6,63.0,0.1616,152.6,-345.7,0,0.0,0.0,0.0000
4.0444,4.0396,4.8,0,-623.6,-1041.8,1.3361,-629.1,-1061.0,1.3632,392.5,79.4,-0.0000,368.9,69.2,0.1081,153.1,-342.7,0,0.0,0.0,0.0000
4.0522,4.0456,6.5,0,-620.9,-1041.2,1.3296,-626.7,-1060.5,1.3632,391.7,82.5,0.0000,368.4,73.5,0.1344,159.4,-340.2,0,0.0,0.0,0.0000
4.0607,4.0539,6.9,0,-616.2,-1041.8,1.3378,-623.5,-1059.8,1.3632,390.5,86.5,0.0000,363.4,81.5,0.1015,163.2,-334.7,0,0.0,0.0,0.0000
4.0681,4.0625,5.6,0,-613.7,-1040.6,1.3308,-620.1,-1059.0,1.3632,389.4,91.2,-0.0000,363.3,83.3,0.1293,167.3,-333.1,0,0.0,0.0,0.0000
4.0759,4.0734,2.5,0,-609.6,-1041.0,1.3299,-615.9,-1058.0,1.3632,388.1,97.3,0.0000,358.5,90.5,0.1330,173.4,-326.5,0,0.0,0.0,0.0000
4.0838,4.0786,5.2,0,-606.4,-1040.9,1.3381,-613.9,-1057.5,1.3632,387.3,99.6,-0.0000,356.2,96.3,0.1004,175.9,-324.4,0,0.0,0.0,0.0000
4.0920,4.0877,4.3,0,-603.3,-1040.5,1.3409,-610.3,-1056.6,1.3632,386.0,103.6,0.0000,354.8,102.8,0.0890,180.9,-322.0,0,0.0,0.0,0.0000
4.1007,4.0963,4.4,0,-600.3,-1040.7,1.3406,-607.0,-1055.7,1.3632,384.9,108.5,-0.0000,354.3,111.1,0.0902,189.0,-319.6,0,0.0,0.0,0.0000
4.1080,4.1066,1.4,0,-596.3,-1041.0,1.3378,-603.1,-1054.5,1.3632,383.6,114.1,-0.0000,349.0,117.8,0.1013,195.2,-312.4,0,0.0,0.0,0.0000
4.1162,4.1136,2.6,0,-593.6,-1039.9,1.3400,-600.4,-1053.7,1.3632,382.3,117.6,-0.0000,348.4,121.3,0.0927,197.8,-311.4,0,0.0,0.0,0.0000
4.1238,4.1136,10.2,0,-593.6,-1039.9,1.3400,-600.4,-1053.7,1.3632,382.3,117.6,-0.0000,355.7,126.8,0.0927,204.8,-317.3,0,0.0,0.0,0.0000
4.1320,4.1307,1.3,0,-587.5,-1039.4,1.3384,-593.9,-1051.6,1.3632,379.3,126.5,0.0000,345.2,131.4,0.0989,207.3,-305.7,0,0.0,0.0,0.0000
4.1402,4.1401,0.1,0,-584.4,-1038.8,1.3499,-590.3,-1050.4,1.3632,377.8,131.2,-0.0000,343.0,138.0,0.0529,209.8,-304.5,0,0.0,0.0,0.0000
4.1487,4.1473,1.4,0,-580.8,-1038.7,1.3440,-587.6,-1049.5,1.3632,377.1,134.4,-0.0000,339.9,146.0,0.0765,218.7,-298.4,0,0.0,0.0,0.0000
4.1561,4.1556,0.5,0,-577.8,-1038.4,1.3540,-584.5,-1048.3,1.3632,375.7,138.3,0.0000,337.3,151.3,0.0365,220.3,-296.9,0,0.0,0.0,0.0000
4.1638,4.1637,0.1,0,-574.0,-1038.6,1.3509,-581.4,-1047.2,1.3632,373.7,142.1,-0.0000,332.5,158.5,0.0490,227.2,-289.9,0,0.0,0.0,0.0000
4.1723,4.1637,8.6,0,-574.0,-1038.6,1.3509,-581.4,-1047.2,1.3632,373.7,142.1,-0.0000,340.2,165.9,0.0490,236.1,-295.8,0,0.0,0.0,0.0000
4.1806,4.1729,7.7,0,-571.4,-1037.7,1.3607,-578.0,-1045.9,1.3632,371.8,146.9,-0.0000,339.7,170.8,0.0098,237.9,-296.6,0,0.0,0.0,0.0000
4.1883,4.1809,7.4,0,-567.8,-1037.6,1.3653,-575.0,-1044.7,1.3632,370.2,151.8,0.0000,335.9,177.8,-0.0087,242.6,-292.5,0,0.0,0.0,0.0000
4.1967,4.1892,7.5,0,-565.7,-1036.9,1.3659,-572.0,-1043.4,1.3632,368.5,156.0,0.0000,337.0,183.7,-0.0108,248.4,-292.5,0,0.0,0.0,0.0000
4.2043,4.1982,6.2,0,-562.6,-1036.6,1.3745,-568.7,-1042.0,1.3632,366.4,160.4,-0.0000,333.0,190.2,-0.0455,251.5,-289.5,0,0.0,0.0,0.0000
4.2118,4.2065,5.4,0,-559.2,-1036.2,1.3741,-565.6,-1040.6,1.3632,364.8,163.8,0.0000,328.5,196.2,-0.0436,256.7,-283.8,0,0.0,0.0,0.0000
4.2204,4.2147,5.7,0,-555.7,-1035.8,1.3724,-562.7,-1039.3,1.3632,363.3,166.6,-0.0000,325.1,203.2,-0.0371,263.3,-278.7,0,0.0,0.0,0.0000
4.2278,4.2231,4.6,0,-552.7,-1033.8,1.3775,-559.6,-1037.8,1.3632,361.3,171.5,0.0000,322.5,204.2,-0.0573,262.4,-277.2,0,0.0,0.0,0.0000
4.2360,4.2317,4.3,0,-550.5,-1033.1,1.3956,-556.5,-1036.3,1.3632,359.2,176.7,0.0000,322.3,209.8,-0.1299,262.7,-280.8,0,0.0,0.0,0.0000
4.2445,4.2399,4.6,0,-547.5,-1031.2,1.3859,-553.6,-1034.9,1.3632,357.0,180.2,0.0000,320.2,212.3,-0.0910,267.5,-275.8,0,0.0,0.0,0.0000
4.2524,4.2485,3.9,0,-545.1,-1030.5,1.3877,-550.5,-1033.3,1.3632,354.7,184.1,-0.0000,319.0,218.3,-0.0983,272.7,-273.9,0,0.0,0.0,0.0000
4.2604,4.2570,3.5,0,-541.6,-1029.5,1.3845,-547.5,-1031.7,1.3632,352.9,187.9,-0.0000,314.6,223.5,-0.0854,277.9,-267.8,0,0.0,0.0,0.0000
4.2687,4.2651,3.5,0,-539.1,-1028.2,1.3972,-544.6,-1030.2,1.3632,351.0,191.5,-0.0000,313.1,227.8,-0.1363,278.5,-269.1,0,0.0,0.0,0.0000
4.2759,4.2745,1.4,0,-536.0,-1026.5,1.3934,-541.4,-1028.4,1.3632,349.3,196.2,0.0000,309.1,230.0,-0.1208,281.0,-263.6,0,0.0,0.0,0.0000
4.2838,4.2825,1.3,0,-533.4,-1024.0,1.3873,-538.6,-1026.8,1.3632,347.3,200.0,0.0000,306.8,230.7,-0.0966,282.8,-259.6,0,0.0,0.0,0.0000
4.2918,4.2906,1.2,0,-531.0,-1023.0,1.3869,-535.8,-1025.2,1.3632,344.1,203.8,0.0000,305.0,236.2,-0.0951,288.0,-256.7,0,0.0,0.0,0.0000
4.3009,4.2992,1.7,0,-528.1,-1021.8,1.3871,-532.8,-1023.4,1.3632,341.3,207.9,0.0000,303.5,241.8,-0.0956,293.1,-254.2,0,0.0,0.0,0.0000
4.3080,4.3079,0.1,0,-525.5,-1018.5,1.4024,-529.9,-1021.5,1.3632,339.3,211.9,-0.0000,301.0,239.5,-0.1570,286.5,-256.6,0,0.0,0.0,0.0000
4.3167,4.3166,0.1,0,-524.1,-1016.8,1.3901,-526.9,-1019.7,1.3632,337.0,215.6,-0.0000,301.8,243.7,-0.1076,294.0,-253.0,0,0.0,0.0,0.0000
4.3240,4.3166,7.5,0,-524.1,-1016.8,1.3901,-526.9,-1019.7,1.3632,337.0,215.6,-0.0000,306.4,251.8,-0.1076,302.7,-256.1,0,0.0,0.0,0.0000
4.3325,4.3246,7.9,0,-520.4,-1015.4,1.3824,-524.2,-1018.0,1.3632,334.8,218.8,0.0000,301.4,256.4,-0.0769,308.3,-248.0,0,0.0,0.0,0.0000
4.3405,4.3330,7.5,0,-518.7,-1012.2,1.3965,-521.4,-1016.1,1.3632,332.4,222.5,-0.0000,301.6,255.1,-0.1334,303.5,-252.8,0,0.0,0.0,0.0000
4.3481,4.3413,6.8,0,-516.2,-1010.0,1.3792,-518.7,-1014.2,1.3632,329.8,226.6,-0.0000,299.0,257.0,-0.0643,309.2,-244.6,0,0.0,0.0,0.0000
4.3559,4.3501,5.9,0,-513.2,-1008.5,1.3769,-515.8,-1012.2,1.3632,327.1,230.3,0.0000,294.8,260.7,-0.0549,312.7,-239.0,0,0.0,0.0,0.0000
4.3638,4.3585,5.3,0,-511.9,-1004.8,1.3790,-513.1,-1010.3,1.3632,324.6,233.8,0.0000,295.8,258.4,-0.0632,310.0,-241.1,0,0.0,0.0,0.0000
4.3728,4.3668,6.0,0,-508.3,-1003.2,1.3668,-510.4,-1008.3,1.3632,321.7,237.4,-0.0000,290.4,263.5,-0.0146,316.8,-231.0,0,0.0,0.0,0.0000
4.3800,4.3735,6.5,0,-506.6,-1001.2,1.3687,-508.2,-1006.7,1.3632,319.2,240.4,-0.0000,289.3,265.7,-0.0222,318.3,-230.1,0,0.0,0.0,0.0000
4.3885,4.3832,5.3,0,-504.6,-997.4,1.3613,-505.1,-1004.4,1.3632,316.5,244.4,-0.0000,288.0,264.0,0.0073,318.1,-226.8,0,0.0,0.0,0.0000
4.3962,4.3917,4.5,0,-501.6,-995.9,1.3547,-502.5,-1002.3,1.3632,314.5,247.9,0.0000,283.3,267.7,0.0338,322.2,-219.3,0,0.0,0.0,0.0000
4.4038,4.4003,3.5,0,-499.3,-992.4,1.3482,-499.8,-1000.1,1.3632,310.9,251.7,0.0000,280.9,265.8,0.0599,321.3,-215.3,0,0.0,0.0,0.0000
4.4118,4.4092,2.6,0,-496.9,-989.7,1.3585,-497.0,-997.9,1.3632,307.4,255.7,0.0000,278.6,266.6,0.0188,319.4,-216.1,0,0.0,0.0,0.0000
4.4199,4.4175,2.4,0,-494.6,-988.2,1.3451,-494.5,-995.7,1.3632,305.0,258.8,-0.0000,276.7,271.0,0.0722,326.1,-209.0,0,0.0,0.0,0.0000
4.4282,4.4257,2.4,0,-492.3,-984.4,1.3444,-492.0,-993.6,1.3632,302.4,262.0,-0.0000,272.8,269.9,0.0750,324.2,-205.3,0,0.0,0.0,0.0000
4.4369,4.4354,1.5,0,-489.2,-982.5,1.3486,-489.1,-991.0,1.3632,298.8,265.8,0.0000,267.4,274.8,0.0583,327.0,-200.2,0,0.0,0.0,0.0000
4.4439,4.4427,1.2,0,-487.0,-980.3,1.3281,-486.9,-989.1,1.3632,296.2,268.7,-0.0000,264.3,275.9,0.1404,331.4,-190.3,0,0.0,0.0,0.0000
4.4524,4.4512,1.2,0,-484.7,-977.0,1.3314,-484.4,-986.8,1.3632,293.3,272.0,-0.0000,261.3,275.5,0.1271,329.6,-188.5,0,0.0,0.0,0.0000
4.4599,4.4597,0.2,0,-482.4,-974.3,1.3262,-481.9,-984.5,1.3632,290.1,275.4,-0.0000,258.3,276.0,0.1478,330.3,-183.8,0,0.0,0.0,0.0000
4.4685,4.4684,0.1,0,-480.0,-971.8,1.3240,-479.4,-982.1,1.3632,286.5,279.0,0.0000,255.2,278.2,0.1566,332.1,-179.5,0,0.0,0.0,0.0000
4.4758,4.4684,7.5,0,-480.0,-971.8,1.3240,-479.4,-982.1,1.3632,286.5,279.0,0.0000,258.5,287.2,0.1566,341.7,-180.5,0,0.0,0.0,0.0000
4.4839,4.4764,7.6,0,-477.5,-969.4,1.3175,-477.1,-979.8,1.3632,283.5,282.0,-0.0000,254.8,290.1,0.1826,344.7,-173.9,0,0.0,0.0,0.0000
4.4918,4.4851,6.7,0,-475.2,-966.9,1.3149,-474.7,-977.3,1.3632,280.3,285.1,-0.0000,250.7,291.8,0.1929,345.8,-168.7,0,0.0,0.0,0.0000
4.5001,4.4936,6.5,0,-472.0,-964.2,1.3152,-472.3,-974.9,1.3632,277.4,288.0,-0.0000,244.4,293.7,0.1920,345.9,-162.2,0,0.0,0.0,0.0000
4.5088,4.5022,6.7,0,-470.4,-961.5,1.3038,-469.9,-972.4,1.3632,275.1,290.8,0.0000,243.2,295.7,0.2376,349.3,-156.5,0,0.0,0.0,0.0000
4.5158,4.5103,5.6,0,-468.1,-958.8,1.3238,-467.7,-970.1,1.3632,271.4,294.1,-0.0000,239.1,295.7,0.1575,345.2,-159.6,0,0.0,0.0,0.0000
4.5244,4.5190,5.5,0,-465.4,-956.5,1.3125,-465.4,-967.5,1.3632,266.9,298.1,-0.0000,234.3,299.6,0.2025,349.5,-150.0,0,0.0,0.0,0.0000
4.5328,4.5272,5.6,0,-464.1,-952.8,1.3130,-463.2,-965.0,1.3632,263.6,300.7,-0.0000,233.6,298.7,0.2008,348.4,-149.7,0,0.0,0.0,0.0000
4.5398,4.5352,4.6,0,-461.4,-950.9,1.3264,-461.1,-962.6,1.3632,260.3,303.3,-0.0000,227.1,301.3,0.1468,347.3,-147.5,0,0.0,0.0,0.0000
4.5487,4.5444,4.3,0,-458.3,-947.9,1.3128,-458.7,-959.8,1.3632,256.9,306.2,0.0000,220.4,303.3,0.2014,349.5,-135.7,0,0.0,0.0,0.0000
4.5559,4.5524,3.5,0,-457.2,-945.1,1.3102,-456.7,-957.3,1.3632,254.0,308.7,-0.0000,219.7,303.1,0.2118,349.5,-134.2,0,0.0,0.0,0.0000
4.5648,4.5613,3.6,0,-454.3,-943.2,1.3283,-454.5,-954.6,1.3632,250.4,312.0,0.0000,213.9,307.9,0.1396,350.3,-133.7,0,0.0,0.0,0.0000
4.5723,4.5699,2.4,0,-451.7,-940.3,1.3131,-452.3,-951.9,1.3632,246.9,315.2,-0.0000,208.0,308.6,0.2003,351.4,-122.5,0,0.0,0.0,0.0000
4.5801,4.5777,2.4,0,-450.1,-937.7,1.3204,-450.4,-949.4,1.3632,243.3,317.7,0.0000,205.5,310.7,0.1711,351.9,-122.1,0,0.0,0.0,0.0000
4.5881,4.5866,1.4,0,-447.7,-935.4,1.3434,-448.2,-946.6,1.3632,239.3,320.7,0.0000,200.9,313.6,0.0790,350.8,-125.1,0,0.0,0.0,0.0000
4.5966,4.5951,1.5,0,-445.1,-932.2,1.3153,-446.2,-943.9,1.3632,235.8,322.9,-0.0000,195.7,314.9,0.1916,354.2,-109.7,0,0.0,0.0,0.0000
4.6047,4.6034,1.3,0,-443.1,-929.8,1.3500,-444.3,-941.2,1.3632,232.4,325.4,-0.0000,190.6,317.9,0.0528,351.9,-116.4,0,0.0,0.0,0.0000
4.6119,4.6118,0.1,0,-440.9,-928.4,1.3424,-442.3,-938.4,1.3632,229.1,328.3,0.0000,185.1,322.8,0.0830,356.3,-107.2,0,0.0,0.0,0.0000
4.6204,4.6203,0.2,0,-439.1,-925.7,1.3327,-440.4,-935.6,1.3632,225.3,331.0,0.0000,181.5,324.5,0.1219,358.2,-99.8,0,0.0,0.0,0.0000
4.6280,4.6203,7.7,0,-439.1,-925.7,1.3327,-440.4,-935.6,1.3632,225.3,331.0,0.0000,182.8,332.9,0.1219,366.7,-99.2,0,0.0,0.0,0.0000
4.6364,4.6287,7.7,0,-436.9,-923.4,1.3372,-438.5,-932.8,1.3632,220.8,333.6,0.0000,174.8,328.3,0.1037,359.8,-94.1,0,0.0,0.0,0.0000
4.6444,4.6376,6.8,0,-434.6,-921.2,1.3480,-436.6,-929.8,1.3632,216.8,336.0,0.0000,166.6,325.5,0.0606,354.2,-90.6,0,0.0,0.0,0.0000
4.6524,4.6457,6.7,0,-432.8,-918.8,1.3419,-434.9,-927.1,1.3632,213.5,337.8,0.0000,158.7,320.5,0.0852,348.1,-81.8,0,0.0,0.0,0.0000
4.6604,4.6538,6.6,0,-431.0,-915.4,1.3530,-433.1,-924.4,1.3632,209.9,340.1,0.0000,151.0,313.1,0.0404,338.4,-79.8,0,0.0,0.0,0.0000
4.6684,4.6627,5.8,0,-428.0,-914.2,1.3510,-431.3,-921.3,1.3632,205.7,342.8,0.0000,141.0,311.8,0.0484,335.0,-69.7,0,0.0,0.0,0.0000
4.6765,4.6711,5.5,0,-427.1,-911.5,1.3504,-429.6,-918.4,1.3632,202.2,345.2,-0.0000,136.6,306.3,0.0509,328.8,-66.3,0,0.0,0.0,0.0000
4.6848,4.6792,5.6,0,-424.7,-908.4,1.3592,-427.9,-915.6,1.3632,199.1,347.6,-0.0000,127.5,299.6,0.0157,319.7,-61.7,0,0.0,0.0,0.0000
4.6927,4.6862,6.5,0,-422.4,-907.0,1.3664,-426.6,-913.2,1.3632,195.3,349.5,0.0000,119.1,297.8,-0.0130,315.8,-56.1,0,0.0,0.0,0.0000
4.6997,4.6947,5.0,0,-421.5,-903.5,1.3674,-424.9,-910.2,1.3632,190.4,352.2,0.0000,116.4,288.6,-0.0170,306.1,-55.7,0,0.0,0.0,0.0000
4.7083,4.7031,5.2,0,-419.9,-901.8,1.3733,-423.3,-907.2,1.3632,186.2,353.1,0.0000,110.6,285.5,-0.0404,301.7,-52.4,0,0.0,0.0,0.0000
4.7158,4.7115,4.3,0,-417.5,-899.0,1.3866,-421.8,-904.2,1.3632,182.8,355.3,-0.0000,102.1,279.2,-0.0936,293.2,-49.2,0,0.0,0.0,0.0000
4.7240,4.7200,4.0,0,-416.2,-896.3,1.3853,-420.3,-901.2,1.3632,175.5,349.4,-0.0000,97.1,273.1,-0.0885,286.3,-45.0,0,0.0,0.0,0.0000
4.7323,4.7284,3.9,0,-413.9,-894.5,1.3751,-418.8,-898.3,1.3632,169.0,345.0,0.0000,89.3,269.4,-0.0476,281.7,-35.2,0,0.0,0.0,0.0000
4.7401,4.7369,3.2,0,-412.8,-891.9,1.3864,-417.4,-895.4,1.3632,161.0,338.9,0.0000,84.8,263.2,-0.0930,274.3,-35.1,0,0.0,0.0,0.0000
4.7482,4.7454,2.8,0,-410.8,-889.3,1.3820,-416.1,-892.6,1.3632,153.3,333.1,-0.0000,78.0,256.1,-0.0752,266.2,-28.5,0,0.0,0.0,0.0000
4.7566,4.7538,2.8,0,-408.7,-887.9,1.3798,-414.8,-889.8,1.3632,147.0,327.1,0.0000,70.6,252.8,-0.0666,261.6,-21.3,0,0.0,0.0,0.0000
4.7641,4.7623,1.8,0,-407.0,-885.5,1.3861,-413.6,-887.0,1.3632,140.3,321.0,-0.0000,64.2,246.8,-0.0917,254.4,-17.8,0,0.0,0.0,0.0000
4.7718,4.7623,9.5,0,-407.0,-885.5,1.3861,-413.6,-887.0,1.3632,140.3,321.0,-0.0000,62.9,247.7,-0.0917,255.0,-16.3,0,0.0,0.0,0.0000
4.7798,4.7707,9.1,0,-406.4,-882.5,1.3830,-412.5,-884.4,1.3632,133.2,314.8,0.0000,60.6,238.9,-0.0792,246.0,-14.9,0,0.0,0.0,0.0000
4.7882,4.7791,9.1,0,-404.6,-880.9,1.3848,-411.4,-881.7,1.3632,126.9,308.3,0.0000,54.4,234.0,-0.0866,240.1,-10.2,0,0.0,0.0,0.0000
4.7959,4.7876,8.3,0,-403.2,-877.8,1.3742,-410.3,-879.2,1.3632,121.8,301.1,0.0000,49.2,224.5,-0.0442,229.8,-4.4,0,0.0,0.0,0.0000
4.8039,4.7961,7.8,0,-401.5,-875.9,1.3751,-409.3,-876.6,1.3632,116.2,294.2,0.0000,43.0,218.1,-0.0477,222.3,0.2,0,0.0,0.0,0.0000
4.8119,4.8045,7.4,0,-400.1,-874.5,1.3662,-408.4,-874.2,1.3632,110.1,287.4,0.0000,38.7,214.1,-0.0122,217.5,5.6,0,0.0,0.0,0.0000
4.8205,4.8131,7.5,0,-399.3,-871.9,1.3747,-407.4,-871.8,1.3632,104.6,280.3,0.0000,35.6,205.7,-0.0462,208.7,5.1,0,0.0,0.0,0.0000
4.8286,4.8214,7.2,0,-397.9,-869.2,1.3764,-406.6,-869.5,1.3632,99.5,273.5,0.0000,29.4,196.6,-0.0529,198.6,9.2,0,0.0,0.0,0.0000
4.8357,4.8299,5.8,0,-396.3,-867.8,1.3667,-405.8,-867.2,1.3632,94.5,266.2,-0.0000,23.3,191.4,-0.0143,192.1,16.0,0,0.0,0.0,0.0000
4.8441,4.8386,5.5,0,-394.6,-866.0,1.3561,-405.0,-864.9,1.3632,89.5,258.4,-0.0000,18.1,184.6,0.0282,184.3,21.6,0,0.0,0.0,0.0000
4.8526,4.8469,5.7,0,-394.7,-863.3,1.3589,-404.2,-862.8,1.3632,84.7,251.5,0.0000,17.9,175.0,0.0170,174.9,19.3,0,0.0,0.0,0.0000
4.8599,4.8552,4.6,0,-393.9,-862.1,1.3556,-403.5,-860.7,1.3632,79.7,244.7,-0.0000,14.5,169.5,0.0301,168.7,22.0,0,0.0,0.0,0.0000
4.8682,4.8637,4.6,0,-393.0,-860.2,1.3494,-402.9,-858.7,1.3632,75.8,237.0,-0.0000,10.5,161.8,0.0549,160.1,25.3,0,0.0,0.0,0.0000
4.8762,4.8724,3.9,0,-393.0,-857.9,1.3486,-402.2,-856.6,1.3632,71.8,229.2,-0.0000,9.8,153.1,0.0582,151.5,24.2,0,0.0,0.0,0.0000
4.8844,4.8805,3.9,0,-392.3,-856.0,1.3512,-401.7,-854.8,1.3632,67.8,221.4,-0.0000,6.9,145.2,0.0479,143.2,24.9,0,0.0,0.0,0.0000
4.8920,4.8890,3.0,0,-392.0,-854.7,1.3513,-401.1,-853.0,1.3632,63.7,213.4,-0.0000,4.8,138.7,0.0473,136.4,25.5,0,0.0,0.0,0.0000
4.9006,4.8975,3.1,0,-391.2,-853.3,1.3387,-400.6,-851.2,1.3632,60.8,206.2,0.0000,1.2,131.4,0.0980,128.1,29.1,0,0.0,0.0,0.0000
4.9081,4.8975,10.7,0,-391.2,-853.3,1.3387,-400.6,-851.2,1.3632,60.8,206.2,0.0000,1.4,128.8,0.0980,125.6,28.3,0,0.0,0.0,0.0000
4.9159,4.9144,1.5,0,-390.0,-849.7,1.3378,-399.6,-847.8,1.3632,53.0,190.7,0.0000,-2.3,115.2,0.1016,111.5,28.8,0,0.0,0.0,0.0000
4.9243,4.9228,1.5,0,-390.1,-848.7,1.3363,-399.2,-846.2,1.3632,49.2,182.8,0.0000,-3.9,108.7,0.1076,104.8,29.0,0,0.0,0.0,0.0000
4.9321,4.9228,9.3,0,-390.1,-848.7,1.3363,-399.2,-846.2,1.3632,49.2,182.8,0.0000,-5.3,105.3,0.1076,101.2,29.6,0,0.0,0.0,0.0000
4.9404,4.9313,9.2,0,-390.3,-847.2,1.3363,-398.8,-844.7,1.3632,47.1,175.0,0.0000,-5.5,96.7,0.1073,92.7,27.8,0,0.0,0.0,0.0000
4.9478,4.9399,8.0,0,-389.8,-846.0,1.3357,-398.4,-843.3,1.3632,44.2,166.9,-0.0000,-8.0,89.5,0.1097,85.1,28.6,0,0.0,0.0,0.0000
4.9567,4.9481,8.5,0,-389.8,-844.7,1.3364,-398.0,-841.9,1.3632,41.0,158.8,-0.0000,-8.5,81.3,0.1070,77.1,27.2,0,0.0,0.0,0.0000
4.9640,4.9566,7.4,0,-390.4,-843.1,1.3365,-397.7,-840.6,1.3632,38.1,150.8,-0.0000,-7.4,72.5,0.1067,68.8,24.0,0,0.0,0.0,0.0000
4.9724,4.9651,7.3,0,-390.2,-842.0,1.3387,-397.4,-839.4,1.3632,35.6,143.1,-0.0000,-9.3,65.2,0.0977,61.3,24.1,0,0.0,0.0,0.0000
4.9798,4.9737,6.1,0,-390.3,-841.4,1.3364,-397.1,-838.2,1.3632,32.8,134.8,-0.0000,-10.1,59.1,0.1069,55.2,23.6,0,0.0,0.0,0.0000
4.9884,4.9820,6.4,0,-391.0,-840.5,1.3333,-396.8,-837.1,1.3632,29.8,126.7,0.0000,-8.5,50.4,0.1196,47.0,20.1,0,0.0,0.0,0.0000
4.9965,4.9904,6.1,0,-391.4,-840.0,1.3435,-396.6,-836.0,1.3632,28.0,118.6,0.0000,-8.1,43.3,0.0788,40.4,17.6,0,0.0,0.0,0.0000
5.0048,4.9989,5.9,0,-392.1,-838.6,1.3376,-396.4,-835.1,1.3632,26.8,110.6,-0.0000,-7.5,34.3,0.1022,31.6,15.2,0,0.0,0.0,0.0000
5.0128,5.0074,5.3,0,-392.0,-837.8,1.3346,-396.1,-834.2,1.3632,23.9,102.2,0.0000,-9.1,27.1,0.1143,24.2,15.2,0,0.0,0.0,0.0000
5.0199,5.0157,4.1,0,-392.2,-837.2,1.3306,-396.0,-833.3,1.3632,21.0,94.2,0.0000,-9.3,21.5,0.1301,18.7,14.2,0,0.0,0.0,0.0000
5.0279,5.0242,3.7,0,-392.8,-836.3,1.3382,-395.8,-832.6,1.3632,19.0,85.8,0.0000,-8.7,12.1,0.1000,9.8,11.3,0,0.0,0.0,0.0000
5.0359,5.0327,3.2,0,-393.5,-835.7,1.3471,-395.6,-831.9,1.3632,16.9,77.5,-0.0000,-6.2,12.3,0.0642,10.6,8.8,0,0.0,0.0,0.0000
5.0448,5.0327,12.1,0,-393.5,-835.7,1.3471,-395.6,-831.9,1.3632,16.9,77.5,-0.0000,-5.8,14.1,0.0642,12.5,8.8,0,0.0,0.0,0.0000
5.0521,5.0496,2.6,0,-394.4,-834.8,1.3547,-395.4,-830.7,1.3632,13.6,61.4,0.0000,-2.8,12.6,0.0337,11.7,5.5,0,0.0,0.0,0.0000
5.0609,5.0580,2.9,0,-394.7,-834.6,1.3550,-395.3,-830.2,1.3632,11.4,53.5,-0.0000,-1.8,13.5,0.0327,12.8,4.6,0,0.0,0.0,0.0000
5.0683,5.0664,1.9,0,-394.7,-834.2,1.3558,-395.2,-829.8,1.3632,9.5,45.4,0.0000,-1.3,13.3,0.0293,12.7,4.1,0,0.0,0.0,0.0000
5.0764,5.0664,10.0,0,-394.7,-834.2,1.3558,-395.2,-829.8,1.3632,9.5,45.4,0.0000,-1.1,14.2,0.0293,13.7,4.1,0,0.0,0.0,0.0000
5.0840,5.0751,8.9,0,-395.1,-834.1,1.3566,-395.1,-829.5,1.3632,8.2,35.9,0.0000,0.3,14.7,0.0262,14.4,2.9,0,0.0,0.0,0.0000
5.0919,5.0834,8.5,0,-395.4,-834.1,1.3606,-395.1,-829.2,1.3632,6.5,27.6,-0.0000,1.2,15.3,0.0101,15.3,2.1,0,0.0,0.0,0.0000
5.1005,5.0918,8.7,0,-396.0,-834.0,1.3632,-395.0,-829.0,1.3632,4.2,19.4,0.0000,2.9,15.5,-0.0002,15.8,0.3,0,0.0,0.0,0.0000
5.1087,5.1003,8.4,0,-396.1,-834.1,1.3658,-395.0,-828.9,1.3632,2.7,13.3,0.0000,3.5,16.0,-0.0106,16.3,-0.1,0,0.0,0.0,0.0000
5.1160,5.1089,7.1,0,-396.6,-833.9,1.3670,-395.0,-828.8,1.3632,0.2,0.8,-0.0000,10.7,28.6,0.0000,30.2,-4.8,1,-396.9,-832.4,1.3712
5.1241,5.1172,6.9,0,-396.9,-834.1,1.3733,-395.0,-828.8,1.3632,0.0,0.0,0.0000,18.8,42.6,0.0000,45.5,-10.2,1,-397.0,-832.6,1.3764
5.1324,5.1256,6.8,0,-397.2,-834.4,1.3710,-395.0,-828.8,1.3632,0.0,0.0,0.0000,27.3,56.8,0.0000,61.1,-15.6,1,-397.1,-832.7,1.3733
5.1405,5.1341,6.4,0,-397.8,-834.5,1.3705,-395.0,-828.8,1.3632,0.0,0.0,0.0000,37.8,69.2,0.0000,75.3,-23.4,1,-397.4,-832.4,1.3722
5.1484,5.1424,6.0,0,-398.3,-834.9,1.3628,-395.0,-828.8,1.3632,0.0,0.0,0.0000,48.5,80.9,0.0000,89.1,-30.8,1,-397.5,-832.4,1.3640
5.1559,5.1510,4.9,0,-398.4,-835.1,1.3654,-395.0,-828.8,1.3632,0.0,0.0,0.0000,58.6,91.9,0.0000,101.9,-38.7,1,-397.2,-832.0,1.3663
5.1648,5.1594,5.4,0,-398.8,-835.3,1.3700,-395.0,-828.8,1.3632,0.0,0.0,0.0000,74.2,100.3,0.0000,113.1,-52.8,1,-397.1,-831.5,1.3706
5.1719,5.1679,4.0,0,-398.7,-835.6,1.3654,-395.0,-828.8,1.3632,0.0,0.0,0.0000,64.5,101.9,0.0000,112.9,-42.4,1,-396.5,-831.2,1.3658
5.1801,5.1763,3.8,0,-398.9,-835.6,1.3640,-395.0,-828.8,1.3632,0.0,0.0,0.0000,55.3,88.4,0.0000,97.8,-36.0,1,-396.1,-830.6,1.3641
5.1878,5.1848,3.0,0,-399.1,-836.0,1.3681,-395.0,-828.8,1.3632,0.0,0.0,0.0000,51.2,82.0,0.0000,90.7,-33.7,1,-396.0,-830.4,1.3681
5.1961,5.1932,2.9,0,-399.1,-835.9,1.3656,-395.0,-828.8,1.3632,0.0,0.0,0.0000,42.4,67.8,0.0000,75.0,-27.6,1,-395.5,-829.8,1.3655
5.2043,5.2017,2.6,0,-399.2,-836.5,1.3680,-395.0,-828.8,1.3632,0.0,0.0,0.0000,33.8,54.1,0.0000,59.8,-22.2,1,-395.2,-830.0,1.3679
5.2126,5.2101,2.5,0,-399.4,-836.0,1.3701,-395.0,-828.8,1.3632,0.0,0.0,0.0000,25.0,40.0,0.0000,44.2,-16.5,1,-395.2,-829.2,1.3701
5.2200,5.2185,1.5,0,-398.8,-836.2,1.3659,-395.0,-828.8,1.3632,0.0,0.0,0.0000,17.1,27.3,0.0000,30.2,-11.2,1,-394.6,-829.4,1.3659
5.2284,5.2270,1.4,0,-398.8,-835.5,1.3735,-395.0,-828.8,1.3632,0.0,0.0,0.0000,8.2,13.1,0.0000,14.5,-5.5,1,-394.7,-828.9,1.3735
5.2371,5.2355,1.6,0,-398.9,-835.6,1.3715,-395.0,-828.8,1.3632,0.0,0.0,0.0000,0.0,0.0,0.0000,0.0,0.0,1,-395.0,-829.4,1.3715
5.2448,5.2355,9.4,0,-398.9,-835.6,1.3715,-395.0,-828.8,1.3632,0.0,0.0,0.0000,0.0,0.0,0.0000,0.0,0.0,1,-395.0,-829.4,1.3715
5.2525,5.2439,8.6,0,-398.9,-835.2,1.3743,-395.0,-828.8,1.3632,0.0,0.0,0.0000,0.0,0.0,0.0000,0.0,0.0,1,-395.3,-829.7,1.3743
5.2601,5.2524,7.7,0,-398.6,-835.1,1.3741,-395.0,-828.8,1.3632,0.0,0.0,0.0000,0.0,0.0,0.0000,0.0,0.0,1,-395.5,-830.4,1.3741
5.2687,5.2608,7.8,0,-398.7,-834.8,1.3730,-395.0,-828.8,1.3632,0.0,0.0,0.0000,0.0,0.0,0.0000,0.0,0.0,1,-396.2,-830.8,1.3730
5.2757,5.2693,6.4,0,-397.6,-834.8,1.3698,-395.0,-828.8,1.3632,0.0,0.0,0.0000,0.0,0.0,0.0000,0.0,0.0,1,-395.7,-831.7,1.3698
5.2838,5.2777,6.1,0,-397.6,-834.6,1.3693,-395.0,-828.8,1.3632,0.0,0.0,0.0000,0.0,0.0,0.0000,0.0,0.0,1,-396.2,-832.3,1.3693
5.2920,5.2862,5.8,0,-397.1,-834.7,1.3759,-395.0,-828.8,1.3632,0.0,0.0,0.0000,0.0,0.0,0.0000,0.0,0.0,1,-396.1,-833.0,1.3759
5.3003,5.2946,5.7,0,-397.2,-834.3,1.3715,-395.0,-828.8,1.3632,0.0,0.0,0.0000,5.6,15.6,0.0000,16.4,-2.4,1,-396.5,-833.2,1.3715
5.3078,5.3031,4.7,0,-397.0,-834.3,1.3761,-395.0,-828.8,1.3632,0.0,0.0,0.0000,10.3,29.9,0.0000,31.3,-4.3,1,-396.6,-833.6,1.3761
5.3164,5.3115,4.9,0,-396.3,-834.3,1.3724,-395.0,-828.8,1.3632,0.0,0.0,0.0000,13.3,46.8,0.0000,48.5,-3.8,1,-396.0,-833.6,1.3724
5.3239,5.3200,4.0,0,-396.3,-834.2,1.3702,-395.0,-828.8,1.3632,0.0,0.0,0.0000,16.2,61.5,0.0000,63.5,-3.6,1,-396.0,-833.4,1.3702
5.3323,5.3284,3.9,0,-396.1,-834.2,1.3705,-395.0,-828.8,1.3632,0.0,0.0,0.0000,18.5,78.1,0.0000,80.2,-2.6,1,-395.8,-833.0,1.3705
5.3396,5.3369,2.8,0,-396.7,-834.1,1.3716,-395.0,-828.8,1.3632,0.0,0.0,0.0000,25.7,91.0,0.0000,94.2,-7.1,1,-396.2,-832.3,1.3716
5.3484,5.3453,3.1,0,-396.0,-834.4,1.3680,-395.0,-828.8,1.3632,0.0,0.0,0.0000,18.9,107.2,0.0000,108.8,3.1,1,-395.3,-831.8,1.3680
5.3558,5.3538,2.0,0,-396.2,-834.4,1.3711,-395.0,-828.8,1.3632,0.0,0.0,0.0000,18.3,105.0,0.0000,106.5,2.9,1,-395.4,-831.0,1.3711
5.3646,5.3622,2.4,0,-396.2,-834.4,1.3746,-395.0,-828.8,1.3632,0.0,0.0,0.0000,15.2,87.6,0.0000,88.9,2.1,1,-395.2,-830.1,1.3746
5.3718,5.3707,1.1,0,-395.6,-834.5,1.3731,-395.0,-828.8,1.3632,0.0,0.0,0.0000,12.8,73.3,0.0000,74.4,1.9,1,-394.5,-829.5,1.3731
5.3806,5.3791,1.5,0,-395.7,-834.4,1.3725,-395.0,-828.8,1.3632,0.0,0.0,0.0000,9.8,56.1,0.0000,56.9,1.5,1,-394.4,-828.8,1.3725
5.3878,5.3791,8.7,0,-395.7,-834.4,1.3725,-395.0,-828.8,1.3632,0.0,0.0,0.0000,7.3,41.8,0.0000,42.5,1.1,1,-394.4,-828.4,1.3725
5.3961,5.3876,8.5,0,-395.8,-834.3,1.3777,-395.0,-828.8,1.3632,0.0,0.0,0.0000,4.4,25.6,0.0000,25.9,0.5,1,-394.4,-828.0,1.3777
5.4042,5.3960,8.2,0,-395.7,-834.0,1.3760,-395.0,-828.8,1.3632,0.0,0.0,0.0000,1.7,9.5,0.0000,9.7,0.2,1,-394.3,-827.5,1.3760
5.4127,5.4045,8.2,0,-395.4,-834.0,1.3805,-395.0,-828.8,1.3632,0.0,0.0,0.0000,0.0,0.0,0.0000,0.0,0.0,1,-394.1,-827.7,1.3805
5.4198,5.4129,6.9,0,-395.3,-834.0,1.3769,-395.0,-828.8,1.3632,0.0,0.0,0.0000,0.0,0.0,0.0000,0.0,0.0,1,-394.1,-828.0,1.3769
5.4282,5.4214,6.8,0,-395.2,-833.8,1.3825,-395.0,-828.8,1.3632,0.0,0.0,0.0000,0.0,0.0,0.0000,0.0,0.0,1,-394.1,-828.3,1.3825
5.4360,5.4298,6.1,0,-395.2,-833.6,1.3869,-395.0,-828.8,1.3632,0.0,0.0,0.0000,0.0,0.0,0.0000,0.0,0.0,1,-394.3,-828.8,1.3869
5.4445,5.4383,6.2,0,-395.1,-833.1,1.3890,-395.0,-828.8,1.3632,0.0,0.0,0.0000,0.0,0.0,0.0000,0.0,0.0,1,-394.4,-829.1,1.3890
5.4523,5.4467,5.6,0,-395.0,-832.8,1.3944,-395.0,-828.8,1.3632,0.0,0.0,0.0000,0.0,0.0,0.0000,0.0,0.0,1,-394.5,-829.6,1.3944
5.4605,5.4552,5.3,0,-395.0,-832.6,1.3945,-395.0,-828.8,1.3632,0.0,0.0,0.0000,0.0,0.0,0.0000,0.0,0.0,1,-394.6,-830.4,1.3945
5.4685,5.4636,4.9,0,-394.2,-832.2,1.4008,-395.0,-828.8,1.3632,0.0,0.0,0.0000,0.0,0.0,0.0000,0.0,0.0,1,-394.0,-830.7,1.4008
5.4761,5.4721,4.0,0,-394.1,-832.1,1.3977,-395.0,-828.8,1.3632,0.0,0.0,0.0000,0.0,0.0,0.0000,0.0,0.0,1,-393.9,-831.1,1.3977
5.4841,5.4805,3.6,0,-394.4,-832.1,1.4032,-395.0,-828.8,1.3632,0.0,0.0,0.0000,0.0,0.0,0.0000,0.0,0.0,1,-394.4,-831.6,1.4032
5.4918,5.4890,2.9,0,-394.1,-831.9,1.3897,-395.0,-828.8,1.3632,0.0,0.0,0.0000,0.0,0.0,0.0000,0.0,0.0,1,-394.1,-831.7,1.3897
5.5005,5.4974,3.0,0,-394.2,-831.8,1.3966,-395.0,-828.8,1.3632,0.0,0.0,0.0000,0.0,0.0,0.0000,0.0,0.0,1,-394.2,-831.8,1.3966
5.5077,5.4974,10.2,0,-394.2,-831.8,1.3966,-395.0,-828.8,1.3632,0.0,0.0,0.0000,0.0,0.0,0.0000,0.0,0.0,1,-394.2,-831.8,1.3966
5.5167,5.5143,2.4,0,-393.8,-831.5,1.3975,-395.0,-828.8,1.3632,0.0,0.0,0.0000,0.0,0.0,0.0000,0.0,0.0,1,-393.8,-831.5,1.3975
5.5242,5.5228,1.5,0,-394.1,-831.6,1.3811,-395.0,-828.8,1.3632,0.0,0.0,0.0000,0.0,0.0,0.0000,0.0,0.0,1,-394.1,-831.6,1.3811
5.5327,5.5312,1.5,0,-393.8,-832.0,1.3849,-395.0,-828.8,1.3632,0.0,0.0,0.0000,0.0,0.0,0.0000,0.0,0.0,1,-393.8,-832.0,1.3849
5.5405,5.5312,9.3,0,-393.8,-832.0,1.3849,-395.0,-828.8,1.3632,0.0,0.0,0.0000,0.0,0.0,0.0000,0.0,0.0,1,-393.8,-832.0,1.3849
5.5477,5.5397,8.0,0,-393.7,-831.9,1.3807,-395.0,-828.8,1.3632,0.0,0.0,0.0000,0.0,0.0,0.0000,0.0,0.0,1,-393.7,-831.9,1.3807
5.5568,5.5481,8.7,0,-393.9,-832.3,1.3777,-395.0,-828.8,1.3632,0.0,0.0,0.0000,0.0,0.0,0.0000,0.0,0.0,1,-393.9,-832.3,1.3777
5.5638,5.5566,7.2,0,-393.8,-831.7,1.3772,-395.0,-828.8,1.3632,0.0,0.0,0.0000,0.0,0.0,0.0000,0.0,0.0,1,-393.8,-831.7,1.3772
5.5720,5.5650,7.0,0,-393.9,-831.7,1.3823,-395.0,-828.8,1.3632,0.0,0.0,0.0000,0.0,0.0,0.0000,0.0,0.0,1,-393.9,-831.7,1.3823
5.5800,5.5735,6.5,0,-394.1,-831.3,1.3762,-395.0,-828.8,1.3632,0.0,0.0,0.0000,0.0,0.0,0.0000,0.0,0.0,1,-394.1,-831.3,1.3762
5.5883,5.5821,6.3,0,-393.6,-832.1,1.3702,-395.0,-828.8,1.3632,0.0,0.0,0.0000,0.0,0.0,0.0000,0.0,0.0,1,-393.6,-832.1,1.3702
5.5964,5.5904,6.1,0,-393.8,-831.4,1.3766,-395.0,-828.8,1.3632,0.0,0.0,0.0000,0.0,0.0,0.0000,0.0,0.0,1,-393.8,-831.4,1.3766
5.6044,5.5988,5.6,0,-393.7,-831.5,1.3748,-395.0,-828.8,1.3632,0.0,0.0,0.0000,0.0,0.0,0.0000,0.0,0.0,1,-393.7,-831.5,1.3748
5.6125,5.6075,5.1,0,-393.7,-832.0,1.3769,-395.0,-828.8,1.3632,0.0,0.0,0.0000,0.0,0.0,0.0000,0.0,0.0,1,-393.7,-832.0,1.3769
5.6199,5.6157,4.2,0,-393.7,-831.4,1.3690,-395.0,-828.8,1.3632,0.0,0.0,0.0000,0.0,0.0,0.0000,0.0,0.0,1,-393.7,-831.4,1.3690
5.6282,5.6242,3.9,0,-394.1,-831.7,1.3713,-395.0,-828.8,1.3632,0.0,0.0,0.0000,0.0,0.0,0.0000,0.0,0.0,1,-394.1,-831.7,1.3713
5.6358,5.6242,11.6,0,-394.1,-831.7,1.3713,-395.0,-828.8,1.3632,0.0,0.0,0.0000,0.0,0.0,0.0000,0.0,0.0,1,-394.1,-831.7,1.3713
5.6448,5.6416,3.2,0,-393.9,-831.8,1.3872,-395.0,-828.8,1.3632,0.0,0.0,0.0000,0.0,0.0,0.0000,0.0,0.0,1,-393.9,-831.8,1.3872
5.6526,5.6495,3.1,0,-393.7,-831.7,1.3844,-395.0,-828.8,1.3632,0.0,0.0,0.0000,0.0,0.0,0.0000,0.0,0.0,1,-393.7,-831.7,1.3844
5.6600,5.6495,10.5,0,-393.7,-831.7,1.3844,-395.0,-828.8,1.3632,0.0,0.0,0.0000,0.0,0.0,0.0000,0.0,0.0,1,-393.7,-831.7,1.3844
5.6680,5.6665,1.5,0,-393.7,-831.4,1.3787,-395.0,-828.8,1.3632,0.0,0.0,0.0000,0.0,0.0,0.0000,0.0,0.0,1,-393.7,-831.4,1.3787
5.6764,5.6749,1.5,0,-393.9,-831.8,1.3760,-395.0,-828.8,1.3632,0.0,0.0,0.0000,0.0,0.0,0.0000,0.0,0.0,1,-393.9,-831.8,1.3760
5.6840,5.6749,9.0,0,-393.9,-831.8,1.3760,-395.0,-828.8,1.3632,0.0,0.0,0.0000,0.0,0.0,0.0000,0.0,0.0,1,-393.9,-831.8,1.3760
5.6926,5.6833,9.3,0,-393.8,-831.6,1.3825,-395.0,-828.8,1.3632,0.0,0.0,0.0000,0.0,0.0,0.0000,0.0,0.0,1,-393.8,-831.6,1.3825
5.6999,5.6918,8.1,0,-393.9,-831.8,1.3809,-395.0,-828.8,1.3632,0.0,0.0,0.0000,0.0,0.0,0.0000,0.0,0.0,1,-393.9,-831.8,1.3809
5.7082,5.7002,8.0,0,-394.1,-832.2,1.3784,-395.0,-828.8,1.3632,0.0,0.0,0.0000,0.0,0.0,0.0000,0.0,0.0,1,-394.1,-832.2,1.3784
5.7161,5.7091,7.0,0,-393.9,-831.5,1.3792,-395.0,-828.8,1.3632,0.0,0.0,0.0000,0.0,0.0,0.0000,0.0,0.0,1,-393.9,-831.5,1.3792
5.7242,5.7172,7.0,0,-393.9,-831.8,1.3714,-395.0,-828.8,1.3632,0.0,0.0,0.0000,0.0,0.0,0.0000,0.0,0.0,1,-393.9,-831.8,1.3714
5.7326,5.7255,7.1,0,-393.7,-831.7,1.3782,-395.0,-828.8,1.3632,0.0,0.0,0.0000,0.0,0.0,0.0000,0.0,0.0,1,-393.7,-831.7,1.3782
5.7405,5.7340,6.5,0,-393.6,-831.7,1.3797,-395.0,-828.8,1.3632,0.0,0.0,0.0000,0.0,0.0,0.0000,0.0,0.0,1,-393.6,-831.7,1.3797
5.7486,5.7426,6.0,0,-393.6,-832.0,1.3749,-395.0,-828.8,1.3632,0.0,0.0,0.0000,0.0,0.0,0.0000,0.0,0.0,1,-393.6,-832.0,1.3749
5.7559,5.7509,5.0,0,-393.9,-831.9,1.3760,-395.0,-828.8,1.3632,0.0,0.0,0.0000,0.0,0.0,0.0000,0.0,0.0,1,-393.9,-831.9,1.3760
5.7640,5.7594,4.6,0,-393.8,-831.9,1.3726,-395.0,-828.8,1.3632,0.0,0.0,0.0000,0.0,0.0,0.0000,0.0,0.0,1,-393.8,-831.9,1.3726
5.7719,5.7678,4.1,0,-393.5,-832.2,1.3782,-395.0,-828.8,1.3632,0.0,0.0,0.0000,0.0,0.0,0.0000,0.0,0.0,1,-393.5,-832.2,1.3782
5.7803,5.7764,3.8,0,-393.7,-831.4,1.3801,-395.0,-828.8,1.3632,0.0,0.0,0.0000,0.0,0.0,0.0000,0.0,0.0,1,-393.7,-831.4,1.3801
5.7880,5.7848,3.2,0,-393.7,-831.6,1.3769,-395.0,-828.8,1.3632,0.0,0.0,0.0000,0.0,0.0,0.0000,0.0,0.0,1,-393.7,-831.6,1.3769
5.7963,5.7932,3.2,0,-393.7,-831.8,1.3733,-395.0,-828.8,1.3632,0.0,0.0,0.0000,0.0,0.0,0.0000,0.0,0.0,1,-393.7,-831.8,1.3733
5.8037,5.8016,2.1,0,-393.8,-831.8,1.3785,-395.0,-828.8,1.3632,0.0,0.0,0.0000,0.0,0.0,0.0000,0.0,0.0,1,-393.8,-831.8,1.3785
5.8118,5.8102,1.5,0,-393.8,-831.5,1.3764,-395.0,-828.8,1.3632,0.0,0.0,0.0000,0.0,0.0,0.0000,0.0,0.0,1,-393.8,-831.5,1.3764
5.8204,5.8185,1.9,0,-394.0,-831.6,1.3858,-395.0,-828.8,1.3632,0.0,0.0,0.0000,0.0,0.0,0.0000,0.0,0.0,1,-394.0,-831.6,1.3858
5.8284,5.8270,1.4,0,-393.6,-831.6,1.3825,-395.0,-828.8,1.3632,0.0,0.0,0.0000,0.0,0.0,0.0000,0.0,0.0,1,-393.6,-831.6,1.3825
5.8358,5.8270,8.8,0,-393.6,-831.6,1.3825,-395.0,-828.8,1.3632,0.0,0.0,0.0000,0.0,0.0,0.0000,0.0,0.0,1,-393.6,-831.6,1.3825
5.8442,5.8354,8.8,0,-393.9,-831.7,1.3768,-395.0,-828.8,1.3632,0.0,0.0,0.0000,0.0,0.0,0.0000,0.0,0.0,1,-393.9,-831.7,1.3768
5.8518,5.8440,7.8,0,-393.6,-831.4,1.3855,-395.0,-828.8,1.3632,0.0,0.0,0.0000,0.0,0.0,0.0000,0.0,0.0,1,-393.6,-831.4,1.3855
5.8606,5.8523,8.2,0,-393.7,-831.6,1.3750,-395.0,-828.8,1.3632,0.0,0.0,0.0000,0.0,0.0,0.0000,0.0,0.0,1,-393.7,-831.6,1.3750
5.8688,5.8608,8.0,0,-393.6,-831.8,1.3826,-395.0,-828.8,1.3632,0.0,0.0,0.0000,0.0,0.0,0.0000,0.0,0.0,1,-393.6,-831.8,1.3826
5.8760,5.8692,6.8,0,-393.8,-831.8,1.3723,-395.0,-828.8,1.3632,0.0,0.0,0.0000,0.0,0.0,0.0000,0.0,0.0,1,-393.8,-831.8,1.3723
5.8839,5.8778,6.1,0,-393.9,-831.4,1.3759,-395.0,-828.8,1.3632,0.0,0.0,0.0000,0.0,0.0,0.0000,0.0,0.0,1,-393.9,-831.4,1.3759
5.8926,5.8861,6.4,0,-393.9,-831.8,1.3803,-395.0,-828.8,1.3632,0.0,0.0,0.0000,0.0,0.0,0.0000,0.0,0.0,1,-393.9,-831.8,1.3803
5.9006,5.8946,6.0,0,-394.1,-831.7,1.3736,-395.0,-828.8,1.3632,0.0,0.0,0.0000,0.0,0.0,0.0000,0.0,0.0,1,-394.1,-831.7,1.3736
5.9089,5.9030,5.8,0,-393.9,-831.7,1.3811,-395.0,-828.8,1.3632,0.0,0.0,0.0000,0.0,0.0,0.0000,0.0,0.0,1,-393.9,-831.7,1.3811
