t_s,tv_s,vision_age_ms,held,pose_x_mm,pose_y_mm,pose_theta_rad,ref_x_mm,ref_y_mm,ref_theta_rad,ref_vx_mm_s,ref_vy_mm_s,ref_omega_rad_s,cmd_world_vx_mm_s,cmd_world_vy_mm_s,cmd_omega_rad_s,cmd_body_vx_mm_s,cmd_body_vy_mm_s,near_goal,pred_x_mm,pred_y_mm,pred_theta_rad,wheel_fl_rad_s,wheel_bl_rad_s,wheel_br_rad_s,wheel_fr_rad_s
-0.2958,-0.3001,4.2,0,11.8,-1794.1,2.6274,11.8,-1794.1,2.6274,0.0,0.0,0.0000,0.0,0.0,0.0000,0.0,-0.0,0,0.0,0.0,0.0000,0.00,0.00,0.00,0.00
-0.2878,-0.2939,6.1,0,12.0,-1793.4,2.6277,11.8,-1794.1,2.6274,0.0,0.0,0.0000,-0.6,-2.0,-0.0013,-0.5,2.1,0,0.0,0.0,0.0000,0.00,0.00,0.00,0.00
-0.2803,-0.2836,3.3,0,11.6,-1793.7,2.6288,11.8,-1794.1,2.6274,0.0,0.0,0.0000,0.4,-1.3,-0.0059,-1.0,1.0,0,0.0,0.0,0.0000,0.00,0.00,0.00,0.00
-0.2717,-0.2752,3.5,0,11.8,-1794.3,2.6329,11.8,-1794.1,2.6274,0.0,0.0,0.0000,-0.1,0.7,-0.0223,0.4,-0.5,0,0.0,0.0,0.0000,0.00,0.00,0.00,0.00
-0.2642,-0.2666,2.3,0,12.0,-1793.5,2.6235,11.8,-1794.1,2.6274,0.0,0.0,0.0000,-0.6,-1.8,0.0153,-0.4,1.9,0,0.0,0.0,0.0000,0.00,0.00,0.00,0.00
-0.2560,-0.2583,2.3,0,11.9,-1794.0,2.6230,11.8,-1794.1,2.6274,0.0,0.0,0.0000,-0.3,-0.3,0.0173,0.1,0.4,0,0.0,0.0,0.0000,0.00,0.00,0.00,0.00
-0.2482,-0.2517,3.5,0,12.0,-1794.1,2.6301,11.8,-1794.1,2.6274,0.0,0.0,0.0000,-0.6,0.1,-0.0108,0.5,0.2,0,0.0,0.0,0.0000,0.00,0.00,0.00,0.00
-0.2400,-0.2413,1.2,0,11.6,-1793.7,2.6196,11.8,-1794.1,2.6274,0.0,0.0,0.0000,0.4,-1.3,0.0309,-1.0,0.9,0,0.0,0.0,0.0000,0.00,0.00,0.00,0.00
-0.2317,-0.2330,1.2,0,12.4,-1794.4,2.6337,11.8,-1794.1,2.6274,0.0,0.0,0.0000,-1.8,0.9,-0.0253,2.0,0.1,0,0.0,0.0,0.0000,0.00,0.00,0.00,0.00
-0.2232,-0.2245,1.2,0,11.8,-1794.1,2.6264,11.8,-1794.1,2.6274,0.0,0.0,0.0000,-0.2,-0.1,0.0038,0.1,0.2,0,0.0,0.0,0.0000,0.00,0.00,0.00,0.00
-0.2158,-0.2245,8.6,0,11.8,-1794.1,2.6264,11.8,-1794.1,2.6274,0.0,0.0,0.0000,-0.2,-0.1,0.0038,0.1,0.2,0,0.0,0.0,0.0000,0.00,0.00,0.00,0.00
-0.2075,-0.2076,0.1,0,11.6,-1794.1,2.6198,11.8,-1794.1,2.6274,0.0,0.0,0.0000,0.4,-0.1,0.0301,-0.4,-0.1,0,0.0,0.0,0.0000,0.00,0.00,0.00,0.00
-0.2000,-0.2076,7.7,0,11.6,-1794.1,2.6198,11.8,-1794.1,2.6274,0.0,0.0,0.0000,0.4,-0.1,0.0301,-0.4,-0.1,0,0.0,0.0,0.0000,0.00,0.00,0.00,0.00
-0.1915,-0.1990,7.5,0,11.8,-1794.1,2.6290,11.8,-1794.1,2.6274,0.0,0.0,0.0000,-0.2,-0.1,-0.0067,0.1,0.2,0,0.0,0.0,0.0000,0.00,0.00,0.00,0.00
-0.1838,-0.1905,6.8,0,12.1,-1793.7,2.6342,11.8,-1794.1,2.6274,0.0,0.0,0.0000,-1.0,-1.2,-0.0274,0.3,1.6,0,0.0,0.0,0.0000,0.00,0.00,0.00,0.00
-0.1755,-0.1812,5.7,0,11.8,-1794.1,2.6191,11.8,-1794.1,2.6274,0.0,0.0,0.0000,-0.2,-0.1,0.0330,0.1,0.2,0,0.0,0.0,0.0000,0.00,0.00,0.00,0.00
-0.1673,-0.1733,6.0,0,11.7,-1794.1,2.6207,11.8,-1794.1,2.6274,0.0,0.0,0.0000,0.1,-0.0,0.0266,-0.1,-0.0,0,0.0,0.0,0.0000,0.00,0.00,0.00,0.00
-0.1591,-0.1651,6.0,0,12.3,-1793.5,2.6362,11.8,-1794.1,2.6274,0.0,0.0,0.0000,-1.6,-2.0,-0.0355,0.5,2.5,0,0.0,0.0,0.0000,0.00,0.00,0.00,0.00
-0.1521,-0.1566,4.6,0,11.8,-1794.0,2.6259,11.8,-1794.1,2.6274,0.0,0.0,0.0000,-0.1,-0.2,0.0058,-0.0,0.2,0,0.0,0.0,0.0000,0.00,0.00,0.00,0.00
-0.1435,-0.1493,5.8,0,11.5,-1794.3,2.6276,11.8,-1794.1,2.6274,0.0,0.0,0.0000,0.7,0.5,-0.0012,-0.4,-0.8,0,0.0,0.0,0.0000,0.00,0.00,0.00,0.00
-0.1354,-0.1396,4.3,0,11.7,-1794.2,2.6251,11.8,-1794.1,2.6274,0.0,0.0,0.0000,0.1,0.2,0.0090,-0.0,-0.2,0,0.0,0.0,0.0000,0.00,0.00,0.00,0.00
-0.1279,-0.1312,3.3,0,11.8,-1794.3,2.6274,11.8,-1794.1,2.6274,0.0,0.0,0.0000,-0.1,0.5,-0.0002,0.4,-0.4,0,0.0,0.0,0.0000,0.00,0.00,0.00,0.00
-0.1195,-0.1230,3.6,0,12.3,-1793.4,2.6361,11.8,-1794.1,2.6274,0.0,0.0,0.0000,-1.7,-2.1,-0.0351,0.5,2.6,0,0.0,0.0,0.0000,0.00,0.00,0.00,0.00
-0.1121,-0.1122,0.1,0,12.0,-1794.0,2.6307,11.8,-1794.1,2.6274,0.0,0.0,0.0000,-0.6,-0.2,-0.0134,0.4,0.5,0,0.0,0.0,0.0000,0.00,0.00,0.00,0.00
-0.1035,-0.1058,2.3,0,11.6,-1793.7,2.6245,11.8,-1794.1,2.6274,0.0,0.0,0.0000,0.5,-1.4,0.0116,-1.1,0.9,0,0.0,0.0,0.0000,0.00,0.00,0.00,0.00
-0.0954,-0.0977,2.3,0,11.6,-1794.2,2.6223,11.8,-1794.1,2.6274,0.0,0.0,0.0000,0.4,0.1,0.0201,-0.3,-0.3,0,0.0,0.0,0.0000,0.00,0.00,0.00,0.00
-0.0878,-0.0892,1.4,0,12.1,-1794.0,2.6149,11.8,-1794.1,2.6274,0.0,0.0,0.0000,-0.9,-0.3,0.0500,0.7,0.7,0,0.0,0.0,0.0000,0.00,0.00,0.00,0.00
-0.0802,-0.0892,9.0,0,12.1,-1794.0,2.6149,11.8,-1794.1,2.6274,0.0,0.0,0.0000,-5.8,2.4,0.0500,6.2,0.8,0,0.0,0.0,0.0000,0.00,0.00,0.00,0.00
-0.0719,-0.0720,0.1,0,12.0,-1793.5,2.6265,11.8,-1794.1,2.6274,0.0,0.0,0.0000,-10.3,3.5,0.0036,10.7,2.0,0,0.0,0.0,0.0000,0.00,0.00,0.00,0.00
-0.0637,-0.0638,0.1,0,12.0,-1794.1,2.6282,11.8,-1794.1,2.6274,0.0,0.0,0.0000,-18.8,10.3,-0.0035,21.4,0.2,0,0.0,0.0,0.0000,0.00,0.00,0.00,0.00
-0.0552,-0.0553,0.1,0,12.0,-1794.3,2.6308,11.8,-1794.1,2.6274,0.0,0.0,0.0000,-26.5,14.9,-0.0136,30.4,-0.1,0,0.0,0.0,0.0000,0.00,0.00,0.00,0.00
-0.0476,-0.0553,7.8,0,12.0,-1794.3,2.6308,11.8,-1794.1,2.6274,0.0,0.0,0.0000,-33.6,18.4,-0.0136,38.3,0.4,0,0.0,0.0,0.0000,0.00,0.00,0.00,0.00
-0.0402,-0.0469,6.8,0,11.8,-1793.3,2.6210,11.8,-1794.1,2.6274,0.0,0.0,0.0000,-39.5,19.1,0.0254,43.7,3.1,0,0.0,0.0,0.0000,0.00,0.00,0.00,0.00
-0.0320,-0.0383,6.4,0,12.0,-1793.3,2.6339,11.8,-1794.1,2.6274,0.0,0.0,0.0000,-47.5,23.2,-0.0261,52.8,2.8,0,0.0,0.0,0.0000,0.00,0.00,0.00,0.00
-0.0236,-0.0302,6.5,0,12.2,-1793.5,2.6262,11.8,-1794.1,2.6274,0.0,0.0,0.0000,-55.2,27.9,0.0048,61.8,2.9,0,0.0,0.0,0.0000,0.00,0.00,0.00,0.00
-0.0155,-0.0219,6.4,0,11.8,-1794.1,2.6297,11.8,-1794.1,2.6274,0.0,0.0,0.0000,-60.8,33.4,-0.0095,69.4,0.7,0,0.0,0.0,0.0000,0.00,0.00,0.00,0.00
-0.0074,-0.0120,4.5,0,11.8,-1794.2,2.6336,11.8,-1794.1,2.6274,0.0,0.0,0.0000,-68.0,37.8,-0.0248,77.8,0.1,0,0.0,0.0,0.0000,0.00,0.00,0.00,0.00
-0.0003,-0.0047,4.4,0,12.1,-1794.0,2.6355,11.8,-1794.1,2.6274,0.0,0.0,0.0000,-75.2,41.0,-0.0328,85.7,0.6,0,0.0,0.0,0.0000,0.00,0.00,0.00,0.00
0.0088,0.0036,5.1,0,11.6,-1793.9,2.6278,11.7,-1794.1,2.6274,-5.0,2.8,-0.0000,-81.7,44.8,-0.0018,93.2,1.1,0,0.0,0.0,0.0000,0.00,0.00,0.00,0.00
0.0158,0.0123,3.5,0,12.0,-1794.2,2.6291,11.7,-1794.1,2.6274,-8.7,4.9,0.0000,-89.3,48.4,-0.0069,101.6,1.6,0,0.0,0.0,0.0000,0.00,0.00,0.00,0.00
0.0238,0.0215,2.3,0,12.1,-1794.2,2.6227,11.6,-1794.0,2.6274,-18.4,10.5,0.0000,-97.5,52.2,0.0186,110.5,3.0,0,0.0,0.0,0.0000,0.00,0.00,0.00,0.00
0.0325,0.0291,3.4,0,11.8,-1793.8,2.6268,11.4,-1793.9,2.6274,-25.2,14.1,0.0000,-105.4,55.1,0.0021,118.8,4.0,0,0.0,0.0,0.0000,0.00,0.00,0.00,0.00
0.0399,0.0374,2.5,0,11.9,-1794.0,2.6308,11.2,-1793.8,2.6274,-32.8,17.8,0.0000,-113.0,59.3,-0.0140,127.5,3.4,0,0.0,0.0,0.0000,0.00,0.00,0.00,0.00
0.0478,0.0466,1.2,0,12.0,-1793.7,2.6315,10.8,-1793.6,2.6274,-41.0,22.4,-0.0000,-121.2,63.1,-0.0165,136.6,4.1,0,0.0,0.0,0.0000,0.00,0.00,0.00,0.00
0.0566,0.0553,1.2,0,11.6,-1794.2,2.6235,10.4,-1793.4,2.6274,-48.8,26.8,-0.0000,-129.3,68.5,0.0153,146.2,4.5,0,0.0,0.0,0.0000,0.00,0.00,0.00,0.00
0.0645,0.0630,1.4,0,11.6,-1794.4,2.6338,10.0,-1793.2,2.6274,-55.3,30.5,-0.0000,-138.1,72.0,-0.0259,155.7,4.2,0,0.0,0.0,0.0000,0.00,0.00,0.00,0.00
0.0727,0.0715,1.2,0,12.0,-1793.8,2.6277,9.5,-1792.9,2.6274,-62.4,34.5,-0.0000,-148.0,74.3,-0.0016,165.4,8.1,0,0.0,0.0,0.0000,0.00,0.00,0.00,0.00
0.0797,0.0796,0.1,0,11.6,-1793.9,2.6218,9.0,-1792.6,2.6274,-69.6,38.6,-0.0000,-154.3,78.8,0.0222,173.0,8.2,0,0.0,0.0,0.0000,0.00,0.00,0.00,0.00
0.0886,0.0885,0.1,0,11.9,-1793.7,2.6170,8.3,-1792.2,2.6274,-77.5,43.2,0.0000,-165.8,82.1,0.0415,184.6,12.0,0,0.0,0.0,0.0000,0.00,0.00,0.00,0.00
0.0964,0.0885,7.9,0,11.9,-1793.7,2.6170,8.3,-1792.2,2.6274,-77.5,43.2,0.0000,-175.8,85.0,0.0415,194.8,14.5,0,0.0,0.0,0.0000,0.00,0.00,0.00,0.00
0.1037,0.0982,5.5,0,11.8,-1794.3,2.6303,7.5,-1791.8,2.6274,-86.0,47.0,0.0000,-184.3,90.5,-0.0119,205.0,11.3,0,0.0,0.0,0.0000,0.00,0.00,0.00,0.00
0.1127,0.1051,7.6,0,11.9,-1794.1,2.6288,6.9,-1791.4,2.6274,-92.2,49.8,-0.0000,-194.7,94.9,-0.0058,216.2,12.8,0,0.0,0.0,0.0000,0.00,0.00,0.00,0.00
0.1198,0.1136,6.2,0,12.2,-1793.9,2.6291,6.1,-1791.0,2.6274,-100.1,53.5,-0.0000,-204.7,97.9,-0.0071,226.4,15.0,0,0.0,0.0,0.0000,0.00,0.00,0.00,0.00
0.1286,0.1222,6.4,0,11.8,-1794.1,2.6242,5.2,-1790.5,2.6274,-108.1,57.2,-0.0000,-215.3,103.3,0.0128,238.2,16.8,0,0.0,0.0,0.0000,0.00,0.00,0.00,0.00
0.1366,0.1304,6.3,0,11.9,-1793.9,2.6283,4.3,-1790.0,2.6274,-115.3,61.4,0.0000,-226.3,106.0,-0.0039,249.1,18.8,0,0.0,0.0,0.0000,0.00,0.00,0.00,0.00
0.1443,0.1396,4.8,0,12.0,-1793.9,2.6367,3.2,-1789.5,2.6274,-123.7,65.3,-0.0000,-237.6,109.0,-0.0375,260.7,19.5,0,0.0,0.0,0.0000,0.00,0.00,0.00,0.00
0.1522,0.1476,4.6,0,11.3,-1793.3,2.6273,2.2,-1788.9,2.6274,-131.3,67.6,-0.0000,-246.0,110.5,0.0001,268.5,24.8,0,0.0,0.0,0.0000,0.00,0.00,0.00,0.00
0.1608,0.1562,4.6,0,12.1,-1794.0,2.6319,1.0,-1788.3,2.6274,-139.1,70.8,0.0000,-259.7,116.3,-0.0183,283.5,25.2,0,0.0,0.0,0.0000,0.00,0.00,0.00,0.00
0.1684,0.1644,4.0,0,11.5,-1793.9,2.6260,-0.1,-1787.7,2.6274,-146.0,74.7,0.0000,-269.2,119.4,0.0053,293.1,28.9,0,0.0,0.0,0.0000,0.00,0.00,0.00,0.00
0.1763,0.1729,3.3,0,11.9,-1794.1,2.6292,-1.4,-1787.1,2.6274,-154.2,77.6,-0.0000,-282.4,123.9,-0.0075,306.8,30.5,0,0.0,0.0,0.0000,0.00,0.00,0.00,0.00
0.1846,0.1810,3.6,0,12.0,-1794.5,2.6339,-2.7,-1786.5,2.6274,-162.8,79.5,0.0000,-295.3,128.6,-0.0262,320.5,31.2,0,0.0,0.0,0.0000,0.00,0.00,0.00,0.00
0.1925,0.1900,2.6,0,11.9,-1794.0,2.6285,-4.2,-1785.7,2.6274,-171.1,82.7,0.0000,-306.6,130.1,-0.0048,331.0,37.1,0,0.0,0.0,0.0000,0.00,0.00,0.00,0.00
0.2007,0.1983,2.4,0,11.8,-1794.5,2.6354,-5.7,-1785.0,2.6274,-178.3,86.1,-0.0000,-318.9,134.7,-0.0323,344.2,36.8,0,0.0,0.0,0.0000,0.00,0.00,0.00,0.00
0.2087,0.2064,2.3,0,12.4,-1793.9,2.6365,-7.1,-1784.3,2.6274,-186.2,88.8,-0.0000,-333.3,135.5,-0.0366,357.3,42.7,0,0.0,0.0,0.0000,0.00,0.00,0.00,0.00
0.2165,0.2151,1.4,0,11.8,-1793.9,2.6299,-8.8,-1783.5,2.6274,-194.8,91.9,-0.0000,-344.4,138.3,-0.0103,368.0,48.0,0,0.0,0.0,0.0000,0.00,0.00,0.00,0.00
0.2239,0.2237,0.2,0,11.8,-1793.5,2.6292,-10.5,-1782.7,2.6274,-203.5,93.6,0.0000,-357.1,139.6,-0.0075,379.7,53.3,0,0.0,0.0,0.0000,0.00,0.00,0.00,0.00
0.2319,0.2318,0.1,0,12.1,-1793.7,2.6310,-12.2,-1782.0,2.6274,-211.7,95.2,0.0000,-371.2,143.0,-0.0147,393.7,56.6,0,0.0,0.0,0.0000,0.00,0.00,0.00,0.00
0.2401,0.2400,0.1,0,11.7,-1794.1,2.6299,-14.0,-1781.2,2.6274,-219.4,97.0,0.0000,-383.1,146.8,-0.0103,405.9,59.6,0,0.0,0.0,0.0000,0.00,0.00,0.00,0.00
0.2485,0.2400,8.5,0,11.7,-1794.1,2.6299,-14.0,-1781.2,2.6274,-219.4,97.0,0.0000,-397.8,149.1,-0.0103,419.9,64.8,0,0.0,0.0,0.0000,0.00,0.00,0.00,0.00
0.2563,0.2488,7.6,0,11.6,-1793.8,2.6218,-15.9,-1780.3,2.6274,-227.6,99.0,0.0000,-412.0,150.1,0.0220,432.1,74.4,0,0.0,0.0,0.0000,0.00,0.00,0.00,0.00
0.2648,0.2582,6.5,0,12.0,-1794.2,2.6296,-18.1,-1779.4,2.6274,-237.7,101.3,-0.0000,-428.4,153.3,-0.0091,448.6,76.2,0,0.0,0.0,0.0000,0.00,0.00,0.00,0.00
0.2721,0.2660,6.2,0,11.8,-1793.9,2.6248,-20.0,-1778.6,2.6274,-245.7,102.9,-0.0000,-441.4,153.8,0.0102,459.8,84.4,0,0.0,0.0,0.0000,0.00,0.00,0.00,0.00
0.2806,0.2740,6.7,0,12.1,-1794.4,2.6319,-22.0,-1777.8,2.6274,-253.4,104.1,0.0000,-458.0,156.9,-0.0182,476.4,86.5,0,0.0,0.0,0.0000,0.00,0.00,0.00,0.00
0.2877,0.2825,5.2,0,12.3,-1793.7,2.6377,-24.2,-1776.9,2.6274,-261.9,105.3,-0.0000,-471.2,156.5,-0.0413,488.2,90.5,0,0.0,0.0,0.0000,0.00,0.00,0.00,0.00
0.2968,0.2909,5.9,0,11.9,-1793.8,2.6268,-26.4,-1776.0,2.6274,-270.6,105.9,-0.0000,-475.7,154.1,0.0024,489.9,100.1,0,0.0,0.0,0.0000,0.00,0.00,0.00,0.00
0.3039,0.2997,4.3,0,11.9,-1793.5,2.6301,-28.8,-1775.0,2.6274,-279.7,106.6,0.0000,-476.8,150.5,-0.0108,489.4,102.2,0,0.0,0.0,0.0000,0.00,0.00,0.00,0.00
0.3125,0.3079,4.5,0,12.1,-1794.2,2.6278,-31.2,-1774.2,2.6274,-288.9,107.3,0.0000,-477.6,148.1,-0.0017,488.7,105.8,0,0.0,0.0,0.0000,0.00,0.00,0.00,0.00
0.3207,0.3162,4.5,0,12.0,-1793.8,2.6297,-33.6,-1773.3,2.6274,-297.6,107.7,0.0000,-479.3,142.5,-0.0095,487.6,110.5,0,0.0,0.0,0.0000,0.00,0.00,0.00,0.00
0.3287,0.3248,3.9,0,12.0,-1793.8,2.6213,-36.2,-1772.3,2.6274,-305.9,108.1,0.0000,-480.2,139.2,0.0241,485.9,118.0,0,0.0,0.0,0.0000,0.00,0.00,0.00,0.00
0.3363,0.3349,1.4,0,11.8,-1793.8,2.6257,-39.4,-1771.2,2.6274,-316.9,107.8,-0.0000,-481.1,136.3,0.0067,485.7,118.8,0,0.0,0.0,0.0000,0.00,0.00,0.00,0.00
0.3446,0.3418,2.7,0,12.0,-1793.9,2.6258,-41.6,-1770.5,2.6274,-324.7,107.5,0.0000,-481.9,133.3,0.0061,484.9,121.8,0,0.0,0.0,0.0000,0.00,0.00,0.00,0.00
0.3517,0.3503,1.4,0,11.7,-1793.8,2.6281,-44.4,-1769.6,2.6274,-334.0,106.7,0.0000,-482.6,130.8,-0.0028,484.6,123.2,0,0.0,0.0,0.0000,0.00,0.00,0.00,0.00
0.3603,0.3503,10.0,0,11.7,-1793.8,2.6281,-44.4,-1769.6,2.6274,-334.0,106.7,0.0000,-483.5,127.4,-0.0028,483.7,126.6,0,0.0,0.0,0.0000,0.00,0.00,0.00,0.00
0.3682,0.3670,1.2,0,12.2,-1793.7,2.6376,-50.1,-1767.8,2.6274,-351.9,104.8,-0.0000,-484.5,123.6,-0.0412,483.9,125.7,0,0.0,0.0,0.0000,0.00,0.00,0.00,0.00
0.3757,0.3756,0.1,0,12.3,-1793.6,2.6330,-53.2,-1766.9,2.6274,-360.9,103.9,0.0000,-485.3,120.2,-0.0226,482.4,131.3,0,0.0,0.0,0.0000,0.00,0.00,0.00,0.00
0.3845,0.3843,0.1,0,12.0,-1794.3,2.6265,-56.3,-1766.0,2.6274,-370.7,102.2,-0.0000,-485.8,118.5,0.0034,481.1,136.2,0,0.0,0.0,0.0000,0.00,0.00,0.00,0.00
0.3921,0.3843,7.7,0,12.0,-1794.3,2.6265,-56.3,-1766.0,2.6274,-370.7,102.2,-0.0000,-486.5,115.5,0.0034,480.2,139.1,0,0.0,0.0,0.0000,0.00,0.00,0.00,0.00
0.4013,0.4009,0.4,0,12.0,-1793.9,2.6286,-62.6,-1764.4,2.6274,-384.7,96.6,0.0000,-487.5,111.2,-0.0052,479.3,142.4,0,0.0,0.0,0.0000,0.00,0.00,0.00,0.00
0.4085,0.4009,7.6,0,12.0,-1793.9,2.6286,-62.6,-1764.4,2.6274,-384.7,96.6,0.0000,-488.1,108.4,-0.0052,478.5,145.1,0,0.0,0.0,0.0000,0.00,0.00,0.00,0.00
0.4162,0.4096,6.6,0,12.0,-1794.2,2.6233,-66.0,-1763.5,2.6274,-390.2,92.6,-0.0000,-488.6,106.3,0.0163,477.0,149.8,0,0.0,0.0,0.0000,0.00,0.00,0.00,0.00
0.4247,0.4183,6.4,0,11.8,-1793.9,2.6341,-69.4,-1762.8,2.6274,-390.5,88.1,0.0000,-489.4,102.2,-0.0270,477.4,148.5,0,0.0,0.0,0.0000,0.00,0.00,0.00,0.00
0.4324,0.4258,6.6,0,12.2,-1793.8,2.6324,-72.3,-1762.1,2.6274,-391.5,84.4,-0.0000,-490.1,98.8,-0.0201,476.1,152.6,0,0.0,0.0,0.0000,0.00,0.00,0.00,0.00
0.4402,0.4346,5.7,0,12.1,-1794.0,2.6350,-75.8,-1761.4,2.6274,-391.7,80.0,0.0000,-490.7,96.2,-0.0306,475.7,153.9,0,0.0,0.0,0.0000,0.00,0.00,0.00,0.00
0.4482,0.4429,5.3,0,12.1,-1793.7,2.6307,-79.0,-1760.7,2.6274,-392.3,75.8,-0.0000,-491.4,92.1,-0.0134,473.7,159.9,0,0.0,0.0,0.0000,0.00,0.00,0.00,0.00
0.4560,0.4519,4.1,0,12.2,-1794.1,2.6302,-82.6,-1760.1,2.6274,-393.5,71.1,-0.0000,-491.8,90.0,-0.0114,473.0,162.2,0,0.0,0.0,0.0000,0.00,0.00,0.00,0.00
0.4647,0.4519,12.8,0,12.2,-1794.1,2.6302,-82.6,-1760.1,2.6274,-393.5,71.1,-0.0000,-492.3,87.3,-0.0114,472.1,164.8,0,0.0,0.0,0.0000,0.00,0.00,0.00,0.00
0.4727,0.4682,4.5,0,12.5,-1793.7,2.6339,-89.0,-1759.0,2.6274,-394.8,62.3,-0.0000,-493.0,83.6,-0.0261,471.4,166.6,0,0.0,0.0,0.0000,0.00,0.00,0.00,0.00
0.4806,0.4768,3.8,0,12.5,-1793.7,2.6369,-92.4,-1758.5,2.6274,-395.7,57.8,-0.0000,-493.4,80.7,-0.0382,471.0,167.9,0,0.0,0.0,0.0000,0.00,0.00,0.00,0.00
0.4879,0.4855,2.4,0,11.9,-1793.9,2.6256,-95.8,-1758.0,2.6274,-397.0,53.3,-0.0000,-493.8,78.5,0.0071,468.2,175.4,0,0.0,0.0,0.0000,0.00,0.00,0.00,0.00
0.4962,0.4939,2.3,0,12.2,-1793.8,2.6278,-99.2,-1757.6,2.6274,-397.3,48.9,-0.0000,-494.4,74.5,-0.0018,467.2,178.1,0,0.0,0.0,0.0000,0.00,0.00,0.00,0.00
0.5047,0.5022,2.5,0,11.9,-1794.0,2.6283,-102.5,-1757.2,2.6274,-397.3,44.6,-0.0000,-494.8,71.8,-0.0038,466.3,180.4,0,0.0,0.0,0.0000,0.00,0.00,0.00,0.00
0.5122,0.5108,1.4,0,11.9,-1793.2,2.6198,-105.9,-1756.8,2.6274,-397.9,40.0,-0.0000,-495.4,67.5,0.0304,463.1,188.4,0,0.0,0.0,0.0000,0.00,0.00,0.00,0.00
0.5208,0.5195,1.2,0,11.9,-1793.6,2.6227,-109.4,-1756.5,2.6274,-398.8,35.4,-0.0000,-495.7,65.4,0.0185,462.9,189.1,0,0.0,0.0,0.0000,0.00,0.00,0.00,0.00
0.5287,0.5275,1.2,0,11.9,-1794.0,2.6237,-112.6,-1756.2,2.6274,-398.8,30.7,0.0000,-495.9,63.5,0.0146,462.4,190.3,0,0.0,0.0,0.0000,0.00,0.00,0.00,0.00
0.5363,0.5362,0.1,0,12.1,-1794.5,2.6314,-116.0,-1756.0,2.6274,-398.8,25.5,-0.0000,-496.2,61.5,-0.0162,463.0,188.7,0,0.0,0.0,0.0000,0.00,0.00,0.00,0.00
0.5439,0.5362,7.8,0,12.1,-1794.5,2.6314,-116.0,-1756.0,2.6274,-398.8,25.5,-0.0000,-496.6,58.0,-0.0162,461.7,191.9,0,0.0,0.0,0.0000,0.00,0.00,0.00,0.00
0.5525,0.5448,7.7,0,11.8,-1794.1,2.6240,-119.5,-1755.8,2.6274,-399.3,21.7,-0.0000,-497.1,54.1,0.0133,458.7,198.9,0,0.0,0.0,0.0000,0.00,0.00,0.00,0.00
0.5606,0.5531,7.5,0,12.1,-1793.8,2.6329,-122.8,-1755.6,2.6274,-399.6,17.8,-0.0000,-497.4,50.7,-0.0223,459.1,198.0,0,0.0,0.0,0.0000,0.00,0.00,0.00,0.00
0.5686,0.5614,7.1,0,12.0,-1794.1,2.6325,-126.1,-1755.5,2.6274,-399.9,13.4,0.0000,-497.6,48.5,-0.0205,458.2,200.2,0,0.0,0.0,0.0000,0.00,0.00,0.00,0.00
0.5767,0.5697,7.0,0,12.1,-1793.8,2.6349,-129.4,-1755.4,2.6274,-400.1,9.1,-0.0000,-498.0,45.1,-0.0302,457.3,202.2,0,0.0,0.0,0.0000,0.00,0.00,0.00,0.00
0.5839,0.5782,5.7,0,12.0,-1793.8,2.6265,-132.8,-1755.3,2.6274,-399.6,3.7,0.0000,-498.2,42.4,0.0033,454.4,208.5,0,0.0,0.0,0.0000,0.00,0.00,0.00,0.00
0.5922,0.5869,5.3,0,12.3,-1794.1,2.6376,-136.3,-1755.3,2.6274,-399.6,-1.3,0.0000,-498.4,39.9,-0.0410,455.7,205.7,0,0.0,0.0,0.0000,0.00,0.00,0.00,0.00
0.5997,0.5951,4.6,0,12.1,-1793.3,2.6276,-139.5,-1755.3,2.6274,-400.6,-5.2,-0.0000,-498.7,35.7,-0.0009,451.8,214.1,0,0.0,0.0,0.0000,0.00,0.00,0.00,0.00
0.6081,0.6036,4.5,0,12.1,-1793.6,2.6281,-143.0,-1755.4,2.6274,-400.7,-9.5,-0.0000,-498.9,32.5,-0.0030,450.6,216.8,0,0.0,0.0,0.0000,0.00,0.00,0.00,0.00
0.6168,0.6120,4.8,0,12.0,-1794.1,2.6255,-146.3,-1755.5,2.6274,-399.5,-13.4,-0.0000,-499.1,30.3,0.0075,449.0,219.9,0,0.0,0.0,0.0000,0.00,0.00,0.00,0.00
0.6242,0.6228,1.4,0,12.1,-1793.9,2.6309,-150.6,-1755.7,2.6274,-399.1,-19.5,-0.0000,-499.2,28.0,-0.0144,449.2,219.5,0,0.0,0.0,0.0000,0.00,0.00,0.00,0.00
0.6317,0.6292,2.5,0,12.0,-1794.2,2.6330,-153.2,-1755.8,2.6274,-399.0,-23.7,0.0000,-499.3,25.8,-0.0226,448.7,220.6,0,0.0,0.0,0.0000,0.00,0.00,0.00,0.00
0.6398,0.6374,2.4,0,11.9,-1793.9,2.6311,-156.5,-1756.0,2.6274,-398.8,-28.1,0.0000,-499.5,22.1,-0.0152,446.7,224.7,0,0.0,0.0,0.0000,0.00,0.00,0.00,0.00
0.6479,0.6464,1.4,0,12.3,-1793.7,2.6331,-160.1,-1756.3,2.6274,-398.6,-32.5,0.0000,-499.7,18.7,-0.0230,445.5,227.0,0,0.0,0.0,0.0000,0.00,0.00,0.00,0.00
0.6569,0.6555,1.4,0,11.6,-1794.1,2.6242,-163.7,-1756.6,2.6274,-398.3,-37.1,0.0000,-499.7,15.9,0.0128,442.2,233.4,0,0.0,0.0,0.0000,0.00,0.00,0.00,0.00
0.6641,0.6629,1.2,0,11.9,-1794.0,2.6255,-166.6,-1756.9,2.6274,-398.2,-40.8,0.0000,-499.8,13.0,0.0075,441.2,235.3,0,0.0,0.0,0.0000,0.00,0.00,0.00,0.00
0.6727,0.6694,3.3,0,12.0,-1793.7,2.6327,-169.2,-1757.2,2.6274,-397.8,-44.2,0.0000,-499.9,9.3,-0.0214,441.1,235.4,0,0.0,0.0,0.0000,0.00,0.00,0.00,0.00
0.6803,0.6694,10.9,0,12.0,-1793.7,2.6327,-169.2,-1757.2,2.6274,-397.8,-44.2,0.0000,-500.0,6.8,-0.0214,439.9,237.7,0,0.0,0.0,0.0000,0.00,0.00,0.00,0.00
0.6882,0.6805,7.6,0,11.9,-1793.8,2.6272,-173.6,-1757.7,2.6274,-397.2,-50.0,0.0000,-500.0,4.5,0.0007,437.5,242.1,0,0.0,0.0,0.0000,0.00,0.00,0.00,0.00
0.6965,0.6908,5.7,0,12.1,-1794.3,2.6213,-177.7,-1758.3,2.6274,-395.9,-56.7,-0.0000,-500.0,2.3,0.0241,435.0,246.5,0,0.0,0.0,0.0000,0.00,0.00,0.00,0.00
0.7037,0.7036,0.1,0,12.1,-1794.1,2.6320,-182.8,-1759.0,2.6274,-394.9,-62.9,0.0000,-500.0,-0.8,-0.0184,436.1,244.6,0,0.0,0.0,0.0000,0.00,0.00,0.00,0.00
0.7120,0.7036,8.5,0,12.1,-1794.1,2.6320,-182.8,-1759.0,2.6274,-394.9,-62.9,0.0000,-500.0,-3.9,-0.0184,434.5,247.3,0,0.0,0.0,0.0000,0.00,0.00,0.00,0.00
0.7206,0.7134,7.3,0,12.2,-1794.1,2.6310,-186.6,-1759.7,2.6274,-394.3,-67.0,-0.0000,-499.9,-7.2,-0.0146,432.7,250.6,0,0.0,0.0,0.0000,0.00,0.00,0.00,0.00
0.7281,0.7243,3.8,0,12.0,-1793.7,2.6297,-190.9,-1760.4,2.6274,-393.2,-73.2,0.0000,-499.9,-10.5,-0.0096,430.7,254.0,0,0.0,0.0,0.0000,0.00,0.00,0.00,0.00
0.7359,0.7305,5.4,0,11.6,-1794.0,2.6261,-193.4,-1760.9,2.6274,-392.6,-76.6,-0.0000,-499.8,-13.0,0.0052,428.5,257.7,0,0.0,0.0,0.0000,0.00,0.00,0.00,0.00
0.7443,0.7389,5.3,0,12.2,-1794.2,2.6256,-196.7,-1761.6,2.6274,-391.9,-81.3,-0.0000,-499.8,-15.5,0.0071,427.1,260.0,0,0.0,0.0,0.0000,0.00,0.00,0.00,0.00
0.7526,0.7473,5.4,0,11.7,-1793.9,2.6266,-199.9,-1762.3,2.6274,-391.0,-85.8,-0.0000,-499.6,-18.7,0.0031,425.6,262.4,0,0.0,0.0,0.0000,0.00,0.00,0.00,0.00
0.7601,0.7566,3.5,0,11.7,-1793.9,2.6295,-203.6,-1763.1,2.6274,-389.3,-90.9,-0.0000,-499.5,-21.3,-0.0088,425.0,263.4,0,0.0,0.0,0.0000,0.00,0.00,0.00,0.00
0.7686,0.7641,4.5,0,12.3,-1794.1,2.6366,-206.5,-1763.8,2.6274,-388.4,-94.6,-0.0000,-499.4,-23.9,-0.0371,425.5,262.6,0,0.0,0.0,0.0000,0.00,0.00,0.00,0.00
0.7765,0.7722,4.3,0,11.8,-1794.0,2.6220,-209.7,-1764.6,2.6274,-387.9,-98.0,-0.0000,-499.3,-27.1,0.0214,419.9,271.4,0,0.0,0.0,0.0000,0.00,0.00,0.00,0.00
0.7837,0.7813,2.4,0,11.5,-1793.4,2.6218,-213.2,-1765.5,2.6274,-386.7,-102.6,-0.0000,-499.0,-30.8,0.0221,417.8,274.6,0,0.0,0.0,0.0000,0.00,0.00,0.00,0.00
0.7921,0.7920,0.1,0,11.8,-1793.3,2.6269,-217.3,-1766.6,2.6274,-385.1,-108.3,0.0000,-498.9,-33.9,0.0017,417.6,275.0,0,0.0,0.0,0.0000,0.00,0.00,0.00,0.00
0.8001,0.7987,1.4,0,11.9,-1793.8,2.6285,-219.9,-1767.3,2.6274,-383.8,-112.1,-0.0000,-498.7,-35.8,-0.0045,416.9,276.0,0,0.0,0.0,0.0000,0.00,0.00,0.00,0.00
0.8077,0.8065,1.2,0,11.7,-1793.0,2.6209,-222.9,-1768.2,2.6274,-382.2,-116.5,0.0000,-498.4,-39.6,0.0260,412.6,282.4,0,0.0,0.0,0.0000,0.00,0.00,0.00,0.00
0.8163,0.8151,1.2,0,12.4,-1794.1,2.6376,-226.1,-1769.2,2.6274,-381.2,-120.9,-0.0000,-498.3,-40.8,-0.0411,416.7,276.4,0,0.0,0.0,0.0000,0.00,0.00,0.00,0.00
0.8246,0.8245,0.1,0,12.0,-1794.0,2.6304,-229.7,-1770.4,2.6274,-380.3,-125.8,0.0000,-498.1,-44.1,-0.0124,412.8,282.1,0,0.0,0.0,0.0000,0.00,0.00,0.00,0.00
0.8322,0.8321,0.1,0,11.8,-1793.2,2.6198,-232.6,-1771.4,2.6274,-378.7,-129.2,0.0000,-497.7,-48.1,0.0302,407.5,289.8,0,0.0,0.0,0.0000,0.00,0.00,0.00,0.00
0.8397,0.8321,7.6,0,11.8,-1793.2,2.6198,-232.6,-1771.4,2.6274,-378.7,-129.2,0.0000,-497.4,-50.7,0.0302,405.9,291.9,0,0.0,0.0,0.0000,0.00,0.00,0.00,0.00
0.8489,0.8488,0.1,0,11.8,-1794.1,2.6258,-238.9,-1773.6,2.6274,-375.8,-137.2,0.0000,-497.2,-52.6,0.0062,406.6,291.0,0,0.0,0.0,0.0000,0.00,0.00,0.00,0.00
0.8566,0.8488,7.8,0,11.8,-1794.1,2.6258,-238.9,-1773.6,2.6274,-375.8,-137.2,0.0000,-496.9,-55.3,0.0062,405.0,293.2,0,0.0,0.0,0.0000,0.00,0.00,0.00,0.00
0.8642,0.8576,6.6,0,12.0,-1793.6,2.6189,-242.2,-1774.8,2.6274,-374.4,-141.6,0.0000,-496.5,-58.8,0.0337,400.9,298.8,0,0.0,0.0,0.0000,0.00,0.00,0.00,0.00
0.8722,0.8666,5.6,0,11.9,-1794.2,2.6307,-245.6,-1776.1,2.6274,-372.0,-146.7,-0.0000,-496.3,-60.8,-0.0133,403.2,295.7,0,0.0,0.0,0.0000,0.00,0.00,0.00,0.00
0.8799,0.8744,5.6,0,11.9,-1793.9,2.6301,-248.4,-1777.3,2.6274,-370.3,-150.7,0.0000,-495.9,-63.7,-0.0111,401.3,298.3,0,0.0,0.0,0.0000,0.00,0.00,0.00,0.00
0.8881,0.8828,5.3,0,11.9,-1794.2,2.6281,-251.6,-1778.6,2.6274,-368.8,-154.4,0.0000,-495.6,-66.2,-0.0030,399.1,301.1,0,0.0,0.0,0.0000,0.00,0.00,0.00,0.00
0.8957,0.8913,4.4,0,11.6,-1794.0,2.6260,-254.7,-1779.9,2.6274,-367.2,-158.4,0.0000,-495.1,-69.5,0.0053,396.5,304.6,0,0.0,0.0,0.0000,0.00,0.00,0.00,0.00
0.9045,0.8994,5.1,0,12.3,-1793.9,2.6288,-257.7,-1781.2,2.6274,-366.0,-162.0,0.0000,-494.7,-72.6,-0.0060,395.5,306.0,0,0.0,0.0,0.0000,0.00,0.00,0.00,0.00
0.9127,0.9082,4.6,0,12.3,-1794.1,2.6263,-260.9,-1782.6,2.6274,-363.9,-166.3,-0.0000,-494.4,-74.9,0.0041,393.3,308.8,0,0.0,0.0,0.0000,0.00,0.00,0.00,0.00
0.9199,0.9164,3.4,0,12.2,-1793.9,2.6384,-263.9,-1784.0,2.6274,-361.0,-170.9,0.0000,-493.9,-77.6,-0.0441,395.3,306.2,0,0.0,0.0,0.0000,0.00,0.00,0.00,0.00
0.9286,0.9250,3.6,0,12.0,-1793.9,2.6342,-266.9,-1785.5,2.6274,-359.1,-175.1,-0.0000,-493.5,-80.6,-0.0274,392.1,310.3,0,0.0,0.0,0.0000,0.00,0.00,0.00,0.00
0.9368,0.9342,2.6,0,11.9,-1794.1,2.6236,-270.2,-1787.1,2.6274,-357.7,-179.1,-0.0000,-493.0,-83.3,0.0152,387.1,316.5,0,0.0,0.0,0.0000,0.00,0.00,0.00,0.00
0.9442,0.9419,2.3,0,11.9,-1794.4,2.6283,-273.0,-1788.5,2.6274,-356.0,-182.9,0.0000,-492.6,-85.6,-0.0039,387.1,316.4,0,0.0,0.0,0.0000,0.00,0.00,0.00,0.00
0.9524,0.9499,2.5,0,11.9,-1794.4,2.6285,-275.8,-1790.0,2.6274,-354.4,-186.9,-0.0000,-492.1,-88.5,-0.0046,385.3,318.7,0,0.0,0.0,0.0000,0.00,0.00,0.00,0.00
0.9605,0.9590,1.5,0,12.4,-1793.7,2.6359,-279.0,-1791.7,2.6274,-351.8,-190.9,0.0000,-491.5,-92.0,-0.0341,385.4,318.6,0,0.0,0.0,0.0000,0.00,0.00,0.00,0.00
0.9686,0.9673,1.2,0,11.8,-1793.8,2.6226,-282.0,-1793.3,2.6274,-349.2,-194.3,-0.0000,-490.9,-94.9,0.0189,379.2,325.9,0,0.0,0.0,0.0000,0.00,0.00,0.00,0.00
0.9768,0.9755,1.2,0,12.4,-1793.7,2.6360,-284.8,-1794.9,2.6274,-346.9,-198.6,0.0000,-490.4,-97.8,-0.0347,381.7,323.0,0,0.0,0.0,0.0000,0.00,0.00,0.00,0.00
0.9841,0.9840,0.1,0,12.1,-1794.1,2.6306,-287.8,-1796.7,2.6274,-344.4,-203.3,-0.0000,-490.0,-99.7,-0.0132,378.6,326.6,0,0.0,0.0,0.0000,0.00,0.00,0.00,0.00
0.9918,0.9840,7.8,0,12.1,-1794.1,2.6306,-287.8,-1796.7,2.6274,-344.4,-203.3,-0.0000,-489.5,-102.1,-0.0132,377.0,328.4,0,0.0,0.0,0.0000,0.00,0.00,0.00,0.00
1.0004,0.9927,7.7,0,12.0,-1793.5,2.6288,-290.7,-1798.4,2.6274,-342.2,-206.7,0.0000,-488.7,-105.8,-0.0059,374.0,331.9,0,0.0,0.0,0.0000,0.00,0.00,0.00,0.00
1.0081,1.0007,7.4,0,12.4,-1793.7,2.6368,-293.5,-1800.1,2.6274,-340.1,-210.0,0.0000,-488.1,-108.4,-0.0378,374.8,331.0,0,0.0,0.0,0.0000,0.00,0.00,0.00,0.00
1.0159,1.0094,6.4,0,12.0,-1793.9,2.6352,-296.4,-1801.9,2.6274,-338.2,-214.0,-0.0000,-487.5,-111.0,-0.0313,372.5,333.5,0,0.0,0.0,0.0000,0.00,0.00,0.00,0.00
1.0245,1.0181,6.4,0,11.9,-1793.3,2.6272,-299.3,-1803.8,2.6274,-336.0,-217.9,-0.0000,-486.7,-114.4,0.0006,367.4,339.1,0,0.0,0.0,0.0000,0.00,0.00,0.00,0.00
1.0326,1.0262,6.4,0,11.9,-1793.9,2.6297,-302.1,-1805.6,2.6274,-333.1,-221.6,-0.0000,-486.3,-116.4,-0.0094,366.9,339.7,0,0.0,0.0,0.0000,0.00,0.00,0.00,0.00
1.0406,1.0349,5.8,0,12.2,-1794.0,2.6380,-304.9,-1807.5,2.6274,-330.3,-225.5,0.0000,-485.6,-118.9,-0.0428,368.0,338.5,0,0.0,0.0,0.0000,0.00,0.00,0.00,0.00
1.0480,1.0434,4.6,0,11.9,-1793.7,2.6271,-307.7,-1809.5,2.6274,-327.4,-229.4,-0.0000,-484.9,-121.9,0.0009,362.2,344.7,0,0.0,0.0,0.0000,0.00,0.00,0.00,0.00
1.0560,1.0515,4.6,0,12.1,-1792.9,2.6285,-310.4,-1811.3,2.6274,-324.9,-233.0,-0.0000,-484.0,-125.4,-0.0046,360.2,346.8,0,0.0,0.0,0.0000,0.00,0.00,0.00,0.00
1.0639,1.0610,2.9,0,12.5,-1794.6,2.6282,-313.5,-1813.6,2.6274,-322.2,-237.3,-0.0000,-483.8,-126.1,-0.0033,359.5,347.5,0,0.0,0.0,0.0000,0.00,0.00,0.00,0.00
1.0720,1.0687,3.3,0,11.9,-1793.8,2.6189,-315.9,-1815.4,2.6274,-320.0,-240.3,0.0000,-482.8,-129.9,0.0338,353.5,353.6,0,0.0,0.0,0.0000,0.00,0.00,0.00,0.00
1.0808,1.0772,3.6,0,11.7,-1793.3,2.6219,-318.6,-1817.5,2.6274,-318.0,-243.2,-0.0000,-481.9,-133.5,0.0219,351.9,355.2,0,0.0,0.0,0.0000,0.00,0.00,0.00,0.00
1.0882,1.0856,2.6,0,12.1,-1793.9,2.6303,-321.3,-1819.5,2.6274,-314.8,-246.9,0.0000,-481.4,-135.2,-0.0116,353.6,353.5,0,0.0,0.0,0.0000,0.00,0.00,0.00,0.00
1.0968,1.0965,0.3,0,11.8,-1794.2,2.6250,-324.7,-1822.3,2.6274,-309.9,-252.2,-0.0000,-480.6,-137.8,0.0094,349.8,357.2,0,0.0,0.0,0.0000,0.00,0.00,0.00,0.00
1.1039,1.1022,1.6,0,12.4,-1794.0,2.6341,-326.5,-1823.7,2.6274,-308.2,-254.4,0.0000,-480.0,-139.9,-0.0271,351.5,355.6,0,0.0,0.0,0.0000,0.00,0.00,0.00,0.00
1.1124,1.1110,1.5,0,12.0,-1794.0,2.6314,-329.1,-1825.9,2.6274,-305.6,-257.8,-0.0000,-479.1,-143.1,-0.0163,348.2,358.8,0,0.0,0.0,0.0000,0.00,0.00,0.00,0.00
1.1205,1.1193,1.2,0,11.8,-1794.6,2.6279,-331.7,-1828.1,2.6274,-303.0,-261.2,0.0000,-478.3,-145.6,-0.0021,345.0,361.9,0,0.0,0.0,0.0000,0.00,0.00,0.00,0.00
1.1288,1.1276,1.2,0,11.8,-1793.5,2.6242,-334.2,-1830.3,2.6274,-300.5,-264.5,-0.0000,-477.2,-149.3,0.0124,340.9,365.8,0,0.0,0.0,0.0000,0.00,0.00,0.00,0.00
1.1361,1.1360,0.1,0,12.1,-1794.4,2.6259,-336.7,-1832.5,2.6274,-297.4,-267.7,0.0000,-476.8,-150.7,0.0057,340.5,366.2,0,0.0,0.0,0.0000,0.00,0.00,0.00,0.00
1.1448,1.1446,0.1,0,11.9,-1793.9,2.6274,-339.2,-1834.8,2.6274,-294.2,-271.0,-0.0000,-475.7,-154.0,-0.0003,338.5,368.0,0,0.0,0.0,0.0000,0.00,0.00,0.00,0.00
1.1523,1.1446,7.7,0,11.9,-1793.9,2.6274,-339.2,-1834.8,2.6274,-294.2,-271.0,-0.0000,-474.9,-156.5,-0.0003,336.5,369.8,0,0.0,0.0,0.0000,0.00,0.00,0.00,0.00
1.1602,1.1530,7.2,0,12.0,-1794.3,2.6298,-341.7,-1837.1,2.6274,-290.8,-274.5,0.0000,-474.1,-158.7,-0.0099,335.7,370.6,0,0.0,0.0,0.0000,0.00,0.00,0.00,0.00
1.1680,1.1615,6.5,0,11.7,-1794.5,2.6276,-344.2,-1839.5,2.6274,-287.4,-278.0,-0.0000,-473.4,-161.0,-0.0010,333.0,373.0,0,0.0,0.0,0.0000,0.00,0.00,0.00,0.00
1.1758,1.1700,5.7,0,11.7,-1793.4,2.6269,-346.6,-1841.9,2.6274,-284.3,-281.3,-0.0000,-472.1,-164.6,0.0018,329.9,375.7,0,0.0,0.0,0.0000,0.00,0.00,0.00,0.00
1.1841,1.1815,2.6,0,11.9,-1794.3,2.6264,-349.8,-1845.1,2.6274,-280.2,-285.4,-0.0000,-471.4,-166.7,0.0036,328.1,377.3,0,0.0,0.0,0.0000,0.00,0.00,0.00,0.00
1.1926,1.1873,5.3,0,11.7,-1793.7,2.6241,-351.4,-1846.8,2.6274,-278.4,-287.0,-0.0000,-470.2,-170.1,0.0131,324.5,380.4,0,0.0,0.0,0.0000,0.00,0.00,0.00,0.00
1.1997,1.1954,4.4,0,11.7,-1793.4,2.6150,-353.7,-1849.1,2.6274,-275.3,-290.0,0.0000,-469.3,-172.4,0.0493,319.1,384.9,0,0.0,0.0,0.0000,0.00,0.00,0.00,0.00
1.2088,1.2035,5.3,0,12.1,-1794.1,2.6235,-355.9,-1851.5,2.6274,-271.4,-293.9,0.0000,-468.5,-174.7,0.0152,320.5,383.7,0,0.0,0.0,0.0000,0.00,0.00,0.00,0.00
1.2158,1.2123,3.6,0,11.9,-1794.4,2.6218,-358.3,-1854.1,2.6274,-268.0,-297.2,-0.0000,-467.7,-176.8,0.0221,318.1,385.8,0,0.0,0.0,0.0000,0.00,0.00,0.00,0.00
1.2247,1.2210,3.6,0,12.2,-1794.1,2.6290,-360.6,-1856.7,2.6274,-265.3,-299.9,-0.0000,-466.5,-179.9,-0.0064,318.3,385.6,0,0.0,0.0,0.0000,0.00,0.00,0.00,0.00
1.2325,1.2291,3.4,0,11.9,-1793.9,2.6253,-362.7,-1859.1,2.6274,-262.0,-302.6,-0.0000,-465.4,-182.7,0.0083,314.6,388.7,0,0.0,0.0,0.0000,0.00,0.00,0.00,0.00
1.2402,1.2376,2.6,0,12.2,-1793.7,2.6261,-364.9,-1861.7,2.6274,-258.0,-305.6,0.0000,-464.4,-185.2,0.0049,312.8,390.1,0,0.0,0.0,0.0000,0.00,0.00,0.00,0.00
1.2485,1.2462,2.3,0,12.1,-1794.3,2.6363,-367.2,-1864.3,2.6274,-254.5,-308.3,0.0000,-463.6,-187.4,-0.0357,314.9,388.4,0,0.0,0.0,0.0000,0.00,0.00,0.00,0.00
1.2567,1.2542,2.4,0,12.2,-1794.0,2.6302,-369.2,-1866.8,2.6274,-251.3,-310.7,0.0000,-462.4,-190.1,-0.0116,310.3,392.1,0,0.0,0.0,0.0000,0.00,0.00,0.00,0.00
1.2644,1.2630,1.4,0,11.9,-1793.9,2.6207,-371.4,-1869.6,2.6274,-247.7,-313.9,-0.0000,-461.4,-192.7,0.0264,304.3,396.8,0,0.0,0.0,0.0000,0.00,0.00,0.00,0.00
1.2726,1.2714,1.2,0,11.8,-1793.9,2.6308,-373.4,-1872.2,2.6274,-244.1,-317.3,-0.0000,-460.2,-195.4,-0.0139,305.9,395.5,0,0.0,0.0,0.0000,0.00,0.00,0.00,0.00
1.2799,1.2714,8.5,0,11.8,-1793.9,2.6308,-373.4,-1872.2,2.6274,-244.1,-317.3,-0.0000,-459.2,-197.7,-0.0139,304.0,397.0,0,0.0,0.0,0.0000,0.00,0.00,0.00,0.00
1.2877,1.2838,3.9,0,12.1,-1793.5,2.6212,-376.4,-1876.2,2.6274,-238.9,-320.6,-0.0000,-458.0,-200.5,0.0246,297.7,401.7,0,0.0,0.0,0.0000,0.00,0.00,0.00,0.00
1.2964,1.2886,7.8,0,12.4,-1793.6,2.6292,-377.6,-1877.7,2.6274,-236.9,-322.0,0.0000,-456.8,-203.2,-0.0073,298.5,401.1,0,0.0,0.0,0.0000,0.00,0.00,0.00,0.00
1.3045,1.2967,7.9,0,12.1,-1793.5,2.6249,-379.5,-1880.3,2.6274,-233.3,-324.8,0.0000,-455.6,-205.9,0.0098,294.5,404.1,0,0.0,0.0,0.0000,0.00,0.00,0.00,0.00
1.3125,1.3050,7.5,0,12.0,-1794.3,2.6232,-381.4,-1883.0,2.6274,-229.7,-327.7,0.0000,-454.8,-207.7,0.0167,292.2,405.8,0,0.0,0.0,0.0000,0.00,0.00,0.00,0.00
1.3202,1.3139,6.4,0,12.0,-1793.7,2.6295,-383.4,-1886.0,2.6274,-225.6,-330.3,0.0000,-453.5,-210.5,-0.0087,292.2,405.7,0,0.0,0.0,0.0000,0.00,0.00,0.00,0.00
1.3285,1.3221,6.4,0,11.8,-1793.9,2.6245,-385.2,-1888.7,2.6274,-221.8,-332.8,-0.0000,-452.4,-212.9,0.0113,288.0,408.7,0,0.0,0.0,0.0000,0.00,0.00,0.00,0.00
1.3368,1.3304,6.4,0,12.2,-1793.3,2.6292,-387.1,-1891.4,2.6274,-218.4,-335.1,-0.0000,-451.0,-215.9,-0.0074,287.2,409.3,0,0.0,0.0,0.0000,0.00,0.00,0.00,0.00
1.3446,1.3388,5.8,0,12.3,-1794.3,2.6395,-388.9,-1894.3,2.6274,-214.8,-337.5,-0.0000,-450.1,-217.7,-0.0487,289.8,407.5,0,0.0,0.0,0.0000,0.00,0.00,0.00,0.00
1.3521,1.3474,4.8,0,12.4,-1794.1,2.6372,-390.7,-1897.2,2.6274,-211.4,-339.9,-0.0000,-448.9,-220.1,-0.0392,286.6,409.7,0,0.0,0.0,0.0000,0.00,0.00,0.00,0.00
1.3603,1.3557,4.6,0,11.9,-1793.8,2.6253,-392.5,-1900.0,2.6274,-207.6,-342.2,-0.0000,-447.5,-223.0,0.0081,279.1,414.9,0,0.0,0.0,0.0000,0.00,0.00,0.00,0.00
1.3685,1.3642,4.3,0,11.8,-1794.0,2.6278,-394.2,-1902.9,2.6274,-203.6,-344.4,-0.0000,-446.3,-225.4,-0.0017,277.9,415.6,0,0.0,0.0,0.0000,0.00,0.00,0.00,0.00
1.3759,1.3726,3.3,0,11.7,-1793.9,2.6285,-395.9,-1905.9,2.6274,-199.4,-346.8,0.0000,-445.1,-227.7,-0.0047,276.0,416.9,0,0.0,0.0,0.0000,0.00,0.00,0.00,0.00
1.3845,1.3808,3.7,0,11.9,-1794.2,2.6201,-397.5,-1908.7,2.6274,-195.0,-349.4,0.0000,-443.9,-230.1,0.0291,270.3,420.6,0,0.0,0.0,0.0000,0.00,0.00,0.00,0.00
1.3925,1.3899,2.6,0,12.0,-1793.9,2.6277,-399.3,-1911.9,2.6274,-190.7,-351.5,0.0000,-442.6,-232.6,-0.0012,271.1,420.1,0,0.0,0.0,0.0000,0.00,0.00,0.00,0.00
1.4003,1.3980,2.3,0,11.9,-1793.7,2.6324,-400.8,-1914.7,2.6274,-186.8,-353.0,0.0000,-441.2,-235.2,-0.0200,270.5,420.5,0,0.0,0.0,0.0000,0.00,0.00,0.00,0.00
1.4087,1.4062,2.4,0,11.6,-1794.2,2.6272,-402.3,-1917.7,2.6274,-183.6,-355.1,-0.0000,-439.9,-237.7,0.0006,266.1,423.3,0,0.0,0.0,0.0000,0.00,0.00,0.00,0.00
1.4162,1.4149,1.3,0,12.1,-1794.1,2.6307,-403.9,-1920.7,2.6274,-180.8,-357.6,-0.0000,-438.8,-239.8,-0.0134,265.5,423.7,0,0.0,0.0,0.0000,0.00,0.00,0.00,0.00
1.4249,1.4234,1.5,0,12.0,-1794.0,2.6277,-405.4,-1923.8,2.6274,-175.7,-359.6,0.0000,-437.3,-242.4,-0.0014,261.7,426.0,0,0.0,0.0,0.0000,0.00,0.00,0.00,0.00
1.4327,1.4315,1.2,0,11.9,-1793.9,2.6325,-406.8,-1926.7,2.6274,-170.6,-361.5,0.0000,-436.0,-244.8,-0.0206,261.4,426.2,0,0.0,0.0,0.0000,0.00,0.00,0.00,0.00
1.4403,1.4402,0.1,0,12.2,-1793.8,2.6254,-408.3,-1929.9,2.6274,-166.8,-363.4,-0.0000,-434.7,-247.1,0.0079,256.1,429.5,0,0.0,0.0,0.0000,0.00,0.00,0.00,0.00
1.4488,1.4487,0.1,0,11.9,-1793.8,2.6230,-409.7,-1933.0,2.6274,-162.9,-365.2,0.0000,-433.2,-249.7,0.0173,252.5,431.6,0,0.0,0.0,0.0000,0.00,0.00,0.00,0.00
1.4561,1.4487,7.4,0,11.9,-1793.8,2.6230,-409.7,-1933.0,2.6274,-162.9,-365.2,0.0000,-431.9,-251.9,0.0173,250.3,432.9,0,0.0,0.0,0.0000,0.00,0.00,0.00,0.00
1.4639,1.4582,5.7,0,11.9,-1794.2,2.6273,-411.2,-1936.4,2.6274,-158.5,-367.3,0.0000,-430.6,-254.1,0.0002,249.9,433.0,0,0.0,0.0,0.0000,0.00,0.00,0.00,0.00
1.4717,1.4654,6.4,0,12.4,-1794.0,2.6342,-412.4,-1939.1,2.6274,-155.2,-368.9,-0.0000,-429.2,-256.4,-0.0274,250.6,432.7,0,0.0,0.0,0.0000,0.00,0.00,0.00,0.00
1.4800,1.4745,5.5,0,12.1,-1793.9,2.6375,-413.7,-1942.4,2.6274,-150.9,-370.4,-0.0000,-427.8,-258.8,-0.0405,249.6,433.3,0,0.0,0.0,0.0000,0.00,0.00,0.00,0.00
1.4879,1.4825,5.4,0,11.8,-1793.7,2.6220,-414.9,-1945.4,2.6274,-146.9,-371.9,0.0000,-426.4,-261.2,0.0215,240.4,438.4,0,0.0,0.0,0.0000,0.00,0.00,0.00,0.00
1.4962,1.4933,2.9,0,12.5,-1793.8,2.6356,-416.5,-1949.5,2.6274,-140.5,-374.5,-0.0000,-425.1,-263.3,-0.0330,244.2,436.3,0,0.0,0.0,0.0000,0.00,0.00,0.00,0.00
1.5039,1.4998,4.1,0,12.2,-1794.1,2.6282,-417.4,-1951.9,2.6274,-137.4,-375.7,0.0000,-423.6,-265.7,-0.0035,238.5,439.4,0,0.0,0.0,0.0000,0.00,0.00,0.00,0.00
1.5123,1.5078,4.5,0,12.4,-1794.1,2.6331,-418.5,-1954.9,2.6274,-134.3,-376.9,-0.0000,-422.1,-268.0,-0.0230,238.2,439.6,0,0.0,0.0,0.0000,0.00,0.00,0.00,0.00
1.5208,1.5162,4.6,0,11.9,-1794.0,2.6282,-419.6,-1958.1,2.6274,-130.1,-378.3,-0.0000,-420.3,-270.8,-0.0033,233.1,442.3,0,0.0,0.0,0.0000,0.00,0.00,0.00,0.00
1.5286,1.5272,1.4,0,12.2,-1794.3,2.6232,-421.0,-1962.3,2.6274,-124.1,-380.1,-0.0000,-419.1,-272.7,0.0167,228.8,444.6,0,0.0,0.0,0.0000,0.00,0.00,0.00,0.00
1.5358,1.5334,2.4,0,12.3,-1793.6,2.6316,-421.8,-1964.6,2.6274,-120.8,-381.1,0.0000,-417.5,-275.1,-0.0169,230.0,443.9,0,0.0,0.0,0.0000,0.00,0.00,0.00,0.00
1.5441,1.5427,1.4,0,11.7,-1793.9,2.6267,-422.9,-1968.2,2.6274,-115.7,-382.6,-0.0000,-415.9,-277.5,0.0028,225.3,446.3,0,0.0,0.0,0.0000,0.00,0.00,0.00,0.00
1.5519,1.5502,1.7,0,11.8,-1793.9,2.6299,-423.7,-1971.0,2.6274,-112.0,-384.0,0.0000,-414.6,-279.5,-0.0101,224.6,446.7,0,0.0,0.0,0.0000,0.00,0.00,0.00,0.00
1.5601,1.5600,0.1,0,12.0,-1793.6,2.6280,-424.8,-1974.8,2.6274,-107.4,-386.1,0.0000,-412.9,-282.0,-0.0028,221.0,448.5,0,0.0,0.0,0.0000,0.00,0.00,0.00,0.00
1.5682,1.5668,1.4,0,11.7,-1793.4,2.6193,-425.5,-1977.4,2.6274,-104.0,-386.4,-0.0000,-411.0,-284.8,0.0321,214.1,451.8,0,0.0,0.0,0.0000,0.00,0.00,0.00,0.00
1.5769,1.5755,1.4,0,12.2,-1793.4,2.6300,-426.4,-1980.8,2.6274,-99.6,-386.4,-0.0000,-409.4,-287.0,-0.0104,216.4,450.7,0,0.0,0.0,0.0000,0.00,0.00,0.00,0.00
1.5842,1.5841,0.1,0,12.0,-1793.6,2.6320,-427.2,-1984.1,2.6274,-95.2,-388.4,0.0000,-408.0,-289.0,-0.0184,215.2,451.3,0,0.0,0.0,0.0000,0.00,0.00,0.00,0.00
1.5918,1.5841,7.7,0,12.0,-1793.6,2.6320,-427.2,-1984.1,2.6274,-95.2,-388.4,0.0000,-406.6,-291.1,-0.0184,212.9,452.4,0,0.0,0.0,0.0000,0.00,0.00,0.00,0.00
1.5999,1.5935,6.4,0,11.9,-1793.9,2.6308,-428.1,-1987.8,2.6274,-90.4,-390.4,-0.0000,-405.1,-293.1,-0.0140,210.1,453.7,0,0.0,0.0,0.0000,0.00,0.00,0.00,0.00
1.6083,1.6009,7.4,0,12.1,-1794.1,2.6271,-428.7,-1990.7,2.6274,-86.0,-390.9,-0.0000,-403.5,-295.3,0.0012,205.9,455.6,0,0.0,0.0,0.0000,0.00,0.00,0.00,0.00
1.6167,1.6091,7.6,0,11.6,-1793.9,2.6173,-429.4,-1993.9,2.6274,-81.2,-391.7,0.0000,-401.6,-297.9,0.0402,198.5,458.9,0,0.0,0.0,0.0000,0.00,0.00,0.00,0.00
1.6241,1.6176,6.4,0,11.9,-1793.9,2.6310,-430.1,-1997.2,2.6274,-77.3,-392.5,0.0000,-400.2,-299.8,-0.0145,202.6,457.1,0,0.0,0.0,0.0000,0.00,0.00,0.00,0.00
1.6322,1.6267,5.5,0,11.8,-1794.0,2.6234,-430.8,-2000.8,2.6274,-72.9,-393.3,-0.0000,-398.5,-302.0,0.0158,196.6,459.7,0,0.0,0.0,0.0000,0.00,0.00,0.00,0.00
1.6407,1.6352,5.4,0,11.9,-1793.4,2.6212,-431.4,-2004.2,2.6274,-68.6,-393.6,-0.0000,-396.5,-304.6,0.0247,192.5,461.4,0,0.0,0.0,0.0000,0.00,0.00,0.00,0.00
1.6477,1.6434,4.4,0,12.1,-1793.9,2.6296,-431.9,-2007.4,2.6274,-64.4,-394.3,0.0000,-395.3,-306.2,-0.0089,194.5,460.6,0,0.0,0.0,0.0000,0.00,0.00,0.00,0.00
1.6558,1.6514,4.5,0,11.9,-1793.5,2.6207,-432.4,-2010.5,2.6274,-59.9,-395.8,0.0000,-393.3,-308.7,0.0264,187.6,463.5,0,0.0,0.0,0.0000,0.00,0.00,0.00,0.00
1.6644,1.6599,4.5,0,12.0,-1794.0,2.6313,-432.9,-2013.9,2.6274,-55.1,-396.6,-0.0000,-391.8,-310.7,-0.0160,190.2,462.4,0,0.0,0.0,0.0000,0.00,0.00,0.00,0.00
1.6727,1.6680,4.6,0,12.0,-1794.2,2.6313,-433.4,-2017.1,2.6274,-50.5,-396.7,-0.0000,-390.1,-312.7,-0.0158,187.7,463.4,0,0.0,0.0,0.0000,0.00,0.00,0.00,0.00
1.6807,1.6768,3.9,0,11.9,-1794.1,2.6310,-433.8,-2020.6,2.6274,-45.8,-397.2,-0.0000,-388.3,-315.0,-0.0147,184.9,464.6,0,0.0,0.0,0.0000,0.00,0.00,0.00,0.00
1.6877,1.6852,2.5,0,12.1,-1793.8,2.6302,-434.1,-2023.9,2.6274,-41.7,-397.7,-0.0000,-386.7,-316.9,-0.0115,182.2,465.6,0,0.0,0.0,0.0000,0.00,0.00,0.00,0.00
1.6968,1.6932,3.6,0,11.5,-1793.6,2.6210,-434.5,-2027.1,2.6274,-37.7,-398.2,0.0000,-384.4,-319.8,0.0256,174.4,468.6,0,0.0,0.0,0.0000,0.00,0.00,0.00,0.00
1.7045,1.7021,2.5,0,11.8,-1794.2,2.6283,-434.8,-2030.7,2.6274,-33.4,-398.9,0.0000,-383.1,-321.3,-0.0038,176.0,468.0,0,0.0,0.0,0.0000,0.00,0.00,0.00,0.00
1.7121,1.7107,1.4,0,12.1,-1794.1,2.6284,-435.0,-2034.1,2.6274,-28.5,-399.0,0.0000,-381.6,-323.1,-0.0043,173.8,468.8,0,0.0,0.0,0.0000,0.00,0.00,0.00,0.00
1.7202,1.7189,1.2,0,12.2,-1793.5,2.6307,-435.3,-2037.4,2.6274,-23.4,-398.9,-0.0000,-379.6,-325.5,-0.0133,172.0,469.5,0,0.0,0.0,0.0000,0.00,0.00,0.00,0.00
1.7285,1.7273,1.2,0,12.2,-1793.8,2.6320,-435.4,-2040.7,2.6274,-19.3,-399.4,0.0000,-377.9,-327.4,-0.0186,170.2,470.2,0,0.0,0.0,0.0000,0.00,0.00,0.00,0.00
1.7362,1.7360,0.2,0,11.9,-1794.0,2.6292,-435.6,-2044.2,2.6274,-15.0,-400.1,0.0000,-376.1,-329.5,-0.0075,166.3,471.5,0,0.0,0.0,0.0000,0.00,0.00,0.00,0.00
1.7445,1.7444,0.1,0,11.9,-1793.7,2.6302,-435.7,-2047.6,2.6274,-10.4,-399.9,-0.0000,-373.9,-331.9,-0.0112,163.7,472.5,0,0.0,0.0,0.0000,0.00,0.00,0.00,0.00
1.7523,1.7444,7.9,0,11.9,-1793.7,2.6302,-435.7,-2047.6,2.6274,-10.4,-399.9,-0.0000,-372.2,-333.9,-0.0112,161.2,473.3,0,0.0,0.0,0.0000,0.00,0.00,0.00,0.00
1.7604,1.7530,7.4,0,12.1,-1794.1,2.6290,-435.8,-2051.0,2.6274,-5.7,-399.9,-0.0000,-370.6,-335.6,-0.0066,158.4,474.2,0,0.0,0.0,0.0000,0.00,0.00,0.00,0.00
1.7685,1.7619,6.6,0,11.7,-1793.4,2.6258,-435.8,-2054.6,2.6274,-0.8,-399.8,-0.0000,-368.3,-338.1,0.0061,153.7,475.8,0,0.0,0.0,0.0000,0.00,0.00,0.00,0.00
1.7765,1.7698,6.6,0,11.9,-1793.8,2.6242,-435.8,-2057.7,2.6274,3.4,-399.7,-0.0000,-366.8,-339.8,0.0126,150.7,476.8,0,0.0,0.0,0.0000,0.00,0.00,0.00,0.00
1.7840,1.7782,5.8,0,11.7,-1793.8,2.6279,-435.7,-2061.1,2.6274,7.8,-400.2,-0.0000,-364.9,-341.8,-0.0022,149.9,477.0,0,0.0,0.0,0.0000,0.00,0.00,0.00,0.00
1.7922,1.7866,5.6,0,12.2,-1793.7,2.6312,-435.7,-2064.5,2.6274,12.2,-400.3,0.0000,-363.1,-343.7,-0.0155,149.0,477.3,0,0.0,0.0,0.0000,0.00,0.00,0.00,0.00
1.7998,1.7957,4.1,0,12.0,-1793.9,2.6337,-435.5,-2068.1,2.6274,17.0,-399.4,-0.0000,-361.3,-345.6,-0.0253,147.6,477.7,0,0.0,0.0,0.0000,0.00,0.00,0.00,0.00
1.8083,1.8039,4.5,0,11.8,-1793.8,2.6186,-435.4,-2071.4,2.6274,21.3,-399.0,0.0000,-359.1,-347.9,0.0350,137.4,480.8,0,0.0,0.0,0.0000,0.00,0.00,0.00,0.00
1.8166,1.8118,4.8,0,12.3,-1793.5,2.6364,-435.2,-2074.5,2.6274,25.0,-398.9,0.0000,-357.3,-349.8,-0.0363,143.4,479.0,0,0.0,0.0,0.0000,0.00,0.00,0.00,0.00
1.8241,1.8205,3.6,0,11.9,-1793.9,2.6348,-434.9,-2078.0,2.6274,29.8,-398.7,0.0000,-355.5,-351.6,-0.0297,140.2,480.0,0,0.0,0.0,0.0000,0.00,0.00,0.00,0.00
1.8325,1.8289,3.6,0,12.2,-1793.9,2.6226,-434.7,-2081.3,2.6274,35.4,-398.6,0.0000,-353.6,-353.5,0.0191,131.7,482.3,0,0.0,0.0,0.0000,0.00,0.00,0.00,0.00
1.8407,1.8371,3.6,0,12.1,-1794.2,2.6342,-434.4,-2084.6,2.6274,39.6,-398.3,0.0000,-351.7,-355.4,-0.0273,134.7,481.5,0,0.0,0.0,0.0000,0.00,0.00,0.00,0.00
1.8485,1.8459,2.6,0,12.1,-1794.0,2.6342,-434.0,-2088.1,2.6274,43.3,-397.9,-0.0000,-349.7,-357.3,-0.0274,132.1,482.2,0,0.0,0.0,0.0000,0.00,0.00,0.00,0.00
1.8566,1.8543,2.3,0,11.7,-1793.9,2.6290,-433.6,-2091.4,2.6274,47.8,-397.2,-0.0000,-347.5,-359.5,-0.0067,126.5,483.7,0,0.0,0.0,0.0000,0.00,0.00,0.00,0.00
1.8640,1.8627,1.2,0,12.1,-1793.4,2.6278,-433.2,-2094.8,2.6274,52.6,-396.2,-0.0000,-345.6,-361.3,-0.0018,123.4,484.5,0,0.0,0.0,0.0000,0.00,0.00,0.00,0.00
1.8729,1.8715,1.4,0,12.2,-1793.8,2.6368,-432.7,-2098.3,2.6274,57.2,-395.7,0.0000,-343.8,-363.1,-0.0378,125.3,484.0,0,0.0,0.0,0.0000,0.00,0.00,0.00,0.00
1.8797,1.8796,0.1,0,12.0,-1793.3,2.6245,-432.2,-2101.5,2.6274,61.5,-395.3,-0.0000,-341.8,-365.0,0.0113,116.7,486.2,0,0.0,0.0,0.0000,0.00,0.00,0.00,0.00
1.8880,1.8796,8.4,0,12.0,-1793.3,2.6245,-432.2,-2101.5,2.6274,61.5,-395.3,-0.0000,-339.6,-367.0,0.0113,113.8,486.9,0,0.0,0.0,0.0000,0.00,0.00,0.00,0.00
1.8966,1.8965,0.1,0,11.8,-1794.0,2.6269,-431.1,-2108.1,2.6274,70.8,-393.6,-0.0000,-337.7,-368.7,0.0018,112.4,487.2,0,0.0,0.0,0.0000,0.00,0.00,0.00,0.00
1.9040,1.8965,7.5,0,11.8,-1794.0,2.6269,-431.1,-2108.1,2.6274,70.8,-393.6,-0.0000,-335.9,-370.4,0.0018,110.0,487.7,0,0.0,0.0,0.0000,0.00,0.00,0.00,0.00
1.9117,1.9053,6.4,0,12.0,-1793.9,2.6313,-430.5,-2111.6,2.6274,75.0,-393.0,0.0000,-334.0,-372.1,-0.0159,109.7,487.8,0,0.0,0.0,0.0000,0.00,0.00,0.00,0.00
1.9203,1.9132,7.1,0,11.8,-1793.4,2.6197,-429.9,-2114.7,2.6274,78.9,-392.4,-0.0000,-331.4,-374.4,0.0307,100.6,489.8,0,0.0,0.0,0.0000,0.00,0.00,0.00,0.00
1.9278,1.9226,5.1,0,12.0,-1794.0,2.6333,-429.1,-2118.4,2.6274,83.7,-391.2,-0.0000,-329.8,-375.8,-0.0239,105.2,488.8,0,0.0,0.0,0.0000,0.00,0.00,0.00,0.00
1.9367,1.9302,6.4,0,12.1,-1794.1,2.6335,-428.4,-2121.4,2.6274,87.7,-390.4,0.0000,-327.7,-377.6,-0.0247,102.6,489.4,0,0.0,0.0,0.0000,0.00,0.00,0.00,0.00
1.9439,1.9385,5.4,0,12.0,-1794.1,2.6318,-427.7,-2124.6,2.6274,92.6,-389.3,-0.0000,-325.8,-379.3,-0.0178,99.3,490.0,0,0.0,0.0,0.0000,0.00,0.00,0.00,0.00
1.9525,1.9472,5.3,0,12.0,-1793.8,2.6324,-426.9,-2127.9,2.6274,97.4,-388.1,0.0000,-323.4,-381.3,-0.0201,96.5,490.6,0,0.0,0.0,0.0000,0.00,0.00,0.00,0.00
1.9604,1.9558,4.6,0,12.1,-1793.8,2.6273,-426.0,-2131.3,2.6274,101.5,-386.4,-0.0000,-321.4,-383.0,0.0004,91.4,491.6,0,0.0,0.0,0.0000,0.00,0.00,0.00,0.00
1.9685,1.9639,4.6,0,11.7,-1793.4,2.6204,-425.2,-2134.4,2.6274,105.6,-385.3,0.0000,-318.9,-385.1,0.0277,84.8,492.8,0,0.0,0.0,0.0000,0.00,0.00,0.00,0.00
1.9766,1.9725,4.1,0,12.1,-1793.6,2.6311,-424.2,-2137.7,2.6274,110.1,-384.5,0.0000,-317.0,-386.7,-0.0151,87.7,492.3,0,0.0,0.0,0.0000,0.00,0.00,0.00,0.00
1.9844,1.9809,3.4,0,11.9,-1793.8,2.6287,-423.3,-2141.0,2.6274,114.2,-383.4,0.0000,-314.9,-388.4,-0.0053,83.8,492.9,0,0.0,0.0,0.0000,0.00,0.00,0.00,0.00
1.9917,1.9894,2.3,0,12.1,-1794.3,2.6241,-422.3,-2144.2,2.6274,118.0,-382.4,0.0000,-313.2,-389.7,0.0131,79.4,493.7,0,0.0,0.0,0.0000,0.00,0.00,0.00,0.00
2.0008,1.9991,1.7,0,11.8,-1794.1,2.6308,-421.1,-2147.9,2.6274,123.3,-380.7,-0.0000,-310.7,-391.7,-0.0138,79.6,493.6,0,0.0,0.0,0.0000,0.00,0.00,0.00,0.00
2.0084,2.0061,2.3,0,11.9,-1793.5,2.6300,-420.3,-2150.6,2.6274,127.5,-379.4,0.0000,-308.5,-393.5,-0.0107,76.4,494.1,0,0.0,0.0,0.0000,0.00,0.00,0.00,0.00
2.0158,2.0145,1.2,0,12.3,-1793.7,2.6294,-419.2,-2153.8,2.6274,131.4,-377.8,0.0000,-306.8,-394.8,-0.0082,73.9,494.5,0,0.0,0.0,0.0000,0.00,0.00,0.00,0.00
2.0249,2.0235,1.4,0,11.9,-1794.2,2.6319,-418.0,-2157.1,2.6274,135.4,-376.1,-0.0000,-304.3,-396.8,-0.0180,72.0,494.8,0,0.0,0.0,0.0000,0.00,0.00,0.00,0.00
2.0319,2.0317,0.2,0,12.1,-1793.3,2.6361,-416.9,-2160.2,2.6274,139.5,-374.7,-0.0000,-302.1,-398.4,-0.0349,71.4,494.9,0,0.0,0.0,0.0000,0.00,0.00,0.00,0.00
2.0401,2.0399,0.1,0,12.3,-1793.8,2.6329,-415.7,-2163.3,2.6274,143.6,-373.4,-0.0000,-300.2,-399.8,-0.0223,67.5,495.4,0,0.0,0.0,0.0000,0.00,0.00,0.00,0.00
2.0486,2.0485,0.1,0,11.9,-1794.3,2.6243,-414.4,-2166.5,2.6274,148.1,-371.6,0.0000,-297.9,-401.6,0.0121,60.4,496.3,0,0.0,0.0,0.0000,0.00,0.00,0.00,0.00
2.0564,2.0485,7.9,0,11.9,-1794.3,2.6243,-414.4,-2166.5,2.6274,148.1,-371.6,0.0000,-295.8,-403.1,0.0121,57.7,496.7,0,0.0,0.0,0.0000,0.00,0.00,0.00,0.00
2.0646,2.0573,7.3,0,11.8,-1793.6,2.6257,-413.1,-2169.8,2.6274,152.6,-369.9,0.0000,-293.2,-405.0,0.0065,55.2,496.9,0,0.0,0.0,0.0000,0.00,0.00,0.00,0.00
2.0726,2.0652,7.4,0,11.8,-1793.6,2.6195,-411.9,-2172.7,2.6274,157.0,-367.9,0.0000,-290.9,-406.6,0.0315,49.4,497.6,0,0.0,0.0,0.0000,0.00,0.00,0.00,0.00
2.0808,2.0741,6.8,0,12.4,-1793.6,2.6338,-410.5,-2175.9,2.6274,161.7,-365.9,-0.0000,-289.0,-408.0,-0.0259,54.2,497.1,0,0.0,0.0,0.0000,0.00,0.00,0.00,0.00
2.0880,2.0824,5.6,0,12.0,-1793.6,2.6277,-409.1,-2179.0,2.6274,165.0,-364.2,0.0000,-286.7,-409.6,-0.0014,48.3,497.7,0,0.0,0.0,0.0000,0.00,0.00,0.00,0.00
2.0957,2.0911,4.6,0,12.0,-1793.7,2.6313,-407.7,-2182.1,2.6274,168.8,-362.4,-0.0000,-284.6,-411.1,-0.0160,47.5,497.7,0,0.0,0.0,0.0000,0.00,0.00,0.00,0.00
2.1047,2.1032,1.5,0,11.8,-1793.7,2.6224,-405.6,-2186.5,2.6274,174.4,-360.5,-0.0000,-282.0,-412.9,0.0197,40.0,498.4,0,0.0,0.0,0.0000,0.00,0.00,0.00,0.00
2.1119,2.1086,3.3,0,11.8,-1794.0,2.6209,-404.6,-2188.4,2.6274,177.1,-359.0,0.0000,-280.1,-414.2,0.0260,36.9,498.6,0,0.0,0.0,0.0000,0.00,0.00,0.00,0.00
2.1197,2.1162,3.4,0,11.7,-1793.5,2.6283,-403.3,-2191.2,2.6274,181.4,-356.4,0.0000,-277.7,-415.8,-0.0039,37.7,498.6,0,0.0,0.0,0.0000,0.00,0.00,0.00,0.00
2.1288,2.1251,3.7,0,12.2,-1793.4,2.6384,-401.6,-2194.3,2.6274,185.7,-354.1,-0.0000,-275.3,-417.4,-0.0442,39.9,498.4,0,0.0,0.0,0.0000,0.00,0.00,0.00,0.00
2.1358,2.1332,2.6,0,12.3,-1793.9,2.6277,-400.1,-2197.2,2.6274,189.1,-352.4,0.0000,-273.6,-418.5,-0.0014,32.5,498.9,0,0.0,0.0,0.0000,0.00,0.00,0.00,0.00
2.1436,2.1413,2.4,0,12.4,-1793.6,2.6315,-398.6,-2200.0,2.6274,192.9,-350.3,0.0000,-271.1,-420.1,-0.0165,31.5,499.0,0,0.0,0.0,0.0000,0.00,0.00,0.00,0.00
2.1518,2.1499,1.9,0,11.9,-1794.1,2.6308,-396.9,-2203.0,2.6274,197.0,-347.7,-0.0000,-268.7,-421.7,-0.0140,28.2,499.2,0,0.0,0.0,0.0000,0.00,0.00,0.00,0.00
2.1626,2.1586,4.0,0,12.1,-1793.9,2.6257,-395.2,-2206.1,2.6274,200.9,-345.6,0.0000,-265.6,-423.6,0.0065,22.1,499.5,0,0.0,0.0,0.0000,0.00,0.00,0.00,0.00
2.1678,2.1662,1.6,0,12.3,-1794.0,2.6376,-393.6,-2208.7,2.6274,204.2,-344.0,-0.0000,-264.4,-424.4,-0.0410,26.5,499.3,0,0.0,0.0,0.0000,0.00,0.00,0.00,0.00
2.1762,2.1750,1.2,0,12.0,-1794.0,2.6294,-391.8,-2211.7,2.6274,208.4,-341.5,-0.0000,-261.9,-425.9,-0.0080,19.6,499.6,0,0.0,0.0,0.0000,0.00,0.00,0.00,0.00
2.1848,2.1835,1.2,0,11.8,-1793.8,2.6287,-390.0,-2214.6,2.6274,212.4,-339.3,-0.0000,-259.2,-427.5,-0.0053,16.1,499.7,0,0.0,0.0,0.0000,0.00,0.00,0.00,0.00
2.1920,2.1835,8.5,0,11.8,-1793.8,2.6287,-390.0,-2214.6,2.6274,212.4,-339.3,-0.0000,-257.0,-428.9,-0.0053,13.5,499.8,0,0.0,0.0,0.0000,0.00,0.00,0.00,0.00
2.2009,2.1932,7.7,0,11.9,-1793.5,2.6293,-387.9,-2217.9,2.6274,216.8,-336.0,-0.0000,-254.3,-430.5,-0.0077,10.6,499.9,0,0.0,0.0,0.0000,0.00,0.00,0.00,0.00
2.2087,2.2054,3.3,0,12.3,-1793.9,2.6256,-385.3,-2221.9,2.6274,222.2,-332.3,-0.0000,-252.4,-431.6,0.0071,6.6,500.0,0,0.0,0.0,0.0000,0.00,0.00,0.00,0.00
2.2166,2.2090,7.6,0,12.2,-1793.7,2.6326,-384.5,-2223.1,2.6274,223.6,-331.5,-0.0000,-249.9,-433.1,-0.0208,7.1,499.9,0,0.0,0.0,0.0000,0.00,0.00,0.00,0.00
2.2245,2.2177,6.8,0,11.9,-1793.5,2.6217,-382.5,-2226.0,2.6274,227.2,-329.3,-0.0000,-247.2,-434.6,0.0228,-1.4,500.0,0,0.0,0.0,0.0000,0.00,0.00,0.00,0.00
2.2327,2.2282,4.4,0,12.1,-1794.0,2.6316,-380.1,-2229.4,2.6274,232.6,-326.0,0.0000,-245.2,-435.7,-0.0168,1.3,500.0,0,0.0,0.0,0.0000,0.00,0.00,0.00,0.00
2.2409,2.2343,6.6,0,12.2,-1793.9,2.6315,-378.7,-2231.4,2.6274,235.4,-324.1,0.0000,-242.9,-437.0,-0.0168,-1.4,500.0,0,0.0,0.0,0.0000,0.00,0.00,0.00,0.00
2.2483,2.2430,5.3,0,12.0,-1794.1,2.6284,-376.6,-2234.2,2.6274,239.1,-320.9,-0.0000,-240.6,-438.3,-0.0042,-5.6,500.0,0,0.0,0.0,0.0000,0.00,0.00,0.00,0.00
2.2564,2.2512,5.2,0,12.3,-1794.1,2.6336,-374.6,-2236.8,2.6274,242.3,-318.1,-0.0000,-238.2,-439.6,-0.0250,-5.7,500.0,0,0.0,0.0,0.0000,0.00,0.00,0.00,0.00
2.2639,2.2608,3.1,0,11.8,-1793.3,2.6195,-372.3,-2239.9,2.6274,245.1,-315.6,0.0000,-235.4,-441.1,0.0314,-15.9,499.7,0,0.0,0.0,0.0000,0.00,0.00,0.00,0.00
2.2717,2.2683,3.4,0,12.3,-1793.9,2.6388,-370.4,-2242.3,2.6274,248.3,-313.1,-0.0000,-233.7,-442.0,-0.0457,-8.2,499.9,0,0.0,0.0,0.0000,0.00,0.00,0.00,0.00
2.2806,2.2769,3.7,0,12.2,-1793.9,2.6241,-368.3,-2244.9,2.6274,252.8,-309.8,-0.0000,-230.9,-443.5,0.0131,-18.7,499.6,0,0.0,0.0,0.0000,0.00,0.00,0.00,0.00
2.2886,2.2851,3.5,0,11.6,-1793.9,2.6309,-366.2,-2247.4,2.6274,256.4,-306.9,-0.0000,-228.0,-445.0,-0.0141,-18.6,499.7,0,0.0,0.0,0.0000,0.00,0.00,0.00,0.00
2.2961,2.2960,0.1,0,11.9,-1793.9,2.6338,-363.4,-2250.8,2.6274,260.9,-303.1,-0.0000,-226.0,-446.0,-0.0256,-19.4,499.6,0,0.0,0.0,0.0000,0.00,0.00,0.00,0.00
2.3037,2.3024,1.2,0,11.9,-1793.9,2.6313,-361.7,-2252.7,2.6274,263.5,-301.1,0.0000,-223.8,-447.1,-0.0159,-23.1,499.5,0,0.0,0.0,0.0000,0.00,0.00,0.00,0.00
2.3127,2.3103,2.4,0,12.0,-1794.2,2.6296,-359.6,-2255.1,2.6274,266.7,-298.9,-0.0000,-221.2,-448.4,-0.0091,-26.8,499.3,0,0.0,0.0,0.0000,0.00,0.00,0.00,0.00
2.3207,2.3193,1.4,0,11.9,-1794.0,2.6283,-357.2,-2257.7,2.6274,269.9,-295.4,0.0000,-218.4,-449.8,-0.0039,-30.6,499.1,0,0.0,0.0,0.0000,0.00,0.00,0.00,0.00
2.3282,2.3193,8.9,0,11.9,-1794.0,2.6283,-357.2,-2257.7,2.6274,269.9,-295.4,0.0000,-216.1,-450.9,-0.0039,-33.1,498.9,0,0.0,0.0,0.0000,0.00,0.00,0.00,0.00
2.3357,2.3293,6.4,0,11.9,-1793.4,2.6199,-354.5,-2260.7,2.6274,273.3,-291.5,0.0000,-213.7,-452.0,0.0298,-40.0,498.4,0,0.0,0.0,0.0000,0.00,0.00,0.00,0.00
2.3439,2.3359,8.0,0,11.7,-1793.5,2.6199,-352.6,-2262.6,2.6274,276.2,-289.3,-0.0000,-211.1,-453.3,0.0298,-42.9,498.2,0,0.0,0.0,0.0000,0.00,0.00,0.00,0.00
2.3526,2.3443,8.3,0,12.2,-1793.4,2.6306,-350.3,-2265.0,2.6274,279.8,-286.5,-0.0000,-208.8,-454.3,-0.0130,-40.1,498.4,0,0.0,0.0,0.0000,0.00,0.00,0.00,0.00
2.3605,2.3528,7.7,0,12.0,-1793.7,2.6273,-347.9,-2267.5,2.6274,282.9,-282.7,-0.0000,-206.2,-455.5,0.0003,-44.6,498.0,0,0.0,0.0,0.0000,0.00,0.00,0.00,0.00
2.3681,2.3625,5.5,0,12.2,-1793.9,2.6348,-345.2,-2270.2,2.6274,286.5,-278.7,0.0000,-203.9,-456.5,-0.0300,-43.2,498.1,0,0.0,0.0,0.0000,0.00,0.00,0.00,0.00
2.3760,2.3698,6.2,0,12.4,-1793.7,2.6316,-343.1,-2272.2,2.6274,289.5,-276.2,0.0000,-201.5,-457.6,-0.0171,-47.5,497.7,0,0.0,0.0,0.0000,0.00,0.00,0.00,0.00
2.3846,2.3782,6.5,0,11.7,-1793.5,2.6270,-340.6,-2274.5,2.6274,292.6,-273.1,-0.0000,-198.4,-459.0,0.0014,-53.2,497.2,0,0.0,0.0,0.0000,0.00,0.00,0.00,0.00
2.3925,2.3863,6.1,0,12.3,-1793.6,2.6255,-338.2,-2276.7,2.6274,294.6,-270.2,-0.0000,-196.4,-459.8,0.0073,-56.1,496.8,0,0.0,0.0,0.0000,0.00,0.00,0.00,0.00
2.4001,2.3964,3.7,0,11.5,-1794.0,2.6322,-335.2,-2279.4,2.6274,298.1,-266.2,0.0000,-193.6,-461.0,-0.0195,-55.7,496.9,0,0.0,0.0,0.0000,0.00,0.00,0.00,0.00
2.4082,2.4036,4.6,0,12.3,-1793.9,2.6373,-333.1,-2281.3,2.6274,301.7,-262.9,0.0000,-191.6,-461.8,-0.0397,-55.4,496.9,0,0.0,0.0,0.0000,0.00,0.00,0.00,0.00
2.4159,2.4103,5.6,0,12.0,-1793.6,2.6288,-331.1,-2283.1,2.6274,304.3,-260.1,0.0000,-189.0,-462.9,-0.0057,-62.5,496.1,0,0.0,0.0,0.0000,0.00,0.00,0.00,0.00
2.4246,2.4204,4.2,0,12.0,-1793.8,2.6263,-328.0,-2285.7,2.6274,307.2,-256.1,0.0000,-186.1,-464.1,0.0043,-66.7,495.5,0,0.0,0.0,0.0000,0.00,0.00,0.00,0.00
2.4320,2.4287,3.3,0,11.7,-1794.0,2.6269,-325.4,-2287.8,2.6274,309.9,-252.7,0.0000,-183.5,-465.1,0.0018,-69.2,495.2,0,0.0,0.0,0.0000,0.00,0.00,0.00,0.00
2.4405,2.4369,3.6,0,12.0,-1793.6,2.6298,-322.9,-2289.8,2.6274,312.3,-249.5,0.0000,-180.9,-466.1,-0.0099,-70.5,495.0,0,0.0,0.0,0.0000,0.00,0.00,0.00,0.00
2.4484,2.4458,2.6,0,11.7,-1794.1,2.6221,-320.1,-2292.0,2.6274,315.5,-245.8,0.0000,-178.6,-467.0,0.0209,-76.8,494.1,0,0.0,0.0,0.0000,0.00,0.00,0.00,0.00
2.4565,2.4563,0.1,0,11.9,-1793.3,2.6251,-316.7,-2294.6,2.6274,319.7,-241.4,0.0000,-176.0,-468.0,0.0090,-78.1,493.9,0,0.0,0.0,0.0000,0.00,0.00,0.00,0.00
2.4640,2.4628,1.2,0,11.8,-1794.3,2.6327,-314.6,-2296.2,2.6274,321.5,-238.4,0.0000,-173.6,-468.9,-0.0215,-76.8,494.1,0,0.0,0.0,0.0000,0.00,0.00,0.00,0.00
2.4728,2.4712,1.5,0,12.2,-1794.1,2.6334,-311.9,-2298.2,2.6274,324.1,-234.3,-0.0000,-171.0,-469.8,-0.0242,-79.2,493.7,0,0.0,0.0,0.0000,0.00,0.00,0.00,0.00
2.4797,2.4796,0.1,0,11.9,-1794.0,2.6343,-309.2,-2300.1,2.6274,326.3,-231.2,0.0000,-168.6,-470.7,-0.0277,-81.3,493.3,0,0.0,0.0,0.0000,0.00,0.00,0.00,0.00
2.4878,2.4877,0.1,0,12.2,-1794.2,2.6222,-306.5,-2302.0,2.6274,328.3,-228.2,0.0000,-166.2,-471.6,0.0206,-89.8,491.9,0,0.0,0.0,0.0000,0.00,0.00,0.00,0.00
2.4962,2.4877,8.5,0,12.2,-1794.2,2.6222,-306.5,-2302.0,2.6274,328.3,-228.2,0.0000,-163.4,-472.5,0.0206,-92.7,491.3,0,0.0,0.0,0.0000,0.00,0.00,0.00,0.00
2.5042,2.4965,7.8,0,12.0,-1793.8,2.6310,-303.7,-2304.0,2.6274,331.0,-224.1,0.0000,-160.6,-473.5,-0.0144,-91.3,491.6,0,0.0,0.0,0.0000,0.00,0.00,0.00,0.00
2.5124,2.5049,7.5,0,12.2,-1793.8,2.6261,-300.9,-2305.8,2.6274,333.5,-220.2,0.0000,-158.1,-474.3,0.0049,-96.2,490.7,0,0.0,0.0,0.0000,0.00,0.00,0.00,0.00
2.5205,2.5126,7.9,0,11.7,-1793.8,2.6153,-298.3,-2307.5,2.6274,336.5,-216.6,0.0000,-155.2,-475.3,0.0481,-104.6,488.9,0,0.0,0.0,0.0000,0.00,0.00,0.00,0.00
2.5285,2.5216,6.8,0,11.9,-1793.9,2.6302,-295.2,-2309.4,2.6274,339.8,-212.3,-0.0000,-152.8,-476.1,-0.0114,-99.7,490.0,0,0.0,0.0,0.0000,0.00,0.00,0.00,0.00
2.5361,2.5304,5.7,0,12.1,-1793.5,2.6317,-292.2,-2311.3,2.6274,341.2,-208.2,0.0000,-150.4,-476.8,-0.0175,-101.4,489.6,0,0.0,0.0,0.0000,0.00,0.00,0.00,0.00
2.5440,2.5384,5.6,0,12.0,-1793.5,2.6217,-289.5,-2312.9,2.6274,343.0,-204.6,-0.0000,-147.8,-477.6,0.0225,-109.0,488.0,0,0.0,0.0,0.0000,0.00,0.00,0.00,0.00
2.5525,2.5472,5.3,0,11.8,-1793.1,2.6202,-286.5,-2314.7,2.6274,345.7,-201.1,-0.0000,-144.8,-478.6,0.0288,-112.8,487.1,0,0.0,0.0,0.0000,0.00,0.00,0.00,0.00
2.5601,2.5556,4.4,0,12.2,-1793.9,2.6343,-283.5,-2316.4,2.6274,348.1,-197.3,-0.0000,-142.8,-479.2,-0.0280,-108.0,488.2,0,0.0,0.0,0.0000,0.00,0.00,0.00,0.00
2.5689,2.5641,4.8,0,11.6,-1793.9,2.6292,-280.6,-2318.0,2.6274,350.3,-193.2,0.0000,-139.3,-480.2,-0.0074,-114.0,486.8,0,0.0,0.0,0.0000,0.00,0.00,0.00,0.00
2.5764,2.5728,3.6,0,12.1,-1794.2,2.6337,-277.5,-2319.7,2.6274,352.6,-189.0,-0.0000,-137.2,-480.8,-0.0254,-114.0,486.8,0,0.0,0.0,0.0000,0.00,0.00,0.00,0.00
2.5847,2.5810,3.7,0,12.1,-1794.1,2.6310,-274.6,-2321.2,2.6274,354.9,-185.2,-0.0000,-134.5,-481.6,-0.0148,-117.9,485.9,0,0.0,0.0,0.0000,0.00,0.00,0.00,0.00
2.5925,2.5891,3.4,0,11.8,-1793.8,2.6299,-271.8,-2322.7,2.6274,356.9,-181.2,0.0000,-131.9,-482.3,-0.0104,-121.2,485.1,0,0.0,0.0,0.0000,0.00,0.00,0.00,0.00
2.6011,2.5983,2.8,0,12.3,-1793.9,2.6344,-268.5,-2324.4,2.6274,359.1,-176.5,0.0000,-129.4,-483.0,-0.0282,-121.5,485.0,0,0.0,0.0,0.0000,0.00,0.00,0.00,0.00
2.6086,2.6063,2.3,0,12.1,-1794.0,2.6308,-265.6,-2325.8,2.6274,360.7,-173.0,-0.0000,-126.6,-483.7,-0.0137,-126.0,483.9,0,0.0,0.0,0.0000,0.00,0.00,0.00,0.00
2.6163,2.6150,1.2,0,12.1,-1793.9,2.6217,-262.4,-2327.3,2.6274,362.3,-169.6,-0.0000,-124.1,-484.4,0.0225,-132.9,482.0,0,0.0,0.0,0.0000,0.00,0.00,0.00,0.00
2.6247,2.6232,1.4,0,12.0,-1794.1,2.6295,-259.4,-2328.6,2.6274,364.1,-165.0,-0.0000,-121.4,-485.0,-0.0084,-131.9,482.3,0,0.0,0.0,0.0000,0.00,0.00,0.00,0.00
2.6321,2.6320,0.1,0,12.0,-1794.1,2.6271,-256.3,-2330.1,2.6274,366.1,-160.0,0.0000,-118.9,-485.7,0.0009,-135.5,481.3,0,0.0,0.0,0.0000,0.00,0.00,0.00,0.00
2.6399,2.6398,0.1,0,12.1,-1793.0,2.6279,-253.4,-2331.3,2.6274,367.8,-156.5,0.0000,-116.0,-486.4,-0.0021,-138.0,480.6,0,0.0,0.0,0.0000,0.00,0.00,0.00,0.00
2.6486,2.6485,0.1,0,12.1,-1793.8,2.6285,-250.2,-2332.6,2.6274,369.6,-152.6,-0.0000,-113.3,-487.0,-0.0044,-140.4,479.9,0,0.0,0.0,0.0000,0.00,0.00,0.00,0.00
2.6565,2.6485,8.0,0,12.1,-1793.8,2.6285,-250.2,-2332.6,2.6274,369.6,-152.6,-0.0000,-110.8,-487.6,-0.0044,-142.8,479.2,0,0.0,0.0,0.0000,0.00,0.00,0.00,0.00
2.6645,2.6568,7.7,0,12.0,-1793.7,2.6311,-247.1,-2333.9,2.6274,371.7,-148.4,-0.0000,-108.1,-488.2,-0.0151,-144.2,478.8,0,0.0,0.0,0.0000,0.00,0.00,0.00,0.00
2.6718,2.6653,6.6,0,12.1,-1793.5,2.6309,-243.9,-2335.1,2.6274,373.7,-144.2,-0.0000,-105.6,-488.7,-0.0142,-146.7,478.0,0,0.0,0.0,0.0000,0.00,0.00,0.00,0.00
2.6802,2.6738,6.4,0,11.7,-1793.8,2.6212,-240.7,-2336.4,2.6274,374.4,-140.5,-0.0000,-102.6,-489.4,0.0247,-154.4,475.6,0,0.0,0.0,0.0000,0.00,0.00,0.00,0.00
2.6881,2.6826,5.5,0,12.1,-1793.9,2.6327,-237.4,-2337.6,2.6274,375.7,-136.2,0.0000,-100.2,-489.9,-0.0214,-151.1,476.6,0,0.0,0.0,0.0000,0.00,0.00,0.00,0.00
2.6965,2.6905,6.0,0,11.6,-1793.9,2.6194,-234.5,-2338.6,2.6274,378.1,-131.0,-0.0000,-97.0,-490.5,0.0316,-160.5,473.5,0,0.0,0.0,0.0000,0.00,0.00,0.00,0.00
2.7038,2.6988,5.0,0,11.8,-1794.3,2.6297,-231.3,-2339.7,2.6274,379.8,-126.4,-0.0000,-94.9,-490.9,-0.0093,-157.7,474.5,0,0.0,0.0,0.0000,0.00,0.00,0.00,0.00
2.7120,2.7075,4.5,0,11.8,-1793.9,2.6260,-228.0,-2340.8,2.6274,380.5,-122.8,-0.0000,-92.1,-491.4,0.0055,-162.2,473.0,0,0.0,0.0,0.0000,0.00,0.00,0.00,0.00
2.7201,2.7157,4.4,0,11.8,-1793.5,2.6257,-224.9,-2341.8,2.6274,381.8,-118.9,-0.0000,-89.3,-492.0,0.0067,-165.1,472.0,0,0.0,0.0,0.0000,0.00,0.00,0.00,0.00
2.7280,2.7244,3.5,0,12.2,-1793.4,2.6348,-221.5,-2342.8,2.6274,383.7,-114.7,0.0000,-86.8,-492.4,-0.0297,-163.1,472.7,0,0.0,0.0,0.0000,0.00,0.00,0.00,0.00
2.7360,2.7327,3.3,0,11.8,-1794.3,2.6251,-218.4,-2343.7,2.6274,384.8,-110.6,0.0000,-83.9,-492.9,0.0092,-170.5,470.0,0,0.0,0.0,0.0000,0.00,0.00,0.00,0.00
2.7446,2.7410,3.6,0,12.1,-1793.2,2.6292,-215.2,-2344.6,2.6274,385.5,-106.4,0.0000,-81.1,-493.4,-0.0074,-171.2,469.8,0,0.0,0.0,0.0000,0.00,0.00,0.00,0.00
2.7524,2.7508,1.6,0,12.0,-1793.7,2.6298,-211.4,-2345.6,2.6274,387.0,-100.7,0.0000,-78.4,-493.8,-0.0098,-173.5,468.9,0,0.0,0.0,0.0000,0.00,0.00,0.00,0.00
2.7606,2.7583,2.3,0,12.5,-1793.9,2.6380,-208.5,-2346.4,2.6274,388.2,-95.8,-0.0000,-76.2,-494.2,-0.0428,-171.7,469.6,0,0.0,0.0,0.0000,0.00,0.00,0.00,0.00
2.7677,2.7665,1.2,0,12.0,-1793.6,2.6269,-205.3,-2347.1,2.6274,389.2,-92.2,-0.0000,-73.5,-494.6,0.0018,-179.5,466.7,0,0.0,0.0,0.0000,0.00,0.00,0.00,0.00
2.7763,2.7751,1.3,0,11.9,-1793.8,2.6293,-202.0,-2347.9,2.6274,390.1,-89.1,-0.0000,-70.4,-495.0,-0.0078,-181.2,466.0,0,0.0,0.0,0.0000,0.00,0.00,0.00,0.00
2.7837,2.7836,0.1,0,12.1,-1793.4,2.6343,-198.6,-2348.7,2.6274,390.9,-84.0,0.0000,-68.0,-495.4,-0.0278,-181.2,466.0,0,0.0,0.0,0.0000,0.00,0.00,0.00,0.00
2.7922,2.7921,0.1,0,12.2,-1793.9,2.6339,-195.3,-2349.4,2.6274,391.7,-79.0,0.0000,-65.2,-495.7,-0.0263,-184.0,464.9,0,0.0,0.0,0.0000,0.00,0.00,0.00,0.00
2.8008,2.8005,0.3,0,11.7,-1794.0,2.6292,-192.0,-2350.0,2.6274,392.7,-74.8,-0.0000,-61.8,-496.2,-0.0075,-189.4,462.7,0,0.0,0.0,0.0000,0.00,0.00,0.00,0.00
2.8082,2.8005,7.7,0,11.7,-1794.0,2.6292,-192.0,-2350.0,2.6274,392.7,-74.8,-0.0000,-59.3,-496.5,-0.0075,-191.7,461.8,0,0.0,0.0,0.0000,0.00,0.00,0.00,0.00
2.8166,2.8091,7.4,0,12.0,-1793.8,2.6250,-188.6,-2350.6,2.6274,393.7,-70.3,0.0000,-56.9,-496.8,0.0093,-195.9,460.0,0,0.0,0.0,0.0000,0.00,0.00,0.00,0.00
2.8241,2.8179,6.2,0,11.8,-1794.0,2.6229,-185.1,-2351.2,2.6274,394.8,-65.7,0.0000,-54.1,-497.1,0.0178,-199.4,458.5,0,0.0,0.0,0.0000,0.00,0.00,0.00,0.00
2.8325,2.8268,5.8,0,12.3,-1794.3,2.6271,-181.7,-2351.8,2.6274,395.7,-61.1,-0.0000,-51.7,-497.3,0.0010,-199.7,458.4,0,0.0,0.0,0.0000,0.00,0.00,0.00,0.00
2.8399,2.8343,5.6,0,12.1,-1794.0,2.6288,-178.7,-2352.2,2.6274,396.0,-57.5,-0.0000,-48.9,-497.6,-0.0057,-201.5,457.6,0,0.0,0.0,0.0000,0.00,0.00,0.00,0.00
2.8482,2.8426,5.6,0,11.8,-1793.1,2.6211,-175.4,-2352.7,2.6274,396.5,-53.2,-0.0000,-45.8,-497.9,0.0252,-207.9,454.7,0,0.0,0.0,0.0000,0.00,0.00,0.00,0.00
2.8564,2.8511,5.2,0,11.8,-1793.8,2.6334,-172.0,-2353.1,2.6274,396.8,-48.2,-0.0000,-43.0,-498.1,-0.0244,-204.8,456.1,0,0.0,0.0,0.0000,0.00,0.00,0.00,0.00
2.8644,2.8601,4.3,0,12.0,-1793.9,2.6305,-168.5,-2353.5,2.6274,397.3,-43.3,0.0000,-40.5,-498.4,-0.0126,-208.4,454.5,0,0.0,0.0,0.0000,0.00,0.00,0.00,0.00
2.8718,2.8677,4.1,0,12.3,-1793.2,2.6353,-165.4,-2353.8,2.6274,398.0,-39.2,0.0000,-38.2,-498.5,-0.0316,-208.4,454.5,0,0.0,0.0,0.0000,0.00,0.00,0.00,0.00
2.8806,2.8767,3.9,0,12.1,-1793.5,2.6263,-161.8,-2354.2,2.6274,398.7,-34.5,-0.0000,-35.0,-498.8,0.0042,-215.3,451.3,0,0.0,0.0,0.0000,0.00,0.00,0.00,0.00
2.8887,2.8851,3.6,0,11.9,-1793.8,2.6223,-158.5,-2354.4,2.6274,399.3,-30.4,-0.0000,-32.1,-499.0,0.0200,-219.7,449.1,0,0.0,0.0,0.0000,0.00,0.00,0.00,0.00
2.8966,2.8935,3.1,0,11.9,-1793.6,2.6175,-155.1,-2354.7,2.6274,399.4,-26.0,0.0000,-29.5,-499.1,0.0395,-224.3,446.9,0,0.0,0.0,0.0000,0.00,0.00,0.00,0.00
2.9046,2.9020,2.7,0,11.8,-1793.3,2.6242,-151.7,-2354.9,2.6274,399.1,-21.4,-0.0000,-26.7,-499.3,0.0127,-223.8,447.1,0,0.0,0.0,0.0000,0.00,0.00,0.00,0.00
2.9117,2.9105,1.3,0,12.2,-1793.9,2.6298,-148.3,-2355.0,2.6274,399.4,-16.6,0.0000,-24.5,-499.4,-0.0097,-223.2,447.4,0,0.0,0.0,0.0000,0.00,0.00,0.00,0.00
2.9202,2.9105,9.7,0,12.2,-1793.9,2.6298,-148.3,-2355.0,2.6274,399.4,-16.6,0.0000,-21.6,-499.5,-0.0097,-225.8,446.1,0,0.0,0.0,0.0000,0.00,0.00,0.00,0.00
2.9290,2.9275,1.4,0,12.3,-1793.8,2.6360,-141.5,-2355.2,2.6274,400.0,-7.6,-0.0000,-18.6,-499.7,-0.0346,-225.7,446.1,0,0.0,0.0,0.0000,0.00,0.00,0.00,0.00
2.9361,2.9360,0.1,0,12.4,-1794.1,2.6328,-138.1,-2355.3,2.6274,400.1,-3.6,0.0000,-16.3,-499.7,-0.0216,-229.2,444.4,0,0.0,0.0,0.0000,0.00,0.00,0.00,0.00
2.9442,2.9441,0.1,0,12.2,-1793.9,2.6307,-134.9,-2355.3,2.6274,400.0,0.9,-0.0000,-13.4,-499.8,-0.0135,-232.7,442.6,0,0.0,0.0,0.0000,0.00,0.00,0.00,0.00
2.9525,2.9441,8.4,0,12.2,-1793.9,2.6307,-134.9,-2355.3,2.6274,400.0,0.9,-0.0000,-10.6,-499.9,-0.0135,-235.2,441.2,0,0.0,0.0,0.0000,0.00,0.00,0.00,0.00
2.9600,2.9533,6.6,0,12.0,-1793.9,2.6295,-131.2,-2355.3,2.6274,399.9,5.9,-0.0000,-7.9,-499.9,-0.0088,-238.1,439.7,0,0.0,0.0,0.0000,0.00,0.00,0.00,0.00
2.9678,2.9613,6.5,0,12.2,-1793.9,2.6334,-128.0,-2355.2,2.6274,399.9,10.2,-0.0000,-5.3,-500.0,-0.0243,-238.6,439.4,0,0.0,0.0,0.0000,0.00,0.00,0.00,0.00
2.9768,2.9693,7.6,0,12.2,-1793.9,2.6297,-124.8,-2355.1,2.6274,399.8,14.6,0.0000,-2.2,-500.0,-0.0092,-243.0,437.0,0,0.0,0.0,0.0000,0.00,0.00,0.00,0.00
2.9842,2.9782,6.0,0,11.8,-1794.0,2.6377,-121.3,-2355.0,2.6274,399.3,19.7,0.0000,0.8,-500.0,-0.0415,-242.1,437.5,0,0.0,0.0,0.0000,0.00,0.00,0.00,0.00
2.9925,2.9862,6.3,0,12.1,-1793.9,2.6279,-118.1,-2354.8,2.6274,399.0,24.1,-0.0000,3.3,-500.0,-0.0020,-248.6,433.8,0,0.0,0.0,0.0000,0.00,0.00,0.00,0.00
3.0001,2.9972,2.8,0,12.2,-1793.9,2.6355,-113.7,-2354.5,2.6274,398.8,29.6,-0.0000,5.9,-500.0,-0.0328,-247.5,434.5,0,0.0,0.0,0.0000,0.00,0.00,0.00,0.00
3.0088,3.0032,5.6,0,12.0,-1793.4,2.6258,-111.3,-2354.3,2.6274,398.6,32.7,-0.0000,8.9,-499.9,0.0061,-254.3,430.5,0,0.0,0.0,0.0000,0.00,0.00,0.00,0.00
3.0163,3.0117,4.6,0,12.3,-1793.4,2.6374,-107.9,-2354.0,2.6274,398.5,36.8,0.0000,11.2,-499.9,-0.0404,-251.3,432.3,0,0.0,0.0,0.0000,0.00,0.00,0.00,0.00
3.0248,3.0246,0.1,0,11.9,-1794.0,2.6282,-102.7,-2353.5,2.6274,397.6,44.2,0.0000,14.7,-499.8,-0.0036,-258.2,428.2,0,0.0,0.0,0.0000,0.00,0.00,0.00,0.00
3.0323,3.0308,1.5,0,12.1,-1793.7,2.6327,-100.3,-2353.2,2.6274,397.2,48.0,-0.0000,17.0,-499.7,-0.0215,-258.3,428.1,0,0.0,0.0,0.0000,0.00,0.00,0.00,0.00
3.0405,3.0372,3.3,0,11.7,-1793.8,2.6243,-97.8,-2352.9,2.6274,396.7,51.2,-0.0000,20.0,-499.6,0.0121,-264.4,424.3,0,0.0,0.0,0.0000,0.00,0.00,0.00,0.00
3.0482,3.0456,2.6,0,11.8,-1793.9,2.6274,-94.4,-2352.4,2.6274,395.9,55.1,0.0000,22.6,-499.5,-0.0002,-265.3,423.8,0,0.0,0.0,0.0000,0.00,0.00,0.00,0.00
3.0566,3.0540,2.6,0,12.2,-1793.9,2.6332,-91.1,-2352.0,2.6274,395.4,59.5,-0.0000,25.2,-499.4,-0.0233,-265.1,424.0,0,0.0,0.0,0.0000,0.00,0.00,0.00,0.00
3.0639,3.0540,9.9,0,12.2,-1793.9,2.6332,-91.1,-2352.0,2.6274,395.4,59.5,-0.0000,27.7,-499.2,-0.0233,-267.2,422.6,0,0.0,0.0,0.0000,0.00,0.00,0.00,0.00
3.0722,3.0709,1.3,0,12.0,-1793.1,2.6207,-84.4,-2350.9,2.6274,394.3,68.3,-0.0000,30.7,-499.1,0.0267,-275.0,417.6,0,0.0,0.0,0.0000,0.00,0.00,0.00,0.00
3.0804,3.0792,1.2,0,12.1,-1793.8,2.6255,-81.2,-2350.3,2.6274,393.7,72.2,0.0000,33.4,-498.9,0.0074,-275.3,417.4,0,0.0,0.0,0.0000,0.00,0.00,0.00,0.00
3.0878,3.0877,0.1,0,12.1,-1793.6,2.6329,-77.8,-2349.7,2.6274,392.6,77.0,0.0000,35.9,-498.7,-0.0223,-274.2,418.1,0,0.0,0.0,0.0000,0.00,0.00,0.00,0.00
3.0963,3.0877,8.6,0,12.1,-1793.6,2.6329,-77.8,-2349.7,2.6274,392.6,77.0,0.0000,38.8,-498.5,-0.0223,-276.7,416.5,0,0.0,0.0,0.0000,0.00,0.00,0.00,0.00
3.1042,3.0983,5.9,0,11.9,-1794.0,2.6300,-73.7,-2348.8,2.6274,391.2,83.1,0.0000,41.9,-498.2,-0.0106,-280.5,413.9,0,0.0,0.0,0.0000,0.00,0.00,0.00,0.00
3.1128,3.1045,8.3,0,12.3,-1793.8,2.6319,-71.2,-2348.3,2.6274,390.7,86.5,-0.0000,44.4,-498.0,-0.0180,-281.8,413.0,0,0.0,0.0,0.0000,0.00,0.00,0.00,0.00
3.1198,3.1133,6.5,0,11.8,-1794.1,2.6230,-67.8,-2347.5,2.6274,389.9,91.4,-0.0000,47.1,-497.8,0.0175,-287.6,409.0,0,0.0,0.0,0.0000,0.00,0.00,0.00,0.00
3.1285,3.1215,7.0,0,12.1,-1794.1,2.6273,-64.6,-2346.7,2.6274,388.5,94.6,-0.0000,49.9,-497.5,0.0003,-288.2,408.6,0,0.0,0.0,0.0000,0.00,0.00,0.00,0.00
3.1364,3.1318,4.6,0,12.3,-1794.3,2.6295,-60.6,-2345.7,2.6274,387.0,99.5,-0.0000,52.7,-497.2,-0.0088,-289.5,407.6,0,0.0,0.0,0.0000,0.00,0.00,0.00,0.00
3.1442,3.1387,5.5,0,12.2,-1793.6,2.6215,-58.0,-2345.0,2.6274,386.2,103.8,-0.0000,55.3,-496.9,0.0233,-294.9,403.7,0,0.0,0.0,0.0000,0.00,0.00,0.00,0.00
3.1518,3.1469,4.9,0,12.0,-1794.0,2.6220,-54.8,-2344.2,2.6274,385.1,108.3,0.0000,57.9,-496.6,0.0214,-296.9,402.3,0,0.0,0.0,0.0000,0.00,0.00,0.00,0.00
3.1599,3.1556,4.3,0,11.7,-1793.8,2.6195,-51.5,-2343.2,2.6274,383.8,113.1,0.0000,61.0,-496.3,0.0313,-300.3,399.8,0,0.0,0.0,0.0000,0.00,0.00,0.00,0.00
3.1687,3.1654,3.3,0,12.2,-1794.3,2.6360,-47.7,-2342.1,2.6274,382.3,117.8,-0.0000,63.7,-495.9,-0.0348,-295.9,403.0,0,0.0,0.0,0.0000,0.00,0.00,0.00,0.00
3.1760,3.1724,3.6,0,11.8,-1793.9,2.6187,-45.0,-2341.2,2.6274,381.2,120.5,-0.0000,66.5,-495.6,0.0348,-305.1,396.1,0,0.0,0.0,0.0000,0.00,0.00,0.00,0.00
3.1846,3.1809,3.7,0,12.1,-1793.9,2.6342,-41.8,-2340.2,2.6274,379.9,124.8,0.0000,69.1,-495.2,-0.0276,-301.0,399.2,0,0.0,0.0,0.0000,0.00,0.00,0.00,0.00
3.1919,3.1892,2.7,0,12.0,-1793.6,2.6119,-38.6,-2339.1,2.6274,378.9,129.3,0.0000,71.6,-494.8,0.0617,-311.8,390.9,0,0.0,0.0,0.0000,0.00,0.00,0.00,0.00
3.2008,3.1984,2.4,0,11.9,-1794.0,2.6245,-35.2,-2337.9,2.6274,376.9,134.3,-0.0000,74.9,-494.4,0.0114,-309.5,392.7,0,0.0,0.0,0.0000,0.00,0.00,0.00,0.00
3.2082,3.2068,1.4,0,11.9,-1793.7,2.6299,-32.0,-2336.8,2.6274,374.6,138.9,-0.0000,77.4,-494.0,-0.0102,-309.4,392.8,0,0.0,0.0,0.0000,0.00,0.00,0.00,0.00
3.2158,3.2146,1.2,0,12.1,-1793.8,2.6264,-29.1,-2335.7,2.6274,373.5,142.7,-0.0000,79.8,-493.6,0.0040,-312.7,390.2,0,0.0,0.0,0.0000,0.00,0.00,0.00,0.00
3.2240,3.2228,1.2,0,11.8,-1793.3,2.6217,-26.0,-2334.5,2.6274,372.8,146.6,0.0000,82.8,-493.1,0.0226,-316.8,386.8,0,0.0,0.0,0.0000,0.00,0.00,0.00,0.00
3.2321,3.2320,0.1,0,12.0,-1793.5,2.6303,-22.6,-2333.1,2.6274,370.5,150.7,0.0000,85.3,-492.7,-0.0119,-315.4,388.0,0,0.0,0.0,0.0000,0.00,0.00,0.00,0.00
3.2402,3.2401,0.1,0,12.0,-1793.8,2.6298,-19.6,-2331.9,2.6274,368.4,154.1,0.0000,88.0,-492.2,-0.0099,-317.8,386.0,0,0.0,0.0,0.0000,0.00,0.00,0.00,0.00
3.2484,3.2483,0.1,0,11.9,-1793.9,2.6235,-16.6,-2330.6,2.6274,367.1,158.9,-0.0000,91.1,-491.6,0.0156,-322.6,382.0,0,0.0,0.0,0.0000,0.00,0.00,0.00,0.00
3.2558,3.2483,7.5,0,11.9,-1793.9,2.6235,-16.6,-2330.6,2.6274,367.1,158.9,-0.0000,93.7,-491.2,0.0156,-324.6,380.3,0,0.0,0.0,0.0000,0.00,0.00,0.00,0.00
3.2645,3.2568,7.8,0,11.9,-1794.1,2.6214,-13.5,-2329.2,2.6274,365.6,163.7,-0.0000,96.6,-490.6,0.0236,-327.7,377.7,0,0.0,0.0,0.0000,0.00,0.00,0.00,0.00
3.2719,3.2654,6.5,0,11.9,-1793.0,2.6216,-10.4,-2327.8,2.6274,363.4,167.3,-0.0000,98.9,-490.1,0.0231,-329.4,376.2,0,0.0,0.0,0.0000,0.00,0.00,0.00,0.00
3.2799,3.2735,6.4,0,11.9,-1793.7,2.6324,-7.4,-2326.5,2.6274,361.4,170.9,0.0000,101.9,-489.5,-0.0201,-327.6,377.7,0,0.0,0.0,0.0000,0.00,0.00,0.00,0.00
3.2884,3.2822,6.2,0,11.9,-1794.1,2.6329,-4.3,-2324.9,2.6274,359.6,175.3,0.0000,104.8,-488.9,-0.0223,-329.6,376.0,0,0.0,0.0,0.0000,0.00,0.00,0.00,0.00
3.2959,3.2906,5.4,0,11.9,-1793.4,2.6296,-1.3,-2323.5,2.6274,357.7,179.3,0.0000,106.8,-488.5,-0.0090,-332.4,373.5,0,0.0,0.0,0.0000,0.00,0.00,0.00,0.00
3.3043,3.2988,5.5,0,12.0,-1794.0,2.6327,1.7,-2322.0,2.6274,355.8,182.8,0.0000,109.7,-487.8,-0.0212,-333.5,372.5,0,0.0,0.0,0.0000,0.00,0.00,0.00,0.00
3.3120,3.3074,4.6,0,11.8,-1794.0,2.6344,4.7,-2320.4,2.6274,353.6,186.8,-0.0000,112.9,-487.1,-0.0283,-335.2,371.0,0,0.0,0.0,0.0000,0.00,0.00,0.00,0.00
3.3205,3.3159,4.6,0,11.7,-1793.9,2.6207,7.7,-2318.8,2.6274,350.9,191.6,-0.0000,115.8,-486.4,0.0267,-342.5,364.2,0,0.0,0.0,0.0000,0.00,0.00,0.00,0.00
3.3289,3.3243,4.6,0,11.4,-1793.5,2.6257,10.6,-2317.2,2.6274,348.7,195.7,0.0000,118.8,-485.7,0.0068,-342.9,363.9,0,0.0,0.0,0.0000,0.00,0.00,0.00,0.00
3.3365,3.3317,4.9,0,11.9,-1793.9,2.6307,13.2,-2315.7,2.6274,347.1,198.8,-0.0000,120.9,-485.2,-0.0134,-342.7,364.1,0,0.0,0.0,0.0000,0.00,0.00,0.00,0.00
3.3446,3.3412,3.4,0,12.0,-1793.4,2.6290,16.5,-2313.8,2.6274,344.7,203.2,-0.0000,123.5,-484.5,-0.0065,-345.3,361.6,0,0.0,0.0,0.0000,0.00,0.00,0.00,0.00
3.3521,3.3495,2.6,0,11.9,-1793.5,2.6288,19.3,-2312.1,2.6274,342.3,207.2,-0.0000,126.0,-483.9,-0.0058,-347.2,359.8,0,0.0,0.0,0.0000,0.00,0.00,0.00,0.00
3.3599,3.3583,1.5,0,12.1,-1794.0,2.6343,22.4,-2310.2,2.6274,340.0,211.0,-0.0000,128.5,-483.2,-0.0276,-347.1,359.9,0,0.0,0.0,0.0000,0.00,0.00,0.00,0.00
3.3682,3.3669,1.3,0,12.2,-1793.7,2.6320,25.3,-2308.4,2.6274,338.0,214.3,-0.0000,131.2,-482.5,-0.0184,-349.9,357.2,0,0.0,0.0,0.0000,0.00,0.00,0.00,0.00
3.3761,3.3749,1.2,0,12.2,-1793.7,2.6356,28.0,-2306.7,2.6274,335.1,218.1,0.0000,133.9,-481.7,-0.0331,-350.6,356.5,0,0.0,0.0,0.0000,0.00,0.00,0.00,0.00
3.3837,3.3836,0.1,0,12.0,-1793.2,2.6276,30.9,-2304.8,2.6274,331.6,222.4,0.0000,136.5,-481.0,-0.0011,-355.4,351.7,0,0.0,0.0,0.0000,0.00,0.00,0.00,0.00
3.3922,3.3921,0.1,0,11.7,-1793.8,2.6316,33.7,-2302.8,2.6274,329.8,226.1,-0.0000,139.7,-480.1,-0.0170,-356.3,350.8,0,0.0,0.0,0.0000,0.00,0.00,0.00,0.00
3.3999,3.3921,7.7,0,11.7,-1793.8,2.6316,33.7,-2302.8,2.6274,329.8,226.1,-0.0000,142.2,-479.3,-0.0170,-358.1,348.9,0,0.0,0.0,0.0000,0.00,0.00,0.00,0.00
3.4078,3.4003,7.5,0,12.0,-1794.0,2.6218,36.4,-2301.0,2.6274,327.9,229.9,0.0000,144.5,-478.6,0.0222,-363.2,343.6,0,0.0,0.0,0.0000,0.00,0.00,0.00,0.00
3.4164,3.4091,7.4,0,11.9,-1793.7,2.6294,39.2,-2298.9,2.6274,325.1,233.3,0.0000,147.5,-477.7,-0.0081,-362.8,344.1,0,0.0,0.0,0.0000,0.00,0.00,0.00,0.00
3.4242,3.4241,0.1,0,12.0,-1793.8,2.6246,44.1,-2295.4,2.6274,320.3,239.7,-0.0000,150.1,-477.0,0.0109,-366.2,340.5,0,0.0,0.0,0.0000,0.00,0.00,0.00,0.00
3.4317,3.4241,7.7,0,12.0,-1793.8,2.6246,44.1,-2295.4,2.6274,320.3,239.7,-0.0000,152.7,-476.1,0.0109,-368.0,338.4,0,0.0,0.0,0.0000,0.00,0.00,0.00,0.00
3.4399,3.4337,6.2,0,11.8,-1793.5,2.6290,47.1,-2293.1,2.6274,317.1,244.2,0.0000,155.7,-475.1,-0.0065,-368.7,337.7,0,0.0,0.0,0.0000,0.00,0.00,0.00,0.00
3.4479,3.4423,5.6,0,11.9,-1793.9,2.6249,49.9,-2290.9,2.6274,314.0,247.7,-0.0000,158.4,-474.2,0.0099,-372.0,334.1,0,0.0,0.0,0.0000,0.00,0.00,0.00,0.00
3.4562,3.4512,5.0,0,12.3,-1793.9,2.6237,52.6,-2288.7,2.6274,311.0,251.4,-0.0000,160.5,-473.5,0.0147,-373.9,332.0,0,0.0,0.0,0.0000,0.00,0.00,0.00,0.00
3.4647,3.4597,5.0,0,12.0,-1793.6,2.6330,55.3,-2286.6,2.6274,308.6,254.8,-0.0000,163.4,-472.5,-0.0228,-372.8,333.2,0,0.0,0.0,0.0000,0.00,0.00,0.00,0.00
3.4723,3.4680,4.3,0,12.1,-1794.0,2.6271,57.8,-2284.5,2.6274,305.8,258.1,-0.0000,165.8,-471.7,0.0009,-376.4,329.1,0,0.0,0.0,0.0000,0.00,0.00,0.00,0.00
3.4808,3.4762,4.7,0,12.1,-1793.8,2.6279,60.3,-2282.3,2.6274,302.7,261.0,-0.0000,168.6,-470.7,-0.0020,-378.2,327.1,0,0.0,0.0,0.0000,0.00,0.00,0.00,0.00
3.4887,3.4850,3.7,0,12.0,-1793.5,2.6289,63.0,-2280.0,2.6274,299.4,264.7,0.0000,171.4,-469.7,-0.0061,-379.8,325.2,0,0.0,0.0,0.0000,0.00,0.00,0.00,0.00
3.4958,3.4933,2.5,0,11.9,-1793.6,2.6286,65.4,-2277.8,2.6274,296.1,268.7,-0.0000,174.0,-468.8,-0.0051,-381.6,323.0,0,0.0,0.0,0.0000,0.00,0.00,0.00,0.00
3.5046,3.5012,3.4,0,12.0,-1793.6,2.6220,67.8,-2275.7,2.6274,293.4,271.7,-0.0000,176.9,-467.7,0.0214,-385.8,318.1,0,0.0,0.0,0.0000,0.00,0.00,0.00,0.00
3.5125,3.5100,2.5,0,11.8,-1793.7,2.6277,70.3,-2273.3,2.6274,290.6,274.8,-0.0000,179.7,-466.6,-0.0013,-385.9,318.0,0,0.0,0.0,0.0000,0.00,0.00,0.00,0.00
3.5201,3.5188,1.2,0,12.0,-1793.5,2.6304,72.9,-2270.8,2.6274,287.6,278.0,0.0000,181.4,-465.9,-0.0121,-386.1,317.6,0,0.0,0.0,0.0000,0.00,0.00,0.00,0.00
3.5286,3.5273,1.3,0,11.9,-1794.0,2.6293,75.3,-2268.5,2.6274,285.1,281.0,-0.0000,184.5,-464.7,-0.0077,-388.6,314.6,0,0.0,0.0,0.0000,0.00,0.00,0.00,0.00
3.5357,3.5356,0.1,0,11.6,-1793.8,2.6254,77.7,-2266.1,2.6274,281.4,284.6,-0.0000,187.3,-463.6,0.0076,-391.7,310.8,0,0.0,0.0,0.0000,0.00,0.00,0.00,0.00
3.5443,3.5441,0.1,0,11.9,-1793.8,2.6358,80.0,-2263.7,2.6274,277.6,288.5,0.0000,189.8,-462.6,-0.0340,-390.1,312.7,0,0.0,0.0,0.0000,0.00,0.00,0.00,0.00
3.5518,3.5441,7.7,0,11.9,-1793.8,2.6358,80.0,-2263.7,2.6274,277.6,288.5,0.0000,192.2,-461.6,-0.0340,-391.7,310.7,0,0.0,0.0,0.0000,0.00,0.00,0.00,0.00
3.5599,3.5524,7.5,0,12.2,-1793.9,2.6328,82.3,-2261.3,2.6274,274.3,290.8,0.0000,194.5,-460.6,-0.0218,-394.2,307.5,0,0.0,0.0,0.0000,0.00,0.00,0.00,0.00
3.5680,3.5613,6.6,0,12.4,-1793.4,2.6311,84.8,-2258.7,2.6274,270.6,293.6,-0.0000,196.6,-459.7,-0.0150,-396.2,305.0,0,0.0,0.0,0.0000,0.00,0.00,0.00,0.00
3.5760,3.5694,6.7,0,11.6,-1793.6,2.6260,86.9,-2256.3,2.6274,267.8,297.0,0.0000,200.3,-458.1,0.0055,-400.1,299.8,0,0.0,0.0,0.0000,0.00,0.00,0.00,0.00
3.5844,3.5777,6.7,0,12.0,-1794.0,2.6314,89.1,-2253.8,2.6274,264.7,300.2,-0.0000,202.8,-457.0,-0.0163,-400.1,299.8,0,0.0,0.0,0.0000,0.00,0.00,0.00,0.00
3.5926,3.5864,6.2,0,12.0,-1794.0,2.6318,91.4,-2251.2,2.6274,262.0,302.8,-0.0000,205.4,-455.8,-0.0178,-401.8,297.6,0,0.0,0.0,0.0000,0.00,0.00,0.00,0.00
3.6005,3.5950,5.4,0,12.1,-1793.9,2.6256,93.7,-2248.5,2.6274,258.6,305.8,0.0000,207.7,-454.8,0.0071,-405.1,293.1,0,0.0,0.0,0.0000,0.00,0.00,0.00,0.00
3.6084,3.6031,5.3,0,12.3,-1794.1,2.6360,95.7,-2246.1,2.6274,253.9,309.1,0.0000,210.2,-453.7,-0.0346,-403.6,295.1,0,0.0,0.0,0.0000,0.00,0.00,0.00,0.00
3.6166,3.6119,4.7,0,11.7,-1793.7,2.6256,98.0,-2243.3,2.6274,249.9,312.1,0.0000,213.4,-452.2,0.0072,-408.8,288.0,0,0.0,0.0,0.0000,0.00,0.00,0.00,0.00
3.6238,3.6202,3.5,0,12.1,-1793.7,2.6255,100.0,-2240.7,2.6274,247.3,314.3,0.0000,215.2,-451.3,0.0075,-409.9,286.3,0,0.0,0.0,0.0000,0.00,0.00,0.00,0.00
3.6322,3.6286,3.5,0,12.0,-1793.9,2.6299,102.1,-2238.1,2.6274,243.9,317.0,-0.0000,217.9,-450.0,-0.0102,-410.3,285.7,0,0.0,0.0,0.0000,0.00,0.00,0.00,0.00
3.6405,3.6374,3.0,0,12.0,-1793.5,2.6300,104.2,-2235.3,2.6274,239.8,320.2,0.0000,220.4,-448.8,-0.0106,-411.9,283.5,0,0.0,0.0,0.0000,0.00,0.00,0.00,0.00
3.6480,3.6457,2.3,0,12.3,-1794.0,2.6297,106.2,-2232.6,2.6274,236.3,322.7,0.0000,222.7,-447.7,-0.0095,-413.4,281.2,0,0.0,0.0,0.0000,0.00,0.00,0.00,0.00
3.6563,3.6539,2.4,0,12.0,-1793.9,2.6340,108.1,-2230.0,2.6274,232.9,324.7,-0.0000,225.7,-446.2,-0.0267,-414.1,280.2,0,0.0,0.0,0.0000,0.00,0.00,0.00,0.00
3.6642,3.6627,1.4,0,11.9,-1793.9,2.6264,110.2,-2227.1,2.6274,229.1,327.7,0.0000,228.6,-444.7,0.0036,-418.0,274.4,0,0.0,0.0,0.0000,0.00,0.00,0.00,0.00
3.6718,3.6706,1.2,0,12.2,-1793.7,2.6324,112.0,-2224.5,2.6274,225.6,330.5,-0.0000,230.4,-443.7,-0.0203,-417.5,275.1,0,0.0,0.0,0.0000,0.00,0.00,0.00,0.00
3.6798,3.6797,0.1,0,12.3,-1793.7,2.6334,114.0,-2221.5,2.6274,221.5,333.2,0.0000,232.6,-442.6,-0.0244,-418.5,273.5,0,0.0,0.0,0.0000,0.00,0.00,0.00,0.00
3.6879,3.6878,0.1,0,12.3,-1793.9,2.6370,115.8,-2218.8,2.6274,217.7,335.8,0.0000,235.2,-441.2,-0.0385,-419.2,272.5,0,0.0,0.0,0.0000,0.00,0.00,0.00,0.00
3.6967,3.6965,0.1,0,12.0,-1794.0,2.6329,117.6,-2215.8,2.6274,214.3,337.6,0.0000,238.6,-439.4,-0.0222,-422.4,267.5,0,0.0,0.0,0.0000,0.00,0.00,0.00,0.00
3.7045,3.7044,0.1,0,11.8,-1793.1,2.6257,119.3,-2213.1,2.6274,211.2,339.3,0.0000,240.6,-438.3,0.0065,-425.5,262.6,0,0.0,0.0,0.0000,0.00,0.00,0.00,0.00
3.7120,3.7044,7.6,0,11.8,-1793.1,2.6257,119.3,-2213.1,2.6274,211.2,339.3,0.0000,242.8,-437.1,0.0065,-426.8,260.4,0,0.0,0.0,0.0000,0.00,0.00,0.00,0.00
3.7206,3.7140,6.5,0,11.9,-1793.8,2.6242,121.3,-2209.9,2.6274,205.7,343.0,0.0000,245.9,-435.4,0.0125,-429.0,256.7,0,0.0,0.0,0.0000,0.00,0.00,0.00,0.00
3.7281,3.7216,6.5,0,12.1,-1793.8,2.6219,122.9,-2207.3,2.6274,201.8,345.5,0.0000,248.1,-434.1,0.0218,-430.9,253.6,0,0.0,0.0,0.0000,0.00,0.00,0.00,0.00
3.7365,3.7301,6.4,0,12.4,-1793.8,2.6335,124.6,-2204.3,2.6274,198.2,347.4,-0.0000,250.5,-432.7,-0.0244,-429.4,256.2,0,0.0,0.0,0.0000,0.00,0.00,0.00,0.00
3.7439,3.7413,2.6,0,12.3,-1793.5,2.6324,126.8,-2200.4,2.6274,193.4,350.2,0.0000,252.7,-431.4,-0.0201,-431.0,253.5,0,0.0,0.0,0.0000,0.00,0.00,0.00,0.00
3.7518,3.7470,4.7,0,12.0,-1793.7,2.6317,127.9,-2198.4,2.6274,191.4,351.4,-0.0000,255.6,-429.7,-0.0172,-432.8,250.3,0,0.0,0.0,0.0000,0.00,0.00,0.00,0.00
3.7597,3.7553,4.4,0,12.1,-1794.0,2.6304,129.4,-2195.5,2.6274,187.7,353.3,0.0000,257.8,-428.4,-0.0123,-434.4,247.6,0,0.0,0.0,0.0000,0.00,0.00,0.00,0.00
3.7684,3.7641,4.3,0,11.8,-1793.4,2.6273,131.1,-2192.4,2.6274,182.6,355.6,-0.0000,260.5,-426.8,0.0001,-436.7,243.5,0,0.0,0.0,0.0000,0.00,0.00,0.00,0.00
3.7764,3.7721,4.2,0,12.0,-1793.6,2.6280,132.5,-2189.5,2.6274,178.6,357.7,0.0000,263.2,-425.1,-0.0028,-438.1,240.9,0,0.0,0.0,0.0000,0.00,0.00,0.00,0.00
3.7839,3.7804,3.5,0,12.1,-1793.8,2.6331,134.0,-2186.5,2.6274,174.7,360.2,-0.0000,265.6,-423.6,-0.0229,-438.2,240.7,0,0.0,0.0,0.0000,0.00,0.00,0.00,0.00
3.7920,3.7887,3.3,0,12.3,-1793.8,2.6341,135.4,-2183.5,2.6274,170.8,362.0,0.0000,267.8,-422.2,-0.0270,-439.2,238.9,0,0.0,0.0,0.0000,0.00,0.00,0.00,0.00
3.8010,3.7993,1.7,0,11.7,-1794.0,2.6291,137.2,-2179.7,2.6274,165.6,363.6,0.0000,271.2,-420.1,-0.0071,-442.3,233.1,0,0.0,0.0,0.0000,0.00,0.00,0.00,0.00
3.8078,3.8064,1.4,0,11.9,-1793.6,2.6281,138.4,-2177.1,2.6274,162.4,365.2,0.0000,272.6,-419.1,-0.0030,-443.4,231.2,0,0.0,0.0,0.0000,0.00,0.00,0.00,0.00
3.8167,3.8144,2.3,0,12.0,-1793.5,2.6299,139.6,-2174.2,2.6274,158.8,366.9,-0.0000,275.1,-417.5,-0.0101,-444.3,229.3,0,0.0,0.0,0.0000,0.00,0.00,0.00,0.00
3.8240,3.8228,1.2,0,11.9,-1793.0,2.6293,141.0,-2171.1,2.6274,154.7,368.9,0.0000,277.2,-416.1,-0.0079,-445.6,226.9,0,0.0,0.0,0.0000,0.00,0.00,0.00,0.00
3.8324,3.8228,9.7,0,11.9,-1793.0,2.6293,141.0,-2171.1,2.6274,154.7,368.9,0.0000,279.8,-414.4,-0.0079,-447.0,224.1,0,0.0,0.0,0.0000,0.00,0.00,0.00,0.00
3.8400,3.8334,6.6,0,12.0,-1794.0,2.6259,142.6,-2167.2,2.6274,149.4,371.5,-0.0000,282.9,-412.3,0.0059,-449.4,219.2,0,0.0,0.0,0.0000,0.00,0.00,0.00,0.00
3.8482,3.8481,0.1,0,11.7,-1793.8,2.6302,144.7,-2161.7,2.6274,141.3,373.7,-0.0000,285.4,-410.5,-0.0113,-449.8,218.3,0,0.0,0.0,0.0000,0.00,0.00,0.00,0.00
3.8568,3.8567,0.1,0,12.6,-1793.5,2.6325,145.9,-2158.4,2.6274,137.5,375.7,0.0000,286.6,-409.7,-0.0206,-450.0,218.0,0,0.0,0.0,0.0000,0.00,0.00,0.00,0.00
3.8643,3.8567,7.6,0,12.6,-1793.5,2.6325,145.9,-2158.4,2.6274,137.5,375.7,0.0000,288.8,-408.1,-0.0206,-451.1,215.6,0,0.0,0.0,0.0000,0.00,0.00,0.00,0.00
3.8717,3.8675,4.2,0,11.8,-1793.6,2.6233,147.4,-2154.4,2.6274,132.5,377.9,-0.0000,292.1,-405.8,0.0164,-454.8,207.8,0,0.0,0.0,0.0000,0.00,0.00,0.00,0.00
3.8806,3.8736,7.0,0,12.1,-1793.7,2.6331,148.2,-2152.1,2.6274,129.4,378.6,0.0000,294.5,-404.1,-0.0231,-453.9,209.6,0,0.0,0.0,0.0000,0.00,0.00,0.00,0.00
3.8888,3.8820,6.9,0,12.1,-1794.3,2.6353,149.2,-2148.9,2.6274,125.2,379.8,0.0000,297.4,-401.9,-0.0316,-455.0,207.3,0,0.0,0.0,0.0000,0.00,0.00,0.00,0.00
3.8962,3.8904,5.8,0,11.9,-1793.7,2.6316,150.3,-2145.7,2.6274,120.0,381.6,-0.0000,299.5,-400.3,-0.0171,-456.8,203.2,0,0.0,0.0,0.0000,0.00,0.00,0.00,0.00
3.9041,3.9004,3.7,0,12.0,-1793.8,2.6246,151.4,-2141.9,2.6274,114.7,383.2,0.0000,302.0,-398.5,0.0111,-459.5,197.1,0,0.0,0.0,0.0000,0.00,0.00,0.00,0.00
3.9128,3.9073,5.5,0,11.8,-1793.7,2.6299,152.2,-2139.2,2.6274,111.9,383.9,-0.0000,304.7,-396.4,-0.0102,-459.8,196.5,0,0.0,0.0,0.0000,0.00,0.00,0.00,0.00
3.9203,3.9159,4.4,0,11.6,-1793.6,2.6222,153.2,-2135.9,2.6274,107.8,385.1,0.0000,306.8,-394.8,0.0205,-462.3,190.5,0,0.0,0.0,0.0000,0.00,0.00,0.00,0.00
3.9287,3.9240,4.7,0,12.0,-1793.9,2.6355,154.0,-2132.8,2.6274,103.7,386.4,0.0000,309.1,-393.0,-0.0325,-460.9,193.9,0,0.0,0.0,0.0000,0.00,0.00,0.00,0.00
3.9368,3.9342,2.6,0,11.9,-1793.6,2.6253,155.0,-2128.9,2.6274,98.3,387.8,-0.0000,311.0,-391.5,0.0082,-463.8,186.9,0,0.0,0.0,0.0000,0.00,0.00,0.00,0.00
3.9438,3.9412,2.6,0,11.9,-1794.3,2.6315,155.7,-2126.2,2.6274,94.2,388.7,0.0000,313.9,-389.2,-0.0164,-464.0,186.4,0,0.0,0.0,0.0000,0.00,0.00,0.00,0.00
3.9519,3.9495,2.4,0,11.9,-1794.0,2.6243,156.5,-2122.9,2.6274,89.8,389.7,0.0000,316.3,-387.3,0.0124,-466.4,180.2,0,0.0,0.0,0.0000,0.00,0.00,0.00,0.00
3.9600,3.9495,10.5,0,11.9,-1794.0,2.6243,156.5,-2122.9,2.6274,89.8,389.7,0.0000,318.7,-385.3,0.0124,-467.5,177.3,0,0.0,0.0,0.0000,0.00,0.00,0.00,0.00
3.9683,3.9657,2.6,0,12.0,-1793.8,2.6275,157.9,-2116.6,2.6274,81.5,391.5,0.0000,320.7,-383.6,-0.0008,-467.9,176.3,0,0.0,0.0,0.0000,0.00,0.00,0.00,0.00
3.9761,3.9748,1.2,0,12.4,-1793.9,2.6363,158.6,-2113.0,2.6274,76.7,392.6,-0.0000,322.5,-382.1,-0.0359,-467.2,178.2,0,0.0,0.0,0.0000,0.00,0.00,0.00,0.00
3.9844,3.9832,1.2,0,11.6,-1793.7,2.6286,159.2,-2109.7,2.6274,72.6,393.4,0.0000,325.5,-379.5,-0.0050,-469.9,170.9,0,0.0,0.0,0.0000,0.00,0.00,0.00,0.00
3.9928,3.9916,1.2,0,11.9,-1793.7,2.6322,159.8,-2106.4,2.6274,68.8,394.2,-0.0000,327.7,-377.6,-0.0195,-470.3,169.9,0,0.0,0.0,0.0000,0.00,0.00,0.00,0.00
4.0001,3.9916,8.5,0,11.9,-1793.7,2.6322,159.8,-2106.4,2.6274,68.8,394.2,-0.0000,329.9,-375.7,-0.0195,-471.3,167.1,0,0.0,0.0,0.0000,0.00,0.00,0.00,0.00
4.0088,4.0087,0.1,0,12.0,-1793.2,2.6233,160.9,-2099.6,2.6274,58.8,396.0,0.0000,331.8,-374.0,0.0164,-473.6,160.5,0,0.0,0.0,0.0000,0.00,0.00,0.00,0.00
4.0167,4.0087,8.0,0,12.0,-1793.2,2.6233,160.9,-2099.6,2.6274,58.8,396.0,0.0000,334.1,-372.0,0.0164,-474.5,157.6,0,0.0,0.0,0.0000,0.00,0.00,0.00,0.00
4.0237,4.0172,6.5,0,12.0,-1793.9,2.6279,161.4,-2096.3,2.6274,54.4,396.0,0.0000,336.8,-369.5,-0.0021,-474.9,156.3,0,0.0,0.0,0.0000,0.00,0.00,0.00,0.00
4.0320,4.0254,6.6,0,11.8,-1794.2,2.6192,161.8,-2093.0,2.6274,50.1,396.2,-0.0000,339.7,-366.9,0.0326,-477.5,148.4,0,0.0,0.0,0.0000,0.00,0.00,0.00,0.00
4.0398,4.0343,5.5,0,12.3,-1793.3,2.6271,162.2,-2089.5,2.6274,45.5,397.6,0.0000,340.3,-366.3,0.0011,-476.5,151.5,0,0.0,0.0,0.0000,0.00,0.00,0.00,0.00
4.0481,4.0427,5.4,0,12.2,-1794.2,2.6375,162.6,-2086.2,2.6274,41.2,398.4,0.0000,343.7,-363.1,-0.0408,-476.3,152.0,0,0.0,0.0,0.0000,0.00,0.00,0.00,0.00
4.0568,4.0506,6.2,0,12.4,-1793.6,2.6349,162.9,-2083.0,2.6274,37.1,398.3,-0.0000,345.5,-361.4,-0.0301,-477.5,148.4,0,0.0,0.0,0.0000,0.00,0.00,0.00,0.00
4.0639,4.0596,4.4,0,11.9,-1793.5,2.6299,163.2,-2079.4,2.6274,32.3,398.6,0.0000,348.3,-358.8,-0.0103,-479.3,142.3,0,0.0,0.0,0.0000,0.00,0.00,0.00,0.00
4.0722,4.0678,4.4,0,12.1,-1793.7,2.6278,163.5,-2076.1,2.6274,27.4,399.1,0.0000,350.6,-356.5,-0.0019,-480.5,138.1,0,0.0,0.0,0.0000,0.00,0.00,0.00,0.00
4.0806,4.0762,4.4,0,11.9,-1793.4,2.6284,163.7,-2072.8,2.6274,23.0,399.3,-0.0000,352.7,-354.4,-0.0040,-481.3,135.6,0,0.0,0.0,0.0000,0.00,0.00,0.00,0.00
4.0882,4.0845,3.7,0,12.3,-1793.9,2.6356,163.9,-2069.5,2.6274,19.3,399.2,-0.0000,355.0,-352.1,-0.0332,-481.2,136.0,0,0.0,0.0,0.0000,0.00,0.00,0.00,0.00
4.0961,4.0934,2.8,0,11.9,-1793.5,2.6342,164.0,-2065.9,2.6274,14.6,399.5,0.0000,357.0,-350.1,-0.0272,-482.1,132.5,0,0.0,0.0,0.0000,0.00,0.00,0.00,0.00
4.1040,4.1017,2.3,0,11.7,-1793.8,2.6297,164.1,-2062.6,2.6274,9.8,400.1,0.0000,359.7,-347.3,-0.0093,-483.7,126.5,0,0.0,0.0,0.0000,0.00,0.00,0.00,0.00
4.1127,4.1100,2.7,0,12.2,-1793.8,2.6379,164.2,-2059.3,2.6274,5.2,400.1,0.0000,361.5,-345.4,-0.0421,-483.3,128.0,0,0.0,0.0,0.0000,0.00,0.00,0.00,0.00
4.1203,4.1188,1.4,0,11.8,-1793.7,2.6283,164.2,-2055.8,2.6274,0.5,399.9,-0.0000,364.1,-342.6,-0.0037,-485.5,119.7,0,0.0,0.0,0.0000,0.00,0.00,0.00,0.00
4.1280,4.1279,0.1,0,11.7,-1794.0,2.6304,164.2,-2052.1,2.6274,-4.5,399.9,-0.0000,367.4,-339.2,-0.0120,-486.3,116.0,0,0.0,0.0,0.0000,0.00,0.00,0.00,0.00
4.1357,4.1356,0.1,0,11.9,-1794.0,2.6308,164.1,-2049.1,2.6274,-8.8,399.8,0.0000,369.3,-337.1,-0.0139,-486.9,113.6,0,0.0,0.0,0.0000,0.00,0.00,0.00,0.00
4.1438,4.1437,0.1,0,11.7,-1793.7,2.6228,164.0,-2045.8,2.6274,-12.6,399.9,0.0000,371.0,-335.2,0.0183,-488.4,107.1,0,0.0,0.0,0.0000,0.00,0.00,0.00,0.00
4.1523,4.1437,8.6,0,11.7,-1793.7,2.6228,164.0,-2045.8,2.6274,-12.6,399.9,0.0000,373.3,-332.6,0.0183,-489.1,103.7,0,0.0,0.0,0.0000,0.00,0.00,0.00,0.00
4.1605,4.1531,7.4,0,11.5,-1793.8,2.6233,163.9,-2042.1,2.6274,-17.2,400.0,0.0000,375.8,-329.8,0.0163,-489.8,100.2,0,0.0,0.0,0.0000,0.00,0.00,0.00,0.00
4.1679,4.1605,7.4,0,12.2,-1793.7,2.6360,163.8,-2039.1,2.6274,-21.2,399.4,0.0000,377.0,-328.5,-0.0348,-488.9,104.8,0,0.0,0.0,0.0000,0.00,0.00,0.00,0.00
4.1765,4.1691,7.4,0,11.9,-1794.1,2.6289,163.6,-2035.7,2.6274,-25.6,398.8,0.0000,379.7,-323.2,-0.0061,-489.4,95.4,0,0.0,0.0,0.0000,0.00,0.00,0.00,0.00
4.1845,4.1777,6.8,0,12.1,-1793.6,2.6322,163.3,-2032.2,2.6274,-31.0,398.8,-0.0000,373.9,-315.6,-0.0195,-480.4,93.2,0,0.0,0.0,0.0000,0.00,0.00,0.00,0.00
4.1924,4.1861,6.3,0,11.8,-1793.7,2.6248,163.0,-2028.9,2.6274,-36.0,398.6,-0.0000,370.0,-305.8,0.0104,-472.8,83.0,0,0.0,0.0,0.0000,0.00,0.00,0.00,0.00
4.2007,4.1942,6.4,0,11.7,-1793.7,2.6347,162.7,-2025.7,2.6274,-40.2,398.0,0.0000,364.6,-297.4,-0.0295,-463.1,83.0,0,0.0,0.0,0.0000,0.00,0.00,0.00,0.00
4.2082,4.2028,5.4,0,11.9,-1793.7,2.6306,162.4,-2022.2,2.6274,-44.6,397.5,-0.0000,358.6,-290.2,-0.0130,-454.7,77.8,0,0.0,0.0,0.0000,0.00,0.00,0.00,0.00
4.2163,4.2113,4.9,0,11.7,-1793.5,2.6227,162.0,-2018.8,2.6274,-47.7,396.9,0.0000,354.0,-282.1,0.0184,-447.3,69.4,0,0.0,0.0,0.0000,0.00,0.00,0.00,0.00
4.2248,4.2201,4.7,0,12.2,-1794.2,2.6331,161.5,-2015.4,2.6274,-52.2,396.3,0.0000,346.6,-270.8,-0.0232,-434.6,67.8,0,0.0,0.0,0.0000,0.00,0.00,0.00,0.00
4.2317,4.2284,3.3,0,12.2,-1793.8,2.6382,161.1,-2012.1,2.6274,-58.0,396.0,0.0000,342.0,-264.7,-0.0435,-427.3,66.9,0,0.0,0.0,0.0000,0.00,0.00,0.00,0.00
4.2403,4.2366,3.7,0,12.0,-1794.1,2.6269,160.6,-2008.8,2.6274,-62.6,395.3,0.0000,337.2,-254.7,0.0017,-418.9,55.7,0,0.0,0.0,0.0000,0.00,0.00,0.00,0.00
4.2481,4.2452,2.8,0,12.1,-1793.4,2.6303,160.0,-2005.4,2.6274,-66.8,394.1,0.0000,331.5,-248.8,-0.0117,-410.8,54.7,0,0.0,0.0,0.0000,0.00,0.00,0.00,0.00
4.2558,4.2534,2.4,0,12.0,-1793.2,2.6332,159.5,-2002.2,2.6274,-70.9,393.4,-0.0000,325.7,-241.4,-0.0233,-402.0,52.3,0,0.0,0.0,0.0000,0.00,0.00,0.00,0.00
4.2646,4.2621,2.5,0,11.9,-1793.7,2.6245,158.8,-1998.8,2.6274,-75.1,392.7,-0.0000,319.4,-230.8,0.0115,-391.8,42.7,0,0.0,0.0,0.0000,0.00,0.00,0.00,0.00
4.2720,4.2706,1.4,0,12.0,-1793.5,2.6200,158.2,-1995.5,2.6274,-79.5,392.2,-0.0000,313.9,-224.0,0.0292,-383.7,37.8,0,0.0,0.0,0.0000,0.00,0.00,0.00,0.00
4.2806,4.2792,1.4,0,11.7,-1793.6,2.6258,157.5,-1992.1,2.6274,-84.1,392.0,-0.0000,308.4,-215.0,0.0061,-374.3,35.0,0,0.0,0.0,0.0000,0.00,0.00,0.00,0.00
4.2888,4.2876,1.2,0,12.1,-1793.8,2.6305,156.7,-1988.8,2.6274,-88.7,390.3,-0.0000,300.8,-206.8,-0.0128,-363.5,33.3,0,0.0,0.0,0.0000,0.00,0.00,0.00,0.00
4.2961,4.2960,0.1,0,12.2,-1793.9,2.6316,156.0,-1985.5,2.6274,-93.4,388.6,-0.0000,294.8,-199.2,-0.0171,-354.5,30.0,0,0.0,0.0,0.0000,0.00,0.00,0.00,0.00
4.3036,4.2960,7.7,0,12.2,-1793.9,2.6316,156.0,-1985.5,2.6274,-93.4,388.6,-0.0000,289.2,-191.0,-0.0171,-345.6,25.5,0,0.0,0.0,0.0000,0.00,0.00,0.00,0.00
4.3130,4.3129,0.1,0,12.0,-1793.9,2.6296,154.3,-1979.0,2.6274,-102.1,386.8,-0.0000,282.0,-182.0,-0.0089,-335.1,20.5,0,0.0,0.0,0.0000,0.00,0.00,0.00,0.00
4.3207,4.3129,7.9,0,12.0,-1793.9,2.6296,154.3,-1979.0,2.6274,-102.1,386.8,-0.0000,275.2,-175.1,-0.0089,-325.7,17.9,0,0.0,0.0,0.0000,0.00,0.00,0.00,0.00
4.3277,4.3214,6.3,0,12.2,-1793.2,2.6325,153.4,-1975.7,2.6274,-106.0,385.7,0.0000,269.1,-170.6,-0.0206,-318.2,17.8,0,0.0,0.0,0.0000,0.00,0.00,0.00,0.00
4.3366,4.3302,6.4,0,12.2,-1793.8,2.6314,152.5,-1972.3,2.6274,-110.3,384.5,-0.0000,262.1,-160.1,-0.0160,-307.0,11.7,0,0.0,0.0,0.0000,0.00,0.00,0.00,0.00
4.3445,4.3381,6.4,0,11.8,-1793.6,2.6337,151.6,-1969.3,2.6274,-114.7,383.3,0.0000,256.8,-153.1,-0.0252,-298.8,8.8,0,0.0,0.0,0.0000,0.00,0.00,0.00,0.00
4.3521,4.3468,5.3,0,11.9,-1794.2,2.6255,150.6,-1965.9,2.6274,-119.3,382.0,0.0000,249.9,-144.5,0.0076,-288.7,2.3,0,0.0,0.0,0.0000,0.00,0.00,0.00,0.00
4.3603,4.3557,4.6,0,12.2,-1793.6,2.6317,149.5,-1962.6,2.6274,-123.5,380.5,0.0000,242.2,-138.7,-0.0172,-279.1,2.9,0,0.0,0.0,0.0000,0.00,0.00,0.00,0.00
4.3683,4.3637,4.6,0,12.3,-1794.0,2.6363,148.5,-1959.5,2.6274,-127.6,379.1,-0.0000,235.0,-130.0,-0.0360,-268.5,0.1,0,0.0,0.0,0.0000,0.00,0.00,0.00,0.00
4.3762,4.3721,4.2,0,12.0,-1793.1,2.6304,147.4,-1956.3,2.6274,-132.1,377.1,0.0000,228.8,-125.8,-0.0120,-261.1,-2.2,0,0.0,0.0,0.0000,0.00,0.00,0.00,0.00
4.3839,4.3805,3.4,0,11.9,-1793.5,2.6231,146.3,-1953.2,2.6274,-136.3,375.7,-0.0000,221.8,-117.8,0.0169,-251.0,-7.6,0,0.0,0.0,0.0000,0.00,0.00,0.00,0.00
4.3924,4.3887,3.7,0,11.9,-1793.7,2.6279,145.1,-1950.1,2.6274,-140.0,375.1,0.0000,214.4,-109.7,-0.0020,-240.6,-9.8,0,0.0,0.0,0.0000,0.00,0.00,0.00,0.00
4.4003,4.3977,2.6,0,12.0,-1793.8,2.6290,143.9,-1946.7,2.6274,-144.6,373.2,0.0000,207.2,-102.6,-0.0066,-230.8,-12.2,0,0.0,0.0,0.0000,0.00,0.00,0.00,0.00
4.4082,4.4059,2.4,0,12.2,-1794.3,2.6285,142.7,-1943.7,2.6274,-149.3,371.0,0.0000,199.7,-94.1,-0.0047,-220.2,-16.0,0,0.0,0.0,0.0000,0.00,0.00,0.00,0.00
4.4168,4.4144,2.4,0,11.9,-1793.8,2.6326,141.4,-1940.5,2.6274,-153.3,369.3,-0.0000,193.1,-87.3,-0.0210,-211.1,-17.8,0,0.0,0.0,0.0000,0.00,0.00,0.00,0.00
4.4245,4.4231,1.4,0,12.0,-1793.9,2.6331,140.0,-1937.3,2.6274,-157.2,367.9,-0.0000,185.4,-81.0,-0.0230,-201.4,-19.5,0,0.0,0.0,0.0000,0.00,0.00,0.00,0.00
4.4327,4.4314,1.2,0,12.2,-1793.3,2.6337,138.7,-1934.3,2.6274,-161.3,366.0,0.0000,176.0,-76.8,-0.0254,-191.1,-18.5,0,0.0,0.0,0.0000,0.00,0.00,0.00,0.00
4.4405,4.4393,1.2,0,12.2,-1793.7,2.6298,137.4,-1931.4,2.6274,-165.1,364.2,0.0000,168.4,-69.1,-0.0096,-180.7,-22.3,0,0.0,0.0,0.0000,0.00,0.00,0.00,0.00
4.4481,4.4480,0.1,0,11.8,-1793.4,2.6263,135.9,-1928.2,2.6274,-169.3,362.3,0.0000,162.7,-64.1,0.0042,-173.2,-24.4,0,0.0,0.0,0.0000,0.00,0.00,0.00,0.00
4.4567,4.4566,0.2,0,11.6,-1793.4,2.6210,134.5,-1925.1,2.6274,-173.4,360.5,-0.0000,155.1,-57.1,0.0253,-163.0,-27.6,0,0.0,0.0,0.0000,0.00,0.00,0.00,0.00
4.4645,4.4566,7.9,0,11.6,-1793.4,2.6210,134.5,-1925.1,2.6274,-173.4,360.5,-0.0000,148.1,-50.7,0.0253,-153.6,-29.7,0,0.0,0.0,0.0000,0.00,0.00,0.00,0.00
4.4719,4.4653,6.6,0,11.8,-1794.1,2.6245,132.9,-1922.0,2.6274,-177.9,358.2,0.0000,140.2,-42.6,0.0113,-143.0,-32.3,0,0.0,0.0,0.0000,0.00,0.00,0.00,0.00
4.4808,4.4732,7.6,0,12.0,-1793.4,2.6264,131.5,-1919.2,2.6274,-181.9,356.2,0.0000,130.5,-37.6,0.0040,-132.1,-31.6,0,0.0,0.0,0.0000,0.00,0.00,0.00,0.00
4.4888,4.4818,7.0,0,12.0,-1793.9,2.6268,129.9,-1916.1,2.6274,-185.7,354.1,0.0000,122.3,-30.2,0.0022,-121.3,-34.0,0,0.0,0.0,0.0000,0.00,0.00,0.00,0.00
4.4958,4.4903,5.5,0,12.2,-1793.9,2.6252,128.3,-1913.1,2.6274,-189.4,352.1,0.0000,114.4,-25.0,0.0087,-111.8,-34.7,0,0.0,0.0,0.0000,0.00,0.00,0.00,0.00
4.5040,4.4989,5.2,0,12.1,-1793.6,2.6298,126.7,-1910.1,2.6274,-192.8,350.7,0.0000,106.3,-20.0,-0.0099,-102.5,-34.6,0,0.0,0.0,0.0000,0.00,0.00,0.00,0.00
4.5125,4.5078,4.7,0,12.1,-1793.3,2.6254,125.0,-1907.0,2.6274,-197.1,348.4,-0.0000,98.2,-14.7,0.0078,-92.6,-35.7,0,0.0,0.0,0.0000,0.00,0.00,0.00,0.00
4.5202,4.5158,4.4,0,12.1,-1792.9,2.6339,123.4,-1904.2,2.6274,-201.9,345.5,0.0000,90.3,-10.1,-0.0261,-83.8,-35.0,0,0.0,0.0,0.0000,0.00,0.00,0.00,0.00
4.5286,4.5241,4.6,0,12.0,-1793.9,2.6298,121.7,-1901.4,2.6274,-206.0,342.9,0.0000,81.6,-0.6,-0.0100,-71.4,-39.4,0,0.0,0.0,0.0000,0.00,0.00,0.00,0.00
4.5367,4.5329,3.8,0,12.2,-1793.6,2.6293,119.9,-1898.4,2.6274,-209.6,340.3,0.0000,72.5,3.7,-0.0078,-61.4,-38.8,0,0.0,0.0,0.0000,0.00,0.00,0.00,0.00
4.5447,4.5412,3.5,0,11.7,-1793.5,2.6273,118.1,-1895.5,2.6274,-213.1,338.1,-0.0000,65.0,8.3,0.0003,-52.5,-39.2,0,0.0,0.0,0.0000,0.00,0.00,0.00,0.00
4.5519,4.5493,2.7,0,12.4,-1793.7,2.6379,116.4,-1892.8,2.6274,-216.3,336.1,0.0000,55.6,13.6,-0.0424,-42.1,-38.7,0,0.0,0.0,0.0000,0.00,0.00,0.00,0.00
4.5605,4.5590,1.5,0,12.1,-1794.0,2.6329,114.2,-1889.5,2.6274,-220.8,333.5,0.0000,47.8,20.4,-0.0223,-31.8,-41.1,0,0.0,0.0,0.0000,0.00,0.00,0.00,0.00
4.5685,4.5684,0.1,0,12.1,-1793.2,2.6335,112.1,-1886.4,2.6274,-225.3,331.0,0.0000,39.4,23.4,-0.0246,-23.0,-39.6,0,0.0,0.0,0.0000,0.00,0.00,0.00,0.00
4.5759,4.5747,1.2,0,12.1,-1793.6,2.6274,110.7,-1884.4,2.6274,-228.1,328.9,-0.0000,31.0,29.1,-0.0002,-12.7,-40.6,0,0.0,0.0,0.0000,0.00,0.00,0.00,0.00
4.5848,4.5833,1.5,0,11.7,-1793.4,2.6266,108.7,-1881.5,2.6274,-232.1,326.0,-0.0000,22.5,34.5,0.0029,-2.6,-41.1,0,0.0,0.0,0.0000,0.00,0.00,0.00,0.00
4.5918,4.5917,0.1,0,11.9,-1793.9,2.6324,106.8,-1878.8,2.6274,-235.4,323.4,-0.0000,14.1,40.8,-0.0204,7.5,-42.5,0,0.0,0.0,0.0000,0.00,0.00,0.00,0.00
4.6003,4.5917,8.6,0,11.9,-1793.9,2.6324,106.8,-1878.8,2.6274,-235.4,323.4,-0.0000,4.5,45.7,-0.0204,18.3,-42.1,0,0.0,0.0,0.0000,0.00,0.00,0.00,0.00
4.6087,4.6086,0.1,0,12.3,-1793.5,2.6368,102.7,-1873.4,2.6274,-242.4,318.3,-0.0000,-6.6,48.4,-0.0378,29.2,-39.2,0,0.0,0.0,0.0000,0.00,0.00,0.00,0.00
4.6171,4.6170,0.2,0,11.9,-1793.6,2.6302,100.7,-1870.7,2.6274,-246.1,315.9,-0.0000,-14.3,53.8,-0.0113,38.8,-40.0,0,0.0,0.0,0.0000,0.00,0.00,0.00,0.00
4.6239,4.6170,6.9,0,11.9,-1793.6,2.6302,100.7,-1870.7,2.6274,-246.1,315.9,-0.0000,-21.4,58.1,-0.0113,47.1,-40.2,0,0.0,0.0,0.0000,0.00,0.00,0.00,0.00
4.6324,4.6254,7.0,0,11.7,-1793.6,2.6263,98.6,-1868.1,2.6274,-249.9,312.5,-0.0000,-30.3,62.7,0.0042,57.2,-39.6,0,0.0,0.0,0.0000,0.00,0.00,0.00,0.00
4.6406,4.6368,3.8,0,11.9,-1793.5,2.6256,95.7,-1864.5,2.6274,-254.6,308.3,0.0000,-39.8,66.8,0.0069,67.6,-38.4,0,0.0,0.0,0.0000,0.00,0.00,0.00,0.00
4.6485,4.6430,5.5,0,12.2,-1793.6,2.6330,94.1,-1862.6,2.6274,-256.6,306.4,-0.0000,-50.0,71.4,-0.0227,78.4,-38.0,0,0.0,0.0,0.0000,0.00,0.00,0.00,0.00
4.6564,4.6509,5.5,0,11.9,-1794.4,2.6257,92.1,-1860.2,2.6274,-259.6,303.8,0.0000,-58.7,77.4,0.0068,89.3,-38.4,0,0.0,0.0,0.0000,0.00,0.00,0.00,0.00
4.6643,4.6628,1.4,0,11.9,-1793.8,2.6282,89.0,-1856.6,2.6274,-264.8,299.5,0.0000,-67.8,79.8,-0.0032,98.2,-36.2,0,0.0,0.0,0.0000,0.00,0.00,0.00,0.00
4.6725,4.6702,2.3,0,12.1,-1793.4,2.6321,87.0,-1854.4,2.6274,-267.8,297.2,-0.0000,-77.9,82.9,-0.0190,108.5,-34.4,0,0.0,0.0,0.0000,0.00,0.00,0.00,0.00
4.6808,4.6762,4.6,0,11.8,-1793.7,2.6265,85.4,-1852.7,2.6274,-270.1,295.7,0.0000,-86.6,88.0,0.0033,118.7,-33.9,0,0.0,0.0,0.0000,0.00,0.00,0.00,0.00
4.6886,4.6831,5.5,0,12.0,-1793.7,2.6302,83.5,-1850.6,2.6274,-273.0,293.1,0.0000,-96.4,91.8,-0.0113,129.0,-32.9,0,0.0,0.0,0.0000,0.00,0.00,0.00,0.00
4.6961,4.6915,4.6,0,12.0,-1793.6,2.6251,81.2,-1848.2,2.6274,-276.8,289.0,-0.0000,-104.9,95.0,0.0092,138.1,-30.7,0,0.0,0.0,0.0000,0.00,0.00,0.00,0.00
4.7045,4.7003,4.2,0,12.1,-1793.9,2.6376,78.7,-1845.6,2.6274,-280.1,285.5,-0.0000,-114.3,99.4,-0.0410,148.1,-31.9,0,0.0,0.0,0.0000,0.00,0.00,0.00,0.00
4.7117,4.7085,3.3,0,12.1,-1793.8,2.6346,76.5,-1843.3,2.6274,-282.6,283.0,0.0000,-122.9,102.2,-0.0289,157.1,-29.7,0,0.0,0.0,0.0000,0.00,0.00,0.00,0.00
4.7197,4.7169,2.8,0,12.2,-1793.6,2.6387,74.1,-1841.0,2.6274,-285.5,279.8,0.0000,-133.5,104.3,-0.0453,167.3,-27.0,0,0.0,0.0,0.0000,0.00,0.00,0.00,0.00
4.7289,4.7253,3.5,0,12.1,-1793.9,2.6290,71.7,-1838.6,2.6274,-288.3,276.6,0.0000,-144.3,109.2,-0.0065,179.3,-24.4,0,0.0,0.0,0.0000,0.00,0.00,0.00,0.00
4.7364,4.7253,11.1,0,12.1,-1793.9,2.6290,71.7,-1838.6,2.6274,-288.3,276.6,0.0000,-153.2,112.5,-0.0065,188.7,-22.9,0,0.0,0.0,0.0000,0.00,0.00,0.00,0.00
4.7441,4.7422,1.9,0,12.3,-1792.9,2.6339,66.7,-1834.0,2.6274,-295.3,269.8,-0.0000,-162.9,112.6,-0.0261,197.1,-19.2,0,0.0,0.0,0.0000,0.00,0.00,0.00,0.00
4.7517,4.7422,9.4,0,12.3,-1792.9,2.6339,66.7,-1834.0,2.6274,-295.3,269.8,-0.0000,-171.6,115.5,-0.0261,206.1,-17.5,0,0.0,0.0,0.0000,0.00,0.00,0.00,0.00
4.7603,4.7507,9.5,0,12.0,-1793.9,2.6326,64.2,-1831.7,2.6274,-298.3,266.5,0.0000,-181.2,121.4,-0.0209,217.4,-17.7,0,0.0,0.0,0.0000,0.00,0.00,0.00,0.00
4.7686,4.7591,9.4,0,12.1,-1793.2,2.6234,61.7,-1829.5,2.6274,-301.2,263.3,-0.0000,-191.5,121.9,0.0159,226.7,-11.0,0,0.0,0.0,0.0000,0.00,0.00,0.00,0.00
4.7763,4.7675,8.8,0,11.8,-1793.6,2.6267,59.1,-1827.3,2.6274,-304.2,260.1,-0.0000,-200.0,125.6,0.0026,235.9,-10.9,0,0.0,0.0,0.0000,0.00,0.00,0.00,0.00
4.7840,4.7760,7.9,0,11.8,-1793.7,2.6302,56.5,-1825.1,2.6274,-307.3,256.9,0.0000,-209.5,128.3,-0.0116,245.5,-9.3,0,0.0,0.0,0.0000,0.00,0.00,0.00,0.00
4.7926,4.7845,8.1,0,11.9,-1793.7,2.6265,53.9,-1822.9,2.6274,-309.5,253.2,-0.0000,-220.4,130.8,0.0032,256.2,-5.3,0,0.0,0.0,0.0000,0.00,0.00,0.00,0.00
4.7998,4.7929,6.9,0,11.6,-1793.4,2.6242,51.3,-1820.8,2.6274,-311.8,249.7,0.0000,-228.5,132.3,0.0128,264.0,-2.0,0,0.0,0.0,0.0000,0.00,0.00,0.00,0.00
4.8087,4.8018,6.9,0,11.7,-1793.7,2.6202,48.5,-1818.6,2.6274,-315.6,245.5,-0.0000,-239.2,136.0,0.0288,275.2,1.3,0,0.0,0.0,0.0000,0.00,0.00,0.00,0.00
4.8161,4.8098,6.2,0,12.0,-1793.9,2.6294,46.0,-1816.7,2.6274,-318.7,241.9,-0.0000,-249.8,137.5,-0.0081,285.1,2.6,0,0.0,0.0,0.0000,0.00,0.00,0.00,0.00
4.8246,4.8183,6.3,0,11.7,-1793.5,2.6271,43.3,-1814.6,2.6274,-321.3,238.7,0.0000,-257.8,141.3,0.0009,294.0,3.9,0,0.0,0.0,0.0000,0.00,0.00,0.00,0.00
4.8322,4.8267,5.5,0,11.8,-1793.6,2.6271,40.6,-1812.6,2.6274,-323.9,235.3,-0.0000,-266.1,146.0,0.0010,303.5,3.8,0,0.0,0.0,0.0000,0.00,0.00,0.00,0.00
4.8403,4.8353,5.0,0,12.1,-1793.3,2.6300,37.7,-1810.6,2.6274,-326.2,231.6,-0.0000,-273.1,153.5,-0.0105,313.3,-0.2,0,0.0,0.0,0.0000,0.00,0.00,0.00,0.00
4.8477,4.8437,4.1,0,11.8,-1793.7,2.6262,35.0,-1808.7,2.6274,-328.6,228.0,0.0000,-276.5,164.3,0.0046,321.6,-6.7,0,0.0,0.0,0.0000,0.00,0.00,0.00,0.00
4.8561,4.8521,4.0,0,12.3,-1793.7,2.6276,32.2,-1806.8,2.6274,-331.2,224.0,0.0000,-284.0,173.4,-0.0011,332.5,-11.3,0,0.0,0.0,0.0000,0.00,0.00,0.00,0.00
4.8644,4.8605,3.9,0,12.0,-1793.6,2.6185,29.4,-1804.9,2.6274,-333.8,220.2,-0.0000,-289.9,181.8,0.0355,342.0,-12.6,0,0.0,0.0,0.0000,0.00,0.00,0.00,0.00
4.8721,4.8692,3.0,0,12.0,-1793.5,2.6221,26.5,-1803.0,2.6274,-336.5,216.2,-0.0000,-295.6,190.0,0.0208,350.9,-18.2,0,0.0,0.0,0.0000,0.00,0.00,0.00,0.00
4.8802,4.8774,2.8,0,11.9,-1794.0,2.6270,23.7,-1801.3,2.6274,-338.9,212.6,-0.0000,-301.5,200.7,0.0016,361.3,-26.3,0,0.0,0.0,0.0000,0.00,0.00,0.00,0.00
4.8885,4.8859,2.6,0,12.3,-1793.3,2.6327,20.9,-1799.5,2.6274,-341.3,209.1,0.0000,-308.5,207.6,-0.0215,370.6,-31.0,0,0.0,0.0,0.0000,0.00,0.00,0.00,0.00
4.8959,4.8943,1.6,0,12.3,-1793.7,2.6377,18.0,-1797.7,2.6274,-343.4,205.4,-0.0000,-313.0,217.2,-0.0414,379.0,-39.1,0,0.0,0.0,0.0000,0.00,0.00,0.00,0.00
4.9039,4.8943,9.6,0,12.3,-1793.7,2.6377,18.0,-1797.7,2.6274,-343.4,205.4,-0.0000,-318.7,225.5,-0.0414,387.9,-43.6,0,0.0,0.0,0.0000,0.00,0.00,0.00,0.00
4.9126,4.9029,9.7,0,12.0,-1794.1,2.6208,15.0,-1796.0,2.6274,-346.1,200.6,-0.0000,-324.0,235.1,0.0263,398.0,-42.7,0,0.0,0.0,0.0000,0.00,0.00,0.00,0.00
4.9200,4.9112,8.7,0,11.9,-1793.6,2.6270,12.1,-1794.3,2.6274,-346.1,200.6,0.0000,-329.4,240.9,0.0015,405.3,-47.6,0,0.0,0.0,0.0000,0.00,0.00,0.00,0.00
4.9279,4.9197,8.2,0,12.4,-1793.5,2.6394,9.2,-1792.6,2.6274,-346.8,199.5,0.0000,-337.5,248.4,-0.0483,415.4,-55.3,0,0.0,0.0,0.0000,0.00,0.00,0.00,0.00
4.9366,4.9281,8.4,0,12.1,-1793.4,2.6284,6.3,-1790.9,2.6274,-343.6,204.3,0.0000,-342.5,257.4,-0.0040,424.8,-56.0,0,0.0,0.0,0.0000,0.00,0.00,0.00,0.00
4.9449,4.9367,8.1,0,12.0,-1793.3,2.6342,3.4,-1789.2,2.6274,-340.9,208.3,0.0000,-347.7,266.3,-0.0273,433.3,-63.8,0,0.0,0.0,0.0000,0.00,0.00,0.00,0.00
4.9524,4.9450,7.3,0,12.0,-1793.5,2.6267,0.5,-1787.4,2.6274,-339.2,211.5,0.0000,-352.3,275.0,0.0024,442.1,-65.9,0,0.0,0.0,0.0000,0.00,0.00,0.00,0.00
4.9605,4.9534,7.0,0,12.0,-1793.9,2.6336,-2.3,-1785.6,2.6274,-337.3,214.9,0.0000,-357.5,285.0,-0.0248,451.0,-75.0,0,0.0,0.0,0.0000,0.00,0.00,0.00,0.00
4.9683,4.9619,6.3,0,12.0,-1794.0,2.6249,-5.2,-1783.8,2.6274,-335.0,219.1,-0.0000,-362.6,293.3,0.0098,460.2,-75.9,0,0.0,0.0,0.0000,0.00,0.00,0.00,0.00
4.9760,4.9705,5.6,0,12.2,-1793.7,2.6324,-8.0,-1781.9,2.6274,-332.6,223.2,0.0000,-369.0,300.3,-0.0200,468.6,-82.3,0,0.0,0.0,0.0000,0.00,0.00,0.00,0.00
4.9837,4.9788,4.9,0,12.0,-1793.5,2.6301,-10.8,-1780.0,2.6274,-329.3,227.3,0.0000,-373.5,308.0,-0.0110,476.5,-85.8,0,0.0,0.0,0.0000,0.00,0.00,0.00,0.00
4.9925,4.9874,5.1,0,11.9,-1793.1,2.6277,-13.6,-1778.1,2.6274,-326.4,231.1,-0.0000,-379.5,316.5,-0.0016,486.1,-89.1,0,0.0,0.0,0.0000,0.00,0.00,0.00,0.00
5.0007,4.9957,5.0,0,11.9,-1793.6,2.6298,-16.3,-1776.1,2.6274,-323.7,234.3,-0.0000,-380.4,324.5,-0.0097,490.6,-96.6,0,0.0,0.0,0.0000,0.00,0.00,0.00,0.00
5.0082,5.0041,4.0,0,12.5,-1793.4,2.6369,-19.0,-1774.1,2.6274,-321.3,237.7,-0.0000,-378.7,326.5,-0.0383,489.4,-102.6,0,0.0,0.0,0.0000,0.00,0.00,0.00,0.00
5.0165,5.0126,3.9,0,12.0,-1793.2,2.6280,-21.7,-1772.1,2.6274,-319.4,240.7,-0.0000,-375.9,329.7,-0.0028,489.4,-102.5,0,0.0,0.0,0.0000,0.00,0.00,0.00,0.00
5.0242,5.0211,3.0,0,11.8,-1793.4,2.6260,-24.4,-1770.0,2.6274,-316.6,244.5,-0.0000,-373.5,332.4,0.0053,488.8,-105.1,0,0.0,0.0,0.0000,0.00,0.00,0.00,0.00
5.0324,5.0295,2.9,0,11.8,-1793.6,2.6193,-27.1,-1768.0,2.6274,-313.5,248.7,0.0000,-371.1,335.1,0.0324,488.8,-105.3,0,0.0,0.0,0.0000,0.00,0.00,0.00,0.00
5.0405,5.0379,2.6,0,12.3,-1793.7,2.6342,-29.7,-1765.9,2.6274,-310.4,252.4,0.0000,-369.5,336.8,-0.0274,486.6,-114.8,0,0.0,0.0,0.0000,0.00,0.00,0.00,0.00
5.0482,5.0465,1.7,0,11.8,-1793.9,2.6224,-32.3,-1763.7,2.6274,-307.0,256.0,0.0000,-366.4,340.2,0.0197,486.9,-113.5,0,0.0,0.0,0.0000,0.00,0.00,0.00,0.00
5.0560,5.0465,9.5,0,11.8,-1793.9,2.6224,-32.3,-1763.7,2.6274,-307.0,256.0,0.0000,-364.2,342.6,0.0197,486.2,-116.8,0,0.0,0.0,0.0000,0.00,0.00,0.00,0.00
5.0642,5.0549,9.3,0,12.0,-1793.9,2.6381,-34.9,-1761.5,2.6274,-304.5,259.1,0.0000,-361.9,345.0,-0.0428,483.5,-127.5,0,0.0,0.0,0.0000,0.00,0.00,0.00,0.00
5.0724,5.0718,0.6,0,11.6,-1793.4,2.6290,-40.0,-1757.1,2.6274,-299.4,265.5,-0.0000,-359.4,347.6,-0.0065,483.7,-126.6,0,0.0,0.0,0.0000,0.00,0.00,0.00,0.00
5.0807,5.0718,8.9,0,11.6,-1793.4,2.6290,-40.0,-1757.1,2.6274,-299.4,265.5,-0.0000,-357.2,349.9,-0.0065,482.9,-129.7,0,0.0,0.0,0.0000,0.00,0.00,0.00,0.00
5.0883,5.0802,8.0,0,12.0,-1793.5,2.6280,-42.5,-1754.8,2.6274,-296.9,268.9,0.0000,-355.7,351.4,-0.0028,482.4,-131.3,0,0.0,0.0,0.0000,0.00,0.00,0.00,0.00
5.0962,5.0887,7.5,0,12.2,-1794.3,2.6208,-45.0,-1752.5,2.6274,-292.7,272.5,0.0000,-352.8,354.3,0.0262,482.3,-131.8,0,0.0,0.0,0.0000,0.00,0.00,0.00,0.00
5.1041,5.0971,7.0,0,11.9,-1793.4,2.6308,-47.5,-1750.2,2.6274,-288.7,276.0,0.0000,-351.1,356.0,-0.0137,480.3,-138.9,0,0.0,0.0,0.0000,0.00,0.00,0.00,0.00
5.1124,5.1056,6.9,0,12.2,-1793.7,2.6318,-49.9,-1747.9,2.6274,-286.5,279.4,-0.0000,-348.8,358.3,-0.0178,479.3,-142.5,0,0.0,0.0,0.0000,0.00,0.00,0.00,0.00
5.1197,5.1140,5.7,0,12.1,-1793.5,2.6282,-52.3,-1745.5,2.6274,-283.7,282.8,-0.0000,-346.5,360.5,-0.0033,478.9,-143.8,0,0.0,0.0,0.0000,0.00,0.00,0.00,0.00
5.1281,5.1225,5.6,0,12.0,-1793.9,2.6312,-54.7,-1743.1,2.6274,-280.6,285.4,-0.0000,-343.4,363.4,-0.0156,477.2,-149.3,0,0.0,0.0,0.0000,0.00,0.00,0.00,0.00
5.1364,5.1309,5.5,0,11.9,-1793.6,2.6248,-57.1,-1740.7,2.6274,-277.4,288.2,0.0000,-341.3,365.4,0.0102,477.3,-149.1,0,0.0,0.0,0.0000,0.00,0.00,0.00,0.00
5.1445,5.1394,5.1,0,11.8,-1793.9,2.6272,-59.4,-1738.2,2.6274,-273.6,291.1,-0.0000,-338.6,367.9,0.0007,475.8,-153.6,0,0.0,0.0,0.0000,0.00,0.00,0.00,0.00
5.1521,5.1478,4.3,0,11.8,-1793.6,2.6288,-61.7,-1735.8,2.6274,-270.2,294.2,0.0000,-337.2,369.2,-0.0056,474.9,-156.3,0,0.0,0.0,0.0000,0.00,0.00,0.00,0.00
5.1602,5.1563,3.9,0,12.4,-1794.1,2.6292,-64.0,-1733.2,2.6274,-266.7,297.9,0.0000,-334.9,371.3,-0.0072,473.9,-159.4,0,0.0,0.0,0.0000,0.00,0.00,0.00,0.00
5.1687,5.1648,4.0,0,12.1,-1793.4,2.6315,-66.2,-1730.7,2.6274,-263.4,300.9,-0.0000,-332.6,373.3,-0.0168,472.5,-163.4,0,0.0,0.0,0.0000,0.00,0.00,0.00,0.00
5.1762,5.1732,3.1,0,11.5,-1793.7,2.6181,-68.4,-1728.2,2.6274,-260.5,303.4,0.0000,-329.3,376.2,0.0370,473.3,-161.2,0,0.0,0.0,0.0000,0.00,0.00,0.00,0.00
5.1843,5.1816,2.6,0,11.8,-1793.6,2.6294,-70.6,-1725.6,2.6274,-257.3,306.5,0.0000,-327.0,378.2,-0.0081,470.4,-169.4,0,0.0,0.0,0.0000,0.00,0.00,0.00,0.00
5.1919,5.1902,1.7,0,11.9,-1793.9,2.6334,-72.8,-1723.0,2.6274,-254.2,309.8,-0.0000,-324.8,380.2,-0.0242,468.7,-174.1,0,0.0,0.0,0.0000,0.00,0.00,0.00,0.00
5.2002,5.1902,10.0,0,11.9,-1793.9,2.6334,-72.8,-1723.0,2.6274,-254.2,309.8,-0.0000,-322.8,381.8,-0.0242,467.8,-176.5,0,0.0,0.0,0.0000,0.00,0.00,0.00,0.00
5.2085,5.2070,1.5,0,12.2,-1793.7,2.6263,-77.0,-1717.7,2.6274,-245.7,314.8,0.0000,-320.9,383.4,0.0040,468.2,-175.5,0,0.0,0.0,0.0000,0.00,0.00,0.00,0.00
5.2163,5.2070,9.3,0,12.2,-1793.7,2.6263,-77.0,-1717.7,2.6274,-245.7,314.8,0.0000,-318.5,385.4,0.0040,467.1,-178.4,0,0.0,0.0,0.0000,0.00,0.00,0.00,0.00
5.2247,5.2154,9.3,0,11.9,-1793.7,2.6304,-79.1,-1715.0,2.6274,-242.5,317.9,0.0000,-315.7,387.7,-0.0120,465.0,-183.7,0,0.0,0.0,0.0000,0.00,0.00,0.00,0.00
5.2319,5.2239,8.1,0,12.1,-1794.0,2.6312,-81.1,-1712.3,2.6274,-239.4,321.3,0.0000,-313.3,389.7,-0.0154,463.7,-187.0,0,0.0,0.0,0.0000,0.00,0.00,0.00,0.00
5.2403,5.2323,8.0,0,12.1,-1793.3,2.6361,-83.1,-1709.6,2.6274,-235.8,323.2,-0.0000,-311.5,391.1,-0.0349,461.9,-191.4,0,0.0,0.0,0.0000,0.00,0.00,0.00,0.00
5.2478,5.2408,7.0,0,12.2,-1794.0,2.6301,-85.1,-1706.9,2.6274,-232.4,325.3,0.0000,-308.8,393.2,-0.0110,461.8,-191.8,0,0.0,0.0,0.0000,0.00,0.00,0.00,0.00
5.2560,5.2492,6.7,0,12.3,-1793.8,2.6298,-87.0,-1704.1,2.6274,-228.5,328.3,-0.0000,-306.7,394.9,-0.0099,460.8,-194.1,0,0.0,0.0,0.0000,0.00,0.00,0.00,0.00
5.2646,5.2577,6.9,0,12.1,-1794.1,2.6308,-88.9,-1701.3,2.6274,-224.6,331.0,-0.0000,-303.6,397.2,-0.0139,459.1,-198.1,0,0.0,0.0,0.0000,0.00,0.00,0.00,0.00
5.2717,5.2661,5.6,0,12.1,-1794.1,2.6364,-90.8,-1698.5,2.6274,-220.2,333.6,0.0000,-301.6,398.8,-0.0362,456.9,-203.0,0,0.0,0.0,0.0000,0.00,0.00,0.00,0.00
5.2805,5.2746,5.9,0,12.0,-1793.7,2.6272,-92.7,-1695.7,2.6274,-216.3,336.2,-0.0000,-299.3,400.5,0.0005,457.6,-201.5,0,0.0,0.0,0.0000,0.00,0.00,0.00,0.00
5.2887,5.2830,5.6,0,11.9,-1793.9,2.6268,-94.5,-1692.8,2.6274,-213.5,338.5,-0.0000,-296.5,402.6,0.0022,456.3,-204.4,0,0.0,0.0,0.0000,0.00,0.00,0.00,0.00
5.2960,5.2915,4.5,0,11.8,-1793.5,2.6319,-96.3,-1690.0,2.6274,-210.0,340.8,0.0000,-294.2,404.3,-0.0181,454.1,-209.3,0,0.0,0.0,0.0000,0.00,0.00,0.00,0.00
5.3042,5.2999,4.2,0,11.8,-1793.7,2.6213,-98.0,-1687.1,2.6274,-205.9,343.1,0.0000,-291.6,406.2,0.0243,454.9,-207.5,0,0.0,0.0,0.0000,0.00,0.00,0.00,0.00
5.3125,5.3084,4.1,0,12.0,-1793.7,2.6273,-99.7,-1684.2,2.6274,-201.8,345.4,-0.0000,-289.5,407.6,0.0003,452.6,-212.5,0,0.0,0.0,0.0000,0.00,0.00,0.00,0.00
5.3206,5.3168,3.8,0,12.1,-1793.8,2.6369,-101.4,-1681.3,2.6274,-197.3,347.4,0.0000,-287.3,409.2,-0.0381,449.3,-219.3,0,0.0,0.0,0.0000,0.00,0.00,0.00,0.00
5.3278,5.3253,2.5,0,12.0,-1793.7,2.6289,-103.1,-1678.3,2.6274,-193.5,349.8,0.0000,-285.1,410.7,-0.0064,449.9,-218.1,0,0.0,0.0,0.0000,0.00,0.00,0.00,0.00
5.3358,5.3253,10.5,0,12.0,-1793.7,2.6289,-103.1,-1678.3,2.6274,-193.5,349.8,0.0000,-282.6,412.5,-0.0064,448.6,-220.8,0,0.0,0.0,0.0000,0.00,0.00,0.00,0.00
5.3440,5.3422,1.8,0,12.2,-1793.6,2.6308,-106.3,-1672.3,2.6274,-186.0,354.4,-0.0000,-280.2,414.1,-0.0139,446.9,-224.3,0,0.0,0.0,0.0000,0.00,0.00,0.00,0.00
5.3518,5.3422,9.6,0,12.2,-1793.6,2.6308,-106.3,-1672.3,2.6274,-186.0,354.4,-0.0000,-277.7,415.8,-0.0139,445.5,-227.0,0,0.0,0.0,0.0000,0.00,0.00,0.00,0.00
5.3597,5.3506,9.1,0,12.1,-1793.6,2.6323,-107.8,-1669.3,2.6274,-181.8,356.1,0.0000,-275.0,417.6,-0.0196,443.7,-230.5,0,0.0,0.0,0.0000,0.00,0.00,0.00,0.00
5.3687,5.3591,9.6,0,11.3,-1793.6,2.6316,-109.4,-1666.3,2.6274,-178.0,358.2,0.0000,-271.5,419.9,-0.0169,441.9,-233.9,0,0.0,0.0,0.0000,0.00,0.00,0.00,0.00
5.3766,5.3675,9.1,0,12.3,-1794.3,2.6346,-110.9,-1663.3,2.6274,-174.4,360.2,-0.0000,-270.0,420.8,-0.0292,440.4,-236.8,0,0.0,0.0,0.0000,0.00,0.00,0.00,0.00
5.3842,5.3759,8.3,0,12.1,-1793.4,2.6283,-112.3,-1660.3,2.6274,-169.8,362.2,0.0000,-268.3,421.9,-0.0038,440.9,-235.8,0,0.0,0.0,0.0000,0.00,0.00,0.00,0.00
5.3924,5.3844,8.0,0,12.0,-1793.7,2.6307,-113.7,-1657.2,2.6274,-165.1,364.3,0.0000,-265.3,423.8,-0.0136,438.6,-240.0,0,0.0,0.0,0.0000,0.00,0.00,0.00,0.00
5.4006,5.3929,7.7,0,12.1,-1793.8,2.6262,-115.1,-1654.1,2.6274,-161.3,365.7,0.0000,-262.7,425.4,0.0047,438.3,-240.7,0,0.0,0.0,0.0000,0.00,0.00,0.00,0.00
5.4083,5.4014,6.9,0,12.1,-1794.0,2.6362,-116.5,-1651.0,2.6274,-157.4,367.3,-0.0000,-260.0,427.1,-0.0356,434.3,-247.8,0,0.0,0.0,0.0000,0.00,0.00,0.00,0.00
5.4165,5.4098,6.7,0,12.2,-1793.6,2.6318,-117.8,-1647.9,2.6274,-153.8,369.5,-0.0000,-257.9,428.4,-0.0177,434.1,-248.0,0,0.0,0.0,0.0000,0.00,0.00,0.00,0.00
5.4239,5.4182,5.6,0,12.0,-1793.7,2.6268,-119.0,-1644.7,2.6274,-149.9,371.5,0.0000,-255.4,429.9,0.0023,433.9,-248.4,0,0.0,0.0,0.0000,0.00,0.00,0.00,0.00
5.4325,5.4267,5.8,0,12.1,-1793.8,2.6303,-120.3,-1641.6,2.6274,-144.9,372.8,-0.0000,-252.8,431.4,-0.0116,431.6,-252.5,0,0.0,0.0,0.0000,0.00,0.00,0.00,0.00
5.4404,5.4354,5.0,0,11.9,-1793.4,2.6239,-121.5,-1638.4,2.6274,-140.2,374.4,0.0000,-250.3,432.8,0.0138,431.7,-252.2,0,0.0,0.0,0.0000,0.00,0.00,0.00,0.00
5.4478,5.4436,4.2,0,11.9,-1793.6,2.6172,-122.7,-1635.3,2.6274,-135.8,376.3,-0.0000,-248.0,434.2,0.0404,432.0,-251.7,0,0.0,0.0,0.0000,0.00,0.00,0.00,0.00
5.4565,5.4521,4.4,0,12.3,-1793.6,2.6343,-123.8,-1632.1,2.6274,-131.7,377.8,0.0000,-245.7,435.5,-0.0276,426.3,-261.2,0,0.0,0.0,0.0000,0.00,0.00,0.00,0.00
5.4638,5.4605,3.4,0,12.1,-1793.8,2.6274,-124.9,-1628.9,2.6274,-128.4,378.9,-0.0000,-243.0,437.0,-0.0003,426.5,-261.0,0,0.0,0.0,0.0000,0.00,0.00,0.00,0.00
5.4723,5.4692,3.0,0,12.1,-1793.3,2.6303,-126.0,-1625.6,2.6274,-124.0,380.3,-0.0000,-240.5,438.3,-0.0118,424.3,-264.6,0,0.0,0.0,0.0000,0.00,0.00,0.00,0.00
5.4801,5.4692,10.8,0,12.1,-1793.3,2.6303,-126.0,-1625.6,2.6274,-124.0,380.3,-0.0000,-238.1,439.7,-0.0118,422.8,-267.0,0,0.0,0.0,0.0000,0.00,0.00,0.00,0.00
5.4887,5.4859,2.8,0,12.5,-1793.3,2.6368,-128.0,-1619.2,2.6274,-115.0,382.9,0.0000,-235.8,440.9,-0.0379,419.6,-271.8,0,0.0,0.0,0.0000,0.00,0.00,0.00,0.00
5.4959,5.4943,1.6,0,11.7,-1793.7,2.6290,-128.9,-1616.0,2.6274,-110.7,384.9,-0.0000,-232.6,442.6,-0.0064,419.8,-271.6,0,0.0,0.0,0.0000,0.00,0.00,0.00,0.00
5.5044,5.4943,10.1,0,11.7,-1793.7,2.6290,-128.9,-1616.0,2.6274,-110.7,384.9,-0.0000,-230.3,443.8,-0.0064,418.4,-273.8,0,0.0,0.0,0.0000,0.00,0.00,0.00,0.00
5.5123,5.5030,9.3,0,11.8,-1793.9,2.6347,-129.9,-1612.7,2.6274,-106.2,385.9,-0.0000,-227.6,445.2,-0.0292,415.1,-278.7,0,0.0,0.0,0.0000,0.00,0.00,0.00,0.00
5.5207,5.5112,9.6,0,11.9,-1793.7,2.6277,-130.7,-1609.5,2.6274,-102.0,386.8,0.0000,-224.5,446.8,-0.0015,415.1,-278.7,0,0.0,0.0,0.0000,0.00,0.00,0.00,0.00
5.5287,5.5197,9.0,0,12.3,-1793.8,2.6315,-131.6,-1606.2,2.6274,-97.7,387.8,0.0000,-222.4,447.8,-0.0165,412.7,-282.3,0,0.0,0.0,0.0000,0.00,0.00,0.00,0.00
5.5362,5.5281,8.1,0,11.6,-1793.4,2.6217,-132.4,-1602.9,2.6274,-93.3,388.7,0.0000,-219.6,449.2,0.0225,413.7,-280.8,0,0.0,0.0,0.0000,0.00,0.00,0.00,0.00
5.5439,5.5367,7.1,0,12.0,-1794.2,2.6305,-133.2,-1599.6,2.6274,-88.9,389.7,-0.0000,-217.2,450.3,-0.0127,409.7,-286.6,0,0.0,0.0,0.0000,0.00,0.00,0.00,0.00
5.5522,5.5450,7.2,0,11.8,-1793.7,2.6215,-133.9,-1596.3,2.6274,-84.7,390.6,0.0000,-214.9,451.5,0.0235,410.8,-285.0,0,0.0,0.0,0.0000,0.00,0.00,0.00,0.00
5.5608,5.5534,7.4,0,11.7,-1794.0,2.6291,-134.6,-1593.0,2.6274,-80.1,392.0,0.0000,-211.8,452.9,-0.0068,406.7,-290.9,0,0.0,0.0,0.0000,0.00,0.00,0.00,0.00
5.5678,5.5619,5.9,0,11.9,-1794.2,2.6294,-135.2,-1589.7,2.6274,-75.6,393.2,0.0000,-209.3,454.1,-0.0082,405.0,-293.2,0,0.0,0.0,0.0000,0.00,0.00,0.00,0.00
5.5766,5.5704,6.2,0,11.9,-1793.5,2.6196,-135.9,-1586.4,2.6274,-71.1,393.5,0.0000,-206.9,455.2,0.0312,406.3,-291.4,0,0.0,0.0,0.0000,0.00,0.00,0.00,0.00
5.5845,5.5788,5.8,0,11.7,-1794.2,2.6331,-136.4,-1583.1,2.6274,-66.8,394.0,0.0000,-203.7,456.6,-0.0229,400.3,-299.6,0,0.0,0.0,0.0000,0.00,0.00,0.00,0.00
5.5927,5.5873,5.4,0,12.0,-1794.0,2.6300,-137.0,-1579.7,2.6274,-63.4,395.0,0.0000,-201.6,457.5,-0.0106,399.8,-300.3,0,0.0,0.0,0.0000,0.00,0.00,0.00,0.00
5.6007,5.5957,5.0,0,11.7,-1793.3,2.6264,-137.5,-1576.4,2.6274,-59.0,395.8,-0.0000,-199.1,458.7,0.0038,399.2,-301.0,0,0.0,0.0,0.0000,0.00,0.00,0.00,0.00
5.6082,5.6043,3.9,0,12.3,-1793.6,2.6348,-138.0,-1573.0,2.6274,-52.7,396.7,0.0000,-197.2,459.5,-0.0298,395.4,-306.0,0,0.0,0.0,0.0000,0.00,0.00,0.00,0.00
5.6166,5.6126,4.0,0,11.8,-1793.6,2.6249,-138.4,-1569.7,2.6274,-48.1,397.2,-0.0000,-194.2,460.7,0.0096,396.5,-304.7,0,0.0,0.0,0.0000,0.00,0.00,0.00,0.00
5.6239,5.6211,2.8,0,12.0,-1793.9,2.6288,-138.8,-1566.3,2.6274,-43.9,397.1,0.0000,-191.8,461.8,-0.0060,393.6,-308.3,0,0.0,0.0,0.0000,0.00,0.00,0.00,0.00
5.6320,5.6295,2.5,0,12.1,-1793.6,2.6296,-139.2,-1563.0,2.6274,-40.0,397.7,-0.0000,-189.0,462.9,-0.0088,391.6,-310.9,0,0.0,0.0,0.0000,0.00,0.00,0.00,0.00
5.6410,5.6380,3.0,0,12.0,-1793.7,2.6362,-139.5,-1559.6,2.6274,-36.5,398.9,-0.0000,-185.9,464.2,-0.0353,387.4,-316.1,0,0.0,0.0,0.0000,0.00,0.00,0.00,0.00
5.6482,5.6464,1.9,0,12.2,-1793.8,2.6249,-139.8,-1556.2,2.6274,-31.6,399.2,-0.0000,-183.8,465.0,0.0097,389.5,-313.5,0,0.0,0.0,0.0000,0.00,0.00,0.00,0.00
5.6560,5.6464,9.7,0,12.2,-1793.8,2.6249,-139.8,-1556.2,2.6274,-31.6,399.2,-0.0000,-181.3,466.0,0.0097,387.8,-315.6,0,0.0,0.0,0.0000,0.00,0.00,0.00,0.00
5.6645,5.6549,9.6,0,11.6,-1794.1,2.6251,-140.0,-1552.8,2.6274,-26.2,399.3,-0.0000,-177.9,467.3,0.0090,385.4,-318.5,0,0.0,0.0,0.0000,0.00,0.00,0.00,0.00
5.6728,5.6633,9.5,0,11.9,-1793.9,2.6219,-140.2,-1549.5,2.6274,-21.7,399.3,0.0000,-175.7,468.1,0.0220,385.0,-319.1,0,0.0,0.0,0.0000,0.00,0.00,0.00,0.00
5.6804,5.6719,8.5,0,12.0,-1793.1,2.6294,-140.4,-1546.1,2.6274,-17.0,399.4,-0.0000,-173.6,468.9,-0.0081,381.1,-323.6,0,0.0,0.0,0.0000,0.00,0.00,0.00,0.00
5.6882,5.6802,8.0,0,12.4,-1793.7,2.6367,-140.5,-1542.7,2.6274,-12.8,399.6,-0.0000,-171.1,469.8,-0.0372,377.0,-328.4,0,0.0,0.0,0.0000,0.00,0.00,0.00,0.00
5.6966,5.6886,7.9,0,12.3,-1793.6,2.6282,-140.6,-1539.4,2.6274,-8.5,399.9,0.0000,-167.8,471.0,-0.0035,377.5,-327.9,0,0.0,0.0,0.0000,0.00,0.00,0.00,0.00
5.7043,5.6971,7.2,0,12.1,-1793.6,2.6322,-140.6,-1536.0,2.6274,-4.5,399.7,0.0000,-165.1,472.0,-0.0192,374.3,-331.5,0,0.0,0.0,0.0000,0.00,0.00,0.00,0.00
5.7126,5.7056,7.0,0,12.0,-1793.4,2.6321,-140.7,-1532.6,2.6274,-0.3,399.7,-0.0000,-162.6,472.8,-0.0189,372.6,-333.5,0,0.0,0.0,0.0000,0.00,0.00,0.00,0.00
5.7202,5.7140,6.2,0,11.9,-1794.1,2.6284,-140.6,-1529.2,2.6274,5.0,400.0,-0.0000,-159.8,473.8,-0.0043,371.8,-334.3,0,0.0,0.0,0.0000,0.00,0.00,0.00,0.00
5.7289,5.7225,6.4,0,12.2,-1793.6,2.6294,-140.6,-1525.8,2.6274,10.0,400.1,0.0000,-157.7,474.5,-0.0082,370.0,-336.3,0,0.0,0.0,0.0000,0.00,0.00,0.00,0.00
5.7360,5.7309,5.1,0,12.1,-1793.4,2.6300,-140.5,-1522.5,2.6274,14.3,399.7,-0.0000,-155.2,475.3,-0.0106,368.0,-338.4,0,0.0,0.0,0.0000,0.00,0.00,0.00,0.00
5.7444,5.7394,5.0,0,11.8,-1793.8,2.6258,-140.3,-1519.1,2.6274,18.6,399.6,0.0000,-151.8,476.4,0.0062,367.0,-339.5,0,0.0,0.0,0.0000,0.00,0.00,0.00,0.00
5.7525,5.7478,4.7,0,11.5,-1793.2,2.6186,-140.2,-1515.7,2.6274,22.5,399.7,-0.0000,-148.8,477.4,0.0349,367.3,-339.2,0,0.0,0.0,0.0000,0.00,0.00,0.00,0.00
5.7601,5.7562,3.9,0,11.5,-1793.9,2.6200,-140.0,-1512.3,2.6274,26.9,399.4,0.0000,-145.8,478.3,0.0295,364.7,-342.0,0,0.0,0.0,0.0000,0.00,0.00,0.00,0.00
5.7684,5.7647,3.8,0,11.8,-1793.7,2.6255,-139.7,-1509.0,2.6274,31.3,398.4,-0.0000,-143.6,478.9,0.0074,361.2,-345.7,0,0.0,0.0,0.0000,0.00,0.00,0.00,0.00
5.7762,5.7731,3.1,0,12.0,-1793.4,2.6302,-139.4,-1505.6,2.6274,36.3,398.0,-0.0000,-141.6,479.5,-0.0114,358.1,-348.9,0,0.0,0.0,0.0000,0.00,0.00,0.00,0.00
5.7844,5.7815,2.8,0,12.4,-1793.7,2.6339,-139.1,-1502.3,2.6274,42.0,397.9,0.0000,-139.1,480.3,-0.0263,355.0,-352.1,0,0.0,0.0,0.0000,0.00,0.00,0.00,0.00
5.7917,5.7901,1.6,0,12.0,-1793.8,2.6301,-138.7,-1498.8,2.6274,46.2,397.5,0.0000,-136.3,481.1,-0.0111,354.3,-352.8,0,0.0,0.0,0.0000,0.00,0.00,0.00,0.00
5.8002,5.7985,1.7,0,12.1,-1793.3,2.6313,-138.3,-1495.5,2.6274,49.9,397.3,0.0000,-133.5,481.8,-0.0159,351.8,-355.3,0,0.0,0.0,0.0000,0.00,0.00,0.00,0.00
5.8085,5.8069,1.6,0,12.0,-1793.9,2.6338,-137.9,-1492.2,2.6274,53.9,396.5,-0.0000,-130.2,482.7,-0.0259,348.5,-358.5,0,0.0,0.0,0.0000,0.00,0.00,0.00,0.00
5.8161,5.8069,9.2,0,12.0,-1793.9,2.6338,-137.9,-1492.2,2.6274,53.9,396.5,-0.0000,-127.7,483.4,-0.0259,346.7,-360.3,0,0.0,0.0,0.0000,0.00,0.00,0.00,0.00
5.8243,5.8154,8.9,0,12.3,-1793.4,2.6305,-137.4,-1488.8,2.6274,57.9,395.6,0.0000,-125.5,484.0,-0.0126,346.2,-360.7,0,0.0,0.0,0.0000,0.00,0.00,0.00,0.00
5.8324,5.8238,8.6,0,12.1,-1793.8,2.6269,-136.9,-1485.5,2.6274,62.8,394.8,-0.0000,-122.6,484.7,0.0019,345.3,-361.6,0,0.0,0.0,0.0000,0.00,0.00,0.00,0.00
5.8407,5.8323,8.4,0,11.9,-1793.4,2.6259,-136.3,-1482.1,2.6274,67.7,394.0,0.0000,-119.7,485.5,0.0057,343.5,-363.3,0,0.0,0.0,0.0000,0.00,0.00,0.00,0.00
5.8478,5.8407,7.1,0,12.1,-1793.6,2.6341,-135.8,-1478.8,2.6274,72.6,393.1,-0.0000,-117.4,486.0,-0.0270,338.8,-367.7,0,0.0,0.0,0.0000,0.00,0.00,0.00,0.00
5.8563,5.8492,7.1,0,12.1,-1793.3,2.6309,-135.1,-1475.5,2.6274,77.5,392.3,-0.0000,-114.6,486.7,-0.0143,337.8,-368.6,0,0.0,0.0,0.0000,0.00,0.00,0.00,0.00
5.8639,5.8576,6.3,0,12.0,-1793.9,2.6296,-134.4,-1472.2,2.6274,80.9,391.7,0.0000,-111.6,487.4,-0.0090,336.1,-370.2,0,0.0,0.0,0.0000,0.00,0.00,0.00,0.00
5.8726,5.8661,6.5,0,11.6,-1793.6,2.6273,-133.7,-1468.9,2.6274,84.8,391.1,-0.0000,-108.4,488.1,0.0001,334.5,-371.7,0,0.0,0.0,0.0000,0.00,0.00,0.00,0.00
5.8803,5.8745,5.7,0,12.5,-1793.8,2.6355,-133.0,-1465.6,2.6274,89.2,390.1,-0.0000,-106.7,488.5,-0.0327,330.1,-375.5,0,0.0,0.0,0.0000,0.00,0.00,0.00,0.00
5.8878,5.8830,4.8,0,12.2,-1793.4,2.6359,-132.2,-1462.3,2.6274,93.8,389.0,-0.0000,-104.0,489.1,-0.0340,327.9,-377.5,0,0.0,0.0,0.0000,0.00,0.00,0.00,0.00
5.8966,5.8914,5.1,0,12.0,-1793.9,2.6258,-131.4,-1459.0,2.6274,99.2,387.6,0.0000,-100.7,489.8,0.0061,329.2,-376.4,0,0.0,0.0,0.0000,0.00,0.00,0.00,0.00
5.9042,5.8999,4.3,0,12.1,-1793.5,2.6332,-130.6,-1455.7,2.6274,103.7,386.4,0.0000,-98.3,490.2,-0.0233,324.5,-380.4,0,0.0,0.0,0.0000,0.00,0.00,0.00,0.00
5.9128,5.9083,4.5,0,12.0,-1793.2,2.6253,-129.7,-1452.5,2.6274,107.2,385.4,0.0000,-95.3,490.8,0.0082,325.2,-379.8,0,0.0,0.0,0.0000,0.00,0.00,0.00,0.00
5.9208,5.9168,4.0,0,11.7,-1793.6,2.6248,-128.8,-1449.2,2.6274,111.4,384.2,-0.0000,-92.2,491.4,0.0103,322.9,-381.7,0,0.0,0.0,0.0000,0.00,0.00,0.00,0.00
5.9283,5.9252,3.1,0,11.7,-1793.6,2.6282,-127.8,-1446.0,2.6274,115.6,383.0,-0.0000,-89.6,491.9,-0.0033,319.6,-384.5,0,0.0,0.0,0.0000,0.00,0.00,0.00,0.00
5.9364,5.9337,2.8,0,12.1,-1793.8,2.6243,-126.8,-1442.8,2.6274,120.0,381.6,0.0000,-87.0,492.4,0.0123,319.1,-384.9,0,0.0,0.0,0.0000,0.00,0.00,0.00,0.00
5.9449,5.9421,2.8,0,11.9,-1793.7,2.6324,-125.8,-1439.5,2.6274,124.6,380.3,0.0000,-84.0,492.9,-0.0203,313.6,-389.4,0,0.0,0.0,0.0000,0.00,0.00,0.00,0.00
5.9520,5.9505,1.5,0,12.0,-1793.8,2.6353,-124.7,-1436.3,2.6274,129.0,378.6,0.0000,-82.1,493.2,-0.0317,311.0,-391.5,0,0.0,0.0,0.0000,0.00,0.00,0.00,0.00
5.9604,5.9590,1.4,0,12.1,-1793.7,2.6253,-123.6,-1433.1,2.6274,133.4,376.7,0.0000,-79.3,493.7,0.0080,312.6,-390.2,0,0.0,0.0,0.0000,0.00,0.00,0.00,0.00
5.9684,5.9590,9.4,0,12.1,-1793.7,2.6253,-123.6,-1433.1,2.6274,133.4,376.7,0.0000,-76.3,494.1,0.0080,310.3,-392.1,0,0.0,0.0,0.0000,0.00,0.00,0.00,0.00
5.9761,5.9675,8.6,0,12.2,-1793.5,2.6287,-122.4,-1430.0,2.6274,137.3,375.6,0.0000,-73.7,494.5,-0.0055,306.9,-394.7,0,0.0,0.0,0.0000,0.00,0.00,0.00,0.00
5.9845,5.9759,8.6,0,11.9,-1794.1,2.6304,-121.3,-1426.8,2.6274,141.2,374.8,-0.0000,-70.4,495.0,-0.0124,303.5,-397.3,0,0.0,0.0,0.0000,0.00,0.00,0.00,0.00
5.9924,5.9844,7.9,0,11.8,-1793.4,2.6304,-120.0,-1423.6,2.6274,145.4,372.6,-0.0000,-67.8,495.4,-0.0121,301.5,-398.9,0,0.0,0.0,0.0000,0.00,0.00,0.00,0.00
6.0004,5.9928,7.5,0,11.7,-1794.0,2.6341,-118.8,-1420.5,2.6274,149.6,370.6,-0.0000,-64.9,495.8,-0.0270,297.7,-401.7,0,0.0,0.0,0.0000,0.00,0.00,0.00,0.00
6.0084,6.0013,7.1,0,12.0,-1793.7,2.6236,-117.5,-1417.4,2.6274,154.0,369.0,0.0000,-62.6,496.1,0.0149,300.0,-400.0,0,0.0,0.0,0.0000,0.00,0.00,0.00,0.00
6.0163,6.0097,6.6,0,12.1,-1794.1,2.6353,-116.2,-1414.3,2.6274,158.3,367.3,-0.0000,-59.9,496.4,-0.0318,293.1,-405.1,0,0.0,0.0,0.0000,0.00,0.00,0.00,0.00
6.0242,6.0182,6.0,0,12.1,-1793.7,2.6332,-114.8,-1411.2,2.6274,162.9,365.6,-0.0000,-57.3,496.7,-0.0235,291.8,-406.0,0,0.0,0.0,0.0000,0.00,0.00,0.00,0.00
6.0329,6.0267,6.2,0,12.1,-1794.1,2.6357,-113.4,-1408.1,2.6274,167.0,363.9,0.0000,-54.1,497.1,-0.0335,288.2,-408.6,0,0.0,0.0,0.0000,0.00,0.00,0.00,0.00
6.0404,6.0351,5.3,0,12.2,-1793.5,2.6284,-112.0,-1405.0,2.6274,169.9,361.9,0.0000,-51.8,497.3,-0.0041,289.3,-407.8,0,0.0,0.0,0.0000,0.00,0.00,0.00,0.00
6.0485,6.0435,5.0,0,12.0,-1793.3,2.6242,-110.6,-1402.0,2.6274,173.7,359.9,-0.0000,-48.7,497.6,0.0126,288.4,-408.4,0,0.0,0.0,0.0000,0.00,0.00,0.00,0.00
6.0564,6.0520,4.4,0,12.4,-1793.8,2.6358,-109.1,-1398.9,2.6274,178.6,357.6,0.0000,-46.4,497.8,-0.0338,281.8,-413.1,0,0.0,0.0,0.0000,0.00,0.00,0.00,0.00
6.0644,6.0605,4.0,0,11.7,-1793.1,2.6247,-107.6,-1395.9,2.6274,182.9,355.5,0.0000,-43.1,498.1,0.0107,283.7,-411.7,0,0.0,0.0,0.0000,0.00,0.00,0.00,0.00
6.0728,6.0689,3.9,0,11.9,-1793.1,2.6328,-106.0,-1392.9,2.6274,187.2,353.6,-0.0000,-40.5,498.4,-0.0218,278.1,-415.5,0,0.0,0.0,0.0000,0.00,0.00,0.00,0.00
6.0799,6.0774,2.6,0,12.1,-1793.8,2.6263,-104.4,-1389.9,2.6274,191.1,351.6,0.0000,-38.2,498.5,0.0041,278.9,-415.0,0,0.0,0.0,0.0000,0.00,0.00,0.00,0.00
6.0888,6.0858,3.0,0,12.4,-1793.9,2.6237,-102.8,-1387.0,2.6274,194.7,349.4,0.0000,-35.3,498.7,0.0146,277.6,-415.8,0,0.0,0.0,0.0000,0.00,0.00,0.00,0.00
6.0968,6.0942,2.5,0,12.0,-1793.3,2.6228,-101.1,-1384.0,2.6274,198.4,347.3,0.0000,-31.9,499.0,0.0182,275.1,-417.5,0,0.0,0.0,0.0000,0.00,0.00,0.00,0.00
6.1045,6.0942,10.3,0,12.0,-1793.3,2.6228,-101.1,-1384.0,2.6274,198.4,347.3,0.0000,-29.3,499.1,0.0182,273.0,-418.9,0,0.0,0.0,0.0000,0.00,0.00,0.00,0.00
6.1121,6.1027,9.4,0,11.8,-1793.7,2.6324,-99.4,-1381.1,2.6274,202.1,345.3,0.0000,-26.7,499.3,-0.0204,266.7,-422.9,0,0.0,0.0,0.0000,0.00,0.00,0.00,0.00
6.1203,6.1111,9.3,0,11.9,-1793.5,2.6292,-97.7,-1378.2,2.6274,206.1,343.0,0.0000,-24.1,499.4,-0.0072,265.9,-423.4,0,0.0,0.0,0.0000,0.00,0.00,0.00,0.00
6.1281,6.1196,8.5,0,12.0,-1793.4,2.6277,-95.9,-1375.3,2.6274,210.2,340.9,-0.0000,-21.6,499.5,-0.0015,264.3,-424.4,0,0.0,0.0,0.0000,0.00,0.00,0.00,0.00
6.1365,6.1280,8.5,0,12.1,-1793.2,2.6306,-94.1,-1372.4,2.6274,214.1,337.7,0.0000,-18.7,499.7,-0.0132,260.6,-426.7,0,0.0,0.0,0.0000,0.00,0.00,0.00,0.00
6.1437,6.1365,7.1,0,12.5,-1793.5,2.6306,-92.3,-1369.6,2.6274,218.3,334.5,0.0000,-16.5,499.7,-0.0130,258.8,-427.8,0,0.0,0.0,0.0000,0.00,0.00,0.00,0.00
6.1520,6.1449,7.1,0,12.3,-1793.4,2.6278,-90.5,-1366.8,2.6274,221.5,332.9,-0.0000,-13.5,499.8,-0.0017,257.4,-428.7,0,0.0,0.0,0.0000,0.00,0.00,0.00,0.00
6.1608,6.1534,7.4,0,12.1,-1793.6,2.6301,-88.6,-1364.0,2.6274,225.0,330.9,-0.0000,-10.3,499.9,-0.0110,253.7,-430.9,0,0.0,0.0,0.0000,0.00,0.00,0.00,0.00
6.1679,6.1618,6.1,0,12.3,-1793.7,2.6374,-86.7,-1361.2,2.6274,228.5,328.5,0.0000,-8.0,499.9,-0.0403,248.5,-433.9,0,0.0,0.0,0.0000,0.00,0.00,0.00,0.00
6.1763,6.1703,6.1,0,12.0,-1793.3,2.6255,-84.7,-1358.4,2.6274,232.1,326.0,-0.0000,-4.7,500.0,0.0075,250.9,-432.5,0,0.0,0.0,0.0000,0.00,0.00,0.00,0.00
6.1841,6.1787,5.4,0,12.2,-1793.7,2.6387,-82.7,-1355.7,2.6274,236.9,322.5,-0.0000,-2.4,500.0,-0.0456,243.1,-436.9,0,0.0,0.0,0.0000,0.00,0.00,0.00,0.00
6.1920,6.1872,4.8,0,12.4,-1793.1,2.6280,-80.7,-1353.0,2.6274,240.8,319.5,0.0000,-0.0,500.0,-0.0025,245.7,-435.5,0,0.0,0.0,0.0000,0.00,0.00,0.00,0.00
6.2010,6.1956,5.4,0,12.3,-1793.0,2.6336,-78.7,-1350.3,2.6274,243.5,317.2,0.0000,3.3,500.0,-0.0250,240.3,-438.5,0,0.0,0.0,0.0000,0.00,0.00,0.00,0.00
6.2080,6.2042,3.7,0,12.0,-1793.7,2.6307,-76.6,-1347.6,2.6274,246.8,314.6,0.0000,6.1,500.0,-0.0136,239.1,-439.1,0,0.0,0.0,0.0000,0.00,0.00,0.00,0.00
6.2165,6.2125,4.0,0,12.0,-1793.7,2.6282,-74.5,-1345.0,2.6274,250.2,311.9,0.0000,9.1,499.9,-0.0034,237.6,-439.9,0,0.0,0.0,0.0000,0.00,0.00,0.00,0.00
6.2247,6.2210,3.7,0,12.0,-1793.2,2.6354,-72.4,-1342.3,2.6274,253.8,309.1,-0.0000,11.9,499.9,-0.0321,231.9,-442.9,0,0.0,0.0,0.0000,0.00,0.00,0.00,0.00
6.2317,6.2294,2.3,0,11.9,-1793.9,2.6278,-70.2,-1339.7,2.6274,257.7,306.4,-0.0000,14.3,499.8,-0.0016,233.2,-442.3,0,0.0,0.0,0.0000,0.00,0.00,0.00,0.00
6.2402,6.2294,10.8,0,11.9,-1793.9,2.6278,-70.2,-1339.7,2.6274,257.7,306.4,-0.0000,17.0,499.7,-0.0016,230.8,-443.5,0,0.0,0.0,0.0000,0.00,0.00,0.00,0.00
6.2479,6.2464,1.6,0,12.0,-1793.0,2.6275,-65.8,-1334.6,2.6274,264.4,299.3,-0.0000,19.6,499.6,-0.0006,228.6,-444.7,0,0.0,0.0,0.0000,0.00,0.00,0.00,0.00
6.2566,6.2548,1.8,0,12.0,-1793.8,2.6288,-63.5,-1332.1,2.6274,267.8,296.7,0.0000,22.8,499.5,-0.0060,225.2,-446.4,0,0.0,0.0,0.0000,0.00,0.00,0.00,0.00
6.2649,6.2632,1.6,0,12.2,-1793.6,2.6317,-61.3,-1329.6,2.6274,271.3,294.1,-0.0000,25.5,499.4,-0.0175,221.5,-448.3,0,0.0,0.0,0.0000,0.00,0.00,0.00,0.00
6.2726,6.2632,9.4,0,12.2,-1793.6,2.6317,-61.3,-1329.6,2.6274,271.3,294.1,-0.0000,28.0,499.2,-0.0175,219.2,-449.4,0,0.0,0.0,0.0000,0.00,0.00,0.00,0.00
6.2806,6.2720,8.7,0,11.9,-1793.4,2.6276,-58.9,-1327.1,2.6274,274.3,291.2,-0.0000,31.1,499.0,-0.0009,218.3,-449.8,0,0.0,0.0,0.0000,0.00,0.00,0.00,0.00
6.2884,6.2801,8.3,0,12.1,-1793.9,2.6269,-56.6,-1324.7,2.6274,277.0,288.6,0.0000,33.5,498.9,0.0018,216.4,-450.7,0,0.0,0.0,0.0000,0.00,0.00,0.00,0.00
6.2959,6.2886,7.3,0,11.8,-1793.5,2.6259,-54.3,-1322.3,2.6274,280.9,284.8,0.0000,36.4,498.7,0.0057,214.2,-451.8,0,0.0,0.0,0.0000,0.00,0.00,0.00,0.00
6.3046,6.2971,7.5,0,12.3,-1793.7,2.6293,-51.9,-1319.9,2.6274,284.6,281.2,0.0000,38.9,498.5,-0.0077,210.4,-453.6,0,0.0,0.0,0.0000,0.00,0.00,0.00,0.00
6.3117,6.3058,6.0,0,12.1,-1794.0,2.6310,-49.4,-1317.4,2.6274,287.7,277.8,-0.0000,41.5,498.3,-0.0146,207.3,-455.0,0,0.0,0.0,0.0000,0.00,0.00,0.00,0.00
6.3199,6.3139,6.0,0,12.2,-1793.6,2.6402,-47.0,-1315.2,2.6274,290.6,274.8,0.0000,44.4,498.0,-0.0513,200.5,-458.1,0,0.0,0.0,0.0000,0.00,0.00,0.00,0.00
6.3286,6.3224,6.1,0,11.9,-1794.0,2.6260,-44.5,-1312.8,2.6274,293.1,272.6,0.0000,47.5,497.7,0.0056,204.1,-456.5,0,0.0,0.0,0.0000,0.00,0.00,0.00,0.00
6.3359,6.3308,5.0,0,11.8,-1793.1,2.6279,-42.1,-1310.6,2.6274,295.9,269.6,0.0000,49.9,497.5,-0.0022,201.0,-457.8,0,0.0,0.0,0.0000,0.00,0.00,0.00,0.00
6.3437,6.3393,4.4,0,11.9,-1794.0,2.6253,-39.5,-1308.3,2.6274,299.6,264.7,-0.0000,52.4,497.2,0.0083,199.9,-458.3,0,0.0,0.0,0.0000,0.00,0.00,0.00,0.00
6.3527,6.3477,5.0,0,12.1,-1794.4,2.6272,-37.0,-1306.1,2.6274,302.7,261.0,-0.0000,55.3,496.9,0.0005,196.3,-459.8,0,0.0,0.0,0.0000,0.00,0.00,0.00,0.00
6.3604,6.3562,4.1,0,12.4,-1793.6,2.6361,-34.4,-1303.9,2.6274,305.3,258.3,-0.0000,57.8,496.6,-0.0351,189.9,-462.5,0,0.0,0.0,0.0000,0.00,0.00,0.00,0.00
6.3685,6.3646,3.9,0,12.3,-1793.4,2.6359,-31.9,-1301.7,2.6274,308.1,255.0,0.0000,60.8,496.3,-0.0344,187.2,-463.6,0,0.0,0.0,0.0000,0.00,0.00,0.00,0.00
6.3759,6.3731,2.8,0,12.4,-1793.8,2.6354,-29.2,-1299.6,2.6274,311.2,251.1,0.0000,63.2,496.0,-0.0320,185.2,-464.4,0,0.0,0.0,0.0000,0.00,0.00,0.00,0.00
6.3843,6.3816,2.7,0,11.8,-1793.6,2.6231,-26.6,-1297.5,2.6274,314.0,247.9,-0.0000,66.6,495.5,0.0172,187.8,-463.4,0,0.0,0.0,0.0000,0.00,0.00,0.00,0.00
6.3919,6.3900,1.9,0,11.7,-1793.3,2.6263,-23.9,-1295.4,2.6274,316.7,245.3,-0.0000,69.2,495.2,0.0043,183.8,-465.0,0,0.0,0.0,0.0000,0.00,0.00,0.00,0.00
6.4005,6.3900,10.5,0,11.7,-1793.3,2.6263,-23.9,-1295.4,2.6274,316.7,245.3,-0.0000,72.2,494.8,0.0043,181.0,-466.1,0,0.0,0.0,0.0000,0.00,0.00,0.00,0.00
6.4084,6.4070,1.4,0,12.0,-1793.8,2.6280,-18.5,-1291.3,2.6274,322.7,236.4,0.0000,74.5,494.4,-0.0024,178.0,-467.2,0,0.0,0.0,0.0000,0.00,0.00,0.00,0.00
6.4169,6.4154,1.5,0,12.0,-1793.5,2.6209,-15.8,-1289.3,2.6274,324.8,233.0,0.0000,77.1,494.0,0.0259,178.9,-466.9,0,0.0,0.0,0.0000,0.00,0.00,0.00,0.00
6.4246,6.4154,9.2,0,12.0,-1793.5,2.6209,-15.8,-1289.3,2.6274,324.8,233.0,0.0000,79.8,493.6,0.0259,176.3,-467.9,0,0.0,0.0,0.0000,0.00,0.00,0.00,0.00
6.4327,6.4239,8.9,0,12.2,-1794.0,2.6306,-13.0,-1287.4,2.6274,326.9,229.5,0.0000,82.8,493.1,-0.0132,168.9,-470.6,0,0.0,0.0,0.0000,0.00,0.00,0.00,0.00
6.4401,6.4323,7.8,0,11.8,-1793.1,2.6201,-10.2,-1285.5,2.6274,329.6,226.1,0.0000,85.6,492.6,0.0289,171.2,-469.8,0,0.0,0.0,0.0000,0.00,0.00,0.00,0.00
6.4481,6.4408,7.3,0,11.9,-1793.5,2.6230,-7.4,-1283.5,2.6274,332.2,222.8,-0.0000,88.0,492.2,0.0175,167.6,-471.1,0,0.0,0.0,0.0000,0.00,0.00,0.00,0.00
6.4560,6.4491,6.9,0,12.4,-1793.5,2.6358,-4.6,-1281.7,2.6274,335.1,218.9,-0.0000,90.2,491.8,-0.0340,159.4,-473.9,0,0.0,0.0,0.0000,0.00,0.00,0.00,0.00
6.4643,6.4576,6.8,0,11.7,-1793.4,2.6222,-1.8,-1279.9,2.6274,337.8,215.1,-0.0000,93.6,491.2,0.0207,162.6,-472.8,0,0.0,0.0,0.0000,0.00,0.00,0.00,0.00
6.4725,6.4660,6.4,0,11.8,-1793.2,2.6291,1.1,-1278.1,2.6274,340.0,211.1,-0.0000,96.4,490.6,-0.0069,156.6,-474.8,0,0.0,0.0,0.0000,0.00,0.00,0.00,0.00
6.4804,6.4746,5.8,0,11.8,-1793.9,2.6254,4.0,-1276.3,2.6274,342.3,207.1,-0.0000,99.0,490.1,0.0077,155.8,-475.1,0,0.0,0.0,0.0000,0.00,0.00,0.00,0.00
6.4890,6.4829,6.1,0,12.3,-1793.7,2.6331,6.8,-1274.6,2.6274,344.8,203.1,0.0000,101.4,489.6,-0.0229,149.8,-477.0,0,0.0,0.0,0.0000,0.00,0.00,0.00,0.00
6.4967,6.4914,5.2,0,12.0,-1793.2,2.6322,9.8,-1272.9,2.6274,346.9,199.2,0.0000,104.2,489.0,-0.0192,147.6,-477.7,0,0.0,0.0,0.0000,0.00,0.00,0.00,0.00
6.5037,6.4998,3.9,0,12.0,-1793.5,2.6315,12.7,-1271.2,2.6274,348.1,195.9,0.0000,106.5,488.5,-0.0167,145.6,-478.3,0,0.0,0.0,0.0000,0.00,0.00,0.00,0.00
6.5121,6.5084,3.7,0,12.1,-1793.9,2.6297,15.7,-1269.5,2.6274,350.5,191.8,0.0000,109.4,487.9,-0.0095,143.6,-478.9,0,0.0,0.0,0.0000,0.00,0.00,0.00,0.00
6.5206,6.5167,3.8,0,12.1,-1793.5,2.6326,18.6,-1268.0,2.6274,354.1,187.3,-0.0000,112.3,487.2,-0.0209,139.4,-480.2,0,0.0,0.0,0.0000,0.00,0.00,0.00,0.00
6.5280,6.5252,2.8,0,12.1,-1793.7,2.6332,21.7,-1266.4,2.6274,356.1,183.3,0.0000,114.6,486.7,-0.0233,136.8,-480.9,0,0.0,0.0,0.0000,0.00,0.00,0.00,0.00
6.5361,6.5336,2.5,0,11.5,-1793.9,2.6223,24.6,-1264.9,2.6274,357.2,179.4,0.0000,117.6,486.0,0.0200,139.0,-480.3,0,0.0,0.0,0.0000,0.00,0.00,0.00,0.00
6.5438,6.5421,1.7,0,12.0,-1793.2,2.6297,27.7,-1263.3,2.6274,359.1,175.6,0.0000,120.0,485.4,-0.0093,133.2,-481.9,0,0.0,0.0,0.0000,0.00,0.00,0.00,0.00
6.5520,6.5505,1.4,0,12.1,-1793.9,2.6312,30.7,-1261.9,2.6274,361.2,172.0,-0.0000,122.5,484.8,-0.0154,129.9,-482.8,0,0.0,0.0,0.0000,0.00,0.00,0.00,0.00
6.5603,6.5590,1.3,0,12.2,-1793.0,2.6350,33.8,-1260.4,2.6274,363.2,167.5,-0.0000,125.3,484.0,-0.0306,125.3,-484.1,0,0.0,0.0,0.0000,0.00,0.00,0.00,0.00
6.5681,6.5590,9.1,0,12.2,-1793.0,2.6350,33.8,-1260.4,2.6274,363.2,167.5,-0.0000,127.9,483.4,-0.0306,122.7,-484.7,0,0.0,0.0,0.0000,0.00,0.00,0.00,0.00
6.5758,6.5675,8.4,0,12.1,-1793.6,2.6345,36.9,-1259.1,2.6274,365.3,162.7,0.0000,130.5,482.7,-0.0288,120.3,-485.3,0,0.0,0.0,0.0000,0.00,0.00,0.00,0.00
6.5838,6.5758,8.0,0,11.7,-1792.7,2.6173,39.9,-1257.7,2.6274,366.8,158.9,-0.0000,133.6,481.8,0.0401,125.5,-484.0,0,0.0,0.0,0.0000,0.00,0.00,0.00,0.00
6.5929,6.5843,8.6,0,11.9,-1793.2,2.6252,43.0,-1256.4,2.6274,368.3,155.1,0.0000,136.3,481.1,0.0086,119.0,-485.6,0,0.0,0.0,0.0000,0.00,0.00,0.00,0.00
6.6003,6.5928,7.5,0,12.1,-1793.8,2.6299,46.2,-1255.1,2.6274,370.6,150.7,-0.0000,138.5,480.4,-0.0100,114.5,-486.7,0,0.0,0.0,0.0000,0.00,0.00,0.00,0.00
6.6083,6.6013,7.0,0,12.1,-1792.9,2.6305,49.3,-1253.8,2.6274,372.8,146.4,0.0000,141.4,479.6,-0.0127,111.2,-487.5,0,0.0,0.0,0.0000,0.00,0.00,0.00,0.00
6.6163,6.6096,6.7,0,12.1,-1793.2,2.6372,52.4,-1252.6,2.6274,373.8,143.0,-0.0000,143.9,478.8,-0.0395,105.4,-488.8,0,0.0,0.0,0.0000,0.00,0.00,0.00,0.00
6.6242,6.6181,6.0,0,12.1,-1793.0,2.6250,55.6,-1251.4,2.6274,375.1,139.1,-0.0000,146.6,478.0,0.0096,108.7,-488.0,0,0.0,0.0,0.0000,0.00,0.00,0.00,0.00
6.6321,6.6266,5.5,0,11.5,-1793.3,2.6287,58.8,-1250.3,2.6274,376.8,134.0,-0.0000,149.5,477.1,-0.0052,103.9,-489.1,0,0.0,0.0,0.0000,0.00,0.00,0.00,0.00
6.6405,6.6351,5.4,0,12.0,-1793.3,2.6253,62.0,-1249.1,2.6274,378.3,129.5,0.0000,151.6,476.5,0.0083,103.4,-489.2,0,0.0,0.0,0.0000,0.00,0.00,0.00,0.00
6.6486,6.6435,5.2,0,11.9,-1793.6,2.6258,65.2,-1248.1,2.6274,379.7,125.4,-0.0000,154.3,475.6,0.0062,100.3,-489.8,0,0.0,0.0,0.0000,0.00,0.00,0.00,0.00
6.6559,6.6519,3.9,0,12.1,-1793.8,2.6296,68.4,-1247.0,2.6274,381.1,121.2,-0.0000,156.7,474.8,-0.0091,96.0,-490.7,0,0.0,0.0,0.0000,0.00,0.00,0.00,0.00
6.6640,6.6604,3.6,0,12.4,-1793.5,2.6290,71.7,-1246.0,2.6274,382.5,117.1,0.0000,159.2,474.0,-0.0066,93.7,-491.1,0,0.0,0.0,0.0000,0.00,0.00,0.00,0.00
6.6720,6.6689,3.1,0,12.1,-1793.6,2.6373,74.9,-1245.0,2.6274,383.9,112.7,0.0000,162.0,473.0,-0.0400,86.7,-492.4,0,0.0,0.0,0.0000,0.00,0.00,0.00,0.00
6.6800,6.6773,2.7,0,11.8,-1793.2,2.6228,78.1,-1244.1,2.6274,385.1,108.1,-0.0000,164.8,472.0,0.0181,90.9,-491.7,0,0.0,0.0,0.0000,0.00,0.00,0.00,0.00
6.6883,6.6857,2.5,0,12.4,-1793.3,2.6324,81.4,-1243.2,2.6274,386.3,103.6,0.0000,166.8,471.3,-0.0202,84.1,-492.9,0,0.0,0.0,0.0000,0.00,0.00,0.00,0.00
6.6960,6.6942,1.7,0,11.8,-1793.9,2.6286,84.7,-1242.4,2.6274,387.6,99.0,0.0000,169.6,470.4,-0.0049,83.1,-493.0,0,0.0,0.0,0.0000,0.00,0.00,0.00,0.00
6.7047,6.6942,10.5,0,11.8,-1793.9,2.6286,84.7,-1242.4,2.6274,387.6,99.0,0.0000,172.5,469.3,-0.0049,80.0,-493.6,0,0.0,0.0,0.0000,0.00,0.00,0.00,0.00
6.7121,6.7026,9.4,0,11.9,-1793.2,2.6257,87.9,-1241.5,2.6274,388.7,94.9,0.0000,175.1,468.3,0.0067,78.8,-493.8,0,0.0,0.0,0.0000,0.00,0.00,0.00,0.00
6.7208,6.7111,9.7,0,11.9,-1793.9,2.6249,91.2,-1240.8,2.6274,390.0,91.1,-0.0000,177.8,467.3,0.0098,76.2,-494.2,0,0.0,0.0,0.0000,0.00,0.00,0.00,0.00
6.7284,6.7195,8.8,0,12.2,-1793.5,2.6314,94.5,-1240.0,2.6274,390.4,86.6,0.0000,180.1,466.4,-0.0162,70.7,-495.0,0,0.0,0.0,0.0000,0.00,0.00,0.00,0.00
6.7360,6.7280,8.0,0,11.7,-1793.4,2.6228,97.8,-1239.3,2.6274,390.8,82.1,-0.0000,182.6,465.5,0.0181,72.2,-494.8,0,0.0,0.0,0.0000,0.00,0.00,0.00,0.00
6.7440,6.7364,7.6,0,12.0,-1793.9,2.6316,101.1,-1238.6,2.6274,392.2,77.6,0.0000,184.8,464.6,-0.0170,65.5,-495.7,0,0.0,0.0,0.0000,0.00,0.00,0.00,0.00
6.7518,6.7449,6.9,0,11.8,-1793.4,2.6197,104.5,-1238.0,2.6274,393.5,73.1,0.0000,187.8,463.4,0.0305,68.2,-495.3,0,0.0,0.0,0.0000,0.00,0.00,0.00,0.00
6.7599,6.7533,6.6,0,12.3,-1792.7,2.6381,107.8,-1237.4,2.6274,394.2,68.4,-0.0000,190.2,462.4,-0.0430,56.5,-496.8,0,0.0,0.0,0.0000,0.00,0.00,0.00,0.00
6.7686,6.7618,6.8,0,11.8,-1793.3,2.6254,111.1,-1236.8,2.6274,395.0,63.8,-0.0000,193.0,461.3,0.0076,59.8,-496.4,0,0.0,0.0,0.0000,0.00,0.00,0.00,0.00
6.7761,6.7703,5.8,0,12.0,-1792.9,2.6328,114.5,-1236.3,2.6274,395.2,60.0,0.0000,195.2,460.3,-0.0216,53.7,-497.1,0,0.0,0.0,0.0000,0.00,0.00,0.00,0.00
6.7848,6.7787,6.2,0,12.4,-1793.6,2.6341,117.8,-1235.8,2.6274,395.7,56.0,-0.0000,197.7,459.2,-0.0270,50.4,-497.5,0,0.0,0.0,0.0000,0.00,0.00,0.00,0.00
6.7921,6.7872,5.0,0,12.1,-1794.0,2.6274,121.2,-1235.4,2.6274,396.9,51.7,-0.0000,200.0,458.2,-0.0004,51.2,-497.4,0,0.0,0.0,0.0000,0.00,0.00,0.00,0.00
6.8008,6.7956,5.3,0,11.7,-1794.0,2.6270,124.5,-1234.9,2.6274,397.7,47.1,-0.0000,202.9,457.0,0.0015,48.3,-497.7,0,0.0,0.0,0.0000,0.00,0.00,0.00,0.00
6.8078,6.8040,3.7,0,11.8,-1793.1,2.6279,127.9,-1234.6,2.6274,398.2,41.3,0.0000,205.3,455.9,-0.0022,45.2,-498.0,0,0.0,0.0,0.0000,0.00,0.00,0.00,0.00
6.8158,6.8124,3.3,0,12.1,-1793.3,2.6303,131.2,-1234.2,2.6274,398.4,36.7,-0.0000,207.6,454.9,-0.0119,41.5,-498.3,0,0.0,0.0,0.0000,0.00,0.00,0.00,0.00
6.8245,6.8209,3.6,0,12.2,-1792.9,2.6277,134.6,-1233.9,2.6274,397.9,33.0,0.0000,210.4,453.6,-0.0014,39.7,-498.4,0,0.0,0.0,0.0000,0.00,0.00,0.00,0.00
6.8323,6.8294,2.9,0,11.8,-1793.2,2.6335,138.0,-1233.7,2.6274,398.5,28.5,-0.0000,212.9,452.4,-0.0248,34.1,-498.8,0,0.0,0.0,0.0000,0.00,0.00,0.00,0.00
6.8402,6.8379,2.4,0,11.7,-1794.0,2.6264,141.4,-1233.5,2.6274,399.7,23.6,-0.0000,215.2,451.3,0.0038,35.1,-498.8,0,0.0,0.0,0.0000,0.00,0.00,0.00,0.00
6.8488,6.8463,2.5,0,12.4,-1794.0,2.6383,144.7,-1233.3,2.6274,399.8,19.4,-0.0000,217.3,450.3,-0.0437,26.8,-499.3,0,0.0,0.0,0.0000,0.00,0.00,0.00,0.00
6.8563,6.8548,1.5,0,12.1,-1793.6,2.6247,148.1,-1233.1,2.6274,399.5,15.6,-0.0000,220.0,449.0,0.0108,30.7,-499.1,0,0.0,0.0,0.0000,0.00,0.00,0.00,0.00
6.8642,6.8632,1.0,0,12.0,-1793.1,2.6280,151.5,-1233.0,2.6274,399.7,10.6,-0.0000,222.6,447.7,-0.0026,26.0,-499.3,0,0.0,0.0,0.0000,0.00,0.00,0.00,0.00
6.8725,6.8632,9.4,0,12.0,-1793.1,2.6280,151.5,-1233.0,2.6274,399.7,10.6,-0.0000,225.2,446.4,-0.0026,23.2,-499.5,0,0.0,0.0,0.0000,0.00,0.00,0.00,0.00
6.8804,6.8716,8.7,0,11.9,-1793.6,2.6334,154.9,-1233.0,2.6274,400.0,5.2,-0.0000,227.4,445.3,-0.0241,18.0,-499.7,0,0.0,0.0,0.0000,0.00,0.00,0.00,0.00
6.8884,6.8801,8.4,0,11.7,-1793.4,2.6284,158.2,-1232.9,2.6274,399.9,1.3,-0.0000,230.1,443.9,-0.0040,17.5,-499.7,0,0.0,0.0,0.0000,0.00,0.00,0.00,0.00
6.8968,6.8885,8.3,0,12.0,-1793.5,2.6336,161.6,-1232.9,2.6274,399.7,-2.8,-0.0000,232.6,442.6,-0.0252,12.1,-499.9,0,0.0,0.0,0.0000,0.00,0.00,0.00,0.00
6.9043,6.8970,7.2,0,11.4,-1793.1,2.6296,165.0,-1233.0,2.6274,400.1,-7.1,0.0000,235.2,441.2,-0.0090,11.1,-499.9,0,0.0,0.0,0.0000,0.00,0.00,0.00,0.00
6.9123,6.9055,6.9,0,12.3,-1794.0,2.6321,168.4,-1233.1,2.6274,400.4,-11.4,-0.0000,236.7,440.4,-0.0189,8.2,-499.9,0,0.0,0.0,0.0000,0.00,0.00,0.00,0.00
6.9208,6.9139,6.9,0,12.0,-1793.3,2.6270,171.7,-1233.2,2.6274,399.5,-16.7,-0.0000,239.7,438.8,0.0015,7.4,-499.9,0,0.0,0.0,0.0000,0.00,0.00,0.00,0.00
6.9283,6.9223,6.0,0,12.0,-1793.6,2.6257,175.1,-1233.3,2.6274,399.0,-21.6,0.0000,241.8,437.6,0.0067,5.5,-500.0,0,0.0,0.0,0.0000,0.00,0.00,0.00,0.00
6.9365,6.9308,5.7,0,12.2,-1793.6,2.6323,178.5,-1233.5,2.6274,398.9,-25.9,0.0000,244.2,436.3,-0.0196,-0.5,-500.0,0,0.0,0.0,0.0000,0.00,0.00,0.00,0.00
6.9442,6.9392,5.0,0,12.0,-1793.4,2.6285,181.9,-1233.8,2.6274,398.7,-30.3,-0.0000,246.8,434.8,-0.0044,-1.5,-500.0,0,0.0,0.0,0.0000,0.00,0.00,0.00,0.00
6.9518,6.9476,4.1,0,11.8,-1793.5,2.6222,185.2,-1234.0,2.6274,398.9,-34.2,-0.0000,249.0,433.6,0.0207,-1.0,-500.0,0,0.0,0.0,0.0000,0.00,0.00,0.00,0.00
6.9598,6.9562,3.7,0,12.0,-1793.4,2.6257,188.6,-1234.4,2.6274,398.5,-38.5,-0.0000,251.2,432.3,0.0068,-5.2,-500.0,0,0.0,0.0,0.0000,0.00,0.00,0.00,0.00
6.9687,6.9646,4.1,0,11.9,-1793.4,2.6283,192.0,-1234.7,2.6274,397.6,-43.1,-0.0000,253.9,430.7,-0.0039,-9.7,-499.9,0,0.0,0.0,0.0000,0.00,0.00,0.00,0.00
6.9759,6.9646,11.3,0,11.9,-1793.4,2.6283,192.0,-1234.7,2.6274,397.6,-43.1,-0.0000,256.2,429.3,-0.0039,-12.4,-499.8,0,0.0,0.0,0.0000,0.00,0.00,0.00,0.00
6.9839,6.9815,2.4,0,12.0,-1793.3,2.6316,198.7,-1235.5,2.6274,396.5,-53.4,-0.0000,258.5,428.0,-0.0171,-16.7,-499.7,0,0.0,0.0,0.0000,0.00,0.00,0.00,0.00
6.9930,6.9900,3.0,0,12.0,-1793.1,2.6270,202.0,-1236.0,2.6274,395.9,-57.4,0.0000,260.9,426.5,0.0015,-17.2,-499.7,0,0.0,0.0,0.0000,0.00,0.00,0.00,0.00
6.9999,6.9984,1.5,0,11.6,-1793.6,2.6272,205.4,-1236.5,2.6274,395.3,-60.8,-0.0000,263.1,425.2,0.0005,-19.8,-499.6,0,0.0,0.0,0.0000,0.00,0.00,0.00,0.00
7.0089,6.9984,10.5,0,11.6,-1793.6,2.6272,205.4,-1236.5,2.6274,395.3,-60.8,-0.0000,265.9,423.4,0.0005,-23.2,-499.5,0,0.0,0.0,0.0000,0.00,0.00,0.00,0.00
7.0161,7.0072,8.9,0,12.4,-1793.8,2.6354,208.8,-1237.0,2.6274,394.6,-65.5,-0.0000,267.4,422.5,-0.0320,-29.0,-499.2,0,0.0,0.0,0.0000,0.00,0.00,0.00,0.00
7.0239,7.0153,8.6,0,12.1,-1793.2,2.6231,212.0,-1237.6,2.6274,393.9,-69.9,-0.0000,270.0,420.8,0.0169,-25.9,-499.3,0,0.0,0.0,0.0000,0.00,0.00,0.00,0.00
7.0325,7.0238,8.7,0,11.8,-1793.0,2.6246,215.4,-1238.2,2.6274,393.1,-74.7,-0.0000,272.6,419.2,0.0109,-29.8,-499.1,0,0.0,0.0,0.0000,0.00,0.00,0.00,0.00
7.0407,7.0322,8.5,0,12.4,-1793.7,2.6340,218.7,-1238.8,2.6274,392.3,-79.7,0.0000,274.3,418.1,-0.0267,-36.5,-498.7,0,0.0,0.0,0.0000,0.00,0.00,0.00,0.00
7.0486,7.0411,7.5,0,12.2,-1793.6,2.6376,222.2,-1239.6,2.6274,390.9,-84.0,0.0000,276.7,416.4,-0.0410,-41.2,-498.3,0,0.0,0.0,0.0000,0.00,0.00,0.00,0.00
7.0557,7.0491,6.6,0,12.1,-1793.7,2.6291,225.3,-1240.3,2.6274,389.7,-88.0,0.0000,279.0,414.9,-0.0069,-39.7,-498.4,0,0.0,0.0,0.0000,0.00,0.00,0.00,0.00
7.0646,7.0576,7.1,0,12.0,-1793.9,2.6327,228.6,-1241.0,2.6274,389.3,-92.7,0.0000,281.5,413.2,-0.0214,-44.5,-498.0,0,0.0,0.0,0.0000,0.00,0.00,0.00,0.00
7.0720,7.0660,6.0,0,11.6,-1793.5,2.6282,231.9,-1241.8,2.6274,388.5,-97.2,-0.0000,283.8,411.7,-0.0032,-45.0,-498.0,0,0.0,0.0,0.0000,0.00,0.00,0.00,0.00
7.0806,7.0747,5.9,0,12.3,-1792.6,2.6310,235.2,-1242.7,2.6274,386.8,-100.5,-0.0000,286.1,410.0,-0.0147,-49.3,-497.6,0,0.0,0.0,0.0000,0.00,0.00,0.00,0.00
7.0881,7.0829,5.2,0,12.0,-1793.7,2.6336,238.4,-1243.5,2.6274,385.6,-104.5,0.0000,288.0,408.7,-0.0251,-52.8,-497.2,0,0.0,0.0,0.0000,0.00,0.00,0.00,0.00
7.0964,7.0913,5.1,0,11.8,-1794.1,2.6280,241.7,-1244.4,2.6274,384.8,-110.5,-0.0000,290.3,407.1,-0.0024,-52.8,-497.2,0,0.0,0.0,0.0000,0.00,0.00,0.00,0.00
7.1044,7.0998,4.6,0,11.8,-1793.6,2.6276,244.9,-1245.4,2.6274,383.6,-115.0,-0.0000,292.8,405.3,-0.0011,-55.7,-496.9,0,0.0,0.0,0.0000,0.00,0.00,0.00,0.00
7.1119,7.1085,3.4,0,12.5,-1793.4,2.6361,248.2,-1246.4,2.6274,382.2,-118.4,0.0000,294.5,404.1,-0.0351,-62.0,-496.1,0,0.0,0.0,0.0000,0.00,0.00,0.00,0.00
7.1203,7.1167,3.7,0,11.8,-1793.2,2.6212,251.4,-1247.4,2.6274,380.7,-122.2,-0.0000,297.3,402.0,0.0245,-58.1,-496.6,0,0.0,0.0,0.0000,0.00,0.00,0.00,0.00
7.1286,7.1251,3.5,0,11.9,-1793.4,2.6310,254.6,-1248.4,2.6274,379.1,-126.1,-0.0000,299.4,400.4,-0.0146,-65.5,-495.7,0,0.0,0.0,0.0000,0.00,0.00,0.00,0.00
7.1365,7.1337,2.9,0,12.1,-1793.4,2.6304,257.8,-1249.5,2.6274,377.7,-130.9,-0.0000,301.5,398.9,-0.0121,-67.8,-495.4,0,0.0,0.0,0.0000,0.00,0.00,0.00,0.00
7.1439,7.1421,1.8,0,12.3,-1793.5,2.6333,261.0,-1250.7,2.6274,376.7,-136.3,-0.0000,303.3,397.5,-0.0239,-71.5,-494.9,0,0.0,0.0,0.0000,0.00,0.00,0.00,0.00
7.1518,7.1504,1.3,0,11.8,-1793.0,2.6251,264.1,-1251.8,2.6274,374.9,-140.3,0.0000,305.8,395.6,0.0092,-70.6,-495.0,0,0.0,0.0,0.0000,0.00,0.00,0.00,0.00
7.1606,7.1590,1.6,0,11.9,-1793.6,2.6300,267.3,-1253.0,2.6274,372.9,-144.0,-0.0000,307.9,394.0,-0.0107,-75.6,-494.2,0,0.0,0.0,0.0000,0.00,0.00,0.00,0.00
7.1688,7.1674,1.4,0,11.9,-1793.7,2.6286,270.5,-1254.3,2.6274,371.4,-148.1,0.0000,310.2,392.1,-0.0050,-77.8,-493.9,0,0.0,0.0,0.0000,0.00,0.00,0.00,0.00
7.1765,7.1674,9.1,0,11.9,-1793.7,2.6286,270.5,-1254.3,2.6274,371.4,-148.1,0.0000,312.3,390.5,-0.0050,-80.4,-493.5,0,0.0,0.0,0.0000,0.00,0.00,0.00,0.00
7.1845,7.1760,8.5,0,11.7,-1793.2,2.6223,273.6,-1255.6,2.6274,369.8,-152.2,-0.0000,314.7,388.6,0.0201,-80.4,-493.5,0,0.0,0.0,0.0000,0.00,0.00,0.00,0.00
7.1928,7.1843,8.5,0,12.6,-1793.8,2.6340,276.7,-1256.8,2.6274,368.3,-156.2,-0.0000,316.2,387.3,-0.0267,-88.1,-492.2,0,0.0,0.0,0.0000,0.00,0.00,0.00,0.00
7.2004,7.1927,7.7,0,11.8,-1793.7,2.6323,279.8,-1258.2,2.6274,366.9,-160.2,0.0000,318.6,385.3,-0.0199,-90.3,-491.8,0,0.0,0.0,0.0000,0.00,0.00,0.00,0.00
7.2084,7.2012,7.2,0,12.2,-1793.8,2.6305,282.9,-1259.5,2.6274,364.6,-164.8,0.0000,320.5,383.8,-0.0125,-91.8,-491.5,0,0.0,0.0,0.0000,0.00,0.00,0.00,0.00
7.2159,7.2097,6.2,0,12.4,-1793.1,2.6319,286.0,-1261.0,2.6274,362.4,-169.3,-0.0000,322.6,382.0,-0.0182,-95.2,-490.9,0,0.0,0.0,0.0000,0.00,0.00,0.00,0.00
7.2242,7.2181,6.1,0,12.2,-1793.4,2.6319,289.0,-1262.4,2.6274,360.5,-173.5,0.0000,324.7,380.2,-0.0182,-97.9,-490.3,0,0.0,0.0,0.0000,0.00,0.00,0.00,0.00
7.2320,7.2266,5.4,0,11.6,-1793.4,2.6188,292.1,-1263.9,2.6274,358.5,-177.6,0.0000,327.0,378.3,0.0341,-94.4,-491.0,0,0.0,0.0,0.0000,0.00,0.00,0.00,0.00
7.2402,7.2351,5.2,0,11.7,-1793.3,2.6235,295.1,-1265.4,2.6274,356.6,-180.6,0.0000,329.2,376.4,0.0155,-99.6,-490.0,0,0.0,0.0,0.0000,0.00,0.00,0.00,0.00
7.2483,7.2436,4.7,0,11.8,-1793.5,2.6307,298.1,-1267.0,2.6274,354.6,-184.4,0.0000,331.2,374.6,-0.0134,-105.8,-488.7,0,0.0,0.0,0.0000,0.00,0.00,0.00,0.00
7.2565,7.2519,4.5,0,12.2,-1793.7,2.6279,301.1,-1268.5,2.6274,352.7,-188.7,-0.0000,333.0,372.9,-0.0023,-106.8,-488.5,0,0.0,0.0,0.0000,0.00,0.00,0.00,0.00
7.2643,7.2604,4.0,0,12.0,-1793.6,2.6287,304.1,-1270.1,2.6274,350.5,-193.0,-0.0000,335.1,371.1,-0.0053,-109.9,-487.8,0,0.0,0.0,0.0000,0.00,0.00,0.00,0.00
7.2724,7.2688,3.5,0,11.8,-1793.9,2.6254,307.0,-1271.8,2.6274,347.8,-197.6,-0.0000,337.1,369.3,0.0078,-110.9,-487.6,0,0.0,0.0,0.0000,0.00,0.00,0.00,0.00
7.2800,7.2774,2.7,0,11.9,-1793.4,2.6247,310.0,-1273.5,2.6274,345.7,-201.3,-0.0000,339.1,367.5,0.0107,-113.2,-487.0,0,0.0,0.0,0.0000,0.00,0.00,0.00,0.00
7.2884,7.2857,2.7,0,11.8,-1793.1,2.6271,312.8,-1275.2,2.6274,344.1,-204.4,-0.0000,341.4,365.3,0.0011,-117.4,-486.0,0,0.0,0.0,0.0000,0.00,0.00,0.00,0.00
7.2967,7.2942,2.5,0,12.2,-1793.6,2.6303,315.7,-1276.9,2.6274,341.6,-208.2,-0.0000,343.2,363.6,-0.0119,-121.4,-485.0,0,0.0,0.0,0.0000,0.00,0.00,0.00,0.00
7.3040,7.3026,1.3,0,12.3,-1793.5,2.6358,318.6,-1278.7,2.6274,338.9,-212.1,-0.0000,345.0,361.9,-0.0340,-126.5,-483.7,0,0.0,0.0,0.0000,0.00,0.00,0.00,0.00
7.3124,7.3112,1.2,0,11.6,-1793.6,2.6315,321.5,-1280.5,2.6274,336.3,-216.0,-0.0000,347.2,359.8,-0.0167,-127.3,-483.5,0,0.0,0.0,0.0000,0.00,0.00,0.00,0.00
7.3206,7.3112,9.4,0,11.6,-1793.6,2.6315,321.5,-1280.5,2.6274,336.3,-216.0,-0.0000,349.2,357.9,-0.0167,-130.0,-482.8,0,0.0,0.0,0.0000,0.00,0.00,0.00,0.00
7.3287,7.3195,9.2,0,11.9,-1793.2,2.6280,324.3,-1282.4,2.6274,333.7,-219.8,-0.0000,351.2,355.9,-0.0027,-131.0,-482.5,0,0.0,0.0,0.0000,0.00,0.00,0.00,0.00
7.3357,7.3280,7.7,0,12.1,-1793.4,2.6300,327.1,-1284.2,2.6274,331.5,-223.9,-0.0000,352.8,354.4,-0.0104,-134.1,-481.7,0,0.0,0.0,0.0000,0.00,0.00,0.00,0.00
7.3446,7.3364,8.2,0,12.2,-1793.7,2.6303,329.9,-1286.1,2.6274,329.3,-228.0,0.0000,354.9,352.3,-0.0117,-137.1,-480.8,0,0.0,0.0,0.0000,0.00,0.00,0.00,0.00
7.3525,7.3448,7.7,0,11.5,-1793.4,2.6218,332.7,-1288.1,2.6274,326.5,-231.3,0.0000,357.2,349.9,0.0221,-136.2,-481.1,0,0.0,0.0,0.0000,0.00,0.00,0.00,0.00
7.3597,7.3533,6.4,0,12.0,-1793.7,2.6291,335.4,-1290.1,2.6274,323.8,-234.7,0.0000,358.6,348.5,-0.0069,-141.6,-479.5,0,0.0,0.0,0.0000,0.00,0.00,0.00,0.00
7.3686,7.3617,6.8,0,11.9,-1793.8,2.6273,338.1,-1292.0,2.6274,321.2,-238.0,0.0000,360.6,346.3,0.0003,-143.6,-478.9,0,0.0,0.0,0.0000,0.00,0.00,0.00,0.00
7.3769,7.3703,6.7,0,11.6,-1793.8,2.6220,340.9,-1294.1,2.6274,318.5,-241.5,0.0000,362.6,344.3,0.0215,-143.8,-478.9,0,0.0,0.0,0.0000,0.00,0.00,0.00,0.00
7.3837,7.3787,5.0,0,11.9,-1793.6,2.6206,343.5,-1296.1,2.6274,315.7,-246.2,-0.0000,364.2,342.6,0.0272,-145.3,-478.4,0,0.0,0.0,0.0000,0.00,0.00,0.00,0.00
7.3918,7.3871,4.7,0,12.2,-1793.8,2.6229,346.2,-1298.2,2.6274,313.0,-249.9,-0.0000,366.0,340.7,0.0176,-149.0,-477.3,0,0.0,0.0,0.0000,0.00,0.00,0.00,0.00
7.4007,7.3956,5.1,0,12.1,-1793.4,2.6297,348.8,-1300.4,2.6274,310.3,-252.4,-0.0000,368.3,338.2,-0.0096,-155.4,-475.2,0,0.0,0.0,0.0000,0.00,0.00,0.00,0.00
7.4077,7.4040,3.7,0,11.9,-1793.0,2.6301,351.4,-1302.5,2.6274,307.3,-255.6,0.0000,370.2,336.1,-0.0111,-158.3,-474.3,0,0.0,0.0,0.0000,0.00,0.00,0.00,0.00
7.4161,7.4125,3.6,0,12.0,-1793.4,2.6293,354.0,-1304.7,2.6274,304.0,-259.3,0.0000,371.8,334.3,-0.0077,-160.2,-473.6,0,0.0,0.0,0.0000,0.00,0.00,0.00,0.00
7.4238,7.4209,2.9,0,12.2,-1793.8,2.6288,356.6,-1306.9,2.6274,301.0,-262.9,-0.0000,373.3,332.7,-0.0059,-162.0,-473.0,0,0.0,0.0,0.0000,0.00,0.00,0.00,0.00
7.4323,7.4294,2.9,0,12.2,-1792.8,2.6324,359.1,-1309.1,2.6274,298.3,-266.8,-0.0000,375.6,330.0,-0.0203,-167.1,-471.3,0,0.0,0.0,0.0000,0.00,0.00,0.00,0.00
7.4406,7.4379,2.7,0,12.1,-1793.2,2.6331,361.6,-1311.4,2.6274,295.3,-270.1,0.0000,377.5,327.9,-0.0229,-170.1,-470.2,0,0.0,0.0,0.0000,0.00,0.00,0.00,0.00
7.4488,7.4463,2.6,0,12.4,-1793.3,2.6322,364.1,-1313.7,2.6274,292.4,-273.4,-0.0000,379.2,325.9,-0.0193,-172.1,-469.5,0,0.0,0.0,0.0000,0.00,0.00,0.00,0.00
7.4561,7.4548,1.4,0,12.1,-1793.6,2.6267,366.6,-1316.0,2.6274,289.3,-276.2,0.0000,380.7,324.1,0.0026,-171.7,-469.6,0,0.0,0.0,0.0000,0.00,0.00,0.00,0.00
7.4642,7.4548,9.5,0,12.1,-1793.6,2.6267,366.6,-1316.0,2.6274,289.3,-276.2,0.0000,382.5,322.0,0.0026,-174.3,-468.6,0,0.0,0.0,0.0000,0.00,0.00,0.00,0.00
7.4722,7.4632,9.0,0,12.2,-1793.8,2.6298,369.0,-1318.4,2.6274,286.2,-278.8,-0.0000,384.1,320.1,-0.0099,-178.1,-467.2,0,0.0,0.0,0.0000,0.00,0.00,0.00,0.00
7.4799,7.4716,8.2,0,12.2,-1793.5,2.6304,371.4,-1320.7,2.6274,283.0,-282.4,-0.0000,385.9,317.9,-0.0124,-181.1,-466.0,0,0.0,0.0,0.0000,0.00,0.00,0.00,0.00
7.4888,7.4801,8.8,0,12.1,-1793.8,2.6258,373.8,-1323.1,2.6274,280.0,-286.0,0.0000,387.8,315.6,0.0063,-181.7,-465.8,0,0.0,0.0,0.0000,0.00,0.00,0.00,0.00
7.4963,7.4885,7.8,0,11.9,-1793.2,2.6289,376.1,-1325.6,2.6274,276.5,-289.4,-0.0000,389.7,313.2,-0.0063,-186.0,-464.1,0,0.0,0.0,0.0000,0.00,0.00,0.00,0.00
7.5042,7.4970,7.2,0,12.1,-1793.6,2.6304,378.4,-1328.0,2.6274,273.1,-292.8,0.0000,391.1,311.6,-0.0122,-188.6,-463.0,0,0.0,0.0,0.0000,0.00,0.00,0.00,0.00
7.5125,7.5055,7.0,0,11.6,-1793.6,2.6303,380.8,-1330.5,2.6274,269.6,-295.2,0.0000,393.1,309.0,-0.0117,-191.6,-461.8,0,0.0,0.0,0.0000,0.00,0.00,0.00,0.00
7.5207,7.5139,6.8,0,12.5,-1793.4,2.6364,383.0,-1333.0,2.6274,266.3,-297.9,0.0000,394.8,306.9,-0.0361,-196.9,-459.6,0,0.0,0.0,0.0000,0.00,0.00,0.00,0.00
7.5284,7.5223,6.0,0,12.1,-1793.3,2.6265,385.2,-1335.5,2.6274,263.9,-300.9,-0.0000,396.5,304.6,0.0033,-195.0,-460.4,0,0.0,0.0,0.0000,0.00,0.00,0.00,0.00
7.5363,7.5307,5.6,0,12.2,-1793.9,2.6275,387.4,-1338.1,2.6274,260.8,-303.9,0.0000,397.7,303.0,-0.0007,-197.3,-459.4,0,0.0,0.0,0.0000,0.00,0.00,0.00,0.00
7.5444,7.5392,5.1,0,11.7,-1793.5,2.6301,389.6,-1340.7,2.6274,256.3,-307.0,0.0000,399.7,300.4,-0.0110,-201.5,-457.6,0,0.0,0.0,0.0000,0.00,0.00,0.00,0.00
7.5529,7.5477,5.2,0,12.0,-1793.1,2.6217,391.8,-1343.3,2.6274,252.5,-310.0,0.0000,401.6,297.9,0.0225,-200.6,-458.0,0,0.0,0.0,0.0000,0.00,0.00,0.00,0.00
7.5604,7.5562,4.2,0,11.9,-1793.3,2.6296,393.9,-1345.9,2.6274,249.0,-313.0,0.0000,403.1,295.9,-0.0092,-206.4,-455.4,0,0.0,0.0,0.0000,0.00,0.00,0.00,0.00
7.5683,7.5646,3.7,0,12.2,-1793.2,2.6278,396.0,-1348.6,2.6274,245.6,-315.7,-0.0000,404.7,293.7,-0.0019,-208.1,-454.6,0,0.0,0.0,0.0000,0.00,0.00,0.00,0.00
7.5768,7.5731,3.7,0,12.6,-1793.4,2.6370,398.1,-1351.3,2.6274,242.3,-318.4,0.0000,406.2,291.6,-0.0387,-214.6,-451.6,0,0.0,0.0,0.0000,0.00,0.00,0.00,0.00
7.5842,7.5815,2.7,0,12.4,-1793.3,2.6368,400.1,-1353.9,2.6274,238.7,-320.9,-0.0000,407.6,289.6,-0.0379,-216.8,-450.6,0,0.0,0.0,0.0000,0.00,0.00,0.00,0.00
7.5926,7.5900,2.6,0,12.2,-1793.5,2.6299,402.1,-1356.7,2.6274,235.0,-323.1,-0.0000,409.3,287.2,-0.0104,-216.3,-450.8,0,0.0,0.0,0.0000,0.00,0.00,0.00,0.00
7.6007,7.5984,2.3,0,12.1,-1793.6,2.6358,404.1,-1359.4,2.6274,231.3,-326.2,0.0000,411.0,284.7,-0.0337,-221.6,-448.2,0,0.0,0.0,0.0000,0.00,0.00,0.00,0.00
7.6082,7.5984,9.8,0,12.1,-1793.6,2.6358,404.1,-1359.4,2.6274,231.3,-326.2,0.0000,412.4,282.7,-0.0337,-223.8,-447.1,0,0.0,0.0,0.0000,0.00,0.00,0.00,0.00
7.6165,7.6152,1.3,0,12.1,-1793.5,2.6291,407.9,-1365.0,2.6274,223.8,-331.8,0.0000,414.0,280.4,-0.0069,-223.3,-447.4,0,0.0,0.0,0.0000,0.00,0.00,0.00,0.00
7.6247,7.6152,9.5,0,12.1,-1793.5,2.6291,407.9,-1365.0,2.6274,223.8,-331.8,0.0000,415.5,278.1,-0.0069,-225.8,-446.1,0,0.0,0.0,0.0000,0.00,0.00,0.00,0.00
7.6324,7.6322,0.2,0,12.4,-1793.7,2.6337,411.6,-1370.6,2.6274,216.3,-336.2,-0.0000,416.8,276.1,-0.0255,-230.0,-444.0,0,0.0,0.0,0.0000,0.00,0.00,0.00,0.00
7.6402,7.6322,8.0,0,12.4,-1793.7,2.6337,411.6,-1370.6,2.6274,216.3,-336.2,-0.0000,418.3,273.8,-0.0255,-232.4,-442.7,0,0.0,0.0,0.0000,0.00,0.00,0.00,0.00
7.6479,7.6406,7.2,0,11.9,-1793.2,2.6243,413.4,-1373.5,2.6274,212.6,-338.7,-0.0000,420.2,271.0,0.0123,-231.2,-443.3,0,0.0,0.0,0.0000,0.00,0.00,0.00,0.00
7.6562,7.6491,7.2,0,12.0,-1793.4,2.6336,415.2,-1376.3,2.6274,209.0,-341.2,-0.0000,421.6,268.8,-0.0249,-237.6,-439.9,0,0.0,0.0,0.0000,0.00,0.00,0.00,0.00
7.6643,7.6575,6.8,0,12.1,-1793.7,2.6342,417.0,-1379.2,2.6274,205.4,-343.7,-0.0000,422.8,266.9,-0.0275,-239.9,-438.7,0,0.0,0.0,0.0000,0.00,0.00,0.00,0.00
7.6726,7.6660,6.5,0,12.0,-1793.3,2.6329,418.7,-1382.2,2.6274,200.8,-345.7,-0.0000,424.5,264.2,-0.0220,-242.1,-437.5,0,0.0,0.0,0.0000,0.00,0.00,0.00,0.00
7.6804,7.6745,5.9,0,12.0,-1793.5,2.6317,420.4,-1385.1,2.6274,196.7,-347.9,-0.0000,426.0,261.7,-0.0173,-244.1,-436.4,0,0.0,0.0,0.0000,0.00,0.00,0.00,0.00
7.6884,7.6829,5.5,0,12.0,-1793.7,2.6275,422.0,-1388.0,2.6274,193.3,-350.7,-0.0000,427.4,259.5,-0.0007,-244.5,-436.1,0,0.0,0.0,0.0000,0.00,0.00,0.00,0.00
7.6966,7.6913,5.2,0,12.4,-1793.1,2.6319,423.6,-1391.0,2.6274,189.5,-352.8,-0.0000,428.9,257.0,-0.0182,-249.0,-433.6,0,0.0,0.0,0.0000,0.00,0.00,0.00,0.00
7.7047,7.6998,5.0,0,12.0,-1793.3,2.6278,425.2,-1394.0,2.6274,185.6,-353.9,-0.0000,430.3,254.6,-0.0018,-249.6,-433.2,0,0.0,0.0,0.0000,0.00,0.00,0.00,0.00
7.7127,7.7083,4.4,0,12.4,-1793.1,2.6352,426.8,-1397.0,2.6274,181.4,-355.9,-0.0000,431.7,252.3,-0.0316,-255.2,-430.0,0,0.0,0.0,0.0000,0.00,0.00,0.00,0.00
7.7200,7.7167,3.2,0,11.9,-1793.5,2.6299,428.3,-1400.0,2.6274,176.7,-358.7,0.0000,432.9,250.2,-0.0102,-255.0,-430.1,0,0.0,0.0,0.0000,0.00,0.00,0.00,0.00
7.7279,7.7252,2.7,0,12.2,-1793.1,2.6308,429.8,-1403.1,2.6274,172.7,-360.9,-0.0000,434.4,247.6,-0.0138,-257.9,-428.4,0,0.0,0.0,0.0000,0.00,0.00,0.00,0.00
7.7361,7.7336,2.5,0,12.2,-1793.6,2.6353,431.2,-1406.1,2.6274,169.2,-363.0,0.0000,435.6,245.5,-0.0318,-261.9,-425.9,0,0.0,0.0,0.0000,0.00,0.00,0.00,0.00
7.7442,7.7421,2.1,0,12.2,-1793.6,2.6348,432.6,-1409.2,2.6274,165.0,-364.5,-0.0000,437.0,243.0,-0.0298,-264.1,-424.5,0,0.0,0.0,0.0000,0.00,0.00,0.00,0.00
7.7517,7.7505,1.2,0,12.0,-1793.8,2.6288,434.0,-1412.3,2.6274,160.6,-365.6,0.0000,438.2,240.8,-0.0058,-263.7,-424.8,0,0.0,0.0,0.0000,0.00,0.00,0.00,0.00
7.7605,7.7589,1.5,0,12.3,-1794.3,2.6249,435.3,-1415.4,2.6274,156.9,-367.6,0.0000,439.3,238.7,0.0097,-264.1,-424.6,0,0.0,0.0,0.0000,0.00,0.00,0.00,0.00
7.7679,7.7589,9.0,0,12.3,-1794.3,2.6249,435.3,-1415.4,2.6274,156.9,-367.6,0.0000,440.6,236.5,0.0097,-266.2,-423.2,0,0.0,0.0,0.0000,0.00,0.00,0.00,0.00
7.7767,7.7674,9.3,0,12.2,-1793.4,2.6317,436.6,-1418.5,2.6274,153.4,-369.8,-0.0000,442.3,233.1,-0.0176,-272.3,-419.3,0,0.0,0.0,0.0000,0.00,0.00,0.00,0.00
7.7841,7.7760,8.2,0,12.4,-1793.0,2.6320,437.9,-1421.7,2.6274,148.3,-371.6,-0.0000,443.7,230.5,-0.0187,-274.9,-417.7,0,0.0,0.0,0.0000,0.00,0.00,0.00,0.00
7.7920,7.7843,7.8,0,12.0,-1793.4,2.6315,439.1,-1424.8,2.6274,143.3,-373.5,-0.0000,444.9,228.2,-0.0166,-276.8,-416.4,0,0.0,0.0,0.0000,0.00,0.00,0.00,0.00
7.7998,7.7927,7.1,0,11.8,-1793.7,2.6337,440.3,-1427.9,2.6274,139.9,-374.6,-0.0000,446.0,226.0,-0.0255,-279.8,-414.4,0,0.0,0.0,0.0000,0.00,0.00,0.00,0.00
7.8087,7.8012,7.5,0,12.3,-1793.6,2.6295,441.5,-1431.1,2.6274,136.1,-375.9,-0.0000,447.2,223.6,-0.0086,-280.3,-414.0,0,0.0,0.0,0.0000,0.00,0.00,0.00,0.00
7.8158,7.8101,5.7,0,12.2,-1793.6,2.6336,442.7,-1434.4,2.6274,131.3,-377.9,0.0000,448.3,221.3,-0.0249,-284.0,-411.5,0,0.0,0.0,0.0000,0.00,0.00,0.00,0.00
7.8252,7.8182,7.0,0,12.3,-1793.1,2.6308,443.7,-1437.5,2.6274,127.2,-379.5,-0.0000,449.9,218.1,-0.0139,-285.9,-410.2,0,0.0,0.0,0.0000,0.00,0.00,0.00,0.00
7.8318,7.8265,5.3,0,12.1,-1793.3,2.6272,444.8,-1440.7,2.6274,123.1,-380.8,-0.0000,450.9,216.0,0.0005,-286.3,-409.9,0,0.0,0.0,0.0000,0.00,0.00,0.00,0.00
7.8397,7.8350,4.7,0,12.1,-1793.1,2.6251,445.8,-1443.9,2.6274,118.8,-382.2,-0.0000,452.3,213.2,0.0092,-288.0,-408.7,0,0.0,0.0,0.0000,0.00,0.00,0.00,0.00
7.8486,7.8438,4.8,0,12.1,-1793.3,2.6289,446.8,-1447.3,2.6274,113.9,-383.5,-0.0000,453.5,210.6,-0.0061,-291.9,-406.0,0,0.0,0.0,0.0000,0.00,0.00,0.00,0.00
7.8561,7.8519,4.2,0,12.1,-1793.8,2.6319,447.7,-1450.4,2.6274,109.8,-384.6,0.0000,454.3,208.9,-0.0180,-294.6,-404.0,0,0.0,0.0,0.0000,0.00,0.00,0.00,0.00
7.8638,7.8604,3.5,0,12.2,-1793.2,2.6336,448.7,-1453.7,2.6274,106.0,-385.6,-0.0000,455.6,205.9,-0.0250,-297.9,-401.6,0,0.0,0.0,0.0000,0.00,0.00,0.00,0.00
7.8722,7.8688,3.4,0,12.2,-1793.0,2.6309,449.5,-1456.9,2.6274,101.7,-386.8,0.0000,456.9,203.0,-0.0144,-299.4,-400.4,0,0.0,0.0,0.0000,0.00,0.00,0.00,0.00
7.8807,7.8775,3.2,0,12.5,-1793.0,2.6439,450.4,-1460.3,2.6274,97.0,-388.3,0.0000,458.0,200.5,-0.0661,-306.8,-394.8,0,0.0,0.0,0.0000,0.00,0.00,0.00,0.00
7.8879,7.8857,2.2,0,12.2,-1793.0,2.6272,451.2,-1463.5,2.6274,92.5,-389.2,0.0000,459.1,198.1,0.0004,-302.2,-398.3,0,0.0,0.0,0.0000,0.00,0.00,0.00,0.00
7.8963,7.8941,2.2,0,11.7,-1793.7,2.6322,451.9,-1466.8,2.6274,87.8,-389.8,0.0000,460.1,195.8,-0.0194,-306.2,-395.3,0,0.0,0.0,0.0000,0.00,0.00,0.00,0.00
7.9039,7.9026,1.3,0,11.8,-1793.4,2.6329,452.7,-1470.1,2.6274,83.5,-390.8,0.0000,461.2,193.1,-0.0221,-308.8,-393.3,0,0.0,0.0,0.0000,0.00,0.00,0.00,0.00
7.9129,7.9112,1.7,0,12.2,-1793.4,2.6271,453.4,-1473.4,2.6274,79.0,-391.7,0.0000,462.3,190.5,0.0009,-308.7,-393.3,0,0.0,0.0,0.0000,0.00,0.00,0.00,0.00
7.9200,7.9112,8.9,0,12.2,-1793.4,2.6271,453.4,-1473.4,2.6274,79.0,-391.7,0.0000,463.1,188.4,0.0009,-310.5,-391.9,0,0.0,0.0,0.0000,0.00,0.00,0.00,0.00
7.9282,7.9195,8.7,0,12.0,-1793.1,2.6303,454.0,-1476.7,2.6274,75.0,-392.9,0.0000,464.4,185.4,-0.0117,-314.3,-388.9,0,0.0,0.0,0.0000,0.00,0.00,0.00,0.00
7.9361,7.9279,8.2,0,12.2,-1792.9,2.6325,454.6,-1480.0,2.6274,71.2,-394.1,0.0000,465.5,182.6,-0.0205,-317.4,-386.3,0,0.0,0.0,0.0000,0.00,0.00,0.00,0.00
7.9445,7.9364,8.1,0,12.2,-1793.4,2.6319,455.2,-1483.3,2.6274,66.1,-394.6,0.0000,466.4,180.3,-0.0181,-319.1,-384.9,0,0.0,0.0,0.0000,0.00,0.00,0.00,0.00
7.9520,7.9450,7.0,0,12.3,-1793.3,2.6313,455.7,-1486.7,2.6274,61.0,-395.3,0.0000,467.4,177.7,-0.0160,-321.1,-383.3,0,0.0,0.0,0.0000,0.00,0.00,0.00,0.00
7.9599,7.9533,6.6,0,12.2,-1793.3,2.6282,456.2,-1490.0,2.6274,57.2,-396.0,0.0000,468.3,175.2,-0.0036,-321.9,-382.6,0,0.0,0.0,0.0000,0.00,0.00,0.00,0.00
7.9688,7.9617,7.0,0,12.2,-1793.4,2.6317,456.7,-1493.4,2.6274,53.0,-396.7,-0.0000,469.3,172.5,-0.0173,-325.4,-379.6,0,0.0,0.0,0.0000,0.00,0.00,0.00,0.00
7.9758,7.9702,5.6,0,12.1,-1792.7,2.6290,457.1,-1496.7,2.6274,48.4,-397.1,0.0000,470.4,169.6,-0.0068,-326.8,-378.5,0,0.0,0.0,0.0000,0.00,0.00,0.00,0.00
7.9844,7.9788,5.6,0,11.7,-1793.6,2.6226,457.5,-1500.1,2.6274,43.9,-397.6,-0.0000,471.1,167.4,0.0188,-326.1,-379.1,0,0.0,0.0,0.0000,0.00,0.00,0.00,0.00
7.9921,7.9871,5.0,0,12.1,-1793.5,2.6328,457.9,-1503.4,2.6274,39.7,-398.2,0.0000,472.0,164.9,-0.0219,-331.9,-374.0,0,0.0,0.0,0.0000,0.00,0.00,0.00,0.00
8.0002,7.9955,4.6,0,12.0,-1793.3,2.6252,458.2,-1506.8,2.6274,35.0,-398.6,0.0000,473.1,161.9,0.0086,-331.4,-374.4,0,0.0,0.0,0.0000,0.00,0.00,0.00,0.00
8.0086,8.0040,4.6,0,12.1,-1793.5,2.6313,458.5,-1510.2,2.6274,29.5,-398.6,0.0000,473.9,159.4,-0.0160,-335.7,-370.6,0,0.0,0.0,0.0000,0.00,0.00,0.00,0.00
8.0164,8.0126,3.8,0,12.2,-1793.7,2.6342,458.7,-1513.6,2.6274,24.9,-399.0,-0.0000,474.7,157.0,-0.0275,-338.6,-367.9,0,0.0,0.0,0.0000,0.00,0.00,0.00,0.00
8.0243,8.0209,3.4,0,11.8,-1794.0,2.6328,458.9,-1516.9,2.6274,21.4,-399.4,-0.0000,475.5,154.7,-0.0218,-339.9,-366.7,0,0.0,0.0,0.0000,0.00,0.00,0.00,0.00
8.0317,8.0293,2.3,0,12.5,-1792.8,2.6396,459.0,-1520.3,2.6274,17.1,-399.7,-0.0000,476.5,151.3,-0.0489,-344.9,-362.0,0,0.0,0.0,0.0000,0.00,0.00,0.00,0.00
8.0407,8.0293,11.3,0,12.5,-1792.8,2.6396,459.0,-1520.3,2.6274,17.1,-399.7,-0.0000,477.5,148.4,-0.0489,-347.2,-359.8,0,0.0,0.0,0.0000,0.00,0.00,0.00,0.00
8.0484,8.0464,2.0,0,11.8,-1793.4,2.6294,459.3,-1527.1,2.6274,8.1,-399.9,-0.0000,478.2,146.1,-0.0082,-345.2,-361.7,0,0.0,0.0,0.0000,0.00,0.00,0.00,0.00
8.0561,8.0547,1.4,0,11.9,-1793.6,2.6175,459.3,-1530.4,2.6274,3.1,-399.7,-0.0000,478.9,143.8,0.0395,-342.7,-364.1,0,0.0,0.0,0.0000,0.00,0.00,0.00,0.00
8.0637,8.0547,9.0,0,11.9,-1793.6,2.6175,459.3,-1530.4,2.6274,3.1,-399.7,-0.0000,479.7,141.0,0.0395,-344.7,-362.2,0,0.0,0.0,0.0000,0.00,0.00,0.00,0.00
8.0720,8.0632,8.8,0,11.9,-1792.9,2.6225,459.3,-1533.8,2.6274,-1.5,-399.8,-0.0000,480.7,137.6,0.0195,-349.1,-358.0,0,0.0,0.0,0.0000,0.00,0.00,0.00,0.00
8.0803,8.0716,8.7,0,12.1,-1793.2,2.6294,459.3,-1537.2,2.6274,-6.2,-399.9,-0.0000,481.3,135.4,-0.0081,-353.2,-353.9,0,0.0,0.0,0.0000,0.00,0.00,0.00,0.00
8.0884,8.0801,8.2,0,12.1,-1793.3,2.6292,459.2,-1540.6,2.6274,-10.2,-399.8,0.0000,482.0,132.8,-0.0073,-355.0,-352.1,0,0.0,0.0,0.0000,0.00,0.00,0.00,0.00
8.0963,8.0885,7.7,0,11.9,-1793.5,2.6208,459.1,-1544.0,2.6274,-14.3,-399.8,0.0000,482.7,130.4,0.0261,-353.8,-353.3,0,0.0,0.0,0.0000,0.00,0.00,0.00,0.00
8.1042,8.0969,7.3,0,12.1,-1793.4,2.6303,459.0,-1547.3,2.6274,-18.7,-399.5,0.0000,483.5,127.5,-0.0118,-359.2,-347.8,0,0.0,0.0,0.0000,0.00,0.00,0.00,0.00
8.1125,8.1054,7.1,0,11.9,-1793.3,2.6309,458.8,-1550.7,2.6274,-23.1,-399.3,-0.0000,484.3,124.4,-0.0144,-361.7,-345.2,0,0.0,0.0,0.0000,0.00,0.00,0.00,0.00
8.1197,8.1139,5.8,0,12.3,-1792.4,2.6380,458.6,-1554.1,2.6274,-28.6,-399.1,0.0000,485.1,121.1,-0.0425,-366.4,-340.2,0,0.0,0.0,0.0000,0.00,0.00,0.00,0.00
8.1279,8.1223,5.6,0,11.8,-1793.6,2.6278,458.3,-1557.4,2.6274,-33.7,-398.8,-0.0000,485.5,119.5,-0.0017,-364.1,-342.7,0,0.0,0.0,0.0000,0.00,0.00,0.00,0.00
8.1359,8.1307,5.2,0,12.0,-1793.8,2.6274,458.0,-1560.8,2.6274,-37.7,-398.2,-0.0000,486.1,117.1,-0.0001,-365.6,-341.0,0,0.0,0.0,0.0000,0.00,0.00,0.00,0.00
8.1445,8.1392,5.3,0,11.9,-1793.1,2.6187,457.7,-1564.2,2.6274,-41.9,-397.7,0.0000,487.0,113.5,0.0347,-365.2,-341.5,0,0.0,0.0,0.0000,0.00,0.00,0.00,0.00
8.1522,8.1476,4.6,0,12.2,-1793.3,2.6329,457.3,-1567.5,2.6274,-45.5,-397.5,0.0000,487.5,111.2,-0.0222,-371.6,-334.5,0,0.0,0.0,0.0000,0.00,0.00,0.00,0.00
8.1599,8.1561,3.8,0,11.9,-1793.9,2.6316,456.9,-1570.9,2.6274,-49.9,-397.0,0.0000,488.0,108.8,-0.0169,-372.8,-333.2,0,0.0,0.0,0.0000,0.00,0.00,0.00,0.00
8.1683,8.1645,3.8,0,12.5,-1793.4,2.6342,456.5,-1574.2,2.6274,-55.1,-395.9,-0.0000,488.7,105.6,-0.0274,-375.8,-329.8,0,0.0,0.0,0.0000,0.00,0.00,0.00,0.00
8.1766,8.1730,3.6,0,11.8,-1793.0,2.6271,456.0,-1577.6,2.6274,-59.7,-395.2,-0.0000,489.4,102.4,0.0012,-375.7,-330.0,0,0.0,0.0,0.0000,0.00,0.00,0.00,0.00
8.1846,8.1814,3.2,0,11.8,-1793.4,2.6256,455.5,-1580.9,2.6274,-64.3,-394.5,-0.0000,489.9,100.1,0.0068,-376.7,-328.7,0,0.0,0.0,0.0000,0.00,0.00,0.00,0.00
8.1926,8.1899,2.7,0,12.3,-1793.5,2.6314,454.9,-1584.3,2.6274,-68.6,-394.0,-0.0000,490.4,97.3,-0.0160,-380.4,-324.4,0,0.0,0.0,0.0000,0.00,0.00,0.00,0.00
8.2000,8.1983,1.6,0,11.8,-1793.6,2.6288,454.3,-1587.6,2.6274,-72.8,-393.6,-0.0000,490.9,94.9,-0.0057,-381.2,-323.5,0,0.0,0.0,0.0000,0.00,0.00,0.00,0.00
8.2083,8.2068,1.5,0,12.1,-1793.5,2.6280,453.7,-1590.9,2.6274,-77.2,-392.7,0.0000,491.4,92.1,-0.0027,-382.8,-321.7,0,0.0,0.0,0.0000,0.00,0.00,0.00,0.00
8.2164,8.2152,1.2,0,12.0,-1794.1,2.6270,453.0,-1594.2,2.6274,-81.5,-391.7,-0.0000,491.8,90.0,0.0015,-383.8,-320.4,0,0.0,0.0,0.0000,0.00,0.00,0.00,0.00
8.2368,8.2321,4.6,0,12.1,-1793.2,2.6272,451.5,-1600.8,2.6274,-91.0,-389.4,-0.0000,493.3,81.7,0.0006,-389.2,-313.8,0,0.0,0.0,0.0000,0.00,0.00,0.00,0.00
8.2398,8.2321,7.6,0,12.1,-1793.2,2.6272,451.5,-1600.8,2.6274,-91.0,-389.4,-0.0000,493.5,80.6,0.0006,-389.9,-313.0,0,0.0,0.0,0.0000,0.00,0.00,0.00,0.00
8.2479,8.2406,7.3,0,12.2,-1793.5,2.6364,450.7,-1604.1,2.6274,-95.0,-388.7,0.0000,493.8,78.3,-0.0362,-394.3,-307.5,0,0.0,0.0,0.0000,0.00,0.00,0.00,0.00
8.2567,8.2490,7.7,0,11.8,-1793.7,2.6249,449.9,-1607.4,2.6274,-99.0,-387.9,0.0000,494.3,75.4,0.0096,-392.5,-309.7,0,0.0,0.0,0.0000,0.00,0.00,0.00,0.00
8.2644,8.2574,6.9,0,12.5,-1793.7,2.6346,449.1,-1610.6,2.6274,-103.7,-386.3,0.0000,494.6,73.0,-0.0291,-397.0,-304.0,0,0.0,0.0,0.0000,0.00,0.00,0.00,0.00
8.2725,8.2659,6.6,0,12.4,-1793.6,2.6343,448.2,-1613.9,2.6274,-108.2,-384.9,0.0000,495.0,70.2,-0.0280,-398.6,-301.9,0,0.0,0.0,0.0000,0.00,0.00,0.00,0.00
8.2800,8.2744,5.6,0,12.3,-1793.0,2.6317,447.2,-1617.2,2.6274,-111.8,-384.0,-0.0000,495.5,66.7,-0.0173,-400.0,-300.1,0,0.0,0.0,0.0000,0.00,0.00,0.00,0.00
8.2884,8.2829,5.4,0,12.2,-1793.3,2.6290,446.3,-1620.4,2.6274,-116.0,-382.8,-0.0000,496.0,63.5,-0.0066,-401.1,-298.5,0,0.0,0.0,0.0000,0.00,0.00,0.00,0.00
8.2964,8.2913,5.2,0,12.0,-1793.6,2.6274,445.3,-1623.6,2.6274,-121.1,-381.0,0.0000,496.3,61.0,-0.0004,-402.1,-297.2,0,0.0,0.0,0.0000,0.00,0.00,0.00,0.00
8.3041,8.2998,4.3,0,12.4,-1792.6,2.6355,444.2,-1626.9,2.6274,-125.7,-379.6,0.0000,496.7,57.4,-0.0325,-406.6,-291.0,0,0.0,0.0,0.0000,0.00,0.00,0.00,0.00
8.3123,8.3082,4.1,0,12.5,-1793.6,2.6319,443.2,-1630.0,2.6274,-129.8,-378.5,-0.0000,496.9,55.9,-0.0182,-406.5,-291.2,0,0.0,0.0,0.0000,0.00,0.00,0.00,0.00
8.3205,8.3167,3.8,0,11.9,-1792.2,2.6212,442.0,-1633.3,2.6274,-134.0,-377.1,-0.0000,497.4,51.2,0.0246,-406.1,-291.7,0,0.0,0.0,0.0000,0.00,0.00,0.00,0.00
8.3287,8.3251,3.7,0,12.3,-1793.0,2.6346,440.9,-1636.4,2.6274,-137.8,-375.5,-0.0000,497.6,49.4,-0.0289,-411.0,-284.8,0,0.0,0.0,0.0000,0.00,0.00,0.00,0.00
8.3366,8.3336,3.0,0,12.1,-1793.4,2.6258,439.7,-1639.6,2.6274,-142.2,-373.9,0.0000,497.8,46.8,0.0062,-409.9,-286.3,0,0.0,0.0,0.0000,0.00,0.00,0.00,0.00
8.3442,8.3420,2.2,0,12.4,-1793.3,2.6345,438.5,-1642.8,2.6274,-146.6,-372.2,-0.0000,498.1,44.1,-0.0285,-414.0,-280.4,0,0.0,0.0,0.0000,0.00,0.00,0.00,0.00
8.3517,8.3420,9.6,0,12.4,-1793.3,2.6345,438.5,-1642.8,2.6274,-146.6,-372.2,-0.0000,498.3,41.4,-0.0285,-415.5,-278.2,0,0.0,0.0,0.0000,0.00,0.00,0.00,0.00
8.3599,8.3506,9.3,0,11.7,-1793.0,2.6287,437.2,-1645.9,2.6274,-150.8,-370.3,0.0000,498.6,38.0,-0.0052,-415.8,-277.7,0,0.0,0.0,0.0000,0.00,0.00,0.00,0.00
8.3687,8.3590,9.7,0,11.9,-1793.3,2.6316,435.9,-1649.0,2.6274,-155.1,-368.0,0.0000,498.7,35.4,-0.0170,-418.0,-274.3,0,0.0,0.0,0.0000,0.00,0.00,0.00,0.00
8.3761,8.3673,8.8,0,12.4,-1793.2,2.6350,434.6,-1652.1,2.6274,-158.9,-367.0,0.0000,498.9,32.7,-0.0308,-420.4,-270.7,0,0.0,0.0,0.0000,0.00,0.00,0.00,0.00
8.3842,8.3758,8.4,0,11.8,-1793.1,2.6240,433.3,-1655.2,2.6274,-162.8,-366.2,-0.0000,499.1,29.7,0.0133,-419.0,-272.8,0,0.0,0.0,0.0000,0.00,0.00,0.00,0.00
8.3920,8.3843,7.7,0,12.1,-1792.7,2.6266,431.9,-1658.3,2.6274,-166.9,-363.7,0.0000,499.3,26.4,0.0028,-421.6,-268.8,0,0.0,0.0,0.0000,0.00,0.00,0.00,0.00
8.3998,8.3927,7.1,0,11.9,-1793.4,2.6305,430.4,-1661.3,2.6274,-170.8,-361.4,-0.0000,499.4,24.3,-0.0127,-423.7,-265.5,0,0.0,0.0,0.0000,0.00,0.00,0.00,0.00
8.4088,8.4011,7.7,0,12.0,-1792.9,2.6268,429.0,-1664.4,2.6274,-175.5,-359.3,-0.0000,499.6,20.3,0.0022,-424.8,-263.6,0,0.0,0.0,0.0000,0.00,0.00,0.00,0.00
8.4163,8.4095,6.8,0,12.0,-1793.1,2.6261,427.5,-1667.4,2.6274,-179.9,-357.1,0.0000,499.7,17.8,0.0049,-426.0,-261.8,0,0.0,0.0,0.0000,0.00,0.00,0.00,0.00
8.4246,8.4180,6.6,0,11.8,-1793.1,2.6266,425.9,-1670.4,2.6274,-183.7,-355.5,0.0000,499.8,14.9,0.0031,-427.6,-259.1,0,0.0,0.0,0.0000,0.00,0.00,0.00,0.00
8.4325,8.4265,6.0,0,11.9,-1793.3,2.6200,424.4,-1673.4,2.6274,-187.6,-353.6,-0.0000,499.8,12.6,0.0295,-427.1,-260.0,0,0.0,0.0,0.0000,0.00,0.00,0.00,0.00
8.4404,8.4349,5.5,0,11.9,-1793.4,2.6288,422.8,-1676.4,2.6274,-191.1,-351.4,-0.0000,499.9,9.9,-0.0057,-430.7,-253.9,0,0.0,0.0,0.0000,0.00,0.00,0.00,0.00
8.4486,8.4435,5.2,0,12.0,-1793.6,2.6290,421.1,-1679.4,2.6274,-195.0,-349.2,0.0000,499.9,7.1,-0.0067,-432.2,-251.4,0,0.0,0.0,0.0000,0.00,0.00,0.00,0.00
8.4565,8.4518,4.7,0,12.1,-1793.4,2.6281,419.5,-1682.3,2.6274,-199.2,-347.0,-0.0000,500.0,4.0,-0.0032,-433.5,-249.1,0,0.0,0.0,0.0000,0.00,0.00,0.00,0.00
8.4640,8.4603,3.7,0,12.0,-1793.3,2.6244,417.8,-1685.2,2.6274,-203.1,-344.6,0.0000,500.0,1.3,0.0120,-434.0,-248.4,0,0.0,0.0,0.0000,0.00,0.00,0.00,0.00
8.4721,8.4687,3.3,0,12.4,-1793.4,2.6287,416.0,-1688.1,2.6274,-207.0,-341.8,-0.0000,500.0,-1.6,-0.0053,-436.4,-244.0,0,0.0,0.0,0.0000,0.00,0.00,0.00,0.00
8.4805,8.4772,3.3,0,12.1,-1793.3,2.6308,414.3,-1691.0,2.6274,-210.7,-339.5,0.0000,500.0,-5.0,-0.0138,-438.6,-240.1,0,0.0,0.0,0.0000,0.00,0.00,0.00,0.00
8.4882,8.4856,2.6,0,12.3,-1793.2,2.6348,412.5,-1693.9,2.6274,-214.5,-337.6,0.0000,499.9,-7.9,-0.0300,-440.9,-235.7,0,0.0,0.0,0.0000,0.00,0.00,0.00,0.00
8.4957,8.4941,1.7,0,12.2,-1793.6,2.6337,410.7,-1696.7,2.6274,-218.1,-335.3,0.0000,499.9,-9.7,-0.0255,-441.5,-234.6,0,0.0,0.0,0.0000,0.00,0.00,0.00,0.00
8.5047,8.5025,2.2,0,12.0,-1793.0,2.6202,408.8,-1699.5,2.6274,-221.5,-332.9,0.0000,499.8,-14.0,0.0286,-440.4,-236.8,0,0.0,0.0,0.0000,0.00,0.00,0.00,0.00
8.5124,8.5025,9.8,0,12.0,-1793.0,2.6202,408.8,-1699.5,2.6274,-221.5,-332.9,0.0000,499.7,-17.1,0.0286,-441.8,-234.1,0,0.0,0.0,0.0000,0.00,0.00,0.00,0.00
8.5207,8.5194,1.2,0,12.3,-1793.2,2.6335,405.0,-1705.1,2.6274,-229.9,-327.4,0.0000,499.6,-19.9,-0.0247,-446.2,-225.7,0,0.0,0.0,0.0000,0.00,0.00,0.00,0.00
8.5280,8.5194,8.6,0,12.3,-1793.2,2.6335,405.0,-1705.1,2.6274,-229.9,-327.4,0.0000,499.5,-22.6,-0.0247,-447.4,-223.2,0,0.0,0.0,0.0000,0.00,0.00,0.00,0.00
8.5357,8.5279,7.8,0,12.1,-1792.9,2.6287,403.0,-1707.9,2.6274,-233.7,-324.9,-0.0000,499.3,-25.8,-0.0052,-447.7,-222.6,0,0.0,0.0,0.0000,0.00,0.00,0.00,0.00
8.5448,8.5364,8.5,0,12.2,-1793.4,2.6362,401.0,-1710.6,2.6274,-237.8,-322.4,0.0000,499.2,-28.1,-0.0353,-450.4,-217.1,0,0.0,0.0,0.0000,0.00,0.00,0.00,0.00
8.5522,8.5448,7.3,0,12.0,-1793.2,2.6316,399.0,-1713.3,2.6274,-240.4,-319.5,0.0000,499.0,-31.1,-0.0170,-450.7,-216.5,0,0.0,0.0,0.0000,0.00,0.00,0.00,0.00
8.5605,8.5532,7.3,0,12.0,-1793.4,2.6292,397.0,-1716.0,2.6274,-243.3,-316.7,-0.0000,498.8,-34.0,-0.0075,-451.4,-214.9,0,0.0,0.0,0.0000,0.00,0.00,0.00,0.00
8.5686,8.5617,6.9,0,11.6,-1793.4,2.6204,394.9,-1718.7,2.6274,-247.5,-314.3,0.0000,498.6,-36.9,0.0277,-450.8,-216.2,0,0.0,0.0,0.0000,0.00,0.00,0.00,0.00
8.5758,8.5701,5.7,0,12.3,-1793.2,2.6323,392.8,-1721.3,2.6274,-251.3,-311.6,0.0000,498.4,-39.9,-0.0198,-454.6,-208.2,0,0.0,0.0,0.0000,0.00,0.00,0.00,0.00
8.5846,8.5789,5.7,0,12.3,-1793.0,2.6404,390.6,-1724.0,2.6274,-254.9,-308.1,-0.0000,498.1,-43.7,-0.0523,-457.8,-201.0,0,0.0,0.0,0.0000,0.00,0.00,0.00,0.00
8.5928,8.5870,5.8,0,12.0,-1793.7,2.6321,388.5,-1726.5,2.6274,-258.3,-305.2,-0.0000,497.9,-46.0,-0.0190,-457.1,-202.7,0,0.0,0.0,0.0000,0.00,0.00,0.00,0.00
8.6009,8.5955,5.3,0,11.7,-1792.7,2.6193,386.3,-1729.1,2.6274,-261.7,-302.7,0.0000,497.5,-50.4,0.0322,-456.3,-204.5,0,0.0,0.0,0.0000,0.00,0.00,0.00,0.00
8.6086,8.6040,4.6,0,12.1,-1793.0,2.6252,384.0,-1731.6,2.6274,-265.1,-299.9,0.0000,497.3,-51.9,0.0084,-458.1,-200.4,0,0.0,0.0,0.0000,0.00,0.00,0.00,0.00
8.6164,8.6128,3.6,0,12.0,-1793.4,2.6291,381.7,-1734.3,2.6274,-268.4,-296.9,0.0000,497.0,-54.4,-0.0070,-459.8,-196.3,0,0.0,0.0,0.0000,0.00,0.00,0.00,0.00
8.6239,8.6209,3.0,0,11.9,-1793.2,2.6229,379.5,-1736.7,2.6274,-271.6,-293.7,0.0000,496.6,-58.2,0.0177,-460.2,-195.6,0,0.0,0.0,0.0000,0.00,0.00,0.00,0.00
8.6317,8.6293,2.4,0,11.8,-1793.1,2.6208,377.2,-1739.1,2.6274,-275.0,-290.1,0.0000,496.2,-61.3,0.0262,-461.0,-193.7,0,0.0,0.0,0.0000,0.00,0.00,0.00,0.00
8.6400,8.6378,2.2,0,12.2,-1793.2,2.6314,374.9,-1741.6,2.6274,-278.3,-287.0,0.0000,495.9,-64.0,-0.0162,-464.0,-186.4,0,0.0,0.0,0.0000,0.00,0.00,0.00,0.00
8.6477,8.6378,10.0,0,12.2,-1793.2,2.6314,374.9,-1741.6,2.6274,-278.3,-287.0,0.0000,495.5,-66.9,-0.0162,-465.1,-183.6,0,0.0,0.0,0.0000,0.00,0.00,0.00,0.00
8.6560,8.6547,1.3,0,12.5,-1793.7,2.6367,370.1,-1746.4,2.6274,-284.6,-281.0,0.0000,495.2,-69.3,-0.0375,-466.9,-178.8,0,0.0,0.0,0.0000,0.00,0.00,0.00,0.00
8.6642,8.6631,1.0,0,11.9,-1793.3,2.6287,367.7,-1748.7,2.6274,-287.7,-277.5,-0.0000,494.7,-72.9,-0.0055,-466.8,-179.2,0,0.0,0.0,0.0000,0.00,0.00,0.00,0.00
8.6718,8.6631,8.6,0,11.9,-1793.3,2.6287,367.7,-1748.7,2.6274,-287.7,-277.5,-0.0000,494.3,-75.2,-0.0055,-467.6,-177.0,0,0.0,0.0,0.0000,0.00,0.00,0.00,0.00
8.6808,8.6716,9.2,0,11.5,-1793.0,2.6206,365.3,-1751.1,2.6274,-290.7,-274.8,0.0000,493.7,-79.3,0.0268,-467.6,-176.9,0,0.0,0.0,0.0000,0.00,0.00,0.00,0.00
8.6886,8.6802,8.4,0,12.4,-1793.3,2.6293,362.7,-1753.4,2.6274,-293.6,-272.2,0.0000,493.1,-82.6,-0.0076,-470.3,-169.8,0,0.0,0.0,0.0000,0.00,0.00,0.00,0.00
8.6961,8.6885,7.6,0,11.9,-1793.8,2.6349,360.3,-1755.7,2.6274,-297.0,-267.8,-0.0000,492.8,-84.3,-0.0303,-471.8,-165.5,0,0.0,0.0,0.0000,0.00,0.00,0.00,0.00
8.7047,8.6968,7.9,0,12.4,-1793.2,2.6345,357.8,-1757.9,2.6274,-300.4,-263.4,-0.0000,492.1,-88.5,-0.0287,-473.2,-161.6,0,0.0,0.0,0.0000,0.00,0.00,0.00,0.00
8.7128,8.7054,7.4,0,11.9,-1793.0,2.6263,355.2,-1760.1,2.6274,-302.9,-261.4,-0.0000,491.5,-91.7,0.0042,-472.9,-162.4,0,0.0,0.0,0.0000,0.00,0.00,0.00,0.00
8.7206,8.7139,6.8,0,11.8,-1793.2,2.6262,352.6,-1762.3,2.6274,-305.6,-258.6,-0.0000,491.0,-94.4,0.0046,-473.8,-159.8,0,0.0,0.0,0.0000,0.00,0.00,0.00,0.00
8.7281,8.7223,5.8,0,12.3,-1793.1,2.6308,350.0,-1764.5,2.6274,-308.3,-254.4,-0.0000,490.4,-97.7,-0.0138,-475.5,-154.5,0,0.0,0.0,0.0000,0.00,0.00,0.00,0.00
8.7367,8.7307,5.9,0,12.1,-1793.0,2.6290,347.4,-1766.6,2.6274,-311.1,-250.6,0.0000,489.6,-101.3,-0.0066,-476.4,-151.9,0,0.0,0.0,0.0000,0.00,0.00,0.00,0.00
8.7439,8.7386,5.3,0,12.2,-1793.2,2.6291,345.0,-1768.6,2.6274,-314.7,-247.7,-0.0000,489.1,-103.7,-0.0071,-477.1,-149.4,0,0.0,0.0,0.0000,0.00,0.00,0.00,0.00
8.7526,8.7472,5.4,0,11.7,-1793.3,2.6280,342.2,-1770.7,2.6274,-317.9,-244.0,0.0000,488.5,-106.6,-0.0026,-477.9,-147.1,0,0.0,0.0,0.0000,0.00,0.00,0.00,0.00
8.7599,8.7555,4.4,0,12.3,-1793.1,2.6346,339.6,-1772.7,2.6274,-319.7,-239.7,-0.0000,487.7,-110.3,-0.0289,-479.9,-140.4,0,0.0,0.0,0.0000,0.00,0.00,0.00,0.00
8.7681,8.7640,4.1,0,12.1,-1793.0,2.6345,336.9,-1774.7,2.6274,-322.2,-236.2,0.0000,486.9,-113.5,-0.0287,-480.8,-137.2,0,0.0,0.0,0.0000,0.00,0.00,0.00,0.00
8.7764,8.7723,4.1,0,12.0,-1793.1,2.6281,334.2,-1776.7,2.6274,-325.3,-233.6,0.0000,486.3,-116.4,-0.0030,-480.7,-137.5,0,0.0,0.0,0.0000,0.00,0.00,0.00,0.00
8.7843,8.7809,3.4,0,12.4,-1793.0,2.6368,331.4,-1778.7,2.6274,-327.8,-229.9,0.0000,485.5,-119.6,-0.0380,-482.8,-130.1,0,0.0,0.0,0.0000,0.00,0.00,0.00,0.00
8.7927,8.7893,3.4,0,11.8,-1793.0,2.6264,328.6,-1780.6,2.6274,-329.8,-225.7,0.0000,484.7,-122.6,0.0040,-482.2,-132.1,0,0.0,0.0,0.0000,0.00,0.00,0.00,0.00
8.8005,8.7978,2.8,0,12.0,-1793.1,2.6275,325.8,-1782.5,2.6274,-332.5,-221.9,-0.0000,483.8,-126.1,-0.0006,-483.3,-128.1,0,0.0,0.0,0.0000,0.00,0.00,0.00,0.00
8.8078,8.8062,1.6,0,12.1,-1793.1,2.6247,323.0,-1784.3,2.6274,-335.4,-218.0,0.0000,483.0,-129.2,0.0106,-483.8,-126.4,0,0.0,0.0,0.0000,0.00,0.00,0.00,0.00
8.8164,8.8062,10.2,0,12.1,-1793.1,2.6247,323.0,-1784.3,2.6274,-335.4,-218.0,0.0000,482.0,-132.8,0.0106,-484.7,-122.8,0,0.0,0.0,0.0000,0.00,0.00,0.00,0.00
8.8239,8.8148,9.1,0,12.2,-1792.9,2.6291,320.1,-1786.2,2.6274,-338.0,-214.3,0.0000,481.1,-136.1,-0.0071,-486.1,-117.3,0,0.0,0.0,0.0000,0.00,0.00,0.00,0.00
8.8326,8.8232,9.4,0,12.0,-1793.4,2.6307,317.3,-1788.0,2.6274,-340.5,-210.7,0.0000,480.7,-137.4,-0.0135,-486.6,-115.2,0,0.0,0.0,0.0000,0.00,0.00,0.00,0.00
8.8402,8.8315,8.7,0,12.0,-1793.7,2.6316,314.4,-1789.7,2.6274,-342.4,-206.9,-0.0000,480.0,-139.9,-0.0171,-487.2,-112.2,0,0.0,0.0,0.0000,0.00,0.00,0.00,0.00
8.8482,8.8400,8.2,0,12.4,-1793.6,2.6308,311.5,-1791.5,2.6274,-344.4,-203.1,-0.0000,478.9,-143.8,-0.0139,-488.1,-108.7,0,0.0,0.0,0.0000,0.00,0.00,0.00,0.00
8.8564,8.8486,7.8,0,11.9,-1793.4,2.6285,308.5,-1793.2,2.6274,-346.8,-199.1,0.0000,477.7,-147.5,-0.0045,-488.6,-106.0,0,0.0,0.0,0.0000,0.00,0.00,0.00,0.00
8.8640,8.8569,7.0,0,12.2,-1793.2,2.6314,305.6,-1794.8,2.6274,-349.1,-195.2,0.0000,476.2,-152.3,-0.0161,-490.0,-99.7,0,0.0,0.0,0.0000,0.00,0.00,0.00,0.00
8.8726,8.8654,7.3,0,12.5,-1793.2,2.6394,302.7,-1796.4,2.6274,-351.2,-190.8,0.0000,475.1,-155.9,-0.0483,-491.5,-92.0,0,0.0,0.0,0.0000,0.00,0.00,0.00,0.00
8.8799,8.8738,6.0,0,12.0,-1792.8,2.6271,299.7,-1798.0,2.6274,-353.3,-186.6,-0.0000,474.1,-158.9,0.0010,-490.9,-95.0,0,0.0,0.0,0.0000,0.00,0.00,0.00,0.00
8.8884,8.8823,6.2,0,11.7,-1793.0,2.6271,296.7,-1799.6,2.6274,-356.2,-183.1,-0.0000,473.2,-161.5,0.0009,-491.4,-92.3,0,0.0,0.0,0.0000,0.00,0.00,0.00,0.00
8.8957,8.8907,5.0,0,12.2,-1793.6,2.6322,293.7,-1801.1,2.6274,-358.4,-179.4,0.0000,462.4,-159.9,-0.0196,-481.7,-85.9,0,0.0,0.0,0.0000,0.00,0.00,0.00,0.00
8.9039,8.8992,4.6,0,12.1,-1793.4,2.6309,290.6,-1802.6,2.6274,-359.0,-175.9,-0.0000,452.4,-160.5,-0.0140,-473.1,-81.2,0,0.0,0.0,0.0000,0.00,0.00,0.00,0.00
8.9117,8.9076,4.1,0,12.1,-1792.1,2.6369,287.6,-1804.1,2.6274,-360.7,-171.7,0.0000,442.3,-165.2,-0.0382,-467.1,-69.2,0,0.0,0.0,0.0000,0.00,0.00,0.00,0.00
8.9197,8.9160,3.7,0,11.6,-1793.1,2.6198,284.6,-1805.5,2.6274,-364.0,-166.3,0.0000,433.8,-162.3,0.0302,-457.0,-75.5,0,0.0,0.0,0.0000,0.00,0.00,0.00,0.00
8.9288,8.9245,4.2,0,12.0,-1793.4,2.6285,281.5,-1806.9,2.6274,-366.0,-161.9,0.0000,421.6,-161.6,-0.0045,-446.7,-66.2,0,0.0,0.0,0.0000,0.00,0.00,0.00,0.00
8.9359,8.9330,3.0,0,12.1,-1792.9,2.6301,278.4,-1808.3,2.6274,-367.2,-158.2,0.0000,412.6,-162.8,-0.0109,-439.4,-60.0,0,0.0,0.0,0.0000,0.00,0.00,0.00,0.00
8.9453,8.9414,4.0,0,11.8,-1793.2,2.6279,275.3,-1809.6,2.6274,-368.9,-154.5,0.0000,402.0,-160.6,-0.0021,-429.0,-57.6,0,0.0,0.0,0.0000,0.00,0.00,0.00,0.00
8.9520,8.9498,2.2,0,11.9,-1793.2,2.6272,272.2,-1810.9,2.6274,-370.8,-151.2,-0.0000,393.2,-160.0,0.0006,-421.0,-54.1,0,0.0,0.0,0.0000,0.00,0.00,0.00,0.00
8.9607,8.9498,10.9,0,11.9,-1793.2,2.6272,272.2,-1810.9,2.6274,-370.8,-151.2,-0.0000,381.2,-159.4,0.0006,-410.3,-48.7,0,0.0,0.0,0.0000,0.00,0.00,0.00,0.00
8.9683,8.9668,1.6,0,12.0,-1793.4,2.6236,265.8,-1813.4,2.6274,-373.1,-142.1,-0.0000,371.6,-158.4,0.0152,-401.2,-46.4,0,0.0,0.0,0.0000,0.00,0.00,0.00,0.00
8.9761,8.9668,9.3,0,12.0,-1793.4,2.6236,265.8,-1813.4,2.6274,-373.1,-142.1,-0.0000,362.6,-157.9,0.0152,-393.2,-42.4,0,0.0,0.0,0.0000,0.00,0.00,0.00,0.00
8.9845,8.9752,9.3,0,12.0,-1793.2,2.6290,262.7,-1814.5,2.6274,-375.1,-137.6,-0.0000,351.9,-157.5,-0.0066,-383.9,-35.3,0,0.0,0.0,0.0000,0.00,0.00,0.00,0.00
8.9917,8.9836,8.1,0,12.0,-1792.9,2.6097,259.5,-1815.7,2.6274,-377.3,-132.9,-0.0000,342.9,-157.5,0.0704,-375.4,-38.2,0,0.0,0.0,0.0000,0.00,0.00,0.00,0.00
9.0007,8.9922,8.5,0,12.2,-1793.3,2.6315,256.3,-1816.8,2.6274,-378.8,-129.1,0.0000,330.9,-155.2,-0.0164,-364.6,-26.2,0,0.0,0.0,0.0000,0.00,0.00,0.00,0.00
9.0089,9.0005,8.3,0,12.2,-1793.1,2.6335,253.1,-1817.9,2.6274,-380.4,-125.2,-0.0000,320.2,-154.3,-0.0244,-354.8,-21.0,0,0.0,0.0,0.0000,0.00,0.00,0.00,0.00
9.0166,9.0090,7.6,0,12.3,-1793.3,2.6350,249.9,-1818.9,2.6274,-381.5,-121.2,0.0000,310.6,-152.3,-0.0305,-345.5,-17.5,0,0.0,0.0,0.0000,0.00,0.00,0.00,0.00
9.0244,9.0174,7.0,0,12.1,-1793.5,2.6293,246.7,-1819.9,2.6274,-382.6,-117.2,0.0000,301.9,-150.2,-0.0077,-336.7,-17.1,0,0.0,0.0,0.0000,0.00,0.00,0.00,0.00
9.0326,9.0259,6.7,0,12.3,-1793.8,2.6306,243.4,-1820.9,2.6274,-383.5,-112.1,0.0000,291.0,-148.1,-0.0129,-326.2,-13.2,0,0.0,0.0,0.0000,0.00,0.00,0.00,0.00
9.0407,9.0344,6.3,0,12.4,-1793.9,2.6381,240.2,-1821.8,2.6274,-384.7,-107.4,0.0000,280.7,-146.6,-0.0430,-316.6,-7.0,0,0.0,0.0,0.0000,0.00,0.00,0.00,0.00
9.0482,9.0428,5.4,0,12.1,-1792.8,2.6287,236.9,-1822.7,2.6274,-386.9,-103.1,-0.0000,272.5,-147.9,-0.0054,-310.1,-4.8,0,0.0,0.0,0.0000,0.00,0.00,0.00,0.00
9.0566,9.0512,5.4,0,11.8,-1793.2,2.6272,233.7,-1823.6,2.6274,-388.2,-98.8,-0.0000,262.9,-144.2,0.0005,-299.8,-3.8,0,0.0,0.0,0.0000,0.00,0.00,0.00,0.00
9.0645,9.0512,13.3,0,11.8,-1793.2,2.6272,233.7,-1823.6,2.6274,-388.2,-98.8,-0.0000,252.9,-142.0,0.0005,-290.0,-0.8,0,0.0,0.0,0.0000,0.00,0.00,0.00,0.00
9.0722,9.0682,4.1,0,12.3,-1792.9,2.6353,227.1,-1825.2,2.6274,-389.3,-90.4,-0.0000,241.4,-140.5,-0.0318,-279.3,5.8,0,0.0,0.0,0.0000,0.00,0.00,0.00,0.00
9.0798,9.0766,3.2,0,12.1,-1793.3,2.6319,223.8,-1825.9,2.6274,-390.3,-86.1,-0.0000,233.0,-137.8,-0.0182,-270.6,6.6,0,0.0,0.0,0.0000,0.00,0.00,0.00,0.00
9.0881,9.0850,3.1,0,12.2,-1792.8,2.6249,220.5,-1826.6,2.6274,-391.4,-81.7,0.0000,223.2,-137.8,0.0098,-262.1,9.6,0,0.0,0.0,0.0000,0.00,0.00,0.00,0.00
9.0964,9.0935,2.9,0,12.1,-1793.1,2.6290,217.2,-1827.3,2.6274,-393.0,-77.1,-0.0000,213.3,-134.5,-0.0068,-251.9,12.6,0,0.0,0.0,0.0000,0.00,0.00,0.00,0.00
9.1039,9.0935,10.4,0,12.1,-1793.1,2.6290,217.2,-1827.3,2.6274,-393.0,-77.1,-0.0000,203.9,-132.3,-0.0068,-242.6,15.3,0,0.0,0.0,0.0000,0.00,0.00,0.00,0.00
9.1123,9.1104,1.9,0,11.9,-1793.0,2.6220,210.5,-1828.5,2.6274,-394.0,-68.1,-0.0000,194.0,-129.6,0.0212,-232.7,16.1,0,0.0,0.0,0.0000,0.00,0.00,0.00,0.00
9.1199,9.1104,9.5,0,11.9,-1793.0,2.6220,210.5,-1828.5,2.6274,-394.0,-68.1,-0.0000,184.3,-125.9,0.0212,-222.5,17.8,0,0.0,0.0,0.0000,0.00,0.00,0.00,0.00
9.1280,9.1188,9.2,0,11.9,-1793.0,2.6303,207.2,-1829.1,2.6274,-394.6,-64.0,-0.0000,174.9,-122.9,-0.0118,-212.7,21.6,0,0.0,0.0,0.0000,0.00,0.00,0.00,0.00
9.1365,9.1273,9.2,0,12.3,-1793.5,2.6309,203.8,-1829.6,2.6274,-395.3,-60.0,0.0000,164.9,-118.9,-0.0141,-202.0,23.2,0,0.0,0.0,0.0000,0.00,0.00,0.00,0.00
9.1448,9.1358,9.0,0,12.6,-1793.1,2.6320,200.5,-1830.1,2.6274,-396.0,-55.0,0.0000,153.6,-117.3,-0.0187,-191.3,27.4,0,0.0,0.0,0.0000,0.00,0.00,0.00,0.00
9.1520,9.1442,7.7,0,11.9,-1793.4,2.6281,197.1,-1830.5,2.6274,-396.6,-50.0,0.0000,145.8,-113.9,-0.0029,-183.0,27.6,0,0.0,0.0,0.0000,0.00,0.00,0.00,0.00
9.1603,9.1526,7.7,0,12.3,-1793.3,2.6304,193.8,-1830.9,2.6274,-397.5,-45.4,-0.0000,135.0,-110.8,-0.0121,-171.9,30.6,0,0.0,0.0,0.0000,0.00,0.00,0.00,0.00
9.1680,9.1611,6.9,0,11.9,-1792.8,2.6219,190.4,-1831.3,2.6274,-398.3,-40.7,-0.0000,127.6,-108.9,0.0218,-164.8,31.2,0,0.0,0.0,0.0000,0.00,0.00,0.00,0.00
9.1765,9.1696,6.9,0,12.1,-1793.8,2.6283,187.1,-1831.6,2.6274,-398.2,-37.2,-0.0000,117.0,-102.1,-0.0039,-152.0,31.5,0,0.0,0.0,0.0000,0.00,0.00,0.00,0.00
9.1840,9.1780,6.0,0,12.0,-1793.5,2.6245,183.7,-1831.9,2.6274,-398.3,-33.3,-0.0000,108.3,-99.0,0.0114,-143.1,32.5,0,0.0,0.0,0.0000,0.00,0.00,0.00,0.00
9.1923,9.1864,5.9,0,12.0,-1792.9,2.6267,180.3,-1832.2,2.6274,-398.9,-28.8,-0.0000,98.5,-97.3,0.0025,-133.7,36.2,0,0.0,0.0,0.0000,0.00,0.00,0.00,0.00
9.2003,9.1949,5.3,0,12.0,-1793.3,2.6256,176.9,-1832.4,2.6274,-399.4,-24.1,0.0000,89.6,-93.4,0.0071,-124.0,37.0,0,0.0,0.0,0.0000,0.00,0.00,0.00,0.00
9.2083,9.2033,5.0,0,12.0,-1793.6,2.6269,173.6,-1832.6,2.6274,-400.2,-18.5,-0.0000,79.9,-88.8,0.0018,-113.3,37.9,0,0.0,0.0,0.0000,0.00,0.00,0.00,0.00
9.2163,9.2118,4.5,0,12.0,-1793.4,2.6299,170.2,-1832.7,2.6274,-400.2,-13.6,0.0000,70.5,-85.5,-0.0103,-103.4,40.0,0,0.0,0.0,0.0000,0.00,0.00,0.00,0.00
9.2241,9.2202,3.8,0,11.8,-1792.8,2.6215,166.8,-1832.8,2.6274,-399.1,-9.7,0.0000,62.2,-83.2,0.0235,-95.4,41.3,0,0.0,0.0,0.0000,0.00,0.00,0.00,0.00
9.2326,9.2287,3.9,0,12.0,-1793.6,2.6326,163.4,-1832.9,2.6274,-399.3,-5.4,0.0000,51.7,-76.2,-0.0211,-82.3,41.4,0,0.0,0.0,0.0000,0.00,0.00,0.00,0.00
9.2403,9.2372,3.1,0,11.7,-1793.3,2.6301,160.1,-1832.9,2.6274,-400.6,-1.4,-0.0000,43.7,-72.9,-0.0109,-73.8,42.1,0,0.0,0.0,0.0000,0.00,0.00,0.00,0.00
9.2484,9.2372,11.2,0,11.7,-1793.3,2.6301,160.1,-1832.9,2.6274,-400.6,-1.4,-0.0000,34.2,-68.1,-0.0109,-63.2,42.6,0,0.0,0.0,0.0000,0.00,0.00,0.00,0.00
9.2567,9.2540,2.7,0,11.6,-1793.6,2.6321,153.3,-1832.9,2.6274,-399.8,7.9,0.0000,25.3,-62.9,-0.0190,-52.7,42.5,0,0.0,0.0,0.0000,0.00,0.00,0.00,0.00
9.2643,9.2625,1.8,0,12.2,-1792.9,2.6273,149.9,-1832.8,2.6274,-399.6,12.8,-0.0000,15.4,-61.1,0.0003,-43.5,45.6,0,0.0,0.0,0.0000,0.00,0.00,0.00,0.00
9.2727,9.2625,10.2,0,12.2,-1792.9,2.6273,149.9,-1832.8,2.6274,-399.6,12.8,-0.0000,6.0,-56.2,0.0003,-32.9,46.0,0,0.0,0.0,0.0000,0.00,0.00,0.00,0.00
9.2797,9.2710,8.7,0,12.1,-1793.0,2.6307,146.5,-1832.6,2.6274,-399.6,17.9,-0.0000,-1.8,-51.9,-0.0133,-23.8,46.1,0,0.0,0.0,0.0000,0.00,0.00,0.00,0.00
9.2881,9.2794,8.8,0,12.0,-1792.8,2.6292,143.2,-1832.5,2.6274,-399.3,21.8,-0.0000,-10.7,-47.1,-0.0074,-13.8,46.3,0,0.0,0.0,0.0000,0.00,0.00,0.00,0.00
9.2964,9.2878,8.6,0,12.4,-1792.6,2.6309,139.8,-1832.3,2.6274,-398.9,25.6,-0.0000,-20.3,-42.3,-0.0143,-2.9,46.8,0,0.0,0.0,0.0000,0.00,0.00,0.00,0.00
9.3039,9.2963,7.6,0,11.8,-1793.7,2.6268,136.4,-1832.0,2.6274,-398.7,30.1,0.0000,-26.8,-34.5,0.0023,6.3,43.3,0,0.0,0.0,0.0000,0.00,0.00,0.00,0.00
9.3127,9.3047,8.0,0,12.1,-1793.2,2.6319,133.1,-1831.8,2.6274,-398.5,34.5,-0.0000,-37.4,-31.0,-0.0182,17.5,45.3,0,0.0,0.0,0.0000,0.00,0.00,0.00,0.00
9.3200,9.3132,6.8,0,12.3,-1793.0,2.6319,129.7,-1831.4,2.6274,-398.1,39.3,-0.0000,-46.1,-27.1,-0.0183,27.1,46.1,0,0.0,0.0,0.0000,0.00,0.00,0.00,0.00
9.3283,9.3216,6.7,0,12.1,-1793.0,2.6315,126.3,-1831.1,2.6274,-397.7,44.0,-0.0000,-56.2,-20.9,-0.0164,38.9,45.7,0,0.0,0.0,0.0000,0.00,0.00,0.00,0.00
9.3366,9.3301,6.5,0,12.1,-1793.2,2.6268,123.0,-1830.7,2.6274,-397.4,48.9,-0.0000,-62.1,-15.5,0.0023,46.4,44.1,0,0.0,0.0,0.0000,0.00,0.00,0.00,0.00
9.3439,9.3385,5.3,0,12.0,-1793.2,2.6282,119.6,-1830.3,2.6274,-396.9,53.4,0.0000,-66.0,-11.8,-0.0034,51.7,42.7,0,0.0,0.0,0.0000,0.00,0.00,0.00,0.00
9.3524,9.3470,5.3,0,12.1,-1793.7,2.6283,116.3,-1829.8,2.6274,-395.9,57.3,-0.0000,-68.5,-6.1,-0.0037,56.7,39.0,0,0.0,0.0,0.0000,0.00,0.00,0.00,0.00
9.3603,9.3554,4.9,0,12.0,-1792.6,2.6287,112.9,-1829.3,2.6274,-395.2,61.5,-0.0000,-68.1,-6.1,-0.0054,56.4,38.7,0,0.0,0.0,0.0000,0.00,0.00,0.00,0.00
9.3685,9.3640,4.5,0,12.0,-1793.3,2.6299,109.6,-1828.8,2.6274,-394.7,66.2,-0.0000,-68.9,-1.1,-0.0103,59.6,34.7,0,0.0,0.0,0.0000,0.00,0.00,0.00,0.00
9.3767,9.3723,4.4,0,12.0,-1793.2,2.6327,106.3,-1828.2,2.6274,-393.8,70.7,-0.0000,-70.0,1.6,-0.0214,61.9,32.7,0,0.0,0.0,0.0000,0.00,0.00,0.00,0.00
9.3843,9.3810,3.3,0,12.0,-1792.9,2.6333,102.9,-1827.5,2.6274,-392.4,75.8,0.0000,-70.6,3.4,-0.0237,63.3,31.4,0,0.0,0.0,0.0000,0.00,0.00,0.00,0.00
9.3924,9.3892,3.1,0,11.8,-1792.8,2.6295,99.6,-1826.9,2.6274,-391.5,79.9,0.0000,-69.7,5.7,-0.0084,63.6,29.2,0,0.0,0.0,0.0000,0.00,0.00,0.00,0.00
9.4006,9.3977,2.9,0,12.0,-1793.6,2.6283,96.3,-1826.2,2.6274,-390.8,83.7,-0.0000,-71.8,10.4,-0.0040,67.7,26.2,0,0.0,0.0,0.0000,0.00,0.00,0.00,0.00
9.4080,9.4062,1.8,0,12.1,-1793.5,2.6328,93.0,-1825.5,2.6274,-390.1,88.2,0.0000,-73.7,12.2,-0.0219,70.3,25.2,0,0.0,0.0,0.0000,0.00,0.00,0.00,0.00
9.4160,9.4062,9.8,0,12.1,-1793.5,2.6328,93.0,-1825.5,2.6274,-390.1,88.2,0.0000,-74.5,14.5,-0.0219,72.1,23.6,0,0.0,0.0,0.0000,0.00,0.00,0.00,0.00
9.4248,9.4231,1.7,0,12.1,-1793.7,2.6316,86.4,-1823.9,2.6274,-385.4,96.4,0.0000,-74.3,17.3,-0.0170,73.3,21.2,0,0.0,0.0,0.0000,0.00,0.00,0.00,0.00
9.4323,9.4231,9.2,0,12.1,-1793.7,2.6316,86.4,-1823.9,2.6274,-385.4,96.4,0.0000,-75.2,19.3,-0.0170,75.0,19.8,0,0.0,0.0,0.0000,0.00,0.00,0.00,0.00
9.4409,9.4315,9.4,0,11.9,-1793.0,2.6258,83.2,-1823.1,2.6274,-380.9,99.6,0.0000,-75.7,19.9,0.0061,75.7,20.1,0,0.0,0.0,0.0000,0.00,0.00,0.00,0.00
9.4478,9.4399,8.0,0,11.9,-1793.2,2.6252,80.0,-1822.2,2.6274,-371.0,101.5,-0.0000,-76.2,21.9,0.0085,77.1,18.6,0,0.0,0.0,0.0000,0.00,0.00,0.00,0.00
9.4559,9.4487,7.2,0,11.7,-1792.7,2.6210,76.8,-1821.3,2.6274,-361.5,103.7,-0.0000,-75.7,21.5,0.0252,76.4,19.0,0,0.0,0.0,0.0000,0.00,0.00,0.00,0.00
9.4645,9.4568,7.7,0,11.6,-1793.1,2.6232,73.9,-1820.5,2.6274,-352.8,104.8,0.0000,-75.7,24.2,0.0168,77.8,16.5,0,0.0,0.0,0.0000,0.00,0.00,0.00,0.00
9.4719,9.4653,6.6,0,12.0,-1792.4,2.6407,71.0,-1819.6,2.6274,-343.7,106.2,0.0000,-77.1,24.1,-0.0532,79.2,15.9,0,0.0,0.0,0.0000,0.00,0.00,0.00,0.00
9.4801,9.4737,6.4,0,12.0,-1793.8,2.6307,68.1,-1818.7,2.6274,-333.9,106.8,0.0000,-77.1,29.0,-0.0134,81.4,12.4,0,0.0,0.0,0.0000,0.00,0.00,0.00,0.00
9.4886,9.4825,6.1,0,12.1,-1793.6,2.6270,65.2,-1817.8,2.6274,-324.2,107.5,0.0000,-76.6,28.4,0.0012,80.7,13.0,0,0.0,0.0,0.0000,0.00,0.00,0.00,0.00
9.4963,9.4906,5.7,0,12.0,-1793.2,2.6311,62.6,-1816.9,2.6274,-316.7,107.5,0.0000,-76.0,28.1,-0.0150,80.0,12.7,0,0.0,0.0,0.0000,0.00,0.00,0.00,0.00
9.5046,9.4991,5.6,0,12.1,-1793.8,2.6287,60.0,-1816.0,2.6274,-308.0,107.6,0.0000,-76.2,31.2,-0.0054,81.7,10.2,0,0.0,0.0,0.0000,0.00,0.00,0.00,0.00
9.5128,9.5075,5.3,0,12.1,-1793.2,2.6270,57.4,-1815.1,2.6274,-298.0,107.6,0.0000,-75.3,30.6,0.0015,80.6,10.5,0,0.0,0.0,0.0000,0.00,0.00,0.00,0.00
9.5206,9.5162,4.4,0,11.8,-1792.3,2.6191,54.9,-1814.1,2.6274,-288.7,107.4,-0.0000,-73.2,29.0,0.0329,77.9,11.4,0,0.0,0.0,0.0000,0.00,0.00,0.00,0.00
9.5285,9.5244,4.1,0,12.2,-1793.4,2.6303,52.5,-1813.3,2.6274,-280.7,107.3,-0.0000,-73.2,32.3,-0.0117,79.7,7.7,0,0.0,0.0,0.0000,0.00,0.00,0.00,0.00
9.5364,9.5329,3.5,0,12.2,-1793.4,2.6387,50.2,-1812.3,2.6274,-271.9,106.5,0.0000,-72.3,31.5,-0.0453,78.6,7.2,0,0.0,0.0,0.0000,0.00,0.00,0.00,0.00
9.5443,9.5329,11.4,0,12.2,-1793.4,2.6387,50.2,-1812.3,2.6274,-271.9,106.5,0.0000,-71.1,31.5,-0.0453,77.4,6.7,0,0.0,0.0,0.0000,0.00,0.00,0.00,0.00
9.5527,9.5501,2.5,0,11.8,-1793.1,2.6205,45.7,-1810.5,2.6274,-254.1,103.9,0.0000,-68.4,30.7,0.0275,74.6,7.4,0,0.0,0.0,0.0000,0.00,0.00,0.00,0.00
9.5603,9.5582,2.1,0,11.8,-1793.0,2.6301,43.6,-1809.7,2.6274,-246.0,103.3,0.0000,-66.6,30.4,-0.0109,73.0,6.1,0,0.0,0.0,0.0000,0.00,0.00,0.00,0.00
9.5683,9.5666,1.6,0,12.7,-1793.5,2.6353,41.6,-1808.8,2.6274,-237.4,101.2,-0.0000,-67.5,32.0,-0.0317,74.5,4.7,0,0.0,0.0,0.0000,0.00,0.00,0.00,0.00
9.5764,9.5666,9.8,0,12.7,-1793.5,2.6353,41.6,-1808.8,2.6274,-237.4,101.2,-0.0000,-65.6,31.2,-0.0317,72.5,4.5,0,0.0,0.0,0.0000,0.00,0.00,0.00,0.00
9.5848,9.5752,9.7,0,11.9,-1793.3,2.6301,39.6,-1808.0,2.6274,-228.6,98.6,0.0000,-61.3,29.3,-0.0110,67.8,4.5,0,0.0,0.0,0.0000,0.00,0.00,0.00,0.00
9.5926,9.5837,8.9,0,11.8,-1793.2,2.6219,37.7,-1807.2,2.6274,-220.4,97.1,-0.0000,-58.7,27.9,0.0219,64.8,5.0,0,0.0,0.0,0.0000,0.00,0.00,0.00,0.00
9.6001,9.5920,8.1,0,12.4,-1792.8,2.6403,35.9,-1806.3,2.6274,-212.4,95.6,0.0000,-57.8,26.0,-0.0520,63.2,5.0,0,0.0,0.0,0.0000,0.00,0.00,0.00,0.00
9.6081,9.6005,7.7,0,12.5,-1792.5,2.6380,34.1,-1805.5,2.6274,-203.8,93.9,-0.0000,-55.7,24.3,-0.0428,60.5,5.6,0,0.0,0.0,0.0000,0.00,0.00,0.00,0.00
9.6159,9.6089,7.0,0,12.2,-1793.1,2.6310,32.5,-1804.8,2.6274,-195.3,92.3,0.0000,-52.2,25.4,-0.0148,58.0,3.4,0,0.0,0.0,0.0000,0.00,0.00,0.00,0.00
9.6240,9.6175,6.5,0,12.2,-1792.9,2.6293,30.8,-1804.0,2.6274,-187.1,88.7,0.0000,-49.7,23.3,-0.0079,54.8,4.0,0,0.0,0.0,0.0000,0.00,0.00,0.00,0.00
9.6321,9.6258,6.3,0,12.1,-1793.0,2.6282,29.3,-1803.3,2.6274,-179.1,85.7,0.0000,-47.2,21.6,-0.0035,51.7,4.4,0,0.0,0.0,0.0000,0.00,0.00,0.00,0.00
9.6403,9.6343,6.1,0,12.2,-1793.2,2.6280,27.8,-1802.5,2.6274,-171.2,83.2,-0.0000,-44.0,20.5,-0.0025,48.4,3.7,0,0.0,0.0,0.0000,0.00,0.00,0.00,0.00
9.6486,9.6428,5.8,0,12.0,-1793.7,2.6307,26.4,-1801.8,2.6274,-163.1,80.6,-0.0000,-39.4,21.2,-0.0134,44.8,0.7,0,0.0,0.0,0.0000,0.00,0.00,0.00,0.00
9.6559,9.6513,4.6,0,12.2,-1793.2,2.6301,25.0,-1801.2,2.6274,-155.0,78.2,0.0000,-36.8,18.1,-0.0112,41.0,2.2,0,0.0,0.0,0.0000,0.00,0.00,0.00,0.00
9.6646,9.6596,5.0,0,11.7,-1793.3,2.6273,23.8,-1800.5,2.6274,-147.3,75.2,-0.0000,-31.5,15.7,0.0002,35.1,1.8,0,0.0,0.0,0.0000,0.00,0.00,0.00,0.00
9.6730,9.6681,5.0,0,11.9,-1792.7,2.6192,22.6,-1799.9,2.6274,-139.5,71.2,0.0000,-28.4,11.5,0.0326,30.3,4.2,0,0.0,0.0,0.0000,0.00,0.00,0.00,0.00
9.6805,9.6765,3.9,0,12.0,-1793.7,2.6278,21.4,-1799.3,2.6274,-131.6,67.7,-0.0000,-25.3,12.6,-0.0019,28.2,1.5,0,0.0,0.0,0.0000,0.00,0.00,0.00,0.00
9.6878,9.6849,2.9,0,11.9,-1793.3,2.6282,20.3,-1798.8,2.6274,-123.6,64.4,0.0000,-21.4,9.4,-0.0034,23.3,2.4,0,0.0,0.0,0.0000,0.00,0.00,0.00,0.00
9.6960,9.6934,2.6,0,12.0,-1793.1,2.6288,19.3,-1798.2,2.6274,-115.8,61.1,0.0000,-17.4,5.8,-0.0059,18.0,3.5,0,0.0,0.0,0.0000,0.00,0.00,0.00,0.00
9.7050,9.7019,3.2,0,11.9,-1793.5,2.6283,18.4,-1797.7,2.6274,-108.0,58.2,0.0000,-11.8,4.5,-0.0037,12.4,1.9,0,0.0,0.0,0.0000,0.00,0.00,0.00,0.00
9.7119,9.7103,1.6,0,11.9,-1793.5,2.6268,17.5,-1797.3,2.6274,-100.8,54.3,0.0000,-7.5,2.3,0.0023,7.7,1.7,0,0.0,0.0,0.0000,0.00,0.00,0.00,0.00
9.7201,9.7187,1.3,0,12.7,-1792.6,2.6426,16.7,-1796.8,2.6274,-94.0,49.9,0.0000,-5.3,-3.0,-0.0609,3.2,5.1,0,0.0,0.0,0.0000,0.00,0.00,0.00,0.00
9.7278,9.7187,9.1,0,12.7,-1792.6,2.6426,16.7,-1796.8,2.6274,-94.0,49.9,0.0000,1.3,-6.8,-0.0609,-4.4,5.4,0,0.0,0.0,0.0000,0.00,0.00,0.00,0.00
9.7358,9.7272,8.5,0,11.9,-1793.6,2.6262,15.9,-1796.4,2.6274,-85.9,46.5,-0.0000,4.4,-4.2,0.0047,-5.9,1.5,0,0.0,0.0,0.0000,0.00,0.00,0.00,0.00
9.7447,9.7357,9.0,0,11.7,-1793.0,2.6268,15.2,-1796.0,2.6274,-77.8,43.5,-0.0000,8.5,-8.1,0.0020,-11.4,2.9,0,0.0,0.0,0.0000,0.00,0.00,0.00,0.00
9.7521,9.7441,7.9,0,12.0,-1792.6,2.6211,14.6,-1795.7,2.6274,-70.4,39.0,0.0000,6.1,-8.5,0.0248,-9.5,4.3,0,0.0,0.0,0.0000,0.00,0.00,0.00,0.00
9.7599,9.7525,7.4,0,12.2,-1792.9,2.6297,14.0,-1795.4,2.6274,-62.9,34.8,0.0000,4.3,-6.8,-0.0094,-7.1,3.8,0,0.0,0.0,0.0000,0.00,0.00,0.00,0.00
9.7681,9.7610,7.1,0,11.9,-1793.4,2.6235,13.5,-1795.1,2.6274,-55.8,30.8,-0.0000,3.8,-4.4,0.0154,-5.5,1.9,0,0.0,0.0,0.0000,0.00,0.00,0.00,0.00
9.7765,9.7694,7.0,0,12.2,-1793.1,2.6285,13.1,-1794.9,2.6274,-48.6,26.8,-0.0000,1.8,-4.7,-0.0046,-3.9,3.2,0,0.0,0.0,0.0000,0.00,0.00,0.00,0.00
9.7844,9.7779,6.5,0,11.9,-1793.4,2.6288,12.7,-1794.6,2.6274,-41.1,22.4,-0.0000,1.9,-3.4,-0.0056,-3.3,2.1,0,0.0,0.0,0.0000,0.00,0.00,0.00,0.00
9.7923,9.7863,6.0,0,12.3,-1792.9,2.6314,12.4,-1794.5,2.6274,-33.6,18.3,-0.0000,-0.2,-4.4,-0.0162,-2.0,3.9,0,0.0,0.0,0.0000,0.00,0.00,0.00,0.00
9.8011,9.7948,6.2,0,12.1,-1792.8,2.6298,12.1,-1794.3,2.6274,-25.8,14.4,-0.0000,-0.2,-4.4,-0.0096,-2.0,3.9,0,0.0,0.0,0.0000,0.00,0.00,0.00,0.00
9.8087,9.8033,5.4,0,12.6,-1793.5,2.6381,12.0,-1794.2,2.6274,-18.3,10.4,-0.0000,-2.0,-2.1,-0.0428,0.7,2.9,0,0.0,0.0,0.0000,0.00,0.00,0.00,0.00
9.8158,9.8117,4.1,0,12.1,-1793.1,2.6314,11.8,-1794.2,2.6274,-9.3,5.3,-0.0000,-0.9,-3.1,-0.0161,-0.7,3.1,0,0.0,0.0,0.0000,0.00,0.00,0.00,0.00
9.8239,9.8201,3.8,0,11.6,-1792.9,2.6148,11.8,-1794.1,2.6274,-5.5,3.1,0.0000,0.4,-3.7,0.0501,-2.2,3.0,0,0.0,0.0,0.0000,0.00,0.00,0.00,0.00
9.8327,9.8286,4.1,0,11.9,-1793.1,2.6255,11.8,-1794.1,2.6274,0.0,0.0,0.0000,-0.3,-3.1,0.0075,-1.3,2.8,0,0.0,0.0,0.0000,0.00,0.00,0.00,0.00
9.8403,9.8371,3.2,0,11.7,-1792.9,2.6273,11.8,-1794.1,2.6274,0.0,0.0,0.0000,0.1,-3.6,0.0002,-1.9,3.1,0,0.0,0.0,0.0000,0.00,0.00,0.00,0.00
9.8484,9.8455,2.9,0,12.2,-1793.1,2.6287,11.8,-1794.1,2.6274,0.0,0.0,0.0000,-1.3,-3.1,-0.0055,-0.4,3.3,0,0.0,0.0,0.0000,0.00,0.00,0.00,0.00
9.8557,9.8539,1.8,0,12.2,-1793.1,2.6355,11.8,-1794.1,2.6274,0.0,0.0,0.0000,-1.4,-3.1,-0.0326,-0.3,3.4,0,0.0,0.0,0.0000,0.00,0.00,0.00,0.00
9.8642,9.8624,1.8,0,12.2,-1793.6,2.6339,11.8,-1794.1,2.6274,0.0,0.0,0.0000,-1.3,-1.7,-0.0262,0.3,2.1,0,0.0,0.0,0.0000,0.00,0.00,0.00,0.00
9.8717,9.8624,9.3,0,12.2,-1793.6,2.6339,11.8,-1794.1,2.6274,0.0,0.0,0.0000,-1.3,-1.7,-0.0262,0.3,2.1,0,0.0,0.0,0.0000,0.00,0.00,0.00,0.00
9.8806,9.8709,9.7,0,11.9,-1793.0,2.6313,11.8,-1794.1,2.6274,0.0,0.0,0.0000,-0.5,-3.5,-0.0157,-1.2,3.3,0,0.0,0.0,0.0000,0.00,0.00,0.00,0.00
9.8887,9.8793,9.4,0,12.1,-1793.5,2.6312,11.8,-1794.1,2.6274,0.0,0.0,0.0000,-1.1,-1.9,-0.0152,-0.0,2.2,0,0.0,0.0,0.0000,0.00,0.00,0.00,0.00
9.8968,9.8877,9.0,0,12.0,-1793.1,2.6343,11.8,-1794.1,2.6274,0.0,0.0,0.0000,-0.7,-3.1,-0.0278,-0.9,3.1,0,0.0,0.0,0.0000,0.00,0.00,0.00,0.00
9.9041,9.8962,7.8,0,11.7,-1793.2,2.6222,11.8,-1794.1,2.6274,0.0,0.0,0.0000,0.1,-2.7,0.0205,-1.4,2.2,0,0.0,0.0,0.0000,0.00,0.00,0.00,0.00
9.9125,9.9047,7.8,0,11.9,-1792.2,2.6225,11.8,-1794.1,2.6274,0.0,0.0,0.0000,-0.4,-5.7,0.0193,-2.5,5.2,0,0.0,0.0,0.0000,0.00,0.00,0.00,0.00
9.9204,9.9131,7.3,0,12.2,-1793.2,2.6278,11.8,-1794.1,2.6274,0.0,0.0,0.0000,-1.3,-2.7,-0.0016,-0.2,3.0,0,0.0,0.0,0.0000,0.00,0.00,0.00,0.00
9.9284,9.9215,6.8,0,12.2,-1793.3,2.6342,11.8,-1794.1,2.6274,0.0,0.0,0.0000,-1.4,-2.5,-0.0275,0.0,2.9,0,0.0,0.0,0.0000,0.00,0.00,0.00,0.00
9.9360,9.9300,6.0,0,12.2,-1793.1,2.6313,11.8,-1794.1,2.6274,0.0,0.0,0.0000,-1.4,-3.2,-0.0159,-0.4,3.5,0,0.0,0.0,0.0000,0.00,0.00,0.00,0.00
9.9442,9.9384,5.7,0,12.4,-1793.5,2.6337,11.8,-1794.1,2.6274,0.0,0.0,0.0000,-1.9,-1.8,-0.0254,0.8,2.5,0,0.0,0.0,0.0000,0.00,0.00,0.00,0.00
9.9527,9.9469,5.9,0,11.8,-1793.2,2.6249,11.8,-1794.1,2.6274,0.0,0.0,0.0000,-0.2,-2.7,0.0099,-1.2,2.5,0,0.0,0.0,0.0000,0.00,0.00,0.00,0.00
9.9609,9.9553,5.6,0,12.5,-1793.0,2.6398,11.8,-1794.1,2.6274,0.0,0.0,0.0000,-2.1,-3.3,-0.0498,0.2,3.9,0,0.0,0.0,0.0000,0.00,0.00,0.00,0.00
9.9679,9.9638,4.1,0,12.4,-1792.8,2.6266,11.8,-1794.1,2.6274,0.0,0.0,0.0000,-1.9,-3.9,0.0032,-0.2,4.3,0,0.0,0.0,0.0000,0.00,0.00,0.00,0.00
9.9760,9.9722,3.7,0,12.0,-1793.4,2.6275,11.8,-1794.1,2.6274,0.0,0.0,0.0000,-0.8,-2.1,-0.0008,-0.4,2.2,0,0.0,0.0,0.0000,0.00,0.00,0.00,0.00
9.9848,9.9807,4.1,0,12.1,-1792.9,2.6318,11.8,-1794.1,2.6274,0.0,0.0,0.0000,-1.1,-3.5,-0.0178,-0.8,3.6,0,0.0,0.0,0.0000,0.00,0.00,0.00,0.00
9.9921,9.9891,3.0,0,12.2,-1793.2,2.6293,11.8,-1794.1,2.6274,0.0,0.0,0.0000,-1.4,-2.7,-0.0076,-0.1,3.0,0,0.0,0.0,0.0000,0.00,0.00,0.00,0.00
9.9998,9.9976,2.2,0,12.1,-1793.0,2.6268,11.8,-1794.1,2.6274,0.0,0.0,0.0000,-1.0,-3.4,0.0022,-0.8,3.5,0,0.0,0.0,0.0000,0.00,0.00,0.00,0.00
10.0087,10.0061,2.6,0,12.0,-1792.9,2.6286,11.8,-1794.1,2.6274,0.0,0.0,0.0000,-0.8,-3.6,-0.0048,-1.0,3.6,0,0.0,0.0,0.0000,0.00,0.00,0.00,0.00
10.0159,10.0061,9.8,0,12.0,-1792.9,2.6286,11.8,-1794.1,2.6274,0.0,0.0,0.0000,-0.8,-3.6,-0.0048,-1.0,3.6,0,0.0,0.0,0.0000,0.00,0.00,0.00,0.00
10.0248,10.0231,1.7,0,12.0,-1792.8,2.6253,11.8,-1794.1,2.6274,0.0,0.0,0.0000,-0.6,-3.9,0.0082,-1.4,3.7,0,0.0,0.0,0.0000,0.00,0.00,0.00,0.00
10.0320,10.0231,8.9,0,12.0,-1792.8,2.6253,11.8,-1794.1,2.6274,0.0,0.0,0.0000,-0.6,-3.9,0.0082,-1.4,3.7,0,0.0,0.0,0.0000,0.00,0.00,0.00,0.00
10.0397,10.0314,8.3,0,11.8,-1793.5,2.6357,11.8,-1794.1,2.6274,0.0,0.0,0.0000,-0.1,-1.8,-0.0334,-0.8,1.7,0,0.0,0.0,0.0000,0.00,0.00,0.00,0.00
10.0488,10.0399,8.9,0,12.1,-1793.2,2.6303,11.8,-1794.1,2.6274,0.0,0.0,0.0000,-1.1,-2.8,-0.0117,-0.5,3.0,0,0.0,0.0,0.0000,0.00,0.00,0.00,0.00
10.0558,10.0483,7.6,0,11.8,-1792.9,2.6221,11.8,-1794.1,2.6274,0.0,0.0,0.0000,-0.0,-3.5,0.0212,-1.7,3.1,0,0.0,0.0,0.0000,0.00,0.00,0.00,0.00
10.0640,10.0567,7.3,0,12.2,-1793.0,2.6329,11.8,-1794.1,2.6274,0.0,0.0,0.0000,-1.3,-3.4,-0.0220,-0.5,3.7,0,0.0,0.0,0.0000,0.00,0.00,0.00,0.00
10.0723,10.0652,7.1,0,12.0,-1793.7,2.6331,11.8,-1794.1,2.6274,0.0,0.0,0.0000,-0.8,-1.4,-0.0231,0.0,1.6,0,0.0,0.0,0.0000,0.00,0.00,0.00,0.00
10.0797,10.0737,6.1,0,12.4,-1793.2,2.6307,11.8,-1794.1,2.6274,0.0,0.0,0.0000,-2.0,-2.8,-0.0135,0.4,3.4,0,0.0,0.0,0.0000,0.00,0.00,0.00,0.00
10.0888,10.0737,15.1,0,12.4,-1793.2,2.6307,11.8,-1794.1,2.6274,0.0,0.0,0.0000,-2.0,-2.8,-0.0135,0.4,3.4,0,0.0,0.0,0.0000,0.00,0.00,0.00,0.00
10.0958,10.0905,5.3,0,12.5,-1792.5,2.6385,11.8,-1794.1,2.6274,0.0,0.0,0.0000,-2.1,-4.7,-0.0445,-0.4,5.1,0,0.0,0.0,0.0000,0.00,0.00,0.00,0.00
10.1046,10.0990,5.6,0,12.1,-1793.1,2.6306,11.8,-1794.1,2.6274,0.0,0.0,0.0000,-1.0,-3.1,-0.0130,-0.7,3.2,0,0.0,0.0,0.0000,0.00,0.00,0.00,0.00
10.1121,10.1074,4.7,0,12.0,-1793.2,2.6282,11.8,-1794.1,2.6274,0.0,0.0,0.0000,-0.6,-2.7,-0.0033,-0.7,2.6,0,0.0,0.0,0.0000,0.00,0.00,0.00,0.00
10.1200,10.1161,3.9,0,12.1,-1793.3,2.6280,11.8,-1794.1,2.6274,0.0,0.0,0.0000,-0.9,-2.4,-0.0028,-0.4,2.6,0,0.0,0.0,0.0000,0.00,0.00,0.00,0.00
10.1278,10.1244,3.4,0,12.2,-1793.2,2.6304,11.8,-1794.1,2.6274,0.0,0.0,0.0000,-1.2,-2.7,-0.0120,-0.2,2.9,0,0.0,0.0,0.0000,0.00,0.00,0.00,0.00
10.1365,10.1328,3.7,0,12.4,-1793.1,2.6411,11.8,-1794.1,2.6274,0.0,0.0,0.0000,-1.9,-3.0,-0.0549,0.2,3.5,0,0.0,0.0,0.0000,0.00,0.00,0.00,0.00
10.1444,10.1413,3.2,0,12.4,-1793.3,2.6332,11.8,-1794.1,2.6274,0.0,0.0,0.0000,-1.9,-2.5,-0.0235,0.4,3.1,0,0.0,0.0,0.0000,0.00,0.00,0.00,0.00
10.1520,10.1413,10.7,0,12.4,-1793.3,2.6332,11.8,-1794.1,2.6274,0.0,0.0,0.0000,-1.9,-2.5,-0.0235,0.4,3.1,0,0.0,0.0,0.0000,0.00,0.00,0.00,0.00
10.1598,10.1582,1.6,0,11.9,-1793.3,2.6256,11.8,-1794.1,2.6274,0.0,0.0,0.0000,-0.3,-2.5,0.0069,-0.9,2.4,0,0.0,0.0,0.0000,0.00,0.00,0.00,0.00
10.1684,10.1666,1.8,0,11.8,-1793.3,2.6254,11.8,-1794.1,2.6274,0.0,0.0,0.0000,-0.0,-2.5,0.0079,-1.2,2.1,0,0.0,0.0,0.0000,0.00,0.00,0.00,0.00
10.1767,10.1750,1.7,0,12.5,-1792.9,2.6393,11.8,-1794.1,2.6274,0.0,0.0,0.0000,-2.2,-3.7,-0.0480,0.1,4.3,0,0.0,0.0,0.0000,0.00,0.00,0.00,0.00
10.1844,10.1750,9.4,0,12.5,-1792.9,2.6393,11.8,-1794.1,2.6274,0.0,0.0,0.0000,-2.2,-3.7,-0.0480,0.1,4.3,0,0.0,0.0,0.0000,0.00,0.00,0.00,0.00
10.1921,10.1838,8.4,0,11.8,-1793.1,2.6254,11.8,-1794.1,2.6274,0.0,0.0,0.0000,-0.1,-3.1,0.0077,-1.5,2.7,0,0.0,0.0,0.0000,0.00,0.00,0.00,0.00
10.2006,10.1919,8.6,0,11.8,-1793.5,2.6229,11.8,-1794.1,2.6274,0.0,0.0,0.0000,-0.1,-1.9,0.0177,-0.9,1.6,0,0.0,0.0,0.0000,0.00,0.00,0.00,0.00
10.2084,10.2004,8.1,0,12.0,-1793.2,2.6289,11.8,-1794.1,2.6274,0.0,0.0,0.0000,-0.8,-2.8,-0.0063,-0.6,2.9,0,0.0,0.0,0.0000,0.00,0.00,0.00,0.00
10.2163,10.2089,7.4,0,11.9,-1793.1,2.6300,11.8,-1794.1,2.6274,0.0,0.0,0.0000,-0.3,-2.9,-0.0105,-1.2,2.7,0,0.0,0.0,0.0000,0.00,0.00,0.00,0.00
10.2244,10.2175,6.9,0,12.2,-1793.5,2.6257,11.8,-1794.1,2.6274,0.0,0.0,0.0000,-1.2,-1.9,0.0068,0.2,2.3,0,0.0,0.0,0.0000,0.00,0.00,0.00,0.00
10.2320,10.2257,6.3,0,12.2,-1793.4,2.6249,11.8,-1794.1,2.6274,0.0,0.0,0.0000,-1.4,-2.3,0.0096,0.1,2.7,0,0.0,0.0,0.0000,0.00,0.00,0.00,0.00
10.2405,10.2343,6.2,0,11.9,-1793.3,2.6267,11.8,-1794.1,2.6274,0.0,0.0,0.0000,-0.4,-2.5,0.0027,-0.9,2.4,0,0.0,0.0,0.0000,0.00,0.00,0.00,0.00
10.2482,10.2426,5.6,0,11.9,-1793.0,2.6255,11.8,-1794.1,2.6274,0.0,0.0,0.0000,-0.3,-3.3,0.0072,-1.4,3.0,0,0.0,0.0,0.0000,0.00,0.00,0.00,0.00
10.2558,10.2512,4.7,0,12.1,-1793.5,2.6364,11.8,-1794.1,2.6274,0.0,0.0,0.0000,-0.9,-2.0,-0.0363,-0.2,2.1,0,0.0,0.0,0.0000,0.00,0.00,0.00,0.00
10.2648,10.2591,5.7,0,12.2,-1793.4,2.6304,11.8,-1794.1,2.6274,0.0,0.0,0.0000,-1.2,-2.3,-0.0121,-0.1,2.6,0,0.0,0.0,0.0000,0.00,0.00,0.00,0.00
10.2722,10.2676,4.6,0,12.1,-1792.8,2.6311,11.8,-1794.1,2.6274,0.0,0.0,0.0000,-1.0,-3.9,-0.0149,-1.1,3.9,0,0.0,0.0,0.0000,0.00,0.00,0.00,0.00
10.2799,10.2760,3.9,0,11.9,-1792.7,2.6314,11.8,-1794.1,2.6274,0.0,0.0,0.0000,-0.6,-4.3,-0.0160,-1.6,4.0,0,0.0,0.0,0.0000,0.00,0.00,0.00,0.00
10.2878,10.2846,3.2,0,12.5,-1793.2,2.6344,11.8,-1794.1,2.6274,0.0,0.0,0.0000,-2.2,-2.9,-0.0281,0.5,3.6,0,0.0,0.0,0.0000,0.00,0.00,0.00,0.00
10.2963,10.2929,3.4,0,11.8,-1793.2,2.6205,11.8,-1794.1,2.6274,0.0,0.0,0.0000,-0.0,-2.7,0.0273,-1.3,2.3,0,0.0,0.0,0.0000,0.00,0.00,0.00,0.00
10.3047,10.3013,3.4,0,11.7,-1792.1,2.6211,11.8,-1794.1,2.6274,0.0,0.0,0.0000,0.2,-6.1,0.0250,-3.1,5.2,0,0.0,0.0,0.0000,0.00,0.00,0.00,0.00
10.3117,10.3098,1.9,0,11.9,-1792.7,2.6226,11.8,-1794.1,2.6274,0.0,0.0,0.0000,-0.3,-4.3,0.0189,-1.8,3.9,0,0.0,0.0,0.0000,0.00,0.00,0.00,0.00
10.3204,10.3184,1.9,0,11.9,-1793.2,2.6254,11.8,-1794.1,2.6274,0.0,0.0,0.0000,-0.5,-2.7,0.0080,-0.9,2.6,0,0.0,0.0,0.0000,0.00,0.00,0.00,0.00
10.3282,10.3184,9.8,0,11.9,-1793.2,2.6254,11.8,-1794.1,2.6274,0.0,0.0,0.0000,-0.5,-2.7,0.0080,-0.9,2.6,0,0.0,0.0,0.0000,0.00,0.00,0.00,0.00
10.3360,10.3268,9.3,0,12.4,-1792.9,2.6282,11.8,-1794.1,2.6274,0.0,0.0,0.0000,-1.8,-3.5,-0.0032,-0.1,3.9,0,0.0,0.0,0.0000,0.00,0.00,0.00,0.00
10.3444,10.3352,9.3,0,11.8,-1792.7,2.6237,11.8,-1794.1,2.6274,0.0,0.0,0.0000,0.0,-4.2,0.0147,-2.1,3.6,0,0.0,0.0,0.0000,0.00,0.00,0.00,0.00
10.3527,10.3436,9.0,0,12.0,-1793.0,2.6233,11.8,-1794.1,2.6274,0.0,0.0,0.0000,-0.8,-3.4,0.0164,-1.0,3.3,0,0.0,0.0,0.0000,0.00,0.00,0.00,0.00
10.3597,10.3522,7.6,0,12.2,-1793.1,2.6272,11.8,-1794.1,2.6274,0.0,0.0,0.0000,-1.2,-3.0,0.0006,-0.5,3.2,0,0.0,0.0,0.0000,0.00,0.00,0.00,0.00
10.3677,10.3605,7.1,0,11.7,-1793.0,2.6235,11.8,-1794.1,2.6274,0.0,0.0,0.0000,0.2,-3.3,0.0156,-1.9,2.8,0,0.0,0.0,0.0000,0.00,0.00,0.00,0.00
10.3759,10.3689,7.0,0,11.8,-1793.3,2.6292,11.8,-1794.1,2.6274,0.0,0.0,0.0000,-0.1,-2.5,-0.0073,-1.1,2.3,0,0.0,0.0,0.0000,0.00,0.00,0.00,0.00
10.3847,10.3774,7.3,0,11.7,-1793.4,2.6178,11.8,-1794.1,2.6274,0.0,0.0,0.0000,0.2,-2.1,0.0381,-1.2,1.7,0,0.0,0.0,0.0000,0.00,0.00,0.00,0.00
10.3924,10.3860,6.4,0,12.2,-1792.3,2.6416,11.8,-1794.1,2.6274,0.0,0.0,0.0000,-1.5,-5.3,-0.0570,-1.3,5.4,0,0.0,0.0,0.0000,0.00,0.00,0.00,0.00
10.3998,10.3943,5.6,0,11.9,-1793.0,2.6268,11.8,-1794.1,2.6274,0.0,0.0,0.0000,-0.5,-3.4,0.0023,-1.2,3.3,0,0.0,0.0,0.0000,0.00,0.00,0.00,0.00
10.4081,10.4028,5.3,0,12.2,-1793.1,2.6348,11.8,-1794.1,2.6274,0.0,0.0,0.0000,-1.4,-3.0,-0.0300,-0.3,3.3,0,0.0,0.0,0.0000,0.00,0.00,0.00,0.00
10.4166,10.4112,5.4,0,11.9,-1792.9,2.6268,11.8,-1794.1,2.6274,0.0,0.0,0.0000,-0.4,-3.6,0.0023,-1.5,3.3,0,0.0,0.0,0.0000,0.00,0.00,0.00,0.00
10.4247,10.4197,5.0,0,12.2,-1793.3,2.6300,11.8,-1794.1,2.6274,0.0,0.0,0.0000,-1.3,-2.4,-0.0107,-0.1,2.7,0,0.0,0.0,0.0000,0.00,0.00,0.00,0.00
10.4324,10.4281,4.3,0,12.0,-1792.5,2.6259,11.8,-1794.1,2.6274,0.0,0.0,0.0000,-0.8,-4.8,0.0059,-1.7,4.6,0,0.0,0.0,0.0000,0.00,0.00,0.00,0.00
10.4407,10.4366,4.1,0,12.4,-1793.1,2.6307,11.8,-1794.1,2.6274,0.0,0.0,0.0000,-1.9,-3.0,-0.0134,0.2,3.5,0,0.0,0.0,0.0000,0.00,0.00,0.00,0.00
10.4482,10.4450,3.2,0,11.9,-1793.5,2.6299,11.8,-1794.1,2.6274,0.0,0.0,0.0000,-0.3,-1.9,-0.0102,-0.7,1.8,0,0.0,0.0,0.0000,0.00,0.00,0.00,0.00
10.4566,10.4535,3.1,0,11.8,-1793.2,2.6264,11.8,-1794.1,2.6274,0.0,0.0,0.0000,0.0,-2.7,0.0036,-1.4,2.4,0,0.0,0.0,0.0000,0.00,0.00,0.00,0.00
10.4639,10.4619,2.0,0,12.1,-1793.0,2.6262,11.8,-1794.1,2.6274,0.0,0.0,0.0000,-1.2,-3.2,0.0046,-0.6,3.4,0,0.0,0.0,0.0000,0.00,0.00,0.00,0.00
10.4723,10.4704,1.9,0,11.8,-1793.3,2.6223,11.8,-1794.1,2.6274,0.0,0.0,0.0000,-0.0,-2.5,0.0202,-1.2,2.2,0,0.0,0.0,0.0000,0.00,0.00,0.00,0.00
10.4809,10.4788,2.1,0,12.0,-1793.2,2.6306,11.8,-1794.1,2.6274,0.0,0.0,0.0000,-0.6,-2.8,-0.0129,-0.8,2.8,0,0.0,0.0,0.0000,0.00,0.00,0.00,0.00
10.4885,10.4788,9.7,0,12.0,-1793.2,2.6306,11.8,-1794.1,2.6274,0.0,0.0,0.0000,-0.6,-2.8,-0.0129,-0.8,2.8,0,0.0,0.0,0.0000,0.00,0.00,0.00,0.00
10.4963,10.4872,9.0,0,12.0,-1793.3,2.6268,11.8,-1794.1,2.6274,0.0,0.0,0.0000,-0.8,-2.4,0.0021,-0.5,2.5,0,0.0,0.0,0.0000,0.00,0.00,0.00,0.00
10.5037,10.4957,8.0,0,12.2,-1792.8,2.6292,11.8,-1794.1,2.6274,0.0,0.0,0.0000,-1.3,-3.9,-0.0072,-0.8,4.0,0,0.0,0.0,0.0000,0.00,0.00,0.00,0.00
10.5125,10.5041,8.4,0,12.1,-1793.0,2.6364,11.8,-1794.1,2.6274,0.0,0.0,0.0000,-1.0,-3.4,-0.0360,-0.7,3.5,0,0.0,0.0,0.0000,0.00,0.00,0.00,0.00
10.5207,10.5126,8.1,0,11.6,-1792.6,2.6231,11.8,-1794.1,2.6274,0.0,0.0,0.0000,0.5,-4.5,0.0170,-2.7,3.7,0,0.0,0.0,0.0000,0.00,0.00,0.00,0.00
10.5287,10.5209,7.7,0,12.1,-1793.2,2.6299,11.8,-1794.1,2.6274,0.0,0.0,0.0000,-0.9,-2.7,-0.0102,-0.5,2.8,0,0.0,0.0,0.0000,0.00,0.00,0.00,0.00
10.5360,10.5295,6.5,0,11.8,-1793.1,2.6269,11.8,-1794.1,2.6274,0.0,0.0,0.0000,-0.2,-3.1,0.0018,-1.3,2.8,0,0.0,0.0,0.0000,0.00,0.00,0.00,0.00
10.5445,10.5379,6.6,0,11.9,-1793.5,2.6282,11.8,-1794.1,2.6274,0.0,0.0,0.0000,-0.3,-1.8,-0.0033,-0.6,1.7,0,0.0,0.0,0.0000,0.00,0.00,0.00,0.00
10.5523,10.5464,5.8,0,12.2,-1792.9,2.6330,11.8,-1794.1,2.6274,0.0,0.0,0.0000,-1.3,-3.7,-0.0225,-0.6,3.9,0,0.0,0.0,0.0000,0.00,0.00,0.00,0.00
10.5601,10.5548,5.3,0,12.4,-1793.6,2.6315,11.8,-1794.1,2.6274,0.0,0.0,0.0000,-1.8,-1.6,-0.0167,0.8,2.3,0,0.0,0.0,0.0000,0.00,0.00,0.00,0.00
10.5684,10.5632,5.2,0,11.9,-1793.6,2.6307,11.8,-1794.1,2.6274,0.0,0.0,0.0000,-0.4,-1.6,-0.0136,-0.4,1.6,0,0.0,0.0,0.0000,0.00,0.00,0.00,0.00
10.5764,10.5717,4.6,0,11.9,-1793.1,2.6242,11.8,-1794.1,2.6274,0.0,0.0,0.0000,-0.4,-3.2,0.0127,-1.2,3.0,0,0.0,0.0,0.0000,0.00,0.00,0.00,0.00
10.5837,10.5802,3.5,0,11.9,-1793.0,2.6322,11.8,-1794.1,2.6274,0.0,0.0,0.0000,-0.3,-3.3,-0.0195,-1.3,3.0,0,0.0,0.0,0.0000,0.00,0.00,0.00,0.00
10.5918,10.5886,3.1,0,12.4,-1792.5,2.6366,11.8,-1794.1,2.6274,0.0,0.0,0.0000,-2.1,-4.8,-0.0370,-0.5,5.2,0,0.0,0.0,0.0000,0.00,0.00,0.00,0.00
10.5998,10.5886,11.2,0,12.4,-1792.5,2.6366,11.8,-1794.1,2.6274,0.0,0.0,0.0000,-2.1,-4.8,-0.0370,-0.5,5.2,0,0.0,0.0,0.0000,0.00,0.00,0.00,0.00
10.6079,10.6055,2.4,0,11.9,-1793.4,2.6274,11.8,-1794.1,2.6274,0.0,0.0,0.0000,-0.3,-2.2,-0.0002,-0.8,2.0,0,0.0,0.0,0.0000,0.00,0.00,0.00,0.00
10.6156,10.6055,10.1,0,11.9,-1793.4,2.6274,11.8,-1794.1,2.6274,0.0,0.0,0.0000,-0.3,-2.2,-0.0002,-0.8,2.0,0,0.0,0.0,0.0000,0.00,0.00,0.00,0.00
10.6245,10.6224,2.1,0,12.2,-1793.3,2.6299,11.8,-1794.1,2.6274,0.0,0.0,0.0000,-1.2,-2.6,-0.0101,-0.2,2.8,0,0.0,0.0,0.0000,0.00,0.00,0.00,0.00
