t_s,tv_s,vision_age_ms,held,pose_x_mm,pose_y_mm,pose_theta_rad,ref_x_mm,ref_y_mm,ref_theta_rad,ref_vx_mm_s,ref_vy_mm_s,ref_omega_rad_s,cmd_world_vx_mm_s,cmd_world_vy_mm_s,cmd_omega_rad_s,cmd_body_vx_mm_s,cmd_body_vy_mm_s,near_goal,pred_x_mm,pred_y_mm,pred_theta_rad,wheel_fl_rad_s,wheel_bl_rad_s,wheel_br_rad_s,wheel_fr_rad_s,imu_valid,imu_yaw_rate_rad_s,imu_accel_x_m_s2,imu_accel_y_m_s2,battery_v,est_valid,est_x_mm,est_y_mm,est_theta_rad,est_vx_mm_s,est_vy_mm_s,est_omega_rad_s,est_gyro_bias_rad_s,est_health
-0.2935,-0.2998,6.2,0,145.6,0.8,0.1256,145.3,1.0,0.1256,0.0,0.0,0.0000,-0.9,0.4,0.0000,-0.8,0.5,0,0.0,0.0,0.0000,0.21,-0.31,-0.02,0.05,1,-0.0067,-0.108,0.137,25.00,1,145.6,0.8,0.12558,0.0,0.0,-0.0067,-0.00000,OK
-0.2861,-0.2931,6.9,0,145.4,0.6,0.1227,145.3,1.0,0.1256,0.0,0.0,0.0000,-0.4,1.2,0.0117,-0.3,1.2,0,0.0,0.0,0.0000,0.32,-0.32,0.04,0.18,1,-0.0078,-0.098,0.137,25.00,1,145.4,0.6,0.12420,-18.9,-22.7,0.0237,-0.02813,OK
-0.2781,-0.2827,4.6,0,145.4,1.0,0.1250,145.3,1.0,0.1256,0.0,0.0,0.0000,-0.3,-0.1,0.0023,-0.3,-0.1,0,0.0,0.0,0.0000,0.02,-0.12,-0.05,-0.02,1,-0.0078,-0.098,0.137,24.00,1,145.4,1.0,0.12449,-0.7,37.4,0.0031,-0.01545,OK
-0.2696,-0.2748,5.2,0,145.7,0.8,0.1232,145.3,1.0,0.1256,0.0,0.0,0.0000,-1.3,0.7,0.0096,-1.2,0.8,0,0.0,0.0,0.0000,-0.16,-0.15,0.06,0.02,1,-0.0078,-0.118,0.137,25.00,1,145.7,0.8,0.12402,31.8,-27.8,-0.0125,-0.00602,OK
-0.2620,-0.2663,4.3,0,145.5,0.5,0.1217,145.3,1.0,0.1256,0.0,0.0,0.0000,-0.8,1.4,0.0156,-0.6,1.4,0,0.0,0.0,0.0000,0.01,0.26,-0.32,0.01,1,-0.0078,-0.118,0.137,25.00,1,145.6,0.6,0.12342,-22.9,-28.0,-0.0124,-0.00550,OK
-0.2541,-0.2576,3.4,0,145.5,0.7,0.1220,145.3,1.0,0.1256,0.0,0.0,0.0000,-0.6,1.0,0.0142,-0.5,1.1,0,0.0,0.0,0.0000,-0.19,0.22,0.12,-0.04,1,-0.0078,-0.118,0.147,24.00,1,145.5,0.6,0.12310,-7.5,18.8,-0.0096,-0.00618,OK
-0.2452,-0.2489,3.7,0,145.5,0.7,0.1221,145.3,1.0,0.1256,0.0,0.0,0.0000,-0.6,0.9,0.0140,-0.5,1.0,0,0.0,0.0,0.0000,-0.24,-0.12,-0.31,-0.05,1,-0.0078,-0.098,0.157,24.00,1,145.5,0.7,0.12285,0.9,5.1,-0.0091,-0.00570,OK
-0.2377,-0.2409,3.2,0,145.6,0.7,0.1251,145.3,1.0,0.1256,0.0,0.0,0.0000,-1.1,0.8,0.0018,-1.0,0.9,0,0.0,0.0,0.0000,-0.17,-0.04,0.03,-0.22,1,-0.0078,-0.108,0.147,25.00,1,145.6,0.7,0.12332,28.1,1.3,0.0163,-0.00586,OK
-0.2293,-0.2325,3.2,0,145.5,0.6,0.1236,145.3,1.0,0.1256,0.0,0.0,0.0000,-0.6,1.1,0.0081,-0.5,1.2,0,0.0,0.0,0.0000,-0.13,0.11,-0.02,-0.13,1,-0.0078,-0.118,0.137,26.00,1,145.5,0.6,0.12336,-26.1,-14.9,0.0010,-0.00604,OK
-0.2216,-0.2240,2.5,0,145.1,1.0,0.1239,145.3,1.0,0.1256,0.0,0.0,0.0000,0.4,0.0,0.0067,0.4,-0.0,0,0.0,0.0,0.0000,-0.04,-0.25,0.02,-0.11,1,-0.0078,-0.118,0.137,24.00,1,145.2,0.9,0.12346,-58.5,72.7,0.0046,-0.00607,OK
-0.2135,-0.2149,1.4,0,145.2,1.0,0.1225,145.3,1.0,0.1256,0.0,0.0,0.0000,0.3,-0.2,0.0122,0.3,-0.2,0,0.0,0.0,0.0000,0.17,0.32,0.22,-0.07,1,-0.0078,-0.118,0.157,24.00,1,145.2,1.0,0.12326,1.1,17.4,-0.0123,-0.00660,OK
-0.2061,-0.2072,1.1,0,145.5,0.8,0.1231,145.3,1.0,0.1256,0.0,0.0,0.0000,-0.5,0.7,0.0100,-0.5,0.7,0,0.0,0.0,0.0000,-0.02,0.12,0.22,0.03,1,-0.0044,-0.049,0.127,24.00,1,145.4,0.8,0.12325,48.2,-52.7,-0.0024,-0.00650,OK
-0.1976,-0.2072,9.5,0,145.5,0.8,0.1231,145.3,1.0,0.1256,0.0,0.0,0.0000,-0.5,0.7,0.0100,-0.5,0.7,0,0.0,0.0,0.0000,0.54,-0.06,-0.05,0.17,1,-0.0089,-0.118,0.177,25.00,1,145.4,0.8,0.12327,0.0,0.0,0.0028,-0.00707,OK
-0.1896,-0.1907,1.1,0,145.4,0.8,0.1221,145.3,1.0,0.1256,0.0,0.0,0.0000,-0.4,0.7,0.0140,-0.3,0.7,0,0.0,0.0,0.0000,0.07,-0.32,-0.06,0.11,1,-0.0089,-0.118,0.177,25.00,1,145.4,0.8,0.12297,-2.6,-4.6,-0.0210,-0.00716,OK
-0.1811,-0.1813,0.2,0,145.3,1.0,0.1246,145.3,1.0,0.1256,0.0,0.0,0.0000,-0.1,0.0,0.0039,-0.1,0.0,0,0.0,0.0,0.0000,-0.06,0.14,0.23,-0.03,1,-0.0133,-0.078,0.186,25.00,1,145.3,1.0,0.12346,-14.3,37.1,0.0340,-0.00779,OK
-0.1738,-0.1813,7.6,0,145.3,1.0,0.1246,145.3,1.0,0.1256,0.0,0.0,0.0000,-0.1,0.0,0.0039,-0.1,0.0,0,0.0,0.0,0.0000,-0.18,0.20,-0.05,0.04,1,-0.0133,-0.098,0.108,25.00,1,145.3,0.9,0.12334,-3.3,8.0,-0.0019,-0.00779,OK
-0.1654,-0.1729,7.6,0,145.2,1.0,0.1221,145.3,1.0,0.1256,0.0,0.0,0.0000,0.3,0.1,0.0141,0.3,0.0,0,0.0,0.0,0.0000,-0.06,-0.43,-0.21,-0.09,1,-0.0122,-0.098,0.127,24.00,1,145.2,1.0,0.12305,-0.2,0.1,-0.0032,-0.00789,OK
-0.1574,-0.1648,7.5,0,145.4,0.7,0.1255,145.3,1.0,0.1256,0.0,0.0,0.0000,-0.5,0.7,0.0005,-0.4,0.8,0,0.0,0.0,0.0000,-0.05,0.18,-0.30,0.12,1,-0.0056,-0.088,0.147,25.00,1,145.4,0.8,0.12354,0.4,-0.5,0.0004,-0.00774,OK
-0.1501,-0.1648,14.8,0,145.4,0.7,0.1255,145.3,1.0,0.1256,0.0,0.0,0.0000,-0.5,0.7,0.0005,-0.4,0.8,0,0.0,0.0,0.0000,0.09,-0.03,-0.16,-0.18,1,-0.0056,-0.088,0.147,25.00,1,145.4,0.8,0.12353,-0.0,-0.0,-0.0009,-0.00752,OK
-0.1422,-0.1485,6.3,0,145.6,0.6,0.1239,145.3,1.0,0.1256,0.0,0.0,0.0000,-1.0,1.0,0.0066,-0.9,1.1,0,0.0,0.0,0.0000,-0.35,0.13,0.42,0.19,1,0.0000,-0.147,0.167,25.00,1,145.6,0.7,0.12363,3.2,-2.7,0.0021,-0.00712,OK
-0.1338,-0.1485,14.7,0,145.6,0.6,0.1239,145.3,1.0,0.1256,0.0,0.0,0.0000,-1.0,1.0,0.0066,-0.9,1.1,0,0.0,0.0,0.0000,0.08,-0.05,0.01,0.14,1,0.0000,-0.049,0.127,27.00,1,145.6,0.7,0.12364,-0.0,0.0,0.0013,-0.00675,OK
-0.1256,-0.1485,22.9,0,145.6,0.6,0.1239,145.3,1.0,0.1256,0.0,0.0,0.0000,-1.0,1.0,0.0066,-0.9,1.1,0,0.0,0.0,0.0000,-0.43,0.05,-0.19,-0.11,1,-0.0044,-0.147,0.157,24.00,1,145.6,0.7,0.12363,-0.0,-0.0,-0.0029,-0.00643,OK
-0.1181,-0.1485,30.3,0,145.6,0.6,0.1239,145.3,1.0,0.1256,0.0,0.0,0.0000,-1.0,1.0,0.0066,-0.9,1.1,0,0.0,0.0,0.0000,0.09,0.08,0.15,-0.21,1,-0.0044,-0.147,0.157,25.00,1,145.6,0.7,0.12362,-0.0,-0.0,0.0004,-0.00634,OK
-0.1096,-0.1485,38.9,0,145.6,0.6,0.1239,145.3,1.0,0.1256,0.0,0.0,0.0000,-1.0,1.0,0.0066,-0.9,1.1,0,0.0,0.0,0.0000,0.17,-0.10,0.11,0.15,1,-0.0044,-0.078,0.108,24.00,1,145.6,0.7,0.12363,0.0,0.0,0.0016,-0.00633,OK
-0.1012,-0.1485,47.3,0,145.6,0.6,0.1239,145.3,1.0,0.1256,0.0,0.0,0.0000,-1.0,1.0,0.0066,-0.9,1.1,0,0.0,0.0,0.0000,-0.04,0.04,-0.26,0.19,1,-0.0067,-0.069,0.157,25.00,1,145.6,0.7,0.12363,-0.0,0.0,-0.0001,-0.00634,OK
-0.0936,-0.1485,54.9,0,145.6,0.6,0.1239,145.3,1.0,0.1256,0.0,0.0,0.0000,-1.0,1.0,0.0066,-0.9,1.1,0,0.0,0.0,0.0000,-0.01,-0.26,-0.28,-0.29,1,-0.0089,-0.206,0.186,25.00,1,145.6,0.7,0.12362,-0.0,0.0,-0.0035,-0.00630,OK
-0.0860,-0.0862,0.2,0,145.5,0.8,0.1220,145.3,1.0,0.1256,0.0,0.0,0.0000,-0.8,0.7,0.0142,-0.7,0.8,0,0.0,0.0,0.0000,-0.10,-0.22,-0.15,-0.22,1,-0.0078,-0.069,0.147,25.00,1,145.5,0.8,0.12294,-2.8,6.9,-0.0315,-0.00621,OK
-0.0772,-0.0862,8.9,0,145.5,0.8,0.1220,145.3,1.0,0.1256,0.0,0.0,0.0000,-0.8,0.7,0.0142,-0.7,0.8,0,0.0,0.0,0.0000,-0.10,0.14,-2.56,-0.28,1,-0.0078,-0.069,0.147,25.00,1,145.5,0.8,0.12286,-18.4,17.2,-0.0438,-0.00454,OK
-0.0700,-0.0862,16.2,0,145.5,0.8,0.1220,145.3,1.0,0.1256,0.0,0.0,0.0000,-0.8,0.7,0.0142,-0.7,0.8,0,0.0,0.0,0.0000,-0.05,0.00,-0.02,0.00,1,-0.0044,-0.127,0.137,24.00,1,145.4,0.8,0.12269,1.0,-1.3,-0.0030,-0.00441,OK
-0.0614,-0.0862,24.8,0,145.5,0.8,0.1220,145.3,1.0,0.1256,0.0,0.0,0.0000,-0.8,0.7,0.0142,-0.7,0.8,0,0.0,0.0,0.0000,0.09,0.23,0.43,-0.01,1,0.0000,-0.088,0.137,25.00,1,145.5,0.8,0.12282,1.3,-7.6,0.0284,-0.00547,OK
-0.0542,-0.0862,32.0,0,145.5,0.8,0.1220,145.3,1.0,0.1256,0.0,0.0,0.0000,-0.8,0.7,0.0142,-0.7,0.8,0,0.0,0.0,0.0000,0.61,-0.66,0.11,-0.01,1,0.0000,-0.127,0.137,25.00,1,145.5,0.8,0.12296,0.9,10.9,0.0098,-0.00566,OK
-0.0463,-0.0862,39.9,0,145.5,0.8,0.1220,145.3,1.0,0.1256,0.0,0.0,0.0000,-0.8,0.7,0.0142,-0.7,0.8,0,0.0,0.0,0.0000,0.04,0.25,-0.11,0.34,1,0.0000,-0.127,0.137,25.00,1,145.5,0.8,0.12312,0.5,1.3,0.0255,-0.00650,OK
-0.0377,-0.0862,48.5,0,145.5,0.8,0.1220,145.3,1.0,0.1256,0.0,0.0,0.0000,-0.8,0.7,0.0142,-0.7,0.8,0,0.0,0.0,0.0000,0.06,0.25,0.00,-0.17,1,-0.0067,-0.118,0.216,25.00,1,145.5,0.8,0.12325,-3.8,-4.6,0.0039,-0.00667,OK
-0.0301,-0.0862,56.1,0,145.5,0.8,0.1220,145.3,1.0,0.1256,0.0,0.0,0.0000,-0.8,0.7,0.0142,-0.7,0.8,0,0.0,0.0,0.0000,-0.07,0.04,-0.31,-0.12,1,-0.0111,-0.078,0.108,24.00,1,145.4,0.8,0.12317,-2.9,0.5,-0.0199,-0.00603,OK
-0.0213,-0.0862,64.9,0,145.5,0.8,0.1220,145.3,1.0,0.1256,0.0,0.0,0.0000,-0.8,0.7,0.0142,-0.7,0.8,0,0.0,0.0,0.0000,-0.22,-0.23,0.23,-0.17,1,-0.0133,-0.108,0.098,25.00,1,145.4,0.8,0.12296,4.6,-4.6,-0.0225,-0.00541,OK
-0.0136,-0.0862,72.6,0,145.5,0.8,0.1220,145.3,1.0,0.1256,0.0,0.0,0.0000,-0.8,0.7,0.0142,-0.7,0.8,0,0.0,0.0,0.0000,-0.40,-0.05,0.02,-0.07,1,-0.0067,-0.069,0.147,24.00,1,145.3,0.9,0.12286,0.0,-0.0,-0.0025,-0.00537,OK
-0.0052,-0.0862,81.0,0,145.5,0.8,0.1220,145.3,1.0,0.1256,0.0,0.0,0.0000,-0.8,0.7,0.0142,-0.7,0.8,0,0.0,0.0,0.0000,-0.28,0.03,0.18,0.34,1,-0.0067,-0.069,0.147,24.00,1,145.3,0.9,0.12286,0.0,0.0,0.0009,-0.00545,OK
0.0023,-0.0862,88.5,0,145.5,0.8,0.1220,145.3,1.0,0.1256,0.0,0.0,0.0000,-0.8,0.7,0.2914,-0.7,0.8,0,0.0,0.0,0.0000,0.00,-0.42,0.01,0.54,1,-0.0022,-0.118,0.167,25.00,1,145.3,0.9,0.12286,0.0,0.0,0.0012,-0.00538,OK
0.0099,-0.0862,96.1,0,145.5,0.8,0.1220,145.3,1.0,0.1256,0.0,0.0,0.0000,-0.8,0.7,0.3149,-0.7,0.8,0,0.0,0.0,0.0000,0.28,0.02,0.09,-0.08,1,-0.0011,-0.069,0.206,25.00,1,145.3,0.9,0.12287,-0.0,-0.0,0.0015,-0.00528,OK
0.0180,0.0166,1.4,0,145.3,0.9,0.1232,145.3,1.0,0.1260,0.0,0.0,0.0500,-0.2,0.2,0.3357,-0.2,0.2,0,0.0,0.0,0.0000,-0.02,0.23,-0.23,-0.24,1,-0.0022,-0.206,0.118,25.00,1,145.3,0.9,0.12305,0.1,0.1,0.0034,-0.00515,OK
0.0261,0.0208,5.3,0,145.3,1.0,0.1273,145.3,1.0,0.1263,0.0,0.0,0.0624,0.0,-0.1,0.3459,0.0,-0.1,0,0.0,0.0,0.0000,0.00,0.14,0.04,-0.18,1,-0.0022,-0.206,0.118,24.00,1,145.3,1.0,0.12448,-7.7,14.4,0.0111,-0.00519,OK
0.0337,0.0295,4.2,0,145.4,1.0,0.1242,145.3,1.0,0.1269,0.0,0.0,0.0888,-0.3,-0.2,0.3836,-0.3,-0.2,0,0.0,0.0,0.0000,-0.09,0.28,0.11,-0.16,1,0.0000,-0.118,0.118,24.00,1,145.4,1.0,0.12441,11.8,4.8,-0.0012,-0.00503,OK
0.0418,0.0384,3.4,0,145.4,0.6,0.1218,145.3,1.0,0.1279,0.0,0.0,0.1152,-0.3,1.2,0.4211,-0.1,1.2,0,0.0,0.0,0.0000,0.48,0.06,0.27,0.11,1,0.0022,-0.118,0.108,25.00,1,145.4,0.7,0.12376,-7.6,-67.9,-0.0184,-0.00489,OK
0.0504,0.0469,3.5,0,145.3,1.1,0.1213,145.3,1.0,0.1289,0.0,0.0,0.1404,-0.0,-0.3,0.4536,-0.1,-0.2,0,0.0,0.0,0.0000,0.16,0.34,0.32,0.70,1,0.0378,-0.010,0.118,25.00,1,145.3,1.0,0.12325,-3.5,71.2,-0.0080,-0.00396,OK
0.0583,0.0551,3.2,0,145.4,0.7,0.1250,145.3,1.0,0.1302,0.0,0.0,0.1650,-0.3,0.7,0.4678,-0.2,0.8,0,0.0,0.0,0.0000,0.17,0.43,0.15,0.60,1,0.1678,-0.059,0.265,25.00,1,145.4,0.8,0.12374,9.4,-50.6,0.0313,-0.00171,OK
0.0666,0.0634,3.2,0,145.8,0.7,0.1260,145.3,1.0,0.1316,0.0,0.0,0.1902,-1.4,0.7,0.4951,-1.3,0.9,0,0.0,0.0,0.0000,0.42,0.37,0.75,0.58,1,0.1678,-0.059,0.265,25.00,1,145.7,0.7,0.12546,57.3,-7.6,0.1884,-0.00207,OK
0.0743,0.0718,2.5,0,145.5,1.0,0.1287,145.3,1.0,0.1334,0.0,0.0,0.2154,-0.5,0.0,0.5141,-0.5,0.1,0,0.0,0.0,0.0000,0.79,0.75,0.61,0.18,1,0.2978,-0.226,0.206,24.00,1,145.5,0.9,0.12800,-44.0,43.1,0.2831,-0.00126,OK
0.0826,0.0812,1.4,0,145.7,0.7,0.1301,145.3,1.0,0.1355,0.0,0.0,0.2437,-1.4,0.8,0.5410,-1.3,0.9,0,0.0,0.0,0.0000,1.29,1.01,1.13,0.78,1,0.4067,-0.049,0.275,24.00,1,145.7,0.8,0.13147,41.2,-45.9,0.3735,-0.00126,OK
0.0897,0.0886,1.1,0,145.4,0.8,0.1354,145.3,1.0,0.1374,0.0,0.0,0.2658,-0.5,0.5,0.5486,-0.4,0.6,0,0.0,0.0,0.0000,1.10,1.23,1.16,1.29,1,0.4900,-0.118,0.167,24.00,1,145.5,0.8,0.13534,-47.1,18.3,0.4869,-0.00115,OK
0.0984,0.0972,1.1,0,145.4,0.8,0.1393,145.3,1.0,0.1398,0.0,0.0,0.2918,-0.4,0.5,0.5687,-0.3,0.5,0,0.0,0.0,0.0000,1.25,1.43,1.33,1.20,1,0.4900,-0.118,0.167,25.00,1,145.4,0.8,0.13956,-8.9,4.0,0.4904,-0.00120,OK
0.1059,0.1057,0.2,0,145.3,0.9,0.1434,145.3,1.0,0.1424,0.0,0.0,0.3173,0.0,0.3,0.5843,0.1,0.3,0,0.0,0.0,0.0000,1.57,1.90,1.24,1.35,1,0.5533,0.000,0.098,25.00,1,145.3,0.9,0.14418,-14.8,13.1,0.5356,-0.00123,OK
0.1145,0.1057,8.8,0,145.3,0.9,0.1434,145.3,1.0,0.1424,0.0,0.0,0.3173,0.0,0.3,0.6210,0.1,0.3,0,0.0,0.0,0.0000,1.48,1.67,1.56,1.40,1,0.6144,0.069,0.029,24.00,1,145.3,0.9,0.14488,-8.6,3.8,0.6073,-0.00118,OK
0.1223,0.1158,6.6,0,145.2,0.8,0.1459,145.3,1.0,0.1458,0.0,0.0,0.3474,0.4,0.7,0.6458,0.5,0.6,0,0.0,0.0,0.0000,2.09,2.08,1.58,1.50,1,0.6711,0.167,0.049,24.00,1,145.2,0.8,0.14975,-16.2,-4.7,0.6750,-0.00094,OK
0.1300,0.1227,7.4,0,145.3,0.6,0.1509,145.3,1.0,0.1482,0.0,0.0,0.3679,-0.1,1.1,0.6603,0.1,1.1,0,0.0,0.0,0.0000,1.83,2.23,2.15,1.63,1,0.7267,0.118,0.108,25.00,1,145.3,0.6,0.15384,3.3,-18.0,0.7296,-0.00075,OK
0.1378,0.1316,6.2,0,145.3,0.6,0.1552,145.3,1.0,0.1516,0.0,0.0,0.3947,-0.2,1.1,0.6794,0.0,1.2,0,0.0,0.0,0.0000,2.32,2.42,1.74,1.73,1,0.7267,0.118,0.108,25.00,1,145.3,0.6,0.15929,0.1,-3.7,0.7328,-0.00041,OK
0.1466,0.1396,6.9,0,145.3,0.6,0.1584,145.3,1.0,0.1549,0.0,0.0,0.4187,-0.0,1.1,0.7074,0.1,1.1,0,0.0,0.0,0.0000,2.32,2.03,1.99,1.94,1,0.7656,-0.127,0.235,25.00,1,145.3,0.6,0.16384,1.7,2.5,0.7643,-0.00004,OK
0.1547,0.1486,6.1,0,145.1,0.7,0.1703,145.3,1.0,0.1588,0.0,0.0,0.4457,0.7,0.9,0.6993,0.8,0.8,0,0.0,0.0,0.0000,2.18,2.05,2.14,2.16,1,0.7711,-0.206,0.412,25.00,1,145.1,0.7,0.17065,-13.4,6.0,0.7784,0.00001,OK
0.1626,0.1563,6.2,0,145.0,0.7,0.1759,145.3,1.0,0.1623,0.0,0.0,0.4690,1.0,1.0,0.7155,1.1,0.8,0,0.0,0.0,0.0000,2.27,2.31,2.16,1.83,1,0.7533,-0.078,0.353,24.00,1,145.0,0.7,0.17642,-15.9,-0.2,0.7634,0.00008,OK
0.1701,0.1649,5.2,0,144.9,0.5,0.1826,145.3,1.0,0.1664,0.0,0.0,0.4947,1.2,1.5,0.7264,1.5,1.3,0,0.0,0.0,0.0000,1.97,2.43,2.16,1.93,1,0.7367,-0.020,0.226,24.00,1,144.9,0.5,0.18275,-12.6,-16.3,0.7475,0.00011,OK
0.1788,0.1737,5.2,0,144.8,0.4,0.1947,145.3,1.0,0.1709,0.0,0.0,0.5211,1.6,1.6,0.7225,1.9,1.3,0,0.0,0.0,0.0000,2.33,2.08,2.22,1.73,1,0.7367,-0.020,0.226,25.00,1,144.8,0.4,0.19047,-14.7,-2.9,0.7671,-0.00020,OK
0.1862,0.1836,2.6,0,144.6,0.4,0.2008,145.3,1.0,0.1762,0.0,0.0,0.5510,2.1,1.9,0.7361,2.4,1.4,0,0.0,0.0,0.0000,2.15,2.05,1.20,1.79,1,0.7211,-0.049,0.088,25.00,1,144.6,0.4,0.19836,-19.6,-7.0,0.7512,-0.00039,OK
0.1940,0.1907,3.3,0,144.8,0.4,0.2052,145.3,1.0,0.1802,0.0,0.0,0.5724,1.6,1.8,0.7593,1.9,1.5,0,0.0,0.0,0.0000,2.03,2.21,1.23,2.02,1,0.7111,-0.118,0.029,25.00,1,144.7,0.4,0.20377,32.1,-2.8,0.7284,-0.00050,OK
0.2025,0.1989,3.6,0,144.6,0.3,0.2025,145.3,1.0,0.1850,0.0,0.0,0.5968,2.0,2.0,0.8162,2.4,1.6,0,0.0,0.0,0.0000,2.44,1.96,0.82,1.72,1,0.6978,-0.373,0.118,25.00,1,144.6,0.3,0.20787,-21.8,-3.7,0.6210,-0.00010,OK
0.2100,0.2075,2.5,0,144.8,0.7,0.2116,145.3,1.0,0.1902,0.0,0.0,0.6223,1.5,0.8,0.8207,1.7,0.5,0,0.0,0.0,0.0000,1.98,1.98,0.55,1.72,1,0.6978,-0.373,0.118,25.00,1,144.7,0.7,0.21320,40.0,51.5,0.6371,0.00017,OK
0.2182,0.2075,10.7,0,144.8,0.7,0.2116,145.3,1.0,0.1902,0.0,0.0,0.6223,1.5,0.8,0.8664,1.7,0.5,0,0.0,0.0,0.0000,1.71,2.11,0.14,1.79,1,0.6833,-0.598,0.196,25.00,1,144.8,0.8,0.21503,6.3,24.5,0.6555,0.00028,OK
0.2267,0.2245,2.2,0,144.9,0.3,0.2282,145.3,1.0,0.2012,0.0,0.0,0.6733,1.1,2.1,0.8476,1.5,1.8,0,0.0,0.0,0.0000,1.75,2.03,0.72,1.78,1,0.6778,-0.451,0.177,25.00,1,144.9,0.3,0.22546,4.2,-49.8,0.7142,0.00011,OK
0.2344,0.2330,1.4,0,145.2,-0.3,0.2237,145.3,1.0,0.2071,0.0,0.0,0.6990,0.3,3.9,0.9056,1.2,3.8,0,0.0,0.0,0.0000,1.62,1.61,1.25,1.80,1,0.6778,-0.177,0.167,25.00,1,145.2,-0.3,0.22900,11.8,-95.7,0.5124,0.00054,OK
0.2420,0.2330,9.0,0,145.2,-0.3,0.2237,145.3,1.0,0.2071,0.0,0.0,0.6990,0.3,3.9,0.9423,1.2,3.8,0,0.0,0.0,0.0000,2.17,2.00,1.69,2.02,1,0.6778,-0.177,0.167,25.00,1,145.2,-0.3,0.23005,10.5,-50.2,0.6953,0.00041,OK
0.2498,0.2433,6.5,0,144.4,0.4,0.2350,145.3,1.0,0.2144,0.0,0.0,0.7298,2.5,1.8,0.9306,2.9,1.2,0,0.0,0.0,0.0000,1.40,1.60,1.69,1.86,1,0.6844,-0.078,-0.000,25.00,1,144.5,0.3,0.23610,-28.2,35.8,0.6668,0.00051,OK
0.2582,0.2507,7.5,0,145.2,-0.4,0.2413,145.3,1.0,0.2200,0.0,0.0,0.7523,0.3,4.1,0.9354,1.3,3.9,0,0.0,0.0,0.0000,1.37,1.71,1.89,1.98,1,0.7078,-0.196,-0.069,24.00,1,145.1,-0.3,0.24124,17.2,-32.4,0.6931,0.00054,OK
0.2660,0.2618,4.2,0,145.4,-0.4,0.2531,145.3,1.0,0.2285,0.0,0.0,0.7857,-0.5,4.2,0.9151,0.6,4.2,0,0.0,0.0,0.0000,2.06,1.76,2.26,2.33,1,0.7633,-0.275,-0.186,25.00,1,145.4,-0.4,0.25035,27.4,-19.4,0.7982,0.00031,OK
0.2739,0.2618,12.0,0,145.4,-0.4,0.2531,145.3,1.0,0.2285,0.0,0.0,0.7857,-0.5,4.2,0.9403,0.6,4.2,0,0.0,0.0,0.0000,2.25,2.26,2.11,2.38,1,0.7633,-0.275,-0.186,26.00,1,145.5,-0.5,0.25350,15.3,-20.8,0.7874,0.00038,OK
0.2822,0.2808,1.4,0,144.5,0.4,0.2607,145.3,1.0,0.2440,0.0,0.0,0.8424,2.4,1.8,0.9376,2.8,1.1,0,0.0,0.0,0.0000,2.18,2.03,2.25,2.48,1,0.8289,-0.461,-0.049,25.00,1,144.5,0.4,0.26420,-66.4,95.8,0.7397,0.00072,OK
0.2897,0.2808,8.9,0,144.5,0.4,0.2607,145.3,1.0,0.2440,0.0,0.0,0.8424,2.4,1.8,0.9632,2.8,1.1,0,0.0,0.0,0.0000,1.97,2.01,2.32,2.76,1,0.8800,-0.471,0.049,24.00,1,144.5,0.4,0.26529,-21.9,43.4,0.8732,0.00075,OK
0.2980,0.2808,17.2,0,144.5,0.4,0.2607,145.3,1.0,0.2440,0.0,0.0,0.8424,2.4,1.8,0.9926,2.8,1.1,0,0.0,0.0,0.0000,2.10,2.28,2.77,2.96,1,0.9167,-0.177,0.167,24.00,1,144.2,0.7,0.27273,-17.6,35.7,0.9233,0.00079,OK
0.3069,0.2808,26.1,0,144.5,0.4,0.2607,145.3,1.0,0.2440,0.0,0.0,0.8424,2.4,1.8,1.0246,2.8,1.1,0,0.0,0.0,0.0000,2.30,2.27,2.24,2.84,1,0.9467,0.147,0.029,26.00,1,144.0,0.9,0.28099,-22.4,40.5,0.9393,0.00075,OK
0.3146,0.2808,33.8,0,144.5,0.4,0.2607,145.3,1.0,0.2440,0.0,0.0,0.8424,2.4,1.8,1.0536,2.8,1.1,0,0.0,0.0,0.0000,2.74,1.91,2.73,2.87,1,0.9467,0.147,0.029,25.00,1,143.7,1.2,0.28830,-17.0,41.6,0.9521,0.00079,OK
0.3219,0.3216,0.3,0,144.8,0.5,0.2835,145.3,1.0,0.2808,0.0,0.0,0.9629,1.5,1.5,0.9902,1.9,1.0,0,0.0,0.0,0.0000,2.84,2.23,2.70,3.00,1,0.9978,0.118,0.049,25.00,1,144.7,0.5,0.29735,21.3,-20.2,0.6991,0.00207,OK
0.3307,0.3216,9.1,0,144.8,0.5,0.2835,145.3,1.0,0.2808,0.0,0.0,0.9629,1.5,1.5,1.0249,1.9,1.0,0,0.0,0.0,0.0000,2.74,2.02,2.94,3.41,1,1.0644,0.118,0.245,25.00,1,144.8,0.5,0.29943,16.9,2.3,1.0587,0.00215,OK
0.3382,0.3216,16.6,0,144.8,0.5,0.2835,145.3,1.0,0.2808,0.0,0.0,0.9629,1.5,1.5,1.0545,1.9,1.0,0,0.0,0.0,0.0000,2.75,2.58,3.21,3.29,1,1.1067,0.098,0.490,25.00,1,144.9,0.5,0.30755,12.6,-7.1,1.1059,0.00217,OK
0.3466,0.3216,25.0,0,144.8,0.5,0.2835,145.3,1.0,0.2808,0.0,0.0,0.9629,1.5,1.5,1.0881,1.9,1.0,0,0.0,0.0,0.0000,2.79,2.65,3.27,3.33,1,1.1156,0.167,0.314,25.00,1,145.0,0.5,0.31686,12.2,-6.9,1.1173,0.00221,OK
0.3543,0.3216,32.6,0,144.8,0.5,0.2835,145.3,1.0,0.2808,0.0,0.0,0.9629,1.5,1.5,1.1186,1.9,1.0,0,0.0,0.0,0.0000,3.03,2.50,2.60,3.43,1,1.1156,0.167,0.314,25.00,1,145.1,0.5,0.32535,6.5,6.4,1.1103,0.00218,OK
0.3626,0.3216,41.0,0,144.8,0.5,0.2835,145.3,1.0,0.2808,0.0,0.0,0.9629,1.5,1.5,1.1521,1.9,1.0,0,0.0,0.0,0.0000,3.10,2.85,2.89,3.13,1,1.1211,0.167,0.206,25.00,1,145.1,0.5,0.33471,2.3,-2.3,1.1213,0.00220,OK
0.3701,0.3216,48.5,0,144.8,0.5,0.2835,145.3,1.0,0.2808,0.0,0.0,0.9629,1.5,1.5,1.1821,1.9,1.0,0,0.0,0.0,0.0000,3.03,2.62,3.29,3.09,1,1.1533,0.127,0.245,25.00,1,145.1,0.5,0.34323,7.6,-3.8,1.1446,0.00214,OK
0.3786,0.3216,56.9,0,144.8,0.5,0.2835,145.3,1.0,0.2808,0.0,0.0,0.9629,1.5,1.5,1.2158,1.9,1.0,0,0.0,0.0,0.0000,3.37,3.04,3.45,2.60,1,1.1744,0.059,0.235,25.00,1,145.2,0.5,0.35300,-3.4,-11.5,1.1671,0.00209,OK
0.3861,0.3216,64.4,0,144.8,0.5,0.2835,145.3,1.0,0.2808,0.0,0.0,0.9629,1.5,1.5,1.2458,1.9,1.0,0,0.0,0.0,0.0000,3.21,3.19,3.13,2.33,1,1.1744,0.059,0.235,25.00,1,145.2,0.4,0.36181,-8.8,-13.7,1.1540,0.00189,OK
0.3948,0.3216,73.2,0,144.8,0.5,0.2835,145.3,1.0,0.2808,0.0,0.0,0.9629,1.5,1.5,1.2808,1.9,1.0,0,0.0,0.0,0.0000,3.21,2.95,3.11,1.09,1,1.1656,-0.010,0.226,24.00,1,145.1,0.1,0.37196,-23.1,-24.7,1.1103,0.00151,OK
0.4021,0.3216,80.5,0,144.8,0.5,0.2835,145.3,1.0,0.2808,0.0,0.0,0.9629,1.5,1.5,1.3099,1.9,1.0,0,0.0,0.0,0.0000,3.15,3.53,3.27,0.57,1,1.1811,-0.039,-0.000,24.00,1,145.0,-0.2,0.38030,-33.3,-40.6,1.1244,0.00118,OK
0.4104,0.3216,88.8,0,144.8,0.5,0.2835,145.3,1.0,0.2808,0.0,0.0,0.9629,1.5,1.5,1.3430,1.9,1.0,0,0.0,0.0,0.0000,3.50,3.50,3.74,1.57,1,1.2522,-0.147,0.196,25.00,1,144.9,-0.5,0.39021,-20.6,-28.7,1.2279,0.00098,OK
0.4180,0.3216,96.3,0,144.8,0.5,0.2835,145.3,1.0,0.2808,0.0,0.0,0.9629,1.5,1.5,1.3734,1.9,1.0,0,0.0,0.0,0.0000,3.37,3.52,3.18,2.72,1,1.3144,-0.333,0.461,25.00,1,144.8,-0.7,0.39994,-9.6,-9.5,1.2908,0.00072,OK
0.4267,0.3216,105.1,0,144.8,0.5,0.2835,145.3,1.0,0.2808,0.0,0.0,0.9629,1.5,1.5,1.4084,1.9,1.0,0,0.0,0.0,0.0000,3.19,3.59,2.98,3.12,1,1.3144,-0.333,0.461,24.00,1,144.8,-0.7,0.41141,-5.9,-4.8,1.2959,0.00047,OK
0.4338,0.4314,2.4,0,147.9,1.4,0.4510,145.3,1.0,0.3903,0.0,0.0,1.0000,-7.8,-1.2,0.7670,-7.5,2.3,0,0.0,0.0,0.0000,3.79,3.73,3.90,3.16,1,1.3400,-0.294,0.255,24.00,1,147.9,1.4,0.43672,33.5,-1.3,1.4831,-0.00148,OK
0.4420,0.4314,10.6,0,147.9,1.4,0.4510,145.3,1.0,0.3903,0.0,0.0,1.0000,-7.8,-1.2,0.7999,-7.5,2.3,0,0.0,0.0,0.0000,3.71,3.99,4.04,3.98,1,1.3756,-0.108,-0.000,25.00,1,147.9,1.4,0.44017,35.3,0.7,1.3995,-0.00111,OK
0.4505,0.4314,19.1,0,147.9,1.4,0.4510,145.3,1.0,0.3903,0.0,0.0,1.0000,-7.8,-1.2,0.8337,-7.5,2.3,0,0.0,0.0,0.0000,3.58,3.54,4.14,3.41,1,1.4244,-0.157,0.059,25.00,1,148.2,1.5,0.45211,32.6,-1.3,1.4208,-0.00118,OK
0.4577,0.4314,26.3,0,147.9,1.4,0.4510,145.3,1.0,0.3903,0.0,0.0,1.0000,-7.8,-1.2,0.8627,-7.5,2.3,0,0.0,0.0,0.0000,3.45,4.02,3.82,3.66,1,1.4244,-0.157,0.059,25.00,1,148.4,1.6,0.46244,28.2,-2.6,1.4269,-0.00116,OK
0.4663,0.4314,34.9,0,147.9,1.4,0.4510,145.3,1.0,0.3903,0.0,0.0,1.0000,-7.8,-1.2,0.8969,-7.5,2.3,0,0.0,0.0,0.0000,3.39,3.91,3.80,3.93,1,1.4489,-0.167,0.284,24.00,1,148.6,1.7,0.47474,29.8,0.6,1.4487,-0.00118,OK
0.4747,0.4314,43.3,0,147.9,1.4,0.4510,145.3,1.0,0.3903,0.0,0.0,1.0000,-7.8,-1.2,0.9305,-7.5,2.3,0,0.0,0.0,0.0000,3.87,3.73,3.90,3.95,1,1.4522,0.147,0.118,24.00,1,148.8,1.9,0.48691,25.5,6.2,1.4603,-0.00108,OK
0.4819,0.4314,50.5,0,147.9,1.4,0.4510,145.3,1.0,0.3903,0.0,0.0,1.0000,-7.8,-1.2,0.9593,-7.5,2.3,0,0.0,0.0,0.0000,3.89,3.54,4.11,3.73,1,1.4411,0.039,0.255,24.00,1,149.0,2.0,0.49734,24.8,4.2,1.4465,-0.00102,OK
0.4899,0.4314,58.5,0,147.9,1.4,0.4510,145.3,1.0,0.3903,0.0,0.0,1.0000,-7.8,-1.2,0.9916,-7.5,2.3,0,0.0,0.0,0.0000,3.42,3.96,3.91,3.74,1,1.4411,0.039,0.255,25.00,1,149.1,2.1,0.50900,22.7,-3.4,1.4414,-0.00103,OK
0.4987,0.4314,67.3,0,147.9,1.4,0.4510,145.3,1.0,0.3903,0.0,0.0,1.0000,-7.8,-1.2,1.0265,-7.5,2.3,0,0.0,0.0,0.0000,2.83,3.46,3.55,3.64,1,1.3678,-0.078,0.010,25.00,1,149.3,2.2,0.52133,27.4,-1.7,1.3527,-0.00123,OK
0.5062,0.4314,74.8,0,147.9,1.4,0.4510,145.3,1.0,0.3903,0.0,0.0,1.0000,-7.8,-1.2,1.0567,-7.5,2.3,0,0.0,0.0,0.0000,2.70,3.18,3.03,3.79,1,1.2311,-0.098,-0.118,25.00,1,149.5,2.3,0.53109,26.2,5.9,1.2305,-0.00125,OK
0.5149,0.4314,83.5,0,147.9,1.4,0.4510,145.3,1.0,0.3903,0.0,0.0,1.0000,-7.8,-1.2,1.0914,-7.5,2.3,0,0.0,0.0,0.0000,2.97,2.95,3.01,3.55,1,1.1167,-0.039,-0.049,25.00,1,149.6,2.4,0.54125,21.5,7.7,1.1392,-0.00114,OK
0.5220,0.4314,90.6,0,147.9,1.4,0.4510,145.3,1.0,0.3903,0.0,0.0,1.0000,-7.8,-1.2,1.1197,-7.5,2.3,0,0.0,0.0,0.0000,3.37,2.91,2.89,3.13,1,1.0433,0.157,0.088,24.00,1,149.7,2.5,0.54891,12.8,8.3,1.0792,-0.00103,OK
0.5308,0.4314,99.4,0,147.9,1.4,0.4510,145.3,1.0,0.3903,0.0,0.0,1.0000,-7.8,-1.2,1.1551,-7.5,2.3,0,0.0,0.0,0.0000,2.75,2.84,2.75,3.42,1,1.0433,0.157,0.088,25.00,1,149.8,2.7,0.55829,18.7,7.5,1.0660,-0.00101,OK
0.5389,0.5323,6.5,0,146.0,-0.9,0.5522,145.3,1.0,0.4913,0.0,0.0,1.0000,-2.2,5.7,0.7823,1.1,6.0,0,0.0,0.0,0.0000,2.74,2.50,2.69,2.86,1,0.9700,0.108,0.284,26.00,1,146.0,-0.9,0.56090,-35.2,-6.4,0.9799,0.00074,OK
0.5458,0.5323,13.4,0,146.0,-0.9,0.5522,145.3,1.0,0.4913,0.0,0.0,1.0000,-2.2,5.7,0.8099,1.1,6.0,0,0.0,0.0,0.0000,2.17,1.93,2.05,2.23,1,0.8711,0.010,0.284,26.00,1,145.9,-1.0,0.56582,-33.7,-3.5,0.8549,0.00077,OK
0.5544,0.5323,22.1,0,146.0,-0.9,0.5522,145.3,1.0,0.4913,0.0,0.0,1.0000,-2.2,5.7,0.8445,1.1,6.0,0,0.0,0.0,0.0000,2.03,2.03,2.27,2.22,1,0.7767,-0.029,0.265,25.00,1,145.7,-1.2,0.57290,-28.8,-9.1,0.7866,0.00072,OK
0.5619,0.5323,29.6,0,146.0,-0.9,0.5522,145.3,1.0,0.4913,0.0,0.0,1.0000,-2.2,5.7,0.8745,1.1,6.0,0,0.0,0.0,0.0000,2.30,2.20,2.10,1.74,1,0.7767,-0.029,0.265,25.00,1,145.5,-1.4,0.57878,-36.5,-10.4,0.7805,0.00069,OK
0.5703,0.5323,38.0,0,146.0,-0.9,0.5522,145.3,1.0,0.4913,0.0,0.0,1.0000,-2.2,5.7,0.9080,1.1,6.0,0,0.0,0.0,0.0000,2.11,2.21,2.10,2.02,1,0.7244,0.127,0.196,25.00,1,145.3,-1.6,0.58515,-29.6,-9.6,0.7457,0.00054,OK
0.5777,0.5323,45.4,0,146.0,-0.9,0.5522,145.3,1.0,0.4913,0.0,0.0,1.0000,-2.2,5.7,0.9378,1.1,6.0,0,0.0,0.0,0.0000,2.07,1.95,2.08,1.80,1,0.7111,0.039,0.196,25.00,1,145.2,-1.8,0.59060,-27.6,-8.5,0.7220,0.00045,OK
0.5858,0.5323,53.5,0,146.0,-0.9,0.5522,145.3,1.0,0.4913,0.0,0.0,1.0000,-2.2,5.7,0.9701,1.1,6.0,0,0.0,0.0,0.0000,2.08,2.49,1.84,1.74,1,0.7011,-0.078,0.127,25.00,1,145.0,-2.0,0.59641,-32.3,-11.5,0.7209,0.00029,OK
0.5945,0.5323,62.1,0,146.0,-0.9,0.5522,145.3,1.0,0.4913,0.0,0.0,1.0000,-2.2,5.7,1.0047,1.1,6.0,0,0.0,0.0,0.0000,1.80,1.89,2.06,1.75,1,0.6722,-0.147,0.206,24.00,1,144.9,-2.2,0.60247,-21.5,-10.0,0.6830,0.00020,OK
0.6020,0.5323,69.6,0,146.0,-0.9,0.5522,145.3,1.0,0.4913,0.0,0.0,1.0000,-2.2,5.7,1.0348,1.1,6.0,0,0.0,0.0,0.0000,1.44,1.88,1.75,1.29,1,0.6722,-0.147,0.206,24.00,1,144.8,-2.4,0.60748,-23.5,-14.0,0.6476,0.00042,OK
0.6107,0.5323,78.3,0,146.0,-0.9,0.5522,145.3,1.0,0.4913,0.0,0.0,1.0000,-2.2,5.7,1.0696,1.1,6.0,0,0.0,0.0,0.0000,1.91,2.08,1.55,1.61,1,0.6178,-0.059,0.226,24.00,1,144.7,-2.6,0.61306,-26.1,-6.1,0.6372,0.00023,OK
0.6178,0.5323,85.5,0,146.0,-0.9,0.5522,145.3,1.0,0.4913,0.0,0.0,1.0000,-2.2,5.7,1.0980,1.1,6.0,0,0.0,0.0,0.0000,1.41,2.02,1.60,1.74,1,0.5733,-0.078,0.186,25.00,1,144.6,-2.7,0.61744,-17.9,-9.8,0.5935,0.00003,OK
0.6265,0.5323,94.1,0,146.0,-0.9,0.5522,145.3,1.0,0.4913,0.0,0.0,1.0000,-2.2,5.7,1.1327,1.1,6.0,0,0.0,0.0,0.0000,1.69,1.58,1.60,0.91,1,0.5367,-0.069,0.118,25.00,1,144.5,-2.9,0.62234,-24.0,-10.3,0.5381,0.00002,OK
0.6342,0.5323,101.8,0,146.0,-0.9,0.5522,145.3,1.0,0.4913,0.0,0.0,1.0000,-2.2,5.7,1.1635,1.1,6.0,0,0.0,0.0,0.0000,1.92,1.57,1.90,1.41,1,0.5367,-0.069,0.118,25.00,1,144.4,-3.0,0.62663,-17.4,-6.2,0.5702,-0.00039,OK
0.6422,0.6362,6.0,0,146.6,-2.0,0.6347,145.3,1.0,0.5951,0.0,0.0,1.0000,-4.0,8.9,0.8656,2.1,9.5,0,0.0,0.0,0.0000,2.25,1.68,1.40,1.25,1,0.5411,-0.029,0.020,25.00,1,146.6,-2.0,0.63337,-0.3,-3.8,0.5721,-0.00095,OK
0.6507,0.6362,14.5,0,146.6,-2.0,0.6347,145.3,1.0,0.5951,0.0,0.0,1.0000,-4.0,8.9,0.8996,2.1,9.5,0,0.0,0.0,0.0000,1.71,1.94,1.44,1.10,1,0.5811,-0.029,0.010,25.00,1,146.6,-2.0,0.63713,-0.4,-12.0,0.5824,-0.00095,OK
0.6586,0.6362,22.4,0,146.6,-2.0,0.6347,145.3,1.0,0.5951,0.0,0.0,1.0000,-4.0,8.9,0.9311,2.1,9.5,0,0.0,0.0,0.0000,2.47,1.30,1.72,1.77,1,0.6478,-0.137,-0.059,24.00,1,146.7,-2.0,0.64203,6.5,6.3,0.6633,-0.00112,OK
0.6663,0.6362,30.1,0,146.6,-2.0,0.6347,145.3,1.0,0.5951,0.0,0.0,1.0000,-4.0,8.9,0.9620,2.1,9.5,0,0.0,0.0,0.0000,2.35,2.16,1.85,1.72,1,0.7233,-0.294,0.069,26.00,1,146.7,-2.0,0.64746,-0.3,-4.9,0.7382,-0.00124,OK
0.6747,0.6362,38.5,0,146.6,-2.0,0.6347,145.3,1.0,0.5951,0.0,0.0,1.0000,-4.0,8.9,0.9958,2.1,9.5,0,0.0,0.0,0.0000,1.97,1.85,1.54,1.63,1,0.7233,-0.294,0.069,25.00,1,146.7,-2.0,0.65356,1.3,-1.6,0.7063,-0.00111,OK
0.6825,0.6362,46.3,0,146.6,-2.0,0.6347,145.3,1.0,0.5951,0.0,0.0,1.0000,-4.0,8.9,1.0268,2.1,9.5,0,0.0,0.0,0.0000,2.25,2.14,1.97,1.92,1,0.7711,-0.196,0.216,25.00,1,146.7,-2.0,0.65933,2.2,-3.7,0.7771,-0.00115,OK
0.6904,0.6362,54.2,0,146.6,-2.0,0.6347,145.3,1.0,0.5951,0.0,0.0,1.0000,-4.0,8.9,1.0585,2.1,9.5,0,0.0,0.0,0.0000,2.30,2.16,1.96,1.91,1,0.7922,-0.108,0.157,25.00,1,146.7,-2.0,0.66554,0.7,-2.8,0.7935,-0.00115,OK
0.6980,0.6362,61.8,0,146.6,-2.0,0.6347,145.3,1.0,0.5951,0.0,0.0,1.0000,-4.0,8.9,1.0889,2.1,9.5,0,0.0,0.0,0.0000,2.32,2.20,2.13,1.99,1,0.8011,-0.078,0.010,25.00,1,146.8,-2.1,0.67161,1.9,-3.8,0.8081,-0.00118,OK
0.7063,0.6362,70.1,0,146.6,-2.0,0.6347,145.3,1.0,0.5951,0.0,0.0,1.0000,-4.0,8.9,1.1220,2.1,9.5,0,0.0,0.0,0.0000,2.68,1.99,1.90,2.07,1,0.8333,-0.039,-0.088,24.00,1,146.8,-2.0,0.67842,-1.2,6.1,0.8335,-0.00118,OK
0.7147,0.6362,78.5,0,146.6,-2.0,0.6347,145.3,1.0,0.5951,0.0,0.0,1.0000,-4.0,8.9,1.1558,2.1,9.5,0,0.0,0.0,0.0000,2.51,2.01,1.85,2.30,1,0.8333,-0.039,-0.088,24.00,1,146.7,-2.0,0.68545,1.4,7.5,0.8355,-0.00118,OK
0.7227,0.6362,86.5,0,146.6,-2.0,0.6347,145.3,1.0,0.5951,0.0,0.0,1.0000,-4.0,8.9,1.1876,2.1,9.5,0,0.0,0.0,0.0000,2.17,2.53,1.78,2.46,1,0.8944,-0.167,0.088,25.00,1,146.7,-2.0,0.69232,0.5,2.1,0.8814,-0.00113,OK
0.7309,0.6362,94.7,0,146.6,-2.0,0.6347,145.3,1.0,0.5951,0.0,0.0,1.0000,-4.0,8.9,1.2206,2.1,9.5,0,0.0,0.0,0.0000,2.74,2.57,2.41,2.65,1,0.9611,-0.235,0.216,25.00,1,146.7,-2.0,0.69993,1.5,2.1,0.9705,-0.00115,OK
0.7389,0.7387,0.2,0,146.3,-2.2,0.6932,145.3,1.0,0.6976,0.0,0.0,1.0000,-3.0,9.5,1.0185,3.7,9.2,0,0.0,0.0,0.0000,2.23,2.33,2.72,3.01,1,1.0089,-0.147,0.382,25.00,1,146.3,-2.2,0.70638,6.6,1.2,0.8126,0.00072,OK
0.7461,0.7387,7.4,0,146.3,-2.2,0.6932,145.3,1.0,0.6976,0.0,0.0,1.0000,-3.0,9.5,1.0472,3.7,9.2,0,0.0,0.0,0.0000,2.90,2.56,2.74,2.52,1,1.0089,-0.147,0.382,25.00,1,146.3,-2.2,0.70780,-4.6,0.4,1.0113,0.00060,OK
0.7538,0.7387,15.1,0,146.3,-2.2,0.6932,145.3,1.0,0.6976,0.0,0.0,1.0000,-3.0,9.5,1.0780,3.7,9.2,0,0.0,0.0,0.0000,2.73,3.22,2.86,2.58,1,1.0522,0.010,0.127,25.00,1,146.3,-2.2,0.71512,-6.7,-8.6,1.0569,0.00060,OK
0.7623,0.7387,23.6,0,146.3,-2.2,0.6932,145.3,1.0,0.6976,0.0,0.0,1.0000,-3.0,9.5,1.1122,3.7,9.2,0,0.0,0.0,0.0000,3.05,3.32,2.55,3.23,1,1.1200,-0.049,0.088,25.00,1,146.2,-2.3,0.72444,-7.0,4.2,1.1284,0.00061,OK
0.7699,0.7387,31.2,0,146.3,-2.2,0.6932,145.3,1.0,0.6976,0.0,0.0,1.0000,-3.0,9.5,1.1423,3.7,9.2,0,0.0,0.0,0.0000,3.32,2.85,2.95,3.06,1,1.1900,-0.265,0.078,25.00,1,146.2,-2.3,0.73316,-3.9,6.5,1.1817,0.00059,OK
0.7780,0.7387,39.3,0,146.3,-2.2,0.6932,145.3,1.0,0.6976,0.0,0.0,1.0000,-3.0,9.5,1.1749,3.7,9.2,0,0.0,0.0,0.0000,3.29,2.86,3.50,3.28,1,1.2122,-0.226,0.245,25.00,1,146.2,-2.2,0.74290,2.9,2.5,1.2145,0.00060,OK
0.7861,0.7387,47.4,0,146.3,-2.2,0.6932,145.3,1.0,0.6976,0.0,0.0,1.0000,-3.0,9.5,1.2073,3.7,9.2,0,0.0,0.0,0.0000,3.10,2.84,2.97,3.45,1,1.2122,-0.226,0.245,25.00,1,146.1,-2.2,0.75272,2.3,8.4,1.2038,0.00056,OK
0.7943,0.7387,55.6,0,146.3,-2.2,0.6932,145.3,1.0,0.6976,0.0,0.0,1.0000,-3.0,9.5,1.2402,3.7,9.2,0,0.0,0.0,0.0000,3.20,3.24,3.00,3.85,1,1.2000,-0.059,0.108,25.00,1,146.1,-2.1,0.76260,1.6,7.5,1.2160,0.00064,OK
0.8024,0.7387,63.7,0,146.3,-2.2,0.6932,145.3,1.0,0.6976,0.0,0.0,1.0000,-3.0,9.5,1.2724,3.7,9.2,0,0.0,0.0,0.0000,3.46,2.86,3.49,3.62,1,1.2044,-0.078,0.059,24.00,1,146.1,-2.1,0.77234,4.8,7.3,1.2221,0.00074,OK
0.8106,0.7387,71.9,0,146.3,-2.2,0.6932,145.3,1.0,0.6976,0.0,0.0,1.0000,-3.0,9.5,1.3052,3.7,9.2,0,0.0,0.0,0.0000,3.61,3.09,3.56,3.21,1,1.2267,-0.206,0.304,25.00,1,146.1,-2.1,0.78239,-1.8,1.9,1.2368,0.00079,OK
0.8179,0.7387,79.1,0,146.3,-2.2,0.6932,145.3,1.0,0.6976,0.0,0.0,1.0000,-3.0,9.5,1.3343,3.7,9.2,0,0.0,0.0,0.0000,3.29,3.26,3.35,3.49,1,1.2267,-0.206,0.304,26.00,1,146.1,-2.0,0.79132,0.7,1.8,1.2365,0.00085,OK
0.8266,0.7387,87.9,0,146.3,-2.2,0.6932,145.3,1.0,0.6976,0.0,0.0,1.0000,-3.0,9.5,1.3693,3.7,9.2,0,0.0,0.0,0.0000,2.98,3.11,3.37,3.58,1,1.2200,-0.284,0.324,25.00,1,146.1,-2.0,0.80207,6.0,1.0,1.2225,0.00086,OK
0.8346,0.7387,95.9,0,146.3,-2.2,0.6932,145.3,1.0,0.6976,0.0,0.0,1.0000,-3.0,9.5,1.4012,3.7,9.2,0,0.0,0.0,0.0000,3.39,2.95,3.19,3.84,1,1.2078,-0.196,-0.029,24.00,1,146.1,-1.9,0.81173,4.3,11.0,1.2242,0.00094,OK
0.8422,0.8397,2.5,0,146.4,-1.6,0.8014,145.3,1.0,0.7986,0.0,0.0,1.0000,-3.4,7.8,0.9988,3.2,7.8,0,0.0,0.0,0.0000,3.25,2.64,2.94,3.71,1,1.2189,0.049,0.029,25.00,1,146.4,-1.6,0.81926,9.7,13.6,1.1285,0.00275,OK
0.8498,0.8397,10.1,0,146.4,-1.6,0.8014,145.3,1.0,0.7986,0.0,0.0,1.0000,-3.4,7.8,1.0293,3.2,7.8,0,0.0,0.0,0.0000,3.05,2.58,3.48,3.85,1,1.2189,0.049,0.029,24.00,1,146.4,-1.6,0.82192,17.1,8.0,1.2188,0.00277,OK
0.8584,0.8397,18.6,0,146.4,-1.6,0.8014,145.3,1.0,0.7986,0.0,0.0,1.0000,-3.4,7.8,1.0634,3.2,7.8,0,0.0,0.0,0.0000,3.08,2.78,3.27,3.70,1,1.2311,0.010,0.324,25.00,1,146.4,-1.4,0.83236,11.8,7.2,1.2252,0.00276,OK
0.8658,0.8397,26.1,0,146.4,-1.6,0.8014,145.3,1.0,0.7986,0.0,0.0,1.0000,-3.4,7.8,1.0932,3.2,7.8,0,0.0,0.0,0.0000,3.01,2.86,3.37,3.89,1,1.2122,-0.118,0.196,25.00,1,146.5,-1.3,0.84145,13.9,5.7,1.2178,0.00279,OK
0.8744,0.8397,34.7,0,146.4,-1.6,0.8014,145.3,1.0,0.7986,0.0,0.0,1.0000,-3.4,7.8,1.1277,3.2,7.8,0,0.0,0.0,0.0000,3.41,2.97,3.11,3.63,1,1.1878,-0.127,-0.000,25.00,1,146.5,-1.2,0.85181,4.7,8.8,1.2006,0.00285,OK
0.8824,0.8397,42.7,0,146.4,-1.6,0.8014,145.3,1.0,0.7986,0.0,0.0,1.0000,-3.4,7.8,1.1595,3.2,7.8,0,0.0,0.0,0.0000,2.66,3.13,3.01,3.52,1,1.1878,-0.127,-0.000,25.00,1,146.5,-1.2,0.86128,8.6,0.0,1.1766,0.00282,OK
0.8909,0.8397,51.2,0,146.4,-1.6,0.8014,145.3,1.0,0.7986,0.0,0.0,1.0000,-3.4,7.8,1.1937,3.2,7.8,0,0.0,0.0,0.0000,2.59,2.72,3.30,3.55,1,1.1667,0.098,0.147,25.00,1,146.6,-1.1,0.87128,15.2,1.0,1.1583,0.00281,OK
0.8978,0.8397,58.1,0,146.4,-1.6,0.8014,145.3,1.0,0.7986,0.0,0.0,1.0000,-3.4,7.8,1.2212,3.2,7.8,0,0.0,0.0,0.0000,2.77,2.62,2.97,3.52,1,1.1456,0.235,0.216,25.00,1,146.6,-1.0,0.87918,11.1,7.4,1.1381,0.00280,OK
0.9064,0.8397,66.7,0,146.4,-1.6,0.8014,145.3,1.0,0.7986,0.0,0.0,1.0000,-3.4,7.8,1.2557,3.2,7.8,0,0.0,0.0,0.0000,3.09,2.51,3.06,3.53,1,1.1211,-0.118,0.216,25.00,1,146.6,-0.9,0.88894,9.7,10.7,1.1293,0.00282,OK
0.9144,0.8397,74.6,0,146.4,-1.6,0.8014,145.3,1.0,0.7986,0.0,0.0,1.0000,-3.4,7.8,1.2874,3.2,7.8,0,0.0,0.0,0.0000,2.66,3.12,2.54,3.30,1,1.0856,-0.275,0.029,24.00,1,146.6,-0.8,0.89771,2.0,3.3,1.0847,0.00282,OK
0.9219,0.8397,82.2,0,146.4,-1.6,0.8014,145.3,1.0,0.7986,0.0,0.0,1.0000,-3.4,7.8,1.3175,3.2,7.8,0,0.0,0.0,0.0000,2.81,2.25,3.14,3.49,1,1.0856,-0.275,0.029,24.00,1,146.6,-0.7,0.90586,14.6,9.8,1.0898,0.00282,OK
0.9303,0.8397,90.6,0,146.4,-1.6,0.8014,145.3,1.0,0.7986,0.0,0.0,1.0000,-3.4,7.8,1.3513,3.2,7.8,0,0.0,0.0,0.0000,3.22,2.77,3.17,3.10,1,1.0578,0.049,0.029,24.00,1,146.6,-0.7,0.91494,2.9,3.2,1.0818,0.00283,OK
0.9388,0.8397,99.1,0,146.4,-1.6,0.8014,145.3,1.0,0.7986,0.0,0.0,1.0000,-3.4,7.8,1.3853,3.2,7.8,0,0.0,0.0,0.0000,2.79,2.33,3.33,3.29,1,1.0533,0.284,0.284,25.00,1,146.6,-0.6,0.92401,13.3,4.8,1.0652,0.00284,OK
0.9463,0.9405,5.8,0,146.4,-1.3,0.9262,145.3,1.0,0.8994,0.0,0.0,1.0000,-3.4,6.7,0.9161,3.3,6.8,0,0.0,0.0,0.0000,3.00,2.45,3.23,3.42,1,1.0722,-0.020,0.343,25.00,1,146.4,-1.3,0.93154,3.2,4.0,1.0836,0.00347,OK
0.9540,0.9405,13.4,0,146.4,-1.3,0.9262,145.3,1.0,0.8994,0.0,0.0,1.0000,-3.4,6.7,0.9468,3.3,6.8,0,0.0,0.0,0.0000,2.44,2.84,3.11,3.44,1,1.0956,-0.186,0.255,25.00,1,146.4,-1.2,0.93747,5.1,-4.3,1.0951,0.00347,OK
0.9626,0.9405,22.0,0,146.4,-1.3,0.9262,145.3,1.0,0.8994,0.0,0.0,1.0000,-3.4,6.7,0.9812,3.3,6.8,0,0.0,0.0,0.0000,2.95,3.25,2.83,3.29,1,1.0956,-0.186,0.255,25.00,1,146.4,-1.3,0.94692,-6.3,-1.3,1.1083,0.00347,OK
0.9698,0.9405,29.3,0,146.4,-1.3,0.9262,145.3,1.0,0.8994,0.0,0.0,1.0000,-3.4,6.7,1.0101,3.3,6.8,0,0.0,0.0,0.0000,3.13,2.85,2.84,3.39,1,1.1011,0.127,0.088,25.00,1,146.4,-1.3,0.95490,-3.4,5.8,1.1124,0.00348,OK
0.9784,0.9405,37.9,0,146.4,-1.3,0.9262,145.3,1.0,0.8994,0.0,0.0,1.0000,-3.4,6.7,1.0446,3.3,6.8,0,0.0,0.0,0.0000,3.39,3.01,3.34,3.44,1,1.1222,0.206,0.255,24.00,1,146.4,-1.3,0.96457,-2.2,1.7,1.1484,0.00349,OK
0.9859,0.9405,45.3,0,146.4,-1.3,0.9262,145.3,1.0,0.8994,0.0,0.0,1.0000,-3.4,6.7,1.0744,3.3,6.8,0,0.0,0.0,0.0000,3.01,2.88,3.22,3.44,1,1.1767,-0.039,0.177,25.00,1,146.4,-1.3,0.97323,1.7,2.1,1.1740,0.00350,OK
0.9945,0.9405,53.9,0,146.4,-1.3,0.9262,145.3,1.0,0.8994,0.0,0.0,1.0000,-3.4,6.7,1.1088,3.3,6.8,0,0.0,0.0,0.0000,2.98,3.12,2.96,3.54,1,1.1767,-0.039,0.177,25.00,1,146.3,-1.3,0.98331,-0.9,3.1,1.1752,0.00350,OK
1.0029,0.9405,62.4,0,146.4,-1.3,0.9262,145.3,1.0,0.8994,0.0,0.0,1.0000,-3.4,6.7,1.1425,3.3,6.8,0,0.0,0.0,0.0000,2.44,2.74,3.08,3.37,1,1.2122,-0.245,0.098,25.00,1,146.4,-1.2,0.99333,7.9,-0.4,1.1743,0.00344,OK
1.0109,0.9405,70.3,0,146.4,-1.3,0.9262,145.3,1.0,0.8994,0.0,0.0,1.0000,-3.4,6.7,1.1744,3.3,6.8,0,0.0,0.0,0.0000,3.53,2.91,3.41,3.67,1,1.1822,0.029,0.177,25.00,1,146.3,-1.2,1.00273,1.3,7.1,1.2022,0.00348,OK
1.0187,0.9405,78.1,0,146.4,-1.3,0.9262,145.3,1.0,0.8994,0.0,0.0,1.0000,-3.4,6.7,1.2056,3.3,6.8,0,0.0,0.0,0.0000,2.85,2.80,3.08,3.23,1,1.1389,0.265,0.039,24.00,1,146.3,-1.2,1.01184,2.0,1.5,1.1316,0.00347,OK
1.0266,0.9405,86.1,0,146.4,-1.3,0.9262,145.3,1.0,0.8994,0.0,0.0,1.0000,-3.4,6.7,1.2373,3.3,6.8,0,0.0,0.0,0.0000,2.84,3.19,2.73,2.99,1,1.1144,-0.029,0.118,25.00,1,146.3,-1.2,1.02071,-6.1,-1.2,1.1072,0.00347,OK
1.0344,0.9405,93.8,0,146.4,-1.3,0.9262,145.3,1.0,0.8994,0.0,0.0,1.0000,-3.4,6.7,1.2684,3.3,6.8,0,0.0,0.0,0.0000,2.73,3.07,2.90,3.14,1,1.1144,-0.029,0.118,25.00,1,146.3,-1.2,1.02932,-1.0,-1.6,1.1092,0.00347,OK
1.0428,0.9405,102.3,0,146.4,-1.3,0.9262,145.3,1.0,0.8994,0.0,0.0,1.0000,-3.4,6.7,1.3022,3.3,6.8,0,0.0,0.0,0.0000,2.53,2.69,2.66,3.13,1,1.1078,-0.216,0.039,25.00,1,146.3,-1.2,1.03865,2.3,3.6,1.0835,0.00346,OK
1.0509,1.0457,5.2,0,147.6,-0.7,1.0447,145.3,1.0,1.0046,0.0,0.0,1.0000,-7.1,5.0,0.8606,0.8,8.6,0,0.0,0.0,0.0000,3.39,2.54,2.35,3.08,1,1.0767,-0.039,0.157,25.00,1,147.6,-0.7,1.04836,4.0,7.2,1.0711,0.00390,OK
1.0587,1.0457,13.0,0,147.6,-0.7,1.0447,145.3,1.0,1.0046,0.0,0.0,1.0000,-7.1,5.0,0.8917,0.8,8.6,0,0.0,0.0,0.0000,2.88,2.66,2.41,3.07,1,1.0333,0.049,0.069,25.00,1,147.6,-0.6,1.05351,6.9,0.7,1.0331,0.00390,OK
1.0660,1.0457,20.2,0,147.6,-0.7,1.0447,145.3,1.0,1.0046,0.0,0.0,1.0000,-7.1,5.0,0.9209,0.8,8.6,0,0.0,0.0,0.0000,3.13,2.47,2.57,3.20,1,1.0222,-0.196,0.118,25.00,1,147.6,-0.6,1.06103,8.4,4.8,1.0345,0.00387,OK
1.0746,1.0457,28.9,0,147.6,-0.7,1.0447,145.3,1.0,1.0046,0.0,0.0,1.0000,-7.1,5.0,0.9553,0.8,8.6,0,0.0,0.0,0.0000,2.90,2.85,2.87,3.24,1,1.0222,-0.196,0.118,24.00,1,147.7,-0.5,1.06993,9.4,-4.0,1.0431,0.00383,OK
1.0820,1.0457,36.3,0,147.6,-0.7,1.0447,145.3,1.0,1.0046,0.0,0.0,1.0000,-7.1,5.0,0.9851,0.8,8.6,0,0.0,0.0,0.0000,2.74,2.38,3.17,2.77,1,1.0333,-0.186,0.314,25.00,1,147.8,-0.5,1.07766,12.3,-6.4,1.0286,0.00383,OK
1.0901,1.0457,44.3,0,147.6,-0.7,1.0447,145.3,1.0,1.0046,0.0,0.0,1.0000,-7.1,5.0,1.0172,0.8,8.6,0,0.0,0.0,0.0000,2.29,2.93,2.64,2.89,1,1.0178,-0.039,0.461,25.00,1,147.9,-0.4,1.08584,8.7,-10.1,1.0087,0.00384,OK
1.0979,1.0457,52.2,0,147.6,-0.7,1.0447,145.3,1.0,1.0046,0.0,0.0,1.0000,-7.1,5.0,1.0486,0.8,8.6,0,0.0,0.0,0.0000,2.16,2.43,2.08,2.82,1,0.9567,0.029,0.343,25.00,1,147.9,-0.4,1.09350,8.1,0.2,0.9336,0.00388,OK
1.1067,1.0457,61.0,0,147.6,-0.7,1.0447,145.3,1.0,1.0046,0.0,0.0,1.0000,-7.1,5.0,1.0838,0.8,8.6,0,0.0,0.0,0.0000,2.42,2.24,2.74,2.80,1,0.9567,0.029,0.343,25.00,1,148.0,-0.3,1.10180,12.1,-2.4,0.9534,0.00388,OK
1.1141,1.0457,68.4,0,147.6,-0.7,1.0447,145.3,1.0,1.0046,0.0,0.0,1.0000,-7.1,5.0,1.1133,0.8,8.6,0,0.0,0.0,0.0000,2.65,2.39,2.65,2.89,1,0.8944,-0.108,0.216,24.00,1,148.0,-0.2,1.10865,8.4,-0.7,0.9207,0.00378,OK
1.1226,1.0457,76.9,0,147.6,-0.7,1.0447,145.3,1.0,1.0046,0.0,0.0,1.0000,-7.1,5.0,1.1475,0.8,8.6,0,0.0,0.0,0.0000,2.20,2.34,2.34,2.78,1,0.8578,-0.039,0.069,24.00,1,148.0,-0.2,1.11629,9.1,-1.9,0.8695,0.00373,OK
1.1299,1.0457,84.2,0,147.6,-0.7,1.0447,145.3,1.0,1.0046,0.0,0.0,1.0000,-7.1,5.0,1.1766,0.8,8.6,0,0.0,0.0,0.0000,1.70,2.47,2.31,2.33,1,0.8389,0.000,0.167,25.00,1,148.1,-0.2,1.12248,8.5,-12.0,0.8271,0.00377,OK
1.1386,1.0457,92.9,0,147.6,-0.7,1.0447,145.3,1.0,1.0046,0.0,0.0,1.0000,-7.1,5.0,1.2114,0.8,8.6,0,0.0,0.0,0.0000,2.54,2.41,2.29,2.65,1,0.8389,0.000,0.167,25.00,1,148.2,-0.1,1.12981,3.2,0.5,0.8638,0.00360,OK
1.1469,1.1467,0.2,0,146.9,-0.4,1.1379,145.3,1.0,1.1056,0.0,0.0,1.0000,-4.7,4.1,0.8715,1.7,6.0,0,0.0,0.0,0.0000,2.88,2.08,2.24,2.06,1,0.8033,0.010,0.255,24.00,1,146.9,-0.4,1.14120,-12.1,14.3,0.7881,0.00388,OK
1.1543,1.1467,7.6,0,146.9,-0.4,1.1379,145.3,1.0,1.1056,0.0,0.0,1.0000,-4.7,4.1,0.9011,1.7,6.0,0,0.0,0.0,0.0000,1.85,2.11,2.05,2.31,1,0.7411,0.029,0.255,25.00,1,146.9,-0.4,1.14116,-1.4,7.0,0.7746,0.00387,OK
1.1626,1.1467,15.9,0,146.9,-0.4,1.1379,145.3,1.0,1.1056,0.0,0.0,1.0000,-4.7,4.1,0.9343,1.7,6.0,0,0.0,0.0,0.0000,2.05,1.87,2.09,2.04,1,0.6889,0.088,0.078,24.00,1,146.8,-0.4,1.14699,-3.2,7.3,0.7073,0.00372,OK
1.1700,1.1467,23.3,0,146.9,-0.4,1.1379,145.3,1.0,1.1056,0.0,0.0,1.0000,-4.7,4.1,0.9638,1.7,6.0,0,0.0,0.0,0.0000,1.91,1.84,2.22,1.98,1,0.6889,0.088,0.078,25.00,1,146.8,-0.4,1.15220,-0.9,4.0,0.7026,0.00358,OK
1.1783,1.1467,31.6,0,146.9,-0.4,1.1379,145.3,1.0,1.1056,0.0,0.0,1.0000,-4.7,4.1,0.9970,1.7,6.0,0,0.0,0.0,0.0000,1.72,1.92,1.99,1.96,1,0.6800,-0.010,-0.000,26.00,1,146.7,-0.4,1.15797,-1.4,3.0,0.6859,0.00350,OK
1.1857,1.1467,39.0,0,146.9,-0.4,1.1379,145.3,1.0,1.1056,0.0,0.0,1.0000,-4.7,4.1,1.0268,1.7,6.0,0,0.0,0.0,0.0000,1.74,2.11,2.05,2.01,1,0.7033,-0.049,0.010,24.00,1,146.7,-0.4,1.16317,-1.9,0.7,0.7104,0.00340,OK
1.1945,1.1467,47.8,0,146.9,-0.4,1.1379,145.3,1.0,1.1056,0.0,0.0,1.0000,-4.7,4.1,1.0618,1.7,6.0,0,0.0,0.0,0.0000,1.97,1.70,2.03,1.89,1,0.7456,-0.186,0.049,25.00,1,146.7,-0.4,1.16948,-1.9,6.9,0.7301,0.00350,OK
1.2026,1.1467,56.0,0,146.9,-0.4,1.1379,145.3,1.0,1.1056,0.0,0.0,1.0000,-4.7,4.1,1.0945,1.7,6.0,0,0.0,0.0,0.0000,2.34,1.65,2.33,2.16,1,0.7700,-0.216,0.226,24.00,1,146.6,-0.4,1.17563,0.5,10.4,0.7742,0.00344,OK
1.2104,1.1467,63.7,0,146.9,-0.4,1.1379,145.3,1.0,1.1056,0.0,0.0,1.0000,-4.7,4.1,1.1255,1.7,6.0,0,0.0,0.0,0.0000,1.77,1.95,2.39,2.47,1,0.7700,-0.216,0.226,25.00,1,146.6,-0.3,1.18164,6.8,2.9,0.7764,0.00337,OK
1.2181,1.1467,71.4,0,146.9,-0.4,1.1379,145.3,1.0,1.1056,0.0,0.0,1.0000,-4.7,4.1,1.1563,1.7,6.0,0,0.0,0.0,0.0000,2.00,2.73,2.02,2.08,1,0.7644,-0.108,0.167,25.00,1,146.6,-0.3,1.18762,-7.8,-2.7,0.7778,0.00326,OK
1.2269,1.1467,80.2,0,146.9,-0.4,1.1379,145.3,1.0,1.1056,0.0,0.0,1.0000,-4.7,4.1,1.1913,1.7,6.0,0,0.0,0.0,0.0000,2.28,1.83,1.93,2.49,1,0.7689,-0.088,0.069,25.00,1,146.5,-0.3,1.19443,-0.2,14.1,0.7793,0.00317,OK
1.2339,1.1467,87.2,0,146.9,-0.4,1.1379,145.3,1.0,1.1056,0.0,0.0,1.0000,-4.7,4.1,1.2197,1.7,6.0,0,0.0,0.0,0.0000,1.92,1.73,2.34,2.66,1,0.8033,-0.206,0.010,25.00,1,146.4,-0.3,1.20004,9.2,9.0,0.8034,0.00315,OK
1.2425,1.1467,95.9,0,146.9,-0.4,1.1379,145.3,1.0,1.1056,0.0,0.0,1.0000,-4.7,4.1,1.2541,1.7,6.0,0,0.0,0.0,0.0000,2.43,1.47,2.11,2.68,1,0.8689,-0.098,-0.088,25.00,1,146.3,-0.1,1.20717,5.6,21.0,0.8531,0.00323,OK
1.2502,1.2500,0.2,0,147.7,-0.2,1.2387,145.3,1.0,1.2089,0.0,0.0,1.0000,-7.4,3.5,0.8815,0.9,8.2,0,0.0,0.0,0.0000,2.73,2.02,2.52,2.52,1,0.8689,-0.098,-0.088,24.00,1,147.7,-0.2,1.22751,5.0,-6.6,0.9939,0.00189,OK
1.2577,1.2500,7.7,0,147.7,-0.2,1.2387,145.3,1.0,1.2089,0.0,0.0,1.0000,-7.4,3.5,0.9116,0.9,8.2,0,0.0,0.0,0.0000,2.41,1.64,2.24,2.75,1,0.9333,0.049,0.265,24.00,1,147.7,-0.2,1.22686,10.2,2.9,0.8603,0.00191,OK
1.2662,1.2500,16.2,0,147.7,-0.2,1.2387,145.3,1.0,1.2089,0.0,0.0,1.0000,-7.4,3.5,0.9456,0.9,8.2,0,0.0,0.0,0.0000,2.38,2.71,2.67,2.64,1,0.9667,0.177,0.294,25.00,1,147.8,-0.2,1.23438,3.6,-13.6,0.9644,0.00191,OK
1.2744,1.2500,24.4,0,147.7,-0.2,1.2387,145.3,1.0,1.2089,0.0,0.0,1.0000,-7.4,3.5,0.9783,0.9,8.2,0,0.0,0.0,0.0000,2.38,2.85,2.76,2.86,1,0.9667,0.108,0.088,26.00,1,147.9,-0.2,1.24230,5.1,-13.4,0.9762,0.00188,OK
1.2818,1.2500,31.8,0,147.7,-0.2,1.2387,145.3,1.0,1.2089,0.0,0.0,1.0000,-7.4,3.5,1.0080,0.9,8.2,0,0.0,0.0,0.0000,2.48,2.33,2.71,3.40,1,0.9667,0.108,0.088,24.00,1,148.0,-0.1,1.24954,12.5,-0.8,0.9817,0.00184,OK
1.2900,1.2500,40.0,0,147.7,-0.2,1.2387,145.3,1.0,1.2089,0.0,0.0,1.0000,-7.4,3.5,1.0409,0.9,8.2,0,0.0,0.0,0.0000,2.75,1.90,2.88,2.78,1,0.9633,0.069,0.186,25.00,1,148.0,-0.0,1.25755,9.8,1.2,0.9617,0.00184,OK
1.2989,1.2500,48.9,0,147.7,-0.2,1.2387,145.3,1.0,1.2089,0.0,0.0,1.0000,-7.4,3.5,1.0765,0.9,8.2,0,0.0,0.0,0.0000,3.19,2.56,2.73,2.62,1,0.9733,0.265,0.137,26.00,1,148.0,-0.0,1.26620,-2.7,-2.3,0.9896,0.00179,OK
1.3059,1.2500,55.9,0,147.7,-0.2,1.2387,145.3,1.0,1.2089,0.0,0.0,1.0000,-7.4,3.5,1.1044,0.9,8.2,0,0.0,0.0,0.0000,2.69,2.05,2.79,3.06,1,0.9678,0.196,0.216,26.00,1,148.0,0.0,1.27304,10.6,3.3,0.9745,0.00178,OK
1.3141,1.2500,64.1,0,147.7,-0.2,1.2387,145.3,1.0,1.2089,0.0,0.0,1.0000,-7.4,3.5,1.1372,0.9,8.2,0,0.0,0.0,0.0000,2.54,3.14,2.58,2.70,1,0.9289,0.157,0.226,25.00,1,148.1,0.0,1.28089,-2.0,-11.2,0.9518,0.00172,OK
1.3225,1.2500,72.6,0,147.7,-0.2,1.2387,145.3,1.0,1.2089,0.0,0.0,1.0000,-7.4,3.5,1.1710,0.9,8.2,0,0.0,0.0,0.0000,2.55,2.34,2.23,2.72,1,0.9289,0.157,0.226,25.00,1,148.1,0.0,1.28884,1.2,2.3,0.9267,0.00172,OK
1.3305,1.2500,80.5,0,147.7,-0.2,1.2387,145.3,1.0,1.2089,0.0,0.0,1.0000,-7.4,3.5,1.2027,0.9,8.2,0,0.0,0.0,0.0000,2.88,2.14,2.39,2.58,1,0.8844,0.078,0.157,25.00,1,148.1,0.0,1.29606,0.1,4.3,0.8998,0.00166,OK
1.3381,1.2500,88.1,0,147.7,-0.2,1.2387,145.3,1.0,1.2089,0.0,0.0,1.0000,-7.4,3.5,1.2331,0.9,8.2,0,0.0,0.0,0.0000,2.83,2.52,2.51,2.57,1,0.8733,0.059,0.186,24.00,1,148.1,0.0,1.30288,-1.9,-1.7,0.9022,0.00155,OK
1.3465,1.2500,96.5,0,147.7,-0.2,1.2387,145.3,1.0,1.2089,0.0,0.0,1.0000,-7.4,3.5,1.2669,0.9,8.2,0,0.0,0.0,0.0000,2.74,2.16,2.15,2.52,1,0.8967,0.157,0.196,25.00,1,148.0,0.0,1.31047,-1.7,6.2,0.8974,0.00154,OK
1.3542,1.3511,3.0,0,148.4,-0.3,1.3530,145.3,1.0,1.3100,0.0,0.0,1.0000,-9.2,3.8,0.8402,1.8,9.9,0,0.0,0.0,0.0000,2.52,2.43,2.69,2.35,1,0.8967,0.157,0.196,25.00,1,148.4,-0.3,1.33043,-2.0,-10.1,0.9650,-0.00014,OK
1.3626,1.3563,6.3,0,148.2,-0.3,1.3564,145.3,1.0,1.3152,0.0,0.0,1.0000,-8.9,3.8,0.8602,1.8,9.5,0,0.0,0.0,0.0000,2.58,2.67,2.20,2.43,1,0.9344,0.000,0.294,26.00,1,148.3,-0.3,1.34024,-5.5,2.3,0.9388,-0.00110,OK
1.3698,1.3563,13.5,0,148.2,-0.3,1.3564,145.3,1.0,1.3152,0.0,0.0,1.0000,-8.9,3.8,0.8889,1.8,9.5,0,0.0,0.0,0.0000,3.18,2.72,2.57,2.48,1,0.9689,-0.216,0.186,25.00,1,148.3,-0.3,1.34551,-8.0,2.6,0.9859,-0.00115,OK
1.3781,1.3729,5.3,0,148.3,-0.5,1.3725,145.3,1.0,1.3318,0.0,0.0,1.0000,-9.1,4.5,0.8583,2.6,9.8,0,0.0,0.0,0.0000,2.74,2.73,2.43,2.72,1,1.0067,-0.343,0.118,24.00,1,148.3,-0.5,1.35969,-9.1,-2.7,1.0157,-0.00174,OK
1.3859,1.3815,4.5,0,147.8,-0.8,1.3911,145.3,1.0,1.3404,0.0,0.0,1.0000,-7.6,5.5,0.8150,4.0,8.5,0,0.0,0.0,0.0000,2.46,2.77,2.47,2.97,1,1.0067,-0.343,0.118,24.00,1,148.0,-0.8,1.37212,-29.0,20.8,1.0316,-0.00247,OK
1.3941,1.3905,3.6,0,147.7,-0.8,1.4008,145.3,1.0,1.3494,0.0,0.0,1.0000,-7.4,5.3,0.8089,4.0,8.2,0,0.0,0.0,0.0000,3.44,2.64,2.97,2.88,1,1.0622,-0.088,0.059,25.00,1,147.7,-0.8,1.38455,-8.9,21.1,1.1097,-0.00300,OK
1.4020,1.3986,3.4,0,148.1,-0.4,1.4074,145.3,1.0,1.3576,0.0,0.0,1.0000,-8.3,4.1,0.8141,2.7,8.9,0,0.0,0.0,0.0000,3.42,3.18,2.95,3.49,1,1.1267,-0.049,0.245,25.00,1,147.9,-0.5,1.39562,37.8,-8.4,1.1773,-0.00332,OK
1.4099,1.4067,3.2,0,148.1,-0.2,1.4091,145.3,1.0,1.3656,0.0,0.0,1.0000,-8.5,3.5,0.8387,2.1,8.9,0,0.0,0.0,0.0000,3.04,2.13,2.97,3.42,1,1.1389,-0.186,0.235,25.00,1,148.0,-0.2,1.40523,37.7,-4.5,1.1388,-0.00345,OK
1.4188,1.4153,3.5,0,148.2,-0.2,1.4166,145.3,1.0,1.3742,0.0,0.0,1.0000,-8.6,3.5,0.8445,2.1,9.1,0,0.0,0.0,0.0000,2.70,2.94,3.05,3.36,1,1.0989,-0.186,0.167,25.00,1,148.2,-0.1,1.41499,9.3,-11.9,1.1113,-0.00349,OK
1.4268,1.4153,11.5,0,148.2,-0.2,1.4166,145.3,1.0,1.3742,0.0,0.0,1.0000,-8.6,3.5,0.8763,2.1,9.1,0,0.0,0.0,0.0000,2.97,2.84,3.32,3.04,1,1.0989,-0.186,0.167,25.00,1,148.2,-0.1,1.41884,13.5,-11.7,1.1101,-0.00348,OK
1.4346,1.4311,3.6,0,148.0,-0.2,1.4250,145.3,1.0,1.3900,0.0,0.0,1.0000,-8.1,3.7,0.8740,2.5,8.5,0,0.0,0.0,0.0000,3.15,3.04,2.72,2.93,1,1.0433,-0.039,0.039,25.00,1,148.0,-0.2,1.43122,-11.6,9.9,1.0516,-0.00332,OK
1.4424,1.4382,4.2,0,148.2,-0.1,1.4315,145.3,1.0,1.3971,0.0,0.0,1.0000,-8.7,3.2,0.8793,1.9,9.0,0,0.0,0.0,0.0000,2.60,2.17,2.45,2.94,1,0.9844,0.069,0.108,24.00,1,148.1,-0.1,1.43742,14.9,-1.2,0.9712,-0.00316,OK
1.4509,1.4474,3.5,0,148.3,-0.2,1.4420,145.3,1.0,1.4064,0.0,0.0,1.0000,-9.0,3.5,0.8712,2.3,9.4,0,0.0,0.0,0.0000,2.75,2.44,2.71,2.63,1,0.9233,0.088,0.196,24.00,1,148.2,-0.1,1.44569,-4.1,-14.4,0.9358,-0.00312,OK
1.4585,1.4531,5.4,0,148.4,0.0,1.4550,145.3,1.0,1.4120,0.0,0.0,1.0000,-9.4,2.9,0.8497,1.8,9.6,0,0.0,0.0,0.0000,2.71,2.39,2.45,2.35,1,0.9233,0.088,0.196,25.00,1,148.4,-0.0,1.45135,10.6,-12.7,0.9290,-0.00320,OK
1.4659,1.4656,0.2,0,148.2,-0.1,1.4581,145.3,1.0,1.4246,0.0,0.0,1.0000,-8.8,3.1,0.8647,2.1,9.1,0,0.0,0.0,0.0000,2.15,1.69,1.85,2.33,1,0.8511,-0.029,0.127,25.00,1,148.2,-0.0,1.46137,-5.8,13.1,0.8062,-0.00303,OK
1.4743,1.4732,1.1,0,148.2,-0.3,1.4653,145.3,1.0,1.4321,0.0,0.0,1.0000,-8.8,3.8,0.8654,2.8,9.2,0,0.0,0.0,0.0000,2.29,2.06,2.04,2.20,1,0.7733,-0.108,0.157,25.00,1,148.2,-0.2,1.46701,-28.4,1.0,0.7778,-0.00305,OK
1.4826,1.4732,9.4,0,148.2,-0.3,1.4653,145.3,1.0,1.4321,0.0,0.0,1.0000,-8.8,3.8,0.8876,2.8,9.2,0,0.0,0.0,0.0000,2.25,2.20,1.97,2.03,1,0.7167,0.118,0.137,25.00,1,148.2,-0.2,1.46797,-12.2,-3.0,0.7432,-0.00319,OK
1.4899,1.4732,16.8,0,148.2,-0.3,1.4653,145.3,1.0,1.4321,0.0,0.0,1.0000,-8.8,3.8,0.9023,2.8,9.2,0,0.0,0.0,0.0000,2.08,2.29,1.90,1.74,1,0.6833,0.235,0.059,24.00,1,148.3,-0.3,1.47330,-14.1,-7.4,0.7059,-0.00333,OK
1.4982,1.4732,25.0,0,148.2,-0.3,1.4653,145.3,1.0,1.4321,0.0,0.0,1.0000,-8.8,3.8,0.9148,2.8,9.2,0,0.0,0.0,0.0000,1.89,1.99,1.66,1.80,1,0.6833,0.235,0.059,25.00,1,148.3,-0.4,1.47908,-10.9,-2.3,0.6868,-0.00333,OK
1.5057,1.4732,32.5,0,148.2,-0.3,1.4653,145.3,1.0,1.4321,0.0,0.0,1.0000,-8.8,3.8,0.9226,2.8,9.2,0,0.0,0.0,0.0000,2.43,2.25,1.41,1.97,1,0.6744,0.167,0.147,25.00,1,148.3,-0.6,1.48429,-17.7,4.7,0.7060,-0.00355,OK
1.5145,1.4732,41.3,0,148.2,-0.3,1.4653,145.3,1.0,1.4321,0.0,0.0,1.0000,-8.8,3.8,0.9315,2.8,9.2,0,0.0,0.0,0.0000,1.82,1.75,1.77,1.88,1,0.6800,0.078,0.294,25.00,1,148.3,-0.7,1.49035,-5.7,-0.4,0.6812,-0.00353,OK
1.5225,1.4732,49.3,0,148.2,-0.3,1.4653,145.3,1.0,1.4321,0.0,0.0,1.0000,-8.8,3.8,0.9396,2.8,9.2,0,0.0,0.0,0.0000,2.25,1.61,1.69,1.72,1,0.6811,-0.137,0.284,25.00,1,148.2,-0.7,1.49585,-10.2,4.9,0.6848,-0.00353,OK
1.5303,1.4732,57.1,0,148.2,-0.3,1.4653,145.3,1.0,1.4321,0.0,0.0,1.0000,-8.8,3.8,0.9473,2.8,9.2,0,0.0,0.0,0.0000,2.92,1.64,2.04,1.91,1,0.6911,-0.422,0.314,25.00,1,148.2,-0.8,1.50132,-10.4,8.0,0.7214,-0.00374,OK
1.5387,1.4732,65.5,0,148.2,-0.3,1.4653,145.3,1.0,1.4321,0.0,0.0,1.0000,-8.8,3.8,0.9555,2.8,9.2,0,0.0,0.0,0.0000,1.67,2.49,1.27,1.96,1,0.6911,-0.422,0.314,24.00,1,148.1,-0.9,1.50726,-12.2,-1.6,0.6904,-0.00371,OK
1.5464,1.4732,73.2,0,148.2,-0.3,1.4653,145.3,1.0,1.4321,0.0,0.0,1.0000,-8.8,3.8,0.9631,2.8,9.2,0,0.0,0.0,0.0000,2.00,2.05,1.84,1.85,1,0.7200,-0.382,0.294,25.00,1,148.1,-1.0,1.51274,-8.2,-1.8,0.7232,-0.00371,OK
1.5538,1.5521,1.7,0,148.0,-0.5,1.4987,145.3,1.0,1.5111,0.0,0.0,0.9999,-8.1,4.5,0.8367,3.9,8.4,0,0.0,0.0,0.0000,2.06,1.99,2.43,2.33,1,0.7756,-0.157,0.108,25.00,1,148.0,-0.5,1.51902,8.3,1.4,0.7074,-0.00304,OK
1.5623,1.5521,10.2,0,148.0,-0.5,1.4987,145.3,1.0,1.5111,0.0,0.0,0.9999,-8.1,4.5,0.8453,3.9,8.4,0,0.0,0.0,0.0000,2.20,2.46,2.52,2.52,1,0.8444,-0.088,0.235,25.00,1,148.0,-0.5,1.52116,4.7,-1.6,0.8636,-0.00315,OK
1.5709,1.5521,18.7,0,148.0,-0.5,1.4987,145.3,1.0,1.5111,0.0,0.0,0.9999,-8.1,4.5,0.8539,3.9,8.4,0,0.0,0.0,0.0000,2.29,2.07,2.74,2.44,1,0.8444,-0.088,0.235,25.00,1,148.0,-0.5,1.52854,7.8,0.8,0.8593,-0.00320,OK
1.5783,1.5781,0.2,0,147.9,-0.4,1.5479,145.3,1.0,1.5369,0.0,0.0,0.9717,-7.8,4.1,0.6644,3.9,7.9,0,0.0,0.0,0.0000,2.45,1.83,2.44,2.67,1,0.9089,-0.010,0.245,24.00,1,147.9,-0.4,1.54314,4.9,10.4,0.9310,-0.00333,OK
1.5865,1.5801,6.4,0,147.5,-0.9,1.5579,145.3,1.0,1.5389,0.0,0.0,0.9677,-6.7,5.6,0.6313,5.6,6.8,0,0.0,0.0,0.0000,2.05,1.99,2.87,2.74,1,0.9600,-0.069,0.343,25.00,1,147.7,-0.7,1.54688,-11.0,14.5,0.9452,-0.00359,OK
1.5937,1.5801,13.6,0,147.5,-0.9,1.5579,145.3,1.0,1.5389,0.0,0.0,0.9677,-6.7,5.6,0.6366,5.6,6.8,0,0.0,0.0,0.0000,2.75,1.99,2.79,3.14,1,1.0000,-0.324,0.255,24.00,1,147.6,-0.7,1.55239,-6.9,22.8,1.0041,-0.00359,OK
1.6027,1.5986,4.1,0,148.3,-0.5,1.5754,145.3,1.0,1.5563,0.0,0.0,0.9167,-9.2,4.4,0.5730,4.4,9.2,0,0.0,0.0,0.0000,2.79,2.46,2.68,2.88,1,1.0267,-0.167,0.147,24.00,1,148.2,-0.5,1.56684,6.2,-32.5,1.0396,-0.00384,OK
1.6098,1.6053,4.6,0,148.4,-0.8,1.5880,145.3,1.0,1.5623,0.0,0.0,0.8967,-9.4,5.5,0.5264,5.6,9.4,0,0.0,0.0,0.0000,2.81,2.05,3.11,2.91,1,1.0267,-0.167,0.147,25.00,1,148.4,-0.7,1.57550,-21.1,-23.1,1.0417,-0.00417,OK
1.6184,1.6132,5.2,0,148.8,-0.7,1.5927,145.3,1.0,1.5694,0.0,0.0,0.8731,-10.4,5.1,0.5119,5.3,10.3,0,0.0,0.0,0.0000,2.19,2.58,3.12,2.98,1,1.0211,0.196,0.098,24.00,1,148.7,-0.7,1.58469,-0.8,-37.7,1.0275,-0.00436,OK
1.6269,1.6185,8.4,0,148.7,-0.7,1.6014,145.3,1.0,1.5739,0.0,0.0,0.8572,-10.1,5.1,0.4801,5.4,10.0,0,0.0,0.0,0.0000,2.24,2.63,2.70,2.79,1,0.9900,0.265,0.127,25.00,1,148.7,-0.7,1.59268,-5.5,-21.3,0.9874,-0.00479,OK
1.6338,1.6283,5.5,0,148.6,-0.6,1.6076,145.3,1.0,1.5822,0.0,0.0,0.8276,-10.0,4.8,0.4577,5.2,9.8,0,0.0,0.0,0.0000,2.05,2.05,2.87,2.66,1,0.9444,-0.078,0.186,25.00,1,148.7,-0.7,1.60221,9.7,-3.0,0.9379,-0.00488,OK
1.6419,1.6353,6.6,0,148.6,-0.5,1.6145,145.3,1.0,1.5879,0.0,0.0,0.8062,-9.9,4.6,0.4312,5.0,9.6,0,0.0,0.0,0.0000,2.15,2.15,2.71,2.77,1,0.8744,-0.235,0.196,25.00,1,148.6,-0.6,1.60916,9.6,2.5,0.8913,-0.00501,OK
1.6497,1.6433,6.4,0,148.6,-0.3,1.6281,145.3,1.0,1.5943,0.0,0.0,0.7822,-10.0,3.7,0.3778,4.3,9.7,0,0.0,0.0,0.0000,2.31,2.08,2.68,2.53,1,0.8744,-0.235,0.196,24.00,1,148.6,-0.3,1.61738,17.3,1.9,0.8880,-0.00525,OK
1.6585,1.6523,6.3,0,148.7,-0.7,1.6381,145.3,1.0,1.6011,0.0,0.0,0.7555,-10.4,5.1,0.3374,5.8,10.0,0,0.0,0.0,0.0000,2.45,1.76,2.20,2.21,1,0.7733,0.000,0.020,25.00,1,148.7,-0.6,1.62602,-15.1,0.5,0.7936,-0.00553,OK
1.6664,1.6608,5.6,0,148.5,-0.7,1.6455,145.3,1.0,1.6075,0.0,0.0,0.7302,-9.7,5.0,0.3074,5.7,9.3,0,0.0,0.0,0.0000,2.09,2.06,1.94,2.04,1,0.6556,0.186,0.029,25.00,1,148.6,-0.7,1.63343,-10.3,5.5,0.7012,-0.00594,OK
1.6741,1.6695,4.6,0,148.5,-0.7,1.6487,145.3,1.0,1.6137,0.0,0.0,0.7041,-9.7,5.2,0.2929,5.9,9.3,0,0.0,0.0,0.0000,1.50,1.35,1.95,1.52,1,0.5378,0.108,0.118,25.00,1,148.5,-0.7,1.63946,-3.9,2.7,0.5694,-0.00622,OK
1.6824,1.6772,5.2,0,148.4,-0.8,1.6562,145.3,1.0,1.6191,0.0,0.0,0.6811,-9.2,5.5,0.2608,6.3,8.7,0,0.0,0.0,0.0000,1.60,1.36,1.22,1.40,1,0.5378,0.108,0.118,26.00,1,148.4,-0.8,1.64478,-11.8,15.4,0.5477,-0.00638,OK
1.6907,1.6855,5.2,0,148.6,-1.1,1.6587,145.3,1.0,1.6246,0.0,0.0,0.6560,-9.8,6.2,0.2476,7.0,9.3,0,0.0,0.0,0.0000,1.61,1.52,0.85,1.20,1,0.4289,0.059,0.108,24.00,1,148.5,-1.1,1.64964,-24.4,-1.2,0.4638,-0.00675,OK
1.6987,1.6945,4.1,0,148.5,-1.1,1.6623,145.3,1.0,1.6305,0.0,0.0,0.6288,-9.7,6.1,0.2291,7.0,9.2,0,0.0,0.0,0.0000,0.87,0.87,0.70,1.14,1,0.3233,-0.059,0.137,24.00,1,148.5,-1.1,1.65373,-1.5,-1.6,0.3474,-0.00695,OK
1.7061,1.7031,3.0,0,148.4,-1.2,1.6627,145.3,1.0,1.6357,0.0,0.0,0.6031,-9.4,6.6,0.2233,7.4,8.8,0,0.0,0.0,0.0000,0.84,0.80,0.90,0.87,1,0.2111,-0.353,0.039,24.00,1,148.5,-1.2,1.65661,-12.2,6.8,0.2725,-0.00759,OK
1.7146,1.7112,3.3,0,148.5,-1.0,1.6667,145.3,1.0,1.6406,0.0,0.0,0.5788,-9.6,6.1,0.2015,7.0,8.9,0,0.0,0.0,0.0000,0.63,0.36,0.03,0.52,1,0.2111,-0.353,0.039,25.00,1,148.4,-1.1,1.65894,9.4,1.4,0.2107,-0.00736,OK
1.7228,1.7193,3.5,0,148.3,-1.2,1.6657,145.3,1.0,1.6450,0.0,0.0,0.5547,-9.1,6.6,0.1993,7.5,8.4,0,0.0,0.0,0.0000,0.65,0.35,-0.02,0.22,1,0.0844,-0.324,0.157,27.00,1,148.3,-1.2,1.66031,-12.2,12.0,0.1150,-0.00764,OK
1.7309,1.7295,1.4,0,148.5,-1.2,1.6669,145.3,1.0,1.6506,0.0,0.0,0.5240,-9.5,6.4,0.1871,7.3,8.9,0,0.0,0.0,0.0000,0.34,0.00,0.06,0.14,1,-0.0322,-0.363,0.235,25.00,1,148.4,-1.2,1.66112,5.0,-10.3,0.0354,-0.00833,OK
1.7381,1.7368,1.3,0,148.3,-1.1,1.6693,145.3,1.0,1.6543,0.0,0.0,0.5019,-9.0,6.3,0.1706,7.2,8.3,0,0.0,0.0,0.0000,-0.30,-0.07,-0.11,-0.14,1,-0.1244,-0.284,0.294,25.00,1,148.3,-1.1,1.66109,7.9,13.2,-0.0549,-0.00890,OK
1.7467,1.7368,9.9,0,148.3,-1.1,1.6693,145.3,1.0,1.6543,0.0,0.0,0.5019,-9.0,6.3,0.1616,7.2,8.3,0,0.0,0.0,0.0000,-0.17,-0.07,-0.36,-0.31,1,-0.1922,-0.127,0.235,24.00,1,148.3,-1.1,1.66126,-0.0,0.0,-0.0093,-0.01031,OK
1.7542,1.7539,0.2,0,148.4,-1.2,1.6624,145.3,1.0,1.6625,0.0,0.0,0.4504,-9.5,6.6,0.1803,7.4,8.8,0,0.0,0.0,0.0000,-0.28,-0.58,-0.36,-0.75,1,-0.1922,-0.127,0.235,25.00,1,148.4,-1.2,1.65953,-9.5,-8.5,-0.1647,-0.01034,OK
1.7619,1.7539,8.0,0,148.4,-1.2,1.6624,145.3,1.0,1.6625,0.0,0.0,0.4504,-9.5,6.6,0.1709,7.4,8.8,0,0.0,0.0,0.0000,-0.38,-0.77,-0.56,-0.49,1,-0.2544,-0.059,0.108,25.00,1,148.4,-1.2,1.65940,0.8,1.6,-0.2003,-0.01034,OK
1.7699,1.7645,5.4,0,148.5,-1.3,1.6590,145.3,1.0,1.6670,0.0,0.0,0.4188,-9.5,6.7,0.1738,7.6,8.9,0,0.0,0.0,0.0000,-0.66,-0.84,-0.90,-0.75,1,-0.3122,-0.137,0.245,25.00,1,148.4,-1.3,1.65691,-5.7,-2.3,-0.2956,-0.01048,OK
1.7780,1.7702,7.9,0,148.4,-1.2,1.6594,145.3,1.0,1.6694,0.0,0.0,0.4018,-9.3,6.7,0.1608,7.5,8.7,0,0.0,0.0,0.0000,-0.46,-0.43,-0.60,-0.77,1,-0.3378,-0.020,0.088,25.00,1,148.4,-1.3,1.65577,-5.3,-4.9,-0.2818,-0.01161,OK
1.7863,1.7789,7.4,0,148.3,-1.2,1.6579,145.3,1.0,1.6728,0.0,0.0,0.3757,-9.0,6.5,0.1539,7.3,8.4,0,0.0,0.0,0.0000,-0.90,-0.97,-1.00,-0.54,1,-0.3378,-0.020,0.088,24.00,1,148.3,-1.2,1.65362,6.0,9.7,-0.3205,-0.01179,OK
1.7949,1.7870,7.8,0,148.3,-1.1,1.6597,145.3,1.0,1.6757,0.0,0.0,0.3515,-9.1,6.1,0.1327,6.9,8.6,0,0.0,0.0,0.0000,-1.00,-1.34,-1.26,-0.68,1,-0.3422,-0.059,0.098,24.00,1,148.3,-1.1,1.65177,10.6,9.1,-0.3534,-0.01134,OK
1.8023,1.7981,4.1,0,148.2,-1.0,1.6552,145.3,1.0,1.6794,0.0,0.0,0.3181,-8.9,6.1,0.1443,6.8,8.3,0,0.0,0.0,0.0000,-0.71,-0.87,-0.61,-0.96,1,-0.3233,-0.088,0.167,25.00,1,148.2,-1.0,1.64893,2.9,0.1,-0.2963,-0.01154,OK
1.8106,1.8042,6.4,0,148.3,-1.2,1.6525,145.3,1.0,1.6813,0.0,0.0,0.2999,-9.1,6.5,0.1523,7.2,8.5,0,0.0,0.0,0.0000,-1.19,-0.71,-0.74,-0.77,1,-0.2800,-0.177,0.167,25.00,1,148.3,-1.1,1.64768,-1.7,-5.3,-0.2900,-0.01108,OK
1.8184,1.8130,5.4,0,148.2,-1.1,1.6496,145.3,1.0,1.6838,0.0,0.0,0.2734,-8.9,6.2,0.1127,6.9,8.4,0,0.0,0.0,0.0000,-0.70,-0.85,-0.57,-0.39,1,-0.2233,-0.127,0.118,25.00,1,148.2,-1.1,1.64598,3.6,5.6,-0.2178,-0.01094,OK
1.8266,1.8221,4.5,0,148.5,-0.9,1.6420,145.3,1.0,1.6862,0.0,0.0,0.2461,-9.5,5.5,0.1385,6.2,9.1,0,0.0,0.0,0.0000,-0.92,-0.58,-0.42,-0.08,1,-0.2233,-0.127,0.118,25.00,1,148.4,-0.9,1.64391,18.9,-13.7,-0.2053,-0.01112,OK
1.8343,1.8317,2.6,0,148.3,-0.8,1.6444,145.3,1.0,1.6884,0.0,0.0,0.2170,-9.1,5.3,0.1175,6.0,8.7,0,0.0,0.0,0.0000,-0.29,-0.52,-0.20,-0.52,1,-0.1556,-0.137,0.245,24.00,1,148.3,-0.8,1.64269,8.4,6.0,-0.1389,-0.01113,OK
1.8424,1.8381,4.3,0,148.3,-0.9,1.6375,145.3,1.0,1.6898,0.0,0.0,0.1979,-8.9,5.6,0.1273,6.2,8.5,0,0.0,0.0,0.0000,-0.16,-1.10,-0.39,-0.04,1,-0.0867,-0.147,0.186,24.00,1,148.3,-0.8,1.64159,-2.5,13.9,-0.1093,-0.01057,OK
1.8504,1.8461,4.3,0,148.4,-0.6,1.6425,145.3,1.0,1.6912,0.0,0.0,0.1740,-9.2,4.8,0.0890,5.5,8.9,0,0.0,0.0,0.0000,0.22,-0.31,-0.07,0.23,1,-0.0189,-0.029,0.265,26.00,1,148.3,-0.7,1.64167,17.9,-5.3,0.0032,-0.01077,OK
1.8588,1.8563,2.5,0,148.4,-0.4,1.6389,145.3,1.0,1.6929,0.0,0.0,0.1436,-9.3,4.2,0.0836,4.8,9.0,0,0.0,0.0,0.0000,0.08,-0.72,0.04,0.30,1,-0.0189,-0.029,0.265,25.00,1,148.3,-0.4,1.64126,25.3,-5.1,-0.0199,-0.01070,OK
1.8659,1.8657,0.2,0,148.3,-0.6,1.6396,145.3,1.0,1.6941,0.0,0.0,0.1153,-9.1,4.6,0.0628,5.3,8.8,0,0.0,0.0,0.0000,0.23,0.05,-0.13,-0.03,1,0.0389,-0.039,0.186,25.00,1,148.3,-0.5,1.64142,-15.9,4.8,0.0224,-0.01045,OK
1.8740,1.8716,2.4,0,148.3,-0.4,1.6378,145.3,1.0,1.6948,0.0,0.0,0.0978,-9.1,4.2,0.0491,4.8,8.8,0,0.0,0.0,0.0000,-0.02,0.14,0.06,0.14,1,0.0822,0.049,0.235,25.00,1,148.3,-0.4,1.64148,13.2,1.5,0.0526,-0.01000,OK
1.8820,1.8798,2.2,0,148.2,-0.5,1.6445,145.3,1.0,1.6954,0.0,0.0,0.0730,-8.9,4.4,0.0007,5.0,8.5,0,0.0,0.0,0.0000,-0.06,0.15,0.45,0.21,1,0.1089,0.000,0.186,25.00,1,148.3,-0.5,1.64257,-3.1,7.6,0.1045,-0.00966,OK
1.8903,1.8889,1.4,0,148.3,-0.5,1.6413,145.3,1.0,1.6960,0.0,0.0,0.0471,-8.9,4.4,-0.0094,5.0,8.6,0,0.0,0.0,0.0000,0.49,0.29,0.33,0.50,1,0.1089,0.000,0.186,24.00,1,148.2,-0.5,1.64352,-3.0,1.1,0.1209,-0.00986,OK
1.8979,1.8889,9.0,0,148.3,-0.5,1.6413,145.3,1.0,1.6960,0.0,0.0,0.0471,-8.9,4.4,-0.0315,5.0,8.6,0,0.0,0.0,0.0000,0.08,0.27,0.17,0.29,1,0.1222,0.078,0.196,25.00,1,148.2,-0.5,1.64319,-0.0,-0.0,0.0088,-0.00856,OK
1.9061,1.9058,0.3,0,148.2,-0.3,1.6442,145.3,1.0,1.6963,0.0,0.0,-0.0261,-8.7,3.8,-0.0673,4.5,8.4,0,0.0,0.0,0.0000,0.41,0.26,0.23,0.58,1,0.1111,0.029,0.324,25.00,1,148.2,-0.3,1.64351,20.1,4.4,0.0237,-0.00737,OK
1.9142,1.9058,8.4,0,148.2,-0.3,1.6442,145.3,1.0,1.6963,0.0,0.0,-0.0261,-8.7,3.8,-0.0925,4.5,8.4,0,0.0,0.0,0.0000,0.30,0.11,0.03,0.25,1,0.0711,0.118,0.216,26.00,1,148.2,-0.3,1.64342,-0.0,0.0,0.0082,-0.00623,OK
1.9227,1.9216,1.1,0,148.3,-0.4,1.6462,145.3,1.0,1.6959,0.0,0.0,-0.0525,-9.0,4.2,-0.1275,4.9,8.7,0,0.0,0.0,0.0000,0.02,-0.08,0.05,0.08,1,0.0167,-0.108,0.118,25.00,1,148.3,-0.4,1.64385,-9.3,-7.1,0.0168,-0.00592,OK
1.9304,1.9216,8.8,0,148.3,-0.4,1.6462,145.3,1.0,1.6959,0.0,0.0,-0.0525,-9.0,4.2,-0.1526,4.9,8.7,0,0.0,0.0,0.0000,-0.11,0.44,0.44,0.08,1,0.0167,-0.108,0.118,25.00,1,148.3,-0.4,1.64381,-0.0,-0.0,0.0045,-0.00563,OK
1.9383,1.9348,3.5,0,148.2,-0.6,1.6474,145.3,1.0,1.6949,0.0,0.0,-0.0922,-8.7,4.9,-0.1836,5.5,8.3,0,0.0,0.0,0.0000,0.00,-0.12,-0.05,0.07,1,-0.0289,-0.226,0.098,24.00,1,148.2,-0.6,1.64428,-16.1,6.8,0.0067,-0.00598,OK
1.9461,1.9387,7.4,0,148.3,-0.6,1.6450,145.3,1.0,1.6945,0.0,0.0,-0.1040,-9.1,4.8,-0.2013,5.4,8.7,0,0.0,0.0,0.0000,-0.03,-0.22,-0.48,0.04,1,-0.0700,-0.147,0.069,24.00,1,148.2,-0.6,1.64436,-0.1,-0.2,-0.0065,-0.00686,OK
1.9540,1.9475,6.5,0,148.3,-0.4,1.6491,145.3,1.0,1.6935,0.0,0.0,-0.1300,-8.9,4.2,-0.2456,4.9,8.6,0,0.0,0.0,0.0000,-0.31,-0.08,-0.22,-0.15,1,-0.1011,-0.186,0.265,25.00,1,148.3,-0.5,1.64489,1.8,-0.2,-0.0071,-0.00797,OK
1.9618,1.9475,14.3,0,148.3,-0.4,1.6491,145.3,1.0,1.6935,0.0,0.0,-0.1300,-8.9,4.2,-0.2743,4.9,8.6,0,0.0,0.0,0.0000,-0.47,-0.26,-0.13,-0.58,1,-0.1011,-0.186,0.265,26.00,1,148.3,-0.5,1.64483,-0.0,-0.0,-0.0184,-0.00901,OK
1.9703,1.9475,22.8,0,148.3,-0.4,1.6491,145.3,1.0,1.6935,0.0,0.0,-0.1300,-8.9,4.2,-0.3058,4.9,8.6,0,0.0,0.0,0.0000,0.27,-0.09,-0.07,-0.44,1,-0.1344,-0.255,0.078,25.00,1,148.3,-0.5,1.64475,-0.0,0.0,-0.0065,-0.01009,OK
1.9779,1.9475,30.4,0,148.3,-0.4,1.6491,145.3,1.0,1.6935,0.0,0.0,-0.1300,-8.9,4.2,-0.3352,4.9,8.6,0,0.0,0.0,0.0000,-0.02,-0.35,-0.48,-0.64,1,-0.1700,-0.069,0.265,24.00,1,148.3,-0.5,1.64469,-0.0,0.0,-0.0163,-0.01116,OK
1.9863,1.9475,38.8,0,148.3,-0.4,1.6491,145.3,1.0,1.6935,0.0,0.0,-0.1300,-8.9,4.2,-0.3683,4.9,8.6,0,0.0,0.0,0.0000,-0.06,-0.32,-0.27,-0.28,1,-0.2056,-0.127,0.069,24.00,1,148.3,-0.5,1.64461,0.0,0.0,-0.0091,-0.01223,OK
1.9939,1.9475,46.4,0,148.3,-0.4,1.6491,145.3,1.0,1.6935,0.0,0.0,-0.1300,-8.9,4.2,-0.3992,4.9,8.6,0,0.0,0.0,0.0000,-0.75,-0.87,-0.55,-0.34,1,-0.2544,-0.049,0.196,24.00,1,148.3,-0.5,1.64367,8.4,-0.6,-0.2375,-0.01230,OK
2.0028,1.9475,55.3,0,148.3,-0.4,1.6491,145.3,1.0,1.6935,0.0,0.0,-0.1300,-8.9,4.2,-0.4356,4.9,8.6,0,0.0,0.0,0.0000,-1.20,-0.52,-0.80,-0.87,1,-0.2544,-0.049,0.196,25.00,1,148.3,-0.4,1.64139,2.4,-10.5,-0.2754,-0.01173,OK
2.0106,1.9475,63.1,0,148.3,-0.4,1.6491,145.3,1.0,1.6935,0.0,0.0,-0.1300,-8.9,4.2,-0.4687,4.9,8.6,0,0.0,0.0,0.0000,-1.20,-1.11,-1.16,-0.69,1,-0.3189,-0.324,0.255,25.00,1,148.3,-0.4,1.63897,6.1,1.3,-0.3374,-0.01119,OK
2.0185,1.9475,71.0,0,148.3,-0.4,1.6491,145.3,1.0,1.6935,0.0,0.0,-0.1300,-8.9,4.2,-0.5026,4.9,8.6,0,0.0,0.0,0.0000,-0.95,-1.03,-0.80,-0.51,1,-0.3678,-0.235,0.147,25.00,1,148.3,-0.3,1.63632,7.9,0.2,-0.3360,-0.01157,OK
2.0267,1.9475,79.2,0,148.3,-0.4,1.6491,145.3,1.0,1.6935,0.0,0.0,-0.1300,-8.9,4.2,-0.5390,4.9,8.6,0,0.0,0.0,0.0000,-1.00,-1.53,-1.02,-0.88,1,-0.4078,0.010,0.324,25.00,1,148.3,-0.3,1.63329,6.8,3.9,-0.4006,-0.01148,OK
2.0340,1.9475,86.5,0,148.3,-0.4,1.6491,145.3,1.0,1.6935,0.0,0.0,-0.1300,-8.9,4.2,-0.5716,4.9,8.6,0,0.0,0.0,0.0000,-1.08,-1.03,-1.01,-0.93,1,-0.4078,0.010,0.324,24.00,1,148.3,-0.2,1.63043,3.2,-2.7,-0.3901,-0.01160,OK
2.0427,1.9475,95.2,0,148.3,-0.4,1.6491,145.3,1.0,1.6935,0.0,0.0,-0.1300,-8.9,4.2,-0.6123,4.9,8.6,0,0.0,0.0,0.0000,-1.55,-1.19,-1.16,-1.14,1,-0.4667,0.059,0.157,25.00,1,148.3,-0.2,1.62667,5.6,-6.1,-0.4634,-0.01144,OK
2.0507,1.9475,103.2,0,148.3,-0.4,1.6491,145.3,1.0,1.6935,0.0,0.0,-0.1300,-8.9,4.2,-0.6496,4.9,8.6,0,0.0,0.0,0.0000,-1.83,-1.29,-1.95,-1.16,1,-0.5211,0.010,0.029,25.00,1,148.4,-0.1,1.62272,2.6,0.5,-0.5278,-0.01110,OK
2.0579,1.9475,110.4,0,148.3,-0.4,1.6491,145.3,1.0,1.6935,0.0,0.0,-0.1300,-8.9,4.2,-0.6845,4.9,8.6,0,0.0,0.0,0.0000,-1.00,-1.72,-1.47,-1.16,1,-0.5644,0.069,0.020,25.00,1,148.3,-0.1,1.61892,1.9,8.0,-0.5286,-0.01157,OK
2.0665,1.9475,119.0,0,148.3,-0.4,1.6491,145.3,1.0,1.6935,0.0,0.0,-0.1300,-8.9,4.2,-0.7263,4.9,8.6,0,0.0,0.0,0.0000,-0.90,-2.30,-1.56,-1.64,1,-0.6011,0.069,0.069,25.00,1,148.2,-0.1,1.61417,-0.5,11.3,-0.5846,-0.01167,OK
2.0739,2.0680,5.9,0,148.2,-0.1,1.6232,145.3,1.0,1.6560,0.0,0.0,-0.4917,-8.6,3.2,-0.6601,3.7,8.4,0,0.0,0.0,0.0000,-1.60,-1.53,-1.65,-1.48,1,-0.6011,0.069,0.069,25.00,1,148.2,-0.1,1.61204,2.0,-0.6,-0.5806,-0.01185,OK
2.0824,2.0680,14.3,0,148.2,-0.1,1.6232,145.3,1.0,1.6560,0.0,0.0,-0.4917,-8.6,3.2,-0.7030,3.7,8.4,0,0.0,0.0,0.0000,-1.71,-1.56,-1.83,-1.76,1,-0.6467,-0.108,0.216,24.00,1,148.2,-0.1,1.60811,-0.8,-2.4,-0.6381,-0.01178,OK
2.0899,2.0680,21.9,0,148.2,-0.1,1.6232,145.3,1.0,1.6560,0.0,0.0,-0.4917,-8.6,3.2,-0.7424,3.7,8.4,0,0.0,0.0,0.0000,-1.64,-1.71,-2.16,-1.49,1,-0.6822,-0.216,0.275,24.00,1,148.1,-0.1,1.60320,-0.1,5.9,-0.6610,-0.01196,OK
2.0992,2.0680,31.1,0,148.2,-0.1,1.6232,145.3,1.0,1.6560,0.0,0.0,-0.4917,-8.6,3.2,-0.7906,3.7,8.4,0,0.0,0.0,0.0000,-2.11,-1.73,-2.08,-1.47,1,-0.6956,-0.294,0.382,25.00,1,148.1,-0.1,1.59700,5.1,1.0,-0.6840,-0.01195,OK
2.1059,2.1057,0.2,0,147.6,-0.5,1.5764,145.3,1.0,1.6354,0.0,0.0,-0.6046,-7.1,4.6,-0.6396,4.6,7.0,0,0.0,0.0,0.0000,-1.53,-1.90,-1.77,-1.69,1,-0.6956,-0.294,0.382,25.00,1,147.6,-0.5,1.58459,-16.6,19.4,-0.7388,-0.01214,OK
2.1140,2.1082,5.8,0,147.4,-0.4,1.5656,145.3,1.0,1.6338,0.0,0.0,-0.6121,-6.3,4.1,-0.6407,4.1,6.4,0,0.0,0.0,0.0000,-1.70,-1.85,-1.77,-2.07,1,-0.6967,-0.333,0.255,25.00,1,147.5,-0.5,1.57979,-2.0,19.2,-0.6987,-0.01191,OK
2.1228,2.1165,6.2,0,147.3,-0.3,1.5631,145.3,1.0,1.6286,0.0,0.0,-0.6370,-6.0,3.8,-0.6798,3.8,6.0,0,0.0,0.0,0.0000,-1.83,-2.20,-1.85,-1.54,1,-0.6978,-0.314,0.078,25.00,1,147.3,-0.3,1.57230,11.2,24.4,-0.6916,-0.01181,OK
2.1306,2.1259,4.7,0,147.1,-0.2,1.5589,145.3,1.0,1.6225,0.0,0.0,-0.6653,-5.4,3.6,-0.7073,3.5,5.4,0,0.0,0.0,0.0000,-2.04,-2.31,-2.42,-1.88,1,-0.7167,-0.108,-0.010,25.00,1,147.1,-0.2,1.56451,8.9,23.0,-0.7424,-0.01121,OK
2.1386,2.1339,4.6,0,147.4,0.2,1.5549,145.3,1.0,1.6171,0.0,0.0,-0.6893,-6.3,2.5,-0.7327,2.4,6.3,0,0.0,0.0,0.0000,-2.17,-2.44,-2.18,-1.15,1,-0.7456,0.000,-0.039,24.00,1,147.2,0.1,1.55815,36.8,-5.9,-0.7373,-0.01122,OK
2.1461,2.1419,4.2,0,147.4,0.3,1.5427,145.3,1.0,1.6116,0.0,0.0,-0.7132,-6.5,2.0,-0.7203,1.8,6.5,0,0.0,0.0,0.0000,-2.20,-2.40,-1.72,-1.96,1,-0.7456,0.000,-0.039,25.00,1,147.4,0.3,1.55096,24.6,-16.9,-0.7643,-0.01090,OK
2.1546,2.1503,4.3,0,147.1,0.2,1.5410,145.3,1.0,1.6054,0.0,0.0,-0.7386,-5.5,2.2,-0.7492,2.0,5.5,0,0.0,0.0,0.0000,-2.08,-1.90,-2.24,-1.16,1,-0.7867,0.000,0.039,25.00,1,147.2,0.3,1.54420,2.3,20.0,-0.7513,-0.01146,OK
2.1624,2.1503,12.1,0,147.1,0.2,1.5410,145.3,1.0,1.6054,0.0,0.0,-0.7386,-5.5,2.2,-0.7770,2.0,5.5,0,0.0,0.0,0.0000,-2.52,-2.17,-2.07,-1.79,1,-0.8289,-0.088,0.167,26.00,1,147.2,0.3,1.54087,11.3,1.5,-0.8123,-0.01154,OK
2.1708,2.1682,2.6,0,147.4,1.1,1.5272,145.3,1.0,1.5917,0.0,0.0,-0.7924,-6.3,-0.3,-0.7504,-0.5,6.2,0,0.0,0.0,0.0000,-2.80,-2.98,-2.40,-2.00,1,-0.8767,-0.167,0.049,25.00,1,147.3,1.0,1.52868,50.4,-7.4,-0.8968,-0.01104,OK
2.1782,2.1758,2.4,0,147.7,1.1,1.5125,145.3,1.0,1.5857,0.0,0.0,-0.8152,-7.1,-0.4,-0.7153,-0.9,7.1,0,0.0,0.0,0.0000,-2.77,-2.96,-2.25,-1.78,1,-0.8767,-0.167,0.049,25.00,1,147.6,1.2,1.52077,18.6,-30.6,-0.9145,-0.01074,OK
2.1862,2.1840,2.2,0,147.6,1.3,1.5078,145.3,1.0,1.5788,0.0,0.0,-0.8396,-6.8,-1.0,-0.7236,-1.4,6.8,0,0.0,0.0,0.0000,-2.54,-2.72,-2.55,-1.95,1,-0.9222,-0.088,-0.235,24.00,1,147.6,1.3,1.51260,17.7,1.3,-0.9321,-0.01074,OK
2.1942,2.1936,0.6,0,147.7,1.6,1.4987,145.3,1.0,1.5706,0.0,0.0,-0.8683,-7.1,-1.7,-0.7145,-2.2,7.0,0,0.0,0.0,0.0000,-2.81,-3.23,-2.84,-2.11,1,-0.9622,0.010,-0.235,25.00,1,147.6,1.6,1.50254,25.5,-5.4,-0.9982,-0.01038,OK
2.2022,2.1936,8.6,0,147.7,1.6,1.4987,145.3,1.0,1.5706,0.0,0.0,-0.8683,-7.1,-1.7,-0.7428,-2.2,7.0,0,0.0,0.0,0.0000,-2.16,-2.74,-2.57,-1.68,1,-0.9911,-0.039,-0.039,25.00,1,147.6,1.6,1.50222,20.3,0.4,-0.9390,-0.01118,OK
2.2099,2.2097,0.2,0,147.0,1.3,1.4744,145.3,1.0,1.5563,0.0,0.0,-0.9164,-5.1,-0.8,-0.6728,-1.3,5.0,0,0.0,0.0,0.0000,-2.49,-3.43,-3.14,-2.05,1,-1.0200,-0.275,0.098,25.00,1,147.0,1.3,1.48494,-37.1,50.9,-1.1020,-0.01105,OK
2.2181,2.2181,0.1,0,146.3,0.7,1.4691,145.3,1.0,1.5484,0.0,0.0,-0.9416,-3.0,0.8,-0.6829,0.5,3.1,0,0.0,0.0,0.0000,-2.59,-3.35,-2.82,-2.17,1,-1.0200,-0.275,0.098,25.00,1,146.4,0.8,1.47558,-80.4,77.8,-1.0665,-0.01099,OK
2.2259,2.2181,7.8,0,146.3,0.7,1.4691,145.3,1.0,1.5484,0.0,0.0,-0.9416,-3.0,0.8,-0.7123,0.5,3.1,0,0.0,0.0,0.0000,-3.08,-3.77,-3.37,-2.05,1,-1.0633,-0.353,0.216,25.00,1,146.4,0.8,1.47536,-27.3,48.0,-1.1251,-0.01099,OK
2.2343,2.2266,7.7,0,147.1,1.6,1.4679,145.3,1.0,1.5404,0.0,0.0,-0.9646,-5.5,-1.9,-0.7405,-2.4,5.3,0,0.0,0.0,0.0000,-2.52,-3.70,-3.52,-2.13,1,-1.1067,-0.235,0.059,24.00,1,146.8,1.4,1.46620,14.6,10.9,-1.0929,-0.01105,OK
2.2423,2.2367,5.6,0,146.2,0.9,1.4551,145.3,1.0,1.5305,0.0,0.0,-0.9847,-2.7,0.3,-0.7205,-0.0,2.7,0,0.0,0.0,0.0000,-2.61,-3.44,-3.28,-1.89,1,-1.1056,0.029,0.049,24.00,1,146.3,1.0,1.45526,-25.8,34.8,-1.0761,-0.01140,OK
2.2508,2.2434,7.4,0,146.0,1.2,1.4458,145.3,1.0,1.5238,0.0,0.0,-0.9933,-2.2,-0.7,-0.7175,-1.0,2.1,0,0.0,0.0,0.0000,-2.43,-3.82,-3.18,-1.88,1,-1.1056,0.029,0.049,26.00,1,146.0,1.1,1.44774,-1.5,36.7,-1.0785,-0.01168,OK
2.2579,2.2515,6.4,0,146.2,1.2,1.4371,145.3,1.0,1.5157,0.0,0.0,-0.9976,-2.7,-0.7,-0.7112,-1.0,2.6,0,0.0,0.0,0.0000,-2.74,-3.88,-3.13,-1.79,1,-1.0700,-0.304,0.186,25.00,1,146.1,1.2,1.43887,7.1,13.8,-1.0586,-0.01168,OK
2.2664,2.2515,14.9,0,146.2,1.2,1.4371,145.3,1.0,1.5157,0.0,0.0,-0.9976,-2.7,-0.7,-0.7452,-1.0,2.6,0,0.0,0.0,0.0000,-2.90,-3.84,-3.10,-1.87,1,-1.0178,-0.500,0.206,25.00,1,146.0,1.3,1.43174,7.5,13.7,-1.0246,-0.01135,OK
2.2749,2.2713,3.7,0,146.2,1.9,1.4276,145.3,1.0,1.4959,0.0,0.0,-1.0000,-2.9,-2.8,-0.7415,-3.2,2.4,0,0.0,0.0,0.0000,-2.49,-3.41,-2.94,-1.96,1,-0.9622,-0.275,0.284,25.00,1,146.2,1.9,1.42025,34.6,-3.3,-0.9414,-0.01121,OK
2.2824,2.2772,5.2,0,146.3,2.6,1.4157,145.3,1.0,1.4900,0.0,0.0,-1.0000,-3.0,-4.8,-0.7237,-5.2,2.2,0,0.0,0.0,0.0000,-2.48,-3.61,-2.92,-1.71,1,-0.9067,0.069,0.275,27.00,1,146.3,2.4,1.41494,66.7,5.9,-0.9166,-0.01085,OK
2.2907,2.2855,5.2,0,146.1,2.8,1.4122,145.3,1.0,1.4817,0.0,0.0,-1.0000,-2.5,-5.3,-0.7427,-5.7,1.7,0,0.0,0.0,0.0000,-2.49,-3.40,-2.55,-1.57,1,-0.9067,0.069,0.275,25.00,1,146.2,2.8,1.40805,42.8,11.4,-0.8961,-0.01079,OK
2.2979,2.2945,3.4,0,146.3,2.8,1.4048,145.3,1.0,1.4727,0.0,0.0,-1.0000,-3.0,-5.3,-0.7422,-5.7,2.0,0,0.0,0.0,0.0000,-2.14,-3.43,-2.24,-1.72,1,-0.8556,0.098,0.186,25.00,1,146.2,2.8,1.40089,5.7,-6.5,-0.8388,-0.01071,OK
2.3064,2.2945,11.9,0,146.3,2.8,1.4048,145.3,1.0,1.4727,0.0,0.0,-1.0000,-3.0,-5.3,-0.7759,-5.7,2.0,0,0.0,0.0,0.0000,-2.15,-3.61,-2.29,-1.29,1,-0.8022,-0.059,0.157,25.00,1,146.2,2.9,1.39775,26.5,7.9,-0.8072,-0.01047,OK
2.3140,2.2945,19.5,0,146.3,2.8,1.4048,145.3,1.0,1.4727,0.0,0.0,-1.0000,-3.0,-5.3,-0.8063,-5.7,2.0,0,0.0,0.0,0.0000,-2.45,-3.34,-2.19,-1.37,1,-0.7467,0.069,0.363,24.00,1,146.2,3.1,1.39175,26.5,2.2,-0.7717,-0.00993,OK
2.3224,2.2945,28.0,0,146.3,2.8,1.4048,145.3,1.0,1.4727,0.0,0.0,-1.0000,-3.0,-5.3,-0.8402,-5.7,2.0,0,0.0,0.0,0.0000,-1.97,-3.13,-1.98,-1.04,1,-0.7467,0.069,0.363,24.00,1,146.2,3.4,1.38535,25.7,7.2,-0.7368,-0.00993,OK
2.3300,2.2945,35.6,0,146.3,2.8,1.4048,145.3,1.0,1.4727,0.0,0.0,-1.0000,-3.0,-5.3,-0.8706,-5.7,2.0,0,0.0,0.0,0.0000,-2.20,-2.52,-1.83,-1.32,1,-0.6822,0.353,0.412,25.00,1,146.3,3.5,1.37992,20.9,-4.2,-0.6906,-0.00967,OK
2.3387,2.2945,44.2,0,146.3,2.8,1.4048,145.3,1.0,1.4727,0.0,0.0,-1.0000,-3.0,-5.3,-0.9052,-5.7,2.0,0,0.0,0.0,0.0000,-2.09,-2.39,-1.49,-0.76,1,-0.6311,0.333,0.353,25.00,1,146.3,3.7,1.37425,27.0,-1.3,-0.6215,-0.00968,OK
2.3464,2.2945,52.0,0,146.3,2.8,1.4048,145.3,1.0,1.4727,0.0,0.0,-1.0000,-3.0,-5.3,-0.9362,-5.7,2.0,0,0.0,0.0,0.0000,-1.74,-2.61,-1.84,-0.86,1,-0.5844,0.206,0.196,25.00,1,146.3,3.9,1.36952,20.7,8.3,-0.5964,-0.00938,OK
2.3539,2.2945,59.5,0,146.3,2.8,1.4048,145.3,1.0,1.4727,0.0,0.0,-1.0000,-3.0,-5.3,-0.9662,-5.7,2.0,0,0.0,0.0,0.0000,-1.34,-2.43,-1.57,-0.91,1,-0.5444,0.353,0.284,24.00,1,146.3,4.1,1.36524,16.5,7.7,-0.5451,-0.00925,OK
2.3620,2.2945,67.6,0,146.3,2.8,1.4048,145.3,1.0,1.4727,0.0,0.0,-1.0000,-3.0,-5.3,-0.9987,-5.7,2.0,0,0.0,0.0,0.0000,-1.71,-1.91,-1.92,-1.35,1,-0.5444,0.353,0.284,24.00,1,146.3,4.2,1.36070,8.8,-0.8,-0.5691,-0.00882,OK
2.3709,2.2945,76.4,0,146.3,2.8,1.4048,145.3,1.0,1.4727,0.0,0.0,-1.0000,-3.0,-5.3,-1.0339,-5.7,2.0,0,0.0,0.0,0.0000,-1.49,-1.67,-1.72,-1.19,1,-0.5122,0.412,0.275,25.00,1,146.3,4.2,1.35588,7.6,-0.9,-0.5231,-0.00856,OK
2.3785,2.3728,5.7,0,144.9,4.5,1.3619,145.3,1.0,1.3943,0.0,0.0,-1.0000,1.2,-10.4,-0.8927,-9.9,-3.3,0,0.0,0.0,0.0000,-1.34,-1.54,-1.26,-1.36,1,-0.4767,0.265,0.255,25.00,1,144.9,4.5,1.35317,4.9,13.7,-0.4769,-0.00847,OK
2.3868,2.3728,13.9,0,144.9,4.5,1.3619,145.3,1.0,1.3943,0.0,0.0,-1.0000,1.2,-10.4,-0.9257,-9.9,-3.3,0,0.0,0.0,0.0000,-0.85,-1.13,-1.48,-0.82,1,-0.4511,0.157,0.324,25.00,1,144.8,4.5,1.35059,0.4,20.5,-0.4219,-0.00873,OK
2.3942,2.3728,21.3,0,144.9,4.5,1.3619,145.3,1.0,1.3943,0.0,0.0,-1.0000,1.2,-10.4,-0.9553,-9.9,-3.3,0,0.0,0.0,0.0000,-0.82,-1.75,-1.63,-1.15,1,-0.4511,0.157,0.324,24.00,1,144.6,4.5,1.34733,0.3,25.4,-0.4563,-0.00856,OK
2.4018,2.3728,29.0,0,144.9,4.5,1.3619,145.3,1.0,1.3943,0.0,0.0,-1.0000,1.2,-10.4,-0.9859,-9.9,-3.3,0,0.0,0.0,0.0000,-0.70,-1.57,-1.66,-1.41,1,-0.4511,0.127,0.392,25.00,1,144.4,4.6,1.34383,-5.2,22.0,-0.4572,-0.00839,OK
2.4100,2.3728,37.2,0,144.9,4.5,1.3619,145.3,1.0,1.3943,0.0,0.0,-1.0000,1.2,-10.4,-1.0187,-9.9,-3.3,0,0.0,0.0,0.0000,-1.17,-1.23,-1.47,-1.48,1,-0.4778,-0.039,0.294,25.00,1,144.3,4.5,1.33998,-2.6,9.6,-0.4801,-0.00826,OK
2.4189,2.3728,46.1,0,144.9,4.5,1.3619,145.3,1.0,1.3943,0.0,0.0,-1.0000,1.2,-10.4,-1.0544,-9.9,-3.3,0,0.0,0.0,0.0000,-1.34,-1.41,-1.91,-1.46,1,-0.5389,-0.137,0.137,25.00,1,144.2,4.6,1.33540,-2.8,13.6,-0.5420,-0.00812,OK
2.4261,2.3728,53.2,0,144.9,4.5,1.3619,145.3,1.0,1.3943,0.0,0.0,-1.0000,1.2,-10.4,-1.0830,-9.9,-3.3,0,0.0,0.0,0.0000,-1.26,-1.41,-1.99,-1.75,1,-0.6211,-0.167,0.118,25.00,1,144.1,4.5,1.33130,-7.3,11.3,-0.6053,-0.00821,OK
2.4341,2.3728,61.2,0,144.9,4.5,1.3619,145.3,1.0,1.3943,0.0,0.0,-1.0000,1.2,-10.4,-1.1150,-9.9,-3.3,0,0.0,0.0,0.0000,-1.34,-1.40,-2.10,-1.79,1,-0.6211,-0.167,0.118,25.00,1,144.0,4.5,1.32643,-7.9,10.5,-0.6127,-0.00821,OK
2.4423,2.3728,69.5,0,144.9,4.5,1.3619,145.3,1.0,1.3943,0.0,0.0,-1.0000,1.2,-10.4,-1.1479,-9.9,-3.3,0,0.0,0.0,0.0000,-1.82,-1.90,-2.08,-1.71,1,-0.7100,-0.216,0.118,25.00,1,143.9,4.5,1.32103,1.7,10.7,-0.6993,-0.00824,OK
2.4498,2.3728,77.0,0,144.9,4.5,1.3619,145.3,1.0,1.3943,0.0,0.0,-1.0000,1.2,-10.4,-1.1778,-9.9,-3.3,0,0.0,0.0,0.0000,-1.78,-1.99,-2.41,-1.60,1,-0.7978,-0.245,0.098,24.00,1,143.8,4.5,1.31558,0.8,15.8,-0.7625,-0.00858,OK
2.4580,2.3728,85.2,0,144.9,4.5,1.3619,145.3,1.0,1.3943,0.0,0.0,-1.0000,1.2,-10.4,-1.2107,-9.9,-3.3,0,0.0,0.0,0.0000,-2.15,-2.51,-2.59,-2.39,1,-0.8667,-0.108,0.235,26.00,1,143.7,4.6,1.30887,-0.9,11.2,-0.8689,-0.00843,OK
2.4665,2.3728,93.6,0,144.9,4.5,1.3619,145.3,1.0,1.3943,0.0,0.0,-1.0000,1.2,-10.4,-1.2445,-9.9,-3.3,0,0.0,0.0,0.0000,-2.57,-2.38,-2.95,-2.40,1,-0.8667,-0.108,0.235,25.00,1,143.6,4.6,1.30142,-0.9,8.8,-0.8868,-0.00805,OK
2.4741,2.3728,101.3,0,144.9,4.5,1.3619,145.3,1.0,1.3943,0.0,0.0,-1.0000,1.2,-10.4,-1.2752,-9.9,-3.3,0,0.0,0.0,0.0000,-2.44,-2.59,-2.67,-2.59,1,-0.9211,0.000,0.284,25.00,1,143.6,4.6,1.29446,-0.2,6.9,-0.9267,-0.00787,OK
2.4821,2.4806,1.5,0,143.0,4.0,1.2712,145.3,1.0,1.2866,0.0,0.0,-1.0000,6.7,-8.9,-0.9444,-6.5,-9.1,0,0.0,0.0,0.0000,-2.28,-2.64,-2.55,-3.01,1,-1.0000,-0.088,0.216,25.00,1,143.0,4.0,1.27772,-11.9,6.0,-1.0304,-0.00781,OK
2.4907,2.4885,2.2,0,142.7,4.1,1.2644,145.3,1.0,1.2786,0.0,0.0,-1.0000,7.6,-9.2,-0.9516,-6.5,-10.0,0,0.0,0.0,0.0000,-2.33,-2.73,-3.62,-2.87,1,-1.1022,-0.284,0.157,24.00,1,142.8,4.0,1.26793,1.2,36.6,-1.1034,-0.00788,OK
2.4980,2.4972,0.8,0,142.9,4.5,1.2505,145.3,1.0,1.2700,0.0,0.0,-1.0000,7.0,-10.4,-0.9250,-7.7,-10.0,0,0.0,0.0,0.0000,-2.59,-2.95,-3.02,-2.90,1,-1.2011,-0.353,0.157,25.00,1,142.9,4.4,1.25625,52.1,1.4,-1.2056,-0.00828,OK
2.5069,2.5055,1.4,0,143.0,4.4,1.2410,145.3,1.0,1.2617,0.0,0.0,-1.0000,6.8,-10.4,-0.9229,-7.6,-9.8,0,0.0,0.0,0.0000,-3.30,-3.35,-3.29,-3.27,1,-1.2011,-0.353,0.157,25.00,1,143.0,4.5,1.24526,9.0,-11.3,-1.2319,-0.00810,OK
2.5138,2.5137,0.1,0,142.9,4.4,1.2392,145.3,1.0,1.2535,0.0,0.0,-1.0000,7.1,-10.4,-0.9431,-7.5,-10.1,0,0.0,0.0,0.0000,-2.98,-3.36,-3.44,-3.50,1,-1.2756,0.098,-0.020,25.00,1,142.9,4.5,1.23566,-6.1,4.5,-1.2252,-0.00823,OK
2.5220,2.5137,8.3,0,142.9,4.4,1.2392,145.3,1.0,1.2535,0.0,0.0,-1.0000,7.1,-10.4,-0.9760,-7.5,-10.1,0,0.0,0.0,0.0000,-3.55,-3.42,-3.62,-3.44,1,-1.3200,0.353,0.069,25.00,1,142.9,4.5,1.23501,8.9,0.1,-1.3112,-0.00824,OK
2.5304,2.5228,7.6,0,143.0,4.1,1.2238,145.3,1.0,1.2444,0.0,0.0,-1.0000,7.0,-9.4,-0.9480,-6.5,-9.7,0,0.0,0.0,0.0000,-3.39,-3.64,-3.36,-3.70,1,-1.3456,-0.108,0.118,25.00,1,143.0,4.2,1.22343,-9.5,-7.5,-1.3328,-0.00830,OK
2.5379,2.5228,15.1,0,143.0,4.1,1.2238,145.3,1.0,1.2444,0.0,0.0,-1.0000,7.0,-9.4,-0.9782,-6.5,-9.7,0,0.0,0.0,0.0000,-3.50,-3.68,-3.31,-3.49,1,-1.3456,-0.108,0.118,25.00,1,143.0,4.1,1.21393,-4.9,-6.5,-1.3307,-0.00839,OK
2.5465,2.5228,23.7,0,143.0,4.1,1.2238,145.3,1.0,1.2444,0.0,0.0,-1.0000,7.0,-9.4,-1.0125,-6.5,-9.7,0,0.0,0.0,0.0000,-3.32,-3.65,-3.61,-3.49,1,-1.3200,-0.618,0.108,24.00,1,143.0,4.1,1.20260,-8.6,-0.8,-1.3116,-0.00839,OK
2.5542,2.5228,31.3,0,143.0,4.1,1.2238,145.3,1.0,1.2444,0.0,0.0,-1.0000,7.0,-9.4,-1.0430,-6.5,-9.7,0,0.0,0.0,0.0000,-3.14,-3.65,-3.56,-3.40,1,-1.2400,-0.088,0.157,25.00,1,143.0,4.0,1.19285,-8.6,2.3,-1.2433,-0.00824,OK
2.5625,2.5228,39.7,0,143.0,4.1,1.2238,145.3,1.0,1.2444,0.0,0.0,-1.0000,7.0,-9.4,-1.0765,-6.5,-9.7,0,0.0,0.0,0.0000,-5.09,-3.04,-2.95,-2.53,1,-1.1311,0.520,0.324,25.00,1,143.0,4.0,1.18287,13.2,-14.6,-1.1426,-0.00799,OK
2.5703,2.5228,47.5,0,143.0,4.1,1.2238,145.3,1.0,1.2444,0.0,0.0,-1.0000,7.0,-9.4,-1.1075,-6.5,-9.7,0,0.0,0.0,0.0000,-2.65,-3.02,-3.30,-2.70,1,-1.0433,0.029,0.324,25.00,1,143.1,4.0,1.17439,-8.2,6.1,-1.0474,-0.00785,OK
2.5784,2.5747,3.7,0,142.1,4.1,1.1940,145.3,1.0,1.1925,0.0,0.0,-1.0000,9.4,-9.4,-1.0207,-5.3,-12.2,0,0.0,0.0,0.0000,-2.80,-3.10,-2.79,-2.48,1,-1.0433,0.029,0.324,25.00,1,142.2,4.1,1.16576,-4.2,20.7,-0.9825,-0.00806,OK
2.5857,2.5747,11.0,0,142.1,4.1,1.1940,145.3,1.0,1.1925,0.0,0.0,-1.0000,9.4,-9.4,-1.0501,-5.3,-12.2,0,0.0,0.0,0.0000,-2.71,-2.88,-2.95,-2.73,1,-0.9678,-0.441,0.284,25.00,1,142.1,4.1,1.16278,-9.3,16.6,-0.9833,-0.00778,OK
2.5943,2.5747,19.6,0,142.1,4.1,1.1940,145.3,1.0,1.1925,0.0,0.0,-1.0000,9.4,-9.4,-1.0845,-5.3,-12.2,0,0.0,0.0,0.0000,-2.24,-2.81,-2.44,-2.30,1,-0.9022,0.010,0.255,25.00,1,141.9,4.1,1.15470,-5.6,18.2,-0.8981,-0.00775,OK
2.6022,2.5747,27.5,0,142.1,4.1,1.1940,145.3,1.0,1.1925,0.0,0.0,-1.0000,9.4,-9.4,-1.1159,-5.3,-12.2,0,0.0,0.0,0.0000,-2.23,-2.26,-2.55,-2.38,1,-0.8444,0.392,0.275,25.00,1,141.8,4.1,1.14785,-11.0,12.5,-0.8488,-0.00761,OK
2.6108,2.5747,36.1,0,142.1,4.1,1.1940,145.3,1.0,1.1925,0.0,0.0,-1.0000,9.4,-9.4,-1.1503,-5.3,-12.2,0,0.0,0.0,0.0000,-2.03,-2.09,-2.32,-2.54,1,-0.8444,0.392,0.275,24.00,1,141.7,4.1,1.14059,-13.4,7.7,-0.8378,-0.00760,OK
2.6185,2.5747,43.7,0,142.1,4.1,1.1940,145.3,1.0,1.1925,0.0,0.0,-1.0000,9.4,-9.4,-1.1811,-5.3,-12.2,0,0.0,0.0,0.0000,-2.19,-2.14,-2.65,-2.51,1,-0.8200,0.108,0.226,24.00,1,141.6,4.0,1.13415,-13.2,10.1,-0.8337,-0.00737,OK
2.6263,2.5747,51.6,0,142.1,4.1,1.1940,145.3,1.0,1.1925,0.0,0.0,-1.0000,9.4,-9.4,-1.2125,-5.3,-12.2,0,0.0,0.0,0.0000,-2.08,-2.40,-2.07,-2.31,1,-0.8167,-0.177,0.127,25.00,1,141.5,4.0,1.12767,-5.2,8.7,-0.8144,-0.00731,OK
2.6345,2.6305,4.0,0,142.3,4.6,1.1315,145.3,1.0,1.1366,0.0,0.0,-1.0000,8.9,-10.8,-0.9953,-5.9,-12.6,0,0.0,0.0,0.0000,-1.84,-2.23,-2.23,-2.33,1,-0.8200,-0.186,0.226,25.00,1,142.3,4.6,1.12056,9.9,-1.6,-0.7856,-0.00749,OK
2.6421,2.6379,4.2,0,142.2,4.4,1.1184,145.3,1.0,1.1293,0.0,0.0,-1.0000,9.2,-10.1,-0.9735,-5.1,-12.7,0,0.0,0.0,0.0000,-2.62,-2.25,-2.08,-2.36,1,-0.8200,-0.186,0.226,25.00,1,142.3,4.4,1.11510,-12.8,-7.5,-0.8258,-0.00732,OK
2.6508,2.6465,4.3,0,141.9,4.5,1.1123,145.3,1.0,1.1207,0.0,0.0,-1.0000,10.0,-10.5,-0.9839,-5.0,-13.6,0,0.0,0.0,0.0000,-1.55,-1.93,-2.48,-2.60,1,-0.8567,0.020,0.206,25.00,1,142.0,4.4,1.10867,-13.0,22.4,-0.8239,-0.00755,OK
2.6580,2.6554,2.6,0,141.8,4.5,1.1035,145.3,1.0,1.1118,0.0,0.0,-1.0000,10.5,-10.6,-0.9773,-4.7,-14.1,0,0.0,0.0,0.0000,-2.00,-2.30,-2.30,-2.50,1,-0.9100,0.147,0.039,25.00,1,141.8,4.5,1.10120,-1.9,23.5,-0.8762,-0.00775,OK
2.6664,2.6618,4.6,0,141.6,4.5,1.0915,145.3,1.0,1.1054,0.0,0.0,-1.0000,11.1,-10.6,-0.9629,-4.3,-14.7,0,0.0,0.0,0.0000,-1.89,-2.63,-2.41,-2.93,1,-0.9622,0.108,-0.069,24.00,1,141.6,4.5,1.09464,-11.1,23.1,-0.9460,-0.00787,OK
2.6740,2.6618,12.2,0,141.6,4.5,1.0915,145.3,1.0,1.1054,0.0,0.0,-1.0000,11.1,-10.6,-0.9933,-4.3,-14.7,0,0.0,0.0,0.0000,-2.56,-2.33,-2.92,-2.95,1,-0.9889,0.010,-0.127,25.00,1,141.5,4.5,1.09052,-9.4,14.7,-0.9876,-0.00780,OK
2.6826,2.6815,1.1,0,141.6,3.7,1.0697,145.3,1.0,1.0857,0.0,0.0,-1.0000,11.1,-8.3,-0.9408,-1.9,-13.7,0,0.0,0.0,0.0000,-2.33,-2.30,-2.97,-2.79,1,-0.9889,0.010,-0.127,25.00,1,141.5,3.8,1.07442,-45.3,-25.2,-1.0066,-0.00780,OK
2.6904,2.6815,8.9,0,141.6,3.7,1.0697,145.3,1.0,1.0857,0.0,0.0,-1.0000,11.1,-8.3,-0.9717,-1.9,-13.7,0,0.0,0.0,0.0000,-2.55,-2.67,-2.99,-2.85,1,-0.9900,-0.363,0.088,26.00,1,141.5,3.8,1.07359,-25.0,-4.8,-0.9947,-0.00767,OK
2.6989,2.6912,7.7,0,141.6,3.9,1.0639,145.3,1.0,1.0760,0.0,0.0,-1.0000,11.0,-8.9,-0.9821,-2.4,-13.9,0,0.0,0.0,0.0000,-2.62,-2.70,-2.77,-2.89,1,-0.9900,-0.314,0.108,25.00,1,141.6,3.9,1.06472,-4.9,-4.2,-0.9937,-0.00754,OK
2.7066,2.7004,6.2,0,141.6,3.9,1.0562,145.3,1.0,1.0668,0.0,0.0,-1.0000,11.2,-8.9,-0.9828,-2.2,-14.1,0,0.0,0.0,0.0000,-2.54,-2.98,-2.84,-3.17,1,-1.0033,-0.010,0.206,24.00,1,141.6,3.9,1.05550,-1.1,2.3,-1.0169,-0.00732,OK
2.7140,2.7078,6.2,0,141.5,4.0,1.0485,145.3,1.0,1.0594,0.0,0.0,-1.0000,11.2,-9.0,-0.9811,-2.2,-14.2,0,0.0,0.0,0.0000,-2.44,-2.13,-2.78,-2.82,1,-0.9956,0.088,0.029,24.00,1,141.5,4.0,1.04825,-1.2,-0.5,-0.9770,-0.00744,OK
2.7224,2.7178,4.6,0,141.4,4.1,1.0408,145.3,1.0,1.0493,0.0,0.0,-1.0000,11.6,-9.4,-0.9840,-2.3,-14.8,0,0.0,0.0,0.0000,-1.88,-2.26,-2.89,-2.63,1,-0.9956,0.088,0.029,25.00,1,141.4,4.1,1.03885,2.4,18.4,-0.9551,-0.00776,OK
2.7299,2.7254,4.5,0,141.3,4.0,1.0356,145.3,1.0,1.0418,0.0,0.0,-1.0000,11.8,-8.9,-0.9930,-1.6,-14.7,0,0.0,0.0,0.0000,-1.91,-2.33,-3.17,-2.93,1,-0.9500,-0.118,0.029,25.00,1,141.3,4.0,1.03221,-15.4,6.3,-0.9395,-0.00775,OK
2.7377,2.7346,3.2,0,141.1,3.9,1.0264,145.3,1.0,1.0326,0.0,0.0,-1.0000,12.7,-8.6,-0.9878,-0.8,-15.3,0,0.0,0.0,0.0000,-1.94,-2.51,-3.01,-2.57,1,-0.8989,-0.157,0.206,25.00,1,141.1,3.9,1.02421,-23.0,15.5,-0.8931,-0.00767,OK
2.7459,2.7417,4.2,0,140.9,3.8,1.0183,145.3,1.0,1.0255,0.0,0.0,-1.0000,13.2,-8.4,-0.9879,-0.2,-15.7,0,0.0,0.0,0.0000,-2.94,-2.38,-2.40,-2.70,1,-0.8756,-0.157,0.255,25.00,1,140.9,3.8,1.01786,-15.7,7.8,-0.9011,-0.00734,OK
2.7538,2.7522,1.6,0,141.0,3.5,1.0059,145.3,1.0,1.0150,0.0,0.0,-1.0000,12.9,-7.4,-0.9699,0.6,-14.9,0,0.0,0.0,0.0000,-2.35,-2.19,-2.41,-2.49,1,-0.8756,-0.157,0.255,25.00,1,140.9,3.5,1.00831,-27.4,-21.7,-0.8879,-0.00728,OK
2.7619,2.7593,2.5,0,140.9,3.9,1.0028,145.3,1.0,1.0078,0.0,0.0,-1.0000,13.2,-8.8,-0.9898,-0.3,-15.9,0,0.0,0.0,0.0000,-2.67,-3.03,-2.29,-2.29,1,-0.8811,-0.069,0.226,25.00,1,140.9,3.8,1.00196,33.9,31.5,-0.8933,-0.00706,OK
2.7705,2.7672,3.2,0,140.8,4.4,0.9959,145.3,1.0,0.9999,0.0,0.0,-1.0000,13.4,-10.2,-0.9967,-1.3,-16.8,0,0.0,0.0,0.0000,-2.24,-2.27,-2.74,-1.99,1,-0.8844,0.078,0.363,25.00,1,140.8,4.3,0.99523,41.2,39.4,-0.8654,-0.00716,OK
2.7779,2.7672,10.7,0,140.8,4.4,0.9959,145.3,1.0,0.9999,0.0,0.0,-1.0000,13.4,-10.2,-1.0265,-1.3,-16.8,0,0.0,0.0,0.0000,-2.19,-2.27,-1.99,-2.07,1,-0.8522,0.059,0.255,25.00,1,140.8,4.4,0.99305,22.7,17.9,-0.8310,-0.00729,OK
2.7867,2.7840,2.7,0,141.3,4.2,0.9772,145.3,1.0,0.9832,0.0,0.0,-1.0000,12.1,-9.8,-0.9867,-1.3,-15.4,0,0.0,0.0,0.0000,-2.97,-2.26,-2.02,-2.25,1,-0.8522,0.059,0.255,24.00,1,141.2,4.3,0.98053,12.2,-31.0,-0.8744,-0.00713,OK
2.7944,2.7933,1.1,0,141.0,4.0,0.9689,145.3,1.0,0.9739,0.0,0.0,-1.0000,12.9,-9.1,-0.9845,-0.2,-15.7,0,0.0,0.0,0.0000,-2.20,-1.90,-2.21,-2.19,1,-0.8033,-0.127,0.284,24.00,1,141.0,4.0,0.97259,-38.0,1.5,-0.8244,-0.00711,OK
2.8024,2.8013,1.1,0,141.0,4.0,0.9612,145.3,1.0,0.9659,0.0,0.0,-1.0000,12.9,-9.1,-0.9858,-0.0,-15.8,0,0.0,0.0,0.0000,-2.01,-2.13,-1.93,-2.19,1,-0.7678,-0.078,0.255,25.00,1,141.0,4.0,0.96583,-11.1,3.5,-0.8006,-0.00704,OK
2.8108,2.8094,1.4,0,141.5,4.2,0.9555,145.3,1.0,0.9577,0.0,0.0,-1.0000,11.2,-9.6,-0.9968,-1.3,-14.7,0,0.0,0.0,0.0000,-2.44,-2.20,-1.19,-1.86,1,-0.7600,-0.137,0.245,26.00,1,141.4,4.1,0.95925,49.6,-34.6,-0.7733,-0.00707,OK
2.8187,2.8094,9.3,0,141.5,4.2,0.9555,145.3,1.0,0.9577,0.0,0.0,-1.0000,11.2,-9.6,-1.0283,-1.3,-14.7,0,0.0,0.0,0.0000,-2.22,-1.87,-2.08,-2.13,1,-0.7833,-0.039,0.137,25.00,1,141.4,4.1,0.95825,8.5,-13.5,-0.7771,-0.00706,OK
2.8259,2.8094,16.5,0,141.5,4.2,0.9555,145.3,1.0,0.9577,0.0,0.0,-1.0000,11.2,-9.6,-1.0572,-1.3,-14.7,0,0.0,0.0,0.0000,-1.48,-1.79,-2.26,-2.31,1,-0.7833,-0.039,0.137,25.00,1,141.5,4.1,0.95269,-3.0,-5.9,-0.7599,-0.00721,OK
2.8345,2.8282,6.3,0,141.5,4.3,0.9451,145.3,1.0,0.9390,0.0,0.0,-1.0000,11.3,-10.0,-1.0497,-1.5,-15.0,0,0.0,0.0,0.0000,-2.23,-2.09,-2.20,-2.42,1,-0.7967,0.118,0.049,26.00,1,141.5,4.3,0.94468,12.3,-2.8,-0.8042,-0.00708,OK
2.8419,2.8282,13.7,0,141.5,4.3,0.9451,145.3,1.0,0.9390,0.0,0.0,-1.0000,11.3,-10.0,-1.0794,-1.5,-15.0,0,0.0,0.0,0.0000,-2.35,-1.99,-2.10,-2.48,1,-0.7911,0.049,0.069,25.00,1,141.6,4.3,0.94011,11.4,-7.2,-0.8015,-0.00692,OK
2.8498,2.8282,21.6,0,141.5,4.3,0.9451,145.3,1.0,0.9390,0.0,0.0,-1.0000,11.3,-10.0,-1.1110,-1.5,-15.0,0,0.0,0.0,0.0000,-1.90,-2.16,-2.08,-2.00,1,-0.7667,-0.010,0.098,25.00,1,141.7,4.4,0.93395,12.4,3.3,-0.7584,-0.00694,OK
2.8588,2.8282,30.5,0,141.5,4.3,0.9451,145.3,1.0,0.9390,0.0,0.0,-1.0000,11.3,-10.0,-1.1468,-1.5,-15.0,0,0.0,0.0,0.0000,-1.89,-1.62,-1.86,-2.08,1,-0.7700,-0.029,0.314,25.00,1,141.7,4.5,0.92724,7.8,-6.2,-0.7426,-0.00712,OK
2.8660,2.8282,37.8,0,141.5,4.3,0.9451,145.3,1.0,0.9390,0.0,0.0,-1.0000,11.3,-10.0,-1.1758,-1.5,-15.0,0,0.0,0.0,0.0000,-2.35,-2.08,-2.14,-2.27,1,-0.7700,-0.029,0.314,25.00,1,141.8,4.5,0.92169,11.1,-3.8,-0.7835,-0.00694,OK
2.8745,2.8282,46.3,0,141.5,4.3,0.9451,145.3,1.0,0.9390,0.0,0.0,-1.0000,11.3,-10.0,-1.2099,-1.5,-15.0,0,0.0,0.0,0.0000,-1.91,-2.17,-2.21,-2.45,1,-0.8167,0.020,0.235,25.00,1,141.8,4.5,0.91491,4.7,0.1,-0.8108,-0.00692,OK
2.8829,2.8282,54.7,0,141.5,4.3,0.9451,145.3,1.0,0.9390,0.0,0.0,-1.0000,11.3,-10.0,-1.2433,-1.5,-15.0,0,0.0,0.0,0.0000,-2.52,-2.02,-2.23,-2.35,1,-0.8800,-0.147,0.294,25.00,1,141.9,4.6,0.90788,9.3,-7.4,-0.8680,-0.00697,OK
2.8909,2.8837,7.2,0,141.1,4.6,0.9167,145.3,1.0,0.8835,0.0,0.0,-1.0000,12.6,-10.9,-1.1618,-1.0,-16.6,0,0.0,0.0,0.0000,-2.26,-2.31,-2.40,-2.93,1,-0.9300,-0.029,0.049,25.00,1,141.1,4.6,0.90332,-7.2,7.8,-0.9217,-0.00711,OK
2.8984,2.8837,14.7,0,141.1,4.6,0.9167,145.3,1.0,0.8835,0.0,0.0,-1.0000,12.6,-10.9,-1.1918,-1.0,-16.6,0,0.0,0.0,0.0000,-2.39,-2.60,-2.38,-2.78,1,-0.9300,-0.029,0.049,24.00,1,141.0,4.6,0.89710,-2.0,9.7,-0.9300,-0.00705,OK
2.9060,2.8837,22.3,0,141.1,4.6,0.9167,145.3,1.0,0.8835,0.0,0.0,-1.0000,12.6,-10.9,-1.2220,-1.0,-16.6,0,0.0,0.0,0.0000,-2.24,-2.21,-2.34,-2.61,1,-0.9411,-0.049,0.177,25.00,1,141.0,4.6,0.89013,-4.8,6.8,-0.9180,-0.00719,OK
2.9146,2.8837,30.9,0,141.1,4.6,0.9167,145.3,1.0,0.8835,0.0,0.0,-1.0000,12.6,-10.9,-1.2564,-1.0,-16.6,0,0.0,0.0,0.0000,-2.44,-1.71,-2.55,-2.75,1,-0.9511,-0.029,0.275,25.00,1,140.9,4.6,0.88219,-10.4,-1.6,-0.9278,-0.00733,OK
2.9218,2.8837,38.1,0,141.1,4.6,0.9167,145.3,1.0,0.8835,0.0,0.0,-1.0000,12.6,-10.9,-1.2853,-1.0,-16.6,0,0.0,0.0,0.0000,-2.65,-2.35,-2.93,-2.88,1,-1.0033,-0.078,0.147,25.00,1,140.9,4.6,0.87523,-6.9,6.1,-0.9994,-0.00730,OK
2.9305,2.8837,46.8,0,141.1,4.6,0.9167,145.3,1.0,0.8835,0.0,0.0,-1.0000,12.6,-10.9,-1.3203,-1.0,-16.6,0,0.0,0.0,0.0000,-2.79,-2.62,-2.96,-3.17,1,-1.0878,-0.137,0.206,25.00,1,140.8,4.6,0.86613,-6.2,3.9,-1.0802,-0.00730,OK
2.9386,2.8837,54.9,0,141.1,4.6,0.9167,145.3,1.0,0.8835,0.0,0.0,-1.0000,12.6,-10.9,-1.3524,-1.0,-16.6,0,0.0,0.0,0.0000,-3.24,-2.87,-3.06,-3.33,1,-1.0878,-0.137,0.206,25.00,1,140.8,4.5,0.85735,-2.2,1.8,-1.1045,-0.00709,OK
2.9465,2.8837,62.8,0,141.1,4.6,0.9167,145.3,1.0,0.8835,0.0,0.0,-1.0000,12.6,-10.9,-1.3841,-1.0,-16.6,0,0.0,0.0,0.0000,-3.01,-2.68,-2.89,-3.13,1,-1.1522,-0.020,0.020,25.00,1,140.7,4.5,0.84849,-2.6,-0.3,-1.1326,-0.00720,OK
2.9538,2.8837,70.0,0,141.1,4.6,0.9167,145.3,1.0,0.8835,0.0,0.0,-1.0000,12.6,-10.9,-1.4131,-1.0,-16.6,0,0.0,0.0,0.0000,-2.85,-2.50,-3.15,-3.41,1,-1.1656,0.049,0.255,25.00,1,140.7,4.5,0.84023,-10.6,-1.3,-1.1473,-0.00729,OK
2.9623,2.8837,78.6,0,141.1,4.6,0.9167,145.3,1.0,0.8835,0.0,0.0,-1.0000,12.6,-10.9,-1.4473,-1.0,-16.6,0,0.0,0.0,0.0000,-3.47,-2.70,-3.30,-3.54,1,-1.1844,-0.088,0.392,25.00,1,140.7,4.4,0.83024,-5.5,-5.0,-1.1886,-0.00719,OK
2.9699,2.8837,86.2,0,141.1,4.6,0.9167,145.3,1.0,0.8835,0.0,0.0,-1.0000,12.6,-10.9,-1.4777,-1.0,-16.6,0,0.0,0.0,0.0000,-3.59,-2.97,-3.10,-3.24,1,-1.1844,-0.088,0.392,26.00,1,140.7,4.4,0.82122,2.5,-2.8,-1.1860,-0.00712,OK
2.9784,2.8837,94.7,0,141.1,4.6,0.9167,145.3,1.0,0.8835,0.0,0.0,-1.0000,12.6,-10.9,-1.5116,-1.0,-16.6,0,0.0,0.0,0.0000,-3.12,-3.41,-3.12,-3.55,1,-1.2333,-0.216,0.226,25.00,1,140.7,4.4,0.81100,-1.0,2.9,-1.2272,-0.00711,OK
2.9860,2.8837,102.3,0,141.1,4.6,0.9167,145.3,1.0,0.8835,0.0,0.0,-1.0000,12.6,-10.9,-1.5420,-1.0,-16.6,0,0.0,0.0,0.0000,-3.21,-3.05,-3.33,-3.80,1,-1.2844,-0.137,0.059,25.00,1,140.7,4.4,0.80148,-7.3,-3.1,-1.2718,-0.00715,OK
2.9943,2.9906,3.7,0,139.8,4.3,0.8036,145.3,1.0,0.7766,0.0,0.0,-1.0000,16.5,-10.0,-1.1228,4.2,-18.8,0,0.0,0.0,0.0000,-3.54,-3.60,-2.86,-3.78,1,-1.3156,0.147,0.343,24.00,1,139.8,4.3,0.79027,-1.5,0.4,-1.2639,-0.00743,OK
3.0020,2.9906,11.4,0,139.8,4.3,0.8036,145.3,1.0,0.7766,0.0,0.0,-1.0000,16.5,-10.0,-1.1535,4.2,-18.8,0,0.0,0.0,0.0000,-4.04,-3.14,-3.48,-3.87,1,-1.3156,0.147,0.343,24.00,1,139.8,4.3,0.78582,-6.7,-3.4,-1.3212,-0.00732,OK
3.0107,2.9906,20.1,0,139.8,4.3,0.8036,145.3,1.0,0.7766,0.0,0.0,-1.0000,16.5,-10.0,-1.1883,4.2,-18.8,0,0.0,0.0,0.0000,-3.86,-3.34,-3.50,-3.98,1,-1.3667,0.284,0.451,25.00,1,139.8,4.3,0.77414,-7.0,-2.0,-1.3641,-0.00728,OK
3.0184,2.9906,27.8,0,139.8,4.3,0.8036,145.3,1.0,0.7766,0.0,0.0,-1.0000,16.5,-10.0,-1.2192,4.2,-18.8,0,0.0,0.0,0.0000,-3.85,-3.42,-3.91,-4.28,1,-1.4489,-0.078,0.020,25.00,1,139.7,4.2,0.76327,-12.1,-1.0,-1.4431,-0.00726,OK
3.0262,2.9906,35.6,0,139.8,4.3,0.8036,145.3,1.0,0.7766,0.0,0.0,-1.0000,16.5,-10.0,-1.2503,4.2,-18.8,0,0.0,0.0,0.0000,-3.89,-3.34,-4.05,-4.39,1,-1.5233,-0.167,0.118,25.00,1,139.7,4.1,0.75179,-14.5,-3.8,-1.5061,-0.00734,OK
3.0338,2.9906,43.2,0,139.8,4.3,0.8036,145.3,1.0,0.7766,0.0,0.0,-1.0000,16.5,-10.0,-1.2807,4.2,-18.8,0,0.0,0.0,0.0000,-3.87,-3.63,-3.99,-4.46,1,-1.5544,0.098,0.392,24.00,1,139.6,4.0,0.74023,-11.9,-2.2,-1.5362,-0.00743,OK
3.0423,2.9906,51.6,0,139.8,4.3,0.8036,145.3,1.0,0.7766,0.0,0.0,-1.0000,16.5,-10.0,-1.3146,4.2,-18.8,0,0.0,0.0,0.0000,-3.89,-3.69,-4.46,-4.71,1,-1.5544,0.098,0.392,24.00,1,139.5,3.9,0.72717,-16.8,0.9,-1.5508,-0.00740,OK
3.0498,2.9906,59.2,0,139.8,4.3,0.8036,145.3,1.0,0.7766,0.0,0.0,-1.0000,16.5,-10.0,-1.3449,4.2,-18.8,0,0.0,0.0,0.0000,-4.25,-3.44,-4.31,-4.92,1,-1.5700,0.118,0.167,25.00,1,139.4,3.8,0.71533,-16.3,-10.0,-1.5687,-0.00735,OK
3.0584,2.9906,67.8,0,139.8,4.3,0.8036,145.3,1.0,0.7766,0.0,0.0,-1.0000,16.5,-10.0,-1.3793,4.2,-18.8,0,0.0,0.0,0.0000,-4.10,-3.70,-4.10,-4.57,1,-1.5544,-0.118,-0.049,26.00,1,139.4,3.7,0.70196,-10.1,-5.0,-1.5471,-0.00735,OK
3.0660,2.9906,75.4,0,139.8,4.3,0.8036,145.3,1.0,0.7766,0.0,0.0,-1.0000,16.5,-10.0,-1.4097,4.2,-18.8,0,0.0,0.0,0.0000,-3.99,-3.46,-4.16,-4.34,1,-1.4978,-0.226,0.226,25.00,1,139.4,3.6,0.69041,-11.3,-4.0,-1.4915,-0.00734,OK
3.0743,2.9906,83.6,0,139.8,4.3,0.8036,145.3,1.0,0.7766,0.0,0.0,-1.0000,16.5,-10.0,-1.4426,4.2,-18.8,0,0.0,0.0,0.0000,-4.16,-3.50,-3.99,-4.32,1,-1.4978,-0.226,0.226,25.00,1,139.3,3.5,0.67814,-7.6,-7.2,-1.4925,-0.00733,OK
3.0819,2.9906,91.3,0,139.8,4.3,0.8036,145.3,1.0,0.7766,0.0,0.0,-1.0000,16.5,-10.0,-1.4731,4.2,-18.8,0,0.0,0.0,0.0000,-3.77,-3.39,-3.60,-4.33,1,-1.4456,-0.147,0.294,24.00,1,139.3,3.5,0.66699,-8.7,-8.9,-1.4346,-0.00736,OK
3.0905,2.9906,99.9,0,139.8,4.3,0.8036,145.3,1.0,0.7766,0.0,0.0,-1.0000,16.5,-10.0,-1.5074,4.2,-18.8,0,0.0,0.0,0.0000,-3.79,-3.49,-3.53,-4.04,1,-1.4011,0.020,0.088,24.00,1,139.3,3.4,0.65484,-4.1,-5.9,-1.3944,-0.00735,OK
3.0978,3.0925,5.3,0,139.9,2.9,0.6698,145.3,1.0,0.6747,0.0,0.0,-1.0000,16.0,-5.8,-1.0016,8.9,-14.5,0,0.0,0.0,0.0000,-3.67,-3.34,-3.42,-3.91,1,-1.3356,0.010,0.412,25.00,1,139.9,2.9,0.64836,-2.0,-12.7,-1.3139,-0.00768,OK
3.1066,3.0925,14.1,0,139.9,2.9,0.6698,145.3,1.0,0.6747,0.0,0.0,-1.0000,16.0,-5.8,-1.0369,8.9,-14.5,0,0.0,0.0,0.0000,-3.59,-3.06,-3.29,-4.25,1,-1.2644,-0.059,0.324,25.00,1,140.0,2.8,0.64046,-6.7,-17.7,-1.2772,-0.00753,OK
3.1138,3.0925,21.3,0,139.9,2.9,0.6698,145.3,1.0,0.6747,0.0,0.0,-1.0000,16.0,-5.8,-1.0656,8.9,-14.5,0,0.0,0.0,0.0000,-3.49,-2.87,-3.23,-3.95,1,-1.2644,-0.059,0.324,24.00,1,140.0,2.7,0.63136,-6.5,-17.6,-1.2625,-0.00749,OK
3.1225,3.0925,30.0,0,139.9,2.9,0.6698,145.3,1.0,0.6747,0.0,0.0,-1.0000,16.0,-5.8,-1.1003,8.9,-14.5,0,0.0,0.0,0.0000,-3.54,-2.50,-3.06,-3.60,1,-1.2144,-0.157,0.088,24.00,1,140.1,2.5,0.62065,-5.0,-20.8,-1.2056,-0.00750,OK
3.1300,3.0925,37.5,0,139.9,2.9,0.6698,145.3,1.0,0.6747,0.0,0.0,-1.0000,16.0,-5.8,-1.1305,8.9,-14.5,0,0.0,0.0,0.0000,-3.63,-2.46,-2.80,-3.54,1,-1.1767,-0.127,-0.147,24.00,1,140.2,2.4,0.61166,-1.8,-23.6,-1.1725,-0.00747,OK
3.1385,3.0925,46.0,0,139.9,2.9,0.6698,145.3,1.0,0.6747,0.0,0.0,-1.0000,16.0,-5.8,-1.1644,8.9,-14.5,0,0.0,0.0,0.0000,-3.01,-2.49,-2.50,-3.33,1,-1.1233,-0.108,0.226,25.00,1,140.2,2.2,0.60202,-2.3,-18.4,-1.1040,-0.00756,OK
3.1463,3.0925,53.8,0,139.9,2.9,0.6698,145.3,1.0,0.6747,0.0,0.0,-1.0000,16.0,-5.8,-1.1954,8.9,-14.5,0,0.0,0.0,0.0000,-3.18,-2.56,-2.84,-3.24,1,-1.1233,-0.108,0.226,25.00,1,140.3,2.1,0.59342,-2.3,-14.1,-1.1152,-0.00757,OK
3.1546,3.0925,62.1,0,139.9,2.9,0.6698,145.3,1.0,0.6747,0.0,0.0,-1.0000,16.0,-5.8,-1.2287,8.9,-14.5,0,0.0,0.0,0.0000,-3.09,-2.49,-2.58,-3.35,1,-1.0644,-0.020,0.255,25.00,1,140.3,2.0,0.58435,-2.4,-17.0,-1.0666,-0.00750,OK
3.1623,3.0925,69.8,0,139.9,2.9,0.6698,145.3,1.0,0.6747,0.0,0.0,-1.0000,16.0,-5.8,-1.2594,8.9,-14.5,0,0.0,0.0,0.0000,-2.62,-1.97,-2.46,-3.23,1,-1.0256,-0.157,0.088,24.00,1,140.4,1.9,0.57640,-9.4,-18.7,-1.0054,-0.00759,OK
3.1708,3.0925,78.3,0,139.9,2.9,0.6698,145.3,1.0,0.6747,0.0,0.0,-1.0000,16.0,-5.8,-1.2935,8.9,-14.5,0,0.0,0.0,0.0000,-2.69,-1.95,-2.15,-3.01,1,-0.9889,-0.098,-0.088,26.00,1,140.4,1.7,0.56800,-4.2,-20.7,-0.9669,-0.00770,OK
3.1785,3.0925,86.0,0,139.9,2.9,0.6698,145.3,1.0,0.6747,0.0,0.0,-1.0000,16.0,-5.8,-1.3243,8.9,-14.5,0,0.0,0.0,0.0000,-2.58,-2.01,-2.36,-2.63,1,-0.9456,0.020,-0.078,25.00,1,140.5,1.6,0.56071,-2.9,-12.2,-0.9269,-0.00778,OK
3.1864,3.0925,93.9,0,139.9,2.9,0.6698,145.3,1.0,0.6747,0.0,0.0,-1.0000,16.0,-5.8,-1.3561,8.9,-14.5,0,0.0,0.0,0.0000,-2.74,-2.16,-2.08,-2.95,1,-0.9456,0.020,-0.078,25.00,1,140.5,1.5,0.55329,-0.5,-17.9,-0.9399,-0.00776,OK
3.1950,3.1947,0.3,0,139.5,2.8,0.5299,145.3,1.0,0.5725,0.0,0.0,-1.0000,17.3,-5.3,-0.8310,12.2,-13.4,0,0.0,0.0,0.0000,-2.75,-1.85,-2.14,-3.16,1,-0.9067,-0.137,0.206,24.00,1,139.5,2.8,0.53567,-6.3,0.8,-0.9573,-0.00753,OK
3.2026,3.2015,1.1,0,139.6,2.4,0.5194,145.3,1.0,0.5657,0.0,0.0,-1.0000,17.1,-4.1,-0.8195,12.8,-12.1,0,0.0,0.0,0.0000,-2.85,-1.98,-2.34,-2.51,1,-0.8967,-0.314,0.088,24.00,1,139.6,2.4,0.52707,-19.5,-45.3,-0.9600,-0.00742,OK
3.2103,3.2080,2.2,0,139.3,2.4,0.5154,145.3,1.0,0.5591,0.0,0.0,-1.0000,18.0,-4.3,-0.8339,13.5,-12.6,0,0.0,0.0,0.0000,-2.26,-2.16,-2.27,-2.15,1,-0.9322,-0.510,-0.049,24.00,1,139.3,2.4,0.52020,-28.6,7.7,-0.9131,-0.00759,OK
3.2184,3.2148,3.6,0,139.0,2.2,0.5046,145.3,1.0,0.5524,0.0,0.0,-1.0000,18.8,-3.7,-0.8231,14.7,-12.3,0,0.0,0.0,0.0000,-2.59,-2.84,-2.18,-2.97,1,-0.9811,-0.314,-0.039,25.00,1,139.1,2.3,0.51196,-40.6,-3.4,-0.9964,-0.00749,OK
3.2266,3.2238,2.9,0,139.2,2.2,0.4923,145.3,1.0,0.5434,0.0,0.0,-1.0000,18.3,-3.7,-0.8070,14.4,-11.9,0,0.0,0.0,0.0000,-2.73,-2.52,-2.41,-2.91,1,-0.9811,-0.314,-0.039,25.00,1,139.1,2.2,0.50146,-2.3,-6.6,-1.0104,-0.00737,OK
3.2344,3.2238,10.6,0,139.2,2.2,0.4923,145.3,1.0,0.5434,0.0,0.0,-1.0000,18.3,-3.7,-0.8379,14.4,-11.9,0,0.0,0.0,0.0000,-3.26,-2.42,-2.40,-2.98,1,-1.0178,0.069,0.108,25.00,1,139.1,2.1,0.49879,-11.6,-13.1,-1.0206,-0.00730,OK
3.2427,3.2384,4.3,0,139.2,2.2,0.4828,145.3,1.0,0.5288,0.0,0.0,-1.0000,18.2,-3.5,-0.8333,14.5,-11.6,0,0.0,0.0,0.0000,-3.09,-2.41,-2.33,-3.04,1,-1.0489,-0.118,0.235,24.00,1,139.2,2.1,0.48586,2.4,-6.3,-1.0445,-0.00729,OK
3.2499,3.2465,3.4,0,139.3,2.1,0.4764,145.3,1.0,0.5207,0.0,0.0,-1.0000,18.1,-3.4,-0.8362,14.5,-11.3,0,0.0,0.0,0.0000,-2.95,-2.94,-2.14,-2.58,1,-1.0600,-0.343,0.098,24.00,1,139.3,2.1,0.47731,7.3,-4.8,-1.0397,-0.00739,OK
3.2579,3.2555,2.4,0,139.9,1.7,0.4613,145.3,1.0,0.5117,0.0,0.0,-1.0000,16.1,-2.1,-0.8079,13.5,-9.0,0,0.0,0.0,0.0000,-2.72,-3.09,-2.32,-2.39,1,-1.0600,-0.343,0.098,25.00,1,139.8,1.8,0.46707,34.4,-64.7,-1.0549,-0.00749,OK
3.2661,3.2617,4.4,0,139.9,2.0,0.4580,145.3,1.0,0.5055,0.0,0.0,-1.0000,16.0,-3.2,-0.8278,13.0,-9.9,0,0.0,0.0,0.0000,-3.19,-2.70,-2.55,-2.70,1,-1.0378,-0.049,0.049,25.00,1,139.9,1.9,0.46036,28.6,-2.5,-1.0389,-0.00744,OK
3.2739,3.2737,0.2,0,140.0,2.1,0.4467,145.3,1.0,0.4935,0.0,0.0,-1.0000,15.9,-3.3,-0.8135,12.9,-9.9,0,0.0,0.0,0.0000,-2.87,-2.53,-2.58,-2.59,1,-0.9867,0.304,0.098,25.00,1,140.0,2.1,0.44827,8.1,14.9,-0.9954,-0.00741,OK
3.2827,3.2815,1.3,0,139.9,2.1,0.4402,145.3,1.0,0.4857,0.0,0.0,-1.0000,16.2,-3.5,-0.8228,13.2,-10.1,0,0.0,0.0,0.0000,-2.84,-2.40,-2.06,-2.71,1,-0.9256,0.029,0.157,25.00,1,139.9,2.1,0.44109,-8.2,13.9,-0.9332,-0.00734,OK
3.2905,3.2815,9.0,0,139.9,2.1,0.4402,145.3,1.0,0.4857,0.0,0.0,-1.0000,16.2,-3.5,-0.8539,13.2,-10.1,0,0.0,0.0,0.0000,-2.70,-2.71,-2.44,-2.08,1,-0.8967,-0.402,0.059,25.00,1,139.9,2.1,0.44025,9.2,13.4,-0.8992,-0.00728,OK
3.2984,3.2925,5.9,0,140.0,2.3,0.4314,145.3,1.0,0.4747,0.0,0.0,-1.0000,15.9,-4.0,-0.8505,12.7,-10.3,0,0.0,0.0,0.0000,-2.89,-2.67,-2.69,-2.27,1,-0.8967,-0.402,0.059,24.00,1,140.0,2.3,0.43118,8.7,12.8,-0.9143,-0.00711,OK
3.3069,3.3066,0.2,0,140.5,2.6,0.4117,145.3,1.0,0.4606,0.0,0.0,-1.0000,14.2,-4.8,-0.8054,11.1,-10.1,0,0.0,0.0,0.0000,-2.58,-2.58,-1.96,-2.14,1,-0.8778,-0.324,0.078,26.00,1,140.5,2.6,0.41770,49.2,-1.3,-0.9213,-0.00707,OK
3.3137,3.3066,7.1,0,140.5,2.6,0.4117,145.3,1.0,0.4606,0.0,0.0,-1.0000,14.2,-4.8,-0.8328,11.1,-10.1,0,0.0,0.0,0.0000,-2.42,-2.53,-1.91,-1.98,1,-0.8367,0.049,0.137,25.00,1,140.5,2.6,0.41805,29.3,4.2,-0.8286,-0.00707,OK
3.3227,3.3152,7.5,0,140.7,2.6,0.4015,145.3,1.0,0.4520,0.0,0.0,-1.0000,13.6,-5.0,-0.8278,10.6,-9.9,0,0.0,0.0,0.0000,-2.55,-2.29,-1.71,-1.97,1,-0.7956,0.000,0.177,25.00,1,140.7,2.6,0.40989,29.9,-3.8,-0.7940,-0.00698,OK
3.3309,3.3295,1.4,0,140.6,2.7,0.3882,145.3,1.0,0.4377,0.0,0.0,-1.0000,14.1,-5.1,-0.8075,11.1,-10.0,0,0.0,0.0,0.0000,-2.87,-2.22,-2.07,-2.04,1,-0.7956,0.000,0.177,24.00,1,140.6,2.7,0.39686,-13.6,7.2,-0.8644,-0.00678,OK
3.3385,3.3372,1.3,0,140.5,2.8,0.3824,145.3,1.0,0.4300,0.0,0.0,-1.0000,14.2,-5.5,-0.8145,11.2,-10.4,0,0.0,0.0,0.0000,-2.60,-2.01,-1.53,-1.65,1,-0.7633,-0.206,0.069,25.00,1,140.6,2.8,0.39011,-4.0,16.7,-0.8003,-0.00677,OK
3.3464,3.3422,4.2,0,140.6,3.0,0.3829,145.3,1.0,0.4249,0.0,0.0,-1.0000,14.1,-6.1,-0.8487,10.8,-10.9,0,0.0,0.0,0.0000,-2.51,-1.96,-1.76,-1.44,1,-0.7489,-0.245,0.069,24.00,1,140.6,3.0,0.38614,11.1,24.5,-0.7406,-0.00681,OK
3.3541,3.3502,3.9,0,140.7,3.0,0.3783,145.3,1.0,0.4170,0.0,0.0,-1.0000,13.8,-5.9,-0.8608,10.6,-10.6,0,0.0,0.0,0.0000,-2.50,-1.93,-1.49,-1.53,1,-0.7544,-0.137,0.078,25.00,1,140.7,3.0,0.38006,10.5,-0.2,-0.7384,-0.00689,OK
3.3626,3.3590,3.6,0,140.7,3.2,0.3757,145.3,1.0,0.4082,0.0,0.0,-1.0000,13.8,-6.6,-0.8846,10.4,-11.2,0,0.0,0.0,0.0000,-2.66,-2.65,-1.58,-1.61,1,-0.7544,-0.137,0.078,25.00,1,140.7,3.2,0.37362,12.6,19.3,-0.7565,-0.00680,OK
3.3702,3.3691,1.1,0,140.7,3.2,0.3615,145.3,1.0,0.3981,0.0,0.0,-1.0000,13.7,-6.6,-0.8559,10.5,-11.1,0,0.0,0.0,0.0000,-2.34,-2.46,-1.87,-1.37,1,-0.7511,-0.020,0.088,24.00,1,140.7,3.2,0.36551,0.0,0.1,-0.7725,-0.00677,OK
3.3778,3.3691,8.7,0,140.7,3.2,0.3615,145.3,1.0,0.3981,0.0,0.0,-1.0000,13.7,-6.6,-0.8825,10.5,-11.1,0,0.0,0.0,0.0000,-2.41,-2.33,-1.52,-1.59,1,-0.7311,0.088,0.284,24.00,1,140.7,3.2,0.36510,6.6,4.3,-0.7288,-0.00675,OK
3.3859,3.3844,1.5,0,140.7,4.0,0.3481,145.3,1.0,0.3827,0.0,0.0,-1.0000,13.8,-9.1,-0.8518,9.9,-13.3,0,0.0,0.0,0.0000,-2.26,-2.01,-1.39,-1.53,1,-0.7022,0.049,0.392,25.00,1,140.7,4.0,0.35392,17.7,57.4,-0.7271,-0.00674,OK
3.3939,3.3928,1.1,0,141.7,3.5,0.3382,145.3,1.0,0.3744,0.0,0.0,-1.0000,10.9,-7.5,-0.8280,7.8,-10.7,0,0.0,0.0,0.0000,-2.00,-2.02,-1.80,-1.82,1,-0.6833,0.000,0.500,25.00,1,141.5,3.6,0.34686,75.5,-80.7,-0.7496,-0.00662,OK
3.4023,3.3928,9.5,0,141.7,3.5,0.3382,145.3,1.0,0.3744,0.0,0.0,-1.0000,10.9,-7.5,-0.8407,7.8,-10.7,0,0.0,0.0,0.0000,-2.35,-1.84,-1.41,-1.33,1,-0.6833,0.000,0.500,25.00,1,141.5,3.6,0.34604,38.8,-14.9,-0.6692,-0.00667,OK
3.4107,3.3928,17.9,0,141.7,3.5,0.3382,145.3,1.0,0.3744,0.0,0.0,-1.0000,10.9,-7.5,-0.8494,7.8,-10.7,0,0.0,0.0,0.0000,-1.97,-1.88,-1.34,-1.55,1,-0.6767,0.000,0.471,25.00,1,141.8,3.6,0.34047,32.2,-13.3,-0.6591,-0.00674,OK
3.4187,3.3928,25.9,0,141.7,3.5,0.3382,145.3,1.0,0.3744,0.0,0.0,-1.0000,10.9,-7.5,-0.8576,7.8,-10.7,0,0.0,0.0,0.0000,-2.08,-2.17,-1.54,-1.88,1,-0.6744,0.118,0.324,25.00,1,142.1,3.6,0.33507,28.9,-11.2,-0.6834,-0.00663,OK
3.4263,3.3928,33.6,0,141.7,3.5,0.3382,145.3,1.0,0.3744,0.0,0.0,-1.0000,10.9,-7.5,-0.8653,7.8,-10.7,0,0.0,0.0,0.0000,-2.20,-2.02,-1.53,-1.56,1,-0.6556,0.069,0.206,25.00,1,142.3,3.6,0.32994,30.4,-10.1,-0.6607,-0.00656,OK
3.4345,3.3928,41.8,0,141.7,3.5,0.3382,145.3,1.0,0.3744,0.0,0.0,-1.0000,10.9,-7.5,-0.8734,7.8,-10.7,0,0.0,0.0,0.0000,-2.64,-1.28,-1.47,-1.22,1,-0.6267,0.039,0.059,24.00,1,142.6,3.6,0.32470,29.9,-18.4,-0.6191,-0.00657,OK
3.4428,3.3928,50.0,0,141.7,3.5,0.3382,145.3,1.0,0.3744,0.0,0.0,-1.0000,10.9,-7.5,-0.8814,7.8,-10.7,0,0.0,0.0,0.0000,-2.19,-1.48,-1.38,-0.73,1,-0.6267,0.039,0.059,25.00,1,142.9,3.6,0.31971,32.9,-8.1,-0.5938,-0.00674,OK
3.4508,3.3928,58.1,0,141.7,3.5,0.3382,145.3,1.0,0.3744,0.0,0.0,-1.0000,10.9,-7.5,-0.8894,7.8,-10.7,0,0.0,0.0,0.0000,-1.56,-1.81,-1.46,-0.16,1,-0.6200,-0.010,0.020,25.00,1,143.1,3.7,0.31514,34.2,9.3,-0.5437,-0.00708,OK
3.4589,3.3928,66.1,0,141.7,3.5,0.3382,145.3,1.0,0.3744,0.0,0.0,-1.0000,10.9,-7.5,-0.8974,7.8,-10.7,0,0.0,0.0,0.0000,-2.00,-1.56,-1.58,-0.15,1,-0.6367,-0.010,0.294,27.00,1,143.4,3.8,0.31060,34.5,3.6,-0.5882,-0.00733,OK
3.4666,3.3928,73.8,0,141.7,3.5,0.3382,145.3,1.0,0.3744,0.0,0.0,-1.0000,10.9,-7.5,-0.9052,7.8,-10.7,0,0.0,0.0,0.0000,-1.86,-1.70,-1.45,-0.07,1,-0.6756,-0.010,0.235,24.00,1,143.6,3.9,0.30608,35.5,6.3,-0.5857,-0.00768,OK
3.4746,3.3928,81.8,0,141.7,3.5,0.3382,145.3,1.0,0.3744,0.0,0.0,-1.0000,10.9,-7.5,-0.9132,7.8,-10.7,0,0.0,0.0,0.0000,-2.19,-1.64,-1.30,-0.03,1,-0.6756,-0.010,0.235,24.00,1,143.9,4.0,0.30138,38.8,1.3,-0.6021,-0.00798,OK
3.4824,3.3928,89.6,0,141.7,3.5,0.3382,145.3,1.0,0.3744,0.0,0.0,-1.0000,10.9,-7.5,-0.9206,7.8,-10.7,0,0.0,0.0,0.0000,-2.10,-1.62,-1.58,-0.01,1,-0.7211,-0.069,0.196,25.00,1,144.1,4.1,0.29656,35.3,5.3,-0.6347,-0.00830,OK
3.4903,3.3928,97.5,0,141.7,3.5,0.3382,145.3,1.0,0.3744,0.0,0.0,-1.0000,10.9,-7.5,-0.9276,7.8,-10.7,0,0.0,0.0,0.0000,-2.08,-1.91,-1.86,-1.68,1,-0.7556,0.000,0.127,25.00,1,144.3,4.2,0.29115,16.2,-5.2,-0.7323,-0.00839,OK
3.4981,3.4920,6.1,0,141.0,2.9,0.2831,145.3,1.0,0.2757,0.0,0.0,-0.9484,12.9,-5.7,-0.7131,10.8,-9.1,0,0.0,0.0,0.0000,-2.33,-1.80,-1.76,-3.00,1,-0.7711,0.029,0.147,26.00,1,141.0,2.9,0.28355,-32.8,-22.0,-0.7892,-0.00822,OK
3.5066,3.5006,6.0,0,140.9,2.7,0.2763,145.3,1.0,0.2676,0.0,0.0,-0.9229,13.2,-5.0,-0.6917,11.4,-8.5,0,0.0,0.0,0.0000,-2.13,-1.66,-1.56,-2.41,1,-0.7711,0.029,0.147,25.00,1,140.8,2.7,0.27684,-24.2,-20.5,-0.7574,-0.00825,OK
3.5141,3.5094,4.7,0,140.9,2.6,0.2692,145.3,1.0,0.2597,0.0,0.0,-0.8969,13.0,-5.0,-0.6674,11.2,-8.2,0,0.0,0.0,0.0000,-2.89,-2.09,-1.83,-2.38,1,-0.7867,-0.157,0.078,25.00,1,140.9,2.6,0.26976,-0.8,-9.8,-0.8062,-0.00808,OK
3.5224,3.5174,5.1,0,140.8,2.5,0.2660,145.3,1.0,0.2526,0.0,0.0,-0.8730,13.5,-4.5,-0.6587,11.8,-7.9,0,0.0,0.0,0.0000,-3.01,-2.08,-2.06,-2.45,1,-0.8356,-0.353,-0.029,24.00,1,140.8,2.5,0.26347,-10.1,-11.0,-0.8484,-0.00795,OK
3.5304,3.5258,4.6,0,140.8,2.3,0.2586,145.3,1.0,0.2453,0.0,0.0,-0.8474,13.5,-4.1,-0.6322,12.0,-7.4,0,0.0,0.0,0.0000,-3.23,-2.22,-2.04,-2.67,1,-0.9067,-0.324,-0.020,25.00,1,140.8,2.3,0.25619,-8.3,-16.2,-0.9135,-0.00785,OK
3.5382,3.5344,3.8,0,140.9,2.4,0.2518,145.3,1.0,0.2381,0.0,0.0,-0.8216,13.1,-4.3,-0.6074,11.6,-7.5,0,0.0,0.0,0.0000,-2.60,-2.23,-2.05,-2.64,1,-0.9656,-0.127,-0.000,25.00,1,140.9,2.4,0.24870,6.9,1.2,-0.9324,-0.00797,OK
3.5463,3.5431,3.2,0,140.9,2.6,0.2422,145.3,1.0,0.2311,0.0,0.0,-0.7953,13.2,-4.7,-0.5702,11.7,-7.7,0,0.0,0.0,0.0000,-2.54,-2.30,-1.90,-2.92,1,-0.9656,-0.127,-0.000,26.00,1,140.9,2.5,0.24070,3.0,11.6,-0.9397,-0.00806,OK
3.5538,3.5512,2.7,0,140.7,2.5,0.2311,145.3,1.0,0.2248,0.0,0.0,-0.7710,13.7,-4.4,-0.5269,12.3,-7.4,0,0.0,0.0,0.0000,-2.76,-2.58,-1.46,-2.74,1,-0.9911,-0.196,0.196,25.00,1,140.8,2.5,0.23268,-10.7,-2.5,-0.9692,-0.00817,OK
3.5618,3.5596,2.2,0,141.2,2.4,0.2162,145.3,1.0,0.2184,0.0,0.0,-0.7459,12.3,-4.2,-0.4668,11.1,-6.7,0,0.0,0.0,0.0000,-3.28,-2.81,-0.67,-2.62,1,-1.0078,-0.431,0.088,24.00,1,141.1,2.4,0.22322,38.1,-20.8,-1.0198,-0.00824,OK
3.5699,3.5596,10.3,0,141.2,2.4,0.2162,145.3,1.0,0.2184,0.0,0.0,-0.7459,12.3,-4.2,-0.4662,11.1,-6.7,0,0.0,0.0,0.0000,-3.40,-2.42,-0.13,-2.55,1,-1.0389,-0.726,-0.226,25.00,1,141.2,2.3,0.22103,30.7,-31.3,-0.9854,-0.00847,OK
3.5780,3.5682,9.8,0,141.7,2.6,0.2074,145.3,1.0,0.2121,0.0,0.0,-0.7205,10.7,-4.7,-0.4294,9.5,-6.8,0,0.0,0.0,0.0000,-3.43,-2.57,-0.12,-2.68,1,-1.0389,-0.726,-0.226,24.00,1,141.8,2.5,0.21129,46.3,-16.8,-1.0016,-0.00855,OK
3.5864,3.5682,18.3,0,141.7,2.6,0.2074,145.3,1.0,0.2121,0.0,0.0,-0.7205,10.7,-4.7,-0.4273,9.5,-6.8,0,0.0,0.0,0.0000,-3.00,-3.10,-0.09,-2.39,1,-1.0644,-0.530,-0.186,25.00,1,142.2,2.5,0.20276,48.8,-9.2,-1.0163,-0.00875,OK
3.5943,3.5768,17.5,0,141.7,2.6,0.2004,145.3,1.0,0.2060,0.0,0.0,-0.6945,10.6,-4.9,-0.3964,9.4,-6.9,0,0.0,0.0,0.0000,-3.36,-3.11,-2.86,-2.31,1,-1.0444,0.059,0.343,25.00,1,142.0,2.8,0.19379,12.0,36.7,-1.0459,-0.00864,OK
3.6018,3.5768,25.0,0,141.7,2.6,0.2004,145.3,1.0,0.2060,0.0,0.0,-0.6945,10.6,-4.9,-0.3931,9.4,-6.9,0,0.0,0.0,0.0000,-3.61,-3.16,-2.33,-2.58,1,-0.9867,-0.098,0.392,25.00,1,142.1,3.0,0.18609,15.3,24.8,-1.0066,-0.00848,OK
3.6104,3.5768,33.6,0,141.7,2.6,0.2004,145.3,1.0,0.2060,0.0,0.0,-0.6945,10.6,-4.9,-0.3879,9.4,-6.9,0,0.0,0.0,0.0000,-2.97,-2.68,-2.47,-2.09,1,-0.8633,-0.588,0.216,26.00,1,142.1,3.3,0.17792,9.7,30.4,-0.8799,-0.00834,OK
3.6184,3.5768,41.6,0,141.7,2.6,0.2004,145.3,1.0,0.2060,0.0,0.0,-0.6945,10.6,-4.9,-0.3827,9.4,-6.9,0,0.0,0.0,0.0000,-2.46,-2.62,-1.58,-1.88,1,-0.8633,-0.588,0.216,24.00,1,142.2,3.5,0.17111,14.8,22.8,-0.8408,-0.00842,OK
3.6262,3.5768,49.4,0,141.7,2.6,0.2004,145.3,1.0,0.2060,0.0,0.0,-0.6945,10.6,-4.9,-0.3765,9.4,-6.9,0,0.0,0.0,0.0000,-2.51,-2.24,-1.53,-1.45,1,-0.7067,-0.226,0.216,25.00,1,142.3,3.7,0.16507,15.9,22.4,-0.7075,-0.00837,OK
3.6340,3.5768,57.2,0,141.7,2.6,0.2004,145.3,1.0,0.2060,0.0,0.0,-0.6945,10.6,-4.9,-0.3698,9.4,-6.9,0,0.0,0.0,0.0000,-2.42,-1.67,-1.27,-1.44,1,-0.5322,0.441,0.422,24.00,1,142.4,3.9,0.16009,11.6,14.8,-0.5624,-0.00814,OK
3.6429,3.5768,66.1,0,141.7,2.6,0.2004,145.3,1.0,0.2060,0.0,0.0,-0.6945,10.6,-4.9,-0.3611,9.4,-6.9,0,0.0,0.0,0.0000,-2.07,-1.30,-0.55,-0.97,1,-0.3656,0.373,0.461,25.00,1,142.5,4.0,0.15584,15.7,9.6,-0.3970,-0.00790,OK
3.6509,3.5768,74.1,0,141.7,2.6,0.2004,145.3,1.0,0.2060,0.0,0.0,-0.6945,10.6,-4.9,-0.3526,9.4,-6.9,0,0.0,0.0,0.0000,-1.23,-1.04,-0.65,-0.62,1,-0.3656,0.373,0.461,25.00,1,142.5,4.1,0.15286,9.2,17.1,-0.3496,-0.00796,OK
3.6588,3.5768,82.0,0,141.7,2.6,0.2004,145.3,1.0,0.2060,0.0,0.0,-0.6945,10.6,-4.9,-0.3433,9.4,-6.9,0,0.0,0.0,0.0000,-0.82,-0.69,0.02,-0.79,1,-0.2256,0.020,0.304,25.00,1,142.6,4.2,0.15058,6.1,7.7,-0.2216,-0.00793,OK
3.6667,3.5768,89.9,0,141.7,2.6,0.2004,145.3,1.0,0.2060,0.0,0.0,-0.6945,10.6,-4.9,-0.3336,9.4,-6.9,0,0.0,0.0,0.0000,-1.01,-0.67,0.05,-0.37,1,-0.1133,0.098,0.343,24.00,1,142.6,4.3,0.14913,11.7,9.2,-0.1408,-0.00771,OK
3.6738,3.5768,97.0,0,141.7,2.6,0.2004,145.3,1.0,0.2060,0.0,0.0,-0.6945,10.6,-4.9,-0.3240,9.4,-6.9,0,0.0,0.0,0.0000,-0.97,0.03,0.18,-0.36,1,-0.0322,0.216,0.216,24.00,1,142.7,4.3,0.14840,6.6,0.2,-0.0628,-0.00746,OK
3.6824,3.6785,3.9,0,144.0,1.5,0.1376,145.3,1.0,0.1509,0.0,0.0,-0.3894,3.8,-1.5,-0.0607,3.6,-2.0,0,0.0,0.0,0.0000,-0.41,0.10,0.45,-0.19,1,0.0244,0.029,0.186,26.00,1,144.0,1.5,0.14570,13.2,-31.3,-0.0132,-0.00720,OK
3.6899,3.6867,3.2,0,144.0,1.4,0.1376,145.3,1.0,0.1479,0.0,0.0,-0.3648,3.7,-1.4,-0.0488,3.5,-1.9,0,0.0,0.0,0.0000,-0.13,0.18,0.60,-0.05,1,0.0244,0.029,0.186,25.00,1,144.1,1.4,0.14431,7.0,-10.2,0.0081,-0.00715,OK
3.6985,3.6867,11.8,0,144.0,1.4,0.1376,145.3,1.0,0.1479,0.0,0.0,-0.3648,3.7,-1.4,-0.0349,3.5,-1.9,0,0.0,0.0,0.0000,-0.48,0.14,0.73,0.42,1,0.0600,-0.118,0.167,26.00,1,144.1,1.4,0.14457,17.2,-16.6,0.0645,-0.00713,OK
3.7061,3.7038,2.3,0,144.0,1.3,0.1431,145.3,1.0,0.1421,0.0,0.0,-0.3136,3.9,-1.0,-0.0496,3.7,-1.6,0,0.0,0.0,0.0000,-0.41,0.28,0.69,0.00,1,0.0900,-0.137,0.186,25.00,1,144.0,1.3,0.14502,-8.9,-3.9,0.0603,-0.00694,OK
3.7147,3.7119,2.8,0,144.3,1.3,0.1448,145.3,1.0,0.1395,0.0,0.0,-0.2890,2.8,-0.9,-0.0536,2.7,-1.3,0,0.0,0.0,0.0000,-0.45,0.58,0.97,0.62,1,0.0989,-0.098,0.069,24.00,1,144.3,1.3,0.14584,27.3,-10.0,0.1144,-0.00702,OK
3.7218,3.7202,1.6,0,144.1,1.1,0.1441,145.3,1.0,0.1373,0.0,0.0,-0.2643,3.7,-0.4,-0.0289,3.6,-0.9,0,0.0,0.0,0.0000,-0.20,0.58,0.67,0.55,1,0.0989,-0.098,0.069,24.00,1,144.1,1.1,0.14635,-18.9,-14.4,0.1019,-0.00708,OK
3.7305,3.7286,1.9,0,144.4,1.2,0.1458,145.3,1.0,0.1351,0.0,0.0,-0.2390,2.7,-0.5,-0.0442,2.6,-0.9,0,0.0,0.0,0.0000,0.30,0.48,0.85,0.21,1,0.1122,-0.235,-0.039,25.00,1,144.3,1.1,0.14726,22.1,-2.7,0.1253,-0.00718,OK
3.7381,3.7286,9.6,0,144.4,1.2,0.1458,145.3,1.0,0.1351,0.0,0.0,-0.2390,2.7,-0.5,-0.0508,2.6,-0.9,0,0.0,0.0,0.0000,0.37,0.76,0.61,0.18,1,0.1722,0.000,-0.167,25.00,1,144.3,1.1,0.14763,1.1,-5.7,0.1750,-0.00715,OK
3.7469,3.7373,9.6,0,144.3,1.0,0.1447,145.3,1.0,0.1332,0.0,0.0,-0.2128,2.9,-0.0,-0.0536,2.9,-0.4,0,0.0,0.0,0.0000,0.29,0.72,1.01,0.46,1,0.2456,0.147,-0.088,25.00,1,144.3,1.0,0.14830,5.5,-11.7,0.2380,-0.00701,OK
3.7545,3.7457,8.8,0,144.3,1.1,0.1541,145.3,1.0,0.1315,0.0,0.0,-0.1875,2.8,-0.4,-0.0963,2.7,-0.9,0,0.0,0.0,0.0000,0.45,0.47,1.14,1.02,1,0.2867,-0.118,-0.196,24.00,1,144.4,1.1,0.15123,11.8,6.8,0.2898,-0.00702,OK
3.7618,3.7540,7.8,0,144.4,1.0,0.1544,145.3,1.0,0.1301,0.0,0.0,-0.1628,2.7,-0.1,-0.1022,2.7,-0.5,0,0.0,0.0,0.0000,0.71,0.35,0.78,0.60,1,0.2867,-0.118,-0.196,25.00,1,144.4,1.1,0.15342,0.8,3.8,0.2682,-0.00685,OK
3.7709,3.7624,8.5,0,144.5,0.9,0.1541,145.3,1.0,0.1288,0.0,0.0,-0.1376,2.4,0.2,-0.1054,2.4,-0.1,0,0.0,0.0,0.0000,0.45,0.48,0.71,1.14,1,0.3000,-0.118,-0.157,24.00,1,144.5,0.9,0.15553,8.1,-3.6,0.2892,-0.00672,OK
3.7788,3.7721,6.7,0,144.4,1.1,0.1601,145.3,1.0,0.1276,0.0,0.0,-0.1086,2.7,-0.5,-0.1325,2.6,-0.9,0,0.0,0.0,0.0000,0.50,0.75,0.68,0.98,1,0.2867,-0.020,-0.029,25.00,1,144.4,1.1,0.15840,-0.6,6.6,0.2856,-0.00667,OK
3.7866,3.7794,7.2,0,144.3,1.1,0.1595,145.3,1.0,0.1269,0.0,0.0,-0.0867,2.8,-0.4,-0.1326,2.7,-0.9,0,0.0,0.0,0.0000,0.89,0.69,0.61,0.73,1,0.2522,-0.127,-0.000,24.00,1,144.4,1.1,0.16029,-7.3,7.9,0.2662,-0.00672,OK
3.7947,3.7878,7.0,0,144.1,1.2,0.1642,145.3,1.0,0.1263,0.0,0.0,-0.0616,3.5,-0.8,-0.1532,3.4,-1.4,0,0.0,0.0,0.0000,0.68,0.63,0.41,0.65,1,0.2522,-0.127,-0.000,25.00,1,144.1,1.2,0.16263,-14.1,11.9,0.2464,-0.00664,OK
3.8025,3.7962,6.3,0,144.2,1.1,0.1650,145.3,1.0,0.1259,0.0,0.0,-0.0423,3.2,-0.3,-0.1573,3.1,-0.8,0,0.0,0.0,0.0000,0.51,0.50,-0.04,0.44,1,0.1978,-0.275,0.147,24.00,1,144.2,1.1,0.16442,-8.8,0.3,0.1801,-0.00647,OK
3.8098,3.8061,3.8,0,144.1,1.1,0.1629,145.3,1.0,0.1256,0.0,0.0,-0.0273,3.6,-0.3,-0.1494,3.5,-0.9,0,0.0,0.0,0.0000,0.63,0.30,-0.05,0.55,1,0.1311,-0.255,0.157,24.00,1,144.1,1.1,0.16550,-9.0,1.2,0.1315,-0.00648,OK
3.8183,3.8132,5.1,0,144.2,1.2,0.1666,145.3,1.0,0.1256,0.0,0.0,0.0000,3.2,-0.5,-0.1641,3.0,-1.1,0,0.0,0.0,0.0000,0.50,-0.07,0.11,0.44,1,0.0611,-0.196,0.304,24.00,1,144.2,1.2,0.16616,7.6,3.6,0.0828,-0.00658,OK
3.8263,3.8216,4.7,0,144.3,1.2,0.1661,145.3,1.0,0.1256,0.0,0.0,0.0000,3.0,-0.6,-0.1621,2.9,-1.1,0,0.0,0.0,0.0000,0.20,-0.07,-0.07,0.36,1,0.0611,-0.196,0.304,25.00,1,144.2,1.2,0.16627,4.1,0.7,0.0062,-0.00618,OK
3.8345,3.8216,13.0,0,144.3,1.2,0.1661,145.3,1.0,0.1256,0.0,0.0,0.0000,3.0,-0.6,-0.1621,2.9,-1.1,0,0.0,0.0,0.0000,0.07,-0.19,0.15,0.41,1,-0.0089,-0.137,0.245,25.00,1,144.2,1.2,0.16628,0.0,-0.0,0.0019,-0.00621,OK
3.8428,3.8300,12.8,0,143.9,1.1,0.1682,145.3,1.0,0.1256,0.0,0.0,0.0000,4.1,-0.5,-0.1705,3.9,-1.1,0,0.0,0.0,0.0000,-0.74,-0.10,-0.02,0.00,1,-0.0756,-0.049,0.255,25.00,1,144.0,1.1,0.16645,1.1,-10.7,-0.0768,-0.00618,OK
3.8498,3.8444,5.4,0,144.4,1.3,0.1662,145.3,1.0,0.1256,0.0,0.0,0.0000,2.8,-1.1,-0.1626,2.6,-1.5,0,0.0,0.0,0.0000,-0.46,-0.31,-0.16,-0.27,1,-0.1300,0.029,0.226,25.00,1,144.3,1.3,0.16555,16.4,6.3,-0.1195,-0.00620,OK
3.8582,3.8530,5.3,0,144.3,1.3,0.1630,145.3,1.0,0.1256,0.0,0.0,0.0000,2.8,-0.9,-0.1497,2.6,-1.4,0,0.0,0.0,0.0000,-0.52,-0.44,0.27,-0.21,1,-0.1578,-0.010,0.265,24.00,1,144.4,1.3,0.16427,13.3,-1.2,-0.1310,-0.00634,OK
3.8669,3.8616,5.4,0,144.5,1.2,0.1625,145.3,1.0,0.1256,0.0,0.0,0.0000,2.3,-0.7,-0.1478,2.2,-1.0,0,0.0,0.0,0.0000,-0.39,-0.51,2.51,-0.11,1,-0.1578,-0.010,0.265,25.00,1,144.5,1.2,0.16320,23.9,-17.5,-0.1078,-0.00657,OK
3.8742,3.8691,5.0,0,144.5,1.3,0.1613,145.3,1.0,0.1256,0.0,0.0,0.0000,2.4,-0.9,-0.1427,2.3,-1.2,0,0.0,0.0,0.0000,-0.31,-0.22,-0.18,-0.40,1,-0.1711,-0.049,0.186,25.00,1,144.5,1.2,0.16204,-3.5,7.1,-0.1434,-0.00670,OK
3.8819,3.8787,3.3,0,144.4,1.3,0.1610,145.3,1.0,0.1256,0.0,0.0,0.0000,2.7,-1.0,-0.1417,2.6,-1.4,0,0.0,0.0,0.0000,-0.55,-0.31,-0.19,-0.90,1,-0.1778,-0.137,0.471,25.00,1,144.4,1.3,0.16046,-10.5,5.2,-0.1769,-0.00665,OK
3.8901,3.8787,11.4,0,144.4,1.3,0.1610,145.3,1.0,0.1256,0.0,0.0,0.0000,2.7,-1.0,-0.1417,2.6,-1.4,0,0.0,0.0,0.0000,-0.54,-0.45,-0.46,-0.52,1,-0.2033,-0.431,0.137,25.00,1,144.4,1.3,0.15979,-4.6,8.8,-0.1926,-0.00667,OK
3.8983,3.8897,8.6,0,144.4,1.2,0.1605,145.3,1.0,0.1256,0.0,0.0,0.0000,2.6,-0.5,-0.1397,2.4,-0.9,0,0.0,0.0,0.0000,-0.58,-0.52,-0.43,-0.36,1,-0.2033,-0.431,0.137,25.00,1,144.4,1.2,0.15881,0.8,-0.8,-0.1885,-0.00674,OK
3.9063,3.9042,2.1,0,144.6,1.0,0.1558,145.3,1.0,0.1256,0.0,0.0,0.0000,2.1,-0.1,-0.1207,2.0,-0.5,0,0.0,0.0,0.0000,-0.68,-0.54,0.00,-0.71,1,-0.1967,-0.078,-0.000,25.00,1,144.6,1.0,0.15611,11.4,-16.2,-0.1943,-0.00673,OK
3.9145,3.9042,10.3,0,144.6,1.0,0.1558,145.3,1.0,0.1256,0.0,0.0,0.0000,2.1,-0.1,-0.1207,2.0,-0.5,0,0.0,0.0,0.0000,-0.26,-0.25,-0.28,-0.39,1,-0.1578,0.284,0.226,25.00,1,144.6,1.0,0.15589,1.8,-6.0,-0.1351,-0.00683,OK
3.9222,3.9042,18.0,0,144.6,1.0,0.1558,145.3,1.0,0.1256,0.0,0.0,0.0000,2.1,-0.1,-0.1207,2.0,-0.5,0,0.0,0.0,0.0000,-0.55,-0.09,0.00,-0.58,1,-0.1167,-0.167,0.039,25.00,1,144.6,0.9,0.15491,3.4,-14.9,-0.1173,-0.00679,OK
3.9308,3.9192,11.7,0,144.5,1.2,0.1533,145.3,1.0,0.1256,0.0,0.0,0.0000,2.3,-0.7,-0.1109,2.2,-1.1,0,0.0,0.0,0.0000,-0.33,-0.38,-0.34,-0.38,1,-0.0767,-0.186,0.049,25.00,1,144.5,1.3,0.15368,0.0,11.5,-0.0951,-0.00662,OK
3.9389,3.9358,3.1,0,144.6,1.1,0.1534,145.3,1.0,0.1256,0.0,0.0,0.0000,2.1,-0.2,-0.1112,2.1,-0.5,0,0.0,0.0,0.0000,0.19,0.01,-0.22,-0.03,1,-0.0767,-0.186,0.049,24.00,1,144.6,1.1,0.15301,0.4,-11.4,-0.0396,-0.00680,OK
3.9458,3.9435,2.3,0,144.6,1.1,0.1524,145.3,1.0,0.1256,0.0,0.0,0.0000,1.9,-0.4,-0.1074,1.8,-0.7,0,0.0,0.0,0.0000,-0.24,0.16,-0.24,-0.25,1,-0.0356,0.039,0.284,25.00,1,144.6,1.1,0.15292,8.4,-1.8,-0.0088,-0.00695,OK
3.9548,3.9519,3.0,0,144.6,1.1,0.1536,145.3,1.0,0.1256,0.0,0.0,0.0000,2.2,-0.2,-0.1121,2.1,-0.6,0,0.0,0.0,0.0000,0.01,-0.06,0.06,-0.22,1,-0.0144,-0.216,0.059,24.00,1,144.6,1.1,0.15304,-4.9,-4.2,0.0027,-0.00699,OK
3.9619,3.9573,4.6,0,144.5,1.1,0.1517,145.3,1.0,0.1256,0.0,0.0,0.0000,2.3,-0.4,-0.1045,2.2,-0.7,0,0.0,0.0,0.0000,-0.01,0.02,0.16,0.06,1,0.0056,-0.226,0.088,25.00,1,144.5,1.1,0.15285,-4.0,2.4,-0.0022,-0.00692,OK
3.9701,3.9652,4.9,0,144.6,0.9,0.1511,145.3,1.0,0.1256,0.0,0.0,0.0000,1.9,0.2,-0.1022,1.9,-0.1,0,0.0,0.0,0.0000,0.40,0.03,0.22,0.13,1,0.0144,-0.049,0.137,25.00,1,144.6,1.0,0.15262,2.8,-7.7,0.0008,-0.00681,OK
3.9786,3.9736,4.9,0,144.6,1.0,0.1534,145.3,1.0,0.1256,0.0,0.0,0.0000,2.0,-0.1,-0.1113,2.0,-0.4,0,0.0,0.0,0.0000,0.08,0.14,0.08,0.02,1,0.0144,-0.049,0.137,25.00,1,144.6,1.0,0.15275,-0.0,0.8,0.0045,-0.00670,OK
3.9862,3.9821,4.1,0,144.5,1.0,0.1536,145.3,1.0,0.1256,0.0,0.0,0.0000,2.5,-0.1,-0.1119,2.4,-0.5,0,0.0,0.0,0.0000,-0.08,-0.05,-0.04,0.07,1,0.0089,-0.235,0.088,25.00,1,144.5,1.0,0.15288,-7.9,2.9,0.0038,-0.00661,OK
3.9945,3.9821,12.4,0,144.5,1.0,0.1536,145.3,1.0,0.1256,0.0,0.0,0.0000,2.5,-0.1,-0.1119,2.4,-0.5,0,0.0,0.0,0.0000,-0.02,-0.15,-0.12,-0.14,1,-0.0011,-0.147,0.118,24.00,1,144.5,1.0,0.15288,-0.0,0.0,-0.0014,-0.00657,OK
4.0019,3.9905,11.4,0,144.4,1.0,0.1547,145.3,1.0,0.1256,0.0,0.0,0.0000,2.6,-0.2,-0.1165,2.5,-0.6,0,0.0,0.0,0.0000,0.21,0.17,0.07,0.02,1,-0.0111,-0.059,0.196,25.00,1,144.4,1.0,0.15338,-0.0,-0.0,0.0018,-0.00661,OK
4.0100,3.9905,19.5,0,144.4,1.0,0.1547,145.3,1.0,0.1256,0.0,0.0,0.0000,2.6,-0.2,-0.1165,2.5,-0.6,0,0.0,0.0,0.0000,-0.20,0.05,-0.07,0.08,1,-0.0111,-0.059,0.196,25.00,1,144.4,1.0,0.15338,0.0,-0.0,-0.0009,-0.00663,OK
4.0185,3.9905,28.0,0,144.4,1.0,0.1547,145.3,1.0,0.1256,0.0,0.0,0.0000,2.6,-0.2,-0.1165,2.5,-0.6,0,0.0,0.0,0.0000,-0.10,-0.23,0.23,0.00,1,-0.0256,-0.186,0.098,25.00,1,144.4,1.0,0.15337,0.0,-0.0,-0.0018,-0.00674,OK
4.0262,3.9905,35.7,0,144.4,1.0,0.1547,145.3,1.0,0.1256,0.0,0.0,0.0000,2.6,-0.2,-0.1165,2.5,-0.6,0,0.0,0.0,0.0000,0.09,0.09,0.03,-0.09,1,-0.0378,-0.059,0.196,25.00,1,144.4,1.0,0.15336,-0.0,-0.0,-0.0016,-0.00691,OK
4.0347,3.9905,44.1,0,144.4,1.0,0.1547,145.3,1.0,0.1256,0.0,0.0,0.0000,2.6,-0.2,-0.1165,2.5,-0.6,0,0.0,0.0,0.0000,-0.05,-0.04,-0.23,0.05,1,-0.0489,-0.078,0.216,24.00,1,144.4,1.0,0.15334,0.0,0.0,-0.0037,-0.00714,OK
4.0427,3.9905,52.1,0,144.4,1.0,0.1547,145.3,1.0,0.1256,0.0,0.0,0.0000,2.6,-0.2,-0.1165,2.5,-0.6,0,0.0,0.0,0.0000,-0.33,-0.01,0.02,0.02,1,-0.0489,-0.078,0.216,24.00,1,144.4,1.0,0.15331,0.0,-0.0,-0.0042,-0.00736,OK
4.0505,3.9905,60.0,0,144.4,1.0,0.1547,145.3,1.0,0.1256,0.0,0.0,0.0000,2.6,-0.2,-0.1165,2.5,-0.6,0,0.0,0.0,0.0000,-0.17,0.12,0.04,-0.23,1,-0.0589,-0.177,0.186,25.00,1,144.4,1.0,0.15328,-0.0,-0.0,-0.0047,-0.00764,OK
4.0584,3.9905,67.9,0,144.4,1.0,0.1547,145.3,1.0,0.1256,0.0,0.0,0.0000,2.6,-0.2,-0.1165,2.5,-0.6,0,0.0,0.0,0.0000,-0.03,-0.23,-0.44,-0.13,1,-0.0667,-0.069,0.157,24.00,1,144.4,1.0,0.15324,-0.0,0.0,-0.0069,-0.00794,OK
4.0662,3.9905,75.7,0,144.4,1.0,0.1547,145.3,1.0,0.1256,0.0,0.0,0.0000,2.6,-0.2,-0.1165,2.5,-0.6,0,0.0,0.0,0.0000,-0.03,-0.39,-0.43,0.34,1,-0.0711,-0.137,0.196,25.00,1,144.4,1.0,0.15320,0.0,0.0,-0.0055,-0.00828,OK
4.0744,3.9905,83.8,0,144.4,1.0,0.1547,145.3,1.0,0.1256,0.0,0.0,0.0000,2.6,-0.2,-0.1165,2.5,-0.6,0,0.0,0.0,0.0000,-0.50,-0.65,-0.04,-0.34,1,-0.0733,-0.167,0.177,25.00,1,144.4,1.0,0.15312,0.0,-0.0,-0.0148,-0.00857,OK
4.0820,3.9905,91.4,0,144.4,1.0,0.1547,145.3,1.0,0.1256,0.0,0.0,0.0000,2.6,-0.2,-0.1165,2.5,-0.6,0,0.0,0.0,0.0000,0.02,0.16,-0.23,-0.62,1,-0.0733,-0.167,0.177,25.00,1,144.4,1.0,0.15304,-0.0,-0.0,-0.0072,-0.00890,OK
4.0900,3.9905,99.4,0,144.4,1.0,0.1547,145.3,1.0,0.1256,0.0,0.0,0.0000,2.6,-0.2,-0.1165,2.5,-0.6,0,0.0,0.0,0.0000,-0.34,-0.14,-0.10,-0.25,1,-0.0722,-0.039,0.196,24.00,1,144.4,1.0,0.15299,0.0,0.0,-0.0076,-0.00922,OK
4.0980,3.9905,107.4,0,144.4,1.0,0.1547,145.3,1.0,0.1256,0.0,0.0,0.0000,2.6,-0.2,-0.1165,2.5,-0.6,0,0.0,0.0,0.0000,-0.29,-0.07,-0.10,-0.41,1,-0.0700,-0.186,0.098,24.00,1,144.4,1.0,0.15293,-0.0,-0.0,-0.0079,-0.00953,OK
4.1060,3.9905,115.5,0,144.4,1.0,0.1547,145.3,1.0,0.1256,0.0,0.0,0.0000,2.6,-0.2,-0.1165,2.5,-0.6,0,0.0,0.0,0.0000,-0.36,-0.11,-0.12,-0.31,1,-0.0633,-0.127,0.137,25.00,1,144.4,1.0,0.15287,0.0,0.0,-0.0075,-0.00979,OK
4.1139,3.9905,123.4,0,144.4,1.0,0.1547,145.3,1.0,0.1256,0.0,0.0,0.0000,2.6,-0.2,-0.1165,2.5,-0.6,0,0.0,0.0,0.0000,0.04,-0.15,-0.24,-0.14,1,-0.0567,-0.049,0.157,24.00,1,144.4,1.0,0.15282,-0.0,0.0,-0.0049,-0.01003,OK
4.1223,4.0919,30.4,0,144.8,0.9,0.1476,145.3,1.0,0.1256,0.0,0.0,0.0000,1.6,0.2,-0.0883,1.6,-0.0,0,0.0,0.0,0.0000,-0.12,-0.30,-0.01,-0.02,1,-0.0567,-0.049,0.157,25.00,1,144.7,0.9,0.15019,0.0,-0.0,-0.0049,-0.01025,OK
4.1300,4.0919,38.0,0,144.8,0.9,0.1476,145.3,1.0,0.1256,0.0,0.0,0.0000,1.6,0.2,-0.0883,1.6,-0.0,0,0.0,0.0,0.0000,-0.74,0.02,0.14,-0.14,1,-0.0511,-0.137,0.157,25.00,1,144.8,0.9,0.14995,3.6,-12.8,-0.0572,-0.01016,OK
4.1383,4.0919,46.4,0,144.8,0.9,0.1476,145.3,1.0,0.1256,0.0,0.0,0.0000,1.6,0.2,-0.0883,1.6,-0.0,0,0.0,0.0,0.0000,-0.38,-0.08,-0.34,0.10,1,-0.0478,-0.069,0.098,25.00,1,144.8,0.8,0.14951,-0.2,-0.3,-0.0481,-0.01010,OK
4.1458,4.0919,53.9,0,144.8,0.9,0.1476,145.3,1.0,0.1256,0.0,0.0,0.0000,1.6,0.2,-0.0883,1.6,-0.0,0,0.0,0.0,0.0000,-0.20,-0.28,-0.05,-0.03,1,-0.0433,-0.078,0.226,24.00,1,144.8,0.8,0.14918,1.0,-0.7,-0.0409,-0.01005,OK
4.1544,4.0919,62.5,0,144.8,0.9,0.1476,145.3,1.0,0.1256,0.0,0.0,0.0000,1.6,0.2,-0.0883,1.6,-0.0,0,0.0,0.0,0.0000,-0.41,0.00,0.18,-0.06,1,-0.0433,-0.078,0.226,25.00,1,144.8,0.8,0.14885,2.5,-8.7,-0.0346,-0.01005,OK
4.1622,4.0919,70.3,0,144.8,0.9,0.1476,145.3,1.0,0.1256,0.0,0.0,0.0000,1.6,0.2,-0.0883,1.6,-0.0,0,0.0,0.0,0.0000,-0.05,-0.04,-0.12,0.21,1,-0.0422,-0.098,0.098,24.00,1,144.8,0.8,0.14865,-0.3,1.4,-0.0172,-0.01013,OK
4.1704,4.0919,78.5,0,144.8,0.9,0.1476,145.3,1.0,0.1256,0.0,0.0,0.0000,1.6,0.2,-0.0883,1.6,-0.0,0,0.0,0.0,0.0000,-0.32,-0.28,0.20,-0.22,1,-0.0411,-0.098,0.206,25.00,1,144.8,0.9,0.14857,0.0,-0.0,-0.0050,-0.01028,OK
4.1779,4.0919,85.9,0,144.8,0.9,0.1476,145.3,1.0,0.1256,0.0,0.0,0.0000,1.6,0.2,-0.0883,1.6,-0.0,0,0.0,0.0,0.0000,0.47,0.24,-0.09,-0.02,1,-0.0422,-0.059,0.127,25.00,1,144.8,0.9,0.14856,-0.0,0.0,0.0006,-0.01046,OK
4.1865,4.0919,94.6,0,144.8,0.9,0.1476,145.3,1.0,0.1256,0.0,0.0,0.0000,1.6,0.2,-0.0883,1.6,-0.0,0,0.0,0.0,0.0000,-0.11,-0.03,-0.07,-0.35,1,-0.0456,-0.167,0.147,25.00,1,144.8,0.9,0.14855,0.0,-0.0,-0.0048,-0.01063,OK
4.1945,4.0919,102.6,0,144.8,0.9,0.1476,145.3,1.0,0.1256,0.0,0.0,0.0000,1.6,0.2,-0.0883,1.6,-0.0,0,0.0,0.0,0.0000,-0.21,0.20,-0.15,-0.20,1,-0.0456,-0.167,0.147,25.00,1,144.8,0.9,0.14852,-0.0,-0.0,-0.0040,-0.01080,OK
4.2023,4.0919,110.4,0,144.8,0.9,0.1476,145.3,1.0,0.1256,0.0,0.0,0.0000,1.6,0.2,-0.0883,1.6,-0.0,0,0.0,0.0,0.0000,-0.14,-0.09,-0.03,-0.16,1,-0.0467,-0.098,0.118,25.00,1,144.8,0.9,0.14849,0.0,0.0,-0.0042,-0.01097,OK
4.2098,4.0919,117.9,0,144.8,0.9,0.1476,145.3,1.0,0.1256,0.0,0.0,0.0000,1.6,0.2,-0.0883,1.6,-0.0,0,0.0,0.0,0.0000,-0.10,-0.16,0.07,-0.35,1,-0.0467,-0.098,0.137,26.00,1,144.8,0.9,0.14846,-0.0,-0.0,-0.0049,-0.01114,OK
4.2186,4.2103,8.3,0,144.6,0.9,0.1464,145.3,1.0,0.1256,0.0,0.0,0.0000,1.9,0.2,-0.0831,1.9,-0.1,0,0.0,0.0,0.0000,-0.43,-0.36,-0.08,-0.14,1,-0.0444,-0.108,0.108,25.00,1,144.6,0.9,0.14724,0.0,0.0,-0.0070,-0.01127,OK
4.2262,4.2103,16.0,0,144.6,0.9,0.1464,145.3,1.0,0.1256,0.0,0.0,0.0000,1.9,0.2,-0.0831,1.9,-0.1,0,0.0,0.0,0.0000,0.11,0.04,0.11,-0.21,1,-0.0444,-0.108,0.108,26.00,1,144.6,0.9,0.14721,-0.0,-0.0,-0.0021,-0.01144,OK
4.2337,4.2274,6.3,0,144.8,0.9,0.1452,145.3,1.0,0.1256,0.0,0.0,0.0000,1.5,0.2,-0.0786,1.5,-0.0,0,0.0,0.0,0.0000,-0.13,0.06,-0.03,-0.09,1,-0.0378,-0.088,0.157,25.00,1,144.7,0.9,0.14669,1.3,-0.4,-0.0041,-0.01157,OK
4.2423,4.2356,6.7,0,144.9,0.9,0.1456,145.3,1.0,0.1256,0.0,0.0,0.0000,1.1,0.2,-0.0800,1.1,-0.0,0,0.0,0.0,0.0000,0.05,-0.01,0.15,-0.11,1,-0.0378,-0.098,0.127,24.00,1,144.8,0.9,0.14643,1.0,-0.1,-0.0020,-0.01170,OK
4.2501,4.2440,6.1,0,144.7,1.0,0.1472,145.3,1.0,0.1256,0.0,0.0,0.0000,1.8,0.0,-0.0866,1.8,-0.2,0,0.0,0.0,0.0000,-0.47,-0.08,-0.14,-0.04,1,-0.0411,-0.127,0.108,25.00,1,144.7,1.0,0.14656,-2.3,1.1,-0.0044,-0.01183,OK
4.2582,4.2525,5.7,0,144.9,0.9,0.1464,145.3,1.0,0.1256,0.0,0.0,0.0000,1.3,0.4,-0.0832,1.3,0.2,0,0.0,0.0,0.0000,0.20,0.13,-0.07,0.10,1,-0.0389,-0.059,0.186,25.00,1,144.8,0.9,0.14652,2.0,-2.8,-0.0003,-0.01197,OK
4.2664,4.2609,5.5,0,144.7,0.9,0.1460,145.3,1.0,0.1256,0.0,0.0,0.0000,1.9,0.3,-0.0815,1.9,0.0,0,0.0,0.0,0.0000,-0.06,-0.31,-0.07,-0.07,1,-0.0389,-0.059,0.186,25.00,1,144.7,0.9,0.14640,-3.8,0.2,-0.0047,-0.01210,OK
4.2745,4.2697,4.7,0,144.9,0.9,0.1441,145.3,1.0,0.1256,0.0,0.0,0.0000,1.0,0.2,-0.0742,1.1,0.1,0,0.0,0.0,0.0000,0.16,-0.13,-0.28,0.00,1,-0.0444,-0.147,0.147,28.00,1,144.8,0.9,0.14596,8.8,-0.4,-0.0097,-0.01225,OK
4.2818,4.2779,3.9,0,144.7,0.9,0.1456,145.3,1.0,0.1256,0.0,0.0,0.0000,1.9,0.4,-0.0802,1.9,0.1,0,0.0,0.0,0.0000,-0.02,-0.10,-0.17,-0.08,1,-0.0456,-0.108,0.147,25.00,1,144.7,0.9,0.14588,-12.8,-1.1,-0.0051,-0.01241,OK
4.2902,4.2864,3.8,0,144.6,0.9,0.1440,145.3,1.0,0.1256,0.0,0.0,0.0000,2.2,0.3,-0.0737,2.2,0.0,0,0.0,0.0,0.0000,-0.44,-0.17,-0.01,-0.27,1,-0.0478,-0.098,0.157,25.00,1,144.6,0.9,0.14550,-11.5,1.6,-0.0161,-0.01256,OK
4.2987,4.2948,3.9,0,144.7,0.9,0.1428,145.3,1.0,0.1256,0.0,0.0,0.0000,1.6,0.4,-0.0690,1.7,0.2,0,0.0,0.0,0.0000,-0.29,-0.04,-0.50,0.04,1,-0.0478,-0.098,0.157,24.00,1,144.7,0.9,0.14499,7.3,-2.0,-0.0187,-0.01271,OK
4.3059,4.3033,2.6,0,144.9,1.0,0.1453,145.3,1.0,0.1256,0.0,0.0,0.0000,1.3,0.1,-0.0791,1.2,-0.1,0,0.0,0.0,0.0000,0.00,-0.17,-0.28,0.31,1,-0.0456,-0.078,0.137,24.00,1,144.8,0.9,0.14504,18.6,8.2,0.0011,-0.01287,OK
4.3143,4.3116,2.7,0,144.9,0.9,0.1435,145.3,1.0,0.1256,0.0,0.0,0.0000,1.2,0.2,-0.0717,1.3,-0.0,0,0.0,0.0,0.0000,-0.29,-0.15,0.00,-0.08,1,-0.0433,-0.108,0.206,25.00,1,144.8,0.9,0.14472,6.5,-0.1,-0.0174,-0.01301,OK
4.3221,4.3202,1.9,0,144.7,0.8,0.1434,145.3,1.0,0.1256,0.0,0.0,0.0000,1.7,0.4,-0.0712,1.8,0.2,0,0.0,0.0,0.0000,-0.14,-0.15,-0.06,-0.13,1,-0.0456,-0.069,0.137,25.00,1,144.7,0.9,0.14444,-16.1,-8.3,-0.0197,-0.01315,OK
4.3302,4.3202,10.0,0,144.7,0.8,0.1434,145.3,1.0,0.1256,0.0,0.0,0.0000,1.7,0.4,-0.0712,1.8,0.2,0,0.0,0.0,0.0000,0.22,-0.05,0.03,-0.29,1,-0.0456,-0.069,0.137,25.00,1,144.8,0.9,0.14446,-0.0,-0.0,-0.0025,-0.01331,OK
4.3385,4.3288,9.7,0,144.7,1.0,0.1419,145.3,1.0,0.1256,0.0,0.0,0.0000,1.7,-0.0,-0.0652,1.6,-0.2,0,0.0,0.0,0.0000,-0.20,-0.20,-0.23,-0.01,1,-0.0444,-0.118,0.177,25.00,1,144.7,1.0,0.14365,0.0,0.0,-0.0046,-0.01344,OK
4.3464,4.3374,9.0,0,144.6,1.0,0.1420,145.3,1.0,0.1256,0.0,0.0,0.0000,2.0,0.0,-0.0655,2.0,-0.2,0,0.0,0.0,0.0000,-0.27,0.11,0.11,-0.52,1,-0.0467,-0.108,0.118,25.00,1,144.6,1.0,0.14315,-0.0,-0.0,-0.0052,-0.01359,OK
4.3543,4.3374,16.9,0,144.6,1.0,0.1420,145.3,1.0,0.1256,0.0,0.0,0.0000,2.0,0.0,-0.0655,2.0,-0.2,0,0.0,0.0,0.0000,-0.06,-0.10,-0.40,-0.13,1,-0.0433,-0.088,0.157,24.00,1,144.6,1.0,0.14311,-0.0,0.0,-0.0045,-0.01372,OK
4.3626,4.3538,8.8,0,144.8,0.9,0.1415,145.3,1.0,0.1256,0.0,0.0,0.0000,1.6,0.3,-0.0636,1.6,0.1,0,0.0,0.0,0.0000,-0.24,0.01,-0.30,-0.27,1,-0.0433,-0.127,0.157,24.00,1,144.7,0.9,0.14259,0.0,-0.0,-0.0054,-0.01384,OK
4.3699,4.3623,7.6,0,144.7,0.8,0.1410,145.3,1.0,0.1256,0.0,0.0,0.0000,1.7,0.5,-0.0617,1.8,0.2,0,0.0,0.0,0.0000,-0.07,-0.28,-0.36,-0.19,1,-0.0433,-0.127,0.157,25.00,1,144.7,0.9,0.14231,-0.0,-0.1,-0.0056,-0.01396,OK
4.3787,4.3708,7.8,0,145.0,0.9,0.1418,145.3,1.0,0.1256,0.0,0.0,0.0000,1.0,0.2,-0.0647,1.0,0.1,0,0.0,0.0,0.0000,0.11,-0.09,0.00,-0.30,1,-0.0422,-0.127,0.108,25.00,1,144.9,0.9,0.14219,0.0,-0.0,-0.0031,-0.01409,OK
4.3864,4.3799,6.5,0,144.9,0.9,0.1411,145.3,1.0,0.1256,0.0,0.0,0.0000,1.2,0.2,-0.0621,1.3,-0.0,0,0.0,0.0,0.0000,-0.04,0.09,0.17,-0.22,1,-0.0356,-0.108,0.186,25.00,1,144.9,0.9,0.14198,-0.0,0.4,-0.0026,-0.01419,OK
4.3946,4.3876,7.0,0,144.8,0.9,0.1431,145.3,1.0,0.1256,0.0,0.0,0.0000,1.5,0.3,-0.0699,1.5,0.1,0,0.0,0.0,0.0000,-0.21,-0.02,0.10,-0.09,1,-0.0367,-0.118,0.059,25.00,1,144.8,0.9,0.14216,-0.3,-0.1,-0.0022,-0.01429,OK
4.4024,4.3962,6.2,0,144.7,1.0,0.1415,145.3,1.0,0.1256,0.0,0.0,0.0000,1.7,0.1,-0.0636,1.7,-0.2,0,0.0,0.0,0.0000,-0.03,-0.29,0.34,-0.02,1,-0.0367,-0.118,0.059,24.00,1,144.8,0.9,0.14202,-1.4,1.3,-0.0024,-0.01439,OK
4.4105,4.4047,5.8,0,144.7,0.9,0.1402,145.3,1.0,0.1256,0.0,0.0,0.0000,1.7,0.4,-0.0586,1.7,0.1,0,0.0,0.0,0.0000,-0.13,-0.03,-0.05,-0.04,1,-0.0367,-0.098,0.167,24.00,1,144.7,0.9,0.14168,-1.1,-1.8,-0.0058,-0.01449,OK
4.4183,4.4047,13.6,0,144.7,0.9,0.1402,145.3,1.0,0.1256,0.0,0.0,0.0000,1.7,0.4,-0.0586,1.7,0.1,0,0.0,0.0,0.0000,0.01,0.00,-0.28,-0.03,1,-0.0378,-0.078,0.137,25.00,1,144.7,0.9,0.14166,-0.0,0.0,-0.0026,-0.01459,OK
4.4265,4.4215,5.0,0,144.8,0.8,0.1404,145.3,1.0,0.1256,0.0,0.0,0.0000,1.3,0.5,-0.0592,1.3,0.3,0,0.0,0.0,0.0000,-0.03,0.02,-0.25,0.04,1,-0.0433,-0.118,0.177,25.00,1,144.8,0.8,0.14137,3.2,-2.1,-0.0067,-0.01472,OK
4.4344,4.4215,12.9,0,144.8,0.8,0.1404,145.3,1.0,0.1256,0.0,0.0,0.0000,1.3,0.5,-0.0592,1.3,0.3,0,0.0,0.0,0.0000,0.38,0.14,0.12,-0.07,1,-0.0456,-0.098,0.157,25.00,1,144.8,0.8,0.14136,-0.0,-0.0,0.0005,-0.01487,OK
4.4424,4.4299,12.5,0,144.7,0.9,0.1411,145.3,1.0,0.1256,0.0,0.0,0.0000,1.8,0.4,-0.0620,1.8,0.1,0,0.0,0.0,0.0000,-0.42,-0.04,-0.10,0.03,1,-0.0456,-0.098,0.157,25.00,1,144.7,0.9,0.14125,0.0,-0.0,-0.0044,-0.01500,OK
4.4507,4.4432,7.5,0,144.8,0.8,0.1394,145.3,1.0,0.1256,0.0,0.0,0.0000,1.4,0.5,-0.0553,1.5,0.2,0,0.0,0.0,0.0000,-0.56,-0.51,-0.17,0.17,1,-0.0544,-0.118,0.157,24.00,1,144.8,0.8,0.14084,0.1,-0.0,-0.0075,-0.01516,OK
4.4583,4.4519,6.4,0,144.8,0.8,0.1368,145.3,1.0,0.1256,0.0,0.0,0.0000,1.5,0.4,-0.0447,1.5,0.2,0,0.0,0.0,0.0000,-0.18,-0.04,-0.01,-0.16,1,-0.0567,-0.069,0.157,25.00,1,144.8,0.8,0.14002,0.1,0.1,-0.0085,-0.01534,OK
4.4662,4.4599,6.2,0,144.8,0.9,0.1408,145.3,1.0,0.1256,0.0,0.0,0.0000,1.5,0.3,-0.0607,1.5,0.1,0,0.0,0.0,0.0000,-0.18,-0.27,0.06,-0.10,1,-0.0533,-0.088,0.196,25.00,1,144.8,0.9,0.14012,0.3,0.8,-0.0036,-0.01550,OK
4.4745,4.4676,6.9,0,144.9,1.0,0.1419,145.3,1.0,0.1256,0.0,0.0,0.0000,1.0,0.0,-0.0652,1.0,-0.1,0,0.0,0.0,0.0000,0.36,-0.43,-0.35,-0.34,1,-0.0533,-0.088,0.196,25.00,1,144.9,0.9,0.14043,0.9,0.5,-0.0043,-0.01566,OK
4.4819,4.4774,4.5,0,144.6,0.8,0.1345,145.3,1.0,0.1256,0.0,0.0,0.0000,2.1,0.6,-0.0357,2.1,0.3,0,0.0,0.0,0.0000,-0.04,-0.12,0.00,-0.36,1,-0.0544,-0.118,0.127,25.00,1,144.7,0.8,0.13923,-16.0,-6.3,-0.0341,-0.01582,OK
4.4902,4.4774,12.8,0,144.6,0.8,0.1345,145.3,1.0,0.1256,0.0,0.0,0.0000,2.1,0.6,-0.0357,2.1,0.3,0,0.0,0.0,0.0000,-0.22,0.49,-0.08,0.27,1,-0.0500,-0.137,0.206,24.00,1,144.7,0.8,0.13920,0.0,-0.0,-0.0007,-0.01598,OK
4.4978,4.4960,1.8,0,144.8,0.8,0.1396,145.3,1.0,0.1256,0.0,0.0,0.0000,1.5,0.4,-0.0561,1.5,0.2,0,0.0,0.0,0.0000,-0.07,0.08,-0.39,-0.11,1,-0.0467,-0.088,0.118,24.00,1,144.8,0.8,0.13928,8.8,-0.5,0.0028,-0.01611,OK
4.5067,4.4960,10.6,0,144.8,0.8,0.1396,145.3,1.0,0.1256,0.0,0.0,0.0000,1.5,0.4,-0.0561,1.5,0.2,0,0.0,0.0,0.0000,-0.10,-0.38,-0.13,-0.44,1,-0.0467,-0.137,0.157,25.00,1,144.8,0.8,0.13925,0.0,-0.0,-0.0068,-0.01623,OK
4.5141,4.5025,11.6,0,144.8,0.8,0.1366,145.3,1.0,0.1256,0.0,0.0,0.0000,1.5,0.5,-0.0441,1.5,0.3,0,0.0,0.0,0.0000,-0.12,-0.19,-0.22,-0.17,1,-0.0467,-0.137,0.157,25.00,1,144.8,0.8,0.13827,0.0,0.0,-0.0049,-0.01634,OK
4.5223,4.5144,7.9,0,144.8,0.9,0.1382,145.3,1.0,0.1256,0.0,0.0,0.0000,1.4,0.3,-0.0504,1.4,0.1,0,0.0,0.0,0.0000,-0.27,-0.25,0.09,-0.04,1,-0.0444,-0.098,0.127,25.00,1,144.8,0.9,0.13823,0.0,0.0,-0.0040,-0.01646,OK
4.5298,4.5144,15.3,0,144.8,0.9,0.1382,145.3,1.0,0.1256,0.0,0.0,0.0000,1.4,0.3,-0.0504,1.4,0.1,0,0.0,0.0,0.0000,0.07,0.04,-0.33,-0.14,1,-0.0378,-0.098,0.137,25.00,1,144.8,0.9,0.13820,-0.0,0.0,-0.0027,-0.01655,OK
4.5385,4.5144,24.1,0,144.8,0.9,0.1382,145.3,1.0,0.1256,0.0,0.0,0.0000,1.4,0.3,-0.0504,1.4,0.1,0,0.0,0.0,0.0000,0.14,0.03,-0.06,-0.06,1,-0.0344,-0.088,0.167,25.00,1,144.8,0.9,0.13819,0.0,-0.0,-0.0009,-0.01663,OK
4.5464,4.5144,31.9,0,144.8,0.9,0.1382,145.3,1.0,0.1256,0.0,0.0,0.0000,1.4,0.3,-0.0504,1.4,0.1,0,0.0,0.0,0.0000,0.09,-0.11,-0.12,0.03,1,-0.0344,-0.088,0.167,25.00,1,144.8,0.9,0.13818,0.0,0.0,-0.0014,-0.01671,OK
4.5543,4.5144,39.9,0,144.8,0.9,0.1382,145.3,1.0,0.1256,0.0,0.0,0.0000,1.4,0.3,-0.0504,1.4,0.1,0,0.0,0.0,0.0000,-0.23,0.16,0.05,-0.16,1,-0.0356,-0.127,0.127,25.00,1,144.8,0.9,0.13816,0.0,-0.0,-0.0023,-0.01678,OK
4.5628,4.5144,48.4,0,144.8,0.9,0.1382,145.3,1.0,0.1256,0.0,0.0,0.0000,1.4,0.3,-0.0504,1.4,0.1,0,0.0,0.0,0.0000,-0.02,-0.08,-0.39,-0.16,1,-0.0367,-0.098,0.147,24.00,1,144.8,0.9,0.13814,-0.0,0.0,-0.0038,-0.01686,OK
4.5698,4.5144,55.4,0,144.8,0.9,0.1382,145.3,1.0,0.1256,0.0,0.0,0.0000,1.4,0.3,-0.0504,1.4,0.1,0,0.0,0.0,0.0000,-0.09,-0.31,-0.12,-0.10,1,-0.0378,-0.088,0.147,25.00,1,144.8,0.9,0.13811,0.0,-0.0,-0.0038,-0.01694,OK
4.5779,4.5144,63.5,0,144.8,0.9,0.1382,145.3,1.0,0.1256,0.0,0.0,0.0000,1.4,0.3,-0.0504,1.4,0.1,0,0.0,0.0,0.0000,-0.12,0.00,0.26,-0.03,1,-0.0367,-0.118,0.167,25.00,1,144.8,0.9,0.13809,0.0,-0.0,-0.0011,-0.01703,OK
4.5859,4.5144,71.5,0,144.8,0.9,0.1382,145.3,1.0,0.1256,0.0,0.0,0.0000,1.4,0.3,-0.0504,1.4,0.1,0,0.0,0.0,0.0000,0.03,-0.21,-0.01,0.01,1,-0.0367,-0.118,0.167,26.00,1,144.8,0.9,0.13808,-0.0,0.0,-0.0019,-0.01711,OK
4.5939,4.5144,79.5,0,144.8,0.9,0.1382,145.3,1.0,0.1256,0.0,0.0,0.0000,1.4,0.3,-0.0504,1.4,0.1,0,0.0,0.0,0.0000,-0.17,-0.21,-0.22,-0.01,1,-0.0411,-0.088,0.137,25.00,1,144.8,0.9,0.13806,0.0,0.0,-0.0040,-0.01720,OK
4.6018,4.5144,87.3,0,144.8,0.9,0.1382,145.3,1.0,0.1256,0.0,0.0,0.0000,1.4,0.3,-0.0504,1.4,0.1,0,0.0,0.0,0.0000,-0.12,-0.37,-0.58,0.00,1,-0.0444,-0.118,0.177,24.00,1,144.8,0.9,0.13802,-0.0,0.0,-0.0058,-0.01730,OK
