t_s,tv_s,vision_age_ms,held,pose_x_mm,pose_y_mm,pose_theta_rad,ref_x_mm,ref_y_mm,ref_theta_rad,ref_vx_mm_s,ref_vy_mm_s,ref_omega_rad_s,cmd_world_vx_mm_s,cmd_world_vy_mm_s,cmd_omega_rad_s,cmd_body_vx_mm_s,cmd_body_vy_mm_s,near_goal,pred_x_mm,pred_y_mm,pred_theta_rad,wheel_fl_rad_s,wheel_bl_rad_s,wheel_br_rad_s,wheel_fr_rad_s,imu_valid,imu_yaw_rate_rad_s,imu_accel_x_m_s2,imu_accel_y_m_s2,battery_v,est_valid,est_x_mm,est_y_mm,est_theta_rad,est_vx_mm_s,est_vy_mm_s,est_omega_rad_s,est_gyro_bias_rad_s,est_health
-0.2934,-0.3012,7.8,0,144.5,0.7,0.1407,144.5,0.7,0.1407,0.0,0.0,0.0000,0.0,0.0,0.0000,0.0,0.0,0,0.0,0.0,0.0000,0.13,0.02,0.44,-0.11,1,-0.0067,-0.098,0.147,25.00,1,144.5,0.7,0.14071,0.0,0.0,-0.0067,-0.00000,OK
-0.2853,-0.2917,6.4,0,144.5,0.7,0.1441,144.5,0.7,0.1407,0.0,0.0,0.0000,-0.1,-0.1,-0.0136,-0.2,-0.1,0,0.0,0.0,0.0000,-0.03,-0.01,-0.28,-0.12,1,-0.0067,-0.088,0.147,24.00,1,144.5,0.7,0.14228,4.2,2.7,-0.0318,0.02346,OK
-0.2772,-0.2839,6.7,0,144.8,0.6,0.1442,144.5,0.7,0.1407,0.0,0.0,0.0000,-0.8,0.1,-0.0139,-0.8,0.3,0,0.0,0.0,0.0000,-0.22,-0.01,0.05,-0.04,1,-0.0067,-0.098,0.147,24.00,1,144.7,0.6,0.14282,23.9,-12.4,-0.0257,0.02102,OK
-0.2690,-0.2756,6.6,0,144.6,0.8,0.1409,144.5,0.7,0.1407,0.0,0.0,0.0000,-0.5,-0.4,-0.0009,-0.6,-0.3,0,0.0,0.0,0.0000,-0.08,-0.19,-0.19,0.13,1,-0.0078,-0.118,0.147,24.00,1,144.7,0.8,0.14213,3.4,14.4,-0.0288,0.02069,OK
-0.2611,-0.2674,6.3,0,144.6,0.8,0.1436,144.5,0.7,0.1407,0.0,0.0,0.0000,-0.5,-0.4,-0.0117,-0.6,-0.4,0,0.0,0.0,0.0000,-0.05,0.56,0.18,0.29,1,-0.0078,-0.118,0.147,25.00,1,144.6,0.8,0.14277,-1.2,-0.3,0.0338,-0.00614,OK
-0.2537,-0.2589,5.3,0,144.7,0.8,0.1443,144.5,0.7,0.1407,0.0,0.0,0.0000,-0.7,-0.3,-0.0143,-0.7,-0.2,0,0.0,0.0,0.0000,0.26,2.50,0.07,0.16,1,-0.0078,-0.118,0.147,25.00,1,144.7,0.8,0.14373,-1.1,-9.7,0.0755,-0.02979,OK
-0.2448,-0.2504,5.5,0,144.6,0.8,0.1424,144.5,0.7,0.1407,0.0,0.0,0.0000,-0.5,-0.3,-0.0067,-0.6,-0.2,0,0.0,0.0,0.0000,0.26,0.02,-0.21,0.04,1,-0.0078,-0.118,0.147,25.00,1,144.6,0.8,0.14364,-1.4,7.7,0.0164,-0.02862,OK
-0.2368,-0.2421,5.4,0,144.6,0.6,0.1399,144.5,0.7,0.1407,0.0,0.0,0.0000,-0.4,0.1,0.0034,-0.4,0.2,0,0.0,0.0,0.0000,0.13,-0.18,-0.06,0.00,1,-0.0078,-0.108,0.137,24.00,1,144.6,0.6,0.14286,-5.0,-11.7,-0.0025,-0.02365,OK
-0.2297,-0.2332,3.4,0,144.4,0.8,0.1396,144.5,0.7,0.1407,0.0,0.0,0.0000,0.2,-0.4,0.0044,0.1,-0.4,0,0.0,0.0,0.0000,-0.24,0.07,-0.07,-0.34,1,-0.0078,-0.098,0.157,24.00,1,144.4,0.8,0.14193,-21.6,25.5,-0.0429,-0.01299,OK
-0.2213,-0.2268,5.5,0,144.6,0.8,0.1431,144.5,0.7,0.1407,0.0,0.0,0.0000,-0.4,-0.3,-0.0095,-0.4,-0.2,0,0.0,0.0,0.0000,0.09,-0.05,0.26,-0.11,1,-0.0078,-0.098,0.157,24.00,1,144.6,0.8,0.14222,18.9,-4.1,0.0117,-0.01421,OK
-0.2137,-0.2161,2.4,0,144.7,0.7,0.1440,144.5,0.7,0.1407,0.0,0.0,0.0000,-0.7,-0.2,-0.0131,-0.7,-0.1,0,0.0,0.0,0.0000,-0.07,-0.56,0.06,0.15,1,-0.0067,-0.127,0.157,25.00,1,144.7,0.7,0.14257,17.4,-5.7,0.0189,-0.01256,OK
-0.2050,-0.2082,3.2,0,144.7,0.8,0.1427,144.5,0.7,0.1407,0.0,0.0,0.0000,-0.6,-0.3,-0.0079,-0.7,-0.2,0,0.0,0.0,0.0000,-0.12,0.38,0.04,-0.22,1,-0.0078,-0.049,0.147,25.00,1,144.7,0.8,0.14257,-2.5,5.4,0.0014,-0.01174,OK
-0.1975,-0.2082,10.7,0,144.7,0.8,0.1427,144.5,0.7,0.1407,0.0,0.0,0.0000,-0.6,-0.3,-0.0079,-0.7,-0.2,0,0.0,0.0,0.0000,-0.13,0.03,0.22,0.04,1,-0.0067,-0.118,0.157,25.00,1,144.7,0.8,0.14257,0.0,0.0,0.0007,-0.01105,OK
-0.1892,-0.2082,19.0,0,144.7,0.8,0.1427,144.5,0.7,0.1407,0.0,0.0,0.0000,-0.6,-0.3,-0.0079,-0.7,-0.2,0,0.0,0.0,0.0000,0.91,-0.10,-0.14,0.12,1,-0.0067,-0.118,0.157,24.00,1,144.6,0.8,0.14281,-10.3,16.0,0.0418,-0.01617,OK
-0.1805,-0.2082,27.7,0,144.7,0.8,0.1427,144.5,0.7,0.1407,0.0,0.0,0.0000,-0.6,-0.3,-0.0079,-0.7,-0.2,0,0.0,0.0,0.0000,0.03,0.04,0.30,-0.10,1,-0.0078,-0.127,0.157,25.00,1,144.6,0.9,0.14306,-1.8,-1.2,0.0133,-0.01679,OK
-0.1728,-0.2082,35.4,0,144.7,0.8,0.1427,144.5,0.7,0.1407,0.0,0.0,0.0000,-0.6,-0.3,-0.0079,-0.7,-0.2,0,0.0,0.0,0.0000,-0.81,0.02,-0.21,-0.02,1,-0.0111,-0.118,0.186,25.00,1,144.6,0.9,0.14283,2.9,-2.7,-0.0400,-0.01114,OK
-0.1648,-0.2082,43.4,0,144.7,0.8,0.1427,144.5,0.7,0.1407,0.0,0.0,0.0000,-0.6,-0.3,-0.0079,-0.7,-0.2,0,0.0,0.0,0.0000,-0.08,-0.31,-0.04,-0.04,1,-0.0100,-0.078,0.118,25.00,1,144.6,0.9,0.14254,0.3,5.5,-0.0177,-0.00894,OK
-0.1569,-0.2082,51.3,0,144.7,0.8,0.1427,144.5,0.7,0.1407,0.0,0.0,0.0000,-0.6,-0.3,-0.0079,-0.7,-0.2,0,0.0,0.0,0.0000,-0.18,0.14,-0.28,-0.04,1,-0.0044,-0.059,0.147,25.00,1,144.6,0.9,0.14236,-4.2,2.1,-0.0122,-0.00707,OK
-0.1490,-0.2082,59.2,0,144.7,0.8,0.1427,144.5,0.7,0.1407,0.0,0.0,0.0000,-0.6,-0.3,-0.0079,-0.7,-0.2,0,0.0,0.0,0.0000,-0.02,-0.12,0.31,-0.58,1,-0.0044,-0.059,0.147,24.00,1,144.5,0.9,0.14215,-3.8,-5.4,-0.0194,-0.00470,OK
-0.1410,-0.2082,67.2,0,144.7,0.8,0.1427,144.5,0.7,0.1407,0.0,0.0,0.0000,-0.6,-0.3,-0.0079,-0.7,-0.2,0,0.0,0.0,0.0000,0.36,0.04,0.14,0.45,1,0.0000,-0.127,0.127,24.00,1,144.5,0.9,0.14243,-0.1,8.0,0.0463,-0.00900,OK
-0.1334,-0.2082,74.8,0,144.7,0.8,0.1427,144.5,0.7,0.1407,0.0,0.0,0.0000,-0.6,-0.3,-0.0079,-0.7,-0.2,0,0.0,0.0,0.0000,0.05,0.18,0.09,0.16,1,-0.0011,-0.098,0.186,25.00,1,144.5,0.9,0.14259,-0.0,0.0,0.0025,-0.00847,OK
-0.1250,-0.1264,1.4,0,144.5,0.8,0.1380,144.5,0.7,0.1407,0.0,0.0,0.0000,-0.2,-0.3,0.0107,-0.3,-0.3,0,0.0,0.0,0.0000,-0.01,0.10,-0.25,-0.14,1,-0.0100,-0.118,0.177,25.00,1,144.5,0.8,0.14073,-0.3,-1.6,-0.0566,-0.00789,OK
-0.1176,-0.1264,8.8,0,144.5,0.8,0.1380,144.5,0.7,0.1407,0.0,0.0,0.0000,-0.2,-0.3,0.0107,-0.3,-0.3,0,0.0,0.0,0.0000,0.10,0.02,-0.13,0.21,1,-0.0100,-0.118,0.177,25.00,1,144.5,0.8,0.14084,0.0,0.0,0.0009,-0.00811,OK
-0.1092,-0.1264,17.1,0,144.5,0.8,0.1380,144.5,0.7,0.1407,0.0,0.0,0.0000,-0.2,-0.3,0.0107,-0.3,-0.3,0,0.0,0.0,0.0000,-0.10,0.15,-0.24,-0.04,1,-0.0167,-0.137,0.137,24.00,1,144.5,0.8,0.14085,-0.0,-0.0,-0.0015,-0.00866,OK
-0.1009,-0.1264,25.4,0,144.5,0.8,0.1380,144.5,0.7,0.1407,0.0,0.0,0.0000,-0.2,-0.3,0.0107,-0.3,-0.3,0,0.0,0.0,0.0000,-0.05,-0.65,0.30,0.09,1,-0.0167,-0.039,0.127,25.00,1,144.5,0.8,0.14085,0.0,0.0,-0.0017,-0.00912,OK
-0.0934,-0.1264,33.0,0,144.5,0.8,0.1380,144.5,0.7,0.1407,0.0,0.0,0.0000,-0.2,-0.3,0.0107,-0.3,-0.3,0,0.0,0.0,0.0000,-0.12,0.03,0.14,-0.09,1,-0.0144,-0.098,0.177,25.00,1,144.5,0.8,0.14085,-0.0,-0.0,-0.0007,-0.00943,OK
-0.0851,-0.1264,41.3,0,144.5,0.8,0.1380,144.5,0.7,0.1407,0.0,0.0,0.0000,-0.2,-0.3,0.0107,-0.3,-0.3,0,0.0,0.0,0.0000,-0.28,0.23,-0.14,0.19,1,-0.0122,-0.098,0.147,26.00,1,144.5,0.8,0.14085,0.0,0.0,-0.0003,-0.00959,OK
-0.0773,-0.1264,49.1,0,144.5,0.8,0.1380,144.5,0.7,0.1407,0.0,0.0,0.0000,-0.2,-0.3,0.0107,-0.3,-0.3,0,0.0,0.0,0.0000,-0.36,-0.12,-0.18,0.15,1,-0.0122,-0.098,0.147,25.00,1,144.5,0.8,0.14084,0.0,0.0,-0.0023,-0.00961,OK
-0.0697,-0.1264,56.7,0,144.5,0.8,0.1380,144.5,0.7,0.1407,0.0,0.0,0.0000,-0.2,-0.3,0.0107,-0.3,-0.3,0,0.0,0.0,0.0000,-0.04,-0.07,0.21,-0.01,1,-0.0078,-0.098,0.186,25.00,1,144.5,0.8,0.14083,-0.0,-0.0,0.0003,-0.00952,OK
-0.0608,-0.1264,65.6,0,144.5,0.8,0.1380,144.5,0.7,0.1407,0.0,0.0,0.0000,-0.2,-0.3,0.0107,-0.3,-0.3,0,0.0,0.0,0.0000,0.06,0.06,0.02,-0.46,1,-0.0011,-0.108,0.157,25.00,1,144.5,0.8,0.14081,-0.0,-0.0,-0.0011,-0.00901,OK
-0.0532,-0.0532,0.1,0,144.8,0.8,0.1440,144.5,0.7,0.1407,0.0,0.0,0.0000,-0.9,-0.3,-0.0133,-0.9,-0.1,0,0.0,0.0,0.0000,0.30,0.13,0.08,-0.31,1,0.0022,-0.157,0.127,24.00,1,144.8,0.8,0.14231,12.4,-2.3,0.0518,-0.00866,OK
-0.0452,-0.0465,1.3,0,144.5,0.7,0.1416,144.5,0.7,0.1407,0.0,0.0,0.0000,-0.1,-0.2,-0.0034,-0.1,-0.2,0,0.0,0.0,0.0000,0.00,-0.48,0.11,0.15,1,0.0022,-0.157,0.127,25.00,1,144.5,0.7,0.14189,-47.1,-0.2,-0.0219,-0.00866,OK
-0.0369,-0.0465,9.6,0,144.5,0.7,0.1416,144.5,0.7,0.1407,0.0,0.0,0.0000,-0.1,-0.2,-0.0034,-0.1,-0.2,0,0.0,0.0,0.0000,-0.17,0.17,-0.07,0.39,1,0.0044,-0.098,0.137,25.00,1,144.5,0.7,0.14192,-0.0,0.0,0.0022,-0.00812,OK
-0.0291,-0.0313,2.2,0,144.8,0.7,0.1422,144.5,0.7,0.1407,0.0,0.0,0.0000,-1.1,-0.1,-0.0060,-1.1,0.1,0,0.0,0.0,0.0000,-0.07,0.17,0.05,-0.06,1,0.0033,0.000,0.186,25.00,1,144.8,0.7,0.14202,38.2,-10.1,0.0040,-0.00764,OK
-0.0209,-0.0224,1.5,0,144.7,0.7,0.1443,144.5,0.7,0.1407,0.0,0.0,0.0000,-0.7,-0.2,-0.0144,-0.7,-0.1,0,0.0,0.0,0.0000,0.17,0.06,0.02,-0.14,1,-0.0022,-0.137,0.098,24.00,1,144.7,0.7,0.14266,-20.6,9.1,0.0340,-0.00747,OK
-0.0133,-0.0135,0.2,0,144.6,0.9,0.1444,144.5,0.7,0.1407,0.0,0.0,0.0000,-0.5,-0.6,-0.0148,-0.5,-0.5,0,0.0,0.0,0.0000,0.10,0.17,0.00,0.18,1,-0.0078,-0.088,0.186,24.00,1,144.6,0.9,0.14314,-12.3,25.2,0.0397,-0.00760,OK
-0.0057,-0.0135,7.8,0,144.6,0.9,0.1444,144.5,0.7,0.1407,0.0,0.0,0.0000,-0.5,-0.6,-0.0148,-0.5,-0.5,0,0.0,0.0,0.0000,0.37,0.09,-0.17,-0.03,1,-0.0078,-0.088,0.186,25.00,1,144.6,0.8,0.14311,-6.8,7.9,0.0314,-0.00760,OK
0.0030,0.0030,0.1,0,144.7,0.8,0.1437,144.5,0.7,0.1408,0.0,0.0,0.0283,-0.5,-0.4,0.2687,-0.6,-0.3,0,0.0,0.0,0.0000,0.49,-0.11,0.18,0.00,1,-0.0167,-0.078,0.177,25.00,1,144.7,0.8,0.14339,3.9,-9.7,0.0104,-0.00807,OK
0.0102,0.0030,7.3,0,144.7,0.8,0.1437,144.5,0.7,0.1408,0.0,0.0,0.0283,-0.5,-0.4,0.2916,-0.6,-0.3,0,0.0,0.0,0.0000,-0.24,-0.22,0.03,0.12,1,-0.0211,-0.157,0.108,25.00,1,144.7,0.8,0.14327,7.4,-3.9,-0.0286,-0.00807,OK
0.0192,0.0125,6.7,0,144.5,0.7,0.1411,144.5,0.7,0.1410,0.0,0.0,0.0428,-0.2,-0.2,0.3226,-0.2,-0.2,0,0.0,0.0,0.0000,-0.20,-0.12,-0.16,-0.11,1,-0.0211,-0.029,0.167,25.00,1,144.5,0.7,0.14264,-1.8,-0.4,-0.0047,-0.00844,OK
0.0263,0.0221,4.2,0,144.4,0.6,0.1380,144.5,0.7,0.1415,0.0,0.0,0.0664,0.2,0.1,0.3500,0.2,0.1,0,0.0,0.0,0.0000,-0.04,0.12,0.03,0.00,1,-0.0211,-0.029,0.167,25.00,1,144.4,0.6,0.14157,-16.4,-11.8,-0.0281,-0.00888,OK
0.0347,0.0284,6.3,0,144.7,0.8,0.1411,144.5,0.7,0.1420,0.0,0.0,0.0854,-0.5,-0.2,0.3783,-0.5,-0.1,0,0.0,0.0,0.0000,-0.20,-0.02,-0.26,-0.05,1,-0.0167,-0.108,0.118,25.00,1,144.6,0.7,0.14145,11.6,3.6,-0.0033,-0.00906,OK
0.0435,0.0367,6.8,0,144.8,0.8,0.1438,144.5,0.7,0.1428,0.0,0.0,0.1101,-0.9,-0.3,0.4071,-0.9,-0.2,0,0.0,0.0,0.0000,-0.08,0.18,0.01,-0.10,1,-0.0078,-0.098,0.137,25.00,1,144.8,0.8,0.14194,1.3,0.1,0.0013,-0.00903,OK
0.0512,0.0456,5.6,0,144.7,0.8,0.1425,144.5,0.7,0.1439,0.0,0.0,0.1365,-0.6,-0.5,0.4338,-0.7,-0.4,0,0.0,0.0,0.0000,0.17,0.07,0.22,-0.04,1,0.0289,-0.088,0.078,25.00,1,144.7,0.8,0.14208,-5.1,5.1,0.0055,-0.00786,OK
0.0589,0.0557,3.2,0,144.5,0.7,0.1438,144.5,0.7,0.1455,0.0,0.0,0.1669,-0.2,-0.1,0.4603,-0.3,-0.1,0,0.0,0.0,0.0000,0.58,0.04,0.19,0.58,1,0.1611,-0.010,0.196,25.00,1,144.5,0.7,0.14259,-20.6,-17.3,0.0340,-0.00531,OK
0.0669,0.0624,4.4,0,144.5,0.7,0.1431,144.5,0.7,0.1466,0.0,0.0,0.1872,-0.0,-0.1,0.4851,-0.1,-0.1,0,0.0,0.0,0.0000,0.67,0.80,0.55,0.74,1,0.1611,-0.010,0.196,25.00,1,144.5,0.7,0.14384,-9.4,4.7,0.1961,-0.00648,OK
0.0746,0.0624,12.2,0,144.5,0.7,0.1431,144.5,0.7,0.1466,0.0,0.0,0.1872,0.1,-0.1,0.5100,0.1,-0.2,0,0.0,0.0,0.0000,1.62,0.75,1.04,0.58,1,0.2956,-0.167,0.078,24.00,1,144.4,0.7,0.14513,-11.4,0.4,0.3205,-0.00710,OK
0.0831,0.0795,3.7,0,144.6,0.8,0.1508,144.5,0.7,0.1502,0.0,0.0,0.2384,-0.3,-0.4,0.5242,-0.4,-0.4,0,0.0,0.0,0.0000,0.71,0.95,0.90,0.95,1,0.3889,-0.118,0.098,25.00,1,144.6,0.8,0.14995,15.1,4.2,0.3766,-0.00629,OK
0.0909,0.0898,1.2,0,144.5,0.7,0.1504,144.5,0.7,0.1529,0.0,0.0,0.2694,-0.1,-0.2,0.5427,-0.1,-0.1,0,0.0,0.0,0.0000,0.87,0.57,1.20,1.19,1,0.4511,-0.157,-0.039,25.00,1,144.5,0.7,0.15327,-23.7,-14.8,0.3474,-0.00551,OK
0.0982,0.0969,1.3,0,144.7,0.7,0.1498,144.5,0.7,0.1548,0.0,0.0,0.2909,-0.6,-0.2,0.5660,-0.6,-0.1,0,0.0,0.0,0.0000,1.16,0.95,0.82,1.37,1,0.4511,-0.157,-0.039,24.00,1,144.7,0.7,0.15493,31.4,-4.9,0.3138,-0.00514,OK
0.1073,0.1047,2.6,0,144.4,0.9,0.1586,144.5,0.7,0.1572,0.0,0.0,0.3142,0.1,-0.7,0.5885,0.0,-0.7,0,0.0,0.0,0.0000,1.23,0.98,0.71,1.30,1,0.4978,-0.177,-0.000,24.00,1,144.4,0.9,0.15887,-38.9,37.0,0.4752,-0.00474,OK
0.1147,0.1047,10.0,0,144.4,0.9,0.1586,144.5,0.7,0.1572,0.0,0.0,0.3142,0.2,-0.8,0.6159,0.1,-0.8,0,0.0,0.0,0.0000,2.05,1.14,1.17,2.16,1,0.5311,-0.196,0.049,25.00,1,144.4,0.9,0.16005,-11.0,22.5,0.5750,-0.00495,OK
0.1226,0.1174,5.2,0,144.4,0.8,0.1612,144.5,0.7,0.1615,0.0,0.0,0.3523,0.3,-0.5,0.6308,0.2,-0.5,0,0.0,0.0,0.0000,2.14,1.40,0.66,2.04,1,0.5611,-0.167,0.088,24.00,1,144.4,0.8,0.16506,-8.3,-2.8,0.5632,-0.00471,OK
0.1311,0.1273,3.7,0,144.5,0.9,0.1651,144.5,0.7,0.1651,0.0,0.0,0.3818,-0.1,-0.6,0.6518,-0.2,-0.6,0,0.0,0.0,0.0000,2.14,1.40,0.31,1.47,1,0.5611,-0.167,0.088,25.00,1,144.5,0.9,0.16936,17.0,2.7,0.5099,-0.00439,OK
0.1388,0.1362,2.7,0,144.5,0.9,0.1704,144.5,0.7,0.1686,0.0,0.0,0.4083,-0.1,-0.7,0.6715,-0.2,-0.7,0,0.0,0.0,0.0000,1.38,1.40,0.18,1.77,1,0.5800,-0.255,0.392,25.00,1,144.5,0.9,0.17343,-4.4,5.4,0.5065,-0.00404,OK
0.1470,0.1426,4.4,0,144.5,0.9,0.1768,144.5,0.7,0.1712,0.0,0.0,0.4276,-0.0,-0.6,0.6949,-0.1,-0.6,0,0.0,0.0,0.0000,1.61,1.33,0.06,1.85,1,0.5933,-0.294,0.402,24.00,1,144.5,0.9,0.17714,-4.1,-5.9,0.5702,-0.00391,OK
0.1550,0.1506,4.4,0,144.4,0.9,0.1811,144.5,0.7,0.1748,0.0,0.0,0.4518,0.2,-0.7,0.7151,0.1,-0.7,0,0.0,0.0,0.0000,1.46,1.57,0.73,2.02,1,0.6100,-0.275,0.422,24.00,1,144.4,0.9,0.18183,-10.6,4.7,0.5990,-0.00385,OK
0.1626,0.1601,2.5,0,144.5,0.9,0.1868,144.5,0.7,0.1791,0.0,0.0,0.4802,-0.1,-0.6,0.7298,-0.2,-0.6,0,0.0,0.0,0.0000,1.09,1.45,1.28,1.95,1,0.6233,-0.177,0.196,25.00,1,144.5,0.9,0.18745,16.2,-6.3,0.5992,-0.00383,OK
0.1704,0.1690,1.4,0,144.5,0.9,0.1940,144.5,0.7,0.1837,0.0,0.0,0.5071,-0.1,-0.6,0.7452,-0.3,-0.6,0,0.0,0.0,0.0000,1.53,1.59,1.57,2.10,1,0.6233,-0.177,0.196,25.00,1,144.5,0.9,0.19342,-0.6,3.5,0.6580,-0.00385,OK
0.1789,0.1690,9.9,0,144.5,0.9,0.1940,144.5,0.7,0.1837,0.0,0.0,0.5071,-0.2,-0.6,0.7838,-0.3,-0.5,0,0.0,0.0,0.0000,1.79,1.55,1.68,1.82,1,0.6311,0.029,0.039,25.00,1,144.5,0.9,0.19460,1.5,-2.6,0.6480,-0.00380,OK
0.1869,0.1807,6.3,0,144.4,0.6,0.1994,144.5,0.7,0.1897,0.0,0.0,0.5421,0.1,0.0,0.8013,0.1,0.0,0,0.0,0.0,0.0000,1.73,1.46,1.62,1.85,1,0.6478,0.000,0.039,25.00,1,144.4,0.7,0.20057,-6.9,-12.7,0.6513,-0.00368,OK
0.1952,0.1909,4.3,0,144.4,0.9,0.2023,144.5,0.7,0.1954,0.0,0.0,0.5729,0.1,-0.7,0.8219,-0.0,-0.7,0,0.0,0.0,0.0000,1.94,1.65,1.92,1.81,1,0.6744,-0.098,0.049,24.00,1,144.4,0.9,0.20628,3.5,24.4,0.6536,-0.00330,OK
0.2032,0.1997,3.4,0,144.3,1.2,0.2099,144.5,0.7,0.2006,0.0,0.0,0.5992,0.4,-1.5,0.8431,0.1,-1.6,0,0.0,0.0,0.0000,1.76,1.86,1.97,2.08,1,0.6744,-0.098,0.049,25.00,1,144.3,1.2,0.21177,-5.7,39.9,0.6726,-0.00310,OK
0.2109,0.2066,4.3,0,144.4,1.2,0.2143,144.5,0.7,0.2048,0.0,0.0,0.6196,0.3,-1.8,0.8672,-0.1,-1.8,0,0.0,0.0,0.0000,1.98,1.77,2.08,2.16,1,0.7156,-0.069,0.147,25.00,1,144.4,1.3,0.21626,10.9,6.4,0.7156,-0.00290,OK
0.2193,0.2147,4.6,0,144.5,1.5,0.2185,144.5,0.7,0.2099,0.0,0.0,0.6438,-0.2,-2.4,0.8926,-0.7,-2.3,0,0.0,0.0,0.0000,2.08,2.09,2.29,2.01,1,0.7700,-0.020,0.304,25.00,1,144.5,1.5,0.22166,23.2,21.8,0.7579,-0.00261,OK
0.2262,0.2248,1.4,0,145.1,1.3,0.2332,144.5,0.7,0.2165,0.0,0.0,0.6744,-1.9,-1.9,0.8948,-2.2,-1.4,0,0.0,0.0,0.0000,1.89,2.29,2.25,2.26,1,0.8289,0.000,0.382,25.00,1,145.1,1.3,0.23088,68.3,-54.6,0.8908,-0.00282,OK
0.2346,0.2248,9.8,0,145.1,1.3,0.2332,144.5,0.7,0.2165,0.0,0.0,0.6744,-2.0,-1.8,0.9325,-2.4,-1.3,0,0.0,0.0,0.0000,2.60,2.42,2.46,2.33,1,0.8800,0.039,0.226,24.00,1,145.1,1.3,0.23245,29.6,-9.2,0.8951,-0.00268,OK
0.2429,0.2248,18.1,0,145.1,1.3,0.2332,144.5,0.7,0.2165,0.0,0.0,0.6744,-2.9,-1.7,0.9432,-3.2,-0.9,0,0.0,0.0,0.0000,2.15,2.69,2.76,2.39,1,0.8800,0.039,0.226,24.00,1,145.4,1.2,0.23985,32.0,-18.3,0.8945,-0.00257,OK
0.2518,0.2248,27.0,0,145.1,1.3,0.2332,144.5,0.7,0.2165,0.0,0.0,0.6744,-3.7,-1.5,0.9463,-4.0,-0.5,0,0.0,0.0,0.0000,2.78,2.57,2.62,2.66,1,0.9289,0.059,0.108,26.00,1,145.7,1.2,0.24798,26.1,-5.8,0.9480,-0.00242,OK
0.2585,0.2248,33.7,0,145.1,1.3,0.2332,144.5,0.7,0.2165,0.0,0.0,0.6744,-4.2,-1.4,0.9441,-4.4,-0.3,0,0.0,0.0,0.0000,2.62,2.71,2.67,2.03,1,0.9933,0.098,0.098,25.00,1,145.9,1.2,0.25454,18.4,-14.3,0.9800,-0.00258,OK
0.2668,0.2248,42.0,0,145.1,1.3,0.2332,144.5,0.7,0.2165,0.0,0.0,0.6744,-4.7,-1.2,0.9381,-4.9,0.1,0,0.0,0.0,0.0000,2.97,2.84,2.85,2.56,1,1.0767,0.157,0.196,25.00,1,146.0,1.1,0.26303,18.9,-7.8,1.0735,-0.00264,OK
0.2744,0.2248,49.6,0,145.1,1.3,0.2332,144.5,0.7,0.2165,0.0,0.0,0.6744,-5.1,-0.9,0.9297,-5.1,0.5,0,0.0,0.0,0.0000,2.76,3.16,2.86,1.76,1,1.0767,0.157,0.196,24.00,1,146.2,1.0,0.27126,7.7,-21.7,1.0553,-0.00299,OK
0.2831,0.2816,1.5,0,144.9,0.8,0.2694,144.5,0.7,0.2597,0.0,0.0,0.8446,-1.4,-0.4,0.9147,-1.5,-0.0,0,0.0,0.0,0.0000,3.37,3.20,3.12,0.74,1,1.1567,0.000,0.333,24.00,1,144.9,0.8,0.28231,-39.4,-17.4,0.9026,-0.00185,OK
0.2906,0.2816,9.1,0,144.9,0.8,0.2694,144.5,0.7,0.2597,0.0,0.0,0.8446,-1.3,-0.3,0.9333,-1.4,0.1,0,0.0,0.0,0.0000,3.33,3.95,2.87,0.58,1,1.2044,-0.118,0.167,24.00,1,144.9,0.8,0.28414,-43.0,-27.7,1.1378,-0.00205,OK
0.2989,0.2816,17.3,0,144.9,0.8,0.2694,144.5,0.7,0.2597,0.0,0.0,0.8446,-0.6,0.3,0.9231,-0.5,0.5,0,0.0,0.0,0.0000,3.55,3.25,3.07,1.62,1,1.2367,-0.363,0.010,25.00,1,144.7,0.6,0.29399,-25.5,-7.5,1.2078,-0.00253,OK
0.3066,0.2816,25.0,0,144.9,0.8,0.2694,144.5,0.7,0.2597,0.0,0.0,0.8446,-0.1,0.5,0.9129,0.0,0.5,0,0.0,0.0,0.0000,4.02,3.48,3.07,2.45,1,1.2622,-0.235,0.137,25.00,1,144.5,0.5,0.30351,-21.0,3.3,1.2650,-0.00252,OK
0.3155,0.2816,33.9,0,144.9,0.8,0.2694,144.5,0.7,0.2597,0.0,0.0,0.8446,0.2,0.7,0.9013,0.4,0.6,0,0.0,0.0,0.0000,3.43,3.66,3.65,2.84,1,1.2622,-0.235,0.137,24.00,1,144.4,0.4,0.31478,-8.6,-6.3,1.2753,-0.00232,OK
0.3233,0.2816,41.7,0,144.9,0.8,0.2694,144.5,0.7,0.2597,0.0,0.0,0.8446,0.3,0.8,0.8916,0.6,0.6,0,0.0,0.0,0.0000,3.11,3.25,3.44,3.13,1,1.2567,-0.127,0.441,24.00,1,144.4,0.4,0.32461,-0.9,0.1,1.2583,-0.00234,OK
0.3313,0.2816,49.8,0,144.9,0.8,0.2694,144.5,0.7,0.2597,0.0,0.0,0.8446,0.5,0.8,0.8834,0.8,0.6,0,0.0,0.0,0.0000,3.68,3.64,3.24,2.78,1,1.2256,-0.216,0.029,25.00,1,144.3,0.4,0.33458,-13.9,-0.8,1.2432,-0.00211,OK
0.3388,0.2816,57.3,0,144.9,0.8,0.2694,144.5,0.7,0.2597,0.0,0.0,0.8446,0.7,0.8,0.8764,1.0,0.5,0,0.0,0.0,0.0000,3.14,3.05,2.94,3.01,1,1.2000,-0.235,-0.000,25.00,1,144.2,0.4,0.34377,-4.5,6.2,1.1979,-0.00216,OK
0.3463,0.2816,64.7,0,144.9,0.8,0.2694,144.5,0.7,0.2597,0.0,0.0,0.8446,0.9,0.7,0.8707,1.1,0.4,0,0.0,0.0,0.0000,3.29,3.33,3.19,2.99,1,1.1911,-0.088,0.275,25.00,1,144.2,0.4,0.35267,-6.2,1.0,1.2050,-0.00204,OK
0.3548,0.2816,73.3,0,144.9,0.8,0.2694,144.5,0.7,0.2597,0.0,0.0,0.8446,1.1,0.8,0.8641,1.3,0.4,0,0.0,0.0,0.0000,3.30,3.56,3.24,3.03,1,1.1911,-0.088,0.275,25.00,1,144.1,0.4,0.36285,-7.1,-1.7,1.2109,-0.00185,OK
0.3624,0.2816,80.9,0,144.9,0.8,0.2694,144.5,0.7,0.2597,0.0,0.0,0.8446,1.1,0.9,0.8586,1.3,0.4,0,0.0,0.0,0.0000,2.93,3.41,3.47,3.19,1,1.1711,-0.167,0.294,25.00,1,144.1,0.3,0.37183,0.9,-5.1,1.1907,-0.00168,OK
0.3713,0.2816,89.7,0,144.9,0.8,0.2694,144.5,0.7,0.2597,0.0,0.0,0.8446,1.1,0.8,0.8531,1.3,0.4,0,0.0,0.0,0.0000,3.10,2.84,3.32,3.22,1,1.1267,-0.235,0.059,24.00,1,144.1,0.4,0.38203,3.1,4.4,1.1468,-0.00152,OK
0.3790,0.2816,97.5,0,144.9,0.8,0.2694,144.5,0.7,0.2597,0.0,0.0,0.8446,1.1,0.7,0.8497,1.3,0.2,0,0.0,0.0,0.0000,3.23,2.65,3.25,2.74,1,1.0844,-0.020,0.078,24.00,1,144.1,0.4,0.39066,-1.5,3.6,1.0979,-0.00145,OK
0.3872,0.3869,0.2,0,144.8,0.7,0.2800,144.5,0.7,0.3610,0.0,0.0,1.0000,-1.0,-0.0,0.8681,-0.9,0.3,0,0.0,0.0,0.0000,3.27,3.17,3.07,2.90,1,1.0844,-0.020,0.078,25.00,1,144.8,0.7,0.39417,3.7,1.7,0.7364,0.00220,OK
0.3949,0.3882,6.7,0,145.1,-0.9,0.3763,144.5,0.7,0.3622,0.0,0.0,1.0000,-1.6,3.6,0.8523,-0.1,3.9,0,0.0,0.0,0.0000,2.56,3.23,3.21,2.92,1,1.0578,0.167,0.137,25.00,1,145.0,-0.5,0.40585,-10.8,-89.3,1.1198,-0.00028,OK
0.4027,0.3882,14.5,0,145.1,-0.9,0.3763,144.5,0.7,0.3622,0.0,0.0,1.0000,-2.0,4.9,0.8559,0.1,5.3,0,0.0,0.0,0.0000,2.14,2.81,2.80,2.92,1,1.0167,0.049,0.226,25.00,1,145.2,-0.9,0.41276,-0.8,-59.9,1.0154,-0.00029,OK
0.4111,0.3882,22.9,0,145.1,-0.9,0.3763,144.5,0.7,0.3622,0.0,0.0,1.0000,-2.4,6.2,0.8565,0.4,6.7,0,0.0,0.0,0.0000,2.62,2.40,2.70,2.57,1,0.9544,0.000,0.059,25.00,1,145.4,-1.4,0.42100,-5.8,-48.9,0.9603,-0.00029,OK
0.4185,0.3882,30.3,0,145.1,-0.9,0.3763,144.5,0.7,0.3622,0.0,0.0,1.0000,-2.7,7.3,0.8578,0.5,7.8,0,0.0,0.0,0.0000,2.00,2.51,2.72,2.92,1,0.9544,0.000,0.059,26.00,1,145.5,-1.7,0.42807,3.3,-50.1,0.9557,-0.00029,OK
0.4274,0.3882,39.2,0,145.1,-0.9,0.3763,144.5,0.7,0.3622,0.0,0.0,1.0000,-3.1,8.4,0.8604,0.8,8.9,0,0.0,0.0,0.0000,2.32,2.20,2.24,2.50,1,0.8944,-0.088,-0.020,25.00,1,145.7,-2.1,0.43632,-4.7,-38.2,0.8934,-0.00028,OK
0.4343,0.3882,46.1,0,145.1,-0.9,0.3763,144.5,0.7,0.3622,0.0,0.0,1.0000,-3.2,9.2,0.8640,1.1,9.6,0,0.0,0.0,0.0000,2.66,2.31,2.28,2.44,1,0.8578,-0.059,-0.049,25.00,1,145.7,-2.3,0.44236,-8.4,-35.2,0.8745,-0.00033,OK
0.4429,0.3882,54.8,0,145.1,-0.9,0.3763,144.5,0.7,0.3622,0.0,0.0,1.0000,-3.3,10.2,0.8688,1.4,10.7,0,0.0,0.0,0.0000,2.15,2.65,2.60,2.44,1,0.8489,-0.029,0.069,25.00,1,145.8,-2.6,0.44977,-3.4,-44.1,0.8675,-0.00039,OK
0.4508,0.3882,62.6,0,145.1,-0.9,0.3763,144.5,0.7,0.3622,0.0,0.0,1.0000,-3.5,11.0,0.8735,1.7,11.4,0,0.0,0.0,0.0000,2.52,1.94,2.29,2.28,1,0.8322,-0.049,0.108,24.00,1,145.9,-2.9,0.45645,-4.6,-28.0,0.8401,-0.00041,OK
0.4588,0.3882,70.6,0,145.1,-0.9,0.3763,144.5,0.7,0.3622,0.0,0.0,1.0000,-3.4,11.7,0.8788,2.2,12.0,0,0.0,0.0,0.0000,2.72,2.31,2.05,2.13,1,0.8322,-0.049,0.108,24.00,1,145.9,-3.1,0.46312,-12.6,-26.6,0.8447,-0.00046,OK
0.4668,0.3882,78.6,0,145.1,-0.9,0.3763,144.5,0.7,0.3622,0.0,0.0,1.0000,-3.4,12.5,0.8845,2.6,12.7,0,0.0,0.0,0.0000,2.31,2.18,2.39,2.16,1,0.7967,-0.196,0.206,25.00,1,146.0,-3.4,0.46970,-4.5,-30.4,0.8122,-0.00052,OK
0.4744,0.3882,86.3,0,145.1,-0.9,0.3763,144.5,0.7,0.3622,0.0,0.0,1.0000,-3.5,13.1,0.8914,2.9,13.3,0,0.0,0.0,0.0000,1.67,2.25,1.67,2.21,1,0.7400,-0.275,0.127,25.00,1,146.1,-3.6,0.47563,-4.0,-27.0,0.7387,-0.00051,OK
0.4831,0.3882,94.9,0,145.1,-0.9,0.3763,144.5,0.7,0.3622,0.0,0.0,1.0000,-3.5,13.6,0.9014,3.3,13.7,0,0.0,0.0,0.0000,2.10,1.92,1.34,2.26,1,0.6778,-0.275,0.039,25.00,1,146.1,-3.7,0.48181,-7.6,-13.4,0.6948,-0.00063,OK
0.4915,0.4912,0.3,0,145.2,-0.5,0.4858,144.5,0.7,0.4653,0.0,0.0,1.0000,-2.3,3.5,0.8917,-0.4,4.1,0,0.0,0.0,0.0000,2.14,1.75,1.97,2.26,1,0.6778,-0.275,0.039,25.00,1,145.2,-0.5,0.49264,7.5,23.8,0.6992,-0.00076,OK
0.4991,0.4912,7.9,0,145.2,-0.5,0.4858,144.5,0.7,0.4653,0.0,0.0,1.0000,-2.3,3.5,0.9234,-0.4,4.2,0,0.0,0.0,0.0000,1.38,1.43,1.84,1.91,1,0.6444,-0.167,0.206,25.00,1,145.2,-0.5,0.49234,11.3,12.3,0.6200,-0.00076,OK
0.5066,0.4912,15.3,0,145.2,-0.5,0.4858,144.5,0.7,0.4653,0.0,0.0,1.0000,-2.2,3.1,0.9350,-0.5,3.8,0,0.0,0.0,0.0000,1.90,1.10,1.33,1.68,1,0.6144,0.000,0.127,25.00,1,145.2,-0.4,0.49685,2.7,24.1,0.6040,-0.00064,OK
0.5147,0.4912,23.5,0,145.2,-0.5,0.4858,144.5,0.7,0.4653,0.0,0.0,1.0000,-2.1,2.7,0.9478,-0.6,3.4,0,0.0,0.0,0.0000,1.52,1.62,1.97,1.70,1,0.6022,0.000,0.245,25.00,1,145.2,-0.2,0.50181,6.9,6.4,0.6146,-0.00077,OK
0.5233,0.4912,32.1,0,145.2,-0.5,0.4858,144.5,0.7,0.4653,0.0,0.0,1.0000,-2.1,2.5,0.9614,-0.6,3.2,0,0.0,0.0,0.0000,1.55,1.98,1.32,1.67,1,0.5856,-0.020,0.265,25.00,1,145.2,-0.2,0.50697,-1.9,9.1,0.5958,-0.00087,OK
0.5313,0.4912,40.1,0,145.2,-0.5,0.4858,144.5,0.7,0.4653,0.0,0.0,1.0000,-2.0,2.4,0.9743,-0.6,3.0,0,0.0,0.0,0.0000,1.43,2.04,1.57,1.82,1,0.5856,-0.020,0.265,25.00,1,145.2,-0.1,0.51178,2.1,5.0,0.6047,-0.00108,OK
0.5392,0.5357,3.6,0,145.0,-0.9,0.5477,144.5,0.7,0.5097,0.0,0.0,1.0000,-1.8,4.6,0.9701,0.7,4.9,0,0.0,0.0,0.0000,1.36,1.67,1.48,1.60,1,0.5656,-0.098,0.147,24.00,1,145.0,-0.9,0.52073,-10.0,-11.1,0.5795,-0.00157,OK
0.5471,0.5438,3.3,0,145.2,-0.8,0.5509,144.5,0.7,0.5178,0.0,0.0,1.0000,-2.3,4.5,0.9779,0.3,5.1,0,0.0,0.0,0.0000,1.08,1.28,1.40,1.63,1,0.5444,-0.010,0.088,25.00,1,145.2,-0.9,0.52663,21.4,-7.5,0.5431,-0.00182,OK
0.5548,0.5523,2.5,0,145.0,-0.6,0.5582,144.5,0.7,0.5264,0.0,0.0,1.0000,-1.8,4.0,0.9845,0.4,4.3,0,0.0,0.0,0.0000,1.26,1.00,1.41,1.71,1,0.5300,0.069,-0.000,25.00,1,145.0,-0.7,0.53269,-10.3,32.9,0.5403,-0.00216,OK
0.5625,0.5611,1.4,0,145.1,-1.0,0.5564,144.5,0.7,0.5351,0.0,0.0,1.0000,-2.0,4.8,0.9920,0.7,5.2,0,0.0,0.0,0.0000,1.32,1.37,1.58,1.58,1,0.5300,0.069,-0.000,25.00,1,145.1,-0.9,0.53853,-7.4,-37.7,0.5536,-0.00252,OK
0.5704,0.5704,0.1,0,145.3,-0.6,0.5617,144.5,0.7,0.5444,0.0,0.0,1.0000,-2.4,3.8,0.9993,-0.1,4.5,0,0.0,0.0,0.0000,1.25,1.44,1.63,1.62,1,0.5367,0.000,0.078,25.00,1,145.2,-0.6,0.54465,37.5,27.0,0.5656,-0.00287,OK
0.5788,0.5774,1.3,0,145.3,-0.7,0.5628,144.5,0.7,0.5515,0.0,0.0,1.0000,-2.5,4.0,1.0130,-0.1,4.7,0,0.0,0.0,0.0000,1.85,1.44,1.52,1.45,1,0.5578,-0.020,0.098,25.00,1,145.3,-0.7,0.54955,8.2,-7.0,0.5845,-0.00321,OK
0.5865,0.5863,0.2,0,145.6,-0.6,0.5668,144.5,0.7,0.5604,0.0,0.0,1.0000,-3.5,3.8,1.0192,-0.9,5.1,0,0.0,0.0,0.0000,1.94,1.85,1.42,1.65,1,0.5944,0.000,0.226,25.00,1,145.6,-0.6,0.55579,42.5,-20.9,0.6293,-0.00358,OK
0.5944,0.5863,8.1,0,145.6,-0.6,0.5668,144.5,0.7,0.5604,0.0,0.0,1.0000,-3.4,3.8,1.0501,-0.9,5.1,0,0.0,0.0,0.0000,1.80,1.51,1.91,1.61,1,0.6522,0.078,0.304,25.00,1,145.6,-0.6,0.55592,23.5,-8.7,0.6518,-0.00354,OK
0.6022,0.5946,7.6,0,145.4,-0.7,0.5727,144.5,0.7,0.5686,0.0,0.0,1.0000,-3.0,3.9,1.0573,-0.4,4.9,0,0.0,0.0,0.0000,1.97,1.69,1.72,1.72,1,0.6522,0.078,0.304,25.00,1,145.4,-0.7,0.56189,-1.2,1.8,0.6620,-0.00375,OK
0.6113,0.6029,8.4,0,145.6,-0.8,0.5735,144.5,0.7,0.5769,0.0,0.0,1.0000,-3.4,4.3,1.0670,-0.5,5.5,0,0.0,0.0,0.0000,1.75,2.34,1.75,1.99,1,0.7222,0.127,0.294,25.00,1,145.6,-0.8,0.56858,2.5,-13.5,0.7287,-0.00392,OK
0.6188,0.6141,4.6,0,145.5,-0.8,0.5789,144.5,0.7,0.5882,0.0,0.0,1.0000,-3.1,4.5,1.0633,-0.1,5.4,0,0.0,0.0,0.0000,1.98,2.17,2.18,1.65,1,0.7911,0.000,0.226,24.00,1,145.5,-0.8,0.57698,-12.6,1.9,0.7797,-0.00386,OK
0.6270,0.6205,6.5,0,146.0,-0.8,0.5894,144.5,0.7,0.5945,0.0,0.0,1.0000,-4.2,4.4,1.0730,-1.1,6.0,0,0.0,0.0,0.0000,2.11,2.27,2.58,2.65,1,0.8500,-0.049,0.059,25.00,1,145.9,-0.8,0.58276,29.0,-16.4,0.8705,-0.00402,OK
0.6344,0.6282,6.2,0,146.2,-1.1,0.5938,144.5,0.7,0.6022,0.0,0.0,1.0000,-5.1,5.1,1.0742,-1.4,7.1,0,0.0,0.0,0.0000,1.98,2.68,2.32,2.23,1,0.9056,-0.010,0.039,24.00,1,146.2,-1.0,0.58985,16.0,-34.3,0.8962,-0.00406,OK
0.6422,0.6368,5.5,0,146.0,-1.5,0.6087,144.5,0.7,0.6108,0.0,0.0,1.0000,-4.9,6.3,1.0721,-0.6,8.0,0,0.0,0.0,0.0000,2.62,2.21,2.58,2.38,1,0.9056,-0.010,0.039,24.00,1,146.1,-1.4,0.59826,-18.9,-24.4,0.9157,-0.00420,OK
0.6506,0.6455,5.1,0,145.8,-1.5,0.6169,144.5,0.7,0.6196,0.0,0.0,1.0000,-4.1,6.5,1.0699,0.3,7.7,0,0.0,0.0,0.0000,2.38,2.63,2.71,2.20,1,0.9633,0.088,0.127,25.00,1,145.8,-1.5,0.60715,-27.9,-1.8,0.9598,-0.00434,OK
0.6582,0.6540,4.2,0,145.7,-1.7,0.6265,144.5,0.7,0.6280,0.0,0.0,1.0000,-3.7,7.1,1.0637,1.1,8.0,0,0.0,0.0,0.0000,2.42,2.45,3.01,2.49,1,1.0211,0.000,0.137,24.00,1,145.7,-1.7,0.61628,-23.7,-10.2,1.0149,-0.00451,OK
0.6671,0.6628,4.3,0,145.4,-1.7,0.6309,144.5,0.7,0.6368,0.0,0.0,1.0000,-2.8,7.2,1.0607,1.9,7.4,0,0.0,0.0,0.0000,2.94,2.90,2.48,2.73,1,1.0578,-0.216,0.137,24.00,1,145.4,-1.7,0.62590,-31.2,19.2,1.0621,-0.00458,OK
0.6751,0.6705,4.6,0,145.6,-1.6,0.6434,144.5,0.7,0.6446,0.0,0.0,1.0000,-3.2,7.0,1.0582,1.6,7.5,0,0.0,0.0,0.0000,2.87,2.76,2.33,2.73,1,1.0578,-0.216,0.137,24.00,1,145.5,-1.7,0.63462,15.0,-5.8,1.0555,-0.00475,OK
0.6833,0.6794,3.9,0,145.6,-1.6,0.6507,144.5,0.7,0.6535,0.0,0.0,1.0000,-3.3,6.9,1.0514,1.5,7.5,0,0.0,0.0,0.0000,3.05,2.96,2.79,2.56,1,1.0644,-0.137,0.039,25.00,1,145.6,-1.6,0.64448,3.5,0.6,1.0744,-0.00483,OK
0.6902,0.6880,2.1,0,145.8,-1.8,0.6523,144.5,0.7,0.6621,0.0,0.0,1.0000,-3.8,7.2,1.0417,1.3,8.0,0,0.0,0.0,0.0000,3.22,3.24,2.71,2.75,1,1.0789,-0.059,0.020,25.00,1,145.7,-1.7,0.65377,15.1,-28.5,1.0959,-0.00474,OK
0.6984,0.6941,4.3,0,146.1,-1.6,0.6608,144.5,0.7,0.6681,0.0,0.0,1.0000,-4.7,6.8,1.0475,0.5,8.3,0,0.0,0.0,0.0000,3.18,2.71,2.91,2.60,1,1.1089,-0.147,0.147,25.00,1,146.0,-1.6,0.66054,43.4,-16.6,1.1054,-0.00479,OK
0.7065,0.7030,3.5,0,145.8,-1.2,0.6725,144.5,0.7,0.6770,0.0,0.0,1.0000,-4.2,5.8,1.0401,0.3,7.2,0,0.0,0.0,0.0000,2.86,3.09,2.88,2.55,1,1.1089,-0.147,0.147,24.00,1,145.9,-1.3,0.67051,1.7,42.5,1.1061,-0.00486,OK
0.7144,0.7030,11.4,0,145.8,-1.2,0.6725,144.5,0.7,0.6770,0.0,0.0,1.0000,-4.2,5.6,1.0560,0.3,7.0,0,0.0,0.0,0.0000,3.13,3.16,2.83,3.12,1,1.1378,-0.157,0.255,25.00,1,145.9,-1.2,0.67440,13.5,19.2,1.1483,-0.00483,OK
0.7228,0.7174,5.4,0,145.7,-1.3,0.6785,144.5,0.7,0.6915,0.0,0.0,1.0000,-3.6,5.9,1.0407,1.0,6.9,0,0.0,0.0,0.0000,2.82,2.88,3.12,3.37,1,1.1500,-0.177,0.137,25.00,1,145.7,-1.3,0.68664,-2.1,8.7,1.1545,-0.00470,OK
0.7309,0.7287,2.2,0,145.9,-1.3,0.6861,144.5,0.7,0.7028,0.0,0.0,1.0000,-4.1,5.9,1.0235,0.7,7.1,0,0.0,0.0,0.0000,3.62,3.46,2.69,3.44,1,1.1600,-0.167,0.167,25.00,1,145.8,-1.3,0.69910,17.6,-14.9,1.1777,-0.00435,OK
0.7390,0.7364,2.6,0,145.9,-1.7,0.6993,144.5,0.7,0.7104,0.0,0.0,1.0000,-4.3,6.9,1.0220,1.3,8.0,0,0.0,0.0,0.0000,3.57,3.03,3.09,3.19,1,1.1600,-0.167,0.167,25.00,1,145.9,-1.6,0.70752,-22.8,-41.3,1.1735,-0.00412,OK
0.7468,0.7432,3.5,0,145.8,-1.9,0.7072,144.5,0.7,0.7173,0.0,0.0,1.0000,-4.0,7.6,1.0221,1.9,8.3,0,0.0,0.0,0.0000,3.27,3.18,3.01,3.32,1,1.1889,-0.147,0.216,25.00,1,145.8,-1.8,0.71529,-30.0,-12.8,1.1938,-0.00397,OK
0.7549,0.7505,4.4,0,145.9,-1.4,0.7201,144.5,0.7,0.7246,0.0,0.0,1.0000,-4.1,6.8,1.0198,1.4,7.8,0,0.0,0.0,0.0000,3.32,3.31,3.27,3.53,1,1.2122,-0.177,0.431,24.00,1,145.9,-1.6,0.72398,18.8,14.7,1.2269,-0.00383,OK
0.7629,0.7597,3.2,0,145.6,-1.6,0.7348,144.5,0.7,0.7337,0.0,0.0,1.0000,-3.4,6.9,1.0071,2.1,7.4,0,0.0,0.0,0.0000,2.92,3.20,3.12,3.54,1,1.2244,-0.157,0.147,24.00,1,145.6,-1.6,0.73514,-29.1,19.6,1.2230,-0.00386,OK
0.7713,0.7675,3.8,0,145.7,-1.6,0.7468,144.5,0.7,0.7415,0.0,0.0,1.0000,-3.6,6.8,1.0017,2.0,7.4,0,0.0,0.0,0.0000,3.12,3.47,3.66,3.47,1,1.2211,-0.108,-0.010,25.00,1,145.7,-1.6,0.74491,9.0,-7.8,1.2408,-0.00379,OK
0.7782,0.7768,1.4,0,145.9,-1.5,0.7560,144.5,0.7,0.7508,0.0,0.0,1.0000,-4.3,6.5,0.9838,1.4,7.7,0,0.0,0.0,0.0000,3.17,3.04,3.64,3.23,1,1.2211,-0.108,-0.010,25.00,1,145.9,-1.5,0.75627,33.9,-13.7,1.2255,-0.00378,OK
0.7867,0.7768,9.9,0,145.9,-1.5,0.7560,144.5,0.7,0.7508,0.0,0.0,1.0000,-4.3,6.5,1.0087,1.3,7.7,0,0.0,0.0,0.0000,3.05,3.19,3.24,3.72,1,1.2078,0.000,0.363,25.00,1,145.9,-1.5,0.75856,14.5,0.1,1.2208,-0.00372,OK
0.7948,0.7925,2.3,0,146.0,-1.8,0.7699,144.5,0.7,0.7665,0.0,0.0,1.0000,-4.7,7.4,0.9766,1.8,8.6,0,0.0,0.0,0.0000,3.19,3.05,3.18,3.36,1,1.1700,-0.059,0.255,25.00,1,146.0,-1.8,0.77465,-10.9,-25.0,1.1784,-0.00359,OK
0.8027,0.7925,10.2,0,146.0,-1.8,0.7699,144.5,0.7,0.7665,0.0,0.0,1.0000,-4.7,7.4,0.9990,1.9,8.6,0,0.0,0.0,0.0000,2.88,2.80,2.80,3.32,1,1.1067,-0.245,0.049,25.00,1,146.1,-1.8,0.77698,-0.4,-10.1,1.1131,-0.00358,OK
0.8112,0.7925,18.7,0,146.0,-1.8,0.7699,144.5,0.7,0.7665,0.0,0.0,1.0000,-4.9,7.7,0.9963,2.0,8.9,0,0.0,0.0,0.0000,2.48,2.82,2.91,3.20,1,1.0367,-0.029,0.010,25.00,1,146.2,-1.9,0.78615,3.3,-16.1,1.0488,-0.00355,OK
0.8192,0.7925,26.7,0,146.0,-1.8,0.7699,144.5,0.7,0.7665,0.0,0.0,1.0000,-5.1,8.0,0.9949,2.1,9.2,0,0.0,0.0,0.0000,2.70,2.63,2.96,2.96,1,1.0367,-0.029,0.010,25.00,1,146.2,-1.9,0.79448,1.2,-13.2,1.0456,-0.00354,OK
0.8268,0.7925,34.3,0,146.0,-1.8,0.7699,144.5,0.7,0.7665,0.0,0.0,1.0000,-5.3,8.2,0.9945,2.2,9.5,0,0.0,0.0,0.0000,2.47,2.33,3.02,2.76,1,0.9756,0.118,0.010,25.00,1,146.3,-2.0,0.80219,4.6,-13.8,0.9830,-0.00354,OK
0.8345,0.7925,42.0,0,146.0,-1.8,0.7699,144.5,0.7,0.7665,0.0,0.0,1.0000,-5.5,8.3,0.9957,2.2,9.7,0,0.0,0.0,0.0000,2.47,2.34,2.70,3.03,1,0.9300,0.010,0.118,25.00,1,146.4,-2.0,0.80958,4.6,-7.9,0.9512,-0.00355,OK
0.8432,0.7925,50.7,0,146.0,-1.8,0.7699,144.5,0.7,0.7665,0.0,0.0,1.0000,-5.6,8.5,0.9983,2.4,9.9,0,0.0,0.0,0.0000,2.28,2.49,2.19,2.54,1,0.8967,-0.088,0.157,25.00,1,146.5,-2.1,0.81768,-3.1,-9.2,0.8992,-0.00355,OK
0.8513,0.7925,58.8,0,146.0,-1.8,0.7699,144.5,0.7,0.7665,0.0,0.0,1.0000,-5.6,8.7,1.0015,2.6,10.0,0,0.0,0.0,0.0000,2.64,2.30,2.27,2.75,1,0.8967,-0.088,0.157,25.00,1,146.5,-2.1,0.82499,-2.2,-1.9,0.9140,-0.00359,OK
0.8582,0.7925,65.7,0,146.0,-1.8,0.7699,144.5,0.7,0.7665,0.0,0.0,1.0000,-5.7,8.8,1.0045,2.7,10.2,0,0.0,0.0,0.0000,1.68,2.16,2.41,2.47,1,0.8678,-0.078,0.049,24.00,1,146.6,-2.1,0.83109,7.2,-13.7,0.8537,-0.00355,OK
0.8670,0.7925,74.6,0,146.0,-1.8,0.7699,144.5,0.7,0.7665,0.0,0.0,1.0000,-5.8,8.9,1.0097,2.8,10.3,0,0.0,0.0,0.0000,2.28,2.13,1.97,2.61,1,0.8467,-0.059,0.069,24.00,1,146.6,-2.2,0.83864,-0.9,-0.1,0.8521,-0.00356,OK
0.8748,0.7925,82.3,0,146.0,-1.8,0.7699,144.5,0.7,0.7665,0.0,0.0,1.0000,-5.7,9.0,1.0143,2.9,10.2,0,0.0,0.0,0.0000,2.77,1.95,2.28,2.35,1,0.8456,0.049,0.049,25.00,1,146.6,-2.2,0.84526,-3.3,1.2,0.8606,-0.00360,OK
0.8825,0.7925,90.0,0,146.0,-1.8,0.7699,144.5,0.7,0.7665,0.0,0.0,1.0000,-5.5,9.2,1.0184,3.2,10.2,0,0.0,0.0,0.0000,3.14,2.30,2.40,2.21,1,0.8511,-0.078,0.196,26.00,1,146.6,-2.2,0.85191,-9.5,-2.0,0.8813,-0.00371,OK
0.8915,0.7925,99.0,0,146.0,-1.8,0.7699,144.5,0.7,0.7665,0.0,0.0,1.0000,-5.5,9.1,1.0228,3.4,10.1,0,0.0,0.0,0.0000,2.62,1.89,2.73,3.00,1,0.8511,-0.078,0.196,25.00,1,146.6,-2.2,0.85982,8.2,2.8,0.8884,-0.00382,OK
0.8988,0.8987,0.2,0,146.0,-1.3,0.8570,144.5,0.7,0.8727,0.0,0.0,1.0000,-4.4,5.9,1.0058,1.7,7.2,0,0.0,0.0,0.0000,2.02,2.31,2.30,2.60,1,0.8567,-0.294,0.216,24.00,1,146.0,-1.3,0.87141,5.9,7.6,0.8363,-0.00347,OK
0.9072,0.8987,8.5,0,146.0,-1.3,0.8570,144.5,0.7,0.8727,0.0,0.0,1.0000,-4.3,5.9,1.0374,1.7,7.1,0,0.0,0.0,0.0000,2.14,1.91,1.81,2.51,1,0.8489,-0.167,0.216,24.00,1,145.9,-1.3,0.87188,2.7,15.7,0.8347,-0.00339,OK
0.9146,0.8987,15.9,0,146.0,-1.3,0.8570,144.5,0.7,0.8727,0.0,0.0,1.0000,-4.0,5.7,1.0420,1.8,6.7,0,0.0,0.0,0.0000,3.00,1.79,2.10,2.54,1,0.8378,-0.029,0.255,25.00,1,145.8,-1.2,0.87811,-0.8,21.1,0.8598,-0.00348,OK
0.9229,0.8987,24.3,0,146.0,-1.3,0.8570,144.5,0.7,0.8727,0.0,0.0,1.0000,-3.7,5.5,1.0470,1.9,6.4,0,0.0,0.0,0.0000,2.06,2.33,2.08,2.32,1,0.8378,-0.029,0.255,26.00,1,145.8,-1.1,0.88518,0.5,4.5,0.8359,-0.00346,OK
0.9302,0.8987,31.6,0,146.0,-1.3,0.8570,144.5,0.7,0.8727,0.0,0.0,1.0000,-3.6,5.3,1.0518,1.9,6.1,0,0.0,0.0,0.0000,2.24,2.04,2.03,2.56,1,0.8311,0.157,0.255,25.00,1,145.7,-1.1,0.89129,2.8,11.9,0.8370,-0.00347,OK
0.9392,0.8987,40.6,0,146.0,-1.3,0.8570,144.5,0.7,0.8727,0.0,0.0,1.0000,-3.4,5.1,1.0575,1.9,5.9,0,0.0,0.0,0.0000,2.04,2.06,2.22,2.59,1,0.8433,0.127,0.098,24.00,1,145.7,-1.0,0.89886,6.4,7.7,0.8446,-0.00346,OK
0.9472,0.8987,48.6,0,146.0,-1.3,0.8570,144.5,0.7,0.8727,0.0,0.0,1.0000,-3.3,4.9,1.0616,1.8,5.7,0,0.0,0.0,0.0000,2.76,2.23,2.67,2.64,1,0.8844,-0.049,0.226,24.00,1,145.7,-0.9,0.90586,2.4,8.3,0.9123,-0.00356,OK
0.9547,0.8987,56.0,0,146.0,-1.3,0.8570,144.5,0.7,0.8727,0.0,0.0,1.0000,-3.2,4.8,1.0639,1.8,5.5,0,0.0,0.0,0.0000,2.38,2.40,2.39,2.70,1,0.9256,-0.216,0.245,24.00,1,145.6,-0.9,0.91270,2.7,6.8,0.9292,-0.00356,OK
0.9623,0.8987,63.7,0,146.0,-1.3,0.8570,144.5,0.7,0.8727,0.0,0.0,1.0000,-3.1,4.7,1.0661,1.9,5.3,0,0.0,0.0,0.0000,2.71,2.28,2.57,2.70,1,0.9256,-0.216,0.245,25.00,1,145.6,-0.8,0.91986,2.1,9.1,0.9410,-0.00358,OK
0.9714,0.8987,72.7,0,146.0,-1.3,0.8570,144.5,0.7,0.8727,0.0,0.0,1.0000,-2.9,4.5,1.0680,1.8,5.0,0,0.0,0.0,0.0000,2.46,2.35,2.62,2.89,1,0.9444,-0.137,0.137,25.00,1,145.6,-0.7,0.92839,5.9,7.1,0.9552,-0.00359,OK
0.9782,0.8987,79.6,0,146.0,-1.3,0.8570,144.5,0.7,0.8727,0.0,0.0,1.0000,-2.8,4.3,1.0693,1.8,4.8,0,0.0,0.0,0.0000,2.83,2.36,2.53,3.03,1,0.9478,0.098,0.167,25.00,1,145.5,-0.7,0.93494,2.9,12.6,0.9714,-0.00362,OK
0.9873,0.8987,88.6,0,146.0,-1.3,0.8570,144.5,0.7,0.8727,0.0,0.0,1.0000,-2.8,4.2,1.0709,1.8,4.7,0,0.0,0.0,0.0000,1.72,2.77,2.28,2.35,1,0.9467,0.069,0.157,24.00,1,145.5,-0.7,0.94358,2.3,-6.8,0.9133,-0.00359,OK
0.9952,0.8987,96.5,0,146.0,-1.3,0.8570,144.5,0.7,0.8727,0.0,0.0,1.0000,-2.8,4.2,1.0729,1.8,4.7,0,0.0,0.0,0.0000,2.89,2.47,2.92,2.65,1,0.9467,0.069,0.157,25.00,1,145.5,-0.6,0.95100,1.0,3.9,0.9712,-0.00364,OK
1.0036,1.0031,0.5,0,145.8,-1.1,0.9448,144.5,0.7,0.9772,0.0,0.0,1.0000,-3.9,5.5,1.0555,2.3,6.4,0,0.0,0.0,0.0000,2.77,2.07,2.46,2.79,1,0.9656,-0.157,-0.000,25.00,1,145.8,-1.1,0.96378,0.2,6.2,0.9340,-0.00305,OK
1.0102,1.0031,7.1,0,145.8,-1.1,0.9448,144.5,0.7,0.9772,0.0,0.0,1.0000,-3.9,5.5,1.0811,2.3,6.4,0,0.0,0.0,0.0000,2.95,2.28,2.42,2.68,1,0.9678,-0.226,0.255,25.00,1,145.8,-1.1,0.96395,-3.9,6.1,0.9776,-0.00305,OK
1.0186,1.0031,15.4,0,145.8,-1.1,0.9448,144.5,0.7,0.9772,0.0,0.0,1.0000,-3.9,5.5,1.0860,2.3,6.3,0,0.0,0.0,0.0000,2.36,2.35,2.59,2.93,1,0.9467,0.000,0.314,26.00,1,145.8,-1.1,0.97111,4.7,0.0,0.9534,-0.00305,OK
1.0270,1.0031,23.8,0,145.8,-1.1,0.9448,144.5,0.7,0.9772,0.0,0.0,1.0000,-3.9,5.4,1.0877,2.3,6.3,0,0.0,0.0,0.0000,2.08,2.43,2.50,2.65,1,0.9467,0.000,0.314,25.00,1,145.8,-1.1,0.97906,3.7,-4.9,0.9348,-0.00303,OK
1.0342,1.0031,31.0,0,145.8,-1.1,0.9448,144.5,0.7,0.9772,0.0,0.0,1.0000,-3.9,5.5,1.0898,2.4,6.3,0,0.0,0.0,0.0000,2.64,2.40,2.54,2.67,1,0.9133,0.245,0.226,25.00,1,145.9,-1.1,0.98576,-0.8,0.6,0.9310,-0.00305,OK
1.0425,1.0031,39.4,0,145.8,-1.1,0.9448,144.5,0.7,0.9772,0.0,0.0,1.0000,-3.9,5.5,1.0926,2.4,6.2,0,0.0,0.0,0.0000,2.14,2.23,2.29,2.73,1,0.9044,0.137,0.265,25.00,1,145.9,-1.1,0.99344,3.9,1.3,0.8999,-0.00304,OK
1.0513,1.0031,48.1,0,145.8,-1.1,0.9448,144.5,0.7,0.9772,0.0,0.0,1.0000,-3.8,5.4,1.0958,2.5,6.1,0,0.0,0.0,0.0000,2.73,2.26,2.46,2.55,1,0.9067,-0.020,0.108,25.00,1,145.8,-1.1,1.00135,-2.0,3.4,0.9197,-0.00307,OK
1.0582,1.0031,55.1,0,145.8,-1.1,0.9448,144.5,0.7,0.9772,0.0,0.0,1.0000,-3.8,5.5,1.0981,2.6,6.1,0,0.0,0.0,0.0000,2.51,2.63,2.74,2.64,1,0.9078,-0.196,0.177,25.00,1,145.8,-1.1,1.00775,0.1,-5.0,0.9321,-0.00311,OK
1.0673,1.0031,64.1,0,145.8,-1.1,0.9448,144.5,0.7,0.9772,0.0,0.0,1.0000,-3.8,5.5,1.1014,2.7,6.1,0,0.0,0.0,0.0000,2.44,2.14,2.41,2.79,1,0.8767,-0.108,0.147,25.00,1,145.9,-1.1,1.01595,3.6,4.9,0.8935,-0.00314,OK
1.0753,1.0031,72.2,0,145.8,-1.1,0.9448,144.5,0.7,0.9772,0.0,0.0,1.0000,-3.7,5.4,1.1051,2.7,6.0,0,0.0,0.0,0.0000,2.26,2.20,2.08,2.38,1,0.8767,-0.108,0.147,24.00,1,145.8,-1.0,1.02306,-1.7,2.9,0.8671,-0.00310,OK
1.0833,1.0031,80.2,0,145.8,-1.1,0.9448,144.5,0.7,0.9772,0.0,0.0,1.0000,-3.5,5.5,1.1096,2.9,5.8,0,0.0,0.0,0.0000,2.41,2.52,2.07,2.63,1,0.8456,0.078,0.088,25.00,1,145.8,-1.1,1.02998,-3.4,2.9,0.8666,-0.00316,OK
1.0902,1.0031,87.1,0,145.8,-1.1,0.9448,144.5,0.7,0.9772,0.0,0.0,1.0000,-3.5,5.4,1.1133,2.9,5.8,0,0.0,0.0,0.0000,2.22,2.23,2.33,2.63,1,0.8589,0.010,0.078,25.00,1,145.8,-1.0,1.03595,3.0,1.5,0.8688,-0.00319,OK
1.0993,1.0031,96.1,0,145.8,-1.1,0.9448,144.5,0.7,0.9772,0.0,0.0,1.0000,-3.4,5.5,1.1168,3.0,5.7,0,0.0,0.0,0.0000,2.61,2.75,2.58,2.79,1,0.9211,-0.127,-0.000,26.00,1,145.8,-1.0,1.04411,-1.3,-1.1,0.9478,-0.00327,OK
1.1117,1.1048,6.9,0,147.0,-0.7,1.0419,144.5,0.7,1.0789,0.0,0.0,1.0000,-7.6,4.2,1.1238,-0.1,8.6,0,0.0,0.0,0.0000,2.85,2.33,2.93,2.68,1,0.9211,-0.127,-0.000,25.00,1,147.0,-0.7,1.05479,10.4,-6.8,0.9474,-0.00284,OK
1.1168,1.1048,11.9,0,147.0,-0.7,1.0419,144.5,0.7,1.0789,0.0,0.0,1.0000,-7.6,4.2,1.1285,-0.1,8.7,0,0.0,0.0,0.0000,2.65,2.93,2.41,2.90,1,1.0067,-0.284,0.088,24.00,1,147.0,-0.7,1.05868,4.7,-6.0,1.0112,-0.00285,OK
1.1231,1.1048,18.3,0,147.0,-0.7,1.0419,144.5,0.7,1.0789,0.0,0.0,1.0000,-7.8,4.2,1.1275,-0.1,8.8,0,0.0,0.0,0.0000,2.61,2.51,2.61,2.86,1,1.0644,-0.147,0.147,26.00,1,147.1,-0.7,1.06530,9.4,-3.1,1.0465,-0.00285,OK
1.1305,1.1048,25.6,0,147.0,-0.7,1.0419,144.5,0.7,1.0789,0.0,0.0,1.0000,-7.8,4.1,1.1254,-0.2,8.8,0,0.0,0.0,0.0000,3.22,2.54,2.93,3.21,1,1.0922,0.010,0.088,24.00,1,147.1,-0.6,1.07315,9.0,2.8,1.1018,-0.00284,OK
1.1389,1.1048,34.0,0,147.0,-0.7,1.0419,144.5,0.7,1.0789,0.0,0.0,1.0000,-8.0,3.9,1.1221,-0.3,8.9,0,0.0,0.0,0.0000,2.31,2.88,2.95,3.21,1,1.0922,0.010,0.088,25.00,1,147.2,-0.5,1.08241,14.6,-9.9,1.0834,-0.00287,OK
1.1472,1.1048,42.3,0,147.0,-0.7,1.0419,144.5,0.7,1.0789,0.0,0.0,1.0000,-8.4,3.8,1.1183,-0.5,9.2,0,0.0,0.0,0.0000,2.66,2.76,3.25,3.17,1,1.1389,0.039,0.127,25.00,1,147.3,-0.5,1.09165,13.6,-7.3,1.1311,-0.00290,OK
1.1547,1.1048,49.9,0,147.0,-0.7,1.0419,144.5,0.7,1.0789,0.0,0.0,1.0000,-8.5,3.7,1.1133,-0.6,9.3,0,0.0,0.0,0.0000,2.83,2.84,3.13,3.47,1,1.1878,-0.147,0.010,24.00,1,147.4,-0.4,1.10042,12.8,-1.4,1.1799,-0.00293,OK
1.1622,1.1048,57.4,0,147.0,-0.7,1.0419,144.5,0.7,1.0789,0.0,0.0,1.0000,-8.6,3.6,1.1074,-0.6,9.3,0,0.0,0.0,0.0000,2.79,3.17,2.63,3.15,1,1.1922,-0.353,0.127,24.00,1,147.4,-0.3,1.10940,2.6,-1.8,1.1690,-0.00306,OK
1.1711,1.1048,66.3,0,147.0,-0.7,1.0419,144.5,0.7,1.0789,0.0,0.0,1.0000,-8.6,3.7,1.1016,-0.5,9.3,0,0.0,0.0,0.0000,3.17,2.95,2.79,3.17,1,1.1511,-0.255,0.059,24.00,1,147.4,-0.3,1.11973,2.0,2.5,1.1505,-0.00307,OK
1.1792,1.1048,74.3,0,147.0,-0.7,1.0419,144.5,0.7,1.0789,0.0,0.0,1.0000,-8.5,3.5,1.0968,-0.4,9.2,0,0.0,0.0,0.0000,3.23,2.76,2.99,3.64,1,1.1511,-0.255,0.059,24.00,1,147.4,-0.3,1.12898,8.8,7.3,1.1646,-0.00303,OK
1.1871,1.1048,82.2,0,147.0,-0.7,1.0419,144.5,0.7,1.0789,0.0,0.0,1.0000,-8.6,3.4,1.0922,-0.5,9.2,0,0.0,0.0,0.0000,2.94,2.94,3.35,3.37,1,1.1322,-0.029,0.098,27.00,1,147.4,-0.2,1.13805,10.1,-3.7,1.1465,-0.00299,OK
1.1948,1.1048,90.0,0,147.0,-0.7,1.0419,144.5,0.7,1.0789,0.0,0.0,1.0000,-8.7,3.4,1.0877,-0.4,9.3,0,0.0,0.0,0.0000,3.13,3.23,3.00,3.18,1,1.1433,-0.049,0.265,25.00,1,147.5,-0.2,1.14694,1.1,-2.5,1.1537,-0.00296,OK
1.2023,1.1048,97.4,0,147.0,-0.7,1.0419,144.5,0.7,1.0789,0.0,0.0,1.0000,-8.9,3.4,1.0835,-0.5,9.5,0,0.0,0.0,0.0000,2.46,2.69,3.28,3.18,1,1.1200,-0.078,0.235,25.00,1,147.5,-0.1,1.15542,14.3,-6.1,1.1113,-0.00300,OK
1.2114,1.2073,4.1,0,146.2,-0.6,1.1532,144.5,0.7,1.1813,0.0,0.0,1.0000,-5.3,3.8,1.0723,1.5,6.3,0,0.0,0.0,0.0000,2.75,2.46,2.80,3.30,1,1.1200,-0.078,0.235,24.00,1,146.2,-0.6,1.16738,-1.0,15.9,1.1008,-0.00248,OK
1.2188,1.2073,11.5,0,146.2,-0.6,1.1532,144.5,0.7,1.1813,0.0,0.0,1.0000,-5.1,3.8,1.0871,1.5,6.1,0,0.0,0.0,0.0000,2.83,2.21,2.80,3.45,1,1.0467,-0.010,0.127,24.00,1,146.2,-0.6,1.17109,2.6,19.1,1.0554,-0.00247,OK
1.2272,1.2073,19.9,0,146.2,-0.6,1.1532,144.5,0.7,1.1813,0.0,0.0,1.0000,-4.7,3.6,1.0863,1.5,5.7,0,0.0,0.0,0.0000,3.05,2.27,3.04,3.20,1,0.9900,0.059,0.078,24.00,1,146.1,-0.5,1.17966,0.3,14.5,1.0184,-0.00245,OK
1.2345,1.2073,27.2,0,146.2,-0.6,1.1532,144.5,0.7,1.1813,0.0,0.0,1.0000,-4.4,3.5,1.0864,1.6,5.4,0,0.0,0.0,0.0000,2.66,2.53,2.58,3.25,1,0.9700,0.059,-0.000,25.00,1,146.0,-0.5,1.18689,-1.4,12.5,0.9910,-0.00245,OK
1.2428,1.2073,35.5,0,146.2,-0.6,1.1532,144.5,0.7,1.1813,0.0,0.0,1.0000,-4.1,3.4,1.0872,1.7,5.1,0,0.0,0.0,0.0000,2.58,2.20,2.97,2.92,1,0.9578,0.118,0.245,25.00,1,145.9,-0.4,1.19499,2.9,8.4,0.9710,-0.00246,OK
1.2515,1.2073,44.2,0,146.2,-0.6,1.1532,144.5,0.7,1.1813,0.0,0.0,1.0000,-3.9,3.3,1.0884,1.7,4.9,0,0.0,0.0,0.0000,2.49,2.07,2.87,2.74,1,0.9578,0.118,0.245,24.00,1,145.8,-0.4,1.20341,3.0,8.4,0.9570,-0.00246,OK
1.2583,1.2073,51.0,0,146.2,-0.6,1.1532,144.5,0.7,1.1813,0.0,0.0,1.0000,-3.7,3.3,1.0900,1.7,4.6,0,0.0,0.0,0.0000,2.67,2.35,2.53,2.85,1,0.9244,0.196,0.304,24.00,1,145.8,-0.3,1.20983,-2.5,10.5,0.9423,-0.00248,OK
1.2671,1.2073,59.9,0,146.2,-0.6,1.1532,144.5,0.7,1.1813,0.0,0.0,1.0000,-3.4,3.3,1.0926,1.9,4.4,0,0.0,0.0,0.0000,2.89,2.68,2.57,2.92,1,0.8811,0.118,0.186,24.00,1,145.7,-0.4,1.21801,-5.8,8.0,0.9319,-0.00257,OK
1.2749,1.2073,67.6,0,146.2,-0.6,1.1532,144.5,0.7,1.1813,0.0,0.0,1.0000,-3.6,3.2,1.0957,1.8,4.5,0,0.0,0.0,0.0000,2.08,2.33,5.06,2.64,1,0.8556,0.029,0.186,25.00,1,145.8,-0.3,1.22499,15.1,-17.0,0.8910,-0.00265,OK
1.2827,1.2073,75.5,0,146.2,-0.6,1.1532,144.5,0.7,1.1813,0.0,0.0,1.0000,-3.7,3.3,1.0996,1.9,4.5,0,0.0,0.0,0.0000,2.45,2.40,2.18,2.40,1,0.8556,0.029,0.186,26.00,1,145.8,-0.3,1.23189,-6.9,6.3,0.8661,-0.00268,OK
1.2903,1.2073,83.1,0,146.2,-0.6,1.1532,144.5,0.7,1.1813,0.0,0.0,1.0000,-3.4,3.3,1.1038,2.0,4.3,0,0.0,0.0,0.0000,2.75,1.81,2.47,2.26,1,0.8522,0.206,0.157,25.00,1,145.7,-0.3,1.23843,-3.1,11.3,0.8578,-0.00269,OK
1.2992,1.2073,91.9,0,146.2,-0.6,1.1532,144.5,0.7,1.1813,0.0,0.0,1.0000,-3.0,3.3,1.1084,2.2,3.9,0,0.0,0.0,0.0000,3.10,2.18,2.45,2.36,1,0.8644,0.167,0.451,25.00,1,145.6,-0.3,1.24615,-8.1,10.7,0.8900,-0.00279,OK
1.3071,1.2073,99.8,0,146.2,-0.6,1.1532,144.5,0.7,1.1813,0.0,0.0,1.0000,-3.0,3.4,1.1125,2.3,3.9,0,0.0,0.0,0.0000,1.87,2.48,2.34,2.23,1,0.8578,0.029,0.353,25.00,1,145.6,-0.4,1.25305,-1.3,-4.4,0.8475,-0.00274,OK
1.3154,1.3097,5.7,0,146.9,-0.3,1.2538,144.5,0.7,1.2838,0.0,0.0,1.0000,-7.2,3.0,1.1152,0.6,7.8,0,0.0,0.0,0.0000,1.92,2.25,2.06,2.55,1,0.8400,-0.059,-0.010,24.00,1,146.9,-0.3,1.26062,5.7,-7.3,0.8328,-0.00242,OK
1.3229,1.3097,13.2,0,146.9,-0.3,1.2538,144.5,0.7,1.2838,0.0,0.0,1.0000,-7.3,3.0,1.1279,0.6,7.9,0,0.0,0.0,0.0000,2.02,2.31,2.13,2.52,1,0.8400,-0.059,-0.010,24.00,1,146.9,-0.3,1.26497,4.4,-7.2,0.8402,-0.00241,OK
1.3302,1.3097,20.5,0,146.9,-0.3,1.2538,144.5,0.7,1.2838,0.0,0.0,1.0000,-7.2,2.6,1.1329,0.4,7.6,0,0.0,0.0,0.0000,2.41,0.02,2.18,2.56,1,0.8311,-0.059,0.039,25.00,1,146.9,-0.2,1.27097,23.2,27.4,0.8059,-0.00228,OK
1.3388,1.3097,29.1,0,146.9,-0.3,1.2538,144.5,0.7,1.2838,0.0,0.0,1.0000,-7.0,2.4,1.1389,0.3,7.4,0,0.0,0.0,0.0000,2.45,2.33,2.39,2.05,1,0.8378,0.147,0.137,25.00,1,146.8,-0.1,1.27807,-2.5,-9.3,0.8445,-0.00230,OK
1.3469,1.3097,37.1,0,146.9,-0.3,1.2538,144.5,0.7,1.2838,0.0,0.0,1.0000,-7.1,2.6,1.1438,0.5,7.5,0,0.0,0.0,0.0000,2.73,2.54,1.84,2.35,1,0.8378,0.147,0.137,26.00,1,146.9,-0.1,1.28493,-8.5,1.0,0.8561,-0.00238,OK
1.3550,1.3097,45.3,0,146.9,-0.3,1.2538,144.5,0.7,1.2838,0.0,0.0,1.0000,-7.0,2.8,1.1483,0.7,7.5,0,0.0,0.0,0.0000,2.70,2.52,2.26,2.51,1,0.8511,0.177,0.284,25.00,1,146.8,-0.2,1.29197,-3.1,-2.1,0.8784,-0.00248,OK
1.3631,1.3097,53.4,0,146.9,-0.3,1.2538,144.5,0.7,1.2838,0.0,0.0,1.0000,-7.1,2.8,1.1526,0.8,7.6,0,0.0,0.0,0.0000,2.15,2.11,2.26,2.42,1,0.8600,0.000,0.324,25.00,1,146.9,-0.2,1.29903,4.3,-2.7,0.8537,-0.00245,OK
1.3715,1.3097,61.8,0,146.9,-0.3,1.2538,144.5,0.7,1.2838,0.0,0.0,1.0000,-7.2,2.9,1.1573,0.9,7.7,0,0.0,0.0,0.0000,2.33,2.47,2.21,2.24,1,0.8633,-0.049,0.226,24.00,1,146.9,-0.2,1.30619,-2.7,-5.7,0.8642,-0.00244,OK
1.3787,1.3097,69.0,0,146.9,-0.3,1.2538,144.5,0.7,1.2838,0.0,0.0,1.0000,-7.2,3.0,1.1611,1.0,7.7,0,0.0,0.0,0.0000,2.33,2.19,2.15,2.55,1,0.8744,-0.029,0.039,24.00,1,146.9,-0.2,1.31250,2.0,1.7,0.8733,-0.00243,OK
1.3870,1.3097,77.3,0,146.9,-0.3,1.2538,144.5,0.7,1.2838,0.0,0.0,1.0000,-7.0,3.1,1.1647,1.2,7.6,0,0.0,0.0,0.0000,3.29,2.24,2.39,2.22,1,0.9000,-0.029,-0.039,24.00,1,146.9,-0.2,1.31986,-7.9,4.2,0.9144,-0.00247,OK
1.3943,1.3097,84.5,0,146.9,-0.3,1.2538,144.5,0.7,1.2838,0.0,0.0,1.0000,-6.9,3.2,1.1671,1.5,7.5,0,0.0,0.0,0.0000,3.09,2.59,2.33,2.71,1,0.9000,-0.029,-0.039,25.00,1,146.8,-0.2,1.32651,-5.2,4.3,0.9336,-0.00256,OK
1.4026,1.3097,92.9,0,146.9,-0.3,1.2538,144.5,0.7,1.2838,0.0,0.0,1.0000,-6.9,3.3,1.1690,1.6,7.5,0,0.0,0.0,0.0000,2.50,2.82,2.69,2.67,1,0.9433,-0.108,0.078,25.00,1,146.9,-0.3,1.33436,0.5,-7.1,0.9586,-0.00258,OK
1.4103,1.3097,100.6,0,146.9,-0.3,1.2538,144.5,0.7,1.2838,0.0,0.0,1.0000,-6.9,3.4,1.1701,1.7,7.5,0,0.0,0.0,0.0000,2.78,2.04,2.63,2.45,1,0.9756,-0.069,0.147,24.00,1,146.9,-0.2,1.34182,1.8,4.3,0.9606,-0.00256,OK
1.4191,1.4122,6.9,0,147.6,-0.6,1.3486,144.5,0.7,1.3862,0.0,0.0,1.0000,-9.4,3.9,1.1681,1.8,10.1,0,0.0,0.0,0.0000,2.83,2.82,2.76,2.80,1,1.0100,-0.098,0.226,24.00,1,147.6,-0.6,1.35110,-2.8,-10.0,1.0212,-0.00246,OK
1.4264,1.4122,14.2,0,147.6,-0.6,1.3486,144.5,0.7,1.3862,0.0,0.0,1.0000,-9.6,4.2,1.1721,2.0,10.2,0,0.0,0.0,0.0000,3.27,2.95,2.78,2.56,1,1.0100,-0.098,0.226,24.00,1,147.7,-0.7,1.35737,-9.7,-9.3,1.0293,-0.00246,OK
1.4351,1.4122,22.9,0,147.6,-0.6,1.3486,144.5,0.7,1.3862,0.0,0.0,1.0000,-9.7,4.5,1.1708,2.5,10.5,0,0.0,0.0,0.0000,2.97,3.19,2.83,2.72,1,1.0433,-0.029,0.010,25.00,1,147.7,-0.8,1.36644,-7.1,-12.3,1.0565,-0.00246,OK
1.4422,1.4122,30.1,0,147.6,-0.6,1.3486,144.5,0.7,1.3862,0.0,0.0,1.0000,-9.9,4.8,1.1688,2.8,10.7,0,0.0,0.0,0.0000,3.10,3.23,3.03,2.90,1,1.0811,0.020,0.137,25.00,1,147.8,-0.8,1.37409,-5.4,-11.1,1.0974,-0.00245,OK
1.4512,1.4122,39.0,0,147.6,-0.6,1.3486,144.5,0.7,1.3862,0.0,0.0,1.0000,-10.1,5.1,1.1649,3.1,10.9,0,0.0,0.0,0.0000,2.91,3.16,2.87,2.67,1,1.1178,0.049,0.422,25.00,1,147.9,-0.9,1.38404,-6.8,-11.4,1.1076,-0.00247,OK
1.4589,1.4122,46.7,0,147.6,-0.6,1.3486,144.5,0.7,1.3862,0.0,0.0,1.0000,-10.3,5.4,1.1614,3.5,11.1,0,0.0,0.0,0.0000,3.36,3.08,3.10,2.74,1,1.1178,0.049,0.422,26.00,1,148.0,-1.0,1.39261,-7.6,-7.7,1.1248,-0.00246,OK
1.4668,1.4122,54.6,0,147.6,-0.6,1.3486,144.5,0.7,1.3862,0.0,0.0,1.0000,-10.3,5.6,1.1546,3.8,11.1,0,0.0,0.0,0.0000,3.04,3.24,3.10,3.48,1,1.1478,-0.078,0.324,24.00,1,148.0,-1.0,1.40157,1.1,-4.7,1.1618,-0.00243,OK
1.4752,1.4122,63.0,0,147.6,-0.6,1.3486,144.5,0.7,1.3862,0.0,0.0,1.0000,-10.3,5.8,1.1442,4.1,11.1,0,0.0,0.0,0.0000,3.35,3.14,2.71,3.02,1,1.1989,-0.245,0.020,24.00,1,148.0,-1.1,1.41146,-8.9,1.3,1.1861,-0.00248,OK
1.4824,1.4122,70.2,0,147.6,-0.6,1.3486,144.5,0.7,1.3862,0.0,0.0,1.0000,-10.2,6.1,1.1276,4.5,11.0,0,0.0,0.0,0.0000,3.58,3.26,3.19,3.27,1,1.2533,-0.177,-0.029,25.00,1,148.0,-1.1,1.42031,-5.4,-0.2,1.2519,-0.00250,OK
1.4912,1.4122,79.0,0,147.6,-0.6,1.3486,144.5,0.7,1.3862,0.0,0.0,1.0000,-10.0,6.3,1.1004,4.8,10.8,0,0.0,0.0,0.0000,3.71,3.20,3.16,3.58,1,1.2911,-0.098,0.471,25.00,1,148.0,-1.1,1.43153,-3.4,6.1,1.2905,-0.00251,OK
1.4990,1.4122,86.8,0,147.6,-0.6,1.3486,144.5,0.7,1.3862,0.0,0.0,1.0000,-9.9,6.3,1.0712,5.0,10.6,0,0.0,0.0,0.0000,3.64,3.09,3.86,3.61,1,1.2911,-0.098,0.471,25.00,1,147.9,-1.1,1.44152,4.3,-0.3,1.2992,-0.00248,OK
1.5063,1.4122,94.1,0,147.6,-0.6,1.3486,144.5,0.7,1.3862,0.0,0.0,1.0000,-9.9,6.3,1.0405,5.1,10.6,0,0.0,0.0,0.0000,3.26,3.52,3.58,3.78,1,1.3000,-0.186,0.441,25.00,1,148.0,-1.1,1.45107,3.7,-4.3,1.3048,-0.00246,OK
1.5154,1.5149,0.5,0,147.3,-0.7,1.4400,144.5,0.7,1.4889,0.0,0.0,1.0000,-8.5,4.2,0.9867,3.3,8.9,0,0.0,0.0,0.0000,3.98,3.74,3.29,3.67,1,1.3144,-0.088,0.078,25.00,1,147.3,-0.7,1.46685,-3.3,10.4,1.2828,-0.00116,OK
1.5230,1.5149,8.1,0,147.3,-0.7,1.4400,144.5,0.7,1.4889,0.0,0.0,1.0000,-8.5,4.2,0.9936,3.3,8.9,0,0.0,0.0,0.0000,3.68,3.63,3.53,3.74,1,1.3222,0.069,0.098,24.00,1,147.3,-0.7,1.46705,1.7,6.1,1.3309,-0.00111,OK
1.5302,1.5149,15.3,0,147.3,-0.7,1.4400,144.5,0.7,1.4889,0.0,0.0,1.0000,-8.4,4.2,0.9626,3.4,8.8,0,0.0,0.0,0.0000,3.13,3.18,3.59,3.34,1,1.2911,-0.098,0.382,25.00,1,147.3,-0.6,1.47658,7.1,1.2,1.2745,-0.00123,OK
1.5388,1.5149,23.9,0,147.3,-0.7,1.4400,144.5,0.7,1.4889,0.0,0.0,1.0000,-8.2,4.1,0.9269,3.4,8.5,0,0.0,0.0,0.0000,3.64,3.01,3.46,3.52,1,1.2911,-0.098,0.382,25.00,1,147.3,-0.6,1.48760,4.4,11.3,1.2868,-0.00126,OK
1.5464,1.5149,31.5,0,147.3,-0.7,1.4400,144.5,0.7,1.4889,0.0,0.0,1.0000,-7.9,4.0,0.8957,3.5,8.2,0,0.0,0.0,0.0000,3.36,2.90,3.26,3.55,1,1.2489,-0.118,0.137,25.00,1,147.2,-0.5,1.49725,6.3,11.8,1.2431,-0.00130,OK
1.5549,1.5149,40.0,0,147.3,-0.7,1.4400,144.5,0.7,1.4889,0.0,0.0,1.0000,-7.7,3.9,0.8623,3.4,7.9,0,0.0,0.0,0.0000,2.86,2.86,3.26,3.63,1,1.2044,0.216,-0.000,25.00,1,147.1,-0.4,1.50772,12.0,7.1,1.1974,-0.00133,OK
1.5630,1.5149,48.1,0,147.3,-0.7,1.4400,144.5,0.7,1.4889,0.0,0.0,1.0000,-7.7,3.7,0.8328,3.3,7.8,0,0.0,0.0,0.0000,2.92,3.21,3.53,3.34,1,1.1344,0.216,0.039,27.00,1,147.1,-0.4,1.51714,7.6,-2.9,1.1530,-0.00128,OK
1.5707,1.5149,55.8,0,147.3,-0.7,1.4400,144.5,0.7,1.4889,0.0,0.0,1.0000,-7.6,3.6,0.8052,3.3,7.7,0,0.0,0.0,0.0000,2.99,2.84,3.08,3.18,1,1.1344,0.216,0.039,25.00,1,147.1,-0.3,1.52601,4.8,5.6,1.1328,-0.00128,OK
1.5783,1.5149,63.4,0,147.3,-0.7,1.4400,144.5,0.7,1.4889,0.0,0.0,1.0000,-7.6,3.6,0.7794,3.3,7.7,0,0.0,0.0,0.0000,2.96,2.85,3.28,2.73,1,1.0400,-0.049,0.177,24.00,1,147.1,-0.3,1.53426,2.0,-2.4,1.0547,-0.00126,OK
1.5872,1.5149,72.3,0,147.3,-0.7,1.4400,144.5,0.7,1.4889,0.0,0.0,1.0000,-7.6,3.5,0.7513,3.3,7.7,0,0.0,0.0,0.0000,2.33,2.49,2.99,2.92,1,0.9567,-0.206,0.284,25.00,1,147.1,-0.2,1.54319,10.5,-0.5,0.9682,-0.00126,OK
1.5952,1.5149,80.3,0,147.3,-0.7,1.4400,144.5,0.7,1.4889,0.0,0.0,1.0000,-7.5,3.3,0.7270,3.2,7.5,0,0.0,0.0,0.0000,2.55,2.25,2.63,3.00,1,0.9067,-0.039,0.147,24.00,1,147.1,-0.2,1.55072,8.1,8.3,0.9285,-0.00131,OK
1.6028,1.5149,87.9,0,147.3,-0.7,1.4400,144.5,0.7,1.4889,0.0,0.0,1.0000,-7.2,3.3,0.7047,3.2,7.3,0,0.0,0.0,0.0000,2.96,2.27,2.32,2.39,1,0.8722,0.098,-0.069,25.00,1,147.0,-0.2,1.55757,-3.9,9.3,0.8910,-0.00136,OK
1.6104,1.5149,95.5,0,147.3,-0.7,1.4400,144.5,0.7,1.4889,0.0,0.0,1.0000,-7.0,3.4,0.6819,3.4,7.0,0,0.0,0.0,0.0000,2.81,2.39,2.27,2.48,1,0.8722,0.098,-0.069,25.00,1,146.9,-0.2,1.56433,-3.3,8.0,0.8915,-0.00143,OK
1.6183,1.6169,1.4,0,147.5,-0.9,1.5820,144.5,0.7,1.5877,0.0,0.0,0.8619,-9.2,4.8,0.6327,4.9,9.1,0,0.0,0.0,0.0000,2.10,2.09,2.32,2.43,1,0.8311,0.020,0.118,25.00,1,147.5,-0.9,1.57763,-3.3,-4.2,0.8376,-0.00162,OK
1.6267,1.6169,9.8,0,147.5,-0.9,1.5820,144.5,0.7,1.5877,0.0,0.0,0.8619,-9.2,4.8,0.6308,4.9,9.1,0,0.0,0.0,0.0000,2.23,1.88,1.99,2.05,1,0.7733,0.088,0.177,25.00,1,147.5,-1.0,1.57888,-7.5,0.1,0.7704,-0.00160,OK
1.6350,1.6169,18.1,0,147.5,-0.9,1.5820,144.5,0.7,1.5877,0.0,0.0,0.8619,-9.1,5.1,0.6084,5.2,9.1,0,0.0,0.0,0.0000,2.08,2.04,1.74,2.11,1,0.7122,-0.039,0.127,24.00,1,147.5,-1.0,1.58506,-8.4,0.0,0.7243,-0.00167,OK
1.6422,1.6169,25.3,0,147.5,-0.9,1.5820,144.5,0.7,1.5877,0.0,0.0,0.8619,-9.0,5.4,0.5885,5.5,8.9,0,0.0,0.0,0.0000,2.53,1.80,1.63,2.02,1,0.7122,-0.039,0.127,24.00,1,147.5,-1.1,1.59033,-11.7,7.5,0.7272,-0.00177,OK
1.6512,1.6169,34.3,0,147.5,-0.9,1.5820,144.5,0.7,1.5877,0.0,0.0,0.8619,-8.9,5.7,0.5641,5.9,8.7,0,0.0,0.0,0.0000,2.08,1.84,1.70,1.80,1,0.6633,-0.088,0.275,25.00,1,147.5,-1.2,1.59664,-9.1,-0.0,0.6748,-0.00185,OK
1.6595,1.6169,42.5,0,147.5,-0.9,1.5820,144.5,0.7,1.5877,0.0,0.0,0.8619,-8.9,6.0,0.5425,6.3,8.7,0,0.0,0.0,0.0000,1.73,1.83,1.29,1.66,1,0.6233,-0.108,0.196,25.00,1,147.5,-1.3,1.60197,-10.2,0.3,0.6191,-0.00179,OK
1.6672,1.6169,50.3,0,147.5,-0.9,1.5820,144.5,0.7,1.5877,0.0,0.0,0.8619,-8.7,6.2,0.5228,6.5,8.5,0,0.0,0.0,0.0000,2.00,1.34,1.39,1.63,1,0.5911,-0.069,0.078,25.00,1,147.4,-1.3,1.60670,-7.6,6.6,0.5957,-0.00182,OK
1.6750,1.6169,58.1,0,147.5,-0.9,1.5820,144.5,0.7,1.5877,0.0,0.0,0.8619,-8.6,6.4,0.5035,6.8,8.3,0,0.0,0.0,0.0000,1.66,1.31,1.24,1.42,1,0.5489,-0.049,0.137,25.00,1,147.4,-1.4,1.61110,-7.2,3.3,0.5429,-0.00173,OK
1.6829,1.6169,66.0,0,147.5,-0.9,1.5820,144.5,0.7,1.5877,0.0,0.0,0.8619,-8.5,6.7,0.4851,7.0,8.2,0,0.0,0.0,0.0000,1.43,1.35,0.94,1.39,1,0.5489,-0.049,0.137,25.00,1,147.4,-1.5,1.61518,-8.0,4.3,0.5244,-0.00143,OK
1.6905,1.6169,73.6,0,147.5,-0.9,1.5820,144.5,0.7,1.5877,0.0,0.0,0.8619,-8.3,6.8,0.4665,7.2,8.0,0,0.0,0.0,0.0000,1.64,0.90,1.22,1.46,1,0.4922,-0.108,0.127,25.00,1,147.3,-1.5,1.61906,-2.6,8.3,0.4942,-0.00143,OK
1.6982,1.6169,81.3,0,147.5,-0.9,1.5820,144.5,0.7,1.5877,0.0,0.0,0.8619,-8.1,6.9,0.4488,7.3,7.7,0,0.0,0.0,0.0000,1.43,0.73,1.14,1.27,1,0.4167,-0.127,0.235,25.00,1,147.3,-1.5,1.62263,-1.4,6.7,0.4238,-0.00150,OK
1.7062,1.6169,89.3,0,147.5,-0.9,1.5820,144.5,0.7,1.5877,0.0,0.0,0.8619,-8.0,7.0,0.4314,7.4,7.6,0,0.0,0.0,0.0000,1.07,1.04,0.76,1.05,1,0.3289,-0.186,0.304,24.00,1,147.2,-1.5,1.62579,-5.6,1.2,0.3457,-0.00171,OK
1.7148,1.6169,97.9,0,147.5,-0.9,1.5820,144.5,0.7,1.5877,0.0,0.0,0.8619,-7.9,7.2,0.4150,7.6,7.5,0,0.0,0.0,0.0000,1.16,0.50,0.73,0.58,1,0.3289,-0.186,0.304,24.00,1,147.2,-1.6,1.62845,-6.6,4.2,0.3101,-0.00139,OK
1.7230,1.7195,3.6,0,147.6,-1.7,1.6680,144.5,0.7,1.6603,0.0,0.0,0.5541,-9.6,6.8,0.3680,7.4,9.1,0,0.0,0.0,0.0000,0.73,0.79,0.45,0.92,1,0.2478,-0.294,0.265,24.00,1,147.6,-1.7,1.63855,-4.1,-1.5,0.2775,-0.00280,OK
1.7305,1.7195,11.1,0,147.6,-1.7,1.6680,144.5,0.7,1.6603,0.0,0.0,0.5541,-9.6,6.8,0.3586,7.5,9.1,0,0.0,0.0,0.0000,0.64,0.76,0.22,0.84,1,0.1833,-0.275,0.324,25.00,1,147.6,-1.7,1.63929,-5.3,-0.2,0.2062,-0.00313,OK
1.7388,1.7195,19.3,0,147.6,-1.7,1.6680,144.5,0.7,1.6603,0.0,0.0,0.5541,-9.6,6.9,0.3453,7.6,9.1,0,0.0,0.0,0.0000,0.19,0.39,0.17,0.45,1,0.1333,-0.235,0.245,25.00,1,147.6,-1.7,1.64058,-1.8,-3.8,0.1269,-0.00295,OK
1.7472,1.7195,27.8,0,147.6,-1.7,1.6680,144.5,0.7,1.6603,0.0,0.0,0.5541,-9.7,6.9,0.3313,7.5,9.2,0,0.0,0.0,0.0000,0.20,0.27,0.73,0.56,1,0.1333,-0.235,0.245,25.00,1,147.7,-1.7,1.64181,4.8,-7.3,0.1454,-0.00314,OK
1.7546,1.7195,35.1,0,147.6,-1.7,1.6680,144.5,0.7,1.6603,0.0,0.0,0.5541,-9.8,6.8,0.3169,7.5,9.3,0,0.0,0.0,0.0000,0.70,0.25,0.66,0.57,1,0.0989,-0.147,0.245,24.00,1,147.7,-1.7,1.64326,0.0,-1.3,0.1444,-0.00396,OK
1.7623,1.7195,42.9,0,147.6,-1.7,1.6680,144.5,0.7,1.6603,0.0,0.0,0.5541,-9.8,6.9,0.3026,7.6,9.3,0,0.0,0.0,0.0000,0.68,0.16,0.47,0.27,1,0.0833,-0.137,0.216,24.00,1,147.7,-1.7,1.64449,-3.3,-1.0,0.1132,-0.00446,OK
1.7712,1.7195,51.7,0,147.6,-1.7,1.6680,144.5,0.7,1.6603,0.0,0.0,0.5541,-9.9,6.9,0.2866,7.6,9.4,0,0.0,0.0,0.0000,0.39,0.10,0.49,0.17,1,0.0733,-0.088,0.206,25.00,1,147.7,-1.7,1.64549,-0.7,-4.1,0.0893,-0.00468,OK
1.7791,1.7195,59.6,0,147.6,-1.7,1.6680,144.5,0.7,1.6603,0.0,0.0,0.5541,-10.0,6.9,0.2743,7.6,9.5,0,0.0,0.0,0.0000,-0.20,0.11,0.06,0.14,1,0.0711,-0.206,0.177,26.00,1,147.8,-1.7,1.64574,1.1,-5.2,0.0472,-0.00410,OK
1.7871,1.7195,67.6,0,147.6,-1.7,1.6680,144.5,0.7,1.6603,0.0,0.0,0.5541,-9.9,7.8,0.2641,8.5,9.3,0,0.0,0.0,0.0000,-0.35,-0.23,0.18,0.35,1,0.0711,-0.206,0.177,25.00,1,147.7,-2.0,1.64517,0.0,-0.0,0.0045,-0.00256,OK
1.7950,1.7195,75.5,0,147.6,-1.7,1.6680,144.5,0.7,1.6603,0.0,0.0,0.5541,-9.9,7.8,0.2529,8.5,9.3,0,0.0,0.0,0.0000,0.65,0.34,0.28,0.64,1,0.0700,-0.088,-0.000,25.00,1,147.7,-2.0,1.64473,-0.0,0.0,0.0224,-0.00147,OK
1.8027,1.8015,1.2,0,147.8,-1.3,1.6798,144.5,0.7,1.6956,0.0,0.0,0.3080,-10.1,5.8,0.2241,6.6,9.6,0,0.0,0.0,0.0000,0.48,0.11,0.20,0.56,1,0.0767,-0.029,0.177,24.00,1,147.8,-1.4,1.65029,5.4,-1.0,0.0533,-0.00107,OK
1.8109,1.8027,8.1,0,147.7,-1.2,1.6813,144.5,0.7,1.6960,0.0,0.0,0.3043,-9.9,5.5,0.1940,6.3,9.4,0,0.0,0.0,0.0000,0.46,0.24,0.05,0.42,1,0.0800,-0.137,0.127,25.00,1,147.7,-1.2,1.65715,-0.0,0.0,0.0131,-0.00072,OK
1.8186,1.8113,7.2,0,147.7,-1.2,1.6802,144.5,0.7,1.6985,0.0,0.0,0.2784,-9.9,5.5,0.1344,6.3,9.4,0,0.0,0.0,0.0000,0.17,0.02,0.38,0.17,1,0.0922,-0.088,0.177,27.00,1,147.7,-1.2,1.65925,0.1,-0.1,0.0086,0.00035,OK
1.8268,1.8202,6.6,0,147.8,-1.3,1.6776,144.5,0.7,1.7009,0.0,0.0,0.2517,-9.9,5.6,0.1196,6.5,9.4,0,0.0,0.0,0.0000,0.58,-0.16,0.28,0.89,1,0.0922,-0.088,0.177,25.00,1,147.8,-1.3,1.66183,1.2,9.8,0.1222,-0.00047,OK
1.8343,1.8288,5.6,0,147.8,-1.1,1.6813,144.5,0.7,1.7029,0.0,0.0,0.2260,-10.0,5.4,0.0971,6.3,9.4,0,0.0,0.0,0.0000,0.49,0.15,0.35,0.49,1,0.1156,-0.069,0.127,24.00,1,147.8,-1.2,1.66463,4.3,-2.3,0.1300,-0.00091,OK
1.8427,1.8364,6.2,0,147.7,-1.2,1.6817,144.5,0.7,1.7046,0.0,0.0,0.2029,-9.8,5.4,0.0692,6.3,9.3,0,0.0,0.0,0.0000,0.32,-0.05,0.62,0.55,1,0.1389,-0.088,0.196,24.00,1,147.7,-1.2,1.66705,5.0,2.8,0.1394,-0.00109,OK
1.8505,1.8451,5.3,0,147.8,-1.1,1.6851,144.5,0.7,1.7062,0.0,0.0,0.1769,-10.0,5.2,0.0415,6.1,9.4,0,0.0,0.0,0.0000,0.13,-0.07,0.17,0.58,1,0.1511,-0.098,0.137,24.00,1,147.8,-1.1,1.66944,5.9,-2.8,0.1260,-0.00081,OK
1.8590,1.8534,5.6,0,147.8,-1.0,1.6834,144.5,0.7,1.7076,0.0,0.0,0.1522,-10.1,4.9,0.0133,5.9,9.5,0,0.0,0.0,0.0000,-0.03,0.05,0.70,0.43,1,0.1511,-0.098,0.137,25.00,1,147.8,-1.0,1.67146,9.8,-7.8,0.1326,-0.00061,OK
1.8673,1.8624,4.8,0,147.8,-1.4,1.6831,144.5,0.7,1.7088,0.0,0.0,0.1252,-10.1,5.7,-0.0109,6.7,9.4,0,0.0,0.0,0.0000,-0.17,0.41,0.40,0.46,1,0.1222,-0.069,0.226,25.00,1,147.8,-1.3,1.67233,-14.9,0.9,0.0130,0.00079,OK
1.8743,1.8701,4.2,0,147.7,-1.1,1.6837,144.5,0.7,1.7097,0.0,0.0,0.1022,-9.9,5.5,-0.0319,6.4,9.3,0,0.0,0.0,0.0000,0.27,-0.22,0.34,0.46,1,0.0789,-0.177,0.206,25.00,1,147.8,-1.2,1.67300,11.8,5.5,0.0129,0.00195,OK
1.8829,1.8787,4.2,0,147.8,-1.1,1.6848,144.5,0.7,1.7104,0.0,0.0,0.0764,-10.0,5.2,-0.0583,6.2,9.4,0,0.0,0.0,0.0000,-0.19,-0.06,0.14,0.11,1,0.0367,-0.029,0.245,24.00,1,147.8,-1.1,1.67376,6.3,-5.2,0.0064,0.00242,OK
1.8908,1.8872,3.6,0,147.8,-0.9,1.6852,144.5,0.7,1.7111,0.0,0.0,0.0509,-10.1,4.8,-0.0832,5.8,9.6,0,0.0,0.0,0.0000,0.09,-0.19,0.17,0.11,1,0.0367,-0.029,0.245,25.00,1,147.8,-1.0,1.67451,14.9,-7.7,0.0088,0.00287,OK
1.8990,1.8962,2.9,0,147.8,-1.1,1.6837,144.5,0.7,1.7113,0.0,0.0,0.0360,-10.0,5.0,-0.1098,6.1,9.5,0,0.0,0.0,0.0000,-0.31,-0.41,-0.22,0.04,1,-0.0178,0.069,0.324,25.00,1,147.8,-1.0,1.67514,-9.7,5.6,0.0013,0.00252,OK
1.9064,1.9042,2.3,0,147.8,-1.0,1.6847,144.5,0.7,1.7115,0.0,0.0,-0.0236,-10.0,5.0,-0.1348,6.0,9.4,0,0.0,0.0,0.0000,-0.04,0.10,-0.11,0.25,1,-0.0811,0.108,0.167,25.00,1,147.8,-1.0,1.67593,3.4,1.9,0.0044,0.00122,OK
1.9141,1.9130,1.1,0,147.7,-1.0,1.6832,144.5,0.7,1.7113,0.0,0.0,-0.0372,-9.7,5.0,-0.1610,6.0,9.1,0,0.0,0.0,0.0000,-0.27,-0.14,-0.28,-0.34,1,-0.1300,-0.039,0.177,25.00,1,147.7,-1.0,1.67648,4.0,18.5,-0.0016,-0.00008,OK
1.9227,1.9224,0.2,0,147.8,-1.0,1.6855,144.5,0.7,1.7110,0.0,0.0,-0.0551,-10.1,4.8,-0.1844,5.8,9.5,0,0.0,0.0,0.0000,-0.80,0.07,-0.61,-0.28,1,-0.1300,-0.039,0.177,25.00,1,147.8,-1.0,1.67560,3.0,-16.1,-0.1198,-0.00002,OK
1.9302,1.9224,7.8,0,147.8,-1.0,1.6855,144.5,0.7,1.7110,0.0,0.0,-0.0551,-10.0,4.8,-0.2084,5.8,9.5,0,0.0,0.0,0.0000,-0.54,-0.52,-0.43,-0.44,1,-0.1689,-0.059,0.069,25.00,1,147.8,-1.0,1.67539,3.9,-3.3,-0.1790,-0.00002,OK
1.9386,1.9360,2.5,0,147.7,-0.9,1.6849,144.5,0.7,1.7100,0.0,0.0,-0.0960,-9.6,4.5,-0.2294,5.5,9.1,0,0.0,0.0,0.0000,-0.28,-0.79,-0.37,-0.50,1,-0.1967,-0.177,0.088,26.00,1,147.7,-0.9,1.67372,9.4,12.7,-0.1773,-0.00027,OK
1.9471,1.9428,4.3,0,147.7,-1.0,1.6804,144.5,0.7,1.7092,0.0,0.0,-0.1160,-9.6,4.8,-0.2555,5.7,9.1,0,0.0,0.0,0.0000,-0.32,-0.64,-0.58,-0.38,1,-0.2411,-0.137,0.118,25.00,1,147.7,-1.0,1.67285,-8.1,2.4,-0.2088,-0.00087,OK
1.9547,1.9428,11.9,0,147.7,-1.0,1.6804,144.5,0.7,1.7092,0.0,0.0,-0.1160,-9.6,4.8,-0.2783,5.7,9.1,0,0.0,0.0,0.0000,-0.95,-0.66,-0.71,-0.57,1,-0.2900,-0.108,0.206,25.00,1,147.7,-1.0,1.67178,1.2,-1.4,-0.2808,-0.00102,OK
1.9634,1.9428,20.6,0,147.7,-1.0,1.6804,144.5,0.7,1.7092,0.0,0.0,-0.1160,-9.7,4.7,-0.3002,5.6,9.2,0,0.0,0.0,0.0000,-0.95,-0.86,-0.58,-0.73,1,-0.2900,-0.108,0.206,24.00,1,147.7,-0.9,1.66930,2.6,-2.2,-0.2908,-0.00098,OK
1.9711,1.9428,28.3,0,147.7,-1.0,1.6804,144.5,0.7,1.7092,0.0,0.0,-0.1160,-9.8,4.5,-0.3182,5.4,9.3,0,0.0,0.0,0.0000,-2.04,-1.16,-0.84,-0.90,1,-0.3378,-0.098,0.147,25.00,1,147.7,-0.9,1.66654,10.8,-7.7,-0.3890,-0.00000,OK
1.9789,1.9428,36.1,0,147.7,-1.0,1.6804,144.5,0.7,1.7092,0.0,0.0,-0.1160,-9.7,4.5,-0.3365,5.4,9.3,0,0.0,0.0,0.0000,-0.43,-0.79,-1.82,-0.95,1,-0.4022,0.147,-0.020,25.00,1,147.7,-0.9,1.66362,-14.5,12.7,-0.3805,-0.00046,OK
1.9866,1.9428,43.8,0,147.7,-1.0,1.6804,144.5,0.7,1.7092,0.0,0.0,-0.1160,-9.6,4.8,-0.3542,5.6,9.1,0,0.0,0.0,0.0000,-1.03,-1.01,-1.67,-1.05,1,-0.4756,-0.049,0.245,25.00,1,147.6,-1.0,1.66043,-6.6,5.9,-0.4566,-0.00084,OK
1.9949,1.9428,52.1,0,147.7,-1.0,1.6804,144.5,0.7,1.7092,0.0,0.0,-0.1160,-9.4,4.9,-0.3719,5.7,9.0,0,0.0,0.0,0.0000,-1.15,-1.40,-1.66,-1.31,1,-0.5378,-0.147,0.255,25.00,1,147.6,-1.0,1.65639,-4.6,6.1,-0.5236,-0.00112,OK
2.0033,1.9428,60.5,0,147.7,-1.0,1.6804,144.5,0.7,1.7092,0.0,0.0,-0.1160,-9.4,4.9,-0.3892,5.7,9.0,0,0.0,0.0,0.0000,-1.13,-1.51,-1.26,-1.49,1,-0.5378,-0.147,0.255,24.00,1,147.6,-1.1,1.65206,-2.4,1.2,-0.5213,-0.00147,OK
2.0113,1.9428,68.5,0,147.7,-1.0,1.6804,144.5,0.7,1.7092,0.0,0.0,-0.1160,-9.4,5.0,-0.4070,5.7,9.0,0,0.0,0.0,0.0000,-1.20,-1.03,-1.45,-1.25,1,-0.5600,0.127,0.088,25.00,1,147.6,-1.1,1.64804,-4.7,-0.9,-0.5181,-0.00235,OK
2.0192,1.9428,76.4,0,147.7,-1.0,1.6804,144.5,0.7,1.7092,0.0,0.0,-0.1160,-9.3,5.0,-0.4243,5.7,8.9,0,0.0,0.0,0.0000,-1.26,-1.57,-1.73,-1.12,1,-0.5533,0.039,0.098,25.00,1,147.5,-1.1,1.64393,-0.5,9.4,-0.5371,-0.00265,OK
2.0273,2.0247,2.5,0,147.2,-1.2,1.6713,144.5,0.7,1.6896,0.0,0.0,-0.3618,-8.2,5.4,-0.4453,5.9,7.8,0,0.0,0.0,0.0000,-0.66,-1.35,-1.38,-1.38,1,-0.5400,-0.226,0.186,26.00,1,147.2,-1.2,1.64022,-7.8,10.7,-0.4666,-0.00378,OK
2.0351,2.0350,0.1,0,147.5,-1.3,1.6463,144.5,0.7,1.6858,0.0,0.0,-0.3923,-9.2,5.8,-0.4634,6.4,8.8,0,0.0,0.0,0.0000,-1.08,-1.12,-1.71,-1.34,1,-0.5400,-0.226,0.186,24.00,1,147.5,-1.3,1.63593,-13.2,-48.5,-0.4952,-0.00428,OK
2.0434,2.0376,5.8,0,147.1,-1.3,1.6416,144.5,0.7,1.6847,0.0,0.0,-0.4002,-8.5,5.9,-0.4979,6.4,8.1,0,0.0,0.0,0.0000,-1.37,-1.41,-1.81,-1.39,1,-0.5456,-0.098,0.157,24.00,1,147.3,-1.3,1.63488,-5.1,18.7,-0.5427,-0.00427,OK
2.0512,2.0487,2.5,0,147.4,-1.3,1.6343,144.5,0.7,1.6802,0.0,0.0,-0.4335,-8.9,5.8,-0.5120,6.3,8.5,0,0.0,0.0,0.0000,-1.46,-1.56,-1.31,-1.50,1,-0.5567,-0.324,-0.059,24.00,1,147.4,-1.3,1.62924,3.7,-19.2,-0.5448,-0.00435,OK
2.0587,2.0563,2.4,0,147.2,-1.5,1.6263,144.5,0.7,1.6767,0.0,0.0,-0.4565,-8.4,6.3,-0.5327,6.7,8.0,0,0.0,0.0,0.0000,-1.21,-1.57,-1.64,-0.95,1,-0.5667,-0.422,0.118,25.00,1,147.3,-1.4,1.62532,-18.0,24.7,-0.5328,-0.00494,OK
2.0665,2.0643,2.2,0,147.2,-1.3,1.6203,144.5,0.7,1.6730,0.0,0.0,-0.4805,-8.2,6.0,-0.5515,6.4,7.9,0,0.0,0.0,0.0000,-1.80,-1.76,-1.54,-1.28,1,-0.5878,-0.363,0.069,26.00,1,147.2,-1.3,1.62053,15.1,9.7,-0.5864,-0.00487,OK
2.0748,2.0732,1.6,0,147.0,-1.2,1.6129,144.5,0.7,1.6685,0.0,0.0,-0.5074,-7.7,5.6,-0.5724,5.9,7.5,0,0.0,0.0,0.0000,-1.91,-1.31,-1.66,-1.14,1,-0.5878,-0.363,0.069,25.00,1,147.0,-1.2,1.61526,17.6,19.9,-0.5767,-0.00505,OK
2.0831,2.0816,1.4,0,146.9,-0.9,1.6026,144.5,0.7,1.6642,0.0,0.0,-0.5326,-7.2,4.8,-0.5917,5.1,7.0,0,0.0,0.0,0.0000,-1.73,-1.66,-1.64,-1.30,1,-0.6144,-0.275,0.078,24.00,1,146.9,-0.9,1.60961,37.1,21.5,-0.6114,-0.00518,OK
2.0902,2.0900,0.3,0,146.7,-0.7,1.5969,144.5,0.7,1.6596,0.0,0.0,-0.5577,-6.7,4.2,-0.6062,4.4,6.5,0,0.0,0.0,0.0000,-1.20,-2.52,-1.73,-1.28,1,-0.6278,-0.255,0.088,24.00,1,146.7,-0.7,1.60391,28.9,16.3,-0.6299,-0.00528,OK
2.0982,2.0981,0.1,0,146.4,-0.7,1.5869,144.5,0.7,1.6550,0.0,0.0,-0.5821,-5.7,4.1,-0.6240,4.3,5.6,0,0.0,0.0,0.0000,-1.34,-2.81,-1.64,-1.07,1,-0.6322,-0.206,0.088,25.00,1,146.4,-0.7,1.59798,2.6,40.3,-0.6456,-0.00534,OK
2.1072,2.1069,0.2,0,146.3,-0.6,1.5880,144.5,0.7,1.6497,0.0,0.0,-0.6082,-5.6,3.7,-0.6478,3.8,5.5,0,0.0,0.0,0.0000,-2.25,-2.27,-2.01,-1.21,1,-0.6322,-0.206,0.088,25.00,1,146.3,-0.6,1.59183,9.7,4.0,-0.6621,-0.00477,OK
2.1143,2.1069,7.4,0,146.3,-0.6,1.5880,144.5,0.7,1.6497,0.0,0.0,-0.6082,-5.5,3.7,-0.6875,3.8,5.5,0,0.0,0.0,0.0000,-1.79,-2.20,-1.80,-1.16,1,-0.6400,-0.226,0.127,25.00,1,146.3,-0.6,1.59193,13.0,14.5,-0.6363,-0.00477,OK
2.1232,2.1196,3.6,0,146.2,-0.4,1.5808,144.5,0.7,1.6418,0.0,0.0,-0.6461,-5.1,3.3,-0.7027,3.3,5.0,0,0.0,0.0,0.0000,-2.18,-2.00,-1.89,-1.35,1,-0.6722,-0.137,0.088,24.00,1,146.2,-0.4,1.58334,12.0,10.1,-0.6753,-0.00464,OK
2.1305,2.1241,6.4,0,146.1,-0.5,1.5750,144.5,0.7,1.6389,0.0,0.0,-0.6597,-4.9,3.4,-0.7292,3.4,4.8,0,0.0,0.0,0.0000,-2.00,-2.21,-2.27,-1.49,1,-0.7256,-0.098,0.245,25.00,1,146.1,-0.5,1.57969,1.4,15.2,-0.7237,-0.00457,OK
2.1383,2.1321,6.2,0,146.1,-0.4,1.5697,144.5,0.7,1.6335,0.0,0.0,-0.6838,-4.9,3.3,-0.7457,3.3,4.9,0,0.0,0.0,0.0000,-2.02,-2.30,-1.84,-1.34,1,-0.7733,-0.059,0.255,25.00,1,146.1,-0.4,1.57355,7.5,3.9,-0.7422,-0.00509,OK
2.1469,2.1404,6.5,0,146.0,-0.3,1.5694,144.5,0.7,1.6277,0.0,0.0,-0.7089,-4.6,2.9,-0.7629,2.9,4.7,0,0.0,0.0,0.0000,-2.27,-2.44,-1.65,-1.27,1,-0.7733,-0.059,0.255,25.00,1,146.0,-0.3,1.56749,14.6,6.5,-0.7473,-0.00551,OK
2.1545,2.1494,5.1,0,146.2,-0.2,1.5616,144.5,0.7,1.6212,0.0,0.0,-0.7360,-5.1,2.6,-0.7666,2.5,5.1,0,0.0,0.0,0.0000,-2.43,-2.67,-2.09,-1.33,1,-0.8022,-0.069,0.255,26.00,1,146.2,-0.2,1.56055,13.5,-8.7,-0.7918,-0.00560,OK
2.1628,2.1494,13.3,0,146.2,-0.2,1.5616,144.5,0.7,1.6212,0.0,0.0,-0.7360,-5.2,2.3,-0.7786,2.2,5.2,0,0.0,0.0,0.0000,-2.77,-2.74,-2.21,-1.50,1,-0.8089,-0.039,0.069,26.00,1,146.2,-0.1,1.55621,14.4,-4.2,-0.8178,-0.00531,OK
2.1712,2.1494,21.7,0,146.2,-0.2,1.5616,144.5,0.7,1.6212,0.0,0.0,-0.7360,-5.2,1.9,-0.7803,1.8,5.3,0,0.0,0.0,0.0000,-1.99,-2.85,-1.84,-1.42,1,-0.7933,-0.118,0.088,25.00,1,146.2,-0.0,1.54954,12.1,1.1,-0.7729,-0.00562,OK
2.1786,2.1494,29.1,0,146.2,-0.2,1.5616,144.5,0.7,1.6212,0.0,0.0,-0.7360,-5.2,1.6,-0.7809,1.5,5.3,0,0.0,0.0,0.0000,-2.45,-2.78,-2.03,-1.63,1,-0.7933,-0.118,0.088,24.00,1,146.2,0.1,1.54370,12.4,-2.9,-0.7987,-0.00540,OK
2.1870,2.1494,37.5,0,146.2,-0.2,1.5616,144.5,0.7,1.6212,0.0,0.0,-0.7360,-5.3,1.4,-0.7829,1.2,5.3,0,0.0,0.0,0.0000,-1.94,-2.41,-2.05,-1.62,1,-0.7856,-0.206,0.177,25.00,1,146.2,0.2,1.53716,5.0,-0.7,-0.7665,-0.00567,OK
2.1945,2.1494,45.0,0,146.2,-0.2,1.5616,144.5,0.7,1.6212,0.0,0.0,-0.7360,-5.4,1.1,-0.7853,0.9,5.4,0,0.0,0.0,0.0000,-2.48,-2.61,-1.88,-1.49,1,-0.7967,-0.186,0.226,25.00,1,146.2,0.2,1.53133,14.6,-3.9,-0.7893,-0.00570,OK
2.2030,2.1494,53.5,0,146.2,-0.2,1.5616,144.5,0.7,1.6212,0.0,0.0,-0.7360,-5.4,0.6,-0.7877,0.4,5.4,0,0.0,0.0,0.0000,-2.75,-3.13,-1.97,-1.38,1,-0.8344,-0.108,0.167,26.00,1,146.3,0.4,1.52442,21.6,1.5,-0.8362,-0.00556,OK
2.2113,2.1494,61.9,0,146.2,-0.2,1.5616,144.5,0.7,1.6212,0.0,0.0,-0.7360,-5.3,0.1,-0.7888,-0.2,5.3,0,0.0,0.0,0.0000,-3.22,-3.17,-2.58,-1.63,1,-0.8767,0.000,-0.039,26.00,1,146.2,0.6,1.51712,18.7,3.2,-0.9009,-0.00499,OK
2.2185,2.1494,69.1,0,146.2,-0.2,1.5616,144.5,0.7,1.6212,0.0,0.0,-0.7360,-5.2,-0.3,-0.7903,-0.6,5.2,0,0.0,0.0,0.0000,-2.35,-3.03,-2.29,-1.70,1,-0.8767,0.000,-0.039,25.00,1,146.2,0.7,1.51077,11.9,5.6,-0.8682,-0.00506,OK
2.2268,2.1494,77.3,0,146.2,-0.2,1.5616,144.5,0.7,1.6212,0.0,0.0,-0.7360,-4.9,-0.5,-0.7937,-0.8,4.9,0,0.0,0.0,0.0000,-1.59,-2.97,-2.53,-1.55,1,-0.8789,0.069,-0.088,24.00,1,146.1,0.7,1.50376,3.5,18.2,-0.8415,-0.00566,OK
2.2353,2.2287,6.6,0,145.0,1.1,1.5043,144.5,0.7,1.5534,0.0,0.0,-0.9687,-1.5,-1.4,-0.7974,-1.6,1.4,0,0.0,0.0,0.0000,-2.10,-3.31,-2.19,-1.47,1,-0.8533,-0.029,0.118,25.00,1,145.0,1.1,1.49628,17.9,27.0,-0.8389,-0.00585,OK
2.2429,2.2287,14.2,0,145.0,1.1,1.5043,144.5,0.7,1.5534,0.0,0.0,-0.9687,-1.1,-1.8,-0.8066,-1.9,0.9,0,0.0,0.0,0.0000,-2.45,-3.03,-2.25,-1.67,1,-0.8289,-0.147,0.147,25.00,1,144.8,1.3,1.49105,16.5,19.1,-0.8363,-0.00561,OK
2.2502,2.2287,21.5,0,145.0,1.1,1.5043,144.5,0.7,1.5534,0.0,0.0,-0.9687,-0.7,-2.3,-0.8108,-2.3,0.5,0,0.0,0.0,0.0000,-2.92,-3.31,-2.43,-1.58,1,-0.8289,-0.147,0.147,25.00,1,144.7,1.4,1.48480,21.8,20.3,-0.8587,-0.00500,OK
2.2585,2.2287,29.8,0,145.0,1.1,1.5043,144.5,0.7,1.5534,0.0,0.0,-0.9687,-0.2,-2.9,-0.8152,-2.9,-0.1,0,0.0,0.0,0.0000,-3.04,-3.34,-2.51,-1.45,1,-0.8333,-0.147,-0.000,25.00,1,144.6,1.6,1.47764,23.8,21.5,-0.8638,-0.00438,OK
2.2663,2.2287,37.6,0,145.0,1.1,1.5043,144.5,0.7,1.5534,0.0,0.0,-0.9687,0.4,-3.3,-0.8200,-3.2,-0.7,0,0.0,0.0,0.0000,-2.01,-2.97,-2.56,-1.50,1,-0.8489,-0.020,-0.000,24.00,1,144.4,1.8,1.47098,11.3,26.9,-0.8359,-0.00453,OK
2.2745,2.2287,45.8,0,145.0,1.1,1.5043,144.5,0.7,1.5534,0.0,0.0,-0.9687,0.8,-3.9,-0.8243,-3.8,-1.2,0,0.0,0.0,0.0000,-5.12,-3.23,-2.39,-1.42,1,-0.8489,0.039,0.098,24.00,1,144.3,2.0,1.46389,34.8,8.0,-0.8885,-0.00393,OK
2.2834,2.2287,54.7,0,145.0,1.1,1.5043,144.5,0.7,1.5534,0.0,0.0,-0.9687,1.2,-4.7,-0.8293,-4.5,-1.7,0,0.0,0.0,0.0000,-2.30,-3.32,-2.04,-1.25,1,-0.8489,0.039,0.098,25.00,1,144.1,2.2,1.45626,23.2,22.8,-0.8337,-0.00413,OK
2.2910,2.2287,62.3,0,145.0,1.1,1.5043,144.5,0.7,1.5534,0.0,0.0,-0.9687,1.8,-5.2,-0.8348,-4.9,-2.4,0,0.0,0.0,0.0000,-2.15,-3.07,-2.33,-1.17,1,-0.8200,0.098,0.275,25.00,1,144.0,2.4,1.45002,18.4,26.3,-0.8068,-0.00428,OK
2.2992,2.2287,70.5,0,145.0,1.1,1.5043,144.5,0.7,1.5534,0.0,0.0,-0.9687,2.0,-5.8,-0.8407,-5.5,-2.7,0,0.0,0.0,0.0000,-5.07,-2.68,-2.04,-1.50,1,-0.7856,0.029,0.373,25.00,1,143.9,2.6,1.44331,30.9,-2.0,-0.8208,-0.00374,OK
2.3066,2.2287,77.9,0,145.0,1.1,1.5043,144.5,0.7,1.5534,0.0,0.0,-0.9687,2.3,-6.2,-0.8472,-5.8,-3.1,0,0.0,0.0,0.0000,-1.65,-2.73,-2.21,-1.41,1,-0.7700,-0.039,0.343,25.00,1,143.8,2.8,1.43749,8.7,23.4,-0.7511,-0.00399,OK
2.3143,2.2287,85.6,0,145.0,1.1,1.5043,144.5,0.7,1.5534,0.0,0.0,-0.9687,2.8,-6.6,-0.8540,-6.2,-3.7,0,0.0,0.0,0.0000,-2.71,-3.19,-2.33,-1.17,1,-0.7689,-0.059,0.324,24.00,1,143.7,2.9,1.43152,23.5,21.6,-0.7937,-0.00354,OK
2.3231,2.2287,94.4,0,145.0,1.1,1.5043,144.5,0.7,1.5534,0.0,0.0,-0.9687,3.4,-7.1,-0.8620,-6.5,-4.4,0,0.0,0.0,0.0000,-2.21,-2.43,-2.33,-1.17,1,-0.7689,-0.059,0.324,24.00,1,143.5,3.1,1.42473,13.8,18.0,-0.7556,-0.00370,OK
2.3309,2.2287,102.3,0,145.0,1.1,1.5043,144.5,0.7,1.5534,0.0,0.0,-0.9687,3.8,-7.4,-0.8697,-6.7,-4.9,0,0.0,0.0,0.0000,-1.87,-2.87,-1.97,-1.57,1,-0.7578,0.157,0.226,25.00,1,143.4,3.2,1.41879,11.8,17.0,-0.7535,-0.00371,OK
2.3393,2.3326,6.7,0,143.3,2.7,1.4368,144.5,0.7,1.4497,0.0,0.0,-1.0000,3.7,-6.1,-0.8872,-5.5,-4.6,0,0.0,0.0,0.0000,-1.95,-2.89,-1.80,-1.69,1,-0.7256,0.147,0.206,25.00,1,143.3,2.7,1.41478,6.6,12.1,-0.7330,-0.00368,OK
2.3466,2.3326,14.0,0,143.3,2.7,1.4368,144.5,0.7,1.4497,0.0,0.0,-1.0000,4.0,-6.3,-0.8993,-5.5,-4.9,0,0.0,0.0,0.0000,-1.94,-2.41,-2.22,-1.20,1,-0.6878,0.000,0.177,25.00,1,143.2,2.8,1.41051,5.4,17.8,-0.6909,-0.00358,OK
2.3542,2.3326,21.6,0,143.3,2.7,1.4368,144.5,0.7,1.4497,0.0,0.0,-1.0000,4.4,-6.4,-0.9093,-5.6,-5.4,0,0.0,0.0,0.0000,-1.58,-2.33,-2.03,-1.32,1,-0.6533,0.000,0.314,25.00,1,143.1,2.8,1.40541,1.6,17.2,-0.6526,-0.00354,OK
2.3628,2.3326,30.2,0,143.3,2.7,1.4368,144.5,0.7,1.4497,0.0,0.0,-1.0000,4.8,-6.4,-0.9218,-5.5,-5.9,0,0.0,0.0,0.0000,-1.08,-2.32,-1.74,-1.51,1,-0.6533,0.000,0.314,24.00,1,142.9,2.9,1.39991,-3.1,16.8,-0.6300,-0.00382,OK
2.3709,2.3326,38.3,0,143.3,2.7,1.4368,144.5,0.7,1.4497,0.0,0.0,-1.0000,5.0,-6.5,-0.9331,-5.5,-6.1,0,0.0,0.0,0.0000,-2.33,-2.07,-1.50,-1.55,1,-0.6400,0.039,0.333,25.00,1,142.9,2.9,1.39469,9.0,-1.3,-0.6580,-0.00352,OK
2.3783,2.3326,45.7,0,143.3,2.7,1.4368,144.5,0.7,1.4497,0.0,0.0,-1.0000,5.1,-6.6,-0.9427,-5.6,-6.2,0,0.0,0.0,0.0000,-2.34,-2.23,-1.95,-1.48,1,-0.6500,0.059,0.304,25.00,1,142.9,3.0,1.38969,7.6,6.1,-0.6778,-0.00309,OK
2.3871,2.3326,54.5,0,143.3,2.7,1.4368,144.5,0.7,1.4497,0.0,0.0,-1.0000,5.4,-6.7,-0.9545,-5.5,-6.5,0,0.0,0.0,0.0000,-1.45,-2.04,-1.97,-1.65,1,-0.6689,0.137,0.294,25.00,1,142.8,3.0,1.38379,-3.6,10.8,-0.6598,-0.00317,OK
2.3947,2.3326,62.1,0,143.3,2.7,1.4368,144.5,0.7,1.4497,0.0,0.0,-1.0000,5.6,-6.8,-0.9640,-5.6,-6.8,0,0.0,0.0,0.0000,-2.42,-2.42,-1.95,-1.44,1,-0.6689,0.137,0.294,24.00,1,142.7,3.0,1.37862,10.8,7.4,-0.6973,-0.00275,OK
2.4033,2.3326,70.7,0,143.3,2.7,1.4368,144.5,0.7,1.4497,0.0,0.0,-1.0000,5.8,-6.9,-0.9748,-5.6,-7.0,0,0.0,0.0,0.0000,-1.69,-2.06,-1.83,-1.53,1,-0.7067,0.137,0.275,24.00,1,142.7,3.1,1.37266,1.9,7.5,-0.6857,-0.00299,OK
2.4108,2.3326,78.2,0,143.3,2.7,1.4368,144.5,0.7,1.4497,0.0,0.0,-1.0000,6.0,-6.8,-0.9836,-5.5,-7.2,0,0.0,0.0,0.0000,-1.67,-1.99,-2.16,-1.93,1,-0.7378,0.196,0.098,25.00,1,142.6,3.1,1.36741,-5.4,6.5,-0.7268,-0.00310,OK
2.4185,2.3326,85.9,0,143.3,2.7,1.4368,144.5,0.7,1.4497,0.0,0.0,-1.0000,6.3,-6.6,-0.9921,-5.2,-7.5,0,0.0,0.0,0.0000,-1.29,-2.04,-2.19,-1.96,1,-0.7622,0.010,0.167,25.00,1,142.6,3.0,1.36184,-9.4,11.0,-0.7312,-0.00347,OK
2.4271,2.3326,94.4,0,143.3,2.7,1.4368,144.5,0.7,1.4497,0.0,0.0,-1.0000,6.5,-6.5,-1.0004,-4.9,-7.7,0,0.0,0.0,0.0000,-1.97,-2.08,-2.33,-2.03,1,-0.7956,-0.049,0.196,24.00,1,142.5,3.0,1.35535,-3.7,4.6,-0.7864,-0.00354,OK
2.4350,2.4349,0.1,0,142.2,4.3,1.3648,144.5,0.7,1.3474,0.0,0.0,-1.0000,7.1,-10.7,-0.9952,-8.8,-9.3,0,0.0,0.0,0.0000,-1.85,-1.91,-2.90,-2.19,1,-0.7956,-0.049,0.196,25.00,1,142.2,4.3,1.34609,3.8,13.0,-0.7508,-0.00363,OK
2.4428,2.4349,7.9,0,142.2,4.3,1.3648,144.5,0.7,1.3474,0.0,0.0,-1.0000,7.1,-10.7,-1.0238,-8.8,-9.3,0,0.0,0.0,0.0000,-2.47,-2.48,-2.49,-2.61,1,-0.8600,0.049,0.235,25.00,1,142.2,4.3,1.34542,10.0,3.3,-0.9335,-0.00363,OK
2.4512,2.4349,16.2,0,142.2,4.3,1.3648,144.5,0.7,1.3474,0.0,0.0,-1.0000,7.2,-10.8,-1.0257,-8.8,-9.5,0,0.0,0.0,0.0000,-2.57,-2.46,-3.13,-2.84,1,-0.9567,0.118,0.402,25.00,1,142.2,4.3,1.33756,2.9,6.3,-0.9709,-0.00337,OK
2.4585,2.4349,23.6,0,142.2,4.3,1.3648,144.5,0.7,1.3474,0.0,0.0,-1.0000,7.5,-10.8,-1.0262,-8.7,-9.8,0,0.0,0.0,0.0000,-2.01,-2.28,-2.81,-2.72,1,-1.0544,0.206,0.157,25.00,1,142.1,4.3,1.33037,-1.8,6.4,-1.0058,-0.00397,OK
2.4668,2.4349,31.9,0,142.2,4.3,1.3648,144.5,0.7,1.3474,0.0,0.0,-1.0000,7.6,-10.8,-1.0257,-8.6,-10.1,0,0.0,0.0,0.0000,-2.34,-2.83,-2.48,-2.95,1,-1.0544,0.206,0.157,24.00,1,142.1,4.4,1.32192,6.3,2.9,-1.0306,-0.00425,OK
2.4755,2.4349,40.6,0,142.2,4.3,1.3648,144.5,0.7,1.3474,0.0,0.0,-1.0000,7.9,-10.8,-1.0231,-8.4,-10.3,0,0.0,0.0,0.0000,-2.71,-2.66,-3.57,-3.17,1,-1.1167,-0.127,0.186,25.00,1,142.0,4.4,1.31260,-2.8,6.0,-1.1137,-0.00423,OK
2.4823,2.4349,47.4,0,142.2,4.3,1.3648,144.5,0.7,1.3474,0.0,0.0,-1.0000,7.9,-10.8,-1.0195,-8.3,-10.5,0,0.0,0.0,0.0000,-3.54,-2.64,-3.36,-3.18,1,-1.1411,-0.157,0.020,25.00,1,142.0,4.4,1.30486,5.3,-4.8,-1.1486,-0.00406,OK
2.4913,2.4349,56.4,0,142.2,4.3,1.3648,144.5,0.7,1.3474,0.0,0.0,-1.0000,8.1,-10.7,-1.0142,-8.0,-10.7,0,0.0,0.0,0.0000,-2.52,-2.88,-3.65,-3.25,1,-1.1544,0.039,0.206,26.00,1,142.0,4.4,1.29453,-5.6,10.1,-1.1456,-0.00413,OK
2.4982,2.4349,63.3,0,142.2,4.3,1.3648,144.5,0.7,1.3474,0.0,0.0,-1.0000,8.4,-10.5,-1.0101,-7.7,-11.0,0,0.0,0.0,0.0000,-2.53,-2.95,-3.53,-3.54,1,-1.1544,0.039,0.206,26.00,1,141.9,4.4,1.28663,-7.2,6.9,-1.1529,-0.00409,OK
2.5067,2.4349,71.7,0,142.2,4.3,1.3648,144.5,0.7,1.3474,0.0,0.0,-1.0000,8.6,-10.2,-1.0045,-7.3,-11.2,0,0.0,0.0,0.0000,-2.87,-2.43,-3.83,-3.55,1,-1.1811,0.049,0.304,24.00,1,141.9,4.3,1.27677,-11.3,-1.5,-1.1762,-0.00410,OK
2.5144,2.4349,79.4,0,142.2,4.3,1.3648,144.5,0.7,1.3474,0.0,0.0,-1.0000,8.8,-9.9,-0.9992,-6.9,-11.3,0,0.0,0.0,0.0000,-2.62,-3.00,-3.28,-3.64,1,-1.1800,-0.441,0.245,25.00,1,141.9,4.2,1.26774,-5.9,2.2,-1.1725,-0.00415,OK
2.5234,2.4349,88.4,0,142.2,4.3,1.3648,144.5,0.7,1.3474,0.0,0.0,-1.0000,8.9,-9.7,-0.9936,-6.5,-11.5,0,0.0,0.0,0.0000,-2.51,-2.96,-3.03,-3.63,1,-1.1456,-0.451,0.020,25.00,1,141.9,4.2,1.25735,-5.5,0.4,-1.1369,-0.00421,OK
2.5302,2.4349,95.3,0,142.2,4.3,1.3648,144.5,0.7,1.3474,0.0,0.0,-1.0000,9.0,-9.6,-0.9904,-6.2,-11.6,0,0.0,0.0,0.0000,-2.53,-3.01,-2.95,-3.50,1,-1.1011,-0.108,0.206,25.00,1,141.8,4.2,1.24965,-3.2,1.2,-1.1009,-0.00416,OK
2.5384,2.5382,0.2,0,141.3,3.9,1.2606,144.5,0.7,1.2441,0.0,0.0,-1.0000,9.8,-9.4,-0.9717,-5.6,-12.4,0,0.0,0.0,0.0000,-2.91,-2.69,-2.92,-3.11,1,-1.1011,-0.108,0.206,25.00,1,141.3,3.9,1.23687,-4.1,2.2,-1.0385,-0.00440,OK
2.5469,2.5382,8.7,0,141.3,3.9,1.2606,144.5,0.7,1.2441,0.0,0.0,-1.0000,9.8,-9.4,-1.0022,-5.6,-12.4,0,0.0,0.0,0.0000,-3.46,-2.81,-2.69,-3.08,1,-1.0633,-0.049,0.167,25.00,1,141.3,3.9,1.23597,4.3,-4.1,-1.0790,-0.00415,OK
2.5546,2.5382,16.5,0,141.3,3.9,1.2606,144.5,0.7,1.2441,0.0,0.0,-1.0000,9.8,-9.4,-1.0011,-5.5,-12.4,0,0.0,0.0,0.0000,-2.72,-2.53,-2.47,-2.63,1,-1.0078,-0.245,0.059,25.00,1,141.3,3.9,1.22795,1.6,0.9,-0.9936,-0.00428,OK
2.5633,2.5382,25.1,0,141.3,3.9,1.2606,144.5,0.7,1.2441,0.0,0.0,-1.0000,10.0,-9.3,-1.0021,-5.3,-12.6,0,0.0,0.0,0.0000,-2.41,-2.84,-2.26,-2.90,1,-0.9433,-0.226,0.127,26.00,1,141.3,3.9,1.21955,0.4,2.6,-0.9474,-0.00418,OK
2.5713,2.5382,33.1,0,141.3,3.9,1.2606,144.5,0.7,1.2441,0.0,0.0,-1.0000,10.1,-9.3,-1.0038,-5.2,-12.7,0,0.0,0.0,0.0000,-2.62,-2.70,-2.48,-2.54,1,-0.9433,-0.226,0.127,24.00,1,141.3,3.9,1.21195,2.8,4.6,-0.9463,-0.00409,OK
2.5792,2.5382,41.1,0,141.3,3.9,1.2606,144.5,0.7,1.2441,0.0,0.0,-1.0000,10.2,-9.2,-1.0060,-5.0,-12.9,0,0.0,0.0,0.0000,-2.59,-2.35,-2.55,-2.69,1,-0.8900,0.157,0.059,25.00,1,141.2,3.9,1.20458,-2.3,0.7,-0.9060,-0.00386,OK
2.5873,2.5382,49.1,0,141.3,3.9,1.2606,144.5,0.7,1.2441,0.0,0.0,-1.0000,10.5,-9.2,-1.0101,-4.7,-13.1,0,0.0,0.0,0.0000,-1.83,-2.63,-2.38,-2.21,1,-0.8533,0.108,0.147,24.00,1,141.2,3.9,1.19758,-1.6,13.9,-0.8426,-0.00394,OK
2.5953,2.5382,57.1,0,141.3,3.9,1.2606,144.5,0.7,1.2441,0.0,0.0,-1.0000,10.7,-9.2,-1.0146,-4.6,-13.4,0,0.0,0.0,0.0000,-2.60,-2.75,-2.32,-2.51,1,-0.8400,-0.167,0.216,25.00,1,141.1,4.0,1.19064,4.4,3.9,-0.8703,-0.00355,OK
2.6028,2.5382,64.6,0,141.3,3.9,1.2606,144.5,0.7,1.2441,0.0,0.0,-1.0000,11.0,-9.2,-1.0190,-4.4,-13.7,0,0.0,0.0,0.0000,-1.99,-2.53,-2.69,-2.14,1,-0.8167,-0.157,0.314,25.00,1,141.0,4.0,1.18430,-2.3,14.9,-0.8267,-0.00340,OK
2.6105,2.5382,72.3,0,141.3,3.9,1.2606,144.5,0.7,1.2441,0.0,0.0,-1.0000,11.2,-9.1,-1.0246,-4.1,-13.9,0,0.0,0.0,0.0000,-2.11,-1.90,-2.34,-2.33,1,-0.8167,-0.157,0.314,25.00,1,141.0,4.0,1.17799,-5.4,0.5,-0.8115,-0.00342,OK
2.6191,2.5382,80.9,0,141.3,3.9,1.2606,144.5,0.7,1.2441,0.0,0.0,-1.0000,11.3,-8.8,-1.0318,-3.7,-13.8,0,0.0,0.0,0.0000,-1.84,-1.70,-2.09,-2.51,1,-0.7811,-0.088,0.353,24.00,1,141.0,3.9,1.17115,-9.3,-3.4,-0.7727,-0.00347,OK
2.6272,2.5382,89.0,0,141.3,3.9,1.2606,144.5,0.7,1.2441,0.0,0.0,-1.0000,11.4,-8.6,-1.0394,-3.4,-13.9,0,0.0,0.0,0.0000,-1.78,-2.23,-1.96,-2.42,1,-0.7444,-0.059,0.098,25.00,1,141.0,3.9,1.16501,-3.5,2.8,-0.7528,-0.00335,OK
2.6349,2.5382,96.7,0,141.3,3.9,1.2606,144.5,0.7,1.2441,0.0,0.0,-1.0000,11.5,-8.5,-1.0479,-3.2,-13.9,0,0.0,0.0,0.0000,-1.77,-1.64,-1.90,-2.09,1,-0.7067,0.147,0.118,25.00,1,140.9,3.9,1.15941,-4.9,-1.4,-0.6993,-0.00339,OK
2.6430,2.6393,3.6,0,141.0,3.6,1.1603,144.5,0.7,1.1430,0.0,0.0,-1.0000,10.4,-8.7,-1.0533,-3.7,-13.1,0,0.0,0.0,0.0000,-1.21,-1.65,-2.02,-1.73,1,-0.6811,0.226,0.157,25.00,1,141.0,3.6,1.15267,-9.4,6.7,-0.6452,-0.00375,OK
2.6507,2.6495,1.2,0,141.2,4.0,1.1479,144.5,0.7,1.1328,0.0,0.0,-1.0000,9.9,-9.8,-1.0576,-4.9,-13.1,0,0.0,0.0,0.0000,-1.90,-1.61,-2.00,-1.88,1,-0.6811,0.226,0.157,25.00,1,141.2,3.9,1.14604,50.1,-1.1,-0.6775,-0.00372,OK
2.6592,2.6529,6.3,0,141.2,4.2,1.1396,144.5,0.7,1.1294,0.0,0.0,-1.0000,9.8,-10.4,-1.0805,-5.5,-13.2,0,0.0,0.0,0.0000,-1.89,-1.69,-1.76,-1.87,1,-0.6800,-0.020,0.137,24.00,1,141.2,4.1,1.14323,35.1,3.4,-0.6761,-0.00371,OK
2.6671,2.6625,4.6,0,141.3,4.1,1.1376,144.5,0.7,1.1198,0.0,0.0,-1.0000,9.6,-10.6,-1.0862,-5.6,-13.2,0,0.0,0.0,0.0000,-1.81,-1.93,-2.01,-1.63,1,-0.6922,-0.137,0.098,24.00,1,141.3,4.2,1.13675,12.8,0.3,-0.6853,-0.00374,OK
2.6743,2.6721,2.2,0,141.3,3.8,1.1314,144.5,0.7,1.1102,0.0,0.0,-1.0000,9.6,-9.7,-1.0884,-4.7,-12.8,0,0.0,0.0,0.0000,-2.16,-1.54,-1.73,-1.98,1,-0.7189,-0.059,0.363,25.00,1,141.3,3.9,1.13014,-32.6,-12.6,-0.7082,-0.00380,OK
2.6828,2.6806,2.2,0,141.4,4.1,1.1256,144.5,0.7,1.1017,0.0,0.0,-1.0000,9.3,-10.0,-1.0986,-5.0,-12.7,0,0.0,0.0,0.0000,-1.96,-1.83,-1.41,-2.50,1,-0.7189,-0.059,0.363,25.00,1,141.4,4.0,1.12415,17.7,-5.9,-0.7174,-0.00376,OK
2.6913,2.6888,2.6,0,141.0,3.6,1.1100,144.5,0.7,1.0936,0.0,0.0,-1.0000,10.1,-9.2,-1.1047,-3.9,-13.1,0,0.0,0.0,0.0000,-1.75,-1.86,-2.20,-2.32,1,-0.7578,0.020,0.157,24.00,1,141.1,3.7,1.11716,-53.2,20.3,-0.7628,-0.00372,OK
2.6993,2.6953,4.0,0,140.8,3.3,1.1007,144.5,0.7,1.0870,0.0,0.0,-1.0000,10.7,-8.3,-1.1114,-2.7,-13.3,0,0.0,0.0,0.0000,-1.72,-2.23,-2.32,-2.19,1,-0.8022,0.020,0.029,24.00,1,140.9,3.4,1.11088,-51.6,11.9,-0.7986,-0.00374,OK
2.7065,2.7022,4.4,0,140.2,3.2,1.0911,144.5,0.7,1.0801,0.0,0.0,-1.0000,12.4,-7.8,-1.1129,-1.4,-14.6,0,0.0,0.0,0.0000,-1.96,-2.02,-2.13,-1.84,1,-0.8522,0.069,0.059,25.00,1,140.3,3.2,1.10402,-55.2,57.1,-0.8227,-0.00402,OK
2.7144,2.7111,3.3,0,140.4,3.3,1.0863,144.5,0.7,1.0713,0.0,0.0,-1.0000,12.4,-7.9,-1.1101,-1.4,-14.7,0,0.0,0.0,0.0000,-1.99,-1.91,-2.27,-2.08,1,-0.9089,0.049,0.010,25.00,1,140.3,3.3,1.09544,8.5,-6.0,-0.8788,-0.00433,OK
2.7227,2.7152,7.5,0,140.4,3.4,1.0816,144.5,0.7,1.0672,0.0,0.0,-1.0000,12.4,-8.1,-1.1250,-1.5,-14.7,0,0.0,0.0,0.0000,-2.45,-2.49,-2.39,-2.41,1,-0.9089,0.049,0.010,25.00,1,140.3,3.3,1.09089,-6.1,9.3,-0.9054,-0.00428,OK
2.7309,2.7253,5.6,0,140.8,3.5,1.0782,144.5,0.7,1.0570,0.0,0.0,-1.0000,11.3,-8.4,-1.1183,-2.1,-13.9,0,0.0,0.0,0.0000,-2.41,-2.87,-2.46,-2.86,1,-0.9878,-0.245,0.108,25.00,1,140.7,3.5,1.08098,17.9,-17.4,-0.9837,-0.00428,OK
2.7389,2.7367,2.2,0,140.8,3.6,1.0713,144.5,0.7,1.0456,0.0,0.0,-1.0000,10.9,-8.7,-1.1037,-2.4,-13.7,0,0.0,0.0,0.0000,-2.73,-2.66,-2.61,-2.85,1,-1.0578,-0.206,0.294,25.00,1,140.9,3.6,1.06932,16.1,-4.7,-1.0397,-0.00439,OK
2.7466,2.7441,2.6,0,140.8,3.3,1.0623,144.5,0.7,1.0382,0.0,0.0,-1.0000,10.9,-8.1,-1.1019,-1.7,-13.5,0,0.0,0.0,0.0000,-2.77,-2.95,-2.90,-2.93,1,-1.1278,0.010,0.127,25.00,1,140.8,3.4,1.06114,-28.8,-8.9,-1.1082,-0.00453,OK
2.7581,2.7572,0.8,0,140.4,3.5,1.0398,144.5,0.7,1.0251,0.0,0.0,-1.0000,12.2,-8.4,-1.0860,-1.2,-14.7,0,0.0,0.0,0.0000,-3.16,-2.81,-3.17,-3.02,1,-1.1278,0.010,0.127,25.00,1,140.4,3.4,1.04574,-12.7,47.8,-1.1397,-0.00448,OK
2.7623,2.7572,5.0,0,140.4,3.5,1.0398,144.5,0.7,1.0251,0.0,0.0,-1.0000,12.1,-8.4,-1.1033,-1.2,-14.7,0,0.0,0.0,0.0000,-2.91,-3.13,-2.87,-3.04,1,-1.1856,0.000,0.245,27.00,1,140.4,3.4,1.04584,-7.6,28.2,-1.1158,-0.00449,OK
2.7704,2.7661,4.3,0,140.2,3.0,1.0300,144.5,0.7,1.0162,0.0,0.0,-1.0000,12.7,-7.4,-1.0907,0.2,-14.7,0,0.0,0.0,0.0000,-3.56,-2.91,-3.69,-3.23,1,-1.2367,-0.216,0.216,25.00,1,140.2,3.1,1.03463,-36.8,1.1,-1.2361,-0.00446,OK
2.7791,2.7661,13.0,0,140.2,3.0,1.0300,144.5,0.7,1.0162,0.0,0.0,-1.0000,13.0,-7.0,-1.1002,0.7,-14.7,0,0.0,0.0,0.0000,-3.80,-2.84,-3.53,-3.43,1,-1.2889,-0.167,0.373,25.00,1,140.2,3.0,1.02830,-23.7,-1.1,-1.2806,-0.00450,OK
2.7871,2.7826,4.5,0,140.6,3.2,1.0228,144.5,0.7,0.9997,0.0,0.0,-1.0000,11.8,-7.4,-1.0766,-0.1,-13.9,0,0.0,0.0,0.0000,-3.09,-3.08,-3.66,-3.63,1,-1.2889,-0.167,0.373,24.00,1,140.6,3.2,1.01437,12.0,-13.1,-1.2721,-0.00461,OK
2.7948,2.7915,3.3,0,140.1,3.0,1.0009,144.5,0.7,0.9908,0.0,0.0,-1.0000,12.7,-7.2,-1.0608,0.8,-14.6,0,0.0,0.0,0.0000,-2.82,-3.64,-3.11,-3.64,1,-1.3122,0.069,0.167,24.00,1,140.2,3.1,1.00270,-33.9,32.4,-1.2871,-0.00483,OK
2.8021,2.7998,2.4,0,140.0,2.7,0.9898,144.5,0.7,0.9825,0.0,0.0,-1.0000,13.3,-6.2,-1.0468,2.1,-14.5,0,0.0,0.0,0.0000,-3.20,-3.13,-3.42,-3.91,1,-1.2989,0.127,0.049,26.00,1,140.0,2.7,0.99187,-49.4,-3.1,-1.2938,-0.00486,OK
2.8111,2.8083,2.8,0,140.1,2.8,0.9812,144.5,0.7,0.9741,0.0,0.0,-1.0000,13.3,-6.2,-1.0396,2.2,-14.5,0,0.0,0.0,0.0000,-3.69,-3.27,-3.61,-3.40,1,-1.2644,-0.059,0.265,25.00,1,140.0,2.7,0.98114,4.3,-1.5,-1.2688,-0.00477,OK
2.8182,2.8168,1.4,0,140.2,3.1,0.9685,144.5,0.7,0.9655,0.0,0.0,-1.0000,12.8,-7.0,-1.0248,1.5,-14.5,0,0.0,0.0,0.0000,-3.49,-3.53,-3.29,-3.97,1,-1.2267,-0.177,0.235,24.00,1,140.2,3.0,0.97031,44.6,-2.9,-1.2521,-0.00450,OK
2.8264,2.8251,1.3,0,140.4,3.0,0.9593,144.5,0.7,0.9572,0.0,0.0,-1.0000,12.2,-7.1,-1.0174,1.2,-14.0,0,0.0,0.0,0.0000,-2.98,-3.08,-3.38,-3.43,1,-1.2267,-0.177,0.235,24.00,1,140.4,3.0,0.96021,23.6,-21.0,-1.2180,-0.00456,OK
2.8345,2.8345,0.0,0,140.5,3.2,0.9492,144.5,0.7,0.9478,0.0,0.0,-1.0000,11.9,-7.5,-1.0065,0.8,-14.0,0,0.0,0.0,0.0000,-2.94,-2.90,-3.56,-3.10,1,-1.1733,0.108,0.147,24.00,1,140.5,3.2,0.94944,20.8,-1.0,-1.1663,-0.00459,OK
2.8423,2.8421,0.2,0,140.6,3.2,0.9426,144.5,0.7,0.9402,0.0,0.0,-1.0000,11.5,-7.6,-1.0051,0.6,-13.8,0,0.0,0.0,0.0000,-3.11,-2.83,-2.98,-2.97,1,-1.0944,0.078,0.039,26.00,1,140.6,3.2,0.94130,12.6,-10.8,-1.1070,-0.00460,OK
2.8506,2.8504,0.2,0,140.3,3.0,0.9363,144.5,0.7,0.9319,0.0,0.0,-1.0000,12.3,-7.0,-1.0072,1.7,-14.1,0,0.0,0.0,0.0000,-2.57,-2.76,-2.57,-3.14,1,-1.0089,-0.177,0.343,25.00,1,140.4,3.0,0.93346,-45.5,19.6,-1.0021,-0.00454,OK
2.8586,2.8504,8.2,0,140.3,3.0,0.9363,144.5,0.7,0.9319,0.0,0.0,-1.0000,12.2,-7.1,-1.0382,1.6,-14.0,0,0.0,0.0,0.0000,-2.79,-2.82,-2.56,-3.00,1,-1.0089,-0.177,0.343,24.00,1,140.4,3.0,0.93320,-6.0,1.6,-1.0162,-0.00442,OK
2.8665,2.8593,7.3,0,140.3,3.0,0.9298,144.5,0.7,0.9230,0.0,0.0,-1.0000,12.6,-7.0,-1.0378,2.0,-14.2,0,0.0,0.0,0.0000,-2.77,-2.24,-2.40,-2.44,1,-0.9444,-0.137,0.412,25.00,1,140.3,3.0,0.92522,-7.8,2.8,-0.9351,-0.00449,OK
2.8747,2.8671,7.7,0,139.9,3.0,0.9213,144.5,0.7,0.9152,0.0,0.0,-1.0000,13.5,-6.9,-1.0434,2.7,-15.0,0,0.0,0.0,0.0000,-2.23,-2.04,-2.34,-2.65,1,-0.8889,0.010,0.402,25.00,1,140.0,3.0,0.91842,-21.8,15.8,-0.8797,-0.00454,OK
2.8833,2.8757,7.6,0,140.0,2.5,0.9068,144.5,0.7,0.9066,0.0,0.0,-1.0000,13.6,-5.9,-1.0467,3.7,-14.3,0,0.0,0.0,0.0000,-2.33,-2.15,-2.47,-2.28,1,-0.8267,0.069,0.177,26.00,1,139.9,2.6,0.91068,-24.0,-0.3,-0.8324,-0.00444,OK
2.8915,2.8855,5.9,0,139.7,2.8,0.8908,144.5,0.7,0.8968,0.0,0.0,-1.0000,14.1,-6.3,-1.0448,3.8,-15.0,0,0.0,0.0,0.0000,-2.17,-1.47,-1.83,-2.58,1,-0.7511,0.069,0.137,25.00,1,139.8,2.7,0.90202,-12.5,5.3,-0.7564,-0.00434,OK
2.8987,2.8935,5.2,0,139.7,2.8,0.8836,144.5,0.7,0.8889,0.0,0.0,-1.0000,14.2,-6.5,-1.0459,3.8,-15.2,0,0.0,0.0,0.0000,-2.15,-1.31,-1.84,-2.41,1,-0.7511,0.069,0.137,24.00,1,139.7,2.8,0.89511,-2.7,5.7,-0.7489,-0.00433,OK
2.9062,2.9008,5.4,0,139.6,2.8,0.8769,144.5,0.7,0.8815,0.0,0.0,-1.0000,14.4,-6.5,-1.0509,4.1,-15.3,0,0.0,0.0,0.0000,-2.25,-1.63,-1.85,-2.14,1,-0.6978,-0.039,0.186,24.00,1,139.6,2.8,0.88884,-5.1,7.5,-0.7142,-0.00415,OK
2.9147,2.9100,4.7,0,139.8,3.1,0.8706,144.5,0.7,0.8723,0.0,0.0,-1.0000,14.0,-7.2,-1.0554,3.3,-15.3,0,0.0,0.0,0.0000,-2.13,-1.48,-1.80,-2.46,1,-0.6800,-0.186,0.206,25.00,1,139.8,3.0,0.88146,22.0,1.7,-0.7060,-0.00391,OK
2.9232,2.9183,4.8,0,139.7,3.0,0.8678,144.5,0.7,0.8640,0.0,0.0,-1.0000,14.1,-7.3,-1.0635,3.4,-15.5,0,0.0,0.0,0.0000,-2.43,-1.83,-1.62,-2.03,1,-0.6822,-0.275,0.284,25.00,1,139.8,3.1,0.87503,8.2,7.3,-0.7045,-0.00370,OK
2.9309,2.9267,4.2,0,139.7,2.9,0.8628,144.5,0.7,0.8556,0.0,0.0,-1.0000,14.3,-7.0,-1.0693,3.9,-15.4,0,0.0,0.0,0.0000,-2.16,-1.65,-1.39,-1.90,1,-0.7022,-0.343,0.118,25.00,1,139.7,3.0,0.86875,-12.4,0.1,-0.6966,-0.00374,OK
2.9392,2.9267,12.5,0,139.7,2.9,0.8628,144.5,0.7,0.8556,0.0,0.0,-1.0000,14.4,-6.9,-1.0900,4.1,-15.4,0,0.0,0.0,0.0000,-1.95,-1.74,-1.25,-2.11,1,-0.7022,-0.343,0.118,25.00,1,139.7,2.9,0.86565,-3.4,-0.5,-0.6892,-0.00382,OK
2.9470,2.9427,4.3,0,139.9,2.8,0.8577,144.5,0.7,0.8396,0.0,0.0,-1.0000,13.8,-6.3,-1.0885,4.2,-14.6,0,0.0,0.0,0.0000,-2.08,-1.70,-1.75,-2.15,1,-0.7200,-0.196,0.039,24.00,1,139.9,2.8,0.85749,-1.6,-15.8,-0.7188,-0.00379,OK
2.9548,2.9519,2.8,0,139.7,2.9,0.8543,144.5,0.7,0.8304,0.0,0.0,-1.0000,14.2,-6.5,-1.0952,4.4,-15.0,0,0.0,0.0,0.0000,-1.70,-1.58,-1.49,-2.14,1,-0.7256,-0.020,-0.108,25.00,1,139.7,2.9,0.85133,-4.4,20.2,-0.6920,-0.00401,OK
2.9633,2.9607,2.6,0,140.1,2.8,0.8462,144.5,0.7,0.8216,0.0,0.0,-1.0000,13.3,-6.5,-1.1037,4.0,-14.3,0,0.0,0.0,0.0000,-2.29,-1.80,-1.80,-2.11,1,-0.7356,-0.010,-0.029,24.00,1,140.0,2.8,0.84492,25.4,-32.8,-0.7366,-0.00396,OK
2.9712,2.9700,1.2,0,140.1,2.8,0.8454,144.5,0.7,0.8123,0.0,0.0,-1.0000,13.0,-6.2,-1.1096,4.1,-13.8,0,0.0,0.0,0.0000,-2.71,-1.84,-1.95,-2.33,1,-0.7356,-0.010,-0.029,25.00,1,140.2,2.8,0.83846,-1.1,-14.1,-0.7433,-0.00371,OK
2.9781,2.9770,1.1,0,140.5,2.7,0.8337,144.5,0.7,0.8053,0.0,0.0,-1.0000,12.1,-6.0,-1.1157,3.7,-13.0,0,0.0,0.0,0.0000,-2.20,-1.63,-1.88,-2.16,1,-0.7833,-0.069,-0.069,25.00,1,140.4,2.7,0.83311,19.0,-41.6,-0.7653,-0.00381,OK
2.9866,2.9770,9.6,0,140.5,2.7,0.8337,144.5,0.7,0.8053,0.0,0.0,-1.0000,12.0,-6.0,-1.1433,3.7,-12.9,0,0.0,0.0,0.0000,-2.50,-2.50,-1.71,-2.18,1,-0.8600,-0.186,0.059,25.00,1,140.5,2.7,0.83158,17.8,-19.2,-0.8494,-0.00387,OK
2.9943,2.9770,17.3,0,140.5,2.7,0.8337,144.5,0.7,0.8053,0.0,0.0,-1.0000,11.5,-6.0,-1.1465,3.4,-12.5,0,0.0,0.0,0.0000,-2.86,-2.60,-2.33,-1.98,1,-0.9600,-0.235,0.049,25.00,1,140.7,2.7,0.82465,18.7,-11.9,-0.9414,-0.00399,OK
3.0024,2.9770,25.4,0,140.5,2.7,0.8337,144.5,0.7,0.8053,0.0,0.0,-1.0000,11.1,-5.9,-1.1474,3.3,-12.2,0,0.0,0.0,0.0000,-2.62,-2.42,-2.72,-2.48,1,-1.0322,-0.069,0.059,25.00,1,140.8,2.7,0.81681,6.3,-12.4,-1.0056,-0.00417,OK
3.0111,2.9770,34.1,0,140.5,2.7,0.8337,144.5,0.7,0.8053,0.0,0.0,-1.0000,10.9,-5.8,-1.1471,3.4,-11.8,0,0.0,0.0,0.0000,-2.71,-2.49,-2.93,-2.48,1,-1.0322,-0.069,0.059,25.00,1,140.9,2.7,0.80800,5.6,-9.2,-1.0146,-0.00428,OK
3.0184,2.9770,41.5,0,140.5,2.7,0.8337,144.5,0.7,0.8053,0.0,0.0,-1.0000,10.6,-5.7,-1.1459,3.3,-11.6,0,0.0,0.0,0.0000,-2.90,-2.94,-2.67,-2.50,1,-1.0844,0.039,0.235,25.00,1,141.0,2.7,0.80033,12.8,-8.8,-1.0643,-0.00441,OK
3.0269,2.9770,49.9,0,140.5,2.7,0.8337,144.5,0.7,0.8053,0.0,0.0,-1.0000,10.4,-5.7,-1.1419,3.3,-11.4,0,0.0,0.0,0.0000,-3.19,-3.27,-3.41,-3.11,1,-1.1644,-0.029,0.255,25.00,1,141.1,2.7,0.79093,5.9,-5.4,-1.1707,-0.00432,OK
3.0344,2.9770,57.5,0,140.5,2.7,0.8337,144.5,0.7,0.8053,0.0,0.0,-1.0000,10.3,-5.5,-1.1368,3.4,-11.2,0,0.0,0.0,0.0000,-2.97,-3.01,-3.44,-3.26,1,-1.1644,-0.029,0.255,25.00,1,141.1,2.7,0.78207,-0.4,-6.8,-1.1645,-0.00429,OK
3.0433,2.9770,66.3,0,140.5,2.7,0.8337,144.5,0.7,0.8053,0.0,0.0,-1.0000,10.1,-5.2,-1.1295,3.6,-10.8,0,0.0,0.0,0.0000,-3.42,-2.99,-3.13,-3.41,1,-1.2667,-0.137,0.284,26.00,1,141.2,2.6,0.77141,4.4,-17.1,-1.2502,-0.00438,OK
3.0509,3.0462,4.7,0,140.0,2.5,0.7789,144.5,0.7,0.7361,0.0,0.0,-1.0000,13.6,-5.3,-1.1140,6.2,-13.2,0,0.0,0.0,0.0000,-3.73,-3.43,-3.04,-3.43,1,-1.3311,0.020,0.177,25.00,1,140.0,2.5,0.75990,-5.4,-0.2,-1.3005,-0.00460,OK
3.0591,3.0462,12.9,0,140.0,2.5,0.7789,144.5,0.7,0.7361,0.0,0.0,-1.0000,13.7,-5.2,-1.1206,6.5,-13.1,0,0.0,0.0,0.0000,-3.73,-3.37,-3.52,-3.56,1,-1.3578,0.069,0.255,25.00,1,140.0,2.5,0.75340,-9.5,1.8,-1.3468,-0.00465,OK
3.0664,3.0462,20.2,0,140.0,2.5,0.7789,144.5,0.7,0.7361,0.0,0.0,-1.0000,13.9,-4.9,-1.1095,6.9,-13.0,0,0.0,0.0,0.0000,-4.06,-3.69,-3.69,-4.13,1,-1.4033,0.029,0.412,25.00,1,139.9,2.5,0.74329,-9.8,-1.7,-1.4115,-0.00454,OK
3.0749,3.0462,28.7,0,140.0,2.5,0.7789,144.5,0.7,0.7361,0.0,0.0,-1.0000,14.0,-4.5,-1.0959,7.4,-12.7,0,0.0,0.0,0.0000,-3.78,-3.59,-3.12,-3.89,1,-1.4033,0.029,0.412,24.00,1,139.9,2.4,0.73141,-5.0,-6.0,-1.3886,-0.00463,OK
3.0827,3.0462,36.5,0,140.0,2.5,0.7789,144.5,0.7,0.7361,0.0,0.0,-1.0000,14.1,-4.1,-1.0834,7.9,-12.4,0,0.0,0.0,0.0000,-3.59,-3.16,-3.50,-3.92,1,-1.4367,0.098,0.186,25.00,1,139.9,2.3,0.72046,-13.8,-6.1,-1.4090,-0.00481,OK
3.0907,3.0462,44.5,0,140.0,2.5,0.7789,144.5,0.7,0.7361,0.0,0.0,-1.0000,14.2,-3.7,-1.0706,8.4,-12.1,0,0.0,0.0,0.0000,-3.85,-3.48,-3.40,-3.65,1,-1.4078,0.167,0.088,25.00,1,139.8,2.2,0.70925,-4.2,-3.3,-1.3909,-0.00491,OK
3.0982,3.0462,52.0,0,140.0,2.5,0.7789,144.5,0.7,0.7361,0.0,0.0,-1.0000,14.3,-3.4,-1.0591,8.8,-11.8,0,0.0,0.0,0.0000,-3.82,-3.45,-3.68,-4.21,1,-1.3722,0.078,0.245,25.00,1,139.8,2.2,0.69891,-11.8,-4.7,-1.3800,-0.00481,OK
3.1069,3.0462,60.6,0,140.0,2.5,0.7789,144.5,0.7,0.7361,0.0,0.0,-1.0000,14.4,-2.9,-1.0462,9.3,-11.4,0,0.0,0.0,0.0000,-4.02,-3.51,-3.52,-4.06,1,-1.3522,-0.265,0.118,25.00,1,139.8,2.1,0.68700,-6.3,-6.5,-1.3641,-0.00468,OK
3.1145,3.0462,68.3,0,140.0,2.5,0.7789,144.5,0.7,0.7361,0.0,0.0,-1.0000,14.6,-2.6,-1.0355,9.7,-11.2,0,0.0,0.0,0.0000,-3.29,-3.52,-3.57,-3.72,1,-1.3522,-0.265,0.118,24.00,1,139.7,2.0,0.67671,-9.9,3.7,-1.3394,-0.00474,OK
3.1230,3.0462,76.8,0,140.0,2.5,0.7789,144.5,0.7,0.7361,0.0,0.0,-1.0000,14.8,-2.3,-1.0249,10.2,-11.0,0,0.0,0.0,0.0000,-3.24,-3.40,-3.32,-3.64,1,-1.2911,-0.392,0.078,25.00,1,139.7,2.0,0.66553,-8.0,0.9,-1.2824,-0.00478,OK
3.1310,3.0462,84.8,0,140.0,2.5,0.7789,144.5,0.7,0.7361,0.0,0.0,-1.0000,15.0,-2.1,-1.0172,10.6,-10.8,0,0.0,0.0,0.0000,-3.27,-3.26,-3.21,-3.40,1,-1.1911,-0.284,0.333,25.00,1,139.6,2.0,0.65562,-5.3,0.9,-1.1973,-0.00469,OK
3.1391,3.0462,92.8,0,140.0,2.5,0.7789,144.5,0.7,0.7361,0.0,0.0,-1.0000,15.0,-1.8,-1.0123,10.9,-10.5,0,0.0,0.0,0.0000,-3.13,-2.63,-2.95,-3.33,1,-1.1089,-0.049,0.275,25.00,1,139.6,1.9,0.64632,-8.8,-6.7,-1.1123,-0.00464,OK
3.1471,3.0462,100.9,0,140.0,2.5,0.7789,144.5,0.7,0.7361,0.0,0.0,-1.0000,14.9,-1.4,-1.0088,11.1,-10.0,0,0.0,0.0,0.0000,-3.43,-2.69,-2.59,-3.04,1,-1.1089,-0.049,0.275,25.00,1,139.6,1.8,0.63743,0.6,-10.6,-1.1061,-0.00462,OK
3.1553,3.1522,3.1,0,140.0,2.6,0.6660,144.5,0.7,0.6301,0.0,0.0,-1.0000,13.6,-5.3,-1.0069,7.9,-12.3,0,0.0,0.0,0.0000,-3.25,-2.69,-2.57,-2.90,1,-1.0500,-0.186,0.324,25.00,1,140.0,2.6,0.62874,8.7,-2.6,-1.0112,-0.00482,OK
3.1628,3.1522,10.6,0,140.0,2.6,0.6660,144.5,0.7,0.6301,0.0,0.0,-1.0000,13.6,-5.3,-1.0272,7.9,-12.2,0,0.0,0.0,0.0000,-2.65,-2.29,-2.30,-2.56,1,-0.9700,-0.157,-0.000,25.00,1,140.0,2.6,0.62629,4.7,-1.6,-0.9524,-0.00491,OK
3.1713,3.1522,19.1,0,140.0,2.6,0.6660,144.5,0.7,0.6301,0.0,0.0,-1.0000,13.5,-5.2,-1.0300,8.0,-12.0,0,0.0,0.0,0.0000,-2.84,-2.23,-2.16,-2.64,1,-0.8611,-0.010,0.147,25.00,1,140.1,2.6,0.61849,5.8,-5.1,-0.8799,-0.00474,OK
3.1793,3.1522,27.2,0,140.0,2.6,0.6660,144.5,0.7,0.6301,0.0,0.0,-1.0000,13.3,-5.0,-1.0352,8.0,-11.7,0,0.0,0.0,0.0000,-2.68,-1.75,-1.75,-2.58,1,-0.7811,-0.039,0.294,25.00,1,140.1,2.6,0.61176,4.0,-12.8,-0.7964,-0.00460,OK
3.1862,3.1522,34.0,0,140.0,2.6,0.6660,144.5,0.7,0.6301,0.0,0.0,-1.0000,13.1,-4.8,-1.0409,8.0,-11.4,0,0.0,0.0,0.0000,-2.62,-1.69,-1.93,-2.31,1,-0.7811,-0.039,0.294,24.00,1,140.2,2.5,0.60632,3.6,-9.0,-0.7876,-0.00452,OK
3.1952,3.1522,43.0,0,140.0,2.6,0.6660,144.5,0.7,0.6301,0.0,0.0,-1.0000,12.9,-4.7,-1.0496,8.0,-11.1,0,0.0,0.0,0.0000,-2.31,-1.90,-1.64,-1.92,1,-0.7244,0.049,0.147,26.00,1,140.3,2.5,0.59951,8.7,-3.2,-0.7248,-0.00448,OK
3.2029,3.1522,50.7,0,140.0,2.6,0.6660,144.5,0.7,0.6301,0.0,0.0,-1.0000,12.8,-4.6,-1.0586,8.1,-11.0,0,0.0,0.0,0.0000,-2.00,-1.62,-1.78,-2.24,1,-0.6844,0.088,0.078,24.00,1,140.3,2.5,0.59403,-0.9,-4.6,-0.6944,-0.00438,OK
3.2108,3.1522,58.6,0,140.0,2.6,0.6660,144.5,0.7,0.6301,0.0,0.0,-1.0000,12.9,-4.4,-1.0687,8.3,-10.8,0,0.0,0.0,0.0000,-1.68,-1.41,-2.01,-2.29,1,-0.6378,0.314,0.069,25.00,1,140.3,2.5,0.58873,-8.1,-1.6,-0.6542,-0.00423,OK
3.2187,3.1522,66.5,0,140.0,2.6,0.6660,144.5,0.7,0.6301,0.0,0.0,-1.0000,12.9,-4.3,-1.0798,8.5,-10.7,0,0.0,0.0,0.0000,-1.85,-1.62,-1.75,-1.88,1,-0.6378,0.314,0.069,24.00,1,140.3,2.4,0.58356,1.0,-0.4,-0.6448,-0.00415,OK
3.2263,3.1522,74.1,0,140.0,2.6,0.6660,144.5,0.7,0.6301,0.0,0.0,-1.0000,13.0,-4.3,-1.0917,8.5,-10.7,0,0.0,0.0,0.0000,-1.41,-1.52,-1.50,-1.52,1,-0.5911,0.147,0.108,25.00,1,140.3,2.5,0.57894,1.3,3.6,-0.5746,-0.00424,OK
3.2351,3.1522,83.0,0,140.0,2.6,0.6660,144.5,0.7,0.6301,0.0,0.0,-1.0000,13.0,-4.3,-1.1072,8.6,-10.7,0,0.0,0.0,0.0000,-1.42,-1.58,-1.46,-1.58,1,-0.5500,-0.108,0.186,26.00,1,140.3,2.5,0.57396,1.4,3.2,-0.5518,-0.00420,OK
3.2431,3.1522,91.0,0,140.0,2.6,0.6660,144.5,0.7,0.6301,0.0,0.0,-1.0000,12.8,-4.2,-1.1211,8.6,-10.4,0,0.0,0.0,0.0000,-2.39,-1.17,-1.33,-1.69,1,-0.5389,-0.216,0.294,25.00,1,140.3,2.5,0.56945,6.2,-12.8,-0.5677,-0.00396,OK
3.2512,3.1522,99.0,0,140.0,2.6,0.6660,144.5,0.7,0.6301,0.0,0.0,-1.0000,12.6,-4.0,-1.1355,8.5,-10.1,0,0.0,0.0,0.0000,-1.96,-0.98,-1.16,-1.39,1,-0.5544,-0.108,0.294,25.00,1,140.4,2.4,0.56500,5.5,-11.2,-0.5407,-0.00403,OK
3.2583,3.2549,3.4,0,140.3,3.0,0.5556,144.5,0.7,0.5274,0.0,0.0,-1.0000,12.5,-7.0,-1.1362,6.9,-12.5,0,0.0,0.0,0.0000,-1.47,-1.10,-1.57,-1.72,1,-0.5544,-0.108,0.294,24.00,1,140.3,3.0,0.55807,-2.1,2.5,-0.5534,-0.00401,OK
3.2668,3.2549,11.9,0,140.3,3.0,0.5556,144.5,0.7,0.5274,0.0,0.0,-1.0000,12.5,-6.9,-1.1610,6.9,-12.5,0,0.0,0.0,0.0000,-1.43,-1.53,-1.24,-2.14,1,-0.5989,-0.137,0.373,26.00,1,140.3,3.0,0.55572,-0.2,-1.1,-0.5950,-0.00401,OK
3.2752,3.2549,20.3,0,140.3,3.0,0.5556,144.5,0.7,0.5274,0.0,0.0,-1.0000,12.4,-6.8,-1.1736,7.0,-12.3,0,0.0,0.0,0.0000,-1.81,-1.57,-1.27,-1.99,1,-0.6689,-0.186,0.284,25.00,1,140.3,3.0,0.55050,4.6,-4.4,-0.6528,-0.00409,OK
3.2825,3.2549,27.6,0,140.3,3.0,0.5556,144.5,0.7,0.5274,0.0,0.0,-1.0000,12.3,-6.7,-1.1827,7.1,-12.1,0,0.0,0.0,0.0000,-2.17,-1.47,-1.75,-2.09,1,-0.7344,-0.059,0.059,25.00,1,140.4,2.9,0.54550,1.7,-5.7,-0.7227,-0.00414,OK
3.2911,3.2549,36.2,0,140.3,3.0,0.5556,144.5,0.7,0.5274,0.0,0.0,-1.0000,12.2,-6.6,-1.1924,7.1,-11.9,0,0.0,0.0,0.0000,-2.22,-1.62,-1.69,-1.86,1,-0.7344,-0.059,0.059,27.00,1,140.4,2.9,0.53927,6.1,-3.5,-0.7191,-0.00422,OK
3.2990,3.2549,44.1,0,140.3,3.0,0.5556,144.5,0.7,0.5274,0.0,0.0,-1.0000,12.2,-6.4,-1.2001,7.2,-11.7,0,0.0,0.0,0.0000,-2.08,-1.92,-1.67,-2.81,1,-0.7933,0.088,0.069,25.00,1,140.5,2.9,0.53332,-1.1,-8.6,-0.7926,-0.00419,OK
3.3063,3.2549,51.5,0,140.3,3.0,0.5556,144.5,0.7,0.5274,0.0,0.0,-1.0000,12.1,-6.3,-1.2052,7.3,-11.5,0,0.0,0.0,0.0000,-2.27,-2.13,-2.13,-2.39,1,-0.8700,-0.010,0.157,25.00,1,140.5,2.9,0.52727,1.9,-0.5,-0.8559,-0.00426,OK
3.3152,3.2549,60.3,0,140.3,3.0,0.5556,144.5,0.7,0.5274,0.0,0.0,-1.0000,11.9,-6.1,-1.2084,7.3,-11.2,0,0.0,0.0,0.0000,-3.03,-2.29,-1.98,-2.63,1,-0.9778,-0.392,0.147,25.00,1,140.6,2.8,0.51920,9.5,-11.9,-0.9643,-0.00432,OK
3.3232,3.2549,68.3,0,140.3,3.0,0.5556,144.5,0.7,0.5274,0.0,0.0,-1.0000,11.6,-5.9,-1.2091,7.2,-10.8,0,0.0,0.0,0.0000,-3.35,-2.65,-2.02,-2.83,1,-0.9778,-0.392,0.147,25.00,1,140.7,2.8,0.51135,12.8,-12.2,-0.9902,-0.00420,OK
3.3308,3.2549,75.9,0,140.3,3.0,0.5556,144.5,0.7,0.5274,0.0,0.0,-1.0000,11.5,-5.8,-1.2080,7.3,-10.6,0,0.0,0.0,0.0000,-2.94,-2.53,-2.98,-3.03,1,-1.0933,-0.598,-0.059,24.00,1,140.7,2.8,0.50348,-1.9,-2.6,-1.0840,-0.00423,OK
3.3383,3.2549,83.4,0,140.3,3.0,0.5556,144.5,0.7,0.5274,0.0,0.0,-1.0000,11.4,-5.5,-1.2042,7.4,-10.3,0,0.0,0.0,0.0000,-3.41,-2.64,-2.67,-3.18,1,-1.1889,-0.265,-0.137,25.00,1,140.8,2.7,0.49507,4.7,-12.6,-1.1679,-0.00434,OK
3.3472,3.2549,92.3,0,140.3,3.0,0.5556,144.5,0.7,0.5274,0.0,0.0,-1.0000,11.1,-5.2,-1.1969,7.4,-9.8,0,0.0,0.0,0.0000,-3.97,-2.94,-2.88,-3.09,1,-1.2633,0.127,0.137,24.00,1,140.9,2.7,0.48437,11.4,-11.9,-1.2463,-0.00442,OK
3.3546,3.2549,99.7,0,140.3,3.0,0.5556,144.5,0.7,0.5274,0.0,0.0,-1.0000,10.7,-4.9,-1.1883,7.3,-9.3,0,0.0,0.0,0.0000,-4.17,-2.65,-2.97,-3.32,1,-1.3644,0.010,0.098,25.00,1,141.0,2.6,0.47481,7.4,-21.0,-1.3279,-0.00463,OK
3.3632,3.3565,6.7,0,140.5,2.4,0.5345,144.5,0.7,0.4258,0.0,0.0,-1.0000,12.2,-4.4,-1.1975,8.9,-9.4,0,0.0,0.0,0.0000,-4.14,-3.56,-2.96,-3.20,1,-1.4633,-0.559,-0.020,25.00,1,140.5,2.4,0.46852,11.7,-8.1,-1.4154,-0.00522,OK
3.3706,3.3565,14.1,0,140.5,2.4,0.5345,144.5,0.7,0.4258,0.0,0.0,-1.0000,11.9,-4.3,-1.1899,8.7,-9.1,0,0.0,0.0,0.0000,-4.42,-3.91,-2.89,-3.48,1,-1.4633,-0.559,-0.020,25.00,1,140.6,2.4,0.45975,15.1,-10.9,-1.4425,-0.00532,OK
3.3789,3.3565,22.4,0,140.5,2.4,0.5345,144.5,0.7,0.4258,0.0,0.0,-1.0000,11.5,-4.0,-1.1701,8.6,-8.6,0,0.0,0.0,0.0000,-4.80,-3.86,-3.17,-3.78,1,-1.5111,-0.441,0.284,25.00,1,140.8,2.3,0.44759,12.7,-14.8,-1.4996,-0.00535,OK
3.3875,3.3565,31.0,0,140.5,2.4,0.5345,144.5,0.7,0.4258,0.0,0.0,-1.0000,11.2,-3.7,-1.1403,8.6,-8.1,0,0.0,0.0,0.0000,-4.62,-3.60,-3.57,-3.80,1,-1.5333,0.108,0.461,24.00,1,140.9,2.3,0.43460,5.5,-12.3,-1.5145,-0.00544,OK
3.3948,3.3565,38.3,0,140.5,2.4,0.5345,144.5,0.7,0.4258,0.0,0.0,-1.0000,10.9,-3.5,-1.1106,8.5,-7.7,0,0.0,0.0,0.0000,-4.75,-3.84,-3.65,-3.45,1,-1.5333,0.108,0.461,25.00,1,141.0,2.2,0.42350,12.2,-6.1,-1.5142,-0.00552,OK
3.4022,3.3565,45.7,0,140.5,2.4,0.5345,144.5,0.7,0.4258,0.0,0.0,-1.0000,10.7,-3.3,-1.0764,8.5,-7.3,0,0.0,0.0,0.0000,-4.76,-3.93,-3.55,-4.40,1,-1.5356,0.177,0.265,25.00,1,141.1,2.2,0.41224,4.6,-15.7,-1.5394,-0.00546,OK
3.4110,3.3565,54.5,0,140.5,2.4,0.5345,144.5,0.7,0.4258,0.0,0.0,-1.0000,10.3,-2.9,-1.0318,8.4,-6.6,0,0.0,0.0,0.0000,-5.06,-3.82,-3.28,-3.97,1,-1.5222,-0.206,0.235,25.00,1,141.2,2.1,0.39882,12.6,-18.9,-1.5196,-0.00545,OK
3.4190,3.3565,62.5,0,140.5,2.4,0.5345,144.5,0.7,0.4258,0.0,0.0,-1.0000,9.9,-2.7,-0.9910,8.2,-6.2,0,0.0,0.0,0.0000,-4.88,-4.51,-3.55,-4.05,1,-1.5100,-0.127,0.245,24.00,1,141.3,2.0,0.38657,13.8,-7.3,-1.5238,-0.00533,OK
3.4266,3.4252,1.4,0,141.4,2.5,0.3491,144.5,0.7,0.3571,0.0,0.0,-1.0000,9.0,-5.6,-0.9029,6.5,-8.4,0,0.0,0.0,0.0000,-4.38,-4.27,-3.54,-4.10,1,-1.5111,0.686,-0.059,25.00,1,141.4,2.5,0.36263,10.1,1.6,-1.5339,-0.00518,OK
3.4351,3.4252,9.9,0,141.4,2.5,0.3491,144.5,0.7,0.3571,0.0,0.0,-1.0000,9.0,-5.5,-0.8997,6.5,-8.3,0,0.0,0.0,0.0000,-4.55,-4.05,-3.56,-4.44,1,-1.5111,0.686,-0.059,25.00,1,141.5,2.5,0.35971,6.5,-6.5,-1.5183,-0.00511,OK
3.4428,3.4416,1.1,0,142.1,2.3,0.3204,144.5,0.7,0.3407,0.0,0.0,-1.0000,7.1,-5.1,-0.8090,5.0,-7.1,0,0.0,0.0,0.0000,-4.23,-4.07,-3.67,-4.07,1,-1.5278,0.402,0.167,25.00,1,142.1,2.3,0.33518,46.0,-27.3,-1.5464,-0.00501,OK
3.4514,3.4416,9.8,0,142.1,2.3,0.3204,144.5,0.7,0.3407,0.0,0.0,-1.0000,6.9,-5.1,-0.8071,4.9,-7.1,0,0.0,0.0,0.0000,-4.48,-4.21,-4.12,-3.68,1,-1.5200,-0.294,-0.167,25.00,1,142.1,2.3,0.33258,30.9,-7.9,-1.5185,-0.00499,OK
3.4593,3.4579,1.4,0,141.6,2.5,0.2974,144.5,0.7,0.3244,0.0,0.0,-0.9991,8.4,-5.5,-0.7218,6.4,-7.8,0,0.0,0.0,0.0000,-4.69,-3.95,-3.59,-3.66,1,-1.4678,-0.196,-0.333,25.00,1,141.6,2.4,0.30929,-47.6,23.4,-1.4888,-0.00488,OK
3.4668,3.4579,8.9,0,141.6,2.5,0.2974,144.5,0.7,0.3244,0.0,0.0,-0.9991,8.5,-5.4,-0.7252,6.4,-7.8,0,0.0,0.0,0.0000,-4.35,-4.04,-3.32,-3.72,1,-1.3956,0.108,0.127,24.00,1,141.6,2.4,0.30825,-9.9,5.2,-1.4032,-0.00481,OK
3.4750,3.4677,7.3,0,141.6,2.4,0.2913,144.5,0.7,0.3146,0.0,0.0,-0.9941,8.7,-5.3,-0.6818,6.7,-7.6,0,0.0,0.0,0.0000,-4.26,-3.80,-3.11,-3.20,1,-1.3956,0.108,0.127,24.00,1,141.6,2.4,0.29531,-3.7,2.2,-1.3825,-0.00483,OK
3.4835,3.4756,7.9,0,141.6,2.7,0.2818,144.5,0.7,0.3068,0.0,0.0,-0.9850,8.7,-6.0,-0.6465,6.6,-8.2,0,0.0,0.0,0.0000,-3.73,-3.65,-2.84,-3.08,1,-1.2978,0.000,0.167,25.00,1,141.6,2.6,0.28452,0.4,13.2,-1.2835,-0.00487,OK
3.4910,3.4844,6.6,0,141.4,2.7,0.2722,144.5,0.7,0.2981,0.0,0.0,-0.9675,9.1,-6.3,-0.6102,7.1,-8.5,0,0.0,0.0,0.0000,-3.13,-3.51,-3.03,-2.87,1,-1.1267,-0.137,-0.000,25.00,1,141.4,2.8,0.27384,-11.8,21.0,-1.1327,-0.00481,OK
3.4987,3.4910,7.7,0,141.1,2.4,0.2631,144.5,0.7,0.2917,0.0,0.0,-0.9514,9.9,-5.7,-0.5869,8.1,-8.1,0,0.0,0.0,0.0000,-3.25,-3.14,-3.05,-2.41,1,-0.9400,-0.078,0.186,25.00,1,141.2,2.6,0.26659,-23.0,6.7,-0.9772,-0.00456,OK
3.5063,3.4996,6.7,0,141.4,2.6,0.2576,144.5,0.7,0.2837,0.0,0.0,-0.9260,9.4,-5.8,-0.5592,7.6,-8.0,0,0.0,0.0,0.0000,-2.86,-2.27,-2.58,-2.43,1,-0.9400,-0.078,0.186,25.00,1,141.3,2.6,0.25834,-0.7,-5.8,-0.9384,-0.00454,OK
3.5155,3.5080,7.5,0,141.4,2.7,0.2455,144.5,0.7,0.2761,0.0,0.0,-0.9011,9.3,-6.0,-0.5341,7.5,-8.1,0,0.0,0.0,0.0000,-2.05,-1.94,-2.26,-1.94,1,-0.7778,-0.049,0.363,24.00,1,141.4,2.6,0.25081,-1.8,3.3,-0.7691,-0.00454,OK
3.5232,3.5080,15.2,0,141.4,2.7,0.2455,144.5,0.7,0.2761,0.0,0.0,-0.9011,9.3,-5.9,-0.5169,7.5,-8.0,0,0.0,0.0,0.0000,-2.33,-2.04,-1.73,-1.92,1,-0.6467,-0.118,0.392,25.00,1,141.4,2.6,0.24556,5.5,-2.5,-0.6809,-0.00430,OK
3.5313,3.5163,15.0,0,141.6,2.8,0.2442,144.5,0.7,0.2686,0.0,0.0,-0.8761,8.4,-6.5,-0.4993,6.6,-8.3,0,0.0,0.0,0.0000,-2.07,-2.15,-1.25,-1.36,1,-0.5244,-0.078,0.451,25.00,1,141.7,2.8,0.24041,23.5,6.2,-0.5610,-0.00404,OK
3.5388,3.5163,22.5,0,141.6,2.8,0.2442,144.5,0.7,0.2686,0.0,0.0,-0.8761,8.0,-6.7,-0.4869,6.3,-8.4,0,0.0,0.0,0.0000,-1.04,-1.49,-0.91,-1.42,1,-0.3811,0.010,0.373,25.00,1,141.8,2.9,0.23677,10.5,5.5,-0.4049,-0.00387,OK
3.5472,3.5163,30.9,0,141.6,2.8,0.2442,144.5,0.7,0.2686,0.0,0.0,-0.8761,7.8,-6.8,-0.4757,6.1,-8.4,0,0.0,0.0,0.0000,-0.91,-0.61,-0.71,-0.82,1,-0.3811,0.010,0.373,24.00,1,141.9,3.0,0.23366,8.8,-0.1,-0.3435,-0.00409,OK
3.5549,3.5163,38.6,0,141.6,2.8,0.2442,144.5,0.7,0.2686,0.0,0.0,-0.8761,7.6,-6.8,-0.4676,5.9,-8.3,0,0.0,0.0,0.0000,-0.88,-0.33,-0.42,-0.69,1,-0.2356,0.000,0.373,24.00,1,142.0,3.0,0.23145,9.0,-3.9,-0.2301,-0.00410,OK
3.5626,3.5248,37.8,0,141.3,3.1,0.2325,144.5,0.7,0.2613,0.0,0.0,-0.8505,10.2,-8.2,-0.4577,8.1,-10.3,0,0.0,0.0,0.0000,-0.50,-0.05,-0.06,-0.72,1,-0.1089,-0.098,0.098,25.00,1,141.1,3.4,0.22904,-9.0,5.3,-0.1178,-0.00397,OK
3.5703,3.5248,45.5,0,141.3,3.1,0.2325,144.5,0.7,0.2613,0.0,0.0,-0.8505,10.4,-8.3,-0.4546,8.3,-10.4,0,0.0,0.0,0.0000,-0.54,0.13,-0.21,-0.39,1,0.0000,-0.098,0.088,25.00,1,141.0,3.4,0.22841,-7.9,7.7,-0.0374,-0.00369,OK
3.5793,3.5248,54.5,0,141.3,3.1,0.2325,144.5,0.7,0.2613,0.0,0.0,-0.8505,10.7,-8.4,-0.4530,8.5,-10.6,0,0.0,0.0,0.0000,0.05,0.41,0.18,-0.34,1,0.0789,0.000,-0.020,25.00,1,140.9,3.5,0.22848,-11.7,5.7,0.0572,-0.00352,OK
3.5870,3.5248,62.2,0,141.3,3.1,0.2325,144.5,0.7,0.2613,0.0,0.0,-0.8505,10.9,-8.5,-0.4525,8.7,-10.8,0,0.0,0.0,0.0000,0.00,0.03,0.27,-0.13,1,0.0789,0.000,-0.020,24.00,1,140.8,3.5,0.22888,-4.9,9.4,0.0541,-0.00333,OK
3.5950,3.5248,70.2,0,141.3,3.1,0.2325,144.5,0.7,0.2613,0.0,0.0,-0.8505,11.1,-8.6,-0.4518,8.8,-10.9,0,0.0,0.0,0.0000,0.03,0.50,0.42,-0.02,1,0.1233,-0.010,-0.088,24.00,1,140.8,3.6,0.22951,-6.4,3.1,0.1063,-0.00319,OK
3.6033,3.5248,78.5,0,141.3,3.1,0.2325,144.5,0.7,0.2613,0.0,0.0,-0.8505,11.4,-8.3,-0.4496,9.2,-10.7,0,0.0,0.0,0.0000,-0.09,0.29,0.69,0.40,1,0.1400,-0.078,-0.049,25.00,1,140.7,3.5,0.22992,0.0,0.0,0.0116,-0.00269,OK
3.6113,3.5248,86.5,0,141.3,3.1,0.2325,144.5,0.7,0.2613,0.0,0.0,-0.8505,11.4,-8.3,-0.4450,9.2,-10.7,0,0.0,0.0,0.0000,0.35,0.67,0.50,0.28,1,0.1244,-0.039,-0.039,24.00,1,140.7,3.5,0.22997,-0.0,0.0,0.0201,-0.00219,OK
3.6185,3.6093,9.2,0,141.8,1.1,0.2199,144.5,0.7,0.2002,0.0,0.0,-0.5970,8.1,-1.6,-0.4324,7.5,-3.4,0,0.0,0.0,0.0000,-0.10,0.58,0.43,0.30,1,0.1244,-0.039,-0.039,25.00,1,141.8,1.2,0.22802,0.0,-0.0,0.0107,-0.00161,OK
3.6268,3.6178,9.0,0,141.6,2.1,0.2305,144.5,0.7,0.1952,0.0,0.0,-0.5716,8.7,-3.6,-0.4288,7.6,-5.4,0,0.0,0.0,0.0000,0.13,0.77,0.27,-0.15,1,0.0778,-0.147,0.039,25.00,1,141.6,1.9,0.22879,-9.2,13.0,0.0804,-0.00163,OK
3.6344,3.6262,8.2,0,141.9,1.7,0.2287,144.5,0.7,0.1905,0.0,0.0,-0.5463,8.0,-3.2,-0.4239,7.0,-4.9,0,0.0,0.0,0.0000,0.35,0.30,0.46,-0.01,1,0.0122,-0.245,-0.000,25.00,1,141.8,1.7,0.22918,9.8,1.3,0.0455,-0.00184,OK
3.6430,3.6347,8.3,0,141.9,1.0,0.2287,144.5,0.7,0.1859,0.0,0.0,-0.5207,7.6,-1.4,-0.4151,7.1,-3.1,0,0.0,0.0,0.0000,-0.13,0.09,0.01,-0.32,1,-0.0622,-0.324,0.118,24.00,1,141.9,1.1,0.22909,3.6,-33.2,-0.0518,-0.00190,OK
3.6507,3.6432,7.5,0,141.9,1.2,0.2257,144.5,0.7,0.1817,0.0,0.0,-0.4952,7.5,-1.5,-0.4037,7.0,-3.2,0,0.0,0.0,0.0000,0.05,-0.77,-0.34,-0.36,1,-0.0622,-0.324,0.118,25.00,1,142.0,1.2,0.22831,4.7,-3.1,-0.0823,-0.00174,OK
3.6589,3.6516,7.3,0,141.6,1.5,0.2245,144.5,0.7,0.1776,0.0,0.0,-0.4700,8.3,-2.3,-0.3895,7.5,-4.1,0,0.0,0.0,0.0000,-0.61,-0.56,-0.16,-0.21,1,-0.1333,-0.255,0.127,25.00,1,141.7,1.4,0.22714,-2.9,8.8,-0.1372,-0.00169,OK
3.6670,3.6600,7.0,0,141.6,1.5,0.2267,144.5,0.7,0.1737,0.0,0.0,-0.4446,8.6,-2.5,-0.3744,7.8,-4.4,0,0.0,0.0,0.0000,-0.58,-0.39,-0.65,-0.12,1,-0.1867,-0.255,0.157,25.00,1,141.6,1.5,0.22587,-9.1,13.2,-0.1737,-0.00177,OK
3.6752,3.6684,6.8,0,142.0,1.3,0.2191,144.5,0.7,0.1701,0.0,0.0,-0.4194,7.8,-2.1,-0.3556,7.1,-3.8,0,0.0,0.0,0.0000,-0.44,-0.45,-0.60,-0.08,1,-0.2311,-0.147,0.196,24.00,1,141.9,1.4,0.22392,11.2,-5.7,-0.1948,-0.00198,OK
3.6825,3.6769,5.6,0,142.1,1.4,0.2170,144.5,0.7,0.1667,0.0,0.0,-0.3941,7.2,-2.3,-0.3363,6.5,-3.8,0,0.0,0.0,0.0000,-0.98,-0.32,-0.30,-0.08,1,-0.2744,-0.186,0.284,24.00,1,142.1,1.4,0.22170,20.7,-5.6,-0.2306,-0.00224,OK
3.6912,3.6854,5.8,0,141.9,1.2,0.2152,144.5,0.7,0.1634,0.0,0.0,-0.3687,7.4,-1.8,-0.3130,6.8,-3.3,0,0.0,0.0,0.0000,-0.93,-1.05,-0.52,-0.04,1,-0.2744,-0.186,0.284,24.00,1,142.0,1.2,0.21924,2.4,-6.6,-0.2573,-0.00233,OK
3.6986,3.6938,4.8,0,142.2,1.3,0.2122,144.5,0.7,0.1604,0.0,0.0,-0.3435,6.8,-1.8,-0.2899,6.3,-3.2,0,0.0,0.0,0.0000,-0.96,-1.08,-0.68,-0.02,1,-0.3200,-0.167,0.255,25.00,1,142.2,1.3,0.21649,19.6,-3.1,-0.2931,-0.00249,OK
3.7068,3.7022,4.6,0,142.3,1.4,0.2109,144.5,0.7,0.1577,0.0,0.0,-0.3182,6.5,-2.2,-0.2705,5.9,-3.6,0,0.0,0.0,0.0000,-1.21,-1.03,-0.79,0.00,1,-0.3711,-0.196,0.363,25.00,1,142.3,1.4,0.21353,15.9,10.2,-0.3341,-0.00271,OK
3.7146,3.7107,3.9,0,142.2,1.6,0.2058,144.5,0.7,0.1550,0.0,0.0,-0.2927,6.7,-2.8,-0.2542,6.0,-4.1,0,0.0,0.0,0.0000,-1.30,-0.94,-0.84,0.00,1,-0.4356,-0.186,0.304,25.00,1,142.2,1.6,0.21008,-2.0,20.3,-0.3725,-0.00302,OK
3.7229,3.7107,12.2,0,142.2,1.6,0.2058,144.5,0.7,0.1550,0.0,0.0,-0.2927,6.6,-2.9,-0.2266,5.9,-4.2,0,0.0,0.0,0.0000,-1.60,-0.95,-0.70,0.00,1,-0.5000,-0.235,0.304,25.00,1,142.3,1.6,0.20838,11.1,7.2,-0.4116,-0.00337,OK
3.7305,3.7201,10.4,0,142.7,1.4,0.2016,144.5,0.7,0.1525,0.0,0.0,-0.2644,5.3,-2.1,-0.2185,4.8,-3.2,0,0.0,0.0,0.0000,-1.73,-0.95,-1.00,0.00,1,-0.5000,-0.235,0.304,24.00,1,142.7,1.4,0.20445,24.0,-10.2,-0.4478,-0.00361,OK
3.7392,3.7201,19.1,0,142.7,1.4,0.2016,144.5,0.7,0.1525,0.0,0.0,-0.2644,4.7,-2.1,-0.2098,4.2,-3.0,0,0.0,0.0,0.0000,-1.62,-1.51,-1.16,0.00,1,-0.5689,-0.206,0.157,24.00,1,142.9,1.4,0.20040,26.3,-0.1,-0.4885,-0.00394,OK
3.7469,3.7201,26.8,0,142.7,1.4,0.2016,144.5,0.7,0.1525,0.0,0.0,-0.2644,4.0,-2.2,-0.2001,3.5,-2.9,0,0.0,0.0,0.0000,-2.23,-1.75,-0.83,0.00,1,-0.6133,-0.304,0.098,25.00,1,143.2,1.4,0.19644,36.6,-6.7,-0.5413,-0.00425,OK
3.7544,3.7201,34.3,0,142.7,1.4,0.2016,144.5,0.7,0.1525,0.0,0.0,-0.2644,3.1,-2.1,-0.1896,2.6,-2.6,0,0.0,0.0,0.0000,-2.24,-1.51,-0.49,0.00,1,-0.6056,-0.314,0.265,25.00,1,143.4,1.4,0.19256,37.1,-13.0,-0.5043,-0.00461,OK
3.7631,3.7201,43.0,0,142.7,1.4,0.2016,144.5,0.7,0.1525,0.0,0.0,-0.2644,2.4,-1.7,-0.1759,2.1,-2.1,0,0.0,0.0,0.0000,-1.30,-1.84,-0.38,-2.18,1,-0.6056,-0.314,0.265,26.00,1,143.7,1.2,0.18779,10.3,-23.6,-0.5858,-0.00470,OK
3.7710,3.7620,9.0,0,143.0,1.1,0.1806,144.5,0.7,0.1440,0.0,0.0,-0.1387,4.4,-1.1,-0.1595,4.1,-1.9,0,0.0,0.0,0.0000,-1.35,-1.41,-0.66,-2.47,1,-0.5511,0.118,0.127,25.00,1,143.0,1.0,0.18276,-15.3,-22.9,-0.5490,-0.00467,OK
3.7784,3.7699,8.5,0,143.0,1.1,0.1751,144.5,0.7,0.1430,0.0,0.0,-0.1152,4.4,-1.1,-0.1450,4.1,-1.8,0,0.0,0.0,0.0000,-1.78,-0.96,-0.42,-1.69,1,-0.4511,-0.412,0.186,24.00,1,143.0,1.0,0.17834,-0.3,-15.8,-0.4598,-0.00456,OK
3.7871,3.7783,8.8,0,142.9,1.0,0.1733,144.5,0.7,0.1421,0.0,0.0,-0.0901,4.7,-1.1,-0.1318,4.5,-1.9,0,0.0,0.0,0.0000,-2.08,-1.02,-0.60,-1.00,1,-0.3456,-0.657,-0.098,25.00,1,142.9,1.0,0.17442,-0.5,-0.8,-0.3819,-0.00431,OK
3.7950,3.7867,8.3,0,143.1,1.2,0.1694,144.5,0.7,0.1415,0.0,0.0,-0.0647,4.2,-1.6,-0.1205,3.9,-2.3,0,0.0,0.0,0.0000,-1.81,-1.09,-0.51,-0.52,1,-0.3456,-0.657,-0.098,24.00,1,143.1,1.2,0.17116,16.2,11.4,-0.3538,-0.00422,OK
3.8022,3.7952,7.0,0,143.0,1.0,0.1644,144.5,0.7,0.1410,0.0,0.0,-0.0438,4.2,-1.3,-0.1105,3.9,-1.9,0,0.0,0.0,0.0000,-1.51,-0.74,0.15,-0.30,1,-0.2400,-0.451,0.108,24.00,1,143.1,1.1,0.16847,6.9,-7.9,-0.2394,-0.00419,OK
3.8108,3.8036,7.2,0,143.6,1.1,0.1657,144.5,0.7,0.1408,0.0,0.0,-0.0310,2.5,-1.4,-0.0998,2.2,-1.8,0,0.0,0.0,0.0000,-1.14,-0.34,0.41,-0.04,1,-0.1344,0.069,0.343,25.00,1,143.5,1.1,0.16692,29.6,-7.6,-0.1279,-0.00420,OK
3.8187,3.8121,6.6,0,143.9,1.0,0.1644,144.5,0.7,0.1407,0.0,0.0,0.0000,1.7,-1.2,-0.0946,1.5,-1.4,0,0.0,0.0,0.0000,-1.02,-0.13,0.39,0.33,1,-0.0500,0.167,0.206,25.00,1,143.9,1.1,0.16611,32.7,-7.7,-0.0496,-0.00418,OK
3.8265,3.8205,6.0,0,144.2,1.0,0.1626,144.5,0.7,0.1407,0.0,0.0,0.0000,0.8,-0.9,-0.0878,0.6,-1.0,0,0.0,0.0,0.0000,-0.64,-0.54,0.66,0.75,1,-0.0500,0.167,0.206,25.00,1,144.2,1.0,0.16560,38.1,-6.9,-0.0232,-0.00432,OK
3.8351,3.8290,6.1,0,144.7,1.0,0.1631,144.5,0.7,0.1407,0.0,0.0,0.0000,-0.6,-0.9,-0.0897,-0.7,-0.8,0,0.0,0.0,0.0000,-0.62,-0.17,0.86,0.36,1,0.0278,0.020,-0.088,25.00,1,144.6,1.0,0.16551,40.7,-14.2,0.0277,-0.00429,OK
3.8424,3.8374,5.0,0,144.6,0.8,0.1622,144.5,0.7,0.1407,0.0,0.0,0.0000,-0.4,-0.5,-0.0860,-0.5,-0.4,0,0.0,0.0,0.0000,-0.39,0.08,0.75,0.37,1,0.1122,0.275,-0.000,25.00,1,144.7,0.8,0.16586,6.8,-12.6,0.0930,-0.00414,OK
3.8508,3.8459,4.9,0,144.6,0.9,0.1653,144.5,0.7,0.1407,0.0,0.0,0.0000,-0.5,-0.7,-0.0985,-0.6,-0.6,0,0.0,0.0,0.0000,0.16,0.43,1.35,0.81,1,0.1767,0.412,0.088,25.00,1,144.7,0.9,0.16729,5.8,-0.3,0.2033,-0.00430,OK
3.8585,3.8459,12.6,0,144.6,0.9,0.1653,144.5,0.7,0.1407,0.0,0.0,0.0000,-0.5,-0.7,-0.0985,-0.6,-0.6,0,0.0,0.0,0.0000,0.46,0.68,0.57,0.74,1,0.2167,0.363,0.078,26.00,1,144.7,0.9,0.16831,-1.7,3.6,0.2236,-0.00431,OK
3.8670,3.8628,4.2,0,144.8,0.8,0.1686,144.5,0.7,0.1407,0.0,0.0,0.0000,-1.1,-0.3,-0.1115,-1.1,-0.1,0,0.0,0.0,0.0000,0.25,0.65,1.26,0.68,1,0.2167,0.363,0.078,25.00,1,144.8,0.8,0.17089,11.1,-13.3,0.2295,-0.00438,OK
3.8748,3.8712,3.6,0,144.8,0.7,0.1671,144.5,0.7,0.1407,0.0,0.0,0.0000,-1.1,-0.2,-0.1054,-1.1,-0.1,0,0.0,0.0,0.0000,-0.16,0.36,0.88,0.51,1,0.2200,0.137,0.039,24.00,1,144.8,0.7,0.17195,2.3,-3.9,0.1790,-0.00411,OK
3.8826,3.8797,2.9,0,144.8,0.8,0.1721,144.5,0.7,0.1407,0.0,0.0,0.0000,-1.1,-0.4,-0.1256,-1.1,-0.2,0,0.0,0.0,0.0000,0.13,0.47,0.60,0.19,1,0.1978,0.245,-0.010,25.00,1,144.8,0.8,0.17324,-0.6,5.5,0.1655,-0.00389,OK
3.8911,3.8882,2.9,0,144.7,0.7,0.1740,144.5,0.7,0.1407,0.0,0.0,0.0000,-0.8,-0.2,-0.1333,-0.8,-0.0,0,0.0,0.0,0.0000,0.52,0.79,0.55,0.07,1,0.1600,0.177,0.147,25.00,1,144.7,0.7,0.17460,-12.4,-4.2,0.1656,-0.00390,OK
3.8992,3.8966,2.6,0,144.8,0.9,0.1751,144.5,0.7,0.1407,0.0,0.0,0.0000,-0.9,-0.6,-0.1377,-1.0,-0.4,0,0.0,0.0,0.0000,0.80,0.70,0.75,-0.06,1,0.1600,0.177,0.147,25.00,1,144.8,0.8,0.17600,6.7,13.3,0.1738,-0.00398,OK
3.9067,3.9050,1.7,0,144.7,0.7,0.1772,144.5,0.7,0.1407,0.0,0.0,0.0000,-0.6,-0.0,-0.1458,-0.6,0.1,0,0.0,0.0,0.0000,0.30,0.06,-0.01,-0.06,1,0.0989,0.000,0.157,24.00,1,144.7,0.7,0.17654,-14.9,-14.2,0.0767,-0.00379,OK
3.9154,3.9135,1.9,0,144.6,0.6,0.1784,144.5,0.7,0.1407,0.0,0.0,0.0000,-0.5,0.1,-0.1507,-0.5,0.2,0,0.0,0.0,0.0000,-0.15,0.06,-0.08,0.09,1,0.0267,-0.196,0.206,25.00,1,144.6,0.7,0.17673,-6.9,-8.6,0.0203,-0.00370,OK
3.9222,3.9135,8.7,0,144.6,0.6,0.1784,144.5,0.7,0.1407,0.0,0.0,0.0000,-0.5,0.1,-0.1507,-0.5,0.2,0,0.0,0.0,0.0000,0.22,0.10,-0.08,0.29,1,-0.0378,-0.137,0.245,25.00,1,144.6,0.7,0.17671,-4.9,0.2,0.0031,-0.00393,OK
3.9309,3.9219,9.0,0,144.5,0.7,0.1772,144.5,0.7,0.1407,0.0,0.0,0.0000,0.1,-0.0,-0.1460,0.0,-0.0,0,0.0,0.0,0.0000,-0.11,0.29,0.00,0.24,1,-0.0956,-0.147,0.275,25.00,1,144.5,0.7,0.17668,-9.7,-3.5,-0.0364,-0.00425,OK
3.9387,3.9304,8.3,0,144.5,0.5,0.1751,144.5,0.7,0.1407,0.0,0.0,0.0000,-0.1,0.4,-0.1375,-0.0,0.5,0,0.0,0.0,0.0000,-0.30,-0.18,-0.49,-0.24,1,-0.0956,-0.147,0.275,24.00,1,144.5,0.5,0.17628,-0.0,-0.0,-0.0118,-0.00470,OK
3.9468,3.9388,8.0,0,144.5,0.6,0.1760,144.5,0.7,0.1407,0.0,0.0,0.0000,-0.1,0.1,-0.1412,-0.1,0.1,0,0.0,0.0,0.0000,-0.19,-0.14,-0.32,-0.51,1,-0.1433,-0.235,0.098,24.00,1,144.5,0.6,0.17619,-0.0,-0.0,-0.0125,-0.00517,OK
3.9544,3.9388,15.6,0,144.5,0.6,0.1760,144.5,0.7,0.1407,0.0,0.0,0.0000,-0.1,0.1,-0.1412,-0.1,0.1,0,0.0,0.0,0.0000,-0.37,-0.13,-0.17,-0.17,1,-0.1644,-0.186,0.137,25.00,1,144.5,0.6,0.17612,0.0,-0.0,-0.0091,-0.00563,OK
3.9634,3.9557,7.7,0,144.4,0.5,0.1751,144.5,0.7,0.1407,0.0,0.0,0.0000,0.3,0.4,-0.1375,0.4,0.4,0,0.0,0.0,0.0000,-0.35,-0.09,-0.46,-0.52,1,-0.1667,-0.157,0.059,25.00,1,144.4,0.5,0.17593,-0.1,-0.0,-0.0171,-0.00609,OK
3.9706,3.9642,6.4,0,144.3,0.5,0.1736,144.5,0.7,0.1407,0.0,0.0,0.0000,0.6,0.4,-0.1316,0.7,0.2,0,0.0,0.0,0.0000,-0.65,-0.14,-0.33,-0.58,1,-0.1533,-0.186,0.088,25.00,1,144.3,0.5,0.17556,-2.0,0.4,-0.0233,-0.00655,OK
3.9793,3.9642,15.1,0,144.3,0.5,0.1736,144.5,0.7,0.1407,0.0,0.0,0.0000,0.6,0.4,-0.1316,0.7,0.3,0,0.0,0.0,0.0000,-0.17,-0.30,-0.52,-0.58,1,-0.1533,-0.186,0.088,24.00,1,144.3,0.5,0.17544,-0.0,0.0,-0.0182,-0.00701,OK
3.9869,3.9642,22.7,0,144.3,0.5,0.1736,144.5,0.7,0.1407,0.0,0.0,0.0000,0.6,0.4,-0.1316,0.7,0.3,0,0.0,0.0,0.0000,-0.51,-0.46,-0.32,-0.35,1,-0.1289,-0.235,0.029,24.00,1,144.3,0.5,0.17531,0.0,-0.0,-0.0198,-0.00746,OK
3.9945,3.9642,30.3,0,144.3,0.5,0.1736,144.5,0.7,0.1407,0.0,0.0,0.0000,0.6,0.4,-0.1316,0.7,0.3,0,0.0,0.0,0.0000,-0.24,-0.33,-0.24,-0.19,1,-0.0933,-0.186,0.049,24.00,1,144.3,0.5,0.17521,-0.0,0.0,-0.0096,-0.00791,OK
4.0030,3.9642,38.8,0,144.3,0.5,0.1736,144.5,0.7,0.1407,0.0,0.0,0.0000,0.6,0.4,-0.1316,0.7,0.3,0,0.0,0.0,0.0000,-0.32,-0.19,0.04,-0.07,1,-0.0556,-0.127,0.118,25.00,1,144.3,0.5,0.17516,0.0,-0.0,-0.0056,-0.00817,OK
4.0109,3.9642,46.7,0,144.3,0.5,0.1736,144.5,0.7,0.1407,0.0,0.0,0.0000,0.6,0.4,-0.1316,0.7,0.3,0,0.0,0.0,0.0000,-0.14,-0.36,-0.16,0.04,1,-0.0556,-0.127,0.118,25.00,1,144.3,0.5,0.17512,-0.0,0.0,-0.0055,-0.00842,OK
4.0184,3.9642,54.2,0,144.3,0.5,0.1736,144.5,0.7,0.1407,0.0,0.0,0.0000,0.6,0.4,-0.1316,0.7,0.3,0,0.0,0.0,0.0000,-0.27,0.24,0.18,-0.25,1,-0.0244,-0.098,0.088,26.00,1,144.3,0.5,0.17510,-0.0,-0.0,-0.0020,-0.00851,OK
4.0270,3.9642,62.8,0,144.3,0.5,0.1736,144.5,0.7,0.1407,0.0,0.0,0.0000,0.6,0.4,-0.1316,0.7,0.3,0,0.0,0.0,0.0000,0.02,-0.27,-0.31,-0.06,1,0.0000,-0.118,0.206,25.00,1,144.3,0.5,0.17508,-0.0,0.0,-0.0016,-0.00845,OK
4.0349,3.9642,70.7,0,144.3,0.5,0.1736,144.5,0.7,0.1407,0.0,0.0,0.0000,0.6,0.4,-0.1316,0.7,0.3,0,0.0,0.0,0.0000,0.12,-0.13,-0.10,0.02,1,0.0133,-0.127,0.118,25.00,1,144.3,0.5,0.17507,0.0,-0.0,0.0013,-0.00832,OK
4.0425,3.9642,78.3,0,144.3,0.5,0.1736,144.5,0.7,0.1407,0.0,0.0,0.0000,0.6,0.4,-0.1316,0.7,0.3,0,0.0,0.0,0.0000,0.18,0.33,0.35,0.10,1,0.0178,-0.069,0.226,25.00,1,144.3,0.5,0.17509,0.0,-0.0,0.0055,-0.00820,OK
4.0517,3.9642,87.5,0,144.3,0.5,0.1736,144.5,0.7,0.1407,0.0,0.0,0.0000,0.6,0.4,-0.1316,0.7,0.3,0,0.0,0.0,0.0000,-0.24,0.33,-0.07,-0.07,1,0.0178,-0.069,0.226,24.00,1,144.3,0.5,0.17512,-0.0,-0.0,0.0012,-0.00805,OK
4.0583,3.9642,94.1,0,144.3,0.5,0.1736,144.5,0.7,0.1407,0.0,0.0,0.0000,0.6,0.4,-0.1316,0.7,0.3,0,0.0,0.0,0.0000,0.19,-0.28,-0.01,-0.05,1,0.0044,-0.108,0.118,25.00,1,144.3,0.5,0.17512,0.0,0.0,0.0004,-0.00798,OK
4.0672,3.9642,103.0,0,144.3,0.5,0.1736,144.5,0.7,0.1407,0.0,0.0,0.0000,0.6,0.4,-0.1316,0.7,0.3,0,0.0,0.0,0.0000,0.27,-0.04,-0.08,0.00,1,-0.0067,-0.059,0.186,25.00,1,144.3,0.5,0.17513,-0.0,-0.0,0.0010,-0.00798,OK
4.0748,4.0404,34.4,0,144.3,0.6,0.1701,144.5,0.7,0.1407,0.0,0.0,0.0000,0.6,0.3,-0.1176,0.6,0.2,0,0.0,0.0,0.0000,-0.24,-0.04,-0.05,0.00,1,-0.0233,-0.078,0.167,24.00,1,144.3,0.6,0.17375,0.0,-0.0,-0.0025,-0.00803,OK
4.0825,4.0404,42.2,0,144.3,0.6,0.1701,144.5,0.7,0.1407,0.0,0.0,0.0000,0.6,0.3,-0.1176,0.6,0.2,0,0.0,0.0,0.0000,-0.08,0.01,0.02,0.03,1,-0.0233,-0.078,0.167,24.00,1,144.3,0.6,0.17373,-0.0,0.0,-0.0011,-0.00812,OK
4.0908,4.0404,50.5,0,144.3,0.6,0.1701,144.5,0.7,0.1407,0.0,0.0,0.0000,0.6,0.3,-0.1176,0.6,0.2,0,0.0,0.0,0.0000,-0.24,-0.04,0.10,0.01,1,-0.0511,-0.157,0.147,25.00,1,144.3,0.6,0.17372,0.0,-0.0,-0.0037,-0.00835,OK
4.0991,4.0404,58.8,0,144.3,0.6,0.1701,144.5,0.7,0.1407,0.0,0.0,0.0000,0.6,0.3,-0.1176,0.6,0.2,0,0.0,0.0,0.0000,-0.28,-0.28,0.10,-0.02,1,-0.0511,-0.157,0.147,25.00,1,144.3,0.6,0.17369,0.0,0.0,-0.0049,-0.00857,OK
4.1070,4.0404,66.6,0,144.3,0.6,0.1701,144.5,0.7,0.1407,0.0,0.0,0.0000,0.6,0.3,-0.1176,0.6,0.2,0,0.0,0.0,0.0000,-0.26,-0.11,-0.15,0.01,1,-0.0611,-0.088,0.118,25.00,1,144.3,0.6,0.17366,-0.0,0.0,-0.0055,-0.00884,OK
4.1146,4.0404,74.2,0,144.3,0.6,0.1701,144.5,0.7,0.1407,0.0,0.0,0.0000,0.6,0.3,-0.1176,0.6,0.2,0,0.0,0.0,0.0000,-0.06,-0.19,-0.22,0.00,1,-0.0611,-0.088,0.118,25.00,1,144.3,0.6,0.17363,-0.0,0.0,-0.0052,-0.00911,OK
4.1231,4.0404,82.8,0,144.3,0.6,0.1701,144.5,0.7,0.1407,0.0,0.0,0.0000,0.6,0.3,-0.1176,0.6,0.2,0,0.0,0.0,0.0000,-0.17,-0.15,-0.13,-0.10,1,-0.0678,-0.147,0.177,25.00,1,144.3,0.6,0.17359,0.0,-0.0,-0.0061,-0.00941,OK
4.1310,4.0404,90.7,0,144.3,0.6,0.1701,144.5,0.7,0.1407,0.0,0.0,0.0000,0.6,0.3,-0.1176,0.6,0.2,0,0.0,0.0,0.0000,0.05,-0.17,2.54,-0.30,1,-0.0722,-0.108,0.147,25.00,1,144.3,0.5,0.17345,13.2,-24.6,-0.0310,-0.00959,OK
4.1389,4.0404,98.6,0,144.3,0.6,0.1701,144.5,0.7,0.1407,0.0,0.0,0.0000,0.6,0.3,-0.1176,0.6,0.2,0,0.0,0.0,0.0000,-0.13,-0.35,-0.26,-0.50,1,-0.0722,-0.108,0.167,24.00,1,144.4,0.4,0.17298,-3.4,-0.4,-0.0845,-0.00947,OK
4.1464,4.0404,106.1,0,144.3,0.6,0.1701,144.5,0.7,0.1407,0.0,0.0,0.0000,0.6,0.3,-0.1176,0.6,0.2,0,0.0,0.0,0.0000,-0.31,-0.26,-0.42,-0.29,1,-0.0700,-0.147,0.157,25.00,1,144.4,0.4,0.17234,-1.7,0.7,-0.0845,-0.00933,OK
4.1555,4.0404,115.1,0,144.3,0.6,0.1701,144.5,0.7,0.1407,0.0,0.0,0.0000,0.6,0.3,-0.1176,0.6,0.2,0,0.0,0.0,0.0000,-0.28,-0.23,-0.30,-0.21,1,-0.0700,-0.147,0.157,25.00,1,144.4,0.4,0.17162,-0.4,0.1,-0.0749,-0.00925,OK
4.1632,4.0404,122.9,0,144.3,0.6,0.1701,144.5,0.7,0.1407,0.0,0.0,0.0000,0.6,0.3,-0.1176,0.6,0.2,0,0.0,0.0,0.0000,-0.23,0.03,-0.07,-0.19,1,-0.0600,-0.078,0.147,25.00,1,144.4,0.4,0.17114,-0.9,-4.7,-0.0496,-0.00926,OK
4.1713,4.0404,131.0,0,144.3,0.6,0.1701,144.5,0.7,0.1407,0.0,0.0,0.0000,0.6,0.3,-0.1176,0.6,0.2,0,0.0,0.0,0.0000,-0.38,-0.30,0.26,-0.22,1,-0.0544,-0.098,0.157,25.00,1,144.2,0.4,0.17093,0.0,-0.0,-0.0061,-0.00948,OK
4.1789,4.1500,28.9,0,144.3,0.7,0.1663,144.5,0.7,0.1407,0.0,0.0,0.0000,0.4,-0.1,-0.1023,0.4,-0.2,0,0.0,0.0,0.0000,-0.02,-0.05,-0.06,-0.13,1,-0.0511,-0.069,0.108,24.00,1,144.3,0.7,0.16908,-0.0,0.0,-0.0038,-0.00967,OK
4.1864,4.1500,36.5,0,144.3,0.7,0.1663,144.5,0.7,0.1407,0.0,0.0,0.0000,0.4,-0.1,-0.1023,0.4,-0.2,0,0.0,0.0,0.0000,-0.27,-0.14,-0.30,-0.08,1,-0.0500,-0.118,0.157,25.00,1,144.3,0.7,0.16905,0.0,0.0,-0.0060,-0.00987,OK
4.1947,4.1500,44.8,0,144.3,0.7,0.1663,144.5,0.7,0.1407,0.0,0.0,0.0000,0.4,-0.1,-0.1023,0.4,-0.2,0,0.0,0.0,0.0000,-0.02,-0.19,-0.16,-2.56,1,-0.0500,-0.118,0.157,24.00,1,144.2,0.6,0.16860,-19.6,-17.2,-0.1000,-0.00962,OK
4.2032,4.1500,53.3,0,144.3,0.7,0.1663,144.5,0.7,0.1407,0.0,0.0,0.0000,0.4,-0.1,-0.1023,0.4,-0.2,0,0.0,0.0,0.0000,-0.11,-0.07,0.00,0.02,1,-0.0511,-0.118,0.177,25.00,1,144.2,0.5,0.16805,1.5,-2.2,-0.0308,-0.00968,OK
4.2105,4.1500,60.6,0,144.3,0.7,0.1663,144.5,0.7,0.1407,0.0,0.0,0.0000,0.4,-0.1,-0.1023,0.4,-0.2,0,0.0,0.0,0.0000,-0.01,-0.29,-0.06,0.00,1,-0.0556,-0.088,0.167,25.00,1,144.2,0.5,0.16779,1.7,1.8,-0.0391,-0.00972,OK
4.2190,4.1500,69.0,0,144.3,0.7,0.1663,144.5,0.7,0.1407,0.0,0.0,0.0000,0.4,-0.1,-0.1023,0.4,-0.2,0,0.0,0.0,0.0000,0.01,0.21,-0.18,-0.02,1,-0.0622,-0.098,0.167,24.00,1,144.2,0.5,0.16751,-3.7,-2.3,-0.0295,-0.00985,OK
4.2263,4.1500,76.4,0,144.3,0.7,0.1663,144.5,0.7,0.1407,0.0,0.0,0.0000,0.4,-0.1,-0.1023,0.4,-0.2,0,0.0,0.0,0.0000,-0.24,-0.23,-0.02,-0.03,1,-0.0622,-0.098,0.167,25.00,1,144.2,0.5,0.16722,3.5,-1.7,-0.0511,-0.00986,OK
4.2346,4.1500,84.6,0,144.3,0.7,0.1663,144.5,0.7,0.1407,0.0,0.0,0.0000,0.4,-0.1,-0.1023,0.4,-0.2,0,0.0,0.0,0.0000,-0.18,0.00,-0.40,-0.22,1,-0.0689,-0.127,0.137,25.00,1,144.3,0.5,0.16700,-0.0,-0.0,-0.0072,-0.01015,OK
4.2431,4.1500,93.1,0,144.3,0.7,0.1663,144.5,0.7,0.1407,0.0,0.0,0.0000,0.4,-0.1,-0.1023,0.4,-0.2,0,0.0,0.0,0.0000,-0.04,-0.11,-0.05,0.00,1,-0.0722,-0.118,0.127,25.00,1,144.3,0.5,0.16697,0.0,0.0,-0.0048,-0.01047,OK
4.2505,4.1500,100.6,0,144.3,0.7,0.1663,144.5,0.7,0.1407,0.0,0.0,0.0000,0.4,-0.1,-0.1023,0.4,-0.2,0,0.0,0.0,0.0000,-0.29,-0.06,0.15,-0.36,1,-0.0756,-0.127,0.177,27.00,1,144.3,0.5,0.16694,0.0,-0.0,-0.0071,-0.01079,OK
4.2593,4.1500,109.3,0,144.3,0.7,0.1663,144.5,0.7,0.1407,0.0,0.0,0.0000,0.4,-0.1,-0.1023,0.4,-0.2,0,0.0,0.0,0.0000,-0.07,-0.56,-0.35,-0.18,1,-0.0822,-0.137,0.088,25.00,1,144.3,0.5,0.16689,-0.0,0.0,-0.0096,-0.01113,OK
4.2669,4.1500,117.0,0,144.3,0.7,0.1663,144.5,0.7,0.1407,0.0,0.0,0.0000,0.4,-0.1,-0.1023,0.4,-0.2,0,0.0,0.0,0.0000,-0.36,-0.68,-0.15,-0.23,1,-0.0822,-0.137,0.088,24.00,1,144.3,0.5,0.16682,0.0,-0.0,-0.0137,-0.01145,OK
4.2743,4.1500,124.3,0,144.3,0.7,0.1663,144.5,0.7,0.1407,0.0,0.0,0.0000,0.4,-0.1,-0.1023,0.4,-0.2,0,0.0,0.0,0.0000,-0.29,-0.10,-0.42,-0.43,1,-0.0833,-0.088,0.226,24.00,1,144.3,0.5,0.16675,-0.0,-0.0,-0.0121,-0.01177,OK
4.2834,4.2429,40.5,0,144.8,0.5,0.1580,144.5,0.7,0.1407,0.0,0.0,0.0000,-0.9,0.4,-0.0691,-0.8,0.6,0,0.0,0.0,0.0000,-0.39,-0.04,-0.51,-0.37,1,-0.0822,-0.078,0.137,25.00,1,144.8,0.5,0.16333,-0.0,-0.0,-0.0131,-0.01204,OK
4.2905,4.2429,47.6,0,144.8,0.5,0.1580,144.5,0.7,0.1407,0.0,0.0,0.0000,-0.9,0.4,-0.0691,-0.8,0.6,0,0.0,0.0,0.0000,-0.11,-0.11,-0.05,-0.14,1,-0.0767,-0.157,0.167,25.00,1,144.8,0.5,0.16327,0.0,-0.0,-0.0060,-0.01236,OK
4.2990,4.2429,56.0,0,144.8,0.5,0.1580,144.5,0.7,0.1407,0.0,0.0,0.0000,-0.9,0.4,-0.0691,-0.8,0.6,0,0.0,0.0,0.0000,-0.17,-0.31,-0.21,-0.11,1,-0.0767,-0.118,0.118,25.00,1,144.8,0.5,0.16323,0.0,0.0,-0.0075,-0.01266,OK
4.3064,4.2429,63.5,0,144.8,0.5,0.1580,144.5,0.7,0.1407,0.0,0.0,0.0000,-0.9,0.4,-0.0691,-0.8,0.6,0,0.0,0.0,0.0000,0.04,-0.32,-0.22,-0.15,1,-0.0767,-0.118,0.118,24.00,1,144.8,0.5,0.16319,-0.0,0.0,-0.0066,-0.01297,OK
4.3149,4.2429,71.9,0,144.8,0.5,0.1580,144.5,0.7,0.1407,0.0,0.0,0.0000,-0.9,0.4,-0.0691,-0.8,0.6,0,0.0,0.0,0.0000,-0.45,-2.54,-0.15,0.09,1,-0.0800,-0.088,0.196,24.00,1,144.8,0.6,0.16269,22.0,16.5,-0.1104,-0.01276,OK
4.3231,4.2429,80.1,0,144.8,0.5,0.1580,144.5,0.7,0.1407,0.0,0.0,0.0000,-0.9,0.4,-0.0691,-0.8,0.6,0,0.0,0.0,0.0000,-0.23,-0.23,0.03,0.00,1,-0.0811,-0.088,0.088,25.00,1,144.9,0.7,0.16200,5.3,-5.2,-0.0576,-0.01282,OK
4.3306,4.2429,87.7,0,144.8,0.5,0.1580,144.5,0.7,0.1407,0.0,0.0,0.0000,-0.9,0.4,-0.0691,-0.8,0.6,0,0.0,0.0,0.0000,-0.27,-0.07,-0.15,-0.06,1,-0.0811,-0.088,0.088,25.00,1,145.0,0.6,0.16155,2.3,-5.6,-0.0618,-0.01285,OK
4.3383,4.2429,95.3,0,144.8,0.5,0.1580,144.5,0.7,0.1407,0.0,0.0,0.0000,-0.9,0.4,-0.0691,-0.8,0.6,0,0.0,0.0,0.0000,-0.18,-0.16,0.12,-0.81,1,-0.0800,-0.098,0.177,25.00,1,145.0,0.6,0.16099,-2.8,-13.5,-0.0836,-0.01277,OK
4.3464,4.2429,103.4,0,144.8,0.5,0.1580,144.5,0.7,0.1407,0.0,0.0,0.0000,-0.9,0.4,-0.0691,-0.8,0.6,0,0.0,0.0,0.0000,0.06,0.02,-0.45,-0.39,1,-0.0822,-0.098,0.127,25.00,1,145.0,0.5,0.16038,-7.4,-2.5,-0.0688,-0.01277,OK
4.3554,4.2429,112.4,0,144.8,0.5,0.1580,144.5,0.7,0.1407,0.0,0.0,0.0000,-0.9,0.4,-0.0691,-0.8,0.6,0,0.0,0.0,0.0000,-0.43,-0.37,-0.10,-0.24,1,-0.0767,-0.157,0.177,25.00,1,145.0,0.5,0.15969,4.7,-5.2,-0.0828,-0.01267,OK
4.3627,4.2429,119.8,0,144.8,0.5,0.1580,144.5,0.7,0.1407,0.0,0.0,0.0000,-0.9,0.4,-0.0691,-0.8,0.6,0,0.0,0.0,0.0000,-0.03,-0.20,-0.17,-0.22,1,-0.0744,-0.098,0.108,24.00,1,145.0,0.4,0.15916,-0.9,-1.9,-0.0595,-0.01268,OK
4.3711,4.2429,128.1,0,144.8,0.5,0.1580,144.5,0.7,0.1407,0.0,0.0,0.0000,-0.9,0.4,-0.0691,-0.8,0.6,0,0.0,0.0,0.0000,-0.10,-0.14,-0.15,-0.22,1,-0.0744,-0.098,0.108,25.00,1,145.0,0.4,0.15867,-0.6,-3.3,-0.0598,-0.01269,OK
4.3793,4.2429,136.4,0,144.8,0.5,0.1580,144.5,0.7,0.1407,0.0,0.0,0.0000,-0.9,0.4,-0.0691,-0.8,0.6,0,0.0,0.0,0.0000,-0.32,-0.10,-0.07,0.08,1,-0.0711,-0.088,0.196,25.00,1,144.8,0.5,0.15842,0.0,-0.0,-0.0056,-0.01298,OK
4.3868,4.3565,30.3,0,144.6,0.5,0.1494,144.5,0.7,0.1407,0.0,0.0,0.0000,-0.4,0.5,-0.0346,-0.4,0.6,0,0.0,0.0,0.0000,-0.38,-0.27,-0.21,-0.07,1,-0.0733,-0.118,0.137,25.00,1,144.6,0.5,0.15454,-0.0,0.0,-0.0078,-0.01319,OK
4.3948,4.3565,38.3,0,144.6,0.5,0.1494,144.5,0.7,0.1407,0.0,0.0,0.0000,-0.4,0.5,-0.0346,-0.4,0.6,0,0.0,0.0,0.0000,-0.21,-0.15,-0.12,-0.06,1,-0.0733,-0.088,0.177,24.00,1,144.6,0.5,0.15450,-0.0,-0.0,-0.0062,-0.01348,OK
4.4032,4.3565,46.7,0,144.6,0.5,0.1494,144.5,0.7,0.1407,0.0,0.0,0.0000,-0.4,0.5,-0.0346,-0.4,0.6,0,0.0,0.0,0.0000,-0.33,-0.17,-0.21,-0.10,1,-0.0733,-0.088,0.177,25.00,1,144.6,0.5,0.15445,0.0,-0.0,-0.0074,-0.01376,OK
4.4106,4.3565,54.1,0,144.6,0.5,0.1494,144.5,0.7,0.1407,0.0,0.0,0.0000,-0.4,0.5,-0.0346,-0.4,0.6,0,0.0,0.0,0.0000,-0.28,-0.28,-0.15,-0.38,1,-0.0767,-0.088,0.137,25.00,1,144.6,0.5,0.15440,-0.0,-0.0,-0.0101,-0.01403,OK
4.4191,4.3565,62.6,0,144.6,0.5,0.1494,144.5,0.7,0.1407,0.0,0.0,0.0000,-0.4,0.5,-0.0346,-0.4,0.6,0,0.0,0.0,0.0000,-0.34,-0.12,0.17,-0.40,1,-0.0767,-0.147,0.167,25.00,1,144.6,0.5,0.15435,0.0,-0.0,-0.0076,-0.01432,OK
4.4262,4.3565,69.7,0,144.6,0.5,0.1494,144.5,0.7,0.1407,0.0,0.0,0.0000,-0.4,0.5,-0.0346,-0.4,0.6,0,0.0,0.0,0.0000,-0.10,-0.34,-0.03,-0.21,1,-0.0744,-0.118,0.118,25.00,1,144.6,0.5,0.15431,-0.0,0.0,-0.0067,-0.01460,OK
4.4352,4.3565,78.7,0,144.6,0.5,0.1494,144.5,0.7,0.1407,0.0,0.0,0.0000,-0.4,0.5,-0.0346,-0.4,0.6,0,0.0,0.0,0.0000,-0.17,-0.19,-0.31,-0.34,1,-0.0722,-0.147,0.137,24.00,1,144.6,0.5,0.15426,-0.0,-0.0,-0.0083,-0.01485,OK
4.4425,4.3565,86.0,0,144.6,0.5,0.1494,144.5,0.7,0.1407,0.0,0.0,0.0000,-0.4,0.5,-0.0346,-0.4,0.6,0,0.0,0.0,0.0000,0.14,-0.21,-0.17,-0.38,1,-0.0722,-0.147,0.137,25.00,1,144.6,0.5,0.15422,-0.0,0.0,-0.0062,-0.01512,OK
4.4513,4.3565,94.8,0,144.6,0.5,0.1494,144.5,0.7,0.1407,0.0,0.0,0.0000,-0.4,0.5,-0.0346,-0.4,0.6,0,0.0,0.0,0.0000,0.07,-0.19,-0.34,-0.06,1,-0.0667,-0.118,0.157,25.00,1,144.6,0.5,0.15418,0.0,0.0,-0.0052,-0.01536,OK
4.4592,4.3565,102.7,0,144.6,0.5,0.1494,144.5,0.7,0.1407,0.0,0.0,0.0000,-0.4,0.5,-0.0346,-0.4,0.6,0,0.0,0.0,0.0000,-0.24,-0.02,-0.09,0.05,1,-0.0611,-0.137,0.147,25.00,1,144.6,0.5,0.15416,0.0,-0.0,-0.0042,-0.01557,OK
4.4666,4.3565,110.1,0,144.6,0.5,0.1494,144.5,0.7,0.1407,0.0,0.0,0.0000,-0.4,0.5,-0.0346,-0.4,0.6,0,0.0,0.0,0.0000,-0.01,-0.18,-0.18,-0.05,1,-0.0600,-0.118,0.127,25.00,1,144.6,0.5,0.15414,-0.0,0.0,-0.0045,-0.01577,OK
4.4751,4.3565,118.6,0,144.6,0.5,0.1494,144.5,0.7,0.1407,0.0,0.0,0.0000,-0.4,0.5,-0.0346,-0.4,0.6,0,0.0,0.0,0.0000,-0.16,0.00,-0.18,0.07,1,-0.0622,-0.118,0.167,24.00,1,144.6,0.5,0.15411,0.0,-0.0,-0.0041,-0.01599,OK
4.4839,4.4626,21.3,0,144.6,0.4,0.1443,144.5,0.7,0.1407,0.0,0.0,0.0000,-0.4,0.7,-0.0142,-0.3,0.7,0,0.0,0.0,0.0000,-0.27,-0.18,-0.09,-0.13,1,-0.0622,-0.118,0.167,24.00,1,144.6,0.4,0.15014,0.0,-0.0,-0.0060,-0.01615,OK
4.4909,4.4626,28.3,0,144.6,0.4,0.1443,144.5,0.7,0.1407,0.0,0.0,0.0000,-0.4,0.7,-0.0142,-0.3,0.7,0,0.0,0.0,0.0000,-0.19,-0.16,-0.08,-0.14,1,-0.0633,-0.088,0.108,25.00,1,144.6,0.4,0.15011,-0.0,0.0,-0.0056,-0.01636,OK
4.4984,4.4626,35.8,0,144.6,0.4,0.1443,144.5,0.7,0.1407,0.0,0.0,0.0000,-0.4,0.7,-0.0142,-0.3,0.7,0,0.0,0.0,0.0000,-0.07,-0.32,-0.30,-0.07,1,-0.0633,-0.098,0.147,25.00,1,144.6,0.4,0.15008,-0.0,0.0,-0.0061,-0.01657,OK
4.5069,4.4626,44.3,0,144.6,0.4,0.1443,144.5,0.7,0.1407,0.0,0.0,0.0000,-0.4,0.7,-0.0142,-0.3,0.7,0,0.0,0.0,0.0000,-0.09,-0.23,-0.22,-0.22,1,-0.0633,-0.118,0.157,25.00,1,144.6,0.4,0.15003,-0.0,-0.0,-0.0061,-0.01677,OK
4.5143,4.4626,51.7,0,144.6,0.4,0.1443,144.5,0.7,0.1407,0.0,0.0,0.0000,-0.4,0.7,-0.0142,-0.3,0.7,0,0.0,0.0,0.0000,-0.10,-0.07,-0.08,0.03,1,-0.0633,-0.118,0.157,26.00,1,144.6,0.4,0.15000,0.0,-0.0,-0.0039,-0.01698,OK
4.5225,4.4626,59.9,0,144.6,0.4,0.1443,144.5,0.7,0.1407,0.0,0.0,0.0000,-0.4,0.7,-0.0142,-0.3,0.7,0,0.0,0.0,0.0000,-0.18,-0.26,0.06,-0.33,1,-0.0633,-0.108,0.147,25.00,1,144.6,0.4,0.14997,0.0,-0.0,-0.0063,-0.01718,OK
4.5311,4.4626,68.5,0,144.6,0.4,0.1443,144.5,0.7,0.1407,0.0,0.0,0.0000,-0.4,0.7,-0.0142,-0.3,0.7,0,0.0,0.0,0.0000,-0.21,0.34,0.00,-0.36,1,-0.0644,-0.098,0.137,25.00,1,144.6,0.4,0.14993,-0.0,-0.0,-0.0045,-0.01739,OK
4.5394,4.4626,76.8,0,144.6,0.4,0.1443,144.5,0.7,0.1407,0.0,0.0,0.0000,-0.4,0.7,-0.0142,-0.3,0.7,0,0.0,0.0,0.0000,0.18,-0.20,-0.01,-0.30,1,-0.0633,-0.108,0.147,25.00,1,144.6,0.4,0.14990,0.0,0.0,-0.0042,-0.01760,OK
4.5467,4.4626,84.1,0,144.6,0.4,0.1443,144.5,0.7,0.1407,0.0,0.0,0.0000,-0.4,0.7,-0.0142,-0.3,0.7,0,0.0,0.0,0.0000,-0.51,-0.16,-0.26,-0.33,1,-0.0622,-0.157,0.127,25.00,1,144.6,0.4,0.14985,0.0,-0.0,-0.0109,-0.01777,OK
4.5549,4.4626,92.3,0,144.6,0.4,0.1443,144.5,0.7,0.1407,0.0,0.0,0.0000,-0.4,0.7,-0.0142,-0.3,0.7,0,0.0,0.0,0.0000,-0.44,0.04,-0.01,-0.28,1,-0.0622,-0.157,0.127,25.00,1,144.6,0.4,0.14979,0.0,-0.0,-0.0063,-0.01795,OK
4.5624,4.4626,99.8,0,144.6,0.4,0.1443,144.5,0.7,0.1407,0.0,0.0,0.0000,-0.4,0.7,-0.0142,-0.3,0.7,0,0.0,0.0,0.0000,-0.10,0.02,-0.12,-0.24,1,-0.0556,-0.059,0.098,25.00,1,144.6,0.4,0.14976,-0.0,0.0,-0.0044,-0.01812,OK
4.5712,4.4626,108.6,0,144.6,0.4,0.1443,144.5,0.7,0.1407,0.0,0.0,0.0000,-0.4,0.7,-0.0142,-0.3,0.7,0,0.0,0.0,0.0000,-0.17,-0.22,0.18,-0.04,1,-0.0456,-0.118,0.157,25.00,1,144.6,0.4,0.14973,0.0,0.0,-0.0030,-0.01824,OK
4.5787,4.4626,116.1,0,144.6,0.4,0.1443,144.5,0.7,0.1407,0.0,0.0,0.0000,-0.4,0.7,-0.0142,-0.3,0.7,0,0.0,0.0,0.0000,-0.05,-0.25,0.20,0.11,1,-0.0422,-0.108,0.127,25.00,1,144.6,0.4,0.14972,0.0,0.0,-0.0015,-0.01835,OK
4.5863,4.5640,22.3,0,144.8,0.5,0.1426,144.5,0.7,0.1407,0.0,0.0,0.0000,-1.0,0.5,-0.0076,-0.9,0.6,0,0.0,0.0,0.0000,-0.04,-0.29,-0.28,0.09,1,-0.0422,-0.108,0.127,25.00,1,144.8,0.5,0.14689,-0.0,0.0,-0.0034,-0.01842,OK
4.5945,4.5640,30.5,0,144.8,0.5,0.1426,144.5,0.7,0.1407,0.0,0.0,0.0000,-1.0,0.5,-0.0076,-0.9,0.6,0,0.0,0.0,0.0000,-0.04,-0.20,-0.37,2.53,1,-0.0389,-0.059,0.216,24.00,1,144.9,0.6,0.14698,17.3,17.7,0.0247,-0.01861,OK
4.6030,4.5640,39.0,0,144.8,0.5,0.1426,144.5,0.7,0.1407,0.0,0.0,0.0000,-1.0,0.5,-0.0076,-0.9,0.6,0,0.0,0.0,0.0000,0.01,0.52,0.10,-0.11,1,-0.0356,-0.118,0.177,25.00,1,144.9,0.6,0.14711,-5.6,-14.0,0.0061,-0.01872,OK
