t_s,tv_s,vision_age_ms,held,pose_x_mm,pose_y_mm,pose_theta_rad,ref_x_mm,ref_y_mm,ref_theta_rad,ref_vx_mm_s,ref_vy_mm_s,ref_omega_rad_s,cmd_world_vx_mm_s,cmd_world_vy_mm_s,cmd_omega_rad_s,cmd_body_vx_mm_s,cmd_body_vy_mm_s,near_goal,pred_x_mm,pred_y_mm,pred_theta_rad,wheel_fl_rad_s,wheel_bl_rad_s,wheel_br_rad_s,wheel_fr_rad_s,imu_valid,imu_yaw_rate_rad_s,imu_accel_x_m_s2,imu_accel_y_m_s2,battery_v,est_valid,est_x_mm,est_y_mm,est_theta_rad,est_vx_mm_s,est_vy_mm_s,est_omega_rad_s,est_gyro_bias_rad_s,est_health
-0.2958,-0.3525,56.7,0,144.8,0.6,0.1438,144.8,0.6,0.1438,0.0,0.0,0.0000,0.0,0.0,0.0000,0.0,0.0,0,0.0,0.0,0.0000,-0.06,0.19,0.03,0.00,1,-0.0078,-0.118,0.147,24.00,1,144.8,0.6,0.14381,0.0,0.0,-0.0078,-0.00000,OK
-0.2868,-0.3525,65.7,0,144.8,0.6,0.1438,144.8,0.6,0.1438,0.0,0.0,0.0000,0.0,0.0,0.0000,0.0,0.0,0,0.0,0.0,0.0000,-0.02,0.29,-0.26,0.16,1,-0.0078,-0.108,0.157,25.00,1,144.7,0.6,0.14394,-2.7,1.2,0.0151,-0.02016,OK
-0.2797,-0.3525,72.8,0,144.8,0.6,0.1438,144.8,0.6,0.1438,0.0,0.0,0.0000,0.0,0.0,0.0000,0.0,0.0,0,0.0,0.0,0.0000,0.17,-0.28,0.04,0.18,1,-0.0078,-0.088,0.147,24.00,1,144.7,0.7,0.14407,3.2,6.7,0.0159,-0.02246,OK
-0.2710,-0.3525,81.5,0,144.8,0.6,0.1438,144.8,0.6,0.1438,0.0,0.0,0.0000,0.0,0.0,0.0000,0.0,0.0,0,0.0,0.0,0.0000,0.03,-0.15,-0.08,-0.10,1,-0.0078,-0.108,0.147,25.00,1,144.7,0.7,0.14392,-0.5,2.1,-0.0094,-0.01008,OK
-0.2636,-0.3525,88.9,0,144.8,0.6,0.1438,144.8,0.6,0.1438,0.0,0.0,0.0000,0.0,0.0,0.0000,0.0,0.0,0,0.0,0.0,0.0000,0.03,-0.18,0.13,0.09,1,-0.0078,-0.108,0.147,25.00,1,144.8,0.7,0.14394,3.6,1.8,0.0054,-0.01142,OK
-0.2550,-0.3525,97.6,0,144.8,0.6,0.1438,144.8,0.6,0.1438,0.0,0.0,0.0000,0.0,0.0,0.0000,0.0,0.0,0,0.0,0.0,0.0000,0.48,-0.03,-0.09,0.01,1,-0.0078,-0.108,0.118,26.00,1,145.0,0.5,0.14396,-0.0,0.0,0.0022,-0.01088,OK
-0.2480,-0.2513,3.2,0,144.8,0.6,0.1425,144.8,0.6,0.1438,0.0,0.0,0.0000,-0.3,-0.1,0.0053,-0.3,-0.0,0,0.0,0.0,0.0000,-0.18,0.04,0.29,-0.09,1,-0.0078,-0.098,0.147,24.00,1,144.8,0.6,0.14313,-0.6,0.8,-0.0059,-0.00985,OK
-0.2394,-0.2513,11.9,0,144.8,0.6,0.1425,144.8,0.6,0.1438,0.0,0.0,0.0000,-0.3,-0.1,0.0053,-0.3,-0.0,0,0.0,0.0,0.0000,-0.28,-0.01,-0.25,-0.25,1,-0.0067,-0.108,0.167,24.00,1,144.8,0.6,0.14310,-0.0,0.0,-0.0032,-0.00848,OK
-0.2310,-0.2513,20.2,0,144.8,0.6,0.1425,144.8,0.6,0.1438,0.0,0.0,0.0000,-0.3,-0.1,0.0053,-0.3,-0.0,0,0.0,0.0,0.0000,-0.18,-0.01,0.26,0.20,1,-0.0067,-0.108,0.167,24.00,1,144.8,0.6,0.14309,0.0,-0.0,0.0011,-0.00834,OK
-0.2233,-0.2513,28.0,0,144.8,0.6,0.1425,144.8,0.6,0.1438,0.0,0.0,0.0000,-0.3,-0.1,0.0053,-0.3,-0.0,0,0.0,0.0,0.0000,0.06,0.41,0.27,0.08,1,-0.0044,-0.098,0.127,24.00,1,144.8,0.6,0.14311,-0.0,-0.0,0.0033,-0.00825,OK
-0.2146,-0.2513,36.7,0,144.8,0.6,0.1425,144.8,0.6,0.1438,0.0,0.0,0.0000,-0.3,-0.1,0.0053,-0.3,-0.0,0,0.0,0.0,0.0000,0.20,0.01,-0.25,-0.12,1,-0.0044,-0.108,0.147,24.00,1,144.8,0.6,0.14311,-0.0,0.0,-0.0002,-0.00771,OK
-0.2073,-0.2513,44.0,0,144.8,0.6,0.1425,144.8,0.6,0.1438,0.0,0.0,0.0000,-0.3,-0.1,0.0053,-0.3,-0.0,0,0.0,0.0,0.0000,0.05,0.11,-0.21,-0.15,1,-0.0111,-0.137,0.147,25.00,1,144.8,0.6,0.14311,0.0,-0.0,-0.0010,-0.00800,OK
-0.1997,-0.2513,51.5,0,144.8,0.6,0.1425,144.8,0.6,0.1438,0.0,0.0,0.0000,-0.3,-0.1,0.0053,-0.3,-0.0,0,0.0,0.0,0.0000,-0.06,-0.19,0.06,-0.16,1,-0.0100,-0.127,0.157,26.00,1,144.8,0.6,0.14310,0.0,-0.0,-0.0016,-0.00804,OK
-0.1919,-0.2513,59.4,0,144.8,0.6,0.1425,144.8,0.6,0.1438,0.0,0.0,0.0000,-0.3,-0.1,0.0053,-0.3,-0.0,0,0.0,0.0,0.0000,0.06,0.05,0.03,-0.03,1,-0.0100,-0.127,0.157,25.00,1,144.8,0.6,0.14310,-0.0,-0.0,0.0003,-0.00826,OK
-0.1834,-0.2513,67.9,0,144.8,0.6,0.1425,144.8,0.6,0.1438,0.0,0.0,0.0000,-0.3,-0.1,0.0053,-0.3,-0.0,0,0.0,0.0,0.0000,0.29,-0.35,-0.08,0.33,1,-0.0067,-0.098,0.157,25.00,1,144.8,0.6,0.14311,0.0,0.0,0.0015,-0.00825,OK
-0.1754,-0.2513,75.9,0,144.8,0.6,0.1425,144.8,0.6,0.1438,0.0,0.0,0.0000,-0.3,-0.1,0.0053,-0.3,-0.0,0,0.0,0.0,0.0000,-0.12,-0.15,0.05,0.08,1,-0.0067,-0.108,0.157,24.00,1,144.8,0.6,0.14311,0.0,-0.0,-0.0004,-0.00808,OK
-0.1653,-0.1659,0.6,0,144.8,0.4,0.1397,144.8,0.6,0.1438,0.0,0.0,0.0000,-0.0,0.5,0.0163,0.0,0.5,0,0.0,0.0,0.0000,-0.22,0.11,0.23,0.21,1,-0.0056,-0.069,0.137,24.00,1,144.8,0.5,0.14140,-4.6,-7.9,-0.0357,-0.00790,OK
-0.1592,-0.1659,6.7,0,144.8,0.4,0.1397,144.8,0.6,0.1438,0.0,0.0,0.0000,-0.0,0.5,0.0163,0.0,0.5,0,0.0,0.0,0.0000,0.28,-0.22,-0.03,0.11,1,-0.0078,-0.059,0.157,25.00,1,144.8,0.5,0.14152,-5.3,9.5,0.0197,-0.00789,OK
-0.1511,-0.1584,7.3,0,144.6,0.6,0.1428,144.8,0.6,0.1438,0.0,0.0,0.0000,0.4,0.1,0.0041,0.4,0.1,0,0.0,0.0,0.0000,-0.24,0.30,-0.17,0.03,1,-0.0078,-0.059,0.157,24.00,1,144.6,0.6,0.14199,-0.6,0.5,-0.0003,-0.00787,OK
-0.1429,-0.1505,7.5,0,144.8,0.5,0.1416,144.8,0.6,0.1438,0.0,0.0,0.0000,-0.1,0.4,0.0088,-0.0,0.4,0,0.0,0.0,0.0000,-0.31,0.18,-0.20,-0.29,1,-0.0089,-0.196,0.216,25.00,1,144.8,0.5,0.14188,0.2,-0.2,-0.0030,-0.00774,OK
-0.1348,-0.1414,6.6,0,144.7,0.5,0.1418,144.8,0.6,0.1438,0.0,0.0,0.0000,0.2,0.2,0.0082,0.2,0.2,0,0.0,0.0,0.0000,-0.02,0.39,0.11,-0.28,1,-0.0078,-0.098,0.078,25.00,1,144.7,0.5,0.14184,-0.8,0.8,0.0003,-0.00777,OK
-0.1272,-0.1328,5.6,0,144.8,0.6,0.1426,144.8,0.6,0.1438,0.0,0.0,0.0000,-0.2,0.1,0.0051,-0.2,0.1,0,0.0,0.0,0.0000,-0.14,-0.10,-0.11,-0.05,1,-0.0011,-0.147,0.147,25.00,1,144.8,0.6,0.14199,6.8,2.4,0.0002,-0.00731,OK
-0.1196,-0.1238,4.2,0,144.5,0.6,0.1404,144.8,0.6,0.1438,0.0,0.0,0.0000,0.7,0.2,0.0139,0.7,0.1,0,0.0,0.0,0.0000,0.05,-0.35,-0.05,0.22,1,-0.0011,-0.147,0.147,25.00,1,144.6,0.6,0.14165,-35.8,1.9,-0.0078,-0.00696,OK
-0.1115,-0.1147,3.2,0,144.6,0.5,0.1399,144.8,0.6,0.1438,0.0,0.0,0.0000,0.4,0.5,0.0157,0.4,0.4,0,0.0,0.0,0.0000,-0.05,-0.04,0.14,-0.25,1,0.0000,-0.088,0.147,24.00,1,144.6,0.5,0.14127,14.8,-19.2,-0.0148,-0.00654,OK
-0.1034,-0.1082,4.9,0,144.5,0.4,0.1382,144.8,0.6,0.1438,0.0,0.0,0.0000,0.7,0.6,0.0226,0.8,0.5,0,0.0,0.0,0.0000,0.12,0.05,0.28,0.27,1,0.0022,-0.059,0.137,25.00,1,144.5,0.4,0.14070,-16.0,-4.6,-0.0077,-0.00625,OK
-0.0957,-0.0971,1.4,0,144.8,0.6,0.1438,144.8,0.6,0.1438,0.0,0.0,0.0000,-0.1,0.1,0.0001,-0.1,0.2,0,0.0,0.0,0.0000,0.15,-0.08,-0.14,-0.03,1,0.0000,-0.108,0.167,25.00,1,144.8,0.6,0.14141,47.6,19.4,0.0474,-0.00597,OK
-0.0877,-0.0910,3.4,0,144.8,0.6,0.1427,144.8,0.6,0.1438,0.0,0.0,0.0000,-0.3,-0.1,0.0045,-0.3,-0.0,0,0.0,0.0,0.0000,0.49,0.42,0.10,0.14,1,0.0000,-0.108,0.167,25.00,1,144.8,0.6,0.14162,19.6,15.4,0.0166,-0.00598,OK
-0.0796,-0.0807,1.1,0,144.9,0.8,0.1433,144.8,0.6,0.1438,0.0,0.0,0.0000,-0.5,-0.5,0.0021,-0.5,-0.4,0,0.0,0.0,0.0000,-0.07,-0.16,-0.07,-0.06,1,-0.0056,-0.108,0.147,24.00,1,144.9,0.8,0.14200,13.9,21.3,0.0272,-0.00591,OK
-0.0703,-0.0708,0.4,0,144.8,0.7,0.1456,144.8,0.6,0.1438,0.0,0.0,0.0000,-0.2,-0.1,-0.0071,-0.2,-0.1,0,0.0,0.0,0.0000,0.04,0.00,-0.08,0.01,1,-0.0133,-0.147,0.118,24.00,1,144.8,0.7,0.14291,-15.0,-16.9,0.0732,-0.00623,OK
-0.0630,-0.0708,7.7,0,144.8,0.7,0.1456,144.8,0.6,0.1438,0.0,0.0,0.0000,-0.2,-0.1,-0.0071,-0.2,-0.1,0,0.0,0.0,0.0000,0.08,0.08,-0.12,-0.02,1,-0.0133,-0.039,0.157,25.00,1,144.8,0.7,0.14270,-3.9,-2.9,0.0048,-0.00623,OK
-0.0548,-0.0708,16.0,0,144.8,0.7,0.1456,144.8,0.6,0.1438,0.0,0.0,0.0000,-0.2,-0.1,-0.0071,-0.2,-0.1,0,0.0,0.0,0.0000,-0.05,-0.04,0.09,-0.25,1,-0.0122,-0.147,0.157,25.00,1,144.8,0.7,0.14271,-0.0,-0.0,-0.0016,-0.00641,OK
-0.0469,-0.0519,5.0,0,144.7,0.4,0.1416,144.8,0.6,0.1438,0.0,0.0,0.0000,0.1,0.6,0.0087,0.2,0.5,0,0.0,0.0,0.0000,0.00,0.00,-0.10,0.04,1,-0.0122,-0.147,0.157,25.00,1,144.7,0.4,0.14245,-5.4,-8.9,-0.0042,-0.00661,OK
-0.0400,-0.0463,6.3,0,144.7,0.6,0.1423,144.8,0.6,0.1438,0.0,0.0,0.0000,0.1,0.1,0.0060,0.1,0.1,0,0.0,0.0,0.0000,0.07,0.15,0.04,0.32,1,-0.0078,-0.127,0.118,25.00,1,144.7,0.5,0.14244,1.1,6.1,0.0024,-0.00675,OK
-0.0311,-0.0363,5.2,0,144.8,0.5,0.1416,144.8,0.6,0.1438,0.0,0.0,0.0000,-0.1,0.2,0.0089,-0.1,0.2,0,0.0,0.0,0.0000,0.15,-0.09,0.41,0.07,1,-0.0067,-0.098,0.167,24.00,1,144.8,0.5,0.14228,3.3,-1.0,-0.0005,-0.00682,OK
-0.0230,-0.0264,3.5,0,144.7,0.4,0.1396,144.8,0.6,0.1438,0.0,0.0,0.0000,0.1,0.6,0.0167,0.2,0.5,0,0.0,0.0,0.0000,-0.21,-0.40,-0.15,0.01,1,-0.0111,-0.088,0.167,25.00,1,144.7,0.4,0.14167,-14.3,-13.3,-0.0246,-0.00685,OK
-0.0156,-0.0181,2.6,0,144.7,0.6,0.1426,144.8,0.6,0.1438,0.0,0.0,0.0000,0.2,-0.0,0.0049,0.2,-0.1,0,0.0,0.0,0.0000,-0.09,-0.05,0.08,-0.02,1,-0.0111,-0.088,0.167,25.00,1,144.7,0.6,0.14188,-2.1,36.8,0.0100,-0.00698,OK
-0.0073,-0.0085,1.2,0,144.6,0.5,0.1423,144.8,0.6,0.1438,0.0,0.0,0.0000,0.5,0.2,0.0062,0.5,0.2,0,0.0,0.0,0.0000,0.38,0.20,0.14,-0.08,1,-0.0111,-0.088,0.147,27.00,1,144.6,0.5,0.14199,-15.7,-13.0,0.0090,-0.00720,OK
0.0006,-0.0020,2.6,0,144.7,0.6,0.1420,144.8,0.6,0.1438,0.0,0.0,0.0000,16.1,2.6,0.0071,16.3,0.3,0,0.0,0.0,0.0000,-0.40,0.22,-0.20,-0.09,1,-0.0056,-0.137,0.147,25.00,1,144.7,0.6,0.14197,24.8,16.8,-0.0010,-0.00708,OK
0.0081,-0.0020,10.1,0,144.7,0.6,0.1420,144.8,0.6,0.1438,0.0,0.0,0.0000,31.1,5.0,0.0071,31.5,0.6,0,0.0,0.0,0.0000,-0.38,0.17,-0.05,0.11,1,-0.0056,-0.157,0.108,25.00,1,144.7,0.6,0.14196,0.0,0.0,-0.0007,-0.00701,OK
0.0169,0.0156,1.3,0,144.8,0.5,0.1414,144.9,0.6,0.1438,15.6,2.3,0.0000,48.3,8.0,0.0095,48.9,1.1,0,0.0,0.0,0.0000,0.23,-0.03,0.03,0.10,1,0.0000,-0.078,0.196,25.00,1,144.8,0.5,0.14183,15.7,-18.6,-0.0077,-0.00685,OK
0.0248,0.0227,2.2,0,144.9,0.6,0.1454,145.0,0.7,0.1438,22.3,3.4,0.0000,64.0,10.7,-0.0062,64.9,1.3,0,0.0,0.0,0.0000,-0.03,0.16,-0.15,-0.02,1,0.0000,-0.078,0.196,24.00,1,144.9,0.6,0.14270,21.4,15.1,0.0498,-0.00667,OK
0.0325,0.0227,9.9,0,144.9,0.6,0.1454,145.0,0.7,0.1438,22.3,3.4,0.0000,79.1,13.4,-0.0062,80.2,1.8,0,0.0,0.0,0.0000,-0.01,-0.13,0.13,0.07,1,-0.0022,-0.137,0.147,24.00,1,144.9,0.6,0.14262,0.0,0.0,0.0006,-0.00656,OK
0.0411,0.0227,18.4,0,144.9,0.6,0.1454,145.0,0.7,0.1438,22.3,3.4,0.0000,95.9,16.4,-0.0062,97.3,2.4,0,0.0,0.0,0.0000,0.04,-0.18,0.09,0.12,1,-0.0022,-0.118,0.157,24.00,1,144.9,0.6,0.14263,0.0,0.0,0.0007,-0.00645,OK
0.0485,0.0227,25.9,0,144.9,0.6,0.1454,145.0,0.7,0.1438,22.3,3.4,0.0000,110.6,19.3,-0.0062,112.2,3.0,0,0.0,0.0,0.0000,0.49,0.00,0.13,0.14,1,-0.0022,-0.333,0.245,25.00,1,144.9,0.6,0.14264,-0.0,0.0,0.0037,-0.00644,OK
0.0571,0.0501,7.0,0,144.8,0.6,0.1436,146.0,0.8,0.1438,49.7,7.8,0.0000,127.4,22.7,0.0010,129.3,4.3,0,0.0,0.0,0.0000,-0.19,-0.05,-0.02,0.03,1,-0.0044,-1.000,-0.010,25.00,1,144.8,0.6,0.14291,-0.4,-0.0,-0.0005,-0.00637,OK
0.0646,0.0501,14.4,0,144.8,0.6,0.1436,146.0,0.8,0.1438,49.7,7.8,0.0000,142.0,25.9,0.0010,144.2,5.3,0,0.0,0.0,0.0000,-0.26,-0.38,0.28,0.19,1,-0.0044,-1.000,-0.010,25.00,1,144.8,0.6,0.14290,0.0,0.0,-0.0007,-0.00630,OK
0.0727,0.0501,22.6,0,144.8,0.6,0.1436,146.0,0.8,0.1438,49.7,7.8,0.0000,157.9,29.6,0.0010,160.5,6.7,0,0.0,0.0,0.0000,-0.51,-0.18,0.25,0.37,1,0.0022,-0.726,-0.049,25.00,1,144.8,0.6,0.14290,0.0,-0.0,0.0001,-0.00608,OK
0.0801,0.0501,30.0,0,144.8,0.6,0.1436,146.0,0.8,0.1438,49.7,7.8,0.0000,172.2,33.3,0.0010,175.2,8.3,0,0.0,0.0,0.0000,-0.55,-0.36,0.28,0.65,1,0.0067,-0.500,0.069,24.00,1,144.8,0.6,0.14290,0.0,0.0,0.0009,-0.00578,OK
0.0886,0.0501,38.4,0,144.8,0.6,0.1436,146.0,0.8,0.1438,49.7,7.8,0.0000,186.5,37.2,0.0010,189.9,10.1,0,0.0,0.0,0.0000,-0.63,-0.29,0.66,0.66,1,0.0133,-0.726,-0.020,24.00,1,144.8,0.6,0.14291,0.0,-0.0,0.0024,-0.00538,OK
0.0971,0.0501,47.0,0,144.8,0.6,0.1436,146.0,0.8,0.1438,49.7,7.8,0.0000,197.0,40.3,0.0010,200.7,11.7,0,0.0,0.0,0.0000,-1.04,-0.61,0.58,0.85,1,0.0133,-0.726,-0.020,24.00,1,144.8,0.6,0.14293,9.0,2.3,0.0020,-0.00498,OK
0.1049,0.0501,54.8,0,144.8,0.6,0.1436,146.0,0.8,0.1438,49.7,7.8,0.0000,206.9,43.1,0.0010,210.9,13.0,0,0.0,0.0,0.0000,-1.04,-1.13,0.84,1.27,1,0.0256,-0.883,-0.098,25.00,1,145.0,0.6,0.14300,20.8,8.8,0.0174,-0.00467,OK
0.1122,0.0501,62.1,0,144.8,0.6,0.1436,146.0,0.8,0.1438,49.7,7.8,0.0000,216.2,45.6,0.0010,220.5,14.2,0,0.0,0.0,0.0000,-1.09,-0.99,1.29,1.35,1,0.0456,-0.873,0.010,25.00,1,145.1,0.7,0.14324,25.8,2.3,0.0477,-0.00461,OK
0.1203,0.0501,70.2,0,144.8,0.6,0.1436,146.0,0.8,0.1438,49.7,7.8,0.0000,226.8,48.7,0.0010,231.5,15.8,0,0.0,0.0,0.0000,-1.39,-0.92,0.95,1.52,1,0.0678,-0.765,0.029,25.00,1,145.3,0.8,0.14363,28.0,4.2,0.0500,-0.00409,OK
0.1287,0.0501,78.6,0,144.8,0.6,0.1436,146.0,0.8,0.1438,49.7,7.8,0.0000,237.8,52.6,0.0010,242.9,18.0,0,0.0,0.0,0.0000,-1.21,-1.33,1.57,1.89,1,0.0678,-0.765,0.029,25.00,1,145.6,0.9,0.14415,39.7,6.5,0.0754,-0.00418,OK
0.1371,0.0501,87.0,0,144.8,0.6,0.1436,146.0,0.8,0.1438,49.7,7.8,0.0000,249.1,56.6,0.0010,254.6,20.4,0,0.0,0.0,0.0000,-1.41,-1.48,1.50,1.53,1,0.0822,-1.040,-0.010,25.00,1,145.9,0.9,0.14470,40.0,3.5,0.0586,-0.00355,OK
0.1446,0.0501,94.4,0,144.8,0.6,0.1436,146.0,0.8,0.1438,49.7,7.8,0.0000,258.8,60.3,0.0010,264.8,22.6,0,0.0,0.0,0.0000,-0.07,-1.67,1.61,2.35,1,0.0822,-1.265,0.049,24.00,1,146.2,1.1,0.14546,37.5,26.1,0.1353,-0.00453,OK
0.1530,0.0501,102.9,0,144.8,0.6,0.1436,146.0,0.8,0.1438,49.7,7.8,0.0000,270.3,64.6,0.0010,276.8,25.3,0,0.0,0.0,0.0000,-3.01,-2.07,1.61,1.32,1,0.0578,-1.549,-0.088,24.00,1,146.6,1.2,0.14568,58.9,-9.3,-0.0767,-0.00314,OK
0.1606,0.1604,0.2,0,146.6,1.3,0.1429,157.4,2.7,0.1438,157.4,29.8,0.0000,275.5,66.4,0.0035,282.1,26.5,0,0.0,0.0,0.0000,-3.08,-2.41,2.05,0.57,1,0.0456,-2.020,-0.265,25.00,1,146.6,1.3,0.14334,39.9,-15.3,-0.1428,-0.00144,OK
0.1688,0.1604,8.4,0,146.6,1.3,0.1429,157.4,2.7,0.1438,157.4,29.8,0.0000,287.1,70.8,0.0035,294.3,29.2,0,0.0,0.0,0.0000,-3.62,-2.83,2.46,1.45,1,0.0456,-2.020,-0.265,25.00,1,146.6,1.3,0.14331,64.8,-13.5,-0.0977,0.00015,OK
0.1767,0.1604,16.4,0,146.6,1.3,0.1429,157.4,2.7,0.1438,157.4,29.8,0.0000,298.3,75.3,0.0035,306.0,32.0,0,0.0,0.0,0.0000,-4.36,-3.35,2.77,2.66,1,0.0556,-2.108,-0.216,24.00,1,147.2,1.3,0.14268,92.2,-4.4,-0.0508,0.00147,OK
0.1848,0.1604,24.4,0,146.6,1.3,0.1429,157.4,2.7,0.1438,157.4,29.8,0.0000,310.0,80.1,0.0035,318.2,35.2,0,0.0,0.0,0.0000,-4.52,-3.36,3.17,3.88,1,0.0522,-1.530,0.539,24.00,1,148.0,1.4,0.14253,112.4,1.9,0.0182,0.00220,OK
0.1930,0.1604,32.6,0,146.6,1.3,0.1429,157.4,2.7,0.1438,157.4,29.8,0.0000,321.6,85.3,0.0035,330.5,38.7,0,0.0,0.0,0.0000,-3.72,-3.34,3.59,4.85,1,0.0600,-1.304,0.637,25.00,1,149.0,1.6,0.14289,120.2,9.7,0.0672,0.00199,OK
0.2001,0.1604,39.7,0,146.6,1.3,0.1429,157.4,2.7,0.1438,157.4,29.8,0.0000,332.0,90.1,0.0035,341.4,41.8,0,0.0,0.0,0.0000,-4.26,-4.48,3.18,5.44,1,0.0600,-1.304,0.637,25.00,1,149.9,1.9,0.14327,138.6,29.6,0.0436,0.00230,OK
0.2087,0.1604,48.3,0,146.6,1.3,0.1429,157.4,2.7,0.1438,157.4,29.8,0.0000,344.6,96.1,0.0035,354.8,46.1,0,0.0,0.0,0.0000,-5.07,-4.87,4.11,6.15,1,0.0611,-1.549,-0.422,25.00,1,151.2,2.3,0.14367,165.8,20.9,0.0510,0.00247,OK
0.2169,0.1604,56.5,0,146.6,1.3,0.1429,157.4,2.7,0.1438,157.4,29.8,0.0000,357.0,102.1,0.0035,367.9,50.2,0,0.0,0.0,0.0000,-5.67,-5.65,3.90,6.58,1,0.0633,-2.344,-0.137,25.00,1,152.5,2.7,0.14401,180.8,33.1,0.0387,0.00295,OK
0.2243,0.1604,63.9,0,146.6,1.3,0.1429,157.4,2.7,0.1438,157.4,29.8,0.0000,368.0,107.6,0.0035,379.6,54.0,0,0.0,0.0,0.0000,-6.17,-5.70,4.82,7.94,1,0.0333,-2.373,0.147,25.00,1,153.9,3.1,0.14427,206.7,25.2,0.0326,0.00290,OK
0.2327,0.1604,72.4,0,146.6,1.3,0.1429,157.4,2.7,0.1438,157.4,29.8,0.0000,381.0,114.2,0.0035,393.4,58.7,0,0.0,0.0,0.0000,-6.98,-6.17,5.19,8.39,1,0.0011,-1.804,-0.000,25.00,1,155.8,3.6,0.14440,226.7,22.6,-0.0013,0.00290,OK
0.2412,0.1604,80.8,0,146.6,1.3,0.1429,157.4,2.7,0.1438,157.4,29.8,0.0000,393.8,121.1,0.0035,407.0,63.7,0,0.0,0.0,0.0000,-8.34,-6.69,5.77,7.95,1,0.0011,-1.804,-0.000,24.00,1,157.7,4.0,0.14430,246.0,9.6,-0.0173,0.00323,OK
0.2485,0.1604,88.1,0,146.6,1.3,0.1429,157.4,2.7,0.1438,157.4,29.8,0.0000,405.1,127.4,0.0035,419.2,68.4,0,0.0,0.0,0.0000,-8.89,-7.02,6.26,8.41,1,-0.0011,-1.648,-0.039,25.00,1,159.6,4.3,0.14414,263.7,6.1,-0.0182,0.00354,OK
0.2562,0.1604,95.8,0,146.6,1.3,0.1429,157.4,2.7,0.1438,157.4,29.8,0.0000,417.1,134.4,0.0035,432.0,73.7,0,0.0,0.0,0.0000,-8.52,-7.23,5.90,9.71,1,-0.0133,-2.324,-0.490,25.00,1,161.6,4.7,0.14398,270.6,24.8,-0.0207,0.00362,OK
0.2643,0.2627,1.6,0,160.0,5.0,0.1441,178.6,7.5,0.1438,253.9,67.4,0.0000,401.0,132.4,-0.0010,415.9,73.5,0,0.0,0.0,0.0000,-8.43,-7.51,6.74,9.95,1,-0.0022,-2.334,0.157,25.00,1,160.0,5.0,0.14398,221.5,20.1,-0.0011,0.00355,OK
0.2724,0.2627,9.7,0,160.0,5.0,0.1441,178.6,7.5,0.1438,253.9,67.4,0.0000,402.0,138.6,-0.0010,417.7,79.5,0,0.0,0.0,0.0000,-9.17,-8.68,7.06,10.56,1,-0.0022,-2.334,0.157,25.00,1,160.4,5.1,0.14396,258.1,30.0,-0.0080,0.00360,OK
0.2808,0.2627,18.1,0,160.0,5.0,0.1441,178.6,7.5,0.1438,253.9,67.4,0.0000,415.3,146.9,-0.0010,432.1,85.7,0,0.0,0.0,0.0000,-9.80,-8.93,7.78,10.64,1,-0.0144,-2.167,0.520,25.00,1,162.6,5.6,0.14384,278.8,18.7,-0.0203,0.00365,OK
0.2889,0.2627,26.2,0,160.0,5.0,0.1441,178.6,7.5,0.1438,253.9,67.4,0.0000,428.1,155.1,-0.0010,445.9,92.1,0,0.0,0.0,0.0000,-6.79,-8.89,7.62,10.89,1,-0.0011,-2.334,0.186,24.00,1,164.7,6.2,0.14383,253.1,48.8,0.0123,0.00327,OK
0.2964,0.2627,33.7,0,160.0,5.0,0.1441,178.6,7.5,0.1438,253.9,67.4,0.0000,439.3,162.8,-0.0010,458.2,98.0,0,0.0,0.0,0.0000,-7.84,-10.80,7.55,12.14,1,0.0500,-1.304,-1.618,25.00,1,166.7,6.9,0.14408,297.8,72.5,0.0526,0.00314,OK
0.3049,0.2627,42.2,0,160.0,5.0,0.1441,178.6,7.5,0.1438,253.9,67.4,0.0000,450.7,171.7,-0.0010,470.7,105.2,0,0.0,0.0,0.0000,-10.16,-11.36,8.07,12.75,1,0.1211,-1.883,0.108,24.00,1,169.3,7.9,0.14477,338.9,62.4,0.1103,0.00330,OK
0.3133,0.2627,50.6,0,160.0,5.0,0.1441,178.6,7.5,0.1438,253.9,67.4,0.0000,460.7,180.0,-0.0010,481.8,112.0,0,0.0,0.0,0.0000,-10.43,-10.95,8.89,13.26,1,0.1211,-1.883,0.108,25.00,1,172.1,8.8,0.14571,353.9,47.9,0.1152,0.00335,OK
0.3207,0.2627,58.0,0,160.0,5.0,0.1441,178.6,7.5,0.1438,253.9,67.4,0.0000,464.3,185.4,-0.0010,486.2,116.8,0,0.0,0.0,0.0000,-11.33,-11.51,9.33,14.41,1,0.1656,-2.873,0.500,26.00,1,174.8,9.5,0.14671,383.7,52.7,0.1578,0.00343,OK
0.3290,0.2627,66.3,0,160.0,5.0,0.1441,178.6,7.5,0.1438,253.9,67.4,0.0000,462.9,189.1,-0.0010,485.2,120.7,0,0.0,0.0,0.0000,-11.09,-11.77,9.70,14.81,1,0.1856,-0.873,-2.922,25.00,1,177.9,10.5,0.14811,395.0,55.8,0.1801,0.00347,OK
0.3372,0.2627,74.5,0,160.0,5.0,0.1441,178.6,7.5,0.1438,253.9,67.4,0.0000,461.5,192.4,-0.0010,484.3,124.1,0,0.0,0.0,0.0000,-11.57,-12.10,9.54,14.76,1,0.1822,-0.392,-0.382,24.00,1,181.1,11.4,0.14955,403.7,58.7,0.1736,0.00357,OK
0.3442,0.2627,81.5,0,160.0,5.0,0.1441,178.6,7.5,0.1438,253.9,67.4,0.0000,460.3,195.2,-0.0010,483.6,127.1,0,0.0,0.0,0.0000,-12.26,-9.57,10.50,16.69,1,0.1822,-0.392,-0.382,24.00,1,183.9,12.0,0.15082,401.4,10.2,0.1840,0.00346,OK
0.3530,0.2627,90.3,0,160.0,5.0,0.1441,178.6,7.5,0.1438,253.9,67.4,0.0000,458.9,198.6,-0.0010,482.6,130.7,0,0.0,0.0,0.0000,-13.26,-7.92,10.60,18.56,1,0.1467,-2.952,2.540,24.00,1,187.3,12.4,0.15229,389.5,-30.5,0.1489,0.00336,OK
0.3603,0.2627,97.6,0,160.0,5.0,0.1441,178.6,7.5,0.1438,253.9,67.4,0.0000,457.6,201.6,-0.0010,481.8,133.8,0,0.0,0.0,0.0000,-12.59,-11.77,10.27,17.99,1,0.1111,-1.598,-2.148,25.00,1,190.4,13.1,0.15326,443.0,51.2,0.1124,0.00328,OK
0.3687,0.3661,2.6,0,202.6,14.2,0.1581,209.5,17.5,0.1438,341.8,131.7,0.0000,440.9,201.0,-0.0571,467.0,129.1,0,0.0,0.0,0.0000,-12.58,-13.95,10.37,16.79,1,0.1500,-1.746,-0.343,25.00,1,202.5,14.2,0.15679,527.5,58.0,0.1665,0.00307,OK
0.3769,0.3758,1.1,0,206.1,15.1,0.1621,212.8,18.9,0.1438,349.1,139.2,0.0000,424.4,201.6,-0.0731,451.4,130.4,0,0.0,0.0,0.0000,-13.00,-13.50,11.06,17.28,1,0.1633,-1.314,1.530,25.00,1,206.5,15.1,0.15988,392.9,19.6,0.2208,0.00286,OK
0.3844,0.3822,2.2,0,210.3,16.1,0.1602,215.1,19.8,0.1438,354.0,144.2,0.0000,409.5,203.0,-0.0657,436.6,135.0,0,0.0,0.0,0.0000,-13.17,-16.23,10.79,18.49,1,0.1633,-1.314,1.530,24.00,1,210.1,16.1,0.16060,551.3,63.8,0.1500,0.00294,OK
0.3926,0.3904,2.2,0,213.9,17.6,0.1642,218.0,21.0,0.1438,358.4,150.6,0.0000,393.3,205.4,-0.0815,421.5,138.4,0,0.0,0.0,0.0000,-13.72,-17.87,11.61,18.33,1,0.1578,-1.255,-2.265,24.00,1,214.0,17.6,0.16250,510.3,113.2,0.1847,0.00292,OK
0.4009,0.3904,10.4,0,213.9,17.6,0.1642,218.0,21.0,0.1438,358.4,150.6,0.0000,378.5,212.7,-0.0815,408.2,148.0,0,0.0,0.0,0.0000,-13.51,-16.68,11.00,18.66,1,0.1511,-1.314,-0.059,24.00,1,215.2,18.0,0.16280,518.0,89.3,0.1450,0.00297,OK
0.4088,0.4072,1.6,0,222.0,20.8,0.1696,224.1,23.6,0.1438,363.0,162.5,0.0000,362.8,214.4,-0.1032,393.8,150.1,0,0.0,0.0,0.0000,-14.17,-15.93,11.02,18.66,1,0.1733,-1.167,0.922,25.00,1,222.1,20.7,0.16648,502.3,113.7,0.2437,0.00286,OK
0.4172,0.4158,1.4,0,226.2,21.6,0.1676,227.2,25.0,0.1438,363.1,167.7,0.0000,347.0,220.4,-0.0953,378.9,159.4,0,0.0,0.0,0.0000,-14.44,-15.20,11.51,19.04,1,0.1733,-1.167,0.922,25.00,1,226.3,21.6,0.16776,494.5,-1.6,0.1649,0.00290,OK
0.4245,0.4158,8.7,0,226.2,21.6,0.1676,227.2,25.0,0.1438,363.1,167.7,0.0000,350.7,228.3,-0.0953,383.8,166.6,0,0.0,0.0,0.0000,-13.91,-16.95,11.25,19.19,1,0.1200,-1.069,-0.579,25.00,1,226.6,21.8,0.16772,519.2,72.7,0.1149,0.00294,OK
0.4322,0.4322,0.0,0,235.1,24.2,0.1763,233.2,27.8,0.1438,359.5,175.3,0.0000,335.3,228.1,-0.1301,370.1,165.7,0,0.0,0.0,0.0000,-13.66,-17.99,11.00,20.74,1,0.0844,-0.981,0.088,25.00,1,235.0,24.2,0.17156,561.2,54.9,0.2653,0.00262,OK
0.4406,0.4322,8.4,0,235.1,24.2,0.1763,233.2,27.8,0.1438,359.5,175.3,0.0000,336.7,236.3,-0.1301,372.9,173.6,0,0.0,0.0,0.0000,-14.21,-17.92,10.55,19.95,1,0.1078,-0.088,-0.588,24.00,1,235.2,24.3,0.17115,548.0,82.6,0.1024,0.00266,OK
0.4486,0.4410,7.6,0,239.2,26.2,0.1665,236.3,29.4,0.1438,357.3,179.3,0.0000,330.4,238.1,-0.0909,365.3,180.1,0,0.0,0.0,0.0000,-14.07,-17.37,10.92,18.83,1,0.1078,-0.088,-0.588,24.00,1,239.3,26.1,0.17071,529.8,94.2,0.0993,0.00298,OK
0.4568,0.4522,4.6,0,244.1,27.2,0.1663,240.3,31.5,0.1438,354.6,184.6,0.0000,322.0,243.2,-0.0898,357.8,186.5,0,0.0,0.0,0.0000,-14.48,-17.66,11.25,19.54,1,0.0544,-1.834,-2.363,25.00,1,244.4,27.3,0.17022,486.3,28.1,0.0205,0.00327,OK
0.4641,0.4597,4.4,0,248.8,28.4,0.1683,242.9,32.8,0.1438,352.8,188.1,0.0000,313.6,246.7,-0.0979,350.5,190.6,0,0.0,0.0,0.0000,-14.39,-17.90,11.10,18.08,1,0.0289,0.530,2.716,26.00,1,248.5,28.4,0.16993,543.9,55.5,0.0096,0.00342,OK
0.4730,0.4657,7.3,0,253.4,29.6,0.1717,245.1,34.0,0.1438,351.3,191.0,0.0000,306.5,252.0,-0.1115,345.1,195.9,0,0.0,0.0,0.0000,-13.72,-18.51,10.37,18.57,1,-0.0300,1.138,0.579,25.00,1,252.7,29.6,0.17016,586.8,83.2,-0.0350,0.00340,OK
0.4805,0.4749,5.6,0,257.7,31.2,0.1774,248.3,35.8,0.1438,349.0,195.4,0.0000,298.9,255.0,-0.1343,339.2,198.3,0,0.0,0.0,0.0000,-13.94,-18.86,9.85,19.04,1,-0.1200,0.745,-2.981,25.00,1,257.8,31.2,0.17097,578.4,87.4,-0.1009,0.00313,OK
0.4884,0.4838,4.5,0,261.2,32.9,0.1680,251.4,37.5,0.1438,346.7,199.6,0.0000,294.0,258.1,-0.0965,333.0,205.4,0,0.0,0.0,0.0000,-14.68,-20.54,10.59,18.98,1,-0.1200,0.745,-2.981,24.00,1,261.7,32.9,0.16949,521.1,105.6,-0.1382,0.00330,OK
0.4968,0.4838,13.0,0,261.2,32.9,0.1680,251.4,37.5,0.1438,346.7,199.6,0.0000,300.0,267.0,-0.0965,340.4,213.1,0,0.0,0.0,0.0000,-14.03,-18.78,9.63,19.70,1,-0.1789,-1.353,0.637,25.00,1,264.2,33.9,0.16862,531.2,112.2,-0.1831,0.00333,OK
0.5041,0.5007,3.5,0,271.2,34.9,0.1711,257.2,41.0,0.1438,342.2,207.2,0.0000,285.3,268.0,-0.1091,326.7,215.6,0,0.0,0.0,0.0000,-12.98,-18.48,8.51,18.70,1,-0.2111,-1.167,1.677,25.00,1,271.0,35.0,0.16737,545.0,19.2,-0.1713,0.00314,OK
0.5131,0.5085,4.6,0,274.5,37.3,0.1704,259.9,42.6,0.1438,340.0,210.7,0.0000,271.7,270.6,-0.1065,313.7,220.6,0,0.0,0.0,0.0000,-13.09,-18.68,7.54,17.40,1,-0.2344,5.050,-1.952,25.00,1,274.6,37.1,0.16662,517.2,195.5,-0.2152,0.00303,OK
0.5209,0.5085,12.4,0,274.5,37.3,0.1704,259.9,42.6,0.1438,340.0,210.7,0.0000,277.0,278.7,-0.1065,320.2,227.7,0,0.0,0.0,0.0000,-12.51,-19.39,7.23,17.93,1,-0.2344,5.050,-1.952,24.00,1,276.7,38.2,0.16556,517.8,159.5,-0.2440,0.00319,OK
0.5290,0.5225,6.5,0,279.6,39.1,0.1724,264.6,45.6,0.1438,335.8,217.2,0.0000,266.8,282.0,-0.1143,311.2,232.1,0,0.0,0.0,0.0000,-12.75,-19.12,8.22,18.27,1,-0.2478,0.696,-2.256,25.00,1,280.0,39.2,0.16534,451.8,79.0,-0.2422,0.00284,OK
0.5366,0.5314,5.2,0,283.8,40.9,0.1667,267.6,47.5,0.1438,333.1,221.3,0.0000,258.8,284.8,-0.0914,302.4,237.9,0,0.0,0.0,0.0000,-11.86,-18.87,7.65,17.68,1,-0.2700,-1.275,0.049,25.00,1,283.8,40.8,0.16376,449.8,114.8,-0.2601,0.00270,OK
0.5449,0.5394,5.5,0,287.8,41.5,0.1568,270.2,49.3,0.1438,330.7,224.8,0.0000,252.1,291.9,-0.0518,294.6,248.9,0,0.0,0.0,0.0000,-11.81,-18.32,6.79,16.86,1,-0.2278,1.353,-0.000,26.00,1,287.6,41.7,0.16077,449.8,52.9,-0.2499,0.00300,OK
0.5524,0.5468,5.6,0,291.4,43.9,0.1700,272.7,51.0,0.1438,328.6,227.9,0.0000,246.1,292.9,-0.1047,292.1,247.0,0,0.0,0.0,0.0000,-10.77,-17.24,6.00,17.01,1,-0.2356,0.735,-2.530,25.00,1,291.1,43.7,0.16099,474.5,173.9,-0.2121,0.00265,OK
0.5603,0.5592,1.1,0,295.0,46.3,0.1491,276.7,53.9,0.1438,325.1,233.0,0.0000,240.4,294.5,-0.0210,281.5,255.5,0,0.0,0.0,0.0000,-9.16,-17.32,5.38,16.91,1,-0.2356,0.735,-2.530,24.00,1,295.3,46.3,0.15588,352.2,142.5,-0.3918,0.00291,OK
0.5691,0.5637,5.4,0,299.8,47.4,0.1501,278.2,54.9,0.1438,323.6,235.0,0.0000,231.5,300.6,-0.0250,273.9,262.6,0,0.0,0.0,0.0000,-9.10,-16.91,4.54,16.57,1,-0.2344,2.422,-1.618,24.00,1,298.5,47.4,0.15420,507.8,161.5,-0.2545,0.00315,OK
0.5770,0.5734,3.6,0,303.0,48.9,0.1568,281.3,57.2,0.1438,320.3,239.3,0.0000,227.0,305.0,-0.0521,271.9,265.8,0,0.0,0.0,0.0000,-9.64,-16.57,4.63,16.33,1,-0.1833,3.383,0.235,25.00,1,302.9,49.0,0.15311,463.2,84.2,-0.1606,0.00315,OK
0.5847,0.5804,4.3,0,307.6,50.7,0.1493,283.5,58.9,0.1438,318.1,242.4,0.0000,217.4,308.2,-0.0220,260.8,272.4,0,0.0,0.0,0.0000,-8.95,-16.33,3.57,16.27,1,-0.1844,0.000,3.383,24.00,1,307.0,50.6,0.15130,539.3,157.2,-0.2083,0.00340,OK
0.5929,0.5886,4.3,0,309.9,54.4,0.1528,286.1,60.9,0.1438,315.4,246.1,0.0000,215.0,306.3,-0.0360,259.1,270.0,0,0.0,0.0,0.0000,-8.07,-16.37,3.21,13.96,1,-0.1489,0.677,-2.285,25.00,1,310.2,54.0,0.15048,461.5,338.0,-0.1458,0.00350,OK
0.6005,0.5971,3.4,0,313.7,55.2,0.1529,288.8,63.0,0.1438,312.7,249.6,0.0000,207.7,312.3,-0.0363,252.9,277.1,0,0.0,0.0,0.0000,-5.30,-16.23,2.70,12.15,1,-0.1489,0.677,-2.285,25.00,1,313.5,55.5,0.14991,402.5,89.5,-0.1196,0.00332,OK
0.6085,0.5971,11.4,0,313.7,55.2,0.1529,288.8,63.0,0.1438,312.7,249.6,0.0000,212.1,321.2,-0.0363,258.5,285.1,0,0.0,0.0,0.0000,-3.53,-16.70,2.01,13.40,1,-0.1222,1.697,-3.981,25.00,1,314.7,56.3,0.14961,384.8,195.0,-0.0967,0.00278,OK
0.6167,0.6153,1.4,0,320.8,60.1,0.1370,294.4,67.6,0.1438,306.6,256.7,0.0000,196.5,316.1,0.0272,237.8,286.3,0,0.0,0.0,0.0000,-4.65,-15.51,1.76,13.89,1,-0.0511,1.383,1.814,24.00,1,320.7,60.1,0.14565,436.9,203.0,-0.2335,0.00322,OK
0.6244,0.6222,2.2,0,323.3,61.7,0.1417,296.6,69.4,0.1438,304.0,259.5,0.0000,191.9,319.6,0.0085,235.1,289.3,0,0.0,0.0,0.0000,-4.44,-15.57,0.88,13.89,1,-0.0389,3.158,-1.510,25.00,1,323.3,61.8,0.14484,405.0,176.6,-0.0985,0.00356,OK
0.6320,0.6278,4.2,0,327.2,64.4,0.1478,298.3,70.9,0.1438,302.0,261.8,0.0000,184.2,320.3,-0.0161,229.3,289.7,0,0.0,0.0,0.0000,-4.41,-14.83,-0.58,14.59,1,-0.0389,3.158,-1.510,25.00,1,326.4,64.1,0.14508,510.6,322.3,-0.0498,0.00392,OK
0.6407,0.6360,4.7,0,328.7,67.3,0.1446,300.7,73.0,0.1438,299.1,265.3,0.0000,184.0,321.6,-0.0031,228.4,291.8,0,0.0,0.0,0.0000,-4.69,-14.86,-1.08,14.49,1,-0.0378,3.432,-0.078,24.00,1,329.1,67.2,0.14454,404.9,318.0,-0.0678,0.00435,OK
0.6483,0.6451,3.2,0,331.6,68.4,0.1430,303.4,75.4,0.1438,295.9,268.9,0.0000,178.9,327.4,0.0032,223.7,298.5,0,0.0,0.0,0.0000,-4.05,-15.04,-0.83,13.99,1,-0.0500,1.687,0.343,25.00,1,331.8,68.7,0.14365,332.3,100.5,-0.0859,0.00484,OK
0.6567,0.6523,4.4,0,334.6,70.9,0.1504,305.5,77.4,0.1438,293.6,271.7,0.0000,173.7,329.6,-0.0265,221.1,299.8,0,0.0,0.0,0.0000,-2.84,-14.59,-1.47,13.32,1,-0.0511,-0.196,-0.971,24.00,1,334.4,70.8,0.14447,370.8,238.6,-0.0392,0.00498,OK
0.6643,0.6523,12.0,0,334.6,70.9,0.1504,305.5,77.4,0.1438,293.6,271.7,0.0000,177.1,338.4,-0.0265,225.8,308.1,0,0.0,0.0,0.0000,-1.54,-14.56,-1.85,13.00,1,-0.0511,-0.196,-0.971,25.00,1,335.6,71.9,0.14423,329.4,232.1,-0.0611,0.00508,OK
0.6731,0.6705,2.5,0,339.9,75.3,0.1410,310.8,82.4,0.1438,287.2,278.7,0.0000,165.4,335.4,0.0114,210.9,308.8,0,0.0,0.0,0.0000,-0.64,-13.68,-3.72,12.66,1,-0.0478,1.667,-0.922,24.00,1,339.8,75.3,0.14271,313.0,205.6,-0.0948,0.00552,OK
0.6800,0.6778,2.2,0,341.4,79.2,0.1437,312.9,84.4,0.1438,284.3,281.6,0.0000,164.0,331.7,0.0004,209.8,304.8,0,0.0,0.0,0.0000,-1.01,-12.86,-5.54,12.34,1,0.0000,2.118,0.735,25.00,1,341.5,78.8,0.14264,312.3,450.7,-0.0413,0.00609,OK
0.6890,0.6878,1.1,0,342.5,81.4,0.1421,315.8,87.3,0.1438,280.2,285.5,0.0000,164.6,335.6,0.0068,210.5,308.9,0,0.0,0.0,0.0000,-0.50,-12.61,-5.52,12.69,1,0.0478,1.598,0.265,24.00,1,342.9,81.6,0.14234,171.8,218.8,-0.0270,0.00680,OK
0.6963,0.6950,1.3,0,345.3,82.6,0.1541,317.7,89.4,0.1438,277.4,288.1,0.0000,159.3,340.6,-0.0413,209.7,312.1,0,0.0,0.0,0.0000,0.34,-10.25,-4.51,13.04,1,0.0478,1.598,0.265,24.00,1,344.9,82.8,0.14530,276.4,129.6,0.2060,0.00678,OK
0.7041,0.6950,9.1,0,345.3,82.6,0.1541,317.7,89.4,0.1438,277.4,288.1,0.0000,162.2,349.9,-0.0413,214.0,320.9,0,0.0,0.0,0.0000,1.32,-12.76,-3.06,12.12,1,0.0467,0.785,-2.059,24.00,1,345.0,83.2,0.14503,231.9,223.3,0.0542,0.00651,OK
0.7121,0.7119,0.2,0,348.1,88.0,0.1480,322.4,94.3,0.1438,271.0,294.0,0.0000,156.5,343.3,-0.0167,205.4,316.5,0,0.0,0.0,0.0000,1.72,-12.39,-2.85,11.53,1,0.1144,-0.098,-0.647,25.00,1,348.1,88.0,0.14703,235.9,292.9,0.1459,0.00622,OK
0.7200,0.7199,0.1,0,349.9,90.4,0.1501,324.5,96.6,0.1438,268.1,296.8,0.0000,154.0,346.0,-0.0251,204.0,319.1,0,0.0,0.0,0.0000,1.24,-11.70,-3.77,11.36,1,0.1956,1.912,0.981,25.00,1,349.8,90.4,0.14886,254.7,264.6,0.2006,0.00659,OK
0.7284,0.7199,8.5,0,349.9,90.4,0.1501,324.5,96.6,0.1438,268.1,296.8,0.0000,157.0,356.2,-0.0251,208.5,328.7,0,0.0,0.0,0.0000,1.46,-11.45,-4.40,11.64,1,0.2233,3.079,0.579,25.00,1,349.9,90.5,0.14890,230.4,276.0,0.1881,0.00709,OK
0.7369,0.7296,7.3,0,351.3,94.1,0.1486,327.1,99.5,0.1438,264.1,300.4,0.0000,155.9,355.2,-0.0191,206.8,328.2,0,0.0,0.0,0.0000,1.34,-11.45,-4.23,11.50,1,0.2233,3.079,0.579,25.00,1,351.4,93.9,0.15020,224.6,308.4,0.1860,0.00766,OK
0.7445,0.7393,5.2,0,353.1,95.4,0.1552,329.6,102.4,0.1438,260.1,303.9,0.0000,153.2,360.4,-0.0454,207.1,332.4,0,0.0,0.0,0.0000,2.69,-11.08,-3.55,11.69,1,0.2211,0.343,-0.618,25.00,1,353.1,95.8,0.15283,189.3,202.0,0.2326,0.00737,OK
0.7526,0.7454,7.3,0,354.7,98.2,0.1518,331.2,104.3,0.1438,257.5,306.1,0.0000,151.3,361.8,-0.0318,204.3,334.7,0,0.0,0.0,0.0000,2.25,-6.56,-3.35,10.84,1,0.2578,-0.226,-1.628,25.00,1,354.3,97.8,0.15386,173.6,208.2,0.2511,0.00742,OK
0.7610,0.7454,15.6,0,354.7,98.2,0.1518,331.2,104.3,0.1438,257.5,306.1,0.0000,153.9,371.9,-0.0318,208.3,344.3,0,0.0,0.0,0.0000,1.88,-6.70,-3.64,10.58,1,0.2911,2.354,-0.098,25.00,1,355.4,99.6,0.15586,173.6,210.0,0.2748,0.00757,OK
0.7688,0.7666,2.2,0,355.4,101.0,0.1544,336.6,110.9,0.1438,248.8,313.1,0.0000,153.9,372.9,-0.0425,209.4,344.8,0,0.0,0.0,0.0000,1.93,-9.31,-4.12,10.89,1,0.2167,2.324,1.206,25.00,1,355.7,101.2,0.15773,85.8,152.0,0.1461,0.00795,OK
0.7761,0.7666,9.6,0,355.4,101.0,0.1544,336.6,110.9,0.1438,248.8,313.1,0.0000,155.8,381.9,-0.0425,212.7,353.4,0,0.0,0.0,0.0000,1.88,-10.14,-4.04,10.79,1,0.2167,2.324,1.206,24.00,1,355.8,101.5,0.15811,131.2,203.1,0.1956,0.00818,OK
0.7842,0.7666,17.6,0,355.4,101.0,0.1544,336.6,110.9,0.1438,248.8,313.1,0.0000,157.9,391.7,-0.0425,216.3,362.8,0,0.0,0.0,0.0000,2.69,-9.99,-3.58,10.51,1,0.1322,-0.500,0.853,24.00,1,356.6,103.3,0.15945,115.4,203.5,0.1373,0.00796,OK
0.7925,0.7666,25.9,0,355.4,101.0,0.1544,336.6,110.9,0.1438,248.8,313.1,0.0000,160.0,401.8,-0.0425,219.9,372.4,0,0.0,0.0,0.0000,2.75,-10.76,-4.04,10.18,1,0.1744,-1.549,0.382,25.00,1,357.2,105.2,0.16071,118.4,223.0,0.1677,0.00794,OK
0.8008,0.7666,34.2,0,355.4,101.0,0.1544,336.6,110.9,0.1438,248.8,313.1,0.0000,162.4,412.0,-0.0425,223.8,382.1,0,0.0,0.0,0.0000,3.49,-10.47,-4.32,9.93,1,0.2578,0.696,-1.138,25.00,1,357.8,107.2,0.16245,105.5,234.7,0.2490,0.00795,OK
0.8087,0.7666,42.1,0,355.4,101.0,0.1544,336.6,110.9,0.1438,248.8,313.1,0.0000,164.3,421.7,-0.0425,227.2,391.4,0,0.0,0.0,0.0000,3.75,-10.52,-4.46,9.85,1,0.2578,0.696,-1.138,26.00,1,358.3,109.2,0.16442,101.8,243.4,0.2508,0.00793,OK
0.8164,0.7666,49.8,0,355.4,101.0,0.1544,336.6,110.9,0.1438,248.8,313.1,0.0000,165.8,431.1,-0.0425,230.2,400.5,0,0.0,0.0,0.0000,2.95,-10.25,-4.07,9.83,1,0.3311,2.256,-0.451,25.00,1,358.9,111.2,0.16659,114.3,235.6,0.3092,0.00813,OK
0.8252,0.7666,58.6,0,355.4,101.0,0.1544,336.6,110.9,0.1438,248.8,313.1,0.0000,167.4,442.0,-0.0425,233.4,411.0,0,0.0,0.0,0.0000,2.74,-9.60,-4.14,10.21,1,0.3500,1.853,1.491,24.00,1,359.5,113.4,0.16938,116.4,237.1,0.3247,0.00836,OK
0.8330,0.7666,66.4,0,355.4,101.0,0.1544,336.6,110.9,0.1438,248.8,313.1,0.0000,168.8,451.8,-0.0425,236.3,420.4,0,0.0,0.0,0.0000,4.17,-10.14,-3.82,10.60,1,0.3322,-0.902,-0.834,24.00,1,360.0,115.5,0.17197,107.6,255.4,0.3376,0.00819,OK
0.8408,0.7666,74.2,0,355.4,101.0,0.1544,336.6,110.9,0.1438,248.8,313.1,0.0000,170.2,461.6,-0.0425,239.2,429.9,0,0.0,0.0,0.0000,4.96,-9.92,-4.55,10.52,1,0.3200,-0.902,-1.461,25.00,1,360.4,117.7,0.17454,92.2,272.3,0.3266,0.00801,OK
0.8497,0.8494,0.3,0,365.4,129.1,0.1760,355.7,137.9,0.1438,213.1,338.6,0.0000,163.9,445.1,-0.1287,239.3,409.5,0,0.0,0.0,0.0000,4.00,-10.67,-4.77,10.08,1,0.3200,-0.902,-1.461,25.00,1,365.3,129.0,0.17808,182.3,369.5,0.2501,0.00830,OK
0.8566,0.8553,1.3,0,366.6,131.9,0.1874,357.0,139.9,0.1438,210.3,340.3,0.0000,158.4,432.4,-0.1743,236.2,395.4,0,0.0,0.0,0.0000,3.61,-10.16,-4.92,10.13,1,0.2911,0.304,-0.020,24.00,1,366.4,131.6,0.18199,220.5,386.4,0.3330,0.00793,OK
0.8644,0.8553,9.1,0,366.6,131.9,0.1874,357.0,139.9,0.1438,210.3,340.3,0.0000,151.1,418.6,-0.1743,226.5,383.1,0,0.0,0.0,0.0000,3.63,-10.71,-5.66,10.39,1,0.2333,1.765,0.834,24.00,1,366.4,132.0,0.18199,184.6,373.2,0.2180,0.00800,OK
0.8725,0.8652,7.3,0,366.9,134.8,0.1829,359.1,143.3,0.1438,205.6,343.1,0.0000,143.2,404.3,-0.1563,214.4,371.5,0,0.0,0.0,0.0000,3.86,-11.44,-5.70,10.46,1,0.1611,-0.510,-0.343,24.00,1,367.1,135.1,0.18342,158.9,359.0,0.1516,0.00805,OK
0.8805,0.8728,7.7,0,367.9,137.5,0.1833,360.6,145.9,0.1438,202.0,345.1,0.0000,138.3,401.6,-0.1580,209.2,369.7,0,0.0,0.0,0.0000,4.27,-12.02,-5.62,10.69,1,0.1611,-0.510,-0.343,25.00,1,367.8,137.7,0.18430,158.4,352.4,0.1571,0.00803,OK
0.8886,0.8808,7.7,0,367.4,140.3,0.1960,362.2,148.7,0.1438,198.2,347.3,0.0000,140.4,403.1,-0.2086,216.2,368.0,0,0.0,0.0,0.0000,3.96,-11.06,-5.39,10.95,1,0.1033,-3.197,-2.765,25.00,1,367.8,140.5,0.18764,119.9,336.8,0.1104,0.00749,OK
0.8966,0.8894,7.3,0,368.1,142.1,0.1815,363.9,151.7,0.1438,194.5,349.4,0.0000,138.8,407.7,-0.1507,210.1,376.0,0,0.0,0.0,0.0000,3.95,-11.99,-5.62,10.17,1,0.1133,-1.461,1.500,24.00,1,368.2,142.6,0.18720,107.5,304.1,0.1057,0.00767,OK
0.9050,0.8973,7.7,0,368.4,146.3,0.1917,365.4,154.4,0.1438,191.0,351.4,0.0000,138.7,405.9,-0.1914,213.5,372.0,0,0.0,0.0,0.0000,3.63,-12.00,-6.32,10.41,1,0.1000,2.432,0.785,24.00,1,368.5,145.9,0.18864,112.0,344.9,0.0842,0.00770,OK
0.9121,0.9065,5.6,0,370.4,148.9,0.1827,367.1,157.7,0.1438,186.5,353.7,0.0000,133.5,406.7,-0.1557,205.2,375.7,0,0.0,0.0,0.0000,2.66,-13.61,-6.15,10.59,1,0.0111,0.304,-1.863,25.00,1,369.9,149.0,0.18769,181.6,330.8,-0.0294,0.00821,OK
0.9205,0.9148,5.6,0,371.4,151.7,0.1916,368.7,160.6,0.1438,182.4,355.7,0.0000,131.0,409.1,-0.1910,206.5,376.6,0,0.0,0.0,0.0000,2.08,-12.93,-5.86,11.20,1,0.0111,0.304,-1.863,25.00,1,371.2,151.8,0.18826,199.2,313.1,-0.0067,0.00844,OK
0.9285,0.9233,5.2,0,371.9,154.3,0.1990,370.2,163.6,0.1438,178.3,357.8,0.0000,129.8,411.2,-0.2206,208.6,377.4,0,0.0,0.0,0.0000,1.85,-13.18,-5.49,10.96,1,-0.0467,-3.462,1.746,25.00,1,372.0,154.5,0.18983,176.9,301.2,-0.0338,0.00832,OK
0.9363,0.9311,5.2,0,373.1,156.7,0.1872,371.6,166.4,0.1438,174.6,359.7,0.0000,126.1,413.8,-0.1735,200.9,383.2,0,0.0,0.0,0.0000,2.34,-14.15,-5.50,10.81,1,-0.1000,-2.138,-0.235,25.00,1,373.0,156.9,0.18876,179.0,300.5,-0.1124,0.00836,OK
0.9446,0.9400,4.6,0,373.4,160.5,0.2038,373.1,169.7,0.1438,170.6,361.9,0.0000,125.1,412.7,-0.2401,206.0,378.9,0,0.0,0.0,0.0000,2.28,-14.64,-6.21,10.60,1,-0.1500,3.442,-3.893,25.00,1,373.7,160.3,0.18964,156.7,341.9,-0.1120,0.00815,OK
0.9523,0.9488,3.6,0,375.2,163.4,0.1834,374.6,172.8,0.1438,166.5,363.9,0.0000,119.6,413.7,-0.1583,193.0,385.0,0,0.0,0.0,0.0000,2.17,-13.65,-5.93,10.17,1,-0.1500,3.442,-3.893,25.00,1,374.9,163.4,0.18742,184.8,321.6,-0.1924,0.00840,OK
0.9610,0.9568,4.2,0,375.5,167.3,0.2010,375.9,175.8,0.1438,162.6,365.6,0.0000,118.4,413.2,-0.2286,198.5,381.2,0,0.0,0.0,0.0000,0.61,-14.06,-5.41,11.26,1,-0.2222,0.755,1.902,24.00,1,375.7,166.8,0.18766,192.9,364.1,-0.1867,0.00838,OK
0.9683,0.9568,11.4,0,375.5,167.3,0.2010,375.9,175.8,0.1438,162.6,365.6,0.0000,118.2,422.3,-0.2286,200.1,390.2,0,0.0,0.0,0.0000,1.58,-14.29,-5.34,12.60,1,-0.2944,-2.618,2.157,25.00,1,376.1,168.2,0.18672,190.4,371.6,-0.2756,0.00781,OK
0.9771,0.9568,20.3,0,375.5,167.3,0.2010,375.9,175.8,0.1438,162.6,365.6,0.0000,118.1,433.4,-0.2286,202.2,401.1,0,0.0,0.0,0.0000,1.62,-14.14,-5.89,11.56,1,-0.3256,-1.883,-2.707,24.00,1,377.1,171.7,0.18411,177.8,367.1,-0.3197,0.00750,OK
0.9847,0.9833,1.4,0,378.5,175.5,0.1874,380.0,185.5,0.1438,149.0,370.9,0.0000,110.0,420.5,-0.1742,186.4,392.6,0,0.0,0.0,0.0000,1.55,-14.34,-5.71,10.70,1,-0.2967,-0.216,2.108,25.00,1,378.5,175.7,0.18146,155.8,290.9,-0.2195,0.00717,OK
0.9925,0.9903,2.2,0,379.6,179.6,0.1895,381.1,188.1,0.1438,145.5,372.4,0.0000,104.7,415.4,-0.1826,181.1,388.2,0,0.0,0.0,0.0000,1.71,-14.67,-6.05,10.99,1,-0.2967,-0.216,2.108,25.00,1,379.5,179.1,0.18116,197.6,404.8,-0.2146,0.00685,OK
1.0011,0.9979,3.3,0,381.0,182.4,0.1734,382.2,191.0,0.1438,141.9,373.8,0.0000,99.6,417.8,-0.1182,170.1,394.3,0,0.0,0.0,0.0000,1.44,-14.88,-6.04,11.14,1,-0.3111,0.343,-0.265,25.00,1,380.7,182.3,0.17773,219.0,375.2,-0.3470,0.00697,OK
1.0092,0.9979,11.3,0,381.0,182.4,0.1734,382.2,191.0,0.1438,141.9,373.8,0.0000,98.5,427.8,-0.1182,170.8,404.3,0,0.0,0.0,0.0000,1.19,-15.23,-6.19,11.29,1,-0.3256,0.902,-1.030,25.00,1,381.2,183.6,0.17662,208.0,372.3,-0.3376,0.00708,OK
1.0168,1.0165,0.3,0,382.3,189.1,0.1657,384.7,198.0,0.1438,133.0,377.3,0.0000,93.5,417.2,-0.0875,161.0,396.0,0,0.0,0.0,0.0000,0.90,-14.71,-5.93,12.03,1,-0.3122,-1.569,-0.127,25.00,1,382.5,189.2,0.17027,149.6,346.2,-0.4038,0.00730,OK
1.0245,1.0243,0.2,0,383.6,192.0,0.1788,385.8,200.9,0.1438,129.1,378.7,0.0000,88.9,418.3,-0.1399,161.9,395.8,0,0.0,0.0,0.0000,1.22,-15.55,-5.97,13.31,1,-0.3211,-2.305,0.530,24.00,1,383.6,192.1,0.17039,191.1,346.3,-0.1683,0.00686,OK
1.0325,1.0324,0.1,0,384.5,195.7,0.1653,386.8,204.0,0.1438,124.7,380.0,0.0000,85.4,417.3,-0.0858,152.9,397.5,0,0.0,0.0,0.0000,1.53,-14.63,-5.73,12.47,1,-0.3211,-2.305,0.530,25.00,1,384.5,195.5,0.16697,180.2,388.9,-0.3415,0.00660,OK
1.0408,1.0324,8.4,0,384.5,195.7,0.1653,386.8,204.0,0.1438,124.7,380.0,0.0000,84.3,427.6,-0.0858,153.5,407.9,0,0.0,0.0,0.0000,1.02,-15.04,-5.95,11.34,1,-0.2933,0.863,0.745,25.00,1,384.5,195.6,0.16696,178.2,356.6,-0.3093,0.00677,OK
1.0484,1.0412,7.2,0,387.4,197.5,0.1551,387.9,207.3,0.1438,120.1,381.4,0.0000,74.0,431.7,-0.0450,139.8,415.1,0,0.0,0.0,0.0000,1.13,-15.21,-6.21,11.55,1,-0.2811,2.736,-0.618,25.00,1,386.7,198.0,0.16291,230.2,314.8,-0.3028,0.00721,OK
1.0567,1.0497,7.0,0,388.0,202.1,0.1514,388.9,210.6,0.1438,115.7,382.8,0.0000,70.5,427.9,-0.0302,134.3,412.4,0,0.0,0.0,0.0000,1.16,-15.68,-6.00,12.32,1,-0.2567,-1.324,-2.040,24.00,1,388.1,201.7,0.15910,235.9,364.4,-0.2717,0.00749,OK
1.0645,1.0581,6.4,0,388.9,204.4,0.1566,389.8,213.8,0.1438,111.4,384.1,0.0000,66.3,430.8,-0.0511,132.6,415.1,0,0.0,0.0,0.0000,1.16,-14.47,-5.42,12.62,1,-0.2567,-1.324,-2.040,25.00,1,389.1,204.6,0.15685,203.7,334.6,-0.2579,0.00738,OK
1.0727,1.0664,6.3,0,389.2,208.4,0.1576,390.7,217.0,0.1438,107.4,385.4,0.0000,63.6,428.8,-0.0553,130.1,413.5,0,0.0,0.0,0.0000,1.86,-14.42,-5.41,12.24,1,-0.1822,-0.941,1.785,25.00,1,389.6,208.1,0.15553,161.3,370.4,-0.1779,0.00716,OK
1.0805,1.0750,5.5,0,390.8,211.0,0.1516,391.6,220.3,0.1438,103.2,386.6,0.0000,57.1,430.6,-0.0312,121.5,417.1,0,0.0,0.0,0.0000,2.40,-14.49,-5.91,12.07,1,-0.1222,-0.363,1.226,25.00,1,390.7,211.2,0.15393,165.4,359.1,-0.1301,0.00716,OK
1.0880,1.0844,3.6,0,392.3,215.7,0.1539,392.6,223.9,0.1438,98.2,387.7,0.0000,51.0,425.9,-0.0403,115.7,413.1,0,0.0,0.0,0.0000,3.03,-14.57,-6.66,12.47,1,-0.0944,-1.059,-2.971,25.00,1,392.1,215.4,0.15310,196.4,410.9,-0.0957,0.00711,OK
1.0970,1.0917,5.3,0,394.1,217.5,0.1487,393.3,226.8,0.1438,94.3,388.6,0.0000,43.3,431.6,-0.0196,106.8,420.4,0,0.0,0.0,0.0000,3.09,-15.47,-5.95,12.18,1,0.0022,2.540,0.294,25.00,1,393.7,217.9,0.15236,221.4,353.4,-0.0134,0.00720,OK
1.1044,1.1000,4.4,0,394.8,222.0,0.1499,394.0,230.0,0.1438,89.7,389.5,0.0000,39.5,427.0,-0.0245,102.8,416.3,0,0.0,0.0,0.0000,2.98,-15.16,-5.92,12.24,1,0.0022,2.540,0.294,25.00,1,394.8,221.7,0.15194,207.8,402.1,-0.0133,0.00726,OK
1.1129,1.1086,4.3,0,395.8,225.1,0.1610,394.8,233.4,0.1438,85.2,390.6,0.0000,33.9,428.2,-0.0686,102.1,417.2,0,0.0,0.0,0.0000,3.17,-13.57,-5.62,12.88,1,0.0556,0.755,1.834,25.00,1,395.9,225.1,0.15375,188.1,378.4,0.0859,0.00695,OK
1.1203,1.1170,3.2,0,396.7,228.4,0.1593,395.5,236.7,0.1438,81.1,391.7,0.0000,29.1,427.4,-0.0620,96.5,417.4,0,0.0,0.0,0.0000,3.84,-14.73,-6.07,13.20,1,0.0711,-1.785,-1.010,25.00,1,396.8,228.5,0.15516,175.0,388.7,0.1019,0.00669,OK
1.1284,1.1170,11.4,0,396.7,228.4,0.1593,395.5,236.7,0.1438,81.1,391.7,0.0000,26.6,437.4,-0.0620,95.6,427.7,0,0.0,0.0,0.0000,4.10,-15.21,-6.20,10.62,1,0.1256,0.569,-1.167,25.00,1,397.1,229.8,0.15553,153.2,372.3,0.1106,0.00683,OK
1.1365,1.1311,5.4,0,398.2,231.3,0.1690,396.6,242.2,0.1438,74.0,393.2,0.0000,19.7,438.5,-0.1008,93.2,428.9,0,0.0,0.0,0.0000,3.63,-14.05,-6.40,9.60,1,0.1256,0.569,-1.167,24.00,1,398.1,231.9,0.15865,131.8,259.0,0.1167,0.00695,OK
1.1451,1.1437,1.4,0,399.4,236.0,0.1587,397.5,247.1,0.1438,67.3,394.3,0.0000,13.3,434.7,-0.0596,81.9,427.1,0,0.0,0.0,0.0000,3.98,-14.04,-6.01,12.19,1,0.1978,1.098,0.147,24.00,1,399.4,236.0,0.16047,154.8,310.3,0.1665,0.00704,OK
1.1529,1.1504,2.5,0,401.1,238.1,0.1568,397.9,249.8,0.1438,63.7,394.8,0.0000,5.6,437.4,-0.0519,73.9,431.2,0,0.0,0.0,0.0000,4.17,-14.11,-5.88,12.40,1,0.2700,0.000,0.137,24.00,1,400.7,238.2,0.16144,213.2,303.1,0.2183,0.00723,OK
1.1606,1.1564,4.2,0,401.6,242.5,0.1562,398.3,252.1,0.1438,60.4,395.3,0.0000,1.3,433.6,-0.0497,68.8,428.1,0,0.0,0.0,0.0000,4.86,-13.65,-6.46,12.58,1,0.2956,0.637,0.078,25.00,1,401.5,241.5,0.16218,195.5,423.8,0.2605,0.00742,OK
1.1688,1.1634,5.4,0,402.5,246.4,0.1666,398.7,254.9,0.1438,56.6,395.8,0.0000,-4.4,431.9,-0.0911,67.3,426.7,0,0.0,0.0,0.0000,4.21,-13.62,-6.97,12.22,1,0.2956,0.637,0.078,25.00,1,402.4,245.5,0.16444,202.9,450.9,0.2767,0.00764,OK
1.1763,1.1634,12.9,0,402.5,246.4,0.1666,398.7,254.9,0.1438,56.6,395.8,0.0000,-7.2,441.0,-0.0911,66.0,436.0,0,0.0,0.0,0.0000,4.92,-13.36,-6.21,13.14,1,0.3067,1.412,0.686,24.00,1,403.0,247.8,0.16589,194.0,438.9,0.3009,0.00760,OK
1.1841,1.1765,7.6,0,402.5,249.5,0.1602,399.4,260.1,0.1438,49.8,396.8,0.0000,-10.1,440.7,-0.0657,60.3,436.7,0,0.0,0.0,0.0000,5.71,-13.07,-6.54,12.68,1,0.3400,-1.118,-0.677,24.00,1,402.9,250.1,0.16720,118.8,387.0,0.3341,0.00774,OK
1.1925,1.1765,16.0,0,402.5,249.5,0.1602,399.4,260.1,0.1438,49.8,396.8,0.0000,-13.5,450.7,-0.0657,58.6,447.1,0,0.0,0.0,0.0000,5.77,-12.70,-6.37,12.33,1,0.3478,-0.941,0.382,24.00,1,403.3,253.3,0.16992,114.1,380.9,0.3454,0.00765,OK
1.2008,1.1765,24.3,0,402.5,249.5,0.1602,399.4,260.1,0.1438,49.8,396.8,0.0000,-16.9,460.5,-0.0657,56.8,457.3,0,0.0,0.0,0.0000,6.43,-12.13,-6.68,12.15,1,0.3744,2.069,0.029,25.00,1,403.6,256.6,0.17292,99.4,384.9,0.3743,0.00753,OK
1.2081,1.1765,31.6,0,402.5,249.5,0.1602,399.4,260.1,0.1438,49.8,396.8,0.0000,-20.1,469.1,-0.0657,55.0,466.3,0,0.0,0.0,0.0000,6.03,-12.46,-7.79,12.04,1,0.3744,2.069,0.029,25.00,1,403.8,259.5,0.17558,99.5,399.0,0.3588,0.00766,OK
1.2168,1.1765,40.3,0,402.5,249.5,0.1602,399.4,260.1,0.1438,49.8,396.8,0.0000,-24.1,479.4,-0.0657,52.7,477.1,0,0.0,0.0,0.0000,6.25,-12.87,-8.51,11.86,1,0.3578,2.206,-0.647,25.00,1,404.0,263.2,0.17863,94.5,412.7,0.3383,0.00785,OK
1.2241,1.1765,47.6,0,402.5,249.5,0.1602,399.4,260.1,0.1438,49.8,396.8,0.0000,-27.5,487.9,-0.0657,50.7,486.0,0,0.0,0.0,0.0000,5.79,-12.75,-8.54,12.06,1,0.3322,0.235,0.147,24.00,1,404.2,266.3,0.18098,101.7,409.7,0.3106,0.00806,OK
1.2329,1.1765,56.4,0,402.5,249.5,0.1602,399.4,260.1,0.1438,49.8,396.8,0.0000,-31.5,498.1,-0.0657,48.4,496.8,0,0.0,0.0,0.0000,6.40,-12.63,-7.70,12.37,1,0.3056,-1.677,-0.549,25.00,1,404.4,270.0,0.18367,98.9,410.5,0.3007,0.00801,OK
1.2406,1.1765,64.1,0,402.5,249.5,0.1602,399.4,260.1,0.1438,49.8,396.8,0.0000,-34.6,498.8,-0.0657,45.5,497.9,0,0.0,0.0,0.0000,6.80,-9.70,-7.98,11.72,1,0.3056,-1.677,-0.549,25.00,1,404.4,273.0,0.18603,59.2,375.8,0.3095,0.00783,OK
1.2486,1.1765,72.1,0,402.5,249.5,0.1602,399.4,260.1,0.1438,49.8,396.8,0.0000,-37.5,498.6,-0.0657,42.6,498.2,0,0.0,0.0,0.0000,6.26,-8.84,-8.24,11.73,1,0.3367,1.020,1.559,26.00,1,404.3,276.0,0.18860,54.6,360.2,0.3328,0.00777,OK
1.2570,1.1765,80.5,0,402.5,249.5,0.1602,399.4,260.1,0.1438,49.8,396.8,0.0000,-40.7,498.3,-0.0657,39.4,498.4,0,0.0,0.0,0.0000,6.41,-13.95,-8.32,11.27,1,0.2978,3.844,-0.177,25.00,1,404.3,279.4,0.19115,93.3,421.0,0.2792,0.00793,OK
1.2648,1.1765,88.3,0,402.5,249.5,0.1602,399.4,260.1,0.1438,49.8,396.8,0.0000,-43.6,498.1,-0.0657,36.4,498.7,0,0.0,0.0,0.0000,7.42,-15.62,-8.82,11.29,1,0.2322,0.745,-0.275,24.00,1,404.4,282.9,0.19310,87.1,450.2,0.2205,0.00799,OK
1.2726,1.1765,96.1,0,402.5,249.5,0.1602,399.4,260.1,0.1438,49.8,396.8,0.0000,-46.8,497.8,-0.0657,33.3,498.9,0,0.0,0.0,0.0000,6.93,-13.42,-8.28,10.95,1,0.1744,-2.305,-1.510,24.00,1,404.3,286.3,0.19462,80.1,419.6,0.1700,0.00795,OK
1.2812,1.1765,104.7,0,402.5,249.5,0.1602,399.4,260.1,0.1438,49.8,396.8,0.0000,-50.3,497.5,-0.0657,29.7,499.1,0,0.0,0.0,0.0000,8.10,-12.89,-7.92,10.79,1,0.1744,-2.305,-1.510,25.00,1,404.2,290.0,0.19617,67.1,417.7,0.1834,0.00769,OK
1.2886,1.2861,2.5,0,411.0,287.7,0.1976,401.7,303.9,0.1438,-8.4,399.8,0.0000,-58.9,485.4,-0.2153,37.6,487.5,0,0.0,0.0,0.0000,7.18,-12.52,-4.96,9.97,1,0.1678,2.667,0.677,26.00,1,411.0,287.8,0.19826,144.3,262.9,0.1834,0.00740,OK
1.2969,1.2861,10.8,0,411.0,287.7,0.1976,401.7,303.9,0.1438,-8.4,399.8,0.0000,-71.2,474.2,-0.2153,23.3,478.9,0,0.0,0.0,0.0000,6.86,-12.48,-7.83,10.04,1,0.1011,1.942,3.756,25.00,1,411.1,288.7,0.19849,113.1,324.6,0.0993,0.00732,OK
1.3044,1.2861,18.3,0,411.0,287.7,0.1976,401.7,303.9,0.1438,-8.4,399.8,0.0000,-85.0,468.7,-0.2153,8.7,476.2,0,0.0,0.0,0.0000,8.12,-12.48,-9.21,9.22,1,0.0111,-0.559,-1.981,25.00,1,411.3,291.3,0.19890,79.5,350.1,0.0094,0.00724,OK
1.3121,1.2861,26.0,0,411.0,287.7,0.1976,401.7,303.9,0.1438,-8.4,399.8,0.0000,-99.1,473.4,-0.2153,-4.2,483.6,0,0.0,0.0,0.0000,8.80,-14.15,-7.72,9.85,1,0.0111,-0.559,-1.981,24.00,1,411.5,294.1,0.19900,101.6,354.0,0.0140,0.00707,OK
1.3207,1.2861,34.6,0,411.0,287.7,0.1976,401.7,303.9,0.1438,-8.4,399.8,0.0000,-104.1,483.0,-0.2153,-7.2,494.0,0,0.0,0.0,0.0000,9.14,-14.54,-9.87,8.89,1,0.0356,1.442,-3.079,25.00,1,411.5,297.4,0.19919,63.7,387.0,0.0290,0.00706,OK
1.3289,1.2861,42.8,0,411.0,287.7,0.1976,401.7,303.9,0.1438,-8.4,399.8,0.0000,-108.3,488.1,-0.2153,-10.4,499.9,0,0.0,0.0,0.0000,8.07,-13.81,-10.09,9.28,1,0.0589,2.746,2.883,25.00,1,411.4,300.6,0.19951,71.6,386.2,0.0490,0.00711,OK
1.3362,1.2861,50.1,0,411.0,287.7,0.1976,401.7,303.9,0.1438,-8.4,399.8,0.0000,-111.1,487.5,-0.2153,-13.2,499.8,0,0.0,0.0,0.0000,7.98,-14.03,-10.45,9.43,1,0.0300,-0.677,-0.108,25.00,1,411.4,303.5,0.19975,71.3,397.3,0.0196,0.00716,OK
1.3445,1.2861,58.4,0,411.0,287.7,0.1976,401.7,303.9,0.1438,-8.4,399.8,0.0000,-114.2,486.8,-0.2153,-16.4,499.7,0,0.0,0.0,0.0000,9.46,-13.70,-10.67,9.16,1,0.0289,0.382,-1.118,25.00,1,411.2,306.9,0.19993,47.8,413.5,0.0233,0.00714,OK
1.3521,1.2861,66.0,0,411.0,287.7,0.1976,401.7,303.9,0.1438,-8.4,399.8,0.0000,-117.1,486.1,-0.2153,-19.3,499.6,0,0.0,0.0,0.0000,8.96,-12.71,-11.63,8.33,1,0.0289,0.382,-1.118,24.00,1,410.8,310.0,0.20007,28.4,405.0,0.0167,0.00722,OK
1.3610,1.2861,74.9,0,411.0,287.7,0.1976,401.7,303.9,0.1438,-8.4,399.8,0.0000,-119.9,485.4,-0.2153,-22.3,499.5,0,0.0,0.0,0.0000,8.93,-12.43,-11.31,7.84,1,0.0367,2.334,-1.236,24.00,1,410.3,313.5,0.20023,20.2,396.2,0.0231,0.00732,OK
1.3685,1.2861,82.4,0,411.0,287.7,0.1976,401.7,303.9,0.1438,-8.4,399.8,0.0000,-122.4,484.8,-0.2153,-24.8,499.4,0,0.0,0.0,0.0000,8.92,-11.35,-10.65,7.64,1,0.0333,-0.029,3.324,25.00,1,409.9,316.4,0.20041,15.8,381.4,0.0247,0.00734,OK
1.3761,1.2861,90.0,0,411.0,287.7,0.1976,401.7,303.9,0.1438,-8.4,399.8,0.0000,-124.9,484.2,-0.2153,-27.4,499.3,0,0.0,0.0,0.0000,9.92,-11.31,-11.20,7.99,1,0.0000,-0.363,0.628,25.00,1,409.3,319.4,0.20050,5.6,405.2,-0.0022,0.00726,OK
1.3847,1.2861,98.6,0,411.0,287.7,0.1976,401.7,303.9,0.1438,-8.4,399.8,0.0000,-127.8,483.4,-0.2153,-30.4,499.1,0,0.0,0.0,0.0000,10.80,-12.97,-12.04,7.52,1,0.0000,-0.363,0.628,25.00,1,408.6,323.0,0.20044,-10.5,433.1,-0.0101,0.00731,OK
1.3929,1.3883,4.5,0,410.9,326.3,0.1969,398.0,344.6,0.1438,-63.0,394.8,0.0000,-136.2,469.3,-0.2122,-41.8,486.9,0,0.0,0.0,0.0000,10.33,-14.67,-12.92,7.57,1,-0.0256,1.765,-2.913,24.00,1,410.9,326.3,0.19874,21.2,428.2,-0.0500,0.00766,OK
1.4000,1.3883,11.7,0,410.9,326.3,0.1969,398.0,344.6,0.1438,-63.0,394.8,0.0000,-146.9,459.9,-0.2122,-54.1,479.8,0,0.0,0.0,0.0000,10.29,-13.43,-12.01,7.17,1,-0.0167,2.373,-1.059,24.00,1,410.6,327.9,0.19861,14.3,409.3,-0.0300,0.00776,OK
1.4084,1.3883,20.1,0,410.9,326.3,0.1969,398.0,344.6,0.1438,-63.0,394.8,0.0000,-162.6,460.1,-0.2122,-69.5,483.0,0,0.0,0.0,0.0000,9.14,-12.03,-11.41,7.46,1,-0.0089,-0.490,0.618,24.00,1,410.1,331.2,0.19839,26.0,389.8,-0.0206,0.00782,OK
1.4166,1.3883,28.2,0,410.9,326.3,0.1969,398.0,344.6,0.1438,-63.0,394.8,0.0000,-168.6,468.4,-0.2122,-73.7,492.3,0,0.0,0.0,0.0000,9.35,-11.49,-11.82,7.72,1,-0.0089,-0.490,0.618,25.00,1,409.7,334.4,0.19823,19.6,399.4,-0.0181,0.00784,OK
1.4252,1.3883,36.9,0,410.9,326.3,0.1969,398.0,344.6,0.1438,-63.0,394.8,0.0000,-172.1,469.5,-0.2122,-76.9,494.1,0,0.0,0.0,0.0000,9.96,-11.39,-13.21,7.34,1,-0.0200,-0.755,0.971,25.00,1,409.0,337.9,0.19800,-3.7,418.5,-0.0317,0.00791,OK
1.4327,1.3883,44.3,0,410.9,326.3,0.1969,398.0,344.6,0.1438,-63.0,394.8,0.0000,-174.6,468.5,-0.2122,-79.5,493.6,0,0.0,0.0,0.0000,11.02,-11.26,-12.32,7.22,1,-0.0244,0.637,-0.265,25.00,1,408.4,340.9,0.19778,-12.3,421.2,-0.0298,0.00786,OK
1.4405,1.3883,52.1,0,410.9,326.3,0.1969,398.0,344.6,0.1438,-63.0,394.8,0.0000,-177.3,467.5,-0.2122,-82.4,493.2,0,0.0,0.0,0.0000,10.22,-13.70,-13.78,6.42,1,-0.0111,3.981,-2.148,25.00,1,407.6,344.2,0.19747,-23.3,431.9,-0.0375,0.00815,OK
1.4491,1.3883,60.8,0,410.9,326.3,0.1969,398.0,344.6,0.1438,-63.0,394.8,0.0000,-180.3,466.4,-0.2122,-85.6,492.6,0,0.0,0.0,0.0000,10.90,-13.48,-13.89,6.40,1,-0.0233,1.000,-0.127,25.00,1,406.6,347.8,0.19707,-34.3,444.3,-0.0459,0.00838,OK
1.4563,1.3883,68.0,0,410.9,326.3,0.1969,398.0,344.6,0.1438,-63.0,394.8,0.0000,-182.7,465.4,-0.2122,-88.1,492.2,0,0.0,0.0,0.0000,10.58,-12.47,-14.07,6.45,1,-0.0233,1.000,-0.127,25.00,1,405.7,350.9,0.19671,-35.0,439.9,-0.0451,0.00860,OK
1.4648,1.3883,76.5,0,410.9,326.3,0.1969,398.0,344.6,0.1438,-63.0,394.8,0.0000,-185.4,464.4,-0.2122,-91.0,491.7,0,0.0,0.0,0.0000,10.90,-10.97,-14.19,6.63,1,-0.0800,-1.363,0.559,25.00,1,404.7,354.5,0.19612,-41.7,441.0,-0.0907,0.00864,OK
1.4727,1.3883,84.3,0,410.9,326.3,0.1969,398.0,344.6,0.1438,-63.0,394.8,0.0000,-187.8,463.4,-0.2122,-93.5,491.2,0,0.0,0.0,0.0000,11.05,-10.81,-14.15,6.54,1,-0.0933,-1.294,1.775,25.00,1,403.6,357.8,0.19535,-46.4,442.3,-0.1026,0.00865,OK
1.4803,1.3883,92.0,0,410.9,326.3,0.1969,398.0,344.6,0.1438,-63.0,394.8,0.0000,-190.1,462.4,-0.2122,-96.0,490.7,0,0.0,0.0,0.0000,12.11,-10.79,-14.74,5.89,1,-0.0989,1.598,-0.412,25.00,1,402.5,361.1,0.19454,-71.8,454.7,-0.1096,0.00869,OK
1.4892,1.3883,100.8,0,410.9,326.3,0.1969,398.0,344.6,0.1438,-63.0,394.8,0.0000,-192.9,461.3,-0.2122,-98.9,490.1,0,0.0,0.0,0.0000,10.30,-12.23,-15.02,5.76,1,-0.0756,3.089,-3.158,25.00,1,401.2,364.9,0.19351,-55.3,441.3,-0.1061,0.00902,OK
1.4961,1.4912,4.9,0,400.3,373.4,0.2027,388.8,384.6,0.1438,-116.2,382.7,0.0000,-194.5,447.4,-0.2356,-100.4,477.4,0,0.0,0.0,0.0000,8.39,-13.37,-16.40,5.24,1,-0.0756,3.089,-3.158,25.00,1,400.3,373.3,0.19658,-28.3,452.6,-0.1532,0.00901,OK
1.5047,1.4912,13.4,0,400.3,373.4,0.2027,388.8,384.6,0.1438,-116.2,382.7,0.0000,-200.2,431.4,-0.2356,-109.3,462.9,0,0.0,0.0,0.0000,10.67,-10.92,-15.49,5.47,1,0.0056,1.765,0.883,26.00,1,399.5,375.7,0.19622,-62.2,475.5,-0.0256,0.00935,OK
1.5130,1.4912,21.7,0,400.3,373.4,0.2027,388.8,384.6,0.1438,-116.2,382.7,0.0000,-213.1,421.0,-0.2356,-124.0,455.3,0,0.0,0.0,0.0000,11.75,-9.97,-14.60,5.85,1,0.0733,-0.451,0.294,25.00,1,398.2,379.5,0.19633,-69.6,479.3,0.0550,0.00948,OK
1.5202,1.4912,29.0,0,400.3,373.4,0.2027,388.8,384.6,0.1438,-116.2,382.7,0.0000,-220.5,426.5,-0.2356,-130.1,462.2,0,0.0,0.0,0.0000,12.85,-9.85,-15.58,6.29,1,0.1267,0.000,-0.402,24.00,1,396.9,382.9,0.19693,-83.7,504.8,0.1121,0.00955,OK
1.5286,1.4912,37.3,0,400.3,373.4,0.2027,388.8,384.6,0.1438,-116.2,382.7,0.0000,-227.8,433.9,-0.2356,-135.7,470.9,0,0.0,0.0,0.0000,13.97,-9.77,-16.33,6.23,1,0.1267,0.000,-0.402,25.00,1,395.3,387.0,0.19788,-102.6,523.2,0.1155,0.00958,OK
1.5370,1.4912,45.8,0,400.3,373.4,0.2027,388.8,384.6,0.1438,-116.2,382.7,0.0000,-234.9,441.4,-0.2356,-141.2,479.6,0,0.0,0.0,0.0000,13.67,-9.05,-15.93,5.80,1,0.1389,1.726,-1.020,24.00,1,393.6,391.1,0.19891,-108.0,503.0,0.1281,0.00959,OK
1.5451,1.4912,53.9,0,400.3,373.4,0.2027,388.8,384.6,0.1438,-116.2,382.7,0.0000,-237.5,440.0,-0.2356,-144.0,478.8,0,0.0,0.0,0.0000,13.20,-8.96,-16.19,5.36,1,0.1333,2.746,1.314,24.00,1,391.9,394.8,0.19988,-113.6,493.4,0.1172,0.00969,OK
1.5522,1.4912,61.0,0,400.3,373.4,0.2027,388.8,384.6,0.1438,-116.2,382.7,0.0000,-239.8,438.7,-0.2356,-146.5,478.0,0,0.0,0.0,0.0000,13.10,-8.68,-16.94,5.46,1,0.0922,-0.941,1.491,25.00,1,390.4,398.1,0.20058,-116.3,495.4,0.0809,0.00972,OK
1.5604,1.4912,69.2,0,400.3,373.4,0.2027,388.8,384.6,0.1438,-116.2,382.7,0.0000,-242.6,437.2,-0.2356,-149.6,477.1,0,0.0,0.0,0.0000,13.99,-8.82,-16.81,5.55,1,0.0489,-3.364,-1.853,25.00,1,388.6,401.9,0.20110,-123.0,507.5,0.0439,0.00965,OK
1.5687,1.4912,77.5,0,400.3,373.4,0.2027,388.8,384.6,0.1438,-116.2,382.7,0.0000,-245.4,435.6,-0.2356,-152.7,476.1,0,0.0,0.0,0.0000,15.40,-8.13,-16.26,5.31,1,0.0489,-3.364,-1.853,24.00,1,386.7,405.8,0.20155,-137.5,504.9,0.0544,0.00942,OK
1.5769,1.4912,85.6,0,400.3,373.4,0.2027,388.8,384.6,0.1438,-116.2,382.7,0.0000,-248.1,434.1,-0.2356,-155.7,475.1,0,0.0,0.0,0.0000,15.96,-8.52,-16.73,3.73,1,0.0878,1.000,-1.814,25.00,1,384.6,409.6,0.20204,-174.7,507.4,0.0707,0.00953,OK
1.5852,1.4912,93.9,0,400.3,373.4,0.2027,388.8,384.6,0.1438,-116.2,382.7,0.0000,-250.7,432.6,-0.2356,-158.5,474.2,0,0.0,0.0,0.0000,14.97,-7.35,-16.76,3.33,1,0.1244,6.002,5.452,25.00,1,382.3,413.3,0.20276,-177.8,480.7,0.1071,0.00965,OK
1.5925,1.5924,0.1,0,380.3,417.3,0.2118,374.5,422.5,0.1438,-166.6,363.7,0.0000,-246.3,418.6,-0.2718,-152.8,461.0,0,0.0,0.0,0.0000,14.85,-7.62,-16.90,4.19,1,0.0044,-0.981,-1.961,25.00,1,380.3,417.4,0.20709,-141.6,454.1,0.0878,0.00902,OK
1.6008,1.5924,8.3,0,380.3,417.3,0.2118,374.5,422.5,0.1438,-166.6,363.7,0.0000,-242.8,402.4,-0.2718,-152.8,444.5,0,0.0,0.0,0.0000,15.81,-8.72,-17.29,3.76,1,0.0044,-0.981,-1.961,26.00,1,380.2,417.5,0.20688,-162.5,483.3,-0.0074,0.00905,OK
1.6083,1.5924,15.9,0,380.3,417.3,0.2118,374.5,422.5,0.1438,-166.6,363.7,0.0000,-242.3,387.3,-0.2718,-155.5,429.6,0,0.0,0.0,0.0000,16.20,-8.05,-17.43,3.20,1,-0.0633,-0.961,-1.255,25.00,1,378.2,420.8,0.20659,-175.1,477.5,-0.0695,0.00901,OK
1.6167,1.5924,24.3,0,380.3,417.3,0.2118,374.5,422.5,0.1438,-166.6,363.7,0.0000,-249.8,375.8,-0.2718,-165.3,419.9,0,0.0,0.0,0.0000,16.11,-7.92,-17.24,2.86,1,-0.0222,0.186,-0.843,24.00,1,375.9,424.4,0.20615,-183.8,472.3,-0.0348,0.00906,OK
1.6249,1.5924,32.5,0,380.3,417.3,0.2118,374.5,422.5,0.1438,-166.6,363.7,0.0000,-258.0,382.1,-0.2718,-171.9,427.8,0,0.0,0.0,0.0000,14.94,-7.66,-17.28,2.59,1,0.0022,0.353,2.148,24.00,1,373.7,427.8,0.20591,-183.1,456.6,-0.0174,0.00922,OK
1.6323,1.5924,39.9,0,380.3,417.3,0.2118,374.5,422.5,0.1438,-166.6,363.7,0.0000,-265.4,387.8,-0.2718,-177.9,434.9,0,0.0,0.0,0.0000,14.45,-7.77,-17.45,3.50,1,0.0022,0.353,2.148,25.00,1,371.7,430.9,0.20581,-164.0,462.3,-0.0092,0.00926,OK
1.6409,1.5924,48.5,0,380.3,417.3,0.2118,374.5,422.5,0.1438,-166.6,363.7,0.0000,-274.1,394.3,-0.2718,-185.1,443.1,0,0.0,0.0,0.0000,15.51,-7.35,-16.28,3.32,1,-0.0244,0.392,1.108,24.00,1,369.5,434.5,0.20567,-167.7,455.9,-0.0258,0.00914,OK
1.6486,1.5924,56.2,0,380.3,417.3,0.2118,374.5,422.5,0.1438,-166.6,363.7,0.0000,-281.8,400.1,-0.2718,-191.4,450.4,0,0.0,0.0,0.0000,15.11,-7.10,-18.06,3.22,1,-0.0556,-1.177,-0.990,25.00,1,367.5,437.7,0.20539,-178.4,465.7,-0.0544,0.00898,OK
1.6567,1.6538,2.9,0,357.9,456.2,0.2175,363.3,444.4,0.1438,-195.7,348.8,0.0000,-274.2,385.9,-0.2946,-184.5,435.9,0,0.0,0.0,0.0000,14.92,-6.77,-18.04,2.83,1,-0.0500,-1.598,0.137,25.00,1,358.1,455.8,0.20964,-236.9,694.0,0.0074,0.00821,OK
1.6640,1.6597,4.3,0,356.3,458.7,0.2104,362.2,446.4,0.1438,-198.6,347.2,0.0000,-267.6,372.7,-0.2664,-183.9,420.4,0,0.0,0.0,0.0000,14.55,-6.74,-17.95,2.23,1,0.0089,3.324,-0.912,24.00,1,356.1,459.0,0.20984,-232.7,636.6,0.0011,0.00820,OK
1.6725,1.6663,6.2,0,354.1,463.4,0.2183,360.9,448.7,0.1438,-201.8,345.4,0.0000,-261.0,357.2,-0.2981,-177.4,405.3,0,0.0,0.0,0.0000,14.50,-7.04,-18.66,2.66,1,0.0089,3.324,-0.912,24.00,1,353.9,463.0,0.21177,-217.6,650.6,0.0058,0.00797,OK
1.6810,1.6753,5.7,0,351.7,466.5,0.2090,359.0,451.8,0.1438,-205.8,342.9,0.0000,-254.9,341.4,-0.2606,-178.5,386.8,0,0.0,0.0,0.0000,14.56,-6.77,-17.71,3.01,1,0.0400,0.520,1.932,25.00,1,351.4,467.4,0.21138,-190.2,583.7,0.0282,0.00805,OK
1.6884,1.6849,3.6,0,349.5,470.4,0.2116,357.0,455.1,0.1438,-210.1,340.3,0.0000,-250.1,327.2,-0.2712,-175.8,372.4,0,0.0,0.0,0.0000,15.07,-7.00,-17.85,3.38,1,0.0422,-1.824,0.500,25.00,1,349.1,471.4,0.21169,-161.7,525.5,0.0356,0.00802,OK
1.6960,1.6918,4.2,0,347.5,473.8,0.2125,355.6,457.4,0.1438,-213.1,338.5,0.0000,-246.0,312.7,-0.2746,-174.5,357.5,0,0.0,0.0,0.0000,15.46,-7.13,-17.46,3.11,1,0.0656,0.265,-1.697,25.00,1,347.3,474.3,0.21216,-172.6,517.9,0.0578,0.00802,OK
1.7048,1.7016,3.3,0,344.7,477.5,0.2166,353.5,460.7,0.1438,-217.5,335.7,0.0000,-241.9,295.5,-0.2912,-172.8,340.6,0,0.0,0.0,0.0000,15.24,-7.12,-17.79,3.34,1,0.0922,-0.275,2.599,25.00,1,344.7,478.2,0.21361,-177.4,482.4,0.1017,0.00795,OK
1.7131,1.7105,2.6,0,342.0,482.1,0.2193,351.5,463.7,0.1438,-221.5,333.0,0.0000,-238.9,279.2,-0.3021,-172.5,324.5,0,0.0,0.0,0.0000,14.30,-6.73,-16.84,3.04,1,0.0922,-0.275,2.599,25.00,1,342.1,482.0,0.21522,-182.2,475.0,0.1141,0.00790,OK
1.7210,1.7174,3.6,0,340.0,485.4,0.2219,350.0,466.0,0.1438,-224.6,330.9,0.0000,-237.7,263.5,-0.3123,-173.8,309.4,0,0.0,0.0,0.0000,15.04,-6.78,-13.08,2.80,1,0.0767,-0.118,0.637,25.00,1,340.2,485.1,0.21666,-167.8,457.8,0.0973,0.00778,OK
1.7285,1.7174,11.1,0,340.0,485.4,0.2219,350.0,466.0,0.1438,-224.6,330.9,0.0000,-244.5,250.2,-0.3123,-183.4,297.9,0,0.0,0.0,0.0000,15.27,-6.93,-14.47,2.87,1,0.0622,-0.971,-1.324,24.00,1,339.3,486.4,0.21680,-175.7,469.8,0.0541,0.00778,OK
1.7370,1.7297,7.3,0,337.5,489.7,0.2121,347.2,470.0,0.1438,-230.1,327.2,0.0000,-246.5,242.8,-0.2730,-189.8,289.3,0,0.0,0.0,0.0000,15.08,-6.10,-15.76,2.82,1,0.1167,-0.255,1.981,25.00,1,337.2,489.9,0.21668,-173.5,456.7,0.1103,0.00786,OK
1.7443,1.7400,4.3,0,335.3,492.3,0.2187,344.8,473.4,0.1438,-234.5,324.1,0.0000,-247.9,239.6,-0.2994,-190.0,287.7,0,0.0,0.0,0.0000,14.17,-5.57,-16.58,2.55,1,0.1167,-0.255,1.981,25.00,1,335.0,493.0,0.21797,-160.7,394.2,0.1145,0.00780,OK
1.7527,1.7453,7.3,0,334.0,496.2,0.2208,343.5,475.1,0.1438,-236.8,322.5,0.0000,-253.1,232.7,-0.3081,-196.0,282.5,0,0.0,0.0,0.0000,14.47,-6.06,-16.03,2.44,1,0.0633,3.177,0.873,24.00,1,333.8,495.6,0.21869,-156.0,431.9,0.0568,0.00774,OK
1.7608,1.7555,5.2,0,331.1,499.7,0.2206,341.1,478.4,0.1438,-241.1,319.0,0.0000,-253.4,227.1,-0.3072,-197.5,277.0,0,0.0,0.0,0.0000,13.39,-6.31,-15.96,2.24,1,-0.0367,-0.324,0.216,25.00,1,331.2,499.6,0.21890,-154.9,427.3,-0.0409,0.00771,OK
1.7686,1.7630,5.6,0,328.5,503.6,0.2121,339.3,480.7,0.1438,-244.3,316.6,0.0000,-254.2,220.0,-0.2731,-202.2,268.6,0,0.0,0.0,0.0000,13.41,-6.12,-15.79,2.01,1,-0.0711,-3.050,0.677,25.00,1,328.9,503.0,0.21739,-176.2,449.5,-0.0867,0.00782,OK
1.7764,1.7710,5.4,0,326.4,507.0,0.2147,337.3,483.3,0.1438,-247.7,314.0,0.0000,-256.7,214.0,-0.2836,-205.2,263.8,0,0.0,0.0,0.0000,13.21,-6.12,-15.38,1.47,1,-0.0711,-3.050,0.677,25.00,1,326.6,506.6,0.21639,-185.3,455.3,-0.0907,0.00798,OK
1.7851,1.7778,7.3,0,323.4,510.6,0.2170,335.6,485.4,0.1438,-250.6,311.8,0.0000,-257.5,208.0,-0.2927,-206.7,258.5,0,0.0,0.0,0.0000,13.53,-5.12,-16.29,0.72,1,-0.0833,0.382,1.481,25.00,1,323.9,509.9,0.21595,-227.6,471.6,-0.0937,0.00800,OK
1.7928,1.7926,0.2,0,319.5,517.2,0.2149,331.9,490.0,0.1438,-256.6,306.9,0.0000,-254.8,193.0,-0.2845,-207.8,242.9,0,0.0,0.0,0.0000,13.45,-4.73,-15.92,0.56,1,-0.1244,1.804,1.755,25.00,1,319.5,516.7,0.21433,-195.1,508.0,-0.1166,0.00792,OK
1.8000,1.7926,7.5,0,319.5,517.2,0.2149,331.9,490.0,0.1438,-256.6,306.9,0.0000,-263.0,196.0,-0.2845,-215.2,247.6,0,0.0,0.0,0.0000,13.76,-5.07,-15.47,-0.54,1,-0.2511,-0.098,-0.451,24.00,1,319.4,516.6,0.21373,-220.6,472.9,-0.2887,0.00792,OK
1.8084,1.7926,15.8,0,319.5,517.2,0.2149,331.9,490.0,0.1438,-256.6,306.9,0.0000,-272.6,200.4,-0.2845,-223.6,253.9,0,0.0,0.0,0.0000,12.48,-4.63,-14.88,-0.63,1,-0.3267,-0.157,2.020,24.00,1,317.1,519.8,0.21127,-205.5,438.3,-0.3313,0.00786,OK
1.8167,1.7926,24.1,0,319.5,517.2,0.2149,331.9,490.0,0.1438,-256.6,306.9,0.0000,-282.1,204.6,-0.2845,-232.0,260.1,0,0.0,0.0,0.0000,12.24,-4.79,-15.45,-0.98,1,-0.3267,-0.157,2.020,25.00,1,314.6,522.9,0.20849,-214.6,435.3,-0.3395,0.00795,OK
1.8249,1.7926,32.3,0,319.5,517.2,0.2149,331.9,490.0,0.1438,-256.6,306.9,0.0000,-291.4,208.8,-0.2845,-240.2,266.2,0,0.0,0.0,0.0000,12.59,-4.44,-15.57,-1.48,1,-0.3778,0.794,2.050,25.00,1,312.1,526.0,0.20550,-225.2,425.8,-0.3872,0.00798,OK
1.8323,1.7926,39.8,0,319.5,517.2,0.2149,331.9,490.0,0.1438,-256.6,306.9,0.0000,-300.1,212.4,-0.2845,-247.9,271.5,0,0.0,0.0,0.0000,11.25,-4.15,-16.03,-1.78,1,-0.4989,0.588,0.726,25.00,1,309.9,528.7,0.20220,-215.2,398.5,-0.5018,0.00791,OK
1.8411,1.7926,48.5,0,319.5,517.2,0.2149,331.9,490.0,0.1438,-256.6,306.9,0.0000,-310.3,216.3,-0.2845,-257.1,277.5,0,0.0,0.0,0.0000,13.06,-3.34,-15.43,-2.31,1,-0.5633,-0.863,1.697,24.00,1,307.3,531.7,0.19760,-234.2,387.7,-0.5478,0.00753,OK
1.8488,1.7926,56.3,0,319.5,517.2,0.2149,331.9,490.0,0.1438,-256.6,306.9,0.0000,-319.5,219.7,-0.2845,-265.3,282.8,0,0.0,0.0,0.0000,12.76,-3.22,-15.54,-2.13,1,-0.5633,-0.863,1.697,25.00,1,304.9,534.2,0.19336,-229.8,379.4,-0.5418,0.00709,OK
1.8569,1.7926,64.3,0,319.5,517.2,0.2149,331.9,490.0,0.1438,-256.6,306.9,0.0000,-328.9,223.0,-0.2845,-273.8,288.1,0,0.0,0.0,0.0000,10.97,-3.43,-15.99,-3.03,1,-0.5511,-1.187,1.040,25.00,1,302.5,536.8,0.18890,-234.2,362.8,-0.5619,0.00715,OK
1.8647,1.7926,72.1,0,319.5,517.2,0.2149,331.9,490.0,0.1438,-256.6,306.9,0.0000,-338.1,226.2,-0.2845,-282.1,293.1,0,0.0,0.0,0.0000,11.66,-3.01,-14.68,-3.39,1,-0.5600,1.873,1.628,25.00,1,300.2,539.2,0.18452,-240.0,348.5,-0.5656,0.00713,OK
1.8721,1.7926,79.6,0,319.5,517.2,0.2149,331.9,490.0,0.1438,-256.6,306.9,0.0000,-346.8,229.3,-0.2845,-289.9,298.0,0,0.0,0.0,0.0000,11.64,-2.48,-15.60,-3.70,1,-0.5544,0.873,1.569,24.00,1,297.9,541.3,0.18034,-252.3,341.4,-0.5577,0.00708,OK
1.8809,1.7926,88.3,0,319.5,517.2,0.2149,331.9,490.0,0.1438,-256.6,306.9,0.0000,-357.2,232.9,-0.2845,-299.3,303.8,0,0.0,0.0,0.0000,11.09,-2.13,-14.04,-3.41,1,-0.5589,-1.089,1.334,24.00,1,295.3,543.8,0.17545,-234.2,311.5,-0.5512,0.00688,OK
1.8885,1.7926,95.9,0,319.5,517.2,0.2149,331.9,490.0,0.1438,-256.6,306.9,0.0000,-366.2,236.1,-0.2845,-307.4,308.8,0,0.0,0.0,0.0000,11.02,-2.36,-14.98,-3.67,1,-0.5589,-1.089,1.334,25.00,1,293.1,545.8,0.17123,-242.9,320.0,-0.5621,0.00684,OK
1.8961,1.7926,103.5,0,319.5,517.2,0.2149,331.9,490.0,0.1438,-256.6,306.9,0.0000,-375.3,239.1,-0.2845,-315.7,313.7,0,0.0,0.0,0.0000,10.96,-1.43,-14.46,-3.90,1,-0.4911,0.686,0.481,25.00,1,290.8,547.8,0.16722,-247.7,296.0,-0.4901,0.00674,OK
1.9051,1.9037,1.4,0,288.3,552.9,0.1655,301.0,521.8,0.1438,-299.2,265.6,0.0000,-364.1,225.0,-0.0868,-322.0,281.9,0,0.0,0.0,0.0000,10.81,-1.31,-14.27,-4.01,1,-0.4500,1.657,1.824,26.00,1,288.3,552.9,0.16210,-225.6,298.3,-0.4086,0.00648,OK
1.9122,1.9110,1.1,0,286.7,553.8,0.1563,298.7,523.8,0.1438,-301.6,262.8,0.0000,-355.6,213.7,-0.0500,-318.0,266.5,0,0.0,0.0,0.0000,11.75,-1.56,-14.16,-3.92,1,-0.4744,-1.559,1.491,24.00,1,286.5,554.2,0.15783,-215.8,269.8,-0.4958,0.00646,OK
1.9207,1.9204,0.3,0,283.8,556.3,0.1689,295.9,526.2,0.1438,-304.8,259.1,0.0000,-345.9,199.8,-0.1004,-307.4,255.1,0,0.0,0.0,0.0000,10.65,-1.36,-14.49,-3.76,1,-0.4800,-0.490,-0.235,24.00,1,283.9,556.4,0.15765,-237.9,273.5,-0.2732,0.00595,OK
1.9285,1.9283,0.2,0,281.0,558.1,0.1542,293.5,528.2,0.1438,-307.6,255.8,0.0000,-337.3,186.6,-0.0414,-304.7,236.2,0,0.0,0.0,0.0000,11.26,-0.86,-14.23,-4.09,1,-0.4800,-0.490,-0.235,25.00,1,281.2,558.2,0.15358,-279.9,273.0,-0.4582,0.00571,OK
1.9370,1.9283,8.7,0,281.0,558.1,0.1542,293.5,528.2,0.1438,-307.6,255.8,0.0000,-329.7,171.5,-0.0414,-299.5,220.1,0,0.0,0.0,0.0000,11.12,-0.35,-14.22,-4.41,1,-0.4467,0.735,-0.686,26.00,1,281.0,558.3,0.15332,-263.8,258.8,-0.4383,0.00556,OK
1.9446,1.9374,7.2,0,279.7,559.5,0.1474,290.7,530.5,0.1438,-310.8,251.9,0.0000,-324.5,157.2,-0.0145,-297.9,203.2,0,0.0,0.0,0.0000,10.48,-0.20,-13.64,-4.48,1,-0.3822,-0.333,2.187,25.00,1,279.2,559.7,0.14943,-229.6,230.0,-0.3859,0.00558,OK
1.9520,1.9448,7.2,0,275.6,562.4,0.1500,288.3,532.4,0.1438,-313.2,248.6,0.0000,-319.3,143.2,-0.0249,-294.3,189.3,0,0.0,0.0,0.0000,10.95,0.06,-13.57,-4.21,1,-0.3233,-1.383,1.824,24.00,1,276.3,561.8,0.14741,-271.0,261.8,-0.3185,0.00541,OK
1.9611,1.9535,7.5,0,274.1,564.2,0.1468,285.6,534.6,0.1438,-316.1,244.8,0.0000,-318.2,125.2,-0.0119,-296.5,170.4,0,0.0,0.0,0.0000,10.59,0.77,-13.32,-4.96,1,-0.3233,-1.383,1.824,24.00,1,273.9,564.0,0.14498,-265.2,249.0,-0.3241,0.00531,OK
1.9681,1.9623,5.7,0,272.4,565.3,0.1365,282.8,536.7,0.1438,-318.9,241.1,0.0000,-321.5,117.1,0.0291,-302.6,159.7,0,0.0,0.0,0.0000,7.57,1.37,-13.09,-4.89,1,-0.2600,1.461,-0.755,24.00,1,272.1,565.4,0.14145,-204.2,183.8,-0.2828,0.00553,OK
1.9763,1.9710,5.3,0,268.6,567.6,0.1433,280.0,538.8,0.1438,-321.6,237.5,0.0000,-320.1,111.8,0.0019,-300.9,156.4,0,0.0,0.0,0.0000,9.00,1.31,-12.17,-4.51,1,-0.1333,1.716,1.863,25.00,1,269.1,567.3,0.14047,-259.4,230.7,-0.1412,0.00556,OK
1.9845,1.9791,5.4,0,267.1,569.7,0.1392,277.4,540.7,0.1438,-324.2,234.2,0.0000,-325.6,107.6,0.0185,-307.5,151.7,0,0.0,0.0,0.0000,10.53,1.66,-11.91,-4.32,1,0.0033,-1.285,-0.118,25.00,1,266.9,569.3,0.14006,-255.2,256.1,-0.0085,0.00563,OK
1.9922,1.9877,4.5,0,264.5,570.6,0.1379,274.6,542.7,0.1438,-326.9,230.7,0.0000,-327.4,106.6,0.0238,-309.6,150.6,0,0.0,0.0,0.0000,11.37,2.60,-11.02,-4.37,1,0.0033,-1.285,-0.118,25.00,1,264.5,570.8,0.13977,-262.4,221.6,0.0038,0.00548,OK
2.0003,1.9960,4.4,0,262.0,572.1,0.1456,271.9,544.6,0.1438,-329.4,227.0,0.0000,-329.8,104.4,-0.0070,-311.1,151.1,0,0.0,0.0,0.0000,12.49,3.07,-11.44,-4.65,1,0.1700,-0.785,0.824,24.00,1,262.0,572.2,0.14180,-281.9,225.4,0.1851,0.00532,OK
2.0089,2.0026,6.3,0,259.8,573.9,0.1350,269.7,546.1,0.1438,-331.5,224.0,0.0000,-333.7,100.7,0.0354,-317.1,144.7,0,0.0,0.0,0.0000,12.80,3.69,-10.92,-3.96,1,0.2867,2.373,1.657,24.00,1,259.8,573.6,0.14233,-279.2,228.7,0.2905,0.00520,OK
2.0167,2.0026,14.0,0,259.8,573.9,0.1350,269.7,546.1,0.1438,-331.5,224.0,0.0000,-343.4,102.1,0.0354,-326.5,147.3,0,0.0,0.0,0.0000,12.48,4.05,-10.51,-4.15,1,0.3367,0.147,0.118,25.00,1,258.0,574.7,0.14430,-279.4,213.8,0.3435,0.00500,OK
2.0242,2.0026,21.6,0,259.8,573.9,0.1350,269.7,546.1,0.1438,-331.5,224.0,0.0000,-352.9,103.2,0.0354,-335.8,149.7,0,0.0,0.0,0.0000,12.05,4.25,-10.31,-4.10,1,0.4322,-1.785,0.530,25.00,1,255.7,576.0,0.14725,-277.9,206.3,0.4319,0.00491,OK
2.0328,2.0026,30.2,0,259.8,573.9,0.1350,269.7,546.1,0.1438,-331.5,224.0,0.0000,-363.4,104.4,0.0354,-346.1,152.3,0,0.0,0.0,0.0000,12.15,3.77,-10.07,-3.89,1,0.4322,-1.785,0.530,25.00,1,253.1,577.4,0.15094,-271.4,209.2,0.4300,0.00486,OK
2.0406,2.0026,37.9,0,259.8,573.9,0.1350,269.7,546.1,0.1438,-331.5,224.0,0.0000,-373.1,105.3,0.0354,-355.5,154.6,0,0.0,0.0,0.0000,12.28,4.39,-10.01,-4.10,1,0.5544,-0.520,2.491,24.00,1,250.7,578.6,0.15473,-281.4,201.6,0.5460,0.00491,OK
2.0482,2.0026,45.5,0,259.8,573.9,0.1350,269.7,546.1,0.1438,-331.5,224.0,0.0000,-382.4,106.4,0.0354,-364.6,156.9,0,0.0,0.0,0.0000,12.95,5.29,-10.03,-4.13,1,0.5989,0.059,0.647,25.00,1,248.3,579.8,0.15910,-292.3,194.2,0.6014,0.00477,OK
2.0565,2.0026,53.8,0,259.8,573.9,0.1350,269.7,546.1,0.1438,-331.5,224.0,0.0000,-392.8,107.3,0.0354,-374.8,159.2,0,0.0,0.0,0.0000,12.57,5.14,-9.10,-4.27,1,0.6189,1.559,-1.294,25.00,1,245.7,580.9,0.16416,-283.1,178.2,0.6153,0.00475,OK
2.0643,2.0026,61.7,0,259.8,573.9,0.1350,269.7,546.1,0.1438,-331.5,224.0,0.0000,-402.6,108.2,0.0354,-384.4,161.4,0,0.0,0.0,0.0000,13.14,5.12,-9.10,-4.23,1,0.6189,1.559,-1.294,25.00,1,243.3,581.9,0.16902,-285.7,180.2,0.6183,0.00468,OK
2.0728,2.0026,70.2,0,259.8,573.9,0.1350,269.7,546.1,0.1438,-331.5,224.0,0.0000,-413.3,109.0,0.0354,-394.9,163.6,0,0.0,0.0,0.0000,13.05,5.46,-8.45,-4.67,1,0.6733,-0.029,3.050,25.00,1,240.6,582.9,0.17446,-287.5,162.1,0.6665,0.00471,OK
2.0807,2.0026,78.1,0,259.8,573.9,0.1350,269.7,546.1,0.1438,-331.5,224.0,0.0000,-423.2,109.7,0.0354,-404.6,165.7,0,0.0,0.0,0.0000,13.00,5.85,-9.10,-4.39,1,0.6389,0.010,-0.010,25.00,1,238.1,583.8,0.17962,-291.9,166.1,0.6429,0.00457,OK
2.0881,2.0026,85.5,0,259.8,573.9,0.1350,269.7,546.1,0.1438,-331.5,224.0,0.0000,-432.6,110.2,0.0354,-413.8,167.4,0,0.0,0.0,0.0000,13.17,6.06,-9.77,-4.84,1,0.5767,0.990,-0.098,24.00,1,235.7,584.6,0.18417,-305.3,167.1,0.5821,0.00442,OK
2.0968,2.0026,94.1,0,259.8,573.9,0.1350,269.7,546.1,0.1438,-331.5,224.0,0.0000,-443.4,110.5,0.0354,-424.5,169.1,0,0.0,0.0,0.0000,13.33,6.05,-10.10,-4.90,1,0.5433,1.187,1.589,24.00,1,232.8,585.6,0.18908,-309.5,169.6,0.5508,0.00424,OK
2.1042,2.1039,0.3,0,236.2,584.9,0.1856,234.7,566.4,0.1438,-358.5,177.5,0.0000,-430.3,103.4,-0.1673,-403.8,181.1,0,0.0,0.0,0.0000,12.82,5.64,-9.18,-5.09,1,0.5433,1.187,1.589,25.00,1,236.0,585.0,0.19303,-206.9,113.8,0.4095,0.00463,OK
2.1129,2.1039,9.0,0,236.2,584.9,0.1856,234.7,566.4,0.1438,-358.5,177.5,0.0000,-415.9,93.6,-0.1673,-391.5,168.8,0,0.0,0.0,0.0000,12.58,5.68,-9.43,-5.70,1,0.5000,0.206,1.020,25.00,1,235.8,585.0,0.19372,-232.6,116.7,0.4934,0.00466,OK
2.1200,2.1039,16.2,0,236.2,584.9,0.1856,234.7,566.4,0.1438,-358.5,177.5,0.0000,-406.3,83.1,-0.1673,-384.0,156.6,0,0.0,0.0,0.0000,13.02,6.03,-9.75,-6.22,1,0.4311,-0.490,0.333,25.00,1,233.9,585.5,0.19701,-250.1,114.6,0.4285,0.00464,OK
2.1284,2.1039,24.5,0,236.2,584.9,0.1856,234.7,566.4,0.1438,-358.5,177.5,0.0000,-412.2,77.9,-0.1673,-390.7,152.7,0,0.0,0.0,0.0000,12.86,6.43,-9.72,-6.32,1,0.3944,0.853,1.118,25.00,1,231.7,586.0,0.20043,-257.2,107.0,0.3949,0.00457,OK
2.1366,2.1039,32.7,0,236.2,584.9,0.1856,234.7,566.4,0.1438,-358.5,177.5,0.0000,-422.6,77.7,-0.1673,-401.0,154.4,0,0.0,0.0,0.0000,12.31,6.02,-9.95,-6.98,1,0.3944,0.853,1.118,25.00,1,229.4,586.4,0.20363,-264.9,108.4,0.3851,0.00464,OK
2.1450,2.1039,41.2,0,236.2,584.9,0.1856,234.7,566.4,0.1438,-358.5,177.5,0.0000,-433.3,77.2,-0.1673,-411.6,155.9,0,0.0,0.0,0.0000,12.77,6.46,-9.97,-7.16,1,0.3033,0.824,1.147,25.00,1,227.0,586.8,0.20654,-276.7,102.3,0.3022,0.00460,OK
2.1528,2.1039,48.9,0,236.2,584.9,0.1856,234.7,566.4,0.1438,-358.5,177.5,0.0000,-442.9,76.8,-0.1673,-421.1,157.2,0,0.0,0.0,0.0000,11.89,6.40,-10.36,-6.92,1,0.2222,0.382,-0.706,25.00,1,224.7,587.2,0.20857,-274.0,100.9,0.2233,0.00452,OK
2.1606,2.1039,56.8,0,236.2,584.9,0.1856,234.7,566.4,0.1438,-358.5,177.5,0.0000,-452.5,76.6,-0.1673,-430.6,158.8,0,0.0,0.0,0.0000,12.06,6.38,-10.16,-7.48,1,0.1689,-0.343,1.706,24.00,1,222.4,587.5,0.21012,-282.4,95.2,0.1693,0.00446,OK
2.1681,2.1039,64.2,0,236.2,584.9,0.1856,234.7,566.4,0.1438,-358.5,177.5,0.0000,-461.6,76.1,-0.1673,-439.6,160.0,0,0.0,0.0,0.0000,12.39,6.32,-10.99,-7.98,1,0.0967,0.363,-0.677,25.00,1,220.1,587.7,0.21111,-300.1,104.1,0.0966,0.00441,OK
2.1769,2.1039,73.0,0,236.2,584.9,0.1856,234.7,566.4,0.1438,-358.5,177.5,0.0000,-472.6,75.5,-0.1673,-450.5,161.4,0,0.0,0.0,0.0000,12.32,6.43,-11.08,-8.27,1,0.0967,0.363,-0.677,25.00,1,217.3,588.1,0.21195,-307.9,102.1,0.0942,0.00438,OK
2.1846,2.1039,80.7,0,236.2,584.9,0.1856,234.7,566.4,0.1438,-358.5,177.5,0.0000,-482.2,74.6,-0.1673,-460.1,162.3,0,0.0,0.0,0.0000,12.69,6.67,-11.90,-8.49,1,0.0278,1.226,-1.196,25.00,1,214.7,588.3,0.21243,-325.0,108.4,0.0291,0.00431,OK
2.1922,2.1039,88.3,0,236.2,584.9,0.1856,234.7,566.4,0.1438,-358.5,177.5,0.0000,-491.8,73.6,-0.1673,-469.8,163.1,0,0.0,0.0,0.0000,12.42,6.88,-12.04,-8.93,1,0.0067,0.078,1.667,24.00,1,212.1,588.6,0.21257,-332.9,101.9,0.0056,0.00427,OK
2.2009,2.1039,97.0,0,236.2,584.9,0.1856,234.7,566.4,0.1438,-358.5,177.5,0.0000,-494.9,71.1,-0.1673,-473.3,161.3,0,0.0,0.0,0.0000,12.22,6.66,-12.66,-8.75,1,-0.0689,2.511,1.540,24.00,1,209.1,588.9,0.21231,-335.3,108.5,-0.0675,0.00420,OK
2.2089,2.2075,1.4,0,205.5,592.8,0.2199,196.4,582.2,0.1438,-379.4,126.2,0.0000,-479.7,66.3,-0.3044,-453.7,169.3,0,0.0,0.0,0.0000,13.50,7.06,-11.90,-8.87,1,-0.0689,2.511,1.540,24.00,1,205.5,592.7,0.21496,-320.4,137.1,0.0032,0.00363,OK
2.2161,2.2075,8.6,0,205.5,592.8,0.2199,196.4,582.2,0.1438,-379.4,126.2,0.0000,-466.3,61.0,-0.3044,-441.7,161.2,0,0.0,0.0,0.0000,11.05,6.43,-9.18,-9.10,1,-0.1711,-0.127,-1.432,25.00,1,205.3,592.7,0.21456,-279.7,83.9,-0.1643,0.00348,OK
2.2243,2.2075,16.8,0,205.5,592.8,0.2199,196.4,582.2,0.1438,-379.4,126.2,0.0000,-452.2,52.6,-0.3044,-429.8,149.9,0,0.0,0.0,0.0000,12.95,6.79,-9.60,-10.99,1,-0.1900,-2.334,0.216,25.00,1,202.8,592.9,0.21313,-315.9,83.5,-0.1877,0.00341,OK
2.2330,2.2075,25.5,0,205.5,592.8,0.2199,196.4,582.2,0.1438,-379.4,126.2,0.0000,-451.0,44.0,-0.3044,-430.5,141.3,0,0.0,0.0,0.0000,12.58,7.43,-11.18,-11.77,1,-0.1600,0.314,3.060,24.00,1,199.8,593.0,0.21160,-348.8,90.9,-0.1639,0.00341,OK
2.2403,2.2075,32.9,0,205.5,592.8,0.2199,196.4,582.2,0.1438,-379.4,126.2,0.0000,-460.0,42.6,-0.3044,-439.7,142.0,0,0.0,0.0,0.0000,13.15,7.66,-12.73,-11.41,1,-0.2811,1.245,-0.020,24.00,1,197.1,593.2,0.20998,-372.2,106.7,-0.2788,0.00335,OK
2.2487,2.2075,41.2,0,205.5,592.8,0.2199,196.4,582.2,0.1438,-379.4,126.2,0.0000,-470.3,40.8,-0.3044,-450.1,142.5,0,0.0,0.0,0.0000,13.27,9.46,-14.18,-11.52,1,-0.2811,1.245,-0.020,24.00,1,193.7,593.3,0.20769,-405.1,97.9,-0.2762,0.00324,OK
2.2567,2.2075,49.2,0,205.5,592.8,0.2199,196.4,582.2,0.1438,-379.4,126.2,0.0000,-480.3,39.0,-0.3044,-460.2,142.8,0,0.0,0.0,0.0000,13.44,11.44,-13.43,-11.19,1,-0.4233,3.069,-5.766,25.00,1,190.4,593.3,0.20502,-410.9,72.4,-0.3977,0.00298,OK
2.2649,2.2075,57.5,0,205.5,592.8,0.2199,196.4,582.2,0.1438,-379.4,126.2,0.0000,-490.5,36.9,-0.3044,-470.6,143.0,0,0.0,0.0,0.0000,11.51,12.02,-13.19,-11.37,1,-0.4278,1.971,1.638,25.00,1,187.0,593.1,0.20167,-399.9,43.7,-0.4198,0.00284,OK
2.2723,2.2075,64.8,0,205.5,592.8,0.2199,196.4,582.2,0.1438,-379.4,126.2,0.0000,-498.8,35.1,-0.3044,-479.1,143.0,0,0.0,0.0,0.0000,11.35,9.18,-12.10,-11.43,1,-0.4678,-3.011,1.373,24.00,1,184.2,592.9,0.19849,-377.2,53.1,-0.4570,0.00266,OK
2.2805,2.2075,73.0,0,205.5,592.8,0.2199,196.4,582.2,0.1438,-379.4,126.2,0.0000,-499.0,32.3,-0.3044,-479.9,140.3,0,0.0,0.0,0.0000,11.77,7.07,-13.47,-11.14,1,-0.4678,-3.011,1.373,24.00,1,181.0,592.9,0.19471,-372.7,99.2,-0.4647,0.00259,OK
2.2889,2.2075,81.4,0,205.5,592.8,0.2199,196.4,582.2,0.1438,-379.4,126.2,0.0000,-499.1,29.7,-0.3044,-480.6,137.9,0,0.0,0.0,0.0000,12.73,6.28,-14.37,-11.63,1,-0.5478,-0.981,-1.471,24.00,1,177.7,593.3,0.19050,-388.0,125.0,-0.5457,0.00253,OK
2.2972,2.2075,89.8,0,205.5,592.8,0.2199,196.4,582.2,0.1438,-379.4,126.2,0.0000,-499.3,27.0,-0.3044,-481.4,135.3,0,0.0,0.0,0.0000,13.21,6.20,-14.30,-11.73,1,-0.5489,0.667,0.618,24.00,1,174.3,593.7,0.18594,-393.7,129.3,-0.5465,0.00247,OK
2.3050,2.2075,97.5,0,205.5,592.8,0.2199,196.4,582.2,0.1438,-379.4,126.2,0.0000,-499.4,24.4,-0.3044,-482.1,132.7,0,0.0,0.0,0.0000,12.35,6.97,-15.88,-12.41,1,-0.6311,1.393,-1.108,25.00,1,171.0,594.1,0.18136,-412.9,115.6,-0.6310,0.00244,OK
2.3129,2.3102,2.7,0,164.0,599.1,0.1922,156.7,592.4,0.1438,-393.3,73.2,0.0000,-484.2,20.4,-0.1937,-471.4,112.5,0,0.0,0.0,0.0000,13.09,6.38,-16.10,-12.55,1,-0.6411,0.265,-1.040,25.00,1,164.0,599.0,0.18082,-422.6,181.8,-0.5572,0.00152,OK
2.3210,2.3102,10.9,0,164.0,599.1,0.1922,156.7,592.4,0.1438,-393.3,73.2,0.0000,-468.9,14.7,-0.1937,-457.4,104.0,0,0.0,0.0,0.0000,12.61,7.42,-15.47,-12.35,1,-0.6411,0.265,-1.040,25.00,1,162.7,599.3,0.17896,-423.9,148.3,-0.6373,0.00146,OK
2.3285,2.3102,18.3,0,164.0,599.1,0.1922,156.7,592.4,0.1438,-393.3,73.2,0.0000,-456.1,7.1,-0.1937,-446.4,94.1,0,0.0,0.0,0.0000,13.48,7.14,-15.18,-12.63,1,-0.5911,-0.481,-0.216,25.00,1,159.4,599.8,0.17440,-430.0,156.6,-0.5891,0.00141,OK
2.3367,2.3102,26.5,0,164.0,599.1,0.1922,156.7,592.4,0.1438,-393.3,73.2,0.0000,-452.9,-3.4,-0.1937,-445.2,83.2,0,0.0,0.0,0.0000,14.00,6.61,-15.21,-12.23,1,-0.5667,0.059,2.932,24.00,1,155.7,600.5,0.16968,-427.3,169.6,-0.5639,0.00136,OK
2.3441,2.3102,33.9,0,164.0,599.1,0.1922,156.7,592.4,0.1438,-393.3,73.2,0.0000,-461.7,-6.0,-0.1937,-454.3,82.3,0,0.0,0.0,0.0000,13.74,6.52,-15.79,-12.21,1,-0.6500,0.608,-2.530,25.00,1,152.4,601.2,0.16524,-430.7,168.5,-0.6453,0.00129,OK
2.3523,2.3102,42.1,0,164.0,599.1,0.1922,156.7,592.4,0.1438,-393.3,73.2,0.0000,-471.6,-9.0,-0.1937,-464.7,81.2,0,0.0,0.0,0.0000,13.62,6.09,-15.90,-12.51,1,-0.6500,0.608,-2.530,25.00,1,148.7,602.1,0.15992,-428.8,172.2,-0.6494,0.00127,OK
2.3610,2.3102,50.8,0,164.0,599.1,0.1922,156.7,592.4,0.1438,-393.3,73.2,0.0000,-482.1,-12.5,-0.1937,-475.6,79.8,0,0.0,0.0,0.0000,14.43,6.12,-16.21,-12.67,1,-0.6622,-0.912,-0.530,25.00,1,144.7,603.0,0.15423,-441.6,179.4,-0.6601,0.00123,OK
2.3682,2.3102,58.0,0,164.0,599.1,0.1922,156.7,592.4,0.1438,-393.3,73.2,0.0000,-490.7,-15.5,-0.1937,-484.6,78.5,0,0.0,0.0,0.0000,14.04,7.16,-16.14,-13.02,1,-0.5733,0.834,1.618,25.00,1,141.3,603.7,0.14980,-450.5,157.2,-0.5733,0.00121,OK
2.3764,2.3102,66.2,0,164.0,599.1,0.1922,156.7,592.4,0.1438,-393.3,73.2,0.0000,-499.6,-19.0,-0.1937,-494.1,76.8,0,0.0,0.0,0.0000,14.25,7.50,-16.31,-13.36,1,-0.5700,2.422,0.314,25.00,1,137.4,604.4,0.14511,-460.7,152.1,-0.5695,0.00119,OK
2.3848,2.3102,74.6,0,164.0,599.1,0.1922,156.7,592.4,0.1438,-393.3,73.2,0.0000,-499.5,-21.8,-0.1937,-494.5,74.0,0,0.0,0.0,0.0000,13.67,7.45,-15.56,-12.88,1,-0.5878,-0.765,-2.108,25.00,1,133.5,605.0,0.14028,-446.3,138.5,-0.5848,0.00114,OK
2.3932,2.3102,83.0,0,164.0,599.1,0.1922,156.7,592.4,0.1438,-393.3,73.2,0.0000,-499.4,-24.8,-0.1937,-494.9,71.1,0,0.0,0.0,0.0000,13.26,7.89,-14.87,-12.61,1,-0.5878,-0.765,-2.108,25.00,1,129.7,605.6,0.13540,-440.0,119.7,-0.5818,0.00106,OK
2.4006,2.3102,90.5,0,164.0,599.1,0.1922,156.7,592.4,0.1438,-393.3,73.2,0.0000,-499.3,-27.3,-0.1937,-495.3,68.6,0,0.0,0.0,0.0000,14.70,8.03,-14.89,-13.09,1,-0.4789,-1.157,2.216,25.00,1,126.2,606.1,0.13146,-457.4,131.4,-0.4751,0.00100,OK
2.4093,2.3102,99.1,0,164.0,599.1,0.1922,156.7,592.4,0.1438,-393.3,73.2,0.0000,-499.1,-30.6,-0.1937,-495.7,65.4,0,0.0,0.0,0.0000,14.98,8.10,-15.97,-9.13,1,-0.4356,-1.589,-0.618,25.00,1,122.3,606.9,0.12775,-424.7,166.8,-0.3958,0.00070,OK
2.4167,2.4120,4.7,0,125.0,607.1,0.1309,116.3,597.1,0.1438,-399.5,19.2,0.0000,-485.5,-36.5,0.0515,-486.1,27.2,0,0.0,0.0,0.0000,14.72,9.30,-17.04,-10.69,1,-0.4222,1.844,-0.941,24.00,1,124.9,607.1,0.12648,-387.4,131.7,-0.3938,0.00017,OK
2.4249,2.4120,12.9,0,125.0,607.1,0.1309,116.3,597.1,0.1438,-399.5,19.2,0.0000,-471.5,-45.3,0.0515,-473.4,16.7,0,0.0,0.0,0.0000,14.74,11.74,-16.60,-12.10,1,-0.4056,3.766,-0.314,24.00,1,122.8,607.4,0.12454,-424.1,95.1,-0.3968,0.00007,OK
2.4322,2.4120,20.3,0,125.0,607.1,0.1309,116.3,597.1,0.1438,-399.5,19.2,0.0000,-461.3,-55.7,0.0515,-464.6,5.0,0,0.0,0.0,0.0000,14.14,10.87,-15.37,-12.24,1,-0.4056,3.766,-0.314,25.00,1,119.7,607.6,0.12165,-412.5,83.2,-0.3966,-0.00004,OK
2.4404,2.4120,28.4,0,125.0,607.1,0.1309,116.3,597.1,0.1438,-399.5,19.2,0.0000,-458.0,-71.7,0.0515,-463.5,-11.2,0,0.0,0.0,0.0000,14.31,8.80,-15.33,-12.94,1,-0.3567,-1.304,0.892,25.00,1,116.3,608.0,0.11859,-409.2,105.6,-0.3549,-0.00006,OK
2.4487,2.4120,36.7,0,125.0,607.1,0.1309,116.3,597.1,0.1438,-399.5,19.2,0.0000,-467.2,-76.9,0.0515,-473.2,-15.3,0,0.0,0.0,0.0000,13.57,9.25,-15.55,-13.45,1,-0.3378,-2.648,0.500,25.00,1,112.8,608.4,0.11570,-416.1,91.1,-0.3386,-0.00005,OK
2.4562,2.4120,44.2,0,125.0,607.1,0.1309,116.3,597.1,0.1438,-399.5,19.2,0.0000,-475.7,-80.8,0.0515,-482.1,-18.0,0,0.0,0.0,0.0000,10.66,9.16,-15.75,-13.90,1,-0.3378,-2.648,0.500,25.00,1,109.7,608.6,0.11311,-384.7,50.8,-0.3483,0.00007,OK
2.4642,2.4120,52.2,0,125.0,607.1,0.1309,116.3,597.1,0.1438,-399.5,19.2,0.0000,-484.8,-85.1,0.0515,-491.7,-21.1,0,0.0,0.0,0.0000,12.93,11.06,-15.53,-12.98,1,-0.2800,1.579,-1.245,25.00,1,106.4,608.7,0.11062,-426.7,63.5,-0.2788,0.00005,OK
2.4726,2.4120,60.6,0,125.0,607.1,0.1309,116.3,597.1,0.1438,-399.5,19.2,0.0000,-491.9,-89.5,0.0515,-499.4,-24.5,0,0.0,0.0,0.0000,14.38,11.60,-15.56,-12.51,1,-0.1900,4.109,0.029,25.00,1,102.7,608.9,0.10869,-444.5,80.4,-0.1844,-0.00002,OK
2.4803,2.4120,68.3,0,125.0,607.1,0.1309,116.3,597.1,0.1438,-399.5,19.2,0.0000,-491.4,-92.2,0.0515,-499.3,-27.3,0,0.0,0.0,0.0000,14.73,10.22,-14.46,-11.66,1,-0.1367,-0.794,2.128,25.00,1,99.3,609.2,0.10750,-423.8,95.3,-0.1291,-0.00012,OK
2.4889,2.4120,76.9,0,125.0,607.1,0.1309,116.3,597.1,0.1438,-399.5,19.2,0.0000,-490.8,-95.3,0.0515,-499.1,-30.4,0,0.0,0.0,0.0000,15.58,8.99,-13.79,-12.14,1,-0.1011,-5.452,0.078,25.00,1,95.6,609.7,0.10654,-422.3,107.8,-0.0968,-0.00018,OK
2.4968,2.4120,84.8,0,125.0,607.1,0.1309,116.3,597.1,0.1438,-399.5,19.2,0.0000,-490.3,-98.1,0.0515,-498.9,-33.3,0,0.0,0.0,0.0000,16.00,9.71,-14.01,-12.92,1,-0.1011,-5.452,0.078,25.00,1,92.1,610.2,0.10579,-444.0,99.5,-0.0966,-0.00023,OK
2.5054,2.4120,93.4,0,125.0,607.1,0.1309,116.3,597.1,0.1438,-399.5,19.2,0.0000,-489.7,-101.1,0.0515,-498.7,-36.3,0,0.0,0.0,0.0000,16.61,12.07,-14.81,-13.46,1,-0.0300,-0.333,-2.138,25.00,1,88.0,610.5,0.10529,-484.9,83.4,-0.0233,-0.00032,OK
2.5128,2.4120,100.8,0,125.0,607.1,0.1309,116.3,597.1,0.1438,-399.5,19.2,0.0000,-489.2,-103.4,0.0515,-498.5,-38.7,0,0.0,0.0,0.0000,16.45,13.16,-13.90,-13.17,1,0.0656,5.541,1.432,25.00,1,84.4,610.6,0.10551,-482.9,63.9,0.0742,-0.00044,OK
2.5203,2.5147,5.6,0,72.7,618.6,0.1067,75.2,596.3,0.1438,-398.4,-35.5,0.0000,-475.6,-110.2,0.1483,-484.6,-58.9,0,0.0,0.0,0.0000,15.75,12.67,-13.31,-12.21,1,0.1267,-0.608,1.138,25.00,1,72.8,618.4,0.10668,-517.0,144.0,0.1364,-0.00057,OK
2.5281,2.5147,13.3,0,72.7,618.6,0.1067,75.2,596.3,0.1438,-398.4,-35.5,0.0000,-462.5,-118.3,0.1483,-472.4,-68.4,0,0.0,0.0,0.0000,16.75,10.94,-13.42,-12.49,1,0.1256,-2.971,-0.726,25.00,1,70.0,619.0,0.10739,-512.3,161.3,0.1302,-0.00063,OK
2.5363,2.5147,21.6,0,72.7,618.6,0.1067,75.2,596.3,0.1438,-398.4,-35.5,0.0000,-449.6,-128.7,0.1483,-460.8,-80.1,0,0.0,0.0,0.0000,16.58,10.29,-13.13,-12.95,1,0.1256,-2.971,-0.726,25.00,1,65.7,619.8,0.10846,-504.7,156.5,0.1280,-0.00065,OK
2.5447,2.5147,29.9,0,72.7,618.6,0.1067,75.2,596.3,0.1438,-398.4,-35.5,0.0000,-438.9,-141.4,0.1483,-451.4,-93.9,0,0.0,0.0,0.0000,16.77,10.86,-13.83,-12.49,1,0.1900,0.490,1.687,24.00,1,61.3,620.7,0.10981,-513.0,160.2,0.1929,-0.00069,OK
2.5520,2.5147,37.3,0,72.7,618.6,0.1067,75.2,596.3,0.1438,-398.4,-35.5,0.0000,-432.5,-154.8,0.1483,-446.6,-107.8,0,0.0,0.0,0.0000,16.67,11.75,-13.30,-12.76,1,0.2244,0.775,2.363,25.00,1,57.5,621.3,0.11138,-516.2,136.7,0.2286,-0.00074,OK
2.5603,2.5147,45.5,0,72.7,618.6,0.1067,75.2,596.3,0.1438,-398.4,-35.5,0.0000,-432.3,-171.2,0.1483,-448.0,-124.2,0,0.0,0.0,0.0000,16.04,11.21,-13.60,-12.47,1,0.1700,0.608,0.098,25.00,1,53.2,622.0,0.11303,-505.5,138.7,0.1742,-0.00078,OK
2.5687,2.5147,53.9,0,72.7,618.6,0.1067,75.2,596.3,0.1438,-398.4,-35.5,0.0000,-441.0,-185.6,0.1483,-458.3,-137.6,0,0.0,0.0,0.0000,15.69,11.84,-13.07,-12.57,1,0.1700,0.608,0.098,24.00,1,48.8,622.6,0.11451,-502.7,117.1,0.1751,-0.00084,OK
2.5764,2.5147,61.6,0,72.7,618.6,0.1067,75.2,596.3,0.1438,-398.4,-35.5,0.0000,-449.0,-190.9,0.1483,-466.8,-142.0,0,0.0,0.0,0.0000,16.58,11.33,-11.73,-12.60,1,0.1922,-1.196,-1.049,25.00,1,45.0,623.0,0.11597,-488.8,105.3,0.1994,-0.00093,OK
2.5852,2.5147,70.4,0,72.7,618.6,0.1067,75.2,596.3,0.1438,-398.4,-35.5,0.0000,-458.0,-197.3,0.1483,-476.4,-147.4,0,0.0,0.0,0.0000,16.18,11.55,-12.24,-13.01,1,0.2856,-1.687,3.344,24.00,1,40.5,623.4,0.11813,-498.1,105.1,0.2881,-0.00096,OK
2.5921,2.5147,77.4,0,72.7,618.6,0.1067,75.2,596.3,0.1438,-398.4,-35.5,0.0000,-458.4,-199.6,0.1483,-477.1,-149.6,0,0.0,0.0,0.0000,15.53,12.07,-11.16,-13.23,1,0.2878,0.471,1.618,24.00,1,37.0,623.6,0.12016,-488.5,74.1,0.2919,-0.00101,OK
2.6013,2.5147,86.6,0,72.7,618.6,0.1067,75.2,596.3,0.1438,-398.4,-35.5,0.0000,-457.3,-202.1,0.1483,-476.3,-152.2,0,0.0,0.0,0.0000,15.82,11.20,-10.16,-12.24,1,0.2744,0.755,-0.284,24.00,1,32.7,623.7,0.12282,-458.9,72.4,0.2827,-0.00111,OK
2.6081,2.5147,93.4,0,72.7,618.6,0.1067,75.2,596.3,0.1438,-398.4,-35.5,0.0000,-456.6,-203.9,0.1483,-475.7,-154.1,0,0.0,0.0,0.0000,16.20,12.32,-10.69,-12.69,1,0.2744,0.755,-0.284,25.00,1,29.4,623.8,0.12478,-480.9,64.8,0.2840,-0.00123,OK
2.6169,2.6167,0.2,0,24.1,626.6,0.1156,35.0,590.0,0.1438,-389.8,-88.9,0.0000,-440.2,-209.9,0.1127,-461.4,-157.7,0,0.0,0.0,0.0000,14.02,12.35,-10.18,-13.26,1,0.2833,-0.873,1.432,25.00,1,24.0,626.5,0.12343,-438.7,65.4,0.1686,-0.00061,OK
2.6246,2.6167,7.9,0,24.1,626.6,0.1156,35.0,590.0,0.1438,-389.8,-88.9,0.0000,-426.2,-216.4,0.1127,-448.3,-165.8,0,0.0,0.0,0.0000,12.50,11.77,-9.77,-13.63,1,0.3133,-1.098,3.187,24.00,1,24.0,626.5,0.12357,-426.5,43.0,0.1436,-0.00063,OK
2.6329,2.6167,16.2,0,24.1,626.6,0.1156,35.0,590.0,0.1438,-389.8,-88.9,0.0000,-412.1,-225.1,0.1127,-435.3,-176.0,0,0.0,0.0,0.0000,14.32,12.01,-9.89,-13.57,1,0.2967,-0.726,1.981,25.00,1,20.4,626.4,0.12553,-443.2,53.9,0.2978,-0.00064,OK
2.6406,2.6167,23.9,0,24.1,626.6,0.1156,35.0,590.0,0.1438,-389.8,-88.9,0.0000,-400.3,-235.2,0.1127,-424.7,-187.4,0,0.0,0.0,0.0000,13.78,12.56,-10.33,-13.24,1,0.2967,-0.726,1.981,26.00,1,16.9,626.4,0.12784,-447.7,50.3,0.2984,-0.00065,OK
2.6489,2.6167,32.2,0,24.1,626.6,0.1156,35.0,590.0,0.1438,-389.8,-88.9,0.0000,-390.7,-248.6,0.1127,-416.7,-201.8,0,0.0,0.0,0.0000,13.91,13.10,-9.64,-14.05,1,0.2556,-0.147,-0.598,25.00,1,13.2,626.2,0.13014,-454.4,23.1,0.2596,-0.00070,OK
2.6563,2.6167,39.6,0,24.1,626.6,0.1156,35.0,590.0,0.1438,-389.8,-88.9,0.0000,-386.3,-262.8,0.1127,-414.0,-216.5,0,0.0,0.0,0.0000,13.07,12.61,-9.38,-13.57,1,0.2878,-2.236,2.511,25.00,1,9.9,625.9,0.13220,-438.4,21.7,0.2889,-0.00071,OK
2.6648,2.6167,48.1,0,24.1,626.6,0.1156,35.0,590.0,0.1438,-389.8,-88.9,0.0000,-389.2,-279.4,0.1127,-418.8,-232.6,0,0.0,0.0,0.0000,12.53,12.54,-8.97,-13.58,1,0.2967,-1.079,1.795,24.00,1,6.3,625.6,0.13466,-430.7,10.1,0.2968,-0.00070,OK
2.6726,2.6167,55.9,0,24.1,626.6,0.1156,35.0,590.0,0.1438,-389.8,-88.9,0.0000,-397.3,-290.0,0.1127,-428.1,-242.2,0,0.0,0.0,0.0000,12.53,9.49,-7.99,-14.20,1,0.2967,-1.079,1.795,24.00,1,3.1,625.3,0.13696,-385.9,31.8,0.2926,-0.00063,OK
2.6802,2.6167,63.5,0,24.1,626.6,0.1156,35.0,590.0,0.1438,-389.8,-88.9,0.0000,-403.3,-295.6,0.1127,-434.7,-247.0,0,0.0,0.0,0.0000,12.08,9.75,-7.06,-14.35,1,0.2744,0.765,2.412,25.00,1,0.2,625.0,0.13910,-376.3,4.8,0.2728,-0.00060,OK
2.6890,2.6167,72.3,0,24.1,626.6,0.1156,35.0,590.0,0.1438,-389.8,-88.9,0.0000,-402.7,-296.4,0.1127,-434.2,-248.0,0,0.0,0.0,0.0000,11.57,11.32,-6.16,-13.68,1,0.2367,0.088,1.873,25.00,1,-3.1,624.4,0.14139,-380.6,-39.4,0.2423,-0.00066,OK
2.6983,2.6981,0.2,0,-25.2,624.1,0.1492,3.7,581.0,0.1438,-377.9,-131.1,0.0000,-384.1,-297.5,-0.0217,-424.1,-237.1,0,0.0,0.0,0.0000,11.51,13.02,-3.55,-13.62,1,0.2011,0.039,0.853,26.00,1,-24.6,624.0,0.14690,-575.8,-59.9,0.2550,-0.00105,OK
2.7044,2.6981,6.2,0,-25.2,624.1,0.1492,3.7,581.0,0.1438,-377.9,-131.1,0.0000,-372.1,-298.9,-0.0217,-412.4,-240.3,0,0.0,0.0,0.0000,11.11,13.58,-4.09,-13.35,1,0.2011,-0.539,1.294,25.00,1,-24.2,624.0,0.14812,-550.2,-45.6,0.6541,-0.00102,OK
2.7128,2.6981,14.7,0,-25.2,624.1,0.1492,3.7,581.0,0.1438,-377.9,-131.1,0.0000,-355.6,-302.4,-0.0217,-396.6,-246.2,0,0.0,0.0,0.0000,8.85,13.74,-5.36,-14.50,1,0.1500,-3.079,2.815,25.00,1,-27.8,623.1,0.15008,-543.9,-64.7,0.1544,-0.00107,OK
2.7204,2.7142,6.3,0,-32.3,620.7,0.1552,-2.4,578.8,0.1438,-375.2,-138.9,0.0000,-340.5,-304.5,-0.0456,-383.4,-248.2,0,0.0,0.0,0.0000,7.97,14.35,-5.04,-14.58,1,0.1500,-3.079,2.815,25.00,1,-32.4,621.0,0.15264,-527.7,-100.9,0.1525,-0.00118,OK
2.7286,2.7230,5.6,0,-35.8,620.8,0.1492,-5.7,577.6,0.1438,-373.6,-143.1,0.0000,-324.6,-308.3,-0.0216,-366.8,-256.6,0,0.0,0.0,0.0000,8.03,13.48,-5.32,-14.76,1,0.0867,-0.304,0.127,24.00,1,-36.3,620.2,0.15248,-496.2,-69.5,0.0825,-0.00106,OK
2.7371,2.7314,5.7,0,-38.2,618.8,0.1555,-8.8,576.4,0.1438,-372.0,-147.2,0.0000,-308.2,-312.7,-0.0466,-352.9,-261.2,0,0.0,0.0,0.0000,7.96,14.41,-4.88,-14.68,1,0.0578,1.765,2.971,25.00,1,-39.4,618.8,0.15356,-464.1,-100.7,0.0631,-0.00113,OK
2.7443,2.7401,4.3,0,-41.8,618.5,0.1564,-12.0,575.1,0.1438,-370.2,-151.5,0.0000,-294.6,-317.6,-0.0505,-340.5,-267.9,0,0.0,0.0,0.0000,8.74,13.98,-4.73,-14.94,1,0.0111,-0.843,1.353,25.00,1,-42.6,617.9,0.15430,-437.5,-81.7,0.0265,-0.00127,OK
2.7527,2.7485,4.3,0,-45.0,616.6,0.1529,-15.1,573.8,0.1438,-368.3,-155.9,0.0000,-279.0,-323.8,-0.0362,-325.0,-277.6,0,0.0,0.0,0.0000,7.99,13.93,-4.57,-15.12,1,0.0111,-0.843,1.353,24.00,1,-45.6,616.6,0.15416,-416.9,-100.7,0.0123,-0.00130,OK
2.7604,2.7568,3.6,0,-49.2,614.8,0.1545,-18.2,572.5,0.1438,-366.4,-160.0,0.0000,-264.6,-329.1,-0.0429,-312.1,-284.5,0,0.0,0.0,0.0000,5.81,13.93,-4.81,-14.34,1,-0.0267,-2.089,0.559,25.00,1,-48.9,615.0,0.15399,-402.2,-113.2,-0.0328,-0.00118,OK
2.7681,2.7657,2.4,0,-51.4,612.8,0.1551,-21.5,571.0,0.1438,-364.6,-164.4,0.0000,-254.4,-334.1,-0.0450,-303.0,-290.8,0,0.0,0.0,0.0000,5.54,14.24,-3.88,-14.87,1,-0.0644,-1.098,1.667,25.00,1,-51.8,613.0,0.15365,-380.2,-155.1,-0.0579,-0.00114,OK
2.7768,2.7735,3.3,0,-54.9,611.4,0.1511,-24.3,569.7,0.1438,-362.9,-168.0,0.0000,-250.7,-338.6,-0.0293,-298.8,-296.9,0,0.0,0.0,0.0000,6.06,14.87,-3.45,-15.03,1,-0.0756,0.686,1.912,25.00,1,-54.8,611.3,0.15278,-398.3,-160.5,-0.0787,-0.00116,OK
2.7850,2.7826,2.3,0,-57.2,610.2,0.1440,-27.6,568.2,0.1438,-360.8,-172.2,0.0000,-250.7,-342.7,-0.0009,-297.3,-303.2,0,0.0,0.0,0.0000,5.72,14.34,-2.99,-14.91,1,-0.0756,0.686,1.912,25.00,1,-57.6,609.7,0.15078,-360.9,-144.0,-0.1233,-0.00110,OK
2.7930,2.7916,1.4,0,-60.9,606.6,0.1561,-30.8,566.6,0.1438,-358.6,-176.6,0.0000,-245.9,-339.9,-0.0493,-295.8,-297.5,0,0.0,0.0,0.0000,4.69,14.15,-2.57,-14.67,1,-0.1133,-0.010,2.030,25.00,1,-60.7,607.1,0.15091,-367.8,-205.1,-0.0544,-0.00122,OK
2.8008,2.7986,2.2,0,-63.3,605.3,0.1527,-33.3,565.4,0.1438,-356.9,-180.1,0.0000,-244.8,-343.5,-0.0357,-294.2,-302.3,0,0.0,0.0,0.0000,4.04,14.36,-2.13,-15.08,1,-0.1167,-1.285,-0.324,25.00,1,-63.1,605.3,0.15037,-362.6,-203.6,-0.0998,-0.00121,OK
2.8090,2.8068,2.3,0,-67.3,602.7,0.1449,-36.2,563.9,0.1438,-355.0,-184.0,0.0000,-239.2,-343.9,-0.0042,-286.3,-305.8,0,0.0,0.0,0.0000,3.11,14.82,-1.88,-14.53,1,-0.0589,-4.246,3.501,25.00,1,-66.3,603.0,0.14892,-378.0,-217.4,-0.1182,-0.00080,OK
2.8167,2.8162,0.5,0,-69.7,600.7,0.1459,-39.6,562.1,0.1438,-352.8,-188.5,0.0000,-237.6,-345.5,-0.0085,-285.3,-307.3,0,0.0,0.0,0.0000,3.75,14.98,-1.48,-15.40,1,-0.0589,-4.246,3.501,25.00,1,-69.6,600.5,0.14795,-380.8,-214.7,-0.0929,-0.00069,OK
2.8243,2.8162,8.1,0,-69.7,600.7,0.1459,-39.6,562.1,0.1438,-352.8,-188.5,0.0000,-243.2,-353.2,-0.0085,-292.0,-314.1,0,0.0,0.0,0.0000,3.26,15.39,-0.61,-14.39,1,-0.1056,-1.628,0.422,25.00,1,-69.6,600.5,0.14793,-364.3,-240.8,-0.0961,-0.00080,OK
2.8326,2.8326,0.0,0,-74.5,595.6,0.1561,-45.3,559.0,0.1438,-348.8,-196.0,0.0000,-235.1,-346.5,-0.0491,-286.1,-305.7,0,0.0,0.0,0.0000,2.83,16.20,1.11,-14.60,1,-0.0967,2.010,-0.892,25.00,1,-74.6,595.5,0.14878,-351.9,-271.2,0.0616,-0.00134,OK
2.8410,2.8408,0.2,0,-76.5,594.2,0.1520,-48.2,557.3,0.1438,-346.5,-199.8,0.0000,-235.2,-350.9,-0.0326,-285.6,-311.2,0,0.0,0.0,0.0000,3.17,15.71,1.75,-14.53,1,-0.0433,0.000,3.599,24.00,1,-76.8,593.6,0.14953,-325.8,-227.5,0.0655,-0.00190,OK
2.8489,2.8408,8.0,0,-76.5,594.2,0.1520,-48.2,557.3,0.1438,-346.5,-199.8,0.0000,-240.9,-358.8,-0.0326,-292.4,-318.2,0,0.0,0.0,0.0000,2.28,14.03,1.19,-14.22,1,-0.0300,-2.971,0.157,24.00,1,-76.8,593.6,0.14929,-309.3,-235.3,-0.0118,-0.00211,OK
2.8562,2.8408,15.3,0,-76.5,594.2,0.1520,-48.2,557.3,0.1438,-346.5,-199.8,0.0000,-246.0,-366.3,-0.0326,-298.6,-324.8,0,0.0,0.0,0.0000,1.26,14.42,0.72,-14.62,1,0.0044,-1.030,-1.226,24.00,1,-78.7,591.6,0.14916,-291.2,-228.8,-0.0190,-0.00179,OK
2.8641,2.8408,23.2,0,-76.5,594.2,0.1520,-48.2,557.3,0.1438,-346.5,-199.8,0.0000,-251.4,-374.5,-0.0326,-305.2,-332.2,0,0.0,0.0,0.0000,0.86,15.35,1.29,-14.24,1,0.0044,-1.030,-1.226,24.00,1,-80.6,589.4,0.14900,-286.6,-250.1,-0.0163,-0.00151,OK
2.8728,2.8408,32.0,0,-76.5,594.2,0.1520,-48.2,557.3,0.1438,-346.5,-199.8,0.0000,-257.3,-383.9,-0.0326,-312.5,-340.5,0,0.0,0.0,0.0000,1.90,14.97,2.57,-10.32,1,0.0667,0.981,4.992,25.00,1,-82.7,587.0,0.14956,-257.3,-228.0,0.1353,-0.00204,OK
2.8807,2.8408,39.8,0,-76.5,594.2,0.1520,-48.2,557.3,0.1438,-346.5,-199.8,0.0000,-262.4,-392.3,-0.0326,-318.8,-348.0,0,0.0,0.0,0.0000,1.64,14.63,2.80,-9.87,1,0.0278,0.824,-1.481,25.00,1,-84.4,584.9,0.15062,-244.4,-226.9,0.1226,-0.00266,OK
2.8883,2.8408,47.5,0,-76.5,594.2,0.1520,-48.2,557.3,0.1438,-346.5,-199.8,0.0000,-267.3,-400.5,-0.0326,-324.9,-355.4,0,0.0,0.0,0.0000,0.14,14.60,2.55,-12.07,1,0.0467,-2.520,-2.010,25.00,1,-85.9,582.8,0.15124,-244.9,-260.8,0.0439,-0.00258,OK
2.8971,2.8408,56.3,0,-76.5,594.2,0.1520,-48.2,557.3,0.1438,-346.5,-199.8,0.0000,-273.0,-409.9,-0.0326,-332.0,-363.9,0,0.0,0.0,0.0000,-0.36,14.37,0.09,-13.46,1,0.0467,-2.520,-2.010,24.00,1,-87.7,580.4,0.15061,-244.0,-222.4,-0.1682,-0.00169,OK
2.9043,2.8408,63.5,0,-76.5,594.2,0.1520,-48.2,557.3,0.1438,-346.5,-199.8,0.0000,-276.8,-416.4,-0.0326,-336.6,-369.7,0,0.0,0.0,0.0000,0.57,16.14,2.66,-15.43,1,0.0911,-3.158,2.844,25.00,1,-89.4,578.1,0.15029,-289.4,-311.0,0.0763,-0.00151,OK
2.9121,2.8408,71.3,0,-76.5,594.2,0.1520,-48.2,557.3,0.1438,-346.5,-199.8,0.0000,-276.4,-416.6,-0.0326,-336.3,-370.0,0,0.0,0.0,0.0000,0.96,16.00,3.32,-14.37,1,0.0800,1.412,2.265,24.00,1,-91.3,575.3,0.15099,-290.6,-317.2,0.0981,-0.00172,OK
2.9218,2.9216,0.2,0,-93.6,574.7,0.1561,-75.2,539.7,0.1438,-322.9,-236.0,0.0000,-262.7,-403.0,-0.0493,-322.2,-357.3,0,0.0,0.0,0.0000,0.75,15.58,3.51,-14.18,1,0.0633,1.697,0.127,25.00,1,-93.8,574.4,0.15370,-248.8,-244.0,0.1225,-0.00206,OK
2.9286,2.9216,7.0,0,-93.6,574.7,0.1561,-75.2,539.7,0.1438,-322.9,-236.0,0.0000,-252.1,-394.4,-0.0493,-310.4,-350.4,0,0.0,0.0,0.0000,1.11,15.99,2.77,-14.01,1,0.0633,1.697,0.127,25.00,1,-93.8,574.4,0.15380,-256.4,-245.7,0.1535,-0.00206,OK
2.9360,2.9216,14.4,0,-93.6,574.7,0.1561,-75.2,539.7,0.1438,-322.9,-236.0,0.0000,-245.7,-393.8,-0.0493,-303.9,-350.8,0,0.0,0.0,0.0000,0.97,16.45,2.63,-14.62,1,0.0456,-0.726,0.579,25.00,1,-95.2,572.5,0.15439,-268.9,-263.8,0.0516,-0.00211,OK
2.9450,2.9438,1.1,0,-103.7,560.5,0.1498,-82.3,534.4,0.1438,-316.0,-245.2,0.0000,-234.7,-379.6,-0.0241,-288.8,-340.3,0,0.0,0.0,0.0000,0.42,16.44,2.54,-14.91,1,0.0878,-2.962,-0.049,25.00,1,-102.2,562.4,0.15384,-394.8,-452.4,0.0258,-0.00179,OK
2.9528,2.9515,1.4,0,-105.3,557.5,0.1532,-84.7,532.5,0.1438,-313.4,-248.5,0.0000,-225.1,-367.2,-0.0377,-278.5,-328.5,0,0.0,0.0,0.0000,1.07,16.06,2.51,-16.08,1,0.1156,-0.696,2.658,24.00,1,-104.9,558.2,0.15446,-390.8,-438.1,0.0951,-0.00166,OK
2.9606,2.9595,1.1,0,-107.6,554.1,0.1604,-87.2,530.5,0.1438,-310.7,-251.9,0.0000,-217.8,-359.4,-0.0664,-272.4,-320.0,0,0.0,0.0,0.0000,1.37,17.33,2.25,-15.93,1,0.0844,2.952,-1.059,25.00,1,-107.5,554.2,0.15628,-394.7,-428.2,0.1346,-0.00171,OK
2.9687,2.9676,1.1,0,-109.7,551.8,0.1510,-89.7,528.4,0.1438,-307.8,-255.3,0.0000,-215.9,-361.6,-0.0287,-267.8,-325.0,0,0.0,0.0,0.0000,1.21,18.16,2.64,-14.69,1,0.0844,2.952,-1.059,25.00,1,-109.8,551.1,0.15567,-364.0,-376.6,0.0303,-0.00165,OK
2.9764,2.9676,8.8,0,-109.7,551.8,0.1510,-89.7,528.4,0.1438,-307.8,-255.3,0.0000,-220.1,-370.2,-0.0287,-273.3,-332.9,0,0.0,0.0,0.0000,0.68,16.81,3.01,-14.80,1,0.0878,1.373,-0.118,25.00,1,-110.0,550.7,0.15589,-349.3,-394.7,0.0886,-0.00164,OK
2.9848,2.9846,0.2,0,-113.5,545.3,0.1596,-94.9,524.0,0.1438,-301.7,-262.3,0.0000,-213.2,-360.4,-0.0631,-267.7,-321.9,0,0.0,0.0,0.0000,0.10,16.86,3.03,-14.75,1,0.1167,-0.686,0.569,24.00,1,-113.8,544.7,0.15798,-295.4,-337.8,0.1301,-0.00150,OK
2.9926,2.9846,8.0,0,-113.5,545.3,0.1596,-94.9,524.0,0.1438,-301.7,-262.3,0.0000,-217.0,-369.3,-0.0631,-273.0,-330.2,0,0.0,0.0,0.0000,0.66,16.42,2.69,-15.11,1,0.1478,-1.853,0.912,24.00,1,-113.9,544.7,0.15798,-314.7,-350.6,0.1315,-0.00128,OK
3.0002,2.9929,7.2,0,-115.8,541.8,0.1616,-97.4,521.8,0.1438,-298.8,-265.7,0.0000,-213.6,-367.6,-0.0711,-269.9,-328.4,0,0.0,0.0,0.0000,0.23,17.20,1.93,-14.03,1,0.1478,-1.853,0.912,24.00,1,-115.9,541.6,0.15928,-293.4,-322.4,0.0774,-0.00077,OK
3.0088,3.0010,7.7,0,-117.5,538.8,0.1548,-99.8,519.6,0.1438,-296.1,-268.8,0.0000,-212.5,-368.7,-0.0441,-266.8,-331.5,0,0.0,0.0,0.0000,0.78,16.64,1.73,-16.00,1,0.0922,-2.167,-1.559,25.00,1,-117.7,538.7,0.15889,-311.8,-333.4,0.0440,-0.00023,OK
3.0164,3.0097,6.6,0,-119.8,535.9,0.1571,-102.4,517.3,0.1438,-293.2,-272.2,0.0000,-209.2,-369.1,-0.0533,-264.4,-331.8,0,0.0,0.0,0.0000,0.89,17.68,1.05,-15.89,1,0.1133,1.697,1.618,25.00,1,-119.9,535.7,0.15870,-311.5,-315.5,-0.0008,0.00047,OK
3.0247,3.0246,0.1,0,-123.0,530.5,0.1649,-106.7,513.2,0.1438,-287.6,-278.1,0.0000,-203.4,-362.3,-0.0842,-260.1,-324.0,0,0.0,0.0,0.0000,1.40,18.18,0.37,-14.48,1,0.0944,1.500,-0.785,24.00,1,-123.3,530.5,0.16023,-289.2,-296.6,0.0986,0.00093,OK
3.0331,3.0246,8.5,0,-123.0,530.5,0.1649,-106.7,513.2,0.1438,-287.6,-278.1,0.0000,-207.1,-372.1,-0.0842,-265.4,-333.0,0,0.0,0.0,0.0000,0.15,16.03,1.40,-14.17,1,0.1011,-1.412,0.363,24.00,1,-123.4,530.4,0.15976,-265.2,-305.0,-0.0358,0.00168,OK
3.0411,3.0354,5.7,0,-125.6,526.6,0.1601,-109.8,510.2,0.1438,-283.4,-282.2,0.0000,-202.7,-369.8,-0.0653,-259.1,-332.7,0,0.0,0.0,0.0000,0.03,15.78,2.45,-14.29,1,0.1011,-1.412,0.363,25.00,1,-125.6,526.7,0.15997,-264.2,-328.7,0.0526,0.00213,OK
3.0490,3.0436,5.4,0,-128.1,523.6,0.1627,-112.1,507.8,0.1438,-280.2,-285.2,0.0000,-198.5,-370.1,-0.0755,-255.9,-333.1,0,0.0,0.0,0.0000,0.27,15.15,2.38,-14.44,1,0.1189,-2.530,0.569,27.00,1,-127.7,523.6,0.16090,-276.1,-321.7,0.0798,0.00253,OK
3.0563,3.0541,2.2,0,-129.6,520.8,0.1676,-115.0,504.8,0.1438,-276.4,-289.0,0.0000,-196.8,-370.5,-0.0951,-255.8,-332.5,0,0.0,0.0,0.0000,0.33,15.41,2.66,-14.91,1,0.1078,-0.255,1.834,25.00,1,-129.8,520.3,0.16282,-267.7,-304.9,0.1283,0.00272,OK
3.0646,3.0541,10.5,0,-129.6,520.8,0.1676,-115.0,504.8,0.1438,-276.4,-289.0,0.0000,-199.9,-380.6,-0.0951,-260.6,-341.9,0,0.0,0.0,0.0000,0.35,16.06,2.53,-14.36,1,0.0500,3.236,-0.412,24.00,1,-130.4,519.4,0.16277,-275.5,-318.6,0.0329,0.00290,OK
3.0726,3.0541,18.5,0,-129.6,520.8,0.1676,-115.0,504.8,0.1438,-276.4,-289.0,0.0000,-203.1,-389.9,-0.0951,-265.3,-350.6,0,0.0,0.0,0.0000,0.65,15.82,2.49,-13.73,1,0.0500,3.236,-0.412,25.00,1,-132.1,516.6,0.16308,-273.9,-311.1,0.0443,0.00294,OK
3.0810,3.0541,27.0,0,-129.6,520.8,0.1676,-115.0,504.8,0.1438,-276.4,-289.0,0.0000,-206.4,-400.0,-0.0951,-270.2,-359.9,0,0.0,0.0,0.0000,-0.45,14.27,3.06,-13.42,1,0.0022,0.098,-1.196,26.00,1,-133.9,513.6,0.16321,-241.6,-312.6,-0.0107,0.00306,OK
3.0889,3.0541,34.8,0,-129.6,520.8,0.1676,-115.0,504.8,0.1438,-276.4,-289.0,0.0000,-209.4,-409.4,-0.0951,-274.7,-368.7,0,0.0,0.0,0.0000,-1.02,11.01,2.66,-14.59,1,-0.0044,-3.923,1.442,25.00,1,-135.2,511.0,0.16294,-205.4,-278.7,-0.0500,0.00347,OK
3.0972,3.0541,43.1,0,-129.6,520.8,0.1676,-115.0,504.8,0.1438,-276.4,-289.0,0.0000,-212.1,-419.3,-0.0951,-279.1,-378.1,0,0.0,0.0,0.0000,-1.59,10.92,2.28,-15.13,1,-0.0322,-2.864,-0.049,25.00,1,-136.5,508.5,0.16209,-200.5,-278.3,-0.1453,0.00409,OK
3.1041,3.0541,50.0,0,-129.6,520.8,0.1676,-115.0,504.8,0.1438,-276.4,-289.0,0.0000,-214.2,-427.7,-0.0951,-282.6,-386.0,0,0.0,0.0,0.0000,-0.64,13.17,2.15,-15.15,1,-0.0967,3.187,-1.138,25.00,1,-137.7,506.2,0.16107,-242.0,-303.7,-0.1413,0.00450,OK
3.1128,3.0541,58.7,0,-129.6,520.8,0.1676,-115.0,504.8,0.1438,-276.4,-289.0,0.0000,-216.7,-438.5,-0.0951,-286.9,-396.2,0,0.0,0.0,0.0000,-0.11,14.73,2.21,-14.47,1,-0.0967,3.187,-1.138,24.00,1,-139.4,503.2,0.15993,-261.0,-316.2,-0.1164,0.00468,OK
3.1204,3.0541,66.3,0,-129.6,520.8,0.1676,-115.0,504.8,0.1438,-276.4,-289.0,0.0000,-219.0,-447.7,-0.0951,-290.6,-404.9,0,0.0,0.0,0.0000,-0.23,13.98,2.76,-14.58,1,-0.1344,2.422,-0.647,24.00,1,-141.0,500.5,0.15899,-256.6,-324.5,-0.1341,0.00462,OK
3.1287,3.1251,3.5,0,-139.2,505.2,0.1737,-133.7,483.4,0.1438,-247.9,-313.8,0.0000,-209.4,-434.2,-0.1196,-281.3,-391.5,0,0.0,0.0,0.0000,-0.96,14.23,3.07,-14.75,1,-0.1467,-1.069,2.020,24.00,1,-139.6,504.5,0.16150,-174.8,-222.4,-0.0955,0.00432,OK
3.1370,3.1251,11.9,0,-139.2,505.2,0.1737,-133.7,483.4,0.1438,-247.9,-313.8,0.0000,-197.2,-422.8,-0.1196,-267.3,-382.3,0,0.0,0.0,0.0000,-0.12,14.62,2.91,-14.49,1,-0.1622,-1.510,1.383,25.00,1,-140.2,503.5,0.16088,-203.8,-237.3,-0.1594,0.00424,OK
3.1445,3.1251,19.4,0,-139.2,505.2,0.1737,-133.7,483.4,0.1438,-247.9,-313.8,0.0000,-197.3,-430.2,-0.1196,-268.7,-389.6,0,0.0,0.0,0.0000,-0.44,13.36,2.22,-13.82,1,-0.1622,-1.510,1.383,25.00,1,-141.4,501.6,0.15964,-183.2,-213.3,-0.1703,0.00429,OK
3.1521,3.1251,26.9,0,-139.2,505.2,0.1737,-133.7,483.4,0.1438,-247.9,-313.8,0.0000,-199.2,-439.4,-0.1196,-272.2,-398.4,0,0.0,0.0,0.0000,-0.42,14.42,1.67,-14.26,1,-0.2133,1.275,-1.226,24.00,1,-142.5,499.8,0.15813,-199.4,-222.9,-0.2271,0.00440,OK
3.1609,3.1251,35.8,0,-139.2,505.2,0.1737,-133.7,483.4,0.1438,-247.9,-313.8,0.0000,-201.2,-450.4,-0.1196,-276.0,-408.9,0,0.0,0.0,0.0000,-0.34,15.07,1.72,-14.43,1,-0.2544,0.275,-0.177,24.00,1,-144.0,497.4,0.15595,-213.9,-241.2,-0.2639,0.00446,OK
3.1686,3.1251,43.5,0,-139.2,505.2,0.1737,-133.7,483.4,0.1438,-247.9,-313.8,0.0000,-201.8,-457.5,-0.1196,-277.8,-415.7,0,0.0,0.0,0.0000,-0.95,14.27,1.84,-15.53,1,-0.2944,0.304,1.432,25.00,1,-145.3,495.3,0.15372,-209.3,-253.6,-0.3118,0.00461,OK
3.1762,3.1251,51.0,0,-139.2,505.2,0.1737,-133.7,483.4,0.1438,-247.9,-313.8,0.0000,-199.7,-458.4,-0.1196,-275.9,-417.0,0,0.0,0.0,0.0000,-0.43,15.24,1.87,-15.19,1,-0.3244,-1.559,-2.520,25.00,1,-146.7,493.1,0.15129,-231.1,-269.5,-0.3290,0.00461,OK
3.1849,3.1251,59.7,0,-139.2,505.2,0.1737,-133.7,483.4,0.1438,-247.9,-313.8,0.0000,-197.4,-459.4,-0.1196,-273.9,-418.3,0,0.0,0.0,0.0000,-1.02,14.64,2.27,-15.22,1,-0.3244,-1.559,-2.520,25.00,1,-148.3,490.4,0.14841,-218.7,-278.7,-0.3331,0.00465,OK
3.1933,3.1251,68.1,0,-139.2,505.2,0.1737,-133.7,483.4,0.1438,-247.9,-313.8,0.0000,-195.2,-460.3,-0.1196,-271.8,-419.7,0,0.0,0.0,0.0000,-1.09,14.35,2.04,-15.23,1,-0.2956,-0.500,0.735,24.00,1,-149.7,487.9,0.14568,-214.9,-274.0,-0.3135,0.00479,OK
3.2007,3.1251,75.6,0,-139.2,505.2,0.1737,-133.7,483.4,0.1438,-247.9,-313.8,0.0000,-193.2,-461.2,-0.1196,-270.0,-420.8,0,0.0,0.0,0.0000,-1.16,15.20,3.11,-15.18,1,-0.2789,1.814,1.736,24.00,1,-151.0,485.4,0.14347,-224.8,-308.6,-0.2806,0.00476,OK
3.2093,3.1251,84.2,0,-139.2,505.2,0.1737,-133.7,483.4,0.1438,-247.9,-313.8,0.0000,-190.8,-462.2,-0.1196,-267.8,-422.3,0,0.0,0.0,0.0000,-1.29,15.49,3.19,-14.65,1,-0.3567,1.177,0.059,25.00,1,-152.6,482.5,0.14077,-227.0,-316.4,-0.3489,0.00463,OK
3.2160,3.1251,90.9,0,-139.2,505.2,0.1737,-133.7,483.4,0.1438,-247.9,-313.8,0.0000,-188.8,-463.0,-0.1196,-266.0,-423.4,0,0.0,0.0,0.0000,-2.06,14.19,2.44,-14.97,1,-0.3567,1.177,0.059,27.00,1,-153.7,480.3,0.13831,-204.5,-295.8,-0.3791,0.00481,OK
3.2248,3.1251,99.7,0,-139.2,505.2,0.1737,-133.7,483.4,0.1438,-247.9,-313.8,0.0000,-186.1,-464.1,-0.1196,-263.5,-424.9,0,0.0,0.0,0.0000,-2.19,14.11,2.14,-14.77,1,-0.4356,-2.256,0.510,25.00,1,-155.1,477.5,0.13462,-206.0,-295.2,-0.4580,0.00500,OK
3.2327,3.2313,1.3,0,-163.1,465.3,0.1405,-157.6,448.3,0.1438,-201.2,-345.6,0.0000,-174.9,-453.0,0.0132,-236.6,-424.0,0,0.0,0.0,0.0000,-1.94,13.73,1.73,-15.80,1,-0.4544,-1.991,0.618,24.00,1,-162.9,465.6,0.13259,-277.9,-358.1,-0.3917,0.00480,OK
3.2400,3.2313,8.7,0,-163.1,465.3,0.1405,-157.6,448.3,0.1438,-201.2,-345.6,0.0000,-163.0,-444.3,0.0132,-223.6,-417.1,0,0.0,0.0,0.0000,-1.81,15.27,2.25,-15.76,1,-0.4667,0.490,-0.726,25.00,1,-163.0,465.3,0.13208,-286.0,-377.9,-0.4803,0.00488,OK
3.2484,3.2313,17.1,0,-163.1,465.3,0.1405,-157.6,448.3,0.1438,-201.2,-345.6,0.0000,-146.7,-440.6,0.0132,-206.9,-415.7,0,0.0,0.0,0.0000,-1.51,15.47,3.32,-15.43,1,-0.4500,2.854,4.148,25.00,1,-165.0,461.8,0.12827,-290.7,-397.2,-0.4327,0.00467,OK
3.2572,3.2313,25.9,0,-163.1,465.3,0.1405,-157.6,448.3,0.1438,-201.2,-345.6,0.0000,-144.0,-450.9,0.0132,-205.7,-426.3,0,0.0,0.0,0.0000,-1.22,14.68,3.41,-15.32,1,-0.4500,2.854,4.148,25.00,1,-167.1,458.0,0.12454,-287.1,-388.3,-0.4163,0.00436,OK
3.2646,3.2313,33.3,0,-163.1,465.3,0.1405,-157.6,448.3,0.1438,-201.2,-345.6,0.0000,-144.6,-460.1,0.0132,-207.6,-435.3,0,0.0,0.0,0.0000,-1.65,14.07,2.46,-15.00,1,-0.4678,-0.078,-1.559,25.00,1,-168.8,455.0,0.12127,-268.0,-363.2,-0.4678,0.00432,OK
3.2722,3.2313,40.8,0,-163.1,465.3,0.1405,-157.6,448.3,0.1438,-201.2,-345.6,0.0000,-145.0,-469.5,0.0132,-209.3,-444.6,0,0.0,0.0,0.0000,-3.17,14.94,2.39,-16.17,1,-0.4844,-1.294,-3.981,25.00,1,-170.4,452.0,0.11747,-257.8,-379.3,-0.5373,0.00464,OK
3.2810,3.2313,49.7,0,-163.1,465.3,0.1405,-157.6,448.3,0.1438,-201.2,-345.6,0.0000,-144.7,-478.6,0.0132,-210.3,-453.6,0,0.0,0.0,0.0000,-3.24,15.66,2.57,-16.41,1,-0.4400,-0.520,6.806,25.00,1,-172.3,448.3,0.11286,-260.8,-388.9,-0.5045,0.00497,OK
3.2888,3.2313,57.4,0,-163.1,465.3,0.1405,-157.6,448.3,0.1438,-201.2,-345.6,0.0000,-142.1,-479.4,0.0132,-207.9,-454.7,0,0.0,0.0,0.0000,-2.64,14.62,3.36,-16.76,1,-0.4400,-0.520,6.806,25.00,1,-174.0,445.1,0.10915,-261.9,-398.8,-0.4558,0.00506,OK
3.2967,3.2313,65.3,0,-163.1,465.3,0.1405,-157.6,448.3,0.1438,-201.2,-345.6,0.0000,-139.5,-480.1,0.0132,-205.4,-455.9,0,0.0,0.0,0.0000,-1.85,14.98,3.27,-14.50,1,-0.4389,2.314,-2.834,26.00,1,-175.7,441.8,0.10566,-260.5,-379.0,-0.4260,0.00490,OK
3.3053,3.2313,74.0,0,-163.1,465.3,0.1405,-157.6,448.3,0.1438,-201.2,-345.6,0.0000,-136.7,-480.9,0.0132,-202.8,-457.0,0,0.0,0.0,0.0000,-2.66,15.14,3.22,-10.43,1,-0.3589,-0.284,-2.314,25.00,1,-177.3,438.6,0.10228,-193.5,-325.2,-0.3576,0.00485,OK
3.3130,3.2313,81.7,0,-163.1,465.3,0.1405,-157.6,448.3,0.1438,-201.2,-345.6,0.0000,-134.5,-481.6,0.0132,-200.6,-458.0,0,0.0,0.0,0.0000,-2.70,14.94,4.06,-13.60,1,-0.2878,-2.844,4.501,24.00,1,-178.6,435.7,0.09978,-226.6,-379.3,-0.2950,0.00486,OK
3.3208,3.2313,89.5,0,-163.1,465.3,0.1405,-157.6,448.3,0.1438,-201.2,-345.6,0.0000,-132.1,-482.2,0.0132,-198.3,-459.0,0,0.0,0.0,0.0000,-2.03,15.04,4.52,-15.82,1,-0.2578,-1.363,-0.088,24.00,1,-180.2,432.4,0.09764,-256.8,-404.9,-0.2544,0.00478,OK
3.3285,3.2313,97.2,0,-163.1,465.3,0.1405,-157.6,448.3,0.1438,-201.2,-345.6,0.0000,-129.6,-482.9,0.0132,-196.0,-460.0,0,0.0,0.0,0.0000,-1.85,15.54,3.78,-15.93,1,-0.2578,-1.363,-0.088,25.00,1,-182.0,429.2,0.09562,-263.5,-397.3,-0.2662,0.00482,OK
3.3362,3.3338,2.4,0,-187.4,423.5,0.0966,-175.7,411.6,0.1438,-151.9,-370.0,0.0000,-118.8,-472.0,0.1888,-163.8,-458.3,0,0.0,0.0,0.0000,-1.37,16.35,4.04,-15.73,1,-0.2378,2.854,-0.794,25.00,1,-187.3,423.5,0.09410,-299.1,-402.1,-0.2100,0.00454,OK
3.3448,3.3338,11.0,0,-187.4,423.5,0.0966,-175.7,411.6,0.1438,-151.9,-370.0,0.0000,-105.2,-461.6,0.1888,-149.2,-449.3,0,0.0,0.0,0.0000,-2.14,16.29,4.61,-14.93,1,-0.2033,-0.127,0.961,25.00,1,-188.0,422.3,0.09350,-271.7,-405.2,-0.2036,0.00450,OK
3.3521,3.3338,18.3,0,-187.4,423.5,0.0966,-175.7,411.6,0.1438,-151.9,-370.0,0.0000,-92.1,-455.1,0.1888,-135.6,-444.1,0,0.0,0.0,0.0000,-3.26,15.22,5.03,-14.41,1,-0.1744,-1.461,1.245,25.00,1,-189.6,419.2,0.09206,-236.4,-403.0,-0.1892,0.00460,OK
3.3604,3.3338,26.6,0,-187.4,423.5,0.0966,-175.7,411.6,0.1438,-151.9,-370.0,0.0000,-75.4,-454.8,0.1888,-119.0,-445.4,0,0.0,0.0,0.0000,-3.06,15.61,5.16,-13.81,1,-0.1744,-1.461,1.245,24.00,1,-191.3,415.7,0.09052,-234.5,-401.1,-0.1809,0.00462,OK
3.3687,3.3338,34.9,0,-187.4,423.5,0.0966,-175.7,411.6,0.1438,-151.9,-370.0,0.0000,-68.4,-465.0,0.1888,-113.0,-456.2,0,0.0,0.0,0.0000,-2.64,15.50,4.64,-14.08,1,-0.1078,-1.510,-0.265,25.00,1,-192.9,412.2,0.08924,-238.5,-390.1,-0.1249,0.00474,OK
3.3770,3.3338,43.2,0,-187.4,423.5,0.0966,-175.7,411.6,0.1438,-151.9,-370.0,0.0000,-67.6,-475.2,0.1888,-113.1,-466.5,0,0.0,0.0,0.0000,-2.66,16.37,5.19,-14.48,1,-0.0478,-0.392,-0.098,25.00,1,-194.6,408.7,0.08845,-243.8,-409.6,-0.0629,0.00485,OK
3.3844,3.3338,50.6,0,-187.4,423.5,0.0966,-175.7,411.6,0.1438,-151.9,-370.0,0.0000,-66.5,-484.4,0.1888,-112.9,-475.7,0,0.0,0.0,0.0000,-3.52,17.41,6.56,-14.92,1,-0.0167,1.491,0.941,25.00,1,-196.1,405.3,0.08811,-238.2,-450.5,-0.0274,0.00491,OK
3.3922,3.3338,58.3,0,-187.4,423.5,0.0966,-175.7,411.6,0.1438,-151.9,-370.0,0.0000,-65.2,-493.9,0.1888,-112.5,-485.4,0,0.0,0.0,0.0000,-2.86,16.93,7.42,-13.79,1,-0.0167,1.491,0.941,25.00,1,-197.6,401.8,0.08803,-233.7,-437.1,-0.0029,0.00470,OK
3.4009,3.3338,67.1,0,-187.4,423.5,0.0966,-175.7,411.6,0.1438,-151.9,-370.0,0.0000,-62.5,-496.1,0.1888,-110.0,-487.7,0,0.0,0.0,0.0000,-3.06,16.71,6.76,-13.60,1,0.0144,-0.304,0.451,25.00,1,-199.3,397.8,0.08809,-223.7,-428.2,0.0157,0.00463,OK
3.4088,3.3338,74.9,0,-187.4,423.5,0.0966,-175.7,411.6,0.1438,-151.9,-370.0,0.0000,-60.0,-496.4,0.1888,-107.6,-488.3,0,0.0,0.0,0.0000,-3.95,16.62,6.44,-13.13,1,0.0478,-1.942,0.333,25.00,1,-200.6,394.4,0.08825,-201.9,-425.3,0.0304,0.00477,OK
3.4163,3.3338,82.5,0,-187.4,423.5,0.0966,-175.7,411.6,0.1438,-151.9,-370.0,0.0000,-57.7,-496.7,0.1888,-105.3,-488.8,0,0.0,0.0,0.0000,-4.17,15.72,6.98,-13.00,1,0.0911,-0.755,1.481,24.00,1,-201.8,391.0,0.08862,-188.4,-426.9,0.0740,0.00491,OK
3.4250,3.3338,91.2,0,-187.4,423.5,0.0966,-175.7,411.6,0.1438,-151.9,-370.0,0.0000,-55.3,-496.9,0.1888,-102.9,-489.3,0,0.0,0.0,0.0000,-4.46,15.73,7.70,-13.18,1,0.1033,-0.255,-0.343,25.00,1,-203.1,387.1,0.08931,-182.9,-441.5,0.0901,0.00501,OK
3.4327,3.3338,98.9,0,-187.4,423.5,0.0966,-175.7,411.6,0.1438,-151.9,-370.0,0.0000,-52.9,-497.2,0.1888,-100.6,-489.8,0,0.0,0.0,0.0000,-4.55,16.46,8.57,-12.51,1,0.1033,-0.255,-0.343,24.00,1,-204.1,383.5,0.09007,-176.2,-450.7,0.1026,0.00496,OK
3.4403,3.4357,4.6,0,-207.3,387.1,0.0834,-188.6,373.0,0.1438,-100.6,-387.2,0.0000,-42.0,-486.9,0.2415,-82.4,-481.8,0,0.0,0.0,0.0000,-4.33,16.29,8.10,-12.23,1,0.1478,-1.402,-0.020,24.00,1,-207.2,386.8,0.08821,-181.9,-361.4,0.1277,0.00528,OK
3.4487,3.4357,13.0,0,-207.3,387.1,0.0834,-188.6,373.0,0.1438,-100.6,-387.2,0.0000,-28.0,-477.6,0.2415,-67.7,-473.6,0,0.0,0.0,0.0000,-4.37,15.34,8.72,-12.58,1,0.1922,-2.952,1.932,24.00,1,-207.9,384.9,0.08907,-174.8,-373.3,0.1859,0.00529,OK
3.4560,3.4357,20.3,0,-207.3,387.1,0.0834,-188.6,373.0,0.1438,-100.6,-387.2,0.0000,-14.3,-472.3,0.2415,-53.6,-469.4,0,0.0,0.0,0.0000,-4.17,15.98,8.46,-12.56,1,0.1944,-0.363,-0.206,24.00,1,-209.0,382.0,0.09045,-181.0,-378.2,0.1891,0.00529,OK
3.4647,3.4357,29.0,0,-207.3,387.1,0.0834,-188.6,373.0,0.1438,-100.6,-387.2,0.0000,3.0,-473.7,0.2415,-36.5,-472.3,0,0.0,0.0,0.0000,-4.48,16.03,8.68,-12.35,1,0.1944,-0.363,-0.206,25.00,1,-210.2,378.6,0.09209,-172.6,-387.3,0.1889,0.00529,OK
3.4726,3.4357,36.9,0,-207.3,387.1,0.0834,-188.6,373.0,0.1438,-100.6,-387.2,0.0000,12.3,-483.9,0.2415,-28.1,-483.2,0,0.0,0.0,0.0000,-4.57,14.97,10.13,-11.75,1,0.2467,1.451,1.540,25.00,1,-211.2,375.4,0.09383,-153.0,-390.1,0.2459,0.00523,OK
3.4801,3.4357,44.5,0,-207.3,387.1,0.0834,-188.6,373.0,0.1438,-100.6,-387.2,0.0000,14.4,-493.1,0.2415,-26.8,-492.6,0,0.0,0.0,0.0000,-5.51,15.10,10.63,-11.13,1,0.2333,-0.863,1.353,25.00,1,-212.0,372.3,0.09564,-130.7,-405.2,0.2322,0.00517,OK
3.4892,3.4357,53.5,0,-207.3,387.1,0.0834,-188.6,373.0,0.1438,-100.6,-387.2,0.0000,16.7,-499.7,0.2415,-25.0,-499.4,0,0.0,0.0,0.0000,-6.19,15.15,9.81,-10.95,1,0.2433,-2.932,-2.226,25.00,1,-212.8,368.5,0.09773,-120.9,-409.3,0.2340,0.00523,OK
3.4972,3.4357,61.5,0,-207.3,387.1,0.0834,-188.6,373.0,0.1438,-100.6,-387.2,0.0000,18.8,-499.6,0.2415,-22.9,-499.5,0,0.0,0.0,0.0000,-6.28,15.31,9.51,-11.09,1,0.2956,-2.079,2.187,25.00,1,-213.4,365.1,0.09977,-122.1,-414.0,0.2808,0.00535,OK
3.5047,3.4357,69.0,0,-207.3,387.1,0.0834,-188.6,373.0,0.1438,-100.6,-387.2,0.0000,21.0,-499.6,0.2415,-20.7,-499.6,0,0.0,0.0,0.0000,-5.84,12.40,10.21,-11.53,1,0.2956,-2.079,2.187,25.00,1,-213.9,362.1,0.10184,-105.5,-394.1,0.2789,0.00550,OK
3.5126,3.4357,76.9,0,-207.3,387.1,0.0834,-188.6,373.0,0.1438,-100.6,-387.2,0.0000,23.4,-499.5,0.2415,-18.3,-499.7,0,0.0,0.0,0.0000,-6.73,11.02,11.24,-11.15,1,0.2944,-0.588,0.196,25.00,1,-214.3,358.9,0.10399,-72.1,-395.3,0.2758,0.00567,OK
3.5203,3.4357,84.6,0,-207.3,387.1,0.0834,-188.6,373.0,0.1438,-100.6,-387.2,0.0000,25.7,-499.3,0.2415,-16.1,-499.7,0,0.0,0.0,0.0000,-7.52,13.57,11.49,-11.14,1,0.2878,0.755,-1.069,25.00,1,-214.5,355.5,0.10609,-84.7,-443.3,0.2723,0.00580,OK
3.5289,3.4357,93.3,0,-207.3,387.1,0.0834,-188.6,373.0,0.1438,-100.6,-387.2,0.0000,28.1,-499.2,0.2415,-13.6,-499.8,0,0.0,0.0,0.0000,-8.10,14.19,11.55,-10.59,1,0.3056,-1.412,1.559,24.00,1,-214.8,351.6,0.10848,-75.9,-454.7,0.2900,0.00593,OK
3.5368,3.4357,101.1,0,-207.3,387.1,0.0834,-188.6,373.0,0.1438,-100.6,-387.2,0.0000,30.1,-499.1,0.2415,-11.6,-499.9,0,0.0,0.0,0.0000,-8.29,14.25,11.14,-10.50,1,0.3056,-1.412,1.559,24.00,1,-215.0,348.0,0.11070,-74.9,-453.9,0.2874,0.00609,OK
3.5446,3.5400,4.6,0,-222.3,342.9,0.1132,-196.2,332.0,0.1438,-46.0,-397.4,0.0000,40.3,-487.1,0.1226,-15.0,-488.6,0,0.0,0.0,0.0000,-9.80,14.24,11.35,-9.97,1,0.3233,-2.079,0.137,25.00,1,-222.0,342.9,0.11364,-115.5,-459.4,0.2989,0.00634,OK
3.5522,3.5400,12.2,0,-222.3,342.9,0.1132,-196.2,332.0,0.1438,-46.0,-397.4,0.0000,51.6,-477.0,0.1226,-2.6,-479.8,0,0.0,0.0,0.0000,-9.01,14.50,11.59,-10.07,1,0.3189,-1.334,0.265,25.00,1,-222.3,340.9,0.11490,-116.1,-461.7,0.3047,0.00644,OK
3.5607,3.5400,20.7,0,-222.3,342.9,0.1132,-196.2,332.0,0.1438,-46.0,-397.4,0.0000,66.5,-469.0,0.1226,13.1,-473.5,0,0.0,0.0,0.0000,-8.08,14.41,12.36,-9.60,1,0.3189,-0.902,1.598,25.00,1,-222.8,337.0,0.11750,-110.0,-455.7,0.3109,0.00646,OK
3.5690,3.5400,29.0,0,-222.3,342.9,0.1132,-196.2,332.0,0.1438,-46.0,-397.4,0.0000,83.2,-467.6,0.1226,29.9,-474.0,0,0.0,0.0,0.0000,-7.46,14.12,12.54,-9.43,1,0.3189,-0.902,1.598,24.00,1,-223.2,333.1,0.12012,-108.5,-446.4,0.3138,0.00644,OK
3.5764,3.5400,36.4,0,-222.3,342.9,0.1132,-196.2,332.0,0.1438,-46.0,-397.4,0.0000,95.5,-475.6,0.1226,41.2,-483.3,0,0.0,0.0,0.0000,-10.26,13.54,12.06,-9.42,1,0.2944,-1.491,-0.088,24.00,1,-223.5,329.6,0.12227,-76.2,-470.9,0.2775,0.00658,OK
3.5847,3.5400,44.7,0,-222.3,342.9,0.1132,-196.2,332.0,0.1438,-46.0,-397.4,0.0000,99.4,-485.3,0.1226,44.0,-493.4,0,0.0,0.0,0.0000,-13.08,13.72,12.77,-9.03,1,0.2944,-1.079,-0.647,25.00,1,-223.4,325.6,0.12453,-44.7,-501.8,0.2755,0.00674,OK
3.5925,3.5400,52.5,0,-222.3,342.9,0.1132,-196.2,332.0,0.1438,-46.0,-397.4,0.0000,102.1,-489.5,0.1226,46.2,-497.9,0,0.0,0.0,0.0000,-10.89,14.01,12.58,-9.09,1,0.3044,-0.941,0.010,25.00,1,-223.4,321.7,0.12671,-58.4,-487.9,0.2884,0.00686,OK
3.6007,3.5400,60.7,0,-222.3,342.9,0.1132,-196.2,332.0,0.1438,-46.0,-397.4,0.0000,103.7,-489.1,0.1226,47.8,-497.7,0,0.0,0.0,0.0000,-9.18,14.27,12.54,-9.00,1,0.3133,-0.726,0.324,25.00,1,-223.4,317.7,0.12914,-70.0,-472.4,0.3029,0.00690,OK
3.6087,3.5400,68.7,0,-222.3,342.9,0.1132,-196.2,332.0,0.1438,-46.0,-397.4,0.0000,105.5,-488.7,0.1226,49.7,-497.5,0,0.0,0.0,0.0000,-9.18,13.49,13.55,-8.30,1,0.3133,-0.726,0.324,26.00,1,-223.4,314.0,0.13157,-48.5,-469.3,0.3066,0.00690,OK
3.6167,3.5400,76.7,0,-222.3,342.9,0.1132,-196.2,332.0,0.1438,-46.0,-397.4,0.0000,107.5,-488.3,0.1226,51.7,-497.3,0,0.0,0.0,0.0000,-9.12,13.14,13.81,-7.80,1,0.2878,-1.549,0.804,25.00,1,-223.2,310.2,0.13395,-36.4,-462.3,0.2843,0.00686,OK
3.6246,3.5400,84.6,0,-222.3,342.9,0.1132,-196.2,332.0,0.1438,-46.0,-397.4,0.0000,109.5,-487.9,0.1226,53.7,-497.1,0,0.0,0.0,0.0000,-10.43,12.65,14.05,-7.91,1,0.2678,-1.746,1.363,25.00,1,-222.9,306.5,0.13607,-17.8,-480.9,0.2583,0.00689,OK
3.6326,3.5400,92.6,0,-222.3,342.9,0.1132,-196.2,332.0,0.1438,-46.0,-397.4,0.0000,111.6,-487.4,0.1226,55.9,-496.9,0,0.0,0.0,0.0000,-10.61,12.93,13.86,-7.64,1,0.2178,-1.657,-0.471,24.00,1,-222.5,302.7,0.13796,-11.2,-480.3,0.2115,0.00689,OK
3.6434,3.6409,2.6,0,-225.7,319.2,0.1159,-198.2,291.7,0.1438,7.7,-399.8,0.0000,132.6,-481.9,0.1117,76.0,-494.0,0,0.0,0.0,0.0000,-10.99,12.69,13.43,-7.38,1,0.2122,-0.373,-1.608,25.00,1,-225.4,317.8,0.13283,-10.4,-248.0,0.1190,0.00769,OK
3.6482,3.6476,0.6,0,-226.5,299.6,0.1352,-198.1,289.0,0.1438,11.3,-399.7,0.0000,134.7,-472.6,0.0346,69.8,-486.5,0,0.0,0.0,0.0000,-10.14,12.44,14.82,-7.31,1,0.2122,-0.373,-1.608,25.00,1,-226.0,307.0,0.13577,-54.8,-457.0,0.2743,0.00762,OK
3.6566,3.6485,8.1,0,-226.3,292.4,0.1345,-198.1,288.7,0.1438,11.7,-399.7,0.0000,138.7,-456.3,0.0373,76.3,-470.8,0,0.0,0.0,0.0000,-10.06,12.60,12.92,-7.27,1,0.2178,-0.530,2.383,25.00,1,-226.2,299.9,0.13535,-52.3,-455.3,0.2107,0.00764,OK
3.6650,3.6485,16.5,0,-226.3,292.4,0.1345,-198.1,288.7,0.1438,11.7,-399.7,0.0000,145.9,-441.1,0.0373,85.4,-456.7,0,0.0,0.0,0.0000,-11.06,12.04,13.23,-6.92,1,0.1511,-0.990,-0.402,24.00,1,-226.0,296.0,0.13684,-27.8,-460.8,0.1439,0.00764,OK
3.6725,3.6485,24.0,0,-226.3,292.4,0.1345,-198.1,288.7,0.1438,11.7,-399.7,0.0000,158.0,-433.3,0.0373,98.5,-450.6,0,0.0,0.0,0.0000,-12.05,11.25,13.91,-6.65,1,0.1356,-2.256,-0.686,24.00,1,-225.6,292.6,0.13784,-3.3,-471.3,0.1258,0.00767,OK
3.6810,3.6485,32.5,0,-226.3,292.4,0.1345,-198.1,288.7,0.1438,11.7,-399.7,0.0000,163.5,-442.6,0.0373,102.6,-460.6,0,0.0,0.0,0.0000,-12.95,10.33,14.52,-7.02,1,0.1356,-2.256,-0.686,25.00,1,-225.0,288.5,0.13888,11.5,-483.9,0.1188,0.00778,OK
3.6886,3.6485,40.1,0,-226.3,292.4,0.1345,-198.1,288.7,0.1438,11.7,-399.7,0.0000,168.3,-450.9,0.0373,106.3,-469.4,0,0.0,0.0,0.0000,-11.27,10.47,13.68,-6.57,1,0.1633,-1.971,2.314,25.00,1,-224.5,285.0,0.13989,0.9,-454.8,0.1508,0.00783,OK
3.6968,3.6485,48.3,0,-226.3,292.4,0.1345,-198.1,288.7,0.1438,11.7,-399.7,0.0000,173.4,-459.7,0.0373,110.2,-478.8,0,0.0,0.0,0.0000,-10.83,10.53,14.04,-6.33,1,0.1222,0.000,-1.618,24.00,1,-223.9,281.4,0.14098,6.8,-451.3,0.1154,0.00782,OK
3.7044,3.6485,55.9,0,-226.3,292.4,0.1345,-198.1,288.7,0.1438,11.7,-399.7,0.0000,177.9,-467.3,0.0373,113.7,-486.9,0,0.0,0.0,0.0000,-11.91,10.03,14.79,-6.18,1,0.1044,0.049,-0.883,25.00,1,-223.3,277.9,0.14178,29.2,-466.6,0.0944,0.00785,OK
3.7126,3.6485,64.2,0,-226.3,292.4,0.1345,-198.1,288.7,0.1438,11.7,-399.7,0.0000,179.4,-466.7,0.0373,115.2,-486.5,0,0.0,0.0,0.0000,-13.09,10.58,14.74,-6.07,1,0.0856,-0.579,1.510,24.00,1,-222.4,274.1,0.14247,42.4,-484.2,0.0760,0.00787,OK
3.7211,3.6485,72.6,0,-226.3,292.4,0.1345,-198.1,288.7,0.1438,11.7,-399.7,0.0000,181.2,-466.0,0.0373,117.0,-486.1,0,0.0,0.0,0.0000,-12.26,9.88,14.51,-5.88,1,0.0856,-0.579,1.510,25.00,1,-221.5,270.2,0.14311,42.6,-464.8,0.0754,0.00789,OK
3.7282,3.6485,79.7,0,-226.3,292.4,0.1345,-198.1,288.7,0.1438,11.7,-399.7,0.0000,182.6,-465.5,0.0373,118.5,-485.7,0,0.0,0.0,0.0000,-12.45,9.45,14.52,-5.65,1,0.0378,-2.893,0.059,25.00,1,-220.7,267.0,0.14347,52.9,-460.9,0.0285,0.00791,OK
3.7364,3.6485,87.9,0,-226.3,292.4,0.1345,-198.1,288.7,0.1438,11.7,-399.7,0.0000,184.5,-464.7,0.0373,120.5,-485.3,0,0.0,0.0,0.0000,-12.81,9.42,14.39,-6.15,1,0.0022,-2.059,-0.157,24.00,1,-219.7,263.3,0.14353,51.3,-468.5,-0.0107,0.00797,OK
3.7463,3.7459,0.4,0,-218.2,245.8,0.1635,-194.4,249.9,0.1438,63.3,-395.0,0.0000,183.9,-445.0,-0.0789,109.0,-469.0,0,0.0,0.0,0.0000,-12.58,9.35,14.34,-5.71,1,-0.0411,-0.804,0.588,24.00,1,-218.2,247.1,0.14886,36.8,-551.5,0.0944,0.00747,OK
3.7525,3.7459,6.6,0,-218.2,245.8,0.1635,-194.4,249.9,0.1438,63.3,-395.0,0.0000,184.4,-432.4,-0.0789,111.5,-456.7,0,0.0,0.0,0.0000,-12.32,8.39,14.50,-5.91,1,-0.0411,-0.804,0.588,24.00,1,-218.2,247.1,0.14768,44.6,-526.9,-0.1378,0.00750,OK
3.7610,3.7459,15.1,0,-218.2,245.8,0.1635,-194.4,249.9,0.1438,63.3,-395.0,0.0000,187.4,-415.8,-0.0789,117.2,-440.7,0,0.0,0.0,0.0000,-14.06,8.62,14.37,-4.90,1,-0.1089,-0.353,0.216,24.00,1,-217.2,243.5,0.14680,75.4,-532.0,-0.1160,0.00750,OK
3.7683,3.7459,22.4,0,-218.2,245.8,0.1635,-194.4,249.9,0.1438,63.3,-395.0,0.0000,194.0,-402.7,-0.0789,125.8,-428.9,0,0.0,0.0,0.0000,-13.60,7.98,14.75,-4.52,1,-0.1689,-2.569,0.971,25.00,1,-216.0,239.8,0.14575,88.0,-518.3,-0.1725,0.00746,OK
3.7767,3.7459,30.8,0,-218.2,245.8,0.1635,-194.4,249.9,0.1438,63.3,-395.0,0.0000,203.9,-403.6,-0.0789,135.5,-431.4,0,0.0,0.0,0.0000,-14.11,7.97,15.47,-5.06,1,-0.2100,-1.138,-1.451,25.00,1,-214.7,235.5,0.14411,92.7,-532.0,-0.2163,0.00745,OK
3.7841,3.7459,38.2,0,-218.2,245.8,0.1635,-194.4,249.9,0.1438,63.3,-395.0,0.0000,209.4,-411.0,-0.0789,139.7,-439.7,0,0.0,0.0,0.0000,-14.69,8.13,15.41,-5.09,1,-0.2100,-1.138,-1.451,24.00,1,-213.4,231.7,0.14252,98.5,-536.2,-0.2173,0.00745,OK
3.7925,3.7459,46.6,0,-218.2,245.8,0.1635,-194.4,249.9,0.1438,63.3,-395.0,0.0000,216.0,-419.4,-0.0789,144.8,-448.9,0,0.0,0.0,0.0000,-14.27,7.78,15.89,-4.84,1,-0.2467,0.745,2.560,25.00,1,-211.9,227.4,0.14054,107.6,-527.5,-0.2509,0.00742,OK
3.8006,3.7459,54.7,0,-218.2,245.8,0.1635,-194.4,249.9,0.1438,63.3,-395.0,0.0000,222.4,-427.2,-0.0789,149.9,-457.7,0,0.0,0.0,0.0000,-14.61,7.34,15.11,-4.39,1,-0.3067,-0.147,-0.579,25.00,1,-210.4,223.4,0.13829,118.3,-511.8,-0.3084,0.00737,OK
3.8090,3.7459,63.1,0,-218.2,245.8,0.1635,-194.4,249.9,0.1438,63.3,-395.0,0.0000,229.0,-435.4,-0.0789,155.0,-466.9,0,0.0,0.0,0.0000,-16.09,7.31,13.18,-4.31,1,-0.3700,-0.431,-1.991,25.00,1,-208.8,219.3,0.13543,116.4,-494.9,-0.3730,0.00733,OK
3.8164,3.7459,70.5,0,-218.2,245.8,0.1635,-194.4,249.9,0.1438,63.3,-395.0,0.0000,234.4,-441.7,-0.0789,159.3,-473.9,0,0.0,0.0,0.0000,-11.31,6.84,12.15,-4.67,1,-0.3822,-3.324,2.393,25.00,1,-207.8,216.1,0.13268,72.7,-433.6,-0.3772,0.00722,OK
3.8241,3.7459,78.2,0,-218.2,245.8,0.1635,-194.4,249.9,0.1438,63.3,-395.0,0.0000,235.8,-440.9,-0.0789,160.9,-473.4,0,0.0,0.0,0.0000,-13.38,6.35,13.28,-4.88,1,-0.3822,-3.324,2.393,25.00,1,-206.6,212.7,0.12971,98.3,-461.4,-0.3902,0.00723,OK
3.8329,3.7459,87.0,0,-218.2,245.8,0.1635,-194.4,249.9,0.1438,63.3,-395.0,0.0000,237.7,-439.9,-0.0789,162.9,-472.7,0,0.0,0.0,0.0000,-14.04,6.30,14.88,-4.42,1,-0.3978,-0.324,0.951,24.00,1,-205.1,208.7,0.12625,125.2,-480.1,-0.4012,0.00720,OK
3.8408,3.7459,94.9,0,-218.2,245.8,0.1635,-194.4,249.9,0.1438,63.3,-395.0,0.0000,239.5,-438.9,-0.0789,164.9,-472.0,0,0.0,0.0,0.0000,-14.34,6.80,15.48,-4.26,1,-0.4144,0.275,-2.540,25.00,1,-203.6,205.0,0.12304,135.8,-493.5,-0.4107,0.00710,OK
3.8484,3.8480,0.4,0,-199.7,200.5,0.1435,-185.2,210.2,0.1438,116.5,-382.6,0.0000,234.7,-424.5,0.0014,171.6,-453.7,0,0.0,0.0,0.0000,-15.78,6.78,15.38,-3.42,1,-0.4411,0.167,0.726,25.00,1,-199.7,200.2,0.12399,170.6,-480.8,-0.2926,0.00633,OK
3.8564,3.8480,8.4,0,-199.7,200.5,0.1435,-185.2,210.2,0.1438,116.5,-382.6,0.0000,230.3,-409.1,0.0014,169.4,-437.8,0,0.0,0.0,0.0000,-15.74,5.96,15.41,-3.91,1,-0.3878,-0.461,1.040,25.00,1,-199.6,200.0,0.12356,160.5,-473.0,-0.3939,0.00632,OK
3.8647,3.8480,16.7,0,-199.7,200.5,0.1435,-185.2,210.2,0.1438,116.5,-382.6,0.0000,227.1,-392.8,0.0014,168.6,-421.3,0,0.0,0.0,0.0000,-15.37,6.22,15.55,-3.38,1,-0.3878,-0.461,1.040,24.00,1,-197.8,196.3,0.12036,169.6,-471.6,-0.3814,0.00621,OK
3.8730,3.8480,25.0,0,-199.7,200.5,0.1435,-185.2,210.2,0.1438,116.5,-382.6,0.0000,226.7,-376.2,0.0014,170.6,-404.7,0,0.0,0.0,0.0000,-16.49,5.75,15.11,-3.18,1,-0.3778,-0.598,-1.491,25.00,1,-195.9,192.6,0.11720,178.2,-468.4,-0.3795,0.00617,OK
3.8807,3.8480,32.7,0,-199.7,200.5,0.1435,-185.2,210.2,0.1438,116.5,-382.6,0.0000,233.0,-366.9,0.0014,178.2,-396.4,0,0.0,0.0,0.0000,-17.27,6.59,16.62,-3.77,1,-0.3444,0.245,-0.275,25.00,1,-194.1,189.0,0.11441,183.2,-506.9,-0.3498,0.00617,OK
3.8884,3.8480,40.4,0,-199.7,200.5,0.1435,-185.2,210.2,0.1438,116.5,-382.6,0.0000,239.7,-373.9,0.0014,183.7,-404.4,0,0.0,0.0,0.0000,-16.50,6.30,16.59,-4.10,1,-0.2811,-0.049,4.550,25.00,1,-192.3,185.3,0.11189,170.2,-493.7,-0.2976,0.00625,OK
3.8972,3.8480,49.2,0,-199.7,200.5,0.1435,-185.2,210.2,0.1438,116.5,-382.6,0.0000,247.5,-381.7,0.0014,190.3,-413.2,0,0.0,0.0,0.0000,-16.43,4.96,15.85,-3.12,1,-0.2811,-0.049,4.550,25.00,1,-190.3,181.4,0.10924,182.8,-457.4,-0.3045,0.00641,OK
3.9046,3.8480,56.6,0,-199.7,200.5,0.1435,-185.2,210.2,0.1438,116.5,-382.6,0.0000,254.2,-388.2,0.0014,196.1,-420.6,0,0.0,0.0,0.0000,-15.94,5.74,16.10,-2.70,1,-0.2500,-1.795,-2.746,25.00,1,-188.6,178.1,0.10717,188.9,-466.9,-0.2538,0.00638,OK
3.9125,3.8480,64.5,0,-199.7,200.5,0.1435,-185.2,210.2,0.1438,116.5,-382.6,0.0000,261.5,-395.0,0.0014,202.3,-428.3,0,0.0,0.0,0.0000,-17.07,5.52,15.56,-2.77,1,-0.1911,-1.393,-1.344,24.00,1,-186.7,174.6,0.10532,187.3,-463.8,-0.2099,0.00649,OK
3.9209,3.8480,72.9,0,-199.7,200.5,0.1435,-185.2,210.2,0.1438,116.5,-382.6,0.0000,269.2,-401.9,0.0014,208.9,-436.3,0,0.0,0.0,0.0000,-15.49,5.32,16.54,-2.60,1,-0.1967,0.157,0.108,25.00,1,-184.7,171.0,0.10354,189.0,-456.9,-0.2093,0.00655,OK
3.9287,3.8480,80.7,0,-199.7,200.5,0.1435,-185.2,210.2,0.1438,116.5,-382.6,0.0000,276.4,-408.4,0.0014,215.2,-443.7,0,0.0,0.0,0.0000,-15.10,5.96,16.54,-2.25,1,-0.1856,1.932,1.216,25.00,1,-182.9,167.6,0.10205,193.8,-461.0,-0.1801,0.00643,OK
3.9366,3.8480,88.6,0,-199.7,200.5,0.1435,-185.2,210.2,0.1438,116.5,-382.6,0.0000,282.2,-412.7,0.0014,220.3,-448.8,0,0.0,0.0,0.0000,-16.24,5.46,15.93,-2.33,1,-0.1856,1.932,1.216,25.00,1,-181.0,164.1,0.10056,195.8,-458.2,-0.1947,0.00646,OK
3.9444,3.8480,96.4,0,-199.7,200.5,0.1435,-185.2,210.2,0.1438,116.5,-382.6,0.0000,284.2,-411.4,0.0014,222.5,-447.8,0,0.0,0.0,0.0000,-15.96,5.42,16.09,-1.92,1,-0.2100,1.285,-0.765,24.00,1,-179.0,160.7,0.09900,205.8,-456.3,-0.2078,0.00638,OK
3.9524,3.9497,2.8,0,-177.1,160.2,0.1097,-170.8,172.2,0.1438,167.2,-363.3,0.0000,277.0,-397.2,0.1366,231.8,-425.1,0,0.0,0.0,0.0000,-16.79,5.46,15.83,-1.92,1,-0.2144,-1.324,-0.402,24.00,1,-177.0,159.6,0.10021,199.7,-422.1,-0.1814,0.00596,OK
3.9610,3.9497,11.3,0,-177.1,160.2,0.1097,-170.8,172.2,0.1438,167.2,-363.3,0.0000,269.9,-381.6,0.1366,226.5,-408.8,0,0.0,0.0,0.0000,-15.22,5.24,16.04,-2.38,1,-0.1911,-1.971,1.147,25.00,1,-176.3,158.3,0.09953,182.1,-411.8,-0.1992,0.00598,OK
3.9683,3.9497,18.6,0,-177.1,160.2,0.1097,-170.8,172.2,0.1438,167.2,-363.3,0.0000,264.7,-368.0,0.1366,222.9,-394.7,0,0.0,0.0,0.0000,-15.90,5.04,15.73,-1.78,1,-0.1911,-1.971,1.147,25.00,1,-174.6,155.5,0.09810,197.4,-412.1,-0.1948,0.00596,OK
3.9766,3.9497,27.0,0,-177.1,160.2,0.1097,-170.8,172.2,0.1438,167.2,-363.3,0.0000,260.8,-351.7,0.1366,220.7,-378.2,0,0.0,0.0,0.0000,-15.01,5.43,15.72,-1.46,1,-0.1711,1.147,-1.422,25.00,1,-172.6,152.2,0.09664,198.7,-409.6,-0.1616,0.00581,OK
3.9850,3.9497,35.4,0,-177.1,160.2,0.1097,-170.8,172.2,0.1438,167.2,-363.3,0.0000,262.5,-335.0,0.1366,224.3,-361.7,0,0.0,0.0,0.0000,-14.81,5.30,16.16,-1.59,1,-0.1622,0.235,-0.245,24.00,1,-170.7,148.9,0.09532,197.6,-412.2,-0.1564,0.00570,OK
3.9928,3.9497,43.2,0,-177.1,160.2,0.1097,-170.8,172.2,0.1438,167.2,-363.3,0.0000,270.5,-338.5,0.1366,231.8,-366.1,0,0.0,0.0,0.0000,-16.08,5.93,16.79,-1.89,1,-0.1789,-1.373,1.746,24.00,1,-168.8,145.7,0.09406,207.7,-445.0,-0.1730,0.00559,OK
4.0006,3.9497,51.0,0,-177.1,160.2,0.1097,-170.8,172.2,0.1438,167.2,-363.3,0.0000,278.2,-344.5,0.1366,238.9,-372.8,0,0.0,0.0,0.0000,-16.04,4.92,16.12,-2.04,1,-0.2056,-1.334,0.127,25.00,1,-166.9,142.5,0.09254,199.9,-423.9,-0.2148,0.00563,OK
4.0083,3.9497,58.6,0,-177.1,160.2,0.1097,-170.8,172.2,0.1438,167.2,-363.3,0.0000,286.1,-350.1,0.1366,246.0,-379.3,0,0.0,0.0,0.0000,-15.42,4.88,15.99,-1.72,1,-0.2056,-1.334,0.127,25.00,1,-165.0,139.5,0.09094,202.2,-416.8,-0.2070,0.00559,OK
4.0166,3.9497,66.9,0,-177.1,160.2,0.1097,-170.8,172.2,0.1438,167.2,-363.3,0.0000,294.7,-356.2,0.1366,253.9,-386.3,0,0.0,0.0,0.0000,-15.17,5.17,16.11,-1.48,1,-0.1856,0.500,-0.353,25.00,1,-163.0,136.2,0.08936,206.4,-420.2,-0.1782,0.00547,OK
4.0249,3.9497,75.3,0,-177.1,160.2,0.1097,-170.8,172.2,0.1438,167.2,-363.3,0.0000,303.4,-362.1,0.1366,261.9,-393.1,0,0.0,0.0,0.0000,-15.40,5.11,16.35,-1.08,1,-0.1722,0.598,-1.089,24.00,1,-160.9,132.8,0.08799,218.4,-424.2,-0.1599,0.00530,OK
4.0324,3.9497,82.7,0,-177.1,160.2,0.1097,-170.8,172.2,0.1438,167.2,-363.3,0.0000,311.1,-367.2,0.1366,269.0,-399.1,0,0.0,0.0,0.0000,-15.49,4.96,17.12,-0.96,1,-0.1589,0.000,-0.108,25.00,1,-159.0,129.8,0.08687,226.3,-431.0,-0.1485,0.00515,OK
4.0407,3.9497,91.0,0,-177.1,160.2,0.1097,-170.8,172.2,0.1438,167.2,-363.3,0.0000,319.8,-373.0,0.1366,277.0,-405.7,0,0.0,0.0,0.0000,-15.94,4.39,16.59,-0.29,1,-0.1589,0.000,-0.108,25.00,1,-156.8,126.5,0.08569,240.4,-421.8,-0.1455,0.00497,OK
4.0527,4.0524,0.3,0,-148.5,113.5,0.0851,-151.1,136.2,0.1438,215.2,-337.2,0.0000,308.0,-351.9,0.2348,277.0,-376.9,0,0.0,0.0,0.0000,-16.29,3.84,16.42,-0.07,1,-0.1167,-1.373,1.245,25.00,1,-148.7,114.1,0.08385,265.9,-456.2,-0.1072,0.00487,OK
4.0561,4.0524,3.8,0,-148.5,113.5,0.0851,-151.1,136.2,0.1438,215.2,-337.2,0.0000,304.8,-345.9,0.2348,274.3,-370.5,0,0.0,0.0,0.0000,-17.90,3.59,15.87,-0.16,1,-0.0978,-1.540,-0.353,25.00,1,-148.7,114.1,0.08357,268.8,-456.1,-0.1749,0.00486,OK
4.0651,4.0524,12.7,0,-148.5,113.5,0.0851,-151.1,136.2,0.1438,215.2,-337.2,0.0000,297.2,-329.8,0.2348,268.1,-353.8,0,0.0,0.0,0.0000,-14.50,3.63,16.39,0.65,1,-0.0600,0.618,-1.098,25.00,1,-147.3,112.2,0.08333,260.3,-423.6,-0.0464,0.00470,OK
4.0730,4.0524,20.6,0,-148.5,113.5,0.0851,-151.1,136.2,0.1438,215.2,-337.2,0.0000,291.4,-315.0,0.2348,263.6,-338.6,0,0.0,0.0,0.0000,-14.67,3.60,16.79,0.67,1,0.0000,-0.255,-0.294,24.00,1,-144.9,109.0,0.08319,259.6,-423.1,0.0049,0.00459,OK
4.0809,4.0782,2.7,0,-134.9,93.1,0.0833,-145.4,127.5,0.1438,226.5,-329.5,0.0000,284.6,-300.7,0.2419,258.5,-323.3,0,0.0,0.0,0.0000,-14.62,4.14,16.58,0.83,1,0.0000,-0.255,-0.294,24.00,1,-136.6,97.1,0.08342,364.0,-543.1,0.0198,0.00433,OK
4.0886,4.0829,5.7,0,-133.7,90.4,0.0824,-144.3,126.0,0.1438,228.5,-328.1,0.0000,278.7,-286.5,0.2455,254.1,-308.5,0,0.0,0.0,0.0000,-15.22,3.49,17.31,1.07,1,0.0267,0.196,0.137,25.00,1,-134.3,93.0,0.08331,360.1,-547.7,0.0253,0.00431,OK
4.0969,4.0914,5.5,0,-130.9,87.3,0.1006,-142.4,123.2,0.1438,232.2,-325.5,0.0000,272.7,-271.0,0.1730,244.1,-297.0,0,0.0,0.0,0.0000,-15.13,4.00,17.34,1.22,1,0.0522,-0.147,0.363,25.00,1,-130.9,88.2,0.08688,353.0,-554.3,0.0667,0.00397,OK
4.1052,4.0996,5.6,0,-129.0,84.3,0.0900,-140.5,120.6,0.1438,235.8,-323.0,0.0000,267.4,-255.2,0.2152,243.4,-278.2,0,0.0,0.0,0.0000,-15.15,3.41,17.16,1.12,1,0.0711,-1.020,0.353,24.00,1,-128.2,84.1,0.08785,321.2,-524.2,0.0702,0.00392,OK
4.1131,4.1084,4.7,0,-127.0,81.5,0.0815,-138.4,117.7,0.1438,239.7,-320.2,0.0000,263.2,-240.0,0.2492,242.8,-260.6,0,0.0,0.0,0.0000,-15.50,3.23,16.14,1.61,1,0.0711,-1.020,0.353,26.00,1,-125.9,80.5,0.08744,293.5,-490.1,0.0631,0.00396,OK
4.1209,4.1167,4.3,0,-123.7,77.6,0.0761,-136.4,115.1,0.1438,243.3,-317.4,0.0000,259.1,-224.9,0.2709,241.3,-244.0,0,0.0,0.0,0.0000,-14.62,3.00,16.79,1.48,1,0.0956,-0.490,-1.716,25.00,1,-123.4,77.0,0.08650,282.0,-466.6,0.0740,0.00408,OK
4.1285,4.1273,1.2,0,-121.0,74.0,0.0869,-133.8,111.7,0.1438,247.8,-313.8,0.0000,255.7,-210.1,0.2275,236.5,-231.6,0,0.0,0.0,0.0000,-14.61,3.19,16.71,1.94,1,0.1367,-0.912,-1.059,25.00,1,-120.5,73.0,0.08784,263.9,-442.0,0.1351,0.00401,OK
4.1365,4.1359,0.5,0,-119.4,71.7,0.0881,-131.6,109.0,0.1438,251.4,-311.1,0.0000,253.8,-194.3,0.2227,235.7,-215.9,0,0.0,0.0,0.0000,-13.92,3.30,16.54,1.94,1,0.1644,-0.510,0.373,24.00,1,-118.6,70.3,0.08923,229.4,-403.1,0.1642,0.00388,OK
4.1452,4.1359,9.3,0,-119.4,71.7,0.0881,-131.6,109.0,0.1438,251.4,-311.1,0.0000,258.8,-177.6,0.2227,242.2,-199.7,0,0.0,0.0,0.0000,-13.90,3.14,15.74,1.93,1,0.1644,-0.510,0.373,24.00,1,-118.2,69.8,0.08948,242.3,-402.7,0.1721,0.00375,OK
4.1527,4.1463,6.4,0,-115.7,68.3,0.0932,-129.0,105.8,0.1438,255.5,-307.8,0.0000,258.2,-165.5,0.2024,241.7,-188.8,0,0.0,0.0,0.0000,-14.11,2.93,15.72,2.26,1,0.1467,0.284,1.314,26.00,1,-115.7,67.1,0.09127,251.4,-383.5,0.1596,0.00353,OK
4.1609,4.1546,6.3,0,-114.0,65.5,0.0853,-126.8,103.3,0.1438,258.8,-305.0,0.0000,262.3,-161.4,0.2342,247.6,-183.2,0,0.0,0.0,0.0000,-13.34,2.21,16.08,2.54,1,0.1478,1.795,-4.335,26.00,1,-113.6,64.7,0.09169,243.5,-351.0,0.1540,0.00346,OK
4.1690,4.1626,6.4,0,-111.9,62.9,0.0895,-124.8,100.9,0.1438,261.9,-302.3,0.0000,265.0,-157.6,0.2173,249.9,-180.7,0,0.0,0.0,0.0000,-13.58,2.58,15.69,2.15,1,0.1589,-1.069,1.069,25.00,1,-111.7,62.3,0.09256,232.7,-349.6,0.1629,0.00340,OK
4.1771,4.1729,4.3,0,-109.3,59.4,0.1051,-122.1,97.8,0.1438,266.2,-298.4,0.0000,266.7,-151.7,0.1548,249.3,-178.9,0,0.0,0.0,0.0000,-13.61,2.05,14.83,2.28,1,0.1344,-1.226,1.157,24.00,1,-109.1,59.2,0.09537,226.4,-329.1,0.1532,0.00325,OK
4.1853,4.1802,5.1,0,-107.3,56.6,0.0890,-120.1,95.6,0.1438,269.3,-295.6,0.0000,270.2,-147.2,0.2191,256.0,-170.7,0,0.0,0.0,0.0000,-11.66,1.55,14.48,2.07,1,0.1344,-1.226,1.157,24.00,1,-107.3,57.0,0.09547,208.8,-299.1,0.1195,0.00336,OK
4.1927,4.1885,4.2,0,-104.2,53.4,0.1007,-117.9,93.2,0.1438,272.8,-292.5,0.0000,269.5,-140.8,0.1724,254.0,-167.2,0,0.0,0.0,0.0000,-12.67,1.45,14.11,2.73,1,0.1044,2.206,-3.991,25.00,1,-104.8,54.2,0.09690,245.9,-322.3,0.1196,0.00320,OK
4.2006,4.1963,4.3,0,-101.3,51.3,0.0904,-115.7,90.9,0.1438,275.7,-289.7,0.0000,270.1,-138.2,0.2135,256.6,-162.0,0,0.0,0.0,0.0000,-13.00,0.26,14.26,3.26,1,0.1278,1.157,-0.775,25.00,1,-102.0,51.8,0.09695,277.6,-305.3,0.1003,0.00340,OK
4.2081,4.2046,3.5,0,-99.5,48.5,0.0918,-113.4,88.5,0.1438,278.6,-286.9,0.0000,273.6,-132.9,0.2081,260.2,-157.4,0,0.0,0.0,0.0000,-12.90,0.55,10.95,3.46,1,0.0967,-3.168,-0.500,24.00,1,-99.7,49.3,0.09710,248.6,-287.1,0.0853,0.00338,OK
4.2169,4.2110,5.8,0,-97.2,46.1,0.1081,-111.6,86.6,0.1438,280.9,-284.5,0.0000,277.0,-129.4,0.1428,261.4,-158.5,0,0.0,0.0,0.0000,-12.75,-0.37,10.79,3.45,1,0.0967,-3.168,-0.500,24.00,1,-97.6,47.3,0.09877,256.4,-273.8,0.0883,0.00341,OK
4.2244,4.2189,5.5,0,-95.3,44.2,0.1018,-109.4,84.4,0.1438,283.9,-281.6,0.0000,280.0,-127.1,0.1680,265.6,-154.9,0,0.0,0.0,0.0000,-12.11,-0.38,11.54,3.27,1,0.0278,0.186,-2.913,24.00,1,-95.3,45.0,0.09933,257.7,-287.6,0.0229,0.00343,OK
4.2324,4.2265,6.0,0,-92.0,40.5,0.1036,-107.2,82.3,0.1438,286.8,-278.7,0.0000,279.7,-119.3,0.1608,265.8,-147.6,0,0.0,0.0,0.0000,-12.22,-0.85,12.92,3.10,1,0.0289,1.118,-1.324,25.00,1,-92.7,42.2,0.09985,280.9,-309.0,0.0093,0.00359,OK
4.2407,4.2350,5.7,0,-89.9,38.8,0.1024,-104.8,79.9,0.1438,290.2,-275.2,0.0000,283.0,-117.7,0.1655,269.5,-146.0,0,0.0,0.0,0.0000,-9.89,0.32,12.91,3.43,1,0.0233,1.726,0.500,25.00,1,-90.1,39.5,0.10041,259.5,-311.8,0.0438,0.00333,OK
4.2487,4.2444,4.3,0,-87.8,37.6,0.1015,-102.0,77.4,0.1438,293.7,-271.4,0.0000,286.4,-117.0,0.1693,273.1,-145.5,0,0.0,0.0,0.0000,-7.46,-0.97,12.70,3.66,1,-0.0078,-0.716,-0.373,24.00,1,-87.7,37.4,0.10065,229.3,-236.0,0.0085,0.00314,OK
4.2562,4.2518,4.4,0,-85.7,35.4,0.1011,-99.8,75.4,0.1438,296.2,-268.6,0.0000,289.1,-113.2,0.1710,276.2,-141.8,0,0.0,0.0,0.0000,-10.62,-1.69,11.89,3.66,1,-0.0078,-0.716,-0.373,24.00,1,-85.6,35.6,0.10058,264.2,-262.9,-0.0174,0.00321,OK
4.2647,4.2605,4.1,0,-83.0,33.4,0.1070,-97.2,73.0,0.1438,299.2,-265.3,0.0000,291.3,-110.0,0.1471,277.9,-140.5,0,0.0,0.0,0.0000,-10.81,-2.29,11.40,3.61,1,-0.1067,-0.657,-3.207,24.00,1,-83.1,33.6,0.10047,266.0,-253.1,-0.1033,0.00323,OK
4.2728,4.2701,2.7,0,-80.8,31.7,0.0959,-94.4,70.5,0.1438,302.7,-261.8,0.0000,294.2,-107.7,0.1918,282.5,-135.4,0,0.0,0.0,0.0000,-10.70,-2.34,11.29,3.84,1,-0.1478,-0.157,-0.441,25.00,1,-80.5,31.5,0.09864,257.0,-243.2,-0.1641,0.00328,OK
4.2803,4.2701,10.2,0,-80.8,31.7,0.0959,-94.4,70.5,0.1438,302.7,-261.8,0.0000,303.3,-110.2,0.1918,291.3,-138.7,0,0.0,0.0,0.0000,-11.10,-2.85,10.14,3.86,1,-0.1589,1.520,-0.951,25.00,1,-79.9,31.1,0.09823,257.7,-225.1,-0.1728,0.00338,OK
4.2887,4.2854,3.2,0,-79.2,30.4,0.0941,-89.7,66.5,0.1438,308.1,-255.4,0.0000,308.6,-109.1,0.1987,297.0,-137.7,0,0.0,0.0,0.0000,-12.05,-2.97,10.00,3.99,1,-0.1967,0.569,-1.108,25.00,1,-77.9,29.4,0.09543,203.5,-196.8,-0.2153,0.00349,OK
4.2971,4.2854,11.7,0,-79.2,30.4,0.0941,-89.7,66.5,0.1438,308.1,-255.4,0.0000,319.0,-111.7,0.1987,307.1,-141.2,0,0.0,0.0,0.0000,-10.45,-2.76,10.18,4.76,1,-0.1967,0.569,-1.108,24.00,1,-77.0,28.7,0.09475,219.0,-191.7,-0.1876,0.00338,OK
4.3047,4.2854,19.2,0,-79.2,30.4,0.0941,-89.7,66.5,0.1438,308.1,-255.4,0.0000,328.3,-113.9,0.1987,316.1,-144.3,0,0.0,0.0,0.0000,-10.62,-3.11,9.79,4.51,1,-0.1844,-1.755,-0.647,25.00,1,-75.2,27.5,0.09334,219.5,-181.4,-0.1871,0.00337,OK
4.3130,4.2854,27.6,0,-79.2,30.4,0.0941,-89.7,66.5,0.1438,308.1,-255.4,0.0000,338.5,-116.2,0.1987,326.1,-147.5,0,0.0,0.0,0.0000,-10.36,-3.25,9.85,4.55,1,-0.1733,-0.275,-1.177,25.00,1,-73.3,26.2,0.09182,221.8,-175.1,-0.1770,0.00337,OK
4.3206,4.2854,35.2,0,-79.2,30.4,0.0941,-89.7,66.5,0.1438,308.1,-255.4,0.0000,347.8,-118.2,0.1987,335.2,-150.3,0,0.0,0.0,0.0000,-9.81,-3.34,9.64,4.34,1,-0.1644,1.579,-1.040,25.00,1,-71.5,25.0,0.09050,215.8,-165.0,-0.1710,0.00340,OK
4.3286,4.2854,43.2,0,-79.2,30.4,0.0941,-89.7,66.5,0.1438,308.1,-255.4,0.0000,357.6,-120.1,0.1987,344.7,-153.2,0,0.0,0.0,0.0000,-10.05,-2.95,9.07,4.53,1,-0.1644,1.579,-1.040,24.00,1,-69.7,23.9,0.08916,214.2,-165.2,-0.1639,0.00337,OK
4.3369,4.2854,51.5,0,-79.2,30.4,0.0941,-89.7,66.5,0.1438,308.1,-255.4,0.0000,367.7,-122.3,0.1987,354.6,-156.3,0,0.0,0.0,0.0000,-9.45,-4.21,9.17,4.77,1,-0.1411,0.304,-0.981,24.00,1,-67.7,22.8,0.08784,224.3,-138.7,-0.1533,0.00345,OK
4.3452,4.2854,59.8,0,-79.2,30.4,0.0941,-89.7,66.5,0.1438,308.1,-255.4,0.0000,377.9,-124.2,0.1987,364.6,-159.2,0,0.0,0.0,0.0000,-10.45,-3.22,8.95,5.01,1,-0.1033,-1.530,-0.579,25.00,1,-65.8,21.7,0.08676,226.0,-155.9,-0.1085,0.00346,OK
4.3523,4.2854,66.9,0,-79.2,30.4,0.0941,-89.7,66.5,0.1438,308.1,-255.4,0.0000,386.7,-125.8,0.1987,373.1,-161.6,0,0.0,0.0,0.0000,-8.70,-3.81,8.77,5.05,1,-0.0967,-0.843,-0.794,25.00,1,-64.1,20.9,0.08602,217.9,-127.0,-0.0989,0.00345,OK
4.3607,4.3567,4.0,0,-64.0,19.8,0.0951,-66.9,49.4,0.1438,330.7,-224.9,0.0000,373.9,-114.9,0.1947,361.3,-149.9,0,0.0,0.0,0.0000,-9.14,-4.21,9.04,5.28,1,-0.0889,0.892,-0.883,25.00,1,-63.8,19.8,0.08692,196.7,-121.0,-0.0744,0.00330,OK
4.3689,4.3567,12.2,0,-64.0,19.8,0.0951,-66.9,49.4,0.1438,330.7,-224.9,0.0000,364.6,-101.3,0.1947,353.3,-135.5,0,0.0,0.0,0.0000,-9.80,-3.81,8.35,5.12,1,-0.0889,0.892,-0.883,24.00,1,-62.9,19.3,0.08651,196.5,-124.9,-0.0982,0.00336,OK
4.3762,4.3567,19.5,0,-64.0,19.8,0.0951,-66.9,49.4,0.1438,330.7,-224.9,0.0000,370.8,-98.3,0.1947,359.8,-133.1,0,0.0,0.0,0.0000,-9.46,-3.63,8.45,5.62,1,-0.0733,0.118,0.549,24.00,1,-61.4,18.6,0.08589,201.3,-123.0,-0.0738,0.00333,OK
4.3845,4.3567,27.8,0,-64.0,19.8,0.0951,-66.9,49.4,0.1438,330.7,-224.9,0.0000,381.1,-99.6,0.1947,369.9,-135.4,0,0.0,0.0,0.0000,-9.34,-4.71,8.17,6.03,1,-0.0678,-1.373,-0.108,25.00,1,-59.6,17.8,0.08526,215.2,-99.8,-0.0754,0.00337,OK
4.3929,4.3567,36.2,0,-64.0,19.8,0.0951,-66.9,49.4,0.1438,330.7,-224.9,0.0000,391.6,-101.0,0.1947,380.2,-137.7,0,0.0,0.0,0.0000,-9.84,-4.85,8.64,5.96,1,-0.0411,-1.383,-0.912,25.00,1,-57.6,17.1,0.08470,226.5,-106.9,-0.0546,0.00347,OK
4.4007,4.3567,43.9,0,-64.0,19.8,0.0951,-66.9,49.4,0.1438,330.7,-224.9,0.0000,401.1,-102.4,0.1947,389.6,-140.0,0,0.0,0.0,0.0000,-9.83,-4.42,8.34,6.28,1,-0.0411,-1.383,-0.912,25.00,1,-55.8,16.4,0.08431,225.6,-106.8,-0.0476,0.00350,OK
4.4086,4.3567,51.8,0,-64.0,19.8,0.0951,-66.9,49.4,0.1438,330.7,-224.9,0.0000,411.0,-103.5,0.1947,399.3,-142.0,0,0.0,0.0,0.0000,-9.26,-4.55,8.75,6.32,1,0.0044,0.422,-0.559,24.00,1,-54.0,15.7,0.08411,229.3,-102.9,-0.0022,0.00353,OK
4.4168,4.3567,60.1,0,-64.0,19.8,0.0951,-66.9,49.4,0.1438,330.7,-224.9,0.0000,421.4,-104.2,0.1947,409.6,-143.8,0,0.0,0.0,0.0000,-9.05,-4.53,9.01,6.76,1,0.0311,0.598,0.834,25.00,1,-52.0,15.1,0.08423,236.1,-100.8,0.0299,0.00350,OK
4.4250,4.3567,68.3,0,-64.0,19.8,0.0951,-66.9,49.4,0.1438,330.7,-224.9,0.0000,431.8,-104.8,0.1947,419.9,-145.3,0,0.0,0.0,0.0000,-10.14,-5.30,9.68,6.70,1,0.0344,-0.608,-1.422,25.00,1,-49.9,14.4,0.08442,259.4,-107.8,0.0208,0.00361,OK
4.4322,4.3567,75.4,0,-64.0,19.8,0.0951,-66.9,49.4,0.1438,330.7,-224.9,0.0000,440.7,-105.1,0.1947,428.7,-146.4,0,0.0,0.0,0.0000,-10.05,-5.02,9.24,7.20,1,0.0833,-1.245,-1.049,25.00,1,-48.0,13.8,0.08474,259.2,-101.0,0.0728,0.00368,OK
4.4404,4.3567,83.6,0,-64.0,19.8,0.0951,-66.9,49.4,0.1438,330.7,-224.9,0.0000,450.9,-105.4,0.1947,438.9,-147.7,0,0.0,0.0,0.0000,-9.01,-5.34,8.96,7.40,1,0.0833,-1.245,-1.049,25.00,1,-45.8,13.3,0.08536,255.4,-82.1,0.0777,0.00370,OK
4.4486,4.3567,91.9,0,-64.0,19.8,0.0951,-66.9,49.4,0.1438,330.7,-224.9,0.0000,461.0,-106.0,0.1947,448.9,-149.3,0,0.0,0.0,0.0000,-9.05,-5.19,9.03,7.92,1,0.1078,-1.589,2.001,25.00,1,-43.6,12.8,0.08612,261.2,-81.7,0.1066,0.00367,OK
4.4563,4.3567,99.6,0,-64.0,19.8,0.0951,-66.9,49.4,0.1438,330.7,-224.9,0.0000,470.7,-106.5,0.1947,458.5,-150.7,0,0.0,0.0,0.0000,-9.89,-5.55,9.14,8.24,1,0.0956,-0.775,0.078,25.00,1,-41.5,12.3,0.08688,277.1,-84.0,0.0907,0.00368,OK
4.4648,4.4624,2.4,0,-45.7,13.5,0.0847,-30.4,28.2,0.1438,359.1,-176.1,0.0000,455.2,-100.0,0.2364,445.1,-138.2,0,0.0,0.0,0.0000,-9.50,-5.27,9.13,7.33,1,0.1078,0.265,-0.314,25.00,1,-45.4,13.4,0.08721,193.0,-65.6,0.0850,0.00384,OK
4.4729,4.4661,6.8,0,-40.7,11.6,0.0844,-29.0,27.5,0.1438,359.9,-174.3,0.0000,440.8,-92.4,0.2376,431.4,-129.3,0,0.0,0.0,0.0000,-9.26,-6.00,9.53,7.76,1,0.1078,0.265,-0.314,25.00,1,-42.7,12.4,0.08689,243.3,-69.1,0.1002,0.00393,OK
4.4804,4.4661,14.3,0,-40.7,11.6,0.0844,-29.0,27.5,0.1438,359.9,-174.3,0.0000,431.4,-82.3,0.2376,422.9,-118.4,0,0.0,0.0,0.0000,-10.07,-6.58,10.56,8.59,1,0.1378,-0.226,0.333,25.00,1,-41.0,12.1,0.08763,273.9,-74.9,0.1304,0.00397,OK
4.4887,4.4661,22.6,0,-40.7,11.6,0.0844,-29.0,27.5,0.1438,359.9,-174.3,0.0000,441.8,-82.1,0.2376,433.3,-119.1,0,0.0,0.0,0.0000,-10.07,-6.25,10.09,9.27,1,0.1444,-2.344,0.745,24.00,1,-38.7,11.7,0.08876,276.9,-71.2,0.1416,0.00395,OK
4.4969,4.4661,30.8,0,-40.7,11.6,0.0844,-29.0,27.5,0.1438,359.9,-174.3,0.0000,452.0,-81.9,0.2376,443.5,-119.7,0,0.0,0.0,0.0000,-10.89,-6.09,10.16,9.07,1,0.1611,-1.108,0.392,25.00,1,-36.3,11.2,0.08997,284.7,-82.5,0.1539,0.00399,OK
4.5048,4.4661,38.7,0,-40.7,11.6,0.0844,-29.0,27.5,0.1438,359.9,-174.3,0.0000,461.8,-81.6,0.2376,453.3,-120.3,0,0.0,0.0,0.0000,-10.62,-6.31,11.40,9.71,1,0.1611,-1.108,0.392,26.00,1,-33.9,10.8,0.09121,303.2,-88.1,0.1608,0.00395,OK
4.5121,4.4661,46.0,0,-40.7,11.6,0.0844,-29.0,27.5,0.1438,359.9,-174.3,0.0000,471.0,-81.5,0.2376,462.5,-120.9,0,0.0,0.0,0.0000,-10.44,-6.62,11.32,9.80,1,0.2222,-0.265,0.226,26.00,1,-31.6,10.4,0.09261,308.5,-78.8,0.2184,0.00394,OK
4.5211,4.4661,55.0,0,-40.7,11.6,0.0844,-29.0,27.5,0.1438,359.9,-174.3,0.0000,482.3,-80.9,0.2376,473.8,-121.2,0,0.0,0.0,0.0000,-10.54,-6.16,11.07,10.58,1,0.2611,-1.981,-0.147,25.00,1,-28.8,9.9,0.09477,311.5,-80.4,0.2614,0.00389,OK
4.5289,4.4661,62.7,0,-40.7,11.6,0.0844,-29.0,27.5,0.1438,359.9,-174.3,0.0000,492.0,-80.1,0.2376,483.5,-121.3,0,0.0,0.0,0.0000,-11.31,-6.29,12.28,10.47,1,0.3089,-0.441,0.794,24.00,1,-26.2,9.5,0.09697,332.5,-98.1,0.3057,0.00388,OK
4.5367,4.4661,70.6,0,-40.7,11.6,0.0844,-29.0,27.5,0.1438,359.9,-174.3,0.0000,493.9,-78.0,0.2376,485.5,-119.4,0,0.0,0.0,0.0000,-11.82,-6.59,13.08,10.33,1,0.3167,-0.530,0.618,24.00,1,-23.5,8.9,0.09940,348.2,-107.5,0.3108,0.00390,OK
4.5442,4.4661,78.1,0,-40.7,11.6,0.0844,-29.0,27.5,0.1438,359.9,-174.3,0.0000,494.2,-75.9,0.2376,486.1,-117.3,0,0.0,0.0,0.0000,-11.77,-6.79,12.64,10.33,1,0.3167,-0.530,0.618,26.00,1,-20.8,8.4,0.10169,348.7,-99.9,0.3090,0.00394,OK
4.5524,4.4661,86.2,0,-40.7,11.6,0.0844,-29.0,27.5,0.1438,359.9,-174.3,0.0000,494.6,-73.5,0.2376,486.6,-114.9,0,0.0,0.0,0.0000,-12.24,-7.00,12.68,10.57,1,0.3478,-0.971,-0.304,25.00,1,-17.8,7.9,0.10433,360.0,-100.1,0.3373,0.00402,OK
4.5606,4.4661,94.5,0,-40.7,11.6,0.0844,-29.0,27.5,0.1438,359.9,-174.3,0.0000,494.9,-71.2,0.2376,487.1,-112.7,0,0.0,0.0,0.0000,-11.96,-7.58,13.75,11.10,1,0.4100,0.000,0.922,25.00,1,-14.7,7.4,0.10736,378.5,-95.7,0.4007,0.00408,OK
4.5690,4.5646,4.4,0,-7.8,4.2,0.1059,7.4,12.7,0.1438,379.7,-125.9,0.0000,479.0,-65.7,0.1517,469.4,-116.0,0,0.0,0.0,0.0000,-12.68,-7.84,13.77,12.02,1,0.4344,-1.157,1.108,24.00,1,-7.9,4.5,0.11048,415.3,-117.7,0.4161,0.00430,OK
4.5763,4.5646,11.7,0,-7.8,4.2,0.1059,7.4,12.7,0.1438,379.7,-125.9,0.0000,466.0,-59.1,0.1517,457.1,-108.0,0,0.0,0.0,0.0000,-12.68,-8.13,13.95,12.56,1,0.4344,-1.157,1.108,24.00,1,-6.3,4.2,0.11206,424.0,-111.1,0.4278,0.00433,OK
4.5846,4.5646,20.0,0,-7.8,4.2,0.1059,7.4,12.7,0.1438,379.7,-125.9,0.0000,462.7,-50.7,0.1517,454.8,-99.3,0,0.0,0.0,0.0000,-13.57,-7.15,14.26,12.55,1,0.4200,-3.197,-0.010,25.00,1,-2.7,3.6,0.11554,423.9,-137.9,0.4157,0.00433,OK
4.5929,4.5646,28.3,0,-7.8,4.2,0.1059,7.4,12.7,0.1438,379.7,-125.9,0.0000,473.1,-49.0,0.1517,465.3,-98.8,0,0.0,0.0,0.0000,-12.63,-7.25,13.84,12.10,1,0.4111,-2.618,1.363,25.00,1,0.9,2.9,0.11896,410.6,-122.9,0.4067,0.00433,OK
4.6007,4.5646,36.1,0,-7.8,4.2,0.1059,7.4,12.7,0.1438,379.7,-125.9,0.0000,482.8,-47.3,0.1517,475.1,-98.1,0,0.0,0.0,0.0000,-12.43,-7.52,14.01,11.97,1,0.3956,-0.177,-0.353,25.00,1,4.2,2.4,0.12208,412.2,-118.1,0.3910,0.00433,OK
4.6081,4.5646,43.5,0,-7.8,4.2,0.1059,7.4,12.7,0.1438,379.7,-125.9,0.0000,491.8,-45.7,0.1517,484.2,-97.4,0,0.0,0.0,0.0000,-13.12,-7.51,15.62,11.11,1,0.3422,0.588,-0.588,25.00,1,7.4,1.8,0.12476,422.4,-144.8,0.3352,0.00437,OK
4.6167,4.5646,52.1,0,-7.8,4.2,0.1059,7.4,12.7,0.1438,379.7,-125.9,0.0000,498.1,-43.3,0.1517,490.7,-95.7,0,0.0,0.0,0.0000,-14.33,-8.12,14.87,11.59,1,0.3422,0.588,-0.588,24.00,1,11.2,1.0,0.12760,439.5,-139.5,0.3296,0.00447,OK
4.6242,4.5646,59.6,0,-7.8,4.2,0.1059,7.4,12.7,0.1438,379.7,-125.9,0.0000,498.3,-41.1,0.1517,491.2,-93.6,0,0.0,0.0,0.0000,-13.95,-8.64,15.23,12.07,1,0.3122,-1.265,1.353,25.00,1,14.6,0.5,0.12995,448.4,-129.8,0.3035,0.00452,OK
4.6329,4.5646,68.3,0,-7.8,4.2,0.1059,7.4,12.7,0.1438,379.7,-125.9,0.0000,498.5,-38.3,0.1517,491.7,-90.8,0,0.0,0.0,0.0000,-15.11,-8.27,15.12,11.86,1,0.2522,-2.716,-0.824,26.00,1,18.7,-0.2,0.13230,452.6,-147.7,0.2423,0.00459,OK
4.6401,4.5646,75.5,0,-7.8,4.2,0.1059,7.4,12.7,0.1438,379.7,-125.9,0.0000,498.7,-35.8,0.1517,492.1,-88.3,0,0.0,0.0,0.0000,-15.43,-7.94,15.79,11.87,1,0.2322,-1.108,3.148,25.00,1,22.1,-0.9,0.13399,457.9,-163.2,0.2244,0.00463,OK
4.6482,4.5646,83.6,0,-7.8,4.2,0.1059,7.4,12.7,0.1438,379.7,-125.9,0.0000,498.9,-33.0,0.1517,492.6,-85.5,0,0.0,0.0,0.0000,-15.83,-8.22,16.10,12.68,1,0.2322,-1.108,3.148,25.00,1,26.0,-1.7,0.13581,474.2,-162.7,0.2267,0.00464,OK
4.6570,4.5646,92.4,0,-7.8,4.2,0.1059,7.4,12.7,0.1438,379.7,-125.9,0.0000,499.1,-30.0,0.1517,493.1,-82.6,0,0.0,0.0,0.0000,-15.71,-9.83,15.41,13.71,1,0.2333,-0.873,0.932,25.00,1,30.4,-2.3,0.13778,493.3,-124.6,0.2256,0.00468,OK
4.6667,4.6663,0.4,0,28.8,-5.0,0.1374,46.8,2.6,0.1438,393.2,-73.4,0.0000,482.4,-19.9,0.0257,475.1,-85.8,0,0.0,0.0,0.0000,-15.81,-10.45,15.43,13.06,1,0.2011,-1.334,-2.089,25.00,1,29.3,-4.8,0.13990,389.5,-122.4,0.1662,0.00487,OK
4.6721,4.6663,5.8,0,28.8,-5.0,0.1374,46.8,2.6,0.1438,393.2,-73.4,0.0000,474.2,-12.9,0.0257,468.0,-77.8,0,0.0,0.0,0.0000,-15.63,-11.30,15.44,13.19,1,0.2111,0.461,-1.795,26.00,1,29.4,-4.8,0.13925,412.7,-115.5,-0.0251,0.00486,OK
4.6806,4.6663,14.3,0,28.8,-5.0,0.1374,46.8,2.6,0.1438,393.2,-73.4,0.0000,470.5,1.7,0.0257,466.3,-62.8,0,0.0,0.0,0.0000,-16.45,-10.53,15.41,13.37,1,0.2244,-0.108,1.549,25.00,1,32.1,-5.2,0.14024,422.5,-123.4,0.2141,0.00492,OK
4.6889,4.6663,22.6,0,28.8,-5.0,0.1374,46.8,2.6,0.1438,393.2,-73.4,0.0000,480.5,4.3,0.0257,476.5,-61.5,0,0.0,0.0,0.0000,-16.98,-9.72,15.72,13.22,1,0.2244,-0.108,1.549,24.00,1,35.7,-5.8,0.14202,426.7,-142.4,0.2157,0.00496,OK
4.6962,4.6663,29.9,0,28.8,-5.0,0.1374,46.8,2.6,0.1438,393.2,-73.4,0.0000,489.2,6.9,0.0257,485.5,-60.1,0,0.0,0.0,0.0000,-16.87,-9.05,15.51,13.08,1,0.1511,-1.245,1.304,24.00,1,38.9,-6.4,0.14333,421.2,-151.5,0.1449,0.00498,OK
4.7048,4.6663,38.5,0,28.8,-5.0,0.1374,46.8,2.6,0.1438,393.2,-73.4,0.0000,499.4,10.2,0.0257,496.1,-58.3,0,0.0,0.0,0.0000,-17.08,-8.95,16.68,12.81,1,0.1078,-0.892,-0.235,25.00,1,42.8,-7.3,0.14439,435.4,-171.0,0.1021,0.00499,OK
4.7123,4.6663,46.0,0,28.8,-5.0,0.1374,46.8,2.6,0.1438,393.2,-73.4,0.0000,499.8,13.0,0.0257,496.9,-55.5,0,0.0,0.0,0.0000,-17.08,-9.74,16.81,12.92,1,0.0656,-0.608,1.020,25.00,1,46.3,-8.0,0.14499,449.6,-161.8,0.0593,0.00501,OK
4.7206,4.6663,54.3,0,28.8,-5.0,0.1374,46.8,2.6,0.1438,393.2,-73.4,0.0000,499.7,16.1,0.0257,497.2,-52.5,0,0.0,0.0,0.0000,-17.29,-9.27,16.25,13.18,1,0.0656,-0.608,1.020,25.00,1,50.2,-8.8,0.14549,449.1,-162.7,0.0600,0.00501,OK
4.7288,4.6663,62.5,0,28.8,-5.0,0.1374,46.8,2.6,0.1438,393.2,-73.4,0.0000,499.6,19.0,0.0257,497.5,-49.6,0,0.0,0.0,0.0000,-17.02,-8.64,16.02,13.02,1,0.0156,-0.020,0.941,25.00,1,54.0,-9.7,0.14579,441.1,-169.7,0.0128,0.00499,OK
4.7372,4.6663,70.8,0,28.8,-5.0,0.1374,46.8,2.6,0.1438,393.2,-73.4,0.0000,499.5,21.7,0.0257,497.8,-46.9,0,0.0,0.0,0.0000,-17.49,-10.01,12.07,12.49,1,-0.0222,-0.235,-2.216,24.00,1,57.6,-10.2,0.14568,415.3,-98.1,-0.0350,0.00507,OK
4.7441,4.6663,77.8,0,28.8,-5.0,0.1374,46.8,2.6,0.1438,393.2,-73.4,0.0000,499.4,24.0,0.0257,498.0,-44.6,0,0.0,0.0,0.0000,-18.15,-10.93,12.70,12.63,1,-0.0533,-0.530,-0.559,24.00,1,60.7,-10.4,0.14529,439.5,-100.2,-0.0678,0.00517,OK
4.7526,4.6663,86.3,0,28.8,-5.0,0.1374,46.8,2.6,0.1438,393.2,-73.4,0.0000,499.3,26.9,0.0257,498.3,-41.7,0,0.0,0.0,0.0000,-16.41,-10.96,14.33,12.51,1,-0.0533,0.441,1.991,25.00,1,64.6,-10.8,0.14473,449.8,-114.5,-0.0637,0.00522,OK
4.7605,4.7588,1.6,0,82.2,-16.2,0.1661,83.5,-1.9,0.1438,399.3,-24.2,0.0000,484.8,33.1,-0.0893,483.6,-47.5,0,0.0,0.0,0.0000,-13.26,-10.76,15.50,12.94,1,-0.0533,0.441,1.991,25.00,1,81.5,-15.6,0.15140,539.9,-153.9,0.0403,0.00455,OK
4.7685,4.7652,3.3,0,91.3,-17.3,0.1497,86.1,-2.1,0.1438,399.6,-20.9,0.0000,470.1,39.3,-0.0235,470.7,-31.2,0,0.0,0.0,0.0000,-15.29,-10.52,15.04,12.99,1,-0.0689,-1.677,-0.127,25.00,1,88.2,-16.8,0.15051,611.4,-185.9,-0.0744,0.00456,OK
4.7772,4.7725,4.7,0,94.8,-18.6,0.1525,89.0,-2.2,0.1438,399.8,-17.2,0.0000,454.5,47.4,-0.0347,456.5,-22.2,0,0.0,0.0,0.0000,-15.64,-9.82,14.71,13.16,1,-0.0433,-1.755,-1.706,25.00,1,93.5,-17.9,0.15065,600.3,-196.0,-0.0440,0.00451,OK
4.7849,4.7725,12.4,0,94.8,-18.6,0.1525,89.0,-2.2,0.1438,399.8,-17.2,0.0000,441.8,55.8,-0.0347,445.1,-11.9,0,0.0,0.0,0.0000,-17.12,-9.28,15.02,13.11,1,-0.0289,1.981,-1.030,25.00,1,96.2,-18.4,0.15050,595.9,-212.8,-0.0333,0.00451,OK
4.7921,4.7857,6.4,0,99.1,-18.9,0.1525,94.3,-2.4,0.1438,399.8,-10.3,0.0000,429.8,64.0,-0.0346,434.6,-2.0,0,0.0,0.0,0.0000,-17.00,-9.96,15.08,9.25,1,-0.0133,1.089,-0.245,25.00,1,100.4,-19.3,0.15064,517.9,-212.2,-0.0269,0.00457,OK
4.8005,4.7952,5.3,0,104.1,-19.5,0.1509,98.0,-2.4,0.1438,399.8,-5.1,0.0000,416.4,73.9,-0.0285,422.8,10.5,0,0.0,0.0,0.0000,-17.12,-10.31,14.69,10.68,1,-0.0133,1.089,-0.245,26.00,1,104.9,-20.0,0.15047,515.4,-177.6,-0.0267,0.00465,OK
4.8093,4.8035,5.8,0,107.8,-19.7,0.1467,101.4,-2.5,0.1438,399.8,-0.5,0.0000,403.0,85.4,-0.0117,411.1,25.5,0,0.0,0.0,0.0000,-17.36,-10.38,14.23,12.59,1,-0.0533,-0.657,-1.804,25.00,1,108.8,-20.3,0.14948,515.1,-145.7,-0.0650,0.00474,OK
4.8167,4.8130,3.7,0,112.7,-20.1,0.1496,105.2,-2.4,0.1438,400.0,4.8,0.0000,391.3,94.4,-0.0233,401.0,35.0,0,0.0,0.0,0.0000,-16.35,-11.01,15.13,13.25,1,-0.0356,0.363,2.412,25.00,1,113.4,-20.6,0.14913,510.9,-124.9,-0.0413,0.00476,OK
4.8250,4.8238,1.2,0,120.4,-20.4,0.1455,109.5,-2.4,0.1438,400.0,10.4,0.0000,376.2,101.3,-0.0067,386.9,45.7,0,0.0,0.0,0.0000,-16.36,-11.55,14.65,13.30,1,-0.0467,0.088,-2.010,24.00,1,119.7,-20.7,0.14802,545.3,-110.4,-0.0751,0.00484,OK
4.8324,4.8238,8.6,0,120.4,-20.4,0.1455,109.5,-2.4,0.1438,400.0,10.4,0.0000,374.2,104.6,-0.0067,385.4,49.3,0,0.0,0.0,0.0000,-15.65,-11.73,14.85,14.06,1,-0.0467,0.088,-2.010,24.00,1,120.0,-20.7,0.14805,537.2,-100.1,-0.0515,0.00484,OK
4.8412,4.8354,5.8,0,125.7,-21.2,0.1408,114.1,-2.2,0.1438,399.7,16.4,0.0000,369.3,104.3,0.0122,380.3,51.4,0,0.0,0.0,0.0000,-16.42,-11.54,14.66,14.26,1,-0.0922,-0.745,-0.628,25.00,1,125.9,-21.1,0.14624,534.9,-107.4,-0.1016,0.00492,OK
4.8488,4.8476,1.2,0,133.1,-21.9,0.1517,119.0,-2.0,0.1438,399.3,22.9,0.0000,356.5,103.1,-0.0317,368.0,48.0,0,0.0,0.0,0.0000,-16.54,-11.52,13.95,14.33,1,-0.0733,-0.049,2.167,25.00,1,132.8,-21.6,0.14629,541.2,-108.8,-0.0382,0.00486,OK
4.8565,4.8476,8.8,0,133.1,-21.9,0.1517,119.0,-2.0,0.1438,399.3,22.9,0.0000,366.1,99.8,-0.0317,377.0,43.3,0,0.0,0.0,0.0000,-15.61,-11.43,13.20,13.22,1,-0.0922,2.481,-3.589,25.00,1,133.2,-21.6,0.14604,511.6,-95.5,-0.1002,0.00489,OK
4.8645,4.8641,0.4,0,142.6,-23.1,0.1425,125.6,-1.5,0.1438,398.6,31.9,0.0000,349.9,100.0,0.0052,360.6,49.2,0,0.0,0.0,0.0000,-15.44,-11.95,12.90,13.35,1,-0.0922,2.481,-3.589,25.00,1,142.0,-22.4,0.14411,536.9,-108.2,-0.1167,0.00496,OK
4.8723,4.8685,3.8,0,146.2,-23.6,0.1432,127.3,-1.4,0.1438,398.4,34.2,0.0000,346.7,98.3,0.0025,357.2,47.9,0,0.0,0.0,0.0000,-16.39,-11.81,12.88,13.78,1,-0.1356,0.608,-2.824,25.00,1,145.2,-22.9,0.14336,558.3,-118.3,-0.1441,0.00499,OK
4.8802,4.8770,3.2,0,150.6,-24.0,0.1457,130.7,-1.1,0.1438,398.1,38.7,0.0000,343.5,95.9,-0.0077,353.8,45.0,0,0.0,0.0,0.0000,-15.48,-12.03,12.79,13.32,1,-0.1433,-1.618,2.756,25.00,1,150.1,-23.5,0.14259,550.1,-117.0,-0.1385,0.00497,OK
4.8892,4.8856,3.6,0,154.0,-23.2,0.1451,134.1,-0.7,0.1438,397.7,43.1,0.0000,344.2,89.6,-0.0052,353.5,38.9,0,0.0,0.0,0.0000,-14.69,-11.63,11.62,13.65,1,-0.1589,-0.637,-1.902,24.00,1,154.4,-23.5,0.14172,515.4,-84.3,-0.1531,0.00493,OK
4.8971,4.8944,2.8,0,159.2,-23.4,0.1389,137.6,-0.3,0.1438,397.3,47.5,0.0000,338.1,87.0,0.0196,346.9,39.3,0,0.0,0.0,0.0000,-13.46,-12.30,11.34,13.11,1,-0.1589,-0.637,-1.902,25.00,1,159.0,-23.4,0.14007,509.9,-67.2,-0.1706,0.00495,OK
4.9046,4.9022,2.4,0,162.9,-23.9,0.1401,140.7,0.1,0.1438,396.9,50.0,0.0000,335.8,85.7,0.0147,344.5,37.9,0,0.0,0.0,0.0000,-13.49,-12.45,10.65,12.66,1,-0.1567,4.050,-0.745,24.00,1,162.9,-23.5,0.13897,494.9,-65.3,-0.1591,0.00498,OK
4.9130,4.9107,2.2,0,166.3,-23.2,0.1392,144.1,0.5,0.1438,396.6,52.3,0.0000,335.7,80.9,0.0186,343.6,33.5,0,0.0,0.0,0.0000,-14.17,-12.49,10.53,12.99,1,-0.1800,1.726,-0.696,25.00,1,166.8,-23.4,0.13757,483.0,-54.6,-0.1800,0.00500,OK
4.9204,4.9191,1.4,0,169.7,-23.0,0.1362,147.4,1.0,0.1438,396.7,50.9,0.0000,334.5,77.7,0.0306,342.0,31.5,0,0.0,0.0,0.0000,-14.25,-9.49,10.39,12.66,1,-0.2189,-0.834,-0.794,25.00,1,170.2,-23.4,0.13573,434.3,-79.6,-0.2179,0.00497,OK
4.9285,4.9281,0.4,0,173.7,-22.6,0.1358,151.0,1.4,0.1438,396.8,48.6,0.0000,332.3,73.2,0.0320,339.2,27.6,0,0.0,0.0,0.0000,-12.75,-6.89,9.97,12.42,1,-0.1656,0.196,0.029,24.00,1,173.8,-23.4,0.13464,391.6,-84.0,-0.1482,0.00487,OK
4.9364,4.9363,0.2,0,178.0,-22.6,0.1299,154.3,1.8,0.1438,397.3,44.4,0.0000,328.8,70.1,0.0555,335.1,26.9,0,0.0,0.0,0.0000,-12.44,-9.38,10.00,12.11,1,-0.1656,0.196,0.029,25.00,1,177.6,-23.0,0.13269,439.7,-43.6,-0.1978,0.00487,OK
4.9448,4.9363,8.5,0,178.0,-22.6,0.1299,154.3,1.8,0.1438,397.3,44.4,0.0000,338.6,66.4,0.0555,344.4,22.0,0,0.0,0.0,0.0000,-12.57,-11.08,9.54,12.15,1,-0.1656,2.501,0.216,24.00,1,177.8,-23.0,0.13268,441.9,-21.3,-0.1740,0.00490,OK
4.9520,4.9363,15.7,0,178.0,-22.6,0.1299,154.3,1.8,0.1438,397.3,44.4,0.0000,347.2,63.2,0.0555,352.4,17.7,0,0.0,0.0,0.0000,-11.67,-11.98,9.42,11.58,1,-0.1722,0.196,-1.128,25.00,1,181.0,-22.6,0.13138,434.7,-9.0,-0.1818,0.00494,OK
4.9603,4.9363,24.1,0,178.0,-22.6,0.1299,154.3,1.8,0.1438,397.3,44.4,0.0000,356.9,59.8,0.0555,361.7,13.0,0,0.0,0.0,0.0000,-11.01,-11.13,8.62,12.04,1,-0.1533,0.412,-0.500,25.00,1,184.5,-22.2,0.12996,418.5,3.7,-0.1591,0.00494,OK
4.9682,4.9650,3.2,0,181.0,-22.1,0.1306,165.7,2.9,0.1438,399.0,29.7,0.0000,357.4,54.9,0.0528,361.5,7.8,0,0.0,0.0,0.0000,-11.26,-11.28,7.50,11.29,1,-0.1533,0.412,-0.500,25.00,1,183.7,-21.8,0.12832,246.9,25.7,-0.1587,0.00500,OK
4.9767,4.9650,11.7,0,181.0,-22.1,0.1306,165.7,2.9,0.1438,399.0,29.7,0.0000,367.5,51.4,0.0528,371.0,3.1,0,0.0,0.0,0.0000,-10.41,-11.20,7.88,10.47,1,-0.1233,3.383,-1.167,25.00,1,184.7,-21.6,0.12784,267.1,14.9,-0.1332,0.00504,OK
4.9852,4.9650,20.2,0,181.0,-22.1,0.1306,165.7,2.9,0.1438,399.0,29.7,0.0000,377.5,47.4,0.0528,380.4,-2.1,0,0.0,0.0,0.0000,-9.47,-10.82,8.05,10.92,1,-0.1156,1.589,-1.128,24.00,1,186.9,-21.2,0.12676,271.3,20.0,-0.1206,0.00504,OK
4.9929,4.9650,28.0,0,181.0,-22.1,0.1306,165.7,2.9,0.1438,399.0,29.7,0.0000,386.3,43.5,0.0528,388.7,-7.2,0,0.0,0.0,0.0000,-9.79,-10.10,8.06,10.59,1,-0.0600,1.187,1.667,25.00,1,189.0,-20.8,0.12603,270.9,8.6,-0.0676,0.00506,OK
5.0002,4.9650,35.2,0,181.0,-22.1,0.1306,165.7,2.9,0.1438,399.0,29.7,0.0000,394.6,39.6,0.0528,396.4,-12.1,0,0.0,0.0,0.0000,-8.74,-9.53,7.23,10.99,1,-0.0233,0.255,-1.157,25.00,1,190.9,-20.4,0.12568,259.6,25.8,-0.0281,0.00505,OK
5.0081,4.9650,43.1,0,181.0,-22.1,0.1306,165.7,2.9,0.1438,399.0,29.7,0.0000,403.6,35.5,0.0528,404.8,-17.4,0,0.0,0.0,0.0000,-9.05,-8.79,6.93,10.40,1,-0.0233,0.255,-1.157,25.00,1,192.9,-20.0,0.12545,252.3,15.1,-0.0304,0.00507,OK
5.0164,4.9650,51.4,0,181.0,-22.1,0.1306,165.7,2.9,0.1438,399.0,29.7,0.0000,413.1,31.0,0.0528,413.6,-23.0,0,0.0,0.0,0.0000,-8.26,-8.96,6.98,10.50,1,0.0033,-0.020,-0.226,25.00,1,194.9,-19.6,0.12532,254.8,23.2,-0.0011,0.00507,OK
5.0248,4.9650,59.8,0,181.0,-22.1,0.1306,165.7,2.9,0.1438,399.0,29.7,0.0000,422.8,26.9,0.0528,422.7,-28.4,0,0.0,0.0,0.0000,-7.46,-9.10,6.89,10.49,1,0.0511,1.589,0.932,25.00,1,197.0,-19.1,0.12553,253.6,33.7,0.0487,0.00504,OK
5.0322,4.9650,67.2,0,181.0,-22.1,0.1306,165.7,2.9,0.1438,399.0,29.7,0.0000,431.2,23.0,0.0528,430.5,-33.3,0,0.0,0.0,0.0000,-7.48,-8.99,6.43,10.57,1,0.1067,1.981,-0.539,25.00,1,198.8,-18.6,0.12608,254.3,40.5,0.0998,0.00505,OK
5.0409,4.9650,75.9,0,181.0,-22.1,0.1306,165.7,2.9,0.1438,399.0,29.7,0.0000,440.7,18.4,0.0528,439.4,-39.2,0,0.0,0.0,0.0000,-7.70,-8.85,6.03,10.60,1,0.1378,-0.431,-1.510,25.00,1,201.0,-17.9,0.12706,256.1,44.5,0.1262,0.00512,OK
5.0487,5.0439,4.8,0,216.0,-17.6,0.1394,197.2,3.5,0.1438,399.7,-12.9,0.0000,425.4,15.6,0.0175,423.5,-43.7,0,0.0,0.0,0.0000,-7.90,-8.63,6.77,10.45,1,0.1378,-0.431,-1.510,25.00,1,214.9,-17.5,0.13126,387.7,8.5,0.1464,0.00491,OK
5.0567,5.0523,4.4,0,219.1,-16.9,0.1374,200.6,3.4,0.1438,399.5,-17.3,0.0000,409.9,11.4,0.0258,407.6,-44.9,0,0.0,0.0,0.0000,-7.17,-8.43,6.35,10.63,1,0.1944,-1.147,-0.235,24.00,1,218.6,-16.9,0.13377,380.7,21.4,0.1965,0.00484,OK
5.0650,5.0523,12.7,0,219.1,-16.9,0.1374,200.6,3.4,0.1438,399.5,-17.3,0.0000,394.4,5.2,0.0258,391.4,-48.9,0,0.0,0.0,0.0000,-6.41,-8.72,6.62,9.71,1,0.2422,2.226,1.000,25.00,1,220.3,-16.5,0.13485,362.7,23.1,0.2346,0.00487,OK
5.0731,5.0693,3.8,0,223.6,-14.4,0.1420,207.4,3.0,0.1438,399.3,-25.8,0.0000,380.8,-3.4,0.0072,376.5,-57.2,0,0.0,0.0,0.0000,-7.36,-8.07,6.62,10.24,1,0.2744,1.971,-0.137,25.00,1,224.1,-15.0,0.13878,351.0,33.2,0.2746,0.00487,OK
5.0800,5.0777,2.3,0,226.3,-14.0,0.1397,210.7,2.8,0.1438,398.9,-30.3,0.0000,370.0,-11.9,0.0165,364.7,-63.3,0,0.0,0.0,0.0000,-6.75,-8.54,6.45,10.82,1,0.2744,1.971,-0.137,25.00,1,226.7,-14.1,0.14076,341.6,52.3,0.2602,0.00492,OK
5.0882,5.0861,2.0,0,227.8,-13.3,0.1397,214.1,2.5,0.1438,398.5,-35.0,0.0000,360.4,-25.2,0.0163,353.4,-75.2,0,0.0,0.0,0.0000,-6.81,-8.34,6.64,10.60,1,0.2589,-1.059,0.039,25.00,1,228.7,-13.3,0.14232,311.2,48.3,0.2342,0.00498,OK
5.0966,5.0861,10.5,0,227.8,-13.3,0.1397,214.1,2.5,0.1438,398.5,-35.0,0.0000,361.7,-41.5,0.0163,352.4,-91.5,0,0.0,0.0,0.0000,-7.10,-8.72,6.48,10.54,1,0.2889,-1.795,-0.863,24.00,1,229.5,-13.1,0.14305,324.8,50.3,0.2737,0.00509,OK
5.1045,5.0946,10.0,0,230.1,-12.8,0.1430,217.4,2.2,0.1438,398.0,-39.8,0.0000,363.2,-48.2,0.0032,352.6,-99.5,0,0.0,0.0,0.0000,-6.77,-8.47,6.34,10.75,1,0.2867,0.196,0.059,25.00,1,231.2,-12.5,0.14476,298.7,51.8,0.2752,0.00520,OK
5.1129,5.1030,9.9,0,233.3,-12.5,0.1448,220.8,1.9,0.1438,397.5,-44.5,0.0000,362.5,-54.8,-0.0039,350.8,-106.6,0,0.0,0.0,0.0000,-6.84,-7.32,6.01,9.96,1,0.2733,0.657,1.363,25.00,1,233.7,-12.1,0.14656,280.6,27.5,0.2583,0.00534,OK
5.1207,5.1114,9.2,0,234.8,-11.5,0.1544,224.1,1.5,0.1438,397.1,-48.8,0.0000,366.1,-63.3,-0.0424,352.0,-118.8,0,0.0,0.0,0.0000,-7.24,-7.98,6.79,9.49,1,0.2733,0.657,1.363,25.00,1,235.5,-11.5,0.14995,283.4,22.2,0.2554,0.00537,OK
5.1283,5.1199,8.4,0,237.6,-11.4,0.1532,227.5,1.0,0.1438,396.7,-53.0,0.0000,365.7,-68.7,-0.0376,350.9,-123.7,0,0.0,0.0,0.0000,-7.58,-8.28,6.54,9.22,1,0.2200,0.481,0.314,27.00,1,237.7,-11.2,0.15200,285.0,16.9,0.1972,0.00554,OK
5.1363,5.1284,7.9,0,240.0,-9.5,0.1558,230.9,0.6,0.1438,395.8,-57.3,0.0000,366.9,-79.8,-0.0479,350.1,-135.8,0,0.0,0.0,0.0000,-7.71,-8.13,5.93,9.47,1,0.2022,0.392,0.431,24.00,1,240.0,-10.3,0.15377,284.9,36.4,0.1766,0.00574,OK
5.1444,5.1368,7.6,0,241.0,-8.1,0.1512,234.2,0.1,0.1438,395.0,-61.6,0.0000,372.5,-89.7,-0.0295,354.8,-144.8,0,0.0,0.0,0.0000,-7.33,-7.72,6.37,9.22,1,0.1533,0.481,0.441,25.00,1,241.8,-9.1,0.15461,268.2,42.9,0.1385,0.00587,OK
5.1522,5.1454,6.8,0,243.7,-8.1,0.1516,237.6,-0.5,0.1438,394.1,-66.3,0.0000,372.2,-94.9,-0.0310,353.6,-150.0,0,0.0,0.0,0.0000,-7.90,-8.43,6.73,8.93,1,0.1533,0.481,0.441,25.00,1,243.9,-8.3,0.15524,276.6,40.5,0.1313,0.00606,OK
5.1600,5.1537,6.4,0,246.6,-7.1,0.1509,240.9,-1.0,0.1438,393.3,-70.8,0.0000,371.6,-103.5,-0.0283,351.9,-158.2,0,0.0,0.0,0.0000,-7.85,-7.55,7.04,9.35,1,0.1278,0.363,2.697,25.00,1,246.3,-7.5,0.15557,282.6,33.0,0.1148,0.00616,OK
5.1685,5.1537,14.8,0,246.6,-7.1,0.1509,240.9,-1.0,0.1438,393.3,-70.8,0.0000,380.1,-110.0,-0.0283,359.2,-165.9,0,0.0,0.0,0.0000,-9.03,-7.56,7.08,9.01,1,0.0900,-0.559,0.618,24.00,1,248.2,-7.0,0.15617,288.9,18.0,0.0730,0.00627,OK
5.1768,5.1706,6.2,0,250.9,-6.7,0.1543,247.5,-2.3,0.1438,391.9,-79.7,0.0000,375.4,-117.8,-0.0421,352.9,-174.1,0,0.0,0.0,0.0000,-8.67,-7.52,7.22,8.35,1,0.0633,-0.588,0.677,25.00,1,251.0,-6.6,0.15638,279.4,6.9,0.0440,0.00642,OK
5.1844,5.1791,5.3,0,253.5,-6.8,0.1559,250.8,-3.0,0.1438,391.2,-84.0,0.0000,375.5,-123.2,-0.0485,351.8,-180.1,0,0.0,0.0,0.0000,-8.96,-6.81,7.27,8.14,1,0.0633,-0.588,0.677,25.00,1,253.4,-6.5,0.15664,275.5,-13.5,0.0445,0.00654,OK
5.1921,5.1875,4.6,0,254.9,-6.1,0.1609,254.1,-3.7,0.1438,390.3,-88.3,0.0000,378.8,-131.0,-0.0682,352.9,-189.9,0,0.0,0.0,0.0000,-7.62,-6.71,7.78,8.21,1,0.0544,0.392,2.226,25.00,1,255.3,-6.2,0.15762,259.3,-7.6,0.0611,0.00645,OK
5.2012,5.1959,5.2,0,257.3,-6.5,0.1577,257.4,-4.5,0.1438,389.1,-92.8,0.0000,380.9,-136.7,-0.0555,354.7,-194.8,0,0.0,0.0,0.0000,-8.71,-6.36,7.90,8.18,1,0.0311,0.098,0.127,25.00,1,257.4,-6.2,0.15784,263.9,-31.5,0.0237,0.00646,OK
5.2089,5.2045,4.4,0,259.7,-6.3,0.1605,260.7,-5.3,0.1438,387.9,-97.4,0.0000,381.1,-143.5,-0.0667,353.3,-202.5,0,0.0,0.0,0.0000,-8.68,-5.62,8.22,7.92,1,0.0333,-0.598,1.638,24.00,1,259.7,-6.3,0.15846,258.5,-47.4,0.0376,0.00639,OK
5.2162,5.2128,3.4,0,261.9,-6.2,0.1524,264.0,-6.1,0.1438,386.8,-101.8,0.0000,381.2,-149.6,-0.0345,354.1,-205.7,0,0.0,0.0,0.0000,-8.68,-6.01,8.30,7.70,1,0.0344,0.186,0.892,24.00,1,261.9,-6.3,0.15774,263.2,-44.0,-0.0018,0.00648,OK
5.2249,5.2213,3.5,0,264.7,-6.0,0.1595,267.2,-7.0,0.1438,385.7,-106.1,0.0000,381.1,-157.3,-0.0629,351.3,-215.8,0,0.0,0.0,0.0000,-9.85,-5.70,8.60,7.45,1,0.0344,0.186,0.892,24.00,1,264.4,-6.3,0.15816,278.3,-59.6,0.0276,0.00653,OK
5.2323,5.2213,11.0,0,264.7,-6.0,0.1595,267.2,-7.0,0.1438,385.7,-106.1,0.0000,388.2,-163.4,-0.0629,357.3,-223.0,0,0.0,0.0,0.0000,-9.80,-5.70,8.39,6.97,1,0.0000,0.324,0.785,25.00,1,265.3,-6.3,0.15808,270.2,-62.7,-0.0171,0.00663,OK
5.2405,5.2298,10.7,0,267.3,-6.4,0.1525,270.5,-7.9,0.1438,384.6,-110.3,0.0000,388.1,-169.3,-0.0349,357.9,-226.3,0,0.0,0.0,0.0000,-9.50,-5.61,8.22,7.01,1,-0.0244,-0.265,1.638,25.00,1,267.8,-6.4,0.15643,275.5,-60.9,-0.0381,0.00681,OK
5.2485,5.2298,18.7,0,267.3,-6.4,0.1525,270.5,-7.9,0.1438,384.6,-110.3,0.0000,395.7,-176.0,-0.0349,364.3,-234.1,0,0.0,0.0,0.0000,-10.01,-5.37,9.38,7.16,1,-0.0444,-1.393,1.363,25.00,1,270.2,-6.7,0.15607,288.8,-83.7,-0.0511,0.00681,OK
5.2560,5.2298,26.2,0,267.3,-6.4,0.1525,270.5,-7.9,0.1438,384.6,-110.3,0.0000,402.6,-182.4,-0.0349,370.3,-241.4,0,0.0,0.0,0.0000,-9.60,-5.06,9.77,6.56,1,-0.0489,-0.667,1.383,24.00,1,272.4,-7.0,0.15567,279.9,-92.3,-0.0553,0.00681,OK
5.2647,5.2298,34.9,0,267.3,-6.4,0.1525,270.5,-7.9,0.1438,384.6,-110.3,0.0000,410.6,-189.7,-0.0349,377.0,-249.9,0,0.0,0.0,0.0000,-9.87,-4.57,9.71,6.37,1,-0.0489,-0.667,1.383,24.00,1,274.9,-7.5,0.15519,275.6,-103.5,-0.0545,0.00680,OK
5.2720,5.2298,42.2,0,267.3,-6.4,0.1525,270.5,-7.9,0.1438,384.6,-110.3,0.0000,417.2,-196.0,-0.0349,382.5,-257.2,0,0.0,0.0,0.0000,-10.08,-4.53,10.64,6.42,1,-0.0678,2.795,0.716,25.00,1,277.0,-7.9,0.15474,284.6,-117.0,-0.0693,0.00675,OK
5.2810,5.2551,25.9,0,273.3,-6.7,0.1620,280.2,-10.9,0.1438,380.4,-123.2,0.0000,406.9,-203.0,-0.0727,368.8,-266.0,0,0.0,0.0,0.0000,-11.05,-4.63,11.05,7.19,1,-0.0878,-0.049,1.981,25.00,1,278.7,-7.9,0.15604,288.8,-117.1,-0.0858,0.00652,OK
5.2890,5.2551,33.9,0,273.3,-6.7,0.1620,280.2,-10.9,0.1438,380.4,-123.2,0.0000,413.9,-210.3,-0.0727,374.6,-274.3,0,0.0,0.0,0.0000,-11.48,-4.46,10.80,6.24,1,-0.1000,-3.628,1.520,26.00,1,281.1,-8.6,0.15525,281.2,-126.8,-0.1083,0.00653,OK
5.2962,5.2551,41.0,0,273.3,-6.7,0.1620,280.2,-10.9,0.1438,380.4,-123.2,0.0000,420.0,-216.6,-0.0727,379.6,-281.5,0,0.0,0.0,0.0000,-11.85,-4.38,10.07,5.51,1,-0.1211,-0.167,0.304,25.00,1,283.2,-9.1,0.15436,269.5,-127.4,-0.1400,0.00665,OK
5.3049,5.2551,49.8,0,273.3,-6.7,0.1620,280.2,-10.9,0.1438,380.4,-123.2,0.0000,427.6,-224.6,-0.0727,385.7,-290.6,0,0.0,0.0,0.0000,-11.50,-3.83,10.18,5.31,1,-0.1211,-0.167,0.304,24.00,1,285.6,-9.9,0.15315,262.8,-136.7,-0.1348,0.00671,OK
5.3126,5.2551,57.5,0,273.3,-6.7,0.1620,280.2,-10.9,0.1438,380.4,-123.2,0.0000,434.4,-231.4,-0.0727,391.4,-298.5,0,0.0,0.0,0.0000,-11.63,-3.36,10.72,5.07,1,-0.1300,3.423,2.275,25.00,1,287.8,-10.8,0.15209,263.2,-154.3,-0.1401,0.00674,OK
5.3209,5.2551,65.8,0,273.3,-6.7,0.1620,280.2,-10.9,0.1438,380.4,-123.2,0.0000,439.7,-238.1,-0.0727,395.5,-305.9,0,0.0,0.0,0.0000,-12.34,-2.98,10.93,5.36,1,-0.1356,-1.157,0.961,25.00,1,290.2,-11.8,0.15094,271.1,-171.0,-0.1379,0.00670,OK
5.3292,5.2551,74.1,0,273.3,-6.7,0.1620,280.2,-10.9,0.1438,380.4,-123.2,0.0000,438.0,-241.2,-0.0727,393.4,-308.7,0,0.0,0.0,0.0000,-10.41,-3.12,11.48,4.58,1,-0.1344,-4.992,4.236,25.00,1,292.5,-12.8,0.14979,252.7,-157.2,-0.1408,0.00670,OK
5.3362,5.2551,81.1,0,273.3,-6.7,0.1620,280.2,-10.9,0.1438,380.4,-123.2,0.0000,436.5,-243.8,-0.0727,391.5,-311.1,0,0.0,0.0,0.0000,-7.60,-3.11,11.69,3.74,1,-0.1344,-4.992,4.236,25.00,1,294.2,-13.5,0.14881,209.5,-119.4,-0.1376,0.00667,OK
5.3446,5.2551,89.5,0,273.3,-6.7,0.1620,280.2,-10.9,0.1438,380.4,-123.2,0.0000,434.7,-247.0,-0.0727,389.2,-313.9,0,0.0,0.0,0.0000,-7.74,-2.72,13.08,4.51,1,-0.1356,1.020,-0.020,24.00,1,296.2,-14.2,0.14772,221.5,-131.4,-0.1259,0.00652,OK
5.3529,5.2551,97.8,0,273.3,-6.7,0.1620,280.2,-10.9,0.1438,380.4,-123.2,0.0000,433.0,-250.1,-0.0727,387.0,-316.6,0,0.0,0.0,0.0000,-11.76,-2.02,13.90,4.59,1,-0.1244,3.050,-0.265,25.00,1,298.5,-15.5,0.14673,275.2,-216.5,-0.1183,0.00641,OK
5.3602,5.2551,105.1,0,273.3,-6.7,0.1620,280.2,-10.9,0.1438,380.4,-123.2,0.0000,431.6,-252.5,-0.0727,385.2,-318.8,0,0.0,0.0,0.0000,-13.26,-3.02,14.38,4.23,1,-0.0722,-2.118,1.716,25.00,1,300.8,-16.7,0.14585,291.4,-216.4,-0.1110,0.00666,OK
5.3684,5.2551,113.3,0,273.3,-6.7,0.1620,280.2,-10.9,0.1438,380.4,-123.2,0.0000,430.0,-255.2,-0.0727,383.2,-321.2,0,0.0,0.0,0.0000,-14.68,-2.78,10.58,4.42,1,-0.0722,-2.118,1.716,25.00,1,303.3,-18.0,0.14495,268.8,-188.1,-0.1040,0.00689,OK
5.3767,5.2551,121.6,0,273.3,-6.7,0.1620,280.2,-10.9,0.1438,380.4,-123.2,0.0000,428.4,-257.9,-0.0727,381.2,-323.6,0,0.0,0.0,0.0000,-13.62,-2.41,10.06,4.38,1,-0.0378,-2.785,3.864,24.00,1,305.6,-19.2,0.14423,255.1,-180.4,-0.0642,0.00706,OK
5.3852,5.3517,33.5,0,301.7,-17.6,0.1494,316.1,-25.1,0.1438,361.6,-171.1,0.0000,413.2,-265.7,-0.0224,369.1,-324.2,0,0.0,0.0,0.0000,-13.07,-2.00,12.05,4.83,1,-0.0022,-0.039,-1.442,25.00,1,309.4,-21.7,0.14550,282.2,-218.7,-0.0148,0.00702,OK
5.3926,5.3517,40.9,0,301.7,-17.6,0.1494,316.1,-25.1,0.1438,361.6,-171.1,0.0000,413.3,-276.1,-0.0224,367.6,-334.5,0,0.0,0.0,0.0000,-13.91,-1.72,14.58,4.77,1,0.0067,2.334,0.226,25.00,1,311.8,-23.1,0.14541,306.6,-257.8,-0.0067,0.00708,OK
5.4010,5.3517,49.3,0,301.7,-17.6,0.1494,316.1,-25.1,0.1438,361.6,-171.1,0.0000,413.7,-280.8,-0.0224,367.3,-339.2,0,0.0,0.0,0.0000,-14.55,-1.64,15.45,4.87,1,0.0100,0.147,1.079,24.00,1,314.7,-24.9,0.14536,319.1,-274.4,-0.0033,0.00714,OK
5.4086,5.4022,6.4,0,318.6,-25.8,0.1487,334.0,-34.4,0.1438,349.2,-194.9,0.0000,399.2,-276.0,-0.0197,353.9,-332.2,0,0.0,0.0,0.0000,-15.38,-1.21,15.93,5.36,1,0.0100,0.147,1.079,25.00,1,318.5,-26.0,0.14636,343.2,-282.9,0.0132,0.00699,OK
5.4167,5.4108,5.9,0,321.2,-27.1,0.1413,337.0,-36.1,0.1438,347.1,-198.8,0.0000,383.1,-273.9,0.0102,340.8,-325.1,0,0.0,0.0,0.0000,-15.14,-1.63,15.97,4.46,1,0.0378,-3.432,2.275,24.00,1,321.4,-27.5,0.14522,324.0,-255.4,0.0055,0.00727,OK
5.4242,5.4190,5.2,0,323.5,-28.9,0.1477,339.8,-37.7,0.1438,344.9,-202.7,0.0000,370.7,-274.6,-0.0154,326.3,-326.2,0,0.0,0.0,0.0000,-15.68,-1.13,15.31,3.38,1,0.0667,-2.873,2.148,25.00,1,323.9,-29.0,0.14570,291.7,-254.3,0.0021,0.00760,OK
5.4326,5.4277,4.9,0,327.2,-31.9,0.1488,342.9,-39.5,0.1438,342.4,-206.9,0.0000,365.5,-274.1,-0.0200,320.8,-325.2,0,0.0,0.0,0.0000,-15.00,-1.15,16.27,3.38,1,0.0578,0.726,0.235,25.00,1,326.9,-31.3,0.14626,299.3,-273.6,0.0041,0.00790,OK
5.4406,5.4361,4.6,0,329.6,-33.0,0.1446,345.7,-41.3,0.1438,339.9,-210.8,0.0000,363.7,-279.2,-0.0032,319.7,-328.7,0,0.0,0.0,0.0000,-15.04,-0.85,16.15,4.21,1,0.0578,0.726,0.235,25.00,1,329.7,-33.2,0.14618,309.9,-279.8,0.0310,0.00805,OK
5.4482,5.4445,3.7,0,333.6,-34.9,0.1563,348.5,-43.0,0.1438,337.5,-214.7,0.0000,356.8,-281.3,-0.0498,308.7,-333.4,0,0.0,0.0,0.0000,-16.36,-0.85,16.93,4.98,1,0.0600,2.442,1.196,24.00,1,333.2,-35.1,0.14828,351.3,-303.1,0.0912,0.00794,OK
5.4562,5.4529,3.2,0,336.1,-38.0,0.1539,351.4,-44.9,0.1438,335.1,-218.3,0.0000,354.6,-280.8,-0.0403,307.4,-331.9,0,0.0,0.0,0.0000,-16.98,-1.07,18.02,4.84,1,0.0578,0.098,0.265,24.00,1,336.4,-37.6,0.14948,347.3,-323.1,0.0661,0.00799,OK
5.4641,5.4614,2.7,0,339.8,-39.9,0.1539,354.2,-46.7,0.1438,332.7,-221.9,0.0000,348.8,-283.7,-0.0402,301.2,-333.8,0,0.0,0.0,0.0000,-17.54,-0.58,18.35,4.81,1,0.0800,-2.030,1.422,25.00,1,339.8,-39.9,0.15065,355.2,-338.6,0.0880,0.00803,OK
5.4729,5.4614,11.5,0,339.8,-39.9,0.1539,354.2,-46.7,0.1438,332.7,-221.9,0.0000,354.4,-293.1,-0.0402,305.3,-343.9,0,0.0,0.0,0.0000,-15.76,-0.28,17.70,4.48,1,0.0889,-1.040,1.059,26.00,1,341.1,-40.9,0.15091,331.2,-323.5,0.0776,0.00806,OK
5.4802,5.4614,18.9,0,339.8,-39.9,0.1539,354.2,-46.7,0.1438,332.7,-221.9,0.0000,359.0,-301.1,-0.0402,308.6,-352.6,0,0.0,0.0,0.0000,-17.62,-0.19,16.90,4.07,1,0.0889,-1.040,1.059,25.00,1,343.9,-42.9,0.15142,330.8,-331.9,0.0625,0.00824,OK
5.4890,5.4614,27.6,0,339.8,-39.9,0.1539,354.2,-46.7,0.1438,332.7,-221.9,0.0000,364.6,-310.3,-0.0402,312.7,-362.5,0,0.0,0.0,0.0000,-16.33,0.00,16.87,4.29,1,0.0856,0.157,1.638,24.00,1,347.1,-45.3,0.15202,326.3,-330.1,0.0739,0.00827,OK
5.4963,5.4614,34.9,0,339.8,-39.9,0.1539,354.2,-46.7,0.1438,332.7,-221.9,0.0000,369.1,-318.4,-0.0402,315.9,-371.2,0,0.0,0.0,0.0000,-15.28,0.56,16.62,4.02,1,0.0722,1.147,-0.137,25.00,1,349.8,-47.4,0.15257,311.3,-332.9,0.0739,0.00818,OK
5.5050,5.4614,43.6,0,339.8,-39.9,0.1539,354.2,-46.7,0.1438,332.7,-221.9,0.0000,374.2,-328.1,-0.0402,319.5,-381.6,0,0.0,0.0,0.0000,-15.69,2.03,15.40,3.74,1,0.0978,1.657,2.069,25.00,1,352.9,-49.9,0.15346,296.3,-356.6,0.1262,0.00787,OK
5.5121,5.4614,50.7,0,339.8,-39.9,0.1539,354.2,-46.7,0.1438,332.7,-221.9,0.0000,373.7,-332.2,-0.0402,318.4,-385.5,0,0.0,0.0,0.0000,-17.43,1.36,18.78,3.69,1,0.0978,1.657,2.069,25.00,1,355.5,-52.2,0.15424,335.4,-391.0,0.0942,0.00784,OK
5.5210,5.4614,59.6,0,339.8,-39.9,0.1539,354.2,-46.7,0.1438,332.7,-221.9,0.0000,370.9,-335.3,-0.0402,315.1,-388.2,0,0.0,0.0,0.0000,-16.66,1.05,17.31,3.66,1,0.1267,-0.078,0.196,24.00,1,358.9,-55.1,0.15517,317.8,-360.4,0.1165,0.00786,OK
5.5291,5.4614,67.7,0,339.8,-39.9,0.1539,354.2,-46.7,0.1438,332.7,-221.9,0.0000,368.5,-338.0,-0.0402,312.3,-390.5,0,0.0,0.0,0.0000,-18.42,1.26,17.98,3.13,1,0.1067,-1.520,-0.745,25.00,1,361.9,-57.7,0.15596,323.7,-383.8,0.0820,0.00802,OK
5.5369,5.4614,75.5,0,339.8,-39.9,0.1539,354.2,-46.7,0.1438,332.7,-221.9,0.0000,366.4,-340.2,-0.0402,309.9,-392.3,0,0.0,0.0,0.0000,-18.21,1.44,18.68,2.08,1,0.0967,-0.971,1.098,24.00,1,364.8,-60.3,0.15636,302.9,-384.5,0.0298,0.00841,OK
5.5451,5.4614,83.7,0,339.8,-39.9,0.1539,354.2,-46.7,0.1438,332.7,-221.9,0.0000,364.1,-342.7,-0.0402,307.3,-394.4,0,0.0,0.0,0.0000,-18.02,1.93,19.84,2.47,1,0.0333,2.187,3.069,25.00,1,367.9,-63.2,0.15653,324.9,-418.8,0.0157,0.00850,OK
5.5524,5.4614,91.0,0,339.8,-39.9,0.1539,354.2,-46.7,0.1438,332.7,-221.9,0.0000,362.0,-344.9,-0.0402,304.9,-396.3,0,0.0,0.0,0.0000,-17.12,1.91,19.70,2.43,1,0.0333,2.187,3.069,25.00,1,370.7,-65.8,0.15665,316.7,-408.9,0.0187,0.00856,OK
5.5607,5.4614,99.3,0,339.8,-39.9,0.1539,354.2,-46.7,0.1438,332.7,-221.9,0.0000,359.5,-347.5,-0.0402,302.0,-398.5,0,0.0,0.0,0.0000,-17.23,1.69,17.84,2.47,1,-0.0089,0.402,-1.334,25.00,1,373.7,-68.6,0.15664,309.3,-393.8,-0.0196,0.00858,OK
5.5684,5.4614,107.0,0,339.8,-39.9,0.1539,354.2,-46.7,0.1438,332.7,-221.9,0.0000,357.1,-350.0,-0.0402,299.3,-400.6,0,0.0,0.0,0.0000,-17.51,1.92,17.94,1.32,1,-0.0256,-1.216,1.912,25.00,1,376.4,-71.3,0.15628,285.1,-393.7,-0.0643,0.00886,OK
5.5764,5.5677,8.7,0,380.8,-72.8,0.1575,387.8,-72.8,0.1438,298.0,-266.8,0.0000,343.2,-342.0,-0.0549,285.3,-391.6,0,0.0,0.0,0.0000,-16.68,2.11,19.58,0.64,1,0.0033,-1.451,1.736,25.00,1,381.0,-73.1,0.15661,286.5,-390.1,-0.0687,0.00917,OK
5.5848,5.5762,8.6,0,382.9,-74.6,0.1577,390.3,-75.0,0.1438,295.1,-269.9,0.0000,328.2,-334.8,-0.0555,271.5,-382.1,0,0.0,0.0,0.0000,-17.06,1.99,18.58,0.28,1,0.0033,-1.451,1.736,26.00,1,383.4,-75.2,0.15650,266.0,-367.1,-0.1038,0.00957,OK
5.5927,5.5846,8.1,0,387.0,-78.4,0.1630,392.8,-77.3,0.1438,292.2,-273.0,0.0000,313.6,-328.4,-0.0767,256.1,-374.9,0,0.0,0.0,0.0000,-17.37,2.35,18.34,1.75,1,-0.0644,1.961,-2.285,24.00,1,386.6,-78.2,0.15795,325.9,-411.6,-0.0714,0.00940,OK
5.6004,5.5930,7.4,0,390.2,-80.3,0.1556,395.2,-79.6,0.1438,289.0,-276.5,0.0000,298.9,-323.9,-0.0470,245.1,-366.3,0,0.0,0.0,0.0000,-17.57,2.62,18.43,0.96,1,-0.1000,1.844,1.755,25.00,1,389.9,-80.8,0.15691,318.4,-408.7,-0.1178,0.00949,OK
5.6083,5.6015,6.8,0,393.9,-83.9,0.1605,397.7,-82.0,0.1438,285.8,-279.9,0.0000,283.7,-319.6,-0.0669,229.0,-360.8,0,0.0,0.0,0.0000,-18.64,2.10,18.42,0.45,1,-0.1367,-2.501,2.520,25.00,1,393.4,-83.8,0.15631,320.4,-403.6,-0.1809,0.00971,OK
5.6163,5.6099,6.3,0,395.6,-86.7,0.1574,400.1,-84.4,0.1438,282.3,-283.3,0.0000,268.2,-316.3,-0.0545,215.2,-354.4,0,0.0,0.0,0.0000,-18.37,2.29,17.25,0.19,1,-0.1367,-2.501,2.520,27.00,1,396.1,-86.7,0.15519,289.4,-392.8,-0.1764,0.00992,OK
5.6241,5.6184,5.8,0,398.4,-89.6,0.1710,402.4,-86.8,0.1438,278.9,-286.5,0.0000,257.7,-315.8,-0.1089,200.2,-355.1,0,0.0,0.0,0.0000,-18.70,2.23,18.44,0.07,1,-0.2233,-2.736,-1.147,24.00,1,398.8,-89.7,0.15537,289.9,-409.7,-0.2416,0.01000,OK
5.6332,5.6271,6.1,0,402.6,-93.2,0.1529,404.9,-89.3,0.1438,275.9,-289.5,0.0000,248.3,-316.0,-0.0362,197.3,-350.1,0,0.0,0.0,0.0000,-17.76,2.79,18.78,0.02,1,-0.2700,2.942,0.804,26.00,1,402.3,-93.1,0.15295,304.4,-435.1,-0.2867,0.01005,OK
5.6409,5.6353,5.6,0,405.2,-94.4,0.1578,407.1,-91.7,0.1438,273.0,-292.4,0.0000,243.7,-321.8,-0.0560,190.1,-356.1,0,0.0,0.0,0.0000,-18.60,2.98,18.96,0.00,1,-0.3433,2.628,0.990,25.00,1,405.3,-95.5,0.15133,316.3,-430.3,-0.3392,0.00994,OK
5.6480,5.6437,4.3,0,408.9,-99.3,0.1447,409.4,-94.1,0.1438,269.8,-295.5,0.0000,235.3,-315.3,-0.0035,187.4,-345.9,0,0.0,0.0,0.0000,-17.62,2.50,18.28,0.00,1,-0.4200,1.530,2.148,25.00,1,408.6,-98.9,0.14740,316.2,-428.3,-0.4334,0.00993,OK
5.6572,5.6522,5.0,0,411.1,-101.0,0.1475,411.7,-96.7,0.1438,266.3,-298.6,0.0000,232.4,-321.3,-0.0148,182.6,-351.9,0,0.0,0.0,0.0000,-17.62,2.01,17.48,0.00,1,-0.4200,1.530,2.148,24.00,1,411.4,-101.5,0.14430,295.7,-391.2,-0.4251,0.00991,OK
5.6650,5.6522,12.8,0,411.1,-101.0,0.1475,411.7,-96.7,0.1438,266.3,-298.6,0.0000,235.1,-330.4,-0.0148,184.0,-361.4,0,0.0,0.0,0.0000,-17.56,2.06,17.87,-1.42,1,-0.4633,-1.040,-1.187,24.00,1,412.9,-103.2,0.14196,266.6,-389.8,-0.5070,0.01012,OK
5.6724,5.6695,2.9,0,416.4,-108.4,0.1319,416.2,-101.9,0.1438,258.9,-304.7,0.0000,224.4,-320.2,0.0476,180.3,-346.9,0,0.0,0.0,0.0000,-16.85,2.78,16.60,-3.09,1,-0.5033,-0.226,-0.265,24.00,1,416.5,-108.0,0.13455,223.7,-406.0,-0.5821,0.01039,OK
5.6807,5.6695,11.2,0,416.4,-108.4,0.1319,416.2,-101.9,0.1438,258.9,-304.7,0.0000,223.7,-327.6,0.0476,178.7,-354.1,0,0.0,0.0,0.0000,-16.91,3.69,16.25,-3.91,1,-0.4778,3.246,3.275,24.00,1,417.4,-109.3,0.13285,209.2,-422.4,-0.5356,0.01060,OK
5.6882,5.6775,10.8,0,420.3,-112.6,0.1290,418.3,-104.3,0.1438,255.6,-307.4,0.0000,214.3,-324.2,0.0591,170.8,-349.1,0,0.0,0.0,0.0000,-17.19,3.24,15.53,-3.19,1,-0.4778,3.246,3.275,25.00,1,420.5,-113.2,0.12852,241.6,-435.2,-0.5229,0.01080,OK
5.6967,5.6775,19.2,0,420.3,-112.6,0.1290,418.3,-104.3,0.1438,255.6,-307.4,0.0000,216.9,-334.6,0.0591,172.0,-359.8,0,0.0,0.0,0.0000,-17.27,3.50,15.06,-2.58,1,-0.5344,1.265,-2.883,25.00,1,423.1,-116.6,0.12397,249.5,-442.2,-0.5529,0.01085,OK
5.7050,5.6775,27.5,0,420.3,-112.6,0.1290,418.3,-104.3,0.1438,255.6,-307.4,0.0000,219.3,-344.8,0.0591,173.1,-370.1,0,0.0,0.0,0.0000,-17.33,3.72,15.90,-3.37,1,-0.5422,-0.706,0.863,24.00,1,425.5,-120.0,0.11933,239.9,-454.8,-0.5707,0.01096,OK
5.7127,5.6775,35.2,0,420.3,-112.6,0.1290,418.3,-104.3,0.1438,255.6,-307.4,0.0000,221.8,-353.9,0.0591,174.4,-379.5,0,0.0,0.0,0.0000,-15.93,3.56,15.59,-5.27,1,-0.4489,-1.226,2.726,24.00,1,427.6,-123.2,0.11499,202.2,-430.4,-0.5526,0.01122,OK
5.7214,5.6775,43.9,0,420.3,-112.6,0.1290,418.3,-104.3,0.1438,255.6,-307.4,0.0000,224.1,-364.5,0.0591,175.4,-390.3,0,0.0,0.0,0.0000,-11.52,4.05,15.58,-4.48,1,-0.4556,2.981,-3.619,25.00,1,429.6,-126.6,0.11052,164.1,-388.9,-0.4734,0.01126,OK
5.7288,5.6775,51.3,0,420.3,-112.6,0.1290,418.3,-104.3,0.1438,255.6,-307.4,0.0000,225.8,-373.4,0.0591,175.9,-399.4,0,0.0,0.0,0.0000,-12.32,4.12,15.37,-3.38,1,-0.4556,2.981,-3.619,25.00,1,431.2,-129.3,0.10708,185.3,-398.9,-0.4635,0.01124,OK
5.7363,5.6775,58.9,0,420.3,-112.6,0.1290,418.3,-104.3,0.1438,255.6,-307.4,0.0000,227.4,-382.7,0.0591,176.3,-408.8,0,0.0,0.0,0.0000,-13.56,4.94,13.17,-3.30,1,-0.4022,2.491,1.373,25.00,1,432.9,-132.2,0.10378,179.0,-406.1,-0.4081,0.01120,OK
5.7451,5.6775,67.6,0,420.3,-112.6,0.1290,418.3,-104.3,0.1438,255.6,-307.4,0.0000,228.9,-393.7,0.0591,176.4,-419.9,0,0.0,0.0,0.0000,-14.13,5.38,11.58,-3.66,1,-0.3933,1.147,0.785,24.00,1,434.7,-135.5,0.10025,158.4,-396.5,-0.4029,0.01119,OK
5.7533,5.6775,75.8,0,420.3,-112.6,0.1290,418.3,-104.3,0.1438,255.6,-307.4,0.0000,230.5,-404.0,0.0591,176.6,-430.3,0,0.0,0.0,0.0000,-14.83,4.91,13.38,-3.39,1,-0.3211,0.049,-0.941,24.00,1,436.4,-138.8,0.09718,180.1,-415.5,-0.3424,0.01125,OK
5.7605,5.6775,83.1,0,420.3,-112.6,0.1290,418.3,-104.3,0.1438,255.6,-307.4,0.0000,232.0,-413.0,0.0591,176.9,-439.4,0,0.0,0.0,0.0000,-14.55,4.71,14.48,-2.87,1,-0.2522,-0.245,0.226,25.00,1,438.1,-141.6,0.09495,191.9,-418.0,-0.2745,0.01133,OK
5.7688,5.6775,91.3,0,420.3,-112.6,0.1290,418.3,-104.3,0.1438,255.6,-307.4,0.0000,233.6,-423.2,0.0591,177.2,-449.7,0,0.0,0.0,0.0000,-14.50,5.06,14.99,-3.14,1,-0.2522,-0.245,0.226,26.00,1,439.9,-145.0,0.09270,188.7,-429.5,-0.2723,0.01140,OK
5.7771,5.6775,99.6,0,420.3,-112.6,0.1290,418.3,-104.3,0.1438,255.6,-307.4,0.0000,235.4,-433.4,0.0591,177.6,-460.1,0,0.0,0.0,0.0000,-13.20,6.18,14.33,-3.69,1,-0.2300,-0.127,-0.206,25.00,1,441.7,-148.4,0.09058,160.5,-427.8,-0.2381,0.01137,OK
5.7843,5.6775,106.8,0,420.3,-112.6,0.1290,418.3,-104.3,0.1438,255.6,-307.4,0.0000,235.8,-440.9,0.0591,177.0,-467.6,0,0.0,0.0,0.0000,-14.45,6.67,14.32,-4.32,1,-0.1978,1.157,0.667,24.00,1,443.1,-151.5,0.08894,155.7,-450.0,-0.2166,0.01143,OK
5.7930,5.7621,31.0,0,443.8,-144.7,0.0899,438.4,-131.5,0.1438,220.0,-334.0,0.0000,224.6,-427.4,0.2157,185.3,-445.8,0,0.0,0.0,0.0000,-13.56,7.06,13.86,-3.89,1,-0.1956,2.991,0.441,26.00,1,449.1,-154.2,0.08598,183.2,-433.8,-0.2025,0.01147,OK
5.8010,5.7621,39.0,0,443.8,-144.7,0.0899,438.4,-131.5,0.1438,220.0,-334.0,0.0000,213.6,-415.8,0.2157,175.4,-433.2,0,0.0,0.0,0.0000,-13.38,6.55,13.78,-3.12,1,-0.1956,2.991,0.441,25.00,1,450.9,-157.5,0.08438,192.7,-419.5,-0.1971,0.01139,OK
5.8085,5.7621,46.5,0,443.8,-144.7,0.0899,438.4,-131.5,0.1438,220.0,-334.0,0.0000,202.3,-405.9,0.2157,165.0,-422.5,0,0.0,0.0,0.0000,-14.13,6.29,13.56,-3.36,1,-0.1611,1.030,-1.442,25.00,1,452.6,-160.5,0.08299,187.4,-421.9,-0.1736,0.01140,OK
5.8169,5.7621,54.9,0,443.8,-144.7,0.0899,438.4,-131.5,0.1438,220.0,-334.0,0.0000,187.7,-397.6,0.2157,151.3,-412.8,0,0.0,0.0,0.0000,-13.82,6.05,14.40,-3.72,1,-0.0989,-1.353,-0.216,25.00,1,454.4,-164.0,0.08175,180.7,-426.4,-0.1222,0.01149,OK
5.8243,5.7621,62.3,0,443.8,-144.7,0.0899,438.4,-131.5,0.1438,220.0,-334.0,0.0000,173.0,-396.3,0.2157,136.7,-410.3,0,0.0,0.0,0.0000,-13.14,6.58,14.44,-4.94,1,-0.0144,-0.020,2.520,24.00,1,455.9,-167.0,0.08110,151.9,-433.2,-0.0498,0.01167,OK
5.8327,5.7621,70.6,0,443.8,-144.7,0.0899,438.4,-131.5,0.1438,220.0,-334.0,0.0000,170.7,-406.5,0.2157,133.5,-420.2,0,0.0,0.0,0.0000,-11.92,6.55,16.44,-4.89,1,-0.0144,-0.020,2.520,25.00,1,457.4,-170.6,0.08071,149.7,-433.9,-0.0395,0.01179,OK
5.8411,5.7621,79.1,0,443.8,-144.7,0.0899,438.4,-131.5,0.1438,220.0,-334.0,0.0000,171.2,-417.1,0.2157,133.0,-430.8,0,0.0,0.0,0.0000,-11.48,7.05,14.26,-4.19,1,-0.0144,0.363,0.932,25.00,1,458.9,-174.0,0.08042,140.0,-414.7,-0.0284,0.01181,OK
5.8481,5.7621,86.0,0,443.8,-144.7,0.0899,438.4,-131.5,0.1438,220.0,-334.0,0.0000,171.3,-425.8,0.2157,132.4,-439.5,0,0.0,0.0,0.0000,-12.71,7.01,13.63,-3.28,1,-0.0322,0.569,-2.677,25.00,1,460.2,-176.8,0.08019,160.2,-414.8,-0.0404,0.01177,OK
5.8569,5.7621,94.8,0,443.8,-144.7,0.0899,438.4,-131.5,0.1438,220.0,-334.0,0.0000,171.4,-436.8,0.2157,131.5,-450.4,0,0.0,0.0,0.0000,-13.08,7.89,13.71,-3.53,1,0.0267,1.716,-0.147,25.00,1,461.9,-180.4,0.08010,153.0,-430.2,0.0179,0.01175,OK
5.8641,5.7621,102.1,0,443.8,-144.7,0.0899,438.4,-131.5,0.1438,220.0,-334.0,0.0000,171.4,-445.9,0.2157,130.7,-459.5,0,0.0,0.0,0.0000,-12.95,8.18,13.85,-3.62,1,0.0267,1.716,-0.147,24.00,1,463.2,-183.4,0.08024,149.4,-434.2,0.0206,0.01169,OK
5.8723,5.7621,110.3,0,443.8,-144.7,0.0899,438.4,-131.5,0.1438,220.0,-334.0,0.0000,171.7,-456.2,0.2157,130.0,-469.8,0,0.0,0.0,0.0000,-11.48,8.37,13.83,-4.77,1,0.0789,1.785,1.049,25.00,1,464.5,-186.9,0.08059,114.0,-431.1,0.0644,0.01172,OK
5.8805,5.7621,118.4,0,443.8,-144.7,0.0899,438.4,-131.5,0.1438,220.0,-334.0,0.0000,171.7,-466.4,0.2157,129.2,-480.0,0,0.0,0.0,0.0000,-11.55,7.89,14.07,-4.10,1,0.1156,0.029,0.588,25.00,1,465.8,-190.3,0.08126,125.2,-422.9,0.1010,0.01174,OK
5.8888,5.7621,126.8,0,443.8,-144.7,0.0899,438.4,-131.5,0.1438,220.0,-334.0,0.0000,169.5,-470.4,0.2157,126.5,-483.7,0,0.0,0.0,0.0000,-11.87,8.27,14.25,-3.25,1,0.1511,-0.971,-0.794,25.00,1,467.2,-193.7,0.08231,140.4,-423.8,0.1466,0.01167,OK
5.8967,5.8718,24.8,0,465.7,-187.2,0.0930,459.8,-169.8,0.1438,169.1,-362.6,0.0000,161.7,-456.8,0.2031,118.6,-469.8,0,0.0,0.0,0.0000,-10.96,8.62,14.33,-3.92,1,0.2211,0.804,2.197,25.00,1,468.5,-193.9,0.09018,116.9,-405.5,0.2116,0.01115,OK
5.9048,5.8718,33.0,0,465.7,-187.2,0.0930,459.8,-169.8,0.1438,169.1,-362.6,0.0000,152.9,-443.0,0.2031,111.0,-455.3,0,0.0,0.0,0.0000,-10.80,8.97,14.08,-3.94,1,0.2211,0.804,2.197,25.00,1,469.7,-197.1,0.09193,111.5,-405.6,0.2152,0.01110,OK
5.9125,5.8718,40.6,0,465.7,-187.2,0.0930,459.8,-169.8,0.1438,169.1,-362.6,0.0000,143.7,-430.8,0.2031,103.1,-442.3,0,0.0,0.0,0.0000,-10.30,9.27,13.49,-3.94,1,0.2111,1.255,-0.471,24.00,1,470.8,-200.0,0.09356,101.8,-396.3,0.2095,0.01100,OK
5.9208,5.8718,49.0,0,465.7,-187.2,0.0930,459.8,-169.8,0.1438,169.1,-362.6,0.0000,132.1,-418.7,0.2031,92.7,-429.2,0,0.0,0.0,0.0000,-10.16,9.13,13.32,-4.21,1,0.1967,0.333,-0.245,25.00,1,471.9,-203.3,0.09526,94.2,-396.0,0.1927,0.01093,OK
5.9286,5.8718,56.8,0,465.7,-187.2,0.0930,459.8,-169.8,0.1438,169.1,-362.6,0.0000,119.3,-410.0,0.2031,80.7,-419.3,0,0.0,0.0,0.0000,-10.42,9.18,14.34,-4.52,1,0.2322,-0.059,0.853,25.00,1,472.9,-206.4,0.09688,95.1,-414.8,0.2241,0.01090,OK
5.9364,5.8718,64.5,0,465.7,-187.2,0.0930,459.8,-169.8,0.1438,169.1,-362.6,0.0000,103.8,-408.8,0.2031,65.4,-416.7,0,0.0,0.0,0.0000,-10.51,8.89,14.16,-4.94,1,0.2056,-0.235,0.412,24.00,1,474.0,-209.5,0.09849,89.0,-417.0,0.1920,0.01093,OK
5.9451,5.8718,73.3,0,465.7,-187.2,0.0930,459.8,-169.8,0.1438,169.1,-362.6,0.0000,101.8,-419.6,0.2031,62.4,-427.2,0,0.0,0.0,0.0000,-10.06,9.45,14.00,-4.83,1,0.2056,-0.235,0.412,25.00,1,475.1,-213.0,0.10021,82.5,-414.2,0.1998,0.01088,OK
5.9525,5.8718,80.7,0,465.7,-187.2,0.0930,459.8,-169.8,0.1438,169.1,-362.6,0.0000,100.9,-428.6,0.2031,60.7,-436.2,0,0.0,0.0,0.0000,-9.87,9.02,13.81,-5.22,1,0.1622,0.775,-0.490,25.00,1,475.9,-216.0,0.10151,75.0,-410.4,0.1530,0.01087,OK
5.9602,5.8718,88.4,0,465.7,-187.2,0.0930,459.8,-169.8,0.1438,169.1,-362.6,0.0000,99.7,-438.2,0.2031,58.6,-445.6,0,0.0,0.0,0.0000,-9.91,8.74,14.20,-5.68,1,0.1578,2.001,2.118,25.00,1,476.8,-219.1,0.10265,71.3,-416.4,0.1422,0.01091,OK
5.9691,5.8718,97.3,0,465.7,-187.2,0.0930,459.8,-169.8,0.1438,169.1,-362.6,0.0000,98.1,-449.4,0.2031,55.9,-456.6,0,0.0,0.0,0.0000,-9.80,8.33,13.83,-5.18,1,0.0967,-0.226,-2.001,24.00,1,477.9,-222.7,0.10366,77.0,-402.6,0.0865,0.01091,OK
5.9771,5.8718,105.3,0,465.7,-187.2,0.0930,459.8,-169.8,0.1438,169.1,-362.6,0.0000,96.6,-459.5,0.2031,53.5,-466.5,0,0.0,0.0,0.0000,-10.05,8.89,13.53,-5.06,1,0.0967,-0.226,-2.001,24.00,1,478.8,-225.8,0.10438,77.0,-408.9,0.0906,0.01086,OK
5.9850,5.8718,113.2,0,465.7,-187.2,0.0930,459.8,-169.8,0.1438,169.1,-362.6,0.0000,95.2,-469.3,0.2031,51.2,-476.1,0,0.0,0.0,0.0000,-10.08,9.27,13.73,-6.29,1,0.1033,0.127,1.344,25.00,1,479.7,-229.1,0.10508,58.6,-428.4,0.0887,0.01090,OK
5.9927,5.8718,120.9,0,465.7,-187.2,0.0930,459.8,-169.8,0.1438,169.1,-362.6,0.0000,93.8,-478.9,0.2031,48.9,-485.6,0,0.0,0.0,0.0000,-9.75,9.24,13.36,-6.38,1,0.0989,0.765,1.442,24.00,1,480.4,-232.3,0.10574,51.6,-421.8,0.0843,0.01093,OK
6.0012,5.9652,36.0,0,479.3,-222.9,0.1065,473.4,-204.5,0.1438,122.3,-380.8,0.0000,87.0,-463.5,0.1492,37.2,-470.1,0,0.0,0.0,0.0000,-9.67,9.74,15.35,-6.69,1,0.0300,0.333,-2.246,25.00,1,482.4,-234.2,0.10756,60.3,-433.0,0.0268,0.01076,OK
6.0090,5.9652,43.9,0,479.3,-222.9,0.1065,473.4,-204.5,0.1438,122.3,-380.8,0.0000,79.7,-449.5,0.1492,31.5,-455.5,0,0.0,0.0,0.0000,-9.37,10.21,13.06,-6.71,1,0.0344,0.500,1.736,25.00,1,483.2,-237.5,0.10779,43.6,-418.4,0.0298,0.01070,OK
6.0168,5.9652,51.6,0,479.3,-222.9,0.1065,473.4,-204.5,0.1438,122.3,-380.8,0.0000,71.2,-436.6,0.1492,24.3,-441.7,0,0.0,0.0,0.0000,-9.43,9.99,12.52,-7.92,1,0.0533,0.000,1.393,25.00,1,483.8,-240.7,0.10804,26.5,-425.9,0.0355,0.01077,OK
6.0248,5.9652,59.7,0,479.3,-222.9,0.1065,473.4,-204.5,0.1438,122.3,-380.8,0.0000,59.7,-425.3,0.1492,14.2,-429.2,0,0.0,0.0,0.0000,-9.60,9.85,13.09,-7.64,1,0.0533,0.000,1.393,25.00,1,484.4,-244.1,0.10832,34.2,-430.1,0.0372,0.01082,OK
6.0327,5.9652,67.5,0,479.3,-222.9,0.1065,473.4,-204.5,0.1438,122.3,-380.8,0.0000,44.6,-421.3,0.1492,-0.5,-423.7,0,0.0,0.0,0.0000,-8.79,10.73,12.32,-7.15,1,0.0233,-0.049,-0.726,24.00,1,485.0,-247.4,0.10856,21.8,-416.2,0.0204,0.01075,OK
6.0406,5.9652,75.4,0,479.3,-222.9,0.1065,473.4,-204.5,0.1438,122.3,-380.8,0.0000,41.2,-430.6,0.1492,-4.8,-432.6,0,0.0,0.0,0.0000,-9.20,10.61,12.32,-7.41,1,0.0489,0.853,-0.785,24.00,1,485.5,-250.7,0.10879,22.2,-425.1,0.0391,0.01074,OK
6.0485,5.9652,83.3,0,479.3,-222.9,0.1065,473.4,-204.5,0.1438,122.3,-380.8,0.0000,39.1,-440.2,0.1492,-8.0,-441.8,0,0.0,0.0,0.0000,-8.37,9.96,11.91,-7.00,1,0.0489,0.853,-0.785,25.00,1,486.0,-253.9,0.10912,19.0,-400.1,0.0420,0.01070,OK
6.0571,5.9652,91.9,0,479.3,-222.9,0.1065,473.4,-204.5,0.1438,122.3,-380.8,0.0000,36.6,-450.7,0.1492,-11.5,-452.0,0,0.0,0.0,0.0000,-7.95,7.11,12.91,-7.81,1,0.0378,0.932,2.618,25.00,1,486.6,-257.1,0.10936,32.8,-367.9,0.0166,0.01080,OK
6.0649,5.9652,99.8,0,479.3,-222.9,0.1065,473.4,-204.5,0.1438,122.3,-380.8,0.0000,34.5,-460.3,0.1492,-14.6,-461.4,0,0.0,0.0,0.0000,-8.02,5.95,12.44,-7.77,1,0.0144,1.157,0.794,25.00,1,487.3,-259.8,0.10935,45.6,-343.8,-0.0120,0.01094,OK
6.0730,5.9652,107.8,0,479.3,-222.9,0.1065,473.4,-204.5,0.1438,122.3,-380.8,0.0000,32.0,-470.1,0.1492,-18.2,-470.9,0,0.0,0.0,0.0000,-8.20,8.39,12.06,-7.98,1,0.0067,1.226,-2.579,24.00,1,487.8,-262.8,0.10923,16.7,-389.7,-0.0134,0.01102,OK
6.0810,5.9652,115.8,0,479.3,-222.9,0.1065,473.4,-204.5,0.1438,122.3,-380.8,0.0000,29.0,-479.9,0.1492,-22.2,-480.2,0,0.0,0.0,0.0000,-8.68,9.82,11.85,-8.03,1,0.0522,-0.177,2.442,25.00,1,488.2,-266.0,0.10931,8.1,-414.9,0.0333,0.01109,OK
6.0890,5.9652,123.8,0,479.3,-222.9,0.1065,473.4,-204.5,0.1438,122.3,-380.8,0.0000,25.9,-489.5,0.1492,-26.3,-489.5,0,0.0,0.0,0.0000,-8.24,10.73,11.78,-8.87,1,0.0522,-0.177,2.442,26.00,1,488.5,-269.4,0.10958,-13.4,-427.1,0.0368,0.01113,OK
6.0970,5.9652,131.9,0,479.3,-222.9,0.1065,473.4,-204.5,0.1438,122.3,-380.8,0.0000,22.8,-499.0,0.1492,-30.4,-498.6,0,0.0,0.0,0.0000,-6.82,11.26,11.63,-8.10,1,0.0633,0.324,-1.010,25.00,1,488.7,-272.7,0.11002,-27.5,-402.0,0.0657,0.01100,OK
6.1048,6.0662,38.6,0,488.8,-264.9,0.1134,483.1,-243.7,0.1438,69.8,-393.8,0.0000,18.8,-484.1,0.1218,-36.1,-483.1,0,0.0,0.0,0.0000,-7.00,11.33,11.36,-8.35,1,0.0156,0.745,-0.549,24.00,1,490.1,-277.8,0.11262,-25.1,-417.8,0.0173,0.01071,OK
6.1121,6.0662,45.9,0,488.8,-264.9,0.1134,483.1,-243.7,0.1438,69.8,-393.8,0.0000,14.3,-470.2,0.1218,-38.9,-468.8,0,0.0,0.0,0.0000,-7.18,11.37,11.48,-8.82,1,0.0122,0.990,0.745,24.00,1,490.2,-280.9,0.11273,-29.0,-426.8,0.0102,0.01064,OK
6.1204,6.0662,54.2,0,488.8,-264.9,0.1134,483.1,-243.7,0.1438,69.8,-393.8,0.0000,8.0,-454.8,0.1218,-43.5,-452.8,0,0.0,0.0,0.0000,-6.55,11.01,10.79,-9.10,1,0.0122,0.990,0.745,25.00,1,490.3,-284.4,0.11281,-41.5,-411.0,0.0087,0.01057,OK
6.1281,6.0662,61.9,0,488.8,-264.9,0.1134,483.1,-243.7,0.1438,69.8,-393.8,0.0000,0.4,-441.4,0.1218,-49.5,-438.7,0,0.0,0.0,0.0000,-7.40,10.87,11.95,-9.35,1,-0.0344,0.971,0.549,25.00,1,490.4,-287.6,0.11270,-28.7,-432.2,-0.0388,0.01052,OK
6.1370,6.0662,70.8,0,488.8,-264.9,0.1134,483.1,-243.7,0.1438,69.8,-393.8,0.0000,-12.4,-429.1,0.1218,-60.8,-424.9,0,0.0,0.0,0.0000,-7.69,10.84,11.28,-9.25,1,-0.0922,1.275,1.157,25.00,1,490.6,-291.5,0.11210,-27.4,-429.6,-0.0975,0.01048,OK
6.1449,6.0662,78.7,0,488.8,-264.9,0.1134,483.1,-243.7,0.1438,69.8,-393.8,0.0000,-25.1,-429.5,0.1218,-73.5,-423.9,0,0.0,0.0,0.0000,-7.44,10.53,10.00,-9.72,1,-0.1411,1.118,-1.648,24.00,1,490.7,-294.8,0.11111,-39.6,-415.5,-0.1522,0.01049,OK
6.1532,6.0662,87.0,0,488.8,-264.9,0.1134,483.1,-243.7,0.1438,69.8,-393.8,0.0000,-29.1,-439.1,0.1218,-78.5,-433.0,0,0.0,0.0,0.0000,-7.45,11.19,10.64,-10.22,1,-0.1489,-0.010,1.697,24.00,1,490.7,-298.4,0.10983,-47.7,-433.1,-0.1560,0.01046,OK
6.1608,6.0662,94.7,0,488.8,-264.9,0.1134,483.1,-243.7,0.1438,69.8,-393.8,0.0000,-32.6,-448.0,0.1218,-83.1,-441.4,0,0.0,0.0,0.0000,-6.99,12.10,10.28,-10.67,1,-0.1489,-0.010,1.697,25.00,1,490.6,-301.8,0.10866,-67.8,-437.7,-0.1525,0.01040,OK
6.1686,6.0662,102.4,0,488.8,-264.9,0.1134,483.1,-243.7,0.1438,69.8,-393.8,0.0000,-36.3,-457.0,0.1218,-87.8,-450.0,0,0.0,0.0,0.0000,-6.59,12.27,9.39,-11.17,1,-0.1911,0.726,-0.206,25.00,1,490.4,-305.2,0.10732,-84.3,-430.7,-0.1954,0.01036,OK
6.1763,6.0662,110.2,0,488.8,-264.9,0.1134,483.1,-243.7,0.1438,69.8,-393.8,0.0000,-39.8,-466.1,0.1218,-92.2,-458.6,0,0.0,0.0,0.0000,-6.46,11.90,9.97,-10.54,1,-0.2144,3.217,0.971,24.00,1,490.1,-308.5,0.10577,-75.3,-423.2,-0.2102,0.01024,OK
6.1849,6.0662,118.7,0,488.8,-264.9,0.1134,483.1,-243.7,0.1438,69.8,-393.8,0.0000,-44.0,-476.1,0.1218,-97.6,-468.0,0,0.0,0.0,0.0000,-6.07,11.73,9.71,-10.26,1,-0.2111,0.059,-0.363,25.00,1,489.9,-312.1,0.10402,-78.0,-410.4,-0.2033,0.01010,OK
6.1928,6.0662,126.6,0,488.8,-264.9,0.1134,483.1,-243.7,0.1438,69.8,-393.8,0.0000,-48.1,-485.0,0.1218,-102.7,-476.5,0,0.0,0.0,0.0000,-6.41,11.99,9.53,-10.80,1,-0.2111,0.059,-0.363,24.00,1,489.6,-315.4,0.10240,-82.1,-422.1,-0.2101,0.01001,OK
6.2007,6.0747,126.0,0,488.8,-268.9,0.1131,483.7,-247.1,0.1438,65.4,-394.6,0.0000,-52.5,-481.9,0.1230,-106.5,-472.9,0,0.0,0.0,0.0000,-6.56,11.88,9.71,-11.97,1,-0.2222,-2.216,-0.245,25.00,1,489.2,-318.9,0.10069,-90.1,-435.1,-0.2274,0.00998,OK
6.2083,6.1760,32.3,0,491.4,-311.5,0.1034,487.6,-287.4,0.1438,11.8,-399.9,0.0000,-54.0,-466.7,0.1615,-101.9,-458.6,0,0.0,0.0,0.0000,-6.01,12.82,8.17,-12.60,1,-0.2056,0.863,-1.098,24.00,1,490.5,-321.9,0.09851,-107.6,-429.0,-0.2175,0.01005,OK
6.2166,6.1760,40.6,0,491.4,-311.5,0.1034,487.6,-287.4,0.1438,11.8,-399.9,0.0000,-56.7,-450.3,0.1615,-102.9,-442.0,0,0.0,0.0,0.0000,-5.35,13.77,8.57,-12.02,1,-0.1911,5.217,0.078,24.00,1,489.9,-325.6,0.09684,-118.6,-429.0,-0.1887,0.00996,OK
6.2250,6.1760,49.0,0,491.4,-311.5,0.1034,487.6,-287.4,0.1438,11.8,-399.9,0.0000,-60.7,-434.0,0.1615,-105.2,-425.4,0,0.0,0.0,0.0000,-4.90,13.87,9.63,-11.87,1,-0.1467,0.824,1.040,25.00,1,489.3,-329.3,0.09551,-122.8,-430.1,-0.1313,0.00978,OK
6.2328,6.1760,56.7,0,491.4,-311.5,0.1034,487.6,-287.4,0.1438,11.8,-399.9,0.0000,-66.3,-419.6,0.1615,-109.3,-410.5,0,0.0,0.0,0.0000,-4.73,13.49,9.16,-12.73,1,-0.1467,0.824,1.040,25.00,1,488.6,-332.7,0.09448,-133.2,-429.7,-0.1393,0.00964,OK
6.2406,6.1760,64.6,0,491.4,-311.5,0.1034,487.6,-287.4,0.1438,11.8,-399.9,0.0000,-76.0,-407.2,0.1615,-117.6,-397.2,0,0.0,0.0,0.0000,-4.64,12.39,8.56,-13.43,1,-0.1378,-2.442,1.549,25.00,1,487.9,-336.1,0.09339,-131.5,-416.4,-0.1412,0.00959,OK
6.2485,6.1760,72.4,0,491.4,-311.5,0.1034,487.6,-287.4,0.1438,11.8,-399.9,0.0000,-87.2,-407.5,0.1615,-128.8,-396.4,0,0.0,0.0,0.0000,-3.74,13.77,0.98,-12.34,1,-0.1300,-0.186,-3.834,25.00,1,486.9,-338.7,0.09161,-174.5,-276.9,-0.2952,0.01003,OK
6.2568,6.1760,80.8,0,491.4,-311.5,0.1034,487.6,-287.4,0.1438,11.8,-399.9,0.0000,-92.5,-416.6,0.1615,-135.0,-404.8,0,0.0,0.0,0.0000,-3.69,14.31,6.60,-11.99,1,-0.0478,2.599,2.305,24.00,1,485.8,-341.8,0.09018,-154.2,-392.6,-0.0543,0.01000,OK
6.2645,6.1760,88.4,0,491.4,-311.5,0.1034,487.6,-287.4,0.1438,11.8,-399.9,0.0000,-97.4,-424.8,0.1615,-140.8,-412.5,0,0.0,0.0,0.0000,-3.33,13.01,8.01,-11.73,1,-0.0478,2.599,2.305,25.00,1,484.9,-344.9,0.08988,-146.4,-385.5,-0.0319,0.00979,OK
6.2722,6.1760,96.2,0,491.4,-311.5,0.1034,487.6,-287.4,0.1438,11.8,-399.9,0.0000,-102.2,-433.3,0.1615,-146.4,-420.4,0,0.0,0.0,0.0000,-3.60,13.19,7.69,-11.35,1,-0.0856,0.785,1.618,25.00,1,484.1,-347.9,0.08952,-141.5,-384.3,-0.0706,0.00959,OK
6.2812,6.1760,105.2,0,491.4,-311.5,0.1034,487.6,-287.4,0.1438,11.8,-399.9,0.0000,-107.9,-443.1,0.1615,-153.1,-429.6,0,0.0,0.0,0.0000,-4.04,13.47,7.44,-11.53,1,-0.0922,1.883,-2.746,24.00,1,483.1,-351.5,0.08882,-139.7,-392.7,-0.0870,0.00946,OK
6.2886,6.1760,112.6,0,491.4,-311.5,0.1034,487.6,-287.4,0.1438,11.8,-399.9,0.0000,-112.7,-451.2,0.1615,-158.6,-437.1,0,0.0,0.0,0.0000,-3.23,13.64,7.69,-11.46,1,-0.0567,-0.765,1.981,24.00,1,482.3,-354.5,0.08842,-152.9,-384.5,-0.0340,0.00923,OK
6.2963,6.1760,120.2,0,491.4,-311.5,0.1034,487.6,-287.4,0.1438,11.8,-399.9,0.0000,-117.8,-459.4,0.1615,-164.6,-444.7,0,0.0,0.0,0.0000,-2.81,13.52,7.20,-12.06,1,-0.0633,0.902,-1.844,25.00,1,481.3,-357.5,0.08817,-167.1,-380.6,-0.0418,0.00900,OK
6.3044,6.2774,27.0,0,484.4,-354.0,0.0792,486.1,-327.9,0.1438,-41.9,-397.8,0.0000,-115.7,-443.2,0.2585,-150.4,-432.7,0,0.0,0.0,0.0000,-3.33,14.93,6.88,-12.66,1,-0.0633,0.902,-1.844,25.00,1,482.2,-361.8,0.08238,-161.9,-412.0,-0.0606,0.00936,OK
6.3129,6.2774,35.5,0,484.4,-354.0,0.0792,486.1,-327.9,0.1438,-41.9,-397.8,0.0000,-114.5,-426.3,0.2585,-147.8,-416.0,0,0.0,0.0,0.0000,-3.20,15.16,7.62,-12.96,1,-0.0633,2.422,-1.795,25.00,1,481.1,-365.4,0.08192,-170.3,-422.2,-0.0521,0.00919,OK
6.3201,6.2774,42.7,0,484.4,-354.0,0.0792,486.1,-327.9,0.1438,-41.9,-397.8,0.0000,-114.3,-412.0,0.2585,-146.5,-401.6,0,0.0,0.0,0.0000,-2.77,14.13,8.43,-12.39,1,-0.0467,1.216,4.021,24.00,1,480.1,-368.5,0.08173,-164.5,-404.4,-0.0091,0.00892,OK
6.3288,6.2774,51.4,0,484.4,-354.0,0.0792,486.1,-327.9,0.1438,-41.9,-397.8,0.0000,-116.3,-394.7,0.2585,-147.2,-384.2,0,0.0,0.0,0.0000,-2.96,14.56,7.74,-12.29,1,-0.0589,-1.324,-0.834,24.00,1,479.0,-372.1,0.08157,-165.5,-405.3,-0.0334,0.00869,OK
6.3365,6.2774,59.1,0,484.4,-354.0,0.0792,486.1,-327.9,0.1438,-41.9,-397.8,0.0000,-122.1,-380.3,0.2585,-151.8,-369.5,0,0.0,0.0,0.0000,-2.47,15.25,6.35,-12.61,1,-0.0589,-1.324,-0.834,25.00,1,477.9,-375.3,0.08128,-184.6,-396.7,-0.0461,0.00850,OK
6.3455,6.2774,68.1,0,484.4,-354.0,0.0792,486.1,-327.9,0.1438,-41.9,-397.8,0.0000,-131.6,-382.3,0.2585,-161.4,-370.7,0,0.0,0.0,0.0000,-2.39,15.61,6.19,-13.17,1,-0.0444,0.775,-0.785,26.00,1,476.5,-379.0,0.08093,-195.5,-403.4,-0.0361,0.00836,OK
6.3523,6.2774,75.0,0,484.4,-354.0,0.0792,486.1,-327.9,0.1438,-41.9,-397.8,0.0000,-136.7,-389.3,0.2585,-167.1,-377.3,0,0.0,0.0,0.0000,-2.41,15.38,6.89,-13.34,1,-0.0133,-0.284,0.382,25.00,1,475.4,-381.9,0.08083,-195.3,-410.3,-0.0008,0.00818,OK
6.3611,6.2774,83.7,0,484.4,-354.0,0.0792,486.1,-327.9,0.1438,-41.9,-397.8,0.0000,-143.5,-398.2,0.2585,-174.5,-385.6,0,0.0,0.0,0.0000,-1.96,15.34,5.65,-12.89,1,-0.0433,-0.883,1.196,25.00,1,473.9,-385.5,0.08071,-200.6,-386.6,-0.0323,0.00801,OK
6.3690,6.2774,91.6,0,484.4,-354.0,0.0792,486.1,-327.9,0.1438,-41.9,-397.8,0.0000,-149.6,-406.0,0.2585,-181.3,-392.9,0,0.0,0.0,0.0000,-1.96,16.09,5.66,-13.97,1,-0.0433,-0.883,1.196,25.00,1,472.5,-388.8,0.08045,-218.1,-405.3,-0.0373,0.00789,OK
6.3770,6.2774,99.7,0,484.4,-354.0,0.0792,486.1,-327.9,0.1438,-41.9,-397.8,0.0000,-156.0,-413.9,0.2585,-188.3,-400.3,0,0.0,0.0,0.0000,-1.71,15.42,5.74,-13.59,1,-0.0633,0.255,-0.441,25.00,1,471.0,-392.1,0.08014,-216.3,-393.6,-0.0467,0.00768,OK
6.3849,6.2774,107.6,0,484.4,-354.0,0.0792,486.1,-327.9,0.1438,-41.9,-397.8,0.0000,-162.2,-421.5,0.2585,-195.1,-407.4,0,0.0,0.0,0.0000,-1.48,15.73,6.01,-13.15,1,-0.0700,2.609,0.588,24.00,1,469.5,-395.3,0.07990,-219.1,-390.9,-0.0274,0.00738,OK
6.3927,6.2774,115.3,0,484.4,-354.0,0.0792,486.1,-327.9,0.1438,-41.9,-397.8,0.0000,-168.4,-428.9,0.2585,-201.8,-414.3,0,0.0,0.0,0.0000,-1.28,14.96,6.11,-12.72,1,-0.0344,1.049,-0.559,24.00,1,468.1,-398.4,0.07991,-212.0,-377.1,0.0164,0.00706,OK
6.4006,6.2774,123.2,0,484.4,-354.0,0.0792,486.1,-327.9,0.1438,-41.9,-397.8,0.0000,-174.5,-436.4,0.2585,-208.5,-421.3,0,0.0,0.0,0.0000,-1.45,15.64,6.17,-12.65,1,-0.0056,-1.589,-0.049,25.00,1,466.7,-401.5,0.08017,-212.4,-384.2,0.0342,0.00675,OK
6.4094,6.3788,30.6,0,469.0,-395.2,0.0804,479.1,-367.8,0.1438,-95.3,-388.6,0.0000,-168.8,-419.7,0.2538,-201.9,-404.8,0,0.0,0.0,0.0000,-1.96,15.65,6.31,-12.95,1,-0.0056,-1.589,-0.049,25.00,1,464.9,-404.2,0.08063,-208.6,-388.8,0.0136,0.00650,OK
6.4168,6.3788,38.0,0,469.0,-395.2,0.0804,479.1,-367.8,0.1438,-95.3,-388.6,0.0000,-164.6,-405.6,0.2538,-196.6,-391.0,0,0.0,0.0,0.0000,-1.17,15.78,5.62,-13.61,1,0.0233,-1.187,0.794,25.00,1,463.5,-407.1,0.08086,-230.4,-382.7,0.0423,0.00628,OK
6.4240,6.3788,45.2,0,469.0,-395.2,0.0804,479.1,-367.8,0.1438,-95.3,-388.6,0.0000,-161.2,-391.5,0.2538,-192.1,-377.3,0,0.0,0.0,0.0000,-0.97,16.60,5.29,-13.87,1,0.0056,1.383,-1.069,24.00,1,462.0,-410.0,0.08113,-243.6,-387.5,0.0255,0.00605,OK
6.4323,6.3788,53.5,0,469.0,-395.2,0.0804,479.1,-367.8,0.1438,-95.3,-388.6,0.0000,-159.0,-375.1,0.2538,-188.6,-361.1,0,0.0,0.0,0.0000,-0.75,16.24,5.33,-13.68,1,0.0022,1.324,0.314,25.00,1,460.2,-413.4,0.08142,-244.1,-381.1,0.0356,0.00576,OK
6.4406,6.3788,61.8,0,469.0,-395.2,0.0804,479.1,-367.8,0.1438,-95.3,-388.6,0.0000,-161.0,-358.6,0.2538,-189.2,-344.5,0,0.0,0.0,0.0000,-1.12,16.10,5.75,-12.02,1,0.0022,1.324,0.314,25.00,1,458.6,-416.6,0.08184,-216.8,-365.7,0.0570,0.00541,OK
6.4489,6.3788,70.1,0,469.0,-395.2,0.0804,479.1,-367.8,0.1438,-95.3,-388.6,0.0000,-168.9,-357.7,0.2538,-197.0,-343.0,0,0.0,0.0,0.0000,-2.03,15.64,6.00,-9.34,1,-0.0100,-0.696,1.569,26.00,1,457.3,-419.6,0.08230,-160.2,-332.2,0.0430,0.00508,OK
6.4568,6.3788,78.0,0,469.0,-395.2,0.0804,479.1,-367.8,0.1438,-95.3,-388.6,0.0000,-175.8,-364.8,0.2538,-204.5,-349.5,0,0.0,0.0,0.0000,-1.79,15.18,5.25,-11.28,1,-0.0500,-0.932,-0.981,24.00,1,456.1,-422.4,0.08241,-192.5,-350.4,-0.0237,0.00481,OK
6.4647,6.3788,85.9,0,469.0,-395.2,0.0804,479.1,-367.8,0.1438,-95.3,-388.6,0.0000,-182.8,-371.8,0.2538,-212.1,-355.9,0,0.0,0.0,0.0000,-0.99,14.85,5.08,-12.76,1,-0.1111,1.059,-1.942,26.00,1,454.7,-425.4,0.08216,-225.1,-358.5,-0.0504,0.00446,OK
6.4727,6.3788,93.9,0,469.0,-395.2,0.0804,479.1,-367.8,0.1438,-95.3,-388.6,0.0000,-190.1,-378.7,0.2538,-219.9,-362.2,0,0.0,0.0,0.0000,-1.16,15.01,5.38,-13.70,1,-0.0811,0.118,0.922,26.00,1,453.1,-428.5,0.08183,-232.8,-375.6,-0.0432,0.00418,OK
6.4810,6.3788,102.2,0,469.0,-395.2,0.0804,479.1,-367.8,0.1438,-95.3,-388.6,0.0000,-197.6,-385.7,0.2538,-227.9,-368.6,0,0.0,0.0,0.0000,-1.41,16.10,5.77,-14.65,1,-0.0811,0.118,0.922,25.00,1,451.4,-431.9,0.08147,-246.8,-403.2,-0.0513,0.00392,OK
6.4887,6.3788,109.9,0,469.0,-395.2,0.0804,479.1,-367.8,0.1438,-95.3,-388.6,0.0000,-204.7,-392.3,0.2538,-235.6,-374.6,0,0.0,0.0,0.0000,-0.86,13.91,5.63,-13.89,1,-0.1100,-0.735,2.206,24.00,1,449.8,-434.9,0.08116,-232.4,-365.5,-0.0435,0.00358,OK
6.4963,6.3788,117.5,0,469.0,-395.2,0.0804,479.1,-367.8,0.1438,-95.3,-388.6,0.0000,-211.7,-398.9,0.2538,-243.1,-380.6,0,0.0,0.0,0.0000,-0.84,14.20,4.48,-13.22,1,-0.1178,-0.226,-1.275,25.00,1,448.2,-437.7,0.08074,-229.6,-350.6,-0.0802,0.00329,OK
6.5045,6.3788,125.7,0,469.0,-395.2,0.0804,479.1,-367.8,0.1438,-95.3,-388.6,0.0000,-219.5,-405.9,0.2538,-251.4,-387.0,0,0.0,0.0,0.0000,-0.21,14.74,4.15,-13.18,1,-0.0811,0.559,-0.696,25.00,1,446.5,-440.8,0.08034,-243.5,-345.8,-0.0306,0.00296,OK
6.5125,6.4717,40.8,0,452.0,-432.9,0.0783,468.0,-403.3,0.1438,-142.8,-373.8,0.0000,-213.4,-391.1,0.2621,-243.3,-373.2,0,0.0,0.0,0.0000,-0.16,14.78,4.71,-12.98,1,-0.0544,-0.206,0.431,25.00,1,445.2,-445.8,0.07827,-240.1,-361.3,0.0136,0.00281,OK
6.5210,6.4717,49.3,0,452.0,-432.9,0.0783,468.0,-403.3,0.1438,-142.8,-373.8,0.0000,-207.8,-375.1,0.2621,-236.5,-357.7,0,0.0,0.0,0.0000,-0.39,13.23,4.89,-13.42,1,-0.0544,-0.206,0.431,24.00,1,443.5,-448.9,0.07835,-227.4,-352.6,-0.0022,0.00248,OK
6.5284,6.4717,56.6,0,452.0,-432.9,0.0783,468.0,-403.3,0.1438,-142.8,-373.8,0.0000,-204.0,-360.9,0.2621,-231.6,-343.9,0,0.0,0.0,0.0000,0.14,10.66,4.28,-13.11,1,-0.0089,1.942,0.078,24.00,1,442.1,-451.4,0.07840,-205.0,-303.7,0.0097,0.00230,OK
6.5375,6.4717,65.8,0,452.0,-432.9,0.0783,468.0,-403.3,0.1438,-142.8,-373.8,0.0000,-202.1,-342.8,0.2621,-228.3,-325.9,0,0.0,0.0,0.0000,-0.04,12.55,4.52,-13.39,1,0.0256,-0.049,-1.961,25.00,1,440.4,-454.5,0.07870,-224.0,-334.3,0.0498,0.00207,OK
6.5441,6.4717,72.4,0,452.0,-432.9,0.0783,468.0,-403.3,0.1438,-142.8,-373.8,0.0000,-205.0,-329.9,0.2621,-230.2,-312.9,0,0.0,0.0,0.0000,0.07,13.39,4.53,-13.56,1,0.0467,-1.853,3.658,24.00,1,439.0,-456.9,0.07916,-234.8,-344.3,0.0786,0.00180,OK
6.5533,6.4717,81.6,0,452.0,-432.9,0.0783,468.0,-403.3,0.1438,-142.8,-373.8,0.0000,-215.3,-331.8,0.2621,-240.6,-314.0,0,0.0,0.0,0.0000,0.79,14.60,3.69,-13.56,1,0.0467,-1.853,3.658,25.00,1,437.0,-460.2,0.07996,-258.4,-341.9,0.0863,0.00148,OK
6.5607,6.4717,88.9,0,452.0,-432.9,0.0783,468.0,-403.3,0.1438,-142.8,-373.8,0.0000,-222.6,-337.5,0.2621,-248.3,-319.1,0,0.0,0.0,0.0000,0.70,14.99,3.49,-13.68,1,-0.0067,1.157,-4.187,26.00,1,435.3,-462.9,0.08045,-263.6,-345.5,0.0355,0.00116,OK
6.5690,6.4717,97.3,0,452.0,-432.9,0.0783,468.0,-403.3,0.1438,-142.8,-373.8,0.0000,-231.0,-343.9,0.2621,-257.2,-324.8,0,0.0,0.0,0.0000,0.68,15.51,4.08,-13.78,1,0.0000,2.040,-0.706,25.00,1,433.3,-466.0,0.08093,-268.6,-358.4,0.0673,0.00078,OK
6.5763,6.4717,104.5,0,452.0,-432.9,0.0783,468.0,-403.3,0.1438,-142.8,-373.8,0.0000,-238.3,-349.3,0.2621,-264.9,-329.5,0,0.0,0.0,0.0000,0.46,14.52,4.07,-14.08,1,0.0244,-0.235,3.109,25.00,1,431.6,-468.7,0.08145,-258.8,-352.1,0.0645,0.00047,OK
6.5848,6.4717,113.1,0,452.0,-432.9,0.0783,468.0,-403.3,0.1438,-142.8,-373.8,0.0000,-247.1,-355.4,0.2621,-274.1,-335.0,0,0.0,0.0,0.0000,1.09,15.00,3.74,-14.26,1,0.0233,-0.971,-1.873,24.00,1,429.6,-471.9,0.08215,-275.5,-350.6,0.0861,0.00009,OK
6.5932,6.4717,121.4,0,452.0,-432.9,0.0783,468.0,-403.3,0.1438,-142.8,-373.8,0.0000,-255.7,-361.4,0.2621,-283.2,-340.3,0,0.0,0.0,0.0000,1.23,14.63,3.10,-13.34,1,0.0233,-0.971,-1.873,25.00,1,427.6,-474.9,0.08288,-265.8,-327.5,0.0748,-0.00026,OK
6.6007,6.4717,128.9,0,452.0,-432.9,0.0783,468.0,-403.3,0.1438,-142.8,-373.8,0.0000,-263.6,-366.7,0.2621,-291.5,-345.0,0,0.0,0.0,0.0000,1.07,15.05,3.01,-12.98,1,0.0411,0.402,-2.226,25.00,1,425.8,-477.5,0.08349,-262.1,-325.4,0.0758,-0.00056,OK
6.6081,6.4717,136.4,0,452.0,-432.9,0.0783,468.0,-403.3,0.1438,-142.8,-373.8,0.0000,-271.3,-372.1,0.2621,-299.6,-349.7,0,0.0,0.0,0.0000,1.46,15.04,3.12,-12.96,1,0.0778,0.461,0.392,25.00,1,424.0,-480.0,0.08432,-266.9,-323.6,0.1299,-0.00092,OK
6.6163,6.5768,39.5,0,431.9,-472.6,0.0803,450.3,-441.3,0.1438,-193.5,-349.8,0.0000,-264.5,-357.2,0.2540,-292.3,-334.8,0,0.0,0.0,0.0000,1.38,15.49,3.01,-13.20,1,0.1044,0.726,-1.795,25.00,1,424.8,-483.8,0.08408,-256.2,-333.8,0.1319,-0.00096,OK
6.6242,6.5768,47.4,0,431.9,-472.6,0.0803,450.3,-441.3,0.1438,-193.5,-349.8,0.0000,-258.7,-342.5,0.2540,-285.3,-320.6,0,0.0,0.0,0.0000,2.08,15.24,2.48,-12.92,1,0.1044,0.726,-1.795,25.00,1,423.0,-486.6,0.08521,-263.7,-317.1,0.1454,-0.00128,OK
6.6325,6.5768,55.7,0,431.9,-472.6,0.0803,450.3,-441.3,0.1438,-193.5,-349.8,0.0000,-253.8,-326.6,0.2540,-279.2,-305.1,0,0.0,0.0,0.0000,2.54,16.06,2.80,-12.88,1,0.1900,-0.088,1.952,26.00,1,421.0,-489.4,0.08687,-273.7,-322.9,0.2438,-0.00164,OK
6.6408,6.5768,64.0,0,431.9,-472.6,0.0803,450.3,-441.3,0.1438,-193.5,-349.8,0.0000,-251.0,-310.1,0.2540,-275.1,-289.0,0,0.0,0.0,0.0000,2.72,15.88,2.36,-12.78,1,0.2211,-0.461,-1.569,24.00,1,419.0,-492.2,0.08898,-274.4,-310.5,0.2556,-0.00194,OK
6.6481,6.5768,71.3,0,431.9,-472.6,0.0803,450.3,-441.3,0.1438,-193.5,-349.8,0.0000,-252.0,-295.7,0.2540,-274.9,-274.6,0,0.0,0.0,0.0000,2.66,15.96,1.96,-12.38,1,0.1989,2.854,-0.804,24.00,1,417.2,-494.6,0.09075,-270.9,-298.5,0.2277,-0.00220,OK
6.6567,6.5768,79.9,0,431.9,-472.6,0.0803,450.3,-441.3,0.1438,-193.5,-349.8,0.0000,-262.5,-285.0,0.2540,-284.5,-263.1,0,0.0,0.0,0.0000,2.36,15.33,2.22,-12.35,1,0.1944,-1.196,-1.000,25.00,1,415.2,-497.3,0.09271,-263.1,-298.8,0.2228,-0.00244,OK
6.6651,6.5768,88.3,0,431.9,-472.6,0.0803,450.3,-441.3,0.1438,-193.5,-349.8,0.0000,-271.9,-290.3,0.2540,-294.3,-267.5,0,0.0,0.0,0.0000,2.14,14.81,2.64,-13.03,1,0.1944,-1.196,-1.000,25.00,1,413.2,-500.1,0.09463,-264.1,-309.9,0.2232,-0.00269,OK
6.6728,6.5768,96.0,0,431.9,-472.6,0.0803,450.3,-441.3,0.1438,-193.5,-349.8,0.0000,-280.1,-295.0,0.2540,-302.9,-271.6,0,0.0,0.0,0.0000,2.56,15.34,1.94,-12.36,1,0.1878,0.373,1.442,25.00,1,411.4,-502.6,0.09635,-268.2,-292.3,0.2165,-0.00293,OK
6.6806,6.5768,103.8,0,431.9,-472.6,0.0803,450.3,-441.3,0.1438,-193.5,-349.8,0.0000,-288.5,-299.7,0.2540,-311.6,-275.6,0,0.0,0.0,0.0000,3.07,14.23,1.54,-13.01,1,0.2167,1.059,-2.393,24.00,1,409.5,-505.0,0.09815,-274.3,-280.2,0.2398,-0.00312,OK
6.6883,6.5768,111.5,0,431.9,-472.6,0.0803,450.3,-441.3,0.1438,-193.5,-349.8,0.0000,-296.9,-304.5,0.2540,-320.4,-279.7,0,0.0,0.0,0.0000,3.24,15.60,1.22,-13.21,1,0.2056,-0.618,2.079,24.00,1,407.5,-507.4,0.09996,-290.9,-286.5,0.2259,-0.00328,OK
6.6973,6.5768,120.5,0,431.9,-472.6,0.0803,450.3,-441.3,0.1438,-193.5,-349.8,0.0000,-307.0,-309.8,0.2540,-330.9,-284.1,0,0.0,0.0,0.0000,3.80,14.06,0.80,-13.51,1,0.2056,-0.618,2.079,26.00,1,405.1,-510.1,0.10204,-290.4,-267.3,0.2282,-0.00346,OK
6.7044,6.5768,127.6,0,431.9,-472.6,0.0803,450.3,-441.3,0.1438,-193.5,-349.8,0.0000,-315.1,-313.6,0.2540,-339.3,-287.3,0,0.0,0.0,0.0000,4.04,14.69,0.44,-12.94,1,0.1600,-1.765,-1.138,24.00,1,403.3,-512.2,0.10354,-295.8,-261.6,0.1906,-0.00371,OK
6.7141,6.6745,39.6,0,408.6,-506.9,0.1015,429.3,-474.2,0.1438,-237.3,-322.0,0.0000,-305.1,-296.9,0.1693,-333.6,-264.5,0,0.0,0.0,0.0000,4.02,15.12,-0.10,-13.42,1,0.1278,1.746,-0.971,24.00,1,400.2,-516.7,0.10674,-310.5,-267.7,0.1462,-0.00391,OK
6.7206,6.6745,46.1,0,408.6,-506.9,0.1015,429.3,-474.2,0.1438,-237.3,-322.0,0.0000,-299.0,-285.4,0.1693,-326.4,-253.6,0,0.0,0.0,0.0000,4.32,14.84,0.27,-13.43,1,0.1144,1.873,-0.382,25.00,1,398.4,-518.6,0.10774,-311.0,-274.4,0.1529,-0.00419,OK
6.7289,6.6745,54.4,0,408.6,-506.9,0.1015,429.3,-474.2,0.1438,-237.3,-322.0,0.0000,-292.6,-270.1,0.1693,-318.5,-239.0,0,0.0,0.0,0.0000,4.05,14.68,0.44,-12.52,1,0.0867,-0.039,-0.951,25.00,1,396.1,-521.1,0.10900,-296.8,-266.7,0.1430,-0.00453,OK
6.7362,6.6745,61.7,0,408.6,-506.9,0.1015,429.3,-474.2,0.1438,-237.3,-322.0,0.0000,-289.0,-256.0,0.1693,-313.4,-225.4,0,0.0,0.0,0.0000,4.08,15.09,0.19,-12.82,1,0.0867,-0.039,-0.951,25.00,1,394.1,-523.3,0.11001,-304.9,-267.2,0.1281,-0.00482,OK
6.7446,6.6745,70.1,0,408.6,-506.9,0.1015,429.3,-474.2,0.1438,-237.3,-322.0,0.0000,-290.4,-239.3,0.1693,-313.2,-208.7,0,0.0,0.0,0.0000,4.76,14.17,-0.45,-13.47,1,0.0678,-1.461,1.138,25.00,1,391.8,-525.7,0.11102,-314.7,-252.9,0.1067,-0.00509,OK
6.7524,6.6745,77.9,0,408.6,-506.9,0.1015,429.3,-474.2,0.1438,-237.3,-322.0,0.0000,-300.1,-235.5,0.1693,-322.4,-203.9,0,0.0,0.0,0.0000,4.82,13.61,-1.29,-13.38,1,0.0300,0.814,0.078,25.00,1,389.6,-527.9,0.11166,-314.8,-229.5,0.0546,-0.00525,OK
6.7608,6.6745,86.4,0,408.6,-506.9,0.1015,429.3,-474.2,0.1438,-237.3,-322.0,0.0000,-310.0,-239.6,0.1693,-332.6,-207.0,0,0.0,0.0,0.0000,4.48,14.54,-1.72,-13.22,1,-0.0589,1.226,-2.491,25.00,1,387.1,-530.1,0.11175,-321.0,-230.1,-0.0370,-0.00539,OK
6.7686,6.6745,94.1,0,408.6,-506.9,0.1015,429.3,-474.2,0.1438,-237.3,-322.0,0.0000,-318.9,-243.1,0.1693,-341.9,-209.5,0,0.0,0.0,0.0000,4.42,14.69,-1.65,-13.85,1,-0.0589,1.226,-2.491,25.00,1,384.8,-532.2,0.11146,-328.1,-238.7,-0.0408,-0.00549,OK
6.7762,6.6745,101.7,0,408.6,-506.9,0.1015,429.3,-474.2,0.1438,-237.3,-322.0,0.0000,-327.8,-246.4,0.1693,-351.1,-211.9,0,0.0,0.0,0.0000,4.60,13.85,-2.11,-13.76,1,-0.0933,0.314,1.844,24.00,1,382.5,-534.2,0.11103,-325.4,-222.0,-0.0760,-0.00559,OK
6.7850,6.6745,110.5,0,408.6,-506.9,0.1015,429.3,-474.2,0.1438,-237.3,-322.0,0.0000,-338.2,-250.3,0.1693,-361.8,-214.7,0,0.0,0.0,0.0000,3.90,13.90,-2.39,-13.35,1,-0.1667,-0.059,-0.755,25.00,1,379.9,-536.4,0.10998,-315.7,-216.3,-0.1595,-0.00560,OK
6.7928,6.6745,118.3,0,408.6,-506.9,0.1015,429.3,-474.2,0.1438,-237.3,-322.0,0.0000,-347.4,-253.6,0.1693,-371.3,-217.1,0,0.0,0.0,0.0000,3.75,13.88,-2.38,-13.42,1,-0.2478,-1.147,-2.560,25.00,1,377.7,-538.4,0.10847,-316.4,-220.8,-0.2325,-0.00567,OK
6.8006,6.6745,126.2,0,408.6,-506.9,0.1015,429.3,-474.2,0.1438,-237.3,-322.0,0.0000,-356.6,-257.2,0.1693,-380.8,-219.8,0,0.0,0.0,0.0000,4.23,13.12,-2.20,-13.87,1,-0.2400,0.059,2.206,24.00,1,375.4,-540.4,0.10675,-319.7,-220.9,-0.2133,-0.00583,OK
6.8088,6.6745,134.4,0,408.6,-506.9,0.1015,429.3,-474.2,0.1438,-237.3,-322.0,0.0000,-366.3,-260.6,0.1693,-390.8,-222.2,0,0.0,0.0,0.0000,4.98,12.68,-2.45,-13.66,1,-0.2400,0.059,2.206,24.00,1,372.9,-542.4,0.10510,-322.5,-207.5,-0.1994,-0.00606,OK
6.8175,6.7927,24.8,0,376.7,-540.0,0.1036,398.3,-509.9,0.1438,-284.8,-281.1,0.0000,-354.8,-247.7,0.1607,-378.5,-209.7,0,0.0,0.0,0.0000,5.57,13.17,-2.86,-13.74,1,-0.2311,2.001,-0.029,25.00,1,371.8,-544.0,0.10155,-326.3,-201.2,-0.1911,-0.00615,OK
6.8248,6.7927,32.1,0,376.7,-540.0,0.1036,398.3,-509.9,0.1438,-284.8,-281.1,0.0000,-345.6,-236.3,0.1607,-368.2,-199.3,0,0.0,0.0,0.0000,5.33,13.07,-3.53,-13.70,1,-0.2833,0.990,-2.560,25.00,1,369.6,-545.7,0.09992,-328.9,-188.8,-0.2570,-0.00630,OK
6.8321,6.7927,39.3,0,376.7,-540.0,0.1036,398.3,-509.9,0.1438,-284.8,-281.1,0.0000,-337.2,-224.5,0.1607,-358.6,-188.4,0,0.0,0.0,0.0000,5.29,13.64,-3.07,-14.30,1,-0.2533,-1.049,0.490,25.00,1,367.3,-547.3,0.09819,-336.9,-207.4,-0.2257,-0.00645,OK
6.8403,6.7927,47.6,0,376.7,-540.0,0.1036,398.3,-509.9,0.1438,-284.8,-281.1,0.0000,-329.2,-209.9,0.1607,-349.2,-174.8,0,0.0,0.0,0.0000,5.22,13.66,-3.50,-14.50,1,-0.2533,-1.049,0.490,25.00,1,364.7,-549.3,0.09628,-341.5,-200.4,-0.2352,-0.00654,OK
6.8487,6.7927,55.9,0,376.7,-540.0,0.1036,398.3,-509.9,0.1438,-284.8,-281.1,0.0000,-324.2,-194.1,0.1607,-342.6,-159.5,0,0.0,0.0,0.0000,5.65,14.18,-3.34,-14.45,1,-0.1889,-0.275,2.746,25.00,1,362.0,-551.2,0.09462,-348.9,-203.6,-0.1673,-0.00665,OK
6.8563,6.7927,63.6,0,376.7,-540.0,0.1036,398.3,-509.9,0.1438,-284.8,-281.1,0.0000,-327.5,-179.1,0.1607,-344.3,-144.3,0,0.0,0.0,0.0000,5.92,14.05,-4.05,-13.55,1,-0.2189,1.363,-2.952,25.00,1,359.4,-552.9,0.09325,-346.6,-179.5,-0.1962,-0.00677,OK
6.8648,6.7927,72.1,0,376.7,-540.0,0.1036,398.3,-509.9,0.1438,-284.8,-281.1,0.0000,-337.9,-181.0,0.1607,-354.8,-145.0,0,0.0,0.0,0.0000,5.32,14.68,-3.66,-13.76,1,-0.2022,1.579,-0.441,24.00,1,356.7,-554.8,0.09164,-345.4,-194.8,-0.1856,-0.00685,OK
6.8725,6.7927,79.8,0,376.7,-540.0,0.1036,398.3,-509.9,0.1438,-284.8,-281.1,0.0000,-347.3,-183.2,0.1607,-364.4,-146.3,0,0.0,0.0,0.0000,5.65,14.55,-3.34,-14.13,1,-0.2022,1.579,-0.441,25.00,1,354.1,-556.6,0.09026,-350.8,-203.2,-0.1764,-0.00699,OK
6.8802,6.7927,87.5,0,376.7,-540.0,0.1036,398.3,-509.9,0.1438,-284.8,-281.1,0.0000,-356.8,-185.2,0.1607,-374.0,-147.3,0,0.0,0.0,0.0000,6.53,12.79,-3.74,-13.82,1,-0.1689,0.382,2.442,25.00,1,351.6,-558.2,0.08906,-342.7,-172.1,-0.1409,-0.00715,OK
6.8890,6.7927,96.3,0,376.7,-540.0,0.1036,398.3,-509.9,0.1438,-284.8,-281.1,0.0000,-367.6,-187.4,0.1607,-385.0,-148.3,0,0.0,0.0,0.0000,6.79,13.60,-3.85,-13.97,1,-0.2067,-1.236,-1.677,25.00,1,348.7,-560.0,0.08773,-355.5,-179.7,-0.1685,-0.00735,OK
6.8968,6.7927,104.1,0,376.7,-540.0,0.1036,398.3,-509.9,0.1438,-284.8,-281.1,0.0000,-377.2,-189.5,0.1607,-394.7,-149.5,0,0.0,0.0,0.0000,7.25,13.16,-4.17,-13.90,1,-0.2189,0.392,-1.275,24.00,1,346.0,-561.6,0.08640,-357.2,-167.3,-0.1773,-0.00756,OK
6.9052,6.7927,112.4,0,376.7,-540.0,0.1036,398.3,-509.9,0.1438,-284.8,-281.1,0.0000,-387.4,-191.7,0.1607,-405.1,-150.6,0,0.0,0.0,0.0000,6.71,13.35,-4.07,-13.80,1,-0.1833,-0.010,-0.284,25.00,1,343.2,-563.3,0.08504,-353.5,-169.9,-0.1549,-0.00771,OK
6.9125,6.7927,119.8,0,376.7,-540.0,0.1036,398.3,-509.9,0.1438,-284.8,-281.1,0.0000,-396.2,-193.6,0.1607,-414.1,-151.6,0,0.0,0.0,0.0000,6.73,13.02,-3.75,-12.03,1,-0.1833,-0.010,-0.284,26.00,1,340.8,-564.6,0.08406,-328.9,-153.9,-0.1253,-0.00797,OK
6.9202,6.8857,34.5,0,348.3,-561.6,0.0750,370.3,-534.3,0.1438,-317.3,-243.4,0.0000,-384.4,-183.7,0.2753,-397.1,-154.4,0,0.0,0.0,0.0000,6.65,12.59,-4.89,-9.85,1,-0.1689,1.961,0.196,25.00,1,340.0,-566.5,0.07618,-296.3,-107.5,-0.1358,-0.00763,OK
6.9288,6.8857,43.1,0,348.3,-561.6,0.0750,370.3,-534.3,0.1438,-317.3,-243.4,0.0000,-372.0,-171.7,0.2753,-383.8,-143.3,0,0.0,0.0,0.0000,6.73,12.92,-4.65,-11.59,1,-0.1556,0.000,-0.745,25.00,1,337.4,-567.7,0.07506,-322.1,-135.1,-0.1270,-0.00779,OK
6.9362,6.8857,50.4,0,348.3,-561.6,0.0750,370.3,-534.3,0.1438,-317.3,-243.4,0.0000,-362.7,-160.4,0.2753,-373.7,-132.8,0,0.0,0.0,0.0000,6.88,12.42,-4.96,-13.82,1,-0.1911,-1.795,0.186,25.00,1,335.0,-569.0,0.07397,-346.3,-147.9,-0.1737,-0.00786,OK
6.9445,6.8857,58.8,0,348.3,-561.6,0.0750,370.3,-534.3,0.1438,-317.3,-243.4,0.0000,-355.7,-145.2,0.2753,-365.6,-118.2,0,0.0,0.0,0.0000,7.47,13.10,-5.09,-14.33,1,-0.1911,-1.795,0.186,25.00,1,332.1,-570.5,0.07254,-364.6,-154.0,-0.1701,-0.00796,OK
6.9525,6.8857,66.8,0,348.3,-561.6,0.0750,370.3,-534.3,0.1438,-317.3,-243.4,0.0000,-360.8,-136.1,0.2753,-370.0,-108.7,0,0.0,0.0,0.0000,7.54,13.21,-5.49,-14.81,1,-0.1911,0.549,0.834,25.00,1,329.2,-571.9,0.07118,-374.7,-151.1,-0.1752,-0.00802,OK
6.9602,6.8857,74.5,0,348.3,-561.6,0.0750,370.3,-534.3,0.1438,-317.3,-243.4,0.0000,-370.4,-137.4,0.2753,-379.7,-109.2,0,0.0,0.0,0.0000,8.56,13.82,-5.87,-14.40,1,-0.2200,0.785,-2.138,24.00,1,326.4,-573.2,0.06976,-388.8,-143.1,-0.1939,-0.00815,OK
6.9692,6.8857,83.5,0,348.3,-561.6,0.0750,370.3,-534.3,0.1438,-317.3,-243.4,0.0000,-381.7,-138.7,0.2753,-391.0,-109.7,0,0.0,0.0,0.0000,8.45,12.78,-5.43,-14.48,1,-0.1733,0.304,-1.540,24.00,1,323.0,-574.7,0.06823,-375.4,-139.6,-0.1493,-0.00827,OK
6.9769,6.8857,91.2,0,348.3,-561.6,0.0750,370.3,-534.3,0.1438,-317.3,-243.4,0.0000,-391.1,-139.9,0.2753,-400.5,-110.2,0,0.0,0.0,0.0000,8.16,9.18,-6.00,-13.61,1,-0.0922,1.491,1.981,25.00,1,320.4,-575.6,0.06733,-328.4,-73.4,-0.0867,-0.00825,OK
6.9844,6.9786,5.8,0,317.0,-579.3,0.0649,339.5,-555.1,0.1438,-345.1,-202.1,0.0000,-378.3,-131.9,0.3156,-386.0,-107.1,0,0.0,0.0,0.0000,8.10,10.22,-5.66,-13.45,1,-0.0922,1.491,1.981,25.00,1,317.0,-579.2,0.06593,-342.5,-118.6,-0.0820,-0.00824,OK
6.9925,6.9871,5.4,0,313.5,-580.8,0.0636,336.5,-556.8,0.1438,-347.3,-198.3,0.0000,-364.8,-123.0,0.3210,-371.9,-99.6,0,0.0,0.0,0.0000,8.02,11.45,-5.55,-13.36,1,-0.0911,0.304,-0.755,24.00,1,313.7,-580.7,0.06479,-363.6,-136.7,-0.0792,-0.00826,OK
7.0011,6.9958,5.3,0,309.9,-582.7,0.0558,333.5,-558.5,0.1438,-349.5,-194.4,0.0000,-351.1,-112.6,0.3521,-356.8,-92.9,0,0.0,0.0,0.0000,7.74,12.03,-5.90,-13.74,1,-0.0944,-0.265,-0.137,24.00,1,310.3,-582.4,0.06205,-384.2,-148.2,-0.0999,-0.00813,OK
7.0089,6.9958,13.2,0,309.9,-582.7,0.0558,333.5,-558.5,0.1438,-349.5,-194.4,0.0000,-339.7,-101.8,0.3521,-344.9,-82.7,0,0.0,0.0,0.0000,8.59,13.40,-5.72,-13.81,1,-0.0611,-0.814,-1.187,25.00,1,308.3,-583.3,0.06175,-400.4,-156.8,-0.0442,-0.00820,OK
7.0161,7.0124,3.7,0,304.0,-585.3,0.0618,327.7,-561.6,0.1438,-353.7,-186.9,0.0000,-329.2,-92.0,0.3280,-334.3,-71.5,0,0.0,0.0,0.0000,8.71,13.57,-5.82,-13.88,1,-0.0611,-0.814,-1.187,25.00,1,303.9,-585.3,0.06139,-397.9,-154.0,-0.0409,-0.00828,OK
7.0240,7.0209,3.1,0,301.2,-586.4,0.0636,324.7,-563.2,0.1438,-356.0,-182.7,0.0000,-318.5,-80.3,0.3210,-323.0,-59.9,0,0.0,0.0,0.0000,8.39,12.76,-6.15,-13.33,1,-0.0078,0.637,0.431,24.00,1,301.0,-586.5,0.06187,-375.2,-128.1,0.0157,-0.00834,OK
7.0323,7.0209,11.4,0,301.2,-586.4,0.0636,324.7,-563.2,0.1438,-356.0,-182.7,0.0000,-318.8,-69.8,0.3210,-322.6,-49.4,0,0.0,0.0,0.0000,8.81,12.00,-6.02,-13.19,1,-0.0244,-0.765,-0.422,24.00,1,299.7,-587.0,0.06183,-372.4,-119.5,-0.0088,-0.00840,OK
7.0404,7.0295,10.9,0,297.9,-587.7,0.0641,321.6,-564.8,0.1438,-358.1,-178.4,0.0000,-319.3,-66.0,0.3191,-322.8,-45.4,0,0.0,0.0,0.0000,9.68,12.31,-5.85,-13.46,1,0.0089,0.147,-0.294,25.00,1,296.8,-588.1,0.06265,-379.9,-119.9,0.0295,-0.00855,OK
7.0486,7.0378,10.8,0,295.2,-588.2,0.0553,318.6,-566.2,0.1438,-360.0,-174.3,0.0000,-321.5,-64.1,0.3539,-324.5,-46.2,0,0.0,0.0,0.0000,9.30,12.26,-5.68,-13.72,1,0.0644,1.118,-0.049,25.00,1,294.0,-588.9,0.06094,-370.1,-111.5,0.0794,-0.00846,OK
7.0568,7.0378,19.1,0,295.2,-588.2,0.0553,318.6,-566.2,0.1438,-360.0,-174.3,0.0000,-331.9,-63.9,0.3539,-334.9,-45.5,0,0.0,0.0,0.0000,9.59,12.62,-6.39,-13.37,1,0.0644,1.118,-0.049,25.00,1,291.0,-590.0,0.06160,-380.5,-98.0,0.0796,-0.00851,OK
7.0640,7.0378,26.3,0,295.2,-588.2,0.0553,318.6,-566.2,0.1438,-360.0,-174.3,0.0000,-341.0,-63.7,0.3539,-344.0,-44.8,0,0.0,0.0,0.0000,8.87,13.13,-6.31,-12.91,1,0.0800,0.196,0.059,25.00,1,288.3,-590.9,0.06222,-375.2,-102.5,0.0922,-0.00854,OK
7.0723,7.0378,34.5,0,295.2,-588.2,0.0553,318.6,-566.2,0.1438,-360.0,-174.3,0.0000,-351.2,-63.6,0.3539,-354.1,-44.1,0,0.0,0.0,0.0000,9.14,13.22,-5.38,-12.40,1,0.1233,-1.598,-0.137,25.00,1,285.3,-591.9,0.06321,-364.9,-111.2,0.1449,-0.00866,OK
7.0807,7.0378,42.9,0,295.2,-588.2,0.0553,318.6,-566.2,0.1438,-360.0,-174.3,0.0000,-361.6,-63.4,0.3539,-364.5,-43.3,0,0.0,0.0,0.0000,9.64,12.70,-5.41,-12.56,1,0.2044,-1.608,-1.824,24.00,1,282.3,-593.0,0.06476,-366.9,-102.2,0.2227,-0.00875,OK
7.0881,7.0378,50.3,0,295.2,-588.2,0.0553,318.6,-566.2,0.1438,-360.0,-174.3,0.0000,-370.9,-63.2,0.3539,-373.8,-42.6,0,0.0,0.0,0.0000,9.92,12.61,-5.62,-11.86,1,0.2044,-1.608,-1.824,24.00,1,279.7,-593.9,0.06643,-363.0,-89.2,0.2269,-0.00887,OK
7.0968,7.0378,59.1,0,295.2,-588.2,0.0553,318.6,-566.2,0.1438,-360.0,-174.3,0.0000,-381.9,-62.6,0.3539,-384.8,-41.4,0,0.0,0.0,0.0000,10.05,13.23,-5.58,-11.55,1,0.2967,0.843,1.020,25.00,1,276.5,-594.9,0.06883,-366.6,-87.5,0.3177,-0.00898,OK
7.1042,7.0378,66.5,0,295.2,-588.2,0.0553,318.6,-566.2,0.1438,-360.0,-174.3,0.0000,-391.2,-61.9,0.3539,-394.0,-40.1,0,0.0,0.0,0.0000,9.63,12.65,-5.67,-10.70,1,0.3111,0.667,-0.206,25.00,1,273.9,-595.6,0.07124,-351.3,-72.6,0.3308,-0.00909,OK
7.1131,7.0378,75.3,0,295.2,-588.2,0.0553,318.6,-566.2,0.1438,-360.0,-174.3,0.0000,-402.4,-60.7,0.3539,-405.1,-38.4,0,0.0,0.0,0.0000,9.85,12.57,-5.60,-11.08,1,0.3111,-1.255,-1.746,24.00,1,270.8,-596.5,0.07419,-356.3,-75.9,0.3310,-0.00919,OK
7.1218,7.0970,24.8,0,273.1,-596.1,0.0630,296.9,-575.7,0.1438,-372.7,-145.5,0.0000,-386.4,-53.6,0.3234,-389.0,-29.2,0,0.0,0.0,0.0000,9.63,13.15,-5.63,-11.09,1,0.4144,-1.540,0.471,26.00,1,267.1,-597.8,0.07398,-368.6,-81.7,0.4264,-0.00897,OK
7.1283,7.0970,31.3,0,273.1,-596.1,0.0630,296.9,-575.7,0.1438,-372.7,-145.5,0.0000,-375.3,-47.0,0.3234,-377.5,-23.3,0,0.0,0.0,0.0000,10.03,11.71,-5.57,-10.32,1,0.4144,-1.540,0.471,25.00,1,264.8,-598.5,0.07677,-350.6,-60.8,0.4304,-0.00904,OK
7.1366,7.1223,14.3,0,264.0,-599.3,0.0821,287.4,-579.2,0.1438,-376.9,-133.2,0.0000,-361.1,-38.5,0.2468,-363.1,-8.8,0,0.0,0.0,0.0000,10.22,12.13,-6.56,-10.71,1,0.4644,-2.001,0.451,25.00,1,261.7,-599.8,0.08216,-375.0,-59.8,0.4718,-0.00914,OK
7.1446,7.1316,13.0,0,261.6,-600.4,0.0853,283.9,-580.4,0.1438,-378.7,-128.3,0.0000,-349.2,-27.9,0.2339,-350.3,2.0,0,0.0,0.0,0.0000,10.36,12.50,-6.85,-10.42,1,0.4644,1.549,-2.452,24.00,1,259.5,-600.7,0.08650,-358.9,-60.1,0.4741,-0.00918,OK
7.1522,7.1426,9.6,0,258.2,-600.8,0.0937,279.7,-581.8,0.1438,-380.8,-122.5,0.0000,-339.8,-17.9,0.2004,-340.0,14.0,0,0.0,0.0,0.0000,10.07,12.81,-5.90,-10.14,1,0.5156,1.981,-1.020,25.00,1,257.4,-601.1,0.09154,-329.4,-64.4,0.5276,-0.00929,OK
7.1607,7.1516,9.1,0,255.7,-601.5,0.0932,276.3,-582.9,0.1438,-382.3,-117.8,0.0000,-342.7,-14.2,0.2023,-342.5,17.8,0,0.0,0.0,0.0000,11.51,11.28,-5.87,-9.91,1,0.5589,-1.942,2.648,25.00,1,255.0,-601.7,0.09559,-312.3,-38.9,0.5726,-0.00930,OK
7.1681,7.1595,8.6,0,253.0,-602.4,0.1019,273.3,-583.8,0.1438,-383.4,-113.9,0.0000,-343.9,-9.9,0.1678,-343.1,25.1,0,0.0,0.0,0.0000,9.39,10.94,-6.07,-9.85,1,0.5589,-1.942,2.648,25.00,1,252.8,-602.4,0.10035,-302.2,-45.3,0.5596,-0.00925,OK
7.1773,7.1679,9.4,0,249.5,-603.5,0.0974,270.1,-584.8,0.1438,-384.5,-109.7,0.0000,-344.9,-4.4,0.1856,-343.7,29.1,0,0.0,0.0,0.0000,11.42,10.39,-6.40,-9.83,1,0.5244,-1.795,-1.079,26.00,1,249.4,-603.3,0.10358,-337.6,-34.7,0.5340,-0.00914,OK
7.1841,7.1764,7.7,0,246.7,-604.2,0.1075,266.8,-585.7,0.1438,-385.8,-105.5,0.0000,-345.0,-1.1,0.1454,-343.1,35.9,0,0.0,0.0,0.0000,10.86,10.92,-5.76,-9.05,1,0.4678,0.520,-2.167,24.00,1,246.9,-604.0,0.10723,-329.6,-49.5,0.4882,-0.00925,OK
7.1920,7.1853,6.7,0,244.4,-605.6,0.1039,263.3,-586.6,0.1438,-387.1,-101.1,0.0000,-347.8,5.0,0.1595,-345.4,41.1,0,0.0,0.0,0.0000,10.45,10.56,-2.64,-9.52,1,0.4600,0.451,1.540,24.00,1,244.4,-605.3,0.11051,-289.9,-124.9,0.4820,-0.00934,OK
7.2008,7.1933,7.5,0,241.2,-605.1,0.1178,260.3,-587.4,0.1438,-388.2,-96.9,0.0000,-349.0,5.2,0.1040,-346.0,46.2,0,0.0,0.0,0.0000,10.13,10.59,-2.95,-9.46,1,0.4600,0.451,1.540,25.00,1,241.7,-605.9,0.11487,-306.7,-91.7,0.4880,-0.00955,OK
7.2092,7.2016,7.5,0,238.1,-605.3,0.1177,257.0,-588.2,0.1438,-389.3,-92.4,0.0000,-349.8,8.0,0.1045,-346.5,49.0,0,0.0,0.0,0.0000,9.93,10.70,-2.68,-9.13,1,0.3778,-1.804,0.098,24.00,1,238.7,-606.2,0.11854,-314.3,-71.2,0.4304,-0.00981,OK
7.2168,7.2016,15.1,0,238.1,-605.3,0.1177,257.0,-588.2,0.1438,-389.3,-92.4,0.0000,-359.0,10.2,0.1045,-355.3,52.2,0,0.0,0.0,0.0000,10.43,9.49,-6.91,-9.17,1,0.3411,-1.147,-1.275,24.00,1,236.3,-606.6,0.12132,-354.7,20.6,0.3543,-0.00983,OK
7.2243,7.2159,8.3,0,232.7,-606.2,0.1267,251.4,-589.4,0.1438,-391.0,-84.4,0.0000,-351.9,15.2,0.0686,-347.1,59.5,0,0.0,0.0,0.0000,10.17,9.56,-7.31,-9.18,1,0.2878,1.442,0.402,24.00,1,232.8,-606.4,0.12468,-380.0,37.4,0.3009,-0.00992,OK
7.2323,7.2236,8.6,0,230.8,-607.1,0.1263,248.4,-590.1,0.1438,-391.7,-80.6,0.0000,-356.1,20.3,0.0703,-350.7,65.0,0,0.0,0.0,0.0000,9.88,8.76,-7.64,-9.17,1,0.2878,1.442,0.402,25.00,1,230.2,-606.8,0.12689,-357.1,31.4,0.2936,-0.00987,OK
7.2406,7.2322,8.4,0,227.3,-607.4,0.1352,245.1,-590.7,0.1438,-392.5,-76.3,0.0000,-356.0,23.9,0.0345,-349.5,71.7,0,0.0,0.0,0.0000,10.53,8.79,-7.60,-8.78,1,0.2222,0.500,-0.373,25.00,1,227.2,-607.2,0.13072,-358.1,25.8,0.2403,-0.01005,OK
7.2480,7.2405,7.5,0,225.5,-607.7,0.1323,241.8,-591.4,0.1438,-393.3,-72.1,0.0000,-359.7,27.2,0.0461,-352.9,74.4,0,0.0,0.0,0.0000,10.74,8.64,-7.74,-8.18,1,0.1533,-1.549,-1.638,25.00,1,224.8,-607.5,0.13236,-331.5,25.7,0.1788,-0.01018,OK
7.2569,7.2490,7.9,0,221.7,-607.7,0.1321,238.4,-592.0,0.1438,-394.0,-67.9,0.0000,-358.9,30.1,0.0469,-351.8,77.2,0,0.0,0.0,0.0000,9.49,8.68,-8.07,-9.12,1,0.0967,-2.138,-0.422,25.00,1,221.9,-607.7,0.13333,-341.1,12.0,0.1101,-0.01019,OK
7.2642,7.2490,15.2,0,221.7,-607.7,0.1321,238.4,-592.0,0.1438,-394.0,-67.9,0.0000,-367.6,32.5,0.0469,-360.1,80.6,0,0.0,0.0,0.0000,9.68,8.34,-8.85,-8.97,1,0.0967,-2.138,-0.422,25.00,1,219.4,-607.9,0.13411,-343.6,28.6,0.1069,-0.01019,OK
7.2724,7.2490,23.3,0,221.7,-607.7,0.1321,238.4,-592.0,0.1438,-394.0,-67.9,0.0000,-377.3,35.4,0.0469,-369.4,84.8,0,0.0,0.0,0.0000,9.46,7.42,-8.22,-8.78,1,0.0489,0.892,-0.451,25.00,1,216.7,-608.0,0.13479,-325.4,30.3,0.0602,-0.01020,OK
7.2811,7.2490,32.1,0,221.7,-607.7,0.1321,238.4,-592.0,0.1438,-394.0,-67.9,0.0000,-387.9,38.8,0.0469,-379.4,89.6,0,0.0,0.0,0.0000,9.70,7.14,-8.66,-8.28,1,0.0167,0.814,-0.363,24.00,1,213.8,-608.1,0.13520,-322.6,44.4,0.0325,-0.01024,OK
7.2885,7.2490,39.5,0,221.7,-607.7,0.1321,238.4,-592.0,0.1438,-394.0,-67.9,0.0000,-396.8,41.8,0.0469,-387.8,93.7,0,0.0,0.0,0.0000,9.88,6.83,-9.03,-8.33,1,-0.0311,-1.265,-0.618,24.00,1,211.4,-608.0,0.13526,-324.0,53.1,-0.0145,-0.01029,OK
7.2969,7.2490,47.8,0,221.7,-607.7,0.1321,238.4,-592.0,0.1438,-394.0,-67.9,0.0000,-406.7,45.1,0.0469,-397.3,98.3,0,0.0,0.0,0.0000,9.57,6.69,-8.79,-8.64,1,-0.0789,-0.716,-1.304,25.00,1,208.7,-608.0,0.13494,-320.1,46.3,-0.0635,-0.01033,OK
7.3043,7.2490,55.3,0,221.7,-607.7,0.1321,238.4,-592.0,0.1438,-394.0,-67.9,0.0000,-415.6,48.2,0.0469,-405.6,102.5,0,0.0,0.0,0.0000,9.66,6.74,-8.41,-8.67,1,-0.0789,-0.716,-1.304,25.00,1,206.3,-608.0,0.13448,-317.2,41.7,-0.0611,-0.01039,OK
7.3131,7.2490,64.1,0,221.7,-607.7,0.1321,238.4,-592.0,0.1438,-394.0,-67.9,0.0000,-425.6,51.7,0.0469,-415.1,107.3,0,0.0,0.0,0.0000,9.82,6.13,-9.22,-8.47,1,-0.0911,0.255,-0.088,24.00,1,203.5,-607.9,0.13387,-317.2,62.9,-0.0778,-0.01041,OK
7.3208,7.2490,71.8,0,221.7,-607.7,0.1321,238.4,-592.0,0.1438,-394.0,-67.9,0.0000,-434.6,55.2,0.0469,-423.6,111.9,0,0.0,0.0,0.0000,10.09,6.87,-9.64,-8.43,1,-0.1178,0.216,-1.853,25.00,1,200.9,-607.8,0.13320,-328.9,60.6,-0.0962,-0.01050,OK
7.3289,7.3251,3.9,0,198.8,-607.8,0.1300,208.3,-595.6,0.1438,-399.0,-27.2,0.0000,-418.4,56.2,0.0554,-407.6,110.0,0,0.0,0.0,0.0000,9.83,6.13,-9.26,-8.34,1,-0.1244,-0.451,-1.363,24.00,1,198.7,-607.8,0.13128,-293.3,57.5,-0.1160,-0.01050,OK
7.3365,7.3334,3.2,0,195.0,-606.9,0.1324,204.9,-595.8,0.1438,-399.4,-22.8,0.0000,-403.2,57.6,0.0456,-392.1,110.3,0,0.0,0.0,0.0000,9.81,5.71,-9.97,-8.29,1,-0.1178,-1.030,2.579,25.00,1,195.5,-607.2,0.13095,-319.7,86.9,-0.0936,-0.01054,OK
7.3444,7.3419,2.5,0,192.7,-606.6,0.1311,201.5,-596.0,0.1438,-399.7,-18.3,0.0000,-387.8,60.5,0.0509,-376.6,110.7,0,0.0,0.0,0.0000,10.61,5.38,-10.20,-8.29,1,-0.1178,-1.030,2.579,24.00,1,192.7,-606.7,0.13031,-316.6,99.3,-0.0960,-0.01057,OK
7.3531,7.3503,2.8,0,191.4,-606.9,0.1249,198.2,-596.1,0.1438,-399.8,-13.9,0.0000,-381.7,68.0,0.0755,-370.2,115.0,0,0.0,0.0,0.0000,8.32,5.34,-11.56,-7.73,1,-0.1644,0.451,-0.559,24.00,1,190.8,-606.6,0.12799,-260.6,63.6,-0.1952,-0.01045,OK
7.3609,7.3503,10.5,0,191.4,-606.9,0.1249,198.2,-596.1,0.1438,-399.8,-13.9,0.0000,-390.4,71.6,0.0755,-378.5,119.7,0,0.0,0.0,0.0000,6.54,5.35,-11.46,-8.01,1,-0.2256,1.589,-1.697,25.00,1,190.2,-606.6,0.12737,-252.4,39.4,-0.2283,-0.01035,OK
7.3683,7.3588,9.5,0,187.7,-606.2,0.1325,194.8,-596.2,0.1438,-399.7,-9.6,0.0000,-387.6,73.2,0.0451,-374.5,123.8,0,0.0,0.0,0.0000,9.10,5.84,-11.22,-8.33,1,-0.2078,1.344,-1.638,25.00,1,187.5,-606.2,0.12797,-315.2,80.9,-0.1984,-0.01049,OK
7.3767,7.3672,9.5,0,185.6,-606.3,0.1204,191.4,-596.2,0.1438,-399.9,-5.0,0.0000,-390.9,77.8,0.0938,-378.7,124.1,0,0.0,0.0,0.0000,10.32,5.54,-11.33,-8.27,1,-0.2078,1.344,-1.638,24.00,1,184.9,-606.0,0.12448,-317.9,91.6,-0.1937,-0.01040,OK
7.3847,7.3757,9.0,0,181.7,-605.0,0.1187,188.0,-596.3,0.1438,-400.0,-0.3,0.0000,-388.3,78.3,0.1006,-376.3,123.7,0,0.0,0.0,0.0000,11.14,4.98,-11.39,-8.10,1,-0.1567,-1.000,-0.941,25.00,1,181.7,-605.2,0.12189,-339.8,128.7,-0.1454,-0.01032,OK
7.3924,7.3842,8.2,0,179.5,-604.7,0.1168,184.6,-596.2,0.1438,-400.0,4.2,0.0000,-390.5,81.8,0.1081,-378.3,126.7,0,0.0,0.0,0.0000,11.87,5.31,-12.19,-8.28,1,-0.0967,-1.344,-0.010,25.00,1,179.2,-604.6,0.11993,-345.0,134.4,-0.0872,-0.01025,OK
7.4001,7.3926,7.5,0,176.1,-603.6,0.1156,181.2,-596.2,0.1438,-400.0,8.7,0.0000,-389.0,83.2,0.1130,-376.8,127.5,0,0.0,0.0,0.0000,12.50,5.43,-12.55,-8.20,1,-0.0467,1.216,-0.500,25.00,1,176.2,-603.7,0.11891,-355.4,147.3,-0.0365,-0.01022,OK
7.4085,7.4011,7.4,0,173.7,-602.4,0.1244,177.9,-596.1,0.1438,-399.6,13.1,0.0000,-391.2,84.2,0.0777,-377.7,132.1,0,0.0,0.0,0.0000,12.41,6.28,-12.36,-8.32,1,0.0000,1.814,0.814,25.00,1,173.4,-602.7,0.11970,-347.2,140.6,0.0157,-0.01032,OK
7.4170,7.4094,7.6,0,171.3,-602.7,0.1145,174.5,-596.0,0.1438,-399.3,17.5,0.0000,-393.5,90.2,0.1174,-380.6,134.6,0,0.0,0.0,0.0000,12.19,5.99,-12.17,-7.50,1,0.0000,1.814,0.814,25.00,1,170.9,-602.3,0.11897,-318.1,126.0,0.0193,-0.01034,OK
7.4241,7.4094,14.7,0,171.3,-602.7,0.1145,174.5,-596.0,0.1438,-399.3,17.5,0.0000,-401.3,94.1,0.1174,-387.9,139.3,0,0.0,0.0,0.0000,12.01,4.91,-12.29,-7.47,1,-0.0200,-0.804,-0.608,25.00,1,168.7,-601.6,0.11899,-309.9,141.4,-0.0091,-0.01034,OK
7.4326,7.4264,6.2,0,165.4,-600.5,0.1222,167.8,-595.6,0.1438,-399.0,26.9,0.0000,-393.0,92.4,0.0866,-378.8,139.6,0,0.0,0.0,0.0000,12.69,4.92,-12.01,-6.64,1,0.0044,-1.334,-1.559,25.00,1,165.4,-600.5,0.11971,-304.6,149.5,0.0311,-0.01048,OK
7.4403,7.4349,5.4,0,161.4,-599.1,0.1206,164.4,-595.4,0.1438,-398.8,31.4,0.0000,-389.3,93.0,0.0930,-375.3,139.2,0,0.0,0.0,0.0000,13.31,5.44,-12.32,-7.01,1,0.0900,-0.078,-0.686,24.00,1,161.9,-599.3,0.12049,-346.3,164.6,0.1088,-0.01055,OK
7.4488,7.4433,5.5,0,159.4,-599.2,0.1246,161.0,-595.1,0.1438,-398.5,35.8,0.0000,-392.5,98.7,0.0769,-377.1,146.7,0,0.0,0.0,0.0000,13.42,5.92,-13.49,-7.71,1,0.0900,-0.078,-0.686,24.00,1,159.1,-598.8,0.12199,-353.0,148.6,0.1124,-0.01063,OK
7.4569,7.4517,5.1,0,156.2,-597.8,0.1131,157.6,-594.7,0.1438,-397.9,40.1,0.0000,-391.5,100.0,0.1230,-377.7,143.5,0,0.0,0.0,0.0000,14.31,5.87,-13.61,-7.15,1,0.1200,1.598,-0.422,25.00,1,156.1,-597.8,0.12126,-350.6,163.6,0.1108,-0.01059,OK
7.4641,7.4517,12.3,0,156.2,-597.8,0.1131,157.6,-594.7,0.1438,-397.9,40.1,0.0000,-399.1,104.9,0.1230,-384.7,149.3,0,0.0,0.0,0.0000,14.40,5.77,-13.75,-6.72,1,0.1500,0.941,0.971,25.00,1,154.5,-597.2,0.12196,-348.7,171.9,0.1737,-0.01070,OK
7.4729,7.4692,3.7,0,151.1,-595.3,0.1272,150.7,-594.0,0.1438,-396.8,49.1,0.0000,-393.1,103.0,0.0664,-376.9,152.0,0,0.0,0.0,0.0000,14.06,4.98,-13.55,-7.11,1,0.1244,-1.108,-1.481,25.00,1,150.6,-595.3,0.12462,-306.6,179.0,0.1573,-0.01077,OK
7.4806,7.4772,3.4,0,146.7,-593.6,0.1320,147.5,-593.6,0.1438,-396.4,53.5,0.0000,-388.0,103.1,0.0474,-371.0,153.2,0,0.0,0.0,0.0000,14.75,5.29,-12.50,-7.42,1,0.1511,-1.677,-0.441,25.00,1,147.2,-593.9,0.12715,-352.3,192.6,0.2072,-0.01087,OK
7.4881,7.4772,11.0,0,146.7,-593.6,0.1320,147.5,-593.6,0.1438,-396.4,53.5,0.0000,-395.8,108.1,0.0474,-378.2,159.2,0,0.0,0.0,0.0000,14.61,5.69,-13.54,-7.57,1,0.1511,-1.677,-0.441,26.00,1,146.1,-593.5,0.12762,-355.5,189.2,0.1662,-0.01091,OK
7.4962,7.4855,10.7,0,144.6,-592.9,0.1265,144.2,-593.1,0.1438,-395.9,58.1,0.0000,-398.0,111.7,0.0694,-380.7,161.1,0,0.0,0.0,0.0000,14.37,5.54,-15.77,-7.29,1,0.1933,0.902,0.451,25.00,1,143.4,-592.4,0.12844,-355.7,206.1,0.2032,-0.01086,OK
7.5042,7.4940,10.2,0,141.3,-591.7,0.1306,140.9,-592.6,0.1438,-395.1,62.7,0.0000,-396.5,113.8,0.0530,-378.3,164.5,0,0.0,0.0,0.0000,14.17,5.40,-15.17,-7.09,1,0.1867,2.108,0.069,25.00,1,140.4,-591.3,0.13032,-347.9,198.0,0.1982,-0.01088,OK
7.5128,7.5024,10.4,0,138.9,-590.8,0.1308,137.5,-592.0,0.1438,-394.3,67.1,0.0000,-398.3,117.5,0.0519,-379.6,168.4,0,0.0,0.0,0.0000,15.00,4.80,-13.87,-6.93,1,0.1800,-1.265,0.794,25.00,1,137.8,-590.2,0.13180,-323.2,191.9,0.1920,-0.01088,OK
7.5201,7.5109,9.2,0,135.8,-588.7,0.1281,134.2,-591.4,0.1438,-393.5,71.3,0.0000,-396.3,116.8,0.0629,-378.2,166.4,0,0.0,0.0,0.0000,14.92,4.96,-12.89,-6.98,1,0.1800,-1.265,0.794,25.00,1,135.4,-588.8,0.13190,-314.5,193.1,0.1926,-0.01081,OK
7.5282,7.5193,8.8,0,132.7,-587.8,0.1347,130.9,-590.8,0.1438,-392.8,75.4,0.0000,-395.0,120.0,0.0366,-375.3,171.9,0,0.0,0.0,0.0000,14.87,4.91,-14.27,-6.88,1,0.1711,-0.883,-1.275,25.00,1,132.4,-587.6,0.13378,-333.8,206.8,0.1850,-0.01086,OK
7.5367,7.5278,8.9,0,129.5,-585.9,0.1399,127.6,-590.2,0.1438,-391.9,79.9,0.0000,-394.0,120.5,0.0156,-373.4,174.3,0,0.0,0.0,0.0000,14.43,5.55,-14.38,-6.91,1,0.1767,0.883,0.863,25.00,1,129.2,-586.0,0.13667,-341.1,207.8,0.1949,-0.01100,OK
7.5450,7.5278,17.2,0,129.5,-585.9,0.1399,127.6,-590.2,0.1438,-391.9,79.9,0.0000,-402.3,126.7,0.0156,-380.7,181.6,0,0.0,0.0,0.0000,14.58,5.49,-15.02,-7.04,1,0.1767,3.040,-2.275,25.00,1,126.2,-584.6,0.13828,-350.2,215.1,0.1920,-0.01103,OK
7.5523,7.5278,24.5,0,129.5,-585.9,0.1399,127.6,-590.2,0.1438,-391.9,79.9,0.0000,-409.6,132.3,0.0156,-387.2,188.2,0,0.0,0.0,0.0000,14.21,5.57,-14.16,-6.65,1,0.2444,-0.726,2.873,25.00,1,123.4,-583.5,0.13994,-339.3,205.5,0.2593,-0.01107,OK
7.5607,7.5278,32.8,0,129.5,-585.9,0.1399,127.6,-590.2,0.1438,-391.9,79.9,0.0000,-417.8,138.9,0.0156,-394.4,195.8,0,0.0,0.0,0.0000,14.37,4.92,-13.08,-6.34,1,0.2444,-0.726,2.873,25.00,1,120.5,-582.2,0.14209,-325.9,206.5,0.2588,-0.01110,OK
7.5689,7.5278,41.1,0,129.5,-585.9,0.1399,127.6,-590.2,0.1438,-391.9,79.9,0.0000,-425.8,145.5,0.0156,-401.3,203.4,0,0.0,0.0,0.0000,16.00,4.61,-13.72,-3.91,1,0.2367,-1.883,0.745,24.00,1,117.6,-580.7,0.14458,-302.7,238.7,0.3391,-0.01149,OK
7.5769,7.5278,49.1,0,129.5,-585.9,0.1399,127.6,-590.2,0.1438,-391.9,79.9,0.0000,-433.4,152.1,0.0156,-408.0,211.0,0,0.0,0.0,0.0000,15.65,4.86,-14.69,-2.60,1,0.1822,-0.235,-1.216,25.00,1,115.1,-579.1,0.14745,-277.6,246.0,0.3689,-0.01200,OK
7.5849,7.5278,57.0,0,129.5,-585.9,0.1399,127.6,-590.2,0.1438,-391.9,79.9,0.0000,-441.0,158.6,0.0156,-414.5,218.5,0,0.0,0.0,0.0000,15.73,5.12,-13.39,-5.73,1,0.1289,-0.500,-1.589,26.00,1,112.4,-577.7,0.14962,-331.8,213.7,0.1829,-0.01225,OK
7.5924,7.5278,64.6,0,129.5,-585.9,0.1399,127.6,-590.2,0.1438,-391.9,79.9,0.0000,-448.1,164.8,0.0156,-420.7,225.7,0,0.0,0.0,0.0000,15.74,5.03,-13.97,-7.18,1,0.1289,-0.500,-1.589,25.00,1,109.5,-576.5,0.15088,-357.9,217.5,0.1486,-0.01232,OK
7.6001,7.5278,72.3,0,129.5,-585.9,0.1399,127.6,-590.2,0.1438,-391.9,79.9,0.0000,-455.4,171.0,0.0156,-427.1,232.9,0,0.0,0.0,0.0000,14.76,5.21,-13.79,-7.25,1,0.1389,1.147,0.579,24.00,1,106.6,-575.3,0.15205,-353.0,204.2,0.1552,-0.01235,OK
7.6094,7.5278,81.5,0,129.5,-585.9,0.1399,127.6,-590.2,0.1438,-391.9,79.9,0.0000,-463.9,178.8,0.0156,-434.4,241.7,0,0.0,0.0,0.0000,14.65,4.53,-14.36,-6.91,1,0.1522,1.834,1.216,25.00,1,103.1,-573.8,0.15351,-349.3,221.8,0.1632,-0.01234,OK
7.6171,7.5278,89.3,0,129.5,-585.9,0.1399,127.6,-590.2,0.1438,-391.9,79.9,0.0000,-465.2,183.2,0.0156,-435.1,246.3,0,0.0,0.0,0.0000,15.94,4.40,-14.75,-6.87,1,0.1100,0.706,-2.197,25.00,1,100.1,-572.5,0.15465,-361.4,237.8,0.1287,-0.01239,OK
7.6247,7.5278,96.9,0,129.5,-585.9,0.1399,127.6,-590.2,0.1438,-391.9,79.9,0.0000,-463.9,186.6,0.0156,-433.3,249.5,0,0.0,0.0,0.0000,15.36,4.31,-14.59,-6.96,1,0.1389,-2.246,1.569,24.00,1,97.1,-571.1,0.15571,-357.6,234.0,0.1504,-0.01238,OK
7.6330,7.6039,29.2,0,100.8,-574.7,0.1521,98.1,-582.6,0.1438,-381.7,119.7,0.0000,-448.0,181.6,-0.0331,-415.3,247.4,0,0.0,0.0,0.0000,14.29,4.37,-14.48,-7.04,1,0.1389,-2.246,1.569,24.00,1,92.3,-571.3,0.15597,-366.2,209.4,0.1455,-0.01227,OK
7.6404,7.6039,36.5,0,100.8,-574.7,0.1521,98.1,-582.6,0.1438,-381.7,119.7,0.0000,-433.6,178.6,-0.0331,-401.6,242.2,0,0.0,0.0,0.0000,15.92,4.67,-15.27,-7.22,1,0.1378,-0.716,0.579,25.00,1,89.2,-570.2,0.15707,-389.8,228.2,0.1520,-0.01229,OK
7.6486,7.6039,44.7,0,100.8,-574.7,0.1521,98.1,-582.6,0.1438,-381.7,119.7,0.0000,-417.2,179.6,-0.0331,-385.2,240.7,0,0.0,0.0,0.0000,16.18,5.11,-16.16,-7.70,1,0.1511,1.785,-1.804,24.00,1,85.7,-568.8,0.15837,-407.8,232.8,0.1636,-0.01229,OK
7.6563,7.6039,52.4,0,100.8,-574.7,0.1521,98.1,-582.6,0.1438,-381.7,119.7,0.0000,-419.4,186.7,-0.0331,-386.3,248.1,0,0.0,0.0,0.0000,16.76,5.34,-16.95,-7.36,1,0.1611,2.471,0.284,25.00,1,82.3,-567.5,0.15970,-415.8,243.7,0.1812,-0.01236,OK
7.6647,7.6039,60.8,0,100.8,-574.7,0.1521,98.1,-582.6,0.1438,-381.7,119.7,0.0000,-426.7,194.1,-0.0331,-392.4,256.5,0,0.0,0.0,0.0000,16.51,4.37,-16.67,-6.87,1,0.1611,2.471,0.284,25.00,1,78.6,-566.0,0.16120,-399.1,256.9,0.1765,-0.01238,OK
7.6725,7.6630,9.6,0,78.1,-565.4,0.1567,75.9,-574.6,0.1438,-371.1,149.1,0.0000,-411.8,189.1,-0.0517,-377.2,251.1,0,0.0,0.0,0.0000,15.47,4.38,-15.28,-7.28,1,0.1400,-0.883,-0.647,25.00,1,77.4,-565.2,0.15950,-353.1,217.8,0.1485,-0.01216,OK
7.6804,7.6714,9.0,0,74.1,-564.0,0.1620,72.7,-573.3,0.1438,-369.4,153.4,0.0000,-396.5,185.4,-0.0728,-361.4,246.9,0,0.0,0.0,0.0000,16.08,4.42,-15.02,-6.96,1,0.1333,-1.236,-0.853,25.00,1,74.0,-563.8,0.16125,-369.2,225.7,0.1492,-0.01222,OK
7.6884,7.6799,8.5,0,71.1,-563.8,0.1646,69.6,-572.0,0.1438,-367.7,157.6,0.0000,-380.6,184.8,-0.0833,-345.2,244.7,0,0.0,0.0,0.0000,16.56,4.64,-15.32,-7.34,1,0.1567,-0.167,1.863,25.00,1,70.9,-563.3,0.16323,-380.5,198.2,0.1701,-0.01228,OK
7.6968,7.6883,8.5,0,67.5,-561.1,0.1640,66.5,-570.7,0.1438,-365.9,161.5,0.0000,-363.7,184.1,-0.0808,-328.8,241.0,0,0.0,0.0,0.0000,16.37,4.31,-15.47,-7.04,1,0.1033,1.383,1.265,25.00,1,67.4,-561.4,0.16434,-373.2,234.9,0.1199,-0.01230,OK
7.7049,7.6968,8.2,0,64.5,-559.0,0.1577,63.5,-569.3,0.1438,-364.1,165.5,0.0000,-351.2,185.2,-0.0554,-317.8,238.0,0,0.0,0.0,0.0000,17.10,3.85,-15.08,-6.88,1,0.1033,1.383,1.265,24.00,1,64.3,-559.4,0.16311,-356.4,269.7,0.1168,-0.01218,OK
7.7121,7.7052,6.8,0,60.2,-558.2,0.1641,60.4,-567.9,0.1438,-362.0,169.6,0.0000,-344.2,189.4,-0.0811,-308.6,243.1,0,0.0,0.0,0.0000,16.75,3.47,-12.24,-6.36,1,0.0100,0.333,-1.667,24.00,1,60.8,-558.0,0.16374,-337.1,224.2,0.0338,-0.01227,OK
7.7208,7.7137,7.1,0,57.8,-557.3,0.1648,57.3,-566.5,0.1438,-360.0,173.8,0.0000,-343.8,195.3,-0.0839,-307.1,249.1,0,0.0,0.0,0.0000,16.16,2.80,-13.79,-6.73,1,-0.0200,0.059,-1.500,25.00,1,57.7,-556.9,0.16398,-347.8,235.4,-0.0076,-0.01228,OK
7.7281,7.7137,14.4,0,57.8,-557.3,0.1648,57.3,-566.5,0.1438,-360.0,173.8,0.0000,-349.5,202.5,-0.0839,-311.6,257.1,0,0.0,0.0,0.0000,14.59,3.61,-14.95,-6.75,1,-0.0322,-2.010,1.167,24.00,1,55.2,-555.8,0.16390,-354.7,220.3,-0.0149,-0.01232,OK
7.7373,7.7306,6.7,0,50.1,-552.9,0.1574,51.3,-563.4,0.1438,-356.2,182.2,0.0000,-333.5,198.6,-0.0544,-298.2,248.4,0,0.0,0.0,0.0000,14.89,3.40,-15.45,-6.85,1,-0.0322,-2.010,1.167,24.00,1,50.4,-553.3,0.16235,-381.3,262.0,-0.0236,-0.01224,OK
7.7449,7.7306,14.3,0,50.1,-552.9,0.1574,51.3,-563.4,0.1438,-356.2,182.2,0.0000,-339.2,206.1,-0.0544,-302.7,256.7,0,0.0,0.0,0.0000,15.55,2.73,-16.00,-6.51,1,-0.0633,-2.893,-0.127,25.00,1,47.8,-552.0,0.16211,-379.9,282.8,-0.0481,-0.01226,OK
7.7522,7.7428,9.4,0,45.9,-551.8,0.1585,47.0,-561.2,0.1438,-353.1,187.7,0.0000,-332.0,210.0,-0.0586,-294.7,259.8,0,0.0,0.0,0.0000,15.72,3.09,-15.17,-6.59,1,-0.0567,1.187,-1.432,25.00,1,45.2,-551.3,0.16056,-366.3,240.8,-0.0379,-0.01223,OK
7.7610,7.7513,9.6,0,44.0,-550.8,0.1612,43.9,-559.5,0.1438,-351.0,191.6,0.0000,-332.8,216.0,-0.0696,-293.8,266.6,0,0.0,0.0,0.0000,15.47,2.62,-15.54,-6.69,1,-0.0300,0.324,-0.500,25.00,1,42.8,-550.3,0.16059,-326.6,227.7,-0.0214,-0.01222,OK
7.7697,7.7599,9.8,0,39.3,-547.9,0.1665,40.9,-557.9,0.1438,-348.8,195.4,0.0000,-325.1,216.2,-0.0907,-284.8,267.1,0,0.0,0.0,0.0000,14.79,2.06,-15.04,-6.12,1,-0.0300,0.324,-0.500,24.00,1,39.0,-548.0,0.16229,-333.8,263.0,-0.0237,-0.01228,OK
7.7766,7.7690,7.6,0,36.0,-546.6,0.1715,37.8,-556.1,0.1438,-346.4,199.9,0.0000,-320.3,219.1,-0.1106,-278.2,270.5,0,0.0,0.0,0.0000,15.75,1.65,-14.69,-5.21,1,-0.0144,-1.687,0.588,25.00,1,36.2,-546.5,0.16370,-331.6,274.0,0.0041,-0.01242,OK
7.7847,7.7777,7.0,0,32.7,-545.0,0.1584,34.8,-554.3,0.1438,-344.1,204.1,0.0000,-316.0,222.7,-0.0583,-276.9,269.7,0,0.0,0.0,0.0000,11.84,2.09,-14.88,-5.17,1,-0.0456,0.000,-0.304,24.00,1,32.9,-544.9,0.16268,-311.0,222.8,-0.0403,-0.01233,OK
7.7923,7.7891,3.2,0,30.7,-543.7,0.1584,30.9,-552.0,0.1438,-340.8,209.3,0.0000,-315.0,226.9,-0.0583,-275.3,273.8,0,0.0,0.0,0.0000,11.51,2.13,-15.28,-5.58,1,-0.0456,0.000,-0.304,24.00,1,30.0,-543.4,0.16142,-258.2,188.0,-0.0823,-0.01217,OK
7.8008,7.7891,11.7,0,30.7,-543.7,0.1584,30.9,-552.0,0.1438,-340.8,209.3,0.0000,-320.6,235.9,-0.0583,-279.4,283.5,0,0.0,0.0,0.0000,12.49,1.79,-15.24,-5.79,1,-0.0378,1.275,0.892,26.00,1,28.9,-542.8,0.16128,-288.8,221.5,-0.0417,-0.01205,OK
7.8091,7.8051,4.1,0,24.0,-539.2,0.1603,25.5,-548.6,0.1438,-336.4,216.3,0.0000,-305.9,231.2,-0.0660,-265.1,277.1,0,0.0,0.0,0.0000,13.38,1.16,-15.54,-5.15,1,-0.0378,1.275,0.892,25.00,1,24.2,-539.6,0.16070,-312.4,288.4,-0.0399,-0.01196,OK
7.8168,7.8114,5.5,0,20.9,-538.0,0.1622,23.4,-547.2,0.1438,-334.6,219.1,0.0000,-301.7,235.9,-0.0734,-259.7,281.6,0,0.0,0.0,0.0000,14.60,0.56,-15.14,-4.46,1,-0.0711,-0.461,-1.451,25.00,1,21.4,-538.0,0.16070,-331.0,302.6,-0.0534,-0.01199,OK
7.8240,7.8114,12.6,0,20.9,-538.0,0.1622,23.4,-547.2,0.1438,-334.6,219.1,0.0000,-306.6,243.5,-0.0734,-263.2,289.8,0,0.0,0.0,0.0000,14.28,0.62,-15.18,-4.23,1,-0.0589,-3.609,-0.373,24.00,1,19.7,-536.9,0.16049,-320.0,296.9,-0.0430,-0.01202,OK
7.8326,7.8277,4.9,0,13.5,-533.5,0.1661,17.9,-543.6,0.1438,-329.8,226.5,0.0000,-290.0,239.4,-0.0893,-246.4,284.1,0,0.0,0.0,0.0000,14.15,1.02,-14.43,-3.80,1,-0.0056,-3.187,1.236,25.00,1,14.1,-533.7,0.16176,-363.6,308.1,0.0445,-0.01222,OK
7.8411,7.8365,4.6,0,11.4,-531.9,0.1583,15.0,-541.6,0.1438,-327.1,230.4,0.0000,-289.1,244.0,-0.0581,-247.0,286.5,0,0.0,0.0,0.0000,13.88,0.83,-14.96,-3.96,1,-0.0056,-3.187,1.236,25.00,1,11.0,-531.8,0.16112,-334.2,295.1,-0.0062,-0.01220,OK
7.8487,7.8440,4.7,0,9.6,-531.1,0.1522,12.6,-539.8,0.1438,-324.7,233.6,0.0000,-288.2,249.8,-0.0336,-247.0,290.6,0,0.0,0.0,0.0000,14.18,0.49,-15.71,-4.12,1,0.0233,2.589,-2.305,25.00,1,8.9,-530.5,0.15946,-311.2,278.5,-0.0141,-0.01202,OK
7.8562,7.8525,3.7,0,5.4,-527.6,0.1670,9.8,-537.8,0.1438,-322.1,237.2,0.0000,-280.3,247.5,-0.0927,-235.2,290.6,0,0.0,0.0,0.0000,13.06,0.15,-14.34,-3.45,1,0.0478,0.431,2.599,25.00,1,5.7,-528.1,0.16123,-307.1,308.7,0.1006,-0.01202,OK
7.8641,7.8612,2.9,0,3.2,-526.2,0.1637,7.1,-535.7,0.1438,-319.3,240.8,0.0000,-278.2,252.3,-0.0797,-233.4,294.2,0,0.0,0.0,0.0000,13.27,0.11,-13.84,-3.27,1,0.0111,-3.393,1.030,25.00,1,3.0,-526.1,0.16188,-280.1,279.7,0.0457,-0.01205,OK
7.8723,7.8691,3.3,0,0.2,-524.6,0.1582,4.5,-533.8,0.1438,-316.8,244.1,0.0000,-274.1,256.4,-0.0574,-230.3,296.4,0,0.0,0.0,0.0000,13.40,-0.67,-13.54,-3.15,1,-0.0067,-1.520,-2.020,25.00,1,0.3,-524.4,0.16106,-291.1,283.8,-0.0410,-0.01189,OK
7.8806,7.8776,3.0,0,-2.1,-523.8,0.1574,1.8,-531.7,0.1438,-313.9,247.8,0.0000,-272.0,263.2,-0.0545,-227.4,302.6,0,0.0,0.0,0.0000,13.24,-0.25,-13.59,-3.08,1,-0.0067,-1.520,-2.020,25.00,1,-2.3,-523.2,0.16036,-277.1,229.7,-0.0328,-0.01182,OK
7.8887,7.8861,2.6,0,-4.3,-520.7,0.1771,-0.8,-529.6,0.1438,-310.9,251.4,0.0000,-269.9,263.1,-0.1332,-219.4,306.5,0,0.0,0.0,0.0000,13.43,-0.75,-13.85,-2.59,1,-0.0233,-1.873,0.441,25.00,1,-4.6,-521.1,0.16286,-249.0,279.1,0.1291,-0.01199,OK
7.8971,7.8861,11.0,0,-4.3,-520.7,0.1771,-0.8,-529.6,0.1438,-310.9,251.4,0.0000,-274.4,272.6,-0.1332,-222.0,316.7,0,0.0,0.0,0.0000,12.94,-1.14,-13.83,-2.02,1,-0.0578,-0.814,0.814,24.00,1,-5.5,-520.4,0.16260,-243.4,273.7,-0.0328,-0.01209,OK
7.9049,7.8946,10.3,0,-7.7,-518.2,0.1573,-3.4,-527.5,0.1438,-308.0,254.9,0.0000,-268.2,274.1,-0.0539,-221.9,312.7,0,0.0,0.0,0.0000,12.15,-1.53,-13.37,-2.19,1,-0.1011,-0.735,-1.108,25.00,1,-8.2,-517.9,0.16061,-248.9,294.8,-0.0918,-0.01197,OK
7.9131,7.9086,4.5,0,-10.5,-515.3,0.1619,-7.7,-523.8,0.1438,-303.1,260.5,0.0000,-263.8,274.7,-0.0724,-216.0,313.7,0,0.0,0.0,0.0000,11.94,-2.82,-13.24,-1.68,1,-0.1044,0.177,-0.314,25.00,1,-10.9,-515.1,0.15978,-205.1,294.7,-0.1057,-0.01182,OK
7.9206,7.9086,12.0,0,-10.5,-515.3,0.1619,-7.7,-523.8,0.1438,-303.1,260.5,0.0000,-267.5,283.2,-0.0724,-218.3,322.6,0,0.0,0.0,0.0000,11.40,-2.94,-13.58,-1.14,1,-0.1044,0.177,-0.314,24.00,1,-11.9,-514.0,0.15935,-200.3,299.5,-0.1088,-0.01170,OK
7.9289,7.9248,4.1,0,-15.8,-510.5,0.1615,-12.6,-519.6,0.1438,-297.8,267.1,0.0000,-255.7,278.4,-0.0709,-207.6,315.9,0,0.0,0.0,0.0000,11.28,-2.99,-12.88,-0.68,1,-0.1011,-0.118,0.716,24.00,1,-15.5,-510.6,0.15882,-216.9,309.3,-0.0765,-0.01171,OK
7.9372,7.9334,3.8,0,-18.2,-508.3,0.1674,-15.1,-517.3,0.1438,-294.8,270.6,0.0000,-252.8,281.1,-0.0945,-202.4,319.3,0,0.0,0.0,0.0000,11.02,-3.12,-12.58,-0.24,1,-0.1089,-2.334,-0.078,25.00,1,-18.0,-508.3,0.15989,-216.3,308.3,-0.0358,-0.01186,OK
7.9448,7.9418,3.1,0,-20.9,-505.7,0.1520,-17.6,-515.0,0.1438,-291.7,273.9,0.0000,-248.3,282.4,-0.0327,-202.7,316.8,0,0.0,0.0,0.0000,11.21,-2.48,-12.35,0.51,1,-0.0589,-1.844,0.088,25.00,1,-20.5,-505.9,0.15838,-229.6,313.9,-0.0659,-0.01205,OK
7.9528,7.9502,2.6,0,-22.3,-504.3,0.1516,-20.0,-512.7,0.1438,-288.5,277.2,0.0000,-247.9,287.4,-0.0311,-201.6,321.5,0,0.0,0.0,0.0000,11.68,-2.59,-13.02,0.31,1,-0.0589,-1.844,0.088,25.00,1,-22.5,-504.0,0.15700,-206.6,285.7,-0.0805,-0.01219,OK
7.9608,7.9502,10.6,0,-22.3,-504.3,0.1516,-20.0,-512.7,0.1438,-288.5,277.2,0.0000,-251.2,296.8,-0.0311,-203.5,331.4,0,0.0,0.0,0.0000,11.28,-3.52,-12.66,0.96,1,-0.0289,0.275,0.078,24.00,1,-23.1,-503.2,0.15708,-196.7,313.4,-0.0031,-0.01229,OK
7.9681,7.9586,9.5,0,-23.2,-503.0,0.1551,-22.4,-510.3,0.1438,-285.4,280.3,0.0000,-251.5,301.4,-0.0452,-201.9,336.7,0,0.0,0.0,0.0000,10.50,-3.15,-12.31,0.84,1,-0.0178,0.196,0.029,25.00,1,-23.8,-502.2,0.15652,-157.2,254.8,0.0073,-0.01235,OK
7.9764,7.9671,9.3,0,-26.0,-500.1,0.1607,-24.9,-507.9,0.1438,-282.3,283.4,0.0000,-246.4,302.6,-0.0676,-194.8,338.2,0,0.0,0.0,0.0000,9.89,-2.92,-11.49,0.86,1,0.0300,-1.824,0.598,25.00,1,-26.0,-500.0,0.15787,-168.8,262.1,0.0518,-0.01249,OK
7.9848,7.9755,9.3,0,-28.5,-497.6,0.1557,-27.2,-505.5,0.1438,-279.2,286.6,0.0000,-242.6,305.2,-0.0475,-192.4,339.1,0,0.0,0.0,0.0000,10.10,-2.89,-10.64,2.47,1,0.0700,-1.471,0.226,24.00,1,-28.4,-497.5,0.15793,-169.1,288.1,0.1374,-0.01275,OK
7.9924,7.9840,8.4,0,-29.4,-496.4,0.1596,-29.6,-503.1,0.1438,-275.9,289.7,0.0000,-242.9,310.5,-0.0630,-190.5,345.2,0,0.0,0.0,0.0000,10.69,-3.31,-11.74,2.39,1,0.0700,-1.471,0.226,25.00,1,-29.7,-496.0,0.15909,-164.0,286.2,0.1192,-0.01301,OK
8.0001,7.9924,7.7,0,-31.2,-493.5,0.1657,-31.9,-500.6,0.1438,-272.4,292.9,0.0000,-240.7,311.0,-0.0873,-186.1,346.5,0,0.0,0.0,0.0000,11.18,-3.45,-10.86,1.96,1,0.1044,-0.029,0.471,25.00,1,-31.3,-493.8,0.16091,-160.9,293.8,0.1373,-0.01321,OK
8.0085,8.0010,7.5,0,-33.3,-491.5,0.1718,-34.2,-498.1,0.1438,-268.8,296.1,0.0000,-237.4,314.9,-0.1120,-180.0,350.8,0,0.0,0.0,0.0000,11.17,-3.42,-10.99,1.99,1,0.1333,0.559,-1.108,25.00,1,-33.2,-491.5,0.16372,-167.3,298.4,0.1662,-0.01344,OK
8.0169,8.0093,7.5,0,-35.0,-489.3,0.1674,-36.4,-495.6,0.1438,-265.5,299.0,0.0000,-235.2,318.7,-0.0942,-178.8,353.4,0,0.0,0.0,0.0000,10.86,-3.31,-10.71,1.96,1,0.1733,-0.108,-0.579,25.00,1,-35.0,-489.3,0.16559,-163.3,291.6,0.1981,-0.01355,OK
8.0244,8.0178,6.6,0,-37.0,-486.5,0.1795,-38.7,-493.1,0.1438,-262.1,302.0,0.0000,-231.6,319.6,-0.1426,-170.8,355.8,0,0.0,0.0,0.0000,10.65,-4.03,-10.46,2.55,1,0.1733,-0.108,-0.579,24.00,1,-36.8,-486.8,0.16922,-152.0,314.6,0.2038,-0.01373,OK
8.0331,8.0262,6.9,0,-38.3,-484.9,0.1704,-40.8,-490.5,0.1438,-259.1,304.7,0.0000,-230.2,325.3,-0.1064,-171.7,359.6,0,0.0,0.0,0.0000,10.89,-3.91,-11.09,3.97,1,0.1678,-1.697,0.039,24.00,1,-38.4,-484.6,0.17097,-136.6,312.0,0.2288,-0.01400,OK
8.0412,8.0349,6.3,0,-40.1,-483.4,0.1644,-43.1,-487.9,0.1438,-255.7,307.6,0.0000,-227.5,330.6,-0.0824,-170.3,363.3,0,0.0,0.0,0.0000,10.96,-3.91,-10.93,3.77,1,0.2089,-1.422,0.147,26.00,1,-40.0,-482.9,0.17164,-143.4,284.3,0.2445,-0.01414,OK
8.0486,8.0432,5.4,0,-41.4,-480.6,0.1678,-45.2,-485.3,0.1438,-252.2,310.4,0.0000,-225.9,331.1,-0.0960,-167.4,364.1,0,0.0,0.0,0.0000,10.99,-3.61,-10.28,2.82,1,0.2589,0.275,-0.304,25.00,1,-41.5,-480.7,0.17294,-143.9,278.7,0.2690,-0.01416,OK
8.0561,8.0516,4.5,0,-42.7,-477.7,0.1635,-47.3,-482.7,0.1438,-248.5,313.3,0.0000,-224.5,331.4,-0.0788,-167.5,363.5,0,0.0,0.0,0.0000,11.25,-3.78,-11.10,2.18,1,0.2600,0.069,-0.373,25.00,1,-42.9,-478.1,0.17329,-138.9,313.0,0.2227,-0.01400,OK
8.0643,8.0601,4.2,0,-43.9,-476.2,0.1737,-49.4,-480.0,0.1438,-244.7,316.2,0.0000,-223.1,336.9,-0.1196,-161.5,370.3,0,0.0,0.0,0.0000,11.39,-3.82,-11.28,2.23,1,0.2600,0.069,-0.373,25.00,1,-44.2,-476.0,0.17525,-126.1,291.3,0.2609,-0.01395,OK
8.0733,8.0601,13.2,0,-43.9,-476.2,0.1737,-49.4,-480.0,0.1438,-244.7,316.2,0.0000,-225.3,347.9,-0.1196,-161.8,381.6,0,0.0,0.0,0.0000,10.32,-4.02,-10.44,2.38,1,0.2433,-0.883,1.559,25.00,1,-45.1,-474.6,0.17656,-115.1,283.3,0.2485,-0.01387,OK
8.0805,8.0775,3.0,0,-47.9,-471.4,0.1755,-53.6,-474.4,0.1438,-237.5,321.8,0.0000,-215.1,342.4,-0.1268,-152.1,374.7,0,0.0,0.0,0.0000,10.85,-4.69,-11.18,3.56,1,0.2256,0.010,0.020,25.00,1,-47.7,-471.4,0.17877,-136.0,311.0,0.2175,-0.01389,OK
8.0890,8.0775,11.4,0,-47.9,-471.4,0.1755,-53.6,-474.4,0.1438,-237.5,321.8,0.0000,-217.0,352.8,-0.1268,-152.1,385.3,0,0.0,0.0,0.0000,10.89,-5.25,-10.68,2.79,1,0.2100,0.255,-2.138,25.00,1,-48.3,-470.4,0.17949,-131.4,310.2,0.2111,-0.01379,OK
8.0969,8.0854,11.6,0,-49.1,-468.6,0.1841,-55.4,-471.9,0.1438,-234.3,324.2,0.0000,-215.1,354.3,-0.1611,-146.6,387.7,0,0.0,0.0,0.0000,10.53,-6.25,-10.47,2.80,1,0.2100,0.255,-2.138,24.00,1,-49.8,-467.7,0.18226,-122.0,327.7,0.1919,-0.01363,OK
8.1049,8.0854,19.5,0,-49.1,-468.6,0.1841,-55.4,-471.9,0.1438,-234.3,324.2,0.0000,-216.9,364.2,-0.1611,-146.5,397.7,0,0.0,0.0,0.0000,10.01,-5.42,-9.84,3.13,1,0.2233,-1.138,-0.706,25.00,1,-51.1,-465.4,0.18389,-108.9,311.7,0.2211,-0.01350,OK
8.1126,8.0854,27.2,0,-49.1,-468.6,0.1841,-55.4,-471.9,0.1438,-234.3,324.2,0.0000,-218.5,373.7,-0.1611,-146.4,407.4,0,0.0,0.0,0.0000,10.43,-4.84,-11.01,4.69,1,0.2378,-0.902,3.069,25.00,1,-52.4,-463.1,0.18580,-102.5,332.9,0.2721,-0.01367,OK
8.1212,8.0854,35.9,0,-49.1,-468.6,0.1841,-55.4,-471.9,0.1438,-234.3,324.2,0.0000,-220.1,384.5,-0.1611,-146.0,418.3,0,0.0,0.0,0.0000,9.83,-5.30,-11.29,4.21,1,0.1633,0.382,-1.314,25.00,1,-53.8,-460.4,0.18779,-99.6,332.6,0.1867,-0.01374,OK
8.1289,8.0854,43.5,0,-49.1,-468.6,0.1841,-55.4,-471.9,0.1438,-234.3,324.2,0.0000,-221.3,394.0,-0.1611,-145.4,427.8,0,0.0,0.0,0.0000,10.67,-5.99,-11.05,3.70,1,0.1167,1.451,-0.794,25.00,1,-55.1,-458.0,0.18901,-106.9,344.3,0.1319,-0.01375,OK
8.1370,8.0854,51.6,0,-49.1,-468.6,0.1841,-55.4,-471.9,0.1438,-234.3,324.2,0.0000,-222.4,404.1,-0.1611,-144.7,437.9,0,0.0,0.0,0.0000,10.46,-6.33,-10.77,3.41,1,0.1167,1.451,-0.794,25.00,1,-56.4,-455.4,0.19002,-105.9,340.4,0.1208,-0.01368,OK
8.1451,8.1116,33.6,0,-53.4,-460.7,0.1898,-61.4,-463.3,0.1438,-222.7,332.3,0.0000,-212.0,391.6,-0.1841,-134.3,424.5,0,0.0,0.0,0.0000,9.71,-6.03,-10.45,3.01,1,0.0656,-0.441,0.314,25.00,1,-57.6,-452.6,0.19163,-98.6,326.4,0.0677,-0.01364,OK
8.1528,8.1116,41.2,0,-53.4,-460.7,0.1898,-61.4,-463.3,0.1438,-222.7,332.3,0.0000,-212.0,399.9,-0.1841,-132.7,432.7,0,0.0,0.0,0.0000,9.52,-5.64,-11.54,3.24,1,-0.0211,-1.638,0.314,25.00,1,-58.8,-450.3,0.19189,-99.2,333.2,-0.0002,-0.01369,OK
8.1600,8.1116,48.5,0,-53.4,-460.7,0.1898,-61.4,-463.3,0.1438,-222.7,332.3,0.0000,-213.0,409.0,-0.1841,-132.0,441.8,0,0.0,0.0,0.0000,9.88,-6.34,-11.46,3.48,1,-0.0622,-1.040,0.667,25.00,1,-59.9,-448.0,0.19174,-94.5,347.0,-0.0411,-0.01374,OK
8.1682,8.1116,56.7,0,-53.4,-460.7,0.1898,-61.4,-463.3,0.1438,-222.7,332.3,0.0000,-213.8,419.2,-0.1841,-130.9,452.0,0,0.0,0.0,0.0000,10.38,-6.81,-12.07,3.55,1,-0.0622,-1.040,0.667,25.00,1,-61.3,-445.3,0.19139,-100.0,365.1,-0.0460,-0.01376,OK
8.1768,8.1116,65.2,0,-53.4,-460.7,0.1898,-61.4,-463.3,0.1438,-222.7,332.3,0.0000,-214.7,429.7,-0.1841,-129.8,462.5,0,0.0,0.0,0.0000,9.93,-7.68,-12.34,3.03,1,-0.1256,0.834,-1.667,25.00,1,-62.7,-442.4,0.19064,-102.2,365.5,-0.1266,-0.01365,OK
8.1849,8.1116,73.4,0,-53.4,-460.7,0.1898,-61.4,-463.3,0.1438,-222.7,332.3,0.0000,-215.3,439.9,-0.1841,-128.4,472.6,0,0.0,0.0,0.0000,9.89,-7.69,-12.27,2.83,1,-0.1456,0.510,0.059,25.00,1,-64.1,-439.6,0.18950,-103.9,362.3,-0.1484,-0.01353,OK
8.1921,8.1875,4.6,0,-65.8,-438.9,0.1964,-77.0,-437.3,0.1438,-187.9,353.0,0.0000,-207.4,427.8,-0.2103,-120.0,460.1,0,0.0,0.0,0.0000,10.72,-7.20,-12.57,3.04,1,-0.1856,0.177,0.618,25.00,1,-65.8,-438.8,0.19063,-113.7,334.7,-0.1427,-0.01373,OK
8.2003,8.1960,4.3,0,-66.9,-436.5,0.1824,-78.6,-434.3,0.1438,-184.0,355.2,0.0000,-197.5,415.0,-0.1542,-118.9,443.9,0,0.0,0.0,0.0000,10.22,-6.82,-11.73,3.15,1,-0.1967,-0.588,-0.990,24.00,1,-67.0,-436.4,0.18740,-95.6,314.8,-0.2003,-0.01368,OK
8.2081,8.2044,3.7,0,-69.0,-433.3,0.1814,-80.2,-431.3,0.1438,-180.1,357.2,0.0000,-186.3,403.8,-0.1503,-110.4,430.8,0,0.0,0.0,0.0000,9.93,-7.00,-8.05,3.95,1,-0.1967,-0.588,-0.990,25.00,1,-68.6,-433.7,0.18494,-86.4,313.4,-0.1892,-0.01375,OK
8.2170,8.2044,12.6,0,-69.0,-433.3,0.1814,-80.2,-431.3,0.1438,-180.1,357.2,0.0000,-169.5,398.2,-0.1503,-94.9,422.2,0,0.0,0.0,0.0000,9.75,-7.58,-10.30,4.19,1,-0.1833,-1.412,-0.245,25.00,1,-69.3,-432.2,0.18422,-88.2,342.8,-0.1552,-0.01385,OK
8.2241,8.2129,11.2,0,-70.3,-431.2,0.1801,-81.7,-428.2,0.1438,-176.1,359.2,0.0000,-165.8,400.8,-0.1450,-91.3,424.0,0,0.0,0.0,0.0000,10.66,-7.20,-11.68,4.08,1,-0.1833,0.941,-2.314,25.00,1,-70.8,-430.1,0.18188,-122.6,359.3,-0.1545,-0.01389,OK
8.2328,8.2299,2.8,0,-73.1,-425.5,0.1825,-84.6,-422.1,0.1438,-167.6,363.1,0.0000,-157.3,394.3,-0.1548,-83.1,416.3,0,0.0,0.0,0.0000,9.85,-7.77,-13.15,3.59,1,-0.1533,-0.196,0.961,25.00,1,-73.2,-425.5,0.18039,-117.4,365.7,-0.1236,-0.01388,OK
8.2410,8.2299,11.1,0,-73.1,-425.5,0.1825,-84.6,-422.1,0.1438,-167.6,363.1,0.0000,-157.2,404.6,-0.1548,-81.2,426.4,0,0.0,0.0,0.0000,10.87,-7.37,-13.18,4.17,1,-0.1533,-0.196,0.961,25.00,1,-73.8,-424.4,0.17999,-120.7,381.5,-0.1286,-0.01396,OK
8.2486,8.2467,1.9,0,-76.3,-419.3,0.1754,-87.3,-415.9,0.1438,-159.6,366.8,0.0000,-147.6,395.7,-0.1262,-76.3,415.3,0,0.0,0.0,0.0000,10.37,-8.26,-13.30,4.14,1,-0.1744,-1.304,0.373,25.00,1,-76.3,-419.3,0.17732,-110.3,392.2,-0.1880,-0.01392,OK
8.2562,8.2467,9.4,0,-76.3,-419.3,0.1754,-87.3,-415.9,0.1438,-159.6,366.8,0.0000,-147.1,405.0,-0.1262,-74.2,424.4,0,0.0,0.0,0.0000,11.18,-7.94,-14.06,3.73,1,-0.1978,0.029,-0.098,25.00,1,-76.6,-418.8,0.17707,-126.8,400.9,-0.1810,-0.01395,OK
8.2648,8.2551,9.7,0,-76.6,-416.7,0.1673,-88.7,-412.9,0.1438,-155.5,368.6,0.0000,-145.7,408.0,-0.0938,-75.7,426.6,0,0.0,0.0,0.0000,9.96,-7.86,-12.49,3.91,1,-0.2411,-1.736,-0.333,24.00,1,-77.1,-416.0,0.17248,-69.3,355.6,-0.2214,-0.01381,OK
8.2724,8.2643,8.2,0,-78.3,-413.7,0.1726,-90.1,-409.5,0.1438,-151.1,370.3,0.0000,-140.2,408.7,-0.1152,-67.9,426.7,0,0.0,0.0,0.0000,9.72,-8.04,-12.31,4.85,1,-0.2411,-1.736,-0.333,25.00,1,-78.2,-413.6,0.17133,-64.1,358.3,-0.2129,-0.01395,OK
8.2805,8.2724,8.1,0,-80.1,-411.0,0.1801,-91.3,-406.4,0.1438,-147.1,371.9,0.0000,-134.4,410.7,-0.1451,-58.7,428.1,0,0.0,0.0,0.0000,10.35,-8.58,-12.55,4.17,1,-0.2500,-1.412,-0.883,25.00,1,-79.8,-410.9,0.17227,-103.3,368.6,-0.2286,-0.01417,OK
8.2889,8.2805,8.4,0,-80.6,-408.2,0.1719,-92.4,-403.4,0.1438,-143.0,373.4,0.0000,-132.1,412.8,-0.1124,-59.5,429.3,0,0.0,0.0,0.0000,10.18,-8.45,-13.34,4.26,1,-0.2133,0.235,-0.892,25.00,1,-80.9,-408.0,0.17081,-89.5,370.4,-0.1978,-0.01420,OK
8.2970,8.2890,8.0,0,-82.4,-404.5,0.1712,-93.7,-400.3,0.1438,-138.7,375.0,0.0000,-125.8,411.7,-0.1095,-53.9,427.1,0,0.0,0.0,0.0000,10.13,-8.42,-12.87,4.30,1,-0.1833,0.892,0.481,24.00,1,-82.2,-404.8,0.16959,-91.7,385.7,-0.1684,-0.01422,OK
8.3044,8.2974,7.0,0,-82.7,-402.3,0.1626,-94.8,-397.1,0.1438,-134.3,376.7,0.0000,-123.7,414.3,-0.0750,-55.1,428.9,0,0.0,0.0,0.0000,9.71,-8.83,-13.30,5.13,1,-0.1667,-0.971,0.177,24.00,1,-83.0,-402.0,0.16744,-58.5,379.3,-0.1545,-0.01417,OK
8.3130,8.3065,6.6,0,-84.4,-398.1,0.1638,-96.0,-393.7,0.1438,-129.6,378.4,0.0000,-117.1,412.5,-0.0798,-48.3,426.1,0,0.0,0.0,0.0000,9.37,-9.04,-13.64,5.94,1,-0.1667,-0.971,0.177,25.00,1,-84.3,-398.3,0.16571,-53.2,406.5,-0.1512,-0.01417,OK
8.3203,8.3142,6.1,0,-84.8,-395.9,0.1637,-97.0,-390.7,0.1438,-125.8,379.7,0.0000,-114.8,415.1,-0.0797,-45.6,428.3,0,0.0,0.0,0.0000,10.13,-9.33,-13.74,6.94,1,-0.1311,-1.020,-0.441,26.00,1,-85.0,-395.6,0.16463,-40.9,406.7,-0.1076,-0.01424,OK
8.3283,8.3228,5.5,0,-87.1,-391.8,0.1617,-98.0,-387.5,0.1438,-121.6,381.1,0.0000,-106.8,412.8,-0.0717,-38.9,424.6,0,0.0,0.0,0.0000,9.99,-9.18,-12.52,5.90,1,-0.1344,0.167,-1.275,24.00,1,-86.6,-392.0,0.16335,-78.9,408.8,-0.1184,-0.01426,OK
8.3368,8.3228,14.0,0,-87.1,-391.8,0.1617,-98.0,-387.5,0.1438,-121.6,381.1,0.0000,-105.5,423.3,-0.0717,-36.0,434.8,0,0.0,0.0,0.0000,9.18,-9.30,-12.24,6.08,1,-0.1211,-1.108,-0.039,25.00,1,-87.4,-389.7,0.16270,-59.7,396.4,-0.1046,-0.01427,OK
8.3441,8.3228,21.4,0,-87.1,-391.8,0.1617,-98.0,-387.5,0.1438,-121.6,381.1,0.0000,-104.3,432.4,-0.0717,-33.3,443.6,0,0.0,0.0,0.0000,9.37,-9.82,-12.30,6.87,1,-0.1211,-1.108,-0.039,25.00,1,-88.3,-386.8,0.16195,-47.7,413.4,-0.1012,-0.01432,OK
8.3526,8.3434,9.2,0,-89.3,-384.9,0.1617,-100.4,-379.6,0.1438,-110.9,384.1,0.0000,-96.1,422.1,-0.0717,-26.9,432.1,0,0.0,0.0,0.0000,9.83,-9.52,-12.96,7.89,1,-0.1078,-2.560,0.392,25.00,1,-89.4,-384.3,0.16134,-54.1,404.5,-0.0817,-0.01441,OK
8.3611,8.3531,7.9,0,-89.8,-382.9,0.1577,-101.5,-375.9,0.1438,-105.8,385.5,0.0000,-92.5,426.5,-0.0557,-24.4,435.8,0,0.0,0.0,0.0000,8.14,-9.31,-13.37,6.80,1,-0.0878,-0.549,-0.637,25.00,1,-90.0,-382.1,0.16013,-41.6,331.1,-0.0775,-0.01435,OK
8.3684,8.3611,7.3,0,-90.3,-378.7,0.1529,-102.3,-372.8,0.1438,-101.9,386.7,0.0000,-89.5,422.7,-0.0362,-24.0,431.4,0,0.0,0.0,0.0000,5.60,-9.80,-12.79,7.10,1,-0.0489,0.765,0.608,25.00,1,-90.4,-379.1,0.15845,17.4,317.0,-0.0512,-0.01417,OK
8.3772,8.3689,8.3,0,-90.5,-376.1,0.1505,-103.1,-369.7,0.1438,-98.0,387.8,0.0000,-86.5,425.8,-0.0268,-21.7,434.0,0,0.0,0.0,0.0000,7.53,-9.91,-13.33,8.10,1,-0.0200,-1.000,-0.716,25.00,1,-90.6,-376.1,0.15587,7.8,378.8,-0.0140,-0.01397,OK
8.3840,8.3782,5.8,0,-92.0,-372.1,0.1512,-104.0,-366.1,0.1438,-93.4,389.0,0.0000,-80.2,422.3,-0.0296,-15.7,429.5,0,0.0,0.0,0.0000,9.45,-10.29,-12.75,8.16,1,-0.0200,-1.000,-0.716,25.00,1,-91.6,-372.3,0.15513,-36.9,428.1,-0.0104,-0.01395,OK
8.3922,8.3782,14.1,0,-92.0,-372.1,0.1512,-104.0,-366.1,0.1438,-93.4,389.0,0.0000,-78.1,432.4,-0.0296,-12.1,439.2,0,0.0,0.0,0.0000,9.60,-10.10,-12.09,7.82,1,0.0289,-0.245,-1.942,24.00,1,-92.2,-369.8,0.15530,-34.6,417.7,0.0455,-0.01397,OK
8.4009,8.3975,3.4,0,-93.6,-366.1,0.1600,-105.7,-358.6,0.1438,-83.0,391.2,0.0000,-71.4,424.7,-0.0646,-2.8,430.7,0,0.0,0.0,0.0000,9.85,-10.35,-11.85,7.15,1,0.0756,0.785,0.618,25.00,1,-93.6,-365.7,0.15701,-47.9,360.4,0.1104,-0.01399,OK
8.4089,8.4053,3.6,0,-94.8,-362.6,0.1611,-106.3,-355.6,0.1438,-78.8,392.0,0.0000,-65.2,424.0,-0.0690,3.6,429.0,0,0.0,0.0,0.0000,10.04,-11.19,-12.93,5.71,1,0.0556,-0.951,-0.186,24.00,1,-94.7,-362.7,0.15811,-80.1,392.5,0.0771,-0.01392,OK
8.4166,8.4113,5.3,0,-95.6,-357.6,0.1614,-106.8,-353.2,0.1438,-75.6,392.7,0.0000,-60.5,418.4,-0.0702,7.5,422.7,0,0.0,0.0,0.0000,9.84,-10.22,-12.27,6.37,1,0.0644,-0.598,1.255,25.00,1,-95.5,-359.0,0.15902,-52.5,468.1,0.0775,-0.01389,OK
8.4246,8.4192,5.4,0,-96.1,-355.0,0.1680,-107.4,-350.1,0.1438,-71.4,393.6,0.0000,-56.3,420.5,-0.0966,14.8,424.0,0,0.0,0.0,0.0000,9.66,-10.17,-11.86,7.00,1,0.0644,-0.598,1.255,25.00,1,-96.2,-355.2,0.16106,-25.6,459.8,0.0947,-0.01396,OK
8.4325,8.4276,4.9,0,-96.8,-350.9,0.1626,-107.9,-346.8,0.1438,-67.2,394.3,0.0000,-51.2,417.9,-0.0753,17.1,420.7,0,0.0,0.0,0.0000,9.59,-10.48,-12.22,7.73,1,0.1033,-0.598,-0.892,25.00,1,-96.9,-351.1,0.16209,-9.2,482.2,0.1149,-0.01393,OK
8.4404,8.4276,12.7,0,-96.8,-350.9,0.1626,-107.9,-346.8,0.1438,-67.2,394.3,0.0000,-48.3,427.4,-0.0753,21.5,429.6,0,0.0,0.0,0.0000,9.43,-10.85,-12.64,9.38,1,0.1022,-2.550,-0.922,24.00,1,-97.3,-348.8,0.16264,8.8,497.6,0.1173,-0.01394,OK
8.4482,8.4276,20.5,0,-96.8,-350.9,0.1626,-107.9,-346.8,0.1438,-67.2,394.3,0.0000,-45.7,436.7,-0.0753,25.6,438.3,0,0.0,0.0,0.0000,9.05,-10.41,-12.47,9.72,1,0.1500,-1.255,1.147,25.00,1,-97.8,-345.0,0.16375,13.9,486.0,0.1647,-0.01395,OK
8.4566,8.4529,3.6,0,-98.1,-340.9,0.1634,-109.5,-336.8,0.1438,-54.0,396.3,0.0000,-40.3,420.8,-0.0782,28.7,421.7,0,0.0,0.0,0.0000,8.68,-10.44,-12.45,8.77,1,0.1500,-1.255,1.147,25.00,1,-98.2,-340.6,0.16523,16.4,409.2,0.1431,-0.01387,OK
8.4644,8.4616,2.9,0,-98.9,-336.9,0.1755,-109.9,-333.3,0.1438,-49.3,396.8,0.0000,-33.7,413.8,-0.1267,39.1,413.4,0,0.0,0.0,0.0000,8.85,-10.91,-11.96,8.52,1,0.2178,2.324,0.873,25.00,1,-98.8,-336.9,0.16896,6.4,428.4,0.2888,-0.01388,OK
8.4724,8.4702,2.2,0,-99.5,-333.4,0.1730,-110.3,-329.9,0.1438,-44.7,397.3,0.0000,-28.7,413.0,-0.1166,42.8,411.7,0,0.0,0.0,0.0000,8.66,-12.32,-11.35,9.38,1,0.1800,1.030,-1.069,24.00,1,-99.4,-333.3,0.17099,13.2,429.9,0.2101,-0.01384,OK
8.4802,8.4702,10.0,0,-99.5,-333.4,0.1730,-110.3,-329.9,0.1438,-44.7,397.3,0.0000,-25.4,422.3,-0.1166,47.7,420.3,0,0.0,0.0,0.0000,8.52,-11.55,-10.83,9.97,1,0.1522,-2.795,-0.245,25.00,1,-99.5,-332.4,0.17126,29.6,429.3,0.1664,-0.01384,OK
8.4885,8.4783,10.2,0,-100.1,-329.7,0.1674,-110.7,-326.7,0.1438,-40.5,397.7,0.0000,-20.0,421.1,-0.0945,50.5,418.5,0,0.0,0.0,0.0000,8.51,-11.00,-10.82,9.85,1,0.1522,-2.795,-0.245,25.00,1,-100.2,-328.8,0.17109,14.0,428.7,0.1672,-0.01375,OK
8.4969,8.4865,10.3,0,-101.1,-326.3,0.1752,-111.0,-323.4,0.1438,-36.3,398.2,0.0000,-13.4,420.7,-0.1255,60.1,416.6,0,0.0,0.0,0.0000,8.70,-10.08,-11.67,9.93,1,0.1967,-3.256,1.461,25.00,1,-101.1,-325.3,0.17355,-15.5,430.3,0.2124,-0.01382,OK
8.5050,8.4951,9.9,0,-101.5,-322.6,0.1650,-111.3,-320.0,0.1438,-32.0,398.6,0.0000,-8.7,419.1,-0.0846,60.3,414.9,0,0.0,0.0,0.0000,9.14,-10.30,-11.09,9.17,1,0.2478,1.245,0.402,24.00,1,-101.7,-321.9,0.17276,-12.1,428.6,0.2584,-0.01364,OK
8.5129,8.5037,9.2,0,-102.3,-318.1,0.1762,-111.5,-316.6,0.1438,-27.3,399.0,0.0000,-2.8,415.0,-0.1294,70.0,409.0,0,0.0,0.0,0.0000,8.20,-11.90,-10.65,9.64,1,0.2167,1.589,-1.765,25.00,1,-102.3,-317.9,0.17511,20.6,461.4,0.2227,-0.01360,OK
8.5206,8.5178,2.8,0,-102.8,-311.3,0.1818,-111.9,-310.9,0.1438,-19.5,399.5,0.0000,2.5,403.4,-0.1520,75.4,396.3,0,0.0,0.0,0.0000,7.30,-12.21,-9.97,10.42,1,0.1944,-1.716,1.755,25.00,1,-102.8,-311.5,0.17846,54.7,483.7,0.2377,-0.01359,OK
8.5282,8.5255,2.7,0,-102.8,-308.0,0.1771,-112.0,-307.9,0.1438,-15.1,399.9,0.0000,6.0,402.2,-0.1332,76.8,394.9,0,0.0,0.0,0.0000,6.86,-11.87,-9.93,11.96,1,0.1944,-1.716,1.755,25.00,1,-102.8,-308.0,0.17952,77.9,464.3,0.1797,-0.01355,OK
8.5367,8.5255,11.2,0,-102.8,-308.0,0.1771,-112.0,-307.9,0.1438,-15.1,399.9,0.0000,10.3,411.9,-0.1332,82.7,403.6,0,0.0,0.0,0.0000,6.92,-11.64,-9.92,12.01,1,0.1656,-2.991,1.157,25.00,1,-102.9,-306.5,0.18009,72.0,464.8,0.1803,-0.01356,OK
8.5447,8.5340,10.7,0,-103.2,-303.5,0.1749,-112.1,-304.5,0.1438,-10.6,399.9,0.0000,15.7,407.6,-0.1245,86.4,398.6,0,0.0,0.0,0.0000,6.54,-12.00,-10.31,10.70,1,0.1389,1.657,-1.118,24.00,1,-103.2,-302.4,0.17963,62.6,467.8,0.1438,-0.01338,OK
8.5525,8.5509,1.6,0,-103.4,-297.1,0.1862,-112.2,-297.7,0.1438,-1.9,399.9,0.0000,20.6,397.2,-0.1695,93.8,386.6,0,0.0,0.0,0.0000,6.71,-12.06,-9.63,10.28,1,0.1067,0.912,0.078,25.00,1,-103.4,-296.7,0.18238,53.2,391.0,0.1785,-0.01340,OK
8.5612,8.5593,1.8,0,-102.9,-294.2,0.1794,-112.2,-294.3,0.1438,2.4,399.8,0.0000,23.7,398.4,-0.1422,94.4,387.8,0,0.0,0.0,0.0000,6.16,-11.83,-9.64,11.46,1,0.0789,-3.295,2.442,25.00,1,-103.1,-293.9,0.18226,92.2,360.2,0.0476,-0.01335,OK
8.5688,8.5593,9.5,0,-102.9,-294.2,0.1794,-112.2,-294.3,0.1438,2.4,399.8,0.0000,27.8,407.1,-0.1422,100.0,395.6,0,0.0,0.0,0.0000,5.54,-11.41,-9.76,11.93,1,0.0789,-3.295,2.442,25.00,1,-103.1,-293.2,0.18247,89.9,384.1,0.0886,-0.01333,OK
8.5766,8.5593,17.3,0,-102.9,-294.2,0.1794,-112.2,-294.3,0.1438,2.4,399.8,0.0000,31.9,416.0,-0.1422,105.6,403.6,0,0.0,0.0,0.0000,6.18,-12.12,-9.56,10.60,1,0.0722,-1.383,0.500,25.00,1,-103.0,-290.2,0.18313,77.2,390.7,0.0804,-0.01329,OK
8.5844,8.5593,25.1,0,-102.9,-294.2,0.1794,-112.2,-294.3,0.1438,2.4,399.8,0.0000,36.3,424.8,-0.1422,111.5,411.5,0,0.0,0.0,0.0000,6.27,-12.72,-9.68,10.67,1,0.0700,0.814,-1.000,25.00,1,-103.0,-287.0,0.18374,81.3,401.4,0.0766,-0.01324,OK
8.5924,8.5593,33.1,0,-102.9,-294.2,0.1794,-112.2,-294.3,0.1438,2.4,399.8,0.0000,41.1,433.6,-0.1422,117.8,419.3,0,0.0,0.0,0.0000,5.63,-12.85,-9.70,10.35,1,0.0411,0.353,-0.441,25.00,1,-102.9,-283.8,0.18420,87.8,392.2,0.0414,-0.01314,OK
8.6004,8.5593,41.1,0,-102.9,-294.2,0.1794,-112.2,-294.3,0.1438,2.4,399.8,0.0000,46.0,442.3,-0.1422,124.1,427.0,0,0.0,0.0,0.0000,4.94,-12.23,-8.76,11.08,1,0.0411,0.353,-0.441,25.00,1,-102.7,-280.6,0.18455,104.1,378.4,0.0456,-0.01307,OK
8.6091,8.5593,49.7,0,-102.9,-294.2,0.1794,-112.2,-294.3,0.1438,2.4,399.8,0.0000,51.2,451.8,-0.1422,131.0,435.5,0,0.0,0.0,0.0000,5.33,-12.57,-8.58,11.17,1,0.0667,-1.853,1.069,25.00,1,-102.4,-277.2,0.18506,103.8,387.9,0.0741,-0.01303,OK
8.6170,8.5593,57.7,0,-102.9,-294.2,0.1794,-112.2,-294.3,0.1438,2.4,399.8,0.0000,56.1,460.6,-0.1422,137.3,443.2,0,0.0,0.0,0.0000,4.98,-11.93,-8.60,11.47,1,0.0789,-1.814,1.667,25.00,1,-102.1,-274.0,0.18569,107.0,380.6,0.0848,-0.01298,OK
8.6248,8.5593,65.5,0,-102.9,-294.2,0.1794,-112.2,-294.3,0.1438,2.4,399.8,0.0000,60.6,469.0,-0.1422,143.3,450.7,0,0.0,0.0,0.0000,5.11,-11.70,-8.17,10.98,1,0.0878,0.696,0.402,24.00,1,-101.9,-271.0,0.18639,100.8,372.7,0.0962,-0.01294,OK
8.6327,8.5593,73.4,0,-102.9,-294.2,0.1794,-112.2,-294.3,0.1438,2.4,399.8,0.0000,65.7,477.6,-0.1422,149.8,458.2,0,0.0,0.0,0.0000,4.55,-11.61,-8.02,10.90,1,0.1000,0.265,-0.804,25.00,1,-101.6,-268.0,0.18717,108.6,363.2,0.1011,-0.01285,OK
8.6402,8.5593,80.8,0,-102.9,-294.2,0.1794,-112.2,-294.3,0.1438,2.4,399.8,0.0000,70.7,485.6,-0.1422,156.2,465.2,0,0.0,0.0,0.0000,3.94,-8.58,-7.41,11.93,1,0.1000,0.265,-0.804,25.00,1,-101.3,-265.4,0.18797,91.5,313.5,0.1138,-0.01286,OK
8.6492,8.5593,89.9,0,-102.9,-294.2,0.1794,-112.2,-294.3,0.1438,2.4,399.8,0.0000,76.8,494.1,-0.1422,163.7,472.4,0,0.0,0.0,0.0000,3.78,-9.02,-8.22,11.20,1,0.0711,-2.128,0.363,24.00,1,-101.1,-262.4,0.18884,94.7,320.6,0.0799,-0.01283,OK
8.6574,8.6355,21.9,0,-102.5,-262.4,0.1857,-110.5,-263.9,0.1438,43.3,397.5,0.0000,77.7,477.6,-0.1675,164.5,455.1,0,0.0,0.0,0.0000,3.57,-11.32,-7.40,11.06,1,0.0211,-2.422,1.118,24.00,1,-102.2,-257.4,0.18789,112.2,369.0,0.0233,-0.01266,OK
8.6649,8.6355,29.4,0,-102.5,-262.4,0.1857,-110.5,-263.9,0.1438,43.3,397.5,0.0000,79.8,462.8,-0.1675,163.9,440.1,0,0.0,0.0,0.0000,3.41,-11.96,-7.30,11.61,1,0.0133,-1.187,1.451,25.00,1,-101.8,-254.5,0.18803,126.4,377.7,0.0151,-0.01258,OK
8.6724,8.6355,36.9,0,-102.5,-262.4,0.1857,-110.5,-263.9,0.1438,43.3,397.5,0.0000,84.2,448.4,-0.1675,165.6,425.2,0,0.0,0.0,0.0000,3.19,-13.09,-7.26,11.35,1,0.0133,-1.187,1.451,25.00,1,-101.4,-251.5,0.18811,138.3,383.1,0.0072,-0.01244,OK
8.6808,8.6355,45.3,0,-102.5,-262.4,0.1857,-110.5,-263.9,0.1438,43.3,397.5,0.0000,95.0,435.6,-0.1675,173.8,410.6,0,0.0,0.0,0.0000,3.29,-13.32,-7.35,11.56,1,0.0033,0.814,-1.265,25.00,1,-100.8,-248.1,0.18812,141.3,389.0,-0.0008,-0.01231,OK
8.6886,8.6355,53.1,0,-102.5,-262.4,0.1857,-110.5,-263.9,0.1438,43.3,397.5,0.0000,102.9,440.8,-0.1675,182.6,414.3,0,0.0,0.0,0.0000,3.10,-13.24,-7.07,12.38,1,-0.0289,-0.167,0.657,24.00,1,-100.3,-244.8,0.18801,151.8,391.4,-0.0256,-0.01225,OK
8.6965,8.6355,61.0,0,-102.5,-262.4,0.1857,-110.5,-263.9,0.1438,43.3,397.5,0.0000,108.7,448.9,-0.1675,189.7,421.1,0,0.0,0.0,0.0000,2.43,-13.85,-6.56,13.17,1,-0.0533,-3.207,2.177,25.00,1,-99.6,-241.6,0.18771,176.0,392.2,-0.0504,-0.01218,OK
8.7041,8.6355,68.6,0,-102.5,-262.4,0.1857,-110.5,-263.9,0.1438,43.3,397.5,0.0000,114.3,456.4,-0.1675,196.6,427.5,0,0.0,0.0,0.0000,3.11,-14.23,-6.60,13.55,1,-0.0533,-3.207,2.177,25.00,1,-98.9,-238.3,0.18737,171.8,407.2,-0.0381,-0.01220,OK
8.7128,8.6355,77.3,0,-102.5,-262.4,0.1857,-110.5,-263.9,0.1438,43.3,397.5,0.0000,121.1,465.2,-0.1675,204.8,434.8,0,0.0,0.0,0.0000,2.76,-14.16,-6.10,12.80,1,-0.0544,-2.481,-1.451,25.00,1,-98.0,-234.7,0.18703,171.9,389.3,-0.0409,-0.01221,OK
8.7207,8.6355,85.2,0,-102.5,-262.4,0.1857,-110.5,-263.9,0.1438,43.3,397.5,0.0000,127.1,473.1,-0.1675,212.2,441.5,0,0.0,0.0,0.0000,2.57,-13.09,-6.26,12.37,1,-0.0233,1.196,-0.981,25.00,1,-97.3,-231.5,0.18678,164.2,373.4,-0.0200,-0.01214,OK
8.7283,8.6355,92.8,0,-102.5,-262.4,0.1857,-110.5,-263.9,0.1438,43.3,397.5,0.0000,133.0,480.7,-0.1675,219.5,447.9,0,0.0,0.0,0.0000,1.80,-13.72,-6.28,13.10,1,0.0167,0.137,2.805,25.00,1,-96.5,-228.4,0.18669,192.4,378.2,0.0010,-0.01194,OK
8.7371,8.6355,101.5,0,-102.5,-262.4,0.1857,-110.5,-263.9,0.1438,43.3,397.5,0.0000,137.2,480.8,-0.1675,223.7,447.2,0,0.0,0.0,0.0000,1.68,-14.48,-5.92,13.78,1,-0.0289,-0.637,-0.539,25.00,1,-95.3,-224.8,0.18653,206.0,387.9,-0.0332,-0.01182,OK
8.7448,8.6355,109.3,0,-102.5,-262.4,0.1857,-110.5,-263.9,0.1438,43.3,397.5,0.0000,140.8,479.8,-0.1675,226.9,445.5,0,0.0,0.0,0.0000,1.50,-15.07,-6.07,13.80,1,-0.0289,-0.637,-0.539,25.00,1,-94.3,-221.5,0.18622,215.5,393.6,-0.0403,-0.01165,OK
8.7527,8.6355,117.2,0,-102.5,-262.4,0.1857,-110.5,-263.9,0.1438,43.3,397.5,0.0000,144.2,478.7,-0.1675,230.1,443.9,0,0.0,0.0,0.0000,0.67,-15.71,-5.44,13.32,1,-0.0578,0.088,-1.451,24.00,1,-93.1,-218.2,0.18570,230.3,379.1,-0.0822,-0.01141,OK
8.7619,8.7368,25.0,0,-94.5,-221.0,0.1849,-103.4,-224.1,0.1438,96.4,388.3,0.0000,142.4,460.4,-0.1642,224.7,426.4,0,0.0,0.0,0.0000,1.47,-15.72,-5.33,13.38,1,-0.0478,-1.706,1.785,24.00,1,-92.1,-213.7,0.18432,215.2,390.1,-0.0482,-0.01129,OK
8.7686,8.7368,31.7,0,-94.5,-221.0,0.1849,-103.4,-224.1,0.1438,96.4,388.3,0.0000,142.2,447.1,-0.1642,221.9,413.3,0,0.0,0.0,0.0000,1.27,-15.54,-5.75,14.62,1,-0.0511,-1.314,-0.284,25.00,1,-91.1,-210.9,0.18396,230.2,404.3,-0.0564,-0.01116,OK
8.7763,8.7368,39.5,0,-94.5,-221.0,0.1849,-103.4,-224.1,0.1438,96.4,388.3,0.0000,144.0,431.7,-0.1642,220.9,397.9,0,0.0,0.0,0.0000,1.47,-15.86,-5.81,14.99,1,-0.0411,-0.804,-0.088,25.00,1,-89.9,-207.4,0.18357,233.4,413.3,-0.0430,-0.01107,OK
8.7848,8.7368,48.0,0,-94.5,-221.0,0.1849,-103.4,-224.1,0.1438,96.4,388.3,0.0000,151.7,416.5,-0.1642,225.7,381.5,0,0.0,0.0,0.0000,1.49,-16.31,-5.82,14.85,1,-0.0411,-0.804,-0.088,25.00,1,-88.6,-203.6,0.18319,236.2,416.2,-0.0438,-0.01097,OK
8.7925,8.7368,55.6,0,-94.5,-221.0,0.1849,-103.4,-224.1,0.1438,96.4,388.3,0.0000,161.5,417.2,-0.1642,235.4,380.4,0,0.0,0.0,0.0000,1.44,-16.07,-5.78,14.10,1,-0.0144,0.010,-0.020,25.00,1,-87.4,-200.2,0.18292,230.2,404.8,-0.0250,-0.01081,OK
8.8002,8.7368,63.3,0,-94.5,-221.0,0.1849,-103.4,-224.1,0.1438,96.4,388.3,0.0000,167.8,424.4,-0.1642,242.9,386.3,0,0.0,0.0,0.0000,0.81,-16.00,-5.74,14.47,1,-0.0233,-0.333,-0.118,25.00,1,-86.1,-196.8,0.18261,245.7,401.4,-0.0492,-0.01058,OK
8.8090,8.7368,72.1,0,-94.5,-221.0,0.1849,-103.4,-224.1,0.1438,96.4,388.3,0.0000,175.3,432.3,-0.1642,251.8,392.7,0,0.0,0.0,0.0000,0.75,-15.92,-5.52,14.47,1,-0.0111,-1.432,0.726,25.00,1,-84.6,-192.9,0.18220,247.2,397.5,-0.0365,-0.01035,OK
8.8164,8.7368,79.6,0,-94.5,-221.0,0.1849,-103.4,-224.1,0.1438,96.4,388.3,0.0000,182.0,438.7,-0.1642,259.5,397.8,0,0.0,0.0,0.0000,0.78,-15.50,-4.84,14.86,1,-0.0111,-1.432,0.726,25.00,1,-83.4,-189.7,0.18199,246.1,389.1,-0.0175,-0.01023,OK
8.8252,8.7368,88.3,0,-94.5,-221.0,0.1849,-103.4,-224.1,0.1438,96.4,388.3,0.0000,190.1,446.3,-0.1642,268.9,403.7,0,0.0,0.0,0.0000,1.03,-15.90,-5.04,14.47,1,-0.0067,-0.265,0.226,25.00,1,-81.9,-186.0,0.18184,241.9,393.1,-0.0136,-0.01010,OK
8.8330,8.7368,96.2,0,-94.5,-221.0,0.1849,-103.4,-224.1,0.1438,96.4,388.3,0.0000,197.4,453.1,-0.1642,277.3,409.1,0,0.0,0.0,0.0000,0.69,-16.48,-5.11,14.12,1,-0.0167,0.343,-0.549,24.00,1,-80.5,-182.6,0.18162,249.7,392.3,-0.0347,-0.00989,OK
8.8409,8.7368,104.0,0,-94.5,-221.0,0.1849,-103.4,-224.1,0.1438,96.4,388.3,0.0000,203.3,456.8,-0.1642,283.8,411.6,0,0.0,0.0,0.0000,-0.11,-16.12,-4.38,14.79,1,0.0011,-0.520,3.766,24.00,1,-79.0,-179.3,0.18135,269.6,382.1,-0.0271,-0.00965,OK
8.8487,8.7368,111.9,0,-94.5,-221.0,0.1849,-103.4,-224.1,0.1438,96.4,388.3,0.0000,206.4,455.4,-0.1642,286.6,409.7,0,0.0,0.0,0.0000,-0.31,-16.51,-4.23,15.51,1,0.0011,-0.520,3.766,25.00,1,-77.4,-175.9,0.18111,283.7,390.1,-0.0237,-0.00941,OK
8.8574,8.7368,120.6,0,-94.5,-221.0,0.1849,-103.4,-224.1,0.1438,96.4,388.3,0.0000,210.0,453.8,-0.1642,289.8,407.5,0,0.0,0.0,0.0000,-0.08,-16.61,-4.13,15.95,1,-0.0189,-1.648,-0.990,25.00,1,-75.6,-172.1,0.18087,282.5,393.7,-0.0274,-0.00928,OK
8.8642,8.8392,25.1,0,-81.3,-177.4,0.1963,-90.9,-185.1,0.1438,148.1,371.5,0.0000,206.9,440.6,-0.2100,288.9,391.8,0,0.0,0.0,0.0000,-0.05,-16.73,-3.92,14.97,1,-0.0467,-2.883,-2.579,24.00,1,-78.4,-170.1,0.18984,245.0,378.2,-0.0468,-0.00982,OK
8.8727,8.8392,33.5,0,-81.3,-177.4,0.1963,-90.9,-185.1,0.1438,148.1,371.5,0.0000,204.4,423.9,-0.2100,283.1,375.9,0,0.0,0.0,0.0000,-0.52,-16.62,-2.11,15.41,1,0.0311,0.579,2.275,24.00,1,-76.8,-166.7,0.18988,257.7,346.7,0.0533,-0.00991,OK
8.8810,8.8723,8.7,0,-74.4,-164.4,0.1876,-85.7,-172.9,0.1438,164.6,364.5,0.0000,200.6,407.6,-0.1751,273.1,363.0,0,0.0,0.0,0.0000,-0.83,-16.83,-0.75,14.79,1,0.0456,1.540,1.589,25.00,1,-74.3,-164.1,0.18925,278.8,291.2,0.1071,-0.01014,OK
8.8885,8.8810,7.5,0,-71.4,-160.9,0.1823,-84.3,-169.8,0.1438,168.9,362.7,0.0000,197.2,393.1,-0.1541,265.2,350.8,0,0.0,0.0,0.0000,-0.78,-17.45,-1.13,15.27,1,0.0456,1.540,1.589,25.00,1,-71.9,-161.1,0.18848,317.4,315.1,0.0934,-0.01032,OK
8.8963,8.8889,7.5,0,-70.9,-156.7,0.1996,-82.9,-166.9,0.1438,172.4,361.0,0.0000,195.0,377.5,-0.2232,266.0,331.4,0,0.0,0.0,0.0000,-1.07,-16.62,-3.11,15.87,1,0.0100,0.000,-2.452,25.00,1,-70.5,-157.3,0.19081,308.5,397.8,-0.0014,-0.01026,OK
8.9045,8.8973,7.2,0,-68.6,-154.6,0.1850,-81.4,-163.9,0.1438,176.2,359.2,0.0000,193.0,361.2,-0.1646,256.2,319.6,0,0.0,0.0,0.0000,-1.37,-16.27,-3.15,16.43,1,-0.0189,-2.913,-0.265,24.00,1,-68.6,-154.2,0.18963,307.0,366.8,-0.0366,-0.01000,OK
8.9125,8.9057,6.8,0,-67.3,-150.4,0.2008,-79.9,-160.9,0.1438,180.4,356.9,0.0000,192.4,345.3,-0.2281,257.4,300.0,0,0.0,0.0,0.0000,-1.72,-16.25,-3.35,16.77,1,0.0111,-2.354,3.432,26.00,1,-67.0,-150.5,0.19123,300.1,383.3,-0.0407,-0.00980,OK
8.9201,8.9142,5.9,0,-64.9,-147.2,0.1879,-78.4,-157.8,0.1438,184.6,354.7,0.0000,191.8,330.2,-0.1764,250.2,288.6,0,0.0,0.0,0.0000,-2.01,-16.95,-3.52,13.09,1,0.0111,-2.354,3.432,25.00,1,-65.0,-147.1,0.18997,284.0,340.1,-0.1290,-0.00935,OK
8.9291,8.9227,6.4,0,-63.5,-142.9,0.1902,-76.8,-154.9,0.1438,188.9,352.5,0.0000,193.9,312.2,-0.1856,249.4,270.0,0,0.0,0.0,0.0000,-1.96,-18.69,-4.19,12.45,1,-0.0056,1.697,1.059,24.00,1,-63.4,-143.3,0.18866,277.2,372.7,-0.2112,-0.00886,OK
8.9364,8.9227,13.7,0,-63.5,-142.9,0.1902,-76.8,-154.9,0.1438,188.9,352.5,0.0000,203.1,301.9,-0.1856,256.5,258.0,0,0.0,0.0,0.0000,-2.51,-18.87,-3.30,14.59,1,-0.0767,0.284,-1.373,24.00,1,-62.1,-140.8,0.18762,316.8,389.7,-0.1638,-0.00852,OK
8.9448,8.9322,12.7,0,-61.3,-139.9,0.1811,-75.0,-151.5,0.1438,193.4,350.1,0.0000,205.5,299.1,-0.1491,256.0,257.2,0,0.0,0.0,0.0000,-1.99,-17.32,-3.09,14.70,1,-0.1456,-0.628,-0.020,24.00,1,-60.2,-137.9,0.18446,290.5,350.4,-0.1675,-0.00821,OK
8.9611,8.9529,8.2,0,-57.6,-133.8,0.1891,-70.9,-144.3,0.1438,202.4,344.9,0.0000,211.4,292.4,-0.1810,262.6,247.5,0,0.0,0.0,0.0000,-2.30,-17.19,-3.18,14.75,1,-0.1644,-0.647,1.922,25.00,1,-57.5,-133.5,0.18490,263.3,300.3,-0.1874,-0.00808,OK
8.9628,8.9602,2.6,0,-56.6,-129.7,0.1928,-69.4,-141.8,0.1438,205.6,342.9,0.0000,211.0,289.0,-0.1960,262.5,243.2,0,0.0,0.0,0.0000,-2.08,-16.67,-2.82,15.04,1,-0.1644,-0.647,1.922,25.00,1,-56.4,-130.4,0.18556,240.7,374.7,-0.0991,-0.00804,OK
8.9682,8.9602,7.9,0,-56.6,-129.7,0.1928,-69.4,-141.8,0.1438,205.6,342.9,0.0000,215.7,285.1,-0.1960,266.3,238.4,0,0.0,0.0,0.0000,-2.52,-16.99,-2.25,14.46,1,-0.2156,0.775,-0.804,25.00,1,-56.4,-130.5,0.18512,250.3,313.6,-0.2785,-0.00803,OK
8.9770,8.9685,8.5,0,-54.2,-126.6,0.1809,-67.7,-139.0,0.1438,209.5,340.4,0.0000,217.5,281.6,-0.1483,264.6,237.9,0,0.0,0.0,0.0000,-2.08,-16.67,-2.82,15.04,1,-0.1644,-0.647,1.922,25.00,1,-54.3,-126.6,0.18243,281.7,361.6,-0.1762,-0.00788,OK
8.9845,8.9685,15.9,0,-54.2,-126.6,0.1809,-67.7,-139.0,0.1438,209.5,340.4,0.0000,225.3,286.6,-0.1483,273.2,241.4,0,0.0,0.0,0.0000,-2.82,-16.20,-2.74,14.30,1,-0.2056,-0.530,1.902,25.00,1,-52.7,-123.6,0.18089,282.4,344.9,-0.2347,-0.00765,OK
8.9924,8.9852,7.2,0,-50.3,-120.4,0.1841,-64.1,-133.3,0.1438,217.5,335.6,0.0000,222.1,273.6,-0.1610,268.4,228.3,0,0.0,0.0,0.0000,-4.01,-16.07,-1.77,13.52,1,-0.2056,-0.530,1.902,24.00,1,-50.4,-120.4,0.17966,302.4,310.4,-0.2552,-0.00741,OK
9.0004,8.9932,7.3,0,-48.5,-116.5,0.1912,-62.4,-130.6,0.1438,221.2,333.5,0.0000,225.3,267.0,-0.1896,272.0,219.4,0,0.0,0.0,0.0000,-3.19,-15.93,-1.88,14.47,1,-0.1689,-2.157,1.559,24.00,1,-48.5,-116.9,0.18018,308.7,346.8,-0.1911,-0.00729,OK
9.0082,8.9932,15.0,0,-48.5,-116.5,0.1912,-62.4,-130.6,0.1438,221.2,333.5,0.0000,233.7,272.0,-0.1896,281.1,222.6,0,0.0,0.0,0.0000,-2.22,-16.14,-1.72,14.26,1,-0.0933,-0.892,-0.265,25.00,1,-46.8,-114.1,0.17919,296.2,343.8,-0.0995,-0.00720,OK
9.0165,9.0073,9.2,0,-44.6,-109.8,0.1871,-59.2,-126.0,0.1438,227.0,329.6,0.0000,231.0,257.1,-0.1731,274.8,209.6,0,0.0,0.0,0.0000,-2.39,-15.49,-1.05,14.59,1,0.0056,0.824,0.735,25.00,1,-44.3,-109.5,0.18124,330.0,374.8,0.0019,-0.00722,OK
9.0243,9.0157,8.6,0,-42.3,-107.0,0.1708,-57.3,-123.2,0.1438,230.6,326.9,0.0000,232.6,253.5,-0.1081,272.3,210.3,0,0.0,0.0,0.0000,-3.01,-14.85,-0.73,14.71,1,0.1233,1.461,3.550,24.00,1,-42.2,-106.6,0.17889,339.6,350.6,0.0866,-0.00687,OK
9.0330,9.0243,8.7,0,-40.2,-104.1,0.1848,-55.3,-120.4,0.1438,234.2,324.0,0.0000,235.7,249.9,-0.1641,277.6,202.3,0,0.0,0.0,0.0000,-3.02,-14.88,-0.08,14.82,1,0.1233,1.461,3.550,26.00,1,-40.0,-103.6,0.18094,329.3,314.4,0.1065,-0.00675,OK
9.0402,9.0327,7.5,0,-38.0,-101.1,0.1867,-53.3,-117.7,0.1438,238.1,321.2,0.0000,237.1,245.2,-0.1714,278.5,197.0,0,0.0,0.0,0.0000,-3.58,-15.00,0.86,15.17,1,0.1678,0.157,-2.305,25.00,1,-37.9,-101.0,0.18253,337.2,291.9,0.1543,-0.00663,OK
9.0481,9.0409,7.2,0,-36.7,-98.2,0.1842,-51.3,-115.1,0.1438,241.9,318.5,0.0000,242.0,241.1,-0.1617,282.1,192.7,0,0.0,0.0,0.0000,-3.77,-9.62,1.44,14.70,1,0.2167,0.108,0.559,25.00,1,-36.4,-98.4,0.18408,253.3,225.8,0.2084,-0.00652,OK
9.0560,9.0494,6.6,0,-34.4,-95.3,0.1878,-49.2,-112.4,0.1438,245.4,315.9,0.0000,244.2,236.6,-0.1758,284.1,186.9,0,0.0,0.0,0.0000,-3.84,-9.34,1.59,14.54,1,0.2711,-2.785,3.373,24.00,1,-34.5,-95.6,0.18635,264.7,240.2,0.2618,-0.00641,OK
9.0647,9.0494,15.3,0,-34.4,-95.3,0.1878,-49.2,-112.4,0.1438,245.4,315.9,0.0000,254.2,241.4,-0.1758,294.8,189.7,0,0.0,0.0,0.0000,-3.87,-12.03,0.99,14.48,1,0.2711,-2.785,3.373,24.00,1,-32.8,-93.3,0.18812,297.2,284.0,0.2317,-0.00615,OK
9.0729,9.0579,15.0,0,-31.5,-92.2,0.1874,-47.1,-109.7,0.1438,248.9,313.2,0.0000,254.5,236.8,-0.1742,294.1,185.3,0,0.0,0.0,0.0000,-3.64,-12.27,1.05,14.32,1,0.2678,-0.402,1.255,25.00,1,-29.8,-89.9,0.18979,333.6,296.5,0.2450,-0.00594,OK
9.0810,9.0668,14.2,0,-30.3,-88.8,0.1913,-44.9,-106.9,0.1438,252.4,310.2,0.0000,259.9,231.2,-0.1899,299.1,177.6,0,0.0,0.0,0.0000,-3.04,-13.66,1.31,13.86,1,0.2922,1.755,0.990,25.00,1,-28.5,-86.7,0.19219,304.3,315.3,0.2823,-0.00583,OK
9.0888,9.0668,22.0,0,-30.3,-88.8,0.1913,-44.9,-106.9,0.1438,252.4,310.2,0.0000,268.5,235.4,-0.1899,308.4,180.1,0,0.0,0.0,0.0000,-3.19,-13.10,2.14,14.07,1,0.3078,0.941,-0.451,25.00,1,-26.7,-83.9,0.19449,306.0,289.9,0.3084,-0.00580,OK
9.0971,9.0668,30.3,0,-30.3,-88.8,0.1913,-44.9,-106.9,0.1438,252.4,310.2,0.0000,278.0,239.7,-0.1899,318.5,182.5,0,0.0,0.0,0.0000,-3.55,-12.46,2.27,13.68,1,0.3078,0.941,-0.451,25.00,1,-24.6,-81.1,0.19702,302.6,272.5,0.3029,-0.00571,OK
9.1049,9.0668,38.1,0,-30.3,-88.8,0.1913,-44.9,-106.9,0.1438,252.4,310.2,0.0000,287.3,243.5,-0.1899,328.3,184.4,0,0.0,0.0,0.0000,-3.79,-12.27,2.69,13.55,1,0.3256,-0.392,1.873,24.00,1,-22.7,-78.7,0.19944,305.0,257.1,0.3209,-0.00564,OK
9.1122,9.0668,45.4,0,-30.3,-88.8,0.1913,-44.9,-106.9,0.1438,252.4,310.2,0.0000,296.1,246.9,-0.1899,337.6,186.1,0,0.0,0.0,0.0000,-4.19,-12.22,2.42,13.84,1,0.2989,-1.079,0.353,26.00,1,-20.9,-76.3,0.20167,309.8,258.6,0.2875,-0.00551,OK
9.1202,9.0668,53.4,0,-30.3,-88.8,0.1913,-44.9,-106.9,0.1438,252.4,310.2,0.0000,305.3,250.4,-0.1899,347.3,187.8,0,0.0,0.0,0.0000,-4.07,-12.26,2.44,13.17,1,0.2678,-0.451,-0.579,25.00,1,-18.9,-73.9,0.20385,302.6,247.3,0.2582,-0.00539,OK
9.1283,9.0668,61.5,0,-30.3,-88.8,0.1913,-44.9,-106.9,0.1438,252.4,310.2,0.0000,314.7,253.9,-0.1899,357.2,189.5,0,0.0,0.0,0.0000,-4.50,-11.44,3.00,13.40,1,0.2633,0.392,2.010,25.00,1,-16.9,-71.5,0.20593,304.2,224.5,0.2577,-0.00531,OK
9.1367,9.0668,69.9,0,-30.3,-88.8,0.1913,-44.9,-106.9,0.1438,252.4,310.2,0.0000,324.3,257.9,-0.1899,367.4,191.5,0,0.0,0.0,0.0000,-4.94,-11.83,2.84,13.32,1,0.2633,0.392,2.010,24.00,1,-14.7,-69.1,0.20804,310.9,226.7,0.2482,-0.00516,OK
9.1450,9.0668,78.2,0,-30.3,-88.8,0.1913,-44.9,-106.9,0.1438,252.4,310.2,0.0000,334.0,261.7,-0.1899,377.7,193.4,0,0.0,0.0,0.0000,-4.59,-12.52,2.65,12.97,1,0.2044,1.294,2.903,25.00,1,-12.6,-66.7,0.20988,309.0,228.7,0.1945,-0.00504,OK
9.1524,9.0668,85.6,0,-30.3,-88.8,0.1913,-44.9,-106.9,0.1438,252.4,310.2,0.0000,342.7,264.9,-0.1899,386.8,194.9,0,0.0,0.0,0.0000,-5.24,-13.04,3.00,13.28,1,0.1278,0.804,-0.451,26.00,1,-10.7,-64.7,0.21103,324.2,221.5,0.1220,-0.00496,OK
9.1608,9.0668,94.0,0,-30.3,-88.8,0.1913,-44.9,-106.9,0.1438,252.4,310.2,0.0000,352.8,268.3,-0.1899,397.4,196.3,0,0.0,0.0,0.0000,-6.25,-13.08,3.51,12.44,1,0.0844,-1.559,1.059,25.00,1,-8.3,-62.4,0.21183,328.5,195.9,0.0720,-0.00483,OK
9.1698,9.1424,27.4,0,-10.6,-67.1,0.2040,-24.7,-84.5,0.1438,282.4,283.0,0.0000,341.8,254.1,-0.2407,386.2,179.6,0,0.0,0.0,0.0000,-5.80,-12.35,3.14,12.30,1,0.0844,-1.559,1.059,24.00,1,-5.2,-62.3,0.20938,316.6,173.5,0.0685,-0.00446,OK
9.1770,9.1424,34.7,0,-10.6,-67.1,0.2040,-24.7,-84.5,0.1438,282.4,283.0,0.0000,334.1,241.8,-0.2407,376.1,169.1,0,0.0,0.0,0.0000,-5.42,-12.11,3.22,13.06,1,0.0900,-1.893,2.020,24.00,1,-3.2,-60.6,0.20993,318.7,177.0,0.0854,-0.00439,OK
9.1845,9.1424,42.2,0,-10.6,-67.1,0.2040,-24.7,-84.5,0.1438,282.4,283.0,0.0000,328.6,227.9,-0.2407,367.9,156.6,0,0.0,0.0,0.0000,-5.75,-12.60,2.08,12.45,1,0.0889,0.902,-0.216,25.00,1,-1.2,-58.7,0.21037,311.2,197.5,0.0381,-0.00412,OK
9.1930,9.1424,50.6,0,-10.6,-67.1,0.2040,-24.7,-84.5,0.1438,282.4,283.0,0.0000,332.3,214.7,-0.2407,368.9,143.0,0,0.0,0.0,0.0000,-6.25,-12.18,1.44,12.38,1,0.0489,0.530,1.618,25.00,1,1.0,-56.5,0.21032,303.3,202.3,-0.0422,-0.00378,OK
9.2009,9.1424,58.5,0,-10.6,-67.1,0.2040,-24.7,-84.5,0.1438,282.4,283.0,0.0000,341.6,217.7,-0.2407,378.6,144.0,0,0.0,0.0,0.0000,-6.75,-12.40,1.69,11.77,1,0.0867,-2.667,2.030,25.00,1,3.0,-54.5,0.20996,303.5,192.2,-0.0400,-0.00340,OK
9.2094,9.1424,67.0,0,-10.6,-67.1,0.2040,-24.7,-84.5,0.1438,282.4,283.0,0.0000,351.9,220.6,-0.2407,389.3,144.8,0,0.0,0.0,0.0000,-6.55,-11.97,2.64,12.18,1,0.0867,-2.667,2.030,25.00,1,5.3,-52.4,0.20989,312.2,173.2,0.0285,-0.00313,OK
9.2171,9.1424,74.8,0,-10.6,-67.1,0.2040,-24.7,-84.5,0.1438,282.4,283.0,0.0000,361.3,223.1,-0.2407,399.0,145.3,0,0.0,0.0,0.0000,-6.31,-12.47,3.40,11.68,1,0.1200,-1.628,-0.628,24.00,1,7.4,-50.7,0.21030,316.7,158.2,0.0819,-0.00290,OK
9.2253,9.1424,82.9,0,-10.6,-67.1,0.2040,-24.7,-84.5,0.1438,282.4,283.0,0.0000,371.4,225.5,-0.2407,409.4,145.6,0,0.0,0.0,0.0000,-6.14,-11.74,4.51,12.11,1,0.1611,1.451,1.677,25.00,1,9.7,-49.0,0.21124,323.2,137.4,0.1508,-0.00281,OK
9.2331,9.1424,90.7,0,-10.6,-67.1,0.2040,-24.7,-84.5,0.1438,282.4,283.0,0.0000,381.1,227.7,-0.2407,419.3,145.8,0,0.0,0.0,0.0000,-6.72,-12.81,5.16,12.42,1,0.1600,1.549,-0.294,25.00,1,12.1,-47.4,0.21240,345.1,135.3,0.1502,-0.00272,OK
9.2405,9.2353,5.2,0,13.3,-47.1,0.2168,3.1,-59.9,0.1438,315.1,246.2,0.0000,370.1,217.5,-0.2920,408.2,132.8,0,0.0,0.0,0.0000,-7.07,-12.76,4.62,12.29,1,0.1033,-1.353,1.353,25.00,1,13.3,-47.1,0.21469,317.7,123.6,0.0927,-0.00264,OK
9.2485,9.2439,4.6,0,14.8,-45.2,0.2217,5.8,-57.8,0.1438,318.0,242.7,0.0000,359.4,205.7,-0.3117,395.8,121.7,0,0.0,0.0,0.0000,-7.04,-11.66,5.14,12.64,1,0.1033,-1.353,1.353,25.00,1,15.1,-45.3,0.21727,282.4,128.1,0.1160,-0.00270,OK
9.2565,9.2522,4.3,0,17.3,-43.0,0.2251,8.5,-55.8,0.1438,320.7,239.1,0.0000,349.8,193.0,-0.3250,384.0,110.1,0,0.0,0.0,0.0000,-6.99,-11.38,5.93,12.24,1,0.0744,-1.030,2.001,24.00,1,17.3,-43.3,0.21964,301.2,145.4,0.1038,-0.00281,OK
9.2646,9.2607,4.0,0,19.8,-41.5,0.2345,11.2,-53.7,0.1438,323.5,235.2,0.0000,341.0,179.2,-0.3626,373.3,95.1,0,0.0,0.0,0.0000,-7.27,-11.66,4.96,12.20,1,0.0256,-1.422,-2.511,25.00,1,19.7,-41.5,0.22289,316.4,144.4,0.0826,-0.00294,OK
9.2731,9.2692,4.0,0,22.9,-40.7,0.2235,14.0,-51.8,0.1438,326.1,231.4,0.0000,332.7,164.4,-0.3188,360.9,86.6,0,0.0,0.0,0.0000,-8.12,-11.64,4.79,11.82,1,-0.0244,0.520,2.246,24.00,1,22.6,-40.4,0.22280,342.5,91.1,-0.0305,-0.00286,OK
9.2803,9.2776,2.7,0,25.5,-38.8,0.2247,16.8,-49.8,0.1438,328.6,227.7,0.0000,330.6,154.5,-0.3234,356.7,77.0,0,0.0,0.0,0.0000,-8.18,-11.79,5.16,11.46,1,-0.0244,0.520,2.246,25.00,1,25.4,-38.9,0.22287,352.3,98.6,-0.0236,-0.00276,OK
9.2891,9.2860,3.1,0,27.4,-36.5,0.2131,19.5,-47.9,0.1438,331.0,224.2,0.0000,335.8,149.2,-0.2772,359.8,74.8,0,0.0,0.0,0.0000,-8.18,-11.82,5.76,11.82,1,-0.0733,0.255,3.099,24.00,1,27.6,-36.9,0.22058,324.2,143.4,-0.1300,-0.00263,OK
9.2965,9.2945,2.0,0,30.0,-35.3,0.2208,22.3,-46.0,0.1438,333.4,220.7,0.0000,337.0,146.8,-0.3078,361.0,69.5,0,0.0,0.0,0.0000,-8.35,-11.85,5.94,11.73,1,-0.1722,-1.844,-1.520,24.00,1,30.1,-35.3,0.21942,325.1,119.1,-0.1539,-0.00266,OK
9.3050,9.2945,10.6,0,30.0,-35.3,0.2208,22.3,-46.0,0.1438,333.4,220.7,0.0000,347.6,148.3,-0.3078,371.7,68.6,0,0.0,0.0,0.0000,-8.68,-12.20,5.71,11.09,1,-0.2222,-1.932,0.971,24.00,1,30.8,-34.8,0.21875,331.8,109.5,-0.2228,-0.00263,OK
9.3122,9.3030,9.3,0,32.0,-34.6,0.2217,25.2,-44.2,0.1438,335.9,217.0,0.0000,350.6,147.9,-0.3116,374.6,67.1,0,0.0,0.0,0.0000,-9.05,-11.70,5.34,10.88,1,-0.2222,-1.932,0.971,26.00,1,32.5,-34.2,0.21832,299.3,82.9,-0.2274,-0.00265,OK
9.3210,9.3147,6.3,0,35.0,-33.6,0.2190,29.1,-41.7,0.1438,339.4,211.6,0.0000,352.1,145.8,-0.3009,375.4,65.8,0,0.0,0.0,0.0000,-8.74,-11.87,5.45,11.00,1,-0.2411,-0.520,2.079,25.00,1,35.1,-33.2,0.21633,285.3,60.8,-0.2399,-0.00265,OK
9.3289,9.3203,8.6,0,37.5,-32.2,0.2108,31.0,-40.5,0.1438,341.1,209.0,0.0000,352.7,142.0,-0.2678,374.7,65.1,0,0.0,0.0,0.0000,-8.97,-12.10,5.88,11.48,1,-0.2911,0.294,-0.637,24.00,1,37.4,-32.2,0.21358,332.6,66.9,-0.2879,-0.00259,OK
9.3368,9.3283,8.5,0,40.8,-30.3,0.2124,33.8,-38.8,0.1438,343.6,205.3,0.0000,349.7,136.1,-0.2742,370.5,59.3,0,0.0,0.0,0.0000,-9.43,-12.22,5.55,10.78,1,-0.3022,0.549,1.304,24.00,1,40.6,-30.5,0.21147,371.6,87.3,-0.3084,-0.00254,OK
9.3448,9.3369,7.9,0,43.7,-28.9,0.2173,36.7,-37.1,0.1438,345.8,201.4,0.0000,345.3,130.6,-0.2941,365.3,53.1,0,0.0,0.0,0.0000,-9.76,-11.94,5.83,10.66,1,-0.3411,-1.245,-0.461,26.00,1,43.6,-29.0,0.20997,382.0,81.8,-0.3433,-0.00257,OK
9.3523,9.3455,6.8,0,46.4,-28.3,0.2092,39.7,-35.4,0.1438,348.1,197.4,0.0000,340.9,127.3,-0.2615,359.9,53.8,0,0.0,0.0,0.0000,-9.88,-11.49,5.83,10.38,1,-0.3411,-1.245,-0.461,25.00,1,46.5,-28.1,0.20729,363.4,57.9,-0.3437,-0.00255,OK
9.3606,9.3537,6.9,0,48.8,-27.5,0.2132,42.6,-33.8,0.1438,350.1,193.7,0.0000,336.2,123.0,-0.2774,354.6,49.1,0,0.0,0.0,0.0000,-6.69,-11.32,6.07,10.58,1,-0.3411,-1.069,1.344,24.00,1,49.0,-27.3,0.20592,323.5,62.7,-0.2946,-0.00282,OK
9.3687,9.3620,6.7,0,51.9,-26.5,0.2059,45.5,-32.2,0.1438,352.1,189.8,0.0000,329.6,118.0,-0.2482,346.8,48.1,0,0.0,0.0,0.0000,-6.21,-11.02,6.84,10.55,1,-0.4044,-0.039,0.647,24.00,1,51.7,-26.4,0.20368,329.0,50.2,-0.3288,-0.00310,OK
9.3765,9.3707,5.8,0,55.3,-24.1,0.2006,48.6,-30.5,0.1438,354.3,185.5,0.0000,321.5,109.4,-0.2271,336.8,43.1,0,0.0,0.0,0.0000,-9.47,-11.77,6.34,10.42,1,-0.4400,1.971,0.804,25.00,1,55.1,-24.6,0.20025,395.6,69.2,-0.4311,-0.00313,OK
9.3852,9.3789,6.2,0,57.7,-22.6,0.2012,51.5,-29.0,0.1438,356.3,181.4,0.0000,316.7,103.2,-0.2295,330.9,37.8,0,0.0,0.0,0.0000,-10.28,-11.96,6.46,10.71,1,-0.4778,-1.216,0.922,25.00,1,57.9,-22.9,0.19720,388.4,86.8,-0.4681,-0.00319,OK
9.3930,9.3877,5.3,0,60.6,-22.0,0.1975,54.6,-27.5,0.1438,358.2,177.2,0.0000,310.0,100.0,-0.2146,323.6,37.2,0,0.0,0.0,0.0000,-10.28,-11.56,6.75,10.53,1,-0.4778,-1.216,0.922,25.00,1,60.7,-21.9,0.19378,366.2,62.8,-0.4624,-0.00325,OK
9.4001,9.3958,4.3,0,63.5,-21.1,0.1903,57.6,-26.0,0.1438,360.2,173.4,0.0000,303.1,96.3,-0.1861,315.9,37.2,0,0.0,0.0,0.0000,-10.93,-11.62,6.59,10.64,1,-0.4767,-2.756,-0.647,25.00,1,63.6,-21.0,0.18999,366.0,48.6,-0.4729,-0.00325,OK
9.4082,9.4046,3.6,0,66.1,-20.1,0.1748,60.7,-24.5,0.1438,362.3,169.4,0.0000,297.3,91.9,-0.1238,308.8,38.8,0,0.0,0.0,0.0000,-11.06,-11.31,6.32,10.59,1,-0.4422,1.638,1.079,24.00,1,66.3,-20.0,0.18422,338.4,53.7,-0.5059,-0.00310,OK
9.4169,9.4128,4.1,0,69.7,-19.2,0.1785,63.7,-23.2,0.1438,363.2,165.1,0.0000,288.7,88.0,-0.1387,299.7,35.3,0,0.0,0.0,0.0000,-10.91,-11.71,6.62,9.25,1,-0.4422,1.638,1.079,25.00,1,69.5,-19.2,0.18020,375.9,30.9,-0.4588,-0.00301,OK
9.4246,9.4212,3.4,0,72.5,-18.5,0.1747,66.8,-21.8,0.1438,363.2,160.3,0.0000,282.4,84.9,-0.1234,292.8,34.5,0,0.0,0.0,0.0000,-10.73,-12.49,7.22,6.92,1,-0.4022,2.363,1.667,25.00,1,72.4,-18.6,0.17633,344.9,1.8,-0.4309,-0.00287,OK
9.4329,9.4296,3.3,0,75.0,-18.3,0.1685,69.8,-20.5,0.1438,360.5,154.5,0.0000,276.5,82.9,-0.0988,286.5,35.4,0,0.0,0.0,0.0000,-10.70,-11.52,7.04,9.34,1,-0.3711,-1.677,-0.000,25.00,1,75.2,-18.1,0.17240,346.3,10.2,-0.4068,-0.00276,OK
9.4401,9.4296,10.6,0,75.0,-18.3,0.1685,69.8,-20.5,0.1438,360.5,154.5,0.0000,278.1,82.2,-0.0988,287.9,34.4,0,0.0,0.0,0.0000,-9.59,-11.61,6.96,9.80,1,-0.2722,-1.922,-0.118,24.00,1,76.0,-17.9,0.17180,352.5,33.5,-0.2773,-0.00271,OK
9.4487,9.4466,2.2,0,81.0,-16.5,0.1797,75.9,-18.0,0.1438,350.7,141.2,0.0000,262.0,75.9,-0.1436,271.4,27.8,0,0.0,0.0,0.0000,-8.37,-10.78,7.27,10.14,1,-0.1856,1.236,0.304,24.00,1,81.0,-16.5,0.17100,348.7,35.1,-0.0794,-0.00288,OK
9.4569,9.4466,10.4,0,81.0,-16.5,0.1797,75.9,-18.0,0.1438,350.7,141.2,0.0000,263.0,74.9,-0.1436,272.1,26.7,0,0.0,0.0,0.0000,-8.39,-10.21,7.29,10.64,1,-0.1856,1.236,0.304,25.00,1,81.8,-16.3,0.17048,346.2,34.4,-0.1704,-0.00296,OK
9.4648,9.4550,9.8,0,83.2,-15.1,0.1784,78.8,-16.8,0.1438,344.5,134.3,0.0000,257.3,69.6,-0.1384,265.6,22.8,0,0.0,0.0,0.0000,-9.33,-10.28,6.66,10.70,1,-0.1433,2.844,1.010,26.00,1,83.8,-15.0,0.17186,331.9,61.9,-0.1436,-0.00310,OK
9.4723,9.4637,8.7,0,86.1,-14.1,0.1692,81.8,-15.7,0.1438,337.7,127.6,0.0000,249.4,66.0,-0.1015,256.9,23.0,0,0.0,0.0,0.0000,-9.28,-10.55,6.64,10.49,1,-0.1356,0.255,0.912,25.00,1,86.3,-14.0,0.17036,334.1,64.9,-0.1391,-0.00302,OK
9.4806,9.4723,8.3,0,89.4,-13.7,0.1728,84.7,-14.6,0.1438,330.8,121.0,0.0000,239.6,63.8,-0.1159,247.0,21.6,0,0.0,0.0,0.0000,-10.08,-10.46,6.83,10.70,1,-0.1256,-2.226,-0.000,25.00,1,89.4,-13.5,0.17009,362.4,32.9,-0.1330,-0.00300,OK
9.4881,9.4804,7.8,0,92.1,-13.0,0.1580,87.3,-13.6,0.1438,324.3,115.4,0.0000,232.1,61.1,-0.0567,238.8,23.8,0,0.0,0.0,0.0000,-8.56,-9.22,6.99,10.32,1,-0.0644,0.137,2.520,25.00,1,92.1,-12.9,0.16788,337.6,20.6,-0.0625,-0.00291,OK
9.4965,9.4889,7.6,0,95.2,-12.6,0.1700,90.0,-12.7,0.1438,317.4,109.6,0.0000,222.8,58.8,-0.1049,229.6,20.3,0,0.0,0.0,0.0000,-8.45,-9.16,6.34,9.13,1,-0.0500,2.854,-1.677,25.00,1,95.1,-12.5,0.16771,329.9,9.3,-0.0593,-0.00284,OK
9.5042,9.4972,7.0,0,98.4,-12.2,0.1593,92.6,-11.8,0.1438,310.4,104.1,0.0000,213.4,56.8,-0.0621,219.7,22.2,0,0.0,0.0,0.0000,-7.40,-8.81,6.12,9.37,1,-0.0500,2.854,-1.677,25.00,1,98.2,-12.1,0.16617,338.9,5.3,-0.0502,-0.00277,OK
9.5125,9.5062,6.2,0,100.3,-11.5,0.1678,95.4,-10.9,0.1438,302.9,98.3,0.0000,207.6,53.6,-0.0958,213.7,18.1,0,0.0,0.0,0.0000,-8.33,-8.56,6.58,9.29,1,-0.0244,1.324,1.128,25.00,1,100.6,-11.6,0.16613,311.6,0.2,-0.0252,-0.00275,OK
9.5204,9.5147,5.7,0,103.1,-11.1,0.1663,97.9,-10.1,0.1438,295.7,92.9,0.0000,198.7,51.6,-0.0900,204.5,18.0,0,0.0,0.0,0.0000,-8.79,-8.58,6.85,9.27,1,-0.0211,-0.451,1.187,24.00,1,103.2,-11.1,0.16596,315.8,-4.2,-0.0271,-0.00269,OK
9.5280,9.5226,5.4,0,105.5,-9.6,0.1707,100.2,-9.3,0.1438,288.9,88.1,0.0000,190.8,46.0,-0.1076,195.9,12.9,0,0.0,0.0,0.0000,-8.67,-7.99,6.44,9.17,1,-0.0211,-0.451,1.187,25.00,1,105.5,-10.0,0.16649,308.5,40.6,-0.0181,-0.00267,OK
9.5368,9.5226,14.2,0,105.5,-9.6,0.1707,100.2,-9.3,0.1438,288.9,88.1,0.0000,189.9,45.5,-0.1076,194.8,12.5,0,0.0,0.0,0.0000,-8.32,-7.62,6.56,9.02,1,-0.0122,0.118,-0.324,25.00,1,107.3,-9.5,0.16639,300.8,25.0,-0.0143,-0.00264,OK
9.5445,9.5311,13.4,0,108.1,-9.1,0.1666,102.7,-8.6,0.1438,281.5,83.3,0.0000,180.8,43.4,-0.0912,185.5,12.8,0,0.0,0.0,0.0000,-7.66,-7.34,6.99,9.00,1,0.0033,1.108,0.785,25.00,1,109.7,-8.7,0.16644,300.4,27.3,0.0099,-0.00267,OK
9.5530,9.5311,21.9,0,108.1,-9.1,0.1666,102.7,-8.6,0.1438,281.5,83.3,0.0000,179.7,42.5,-0.0912,184.2,12.1,0,0.0,0.0,0.0000,-7.85,-6.72,6.44,8.60,1,0.0089,1.314,0.696,24.00,1,112.1,-8.1,0.16653,286.4,20.4,0.0107,-0.00267,OK
9.5603,9.5311,29.2,0,108.1,-9.1,0.1666,102.7,-8.6,0.1438,281.5,83.3,0.0000,178.4,41.6,-0.0912,182.8,11.5,0,0.0,0.0,0.0000,-6.57,-7.04,6.36,8.55,1,-0.0100,0.961,-0.785,25.00,1,114.1,-7.6,0.16658,276.5,33.8,0.0036,-0.00274,OK
9.5689,9.5311,37.8,0,108.1,-9.1,0.1666,102.7,-8.6,0.1438,281.5,83.3,0.0000,176.6,41.0,-0.0912,181.0,11.1,0,0.0,0.0,0.0000,-6.95,-7.14,6.47,8.39,1,-0.0100,0.961,-0.785,24.00,1,116.4,-6.9,0.16659,279.6,27.2,-0.0017,-0.00278,OK
9.5769,9.5533,23.6,0,112.5,-7.4,0.1636,108.7,-6.9,0.1438,261.8,71.6,0.0000,161.6,35.4,-0.0791,165.2,8.6,0,0.0,0.0,0.0000,-7.71,-6.93,5.42,7.87,1,-0.0300,1.000,0.843,25.00,1,116.0,-6.2,0.16549,217.2,38.8,-0.0366,-0.00265,OK
9.5845,9.5533,31.1,0,112.5,-7.4,0.1636,108.7,-6.9,0.1438,261.8,71.6,0.0000,159.3,34.8,-0.0791,162.9,8.4,0,0.0,0.0,0.0000,-7.28,-6.50,5.10,7.37,1,-0.0644,2.216,1.089,25.00,1,117.5,-5.7,0.16509,205.4,34.2,-0.0691,-0.00260,OK
9.5928,9.5533,39.5,0,112.5,-7.4,0.1636,108.7,-6.9,0.1438,261.8,71.6,0.0000,156.8,34.1,-0.0791,160.2,8.2,0,0.0,0.0,0.0000,-7.81,-6.18,5.40,6.81,1,-0.1156,1.079,0.461,25.00,1,119.2,-5.2,0.16429,206.6,14.5,-0.1208,-0.00254,OK
9.6004,9.5533,47.0,0,112.5,-7.4,0.1636,108.7,-6.9,0.1438,261.8,71.6,0.0000,154.6,33.4,-0.0791,157.9,7.8,0,0.0,0.0,0.0000,-7.47,-5.77,5.14,6.34,1,-0.1156,1.079,0.461,24.00,1,120.6,-4.9,0.16337,195.8,10.2,-0.1219,-0.00248,OK
9.6091,9.5533,55.7,0,112.5,-7.4,0.1636,108.7,-6.9,0.1438,261.8,71.6,0.0000,151.7,32.6,-0.0791,155.0,7.4,0,0.0,0.0,0.0000,-5.83,-6.22,5.14,6.50,1,-0.1122,-0.451,0.981,24.00,1,122.3,-4.4,0.16240,191.5,26.8,-0.1030,-0.00252,OK
9.6171,9.5533,63.7,0,112.5,-7.4,0.1636,108.7,-6.9,0.1438,261.8,71.6,0.0000,149.1,32.1,-0.0791,152.3,7.4,0,0.0,0.0,0.0000,-4.79,-5.51,5.08,6.30,1,-0.0911,1.020,0.500,25.00,1,123.7,-4.0,0.16174,174.1,27.6,-0.0644,-0.00270,OK
9.6247,9.5533,71.4,0,112.5,-7.4,0.1636,108.7,-6.9,0.1438,261.8,71.6,0.0000,146.2,31.6,-0.0791,149.4,7.3,0,0.0,0.0,0.0000,-5.93,-4.58,5.02,5.57,1,-0.0556,2.373,0.382,26.00,1,125.0,-3.7,0.16130,171.3,-0.6,-0.0511,-0.00271,OK
9.6326,9.5533,79.2,0,112.5,-7.4,0.1636,108.7,-6.9,0.1438,261.8,71.6,0.0000,143.1,31.0,-0.0791,146.2,7.2,0,0.0,0.0,0.0000,-6.18,-4.91,4.46,5.31,1,-0.0667,2.030,0.333,24.00,1,126.3,-3.5,0.16079,170.0,5.4,-0.0768,-0.00262,OK
9.6404,9.5533,87.1,0,112.5,-7.4,0.1636,108.7,-6.9,0.1438,261.8,71.6,0.0000,139.6,30.2,-0.0791,142.7,7.1,0,0.0,0.0,0.0000,-6.44,-4.48,4.96,5.15,1,-0.0667,2.030,0.333,25.00,1,127.6,-3.3,0.16019,172.8,-11.3,-0.0729,-0.00255,OK
9.6489,9.5533,95.5,0,112.5,-7.4,0.1636,108.7,-6.9,0.1438,261.8,71.6,0.0000,135.8,29.4,-0.0791,138.7,6.9,0,0.0,0.0,0.0000,-5.65,-4.09,4.57,5.06,1,-0.0544,0.961,0.490,25.00,1,129.0,-3.1,0.15967,160.3,-6.3,-0.0523,-0.00255,OK
9.6565,9.5533,103.2,0,112.5,-7.4,0.1636,108.7,-6.9,0.1438,261.8,71.6,0.0000,132.0,28.8,-0.0791,134.9,6.9,0,0.0,0.0,0.0000,-4.66,-3.77,4.35,4.50,1,-0.0478,1.118,-0.088,25.00,1,130.1,-3.0,0.15933,143.3,-3.6,-0.0378,-0.00260,OK
9.6642,9.5533,110.8,0,112.5,-7.4,0.1636,108.7,-6.9,0.1438,261.8,71.6,0.0000,128.2,28.4,-0.0791,131.1,7.1,0,0.0,0.0,0.0000,-4.42,-3.41,4.06,4.11,1,-0.0256,2.256,0.294,25.00,1,131.2,-2.9,0.15911,132.9,-5.8,-0.0207,-0.00262,OK
9.6734,9.5533,120.0,0,112.5,-7.4,0.1636,108.7,-6.9,0.1438,261.8,71.6,0.0000,123.3,27.9,-0.0791,126.2,7.4,0,0.0,0.0,0.0000,-4.19,-3.12,4.27,3.59,1,-0.0256,2.256,0.294,24.00,1,132.3,-2.8,0.15892,126.0,-14.5,-0.0201,-0.00264,OK
9.6807,9.5533,127.3,0,112.5,-7.4,0.1636,108.7,-6.9,0.1438,261.8,71.6,0.0000,119.4,27.4,-0.0791,122.2,7.6,0,0.0,0.0,0.0000,-4.69,-2.09,4.07,3.48,1,-0.0200,1.618,0.745,25.00,1,133.2,-2.8,0.15883,118.8,-31.8,-0.0087,-0.00270,OK
9.6881,9.6446,43.4,0,133.7,-5.4,0.1623,128.8,-2.2,0.1438,176.6,35.4,0.0000,104.6,26.0,-0.0738,107.4,8.7,0,0.0,0.0,0.0000,-3.86,-0.83,3.46,3.53,1,-0.0333,0.461,0.039,24.00,1,139.5,-6.0,0.16026,122.6,-59.6,0.0116,-0.00303,OK
9.6966,9.6446,51.9,0,133.7,-5.4,0.1623,128.8,-2.2,0.1438,176.6,35.4,0.0000,87.7,24.2,-0.0738,90.5,9.7,0,0.0,0.0,0.0000,-3.76,-0.40,3.34,3.11,1,-0.0556,0.539,-0.598,25.00,1,140.6,-6.3,0.16033,112.0,-64.8,-0.0011,-0.00331,OK
9.7041,9.6446,59.4,0,133.7,-5.4,0.1623,128.8,-2.2,0.1438,176.6,35.4,0.0000,72.8,22.6,-0.0738,75.5,10.5,0,0.0,0.0,0.0000,-3.66,-0.13,2.67,2.66,1,-0.1067,0.922,-0.059,26.00,1,141.4,-6.7,0.16011,97.7,-61.6,-0.0618,-0.00355,OK
9.7125,9.6446,67.9,0,133.7,-5.4,0.1623,128.8,-2.2,0.1438,176.6,35.4,0.0000,56.1,20.6,-0.0738,58.7,11.3,0,0.0,0.0,0.0000,-3.23,-0.05,2.49,2.96,1,-0.1067,0.922,-0.059,25.00,1,142.3,-7.0,0.15967,91.7,-54.8,-0.0490,-0.00382,OK
9.7211,9.6446,76.5,0,133.7,-5.4,0.1623,128.8,-2.2,0.1438,176.6,35.4,0.0000,38.9,18.5,-0.0738,41.4,11.9,0,0.0,0.0,0.0000,-3.17,-0.73,2.01,1.96,1,-0.1733,0.824,-0.186,25.00,1,143.1,-7.3,0.15891,86.6,-43.9,-0.1318,-0.00408,OK
9.7290,9.6446,84.4,0,133.7,-5.4,0.1623,128.8,-2.2,0.1438,176.6,35.4,0.0000,30.5,17.4,-0.0738,32.9,12.3,0,0.0,0.0,0.0000,-2.59,-2.90,2.11,1.61,1,-0.2189,0.716,-0.510,24.00,1,143.9,-7.4,0.15759,97.2,-18.6,-0.2062,-0.00413,OK
9.7368,9.6446,92.1,0,133.7,-5.4,0.1623,128.8,-2.2,0.1438,176.6,35.4,0.0000,21.7,16.2,-0.0738,24.0,12.5,0,0.0,0.0,0.0000,-2.71,-2.69,1.44,1.76,1,-0.2278,0.961,-0.127,24.00,1,144.6,-7.4,0.15594,92.5,-11.0,-0.2201,-0.00416,OK
9.7446,9.6446,100.0,0,133.7,-5.4,0.1623,128.8,-2.2,0.1438,176.6,35.4,0.0000,23.7,16.5,-0.0738,26.1,12.4,0,0.0,0.0,0.0000,-3.12,-2.63,0.94,1.15,1,-0.2467,1.089,-0.157,25.00,1,145.3,-7.4,0.15395,83.0,-13.6,-0.2760,-0.00393,OK
9.7528,9.6446,108.2,0,133.7,-5.4,0.1623,128.8,-2.2,0.1438,176.6,35.4,0.0000,25.5,16.8,-0.0738,27.9,12.4,0,0.0,0.0,0.0000,-2.25,-1.89,0.65,1.01,1,-0.2467,1.089,-0.157,25.00,1,145.9,-7.4,0.15185,65.9,-10.5,-0.2404,-0.00395,OK
9.7602,9.6446,115.6,0,133.7,-5.4,0.1623,128.8,-2.2,0.1438,176.6,35.4,0.0000,27.1,17.0,-0.0738,29.5,12.4,0,0.0,0.0,0.0000,-1.81,-2.10,0.30,0.65,1,-0.2711,1.098,-0.029,25.00,1,146.3,-7.4,0.14996,56.5,-3.4,-0.2681,-0.00394,OK
9.7692,9.6446,124.6,0,133.7,-5.4,0.1623,128.8,-2.2,0.1438,176.6,35.4,0.0000,28.6,17.2,-0.0738,31.0,12.4,0,0.0,0.0,0.0000,-1.72,-1.63,0.00,0.54,1,-0.3033,1.089,0.196,24.00,1,146.8,-7.4,0.14748,47.7,-4.0,-0.2836,-0.00404,OK
9.7771,9.6446,132.5,0,133.7,-5.4,0.1623,128.8,-2.2,0.1438,176.6,35.4,0.0000,29.9,17.4,-0.0738,32.3,12.4,0,0.0,0.0,0.0000,-1.58,-1.19,-0.63,0.16,1,-0.3033,1.089,0.196,25.00,1,147.1,-7.3,0.14520,32.9,-2.5,-0.2960,-0.00406,OK
9.7869,9.7592,27.6,0,145.9,-5.6,0.1422,142.6,0.3,0.1438,64.7,10.0,0.0000,10.4,18.0,0.0066,12.8,16.3,0,0.0,0.0,0.0000,-1.24,-1.44,-0.84,-0.57,1,-0.3400,1.196,-0.039,25.00,1,146.5,-5.3,0.13857,18.9,11.7,-0.3489,-0.00379,OK
9.7926,9.7592,33.4,0,145.9,-5.6,0.1422,142.6,0.3,0.1438,64.7,10.0,0.0000,-1.1,18.4,0.0066,1.5,18.4,0,0.0,0.0,0.0000,-1.08,-1.40,-0.84,-0.47,1,-0.3522,0.892,0.284,25.00,1,146.6,-5.2,0.13659,17.9,13.3,-0.3449,-0.00382,OK
9.8008,9.7930,7.8,0,146.1,-5.1,0.1313,144.3,0.5,0.1438,31.1,4.8,0.0000,-4.9,17.0,0.0502,-2.6,17.5,0,0.0,0.0,0.0000,-0.66,-0.79,-0.79,-0.68,1,-0.3322,0.539,0.353,25.00,1,146.1,-5.1,0.13310,-7.9,11.4,-0.3031,-0.00393,OK
9.8083,9.8015,6.8,0,146.1,-5.1,0.1278,144.5,0.6,0.1438,22.8,3.4,0.0000,-4.5,17.2,0.0642,-2.3,17.6,0,0.0,0.0,0.0000,-0.81,-1.00,-1.04,-0.97,1,-0.2911,0.304,0.314,24.00,1,146.1,-5.1,0.12981,-6.8,8.7,-0.3108,-0.00376,OK
9.8173,9.8100,7.3,0,146.2,-5.0,0.1193,144.6,0.6,0.1438,15.4,2.2,0.0000,-4.6,16.7,0.0981,-2.6,17.2,0,0.0,0.0,0.0000,-0.22,-0.99,-1.28,-0.89,1,-0.2911,0.304,0.314,25.00,1,146.1,-5.0,0.12548,-5.8,17.1,-0.2912,-0.00366,OK
9.8247,9.8184,6.3,0,146.0,-5.0,0.1230,144.7,0.6,0.1438,11.1,1.6,0.0000,-3.6,16.7,0.0833,-1.5,17.1,0,0.0,0.0,0.0000,0.05,-0.02,-1.17,-1.22,1,-0.2356,-0.020,0.137,25.00,1,146.0,-4.9,0.12331,-20.9,3.8,-0.2242,-0.00371,OK
9.8320,9.8273,4.7,0,145.8,-5.0,0.1245,144.8,0.6,0.1438,0.0,0.0,0.0000,-3.3,16.9,0.0771,-1.2,17.2,0,0.0,0.0,0.0000,0.13,-0.23,-1.00,-0.61,1,-0.1578,-0.108,0.167,24.00,1,145.8,-5.0,0.12233,-12.8,5.5,-0.1416,-0.00376,OK
9.8409,9.8353,5.6,0,145.7,-5.0,0.1202,144.8,0.6,0.1438,0.0,0.0,0.0000,-2.8,17.0,0.0943,-0.8,17.2,0,0.0,0.0,0.0000,0.30,0.17,-0.97,-0.81,1,-0.0689,0.069,0.235,25.00,1,145.7,-5.0,0.12133,-19.8,0.5,-0.0874,-0.00362,OK
9.8491,9.8437,5.4,0,145.6,-5.1,0.1240,144.8,0.6,0.1438,0.0,0.0,0.0000,-2.5,17.1,0.0793,-0.4,17.2,0,0.0,0.0,0.0000,1.19,0.39,-0.85,-0.74,1,-0.0689,0.069,0.235,24.00,1,145.6,-5.0,0.12151,-23.5,3.3,-0.0265,-0.00386,OK
9.8565,9.8521,4.4,0,145.5,-5.1,0.1148,144.8,0.6,0.1438,0.0,0.0,0.0000,-2.2,17.2,0.1160,-0.2,17.4,0,0.0,0.0,0.0000,1.22,1.03,-0.71,-0.62,1,0.0033,0.343,0.382,25.00,1,145.4,-5.1,0.12056,-20.9,-4.7,0.0134,-0.00404,OK
9.8643,9.8606,3.6,0,145.2,-5.1,0.1209,144.8,0.6,0.1438,0.0,0.0,0.0000,-1.4,17.2,0.0917,0.7,17.3,0,0.0,0.0,0.0000,1.16,0.37,-0.74,-0.37,1,0.0733,0.088,0.088,24.00,1,145.2,-5.1,0.12108,-20.0,4.2,0.0680,-0.00399,OK
9.8724,9.8693,3.2,0,145.0,-5.4,0.1217,144.8,0.6,0.1438,0.0,0.0,0.0000,-0.8,18.1,0.0886,1.4,18.1,0,0.0,0.0,0.0000,1.21,0.83,0.00,-0.61,1,0.1322,-0.127,0.284,25.00,1,145.0,-5.3,0.12214,-23.6,-19.7,0.1298,-0.00397,OK
9.8811,9.8693,11.8,0,145.0,-5.4,0.1217,144.8,0.6,0.1438,0.0,0.0,0.0000,-0.8,18.1,0.0886,1.4,18.1,0,0.0,0.0,0.0000,1.12,0.94,-0.88,-0.52,1,0.1822,-0.098,0.088,25.00,1,144.9,-5.4,0.12268,-28.2,-4.3,0.1433,-0.00366,OK
9.8887,9.8860,2.8,0,144.3,-5.3,0.1250,144.8,0.6,0.1438,0.0,0.0,0.0000,1.4,17.8,0.0752,3.7,17.5,0,0.0,0.0,0.0000,1.59,1.37,-0.52,-0.37,1,0.1822,-0.098,0.088,24.00,1,144.3,-5.4,0.12498,-44.6,3.7,0.1919,-0.00370,OK
9.8961,9.8860,10.1,0,144.3,-5.3,0.1250,144.8,0.6,0.1438,0.0,0.0,0.0000,1.4,17.8,0.0752,3.7,17.5,0,0.0,0.0,0.0000,1.37,1.37,0.34,-0.12,1,0.2522,-0.206,-0.098,25.00,1,144.3,-5.4,0.12561,-29.7,-8.3,0.2608,-0.00374,OK
9.9046,9.8945,10.2,0,144.1,-5.3,0.1306,144.8,0.6,0.1438,0.0,0.0,0.0000,2.0,17.7,0.0530,4.3,17.3,0,0.0,0.0,0.0000,1.78,1.13,0.11,0.00,1,0.3378,-0.451,-0.000,25.00,1,144.0,-5.3,0.12911,-30.8,7.8,0.3198,-0.00361,OK
9.9122,9.9029,9.3,0,144.1,-5.4,0.1331,144.8,0.6,0.1438,0.0,0.0,0.0000,2.0,18.0,0.0429,4.4,17.6,0,0.0,0.0,0.0000,2.11,1.33,0.16,0.48,1,0.3989,-0.382,-0.108,25.00,1,144.0,-5.3,0.13233,-20.8,8.3,0.3983,-0.00360,OK
9.9209,9.9121,8.8,0,143.9,-5.6,0.1293,144.8,0.6,0.1438,0.0,0.0,0.0000,2.7,18.7,0.0581,5.1,18.2,0,0.0,0.0,0.0000,2.09,1.41,0.15,0.40,1,0.4278,-0.471,0.147,25.00,1,143.8,-5.5,0.13416,-22.5,-3.8,0.4145,-0.00342,OK
9.9295,9.9282,1.3,0,143.3,-5.4,0.1357,144.8,0.6,0.1438,0.0,0.0,0.0000,4.3,18.2,0.0323,6.7,17.4,0,0.0,0.0,0.0000,1.89,1.63,0.58,0.40,1,0.4278,-0.471,0.147,24.00,1,143.4,-5.5,0.13960,-31.3,7.2,0.3569,-0.00335,OK
9.9371,9.9282,8.9,0,143.3,-5.4,0.1357,144.8,0.6,0.1438,0.0,0.0,0.0000,4.3,18.2,0.0323,6.7,17.4,0,0.0,0.0,0.0000,1.48,1.33,0.26,0.70,1,0.3856,-0.794,0.314,24.00,1,143.3,-5.5,0.14000,-19.8,3.8,0.3767,-0.00326,OK
9.9443,9.9366,7.7,0,143.3,-5.6,0.1401,144.8,0.6,0.1438,0.0,0.0,0.0000,4.4,18.6,0.0150,6.9,17.8,0,0.0,0.0,0.0000,1.29,1.20,0.52,0.64,1,0.3100,-0.785,0.118,24.00,1,143.3,-5.6,0.14219,-13.1,-3.1,0.3240,-0.00332,OK
9.9520,9.9453,6.7,0,143.2,-5.2,0.1472,144.8,0.6,0.1438,0.0,0.0,0.0000,4.5,17.5,-0.0137,7.0,16.7,0,0.0,0.0,0.0000,1.14,0.23,0.29,0.61,1,0.2300,-0.588,0.333,25.00,1,143.2,-5.3,0.14496,-2.2,17.4,0.2316,-0.00331,OK
9.9609,9.9535,7.3,0,143.4,-5.5,0.1440,144.8,0.6,0.1438,0.0,0.0,0.0000,4.0,18.3,-0.0006,6.6,17.5,0,0.0,0.0,0.0000,0.52,0.75,0.21,0.49,1,0.2300,-0.588,0.333,25.00,1,143.3,-5.4,0.14628,2.0,-2.7,0.2116,-0.00315,OK
9.9690,9.9620,7.0,0,142.8,-5.2,0.1480,144.8,0.6,0.1438,0.0,0.0,0.0000,6.0,17.5,-0.0169,8.5,16.4,0,0.0,0.0,0.0000,0.71,0.18,0.20,0.22,1,0.1467,-0.451,0.294,25.00,1,143.0,-5.3,0.14777,-15.9,11.1,0.1412,-0.00309,OK
9.9769,9.9705,6.4,0,143.1,-5.2,0.1493,144.8,0.6,0.1438,0.0,0.0,0.0000,5.1,17.5,-0.0217,7.6,16.5,0,0.0,0.0,0.0000,0.43,-0.11,0.33,0.44,1,0.0722,-0.382,0.167,24.00,1,143.0,-5.2,0.14878,0.1,9.0,0.0890,-0.00318,OK
9.9844,9.9705,13.9,0,143.1,-5.2,0.1493,144.8,0.6,0.1438,0.0,0.0,0.0000,5.1,17.5,-0.0217,7.6,16.5,0,0.0,0.0,0.0000,-0.29,0.06,0.55,0.49,1,0.0011,-0.206,0.108,24.00,1,143.0,-5.2,0.14909,7.0,-2.9,0.0306,-0.00335,OK
9.9923,9.9874,4.9,0,143.9,-5.4,0.1489,144.8,0.6,0.1438,0.0,0.0,0.0000,2.6,17.9,-0.0205,5.3,17.3,0,0.0,0.0,0.0000,-0.39,-0.30,-0.10,0.46,1,-0.0822,-0.167,-0.196,25.00,1,143.7,-5.3,0.14884,35.0,-5.7,-0.0561,-0.00350,OK
10.0007,9.9957,5.0,0,143.9,-5.4,0.1464,144.8,0.6,0.1438,0.0,0.0,0.0000,2.6,17.9,-0.0105,5.2,17.4,0,0.0,0.0,0.0000,-0.42,-0.60,-0.19,-0.15,1,-0.0822,-0.167,-0.196,25.00,1,143.9,-5.4,0.14775,21.5,-5.8,-0.1010,-0.00338,OK
10.0092,10.0043,4.9,0,144.0,-5.3,0.1473,144.8,0.6,0.1438,0.0,0.0,0.0000,2.3,17.7,-0.0140,4.9,17.2,0,0.0,0.0,0.0000,-0.34,-0.51,-0.12,-0.01,1,-0.1578,-0.147,-0.010,25.00,1,144.0,-5.3,0.14682,18.0,-1.9,-0.1263,-0.00355,OK
10.0165,10.0129,3.6,0,143.6,-5.0,0.1473,144.8,0.6,0.1438,0.0,0.0,0.0000,3.3,16.7,-0.0138,5.7,16.1,0,0.0,0.0,0.0000,0.37,-0.68,-0.26,-0.32,1,-0.2333,0.177,-0.010,25.00,1,143.8,-5.1,0.14584,-13.3,24.9,-0.1456,-0.00391,OK
10.0247,10.0212,3.5,0,143.9,-5.4,0.1434,144.8,0.6,0.1438,0.0,0.0,0.0000,2.5,18.0,0.0017,5.1,17.5,0,0.0,0.0,0.0000,-0.99,-1.21,-0.42,-0.45,1,-0.2967,0.010,0.127,25.00,1,143.9,-5.3,0.14343,9.9,-14.2,-0.2885,-0.00394,OK
10.0322,10.0212,11.0,0,143.9,-5.4,0.1434,144.8,0.6,0.1438,0.0,0.0,0.0000,2.5,18.0,0.0017,5.1,17.5,0,0.0,0.0,0.0000,-0.95,-0.97,-0.76,-0.42,1,-0.2967,0.010,0.127,25.00,1,143.9,-5.3,0.14256,5.5,-2.2,-0.2882,-0.00397,OK
10.0402,10.0296,10.6,0,144.0,-5.1,0.1403,144.8,0.6,0.1438,0.0,0.0,0.0000,2.2,17.3,0.0139,4.6,16.8,0,0.0,0.0,0.0000,-0.80,-0.86,-0.77,-0.41,1,-0.3256,0.029,0.118,25.00,1,144.0,-5.2,0.14001,6.6,2.3,-0.2948,-0.00412,OK
10.0491,10.0465,2.6,0,143.8,-5.0,0.1318,144.8,0.6,0.1438,0.0,0.0,0.0000,3.0,16.8,0.0481,5.1,16.2,0,0.0,0.0,0.0000,-0.68,-0.85,-1.03,-0.48,1,-0.3178,0.137,0.324,25.00,1,143.8,-5.0,0.13491,-12.3,14.3,-0.3395,-0.00420,OK
10.0567,10.0549,1.8,0,143.7,-4.7,0.1350,144.8,0.6,0.1438,0.0,0.0,0.0000,3.2,15.9,0.0351,5.3,15.3,0,0.0,0.0,0.0000,-0.81,-1.20,-0.96,-0.87,1,-0.2889,0.118,0.294,25.00,1,143.7,-4.8,0.13295,-8.7,25.8,-0.2714,-0.00407,OK
10.0642,10.0549,9.2,0,143.7,-4.7,0.1350,144.8,0.6,0.1438,0.0,0.0,0.0000,3.2,15.9,0.0351,5.3,15.3,0,0.0,0.0,0.0000,-1.01,-0.75,-0.82,-0.69,1,-0.2311,0.010,0.353,24.00,1,143.7,-4.8,0.13266,-5.7,10.6,-0.2560,-0.00390,OK
10.0726,10.0634,9.2,0,143.8,-4.8,0.1310,144.8,0.6,0.1438,0.0,0.0,0.0000,2.9,16.3,0.0512,5.0,15.8,0,0.0,0.0,0.0000,-0.61,-0.74,-0.90,-0.21,1,-0.2311,0.010,0.353,25.00,1,143.8,-4.8,0.13067,-0.5,12.6,-0.2224,-0.00393,OK
10.0809,10.0723,8.6,0,143.4,-4.4,0.1304,144.8,0.6,0.1438,0.0,0.0,0.0000,4.0,15.1,0.0538,5.9,14.5,0,0.0,0.0,0.0000,-0.39,-0.55,-0.47,-0.22,1,-0.1533,0.039,0.353,24.00,1,143.5,-4.5,0.12949,-11.6,19.8,-0.1478,-0.00395,OK
10.0883,10.0723,16.0,0,143.4,-4.4,0.1304,144.8,0.6,0.1438,0.0,0.0,0.0000,4.0,15.1,0.0538,5.9,14.5,0,0.0,0.0,0.0000,0.11,-0.06,0.34,-0.11,1,-0.0533,0.020,0.392,24.00,1,143.4,-4.4,0.12887,-12.1,11.1,-0.0231,-0.00412,OK
10.0964,10.0887,7.7,0,143.3,-4.9,0.1296,144.8,0.6,0.1438,0.0,0.0,0.0000,4.5,16.7,0.0567,6.6,16.0,0,0.0,0.0,0.0000,-0.08,0.21,-0.17,0.01,1,0.0578,-0.422,-0.020,25.00,1,143.3,-4.8,0.12907,-17.5,-8.3,0.0367,-0.00396,OK
10.1047,10.0972,7.5,0,143.4,-4.8,0.1308,144.8,0.6,0.1438,0.0,0.0,0.0000,4.1,16.4,0.0522,6.2,15.7,0,0.0,0.0,0.0000,0.01,0.04,0.27,0.15,1,0.0578,-0.422,-0.020,25.00,1,143.3,-4.9,0.12972,-4.3,-8.1,0.0537,-0.00392,OK
10.1124,10.1068,5.6,0,143.8,-4.4,0.1269,144.8,0.6,0.1438,0.0,0.0,0.0000,2.8,15.1,0.0676,4.7,14.6,0,0.0,0.0,0.0000,0.60,0.63,0.41,0.09,1,0.1656,-0.333,0.157,24.00,1,143.6,-4.6,0.13012,12.8,8.3,0.1532,-0.00385,OK
10.1209,10.1146,6.3,0,143.5,-4.8,0.1315,144.8,0.6,0.1438,0.0,0.0,0.0000,3.9,16.2,0.0493,6.0,15.6,0,0.0,0.0,0.0000,0.84,0.85,0.55,0.66,1,0.2422,-0.206,-0.000,24.00,1,143.5,-4.7,0.13184,-0.4,0.4,0.2539,-0.00391,OK
10.1290,10.1225,6.5,0,143.8,-4.8,0.1378,144.8,0.6,0.1438,0.0,0.0,0.0000,2.7,16.3,0.0241,4.9,15.8,0,0.0,0.0,0.0000,0.87,0.21,0.41,0.92,1,0.2756,-0.392,0.078,25.00,1,143.8,-4.8,0.13467,15.5,4.4,0.2663,-0.00382,OK
10.1364,10.1225,13.9,0,143.8,-4.8,0.1378,144.8,0.6,0.1438,0.0,0.0,0.0000,2.7,16.3,0.0241,4.9,15.8,0,0.0,0.0,0.0000,0.67,0.39,0.45,0.85,1,0.2744,-0.196,0.069,25.00,1,143.8,-4.7,0.13621,13.8,0.6,0.2582,-0.00368,OK
10.1449,10.1225,22.4,0,143.8,-4.8,0.1378,144.8,0.6,0.1438,0.0,0.0,0.0000,2.7,16.3,0.0241,4.9,15.8,0,0.0,0.0,0.0000,0.78,0.50,0.68,0.63,1,0.2744,-0.196,0.069,25.00,1,143.9,-4.7,0.13843,10.6,-3.5,0.2639,-0.00358,OK
10.1524,10.1225,29.9,0,143.8,-4.8,0.1378,144.8,0.6,0.1438,0.0,0.0,0.0000,2.7,16.3,0.0241,4.9,15.8,0,0.0,0.0,0.0000,0.67,0.48,0.83,0.90,1,0.2489,-0.049,0.108,25.00,1,144.0,-4.7,0.14040,14.8,-3.5,0.2585,-0.00362,OK
10.1602,10.1225,37.7,0,143.8,-4.8,0.1378,144.8,0.6,0.1438,0.0,0.0,0.0000,2.7,16.3,0.0241,4.9,15.8,0,0.0,0.0,0.0000,0.26,0.85,0.81,0.76,1,0.2022,-0.108,0.078,25.00,1,144.2,-4.8,0.14224,13.3,-12.8,0.2186,-0.00371,OK
10.1683,10.1225,45.8,0,143.8,-4.8,0.1378,144.8,0.6,0.1438,0.0,0.0,0.0000,2.7,16.3,0.0241,4.9,15.8,0,0.0,0.0,0.0000,0.49,0.24,0.81,0.87,1,0.1400,0.000,0.078,25.00,1,144.3,-4.8,0.14385,16.7,-3.1,0.1757,-0.00392,OK
10.1771,10.1225,54.6,0,143.8,-4.8,0.1378,144.8,0.6,0.1438,0.0,0.0,0.0000,2.7,16.3,0.0241,4.9,15.8,0,0.0,0.0,0.0000,-0.41,0.07,0.38,0.48,1,0.1400,0.000,0.078,25.00,1,144.4,-4.9,0.14506,18.5,-8.4,0.1028,-0.00365,OK
10.1848,10.1225,62.3,0,143.8,-4.8,0.1378,144.8,0.6,0.1438,0.0,0.0,0.0000,2.7,16.3,0.0241,4.9,15.8,0,0.0,0.0,0.0000,0.12,-0.07,0.07,0.37,1,0.0667,0.039,0.177,24.00,1,144.6,-4.9,0.14570,11.0,0.7,0.0626,-0.00360,OK
10.1930,10.1535,39.6,0,144.1,-4.9,0.1407,144.8,0.6,0.1438,0.0,0.0,0.0000,1.9,16.5,0.0123,4.2,16.0,0,0.0,0.0,0.0000,0.02,0.20,-0.21,0.00,1,-0.0167,0.137,0.226,24.00,1,144.5,-5.0,0.14515,2.0,-5.0,-0.0065,-0.00361,OK
10.2006,10.1535,47.1,0,144.1,-4.9,0.1407,144.8,0.6,0.1438,0.0,0.0,0.0000,1.9,16.5,0.0123,4.2,16.0,0,0.0,0.0,0.0000,0.22,0.19,-0.30,0.03,1,-0.0989,0.010,0.294,25.00,1,144.5,-5.0,0.14496,-0.4,-2.0,-0.0482,-0.00390,OK
10.2081,10.1535,54.6,0,144.1,-4.9,0.1407,144.8,0.6,0.1438,0.0,0.0,0.0000,1.9,16.5,0.0123,4.2,16.0,0,0.0,0.0,0.0000,-0.39,-0.69,-0.28,-0.60,1,-0.1589,-0.088,0.147,25.00,1,144.6,-5.1,0.14415,6.2,-4.9,-0.1651,-0.00384,OK
10.2165,10.1535,63.0,0,144.1,-4.9,0.1407,144.8,0.6,0.1438,0.0,0.0,0.0000,1.9,16.5,0.0123,4.2,16.0,0,0.0,0.0,0.0000,-0.32,-0.63,-0.64,-0.64,1,-0.1589,-0.088,0.147,25.00,1,144.6,-5.1,0.14272,1.5,-0.6,-0.1737,-0.00372,OK
10.2251,10.1535,71.6,0,144.1,-4.9,0.1407,144.8,0.6,0.1438,0.0,0.0,0.0000,1.9,16.5,0.0123,4.2,16.0,0,0.0,0.0,0.0000,-0.19,-0.58,-0.16,-0.45,1,-0.1833,-0.020,0.098,24.00,1,144.6,-5.1,0.14131,5.2,-3.7,-0.1577,-0.00386,OK
10.2331,10.1535,79.6,0,144.1,-4.9,0.1407,144.8,0.6,0.1438,0.0,0.0,0.0000,1.9,16.5,0.0123,4.2,16.0,0,0.0,0.0,0.0000,-0.38,-0.16,-0.28,-0.35,1,-0.1744,-0.226,0.049,24.00,1,144.7,-5.1,0.14010,3.1,-7.4,-0.1462,-0.00400,OK
10.2409,10.1535,87.4,0,144.1,-4.9,0.1407,144.8,0.6,0.1438,0.0,0.0,0.0000,1.9,16.5,0.0123,4.2,16.0,0,0.0,0.0,0.0000,-0.28,0.22,-0.28,-0.36,1,-0.1522,-0.147,0.059,24.00,1,144.7,-5.2,0.13909,-1.4,-10.1,-0.1163,-0.00420,OK
10.2486,10.1535,95.1,0,144.1,-4.9,0.1407,144.8,0.6,0.1438,0.0,0.0,0.0000,1.9,16.5,0.0123,4.2,16.0,0,0.0,0.0,0.0000,-0.08,-0.50,-0.41,-0.25,1,-0.1156,-0.196,0.118,25.00,1,144.7,-5.2,0.13822,2.6,2.8,-0.1096,-0.00421,OK
10.2562,10.1535,102.7,0,144.1,-4.9,0.1407,144.8,0.6,0.1438,0.0,0.0,0.0000,1.9,16.5,0.0123,4.2,16.0,0,0.0,0.0,0.0000,0.00,-0.28,-0.69,-0.32,1,-0.1156,-0.196,0.118,25.00,1,144.7,-5.2,0.13739,-3.0,4.2,-0.1104,-0.00422,OK
10.2649,10.1535,111.4,0,144.1,-4.9,0.1407,144.8,0.6,0.1438,0.0,0.0,0.0000,1.9,16.5,0.0123,4.2,16.0,0,0.0,0.0,0.0000,-0.19,0.03,-0.21,-0.37,1,-0.0711,-0.186,0.255,25.00,1,144.7,-5.2,0.13660,-1.0,-6.5,-0.0694,-0.00420,OK
10.2728,10.1535,119.3,0,144.1,-4.9,0.1407,144.8,0.6,0.1438,0.0,0.0,0.0000,1.9,16.5,0.0123,4.2,16.0,0,0.0,0.0,0.0000,-0.11,-0.09,-0.21,-0.04,1,-0.0222,-0.127,0.127,24.00,1,144.7,-5.2,0.13622,2.3,-0.7,-0.0271,-0.00415,OK
10.2808,10.1535,127.3,0,144.1,-4.9,0.1407,144.8,0.6,0.1438,0.0,0.0,0.0000,1.9,16.5,0.0123,4.2,16.0,0,0.0,0.0,0.0000,-0.18,-0.13,0.16,-0.05,1,0.0211,-0.137,0.226,25.00,1,144.7,-5.3,0.13612,5.8,-4.8,0.0050,-0.00402,OK
10.2881,10.2499,38.2,0,143.4,-4.6,0.1382,144.8,0.6,0.1438,0.0,0.0,0.0000,3.9,15.5,0.0226,6.0,14.9,0,0.0,0.0,0.0000,-0.05,-0.10,-0.17,0.02,1,0.0211,-0.137,0.226,25.00,1,143.2,-4.5,0.13677,-6.6,7.0,0.0049,-0.00392,OK
10.2964,10.2916,4.9,0,143.4,-4.3,0.1380,144.8,0.6,0.1438,0.0,0.0,0.0000,4.2,14.9,0.0233,6.2,14.2,0,0.0,0.0,0.0000,0.13,0.00,-0.06,0.06,1,0.0533,-0.010,0.127,26.00,1,143.4,-4.3,0.13741,-0.4,7.2,0.0434,-0.00383,OK
10.3050,10.3000,5.0,0,144.0,-4.6,0.1393,144.8,0.6,0.1438,0.0,0.0,0.0000,2.3,15.7,0.0179,4.5,15.2,0,0.0,0.0,0.0000,0.17,-0.17,0.14,0.44,1,0.0722,-0.108,0.127,25.00,1,143.8,-4.5,0.13837,28.1,-7.8,0.0748,-0.00380,OK
10.3127,10.3085,4.2,0,143.3,-3.9,0.1472,144.8,0.6,0.1438,0.0,0.0,0.0000,4.5,13.7,-0.0136,6.4,12.9,0,0.0,0.0,0.0000,0.00,0.03,-0.06,0.42,1,0.0711,-0.059,0.098,24.00,1,143.5,-4.1,0.14109,-13.7,31.9,0.1150,-0.00380,OK
10.3203,10.3171,3.3,0,144.1,-4.7,0.1411,144.8,0.6,0.1438,0.0,0.0,0.0000,1.9,16.0,0.0108,4.1,15.6,0,0.0,0.0,0.0000,-0.18,0.00,0.46,0.35,1,0.0711,-0.059,0.098,24.00,1,143.9,-4.5,0.14153,35.9,-37.1,0.0610,-0.00374,OK
10.3289,10.3253,3.6,0,143.9,-4.5,0.1441,144.8,0.6,0.1438,0.0,0.0,0.0000,2.6,15.3,-0.0012,4.8,14.8,0,0.0,0.0,0.0000,0.12,0.22,0.05,0.17,1,0.0556,-0.098,0.137,25.00,1,143.9,-4.5,0.14248,3.1,-4.5,0.0744,-0.00374,OK
10.3363,10.3337,2.6,0,144.0,-4.7,0.1416,144.8,0.6,0.1438,0.0,0.0,0.0000,2.2,15.9,0.0089,4.4,15.4,0,0.0,0.0,0.0000,0.20,0.08,-0.12,0.06,1,0.0333,-0.108,0.108,25.00,1,144.0,-4.6,0.14247,6.8,-13.1,0.0176,-0.00370,OK
10.3448,10.3423,2.5,0,143.8,-4.8,0.1421,144.8,0.6,0.1438,0.0,0.0,0.0000,2.7,16.4,0.0068,5.0,15.8,0,0.0,0.0,0.0000,-0.05,0.25,0.06,0.00,1,0.0056,-0.137,0.177,25.00,1,143.9,-4.8,0.14247,-11.1,-17.4,0.0071,-0.00372,OK
10.3526,10.3423,10.3,0,143.8,-4.8,0.1421,144.8,0.6,0.1438,0.0,0.0,0.0000,2.7,16.4,0.0068,5.0,15.8,0,0.0,0.0,0.0000,0.02,0.19,-0.01,0.18,1,0.0056,-0.137,0.177,24.00,1,143.9,-4.8,0.14253,-1.0,-11.6,0.0198,-0.00379,OK
10.3608,10.3507,10.1,0,144.0,-4.5,0.1417,144.8,0.6,0.1438,0.0,0.0,0.0000,2.2,15.2,0.0085,4.3,14.8,0,0.0,0.0,0.0000,0.03,0.03,-0.05,-0.01,1,-0.0178,-0.137,0.088,24.00,1,144.0,-4.5,0.14226,4.0,5.3,-0.0078,-0.00382,OK
10.3683,10.3594,8.9,0,143.6,-4.3,0.1409,144.8,0.6,0.1438,0.0,0.0,0.0000,3.5,14.9,0.0116,5.5,14.2,0,0.0,0.0,0.0000,-0.05,-0.36,0.16,-0.15,1,-0.0367,-0.088,0.157,25.00,1,143.7,-4.4,0.14171,-9.5,13.5,-0.0350,-0.00379,OK
10.3765,10.3677,8.8,0,143.5,-4.7,0.1406,144.8,0.6,0.1438,0.0,0.0,0.0000,3.9,15.9,0.0130,6.1,15.2,0,0.0,0.0,0.0000,-0.04,-0.15,0.10,-0.06,1,-0.0467,-0.127,0.088,26.00,1,143.5,-4.6,0.14116,-17.8,-2.9,-0.0324,-0.00384,OK
10.3848,10.3761,8.7,0,143.7,-4.7,0.1410,144.8,0.6,0.1438,0.0,0.0,0.0000,3.0,15.9,0.0113,5.2,15.3,0,0.0,0.0,0.0000,-0.20,-0.15,-0.09,-0.10,1,-0.0456,-0.098,0.137,25.00,1,143.6,-4.7,0.14088,-1.7,-6.7,-0.0454,-0.00382,OK
10.3920,10.3761,15.9,0,143.7,-4.7,0.1410,144.8,0.6,0.1438,0.0,0.0,0.0000,3.0,15.9,0.0113,5.2,15.3,0,0.0,0.0,0.0000,0.08,0.00,0.00,-0.05,1,-0.0456,-0.098,0.137,25.00,1,143.6,-4.7,0.14063,-4.1,-5.7,-0.0233,-0.00393,OK
10.4003,10.3934,6.9,0,143.7,-4.3,0.1416,144.8,0.6,0.1438,0.0,0.0,0.0000,3.1,14.8,0.0089,5.1,14.2,0,0.0,0.0,0.0000,0.17,0.08,-0.15,0.32,1,-0.0367,-0.088,0.137,24.00,1,143.7,-4.5,0.14076,0.3,0.8,0.0006,-0.00414,OK
10.4089,10.4014,7.6,0,144.0,-4.1,0.1379,144.8,0.6,0.1438,0.0,0.0,0.0000,2.2,14.1,0.0237,4.1,13.7,0,0.0,0.0,0.0000,-0.23,-0.05,-0.09,0.06,1,-0.0222,-0.137,0.196,24.00,1,143.9,-4.3,0.14012,0.2,0.1,-0.0028,-0.00422,OK
10.4164,10.4098,6.6,0,143.9,-4.8,0.1394,144.8,0.6,0.1438,0.0,0.0,0.0000,2.4,16.1,0.0177,4.6,15.6,0,0.0,0.0,0.0000,-0.07,-0.49,-0.11,-0.10,1,-0.0111,-0.098,0.078,27.00,1,143.9,-4.5,0.13994,0.0,-2.5,-0.0043,-0.00423,OK
10.4240,10.4183,5.7,0,144.3,-4.7,0.1413,144.8,0.6,0.1438,0.0,0.0,0.0000,1.5,15.9,0.0102,3.7,15.5,0,0.0,0.0,0.0000,0.08,-0.23,-0.07,-0.02,1,0.0044,-0.078,0.186,25.00,1,144.1,-4.6,0.14022,4.4,-3.2,0.0036,-0.00418,OK
10.4327,10.4268,5.9,0,144.0,-4.3,0.1394,144.8,0.6,0.1438,0.0,0.0,0.0000,2.4,14.6,0.0176,4.4,14.2,0,0.0,0.0,0.0000,0.06,0.25,-0.13,0.00,1,0.0044,-0.078,0.186,25.00,1,144.0,-4.4,0.14005,-0.7,3.7,-0.0006,-0.00414,OK
10.4411,10.4352,5.9,0,144.1,-4.4,0.1415,144.8,0.6,0.1438,0.0,0.0,0.0000,1.8,14.9,0.0094,3.9,14.5,0,0.0,0.0,0.0000,0.29,0.25,0.29,0.13,1,0.0156,-0.118,0.108,25.00,1,144.1,-4.4,0.14039,1.6,0.6,0.0087,-0.00406,OK
10.4488,10.4437,5.1,0,144.2,-4.6,0.1434,144.8,0.6,0.1438,0.0,0.0,0.0000,1.7,15.5,0.0017,3.9,15.1,0,0.0,0.0,0.0000,-0.46,0.18,0.43,-0.18,1,0.0178,-0.167,0.157,24.00,1,144.1,-4.5,0.14107,2.0,-4.0,0.0140,-0.00394,OK
10.4566,10.4521,4.5,0,143.5,-3.9,0.1448,144.8,0.6,0.1438,0.0,0.0,0.0000,3.9,13.6,-0.0038,5.8,12.9,0,0.0,0.0,0.0000,0.43,-0.25,-0.02,-0.07,1,0.0178,-0.049,0.049,24.00,1,143.8,-4.2,0.14192,-19.9,20.6,0.0274,-0.00383,OK
10.4641,10.4606,3.5,0,143.6,-4.4,0.1431,144.8,0.6,0.1438,0.0,0.0,0.0000,3.4,15.0,0.0030,5.6,14.4,0,0.0,0.0,0.0000,0.16,-0.01,-0.28,0.20,1,0.0178,-0.049,0.049,25.00,1,143.7,-4.3,0.14219,-12.0,-8.0,0.0144,-0.00372,OK
10.4722,10.4690,3.2,0,144.1,-4.1,0.1431,144.8,0.6,0.1438,0.0,0.0,0.0000,1.9,14.2,0.0028,3.9,13.8,0,0.0,0.0,0.0000,0.33,-0.07,0.23,0.03,1,0.0156,-0.157,0.157,25.00,1,143.9,-4.2,0.14243,25.3,6.5,0.0150,-0.00363,OK
10.4806,10.4787,2.0,0,144.1,-4.0,0.1449,144.8,0.6,0.1438,0.0,0.0,0.0000,1.8,13.8,-0.0045,3.8,13.4,0,0.0,0.0,0.0000,-0.16,0.06,-0.15,0.26,1,0.0056,-0.108,0.078,25.00,1,144.1,-4.1,0.14311,20.1,15.5,0.0495,-0.00358,OK
10.4887,10.4859,2.8,0,143.9,-4.7,0.1449,144.8,0.6,0.1438,0.0,0.0,0.0000,2.6,15.9,-0.0044,4.9,15.4,0,0.0,0.0,0.0000,-0.19,0.04,0.08,0.15,1,-0.0044,-0.078,0.137,24.00,1,144.0,-4.4,0.14349,-15.4,-37.5,0.0280,-0.00359,OK
10.4960,10.4859,10.1,0,143.9,-4.7,0.1449,144.8,0.6,0.1438,0.0,0.0,0.0000,2.6,15.9,-0.0044,4.9,15.4,0,0.0,0.0,0.0000,0.04,-0.11,0.00,0.20,1,-0.0100,-0.118,0.108,24.00,1,144.0,-4.4,0.14346,-0.0,0.0,0.0003,-0.00363,OK
10.5049,10.4944,10.6,0,143.8,-4.2,0.1464,144.8,0.6,0.1438,0.0,0.0,0.0000,2.8,14.4,-0.0102,4.9,13.9,0,0.0,0.0,0.0000,-0.36,-0.01,0.00,-0.01,1,-0.0100,-0.118,0.108,25.00,1,143.9,-4.2,0.14458,-0.0,-0.0,-0.0022,-0.00366,OK
10.5130,10.5028,10.3,0,144.2,-4.7,0.1432,144.8,0.6,0.1438,0.0,0.0,0.0000,1.6,15.9,0.0024,3.8,15.5,0,0.0,0.0,0.0000,-0.09,0.09,-0.02,-0.18,1,-0.0178,-0.078,0.137,25.00,1,144.1,-4.5,0.14408,-0.0,-0.0,-0.0020,-0.00373,OK
10.5212,10.5114,9.7,0,144.2,-4.5,0.1429,144.8,0.6,0.1438,0.0,0.0,0.0000,1.7,15.3,0.0037,3.9,14.9,0,0.0,0.0,0.0000,0.02,-0.14,-0.14,0.10,1,-0.0178,-0.127,0.108,26.00,1,144.1,-4.5,0.14367,0.0,0.0,-0.0014,-0.00380,OK
10.5289,10.5200,8.9,0,144.0,-4.2,0.1458,144.8,0.6,0.1438,0.0,0.0,0.0000,2.3,14.5,-0.0081,4.4,14.0,0,0.0,0.0,0.0000,0.20,-0.07,0.04,0.52,1,-0.0167,-0.098,0.167,25.00,1,144.0,-4.3,0.14438,0.0,0.0,0.0026,-0.00389,OK
10.5366,10.5283,8.3,0,143.7,-4.6,0.1430,144.8,0.6,0.1438,0.0,0.0,0.0000,3.2,15.6,0.0034,5.4,15.0,0,0.0,0.0,0.0000,0.30,0.23,-0.08,-0.12,1,-0.0167,-0.137,0.137,24.00,1,143.8,-4.5,0.14394,-0.0,-0.0,0.0006,-0.00396,OK
10.5446,10.5368,7.8,0,143.5,-4.1,0.1448,144.8,0.6,0.1438,0.0,0.0,0.0000,3.7,14.0,-0.0039,5.7,13.3,0,0.0,0.0,0.0000,0.21,-0.07,0.13,-0.09,1,-0.0167,-0.137,0.137,24.00,1,143.7,-4.3,0.14410,-0.0,0.1,-0.0000,-0.00403,OK
10.5524,10.5368,15.6,0,143.5,-4.1,0.1448,144.8,0.6,0.1438,0.0,0.0,0.0000,3.7,14.0,-0.0039,5.7,13.3,0,0.0,0.0,0.0000,-0.25,-0.02,-0.43,0.01,1,-0.0178,-0.147,0.098,24.00,1,143.7,-4.3,0.14409,0.0,0.0,-0.0037,-0.00409,OK
10.5602,10.5494,10.8,0,144.0,-4.3,0.1400,144.8,0.6,0.1438,0.0,0.0,0.0000,2.3,14.6,0.0151,4.4,14.2,0,0.0,0.0,0.0000,0.10,-0.50,-0.12,0.24,1,-0.0133,-0.098,0.167,24.00,1,143.9,-4.3,0.14252,0.0,0.0,-0.0013,-0.00413,OK
10.5689,10.5589,9.9,0,144.2,-4.4,0.1445,144.8,0.6,0.1438,0.0,0.0,0.0000,1.8,15.1,-0.0028,4.0,14.7,0,0.0,0.0,0.0000,-0.29,0.02,0.39,0.00,1,-0.0133,-0.098,0.167,25.00,1,144.1,-4.4,0.14325,0.0,-0.0,-0.0005,-0.00418,OK
10.5770,10.5676,9.4,0,144.1,-4.5,0.1377,144.8,0.6,0.1438,0.0,0.0,0.0000,2.1,15.4,0.0246,4.2,14.9,0,0.0,0.0,0.0000,-0.29,0.07,0.00,0.22,1,-0.0100,-0.127,0.127,25.00,1,144.1,-4.5,0.14130,-0.0,0.0,-0.0006,-0.00420,OK
10.5851,10.5776,7.4,0,144.2,-4.1,0.1411,144.8,0.6,0.1438,0.0,0.0,0.0000,1.7,14.3,0.0109,3.7,13.9,0,0.0,0.0,0.0000,0.20,-0.05,0.08,0.03,1,-0.0056,-0.088,0.098,25.00,1,144.1,-4.3,0.14126,0.2,0.3,0.0011,-0.00422,OK
10.5926,10.5776,14.9,0,144.2,-4.1,0.1411,144.8,0.6,0.1438,0.0,0.0,0.0000,1.7,14.3,0.0109,3.7,13.9,0,0.0,0.0,0.0000,-0.23,0.02,-0.18,0.24,1,-0.0056,-0.137,0.167,24.00,1,144.1,-4.3,0.14126,0.0,0.0,-0.0006,-0.00422,OK
10.6005,10.5875,12.9,0,143.9,-4.1,0.1417,144.8,0.6,0.1438,0.0,0.0,0.0000,2.4,14.2,0.0083,4.4,13.7,0,0.0,0.0,0.0000,0.02,-0.33,0.26,0.00,1,-0.0056,-0.127,0.137,24.00,1,144.0,-4.2,0.14143,0.0,-0.0,-0.0003,-0.00423,OK
10.6088,10.5994,9.4,0,144.1,-3.9,0.1478,144.8,0.6,0.1438,0.0,0.0,0.0000,1.9,13.6,-0.0159,3.9,13.2,0,0.0,0.0,0.0000,0.17,0.38,-0.16,0.22,1,-0.0056,-0.127,0.137,25.00,1,144.1,-4.0,0.14386,-0.0,0.0,0.0028,-0.00427,OK
10.6171,10.6081,9.0,0,143.9,-4.0,0.1453,144.8,0.6,0.1438,0.0,0.0,0.0000,2.5,13.9,-0.0058,4.4,13.3,0,0.0,0.0,0.0000,0.10,0.01,-0.12,-0.17,1,-0.0044,-0.088,0.147,24.00,1,144.0,-4.0,0.14436,-0.0,0.0,-0.0007,-0.00427,OK
