t_s,tv_s,vision_age_ms,held,pose_x_mm,pose_y_mm,pose_theta_rad,ref_x_mm,ref_y_mm,ref_theta_rad,ref_vx_mm_s,ref_vy_mm_s,ref_omega_rad_s,cmd_world_vx_mm_s,cmd_world_vy_mm_s,cmd_omega_rad_s,cmd_body_vx_mm_s,cmd_body_vy_mm_s,near_goal,pred_x_mm,pred_y_mm,pred_theta_rad,wheel_fl_rad_s,wheel_bl_rad_s,wheel_br_rad_s,wheel_fr_rad_s,imu_valid,imu_yaw_rate_rad_s,imu_accel_x_m_s2,imu_accel_y_m_s2,battery_v,est_valid,est_x_mm,est_y_mm,est_theta_rad,est_vx_mm_s,est_vy_mm_s,est_omega_rad_s,est_gyro_bias_rad_s,est_health
-0.2978,-0.3324,34.6,0,147.3,0.8,0.1226,147.3,0.8,0.1226,0.0,0.0,0.0000,0.0,0.0,0.0000,0.0,0.0,0,0.0,0.0,0.0000,0.00,-0.16,0.13,-2.56,1,-0.0067,-0.098,0.137,24.00,1,147.3,0.8,0.12262,0.0,0.0,-0.0067,-0.00000,OK
-0.2894,-0.3324,43.0,0,147.3,0.8,0.1226,147.3,0.8,0.1226,0.0,0.0,0.0000,0.0,0.0,0.0000,0.0,0.0,0,0.0,0.0,0.0000,0.37,0.12,0.11,0.05,1,-0.0067,-0.098,0.137,25.00,1,147.3,0.8,0.12305,-3.1,2.0,0.0545,-0.05384,OK
-0.2819,-0.3324,50.5,0,147.3,0.8,0.1226,147.3,0.8,0.1226,0.0,0.0,0.0000,0.0,0.0,0.0000,0.0,0.0,0,0.0,0.0,0.0000,-0.03,0.49,-0.10,0.06,1,-0.0067,-0.127,0.147,25.00,1,147.3,0.8,0.12337,-4.0,-4.1,0.0403,-0.04938,OK
-0.2732,-0.3324,59.2,0,147.3,0.8,0.1226,147.3,0.8,0.1226,0.0,0.0,0.0000,0.0,0.0,0.0000,0.0,0.0,0,0.0,0.0,0.0000,0.37,-0.47,0.29,-0.12,1,-0.0078,-0.127,0.147,25.00,1,147.3,0.8,0.12355,1.8,4.9,0.0262,-0.04149,OK
-0.2654,-0.3324,67.0,0,147.3,0.8,0.1226,147.3,0.8,0.1226,0.0,0.0,0.0000,0.0,0.0,0.0000,0.0,0.0,0,0.0,0.0,0.0000,0.44,-0.41,0.30,-0.06,1,-0.0067,-0.137,0.137,24.00,1,147.3,0.8,0.12376,1.3,5.4,0.0329,-0.04066,OK
-0.2574,-0.3324,75.0,0,147.3,0.8,0.1226,147.3,0.8,0.1226,0.0,0.0,0.0000,0.0,0.0,0.0000,0.0,0.0,0,0.0,0.0,0.0000,0.49,0.23,0.15,0.01,1,-0.0067,-0.127,0.147,25.00,1,147.2,0.9,0.12440,-5.3,1.0,0.0615,-0.05119,OK
-0.2497,-0.3324,82.7,0,147.3,0.8,0.1226,147.3,0.8,0.1226,0.0,0.0,0.0000,0.0,0.0,0.0000,0.0,0.0,0,0.0,0.0,0.0000,-0.24,0.23,-0.02,-0.27,1,-0.0067,-0.127,0.147,25.00,1,147.2,0.8,0.12426,-2.3,-7.4,0.0034,-0.03765,OK
-0.2417,-0.3324,90.7,0,147.3,0.8,0.1226,147.3,0.8,0.1226,0.0,0.0,0.0000,0.0,0.0,0.0000,0.0,0.0,0,0.0,0.0,0.0000,-0.13,0.36,-0.30,0.12,1,-0.0067,-0.137,0.137,26.00,1,147.2,0.8,0.12422,-3.0,-0.6,0.0186,-0.03400,OK
-0.2329,-0.3324,99.5,0,147.3,0.8,0.1226,147.3,0.8,0.1226,0.0,0.0,0.0000,0.0,0.0,0.0000,0.0,0.0,0,0.0,0.0,0.0000,-0.45,-0.14,-0.13,-0.27,1,-0.0067,-0.137,0.147,25.00,1,147.2,0.7,0.12352,1.9,-4.1,-0.0349,-0.01797,OK
-0.2256,-0.2302,4.5,0,147.3,1.0,0.1203,147.3,0.8,0.1226,0.0,0.0,0.0000,0.1,-0.6,0.0094,0.0,-0.6,0,0.0,0.0,0.0000,-0.33,-0.30,-0.05,0.24,1,-0.0056,-0.078,0.127,24.00,1,147.3,1.0,0.12153,0.4,0.3,-0.0072,-0.01401,OK
-0.2171,-0.2302,13.1,0,147.3,1.0,0.1203,147.3,0.8,0.1226,0.0,0.0,0.0000,0.1,-0.6,0.0094,0.0,-0.6,0,0.0,0.0,0.0000,0.13,-0.22,0.07,0.11,1,-0.0056,-0.078,0.127,24.00,1,147.3,1.0,0.12150,-0.0,0.0,0.0010,-0.01257,OK
-0.2099,-0.2302,20.3,0,147.3,1.0,0.1203,147.3,0.8,0.1226,0.0,0.0,0.0000,0.1,-0.6,0.0094,0.0,-0.6,0,0.0,0.0,0.0000,-0.08,0.29,-0.24,-0.02,1,0.0000,-0.108,0.177,24.00,1,147.3,1.0,0.12147,-0.0,-0.0,0.0005,-0.01058,OK
-0.2015,-0.2302,28.7,0,147.3,1.0,0.1203,147.3,0.8,0.1226,0.0,0.0,0.0000,0.1,-0.6,0.0094,0.0,-0.6,0,0.0,0.0,0.0000,-0.33,0.00,0.06,0.02,1,-0.0044,-0.167,0.127,25.00,1,147.3,1.0,0.12145,0.0,-0.0,-0.0009,-0.00957,OK
-0.1931,-0.2302,37.1,0,147.3,1.0,0.1203,147.3,0.8,0.1226,0.0,0.0,0.0000,0.1,-0.6,0.0094,0.0,-0.6,0,0.0,0.0,0.0000,-0.30,0.13,0.20,0.18,1,-0.0056,-0.108,0.118,25.00,1,147.3,1.0,0.12144,0.0,-0.0,0.0008,-0.00916,OK
-0.1852,-0.2302,45.0,0,147.3,1.0,0.1203,147.3,0.8,0.1226,0.0,0.0,0.0000,0.1,-0.6,0.0094,0.0,-0.6,0,0.0,0.0,0.0000,0.97,-0.26,0.00,-0.52,1,-0.0056,-0.108,0.118,24.00,1,147.2,1.0,0.12150,-16.2,11.8,0.0101,-0.00990,OK
-0.1777,-0.2302,52.5,0,147.3,1.0,0.1203,147.3,0.8,0.1226,0.0,0.0,0.0000,0.1,-0.6,0.0094,0.0,-0.6,0,0.0,0.0,0.0000,0.02,0.13,0.00,-0.34,1,-0.0078,-0.147,0.157,24.00,1,147.1,1.1,0.12147,-8.8,-0.1,-0.0087,-0.00872,OK
-0.1696,-0.2302,60.6,0,147.3,1.0,0.1203,147.3,0.8,0.1226,0.0,0.0,0.0000,0.1,-0.6,0.0094,0.0,-0.6,0,0.0,0.0,0.0000,0.04,-0.09,0.07,0.11,1,-0.0111,-0.186,0.088,24.00,1,147.1,1.1,0.12148,-2.1,5.6,0.0046,-0.00946,OK
-0.1609,-0.2302,69.3,0,147.3,1.0,0.1203,147.3,0.8,0.1226,0.0,0.0,0.0000,0.1,-0.6,0.0094,0.0,-0.6,0,0.0,0.0,0.0000,-0.34,0.06,-0.05,-0.12,1,-0.0133,-0.049,0.186,25.00,1,147.0,1.1,0.12133,-2.6,-0.9,-0.0229,-0.00754,OK
-0.1529,-0.2302,77.3,0,147.3,1.0,0.1203,147.3,0.8,0.1226,0.0,0.0,0.0000,0.1,-0.6,0.0094,0.0,-0.6,0,0.0,0.0,0.0000,0.13,-0.05,0.28,0.03,1,-0.0122,-0.127,0.098,25.00,1,147.0,1.1,0.12135,-1.7,2.3,0.0121,-0.00919,OK
-0.1447,-0.2302,85.5,0,147.3,1.0,0.1203,147.3,0.8,0.1226,0.0,0.0,0.0000,0.1,-0.6,0.0094,0.0,-0.6,0,0.0,0.0,0.0000,0.04,0.21,-0.50,0.18,1,-0.0122,-0.127,0.098,25.00,1,147.2,1.0,0.12141,-0.0,0.0,-0.0001,-0.00946,OK
-0.1369,-0.2302,93.3,0,147.3,1.0,0.1203,147.3,0.8,0.1226,0.0,0.0,0.0000,0.1,-0.6,0.0094,0.0,-0.6,0,0.0,0.0,0.0000,0.34,-0.14,0.07,0.03,1,-0.0089,-0.147,0.216,25.00,1,147.2,1.0,0.12142,0.0,-0.0,0.0015,-0.00954,OK
-0.1292,-0.2302,101.0,0,147.3,1.0,0.1203,147.3,0.8,0.1226,0.0,0.0,0.0000,0.1,-0.6,0.0094,0.0,-0.6,0,0.0,0.0,0.0000,-0.35,0.13,0.11,-0.05,1,-0.0067,-0.147,0.147,25.00,1,147.2,1.0,0.12141,0.0,-0.0,-0.0009,-0.00925,OK
-0.1212,-0.1267,5.5,0,147.3,0.8,0.1211,147.3,0.8,0.1226,0.0,0.0,0.0000,0.2,0.0,0.0061,0.2,0.0,0,0.0,0.0,0.0000,-0.57,-0.05,0.07,0.03,1,-0.0044,-0.098,0.088,25.00,1,147.3,0.8,0.12123,0.1,-0.5,-0.0025,-0.00871,OK
-0.1138,-0.1267,13.0,0,147.3,0.8,0.1211,147.3,0.8,0.1226,0.0,0.0,0.0000,0.2,0.0,0.0061,0.2,0.0,0,0.0,0.0,0.0000,0.07,0.13,-0.38,0.12,1,-0.0044,-0.098,0.088,25.00,1,147.3,0.8,0.12122,-0.0,0.0,0.0003,-0.00844,OK
-0.1059,-0.1267,20.8,0,147.3,0.8,0.1211,147.3,0.8,0.1226,0.0,0.0,0.0000,0.2,0.0,0.0061,0.2,0.0,0,0.0,0.0,0.0000,0.01,0.07,-0.10,0.11,1,0.0011,-0.137,0.167,25.00,1,147.3,0.8,0.12121,0.0,-0.0,0.0011,-0.00789,OK
-0.0971,-0.1267,29.7,0,147.3,0.8,0.1211,147.3,0.8,0.1226,0.0,0.0,0.0000,0.2,0.0,0.0061,0.2,0.0,0,0.0,0.0,0.0000,0.00,-0.37,0.00,0.00,1,0.0000,-0.147,0.137,24.00,1,147.3,0.8,0.12120,0.0,0.0,-0.0009,-0.00735,OK
-0.0890,-0.1267,37.8,0,147.3,0.8,0.1211,147.3,0.8,0.1226,0.0,0.0,0.0000,0.2,0.0,0.0061,0.2,0.0,0,0.0,0.0,0.0000,0.23,0.18,0.00,0.17,1,0.0000,-0.098,0.186,24.00,1,147.3,0.8,0.12120,-0.0,-0.0,0.0030,-0.00710,OK
-0.0813,-0.1267,45.5,0,147.3,0.8,0.1211,147.3,0.8,0.1226,0.0,0.0,0.0000,0.2,0.0,0.0061,0.2,0.0,0,0.0,0.0,0.0000,0.20,0.17,0.36,-0.03,1,-0.0022,-0.137,0.108,24.00,1,147.3,0.8,0.12122,0.0,-0.0,0.0030,-0.00700,OK
-0.0734,-0.1267,53.3,0,147.3,0.8,0.1211,147.3,0.8,0.1226,0.0,0.0,0.0000,0.2,0.0,0.0061,0.2,0.0,0,0.0,0.0,0.0000,-0.14,0.30,0.00,-0.14,1,-0.0022,-0.137,0.108,25.00,1,147.3,0.8,0.12123,-0.0,-0.0,0.0001,-0.00675,OK
-0.0658,-0.1267,60.9,0,147.3,0.8,0.1211,147.3,0.8,0.1226,0.0,0.0,0.0000,0.2,0.0,0.0061,0.2,0.0,0,0.0,0.0,0.0000,-0.11,0.21,0.14,-0.22,1,-0.0100,-0.108,0.167,25.00,1,147.3,0.8,0.12123,0.0,-0.0,-0.0005,-0.00689,OK
-0.0570,-0.1267,69.7,0,147.3,0.8,0.1211,147.3,0.8,0.1226,0.0,0.0,0.0000,0.2,0.0,0.0061,0.2,0.0,0,0.0,0.0,0.0000,-0.11,-0.18,-0.02,-0.19,1,-0.0144,-0.137,0.108,25.00,1,147.3,0.8,0.12122,0.0,0.0,-0.0026,-0.00713,OK
-0.0493,-0.1267,77.5,0,147.3,0.8,0.1211,147.3,0.8,0.1226,0.0,0.0,0.0000,0.2,0.0,0.0061,0.2,0.0,0,0.0,0.0,0.0000,0.08,0.05,-0.26,0.07,1,-0.0133,-0.137,0.196,24.00,1,147.3,0.8,0.12122,-0.0,0.0,-0.0004,-0.00739,OK
-0.0415,-0.1267,85.2,0,147.3,0.8,0.1211,147.3,0.8,0.1226,0.0,0.0,0.0000,0.2,0.0,0.0061,0.2,0.0,0,0.0,0.0,0.0000,0.24,-0.29,-0.01,0.12,1,-0.0111,-0.127,0.196,25.00,1,147.3,0.8,0.12122,0.0,0.0,0.0004,-0.00757,OK
-0.0339,-0.1267,92.9,0,147.3,0.8,0.1211,147.3,0.8,0.1226,0.0,0.0,0.0000,0.2,0.0,0.0061,0.2,0.0,0,0.0,0.0,0.0000,0.14,0.06,0.35,0.01,1,-0.0111,-0.127,0.196,25.00,1,147.3,0.8,0.12124,0.0,-0.0,0.0019,-0.00780,OK
-0.0241,-0.0243,0.2,0,147.3,1.0,0.1219,147.3,0.8,0.1226,0.0,0.0,0.0000,-0.0,-0.7,0.0031,-0.1,-0.7,0,0.0,0.0,0.0000,-0.24,-0.16,-0.16,0.05,1,-0.0089,-0.098,0.177,25.00,1,147.3,1.0,0.12155,4.2,9.5,0.0055,-0.00777,OK
-0.0174,-0.0243,6.8,0,147.3,1.0,0.1219,147.3,0.8,0.1226,0.0,0.0,0.0000,-0.0,-0.7,0.0031,-0.1,-0.7,0,0.0,0.0,0.0000,-0.09,-0.47,-0.17,0.06,1,-0.0089,-0.088,0.088,25.00,1,147.3,1.0,0.12142,1.8,5.2,-0.0556,-0.00778,OK
-0.0091,-0.0243,15.2,0,147.3,1.0,0.1219,147.3,0.8,0.1226,0.0,0.0,0.0000,-0.0,-0.7,0.0031,-0.1,-0.7,0,0.0,0.0,0.0000,-0.06,0.04,0.39,0.00,1,0.0000,-0.147,0.147,25.00,1,147.3,1.0,0.12125,0.0,-0.0,0.0017,-0.00756,OK
-0.0019,-0.0243,22.4,0,147.3,1.0,0.1219,147.3,0.8,0.1226,0.0,0.0,0.0000,-0.0,-0.7,0.0031,-0.1,-0.7,0,0.0,0.0,0.0000,-0.04,0.22,0.09,-0.01,1,0.0000,-0.147,0.147,24.00,1,147.3,1.0,0.12126,-0.0,0.0,0.0013,-0.00733,OK
0.0066,-0.0243,30.9,0,147.3,1.0,0.1219,147.3,0.8,0.1226,0.0,0.0,0.0000,16.8,1.6,0.0031,16.9,-0.4,0,0.0,0.0,0.0000,0.10,0.06,0.00,-0.28,1,0.0011,-0.127,0.127,25.00,1,147.3,1.0,0.12126,-0.0,0.0,-0.0001,-0.00702,OK
0.0142,-0.0243,38.5,0,147.3,1.0,0.1219,147.3,0.8,0.1226,0.0,0.0,0.0000,31.9,3.8,0.0031,32.1,-0.1,0,0.0,0.0,0.0000,0.14,-0.10,-0.10,0.14,1,-0.0022,-0.196,0.147,25.00,1,147.3,1.0,0.12126,0.0,0.0,0.0009,-0.00688,OK
0.0231,-0.0243,47.3,0,147.3,1.0,0.1219,147.3,0.8,0.1226,0.0,0.0,0.0000,49.4,6.4,0.0031,49.8,0.3,0,0.0,0.0,0.0000,0.58,0.22,0.14,-0.05,1,-0.0056,-0.137,0.147,25.00,1,147.3,1.0,0.12128,-0.0,-0.0,0.0038,-0.00697,OK
0.0307,-0.0243,54.9,0,147.3,1.0,0.1219,147.3,0.8,0.1226,0.0,0.0,0.0000,64.4,8.7,0.0031,64.9,0.8,0,0.0,0.0,0.0000,-0.43,-0.04,0.02,0.00,1,-0.0056,-0.137,0.147,25.00,1,147.3,1.0,0.12129,0.0,-0.0,-0.0020,-0.00686,OK
0.0383,-0.0243,62.6,0,147.3,1.0,0.1219,147.3,0.8,0.1226,0.0,0.0,0.0000,79.5,11.0,0.0031,80.3,1.3,0,0.0,0.0,0.0000,-0.49,0.09,-0.51,0.06,1,-0.0122,-0.147,0.078,26.00,1,147.3,1.0,0.12127,-0.0,0.0,-0.0031,-0.00693,OK
0.0471,-0.0243,71.3,0,147.3,1.0,0.1219,147.3,0.8,0.1226,0.0,0.0,0.0000,96.8,13.9,0.0031,97.7,2.0,0,0.0,0.0,0.0000,-0.43,-0.06,-0.01,-0.04,1,-0.0144,-0.078,0.127,24.00,1,147.3,1.0,0.12125,0.0,-0.0,-0.0030,-0.00707,OK
0.0541,-0.0243,78.4,0,147.3,1.0,0.1219,147.3,0.8,0.1226,0.0,0.0,0.0000,110.6,16.3,0.0031,111.7,2.7,0,0.0,0.0,0.0000,0.07,0.01,-0.18,0.00,1,-0.0100,-0.373,0.108,25.00,1,147.3,1.0,0.12124,-0.0,0.0,-0.0004,-0.00714,OK
0.0631,-0.0243,87.3,0,147.3,1.0,0.1219,147.3,0.8,0.1226,0.0,0.0,0.0000,128.3,19.5,0.0031,129.7,3.8,0,0.0,0.0,0.0000,-0.08,-0.30,-0.17,0.11,1,-0.0089,-0.853,0.157,25.00,1,147.3,1.0,0.12123,0.0,0.0,-0.0017,-0.00714,OK
0.0708,-0.0243,95.1,0,147.3,1.0,0.1219,147.3,0.8,0.1226,0.0,0.0,0.0000,143.4,22.5,0.0031,145.1,4.9,0,0.0,0.0,0.0000,-0.52,-0.22,0.16,0.16,1,-0.0089,-0.853,0.157,24.00,1,147.3,1.0,0.12121,0.0,-0.0,-0.0020,-0.00713,OK
0.0791,0.0789,0.2,0,147.2,0.8,0.1212,150.4,1.2,0.1226,78.3,10.3,0.0000,159.7,26.3,0.0055,161.7,6.8,0,0.0,0.0,0.0000,-0.52,-0.39,0.50,0.71,1,-0.0089,-0.441,0.078,25.00,1,147.2,0.8,0.12128,-2.7,-9.8,0.0080,-0.00743,OK
0.0866,0.0789,7.7,0,147.2,0.8,0.1212,150.4,1.2,0.1226,78.3,10.3,0.0000,174.2,29.8,0.0055,176.5,8.5,0,0.0,0.0,0.0000,-0.35,-0.07,0.38,0.55,1,-0.0144,-0.598,0.157,25.00,1,147.2,0.8,0.12135,1.4,-2.0,0.0448,-0.00743,OK
0.0949,0.0789,16.0,0,147.2,0.8,0.1212,150.4,1.2,0.1226,78.3,10.3,0.0000,190.3,33.9,0.0055,193.0,10.6,0,0.0,0.0,0.0000,-1.08,-0.61,0.36,0.26,1,-0.0300,-0.775,0.186,25.00,1,147.3,0.8,0.12127,10.4,-6.0,-0.0566,-0.00652,OK
0.1025,0.0789,23.6,0,147.2,0.8,0.1212,150.4,1.2,0.1226,78.3,10.3,0.0000,205.1,37.8,0.0055,208.1,12.7,0,0.0,0.0,0.0000,-1.04,-1.05,0.48,0.67,1,-0.0300,-0.775,0.186,24.00,1,147.4,0.8,0.12085,19.3,1.6,-0.0495,-0.00578,OK
0.1106,0.0789,31.7,0,147.2,0.8,0.1212,150.4,1.2,0.1226,78.3,10.3,0.0000,215.6,40.4,0.0055,218.9,14.0,0,0.0,0.0,0.0000,-1.23,-0.60,1.08,1.04,1,-0.0444,-0.706,0.147,24.00,1,147.6,0.8,0.12058,26.8,-9.0,-0.0201,-0.00630,OK
0.1182,0.0789,39.2,0,147.2,0.8,0.1212,150.4,1.2,0.1226,78.3,10.3,0.0000,225.5,42.9,0.0055,229.0,15.3,0,0.0,0.0,0.0000,-1.60,-1.61,1.05,1.09,1,-0.0422,-0.785,0.167,24.00,1,147.8,0.7,0.12025,39.3,-0.6,-0.0628,-0.00557,OK
0.1271,0.0789,48.2,0,147.2,0.8,0.1212,150.4,1.2,0.1226,78.3,10.3,0.0000,237.2,46.7,0.0055,241.1,17.7,0,0.0,0.0,0.0000,-1.41,-0.84,1.08,1.69,1,-0.0411,-1.089,0.108,25.00,1,148.2,0.8,0.11995,37.8,-2.3,-0.0088,-0.00630,OK
0.1348,0.0789,55.9,0,147.2,0.8,0.1212,150.4,1.2,0.1226,78.3,10.3,0.0000,247.6,50.1,0.0055,251.9,19.7,0,0.0,0.0,0.0000,-1.79,-1.14,1.35,2.15,1,-0.0411,-1.089,0.108,25.00,1,148.5,0.8,0.11991,50.8,-1.8,-0.0085,-0.00699,OK
0.1426,0.0789,63.6,0,147.2,0.8,0.1212,150.4,1.2,0.1226,78.3,10.3,0.0000,257.9,53.7,0.0055,262.5,22.1,0,0.0,0.0,0.0000,-1.99,-1.26,1.42,2.40,1,-0.0144,-1.167,0.029,25.00,1,148.9,0.8,0.11993,57.0,-0.6,0.0086,-0.00741,OK
0.1502,0.0789,71.3,0,147.2,0.8,0.1212,150.4,1.2,0.1226,78.3,10.3,0.0000,268.3,57.4,0.0055,273.3,24.5,0,0.0,0.0,0.0000,-1.31,-1.80,1.82,2.36,1,0.0389,-1.138,-0.029,24.00,1,149.4,0.9,0.12025,59.3,8.9,0.0661,-0.00793,OK
0.1591,0.0789,80.2,0,147.2,0.8,0.1212,150.4,1.2,0.1226,78.3,10.3,0.0000,280.5,61.7,0.0055,285.9,27.3,0,0.0,0.0,0.0000,-1.57,-1.72,1.98,2.69,1,0.1144,-1.304,-0.000,24.00,1,149.9,1.1,0.12110,66.4,7.3,0.1252,-0.00800,OK
0.1670,0.0789,88.1,0,147.2,0.8,0.1212,150.4,1.2,0.1226,78.3,10.3,0.0000,291.8,65.6,0.0055,297.6,29.8,0,0.0,0.0,0.0000,-2.43,-1.76,2.53,2.99,1,0.1822,-1.245,-0.000,25.00,1,150.5,1.2,0.12222,83.1,-3.4,0.1674,-0.00745,OK
0.1747,0.0789,95.8,0,147.2,0.8,0.1212,150.4,1.2,0.1226,78.3,10.3,0.0000,302.8,69.7,0.0055,309.0,32.6,0,0.0,0.0,0.0000,-1.95,-1.65,2.52,3.67,1,0.2433,-1.638,0.265,26.00,1,151.2,1.3,0.12384,83.8,5.9,0.2489,-0.00742,OK
0.1824,0.1795,2.8,0,150.6,1.2,0.1161,163.3,3.2,0.1226,176.6,31.8,0.0000,303.6,72.6,0.0259,310.0,37.0,0,0.0,0.0,0.0000,-2.86,-2.08,3.04,4.12,1,0.2433,-1.638,0.265,25.00,1,150.6,1.2,0.12149,84.4,0.6,0.1764,-0.00667,OK
0.1906,0.1795,11.1,0,150.6,1.2,0.1161,163.3,3.2,0.1226,176.6,31.8,0.0000,315.4,77.6,0.0259,322.2,40.5,0,0.0,0.0,0.0000,-3.35,-2.09,3.48,4.82,1,0.2867,-2.128,0.324,24.00,1,150.9,1.3,0.12240,101.2,-3.9,0.2864,-0.00653,OK
0.1989,0.1795,19.4,0,150.6,1.2,0.1161,163.3,3.2,0.1226,176.6,31.8,0.0000,327.5,82.7,0.0259,334.9,44.2,0,0.0,0.0,0.0000,-3.70,-2.38,3.61,4.67,1,0.2989,-1.991,-0.186,24.00,1,151.8,1.3,0.12479,109.7,-4.7,0.2872,-0.00624,OK
0.2071,0.1795,27.5,0,150.6,1.2,0.1161,163.3,3.2,0.1226,176.6,31.8,0.0000,339.6,88.2,0.0259,347.5,48.3,0,0.0,0.0,0.0000,-3.67,-2.74,4.04,5.61,1,0.2989,-1.991,-0.186,25.00,1,152.8,1.4,0.12720,125.4,0.9,0.3053,-0.00625,OK
0.2148,0.1795,35.2,0,150.6,1.2,0.1161,163.3,3.2,0.1226,176.6,31.8,0.0000,351.3,93.5,0.0259,359.8,52.2,0,0.0,0.0,0.0000,-4.69,-3.16,4.35,5.88,1,0.3211,-1.902,-0.196,25.00,1,153.8,1.6,0.12960,145.4,-3.0,0.3128,-0.00606,OK
0.2223,0.1795,42.8,0,150.6,1.2,0.1161,163.3,3.2,0.1226,176.6,31.8,0.0000,362.8,98.9,0.0259,371.8,56.2,0,0.0,0.0,0.0000,-5.12,-3.53,4.61,6.88,1,0.2811,-2.275,-0.461,25.00,1,155.0,1.7,0.13187,162.9,-0.2,0.2845,-0.00603,OK
0.2301,0.1795,50.5,0,150.6,1.2,0.1161,163.3,3.2,0.1226,176.6,31.8,0.0000,374.7,104.5,0.0259,384.3,60.4,0,0.0,0.0,0.0000,-5.54,-4.65,4.77,6.99,1,0.2233,-1.373,0.510,25.00,1,156.3,1.9,0.13384,183.1,11.0,0.2203,-0.00591,OK
0.2388,0.1795,59.3,0,150.6,1.2,0.1161,163.3,3.2,0.1226,176.6,31.8,0.0000,388.1,111.4,0.0259,398.4,65.6,0,0.0,0.0,0.0000,-6.67,-5.42,5.26,7.41,1,0.1489,-1.226,0.118,24.00,1,158.0,2.2,0.13544,209.4,7.9,0.1440,-0.00575,OK
0.2467,0.1795,67.1,0,150.6,1.2,0.1161,163.3,3.2,0.1226,176.6,31.8,0.0000,400.4,117.7,0.0259,411.3,70.5,0,0.0,0.0,0.0000,-6.69,-5.95,5.59,8.72,1,0.1489,-1.226,0.118,25.00,1,159.7,2.6,0.13661,229.7,18.7,0.1534,-0.00573,OK
0.2550,0.1795,75.5,0,150.6,1.2,0.1161,163.3,3.2,0.1226,176.6,31.8,0.0000,413.4,125.0,0.0259,425.1,76.3,0,0.0,0.0,0.0000,-7.15,-6.36,6.31,9.99,1,0.0678,-2.677,-0.461,25.00,1,161.7,3.0,0.13760,253.9,15.7,0.0850,-0.00592,OK
0.2623,0.1795,82.8,0,150.6,1.2,0.1161,163.3,3.2,0.1226,176.6,31.8,0.0000,425.1,131.6,0.0259,437.4,81.5,0,0.0,0.0,0.0000,-8.17,-6.49,6.29,10.69,1,0.0433,-3.109,1.412,25.00,1,163.6,3.4,0.13811,267.9,13.0,0.0546,-0.00603,OK
0.2701,0.1795,90.6,0,150.6,1.2,0.1161,163.3,3.2,0.1226,176.6,31.8,0.0000,437.3,138.8,0.0259,450.4,87.1,0,0.0,0.0,0.0000,-8.81,-7.34,6.19,11.87,1,0.0111,-2.609,0.010,24.00,1,165.8,3.8,0.13841,289.4,29.3,0.0200,-0.00608,OK
0.2790,0.1795,99.5,0,150.6,1.2,0.1161,163.3,3.2,0.1226,176.6,31.8,0.0000,451.5,147.1,0.0259,465.5,93.8,0,0.0,0.0,0.0000,-8.37,-8.18,6.61,10.49,1,0.0144,-1.491,-0.186,24.00,1,168.3,4.5,0.13859,296.0,32.0,0.0206,-0.00609,OK
0.2867,0.2832,3.5,0,164.4,2.6,0.1301,186.7,8.4,0.1226,273.8,71.9,0.0000,436.1,148.9,-0.0298,451.7,91.1,0,0.0,0.0,0.0000,-10.10,-9.03,7.40,10.43,1,0.0144,-1.491,-0.186,24.00,1,164.4,2.6,0.13449,243.6,3.9,-0.0269,-0.00518,OK
0.2943,0.2832,11.0,0,164.4,2.6,0.1301,186.7,8.4,0.1226,273.8,71.9,0.0000,434.6,158.0,-0.0298,451.4,100.3,0,0.0,0.0,0.0000,-10.07,-9.45,7.85,11.69,1,0.0222,-0.990,-0.834,25.00,1,165.2,2.7,0.13457,272.9,13.9,0.0254,-0.00513,OK
0.3030,0.2832,19.8,0,164.4,2.6,0.1301,186.7,8.4,0.1226,273.8,71.9,0.0000,446.4,166.8,-0.0298,464.3,107.5,0,0.0,0.0,0.0000,-11.41,-10.07,8.66,11.57,1,0.0344,-1.981,-0.333,25.00,1,167.7,3.1,0.13482,302.8,2.5,0.0346,-0.00501,OK
0.3109,0.2832,27.7,0,164.4,2.6,0.1301,186.7,8.4,0.1226,273.8,71.9,0.0000,456.9,174.8,-0.0298,475.7,114.1,0,0.0,0.0,0.0000,-11.49,-10.18,9.43,13.68,1,0.0311,-3.717,1.118,25.00,1,170.2,3.5,0.13511,335.1,6.9,0.0370,-0.00503,OK
0.3185,0.2832,35.3,0,164.4,2.6,0.1301,186.7,8.4,0.1226,273.8,71.9,0.0000,463.9,181.5,-0.0298,483.6,119.8,0,0.0,0.0,0.0000,-12.74,-11.86,8.77,15.38,1,0.0311,-3.717,1.118,24.00,1,172.9,4.1,0.13537,372.0,45.7,0.0333,-0.00497,OK
0.3262,0.2832,43.0,0,164.4,2.6,0.1301,186.7,8.4,0.1226,273.8,71.9,0.0000,464.3,185.6,-0.0298,484.4,123.8,0,0.0,0.0,0.0000,-12.98,-11.77,9.22,14.98,1,-0.0056,-2.922,-0.324,24.00,1,175.7,4.8,0.13548,380.6,33.1,-0.0027,-0.00492,OK
0.3344,0.2832,51.2,0,164.4,2.6,0.1301,186.7,8.4,0.1226,273.8,71.9,0.0000,463.0,188.8,-0.0298,483.6,127.1,0,0.0,0.0,0.0000,-12.18,-13.07,9.14,14.17,1,-0.0378,-0.500,-1.893,24.00,1,178.8,5.5,0.13531,386.3,48.4,-0.0363,-0.00483,OK
0.3422,0.2832,58.9,0,164.4,2.6,0.1301,186.7,8.4,0.1226,273.8,71.9,0.0000,461.7,191.8,-0.0298,482.7,130.3,0,0.0,0.0,0.0000,-13.62,-13.32,6.96,14.38,1,-0.0556,-1.520,-0.284,24.00,1,181.6,6.5,0.13489,374.3,89.3,-0.0622,-0.00452,OK
0.3509,0.2832,67.7,0,164.4,2.6,0.1301,186.7,8.4,0.1226,273.8,71.9,0.0000,460.3,195.2,-0.0298,481.8,133.8,0,0.0,0.0,0.0000,-16.04,-14.01,8.06,14.68,1,-0.0600,-3.972,1.040,25.00,1,185.0,7.7,0.13427,411.6,72.8,-0.0680,-0.00420,OK
0.3588,0.2832,75.6,0,164.4,2.6,0.1301,186.7,8.4,0.1226,273.8,71.9,0.0000,459.0,198.2,-0.0298,480.9,137.0,0,0.0,0.0,0.0000,-16.17,-13.84,9.41,15.61,1,-0.0600,-3.972,1.040,25.00,1,188.3,8.6,0.13371,443.8,51.1,-0.0649,-0.00395,OK
0.3666,0.2832,83.3,0,164.4,2.6,0.1301,186.7,8.4,0.1226,273.8,71.9,0.0000,457.7,201.2,-0.0298,480.0,140.1,0,0.0,0.0,0.0000,-15.52,-15.16,10.87,16.61,1,-0.0644,-2.775,-1.059,25.00,1,191.8,9.4,0.13318,485.7,50.3,-0.0658,-0.00380,OK
0.3743,0.2832,91.1,0,164.4,2.6,0.1301,186.7,8.4,0.1226,273.8,71.9,0.0000,456.4,204.2,-0.0298,479.0,143.2,0,0.0,0.0,0.0000,-14.82,-15.97,11.29,16.59,1,-0.0422,1.373,-0.078,24.00,1,195.5,10.4,0.13274,496.3,56.8,-0.0432,-0.00368,OK
0.3831,0.2832,99.9,0,164.4,2.6,0.1301,186.7,8.4,0.1226,273.8,71.9,0.0000,454.9,207.5,-0.0298,478.0,146.7,0,0.0,0.0,0.0000,-15.81,-15.73,11.36,17.26,1,-0.0489,-1.363,-1.118,25.00,1,199.9,11.4,0.13231,511.8,54.5,-0.0502,-0.00354,OK
0.3908,0.3863,4.6,0,200.1,8.6,0.1335,219.5,19.0,0.1226,359.4,139.7,0.0000,440.6,213.3,-0.0434,465.1,152.8,0,0.0,0.0,0.0000,-15.72,-16.61,11.46,18.20,1,-0.0489,-1.363,-1.118,24.00,1,200.2,8.6,0.13258,471.8,35.7,-0.0451,-0.00359,OK
0.3983,0.3863,12.0,0,200.1,8.6,0.1335,219.5,19.0,0.1226,359.4,139.7,0.0000,429.4,223.1,-0.0434,455.3,163.9,0,0.0,0.0,0.0000,-15.95,-16.93,10.97,19.66,1,-0.0589,-3.972,-0.981,25.00,1,202.1,9.1,0.13235,491.3,61.1,-0.0573,-0.00354,OK
0.4070,0.3863,20.8,0,200.1,8.6,0.1335,219.5,19.0,0.1226,359.4,139.7,0.0000,428.3,238.6,-0.0434,456.3,179.5,0,0.0,0.0,0.0000,-15.50,-17.71,10.44,19.43,1,-0.0511,-1.952,0.294,25.00,1,206.3,10.3,0.13187,495.7,83.0,-0.0507,-0.00346,OK
0.4149,0.3863,28.6,0,200.1,8.6,0.1335,219.5,19.0,0.1226,359.4,139.7,0.0000,434.8,245.8,-0.0434,463.7,185.8,0,0.0,0.0,0.0000,-15.78,-18.18,10.52,18.65,1,-0.0311,-0.686,-1.853,25.00,1,210.1,11.5,0.13153,500.8,81.9,-0.0325,-0.00333,OK
0.4226,0.3863,36.3,0,200.1,8.6,0.1335,219.5,19.0,0.1226,359.4,139.7,0.0000,433.7,248.9,-0.0434,462.9,188.9,0,0.0,0.0,0.0000,-15.97,-18.50,10.91,18.66,1,-0.0344,-0.677,-1.069,25.00,1,213.9,12.6,0.13125,514.4,79.7,-0.0360,-0.00321,OK
0.4301,0.3863,43.9,0,200.1,8.6,0.1335,219.5,19.0,0.1226,359.4,139.7,0.0000,432.1,251.7,-0.0434,461.7,191.9,0,0.0,0.0,0.0000,-15.38,-18.17,11.45,20.00,1,-0.0344,-0.677,-1.069,24.00,1,217.7,13.7,0.13098,531.3,84.1,-0.0331,-0.00316,OK
0.4390,0.3863,52.7,0,200.1,8.6,0.1335,219.5,19.0,0.1226,359.4,139.7,0.0000,430.1,254.9,-0.0434,460.2,195.4,0,0.0,0.0,0.0000,-16.08,-19.11,11.24,21.59,1,-0.0078,-1.471,1.530,25.00,1,222.4,15.2,0.13079,561.8,111.2,-0.0074,-0.00309,OK
0.4468,0.3863,60.5,0,200.1,8.6,0.1335,219.5,19.0,0.1226,359.4,139.7,0.0000,428.6,257.5,-0.0434,459.1,198.1,0,0.0,0.0,0.0000,-16.00,-19.70,11.48,20.68,1,-0.0322,1.089,-3.030,25.00,1,226.7,16.6,0.13063,566.0,107.6,-0.0322,-0.00301,OK
0.4549,0.3863,68.6,0,200.1,8.6,0.1335,219.5,19.0,0.1226,359.4,139.7,0.0000,427.0,260.2,-0.0434,457.8,201.0,0,0.0,0.0,0.0000,-16.40,-17.42,11.46,19.57,1,-0.0556,-0.598,0.127,25.00,1,231.0,17.9,0.13026,541.8,72.8,-0.0558,-0.00292,OK
0.4629,0.3863,76.6,0,200.1,8.6,0.1335,219.5,19.0,0.1226,359.4,139.7,0.0000,425.5,262.6,-0.0434,456.7,203.6,0,0.0,0.0,0.0000,-15.42,-19.01,11.45,20.61,1,-0.0556,-0.598,0.127,25.00,1,235.3,19.2,0.12981,562.8,105.3,-0.0546,-0.00287,OK
0.4707,0.3863,84.5,0,200.1,8.6,0.1335,219.5,19.0,0.1226,359.4,139.7,0.0000,424.0,265.1,-0.0434,455.5,206.3,0,0.0,0.0,0.0000,-15.54,-20.11,11.05,18.89,1,-0.0689,-1.902,-0.647,24.00,1,239.5,20.6,0.12929,554.8,106.4,-0.0717,-0.00272,OK
0.4783,0.3863,92.1,0,200.1,8.6,0.1335,219.5,19.0,0.1226,359.4,139.7,0.0000,422.3,267.7,-0.0434,454.2,209.1,0,0.0,0.0,0.0000,-14.51,-19.54,10.80,16.94,1,-0.0544,-1.020,0.314,24.00,1,243.5,21.9,0.12875,520.6,89.5,-0.0591,-0.00252,OK
0.4866,0.3863,100.3,0,200.1,8.6,0.1335,219.5,19.0,0.1226,359.4,139.7,0.0000,420.5,270.6,-0.0434,452.7,212.2,0,0.0,0.0,0.0000,-14.49,-19.99,10.06,18.49,1,-0.0544,1.059,-1.383,25.00,1,247.7,23.4,0.12823,538.0,125.4,-0.0588,-0.00234,OK
0.4951,0.4882,6.8,0,252.5,20.9,0.1342,256.3,36.3,0.1226,349.8,194.2,0.0000,403.9,274.1,-0.0463,436.9,217.6,0,0.0,0.0,0.0000,-14.45,-20.45,10.01,20.33,1,-0.0544,1.059,-1.383,25.00,1,252.5,20.9,0.13087,555.5,107.8,-0.0535,-0.00286,OK
0.5025,0.4882,14.2,0,252.5,20.9,0.1342,256.3,36.3,0.1226,349.8,194.2,0.0000,390.0,279.2,-0.0463,423.8,224.5,0,0.0,0.0,0.0000,-14.19,-20.41,10.51,21.72,1,-0.0333,-0.471,-1.383,25.00,1,255.9,22.1,0.13061,574.1,117.8,-0.0315,-0.00284,OK
0.5102,0.4882,22.0,0,252.5,20.9,0.1342,256.3,36.3,0.1226,349.8,194.2,0.0000,376.8,287.4,-0.0463,411.9,234.4,0,0.0,0.0,0.0000,-13.71,-20.04,10.04,20.10,1,0.0011,0.235,-0.520,25.00,1,260.1,23.6,0.13049,550.8,114.3,0.0010,-0.00277,OK
0.5185,0.4882,30.3,0,252.5,20.9,0.1342,256.3,36.3,0.1226,349.8,194.2,0.0000,366.3,300.3,-0.0463,403.2,248.6,0,0.0,0.0,0.0000,-13.23,-20.70,9.22,19.66,1,-0.0011,0.794,-1.687,25.00,1,264.5,25.2,0.13047,542.6,135.0,-0.0028,-0.00267,OK
0.5263,0.4882,38.1,0,252.5,20.9,0.1342,256.3,36.3,0.1226,349.8,194.2,0.0000,363.1,315.5,-0.0463,402.1,264.1,0,0.0,0.0,0.0000,-13.64,-19.64,9.29,21.21,1,0.0122,0.647,3.217,25.00,1,268.6,26.8,0.13050,555.1,141.0,0.0116,-0.00259,OK
0.5346,0.4882,46.4,0,252.5,20.9,0.1342,256.3,36.3,0.1226,349.8,194.2,0.0000,367.6,328.6,-0.0463,408.2,276.5,0,0.0,0.0,0.0000,-12.70,-19.96,9.28,21.44,1,0.0122,0.647,3.217,25.00,1,273.0,28.6,0.13060,554.9,153.5,0.0141,-0.00258,OK
0.5425,0.4882,54.2,0,252.5,20.9,0.1342,256.3,36.3,0.1226,349.8,194.2,0.0000,370.8,335.4,-0.0463,412.4,282.7,0,0.0,0.0,0.0000,-11.30,-21.73,8.87,22.04,1,0.0022,-1.540,-2.824,24.00,1,277.2,30.6,0.13070,560.3,191.3,0.0079,-0.00265,OK
0.5502,0.4882,62.0,0,252.5,20.9,0.1342,256.3,36.3,0.1226,349.8,194.2,0.0000,368.9,337.5,-0.0463,410.8,285.1,0,0.0,0.0,0.0000,-10.94,-20.33,8.20,21.36,1,0.0233,0.765,-3.432,24.00,1,281.2,32.6,0.13084,536.2,187.8,0.0277,-0.00269,OK
0.5591,0.4882,70.8,0,252.5,20.9,0.1342,256.3,36.3,0.1226,349.8,194.2,0.0000,367.0,339.5,-0.0463,409.2,287.4,0,0.0,0.0,0.0000,-10.87,-19.69,7.25,19.98,1,0.0667,2.128,0.108,24.00,1,285.5,34.8,0.13124,512.1,190.5,0.0651,-0.00260,OK
0.5670,0.4882,78.7,0,252.5,20.9,0.1342,256.3,36.3,0.1226,349.8,194.2,0.0000,365.3,341.4,-0.0463,407.7,289.5,0,0.0,0.0,0.0000,-8.14,-19.95,6.96,20.46,1,0.0667,2.128,0.108,25.00,1,289.2,37.0,0.13186,486.1,213.3,0.0806,-0.00284,OK
0.5752,0.4882,86.9,0,252.5,20.9,0.1342,256.3,36.3,0.1226,349.8,194.2,0.0000,363.5,343.4,-0.0463,406.1,291.6,0,0.0,0.0,0.0000,-6.36,-20.16,6.26,21.71,1,0.0644,0.382,0.471,25.00,1,292.8,39.4,0.13274,464.2,243.8,0.1122,-0.00338,OK
0.5827,0.4882,94.5,0,252.5,20.9,0.1342,256.3,36.3,0.1226,349.8,194.2,0.0000,361.7,345.2,-0.0463,404.6,293.7,0,0.0,0.0,0.0000,-9.37,-15.63,6.57,21.47,1,0.0400,-0.118,-2.197,25.00,1,296.1,41.3,0.13336,462.5,174.3,0.0496,-0.00349,OK
0.5918,0.5913,0.5,0,322.5,48.5,0.1381,290.8,58.7,0.1226,319.7,240.6,0.0000,344.0,341.3,-0.0621,387.7,290.7,0,0.0,0.0,0.0000,-10.67,-18.57,6.09,21.06,1,0.0389,2.001,-1.755,25.00,1,322.3,48.5,0.13611,713.4,219.7,0.0804,-0.00375,OK
0.5983,0.5958,2.5,0,327.6,51.4,0.1309,292.2,59.8,0.1226,318.3,242.4,0.0000,331.2,338.5,-0.0331,372.5,292.4,0,0.0,0.0,0.0000,-9.68,-19.52,5.41,20.98,1,0.0478,1.353,1.883,24.00,1,325.9,50.9,0.13378,726.3,351.2,-0.1245,-0.00351,OK
0.6065,0.6053,1.1,0,331.2,54.5,0.1311,295.3,62.1,0.1226,315.4,246.2,0.0000,315.3,335.2,-0.0341,356.4,291.1,0,0.0,0.0,0.0000,-8.92,-20.31,5.20,20.45,1,0.0278,-1.422,-2.148,25.00,1,331.6,54.5,0.13330,664.3,296.6,-0.0094,-0.00328,OK
0.6151,0.6124,2.7,0,335.7,57.0,0.1281,297.5,63.9,0.1226,313.0,249.0,0.0000,298.3,332.2,-0.0219,338.3,291.3,0,0.0,0.0,0.0000,-8.34,-19.51,4.85,19.91,1,0.0278,-1.422,-2.148,25.00,1,335.7,57.1,0.13222,636.5,281.9,-0.0153,-0.00302,OK
0.6225,0.6211,1.4,0,340.6,59.9,0.1354,300.2,66.1,0.1226,309.8,252.6,0.0000,283.7,329.7,-0.0511,325.6,288.3,0,0.0,0.0,0.0000,-7.65,-19.84,4.34,19.36,1,0.0422,0.284,-0.363,25.00,1,340.6,60.0,0.13333,607.0,255.6,0.0786,-0.00311,OK
0.6308,0.6211,9.7,0,340.6,59.9,0.1354,300.2,66.1,0.1226,309.8,252.6,0.0000,267.1,328.0,-0.0511,308.9,288.9,0,0.0,0.0,0.0000,-8.09,-19.57,4.27,18.82,1,0.1011,3.785,-0.020,24.00,1,341.6,60.6,0.13354,599.4,275.5,0.1000,-0.00303,OK
0.6387,0.6309,7.8,0,344.0,61.8,0.1256,303.2,68.6,0.1226,306.4,256.7,0.0000,251.4,327.0,-0.0119,290.4,292.9,0,0.0,0.0,0.0000,-7.67,-20.61,3.52,20.61,1,0.1256,0.657,-2.452,24.00,1,345.1,62.3,0.13262,568.9,259.4,0.1220,-0.00258,OK
0.6466,0.6464,0.2,0,352.0,67.9,0.1319,307.9,72.6,0.1226,301.1,263.1,0.0000,235.7,324.9,-0.0373,276.4,291.1,0,0.0,0.0,0.0000,-6.51,-20.67,3.45,21.30,1,0.1256,0.657,-2.452,27.00,1,352.5,67.8,0.13390,530.8,297.6,0.0847,-0.00250,OK
0.6543,0.6464,7.9,0,352.0,67.9,0.1319,307.9,72.6,0.1226,301.1,263.1,0.0000,220.3,324.2,-0.0373,261.0,292.4,0,0.0,0.0,0.0000,-6.25,-19.62,3.05,20.81,1,0.1344,0.530,1.785,25.00,1,352.5,67.8,0.13400,520.1,283.3,0.1168,-0.00249,OK
0.6628,0.6545,8.2,0,355.9,69.5,0.1426,310.4,74.7,0.1226,298.5,266.3,0.0000,203.4,324.5,-0.0799,247.5,292.3,0,0.0,0.0,0.0000,-6.14,-19.32,3.01,18.99,1,0.1633,2.952,-0.981,25.00,1,356.1,69.7,0.13794,484.8,229.3,0.1639,-0.00290,OK
0.6709,0.6631,7.8,0,360.5,73.0,0.1369,312.9,77.0,0.1226,295.6,269.7,0.0000,187.1,324.5,-0.0572,229.7,295.9,0,0.0,0.0,0.0000,-4.94,-19.82,2.80,18.69,1,0.0922,0.157,-1.461,25.00,1,360.0,72.7,0.13867,474.2,258.3,0.1032,-0.00296,OK
0.6781,0.6727,5.4,0,362.7,75.5,0.1398,315.7,79.6,0.1226,292.3,273.4,0.0000,172.8,324.6,-0.0687,216.3,297.4,0,0.0,0.0,0.0000,-4.09,-19.95,2.10,18.77,1,0.0922,0.157,-1.461,25.00,1,363.5,75.6,0.13972,430.2,259.2,0.1102,-0.00323,OK
0.6870,0.6727,14.3,0,362.7,75.5,0.1398,315.7,79.6,0.1226,292.3,273.4,0.0000,155.4,328.4,-0.0687,199.7,303.5,0,0.0,0.0,0.0000,-3.72,-18.81,0.67,18.50,1,0.0522,-0.726,0.363,24.00,1,365.8,77.7,0.14020,413.8,288.2,0.0603,-0.00331,OK
0.6941,0.6879,6.1,0,369.7,81.6,0.1409,320.2,83.8,0.1226,286.1,279.6,0.0000,141.3,327.5,-0.0732,185.9,304.4,0,0.0,0.0,0.0000,-3.85,-18.70,0.34,17.84,1,0.0222,3.923,-0.775,25.00,1,369.4,81.5,0.14061,422.3,322.5,0.0243,-0.00329,OK
0.7028,0.6969,5.9,0,374.5,84.5,0.1427,322.7,86.4,0.1226,282.7,282.8,0.0000,123.8,327.3,-0.0803,169.1,306.4,0,0.0,0.0,0.0000,-3.78,-18.70,-1.87,17.54,1,-0.0500,3.148,0.451,25.00,1,373.6,84.7,0.14059,435.2,340.8,-0.0853,-0.00271,OK
0.7110,0.7053,5.8,0,376.4,87.9,0.1415,325.0,88.7,0.1226,279.5,285.9,0.0000,107.4,326.9,-0.0753,152.4,308.5,0,0.0,0.0,0.0000,-4.48,-18.18,-2.54,16.67,1,-0.0500,3.148,0.451,24.00,1,376.5,88.0,0.13995,418.6,345.6,-0.1199,-0.00180,OK
0.7189,0.7137,5.2,0,380.8,90.3,0.1366,327.4,91.2,0.1226,276.5,288.8,0.0000,91.7,328.1,-0.0558,135.5,312.6,0,0.0,0.0,0.0000,-3.05,-18.85,-2.42,16.56,1,-0.1278,2.069,1.795,24.00,1,380.1,90.6,0.13832,412.9,296.1,-0.1535,-0.00114,OK
0.7265,0.7222,4.3,0,382.2,94.3,0.1404,329.7,93.6,0.1226,273.4,291.9,0.0000,80.1,326.1,-0.0711,125.0,311.7,0,0.0,0.0,0.0000,-2.15,-17.74,-1.79,16.06,1,-0.1456,1.481,-2.530,24.00,1,382.6,94.0,0.13773,369.7,326.4,-0.1259,-0.00132,OK
0.7341,0.7307,3.4,0,384.8,96.1,0.1257,332.0,96.1,0.1226,270.0,295.2,0.0000,75.5,329.9,-0.0122,116.3,317.9,0,0.0,0.0,0.0000,-2.84,-17.36,-2.88,14.88,1,-0.1133,1.530,0.657,25.00,1,385.1,96.4,0.13430,346.6,254.8,-0.2365,-0.00011,OK
0.7421,0.7397,2.4,0,388.2,99.3,0.1405,334.5,98.8,0.1226,266.3,298.5,0.0000,68.3,329.7,-0.0716,113.8,316.9,0,0.0,0.0,0.0000,-1.25,-16.95,-2.80,14.34,1,-0.0644,2.716,-0.588,25.00,1,387.9,99.3,0.13499,332.7,282.7,-0.0076,-0.00000,OK
0.7500,0.7478,2.2,0,389.9,101.9,0.1356,336.6,101.2,0.1226,262.9,301.4,0.0000,66.0,331.3,-0.0518,110.2,319.4,0,0.0,0.0,0.0000,-0.68,-14.37,-3.97,14.40,1,-0.0644,2.716,-0.588,25.00,1,389.9,101.9,0.13448,298.6,284.3,-0.0671,0.00033,OK
0.7580,0.7559,2.1,0,392.9,105.6,0.1347,338.7,103.7,0.1226,259.6,304.2,0.0000,60.0,329.7,-0.0485,103.8,318.7,0,0.0,0.0,0.0000,0.26,-13.91,-4.67,13.13,1,-0.0044,4.364,0.618,25.00,1,392.2,105.3,0.13441,305.2,369.5,-0.0200,0.00079,OK
0.7669,0.7559,11.0,0,392.9,105.6,0.1347,338.7,103.7,0.1226,259.6,304.2,0.0000,62.7,340.5,-0.0485,107.9,329.0,0,0.0,0.0,0.0000,1.88,-14.40,-6.16,12.38,1,0.0433,3.079,1.157,25.00,1,392.8,106.5,0.13452,252.2,350.7,0.0237,0.00121,OK
0.7741,0.7728,1.4,0,396.1,111.3,0.1250,343.0,108.9,0.1226,253.0,309.7,0.0000,55.1,332.4,-0.0094,96.1,322.9,0,0.0,0.0,0.0000,1.76,-14.20,-5.41,11.80,1,0.0456,2.854,-1.598,25.00,1,395.9,111.3,0.13257,253.9,316.2,-0.1059,0.00190,OK
0.7825,0.7728,9.7,0,396.1,111.3,0.1250,343.0,108.9,0.1226,253.0,309.7,0.0000,57.5,342.5,-0.0094,99.7,332.7,0,0.0,0.0,0.0000,3.12,-12.84,-5.44,11.49,1,0.1211,2.157,0.304,25.00,1,396.1,111.9,0.13320,213.9,325.5,0.1155,0.00198,OK
0.7907,0.7896,1.1,0,399.4,115.9,0.1386,347.2,114.1,0.1226,246.0,315.3,0.0000,50.0,338.7,-0.0637,96.3,328.5,0,0.0,0.0,0.0000,3.59,-12.46,-5.95,10.82,1,0.1211,2.157,0.304,25.00,1,399.0,116.1,0.13582,203.6,245.3,0.1647,0.00191,OK
0.7986,0.7983,0.3,0,399.7,120.3,0.1449,349.4,116.9,0.1226,242.0,318.2,0.0000,51.4,335.1,-0.0891,99.2,324.2,0,0.0,0.0,0.0000,3.48,-11.67,-5.53,10.06,1,0.1478,2.560,-0.412,25.00,1,400.0,119.9,0.13898,192.1,406.7,0.2770,0.00169,OK
0.8065,0.7983,8.3,0,399.7,120.3,0.1449,349.4,116.9,0.1226,242.0,318.2,0.0000,53.6,344.9,-0.0891,102.9,333.5,0,0.0,0.0,0.0000,4.07,-10.16,-5.80,10.02,1,0.1878,3.040,1.010,25.00,1,400.0,119.9,0.13876,163.7,318.8,0.1863,0.00169,OK
0.8142,0.8073,6.9,0,400.9,122.3,0.1391,351.5,119.8,0.1226,238.1,321.3,0.0000,51.9,348.2,-0.0659,99.7,337.6,0,0.0,0.0,0.0000,4.76,-9.96,-6.39,9.80,1,0.2322,2.334,1.922,24.00,1,400.9,122.4,0.14033,141.4,307.3,0.2280,0.00176,OK
0.8224,0.8151,7.3,0,401.9,125.6,0.1371,353.4,122.3,0.1226,234.7,323.9,0.0000,50.6,348.2,-0.0580,97.7,338.0,0,0.0,0.0,0.0000,5.50,-10.20,-7.15,9.37,1,0.2322,2.334,1.922,24.00,1,401.7,125.4,0.14120,130.1,343.9,0.2262,0.00197,OK
0.8306,0.8284,2.2,0,401.8,128.5,0.1427,356.4,126.6,0.1226,229.2,328.0,0.0000,52.5,349.8,-0.0805,101.8,338.8,0,0.0,0.0,0.0000,6.01,-9.35,-7.35,8.51,1,0.2089,2.167,-1.706,25.00,1,402.1,128.8,0.14374,73.5,240.3,0.1945,0.00202,OK
0.8381,0.8284,9.7,0,401.8,128.5,0.1427,356.4,126.6,0.1226,229.2,328.0,0.0000,54.0,359.1,-0.0805,104.5,347.8,0,0.0,0.0,0.0000,6.00,-9.04,-7.20,7.83,1,0.2167,1.853,0.304,25.00,1,402.2,129.3,0.14413,74.5,274.4,0.2128,0.00204,OK
0.8469,0.8387,8.2,0,402.2,131.4,0.1470,358.8,130.0,0.1226,224.8,331.0,0.0000,54.7,361.3,-0.0974,107.1,349.3,0,0.0,0.0,0.0000,7.24,-8.85,-8.26,6.15,1,0.2233,1.177,0.500,24.00,1,402.3,131.5,0.14633,27.7,272.9,0.2129,0.00209,OK
0.8543,0.8387,15.6,0,402.2,131.4,0.1470,358.8,130.0,0.1226,224.8,331.0,0.0000,56.3,370.7,-0.0974,110.0,358.4,0,0.0,0.0,0.0000,8.00,-8.89,-8.83,3.16,1,0.2233,1.177,0.500,24.00,1,401.9,133.4,0.14784,-37.5,246.3,0.1936,0.00237,OK
0.8632,0.8387,24.5,0,402.2,131.4,0.1470,358.8,130.0,0.1226,224.8,331.0,0.0000,57.8,381.6,-0.0974,113.1,369.0,0,0.0,0.0,0.0000,7.74,-8.35,-8.93,3.76,1,0.2278,2.305,0.343,25.00,1,401.3,135.6,0.14954,-26.9,257.7,0.1902,0.00273,OK
0.8710,0.8387,32.3,0,402.2,131.4,0.1470,358.8,130.0,0.1226,224.8,331.0,0.0000,59.0,391.2,-0.0974,115.6,378.4,0,0.0,0.0,0.0000,7.87,-8.37,-8.60,5.68,1,0.2267,1.883,-1.873,25.00,1,400.9,137.7,0.15112,4.1,287.1,0.2160,0.00284,OK
0.8787,0.8387,40.1,0,402.2,131.4,0.1470,358.8,130.0,0.1226,224.8,331.0,0.0000,59.8,400.8,-0.0974,117.9,387.7,0,0.0,0.0,0.0000,7.57,-8.02,-8.03,5.81,1,0.2522,0.284,1.834,25.00,1,400.6,139.9,0.15290,9.4,279.6,0.2432,0.00291,OK
0.8866,0.8387,47.9,0,402.2,131.4,0.1470,358.8,130.0,0.1226,224.8,331.0,0.0000,60.6,410.5,-0.0974,120.0,397.2,0,0.0,0.0,0.0000,7.50,-7.56,-8.39,6.31,1,0.2922,-0.549,1.020,25.00,1,400.4,142.1,0.15497,9.2,287.8,0.2850,0.00296,OK
0.8942,0.8927,1.4,0,402.1,142.3,0.1542,370.3,148.3,0.1226,200.5,346.1,0.0000,61.4,395.4,-0.1261,121.4,381.3,0,0.0,0.0,0.0000,8.43,-7.80,-8.56,6.30,1,0.2922,-0.549,1.020,25.00,1,401.8,142.4,0.15749,25.4,204.0,0.2308,0.00323,OK
0.9028,0.8927,10.1,0,402.1,142.3,0.1542,370.3,148.3,0.1226,200.5,346.1,0.0000,62.7,398.4,-0.1261,123.1,384.0,0,0.0,0.0,0.0000,7.82,-7.32,-8.52,6.19,1,0.2711,1.049,-0.863,25.00,1,401.7,142.8,0.15809,19.6,219.9,0.2673,0.00324,OK
0.9105,0.8927,17.8,0,402.1,142.3,0.1542,370.3,148.3,0.1226,200.5,346.1,0.0000,63.7,408.0,-0.1261,125.6,393.4,0,0.0,0.0,0.0000,6.84,-7.10,-8.39,5.99,1,0.2733,0.941,0.804,25.00,1,401.6,144.5,0.16016,23.9,211.0,0.2661,0.00328,OK
0.9189,0.8927,26.2,0,402.1,142.3,0.1542,370.3,148.3,0.1226,200.5,346.1,0.0000,64.6,418.6,-0.1261,128.1,403.7,0,0.0,0.0,0.0000,7.38,-6.73,-9.17,6.16,1,0.2589,0.167,0.441,26.00,1,401.5,146.3,0.16235,10.0,229.9,0.2548,0.00329,OK
0.9267,0.8927,34.0,0,402.1,142.3,0.1542,370.3,148.3,0.1226,200.5,346.1,0.0000,65.1,428.3,-0.1261,130.1,413.2,0,0.0,0.0,0.0000,5.61,-7.91,-8.97,6.21,1,0.2589,0.167,0.441,26.00,1,401.4,148.1,0.16427,39.7,222.2,0.2416,0.00344,OK
0.9343,0.8927,41.6,0,402.1,142.3,0.1542,370.3,148.3,0.1226,200.5,346.1,0.0000,65.5,438.0,-0.1261,131.9,422.7,0,0.0,0.0,0.0000,7.66,-7.92,-8.82,5.70,1,0.2456,-1.618,-2.069,25.00,1,401.2,149.9,0.16610,6.6,250.5,0.2362,0.00350,OK
0.9428,0.9394,3.4,0,399.2,163.2,0.1725,379.1,164.7,0.1226,178.5,358.1,0.0000,68.3,421.2,-0.1994,139.5,403.3,0,0.0,0.0,0.0000,8.03,-7.19,-9.01,5.81,1,0.2711,-0.167,0.029,25.00,1,399.4,162.8,0.17048,11.4,488.9,0.2823,0.00333,OK
0.9507,0.9455,5.2,0,398.0,167.3,0.1730,380.2,166.9,0.1226,175.7,359.6,0.0000,72.0,405.9,-0.2013,140.8,387.5,0,0.0,0.0,0.0000,8.04,-7.27,-9.20,6.07,1,0.2967,1.657,0.206,24.00,1,398.5,166.4,0.17245,3.7,506.9,0.2933,0.00331,OK
0.9589,0.9514,7.4,0,398.0,169.8,0.1791,381.2,169.1,0.1226,172.9,360.9,0.0000,76.5,390.2,-0.2258,144.7,370.4,0,0.0,0.0,0.0000,7.98,-7.91,-8.64,6.40,1,0.2378,-0.206,0.990,25.00,1,398.0,169.5,0.17511,16.1,496.5,0.2364,0.00308,OK
0.9668,0.9594,7.4,0,397.8,172.1,0.1794,382.6,171.9,0.1226,169.1,362.6,0.0000,78.2,389.1,-0.2271,146.4,368.9,0,0.0,0.0,0.0000,7.59,-7.84,-8.82,6.67,1,0.2378,-0.206,0.990,25.00,1,397.6,172.7,0.17749,17.8,452.8,0.2352,0.00298,OK
0.9748,0.9673,7.6,0,396.7,175.3,0.1875,383.9,174.8,0.1226,165.0,364.3,0.0000,81.7,389.6,-0.2594,152.9,367.6,0,0.0,0.0,0.0000,7.33,-8.64,-8.30,6.43,1,0.1878,-0.059,1.098,26.00,1,396.9,175.7,0.18079,14.0,422.1,0.1855,0.00267,OK
0.9828,0.9755,7.4,0,396.4,177.7,0.1845,385.3,177.8,0.1226,160.8,366.0,0.0000,82.5,392.5,-0.2476,153.1,370.7,0,0.0,0.0,0.0000,7.65,-8.82,-8.54,7.13,1,0.1411,-2.050,-1.510,25.00,1,396.4,178.3,0.18256,11.6,397.1,0.1422,0.00255,OK
0.9912,0.9845,6.6,0,395.1,181.0,0.1929,386.7,181.1,0.1226,156.2,368.0,0.0000,86.0,393.0,-0.2809,159.8,369.2,0,0.0,0.0,0.0000,7.91,-8.08,-7.68,6.56,1,0.0900,-1.461,-1.098,24.00,1,395.5,181.3,0.18537,-9.9,356.0,0.1083,0.00202,OK
0.9984,0.9929,5.6,0,395.5,183.3,0.1772,388.0,184.2,0.1226,152.1,369.7,0.0000,84.3,395.1,-0.2184,152.6,374.0,0,0.0,0.0,0.0000,7.15,-8.14,-8.42,6.29,1,0.0756,0.941,2.432,25.00,1,395.1,183.6,0.18454,-6.1,329.0,0.0586,0.00228,OK
1.0067,0.9991,7.6,0,394.6,187.4,0.1928,388.9,186.5,0.1226,149.2,371.0,0.0000,86.1,393.0,-0.2808,159.8,369.3,0,0.0,0.0,0.0000,5.55,-9.43,-8.99,6.05,1,0.0756,0.941,2.432,24.00,1,394.7,186.6,0.18612,17.0,362.5,0.0369,0.00255,OK
1.0144,1.0102,4.2,0,394.3,189.1,0.1869,390.5,190.6,0.1226,144.1,373.2,0.0000,86.0,397.4,-0.2573,158.3,374.4,0,0.0,0.0,0.0000,5.38,-9.34,-8.91,6.61,1,-0.0322,-0.588,-0.549,26.00,1,394.3,189.7,0.18607,19.0,315.0,-0.0410,0.00273,OK
1.0228,1.0181,4.7,0,394.1,192.6,0.1929,391.6,193.6,0.1226,140.2,374.7,0.0000,86.2,397.7,-0.2811,160.9,373.8,0,0.0,0.0,0.0000,5.77,-9.59,-8.82,7.87,1,-0.1233,-2.069,-0.726,25.00,1,394.0,192.5,0.18650,34.1,354.9,-0.0921,0.00234,OK
1.0304,1.0269,3.6,0,393.8,194.7,0.1940,392.9,196.9,0.1226,135.7,376.3,0.0000,86.4,401.0,-0.2855,162.0,376.9,0,0.0,0.0,0.0000,4.86,-9.62,-9.00,7.46,1,-0.1011,-2.030,2.697,24.00,1,393.8,195.0,0.18698,35.1,307.3,-0.0628,0.00234,OK
1.0382,1.0350,3.2,0,393.9,197.7,0.1815,393.9,200.0,0.1226,131.4,377.7,0.0000,85.3,401.6,-0.2354,156.4,379.6,0,0.0,0.0,0.0000,4.80,-9.93,-8.32,7.66,1,-0.1011,-2.030,2.697,24.00,1,393.8,197.7,0.18529,49.5,321.4,-0.1412,0.00262,OK
1.0464,1.0432,3.2,0,393.7,201.4,0.1877,395.0,203.1,0.1226,127.1,379.1,0.0000,84.6,400.8,-0.2604,157.9,378.0,0,0.0,0.0,0.0000,4.48,-10.63,-8.43,7.43,1,-0.1333,-0.343,-1.030,25.00,1,393.7,200.9,0.18468,62.4,364.0,-0.1238,0.00286,OK
1.0552,1.0432,12.0,0,393.7,201.4,0.1877,395.0,203.1,0.1226,127.1,379.1,0.0000,83.1,411.7,-0.2604,158.5,388.9,0,0.0,0.0,0.0000,4.05,-11.03,-8.37,7.89,1,-0.1678,-0.206,-1.589,25.00,1,393.8,202.4,0.18391,72.6,348.8,-0.1855,0.00324,OK
1.0622,1.0608,1.4,0,394.1,203.4,0.1775,397.2,209.8,0.1226,118.2,382.1,0.0000,80.6,414.3,-0.2194,152.4,393.5,0,0.0,0.0,0.0000,3.06,-10.76,-6.96,8.10,1,-0.1722,-1.353,2.344,25.00,1,394.1,204.3,0.18048,63.6,166.2,-0.2362,0.00372,OK
1.0706,1.0608,9.8,0,394.1,203.4,0.1775,397.2,209.8,0.1226,118.2,382.1,0.0000,78.9,424.7,-0.2194,152.7,404.1,0,0.0,0.0,0.0000,2.84,-10.46,-7.17,9.82,1,-0.2256,-3.099,0.941,24.00,1,394.2,204.8,0.18007,90.7,247.6,-0.2294,0.00372,OK
1.0789,1.0608,18.1,0,394.1,203.4,0.1775,397.2,209.8,0.1226,118.2,382.1,0.0000,77.2,435.0,-0.2194,152.8,414.5,0,0.0,0.0,0.0000,3.09,-11.27,-5.85,10.24,1,-0.2256,-3.099,0.941,24.00,1,394.6,207.0,0.17824,102.1,257.1,-0.2174,0.00338,OK
1.0867,1.0608,25.9,0,394.1,203.4,0.1775,397.2,209.8,0.1226,118.2,382.1,0.0000,75.9,444.6,-0.2194,153.2,424.2,0,0.0,0.0,0.0000,3.59,-7.93,-3.81,9.35,1,-0.2711,-1.579,-1.049,24.00,1,395.0,208.8,0.17681,70.5,187.2,-0.1669,0.00211,OK
1.0943,1.0608,33.5,0,394.1,203.4,0.1775,397.2,209.8,0.1226,118.2,382.1,0.0000,74.4,454.0,-0.2194,153.4,433.7,0,0.0,0.0,0.0000,2.73,-9.09,-5.30,8.54,1,-0.2800,0.137,-1.049,25.00,1,395.3,210.4,0.17518,78.1,217.6,-0.2641,0.00166,OK
1.1021,1.0964,5.7,0,394.0,212.6,0.1872,401.1,223.5,0.1226,99.9,387.1,0.0000,73.2,438.5,-0.2583,153.6,417.2,0,0.0,0.0,0.0000,1.92,-12.01,-6.29,8.96,1,-0.3178,-0.951,2.354,25.00,1,394.4,212.6,0.17566,82.0,253.1,-0.3023,0.00121,OK
1.1102,1.0964,13.8,0,394.0,212.6,0.1872,401.1,223.5,0.1226,99.9,387.1,0.0000,71.0,446.1,-0.2583,152.7,425.1,0,0.0,0.0,0.0000,2.01,-12.13,-6.27,10.03,1,-0.3178,-0.951,2.354,25.00,1,394.6,214.2,0.17384,96.4,272.5,-0.3191,0.00122,OK
1.1184,1.0964,22.0,0,394.0,212.6,0.1872,401.1,223.5,0.1226,99.9,387.1,0.0000,68.8,456.3,-0.2583,152.5,435.5,0,0.0,0.0,0.0000,1.44,-13.06,-7.18,11.74,1,-0.3633,-2.442,0.853,25.00,1,395.1,216.7,0.17099,130.0,304.6,-0.3707,0.00141,OK
1.1267,1.0964,30.3,0,394.0,212.6,0.1872,401.1,223.5,0.1226,99.9,387.1,0.0000,66.5,466.5,-0.2583,152.1,446.0,0,0.0,0.0,0.0000,2.46,-14.69,-7.13,11.47,1,-0.3800,-1.040,-2.795,24.00,1,395.7,219.5,0.16790,124.4,335.6,-0.3801,0.00137,OK
1.1344,1.1311,3.2,0,397.2,230.3,0.1699,404.2,237.0,0.1226,82.3,391.5,0.0000,62.4,451.6,-0.1893,137.9,434.6,0,0.0,0.0,0.0000,2.08,-16.70,-6.47,10.64,1,-0.2778,1.520,0.824,25.00,1,397.1,229.6,0.16559,174.8,484.7,-0.2539,0.00131,OK
1.1428,1.1365,6.2,0,399.2,231.8,0.1707,404.7,239.1,0.1226,79.5,392.1,0.0000,52.9,437.7,-0.1923,126.5,422.4,0,0.0,0.0,0.0000,1.39,-14.86,-6.31,11.02,1,-0.2778,1.520,0.824,25.00,1,398.5,232.0,0.16549,195.8,429.3,-0.2815,0.00129,OK
1.1512,1.1446,6.6,0,400.7,237.7,0.1953,405.3,242.3,0.1226,75.1,392.9,0.0000,42.4,424.6,-0.2909,124.0,408.3,0,0.0,0.0,0.0000,1.19,-13.22,-6.45,10.56,1,-0.2633,-0.912,0.206,25.00,1,399.8,236.3,0.16638,199.3,432.7,-0.2674,0.00111,OK
1.1589,1.1534,5.5,0,400.1,238.6,0.1544,405.9,245.7,0.1226,70.4,393.7,0.0000,38.5,427.0,-0.1271,103.7,416.0,0,0.0,0.0,0.0000,1.53,-13.10,-6.11,10.89,1,-0.2500,-2.599,0.078,25.00,1,400.4,239.2,0.16273,172.5,387.8,-0.2679,0.00148,OK
1.1670,1.1617,5.3,0,401.3,242.0,0.1536,406.5,249.0,0.1226,65.9,394.4,0.0000,32.3,426.8,-0.1241,97.2,416.8,0,0.0,0.0,0.0000,1.78,-12.92,-5.97,10.44,1,-0.2022,-0.971,-0.245,24.00,1,401.3,242.3,0.15987,162.4,367.7,-0.2219,0.00184,OK
1.1744,1.1702,4.2,0,402.1,245.2,0.1493,407.0,252.3,0.1226,61.4,395.1,0.0000,27.2,426.2,-0.1065,90.3,417.4,0,0.0,0.0,0.0000,1.66,-14.77,-5.90,10.53,1,-0.1778,1.491,-0.137,25.00,1,402.2,245.4,0.15697,170.9,366.6,-0.2180,0.00239,OK
1.1827,1.1782,4.4,0,402.1,249.0,0.1503,407.5,255.5,0.1226,57.3,395.8,0.0000,24.1,424.9,-0.1105,87.4,416.5,0,0.0,0.0,0.0000,1.51,-14.72,-5.64,11.10,1,-0.1778,1.491,-0.137,25.00,1,402.7,248.8,0.15471,163.1,386.9,-0.2039,0.00278,OK
1.1904,1.1871,3.3,0,403.6,251.1,0.1590,408.0,259.0,0.1226,52.8,396.4,0.0000,16.9,427.8,-0.1455,84.4,419.8,0,0.0,0.0,0.0000,0.74,-14.41,-5.51,11.70,1,-0.1667,-0.608,0.735,25.00,1,403.7,251.6,0.15383,175.3,332.5,-0.1662,0.00310,OK
1.1989,1.1871,11.8,0,403.6,251.1,0.1590,408.0,259.0,0.1226,52.8,396.4,0.0000,13.7,437.8,-0.1455,82.8,430.1,0,0.0,0.0,0.0000,2.00,-14.43,-5.67,11.62,1,-0.1867,-2.442,-1.363,24.00,1,404.0,253.1,0.15312,157.3,362.5,-0.1877,0.00306,OK
1.2067,1.2034,3.2,0,406.6,256.9,0.1397,408.8,265.5,0.1226,44.0,397.6,0.0000,1.4,429.7,-0.0684,61.2,425.3,0,0.0,0.0,0.0000,2.41,-14.25,-5.68,11.73,1,-0.1189,-0.657,2.069,24.00,1,406.1,257.2,0.14959,179.7,327.6,-0.1667,0.00327,OK
1.2148,1.2122,2.6,0,407.7,260.7,0.1406,409.1,269.0,0.1226,39.2,398.2,0.0000,-5.2,427.9,-0.0718,54.8,424.4,0,0.0,0.0,0.0000,2.49,-14.19,-6.65,11.60,1,-0.0678,1.638,-0.481,25.00,1,407.4,260.6,0.14763,185.5,357.0,-0.1276,0.00375,OK
1.2225,1.2211,1.4,0,408.6,263.7,0.1435,409.5,272.6,0.1226,34.5,398.7,0.0000,-11.5,428.1,-0.0836,49.9,425.3,0,0.0,0.0,0.0000,2.62,-15.04,-5.84,11.86,1,-0.0678,1.638,-0.481,25.00,1,408.6,263.8,0.14651,184.4,345.2,-0.0987,0.00385,OK
1.2308,1.2296,1.1,0,409.2,267.3,0.1472,409.8,276.0,0.1226,30.1,399.0,0.0000,-16.9,426.7,-0.0984,45.9,424.6,0,0.0,0.0,0.0000,2.84,-14.24,-5.93,11.65,1,-0.0556,1.510,-2.520,25.00,1,409.4,267.2,0.14627,165.5,369.0,-0.0500,0.00382,OK
1.2388,1.2376,1.1,0,409.7,270.1,0.1449,410.0,279.2,0.1226,25.9,399.1,0.0000,-22.0,427.8,-0.0890,40.0,426.5,0,0.0,0.0,0.0000,2.91,-14.17,-5.91,12.73,1,-0.0178,-1.216,1.432,24.00,1,410.1,270.2,0.14600,155.1,363.1,-0.0291,0.00377,OK
1.2466,1.2464,0.3,0,411.4,273.7,0.1431,410.2,282.6,0.1226,21.3,399.2,0.0000,-30.4,426.4,-0.0818,30.7,426.4,0,0.0,0.0,0.0000,2.69,-14.50,-5.34,12.08,1,0.0056,-1.138,0.059,24.00,1,411.2,273.6,0.14560,179.9,364.3,-0.0270,0.00378,OK
1.2549,1.2547,0.2,0,412.9,276.0,0.1322,410.3,286.0,0.1226,16.8,399.5,0.0000,-38.6,428.9,-0.0384,18.3,430.3,0,0.0,0.0,0.0000,3.46,-15.08,-6.12,11.79,1,0.0056,-1.138,0.059,25.00,1,412.5,276.4,0.14338,181.4,326.5,-0.1411,0.00404,OK
1.2631,1.2629,0.2,0,414.4,280.3,0.1417,410.5,289.3,0.1226,12.4,399.7,0.0000,-47.3,425.7,-0.0763,13.3,428.1,0,0.0,0.0,0.0000,3.51,-14.23,-6.73,11.57,1,0.0478,1.657,-0.235,25.00,1,413.9,280.0,0.14379,207.6,392.6,0.0083,0.00428,OK
1.2706,1.2629,7.7,0,414.4,280.3,0.1417,410.5,289.3,0.1226,12.4,399.7,0.0000,-51.0,434.3,-0.0763,10.8,437.2,0,0.0,0.0,0.0000,4.01,-14.65,-6.85,12.37,1,0.0800,3.001,0.853,25.00,1,413.9,280.0,0.14389,184.8,391.2,0.0358,0.00428,OK
1.2790,1.2734,5.6,0,415.0,282.9,0.1458,410.6,293.5,0.1226,6.8,399.9,0.0000,-57.3,436.1,-0.0928,6.7,439.8,0,0.0,0.0,0.0000,3.85,-14.82,-6.62,11.69,1,0.0556,0.088,-1.000,25.00,1,415.1,283.4,0.14456,170.9,344.0,0.0495,0.00431,OK
1.2865,1.2799,6.6,0,415.7,286.2,0.1502,410.6,296.0,0.1226,3.4,400.0,0.0000,-63.6,434.4,-0.1103,2.1,439.0,0,0.0,0.0,0.0000,4.17,-14.04,-6.07,12.14,1,0.0556,0.088,-1.000,24.00,1,415.8,286.0,0.14568,167.3,357.9,0.0620,0.00405,OK
1.2945,1.2882,6.2,0,416.1,289.9,0.1419,410.6,299.4,0.1226,-1.1,399.9,0.0000,-69.1,432.2,-0.0770,-7.3,437.7,0,0.0,0.0,0.0000,4.94,-13.44,-6.90,11.14,1,0.0822,-1.196,-0.706,24.00,1,416.3,289.6,0.14570,134.2,381.2,0.0786,0.00408,OK
1.3028,1.2882,14.5,0,416.1,289.9,0.1419,410.6,299.4,0.1226,-1.1,399.9,0.0000,-73.7,441.5,-0.0770,-10.6,447.5,0,0.0,0.0,0.0000,5.66,-12.88,-6.78,10.55,1,0.1489,-0.863,0.324,25.00,1,416.8,292.1,0.14653,116.7,374.2,0.1515,0.00395,OK
1.3104,1.3052,5.3,0,418.4,295.9,0.1470,410.5,306.2,0.1226,-10.2,399.8,0.0000,-84.4,432.3,-0.0973,-20.2,440.0,0,0.0,0.0,0.0000,5.77,-12.59,-7.62,10.41,1,0.1833,2.677,0.402,25.00,1,418.0,296.0,0.14806,126.8,371.7,0.1748,0.00402,OK
1.3183,1.3138,4.5,0,418.9,300.0,0.1628,410.4,309.6,0.1226,-15.0,399.7,0.0000,-90.4,429.0,-0.1606,-19.7,438.0,0,0.0,0.0,0.0000,5.67,-13.16,-7.30,10.38,1,0.2122,4.060,-0.804,25.00,1,418.8,299.7,0.15176,139.1,391.9,0.2353,0.00378,OK
1.3271,1.3225,4.6,0,420.2,302.7,0.1572,410.2,313.1,0.1226,-19.6,399.5,0.0000,-99.3,430.8,-0.1382,-30.7,441.0,0,0.0,0.0,0.0000,5.31,-13.20,-7.74,10.95,1,0.2122,4.060,-0.804,24.00,1,419.8,303.0,0.15407,154.5,374.0,0.2088,0.00382,OK
1.3349,1.3306,4.3,0,420.3,306.1,0.1705,410.1,316.3,0.1226,-23.8,399.3,0.0000,-104.5,429.1,-0.1916,-30.2,440.6,0,0.0,0.0,0.0000,7.03,-13.74,-8.47,10.95,1,0.2344,0.843,0.177,24.00,1,420.3,306.2,0.15801,126.2,403.1,0.2682,0.00352,OK
1.3422,1.3306,11.6,0,420.3,306.1,0.1705,410.1,316.3,0.1226,-23.8,399.3,0.0000,-109.2,436.9,-0.1916,-33.4,449.1,0,0.0,0.0,0.0000,7.13,-12.19,-8.22,10.46,1,0.2467,-2.256,0.098,25.00,1,420.5,307.7,0.15890,110.0,387.6,0.2453,0.00349,OK
1.3506,1.3306,20.0,0,420.3,306.1,0.1705,410.1,316.3,0.1226,-23.8,399.3,0.0000,-114.6,445.9,-0.1916,-37.3,458.8,0,0.0,0.0,0.0000,7.84,-11.26,-8.72,9.58,1,0.2944,1.275,1.422,25.00,1,420.8,311.0,0.16114,81.0,385.1,0.2909,0.00348,OK
1.3584,1.3306,27.7,0,420.3,306.1,0.1705,410.1,316.3,0.1226,-23.8,399.3,0.0000,-119.3,454.4,-0.1916,-40.4,468.0,0,0.0,0.0,0.0000,8.06,-11.35,-10.51,9.22,1,0.2944,1.275,1.422,25.00,1,420.8,314.1,0.16337,61.7,405.6,0.2829,0.00360,OK
1.3661,1.3306,35.5,0,420.3,306.1,0.1705,410.1,316.3,0.1226,-23.8,399.3,0.0000,-124.1,462.8,-0.1916,-43.8,477.2,0,0.0,0.0,0.0000,8.56,-12.14,-11.34,9.51,1,0.3478,4.070,-2.981,24.00,1,420.7,317.4,0.16574,57.4,431.6,0.3326,0.00376,OK
1.3747,1.3306,44.0,0,420.3,306.1,0.1705,410.1,316.3,0.1226,-23.8,399.3,0.0000,-129.5,472.0,-0.1916,-47.5,487.2,0,0.0,0.0,0.0000,8.29,-11.73,-10.31,9.13,1,0.3433,2.069,0.922,25.00,1,420.6,321.0,0.16857,56.6,412.4,0.3299,0.00389,OK
1.3825,1.3306,51.9,0,420.3,306.1,0.1705,410.1,316.3,0.1226,-23.8,399.3,0.0000,-134.6,480.4,-0.1916,-51.1,496.3,0,0.0,0.0,0.0000,8.72,-10.96,-9.72,9.63,1,0.3089,-0.785,0.363,24.00,1,420.5,324.3,0.17107,54.9,411.0,0.3065,0.00387,OK
1.3901,1.3306,59.5,0,420.3,306.1,0.1705,410.1,316.3,0.1226,-23.8,399.3,0.0000,-137.7,480.7,-0.1916,-54.1,497.1,0,0.0,0.0,0.0000,9.25,-10.25,-9.43,9.13,1,0.3067,0.020,-0.481,24.00,1,420.3,327.4,0.17341,40.0,401.5,0.3085,0.00379,OK
1.3990,1.3306,68.3,0,420.3,306.1,0.1705,410.1,316.3,0.1226,-23.8,399.3,0.0000,-140.9,479.7,-0.1916,-57.4,496.7,0,0.0,0.0,0.0000,10.06,-10.44,-10.51,8.27,1,0.3067,0.020,-0.481,25.00,1,419.9,331.0,0.17611,13.6,417.6,0.3027,0.00380,OK
1.4071,1.4066,0.4,0,420.4,329.8,0.1735,406.7,346.5,0.1226,-63.7,394.9,0.0000,-144.8,464.0,-0.2034,-62.6,482.1,0,0.0,0.0,0.0000,9.43,-10.02,-10.69,7.79,1,0.2733,2.540,-0.363,25.00,1,420.3,330.0,0.17857,9.5,285.7,0.2063,0.00410,OK
1.4148,1.4066,8.2,0,420.4,329.8,0.1735,406.7,346.5,0.1226,-63.7,394.9,0.0000,-152.9,450.8,-0.2034,-72.8,470.5,0,0.0,0.0,0.0000,9.45,-10.66,-11.15,7.85,1,0.2278,2.324,0.137,25.00,1,420.3,330.1,0.17865,9.1,323.7,0.2211,0.00414,OK
1.4226,1.4066,15.9,0,420.4,329.8,0.1735,406.7,346.5,0.1226,-63.7,394.9,0.0000,-163.1,450.9,-0.2034,-82.8,472.3,0,0.0,0.0,0.0000,9.89,-11.56,-11.10,7.70,1,0.2167,0.098,-1.353,24.00,1,419.9,332.6,0.18032,5.8,340.7,0.2093,0.00419,OK
1.4310,1.4066,24.4,0,420.4,329.8,0.1735,406.7,346.5,0.1226,-63.7,394.9,0.0000,-169.3,459.5,-0.2034,-87.4,481.8,0,0.0,0.0,0.0000,10.00,-10.88,-12.37,7.55,1,0.2167,0.098,-1.353,24.00,1,419.4,335.5,0.18208,-10.3,356.6,0.2079,0.00426,OK
1.4389,1.4066,32.3,0,420.4,329.8,0.1735,406.7,346.5,0.1226,-63.7,394.9,0.0000,-175.3,467.4,-0.2034,-92.0,490.6,0,0.0,0.0,0.0000,10.49,-9.70,-12.12,7.32,1,0.2267,1.500,0.363,27.00,1,418.7,338.3,0.18377,-23.9,353.7,0.2211,0.00428,OK
1.4468,1.4066,40.1,0,420.4,329.8,0.1735,406.7,346.5,0.1226,-63.7,394.9,0.0000,-178.3,467.1,-0.2034,-95.0,490.9,0,0.0,0.0,0.0000,11.26,-10.75,-13.84,7.03,1,0.2189,2.461,1.638,25.00,1,417.9,341.1,0.18545,-43.3,392.5,0.2090,0.00436,OK
1.4551,1.4066,48.4,0,420.4,329.8,0.1735,406.7,346.5,0.1226,-63.7,394.9,0.0000,-181.0,466.1,-0.2034,-97.8,490.3,0,0.0,0.0,0.0000,11.70,-10.77,-13.69,6.56,1,0.1556,0.275,-1.579,25.00,1,416.9,344.3,0.18692,-54.3,397.7,0.1466,0.00443,OK
1.4631,1.4066,56.5,0,420.4,329.8,0.1735,406.7,346.5,0.1226,-63.7,394.9,0.0000,-183.6,465.1,-0.2034,-100.6,489.8,0,0.0,0.0,0.0000,11.96,-11.39,-13.38,6.03,1,0.1356,1.383,-2.177,25.00,1,415.8,347.3,0.18799,-62.4,399.8,0.1237,0.00455,OK
1.4711,1.4066,64.5,0,420.4,329.8,0.1735,406.7,346.5,0.1226,-63.7,394.9,0.0000,-186.0,464.1,-0.2034,-103.1,489.3,0,0.0,0.0,0.0000,12.10,-11.48,-14.31,5.37,1,0.1356,1.383,-2.177,24.00,1,414.6,350.4,0.18894,-83.4,407.8,0.1186,0.00475,OK
1.4790,1.4066,72.3,0,420.4,329.8,0.1735,406.7,346.5,0.1226,-63.7,394.9,0.0000,-188.4,463.2,-0.2034,-105.6,488.7,0,0.0,0.0,0.0000,11.85,-9.77,-14.38,5.00,1,0.1944,2.236,0.549,24.00,1,413.4,353.3,0.19007,-93.7,394.2,0.1765,0.00495,OK
1.4871,1.4066,80.5,0,420.4,329.8,0.1735,406.7,346.5,0.1226,-63.7,394.9,0.0000,-190.9,462.1,-0.2034,-108.2,488.1,0,0.0,0.0,0.0000,12.98,-8.93,-15.04,5.69,1,0.1589,0.196,-0.098,25.00,1,412.0,356.5,0.19140,-99.6,420.6,0.1525,0.00498,OK
1.4949,1.4066,88.3,0,420.4,329.8,0.1735,406.7,346.5,0.1226,-63.7,394.9,0.0000,-193.4,461.1,-0.2034,-110.9,487.5,0,0.0,0.0,0.0000,12.80,-9.39,-14.06,5.23,1,0.1367,2.344,0.775,25.00,1,410.6,359.5,0.19248,-97.6,411.4,0.1267,0.00506,OK
1.5028,1.4066,96.2,0,420.4,329.8,0.1735,406.7,346.5,0.1226,-63.7,394.9,0.0000,-196.1,460.0,-0.2034,-113.7,486.9,0,0.0,0.0,0.0000,13.13,-9.28,-15.37,5.44,1,0.1133,0.265,-1.589,24.00,1,409.1,362.7,0.19339,-106.9,434.5,0.1050,0.00511,OK
1.5118,1.5116,0.2,0,411.5,367.9,0.1911,397.1,387.4,0.1226,-118.4,382.0,0.0000,-201.2,442.7,-0.2738,-113.4,472.9,0,0.0,0.0,0.0000,13.79,-9.50,-15.56,5.09,1,0.1133,0.265,-1.589,25.00,1,411.3,368.0,0.19367,-65.7,417.5,0.0700,0.00541,OK
1.5185,1.5116,6.9,0,411.5,367.9,0.1911,397.1,387.4,0.1226,-118.4,382.0,0.0000,-210.1,432.6,-0.2738,-124.1,464.6,0,0.0,0.0,0.0000,14.78,-9.10,-15.33,5.51,1,0.0633,-0.824,0.284,24.00,1,411.3,368.0,0.19391,-77.1,433.3,0.1523,0.00542,OK
1.5260,1.5116,14.4,0,411.5,367.9,0.1911,397.1,387.4,0.1226,-118.4,382.0,0.0000,-218.9,436.6,-0.2738,-132.0,470.2,0,0.0,0.0,0.0000,13.56,-8.00,-15.30,4.26,1,0.1156,1.118,0.745,25.00,1,410.3,370.5,0.19468,-93.0,401.5,0.1081,0.00545,OK
1.5343,1.5116,22.7,0,411.5,367.9,0.1911,397.1,387.4,0.1226,-118.4,382.0,0.0000,-225.7,444.1,-0.2738,-137.3,478.9,0,0.0,0.0,0.0000,13.63,-8.39,-15.76,4.50,1,0.0556,1.089,-2.275,25.00,1,408.8,373.7,0.19533,-93.9,417.5,0.0493,0.00547,OK
1.5426,1.5116,31.0,0,411.5,367.9,0.1911,397.1,387.4,0.1226,-118.4,382.0,0.0000,-229.1,444.4,-0.2738,-140.5,479.9,0,0.0,0.0,0.0000,14.43,-9.22,-16.41,4.73,1,0.0556,1.089,-2.275,24.00,1,407.3,377.0,0.19573,-103.5,448.4,0.0474,0.00551,OK
1.5509,1.5116,39.3,0,411.5,367.9,0.1911,397.1,387.4,0.1226,-118.4,382.0,0.0000,-231.8,443.0,-0.2738,-143.4,479.0,0,0.0,0.0,0.0000,14.09,-9.51,-16.03,4.77,1,0.0300,0.588,0.167,24.00,1,405.8,380.5,0.19600,-99.4,447.6,0.0212,0.00557,OK
1.5582,1.5116,46.6,0,411.5,367.9,0.1911,397.1,387.4,0.1226,-118.4,382.0,0.0000,-234.2,441.8,-0.2738,-146.0,478.2,0,0.0,0.0,0.0000,13.99,-8.76,-16.08,3.59,1,0.0356,1.010,-0.461,25.00,1,404.3,383.5,0.19613,-124.5,430.9,0.0216,0.00572,OK
1.5667,1.5116,55.0,0,411.5,367.9,0.1911,397.1,387.4,0.1226,-118.4,382.0,0.0000,-237.1,440.2,-0.2738,-149.2,477.2,0,0.0,0.0,0.0000,14.38,-8.59,-16.61,3.69,1,-0.0233,0.255,-0.696,25.00,1,402.6,386.9,0.19607,-130.3,444.0,-0.0328,0.00579,OK
1.5748,1.5116,63.1,0,411.5,367.9,0.1911,397.1,387.4,0.1226,-118.4,382.0,0.0000,-239.9,438.7,-0.2738,-152.2,476.3,0,0.0,0.0,0.0000,15.47,-8.59,-17.49,4.19,1,-0.0233,0.255,-0.696,25.00,1,400.8,390.4,0.19583,-138.6,473.2,-0.0277,0.00577,OK
1.5825,1.5116,70.9,0,411.5,367.9,0.1911,397.1,387.4,0.1226,-118.4,382.0,0.0000,-242.3,437.4,-0.2738,-154.8,475.4,0,0.0,0.0,0.0000,15.52,-8.35,-19.23,4.08,1,-0.0433,0.951,4.609,25.00,1,398.9,393.8,0.19555,-153.7,489.1,-0.0467,0.00572,OK
1.5902,1.5116,78.6,0,411.5,367.9,0.1911,397.1,387.4,0.1226,-118.4,382.0,0.0000,-244.7,436.0,-0.2738,-157.4,474.6,0,0.0,0.0,0.0000,14.89,-8.33,-18.26,4.23,1,-0.1111,-0.157,-2.815,25.00,1,397.1,397.2,0.19496,-139.7,476.1,-0.1109,0.00562,OK
1.5991,1.5116,87.5,0,411.5,367.9,0.1911,397.1,387.4,0.1226,-118.4,382.0,0.0000,-247.3,434.6,-0.2738,-160.2,473.6,0,0.0,0.0,0.0000,15.10,-9.01,-18.20,3.49,1,-0.1344,0.118,-3.266,24.00,1,395.0,401.2,0.19381,-155.9,482.4,-0.1434,0.00569,OK
1.6065,1.5116,94.9,0,411.5,367.9,0.1911,397.1,387.4,0.1226,-118.4,382.0,0.0000,-249.5,433.3,-0.2738,-162.7,472.8,0,0.0,0.0,0.0000,15.81,-9.34,-17.12,3.40,1,-0.1222,-0.314,3.697,24.00,1,393.1,404.5,0.19277,-158.1,482.9,-0.1322,0.00578,OK
1.6151,1.6149,0.2,0,388.4,416.4,0.1996,382.2,425.9,0.1226,-170.0,362.1,0.0000,-244.7,416.9,-0.3077,-157.2,457.1,0,0.0,0.0,0.0000,14.33,-8.31,-17.92,3.19,1,-0.1222,-0.314,3.697,25.00,1,388.4,416.3,0.19415,-153.2,517.7,-0.0625,0.00536,OK
1.6225,1.6149,7.5,0,388.4,416.4,0.1996,382.2,425.9,0.1226,-170.0,362.1,0.0000,-242.3,402.3,-0.3077,-157.7,442.4,0,0.0,0.0,0.0000,15.75,-7.85,-17.99,3.28,1,-0.1011,-0.078,1.059,25.00,1,388.4,416.3,0.19420,-169.3,522.5,-0.0309,0.00536,OK
1.6308,1.6149,15.8,0,388.4,416.4,0.1996,382.2,425.9,0.1226,-170.0,362.1,0.0000,-244.8,385.9,-0.3077,-163.5,426.8,0,0.0,0.0,0.0000,17.17,-4.76,-18.67,3.52,1,-0.1322,-0.422,-0.686,25.00,1,386.3,419.8,0.19428,-176.2,475.6,0.0076,0.00441,OK
1.6390,1.6149,24.1,0,388.4,416.4,0.1996,382.2,425.9,0.1226,-170.0,362.1,0.0000,-253.9,386.7,-0.3077,-172.2,429.4,0,0.0,0.0,0.0000,16.99,-4.39,-19.57,3.02,1,-0.2056,0.127,-3.393,25.00,1,384.1,423.3,0.19429,-184.0,464.7,-0.0379,0.00341,OK
1.6463,1.6149,31.4,0,388.4,416.4,0.1996,382.2,425.9,0.1226,-170.0,362.1,0.0000,-261.1,392.4,-0.3077,-178.1,436.4,0,0.0,0.0,0.0000,17.44,-7.08,-19.20,2.44,1,-0.2056,0.127,-3.393,24.00,1,382.0,426.6,0.19347,-201.0,528.7,-0.1935,0.00314,OK
1.6547,1.6149,39.8,0,388.4,416.4,0.1996,382.2,425.9,0.1226,-170.0,362.1,0.0000,-269.5,398.9,-0.3077,-185.1,444.4,0,0.0,0.0,0.0000,14.93,-8.05,-15.67,2.81,1,-0.2756,-0.745,2.716,24.00,1,379.8,430.5,0.19153,-151.3,479.9,-0.2715,0.00300,OK
1.6624,1.6149,47.5,0,388.4,416.4,0.1996,382.2,425.9,0.1226,-170.0,362.1,0.0000,-277.2,404.5,-0.3077,-191.5,451.4,0,0.0,0.0,0.0000,14.34,-8.38,-14.61,3.02,1,-0.2678,-0.147,1.275,24.00,1,378.0,433.9,0.18948,-136.0,464.8,-0.2660,0.00289,OK
1.6709,1.6149,56.0,0,388.4,416.4,0.1996,382.2,425.9,0.1226,-170.0,362.1,0.0000,-285.7,410.4,-0.3077,-198.6,458.8,0,0.0,0.0,0.0000,14.41,-8.28,-17.28,3.08,1,-0.2944,-0.098,0.902,25.00,1,376.0,437.6,0.18714,-156.0,495.6,-0.2920,0.00278,OK
1.6786,1.6149,63.7,0,388.4,416.4,0.1996,382.2,425.9,0.1226,-170.0,362.1,0.0000,-288.3,408.5,-0.3077,-201.6,457.6,0,0.0,0.0,0.0000,14.58,-8.29,-17.74,2.73,1,-0.2944,-0.098,0.902,24.00,1,374.1,441.2,0.18487,-168.1,498.5,-0.2956,0.00274,OK
1.6863,1.6149,71.4,0,388.4,416.4,0.1996,382.2,425.9,0.1226,-170.0,362.1,0.0000,-290.9,406.7,-0.3077,-204.5,456.3,0,0.0,0.0,0.0000,14.27,-8.72,-18.33,1.73,1,-0.3544,-0.667,-2.815,25.00,1,372.0,444.7,0.18228,-188.1,494.2,-0.3683,0.00300,OK
1.6950,1.6149,80.1,0,388.4,416.4,0.1996,382.2,425.9,0.1226,-170.0,362.1,0.0000,-293.7,404.6,-0.3077,-207.7,454.8,0,0.0,0.0,0.0000,11.06,-9.22,-17.69,2.09,1,-0.3422,0.373,0.843,24.00,1,369.9,448.4,0.17890,-144.1,444.7,-0.3784,0.00357,OK
1.7032,1.6149,88.3,0,388.4,416.4,0.1996,382.2,425.9,0.1226,-170.0,362.1,0.0000,-296.4,402.7,-0.3077,-210.7,453.4,0,0.0,0.0,0.0000,8.85,-8.68,-17.26,1.24,1,-0.3333,1.098,0.608,25.00,1,368.3,451.5,0.17544,-128.0,382.3,-0.4286,0.00453,OK
1.7110,1.6149,96.1,0,388.4,416.4,0.1996,382.2,425.9,0.1226,-170.0,362.1,0.0000,-298.9,400.9,-0.3077,-213.5,452.1,0,0.0,0.0,0.0000,11.40,-8.76,-16.79,0.48,1,-0.2956,-0.941,1.608,25.00,1,366.5,454.4,0.17213,-177.4,418.9,-0.3806,0.00541,OK
1.7182,1.7169,1.3,0,365.3,458.1,0.1802,362.5,461.5,0.1226,-217.3,335.7,0.0000,-293.5,387.5,-0.2302,-219.3,433.9,0,0.0,0.0,0.0000,13.28,-7.73,-17.54,1.28,1,-0.2956,-0.941,1.608,26.00,1,365.3,458.2,0.17252,-164.9,432.2,-0.2467,0.00505,OK
1.7267,1.7169,9.8,0,365.3,458.1,0.1802,362.5,461.5,0.1226,-217.3,335.7,0.0000,-288.7,371.3,-0.2302,-217.5,417.1,0,0.0,0.0,0.0000,15.05,-7.71,-18.01,1.69,1,-0.2300,-1.706,-0.647,24.00,1,364.8,458.9,0.17209,-182.5,465.6,-0.2404,0.00515,OK
1.7351,1.7169,18.2,0,365.3,458.1,0.1802,362.5,461.5,0.1226,-217.3,335.7,0.0000,-286.9,354.7,-0.2302,-218.7,400.3,0,0.0,0.0,0.0000,14.97,-7.35,-18.35,1.83,1,-0.1589,2.157,-0.118,24.00,1,362.6,462.5,0.17036,-186.2,466.4,-0.1698,0.00526,OK
1.7428,1.7169,25.9,0,365.3,458.1,0.1802,362.5,461.5,0.1226,-217.3,335.7,0.0000,-291.0,339.7,-0.2302,-225.4,386.3,0,0.0,0.0,0.0000,14.28,-6.77,-18.52,2.14,1,-0.1278,1.040,1.981,24.00,1,360.6,465.8,0.16919,-176.9,454.3,-0.1325,0.00524,OK
1.7504,1.7169,33.5,0,365.3,458.1,0.1802,362.5,461.5,0.1226,-217.3,335.7,0.0000,-300.8,339.1,-0.2302,-235.2,387.5,0,0.0,0.0,0.0000,14.47,-7.43,-17.73,2.26,1,-0.1411,-0.686,-1.000,25.00,1,358.7,469.0,0.16811,-173.9,460.5,-0.1500,0.00531,OK
1.7589,1.7169,42.0,0,365.3,458.1,0.1802,362.5,461.5,0.1226,-217.3,335.7,0.0000,-309.9,344.3,-0.2302,-243.2,394.3,0,0.0,0.0,0.0000,15.10,-7.53,-18.16,2.33,1,-0.1411,-0.686,-1.000,25.00,1,356.6,472.7,0.16684,-182.3,474.9,-0.1482,0.00534,OK
1.7668,1.7169,49.9,0,365.3,458.1,0.1802,362.5,461.5,0.1226,-217.3,335.7,0.0000,-318.5,349.0,-0.2302,-250.7,400.5,0,0.0,0.0,0.0000,15.37,-6.74,-18.20,2.08,1,-0.1122,-0.078,-2.108,24.00,1,354.5,476.1,0.16582,-191.4,467.1,-0.1141,0.00528,OK
1.7746,1.7169,57.7,0,365.3,458.1,0.1802,362.5,461.5,0.1226,-217.3,335.7,0.0000,-327.1,353.6,-0.2302,-258.4,406.4,0,0.0,0.0,0.0000,14.96,-6.70,-20.46,2.32,1,0.0000,0.559,2.412,24.00,1,352.3,479.5,0.16533,-201.3,482.2,-0.0101,0.00535,OK
1.7823,1.7169,65.4,0,365.3,458.1,0.1802,362.5,461.5,0.1226,-217.3,335.7,0.0000,-335.7,357.9,-0.2302,-266.1,412.3,0,0.0,0.0,0.0000,14.72,-6.36,-17.56,1.90,1,0.0222,1.863,1.795,25.00,1,350.3,482.8,0.16529,-195.1,450.9,0.0085,0.00549,OK
1.7910,1.7169,74.1,0,365.3,458.1,0.1802,362.5,461.5,0.1226,-217.3,335.7,0.0000,-344.8,362.1,-0.2302,-274.4,418.0,0,0.0,0.0,0.0000,15.34,-7.21,-17.02,2.60,1,0.0222,1.863,1.795,24.00,1,348.0,486.5,0.16536,-184.8,469.0,0.0110,0.00559,OK
1.7989,1.7169,82.0,0,365.3,458.1,0.1802,362.5,461.5,0.1226,-217.3,335.7,0.0000,-347.3,359.7,-0.2302,-277.2,416.1,0,0.0,0.0,0.0000,15.18,-6.68,-16.78,2.07,1,-0.0111,-1.020,-1.187,25.00,1,345.9,489.8,0.16530,-191.4,454.4,-0.0212,0.00567,OK
1.8070,1.7169,90.1,0,365.3,458.1,0.1802,362.5,461.5,0.1226,-217.3,335.7,0.0000,-349.7,357.4,-0.2302,-280.0,414.2,0,0.0,0.0,0.0000,15.35,-6.03,-17.14,1.12,1,-0.0356,-2.726,0.402,25.00,1,343.7,493.1,0.16498,-213.8,445.9,-0.0498,0.00582,OK
1.8150,1.7169,98.1,0,365.3,458.1,0.1802,362.5,461.5,0.1226,-217.3,335.7,0.0000,-352.1,355.0,-0.2302,-282.8,412.4,0,0.0,0.0,0.0000,15.73,-5.44,-18.06,0.56,1,0.0256,2.314,2.805,25.00,1,341.3,496.4,0.16475,-238.5,450.8,0.0045,0.00608,OK
1.8231,1.8186,4.5,0,337.1,508.5,0.1680,338.1,494.1,0.1226,-260.6,303.2,0.0000,-345.6,340.2,-0.1817,-283.8,393.2,0,0.0,0.0,0.0000,15.99,-5.50,-18.03,0.74,1,-0.0256,2.589,-0.873,25.00,1,337.2,508.3,0.16581,-227.4,523.3,-0.0310,0.00598,OK
1.8306,1.8186,12.1,0,337.1,508.5,0.1680,338.1,494.1,0.1226,-260.6,303.2,0.0000,-340.4,326.1,-0.1817,-281.0,378.4,0,0.0,0.0,0.0000,16.17,-6.31,-19.02,0.69,1,-0.0256,2.589,-0.873,24.00,1,335.8,510.3,0.16561,-240.7,540.6,-0.0434,0.00619,OK
1.8392,1.8186,20.6,0,337.1,508.5,0.1680,338.1,494.1,0.1226,-260.6,303.2,0.0000,-335.8,309.5,-0.1817,-279.3,361.3,0,0.0,0.0,0.0000,14.95,-5.50,-18.45,0.55,1,-0.0533,1.314,-1.491,25.00,1,333.1,514.4,0.16512,-226.9,502.8,-0.0671,0.00632,OK
1.8470,1.8186,28.5,0,337.1,508.5,0.1680,338.1,494.1,0.1226,-260.6,303.2,0.0000,-333.4,294.1,-0.1817,-279.5,345.7,0,0.0,0.0,0.0000,14.61,-5.01,-17.42,0.68,1,-0.0378,-1.138,4.423,25.00,1,330.8,517.9,0.16467,-215.5,478.5,-0.0462,0.00635,OK
1.8552,1.8186,36.6,0,337.1,508.5,0.1680,338.1,494.1,0.1226,-260.6,303.2,0.0000,-333.7,277.8,-0.1817,-282.6,329.7,0,0.0,0.0,0.0000,14.98,-4.71,-18.42,0.52,1,-0.0667,-0.029,-0.981,26.00,1,328.4,521.4,0.16421,-225.4,479.8,-0.0684,0.00628,OK
1.8632,1.8186,44.6,0,337.1,508.5,0.1680,338.1,494.1,0.1226,-260.6,303.2,0.0000,-338.9,262.6,-0.1817,-290.2,315.6,0,0.0,0.0,0.0000,15.39,-4.30,-18.06,-0.11,1,-0.0667,-0.029,-0.981,24.00,1,325.9,524.9,0.16366,-240.6,469.9,-0.0708,0.00624,OK
1.8709,1.8186,52.4,0,337.1,508.5,0.1680,338.1,494.1,0.1226,-260.6,303.2,0.0000,-351.0,252.9,-0.1817,-303.7,308.0,0,0.0,0.0,0.0000,15.40,-4.33,-17.21,-0.64,1,-0.0344,1.285,-0.186,24.00,1,323.4,528.1,0.16315,-251.3,462.5,-0.0531,0.00645,OK
1.8788,1.8186,60.2,0,337.1,508.5,0.1680,338.1,494.1,0.1226,-260.6,303.2,0.0000,-362.0,254.8,-0.1817,-314.3,311.8,0,0.0,0.0,0.0000,15.72,-3.99,-16.93,-1.08,1,-0.0578,0.059,0.922,25.00,1,320.9,531.3,0.16261,-259.8,453.0,-0.0757,0.00665,OK
1.8864,1.8186,67.8,0,337.1,508.5,0.1680,338.1,494.1,0.1226,-260.6,303.2,0.0000,-371.0,258.2,-0.1817,-322.6,316.6,0,0.0,0.0,0.0000,16.54,-3.73,-16.90,-1.30,1,-0.0700,1.098,1.138,27.00,1,318.3,534.4,0.16198,-269.1,452.2,-0.0836,0.00677,OK
1.8941,1.8186,75.5,0,337.1,508.5,0.1680,338.1,494.1,0.1226,-260.6,303.2,0.0000,-380.2,261.5,-0.1817,-331.1,321.4,0,0.0,0.0,0.0000,16.92,-2.84,-17.51,-1.55,1,-0.0922,2.256,-0.196,25.00,1,315.7,537.4,0.16135,-276.7,436.7,-0.0881,0.00658,OK
1.9031,1.8186,84.5,0,337.1,508.5,0.1680,338.1,494.1,0.1226,-260.6,303.2,0.0000,-390.9,265.1,-0.1817,-341.1,326.7,0,0.0,0.0,0.0000,15.65,-2.44,-17.46,-1.96,1,-0.0922,2.256,-0.196,25.00,1,312.6,540.7,0.16055,-276.7,414.4,-0.0940,0.00650,OK
1.9110,1.8186,92.5,0,337.1,508.5,0.1680,338.1,494.1,0.1226,-260.6,303.2,0.0000,-400.5,268.0,-0.1817,-350.1,331.3,0,0.0,0.0,0.0000,15.92,-2.92,-16.74,-2.08,1,-0.1078,-0.324,2.040,24.00,1,309.9,543.7,0.15967,-277.9,419.7,-0.1206,0.00661,OK
1.9188,1.8186,100.2,0,337.1,508.5,0.1680,338.1,494.1,0.1226,-260.6,303.2,0.0000,-409.7,270.8,-0.1817,-358.7,335.5,0,0.0,0.0,0.0000,15.51,-2.47,-17.54,-2.01,1,-0.0833,-1.706,1.638,25.00,1,307.3,546.5,0.15886,-279.4,411.3,-0.0891,0.00659,OK
1.9269,1.9224,4.5,0,307.8,550.6,0.1607,309.0,523.6,0.1226,-300.0,264.7,0.0000,-401.0,257.1,-0.1524,-354.7,317.9,0,0.0,0.0,0.0000,16.79,-1.97,-18.18,-2.89,1,-0.0633,2.334,-1.559,24.00,1,307.6,550.6,0.15899,-271.1,414.2,-0.0703,0.00653,OK
1.9343,1.9224,12.0,0,307.8,550.6,0.1607,309.0,523.6,0.1226,-300.0,264.7,0.0000,-393.7,244.2,-0.1524,-349.5,304.0,0,0.0,0.0,0.0000,16.35,-1.10,-17.78,-3.06,1,-0.0633,2.334,-1.559,25.00,1,306.3,552.0,0.15875,-271.2,383.1,-0.0627,0.00641,OK
1.9430,1.9224,20.6,0,307.8,550.6,0.1607,309.0,523.6,0.1226,-300.0,264.7,0.0000,-386.3,228.6,-0.1524,-344.8,287.4,0,0.0,0.0,0.0000,16.06,-1.05,-17.51,-3.22,1,-0.0111,1.775,2.530,25.00,1,303.4,554.8,0.15839,-277.0,382.1,-0.0201,0.00645,OK
1.9507,1.9224,28.3,0,307.8,550.6,0.1607,309.0,523.6,0.1226,-300.0,264.7,0.0000,-381.1,214.0,-0.1524,-341.9,272.2,0,0.0,0.0,0.0000,16.61,-0.88,-16.87,-2.88,1,-0.0111,-0.647,-0.245,25.00,1,300.9,557.4,0.15831,-272.0,372.2,-0.0075,0.00628,OK
1.9587,1.9224,36.3,0,307.8,550.6,0.1607,309.0,523.6,0.1226,-300.0,264.7,0.0000,-378.0,198.3,-0.1524,-341.4,256.2,0,0.0,0.0,0.0000,16.45,-0.13,-17.04,-2.46,1,0.0278,0.196,1.491,24.00,1,298.3,559.9,0.15861,-265.4,348.6,0.0597,0.00575,OK
1.9663,1.9224,43.9,0,307.8,550.6,0.1607,309.0,523.6,0.1226,-300.0,264.7,0.0000,-378.5,183.1,-0.1524,-344.3,241.3,0,0.0,0.0,0.0000,16.35,-0.02,-17.19,-1.31,1,0.0300,-0.206,4.521,24.00,1,296.0,562.2,0.15966,-241.6,338.2,0.1692,0.00479,OK
1.9742,1.9224,51.8,0,307.8,550.6,0.1607,309.0,523.6,0.1226,-300.0,264.7,0.0000,-385.5,168.9,-0.1524,-353.5,228.4,0,0.0,0.0,0.0000,16.98,0.00,-17.86,-0.52,1,0.0300,-0.206,4.521,24.00,1,293.7,564.5,0.16171,-235.7,345.3,0.2841,0.00359,OK
1.9830,1.9224,60.6,0,307.8,550.6,0.1607,309.0,523.6,0.1226,-300.0,264.7,0.0000,-399.7,163.7,-0.1524,-368.4,225.6,0,0.0,0.0,0.0000,17.70,1.46,-18.17,-3.34,1,-0.0344,1.147,-1.294,25.00,1,290.8,567.0,0.16342,-306.1,330.1,0.0748,0.00282,OK
1.9908,1.9224,68.4,0,307.8,550.6,0.1607,309.0,523.6,0.1226,-300.0,264.7,0.0000,-409.3,165.7,-0.1524,-377.5,229.0,0,0.0,0.0,0.0000,16.45,2.13,-17.95,-4.69,1,0.0000,-0.912,-1.804,26.00,1,287.9,569.1,0.16389,-329.4,312.1,0.0248,0.00241,OK
1.9986,1.9224,76.2,0,307.8,550.6,0.1607,309.0,523.6,0.1226,-300.0,264.7,0.0000,-418.7,167.9,-0.1524,-386.5,232.7,0,0.0,0.0,0.0000,16.67,1.96,-16.65,-5.26,1,0.1100,0.941,2.020,25.00,1,285.0,571.1,0.16441,-337.3,319.3,0.1080,0.00239,OK
2.0068,1.9224,84.4,0,307.8,550.6,0.1607,309.0,523.6,0.1226,-300.0,264.7,0.0000,-428.8,170.0,-0.1524,-396.1,236.5,0,0.0,0.0,0.0000,17.69,2.25,-16.04,-5.37,1,0.1100,0.941,2.020,24.00,1,281.8,573.2,0.16535,-344.1,314.2,0.1144,0.00228,OK
2.0148,1.9224,92.4,0,307.8,550.6,0.1607,309.0,523.6,0.1226,-300.0,264.7,0.0000,-438.7,171.6,-0.1524,-405.6,239.6,0,0.0,0.0,0.0000,16.51,2.15,-14.58,-5.41,1,0.1856,1.952,4.580,24.00,1,278.8,575.2,0.16648,-326.5,296.5,0.1752,0.00241,OK
2.0239,2.0238,0.2,0,274.0,583.3,0.1606,276.8,548.3,0.1226,-332.8,221.7,0.0000,-426.2,158.3,-0.1519,-395.5,224.4,0,0.0,0.0,0.0000,17.23,2.59,-12.61,-5.49,1,0.0978,0.971,-1.226,27.00,1,273.9,583.2,0.16533,-291.1,302.6,0.0445,0.00269,OK
2.0307,2.0238,6.9,0,274.0,583.3,0.1606,276.8,548.3,0.1226,-332.8,221.7,0.0000,-417.5,148.0,-0.1519,-388.5,212.8,0,0.0,0.0,0.0000,16.21,3.15,-14.72,-5.46,1,0.0300,-0.392,-0.000,25.00,1,273.9,583.2,0.16587,-319.1,312.5,0.2333,0.00270,OK
2.0382,2.0238,14.5,0,274.0,583.3,0.1606,276.8,548.3,0.1226,-332.8,221.7,0.0000,-408.7,135.7,-0.1519,-381.7,199.3,0,0.0,0.0,0.0000,15.91,2.89,-15.47,-6.32,1,0.0422,-0.785,2.795,25.00,1,271.5,584.8,0.16660,-331.1,308.9,0.0417,0.00267,OK
2.0467,2.0238,22.9,0,274.0,583.3,0.1606,276.8,548.3,0.1226,-332.8,221.7,0.0000,-400.4,121.0,-0.1519,-375.9,183.5,0,0.0,0.0,0.0000,16.45,3.55,-15.52,-6.96,1,0.0422,-0.785,2.795,25.00,1,268.3,586.8,0.16696,-350.2,298.0,0.0416,0.00264,OK
2.0548,2.0238,31.1,0,274.0,583.3,0.1606,276.8,548.3,0.1226,-332.8,221.7,0.0000,-395.3,105.5,-0.1519,-373.4,167.4,0,0.0,0.0,0.0000,15.19,3.92,-15.82,-6.51,1,0.0400,0.284,0.461,25.00,1,265.1,588.7,0.16733,-342.1,278.6,0.0444,0.00253,OK
2.0625,2.0238,38.7,0,274.0,583.3,0.1606,276.8,548.3,0.1226,-332.8,221.7,0.0000,-396.0,90.2,-0.1519,-376.5,152.4,0,0.0,0.0,0.0000,15.62,3.97,-16.07,-6.97,1,0.0289,1.245,0.108,24.00,1,262.1,590.3,0.16762,-355.7,281.2,0.0307,0.00246,OK
2.0710,2.0696,1.4,0,243.9,603.8,0.1745,261.3,557.9,0.1226,-346.1,200.5,0.0000,-383.1,78.9,-0.2074,-363.6,144.2,0,0.0,0.0,0.0000,16.10,4.02,-15.65,-7.26,1,0.0211,0.304,2.059,24.00,1,245.4,602.7,0.17020,-552.5,523.0,0.0588,0.00214,OK
2.0788,2.0696,9.2,0,243.9,603.8,0.1745,261.3,557.9,0.1226,-346.1,200.5,0.0000,-372.3,67.9,-0.2074,-354.8,131.5,0,0.0,0.0,0.0000,16.19,4.38,-15.40,-7.46,1,0.0211,0.304,2.059,25.00,1,244.7,603.1,0.17016,-515.8,457.4,0.0201,0.00212,OK
2.0866,2.0791,7.5,0,240.8,604.9,0.1586,258.0,559.8,0.1226,-348.5,196.1,0.0000,-361.6,56.3,-0.1439,-348.2,112.7,0,0.0,0.0,0.0000,15.79,4.21,-14.81,-7.71,1,0.0233,-1.755,0.990,25.00,1,240.4,605.4,0.16730,-491.7,413.9,0.0197,0.00251,OK
2.0947,2.0885,6.3,0,237.0,607.1,0.1688,254.7,561.6,0.1226,-350.8,192.1,0.0000,-351.4,43.8,-0.1849,-339.0,102.3,0,0.0,0.0,0.0000,14.65,4.65,-15.80,-7.65,1,0.0211,-0.422,-0.971,25.00,1,236.1,607.7,0.16777,-463.4,365.6,0.0195,0.00247,OK
2.1032,2.0982,4.9,0,233.6,608.9,0.1671,251.3,563.5,0.1226,-353.2,187.8,0.0000,-341.7,30.0,-0.1777,-332.0,86.4,0,0.0,0.0,0.0000,11.72,5.41,-15.58,-8.04,1,0.0711,3.256,2.481,26.00,1,232.5,609.4,0.16804,-400.1,274.4,0.0626,0.00256,OK
2.1109,2.1053,5.6,0,230.1,610.6,0.1754,248.8,564.8,0.1226,-355.0,184.4,0.0000,-333.7,16.7,-0.2111,-325.7,74.7,0,0.0,0.0,0.0000,12.79,5.73,-14.87,-8.08,1,0.0611,0.716,-0.628,25.00,1,229.6,610.7,0.16966,-402.2,269.9,0.0641,0.00242,OK
2.1182,2.1053,12.9,0,230.1,610.6,0.1754,248.8,564.8,0.1226,-355.0,184.4,0.0000,-334.6,3.6,-0.2111,-328.8,61.9,0,0.0,0.0,0.0000,14.11,5.51,-14.62,-7.73,1,0.0611,0.716,-0.628,24.00,1,227.5,611.7,0.16996,-407.6,282.1,0.0608,0.00239,OK
2.1266,2.1234,3.2,0,222.9,614.2,0.1707,242.3,568.1,0.1226,-359.4,175.5,0.0000,-323.5,-7.0,-0.1922,-320.0,48.0,0,0.0,0.0,0.0000,14.76,5.63,-14.27,-7.81,1,0.0778,-1.687,2.334,26.00,1,222.3,614.3,0.17088,-382.2,266.6,0.0776,0.00235,OK
2.1341,2.1307,3.4,0,219.7,616.0,0.1698,239.7,569.4,0.1226,-361.0,171.8,0.0000,-323.8,-12.2,-0.1888,-321.2,42.7,0,0.0,0.0,0.0000,15.24,5.23,-14.16,-7.93,1,0.0800,-1.873,2.069,25.00,1,219.4,615.9,0.17120,-377.2,275.7,0.0736,0.00235,OK
2.1427,2.1374,5.3,0,215.3,617.6,0.1683,237.2,570.5,0.1226,-362.5,168.6,0.0000,-321.3,-17.4,-0.1828,-319.7,36.7,0,0.0,0.0,0.0000,15.17,5.92,-14.81,-8.17,1,0.0522,0.559,-2.550,25.00,1,216.0,617.4,0.17107,-411.1,274.1,0.0502,0.00235,OK
2.1506,2.1454,5.2,0,212.7,619.1,0.1669,234.3,571.8,0.1226,-364.2,164.8,0.0000,-323.5,-22.1,-0.1769,-322.7,32.0,0,0.0,0.0,0.0000,14.42,6.54,-13.83,-8.72,1,0.0522,0.559,-2.550,24.00,1,212.6,618.9,0.17081,-400.3,243.6,0.0462,0.00239,OK
2.1592,2.1538,5.4,0,208.7,620.7,0.1732,231.3,573.2,0.1226,-366.0,160.8,0.0000,-321.9,-27.0,-0.2023,-321.7,28.9,0,0.0,0.0,0.0000,14.61,6.44,-13.39,-8.38,1,0.0911,1.324,3.158,25.00,1,208.9,620.5,0.17176,-397.4,246.2,0.0948,0.00230,OK
2.1662,2.1597,6.5,0,205.7,621.8,0.1792,229.1,574.1,0.1226,-367.3,158.0,0.0000,-321.5,-30.4,-0.2265,-321.8,27.4,0,0.0,0.0,0.0000,13.85,5.34,-13.12,-8.63,1,0.0756,-1.853,2.010,25.00,1,206.1,621.7,0.17316,-388.9,252.6,0.0733,0.00222,OK
2.1750,2.1672,7.8,0,202.1,623.1,0.1727,226.3,575.3,0.1226,-368.9,154.4,0.0000,-321.6,-34.7,-0.2004,-322.8,21.1,0,0.0,0.0,0.0000,13.01,5.82,-12.61,-8.56,1,0.0422,-3.256,-0.628,24.00,1,202.6,623.0,0.17344,-390.8,228.0,0.0390,0.00225,OK
2.1820,2.1769,5.1,0,198.8,624.3,0.1807,222.8,576.8,0.1226,-371.0,149.7,0.0000,-320.4,-38.8,-0.2324,-322.1,19.4,0,0.0,0.0,0.0000,13.56,5.94,-12.70,-9.08,1,0.0422,-3.256,-0.628,25.00,1,198.6,624.4,0.17476,-394.5,221.1,0.0494,0.00215,OK
2.1910,2.1828,8.2,0,194.7,626.1,0.1743,220.5,577.7,0.1226,-372.2,146.6,0.0000,-319.5,-45.2,-0.2068,-322.6,10.9,0,0.0,0.0,0.0000,13.54,6.21,-12.34,-8.79,1,0.0922,2.030,3.060,25.00,1,195.2,625.9,0.17502,-413.2,233.1,0.0891,0.00219,OK
2.1989,2.1925,6.3,0,192.7,626.2,0.1685,216.9,579.1,0.1226,-374.0,141.6,0.0000,-323.4,-46.5,-0.1834,-326.7,8.4,0,0.0,0.0,0.0000,13.10,6.27,-12.40,-7.92,1,0.0167,0.461,0.657,24.00,1,191.7,626.8,0.17459,-377.1,200.2,0.0158,0.00223,OK
2.2063,2.2010,5.3,0,189.3,627.1,0.1706,213.7,580.2,0.1226,-375.5,137.4,0.0000,-322.5,-49.7,-0.1920,-326.3,5.8,0,0.0,0.0,0.0000,11.85,5.69,-11.39,-8.04,1,-0.0589,-2.403,-0.598,24.00,1,188.8,627.5,0.17380,-343.2,161.3,-0.0619,0.00222,OK
2.2150,2.2108,4.2,0,185.8,628.3,0.1760,210.1,581.6,0.1226,-377.3,132.6,0.0000,-323.1,-54.4,-0.2136,-327.6,3.0,0,0.0,0.0,0.0000,11.74,5.93,-10.56,-9.76,1,-0.0056,-2.550,2.981,25.00,1,185.5,628.3,0.17391,-339.3,140.0,-0.0079,0.00229,OK
2.2222,2.2179,4.3,0,182.4,629.3,0.1791,207.4,582.5,0.1226,-378.7,129.1,0.0000,-321.9,-58.3,-0.2258,-327.1,-0.1,0,0.0,0.0,0.0000,12.26,5.94,-11.50,-11.57,1,-0.0056,-2.550,2.981,25.00,1,182.6,629.1,0.17445,-368.0,160.6,-0.0080,0.00243,OK
2.2308,2.2273,3.6,0,180.0,630.6,0.1770,203.8,583.7,0.1226,-380.4,124.3,0.0000,-325.3,-63.2,-0.2174,-331.3,-4.9,0,0.0,0.0,0.0000,12.34,6.05,-11.44,-10.68,1,0.0300,-1.520,3.452,24.00,1,179.5,630.3,0.17491,-341.1,167.5,0.0248,0.00257,OK
2.2383,2.2349,3.3,0,177.5,630.9,0.1759,200.9,584.6,0.1226,-381.7,120.2,0.0000,-327.0,-65.4,-0.2132,-333.4,-7.1,0,0.0,0.0,0.0000,12.11,7.99,-11.44,-9.14,1,-0.0456,1.853,-2.805,25.00,1,177.0,630.9,0.17477,-334.9,133.8,-0.0326,0.00241,OK
2.2461,2.2439,2.1,0,173.5,631.7,0.1748,197.5,585.7,0.1226,-383.0,115.6,0.0000,-324.8,-69.1,-0.2088,-331.9,-11.5,0,0.0,0.0,0.0000,9.87,6.91,-10.08,-8.60,1,-0.0667,0.245,2.069,25.00,1,173.9,631.5,0.17426,-315.3,123.5,-0.0619,0.00236,OK
2.2547,2.2519,2.8,0,172.1,631.6,0.1812,194.4,586.6,0.1226,-383.9,111.8,0.0000,-331.2,-70.6,-0.2344,-338.5,-9.8,0,0.0,0.0,0.0000,10.78,5.83,-9.35,-8.37,1,-0.0667,0.245,2.069,25.00,1,171.7,631.9,0.17487,-284.1,111.6,-0.0225,0.00215,OK
2.2630,2.2603,2.7,0,168.1,632.8,0.1789,191.2,587.5,0.1226,-385.0,107.5,0.0000,-329.6,-75.9,-0.2250,-337.8,-16.0,0,0.0,0.0,0.0000,9.62,6.02,-9.34,-8.35,1,-0.0578,-3.256,2.452,25.00,1,168.7,632.5,0.17502,-307.7,121.5,-0.0331,0.00207,OK
2.2704,2.2603,10.1,0,168.1,632.8,0.1789,191.2,587.5,0.1226,-385.0,107.5,0.0000,-338.7,-77.5,-0.2250,-347.1,-16.0,0,0.0,0.0,0.0000,9.28,5.97,-9.10,-7.74,1,-0.0667,-2.216,0.990,25.00,1,168.1,632.7,0.17484,-289.1,109.7,-0.0646,0.00201,OK
2.2787,2.2603,18.4,0,168.1,632.8,0.1789,191.2,587.5,0.1226,-385.0,107.5,0.0000,-348.9,-79.5,-0.2250,-357.5,-16.2,0,0.0,0.0,0.0000,9.54,6.88,-8.92,-7.93,1,-0.0678,0.735,1.363,25.00,1,165.5,633.1,0.17433,-300.0,94.6,-0.0595,0.00185,OK
2.2870,2.2603,26.7,0,168.1,632.8,0.1789,191.2,587.5,0.1226,-385.0,107.5,0.0000,-359.0,-81.2,-0.2250,-367.8,-16.1,0,0.0,0.0,0.0000,9.57,6.46,-8.60,-8.39,1,-0.0700,-0.029,0.941,24.00,1,162.9,633.4,0.17382,-298.7,89.8,-0.0663,0.00176,OK
2.2948,2.2603,34.5,0,168.1,632.8,0.1789,191.2,587.5,0.1226,-385.0,107.5,0.0000,-368.7,-83.1,-0.2250,-377.6,-16.2,0,0.0,0.0,0.0000,9.74,6.40,-8.02,-8.14,1,-0.0700,-0.029,0.941,24.00,1,160.6,633.6,0.17333,-291.7,82.9,-0.0610,0.00160,OK
2.3028,2.2603,42.5,0,168.1,632.8,0.1789,191.2,587.5,0.1226,-385.0,107.5,0.0000,-378.5,-85.3,-0.2250,-387.6,-16.6,0,0.0,0.0,0.0000,8.51,6.77,-7.87,-8.35,1,-0.0744,-0.716,1.000,25.00,1,158.2,633.8,0.17280,-287.2,62.7,-0.0712,0.00152,OK
2.3109,2.2603,50.6,0,168.1,632.8,0.1789,191.2,587.5,0.1226,-385.0,107.5,0.0000,-388.3,-87.6,-0.2250,-397.7,-17.1,0,0.0,0.0,0.0000,7.44,6.58,-7.11,-8.35,1,-0.0544,-0.539,2.050,25.00,1,155.9,633.8,0.17228,-270.0,44.2,-0.0586,0.00156,OK
2.3186,2.2603,58.3,0,168.1,632.8,0.1789,191.2,587.5,0.1226,-385.0,107.5,0.0000,-397.8,-90.1,-0.2250,-407.5,-17.8,0,0.0,0.0,0.0000,7.56,6.86,-6.83,-8.71,1,-0.0978,-1.187,1.804,25.00,1,153.8,633.8,0.17168,-275.0,32.4,-0.0963,0.00152,OK
2.3270,2.3268,0.2,0,155.8,633.0,0.1750,165.3,593.5,0.1226,-393.3,73.0,0.0000,-381.1,-92.2,-0.2096,-391.3,-24.4,0,0.0,0.0,0.0000,7.26,3.43,-6.55,-8.53,1,-0.1600,-1.059,0.451,24.00,1,155.4,633.0,0.17082,-133.5,41.3,-0.1100,0.00152,OK
2.3346,2.3268,7.8,0,155.8,633.0,0.1750,165.3,593.5,0.1226,-393.3,73.0,0.0000,-380.2,-95.7,-0.2096,-391.1,-28.0,0,0.0,0.0,0.0000,7.23,3.40,-6.77,-8.82,1,-0.1600,-1.059,0.451,24.00,1,155.3,633.0,0.17002,-161.9,42.2,-0.3707,0.00151,OK
2.3429,2.3268,16.1,0,155.8,633.0,0.1750,165.3,593.5,0.1226,-393.3,73.0,0.0000,-390.2,-98.3,-0.2096,-401.4,-28.9,0,0.0,0.0,0.0000,6.86,5.10,-6.70,-9.06,1,-0.1656,0.745,0.912,25.00,1,153.9,633.0,0.16793,-185.5,15.9,-0.1763,0.00166,OK
2.3502,2.3268,23.4,0,155.8,633.0,0.1750,165.3,593.5,0.1226,-393.3,73.0,0.0000,-399.1,-100.8,-0.2096,-410.6,-29.8,0,0.0,0.0,0.0000,6.94,5.98,-6.52,-9.53,1,-0.1778,0.422,3.089,25.00,1,152.5,632.8,0.16662,-203.4,-2.0,-0.1833,0.00173,OK
2.3585,2.3268,31.7,0,155.8,633.0,0.1750,165.3,593.5,0.1226,-393.3,73.0,0.0000,-409.2,-103.9,-0.2096,-421.1,-31.0,0,0.0,0.0,0.0000,6.92,6.80,-6.02,-10.05,1,-0.2600,-1.873,0.177,25.00,1,150.8,632.4,0.16479,-218.0,-26.7,-0.2560,0.00164,OK
2.3662,2.3268,39.4,0,155.8,633.0,0.1750,165.3,593.5,0.1226,-393.3,73.0,0.0000,-418.5,-106.9,-0.2096,-430.7,-32.4,0,0.0,0.0,0.0000,6.13,6.94,-6.08,-9.95,1,-0.2600,-1.873,0.177,24.00,1,149.1,631.9,0.16279,-217.1,-33.5,-0.2619,0.00165,OK
2.3746,2.3268,47.8,0,155.8,633.0,0.1750,165.3,593.5,0.1226,-393.3,73.0,0.0000,-428.6,-110.2,-0.2096,-441.2,-33.9,0,0.0,0.0,0.0000,6.63,7.60,-5.91,-10.17,1,-0.3144,-0.157,1.687,24.00,1,147.3,631.3,0.16042,-233.9,-43.8,-0.3054,0.00149,OK
2.3822,2.3268,55.4,0,155.8,633.0,0.1750,165.3,593.5,0.1226,-393.3,73.0,0.0000,-437.4,-113.0,-0.2096,-450.4,-35.1,0,0.0,0.0,0.0000,6.46,7.94,-5.77,-10.10,1,-0.3378,1.216,0.794,25.00,1,145.6,630.6,0.15805,-238.1,-51.5,-0.3255,0.00127,OK
2.3911,2.3268,64.2,0,155.8,633.0,0.1750,165.3,593.5,0.1226,-393.3,73.0,0.0000,-447.8,-116.5,-0.2096,-461.2,-36.7,0,0.0,0.0,0.0000,5.55,8.21,-6.05,-10.53,1,-0.3811,0.177,1.206,25.00,1,143.6,629.8,0.15493,-242.7,-62.5,-0.3778,0.00121,OK
2.3988,2.3268,72.0,0,155.8,633.0,0.1750,165.3,593.5,0.1226,-393.3,73.0,0.0000,-456.8,-119.5,-0.2096,-470.7,-38.1,0,0.0,0.0,0.0000,5.62,7.69,-5.72,-10.99,1,-0.3811,0.177,1.206,24.00,1,141.8,629.0,0.15201,-241.7,-62.7,-0.3784,0.00115,OK
2.4070,2.3268,80.2,0,155.8,633.0,0.1750,165.3,593.5,0.1226,-393.3,73.0,0.0000,-466.5,-123.0,-0.2096,-480.8,-39.9,0,0.0,0.0,0.0000,5.33,8.45,-5.77,-11.53,1,-0.3922,0.265,1.275,26.00,1,139.9,628.1,0.14884,-254.8,-78.5,-0.3928,0.00114,OK
2.4149,2.3268,88.0,0,155.8,633.0,0.1750,165.3,593.5,0.1226,-393.3,73.0,0.0000,-475.8,-126.7,-0.2096,-490.6,-42.0,0,0.0,0.0,0.0000,5.69,8.97,-5.61,-11.34,1,-0.3933,1.157,0.412,25.00,1,137.9,627.2,0.14580,-264.3,-82.9,-0.3857,0.00101,OK
2.4228,2.3268,95.9,0,155.8,633.0,0.1750,165.3,593.5,0.1226,-393.3,73.0,0.0000,-482.8,-130.1,-0.2096,-498.1,-44.0,0,0.0,0.0,0.0000,5.63,8.85,-5.54,-12.77,1,-0.3633,-0.088,0.804,26.00,1,135.9,626.2,0.14283,-273.6,-91.3,-0.3652,0.00102,OK
2.4303,2.3268,103.5,0,155.8,633.0,0.1750,165.3,593.5,0.1226,-393.3,73.0,0.0000,-482.5,-131.2,-0.2096,-498.0,-45.2,0,0.0,0.0,0.0000,5.98,9.60,-5.65,-11.80,1,-0.3644,0.961,1.108,25.00,1,133.9,625.2,0.14010,-281.9,-90.4,-0.3569,0.00090,OK
2.4388,2.4343,4.5,0,127.1,627.1,0.1424,122.6,598.3,0.1226,-399.6,16.0,0.0000,-465.7,-128.6,-0.0791,-479.2,-61.2,0,0.0,0.0,0.0000,6.42,10.12,-5.84,-11.85,1,-0.3644,0.961,1.108,24.00,1,127.2,627.0,0.13824,-320.7,-55.5,-0.3399,0.00043,OK
2.4463,2.4343,12.0,0,127.1,627.1,0.1424,122.6,598.3,0.1226,-399.6,16.0,0.0000,-450.9,-127.1,-0.0791,-464.4,-61.8,0,0.0,0.0,0.0000,6.44,10.10,-5.77,-12.11,1,-0.3656,1.412,-0.333,24.00,1,126.0,626.6,0.13685,-322.0,-61.9,-0.3547,0.00027,OK
2.4547,2.4343,20.4,0,127.1,627.1,0.1424,122.6,598.3,0.1226,-399.6,16.0,0.0000,-435.4,-128.6,-0.0791,-449.2,-65.6,0,0.0,0.0,0.0000,6.30,11.10,-6.23,-12.73,1,-0.3544,0.559,0.696,24.00,1,123.3,625.7,0.13388,-338.9,-74.3,-0.3508,0.00022,OK
2.4624,2.4343,28.1,0,127.1,627.1,0.1424,122.6,598.3,0.1226,-399.6,16.0,0.0000,-444.3,-132.6,-0.0791,-458.6,-68.2,0,0.0,0.0,0.0000,6.58,11.10,-5.83,-13.33,1,-0.3344,-0.127,0.520,25.00,1,120.8,624.7,0.13127,-344.2,-84.7,-0.3284,0.00013,OK
2.4707,2.4343,36.4,0,127.1,627.1,0.1424,122.6,598.3,0.1226,-399.6,16.0,0.0000,-453.9,-137.1,-0.0791,-468.7,-71.3,0,0.0,0.0,0.0000,7.08,11.82,-6.04,-13.26,1,-0.3344,-0.127,0.520,25.00,1,118.0,623.6,0.12857,-357.1,-87.7,-0.3237,-0.00002,OK
2.4791,2.4343,44.8,0,127.1,627.1,0.1424,122.6,598.3,0.1226,-399.6,16.0,0.0000,-463.4,-141.7,-0.0791,-478.8,-74.5,0,0.0,0.0,0.0000,7.18,12.02,-7.22,-13.98,1,-0.3011,1.853,2.108,25.00,1,115.0,622.6,0.12593,-374.4,-79.2,-0.3034,0.00001,OK
2.4871,2.4343,52.8,0,127.1,627.1,0.1424,122.6,598.3,0.1226,-399.6,16.0,0.0000,-472.4,-146.3,-0.0791,-488.4,-77.8,0,0.0,0.0,0.0000,6.96,13.24,-6.73,-13.74,1,-0.3611,1.667,-1.206,25.00,1,112.1,621.5,0.12331,-378.4,-100.5,-0.3548,-0.00007,OK
2.4948,2.4343,60.5,0,127.1,627.1,0.1424,122.6,598.3,0.1226,-399.6,16.0,0.0000,-477.1,-149.6,-0.0791,-493.5,-80.3,0,0.0,0.0,0.0000,7.38,13.08,-6.34,-13.95,1,-0.3667,0.441,0.206,24.00,1,109.3,620.3,0.12058,-381.3,-106.3,-0.3542,-0.00024,OK
2.5029,2.4343,68.6,0,127.1,627.1,0.1424,122.6,598.3,0.1226,-399.6,16.0,0.0000,-476.5,-151.3,-0.0791,-493.2,-82.2,0,0.0,0.0,0.0000,8.21,13.58,-7.17,-14.64,1,-0.3244,1.177,0.990,25.00,1,106.2,619.1,0.11788,-406.3,-99.7,-0.3162,-0.00034,OK
2.5109,2.4343,76.6,0,127.1,627.1,0.1424,122.6,598.3,0.1226,-399.6,16.0,0.0000,-476.1,-152.8,-0.0791,-492.9,-83.7,0,0.0,0.0,0.0000,7.52,14.39,-7.57,-14.11,1,-0.3244,1.177,0.990,25.00,1,103.1,617.9,0.11534,-402.5,-102.0,-0.3213,-0.00038,OK
2.5188,2.5143,4.5,0,97.2,612.1,0.1084,90.6,597.9,0.1226,-399.1,-26.8,0.0000,-462.3,-145.0,0.0567,-475.3,-94.1,0,0.0,0.0,0.0000,7.26,14.72,-7.25,-14.94,1,-0.3311,1.991,-1.451,25.00,1,97.3,612.3,0.11044,-430.3,-165.3,-0.3369,-0.00024,OK
2.5262,2.5143,11.9,0,97.2,612.1,0.1084,90.6,597.9,0.1226,-399.1,-26.8,0.0000,-449.5,-137.7,0.0567,-461.7,-88.2,0,0.0,0.0,0.0000,8.00,14.26,-7.19,-15.29,1,-0.2711,0.510,1.108,25.00,1,95.7,611.5,0.10935,-435.7,-155.4,-0.2694,-0.00026,OK
2.5349,2.5327,2.2,0,90.1,609.5,0.1049,83.3,597.3,0.1226,-398.2,-36.7,0.0000,-433.5,-130.6,0.0709,-444.8,-84.5,0,0.0,0.0,0.0000,9.26,13.42,-7.69,-15.88,1,-0.2256,0.265,0.451,24.00,1,89.9,609.3,0.10560,-432.1,-115.1,-0.2287,-0.00026,OK
2.5431,2.5407,2.4,0,87.2,607.9,0.1042,80.1,597.0,0.1226,-397.7,-40.7,0.0000,-418.4,-124.2,0.0737,-429.0,-80.0,0,0.0,0.0,0.0000,8.72,14.49,-8.10,-15.57,1,-0.2256,0.265,0.451,24.00,1,86.9,607.9,0.10390,-426.0,-129.6,-0.2237,-0.00026,OK
2.5510,2.5487,2.4,0,84.1,606.3,0.0995,76.9,596.6,0.1226,-397.3,-44.8,0.0000,-413.0,-122.9,0.0927,-423.2,-81.3,0,0.0,0.0,0.0000,8.67,15.84,-8.07,-15.18,1,-0.2200,2.628,-0.520,24.00,1,83.8,606.4,0.10157,-423.3,-141.7,-0.2348,-0.00022,OK
2.5583,2.5561,2.2,0,80.2,605.4,0.1046,74.0,596.3,0.1226,-396.9,-48.7,0.0000,-409.2,-125.0,0.0723,-420.0,-81.7,0,0.0,0.0,0.0000,8.80,14.73,-7.52,-14.74,1,-0.2089,1.971,1.461,25.00,1,80.5,605.3,0.10101,-429.8,-119.6,-0.1723,-0.00040,OK
2.5671,2.5647,2.4,0,76.7,604.2,0.1055,70.6,595.8,0.1226,-396.5,-53.3,0.0000,-408.3,-127.4,0.0684,-419.4,-83.7,0,0.0,0.0,0.0000,9.30,15.03,-7.87,-15.82,1,-0.2322,0.696,-0.941,25.00,1,76.8,604.0,0.10025,-446.4,-115.0,-0.1830,-0.00062,OK
2.5745,2.5731,1.4,0,73.1,602.0,0.0977,67.2,595.4,0.1226,-395.9,-57.9,0.0000,-405.3,-125.6,0.0996,-415.6,-85.5,0,0.0,0.0,0.0000,10.57,16.56,-8.02,-16.34,1,-0.2322,0.696,-0.941,24.00,1,73.0,602.2,0.09825,-469.1,-147.8,-0.2238,-0.00079,OK
2.5823,2.5812,1.1,0,68.3,601.0,0.0925,64.0,594.9,0.1226,-395.2,-62.3,0.0000,-399.1,-128.0,0.1203,-409.2,-90.6,0,0.0,0.0,0.0000,10.37,15.24,-8.06,-17.26,1,-0.2333,-1.324,-0.461,25.00,1,68.8,600.9,0.09569,-497.2,-125.2,-0.2647,-0.00080,OK
2.5906,2.5894,1.1,0,65.4,599.8,0.0898,60.8,594.3,0.1226,-394.5,-66.7,0.0000,-398.8,-130.2,0.1315,-408.8,-93.9,0,0.0,0.0,0.0000,10.10,15.72,-8.39,-16.95,1,-0.1900,-0.912,1.834,25.00,1,65.2,599.6,0.09349,-471.7,-119.1,-0.2332,-0.00075,OK
2.5983,2.5980,0.2,0,61.8,598.4,0.0923,57.4,593.7,0.1226,-393.7,-71.1,0.0000,-395.7,-131.8,0.1213,-406.2,-94.8,0,0.0,0.0,0.0000,10.79,15.77,-8.95,-13.24,1,-0.2033,3.354,-2.344,24.00,1,61.6,598.6,0.09206,-436.9,-87.3,-0.1838,-0.00094,OK
2.6062,2.5980,8.2,0,61.8,598.4,0.0923,57.4,593.7,0.1226,-393.7,-71.1,0.0000,-403.8,-137.8,0.1213,-414.8,-100.0,0,0.0,0.0,0.0000,11.14,16.03,-9.13,-13.42,1,-0.1567,0.422,0.706,26.00,1,61.5,598.6,0.09218,-449.9,-77.2,-0.1420,-0.00113,OK
2.6149,2.6067,8.2,0,58.2,597.3,0.0984,54.0,593.1,0.1226,-392.8,-75.5,0.0000,-401.9,-141.0,0.0967,-413.8,-100.9,0,0.0,0.0,0.0000,10.85,15.31,-8.07,-15.49,1,-0.1567,0.422,0.706,25.00,1,58.0,597.3,0.09300,-450.9,-116.4,-0.1425,-0.00155,OK
2.6227,2.6154,7.3,0,54.0,596.2,0.0920,50.5,592.4,0.1226,-391.8,-79.9,0.0000,-397.0,-143.1,0.1223,-408.5,-106.0,0,0.0,0.0,0.0000,10.82,16.29,-8.64,-16.70,1,-0.1422,-2.020,1.697,25.00,1,54.1,596.0,0.09185,-479.5,-122.4,-0.1351,-0.00163,OK
2.6306,2.6233,7.4,0,50.3,593.5,0.0863,47.5,591.8,0.1226,-390.8,-84.0,0.0000,-394.2,-140.9,0.1451,-404.9,-106.4,0,0.0,0.0,0.0000,11.30,16.17,-8.81,-17.24,1,-0.1456,-0.520,-1.412,24.00,1,50.4,594.1,0.09016,-492.5,-143.9,-0.1390,-0.00163,OK
2.6381,2.6347,3.4,0,46.7,592.9,0.0872,43.0,590.8,0.1226,-389.4,-90.1,0.0000,-390.7,-144.9,0.1419,-401.8,-110.3,0,0.0,0.0,0.0000,11.10,17.81,-9.25,-17.54,1,-0.1189,3.952,0.147,25.00,1,45.8,592.5,0.08852,-462.2,-128.4,-0.1229,-0.00163,OK
2.6462,2.6440,2.2,0,42.9,592.2,0.0869,39.4,589.9,0.1226,-388.3,-95.0,0.0000,-387.3,-149.2,0.1428,-398.8,-115.0,0,0.0,0.0,0.0000,11.18,16.90,-8.72,-15.87,1,-0.0811,2.795,1.020,24.00,1,42.3,591.7,0.08770,-415.1,-81.4,-0.0808,-0.00170,OK
2.6540,2.6519,2.1,0,39.7,590.5,0.0884,36.3,589.2,0.1226,-387.5,-99.1,0.0000,-384.9,-150.2,0.1367,-396.7,-115.6,0,0.0,0.0,0.0000,11.49,15.59,-8.43,-15.32,1,-0.0811,2.795,1.020,25.00,1,39.4,590.6,0.08737,-403.2,-94.6,-0.0614,-0.00182,OK
2.6623,2.6579,4.4,0,34.4,588.8,0.0842,34.0,588.6,0.1226,-386.8,-102.2,0.0000,-376.9,-152.2,0.1535,-388.4,-119.9,0,0.0,0.0,0.0000,10.40,14.85,-8.13,-15.84,1,-0.0856,-4.413,-1.500,24.00,1,35.9,589.3,0.08647,-454.0,-117.6,-0.0896,-0.00181,OK
2.6707,2.6658,4.8,0,29.5,587.6,0.0887,30.9,587.7,0.1226,-385.7,-106.1,0.0000,-370.3,-155.2,0.1359,-382.6,-121.8,0,0.0,0.0,0.0000,11.06,15.21,-8.47,-16.18,1,-0.0567,-4.521,-0.461,25.00,1,31.1,587.9,0.08644,-511.2,-116.8,-0.0438,-0.00192,OK
2.6786,2.6743,4.3,0,26.9,586.0,0.0836,27.7,586.8,0.1226,-384.5,-110.4,0.0000,-369.9,-156.8,0.1562,-381.7,-125.4,0,0.0,0.0,0.0000,12.44,17.24,-6.61,-16.73,1,0.0211,2.128,0.402,24.00,1,26.9,586.1,0.08624,-513.2,-170.1,0.0300,-0.00209,OK
2.6869,2.6825,4.4,0,23.0,585.6,0.0894,24.5,585.9,0.1226,-383.1,-114.7,0.0000,-366.0,-162.5,0.1327,-379.1,-129.2,0,0.0,0.0,0.0000,11.97,17.33,-5.30,-16.54,1,0.0211,2.128,0.402,25.00,1,23.0,584.9,0.08714,-489.7,-159.6,0.0672,-0.00247,OK
2.6950,2.6914,3.5,0,19.8,584.3,0.0871,21.1,584.9,0.1226,-381.7,-119.5,0.0000,-364.0,-165.4,0.1422,-377.0,-133.1,0,0.0,0.0,0.0000,11.41,16.74,-6.66,-16.15,1,0.0744,5.276,-0.961,25.00,1,19.3,583.9,0.08779,-465.2,-105.0,0.0843,-0.00262,OK
2.7030,2.6996,3.4,0,15.3,583.6,0.0898,18.0,583.9,0.1226,-380.3,-123.8,0.0000,-357.6,-170.2,0.1314,-371.4,-137.5,0,0.0,0.0,0.0000,11.18,15.87,-7.38,-15.21,1,0.1233,-2.648,1.000,25.00,1,15.4,583.2,0.08903,-466.9,-61.7,0.1373,-0.00274,OK
2.7102,2.7080,2.2,0,10.5,581.5,0.0885,14.8,582.8,0.1226,-379.0,-128.0,0.0000,-349.8,-170.2,0.1364,-363.5,-138.6,0,0.0,0.0,0.0000,10.81,14.95,-7.50,-14.89,1,0.1200,-3.530,0.206,25.00,1,11.1,581.9,0.08982,-487.6,-88.8,0.1124,-0.00276,OK
2.7188,2.7163,2.5,0,6.9,580.2,0.0809,11.7,581.7,0.1226,-377.7,-131.9,0.0000,-347.0,-173.7,0.1668,-359.9,-145.1,0,0.0,0.0,0.0000,11.72,15.46,-7.69,-15.66,1,0.1767,-0.706,-0.069,24.00,1,7.0,580.5,0.08958,-497.7,-104.2,0.0988,-0.00261,OK
2.7264,2.7259,0.4,0,3.4,579.0,0.0938,8.0,580.4,0.1226,-376.0,-136.6,0.0000,-343.4,-177.1,0.1153,-358.5,-144.1,0,0.0,0.0,0.0000,12.61,16.20,-8.29,-15.07,1,0.1767,-0.706,-0.069,25.00,1,2.9,579.1,0.09198,-465.1,-96.9,0.2194,-0.00277,OK
2.7348,2.7335,1.3,0,0.1,578.5,0.0836,5.2,579.4,0.1226,-374.7,-140.3,0.0000,-340.8,-183.0,0.1559,-354.8,-153.8,0,0.0,0.0,0.0000,11.80,16.06,-8.34,-15.70,1,0.1733,2.265,-0.539,25.00,1,-0.3,578.3,0.09144,-459.7,-82.1,0.0702,-0.00265,OK
2.7428,2.7417,1.1,0,-4.4,577.8,0.0983,2.1,578.2,0.1226,-373.0,-144.5,0.0000,-334.6,-187.9,0.0972,-351.4,-154.2,0,0.0,0.0,0.0000,9.21,14.85,-7.66,-15.51,1,0.1356,0.049,0.500,25.00,1,-4.1,577.5,0.09366,-450.0,-75.1,0.1943,-0.00260,OK
2.7503,2.7501,0.2,0,-7.9,575.6,0.0938,-1.0,577.0,0.1226,-371.1,-148.9,0.0000,-330.4,-188.0,0.1154,-346.5,-156.3,0,0.0,0.0,0.0000,6.59,14.32,-7.02,-14.54,1,0.1344,-2.069,1.500,25.00,1,-7.5,575.9,0.09412,-421.4,-132.6,0.0927,-0.00220,OK
2.7591,2.7589,0.3,0,-12.6,574.0,0.0926,-4.2,575.7,0.1226,-369.3,-153.2,0.0000,-323.6,-191.3,0.1201,-339.9,-160.5,0,0.0,0.0,0.0000,8.04,14.10,-7.19,-13.85,1,0.1344,-2.069,1.500,24.00,1,-11.9,574.3,0.09473,-473.9,-125.8,0.0836,-0.00194,OK
2.7661,2.7589,7.3,0,-12.6,574.0,0.0926,-4.2,575.7,0.1226,-369.3,-153.2,0.0000,-329.4,-197.9,0.1201,-346.3,-166.5,0,0.0,0.0,0.0000,10.53,13.55,-7.17,-14.67,1,0.1922,-2.824,-1.638,25.00,1,-11.9,574.4,0.09504,-466.9,-96.1,0.1712,-0.00195,OK
2.7741,2.7669,7.2,0,-15.3,572.9,0.0959,-7.2,574.4,0.1226,-367.8,-157.1,0.0000,-327.9,-202.1,0.1069,-345.8,-169.8,0,0.0,0.0,0.0000,10.63,13.60,-7.19,-15.27,1,0.2089,-1.746,2.285,25.00,1,-15.4,573.0,0.09649,-466.5,-105.3,0.2086,-0.00190,OK
2.7829,2.7775,5.4,0,-18.8,572.1,0.0993,-11.1,572.7,0.1226,-365.5,-162.1,0.0000,-324.8,-208.3,0.0933,-343.9,-175.1,0,0.0,0.0,0.0000,11.12,14.70,-6.90,-15.45,1,0.1889,2.403,0.020,25.00,1,-19.5,571.8,0.09874,-446.0,-105.1,0.1962,-0.00198,OK
2.7910,2.7854,5.6,0,-21.9,571.3,0.1059,-14.0,571.4,0.1226,-363.8,-165.9,0.0000,-322.3,-213.5,0.0671,-343.0,-178.2,0,0.0,0.0,0.0000,10.97,14.24,-6.85,-14.44,1,0.1889,2.403,0.020,25.00,1,-22.4,571.0,0.10129,-415.2,-84.4,0.2080,-0.00219,OK
2.7986,2.7933,5.4,0,-26.1,569.8,0.1018,-16.8,570.1,0.1226,-361.9,-169.8,0.0000,-315.8,-216.3,0.0832,-336.1,-183.1,0,0.0,0.0,0.0000,8.83,13.89,-5.53,-13.48,1,0.2044,0.647,-0.716,24.00,1,-25.7,569.8,0.10273,-393.4,-106.8,0.2062,-0.00220,OK
2.8062,2.8009,5.3,0,-29.0,567.7,0.1104,-19.6,568.8,0.1226,-360.1,-173.6,0.0000,-312.9,-217.4,0.0489,-334.9,-181.6,0,0.0,0.0,0.0000,8.92,11.13,-5.18,-13.11,1,0.2167,-3.609,0.735,24.00,1,-28.7,568.3,0.10537,-372.9,-105.4,0.2312,-0.00230,OK
2.8161,2.8105,5.6,0,-32.6,566.6,0.1099,-23.0,567.1,0.1226,-358.0,-178.3,0.0000,-309.7,-223.6,0.0511,-332.4,-188.3,0,0.0,0.0,0.0000,9.35,9.50,-5.44,-13.48,1,0.2422,-3.697,1.942,24.00,1,-32.3,566.8,0.10805,-366.6,-84.2,0.2439,-0.00228,OK
2.8222,2.8173,4.9,0,-35.9,565.7,0.1173,-25.5,565.9,0.1226,-356.5,-181.6,0.0000,-304.5,-227.2,0.0213,-329.0,-190.0,0,0.0,0.0,0.0000,9.37,12.08,-5.52,-14.22,1,0.2222,0.951,-0.912,25.00,1,-35.4,565.7,0.11087,-422.4,-119.5,0.2461,-0.00241,OK
2.8306,2.8262,4.4,0,-39.2,564.8,0.1106,-28.6,564.2,0.1226,-354.4,-185.7,0.0000,-301.2,-232.8,0.0480,-325.0,-198.2,0,0.0,0.0,0.0000,9.88,12.36,-4.77,-13.72,1,0.2111,1.775,1.618,25.00,1,-39.0,564.5,0.11250,-414.4,-114.6,0.2139,-0.00250,OK
2.8381,2.8262,11.9,0,-39.2,564.8,0.1106,-28.6,564.2,0.1226,-354.4,-185.7,0.0000,-306.9,-240.4,0.0480,-331.6,-205.1,0,0.0,0.0,0.0000,9.34,13.58,-4.94,-13.48,1,0.2111,1.775,1.618,25.00,1,-40.6,563.8,0.11336,-420.6,-127.4,0.2215,-0.00262,OK
2.8472,2.8446,2.5,0,-45.8,561.7,0.1066,-35.1,560.8,0.1226,-349.6,-194.1,0.0000,-293.8,-240.1,0.0642,-317.6,-207.5,0,0.0,0.0,0.0000,7.45,12.84,-4.56,-15.35,1,0.1822,-1.922,1.030,25.00,1,-45.9,561.6,0.11411,-391.7,-130.4,0.0984,-0.00226,OK
2.8548,2.8516,3.2,0,-48.6,560.2,0.1217,-37.5,559.4,0.1226,-347.7,-197.4,0.0000,-291.0,-243.2,0.0037,-318.4,-206.1,0,0.0,0.0,0.0000,7.96,12.26,-4.23,-12.35,1,0.1089,-3.413,-1.952,25.00,1,-48.5,560.3,0.11623,-372.3,-123.2,0.1649,-0.00257,OK
2.8627,2.8516,11.1,0,-48.6,560.2,0.1217,-37.5,559.4,0.1226,-347.7,-197.4,0.0000,-296.6,-251.4,0.0037,-325.0,-213.5,0,0.0,0.0,0.0000,7.64,12.92,-4.46,-12.30,1,0.1367,-0.530,1.157,24.00,1,-49.6,559.8,0.11668,-373.9,-121.6,0.1457,-0.00266,OK
2.8708,2.8682,2.5,0,-54.6,557.7,0.1215,-43.3,556.0,0.1226,-343.2,-205.3,0.0000,-284.2,-252.3,0.0046,-312.7,-216.0,0,0.0,0.0,0.0000,7.78,12.76,-4.31,-12.29,1,0.1367,-0.530,1.157,24.00,1,-54.5,557.6,0.11924,-375.5,-117.9,0.1704,-0.00285,OK
2.8788,2.8777,1.1,0,-56.8,556.4,0.1292,-46.5,554.1,0.1226,-340.8,-209.6,0.0000,-283.0,-257.0,-0.0263,-313.7,-218.4,0,0.0,0.0,0.0000,8.12,12.12,-4.16,-12.11,1,0.0878,0.608,3.785,25.00,1,-57.2,556.3,0.12213,-332.2,-109.0,0.2169,-0.00327,OK
2.8860,2.8777,8.3,0,-56.8,556.4,0.1292,-46.5,554.1,0.1226,-340.8,-209.6,0.0000,-287.8,-264.7,-0.0263,-319.5,-225.4,0,0.0,0.0,0.0000,6.63,11.75,-4.04,-11.58,1,-0.0511,-1.775,-3.207,25.00,1,-57.3,556.2,0.12146,-328.1,-116.5,-0.0297,-0.00353,OK
2.8951,2.8937,1.4,0,-62.7,552.3,0.1298,-51.9,550.7,0.1226,-336.3,-216.7,0.0000,-276.1,-261.8,-0.0289,-307.7,-223.9,0,0.0,0.0,0.0000,5.33,11.27,-3.23,-11.91,1,-0.0100,-1.010,-0.382,25.00,1,-62.5,552.7,0.12317,-338.3,-179.2,0.0894,-0.00374,OK
2.9027,2.9024,0.3,0,-64.9,551.7,0.1189,-54.9,548.7,0.1226,-333.6,-220.6,0.0000,-274.6,-268.2,0.0150,-304.5,-233.8,0,0.0,0.0,0.0000,4.48,12.25,-2.52,-11.94,1,-0.0100,-1.010,-0.382,24.00,1,-65.0,551.3,0.12198,-310.7,-143.2,-0.0655,-0.00364,OK
2.9106,2.9024,8.2,0,-64.9,551.7,0.1189,-54.9,548.7,0.1226,-333.6,-220.6,0.0000,-280.0,-276.6,0.0150,-310.8,-241.5,0,0.0,0.0,0.0000,5.42,11.78,-2.67,-12.03,1,0.0067,-2.667,2.746,24.00,1,-65.0,551.3,0.12225,-321.4,-156.8,0.0201,-0.00377,OK
2.9184,2.9132,5.2,0,-68.0,550.7,0.1212,-58.4,546.4,0.1226,-330.3,-225.4,0.0000,-275.7,-281.9,0.0058,-307.8,-246.5,0,0.0,0.0,0.0000,5.31,12.29,-3.26,-11.59,1,-0.0356,-2.579,1.373,24.00,1,-68.1,550.1,0.12199,-315.2,-114.0,-0.0267,-0.00385,OK
2.9270,2.9194,7.6,0,-69.9,549.2,0.1278,-60.5,544.9,0.1226,-328.4,-228.2,0.0000,-275.3,-286.8,-0.0208,-309.6,-249.3,0,0.0,0.0,0.0000,5.36,12.41,-2.90,-11.78,1,-0.1189,1.059,-0.863,25.00,1,-70.0,549.1,0.12260,-316.4,-132.4,-0.0944,-0.00423,OK
2.9348,2.9273,7.5,0,-72.4,547.0,0.1172,-63.1,543.1,0.1226,-326.2,-231.6,0.0000,-272.6,-288.8,0.0216,-304.5,-254.9,0,0.0,0.0,0.0000,5.06,11.82,-2.78,-12.15,1,-0.1189,1.059,-0.863,25.00,1,-72.3,547.4,0.12107,-315.1,-151.5,-0.1018,-0.00432,OK
2.9425,2.9273,15.2,0,-72.4,547.0,0.1172,-63.1,543.1,0.1226,-326.2,-231.6,0.0000,-277.2,-297.3,0.0216,-310.0,-262.8,0,0.0,0.0,0.0000,3.77,10.93,-2.08,-11.69,1,-0.1500,-0.088,-0.039,25.00,1,-74.3,546.0,0.12021,-284.9,-157.8,-0.1364,-0.00444,OK
2.9500,2.9439,6.1,0,-74.8,545.0,0.1265,-68.4,539.2,0.1226,-321.1,-238.5,0.0000,-274.2,-299.6,-0.0155,-309.8,-262.6,0,0.0,0.0,0.0000,4.17,11.03,-2.07,-11.20,1,-0.1367,-1.138,2.030,25.00,1,-75.6,544.7,0.12041,-241.5,-140.7,-0.1049,-0.00486,OK
2.9594,2.9439,15.5,0,-74.8,545.0,0.1265,-68.4,539.2,0.1226,-321.1,-238.5,0.0000,-279.7,-309.8,-0.0155,-316.6,-272.0,0,0.0,0.0,0.0000,4.26,10.81,-1.77,-11.51,1,-0.1456,-0.177,-0.618,24.00,1,-77.2,543.4,0.11958,-246.1,-150.7,-0.1178,-0.00516,OK
2.9670,2.9439,23.1,0,-74.8,545.0,0.1265,-68.4,539.2,0.1226,-321.1,-238.5,0.0000,-284.1,-318.3,-0.0155,-322.0,-279.9,0,0.0,0.0,0.0000,4.32,11.15,-1.50,-11.35,1,-0.1222,-0.579,-0.461,24.00,1,-79.0,542.0,0.11883,-248.1,-158.4,-0.0873,-0.00552,OK
2.9746,2.9439,30.7,0,-74.8,545.0,0.1265,-68.4,539.2,0.1226,-321.1,-238.5,0.0000,-288.6,-326.8,-0.0155,-327.5,-287.7,0,0.0,0.0,0.0000,3.38,11.08,-1.42,-11.17,1,-0.1222,-0.579,-0.461,25.00,1,-80.7,540.6,0.11811,-237.9,-160.7,-0.1037,-0.00569,OK
2.9821,2.9439,38.2,0,-74.8,545.0,0.1265,-68.4,539.2,0.1226,-321.1,-238.5,0.0000,-292.8,-335.3,-0.0155,-332.8,-295.7,0,0.0,0.0,0.0000,3.31,10.88,-1.16,-11.15,1,-0.0956,-2.148,2.177,25.00,1,-82.3,539.2,0.11744,-234.9,-164.1,-0.0762,-0.00587,OK
2.9909,2.9439,47.0,0,-74.8,545.0,0.1265,-68.4,539.2,0.1226,-321.1,-238.5,0.0000,-297.4,-345.2,-0.0155,-338.6,-305.0,0,0.0,0.0,0.0000,2.84,10.90,-0.87,-10.70,1,-0.1300,-1.187,-0.333,25.00,1,-84.1,537.5,0.11666,-226.3,-169.7,-0.1064,-0.00610,OK
2.9986,2.9439,54.7,0,-74.8,545.0,0.1265,-68.4,539.2,0.1226,-321.1,-238.5,0.0000,-301.3,-354.1,-0.0155,-343.6,-313.3,0,0.0,0.0,0.0000,2.91,10.57,-1.39,-10.39,1,-0.1244,0.873,0.088,25.00,1,-85.7,536.1,0.11582,-224.9,-154.3,-0.1111,-0.00619,OK
3.0068,2.9439,62.9,0,-74.8,545.0,0.1265,-68.4,539.2,0.1226,-321.1,-238.5,0.0000,-305.3,-363.6,-0.0155,-348.7,-322.2,0,0.0,0.0,0.0000,2.72,10.39,-0.77,-10.36,1,-0.1289,-0.598,1.912,24.00,1,-87.3,534.5,0.11497,-219.3,-166.3,-0.1033,-0.00645,OK
3.0146,2.9439,70.7,0,-74.8,545.0,0.1265,-68.4,539.2,0.1226,-321.1,-238.5,0.0000,-309.0,-372.8,-0.0155,-353.6,-330.9,0,0.0,0.0,0.0000,1.98,9.79,-0.62,-10.92,1,-0.1289,-0.598,1.912,24.00,1,-88.9,533.0,0.11407,-209.5,-171.0,-0.1258,-0.00640,OK
3.0222,2.9439,78.3,0,-74.8,545.0,0.1265,-68.4,539.2,0.1226,-321.1,-238.5,0.0000,-312.8,-381.4,-0.0155,-358.4,-338.9,0,0.0,0.0,0.0000,2.11,10.35,-0.64,-11.05,1,-0.1767,-2.089,0.579,25.00,1,-90.3,531.5,0.11299,-220.2,-180.3,-0.1620,-0.00650,OK
3.0310,2.9439,87.1,0,-74.8,545.0,0.1265,-68.4,539.2,0.1226,-321.1,-238.5,0.0000,-314.6,-388.6,-0.0155,-361.1,-345.8,0,0.0,0.0,0.0000,2.45,11.21,-0.60,-10.92,1,-0.1900,0.804,0.127,25.00,1,-92.1,529.7,0.11159,-232.4,-188.9,-0.1599,-0.00680,OK
3.0388,3.0374,1.4,0,-98.1,524.5,0.1040,-97.0,515.1,0.1226,-288.5,-276.9,0.0000,-302.4,-379.1,0.0746,-340.1,-345.7,0,0.0,0.0,0.0000,2.47,11.33,-0.65,-11.51,1,-0.1911,2.069,0.422,25.00,1,-98.0,524.5,0.10734,-274.9,-216.0,-0.2131,-0.00683,OK
3.0462,3.0461,0.0,0,-100.2,523.6,0.0992,-99.5,512.7,0.1226,-285.3,-280.1,0.0000,-289.8,-371.2,0.0938,-325.1,-340.7,0,0.0,0.0,0.0000,1.60,11.09,-0.05,-11.51,1,-0.1911,2.069,0.422,25.00,1,-100.1,523.2,0.10378,-254.2,-169.5,-0.2683,-0.00674,OK
3.0549,3.0545,0.4,0,-102.3,521.1,0.0963,-101.9,510.3,0.1226,-282.3,-283.2,0.0000,-274.2,-363.2,0.1053,-307.9,-335.1,0,0.0,0.0,0.0000,1.57,10.54,0.06,-11.91,1,-0.2033,-0.461,1.530,24.00,1,-102.2,521.2,0.10078,-261.0,-206.6,-0.2673,-0.00670,OK
3.0627,3.0545,8.2,0,-102.3,521.1,0.0963,-101.9,510.3,0.1226,-282.3,-283.2,0.0000,-259.1,-359.8,0.1053,-292.5,-333.2,0,0.0,0.0,0.0000,1.64,9.59,-0.23,-11.95,1,-0.2111,-1.834,0.275,24.00,1,-102.2,521.2,0.10094,-246.7,-190.8,-0.1998,-0.00675,OK
3.0704,3.0630,7.4,0,-104.0,518.6,0.0988,-104.2,507.9,0.1226,-279.3,-286.4,0.0000,-246.4,-358.9,0.0953,-280.6,-332.8,0,0.0,0.0,0.0000,1.88,11.66,0.29,-9.30,1,-0.2056,0.422,-0.794,25.00,1,-104.0,519.0,0.09944,-239.6,-209.6,-0.1336,-0.00724,OK
3.0781,3.0719,6.1,0,-105.6,517.5,0.0942,-106.7,505.3,0.1226,-276.0,-289.7,0.0000,-244.6,-364.5,0.1136,-277.8,-339.8,0,0.0,0.0,0.0000,2.18,11.48,0.37,-8.47,1,-0.1289,1.804,2.197,25.00,1,-105.8,517.3,0.09793,-221.4,-183.3,-0.0456,-0.00772,OK
3.0872,3.0798,7.4,0,-107.5,515.3,0.0845,-108.9,503.0,0.1226,-272.9,-292.5,0.0000,-242.9,-368.6,0.1526,-273.1,-346.8,0,0.0,0.0,0.0000,2.34,11.58,0.47,-10.02,1,-0.1289,1.804,2.197,25.00,1,-107.5,515.4,0.09509,-243.1,-213.0,-0.0555,-0.00804,OK
3.0949,3.0883,6.7,0,-108.7,512.8,0.0877,-111.2,500.5,0.1226,-269.5,-295.6,0.0000,-242.2,-370.6,0.1396,-273.7,-348.0,0,0.0,0.0,0.0000,2.41,12.11,1.35,-11.25,1,-0.1067,0.549,1.128,25.00,1,-109.0,513.0,0.09377,-245.2,-254.6,0.0035,-0.00859,OK
3.1029,3.0968,6.2,0,-111.2,510.8,0.0957,-113.4,498.0,0.1226,-265.9,-298.8,0.0000,-237.4,-374.1,0.1078,-272.0,-349.7,0,0.0,0.0,0.0000,2.32,12.31,1.05,-11.72,1,-0.0733,-1.108,-0.000,24.00,1,-111.1,510.7,0.09407,-255.9,-252.3,-0.0050,-0.00916,OK
3.1105,3.1050,5.5,0,-113.8,509.1,0.0879,-115.6,495.5,0.1226,-262.5,-301.9,0.0000,-231.9,-378.3,0.1390,-264.2,-356.5,0,0.0,0.0,0.0000,2.31,13.09,1.48,-12.15,1,0.0111,-1.245,1.344,24.00,1,-113.4,508.7,0.09344,-277.2,-248.9,0.0547,-0.00953,OK
3.1188,3.1136,5.3,0,-114.7,506.1,0.0828,-117.9,492.9,0.1226,-259.1,-304.7,0.0000,-231.8,-379.3,0.1595,-262.4,-358.9,0,0.0,0.0,0.0000,2.40,13.77,1.45,-12.89,1,0.0111,-1.245,1.344,25.00,1,-115.2,506.2,0.09214,-269.8,-273.4,0.0321,-0.00978,OK
3.1272,3.1216,5.6,0,-117.3,504.3,0.0967,-119.9,490.5,0.1226,-255.9,-307.3,0.0000,-226.6,-384.2,0.1036,-262.7,-360.5,0,0.0,0.0,0.0000,2.81,13.93,1.70,-12.25,1,0.0467,1.491,1.491,25.00,1,-117.2,504.1,0.09364,-273.9,-257.2,0.1382,-0.01044,OK
3.1342,3.1307,3.4,0,-119.0,502.5,0.0906,-122.2,487.6,0.1226,-252.1,-310.3,0.0000,-224.0,-387.0,0.1282,-258.1,-365.1,0,0.0,0.0,0.0000,2.64,14.11,2.06,-12.05,1,0.0756,1.491,-0.618,25.00,1,-119.2,502.0,0.09439,-253.6,-232.2,0.1360,-0.01100,OK
3.1424,3.1392,3.3,0,-120.5,499.5,0.0971,-124.4,485.0,0.1226,-248.6,-313.1,0.0000,-222.0,-388.0,0.1022,-258.6,-364.6,0,0.0,0.0,0.0000,2.09,13.53,2.01,-12.15,1,0.1467,-0.167,0.363,25.00,1,-120.8,499.6,0.09608,-232.2,-252.9,0.1827,-0.01127,OK
3.1501,3.1469,3.1,0,-123.0,497.2,0.1051,-126.3,482.6,0.1226,-245.2,-315.9,0.0000,-216.5,-390.6,0.0702,-256.3,-365.7,0,0.0,0.0,0.0000,2.19,13.89,2.23,-11.74,1,0.1467,-0.167,0.363,25.00,1,-122.7,497.3,0.09877,-256.7,-259.3,0.2330,-0.01180,OK
3.1586,3.1469,11.7,0,-123.0,497.2,0.1051,-126.3,482.6,0.1226,-245.2,-315.9,0.0000,-218.7,-401.2,0.0702,-259.6,-376.0,0,0.0,0.0,0.0000,2.04,14.05,2.95,-11.98,1,0.2367,-2.089,1.530,25.00,1,-123.6,496.2,0.09982,-249.0,-270.7,0.2774,-0.01222,OK
3.1667,3.1469,19.8,0,-123.0,497.2,0.1051,-126.3,482.6,0.1226,-245.2,-315.9,0.0000,-220.7,-411.1,0.0702,-262.6,-385.7,0,0.0,0.0,0.0000,2.05,14.42,2.99,-12.27,1,0.2467,0.226,0.549,25.00,1,-125.4,493.8,0.10211,-254.9,-278.6,0.2858,-0.01261,OK
3.1751,3.1469,28.2,0,-123.0,497.2,0.1051,-126.3,482.6,0.1226,-245.2,-315.9,0.0000,-222.7,-421.6,0.0702,-265.7,-396.0,0,0.0,0.0,0.0000,1.96,16.49,3.34,-12.37,1,0.2267,1.814,0.902,25.00,1,-127.3,491.2,0.10452,-269.2,-302.7,0.2812,-0.01311,OK
3.1826,3.1469,35.6,0,-123.0,497.2,0.1051,-126.3,482.6,0.1226,-245.2,-315.9,0.0000,-224.5,-430.6,0.0702,-268.4,-404.7,0,0.0,0.0,0.0000,1.51,14.71,3.82,-12.32,1,0.1956,0.216,0.137,24.00,1,-129.0,488.7,0.10653,-251.6,-299.6,0.2562,-0.01362,OK
3.1911,3.1469,44.1,0,-123.0,497.2,0.1051,-126.3,482.6,0.1226,-245.2,-315.9,0.0000,-226.3,-441.1,0.0702,-271.4,-414.9,0,0.0,0.0,0.0000,0.49,14.97,3.24,-12.26,1,0.1956,0.216,0.137,24.00,1,-130.8,486.0,0.10849,-234.2,-297.9,0.2059,-0.01357,OK
3.1988,3.1469,51.9,0,-123.0,497.2,0.1051,-126.3,482.6,0.1226,-245.2,-315.9,0.0000,-225.8,-446.1,0.0702,-271.3,-420.0,0,0.0,0.0,0.0000,0.22,15.21,3.15,-13.49,1,0.1700,-2.550,1.559,25.00,1,-132.3,483.4,0.10992,-243.2,-313.4,0.1659,-0.01332,OK
3.2069,3.1469,60.0,0,-123.0,497.2,0.1051,-126.3,482.6,0.1226,-245.2,-315.9,0.0000,-223.0,-447.5,0.0702,-268.7,-421.6,0,0.0,0.0,0.0000,0.66,15.01,2.28,-13.94,1,0.1133,-2.187,2.275,25.00,1,-134.1,480.8,0.11099,-255.3,-299.7,0.1031,-0.01301,OK
3.2149,3.1469,68.0,0,-123.0,497.2,0.1051,-126.3,482.6,0.1226,-245.2,-315.9,0.0000,-220.2,-448.9,0.0702,-266.0,-423.3,0,0.0,0.0,0.0000,0.69,15.35,2.63,-13.52,1,0.0167,1.765,-0.324,25.00,1,-135.9,478.1,0.11156,-261.3,-311.6,0.0375,-0.01310,OK
3.2225,3.1469,75.6,0,-123.0,497.2,0.1051,-126.3,482.6,0.1226,-245.2,-315.9,0.0000,-217.4,-450.2,0.0702,-263.5,-425.0,0,0.0,0.0,0.0000,0.48,15.76,3.25,-13.64,1,-0.0233,1.785,-0.892,24.00,1,-137.6,475.4,0.11177,-265.3,-330.9,0.0136,-0.01340,OK
3.2312,3.1469,84.2,0,-123.0,497.2,0.1051,-126.3,482.6,0.1226,-245.2,-315.9,0.0000,-214.4,-451.7,0.0702,-260.6,-426.7,0,0.0,0.0,0.0000,-0.55,15.71,3.50,-13.94,1,-0.0233,1.785,-0.892,24.00,1,-139.4,472.3,0.11177,-247.7,-342.3,-0.0128,-0.01337,OK
3.2388,3.1469,91.8,0,-123.0,497.2,0.1051,-126.3,482.6,0.1226,-245.2,-315.9,0.0000,-211.7,-453.0,0.0702,-258.0,-428.3,0,0.0,0.0,0.0000,-0.86,14.78,3.94,-14.94,1,-0.0200,-0.382,2.363,25.00,1,-141.0,469.4,0.11167,-243.8,-353.1,-0.0123,-0.01330,OK
3.2464,3.1469,99.4,0,-123.0,497.2,0.1051,-126.3,482.6,0.1226,-245.2,-315.9,0.0000,-209.2,-454.1,0.0702,-255.7,-429.7,0,0.0,0.0,0.0000,-0.89,14.34,3.24,-14.03,1,-0.0611,-1.530,1.422,25.00,1,-142.5,466.7,0.11136,-233.2,-330.4,-0.0623,-0.01311,OK
3.2550,3.2504,4.6,0,-137.9,476.6,0.1082,-149.3,448.2,0.1226,-199.6,-346.6,0.0000,-192.6,-458.6,0.0576,-241.0,-435.1,0,0.0,0.0,0.0000,-1.04,15.19,3.38,-13.62,1,-0.0978,-0.451,-0.510,25.00,1,-138.1,476.3,0.10965,-155.2,-208.9,-0.0970,-0.01295,OK
3.2627,3.2504,12.3,0,-137.9,476.6,0.1082,-149.3,448.2,0.1226,-199.6,-346.6,0.0000,-189.7,-462.6,0.0576,-238.6,-439.4,0,0.0,0.0,0.0000,-1.67,15.41,3.94,-14.35,1,-0.0978,-0.451,-0.510,24.00,1,-138.7,475.2,0.10926,-159.9,-243.6,-0.0889,-0.01290,OK
3.2711,3.2504,20.7,0,-137.9,476.6,0.1082,-149.3,448.2,0.1226,-199.6,-346.6,0.0000,-186.8,-463.8,0.0576,-235.8,-440.9,0,0.0,0.0,0.0000,-1.98,14.73,4.96,-15.14,1,-0.1200,-0.333,2.099,24.00,1,-139.8,472.9,0.10843,-163.9,-273.4,-0.1066,-0.01291,OK
3.2788,3.2504,28.4,0,-137.9,476.6,0.1082,-149.3,448.2,0.1226,-199.6,-346.6,0.0000,-184.0,-464.9,0.0576,-233.1,-442.3,0,0.0,0.0,0.0000,-1.52,14.65,4.36,-15.48,1,-0.1522,0.324,2.971,24.00,1,-140.9,470.7,0.10750,-180.1,-272.7,-0.1382,-0.01292,OK
3.2861,3.2504,35.7,0,-137.9,476.6,0.1082,-149.3,448.2,0.1226,-199.6,-346.6,0.0000,-181.3,-466.0,0.0576,-230.6,-443.7,0,0.0,0.0,0.0000,-1.03,15.04,4.04,-14.88,1,-0.1900,1.883,-2.403,25.00,1,-142.1,468.6,0.10637,-195.1,-273.2,-0.1704,-0.01300,OK
3.2948,3.2504,44.4,0,-137.9,476.6,0.1082,-149.3,448.2,0.1226,-199.6,-346.6,0.0000,-178.1,-467.2,0.0576,-227.5,-445.2,0,0.0,0.0,0.0000,-1.95,14.83,4.41,-14.50,1,-0.1489,-0.814,2.373,25.00,1,-143.4,466.0,0.10503,-174.7,-284.5,-0.1373,-0.01298,OK
3.3025,3.2504,52.1,0,-137.9,476.6,0.1082,-149.3,448.2,0.1226,-199.6,-346.6,0.0000,-175.2,-468.3,0.0576,-224.8,-446.6,0,0.0,0.0,0.0000,-2.76,11.84,4.96,-14.88,1,-0.1489,-0.814,2.373,24.00,1,-144.3,463.7,0.10395,-135.9,-271.3,-0.1416,-0.01291,OK
3.3102,3.2504,59.8,0,-137.9,476.6,0.1082,-149.3,448.2,0.1226,-199.6,-346.6,0.0000,-172.7,-469.2,0.0576,-222.4,-447.8,0,0.0,0.0,0.0000,-3.97,11.38,5.52,-15.56,1,-0.1489,-1.863,0.834,25.00,1,-145.1,461.5,0.10281,-116.5,-289.8,-0.1489,-0.01276,OK
3.3188,3.2504,68.4,0,-137.9,476.6,0.1082,-149.3,448.2,0.1226,-199.6,-346.6,0.0000,-169.8,-470.3,0.0576,-219.6,-449.2,0,0.0,0.0,0.0000,-3.99,14.12,5.17,-14.98,1,-0.1744,0.579,-0.206,24.00,1,-146.0,458.7,0.10139,-150.5,-324.5,-0.1752,-0.01260,OK
3.3270,3.2504,76.6,0,-137.9,476.6,0.1082,-149.3,448.2,0.1226,-199.6,-346.6,0.0000,-167.0,-471.3,0.0576,-216.9,-450.5,0,0.0,0.0,0.0000,-2.77,15.16,4.61,-15.30,1,-0.1667,1.089,1.020,24.00,1,-147.1,455.9,0.09999,-183.6,-326.8,-0.1639,-0.01248,OK
3.3345,3.2504,84.0,0,-137.9,476.6,0.1082,-149.3,448.2,0.1226,-199.6,-346.6,0.0000,-164.3,-472.2,0.0576,-214.3,-451.7,0,0.0,0.0,0.0000,-2.45,15.79,5.51,-15.50,1,-0.1667,1.089,1.020,24.00,1,-148.3,453.2,0.09882,-200.4,-352.6,-0.1513,-0.01252,OK
3.3421,3.2504,91.6,0,-137.9,476.6,0.1082,-149.3,448.2,0.1226,-199.6,-346.6,0.0000,-161.5,-473.2,0.0576,-211.7,-453.0,0,0.0,0.0,0.0000,-3.39,16.07,5.74,-15.34,1,-0.1556,-1.628,0.755,25.00,1,-149.5,450.3,0.09767,-186.7,-368.2,-0.1481,-0.01246,OK
3.3507,3.2504,100.3,0,-137.9,476.6,0.1082,-149.3,448.2,0.1226,-199.6,-346.6,0.0000,-158.3,-474.3,0.0576,-208.6,-454.4,0,0.0,0.0,0.0000,-3.75,15.54,5.18,-15.38,1,-0.1567,-1.314,1.294,25.00,1,-150.7,447.0,0.09630,-180.1,-360.4,-0.1596,-0.01227,OK
3.3592,3.3546,4.6,0,-162.5,436.6,0.1042,-167.6,410.8,0.1226,-149.7,-371.0,0.0000,-141.4,-472.2,0.0736,-189.8,-454.9,0,0.0,0.0,0.0000,-3.94,15.03,5.41,-14.64,1,-0.2233,1.804,-0.814,24.00,1,-162.2,436.8,0.09817,-269.8,-404.5,-0.1977,-0.01260,OK
3.3668,3.3546,12.1,0,-162.5,436.6,0.1042,-167.6,410.8,0.1226,-149.7,-371.0,0.0000,-126.9,-476.4,0.0736,-175.8,-460.7,0,0.0,0.0,0.0000,-2.41,14.92,6.67,-14.79,1,-0.1978,1.030,0.549,25.00,1,-163.2,435.0,0.09748,-287.9,-406.4,-0.1681,-0.01280,OK
3.3742,3.3546,19.6,0,-162.5,436.6,0.1042,-167.6,410.8,0.1226,-149.7,-371.0,0.0000,-117.3,-486.0,0.0736,-167.3,-471.2,0,0.0,0.0,0.0000,-2.79,16.26,6.19,-14.52,1,-0.1978,1.030,0.549,24.00,1,-165.1,431.8,0.09622,-284.6,-416.6,-0.1738,-0.01292,OK
3.3830,3.3546,28.4,0,-162.5,436.6,0.1042,-167.6,410.8,0.1226,-149.7,-371.0,0.0000,-114.1,-486.8,0.0736,-164.1,-472.3,0,0.0,0.0,0.0000,-3.40,16.21,6.64,-15.36,1,-0.1711,-0.206,1.079,25.00,1,-167.2,427.8,0.09478,-275.5,-436.3,-0.1542,-0.01297,OK
3.3906,3.3546,35.9,0,-162.5,436.6,0.1042,-167.6,410.8,0.1226,-149.7,-371.0,0.0000,-111.1,-487.5,0.0736,-161.2,-473.3,0,0.0,0.0,0.0000,-4.32,16.04,6.53,-15.63,1,-0.1711,-2.138,0.500,25.00,1,-168.8,424.3,0.09356,-257.8,-443.8,-0.1655,-0.01289,OK
3.3991,3.3546,44.5,0,-162.5,436.6,0.1042,-167.6,410.8,0.1226,-149.7,-371.0,0.0000,-107.7,-488.3,0.0736,-157.9,-474.4,0,0.0,0.0,0.0000,-3.84,16.50,6.23,-15.73,1,-0.2089,-1.824,0.235,25.00,1,-170.7,420.3,0.09200,-267.9,-442.3,-0.1991,-0.01285,OK
3.4072,3.3546,52.5,0,-162.5,436.6,0.1042,-167.6,410.8,0.1226,-149.7,-371.0,0.0000,-104.7,-488.9,0.0736,-155.0,-475.4,0,0.0,0.0,0.0000,-3.14,17.35,6.29,-15.54,1,-0.2089,-1.824,0.235,25.00,1,-172.6,416.6,0.09045,-281.8,-444.0,-0.1892,-0.01293,OK
3.4150,3.3546,60.3,0,-162.5,436.6,0.1042,-167.6,410.8,0.1226,-149.7,-371.0,0.0000,-101.8,-489.5,0.0736,-152.2,-476.3,0,0.0,0.0,0.0000,-3.09,18.02,6.86,-15.64,1,-0.1867,1.883,0.108,24.00,1,-174.5,412.8,0.08910,-285.3,-457.8,-0.1618,-0.01306,OK
3.4226,3.3546,67.9,0,-162.5,436.6,0.1042,-167.6,410.8,0.1226,-149.7,-371.0,0.0000,-99.3,-490.0,0.0736,-149.8,-477.0,0,0.0,0.0,0.0000,-3.22,17.85,8.26,-14.79,1,-0.2222,1.549,2.079,24.00,1,-176.3,409.2,0.08788,-271.5,-460.9,-0.1727,-0.01336,OK
3.4302,3.3546,75.6,0,-162.5,436.6,0.1042,-167.6,410.8,0.1226,-149.7,-371.0,0.0000,-96.7,-490.6,0.0736,-147.2,-477.8,0,0.0,0.0,0.0000,-3.82,16.45,6.23,-14.53,1,-0.2389,-3.109,0.245,25.00,1,-177.9,405.6,0.08636,-246.5,-431.8,-0.2226,-0.01339,OK
3.4390,3.3546,84.3,0,-162.5,436.6,0.1042,-167.6,410.8,0.1226,-149.7,-371.0,0.0000,-93.4,-491.2,0.0736,-144.0,-478.8,0,0.0,0.0,0.0000,-4.27,16.50,4.19,-15.41,1,-0.2178,0.059,-0.373,25.00,1,-179.8,401.8,0.08415,-248.9,-403.4,-0.2675,-0.01298,OK
3.4469,3.3546,92.3,0,-162.5,436.6,0.1042,-167.6,410.8,0.1226,-149.7,-371.0,0.0000,-90.3,-491.8,0.0736,-141.0,-479.7,0,0.0,0.0,0.0000,-4.12,16.56,4.53,-15.11,1,-0.2178,0.059,-0.373,25.00,1,-181.5,398.5,0.08206,-245.1,-408.7,-0.2455,-0.01266,OK
3.4551,3.3546,100.4,0,-162.5,436.6,0.1042,-167.6,410.8,0.1226,-149.7,-371.0,0.0000,-87.2,-492.3,0.0736,-138.0,-480.6,0,0.0,0.0,0.0000,-4.35,15.52,7.12,-14.80,1,-0.1400,0.647,0.235,25.00,1,-183.1,394.8,0.08053,-222.1,-442.5,-0.1308,-0.01263,OK
3.4625,3.4575,5.0,0,-186.0,390.3,0.0842,-180.3,371.7,0.1226,-97.6,-387.9,0.0000,-74.5,-484.6,0.1539,-114.9,-476.6,0,0.0,0.0,0.0000,-4.78,15.59,7.75,-14.01,1,-0.1156,-0.304,1.491,25.00,1,-186.0,390.3,0.08140,-216.2,-444.1,-0.0956,-0.01284,OK
3.4705,3.4575,13.0,0,-186.0,390.3,0.0842,-180.3,371.7,0.1226,-97.6,-387.9,0.0000,-59.5,-479.1,0.1539,-99.6,-472.4,0,0.0,0.0,0.0000,-6.14,15.99,8.46,-13.90,1,-0.0667,-1.304,-0.657,24.00,1,-186.8,387.9,0.08104,-194.2,-469.4,-0.0617,-0.01275,OK
3.4788,3.4575,21.3,0,-186.0,390.3,0.0842,-180.3,371.7,0.1226,-97.6,-387.9,0.0000,-42.9,-478.7,0.1539,-83.0,-473.4,0,0.0,0.0,0.0000,-7.31,16.36,8.39,-13.88,1,-0.0667,-1.304,-0.657,25.00,1,-188.0,383.8,0.08047,-182.1,-481.3,-0.0693,-0.01257,OK
3.4860,3.4575,28.5,0,-186.0,390.3,0.0842,-180.3,371.7,0.1226,-97.6,-387.9,0.0000,-30.1,-485.3,0.1539,-70.7,-481.1,0,0.0,0.0,0.0000,-5.94,16.70,7.98,-14.21,1,-0.0233,-1.628,1.177,25.00,1,-189.2,380.3,0.08012,-201.1,-470.9,-0.0238,-0.01242,OK
3.4945,3.4575,37.0,0,-186.0,390.3,0.0842,-180.3,371.7,0.1226,-97.6,-387.9,0.0000,-23.7,-498.0,0.1539,-65.5,-494.2,0,0.0,0.0,0.0000,-4.09,16.70,8.83,-13.41,1,-0.0144,1.755,0.265,25.00,1,-190.6,376.3,0.08009,-215.1,-452.2,0.0115,-0.01258,OK
3.5028,3.4575,45.4,0,-186.0,390.3,0.0842,-180.3,371.7,0.1226,-97.6,-387.9,0.0000,-20.6,-499.6,0.1539,-62.6,-496.1,0,0.0,0.0,0.0000,-3.88,16.50,9.00,-13.18,1,0.0067,1.020,-0.804,25.00,1,-192.1,372.4,0.08032,-212.1,-446.7,0.0360,-0.01279,OK
3.5106,3.4575,53.1,0,-186.0,390.3,0.0842,-180.3,371.7,0.1226,-97.6,-387.9,0.0000,-17.7,-499.7,0.1539,-59.6,-496.4,0,0.0,0.0,0.0000,-6.21,17.12,8.80,-13.78,1,0.0067,1.020,-0.804,24.00,1,-193.3,368.6,0.08049,-186.8,-485.4,0.0115,-0.01269,OK
3.5188,3.4575,61.4,0,-186.0,390.3,0.0842,-180.3,371.7,0.1226,-97.6,-387.9,0.0000,-14.7,-499.8,0.1539,-56.6,-496.8,0,0.0,0.0,0.0000,-7.29,16.70,9.45,-14.04,1,0.0122,-1.912,1.942,25.00,1,-194.4,364.4,0.08056,-170.0,-504.3,0.0127,-0.01254,OK
3.5272,3.4575,69.7,0,-186.0,390.3,0.0842,-180.3,371.7,0.1226,-97.6,-387.9,0.0000,-11.6,-499.9,0.1539,-53.6,-497.1,0,0.0,0.0,0.0000,-8.04,17.29,8.43,-11.79,1,0.0400,-4.236,-0.588,25.00,1,-195.4,360.3,0.08077,-144.9,-471.0,0.0409,-0.01240,OK
3.5343,3.4575,76.8,0,-186.0,390.3,0.0842,-180.3,371.7,0.1226,-97.6,-387.9,0.0000,-9.3,-499.9,0.1539,-51.3,-497.4,0,0.0,0.0,0.0000,-5.76,17.19,8.32,-9.64,1,0.0578,2.246,-1.383,25.00,1,-196.1,357.1,0.08118,-132.4,-417.1,0.0740,-0.01245,OK
3.5426,3.4575,85.1,0,-186.0,390.3,0.0842,-180.3,371.7,0.1226,-97.6,-387.9,0.0000,-6.5,-500.0,0.1539,-48.5,-497.6,0,0.0,0.0,0.0000,-5.75,16.52,11.71,-12.10,1,0.0489,1.383,3.138,25.00,1,-197.0,353.2,0.08186,-155.3,-483.5,0.0786,-0.01267,OK
3.5502,3.4575,92.7,0,-186.0,390.3,0.0842,-180.3,371.7,0.1226,-97.6,-387.9,0.0000,-3.9,-500.0,0.1539,-45.9,-497.9,0,0.0,0.0,0.0000,-5.38,16.70,12.59,-13.04,1,0.0489,1.383,3.138,24.00,1,-198.0,349.4,0.08254,-171.8,-496.3,0.0862,-0.01293,OK
3.5618,3.5615,0.3,0,-204.2,343.6,0.0666,-187.6,330.8,0.1226,-42.8,-397.5,0.0000,12.1,-483.2,0.2242,-20.0,-482.9,0,0.0,0.0,0.0000,-6.21,15.92,10.75,-12.32,1,-0.0056,0.186,-0.735,24.00,1,-204.0,343.4,0.07545,-182.7,-441.2,-0.1352,-0.01233,OK
3.5662,3.5615,4.7,0,-204.2,343.6,0.0666,-187.6,330.8,0.1226,-42.8,-397.5,0.0000,18.7,-477.3,0.2242,-13.1,-477.5,0,0.0,0.0,0.0000,-8.55,16.12,10.91,-12.34,1,0.0600,-3.109,1.275,24.00,1,-204.0,343.4,0.07587,-151.4,-476.4,-0.1346,-0.01237,OK
3.5745,3.5615,13.0,0,-204.2,343.6,0.0666,-187.6,330.8,0.1226,-42.8,-397.5,0.0000,33.1,-469.0,0.2242,1.8,-470.2,0,0.0,0.0,0.0000,-8.56,15.97,9.89,-12.60,1,0.0622,-3.462,-0.088,24.00,1,-204.6,341.0,0.07603,-154.7,-469.0,0.0624,-0.01222,OK
3.5822,3.5615,20.7,0,-204.2,343.6,0.0666,-187.6,330.8,0.1226,-42.8,-397.5,0.0000,48.1,-465.9,0.2242,17.0,-468.0,0,0.0,0.0,0.0000,-8.85,16.39,9.76,-12.49,1,0.0622,-3.462,-0.088,25.00,1,-205.5,337.3,0.07649,-151.8,-473.6,0.0621,-0.01207,OK
3.5905,3.5615,29.0,0,-204.2,343.6,0.0666,-187.6,330.8,0.1226,-42.8,-397.5,0.0000,63.8,-471.3,0.2242,32.3,-474.5,0,0.0,0.0,0.0000,-10.09,17.12,10.29,-12.55,1,0.1189,-0.706,-1.491,24.00,1,-206.4,333.2,0.07722,-141.5,-499.1,0.1175,-0.01191,OK
3.5983,3.5615,36.7,0,-204.2,343.6,0.0666,-187.6,330.8,0.1226,-42.8,-397.5,0.0000,70.4,-481.5,0.2242,38.2,-485.1,0,0.0,0.0,0.0000,-7.99,16.70,10.55,-12.10,1,0.1333,0.059,1.863,24.00,1,-207.2,329.3,0.07820,-145.9,-481.2,0.1387,-0.01183,OK
3.6063,3.5615,44.8,0,-204.2,343.6,0.0666,-187.6,330.8,0.1226,-42.8,-397.5,0.0000,74.0,-490.8,0.2242,41.2,-494.7,0,0.0,0.0,0.0000,-7.00,16.84,10.58,-11.50,1,0.1322,0.363,1.471,24.00,1,-208.1,325.4,0.07934,-147.1,-465.8,0.1446,-0.01183,OK
3.6147,3.5615,53.2,0,-204.2,343.6,0.0666,-187.6,330.8,0.1226,-42.8,-397.5,0.0000,77.1,-494.0,0.2242,44.1,-498.1,0,0.0,0.0,0.0000,-7.41,14.80,10.68,-11.11,1,0.1311,-1.804,-0.716,25.00,1,-208.9,321.5,0.08052,-123.4,-454.2,0.1393,-0.01179,OK
3.6223,3.5615,60.8,0,-204.2,343.6,0.0666,-187.6,330.8,0.1226,-42.8,-397.5,0.0000,79.5,-493.6,0.2242,46.5,-497.8,0,0.0,0.0,0.0000,-8.72,15.83,10.50,-10.49,1,0.1311,-1.804,-0.716,25.00,1,-209.5,317.9,0.08156,-107.1,-466.8,0.1361,-0.01170,OK
3.6311,3.5615,69.5,0,-204.2,343.6,0.0666,-187.6,330.8,0.1226,-42.8,-397.5,0.0000,82.4,-493.2,0.2242,49.4,-497.6,0,0.0,0.0,0.0000,-9.37,15.31,10.92,-10.49,1,0.1878,-2.324,-1.098,25.00,1,-210.0,313.7,0.08296,-94.6,-477.7,0.1883,-0.01156,OK
3.6387,3.5615,77.2,0,-204.2,343.6,0.0666,-187.6,330.8,0.1226,-42.8,-397.5,0.0000,84.9,-492.7,0.2242,51.9,-497.3,0,0.0,0.0,0.0000,-10.04,14.95,12.09,-10.07,1,0.2178,-2.265,0.735,25.00,1,-210.3,310.0,0.08451,-72.0,-494.6,0.2205,-0.01145,OK
3.6463,3.5615,84.8,0,-204.2,343.6,0.0666,-187.6,330.8,0.1226,-42.8,-397.5,0.0000,86.8,-492.4,0.2242,53.8,-497.1,0,0.0,0.0,0.0000,-8.52,14.62,12.44,-9.68,1,0.2056,-1.804,1.785,24.00,1,-210.6,306.3,0.08617,-75.8,-475.4,0.2175,-0.01145,OK
3.6542,3.5615,92.7,0,-204.2,343.6,0.0666,-187.6,330.8,0.1226,-42.8,-397.5,0.0000,88.8,-492.0,0.2242,55.9,-496.9,0,0.0,0.0,0.0000,-5.42,14.41,11.95,-9.54,1,0.2056,-1.804,1.785,25.00,1,-211.1,302.8,0.08799,-114.5,-419.4,0.2354,-0.01169,OK
3.6637,3.6634,0.3,0,-217.2,299.8,0.0824,-189.3,290.1,0.1226,11.1,-399.7,0.0000,100.8,-477.1,0.1611,61.2,-483.8,0,0.0,0.0,0.0000,-4.96,14.14,12.41,-9.35,1,0.1956,-0.706,-1.216,25.00,1,-217.0,299.6,0.08801,-159.9,-361.8,0.1620,-0.01164,OK
3.6702,3.6634,6.9,0,-217.2,299.8,0.0824,-189.3,290.1,0.1226,11.1,-399.7,0.0000,110.1,-468.0,0.1611,71.2,-475.5,0,0.0,0.0,0.0000,-6.95,13.35,12.94,-8.68,1,0.2311,-0.471,1.187,24.00,1,-217.0,299.6,0.08877,-107.8,-401.3,0.4208,-0.01162,OK
3.6785,3.6634,15.1,0,-217.2,299.8,0.0824,-189.3,290.1,0.1226,11.1,-399.7,0.0000,124.0,-459.1,0.1611,85.8,-467.7,0,0.0,0.0,0.0000,-7.92,12.81,12.04,-8.31,1,0.2722,-1.785,-1.118,25.00,1,-217.4,296.7,0.09112,-87.6,-400.5,0.2841,-0.01163,OK
3.6867,3.6634,23.3,0,-217.2,299.8,0.0824,-189.3,290.1,0.1226,11.1,-399.7,0.0000,139.8,-454.9,0.1611,101.9,-464.9,0,0.0,0.0,0.0000,-10.43,12.96,11.97,-7.93,1,0.3178,-1.746,0.147,25.00,1,-217.7,293.3,0.09359,-57.9,-428.7,0.3207,-0.01152,OK
3.6941,3.6634,30.7,0,-217.2,299.8,0.0824,-189.3,290.1,0.1226,11.1,-399.7,0.0000,154.5,-457.5,0.1611,116.3,-468.6,0,0.0,0.0,0.0000,-10.42,13.82,13.69,-7.76,1,0.3178,-1.746,0.147,26.00,1,-217.8,289.9,0.09600,-43.6,-457.4,0.3280,-0.01150,OK
3.7023,3.6634,38.9,0,-217.2,299.8,0.0824,-189.3,290.1,0.1226,11.1,-399.7,0.0000,166.0,-467.5,0.1611,127.0,-479.6,0,0.0,0.0,0.0000,-9.80,17.70,14.36,-7.67,1,0.3100,-1.961,3.138,25.00,1,-217.8,286.1,0.09870,-50.4,-474.9,0.3303,-0.01162,OK
3.7101,3.6634,46.8,0,-217.2,299.8,0.0824,-189.3,290.1,0.1226,11.1,-399.7,0.0000,168.8,-470.7,0.1611,129.5,-482.9,0,0.0,0.0,0.0000,-9.30,5.35,13.43,-7.25,1,0.2467,-1.344,-2.089,25.00,1,-217.5,283.1,0.10083,24.2,-322.9,0.2230,-0.01131,OK
3.7192,3.6634,55.8,0,-217.2,299.8,0.0824,-189.3,290.1,0.1226,11.1,-399.7,0.0000,170.6,-470.0,0.1611,131.4,-482.4,0,0.0,0.0,0.0000,-10.02,6.70,13.32,-6.30,1,0.2333,0.069,-1.598,25.00,1,-217.0,280.0,0.10270,22.0,-361.1,0.2012,-0.01096,OK
3.7269,3.6634,63.6,0,-217.2,299.8,0.0824,-189.3,290.1,0.1226,11.1,-399.7,0.0000,172.2,-469.4,0.1611,133.0,-482.0,0,0.0,0.0,0.0000,-11.63,9.89,15.00,-6.07,1,0.2333,0.069,-1.598,24.00,1,-216.5,276.8,0.10439,29.8,-443.3,0.2366,-0.01087,OK
3.7345,3.6634,71.1,0,-217.2,299.8,0.0824,-189.3,290.1,0.1226,11.1,-399.7,0.0000,173.9,-468.8,0.1611,134.7,-481.5,0,0.0,0.0,0.0000,-12.16,10.22,15.22,-5.82,1,0.2856,-2.873,-0.049,25.00,1,-215.8,273.5,0.10636,39.4,-455.9,0.2885,-0.01077,OK
3.7421,3.6634,78.7,0,-217.2,299.8,0.0824,-189.3,290.1,0.1226,11.1,-399.7,0.0000,175.7,-468.1,0.1611,136.6,-481.0,0,0.0,0.0,0.0000,-11.19,11.04,14.85,-5.87,1,0.2822,-2.883,2.540,24.00,1,-215.2,270.1,0.10856,27.6,-450.2,0.2919,-0.01075,OK
3.7510,3.6634,87.6,0,-217.2,299.8,0.0824,-189.3,290.1,0.1226,11.1,-399.7,0.0000,177.8,-467.3,0.1611,138.8,-480.3,0,0.0,0.0,0.0000,-10.67,10.88,14.68,-5.31,1,0.2689,-2.461,-0.892,25.00,1,-214.5,266.2,0.11113,33.9,-435.2,0.2835,-0.01080,OK
3.7587,3.6634,95.4,0,-217.2,299.8,0.0824,-189.3,290.1,0.1226,11.1,-399.7,0.0000,179.6,-466.6,0.1611,140.6,-479.8,0,0.0,0.0,0.0000,-10.76,10.18,14.54,-4.84,1,0.2378,-0.412,-2.010,25.00,1,-213.8,263.0,0.11321,46.4,-425.1,0.2531,-0.01086,OK
3.7669,3.7666,0.3,0,-217.3,247.4,0.1109,-185.2,249.1,0.1226,65.9,-394.5,0.0000,184.8,-451.2,0.0468,133.7,-468.9,0,0.0,0.0,0.0000,-12.20,7.72,15.78,-4.69,1,0.2378,-0.412,-2.010,25.00,1,-217.1,247.7,0.11438,15.4,-513.8,0.1840,-0.01039,OK
3.7743,3.7666,7.8,0,-217.3,247.4,0.1109,-185.2,249.1,0.1226,65.9,-394.5,0.0000,191.0,-437.6,0.0468,141.4,-456.1,0,0.0,0.0,0.0000,-13.63,10.04,15.75,-4.23,1,0.2489,-0.186,1.393,24.00,1,-217.1,247.7,0.11453,41.4,-536.5,0.2456,-0.01039,OK
3.7826,3.7666,16.1,0,-217.3,247.4,0.1109,-185.2,249.1,0.1226,65.9,-394.5,0.0000,200.4,-424.0,0.0468,152.3,-443.6,0,0.0,0.0,0.0000,-13.32,8.97,15.63,-3.44,1,0.2356,-3.805,0.912,25.00,1,-216.2,243.6,0.11651,59.3,-510.9,0.2463,-0.01039,OK
3.7909,3.7666,24.3,0,-217.3,247.4,0.1109,-185.2,249.1,0.1226,65.9,-394.5,0.0000,213.4,-413.8,0.0468,166.3,-434.9,0,0.0,0.0,0.0000,-14.47,8.75,15.46,-3.97,1,0.1844,-3.472,0.520,25.00,1,-215.2,239.4,0.11830,64.0,-520.3,0.1906,-0.01034,OK
3.7983,3.7666,31.7,0,-217.3,247.4,0.1109,-185.2,249.1,0.1226,65.9,-394.5,0.0000,228.1,-411.6,0.0468,181.1,-434.4,0,0.0,0.0,0.0000,-14.41,8.43,15.91,-3.84,1,0.1844,-3.472,0.520,24.00,1,-214.2,235.7,0.11970,74.2,-517.9,0.1894,-0.01027,OK
3.8066,3.7666,40.0,0,-217.3,247.4,0.1109,-185.2,249.1,0.1226,65.9,-394.5,0.0000,238.5,-419.3,0.0468,190.6,-443.1,0,0.0,0.0,0.0000,-14.81,8.18,17.03,-3.13,1,0.1400,-0.275,-1.785,25.00,1,-212.9,231.5,0.12111,104.5,-523.5,0.1500,-0.01026,OK
3.8142,3.7666,47.6,0,-217.3,247.4,0.1109,-185.2,249.1,0.1226,65.9,-394.5,0.0000,244.4,-426.8,0.0468,195.6,-451.2,0,0.0,0.0,0.0000,-14.48,7.81,17.43,-2.57,1,0.1022,0.431,2.403,25.00,1,-211.6,227.7,0.12213,121.3,-513.0,0.1170,-0.01031,OK
3.8228,3.7666,56.3,0,-217.3,247.4,0.1109,-185.2,249.1,0.1226,65.9,-394.5,0.0000,249.6,-433.3,0.0468,200.1,-458.2,0,0.0,0.0,0.0000,-15.61,7.76,16.69,-2.27,1,0.0167,-2.157,-0.902,25.00,1,-209.9,223.4,0.12280,140.0,-513.4,0.0354,-0.01041,OK
3.8303,3.7666,63.8,0,-217.3,247.4,0.1109,-185.2,249.1,0.1226,65.9,-394.5,0.0000,250.7,-432.6,0.0468,201.3,-457.7,0,0.0,0.0,0.0000,-16.49,7.27,16.15,-3.00,1,0.0000,-2.501,-0.118,24.00,1,-208.4,219.7,0.12294,130.2,-512.6,0.0066,-0.01036,OK
3.8390,3.7666,72.5,0,-217.3,247.4,0.1109,-185.2,249.1,0.1226,65.9,-394.5,0.0000,252.2,-431.7,0.0468,202.9,-457.0,0,0.0,0.0,0.0000,-17.20,6.14,17.04,-2.93,1,0.0000,-2.501,-0.118,24.00,1,-206.7,215.5,0.12291,145.2,-508.6,-0.0066,-0.01016,OK
3.8468,3.7666,80.2,0,-217.3,247.4,0.1109,-185.2,249.1,0.1226,65.9,-394.5,0.0000,253.7,-430.8,0.0468,204.5,-456.3,0,0.0,0.0,0.0000,-16.68,6.19,17.17,-2.77,1,-0.0489,-1.471,-0.049,25.00,1,-205.0,211.7,0.12266,152.2,-506.4,-0.0491,-0.01003,OK
3.8548,3.7666,88.3,0,-217.3,247.4,0.1109,-185.2,249.1,0.1226,65.9,-394.5,0.0000,255.2,-429.9,0.0468,206.1,-455.6,0,0.0,0.0,0.0000,-16.27,6.04,17.07,-2.30,1,-0.1233,0.608,1.157,25.00,1,-203.3,207.9,0.12200,165.6,-498.4,-0.1135,-0.01003,OK
3.8623,3.7666,95.7,0,-217.3,247.4,0.1109,-185.2,249.1,0.1226,65.9,-394.5,0.0000,256.7,-429.1,0.0468,207.7,-454.8,0,0.0,0.0,0.0000,-16.61,5.26,17.10,-1.99,1,-0.2033,-0.853,-1.765,25.00,1,-201.5,204.4,0.12085,180.6,-489.8,-0.1941,-0.01001,OK
3.8703,3.8688,1.5,0,-199.9,201.5,0.1217,-175.8,209.3,0.1226,118.8,-382.0,0.0000,253.3,-413.5,0.0036,201.2,-441.2,0,0.0,0.0,0.0000,-16.53,5.33,16.76,-1.71,1,-0.2033,-0.853,-1.765,25.00,1,-199.8,201.3,0.11960,172.6,-446.7,-0.1688,-0.01020,OK
3.8788,3.8688,10.0,0,-199.9,201.5,0.1217,-175.8,209.3,0.1226,118.8,-382.0,0.0000,251.0,-396.6,0.0036,201.0,-424.1,0,0.0,0.0,0.0000,-17.21,5.04,17.20,-1.69,1,-0.2200,-1.844,0.892,25.00,1,-199.3,200.4,0.11912,185.3,-458.0,-0.2100,-0.01020,OK
3.8860,3.8688,17.2,0,-199.9,201.5,0.1217,-175.8,209.3,0.1226,118.8,-382.0,0.0000,250.9,-382.1,0.0036,202.6,-409.8,0,0.0,0.0,0.0000,-17.62,4.73,16.37,-1.98,1,-0.2400,-0.863,1.157,24.00,1,-197.6,197.3,0.11749,178.4,-447.7,-0.2383,-0.01010,OK
3.8943,3.8688,25.6,0,-199.9,201.5,0.1217,-175.8,209.3,0.1226,118.8,-382.0,0.0000,257.1,-366.7,0.0036,210.7,-395.2,0,0.0,0.0,0.0000,-18.06,4.46,17.34,-2.00,1,-0.3044,-0.373,-0.932,25.00,1,-195.6,193.8,0.11522,194.0,-461.0,-0.3039,-0.00999,OK
3.9032,3.8688,34.5,0,-199.9,201.5,0.1217,-175.8,209.3,0.1226,118.8,-382.0,0.0000,265.8,-372.8,0.0036,218.6,-402.3,0,0.0,0.0,0.0000,-17.62,4.44,17.78,-1.52,1,-0.3044,-0.373,-0.932,25.00,1,-193.4,189.9,0.11254,208.3,-463.9,-0.2956,-0.00998,OK
3.9111,3.8688,42.4,0,-199.9,201.5,0.1217,-175.8,209.3,0.1226,118.8,-382.0,0.0000,272.9,-379.7,0.0036,224.8,-410.0,0,0.0,0.0,0.0000,-17.92,4.55,17.26,-1.48,1,-0.3089,-1.402,1.677,25.00,1,-191.3,186.4,0.11021,210.7,-464.7,-0.2975,-0.00999,OK
3.9187,3.8688,50.0,0,-199.9,201.5,0.1217,-175.8,209.3,0.1226,118.8,-382.0,0.0000,279.7,-386.1,0.0036,230.8,-417.3,0,0.0,0.0,0.0000,-18.03,3.74,15.74,-2.20,1,-0.3467,-2.344,-0.216,25.00,1,-189.5,183.2,0.10767,186.3,-430.9,-0.3584,-0.00976,OK
3.9265,3.8688,57.8,0,-199.9,201.5,0.1217,-175.8,209.3,0.1226,118.8,-382.0,0.0000,286.9,-392.7,0.0036,237.1,-424.7,0,0.0,0.0,0.0000,-18.15,4.19,13.73,-1.40,1,-0.3678,1.236,-1.089,25.00,1,-187.7,180.1,0.10489,189.8,-416.7,-0.3523,-0.00982,OK
3.9342,3.8688,65.4,0,-199.9,201.5,0.1217,-175.8,209.3,0.1226,118.8,-382.0,0.0000,293.9,-399.3,0.0036,243.2,-432.1,0,0.0,0.0,0.0000,-17.68,4.44,15.34,-1.07,1,-0.3511,1.432,0.392,25.00,1,-185.8,177.0,0.10233,212.2,-441.7,-0.3257,-0.00998,OK
3.9430,3.8688,74.3,0,-199.9,201.5,0.1217,-175.8,209.3,0.1226,118.8,-382.0,0.0000,298.0,-401.5,0.0036,247.1,-434.7,0,0.0,0.0,0.0000,-17.62,3.77,17.21,-0.60,1,-0.3511,1.432,0.392,25.00,1,-183.4,173.2,0.09946,237.9,-453.5,-0.3295,-0.01010,OK
3.9508,3.8688,82.0,0,-199.9,201.5,0.1217,-175.8,209.3,0.1226,118.8,-382.0,0.0000,299.5,-400.4,0.0036,248.7,-433.8,0,0.0,0.0,0.0000,-18.39,3.06,17.62,-0.31,1,-0.3444,-1.353,0.824,25.00,1,-181.1,169.9,0.09688,250.1,-448.8,-0.3360,-0.01008,OK
3.9586,3.8688,89.9,0,-199.9,201.5,0.1217,-175.8,209.3,0.1226,118.8,-382.0,0.0000,301.0,-399.2,0.0036,250.3,-432.8,0,0.0,0.0,0.0000,-17.50,3.43,17.44,-0.36,1,-0.3467,-0.824,-0.598,26.00,1,-178.9,166.6,0.09429,246.1,-449.0,-0.3267,-0.01018,OK
3.9662,3.8688,97.5,0,-199.9,201.5,0.1217,-175.8,209.3,0.1226,118.8,-382.0,0.0000,302.6,-398.0,0.0036,252.0,-431.8,0,0.0,0.0,0.0000,-18.56,3.86,16.87,-1.02,1,-0.3333,-0.177,-0.000,25.00,1,-176.7,163.3,0.09182,234.2,-457.4,-0.3247,-0.01016,OK
3.9742,3.9707,3.5,0,-173.4,160.5,0.1017,-161.0,171.3,0.1226,169.7,-362.2,0.0000,294.7,-384.1,0.0837,254.2,-412.1,0,0.0,0.0,0.0000,-17.78,3.44,16.92,-0.47,1,-0.3567,-1.677,-0.235,25.00,1,-173.4,160.4,0.09334,243.7,-425.8,-0.2982,-0.01078,OK
3.9825,3.9707,11.8,0,-173.4,160.5,0.1017,-161.0,171.3,0.1226,169.7,-362.2,0.0000,287.2,-369.4,0.0837,248.2,-396.6,0,0.0,0.0,0.0000,-19.24,3.50,17.07,-0.84,1,-0.3567,-1.677,-0.235,25.00,1,-172.3,158.8,0.09201,245.0,-440.4,-0.3504,-0.01074,OK
3.9908,3.9707,20.1,0,-173.4,160.5,0.1017,-161.0,171.3,0.1226,169.7,-362.2,0.0000,281.0,-353.9,0.0837,243.6,-380.6,0,0.0,0.0,0.0000,-18.62,3.02,16.77,-0.29,1,-0.3389,2.422,-0.196,24.00,1,-170.0,155.4,0.08918,250.9,-424.7,-0.3304,-0.01072,OK
3.9981,3.9707,27.3,0,-173.4,160.5,0.1017,-161.0,171.3,0.1226,169.7,-362.2,0.0000,277.9,-339.8,0.0837,242.0,-366.3,0,0.0,0.0,0.0000,-17.49,2.89,15.37,0.29,1,-0.3256,1.608,-2.648,24.00,1,-167.9,152.6,0.08692,247.6,-401.1,-0.3000,-0.01086,OK
4.0067,3.9707,36.0,0,-173.4,160.5,0.1017,-161.0,171.3,0.1226,169.7,-362.2,0.0000,284.0,-334.9,0.0837,248.5,-362.0,0,0.0,0.0,0.0000,-18.54,3.25,17.50,-0.55,1,-0.2989,-2.834,3.050,25.00,1,-165.5,149.2,0.08432,249.3,-435.0,-0.2976,-0.01077,OK
4.0145,3.9707,43.8,0,-173.4,160.5,0.1017,-161.0,171.3,0.1226,169.7,-362.2,0.0000,291.9,-340.8,0.0837,255.8,-368.7,0,0.0,0.0,0.0000,-17.98,2.81,17.11,-0.71,1,-0.2989,-2.834,3.050,25.00,1,-163.3,146.0,0.08193,238.3,-414.8,-0.3100,-0.01056,OK
4.0222,3.9707,51.5,0,-173.4,160.5,0.1017,-161.0,171.3,0.1226,169.7,-362.2,0.0000,299.9,-346.4,0.0837,263.2,-375.1,0,0.0,0.0,0.0000,-17.07,3.02,16.90,-1.08,1,-0.2800,-3.579,0.745,25.00,1,-161.3,143.0,0.07959,224.0,-408.9,-0.2939,-0.01034,OK
4.0310,3.9707,60.2,0,-173.4,160.5,0.1017,-161.0,171.3,0.1226,169.7,-362.2,0.0000,308.8,-352.7,0.0837,271.4,-382.2,0,0.0,0.0,0.0000,-16.04,3.20,16.18,-0.44,1,-0.2867,3.354,-1.775,25.00,1,-159.0,139.6,0.07711,230.3,-403.1,-0.2725,-0.01038,OK
4.0388,3.9707,68.1,0,-173.4,160.5,0.1017,-161.0,171.3,0.1226,169.7,-362.2,0.0000,316.9,-358.3,0.0837,278.9,-388.6,0,0.0,0.0,0.0000,-16.20,3.74,16.09,-0.06,1,-0.2900,3.315,-1.079,25.00,1,-156.9,136.6,0.07508,242.4,-417.4,-0.2537,-0.01062,OK
4.0466,3.9707,75.8,0,-173.4,160.5,0.1017,-161.0,171.3,0.1226,169.7,-362.2,0.0000,324.8,-363.9,0.0837,286.2,-395.0,0,0.0,0.0,0.0000,-17.50,3.27,16.62,0.83,1,-0.2589,-0.990,-0.520,24.00,1,-154.6,133.4,0.07327,272.3,-428.8,-0.2214,-0.01087,OK
4.0547,3.9707,84.0,0,-173.4,160.5,0.1017,-161.0,171.3,0.1226,169.7,-362.2,0.0000,333.3,-369.8,0.0837,294.0,-401.7,0,0.0,0.0,0.0000,-16.91,2.73,17.33,0.98,1,-0.2589,-0.990,-0.520,25.00,1,-152.2,130.2,0.07146,275.7,-420.7,-0.2277,-0.01106,OK
4.0626,3.9707,91.8,0,-173.4,160.5,0.1017,-161.0,171.3,0.1226,169.7,-362.2,0.0000,336.4,-369.9,0.0837,297.1,-402.1,0,0.0,0.0,0.0000,-16.95,2.62,17.16,1.13,1,-0.1956,-2.569,1.667,25.00,1,-149.8,127.1,0.06991,273.8,-412.9,-0.1725,-0.01118,OK
4.0734,4.0731,0.3,0,-139.6,114.3,0.0666,-141.2,135.6,0.1226,217.3,-335.7,0.0000,324.3,-352.0,0.2239,300.1,-372.8,0,0.0,0.0,0.0000,-14.68,2.87,16.10,0.80,1,-0.1478,-0.294,-0.010,25.00,1,-139.8,114.6,0.06711,289.0,-443.6,-0.1256,-0.01132,OK
4.0789,4.0731,5.8,0,-139.6,114.3,0.0666,-141.2,135.6,0.1226,217.3,-335.7,0.0000,318.3,-342.7,0.2239,294.8,-363.1,0,0.0,0.0,0.0000,-11.87,2.78,16.69,0.98,1,-0.1422,0.981,-1.363,25.00,1,-139.8,114.6,0.06778,251.8,-389.8,0.0953,-0.01130,OK
4.0861,4.0731,13.0,0,-139.6,114.3,0.0666,-141.2,135.6,0.1226,217.3,-335.7,0.0000,311.0,-330.3,0.2239,288.3,-350.2,0,0.0,0.0,0.0000,-14.59,3.05,17.48,1.04,1,-0.1422,0.314,-1.697,25.00,1,-138.3,112.6,0.06754,293.0,-447.3,-0.1112,-0.01154,OK
4.0943,4.0731,21.3,0,-139.6,114.3,0.0666,-141.2,135.6,0.1226,217.3,-335.7,0.0000,303.5,-315.6,0.2239,281.8,-335.1,0,0.0,0.0,0.0000,-16.15,3.18,17.68,0.92,1,-0.1422,0.314,-1.697,25.00,1,-135.6,109.0,0.06661,302.5,-466.5,-0.1187,-0.01166,OK
4.1028,4.0731,29.7,0,-139.6,114.3,0.0666,-141.2,135.6,0.1226,217.3,-335.7,0.0000,297.5,-299.8,0.2239,276.9,-318.9,0,0.0,0.0,0.0000,-16.12,2.93,17.29,1.38,1,-0.0833,-1.265,3.246,25.00,1,-132.8,105.3,0.06587,303.2,-452.1,-0.0609,-0.01178,OK
4.1108,4.0731,37.8,0,-139.6,114.3,0.0666,-141.2,135.6,0.1226,217.3,-335.7,0.0000,294.7,-283.9,0.2239,275.1,-302.9,0,0.0,0.0,0.0000,-15.40,2.97,17.67,0.98,1,-0.0078,1.598,0.039,25.00,1,-130.2,101.9,0.06563,283.7,-437.6,0.0010,-0.01175,OK
4.1187,4.0731,45.6,0,-139.6,114.3,0.0666,-141.2,135.6,0.1226,217.3,-335.7,0.0000,300.1,-272.6,0.2239,281.3,-292.0,0,0.0,0.0,0.0000,-15.69,3.25,17.51,1.64,1,-0.0078,1.598,0.039,25.00,1,-127.7,98.5,0.06574,299.4,-447.5,0.0199,-0.01193,OK
4.1263,4.0731,53.2,0,-139.6,114.3,0.0666,-141.2,135.6,0.1226,217.3,-335.7,0.0000,308.5,-277.2,0.2239,289.4,-297.1,0,0.0,0.0,0.0000,-15.77,2.75,17.29,2.34,1,0.0367,0.804,-3.776,25.00,1,-125.1,95.4,0.06609,307.6,-433.3,0.0644,-0.01212,OK
4.1351,4.0731,62.1,0,-139.6,114.3,0.0666,-141.2,135.6,0.1226,217.3,-335.7,0.0000,318.5,-282.4,0.2239,298.9,-303.0,0,0.0,0.0,0.0000,-14.85,2.65,18.41,2.52,1,0.0900,-2.618,3.246,24.00,1,-122.2,91.8,0.06694,305.2,-424.3,0.1174,-0.01231,OK
4.1429,4.0731,69.8,0,-139.6,114.3,0.0666,-141.2,135.6,0.1226,217.3,-335.7,0.0000,327.3,-286.6,0.2239,307.5,-307.8,0,0.0,0.0,0.0000,-15.16,2.10,17.43,2.63,1,0.1644,-1.206,-1.598,24.00,1,-119.6,88.8,0.06806,298.3,-399.0,0.1728,-0.01226,OK
4.1507,4.0731,77.7,0,-139.6,114.3,0.0666,-141.2,135.6,0.1226,217.3,-335.7,0.0000,336.3,-290.8,0.2239,316.2,-312.5,0,0.0,0.0,0.0000,-15.09,1.99,16.81,2.75,1,0.1878,1.157,-3.579,24.00,1,-117.1,85.9,0.06948,293.8,-387.3,0.1947,-0.01219,OK
4.1589,4.0731,85.8,0,-139.6,114.3,0.0666,-141.2,135.6,0.1226,217.3,-335.7,0.0000,345.2,-295.3,0.2239,324.8,-317.7,0,0.0,0.0,0.0000,-15.52,2.80,16.68,2.44,1,0.1878,1.157,-3.579,25.00,1,-114.5,82.8,0.07111,289.4,-406.9,0.2035,-0.01224,OK
4.1669,4.0731,93.9,0,-139.6,114.3,0.0666,-141.2,135.6,0.1226,217.3,-335.7,0.0000,354.3,-299.7,0.2239,333.5,-322.7,0,0.0,0.0,0.0000,-15.06,2.17,16.17,2.42,1,0.2078,1.726,2.030,25.00,1,-112.0,79.8,0.07274,279.3,-378.8,0.2086,-0.01209,OK
4.1762,4.1758,0.4,0,-108.4,75.0,0.0522,-116.6,102.7,0.1226,261.1,-302.9,0.0000,343.3,-284.8,0.2818,328.0,-302.4,0,0.0,0.0,0.0000,-15.95,1.89,16.59,3.34,1,0.2300,-1.491,0.873,24.00,1,-108.3,74.9,0.06757,289.3,-370.4,0.0790,-0.01132,OK
4.1827,4.1758,6.8,0,-108.4,75.0,0.0522,-116.6,102.7,0.1226,261.1,-302.9,0.0000,336.0,-274.1,0.2818,321.3,-291.3,0,0.0,0.0,0.0000,-14.55,1.67,16.79,3.52,1,0.1744,-1.020,-2.746,25.00,1,-108.3,74.9,0.06886,284.7,-355.9,0.2548,-0.01138,OK
4.1910,4.1758,15.1,0,-108.4,75.0,0.0522,-116.6,102.7,0.1226,261.1,-302.9,0.0000,327.5,-259.9,0.2818,313.5,-276.6,0,0.0,0.0,0.0000,-14.18,1.82,16.45,3.12,1,0.2022,1.638,0.990,25.00,1,-106.1,72.5,0.07052,274.4,-353.1,0.2173,-0.01143,OK
4.1982,4.1758,22.4,0,-108.4,75.0,0.0522,-116.6,102.7,0.1226,261.1,-302.9,0.0000,321.1,-246.9,0.2818,307.8,-263.3,0,0.0,0.0,0.0000,-14.94,1.27,15.93,2.84,1,0.2022,1.638,0.990,25.00,1,-104.0,70.2,0.07195,271.5,-339.5,0.1897,-0.01111,OK
4.2067,4.1758,30.9,0,-108.4,75.0,0.0522,-116.6,102.7,0.1226,261.1,-302.9,0.0000,316.0,-230.7,0.2818,303.5,-246.9,0,0.0,0.0,0.0000,-13.92,0.80,15.71,3.20,1,0.1678,0.000,0.020,25.00,1,-101.5,67.5,0.07342,271.8,-320.8,0.1646,-0.01093,OK
4.2142,4.1758,38.4,0,-108.4,75.0,0.0522,-116.6,102.7,0.1226,261.1,-302.9,0.0000,315.6,-215.7,0.2818,304.0,-231.8,0,0.0,0.0,0.0000,-14.81,0.73,16.39,3.41,1,0.1233,0.324,-2.579,24.00,1,-99.2,65.2,0.07450,288.6,-337.8,0.1257,-0.01083,OK
4.2229,4.1758,47.1,0,-108.4,75.0,0.0522,-116.6,102.7,0.1226,261.1,-302.9,0.0000,325.5,-208.8,0.2818,314.1,-225.5,0,0.0,0.0,0.0000,-15.38,0.69,16.48,3.95,1,0.1356,-1.598,3.334,25.00,1,-96.4,62.4,0.07568,302.8,-345.6,0.1464,-0.01083,OK
4.2308,4.1758,54.9,0,-108.4,75.0,0.0522,-116.6,102.7,0.1226,261.1,-302.9,0.0000,334.6,-212.4,0.2818,323.1,-229.5,0,0.0,0.0,0.0000,-15.54,-0.15,16.39,3.85,1,0.1356,-1.598,3.334,24.00,1,-93.8,60.0,0.07668,303.5,-322.9,0.1221,-0.01053,OK
4.2383,4.1758,62.5,0,-108.4,75.0,0.0522,-116.6,102.7,0.1226,261.1,-302.9,0.0000,343.6,-215.7,0.2818,331.8,-233.3,0,0.0,0.0,0.0000,-14.48,-0.04,14.92,3.40,1,0.0756,-0.716,-3.099,26.00,1,-91.5,57.8,0.07736,279.7,-304.8,0.0672,-0.01030,OK
4.2461,4.1758,70.3,0,-108.4,75.0,0.0522,-116.6,102.7,0.1226,261.1,-302.9,0.0000,352.8,-218.9,0.2818,340.9,-237.0,0,0.0,0.0,0.0000,-13.76,-0.40,14.18,3.70,1,0.0500,1.530,-2.952,25.00,1,-89.1,55.7,0.07778,276.3,-286.0,0.0494,-0.01018,OK
4.2541,4.1758,78.3,0,-108.4,75.0,0.0522,-116.6,102.7,0.1226,261.1,-302.9,0.0000,362.3,-222.1,0.2818,350.2,-240.7,0,0.0,0.0,0.0000,-14.21,-0.61,15.15,4.19,1,0.0178,-1.540,0.922,24.00,1,-86.6,53.6,0.07809,296.1,-298.7,0.0268,-0.01016,OK
4.2630,4.1758,87.2,0,-108.4,75.0,0.0522,-116.6,102.7,0.1226,261.1,-302.9,0.0000,372.9,-225.4,0.2818,360.6,-244.6,0,0.0,0.0,0.0000,-15.02,-0.92,15.08,4.21,1,-0.0444,-2.050,0.245,24.00,1,-83.8,51.1,0.07802,305.2,-302.6,-0.0380,-0.01011,OK
4.2707,4.1758,94.9,0,-108.4,75.0,0.0522,-116.6,102.7,0.1226,261.1,-302.9,0.0000,382.1,-228.2,0.2818,369.7,-247.9,0,0.0,0.0,0.0000,-14.14,-0.94,14.06,3.79,1,-0.0444,-2.050,0.245,25.00,1,-81.3,49.1,0.07768,284.6,-281.8,-0.0447,-0.01000,OK
4.2785,4.2782,0.3,0,-75.3,38.2,0.0909,-87.8,73.6,0.1226,300.0,-264.9,0.0000,372.1,-216.3,0.1270,351.0,-249.2,0,0.0,0.0,0.0000,-14.06,-1.11,14.26,3.82,1,-0.0956,1.589,-0.324,25.00,1,-75.3,38.5,0.08155,294.2,-351.2,-0.0052,-0.01034,OK
4.2870,4.2782,8.8,0,-75.3,38.2,0.0909,-87.8,73.6,0.1226,300.0,-264.9,0.0000,362.0,-202.8,0.1270,342.1,-234.8,0,0.0,0.0,0.0000,-14.41,-1.56,14.83,4.32,1,-0.0644,2.373,-0.549,25.00,1,-75.1,38.3,0.08137,308.4,-336.2,-0.0599,-0.01028,OK
4.2942,4.2782,16.1,0,-75.3,38.2,0.0909,-87.8,73.6,0.1226,300.0,-264.9,0.0000,353.9,-190.7,0.1270,335.1,-222.0,0,0.0,0.0,0.0000,-14.79,-2.06,14.54,5.04,1,-0.0244,-0.029,-1.412,25.00,1,-72.6,36.1,0.08107,321.0,-322.1,-0.0205,-0.01021,OK
4.3027,4.2782,24.5,0,-75.3,38.2,0.0909,-87.8,73.6,0.1226,300.0,-264.9,0.0000,346.1,-175.8,0.1270,328.7,-206.5,0,0.0,0.0,0.0000,-14.43,-1.75,14.34,5.19,1,-0.0244,-0.029,-1.412,24.00,1,-69.7,33.6,0.08093,316.7,-320.2,-0.0134,-0.01022,OK
4.3105,4.2782,32.3,0,-75.3,38.2,0.0909,-87.8,73.6,0.1226,300.0,-264.9,0.0000,341.1,-161.0,0.1270,325.0,-191.3,0,0.0,0.0,0.0000,-14.18,-1.53,10.85,5.35,1,0.0178,-3.148,-0.667,24.00,1,-67.2,31.5,0.08100,278.1,-271.9,0.0305,-0.01025,OK
4.3192,4.2782,41.0,0,-75.3,38.2,0.0909,-87.8,73.6,0.1226,300.0,-264.9,0.0000,341.4,-143.6,0.1270,326.9,-174.0,0,0.0,0.0,0.0000,-13.44,-1.73,11.01,5.02,1,0.0389,0.490,-1.383,25.00,1,-64.6,29.4,0.08133,274.4,-260.0,0.0459,-0.01022,OK
4.3270,4.2782,48.9,0,-75.3,38.2,0.0909,-87.8,73.6,0.1226,300.0,-264.9,0.0000,351.1,-135.8,0.1270,337.3,-167.1,0,0.0,0.0,0.0000,-13.40,-1.82,12.55,4.69,1,0.0456,0.696,0.814,25.00,1,-62.3,27.5,0.08167,286.2,-273.3,0.0456,-0.01010,OK
4.3346,4.2782,56.5,0,-75.3,38.2,0.0909,-87.8,73.6,0.1226,300.0,-264.9,0.0000,360.3,-138.0,0.1270,346.3,-170.1,0,0.0,0.0,0.0000,-13.09,-1.68,13.30,5.07,1,-0.0200,-1.147,0.716,25.00,1,-59.9,25.5,0.08183,294.9,-283.9,-0.0045,-0.01016,OK
4.3423,4.2782,64.2,0,-75.3,38.2,0.0909,-87.8,73.6,0.1226,300.0,-264.9,0.0000,369.7,-140.0,0.1270,355.5,-173.0,0,0.0,0.0,0.0000,-13.28,-2.01,13.25,5.56,1,-0.0200,-1.147,0.716,24.00,1,-57.4,23.6,0.08182,303.6,-276.4,-0.0033,-0.01023,OK
4.3502,4.2782,72.0,0,-75.3,38.2,0.0909,-87.8,73.6,0.1226,300.0,-264.9,0.0000,379.3,-142.0,0.1270,364.9,-175.8,0,0.0,0.0,0.0000,-12.42,-2.03,13.30,4.87,1,-0.0322,-0.696,-1.667,24.00,1,-54.9,21.7,0.08172,289.3,-264.6,-0.0212,-0.01024,OK
4.3590,4.2782,80.9,0,-75.3,38.2,0.0909,-87.8,73.6,0.1226,300.0,-264.9,0.0000,390.3,-144.0,0.1270,375.6,-178.8,0,0.0,0.0,0.0000,-12.49,-2.71,13.10,4.98,1,-0.0044,0.922,-0.804,25.00,1,-52.2,19.6,0.08158,293.8,-245.8,-0.0051,-0.01012,OK
4.3671,4.2782,88.9,0,-75.3,38.2,0.0909,-87.8,73.6,0.1226,300.0,-264.9,0.0000,400.2,-145.7,0.1270,385.4,-181.4,0,0.0,0.0,0.0000,-12.54,-2.07,12.90,5.22,1,0.0056,0.520,-0.235,25.00,1,-49.7,17.8,0.08164,290.9,-254.5,0.0172,-0.01014,OK
4.3748,4.2782,96.7,0,-75.3,38.2,0.0909,-87.8,73.6,0.1226,300.0,-264.9,0.0000,409.9,-147.1,0.1270,394.9,-183.7,0,0.0,0.0,0.0000,-12.77,-2.82,12.65,5.60,1,0.0056,0.520,-0.235,25.00,1,-47.2,16.1,0.08173,300.7,-237.4,0.0113,-0.01009,OK
4.3826,4.3810,1.6,0,-44.7,13.4,0.0869,-55.2,48.6,0.1226,333.2,-221.1,0.0000,398.3,-136.9,0.1431,385.0,-170.9,0,0.0,0.0,0.0000,-12.71,-3.28,12.59,5.64,1,0.0178,0.284,-1.442,25.00,1,-44.7,13.4,0.08362,283.7,-222.7,0.0373,-0.01012,OK
4.3910,4.3810,10.0,0,-44.7,13.4,0.0869,-55.2,48.6,0.1226,333.2,-221.1,0.0000,386.5,-124.9,0.1431,374.3,-157.9,0,0.0,0.0,0.0000,-13.42,-3.44,12.17,6.08,1,0.0100,-1.432,0.549,25.00,1,-44.0,13.0,0.08359,294.3,-219.8,0.0117,-0.01002,OK
4.3982,4.3810,17.2,0,-44.7,13.4,0.0869,-55.2,48.6,0.1226,333.2,-221.1,0.0000,377.3,-113.7,0.1431,366.0,-146.0,0,0.0,0.0,0.0000,-12.18,-3.34,12.16,5.97,1,-0.0122,-0.637,-0.373,26.00,1,-41.8,11.6,0.08362,284.7,-210.5,-0.0042,-0.01000,OK
4.4068,4.3810,25.8,0,-44.7,13.4,0.0869,-55.2,48.6,0.1226,333.2,-221.1,0.0000,368.9,-98.7,0.1431,359.0,-130.4,0,0.0,0.0,0.0000,-12.36,-3.48,12.13,6.10,1,-0.0122,-0.637,-0.373,25.00,1,-39.2,10.0,0.08357,289.5,-207.6,-0.0051,-0.00997,OK
4.4152,4.3810,34.2,0,-44.7,13.4,0.0869,-55.2,48.6,0.1226,333.2,-221.1,0.0000,368.4,-82.0,0.1431,359.9,-113.6,0,0.0,0.0,0.0000,-12.54,-4.16,12.14,5.58,1,-0.0200,1.383,-0.686,26.00,1,-36.6,8.6,0.08338,290.7,-198.2,-0.0295,-0.00976,OK
4.4229,4.3810,41.9,0,-44.7,13.4,0.0869,-55.2,48.6,0.1226,333.2,-221.1,0.0000,378.1,-80.7,0.1431,369.7,-113.2,0,0.0,0.0,0.0000,-12.99,-4.77,12.90,6.29,1,-0.0444,-0.216,0.245,25.00,1,-34.2,7.2,0.08305,314.7,-199.1,-0.0488,-0.00961,OK
4.4306,4.3810,49.6,0,-44.7,13.4,0.0869,-55.2,48.6,0.1226,333.2,-221.1,0.0000,387.7,-81.2,0.1431,379.2,-114.5,0,0.0,0.0,0.0000,-12.49,-4.63,12.11,7.39,1,-0.0511,-1.795,0.451,25.00,1,-31.6,6.0,0.08272,316.5,-184.2,-0.0392,-0.00963,OK
4.4382,4.3810,57.2,0,-44.7,13.4,0.0869,-55.2,48.6,0.1226,333.2,-221.1,0.0000,397.2,-81.6,0.1431,388.6,-115.7,0,0.0,0.0,0.0000,-13.00,-4.75,11.73,6.88,1,-0.0367,-0.530,-0.422,24.00,1,-29.1,4.8,0.08242,313.6,-182.0,-0.0356,-0.00954,OK
4.4469,4.3810,65.9,0,-44.7,13.4,0.0869,-55.2,48.6,0.1226,333.2,-221.1,0.0000,407.9,-82.5,0.1431,399.2,-117.6,0,0.0,0.0,0.0000,-12.11,-4.41,11.81,6.64,1,-0.0367,-0.530,-0.422,25.00,1,-26.3,3.4,0.08212,303.1,-179.8,-0.0311,-0.00950,OK
4.4549,4.3810,73.9,0,-44.7,13.4,0.0869,-55.2,48.6,0.1226,333.2,-221.1,0.0000,417.8,-83.2,0.1431,409.0,-119.2,0,0.0,0.0,0.0000,-12.10,-4.21,12.67,6.75,1,-0.0133,1.030,-0.147,25.00,1,-23.8,2.2,0.08197,309.7,-189.7,-0.0047,-0.00949,OK
4.4627,4.3810,81.7,0,-44.7,13.4,0.0869,-55.2,48.6,0.1226,333.2,-221.1,0.0000,427.6,-83.9,0.1431,418.8,-120.7,0,0.0,0.0,0.0000,-12.06,-4.51,12.20,6.77,1,0.0211,0.245,-0.167,25.00,1,-21.2,0.9,0.08203,309.2,-177.4,0.0234,-0.00942,OK
4.4704,4.3810,89.4,0,-44.7,13.4,0.0869,-55.2,48.6,0.1226,333.2,-221.1,0.0000,437.3,-84.4,0.1431,428.4,-122.0,0,0.0,0.0,0.0000,-12.32,-4.77,12.00,7.07,1,0.0433,-0.500,-0.118,25.00,1,-18.8,-0.2,0.08227,315.6,-171.1,0.0436,-0.00932,OK
4.4791,4.3810,98.1,0,-44.7,13.4,0.0869,-55.2,48.6,0.1226,333.2,-221.1,0.0000,448.4,-84.5,0.1431,439.4,-123.1,0,0.0,0.0,0.0000,-12.12,-4.67,11.89,7.07,1,0.0600,-0.794,-0.500,24.00,1,-15.9,-1.4,0.08270,312.9,-168.0,0.0607,-0.00922,OK
4.4870,4.4806,6.4,0,-13.2,-6.2,0.0713,-20.7,28.8,0.1226,359.6,-174.9,0.0000,435.5,-75.6,0.2051,429.0,-106.4,0,0.0,0.0,0.0000,-12.15,-4.46,12.35,7.04,1,0.0600,-0.794,-0.500,25.00,1,-13.2,-6.0,0.07920,310.0,-202.8,0.0590,-0.00880,OK
4.4947,4.4806,14.0,0,-13.2,-6.2,0.0713,-20.7,28.8,0.1226,359.6,-174.9,0.0000,423.5,-66.0,0.2051,417.7,-96.0,0,0.0,0.0,0.0000,-12.28,-4.79,11.83,7.23,1,0.0922,-0.078,0.157,24.00,1,-11.2,-7.0,0.07967,312.4,-188.7,0.0920,-0.00870,OK
4.5023,4.4806,21.7,0,-13.2,-6.2,0.0713,-20.7,28.8,0.1226,359.6,-174.9,0.0000,412.6,-55.2,0.2051,407.6,-84.5,0,0.0,0.0,0.0000,-12.41,-5.65,12.02,7.24,1,0.0956,0.255,-0.382,25.00,1,-8.6,-8.2,0.08033,322.6,-177.4,0.0886,-0.00852,OK
4.5101,4.4806,29.4,0,-13.2,-6.2,0.0713,-20.7,28.8,0.1226,359.6,-174.9,0.0000,403.8,-42.5,0.2051,399.8,-71.1,0,0.0,0.0,0.0000,-12.87,-5.79,11.81,7.60,1,0.1089,-1.383,-0.167,25.00,1,-6.0,-9.4,0.08103,330.1,-172.6,0.1016,-0.00835,OK
4.5186,4.4806,38.0,0,-13.2,-6.2,0.0713,-20.7,28.8,0.1226,359.6,-174.9,0.0000,403.2,-25.6,0.2051,400.3,-54.3,0,0.0,0.0,0.0000,-11.83,-5.23,12.06,7.67,1,0.1089,-1.383,-0.167,24.00,1,-3.1,-10.6,0.08192,321.5,-171.4,0.1103,-0.00827,OK
4.5268,4.4806,46.2,0,-13.2,-6.2,0.0713,-20.7,28.8,0.1226,359.6,-174.9,0.0000,413.5,-25.1,0.2051,410.7,-54.5,0,0.0,0.0,0.0000,-11.87,-6.60,12.22,7.81,1,0.1144,-1.618,-0.686,24.00,1,-0.3,-11.7,0.08278,336.1,-152.6,0.1076,-0.00810,OK
4.5349,4.4806,54.3,0,-13.2,-6.2,0.0713,-20.7,28.8,0.1226,359.6,-174.9,0.0000,423.7,-24.4,0.2051,420.8,-54.5,0,0.0,0.0,0.0000,-8.60,-6.36,12.20,7.84,1,0.1044,-0.157,-0.745,24.00,1,2.3,-12.5,0.08369,299.8,-110.0,0.1157,-0.00813,OK
4.5432,4.4806,62.6,0,-13.2,-6.2,0.0713,-20.7,28.8,0.1226,359.6,-174.9,0.0000,433.8,-23.7,0.2051,431.0,-54.6,0,0.0,0.0,0.0000,-9.02,-6.12,12.87,8.14,1,0.1267,0.333,1.285,25.00,1,4.9,-13.3,0.08476,309.7,-119.3,0.1392,-0.00819,OK
4.5503,4.4806,69.6,0,-13.2,-6.2,0.0713,-20.7,28.8,0.1226,359.6,-174.9,0.0000,442.6,-23.0,0.2051,439.8,-54.5,0,0.0,0.0,0.0000,-11.03,-5.63,13.13,8.64,1,0.1367,-1.569,-0.500,25.00,1,7.3,-14.1,0.08579,336.5,-154.2,0.1481,-0.00822,OK
4.5586,4.4806,78.0,0,-13.2,-6.2,0.0713,-20.7,28.8,0.1226,359.6,-174.9,0.0000,452.9,-22.3,0.2051,450.1,-54.5,0,0.0,0.0,0.0000,-12.24,-6.81,12.65,9.18,1,0.1367,-1.569,-0.500,25.00,1,10.3,-15.0,0.08696,362.0,-143.1,0.1387,-0.00815,OK
4.5662,4.4806,85.5,0,-13.2,-6.2,0.0713,-20.7,28.8,0.1226,359.6,-174.9,0.0000,462.3,-21.5,0.2051,459.6,-54.4,0,0.0,0.0,0.0000,-12.61,-6.53,12.73,9.06,1,0.1456,-2.040,-1.902,25.00,1,13.2,-15.9,0.08803,362.6,-150.6,0.1463,-0.00807,OK
4.5749,4.4806,94.3,0,-13.2,-6.2,0.0713,-20.7,28.8,0.1226,359.6,-174.9,0.0000,473.4,-20.5,0.2051,470.8,-54.2,0,0.0,0.0,0.0000,-11.80,-6.08,12.48,8.46,1,0.1644,-0.775,0.637,25.00,1,16.3,-16.9,0.08937,344.2,-146.7,0.1643,-0.00797,OK
4.5879,4.5870,0.8,0,19.6,-22.1,0.0772,18.8,13.0,0.1226,380.8,-122.4,0.0000,451.3,-7.1,0.1815,449.4,-41.9,0,0.0,0.0,0.0000,-11.84,-6.27,12.48,5.52,1,0.1700,2.265,-1.059,25.00,1,19.7,-22.0,0.08647,270.5,-182.8,0.0398,-0.00716,OK
4.5907,4.5870,3.7,0,19.6,-22.1,0.0772,18.8,13.0,0.1226,380.8,-122.4,0.0000,446.5,-4.0,0.1815,444.9,-38.4,0,0.0,0.0,0.0000,-12.09,-8.29,12.94,6.22,1,0.1700,2.265,-1.059,27.00,1,19.7,-22.0,0.08495,304.0,-174.2,-0.3700,-0.00716,OK
4.5981,4.5870,11.1,0,19.6,-22.1,0.0772,18.8,13.0,0.1226,380.8,-122.4,0.0000,435.1,5.5,0.1815,434.2,-28.1,0,0.0,0.0,0.0000,-12.14,-8.18,13.37,9.55,1,0.2100,-4.550,1.275,25.00,1,20.8,-22.3,0.08595,354.7,-139.8,0.2043,-0.00703,OK
4.6065,4.5870,19.5,0,19.6,-22.1,0.0772,18.8,13.0,0.1226,380.8,-122.4,0.0000,424.9,18.8,0.1815,425.1,-14.1,0,0.0,0.0,0.0000,-11.77,-8.47,13.50,10.06,1,0.2100,-4.550,1.275,24.00,1,23.9,-23.2,0.08768,362.6,-127.4,0.2112,-0.00696,OK
4.6144,4.5870,27.4,0,19.6,-22.1,0.0772,18.8,13.0,0.1226,380.8,-122.4,0.0000,423.1,34.5,0.1815,424.5,1.8,0,0.0,0.0,0.0000,-11.57,-6.52,13.00,10.98,1,0.2489,-2.059,-0.000,25.00,1,26.8,-24.0,0.08956,349.6,-139.7,0.2608,-0.00702,OK
4.6227,4.5870,35.6,0,19.6,-22.1,0.0772,18.8,13.0,0.1226,380.8,-122.4,0.0000,429.2,36.4,0.1815,430.7,3.1,0,0.0,0.0,0.0000,-11.91,-8.00,11.28,11.02,1,0.2489,-2.059,-0.000,26.00,1,29.8,-24.7,0.09166,358.1,-100.1,0.2504,-0.00696,OK
4.6310,4.5870,44.0,0,19.6,-22.1,0.0772,18.8,13.0,0.1226,380.8,-122.4,0.0000,434.9,38.4,0.1815,436.6,4.7,0,0.0,0.0,0.0000,-12.14,-9.77,11.96,11.42,1,0.2800,2.187,-2.609,25.00,1,33.0,-25.1,0.09384,387.9,-83.9,0.2772,-0.00684,OK
4.6383,4.5870,51.3,0,19.6,-22.1,0.0772,18.8,13.0,0.1226,380.8,-122.4,0.0000,437.1,40.6,0.1815,438.9,6.8,0,0.0,0.0,0.0000,-13.17,-8.85,13.21,12.11,1,0.2789,-0.382,-0.745,25.00,1,36.0,-25.6,0.09587,406.6,-113.1,0.2816,-0.00679,OK
4.6468,4.5870,59.7,0,19.6,-22.1,0.0772,18.8,13.0,0.1226,380.8,-122.4,0.0000,439.6,43.3,0.1815,441.7,9.3,0,0.0,0.0,0.0000,-11.87,-8.49,12.75,11.98,1,0.2733,-3.844,0.657,24.00,1,39.4,-26.2,0.09824,388.6,-99.0,0.2801,-0.00679,OK
4.6546,4.5870,67.5,0,19.6,-22.1,0.0772,18.8,13.0,0.1226,380.8,-122.4,0.0000,441.4,45.7,0.1815,443.6,11.5,0,0.0,0.0,0.0000,-12.48,-8.02,12.27,10.94,1,0.2967,0.677,-0.422,24.00,1,42.4,-26.7,0.10046,378.1,-109.5,0.2956,-0.00670,OK
4.6625,4.5870,75.5,0,19.6,-22.1,0.0772,18.8,13.0,0.1226,380.8,-122.4,0.0000,443.3,48.2,0.1815,445.7,13.9,0,0.0,0.0,0.0000,-11.92,-8.43,12.40,10.71,1,0.2967,0.677,-0.422,25.00,1,45.5,-27.2,0.10280,377.5,-100.5,0.2947,-0.00659,OK
4.6701,4.5870,83.1,0,19.6,-22.1,0.0772,18.8,13.0,0.1226,380.8,-122.4,0.0000,445.0,50.2,0.1815,447.5,15.7,0,0.0,0.0,0.0000,-12.54,-10.30,12.79,11.72,1,0.2833,2.040,-3.236,26.00,1,48.6,-27.6,0.10495,413.3,-82.2,0.2800,-0.00647,OK
4.6789,4.5870,91.9,0,19.6,-22.1,0.0772,18.8,13.0,0.1226,380.8,-122.4,0.0000,447.0,52.6,0.1815,449.7,18.0,0,0.0,0.0,0.0000,-12.35,-11.34,12.96,12.78,1,0.2389,0.402,0.961,26.00,1,52.4,-27.8,0.10723,434.2,-62.2,0.2404,-0.00641,OK
4.6874,4.6871,0.3,0,53.3,-32.0,0.1108,57.6,3.3,0.1226,393.9,-70.6,0.0000,430.8,57.7,0.0475,434.5,9.8,0,0.0,0.0,0.0000,-12.39,-10.28,11.67,13.59,1,0.2111,-3.648,0.255,25.00,1,53.6,-31.7,0.11079,358.3,-87.6,0.2158,-0.00639,OK
4.6950,4.6871,7.9,0,53.3,-32.0,0.1108,57.6,3.3,0.1226,393.9,-70.6,0.0000,416.5,62.6,0.0475,420.9,16.2,0,0.0,0.0,0.0000,-12.51,-9.91,12.28,13.00,1,0.1956,-0.775,-1.952,24.00,1,53.6,-31.7,0.11068,368.3,-97.8,0.1762,-0.00639,OK
4.7024,4.6871,15.3,0,53.3,-32.0,0.1108,57.6,3.3,0.1226,393.9,-70.6,0.0000,402.5,67.8,0.0475,407.6,22.9,0,0.0,0.0,0.0000,-12.74,-7.52,11.75,13.40,1,0.1956,-0.775,-1.952,24.00,1,56.3,-32.3,0.11211,343.5,-124.7,0.2058,-0.00643,OK
4.7108,4.6871,23.7,0,53.3,-32.0,0.1108,57.6,3.3,0.1226,393.9,-70.6,0.0000,387.1,74.2,0.0475,392.9,30.9,0,0.0,0.0,0.0000,-11.75,-6.73,11.53,12.97,1,0.1889,0.706,0.412,25.00,1,59.1,-33.0,0.11384,324.4,-125.9,0.2031,-0.00652,OK
4.7180,4.6871,30.9,0,53.3,-32.0,0.1108,57.6,3.3,0.1226,393.9,-70.6,0.0000,374.0,80.3,0.0475,380.6,38.5,0,0.0,0.0,0.0000,-12.57,-10.33,11.43,12.85,1,0.1222,1.795,-3.256,25.00,1,61.8,-33.4,0.11503,377.7,-77.1,0.1272,-0.00650,OK
4.7264,4.6871,39.3,0,53.3,-32.0,0.1108,57.6,3.3,0.1226,393.9,-70.6,0.0000,359.6,88.8,0.0475,367.2,48.5,0,0.0,0.0,0.0000,-12.38,-11.33,11.40,13.19,1,0.0789,-1.500,0.941,25.00,1,65.0,-33.6,0.11590,393.0,-59.4,0.0839,-0.00648,OK
4.7340,4.6871,46.9,0,53.3,-32.0,0.1108,57.6,3.3,0.1226,393.9,-70.6,0.0000,356.1,92.6,0.0475,364.2,52.7,0,0.0,0.0,0.0000,-12.70,-10.89,11.79,15.31,1,0.0789,-1.500,0.941,24.00,1,68.2,-33.7,0.11657,414.2,-58.3,0.0893,-0.00652,OK
4.7429,4.6871,55.7,0,53.3,-32.0,0.1108,57.6,3.3,0.1226,393.9,-70.6,0.0000,357.1,94.1,0.0475,365.3,54.0,0,0.0,0.0,0.0000,-12.17,-9.87,10.41,13.17,1,0.0867,-2.020,0.481,24.00,1,71.7,-33.8,0.11738,374.8,-58.0,0.0926,-0.00651,OK
4.7508,4.6871,63.7,0,53.3,-32.0,0.1108,57.6,3.3,0.1226,393.9,-70.6,0.0000,357.9,95.3,0.0475,366.2,55.2,0,0.0,0.0,0.0000,-11.71,-10.61,9.68,12.98,1,0.0922,0.275,-2.285,25.00,1,74.6,-33.8,0.11811,374.4,-33.6,0.0952,-0.00647,OK
4.7587,4.6871,71.6,0,53.3,-32.0,0.1108,57.6,3.3,0.1226,393.9,-70.6,0.0000,358.4,96.7,0.0475,366.9,56.5,0,0.0,0.0,0.0000,-12.00,-10.03,9.57,13.06,1,0.0600,1.853,-0.422,24.00,1,77.6,-33.7,0.11873,372.2,-39.9,0.0644,-0.00645,OK
4.7662,4.6871,79.1,0,53.3,-32.0,0.1108,57.6,3.3,0.1226,393.9,-70.6,0.0000,358.8,97.6,0.0475,367.4,57.4,0,0.0,0.0,0.0000,-11.66,-9.96,9.37,13.12,1,0.0600,1.853,-0.422,25.00,1,80.4,-33.7,0.11922,370.1,-33.6,0.0650,-0.00643,OK
4.7751,4.6871,88.0,0,53.3,-32.0,0.1108,57.6,3.3,0.1226,393.9,-70.6,0.0000,359.0,98.8,0.0475,367.8,58.5,0,0.0,0.0,0.0000,-11.55,-10.04,9.07,12.99,1,0.0367,1.030,-0.343,25.00,1,83.7,-33.5,0.11968,368.9,-26.9,0.0412,-0.00641,OK
4.7830,4.6871,95.9,0,53.3,-32.0,0.1108,57.6,3.3,0.1226,393.9,-70.6,0.0000,358.9,99.5,0.0475,367.7,59.2,0,0.0,0.0,0.0000,-11.61,-10.73,9.30,13.26,1,-0.0244,-0.892,-1.755,24.00,1,86.7,-33.3,0.11977,383.7,-20.8,-0.0182,-0.00641,OK
4.7901,4.7897,0.3,0,95.2,-33.4,0.1273,95.3,-1.1,0.1226,322.2,-16.7,0.0000,344.7,100.1,-0.0186,354.7,55.5,0,0.0,0.0,0.0000,-11.08,-10.36,8.67,12.70,1,-0.0500,-0.618,0.314,25.00,1,95.1,-33.4,0.12211,396.7,-24.3,0.0000,-0.00663,OK
4.7985,4.7897,8.8,0,95.2,-33.4,0.1273,95.3,-1.1,0.1226,322.2,-16.7,0.0000,327.9,100.8,-0.0186,338.0,58.4,0,0.0,0.0,0.0000,-11.53,-10.76,8.50,12.35,1,-0.0700,1.432,-0.990,24.00,1,95.4,-33.3,0.12190,395.7,-19.6,-0.0680,-0.00658,OK
4.8070,4.7897,17.2,0,95.2,-33.4,0.1273,95.3,-1.1,0.1226,322.2,-16.7,0.0000,311.0,101.7,-0.0186,321.4,61.4,0,0.0,0.0,0.0000,-11.03,-11.45,8.01,13.13,1,-0.0700,1.432,-0.990,24.00,1,98.7,-33.0,0.12132,401.8,6.5,-0.0674,-0.00654,OK
4.8147,4.7897,25.0,0,95.2,-33.4,0.1273,95.3,-1.1,0.1226,322.2,-16.7,0.0000,295.5,102.6,-0.0186,306.1,64.3,0,0.0,0.0,0.0000,-10.48,-12.16,8.17,13.48,1,-0.0822,0.333,-1.893,26.00,1,101.8,-32.5,0.12076,409.9,19.1,-0.0761,-0.00654,OK
4.8230,4.7897,33.3,0,95.2,-33.4,0.1273,95.3,-1.1,0.1226,322.2,-16.7,0.0000,278.9,103.7,-0.0186,289.8,67.5,0,0.0,0.0,0.0000,-10.55,-12.25,8.22,13.84,1,-0.0611,-0.618,1.010,25.00,1,105.2,-31.9,0.12021,415.1,23.8,-0.0551,-0.00654,OK
4.8303,4.7897,40.6,0,95.2,-33.4,0.1273,95.3,-1.1,0.1226,322.2,-16.7,0.0000,264.4,104.9,-0.0186,275.5,70.5,0,0.0,0.0,0.0000,-10.51,-12.68,7.83,13.23,1,-0.0700,-0.794,0.912,25.00,1,108.2,-31.3,0.11975,409.9,31.0,-0.0682,-0.00649,OK
4.8391,4.7897,49.4,0,95.2,-33.4,0.1273,95.3,-1.1,0.1226,322.2,-16.7,0.0000,246.9,106.4,-0.0186,258.4,74.2,0,0.0,0.0,0.0000,-10.59,-12.62,7.07,12.72,1,-0.0700,-0.794,0.912,25.00,1,111.7,-30.6,0.11910,397.5,39.9,-0.0746,-0.00637,OK
4.8470,4.7897,57.3,0,95.2,-33.4,0.1273,95.3,-1.1,0.1226,322.2,-16.7,0.0000,231.1,107.8,-0.0186,242.9,77.6,0,0.0,0.0,0.0000,-10.20,-14.92,7.40,12.70,1,-0.0678,1.569,-1.873,24.00,1,114.8,-29.8,0.11849,414.6,55.2,-0.0733,-0.00625,OK
4.8546,4.7897,64.8,0,95.2,-33.4,0.1273,95.3,-1.1,0.1226,322.2,-16.7,0.0000,224.1,108.4,-0.0186,236.1,79.1,0,0.0,0.0,0.0000,-10.17,-13.72,7.08,12.69,1,-0.0178,3.432,-0.373,25.00,1,117.8,-29.1,0.11809,403.2,54.8,-0.0254,-0.00612,OK
4.8621,4.7897,72.3,0,95.2,-33.4,0.1273,95.3,-1.1,0.1226,322.2,-16.7,0.0000,222.3,108.6,-0.0186,234.3,79.5,0,0.0,0.0,0.0000,-10.01,-13.41,5.48,12.84,1,0.0033,0.971,-0.520,25.00,1,120.7,-28.2,0.11786,385.5,86.9,-0.0204,-0.00588,OK
4.8707,4.7897,80.9,0,95.2,-33.4,0.1273,95.3,-1.1,0.1226,322.2,-16.7,0.0000,220.0,108.8,-0.0186,232.0,80.0,0,0.0,0.0,0.0000,-9.13,-13.43,3.65,13.91,1,0.0022,-1.373,-0.147,27.00,1,123.8,-26.7,0.11755,373.3,140.6,-0.0362,-0.00559,OK
4.8793,4.7897,89.5,0,95.2,-33.4,0.1273,95.3,-1.1,0.1226,322.2,-16.7,0.0000,217.6,108.9,-0.0186,229.6,80.5,0,0.0,0.0,0.0000,-9.07,-12.20,4.60,13.53,1,0.0022,-1.373,-0.147,25.00,1,126.8,-25.4,0.11729,366.7,105.4,-0.0124,-0.00539,OK
4.8872,4.7897,97.4,0,95.2,-33.4,0.1273,95.3,-1.1,0.1226,322.2,-16.7,0.0000,215.0,109.0,-0.0186,227.1,80.9,0,0.0,0.0,0.0000,-8.58,-11.34,5.73,12.11,1,0.0256,0.059,-0.696,25.00,1,129.5,-24.4,0.11728,353.3,65.7,0.0188,-0.00527,OK
4.8956,4.8950,0.6,0,141.3,-24.2,0.1084,123.8,-1.2,0.1226,217.1,9.2,0.0000,198.4,105.8,0.0569,208.7,83.7,0,0.0,0.0,0.0000,-8.29,-12.24,6.01,12.22,1,0.0433,1.991,0.343,24.00,1,141.0,-24.1,0.11441,418.9,52.8,-0.0093,-0.00489,OK
4.9030,4.8950,8.0,0,141.3,-24.2,0.1084,123.8,-1.2,0.1226,217.1,9.2,0.0000,183.8,102.9,0.0569,193.9,82.4,0,0.0,0.0,0.0000,-7.56,-11.03,5.62,11.60,1,0.0578,-0.255,-1.275,24.00,1,141.0,-24.1,0.11456,384.5,51.2,0.0569,-0.00482,OK
4.9108,4.8950,15.8,0,141.3,-24.2,0.1084,123.8,-1.2,0.1226,217.1,9.2,0.0000,168.6,100.0,0.0569,178.5,81.1,0,0.0,0.0,0.0000,-7.84,-10.57,5.07,11.53,1,0.1022,1.726,1.030,25.00,1,143.8,-23.4,0.11512,372.9,57.7,0.0947,-0.00469,OK
4.9191,4.8950,24.1,0,141.3,-24.2,0.1084,123.8,-1.2,0.1226,217.1,9.2,0.0000,152.2,96.9,0.0569,161.8,79.8,0,0.0,0.0,0.0000,-7.32,-10.12,4.62,11.49,1,0.1022,1.726,1.030,25.00,1,146.8,-22.5,0.11589,356.8,65.1,0.0951,-0.00456,OK
4.9263,4.8950,31.3,0,141.3,-24.2,0.1084,123.8,-1.2,0.1226,217.1,9.2,0.0000,138.1,94.3,0.0569,147.5,78.8,0,0.0,0.0,0.0000,-7.22,-10.18,4.78,11.02,1,0.1100,2.128,-1.216,25.00,1,149.3,-21.8,0.11657,351.2,61.0,0.1019,-0.00443,OK
4.9352,4.8950,40.2,0,141.3,-24.2,0.1084,123.8,-1.2,0.1226,217.1,9.2,0.0000,120.5,91.2,0.0569,129.7,77.6,0,0.0,0.0,0.0000,-6.78,-9.81,5.17,11.07,1,0.1133,2.334,1.442,25.00,1,152.3,-20.9,0.11751,345.0,54.8,0.1122,-0.00437,OK
4.9425,4.8950,47.5,0,141.3,-24.2,0.1084,123.8,-1.2,0.1226,217.1,9.2,0.0000,106.2,88.7,0.0569,115.2,76.7,0,0.0,0.0,0.0000,-6.13,-9.34,4.94,10.43,1,0.1144,0.706,0.147,24.00,1,154.7,-20.2,0.11833,324.7,53.8,0.1154,-0.00433,OK
4.9510,4.8950,56.0,0,141.3,-24.2,0.1084,123.8,-1.2,0.1226,217.1,9.2,0.0000,89.5,85.9,0.0569,98.2,75.7,0,0.0,0.0,0.0000,-5.19,-9.35,3.93,9.85,1,0.1144,0.706,0.147,24.00,1,157.2,-19.4,0.11929,300.8,72.1,0.1126,-0.00426,OK
4.9582,4.8950,63.2,0,141.3,-24.2,0.1084,123.8,-1.2,0.1226,217.1,9.2,0.0000,75.2,83.5,0.0569,83.8,74.9,0,0.0,0.0,0.0000,-4.54,-9.10,3.39,9.68,1,0.1311,0.755,0.206,25.00,1,159.2,-18.6,0.12015,284.9,82.5,0.1294,-0.00420,OK
4.9661,4.8950,71.2,0,141.3,-24.2,0.1084,123.8,-1.2,0.1226,217.1,9.2,0.0000,59.5,81.0,0.0569,68.0,74.1,0,0.0,0.0,0.0000,-4.67,-8.35,3.28,9.47,1,0.1533,2.913,0.392,25.00,1,161.3,-17.7,0.12122,273.9,76.1,0.1465,-0.00408,OK
4.9743,4.8950,79.3,0,141.3,-24.2,0.1084,123.8,-1.2,0.1226,217.1,9.2,0.0000,43.5,78.5,0.0569,51.7,73.3,0,0.0,0.0,0.0000,-4.25,-7.45,2.95,8.60,1,0.1289,2.412,-0.735,24.00,1,163.3,-16.8,0.12228,248.3,67.7,0.1228,-0.00396,OK
4.9830,4.8950,88.0,0,141.3,-24.2,0.1084,123.8,-1.2,0.1226,217.1,9.2,0.0000,32.2,76.8,0.0569,40.3,72.9,0,0.0,0.0,0.0000,-3.67,-7.33,2.84,8.31,1,0.1289,2.412,-0.735,25.00,1,165.3,-16.0,0.12338,236.3,70.5,0.1295,-0.00393,OK
4.9908,4.8950,95.9,0,141.3,-24.2,0.1084,123.8,-1.2,0.1226,217.1,9.2,0.0000,27.4,76.1,0.0569,35.5,72.7,0,0.0,0.0,0.0000,-3.89,-6.66,2.08,7.85,1,0.1311,1.353,0.226,25.00,1,167.0,-15.2,0.12425,219.1,71.9,0.1112,-0.00367,OK
4.9989,4.9963,2.7,0,171.6,-13.0,0.1285,140.6,0.1,0.1226,115.5,11.3,0.0000,12.2,70.7,-0.0236,21.1,68.5,0,0.0,0.0,0.0000,-3.07,-6.07,1.84,7.01,1,0.1467,1.844,1.236,25.00,1,171.5,-13.0,0.12678,214.9,74.9,0.1370,-0.00352,OK
5.0061,5.0060,0.1,0,178.5,-8.1,0.1338,141.7,0.2,0.1226,105.9,10.7,0.0000,-1.0,65.1,-0.0449,7.7,64.7,0,0.0,0.0,0.0000,-2.29,-5.86,1.16,6.57,1,0.1589,3.246,0.598,25.00,1,176.3,-9.7,0.12973,311.9,148.4,0.1781,-0.00341,OK
5.0149,5.0144,0.4,0,179.9,-7.5,0.1337,142.5,0.2,0.1226,97.3,10.3,0.0000,-17.3,58.5,-0.0444,-9.3,60.3,0,0.0,0.0,0.0000,-1.44,-5.10,0.92,6.23,1,0.1778,2.697,-0.686,26.00,1,178.9,-8.1,0.13180,274.2,132.5,0.1922,-0.00340,OK
5.0223,5.0144,7.9,0,179.9,-7.5,0.1337,142.5,0.2,0.1226,97.3,10.3,0.0000,-31.2,53.2,-0.0444,-23.9,56.9,0,0.0,0.0,0.0000,-1.07,-4.61,0.66,5.97,1,0.1778,2.697,-0.686,24.00,1,178.8,-8.1,0.13172,230.4,119.5,0.1633,-0.00340,OK
5.0312,5.0233,7.9,0,180.0,-6.8,0.1377,143.4,0.3,0.1226,88.3,9.9,0.0000,-47.5,46.5,-0.0605,-40.7,52.6,0,0.0,0.0,0.0000,-0.26,-3.67,-0.28,4.98,1,0.2522,1.697,0.892,25.00,1,180.3,-6.8,0.13436,184.8,120.7,0.2414,-0.00331,OK
5.0390,5.0233,15.7,0,180.0,-6.8,0.1377,143.4,0.3,0.1226,88.3,9.9,0.0000,-62.1,40.4,-0.0605,-55.9,48.6,0,0.0,0.0,0.0000,0.48,-3.42,-0.48,4.38,1,0.2978,2.922,0.441,25.00,1,181.5,-5.7,0.13640,161.9,121.0,0.2872,-0.00316,OK
5.0468,5.0425,4.3,0,180.5,-6.2,0.1428,144.9,0.5,0.1226,69.3,8.0,0.0000,-76.1,33.9,-0.0806,-70.5,44.4,0,0.0,0.0,0.0000,0.95,-2.46,-0.93,3.76,1,0.3011,3.550,0.186,25.00,1,181.4,-5.4,0.14031,83.8,82.7,0.2979,-0.00308,OK
5.0548,5.0425,12.2,0,180.5,-6.2,0.1428,144.9,0.5,0.1226,69.3,8.0,0.0000,-90.5,27.0,-0.0806,-85.7,39.6,0,0.0,0.0,0.0000,1.96,-2.10,-1.17,3.21,1,0.3011,3.550,0.186,24.00,1,181.7,-5.0,0.14160,67.6,90.6,0.3068,-0.00311,OK
5.0624,5.0425,19.9,0,180.5,-6.2,0.1428,144.9,0.5,0.1226,69.3,8.0,0.0000,-103.4,20.4,-0.0806,-99.4,34.9,0,0.0,0.0,0.0000,1.80,-1.40,-1.35,2.40,1,0.2722,2.138,0.637,24.00,1,182.0,-4.3,0.14381,50.3,76.7,0.2700,-0.00305,OK
5.0707,5.0425,28.2,0,180.5,-6.2,0.1428,144.9,0.5,0.1226,69.3,8.0,0.0000,-102.2,20.6,-0.0806,-98.2,34.9,0,0.0,0.0,0.0000,2.22,-1.04,-1.96,1.34,1,0.2056,1.902,0.686,24.00,1,182.2,-3.6,0.14574,25.6,74.9,0.1977,-0.00293,OK
5.0787,5.0425,36.1,0,180.5,-6.2,0.1428,144.9,0.5,0.1226,69.3,8.0,0.0000,-101.3,20.7,-0.0806,-97.4,34.9,0,0.0,0.0,0.0000,2.57,-0.40,-2.25,0.79,1,0.1344,3.011,0.471,25.00,1,182.3,-3.0,0.14712,6.7,69.3,0.1479,-0.00303,OK
5.0871,5.0425,44.5,0,180.5,-6.2,0.1428,144.9,0.5,0.1226,69.3,8.0,0.0000,-100.5,20.8,-0.0806,-96.6,34.8,0,0.0,0.0,0.0000,3.13,0.34,-2.92,-0.39,1,0.0611,3.334,0.794,25.00,1,182.1,-2.5,0.14807,-24.1,64.2,0.0777,-0.00317,OK
5.0942,5.0904,3.7,0,181.6,-4.4,0.1486,147.1,0.8,0.1226,22.4,2.5,0.0000,-103.3,15.4,-0.1037,-99.9,30.6,0,0.0,0.0,0.0000,3.46,0.66,-3.19,-1.47,1,0.0611,3.334,0.794,25.00,1,181.6,-4.0,0.14871,-50.6,22.8,0.0534,-0.00306,OK
5.1024,5.0904,12.0,0,181.6,-4.4,0.1486,147.1,0.8,0.1226,22.4,2.5,0.0000,-102.9,15.5,-0.1037,-99.5,30.5,0,0.0,0.0,0.0000,3.46,0.86,-3.39,-2.23,1,-0.0578,2.216,1.030,25.00,1,181.3,-3.9,0.14848,-62.5,21.0,-0.0583,-0.00302,OK
5.1101,5.0904,19.6,0,181.6,-4.4,0.1486,147.1,0.8,0.1226,22.4,2.5,0.0000,-102.7,15.5,-0.1037,-99.3,30.5,0,0.0,0.0,0.0000,3.92,1.34,-4.39,-2.93,1,-0.1500,1.520,-0.000,25.00,1,180.7,-3.8,0.14771,-87.2,26.9,-0.1438,-0.00305,OK
5.1188,5.0904,28.4,0,181.6,-4.4,0.1486,147.1,0.8,0.1226,22.4,2.5,0.0000,-102.7,15.5,-0.1037,-99.3,30.5,0,0.0,0.0,0.0000,4.67,1.96,-4.67,-3.55,1,-0.1644,1.991,-0.559,25.00,1,179.8,-3.7,0.14644,-109.5,27.7,-0.1502,-0.00316,OK
5.1260,5.0904,35.6,0,181.6,-4.4,0.1486,147.1,0.8,0.1226,22.4,2.5,0.0000,-102.7,15.5,-0.1037,-99.3,30.5,0,0.0,0.0,0.0000,5.16,2.29,-5.92,-4.56,1,-0.1644,1.991,-0.559,25.00,1,178.9,-3.6,0.14528,-137.1,38.5,-0.1685,-0.00308,OK
5.1342,5.1290,5.2,0,175.9,-0.0,0.1534,147.3,0.8,0.1226,0.0,0.0,0.0000,-89.7,5.5,-0.1231,-87.8,19.1,0,0.0,0.0,0.0000,5.44,2.54,-6.05,-4.98,1,-0.1589,1.716,0.294,25.00,1,176.2,-0.7,0.14565,-159.9,90.0,-0.1545,-0.00317,OK
5.1421,5.1364,5.7,0,174.4,0.2,0.1484,147.3,0.8,0.1226,0.0,0.0,0.0000,-81.2,1.8,-0.1033,-80.0,13.8,0,0.0,0.0,0.0000,6.39,2.83,-6.26,-4.88,1,-0.1889,1.216,-0.265,24.00,1,174.6,-0.0,0.14515,-177.3,98.9,-0.1726,-0.00333,OK
5.1509,5.1497,1.2,0,172.3,0.6,0.1480,147.3,0.8,0.1226,0.0,0.0,0.0000,-74.9,0.6,-0.1016,-74.0,11.6,0,0.0,0.0,0.0000,6.70,3.39,-6.38,-5.54,1,-0.1800,1.432,-0.353,25.00,1,172.1,0.7,0.14390,-184.6,83.6,-0.1384,-0.00347,OK
5.1581,5.1580,0.1,0,170.2,0.9,0.1501,147.3,0.8,0.1226,0.0,0.0,0.0000,-68.7,-0.3,-0.1099,-67.9,9.9,0,0.0,0.0,0.0000,6.76,3.45,-7.00,-5.88,1,-0.1900,1.500,-0.520,25.00,1,170.3,1.1,0.14374,-202.7,82.5,-0.1216,-0.00358,OK
5.1667,5.1664,0.4,0,168.6,1.5,0.1581,147.3,0.8,0.1226,0.0,0.0,0.0000,-63.8,-2.1,-0.1420,-63.4,8.0,0,0.0,0.0,0.0000,6.56,3.82,-5.88,-5.83,1,-0.1900,1.500,-0.520,25.00,1,168.6,1.4,0.14495,-193.5,69.4,-0.0518,-0.00389,OK
5.1746,5.1664,8.2,0,168.6,1.5,0.1581,147.3,0.8,0.1226,0.0,0.0,0.0000,-63.8,-2.1,-0.1420,-63.4,8.0,0,0.0,0.0,0.0000,7.09,3.88,-3.21,-6.41,1,-0.1856,0.579,-0.775,25.00,1,168.6,1.3,0.14456,-168.7,18.7,-0.1660,-0.00404,OK
5.1820,5.1748,7.2,0,166.4,1.6,0.1481,147.3,0.8,0.1226,0.0,0.0,0.0000,-57.3,-2.3,-0.1020,-57.0,6.1,0,0.0,0.0,0.0000,6.83,3.44,-5.31,-6.30,1,-0.1689,-0.098,0.020,25.00,1,166.8,1.5,0.14390,-198.7,66.9,-0.1591,-0.00415,OK
5.1907,5.1844,6.3,0,165.5,1.8,0.1461,147.3,0.8,0.1226,0.0,0.0,0.0000,-54.5,-3.1,-0.0939,-54.3,4.9,0,0.0,0.0,0.0000,7.84,3.51,-6.43,-6.32,1,-0.1744,-0.098,0.981,24.00,1,165.1,1.9,0.14285,-207.1,83.8,-0.1617,-0.00425,OK
5.1987,5.1918,6.9,0,162.9,2.4,0.1411,147.3,0.8,0.1226,0.0,0.0,0.0000,-46.8,-4.9,-0.0740,-47.0,1.7,0,0.0,0.0,0.0000,8.43,3.44,-7.64,-6.78,1,-0.1744,-0.098,0.981,24.00,1,163.2,2.4,0.14154,-232.1,105.2,-0.1722,-0.00423,OK
5.2063,5.2005,5.8,0,160.6,3.4,0.1388,147.3,0.8,0.1226,0.0,0.0,0.0000,-39.9,-7.9,-0.0647,-40.7,-2.3,0,0.0,0.0,0.0000,7.69,3.50,-7.77,-6.11,1,-0.2033,0.804,-0.382,25.00,1,160.9,3.2,0.13977,-229.6,106.4,-0.1958,-0.00425,OK
5.2144,5.2088,5.5,0,159.0,4.0,0.1317,147.3,0.8,0.1226,0.0,0.0,0.0000,-35.1,-9.7,-0.0362,-36.0,-5.0,0,0.0,0.0,0.0000,7.30,3.35,-8.64,-6.20,1,-0.1989,0.235,0.020,25.00,1,158.9,3.9,0.13728,-228.4,113.1,-0.2078,-0.00412,OK
5.2226,5.2192,3.3,0,156.5,5.0,0.1282,147.3,0.8,0.1226,0.0,0.0,0.0000,-27.6,-12.7,-0.0221,-29.0,-9.1,0,0.0,0.0,0.0000,7.57,3.24,-7.91,-6.66,1,-0.1711,-0.765,0.804,25.00,1,156.5,4.9,0.13441,-225.0,114.1,-0.2011,-0.00394,OK
5.2310,5.2255,5.5,0,154.0,5.9,0.1359,147.3,0.8,0.1226,0.0,0.0,0.0000,-20.2,-15.5,-0.0532,-22.1,-12.6,0,0.0,0.0,0.0000,8.10,3.65,-7.92,-6.16,1,-0.1500,-0.863,0.785,25.00,1,154.6,5.6,0.13382,-242.5,121.6,-0.1416,-0.00399,OK
5.2382,5.2344,3.8,0,152.2,6.3,0.1355,147.3,0.8,0.1226,0.0,0.0,0.0000,-14.7,-16.6,-0.0514,-16.8,-14.5,0,0.0,0.0,0.0000,7.75,3.28,-7.53,-5.68,1,-0.1500,-0.863,0.785,25.00,1,152.3,6.4,0.13292,-230.3,117.6,-0.1347,-0.00405,OK
5.2467,5.2424,4.2,0,150.9,7.0,0.1368,147.3,0.8,0.1226,0.0,0.0,0.0000,-10.7,-18.5,-0.0566,-13.1,-16.9,0,0.0,0.0,0.0000,7.11,3.39,-6.94,-5.80,1,-0.1289,-1.324,1.638,25.00,1,150.6,6.9,0.13252,-213.4,100.7,-0.1153,-0.00409,OK
5.2542,5.2424,11.7,0,150.9,7.0,0.1368,147.3,0.8,0.1226,0.0,0.0,0.0000,-10.7,-18.5,-0.0566,-13.1,-16.9,0,0.0,0.0,0.0000,6.69,3.30,-6.56,-5.52,1,-0.1444,-0.892,0.245,26.00,1,149.8,7.2,0.13200,-205.0,92.6,-0.1384,-0.00411,OK
5.2630,5.2424,20.5,0,150.9,7.0,0.1368,147.3,0.8,0.1226,0.0,0.0,0.0000,-10.7,-18.5,-0.0566,-13.1,-16.9,0,0.0,0.0,0.0000,6.64,3.37,-6.25,-5.50,1,-0.1256,-1.863,0.971,25.00,1,147.9,7.7,0.13087,-202.0,86.0,-0.1190,-0.00413,OK
5.2707,5.2424,28.2,0,150.9,7.0,0.1368,147.3,0.8,0.1226,0.0,0.0,0.0000,-10.7,-18.5,-0.0566,-13.1,-16.9,0,0.0,0.0,0.0000,6.17,3.42,-5.74,-5.43,1,-0.1256,-1.863,0.971,24.00,1,146.4,8.1,0.12996,-193.5,73.3,-0.1182,-0.00416,OK
5.2783,5.2424,35.8,0,150.9,7.0,0.1368,147.3,0.8,0.1226,0.0,0.0,0.0000,-10.7,-18.5,-0.0566,-13.1,-16.9,0,0.0,0.0,0.0000,5.43,3.39,-4.75,-5.22,1,-0.1344,-2.805,0.863,24.00,1,144.9,8.4,0.12905,-176.7,53.6,-0.1226,-0.00423,OK
5.2871,5.2424,44.7,0,150.9,7.0,0.1368,147.3,0.8,0.1226,0.0,0.0,0.0000,-10.7,-18.5,-0.0566,-13.1,-16.9,0,0.0,0.0,0.0000,4.71,2.91,-4.27,-4.79,1,-0.1200,-2.422,1.020,25.00,1,143.4,8.7,0.12800,-157.7,48.7,-0.1145,-0.00425,OK
5.2955,5.2951,0.4,0,145.6,7.1,0.1305,147.3,0.8,0.1226,0.0,0.0,0.0000,5.1,-18.8,-0.0314,2.6,-19.3,0,0.0,0.0,0.0000,4.21,2.71,-4.04,-4.17,1,-0.0967,-2.079,0.608,25.00,1,145.0,7.3,0.12730,-66.6,-0.6,-0.0605,-0.00431,OK
5.3023,5.2951,7.2,0,145.6,7.1,0.1305,147.3,0.8,0.1226,0.0,0.0,0.0000,5.1,-18.8,-0.0314,2.6,-19.3,0,0.0,0.0,0.0000,4.08,3.01,-3.36,-3.62,1,-0.0578,-2.236,0.981,25.00,1,145.0,7.3,0.12768,-77.4,3.3,0.0468,-0.00431,OK
5.3110,5.2951,15.9,0,145.6,7.1,0.1305,147.3,0.8,0.1226,0.0,0.0,0.0000,5.1,-18.8,-0.0314,2.6,-19.3,0,0.0,0.0,0.0000,3.10,1.97,-2.55,-2.78,1,-0.0578,-2.236,0.981,25.00,1,144.5,7.3,0.12765,-49.3,1.9,-0.0431,-0.00441,OK
5.3185,5.2951,23.3,0,145.6,7.1,0.1305,147.3,0.8,0.1226,0.0,0.0,0.0000,5.1,-18.8,-0.0314,2.6,-19.3,0,0.0,0.0,0.0000,2.49,1.82,-2.23,-2.40,1,-0.0211,-2.442,1.157,24.00,1,144.1,7.3,0.12743,-40.0,-1.4,-0.0152,-0.00443,OK
5.3271,5.2951,32.0,0,145.6,7.1,0.1305,147.3,0.8,0.1226,0.0,0.0,0.0000,5.1,-18.8,-0.0314,2.6,-19.3,0,0.0,0.0,0.0000,1.81,1.44,-1.69,-2.02,1,-0.0067,-2.746,0.853,24.00,1,143.9,7.2,0.12732,-26.2,-6.1,-0.0095,-0.00436,OK
5.3350,5.2951,39.9,0,145.6,7.1,0.1305,147.3,0.8,0.1226,0.0,0.0,0.0000,5.1,-18.8,-0.0314,2.6,-19.3,0,0.0,0.0,0.0000,1.77,1.30,-1.16,-0.99,1,-0.0111,-3.040,0.667,25.00,1,143.7,7.1,0.12741,-12.7,-2.2,0.0248,-0.00467,OK
5.3428,5.2951,47.6,0,145.6,7.1,0.1305,147.3,0.8,0.1226,0.0,0.0,0.0000,5.1,-18.8,-0.0314,2.6,-19.3,0,0.0,0.0,0.0000,0.40,1.30,-0.52,-0.85,1,-0.0222,-2.501,0.618,25.00,1,143.7,7.0,0.12749,2.7,-21.6,-0.0069,-0.00477,OK
5.3506,5.2951,55.5,0,145.6,7.1,0.1305,147.3,0.8,0.1226,0.0,0.0,0.0000,5.1,-18.8,-0.0314,2.6,-19.3,0,0.0,0.0,0.0000,-0.41,0.61,0.61,-0.21,1,-0.0222,-2.501,0.618,25.00,1,143.9,6.8,0.12747,28.3,-30.2,-0.0018,-0.00492,OK
5.3583,5.2951,63.2,0,145.6,7.1,0.1305,147.3,0.8,0.1226,0.0,0.0,0.0000,5.1,-18.8,-0.0314,2.6,-19.3,0,0.0,0.0,0.0000,-1.04,-0.14,0.51,0.17,1,-0.0267,-2.422,0.412,25.00,1,144.2,6.7,0.12730,41.4,-23.4,-0.0369,-0.00477,OK
5.3661,5.2951,71.0,0,145.6,7.1,0.1305,147.3,0.8,0.1226,0.0,0.0,0.0000,5.1,-18.8,-0.0314,2.6,-19.3,0,0.0,0.0,0.0000,-1.14,-0.61,0.70,0.11,1,-0.0433,-2.079,0.628,24.00,1,144.5,6.6,0.12689,45.4,-21.9,-0.0635,-0.00453,OK
5.3748,5.2951,79.7,0,145.6,7.1,0.1305,147.3,0.8,0.1226,0.0,0.0,0.0000,5.1,-18.8,-0.0314,2.6,-19.3,0,0.0,0.0,0.0000,-1.24,-0.47,0.93,0.80,1,-0.0433,-2.079,0.628,24.00,1,145.0,6.4,0.12648,52.1,-20.7,-0.0323,-0.00460,OK
5.3828,5.2951,87.6,0,145.6,7.1,0.1305,147.3,0.8,0.1226,0.0,0.0,0.0000,5.1,-18.8,-0.0314,2.6,-19.3,0,0.0,0.0,0.0000,-1.52,-0.57,1.72,1.15,1,-0.0389,-1.294,0.706,25.00,1,145.5,6.3,0.12634,63.3,-28.5,-0.0102,-0.00482,OK
5.3903,5.2951,95.2,0,145.6,7.1,0.1305,147.3,0.8,0.1226,0.0,0.0,0.0000,5.1,-18.8,-0.0314,2.6,-19.3,0,0.0,0.0,0.0000,-2.27,-1.29,1.91,1.40,1,-0.0322,-0.912,0.628,25.00,1,146.1,6.1,0.12615,78.8,-28.0,-0.0370,-0.00473,OK
5.3991,5.2951,104.0,0,145.6,7.1,0.1305,147.3,0.8,0.1226,0.0,0.0,0.0000,5.1,-18.8,-0.0314,2.6,-19.3,0,0.0,0.0,0.0000,-2.91,-1.38,2.45,1.43,1,-0.0344,-0.726,0.265,25.00,1,146.9,5.9,0.12574,88.0,-39.3,-0.0481,-0.00456,OK
5.4069,5.4063,0.6,0,138.3,7.3,0.1292,147.3,0.8,0.1226,0.0,0.0,0.0000,20.6,-19.2,-0.0261,18.0,-21.7,0,0.0,0.0,0.0000,-2.98,-1.12,2.81,1.82,1,-0.0389,-0.647,0.677,24.00,1,138.8,7.2,0.12648,4.4,-16.1,-0.0008,-0.00471,OK
5.4144,5.4063,8.1,0,138.3,7.3,0.1292,147.3,0.8,0.1226,0.0,0.0,0.0000,26.9,-19.4,-0.0261,24.2,-22.7,0,0.0,0.0,0.0000,-3.55,-1.35,3.23,2.06,1,-0.0489,-0.598,0.657,24.00,1,138.8,7.2,0.12638,30.5,-26.9,-0.0408,-0.00475,OK
5.4230,5.4063,16.7,0,138.3,7.3,0.1292,147.3,0.8,0.1226,0.0,0.0,0.0000,26.9,-19.4,-0.0261,24.2,-22.7,0,0.0,0.0,0.0000,-3.48,-1.41,3.16,1.72,1,-0.0489,-0.598,0.657,24.00,1,139.1,7.0,0.12598,31.2,-28.6,-0.0499,-0.00469,OK
5.4308,5.4063,24.5,0,138.3,7.3,0.1292,147.3,0.8,0.1226,0.0,0.0,0.0000,26.9,-19.4,-0.0261,24.2,-22.7,0,0.0,0.0,0.0000,-3.69,-1.21,3.30,2.01,1,-0.0389,-0.078,0.422,25.00,1,139.4,6.8,0.12566,39.2,-33.8,-0.0325,-0.00471,OK
5.4385,5.4063,32.3,0,138.3,7.3,0.1292,147.3,0.8,0.1226,0.0,0.0,0.0000,26.9,-19.4,-0.0261,24.2,-22.7,0,0.0,0.0,0.0000,-4.13,-1.48,3.38,2.00,1,-0.0533,-0.108,0.275,25.00,1,139.7,6.5,0.12531,49.2,-37.0,-0.0564,-0.00463,OK
5.4462,5.4063,40.0,0,138.3,7.3,0.1292,147.3,0.8,0.1226,0.0,0.0,0.0000,26.9,-19.4,-0.0261,24.2,-22.7,0,0.0,0.0,0.0000,-4.15,-1.31,3.75,2.09,1,-0.0633,-0.402,0.461,25.00,1,140.2,6.3,0.12488,55.4,-44.8,-0.0557,-0.00466,OK
5.4543,5.4063,48.1,0,138.3,7.3,0.1292,147.3,0.8,0.1226,0.0,0.0,0.0000,26.9,-19.4,-0.0261,24.2,-22.7,0,0.0,0.0,0.0000,-4.28,-1.83,3.86,2.11,1,-0.0633,-0.402,0.461,25.00,1,140.7,6.0,0.12437,65.4,-42.0,-0.0677,-0.00458,OK
5.4632,5.4063,56.9,0,138.3,7.3,0.1292,147.3,0.8,0.1226,0.0,0.0,0.0000,26.9,-19.4,-0.0261,24.2,-22.7,0,0.0,0.0,0.0000,-4.12,-1.41,3.60,1.90,1,-0.0544,0.137,0.343,25.00,1,141.3,5.7,0.12381,59.6,-44.7,-0.0570,-0.00451,OK
5.4709,5.4063,64.7,0,138.3,7.3,0.1292,147.3,0.8,0.1226,0.0,0.0,0.0000,26.9,-19.4,-0.0261,24.2,-22.7,0,0.0,0.0,0.0000,-4.28,-1.39,3.79,1.99,1,-0.0544,0.667,0.226,24.00,1,141.9,5.4,0.12337,65.9,-49.1,-0.0549,-0.00447,OK
5.4787,5.4063,72.4,0,138.3,7.3,0.1292,147.3,0.8,0.1226,0.0,0.0,0.0000,26.9,-19.4,-0.0261,24.2,-22.7,0,0.0,0.0,0.0000,-4.21,-0.99,3.83,1.62,1,-0.0833,0.098,0.471,24.00,1,142.4,5.0,0.12286,61.1,-57.8,-0.0772,-0.00448,OK
5.4862,5.4063,80.0,0,138.3,7.3,0.1292,147.3,0.8,0.1226,0.0,0.0,0.0000,26.9,-19.4,-0.0261,24.2,-22.7,0,0.0,0.0,0.0000,-4.80,-0.93,4.13,1.87,1,-0.0833,0.098,0.471,25.00,1,143.0,4.6,0.12229,72.4,-67.1,-0.0749,-0.00452,OK
5.4952,5.4063,88.9,0,138.3,7.3,0.1292,147.3,0.8,0.1226,0.0,0.0,0.0000,26.9,-19.4,-0.0261,24.2,-22.7,0,0.0,0.0,0.0000,-3.98,-0.79,3.43,1.50,1,-0.0911,-0.196,0.245,25.00,1,143.6,4.1,0.12160,57.8,-55.7,-0.0813,-0.00457,OK
5.5022,5.4063,95.9,0,138.3,7.3,0.1292,147.3,0.8,0.1226,0.0,0.0,0.0000,26.9,-19.4,-0.0261,24.2,-22.7,0,0.0,0.0,0.0000,-4.09,-0.99,3.03,1.38,1,-0.0789,0.412,0.029,24.00,1,144.0,3.8,0.12098,57.2,-49.9,-0.0881,-0.00444,OK
5.5112,5.5065,4.7,0,147.9,3.0,0.1102,147.3,0.8,0.1226,0.0,0.0,0.0000,10.5,-12.2,0.0498,9.1,-13.2,0,0.0,0.0,0.0000,-3.67,-0.55,3.36,1.46,1,-0.0811,0.471,0.088,25.00,1,147.8,3.0,0.11680,83.1,-61.1,-0.0754,-0.00434,OK
5.5186,5.5065,12.2,0,147.9,3.0,0.1102,147.3,0.8,0.1226,0.0,0.0,0.0000,-1.9,-6.7,0.0498,-2.6,-6.5,0,0.0,0.0,0.0000,-3.54,-0.81,3.71,1.15,1,-0.0644,0.098,-0.010,26.00,1,148.1,2.8,0.11653,82.6,-62.5,-0.0616,-0.00433,OK
5.5263,5.5065,19.9,0,147.9,3.0,0.1102,147.3,0.8,0.1226,0.0,0.0,0.0000,-1.9,-6.7,0.0498,-2.6,-6.5,0,0.0,0.0,0.0000,-3.54,-0.27,3.20,1.12,1,-0.0644,0.098,-0.010,25.00,1,148.8,2.4,0.11611,73.7,-63.6,-0.0503,-0.00442,OK
5.5351,5.5065,28.6,0,147.9,3.0,0.1102,147.3,0.8,0.1226,0.0,0.0,0.0000,-1.9,-6.7,0.0498,-2.6,-6.5,0,0.0,0.0,0.0000,-3.25,-0.54,3.18,1.10,1,-0.0233,0.373,-0.059,25.00,1,149.5,2.0,0.11578,72.9,-56.9,-0.0244,-0.00437,OK
5.5429,5.5065,36.4,0,147.9,3.0,0.1102,147.3,0.8,0.1226,0.0,0.0,0.0000,-1.9,-6.7,0.0498,-2.6,-6.5,0,0.0,0.0,0.0000,-2.70,-0.05,3.07,0.62,1,0.0022,0.892,-0.098,25.00,1,150.0,1.6,0.11570,57.9,-58.9,0.0044,-0.00435,OK
5.5506,5.5065,44.2,0,147.9,3.0,0.1102,147.3,0.8,0.1226,0.0,0.0,0.0000,-1.9,-6.7,0.0498,-2.6,-6.5,0,0.0,0.0,0.0000,-2.72,-0.35,2.86,0.94,1,-0.0089,0.549,-0.127,25.00,1,150.6,1.2,0.11570,62.3,-51.2,-0.0045,-0.00435,OK
5.5585,5.5065,52.0,0,147.9,3.0,0.1102,147.3,0.8,0.1226,0.0,0.0,0.0000,-1.9,-6.7,0.0498,-2.6,-6.5,0,0.0,0.0,0.0000,-2.14,0.04,2.80,0.90,1,-0.0089,0.549,-0.127,24.00,1,151.0,0.9,0.11582,52.6,-48.8,0.0252,-0.00463,OK
5.5662,5.5065,59.8,0,147.9,3.0,0.1102,147.3,0.8,0.1226,0.0,0.0,0.0000,-1.9,-6.7,0.0498,-2.6,-6.5,0,0.0,0.0,0.0000,-1.81,-0.02,2.11,0.58,1,-0.0256,0.647,-0.392,25.00,1,151.4,0.6,0.11593,41.9,-39.7,-0.0042,-0.00478,OK
5.5751,5.5065,68.6,0,147.9,3.0,0.1102,147.3,0.8,0.1226,0.0,0.0,0.0000,-1.9,-6.7,0.0498,-2.6,-6.5,0,0.0,0.0,0.0000,-1.45,-0.02,1.58,0.16,1,-0.0433,1.216,-0.735,24.00,1,151.8,0.3,0.11577,30.3,-33.5,-0.0333,-0.00483,OK
5.5829,5.5065,76.4,0,147.9,3.0,0.1102,147.3,0.8,0.1226,0.0,0.0,0.0000,-1.9,-6.7,0.0498,-2.6,-6.5,0,0.0,0.0,0.0000,-1.16,-0.10,1.61,0.25,1,-0.0411,0.863,-0.637,25.00,1,152.0,0.1,0.11560,29.3,-28.9,-0.0186,-0.00499,OK
5.5907,5.5065,84.3,0,147.9,3.0,0.1102,147.3,0.8,0.1226,0.0,0.0,0.0000,-1.9,-6.7,0.0498,-2.6,-6.5,0,0.0,0.0,0.0000,-1.21,0.07,1.16,-0.02,1,-0.0244,0.588,-0.745,25.00,1,152.3,-0.1,0.11541,22.0,-28.3,-0.0272,-0.00492,OK
5.5983,5.5065,91.9,0,147.9,3.0,0.1102,147.3,0.8,0.1226,0.0,0.0,0.0000,-1.9,-6.7,0.0498,-2.6,-6.5,0,0.0,0.0,0.0000,-0.98,0.35,1.02,0.02,1,-0.0244,0.588,-0.745,25.00,1,152.4,-0.3,0.11528,16.7,-27.0,-0.0107,-0.00500,OK
5.6107,5.6083,2.4,0,152.9,-0.3,0.1267,147.3,0.8,0.1226,0.0,0.0,0.0000,-16.8,3.3,-0.0162,-16.3,5.4,0,0.0,0.0,0.0000,-0.70,-0.08,0.80,-0.02,1,-0.0022,0.892,-0.814,26.00,1,152.9,-0.3,0.11931,17.6,-14.4,0.0325,-0.00515,OK
5.6140,5.6083,5.8,0,152.9,-0.3,0.1267,147.3,0.8,0.1226,0.0,0.0,0.0000,-16.8,3.3,-0.0162,-16.3,5.4,0,0.0,0.0,0.0000,-0.17,0.16,0.50,-0.10,1,0.0156,0.785,-0.716,24.00,1,152.9,-0.3,0.11925,7.9,-8.7,0.0319,-0.00515,OK
5.6220,5.6142,7.8,0,154.1,-0.8,0.1254,147.3,0.8,0.1226,0.0,0.0,0.0000,-20.3,4.6,-0.0112,-19.5,7.1,0,0.0,0.0,0.0000,0.18,0.68,0.06,-0.10,1,0.0344,0.500,-0.510,24.00,1,153.5,-0.6,0.12108,5.8,-9.8,0.0534,-0.00536,OK
5.6303,5.6142,16.1,0,154.1,-0.8,0.1254,147.3,0.8,0.1226,0.0,0.0,0.0000,-20.3,4.6,-0.0112,-19.5,7.1,0,0.0,0.0,0.0000,0.24,0.71,-0.07,-0.04,1,0.0344,0.500,-0.510,25.00,1,153.6,-0.6,0.12153,3.6,-7.2,0.0545,-0.00550,OK
5.6386,5.6142,24.3,0,154.1,-0.8,0.1254,147.3,0.8,0.1226,0.0,0.0,0.0000,-20.3,4.6,-0.0112,-19.5,7.1,0,0.0,0.0,0.0000,0.51,0.02,0.08,-0.19,1,0.0411,0.382,-0.235,25.00,1,153.6,-0.6,0.12195,5.8,-0.0,0.0469,-0.00550,OK
5.6469,5.6142,32.6,0,154.1,-0.8,0.1254,147.3,0.8,0.1226,0.0,0.0,0.0000,-20.3,4.6,-0.0112,-19.5,7.1,0,0.0,0.0,0.0000,0.76,0.08,-0.32,0.03,1,0.0411,0.353,-0.118,24.00,1,153.6,-0.6,0.12239,1.5,8.8,0.0560,-0.00559,OK
5.6547,5.6142,40.5,0,154.1,-0.8,0.1254,147.3,0.8,0.1226,0.0,0.0,0.0000,-20.3,4.6,-0.0112,-19.5,7.1,0,0.0,0.0,0.0000,0.52,0.14,-0.72,-2.56,1,0.0356,0.265,0.118,24.00,1,153.6,-0.6,0.12235,-22.2,-7.3,-0.0502,-0.00512,OK
5.6633,5.6612,2.1,0,154.5,-1.5,0.1216,147.3,0.8,0.1226,0.0,0.0,0.0000,-21.4,6.9,0.0040,-20.4,9.5,0,0.0,0.0,0.0000,1.04,0.20,-0.75,0.08,1,0.0222,0.196,0.186,24.00,1,154.3,-1.4,0.12237,10.3,-4.0,0.0433,-0.00528,OK
5.6701,5.6689,1.2,0,154.2,-1.3,0.1213,147.3,0.8,0.1226,0.0,0.0,0.0000,-20.7,6.3,0.0053,-19.8,8.7,0,0.0,0.0,0.0000,1.05,0.21,-0.95,-0.32,1,0.0222,0.196,0.186,24.00,1,154.3,-1.3,0.12226,-0.5,0.7,0.0196,-0.00526,OK
5.6794,5.6776,1.8,0,154.1,-1.3,0.1208,147.3,0.8,0.1226,0.0,0.0,0.0000,-20.4,6.2,0.0071,-19.5,8.6,0,0.0,0.0,0.0000,1.23,0.22,-1.30,-0.62,1,0.0000,0.392,0.029,25.00,1,154.1,-1.3,0.12193,-9.7,5.4,-0.0086,-0.00519,OK
5.6862,5.6776,8.6,0,154.1,-1.3,0.1208,147.3,0.8,0.1226,0.0,0.0,0.0000,-20.4,6.2,0.0071,-19.5,8.6,0,0.0,0.0,0.0000,0.88,0.14,-1.25,-0.36,1,-0.0233,0.127,0.157,25.00,1,154.2,-1.3,0.12189,-4.0,4.6,-0.0217,-0.00516,OK
5.6953,5.6947,0.6,0,153.8,-1.3,0.1224,147.3,0.8,0.1226,0.0,0.0,0.0000,-19.3,6.3,0.0007,-18.4,8.6,0,0.0,0.0,0.0000,1.14,0.20,-1.21,-0.84,1,-0.0456,0.078,0.039,25.00,1,153.8,-1.3,0.12152,-18.5,2.3,-0.0343,-0.00514,OK
5.7026,5.7021,0.4,0,153.7,-1.1,0.1268,147.3,0.8,0.1226,0.0,0.0,0.0000,-19.0,5.6,-0.0168,-18.2,7.9,0,0.0,0.0,0.0000,1.22,0.12,-1.16,-1.09,1,-0.0456,0.078,0.039,25.00,1,153.7,-1.2,0.12204,-19.5,8.5,-0.0223,-0.00520,OK
5.7111,5.7094,1.6,0,153.3,-1.3,0.1253,147.3,0.8,0.1226,0.0,0.0,0.0000,-17.9,6.4,-0.0109,-17.0,8.6,0,0.0,0.0,0.0000,1.38,0.57,-1.82,-0.67,1,-0.0589,0.157,0.039,24.00,1,153.4,-1.2,0.12233,-30.9,8.5,-0.0185,-0.00534,OK
5.7191,5.7164,2.6,0,153.1,-1.3,0.1247,147.3,0.8,0.1226,0.0,0.0,0.0000,-17.3,6.2,-0.0085,-16.4,8.3,0,0.0,0.0,0.0000,1.03,0.39,-1.28,-0.76,1,-0.0633,0.000,0.069,25.00,1,153.2,-1.2,0.12235,-25.8,2.0,-0.0394,-0.00541,OK
5.7265,5.7242,2.3,0,152.9,-1.3,0.1191,147.3,0.8,0.1226,0.0,0.0,0.0000,-16.8,6.4,0.0142,-15.9,8.3,0,0.0,0.0,0.0000,1.04,0.35,-1.16,-1.00,1,-0.0633,0.000,0.137,25.00,1,152.9,-1.3,0.12144,-27.7,-1.1,-0.0735,-0.00538,OK
5.7348,5.7325,2.2,0,152.5,-0.9,0.1203,147.3,0.8,0.1226,0.0,0.0,0.0000,-15.6,4.9,0.0092,-14.9,6.8,0,0.0,0.0,0.0000,1.64,0.08,-1.59,-1.44,1,-0.0511,0.069,0.127,25.00,1,152.6,-1.1,0.12081,-38.3,20.2,-0.0682,-0.00521,OK
5.7429,5.7411,1.7,0,152.3,-0.5,0.1237,147.3,0.8,0.1226,0.0,0.0,0.0000,-14.8,3.9,-0.0043,-14.2,5.7,0,0.0,0.0,0.0000,1.87,0.68,-1.60,-1.03,1,-0.0511,0.069,0.127,25.00,1,152.2,-0.7,0.12114,-38.7,27.7,-0.0042,-0.00543,OK
5.7507,5.7501,0.6,0,152.2,-0.7,0.1234,147.3,0.8,0.1226,0.0,0.0,0.0000,-14.8,4.3,-0.0030,-14.1,6.1,0,0.0,0.0,0.0000,1.56,0.61,-1.70,-1.30,1,-0.0267,-0.127,0.226,25.00,1,152.0,-0.6,0.12121,-30.0,17.9,-0.0095,-0.00535,OK
5.7587,5.7576,1.2,0,151.9,-0.4,0.1218,147.3,0.8,0.1226,0.0,0.0,0.0000,-13.8,3.6,0.0033,-13.3,5.2,0,0.0,0.0,0.0000,1.09,0.63,-1.81,-0.98,1,-0.0144,-0.265,0.304,24.00,1,151.9,-0.5,0.12105,-26.1,20.8,-0.0242,-0.00516,OK
5.7663,5.7662,0.1,0,151.2,-0.5,0.1200,147.3,0.8,0.1226,0.0,0.0,0.0000,-11.7,3.7,0.0107,-11.2,5.1,0,0.0,0.0,0.0000,1.71,0.33,-1.31,-0.97,1,-0.0100,-0.245,0.382,25.00,1,151.4,-0.4,0.12089,-38.5,19.8,-0.0141,-0.00517,OK
5.7753,5.7747,0.5,0,151.0,-0.7,0.1160,147.3,0.8,0.1226,0.0,0.0,0.0000,-11.2,4.6,0.0264,-10.6,5.8,0,0.0,0.0,0.0000,1.70,0.23,-1.47,-0.72,1,-0.0100,-0.245,0.382,25.00,1,151.1,-0.4,0.12012,-35.9,10.3,-0.0467,-0.00518,OK
5.7830,5.7747,8.2,0,151.0,-0.7,0.1160,147.3,0.8,0.1226,0.0,0.0,0.0000,-11.2,4.6,0.0264,-10.6,5.8,0,0.0,0.0,0.0000,1.10,0.76,-1.41,-0.77,1,-0.0200,-0.343,0.530,25.00,1,151.1,-0.4,0.12023,-33.3,6.4,-0.0126,-0.00520,OK
5.7906,5.7838,6.8,0,149.7,0.3,0.1212,147.3,0.8,0.1226,0.0,0.0,0.0000,-7.3,1.6,0.0056,-7.0,2.5,0,0.0,0.0,0.0000,1.42,0.66,-1.13,-1.21,1,-0.0211,-0.637,0.657,25.00,1,150.3,-0.1,0.12026,-50.8,16.3,-0.0137,-0.00522,OK
5.7986,5.7913,7.3,0,149.2,0.1,0.1216,147.3,0.8,0.1226,0.0,0.0,0.0000,-5.7,2.0,0.0040,-5.4,2.7,0,0.0,0.0,0.0000,0.89,0.58,-1.46,-0.52,1,-0.0389,-0.726,0.598,24.00,1,149.6,0.0,0.12029,-49.2,23.3,-0.0297,-0.00527,OK
5.8065,5.8012,5.3,0,148.6,0.4,0.1263,147.3,0.8,0.1226,0.0,0.0,0.0000,-4.0,1.2,-0.0149,-3.8,1.7,0,0.0,0.0,0.0000,1.36,0.16,-1.22,-0.76,1,-0.0389,-0.726,0.598,24.00,1,148.9,0.3,0.12086,-56.4,30.8,-0.0202,-0.00535,OK
5.8142,5.8086,5.6,0,148.6,-0.2,0.1194,147.3,0.8,0.1226,0.0,0.0,0.0000,-3.9,3.0,0.0130,-3.5,3.4,0,0.0,0.0,0.0000,1.20,0.02,-1.16,-0.91,1,-0.0533,-0.588,0.471,26.00,1,148.5,0.2,0.12035,-51.9,16.8,-0.0541,-0.00530,OK
5.8230,5.8178,5.2,0,148.1,0.3,0.1255,147.3,0.8,0.1226,0.0,0.0,0.0000,-2.2,1.5,-0.0114,-2.0,1.8,0,0.0,0.0,0.0000,0.64,0.64,-0.69,-0.75,1,-0.0511,-0.647,0.500,25.00,1,148.1,0.2,0.12075,-46.3,3.6,-0.0269,-0.00543,OK
5.8305,5.8252,5.2,0,147.9,0.3,0.1227,147.3,0.8,0.1226,0.0,0.0,0.0000,-1.8,1.5,-0.0002,-1.6,1.7,0,0.0,0.0,0.0000,0.64,0.32,-0.28,-0.91,1,-0.0389,-0.735,0.294,25.00,1,147.8,0.2,0.12082,-38.1,2.1,-0.0273,-0.00547,OK
5.8380,5.8339,4.2,0,147.8,0.1,0.1218,147.3,0.8,0.1226,0.0,0.0,0.0000,-1.3,2.1,0.0032,-1.1,2.2,0,0.0,0.0,0.0000,0.65,0.13,-0.48,-0.68,1,-0.0200,-0.677,0.275,25.00,1,147.6,0.2,0.12079,-31.0,4.6,-0.0168,-0.00543,OK
5.8465,5.8448,1.7,0,147.7,0.1,0.1220,147.3,0.8,0.1226,0.0,0.0,0.0000,-1.1,1.9,0.0024,-0.8,2.0,0,0.0,0.0,0.0000,0.27,0.65,-0.35,-0.38,1,-0.0200,-0.677,0.275,24.00,1,147.5,0.1,0.12095,-19.5,-3.3,0.0058,-0.00553,OK
5.8550,5.8525,2.5,0,147.7,-0.0,0.1180,147.3,0.8,0.1226,0.0,0.0,0.0000,-1.1,2.4,0.0185,-0.8,2.5,0,0.0,0.0,0.0000,0.00,0.58,-0.10,-0.28,1,0.0011,-0.657,0.167,25.00,1,147.5,0.0,0.12056,-10.6,-9.5,-0.0093,-0.00552,OK
5.8624,5.8592,3.2,0,147.6,0.1,0.1208,147.3,0.8,0.1226,0.0,0.0,0.0000,-1.0,2.0,0.0071,-0.7,2.1,0,0.0,0.0,0.0000,0.17,0.15,0.63,-0.15,1,0.0233,-0.530,-0.098,25.00,1,147.6,0.0,0.12092,-0.9,-6.6,0.0431,-0.00565,OK
5.8706,5.8678,2.8,0,147.6,-0.1,0.1211,147.3,0.8,0.1226,0.0,0.0,0.0000,-0.9,2.7,0.0060,-0.5,2.8,0,0.0,0.0,0.0000,-0.22,0.47,0.22,0.10,1,0.0433,-0.422,-0.029,25.00,1,147.6,-0.1,0.12131,-0.7,-9.5,0.0473,-0.00564,OK
5.8793,5.8788,0.5,0,147.7,-0.3,0.1189,147.3,0.8,0.1226,0.0,0.0,0.0000,-1.3,3.3,0.0149,-0.9,3.4,0,0.0,0.0,0.0000,-0.01,0.61,0.12,-0.05,1,0.0433,-0.422,-0.029,25.00,1,147.6,-0.2,0.12135,-0.1,-13.4,0.0193,-0.00565,OK
5.8863,5.8849,1.4,0,147.7,-0.4,0.1182,147.3,0.8,0.1226,0.0,0.0,0.0000,-1.1,3.4,0.0177,-0.7,3.5,0,0.0,0.0,0.0000,-0.18,0.13,0.20,0.12,1,0.0533,-0.284,-0.088,25.00,1,147.7,-0.3,0.12094,4.0,-9.8,-0.0083,-0.00563,OK
5.8942,5.8930,1.2,0,147.8,-0.0,0.1230,147.3,0.8,0.1226,0.0,0.0,0.0000,-1.4,2.4,-0.0017,-1.1,2.6,0,0.0,0.0,0.0000,0.00,-0.30,0.34,0.33,1,0.0544,-0.226,0.078,26.00,1,147.8,-0.2,0.12177,10.7,6.5,0.0679,-0.00558,OK
5.9023,5.8930,9.3,0,147.8,-0.0,0.1230,147.3,0.8,0.1226,0.0,0.0,0.0000,-1.4,2.4,-0.0017,-1.1,2.6,0,0.0,0.0,0.0000,0.44,-0.03,0.29,0.32,1,0.0500,-0.010,0.098,25.00,1,147.8,-0.2,0.12189,3.6,4.5,0.0765,-0.00576,OK
5.9103,5.9098,0.4,0,147.9,-0.0,0.1218,147.3,0.8,0.1226,0.0,0.0,0.0000,-1.9,2.4,0.0034,-1.5,2.7,0,0.0,0.0,0.0000,-0.09,0.15,0.04,0.48,1,0.0378,-0.049,0.177,25.00,1,147.9,-0.1,0.12258,9.3,4.0,0.0388,-0.00581,OK
