t_s,tv_s,vision_age_ms,held,pose_x_mm,pose_y_mm,pose_theta_rad,ref_x_mm,ref_y_mm,ref_theta_rad,ref_vx_mm_s,ref_vy_mm_s,ref_omega_rad_s,cmd_world_vx_mm_s,cmd_world_vy_mm_s,cmd_omega_rad_s,cmd_body_vx_mm_s,cmd_body_vy_mm_s,near_goal,pred_x_mm,pred_y_mm,pred_theta_rad,wheel_fl_rad_s,wheel_bl_rad_s,wheel_br_rad_s,wheel_fr_rad_s,imu_valid,imu_yaw_rate_rad_s,imu_accel_x_m_s2,imu_accel_y_m_s2,battery_v,est_valid,est_x_mm,est_y_mm,est_theta_rad,est_vx_mm_s,est_vy_mm_s,est_omega_rad_s,est_gyro_bias_rad_s,est_health
-0.2938,-0.3034,9.5,0,146.7,0.2,0.1237,146.7,0.2,0.1237,0.0,0.0,0.0000,0.0,0.0,0.0000,0.0,0.0,0,0.0,0.0,0.0000,-0.11,-0.09,0.24,-0.20,1,-0.0078,-0.118,0.147,25.00,1,146.7,0.2,0.12367,0.0,0.0,-0.0078,-0.00000,OK
-0.2855,-0.3034,17.9,0,146.7,0.2,0.1237,146.7,0.2,0.1237,0.0,0.0,0.0000,0.0,0.0,0.0000,0.0,0.0,0,0.0,0.0,0.0000,0.39,0.03,-0.08,0.05,1,-0.0078,-0.108,0.157,25.00,1,146.6,0.2,0.12396,-4.1,5.2,0.0369,-0.03929,OK
-0.2771,-0.3034,26.3,0,146.7,0.2,0.1237,146.7,0.2,0.1237,0.0,0.0,0.0000,0.0,0.0,0.0000,0.0,0.0,0,0.0,0.0,0.0000,-0.19,0.05,0.03,-0.05,1,-0.0078,-0.118,0.147,25.00,1,146.6,0.2,0.12390,1.7,-4.0,-0.0022,-0.01740,OK
-0.2697,-0.3034,33.7,0,146.7,0.2,0.1237,146.7,0.2,0.1237,0.0,0.0,0.0000,0.0,0.0,0.0000,0.0,0.0,0,0.0,0.0,0.0000,-0.10,0.10,0.09,-0.22,1,-0.0067,-0.118,0.147,24.00,1,146.6,0.2,0.12374,-1.0,-6.1,-0.0068,-0.00843,OK
-0.2613,-0.3034,42.1,0,146.7,0.2,0.1237,146.7,0.2,0.1237,0.0,0.0,0.0000,0.0,0.0,0.0000,0.0,0.0,0,0.0,0.0,0.0000,-0.16,-0.10,-0.16,-0.13,1,-0.0067,-0.118,0.137,25.00,1,146.6,0.2,0.12336,0.1,-0.4,-0.0279,0.00422,OK
-0.2539,-0.3034,49.4,0,146.7,0.2,0.1237,146.7,0.2,0.1237,0.0,0.0,0.0000,0.0,0.0,0.0000,0.0,0.0,0,0.0,0.0,0.0000,-0.13,0.40,0.27,-0.04,1,-0.0067,-0.118,0.137,25.00,1,146.6,0.5,0.12337,0.0,-0.0,0.0012,-0.00022,OK
-0.2457,-0.3034,57.7,0,146.7,0.2,0.1237,146.7,0.2,0.1237,0.0,0.0,0.0000,0.0,0.0,0.0000,0.0,0.0,0,0.0,0.0,0.0000,-0.11,0.19,-0.16,-0.01,1,-0.0078,-0.108,0.147,25.00,1,146.6,0.5,0.12341,-0.0,0.0,-0.0008,-0.00206,OK
-0.2368,-0.3034,66.5,0,146.7,0.2,0.1237,146.7,0.2,0.1237,0.0,0.0,0.0000,0.0,0.0,0.0000,0.0,0.0,0,0.0,0.0,0.0000,0.47,-0.51,-0.33,-0.08,1,-0.0078,-0.118,0.147,25.00,1,146.6,0.5,0.12343,-0.0,0.0,-0.0015,-0.00298,OK
-0.2293,-0.3034,74.1,0,146.7,0.2,0.1237,146.7,0.2,0.1237,0.0,0.0,0.0000,0.0,0.0,0.0000,0.0,0.0,0,0.0,0.0,0.0000,-0.10,-0.28,0.18,0.06,1,-0.0078,-0.127,0.127,25.00,1,146.6,0.5,0.12344,0.0,-0.0,-0.0008,-0.00369,OK
-0.2217,-0.2244,2.7,0,146.5,-0.1,0.1225,146.7,0.2,0.1237,0.0,0.0,0.0000,0.6,0.8,0.0046,0.7,0.7,0,0.0,0.0,0.0000,-0.12,-0.12,0.19,0.13,1,-0.0078,-0.127,0.127,24.00,1,146.5,-0.1,0.12291,-1.2,-4.0,-0.0044,-0.00425,OK
-0.2135,-0.2190,5.5,0,146.5,-0.0,0.1230,146.7,0.2,0.1237,0.0,0.0,0.0000,0.3,0.6,0.0026,0.4,0.6,0,0.0,0.0,0.0000,0.14,0.04,0.00,-0.03,1,-0.0078,-0.088,0.147,25.00,1,146.5,-0.0,0.12296,8.1,4.8,0.0006,-0.00479,OK
-0.2056,-0.2089,3.3,0,146.7,0.3,0.1246,146.7,0.2,0.1237,0.0,0.0,0.0000,-0.1,-0.3,-0.0038,-0.1,-0.3,0,0.0,0.0,0.0000,0.11,0.02,0.02,-0.01,1,-0.0078,-0.177,0.137,25.00,1,146.7,0.2,0.12346,27.1,40.2,0.0107,-0.00525,OK
-0.1969,-0.2010,4.1,0,146.4,0.1,0.1235,146.7,0.2,0.1237,0.0,0.0,0.0000,0.8,0.4,0.0007,0.8,0.3,0,0.0,0.0,0.0000,-0.25,0.13,0.04,-0.07,1,-0.0089,-0.137,0.157,24.00,1,146.5,0.1,0.12347,-44.8,-26.1,-0.0009,-0.00552,OK
-0.1899,-0.1910,1.1,0,146.6,0.0,0.1236,146.7,0.2,0.1237,0.0,0.0,0.0000,0.2,0.4,0.0002,0.2,0.4,0,0.0,0.0,0.0000,-0.07,0.09,0.11,0.02,1,-0.0089,-0.137,0.157,25.00,1,146.6,0.1,0.12351,28.5,-9.4,0.0025,-0.00588,OK
-0.1810,-0.1910,10.0,0,146.6,0.0,0.1236,146.7,0.2,0.1237,0.0,0.0,0.0000,0.2,0.4,0.0002,0.2,0.4,0,0.0,0.0,0.0000,0.23,0.25,0.12,0.05,1,-0.0089,-0.118,0.127,24.00,1,146.6,0.1,0.12352,-0.0,-0.0,0.0025,-0.00637,OK
-0.1736,-0.1750,1.4,0,146.8,-0.1,0.1248,146.7,0.2,0.1237,0.0,0.0,0.0000,-0.4,0.8,-0.0044,-0.3,0.8,0,0.0,0.0,0.0000,0.13,0.08,0.06,-0.06,1,-0.0100,-0.147,0.147,25.00,1,146.8,-0.1,0.12387,24.9,-21.1,0.0181,-0.00674,OK
-0.1654,-0.1666,1.1,0,146.6,-0.1,0.1215,146.7,0.2,0.1237,0.0,0.0,0.0000,0.1,0.8,0.0085,0.2,0.8,0,0.0,0.0,0.0000,-0.25,-0.07,0.03,0.05,1,-0.0122,-0.108,0.137,25.00,1,146.6,-0.1,0.12324,-23.9,0.2,-0.0366,-0.00702,OK
-0.1570,-0.1666,9.6,0,146.6,-0.1,0.1215,146.7,0.2,0.1237,0.0,0.0,0.0000,0.1,0.8,0.0085,0.2,0.8,0,0.0,0.0,0.0000,-0.18,-0.56,-0.32,0.13,1,-0.0122,-0.069,0.157,25.00,1,146.6,-0.1,0.12330,-0.0,0.0,-0.0037,-0.00712,OK
-0.1492,-0.1496,0.4,0,146.8,-0.2,0.1231,146.7,0.2,0.1237,0.0,0.0,0.0000,-0.5,1.2,0.0024,-0.4,1.3,0,0.0,0.0,0.0000,0.02,-0.10,-0.02,-0.08,1,-0.0122,-0.069,0.157,26.00,1,146.8,-0.2,0.12321,24.1,-24.0,-0.0050,-0.00740,OK
-0.1417,-0.1419,0.2,0,146.4,0.1,0.1231,146.7,0.2,0.1237,0.0,0.0,0.0000,0.7,0.3,0.0023,0.7,0.2,0,0.0,0.0,0.0000,-0.05,0.04,0.26,-0.18,1,-0.0056,-0.088,0.177,25.00,1,146.4,0.1,0.12318,-59.0,61.7,-0.0035,-0.00740,OK
-0.1331,-0.1419,8.8,0,146.4,0.1,0.1231,146.7,0.2,0.1237,0.0,0.0,0.0000,0.7,0.3,0.0023,0.7,0.2,0,0.0,0.0,0.0000,0.37,0.05,0.22,0.37,1,-0.0011,-0.186,0.078,25.00,1,146.5,0.1,0.12321,-0.0,0.0,0.0052,-0.00733,OK
-0.1255,-0.1328,7.3,0,146.6,0.1,0.1240,146.7,0.2,0.1237,0.0,0.0,0.0000,0.2,0.2,-0.0014,0.3,0.2,0,0.0,0.0,0.0000,0.30,-0.07,-0.01,-0.09,1,-0.0022,-0.059,0.196,24.00,1,146.6,0.1,0.12340,0.5,0.2,0.0012,-0.00709,OK
-0.1177,-0.1191,1.3,0,146.4,0.2,0.1243,146.7,0.2,0.1237,0.0,0.0,0.0000,0.6,0.1,-0.0024,0.6,0.0,0,0.0,0.0,0.0000,-0.84,-0.04,-0.32,-0.15,1,-0.0022,-0.059,0.196,25.00,1,146.5,0.2,0.12318,-16.3,12.5,-0.0328,-0.00411,OK
-0.1099,-0.1155,5.6,0,146.8,0.1,0.1207,146.7,0.2,0.1237,0.0,0.0,0.0000,-0.5,0.4,0.0120,-0.5,0.4,0,0.0,0.0,0.0000,-0.19,0.00,0.03,-0.14,1,-0.0089,-0.186,0.108,25.00,1,146.7,0.1,0.12268,51.9,-20.2,-0.0228,-0.00339,OK
-0.1010,-0.1063,5.2,0,146.4,0.1,0.1214,146.7,0.2,0.1237,0.0,0.0,0.0000,0.7,0.3,0.0093,0.7,0.2,0,0.0,0.0,0.0000,-0.33,-0.05,-0.18,0.19,1,-0.0067,-0.088,0.137,25.00,1,146.5,0.1,0.12229,-22.8,4.8,-0.0186,-0.00273,OK
-0.0935,-0.0989,5.5,0,146.6,0.1,0.1220,146.7,0.2,0.1237,0.0,0.0,0.0000,0.0,0.2,0.0067,0.0,0.2,0,0.0,0.0,0.0000,-0.04,0.10,-0.18,0.07,1,-0.0011,-0.098,0.137,25.00,1,146.6,0.1,0.12221,16.4,2.9,-0.0009,-0.00263,OK
-0.0849,-0.0896,4.7,0,146.6,0.1,0.1224,146.7,0.2,0.1237,0.0,0.0,0.0000,0.3,0.2,0.0049,0.3,0.1,0,0.0,0.0,0.0000,0.37,0.03,0.00,-0.13,1,-0.0011,-0.147,0.206,25.00,1,146.6,0.1,0.12234,-8.0,0.9,0.0132,-0.00322,OK
-0.0770,-0.0816,4.6,0,146.6,-0.1,0.1190,146.7,0.2,0.1237,0.0,0.0,0.0000,0.3,0.9,0.0186,0.4,0.8,0,0.0,0.0,0.0000,-0.25,0.10,-0.32,0.00,1,-0.0011,-0.147,0.206,24.00,1,146.6,-0.1,0.12166,-2.7,-26.0,-0.0183,-0.00290,OK
-0.0698,-0.0730,3.2,0,146.6,0.1,0.1247,146.7,0.2,0.1237,0.0,0.0,0.0000,0.1,0.1,-0.0041,0.1,0.1,0,0.0,0.0,0.0000,0.47,-0.14,-0.37,-0.04,1,-0.0067,-0.127,0.157,25.00,1,146.6,0.1,0.12229,13.7,36.4,0.0294,-0.00316,OK
-0.0609,-0.0652,4.3,0,146.5,0.1,0.1212,146.7,0.2,0.1237,0.0,0.0,0.0000,0.4,0.1,0.0098,0.4,0.1,0,0.0,0.0,0.0000,-0.21,0.32,-0.15,0.09,1,-0.0067,-0.108,0.137,26.00,1,146.5,0.1,0.12208,-10.4,2.5,-0.0063,-0.00330,OK
-0.0538,-0.0552,1.4,0,146.6,0.1,0.1199,146.7,0.2,0.1237,0.0,0.0,0.0000,0.2,0.3,0.0152,0.2,0.3,0,0.0,0.0,0.0000,0.37,0.19,0.52,0.11,1,-0.0078,-0.088,0.098,24.00,1,146.6,0.1,0.12157,8.9,-10.8,-0.0354,-0.00368,OK
-0.0452,-0.0480,2.8,0,146.6,0.0,0.1237,146.7,0.2,0.1237,0.0,0.0,0.0000,0.2,0.5,-0.0003,0.2,0.5,0,0.0,0.0,0.0000,-0.44,0.06,0.31,-0.23,1,-0.0078,-0.088,0.098,24.00,1,146.6,0.0,0.12207,-1.1,-14.0,0.0225,-0.00380,OK
-0.0378,-0.0389,1.1,0,146.6,-0.1,0.1226,146.7,0.2,0.1237,0.0,0.0,0.0000,0.1,0.7,0.0044,0.2,0.7,0,0.0,0.0,0.0000,0.04,-0.16,-0.12,0.22,1,-0.0144,-0.137,0.147,25.00,1,146.6,-0.0,0.12218,3.9,-16.2,0.0100,-0.00423,OK
-0.0295,-0.0317,2.2,0,146.6,0.1,0.1253,146.7,0.2,0.1237,0.0,0.0,0.0000,0.2,0.2,-0.0067,0.2,0.2,0,0.0,0.0,0.0000,-0.16,-0.14,-0.33,-0.05,1,-0.0178,-0.078,0.127,25.00,1,146.6,0.1,0.12285,-3.7,29.6,0.0441,-0.00466,OK
-0.0212,-0.0225,1.3,0,146.6,0.2,0.1234,146.7,0.2,0.1237,0.0,0.0,0.0000,0.1,-0.1,0.0012,0.1,-0.1,0,0.0,0.0,0.0000,-0.52,0.08,0.03,-0.07,1,-0.0122,-0.167,0.177,25.00,1,146.6,0.2,0.12291,6.7,21.3,0.0086,-0.00484,OK
-0.0127,-0.0143,1.6,0,146.5,-0.0,0.1217,146.7,0.2,0.1237,0.0,0.0,0.0000,0.5,0.6,0.0080,0.5,0.5,0,0.0,0.0,0.0000,-0.01,0.02,0.21,-0.34,1,-0.0044,-0.088,0.147,25.00,1,146.5,0.0,0.12259,-25.4,-38.4,-0.0225,-0.00479,OK
-0.0050,-0.0061,1.1,0,146.6,0.1,0.1225,146.7,0.2,0.1237,0.0,0.0,0.0000,0.3,0.4,0.0045,0.3,0.3,0,0.0,0.0,0.0000,0.71,0.49,0.16,0.15,1,-0.0044,-0.088,0.147,25.00,1,146.5,0.1,0.12312,11.0,6.3,0.0502,-0.00668,OK
0.0025,-0.0061,8.7,0,146.6,0.1,0.1225,146.7,0.2,0.1237,0.0,0.0,0.0000,15.2,2.2,0.0045,15.4,0.3,0,0.0,0.0,0.0000,0.01,-0.26,0.33,0.17,1,0.0011,-0.186,0.147,25.00,1,146.6,0.1,0.12304,9.1,3.1,0.0144,-0.00691,OK
0.0109,0.0035,7.4,0,146.6,0.2,0.1278,146.7,0.2,0.1237,9.7,1.2,0.0000,31.8,4.2,-0.0167,32.0,0.1,0,0.0,0.0,0.0000,-0.16,-0.52,-0.20,-0.01,1,-0.0056,-0.108,0.167,25.00,1,146.6,0.2,0.12398,7.4,14.7,-0.0294,-0.00590,OK
0.0190,0.0113,7.7,0,146.6,-0.1,0.1218,146.7,0.2,0.1237,13.5,1.7,0.0000,47.9,6.3,0.0076,48.3,0.4,0,0.0,0.0,0.0000,-0.18,0.52,-0.23,-0.21,1,-0.0078,-0.039,0.127,25.00,1,146.6,-0.0,0.12341,-6.2,-18.7,-0.0084,-0.00564,OK
0.0268,0.0194,7.4,0,146.7,0.0,0.1199,146.9,0.2,0.1237,19.2,2.4,0.0000,63.4,8.2,0.0150,63.9,0.6,0,0.0,0.0,0.0000,0.37,0.07,0.16,-0.11,1,-0.0011,-0.167,0.108,25.00,1,146.6,-0.0,0.12274,1.7,-1.3,0.0199,-0.00610,OK
0.0344,0.0277,6.7,0,146.6,0.0,0.1203,147.1,0.2,0.1237,27.4,3.4,0.0000,78.5,10.2,0.0136,79.2,0.7,0,0.0,0.0,0.0000,0.23,0.00,0.05,0.20,1,-0.0011,-0.167,0.108,25.00,1,146.6,0.0,0.12230,-0.6,0.4,0.0004,-0.00594,OK
0.0429,0.0363,6.6,0,146.6,-0.0,0.1201,147.3,0.3,0.1237,36.0,4.5,0.0000,95.4,12.3,0.0143,96.2,0.8,0,0.0,0.0,0.0000,-0.32,-0.08,0.09,0.01,1,-0.0067,-0.157,0.196,25.00,1,146.6,-0.0,0.12183,-0.5,-0.6,-0.0037,-0.00587,OK
0.0509,0.0451,5.8,0,146.6,0.0,0.1212,147.7,0.3,0.1237,44.8,5.6,0.0000,111.2,14.3,0.0100,112.1,0.8,0,0.0,0.0,0.0000,-0.23,-0.01,0.20,0.08,1,-0.0111,-0.402,0.108,24.00,1,146.6,0.0,0.12168,2.1,1.2,-0.0019,-0.00601,OK
0.0580,0.0529,5.1,0,146.7,0.2,0.1266,148.1,0.4,0.1237,52.6,6.5,0.0000,125.4,15.9,-0.0119,126.4,-0.1,0,0.0,0.0,0.0000,0.16,-0.33,0.22,0.28,1,-0.0022,-0.686,0.049,24.00,1,146.7,0.2,0.12271,8.1,16.0,0.0223,-0.00602,OK
0.0672,0.0616,5.6,0,146.9,-0.2,0.1219,148.6,0.4,0.1237,61.2,7.6,0.0000,143.5,18.6,0.0073,144.7,1.1,0,0.0,0.0,0.0000,-0.16,-0.22,0.42,0.34,1,-0.0022,-0.686,0.049,25.00,1,146.9,-0.2,0.12256,8.9,-19.1,-0.0009,-0.00595,OK
0.0749,0.0702,4.7,0,146.7,0.2,0.1251,149.1,0.5,0.1237,69.7,8.7,0.0000,158.9,20.1,-0.0056,160.2,0.1,0,0.0,0.0,0.0000,-0.65,-0.38,0.54,0.09,1,0.0044,-0.412,0.078,26.00,1,146.7,0.1,0.12310,-16.6,38.4,0.0124,-0.00563,OK
0.0827,0.0784,4.3,0,146.6,0.1,0.1237,149.7,0.6,0.1237,77.8,9.7,0.0000,174.3,22.0,-0.0002,175.7,0.3,0,0.0,0.0,0.0000,-0.18,-0.11,0.23,0.47,1,0.0122,-0.245,0.039,25.00,1,146.6,0.1,0.12325,-13.9,-9.7,0.0068,-0.00521,OK
0.0904,0.0872,3.3,0,146.6,-0.1,0.1223,150.5,0.7,0.1237,86.5,10.7,0.0000,189.6,24.3,0.0053,191.1,1.0,0,0.0,0.0,0.0000,-0.55,-0.71,0.09,0.74,1,0.0256,-0.422,0.069,26.00,1,146.6,-0.1,0.12308,-2.2,-26.6,-0.0052,-0.00451,OK
0.0993,0.0955,3.8,0,146.7,0.1,0.1249,151.2,0.7,0.1237,94.7,11.8,0.0000,201.6,25.3,-0.0049,203.2,-0.1,0,0.0,0.0,0.0000,-0.56,-0.58,0.00,0.44,1,0.0256,-0.422,0.069,24.00,1,146.7,0.1,0.12347,10.7,27.2,0.0123,-0.00361,OK
0.1070,0.1058,1.1,0,146.9,0.2,0.1245,152.2,0.9,0.1237,104.9,13.0,0.0000,208.5,26.0,-0.0033,210.1,-0.1,0,0.0,0.0,0.0000,-0.27,-0.18,0.40,0.91,1,0.0356,-0.353,0.118,25.00,1,146.9,0.2,0.12418,19.9,2.6,0.0663,-0.00409,OK
0.1147,0.1123,2.4,0,146.9,0.1,0.1253,152.9,1.0,0.1237,111.3,13.8,0.0000,214.7,27.0,-0.0067,216.4,-0.1,0,0.0,0.0,0.0000,-0.63,-0.55,0.54,0.93,1,0.0500,-0.471,0.127,25.00,1,146.9,0.1,0.12464,7.7,-13.2,0.0591,-0.00384,OK
0.1226,0.1212,1.4,0,147.1,0.0,0.1244,154.0,1.1,0.1237,120.3,15.0,0.0000,218.9,27.9,-0.0030,220.7,0.5,0,0.0,0.0,0.0000,-0.61,-0.58,0.82,1.05,1,0.0611,-0.647,0.127,24.00,1,147.1,0.0,0.12500,19.1,-21.2,0.0465,-0.00380,OK
0.1309,0.1212,9.6,0,147.1,0.0,0.1244,154.0,1.1,0.1237,120.3,15.0,0.0000,222.5,28.4,-0.0030,224.3,0.5,0,0.0,0.0,0.0000,-0.39,-0.36,1.05,1.52,1,0.0822,-0.785,0.098,25.00,1,147.1,0.0,0.12534,21.4,-7.9,0.1180,-0.00463,OK
0.1383,0.1372,1.1,0,147.4,0.4,0.1294,156.0,1.3,0.1237,136.2,16.9,0.0000,224.9,27.7,-0.0228,226.6,-1.5,0,0.0,0.0,0.0000,-0.84,-1.02,1.12,1.67,1,0.0822,-0.785,0.098,25.00,1,147.4,0.3,0.12753,15.5,35.5,0.1499,-0.00475,OK
0.1468,0.1465,0.3,0,147.4,0.4,0.1328,157.3,1.5,0.1237,145.4,18.1,0.0000,228.3,28.0,-0.0366,230.0,-2.5,0,0.0,0.0,0.0000,-1.23,-0.82,1.15,2.07,1,0.1133,-0.961,0.059,24.00,1,147.4,0.4,0.12995,-3.3,1.7,0.2358,-0.00482,OK
0.1546,0.1465,8.1,0,147.4,0.4,0.1328,157.3,1.5,0.1237,145.4,18.1,0.0000,231.8,28.4,-0.0366,233.6,-2.5,0,0.0,0.0,0.0000,-1.97,-1.24,1.60,2.18,1,0.1589,-1.314,0.108,24.00,1,147.4,0.4,0.12968,30.1,4.0,0.1315,-0.00417,OK
0.1625,0.1549,7.6,0,148.1,0.5,0.1363,158.6,1.7,0.1237,153.7,19.1,0.0000,233.4,28.5,-0.0506,235.1,-3.5,0,0.0,0.0,0.0000,-2.14,-1.04,1.81,2.46,1,0.1944,-1.589,0.078,25.00,1,148.1,0.5,0.13223,62.0,1.1,0.1744,-0.00383,OK
0.1704,0.1631,7.3,0,149.5,-0.1,0.1402,159.9,1.8,0.1237,161.9,20.1,0.0000,233.2,30.8,-0.0661,235.2,-2.1,0,0.0,0.0,0.0000,-2.20,-1.46,2.72,2.93,1,0.1878,-1.883,0.167,25.00,1,149.4,-0.0,0.13520,122.8,-49.2,0.1922,-0.00404,OK
0.1792,0.1715,7.7,0,149.8,0.7,0.1351,161.3,2.0,0.1237,170.1,21.1,0.0000,236.8,29.1,-0.0459,238.6,-3.0,0,0.0,0.0,0.0000,-1.62,-1.72,3.06,3.31,1,0.1878,-1.883,0.167,25.00,1,149.9,0.6,0.13648,91.7,16.9,0.2113,-0.00432,OK
0.1868,0.1800,6.8,0,150.7,0.8,0.1347,162.8,2.2,0.1237,178.3,22.2,0.0000,238.2,29.4,-0.0440,240.0,-2.8,0,0.0,0.0,0.0000,-2.75,-2.01,2.57,3.53,1,0.1367,-1.736,-0.196,25.00,1,150.7,0.8,0.13718,105.8,7.6,0.1324,-0.00409,OK
0.1948,0.1889,5.8,0,151.7,0.5,0.1331,164.4,2.4,0.1237,186.6,23.2,0.0000,239.8,30.8,-0.0377,241.8,-1.3,0,0.0,0.0,0.0000,-2.49,-2.48,2.98,4.07,1,0.1233,-1.726,-0.020,24.00,1,151.7,0.5,0.13723,109.0,-24.4,0.1298,-0.00418,OK
0.2023,0.1968,5.5,0,152.1,0.6,0.1358,165.9,2.6,0.1237,191.9,23.9,0.0000,243.2,31.1,-0.0485,245.2,-2.1,0,0.0,0.0,0.0000,-3.50,-3.34,3.27,4.30,1,0.1478,-1.638,0.412,24.00,1,152.1,0.6,0.13776,73.6,-2.2,0.1259,-0.00375,OK
0.2105,0.1968,13.7,0,152.1,0.6,0.1358,165.9,2.6,0.1237,191.9,23.9,0.0000,248.1,31.7,-0.0485,250.1,-2.2,0,0.0,0.0,0.0000,-4.19,-3.17,3.53,4.61,1,0.1478,-1.638,0.412,25.00,1,152.7,0.6,0.13853,103.6,-12.8,0.1372,-0.00349,OK
0.2189,0.1968,22.1,0,152.1,0.6,0.1358,165.9,2.6,0.1237,191.9,23.9,0.0000,253.0,32.3,-0.0485,255.1,-2.3,0,0.0,0.0,0.0000,-4.19,-3.43,4.00,4.89,1,0.1100,-1.530,0.216,25.00,1,153.6,0.6,0.13957,115.9,-13.3,0.1118,-0.00346,OK
0.2261,0.1968,29.3,0,152.1,0.6,0.1358,165.9,2.6,0.1237,191.9,23.9,0.0000,257.3,32.8,-0.0485,259.4,-2.3,0,0.0,0.0,0.0000,-4.85,-4.17,4.19,5.73,1,0.0656,-1.785,-0.353,26.00,1,154.5,0.7,0.14022,139.5,-5.6,0.0687,-0.00345,OK
0.2350,0.1968,38.2,0,152.1,0.6,0.1358,165.9,2.6,0.1237,191.9,23.9,0.0000,262.6,33.5,-0.0485,264.8,-2.4,0,0.0,0.0,0.0000,-5.62,-4.67,4.29,5.87,1,0.0422,-2.393,-0.157,25.00,1,155.8,0.8,0.14068,155.5,-4.6,0.0360,-0.00324,OK
0.2422,0.1968,45.4,0,152.1,0.6,0.1358,165.9,2.6,0.1237,191.9,23.9,0.0000,266.9,34.0,-0.0485,269.0,-2.4,0,0.0,0.0,0.0000,-5.63,-4.98,4.59,6.48,1,0.0422,-2.393,-0.157,25.00,1,157.0,1.0,0.14096,169.0,0.3,0.0425,-0.00318,OK
0.2505,0.1968,53.7,0,152.1,0.6,0.1358,165.9,2.6,0.1237,191.9,23.9,0.0000,271.8,34.6,-0.0485,274.0,-2.5,0,0.0,0.0,0.0000,-6.05,-5.35,4.56,6.60,1,-0.0300,-2.138,0.235,24.00,1,158.4,1.2,0.14100,179.1,2.3,-0.0292,-0.00311,OK
0.2588,0.1968,61.9,0,152.1,0.6,0.1358,165.9,2.6,0.1237,191.9,23.9,0.0000,276.8,35.2,-0.0485,279.0,-2.6,0,0.0,0.0,0.0000,-6.59,-5.15,4.82,6.79,1,-0.0800,-0.941,0.883,24.00,1,159.9,1.4,0.14058,187.6,-7.3,-0.0746,-0.00317,OK
0.2669,0.1968,70.1,0,152.1,0.6,0.1358,165.9,2.6,0.1237,191.9,23.9,0.0000,281.6,35.8,-0.0485,283.9,-2.6,0,0.0,0.0,0.0000,-6.81,-6.30,4.90,7.16,1,-0.1011,-1.294,0.206,25.00,1,161.5,1.6,0.13985,207.0,8.1,-0.1013,-0.00307,OK
0.2752,0.1968,78.4,0,152.1,0.6,0.1358,165.9,2.6,0.1237,191.9,23.9,0.0000,286.6,36.5,-0.0485,288.9,-2.7,0,0.0,0.0,0.0000,-7.62,-6.53,5.17,7.66,1,-0.1122,-1.412,0.098,26.00,1,163.3,1.9,0.13893,224.1,6.2,-0.1143,-0.00291,OK
0.2820,0.1968,85.2,0,152.1,0.6,0.1358,165.9,2.6,0.1237,191.9,23.9,0.0000,290.6,37.0,-0.0485,292.9,-2.7,0,0.0,0.0,0.0000,-8.87,-7.05,6.38,8.77,1,-0.1122,-1.412,0.098,25.00,1,165.0,2.1,0.13816,262.1,-4.7,-0.1109,-0.00286,OK
0.2907,0.1968,93.9,0,152.1,0.6,0.1358,165.9,2.6,0.1237,191.9,23.9,0.0000,295.8,37.6,-0.0485,298.1,-2.8,0,0.0,0.0,0.0000,-9.03,-7.28,6.30,9.47,1,-0.1056,-2.638,1.648,25.00,1,167.3,2.5,0.13724,271.7,4.1,-0.1032,-0.00285,OK
0.2993,0.2991,0.2,0,168.9,3.4,0.1287,186.2,5.1,0.1237,198.5,24.7,0.0000,278.7,34.7,-0.0202,280.9,-1.4,0,0.0,0.0,0.0000,-9.43,-7.84,6.45,10.40,1,-0.1378,-2.491,-0.265,24.00,1,168.9,3.4,0.13163,251.3,20.0,-0.2541,-0.00228,OK
0.3065,0.3011,5.4,0,172.2,3.1,0.1317,186.6,5.1,0.1237,198.5,24.7,0.0000,264.3,33.1,-0.0322,266.4,-1.9,0,0.0,0.0,0.0000,-9.60,-7.73,7.19,9.38,1,-0.1044,-1.255,0.696,25.00,1,170.6,3.3,0.13162,455.2,-74.6,-0.1541,-0.00228,OK
0.3150,0.3077,7.3,0,174.0,4.0,0.1236,187.9,5.3,0.1237,198.5,24.7,0.0000,247.7,29.8,0.0003,249.5,-0.9,0,0.0,0.0,0.0000,-9.55,-8.42,7.60,9.03,1,-0.1056,-1.226,1.069,25.00,1,173.8,3.9,0.12864,423.1,13.1,-0.1117,-0.00176,OK
0.3230,0.3154,7.6,0,176.8,4.3,0.1222,189.4,5.5,0.1237,198.5,24.7,0.0000,240.7,28.8,0.0057,242.4,-0.8,0,0.0,0.0,0.0000,-9.47,-7.75,7.71,9.68,1,-0.1056,-1.226,1.069,24.00,1,176.9,4.3,0.12639,406.0,2.8,-0.1040,-0.00156,OK
0.3303,0.3238,6.5,0,179.4,4.0,0.1224,191.1,5.7,0.1237,198.5,24.7,0.0000,237.3,30.1,0.0052,239.2,0.9,0,0.0,0.0,0.0000,-11.13,-9.22,8.27,9.72,1,-0.0822,-1.187,-0.186,25.00,1,179.6,4.1,0.12486,377.9,-43.2,-0.0917,-0.00122,OK
0.3389,0.3323,6.6,0,182.0,4.6,0.1290,192.8,5.9,0.1237,198.5,24.7,0.0000,234.8,29.1,-0.0213,236.6,-1.3,0,0.0,0.0,0.0000,-11.14,-9.42,8.08,10.62,1,-0.0678,-2.530,0.314,25.00,1,182.2,4.6,0.12528,348.9,2.0,-0.0683,-0.00123,OK
0.3463,0.3323,14.0,0,182.0,4.6,0.1290,192.8,5.9,0.1237,198.5,24.7,0.0000,239.2,29.7,-0.0213,241.0,-1.4,0,0.0,0.0,0.0000,-10.79,-9.01,9.03,10.28,1,-0.0967,-0.010,-0.118,24.00,1,184.3,4.8,0.12476,354.5,-19.9,-0.0972,-0.00118,OK
0.3544,0.3488,5.6,0,187.3,4.6,0.1280,196.0,6.3,0.1237,198.5,24.7,0.0000,227.9,30.2,-0.0175,229.9,0.9,0,0.0,0.0,0.0000,-10.73,-8.88,9.52,10.54,1,-0.0967,-0.010,-0.118,24.00,1,187.4,4.6,0.12484,325.8,-42.2,-0.0803,-0.00147,OK
0.3630,0.3575,5.6,0,191.1,5.1,0.1184,197.8,6.5,0.1237,198.5,24.7,0.0000,221.8,29.3,0.0210,223.7,2.9,0,0.0,0.0,0.0000,-11.75,-10.01,9.84,10.62,1,-0.1356,0.628,0.245,25.00,1,191.0,5.1,0.12247,393.8,-4.2,-0.1533,-0.00112,OK
0.3712,0.3665,4.7,0,194.0,4.9,0.1168,199.6,6.8,0.1237,198.5,24.7,0.0000,218.0,30.7,0.0274,220.1,5.1,0,0.0,0.0,0.0000,-12.26,-9.20,10.07,10.63,1,-0.1767,-1.540,1.902,25.00,1,194.1,4.9,0.11996,348.6,-65.9,-0.1981,-0.00090,OK
0.3790,0.3748,4.2,0,196.7,4.6,0.1120,201.2,7.0,0.1237,198.5,24.7,0.0000,214.4,31.9,0.0468,216.7,7.8,0,0.0,0.0,0.0000,-12.16,-9.55,9.78,10.68,1,-0.1867,-1.393,-0.637,25.00,1,196.8,4.7,0.11697,332.5,-66.8,-0.2326,-0.00056,OK
0.3871,0.3827,4.4,0,200.2,4.7,0.1181,202.8,7.2,0.1237,198.5,24.7,0.0000,208.9,32.3,0.0222,211.2,7.4,0,0.0,0.0,0.0000,-12.30,-10.04,9.81,10.44,1,-0.1733,-0.951,0.108,25.00,1,200.0,4.7,0.11608,394.9,-38.6,-0.1619,-0.00051,OK
0.3942,0.3916,2.5,0,202.4,5.1,0.1114,204.5,7.4,0.1237,198.5,24.7,0.0000,206.3,31.7,0.0491,208.5,8.6,0,0.0,0.0,0.0000,-11.90,-9.42,9.24,10.34,1,-0.1733,-0.951,0.108,25.00,1,202.6,5.1,0.11378,287.6,20.7,-0.2193,-0.00026,OK
0.4021,0.3998,2.4,0,206.3,5.1,0.1180,206.2,7.6,0.1237,198.5,24.7,0.0000,199.5,32.3,0.0227,201.9,8.6,0,0.0,0.0,0.0000,-11.94,-10.61,6.45,10.32,1,-0.1744,-0.098,0.794,25.00,1,206.0,5.1,0.11357,418.8,-60.9,-0.1077,0.00002,OK
0.4105,0.3998,10.8,0,206.3,5.1,0.1180,206.2,7.6,0.1237,198.5,24.7,0.0000,204.5,33.0,0.0227,206.9,8.7,0,0.0,0.0,0.0000,-12.24,-10.56,5.95,10.48,1,-0.2022,0.324,-0.333,24.00,1,207.0,5.3,0.11283,352.6,10.4,-0.2221,0.00051,OK
0.4187,0.4164,2.2,0,213.4,4.9,0.1080,209.5,8.0,0.1237,198.5,24.7,0.0000,188.3,34.1,0.0625,190.8,13.6,0,0.0,0.0,0.0000,-11.96,-9.67,7.18,9.79,1,-0.1600,0.941,0.304,25.00,1,213.3,4.9,0.10961,449.3,-95.7,-0.2069,0.00108,OK
0.4263,0.4249,1.4,0,215.5,5.3,0.1056,211.1,8.2,0.1237,198.5,24.7,0.0000,186.3,33.4,0.0722,188.8,13.6,0,0.0,0.0,0.0000,-12.59,-9.71,8.04,10.07,1,-0.1600,0.941,0.304,25.00,1,215.7,5.3,0.10751,285.3,38.2,-0.2187,0.00145,OK
0.4344,0.4332,1.2,0,219.4,5.0,0.1151,212.8,8.4,0.1237,198.5,24.7,0.0000,179.5,34.9,0.0341,182.3,14.0,0,0.0,0.0,0.0000,-11.46,-9.27,9.52,10.37,1,-0.1244,1.765,-0.363,24.00,1,219.3,5.1,0.10893,416.5,-78.8,0.0455,0.00115,OK
0.4420,0.4420,0.1,0,221.6,5.7,0.1219,214.5,8.6,0.1237,198.5,24.7,0.0000,177.4,33.4,0.0069,180.1,11.6,0,0.0,0.0,0.0000,-11.75,-9.21,10.02,10.30,1,-0.1111,-0.412,0.745,24.00,1,221.8,5.6,0.11093,286.6,65.5,0.1829,0.00072,OK
0.4508,0.4502,0.6,0,225.0,5.2,0.1057,216.2,8.8,0.1237,198.5,24.7,0.0000,172.2,35.6,0.0718,175.0,17.2,0,0.0,0.0,0.0000,-10.44,-9.43,9.04,10.69,1,-0.0933,-1.353,-0.441,25.00,1,225.0,5.3,0.10847,368.8,-109.2,-0.1630,0.00080,OK
0.4585,0.4502,8.4,0,225.0,5.2,0.1057,216.2,8.8,0.1237,198.5,24.7,0.0000,176.8,36.2,0.0718,179.6,17.3,0,0.0,0.0,0.0000,-10.80,-8.27,8.76,9.64,1,-0.0933,-1.353,-0.441,25.00,1,225.1,5.3,0.10862,339.0,-54.9,-0.0979,0.00090,OK
0.4665,0.4589,7.7,0,228.1,5.1,0.1063,217.9,9.0,0.1237,198.5,24.7,0.0000,172.4,37.2,0.0695,175.3,18.7,0,0.0,0.0,0.0000,-9.59,-8.13,8.04,9.60,1,-0.0600,2.020,-1.775,25.00,1,228.0,5.1,0.10764,331.0,-43.8,-0.0621,0.00098,OK
0.4743,0.4670,7.3,0,230.7,5.5,0.0974,219.5,9.2,0.1237,198.5,24.7,0.0000,169.1,36.5,0.1051,171.8,19.9,0,0.0,0.0,0.0000,-9.80,-7.67,8.70,9.20,1,0.0056,2.403,1.863,26.00,1,230.7,5.4,0.10553,333.6,-28.8,-0.0029,0.00146,OK
0.4829,0.4776,5.3,0,233.8,5.5,0.1168,221.6,9.5,0.1237,198.5,24.7,0.0000,165.1,37.2,0.0276,168.4,17.7,0,0.0,0.0,0.0000,-9.38,-7.56,7.98,9.09,1,0.0011,1.344,-0.186,26.00,1,233.8,5.5,0.10764,297.8,-21.6,0.0288,0.00111,OK
0.4902,0.4776,12.6,0,233.8,5.5,0.1168,221.6,9.5,0.1237,198.5,24.7,0.0000,169.5,37.7,0.0276,172.7,17.7,0,0.0,0.0,0.0000,-8.92,-8.01,7.24,9.52,1,0.0011,1.344,-0.186,25.00,1,235.2,5.6,0.10765,300.7,1.1,-0.0042,0.00121,OK
0.4981,0.4927,5.4,0,239.3,5.8,0.1175,224.6,9.9,0.1237,198.5,24.7,0.0000,157.6,37.3,0.0246,160.9,18.5,0,0.0,0.0,0.0000,-9.14,-6.85,6.73,9.39,1,0.0133,-0.186,-1.079,25.00,1,239.1,5.8,0.10961,330.9,-17.0,0.0332,0.00090,OK
0.5068,0.4995,7.3,0,241.5,5.9,0.1133,225.9,10.0,0.1237,198.5,24.7,0.0000,156.2,37.5,0.0413,159.4,19.6,0,0.0,0.0,0.0000,-8.08,-6.79,6.94,8.88,1,0.1244,1.844,0.696,24.00,1,241.4,5.9,0.11082,319.7,-13.3,0.1181,0.00091,OK
0.5143,0.5121,2.2,0,243.8,6.6,0.1091,228.4,10.4,0.1237,198.5,24.7,0.0000,153.9,36.2,0.0584,156.9,19.2,0,0.0,0.0,0.0000,-7.44,-6.49,6.24,8.32,1,0.1989,3.628,-0.059,25.00,1,244.0,6.5,0.11210,186.6,36.8,0.1420,0.00132,OK
0.5221,0.5179,4.3,0,247.1,6.2,0.1159,229.6,10.5,0.1237,198.5,24.7,0.0000,148.6,37.8,0.0312,151.9,20.3,0,0.0,0.0,0.0000,-6.70,-6.55,6.13,8.60,1,0.2300,1.795,-1.079,25.00,1,246.5,6.4,0.11390,353.5,-69.0,0.2295,0.00142,OK
0.5312,0.5265,4.7,0,248.8,6.3,0.1178,231.3,10.7,0.1237,198.5,24.7,0.0000,148.7,38.2,0.0234,152.2,20.5,0,0.0,0.0,0.0000,-5.93,-5.94,6.22,8.35,1,0.2300,1.795,-1.079,25.00,1,248.9,6.3,0.11623,269.9,-29.3,0.2371,0.00133,OK
0.5388,0.5346,4.2,0,251.2,6.1,0.1170,232.9,10.9,0.1237,198.5,24.7,0.0000,146.2,39.4,0.0267,149.8,22.0,0,0.0,0.0,0.0000,-5.87,-5.18,6.06,8.01,1,0.2800,-0.628,0.098,25.00,1,251.1,6.1,0.11818,268.7,-55.3,0.2691,0.00141,OK
0.5464,0.5453,1.1,0,252.4,6.9,0.1280,235.0,11.2,0.1237,198.5,24.7,0.0000,147.1,37.4,-0.0174,150.7,18.3,0,0.0,0.0,0.0000,-5.51,-4.67,5.76,6.84,1,0.3067,1.157,0.392,25.00,1,252.6,6.9,0.12290,131.5,94.3,0.4006,0.00129,OK
0.5544,0.5520,2.5,0,254.2,6.9,0.1271,236.4,11.3,0.1237,198.5,24.7,0.0000,146.4,38.1,-0.0139,150.1,19.2,0,0.0,0.0,0.0000,-5.19,-4.32,5.14,6.52,1,0.2722,3.501,-0.186,24.00,1,254.1,6.9,0.12486,209.5,-16.1,0.2895,0.00126,OK
0.5633,0.5604,2.8,0,255.8,7.4,0.1297,238.0,11.5,0.1237,198.5,24.7,0.0000,147.0,37.3,-0.0241,150.6,18.0,0,0.0,0.0,0.0000,-4.88,-4.19,4.96,6.67,1,0.2722,3.501,-0.186,25.00,1,255.7,7.4,0.12760,198.5,34.2,0.2891,0.00124,OK
0.5706,0.5684,2.2,0,256.8,7.5,0.1350,239.6,11.7,0.1237,198.5,24.7,0.0000,148.4,37.7,-0.0454,152.1,17.3,0,0.0,0.0,0.0000,-5.08,-4.52,4.73,6.09,1,0.2356,1.618,0.186,25.00,1,256.9,7.5,0.13040,144.5,-11.9,0.2834,0.00124,OK
0.5789,0.5684,10.5,0,256.8,7.5,0.1350,239.6,11.7,0.1237,198.5,24.7,0.0000,153.3,38.3,-0.0454,157.0,17.3,0,0.0,0.0,0.0000,-4.35,-3.71,4.62,5.80,1,0.1978,0.549,0.785,25.00,1,257.3,7.6,0.13078,156.3,1.2,0.1991,0.00121,OK
0.5869,0.5857,1.3,0,260.8,7.4,0.1311,243.0,12.2,0.1237,198.5,24.7,0.0000,145.9,38.9,-0.0295,149.7,19.5,0,0.0,0.0,0.0000,-3.83,-3.34,4.32,5.14,1,0.1867,2.550,-0.284,25.00,1,260.7,7.5,0.13299,232.9,-45.9,0.1507,0.00127,OK
0.5942,0.5940,0.2,0,261.8,7.5,0.1318,244.7,12.4,0.1237,198.5,24.7,0.0000,147.4,39.2,-0.0326,151.3,19.5,0,0.0,0.0,0.0000,-3.85,-3.01,3.77,4.76,1,0.1811,2.726,-0.275,24.00,1,261.8,7.5,0.13380,143.1,-8.2,0.1219,0.00146,OK
0.6022,0.6021,0.0,0,262.3,7.7,0.1329,246.3,12.6,0.1237,198.5,24.7,0.0000,150.5,39.2,-0.0368,154.4,18.9,0,0.0,0.0,0.0000,-3.42,-3.27,3.24,4.09,1,0.1811,2.726,-0.275,25.00,1,262.5,7.7,0.13458,73.9,18.3,0.1097,0.00191,OK
0.6105,0.6021,8.3,0,262.3,7.7,0.1329,246.3,12.6,0.1237,198.5,24.7,0.0000,155.4,39.8,-0.0368,159.3,18.8,0,0.0,0.0,0.0000,-2.94,-3.09,2.95,3.63,1,0.1367,0.785,-0.137,25.00,1,262.6,7.7,0.13464,113.9,1.5,0.1157,0.00223,OK
0.6187,0.6176,1.1,0,263.2,7.9,0.1322,249.4,13.0,0.1237,198.5,24.7,0.0000,157.9,40.0,-0.0343,161.8,18.8,0,0.0,0.0,0.0000,-2.65,-2.51,2.81,3.42,1,0.0989,0.804,-0.000,25.00,1,263.3,7.9,0.13517,31.8,2.6,0.0349,0.00238,OK
0.6269,0.6216,5.3,0,264.8,7.8,0.1307,250.2,13.1,0.1237,198.5,24.7,0.0000,157.7,40.7,-0.0283,161.6,19.8,0,0.0,0.0,0.0000,-2.38,-2.27,1.99,2.99,1,0.0711,2.226,-0.049,25.00,1,264.3,7.9,0.13457,122.8,-13.5,0.0463,0.00274,OK
0.6349,0.6284,6.5,0,266.2,7.9,0.1381,251.5,13.2,0.1237,198.5,24.7,0.0000,158.3,41.2,-0.0576,162.4,19.0,0,0.0,0.0,0.0000,-1.97,-2.34,1.74,2.69,1,0.0300,1.736,0.049,25.00,1,265.8,7.9,0.13536,144.2,-12.4,0.0275,0.00269,OK
0.6421,0.6364,5.7,0,266.6,8.0,0.1322,253.1,13.4,0.1237,198.5,24.7,0.0000,161.3,41.5,-0.0341,165.3,19.8,0,0.0,0.0,0.0000,-1.68,-2.09,1.32,2.43,1,0.0300,1.736,0.049,25.00,1,266.7,8.0,0.13495,115.5,-5.2,0.0154,0.00289,OK
0.6506,0.6463,4.3,0,267.0,8.1,0.1357,255.1,13.7,0.1237,198.5,24.7,0.0000,165.4,41.6,-0.0479,169.5,18.9,0,0.0,0.0,0.0000,-1.11,-1.85,1.07,2.14,1,-0.0233,0.863,-0.078,24.00,1,267.1,8.1,0.13505,57.7,7.0,-0.0062,0.00254,OK
0.6588,0.6532,5.6,0,267.4,8.4,0.1358,256.5,13.8,0.1237,198.5,24.7,0.0000,168.9,41.3,-0.0486,172.9,18.1,0,0.0,0.0,0.0000,-1.21,-1.52,0.78,1.83,1,-0.0811,1.049,0.039,25.00,1,267.5,8.4,0.13489,61.2,21.8,-0.0574,0.00201,OK
0.6670,0.6624,4.6,0,267.5,8.6,0.1325,258.3,14.1,0.1237,198.5,24.7,0.0000,173.4,41.5,-0.0354,177.4,18.2,0,0.0,0.0,0.0000,-1.04,-1.44,0.36,1.32,1,-0.1344,0.883,0.196,25.00,1,267.7,8.6,0.13367,28.3,16.8,-0.1217,0.00155,OK
0.6746,0.6702,4.3,0,267.7,8.9,0.1301,259.8,14.3,0.1237,198.5,24.7,0.0000,177.5,41.2,-0.0257,181.3,17.8,0,0.0,0.0,0.0000,-1.07,-1.93,0.05,0.83,1,-0.1344,0.883,0.196,25.00,1,267.7,8.8,0.13199,22.4,32.0,-0.1703,0.00220,OK
0.6828,0.6806,2.2,0,267.6,9.8,0.1273,261.9,14.5,0.1237,198.5,24.7,0.0000,182.7,39.0,-0.0147,186.2,15.5,0,0.0,0.0,0.0000,-1.21,-1.89,-0.11,1.36,1,-0.1778,0.304,0.177,25.00,1,267.7,9.7,0.12954,6.3,102.1,-0.2127,0.00219,OK
0.6911,0.6882,2.9,0,267.8,9.1,0.1291,263.4,14.7,0.1237,198.5,24.7,0.0000,186.9,41.8,-0.0219,190.8,17.3,0,0.0,0.0,0.0000,-0.74,-1.65,0.01,0.79,1,-0.2100,0.039,0.294,25.00,1,267.8,9.2,0.12832,0.1,-94.0,-0.1826,0.00163,OK
0.6988,0.6963,2.5,0,267.9,9.9,0.1254,265.0,14.9,0.1237,198.5,24.7,0.0000,191.4,39.7,-0.0069,194.8,15.5,0,0.0,0.0,0.0000,-0.73,-1.67,-0.04,0.28,1,-0.2467,0.020,0.255,24.00,1,267.9,9.8,0.12616,22.1,98.7,-0.2474,0.00135,OK
0.7063,0.7030,3.3,0,268.1,10.2,0.1213,266.3,15.1,0.1237,198.5,24.7,0.0000,195.2,39.5,0.0094,198.6,15.5,0,0.0,0.0,0.0000,-1.15,-1.57,-0.57,0.15,1,-0.2789,-0.392,0.147,25.00,1,268.0,10.2,0.12360,25.8,52.5,-0.3168,0.00171,OK
0.7146,0.7030,11.6,0,268.1,10.2,0.1213,266.3,15.1,0.1237,198.5,24.7,0.0000,200.2,40.1,0.0094,203.6,15.5,0,0.0,0.0,0.0000,-1.51,-1.73,-0.50,0.16,1,-0.2789,-0.392,0.147,25.00,1,268.1,10.3,0.12252,22.5,37.4,-0.3035,0.00232,OK
0.7222,0.7200,2.2,0,268.4,10.6,0.1239,269.7,15.5,0.1237,198.5,24.7,0.0000,203.7,39.6,-0.0011,207.0,14.1,0,0.0,0.0,0.0000,-1.48,-1.58,-0.50,0.15,1,-0.2900,-0.490,0.088,25.00,1,268.4,10.6,0.11977,25.0,11.5,-0.2336,0.00250,OK
0.7305,0.7200,10.5,0,268.4,10.6,0.1239,269.7,15.5,0.1237,198.5,24.7,0.0000,208.6,40.2,-0.0011,212.0,14.1,0,0.0,0.0,0.0000,-1.41,-1.74,-0.61,0.72,1,-0.2700,-0.343,0.098,25.00,1,268.5,10.7,0.11902,28.8,29.1,-0.2778,0.00262,OK
0.7392,0.7200,19.2,0,268.4,10.6,0.1239,269.7,15.5,0.1237,198.5,24.7,0.0000,213.8,40.8,-0.0011,217.2,14.1,0,0.0,0.0,0.0000,-1.21,-1.89,-0.29,0.67,1,-0.2333,-0.500,0.147,24.00,1,268.7,10.9,0.11677,30.2,27.5,-0.2429,0.00276,OK
0.7471,0.7200,27.1,0,268.4,10.6,0.1239,269.7,15.5,0.1237,198.5,24.7,0.0000,218.5,41.4,-0.0011,221.9,14.1,0,0.0,0.0,0.0000,-1.49,-2.08,-0.20,0.64,1,-0.2333,-0.500,0.147,25.00,1,268.9,11.2,0.11482,34.7,24.7,-0.2570,0.00317,OK
0.7548,0.7200,34.8,0,268.4,10.6,0.1239,269.7,15.5,0.1237,198.5,24.7,0.0000,223.1,42.0,-0.0011,226.6,14.1,0,0.0,0.0,0.0000,-2.05,-2.13,0.38,1.16,1,-0.1900,-0.647,0.118,25.00,1,269.2,11.4,0.11302,50.1,18.4,-0.2145,0.00357,OK
0.7627,0.7200,42.7,0,268.4,10.6,0.1239,269.7,15.5,0.1237,198.5,24.7,0.0000,227.8,42.6,-0.0011,231.3,14.1,0,0.0,0.0,0.0000,-1.90,-1.77,0.62,1.16,1,-0.1544,-0.765,0.088,25.00,1,269.6,11.5,0.11152,48.2,12.6,-0.1687,0.00375,OK
0.7703,0.7200,50.3,0,268.4,10.6,0.1239,269.7,15.5,0.1237,198.5,24.7,0.0000,232.3,43.1,-0.0011,235.9,14.1,0,0.0,0.0,0.0000,-2.05,-2.71,0.30,1.54,1,-0.1378,-0.941,-0.049,24.00,1,270.0,11.7,0.11021,57.5,28.5,-0.1826,0.00449,OK
0.7792,0.7200,59.2,0,268.4,10.6,0.1239,269.7,15.5,0.1237,198.5,24.7,0.0000,237.6,43.8,-0.0011,241.2,14.1,0,0.0,0.0,0.0000,-1.74,-1.87,1.05,1.72,1,-0.1222,-1.294,-0.118,25.00,1,270.5,12.0,0.10889,57.1,14.3,-0.1122,0.00423,OK
0.7872,0.7200,67.2,0,268.4,10.6,0.1239,269.7,15.5,0.1237,198.5,24.7,0.0000,242.4,44.4,-0.0011,246.0,14.1,0,0.0,0.0,0.0000,-2.24,-2.53,1.08,2.44,1,-0.1222,-1.294,-0.118,25.00,1,271.0,12.2,0.10795,74.4,23.2,-0.1236,0.00418,OK
0.7952,0.7200,75.2,0,268.4,10.6,0.1239,269.7,15.5,0.1237,198.5,24.7,0.0000,247.1,45.0,-0.0011,250.8,14.1,0,0.0,0.0,0.0000,-2.75,-2.76,1.42,2.18,1,-0.0756,-1.461,-0.265,25.00,1,271.6,12.4,0.10701,80.9,14.6,-0.1126,0.00475,OK
0.8029,0.7200,82.9,0,268.4,10.6,0.1239,269.7,15.5,0.1237,198.5,24.7,0.0000,251.7,45.5,-0.0011,255.4,14.1,0,0.0,0.0,0.0000,-2.13,-2.71,1.97,2.69,1,0.0067,-1.304,-0.127,25.00,1,272.2,12.6,0.10657,85.0,18.3,-0.0028,0.00482,OK
0.8102,0.7200,90.2,0,268.4,10.6,0.1239,269.7,15.5,0.1237,198.5,24.7,0.0000,256.1,46.1,-0.0011,259.8,14.1,0,0.0,0.0,0.0000,-2.43,-2.87,2.18,3.43,1,0.0989,-1.196,0.127,24.00,1,272.9,12.8,0.10682,98.4,22.9,0.0770,0.00512,OK
0.8190,0.7200,99.0,0,268.4,10.6,0.1239,269.7,15.5,0.1237,198.5,24.7,0.0000,261.3,46.7,-0.0011,265.1,14.1,0,0.0,0.0,0.0000,-2.88,-3.63,2.56,3.80,1,0.0989,-1.196,0.127,24.00,1,273.8,13.1,0.10740,115.9,25.7,0.0695,0.00558,OK
0.8269,0.8233,3.5,0,274.5,12.6,0.1227,290.2,18.0,0.1237,198.5,24.7,0.0000,247.8,41.1,0.0039,251.0,10.5,0,0.0,0.0,0.0000,-3.53,-3.41,2.60,4.92,1,0.1311,-1.559,0.020,24.00,1,274.5,12.6,0.11478,119.4,17.1,0.1854,0.00515,OK
0.8351,0.8308,4.3,0,274.7,13.2,0.1240,291.7,18.2,0.1237,198.5,24.7,0.0000,252.0,39.9,-0.0015,255.0,8.4,0,0.0,0.0,0.0000,-3.58,-3.51,3.25,5.38,1,0.1433,-1.971,-0.382,25.00,1,274.9,13.2,0.11830,87.9,62.7,0.1729,0.00485,OK
0.8423,0.8391,3.2,0,275.4,13.9,0.1218,293.3,18.4,0.1237,198.5,24.7,0.0000,254.1,38.6,0.0073,256.9,7.4,0,0.0,0.0,0.0000,-3.86,-3.93,3.87,5.51,1,0.1689,-1.226,0.598,25.00,1,275.5,13.8,0.12019,89.8,70.0,0.1776,0.00483,OK
0.8502,0.8478,2.4,0,277.2,14.2,0.1172,295.1,18.6,0.1237,198.5,24.7,0.0000,253.5,38.2,0.0260,256.2,8.3,0,0.0,0.0,0.0000,-4.07,-4.29,4.39,6.27,1,0.2056,-0.971,0.196,25.00,1,277.0,14.2,0.12081,175.0,15.0,0.1526,0.00495,OK
0.8588,0.8563,2.5,0,278.7,14.3,0.1194,296.8,18.8,0.1237,198.5,24.7,0.0000,254.2,38.5,0.0172,257.0,7.9,0,0.0,0.0,0.0000,-4.50,-4.85,4.32,6.36,1,0.2056,-0.971,0.196,24.00,1,278.6,14.4,0.12176,179.4,-13.3,0.1599,0.00521,OK
0.8668,0.8645,2.3,0,280.3,14.1,0.1224,298.4,19.0,0.1237,198.5,24.7,0.0000,254.1,39.8,0.0050,257.0,8.5,0,0.0,0.0,0.0000,-5.76,-5.33,5.16,4.76,1,0.2044,-2.187,-0.490,25.00,1,280.2,14.1,0.12258,193.3,-64.5,0.1132,0.00608,OK
0.8750,0.8728,2.2,0,281.8,14.5,0.1259,300.0,19.2,0.1237,198.5,24.7,0.0000,254.6,39.1,-0.0088,257.4,6.8,0,0.0,0.0,0.0000,-6.06,-5.30,5.60,4.50,1,0.2222,-3.109,0.098,26.00,1,281.8,14.4,0.12409,191.8,30.4,0.1518,0.00687,OK
0.8830,0.8813,1.7,0,283.0,15.1,0.1278,301.7,19.5,0.1237,198.5,24.7,0.0000,255.8,38.0,-0.0165,258.5,5.1,0,0.0,0.0,0.0000,-6.12,-5.84,5.19,6.34,1,0.1722,-1.677,-0.422,24.00,1,283.1,15.0,0.12576,161.1,59.7,0.1693,0.00735,OK
0.8908,0.8813,9.6,0,283.0,15.1,0.1278,301.7,19.5,0.1237,198.5,24.7,0.0000,260.5,38.6,-0.0165,263.3,5.0,0,0.0,0.0,0.0000,-6.45,-6.17,5.24,7.41,1,0.1722,-1.677,-0.422,25.00,1,283.4,15.1,0.12595,205.2,40.4,0.1478,0.00766,OK
0.8989,0.8919,7.1,0,286.2,15.8,0.1349,303.8,19.7,0.1237,198.5,24.7,0.0000,255.6,37.0,-0.0449,258.2,2.3,0,0.0,0.0,0.0000,-6.83,-6.84,6.24,8.26,1,0.1278,0.422,0.765,24.00,1,286.0,15.8,0.12865,266.4,35.7,0.1198,0.00752,OK
0.9067,0.9015,5.2,0,287.6,15.7,0.1307,305.7,20.0,0.1237,198.5,24.7,0.0000,256.0,37.9,-0.0283,258.7,4.2,0,0.0,0.0,0.0000,-7.16,-7.34,6.05,9.42,1,0.0733,-1.677,1.236,25.00,1,287.8,15.8,0.12969,223.7,-7.0,0.0707,0.00747,OK
0.9148,0.9094,5.4,0,289.0,17.0,0.1351,307.3,20.2,0.1237,198.5,24.7,0.0000,256.5,34.6,-0.0458,258.8,-0.2,0,0.0,0.0,0.0000,-7.96,-7.67,6.29,10.18,1,0.0756,-3.334,1.206,25.00,1,289.3,16.8,0.13115,228.2,79.8,0.0802,0.00736,OK
0.9226,0.9150,7.6,0,290.9,17.6,0.1275,308.4,20.3,0.1237,198.5,24.7,0.0000,255.5,33.4,-0.0155,257.7,0.7,0,0.0,0.0,0.0000,-6.55,-7.97,6.20,9.39,1,0.0756,-3.334,1.206,25.00,1,290.8,17.5,0.13084,240.5,74.6,0.0708,0.00740,OK
0.9306,0.9249,5.7,0,294.0,17.8,0.1321,310.4,20.5,0.1237,198.5,24.7,0.0000,251.0,33.2,-0.0338,253.2,-0.1,0,0.0,0.0,0.0000,-7.01,-7.93,6.32,9.34,1,0.1267,-0.039,-0.755,25.00,1,293.8,17.9,0.13189,285.2,16.8,0.1171,0.00744,OK
0.9384,0.9321,6.3,0,295.6,18.5,0.1269,311.8,20.7,0.1237,198.5,24.7,0.0000,251.0,31.7,-0.0128,253.0,-0.3,0,0.0,0.0,0.0000,-7.59,-8.24,7.23,9.41,1,0.1200,0.765,-0.441,25.00,1,295.6,18.5,0.13163,286.0,30.8,0.1027,0.00765,OK
0.9468,0.9321,14.7,0,295.6,18.5,0.1269,311.8,20.7,0.1237,198.5,24.7,0.0000,256.0,32.3,-0.0128,258.0,-0.3,0,0.0,0.0,0.0000,-8.35,-8.18,7.62,10.14,1,0.1256,-2.373,1.481,26.00,1,297.6,18.9,0.13237,304.3,22.5,0.1162,0.00768,OK
0.9547,0.9321,22.6,0,295.6,18.5,0.1269,311.8,20.7,0.1237,198.5,24.7,0.0000,260.6,32.9,-0.0128,262.7,-0.3,0,0.0,0.0,0.0000,-8.93,-8.51,7.85,10.44,1,0.1267,-3.207,0.471,25.00,1,300.0,19.4,0.13328,318.2,21.3,0.1146,0.00776,OK
0.9630,0.9321,30.9,0,295.6,18.5,0.1269,311.8,20.7,0.1237,198.5,24.7,0.0000,265.6,33.5,-0.0128,267.7,-0.3,0,0.0,0.0,0.0000,-8.72,-7.81,7.16,9.78,1,0.1267,-3.207,0.471,25.00,1,302.5,19.9,0.13421,298.5,18.3,0.1107,0.00790,OK
0.9704,0.9321,38.3,0,295.6,18.5,0.1269,311.8,20.7,0.1237,198.5,24.7,0.0000,270.0,34.1,-0.0128,272.1,-0.4,0,0.0,0.0,0.0000,-8.66,-8.39,8.18,9.54,1,0.1722,0.510,0.304,24.00,1,304.7,20.3,0.13518,311.7,11.3,0.1547,0.00806,OK
0.9788,0.9321,46.7,0,295.6,18.5,0.1269,311.8,20.7,0.1237,198.5,24.7,0.0000,275.0,34.7,-0.0128,277.2,-0.4,0,0.0,0.0,0.0000,-8.81,-8.58,8.10,10.17,1,0.1756,1.245,-0.343,24.00,1,307.4,20.8,0.13650,320.9,18.5,0.1603,0.00819,OK
0.9866,0.9321,54.5,0,295.6,18.5,0.1269,311.8,20.7,0.1237,198.5,24.7,0.0000,279.7,35.3,-0.0128,281.9,-0.4,0,0.0,0.0,0.0000,-7.90,-9.09,8.50,10.44,1,0.1556,-2.589,0.892,24.00,1,309.8,21.3,0.13773,322.3,30.1,0.1511,0.00812,OK
0.9942,0.9321,62.1,0,295.6,18.5,0.1269,311.8,20.7,0.1237,198.5,24.7,0.0000,284.2,35.8,-0.0128,286.5,-0.4,0,0.0,0.0,0.0000,-5.20,-8.00,8.07,10.81,1,0.1289,-1.500,0.029,25.00,1,312.0,22.0,0.13903,274.2,57.6,0.1819,0.00752,OK
1.0029,0.9321,70.8,0,295.6,18.5,0.1269,311.8,20.7,0.1237,198.5,24.7,0.0000,289.4,36.5,-0.0128,291.7,-0.4,0,0.0,0.0,0.0000,-6.21,-8.10,8.25,10.10,1,0.1289,-1.500,0.029,25.00,1,314.4,22.7,0.14049,287.9,37.9,0.1476,0.00712,OK
1.0106,0.9321,78.5,0,295.6,18.5,0.1269,311.8,20.7,0.1237,198.5,24.7,0.0000,294.0,37.1,-0.0128,296.3,-0.4,0,0.0,0.0,0.0000,-7.85,-8.62,8.79,9.99,1,0.1244,2.815,1.020,25.00,1,316.7,23.3,0.14155,317.4,18.0,0.1241,0.00701,OK
1.0184,0.9321,86.3,0,295.6,18.5,0.1269,311.8,20.7,0.1237,198.5,24.7,0.0000,298.6,37.6,-0.0128,300.9,-0.5,0,0.0,0.0,0.0000,-10.17,-9.12,9.59,10.73,1,0.0944,-0.520,0.873,26.00,1,319.3,23.7,0.14235,359.6,-2.6,0.0844,0.00707,OK
1.0274,0.9321,95.3,0,295.6,18.5,0.1269,311.8,20.7,0.1237,198.5,24.7,0.0000,303.9,38.3,-0.0128,306.3,-0.5,0,0.0,0.0,0.0000,-10.25,-9.13,9.64,10.89,1,0.0656,-3.050,0.363,25.00,1,322.5,24.1,0.14298,363.1,-3.5,0.0576,0.00708,OK
1.0342,1.0319,2.4,0,320.5,21.1,0.1413,331.6,23.2,0.1237,198.5,24.7,0.0000,290.3,36.9,-0.0705,292.6,-4.4,0,0.0,0.0,0.0000,-10.06,-8.77,8.96,10.53,1,0.0656,-3.050,0.363,25.00,1,320.6,21.1,0.14266,269.5,-33.4,0.0351,0.00729,OK
1.0428,1.0319,10.9,0,320.5,21.1,0.1413,331.6,23.2,0.1237,198.5,24.7,0.0000,273.3,35.2,-0.0705,275.6,-3.6,0,0.0,0.0,0.0000,-9.76,-8.35,9.43,10.49,1,0.1100,1.255,-0.814,25.00,1,321.4,21.1,0.14300,279.7,-35.9,0.1022,0.00730,OK
1.0510,1.0319,19.2,0,320.5,21.1,0.1413,331.6,23.2,0.1237,198.5,24.7,0.0000,256.9,33.6,-0.0705,259.1,-2.9,0,0.0,0.0,0.0000,-10.02,-8.54,9.09,10.25,1,0.1111,2.108,0.098,25.00,1,323.7,21.2,0.14383,284.2,-31.5,0.1004,0.00736,OK
1.0585,1.0319,26.7,0,320.5,21.1,0.1413,331.6,23.2,0.1237,198.5,24.7,0.0000,247.6,32.8,-0.0705,249.8,-2.4,0,0.0,0.0,0.0000,-10.21,-9.18,9.49,10.74,1,0.0589,-0.843,1.049,24.00,1,325.9,21.3,0.14439,304.1,-26.1,0.0506,0.00738,OK
1.0669,1.0319,35.0,0,320.5,21.1,0.1413,331.6,23.2,0.1237,198.5,24.7,0.0000,252.6,33.5,-0.0705,254.7,-2.4,0,0.0,0.0,0.0000,-9.92,-8.43,9.34,10.88,1,0.0156,-2.491,0.127,25.00,1,328.5,21.4,0.14466,299.0,-30.2,0.0120,0.00732,OK
1.0742,1.0319,42.3,0,320.5,21.1,0.1413,331.6,23.2,0.1237,198.5,24.7,0.0000,256.9,34.0,-0.0705,259.1,-2.5,0,0.0,0.0,0.0000,-10.25,-8.49,8.78,10.51,1,0.0156,-2.491,0.127,26.00,1,330.6,21.5,0.14472,298.4,-26.2,0.0073,0.00733,OK
1.0831,1.0319,51.2,0,320.5,21.1,0.1413,331.6,23.2,0.1237,198.5,24.7,0.0000,262.2,34.7,-0.0705,264.5,-2.6,0,0.0,0.0,0.0000,-9.97,-8.63,9.18,10.27,1,-0.0144,0.490,-1.010,24.00,1,333.3,21.7,0.14467,303.4,-28.2,-0.0205,0.00731,OK
1.0912,1.0319,59.3,0,320.5,21.1,0.1413,331.6,23.2,0.1237,198.5,24.7,0.0000,267.0,35.3,-0.0705,269.3,-2.7,0,0.0,0.0,0.0000,-10.13,-7.98,9.27,9.46,1,-0.0622,1.981,1.598,24.00,1,335.8,21.7,0.14431,296.4,-44.9,-0.0681,0.00730,OK
1.1028,1.0319,70.9,0,320.5,21.1,0.1413,331.6,23.2,0.1237,198.5,24.7,0.0000,273.9,36.1,-0.0705,276.3,-2.8,0,0.0,0.0,0.0000,-10.09,-8.60,8.80,9.47,1,-0.1156,0.559,-0.039,24.00,1,339.3,21.8,0.14320,302.3,-31.0,-0.1228,0.00730,OK
1.1062,1.0319,74.4,0,320.5,21.1,0.1413,331.6,23.2,0.1237,198.5,24.7,0.0000,276.0,36.4,-0.0705,278.4,-2.9,0,0.0,0.0,0.0000,-10.82,-9.42,8.20,9.54,1,-0.1156,0.559,-0.039,26.00,1,340.3,21.9,0.14274,310.5,-17.8,-0.1312,0.00744,OK
1.1146,1.0319,82.8,0,320.5,21.1,0.1413,331.6,23.2,0.1237,198.5,24.7,0.0000,281.0,37.0,-0.0705,283.4,-2.9,0,0.0,0.0,0.0000,-10.16,-8.72,8.03,8.89,1,-0.1867,-1.559,-0.834,24.00,1,342.9,22.1,0.14134,295.7,-25.3,-0.1975,0.00751,OK
1.1230,1.0319,91.2,0,320.5,21.1,0.1413,331.6,23.2,0.1237,198.5,24.7,0.0000,286.0,37.6,-0.0705,288.5,-3.0,0,0.0,0.0,0.0000,-9.72,-8.32,7.93,8.55,1,-0.1900,0.147,0.520,25.00,1,345.3,22.2,0.13967,287.4,-27.3,-0.1995,0.00754,OK
1.1307,1.0319,98.8,0,320.5,21.1,0.1413,331.6,23.2,0.1237,198.5,24.7,0.0000,290.6,38.2,-0.0705,293.0,-3.1,0,0.0,0.0,0.0000,-9.92,-8.53,8.17,8.49,1,-0.2089,3.305,-1.069,25.00,1,347.6,22.3,0.13806,294.8,-30.0,-0.2190,0.00759,OK
1.1391,1.1374,1.6,0,356.1,25.2,0.1346,352.6,25.8,0.1237,198.5,24.7,0.0000,273.9,36.3,-0.0437,276.3,-0.8,0,0.0,0.0,0.0000,-10.10,-8.96,7.86,8.87,1,-0.2533,0.226,1.471,25.00,1,356.1,25.2,0.13449,350.0,2.8,-0.2606,0.00760,OK
1.1468,1.1374,9.4,0,356.1,25.2,0.1346,352.6,25.8,0.1237,198.5,24.7,0.0000,258.5,34.5,-0.0437,260.8,-0.5,0,0.0,0.0,0.0000,-10.25,-8.71,7.41,8.62,1,-0.2533,0.226,1.471,25.00,1,356.6,25.3,0.13411,337.1,0.6,-0.2671,0.00770,OK
1.1540,1.1374,16.6,0,356.1,25.2,0.1346,352.6,25.8,0.1237,198.5,24.7,0.0000,244.2,32.8,-0.0437,246.4,-0.2,0,0.0,0.0,0.0000,-10.41,-7.81,7.01,8.47,1,-0.2844,-1.775,1.079,25.00,1,358.9,25.6,0.13208,323.9,-7.3,-0.2948,0.00775,OK
1.1624,1.1374,24.9,0,356.1,25.2,0.1346,352.6,25.8,0.1237,198.5,24.7,0.0000,227.5,31.0,-0.0437,229.6,0.1,0,0.0,0.0,0.0000,-9.10,-7.20,7.18,8.37,1,-0.2867,1.677,0.333,26.00,1,361.6,25.9,0.12968,309.0,-10.7,-0.2832,0.00757,OK
1.1707,1.1374,33.2,0,356.1,25.2,0.1346,352.6,25.8,0.1237,198.5,24.7,0.0000,211.1,29.1,-0.0437,213.1,0.6,0,0.0,0.0,0.0000,-9.29,-4.81,6.81,7.74,1,-0.2867,1.677,0.333,24.00,1,364.0,25.9,0.12739,273.5,-49.1,-0.2749,0.00726,OK
1.1791,1.1374,41.7,0,356.1,25.2,0.1346,352.6,25.8,0.1237,198.5,24.7,0.0000,212.6,29.4,-0.0437,214.6,0.6,0,0.0,0.0,0.0000,-10.05,-4.96,6.99,8.08,1,-0.2711,1.961,-0.422,25.00,1,366.4,25.8,0.12513,283.1,-52.8,-0.2652,0.00706,OK
1.1869,1.1374,49.4,0,356.1,25.2,0.1346,352.6,25.8,0.1237,198.5,24.7,0.0000,217.2,29.9,-0.0437,219.2,0.5,0,0.0,0.0,0.0000,-9.81,-6.93,6.91,7.89,1,-0.3067,-0.294,-0.490,25.00,1,368.7,25.8,0.12291,302.2,-21.1,-0.3099,0.00700,OK
1.1947,1.1374,57.3,0,356.1,25.2,0.1346,352.6,25.8,0.1237,198.5,24.7,0.0000,221.9,30.5,-0.0437,223.9,0.5,0,0.0,0.0,0.0000,-10.29,-7.45,6.99,7.56,1,-0.3189,0.020,2.226,25.00,1,371.1,25.9,0.12038,307.3,-22.1,-0.3311,0.00708,OK
1.2034,1.1374,66.0,0,356.1,25.2,0.1346,352.6,25.8,0.1237,198.5,24.7,0.0000,227.0,31.2,-0.0437,229.2,0.4,0,0.0,0.0,0.0000,-9.22,-7.16,6.60,7.03,1,-0.3189,0.716,-0.353,25.00,1,373.6,26.1,0.11751,287.7,-18.1,-0.3283,0.00712,OK
1.2102,1.1374,72.7,0,356.1,25.2,0.1346,352.6,25.8,0.1237,198.5,24.7,0.0000,231.0,31.7,-0.0437,233.2,0.4,0,0.0,0.0,0.0000,-8.72,-7.20,5.97,7.19,1,-0.3189,0.716,-0.353,24.00,1,375.5,26.2,0.11531,278.9,-4.0,-0.3266,0.00713,OK
1.2189,1.1374,81.5,0,356.1,25.2,0.1346,352.6,25.8,0.1237,198.5,24.7,0.0000,236.3,32.3,-0.0437,238.5,0.3,0,0.0,0.0,0.0000,-8.72,-7.48,6.23,6.67,1,-0.3167,0.775,-0.284,24.00,1,378.0,26.4,0.11242,277.5,-10.3,-0.3305,0.00723,OK
1.2268,1.1374,89.3,0,356.1,25.2,0.1346,352.6,25.8,0.1237,198.5,24.7,0.0000,240.9,32.9,-0.0437,243.2,0.3,0,0.0,0.0,0.0000,-6.77,-6.82,5.95,6.56,1,-0.2478,0.402,0.431,25.00,1,380.0,26.6,0.11018,251.1,2.4,-0.2439,0.00706,OK
1.2349,1.1374,97.4,0,356.1,25.2,0.1346,352.6,25.8,0.1237,198.5,24.7,0.0000,245.8,33.5,-0.0437,248.0,0.2,0,0.0,0.0,0.0000,-7.14,-6.27,5.70,6.28,1,-0.1956,1.844,0.216,25.00,1,382.0,26.8,0.10838,244.2,-5.6,-0.2024,0.00705,OK
1.2426,1.2391,3.5,0,383.5,26.9,0.1232,372.7,28.3,0.1237,198.5,24.7,0.0000,230.3,32.6,0.0018,232.6,4.0,0,0.0,0.0,0.0000,-7.75,-6.44,5.48,6.90,1,-0.1600,1.873,0.039,25.00,1,383.5,26.9,0.11445,237.1,-0.7,-0.0994,0.00598,OK
1.2512,1.2391,12.2,0,383.5,26.9,0.1232,372.7,28.3,0.1237,198.5,24.7,0.0000,213.1,31.7,0.0018,215.3,5.3,0,0.0,0.0,0.0000,-7.09,-6.51,5.44,6.87,1,-0.1600,1.873,0.039,24.00,1,384.4,27.1,0.11378,233.7,4.7,-0.1656,0.00598,OK
1.2586,1.2391,19.5,0,383.5,26.9,0.1232,372.7,28.3,0.1237,198.5,24.7,0.0000,198.4,31.0,0.0018,200.7,6.4,0,0.0,0.0,0.0000,-7.35,-5.88,5.29,6.57,1,-0.1333,0.010,0.275,24.00,1,386.1,27.3,0.11264,226.0,-4.2,-0.1444,0.00605,OK
1.2670,1.2391,27.9,0,383.5,26.9,0.1232,372.7,28.3,0.1237,198.5,24.7,0.0000,182.9,30.8,0.0018,185.3,8.1,0,0.0,0.0,0.0000,-6.37,-5.34,4.94,6.17,1,-0.1233,-0.137,0.471,25.00,1,387.9,27.4,0.11151,207.1,-2.2,-0.1258,0.00600,OK
1.2743,1.2391,35.2,0,383.5,26.9,0.1232,372.7,28.3,0.1237,198.5,24.7,0.0000,187.2,31.3,0.0018,189.7,8.1,0,0.0,0.0,0.0000,-6.09,-5.14,5.22,5.88,1,-0.1356,1.344,0.382,25.00,1,389.4,27.6,0.11059,203.4,-8.6,-0.1307,0.00583,OK
1.2826,1.2391,43.5,0,383.5,26.9,0.1232,372.7,28.3,0.1237,198.5,24.7,0.0000,192.2,31.9,0.0018,194.6,8.1,0,0.0,0.0,0.0000,-6.95,-5.12,4.88,5.50,1,-0.1356,1.344,0.382,25.00,1,391.1,27.7,0.10940,203.3,-13.8,-0.1517,0.00599,OK
1.2909,1.2391,51.8,0,383.5,26.9,0.1232,372.7,28.3,0.1237,198.5,24.7,0.0000,197.1,32.5,0.0018,199.6,8.1,0,0.0,0.0,0.0000,-6.12,-4.91,4.89,5.18,1,-0.1711,0.677,-0.353,25.00,1,392.7,27.7,0.10806,193.1,-14.2,-0.1732,0.00593,OK
1.2981,1.2391,59.0,0,383.5,26.9,0.1232,372.7,28.3,0.1237,198.5,24.7,0.0000,201.4,33.1,0.0018,204.0,8.1,0,0.0,0.0,0.0000,-6.50,-4.75,5.13,5.24,1,-0.1789,-0.382,0.804,24.00,1,394.2,27.7,0.10679,198.0,-22.1,-0.1801,0.00587,OK
1.3067,1.2391,67.6,0,383.5,26.9,0.1232,372.7,28.3,0.1237,198.5,24.7,0.0000,206.5,33.7,0.0018,209.1,8.1,0,0.0,0.0,0.0000,-6.41,-5.01,4.86,4.98,1,-0.1433,0.598,0.196,24.00,1,395.9,27.7,0.10531,194.1,-16.3,-0.1592,0.00601,OK
1.3152,1.2391,76.1,0,383.5,26.9,0.1232,372.7,28.3,0.1237,198.5,24.7,0.0000,211.6,34.3,0.0018,214.2,8.1,0,0.0,0.0,0.0000,-6.06,-4.48,4.44,4.67,1,-0.1456,1.667,-0.431,24.00,1,397.4,27.8,0.10396,180.1,-16.8,-0.1586,0.00611,OK
1.3230,1.2391,83.9,0,383.5,26.9,0.1232,372.7,28.3,0.1237,198.5,24.7,0.0000,216.2,34.9,0.0018,218.9,8.1,0,0.0,0.0,0.0000,-5.94,-4.14,4.62,4.67,1,-0.1456,1.667,-0.431,24.00,1,398.8,27.8,0.10276,178.2,-22.5,-0.1493,0.00608,OK
1.3311,1.2391,92.0,0,383.5,26.9,0.1232,372.7,28.3,0.1237,198.5,24.7,0.0000,221.1,35.5,0.0018,223.8,8.1,0,0.0,0.0,0.0000,-5.88,-4.19,4.67,5.03,1,-0.1289,1.108,-0.196,25.00,1,400.3,27.7,0.10165,181.9,-19.0,-0.1278,0.00597,OK
1.3388,1.2391,99.7,0,383.5,26.9,0.1232,372.7,28.3,0.1237,198.5,24.7,0.0000,225.7,36.1,0.0018,228.4,8.1,0,0.0,0.0,0.0000,-5.50,-4.21,4.88,4.51,1,-0.1089,-0.471,0.647,25.00,1,401.7,27.7,0.10073,176.0,-21.9,-0.1125,0.00594,OK
1.3463,1.3418,4.5,0,406.2,26.9,0.1059,393.1,30.8,0.1237,198.5,24.7,0.0000,210.7,36.2,0.0709,213.4,13.8,0,0.0,0.0,0.0000,-5.66,-4.29,3.87,4.14,1,-0.0967,0.373,-0.412,25.00,1,406.2,26.9,0.10247,189.4,-23.7,-0.1096,0.00587,OK
1.3542,1.3418,12.4,0,406.2,26.9,0.1059,393.1,30.8,0.1237,198.5,24.7,0.0000,194.9,36.6,0.0709,197.7,15.8,0,0.0,0.0,0.0000,-4.84,-3.67,4.02,4.57,1,-0.0533,1.451,-0.029,24.00,1,407.0,26.9,0.10219,180.9,-21.1,-0.0552,0.00581,OK
1.3625,1.3418,20.7,0,406.2,26.9,0.1059,393.1,30.8,0.1237,198.5,24.7,0.0000,178.3,37.6,0.0709,181.3,18.5,0,0.0,0.0,0.0000,-4.60,-3.65,3.77,4.44,1,-0.0533,1.451,-0.029,26.00,1,408.5,26.9,0.10173,173.6,-16.4,-0.0557,0.00576,OK
1.3708,1.3418,29.0,0,406.2,26.9,0.1059,393.1,30.8,0.1237,198.5,24.7,0.0000,176.4,38.6,0.0709,179.5,19.7,0,0.0,0.0,0.0000,-4.96,-3.75,3.68,4.46,1,0.0133,0.608,-0.088,25.00,1,410.0,26.9,0.10144,174.7,-14.1,-0.0086,0.00600,OK
1.3781,1.3418,36.3,0,406.2,26.9,0.1059,393.1,30.8,0.1237,198.5,24.7,0.0000,180.7,39.1,0.0709,183.8,19.8,0,0.0,0.0,0.0000,-4.59,-4.15,3.87,4.60,1,0.0289,-0.186,-0.382,25.00,1,411.2,27.0,0.10143,177.2,-7.2,0.0101,0.00620,OK
1.3870,1.3418,45.2,0,406.2,26.9,0.1059,393.1,30.8,0.1237,198.5,24.7,0.0000,185.9,39.8,0.0709,189.1,19.9,0,0.0,0.0,0.0000,-4.44,-4.17,3.79,4.36,1,0.0478,-0.363,-0.137,25.00,1,412.8,27.1,0.10153,171.5,-6.0,0.0221,0.00650,OK
1.3943,1.3418,52.4,0,406.2,26.9,0.1059,393.1,30.8,0.1237,198.5,24.7,0.0000,190.1,40.3,0.0709,193.3,20.0,0,0.0,0.0,0.0000,-3.72,-3.94,3.55,4.57,1,0.0478,-0.363,-0.137,24.00,1,414.0,27.2,0.10176,162.0,3.2,0.0404,0.00651,OK
1.4023,1.3418,60.5,0,406.2,26.9,0.1059,393.1,30.8,0.1237,198.5,24.7,0.0000,193.2,40.7,0.0709,196.4,20.0,0,0.0,0.0,0.0000,-3.22,-3.34,3.82,4.27,1,0.0978,0.569,-0.049,24.00,1,415.2,27.3,0.10234,150.0,-2.8,0.0997,0.00637,OK
1.4105,1.3418,68.7,0,406.2,26.9,0.1059,393.1,30.8,0.1237,198.5,24.7,0.0000,195.1,40.9,0.0709,198.3,20.1,0,0.0,0.0,0.0000,-3.40,-3.20,3.41,4.69,1,0.1322,0.657,0.069,25.00,1,416.4,27.4,0.10328,149.9,2.2,0.1273,0.00635,OK
1.4190,1.3418,77.2,0,406.2,26.9,0.1059,393.1,30.8,0.1237,198.5,24.7,0.0000,194.6,40.9,0.0709,197.8,20.1,0,0.0,0.0,0.0000,-3.66,-3.01,3.28,4.87,1,0.1400,-0.765,-0.059,26.00,1,417.7,27.6,0.10438,149.3,0.7,0.1318,0.00638,OK
1.4263,1.3418,84.5,0,406.2,26.9,0.1059,393.1,30.8,0.1237,198.5,24.7,0.0000,192.7,40.6,0.0709,196.0,20.0,0,0.0,0.0,0.0000,-3.79,-3.37,3.48,4.81,1,0.1400,-0.765,-0.059,25.00,1,418.8,27.7,0.10529,154.9,2.1,0.1259,0.00651,OK
1.4350,1.3418,93.2,0,406.2,26.9,0.1059,393.1,30.8,0.1237,198.5,24.7,0.0000,189.8,40.3,0.0709,193.0,20.0,0,0.0,0.0,0.0000,-3.06,-3.02,3.64,4.83,1,0.1767,-0.304,0.147,24.00,1,420.1,27.9,0.10667,145.2,3.8,0.1811,0.00632,OK
1.4430,1.3418,101.1,0,406.2,26.9,0.1059,393.1,30.8,0.1237,198.5,24.7,0.0000,186.7,39.9,0.0709,189.9,19.9,0,0.0,0.0,0.0000,-2.71,-3.24,3.41,5.06,1,0.2433,1.167,-0.314,25.00,1,421.2,28.1,0.10836,143.6,16.2,0.2403,0.00626,OK
1.4500,1.3418,108.2,0,406.2,26.9,0.1059,393.1,30.8,0.1237,198.5,24.7,0.0000,183.9,39.5,0.0709,187.1,19.9,0,0.0,0.0,0.0000,-3.27,-3.21,3.34,4.81,1,0.2800,0.108,-0.530,26.00,1,422.2,28.3,0.11001,146.0,10.4,0.2497,0.00668,OK
1.4584,1.3418,116.6,0,406.2,26.9,0.1059,393.1,30.8,0.1237,198.5,24.7,0.0000,180.6,39.1,0.0709,183.7,19.8,0,0.0,0.0,0.0000,-3.09,-3.08,3.50,5.01,1,0.2756,-0.922,-0.235,25.00,1,423.5,28.5,0.11212,145.2,10.1,0.2598,0.00684,OK
1.4668,1.3418,124.9,0,406.2,26.9,0.1059,393.1,30.8,0.1237,198.5,24.7,0.0000,177.2,38.7,0.0709,180.3,19.7,0,0.0,0.0,0.0000,-2.87,-2.78,3.50,5.23,1,0.2756,-0.922,-0.235,24.00,1,424.6,28.7,0.11436,140.6,9.6,0.2739,0.00675,OK
1.4741,1.3418,132.3,0,406.2,26.9,0.1059,393.1,30.8,0.1237,198.5,24.7,0.0000,174.2,38.3,0.0709,177.3,19.7,0,0.0,0.0,0.0000,-2.64,-2.93,3.19,4.87,1,0.2733,0.441,-0.010,24.00,1,425.6,28.9,0.11631,134.3,15.5,0.2625,0.00682,OK
1.4827,1.3418,140.9,0,406.2,26.9,0.1059,393.1,30.8,0.1237,198.5,24.7,0.0000,170.8,37.9,0.0709,173.8,19.6,0,0.0,0.0,0.0000,-2.50,-3.42,2.99,5.19,1,0.2811,0.932,0.029,25.00,1,426.7,29.3,0.11857,138.1,28.6,0.2673,0.00693,OK
1.4903,1.3418,148.5,0,406.2,26.9,0.1059,393.1,30.8,0.1237,198.5,24.7,0.0000,167.8,37.5,0.0709,170.8,19.6,0,0.0,0.0,0.0000,-2.56,-3.40,3.29,5.21,1,0.2756,-0.029,-0.294,25.00,1,427.8,29.6,0.12061,140.5,24.7,0.2688,0.00693,OK
1.4992,1.3418,157.4,0,406.2,26.9,0.1059,393.1,30.8,0.1237,198.5,24.7,0.0000,164.3,37.1,0.0709,167.3,19.5,0,0.0,0.0,0.0000,-2.99,-3.07,3.39,5.30,1,0.2667,-0.775,-0.441,25.00,1,429.0,29.9,0.12295,142.3,15.3,0.2586,0.00695,OK
1.5071,1.3418,165.3,0,406.2,26.9,0.1059,393.1,30.8,0.1237,198.5,24.7,0.0000,161.0,36.7,0.0709,164.0,19.5,0,0.0,0.0,0.0000,-2.78,-3.49,3.08,5.26,1,0.2667,-0.775,-0.441,25.00,1,430.1,30.2,0.12494,141.3,26.8,0.2506,0.00709,OK
1.5150,1.3418,173.2,0,406.2,26.9,0.1059,393.1,30.8,0.1237,198.5,24.7,0.0000,157.6,36.3,0.0709,160.6,19.4,0,0.0,0.0,0.0000,-2.49,-3.52,3.10,5.27,1,0.2422,-0.579,0.108,25.00,1,431.2,30.6,0.12688,138.2,29.6,0.2397,0.00702,OK
1.5230,1.3418,181.2,0,406.2,26.9,0.1059,393.1,30.8,0.1237,198.5,24.7,0.0000,154.1,35.8,0.0709,157.0,19.3,0,0.0,0.0,0.0000,-2.71,-3.98,2.68,5.54,1,0.2133,-0.216,0.382,25.00,1,432.2,31.0,0.12863,143.0,40.2,0.1996,0.00712,OK
1.5303,1.3418,188.5,0,406.2,26.9,0.1059,393.1,30.8,0.1237,198.5,24.7,0.0000,150.6,35.4,0.0709,153.5,19.3,0,0.0,0.0,0.0000,-3.00,-3.87,2.89,5.29,1,0.1756,-0.216,0.137,25.00,1,433.3,31.4,0.12994,144.0,31.1,0.1633,0.00720,OK
1.5393,1.3418,197.5,0,406.2,26.9,0.1059,393.1,30.8,0.1237,198.5,24.7,0.0000,146.1,34.8,0.0709,149.0,19.2,0,0.0,0.0,0.0000,-2.90,-3.72,3.31,5.00,1,0.1756,-0.216,0.137,26.00,1,434.5,31.8,0.13146,142.3,23.2,0.1715,0.00715,OK
1.5469,1.5467,0.2,0,435.4,29.4,0.1335,432.7,35.7,0.1237,152.3,18.9,0.0000,131.1,33.5,-0.0392,134.4,15.8,0,0.0,0.0,0.0000,-3.44,-3.29,2.95,4.98,1,0.1478,-0.431,0.304,25.00,1,435.4,29.4,0.13354,131.5,2.7,0.1322,0.00727,OK
1.5541,1.5467,7.4,0,435.4,29.4,0.1335,432.7,35.7,0.1237,152.3,18.9,0.0000,116.8,32.2,-0.0392,120.0,16.4,0,0.0,0.0,0.0000,-4.11,-4.35,2.89,4.88,1,0.1333,-0.069,0.382,24.00,1,435.4,29.4,0.13318,146.7,8.4,-0.0679,0.00723,OK
1.5624,1.5467,15.8,0,435.4,29.4,0.1335,432.7,35.7,0.1237,152.3,18.9,0.0000,100.1,30.6,-0.0392,103.3,17.1,0,0.0,0.0,0.0000,-3.02,-3.95,2.97,4.79,1,0.1033,0.294,0.294,24.00,1,436.4,29.7,0.13335,133.7,15.2,0.0954,0.00724,OK
1.5708,1.5467,24.2,0,435.4,29.4,0.1335,432.7,35.7,0.1237,152.3,18.9,0.0000,83.4,29.1,-0.0392,86.5,17.7,0,0.0,0.0,0.0000,-3.06,-4.51,3.08,5.20,1,0.1033,0.294,0.294,25.00,1,437.6,30.0,0.13417,143.7,24.6,0.0983,0.00721,OK
1.5784,1.5467,31.7,0,435.4,29.4,0.1335,432.7,35.7,0.1237,152.3,18.9,0.0000,68.4,27.6,-0.0392,71.4,18.2,0,0.0,0.0,0.0000,-3.83,-4.67,2.88,5.06,1,0.0667,-0.049,0.235,25.00,1,438.6,30.3,0.13467,149.4,21.5,0.0411,0.00747,OK
1.5867,1.5467,40.0,0,435.4,29.4,0.1335,432.7,35.7,0.1237,152.3,18.9,0.0000,51.9,25.9,-0.0392,54.8,18.8,0,0.0,0.0,0.0000,-3.84,-4.08,3.30,5.17,1,0.0456,-0.510,0.431,25.00,1,439.8,30.6,0.13501,149.2,10.1,0.0402,0.00744,OK
1.5950,1.5467,48.3,0,435.4,29.4,0.1335,432.7,35.7,0.1237,152.3,18.9,0.0000,35.3,24.1,-0.0392,38.2,19.2,0,0.0,0.0,0.0000,-3.47,-4.89,3.08,5.11,1,0.0256,-0.431,0.382,24.00,1,441.1,30.9,0.13525,150.7,25.3,0.0182,0.00744,OK
1.6027,1.5467,56.0,0,435.4,29.4,0.1335,432.7,35.7,0.1237,152.3,18.9,0.0000,24.8,23.0,-0.0392,27.7,19.5,0,0.0,0.0,0.0000,-3.40,-4.30,2.84,5.17,1,0.0122,-0.108,-0.000,24.00,1,442.2,31.3,0.13538,143.5,23.1,0.0123,0.00734,OK
1.6101,1.5467,63.4,0,435.4,29.4,0.1335,432.7,35.7,0.1237,152.3,18.9,0.0000,10.1,21.2,-0.0392,12.8,19.6,0,0.0,0.0,0.0000,-3.64,-3.46,2.76,4.77,1,0.0122,-0.108,-0.000,24.00,1,443.1,31.5,0.13547,133.3,8.8,0.0096,0.00727,OK
1.6181,1.6127,5.4,0,448.5,34.1,0.1425,440.6,36.7,0.1237,86.7,10.8,0.0000,-5.0,16.1,-0.0753,-2.7,16.7,0,0.0,0.0,0.0000,-3.98,-4.25,2.96,4.35,1,0.0033,0.363,0.520,25.00,1,448.5,34.1,0.13867,202.4,35.1,-0.0112,0.00717,OK
1.6260,1.6198,6.2,0,449.3,34.4,0.1429,441.2,36.8,0.1237,79.6,9.9,0.0000,-20.1,11.2,-0.0770,-18.3,14.0,0,0.0,0.0,0.0000,-3.86,-4.58,3.41,3.72,1,-0.0489,0.637,0.814,25.00,1,449.5,34.5,0.13979,179.3,24.3,-0.0618,0.00715,OK
1.6345,1.6282,6.3,0,449.7,34.6,0.1427,441.8,36.9,0.1237,71.3,8.9,0.0000,-36.5,6.7,-0.0763,-35.2,11.8,0,0.0,0.0,0.0000,-3.58,-4.21,2.76,3.98,1,-0.0967,0.677,0.441,24.00,1,450.2,34.7,0.14002,131.5,25.2,-0.0993,0.00704,OK
1.6434,1.6431,0.3,0,453.3,34.7,0.1392,442.7,37.0,0.1237,56.4,7.0,0.0000,-54.2,4.3,-0.0621,-53.1,11.8,0,0.0,0.0,0.0000,-3.43,-4.10,2.17,3.77,1,-0.0967,0.677,0.441,25.00,1,453.0,34.8,0.13860,191.0,-33.8,-0.1010,0.00716,OK
1.6503,1.6501,0.2,0,454.0,34.7,0.1373,443.1,37.0,0.1237,49.4,6.1,0.0000,-67.9,2.5,-0.0546,-66.9,11.8,0,0.0,0.0,0.0000,-2.93,-3.98,2.28,3.59,1,-0.1200,1.383,0.216,26.00,1,454.0,34.8,0.13787,152.1,-18.7,-0.0966,0.00718,OK
1.6584,1.6584,0.0,0,454.9,35.0,0.1364,443.5,37.1,0.1237,41.2,5.1,0.0000,-82.4,0.2,-0.0510,-81.6,11.4,0,0.0,0.0,0.0000,-2.96,-3.59,2.06,2.90,1,-0.1211,1.736,0.412,26.00,1,455.0,35.0,0.13659,124.2,7.2,-0.1376,0.00725,OK
1.6670,1.6668,0.2,0,455.4,34.9,0.1353,443.8,37.1,0.1237,32.9,4.1,0.0000,-91.5,-0.4,-0.0465,-90.8,12.0,0,0.0,0.0,0.0000,-3.05,-2.60,1.62,2.33,1,-0.1533,1.549,0.265,25.00,1,455.6,34.9,0.13515,78.4,-15.3,-0.1625,0.00732,OK
1.6751,1.6668,8.3,0,455.4,34.9,0.1353,443.8,37.1,0.1237,32.9,4.1,0.0000,-98.8,-1.3,-0.0465,-98.1,12.0,0,0.0,0.0,0.0000,-2.62,-2.82,1.32,1.72,1,-0.1833,2.236,0.118,24.00,1,455.6,34.9,0.13496,91.2,-10.9,-0.2053,0.00752,OK
1.6830,1.6757,7.3,0,456.1,35.2,0.1293,444.0,37.2,0.1237,24.1,3.0,0.0000,-108.0,-3.2,-0.0224,-107.5,10.8,0,0.0,0.0,0.0000,-2.43,-2.30,0.68,1.46,1,-0.1833,2.236,0.118,24.00,1,456.2,35.1,0.13241,69.5,4.2,-0.2122,0.00788,OK
1.6910,1.6837,7.3,0,456.6,35.9,0.1250,444.2,37.2,0.1237,17.6,2.2,0.0000,-117.3,-6.1,-0.0052,-117.2,8.6,0,0.0,0.0,0.0000,-1.67,-1.49,0.57,1.04,1,-0.1944,2.756,0.147,25.00,1,456.6,35.7,0.12973,54.4,23.3,-0.1896,0.00778,OK
1.6991,1.6925,6.6,0,457.0,35.8,0.1212,444.3,37.2,0.1237,12.1,1.5,0.0000,-126.2,-6.8,0.0097,-126.1,8.5,0,0.0,0.0,0.0000,-1.13,-0.95,-0.28,0.49,1,-0.1667,2.883,0.118,25.00,1,457.0,35.8,0.12687,32.6,20.0,-0.1824,0.00793,OK
1.7064,1.7019,4.6,0,457.1,36.1,0.1206,444.3,37.2,0.1237,-7.1,-0.9,0.0000,-134.0,-8.7,0.0123,-134.1,7.5,0,0.0,0.0,0.0000,-0.24,-1.07,-0.31,0.16,1,-0.1178,2.442,0.343,25.00,1,457.1,36.1,0.12465,18.1,27.1,-0.1469,0.00804,OK
1.7148,1.7094,5.5,0,456.9,36.6,0.1205,444.3,37.2,0.1237,-11.7,-1.5,0.0000,-142.0,-11.2,0.0128,-142.3,6.0,0,0.0,0.0,0.0000,0.43,0.35,-0.82,-0.81,1,-0.0722,2.001,0.265,26.00,1,457.0,36.5,0.12338,-14.1,32.6,-0.0881,0.00809,OK
1.7225,1.7173,5.2,0,456.8,36.4,0.1160,444.2,37.2,0.1237,-17.1,-2.1,0.0000,-149.6,-11.7,0.0306,-149.9,5.7,0,0.0,0.0,0.0000,0.57,0.07,-1.33,-1.04,1,-0.0722,2.001,0.265,25.00,1,456.8,36.5,0.12144,-22.3,19.3,-0.1220,0.00851,OK
1.7308,1.7260,4.8,0,456.6,36.1,0.1191,444.0,37.1,0.1237,-25.7,-3.2,0.0000,-158.1,-11.7,0.0183,-158.3,7.2,0,0.0,0.0,0.0000,1.21,1.09,-1.57,-1.58,1,-0.0411,1.765,0.059,25.00,1,456.5,36.2,0.12054,-40.4,-15.0,-0.0633,0.00864,OK
1.7386,1.7348,3.8,0,456.1,36.2,0.1213,443.7,37.1,0.1237,-34.5,-4.3,0.0000,-165.1,-13.1,0.0094,-165.5,6.9,0,0.0,0.0,0.0000,1.87,1.57,-1.81,-1.76,1,-0.0222,1.471,0.618,25.00,1,456.1,36.2,0.12052,-55.3,0.8,-0.0136,0.00847,OK
1.7471,1.7348,12.3,0,456.1,36.2,0.1213,443.7,37.1,0.1237,-34.5,-4.3,0.0000,-174.6,-14.3,0.0094,-175.0,6.9,0,0.0,0.0,0.0000,2.72,1.91,-2.42,-2.27,1,-0.0200,1.500,0.294,25.00,1,455.8,36.2,0.12047,-76.0,6.0,-0.0133,0.00827,OK
1.7549,1.7495,5.4,0,454.8,36.3,0.1164,443.1,37.0,0.1237,-49.2,-6.1,0.0000,-179.8,-15.6,0.0293,-180.4,5.3,0,0.0,0.0,0.0000,3.13,2.48,-2.78,-3.00,1,-0.0200,1.500,0.294,25.00,1,454.8,36.2,0.11952,-95.0,9.4,-0.0278,0.00821,OK
1.7626,1.7598,2.8,0,453.7,36.5,0.1202,442.6,37.0,0.1237,-59.5,-7.4,0.0000,-185.4,-17.5,0.0140,-186.1,4.8,0,0.0,0.0,0.0000,3.67,3.12,-3.00,-3.39,1,0.0156,1.883,-0.284,25.00,1,453.7,36.4,0.11978,-108.3,31.0,0.0250,0.00803,OK
1.7709,1.7684,2.5,0,452.5,36.8,0.1152,442.0,36.9,0.1237,-67.9,-8.4,0.0000,-191.7,-19.5,0.0339,-192.7,2.6,0,0.0,0.0,0.0000,3.79,3.39,-2.95,-3.88,1,0.0622,1.883,0.530,24.00,1,452.6,36.7,0.11920,-124.2,40.8,0.0036,0.00812,OK
1.7787,1.7684,10.3,0,452.5,36.8,0.1152,442.0,36.9,0.1237,-67.9,-8.4,0.0000,-201.1,-20.7,0.0339,-202.1,2.6,0,0.0,0.0,0.0000,3.87,3.82,-3.48,-4.38,1,0.0544,1.353,0.667,25.00,1,452.3,36.7,0.11933,-134.7,21.9,0.0382,0.00823,OK
1.7865,1.7684,18.2,0,452.5,36.8,0.1152,442.0,36.9,0.1237,-67.9,-8.4,0.0000,-210.8,-21.9,0.0339,-211.9,2.5,0,0.0,0.0,0.0000,5.32,4.19,-3.72,-4.35,1,0.0633,1.412,-0.147,25.00,1,451.1,36.8,0.11978,-152.1,30.5,0.0733,0.00798,OK
1.7954,1.7684,27.0,0,452.5,36.8,0.1152,442.0,36.9,0.1237,-67.9,-8.4,0.0000,-221.4,-23.2,0.0339,-222.6,2.4,0,0.0,0.0,0.0000,5.66,4.77,-3.97,-4.64,1,0.0633,1.412,-0.147,24.00,1,449.7,36.8,0.12046,-165.4,25.5,0.0777,0.00768,OK
1.8026,1.7684,34.3,0,452.5,36.8,0.1152,442.0,36.9,0.1237,-67.9,-8.4,0.0000,-230.0,-24.3,0.0339,-231.3,2.3,0,0.0,0.0,0.0000,5.33,4.48,-4.23,-5.48,1,0.0756,1.883,0.284,24.00,1,448.4,36.9,0.12097,-171.9,21.8,0.0646,0.00773,OK
1.8102,1.7684,41.8,0,452.5,36.8,0.1152,442.0,36.9,0.1237,-67.9,-8.4,0.0000,-236.2,-25.1,0.0339,-237.5,2.3,0,0.0,0.0,0.0000,5.85,4.86,-4.40,-5.73,1,0.0489,1.569,0.304,25.00,1,447.1,36.9,0.12140,-183.9,19.0,0.0477,0.00764,OK
1.8189,1.7684,50.5,0,452.5,36.8,0.1152,442.0,36.9,0.1237,-67.9,-8.4,0.0000,-243.1,-25.9,0.0339,-244.5,2.2,0,0.0,0.0,0.0000,6.22,5.72,-5.06,-6.32,1,0.0544,0.686,-0.088,25.00,1,445.4,36.8,0.12183,-207.3,14.2,0.0514,0.00758,OK
1.8261,1.7684,57.7,0,452.5,36.8,0.1152,442.0,36.9,0.1237,-67.9,-8.4,0.0000,-246.2,-26.3,0.0339,-247.6,2.2,0,0.0,0.0,0.0000,6.92,5.69,-4.87,-6.77,1,0.0544,0.686,-0.088,25.00,1,443.8,36.7,0.12223,-214.7,11.5,0.0558,0.00746,OK
1.8346,1.7684,66.2,0,452.5,36.8,0.1152,442.0,36.9,0.1237,-67.9,-8.4,0.0000,-250.0,-26.8,0.0339,-251.4,2.1,0,0.0,0.0,0.0000,7.55,6.00,-5.11,-6.94,1,0.0544,0.677,0.235,25.00,1,442.0,36.6,0.12274,-226.5,12.3,0.0607,0.00728,OK
1.8432,1.7684,74.8,0,452.5,36.8,0.1152,442.0,36.9,0.1237,-67.9,-8.4,0.0000,-253.5,-27.2,0.0339,-254.9,2.1,0,0.0,0.0,0.0000,7.27,6.60,-6.15,-7.17,1,0.0622,1.422,0.765,24.00,1,439.9,36.4,0.12326,-244.0,15.6,0.0592,0.00722,OK
1.8521,1.8518,0.3,0,442.4,35.1,0.1306,432.9,35.8,0.1237,-150.7,-18.7,0.0000,-235.9,-24.2,-0.0276,-237.0,6.7,0,0.0,0.0,0.0000,8.10,6.63,-5.91,-7.82,1,0.0389,1.716,-0.127,24.00,1,442.3,35.1,0.12675,-158.8,-16.8,0.1377,0.00686,OK
1.8590,1.8518,7.2,0,442.4,35.1,0.1306,432.9,35.8,0.1237,-150.7,-18.7,0.0000,-230.1,-23.1,-0.0276,-231.1,7.1,0,0.0,0.0,0.0000,7.57,7.26,-5.87,-8.00,1,0.0578,1.294,-0.618,25.00,1,442.2,35.1,0.12669,-182.9,-21.8,0.1273,0.00686,OK
1.8661,1.8660,0.1,0,434.9,34.3,0.1361,430.7,35.5,0.1237,-164.7,-20.5,0.0000,-215.9,-21.7,-0.0496,-216.9,7.8,0,0.0,0.0,0.0000,8.55,7.23,-6.03,-8.12,1,0.0578,1.294,-0.618,25.00,1,436.1,34.4,0.13064,-436.5,2.3,0.1984,0.00653,OK
1.8752,1.8706,4.7,0,431.8,34.5,0.1355,429.9,35.4,0.1237,-169.2,-21.0,0.0000,-206.6,-22.2,-0.0472,-207.7,5.9,0,0.0,0.0,0.0000,8.97,7.39,-6.35,-8.55,1,0.0756,-0.020,1.814,25.00,1,433.3,34.4,0.13186,-411.9,27.2,0.0951,0.00629,OK
1.8827,1.8791,3.6,0,429.6,34.3,0.1375,428.4,35.2,0.1237,-177.5,-22.1,0.0000,-203.9,-22.2,-0.0552,-205.1,6.0,0,0.0,0.0,0.0000,9.28,7.49,-6.82,-8.81,1,0.0144,0.990,0.147,25.00,1,429.8,34.2,0.13323,-402.5,35.5,0.0479,0.00610,OK
1.8906,1.8873,3.3,0,428.0,33.8,0.1286,426.9,35.0,0.1237,-185.1,-23.0,0.0000,-203.6,-21.3,-0.0198,-204.7,5.0,0,0.0,0.0,0.0000,9.37,8.28,-7.66,-8.83,1,-0.0333,2.687,-0.108,26.00,1,427.3,33.9,0.13206,-347.6,5.8,-0.0632,0.00609,OK
1.8988,1.8956,3.3,0,424.7,34.1,0.1295,425.4,34.8,0.1237,-191.3,-23.8,0.0000,-198.4,-22.6,-0.0233,-199.7,3.2,0,0.0,0.0,0.0000,9.49,7.78,-7.84,-9.18,1,-0.0333,2.687,-0.108,25.00,1,424.5,34.0,0.13134,-349.7,49.5,-0.0502,0.00606,OK
1.9067,1.9041,2.6,0,422.5,33.5,0.1282,423.7,34.6,0.1237,-195.6,-24.3,0.0000,-196.5,-21.5,-0.0183,-197.6,3.8,0,0.0,0.0,0.0000,9.18,7.23,-7.14,-9.83,1,-0.0433,0.029,-0.284,24.00,1,422.1,33.6,0.13039,-309.5,-4.6,-0.0729,0.00609,OK
1.9144,1.9142,0.3,0,419.8,34.0,0.1271,421.7,34.4,0.1237,-197.9,-24.6,0.0000,-192.8,-23.4,-0.0138,-194.2,1.2,0,0.0,0.0,0.0000,9.95,9.03,-7.26,-10.18,1,-0.0478,-1.775,0.981,25.00,1,419.4,33.8,0.12932,-278.4,70.8,-0.0935,0.00597,OK
1.9226,1.9213,1.2,0,416.8,33.5,0.1316,420.3,34.2,0.1237,-198.3,-24.7,0.0000,-188.8,-22.6,-0.0319,-190.2,2.4,0,0.0,0.0,0.0000,9.97,8.03,-8.64,-10.32,1,-0.0500,1.942,0.530,25.00,1,416.9,33.6,0.12962,-335.4,19.6,-0.0164,0.00590,OK
1.9309,1.9213,9.6,0,416.8,33.5,0.1316,420.3,34.2,0.1237,-198.3,-24.7,0.0000,-193.8,-23.2,-0.0319,-195.2,2.4,0,0.0,0.0,0.0000,9.18,8.50,-7.51,-9.89,1,-0.0500,1.942,0.530,26.00,1,416.4,33.5,0.12947,-315.1,13.7,-0.0489,0.00581,OK
1.9387,1.9375,1.2,0,412.9,32.4,0.1282,417.1,33.8,0.1237,-198.5,-24.7,0.0000,-186.8,-20.5,-0.0183,-187.9,3.6,0,0.0,0.0,0.0000,8.87,7.20,-7.08,-9.97,1,-0.1178,2.099,-0.304,25.00,1,412.7,32.5,0.12807,-263.0,-43.0,-0.1152,0.00575,OK
1.9472,1.9375,9.7,0,412.9,32.4,0.1282,417.1,33.8,0.1237,-198.5,-24.7,0.0000,-191.8,-21.1,-0.0183,-193.0,3.6,0,0.0,0.0,0.0000,9.17,6.85,-7.90,-9.43,1,-0.1889,-2.648,-0.343,25.00,1,412.2,32.4,0.12762,-282.2,3.0,-0.1862,0.00564,OK
1.9550,1.9545,0.5,0,407.4,31.8,0.1298,413.7,33.4,0.1237,-198.5,-24.7,0.0000,-179.9,-20.0,-0.0246,-180.9,3.4,0,0.0,0.0,0.0000,8.62,7.23,-7.93,-9.62,1,-0.1856,-1.069,1.834,25.00,1,407.5,31.8,0.12616,-306.8,-3.7,-0.0982,0.00546,OK
1.9629,1.9545,8.4,0,407.4,31.8,0.1298,413.7,33.4,0.1237,-198.5,-24.7,0.0000,-184.6,-20.6,-0.0246,-185.7,3.4,0,0.0,0.0,0.0000,8.99,6.41,-7.85,-9.29,1,-0.2833,1.353,-0.422,24.00,1,407.4,31.8,0.12557,-290.8,6.2,-0.2749,0.00529,OK
1.9705,1.9632,7.3,0,403.7,31.3,0.1379,412.0,33.2,0.1237,-198.5,-24.7,0.0000,-177.8,-19.6,-0.0569,-178.9,5.0,0,0.0,0.0,0.0000,8.20,6.33,-8.12,-9.07,1,-0.2833,1.353,-0.422,25.00,1,404.3,31.4,0.12584,-314.8,1.2,-0.2771,0.00491,OK
1.9792,1.9716,7.6,0,402.4,30.9,0.1239,410.3,33.0,0.1237,-198.5,-24.7,0.0000,-179.2,-19.1,-0.0009,-180.2,3.2,0,0.0,0.0,0.0000,8.56,5.89,-7.93,-9.87,1,-0.3567,-0.726,-2.658,25.00,1,402.1,31.0,0.12329,-300.1,-5.1,-0.3548,0.00482,OK
1.9872,1.9803,6.8,0,398.8,30.5,0.1251,408.6,32.7,0.1237,-198.5,-24.7,0.0000,-173.2,-18.4,-0.0057,-174.2,3.4,0,0.0,0.0,0.0000,7.39,5.63,-7.66,-9.35,1,-0.2889,-2.344,-1.245,25.00,1,399.1,30.5,0.12134,-299.1,-9.3,-0.2946,0.00476,OK
1.9947,1.9803,14.4,0,398.8,30.5,0.1251,408.6,32.7,0.1237,-198.5,-24.7,0.0000,-177.7,-19.0,-0.0057,-178.7,3.4,0,0.0,0.0,0.0000,7.45,5.64,-7.38,-9.64,1,-0.1900,-1.736,0.412,25.00,1,397.3,30.2,0.11980,-295.3,-8.7,-0.2047,0.00487,OK
2.0022,1.9803,21.9,0,398.8,30.5,0.1251,408.6,32.7,0.1237,-198.5,-24.7,0.0000,-182.2,-19.5,-0.0057,-183.2,3.4,0,0.0,0.0,0.0000,7.46,6.47,-7.74,-9.83,1,-0.1900,-1.736,0.412,25.00,1,395.0,29.9,0.11826,-308.3,-17.8,-0.2028,0.00496,OK
2.0107,1.9803,30.4,0,398.8,30.5,0.1251,408.6,32.7,0.1237,-198.5,-24.7,0.0000,-187.3,-20.1,-0.0057,-188.3,3.4,0,0.0,0.0,0.0000,8.05,6.28,-7.24,-8.83,1,-0.1000,-0.157,-0.883,24.00,1,392.5,29.5,0.11696,-298.6,-6.2,-0.1061,0.00497,OK
2.0183,1.9803,38.0,0,398.8,30.5,0.1251,408.6,32.7,0.1237,-198.5,-24.7,0.0000,-191.8,-20.7,-0.0057,-192.9,3.4,0,0.0,0.0,0.0000,8.13,6.41,-6.96,-7.69,1,-0.0011,0.549,0.892,25.00,1,390.3,29.2,0.11656,-287.5,0.6,-0.0017,0.00490,OK
2.0271,1.9803,46.8,0,398.8,30.5,0.1251,408.6,32.7,0.1237,-198.5,-24.7,0.0000,-197.1,-21.4,-0.0057,-198.2,3.4,0,0.0,0.0,0.0000,7.51,6.39,-6.06,-7.49,1,0.0789,-1.530,1.049,25.00,1,387.8,28.8,0.11688,-270.7,-10.9,0.0743,0.00489,OK
2.0349,1.9803,54.6,0,398.8,30.5,0.1251,408.6,32.7,0.1237,-198.5,-24.7,0.0000,-201.7,-21.9,-0.0057,-202.8,3.4,0,0.0,0.0,0.0000,7.92,5.58,-5.84,-7.29,1,0.0911,-2.118,-0.206,25.00,1,385.8,28.6,0.11751,-260.4,2.4,0.0863,0.00489,OK
2.0428,1.9803,62.4,0,398.8,30.5,0.1251,408.6,32.7,0.1237,-198.5,-24.7,0.0000,-206.3,-22.5,-0.0057,-207.5,3.4,0,0.0,0.0,0.0000,7.58,4.79,-5.69,-6.73,1,0.0911,-2.118,-0.206,25.00,1,383.8,28.4,0.11816,-242.5,14.0,0.0821,0.00495,OK
2.0504,1.9803,70.0,0,398.8,30.5,0.1251,408.6,32.7,0.1237,-198.5,-24.7,0.0000,-210.9,-23.1,-0.0057,-212.1,3.4,0,0.0,0.0,0.0000,7.38,5.44,-5.46,-6.37,1,0.1344,-1.461,-0.049,24.00,1,382.0,28.3,0.11898,-241.9,4.7,0.1316,0.00492,OK
2.0590,2.0565,2.5,0,382.9,31.0,0.1176,393.5,30.9,0.1237,-198.5,-24.7,0.0000,-193.5,-23.9,0.0241,-195.0,-1.0,0,0.0,0.0,0.0000,7.32,5.68,-5.21,-6.42,1,0.1656,-0.490,0.892,25.00,1,382.8,30.9,0.11992,-174.8,39.2,0.1365,0.00501,OK
2.0666,2.0565,10.0,0,382.9,31.0,0.1176,393.5,30.9,0.1237,-198.5,-24.7,0.0000,-178.5,-25.2,0.0241,-180.3,-4.1,0,0.0,0.0,0.0000,7.33,5.52,-4.67,-6.01,1,0.1767,-1.373,0.412,25.00,1,382.4,31.0,0.12034,-173.4,30.5,0.1783,0.00492,OK
2.0749,2.0565,18.4,0,382.9,31.0,0.1176,393.5,30.9,0.1237,-198.5,-24.7,0.0000,-177.8,-26.3,0.0241,-179.7,-5.3,0,0.0,0.0,0.0000,7.09,4.60,-5.24,-5.54,1,0.1767,-1.373,0.412,25.00,1,381.0,31.1,0.12178,-169.0,51.1,0.1696,0.00495,OK
2.0823,2.0565,25.8,0,382.9,31.0,0.1176,393.5,30.9,0.1237,-198.5,-24.7,0.0000,-182.2,-26.9,0.0241,-184.1,-5.3,0,0.0,0.0,0.0000,6.86,4.41,-5.56,-5.28,1,0.1722,-2.157,-0.579,25.00,1,379.7,31.4,0.12300,-169.3,56.6,0.1623,0.00502,OK
2.0912,2.0565,34.7,0,382.9,31.0,0.1176,393.5,30.9,0.1237,-198.5,-24.7,0.0000,-187.5,-27.5,0.0241,-189.5,-5.3,0,0.0,0.0,0.0000,6.22,4.42,-4.65,-5.46,1,0.1267,-0.735,0.235,24.00,1,378.2,31.6,0.12425,-159.4,35.2,0.1194,0.00505,OK
2.0993,2.0565,42.7,0,382.9,31.0,0.1176,393.5,30.9,0.1237,-198.5,-24.7,0.0000,-192.3,-28.1,0.0241,-194.3,-5.4,0,0.0,0.0,0.0000,5.67,4.50,-4.48,-5.10,1,0.0789,-0.196,-0.716,24.00,1,376.9,31.7,0.12505,-153.4,27.7,0.0776,0.00501,OK
2.1066,2.0565,50.0,0,382.9,31.0,0.1176,393.5,30.9,0.1237,-198.5,-24.7,0.0000,-196.7,-28.7,0.0241,-198.7,-5.4,0,0.0,0.0,0.0000,5.77,3.55,-4.42,-4.48,1,0.0167,-1.530,-0.020,25.00,1,375.8,31.8,0.12543,-140.8,41.6,0.0229,0.00487,OK
2.1141,2.0565,57.6,0,382.9,31.0,0.1176,393.5,30.9,0.1237,-198.5,-24.7,0.0000,-201.2,-29.2,0.0241,-203.2,-5.4,0,0.0,0.0,0.0000,5.25,2.86,-4.57,-4.89,1,0.0167,-1.530,-0.020,25.00,1,374.7,32.0,0.12548,-136.5,46.0,-0.0022,0.00505,OK
2.1230,2.0565,66.5,0,382.9,31.0,0.1176,393.5,30.9,0.1237,-198.5,-24.7,0.0000,-206.5,-29.9,0.0241,-208.6,-5.5,0,0.0,0.0,0.0000,4.92,2.81,-3.97,-4.14,1,-0.0289,-1.834,0.363,25.00,1,373.6,32.2,0.12536,-123.8,38.0,-0.0275,0.00497,OK
2.1311,2.0565,74.6,0,382.9,31.0,0.1176,393.5,30.9,0.1237,-198.5,-24.7,0.0000,-211.3,-30.5,0.0241,-213.4,-5.5,0,0.0,0.0,0.0000,4.98,2.65,-3.98,-3.50,1,-0.0267,-0.932,0.216,24.00,1,372.6,32.4,0.12522,-118.9,44.4,-0.0138,0.00475,OK
2.1389,2.0565,82.4,0,382.9,31.0,0.1176,393.5,30.9,0.1237,-198.5,-24.7,0.0000,-216.0,-31.1,0.0241,-218.1,-5.5,0,0.0,0.0,0.0000,4.48,1.23,-4.37,-4.09,1,-0.0411,0.069,0.402,24.00,1,371.6,32.8,0.12482,-110.0,62.2,-0.0758,0.00512,OK
2.1472,2.0565,90.7,0,382.9,31.0,0.1176,393.5,30.9,0.1237,-198.5,-24.7,0.0000,-220.9,-31.7,0.0241,-223.1,-5.5,0,0.0,0.0,0.0000,3.92,0.50,-4.08,-4.17,1,-0.0411,0.069,0.402,25.00,1,370.7,33.2,0.12404,-95.1,64.7,-0.0973,0.00557,OK
2.1550,2.0565,98.5,0,382.9,31.0,0.1176,393.5,30.9,0.1237,-198.5,-24.7,0.0000,-225.5,-32.3,0.0241,-227.7,-5.6,0,0.0,0.0,0.0000,4.69,0.39,-4.17,-3.73,1,-0.0467,0.147,0.147,25.00,1,369.9,33.6,0.12332,-100.9,75.5,-0.0771,0.00587,OK
2.1630,2.1605,2.5,0,364.4,30.6,0.1332,372.8,28.3,0.1237,-198.5,-24.7,0.0000,-209.5,-32.1,-0.0382,-211.9,-4.0,0,0.0,0.0,0.0000,4.21,1.26,-3.77,-3.66,1,-0.0144,-0.510,0.392,26.00,1,364.5,30.6,0.12738,-148.2,19.5,0.0232,0.00568,OK
2.1705,2.1605,10.1,0,364.4,30.6,0.1332,372.8,28.3,0.1237,-198.5,-24.7,0.0000,-194.4,-32.2,-0.0382,-196.9,-6.0,0,0.0,0.0,0.0000,4.48,1.91,-3.78,-3.58,1,0.0022,-0.441,0.422,24.00,1,364.2,30.6,0.12731,-151.5,16.4,-0.0126,0.00579,OK
2.1790,2.1605,18.5,0,364.4,30.6,0.1332,372.8,28.3,0.1237,-198.5,-24.7,0.0000,-184.3,-32.9,-0.0382,-187.0,-8.1,0,0.0,0.0,0.0000,4.57,2.38,-3.45,-3.10,1,0.0211,0.216,-0.186,25.00,1,362.9,30.5,0.12739,-147.5,11.3,0.0284,0.00563,OK
2.1868,2.1605,26.3,0,364.4,30.6,0.1332,372.8,28.3,0.1237,-198.5,-24.7,0.0000,-188.9,-33.4,-0.0382,-191.7,-8.0,0,0.0,0.0,0.0000,4.17,2.45,-3.24,-3.26,1,0.0211,0.216,-0.186,24.00,1,361.8,30.5,0.12760,-142.9,4.7,0.0225,0.00554,OK
2.1946,2.1605,34.1,0,364.4,30.6,0.1332,372.8,28.3,0.1237,-198.5,-24.7,0.0000,-193.6,-34.0,-0.0382,-196.4,-8.0,0,0.0,0.0,0.0000,3.51,2.69,-3.07,-3.21,1,0.0378,-0.069,0.490,24.00,1,360.7,30.3,0.12781,-136.1,-4.1,0.0308,0.00556,OK
2.2031,2.1605,42.7,0,364.4,30.6,0.1332,372.8,28.3,0.1237,-198.5,-24.7,0.0000,-198.7,-34.6,-0.0382,-201.5,-7.9,0,0.0,0.0,0.0000,4.23,2.45,-3.48,-3.36,1,0.0467,-0.726,0.245,25.00,1,359.5,30.2,0.12810,-143.7,10.5,0.0385,0.00559,OK
2.2109,2.1605,50.4,0,364.4,30.6,0.1332,372.8,28.3,0.1237,-198.5,-24.7,0.0000,-203.3,-35.2,-0.0382,-206.2,-7.9,0,0.0,0.0,0.0000,3.96,2.87,-3.53,-3.43,1,0.0522,-0.431,0.539,25.00,1,358.4,30.1,0.12842,-145.0,3.9,0.0436,0.00563,OK
2.2188,2.1605,58.3,0,364.4,30.6,0.1332,372.8,28.3,0.1237,-198.5,-24.7,0.0000,-208.0,-35.8,-0.0382,-210.9,-7.9,0,0.0,0.0,0.0000,3.32,2.85,-3.28,-3.15,1,0.0522,-0.431,0.539,25.00,1,357.3,30.0,0.12873,-132.8,-1.7,0.0387,0.00573,OK
2.2266,2.1605,66.1,0,364.4,30.6,0.1332,372.8,28.3,0.1237,-198.5,-24.7,0.0000,-212.6,-36.4,-0.0382,-215.5,-7.8,0,0.0,0.0,0.0000,3.91,3.21,-3.24,-3.54,1,0.0411,0.275,0.382,25.00,1,356.2,29.8,0.12905,-143.6,-3.5,0.0416,0.00565,OK
2.2343,2.1605,73.8,0,364.4,30.6,0.1332,372.8,28.3,0.1237,-198.5,-24.7,0.0000,-217.2,-36.9,-0.0382,-220.2,-7.8,0,0.0,0.0,0.0000,3.51,2.71,-3.01,-3.38,1,0.0289,-0.108,0.628,24.00,1,355.2,29.7,0.12929,-131.1,-2.0,0.0210,0.00568,OK
2.2445,2.2439,0.5,0,352.1,31.2,0.1218,356.3,26.2,0.1237,-198.5,-24.7,0.0000,-196.9,-38.7,0.0075,-200.1,-14.5,0,0.0,0.0,0.0000,3.33,2.99,-2.95,-3.42,1,0.0289,-0.275,0.598,25.00,1,352.1,31.2,0.12602,-138.2,21.6,-0.0643,0.00601,OK
2.2508,2.2492,1.7,0,350.0,31.7,0.1450,355.2,26.1,0.1237,-198.5,-24.7,0.0000,-184.5,-41.5,-0.0853,-188.5,-14.4,0,0.0,0.0,0.0000,3.73,3.28,-2.90,-3.52,1,0.0289,-0.275,0.598,25.00,1,350.6,31.5,0.13187,-182.1,61.5,0.2265,0.00561,OK
2.2584,2.2492,9.2,0,350.0,31.7,0.1450,355.2,26.1,0.1237,-198.5,-24.7,0.0000,-188.2,-42.3,-0.0853,-192.3,-14.6,0,0.0,0.0,0.0000,3.92,3.41,-3.23,-3.70,1,0.0178,0.716,0.834,25.00,1,350.4,31.5,0.13151,-163.5,32.9,0.0225,0.00546,OK
2.2666,2.2664,0.2,0,349.0,31.4,0.1287,351.8,25.7,0.1237,-198.5,-24.7,0.0000,-190.1,-41.9,-0.0202,-193.9,-17.2,0,0.0,0.0,0.0000,3.78,3.23,-3.45,-4.08,1,0.0178,0.716,0.834,25.00,1,348.7,31.5,0.13082,-113.2,8.5,-0.0312,0.00560,OK
2.2743,2.2741,0.2,0,348.0,31.2,0.1292,350.3,25.5,0.1237,-198.5,-24.7,0.0000,-191.8,-41.7,-0.0221,-195.6,-16.7,0,0.0,0.0,0.0000,3.74,3.68,-3.16,-4.40,1,-0.0078,0.726,0.686,24.00,1,347.8,31.2,0.13043,-118.7,-13.1,-0.0268,0.00563,OK
2.2832,2.2741,9.1,0,348.0,31.2,0.1292,350.3,25.5,0.1237,-198.5,-24.7,0.0000,-197.1,-42.4,-0.0221,-200.9,-16.6,0,0.0,0.0,0.0000,4.23,3.81,-2.78,-4.23,1,-0.0256,0.520,0.579,24.00,1,347.7,31.2,0.13051,-129.2,-4.0,-0.0024,0.00529,OK
2.2902,2.2847,5.5,0,347.0,29.7,0.1307,348.2,25.2,0.1237,-198.5,-24.7,0.0000,-198.2,-38.6,-0.0283,-201.5,-12.4,0,0.0,0.0,0.0000,3.38,3.43,-2.84,-4.35,1,-0.0256,0.520,0.579,24.00,1,346.8,30.1,0.13041,-116.7,-60.6,-0.0298,0.00528,OK
2.2990,2.2923,6.7,0,344.9,30.1,0.1387,346.7,25.0,0.1237,-198.5,-24.7,0.0000,-197.2,-40.3,-0.0600,-200.8,-12.6,0,0.0,0.0,0.0000,3.71,3.63,-3.40,-4.35,1,-0.0567,-0.098,0.706,26.00,1,345.3,29.9,0.13170,-147.9,-23.6,-0.0510,0.00507,OK
2.3068,2.2923,14.5,0,344.9,30.1,0.1387,346.7,25.0,0.1237,-198.5,-24.7,0.0000,-201.8,-40.8,-0.0600,-205.5,-12.6,0,0.0,0.0,0.0000,3.71,3.79,-3.38,-4.21,1,-0.0889,-0.275,0.098,25.00,1,344.4,29.6,0.13129,-146.4,-25.0,-0.0752,0.00485,OK
2.3147,2.2923,22.4,0,344.9,30.1,0.1387,346.7,25.0,0.1237,-198.5,-24.7,0.0000,-206.5,-41.4,-0.0600,-210.2,-12.5,0,0.0,0.0,0.0000,3.49,3.68,-3.16,-5.15,1,-0.1133,0.314,0.677,25.00,1,343.3,29.3,0.13054,-149.3,-35.4,-0.1156,0.00482,OK
2.3222,2.2923,29.9,0,344.9,30.1,0.1387,346.7,25.0,0.1237,-198.5,-24.7,0.0000,-211.0,-42.0,-0.0600,-214.8,-12.4,0,0.0,0.0,0.0000,3.36,4.11,-3.44,-5.38,1,-0.1189,0.853,0.785,25.00,1,342.2,28.8,0.12961,-156.2,-39.6,-0.1272,0.00487,OK
2.3312,2.2923,38.9,0,344.9,30.1,0.1387,346.7,25.0,0.1237,-198.5,-24.7,0.0000,-216.3,-42.6,-0.0600,-220.2,-12.3,0,0.0,0.0,0.0000,3.91,4.53,-3.60,-5.64,1,-0.1189,0.853,0.785,25.00,1,340.8,28.3,0.12852,-168.6,-38.9,-0.1171,0.00479,OK
2.3390,2.2923,46.7,0,344.9,30.1,0.1387,346.7,25.0,0.1237,-198.5,-24.7,0.0000,-221.0,-43.2,-0.0600,-224.8,-12.3,0,0.0,0.0,0.0000,4.30,4.71,-3.53,-5.69,1,-0.1256,0.755,0.549,24.00,1,339.5,27.8,0.12764,-173.2,-38.7,-0.1121,0.00458,OK
2.3469,2.2923,54.6,0,344.9,30.1,0.1387,346.7,25.0,0.1237,-198.5,-24.7,0.0000,-225.7,-43.8,-0.0600,-229.6,-12.2,0,0.0,0.0,0.0000,4.12,4.23,-3.75,-5.64,1,-0.1467,0.834,0.392,24.00,1,338.2,27.4,0.12665,-168.6,-30.4,-0.1413,0.00447,OK
2.3542,2.2923,61.9,0,344.9,30.1,0.1387,346.7,25.0,0.1237,-198.5,-24.7,0.0000,-230.0,-44.4,-0.0600,-234.0,-12.1,0,0.0,0.0,0.0000,4.32,4.27,-3.10,-6.07,1,-0.1433,0.226,-0.127,25.00,1,337.0,27.0,0.12568,-166.9,-40.9,-0.1290,0.00426,OK
2.3627,2.3625,0.2,0,339.8,28.8,0.1273,332.7,23.3,0.1237,-198.5,-24.7,0.0000,-219.7,-41.1,-0.0147,-223.2,-12.8,0,0.0,0.0,0.0000,4.42,4.48,-3.87,-6.52,1,-0.1433,0.226,-0.127,25.00,1,339.6,28.7,0.12472,-81.2,4.5,-0.0960,0.00413,OK
2.3703,2.3625,7.8,0,339.8,28.8,0.1273,332.7,23.3,0.1237,-198.5,-24.7,0.0000,-224.3,-41.6,-0.0147,-227.8,-12.8,0,0.0,0.0,0.0000,4.60,5.17,-3.75,-6.21,1,-0.1133,0.275,0.206,25.00,1,339.5,28.7,0.12493,-109.2,-8.2,-0.0218,0.00413,OK
2.3788,2.3625,16.3,0,339.8,28.8,0.1273,332.7,23.3,0.1237,-198.5,-24.7,0.0000,-229.3,-42.3,-0.0147,-232.8,-12.8,0,0.0,0.0,0.0000,5.08,6.14,-3.96,-6.75,1,-0.0933,1.128,-0.206,25.00,1,338.6,28.5,0.12447,-134.5,-21.3,-0.0867,0.00401,OK
2.3860,2.3625,23.5,0,339.8,28.8,0.1273,332.7,23.3,0.1237,-198.5,-24.7,0.0000,-233.6,-42.8,-0.0147,-237.2,-12.8,0,0.0,0.0,0.0000,4.44,5.72,-3.63,-6.60,1,-0.0689,0.618,-0.481,25.00,1,337.6,28.2,0.12391,-125.7,-25.0,-0.0690,0.00396,OK
2.3948,2.3937,1.1,0,329.1,26.7,0.1192,326.5,22.5,0.1237,-198.5,-24.7,0.0000,-216.4,-39.1,0.0179,-219.5,-13.1,0,0.0,0.0,0.0000,4.92,5.92,-4.06,-6.75,1,-0.0689,0.618,-0.481,25.00,1,330.1,26.7,0.12168,-330.1,-32.7,-0.1039,0.00399,OK
2.4022,2.4020,0.2,0,327.8,26.1,0.1243,324.9,22.3,0.1237,-198.5,-24.7,0.0000,-207.2,-35.8,-0.0024,-210.1,-9.9,0,0.0,0.0,0.0000,5.57,5.91,-4.08,-6.97,1,-0.0544,-0.343,-0.020,25.00,1,327.8,26.1,0.12221,-284.0,-38.8,-0.0117,0.00384,OK
2.4108,2.4106,0.2,0,326.7,25.5,0.1154,323.2,22.1,0.1237,-198.5,-24.7,0.0000,-209.2,-34.9,0.0331,-211.8,-10.6,0,0.0,0.0,0.0000,5.28,6.27,-4.62,-6.97,1,-0.0344,1.187,0.716,24.00,1,326.2,25.5,0.12014,-225.6,-40.0,-0.1272,0.00394,OK
2.4189,2.4106,8.3,0,326.7,25.5,0.1154,323.2,22.1,0.1237,-198.5,-24.7,0.0000,-214.0,-35.5,0.0331,-216.7,-10.6,0,0.0,0.0,0.0000,5.37,6.30,-4.60,-7.48,1,-0.0344,1.128,-0.451,25.00,1,326.0,25.5,0.12039,-259.0,-37.8,-0.0400,0.00395,OK
2.4269,2.4197,7.3,0,325.1,25.6,0.1161,321.4,21.9,0.1237,-198.5,-24.7,0.0000,-214.0,-36.3,0.0301,-216.8,-11.3,0,0.0,0.0,0.0000,5.68,5.99,-4.81,-7.15,1,-0.0100,-0.716,0.775,26.00,1,324.5,25.4,0.11936,-226.9,-8.3,-0.0157,0.00403,OK
2.4346,2.4273,7.4,0,322.2,25.2,0.1194,319.9,21.7,0.1237,-198.5,-24.7,0.0000,-210.0,-35.7,0.0172,-212.7,-10.5,0,0.0,0.0,0.0000,4.46,5.87,-4.80,-7.51,1,-0.0100,-0.716,0.775,25.00,1,322.5,25.2,0.11916,-227.1,-16.1,-0.0403,0.00433,OK
2.4427,2.4360,6.6,0,321.6,24.5,0.1129,318.1,21.5,0.1237,-198.5,-24.7,0.0000,-212.8,-34.1,0.0431,-215.3,-9.9,0,0.0,0.0,0.0000,2.66,6.67,-4.89,-7.54,1,0.0100,0.647,0.402,24.00,1,321.2,24.5,0.11762,-189.3,-56.9,-0.0715,0.00487,OK
2.4506,2.4448,5.8,0,320.1,23.3,0.1079,316.4,21.3,0.1237,-198.5,-24.7,0.0000,-213.0,-31.3,0.0633,-215.2,-8.1,0,0.0,0.0,0.0000,3.41,7.11,-5.23,-7.46,1,0.0267,1.746,-0.628,24.00,1,319.8,23.5,0.11563,-194.8,-70.7,-0.0395,0.00538,OK
2.4585,2.4531,5.4,0,317.2,23.8,0.1052,314.7,21.1,0.1237,-198.5,-24.7,0.0000,-209.2,-33.3,0.0741,-211.5,-11.1,0,0.0,0.0,0.0000,4.91,6.59,-4.54,-7.22,1,0.0756,0.147,-0.118,24.00,1,317.7,23.5,0.11413,-224.2,-8.6,0.0313,0.00574,OK
2.4670,2.4616,5.3,0,315.4,22.9,0.1132,313.1,20.9,0.1237,-198.5,-24.7,0.0000,-208.7,-31.0,0.0419,-210.9,-7.2,0,0.0,0.0,0.0000,6.35,6.78,-4.87,-7.03,1,0.1100,-0.010,-0.549,25.00,1,315.5,23.0,0.11464,-245.7,-16.5,0.1029,0.00574,OK
2.4747,2.4700,4.7,0,313.7,22.7,0.1147,311.4,20.7,0.1237,-198.5,-24.7,0.0000,-208.1,-31.0,0.0358,-210.3,-7.0,0,0.0,0.0,0.0000,6.69,6.84,-4.44,-6.81,1,0.1100,-0.010,-0.549,25.00,1,313.6,22.6,0.11548,-237.2,-15.2,0.1160,0.00558,OK
2.4828,2.4783,4.5,0,310.7,22.0,0.1159,309.7,20.5,0.1237,-198.5,-24.7,0.0000,-204.1,-29.7,0.0312,-206.2,-5.9,0,0.0,0.0,0.0000,7.25,6.93,-4.77,-7.20,1,0.1611,0.294,-0.471,25.00,1,311.1,22.1,0.11665,-272.4,-21.6,0.1609,0.00549,OK
2.4909,2.4866,4.3,0,309.1,21.7,0.1223,308.1,20.3,0.1237,-198.5,-24.7,0.0000,-204.2,-29.3,0.0057,-206.2,-4.2,0,0.0,0.0,0.0000,7.34,7.03,-4.73,-7.16,1,0.2067,0.049,0.431,24.00,1,309.1,21.7,0.11899,-261.3,-20.0,0.2221,0.00535,OK
2.4990,2.4951,4.0,0,307.4,21.2,0.1280,306.4,20.0,0.1237,-198.5,-24.7,0.0000,-203.9,-28.4,-0.0175,-205.9,-2.1,0,0.0,0.0,0.0000,7.92,7.27,-4.64,-6.62,1,0.2267,0.206,0.010,25.00,1,307.2,21.2,0.12217,-245.6,-22.3,0.2708,0.00502,OK
2.5061,2.5037,2.4,0,305.9,21.2,0.1341,304.7,19.8,0.1237,-198.5,-24.7,0.0000,-203.5,-29.1,-0.0418,-205.6,-1.6,0,0.0,0.0,0.0000,8.34,7.40,-5.17,-6.98,1,0.2267,0.206,0.010,26.00,1,305.5,21.1,0.12592,-225.3,10.4,0.3197,0.00467,OK
2.5147,2.5124,2.3,0,303.5,20.8,0.1224,303.0,19.6,0.1237,-198.5,-24.7,0.0000,-201.4,-28.5,0.0052,-203.3,-3.7,0,0.0,0.0,0.0000,7.88,7.55,-4.61,-7.04,1,0.2689,0.608,0.157,25.00,1,303.5,20.8,0.12728,-234.2,-8.6,0.2272,0.00460,OK
2.5225,2.5201,2.3,0,301.6,20.7,0.1331,301.4,19.4,0.1237,-198.5,-24.7,0.0000,-200.4,-28.7,-0.0378,-202.4,-1.9,0,0.0,0.0,0.0000,8.18,7.85,-4.94,-6.99,1,0.2689,0.500,-1.461,26.00,1,301.6,20.6,0.13012,-240.8,7.9,0.3082,0.00438,OK
2.5306,2.5292,1.4,0,299.3,20.7,0.1293,299.6,19.2,0.1237,-198.5,-24.7,0.0000,-198.2,-29.2,-0.0226,-200.3,-3.4,0,0.0,0.0,0.0000,7.79,7.30,-5.06,-6.68,1,0.3067,-0.579,0.392,24.00,1,299.4,20.6,0.13226,-242.0,25.2,0.2678,0.00436,OK
2.5387,2.5374,1.2,0,296.3,20.6,0.1330,298.0,19.0,0.1237,-198.5,-24.7,0.0000,-194.2,-29.5,-0.0373,-196.4,-3.5,0,0.0,0.0,0.0000,8.33,7.33,-4.60,-6.45,1,0.3067,-0.579,0.392,24.00,1,296.8,20.5,0.13461,-279.3,29.0,0.2953,0.00420,OK
2.5468,2.5456,1.2,0,294.8,20.3,0.1412,296.4,18.8,0.1237,-198.5,-24.7,0.0000,-194.6,-29.4,-0.0701,-196.8,-1.7,0,0.0,0.0,0.0000,8.85,7.18,-5.04,-6.92,1,0.3011,-1.481,1.167,25.00,1,294.8,20.4,0.13793,-259.8,15.3,0.3557,0.00401,OK
2.5545,2.5542,0.3,0,293.1,20.2,0.1364,294.7,18.6,0.1237,-198.5,-24.7,0.0000,-193.9,-29.4,-0.0510,-196.1,-2.8,0,0.0,0.0,0.0000,8.25,7.02,-5.39,-6.80,1,0.2422,-0.177,-1.432,25.00,1,292.9,20.2,0.13909,-234.0,11.0,0.1973,0.00394,OK
2.5621,2.5542,7.9,0,293.1,20.2,0.1364,294.7,18.6,0.1237,-198.5,-24.7,0.0000,-198.4,-30.0,-0.0510,-200.7,-2.7,0,0.0,0.0,0.0000,7.46,7.20,-5.16,-7.13,1,0.2322,0.147,0.814,24.00,1,292.8,20.2,0.13927,-246.4,5.1,0.2512,0.00394,OK
2.5701,2.5687,1.4,0,290.4,20.5,0.1513,291.8,18.2,0.1237,-198.5,-24.7,0.0000,-195.0,-31.7,-0.1104,-197.6,-2.0,0,0.0,0.0,0.0000,7.33,6.96,-5.18,-7.04,1,0.1856,-1.510,2.069,24.00,1,290.0,20.4,0.14412,-195.4,48.5,0.2884,0.00375,OK
2.5788,2.5714,7.3,0,288.5,20.2,0.1481,291.3,18.2,0.1237,-198.5,-24.7,0.0000,-194.6,-31.4,-0.0977,-197.1,-2.4,0,0.0,0.0,0.0000,7.54,6.51,-5.39,-6.50,1,0.1856,-1.510,2.069,26.00,1,289.0,20.3,0.14503,-227.7,35.9,0.1892,0.00363,OK
2.5870,2.5798,7.3,0,287.0,19.6,0.1453,289.6,18.0,0.1237,-198.5,-24.7,0.0000,-194.9,-30.2,-0.0865,-197.2,-1.7,0,0.0,0.0,0.0000,7.65,6.28,-5.79,-6.66,1,0.0744,-0.020,-1.804,25.00,1,287.0,19.9,0.14595,-237.4,15.5,0.0822,0.00351,OK
2.5948,2.5881,6.7,0,285.7,19.6,0.1499,288.0,17.7,0.1237,-198.5,-24.7,0.0000,-195.7,-30.6,-0.1049,-198.1,-1.0,0,0.0,0.0,0.0000,8.08,5.46,-5.72,-6.64,1,0.0656,0.294,0.431,25.00,1,285.4,19.6,0.14713,-219.5,17.1,0.0753,0.00334,OK
2.6031,2.5967,6.4,0,283.7,17.9,0.1505,286.2,17.5,0.1237,-198.5,-24.7,0.0000,-194.6,-26.4,-0.1072,-196.3,3.1,0,0.0,0.0,0.0000,7.90,5.33,-5.45,-3.36,1,-0.0144,-2.197,1.098,25.00,1,283.7,18.5,0.14865,-187.0,-13.4,0.1614,0.00259,OK
2.6103,2.6048,5.5,0,281.2,18.7,0.1450,284.6,17.3,0.1237,-198.5,-24.7,0.0000,-191.5,-29.2,-0.0852,-193.7,-1.2,0,0.0,0.0,0.0000,6.68,4.79,-5.86,-2.24,1,-0.1222,-1.206,-1.049,25.00,1,281.8,18.6,0.14831,-182.8,29.6,-0.0104,0.00209,OK
2.6185,2.6133,5.3,0,279.8,18.6,0.1483,283.0,17.1,0.1237,-198.5,-24.7,0.0000,-192.0,-29.6,-0.0984,-194.3,-0.9,0,0.0,0.0,0.0000,6.57,4.94,-5.97,-6.22,1,-0.1222,-1.206,-1.049,25.00,1,279.8,18.5,0.14765,-235.6,-1.8,-0.1103,0.00195,OK
2.6271,2.6133,13.9,0,279.8,18.6,0.1483,283.0,17.1,0.1237,-198.5,-24.7,0.0000,-197.2,-30.2,-0.0984,-199.5,-0.8,0,0.0,0.0,0.0000,6.04,4.79,-5.76,-7.19,1,-0.2356,1.000,0.657,25.00,1,278.5,18.2,0.14650,-235.1,-18.3,-0.2283,0.00185,OK
2.6348,2.6300,4.8,0,276.6,17.8,0.1426,279.6,16.7,0.1237,-198.5,-24.7,0.0000,-192.2,-28.2,-0.0757,-194.3,-0.6,0,0.0,0.0,0.0000,4.96,4.46,-5.85,-6.73,1,-0.2967,0.422,-0.618,25.00,1,276.4,17.8,0.14338,-204.5,-17.4,-0.2971,0.00183,OK
2.6421,2.6300,12.1,0,276.6,17.8,0.1426,279.6,16.7,0.1237,-198.5,-24.7,0.0000,-196.6,-28.8,-0.0757,-198.7,-0.5,0,0.0,0.0,0.0000,5.08,3.62,-5.93,-6.66,1,-0.3500,-2.001,0.284,24.00,1,275.6,17.6,0.14197,-200.1,-3.7,-0.3475,0.00178,OK
2.6508,2.6465,4.4,0,273.6,17.3,0.1388,276.4,16.3,0.1237,-198.5,-24.7,0.0000,-192.7,-28.0,-0.0607,-194.7,-1.1,0,0.0,0.0,0.0000,5.39,3.81,-5.17,-6.90,1,-0.3500,-2.001,0.284,25.00,1,273.5,17.3,0.13800,-188.4,-7.8,-0.3319,0.00159,OK
2.6584,2.6559,2.5,0,271.8,17.3,0.1292,274.5,16.1,0.1237,-198.5,-24.7,0.0000,-191.8,-28.5,-0.0221,-193.8,-3.5,0,0.0,0.0,0.0000,4.98,4.15,-5.69,-7.01,1,-0.3644,-1.069,0.177,26.00,1,271.7,17.2,0.13350,-190.2,9.7,-0.4038,0.00161,OK
2.6662,2.6559,10.3,0,271.8,17.3,0.1292,274.5,16.1,0.1237,-198.5,-24.7,0.0000,-196.4,-29.0,-0.0221,-198.5,-3.5,0,0.0,0.0,0.0000,5.57,4.19,-5.78,-7.08,1,-0.3767,0.530,0.343,25.00,1,271.3,17.1,0.13273,-200.8,4.1,-0.3625,0.00144,OK
2.6741,2.6709,3.2,0,268.5,17.2,0.1327,271.5,15.7,0.1237,-198.5,-24.7,0.0000,-191.4,-29.3,-0.0363,-193.6,-3.7,0,0.0,0.0,0.0000,5.12,3.94,-5.23,-6.91,1,-0.4078,0.608,0.608,25.00,1,268.6,17.1,0.12891,-196.2,16.4,-0.3568,0.00115,OK
2.6825,2.6811,1.4,0,267.2,17.3,0.1273,269.5,15.5,0.1237,-198.5,-24.7,0.0000,-192.4,-30.2,-0.0146,-194.7,-5.5,0,0.0,0.0,0.0000,4.83,3.78,-5.57,-6.84,1,-0.4078,0.608,0.608,24.00,1,267.0,17.2,0.12539,-168.5,30.5,-0.3679,0.00100,OK
2.6901,2.6811,9.0,0,267.2,17.3,0.1273,269.5,15.5,0.1237,-198.5,-24.7,0.0000,-196.9,-30.7,-0.0146,-199.2,-5.5,0,0.0,0.0,0.0000,4.53,3.40,-5.44,-6.90,1,-0.4267,-0.177,0.324,25.00,1,266.8,17.2,0.12485,-174.0,20.6,-0.4225,0.00094,OK
2.6990,2.6922,6.8,0,265.4,17.6,0.1203,267.3,15.2,0.1237,-198.5,-24.7,0.0000,-196.9,-32.3,0.0133,-199.4,-8.4,0,0.0,0.0,0.0000,4.51,3.55,-5.36,-6.76,1,-0.4656,-1.206,-0.029,25.00,1,265.3,17.4,0.12039,-165.8,28.4,-0.4525,0.00082,OK
2.7065,2.7012,5.3,0,263.4,17.2,0.1148,265.5,15.0,0.1237,-198.5,-24.7,0.0000,-195.3,-31.6,0.0356,-197.7,-9.1,0,0.0,0.0,0.0000,4.38,3.59,-5.92,-6.47,1,-0.4433,-1.108,-0.000,25.00,1,263.5,17.3,0.11611,-179.3,16.4,-0.4419,0.00079,OK
2.7142,2.7098,4.4,0,262.0,16.8,0.1145,263.8,14.7,0.1237,-198.5,-24.7,0.0000,-195.8,-31.3,0.0367,-198.1,-8.7,0,0.0,0.0,0.0000,3.99,3.79,-5.64,-6.21,1,-0.4022,0.010,-0.039,26.00,1,262.1,17.0,0.11298,-174.1,-6.9,-0.3913,0.00072,OK
2.7224,2.7209,1.5,0,261.1,16.6,0.1098,261.6,14.5,0.1237,-198.5,-24.7,0.0000,-197.8,-31.2,0.0556,-200.1,-9.3,0,0.0,0.0,0.0000,3.52,3.49,-5.05,-6.68,1,-0.4022,0.010,-0.039,24.00,1,260.8,16.6,0.10871,-128.7,-15.9,-0.3931,0.00076,OK
2.7310,2.7276,3.4,0,260.1,16.6,0.1115,260.3,14.3,0.1237,-198.5,-24.7,0.0000,-199.9,-31.9,0.0489,-202.2,-9.5,0,0.0,0.0,0.0000,4.14,4.02,-5.10,-5.96,1,-0.3644,0.118,0.785,25.00,1,259.9,16.6,0.10739,-142.0,1.7,-0.3176,0.00055,OK
2.7386,2.7353,3.3,0,257.8,16.6,0.0975,258.7,14.1,0.1237,-198.5,-24.7,0.0000,-197.5,-32.4,0.1048,-199.7,-13.0,0,0.0,0.0,0.0000,4.56,3.47,-4.56,-5.85,1,-0.3289,-0.431,-0.157,25.00,1,258.3,16.6,0.10361,-177.5,13.8,-0.3650,0.00051,OK
2.7462,2.7438,2.4,0,256.2,16.6,0.0991,257.0,13.9,0.1237,-198.5,-24.7,0.0000,-197.3,-33.0,0.0982,-199.5,-13.3,0,0.0,0.0,0.0000,4.23,3.52,-4.63,-4.94,1,-0.2511,-0.255,-0.402,25.00,1,256.5,16.6,0.10124,-184.9,23.2,-0.2589,0.00039,OK
2.7551,2.7535,1.7,0,255.2,16.2,0.0999,255.1,13.7,0.1237,-198.5,-24.7,0.0000,-199.7,-32.5,0.0950,-202.0,-12.4,0,0.0,0.0,0.0000,4.09,3.59,-4.32,-5.34,1,-0.2511,-0.255,-0.402,25.00,1,255.1,16.3,0.09915,-157.9,-13.4,-0.2262,0.00025,OK
2.7631,2.7605,2.7,0,253.6,16.1,0.1052,253.7,13.5,0.1237,-198.5,-24.7,0.0000,-199.5,-32.7,0.0739,-201.9,-11.6,0,0.0,0.0,0.0000,4.41,3.25,-4.17,-5.30,1,-0.1800,-0.343,0.490,25.00,1,253.7,16.2,0.09937,-176.2,-2.1,-0.1100,0.00008,OK
2.7714,2.7697,1.8,0,252.1,15.9,0.0963,251.9,13.3,0.1237,-198.5,-24.7,0.0000,-200.2,-32.7,0.1094,-202.4,-13.3,0,0.0,0.0,0.0000,4.75,3.78,-3.87,-5.32,1,-0.1256,-0.696,0.245,25.00,1,252.1,15.9,0.09795,-175.0,-8.6,-0.1349,-0.00004,OK
2.7787,2.7776,1.1,0,250.7,15.8,0.0952,250.3,13.1,0.1237,-198.5,-24.7,0.0000,-200.3,-33.0,0.1138,-202.5,-13.8,0,0.0,0.0,0.0000,4.67,4.08,-3.77,-5.07,1,-0.0644,-0.108,-0.137,25.00,1,250.8,15.8,0.09721,-174.8,-1.0,-0.0874,-0.00013,OK
2.7871,2.7868,0.3,0,249.6,15.6,0.0937,248.5,12.8,0.1237,-198.5,-24.7,0.0000,-202.1,-32.9,0.1199,-204.2,-13.9,0,0.0,0.0,0.0000,5.13,4.11,-3.48,-5.10,1,-0.0189,0.157,0.628,25.00,1,249.5,15.6,0.09654,-149.1,-7.4,-0.0665,-0.00026,OK
2.7947,2.7945,0.2,0,248.6,15.3,0.0982,247.0,12.7,0.1237,-198.5,-24.7,0.0000,-203.6,-32.6,0.1019,-205.8,-12.5,0,0.0,0.0,0.0000,4.92,4.21,-3.81,-5.06,1,-0.0189,0.157,0.628,27.00,1,248.5,15.3,0.09751,-141.7,-18.3,0.0670,-0.00027,OK
2.8026,2.8025,0.1,0,247.5,14.9,0.0971,245.4,12.5,0.1237,-198.5,-24.7,0.0000,-204.9,-32.0,0.1062,-207.0,-12.0,0,0.0,0.0,0.0000,4.73,4.19,-3.84,-4.73,1,0.0256,0.127,-0.186,24.00,1,247.4,15.0,0.09753,-139.4,-32.1,0.0224,-0.00034,OK
2.8101,2.8087,1.4,0,245.9,15.4,0.0926,244.2,12.3,0.1237,-198.5,-24.7,0.0000,-204.5,-34.0,0.1242,-206.7,-15.0,0,0.0,0.0,0.0000,4.56,4.34,-3.80,-4.59,1,0.0700,0.167,-0.049,24.00,1,246.2,15.2,0.09695,-170.2,35.8,-0.0128,-0.00029,OK
2.8188,2.8163,2.4,0,244.6,14.8,0.0968,242.7,12.1,0.1237,-198.5,-24.7,0.0000,-205.8,-33.0,0.1074,-208.0,-12.9,0,0.0,0.0,0.0000,4.83,4.81,-3.03,-4.37,1,0.1022,-0.020,-0.029,25.00,1,244.8,14.9,0.09793,-172.0,-19.3,0.1117,-0.00052,OK
2.8260,2.8163,9.7,0,244.6,14.8,0.0968,242.7,12.1,0.1237,-198.5,-24.7,0.0000,-210.1,-33.5,0.1074,-212.4,-13.0,0,0.0,0.0,0.0000,5.34,4.65,-3.22,-4.56,1,0.1022,-0.020,-0.029,25.00,1,244.5,14.9,0.09817,-168.8,-7.7,0.1268,-0.00080,OK
2.8343,2.8163,18.0,0,244.6,14.8,0.0968,242.7,12.1,0.1237,-198.5,-24.7,0.0000,-215.1,-34.1,0.1074,-217.4,-13.2,0,0.0,0.0,0.0000,4.90,4.65,-3.19,-4.48,1,0.1767,-0.010,-0.000,24.00,1,243.2,14.6,0.09945,-165.2,-8.3,0.1822,-0.00086,OK
2.8426,2.8163,26.3,0,244.6,14.8,0.0968,242.7,12.1,0.1237,-198.5,-24.7,0.0000,-220.0,-34.7,0.1074,-222.4,-13.3,0,0.0,0.0,0.0000,5.52,4.88,-3.05,-4.26,1,0.2311,0.167,-0.137,24.00,1,241.8,14.5,0.10126,-167.8,-5.6,0.2487,-0.00107,OK
2.8513,2.8163,35.0,0,244.6,14.8,0.0968,242.7,12.1,0.1237,-198.5,-24.7,0.0000,-225.2,-35.4,0.1074,-227.6,-13.4,0,0.0,0.0,0.0000,5.85,5.04,-3.43,-4.41,1,0.2611,-0.049,-0.481,25.00,1,240.3,14.3,0.10354,-177.0,-0.1,0.2738,-0.00121,OK
2.8591,2.8163,42.7,0,244.6,14.8,0.0968,242.7,12.1,0.1237,-198.5,-24.7,0.0000,-229.8,-36.0,0.1074,-232.2,-13.6,0,0.0,0.0,0.0000,5.54,5.18,-2.67,-4.19,1,0.2611,-0.049,-0.481,25.00,1,239.0,14.1,0.10572,-165.0,-13.0,0.2860,-0.00151,OK
2.8667,2.8163,50.4,0,244.6,14.8,0.0968,242.7,12.1,0.1237,-198.5,-24.7,0.0000,-234.4,-36.5,0.1074,-236.8,-13.7,0,0.0,0.0,0.0000,5.74,4.78,-3.23,-3.88,1,0.2944,-0.049,0.206,25.00,1,237.7,13.9,0.10800,-166.5,5.0,0.3092,-0.00167,OK
2.8752,2.8738,1.4,0,238.8,14.7,0.1109,231.2,10.7,0.1237,-198.5,-24.7,0.0000,-222.0,-36.9,0.0511,-224.7,-12.1,0,0.0,0.0,0.0000,5.62,5.55,-3.65,-4.14,1,0.3067,0.108,-0.000,26.00,1,238.6,14.7,0.11213,-104.1,16.3,0.2942,-0.00174,OK
2.8825,2.8738,8.6,0,238.8,14.7,0.1109,231.2,10.7,0.1237,-198.5,-24.7,0.0000,-226.3,-37.4,0.0511,-229.1,-12.1,0,0.0,0.0,0.0000,5.48,5.54,-3.99,-4.09,1,0.3100,0.304,-0.206,25.00,1,238.5,14.7,0.11238,-121.5,16.9,0.3129,-0.00176,OK
2.8907,2.8738,16.9,0,238.8,14.7,0.1109,231.2,10.7,0.1237,-198.5,-24.7,0.0000,-231.2,-38.0,0.0511,-234.0,-12.2,0,0.0,0.0,0.0000,6.03,4.87,-3.89,-4.07,1,0.3089,0.981,0.510,25.00,1,237.5,14.8,0.11495,-124.3,24.8,0.3138,-0.00179,OK
2.8984,2.8738,24.5,0,238.8,14.7,0.1109,231.2,10.7,0.1237,-198.5,-24.7,0.0000,-235.8,-38.6,0.0511,-238.6,-12.3,0,0.0,0.0,0.0000,6.38,4.66,-3.61,-4.14,1,0.3089,0.981,0.510,25.00,1,236.5,14.8,0.11737,-126.1,23.3,0.3167,-0.00187,OK
2.9068,2.8738,33.0,0,238.8,14.7,0.1109,231.2,10.7,0.1237,-198.5,-24.7,0.0000,-240.8,-39.2,0.0511,-243.7,-12.3,0,0.0,0.0,0.0000,6.26,4.96,-3.85,-4.17,1,0.2956,0.726,0.137,24.00,1,235.4,14.9,0.11999,-134.2,22.1,0.3049,-0.00195,OK
2.9148,2.8738,41.0,0,238.8,14.7,0.1109,231.2,10.7,0.1237,-198.5,-24.7,0.0000,-245.6,-39.8,0.0511,-248.5,-12.4,0,0.0,0.0,0.0000,6.67,5.26,-3.93,-4.17,1,0.2911,0.039,-0.186,25.00,1,234.3,14.9,0.12246,-142.7,22.2,0.3080,-0.00213,OK
2.9228,2.9203,2.5,0,228.0,14.6,0.1262,222.0,9.6,0.1237,-198.5,-24.7,0.0000,-229.6,-39.9,-0.0102,-232.8,-10.7,0,0.0,0.0,0.0000,6.18,5.55,-3.50,-4.37,1,0.2956,-0.226,0.275,25.00,1,228.4,14.6,0.12650,-233.9,11.5,0.3073,-0.00227,OK
2.9306,2.9261,4.5,0,226.4,14.3,0.1282,220.9,9.4,0.1237,-198.5,-24.7,0.0000,-217.7,-39.6,-0.0181,-221.0,-11.5,0,0.0,0.0,0.0000,6.72,5.46,-3.98,-4.54,1,0.2633,0.137,0.294,25.00,1,226.7,14.4,0.12813,-243.9,9.7,0.2814,-0.00245,OK
2.9388,2.9343,4.4,0,224.9,14.5,0.1261,219.2,9.2,0.1237,-198.5,-24.7,0.0000,-218.0,-40.9,-0.0095,-221.5,-13.2,0,0.0,0.0,0.0000,7.08,5.48,-4.44,-4.51,1,0.2633,0.137,0.294,25.00,1,224.8,14.4,0.12938,-235.1,33.5,0.2615,-0.00253,OK
2.9462,2.9428,3.4,0,223.2,14.8,0.1370,217.6,9.0,0.1237,-198.5,-24.7,0.0000,-217.3,-42.4,-0.0535,-221.1,-12.3,0,0.0,0.0,0.0000,6.62,5.33,-4.59,-4.86,1,0.2689,0.755,-0.569,25.00,1,223.0,14.7,0.13288,-219.4,50.0,0.3133,-0.00266,OK
2.9540,2.9539,0.1,0,221.1,14.4,0.1429,215.3,8.7,0.1237,-198.5,-24.7,0.0000,-215.7,-41.8,-0.0770,-219.4,-10.7,0,0.0,0.0,0.0000,6.50,5.35,-4.55,-5.29,1,0.2444,0.755,0.559,24.00,1,220.8,14.5,0.13762,-199.2,6.5,0.3913,-0.00278,OK
2.9629,2.9602,2.7,0,219.9,14.5,0.1361,214.1,8.6,0.1237,-198.5,-24.7,0.0000,-217.6,-42.8,-0.0495,-221.4,-12.9,0,0.0,0.0,0.0000,6.53,5.12,-4.69,-5.32,1,0.2222,-0.392,0.559,25.00,1,219.7,14.5,0.13804,-194.7,25.9,0.1997,-0.00273,OK
2.9707,2.9602,10.6,0,219.9,14.5,0.1361,214.1,8.6,0.1237,-198.5,-24.7,0.0000,-222.3,-43.3,-0.0495,-226.1,-12.8,0,0.0,0.0,0.0000,7.75,5.07,-5.13,-5.65,1,0.2222,-0.392,0.559,25.00,1,219.2,14.5,0.13866,-217.3,35.5,0.2277,-0.00276,OK
2.9789,2.9764,2.5,0,216.1,14.5,0.1461,210.9,8.2,0.1237,-198.5,-24.7,0.0000,-215.6,-43.8,-0.0898,-219.7,-11.9,0,0.0,0.0,0.0000,7.24,6.00,-5.39,-5.74,1,0.1933,0.569,-0.000,25.00,1,216.1,14.5,0.14259,-225.5,24.2,0.2506,-0.00293,OK
2.9864,2.9764,10.0,0,216.1,14.5,0.1461,210.9,8.2,0.1237,-198.5,-24.7,0.0000,-220.0,-44.3,-0.0898,-224.1,-11.8,0,0.0,0.0,0.0000,7.28,5.82,-4.67,-5.90,1,0.1333,1.020,0.412,24.00,1,215.7,14.4,0.14278,-217.7,12.3,0.1552,-0.00313,OK
2.9948,2.9934,1.4,0,213.1,14.6,0.1463,207.5,7.8,0.1237,-198.5,-24.7,0.0000,-216.2,-45.4,-0.0907,-220.5,-13.3,0,0.0,0.0,0.0000,6.35,5.34,-2.29,-6.32,1,0.0856,-0.696,-0.265,24.00,1,213.1,14.5,0.14505,-163.6,16.2,0.1322,-0.00337,OK
3.0022,3.0020,0.2,0,211.3,14.5,0.1390,205.8,7.5,0.1237,-198.5,-24.7,0.0000,-215.1,-45.5,-0.0613,-219.4,-15.3,0,0.0,0.0,0.0000,6.67,5.55,-1.93,-6.18,1,0.0856,-0.696,-0.265,25.00,1,211.4,14.4,0.14408,-179.4,17.1,-0.0229,-0.00347,OK
3.0104,3.0102,0.2,0,208.8,14.7,0.1414,204.2,7.3,0.1237,-198.5,-24.7,0.0000,-212.4,-46.7,-0.0708,-216.8,-16.3,0,0.0,0.0,0.0000,6.93,5.78,-4.25,-6.67,1,0.0300,-0.441,0.657,25.00,1,209.1,14.6,0.14383,-251.6,58.9,-0.0157,-0.00357,OK
3.0189,3.0102,8.8,0,208.8,14.7,0.1414,204.2,7.3,0.1237,-198.5,-24.7,0.0000,-217.4,-47.3,-0.0708,-221.9,-16.2,0,0.0,0.0,0.0000,6.11,5.94,-5.70,-6.70,1,-0.0100,0.990,0.186,25.00,1,209.0,14.6,0.14385,-236.7,46.1,-0.0062,-0.00357,OK
3.0270,3.0215,5.6,0,207.3,14.5,0.1423,201.9,7.1,0.1237,-198.5,-24.7,0.0000,-217.8,-47.5,-0.0747,-222.3,-16.1,0,0.0,0.0,0.0000,6.72,5.92,-5.71,-6.50,1,-0.0644,0.765,0.726,25.00,1,206.9,14.6,0.14328,-217.9,36.5,-0.0507,-0.00368,OK
3.0349,3.0282,6.7,0,206.0,14.4,0.1420,200.6,6.9,0.1237,-198.5,-24.7,0.0000,-218.7,-47.7,-0.0733,-223.2,-16.2,0,0.0,0.0,0.0000,6.96,6.09,-5.99,-7.26,1,-0.1200,0.177,0.941,25.00,1,205.7,14.5,0.14254,-220.9,23.2,-0.1045,-0.00380,OK
3.0423,3.0282,14.1,0,206.0,14.4,0.1420,200.6,6.9,0.1237,-198.5,-24.7,0.0000,-223.1,-48.2,-0.0733,-227.7,-16.2,0,0.0,0.0,0.0000,6.63,5.20,-6.20,-6.96,1,-0.2044,-0.373,0.324,25.00,1,204.4,14.4,0.14159,-212.0,33.2,-0.1881,-0.00392,OK
3.0507,3.0282,22.5,0,206.0,14.4,0.1420,200.6,6.9,0.1237,-198.5,-24.7,0.0000,-228.1,-48.8,-0.0733,-232.7,-16.1,0,0.0,0.0,0.0000,6.37,5.93,-6.39,-7.69,1,-0.2044,-0.373,0.324,25.00,1,202.5,14.4,0.13999,-226.0,16.9,-0.1947,-0.00398,OK
3.0594,3.0282,31.2,0,206.0,14.4,0.1420,200.6,6.9,0.1237,-198.5,-24.7,0.0000,-233.3,-49.5,-0.0733,-238.0,-16.0,0,0.0,0.0,0.0000,5.97,6.26,-6.32,-7.66,1,-0.2811,-0.206,1.138,24.00,1,200.6,14.2,0.13799,-226.4,5.2,-0.2651,-0.00410,OK
3.0662,3.0282,38.0,0,206.0,14.4,0.1420,200.6,6.9,0.1237,-198.5,-24.7,0.0000,-237.4,-50.0,-0.0733,-242.0,-15.9,0,0.0,0.0,0.0000,6.12,5.31,-6.85,-8.29,1,-0.3511,0.549,0.441,24.00,1,199.0,14.1,0.13592,-230.2,17.3,-0.3438,-0.00412,OK
3.0752,3.0282,47.0,0,206.0,14.4,0.1420,200.6,6.9,0.1237,-198.5,-24.7,0.0000,-242.7,-50.7,-0.0733,-247.4,-15.8,0,0.0,0.0,0.0000,5.85,5.62,-6.11,-8.22,1,-0.4056,0.549,0.127,24.00,1,197.0,13.9,0.13264,-226.2,-0.5,-0.3867,-0.00427,OK
3.0821,3.0776,4.5,0,199.9,14.2,0.1395,190.8,5.7,0.1237,-198.5,-24.7,0.0000,-229.0,-50.6,-0.0632,-233.9,-18.3,0,0.0,0.0,0.0000,5.21,5.45,-6.59,-8.17,1,-0.4056,0.549,0.127,25.00,1,199.5,14.2,0.13191,-124.0,0.6,-0.3555,-0.00459,OK
3.0905,3.0776,12.9,0,199.9,14.2,0.1395,190.8,5.7,0.1237,-198.5,-24.7,0.0000,-233.3,-51.2,-0.0632,-238.2,-18.3,0,0.0,0.0,0.0000,5.86,5.34,-6.17,-8.56,1,-0.4256,-0.706,0.922,25.00,1,198.9,14.1,0.12993,-144.0,-0.4,-0.4153,-0.00464,OK
3.0988,3.0776,21.2,0,199.9,14.2,0.1395,190.8,5.7,0.1237,-198.5,-24.7,0.0000,-237.8,-51.8,-0.0632,-242.7,-18.2,0,0.0,0.0,0.0000,5.28,5.70,-6.20,-8.99,1,-0.4722,-0.902,-0.118,24.00,1,197.6,13.9,0.12628,-153.6,-15.4,-0.4638,-0.00467,OK
3.1065,3.0776,28.9,0,199.9,14.2,0.1395,190.8,5.7,0.1237,-198.5,-24.7,0.0000,-239.6,-52.0,-0.0632,-244.5,-18.2,0,0.0,0.0,0.0000,4.96,5.64,-6.80,-8.35,1,-0.4544,1.500,-1.049,25.00,1,196.5,13.6,0.12276,-155.0,-8.8,-0.4495,-0.00467,OK
3.1149,3.0776,37.3,0,199.9,14.2,0.1395,190.8,5.7,0.1237,-198.5,-24.7,0.0000,-241.0,-52.2,-0.0632,-245.9,-18.2,0,0.0,0.0,0.0000,5.09,6.18,-6.24,-8.96,1,-0.4544,1.500,-1.049,25.00,1,195.1,13.3,0.11901,-169.1,-25.2,-0.4468,-0.00470,OK
3.1220,3.0776,44.4,0,199.9,14.2,0.1395,190.8,5.7,0.1237,-198.5,-24.7,0.0000,-239.2,-52.0,-0.0632,-244.1,-18.2,0,0.0,0.0,0.0000,5.62,5.48,-6.12,-8.68,1,-0.4033,1.432,-0.245,25.00,1,193.9,13.1,0.11601,-168.6,-9.5,-0.3952,-0.00474,OK
3.1308,3.0776,53.2,0,199.9,14.2,0.1395,190.8,5.7,0.1237,-198.5,-24.7,0.0000,-236.8,-51.7,-0.0632,-241.7,-18.2,0,0.0,0.0,0.0000,5.11,6.14,-6.25,-8.33,1,-0.3511,-1.961,0.235,24.00,1,192.5,12.8,0.11276,-173.3,-19.7,-0.3462,-0.00474,OK
3.1386,3.0776,60.9,0,199.9,14.2,0.1395,190.8,5.7,0.1237,-198.5,-24.7,0.0000,-233.8,-51.3,-0.0632,-238.6,-18.3,0,0.0,0.0,0.0000,5.26,5.59,-5.77,-8.34,1,-0.3056,-1.491,0.167,24.00,1,191.2,12.5,0.11025,-170.0,-15.5,-0.3016,-0.00474,OK
3.1463,3.0776,68.7,0,199.9,14.2,0.1395,190.8,5.7,0.1237,-198.5,-24.7,0.0000,-230.7,-50.9,-0.0632,-235.6,-18.3,0,0.0,0.0,0.0000,6.44,6.49,-6.02,-8.45,1,-0.2411,0.971,-0.157,25.00,1,189.7,12.2,0.10820,-197.2,-14.4,-0.2301,-0.00480,OK
3.1550,3.0776,77.4,0,199.9,14.2,0.1395,190.8,5.7,0.1237,-198.5,-24.7,0.0000,-227.3,-50.5,-0.0632,-232.1,-18.4,0,0.0,0.0,0.0000,6.41,6.52,-5.82,-8.21,1,-0.2411,0.971,-0.157,25.00,1,188.0,11.9,0.10621,-198.0,-16.6,-0.2263,-0.00490,OK
3.1629,3.0776,85.3,0,199.9,14.2,0.1395,190.8,5.7,0.1237,-198.5,-24.7,0.0000,-224.2,-50.1,-0.0632,-229.0,-18.4,0,0.0,0.0,0.0000,5.33,6.73,-5.65,-8.22,1,-0.2100,0.735,0.677,25.00,1,186.5,11.5,0.10451,-191.9,-30.4,-0.2053,-0.00490,OK
3.1707,3.0776,93.1,0,199.9,14.2,0.1395,190.8,5.7,0.1237,-198.5,-24.7,0.0000,-221.0,-49.7,-0.0632,-225.7,-18.5,0,0.0,0.0,0.0000,6.62,6.62,-5.49,-8.13,1,-0.1956,-0.069,0.216,24.00,1,185.0,11.2,0.10304,-203.8,-20.5,-0.1781,-0.00502,OK
3.1786,3.0776,101.0,0,199.9,14.2,0.1395,190.8,5.7,0.1237,-198.5,-24.7,0.0000,-217.7,-49.3,-0.0632,-222.4,-18.5,0,0.0,0.0,0.0000,6.47,6.20,-5.59,-8.14,1,-0.1444,-0.147,-0.206,25.00,1,183.4,10.9,0.10180,-202.8,-13.8,-0.1349,-0.00507,OK
3.1866,3.1852,1.4,0,174.9,10.9,0.0937,169.4,3.0,0.1237,-198.2,-24.6,0.0000,-201.9,-47.2,0.1198,-205.4,-28.1,0,0.0,0.0,0.0000,5.38,6.69,-5.65,-8.17,1,-0.1444,-0.147,-0.206,25.00,1,175.0,10.9,0.09695,-257.3,-16.2,-0.2037,-0.00479,OK
3.1951,3.1887,6.3,0,168.1,9.9,0.0937,168.7,2.9,0.1237,-197.9,-24.6,0.0000,-185.2,-45.0,0.1198,-188.6,-27.4,0,0.0,0.0,0.0000,6.14,6.24,-5.90,-7.89,1,-0.1122,-0.167,1.030,25.00,1,171.1,10.3,0.09577,-329.8,-21.6,-0.1120,-0.00468,OK
3.2025,3.1960,6.5,0,166.3,9.7,0.1010,167.3,2.8,0.1237,-195.2,-24.3,0.0000,-170.4,-43.0,0.0906,-173.9,-25.6,0,0.0,0.0,0.0000,6.50,6.22,-5.63,-7.84,1,-0.0856,0.765,-0.363,27.00,1,167.7,9.8,0.09663,-368.0,-22.0,-0.0740,-0.00484,OK
3.2101,3.2046,5.5,0,164.8,9.4,0.0877,165.6,2.5,0.1237,-191.8,-23.8,0.0000,-155.4,-40.9,0.1440,-158.4,-27.2,0,0.0,0.0,0.0000,6.32,6.46,-5.61,-7.51,1,-0.0600,-0.275,0.186,24.00,1,164.7,9.3,0.09423,-350.4,-22.7,-0.0725,-0.00468,OK
3.2191,3.2135,5.6,0,162.1,9.5,0.0863,163.9,2.3,0.1237,-184.1,-22.9,0.0000,-137.4,-38.8,0.1493,-140.3,-26.8,0,0.0,0.0,0.0000,6.41,6.41,-5.50,-7.23,1,-0.0222,-0.883,0.657,25.00,1,161.9,9.3,0.09238,-326.0,3.6,-0.0314,-0.00455,OK
3.2266,3.2224,4.2,0,161.0,8.9,0.0828,162.3,2.1,0.1237,-176.2,-21.9,0.0000,-122.6,-36.7,0.1635,-125.2,-26.4,0,0.0,0.0,0.0000,6.60,6.03,-5.49,-7.30,1,-0.0222,-0.883,0.657,25.00,1,160.1,8.9,0.09036,-269.5,-12.3,-0.0601,-0.00441,OK
3.2345,3.2300,4.4,0,157.9,8.7,0.0822,161.0,2.0,0.1237,-168.7,-21.0,0.0000,-107.0,-34.7,0.1659,-109.5,-25.8,0,0.0,0.0,0.0000,6.61,6.73,-5.00,-7.74,1,-0.0067,-0.020,0.118,25.00,1,158.0,8.6,0.08891,-284.8,-20.0,-0.0299,-0.00433,OK
3.2421,3.2387,3.4,0,155.7,8.4,0.0897,159.6,1.8,0.1237,-160.1,-19.9,0.0000,-91.9,-32.8,0.1359,-94.4,-24.4,0,0.0,0.0,0.0000,6.25,6.46,-4.79,-7.36,1,0.0389,-0.706,0.265,24.00,1,155.7,8.3,0.08935,-267.5,-11.9,0.0476,-0.00436,OK
3.2506,3.2471,3.5,0,154.4,7.9,0.0862,158.3,1.6,0.1237,-151.8,-18.9,0.0000,-75.1,-30.2,0.1497,-77.4,-23.6,0,0.0,0.0,0.0000,6.29,6.88,-4.71,-7.37,1,0.0667,-1.510,-0.118,24.00,1,153.9,7.9,0.08930,-242.3,-30.2,0.0501,-0.00433,OK
3.2588,3.2555,3.3,0,152.4,8.4,0.0970,157.0,1.5,0.1237,-143.4,-17.8,0.0000,-58.8,-28.9,0.1065,-61.3,-23.0,0,0.0,0.0,0.0000,6.37,6.21,-4.46,-6.63,1,0.0667,-1.510,-0.118,25.00,1,152.2,8.1,0.09129,-218.7,34.2,0.1313,-0.00455,OK
3.2669,3.2639,2.9,0,150.8,6.9,0.0985,155.9,1.3,0.1237,-135.0,-16.8,0.0000,-42.9,-25.3,0.1006,-45.2,-20.9,0,0.0,0.0,0.0000,6.09,6.10,-4.21,-6.66,1,0.1111,-1.324,0.382,25.00,1,150.6,7.2,0.09342,-213.1,-73.0,0.1681,-0.00468,OK
3.2742,3.2728,1.4,0,148.5,6.8,0.0925,154.7,1.2,0.1237,-126.1,-15.7,0.0000,-28.5,-23.0,0.1247,-30.5,-20.3,0,0.0,0.0,0.0000,6.47,6.15,-4.07,-6.58,1,0.1400,-0.922,0.922,25.00,1,148.6,6.8,0.09431,-221.5,-29.2,0.1242,-0.00474,OK
3.2825,3.2814,1.1,0,147.6,6.3,0.0948,153.7,1.1,0.1237,-117.6,-14.6,0.0000,-12.2,-19.7,0.1153,-14.0,-18.5,0,0.0,0.0,0.0000,6.53,5.68,-3.94,-6.01,1,0.1333,-0.588,-0.049,24.00,1,147.3,6.3,0.09551,-178.1,-35.3,0.1404,-0.00488,OK
3.2908,3.2814,9.4,0,147.6,6.3,0.0948,153.7,1.1,0.1237,-117.6,-14.6,0.0000,-4.3,-18.5,0.1153,-6.1,-18.0,0,0.0,0.0,0.0000,5.12,5.89,-3.98,-5.85,1,0.1333,-0.588,-0.049,25.00,1,147.0,6.3,0.09569,-185.5,-35.9,0.1340,-0.00484,OK
3.2984,3.2911,7.4,0,146.0,5.5,0.1020,152.6,0.9,0.1237,-108.1,-13.4,0.0000,2.8,-15.8,0.0868,1.2,-16.0,0,0.0,0.0,0.0000,5.17,5.55,-3.12,-5.54,1,0.1311,-2.442,0.294,26.00,1,145.8,5.6,0.09774,-165.9,-52.5,0.1477,-0.00503,OK
3.3062,3.3010,5.2,0,144.3,5.0,0.0950,151.5,0.8,0.1237,-98.2,-12.2,0.0000,10.8,-14.1,0.1146,9.4,-15.0,0,0.0,0.0,0.0000,4.63,5.19,-2.26,-4.98,1,0.1600,-2.638,-0.216,25.00,1,144.3,5.0,0.09865,-146.4,-50.2,0.1672,-0.00510,OK
3.3141,3.3089,5.2,0,142.3,5.4,0.0961,150.8,0.7,0.1237,-90.5,-11.2,0.0000,24.0,-14.4,0.1105,22.5,-16.6,0,0.0,0.0,0.0000,3.40,5.49,-1.72,-4.58,1,0.2467,-1.069,0.294,24.00,1,142.8,5.1,0.09970,-150.6,-14.4,0.2291,-0.00492,OK
3.3226,3.3154,7.2,0,141.6,5.0,0.0957,150.2,0.6,0.1237,-84.1,-10.4,0.0000,24.1,-13.2,0.1118,22.7,-15.5,0,0.0,0.0,0.0000,3.67,4.77,-1.44,-4.44,1,0.3100,-1.765,0.951,25.00,1,141.8,4.9,0.10054,-144.5,-17.6,0.2974,-0.00468,OK
3.3304,3.3231,7.3,0,140.6,4.6,0.1033,149.6,0.6,0.1237,-76.4,-9.5,0.0000,25.5,-12.4,0.0814,24.1,-15.0,0,0.0,0.0,0.0000,3.53,4.98,-1.10,-2.80,1,0.3100,-1.765,0.951,25.00,1,140.7,4.7,0.10308,-127.4,-12.1,0.3358,-0.00491,OK
3.3387,3.3315,7.2,0,139.6,4.1,0.1054,149.0,0.5,0.1237,-68.1,-8.5,0.0000,26.8,-10.9,0.0730,25.5,-13.7,0,0.0,0.0,0.0000,2.98,4.12,-0.17,-1.92,1,0.3433,-3.619,-0.196,25.00,1,139.7,4.2,0.10597,-103.0,-27.2,0.3760,-0.00520,OK
3.3466,3.3401,6.4,0,138.7,3.3,0.1075,148.5,0.4,0.1237,-59.4,-7.4,0.0000,28.2,-8.8,0.0649,27.1,-11.8,0,0.0,0.0,0.0000,2.32,3.58,0.19,-1.16,1,0.3978,-3.903,0.177,25.00,1,138.8,3.5,0.10911,-89.8,-44.3,0.4139,-0.00531,OK
3.3543,3.3401,14.1,0,138.7,3.3,0.1075,148.5,0.4,0.1237,-59.4,-7.4,0.0000,27.2,-8.9,0.0649,26.0,-11.8,0,0.0,0.0,0.0000,1.60,3.26,0.31,-1.11,1,0.4144,-3.138,-0.098,24.00,1,138.3,3.1,0.11159,-77.7,-45.6,0.4005,-0.00511,OK
3.3633,3.3401,23.1,0,138.7,3.3,0.1075,148.5,0.4,0.1237,-59.4,-7.4,0.0000,26.0,-9.1,0.0649,24.9,-11.8,0,0.0,0.0,0.0000,1.43,2.51,1.21,-0.57,1,0.4033,-2.530,-0.843,26.00,1,137.8,2.7,0.11524,-55.9,-45.0,0.4094,-0.00512,OK
3.3712,3.3401,31.0,0,138.7,3.3,0.1075,148.5,0.4,0.1237,-59.4,-7.4,0.0000,25.3,-9.2,0.0649,24.2,-11.8,0,0.0,0.0,0.0000,0.32,1.95,1.29,0.43,1,0.4033,-2.530,-0.843,25.00,1,137.5,2.3,0.11840,-27.9,-39.6,0.3901,-0.00494,OK
3.3791,3.3401,39.0,0,138.7,3.3,0.1075,148.5,0.4,0.1237,-59.4,-7.4,0.0000,24.6,-9.3,0.0649,23.5,-11.9,0,0.0,0.0,0.0000,0.61,1.05,1.74,1.14,1,0.4011,-2.618,-0.598,25.00,1,137.4,2.0,0.12158,-11.9,-24.0,0.4114,-0.00499,OK
3.3867,3.3832,3.5,0,137.7,1.6,0.1265,146.8,0.2,0.1237,-17.9,-2.2,0.0000,27.1,-4.3,-0.0112,26.3,-7.7,0,0.0,0.0,0.0000,-0.57,0.73,2.19,1.74,1,0.3889,-2.167,-0.500,25.00,1,137.7,1.6,0.12639,18.6,-33.9,0.3866,-0.00492,OK
3.3941,3.3832,10.9,0,137.7,1.6,0.1265,146.8,0.2,0.1237,-17.9,-2.2,0.0000,26.8,-4.4,-0.0112,26.1,-7.7,0,0.0,0.0,0.0000,-0.62,0.00,2.74,2.77,1,0.3656,-1.304,-0.471,24.00,1,137.8,1.6,0.12751,37.8,-22.1,0.3946,-0.00514,OK
3.4027,3.3832,19.5,0,137.7,1.6,0.1265,146.8,0.2,0.1237,-17.9,-2.2,0.0000,26.7,-4.4,-0.0112,26.0,-7.7,0,0.0,0.0,0.0000,-0.91,-0.65,2.69,2.82,1,0.3656,-1.304,-0.471,24.00,1,138.2,1.5,0.13080,48.6,-14.7,0.3699,-0.00513,OK
3.4114,3.3832,28.2,0,137.7,1.6,0.1265,146.8,0.2,0.1237,-17.9,-2.2,0.0000,26.7,-4.4,-0.0112,26.0,-7.7,0,0.0,0.0,0.0000,-0.99,-1.02,2.76,2.76,1,0.3244,-1.040,-0.186,25.00,1,138.7,1.4,0.13384,53.7,-11.1,0.3288,-0.00512,OK
3.4181,3.3832,34.9,0,137.7,1.6,0.1265,146.8,0.2,0.1237,-17.9,-2.2,0.0000,26.7,-4.4,-0.0112,26.0,-7.7,0,0.0,0.0,0.0000,-2.00,-1.33,3.08,3.67,1,0.2722,-1.128,-0.127,25.00,1,139.1,1.4,0.13590,77.4,-15.3,0.2858,-0.00520,OK
3.4269,3.3832,43.7,0,137.7,1.6,0.1265,146.8,0.2,0.1237,-17.9,-2.2,0.0000,26.7,-4.4,-0.0112,26.0,-7.7,0,0.0,0.0,0.0000,-2.58,-1.80,3.08,4.39,1,0.2222,-1.157,-0.147,25.00,1,139.9,1.4,0.13819,93.5,-10.6,0.2386,-0.00529,OK
3.4347,3.3832,51.5,0,137.7,1.6,0.1265,146.8,0.2,0.1237,-17.9,-2.2,0.0000,26.7,-4.4,-0.0112,26.0,-7.7,0,0.0,0.0,0.0000,-3.04,-1.96,3.04,4.27,1,0.2222,-1.157,-0.147,25.00,1,140.7,1.4,0.14000,99.4,-11.9,0.2209,-0.00523,OK
3.4430,3.4429,0.2,0,142.2,1.5,0.1468,146.7,0.2,0.1237,0.0,0.0,0.0000,13.5,-3.9,-0.0927,12.8,-5.8,0,0.0,0.0,0.0000,-2.90,-2.15,3.04,4.05,1,0.1811,-1.285,-0.177,24.00,1,142.2,1.5,0.14459,97.2,-9.2,0.2398,-0.00530,OK
3.4511,3.4498,1.3,0,144.2,1.8,0.1467,146.7,0.2,0.1237,0.0,0.0,0.0000,7.5,-4.9,-0.0922,6.7,-5.9,0,0.0,0.0,0.0000,-2.93,-2.30,2.99,3.97,1,0.1522,-0.696,-0.284,25.00,1,143.6,1.7,0.14585,149.5,9.1,0.1716,-0.00531,OK
3.4580,3.4579,0.1,0,145.4,2.3,0.1482,146.7,0.2,0.1237,0.0,0.0,0.0000,3.7,-6.3,-0.0983,2.7,-6.8,0,0.0,0.0,0.0000,-3.81,-2.35,2.83,3.83,1,0.1267,-0.059,0.510,25.00,1,145.1,2.2,0.14708,170.8,32.3,0.1385,-0.00513,OK
3.4667,3.4665,0.2,0,146.1,2.6,0.1554,146.7,0.2,0.1237,0.0,0.0,0.0000,1.7,-7.2,-0.1268,0.6,-7.3,0,0.0,0.0,0.0000,-3.15,-2.84,3.21,4.12,1,0.0711,0.049,0.549,25.00,1,146.2,2.6,0.14979,139.5,26.2,0.2247,-0.00532,OK
3.4742,3.4665,7.7,0,146.1,2.6,0.1554,146.7,0.2,0.1237,0.0,0.0,0.0000,1.7,-7.2,-0.1268,0.6,-7.3,0,0.0,0.0,0.0000,-3.69,-2.76,3.11,4.00,1,0.0711,0.049,0.549,24.00,1,146.2,2.5,0.14918,144.5,13.7,0.0446,-0.00531,OK
3.4828,3.4753,7.6,0,146.5,2.9,0.1537,146.7,0.2,0.1237,0.0,0.0,0.0000,0.5,-8.1,-0.1201,-0.7,-8.1,0,0.0,0.0,0.0000,-3.56,-2.84,2.45,3.25,1,-0.0167,-0.186,0.304,24.00,1,146.9,2.9,0.15014,111.7,20.3,-0.0270,-0.00522,OK
3.4902,3.4753,14.9,0,146.5,2.9,0.1537,146.7,0.2,0.1237,0.0,0.0,0.0000,0.5,-8.1,-0.1201,-0.7,-8.1,0,0.0,0.0,0.0000,-2.90,-3.43,2.06,2.96,1,-0.1378,0.569,0.157,25.00,1,147.6,3.2,0.14957,105.5,30.5,-0.1299,-0.00524,OK
3.4988,3.4899,8.9,0,148.6,3.1,0.1569,146.7,0.2,0.1237,0.0,0.0,0.0000,-6.0,-8.8,-0.1331,-7.3,-7.7,0,0.0,0.0,0.0000,-4.29,-3.12,2.04,2.92,1,-0.2811,1.138,0.451,25.00,1,148.7,3.2,0.15100,119.3,-1.0,-0.2692,-0.00548,OK
3.5072,3.4984,8.9,0,149.9,3.3,0.1569,146.7,0.2,0.1237,0.0,0.0,0.0000,-9.8,-9.4,-0.1331,-11.1,-7.8,0,0.0,0.0,0.0000,-4.08,-3.66,1.32,2.30,1,-0.2811,1.138,0.451,25.00,1,149.9,3.4,0.15097,116.8,8.9,-0.3070,-0.00531,OK
3.5144,3.5068,7.6,0,151.1,3.3,0.1476,146.7,0.2,0.1237,0.0,0.0,0.0000,-13.5,-9.5,-0.0957,-14.7,-7.4,0,0.0,0.0,0.0000,-4.50,-3.94,1.00,2.33,1,-0.4144,0.843,0.177,25.00,1,150.9,3.4,0.14805,126.3,2.8,-0.4296,-0.00507,OK
3.5224,3.5153,7.1,0,151.9,4.0,0.1457,146.7,0.2,0.1237,0.0,0.0,0.0000,-15.9,-11.4,-0.0881,-17.3,-8.9,0,0.0,0.0,0.0000,-4.14,-3.50,0.77,1.32,1,-0.5022,0.785,-0.373,24.00,1,151.9,3.8,0.14427,111.1,7.6,-0.5092,-0.00494,OK
3.5305,3.5237,6.8,0,152.4,4.3,0.1389,146.7,0.2,0.1237,0.0,0.0,0.0000,-17.2,-12.4,-0.0609,-18.8,-9.9,0,0.0,0.0,0.0000,-4.00,-3.90,0.63,1.34,1,-0.5278,0.834,-0.127,25.00,1,152.6,4.2,0.13969,102.4,23.2,-0.5368,-0.00478,OK
3.5391,3.5322,6.9,0,152.7,4.8,0.1336,146.7,0.2,0.1237,0.0,0.0,0.0000,-18.2,-13.7,-0.0398,-19.8,-11.2,0,0.0,0.0,0.0000,-3.75,-3.15,-0.02,1.16,1,-0.5389,0.922,0.196,25.00,1,153.0,4.7,0.13489,74.3,33.9,-0.5396,-0.00471,OK
3.5461,3.5406,5.4,0,153.0,4.9,0.1304,146.7,0.2,0.1237,0.0,0.0,0.0000,-18.9,-14.0,-0.0268,-20.6,-11.5,0,0.0,0.0,0.0000,-3.36,-2.81,-0.12,0.52,1,-0.5389,0.922,0.196,24.00,1,153.2,4.9,0.13031,47.2,20.5,-0.5408,-0.00464,OK
3.5542,3.5491,5.2,0,153.4,5.1,0.1246,146.7,0.2,0.1237,0.0,0.0,0.0000,-20.3,-14.9,-0.0036,-21.9,-12.2,0,0.0,0.0,0.0000,-2.74,-3.24,-0.09,0.49,1,-0.5633,1.030,0.431,24.00,1,153.5,5.2,0.12548,44.2,25.6,-0.5544,-0.00471,OK
3.5629,3.5575,5.4,0,154.1,5.1,0.1196,146.7,0.2,0.1237,0.0,0.0,0.0000,-22.2,-14.6,0.0164,-23.8,-11.9,0,0.0,0.0,0.0000,-2.80,-2.86,-0.50,0.22,1,-0.5667,1.216,0.127,25.00,1,153.9,5.2,0.12053,42.3,8.3,-0.5669,-0.00467,OK
3.5703,3.5575,12.7,0,154.1,5.1,0.1196,146.7,0.2,0.1237,0.0,0.0,0.0000,-22.2,-14.6,0.0164,-23.8,-11.9,0,0.0,0.0,0.0000,-2.56,-2.82,-0.82,0.07,1,-0.5422,1.245,0.167,25.00,1,154.1,5.3,0.11790,35.2,15.9,-0.5512,-0.00454,OK
3.5787,3.5575,21.2,0,154.1,5.1,0.1196,146.7,0.2,0.1237,0.0,0.0,0.0000,-22.2,-14.6,0.0164,-23.8,-11.9,0,0.0,0.0,0.0000,-2.28,-1.62,-0.94,-0.26,1,-0.5022,1.187,0.373,25.00,1,154.3,5.4,0.11351,19.6,4.4,-0.4937,-0.00458,OK
3.5868,3.5575,29.2,0,154.1,5.1,0.1196,146.7,0.2,0.1237,0.0,0.0,0.0000,-22.2,-14.6,0.0164,-23.8,-11.9,0,0.0,0.0,0.0000,-2.08,-1.82,-1.08,-0.79,1,-0.5022,1.187,0.373,25.00,1,154.4,5.4,0.10943,13.4,4.1,-0.5168,-0.00440,OK
3.5950,3.5661,28.9,0,154.4,5.2,0.1162,146.7,0.2,0.1237,0.0,0.0,0.0000,-23.3,-15.0,0.0297,-24.8,-12.2,0,0.0,0.0,0.0000,-1.48,-1.48,-1.32,-0.86,1,-0.4356,1.157,0.471,25.00,1,154.8,5.2,0.10559,6.8,2.8,-0.4510,-0.00423,OK
3.6024,3.5661,36.3,0,154.4,5.2,0.1162,146.7,0.2,0.1237,0.0,0.0,0.0000,-23.3,-15.0,0.0297,-24.8,-12.2,0,0.0,0.0,0.0000,-0.62,-1.03,-0.93,-1.04,1,-0.3533,0.922,0.677,26.00,1,154.8,5.2,0.10265,-3.6,1.0,-0.3461,-0.00426,OK
3.6102,3.5661,44.2,0,154.4,5.2,0.1162,146.7,0.2,0.1237,0.0,0.0,0.0000,-23.3,-15.0,0.0297,-24.8,-12.2,0,0.0,0.0,0.0000,-0.70,-0.08,-0.71,-1.01,1,-0.2656,0.598,0.530,25.00,1,154.7,5.2,0.10027,-8.6,-11.8,-0.2568,-0.00430,OK
3.6188,3.5661,52.7,0,154.4,5.2,0.1162,146.7,0.2,0.1237,0.0,0.0,0.0000,-23.3,-15.0,0.0297,-24.8,-12.2,0,0.0,0.0,0.0000,-0.55,0.13,-1.02,-1.04,1,-0.2656,0.598,0.530,24.00,1,154.6,5.1,0.09809,-14.5,-9.5,-0.2537,-0.00437,OK
3.6269,3.5661,60.9,0,154.4,5.2,0.1162,146.7,0.2,0.1237,0.0,0.0,0.0000,-23.3,-15.0,0.0297,-24.8,-12.2,0,0.0,0.0,0.0000,-0.39,0.18,-1.08,-1.08,1,-0.1778,0.500,0.569,25.00,1,154.5,5.0,0.09627,-17.2,-7.2,-0.1958,-0.00418,OK
3.6354,3.5661,69.3,0,154.4,5.2,0.1162,146.7,0.2,0.1237,0.0,0.0,0.0000,-23.3,-15.0,0.0297,-24.8,-12.2,0,0.0,0.0,0.0000,0.28,0.19,-0.55,-1.16,1,-0.0933,0.451,0.559,25.00,1,154.3,4.9,0.09502,-20.3,-6.0,-0.1020,-0.00407,OK
3.6427,3.5661,76.6,0,154.4,5.2,0.1162,146.7,0.2,0.1237,0.0,0.0,0.0000,-23.3,-15.0,0.0297,-24.8,-12.2,0,0.0,0.0,0.0000,0.68,0.71,-0.42,-1.01,1,-0.0089,0.245,0.530,25.00,1,154.2,4.9,0.09463,-26.1,-7.3,-0.0060,-0.00406,OK
3.6513,3.5661,85.2,0,154.4,5.2,0.1162,146.7,0.2,0.1237,0.0,0.0,0.0000,-23.3,-15.0,0.0297,-24.8,-12.2,0,0.0,0.0,0.0000,1.76,0.81,-0.43,-1.10,1,0.0767,0.265,0.147,24.00,1,153.9,4.8,0.09498,-37.5,1.8,0.0880,-0.00413,OK
3.6590,3.5661,93.0,0,154.4,5.2,0.1162,146.7,0.2,0.1237,0.0,0.0,0.0000,-23.3,-15.0,0.0297,-24.8,-12.2,0,0.0,0.0,0.0000,1.00,1.26,-0.50,-1.07,1,0.0767,0.265,0.147,24.00,1,153.6,4.8,0.09560,-35.1,-8.9,0.0734,-0.00406,OK
3.6668,3.5661,100.7,0,154.4,5.2,0.1162,146.7,0.2,0.1237,0.0,0.0,0.0000,-23.3,-15.0,0.0297,-24.8,-12.2,0,0.0,0.0,0.0000,1.62,1.66,-0.12,-1.22,1,0.1811,0.127,0.235,25.00,1,153.3,4.7,0.09659,-42.7,-12.6,0.1824,-0.00404,OK
3.6746,3.5661,108.6,0,154.4,5.2,0.1162,146.7,0.2,0.1237,0.0,0.0,0.0000,-23.3,-15.0,0.0297,-24.8,-12.2,0,0.0,0.0,0.0000,2.00,1.93,0.05,-0.85,1,0.2867,0.000,0.147,25.00,1,153.0,4.5,0.09846,-43.8,-9.5,0.2918,-0.00406,OK
3.6822,3.5661,116.2,0,154.4,5.2,0.1162,146.7,0.2,0.1237,0.0,0.0,0.0000,-23.3,-15.0,0.0297,-24.8,-12.2,0,0.0,0.0,0.0000,2.20,2.51,0.32,-0.76,1,0.3856,-0.039,0.196,25.00,1,152.6,4.4,0.10107,-47.7,-15.1,0.3921,-0.00408,OK
3.6911,3.5661,125.1,0,154.4,5.2,0.1162,146.7,0.2,0.1237,0.0,0.0,0.0000,-23.3,-15.0,0.0297,-24.8,-12.2,0,0.0,0.0,0.0000,2.06,2.46,0.34,-0.63,1,0.3856,-0.039,0.196,25.00,1,152.2,4.2,0.10457,-44.6,-14.6,0.3910,-0.00410,OK
3.6980,3.6674,30.7,0,152.9,4.6,0.1006,146.7,0.2,0.1237,0.0,0.0,0.0000,-18.8,-13.3,0.0922,-20.1,-11.3,0,0.0,0.0,0.0000,2.30,2.77,0.16,-0.63,1,0.4478,-0.216,0.333,25.00,1,151.9,4.2,0.10854,-51.3,-11.6,0.4444,-0.00409,OK
3.7060,3.6674,38.6,0,152.9,4.6,0.1006,146.7,0.2,0.1237,0.0,0.0,0.0000,-18.8,-13.3,0.0922,-20.1,-11.3,0,0.0,0.0,0.0000,2.05,2.85,0.57,-0.46,1,0.4689,-0.284,0.245,25.00,1,151.5,4.0,0.11218,-44.5,-17.9,0.4687,-0.00405,OK
3.7149,3.7096,5.3,0,151.3,3.8,0.1080,146.7,0.2,0.1237,0.0,0.0,0.0000,-13.9,-10.8,0.0625,-15.0,-9.2,0,0.0,0.0,0.0000,0.04,2.75,0.56,-0.40,1,0.4667,-0.137,0.284,25.00,1,151.3,3.8,0.11398,-21.3,-33.0,0.3606,-0.00338,OK
3.7228,3.7096,13.2,0,151.3,3.8,0.1080,146.7,0.2,0.1237,0.0,0.0,0.0000,-13.9,-10.8,0.0625,-15.0,-9.2,0,0.0,0.0,0.0000,3.00,2.47,0.58,-0.91,1,0.4667,-0.137,0.284,25.00,1,151.1,3.7,0.11627,-51.6,-11.3,0.4721,-0.00340,OK
3.7305,3.7266,3.9,0,150.4,3.2,0.1241,146.7,0.2,0.1237,0.0,0.0,0.0000,-11.2,-9.1,-0.0015,-12.2,-7.6,0,0.0,0.0,0.0000,2.08,3.31,0.56,-0.72,1,0.4578,0.098,0.363,25.00,1,150.4,3.2,0.12244,-53.7,-29.7,0.4775,-0.00348,OK
3.7381,3.7350,3.1,0,149.5,3.5,0.1343,146.7,0.2,0.1237,0.0,0.0,0.0000,-8.5,-10.1,-0.0426,-9.7,-8.8,0,0.0,0.0,0.0000,1.82,3.06,0.61,-0.67,1,0.4500,0.108,0.431,25.00,1,149.7,3.4,0.12824,-62.9,15.4,0.5111,-0.00353,OK
3.7473,3.7434,3.9,0,149.2,2.8,0.1385,146.7,0.2,0.1237,0.0,0.0,0.0000,-7.7,-7.9,-0.0593,-8.7,-6.7,0,0.0,0.0,0.0000,2.15,2.94,0.41,-0.46,1,0.4278,0.049,0.500,25.00,1,149.2,3.0,0.13344,-61.7,-30.5,0.4796,-0.00372,OK
3.7548,3.7434,11.4,0,149.2,2.8,0.1385,146.7,0.2,0.1237,0.0,0.0,0.0000,-7.7,-7.9,-0.0593,-8.7,-6.7,0,0.0,0.0,0.0000,1.45,2.90,0.33,-0.74,1,0.4278,0.049,0.500,24.00,1,149.0,2.8,0.13479,-56.4,-25.1,0.4032,-0.00347,OK
3.7625,3.7603,2.2,0,148.8,2.0,0.1461,146.7,0.2,0.1237,0.0,0.0,0.0000,-6.6,-5.5,-0.0898,-7.3,-4.5,0,0.0,0.0,0.0000,1.42,2.54,0.49,-0.68,1,0.3133,-0.500,0.275,24.00,1,148.7,2.1,0.14108,-36.7,-50.3,0.3942,-0.00361,OK
3.7702,3.7603,9.9,0,148.8,2.0,0.1461,146.7,0.2,0.1237,0.0,0.0,0.0000,-6.6,-5.5,-0.0898,-7.3,-4.5,0,0.0,0.0,0.0000,1.04,2.75,0.81,-1.04,1,0.3133,-0.500,0.275,25.00,1,148.7,2.0,0.14157,-40.0,-51.7,0.3116,-0.00357,OK
3.7782,3.7688,9.5,0,147.8,1.3,0.1451,146.7,0.2,0.1237,0.0,0.0,0.0000,-3.5,-3.3,-0.0859,-3.9,-2.7,0,0.0,0.0,0.0000,1.64,5.10,0.32,-1.07,1,0.2433,-0.363,0.245,25.00,1,147.9,1.2,0.14450,-74.6,-62.1,0.2842,-0.00387,OK
3.7868,3.7772,9.6,0,147.3,1.4,0.1467,146.7,0.2,0.1237,0.0,0.0,0.0000,-2.0,-3.6,-0.0921,-2.5,-3.2,0,0.0,0.0,0.0000,1.33,2.19,0.20,-1.30,1,0.1167,-0.206,0.235,25.00,1,147.3,1.2,0.14654,-60.1,-21.2,0.1511,-0.00413,OK
3.7943,3.7859,8.4,0,147.0,1.0,0.1414,146.7,0.2,0.1237,0.0,0.0,0.0000,-0.9,-2.5,-0.0707,-1.2,-2.4,0,0.0,0.0,0.0000,0.96,2.33,0.37,-1.73,1,-0.0422,-0.431,0.147,25.00,1,146.9,1.0,0.14563,-56.5,-30.9,0.0411,-0.00452,OK
3.8024,3.7941,8.3,0,146.7,0.8,0.1408,146.7,0.2,0.1237,0.0,0.0,0.0000,-0.1,-1.9,-0.0684,-0.4,-1.8,0,0.0,0.0,0.0000,-0.03,1.68,-0.35,-1.93,1,-0.0422,-0.431,0.147,25.00,1,146.6,0.8,0.14429,-43.4,-24.4,-0.0610,-0.00424,OK
3.8106,3.8025,8.1,0,146.5,0.5,0.1381,146.7,0.2,0.1237,0.0,0.0,0.0000,0.4,-1.0,-0.0579,0.3,-1.0,0,0.0,0.0,0.0000,-0.04,1.09,-0.58,-1.63,1,-0.1833,-0.686,-0.392,25.00,1,146.4,0.5,0.14203,-32.3,-18.7,-0.1642,-0.00431,OK
3.8181,3.8025,15.6,0,146.5,0.5,0.1381,146.7,0.2,0.1237,0.0,0.0,0.0000,0.4,-1.0,-0.0579,0.3,-1.0,0,0.0,0.0,0.0000,-0.57,0.92,-0.55,-2.11,1,-0.2811,-0.922,-0.353,25.00,1,146.2,0.3,0.14040,-30.0,-28.2,-0.2698,-0.00437,OK
3.8261,3.8210,5.2,0,146.0,-0.0,0.1370,146.7,0.2,0.1237,0.0,0.0,0.0000,2.1,0.6,-0.0532,2.2,0.3,0,0.0,0.0,0.0000,-0.54,0.45,-0.66,-2.08,1,-0.3533,-0.824,-0.461,25.00,1,146.0,-0.0,0.13705,-27.5,-22.5,-0.3303,-0.00453,OK
3.8348,3.8210,13.9,0,146.0,-0.0,0.1370,146.7,0.2,0.1237,0.0,0.0,0.0000,2.1,0.6,-0.0532,2.2,0.3,0,0.0,0.0,0.0000,-0.38,0.35,-1.02,-2.02,1,-0.3533,-0.824,-0.461,25.00,1,145.8,-0.1,0.13509,-30.3,-15.6,-0.3356,-0.00465,OK
3.8433,3.8319,11.4,0,146.0,-0.2,0.1353,146.7,0.2,0.1237,0.0,0.0,0.0000,2.1,1.0,-0.0465,2.2,0.8,0,0.0,0.0,0.0000,-1.34,0.01,-1.23,-1.71,1,-0.3911,-0.981,-0.451,25.00,1,145.9,-0.2,0.13262,-9.2,-15.3,-0.4012,-0.00455,OK
3.8504,3.8402,10.2,0,146.0,-0.5,0.1329,146.7,0.2,0.1237,0.0,0.0,0.0000,2.1,2.0,-0.0368,2.3,1.7,0,0.0,0.0,0.0000,-0.74,-0.45,-1.00,-1.60,1,-0.4000,-0.892,-0.549,25.00,1,145.9,-0.5,0.13048,-6.3,-14.5,-0.3871,-0.00466,OK
3.8587,3.8489,9.8,0,146.0,-0.4,0.1307,146.7,0.2,0.1237,0.0,0.0,0.0000,2.1,1.8,-0.0283,2.3,1.5,0,0.0,0.0,0.0000,-0.88,-0.58,-0.85,-1.16,1,-0.3656,-0.588,-0.382,25.00,1,146.0,-0.5,0.12818,3.9,-5.7,-0.3531,-0.00476,OK
3.8663,3.8573,9.0,0,146.0,-0.7,0.1274,146.7,0.2,0.1237,0.0,0.0,0.0000,2.0,2.5,-0.0150,2.3,2.2,0,0.0,0.0,0.0000,-1.02,-0.95,-0.79,-1.21,1,-0.3656,-0.588,-0.382,25.00,1,146.0,-0.6,0.12585,6.1,-11.6,-0.3703,-0.00470,OK
3.8747,3.8653,9.4,0,146.0,-0.5,0.1242,146.7,0.2,0.1237,0.0,0.0,0.0000,2.0,2.2,-0.0021,2.2,1.9,0,0.0,0.0,0.0000,-0.45,-0.60,-0.97,-1.07,1,-0.3056,-0.451,-0.314,24.00,1,146.0,-0.6,0.12324,-2.4,1.3,-0.2984,-0.00473,OK
3.8830,3.8653,17.7,0,146.0,-0.5,0.1242,146.7,0.2,0.1237,0.0,0.0,0.0000,2.0,2.2,-0.0021,2.2,1.9,0,0.0,0.0,0.0000,-0.90,-0.81,-0.46,-0.47,1,-0.2222,-0.324,-0.059,25.00,1,146.0,-0.6,0.12103,12.7,-0.3,-0.2325,-0.00461,OK
3.8908,3.8653,25.5,0,146.0,-0.5,0.1242,146.7,0.2,0.1237,0.0,0.0,0.0000,2.0,2.2,-0.0021,2.2,1.9,0,0.0,0.0,0.0000,-0.84,-0.87,-0.24,-0.03,1,-0.1300,-0.147,0.098,25.00,1,146.2,-0.5,0.11954,18.1,3.4,-0.1505,-0.00441,OK
3.8990,3.8736,25.4,0,145.6,-0.3,0.1229,146.7,0.2,0.1237,0.0,0.0,0.0000,3.0,1.3,0.0030,3.2,0.9,0,0.0,0.0,0.0000,-0.58,-0.73,-0.45,-0.11,1,-0.0367,-0.078,0.147,25.00,1,145.8,-0.0,0.11900,3.1,19.4,-0.0901,-0.00403,OK
3.9067,3.8736,33.1,0,145.6,-0.3,0.1229,146.7,0.2,0.1237,0.0,0.0,0.0000,3.0,1.3,0.0030,3.2,0.9,0,0.0,0.0,0.0000,0.15,-0.39,0.00,0.36,1,-0.0367,-0.078,0.147,24.00,1,145.8,0.2,0.11862,2.0,21.2,-0.0120,-0.00420,OK
3.9140,3.8736,40.4,0,145.6,-0.3,0.1229,146.7,0.2,0.1237,0.0,0.0,0.0000,3.0,1.3,0.0030,3.2,0.9,0,0.0,0.0,0.0000,0.29,0.11,0.00,0.12,1,0.0500,-0.078,0.226,25.00,1,145.8,0.3,0.11877,-5.6,14.8,0.0539,-0.00420,OK
3.9224,3.8736,48.8,0,145.6,-0.3,0.1229,146.7,0.2,0.1237,0.0,0.0,0.0000,3.0,1.3,0.0030,3.2,0.9,0,0.0,0.0,0.0000,-0.01,0.17,0.33,0.49,1,0.1200,-0.059,0.255,25.00,1,145.8,0.4,0.11947,3.2,10.7,0.1118,-0.00410,OK
3.9301,3.8736,56.5,0,145.6,-0.3,0.1229,146.7,0.2,0.1237,0.0,0.0,0.0000,3.0,1.3,0.0030,3.2,0.9,0,0.0,0.0,0.0000,0.06,0.00,0.61,0.92,1,0.1678,-0.039,0.216,25.00,1,145.8,0.5,0.12053,10.5,13.8,0.1650,-0.00405,OK
3.9388,3.8736,65.3,0,145.6,-0.3,0.1229,146.7,0.2,0.1237,0.0,0.0,0.0000,3.0,1.3,0.0030,3.2,0.9,0,0.0,0.0,0.0000,0.05,0.03,0.37,1.03,1,0.1678,-0.039,0.216,24.00,1,145.9,0.6,0.12196,9.6,16.4,0.1627,-0.00397,OK
3.9467,3.8736,73.1,0,145.6,-0.3,0.1229,146.7,0.2,0.1237,0.0,0.0,0.0000,3.0,1.3,0.0030,3.2,0.9,0,0.0,0.0,0.0000,0.91,0.83,0.56,0.68,1,0.1933,-0.039,0.294,25.00,1,145.9,0.7,0.12353,-6.6,10.1,0.2315,-0.00426,OK
3.9543,3.8736,80.7,0,145.6,-0.3,0.1229,146.7,0.2,0.1237,0.0,0.0,0.0000,3.0,1.3,0.0030,3.2,0.9,0,0.0,0.0,0.0000,0.44,0.13,0.76,0.78,1,0.1922,-0.029,0.245,25.00,1,145.9,0.8,0.12516,6.2,11.4,0.1995,-0.00428,OK
3.9632,3.8736,89.6,0,145.6,-0.3,0.1229,146.7,0.2,0.1237,0.0,0.0,0.0000,3.0,1.3,0.0030,3.2,0.9,0,0.0,0.0,0.0000,-0.11,0.00,0.79,0.70,1,0.1678,-0.157,0.206,25.00,1,146.0,0.9,0.12672,12.3,5.4,0.1545,-0.00413,OK
3.9723,3.9631,9.2,0,146.3,-0.1,0.1232,146.7,0.2,0.1237,0.0,0.0,0.0000,1.1,0.8,0.0020,1.2,0.7,0,0.0,0.0,0.0000,0.70,0.18,0.49,0.36,1,0.1344,0.010,0.196,26.00,1,146.3,-0.1,0.12538,-0.7,-1.7,0.1502,-0.00410,OK
3.9792,3.9716,7.6,0,146.4,-0.2,0.1240,146.7,0.2,0.1237,0.0,0.0,0.0000,0.8,1.3,-0.0013,1.0,1.2,0,0.0,0.0,0.0000,0.23,0.14,0.04,0.30,1,0.1344,0.010,0.196,25.00,1,146.3,-0.2,0.12575,1.6,-8.2,0.1123,-0.00386,OK
3.9860,3.9800,6.0,0,146.5,-0.4,0.1201,146.7,0.2,0.1237,0.0,0.0,0.0000,0.6,1.8,0.0141,0.8,1.7,0,0.0,0.0,0.0000,0.43,0.22,-0.07,0.50,1,0.0911,-0.088,0.235,25.00,1,146.4,-0.4,0.12524,2.6,-12.4,0.0912,-0.00385,OK
3.9946,3.9800,14.6,0,146.5,-0.4,0.1201,146.7,0.2,0.1237,0.0,0.0,0.0000,0.6,1.8,0.0141,0.8,1.7,0,0.0,0.0,0.0000,0.22,-0.04,0.62,0.47,1,0.0456,-0.118,0.127,26.00,1,146.5,-0.5,0.12577,11.5,-17.4,0.0754,-0.00406,OK
4.0033,3.9969,6.4,0,146.4,0.1,0.1283,146.7,0.2,0.1237,0.0,0.0,0.0000,0.6,0.3,-0.0187,0.7,0.3,0,0.0,0.0,0.0000,-0.05,-0.36,0.31,-0.01,1,0.0000,0.029,0.157,25.00,1,146.5,-0.0,0.12664,7.8,9.1,0.0007,-0.00404,OK
4.0104,4.0054,5.1,0,146.5,-0.1,0.1257,146.7,0.2,0.1237,0.0,0.0,0.0000,0.6,0.9,-0.0080,0.7,0.9,0,0.0,0.0,0.0000,0.00,0.36,0.01,0.18,1,0.0000,0.029,0.157,24.00,1,146.5,-0.1,0.12654,-1.2,-3.4,0.0183,-0.00417,OK
4.0189,4.0138,5.1,0,146.6,-0.1,0.1278,146.7,0.2,0.1237,0.0,0.0,0.0000,0.2,0.8,-0.0164,0.3,0.7,0,0.0,0.0,0.0000,-0.76,-0.28,0.00,0.00,1,-0.0378,0.049,0.127,24.00,1,146.6,-0.1,0.12648,10.9,-1.6,-0.0570,-0.00395,OK
4.0270,4.0223,4.7,0,146.5,-0.2,0.1254,146.7,0.2,0.1237,0.0,0.0,0.0000,0.5,1.2,-0.0068,0.7,1.2,0,0.0,0.0,0.0000,-0.26,-0.17,0.07,-0.31,1,-0.0644,-0.078,0.137,25.00,1,146.5,-0.2,0.12581,-1.8,-9.5,-0.0674,-0.00391,OK
4.0345,4.0307,3.8,0,146.5,-0.1,0.1220,146.7,0.2,0.1237,0.0,0.0,0.0000,0.6,1.0,0.0067,0.7,0.9,0,0.0,0.0,0.0000,0.66,0.15,-0.07,-0.09,1,-0.0733,0.010,0.177,26.00,1,146.5,-0.2,0.12493,-9.6,5.8,-0.0363,-0.00429,OK
4.0421,4.0391,3.0,0,146.4,-0.1,0.1251,146.7,0.2,0.1237,0.0,0.0,0.0000,0.6,1.0,-0.0057,0.8,0.9,0,0.0,0.0,0.0000,-0.05,-0.38,-0.15,-0.10,1,-0.0722,-0.216,0.196,25.00,1,146.4,-0.1,0.12454,-0.6,2.3,-0.0571,-0.00432,OK
4.0509,4.0476,3.3,0,146.2,-0.2,0.1203,146.7,0.2,0.1237,0.0,0.0,0.0000,1.3,1.2,0.0137,1.4,1.0,0,0.0,0.0,0.0000,-0.39,-0.37,-0.38,-0.21,1,-0.0722,-0.216,0.196,25.00,1,146.3,-0.2,0.12299,-9.8,-3.9,-0.1253,-0.00410,OK
4.0586,4.0562,2.4,0,146.6,0.0,0.1266,146.7,0.2,0.1237,0.0,0.0,0.0000,0.1,0.4,-0.0118,0.2,0.4,0,0.0,0.0,0.0000,0.02,0.27,-0.13,-0.13,1,-0.0600,-0.098,0.177,25.00,1,146.5,-0.0,0.12362,10.6,16.1,0.0180,-0.00431,OK
4.0662,4.0562,10.0,0,146.6,0.0,0.1266,146.7,0.2,0.1237,0.0,0.0,0.0000,0.1,0.4,-0.0118,0.2,0.4,0,0.0,0.0,0.0000,0.15,-0.28,-0.18,-0.15,1,-0.0367,-0.177,0.137,25.00,1,146.5,-0.0,0.12348,2.2,11.1,-0.0342,-0.00429,OK
4.0748,4.0645,10.3,0,146.5,-0.0,0.1243,146.7,0.2,0.1237,0.0,0.0,0.0000,0.5,0.6,-0.0024,0.6,0.5,0,0.0,0.0,0.0000,-0.18,-0.52,0.00,0.00,1,-0.0144,-0.216,0.118,25.00,1,146.5,0.0,0.12355,9.0,6.5,-0.0314,-0.00414,OK
4.0821,4.0730,9.1,0,146.4,-0.0,0.1264,146.7,0.2,0.1237,0.0,0.0,0.0000,0.8,0.7,-0.0110,0.9,0.6,0,0.0,0.0,0.0000,-0.18,0.00,-0.13,-0.13,1,-0.0144,-0.216,0.118,25.00,1,146.4,-0.0,0.12429,-2.2,-2.5,-0.0237,-0.00408,OK
4.0904,4.0730,17.4,0,146.4,-0.0,0.1264,146.7,0.2,0.1237,0.0,0.0,0.0000,0.8,0.7,-0.0110,0.9,0.6,0,0.0,0.0,0.0000,-0.27,0.19,0.35,-0.08,1,0.0056,-0.039,0.108,24.00,1,146.4,-0.1,0.12423,1.6,-10.2,0.0078,-0.00406,OK
4.0984,4.0814,17.0,0,146.7,0.0,0.1256,146.7,0.2,0.1237,0.0,0.0,0.0000,-0.1,0.6,-0.0077,0.0,0.6,0,0.0,0.0,0.0000,-0.28,0.30,0.29,0.01,1,0.0256,-0.177,0.137,24.00,1,146.7,-0.1,0.12478,8.6,-7.7,0.0253,-0.00405,OK
4.1064,4.0814,25.0,0,146.7,0.0,0.1256,146.7,0.2,0.1237,0.0,0.0,0.0000,-0.1,0.6,-0.0077,0.0,0.6,0,0.0,0.0,0.0000,0.15,-0.15,0.00,0.22,1,0.0311,-0.059,0.118,26.00,1,146.8,-0.1,0.12501,7.4,6.8,0.0322,-0.00403,OK
4.1141,4.0814,32.8,0,146.7,0.0,0.1256,146.7,0.2,0.1237,0.0,0.0,0.0000,-0.1,0.6,-0.0077,0.0,0.6,0,0.0,0.0,0.0000,0.32,0.51,0.16,0.01,1,0.0289,-0.098,0.255,25.00,1,146.8,-0.0,0.12535,-0.6,-2.8,0.0564,-0.00421,OK
4.1229,4.0814,41.5,0,146.7,0.0,0.1256,146.7,0.2,0.1237,0.0,0.0,0.0000,-0.1,0.6,-0.0077,0.0,0.6,0,0.0,0.0,0.0000,0.17,0.33,0.07,-0.14,1,0.0289,-0.098,0.255,24.00,1,146.8,-0.1,0.12575,-0.4,-2.8,0.0348,-0.00422,OK
4.1309,4.0814,49.6,0,146.7,0.0,0.1256,146.7,0.2,0.1237,0.0,0.0,0.0000,-0.1,0.6,-0.0077,0.0,0.6,0,0.0,0.0,0.0000,0.40,-0.08,0.37,0.21,1,0.0133,-0.137,0.098,25.00,1,146.8,-0.1,0.12609,6.2,3.7,0.0459,-0.00444,OK
4.1390,4.0814,57.6,0,146.7,0.0,0.1256,146.7,0.2,0.1237,0.0,0.0,0.0000,-0.1,0.6,-0.0077,0.0,0.6,0,0.0,0.0,0.0000,-0.13,-0.32,-0.24,0.05,1,-0.0022,-0.127,0.206,25.00,1,146.7,-0.2,0.12626,0.0,0.0,-0.0022,-0.00441,OK
4.1470,4.0814,65.6,0,146.7,0.0,0.1256,146.7,0.2,0.1237,0.0,0.0,0.0000,-0.1,0.6,-0.0077,0.0,0.6,0,0.0,0.0,0.0000,0.11,-0.13,0.05,-0.21,1,-0.0178,-0.069,0.098,25.00,1,146.7,-0.2,0.12625,-0.0,-0.0,-0.0016,-0.00450,OK
4.1550,4.0814,73.6,0,146.7,0.0,0.1256,146.7,0.2,0.1237,0.0,0.0,0.0000,-0.1,0.6,-0.0077,0.0,0.6,0,0.0,0.0,0.0000,0.33,0.13,-0.12,0.30,1,-0.0222,-0.177,0.098,24.00,1,146.7,-0.2,0.12626,-0.0,0.0,0.0020,-0.00465,OK
4.1631,4.0814,81.7,0,146.7,0.0,0.1256,146.7,0.2,0.1237,0.0,0.0,0.0000,-0.1,0.6,-0.0077,0.0,0.6,0,0.0,0.0,0.0000,0.17,0.12,0.06,0.00,1,-0.0222,-0.177,0.098,25.00,1,146.7,-0.2,0.12627,-0.0,-0.0,0.0003,-0.00479,OK
4.1712,4.0814,89.8,0,146.7,0.0,0.1256,146.7,0.2,0.1237,0.0,0.0,0.0000,-0.1,0.6,-0.0077,0.0,0.6,0,0.0,0.0,0.0000,-0.40,0.49,-0.20,-0.04,1,-0.0311,-0.078,0.186,25.00,1,146.7,-0.2,0.12627,-0.0,-0.0,-0.0026,-0.00497,OK
4.1793,4.0814,97.9,0,146.7,0.0,0.1256,146.7,0.2,0.1237,0.0,0.0,0.0000,-0.1,0.6,-0.0077,0.0,0.6,0,0.0,0.0,0.0000,-0.22,-0.25,0.04,-0.13,1,-0.0333,-0.157,0.098,25.00,1,146.7,-0.2,0.12625,0.0,0.0,-0.0042,-0.00515,OK
4.1862,4.0814,104.8,0,146.7,0.0,0.1256,146.7,0.2,0.1237,0.0,0.0,0.0000,-0.1,0.6,-0.0077,0.0,0.6,0,0.0,0.0,0.0000,-0.07,0.06,0.15,-0.04,1,-0.0256,-0.078,0.206,24.00,1,146.7,-0.2,0.12624,-0.0,-0.0,-0.0011,-0.00529,OK
4.1949,4.0814,113.5,0,146.7,0.0,0.1256,146.7,0.2,0.1237,0.0,0.0,0.0000,-0.1,0.6,-0.0077,0.0,0.6,0,0.0,0.0,0.0000,0.39,-0.34,-0.39,-0.06,1,-0.0256,-0.078,0.206,24.00,1,146.7,-0.2,0.12623,-0.0,0.0,-0.0023,-0.00543,OK
