t_s,tv_s,vision_age_ms,held,pose_x_mm,pose_y_mm,pose_theta_rad,ref_x_mm,ref_y_mm,ref_theta_rad,ref_vx_mm_s,ref_vy_mm_s,ref_omega_rad_s,cmd_world_vx_mm_s,cmd_world_vy_mm_s,cmd_omega_rad_s,cmd_body_vx_mm_s,cmd_body_vy_mm_s,near_goal,pred_x_mm,pred_y_mm,pred_theta_rad,wheel_fl_rad_s,wheel_bl_rad_s,wheel_br_rad_s,wheel_fr_rad_s,imu_valid,imu_yaw_rate_rad_s,imu_accel_x_m_s2,imu_accel_y_m_s2,battery_v,est_valid,est_x_mm,est_y_mm,est_theta_rad,est_vx_mm_s,est_vy_mm_s,est_omega_rad_s,est_gyro_bias_rad_s,est_health
-0.2992,-0.3626,63.4,0,146.2,0.1,0.1305,146.2,0.1,0.1305,0.0,0.0,0.0000,0.0,0.0,0.0000,0.0,0.0,0,0.0,0.0,0.0000,-0.45,0.09,0.10,0.19,1,-0.0067,-0.118,0.167,25.00,1,146.2,0.1,0.13054,0.0,0.0,-0.0067,-0.00000,OK
-0.2918,-0.3626,70.8,0,146.2,0.1,0.1305,146.2,0.1,0.1305,0.0,0.0,0.0000,0.0,0.0,0.0000,0.0,0.0,0,0.0,0.0,0.0000,-0.13,0.40,0.15,0.27,1,-0.0067,-0.118,0.137,25.00,1,146.3,0.1,0.13089,1.8,-4.5,0.0506,-0.05044,OK
-0.2838,-0.3626,78.8,0,146.2,0.1,0.1305,146.2,0.1,0.1305,0.0,0.0,0.0000,0.0,0.0,0.0000,0.0,0.0,0,0.0,0.0,0.0000,0.56,-0.50,0.17,0.08,1,-0.0067,-0.118,0.147,24.00,1,146.3,0.1,0.13126,0.7,11.7,0.0423,-0.04947,OK
-0.2759,-0.3626,86.7,0,146.2,0.1,0.1305,146.2,0.1,0.1305,0.0,0.0,0.0000,0.0,0.0,0.0000,0.0,0.0,0,0.0,0.0,0.0000,0.00,0.05,0.06,0.01,1,-0.0067,-0.118,0.137,24.00,1,146.3,0.1,0.13138,-0.0,-0.4,0.0236,-0.03932,OK
-0.2673,-0.3626,95.3,0,146.2,0.1,0.1305,146.2,0.1,0.1305,0.0,0.0,0.0000,0.0,0.0,0.0000,0.0,0.0,0,0.0,0.0,0.0000,-0.21,0.39,0.04,0.09,1,-0.0067,-0.118,0.137,26.00,1,146.3,0.1,0.13156,-0.2,-5.7,0.0273,-0.03700,OK
-0.2598,-0.2601,0.2,0,146.4,0.1,0.1309,146.2,0.1,0.1305,0.0,0.0,0.0000,-0.4,0.0,-0.0016,-0.4,0.1,0,0.0,0.0,0.0000,0.52,-0.08,0.48,-0.02,1,-0.0078,-0.127,0.147,25.00,1,146.4,0.1,0.13118,1.3,-0.2,-0.0013,-0.02753,OK
-0.2509,-0.2601,9.1,0,146.4,0.1,0.1309,146.2,0.1,0.1305,0.0,0.0,0.0000,-0.4,0.0,-0.0016,-0.4,0.1,0,0.0,0.0,0.0000,-0.02,-0.42,-0.18,-0.28,1,-0.0067,-0.147,0.167,25.00,1,146.4,0.1,0.13110,-0.0,0.0,-0.0027,-0.02103,OK
-0.2434,-0.2601,16.7,0,146.4,0.1,0.1309,146.2,0.1,0.1305,0.0,0.0,0.0000,-0.4,0.0,-0.0016,-0.4,0.1,0,0.0,0.0,0.0000,0.20,-0.46,-0.16,0.17,1,-0.0067,-0.127,0.147,24.00,1,146.4,0.1,0.13106,0.0,0.0,0.0002,-0.01795,OK
-0.2352,-0.2601,24.9,0,146.4,0.1,0.1309,146.2,0.1,0.1305,0.0,0.0,0.0000,-0.4,0.0,-0.0016,-0.4,0.1,0,0.0,0.0,0.0000,0.12,0.15,-0.45,0.11,1,-0.0078,-0.127,0.167,24.00,1,146.4,0.1,0.13104,-0.0,-0.0,0.0007,-0.01622,OK
-0.2278,-0.2601,32.3,0,146.4,0.1,0.1309,146.2,0.1,0.1305,0.0,0.0,0.0000,-0.4,0.0,-0.0016,-0.4,0.1,0,0.0,0.0,0.0000,0.01,-0.14,-0.12,0.04,1,-0.0078,-0.127,0.167,25.00,1,146.4,0.1,0.13103,0.0,-0.0,-0.0002,-0.01487,OK
-0.2190,-0.2601,41.1,0,146.4,0.1,0.1309,146.2,0.1,0.1305,0.0,0.0,0.0000,-0.4,0.0,-0.0016,-0.4,0.1,0,0.0,0.0,0.0000,-0.23,0.14,0.16,0.11,1,-0.0067,-0.137,0.137,25.00,1,146.4,0.1,0.13102,0.0,-0.0,0.0010,-0.01389,OK
-0.2111,-0.2601,49.0,0,146.4,0.1,0.1309,146.2,0.1,0.1305,0.0,0.0,0.0000,-0.4,0.0,-0.0016,-0.4,0.1,0,0.0,0.0,0.0000,0.12,0.12,-0.19,-0.04,1,-0.0056,-0.069,0.127,24.00,1,146.4,0.1,0.13101,-0.0,0.0,0.0007,-0.01297,OK
-0.2031,-0.2601,56.9,0,146.4,0.1,0.1309,146.2,0.1,0.1305,0.0,0.0,0.0000,-0.4,0.0,-0.0016,-0.4,0.1,0,0.0,0.0,0.0000,0.09,0.00,-0.09,-0.15,1,-0.0078,-0.157,0.157,24.00,1,146.4,0.1,0.13101,0.0,-0.0,-0.0003,-0.01238,OK
-0.1954,-0.2601,64.7,0,146.4,0.1,0.1309,146.2,0.1,0.1305,0.0,0.0,0.0000,-0.4,0.0,-0.0016,-0.4,0.1,0,0.0,0.0,0.0000,-0.37,0.21,0.15,-0.10,1,-0.0067,-0.098,0.118,24.00,1,146.4,0.1,0.13099,0.0,-0.0,-0.0006,-0.01175,OK
-0.1870,-0.2601,73.0,0,146.4,0.1,0.1309,146.2,0.1,0.1305,0.0,0.0,0.0000,-0.4,0.0,-0.0016,-0.4,0.1,0,0.0,0.0,0.0000,-0.30,0.23,0.08,0.00,1,-0.0067,-0.098,0.118,25.00,1,146.4,0.1,0.13098,-0.0,0.0,0.0000,-0.01130,OK
-0.1800,-0.2601,80.1,0,146.4,0.1,0.1309,146.2,0.1,0.1305,0.0,0.0,0.0000,-0.4,0.0,-0.0016,-0.4,0.1,0,0.0,0.0,0.0000,-0.17,0.00,-0.23,-0.20,1,-0.0056,-0.118,0.157,25.00,1,146.4,0.1,0.13097,-0.0,0.0,-0.0022,-0.01064,OK
-0.1712,-0.2601,88.9,0,146.4,0.1,0.1309,146.2,0.1,0.1305,0.0,0.0,0.0000,-0.4,0.0,-0.0016,-0.4,0.1,0,0.0,0.0,0.0000,-0.10,0.15,-0.46,0.09,1,-0.0044,-0.137,0.157,24.00,1,146.4,0.1,0.13095,-0.0,0.0,-0.0007,-0.01011,OK
-0.1631,-0.2601,96.9,0,146.4,0.1,0.1309,146.2,0.1,0.1305,0.0,0.0,0.0000,-0.4,0.0,-0.0016,-0.4,0.1,0,0.0,0.0,0.0000,-0.60,-0.23,0.37,-0.03,1,-0.0011,-0.108,0.137,25.00,1,146.4,0.1,0.13092,0.0,-0.0,-0.0020,-0.00931,OK
-0.1558,-0.1585,2.6,0,146.4,-0.0,0.1314,146.2,0.1,0.1305,0.0,0.0,0.0000,-0.4,0.3,-0.0033,-0.4,0.3,0,0.0,0.0,0.0000,0.49,0.62,0.57,-0.23,1,-0.0011,-0.108,0.137,26.00,1,146.4,0.0,0.13118,0.2,-2.2,0.0093,-0.00924,OK
-0.1470,-0.1585,11.4,0,146.4,-0.0,0.1314,146.2,0.1,0.1305,0.0,0.0,0.0000,-0.4,0.3,-0.0033,-0.4,0.3,0,0.0,0.0,0.0000,0.21,-0.10,0.10,-0.08,1,0.0000,-0.098,0.147,25.00,1,146.4,-0.0,0.13118,0.0,0.0,0.0011,-0.00873,OK
-0.1396,-0.1585,18.9,0,146.4,-0.0,0.1314,146.2,0.1,0.1305,0.0,0.0,0.0000,-0.4,0.3,-0.0033,-0.4,0.3,0,0.0,0.0,0.0000,0.15,0.21,-0.16,0.35,1,-0.0089,-0.127,0.137,25.00,1,146.4,-0.0,0.13119,0.0,0.0,0.0027,-0.00890,OK
-0.1309,-0.1585,27.5,0,146.4,-0.0,0.1314,146.2,0.1,0.1305,0.0,0.0,0.0000,-0.4,0.3,-0.0033,-0.4,0.3,0,0.0,0.0,0.0000,0.15,-0.38,-0.27,0.09,1,-0.0122,-0.098,0.167,24.00,1,146.4,-0.0,0.13120,0.0,0.0,-0.0014,-0.00900,OK
-0.1231,-0.1585,35.4,0,146.4,-0.0,0.1314,146.2,0.1,0.1305,0.0,0.0,0.0000,-0.4,0.3,-0.0033,-0.4,0.3,0,0.0,0.0,0.0000,0.13,-0.36,-0.03,-0.03,1,-0.0178,-0.118,0.157,24.00,1,146.4,-0.0,0.13119,0.0,-0.0,-0.0014,-0.00940,OK
-0.1148,-0.1585,43.6,0,146.4,-0.0,0.1314,146.2,0.1,0.1305,0.0,0.0,0.0000,-0.4,0.3,-0.0033,-0.4,0.3,0,0.0,0.0,0.0000,0.13,-0.01,0.02,0.03,1,-0.0178,-0.118,0.157,25.00,1,146.4,-0.0,0.13119,-0.0,-0.0,0.0003,-0.00984,OK
-0.1078,-0.1585,50.7,0,146.4,-0.0,0.1314,146.2,0.1,0.1305,0.0,0.0,0.0000,-0.4,0.3,-0.0033,-0.4,0.3,0,0.0,0.0,0.0000,0.03,-0.14,0.14,0.12,1,-0.0133,-0.108,0.108,25.00,1,146.4,-0.0,0.13120,0.0,0.0,0.0005,-0.01004,OK
-0.0989,-0.1585,59.6,0,146.4,-0.0,0.1314,146.2,0.1,0.1305,0.0,0.0,0.0000,-0.4,0.3,-0.0033,-0.4,0.3,0,0.0,0.0,0.0000,-0.20,0.39,-0.20,-0.26,1,-0.0122,-0.127,0.157,25.00,1,146.4,-0.0,0.13119,-0.0,-0.0,-0.0016,-0.01007,OK
-0.0913,-0.1585,67.2,0,146.4,-0.0,0.1314,146.2,0.1,0.1305,0.0,0.0,0.0000,-0.4,0.3,-0.0033,-0.4,0.3,0,0.0,0.0,0.0000,0.09,-0.02,-0.13,0.03,1,-0.0078,-0.157,0.098,24.00,1,146.4,-0.0,0.13119,0.0,0.0,0.0002,-0.00997,OK
-0.0833,-0.1585,75.2,0,146.4,-0.0,0.1314,146.2,0.1,0.1305,0.0,0.0,0.0000,-0.4,0.3,-0.0033,-0.4,0.3,0,0.0,0.0,0.0000,0.13,-0.23,0.24,0.18,1,-0.0044,-0.108,0.216,24.00,1,146.4,-0.0,0.13119,0.0,-0.0,0.0018,-0.00981,OK
-0.0753,-0.1585,83.2,0,146.4,-0.0,0.1314,146.2,0.1,0.1305,0.0,0.0,0.0000,-0.4,0.3,-0.0033,-0.4,0.3,0,0.0,0.0,0.0000,-0.07,0.19,0.20,0.02,1,-0.0044,-0.108,0.216,25.00,1,146.4,-0.0,0.13120,-0.0,-0.0,0.0015,-0.00965,OK
-0.0673,-0.1585,91.2,0,146.4,-0.0,0.1314,146.2,0.1,0.1305,0.0,0.0,0.0000,-0.4,0.3,-0.0033,-0.4,0.3,0,0.0,0.0,0.0000,-0.25,0.06,-0.31,-0.12,1,-0.0044,-0.098,0.127,25.00,1,146.4,-0.0,0.13120,-0.0,0.0,-0.0023,-0.00935,OK
-0.0589,-0.1585,99.5,0,146.4,-0.0,0.1314,146.2,0.1,0.1305,0.0,0.0,0.0000,-0.4,0.3,-0.0033,-0.4,0.3,0,0.0,0.0,0.0000,-0.13,0.42,-0.19,0.02,1,-0.0056,-0.147,0.157,25.00,1,146.4,-0.0,0.13119,-0.0,-0.0,0.0006,-0.00923,OK
-0.0513,-0.0553,3.9,0,146.4,-0.1,0.1282,146.2,0.1,0.1305,0.0,0.0,0.0000,-0.5,0.6,0.0094,-0.4,0.7,0,0.0,0.0,0.0000,-0.02,0.23,0.33,-0.18,1,-0.0011,-0.127,0.118,25.00,1,146.4,-0.1,0.12973,0.2,-1.7,-0.0088,-0.00895,OK
-0.0436,-0.0553,11.7,0,146.4,-0.1,0.1282,146.2,0.1,0.1305,0.0,0.0,0.0000,-0.5,0.6,0.0094,-0.4,0.7,0,0.0,0.0,0.0000,-0.22,-0.16,-0.02,0.05,1,-0.0011,-0.127,0.118,24.00,1,146.4,-0.1,0.12972,0.0,0.0,-0.0009,-0.00863,OK
-0.0349,-0.0553,20.4,0,146.4,-0.1,0.1282,146.2,0.1,0.1305,0.0,0.0,0.0000,-0.5,0.6,0.0094,-0.4,0.7,0,0.0,0.0,0.0000,0.34,-0.20,0.06,0.16,1,-0.0022,-0.118,0.147,24.00,1,146.4,-0.1,0.12973,-0.0,0.0,0.0023,-0.00849,OK
-0.0269,-0.0553,28.4,0,146.4,-0.1,0.1282,146.2,0.1,0.1305,0.0,0.0,0.0000,-0.5,0.6,0.0094,-0.4,0.7,0,0.0,0.0,0.0000,0.00,-0.28,0.03,-0.15,1,-0.0022,-0.088,0.157,26.00,1,146.4,-0.1,0.12973,0.0,-0.0,-0.0012,-0.00824,OK
-0.0189,-0.0553,36.4,0,146.4,-0.1,0.1282,146.2,0.1,0.1305,0.0,0.0,0.0000,-0.5,0.6,0.0094,-0.4,0.7,0,0.0,0.0,0.0000,-0.12,0.33,0.00,0.32,1,-0.0078,-0.108,0.167,26.00,1,146.4,-0.1,0.12973,0.0,-0.0,0.0022,-0.00829,OK
-0.0109,-0.0553,44.4,0,146.4,-0.1,0.1282,146.2,0.1,0.1305,0.0,0.0,0.0000,-0.5,0.6,0.0094,-0.4,0.7,0,0.0,0.0,0.0000,-0.39,0.00,0.14,-0.04,1,-0.0078,-0.108,0.167,25.00,1,146.4,-0.1,0.12973,0.0,-0.0,-0.0016,-0.00823,OK
-0.0039,-0.0553,51.3,0,146.4,-0.1,0.1282,146.2,0.1,0.1305,0.0,0.0,0.0000,-0.5,0.6,0.0094,-0.4,0.7,0,0.0,0.0,0.0000,0.03,0.06,-0.10,-0.02,1,-0.0078,-0.098,0.118,25.00,1,146.4,-0.1,0.12973,-0.0,0.0,-0.0000,-0.00821,OK
0.0041,-0.0553,59.4,0,146.4,-0.1,0.1282,146.2,0.1,0.1305,0.0,0.0,0.0000,15.4,2.7,0.0033,15.7,0.7,0,0.0,0.0,0.0000,-0.12,-0.15,-0.10,0.25,1,-0.0100,-0.127,0.196,25.00,1,146.4,-0.1,0.12973,0.0,0.0,-0.0004,-0.00825,OK
0.0122,-0.0553,67.5,0,146.4,-0.1,0.1282,146.2,0.1,0.1305,0.0,0.0,0.0000,31.5,4.8,0.0033,31.9,0.7,0,0.0,0.0,0.0000,-0.09,-0.15,0.10,0.08,1,-0.0089,-0.157,0.069,25.00,1,146.4,-0.1,0.12972,0.0,-0.0,-0.0003,-0.00826,OK
0.0201,-0.0553,75.4,0,146.4,-0.1,0.1282,146.2,0.1,0.1305,0.0,0.0,0.0000,47.1,6.8,0.0033,47.6,0.7,0,0.0,0.0,0.0000,0.02,-0.08,-0.44,0.20,1,-0.0089,-0.157,0.069,25.00,1,146.4,-0.1,0.12972,-0.0,0.0,-0.0008,-0.00826,OK
0.0285,-0.0553,83.7,0,146.4,-0.1,0.1282,146.2,0.1,0.1305,0.0,0.0,0.0000,63.7,9.0,0.0033,64.4,0.6,0,0.0,0.0,0.0000,0.30,0.06,-0.02,-0.10,1,-0.0078,-0.069,0.186,25.00,1,146.4,-0.1,0.12972,-0.0,-0.0,0.0011,-0.00828,OK
0.0368,-0.0553,92.0,0,146.4,-0.1,0.1282,146.2,0.1,0.1305,0.0,0.0,0.0000,80.2,11.1,0.0033,80.9,0.6,0,0.0,0.0,0.0000,-0.21,0.27,0.02,-0.08,1,-0.0044,-0.177,0.127,24.00,1,146.4,-0.1,0.12972,0.0,-0.0,-0.0001,-0.00817,OK
0.0447,-0.0553,100.0,0,146.4,-0.1,0.1282,146.2,0.1,0.1305,0.0,0.0,0.0000,95.9,13.1,0.0033,96.8,0.6,0,0.0,0.0,0.0000,-0.47,0.10,0.30,0.29,1,-0.0056,-0.147,0.137,25.00,1,146.4,-0.1,0.12973,0.0,-0.0,0.0007,-0.00812,OK
0.0528,0.0460,6.8,0,146.4,0.0,0.1329,147.3,0.2,0.1305,45.7,6.0,0.0000,111.9,15.2,-0.0028,112.9,0.4,0,0.0,0.0,0.0000,-0.14,-0.29,0.08,-0.08,1,-0.0022,-0.324,0.186,25.00,1,146.4,0.0,0.13125,-0.0,0.2,-0.0004,-0.00796,OK
0.0601,0.0460,14.2,0,146.4,0.0,0.1329,147.3,0.2,0.1305,45.7,6.0,0.0000,126.5,17.1,-0.0031,127.7,0.4,0,0.0,0.0,0.0000,0.14,-0.24,0.69,-0.09,1,-0.0022,-0.324,0.186,25.00,1,146.4,0.0,0.13131,1.9,-4.8,0.0171,-0.00825,OK
0.0688,0.0460,22.9,0,146.4,0.0,0.1329,147.3,0.2,0.1305,45.7,6.0,0.0000,143.8,19.4,-0.0032,145.1,0.4,0,0.0,0.0,0.0000,-0.34,-0.32,0.07,0.24,1,0.0011,-0.892,0.069,25.00,1,146.4,0.0,0.13134,5.6,1.4,-0.0079,-0.00782,OK
0.0764,0.0460,30.4,0,146.4,0.0,0.1329,147.3,0.2,0.1305,45.7,6.0,0.0000,158.7,21.4,-0.0034,160.1,0.5,0,0.0,0.0,0.0000,-0.40,0.27,0.09,0.29,1,0.0111,-0.343,0.216,25.00,1,146.4,-0.0,0.13138,2.3,-5.3,0.0181,-0.00780,OK
0.0851,0.0460,39.2,0,146.4,0.0,0.1329,147.3,0.2,0.1305,45.7,6.0,0.0000,176.1,23.8,-0.0046,177.7,0.4,0,0.0,0.0,0.0000,-0.23,0.00,0.24,0.75,1,0.0233,-0.490,0.118,24.00,1,146.5,-0.0,0.13169,8.6,1.9,0.0483,-0.00822,OK
0.0922,0.0460,46.2,0,146.4,0.0,0.1329,147.3,0.2,0.1305,45.7,6.0,0.0000,190.1,25.6,-0.0055,191.8,0.3,0,0.0,0.0,0.0000,-0.14,-0.58,0.62,0.14,1,0.0233,-0.490,0.118,24.00,1,146.6,0.0,0.13192,9.9,-0.7,0.0194,-0.00793,OK
0.1010,0.0460,55.1,0,146.4,0.0,0.1329,147.3,0.2,0.1305,45.7,6.0,0.0000,202.3,27.1,-0.0068,204.1,0.2,0,0.0,0.0,0.0000,-0.58,-0.31,0.67,0.97,1,0.0389,-0.520,0.029,25.00,1,146.7,0.0,0.13225,20.6,-0.7,0.0548,-0.00812,OK
0.1083,0.0460,62.3,0,146.4,0.0,0.1329,147.3,0.2,0.1305,45.7,6.0,0.0000,208.2,27.8,-0.0084,210.1,0.0,0,0.0,0.0,0.0000,-0.43,-0.10,0.22,0.80,1,0.0589,-0.382,-0.000,26.00,1,146.8,0.0,0.13266,12.3,2.3,0.0590,-0.00794,OK
0.1170,0.0460,71.0,0,146.4,0.0,0.1329,147.3,0.2,0.1305,45.7,6.0,0.0000,215.0,28.5,-0.0108,216.9,-0.3,0,0.0,0.0,0.0000,-0.74,-0.69,0.92,1.16,1,0.0800,-0.500,0.088,25.00,1,147.0,0.1,0.13324,29.5,1.5,0.0762,-0.00767,OK
0.1241,0.0460,78.2,0,146.4,0.0,0.1329,147.3,0.2,0.1305,45.7,6.0,0.0000,217.8,28.8,-0.0137,219.7,-0.6,0,0.0,0.0,0.0000,-0.74,-0.26,1.25,1.32,1,0.1122,-0.843,0.039,25.00,1,147.2,0.1,0.13397,30.3,-5.5,0.1266,-0.00783,OK
0.1329,0.0460,87.0,0,146.4,0.0,0.1329,147.3,0.2,0.1305,45.7,6.0,0.0000,220.8,28.9,-0.0175,222.7,-1.1,0,0.0,0.0,0.0000,-0.99,-1.04,0.98,1.55,1,0.1122,-0.843,0.039,24.00,1,147.5,0.1,0.13493,39.5,6.3,0.0936,-0.00729,OK
0.1409,0.0460,95.0,0,146.4,0.0,0.1329,147.3,0.2,0.1305,45.7,6.0,0.0000,223.1,28.9,-0.0215,225.0,-1.6,0,0.0,0.0,0.0000,-0.97,-0.82,1.45,2.00,1,0.1489,-0.961,-0.049,24.00,1,147.9,0.2,0.13593,45.7,2.9,0.1561,-0.00729,OK
0.1544,0.1538,0.6,0,147.1,0.1,0.1318,158.0,1.6,0.1305,152.5,20.0,0.0000,231.3,29.7,-0.0201,233.2,-1.8,0,0.0,0.0,0.0000,-0.77,-0.88,1.93,2.35,1,0.2011,-1.138,0.186,24.00,1,147.1,0.1,0.13557,28.5,3.4,0.1349,-0.00724,OK
0.1571,0.1538,3.3,0,147.1,0.1,0.1318,158.0,1.6,0.1305,152.5,20.0,0.0000,232.6,29.8,-0.0208,234.5,-1.9,0,0.0,0.0,0.0000,-1.30,-1.13,2.02,2.58,1,0.2400,-1.255,0.020,25.00,1,147.1,0.1,0.13575,40.4,1.9,0.1634,-0.00725,OK
0.1642,0.1538,10.4,0,147.1,0.1,0.1318,158.0,1.6,0.1305,152.5,20.0,0.0000,235.6,30.1,-0.0230,237.5,-2.2,0,0.0,0.0,0.0000,-2.23,-1.56,1.92,3.04,1,0.2344,-1.285,0.186,25.00,1,147.2,0.2,0.13629,58.6,4.3,0.2039,-0.00662,OK
0.1722,0.1538,18.4,0,147.1,0.1,0.1318,158.0,1.6,0.1305,152.5,20.0,0.0000,238.2,29.9,-0.0297,240.1,-3.2,0,0.0,0.0,0.0000,-2.33,-1.72,1.87,3.07,1,0.2344,-1.285,0.186,25.00,1,147.7,0.3,0.13796,62.3,6.4,0.1986,-0.00609,OK
0.1806,0.1538,26.8,0,147.1,0.1,0.1318,158.0,1.6,0.1305,152.5,20.0,0.0000,241.0,29.6,-0.0360,242.8,-4.2,0,0.0,0.0,0.0000,-2.16,-2.01,2.40,3.37,1,0.1722,-1.344,0.049,25.00,1,148.3,0.4,0.13953,72.4,6.3,0.1738,-0.00603,OK
0.1887,0.1538,34.9,0,147.1,0.1,0.1318,158.0,1.6,0.1305,152.5,20.0,0.0000,243.6,29.5,-0.0412,245.3,-5.0,0,0.0,0.0,0.0000,-2.52,-2.10,2.84,3.90,1,0.1367,-1.853,0.196,24.00,1,148.9,0.5,0.14084,85.8,2.1,0.1554,-0.00620,OK
0.1969,0.1538,43.1,0,147.1,0.1,0.1318,158.0,1.6,0.1305,152.5,20.0,0.0000,246.0,29.5,-0.0461,247.6,-5.7,0,0.0,0.0,0.0000,-3.36,-2.70,3.22,4.11,1,0.1400,-2.030,0.078,25.00,1,149.7,0.6,0.14206,106.2,-0.3,0.1390,-0.00610,OK
0.2048,0.2022,2.6,0,152.5,0.7,0.1462,166.5,2.8,0.1305,194.4,25.5,0.0000,241.8,32.8,-0.0572,244.0,-2.5,0,0.0,0.0,0.0000,-4.83,-2.91,3.51,4.59,1,0.1400,-2.030,0.078,25.00,1,152.5,0.7,0.14484,156.3,-15.2,0.1417,-0.00591,OK
0.2120,0.2099,2.1,0,153.2,0.9,0.1515,168.0,3.0,0.1305,197.5,25.9,0.0000,243.6,33.4,-0.0676,245.9,-2.8,0,0.0,0.0,0.0000,-4.60,-3.42,3.47,5.11,1,0.1011,-2.001,-0.177,25.00,1,153.3,0.9,0.14744,88.8,15.9,0.1492,-0.00595,OK
0.2202,0.2180,2.2,0,154.1,1.1,0.1507,169.6,3.2,0.1305,198.0,26.0,0.0000,245.9,33.0,-0.0713,248.0,-3.8,0,0.0,0.0,0.0000,-5.03,-3.89,3.64,5.37,1,0.0233,-2.707,-0.500,24.00,1,154.2,1.1,0.14836,103.7,12.1,0.0543,-0.00597,OK
0.2282,0.2180,10.1,0,154.1,1.1,0.1507,169.6,3.2,0.1305,198.0,26.0,0.0000,249.8,33.4,-0.0708,252.0,-3.8,0,0.0,0.0,0.0000,-5.42,-4.48,3.81,5.19,1,-0.0056,-2.138,0.127,25.00,1,154.5,1.2,0.14824,134.8,8.7,-0.0133,-0.00571,OK
0.2365,0.2351,1.4,0,157.9,1.2,0.1500,173.0,3.6,0.1305,198.3,26.0,0.0000,244.7,33.7,-0.0721,247.0,-2.9,0,0.0,0.0,0.0000,-5.84,-4.83,4.11,5.48,1,-0.0056,-2.138,0.127,25.00,1,157.8,1.2,0.14856,249.8,-45.4,0.0101,-0.00544,OK
0.2441,0.2351,9.0,0,157.9,1.2,0.1500,173.0,3.6,0.1305,198.3,26.0,0.0000,248.5,34.3,-0.0715,250.9,-2.8,0,0.0,0.0,0.0000,-5.70,-5.65,4.52,6.30,1,-0.0422,-0.883,0.255,25.00,1,158.0,1.2,0.14841,219.2,-10.2,-0.0406,-0.00535,OK
0.2525,0.2502,2.2,0,161.0,2.0,0.1531,176.0,4.0,0.1305,198.3,26.0,0.0000,244.6,33.1,-0.0738,246.8,-3.5,0,0.0,0.0,0.0000,-6.69,-5.25,4.89,6.71,1,-0.0733,-1.118,-0.078,25.00,1,161.0,2.0,0.14899,215.4,36.4,-0.0141,-0.00553,OK
0.2607,0.2502,10.5,0,161.0,2.0,0.1531,176.0,4.0,0.1305,198.3,26.0,0.0000,247.7,33.5,-0.0728,250.0,-3.6,0,0.0,0.0,0.0000,-7.19,-5.92,5.25,7.80,1,-0.0822,-1.216,1.334,25.00,1,161.6,2.2,0.14874,241.7,15.4,-0.0742,-0.00558,OK
0.2686,0.2612,7.5,0,163.0,2.0,0.1474,178.2,4.3,0.1305,198.3,26.0,0.0000,248.1,33.4,-0.0696,250.3,-3.6,0,0.0,0.0,0.0000,-7.43,-6.73,5.18,8.64,1,-0.0822,-1.598,1.118,24.00,1,163.1,2.0,0.14794,219.3,-6.6,-0.0772,-0.00554,OK
0.2765,0.2687,7.8,0,165.3,2.7,0.1478,179.7,4.5,0.1305,198.3,26.0,0.0000,246.4,32.3,-0.0676,248.4,-4.3,0,0.0,0.0,0.0000,-7.92,-6.85,5.56,8.75,1,-0.0822,-1.598,1.118,25.00,1,165.2,2.6,0.14745,261.4,15.2,-0.0777,-0.00553,OK
0.2846,0.2772,7.4,0,166.7,2.7,0.1468,181.4,4.7,0.1305,198.3,26.0,0.0000,246.4,32.7,-0.0648,248.5,-3.7,0,0.0,0.0,0.0000,-7.92,-6.81,5.90,8.41,1,-0.1000,-3.766,0.490,25.00,1,166.8,2.7,0.14674,225.4,-10.8,-0.0942,-0.00554,OK
0.2930,0.2864,6.5,0,167.6,3.7,0.1495,183.2,4.9,0.1305,198.3,26.0,0.0000,248.3,31.1,-0.0646,250.2,-5.5,0,0.0,0.0,0.0000,-8.89,-6.94,6.23,8.66,1,-0.0756,-2.020,0.206,25.00,1,167.8,3.7,0.14669,174.2,48.9,-0.0710,-0.00554,OK
0.3008,0.2951,5.7,0,171.7,2.6,0.1463,184.9,5.2,0.1305,198.3,26.0,0.0000,242.5,33.8,-0.0625,244.9,-1.9,0,0.0,0.0,0.0000,-8.70,-7.78,6.54,8.47,1,-0.0589,1.285,0.785,25.00,1,171.3,2.8,0.14617,329.4,-114.0,-0.0579,-0.00543,OK
0.3085,0.3027,5.8,0,173.4,4.1,0.1450,186.4,5.4,0.1305,198.3,26.0,0.0000,240.7,30.9,-0.0602,242.7,-4.4,0,0.0,0.0,0.0000,-9.04,-7.49,7.04,8.81,1,-0.0578,-1.010,0.873,24.00,1,173.5,3.9,0.14560,302.9,61.0,-0.0565,-0.00533,OK
0.3163,0.3109,5.4,0,175.7,3.4,0.1409,188.1,5.6,0.1305,198.3,26.0,0.0000,238.5,31.7,-0.0551,240.6,-3.0,0,0.0,0.0,0.0000,-12.74,-7.89,7.46,10.14,1,-0.0578,-1.010,0.873,24.00,1,175.8,3.6,0.14432,297.3,-65.6,-0.0728,-0.00496,OK
0.3246,0.3199,4.7,0,178.7,3.8,0.1394,189.8,5.8,0.1305,198.3,26.0,0.0000,234.8,31.6,-0.0496,236.9,-2.1,0,0.0,0.0,0.0000,-9.53,-8.02,8.22,9.78,1,-0.0667,-2.864,0.235,25.00,1,178.6,3.8,0.14293,317.9,-16.6,-0.0783,-0.00485,OK
0.3327,0.3287,3.9,0,180.4,4.2,0.1439,191.6,6.1,0.1305,198.3,26.0,0.0000,233.5,32.2,-0.0490,235.7,-1.3,0,0.0,0.0,0.0000,-9.91,-7.83,8.68,9.63,1,-0.0478,-2.089,0.098,24.00,1,180.6,4.2,0.14279,235.5,6.4,-0.0342,-0.00491,OK
0.3407,0.3365,4.2,0,183.8,4.2,0.1415,193.1,6.3,0.1305,198.3,26.0,0.0000,229.5,32.3,-0.0460,231.8,-0.5,0,0.0,0.0,0.0000,-10.28,-8.64,9.25,9.83,1,-0.0878,-0.049,-0.049,24.00,1,183.6,4.2,0.14203,369.4,-44.0,-0.0861,-0.00489,OK
0.3482,0.3365,11.6,0,183.8,4.2,0.1415,193.1,6.3,0.1305,198.3,26.0,0.0000,230.3,32.7,-0.0446,232.6,-0.1,0,0.0,0.0,0.0000,-10.33,-8.99,8.62,9.29,1,-0.0878,-0.049,-0.049,24.00,1,184.8,4.3,0.14170,329.3,-22.3,-0.0904,-0.00470,OK
0.3568,0.3526,4.2,0,188.1,5.6,0.1375,196.3,6.7,0.1305,198.3,26.0,0.0000,225.3,29.4,-0.0359,227.2,-2.2,0,0.0,0.0,0.0000,-11.18,-9.12,8.53,9.60,1,-0.1456,1.206,0.108,25.00,1,188.2,5.5,0.13953,297.5,43.8,-0.1627,-0.00437,OK
0.3650,0.3623,2.6,0,192.5,5.2,0.1337,198.3,6.9,0.1305,198.3,26.0,0.0000,217.9,30.3,-0.0244,220.0,0.4,0,0.0,0.0,0.0000,-12.21,-9.16,8.85,10.29,1,-0.2089,-1.324,1.824,25.00,1,192.3,5.4,0.13665,430.4,-102.1,-0.2481,-0.00411,OK
0.3730,0.3705,2.6,0,194.2,5.4,0.1333,199.9,7.1,0.1305,198.3,26.0,0.0000,216.1,31.2,-0.0146,218.4,2.0,0,0.0,0.0,0.0000,-11.87,-9.24,7.62,10.07,1,-0.2644,-2.569,0.108,25.00,1,194.4,5.4,0.13419,254.2,-26.8,-0.2804,-0.00379,OK
0.3809,0.3705,10.4,0,194.2,5.4,0.1333,199.9,7.1,0.1305,198.3,26.0,0.0000,218.8,31.5,-0.0122,221.1,2.1,0,0.0,0.0,0.0000,-11.63,-9.10,5.06,9.59,1,-0.2456,1.952,0.255,25.00,1,195.1,5.6,0.13359,276.9,19.4,-0.2552,-0.00333,OK
0.3889,0.3877,1.3,0,200.7,5.3,0.1339,203.3,7.6,0.1305,198.3,26.0,0.0000,207.1,33.4,-0.0014,209.7,6.1,0,0.0,0.0,0.0000,-11.36,-8.99,6.16,9.31,1,-0.2456,1.952,0.255,24.00,1,200.6,5.4,0.13089,384.4,-86.5,-0.1910,-0.00306,OK
0.3970,0.3964,0.7,0,204.0,4.7,0.1226,205.0,7.8,0.1305,198.3,26.0,0.0000,201.9,34.3,0.0131,204.6,8.4,0,0.0,0.0,0.0000,-12.04,-9.60,7.49,10.12,1,-0.2044,0.598,-0.441,24.00,1,204.0,4.8,0.12728,384.2,-137.3,-0.3320,-0.00256,OK
0.4051,0.3964,8.8,0,204.0,4.7,0.1226,205.0,7.8,0.1305,198.3,26.0,0.0000,205.9,34.9,0.0123,208.6,8.5,0,0.0,0.0,0.0000,-12.01,-9.13,8.74,9.57,1,-0.1944,-2.167,0.127,25.00,1,204.3,4.7,0.12747,378.9,-105.2,-0.1983,-0.00235,OK
0.4130,0.4119,1.1,0,206.6,5.1,0.1310,208.1,8.2,0.1305,198.3,26.0,0.0000,202.3,36.5,0.0164,205.3,10.7,0,0.0,0.0,0.0000,-11.01,-8.88,9.08,9.43,1,-0.1744,-1.491,1.893,25.00,1,206.9,5.1,0.12643,120.8,37.4,-0.0742,-0.00254,OK
0.4210,0.4119,9.1,0,206.6,5.1,0.1310,208.1,8.2,0.1305,198.3,26.0,0.0000,206.1,37.2,0.0181,209.1,11.0,0,0.0,0.0,0.0000,-10.77,-9.16,8.39,9.41,1,-0.1744,-1.491,1.893,25.00,1,207.2,5.1,0.12601,241.4,-17.6,-0.1747,-0.00247,OK
0.4283,0.4119,16.4,0,206.6,5.1,0.1310,208.1,8.2,0.1305,198.3,26.0,0.0000,205.0,37.8,0.0229,208.1,12.0,0,0.0,0.0,0.0000,-10.93,-8.64,8.58,9.38,1,-0.1522,2.324,-1.069,24.00,1,209.0,5.1,0.12481,247.4,-26.6,-0.1525,-0.00240,OK
0.4367,0.4119,24.8,0,206.6,5.1,0.1310,208.1,8.2,0.1305,198.3,26.0,0.0000,203.5,38.8,0.0281,206.7,13.4,0,0.0,0.0,0.0000,-11.28,-8.51,9.34,9.22,1,-0.1567,2.864,-1.040,25.00,1,211.2,5.1,0.12352,262.3,-41.8,-0.1566,-0.00233,OK
0.4448,0.4119,32.9,0,206.6,5.1,0.1310,208.1,8.2,0.1305,198.3,26.0,0.0000,201.8,39.7,0.0329,205.1,14.8,0,0.0,0.0,0.0000,-10.77,-8.66,8.91,9.37,1,-0.1344,-0.951,1.912,25.00,1,213.3,5.1,0.12233,263.6,-28.7,-0.1346,-0.00227,OK
0.4525,0.4511,1.4,0,214.9,5.5,0.1255,215.9,9.2,0.1305,198.3,26.0,0.0000,201.8,37.9,0.0341,204.9,13.1,0,0.0,0.0,0.0000,-10.90,-8.45,8.00,8.82,1,-0.1344,-0.951,1.912,25.00,1,214.9,5.5,0.12203,183.1,-2.0,-0.0697,-0.00238,OK
0.4605,0.4511,9.5,0,214.9,5.5,0.1255,215.9,9.2,0.1305,198.3,26.0,0.0000,205.7,38.5,0.0353,208.9,13.3,0,0.0,0.0,0.0000,-10.10,-8.22,7.30,8.97,1,-0.1333,-1.687,-0.451,24.00,1,215.2,5.6,0.12172,197.5,4.5,-0.1338,-0.00231,OK
0.4683,0.4511,17.2,0,214.9,5.5,0.1255,215.9,9.2,0.1305,198.3,26.0,0.0000,205.9,38.9,0.0391,209.1,13.8,0,0.0,0.0,0.0000,-9.09,-6.85,7.31,8.35,1,-0.1133,2.206,-1.530,24.00,1,216.7,5.7,0.12077,181.3,-11.0,-0.1108,-0.00232,OK
0.4766,0.4511,25.6,0,214.9,5.5,0.1255,215.9,9.2,0.1305,198.3,26.0,0.0000,206.2,39.4,0.0421,209.4,14.4,0,0.0,0.0,0.0000,-9.22,-7.02,7.41,8.54,1,-0.0700,2.599,1.520,25.00,1,218.2,5.8,0.12002,194.5,-9.1,-0.0690,-0.00230,OK
0.4845,0.4511,33.4,0,214.9,5.5,0.1255,215.9,9.2,0.1305,198.3,26.0,0.0000,206.0,39.7,0.0441,209.3,14.9,0,0.0,0.0,0.0000,-9.52,-7.48,7.75,8.50,1,-0.0589,0.559,-0.245,25.00,1,219.8,6.0,0.11951,211.2,-10.5,-0.0599,-0.00222,OK
0.4924,0.4511,41.3,0,214.9,5.5,0.1255,215.9,9.2,0.1305,198.3,26.0,0.0000,205.7,40.0,0.0460,209.0,15.3,0,0.0,0.0,0.0000,-9.38,-7.47,7.26,8.88,1,-0.0589,0.559,-0.245,25.00,1,221.5,6.1,0.11903,215.2,-0.5,-0.0594,-0.00216,OK
0.5011,0.4511,50.0,0,214.9,5.5,0.1255,215.9,9.2,0.1305,198.3,26.0,0.0000,205.4,40.1,0.0476,208.7,15.5,0,0.0,0.0,0.0000,-9.20,-7.06,6.85,8.32,1,-0.0244,0.127,-1.981,25.00,1,223.3,6.3,0.11864,207.5,-2.0,-0.0285,-0.00203,OK
0.5090,0.4511,58.0,0,214.9,5.5,0.1255,215.9,9.2,0.1305,198.3,26.0,0.0000,205.3,40.1,0.0473,208.6,15.5,0,0.0,0.0,0.0000,-8.32,-6.73,6.34,7.99,1,0.0589,1.255,1.324,25.00,1,224.9,6.5,0.11872,195.5,6.4,0.0514,-0.00183,OK
0.5170,0.4511,65.9,0,214.9,5.5,0.1255,215.9,9.2,0.1305,198.3,26.0,0.0000,205.6,40.0,0.0449,208.9,15.3,0,0.0,0.0,0.0000,-7.14,-6.01,6.94,7.75,1,0.1011,1.491,-0.471,25.00,1,226.4,6.7,0.11933,189.0,-3.1,0.1020,-0.00182,OK
0.5249,0.4511,73.9,0,214.9,5.5,0.1255,215.9,9.2,0.1305,198.3,26.0,0.0000,205.9,39.9,0.0414,209.2,14.9,0,0.0,0.0,0.0000,-6.91,-6.07,6.47,7.82,1,0.1144,1.697,-0.059,25.00,1,227.9,6.9,0.12019,188.9,5.6,0.1142,-0.00179,OK
0.5328,0.4511,81.7,0,214.9,5.5,0.1255,215.9,9.2,0.1305,198.3,26.0,0.0000,206.0,39.7,0.0378,209.3,14.5,0,0.0,0.0,0.0000,-6.84,-6.09,7.10,7.82,1,0.1144,1.697,-0.059,25.00,1,229.4,7.1,0.12110,198.1,-0.9,0.1178,-0.00181,OK
0.5408,0.4511,89.7,0,214.9,5.5,0.1255,215.9,9.2,0.1305,198.3,26.0,0.0000,206.4,39.4,0.0336,209.7,14.0,0,0.0,0.0,0.0000,-6.47,-5.76,5.64,7.22,1,0.1578,1.579,-0.745,24.00,1,230.9,7.3,0.12215,178.3,11.8,0.1492,-0.00164,OK
0.5487,0.4511,97.6,0,214.9,5.5,0.1255,215.9,9.2,0.1305,198.3,26.0,0.0000,207.1,39.1,0.0286,210.4,13.3,0,0.0,0.0,0.0000,-6.36,-5.06,5.45,6.85,1,0.1811,0.245,-0.098,24.00,1,232.2,7.6,0.12338,169.6,3.9,0.1709,-0.00147,OK
0.5568,0.4511,105.7,0,214.9,5.5,0.1255,215.9,9.2,0.1305,198.3,26.0,0.0000,207.9,39.0,0.0229,211.1,12.8,0,0.0,0.0,0.0000,-5.94,-4.76,5.83,6.68,1,0.1922,1.020,0.902,25.00,1,233.6,7.7,0.12483,169.3,-3.0,0.1879,-0.00139,OK
0.5648,0.5603,4.5,0,248.4,5.7,0.1190,237.5,12.1,0.1305,198.3,26.0,0.0000,192.0,41.3,0.0292,195.6,17.4,0,0.0,0.0,0.0000,-5.28,-4.85,5.12,6.90,1,0.1922,1.020,0.902,25.00,1,248.3,5.7,0.12324,284.8,-23.7,0.1649,-0.00064,OK
0.5724,0.5603,12.0,0,248.4,5.7,0.1190,237.5,12.1,0.1305,198.3,26.0,0.0000,177.1,43.8,0.0260,181.2,21.6,0,0.0,0.0,0.0000,-5.40,-4.67,4.90,6.19,1,0.2200,1.824,-0.471,25.00,1,249.4,5.8,0.12405,267.3,-25.1,0.2090,-0.00048,OK
0.5800,0.5603,19.7,0,248.4,5.7,0.1190,237.5,12.1,0.1305,198.3,26.0,0.0000,168.6,45.1,0.0195,173.0,23.6,0,0.0,0.0,0.0000,-4.67,-4.42,4.96,6.24,1,0.2144,0.863,0.422,24.00,1,251.4,5.9,0.12566,254.4,-20.6,0.2127,-0.00046,OK
0.5886,0.5603,28.3,0,248.4,5.7,0.1190,237.5,12.1,0.1305,198.3,26.0,0.0000,167.4,45.1,0.0119,171.8,23.4,0,0.0,0.0,0.0000,-4.21,-4.42,4.94,6.01,1,0.2344,0.441,0.363,24.00,1,253.6,6.0,0.12758,242.6,-14.9,0.2334,-0.00044,OK
0.5966,0.5603,36.2,0,248.4,5.7,0.1190,237.5,12.1,0.1305,198.3,26.0,0.0000,166.5,45.2,0.0045,170.9,23.3,0,0.0,0.0,0.0000,-4.82,-4.00,4.94,6.00,1,0.2344,0.441,0.363,25.00,1,255.5,6.1,0.12941,240.0,-24.5,0.2297,-0.00039,OK
0.6045,0.5603,44.2,0,248.4,5.7,0.1190,237.5,12.1,0.1305,198.3,26.0,0.0000,165.7,45.4,-0.0028,170.2,23.3,0,0.0,0.0,0.0000,-4.28,-4.04,5.28,5.53,1,0.2322,1.118,-0.216,25.00,1,257.3,6.1,0.13124,229.5,-23.7,0.2308,-0.00037,OK
0.6122,0.5603,51.8,0,248.4,5.7,0.1190,237.5,12.1,0.1305,198.3,26.0,0.0000,165.3,45.5,-0.0093,169.8,23.2,0,0.0,0.0,0.0000,-4.26,-3.59,4.42,5.26,1,0.2044,0.539,-0.118,25.00,1,259.0,6.2,0.13287,212.3,-21.4,0.1992,-0.00031,OK
0.6212,0.5603,60.8,0,248.4,5.7,0.1190,237.5,12.1,0.1305,198.3,26.0,0.0000,165.3,45.6,-0.0163,169.9,23.0,0,0.0,0.0,0.0000,-3.50,-3.32,3.83,5.18,1,0.1867,0.834,0.127,24.00,1,260.8,6.3,0.13463,192.3,-10.5,0.1894,-0.00033,OK
0.6291,0.5603,68.8,0,248.4,5.7,0.1190,237.5,12.1,0.1305,198.3,26.0,0.0000,165.7,45.7,-0.0219,170.3,22.8,0,0.0,0.0,0.0000,-3.51,-3.28,3.67,4.58,1,0.1656,1.902,-0.098,25.00,1,262.3,6.4,0.13602,182.4,-12.6,0.1609,-0.00027,OK
0.6362,0.5603,75.8,0,248.4,5.7,0.1190,237.5,12.1,0.1305,198.3,26.0,0.0000,166.1,45.8,-0.0264,170.8,22.6,0,0.0,0.0,0.0000,-3.44,-3.13,3.59,4.62,1,0.1656,1.902,-0.098,25.00,1,263.6,6.5,0.13716,177.1,-11.5,0.1631,-0.00024,OK
0.6447,0.5603,84.4,0,248.4,5.7,0.1190,237.5,12.1,0.1305,198.3,26.0,0.0000,166.8,45.9,-0.0311,171.6,22.4,0,0.0,0.0,0.0000,-3.70,-3.17,3.16,4.42,1,0.1233,1.236,0.108,25.00,1,265.1,6.6,0.13833,170.8,-9.0,0.1130,-0.00011,OK
0.6523,0.5603,91.9,0,248.4,5.7,0.1190,237.5,12.1,0.1305,198.3,26.0,0.0000,167.7,46.0,-0.0340,172.4,22.4,0,0.0,0.0,0.0000,-3.37,-2.88,3.08,4.29,1,0.0744,0.294,0.020,25.00,1,266.3,6.7,0.13905,160.5,-10.2,0.0781,-0.00015,OK
0.6621,0.6618,0.2,0,265.8,7.2,0.1381,257.6,14.7,0.1305,198.3,26.0,0.0000,173.8,48.5,-0.0344,178.8,23.9,0,0.0,0.0,0.0000,-3.27,-2.83,3.16,3.76,1,0.0667,0.961,-0.196,24.00,1,265.9,7.2,0.13915,117.3,-4.6,0.0388,0.00004,OK
0.6688,0.6618,7.0,0,265.8,7.2,0.1381,257.6,14.7,0.1305,198.3,26.0,0.0000,177.8,49.0,-0.0340,182.9,23.9,0,0.0,0.0,0.0000,-2.77,-2.92,2.30,3.39,1,0.0667,0.961,-0.196,25.00,1,265.9,7.2,0.13905,107.9,5.5,-0.0033,0.00003,OK
0.6764,0.6618,14.6,0,265.8,7.2,0.1381,257.6,14.7,0.1305,198.3,26.0,0.0000,180.4,49.1,-0.0345,185.4,23.7,0,0.0,0.0,0.0000,-2.49,-2.68,1.84,3.24,1,0.0578,1.206,-0.029,25.00,1,266.5,7.3,0.13916,97.8,11.0,0.0398,0.00039,OK
0.6848,0.6618,23.0,0,265.8,7.2,0.1381,257.6,14.7,0.1305,198.3,26.0,0.0000,182.9,49.2,-0.0350,188.0,23.3,0,0.0,0.0,0.0000,-2.72,-2.67,1.90,3.23,1,0.0067,0.637,-0.118,26.00,1,267.4,7.5,0.13930,99.8,7.7,-0.0035,0.00057,OK
0.6926,0.6618,30.8,0,265.8,7.2,0.1381,257.6,14.7,0.1305,198.3,26.0,0.0000,185.3,49.4,-0.0339,190.4,23.2,0,0.0,0.0,0.0000,-2.65,-2.80,1.88,2.78,1,-0.0578,0.235,-0.235,26.00,1,268.1,7.7,0.13902,96.0,5.2,-0.0650,0.00071,OK
0.7005,0.6618,38.7,0,265.8,7.2,0.1381,257.6,14.7,0.1305,198.3,26.0,0.0000,187.9,49.6,-0.0318,192.9,23.2,0,0.0,0.0,0.0000,-2.39,-2.60,1.48,2.76,1,-0.0578,0.235,-0.235,25.00,1,268.8,7.8,0.13849,88.2,10.5,-0.0633,0.00081,OK
0.7089,0.6618,47.1,0,265.8,7.2,0.1381,257.6,14.7,0.1305,198.3,26.0,0.0000,190.7,49.7,-0.0296,195.7,23.0,0,0.0,0.0,0.0000,-2.04,-2.93,1.53,2.72,1,-0.0800,0.324,-0.186,25.00,1,269.5,8.1,0.13794,87.6,16.0,-0.0735,0.00065,OK
0.7164,0.6618,54.6,0,265.8,7.2,0.1381,257.6,14.7,0.1305,198.3,26.0,0.0000,193.2,49.8,-0.0279,198.2,22.8,0,0.0,0.0,0.0000,-1.87,-2.94,1.61,2.73,1,-0.0578,0.157,-0.324,25.00,1,270.1,8.3,0.13751,86.5,17.4,-0.0488,0.00043,OK
0.7247,0.6618,62.9,0,265.8,7.2,0.1381,257.6,14.7,0.1305,198.3,26.0,0.0000,196.1,49.7,-0.0267,201.1,22.4,0,0.0,0.0,0.0000,-1.93,-2.53,1.32,2.84,1,-0.0222,-0.186,-0.088,25.00,1,270.8,8.5,0.13722,82.1,17.8,-0.0219,0.00041,OK
0.7323,0.6618,70.5,0,265.8,7.2,0.1381,257.6,14.7,0.1305,198.3,26.0,0.0000,198.9,49.6,-0.0261,203.8,21.9,0,0.0,0.0,0.0000,-1.57,-2.86,1.01,2.82,1,-0.0144,-0.255,-0.000,25.00,1,271.4,8.8,0.13706,78.6,28.7,-0.0192,0.00050,OK
0.7405,0.6618,78.7,0,265.8,7.2,0.1381,257.6,14.7,0.1305,198.3,26.0,0.0000,201.9,49.3,-0.0252,206.8,21.3,0,0.0,0.0,0.0000,-1.83,-2.90,1.16,2.86,1,-0.0144,-0.255,-0.000,24.00,1,272.0,9.1,0.13685,82.8,25.6,-0.0245,0.00069,OK
0.7481,0.6618,86.3,0,265.8,7.2,0.1381,257.6,14.7,0.1305,198.3,26.0,0.0000,204.7,49.2,-0.0246,209.5,20.8,0,0.0,0.0,0.0000,-1.81,-2.55,1.26,2.85,1,-0.0222,-0.422,0.127,25.00,1,272.6,9.3,0.13669,80.3,20.7,-0.0193,0.00062,OK
0.7568,0.6618,95.0,0,265.8,7.2,0.1381,257.6,14.7,0.1305,198.3,26.0,0.0000,207.7,49.0,-0.0231,212.5,20.3,0,0.0,0.0,0.0000,-2.02,-3.16,1.00,2.88,1,-0.0356,-0.726,0.098,25.00,1,273.3,9.7,0.13631,85.1,29.2,-0.0562,0.00101,OK
0.7650,0.7637,1.3,0,274.1,9.6,0.1484,277.8,17.4,0.1305,198.3,26.0,0.0000,210.1,50.9,-0.0464,215.2,20.6,0,0.0,0.0,0.0000,-2.28,-3.02,0.98,3.18,1,-0.0567,-0.902,-0.078,25.00,1,274.1,9.6,0.14214,82.7,21.4,0.0556,0.00038,OK
0.7724,0.7637,8.7,0,274.1,9.6,0.1484,277.8,17.4,0.1305,198.3,26.0,0.0000,214.3,51.5,-0.0452,219.4,20.7,0,0.0,0.0,0.0000,-2.42,-3.35,1.04,3.30,1,-0.0756,-0.539,0.069,25.00,1,274.1,9.6,0.14184,89.2,25.2,-0.0887,0.00057,OK
0.7810,0.7637,17.3,0,274.1,9.6,0.1484,277.8,17.4,0.1305,198.3,26.0,0.0000,217.0,51.4,-0.0422,222.0,20.3,0,0.0,0.0,0.0000,-2.74,-3.80,1.64,3.58,1,-0.0756,-0.539,0.069,24.00,1,274.9,9.9,0.14109,103.9,22.7,-0.0848,0.00075,OK
0.7891,0.7889,0.2,0,278.2,12.7,0.1494,282.8,18.0,0.1305,198.3,26.0,0.0000,212.9,43.4,-0.0526,216.9,12.5,0,0.0,0.0,0.0000,-2.59,-3.34,1.92,3.84,1,-0.0889,-0.431,0.324,25.00,1,277.9,12.6,0.14370,183.1,129.7,0.0677,-0.00010,OK
0.7970,0.7930,3.9,0,279.3,13.0,0.1390,283.7,18.1,0.1305,198.3,26.0,0.0000,214.9,41.1,-0.0453,218.6,10.3,0,0.0,0.0,0.0000,-3.21,-3.66,2.21,3.70,1,-0.0933,-1.020,0.304,25.00,1,279.0,13.0,0.14187,182.8,69.4,-0.1108,0.00001,OK
0.8042,0.8009,3.3,0,280.1,13.3,0.1380,285.2,18.3,0.1305,198.3,26.0,0.0000,215.5,40.6,-0.0390,219.1,10.1,0,0.0,0.0,0.0000,-3.18,-3.94,2.08,4.07,1,-0.1167,-1.275,-0.000,25.00,1,280.2,13.4,0.14028,164.3,27.2,-0.1332,0.00003,OK
0.8128,0.8096,3.3,0,280.9,13.3,0.1390,286.9,18.6,0.1305,198.3,26.0,0.0000,217.5,41.8,-0.0339,221.1,11.3,0,0.0,0.0,0.0000,-4.04,-4.67,2.53,3.19,1,-0.1167,-1.275,-0.000,25.00,1,281.2,13.4,0.13901,137.7,-19.6,-0.1431,0.00062,OK
0.8205,0.8180,2.4,0,281.7,13.7,0.1392,288.6,18.8,0.1305,198.3,26.0,0.0000,219.6,42.0,-0.0273,223.3,11.5,0,0.0,0.0,0.0000,-4.42,-5.15,2.14,1.82,1,-0.1256,-1.245,-0.196,25.00,1,282.0,13.7,0.13736,111.6,20.1,-0.2181,0.00175,OK
0.8284,0.8270,1.4,0,282.6,14.1,0.1376,290.4,19.0,0.1305,198.3,26.0,0.0000,222.0,41.4,-0.0202,225.5,11.0,0,0.0,0.0,0.0000,-4.39,-4.52,2.29,1.79,1,-0.1333,-1.393,-0.265,25.00,1,282.8,14.1,0.13559,101.6,38.5,-0.2196,0.00307,OK
0.8366,0.8351,1.5,0,284.1,14.4,0.1395,292.0,19.2,0.1305,198.3,26.0,0.0000,223.1,41.7,-0.0183,226.7,11.2,0,0.0,0.0,0.0000,-4.26,-5.02,2.28,3.45,1,-0.1800,-0.843,-0.000,25.00,1,284.0,14.4,0.13512,143.2,15.4,-0.1360,0.00359,OK
0.8444,0.8434,1.0,0,286.1,14.5,0.1432,293.6,19.4,0.1305,198.3,26.0,0.0000,222.2,42.4,-0.0184,225.9,12.1,0,0.0,0.0,0.0000,-4.81,-5.45,2.11,4.31,1,-0.2211,-0.235,0.275,25.00,1,285.8,14.6,0.13515,194.4,-7.1,-0.0902,0.00384,OK
0.8528,0.8517,1.1,0,287.3,15.1,0.1400,295.3,19.7,0.1305,198.3,26.0,0.0000,222.7,41.2,-0.0159,226.2,10.9,0,0.0,0.0,0.0000,-4.73,-5.75,2.97,5.38,1,-0.2211,-0.235,0.275,24.00,1,287.3,15.1,0.13452,190.8,27.9,-0.1176,0.00354,OK
0.8608,0.8517,9.1,0,287.3,15.1,0.1400,295.3,19.7,0.1305,198.3,26.0,0.0000,226.8,41.7,-0.0137,230.4,11.1,0,0.0,0.0,0.0000,-5.10,-6.15,2.80,5.77,1,-0.2356,-1.040,0.775,24.00,1,287.5,15.1,0.13396,197.3,31.6,-0.2379,0.00352,OK
0.8688,0.8686,0.2,0,289.5,16.7,0.1319,298.6,20.1,0.1305,198.3,26.0,0.0000,224.9,36.7,-0.0008,227.8,7.1,0,0.0,0.0,0.0000,-5.55,-6.49,3.32,6.09,1,-0.2200,-1.775,1.510,25.00,1,289.8,16.6,0.13074,162.3,90.8,-0.1990,0.00352,OK
0.8766,0.8686,8.0,0,289.5,16.7,0.1319,298.6,20.1,0.1305,198.3,26.0,0.0000,229.4,37.4,-0.0006,232.4,7.2,0,0.0,0.0,0.0000,-5.60,-6.32,3.59,5.92,1,-0.1611,-1.040,0.716,25.00,1,289.8,16.6,0.13069,184.6,52.8,-0.2167,0.00352,OK
0.8842,0.8773,7.0,0,290.6,16.5,0.1282,300.4,20.3,0.1305,198.3,26.0,0.0000,230.9,37.4,0.0068,233.8,7.4,0,0.0,0.0,0.0000,-5.86,-6.17,3.35,5.79,1,-0.1611,-1.040,0.716,26.00,1,290.9,16.7,0.12884,160.2,18.9,-0.1797,0.00384,OK
0.8923,0.8857,6.6,0,293.5,16.9,0.1264,302.0,20.6,0.1305,198.3,26.0,0.0000,229.5,37.1,0.0127,232.4,7.6,0,0.0,0.0,0.0000,-5.57,-6.34,3.70,6.62,1,-0.1233,0.412,-1.167,24.00,1,293.0,17.0,0.12737,200.2,18.5,-0.1304,0.00391,OK
0.9013,0.8947,6.6,0,294.6,17.7,0.1252,303.8,20.8,0.1305,198.3,26.0,0.0000,229.7,35.8,0.0164,232.4,6.5,0,0.0,0.0,0.0000,-5.60,-6.28,4.32,6.94,1,-0.0333,-0.637,0.265,24.00,1,294.7,17.6,0.12643,205.4,31.8,-0.0414,0.00399,OK
0.9086,0.9022,6.5,0,295.8,18.7,0.1243,305.3,21.0,0.1305,198.3,26.0,0.0000,230.1,33.6,0.0186,232.5,4.4,0,0.0,0.0,0.0000,-6.06,-6.37,4.21,7.19,1,0.0011,-1.422,1.010,25.00,1,296.0,18.5,0.12588,206.3,65.0,-0.0191,0.00428,OK
0.9164,0.9112,5.2,0,297.7,18.8,0.1193,307.1,21.2,0.1305,198.3,26.0,0.0000,229.6,32.0,0.0228,231.8,3.2,0,0.0,0.0,0.0000,-5.91,-6.34,4.55,7.38,1,0.0544,-0.843,1.020,25.00,1,297.8,18.9,0.12485,205.5,31.7,0.0209,0.00461,OK
0.9247,0.9190,5.7,0,299.6,19.2,0.1209,308.6,21.4,0.1305,198.3,26.0,0.0000,229.2,32.2,0.0242,231.5,3.4,0,0.0,0.0,0.0000,-5.45,-6.07,5.16,7.81,1,0.0544,-0.843,1.020,25.00,1,299.5,19.3,0.12449,215.6,22.5,0.0513,0.00454,OK
0.9330,0.9316,1.4,0,301.4,19.8,0.1249,311.1,21.7,0.1305,198.3,26.0,0.0000,227.5,31.7,0.0192,229.7,3.0,0,0.0,0.0,0.0000,-5.60,-6.25,5.53,7.61,1,0.1400,-0.324,0.608,25.00,1,301.7,19.8,0.12575,185.7,20.4,0.1171,0.00460,OK
0.9409,0.9371,3.7,0,302.6,20.0,0.1291,312.2,21.9,0.1305,198.3,26.0,0.0000,229.0,32.4,0.0126,231.3,3.0,0,0.0,0.0,0.0000,-5.91,-6.76,5.80,7.51,1,0.2189,-1.167,-0.500,25.00,1,302.7,20.0,0.12739,200.8,11.9,0.2101,0.00481,OK
0.9489,0.9446,4.3,0,305.9,19.8,0.1364,313.7,22.1,0.1305,198.3,26.0,0.0000,226.5,34.2,-0.0001,229.0,4.4,0,0.0,0.0,0.0000,-6.21,-5.82,5.96,7.93,1,0.2756,-1.294,0.549,25.00,1,305.1,19.9,0.13058,256.4,-36.5,0.2933,0.00481,OK
0.9571,0.9532,4.0,0,307.0,20.4,0.1346,315.4,22.3,0.1305,198.3,26.0,0.0000,225.8,32.6,-0.0105,228.1,2.4,0,0.0,0.0,0.0000,-5.22,-5.98,5.75,7.68,1,0.2756,-1.294,0.549,24.00,1,307.0,20.3,0.13316,228.4,16.7,0.2744,0.00485,OK
0.9650,0.9639,1.1,0,308.4,20.8,0.1434,317.5,22.6,0.1305,198.3,26.0,0.0000,225.4,32.6,-0.0297,227.8,1.3,0,0.0,0.0,0.0000,-3.13,-5.88,6.55,7.41,1,0.2844,-0.029,0.265,25.00,1,308.7,20.8,0.13798,165.7,24.0,0.4070,0.00444,OK
0.9727,0.9703,2.3,0,310.7,20.9,0.1390,318.8,22.8,0.1305,198.3,26.0,0.0000,225.2,31.4,-0.0363,227.4,-0.2,0,0.0,0.0,0.0000,-2.78,-5.83,7.12,8.41,1,0.2644,-0.245,1.187,24.00,1,310.3,21.0,0.13961,217.2,-5.8,0.3060,0.00413,OK
0.9803,0.9789,1.4,0,313.2,20.9,0.1418,320.5,23.0,0.1305,198.3,26.0,0.0000,222.2,32.3,-0.0452,224.5,0.6,0,0.0,0.0,0.0000,-5.14,-5.81,6.62,8.71,1,0.2567,-0.775,0.902,25.00,1,312.8,20.9,0.14183,272.6,-51.2,0.2656,0.00397,OK
0.9881,0.9869,1.1,0,315.5,21.0,0.1386,322.1,23.2,0.1305,198.3,26.0,0.0000,219.5,31.9,-0.0481,221.8,0.4,0,0.0,0.0,0.0000,-6.46,-6.24,7.19,8.51,1,0.2389,-0.147,-0.971,25.00,1,315.3,21.0,0.14256,295.3,-34.8,0.1561,0.00409,OK
0.9964,0.9869,9.4,0,315.5,21.0,0.1386,322.1,23.2,0.1305,198.3,26.0,0.0000,223.4,32.3,-0.0502,225.7,0.2,0,0.0,0.0,0.0000,-5.77,-6.00,7.16,8.37,1,0.2389,-0.147,-0.971,25.00,1,315.7,21.0,0.14310,271.3,-29.7,0.2412,0.00400,OK
1.0050,0.9869,18.0,0,315.5,21.0,0.1386,322.1,23.2,0.1305,198.3,26.0,0.0000,221.3,32.5,-0.0585,223.7,0.1,0,0.0,0.0,0.0000,-6.98,-6.03,7.60,8.49,1,0.2500,0.324,0.804,25.00,1,318.1,21.0,0.14518,287.5,-42.3,0.2439,0.00403,OK
1.0121,0.9869,25.2,0,315.5,21.0,0.1386,322.1,23.2,0.1305,198.3,26.0,0.0000,219.2,32.6,-0.0650,221.7,0.2,0,0.0,0.0,0.0000,-8.03,-6.32,7.48,8.88,1,0.2211,-0.902,0.686,25.00,1,320.2,21.0,0.14680,300.3,-42.1,0.2100,0.00411,OK
1.0207,0.9869,33.7,0,315.5,21.0,0.1386,322.1,23.2,0.1305,198.3,26.0,0.0000,216.5,33.0,-0.0712,219.0,0.7,0,0.0,0.0,0.0000,-8.42,-6.49,8.02,8.84,1,0.1578,-1.373,0.608,25.00,1,322.8,21.0,0.14833,308.4,-49.2,0.1503,0.00416,OK
1.0291,0.9869,42.2,0,315.5,21.0,0.1386,322.1,23.2,0.1305,198.3,26.0,0.0000,214.0,33.4,-0.0763,216.6,1.1,0,0.0,0.0,0.0000,-7.14,-6.21,7.55,8.14,1,0.1578,-1.373,0.608,25.00,1,325.4,21.0,0.14962,282.9,-38.2,0.1534,0.00416,OK
1.0365,0.9869,49.5,0,315.5,21.0,0.1386,322.1,23.2,0.1305,198.3,26.0,0.0000,212.1,33.8,-0.0801,214.8,1.6,0,0.0,0.0,0.0000,-7.64,-6.22,7.73,7.60,1,0.1133,1.147,0.814,24.00,1,327.5,21.0,0.15056,283.3,-47.9,0.1043,0.00423,OK
1.0450,0.9869,58.0,0,315.5,21.0,0.1386,322.1,23.2,0.1305,198.3,26.0,0.0000,209.7,34.4,-0.0830,212.5,2.4,0,0.0,0.0,0.0000,-8.29,-6.53,7.83,8.14,1,0.0767,1.245,0.059,25.00,1,330.0,21.0,0.15129,296.5,-46.0,0.0688,0.00429,OK
1.0525,0.9869,65.6,0,315.5,21.0,0.1386,322.1,23.2,0.1305,198.3,26.0,0.0000,207.6,34.9,-0.0845,210.5,3.2,0,0.0,0.0,0.0000,-7.51,-6.49,7.54,7.68,1,0.0311,-0.686,-0.490,25.00,1,332.2,21.0,0.15166,281.3,-38.9,0.0285,0.00427,OK
1.0611,0.9869,74.1,0,315.5,21.0,0.1386,322.1,23.2,0.1305,198.3,26.0,0.0000,205.4,35.4,-0.0850,208.4,3.9,0,0.0,0.0,0.0000,-7.94,-6.75,7.24,7.88,1,0.0111,-1.157,1.187,25.00,1,334.6,21.1,0.15179,286.0,-33.5,0.0043,0.00431,OK
1.0693,0.9869,82.3,0,315.5,21.0,0.1386,322.1,23.2,0.1305,198.3,26.0,0.0000,203.3,35.9,-0.0850,206.4,4.8,0,0.0,0.0,0.0000,-7.97,-6.38,7.16,7.40,1,0.0111,-1.157,1.187,25.00,1,336.9,21.1,0.15180,277.1,-39.4,0.0010,0.00441,OK
1.0768,1.0710,5.7,0,328.2,21.6,0.1523,338.8,25.4,0.1305,198.3,26.0,0.0000,218.3,36.9,-0.0851,221.4,3.5,0,0.0,0.0,0.0000,-8.08,-6.03,6.82,7.50,1,-0.0411,0.157,0.206,25.00,1,328.5,21.6,0.15183,141.0,-14.0,-0.0438,0.00436,OK
1.0844,1.0710,13.3,0,328.2,21.6,0.1523,338.8,25.4,0.1305,198.3,26.0,0.0000,233.4,38.4,-0.0834,236.6,2.7,0,0.0,0.0,0.0000,-7.80,-5.95,7.66,7.24,1,-0.1000,0.716,-0.451,25.00,1,329.3,21.6,0.15140,153.3,-26.6,-0.0986,0.00427,OK
1.0937,1.0710,22.7,0,328.2,21.6,0.1523,338.8,25.4,0.1305,198.3,26.0,0.0000,235.7,39.6,-0.0784,239.0,3.9,0,0.0,0.0,0.0000,-8.29,-6.31,7.35,7.14,1,-0.1700,0.353,0.471,24.00,1,330.8,21.6,0.15015,167.3,-26.5,-0.1700,0.00420,OK
1.1001,1.0710,29.0,0,328.2,21.6,0.1523,338.8,25.4,0.1305,198.3,26.0,0.0000,236.3,40.3,-0.0740,239.6,4.8,0,0.0,0.0,0.0000,-8.64,-6.41,6.46,6.83,1,-0.1700,0.353,0.471,25.00,1,331.8,21.6,0.14904,165.4,-19.3,-0.1767,0.00425,OK
1.1087,1.0710,37.7,0,328.2,21.6,0.1523,338.8,25.4,0.1305,198.3,26.0,0.0000,237.0,41.3,-0.0669,240.5,6.1,0,0.0,0.0,0.0000,-7.97,-6.11,6.35,6.72,1,-0.2333,0.265,0.843,25.00,1,333.3,21.7,0.14728,163.9,-19.9,-0.2322,0.00415,OK
1.1166,1.0710,45.6,0,328.2,21.6,0.1523,338.8,25.4,0.1305,198.3,26.0,0.0000,237.6,42.3,-0.0587,241.3,7.5,0,0.0,0.0,0.0000,-8.03,-6.48,6.43,6.32,1,-0.2911,0.059,-1.226,24.00,1,334.6,21.7,0.14522,171.4,-22.1,-0.2908,0.00406,OK
1.1252,1.0710,54.2,0,328.2,21.6,0.1523,338.8,25.4,0.1305,198.3,26.0,0.0000,238.1,43.4,-0.0486,241.9,9.1,0,0.0,0.0,0.0000,-8.43,-6.69,5.78,6.38,1,-0.2889,0.579,-0.461,24.00,1,336.1,21.8,0.14269,176.4,-13.6,-0.2948,0.00410,OK
1.1328,1.0710,61.7,0,328.2,21.6,0.1523,338.8,25.4,0.1305,198.3,26.0,0.0000,238.5,44.3,-0.0397,242.4,10.4,0,0.0,0.0,0.0000,-8.37,-6.34,5.52,6.21,1,-0.2889,0.579,-0.461,25.00,1,337.4,21.8,0.14047,173.8,-15.0,-0.2949,0.00414,OK
1.1401,1.0710,69.1,0,328.2,21.6,0.1523,338.8,25.4,0.1305,198.3,26.0,0.0000,238.9,45.2,-0.0311,242.8,11.8,0,0.0,0.0,0.0000,-8.43,-6.44,5.64,6.06,1,-0.2800,0.510,0.990,24.00,1,338.8,21.9,0.13831,179.2,-17.5,-0.2885,0.00424,OK
1.1487,1.0710,77.6,0,328.2,21.6,0.1523,338.8,25.4,0.1305,198.3,26.0,0.0000,239.4,46.1,-0.0213,243.5,13.2,0,0.0,0.0,0.0000,-7.29,-6.33,5.07,6.03,1,-0.2822,0.029,0.196,26.00,1,340.2,22.0,0.13587,169.5,-3.7,-0.2846,0.00420,OK
1.1571,1.0710,86.1,0,328.2,21.6,0.1523,338.8,25.4,0.1305,198.3,26.0,0.0000,239.9,46.8,-0.0119,244.0,14.4,0,0.0,0.0,0.0000,-8.25,-6.92,4.96,5.94,1,-0.2444,0.569,-1.265,26.00,1,341.7,22.2,0.13352,181.3,-1.8,-0.2634,0.00450,OK
1.1645,1.0710,93.4,0,328.2,21.6,0.1523,338.8,25.4,0.1305,198.3,26.0,0.0000,240.1,47.4,-0.0046,244.2,15.5,0,0.0,0.0,0.0000,-7.48,-6.70,5.71,6.17,1,-0.2256,1.020,-0.412,25.00,1,343.1,22.3,0.13169,188.8,-7.8,-0.2323,0.00454,OK
1.1745,1.1743,0.2,0,356.5,22.6,0.1364,359.3,28.1,0.1305,198.3,26.0,0.0000,220.2,45.0,-0.0057,224.2,15.6,0,0.0,0.0,0.0000,-7.64,-6.52,5.31,5.83,1,-0.2256,1.020,-0.412,26.00,1,356.2,22.6,0.13198,294.6,-25.3,-0.1230,0.00416,OK
1.1809,1.1743,6.6,0,356.5,22.6,0.1364,359.3,28.1,0.1305,198.3,26.0,0.0000,211.3,44.1,-0.0039,215.3,16.0,0,0.0,0.0,0.0000,-7.72,-6.26,5.20,6.02,1,-0.2256,-0.598,1.834,25.00,1,356.2,22.6,0.13151,277.9,-23.5,-0.2733,0.00415,OK
1.1882,1.1743,13.9,0,356.5,22.6,0.1364,359.3,28.1,0.1305,198.3,26.0,0.0000,210.9,44.6,0.0019,214.9,16.9,0,0.0,0.0,0.0000,-6.71,-6.16,5.02,5.91,1,-0.2256,-0.137,-0.196,24.00,1,357.7,22.7,0.13007,262.8,-13.8,-0.2273,0.00410,OK
1.1967,1.1743,22.4,0,356.5,22.6,0.1364,359.3,28.1,0.1305,198.3,26.0,0.0000,209.2,45.2,0.0090,213.2,18.0,0,0.0,0.0,0.0000,-6.82,-6.06,5.12,5.97,1,-0.1822,0.324,-0.608,25.00,1,360.0,22.8,0.12831,260.4,-14.6,-0.1876,0.00412,OK
1.2053,1.1743,31.0,0,356.5,22.6,0.1364,359.3,28.1,0.1305,198.3,26.0,0.0000,207.6,45.7,0.0154,211.7,19.1,0,0.0,0.0,0.0000,-6.78,-5.87,4.94,5.78,1,-0.1822,0.324,-0.608,24.00,1,362.2,23.0,0.12668,251.8,-14.8,-0.1890,0.00417,OK
1.2126,1.1743,38.3,0,356.5,22.6,0.1364,359.3,28.1,0.1305,198.3,26.0,0.0000,206.3,46.3,0.0205,210.5,20.1,0,0.0,0.0,0.0000,-7.86,-5.25,5.28,6.09,1,-0.1478,0.608,0.353,24.00,1,364.0,23.1,0.12542,257.0,-29.6,-0.1570,0.00426,OK
1.2212,1.1743,46.9,0,356.5,22.6,0.1364,359.3,28.1,0.1305,198.3,26.0,0.0000,205.3,47.8,0.0246,209.7,22.0,0,0.0,0.0,0.0000,-6.40,-2.18,5.45,6.33,1,-0.1333,0.677,-0.686,25.00,1,366.0,22.8,0.12440,208.9,-71.6,-0.0913,0.00370,OK
1.2282,1.1743,53.9,0,356.5,22.6,0.1364,359.3,28.1,0.1305,198.3,26.0,0.0000,204.9,49.4,0.0270,209.4,23.7,0,0.0,0.0,0.0000,-7.16,-2.40,5.20,6.46,1,-0.1078,-0.059,0.441,25.00,1,367.6,22.5,0.12379,212.8,-68.4,-0.0921,0.00338,OK
1.2370,1.1743,62.7,0,356.5,22.6,0.1364,359.3,28.1,0.1305,198.3,26.0,0.0000,203.9,50.6,0.0313,208.5,25.2,0,0.0,0.0,0.0000,-6.85,-5.13,5.06,6.22,1,-0.1567,0.000,-0.010,24.00,1,369.6,22.5,0.12273,240.6,-19.6,-0.1527,0.00327,OK
1.2441,1.1743,69.8,0,356.5,22.6,0.1364,359.3,28.1,0.1305,198.3,26.0,0.0000,203.0,51.1,0.0358,207.7,26.1,0,0.0,0.0,0.0000,-6.89,-5.28,4.88,5.74,1,-0.1567,0.000,-0.010,24.00,1,371.3,22.5,0.12160,234.7,-18.4,-0.1625,0.00331,OK
1.2531,1.1743,78.8,0,356.5,22.6,0.1364,359.3,28.1,0.1305,198.3,26.0,0.0000,202.0,51.6,0.0413,206.7,27.0,0,0.0,0.0,0.0000,-6.05,-5.49,4.89,6.17,1,-0.1589,0.559,-0.078,25.00,1,373.4,22.7,0.12021,231.8,-6.0,-0.1499,0.00310,OK
1.2611,1.1743,86.8,0,356.5,22.6,0.1364,359.3,28.1,0.1305,198.3,26.0,0.0000,201.3,51.7,0.0459,206.0,27.4,0,0.0,0.0,0.0000,-5.62,-5.97,4.21,6.12,1,-0.1422,-0.177,0.049,25.00,1,375.2,22.9,0.11906,224.0,12.4,-0.1414,0.00303,OK
1.2689,1.1743,94.6,0,356.5,22.6,0.1364,359.3,28.1,0.1305,198.3,26.0,0.0000,200.8,51.8,0.0499,205.5,27.7,0,0.0,0.0,0.0000,-5.79,-5.44,4.61,5.93,1,-0.1122,-0.118,-0.255,25.00,1,376.9,23.2,0.11808,220.9,-0.6,-0.1111,0.00296,OK
1.2770,1.2756,1.4,0,379.2,24.5,0.1130,379.4,30.7,0.1305,198.3,26.0,0.0000,199.6,44.4,0.0621,203.4,21.2,0,0.0,0.0,0.0000,-5.76,-5.37,4.50,5.80,1,-0.0511,0.922,0.088,25.00,1,379.2,24.5,0.11503,208.6,12.5,-0.0952,0.00330,OK
1.2849,1.2756,9.3,0,379.2,24.5,0.1130,379.4,30.7,0.1305,198.3,26.0,0.0000,203.5,44.9,0.0621,207.3,21.2,0,0.0,0.0,0.0000,-5.10,-5.34,4.23,5.79,1,-0.0511,0.922,0.088,25.00,1,379.5,24.5,0.11502,200.4,19.0,-0.0532,0.00328,OK
1.2924,1.2756,16.8,0,379.2,24.5,0.1130,379.4,30.7,0.1305,198.3,26.0,0.0000,203.5,44.6,0.0636,207.2,21.0,0,0.0,0.0,0.0000,-5.46,-5.52,4.09,5.97,1,-0.0300,0.402,-0.451,25.00,1,381.0,24.9,0.11464,204.3,22.0,-0.0433,0.00344,OK
1.3000,1.2756,24.4,0,379.2,24.5,0.1130,379.4,30.7,0.1305,198.3,26.0,0.0000,203.4,44.1,0.0644,207.1,20.6,0,0.0,0.0,0.0000,-5.47,-5.97,4.19,5.91,1,0.0233,-0.059,0.569,25.00,1,382.5,25.2,0.11443,207.2,25.5,-0.0035,0.00380,OK
1.3089,1.2756,33.3,0,379.2,24.5,0.1130,379.4,30.7,0.1305,198.3,26.0,0.0000,203.4,43.5,0.0635,207.0,19.9,0,0.0,0.0,0.0000,-4.83,-5.24,4.21,6.18,1,0.0667,1.000,-0.382,25.00,1,384.3,25.6,0.11466,197.9,25.6,0.0559,0.00390,OK
1.3161,1.2756,40.5,0,379.2,24.5,0.1130,379.4,30.7,0.1305,198.3,26.0,0.0000,203.7,42.9,0.0614,207.3,19.2,0,0.0,0.0,0.0000,-4.01,-4.58,4.00,6.33,1,0.0667,1.000,-0.382,24.00,1,385.6,26.0,0.11518,182.4,27.9,0.0804,0.00363,OK
1.3241,1.2756,48.5,0,379.2,24.5,0.1130,379.4,30.7,0.1305,198.3,26.0,0.0000,204.1,42.0,0.0578,207.6,18.1,0,0.0,0.0,0.0000,-4.08,-5.11,4.12,6.77,1,0.1433,1.775,-0.471,25.00,1,387.1,26.4,0.11609,192.8,37.7,0.1437,0.00357,OK
1.3329,1.2756,57.3,0,379.2,24.5,0.1130,379.4,30.7,0.1305,198.3,26.0,0.0000,204.5,40.9,0.0526,207.9,16.6,0,0.0,0.0,0.0000,-4.06,-5.33,4.17,6.24,1,0.1722,0.765,1.245,25.00,1,388.7,27.0,0.11740,190.1,36.0,0.1584,0.00372,OK
1.3409,1.2756,65.3,0,379.2,24.5,0.1130,379.4,30.7,0.1305,198.3,26.0,0.0000,205.0,40.0,0.0475,208.3,15.4,0,0.0,0.0,0.0000,-3.93,-4.69,4.07,6.08,1,0.1700,-0.314,0.471,26.00,1,390.1,27.4,0.11866,180.4,29.4,0.1618,0.00378,OK
1.3487,1.2756,73.1,0,379.2,24.5,0.1130,379.4,30.7,0.1305,198.3,26.0,0.0000,205.5,39.1,0.0429,208.7,14.2,0,0.0,0.0,0.0000,-4.16,-5.05,3.81,6.08,1,0.1678,-0.481,-0.451,25.00,1,391.5,27.8,0.11982,183.1,34.6,0.1460,0.00403,OK
1.3562,1.3561,0.1,0,394.0,26.2,0.1235,395.3,32.8,0.1305,198.3,26.0,0.0000,202.3,46.1,0.0310,206.4,20.9,0,0.0,0.0,0.0000,-4.44,-4.12,3.82,6.23,1,0.1678,-0.481,-0.451,24.00,1,394.0,26.2,0.12279,169.8,-13.7,0.1707,0.00411,OK
1.3641,1.3617,2.4,0,398.0,27.3,0.1240,396.4,32.9,0.1305,198.3,26.0,0.0000,199.2,44.1,0.0280,203.1,19.2,0,0.0,0.0,0.0000,-3.93,-4.23,3.65,5.44,1,0.1200,-0.373,-0.186,25.00,1,396.6,27.0,0.12353,236.0,105.3,0.1160,0.00416,OK
1.3727,1.3617,11.0,0,398.0,27.3,0.1240,396.4,32.9,0.1305,198.3,26.0,0.0000,202.6,44.2,0.0279,206.5,18.9,0,0.0,0.0,0.0000,-4.17,-4.07,3.59,5.13,1,0.0356,-0.461,0.118,25.00,1,397.2,27.2,0.12357,193.6,31.9,0.0316,0.00415,OK
1.3806,1.3752,5.3,0,401.0,27.7,0.1296,399.1,33.3,0.1305,198.3,26.0,0.0000,198.1,44.1,0.0203,202.1,19.0,0,0.0,0.0,0.0000,-4.46,-3.55,3.43,5.15,1,0.0356,-0.461,0.118,25.00,1,400.2,27.7,0.12548,223.2,15.7,0.0434,0.00397,OK
1.3883,1.3839,4.4,0,402.2,27.4,0.1330,400.8,33.5,0.1305,198.3,26.0,0.0000,196.6,45.4,0.0133,200.8,20.1,0,0.0,0.0,0.0000,-4.73,-3.89,3.83,4.77,1,-0.0167,-0.579,-0.098,25.00,1,402.2,27.5,0.12721,219.5,-31.6,0.0102,0.00377,OK
1.3963,1.3921,4.2,0,403.4,28.1,0.1245,402.5,33.7,0.1305,198.3,26.0,0.0000,196.9,43.3,0.0182,200.8,18.2,0,0.0,0.0,0.0000,-5.09,-4.58,3.47,4.30,1,-0.0878,-0.588,0.196,25.00,1,403.7,28.0,0.12599,209.9,20.8,-0.1139,0.00402,OK
1.4041,1.3921,12.0,0,403.4,28.1,0.1245,402.5,33.7,0.1305,198.3,26.0,0.0000,196.8,43.3,0.0206,200.7,18.3,0,0.0,0.0,0.0000,-4.81,-4.51,3.59,4.66,1,-0.1556,0.039,0.226,25.00,1,404.5,28.1,0.12540,209.9,8.4,-0.1529,0.00392,OK
1.4127,1.4091,3.6,0,406.5,28.3,0.1206,405.8,34.2,0.1305,198.3,26.0,0.0000,192.1,42.8,0.0308,195.9,18.9,0,0.0,0.0,0.0000,-4.73,-4.58,3.28,4.80,1,-0.1367,-0.157,-0.167,25.00,1,406.7,28.3,0.12285,187.6,-2.9,-0.1559,0.00396,OK
1.4210,1.4178,3.2,0,408.5,28.2,0.1247,407.6,34.4,0.1305,198.3,26.0,0.0000,185.2,43.6,0.0327,189.2,20.7,0,0.0,0.0,0.0000,-4.98,-4.54,3.62,4.71,1,-0.1256,-0.745,0.098,25.00,1,408.5,28.2,0.12237,191.7,-29.0,-0.1081,0.00388,OK
1.4282,1.4178,10.4,0,408.5,28.2,0.1247,407.6,34.4,0.1305,198.3,26.0,0.0000,182.0,43.3,0.0341,185.9,20.8,0,0.0,0.0,0.0000,-4.80,-4.77,3.11,4.67,1,-0.1256,-0.745,0.098,26.00,1,408.9,28.3,0.12201,186.1,-5.6,-0.1365,0.00399,OK
1.4366,1.4344,2.2,0,410.7,28.7,0.1245,410.8,34.8,0.1305,198.3,26.0,0.0000,172.5,41.8,0.0362,176.3,20.5,0,0.0,0.0,0.0000,-4.35,-4.84,3.35,5.32,1,-0.0989,0.422,-0.333,25.00,1,411.0,28.7,0.12149,168.2,10.2,-0.0513,0.00374,OK
1.4451,1.4432,1.9,0,411.9,29.5,0.1184,412.6,35.1,0.1305,198.3,26.0,0.0000,165.9,38.2,0.0403,169.3,18.0,0,0.0,0.0,0.0000,-4.79,-5.31,3.23,5.47,1,-0.0222,0.647,-0.245,24.00,1,412.2,29.4,0.12047,167.7,68.1,-0.0757,0.00407,OK
1.4525,1.4522,0.3,0,414.2,29.6,0.1283,414.4,35.3,0.1305,198.3,26.0,0.0000,157.4,38.2,0.0311,160.9,18.7,0,0.0,0.0,0.0000,-4.31,-5.61,3.49,5.87,1,0.0433,-0.647,-0.598,25.00,1,414.0,29.7,0.12277,186.0,4.2,0.1599,0.00411,OK
1.4601,1.4522,7.9,0,414.2,29.6,0.1283,414.4,35.3,0.1305,198.3,26.0,0.0000,154.4,37.9,0.0335,157.8,18.8,0,0.0,0.0,0.0000,-4.64,-5.68,3.87,5.92,1,0.1344,-0.755,-0.265,24.00,1,414.0,29.7,0.12216,188.3,22.1,-0.0250,0.00411,OK
1.4688,1.4603,8.5,0,415.1,30.4,0.1275,416.0,35.5,0.1305,198.3,26.0,0.0000,147.0,34.9,0.0256,150.2,16.4,0,0.0,0.0,0.0000,-4.73,-5.27,3.69,6.13,1,0.1344,-0.755,-0.265,25.00,1,415.3,30.4,0.12415,179.1,39.9,0.1031,0.00434,OK
1.4771,1.4697,7.5,0,416.2,31.6,0.1187,417.8,35.8,0.1305,198.3,26.0,0.0000,140.2,30.1,0.0256,142.8,12.5,0,0.0,0.0,0.0000,-4.21,-4.76,3.41,6.49,1,0.1678,0.216,0.108,25.00,1,416.5,31.4,0.12415,164.9,72.0,0.1449,0.00468,OK
1.4847,1.4797,5.0,0,417.9,32.0,0.1135,419.8,36.0,0.1305,198.1,26.0,0.0000,132.9,27.2,0.0270,135.2,10.6,0,0.0,0.0,0.0000,-4.17,-4.73,4.00,6.68,1,0.2000,0.559,0.402,25.00,1,418.0,32.0,0.12379,164.3,47.5,0.1513,0.00497,OK
1.4929,1.4797,13.3,0,417.9,32.0,0.1135,419.8,36.0,0.1305,198.1,26.0,0.0000,127.2,25.5,0.0223,129.4,9.5,0,0.0,0.0,0.0000,-3.45,-4.96,4.03,6.48,1,0.2578,0.431,0.775,24.00,1,418.8,32.4,0.12498,161.4,59.1,0.2472,0.00504,OK
1.5001,1.4942,5.9,0,421.1,33.0,0.1251,422.7,36.4,0.1305,195.7,25.7,0.0000,118.2,24.5,0.0145,120.4,9.4,0,0.0,0.0,0.0000,-3.27,-5.10,4.04,6.88,1,0.2578,0.431,0.775,25.00,1,420.8,33.1,0.12693,181.2,54.2,0.2530,0.00504,OK
1.5091,1.5028,6.3,0,422.2,33.4,0.1267,424.4,36.6,0.1305,192.5,25.3,0.0000,110.3,22.8,0.0072,112.3,8.4,0,0.0,0.0,0.0000,-3.52,-4.92,3.84,6.27,1,0.2933,0.284,0.324,25.00,1,422.2,33.5,0.12874,172.3,37.0,0.2644,0.00534,OK
1.5162,1.5108,5.4,0,423.4,33.9,0.1328,425.9,36.8,0.1305,186.3,24.5,0.0000,103.3,21.5,-0.0028,105.3,7.8,0,0.0,0.0,0.0000,-3.51,-4.71,4.08,6.68,1,0.2844,-0.157,0.245,25.00,1,423.5,33.9,0.13124,172.2,32.8,0.2780,0.00537,OK
1.5249,1.5193,5.5,0,424.4,34.3,0.1353,427.5,37.0,0.1305,179.0,23.5,0.0000,95.9,19.7,-0.0129,97.7,6.7,0,0.0,0.0,0.0000,-3.76,-4.67,3.68,6.44,1,0.2789,0.343,0.098,25.00,1,424.6,34.3,0.13377,160.1,32.4,0.2560,0.00557,OK
1.5325,1.5193,13.1,0,424.4,34.3,0.1353,427.5,37.0,0.1305,179.0,23.5,0.0000,90.0,18.2,-0.0182,91.6,5.9,0,0.0,0.0,0.0000,-3.40,-4.71,3.81,6.23,1,0.2789,0.343,0.098,24.00,1,425.4,34.6,0.13510,158.5,33.7,0.2602,0.00572,OK
1.5413,1.5366,4.7,0,428.3,34.6,0.1445,430.4,37.4,0.1305,162.1,21.3,0.0000,78.1,18.0,-0.0359,79.8,6.9,0,0.0,0.0,0.0000,-3.00,-4.28,3.69,6.00,1,0.2622,0.922,-0.000,24.00,1,427.9,34.6,0.13951,167.5,-4.8,0.2772,0.00559,OK
1.5488,1.5445,4.3,0,429.2,34.8,0.1417,431.7,37.6,0.1305,154.3,20.3,0.0000,70.1,16.5,-0.0438,71.7,6.5,0,0.0,0.0,0.0000,-3.27,-4.01,3.85,5.89,1,0.2467,0.706,0.883,25.00,1,429.2,34.8,0.14148,166.7,-0.5,0.2417,0.00559,OK
1.5562,1.5530,3.2,0,429.6,35.1,0.1470,433.0,37.7,0.1305,145.9,19.2,0.0000,63.3,15.4,-0.0533,64.8,6.1,0,0.0,0.0,0.0000,-3.31,-4.25,3.33,5.60,1,0.2089,-0.137,0.029,25.00,1,430.1,35.1,0.14388,137.4,10.8,0.2208,0.00563,OK
1.5651,1.5530,12.2,0,429.6,35.1,0.1470,433.0,37.7,0.1305,145.9,19.2,0.0000,56.4,14.2,-0.0567,57.9,6.0,0,0.0,0.0,0.0000,-2.94,-4.06,3.27,5.52,1,0.2089,-0.137,0.029,24.00,1,430.6,35.2,0.14471,139.7,11.5,0.2002,0.00566,OK
1.5732,1.5705,2.7,0,432.6,35.4,0.1481,435.4,38.1,0.1305,128.3,16.8,0.0000,45.9,13.0,-0.0662,47.4,6.1,0,0.0,0.0,0.0000,-3.12,-3.66,2.88,4.73,1,0.1567,-0.108,-0.127,24.00,1,432.5,35.4,0.14709,133.0,-7.6,0.1485,0.00579,OK
1.5803,1.5791,1.1,0,434.2,35.8,0.1469,436.4,38.2,0.1305,119.8,15.7,0.0000,37.2,11.4,-0.0684,38.5,5.8,0,0.0,0.0,0.0000,-3.47,-3.42,3.30,4.62,1,0.1044,0.745,0.696,24.00,1,434.0,35.7,0.14763,156.5,17.4,0.0829,0.00584,OK
1.5881,1.5791,9.0,0,434.2,35.8,0.1469,436.4,38.2,0.1305,119.8,15.7,0.0000,31.8,10.7,-0.0678,33.1,5.9,0,0.0,0.0,0.0000,-3.34,-3.69,2.77,4.23,1,0.0289,0.990,0.814,25.00,1,434.1,35.7,0.14749,138.6,4.5,0.0176,0.00591,OK
1.5968,1.5946,2.2,0,435.9,36.7,0.1446,438.1,38.4,0.1305,104.5,13.7,0.0000,23.0,7.5,-0.0637,23.9,4.0,0,0.0,0.0,0.0000,-3.39,-3.48,2.69,3.95,1,-0.0556,0.755,0.471,25.00,1,435.9,36.6,0.14647,136.1,48.3,-0.0785,0.00586,OK
1.6041,1.6039,0.2,0,436.5,37.2,0.1451,439.1,38.5,0.1305,95.3,12.5,0.0000,18.3,5.4,-0.0600,18.9,2.7,0,0.0,0.0,0.0000,-3.49,-3.65,2.27,3.40,1,-0.0556,0.755,0.471,24.00,1,436.7,37.2,0.14554,109.8,50.7,-0.0918,0.00616,OK
1.6122,1.6039,8.4,0,436.5,37.2,0.1451,439.1,38.5,0.1305,95.3,12.5,0.0000,2.1,3.3,-0.0593,2.6,3.0,0,0.0,0.0,0.0000,-2.77,-3.42,1.63,3.01,1,-0.1244,1.187,0.539,25.00,1,436.7,37.2,0.14538,102.8,41.7,-0.1316,0.00618,OK
1.6204,1.6204,0.0,0,438.0,38.2,0.1383,440.5,38.7,0.1305,79.0,10.4,0.0000,-5.1,-0.1,-0.0442,-5.1,0.7,0,0.0,0.0,0.0000,-3.15,-2.92,1.80,2.95,1,-0.1711,1.481,0.294,25.00,1,438.1,38.2,0.14158,95.4,50.7,-0.2500,0.00609,OK
1.6290,1.6204,8.6,0,438.0,38.2,0.1383,440.5,38.7,0.1305,79.0,10.4,0.0000,-9.7,-0.7,-0.0440,-9.7,0.7,0,0.0,0.0,0.0000,-2.82,-3.19,1.64,2.15,1,-0.2178,1.275,0.539,27.00,1,438.1,38.2,0.14155,89.8,36.4,-0.2207,0.00604,OK
1.6368,1.6292,7.7,0,438.7,38.3,0.1446,441.2,38.8,0.1305,70.3,9.2,0.0000,-17.8,-2.0,-0.0409,-17.9,0.5,0,0.0,0.0,0.0000,-2.94,-2.60,1.40,2.07,1,-0.2178,1.275,0.539,25.00,1,438.8,38.4,0.14076,80.3,18.1,-0.2181,0.00585,OK
1.6444,1.6375,6.9,0,440.3,38.0,0.1264,441.7,38.9,0.1305,62.0,8.1,0.0000,-27.1,-1.8,-0.0219,-27.1,1.8,0,0.0,0.0,0.0000,-2.87,-3.11,0.60,1.11,1,-0.3000,1.402,0.392,24.00,1,439.8,38.2,0.13603,78.9,-8.3,-0.3404,0.00655,OK
1.6521,1.6463,5.9,0,440.9,38.8,0.1280,442.2,39.0,0.1305,53.2,7.0,0.0000,-36.2,-4.3,-0.0054,-36.5,0.5,0,0.0,0.0,0.0000,-2.66,-2.25,0.43,0.56,1,-0.4000,1.697,0.353,24.00,1,440.7,38.6,0.13190,78.3,18.3,-0.4046,0.00647,OK
1.6604,1.6463,14.2,0,440.9,38.8,0.1280,442.2,39.0,0.1305,53.2,7.0,0.0000,-44.6,-5.7,0.0053,-45.0,0.1,0,0.0,0.0,0.0000,-2.54,-1.78,-0.22,0.08,1,-0.4511,1.961,0.451,25.00,1,441.1,38.8,0.12922,60.2,10.3,-0.4472,0.00631,OK
1.6685,1.6652,3.3,0,441.4,38.9,0.1275,443.1,39.1,0.1305,34.4,4.5,0.0000,-53.0,-7.4,0.0240,-53.5,-0.7,0,0.0,0.0,0.0000,-1.88,-1.49,-0.50,-0.19,1,-0.4256,2.118,0.167,25.00,1,441.5,38.9,0.12455,37.2,9.3,-0.3915,0.00600,OK
1.6762,1.6652,11.0,0,441.4,38.9,0.1275,443.1,39.1,0.1305,34.4,4.5,0.0000,-60.1,-8.4,0.0289,-60.7,-1.0,0,0.0,0.0,0.0000,-1.54,-0.92,-0.50,-0.64,1,-0.4256,2.118,0.167,24.00,1,441.5,39.0,0.12333,26.5,2.4,-0.4044,0.00562,OK
1.6841,1.6796,4.5,0,441.6,38.9,0.1217,443.5,39.1,0.1305,20.2,2.7,0.0000,-67.9,-9.3,0.0438,-68.5,-1.1,0,0.0,0.0,0.0000,-0.75,-0.88,-0.79,-1.05,1,-0.3678,1.785,0.324,24.00,1,441.7,39.0,0.11959,8.8,2.6,-0.3498,0.00538,OK
1.6927,1.6796,13.1,0,441.6,38.9,0.1217,443.5,39.1,0.1305,20.2,2.7,0.0000,-75.9,-10.6,0.0503,-76.6,-1.6,0,0.0,0.0,0.0000,-0.09,-0.26,-1.33,-1.53,1,-0.3089,1.824,-0.167,26.00,1,441.6,39.0,0.11797,-11.4,5.7,-0.3109,0.00534,OK
1.7004,1.6796,20.8,0,441.6,38.9,0.1217,443.5,39.1,0.1305,20.2,2.7,0.0000,-83.0,-11.9,0.0585,-83.8,-2.2,0,0.0,0.0,0.0000,0.42,-0.06,-1.53,-1.67,1,-0.2033,1.697,-0.000,25.00,1,441.5,39.0,0.11592,-21.4,10.3,-0.2273,0.00556,OK
1.7091,1.6796,29.5,0,441.6,38.9,0.1217,443.5,39.1,0.1305,20.2,2.7,0.0000,-90.9,-13.3,0.0657,-91.9,-2.9,0,0.0,0.0,0.0000,1.02,0.76,-1.43,-1.84,1,-0.2033,1.697,-0.000,25.00,1,441.2,39.1,0.11412,-35.8,3.6,-0.1837,0.00525,OK
1.7168,1.6796,37.1,0,441.6,38.9,0.1217,443.5,39.1,0.1305,20.2,2.7,0.0000,-97.8,-14.5,0.0703,-98.8,-3.4,0,0.0,0.0,0.0000,0.95,1.08,-1.77,-1.93,1,-0.0922,1.226,-0.049,25.00,1,440.9,39.0,0.11297,-41.7,2.9,-0.1170,0.00548,OK
1.7243,1.6796,44.6,0,441.6,38.9,0.1217,443.5,39.1,0.1305,20.2,2.7,0.0000,-104.6,-15.6,0.0725,-105.7,-3.8,0,0.0,0.0,0.0000,1.93,1.56,-1.92,-2.33,1,-0.0111,0.932,0.039,25.00,1,440.5,39.0,0.11243,-60.7,6.2,-0.0304,0.00565,OK
1.7329,1.6796,53.3,0,441.6,38.9,0.1217,443.5,39.1,0.1305,20.2,2.7,0.0000,-112.1,-16.9,0.0726,-113.3,-4.2,0,0.0,0.0,0.0000,2.40,2.32,-2.20,-2.47,1,0.0311,1.049,0.147,24.00,1,439.9,39.0,0.11240,-76.0,4.2,0.0234,0.00567,OK
1.7402,1.6796,60.6,0,441.6,38.9,0.1217,443.5,39.1,0.1305,20.2,2.7,0.0000,-118.5,-17.9,0.0714,-119.8,-4.5,0,0.0,0.0,0.0000,3.11,2.22,-2.27,-2.75,1,0.0678,1.079,0.029,25.00,1,439.3,39.0,0.11270,-85.4,10.5,0.0591,0.00571,OK
1.7489,1.6796,69.2,0,441.6,38.9,0.1217,443.5,39.1,0.1305,20.2,2.7,0.0000,-125.8,-19.1,0.0685,-127.2,-4.7,0,0.0,0.0,0.0000,3.54,2.84,-1.90,-2.60,1,0.0678,1.079,0.029,27.00,1,438.6,39.0,0.11343,-89.5,2.7,0.0978,0.00524,OK
1.7561,1.6796,76.5,0,441.6,38.9,0.1217,443.5,39.1,0.1305,20.2,2.7,0.0000,-132.1,-20.0,0.0649,-133.5,-4.8,0,0.0,0.0,0.0000,3.55,3.08,-2.42,-2.63,1,0.1333,0.961,0.137,25.00,1,437.9,38.9,0.11431,-98.2,8.3,0.1405,0.00507,OK
1.7649,1.6796,85.2,0,441.6,38.9,0.1217,443.5,39.1,0.1305,20.2,2.7,0.0000,-139.6,-20.9,0.0590,-141.1,-4.7,0,0.0,0.0,0.0000,3.73,3.39,-2.08,-2.96,1,0.1978,0.647,0.392,24.00,1,437.0,38.9,0.11580,-103.5,-0.6,0.1976,0.00500,OK
1.7724,1.6796,92.8,0,441.6,38.9,0.1217,443.5,39.1,0.1305,20.2,2.7,0.0000,-146.3,-21.6,0.0523,-147.8,-4.3,0,0.0,0.0,0.0000,4.17,3.70,-2.05,-3.07,1,0.2222,0.216,0.667,25.00,1,436.2,38.8,0.11746,-110.8,-2.1,0.2313,0.00481,OK
1.7805,1.7743,6.2,0,434.6,38.5,0.1152,440.9,38.8,0.1305,-73.7,-9.7,0.0000,-151.6,-21.1,0.0500,-153.0,-3.1,0,0.0,0.0,0.0000,4.75,3.75,-2.20,-3.04,1,0.2189,0.451,-0.029,24.00,1,434.7,38.5,0.11805,-120.6,2.0,0.2360,0.00461,OK
1.7884,1.7810,7.4,0,433.7,38.0,0.1107,440.4,38.7,0.1305,-80.3,-10.5,0.0000,-158.7,-20.6,0.0542,-160.0,-1.9,0,0.0,0.0,0.0000,4.92,3.77,-2.44,-3.31,1,0.2189,0.451,-0.029,25.00,1,433.7,38.1,0.11700,-131.6,-18.8,0.2317,0.00458,OK
1.7967,1.7894,7.3,0,431.5,38.7,0.1185,439.7,38.6,0.1305,-88.6,-11.6,0.0000,-163.6,-24.0,0.0480,-165.3,-4.5,0,0.0,0.0,0.0000,2.56,4.10,-2.97,-3.51,1,0.2044,0.824,-0.020,25.00,1,432.1,38.5,0.11855,-135.2,12.7,0.1581,0.00505,OK
1.8049,1.7994,5.5,0,430.6,38.4,0.1214,438.8,38.5,0.1305,-98.5,-12.9,0.0000,-168.0,-25.2,0.0392,-169.9,-4.7,0,0.0,0.0,0.0000,5.31,4.25,-2.53,-3.62,1,0.1956,0.598,0.353,25.00,1,430.6,38.4,0.12073,-156.1,18.8,0.2177,0.00470,OK
1.8131,1.8065,6.6,0,429.3,38.0,0.1253,438.0,38.4,0.1305,-105.5,-13.9,0.0000,-171.0,-25.4,0.0303,-172.8,-4.2,0,0.0,0.0,0.0000,5.23,4.69,-2.62,-4.56,1,0.2300,0.431,0.255,24.00,1,429.4,38.1,0.12297,-173.7,-7.7,0.2356,0.00455,OK
1.8209,1.8149,5.9,0,428.6,37.5,0.1222,437.1,38.3,0.1305,-113.8,-14.9,0.0000,-173.2,-23.8,0.0247,-174.8,-2.1,0,0.0,0.0,0.0000,4.96,4.80,-3.12,-4.48,1,0.2300,0.431,0.255,24.00,1,428.3,37.6,0.12437,-163.9,-24.6,0.2206,0.00461,OK
1.8286,1.8240,4.6,0,427.8,37.8,0.1277,436.0,38.1,0.1305,-123.0,-16.1,0.0000,-173.4,-24.9,0.0149,-175.2,-2.7,0,0.0,0.0,0.0000,5.59,4.91,-3.16,-4.42,1,0.2467,1.040,0.500,25.00,1,427.3,37.6,0.12681,-142.5,14.9,0.2561,0.00446,OK
1.8372,1.8336,3.7,0,425.6,37.5,0.1371,434.8,38.0,0.1305,-132.5,-17.4,0.0000,-172.2,-25.8,-0.0009,-174.1,-3.2,0,0.0,0.0,0.0000,5.61,5.37,-3.30,-4.90,1,0.2467,1.147,0.382,25.00,1,425.7,37.5,0.13078,-165.9,1.5,0.2972,0.00425,OK
1.8450,1.8336,11.4,0,425.6,37.5,0.1371,434.8,38.0,0.1305,-132.5,-17.4,0.0000,-173.7,-25.9,-0.0040,-175.6,-2.9,0,0.0,0.0,0.0000,5.92,5.54,-3.29,-4.85,1,0.2178,0.500,0.510,25.00,1,425.1,37.4,0.13155,-167.1,-1.5,0.2321,0.00402,OK
1.8529,1.8482,4.6,0,423.0,36.4,0.1403,432.8,37.7,0.1305,-147.0,-19.3,0.0000,-171.3,-23.5,-0.0189,-172.9,-0.2,0,0.0,0.0,0.0000,6.56,5.61,-3.24,-5.13,1,0.1822,0.647,0.353,25.00,1,423.1,36.5,0.13527,-182.4,-43.1,0.2314,0.00355,OK
1.8601,1.8482,11.9,0,423.0,36.4,0.1403,432.8,37.7,0.1305,-147.0,-19.3,0.0000,-172.5,-23.1,-0.0220,-174.0,0.5,0,0.0,0.0,0.0000,6.32,5.69,-3.62,-5.35,1,0.1822,0.647,0.353,25.00,1,422.4,36.3,0.13605,-186.9,-30.4,0.1969,0.00333,OK
1.8687,1.8651,3.6,0,421.7,36.2,0.1448,430.1,37.4,0.1305,-163.7,-21.5,0.0000,-173.1,-23.5,-0.0365,-174.7,0.8,0,0.0,0.0,0.0000,5.85,5.75,-3.86,-5.51,1,0.1400,0.431,-0.039,25.00,1,421.2,36.1,0.13966,-140.7,1.8,0.1898,0.00304,OK
1.8767,1.8651,11.6,0,421.7,36.2,0.1448,430.1,37.4,0.1305,-163.7,-21.5,0.0000,-175.4,-23.7,-0.0377,-177.0,1.0,0,0.0,0.0,0.0000,6.28,5.46,-4.32,-5.78,1,0.0800,0.343,1.128,25.00,1,420.6,36.1,0.13996,-161.5,-1.2,0.0897,0.00289,OK
1.8849,1.8789,6.0,0,417.7,36.4,0.1448,427.8,37.1,0.1305,-177.2,-23.3,0.0000,-172.5,-24.7,-0.0436,-174.2,-0.1,0,0.0,0.0,0.0000,6.34,5.52,-4.48,-6.66,1,0.0278,0.951,0.706,24.00,1,418.1,36.3,0.14145,-195.0,22.3,0.0391,0.00270,OK
1.8930,1.8868,6.2,0,416.1,35.5,0.1466,426.4,36.9,0.1305,-184.5,-24.2,0.0000,-171.5,-23.5,-0.0484,-173.1,1.1,0,0.0,0.0,0.0000,5.93,5.96,-4.83,-7.17,1,0.0278,0.951,0.706,25.00,1,416.3,35.7,0.14265,-215.9,-20.9,0.0290,0.00263,OK
1.9003,1.8981,2.2,0,415.0,35.0,0.1460,424.2,36.6,0.1305,-192.4,-25.3,0.0000,-170.5,-22.0,-0.0505,-171.9,2.5,0,0.0,0.0,0.0000,6.18,6.05,-5.15,-7.18,1,-0.0367,1.049,-0.628,26.00,1,414.5,35.0,0.14317,-187.6,-28.3,0.0045,0.00248,OK
1.9086,1.9031,5.5,0,413.9,34.8,0.1486,423.2,36.5,0.1305,-194.9,-25.6,0.0000,-173.0,-22.2,-0.0531,-174.4,2.8,0,0.0,0.0,0.0000,5.70,5.70,-4.71,-7.13,1,-0.0689,0.108,-0.098,25.00,1,413.7,34.8,0.14381,-184.5,-28.0,-0.0523,0.00230,OK
1.9170,1.9122,4.8,0,410.9,34.7,0.1514,421.4,36.2,0.1305,-197.6,-25.9,0.0000,-171.1,-22.7,-0.0567,-172.5,2.2,0,0.0,0.0,0.0000,6.43,5.79,-4.90,-6.83,1,-0.0822,-0.598,0.343,25.00,1,411.5,34.6,0.14471,-217.1,8.4,-0.0383,0.00194,OK
1.9243,1.9201,4.2,0,409.4,34.5,0.1454,419.9,36.0,0.1305,-198.1,-26.0,0.0000,-169.8,-21.9,-0.0551,-171.2,2.8,0,0.0,0.0,0.0000,6.00,5.72,-5.47,-7.03,1,-0.0822,-0.598,0.343,24.00,1,409.6,34.5,0.14433,-225.0,11.7,-0.0732,0.00186,OK
1.9322,1.9278,4.4,0,407.8,34.3,0.1471,418.3,35.8,0.1305,-198.3,-26.0,0.0000,-169.3,-22.2,-0.0550,-170.7,2.4,0,0.0,0.0,0.0000,7.03,5.66,-5.06,-6.93,1,-0.1033,0.235,0.343,24.00,1,407.8,34.3,0.14430,-225.3,7.1,-0.0661,0.00150,OK
1.9411,1.9346,6.5,0,405.0,34.3,0.1394,417.0,35.6,0.1305,-198.3,-26.0,0.0000,-168.4,-21.7,-0.0485,-169.8,2.5,0,0.0,0.0,0.0000,5.76,5.29,-5.19,-7.15,1,-0.1589,-0.284,0.206,25.00,1,405.7,34.2,0.14267,-239.3,14.3,-0.1549,0.00147,OK
1.9487,1.9417,7.0,0,403.7,33.1,0.1406,415.6,35.5,0.1305,-198.3,-26.0,0.0000,-167.4,-20.2,-0.0431,-168.5,3.6,0,0.0,0.0,0.0000,5.76,5.29,-5.20,-7.39,1,-0.1867,-0.412,0.510,25.00,1,403.9,33.4,0.14131,-250.2,-32.1,-0.1807,0.00139,OK
1.9563,1.9499,6.4,0,401.7,33.5,0.1377,414.0,35.2,0.1305,-198.3,-26.0,0.0000,-165.7,-20.6,-0.0350,-166.9,2.7,0,0.0,0.0,0.0000,5.46,4.66,-5.55,-7.00,1,-0.2211,0.726,-0.451,25.00,1,401.8,33.3,0.13930,-239.7,11.3,-0.2209,0.00138,OK
1.9648,1.9584,6.4,0,400.8,32.6,0.1332,412.3,35.0,0.1305,-198.3,-26.0,0.0000,-166.2,-19.0,-0.0246,-167.3,3.9,0,0.0,0.0,0.0000,5.30,5.10,-5.69,-6.91,1,-0.2211,0.726,-0.451,25.00,1,400.3,32.7,0.13670,-224.8,-24.7,-0.2222,0.00140,OK
1.9723,1.9698,2.5,0,398.5,32.4,0.1304,410.0,34.7,0.1305,-198.3,-26.0,0.0000,-164.4,-18.6,-0.0116,-165.5,3.4,0,0.0,0.0,0.0000,4.98,4.57,-5.40,-7.69,1,-0.2011,-0.235,-0.608,24.00,1,398.2,32.4,0.13345,-194.8,0.1,-0.2541,0.00162,OK
1.9802,1.9769,3.3,0,396.0,33.0,0.1384,408.6,34.5,0.1305,-198.3,-26.0,0.0000,-163.4,-21.7,-0.0120,-164.9,0.2,0,0.0,0.0,0.0000,5.95,4.69,-5.17,-7.28,1,-0.1644,-1.785,-0.775,27.00,1,396.4,32.8,0.13354,-219.8,73.5,-0.1158,0.00146,OK
1.9881,1.9839,4.2,0,394.7,31.9,0.1403,407.2,34.4,0.1305,-198.3,-26.0,0.0000,-163.3,-20.7,-0.0143,-164.6,1.3,0,0.0,0.0,0.0000,6.04,4.81,-5.09,-7.51,1,-0.0978,-0.373,-0.245,25.00,1,394.8,32.2,0.13411,-230.6,-38.1,-0.0637,0.00136,OK
1.9971,1.9913,5.8,0,393.6,31.9,0.1293,405.7,34.2,0.1305,-198.3,-26.0,0.0000,-164.6,-19.0,-0.0085,-165.7,2.9,0,0.0,0.0,0.0000,5.96,5.23,-5.51,-7.49,1,-0.0978,-0.373,-0.245,25.00,1,393.3,31.9,0.13267,-221.6,-7.9,-0.1108,0.00148,OK
2.0045,1.9997,4.8,0,390.7,32.4,0.1399,404.1,33.9,0.1305,-198.3,-26.0,0.0000,-162.1,-22.0,-0.0126,-163.6,-0.2,0,0.0,0.0,0.0000,6.02,5.78,-4.77,-7.25,1,-0.0122,0.775,-0.226,24.00,1,391.1,32.2,0.13370,-232.3,41.5,0.0146,0.00133,OK
2.0129,1.9997,13.2,0,390.7,32.4,0.1399,404.1,33.9,0.1305,-198.3,-26.0,0.0000,-163.6,-22.7,-0.0133,-165.2,-0.7,0,0.0,0.0,0.0000,6.16,5.25,-4.50,-6.42,1,0.0311,-0.255,0.735,24.00,1,389.9,32.2,0.13386,-216.5,29.2,0.0348,0.00127,OK
2.0204,2.0172,3.2,0,388.3,31.7,0.1391,400.6,33.5,0.1305,-198.3,-26.0,0.0000,-162.4,-21.7,-0.0193,-163.9,0.4,0,0.0,0.0,0.0000,4.87,5.07,-4.42,-6.30,1,0.0656,-0.520,0.275,24.00,1,388.0,31.8,0.13537,-177.2,-5.2,0.0826,0.00137,OK
2.0284,2.0271,1.4,0,385.7,31.7,0.1436,398.7,33.2,0.1305,-198.3,-26.0,0.0000,-160.6,-22.4,-0.0280,-162.1,-0.1,0,0.0,0.0,0.0000,5.60,4.92,-4.80,-5.98,1,0.0500,-0.127,0.549,25.00,1,385.9,31.7,0.13753,-208.0,18.3,0.1482,0.00129,OK
2.0367,2.0352,1.5,0,383.9,31.6,0.1473,397.1,33.0,0.1305,-198.3,-26.0,0.0000,-160.0,-23.1,-0.0372,-161.7,-0.6,0,0.0,0.0,0.0000,6.29,5.00,-4.54,-6.10,1,0.0500,-0.127,0.549,25.00,1,384.0,31.6,0.13983,-213.8,24.2,0.1787,0.00104,OK
2.0441,2.0430,1.1,0,382.6,31.4,0.1350,395.5,32.8,0.1305,-198.3,-26.0,0.0000,-160.2,-21.2,-0.0330,-161.6,1.1,0,0.0,0.0,0.0000,5.46,4.48,-4.42,-5.75,1,0.0389,-0.539,0.137,25.00,1,382.6,31.4,0.13879,-195.7,-0.0,-0.0320,0.00116,OK
2.0526,2.0515,1.2,0,381.0,30.3,0.1365,393.8,32.6,0.1305,-198.3,-26.0,0.0000,-160.5,-19.4,-0.0317,-161.6,3.0,0,0.0,0.0,0.0000,5.34,4.59,-4.61,-5.51,1,0.0156,-1.442,0.431,24.00,1,381.0,30.5,0.13848,-204.6,-96.0,-0.0210,0.00120,OK
2.0610,2.0597,1.3,0,379.4,30.5,0.1408,392.2,32.4,0.1305,-198.3,-26.0,0.0000,-160.7,-20.4,-0.0341,-162.0,2.0,0,0.0,0.0,0.0000,5.73,4.19,-4.66,-5.39,1,0.0067,-0.785,-0.539,25.00,1,379.4,30.4,0.13906,-188.5,17.8,0.0382,0.00112,OK
2.0684,2.0597,8.7,0,379.4,30.5,0.1408,392.2,32.4,0.1305,-198.3,-26.0,0.0000,-164.8,-20.9,-0.0338,-166.1,2.1,0,0.0,0.0,0.0000,5.13,4.56,-4.58,-5.44,1,0.0067,-0.785,-0.539,25.00,1,379.3,30.3,0.13898,-190.3,-13.1,0.0050,0.00113,OK
2.0768,2.0689,7.9,0,377.7,31.1,0.1461,390.4,32.1,0.1305,-198.3,-26.0,0.0000,-164.9,-23.6,-0.0391,-166.6,-0.3,0,0.0,0.0,0.0000,5.19,4.16,-3.87,-5.38,1,0.0122,-0.824,0.088,25.00,1,377.7,30.8,0.14031,-174.6,26.9,0.0165,0.00096,OK
2.0844,2.0770,7.4,0,375.8,30.8,0.1444,388.8,31.9,0.1305,-198.3,-26.0,0.0000,-164.4,-23.8,-0.0424,-166.1,-0.4,0,0.0,0.0,0.0000,5.34,3.81,-4.37,-5.17,1,0.0244,-1.118,0.216,25.00,1,376.0,30.8,0.14113,-185.5,36.2,0.0213,0.00093,OK
2.0931,2.0770,16.0,0,375.8,30.8,0.1444,388.8,31.9,0.1305,-198.3,-26.0,0.0000,-165.1,-24.6,-0.0429,-167.0,-1.1,0,0.0,0.0,0.0000,4.90,3.68,-4.14,-5.00,1,0.0222,-0.785,-0.520,25.00,1,374.5,30.9,0.14127,-175.9,30.9,0.0150,0.00101,OK
2.1010,2.0935,7.5,0,374.4,29.9,0.1456,385.5,31.5,0.1305,-198.3,-26.0,0.0000,-168.2,-22.8,-0.0464,-169.7,1.3,0,0.0,0.0,0.0000,5.39,3.43,-4.28,-4.81,1,-0.0167,-0.069,0.255,25.00,1,374.0,30.0,0.14214,-151.7,-4.3,-0.0113,0.00086,OK
2.1081,2.1023,5.8,0,373.4,29.6,0.1442,383.7,31.3,0.1305,-198.3,-26.0,0.0000,-169.8,-21.9,-0.0475,-171.2,2.4,0,0.0,0.0,0.0000,4.64,3.68,-4.03,-4.67,1,-0.0167,-0.069,0.255,25.00,1,373.1,29.6,0.14243,-131.5,-22.5,-0.0110,0.00079,OK
2.1167,2.1110,5.7,0,371.0,29.5,0.1411,382.0,31.1,0.1305,-198.3,-26.0,0.0000,-170.1,-21.6,-0.0454,-171.5,2.7,0,0.0,0.0,0.0000,4.07,3.28,-4.05,-4.60,1,-0.0433,-0.167,-0.069,25.00,1,371.5,29.5,0.14189,-146.5,-6.4,-0.0533,0.00090,OK
2.1250,2.1196,5.4,0,370.0,29.9,0.1435,380.3,30.8,0.1305,-198.3,-26.0,0.0000,-171.0,-23.5,-0.0450,-172.6,0.9,0,0.0,0.0,0.0000,4.46,2.94,-3.65,-4.31,1,-0.0667,-0.990,-0.108,25.00,1,370.2,29.7,0.14180,-139.4,31.9,-0.0526,0.00075,OK
2.1328,2.1296,3.2,0,368.7,30.6,0.1444,378.3,30.6,0.1305,-198.3,-26.0,0.0000,-171.4,-26.3,-0.0438,-173.4,-1.9,0,0.0,0.0,0.0000,4.07,2.55,-3.76,-4.05,1,-0.1189,-1.069,0.010,24.00,1,368.7,30.4,0.14149,-127.3,84.7,-0.0823,0.00056,OK
2.1407,2.1370,3.6,0,367.9,29.3,0.1381,376.8,30.4,0.1305,-198.3,-26.0,0.0000,-173.4,-23.8,-0.0387,-175.0,0.6,0,0.0,0.0,0.0000,4.33,2.32,-3.29,-4.01,1,-0.1189,-1.069,0.010,25.00,1,367.8,29.7,0.14023,-138.1,-60.6,-0.1202,0.00042,OK
2.1483,2.1448,3.5,0,366.7,29.2,0.1307,375.3,30.2,0.1305,-198.3,-26.0,0.0000,-174.8,-22.4,-0.0286,-176.3,1.9,0,0.0,0.0,0.0000,4.26,2.20,-3.73,-3.90,1,-0.1356,-0.892,-0.108,26.00,1,366.7,29.3,0.13770,-140.0,-25.4,-0.1811,0.00040,OK
2.1565,2.1543,2.2,0,365.7,28.9,0.1265,373.4,29.9,0.1305,-198.3,-26.0,0.0000,-176.3,-21.7,-0.0168,-177.6,2.2,0,0.0,0.0,0.0000,3.62,3.06,-3.42,-3.73,1,-0.1233,-0.892,0.078,25.00,1,365.6,28.9,0.13475,-127.4,-21.5,-0.2127,0.00032,OK
2.1647,2.1615,3.2,0,364.1,30.1,0.1451,372.0,29.7,0.1305,-198.3,-26.0,0.0000,-177.2,-27.9,-0.0206,-179.4,-3.7,0,0.0,0.0,0.0000,3.89,1.57,-3.84,-3.85,1,-0.1444,-0.304,-0.118,24.00,1,364.4,29.7,0.13570,-127.0,116.6,-0.0687,0.00022,OK
2.1726,2.1615,11.1,0,364.1,30.1,0.1451,372.0,29.7,0.1305,-198.3,-26.0,0.0000,-180.7,-29.2,-0.0185,-183.0,-4.6,0,0.0,0.0,0.0000,3.96,0.70,-3.69,-3.69,1,-0.1444,-0.304,-0.118,25.00,1,364.0,29.9,0.13516,-116.4,67.2,-0.1573,0.00036,OK
2.1808,2.1781,2.6,0,362.2,30.5,0.1254,368.7,29.3,0.1305,-198.3,-26.0,0.0000,-180.7,-28.9,-0.0034,-182.9,-5.0,0,0.0,0.0,0.0000,3.30,0.25,-3.79,-3.66,1,-0.1411,0.177,-0.392,25.00,1,362.3,30.6,0.13139,-116.2,64.8,-0.2386,0.00085,OK
2.1888,2.1866,2.2,0,361.5,30.1,0.1278,367.0,29.1,0.1305,-198.3,-26.0,0.0000,-182.8,-29.4,0.0021,-185.1,-5.4,0,0.0,0.0,0.0000,3.58,0.15,-3.57,-3.41,1,-0.0833,0.196,-0.226,25.00,1,361.4,30.3,0.13002,-111.7,-17.4,-0.1417,0.00123,OK
2.1964,2.1953,1.1,0,361.0,29.9,0.1310,365.3,28.9,0.1305,-198.3,-26.0,0.0000,-185.4,-29.8,0.0031,-187.7,-5.5,0,0.0,0.0,0.0000,3.59,0.33,-3.52,-3.14,1,-0.0378,0.137,0.353,25.00,1,360.8,30.0,0.12977,-90.1,-27.6,-0.0562,0.00159,OK
2.2049,2.1953,9.6,0,361.0,29.9,0.1310,365.3,28.9,0.1305,-198.3,-26.0,0.0000,-189.8,-30.4,0.0033,-192.2,-5.6,0,0.0,0.0,0.0000,4.04,1.31,-3.51,-3.14,1,-0.0289,0.245,0.686,24.00,1,360.6,30.0,0.12972,-111.5,0.8,-0.0424,0.00173,OK
2.2127,2.1953,17.4,0,361.0,29.9,0.1310,365.3,28.9,0.1305,-198.3,-26.0,0.0000,-191.9,-30.7,0.0046,-194.2,-5.7,0,0.0,0.0,0.0000,3.51,1.67,-3.52,-3.06,1,-0.0289,0.245,0.686,25.00,1,359.7,29.9,0.12939,-110.0,-5.6,-0.0425,0.00186,OK
2.2205,2.1953,25.2,0,361.0,29.9,0.1310,365.3,28.9,0.1305,-198.3,-26.0,0.0000,-193.9,-30.9,0.0055,-196.3,-5.7,0,0.0,0.0,0.0000,3.93,1.98,-3.34,-3.07,1,-0.0122,0.196,0.471,26.00,1,358.9,29.7,0.12918,-114.7,-5.3,-0.0124,0.00184,OK
2.2292,2.1953,34.0,0,361.0,29.9,0.1310,365.3,28.9,0.1305,-198.3,-26.0,0.0000,-196.0,-31.0,0.0054,-198.4,-5.5,0,0.0,0.0,0.0000,4.33,2.34,-3.25,-3.49,1,0.0122,0.010,0.353,25.00,1,357.8,29.5,0.12918,-123.6,-7.9,0.0133,0.00180,OK
2.2370,2.1953,41.8,0,361.0,29.9,0.1310,365.3,28.9,0.1305,-198.3,-26.0,0.0000,-197.9,-31.1,0.0057,-200.3,-5.3,0,0.0,0.0,0.0000,3.46,2.25,-3.33,-3.46,1,-0.0189,-0.059,0.883,24.00,1,356.9,29.3,0.12911,-116.1,-11.4,-0.0306,0.00192,OK
2.2447,2.1953,49.4,0,361.0,29.9,0.1310,365.3,28.9,0.1305,-198.3,-26.0,0.0000,-199.8,-31.1,0.0071,-202.2,-5.2,0,0.0,0.0,0.0000,3.51,2.71,-3.37,-3.43,1,-0.0667,0.490,0.598,24.00,1,356.0,29.1,0.12878,-120.8,-15.1,-0.0574,0.00180,OK
2.2529,2.1953,57.6,0,361.0,29.9,0.1310,365.3,28.9,0.1305,-198.3,-26.0,0.0000,-201.7,-31.2,0.0088,-204.0,-5.1,0,0.0,0.0,0.0000,4.14,2.52,-3.54,-3.43,1,-0.0667,0.490,0.598,24.00,1,355.0,28.9,0.12835,-125.9,-3.4,-0.0507,0.00160,OK
2.2612,2.1953,65.9,0,361.0,29.9,0.1310,365.3,28.9,0.1305,-198.3,-26.0,0.0000,-203.6,-31.4,0.0103,-205.9,-5.1,0,0.0,0.0,0.0000,4.09,2.68,-3.14,-3.57,1,-0.0633,0.569,0.726,25.00,1,354.0,28.7,0.12798,-124.1,-10.3,-0.0427,0.00135,OK
2.2681,2.1953,72.8,0,361.0,29.9,0.1310,365.3,28.9,0.1305,-198.3,-26.0,0.0000,-205.2,-31.4,0.0119,-207.5,-5.0,0,0.0,0.0,0.0000,3.09,2.63,-3.48,-4.06,1,-0.0500,0.020,0.735,25.00,1,353.2,28.5,0.12756,-121.9,-16.4,-0.0728,0.00159,OK
2.2768,2.1953,81.6,0,361.0,29.9,0.1310,365.3,28.9,0.1305,-198.3,-26.0,0.0000,-207.1,-31.2,0.0139,-209.4,-4.7,0,0.0,0.0,0.0000,3.60,3.28,-3.12,-4.14,1,-0.0467,0.039,-0.049,26.00,1,352.1,28.2,0.12707,-130.6,-23.0,-0.0419,0.00152,OK
2.2846,2.1953,89.3,0,361.0,29.9,0.1310,365.3,28.9,0.1305,-198.3,-26.0,0.0000,-208.8,-31.0,0.0146,-211.0,-4.3,0,0.0,0.0,0.0000,4.34,3.39,-2.79,-3.87,1,-0.0467,0.039,-0.049,25.00,1,351.1,27.9,0.12690,-131.1,-19.9,-0.0110,0.00113,OK
2.2933,2.1953,98.0,0,361.0,29.9,0.1310,365.3,28.9,0.1305,-198.3,-26.0,0.0000,-210.4,-30.8,0.0149,-212.7,-3.9,0,0.0,0.0,0.0000,4.01,3.57,-3.46,-4.13,1,-0.0144,0.431,-0.147,24.00,1,350.0,27.6,0.12683,-139.6,-15.3,-0.0075,0.00104,OK
2.3002,2.2987,1.5,0,348.7,30.7,0.1251,344.8,26.2,0.1305,-198.3,-26.0,0.0000,-211.0,-39.5,0.0170,-214.3,-12.6,0,0.0,0.0,0.0000,3.97,3.88,-3.35,-4.42,1,0.0289,0.755,0.294,25.00,1,348.7,30.7,0.12629,-131.5,19.7,0.0078,0.00111,OK
2.3080,2.3049,3.2,0,347.4,30.2,0.1275,343.6,26.0,0.1305,-198.3,-26.0,0.0000,-212.3,-39.6,0.0147,-215.6,-12.4,0,0.0,0.0,0.0000,4.11,3.95,-3.72,-4.23,1,0.0456,0.686,0.510,25.00,1,347.6,30.4,0.12687,-154.1,-22.5,0.0479,0.00111,OK
2.3166,2.3133,3.2,0,346.7,29.2,0.1351,341.9,25.8,0.1305,-198.3,-26.0,0.0000,-213.9,-38.5,0.0053,-217.0,-10.6,0,0.0,0.0,0.0000,4.35,4.46,-3.69,-4.60,1,0.0356,0.284,0.637,24.00,1,346.5,29.4,0.12921,-153.5,-83.0,0.0907,0.00089,OK
2.3243,2.3219,2.5,0,344.4,30.1,0.1383,340.2,25.6,0.1305,-198.3,-26.0,0.0000,-213.4,-40.3,-0.0038,-216.8,-12.0,0,0.0,0.0,0.0000,4.19,3.88,-3.26,-4.59,1,0.0356,0.284,0.637,23.00,1,344.8,29.8,0.13149,-166.3,54.7,0.1118,0.00072,OK
2.3323,2.3309,1.4,0,343.1,30.3,0.1352,338.4,25.3,0.1305,-198.3,-26.0,0.0000,-213.4,-41.0,-0.0079,-217.0,-12.5,0,0.0,0.0,0.0000,4.51,4.59,-3.54,-5.00,1,0.0333,0.579,0.127,25.00,1,343.2,30.1,0.13251,-170.6,61.8,0.0790,0.00061,OK
2.3408,2.3386,2.2,0,341.6,29.5,0.1314,336.9,25.1,0.1305,-198.3,-26.0,0.0000,-214.1,-39.6,-0.0074,-217.5,-11.0,0,0.0,0.0,0.0000,4.81,4.19,-4.21,-5.17,1,0.0356,0.735,0.647,25.00,1,341.7,29.7,0.13239,-192.6,-20.9,0.0171,0.00069,OK
2.3483,2.3472,1.1,0,341.1,29.0,0.1344,335.2,24.9,0.1305,-198.3,-26.0,0.0000,-215.3,-39.2,-0.0100,-218.6,-10.3,0,0.0,0.0,0.0000,5.67,4.63,-4.16,-5.42,1,0.0167,1.108,0.579,25.00,1,340.6,29.2,0.13303,-155.0,-43.7,0.0518,0.00053,OK
2.3570,2.3557,1.3,0,339.9,29.0,0.1363,333.5,24.7,0.1305,-198.3,-26.0,0.0000,-217.3,-39.6,-0.0127,-220.6,-10.3,0,0.0,0.0,0.0000,4.67,4.69,-4.21,-5.57,1,0.0167,1.108,0.579,25.00,1,339.6,29.0,0.13371,-138.2,-4.0,0.0515,0.00056,OK
2.3646,2.3557,8.9,0,339.9,29.0,0.1363,333.5,24.7,0.1305,-198.3,-26.0,0.0000,-221.3,-40.1,-0.0119,-224.6,-10.3,0,0.0,0.0,0.0000,5.06,4.69,-4.36,-5.77,1,-0.0211,0.814,0.039,25.00,1,339.4,28.9,0.13352,-162.4,-11.1,-0.0198,0.00054,OK
2.3723,2.3722,0.1,0,336.0,28.6,0.1277,330.2,24.2,0.1305,-198.3,-26.0,0.0000,-216.6,-38.1,-0.0058,-219.7,-9.3,0,0.0,0.0,0.0000,5.42,5.33,-4.58,-5.73,1,-0.0089,0.069,-0.363,25.00,1,336.2,28.6,0.13200,-205.2,7.6,-0.0991,0.00052,OK
2.3809,2.3722,8.6,0,336.0,28.6,0.1277,330.2,24.2,0.1305,-198.3,-26.0,0.0000,-221.4,-38.6,-0.0072,-224.5,-9.0,0,0.0,0.0,0.0000,5.47,5.64,-4.25,-6.26,1,0.0044,-0.020,0.422,25.00,1,336.1,28.6,0.13235,-195.7,-12.5,0.0129,0.00043,OK
2.3883,2.3811,7.2,0,334.5,27.9,0.1270,328.5,24.0,0.1305,-198.3,-26.0,0.0000,-220.9,-37.5,-0.0035,-223.9,-8.3,0,0.0,0.0,0.0000,5.67,5.35,-4.23,-6.53,1,0.0044,-0.020,0.422,24.00,1,334.5,28.0,0.13143,-199.7,-23.4,0.0085,0.00045,OK
2.3961,2.3811,15.0,0,334.5,27.9,0.1270,328.5,24.0,0.1305,-198.3,-26.0,0.0000,-221.4,-37.2,-0.0038,-224.3,-7.9,0,0.0,0.0,0.0000,6.09,5.24,-4.64,-6.58,1,0.0033,0.735,0.216,24.00,1,333.1,27.7,0.13149,-206.2,-13.1,0.0084,0.00039,OK
2.4049,2.3981,6.9,0,330.5,28.2,0.1175,325.1,23.6,0.1305,-198.3,-26.0,0.0000,-219.5,-37.4,0.0064,-222.5,-8.8,0,0.0,0.0,0.0000,6.35,6.40,-5.04,-7.20,1,0.0267,1.638,0.284,24.00,1,330.7,28.0,0.12894,-234.2,9.9,0.0237,0.00058,OK
2.4127,2.4063,6.4,0,329.0,27.5,0.1306,323.5,23.4,0.1305,-198.3,-26.0,0.0000,-218.4,-39.6,0.0043,-221.7,-11.0,0,0.0,0.0,0.0000,6.89,6.06,-5.08,-6.76,1,0.0300,0.314,0.098,25.00,1,328.9,27.6,0.12947,-227.5,3.6,0.0419,0.00043,OK
2.4211,2.4148,6.4,0,327.8,27.3,0.1341,321.8,23.1,0.1305,-198.3,-26.0,0.0000,-219.1,-39.8,0.0001,-222.4,-10.9,0,0.0,0.0,0.0000,6.02,5.65,-4.59,-6.73,1,0.0244,-0.834,0.598,25.00,1,327.5,27.3,0.13053,-197.1,-10.6,0.0323,0.00032,OK
2.4281,2.4233,4.8,0,325.5,27.3,0.1357,320.1,22.9,0.1305,-198.3,-26.0,0.0000,-217.7,-40.2,-0.0043,-221.0,-11.3,0,0.0,0.0,0.0000,6.24,6.01,-4.92,-6.82,1,0.0244,-0.834,0.598,25.00,1,325.6,27.2,0.13162,-211.8,9.8,0.0445,0.00018,OK
2.4366,2.4344,2.2,0,323.9,27.2,0.1248,317.9,22.6,0.1305,-198.3,-26.0,0.0000,-217.1,-38.5,0.0004,-220.2,-9.9,0,0.0,0.0,0.0000,6.83,6.39,-5.59,-7.40,1,0.0111,-0.010,0.049,25.00,1,323.6,27.1,0.13043,-197.0,18.0,-0.0506,0.00025,OK
2.4446,2.4344,10.2,0,323.9,27.2,0.1248,317.9,22.6,0.1305,-198.3,-26.0,0.0000,-220.4,-38.8,0.0003,-223.6,-9.8,0,0.0,0.0,0.0000,5.76,7.00,-5.71,-7.85,1,0.0033,1.922,0.628,24.00,1,323.2,27.1,0.13048,-213.5,-6.5,-0.0068,0.00035,OK
2.4527,2.4489,3.9,0,321.1,26.0,0.1358,315.0,22.3,0.1305,-198.3,-26.0,0.0000,-218.1,-38.9,-0.0041,-221.3,-10.0,0,0.0,0.0,0.0000,6.76,6.88,-5.17,-7.85,1,0.0111,0.892,0.696,25.00,1,320.9,26.1,0.13158,-206.3,-38.5,0.0413,0.00020,OK
2.4602,2.4570,3.2,0,319.4,26.0,0.1237,313.4,22.0,0.1305,-198.3,-26.0,0.0000,-218.5,-36.5,0.0015,-221.4,-7.8,0,0.0,0.0,0.0000,5.37,6.64,-5.00,-7.72,1,0.0211,-0.588,-0.451,25.00,1,319.4,25.9,0.13017,-188.1,-9.5,-0.0417,0.00045,OK
2.4691,2.4570,12.1,0,319.4,26.0,0.1237,313.4,22.0,0.1305,-198.3,-26.0,0.0000,-221.8,-36.4,0.0021,-224.6,-7.3,0,0.0,0.0,0.0000,3.12,7.24,-5.29,-7.66,1,0.0211,-0.588,-0.451,24.00,1,318.7,25.6,0.13003,-168.8,-53.5,-0.0317,0.00080,OK
2.4765,2.4706,5.9,0,316.0,26.0,0.1257,310.7,21.7,0.1305,-198.3,-26.0,0.0000,-218.9,-38.2,0.0050,-222.0,-9.6,0,0.0,0.0,0.0000,4.23,7.11,-5.42,-7.51,1,0.0789,1.540,-0.196,25.00,1,316.4,25.9,0.12930,-209.2,11.3,0.0313,0.00120,OK
2.4846,2.4813,3.3,0,314.9,25.4,0.1284,308.6,21.4,0.1305,-198.3,-26.0,0.0000,-218.2,-38.3,0.0019,-221.4,-9.7,0,0.0,0.0,0.0000,5.96,6.88,-5.40,-7.33,1,0.1367,0.902,0.127,25.00,1,314.6,25.5,0.13006,-197.5,0.6,0.1110,0.00135,OK
2.4932,2.4884,4.7,0,313.2,25.4,0.1258,307.2,21.2,0.1305,-198.3,-26.0,0.0000,-219.1,-37.9,0.0015,-222.1,-9.1,0,0.0,0.0,0.0000,6.62,7.38,-5.24,-6.92,1,0.1478,-1.402,0.520,24.00,1,313.1,25.4,0.13018,-210.8,8.4,0.1317,0.00141,OK
2.5010,2.4884,12.6,0,313.2,25.4,0.1258,307.2,21.2,0.1305,-198.3,-26.0,0.0000,-220.7,-38.0,-0.0014,-223.8,-8.9,0,0.0,0.0,0.0000,7.89,7.61,-5.09,-7.28,1,0.1478,-1.402,0.520,25.00,1,312.1,25.3,0.13090,-226.3,7.1,0.1599,0.00127,OK
2.5088,2.5038,4.9,0,307.9,23.4,0.1314,304.1,20.8,0.1305,-198.3,-26.0,0.0000,-214.3,-34.6,-0.0074,-217.0,-6.0,0,0.0,0.0,0.0000,8.12,7.65,-5.55,-7.51,1,0.1522,-0.686,-0.314,24.00,1,308.5,23.6,0.13240,-292.6,-59.8,0.1579,0.00118,OK
2.5164,2.5132,3.2,0,307.0,22.7,0.1314,302.3,20.6,0.1305,-198.3,-26.0,0.0000,-213.1,-32.4,-0.0120,-215.5,-3.7,0,0.0,0.0,0.0000,8.38,7.59,-5.39,-7.56,1,0.1700,1.157,-0.226,25.00,1,306.5,22.8,0.13356,-247.5,-55.5,0.1623,0.00110,OK
2.5251,2.5250,0.1,0,305.1,22.1,0.1368,299.9,20.3,0.1305,-198.3,-26.0,0.0000,-212.4,-31.6,-0.0216,-214.7,-2.5,0,0.0,0.0,0.0000,7.80,7.63,-5.47,-7.76,1,0.1767,1.098,-0.098,25.00,1,304.6,22.1,0.13595,-181.2,-29.2,0.1975,0.00104,OK
2.5327,2.5250,7.7,0,305.1,22.1,0.1368,299.9,20.3,0.1305,-198.3,-26.0,0.0000,-216.8,-32.1,-0.0217,-219.1,-2.5,0,0.0,0.0,0.0000,7.32,7.40,-5.08,-7.59,1,0.1767,1.098,-0.098,25.00,1,304.6,22.0,0.13597,-215.2,-44.0,0.2049,0.00104,OK
2.5407,2.5370,3.7,0,302.0,22.3,0.1419,297.5,20.0,0.1305,-198.3,-26.0,0.0000,-213.8,-33.2,-0.0344,-216.3,-3.3,0,0.0,0.0,0.0000,7.69,8.07,-4.66,-7.95,1,0.1933,-0.118,0.255,24.00,1,302.0,22.1,0.13915,-214.6,14.9,0.2205,0.00089,OK
2.5484,2.5370,11.4,0,302.0,22.3,0.1419,297.5,20.0,0.1305,-198.3,-26.0,0.0000,-216.3,-33.3,-0.0375,-218.8,-2.8,0,0.0,0.0,0.0000,7.93,7.92,-4.33,-7.55,1,0.2133,-0.520,-0.314,25.00,1,301.3,21.9,0.13992,-213.8,-11.3,0.2256,0.00075,OK
2.5564,2.5519,4.5,0,297.0,21.5,0.1452,294.6,19.6,0.1305,-198.3,-26.0,0.0000,-209.9,-32.6,-0.0502,-212.4,-2.3,0,0.0,0.0,0.0000,8.39,7.53,-4.85,-7.76,1,0.2233,-0.500,0.382,25.00,1,297.6,21.5,0.14310,-274.5,4.7,0.2409,0.00061,OK
2.5641,2.5587,5.4,0,295.2,21.2,0.1412,293.2,19.4,0.1305,-198.3,-26.0,0.0000,-208.4,-31.3,-0.0534,-210.7,-1.1,0,0.0,0.0,0.0000,7.98,8.00,-4.96,-7.64,1,0.1944,-0.922,1.285,24.00,1,295.5,21.2,0.14389,-279.2,-3.4,0.1986,0.00053,OK
2.5725,2.5711,1.4,0,292.9,21.0,0.1492,290.8,19.1,0.1305,-198.3,-26.0,0.0000,-204.6,-32.3,-0.0659,-207.1,-2.0,0,0.0,0.0,0.0000,8.46,7.39,-5.55,-7.48,1,0.1944,-0.922,1.285,25.00,1,292.6,21.0,0.14703,-240.3,23.0,0.2378,0.00040,OK
2.5811,2.5711,10.0,0,292.9,21.0,0.1492,290.8,19.1,0.1305,-198.3,-26.0,0.0000,-208.1,-32.9,-0.0662,-210.7,-2.0,0,0.0,0.0,0.0000,7.78,7.22,-6.26,-7.54,1,0.1256,-1.608,-0.677,25.00,1,292.1,20.9,0.14708,-259.3,21.5,0.1281,0.00037,OK
2.5903,2.5825,7.7,0,288.3,20.8,0.1529,288.5,18.8,0.1305,-198.3,-26.0,0.0000,-203.7,-33.6,-0.0741,-206.4,-2.9,0,0.0,0.0,0.0000,8.06,6.82,-6.39,-7.57,1,0.0722,1.010,-0.990,25.00,1,288.8,20.8,0.14906,-287.3,31.1,0.0789,0.00022,OK
2.5966,2.5825,14.0,0,288.3,20.8,0.1529,288.5,18.8,0.1305,-198.3,-26.0,0.0000,-202.5,-33.6,-0.0758,-205.2,-3.1,0,0.0,0.0,0.0000,7.25,6.58,-5.25,-7.51,1,0.0589,0.745,0.157,25.00,1,287.1,20.7,0.14950,-265.7,10.9,0.0654,0.00016,OK
2.6047,2.6021,2.6,0,287.0,20.1,0.1467,284.6,18.3,0.1305,-198.3,-26.0,0.0000,-204.8,-31.5,-0.0762,-207.2,-0.6,0,0.0,0.0,0.0000,7.18,6.10,-5.87,-4.69,1,0.0233,-1.442,1.442,26.00,1,286.2,20.2,0.14961,-131.8,4.3,0.0422,-0.00015,OK
2.6125,2.6093,3.2,0,285.5,20.4,0.1486,283.2,18.1,0.1305,-198.3,-26.0,0.0000,-206.8,-32.8,-0.0781,-209.4,-1.5,0,0.0,0.0,0.0000,7.45,6.01,-5.88,-3.11,1,0.0233,-1.442,1.442,24.00,1,285.4,20.4,0.15006,-130.8,41.2,0.0921,-0.00055,OK
2.6200,2.6179,2.2,0,280.8,19.8,0.1523,281.5,17.9,0.1305,-198.3,-26.0,0.0000,-201.4,-32.8,-0.0785,-204.0,-2.3,0,0.0,0.0,0.0000,7.37,5.53,-5.80,-5.83,1,-0.0689,-1.952,-0.726,25.00,1,282.1,19.9,0.15017,-301.3,-4.3,-0.0144,-0.00084,OK
2.6281,2.6279,0.2,0,278.8,19.2,0.1566,279.5,17.6,0.1305,-198.3,-26.0,0.0000,-196.9,-32.3,-0.0813,-199.5,-2.3,0,0.0,0.0,0.0000,8.17,5.88,-6.24,-7.27,1,-0.1356,0.010,0.108,25.00,1,279.1,19.3,0.15086,-304.7,-21.8,0.0281,-0.00123,OK
2.6369,2.6279,9.0,0,278.8,19.2,0.1566,279.5,17.6,0.1305,-198.3,-26.0,0.0000,-201.5,-33.0,-0.0792,-204.1,-2.4,0,0.0,0.0,0.0000,7.45,5.59,-6.04,-7.43,1,-0.1356,0.010,0.108,24.00,1,278.9,19.2,0.15034,-272.7,-11.9,-0.1196,-0.00138,OK
2.6450,2.6418,3.2,0,274.5,19.2,0.1523,276.8,17.2,0.1305,-198.3,-26.0,0.0000,-194.4,-32.4,-0.0735,-197.0,-3.2,0,0.0,0.0,0.0000,6.16,5.19,-5.81,-7.16,1,-0.2189,0.981,0.441,24.00,1,274.8,19.0,0.14892,-284.3,22.6,-0.1756,-0.00157,OK
2.6526,2.6498,2.8,0,273.8,17.9,0.1456,275.2,17.0,0.1305,-198.3,-26.0,0.0000,-194.7,-29.4,-0.0632,-196.9,-0.7,0,0.0,0.0,0.0000,5.09,4.30,-5.64,-7.41,1,-0.2878,-1.432,0.088,25.00,1,273.4,18.1,0.14634,-229.6,-69.3,-0.2950,-0.00154,OK
2.6606,2.6498,10.7,0,273.8,17.9,0.1456,275.2,17.0,0.1305,-198.3,-26.0,0.0000,-197.4,-29.7,-0.0597,-199.6,-0.7,0,0.0,0.0,0.0000,5.29,4.33,-5.70,-7.50,1,-0.3200,-1.804,0.412,25.00,1,272.7,17.9,0.14546,-240.1,-28.9,-0.3152,-0.00158,OK
2.6690,2.6616,7.3,0,272.5,17.5,0.1428,272.8,16.7,0.1305,-198.3,-26.0,0.0000,-199.5,-28.9,-0.0479,-201.6,-0.3,0,0.0,0.0,0.0000,5.21,4.62,-5.64,-7.75,1,-0.3556,0.490,0.382,25.00,1,271.8,17.5,0.14251,-200.1,-34.5,-0.3472,-0.00165,OK
2.6762,2.6740,2.2,0,269.0,17.9,0.1448,270.4,16.4,0.1305,-198.3,-26.0,0.0000,-195.8,-31.0,-0.0366,-198.2,-3.4,0,0.0,0.0,0.0000,5.36,4.64,-5.57,-7.62,1,-0.3556,0.490,0.382,24.00,1,269.1,17.6,0.13970,-203.2,47.1,-0.2740,-0.00188,OK
2.6846,2.6832,1.4,0,267.0,16.6,0.1415,268.5,16.2,0.1305,-198.3,-26.0,0.0000,-194.8,-28.9,-0.0270,-196.9,-2.0,0,0.0,0.0,0.0000,4.69,4.36,-5.79,-7.31,1,-0.3867,0.059,0.490,25.00,1,267.1,16.8,0.13730,-221.5,-63.9,-0.3071,-0.00202,OK
2.6923,2.6832,9.2,0,267.0,16.6,0.1415,268.5,16.2,0.1305,-198.3,-26.0,0.0000,-198.7,-29.6,-0.0243,-200.8,-2.2,0,0.0,0.0,0.0000,4.85,4.56,-5.72,-7.41,1,-0.4256,-1.255,0.392,25.00,1,266.9,16.8,0.13661,-211.9,-24.0,-0.4071,-0.00218,OK
2.7012,2.6998,1.4,0,265.5,16.4,0.1302,265.3,15.7,0.1305,-198.3,-26.0,0.0000,-198.4,-27.8,0.0002,-200.3,-1.8,0,0.0,0.0,0.0000,5.08,4.79,-5.48,-7.49,1,-0.4067,-0.382,0.069,25.00,1,265.0,16.3,0.13050,-139.5,-9.1,-0.3894,-0.00237,OK
2.7086,2.6998,8.9,0,265.5,16.4,0.1302,265.3,15.7,0.1305,-198.3,-26.0,0.0000,-202.4,-28.4,0.0012,-204.3,-1.9,0,0.0,0.0,0.0000,4.80,4.48,-5.32,-6.83,1,-0.3856,-0.147,-0.402,25.00,1,264.9,16.3,0.13024,-160.1,-13.2,-0.3664,-0.00253,OK
2.7160,2.6998,16.3,0,265.5,16.4,0.1302,265.3,15.7,0.1305,-198.3,-26.0,0.0000,-203.3,-28.8,0.0120,-205.4,-2.7,0,0.0,0.0,0.0000,4.32,3.75,-5.00,-6.93,1,-0.3700,-1.363,0.078,25.00,1,263.7,16.0,0.12753,-148.2,-10.8,-0.3627,-0.00257,OK
2.7244,2.6998,24.6,0,265.5,16.4,0.1302,265.3,15.7,0.1305,-198.3,-26.0,0.0000,-204.6,-29.3,0.0243,-206.7,-3.6,0,0.0,0.0,0.0000,3.77,3.84,-5.02,-6.88,1,-0.3700,-1.363,0.078,25.00,1,262.5,15.8,0.12448,-146.1,-17.1,-0.3700,-0.00255,OK
2.7329,2.6998,33.1,0,265.5,16.4,0.1302,265.3,15.7,0.1305,-198.3,-26.0,0.0000,-206.0,-29.7,0.0362,-208.1,-4.6,0,0.0,0.0,0.0000,4.00,3.94,-4.76,-5.94,1,-0.3511,-0.157,0.530,25.00,1,261.3,15.5,0.12150,-143.2,-12.4,-0.3325,-0.00270,OK
2.7402,2.6998,40.5,0,265.5,16.4,0.1302,265.3,15.7,0.1305,-198.3,-26.0,0.0000,-207.1,-30.1,0.0455,-209.2,-5.2,0,0.0,0.0,0.0000,3.99,4.48,-4.73,-6.13,1,-0.3178,0.618,-0.333,25.00,1,260.3,15.2,0.11917,-150.9,-20.3,-0.3015,-0.00282,OK
2.7487,2.6998,49.0,0,265.5,16.4,0.1302,265.3,15.7,0.1305,-198.3,-26.0,0.0000,-208.4,-30.4,0.0557,-210.5,-6.0,0,0.0,0.0,0.0000,4.28,3.72,-4.38,-5.91,1,-0.3178,0.618,-0.333,25.00,1,259.0,15.0,0.11663,-143.8,-10.2,-0.2955,-0.00300,OK
2.7572,2.6998,57.5,0,265.5,16.4,0.1302,265.3,15.7,0.1305,-198.3,-26.0,0.0000,-209.8,-30.9,0.0655,-212.0,-6.8,0,0.0,0.0,0.0000,3.82,3.85,-4.34,-5.93,1,-0.2989,-1.353,-0.363,25.00,1,257.9,14.7,0.11417,-142.4,-16.1,-0.2856,-0.00310,OK
2.7648,2.6998,65.0,0,265.5,16.4,0.1302,265.3,15.7,0.1305,-198.3,-26.0,0.0000,-211.0,-31.2,0.0732,-213.1,-7.3,0,0.0,0.0,0.0000,4.38,4.09,-4.15,-6.14,1,-0.2411,-1.422,0.226,25.00,1,256.8,14.5,0.11225,-150.8,-16.7,-0.2249,-0.00322,OK
2.7732,2.6998,73.4,0,265.5,16.4,0.1302,265.3,15.7,0.1305,-198.3,-26.0,0.0000,-212.2,-31.6,0.0797,-214.3,-7.9,0,0.0,0.0,0.0000,4.63,3.80,-4.44,-5.71,1,-0.1744,0.461,-0.284,24.00,1,255.5,14.3,0.11061,-150.6,-2.4,-0.1653,-0.00328,OK
2.7811,2.6998,81.4,0,265.5,16.4,0.1302,265.3,15.7,0.1305,-198.3,-26.0,0.0000,-213.3,-32.1,0.0841,-215.6,-8.6,0,0.0,0.0,0.0000,4.63,3.60,-4.38,-5.38,1,-0.1111,0.392,-0.353,25.00,1,254.3,14.1,0.10952,-146.6,3.6,-0.1087,-0.00327,OK
2.7882,2.6998,88.5,0,265.5,16.4,0.1302,265.3,15.7,0.1305,-198.3,-26.0,0.0000,-214.5,-32.5,0.0869,-216.8,-9.0,0,0.0,0.0,0.0000,4.69,3.53,-3.90,-5.04,1,-0.1111,0.392,-0.353,25.00,1,253.3,14.0,0.10881,-140.3,1.3,-0.0954,-0.00340,OK
2.7971,2.6998,97.3,0,265.5,16.4,0.1302,265.3,15.7,0.1305,-198.3,-26.0,0.0000,-216.0,-32.8,0.0888,-218.3,-9.2,0,0.0,0.0,0.0000,4.71,4.28,-3.41,-4.75,1,-0.0422,-0.530,-0.157,24.00,1,252.1,13.9,0.10835,-141.3,-10.4,-0.0146,-0.00364,OK
2.8046,2.8033,1.3,0,262.5,16.3,0.1369,244.7,13.0,0.1305,-198.3,-26.0,0.0000,-230.8,-36.3,0.0556,-233.4,-9.2,0,0.0,0.0,0.0000,5.12,4.11,-3.92,-4.59,1,0.0356,0.118,0.108,24.00,1,262.1,16.3,0.11664,-14.7,20.3,0.2402,-0.00436,OK
2.8128,2.8071,5.7,0,251.4,14.4,0.1068,244.0,12.9,0.1305,-198.3,-26.0,0.0000,-240.4,-31.3,0.0630,-242.4,-3.6,0,0.0,0.0,0.0000,5.46,4.33,-4.14,-4.23,1,0.0911,0.647,-0.716,24.00,1,256.8,15.2,0.11478,-149.3,-20.2,0.0931,-0.00426,OK
2.8204,2.8071,13.3,0,251.4,14.4,0.1068,244.0,12.9,0.1305,-198.3,-26.0,0.0000,-242.9,-31.3,0.0609,-244.9,-3.1,0,0.0,0.0,0.0000,5.16,4.28,-3.95,-4.39,1,0.0911,0.647,-0.716,25.00,1,256.1,15.0,0.11532,-129.6,-11.3,0.1020,-0.00433,OK
2.8289,2.8071,21.8,0,251.4,14.4,0.1068,244.0,12.9,0.1305,-198.3,-26.0,0.0000,-244.8,-30.9,0.0566,-246.7,-2.3,0,0.0,0.0,0.0000,5.23,4.28,-3.33,-4.37,1,0.1333,0.010,-0.333,25.00,1,255.0,14.8,0.11639,-126.5,-16.9,0.1465,-0.00443,OK
2.8367,2.8071,29.7,0,251.4,14.4,0.1068,244.0,12.9,0.1305,-198.3,-26.0,0.0000,-246.5,-30.5,0.0516,-248.4,-1.3,0,0.0,0.0,0.0000,5.36,4.30,-3.17,-4.38,1,0.1578,-0.824,0.422,25.00,1,254.1,14.5,0.11765,-128.3,-16.9,0.1716,-0.00453,OK
2.8448,2.8071,37.8,0,251.4,14.4,0.1068,244.0,12.9,0.1305,-198.3,-26.0,0.0000,-248.1,-30.1,0.0452,-250.0,-0.4,0,0.0,0.0,0.0000,5.72,4.62,-3.89,-4.21,1,0.2089,-0.020,-0.481,26.00,1,253.0,14.3,0.11924,-142.2,-3.4,0.2192,-0.00460,OK
2.8527,2.8071,45.6,0,251.4,14.4,0.1068,244.0,12.9,0.1305,-198.3,-26.0,0.0000,-249.6,-29.7,0.0380,-251.3,0.6,0,0.0,0.0,0.0000,5.51,4.56,-3.73,-4.19,1,0.2356,1.245,0.539,25.00,1,251.9,14.2,0.12105,-140.7,-4.5,0.2401,-0.00460,OK
2.8607,2.8071,53.6,0,251.4,14.4,0.1068,244.0,12.9,0.1305,-198.3,-26.0,0.0000,-251.0,-29.4,0.0300,-252.7,1.7,0,0.0,0.0,0.0000,6.18,4.76,-3.71,-4.11,1,0.2356,1.245,0.539,25.00,1,250.7,14.0,0.12305,-147.4,-0.8,0.2543,-0.00476,OK
2.8683,2.8071,61.2,0,251.4,14.4,0.1068,244.0,12.9,0.1305,-198.3,-26.0,0.0000,-252.3,-29.0,0.0221,-253.9,2.7,0,0.0,0.0,0.0000,6.08,4.69,-3.46,-4.02,1,0.2356,0.677,0.088,25.00,1,249.6,13.8,0.12502,-144.1,-2.8,0.2566,-0.00494,OK
2.8762,2.8071,69.2,0,251.4,14.4,0.1068,244.0,12.9,0.1305,-198.3,-26.0,0.0000,-253.7,-28.6,0.0137,-255.2,3.8,0,0.0,0.0,0.0000,5.64,4.60,-3.44,-3.98,1,0.2633,-0.520,-0.304,25.00,1,248.5,13.7,0.12713,-142.2,-2.7,0.2734,-0.00499,OK
2.8849,2.8071,77.8,0,251.4,14.4,0.1068,244.0,12.9,0.1305,-198.3,-26.0,0.0000,-255.1,-28.1,0.0037,-256.6,5.1,0,0.0,0.0,0.0000,6.12,4.51,-3.65,-4.31,1,0.2989,0.598,0.628,25.00,1,247.2,13.5,0.12961,-152.3,3.1,0.3010,-0.00497,OK
2.8923,2.8071,85.2,0,251.4,14.4,0.1068,244.0,12.9,0.1305,-198.3,-26.0,0.0000,-256.0,-27.6,-0.0054,-257.4,6.3,0,0.0,0.0,0.0000,6.15,5.64,-4.03,-4.26,1,0.2989,0.598,0.628,25.00,1,246.1,13.4,0.13189,-165.5,-0.8,0.3136,-0.00507,OK
2.9010,2.8071,93.9,0,251.4,14.4,0.1068,244.0,12.9,0.1305,-198.3,-26.0,0.0000,-257.0,-27.2,-0.0165,-258.3,7.6,0,0.0,0.0,0.0000,6.76,5.06,-3.97,-4.04,1,0.2944,0.716,0.137,25.00,1,244.6,13.2,0.13466,-163.7,10.1,0.3159,-0.00525,OK
2.9085,2.8071,101.5,0,251.4,14.4,0.1068,244.0,12.9,0.1305,-198.3,-26.0,0.0000,-257.8,-26.6,-0.0257,-259.0,8.8,0,0.0,0.0,0.0000,6.12,5.43,-3.81,-4.59,1,0.2811,-0.098,-0.726,25.00,1,243.4,13.1,0.13697,-167.7,-5.0,0.2927,-0.00532,OK
2.9166,2.9130,3.6,0,235.0,13.7,0.1210,223.0,10.2,0.1305,-198.3,-26.0,0.0000,-242.5,-32.0,-0.0140,-244.6,0.7,0,0.0,0.0,0.0000,6.77,5.89,-4.42,-4.44,1,0.2956,0.343,0.265,25.00,1,235.2,13.7,0.13405,-235.1,21.1,0.2562,-0.00493,OK
2.9243,2.9130,11.3,0,235.0,13.7,0.1210,223.0,10.2,0.1305,-198.3,-26.0,0.0000,-240.0,-34.0,-0.0182,-242.4,-1.3,0,0.0,0.0,0.0000,7.43,5.14,-4.03,-4.76,1,0.2956,0.343,0.265,25.00,1,234.5,13.6,0.13509,-227.5,21.3,0.3104,-0.00504,OK
2.9331,2.9130,20.0,0,235.0,13.7,0.1210,223.0,10.2,0.1305,-198.3,-26.0,0.0000,-239.2,-33.9,-0.0286,-241.6,-0.8,0,0.0,0.0,0.0000,6.94,5.69,-5.16,-4.44,1,0.2633,0.892,0.510,24.00,1,232.4,13.6,0.13768,-233.7,32.4,0.2800,-0.00516,OK
2.9411,2.9130,28.1,0,235.0,13.7,0.1210,223.0,10.2,0.1305,-198.3,-26.0,0.0000,-238.4,-33.9,-0.0366,-240.8,-0.4,0,0.0,0.0,0.0000,6.90,5.64,-4.92,-5.40,1,0.2067,0.922,-0.382,25.00,1,230.5,13.5,0.13969,-238.4,17.8,0.2174,-0.00521,OK
2.9491,2.9130,36.1,0,235.0,13.7,0.1210,223.0,10.2,0.1305,-198.3,-26.0,0.0000,-237.4,-33.9,-0.0428,-239.8,-0.1,0,0.0,0.0,0.0000,7.35,5.35,-5.48,-5.68,1,0.1611,0.441,0.598,24.00,1,228.6,13.5,0.14125,-245.1,27.9,0.1709,-0.00526,OK
2.9562,2.9130,43.1,0,235.0,13.7,0.1210,223.0,10.2,0.1305,-198.3,-26.0,0.0000,-236.4,-34.1,-0.0467,-238.9,-0.3,0,0.0,0.0,0.0000,7.32,5.18,-5.67,-5.66,1,0.0856,-0.471,-0.392,25.00,1,226.9,13.4,0.14221,-242.7,30.1,0.1012,-0.00536,OK
2.9649,2.9130,51.9,0,235.0,13.7,0.1210,223.0,10.2,0.1305,-198.3,-26.0,0.0000,-235.2,-34.5,-0.0496,-237.7,-0.7,0,0.0,0.0,0.0000,7.11,4.98,-5.93,-6.32,1,0.0611,0.167,-0.618,25.00,1,224.7,13.4,0.14293,-245.8,28.6,0.0642,-0.00533,OK
2.9721,2.9130,59.1,0,235.0,13.7,0.1210,223.0,10.2,0.1305,-198.3,-26.0,0.0000,-234.0,-34.8,-0.0515,-236.6,-1.0,0,0.0,0.0,0.0000,7.46,5.63,-6.44,-6.40,1,0.0611,0.167,-0.618,24.00,1,222.9,13.3,0.14342,-258.6,28.7,0.0698,-0.00536,OK
2.9809,2.9130,67.9,0,235.0,13.7,0.1210,223.0,10.2,0.1305,-198.3,-26.0,0.0000,-232.4,-35.3,-0.0538,-235.0,-1.6,0,0.0,0.0,0.0000,8.29,5.28,-6.37,-6.44,1,0.0433,1.079,0.804,24.00,1,220.6,13.3,0.14400,-259.5,37.1,0.0583,-0.00546,OK
2.9892,2.9130,76.2,0,235.0,13.7,0.1210,223.0,10.2,0.1305,-198.3,-26.0,0.0000,-230.8,-35.9,-0.0549,-233.6,-2.3,0,0.0,0.0,0.0000,7.59,5.26,-6.70,-6.54,1,-0.0056,1.079,0.098,25.00,1,218.4,13.3,0.14426,-256.9,34.3,0.0050,-0.00551,OK
2.9968,2.9130,83.8,0,235.0,13.7,0.1210,223.0,10.2,0.1305,-198.3,-26.0,0.0000,-229.5,-36.4,-0.0544,-232.4,-3.0,0,0.0,0.0,0.0000,7.43,5.13,-6.35,-6.78,1,-0.0500,0.216,0.402,25.00,1,216.5,13.2,0.14415,-251.7,27.1,-0.0380,-0.00557,OK
3.0050,2.9130,91.9,0,235.0,13.7,0.1210,223.0,10.2,0.1305,-198.3,-26.0,0.0000,-228.8,-36.4,-0.0535,-231.7,-3.2,0,0.0,0.0,0.0000,6.90,4.87,-4.13,-6.63,1,-0.0500,0.216,0.402,25.00,1,214.6,13.0,0.14391,-216.8,-6.0,-0.0281,-0.00573,OK
3.0129,2.9130,99.9,0,235.0,13.7,0.1210,223.0,10.2,0.1305,-198.3,-26.0,0.0000,-228.5,-35.9,-0.0522,-231.3,-2.8,0,0.0,0.0,0.0000,7.82,5.25,-3.52,-6.93,1,-0.0878,-0.745,0.824,25.00,1,212.9,12.6,0.14360,-215.3,-24.9,-0.0583,-0.00594,OK
3.0206,3.0159,4.8,0,213.8,14.3,0.1392,202.6,7.5,0.1305,-198.3,-26.0,0.0000,-234.7,-46.3,-0.0428,-238.8,-12.8,0,0.0,0.0,0.0000,7.10,5.83,-5.62,-7.63,1,-0.1578,0.716,-0.735,25.00,1,213.7,14.3,0.14124,-218.1,11.6,-0.1385,-0.00602,OK
3.0285,3.0159,12.6,0,213.8,14.3,0.1392,202.6,7.5,0.1305,-198.3,-26.0,0.0000,-236.1,-47.0,-0.0397,-240.4,-13.5,0,0.0,0.0,0.0000,7.48,5.59,-6.67,-7.43,1,-0.2033,0.343,1.422,24.00,1,212.7,14.3,0.14047,-230.1,29.9,-0.1815,-0.00617,OK
3.0369,3.0159,21.0,0,213.8,14.3,0.1392,202.6,7.5,0.1305,-198.3,-26.0,0.0000,-235.2,-48.0,-0.0334,-239.6,-15.0,0,0.0,0.0,0.0000,7.01,5.19,-6.97,-7.69,1,-0.2033,0.343,1.422,25.00,1,210.7,14.2,0.13889,-228.8,32.3,-0.1940,-0.00620,OK
3.0449,3.0159,29.0,0,213.8,14.3,0.1392,202.6,7.5,0.1305,-198.3,-26.0,0.0000,-234.2,-49.0,-0.0263,-238.7,-16.5,0,0.0,0.0,0.0000,7.35,5.35,-7.01,-8.28,1,-0.2633,-0.745,0.677,25.00,1,208.8,14.2,0.13712,-239.8,27.0,-0.2498,-0.00627,OK
3.0530,3.0159,37.1,0,213.8,14.3,0.1392,202.6,7.5,0.1305,-198.3,-26.0,0.0000,-232.9,-50.0,-0.0176,-237.5,-18.2,0,0.0,0.0,0.0000,7.54,5.77,-7.55,-8.21,1,-0.3133,1.079,-0.206,25.00,1,206.8,14.2,0.13494,-251.9,27.0,-0.2935,-0.00639,OK
3.0607,3.0159,44.9,0,213.8,14.3,0.1392,202.6,7.5,0.1305,-198.3,-26.0,0.0000,-231.6,-50.9,-0.0077,-236.3,-19.8,0,0.0,0.0,0.0000,6.69,5.73,-7.76,-8.26,1,-0.3633,1.510,0.647,24.00,1,204.9,14.1,0.13246,-247.3,19.3,-0.3488,-0.00647,OK
3.0689,3.0159,53.0,0,213.8,14.3,0.1392,202.6,7.5,0.1305,-198.3,-26.0,0.0000,-230.3,-51.9,0.0048,-235.0,-21.7,0,0.0,0.0,0.0000,6.39,5.23,-7.56,-8.64,1,-0.4311,-1.000,0.039,24.00,1,202.9,14.0,0.12933,-242.8,16.4,-0.4193,-0.00651,OK
3.0768,3.0159,61.0,0,213.8,14.3,0.1392,202.6,7.5,0.1305,-198.3,-26.0,0.0000,-228.9,-53.1,0.0182,-233.8,-23.9,0,0.0,0.0,0.0000,6.69,4.79,-8.27,-8.54,1,-0.4311,-1.000,0.039,25.00,1,200.9,13.9,0.12598,-246.9,32.7,-0.4242,-0.00652,OK
3.0850,3.0159,69.1,0,213.8,14.3,0.1392,202.6,7.5,0.1305,-198.3,-26.0,0.0000,-227.4,-54.1,0.0322,-232.3,-25.9,0,0.0,0.0,0.0000,6.23,5.66,-7.54,-9.22,1,-0.4433,-1.373,-0.686,25.00,1,198.9,13.8,0.12249,-251.5,3.0,-0.4348,-0.00654,OK
3.0921,3.0880,4.1,0,200.2,14.5,0.1376,188.3,5.6,0.1305,-198.3,-26.0,0.0000,-234.9,-55.9,0.0215,-240.0,-26.1,0,0.0,0.0,0.0000,7.82,5.87,-7.32,-8.41,1,-0.3811,1.373,-0.873,25.00,1,200.0,14.5,0.12517,-206.9,24.7,-0.3085,-0.00729,OK
3.1008,3.0976,3.2,0,185.9,14.0,0.1224,186.4,5.4,0.1305,-198.3,-26.0,0.0000,-217.7,-52.9,0.0317,-222.5,-25.8,0,0.0,0.0,0.0000,5.74,6.01,-7.26,-8.18,1,-0.2589,-0.118,0.755,24.00,1,191.3,14.1,0.12261,-408.1,10.9,-0.2578,-0.00724,OK
3.1085,3.0976,11.0,0,185.9,14.0,0.1224,186.4,5.4,0.1305,-198.3,-26.0,0.0000,-212.5,-52.3,0.0347,-217.3,-26.1,0,0.0,0.0,0.0000,6.33,5.60,-6.71,-8.24,1,-0.2589,-0.118,0.755,24.00,1,190.3,14.0,0.12186,-333.2,15.9,-0.2513,-0.00724,OK
3.1170,3.1123,4.7,0,182.7,14.1,0.1155,183.5,5.0,0.1305,-198.3,-26.0,0.0000,-195.7,-51.8,0.0489,-200.4,-28.3,0,0.0,0.0,0.0000,7.37,5.61,-6.25,-8.35,1,-0.2267,-1.981,1.393,24.00,1,184.4,14.0,0.11832,-396.0,40.7,-0.2204,-0.00723,OK
3.1241,3.1209,3.2,0,180.7,14.0,0.1108,181.7,4.8,0.1305,-198.3,-26.0,0.0000,-183.1,-51.1,0.0601,-187.8,-29.7,0,0.0,0.0,0.0000,6.43,6.23,-6.66,-8.51,1,-0.1889,-0.392,-1.089,25.00,1,180.9,14.0,0.11551,-389.5,34.3,-0.2061,-0.00712,OK
3.1322,3.1322,0.1,0,176.5,14.1,0.1017,179.5,4.5,0.1305,-198.3,-26.0,0.0000,-167.8,-50.3,0.0758,-172.4,-31.3,0,0.0,0.0,0.0000,7.46,6.45,-6.63,-8.32,1,-0.1100,1.775,0.402,25.00,1,176.5,14.1,0.11160,-384.0,56.7,-0.2333,-0.00694,OK
3.1407,3.1322,8.6,0,176.5,14.1,0.1017,179.5,4.5,0.1305,-198.3,-26.0,0.0000,-164.0,-49.9,0.0743,-168.5,-31.2,0,0.0,0.0,0.0000,7.96,6.16,-6.14,-7.63,1,-0.1100,1.775,0.402,24.00,1,176.4,14.1,0.11196,-367.4,45.3,-0.0970,-0.00700,OK
3.1492,3.1424,6.8,0,174.6,14.3,0.1029,177.5,4.2,0.1305,-198.3,-26.0,0.0000,-152.5,-50.5,0.0827,-157.2,-33.5,0,0.0,0.0,0.0000,7.94,6.26,-6.20,-7.27,1,-0.0611,0.196,0.853,25.00,1,173.7,14.2,0.10987,-330.8,47.8,-0.0500,-0.00695,OK
3.1565,3.1543,2.2,0,172.4,14.3,0.1098,175.1,3.9,0.1305,-198.3,-26.0,0.0000,-141.9,-51.3,0.0847,-146.6,-35.5,0,0.0,0.0,0.0000,6.66,6.31,-5.38,-7.61,1,-0.0611,-1.785,0.579,25.00,1,171.2,14.2,0.10938,-256.3,23.4,-0.0464,-0.00700,OK
3.1645,3.1543,10.2,0,172.4,14.3,0.1098,175.1,3.9,0.1305,-198.3,-26.0,0.0000,-136.8,-50.9,0.0845,-141.5,-35.6,0,0.0,0.0,0.0000,6.84,6.20,-6.05,-7.19,1,-0.0189,-1.000,0.039,25.00,1,170.6,14.2,0.10941,-275.7,34.1,-0.0095,-0.00702,OK
3.1728,3.1690,3.8,0,167.6,14.1,0.1166,172.2,3.5,0.1305,-198.3,-26.0,0.0000,-123.5,-50.8,0.0789,-128.4,-36.8,0,0.0,0.0,0.0000,6.90,6.37,-6.47,-7.67,1,0.0300,0.961,0.392,25.00,1,167.4,14.1,0.11081,-272.5,24.4,0.0524,-0.00706,OK
3.1811,3.1767,4.4,0,165.8,14.3,0.1120,170.7,3.3,0.1305,-198.2,-26.0,0.0000,-114.9,-49.9,0.0774,-119.8,-36.8,0,0.0,0.0,0.0000,6.00,7.02,-5.84,-7.41,1,0.0300,0.961,0.392,24.00,1,165.6,14.2,0.11119,-253.8,20.0,0.0329,-0.00701,OK
3.1886,3.1864,2.2,0,164.0,14.2,0.1123,168.8,3.1,0.1305,-198.0,-26.0,0.0000,-105.7,-49.5,0.0741,-110.6,-37.4,0,0.0,0.0,0.0000,6.82,6.21,-7.66,-6.65,1,0.0844,0.382,1.491,24.00,1,163.5,14.2,0.11202,-240.2,33.4,0.0830,-0.00692,OK
3.1961,3.1927,3.4,0,162.2,14.0,0.1064,167.5,2.9,0.1305,-196.3,-25.8,0.0000,-99.1,-47.9,0.0744,-103.8,-36.6,0,0.0,0.0,0.0000,6.49,6.55,-4.77,-6.30,1,0.1133,-1.422,0.500,25.00,1,162.1,14.0,0.11195,-222.6,-0.2,0.1044,-0.00693,OK
3.2043,3.2007,3.7,0,160.4,13.6,0.1048,165.9,2.7,0.1305,-193.3,-25.4,0.0000,-90.8,-46.3,0.0736,-95.4,-35.9,0,0.0,0.0,0.0000,6.35,5.94,-4.02,-6.08,1,0.1611,-2.383,-0.275,25.00,1,160.5,13.7,0.11215,-210.5,-15.2,0.1450,-0.00690,OK
3.2123,3.2112,1.1,0,158.2,12.9,0.1119,163.9,2.4,0.1305,-186.0,-24.4,0.0000,-80.4,-44.4,0.0655,-84.9,-34.9,0,0.0,0.0,0.0000,6.86,6.08,-4.06,-6.31,1,0.2211,-1.746,0.226,25.00,1,158.2,13.0,0.11418,-220.2,-39.8,0.2098,-0.00692,OK
3.2210,3.2112,9.8,0,158.2,12.9,0.1119,163.9,2.4,0.1305,-186.0,-24.4,0.0000,-75.6,-43.6,0.0636,-80.0,-34.7,0,0.0,0.0,0.0000,6.32,6.50,-3.97,-6.06,1,0.2211,-1.746,0.226,25.00,1,157.8,12.9,0.11465,-214.8,-27.0,0.2340,-0.00698,OK
3.2292,3.2253,3.9,0,154.1,13.1,0.1205,161.4,2.1,0.1305,-173.2,-22.7,0.0000,-61.8,-43.6,0.0500,-66.5,-36.0,0,0.0,0.0,0.0000,5.46,5.86,-3.90,-5.68,1,0.2478,-0.245,2.432,25.00,1,154.6,13.0,0.11804,-220.8,18.6,0.2503,-0.00688,OK
3.2367,3.2356,1.1,0,153.0,12.7,0.1244,159.6,1.9,0.1305,-163.1,-21.4,0.0000,-52.7,-42.4,0.0385,-57.4,-35.7,0,0.0,0.0,0.0000,5.12,5.19,-3.34,-5.05,1,0.2056,-1.187,-0.618,25.00,1,152.8,12.7,0.12091,-187.9,-1.5,0.2456,-0.00690,OK
3.2444,3.2356,8.8,0,153.0,12.7,0.1244,159.6,1.9,0.1305,-163.1,-21.4,0.0000,-48.3,-41.7,0.0377,-53.0,-35.6,0,0.0,0.0,0.0000,4.62,5.42,-2.66,-4.71,1,0.2444,-2.530,0.314,25.00,1,152.7,12.7,0.12112,-178.9,-8.3,0.2495,-0.00688,OK
3.2529,3.2356,17.4,0,153.0,12.7,0.1244,159.6,1.9,0.1305,-163.1,-21.4,0.0000,-39.2,-40.2,0.0292,-43.9,-35.1,0,0.0,0.0,0.0000,4.37,5.50,-2.48,-4.63,1,0.2444,-2.530,0.314,25.00,1,151.2,12.4,0.12325,-173.7,-13.8,0.2490,-0.00686,OK
3.2605,3.2356,24.9,0,153.0,12.7,0.1244,159.6,1.9,0.1305,-163.1,-21.4,0.0000,-31.2,-38.8,0.0209,-35.8,-34.6,0,0.0,0.0,0.0000,4.65,5.24,-2.03,-3.95,1,0.2744,-2.187,0.843,24.00,1,150.0,12.2,0.12532,-161.2,-10.0,0.2956,-0.00700,OK
3.2683,3.2356,32.8,0,153.0,12.7,0.1244,159.6,1.9,0.1305,-163.1,-21.4,0.0000,-23.1,-37.5,0.0120,-27.7,-34.2,0,0.0,0.0,0.0000,4.16,4.64,-2.03,-4.17,1,0.2700,-1.049,0.706,24.00,1,148.8,11.9,0.12753,-154.3,-10.7,0.2700,-0.00693,OK
3.2769,3.2356,41.3,0,153.0,12.7,0.1244,159.6,1.9,0.1305,-163.1,-21.4,0.0000,-14.2,-35.9,0.0034,-18.7,-33.7,0,0.0,0.0,0.0000,3.70,4.38,-1.48,-3.97,1,0.2267,-2.206,0.647,25.00,1,147.5,11.6,0.12970,-139.6,-19.4,0.2351,-0.00694,OK
3.2847,3.2356,49.2,0,153.0,12.7,0.1244,159.6,1.9,0.1305,-163.1,-21.4,0.0000,-6.6,-34.3,-0.0033,-11.0,-33.2,0,0.0,0.0,0.0000,2.49,3.98,-0.83,-3.14,1,0.1800,-3.324,0.284,25.00,1,146.6,11.3,0.13137,-111.2,-26.5,0.1910,-0.00698,OK
3.2925,3.2356,56.9,0,153.0,12.7,0.1244,159.6,1.9,0.1305,-163.1,-21.4,0.0000,-0.0,-32.7,-0.0088,-4.4,-32.5,0,0.0,0.0,0.0000,1.79,4.02,-0.58,-3.23,1,0.1800,-3.324,0.284,25.00,1,145.8,11.0,0.13276,-102.9,-37.6,0.1708,-0.00683,OK
3.3001,3.2356,64.6,0,153.0,12.7,0.1244,159.6,1.9,0.1305,-163.1,-21.4,0.0000,4.3,-31.4,-0.0138,0.1,-31.7,0,0.0,0.0,0.0000,1.84,3.25,-0.23,-2.88,1,0.1367,-2.373,0.618,25.00,1,145.1,10.6,0.13398,-89.6,-32.2,0.1478,-0.00687,OK
3.3087,3.2356,73.1,0,153.0,12.7,0.1244,159.6,1.9,0.1305,-163.1,-21.4,0.0000,12.5,-29.5,-0.0176,8.5,-30.9,0,0.0,0.0,0.0000,1.07,2.94,-0.06,-2.68,1,0.0711,-1.334,0.686,25.00,1,144.5,10.2,0.13494,-75.5,-37.3,0.0775,-0.00686,OK
3.3171,3.2356,81.6,0,153.0,12.7,0.1244,159.6,1.9,0.1305,-163.1,-21.4,0.0000,16.6,-28.0,-0.0189,12.7,-30.0,0,0.0,0.0,0.0000,0.25,2.48,0.20,-2.23,1,-0.0167,-1.853,0.196,25.00,1,144.0,9.8,0.13526,-56.5,-40.5,-0.0031,-0.00692,OK
3.3246,3.3198,4.8,0,143.7,10.1,0.1204,149.4,0.5,0.1305,-79.6,-10.4,0.0000,15.9,-28.9,-0.0026,12.0,-30.8,0,0.0,0.0,0.0000,-0.76,2.05,0.76,-1.80,1,-0.0167,-1.853,0.196,25.00,1,143.7,10.1,0.13119,-32.0,-38.9,-0.0488,-0.00651,OK
3.3325,3.3198,12.7,0,143.7,10.1,0.1204,149.4,0.5,0.1305,-79.6,-10.4,0.0000,14.3,-28.6,-0.0012,10.4,-30.2,0,0.0,0.0,0.0000,-1.33,1.33,1.00,-1.28,1,-0.0789,-2.275,-0.314,24.00,1,143.6,9.9,0.13084,-13.5,-36.9,-0.0787,-0.00645,OK
3.3410,3.3198,21.2,0,143.7,10.1,0.1204,149.4,0.5,0.1305,-79.6,-10.4,0.0000,13.0,-27.9,0.0015,9.3,-29.3,0,0.0,0.0,0.0000,-0.93,1.03,1.10,-1.17,1,-0.1089,-2.010,-0.235,24.00,1,143.6,9.6,0.13016,-12.0,-31.6,-0.0849,-0.00662,OK
3.3490,3.3468,2.2,0,141.2,7.5,0.1291,147.6,0.3,0.1305,-52.6,-6.9,0.0000,17.3,-22.1,0.0070,14.3,-24.1,0,0.0,0.0,0.0000,-1.54,0.84,0.95,-0.87,1,-0.1222,-1.706,-0.304,25.00,1,141.8,7.6,0.12880,-58.7,-89.4,-0.1123,-0.00663,OK
3.3570,3.3468,10.1,0,141.2,7.5,0.1291,147.6,0.3,0.1305,-52.6,-6.9,0.0000,16.3,-21.7,0.0080,13.4,-23.6,0,0.0,0.0,0.0000,-2.19,0.29,1.62,-0.31,1,-0.1222,-1.706,-0.304,25.00,1,141.8,7.5,0.12854,-21.9,-76.1,-0.1155,-0.00663,OK
3.3647,3.3578,7.0,0,141.3,7.1,0.1278,147.1,0.2,0.1305,-41.8,-5.5,0.0000,16.1,-20.6,0.0120,13.3,-22.4,0,0.0,0.0,0.0000,-2.68,-0.82,1.76,0.30,1,-0.1078,-1.755,-0.716,24.00,1,141.5,7.0,0.12754,-4.4,-53.2,-0.1236,-0.00643,OK
3.3722,3.3689,3.3,0,141.9,6.6,0.1175,146.7,0.2,0.1305,-30.8,-4.0,0.0000,14.5,-19.3,0.0230,12.0,-21.0,0,0.0,0.0,0.0000,-2.45,-0.72,2.31,0.65,1,-0.0833,-1.432,-0.510,24.00,1,141.8,6.6,0.12478,12.3,-46.5,-0.1132,-0.00629,OK
3.3811,3.3689,12.2,0,141.9,6.6,0.1175,146.7,0.2,0.1305,-30.8,-4.0,0.0000,13.5,-18.9,0.0244,11.0,-20.4,0,0.0,0.0,0.0000,-2.99,-0.92,2.00,1.35,1,-0.0833,-0.755,-0.167,25.00,1,141.9,6.4,0.12444,23.7,-41.9,-0.0797,-0.00627,OK
3.3887,3.3827,6.0,0,142.2,6.3,0.1156,146.4,0.1,0.1305,-18.2,-2.4,0.0000,12.2,-18.4,0.0341,9.9,-19.7,0,0.0,0.0,0.0000,-3.05,-1.12,1.98,1.54,1,-0.1356,-0.706,0.069,25.00,1,142.2,6.2,0.12202,32.6,-30.7,-0.1252,-0.00626,OK
3.3968,3.3946,2.2,0,144.6,4.9,0.1143,146.3,0.1,0.1305,-10.8,-1.4,0.0000,7.1,-15.0,0.0465,5.3,-15.8,0,0.0,0.0,0.0000,-3.62,-1.54,2.59,1.54,1,-0.2044,-0.726,0.069,25.00,1,143.8,5.1,0.11892,85.8,-104.3,-0.2179,-0.00631,OK
3.4045,3.3946,10.0,0,144.6,4.9,0.1143,146.3,0.1,0.1305,-10.8,-1.4,0.0000,4.8,-14.4,0.0648,3.0,-14.8,0,0.0,0.0,0.0000,-3.62,-1.90,2.26,1.49,1,-0.2044,-0.726,0.069,24.00,1,144.0,5.0,0.11855,74.7,-65.6,-0.2015,-0.00628,OK
3.4121,3.4057,6.4,0,145.4,4.8,0.1145,146.2,0.1,0.1305,0.0,0.0,0.0000,2.4,-14.2,0.0641,0.8,-14.4,0,0.0,0.0,0.0000,-3.72,-1.78,2.18,1.58,1,-0.2300,-0.127,0.412,25.00,1,145.1,4.7,0.11626,87.6,-52.4,-0.2190,-0.00631,OK
3.4203,3.4192,1.1,0,146.0,4.6,0.1158,146.2,0.1,0.1305,0.0,0.0,0.0000,0.7,-13.5,0.0589,-0.8,-13.5,0,0.0,0.0,0.0000,-3.88,-2.14,2.57,1.38,1,-0.2233,0.000,0.451,25.00,1,146.2,4.5,0.11371,84.7,-22.7,-0.2058,-0.00625,OK
3.4280,3.4192,8.8,0,146.0,4.6,0.1158,146.2,0.1,0.1305,0.0,0.0,0.0000,0.7,-13.5,0.0589,-0.8,-13.5,0,0.0,0.0,0.0000,-3.80,-1.70,2.31,1.51,1,-0.2233,0.000,0.451,25.00,1,146.2,4.5,0.11352,82.7,-38.0,-0.2118,-0.00630,OK
3.4370,3.4300,7.0,0,146.9,4.8,0.1161,146.2,0.1,0.1305,0.0,0.0,0.0000,-1.9,-14.1,0.0576,-3.5,-13.8,0,0.0,0.0,0.0000,-3.69,-1.81,2.14,1.89,1,-0.2111,-0.422,0.167,25.00,1,147.0,4.7,0.11228,83.5,-10.6,-0.1922,-0.00645,OK
3.4447,3.4405,4.2,0,147.2,4.5,0.1095,146.2,0.1,0.1305,0.0,0.0,0.0000,-2.9,-13.3,0.0841,-4.3,-12.9,0,0.0,0.0,0.0000,-3.95,-1.76,2.59,1.65,1,-0.1433,0.186,0.020,25.00,1,147.5,4.5,0.11040,72.7,-22.2,-0.1539,-0.00631,OK
3.4522,3.4405,11.6,0,147.2,4.5,0.1095,146.2,0.1,0.1305,0.0,0.0,0.0000,-2.9,-13.3,0.0841,-4.3,-12.9,0,0.0,0.0,0.0000,-4.08,-1.51,2.67,1.93,1,-0.0344,0.608,-0.098,24.00,1,147.8,4.5,0.11018,77.7,-22.8,-0.0559,-0.00608,OK
3.4607,3.4542,6.6,0,148.6,4.2,0.1112,146.2,0.1,0.1305,0.0,0.0,0.0000,-7.1,-12.2,0.0773,-8.4,-11.3,0,0.0,0.0,0.0000,-2.50,-0.82,2.50,2.02,1,0.0600,0.216,0.029,25.00,1,148.6,4.2,0.11049,60.6,-23.2,0.0689,-0.00611,OK
3.4681,3.4648,3.3,0,149.1,4.0,0.1095,146.2,0.1,0.1305,0.0,0.0,0.0000,-8.7,-11.7,0.0841,-10.0,-10.7,0,0.0,0.0,0.0000,-1.90,-1.25,2.54,1.99,1,0.0600,0.216,0.029,25.00,1,149.2,4.0,0.11099,57.1,-18.4,0.0681,-0.00618,OK
3.4772,3.4648,12.4,0,149.1,4.0,0.1095,146.2,0.1,0.1305,0.0,0.0,0.0000,-8.7,-11.7,0.0841,-10.0,-10.7,0,0.0,0.0,0.0000,-1.85,-0.63,2.40,1.86,1,0.1156,0.520,-0.000,25.00,1,149.4,4.0,0.11154,51.2,-21.6,0.1247,-0.00621,OK
3.4848,3.4779,6.9,0,150.3,3.7,0.1209,146.2,0.1,0.1305,0.0,0.0,0.0000,-12.2,-10.8,0.0388,-13.4,-9.3,0,0.0,0.0,0.0000,-2.25,0.13,2.79,2.01,1,0.1833,0.981,0.118,25.00,1,150.1,3.7,0.11429,60.1,-40.5,0.1980,-0.00635,OK
3.4931,3.4878,5.2,0,151.7,2.8,0.1168,146.2,0.1,0.1305,0.0,0.0,0.0000,-16.3,-8.0,0.0549,-17.2,-6.0,0,0.0,0.0,0.0000,-1.21,-0.14,2.82,1.97,1,0.2678,0.853,-0.226,24.00,1,151.2,3.0,0.11680,66.1,-57.6,0.2762,-0.00637,OK
3.5015,3.4996,1.9,0,152.2,2.5,0.1230,146.2,0.1,0.1305,0.0,0.0,0.0000,-17.8,-7.3,0.0301,-18.6,-5.1,0,0.0,0.0,0.0000,-1.72,0.28,2.52,1.81,1,0.3444,0.814,-0.118,25.00,1,152.1,2.5,0.12088,67.6,-46.7,0.3326,-0.00606,OK
3.5085,3.5084,0.1,0,152.4,2.2,0.1236,146.2,0.1,0.1305,0.0,0.0,0.0000,-18.6,-6.2,0.0276,-19.2,-3.8,0,0.0,0.0,0.0000,-0.34,-0.24,2.41,1.85,1,0.3444,0.814,-0.118,25.00,1,152.5,2.2,0.12387,47.6,-42.1,0.3382,-0.00597,OK
3.5169,3.5084,8.5,0,152.4,2.2,0.1236,146.2,0.1,0.1305,0.0,0.0,0.0000,-18.6,-6.2,0.0276,-19.2,-3.8,0,0.0,0.0,0.0000,-0.23,0.89,2.16,1.96,1,0.4044,1.040,-0.343,25.00,1,152.5,2.2,0.12430,40.8,-40.4,0.4142,-0.00601,OK
3.5246,3.5084,16.1,0,152.4,2.2,0.1236,146.2,0.1,0.1305,0.0,0.0,0.0000,-18.6,-6.2,0.0276,-19.2,-3.8,0,0.0,0.0,0.0000,0.64,0.85,2.17,1.87,1,0.4444,0.824,-0.255,25.00,1,152.8,1.9,0.12769,30.9,-28.9,0.4674,-0.00616,OK
3.5327,3.5295,3.2,0,153.1,1.9,0.1371,146.2,0.1,0.1305,0.0,0.0,0.0000,-20.5,-5.4,-0.0263,-21.1,-2.6,0,0.0,0.0,0.0000,0.17,1.03,2.31,1.52,1,0.4567,0.677,-0.235,25.00,1,153.1,1.9,0.13426,29.0,-22.8,0.4717,-0.00614,OK
3.5406,3.5295,11.1,0,153.1,1.9,0.1371,146.2,0.1,0.1305,0.0,0.0,0.0000,-20.5,-5.4,-0.0263,-21.1,-2.6,0,0.0,0.0,0.0000,0.55,0.94,1.61,1.14,1,0.4567,0.677,-0.235,25.00,1,153.2,1.8,0.13560,17.3,-17.8,0.4336,-0.00589,OK
3.5488,3.5295,19.3,0,153.1,1.9,0.1371,146.2,0.1,0.1305,0.0,0.0,0.0000,-20.5,-5.4,-0.0263,-21.1,-2.5,0,0.0,0.0,0.0000,0.71,1.14,1.36,1.08,1,0.4389,0.726,-0.196,24.00,1,153.3,1.7,0.13912,11.2,-15.7,0.4258,-0.00574,OK
3.5562,3.5559,0.3,0,153.5,1.6,0.1481,146.2,0.1,0.1305,0.0,0.0,0.0000,-21.7,-4.5,-0.0701,-22.1,-1.3,0,0.0,0.0,0.0000,1.54,1.07,1.02,0.54,1,0.3889,0.520,-0.000,24.00,1,153.4,1.6,0.14585,-1.0,-5.4,0.4246,-0.00576,OK
3.5647,3.5625,2.2,0,153.4,1.6,0.1507,146.2,0.1,0.1305,0.0,0.0,0.0000,-21.5,-4.4,-0.0805,-22.0,-1.2,0,0.0,0.0,0.0000,1.15,1.25,0.64,0.33,1,0.2767,0.294,0.118,25.00,1,153.4,1.6,0.14805,-4.6,-6.9,0.3162,-0.00589,OK
3.5721,3.5707,1.4,0,153.5,1.7,0.1567,146.2,0.1,0.1305,0.0,0.0,0.0000,-21.7,-4.8,-0.1045,-22.2,-1.5,0,0.0,0.0,0.0000,1.10,0.49,0.29,0.02,1,0.2767,0.294,0.118,25.00,1,153.4,1.7,0.15123,0.1,12.8,0.3034,-0.00566,OK
3.5811,3.5707,10.4,0,153.5,1.7,0.1567,146.2,0.1,0.1305,0.0,0.0,0.0000,-21.7,-4.8,-0.1045,-22.2,-1.5,0,0.0,0.0,0.0000,0.47,0.71,0.16,-0.06,1,0.1400,0.098,0.167,25.00,1,153.4,1.7,0.15127,-0.8,-3.0,0.1352,-0.00558,OK
3.5881,3.5826,5.5,0,153.2,1.6,0.1561,146.2,0.1,0.1305,0.0,0.0,0.0000,-21.0,-4.4,-0.1024,-21.4,-1.2,0,0.0,0.0,0.0000,0.55,0.70,-0.33,-0.04,1,0.0100,0.118,0.088,24.00,1,153.3,1.6,0.15269,-9.0,-0.4,0.0500,-0.00585,OK
3.5960,3.5903,5.7,0,153.1,1.5,0.1574,146.2,0.1,0.1305,0.0,0.0,0.0000,-20.6,-4.3,-0.1075,-21.0,-1.1,0,0.0,0.0,0.0000,0.09,0.12,-0.42,-0.84,1,-0.1356,-0.029,-0.127,24.00,1,153.2,1.5,0.15288,-10.8,-6.6,-0.1118,-0.00599,OK
3.6046,3.6013,3.3,0,153.1,1.5,0.1587,146.2,0.1,0.1305,0.0,0.0,0.0000,-20.6,-4.2,-0.1128,-21.0,-1.0,0,0.0,0.0,0.0000,0.31,-0.04,-1.07,-0.81,1,-0.2756,-0.098,0.020,25.00,1,153.1,1.5,0.15210,-14.2,1.9,-0.1769,-0.00651,OK
3.6125,3.6013,11.2,0,153.1,1.5,0.1587,146.2,0.1,0.1305,0.0,0.0,0.0000,-20.6,-4.2,-0.1128,-21.0,-1.1,0,0.0,0.0,0.0000,-0.09,-0.15,-1.33,-1.30,1,-0.2756,-0.098,0.020,25.00,1,153.0,1.5,0.15119,-17.0,-1.4,-0.2676,-0.00652,OK
3.6202,3.6145,5.7,0,152.7,1.4,0.1502,146.2,0.1,0.1305,0.0,0.0,0.0000,-19.3,-3.9,-0.0787,-19.7,-1.0,0,0.0,0.0,0.0000,-0.07,-0.32,-1.69,-1.28,1,-0.3811,-0.049,-0.000,24.00,1,152.7,1.4,0.14838,-22.2,0.4,-0.3449,-0.00679,OK
3.6290,3.6268,2.2,0,152.4,1.3,0.1438,146.2,0.1,0.1305,0.0,0.0,0.0000,-18.5,-3.5,-0.0530,-18.8,-0.8,0,0.0,0.0,0.0000,-0.06,-0.64,-1.31,-1.56,1,-0.4644,-0.177,0.118,24.00,1,152.4,1.3,0.14359,-22.7,-6.8,-0.4068,-0.00724,OK
3.6372,3.6357,1.5,0,152.2,1.4,0.1418,146.2,0.1,0.1305,0.0,0.0,0.0000,-17.9,-3.9,-0.0449,-18.2,-1.4,0,0.0,0.0,0.0000,-0.21,-1.13,-1.91,-1.79,1,-0.5289,-0.088,0.147,25.00,1,152.2,1.4,0.13952,-23.3,11.6,-0.4765,-0.00746,OK
3.6452,3.6357,9.5,0,152.2,1.4,0.1418,146.2,0.1,0.1305,0.0,0.0,0.0000,-17.9,-3.9,-0.0449,-18.2,-1.4,0,0.0,0.0,0.0000,0.17,-0.89,-2.26,-1.97,1,-0.5733,0.000,0.078,25.00,1,152.1,1.4,0.13863,-33.3,10.4,-0.5259,-0.00783,OK
3.6527,3.6523,0.3,0,152.1,1.5,0.1347,146.2,0.1,0.1305,0.0,0.0,0.0000,-17.5,-4.3,-0.0167,-17.9,-1.9,0,0.0,0.0,0.0000,-1.11,-0.96,-2.07,-1.86,1,-0.5733,0.000,0.078,25.00,1,152.0,1.5,0.13115,-7.6,7.9,-0.5133,-0.00784,OK
3.6601,3.6523,7.7,0,152.1,1.5,0.1347,146.2,0.1,0.1305,0.0,0.0,0.0000,-17.5,-4.3,-0.0167,-17.9,-1.9,0,0.0,0.0,0.0000,-0.85,-0.94,-2.14,-2.04,1,-0.5833,-0.098,0.245,25.00,1,152.0,1.5,0.13097,-16.4,3.8,-0.5683,-0.00784,OK
3.6686,3.6633,5.3,0,152.0,1.4,0.1301,146.2,0.1,0.1305,0.0,0.0,0.0000,-17.4,-4.1,0.0017,-17.7,-1.8,0,0.0,0.0,0.0000,-1.37,-1.45,-2.03,-2.08,1,-0.5589,-0.147,0.177,24.00,1,152.0,1.5,0.12558,-4.2,0.2,-0.5790,-0.00755,OK
3.6765,3.6633,13.1,0,152.0,1.4,0.1301,146.2,0.1,0.1305,0.0,0.0,0.0000,-17.4,-4.1,0.0017,-17.7,-1.9,0,0.0,0.0,0.0000,-0.65,-0.91,-2.19,-2.04,1,-0.5011,-0.020,0.186,25.00,1,151.9,1.5,0.12288,-16.9,4.2,-0.5109,-0.00741,OK
3.6843,3.6769,7.4,0,151.8,1.6,0.1208,146.2,0.1,0.1305,0.0,0.0,0.0000,-16.6,-4.5,0.0389,-17.1,-2.4,0,0.0,0.0,0.0000,-0.37,-0.94,-2.10,-1.88,1,-0.5011,-0.020,0.186,25.00,1,151.8,1.6,0.11905,-16.8,10.7,-0.4920,-0.00744,OK
3.6930,3.6866,6.4,0,151.6,2.3,0.1184,146.2,0.1,0.1305,0.0,0.0,0.0000,-16.1,-6.7,0.0486,-16.8,-4.8,0,0.0,0.0,0.0000,-0.03,-0.72,-1.92,-1.40,1,-0.4178,-0.186,0.167,25.00,1,151.6,2.2,0.11546,-13.3,38.6,-0.3930,-0.00759,OK
3.7010,3.6953,5.7,0,150.9,2.3,0.1071,146.2,0.1,0.1305,0.0,0.0,0.0000,-14.0,-6.8,0.0938,-14.7,-5.1,0,0.0,0.0,0.0000,-0.04,-0.24,-1.34,-1.40,1,-0.3067,-0.382,0.353,24.00,1,151.2,2.4,0.11171,-23.5,23.2,-0.3013,-0.00759,OK
3.7085,3.7034,5.2,0,150.6,2.7,0.1005,146.2,0.1,0.1305,0.0,0.0,0.0000,-13.1,-7.7,0.1200,-13.9,-6.3,0,0.0,0.0,0.0000,-0.04,-0.10,-1.39,-1.71,1,-0.2100,-0.147,0.226,24.00,1,150.8,2.6,0.10824,-31.8,28.2,-0.2562,-0.00723,OK
3.7165,3.7112,5.3,0,149.8,3.3,0.1032,146.2,0.1,0.1305,0.0,0.0,0.0000,-10.7,-9.6,0.1095,-11.7,-8.4,0,0.0,0.0,0.0000,0.66,0.15,-1.08,-1.13,1,-0.1256,-0.353,0.186,24.00,1,150.2,3.1,0.10653,-42.7,53.5,-0.1275,-0.00719,OK
3.7246,3.7170,7.6,0,150.3,3.0,0.0979,146.2,0.1,0.1305,0.0,0.0,0.0000,-12.1,-8.6,0.1308,-13.0,-7.3,0,0.0,0.0,0.0000,0.02,0.04,-1.02,-0.57,1,-0.1256,-0.353,0.186,25.00,1,150.1,3.1,0.10463,-24.5,30.4,-0.1249,-0.00708,OK
3.7324,3.7321,0.3,0,149.2,3.2,0.0969,146.2,0.1,0.1305,0.0,0.0,0.0000,-8.8,-9.4,0.1346,-9.7,-8.5,0,0.0,0.0,0.0000,0.43,0.68,-0.76,-0.56,1,-0.0133,-0.588,0.235,25.00,1,149.3,3.3,0.10264,-48.6,8.7,-0.1019,-0.00700,OK
3.7402,3.7321,8.1,0,149.2,3.2,0.0969,146.2,0.1,0.1305,0.0,0.0,0.0000,-8.8,-9.4,0.1346,-9.7,-8.5,0,0.0,0.0,0.0000,1.01,0.31,-0.56,-0.34,1,0.1078,-0.206,0.206,25.00,1,149.4,3.3,0.10328,-38.5,24.9,0.0934,-0.00683,OK
3.7489,3.7321,16.8,0,149.2,3.2,0.0969,146.2,0.1,0.1305,0.0,0.0,0.0000,-8.8,-9.4,0.1346,-9.7,-8.4,0,0.0,0.0,0.0000,0.61,1.02,0.04,0.24,1,0.2311,-0.294,0.147,25.00,1,149.0,3.4,0.10462,-28.9,12.1,0.2175,-0.00666,OK
3.7565,3.7406,15.9,0,149.4,3.4,0.0990,146.2,0.1,0.1305,0.0,0.0,0.0000,-9.3,-10.0,0.1260,-10.3,-9.0,0,0.0,0.0,0.0000,0.92,0.78,0.20,0.14,1,0.2311,-0.294,0.147,25.00,1,149.1,3.5,0.10476,-22.8,13.9,0.2234,-0.00646,OK
3.7652,3.7406,24.7,0,149.4,3.4,0.0990,146.2,0.1,0.1305,0.0,0.0,0.0000,-9.3,-10.0,0.1260,-10.4,-8.9,0,0.0,0.0,0.0000,0.96,1.15,0.31,0.40,1,0.3156,-0.579,0.441,25.00,1,148.9,3.6,0.10707,-22.1,11.5,0.3033,-0.00630,OK
3.7732,3.7406,32.6,0,149.4,3.4,0.0990,146.2,0.1,0.1305,0.0,0.0,0.0000,-9.3,-10.0,0.1260,-10.4,-8.9,0,0.0,0.0,0.0000,0.75,1.04,0.81,0.90,1,0.3600,-0.353,0.304,25.00,1,148.7,3.7,0.10966,-9.8,9.0,0.3539,-0.00620,OK
3.7810,3.7406,40.4,0,149.4,3.4,0.0990,146.2,0.1,0.1305,0.0,0.0,0.0000,-9.3,-10.0,0.1260,-10.4,-8.9,0,0.0,0.0,0.0000,1.46,1.09,0.93,0.93,1,0.3967,-0.314,0.304,25.00,1,148.6,3.7,0.11266,-14.9,13.8,0.4114,-0.00628,OK
3.7889,3.7406,48.4,0,149.4,3.4,0.0990,146.2,0.1,0.1305,0.0,0.0,0.0000,-9.3,-10.0,0.1260,-10.4,-8.9,0,0.0,0.0,0.0000,1.66,1.08,0.60,0.70,1,0.4189,-0.314,0.226,25.00,1,148.5,3.9,0.11595,-21.1,17.0,0.4154,-0.00619,OK
3.7968,3.7406,56.2,0,149.4,3.4,0.0990,146.2,0.1,0.1305,0.0,0.0,0.0000,-9.3,-10.0,0.1260,-10.5,-8.8,0,0.0,0.0,0.0000,1.48,1.19,0.96,0.97,1,0.4189,-0.314,0.226,25.00,1,148.3,3.9,0.11927,-14.2,11.8,0.4323,-0.00625,OK
3.8051,3.7406,64.5,0,149.4,3.4,0.0990,146.2,0.1,0.1305,0.0,0.0,0.0000,-9.3,-10.0,0.1260,-10.5,-8.8,0,0.0,0.0,0.0000,1.00,1.34,1.54,0.93,1,0.4333,-0.284,0.186,26.00,1,148.2,4.0,0.12290,-6.3,-1.9,0.4422,-0.00627,OK
3.8125,3.7406,71.9,0,149.4,3.4,0.0990,146.2,0.1,0.1305,0.0,0.0,0.0000,-9.3,-10.0,0.1260,-10.5,-8.7,0,0.0,0.0,0.0000,1.50,1.37,1.19,0.87,1,0.4433,-0.167,0.069,25.00,1,148.2,4.0,0.12624,-14.1,5.5,0.4566,-0.00633,OK
3.8200,3.7406,79.5,0,149.4,3.4,0.0990,146.2,0.1,0.1305,0.0,0.0,0.0000,-9.3,-10.0,0.1260,-10.6,-8.7,0,0.0,0.0,0.0000,1.27,1.53,1.49,1.16,1,0.4356,-0.157,0.118,24.00,1,148.1,4.0,0.12971,-7.6,0.4,0.4669,-0.00653,OK
3.8288,3.7406,88.2,0,149.4,3.4,0.0990,146.2,0.1,0.1305,0.0,0.0,0.0000,-9.3,-10.0,0.1260,-10.6,-8.7,0,0.0,0.0,0.0000,1.61,1.53,1.62,1.08,1,0.4356,-0.157,0.118,25.00,1,148.0,4.0,0.13385,-10.0,0.9,0.4790,-0.00681,OK
3.8367,3.7995,37.2,0,148.7,2.1,0.1306,146.2,0.1,0.1305,0.0,0.0,0.0000,-7.3,-6.0,-0.0004,-8.0,-4.9,0,0.0,0.0,0.0000,1.02,1.09,1.37,0.85,1,0.4033,-0.255,0.157,25.00,1,148.5,1.3,0.13992,-2.7,-24.6,0.4078,-0.00688,OK
3.8449,3.7995,45.4,0,148.7,2.1,0.1306,146.2,0.1,0.1305,0.0,0.0,0.0000,-7.3,-6.0,-0.0004,-8.1,-4.9,0,0.0,0.0,0.0000,0.87,1.09,1.05,0.67,1,0.3378,-0.157,0.186,26.00,1,148.5,1.1,0.14300,-5.2,-23.4,0.3441,-0.00687,OK
3.8526,3.7995,53.1,0,148.7,2.1,0.1306,146.2,0.1,0.1305,0.0,0.0,0.0000,-7.3,-6.0,-0.0004,-8.1,-4.9,0,0.0,0.0,0.0000,0.94,1.27,1.53,0.75,1,0.2633,-0.098,0.196,25.00,1,148.5,0.9,0.14555,-2.6,-28.5,0.3226,-0.00722,OK
3.8608,3.7995,61.3,0,148.7,2.1,0.1306,146.2,0.1,0.1305,0.0,0.0,0.0000,-7.3,-6.0,-0.0004,-8.1,-4.9,0,0.0,0.0,0.0000,0.29,0.74,0.64,0.38,1,0.2633,-0.098,0.196,24.00,1,148.5,0.7,0.14787,-2.5,-21.6,0.2391,-0.00698,OK
3.8683,3.7995,68.8,0,148.7,2.1,0.1306,146.2,0.1,0.1305,0.0,0.0,0.0000,-7.3,-6.0,-0.0004,-8.1,-4.9,0,0.0,0.0,0.0000,0.38,0.43,0.43,0.37,1,0.1733,-0.088,0.167,24.00,1,148.5,0.6,0.14939,-2.4,-14.8,0.1698,-0.00690,OK
3.8771,3.7995,77.6,0,148.7,2.1,0.1306,146.2,0.1,0.1305,0.0,0.0,0.0000,-7.3,-6.0,-0.0004,-8.1,-4.9,0,0.0,0.0,0.0000,-0.12,0.56,0.25,0.23,1,0.0844,-0.010,0.177,25.00,1,148.6,0.4,0.15051,-1.2,-20.1,0.0866,-0.00687,OK
3.8843,3.7995,84.8,0,148.7,2.1,0.1306,146.2,0.1,0.1305,0.0,0.0,0.0000,-7.3,-6.0,-0.0004,-8.1,-4.9,0,0.0,0.0,0.0000,0.16,0.40,0.43,0.07,1,-0.0056,-0.049,-0.020,25.00,1,148.6,0.3,0.15097,-2.4,-19.2,0.0366,-0.00714,OK
3.8927,3.7995,93.2,0,148.7,2.1,0.1306,146.2,0.1,0.1305,0.0,0.0,0.0000,-7.3,-6.0,-0.0004,-8.1,-4.9,0,0.0,0.0,0.0000,-0.56,-0.01,0.22,-0.08,1,-0.1056,-0.157,-0.137,25.00,1,148.6,0.1,0.15079,4.9,-20.9,-0.0806,-0.00727,OK
3.9001,3.7995,100.6,0,148.7,2.1,0.1306,146.2,0.1,0.1305,0.0,0.0,0.0000,-7.3,-6.0,-0.0004,-8.1,-4.9,0,0.0,0.0,0.0000,-0.34,-0.14,-0.04,-0.15,1,-0.1056,-0.157,-0.137,25.00,1,148.6,-0.0,0.15018,1.2,-14.1,-0.0866,-0.00737,OK
3.9085,3.7995,109.0,0,148.7,2.1,0.1306,146.2,0.1,0.1305,0.0,0.0,0.0000,-7.3,-6.0,-0.0004,-8.1,-4.9,0,0.0,0.0,0.0000,-0.18,-0.10,-0.25,-0.58,1,-0.1833,0.000,-0.098,25.00,1,148.6,-0.1,0.14922,-6.3,-14.6,-0.1501,-0.00757,OK
3.9162,3.7995,116.7,0,148.7,2.1,0.1306,146.2,0.1,0.1305,0.0,0.0,0.0000,-7.3,-6.0,-0.0004,-8.1,-4.9,0,0.0,0.0,0.0000,-0.46,-0.83,-0.83,-0.60,1,-0.2289,-0.069,-0.078,25.00,1,148.6,-0.2,0.14772,-2.4,-2.5,-0.2321,-0.00748,OK
3.9250,3.7995,125.5,0,148.7,2.1,0.1306,146.2,0.1,0.1305,0.0,0.0,0.0000,-7.3,-6.0,-0.0004,-8.1,-4.9,0,0.0,0.0,0.0000,-0.29,-0.52,-0.74,-0.45,1,-0.2422,-0.167,0.098,25.00,1,148.6,-0.2,0.14579,-4.2,-3.3,-0.2145,-0.00765,OK
3.9322,3.7995,132.7,0,148.7,2.1,0.1306,146.2,0.1,0.1305,0.0,0.0,0.0000,-7.3,-6.0,-0.0004,-8.1,-4.9,0,0.0,0.0,0.0000,-0.48,-0.63,-0.48,-0.62,1,-0.2422,-0.167,0.098,25.00,1,148.6,-0.3,0.14422,-1.0,-8.0,-0.2251,-0.00773,OK
3.9404,3.9010,39.4,0,149.6,1.0,0.1509,146.2,0.1,0.1305,0.0,0.0,0.0000,-10.0,-2.8,-0.0815,-10.3,-1.4,0,0.0,0.0,0.0000,-0.80,-0.57,-0.73,-1.03,1,-0.2311,-0.010,0.157,24.00,1,149.7,1.1,0.14311,3.2,-4.6,-0.2542,-0.00752,OK
3.9486,3.9010,47.6,0,149.6,1.0,0.1509,146.2,0.1,0.1305,0.0,0.0,0.0000,-10.0,-2.8,-0.0815,-10.3,-1.4,0,0.0,0.0,0.0000,-0.42,-0.71,-0.54,-0.52,1,-0.1989,-0.069,0.147,24.00,1,149.8,1.1,0.14126,6.6,3.4,-0.1966,-0.00748,OK
3.9561,3.9517,4.5,0,149.5,1.5,0.1450,146.2,0.1,0.1305,0.0,0.0,0.0000,-9.7,-4.2,-0.0577,-10.2,-2.8,0,0.0,0.0,0.0000,-0.23,-0.15,-0.63,-0.07,1,-0.1456,-0.127,0.245,25.00,1,149.5,1.5,0.14121,-1.2,12.2,-0.1075,-0.00769,OK
3.9645,3.9611,3.4,0,149.5,1.8,0.1461,146.2,0.1,0.1305,0.0,0.0,0.0000,-9.8,-5.0,-0.0622,-10.4,-3.6,0,0.0,0.0,0.0000,-0.32,-0.16,-0.43,-0.07,1,-0.0911,-0.088,0.226,25.00,1,149.5,1.7,0.14179,2.7,19.7,-0.0605,-0.00773,OK
3.9727,3.9693,3.3,0,149.3,1.7,0.1415,146.2,0.1,0.1305,0.0,0.0,0.0000,-9.3,-4.8,-0.0438,-9.9,-3.5,0,0.0,0.0,0.0000,0.13,-0.32,-0.54,-0.09,1,-0.0911,-0.088,0.226,25.00,1,149.4,1.8,0.14123,-6.8,9.4,-0.0747,-0.00779,OK
3.9805,3.9772,3.3,0,149.4,1.6,0.1397,146.2,0.1,0.1305,0.0,0.0,0.0000,-9.4,-4.5,-0.0366,-9.9,-3.1,0,0.0,0.0,0.0000,0.28,-0.33,-0.30,-0.19,1,-0.0411,-0.147,0.255,24.00,1,149.3,1.7,0.14071,-7.2,-5.2,-0.0430,-0.00776,OK
3.9891,3.9855,3.6,0,149.0,1.8,0.1386,146.2,0.1,0.1305,0.0,0.0,0.0000,-8.4,-5.1,-0.0322,-9.0,-3.9,0,0.0,0.0,0.0000,0.16,-0.11,0.02,-0.18,1,0.0022,-0.186,0.186,25.00,1,149.2,1.8,0.14034,-9.8,8.6,-0.0080,-0.00768,OK
3.9971,3.9940,3.1,0,149.2,1.8,0.1439,146.2,0.1,0.1305,0.0,0.0,0.0000,-8.7,-5.0,-0.0533,-9.4,-3.8,0,0.0,0.0,0.0000,0.68,0.65,0.05,-0.17,1,0.0311,-0.186,0.216,25.00,1,149.1,1.8,0.14147,-14.5,2.5,0.0855,-0.00793,OK
4.0045,3.9940,10.5,0,149.2,1.8,0.1439,146.2,0.1,0.1305,0.0,0.0,0.0000,-8.7,-5.0,-0.0533,-9.4,-3.8,0,0.0,0.0,0.0000,0.21,-0.14,0.21,0.05,1,0.0411,-0.275,0.177,27.00,1,149.1,1.8,0.14153,-2.1,5.3,0.0428,-0.00788,OK
4.0128,4.0025,10.3,0,149.0,1.8,0.1443,146.2,0.1,0.1305,0.0,0.0,0.0000,-8.1,-5.0,-0.0552,-8.8,-3.8,0,0.0,0.0,0.0000,0.21,0.06,0.11,0.06,1,0.0411,-0.275,0.177,24.00,1,149.0,1.8,0.14265,-6.9,2.9,0.0468,-0.00790,OK
4.0208,4.0121,8.7,0,149.3,1.5,0.1412,146.2,0.1,0.1305,0.0,0.0,0.0000,-9.2,-4.2,-0.0426,-9.7,-2.9,0,0.0,0.0,0.0000,0.24,0.32,0.11,0.08,1,0.0389,-0.196,0.216,25.00,1,149.2,1.6,0.14258,-1.3,-12.1,0.0560,-0.00795,OK
4.0287,4.0193,9.4,0,149.3,1.5,0.1438,146.2,0.1,0.1305,0.0,0.0,0.0000,-9.3,-4.3,-0.0531,-9.8,-2.9,0,0.0,0.0,0.0000,0.04,0.24,0.21,0.18,1,0.0311,-0.186,0.177,25.00,1,149.3,1.5,0.14321,6.5,-11.2,0.0475,-0.00802,OK
4.0368,4.0277,9.1,0,149.4,1.8,0.1472,146.2,0.1,0.1305,0.0,0.0,0.0000,-9.4,-5.1,-0.0665,-10.1,-3.7,0,0.0,0.0,0.0000,0.20,-0.10,0.03,0.15,1,0.0211,-0.226,0.137,26.00,1,149.4,1.7,0.14441,9.1,11.5,0.0307,-0.00807,OK
4.0450,4.0362,8.8,0,149.6,1.3,0.1412,146.2,0.1,0.1305,0.0,0.0,0.0000,-10.1,-3.6,-0.0426,-10.5,-2.1,0,0.0,0.0,0.0000,0.00,-0.13,-0.07,0.08,1,0.0211,-0.226,0.137,25.00,1,149.5,1.4,0.14379,9.6,-13.6,0.0146,-0.00792,OK
4.0527,4.0446,8.1,0,149.3,1.7,0.1477,146.2,0.1,0.1305,0.0,0.0,0.0000,-9.1,-4.8,-0.0687,-9.7,-3.5,0,0.0,0.0,0.0000,-0.09,0.58,0.11,0.02,1,0.0033,0.000,0.157,25.00,1,149.4,1.6,0.14474,-0.0,-0.0,0.0029,-0.00789,OK
4.0611,4.0531,8.0,0,149.3,1.8,0.1479,146.2,0.1,0.1305,0.0,0.0,0.0000,-9.3,-5.1,-0.0694,-10.0,-3.7,0,0.0,0.0,0.0000,-0.19,0.37,0.17,0.24,1,-0.0111,-0.108,0.069,25.00,1,149.4,1.7,0.14517,0.0,0.0,0.0019,-0.00794,OK
4.0684,4.0615,6.9,0,149.4,1.5,0.1481,146.2,0.1,0.1305,0.0,0.0,0.0000,-9.6,-4.2,-0.0703,-10.1,-2.8,0,0.0,0.0,0.0000,0.04,-0.02,-0.07,-0.12,1,-0.0300,-0.059,0.118,25.00,1,149.4,1.6,0.14557,-0.1,-0.7,-0.0010,-0.00810,OK
4.0764,4.0700,6.4,0,149.0,1.7,0.1442,146.2,0.1,0.1305,0.0,0.0,0.0000,-8.4,-4.7,-0.0547,-9.0,-3.5,0,0.0,0.0,0.0000,-0.05,0.00,-0.10,-0.19,1,-0.0456,-0.010,0.127,25.00,1,149.3,1.6,0.14535,-0.6,0.6,-0.0050,-0.00834,OK
4.0851,4.0784,6.7,0,149.4,1.8,0.1509,146.2,0.1,0.1305,0.0,0.0,0.0000,-9.5,-5.1,-0.0812,-10.1,-3.6,0,0.0,0.0,0.0000,-0.29,-0.44,-0.10,-0.03,1,-0.0456,-0.010,0.127,24.00,1,149.3,1.7,0.14617,0.2,0.7,-0.0029,-0.00859,OK
4.0925,4.0869,5.6,0,149.5,1.2,0.1446,146.2,0.1,0.1305,0.0,0.0,0.0000,-9.9,-3.4,-0.0561,-10.3,-2.0,0,0.0,0.0,0.0000,0.48,-0.11,-0.36,-0.37,1,-0.0500,-0.118,0.147,25.00,1,149.4,1.5,0.14590,-0.3,-8.3,-0.0065,-0.00886,OK
4.1002,4.0953,4.9,0,149.2,1.7,0.1451,146.2,0.1,0.1305,0.0,0.0,0.0000,-8.8,-4.8,-0.0583,-9.4,-3.5,0,0.0,0.0,0.0000,0.07,-0.55,-0.31,-0.22,1,-0.0489,-0.069,0.167,25.00,1,149.3,1.6,0.14573,-0.6,6.6,-0.0083,-0.00910,OK
4.1090,4.1037,5.3,0,148.9,1.5,0.1423,146.2,0.1,0.1305,0.0,0.0,0.0000,-8.0,-4.3,-0.0469,-8.6,-3.1,0,0.0,0.0,0.0000,-0.19,0.09,-0.21,-0.09,1,-0.0478,-0.108,0.186,25.00,1,149.2,1.6,0.14513,-2.6,-1.1,-0.0122,-0.00934,OK
4.1169,4.1122,4.7,0,149.0,1.8,0.1461,146.2,0.1,0.1305,0.0,0.0,0.0000,-8.3,-5.2,-0.0623,-8.9,-4.0,0,0.0,0.0,0.0000,-0.09,0.01,-0.21,-0.14,1,-0.0478,-0.108,0.186,24.00,1,149.2,1.7,0.14526,-0.5,9.4,-0.0008,-0.00958,OK
4.1249,4.1207,4.2,0,149.5,1.2,0.1429,146.2,0.1,0.1305,0.0,0.0,0.0000,-9.7,-3.4,-0.0495,-10.1,-2.0,0,0.0,0.0,0.0000,-0.50,0.00,0.16,-0.31,1,-0.0444,-0.127,0.196,25.00,1,149.2,1.5,0.14482,0.9,-20.3,-0.0160,-0.00978,OK
4.1328,4.1207,12.1,0,149.5,1.2,0.1429,146.2,0.1,0.1305,0.0,0.0,0.0000,-9.7,-3.4,-0.0495,-10.1,-2.0,0,0.0,0.0,0.0000,-0.77,0.26,0.00,-0.15,1,-0.0422,-0.059,0.167,25.00,1,149.2,1.4,0.14463,1.0,-4.7,-0.0498,-0.00966,OK
4.1402,4.1376,2.5,0,149.0,1.5,0.1425,146.2,0.1,0.1305,0.0,0.0,0.0000,-8.3,-4.2,-0.0479,-8.8,-3.0,0,0.0,0.0,0.0000,0.33,-0.14,-0.19,-0.13,1,-0.0389,-0.098,0.137,25.00,1,149.1,1.5,0.14391,-13.0,11.0,-0.0359,-0.00972,OK
4.1483,4.1461,2.3,0,148.9,1.8,0.1406,146.2,0.1,0.1305,0.0,0.0,0.0000,-8.0,-5.1,-0.0401,-8.7,-3.9,0,0.0,0.0,0.0000,-0.13,-0.08,-0.18,-0.10,1,-0.0389,-0.098,0.137,25.00,1,149.0,1.7,0.14298,-6.8,27.4,-0.0673,-0.00966,OK
4.1569,4.1461,10.9,0,148.9,1.8,0.1406,146.2,0.1,0.1305,0.0,0.0,0.0000,-8.0,-5.1,-0.0401,-8.7,-3.9,0,0.0,0.0,0.0000,0.30,0.09,0.03,-0.01,1,-0.0433,-0.098,0.265,24.00,1,148.9,1.8,0.14303,-8.6,15.2,-0.0052,-0.00987,OK
4.1650,4.1545,10.5,0,148.9,1.7,0.1416,146.2,0.1,0.1305,0.0,0.0,0.0000,-7.9,-4.7,-0.0441,-8.5,-3.5,0,0.0,0.0,0.0000,0.10,0.45,-0.48,0.04,1,-0.0467,-0.078,0.157,25.00,1,148.8,1.7,0.14249,-13.9,6.7,-0.0164,-0.01000,OK
4.1725,4.1545,18.0,0,148.9,1.7,0.1416,146.2,0.1,0.1305,0.0,0.0,0.0000,-7.9,-4.7,-0.0441,-8.5,-3.5,0,0.0,0.0,0.0000,-0.20,-0.37,-0.05,-0.38,1,-0.0589,-0.127,0.255,26.00,1,148.8,1.7,0.14240,-0.0,0.0,-0.0075,-0.01029,OK
4.1801,4.1545,25.6,0,148.9,1.7,0.1416,146.2,0.1,0.1305,0.0,0.0,0.0000,-7.9,-4.7,-0.0441,-8.5,-3.5,0,0.0,0.0,0.0000,-0.11,-0.34,-0.84,-0.54,1,-0.0667,-0.059,0.137,25.00,1,148.8,1.7,0.14199,-8.5,6.8,-0.1001,-0.00998,OK
4.1885,4.1545,34.0,0,148.9,1.7,0.1416,146.2,0.1,0.1305,0.0,0.0,0.0000,-7.9,-4.7,-0.0441,-8.5,-3.5,0,0.0,0.0,0.0000,0.66,0.08,0.04,-0.54,1,-0.0667,-0.059,0.137,24.00,1,148.7,1.7,0.14147,-11.9,-0.3,-0.0268,-0.01019,OK
4.1973,4.1545,42.8,0,148.9,1.7,0.1416,146.2,0.1,0.1305,0.0,0.0,0.0000,-7.9,-4.7,-0.0441,-8.5,-3.5,0,0.0,0.0,0.0000,0.02,-0.01,-0.19,-0.75,1,-0.0633,-0.029,0.226,24.00,1,148.6,1.7,0.14104,-9.2,-4.6,-0.0696,-0.01008,OK
