t_s,tv_s,vision_age_ms,held,pose_x_mm,pose_y_mm,pose_theta_rad,ref_x_mm,ref_y_mm,ref_theta_rad,ref_vx_mm_s,ref_vy_mm_s,ref_omega_rad_s,cmd_world_vx_mm_s,cmd_world_vy_mm_s,cmd_omega_rad_s,cmd_body_vx_mm_s,cmd_body_vy_mm_s,near_goal,pred_x_mm,pred_y_mm,pred_theta_rad,wheel_fl_rad_s,wheel_bl_rad_s,wheel_br_rad_s,wheel_fr_rad_s,imu_valid,imu_yaw_rate_rad_s,imu_accel_x_m_s2,imu_accel_y_m_s2,battery_v,est_valid,est_x_mm,est_y_mm,est_theta_rad,est_vx_mm_s,est_vy_mm_s,est_omega_rad_s,est_gyro_bias_rad_s,est_health
-0.2977,-0.3046,6.9,0,144.5,-4.0,0.1366,144.5,-4.0,0.1366,0.0,0.0,0.0000,0.0,0.0,0.0000,0.0,0.0,0,0.0,0.0,0.0000,-0.60,-0.04,-0.05,0.30,1,-0.0067,-0.118,0.147,26.00,1,144.5,-4.0,0.13658,0.0,0.0,-0.0067,-0.00000,OK
-0.2895,-0.3046,15.1,0,144.5,-4.0,0.1366,144.5,-4.0,0.1366,0.0,0.0,0.0000,0.0,0.0,0.0000,0.0,0.0,0,0.0,0.0,0.0000,-0.18,0.14,-0.31,0.06,1,-0.0067,-0.098,0.147,25.00,1,144.5,-4.0,0.13640,-1.3,0.6,-0.0231,0.01444,OK
-0.2812,-0.3046,23.4,0,144.5,-4.0,0.1366,144.5,-4.0,0.1366,0.0,0.0,0.0000,0.0,0.0,0.0000,0.0,0.0,0,0.0,0.0,0.0000,0.11,0.12,0.34,0.14,1,-0.0067,-0.088,0.147,25.00,1,144.5,-4.0,0.13678,2.4,-3.0,0.0353,-0.02216,OK
-0.2740,-0.3046,30.6,0,144.5,-4.0,0.1366,144.5,-4.0,0.1366,0.0,0.0,0.0000,0.0,0.0,0.0000,0.0,0.0,0,0.0,0.0,0.0000,-0.21,-0.17,-0.21,-0.10,1,-0.0067,-0.088,0.147,25.00,1,144.5,-4.0,0.13646,0.9,1.2,-0.0313,0.00199,OK
-0.2657,-0.3046,38.9,0,144.5,-4.0,0.1366,144.5,-4.0,0.1366,0.0,0.0,0.0000,0.0,0.0,0.0000,0.0,0.0,0,0.0,0.0,0.0000,-0.24,-0.21,0.23,-0.09,1,-0.0078,-0.098,0.137,25.00,1,144.6,-4.0,0.13612,5.5,-4.0,-0.0241,0.00805,OK
-0.2572,-0.3046,47.4,0,144.5,-4.0,0.1366,144.5,-4.0,0.1366,0.0,0.0,0.0000,0.0,0.0,0.0000,0.0,0.0,0,0.0,0.0,0.0000,0.04,-0.19,0.43,0.27,1,-0.0067,-0.108,0.137,25.00,1,144.3,-4.0,0.13617,0.0,-0.0,0.0017,0.00209,OK
-0.2495,-0.3046,55.1,0,144.5,-4.0,0.1366,144.5,-4.0,0.1366,0.0,0.0,0.0000,0.0,0.0,0.0000,0.0,0.0,0,0.0,0.0,0.0000,1.12,0.29,0.13,-0.09,1,-0.0067,-0.098,0.137,25.00,1,144.2,-4.0,0.13686,-18.8,5.2,0.0675,-0.01582,OK
-0.2409,-0.3046,63.8,0,144.5,-4.0,0.1366,144.5,-4.0,0.1366,0.0,0.0,0.0000,0.0,0.0,0.0000,0.0,0.0,0,0.0,0.0,0.0000,0.18,-0.11,0.08,-0.18,1,-0.0078,-0.118,0.137,25.00,1,144.1,-4.0,0.13713,-8.0,0.6,0.0034,-0.01462,OK
-0.2331,-0.3046,71.5,0,144.5,-4.0,0.1366,144.5,-4.0,0.1366,0.0,0.0,0.0000,0.0,0.0,0.0000,0.0,0.0,0,0.0,0.0,0.0000,-0.39,0.13,0.02,0.07,1,-0.0078,-0.118,0.137,25.00,1,144.1,-4.0,0.13702,-2.3,-4.7,-0.0065,-0.01160,OK
-0.2256,-0.3046,79.1,0,144.5,-4.0,0.1366,144.5,-4.0,0.1366,0.0,0.0,0.0000,0.0,0.0,0.0000,0.0,0.0,0,0.0,0.0,0.0000,-0.56,-0.08,0.00,0.15,1,-0.0056,-0.088,0.108,25.00,1,144.1,-4.0,0.13671,2.0,-3.0,-0.0199,-0.00620,OK
-0.2180,-0.3046,86.6,0,144.5,-4.0,0.1366,144.5,-4.0,0.1366,0.0,0.0,0.0000,0.0,0.0,0.0000,0.0,0.0,0,0.0,0.0,0.0000,-0.36,-0.14,-0.46,0.07,1,-0.0011,-0.088,0.118,25.00,1,144.1,-4.0,0.13620,-3.4,4.0,-0.0327,0.00109,OK
-0.2093,-0.3046,95.3,0,144.5,-4.0,0.1366,144.5,-4.0,0.1366,0.0,0.0,0.0000,0.0,0.0,0.0000,0.0,0.0,0,0.0,0.0,0.0000,-0.11,-0.21,-0.25,0.21,1,0.0011,-0.137,0.147,25.00,1,144.1,-4.1,0.13604,-0.0,0.0,-0.0012,0.00129,OK
-0.2004,-0.2008,0.4,0,144.1,-3.2,0.1456,144.5,-4.0,0.1366,0.0,0.0,0.0000,1.3,-2.1,-0.0362,1.0,-2.3,0,0.0,0.0,0.0000,0.42,0.30,0.12,-0.22,1,0.0011,-0.137,0.147,24.00,1,144.1,-3.2,0.14194,1.1,9.0,0.0891,-0.00035,OK
-0.1939,-0.2008,6.8,0,144.1,-3.2,0.1456,144.5,-4.0,0.1366,0.0,0.0,0.0000,1.3,-2.1,-0.0362,1.0,-2.3,0,0.0,0.0,0.0000,0.04,0.28,0.00,0.00,1,0.0022,-0.098,0.177,25.00,1,144.1,-3.2,0.14170,4.3,1.1,0.0312,-0.00034,OK
-0.1856,-0.2008,15.2,0,144.1,-3.2,0.1456,144.5,-4.0,0.1366,0.0,0.0,0.0000,1.3,-2.1,-0.0362,1.0,-2.3,0,0.0,0.0,0.0000,0.16,-0.02,-0.11,-0.31,1,-0.0044,-0.196,0.108,24.00,1,144.1,-3.2,0.14180,0.0,0.0,-0.0013,-0.00072,OK
-0.1775,-0.2008,23.3,0,144.1,-3.2,0.1456,144.5,-4.0,0.1366,0.0,0.0,0.0000,1.3,-2.1,-0.0362,1.0,-2.3,0,0.0,0.0,0.0000,-0.20,-0.11,-0.18,-0.24,1,-0.0078,-0.069,0.147,25.00,1,144.1,-3.2,0.14178,0.0,-0.0,-0.0035,-0.00114,OK
-0.1692,-0.2008,31.5,0,144.1,-3.2,0.1456,144.5,-4.0,0.1366,0.0,0.0,0.0000,1.3,-2.1,-0.0362,1.0,-2.3,0,0.0,0.0,0.0000,-0.09,0.11,0.24,0.13,1,-0.0056,-0.137,0.059,25.00,1,144.1,-3.2,0.14179,0.0,-0.0,0.0012,-0.00174,OK
-0.1615,-0.2008,39.3,0,144.1,-3.2,0.1456,144.5,-4.0,0.1366,0.0,0.0,0.0000,1.3,-2.1,-0.0362,1.0,-2.3,0,0.0,0.0,0.0000,0.14,-0.11,-0.31,0.25,1,-0.0056,-0.137,0.059,26.00,1,144.1,-3.2,0.14180,-0.0,0.0,0.0001,-0.00213,OK
-0.1531,-0.2008,47.7,0,144.1,-3.2,0.1456,144.5,-4.0,0.1366,0.0,0.0,0.0000,1.3,-2.1,-0.0362,1.0,-2.3,0,0.0,0.0,0.0000,0.38,0.09,0.32,0.21,1,-0.0078,-0.059,0.167,24.00,1,144.1,-3.2,0.14184,0.0,-0.0,0.0037,-0.00296,OK
-0.1459,-0.2008,54.9,0,144.1,-3.2,0.1456,144.5,-4.0,0.1366,0.0,0.0,0.0000,1.3,-2.1,-0.0362,1.0,-2.3,0,0.0,0.0,0.0000,-0.52,-0.12,-0.27,-0.07,1,-0.0122,-0.127,0.147,25.00,1,144.1,-3.2,0.14184,0.0,-0.0,-0.0050,-0.00332,OK
-0.1374,-0.2008,63.4,0,144.1,-3.2,0.1456,144.5,-4.0,0.1366,0.0,0.0,0.0000,1.3,-2.1,-0.0362,1.0,-2.3,0,0.0,0.0,0.0000,-0.24,0.00,-0.15,0.00,1,-0.0211,-0.088,0.157,24.00,1,144.1,-3.2,0.14184,-0.0,0.0,-0.0027,-0.00446,OK
-0.1291,-0.2008,71.7,0,144.1,-3.2,0.1456,144.5,-4.0,0.1366,0.0,0.0,0.0000,1.3,-2.1,-0.0362,1.0,-2.3,0,0.0,0.0,0.0000,0.01,-0.15,0.36,-0.34,1,-0.0211,-0.088,0.157,25.00,1,144.1,-3.2,0.14184,-0.0,-0.0,-0.0019,-0.00552,OK
-0.1217,-0.2008,79.1,0,144.1,-3.2,0.1456,144.5,-4.0,0.1366,0.0,0.0,0.0000,1.3,-2.1,-0.0362,1.0,-2.3,0,0.0,0.0,0.0000,-0.18,-0.34,0.20,0.02,1,-0.0200,-0.069,0.108,25.00,1,144.1,-3.2,0.14185,0.0,0.0,-0.0022,-0.00634,OK
-0.1132,-0.2008,87.6,0,144.1,-3.2,0.1456,144.5,-4.0,0.1366,0.0,0.0,0.0000,1.3,-2.1,-0.0362,1.0,-2.3,0,0.0,0.0,0.0000,0.05,0.23,0.06,0.18,1,-0.0178,-0.147,0.137,24.00,1,144.1,-3.2,0.14186,-0.0,-0.0,0.0014,-0.00714,OK
-0.1055,-0.2008,95.3,0,144.1,-3.2,0.1456,144.5,-4.0,0.1366,0.0,0.0,0.0000,1.3,-2.1,-0.0362,1.0,-2.3,0,0.0,0.0,0.0000,0.31,-0.20,-0.17,0.05,1,-0.0111,-0.078,0.177,24.00,1,144.1,-3.2,0.14188,-0.0,0.0,0.0002,-0.00739,OK
-0.0976,-0.1004,2.8,0,144.8,-3.8,0.1438,144.5,-4.0,0.1366,0.0,0.0,0.0000,-0.8,-0.4,-0.0289,-0.8,-0.3,0,0.0,0.0,0.0000,0.24,-0.15,0.30,-0.02,1,-0.0133,-0.167,0.147,24.00,1,144.8,-3.8,0.14284,13.8,-15.3,0.0105,-0.00784,OK
-0.0890,-0.1004,11.4,0,144.8,-3.8,0.1438,144.5,-4.0,0.1366,0.0,0.0,0.0000,-0.8,-0.4,-0.0289,-0.8,-0.3,0,0.0,0.0,0.0000,-1.13,-0.12,0.10,-0.66,1,-0.0133,-0.167,0.147,25.00,1,144.8,-3.9,0.14242,5.6,-18.1,-0.1051,-0.00447,OK
-0.0817,-0.1004,18.7,0,144.8,-3.8,0.1438,144.5,-4.0,0.1366,0.0,0.0,0.0000,-0.8,-0.4,-0.0289,-0.8,-0.3,0,0.0,0.0,0.0000,-0.13,-0.30,-0.21,0.03,1,-0.0111,-0.049,0.078,25.00,1,144.8,-3.9,0.14192,2.0,3.6,-0.0260,-0.00347,OK
-0.0733,-0.1004,27.1,0,144.8,-3.8,0.1438,144.5,-4.0,0.1366,0.0,0.0,0.0000,-0.8,-0.4,-0.0289,-0.8,-0.3,0,0.0,0.0,0.0000,0.06,-0.33,0.04,0.25,1,-0.0022,-0.127,0.137,25.00,1,144.9,-3.9,0.14183,4.6,5.2,0.0043,-0.00363,OK
-0.0659,-0.1004,34.5,0,144.8,-3.8,0.1438,144.5,-4.0,0.1366,0.0,0.0,0.0000,-0.8,-0.4,-0.0289,-0.8,-0.3,0,0.0,0.0,0.0000,0.32,0.08,0.01,0.29,1,0.0000,-0.088,0.167,25.00,1,144.9,-3.8,0.14201,-1.0,4.0,0.0330,-0.00512,OK
-0.0574,-0.1004,43.0,0,144.8,-3.8,0.1438,144.5,-4.0,0.1366,0.0,0.0,0.0000,-0.8,-0.4,-0.0289,-0.8,-0.3,0,0.0,0.0,0.0000,-0.12,0.36,-0.30,-0.09,1,0.0000,-0.088,0.167,25.00,1,144.8,-3.8,0.14212,-5.3,-3.4,-0.0036,-0.00468,OK
-0.0491,-0.1004,51.3,0,144.8,-3.8,0.1438,144.5,-4.0,0.1366,0.0,0.0,0.0000,-0.8,-0.4,-0.0289,-0.8,-0.3,0,0.0,0.0,0.0000,-0.04,-0.09,-0.31,-0.27,1,-0.0067,-0.098,0.177,26.00,1,144.9,-3.9,0.14209,-0.0,0.0,-0.0031,-0.00463,OK
-0.0417,-0.1004,58.7,0,144.8,-3.8,0.1438,144.5,-4.0,0.1366,0.0,0.0,0.0000,-0.8,-0.4,-0.0289,-0.8,-0.3,0,0.0,0.0,0.0000,0.20,-0.04,0.20,0.00,1,-0.0089,-0.147,0.088,25.00,1,144.9,-3.9,0.14210,0.0,-0.0,0.0012,-0.00488,OK
-0.0332,-0.1004,67.2,0,144.8,-3.8,0.1438,144.5,-4.0,0.1366,0.0,0.0,0.0000,-0.8,-0.4,-0.0289,-0.8,-0.3,0,0.0,0.0,0.0000,0.15,0.00,-0.37,-0.09,1,-0.0100,-0.029,0.147,24.00,1,144.9,-3.9,0.14210,-0.0,0.0,-0.0013,-0.00505,OK
-0.0259,-0.1004,74.5,0,144.8,-3.8,0.1438,144.5,-4.0,0.1366,0.0,0.0,0.0000,-0.8,-0.4,-0.0289,-0.8,-0.3,0,0.0,0.0,0.0000,-0.04,-0.44,-0.13,0.24,1,-0.0133,-0.186,0.157,25.00,1,144.9,-3.9,0.14210,0.0,0.0,-0.0016,-0.00533,OK
-0.0174,-0.1004,83.0,0,144.8,-3.8,0.1438,144.5,-4.0,0.1366,0.0,0.0,0.0000,-0.8,-0.4,-0.0289,-0.8,-0.3,0,0.0,0.0,0.0000,0.02,0.43,0.12,0.04,1,-0.0133,-0.186,0.157,25.00,1,144.9,-3.9,0.14212,-0.0,-0.0,0.0016,-0.00573,OK
-0.0090,-0.1004,91.4,0,144.8,-3.8,0.1438,144.5,-4.0,0.1366,0.0,0.0,0.0000,-0.8,-0.4,-0.0289,-0.8,-0.3,0,0.0,0.0,0.0000,-0.13,0.20,0.00,-0.23,1,-0.0122,-0.039,0.127,25.00,1,144.9,-3.9,0.14213,-0.0,-0.0,-0.0014,-0.00593,OK
-0.0015,-0.1004,98.9,0,144.8,-3.8,0.1438,144.5,-4.0,0.1366,0.0,0.0,0.0000,-0.8,-0.4,-0.0289,-0.8,-0.3,0,0.0,0.0,0.0000,0.02,0.11,-0.08,0.03,1,-0.0167,-0.147,0.118,25.00,1,144.9,-3.9,0.14214,0.0,0.0,-0.0003,-0.00633,OK
0.0070,0.0034,3.6,0,144.1,-4.0,0.1435,144.5,-4.0,0.1366,9.7,1.3,0.0000,16.0,2.2,-0.0248,16.2,-0.1,0,0.0,0.0,0.0000,0.12,-0.22,-0.46,0.04,1,-0.0167,-0.118,0.147,24.00,1,144.1,-4.0,0.14279,-6.9,0.1,0.0027,-0.00667,OK
0.0144,0.0034,11.0,0,144.1,-4.0,0.1435,144.5,-4.0,0.1366,9.7,1.3,0.0000,30.6,4.5,-0.0248,30.9,0.1,0,0.0,0.0,0.0000,-0.01,0.15,-0.52,0.08,1,-0.0167,-0.118,0.147,25.00,1,144.1,-4.0,0.14279,-0.0,-0.0,-0.0015,-0.00697,OK
0.0222,0.0034,18.8,0,144.1,-4.0,0.1435,144.5,-4.0,0.1366,9.7,1.3,0.0000,46.0,7.0,-0.0248,46.5,0.4,0,0.0,0.0,0.0000,-0.11,-0.32,0.44,-0.07,1,-0.0122,-0.098,0.196,25.00,1,144.1,-4.0,0.14278,0.0,-0.0,-0.0008,-0.00712,OK
0.0306,0.0034,27.3,0,144.1,-4.0,0.1435,144.5,-4.0,0.1366,9.7,1.3,0.0000,62.7,9.8,-0.0248,63.4,0.8,0,0.0,0.0,0.0000,-0.13,-0.34,0.35,-0.43,1,-0.0089,-0.137,0.098,25.00,1,144.1,-4.0,0.14277,-0.0,-0.0,-0.0025,-0.00710,OK
0.0393,0.0034,35.9,0,144.1,-4.0,0.1435,144.5,-4.0,0.1366,9.7,1.3,0.0000,79.7,12.8,-0.0247,80.7,1.3,0,0.0,0.0,0.0000,-0.67,0.15,0.57,0.01,1,-0.0078,0.000,0.147,24.00,1,144.1,-4.0,0.14275,0.0,-0.0,-0.0007,-0.00710,OK
0.0469,0.0034,43.5,0,144.1,-4.0,0.1435,144.5,-4.0,0.1366,9.7,1.3,0.0000,94.6,15.4,-0.0247,95.9,1.8,0,0.0,0.0,0.0000,0.17,0.22,-0.26,0.00,1,-0.0044,-0.157,0.118,24.00,1,144.1,-4.0,0.14275,-0.0,0.0,0.0008,-0.00704,OK
0.0544,0.0034,51.1,0,144.1,-4.0,0.1435,144.5,-4.0,0.1366,9.7,1.3,0.0000,109.6,18.2,-0.0247,111.0,2.5,0,0.0,0.0,0.0000,0.01,-0.05,0.03,0.19,1,-0.0044,-0.157,0.118,24.00,1,144.1,-4.0,0.14276,0.0,0.0,0.0010,-0.00699,OK
0.0622,0.0034,58.8,0,144.1,-4.0,0.1435,144.5,-4.0,0.1366,9.7,1.3,0.0000,124.7,21.2,-0.0248,126.5,3.3,0,0.0,0.0,0.0000,0.19,-0.13,-0.14,0.06,1,-0.0178,-0.686,0.216,25.00,1,144.1,-4.0,0.14277,-0.0,0.0,-0.0005,-0.00730,OK
0.0712,0.0034,67.8,0,144.1,-4.0,0.1435,144.5,-4.0,0.1366,9.7,1.3,0.0000,142.4,25.0,-0.0248,144.5,4.4,0,0.0,0.0,0.0000,0.00,-0.42,0.24,0.23,1,-0.0256,-0.804,0.029,25.00,1,144.1,-4.0,0.14278,0.0,-0.0,-0.0008,-0.00780,OK
0.0789,0.0034,75.6,0,144.1,-4.0,0.1435,144.5,-4.0,0.1366,9.7,1.3,0.0000,157.4,28.5,-0.0244,159.9,5.8,0,0.0,0.0,0.0000,-0.95,-0.06,0.52,0.37,1,-0.0267,-0.363,0.226,25.00,1,144.1,-4.0,0.14269,10.1,-14.9,-0.0220,-0.00771,OK
0.0866,0.0034,83.2,0,144.1,-4.0,0.1435,144.5,-4.0,0.1366,9.7,1.3,0.0000,172.2,32.2,-0.0242,175.0,7.4,0,0.0,0.0,0.0000,-0.56,-0.07,0.29,0.70,1,-0.0267,-0.363,0.226,24.00,1,144.2,-4.1,0.14262,8.4,-5.2,0.0004,-0.00825,OK
0.0942,0.0034,90.9,0,144.1,-4.0,0.1435,144.5,-4.0,0.1366,9.7,1.3,0.0000,187.0,36.4,-0.0228,190.3,9.5,0,0.0,0.0,0.0000,-1.19,-0.70,0.05,0.31,1,-0.0333,-0.559,-0.000,25.00,1,144.3,-4.1,0.14228,13.9,-4.6,-0.0749,-0.00693,OK
0.1031,0.1014,1.7,0,144.6,-3.3,0.1419,149.6,-3.2,0.1366,100.2,15.5,0.0000,204.6,38.8,-0.0201,208.0,9.6,0,0.0,0.0,0.0000,-1.13,-0.94,0.79,0.47,1,-0.0378,-0.637,0.078,25.00,1,144.6,-3.3,0.14160,27.9,23.4,-0.0499,-0.00633,OK
0.1106,0.1053,5.3,0,145.2,-3.2,0.1436,150.0,-3.1,0.1366,104.0,16.3,0.0000,212.8,41.5,-0.0222,216.5,10.9,0,0.0,0.0,0.0000,-1.26,-0.72,0.71,0.73,1,-0.0533,-0.657,-0.000,25.00,1,145.1,-3.2,0.14212,105.3,1.1,-0.0487,-0.00621,OK
0.1185,0.1133,5.2,0,145.2,-3.0,0.1421,150.9,-3.0,0.1366,111.8,18.0,0.0000,222.7,43.4,-0.0202,226.6,11.5,0,0.0,0.0,0.0000,-1.47,-1.26,0.52,1.02,1,-0.0811,-0.951,-0.000,24.00,1,145.2,-3.0,0.14164,22.1,23.5,-0.0860,-0.00589,OK
0.1261,0.1216,4.5,0,145.6,-3.2,0.1433,151.9,-2.8,0.1366,120.1,19.6,0.0000,231.6,47.5,-0.0194,236.0,14.4,0,0.0,0.0,0.0000,-1.38,-1.45,0.58,0.98,1,-0.0811,-0.951,-0.000,25.00,1,145.6,-3.1,0.14143,41.0,-22.1,-0.0824,-0.00553,OK
0.1347,0.1321,2.6,0,145.8,-3.4,0.1392,153.2,-2.6,0.1366,130.5,21.8,0.0000,242.5,51.4,-0.0137,247.3,17.0,0,0.0,0.0,0.0000,-2.04,-1.21,0.82,1.11,1,-0.1100,-1.098,0.020,25.00,1,145.8,-3.3,0.14000,9.4,-24.8,-0.1252,-0.00522,OK
0.1428,0.1405,2.3,0,145.7,-2.9,0.1420,154.3,-2.4,0.1366,138.7,23.8,0.0000,253.4,54.9,-0.0120,258.6,19.1,0,0.0,0.0,0.0000,-2.26,-1.65,-0.06,2.13,1,-0.1300,-1.245,0.020,25.00,1,145.7,-2.9,0.13957,-24.1,71.1,-0.1012,-0.00512,OK
0.1502,0.1470,3.2,0,146.0,-3.3,0.1384,155.2,-2.3,0.1366,144.8,25.3,0.0000,262.7,58.8,-0.0094,268.3,21.9,0,0.0,0.0,0.0000,-2.13,-1.73,1.56,2.16,1,-0.1133,-1.324,0.098,25.00,1,146.0,-3.2,0.13894,36.1,-69.1,-0.0892,-0.00566,OK
0.1581,0.1557,2.4,0,146.5,-3.2,0.1362,156.5,-2.1,0.1366,153.2,27.5,0.0000,272.0,62.4,-0.0045,278.0,24.5,0,0.0,0.0,0.0000,-2.55,-1.47,1.83,1.83,1,-0.1133,-1.324,0.098,24.00,1,146.5,-3.2,0.13772,76.5,9.2,-0.1145,-0.00591,OK
0.1666,0.1652,1.4,0,146.8,-2.8,0.1352,158.0,-1.8,0.1366,162.3,30.1,0.0000,283.1,65.7,0.0002,289.4,26.6,0,0.0,0.0,0.0000,-2.73,-2.49,1.67,2.21,1,-0.0722,-1.226,0.078,24.00,1,146.8,-2.8,0.13654,24.4,48.0,-0.1104,-0.00543,OK
0.1741,0.1741,0.1,0,146.9,-2.9,0.1371,159.5,-1.5,0.1366,170.9,32.6,0.0000,293.4,70.5,0.0009,300.3,30.0,0,0.0,0.0,0.0000,-2.87,-2.91,1.97,2.86,1,-0.0567,-1.187,-0.039,25.00,1,146.9,-2.9,0.13636,-16.7,-12.1,-0.0418,-0.00523,OK
0.1820,0.1809,1.1,0,147.2,-2.4,0.1356,160.7,-1.3,0.1366,177.4,34.7,0.0000,303.8,73.7,0.0059,311.0,32.1,0,0.0,0.0,0.0000,-3.48,-3.25,2.17,3.01,1,-0.0744,-1.491,-0.029,25.00,1,147.2,-2.4,0.13509,56.5,63.2,-0.1432,-0.00524,OK
0.1906,0.1893,1.3,0,148.4,-2.4,0.1364,162.2,-1.0,0.1366,185.6,37.3,0.0000,312.8,79.0,0.0062,320.5,36.2,0,0.0,0.0,0.0000,-4.00,-3.12,2.36,3.86,1,-0.0744,-1.491,-0.029,25.00,1,148.3,-2.4,0.13503,153.6,-19.4,-0.0463,-0.00518,OK
0.1980,0.1893,8.7,0,148.4,-2.4,0.1364,162.2,-1.0,0.1366,185.6,37.3,0.0000,323.4,83.7,0.0066,331.7,39.4,0,0.0,0.0,0.0000,-3.54,-3.36,2.68,3.89,1,-0.0811,-1.912,-0.196,25.00,1,148.4,-2.3,0.13493,102.1,8.5,-0.0693,-0.00533,OK
0.2065,0.2062,0.2,0,151.0,-2.4,0.1395,165.5,-0.3,0.1366,201.9,42.3,0.0000,327.7,90.5,0.0041,337.0,45.4,0,0.0,0.0,0.0000,-4.14,-4.09,3.06,4.44,1,-0.0489,-1.706,0.294,25.00,1,151.0,-2.4,0.13556,188.2,-44.4,0.0579,-0.00536,OK
0.2150,0.2149,0.1,0,152.1,-2.6,0.1411,167.3,0.1,0.1366,210.2,45.5,0.0000,337.1,97.4,0.0009,347.2,50.6,0,0.0,0.0,0.0000,-4.44,-4.56,2.96,5.38,1,-0.0767,-1.697,0.147,25.00,1,152.1,-2.5,0.13636,115.5,-47.8,0.0617,-0.00558,OK
0.2226,0.2149,7.6,0,152.1,-2.6,0.1411,167.3,0.1,0.1366,210.2,45.5,0.0000,348.3,103.0,0.0023,359.0,54.8,0,0.0,0.0,0.0000,-4.80,-5.05,3.27,6.23,1,-0.1189,-2.197,-0.049,25.00,1,152.1,-2.5,0.13600,158.2,-14.6,-0.0411,-0.00558,OK
0.2302,0.2230,7.2,0,152.8,-1.4,0.1344,169.0,0.4,0.1366,217.8,48.6,0.0000,358.4,103.9,0.0059,369.1,54.6,0,0.0,0.0,0.0000,-6.07,-5.47,3.78,6.30,1,-0.1189,-2.197,-0.049,25.00,1,152.9,-1.6,0.13512,144.1,43.6,-0.1180,-0.00545,OK
0.2382,0.2316,6.5,0,153.7,-1.3,0.1285,170.9,0.9,0.1366,225.7,52.2,0.0000,368.2,108.0,0.0144,379.3,58.3,0,0.0,0.0,0.0000,-6.25,-6.35,4.48,7.92,1,-0.1400,-1.853,-0.196,27.00,1,153.8,-1.3,0.13297,143.3,32.1,-0.1320,-0.00543,OK
0.2471,0.2403,6.8,0,154.3,-0.3,0.1367,172.9,1.4,0.1366,233.7,55.9,0.0000,379.2,116.0,0.0154,391.3,64.8,0,0.0,0.0,0.0000,-6.54,-5.94,4.67,7.47,1,-0.1556,-1.971,-0.108,24.00,1,154.4,-0.4,0.13274,116.5,56.8,-0.1403,-0.00571,OK
0.2548,0.2505,4.3,0,156.7,0.0,0.1255,175.3,2.0,0.1366,243.0,60.2,0.0000,385.6,118.1,0.0254,397.7,67.1,0,0.0,0.0,0.0000,-7.20,-6.51,5.02,8.01,1,-0.1367,-2.618,1.677,24.00,1,156.6,0.1,0.13022,227.8,16.3,-0.1591,-0.00552,OK
0.2626,0.2570,5.6,0,158.7,-0.6,0.1253,176.9,2.3,0.1366,249.1,63.0,0.0000,391.9,127.2,0.0318,404.9,75.9,0,0.0,0.0,0.0000,-8.47,-7.04,6.01,9.13,1,-0.1322,-2.520,0.020,24.00,1,158.6,-0.4,0.12864,280.0,-74.8,-0.1339,-0.00542,OK
0.2710,0.2654,5.6,0,160.4,0.2,0.1303,179.1,2.9,0.1366,256.9,66.9,0.0000,398.4,135.8,0.0341,412.4,83.8,0,0.0,0.0,0.0000,-9.07,-8.08,5.86,10.35,1,-0.1322,-2.520,0.020,25.00,1,160.5,0.1,0.12806,251.2,27.7,-0.1211,-0.00551,OK
0.2783,0.2739,4.4,0,162.3,0.3,0.1235,181.3,3.5,0.1366,264.6,70.9,0.0000,405.1,139.9,0.0399,419.5,87.6,0,0.0,0.0,0.0000,-8.62,-8.06,6.37,10.10,1,-0.0889,-1.579,-0.177,25.00,1,162.4,0.3,0.12661,221.5,-2.5,-0.1011,-0.00539,OK
0.2866,0.2824,4.2,0,165.1,0.7,0.1293,183.6,4.1,0.1366,272.1,75.3,0.0000,409.3,149.6,0.0391,424.9,96.6,0,0.0,0.0,0.0000,-9.20,-8.67,7.61,10.90,1,-0.0489,-1.589,0.559,25.00,1,165.1,0.7,0.12681,329.5,-3.9,-0.0244,-0.00556,OK
0.2944,0.2910,3.4,0,166.5,0.6,0.1349,185.9,4.8,0.1366,279.6,79.9,0.0000,416.2,159.3,0.0332,433.2,104.8,0,0.0,0.0,0.0000,-10.05,-8.92,7.88,11.86,1,-0.0244,-2.913,-0.147,24.00,1,166.7,0.6,0.12828,156.9,-30.2,0.0483,-0.00593,OK
0.3030,0.2910,11.9,0,166.5,0.6,0.1349,185.9,4.8,0.1366,279.6,79.9,0.0000,424.6,167.9,0.0335,442.6,112.3,0,0.0,0.0,0.0000,-10.78,-9.81,8.47,12.55,1,-0.0244,-2.913,-0.147,24.00,1,167.7,0.7,0.12820,277.1,-8.9,-0.0180,-0.00594,OK
0.3107,0.2910,19.7,0,166.5,0.6,0.1349,185.9,4.8,0.1366,279.6,79.9,0.0000,428.2,175.2,0.0335,447.1,119.0,0,0.0,0.0,0.0000,-11.96,-10.62,8.12,12.35,1,0.0211,-1.638,-0.785,24.00,1,169.9,1.0,0.12821,294.9,4.1,0.0210,-0.00580,OK
0.3186,0.2910,27.6,0,166.5,0.6,0.1349,185.9,4.8,0.1366,279.6,79.9,0.0000,428.3,181.1,0.0321,447.9,124.7,0,0.0,0.0,0.0000,-11.41,-10.73,9.16,12.90,1,0.0656,-0.716,-0.078,25.00,1,172.3,1.3,0.12856,316.3,-0.4,0.0683,-0.00573,OK
0.3261,0.2910,35.0,0,166.5,0.6,0.1349,185.9,4.8,0.1366,279.6,79.9,0.0000,428.1,186.5,0.0293,448.6,129.7,0,0.0,0.0,0.0000,-11.22,-10.92,9.55,14.13,1,0.1133,-2.530,1.461,24.00,1,174.7,1.7,0.12926,336.6,9.7,0.1183,-0.00572,OK
0.3351,0.2910,44.0,0,166.5,0.6,0.1349,185.9,4.8,0.1366,279.6,79.9,0.0000,425.1,190.9,0.0238,446.4,133.9,0,0.0,0.0,0.0000,-12.93,-12.46,9.78,15.74,1,0.1856,-3.403,-1.902,24.00,1,177.9,2.3,0.13063,386.9,32.7,0.1864,-0.00559,OK
0.3426,0.2910,51.5,0,166.5,0.6,0.1349,185.9,4.8,0.1366,279.6,79.9,0.0000,422.1,194.2,0.0184,444.0,137.0,0,0.0,0.0,0.0000,-14.62,-13.67,9.80,16.04,1,0.1856,-3.403,-1.902,24.00,1,180.9,3.0,0.13199,416.8,44.8,0.1829,-0.00532,OK
0.3508,0.2910,59.8,0,166.5,0.6,0.1349,185.9,4.8,0.1366,279.6,79.9,0.0000,418.4,197.9,0.0119,441.0,140.4,0,0.0,0.0,0.0000,-14.10,-12.66,10.17,15.84,1,0.2133,-1.520,-1.167,25.00,1,184.2,3.7,0.13360,413.0,29.1,0.2118,-0.00510,OK
0.3586,0.2910,67.6,0,166.5,0.6,0.1349,185.9,4.8,0.1366,279.6,79.9,0.0000,415.3,201.8,0.0050,438.7,144.0,0,0.0,0.0,0.0000,-13.06,-12.19,10.77,15.48,1,0.2378,-0.245,0.382,25.00,1,187.4,4.3,0.13533,411.0,18.2,0.2385,-0.00496,OK
0.3664,0.2910,75.4,0,166.5,0.6,0.1349,185.9,4.8,0.1366,279.6,79.9,0.0000,411.9,206.1,-0.0021,436.2,147.9,0,0.0,0.0,0.0000,-13.03,-12.27,11.47,16.19,1,0.2089,-2.981,0.216,25.00,1,190.6,4.9,0.13710,428.7,14.5,0.2131,-0.00492,OK
0.3741,0.2910,83.0,0,166.5,0.6,0.1349,185.9,4.8,0.1366,279.6,79.9,0.0000,408.2,210.0,-0.0085,433.3,151.5,0,0.0,0.0,0.0000,-14.17,-13.87,11.12,17.51,1,0.2089,-2.981,0.216,25.00,1,194.0,5.6,0.13870,464.8,44.3,0.2098,-0.00479,OK
0.3830,0.2910,92.0,0,166.5,0.6,0.1349,185.9,4.8,0.1366,279.6,79.9,0.0000,403.7,214.2,-0.0154,429.7,155.6,0,0.0,0.0,0.0000,-13.12,-14.24,11.23,17.15,1,0.1767,-2.530,-0.843,24.00,1,198.0,6.6,0.14043,463.9,51.7,0.1797,-0.00473,OK
0.3901,0.2910,99.0,0,166.5,0.6,0.1349,185.9,4.8,0.1366,279.6,79.9,0.0000,400.1,217.6,-0.0207,426.9,158.9,0,0.0,0.0,0.0000,-12.86,-14.83,11.59,17.65,1,0.1922,-0.147,-0.520,25.00,1,201.3,7.5,0.14176,478.2,61.3,0.1962,-0.00471,OK
0.3983,0.2910,107.3,0,166.5,0.6,0.1349,185.9,4.8,0.1366,279.6,79.9,0.0000,395.4,221.3,-0.0273,423.0,162.5,0,0.0,0.0,0.0000,-13.93,-15.36,12.07,18.07,1,0.2000,-0.500,-0.255,25.00,1,205.3,8.6,0.14339,504.6,58.3,0.2023,-0.00463,OK
0.4072,0.2910,116.1,0,166.5,0.6,0.1349,185.9,4.8,0.1366,279.6,79.9,0.0000,390.0,225.3,-0.0343,418.5,166.5,0,0.0,0.0,0.0000,-14.92,-15.79,11.67,18.29,1,0.2000,-0.500,-0.255,25.00,1,209.7,9.8,0.14514,518.0,66.4,0.1989,-0.00444,OK
0.4143,0.4117,2.5,0,200.5,6.8,0.1429,225.7,19.2,0.1366,364.3,162.6,0.0000,402.2,232.4,-0.0352,431.7,171.7,0,0.0,0.0,0.0000,-14.49,-16.04,11.25,18.34,1,0.1822,-0.569,-2.609,24.00,1,200.5,6.8,0.14537,359.9,53.3,0.1473,-0.00382,OK
0.4227,0.4117,10.9,0,200.5,6.8,0.1429,225.7,19.2,0.1366,364.3,162.6,0.0000,415.5,242.7,-0.0374,446.4,179.7,0,0.0,0.0,0.0000,-13.56,-15.67,11.24,19.57,1,0.1844,-3.972,-1.324,25.00,1,201.5,7.1,0.14594,382.8,67.4,0.1877,-0.00381,OK
0.4300,0.4117,18.3,0,200.5,6.8,0.1429,225.7,19.2,0.1366,364.3,162.6,0.0000,423.2,254.3,-0.0425,456.0,189.4,0,0.0,0.0,0.0000,-14.04,-16.08,11.00,20.26,1,0.1567,-1.589,1.393,25.00,1,204.3,8.1,0.14721,404.3,79.6,0.1602,-0.00379,OK
0.4382,0.4117,26.5,0,200.5,6.8,0.1429,225.7,19.2,0.1366,364.3,162.6,0.0000,420.3,258.3,-0.0473,453.9,193.3,0,0.0,0.0,0.0000,-13.88,-18.14,10.47,18.40,1,0.1322,0.932,-1.971,25.00,1,207.5,9.3,0.14841,412.9,98.3,0.1336,-0.00371,OK
0.4468,0.4117,35.1,0,200.5,6.8,0.1429,225.7,19.2,0.1366,364.3,162.6,0.0000,417.0,262.0,-0.0519,451.4,196.9,0,0.0,0.0,0.0000,-13.97,-18.64,10.63,18.02,1,0.1322,0.932,-1.971,25.00,1,211.0,10.7,0.14954,425.8,98.2,0.1327,-0.00362,OK
0.4542,0.4117,42.4,0,200.5,6.8,0.1429,225.7,19.2,0.1366,364.3,162.6,0.0000,413.8,265.1,-0.0555,448.8,200.1,0,0.0,0.0,0.0000,-13.14,-18.34,11.00,19.43,1,0.1133,1.236,-0.177,25.00,1,214.0,11.9,0.15046,443.4,109.7,0.1164,-0.00360,OK
0.4621,0.4117,50.3,0,200.5,6.8,0.1429,225.7,19.2,0.1366,364.3,162.6,0.0000,410.2,268.3,-0.0594,446.0,203.3,0,0.0,0.0,0.0000,-13.49,-16.74,10.94,20.67,1,0.1267,-1.785,0.559,25.00,1,217.4,13.3,0.15143,450.0,102.6,0.1303,-0.00360,OK
0.4704,0.4117,58.7,0,200.5,6.8,0.1429,225.7,19.2,0.1366,364.3,162.6,0.0000,406.4,271.8,-0.0636,442.9,206.9,0,0.0,0.0,0.0000,-13.87,-17.48,10.06,18.85,1,0.1200,-1.638,-2.383,25.00,1,221.0,14.8,0.15247,445.5,110.7,0.1203,-0.00350,OK
0.4783,0.4117,66.6,0,200.5,6.8,0.1429,225.7,19.2,0.1366,364.3,162.6,0.0000,402.7,275.7,-0.0671,440.1,210.9,0,0.0,0.0,0.0000,-13.49,-18.68,9.49,15.24,1,0.1200,-1.638,-2.383,25.00,1,224.2,16.0,0.15336,410.0,91.5,0.1145,-0.00324,OK
0.4859,0.4117,74.2,0,200.5,6.8,0.1429,225.7,19.2,0.1366,364.3,162.6,0.0000,399.1,279.4,-0.0701,437.3,214.9,0,0.0,0.0,0.0000,-12.91,-19.62,9.54,16.51,1,0.0911,0.706,-1.961,25.00,1,227.2,17.3,0.15410,435.8,116.8,0.0877,-0.00305,OK
0.4949,0.4117,83.1,0,200.5,6.8,0.1429,225.7,19.2,0.1366,364.3,162.6,0.0000,395.1,282.7,-0.0737,434.0,218.3,0,0.0,0.0,0.0000,-9.34,-18.84,9.22,19.32,1,0.1000,0.412,0.990,25.00,1,230.8,19.3,0.15500,429.8,170.8,0.1093,-0.00322,OK
0.5023,0.4117,90.5,0,200.5,6.8,0.1429,225.7,19.2,0.1366,364.3,162.6,0.0000,391.6,285.1,-0.0763,431.0,221.0,0,0.0,0.0,0.0000,-10.03,-18.07,8.77,19.74,1,0.0522,-0.216,0.196,25.00,1,233.8,21.0,0.15565,438.9,168.1,0.0605,-0.00336,OK
0.5107,0.4117,98.9,0,200.5,6.8,0.1429,225.7,19.2,0.1366,364.3,162.6,0.0000,387.0,287.7,-0.0781,427.0,224.0,0,0.0,0.0,0.0000,-11.26,-19.18,9.54,19.20,1,0.0389,0.118,-1.667,24.00,1,237.4,22.9,0.15609,468.5,157.0,0.0438,-0.00340,OK
0.5189,0.5141,4.8,0,251.5,19.9,0.1574,261.9,38.4,0.1366,339.9,210.9,0.0000,372.6,295.9,-0.0815,414.3,234.0,0,0.0,0.0,0.0000,-11.74,-19.20,8.79,19.16,1,0.0389,0.118,-1.667,25.00,1,251.3,19.9,0.15696,550.7,97.3,0.0425,-0.00343,OK
0.5265,0.5141,12.3,0,251.5,19.9,0.1574,261.9,38.4,0.1366,339.9,210.9,0.0000,360.4,304.7,-0.0817,403.7,244.6,0,0.0,0.0,0.0000,-11.90,-19.59,9.21,19.37,1,-0.0011,-1.883,-1.853,25.00,1,253.6,20.7,0.15701,558.2,101.4,0.0021,-0.00342,OK
0.5349,0.5141,20.7,0,251.5,19.9,0.1574,261.9,38.4,0.1366,339.9,210.9,0.0000,346.3,313.8,-0.0822,391.1,255.8,0,0.0,0.0,0.0000,-11.18,-19.73,8.20,20.01,1,0.0256,0.608,0.834,25.00,1,258.1,22.5,0.15713,550.3,134.8,0.0281,-0.00340,OK
0.5420,0.5141,27.9,0,251.5,19.9,0.1574,261.9,38.4,0.1366,339.9,210.9,0.0000,333.7,320.7,-0.0830,379.9,264.4,0,0.0,0.0,0.0000,-11.77,-19.37,7.43,20.73,1,0.0289,3.373,-1.393,25.00,1,261.8,24.1,0.15733,551.5,154.6,0.0284,-0.00331,OK
0.5501,0.5141,36.0,0,251.5,19.9,0.1574,261.9,38.4,0.1366,339.9,210.9,0.0000,323.2,325.5,-0.0834,370.3,270.8,0,0.0,0.0,0.0000,-11.79,-19.56,7.44,20.16,1,0.0033,-0.745,-0.971,25.00,1,266.0,26.0,0.15744,548.1,155.1,0.0024,-0.00320,OK
0.5589,0.5141,44.7,0,251.5,19.9,0.1574,261.9,38.4,0.1366,339.9,210.9,0.0000,315.3,328.3,-0.0835,362.9,274.8,0,0.0,0.0,0.0000,-11.44,-21.18,7.49,19.91,1,0.0033,-0.745,-0.971,25.00,1,270.5,28.2,0.15744,555.9,171.6,0.0021,-0.00310,OK
0.5666,0.5141,52.5,0,251.5,19.9,0.1574,261.9,38.4,0.1366,339.9,210.9,0.0000,308.2,330.7,-0.0829,356.2,278.4,0,0.0,0.0,0.0000,-11.05,-20.21,7.21,20.76,1,-0.0356,-2.540,-1.059,24.00,1,274.6,30.2,0.15731,550.5,180.0,-0.0337,-0.00306,OK
0.5745,0.5141,60.4,0,251.5,19.9,0.1574,261.9,38.4,0.1366,339.9,210.9,0.0000,301.6,333.4,-0.0823,350.1,282.1,0,0.0,0.0,0.0000,-9.34,-19.06,6.61,18.54,1,-0.0122,1.334,-1.324,24.00,1,278.4,32.2,0.15715,498.8,168.7,-0.0085,-0.00308,OK
0.5821,0.5141,68.0,0,251.5,19.9,0.1574,261.9,38.4,0.1366,339.9,210.9,0.0000,295.7,335.6,-0.0821,344.6,285.2,0,0.0,0.0,0.0000,-8.97,-19.90,5.15,19.09,1,0.0000,3.207,0.382,24.00,1,281.9,34.3,0.15710,495.6,213.5,-0.0015,-0.00298,OK
0.5910,0.5141,76.9,0,251.5,19.9,0.1574,261.9,38.4,0.1366,339.9,210.9,0.0000,288.7,336.8,-0.0812,337.8,287.6,0,0.0,0.0,0.0000,-9.70,-19.12,2.47,20.49,1,0.0000,3.207,0.382,25.00,1,285.8,37.3,0.15689,481.0,287.2,-0.0279,-0.00247,OK
0.5982,0.5141,84.0,0,251.5,19.9,0.1574,261.9,38.4,0.1366,339.9,210.9,0.0000,283.2,337.2,-0.0796,332.3,288.9,0,0.0,0.0,0.0000,-9.97,-19.53,2.20,20.41,1,-0.0322,2.059,-1.922,25.00,1,288.9,39.9,0.15649,482.7,299.4,-0.0611,-0.00199,OK
0.6068,0.5141,92.6,0,251.5,19.9,0.1574,261.9,38.4,0.1366,339.9,210.9,0.0000,277.1,338.0,-0.0760,326.1,291.0,0,0.0,0.0,0.0000,-9.52,-18.09,2.03,18.69,1,-0.0989,-0.333,-0.333,25.00,1,292.4,42.9,0.15558,448.0,271.3,-0.1291,-0.00151,OK
0.6150,0.5141,100.9,0,251.5,19.9,0.1574,261.9,38.4,0.1366,339.9,210.9,0.0000,271.8,340.1,-0.0722,321.0,294.2,0,0.0,0.0,0.0000,-8.33,-14.82,2.62,19.07,1,-0.0867,-0.745,-0.863,24.00,1,295.5,45.3,0.15463,410.5,221.3,-0.0949,-0.00133,OK
0.6224,0.6172,5.2,0,300.3,40.6,0.1524,295.3,62.4,0.1366,307.7,255.3,0.0000,266.1,353.6,-0.0658,316.9,308.9,0,0.0,0.0,0.0000,-7.82,-17.14,2.90,19.06,1,-0.0678,1.196,2.246,25.00,1,300.3,40.7,0.15303,434.4,171.2,-0.0796,-0.00097,OK
0.6300,0.6172,12.8,0,300.3,40.6,0.1524,295.3,62.4,0.1366,307.7,255.3,0.0000,261.2,366.3,-0.0644,313.8,322.4,0,0.0,0.0,0.0000,-6.90,-18.70,2.59,18.39,1,-0.0678,1.196,2.246,24.00,1,302.2,41.9,0.15267,433.8,195.4,-0.0707,-0.00090,OK
0.6387,0.6172,21.5,0,300.3,40.6,0.1524,295.3,62.4,0.1366,307.7,255.3,0.0000,254.9,369.8,-0.0616,307.9,327.0,0,0.0,0.0,0.0000,-6.17,-18.98,2.55,18.43,1,-0.0922,2.903,-4.433,25.00,1,305.7,44.2,0.15198,427.0,202.8,-0.0891,-0.00094,OK
0.6460,0.6172,28.8,0,300.3,40.6,0.1524,295.3,62.4,0.1366,307.7,255.3,0.0000,249.9,372.8,-0.0597,303.3,330.8,0,0.0,0.0,0.0000,-5.50,-18.20,2.58,18.27,1,-0.0544,0.804,0.863,24.00,1,308.5,46.1,0.15150,410.3,200.2,-0.0470,-0.00107,OK
0.6546,0.6172,37.4,0,300.3,40.6,0.1524,295.3,62.4,0.1366,307.7,255.3,0.0000,244.1,375.9,-0.0582,297.9,334.8,0,0.0,0.0,0.0000,-6.31,-17.98,2.14,18.12,1,-0.0311,0.304,1.589,24.00,1,311.7,48.4,0.15113,416.5,218.4,-0.0358,-0.00095,OK
0.6629,0.6172,45.7,0,300.3,40.6,0.1524,295.3,62.4,0.1366,307.7,255.3,0.0000,238.5,378.6,-0.0570,292.7,338.5,0,0.0,0.0,0.0000,-5.59,-17.35,1.61,18.21,1,-0.0311,0.304,1.589,24.00,1,314.8,50.8,0.15082,400.5,229.8,-0.0345,-0.00086,OK
0.6700,0.6172,52.8,0,300.3,40.6,0.1524,295.3,62.4,0.1366,307.7,255.3,0.0000,234.2,380.5,-0.0560,288.7,341.0,0,0.0,0.0,0.0000,-4.44,-18.77,1.26,17.94,1,-0.0444,0.941,-2.609,25.00,1,317.3,52.9,0.15059,390.9,246.1,-0.0366,-0.00101,OK
0.6781,0.6172,60.9,0,300.3,40.6,0.1524,295.3,62.4,0.1366,307.7,255.3,0.0000,229.7,382.2,-0.0546,284.3,343.6,0,0.0,0.0,0.0000,-4.55,-17.62,-0.14,16.74,1,-0.0189,3.050,0.363,25.00,1,320.0,55.4,0.15024,371.9,271.0,-0.0370,-0.00060,OK
0.6865,0.6172,69.3,0,300.3,40.6,0.1524,295.3,62.4,0.1366,307.7,255.3,0.0000,224.9,383.5,-0.0528,279.6,345.6,0,0.0,0.0,0.0000,-4.67,-18.57,-0.18,18.29,1,-0.0500,0.824,2.157,25.00,1,322.8,58.3,0.14977,394.2,297.4,-0.0638,-0.00029,OK
0.6947,0.6172,77.5,0,300.3,40.6,0.1524,295.3,62.4,0.1366,307.7,255.3,0.0000,220.2,384.6,-0.0505,274.9,347.6,0,0.0,0.0,0.0000,-3.49,-18.60,-0.90,16.82,1,-0.0500,0.824,2.157,25.00,1,325.5,61.1,0.14921,362.8,300.6,-0.0627,-0.00003,OK
0.7027,0.6172,85.5,0,300.3,40.6,0.1524,295.3,62.4,0.1366,307.7,255.3,0.0000,216.3,386.0,-0.0486,271.1,349.7,0,0.0,0.0,0.0000,-1.44,-17.93,-1.54,16.64,1,-0.1033,0.530,-3.334,24.00,1,327.8,63.9,0.14873,309.9,296.4,-0.0776,-0.00055,OK
0.7101,0.6172,92.9,0,300.3,40.6,0.1524,295.3,62.4,0.1366,307.7,255.3,0.0000,212.7,387.5,-0.0462,267.5,351.9,0,0.0,0.0,0.0000,-2.21,-18.25,-1.11,16.41,1,-0.1111,1.942,-0.981,25.00,1,329.8,66.4,0.14814,326.4,292.8,-0.0946,-0.00086,OK
0.7182,0.7179,0.3,0,347.3,70.6,0.1553,324.5,90.2,0.1366,270.9,294.1,0.0000,196.6,386.5,-0.0577,252.5,352.5,0,0.0,0.0,0.0000,-3.03,-17.93,-2.31,15.69,1,-0.1067,1.932,2.648,26.00,1,347.0,70.7,0.15100,475.8,281.2,-0.0235,-0.00121,OK
0.7268,0.7179,8.9,0,347.3,70.6,0.1553,324.5,90.2,0.1366,270.9,294.1,0.0000,179.8,390.6,-0.0559,236.4,359.2,0,0.0,0.0,0.0000,-2.72,-17.89,-2.81,15.46,1,-0.1689,0.843,-0.951,24.00,1,347.3,71.0,0.15056,441.1,296.4,-0.1789,-0.00100,OK
0.7340,0.7179,16.1,0,347.3,70.6,0.1553,324.5,90.2,0.1366,270.9,294.1,0.0000,165.8,393.9,-0.0510,222.5,364.8,0,0.0,0.0,0.0000,-1.09,-17.10,-2.99,15.16,1,-0.1689,0.843,-0.951,24.00,1,350.0,73.5,0.14932,392.8,292.3,-0.1666,-0.00102,OK
0.7427,0.7179,24.7,0,347.3,70.6,0.1553,324.5,90.2,0.1366,270.9,294.1,0.0000,154.3,397.0,-0.0451,211.1,369.9,0,0.0,0.0,0.0000,-1.05,-16.83,-2.61,14.38,1,-0.1811,1.393,-0.755,25.00,1,352.9,76.4,0.14786,372.2,277.9,-0.1744,-0.00111,OK
0.7504,0.7179,32.4,0,347.3,70.6,0.1553,324.5,90.2,0.1366,270.9,294.1,0.0000,149.1,398.8,-0.0409,205.8,372.8,0,0.0,0.0,0.0000,-1.12,-16.58,-1.77,14.19,1,-0.1178,2.638,0.696,25.00,1,355.4,78.9,0.14679,363.4,261.0,-0.1055,-0.00128,OK
0.7580,0.7179,40.0,0,347.3,70.6,0.1553,324.5,90.2,0.1366,270.9,294.1,0.0000,144.1,401.3,-0.0384,201.0,376.0,0,0.0,0.0,0.0000,-0.97,-15.66,-0.78,14.87,1,-0.1244,1.746,-0.922,25.00,1,357.8,81.2,0.14617,348.2,235.8,-0.0752,-0.00186,OK
0.7669,0.7179,49.0,0,347.3,70.6,0.1553,324.5,90.2,0.1366,270.9,294.1,0.0000,138.9,404.1,-0.0364,196.1,379.7,0,0.0,0.0,0.0000,0.80,-15.53,-2.10,14.39,1,-0.1244,1.746,-0.922,24.00,1,360.3,83.8,0.14569,305.3,268.2,-0.0518,-0.00259,OK
0.7745,0.7179,56.6,0,347.3,70.6,0.1553,324.5,90.2,0.1366,270.9,294.1,0.0000,135.1,406.2,-0.0351,192.5,382.3,0,0.0,0.0,0.0000,1.42,-15.19,-3.02,13.76,1,-0.0989,0.628,-0.020,24.00,1,362.2,86.3,0.14535,286.3,290.0,-0.0564,-0.00317,OK
0.7819,0.7179,64.0,0,347.3,70.6,0.1553,324.5,90.2,0.1366,270.9,294.1,0.0000,131.5,407.7,-0.0338,189.1,384.4,0,0.0,0.0,0.0000,0.70,-14.97,-3.84,12.83,1,-0.0311,1.598,0.569,25.00,1,364.0,88.8,0.14503,291.0,300.4,-0.0296,-0.00314,OK
0.7903,0.7179,72.4,0,347.3,70.6,0.1553,324.5,90.2,0.1366,270.9,294.1,0.0000,128.0,409.3,-0.0336,185.8,386.5,0,0.0,0.0,0.0000,1.89,-14.57,-4.33,12.58,1,0.0067,1.559,-1.834,25.00,1,365.9,91.6,0.14498,260.8,313.3,0.0151,-0.00325,OK
0.7981,0.7179,80.2,0,347.3,70.6,0.1553,324.5,90.2,0.1366,270.9,294.1,0.0000,125.6,410.7,-0.0350,183.8,388.2,0,0.0,0.0,0.0000,2.09,-13.79,-4.14,12.26,1,0.0589,2.099,2.442,25.00,1,367.5,94.3,0.14533,246.5,305.3,0.0684,-0.00340,OK
0.8067,0.7179,88.7,0,347.3,70.6,0.1553,324.5,90.2,0.1366,270.9,294.1,0.0000,123.4,412.0,-0.0372,182.0,389.7,0,0.0,0.0,0.0000,2.67,-13.39,-5.56,12.43,1,0.0589,2.099,2.442,25.00,1,369.1,97.3,0.14587,229.8,331.3,0.0601,-0.00335,OK
0.8143,0.7179,96.4,0,347.3,70.6,0.1553,324.5,90.2,0.1366,270.9,294.1,0.0000,121.4,412.9,-0.0399,180.4,390.7,0,0.0,0.0,0.0000,3.39,-13.43,-6.02,12.14,1,0.1233,1.775,0.520,24.00,1,370.4,100.1,0.14656,213.0,344.0,0.1229,-0.00326,OK
0.8243,0.8239,0.4,0,382.1,112.1,0.1420,350.8,123.3,0.1366,226.5,329.8,0.0000,106.7,399.6,-0.0350,163.4,379.9,0,0.0,0.0,0.0000,4.03,-13.55,-5.47,11.75,1,0.1378,1.245,-2.540,25.00,1,381.8,112.0,0.14533,296.9,387.4,0.0674,-0.00282,OK
0.8309,0.8239,7.0,0,382.1,112.1,0.1420,350.8,123.3,0.1366,226.5,329.8,0.0000,95.7,396.3,-0.0375,152.3,378.2,0,0.0,0.0,0.0000,4.79,-15.31,-5.33,11.77,1,0.2133,-0.333,1.275,25.00,1,381.7,112.0,0.14595,281.3,397.8,0.3320,-0.00278,OK
0.8380,0.8239,14.2,0,382.1,112.1,0.1420,350.8,123.3,0.1366,226.5,329.8,0.0000,93.9,397.2,-0.0448,151.4,379.1,0,0.0,0.0,0.0000,4.92,-11.89,-5.85,12.17,1,0.2644,1.981,0.098,26.00,1,383.0,114.6,0.14777,249.7,382.6,0.2719,-0.00294,OK
0.8466,0.8239,22.7,0,382.1,112.1,0.1420,350.8,123.3,0.1366,226.5,329.8,0.0000,91.8,397.3,-0.0541,150.2,379.1,0,0.0,0.0,0.0000,4.50,-11.96,-5.64,11.85,1,0.2644,1.981,0.098,24.00,1,384.6,118.1,0.15009,244.4,373.5,0.2700,-0.00303,OK
0.8541,0.8239,30.3,0,382.1,112.1,0.1420,350.8,123.3,0.1366,226.5,329.8,0.0000,90.1,397.7,-0.0624,149.4,379.5,0,0.0,0.0,0.0000,4.25,-12.44,-5.52,10.10,1,0.2889,3.275,-1.353,25.00,1,385.9,121.1,0.15218,226.4,354.6,0.2873,-0.00289,OK
0.8627,0.8239,38.8,0,382.1,112.1,0.1420,350.8,123.3,0.1366,226.5,329.8,0.0000,88.7,398.5,-0.0719,149.0,380.1,0,0.0,0.0,0.0000,4.92,-12.24,-6.28,8.14,1,0.2822,-0.628,0.108,25.00,1,387.2,124.3,0.15455,178.7,340.6,0.2742,-0.00253,OK
0.8702,0.8239,46.3,0,382.1,112.1,0.1420,350.8,123.3,0.1366,226.5,329.8,0.0000,87.8,399.4,-0.0802,149.0,380.8,0,0.0,0.0,0.0000,5.75,-10.90,-5.41,9.13,1,0.2689,-2.089,-0.343,25.00,1,388.1,127.0,0.15664,175.9,339.8,0.2775,-0.00272,OK
0.8780,0.8239,54.1,0,382.1,112.1,0.1420,350.8,123.3,0.1366,226.5,329.8,0.0000,86.8,400.0,-0.0891,148.9,381.2,0,0.0,0.0,0.0000,6.72,-11.47,-6.13,9.81,1,0.2689,-2.089,-0.343,25.00,1,389.0,130.0,0.15885,167.5,369.3,0.2798,-0.00297,OK
0.8869,0.8239,63.0,0,382.1,112.1,0.1420,350.8,123.3,0.1366,226.5,329.8,0.0000,85.8,400.2,-0.0998,149.0,381.2,0,0.0,0.0,0.0000,5.92,-11.15,-7.26,10.39,1,0.3211,2.030,0.216,25.00,1,389.9,133.5,0.16152,164.7,382.7,0.3217,-0.00291,OK
0.8948,0.8239,70.9,0,382.1,112.1,0.1420,350.8,123.3,0.1366,226.5,329.8,0.0000,85.0,400.3,-0.1095,149.2,381.1,0,0.0,0.0,0.0000,5.36,-11.28,-7.67,10.79,1,0.3044,3.403,2.511,24.00,1,390.7,136.7,0.16394,169.4,385.5,0.3010,-0.00271,OK
0.9021,0.8239,78.2,0,382.1,112.1,0.1420,350.8,123.3,0.1366,226.5,329.8,0.0000,84.0,400.5,-0.1167,148.9,381.1,0,0.0,0.0,0.0000,5.06,-12.28,-7.19,10.64,1,0.2011,0.765,-1.422,24.00,1,391.5,139.7,0.16576,175.3,384.9,0.2006,-0.00259,OK
0.9110,0.8239,87.1,0,382.1,112.1,0.1420,350.8,123.3,0.1366,226.5,329.8,0.0000,82.7,400.7,-0.1233,148.3,381.3,0,0.0,0.0,0.0000,5.57,-12.62,-6.06,10.67,1,0.1467,-1.177,-1.285,25.00,1,392.4,143.3,0.16740,172.2,376.3,0.1603,-0.00288,OK
0.9187,0.8239,94.9,0,382.1,112.1,0.1420,350.8,123.3,0.1366,226.5,329.8,0.0000,81.6,401.4,-0.1283,147.8,382.1,0,0.0,0.0,0.0000,5.13,-11.33,-6.13,10.14,1,0.1467,-1.177,-1.285,25.00,1,393.2,146.3,0.16866,157.4,357.2,0.1571,-0.00307,OK
0.9268,0.9243,2.5,0,396.0,148.4,0.1581,371.3,157.8,0.1366,180.4,356.7,0.0000,66.3,406.6,-0.1118,132.0,390.2,0,0.0,0.0,0.0000,5.05,-11.45,-6.46,9.72,1,0.1767,-0.304,1.451,25.00,1,395.9,148.4,0.16454,157.6,324.5,0.1001,-0.00197,OK
0.9341,0.9243,9.8,0,396.0,148.4,0.1581,371.3,157.8,0.1366,180.4,356.7,0.0000,65.6,414.1,-0.1130,132.7,397.7,0,0.0,0.0,0.0000,5.06,-11.07,-7.49,9.43,1,0.1533,0.010,0.530,24.00,1,396.1,149.0,0.16483,142.6,333.4,0.1489,-0.00182,OK
0.9426,0.9243,18.3,0,396.0,148.4,0.1581,371.3,157.8,0.1366,180.4,356.7,0.0000,64.1,415.6,-0.1174,131.8,399.3,0,0.0,0.0,0.0000,5.64,-11.02,-7.62,8.85,1,0.1144,1.206,-4.109,24.00,1,396.7,152.1,0.16594,123.4,336.7,0.1138,-0.00175,OK
0.9512,0.9243,26.9,0,396.0,148.4,0.1581,371.3,157.8,0.1366,180.4,356.7,0.0000,62.6,417.3,-0.1216,131.1,401.0,0,0.0,0.0,0.0000,5.94,-10.94,-7.00,9.08,1,0.1144,1.206,-4.109,25.00,1,397.3,155.1,0.16697,121.6,335.8,0.1213,-0.00187,OK
0.9582,0.9243,33.9,0,396.0,148.4,0.1581,371.3,157.8,0.1366,180.4,356.7,0.0000,61.5,418.6,-0.1252,130.6,402.4,0,0.0,0.0,0.0000,5.30,-10.70,-7.71,9.53,1,0.1444,-0.049,2.599,25.00,1,397.8,157.6,0.16788,125.3,341.0,0.1423,-0.00178,OK
0.9671,0.9243,42.7,0,396.0,148.4,0.1581,371.3,157.8,0.1366,180.4,356.7,0.0000,59.9,420.0,-0.1292,129.7,404.0,0,0.0,0.0,0.0000,5.29,-11.77,-7.53,9.72,1,0.0833,0.686,2.010,25.00,1,398.4,160.8,0.16888,131.7,352.9,0.0840,-0.00175,OK
0.9748,0.9243,50.5,0,396.0,148.4,0.1581,371.3,157.8,0.1366,180.4,356.7,0.0000,58.6,421.1,-0.1312,128.7,405.2,0,0.0,0.0,0.0000,5.26,-11.76,-7.73,9.70,1,0.0467,0.049,-1.491,25.00,1,398.9,163.7,0.16938,127.7,355.9,0.0475,-0.00173,OK
0.9826,0.9243,58.2,0,396.0,148.4,0.1581,371.3,157.8,0.1366,180.4,356.7,0.0000,56.9,422.3,-0.1322,127.4,406.6,0,0.0,0.0,0.0000,4.58,-11.97,-7.49,9.59,1,0.0222,-1.589,0.039,24.00,1,399.5,166.5,0.16962,134.8,347.1,0.0185,-0.00161,OK
0.9904,0.9243,66.1,0,396.0,148.4,0.1581,371.3,157.8,0.1366,180.4,356.7,0.0000,54.9,423.3,-0.1328,125.6,407.9,0,0.0,0.0,0.0000,5.28,-11.61,-7.75,9.54,1,0.0222,-1.589,0.039,25.00,1,400.0,169.4,0.16979,119.2,355.7,0.0238,-0.00161,OK
0.9980,0.9243,73.7,0,396.0,148.4,0.1581,371.3,157.8,0.1366,180.4,356.7,0.0000,53.0,424.5,-0.1336,124.1,409.4,0,0.0,0.0,0.0000,5.30,-11.55,-7.14,8.88,1,0.0222,0.902,-0.922,25.00,1,400.4,172.2,0.16998,111.7,341.7,0.0259,-0.00165,OK
1.0064,0.9243,82.1,0,396.0,148.4,0.1581,371.3,157.8,0.1366,180.4,356.7,0.0000,50.5,426.1,-0.1339,121.9,411.4,0,0.0,0.0,0.0000,4.02,-11.27,-7.52,9.26,1,0.0100,1.177,0.647,24.00,1,400.9,175.1,0.17005,127.1,333.0,0.0000,-0.00140,OK
1.0147,0.9243,90.4,0,396.0,148.4,0.1581,371.3,157.8,0.1366,180.4,356.7,0.0000,47.8,427.5,-0.1335,119.5,413.3,0,0.0,0.0,0.0000,4.84,-11.68,-7.43,9.53,1,-0.0267,-1.265,0.177,24.00,1,401.4,178.1,0.16995,119.2,350.8,-0.0238,-0.00143,OK
1.0225,0.9243,98.2,0,396.0,148.4,0.1581,371.3,157.8,0.1366,180.4,356.7,0.0000,45.8,428.5,-0.1329,117.5,414.6,0,0.0,0.0,0.0000,5.24,-12.34,-7.68,10.22,1,-0.0267,-1.265,0.177,25.00,1,401.9,181.1,0.16980,123.2,372.5,-0.0205,-0.00153,OK
1.0303,1.0268,3.5,0,402.0,183.3,0.1694,387.3,195.5,0.1366,130.5,378.2,0.0000,39.7,432.0,-0.1318,112.0,419.1,0,0.0,0.0,0.0000,5.03,-11.32,-7.73,9.46,1,-0.0133,-1.883,-0.981,25.00,1,402.0,183.4,0.16953,100.4,332.1,-0.0121,-0.00152,OK
1.0379,1.0268,11.1,0,402.0,183.3,0.1694,387.3,195.5,0.1366,130.5,378.2,0.0000,38.3,438.2,-0.1322,111.8,425.4,0,0.0,0.0,0.0000,4.96,-11.41,-7.67,9.24,1,0.0367,1.393,0.637,24.00,1,402.1,184.4,0.16963,99.8,331.8,0.0333,-0.00143,OK
1.0464,1.0268,19.6,0,402.0,183.3,0.1694,387.3,195.5,0.1366,130.5,378.2,0.0000,36.0,439.8,-0.1329,109.8,427.4,0,0.0,0.0,0.0000,4.83,-12.13,-7.73,10.14,1,0.0122,0.667,1.098,25.00,1,402.5,187.4,0.16981,114.5,349.6,0.0115,-0.00138,OK
1.0549,1.0268,28.1,0,402.0,183.3,0.1694,387.3,195.5,0.1366,130.5,378.2,0.0000,33.1,440.7,-0.1333,107.2,428.7,0,0.0,0.0,0.0000,5.23,-12.62,-8.26,10.53,1,0.0122,0.667,1.098,24.00,1,403.0,190.6,0.16990,113.9,370.6,0.0116,-0.00134,OK
1.0625,1.0268,35.7,0,402.0,183.3,0.1694,387.3,195.5,0.1366,130.5,378.2,0.0000,30.6,441.6,-0.1333,104.8,430.1,0,0.0,0.0,0.0000,5.06,-10.62,-8.04,10.38,1,-0.0233,-1.079,-1.412,24.00,1,403.3,193.4,0.16990,97.8,345.4,-0.0155,-0.00147,OK
1.0701,1.0268,43.3,0,402.0,183.3,0.1694,387.3,195.5,0.1366,130.5,378.2,0.0000,28.4,443.8,-0.1329,102.9,432.6,0,0.0,0.0,0.0000,4.23,-7.17,-8.22,9.84,1,-0.0244,-0.333,-1.510,25.00,1,403.5,195.8,0.16979,63.7,279.3,-0.0177,-0.00157,OK
1.0790,1.0268,52.2,0,402.0,183.3,0.1694,387.3,195.5,0.1366,130.5,378.2,0.0000,25.5,446.2,-0.1320,100.5,435.5,0,0.0,0.0,0.0000,4.80,-10.54,-7.91,9.92,1,-0.0389,1.824,1.834,25.00,1,403.7,198.7,0.16958,95.3,339.1,-0.0332,-0.00165,OK
1.0865,1.0268,59.7,0,402.0,183.3,0.1694,387.3,195.5,0.1366,130.5,378.2,0.0000,22.7,447.4,-0.1295,97.6,437.2,0,0.0,0.0,0.0000,4.11,-11.86,-7.84,10.21,1,-0.1344,-1.520,0.481,25.00,1,404.1,201.4,0.16895,116.6,349.0,-0.1321,-0.00165,OK
1.0945,1.0268,67.7,0,402.0,183.3,0.1694,387.3,195.5,0.1366,130.5,378.2,0.0000,18.9,448.3,-0.1251,93.6,438.8,0,0.0,0.0,0.0000,3.87,-12.99,-7.83,10.62,1,-0.1344,-1.520,0.481,25.00,1,404.6,204.4,0.16785,132.1,362.6,-0.1371,-0.00157,OK
1.1030,1.0268,76.2,0,402.0,183.3,0.1694,387.3,195.5,0.1366,130.5,378.2,0.0000,14.4,448.9,-0.1194,88.5,440.3,0,0.0,0.0,0.0000,4.25,-14.38,-7.66,10.37,1,-0.2078,-1.451,-1.373,24.00,1,405.2,207.7,0.16642,131.2,376.2,-0.2030,-0.00162,OK
1.1109,1.0268,84.1,0,402.0,183.3,0.1694,387.3,195.5,0.1366,130.5,378.2,0.0000,10.2,449.3,-0.1132,83.8,441.5,0,0.0,0.0,0.0000,4.69,-14.95,-8.97,9.27,1,-0.1622,1.893,1.216,25.00,1,405.6,210.8,0.16488,109.7,382.7,-0.1763,-0.00137,OK
1.1180,1.0268,91.2,0,402.0,183.3,0.1694,387.3,195.5,0.1366,130.5,378.2,0.0000,6.7,449.5,-0.1087,79.9,442.4,0,0.0,0.0,0.0000,4.96,-14.82,-8.60,9.81,1,-0.1200,1.795,-0.932,27.00,1,405.9,213.7,0.16376,113.9,390.7,-0.1279,-0.00123,OK
1.1266,1.0268,99.8,0,402.0,183.3,0.1694,387.3,195.5,0.1366,130.5,378.2,0.0000,2.6,449.9,-0.1046,75.4,443.6,0,0.0,0.0,0.0000,5.34,-13.36,-7.97,9.67,1,-0.1200,1.795,-0.932,25.00,1,406.3,217.1,0.16274,102.0,378.0,-0.1146,-0.00130,OK
1.1348,1.1292,5.7,0,405.9,219.0,0.1793,397.9,235.0,0.1366,77.8,392.4,0.0000,-0.0,453.8,-0.1319,76.6,447.3,0,0.0,0.0,0.0000,4.64,-12.61,-7.97,10.02,1,-0.1456,-0.892,0.490,25.00,1,405.9,219.0,0.16955,100.4,350.7,-0.1207,-0.00274,OK
1.1423,1.1292,13.2,0,405.9,219.0,0.1793,397.9,235.0,0.1366,77.8,392.4,0.0000,-2.7,456.9,-0.1299,74.2,450.9,0,0.0,0.0,0.0000,7.18,-11.95,-9.18,10.44,1,-0.1122,-1.206,0.392,25.00,1,406.0,221.0,0.16905,65.9,391.6,-0.0941,-0.00301,OK
1.1507,1.1292,21.6,0,405.9,219.0,0.1793,397.9,235.0,0.1366,77.8,392.4,0.0000,-7.1,457.7,-0.1251,69.4,452.5,0,0.0,0.0,0.0000,1.90,-12.60,-9.34,9.41,1,-0.1189,2.599,-0.765,24.00,1,406.4,224.1,0.16784,138.0,310.1,-0.1772,-0.00242,OK
1.1580,1.1292,28.8,0,405.9,219.0,0.1793,397.9,235.0,0.1366,77.8,392.4,0.0000,-12.1,459.1,-0.1199,64.2,454.7,0,0.0,0.0,0.0000,1.85,-12.81,-9.77,9.47,1,-0.0911,1.795,-0.745,25.00,1,407.0,226.5,0.16655,141.6,313.4,-0.1615,-0.00187,OK
1.1662,1.1292,37.1,0,405.9,219.0,0.1793,397.9,235.0,0.1366,77.8,392.4,0.0000,-17.3,460.4,-0.1150,58.7,456.9,0,0.0,0.0,0.0000,3.51,-13.15,-8.93,9.57,1,-0.0911,1.795,-0.745,25.00,1,407.6,229.3,0.16532,115.8,347.1,-0.1241,-0.00145,OK
1.1747,1.1292,45.6,0,405.9,219.0,0.1793,397.9,235.0,0.1366,77.8,392.4,0.0000,-21.9,461.0,-0.1119,53.9,458.3,0,0.0,0.0,0.0000,5.29,-12.86,-9.02,10.03,1,-0.0467,-3.020,0.245,25.00,1,407.9,232.6,0.16456,92.7,379.4,-0.0527,-0.00133,OK
1.1821,1.1292,52.9,0,405.9,219.0,0.1793,397.9,235.0,0.1366,77.8,392.4,0.0000,-25.0,460.7,-0.1113,50.8,458.6,0,0.0,0.0,0.0000,7.07,-12.51,-9.88,10.38,1,0.0033,-1.108,1.324,24.00,1,408.0,235.5,0.16440,68.6,412.0,0.0071,-0.00138,OK
1.1906,1.1292,61.4,0,405.9,219.0,0.1793,397.9,235.0,0.1366,77.8,392.4,0.0000,-28.2,460.3,-0.1120,47.6,458.7,0,0.0,0.0,0.0000,6.79,-12.78,-10.02,9.79,1,0.0433,3.648,-1.000,24.00,1,408.0,239.1,0.16457,66.9,406.9,0.0377,-0.00124,OK
1.1989,1.1292,69.8,0,405.9,219.0,0.1793,397.9,235.0,0.1366,77.8,392.4,0.0000,-31.3,459.8,-0.1133,44.6,458.7,0,0.0,0.0,0.0000,7.07,-12.27,-9.93,9.88,1,0.0433,3.648,-1.000,25.00,1,408.0,242.5,0.16491,61.7,407.6,0.0429,-0.00121,OK
1.2070,1.1292,77.9,0,405.9,219.0,0.1793,397.9,235.0,0.1366,77.8,392.4,0.0000,-34.4,459.2,-0.1145,41.5,458.6,0,0.0,0.0,0.0000,7.01,-12.87,-10.08,9.85,1,0.0389,1.824,-0.608,25.00,1,407.9,245.9,0.16520,65.2,414.6,0.0350,-0.00110,OK
1.2150,1.1292,85.8,0,405.9,219.0,0.1793,397.9,235.0,0.1366,77.8,392.4,0.0000,-38.0,458.2,-0.1157,38.0,458.2,0,0.0,0.0,0.0000,7.06,-13.73,-9.45,11.03,1,0.0311,-1.294,1.030,24.00,1,408.0,249.3,0.16550,86.7,430.9,0.0355,-0.00117,OK
1.2222,1.1292,93.0,0,405.9,219.0,0.1793,397.9,235.0,0.1366,77.8,392.4,0.0000,-41.3,457.3,-0.1168,34.7,457.8,0,0.0,0.0,0.0000,7.52,-13.04,-9.42,10.58,1,0.0300,-1.795,-0.765,24.00,1,408.0,252.4,0.16579,72.5,425.4,0.0383,-0.00132,OK
1.2325,1.2323,0.2,0,409.1,262.7,0.1642,403.2,275.9,0.1366,23.2,399.4,0.0000,-42.3,439.2,-0.1152,30.6,440.2,0,0.0,0.0,0.0000,7.69,-12.28,-9.62,9.81,1,0.0300,0.834,-1.010,24.00,1,409.1,262.6,0.16539,73.0,441.7,0.0140,-0.00127,OK
1.2380,1.2323,5.8,0,409.1,262.7,0.1642,403.2,275.9,0.1366,23.2,399.4,0.0000,-44.9,445.8,-0.1154,29.1,447.1,0,0.0,0.0,0.0000,7.89,-12.61,-9.83,9.12,1,0.0300,0.834,-1.010,25.00,1,409.1,262.6,0.16544,61.3,437.5,0.0336,-0.00127,OK
1.2468,1.2323,14.5,0,409.1,262.7,0.1642,403.2,275.9,0.1366,23.2,399.4,0.0000,-48.6,447.4,-0.1167,25.9,449.3,0,0.0,0.0,0.0000,7.21,-12.64,-9.82,9.20,1,0.0622,1.549,0.481,26.00,1,409.0,265.5,0.16575,68.4,429.5,0.0569,-0.00113,OK
1.2546,1.2323,22.3,0,409.1,262.7,0.1642,403.2,275.9,0.1366,23.2,399.4,0.0000,-52.1,446.4,-0.1183,22.5,448.8,0,0.0,0.0,0.0000,6.89,-12.76,-10.12,9.25,1,0.0622,0.029,-0.137,24.00,1,409.0,268.9,0.16615,71.2,429.2,0.0521,-0.00091,OK
1.2626,1.2323,30.3,0,409.1,262.7,0.1642,403.2,275.9,0.1366,23.2,399.4,0.0000,-55.9,445.1,-0.1199,18.7,448.2,0,0.0,0.0,0.0000,6.67,-12.30,-10.14,9.84,1,0.0633,-0.569,-0.461,25.00,1,409.0,272.4,0.16656,77.5,429.2,0.0561,-0.00074,OK
1.2706,1.2323,38.4,0,409.1,262.7,0.1642,403.2,275.9,0.1366,23.2,399.4,0.0000,-59.8,443.8,-0.1216,14.8,447.6,0,0.0,0.0,0.0000,7.21,-12.34,-10.61,9.32,1,0.0633,-0.569,-0.461,25.00,1,409.0,275.9,0.16698,61.9,434.4,0.0546,-0.00055,OK
1.2790,1.2323,46.7,0,409.1,262.7,0.1642,403.2,275.9,0.1366,23.2,399.4,0.0000,-63.7,442.1,-0.1238,10.9,446.5,0,0.0,0.0,0.0000,7.43,-12.34,-12.79,9.22,1,0.1156,0.392,-1.461,26.00,1,408.8,279.6,0.16753,49.5,450.4,0.0921,-0.00013,OK
1.2870,1.2323,54.8,0,409.1,262.7,0.1642,403.2,275.9,0.1366,23.2,399.4,0.0000,-67.6,440.5,-0.1275,7.2,445.6,0,0.0,0.0,0.0000,7.04,-12.64,-9.68,9.38,1,0.1567,1.726,2.177,25.00,1,408.7,283.2,0.16845,69.3,424.5,0.1443,0.00013,OK
1.2942,1.2323,61.9,0,409.1,262.7,0.1642,403.2,275.9,0.1366,23.2,399.4,0.0000,-71.1,439.0,-0.1318,4.0,444.7,0,0.0,0.0,0.0000,7.93,-12.46,-9.60,10.60,1,0.1500,-0.696,0.530,24.00,1,408.7,286.3,0.16953,72.5,446.2,0.1540,0.00004,OK
1.3031,1.2323,70.8,0,409.1,262.7,0.1642,403.2,275.9,0.1366,23.2,399.4,0.0000,-75.2,436.6,-0.1376,0.2,443.1,0,0.0,0.0,0.0000,9.17,-12.78,-10.05,10.82,1,0.1522,-0.010,-1.902,24.00,1,408.6,290.5,0.17097,61.7,468.7,0.1617,-0.00017,OK
1.3102,1.2323,77.9,0,409.1,262.7,0.1642,403.2,275.9,0.1366,23.2,399.4,0.0000,-77.8,435.0,-0.1422,-2.2,441.9,0,0.0,0.0,0.0000,9.12,-11.87,-10.24,9.83,1,0.1522,-0.010,-1.902,25.00,1,408.4,293.7,0.17213,43.1,451.8,0.1589,-0.00032,OK
1.3184,1.2323,86.2,0,409.1,262.7,0.1642,403.2,275.9,0.1366,23.2,399.4,0.0000,-80.8,433.3,-0.1482,-4.7,440.7,0,0.0,0.0,0.0000,8.91,-12.06,-10.65,9.39,1,0.2089,1.461,1.020,25.00,1,408.1,297.4,0.17362,37.6,451.0,0.2048,-0.00022,OK
1.3268,1.2323,94.5,0,409.1,262.7,0.1642,403.2,275.9,0.1366,23.2,399.4,0.0000,-84.2,431.3,-0.1546,-7.7,439.3,0,0.0,0.0,0.0000,8.76,-12.54,-11.06,9.54,1,0.1956,2.373,0.804,24.00,1,407.7,301.2,0.17522,40.9,459.3,0.1883,-0.00006,OK
1.3352,1.3348,0.4,0,408.1,308.8,0.1869,402.7,316.9,0.1366,-31.5,398.8,0.0000,-95.3,418.6,-0.1826,-17.9,428.9,0,0.0,0.0,0.0000,8.38,-12.84,-10.29,8.87,1,0.1811,0.481,-0.863,24.00,1,408.0,308.8,0.18224,53.0,442.8,0.2539,-0.00042,OK
1.3426,1.3348,7.9,0,408.1,308.8,0.1869,402.7,316.9,0.1366,-31.5,398.8,0.0000,-102.2,424.3,-0.1814,-23.7,435.8,0,0.0,0.0,0.0000,8.60,-11.49,-10.35,8.91,1,0.1811,0.481,-0.863,24.00,1,408.0,308.8,0.18192,42.0,436.1,0.1383,-0.00043,OK
1.3499,1.3348,15.1,0,408.1,308.8,0.1869,402.7,316.9,0.1366,-31.5,398.8,0.0000,-105.6,422.8,-0.1860,-26.8,434.9,0,0.0,0.0,0.0000,9.24,-11.61,-10.70,8.39,1,0.1833,-0.824,1.393,25.00,1,407.7,311.9,0.18307,26.2,441.4,0.1786,-0.00032,OK
1.3586,1.3348,23.8,0,408.1,308.8,0.1869,402.7,316.9,0.1366,-31.5,398.8,0.0000,-108.5,420.7,-0.1923,-29.4,433.5,0,0.0,0.0,0.0000,10.26,-11.26,-11.62,8.24,1,0.1867,0.098,-0.745,24.00,1,407.1,315.8,0.18464,5.4,458.1,0.1843,-0.00026,OK
1.3668,1.3348,32.1,0,408.1,308.8,0.1869,402.7,316.9,0.1366,-31.5,398.8,0.0000,-111.2,418.9,-0.1983,-31.8,432.3,0,0.0,0.0,0.0000,9.18,-10.52,-11.84,7.96,1,0.1933,1.304,0.343,24.00,1,406.5,319.4,0.18615,6.1,437.5,0.1850,-0.00008,OK
1.3740,1.3348,39.2,0,408.1,308.8,0.1869,402.7,316.9,0.1366,-31.5,398.8,0.0000,-113.7,417.4,-0.2034,-33.9,431.3,0,0.0,0.0,0.0000,9.35,-10.57,-11.58,8.16,1,0.1822,0.726,-0.382,24.00,1,406.0,322.5,0.18743,7.8,439.6,0.1778,0.00001,OK
1.3821,1.3348,47.3,0,408.1,308.8,0.1869,402.7,316.9,0.1366,-31.5,398.8,0.0000,-116.6,415.8,-0.2091,-36.4,430.3,0,0.0,0.0,0.0000,9.35,-10.18,-11.66,7.76,1,0.1822,0.726,-0.382,25.00,1,405.3,326.0,0.18886,-0.9,432.1,0.1766,0.00013,OK
1.3902,1.3348,55.5,0,408.1,308.8,0.1869,402.7,316.9,0.1366,-31.5,398.8,0.0000,-119.6,413.8,-0.2150,-39.2,429.0,0,0.0,0.0,0.0000,9.76,-10.47,-12.09,8.05,1,0.1922,-0.029,0.186,25.00,1,404.6,329.5,0.19033,-3.4,446.9,0.1873,0.00023,OK
1.3984,1.3348,63.6,0,408.1,308.8,0.1869,402.7,316.9,0.1366,-31.5,398.8,0.0000,-122.7,411.7,-0.2212,-42.0,427.5,0,0.0,0.0,0.0000,9.96,-10.67,-11.82,8.10,1,0.1944,0.186,0.088,25.00,1,403.9,333.1,0.19187,-2.9,448.8,0.1908,0.00030,OK
1.4061,1.3348,71.3,0,408.1,308.8,0.1869,402.7,316.9,0.1366,-31.5,398.8,0.0000,-125.6,409.9,-0.2269,-44.5,426.4,0,0.0,0.0,0.0000,9.92,-10.26,-11.08,7.69,1,0.1867,0.412,-0.363,25.00,1,403.2,336.4,0.19331,-5.7,431.6,0.1855,0.00032,OK
1.4141,1.3348,79.3,0,408.1,308.8,0.1869,402.7,316.9,0.1366,-31.5,398.8,0.0000,-128.8,408.2,-0.2327,-47.3,425.4,0,0.0,0.0,0.0000,9.34,-10.53,-11.61,7.86,1,0.1867,0.412,-0.363,25.00,1,402.5,339.8,0.19476,-0.5,434.6,0.1794,0.00046,OK
1.4225,1.3348,87.8,0,408.1,308.8,0.1869,402.7,316.9,0.1366,-31.5,398.8,0.0000,-131.7,406.2,-0.2391,-49.9,424.1,0,0.0,0.0,0.0000,10.40,-10.45,-11.31,7.39,1,0.2067,-0.304,0.726,25.00,1,401.7,343.4,0.19636,-16.3,437.1,0.2024,0.00053,OK
1.4306,1.3348,95.8,0,408.1,308.8,0.1869,402.7,316.9,0.1366,-31.5,398.8,0.0000,-134.6,404.1,-0.2450,-52.5,422.7,0,0.0,0.0,0.0000,10.32,-10.93,-11.89,7.30,1,0.1767,2.530,0.951,26.00,1,400.9,346.9,0.19784,-19.1,445.7,0.1684,0.00069,OK
1.4388,1.4329,5.9,0,399.1,358.9,0.2045,397.1,355.7,0.1366,-83.4,391.1,0.0000,-138.1,388.2,-0.2598,-57.6,408.0,0,0.0,0.0,0.0000,9.52,-10.99,-12.33,6.58,1,0.1322,2.403,-1.030,25.00,1,399.1,358.7,0.20153,-15.6,505.3,0.1182,0.00070,OK
1.4464,1.4412,5.2,0,398.5,362.7,0.2139,396.4,358.9,0.1366,-88.0,390.0,0.0000,-144.3,374.3,-0.2774,-64.7,395.9,0,0.0,0.0,0.0000,9.92,-10.04,-12.28,6.77,1,0.0767,-1.971,0.216,25.00,1,398.3,362.8,0.20592,-16.1,497.5,0.0935,0.00020,OK
1.4546,1.4412,13.4,0,398.5,362.7,0.2139,396.4,358.9,0.1366,-88.0,390.0,0.0000,-150.8,369.7,-0.2791,-71.9,392.8,0,0.0,0.0,0.0000,10.07,-9.75,-12.61,6.82,1,0.0767,-1.971,0.216,25.00,1,397.6,365.4,0.20635,-22.2,496.0,0.0749,0.00023,OK
1.4630,1.4563,6.7,0,397.3,366.6,0.1976,395.0,364.8,0.1366,-95.5,388.4,0.0000,-149.9,373.4,-0.2727,-70.9,396.1,0,0.0,0.0,0.0000,10.07,-9.52,-12.84,6.67,1,0.1156,-2.805,1.412,25.00,1,396.9,367.6,0.20475,-32.6,401.7,0.1070,0.00067,OK
1.4704,1.4563,14.2,0,397.3,366.6,0.1976,395.0,364.8,0.1366,-95.5,388.4,0.0000,-153.0,373.4,-0.2751,-73.6,396.8,0,0.0,0.0,0.0000,11.10,-9.39,-13.21,6.04,1,0.0989,2.922,-1.314,25.00,1,396.1,370.0,0.20536,-55.1,414.8,0.0944,0.00075,OK
1.4789,1.4563,22.6,0,397.3,366.6,0.1976,395.0,364.8,0.1366,-95.5,388.4,0.0000,-156.3,371.9,-0.2778,-76.9,396.0,0,0.0,0.0,0.0000,10.49,-10.59,-10.90,5.97,1,0.0733,2.246,0.785,25.00,1,395.1,373.3,0.20604,-30.4,390.7,0.0682,0.00083,OK
1.4868,1.4563,30.5,0,397.3,366.6,0.1976,395.0,364.8,0.1366,-95.5,388.4,0.0000,-160.2,371.0,-0.2802,-80.7,396.0,0,0.0,0.0,0.0000,9.39,-9.43,-9.00,6.29,1,0.0733,2.246,0.785,25.00,1,394.4,376.1,0.20662,-6.1,351.6,0.0782,0.00073,OK
1.4945,1.4563,38.2,0,397.3,366.6,0.1976,395.0,364.8,0.1366,-95.5,388.4,0.0000,-164.3,369.8,-0.2819,-84.8,395.7,0,0.0,0.0,0.0000,10.83,-10.24,-11.27,6.71,1,0.0267,-3.109,2.579,25.00,1,393.6,379.0,0.20705,-26.3,408.8,0.0309,0.00064,OK
1.5020,1.4563,45.7,0,397.3,366.6,0.1976,395.0,364.8,0.1366,-95.5,388.4,0.0000,-168.1,368.2,-0.2825,-88.7,394.9,0,0.0,0.0,0.0000,10.43,-9.77,-11.94,5.68,1,0.0189,0.412,-2.932,24.00,1,392.7,381.9,0.20721,-46.1,399.0,0.0136,0.00073,OK
1.5107,1.4563,54.4,0,397.3,366.6,0.1976,395.0,364.8,0.1366,-95.5,388.4,0.0000,-172.1,366.4,-0.2832,-93.0,394.0,0,0.0,0.0,0.0000,10.74,-8.83,-12.90,5.33,1,0.0311,2.324,1.795,24.00,1,391.5,385.2,0.20738,-65.0,402.8,0.0266,0.00079,OK
1.5186,1.4563,62.3,0,397.3,366.6,0.1976,395.0,364.8,0.1366,-95.5,388.4,0.0000,-175.2,364.4,-0.2839,-96.4,392.7,0,0.0,0.0,0.0000,10.69,-9.00,-13.87,5.45,1,0.0311,2.324,1.795,25.00,1,390.3,388.3,0.20756,-68.6,415.4,0.0238,0.00091,OK
1.5262,1.4563,69.9,0,397.3,366.6,0.1976,395.0,364.8,0.1366,-95.5,388.4,0.0000,-178.5,362.4,-0.2834,-100.1,391.4,0,0.0,0.0,0.0000,10.22,-9.29,-13.10,5.14,1,-0.0422,-0.049,-0.490,26.00,1,389.2,391.2,0.20744,-62.5,402.9,-0.0504,0.00105,OK
1.5351,1.4563,78.8,0,397.3,366.6,0.1976,395.0,364.8,0.1366,-95.5,388.4,0.0000,-182.4,360.4,-0.2812,-104.5,390.2,0,0.0,0.0,0.0000,9.82,-8.60,-12.68,4.92,1,-0.0700,-0.118,0.422,24.00,1,387.9,394.5,0.20687,-61.7,386.6,-0.0748,0.00112,OK
1.5432,1.5393,3.9,0,385.6,402.2,0.2155,385.3,396.5,0.1366,-137.9,375.3,0.0000,-187.2,345.0,-0.2899,-111.5,376.3,0,0.0,0.0,0.0000,7.69,-8.75,-12.81,4.79,1,-0.0833,0.441,2.962,24.00,1,385.7,402.1,0.20905,-39.0,397.0,-0.0741,0.00097,OK
1.5500,1.5500,0.1,0,382.5,409.2,0.2148,383.8,400.5,0.1366,-143.3,373.5,0.0000,-186.3,331.3,-0.2914,-113.4,362.8,0,0.0,0.0,0.0000,9.92,-9.03,-12.59,4.85,1,-0.1778,-0.363,-1.461,25.00,1,383.1,408.2,0.20943,-74.7,549.3,-0.0880,0.00067,OK
1.5591,1.5589,0.2,0,381.1,412.2,0.2129,382.5,403.9,0.1366,-147.6,371.8,0.0000,-188.7,326.1,-0.2896,-116.9,358.2,0,0.0,0.0,0.0000,9.76,-8.43,-12.99,4.26,1,-0.1778,-0.363,-1.461,25.00,1,381.3,412.1,0.20897,-91.3,475.9,-0.1179,0.00051,OK
1.5669,1.5589,8.0,0,381.1,412.2,0.2129,382.5,403.9,0.1366,-147.6,371.8,0.0000,-195.9,332.7,-0.2896,-122.7,366.1,0,0.0,0.0,0.0000,10.85,-8.00,-13.53,4.17,1,-0.1933,-1.324,-1.383,25.00,1,381.3,412.1,0.20899,-101.4,479.7,-0.1129,0.00051,OK
1.5745,1.5692,5.3,0,380.0,415.5,0.2101,381.0,407.7,0.1366,-152.4,369.7,0.0000,-197.5,328.1,-0.2860,-125.4,361.8,0,0.0,0.0,0.0000,10.51,-7.42,-14.01,3.15,1,-0.1489,1.530,1.412,25.00,1,379.6,415.9,0.20807,-109.1,425.8,-0.1490,0.00050,OK
1.5826,1.5789,3.7,0,379.4,418.2,0.2075,379.5,411.3,0.1366,-157.1,367.7,0.0000,-201.4,326.2,-0.2800,-130.2,360.6,0,0.0,0.0,0.0000,10.76,-7.98,-14.15,3.11,1,-0.1733,1.589,2.481,24.00,1,378.5,418.9,0.20657,-88.7,380.8,-0.1774,0.00061,OK
1.5909,1.5881,2.8,0,377.2,422.0,0.1953,378.0,414.7,0.1366,-161.7,365.8,0.0000,-202.4,324.9,-0.2633,-132.9,359.0,0,0.0,0.0,0.0000,10.22,-8.10,-13.53,3.21,1,-0.2600,0.147,0.549,24.00,1,377.1,422.1,0.20241,-80.7,380.6,-0.3180,0.00091,OK
1.5983,1.5961,2.2,0,376.4,425.3,0.1981,376.7,417.6,0.1366,-165.9,364.2,0.0000,-207.9,321.0,-0.2535,-140.0,355.9,0,0.0,0.0,0.0000,10.77,-8.33,-13.14,3.09,1,-0.2600,0.147,0.549,24.00,1,376.1,425.1,0.19995,-70.6,393.9,-0.2820,0.00103,OK
1.6068,1.6046,2.2,0,375.2,428.7,0.2006,375.3,420.6,0.1366,-170.1,362.2,0.0000,-213.9,316.9,-0.2450,-147.4,352.8,0,0.0,0.0,0.0000,10.44,-8.39,-14.14,2.29,1,-0.3011,-2.226,-1.569,25.00,1,374.9,428.5,0.19782,-77.8,404.9,-0.2909,0.00116,OK
1.6143,1.6129,1.4,0,373.5,432.1,0.1990,373.8,423.7,0.1366,-174.1,360.2,0.0000,-217.0,313.1,-0.2377,-151.8,349.3,0,0.0,0.0,0.0000,10.45,-7.37,-12.89,1.14,1,-0.2778,-0.167,0.402,25.00,1,373.5,431.7,0.19601,-94.3,398.6,-0.2617,0.00134,OK
1.6221,1.6219,0.2,0,371.9,435.4,0.2041,372.2,426.9,0.1366,-178.2,358.0,0.0000,-221.2,307.5,-0.2363,-157.2,344.6,0,0.0,0.0,0.0000,10.82,-7.34,-13.68,0.49,1,-0.2422,1.844,1.285,25.00,1,371.8,435.2,0.19565,-111.5,408.5,-0.1352,0.00150,OK
1.6299,1.6299,0.1,0,370.8,437.8,0.1975,370.8,429.7,0.1366,-181.7,356.1,0.0000,-223.7,306.5,-0.2287,-160.5,343.9,0,0.0,0.0,0.0000,9.72,-6.88,-14.84,0.31,1,-0.2422,1.844,1.285,24.00,1,370.5,437.9,0.19376,-102.4,373.3,-0.2246,0.00189,OK
1.6382,1.6299,8.3,0,370.8,437.8,0.1975,370.8,429.7,0.1366,-181.7,356.1,0.0000,-231.9,312.3,-0.2277,-167.5,351.0,0,0.0,0.0,0.0000,10.70,-7.13,-14.06,1.47,1,-0.2667,1.775,0.343,25.00,1,370.5,438.0,0.19349,-98.7,398.3,-0.2795,0.00205,OK
1.6466,1.6388,7.7,0,369.5,441.7,0.2046,369.2,432.9,0.1366,-185.9,354.0,0.0000,-238.8,306.4,-0.2262,-175.6,346.6,0,0.0,0.0,0.0000,10.75,-6.64,-13.56,2.41,1,-0.2900,-3.226,2.854,25.00,1,369.3,441.5,0.19314,-73.5,405.2,-0.2819,0.00163,OK
1.6540,1.6477,6.3,0,367.4,445.3,0.1820,367.5,436.0,0.1366,-190.1,351.8,0.0000,-235.7,306.3,-0.2132,-173.7,345.3,0,0.0,0.0,0.0000,10.96,-3.97,-12.97,2.31,1,-0.2811,-0.853,-1.579,26.00,1,367.7,445.0,0.18987,-88.9,370.8,-0.1920,0.00117,OK
1.6624,1.6551,7.3,0,366.7,448.3,0.1925,366.1,438.6,0.1366,-193.8,349.9,0.0000,-244.2,300.7,-0.2106,-183.3,341.3,0,0.0,0.0,0.0000,11.40,-3.62,-13.53,2.01,1,-0.2378,1.795,0.804,25.00,1,366.6,447.9,0.18923,-97.0,382.0,-0.1426,0.00042,OK
1.6708,1.6551,15.7,0,366.7,448.3,0.1925,366.1,438.6,0.1366,-193.8,349.9,0.0000,-249.5,297.8,-0.2049,-189.5,339.2,0,0.0,0.0,0.0000,11.04,-5.02,-13.03,2.19,1,-0.2378,1.795,0.804,24.00,1,365.3,450.8,0.18781,-88.9,397.8,-0.2165,0.00011,OK
1.6781,1.6551,23.0,0,366.7,448.3,0.1925,366.1,438.6,0.1366,-193.8,349.9,0.0000,-254.0,294.4,-0.1984,-195.2,336.3,0,0.0,0.0,0.0000,10.36,-5.73,-13.24,2.41,1,-0.2433,0.373,0.686,24.00,1,364.1,453.5,0.18618,-82.9,401.4,-0.2317,-0.00005,OK
1.6864,1.6551,31.3,0,366.7,448.3,0.1925,366.1,438.6,0.1366,-193.8,349.9,0.0000,-259.6,290.2,-0.1900,-202.1,332.8,0,0.0,0.0,0.0000,9.56,-6.95,-13.30,2.76,1,-0.2756,0.049,0.137,25.00,1,362.9,456.7,0.18407,-70.1,406.0,-0.2748,-0.00006,OK
1.6945,1.6551,39.4,0,366.7,448.3,0.1925,366.1,438.6,0.1366,-193.8,349.9,0.0000,-265.0,285.9,-0.1813,-208.9,329.1,0,0.0,0.0,0.0000,9.83,-6.60,-13.23,2.35,1,-0.2622,0.020,0.294,25.00,1,361.7,459.8,0.18190,-82.6,398.1,-0.2623,-0.00006,OK
1.7025,1.6551,47.4,0,366.7,448.3,0.1925,366.1,438.6,0.1366,-193.8,349.9,0.0000,-270.2,282.0,-0.1729,-215.4,325.7,0,0.0,0.0,0.0000,9.42,-6.00,-13.25,1.70,1,-0.2622,0.020,0.294,25.00,1,360.4,462.7,0.17979,-92.9,376.8,-0.2657,-0.00001,OK
1.7102,1.6551,55.1,0,366.7,448.3,0.1925,366.1,438.6,0.1366,-193.8,349.9,0.0000,-274.8,278.1,-0.1648,-221.3,322.3,0,0.0,0.0,0.0000,10.71,-6.26,-13.13,1.71,1,-0.2533,-0.530,3.060,25.00,1,359.2,465.5,0.17779,-106.3,393.1,-0.2541,-0.00000,OK
1.7192,1.6551,64.2,0,366.7,448.3,0.1925,366.1,438.6,0.1366,-193.8,349.9,0.0000,-280.1,273.5,-0.1554,-228.1,318.2,0,0.0,0.0,0.0000,10.59,-5.61,-13.27,1.24,1,-0.2722,0.147,-0.637,25.00,1,357.5,468.7,0.17542,-116.6,378.8,-0.2702,-0.00003,OK
1.7270,1.6551,71.9,0,366.7,448.3,0.1925,366.1,438.6,0.1366,-193.8,349.9,0.0000,-284.6,269.8,-0.1473,-233.8,314.9,0,0.0,0.0,0.0000,10.65,-4.83,-13.96,0.60,1,-0.2544,2.040,0.284,24.00,1,356.1,471.4,0.17339,-135.4,368.5,-0.2530,-0.00005,OK
1.7352,1.6551,80.1,0,366.7,448.3,0.1925,366.1,438.6,0.1366,-193.8,349.9,0.0000,-289.4,266.2,-0.1388,-239.8,311.6,0,0.0,0.0,0.0000,10.22,-4.98,-13.02,-0.05,1,-0.2511,1.491,2.040,26.00,1,354.4,474.1,0.17128,-140.6,349.9,-0.2663,0.00014,OK
1.7426,1.7401,2.5,0,356.1,468.7,0.1717,347.9,467.4,0.1366,-232.2,325.8,0.0000,-293.6,280.5,-0.1298,-242.3,325.9,0,0.0,0.0,0.0000,10.38,-4.73,-13.13,0.26,1,-0.2511,1.491,2.040,25.00,1,355.9,469.0,0.16904,-111.1,224.4,-0.2351,0.00003,OK
1.7500,1.7401,9.9,0,356.1,468.7,0.1717,347.9,467.4,0.1366,-232.2,325.8,0.0000,-302.5,292.2,-0.1275,-249.3,338.8,0,0.0,0.0,0.0000,9.95,-5.18,-13.33,0.24,1,-0.2722,-0.196,-0.000,25.00,1,355.6,469.4,0.16846,-113.3,242.3,-0.2795,0.00012,OK
1.7584,1.7401,18.3,0,356.1,468.7,0.1717,347.9,467.4,0.1366,-232.2,325.8,0.0000,-310.1,293.4,-0.1186,-257.2,340.7,0,0.0,0.0,0.0000,10.41,-4.73,-13.33,-0.31,1,-0.2378,-0.667,-0.137,24.00,1,354.2,471.2,0.16623,-132.4,246.2,-0.2489,0.00023,OK
1.7662,1.7401,26.2,0,356.1,468.7,0.1717,347.9,467.4,0.1366,-232.2,325.8,0.0000,-314.9,292.4,-0.1121,-262.7,340.1,0,0.0,0.0,0.0000,10.87,-3.46,-12.96,-0.74,1,-0.1589,1.157,1.049,25.00,1,352.8,472.9,0.16461,-148.1,236.3,-0.1661,0.00031,OK
1.7741,1.7401,34.1,0,356.1,468.7,0.1717,347.9,467.4,0.1366,-232.2,325.8,0.0000,-319.5,291.7,-0.1072,-267.8,339.7,0,0.0,0.0,0.0000,11.31,-2.70,-12.45,-1.47,1,-0.1344,3.324,1.187,25.00,1,351.3,474.5,0.16339,-165.3,228.2,-0.1431,0.00041,OK
1.7820,1.7401,41.9,0,356.1,468.7,0.1717,347.9,467.4,0.1366,-232.2,325.8,0.0000,-323.9,290.9,-0.1027,-272.6,339.4,0,0.0,0.0,0.0000,11.25,-2.66,-12.38,-1.55,1,-0.1344,3.324,1.187,25.00,1,349.7,476.1,0.16226,-168.3,230.7,-0.1445,0.00055,OK
1.7907,1.7401,50.6,0,356.1,468.7,0.1717,347.9,467.4,0.1366,-232.2,325.8,0.0000,-328.9,289.9,-0.0972,-278.2,338.8,0,0.0,0.0,0.0000,11.08,-2.74,-12.42,-1.27,1,-0.1644,0.118,0.971,25.00,1,348.0,477.9,0.16089,-163.5,234.3,-0.1682,0.00059,OK
1.7980,1.7401,57.9,0,356.1,468.7,0.1717,347.9,467.4,0.1366,-232.2,325.8,0.0000,-333.1,288.7,-0.0924,-282.9,338.0,0,0.0,0.0,0.0000,10.92,-2.55,-13.43,-1.65,1,-0.1533,-1.187,0.265,25.00,1,346.4,479.4,0.15967,-178.0,242.0,-0.1639,0.00072,OK
1.8068,1.7401,66.7,0,356.1,468.7,0.1717,347.9,467.4,0.1366,-232.2,325.8,0.0000,-337.5,287.3,-0.0866,-288.0,336.9,0,0.0,0.0,0.0000,11.89,-2.06,-13.44,-2.19,1,-0.1533,-1.187,0.265,25.00,1,344.5,481.2,0.15824,-198.4,247.9,-0.1608,0.00080,OK
1.8145,1.7401,74.5,0,356.1,468.7,0.1717,347.9,467.4,0.1366,-232.2,325.8,0.0000,-341.5,286.3,-0.0817,-292.6,336.2,0,0.0,0.0,0.0000,9.67,-1.87,-12.84,-2.64,1,-0.1167,2.363,0.981,25.00,1,342.7,482.8,0.15701,-183.1,217.1,-0.1519,0.00120,OK
1.8225,1.7401,82.4,0,356.1,468.7,0.1717,347.9,467.4,0.1366,-232.2,325.8,0.0000,-346.1,285.9,-0.0769,-297.5,336.1,0,0.0,0.0,0.0000,8.37,-1.46,-13.05,-2.33,1,-0.1189,1.471,1.334,25.00,1,341.1,484.1,0.15580,-166.6,193.1,-0.1476,0.00156,OK
1.8300,1.7401,89.9,0,356.1,468.7,0.1717,347.9,467.4,0.1366,-232.2,325.8,0.0000,-350.1,285.0,-0.0725,-302.0,335.5,0,0.0,0.0,0.0000,10.42,-1.66,-13.57,-2.63,1,-0.1156,-0.186,1.432,25.00,1,339.5,485.5,0.15469,-199.1,234.4,-0.1406,0.00186,OK
1.8390,1.7401,98.9,0,356.1,468.7,0.1717,347.9,467.4,0.1366,-232.2,325.8,0.0000,-354.3,283.3,-0.0684,-306.8,334.2,0,0.0,0.0,0.0000,11.58,-1.03,-13.02,-2.69,1,-0.0689,0.912,-2.432,24.00,1,337.3,487.3,0.15369,-212.8,236.9,-0.0807,0.00199,OK
1.8477,1.8473,0.3,0,334.9,500.3,0.1575,320.6,500.4,0.1366,-276.2,289.4,0.0000,-353.3,266.0,-0.0719,-308.2,317.2,0,0.0,0.0,0.0000,12.55,-0.94,-13.27,-2.36,1,-0.0689,0.912,-2.432,25.00,1,334.8,500.1,0.15456,-186.3,343.3,-0.0196,0.00162,OK
1.8549,1.8473,7.6,0,334.9,500.3,0.1575,320.6,500.4,0.1366,-276.2,289.4,0.0000,-360.8,257.8,-0.0766,-316.4,310.7,0,0.0,0.0,0.0000,13.55,0.20,-13.75,-1.01,1,0.0500,0.392,1.598,25.00,1,334.8,500.0,0.15572,-202.6,345.8,0.4345,0.00168,OK
1.8624,1.8473,15.0,0,334.9,500.3,0.1575,320.6,500.4,0.1366,-276.2,289.4,0.0000,-363.8,255.7,-0.0874,-318.9,309.9,0,0.0,0.0,0.0000,13.68,0.45,-13.83,-0.36,1,0.1111,0.785,-0.059,25.00,1,333.1,502.1,0.15842,-178.5,314.8,0.2581,0.00003,OK
1.8706,1.8473,23.3,0,334.9,500.3,0.1575,320.6,500.4,0.1366,-276.2,289.4,0.0000,-367.2,253.2,-0.0973,-321.9,308.7,0,0.0,0.0,0.0000,13.87,0.50,-13.44,-0.21,1,0.0922,1.991,-0.892,25.00,1,331.3,504.4,0.16089,-178.2,309.5,0.2788,-0.00146,OK
1.8790,1.8473,31.7,0,334.9,500.3,0.1575,320.6,500.4,0.1366,-276.2,289.4,0.0000,-370.4,250.6,-0.1037,-324.9,307.2,0,0.0,0.0,0.0000,13.04,0.79,-13.33,-3.02,1,0.0922,1.991,-0.892,25.00,1,329.1,506.7,0.16250,-227.9,298.6,0.1029,-0.00165,OK
1.8865,1.8473,39.1,0,334.9,500.3,0.1575,320.6,500.4,0.1366,-276.2,289.4,0.0000,-372.6,248.1,-0.1063,-327.4,305.3,0,0.0,0.0,0.0000,13.64,0.35,-13.73,-3.94,1,0.1000,-0.422,2.344,25.00,1,327.0,508.7,0.16315,-250.3,320.2,0.0833,-0.00131,OK
1.8950,1.8473,47.6,0,334.9,500.3,0.1575,320.6,500.4,0.1366,-276.2,289.4,0.0000,-375.1,245.0,-0.1085,-330.2,302.8,0,0.0,0.0,0.0000,13.58,0.54,-13.63,-3.80,1,0.0533,-0.029,-1.108,24.00,1,324.5,510.9,0.16369,-249.2,307.0,0.0485,-0.00119,OK
1.9022,1.8473,54.8,0,334.9,500.3,0.1575,320.6,500.4,0.1366,-276.2,289.4,0.0000,-377.1,242.2,-0.1103,-332.4,300.5,0,0.0,0.0,0.0000,14.11,0.86,-14.03,-3.89,1,0.0844,1.706,-0.657,25.00,1,322.3,512.8,0.16416,-262.0,308.9,0.0823,-0.00114,OK
1.9109,1.8473,63.6,0,334.9,500.3,0.1575,320.6,500.4,0.1366,-276.2,289.4,0.0000,-379.3,238.9,-0.1136,-334.9,298.0,0,0.0,0.0,0.0000,14.92,1.20,-13.18,-4.40,1,0.1189,1.157,0.902,24.00,1,319.5,515.1,0.16498,-271.9,300.7,0.1118,-0.00099,OK
1.9188,1.8473,71.5,0,334.9,500.3,0.1575,320.6,500.4,0.1366,-276.2,289.4,0.0000,-380.8,235.7,-0.1169,-336.7,295.4,0,0.0,0.0,0.0000,14.48,0.84,-14.68,-4.25,1,0.1189,1.157,0.902,25.00,1,317.0,517.1,0.16580,-280.5,319.3,0.1063,-0.00075,OK
1.9266,1.8473,79.2,0,334.9,500.3,0.1575,320.6,500.4,0.1366,-276.2,289.4,0.0000,-382.2,232.3,-0.1204,-338.4,292.5,0,0.0,0.0,0.0000,15.34,0.95,-14.82,-4.01,1,0.1278,-0.294,1.314,25.00,1,314.4,519.2,0.16669,-287.3,323.7,0.1249,-0.00068,OK
1.9344,1.8473,87.1,0,334.9,500.3,0.1575,320.6,500.4,0.1366,-276.2,289.4,0.0000,-383.2,229.1,-0.1247,-339.6,289.9,0,0.0,0.0,0.0000,16.18,1.28,-14.55,-4.39,1,0.1522,-0.196,-1.687,25.00,1,311.7,521.3,0.16775,-300.0,321.9,0.1481,-0.00060,OK
1.9420,1.8473,94.7,0,334.9,500.3,0.1575,320.6,500.4,0.1366,-276.2,289.4,0.0000,-384.1,226.3,-0.1307,-340.5,287.8,0,0.0,0.0,0.0000,15.76,2.08,-14.51,-4.36,1,0.2478,-0.628,1.236,26.00,1,309.0,523.3,0.16925,-304.8,305.7,0.2458,-0.00056,OK
1.9509,1.9495,1.4,0,302.0,528.2,0.1632,290.5,528.0,0.1366,-313.0,248.8,0.0000,-375.6,211.9,-0.1291,-334.7,272.1,0,0.0,0.0,0.0000,15.80,2.30,-13.88,-4.64,1,0.2478,-0.628,1.236,25.00,1,302.1,528.2,0.16886,-319.8,306.8,0.1801,0.00000,OK
1.9584,1.9495,8.9,0,302.0,528.2,0.1632,290.5,528.0,0.1366,-313.0,248.8,0.0000,-384.0,213.7,-0.1306,-342.5,275.3,0,0.0,0.0,0.0000,16.33,2.25,-10.74,-4.79,1,0.2711,0.990,0.785,25.00,1,301.8,528.4,0.16923,-288.1,265.7,0.2638,0.00014,OK
1.9668,1.9495,17.2,0,302.0,528.2,0.1632,290.5,528.0,0.1366,-313.0,248.8,0.0000,-385.2,211.0,-0.1393,-343.6,273.6,0,0.0,0.0,0.0000,16.40,2.65,-13.00,-4.92,1,0.2578,1.285,0.226,25.00,1,298.9,530.2,0.17139,-320.4,288.7,0.2563,0.00017,OK
1.9740,1.9495,24.5,0,302.0,528.2,0.1632,290.5,528.0,0.1366,-313.0,248.8,0.0000,-385.9,208.1,-0.1460,-344.3,271.5,0,0.0,0.0,0.0000,15.89,2.40,-14.35,-4.83,1,0.2111,2.324,-1.932,24.00,1,296.2,531.9,0.17308,-327.3,301.7,0.2112,0.00017,OK
1.9829,1.9495,33.4,0,302.0,528.2,0.1632,290.5,528.0,0.1366,-313.0,248.8,0.0000,-386.4,204.5,-0.1532,-345.0,268.6,0,0.0,0.0,0.0000,15.12,1.95,-14.68,-4.65,1,0.2056,-0.863,1.177,24.00,1,292.9,534.1,0.17488,-320.3,305.6,0.1978,0.00031,OK
1.9906,1.9495,41.1,0,302.0,528.2,0.1632,290.5,528.0,0.1366,-313.0,248.8,0.0000,-387.2,201.2,-0.1591,-345.9,266.0,0,0.0,0.0,0.0000,15.04,1.68,-14.54,-4.71,1,0.2056,-0.863,1.177,26.00,1,290.1,536.0,0.17635,-318.3,308.3,0.1905,0.00058,OK
1.9985,1.9495,49.0,0,302.0,528.2,0.1632,290.5,528.0,0.1366,-313.0,248.8,0.0000,-387.6,197.9,-0.1645,-346.5,263.3,0,0.0,0.0,0.0000,16.25,1.69,-14.74,-5.25,1,0.1811,-2.108,1.226,25.00,1,287.1,538.0,0.17771,-334.9,319.0,0.1651,0.00086,OK
2.0073,1.9495,57.8,0,302.0,528.2,0.1632,290.5,528.0,0.1366,-313.0,248.8,0.0000,-387.9,193.8,-0.1702,-347.2,259.8,0,0.0,0.0,0.0000,16.49,1.81,-15.18,-5.11,1,0.1689,1.432,-2.265,25.00,1,283.7,540.2,0.17913,-339.8,319.9,0.1599,0.00100,OK
2.0142,1.9495,64.7,0,302.0,528.2,0.1632,290.5,528.0,0.1366,-313.0,248.8,0.0000,-388.2,190.2,-0.1748,-347.8,256.8,0,0.0,0.0,0.0000,16.42,1.81,-15.50,-5.21,1,0.1956,2.491,2.844,24.00,1,280.9,542.0,0.18027,-344.5,324.3,0.1811,0.00123,OK
2.0230,1.9495,73.5,0,302.0,528.2,0.1632,290.5,528.0,0.1366,-313.0,248.8,0.0000,-388.8,185.7,-0.1798,-348.9,252.8,0,0.0,0.0,0.0000,15.80,1.87,-15.04,-5.23,1,0.1167,-0.549,1.628,25.00,1,277.5,544.1,0.18153,-334.7,304.8,0.1099,0.00133,OK
2.0304,1.9495,80.8,0,302.0,528.2,0.1632,290.5,528.0,0.1366,-313.0,248.8,0.0000,-389.7,182.0,-0.1832,-350.2,249.7,0,0.0,0.0,0.0000,17.14,1.68,-12.84,-4.73,1,0.1167,-0.549,1.628,25.00,1,274.8,545.8,0.18237,-311.6,287.0,0.1178,0.00129,OK
2.0391,1.9495,89.5,0,302.0,528.2,0.1632,290.5,528.0,0.1366,-313.0,248.8,0.0000,-390.6,177.1,-0.1867,-351.8,245.3,0,0.0,0.0,0.0000,17.23,1.30,-15.70,-4.27,1,0.0556,-2.579,-3.501,26.00,1,271.6,548.0,0.18325,-331.0,324.0,0.0727,0.00099,OK
2.0469,1.9495,97.4,0,302.0,528.2,0.1632,290.5,528.0,0.1366,-313.0,248.8,0.0000,-391.0,172.6,-0.1894,-352.9,241.2,0,0.0,0.0,0.0000,16.29,1.81,-15.76,-5.25,1,0.1044,0.147,1.285,24.00,1,268.5,550.0,0.18392,-344.7,313.8,0.0996,0.00105,OK
2.0543,2.0501,4.2,0,269.1,550.0,0.1800,257.4,550.8,0.1366,-343.4,205.2,0.0000,-404.4,166.5,-0.1865,-367.3,237.4,0,0.0,0.0,0.0000,16.27,2.46,-15.78,-5.15,1,0.1511,1.942,1.069,24.00,1,268.9,550.1,0.18322,-307.1,268.7,0.1427,0.00124,OK
2.0619,2.0501,11.8,0,269.1,550.0,0.1800,257.4,550.8,0.1366,-343.4,205.2,0.0000,-409.8,165.2,-0.1890,-372.7,237.4,0,0.0,0.0,0.0000,16.62,2.59,-16.23,-5.11,1,0.1511,1.942,1.069,26.00,1,267.6,550.9,0.18383,-317.3,275.3,0.1574,0.00112,OK
2.0702,2.0501,20.1,0,269.1,550.0,0.1800,257.4,550.8,0.1366,-343.4,205.2,0.0000,-411.1,161.4,-0.1936,-374.4,234.3,0,0.0,0.0,0.0000,15.95,2.68,-16.07,-5.48,1,0.1133,0.196,-1.206,25.00,1,264.6,552.6,0.18497,-319.0,265.8,0.1166,0.00105,OK
2.0786,2.0501,28.5,0,269.1,550.0,0.1800,257.4,550.8,0.1366,-343.4,205.2,0.0000,-412.6,157.8,-0.1974,-376.3,231.3,0,0.0,0.0,0.0000,15.34,2.65,-14.98,-5.47,1,0.1111,-0.569,0.765,25.00,1,261.6,554.2,0.18593,-308.2,251.4,0.1119,0.00102,OK
2.0869,2.0501,36.8,0,269.1,550.0,0.1800,257.4,550.8,0.1366,-343.4,205.2,0.0000,-414.1,154.1,-0.2019,-378.2,228.4,0,0.0,0.0,0.0000,15.53,2.71,-15.11,-5.38,1,0.1589,-0.441,2.599,24.00,1,258.7,555.8,0.18705,-313.4,257.3,0.1579,0.00102,OK
2.0945,2.0501,44.4,0,269.1,550.0,0.1800,257.4,550.8,0.1366,-343.4,205.2,0.0000,-415.1,150.4,-0.2066,-379.6,225.4,0,0.0,0.0,0.0000,15.86,2.82,-15.76,-6.00,1,0.1589,-0.441,2.599,25.00,1,255.9,557.3,0.18822,-331.7,266.9,0.1517,0.00112,OK
2.1032,2.0501,53.1,0,269.1,550.0,0.1800,257.4,550.8,0.1366,-343.4,205.2,0.0000,-415.7,146.6,-0.2117,-380.6,222.2,0,0.0,0.0,0.0000,16.93,5.08,-15.96,-6.24,1,0.1078,1.304,-0.716,25.00,1,252.5,558.9,0.18951,-357.8,234.4,0.1346,0.00073,OK
2.1100,2.0501,59.9,0,269.1,550.0,0.1800,257.4,550.8,0.1366,-343.4,205.2,0.0000,-416.1,143.2,-0.2146,-381.5,219.2,0,0.0,0.0,0.0000,17.29,2.34,-15.63,-5.97,1,0.0756,0.726,-1.775,25.00,1,249.8,560.2,0.19022,-339.7,283.8,0.0750,0.00073,OK
2.1191,2.0501,69.0,0,269.1,550.0,0.1800,257.4,550.8,0.1366,-343.4,205.2,0.0000,-416.9,138.2,-0.2180,-383.0,214.8,0,0.0,0.0,0.0000,16.94,2.93,-15.33,-5.98,1,0.1078,-1.608,0.510,25.00,1,246.3,562.1,0.19108,-341.3,268.2,0.1109,0.00067,OK
2.1269,2.0501,76.9,0,269.1,550.0,0.1800,257.4,550.8,0.1366,-343.4,205.2,0.0000,-417.7,134.0,-0.2215,-384.4,211.2,0,0.0,0.0,0.0000,16.12,2.87,-15.57,-6.14,1,0.1144,-0.588,1.216,24.00,1,243.3,563.6,0.19194,-341.1,266.9,0.1110,0.00071,OK
2.1347,2.0501,84.6,0,269.1,550.0,0.1800,257.4,550.8,0.1366,-343.4,205.2,0.0000,-418.6,129.9,-0.2250,-385.9,207.7,0,0.0,0.0,0.0000,15.88,3.22,-15.56,-6.08,1,0.1144,-0.588,1.216,25.00,1,240.3,565.1,0.19283,-342.2,257.6,0.1160,0.00068,OK
2.1426,2.0501,92.5,0,269.1,550.0,0.1800,257.4,550.8,0.1366,-343.4,205.2,0.0000,-419.3,125.4,-0.2280,-387.3,203.7,0,0.0,0.0,0.0000,16.28,2.97,-15.79,-5.98,1,0.0633,1.206,-0.696,25.00,1,237.2,566.6,0.19358,-344.6,265.5,0.0699,0.00057,OK
2.1502,2.0501,100.1,0,269.1,550.0,0.1800,257.4,550.8,0.1366,-343.4,205.2,0.0000,-420.0,120.6,-0.2296,-388.9,199.3,0,0.0,0.0,0.0000,15.74,2.72,-15.96,-6.26,1,0.0389,0.873,-0.559,26.00,1,234.3,568.1,0.19398,-344.6,267.2,0.0375,0.00058,OK
2.1587,2.1533,5.4,0,226.1,574.9,0.1964,220.7,569.5,0.1366,-368.1,155.9,0.0000,-413.1,105.1,-0.2344,-384.8,183.3,0,0.0,0.0,0.0000,16.06,2.85,-15.80,-6.27,1,0.0222,-0.873,2.589,25.00,1,226.3,574.8,0.19517,-371.9,311.8,0.0277,0.00042,OK
2.1670,2.1533,13.7,0,226.1,574.9,0.1964,220.7,569.5,0.1366,-368.1,155.9,0.0000,-411.0,89.6,-0.2348,-385.8,167.6,0,0.0,0.0,0.0000,15.75,2.23,-16.59,-6.33,1,0.0222,-0.873,2.589,25.00,1,223.9,576.2,0.19527,-371.3,326.6,0.0150,0.00052,OK
2.1743,2.1533,21.1,0,226.1,574.9,0.1964,220.7,569.5,0.1366,-368.1,155.9,0.0000,-410.8,83.6,-0.2337,-386.8,161.7,0,0.0,0.0,0.0000,15.02,2.09,-16.71,-6.65,1,-0.0767,-0.961,1.020,25.00,1,220.7,578.0,0.19499,-366.5,314.8,-0.0838,0.00063,OK
2.1826,2.1533,29.4,0,226.1,574.9,0.1964,220.7,569.5,0.1366,-368.1,155.9,0.0000,-410.7,76.5,-0.2295,-388.3,154.3,0,0.0,0.0,0.0000,15.79,1.70,-16.09,-6.98,1,-0.1567,0.696,-2.893,25.00,1,217.2,579.9,0.19395,-367.2,318.3,-0.1635,0.00073,OK
2.1899,2.1533,36.6,0,226.1,574.9,0.1964,220.7,569.5,0.1366,-368.1,155.9,0.0000,-410.8,70.3,-0.2253,-389.7,147.7,0,0.0,0.0,0.0000,15.06,2.86,-16.36,-7.06,1,-0.1244,0.686,1.138,25.00,1,214.2,581.6,0.19291,-373.4,288.3,-0.1242,0.00071,OK
2.1983,2.1533,45.1,0,226.1,574.9,0.1964,220.7,569.5,0.1366,-368.1,155.9,0.0000,-411.0,63.2,-0.2208,-391.4,140.4,0,0.0,0.0,0.0000,15.51,2.44,-15.49,-7.02,1,-0.1411,-0.569,1.010,24.00,1,210.7,583.4,0.19179,-365.6,289.8,-0.1417,0.00071,OK
2.2069,2.1533,53.6,0,226.1,574.9,0.1964,220.7,569.5,0.1366,-368.1,155.9,0.0000,-411.3,56.3,-0.2159,-393.2,133.2,0,0.0,0.0,0.0000,14.86,2.46,-15.35,-7.16,1,-0.1411,-0.569,1.010,24.00,1,207.2,585.2,0.19055,-360.3,280.1,-0.1456,0.00077,OK
2.2147,2.1533,61.4,0,226.1,574.9,0.1964,220.7,569.5,0.1366,-368.1,155.9,0.0000,-411.7,49.6,-0.2107,-395.0,126.2,0,0.0,0.0,0.0000,14.89,1.46,-15.35,-7.58,1,-0.1533,-1.294,0.049,24.00,1,204.0,586.9,0.18925,-353.8,301.3,-0.1743,0.00106,OK
2.2226,2.1533,69.3,0,226.1,574.9,0.1964,220.7,569.5,0.1366,-368.1,155.9,0.0000,-411.7,42.3,-0.2047,-396.5,118.4,0,0.0,0.0,0.0000,15.57,1.03,-15.76,-7.70,1,-0.1567,-0.510,2.059,25.00,1,200.8,588.8,0.18777,-359.5,320.4,-0.1848,0.00140,OK
2.2302,2.1533,76.9,0,226.1,574.9,0.1964,220.7,569.5,0.1366,-368.1,155.9,0.0000,-412.6,35.9,-0.1978,-398.8,111.6,0,0.0,0.0,0.0000,10.55,1.94,-16.17,-8.09,1,-0.1667,1.530,-0.843,26.00,1,197.9,590.3,0.18604,-316.3,232.7,-0.2396,0.00196,OK
2.2391,2.1533,85.8,0,226.1,574.9,0.1964,220.7,569.5,0.1366,-368.1,155.9,0.0000,-413.5,29.4,-0.1901,-401.1,104.6,0,0.0,0.0,0.0000,11.87,3.70,-16.08,-8.43,1,-0.1667,1.530,-0.843,25.00,1,194.6,591.7,0.18410,-354.9,215.5,-0.1856,0.00219,OK
2.2470,2.1533,93.7,0,226.1,574.9,0.1964,220.7,569.5,0.1366,-368.1,155.9,0.0000,-413.9,24.0,-0.1852,-402.7,98.9,0,0.0,0.0,0.0000,12.94,4.58,-15.07,-7.92,1,-0.1278,2.873,-2.187,25.00,1,191.5,592.8,0.18287,-365.0,207.5,-0.1284,0.00216,OK
2.2562,2.2560,0.2,0,180.7,599.2,0.1796,181.8,582.9,0.1366,-385.9,104.3,0.0000,-398.9,13.2,-0.1769,-390.1,84.7,0,0.0,0.0,0.0000,14.07,4.42,-14.36,-7.97,1,-0.0344,-0.883,3.501,25.00,1,180.9,599.1,0.18080,-400.7,266.3,-0.0580,0.00230,OK
2.2629,2.2560,6.9,0,180.7,599.2,0.1796,181.8,582.9,0.1366,-385.9,104.3,0.0000,-401.6,7.5,-0.1775,-393.7,79.7,0,0.0,0.0,0.0000,14.63,4.56,-14.48,-7.79,1,-0.0133,-3.501,1.226,25.00,1,180.9,599.1,0.18096,-400.1,263.5,0.0060,0.00231,OK
2.2703,2.2560,14.3,0,180.7,599.2,0.1796,181.8,582.9,0.1366,-385.9,104.3,0.0000,-402.1,2.1,-0.1778,-395.2,74.4,0,0.0,0.0,0.0000,16.26,4.42,-15.34,-7.56,1,0.0067,1.108,-0.794,25.00,1,178.0,600.3,0.18102,-414.1,286.2,0.0095,0.00223,OK
2.2786,2.2560,22.6,0,180.7,599.2,0.1796,181.8,582.9,0.1366,-385.9,104.3,0.0000,-401.0,-4.8,-0.1782,-395.3,67.5,0,0.0,0.0,0.0000,15.14,5.18,-14.94,-7.78,1,0.0067,1.108,-0.794,24.00,1,174.3,601.9,0.18112,-409.1,255.1,0.0108,0.00214,OK
2.2869,2.2560,30.9,0,180.7,599.2,0.1796,181.8,582.9,0.1366,-385.9,104.3,0.0000,-400.1,-11.0,-0.1786,-395.5,61.3,0,0.0,0.0,0.0000,14.82,5.16,-14.89,-7.75,1,0.0089,1.187,1.393,24.00,1,170.6,603.4,0.18122,-403.9,248.4,0.0124,0.00205,OK
2.2942,2.2560,38.1,0,180.7,599.2,0.1796,181.8,582.9,0.1366,-385.9,104.3,0.0000,-399.3,-16.4,-0.1784,-395.8,55.8,0,0.0,0.0,0.0000,14.95,5.22,-14.78,-7.77,1,-0.0378,-0.588,1.373,25.00,1,167.4,604.6,0.18118,-402.9,242.3,-0.0301,0.00191,OK
2.3024,2.2560,46.4,0,180.7,599.2,0.1796,181.8,582.9,0.1366,-385.9,104.3,0.0000,-398.6,-22.9,-0.1773,-396.2,49.2,0,0.0,0.0,0.0000,14.15,5.04,-14.81,-8.42,1,-0.0311,-0.775,-0.431,25.00,1,163.8,605.9,0.18091,-400.4,233.9,-0.0339,0.00193,OK
2.3113,2.2560,55.2,0,180.7,599.2,0.1796,181.8,582.9,0.1366,-385.9,104.3,0.0000,-397.8,-29.8,-0.1762,-396.7,42.2,0,0.0,0.0,0.0000,14.16,5.46,-14.62,-8.51,1,-0.0311,-0.775,-0.431,25.00,1,159.9,607.2,0.18063,-402.2,221.7,-0.0313,0.00190,OK
2.3180,2.2560,62.0,0,180.7,599.2,0.1796,181.8,582.9,0.1366,-385.9,104.3,0.0000,-397.3,-35.0,-0.1759,-397.1,36.9,0,0.0,0.0,0.0000,15.04,5.52,-13.95,-8.39,1,0.0000,0.618,2.275,25.00,1,157.0,608.2,0.18055,-401.9,221.4,0.0030,0.00183,OK
2.3268,2.2560,70.8,0,180.7,599.2,0.1796,181.8,582.9,0.1366,-385.9,104.3,0.0000,-396.7,-41.7,-0.1757,-397.7,30.2,0,0.0,0.0,0.0000,15.14,5.59,-13.12,-8.56,1,-0.0200,-0.530,-0.137,24.00,1,153.2,609.4,0.18051,-395.4,206.6,-0.0149,0.00173,OK
2.3345,2.2560,78.5,0,180.7,599.2,0.1796,181.8,582.9,0.1366,-385.9,104.3,0.0000,-395.9,-47.2,-0.1750,-398.0,24.6,0,0.0,0.0,0.0000,14.48,5.64,-13.69,-9.01,1,-0.0300,-3.354,1.863,25.00,1,149.9,610.4,0.18034,-400.0,203.6,-0.0305,0.00171,OK
2.3421,2.2560,86.1,0,180.7,599.2,0.1796,181.8,582.9,0.1366,-385.9,104.3,0.0000,-394.9,-52.6,-0.1745,-398.0,19.0,0,0.0,0.0,0.0000,15.24,6.28,-14.08,-9.45,1,-0.0067,-0.157,1.020,25.00,1,146.6,611.4,0.18021,-418.6,202.2,-0.0057,0.00167,OK
2.3513,2.2560,95.3,0,180.7,599.2,0.1796,181.8,582.9,0.1366,-385.9,104.3,0.0000,-393.8,-59.1,-0.1743,-398.0,12.5,0,0.0,0.0,0.0000,14.11,6.77,-14.33,-9.47,1,-0.0067,-0.157,1.020,25.00,1,142.5,612.4,0.18016,-415.4,184.4,-0.0067,0.00165,OK
2.3587,2.3585,0.2,0,139.9,617.0,0.1797,141.7,590.8,0.1366,-396.8,50.5,0.0000,-394.4,-73.8,-0.1730,-401.2,-2.0,0,0.0,0.0,0.0000,13.44,7.17,-13.27,-8.83,1,-0.0244,3.756,0.226,24.00,1,139.7,616.9,0.17984,-353.4,187.3,-0.0184,0.00151,OK
2.3662,2.3585,7.7,0,139.9,617.0,0.1797,141.7,590.8,0.1366,-396.8,50.5,0.0000,-403.4,-78.5,-0.1736,-411.0,-5.0,0,0.0,0.0,0.0000,13.10,6.18,-12.46,-8.64,1,-0.0267,-1.795,1.383,24.00,1,139.7,616.9,0.17999,-342.0,186.0,0.0446,0.00152,OK
2.3744,2.3585,15.9,0,139.9,617.0,0.1797,141.7,590.8,0.1366,-396.8,50.5,0.0000,-404.9,-84.3,-0.1740,-413.5,-10.4,0,0.0,0.0,0.0000,13.63,6.11,-9.35,-8.97,1,-0.0211,-3.050,1.216,25.00,1,136.9,617.7,0.18009,-314.8,138.2,-0.0140,0.00139,OK
2.3828,2.3585,24.3,0,139.9,617.0,0.1797,141.7,590.8,0.1366,-396.8,50.5,0.0000,-406.4,-89.1,-0.1737,-415.8,-15.0,0,0.0,0.0,0.0000,13.67,6.71,-8.35,-9.16,1,-0.0211,-3.050,1.216,25.00,1,134.2,618.2,0.18000,-310.7,106.8,-0.0116,0.00124,OK
2.3900,2.3585,31.5,0,139.9,617.0,0.1797,141.7,590.8,0.1366,-396.8,50.5,0.0000,-407.4,-93.3,-0.1737,-417.5,-18.9,0,0.0,0.0,0.0000,12.88,6.96,-10.14,-9.17,1,-0.0011,0.618,1.844,25.00,1,131.7,618.7,0.18000,-334.6,129.2,0.0057,0.00112,OK
2.3985,2.3585,40.1,0,139.9,617.0,0.1797,141.7,590.8,0.1366,-396.8,50.5,0.0000,-408.3,-98.5,-0.1733,-419.3,-23.9,0,0.0,0.0,0.0000,12.25,6.89,-10.46,-9.39,1,-0.0344,1.010,-0.088,24.00,1,128.7,619.2,0.17990,-336.8,125.4,-0.0301,0.00104,OK
2.4068,2.3585,48.3,0,139.9,617.0,0.1797,141.7,590.8,0.1366,-396.8,50.5,0.0000,-409.0,-103.6,-0.1720,-421.0,-28.9,0,0.0,0.0,0.0000,11.57,7.19,-10.96,-10.08,1,-0.0444,-1.196,2.520,25.00,1,125.7,619.7,0.17958,-346.6,115.6,-0.0468,0.00106,OK
2.4146,2.3585,56.1,0,139.9,617.0,0.1797,141.7,590.8,0.1366,-396.8,50.5,0.0000,-409.5,-108.7,-0.1706,-422.3,-34.0,0,0.0,0.0,0.0000,12.00,7.98,-11.16,-10.34,1,-0.0444,-1.196,2.520,25.00,1,122.8,620.0,0.17924,-363.3,107.2,-0.0430,0.00103,OK
2.4222,2.3585,63.7,0,139.9,617.0,0.1797,141.7,590.8,0.1366,-396.8,50.5,0.0000,-409.8,-113.8,-0.1694,-423.5,-39.1,0,0.0,0.0,0.0000,12.24,7.90,-11.56,-9.89,1,-0.0478,-0.098,2.795,25.00,1,120.0,620.4,0.17892,-364.7,115.8,-0.0435,0.00095,OK
2.4299,2.3585,71.5,0,139.9,617.0,0.1797,141.7,590.8,0.1366,-396.8,50.5,0.0000,-409.8,-118.5,-0.1671,-424.3,-43.9,0,0.0,0.0,0.0000,11.36,9.72,-11.22,-9.96,1,-0.1211,1.755,-1.569,26.00,1,117.0,620.6,0.17836,-370.4,79.6,-0.1076,0.00075,OK
2.4387,2.3585,80.3,0,139.9,617.0,0.1797,141.7,590.8,0.1366,-396.8,50.5,0.0000,-410.1,-123.7,-0.1630,-425.5,-49.4,0,0.0,0.0,0.0000,10.79,8.79,-10.02,-9.76,1,-0.1533,0.118,2.903,25.00,1,113.8,620.7,0.17732,-348.3,67.9,-0.1388,0.00054,OK
2.4466,2.3585,88.1,0,139.9,617.0,0.1797,141.7,590.8,0.1366,-396.8,50.5,0.0000,-410.5,-128.0,-0.1582,-426.6,-54.1,0,0.0,0.0,0.0000,10.81,7.98,-9.52,-10.50,1,-0.1822,-2.216,1.314,24.00,1,111.1,620.7,0.17612,-345.0,62.6,-0.1727,0.00041,OK
2.4551,2.3585,96.6,0,139.9,617.0,0.1797,141.7,590.8,0.1366,-396.8,50.5,0.0000,-410.8,-132.9,-0.1524,-427.6,-59.5,0,0.0,0.0,0.0000,11.01,8.39,-9.96,-10.79,1,-0.1822,-2.216,1.314,24.00,1,108.0,620.7,0.17467,-358.1,61.4,-0.1735,0.00029,OK
2.4630,2.4594,3.5,0,104.6,626.9,0.1797,101.4,593.2,0.1366,-400.1,-3.3,0.0000,-409.8,-148.6,-0.1557,-429.5,-74.8,0,0.0,0.0,0.0000,10.14,9.47,-10.03,-11.10,1,-0.2089,-0.039,0.951,25.00,1,104.5,626.7,0.17551,-344.8,95.6,-0.1780,-0.00019,OK
2.4704,2.4594,10.9,0,104.6,626.9,0.1797,101.4,593.2,0.1366,-400.1,-3.3,0.0000,-414.7,-159.1,-0.1534,-436.0,-84.5,0,0.0,0.0,0.0000,9.91,10.66,-9.45,-11.44,1,-0.2111,1.716,-0.049,25.00,1,103.5,626.7,0.17492,-354.6,64.0,-0.2037,-0.00028,OK
2.4788,2.4594,19.3,0,104.6,626.9,0.1797,101.4,593.2,0.1366,-400.1,-3.3,0.0000,-414.8,-164.4,-0.1470,-436.9,-90.4,0,0.0,0.0,0.0000,10.21,11.00,-8.68,-11.36,1,-0.1922,1.079,1.765,25.00,1,100.5,626.6,0.17333,-354.3,48.4,-0.1809,-0.00043,OK
2.4860,2.4594,26.5,0,104.6,626.9,0.1797,101.4,593.2,0.1366,-400.1,-3.3,0.0000,-415.0,-168.7,-0.1417,-437.7,-95.2,0,0.0,0.0,0.0000,9.28,10.89,-8.52,-12.05,1,-0.1922,1.079,1.765,25.00,1,97.9,626.5,0.17201,-354.1,29.6,-0.1864,-0.00050,OK
2.4945,2.4594,35.1,0,104.6,626.9,0.1797,101.4,593.2,0.1366,-400.1,-3.3,0.0000,-414.8,-173.7,-0.1355,-438.2,-100.8,0,0.0,0.0,0.0000,9.64,10.28,-9.55,-13.15,1,-0.1778,-1.451,1.540,24.00,1,94.8,626.2,0.17045,-370.7,39.8,-0.1794,-0.00047,OK
2.5021,2.4594,42.6,0,104.6,626.9,0.1797,101.4,593.2,0.1366,-400.1,-3.3,0.0000,-414.5,-178.5,-0.1302,-438.6,-106.2,0,0.0,0.0,0.0000,9.99,9.64,-9.35,-12.77,1,-0.1722,-1.236,2.550,25.00,1,92.0,626.1,0.16912,-364.1,47.4,-0.1722,-0.00046,OK
2.5108,2.4594,51.4,0,104.6,626.9,0.1797,101.4,593.2,0.1366,-400.1,-3.3,0.0000,-414.1,-183.6,-0.1234,-438.9,-112.1,0,0.0,0.0,0.0000,9.60,10.00,-8.96,-12.30,1,-0.2189,-0.108,1.883,25.00,1,88.8,625.9,0.16743,-359.5,32.0,-0.2142,-0.00051,OK
2.5186,2.4594,59.1,0,104.6,626.9,0.1797,101.4,593.2,0.1366,-400.1,-3.3,0.0000,-413.7,-188.2,-0.1163,-439.1,-117.4,0,0.0,0.0,0.0000,9.99,10.31,-8.64,-12.54,1,-0.2567,1.422,-0.412,24.00,1,86.0,625.6,0.16566,-366.6,20.5,-0.2471,-0.00063,OK
2.5263,2.4594,66.8,0,104.6,626.9,0.1797,101.4,593.2,0.1366,-400.1,-3.3,0.0000,-413.0,-192.5,-0.1088,-438.8,-122.6,0,0.0,0.0,0.0000,9.59,11.52,-8.56,-12.85,1,-0.2567,1.422,-0.412,24.00,1,83.2,625.2,0.16378,-378.3,-2.3,-0.2471,-0.00074,OK
2.5350,2.4594,75.6,0,104.6,626.9,0.1797,101.4,593.2,0.1366,-400.1,-3.3,0.0000,-412.3,-197.3,-0.0998,-438.7,-128.4,0,0.0,0.0,0.0000,8.50,10.80,-8.10,-12.55,1,-0.2711,-0.500,1.863,25.00,1,80.0,624.6,0.16154,-357.3,-11.0,-0.2648,-0.00080,OK
2.5429,2.4594,83.4,0,104.6,626.9,0.1797,101.4,593.2,0.1366,-400.1,-3.3,0.0000,-411.7,-201.6,-0.0917,-438.5,-133.7,0,0.0,0.0,0.0000,8.83,10.74,-8.43,-13.98,1,-0.2522,-1.726,3.050,25.00,1,77.2,624.0,0.15951,-374.9,-15.9,-0.2523,-0.00079,OK
2.5509,2.4594,91.5,0,104.6,626.9,0.1797,101.4,593.2,0.1366,-400.1,-3.3,0.0000,-411.1,-206.0,-0.0829,-438.3,-139.1,0,0.0,0.0,0.0000,7.98,10.72,-7.81,-13.46,1,-0.2956,1.285,-0.530,25.00,1,74.3,623.4,0.15731,-359.6,-31.5,-0.2935,-0.00081,OK
2.5591,2.4594,99.6,0,104.6,626.9,0.1797,101.4,593.2,0.1366,-400.1,-3.3,0.0000,-410.8,-210.1,-0.0741,-438.3,-144.1,0,0.0,0.0,0.0000,8.05,11.57,-7.38,-13.12,1,-0.2600,2.020,1.559,25.00,1,71.5,622.6,0.15509,-363.0,-45.2,-0.2539,-0.00087,OK
2.5673,2.5635,3.8,0,64.7,625.7,0.1561,59.9,590.0,0.1366,-395.8,-58.2,0.0000,-404.1,-215.5,-0.0686,-432.3,-151.0,0,0.0,0.0,0.0000,7.77,11.65,-7.25,-13.14,1,-0.2600,2.020,1.559,24.00,1,64.8,625.5,0.15372,-375.8,-9.6,-0.2434,-0.00113,OK
2.5739,2.5635,10.4,0,64.7,625.7,0.1561,59.9,590.0,0.1366,-395.8,-58.2,0.0000,-408.2,-219.6,-0.0664,-436.9,-154.7,0,0.0,0.0,0.0000,7.88,11.75,-6.97,-13.55,1,-0.2300,-0.481,1.147,25.00,1,63.9,625.3,0.15318,-378.4,-22.3,-0.2262,-0.00117,OK
2.5822,2.5635,18.7,0,64.7,625.7,0.1561,59.9,590.0,0.1366,-395.8,-58.2,0.0000,-407.0,-224.0,-0.0592,-436.1,-160.1,0,0.0,0.0,0.0000,8.14,11.99,-7.21,-13.97,1,-0.2133,-1.942,2.236,25.00,1,60.8,624.7,0.15137,-388.1,-27.4,-0.2107,-0.00118,OK
2.5906,2.5635,27.1,0,64.7,625.7,0.1561,59.9,590.0,0.1366,-395.8,-58.2,0.0000,-405.9,-228.8,-0.0518,-435.4,-165.8,0,0.0,0.0,0.0000,7.62,10.32,-6.18,-14.31,1,-0.2356,0.382,1.030,25.00,1,57.7,623.9,0.14952,-358.9,-33.6,-0.2325,-0.00121,OK
2.5981,2.5635,34.6,0,64.7,625.7,0.1561,59.9,590.0,0.1366,-395.8,-58.2,0.0000,-404.7,-232.6,-0.0447,-434.5,-170.5,0,0.0,0.0,0.0000,7.40,13.79,-6.77,-14.90,1,-0.2356,0.382,1.030,24.00,1,55.0,623.1,0.14776,-402.5,-74.3,-0.2346,-0.00120,OK
2.6068,2.5635,43.3,0,64.7,625.7,0.1561,59.9,590.0,0.1366,-395.8,-58.2,0.0000,-402.9,-236.6,-0.0361,-432.9,-175.6,0,0.0,0.0,0.0000,7.12,14.01,-6.58,-14.51,1,-0.2622,1.657,1.383,24.00,1,51.6,621.9,0.14561,-396.8,-82.7,-0.2594,-0.00122,OK
2.6146,2.5635,51.1,0,64.7,625.7,0.1561,59.9,590.0,0.1366,-395.8,-58.2,0.0000,-401.4,-240.1,-0.0287,-431.7,-180.1,0,0.0,0.0,0.0000,7.99,12.88,-5.75,-14.71,1,-0.2389,-0.628,0.186,25.00,1,48.7,620.8,0.14375,-390.3,-85.2,-0.2271,-0.00134,OK
2.6222,2.5635,58.8,0,64.7,625.7,0.1561,59.9,590.0,0.1366,-395.8,-58.2,0.0000,-400.2,-243.0,-0.0220,-430.6,-183.9,0,0.0,0.0,0.0000,7.21,13.42,-5.83,-14.23,1,-0.2144,-0.628,0.186,24.00,1,45.9,619.7,0.14209,-384.6,-91.1,-0.2079,-0.00141,OK
2.6311,2.5635,67.6,0,64.7,625.7,0.1561,59.9,590.0,0.1366,-395.8,-58.2,0.0000,-399.6,-247.4,-0.0158,-430.3,-188.9,0,0.0,0.0,0.0000,7.15,13.80,-6.00,-10.05,1,-0.1622,1.118,2.010,25.00,1,42.8,618.8,0.14053,-332.7,-41.8,-0.1480,-0.00157,OK
2.6380,2.5635,74.5,0,64.7,625.7,0.1561,59.9,590.0,0.1366,-395.8,-58.2,0.0000,-399.0,-250.5,-0.0119,-429.9,-192.5,0,0.0,0.0,0.0000,7.12,14.66,-5.37,-12.45,1,-0.1622,1.118,2.010,24.00,1,40.5,617.9,0.13955,-368.0,-93.1,-0.1462,-0.00175,OK
2.6471,2.5635,83.6,0,64.7,625.7,0.1561,59.9,590.0,0.1366,-395.8,-58.2,0.0000,-397.6,-253.7,-0.0071,-428.8,-196.4,0,0.0,0.0,0.0000,6.84,14.25,-5.19,-14.57,1,-0.1200,0.059,1.285,24.00,1,37.2,616.4,0.13836,-385.7,-119.8,-0.1173,-0.00176,OK
2.6540,2.5635,90.5,0,64.7,625.7,0.1561,59.9,590.0,0.1366,-395.8,-58.2,0.0000,-396.1,-256.0,-0.0032,-427.4,-199.3,0,0.0,0.0,0.0000,7.14,14.38,-5.02,-15.23,1,-0.1778,-0.922,-0.284,25.00,1,34.7,615.2,0.13739,-395.6,-133.6,-0.1680,-0.00186,OK
2.6628,2.5635,99.3,0,64.7,625.7,0.1561,59.9,590.0,0.1366,-395.8,-58.2,0.0000,-393.6,-258.6,0.0018,-425.0,-202.8,0,0.0,0.0,0.0000,7.19,16.68,-5.57,-15.85,1,-0.1222,1.765,1.187,25.00,1,31.2,613.4,0.13612,-424.1,-149.5,-0.1211,-0.00185,OK
2.6706,2.6644,6.2,0,31.9,613.0,0.1475,20.5,581.5,0.1366,-384.4,-110.8,0.0000,-405.7,-258.5,-0.0150,-437.9,-199.2,0,0.0,0.0,0.0000,7.61,16.35,-5.39,-15.69,1,-0.1222,1.765,1.187,25.00,1,31.7,612.9,0.14034,-383.5,-140.3,-0.1068,-0.00257,OK
2.6790,2.6644,14.6,0,31.9,613.0,0.1475,20.5,581.5,0.1366,-384.4,-110.8,0.0000,-406.7,-261.9,-0.0137,-439.3,-202.6,0,0.0,0.0,0.0000,7.27,15.53,-4.23,-14.45,1,-0.0344,0.912,0.353,25.00,1,29.4,611.6,0.14000,-355.8,-143.3,-0.0231,-0.00268,OK
2.6864,2.6644,21.9,0,31.9,613.0,0.1475,20.5,581.5,0.1366,-384.4,-110.8,0.0000,-406.0,-263.6,-0.0131,-438.8,-204.5,0,0.0,0.0,0.0000,7.12,15.35,-4.52,-15.41,1,-0.0244,-1.687,2.050,24.00,1,27.0,610.2,0.13985,-367.1,-147.6,-0.0199,-0.00271,OK
2.6946,2.6644,30.2,0,31.9,613.0,0.1475,20.5,581.5,0.1366,-384.4,-110.8,0.0000,-404.9,-265.5,-0.0123,-437.9,-206.6,0,0.0,0.0,0.0000,6.94,16.26,-4.52,-16.06,1,-0.0256,-0.941,0.481,24.00,1,24.1,608.5,0.13966,-381.6,-164.3,-0.0239,-0.00270,OK
2.7022,2.6644,37.7,0,31.9,613.0,0.1475,20.5,581.5,0.1366,-384.4,-110.8,0.0000,-403.3,-267.3,-0.0118,-436.6,-208.6,0,0.0,0.0,0.0000,7.38,17.10,-4.77,-15.77,1,-0.0189,2.432,-0.177,26.00,1,21.3,606.9,0.13953,-393.5,-164.1,-0.0139,-0.00273,OK
2.7107,2.6644,46.3,0,31.9,613.0,0.1475,20.5,581.5,0.1366,-384.4,-110.8,0.0000,-401.3,-269.4,-0.0114,-434.9,-211.0,0,0.0,0.0,0.0000,7.92,17.04,-4.77,-16.16,1,-0.0189,2.432,-0.177,25.00,1,18.1,605.0,0.13944,-404.9,-168.7,-0.0099,-0.00281,OK
2.7186,2.6644,54.1,0,31.9,613.0,0.1475,20.5,581.5,0.1366,-384.4,-110.8,0.0000,-399.5,-270.9,-0.0112,-433.2,-212.8,0,0.0,0.0,0.0000,7.26,17.79,-4.76,-16.57,1,-0.0022,0.137,0.206,24.00,1,15.2,603.2,0.13939,-409.9,-181.3,-0.0013,-0.00279,OK
2.7260,2.6644,61.6,0,31.9,613.0,0.1475,20.5,581.5,0.1366,-384.4,-110.8,0.0000,-397.4,-272.3,-0.0113,-431.4,-214.4,0,0.0,0.0,0.0000,7.98,17.70,-5.13,-17.25,1,0.0011,-1.795,1.775,24.00,1,12.2,601.4,0.13940,-428.1,-180.1,0.0041,-0.00279,OK
2.7351,2.6644,70.6,0,31.9,613.0,0.1475,20.5,581.5,0.1366,-384.4,-110.8,0.0000,-394.3,-273.9,-0.0116,-428.6,-216.4,0,0.0,0.0,0.0000,8.79,17.28,-5.46,-17.70,1,0.0033,0.726,0.539,24.00,1,8.6,599.3,0.13947,-441.0,-174.1,0.0092,-0.00283,OK
2.7428,2.6644,78.3,0,31.9,613.0,0.1475,20.5,581.5,0.1366,-384.4,-110.8,0.0000,-391.6,-275.3,-0.0121,-426.1,-218.2,0,0.0,0.0,0.0000,8.99,17.12,-4.85,-17.08,1,0.0033,0.726,0.539,25.00,1,5.4,597.4,0.13960,-432.0,-180.5,0.0172,-0.00299,OK
2.7509,2.6644,86.4,0,31.9,613.0,0.1475,20.5,581.5,0.1366,-384.4,-110.8,0.0000,-388.9,-277.0,-0.0119,-423.6,-220.2,0,0.0,0.0,0.0000,6.78,17.09,-5.38,-16.94,1,-0.0044,0.981,-1.344,25.00,1,2.3,595.5,0.13956,-411.7,-176.8,-0.0165,-0.00277,OK
2.7589,2.6644,94.5,0,31.9,613.0,0.1475,20.5,581.5,0.1366,-384.4,-110.8,0.0000,-386.3,-278.8,-0.0118,-421.3,-222.4,0,0.0,0.0,0.0000,6.91,16.82,-5.00,-16.98,1,0.0300,1.481,3.776,25.00,1,-0.8,593.7,0.13953,-410.7,-180.2,0.0194,-0.00259,OK
2.7686,2.7681,0.5,0,-6.7,591.0,0.1349,-18.4,567.3,0.1366,-365.3,-162.9,0.0000,-379.2,-275.7,-0.0047,-413.5,-221.0,0,0.0,0.0,0.0000,7.17,16.43,-4.94,-17.16,1,0.0400,1.853,1.844,24.00,1,-6.8,590.9,0.13775,-404.9,-167.5,-0.0086,-0.00220,OK
2.7742,2.7681,6.1,0,-6.7,591.0,0.1349,-18.4,567.3,0.1366,-365.3,-162.9,0.0000,-383.8,-281.1,-0.0050,-418.8,-225.7,0,0.0,0.0,0.0000,8.35,17.01,-5.39,-17.25,1,-0.0233,-0.530,-2.020,25.00,1,-6.8,590.9,0.13782,-428.0,-165.8,0.0166,-0.00220,OK
2.7827,2.7681,14.6,0,-6.7,591.0,0.1349,-18.4,567.3,0.1366,-365.3,-162.9,0.0000,-382.9,-284.4,-0.0049,-418.3,-229.2,0,0.0,0.0,0.0000,7.91,17.87,-4.69,-17.61,1,-0.0178,-1.834,-0.530,25.00,1,-9.4,589.3,0.13781,-432.2,-194.6,-0.0119,-0.00225,OK
2.7910,2.7681,22.9,0,-6.7,591.0,0.1349,-18.4,567.3,0.1366,-365.3,-162.9,0.0000,-379.7,-286.3,-0.0046,-415.4,-231.4,0,0.0,0.0,0.0000,8.18,17.43,-4.50,-17.65,1,-0.0178,-1.834,-0.530,25.00,1,-12.8,587.2,0.13774,-431.7,-196.6,-0.0082,-0.00235,OK
2.7986,2.7681,30.5,0,-6.7,591.0,0.1349,-18.4,567.3,0.1366,-365.3,-162.9,0.0000,-376.4,-287.6,-0.0054,-412.3,-233.1,0,0.0,0.0,0.0000,8.53,17.74,-4.71,-18.51,1,0.0544,0.912,2.903,24.00,1,-15.9,585.3,0.13794,-447.9,-199.4,0.0589,-0.00238,OK
2.8065,2.7681,38.4,0,-6.7,591.0,0.1349,-18.4,567.3,0.1366,-365.3,-162.9,0.0000,-373.2,-289.7,-0.0070,-409.5,-235.5,0,0.0,0.0,0.0000,9.00,14.01,-4.71,-18.26,1,0.0300,1.402,-1.844,25.00,1,-19.0,583.4,0.13833,-407.4,-156.9,0.0368,-0.00244,OK
2.8151,2.7681,47.0,0,-6.7,591.0,0.1349,-18.4,567.3,0.1366,-365.3,-162.9,0.0000,-369.8,-292.3,-0.0081,-406.7,-238.4,0,0.0,0.0,0.0000,7.73,16.00,-4.71,-17.27,1,0.0300,1.402,-1.844,24.00,1,-22.3,581.5,0.13861,-415.2,-177.8,0.0306,-0.00242,OK
2.8228,2.7681,54.8,0,-6.7,591.0,0.1349,-18.4,567.3,0.1366,-365.3,-162.9,0.0000,-366.4,-294.2,-0.0090,-403.6,-240.6,0,0.0,0.0,0.0000,7.35,18.07,-4.34,-18.21,1,0.0289,0.794,2.383,25.00,1,-25.4,579.5,0.13883,-437.5,-214.0,0.0274,-0.00236,OK
2.8307,2.7681,62.6,0,-6.7,591.0,0.1349,-18.4,567.3,0.1366,-365.3,-162.9,0.0000,-362.9,-295.5,-0.0098,-400.3,-242.3,0,0.0,0.0,0.0000,8.10,17.81,-4.15,-18.18,1,0.0111,-2.206,1.775,25.00,1,-28.6,577.4,0.13903,-443.0,-217.3,0.0210,-0.00247,OK
2.8383,2.7681,70.2,0,-6.7,591.0,0.1349,-18.4,567.3,0.1366,-365.3,-162.9,0.0000,-359.1,-297.0,-0.0095,-396.8,-244.4,0,0.0,0.0,0.0000,8.04,18.12,-4.76,-18.17,1,-0.0500,-0.745,-2.295,24.00,1,-31.7,575.3,0.13896,-450.8,-211.6,-0.0419,-0.00254,OK
2.8461,2.7681,78.0,0,-6.7,591.0,0.1349,-18.4,567.3,0.1366,-365.3,-162.9,0.0000,-354.7,-298.2,-0.0083,-392.6,-246.3,0,0.0,0.0,0.0000,7.99,19.49,-4.62,-18.87,1,-0.0511,2.383,0.235,24.00,1,-35.1,573.0,0.13864,-468.9,-233.6,-0.0437,-0.00260,OK
2.8544,2.7681,86.3,0,-6.7,591.0,0.1349,-18.4,567.3,0.1366,-365.3,-162.9,0.0000,-350.4,-299.8,-0.0067,-388.3,-248.6,0,0.0,0.0,0.0000,6.97,18.28,-4.34,-17.70,1,-0.0511,2.383,0.235,25.00,1,-38.5,570.7,0.13825,-435.3,-220.6,-0.0498,-0.00259,OK
2.8622,2.7681,94.1,0,-6.7,591.0,0.1349,-18.4,567.3,0.1366,-365.3,-162.9,0.0000,-346.3,-301.3,-0.0056,-384.5,-250.8,0,0.0,0.0,0.0000,6.99,17.78,-4.02,-18.39,1,-0.0211,-0.235,-0.902,25.00,1,-41.6,568.5,0.13797,-436.2,-228.0,-0.0209,-0.00256,OK
2.8714,2.8697,1.7,0,-50.3,558.7,0.1315,-54.3,548.3,0.1366,-339.9,-210.7,0.0000,-333.0,-288.5,0.0087,-368.7,-241.3,0,0.0,0.0,0.0000,4.46,18.29,-3.90,-18.39,1,-0.0144,-2.197,1.040,26.00,1,-50.1,559.0,0.13440,-433.1,-285.8,-0.1339,-0.00170,OK
2.8779,2.8697,8.2,0,-50.3,558.7,0.1315,-54.3,548.3,0.1366,-339.9,-210.7,0.0000,-331.0,-289.3,0.0087,-366.8,-242.4,0,0.0,0.0,0.0000,4.76,18.17,-4.25,-18.33,1,-0.0311,-2.187,1.098,24.00,1,-50.2,558.9,0.13441,-433.5,-272.3,-0.0899,-0.00126,OK
2.8864,2.8697,16.7,0,-50.3,558.7,0.1315,-54.3,548.3,0.1366,-339.9,-210.7,0.0000,-325.9,-290.3,0.0110,-361.7,-244.2,0,0.0,0.0,0.0000,7.13,18.65,-4.36,-18.40,1,-0.0467,2.864,-1.530,24.00,1,-53.7,556.1,0.13383,-475.9,-270.0,-0.0472,-0.00124,OK
2.8947,2.8697,25.0,0,-50.3,558.7,0.1315,-54.3,548.3,0.1366,-339.9,-210.7,0.0000,-320.3,-291.1,0.0125,-356.2,-245.9,0,0.0,0.0,0.0000,7.58,18.32,-4.50,-18.15,1,-0.0467,2.864,-1.530,25.00,1,-57.3,553.4,0.13346,-475.6,-259.8,-0.0428,-0.00127,OK
2.9021,2.8697,32.4,0,-50.3,558.7,0.1315,-54.3,548.3,0.1366,-339.9,-210.7,0.0000,-315.3,-292.1,0.0132,-351.3,-247.6,0,0.0,0.0,0.0000,7.72,18.20,-4.25,-18.04,1,-0.0167,1.510,-0.000,25.00,1,-60.6,551.0,0.13327,-472.0,-259.5,-0.0108,-0.00134,OK
2.9108,2.8697,41.0,0,-50.3,558.7,0.1315,-54.3,548.3,0.1366,-339.9,-210.7,0.0000,-310.1,-293.1,0.0141,-346.2,-249.3,0,0.0,0.0,0.0000,6.47,18.48,-3.85,-17.20,1,-0.0356,-2.206,0.932,24.00,1,-64.2,548.3,0.13306,-448.3,-261.8,-0.0360,-0.00131,OK
2.9188,2.8697,49.1,0,-50.3,558.7,0.1315,-54.3,548.3,0.1366,-339.9,-210.7,0.0000,-305.3,-294.2,0.0152,-341.6,-251.1,0,0.0,0.0,0.0000,6.41,17.75,-3.57,-17.79,1,-0.0356,-2.206,0.932,24.00,1,-67.5,545.7,0.13277,-445.2,-265.8,-0.0359,-0.00129,OK
2.9271,2.8697,57.4,0,-50.3,558.7,0.1315,-54.3,548.3,0.1366,-339.9,-210.7,0.0000,-300.2,-295.4,0.0157,-336.6,-253.1,0,0.0,0.0,0.0000,7.11,17.43,-3.67,-17.94,1,0.0000,-3.609,-0.029,25.00,1,-70.9,543.0,0.13265,-450.7,-258.5,0.0042,-0.00133,OK
2.9351,2.8697,65.4,0,-50.3,558.7,0.1315,-54.3,548.3,0.1366,-339.9,-210.7,0.0000,-295.1,-297.0,0.0153,-331.8,-255.3,0,0.0,0.0,0.0000,7.35,16.76,-3.78,-17.31,1,0.0133,-0.451,1.040,25.00,1,-74.1,540.6,0.13276,-440.8,-242.2,0.0199,-0.00140,OK
2.9426,2.8697,72.9,0,-50.3,558.7,0.1315,-54.3,548.3,0.1366,-339.9,-210.7,0.0000,-290.4,-298.4,0.0153,-327.3,-257.4,0,0.0,0.0,0.0000,6.88,17.12,-3.61,-17.20,1,-0.0300,2.216,0.794,25.00,1,-77.2,538.3,0.13276,-437.0,-249.7,-0.0227,-0.00148,OK
2.9502,2.8697,80.5,0,-50.3,558.7,0.1315,-54.3,548.3,0.1366,-339.9,-210.7,0.0000,-285.5,-300.0,0.0163,-322.6,-259.7,0,0.0,0.0,0.0000,7.05,16.99,-3.41,-16.84,1,-0.0678,0.382,-1.334,25.00,1,-80.2,536.0,0.13251,-432.5,-250.9,-0.0515,-0.00167,OK
2.9580,2.8697,88.3,0,-50.3,558.7,0.1315,-54.3,548.3,0.1366,-339.9,-210.7,0.0000,-281.0,-301.5,0.0177,-318.3,-261.8,0,0.0,0.0,0.0000,5.97,17.21,-2.71,-16.00,1,-0.0678,0.382,-1.334,24.00,1,-83.1,533.6,0.13214,-410.0,-259.1,-0.0525,-0.00185,OK
2.9668,2.8697,97.1,0,-50.3,558.7,0.1315,-54.3,548.3,0.1366,-339.9,-210.7,0.0000,-276.1,-303.5,0.0196,-313.6,-264.6,0,0.0,0.0,0.0000,5.90,16.79,-2.93,-15.84,1,-0.0733,-4.619,1.481,24.00,1,-86.4,530.9,0.13167,-404.5,-248.4,-0.0613,-0.00198,OK
2.9744,2.9730,1.4,0,-96.9,525.8,0.1313,-87.8,524.2,0.1366,-307.7,-255.4,0.0000,-261.4,-299.9,0.0227,-298.3,-263.2,0,0.0,0.0,0.0000,6.35,15.26,-2.77,-15.94,1,-0.1089,-2.050,-0.530,25.00,1,-96.7,525.8,0.13090,-446.8,-243.3,-0.0805,-0.00228,OK
2.9829,2.9730,9.8,0,-96.9,525.8,0.1313,-87.8,524.2,0.1366,-307.7,-255.4,0.0000,-251.7,-304.8,0.0233,-289.3,-269.4,0,0.0,0.0,0.0000,6.31,16.26,-2.33,-16.70,1,-0.1089,2.069,0.020,25.00,1,-97.4,525.2,0.13076,-451.3,-268.4,-0.0882,-0.00251,OK
2.9902,2.9730,17.1,0,-96.9,525.8,0.1313,-87.8,524.2,0.1366,-307.7,-255.4,0.0000,-246.3,-306.0,0.0260,-283.9,-271.5,0,0.0,0.0,0.0000,6.18,16.54,-1.74,-16.54,1,-0.1500,-1.638,1.167,24.00,1,-100.4,522.8,0.13008,-445.1,-285.6,-0.1093,-0.00285,OK
2.9985,2.9730,25.4,0,-96.9,525.8,0.1313,-87.8,524.2,0.1366,-307.7,-255.4,0.0000,-240.6,-307.9,0.0300,-278.2,-274.4,0,0.0,0.0,0.0000,4.44,15.94,-2.14,-14.41,1,-0.1500,-1.638,1.167,24.00,1,-103.6,520.2,0.12907,-398.2,-247.2,-0.1373,-0.00297,OK
3.0060,2.9730,33.0,0,-96.9,525.8,0.1313,-87.8,524.2,0.1366,-307.7,-255.4,0.0000,-236.0,-311.0,0.0347,-273.7,-278.3,0,0.0,0.0,0.0000,4.29,15.98,-2.43,-11.42,1,-0.1978,-2.118,-0.167,25.00,1,-106.1,518.1,0.12791,-354.8,-203.8,-0.1780,-0.00316,OK
3.0144,2.9730,41.4,0,-96.9,525.8,0.1313,-87.8,524.2,0.1366,-307.7,-255.4,0.0000,-230.7,-314.5,0.0411,-268.4,-282.9,0,0.0,0.0,0.0000,4.34,15.51,-2.45,-14.47,1,-0.2211,0.961,0.216,25.00,1,-109.0,515.9,0.12631,-390.4,-240.1,-0.2077,-0.00328,OK
3.0220,2.9730,48.9,0,-96.9,525.8,0.1313,-87.8,524.2,0.1366,-307.7,-255.4,0.0000,-225.7,-316.6,0.0478,-263.3,-286.1,0,0.0,0.0,0.0000,4.21,15.27,-1.81,-15.35,1,-0.2656,0.451,1.373,25.00,1,-111.7,513.6,0.12463,-393.0,-264.2,-0.2412,-0.00350,OK
3.0310,2.9730,57.9,0,-96.9,525.8,0.1313,-87.8,524.2,0.1366,-307.7,-255.4,0.0000,-219.8,-319.0,0.0562,-257.2,-289.7,0,0.0,0.0,0.0000,3.70,14.28,-1.16,-15.14,1,-0.2656,0.451,1.373,26.00,1,-114.8,510.8,0.12253,-371.2,-267.7,-0.2354,-0.00377,OK
3.0390,2.9730,66.0,0,-96.9,525.8,0.1313,-87.8,524.2,0.1366,-307.7,-255.4,0.0000,-214.8,-321.1,0.0640,-251.8,-292.9,0,0.0,0.0,0.0000,3.06,15.00,-1.02,-14.96,1,-0.2756,-2.815,-0.284,24.00,1,-117.5,508.3,0.12059,-364.7,-274.8,-0.2537,-0.00395,OK
3.0468,2.9730,73.7,0,-96.9,525.8,0.1313,-87.8,524.2,0.1366,-307.7,-255.4,0.0000,-210.1,-323.3,0.0716,-246.9,-296.1,0,0.0,0.0,0.0000,2.04,15.25,-0.81,-14.44,1,-0.2267,-3.481,-1.736,24.00,1,-119.9,505.9,0.11869,-338.6,-270.1,-0.2334,-0.00385,OK
3.0544,2.9730,81.4,0,-96.9,525.8,0.1313,-87.8,524.2,0.1366,-307.7,-255.4,0.0000,-205.8,-325.5,0.0771,-242.4,-299.2,0,0.0,0.0,0.0000,2.33,15.33,-0.07,-14.36,1,-0.1400,-0.020,1.648,24.00,1,-122.2,503.4,0.11730,-338.7,-282.2,-0.1319,-0.00390,OK
3.0633,2.9730,90.3,0,-96.9,525.8,0.1313,-87.8,524.2,0.1366,-307.7,-255.4,0.0000,-200.9,-327.8,0.0805,-237.6,-302.3,0,0.0,0.0,0.0000,2.77,14.79,0.43,-14.03,1,-0.0989,0.422,0.324,25.00,1,-124.9,500.6,0.11646,-335.0,-284.6,-0.0685,-0.00420,OK
3.0702,2.9730,97.2,0,-96.9,525.8,0.1313,-87.8,524.2,0.1366,-307.7,-255.4,0.0000,-197.5,-329.2,0.0813,-234.4,-304.1,0,0.0,0.0,0.0000,3.14,14.39,0.94,-13.80,1,-0.0989,0.422,0.324,25.00,1,-127.0,498.4,0.11626,-331.1,-288.6,-0.0196,-0.00475,OK
3.0790,3.0741,4.9,0,-129.7,498.2,0.1315,-117.1,496.3,0.1366,-271.1,-294.3,0.0000,-194.6,-337.3,0.0558,-234.4,-310.9,0,0.0,0.0,0.0000,2.82,13.62,1.00,-13.74,1,-0.0556,-0.883,0.088,24.00,1,-129.7,498.0,0.12264,-308.1,-247.9,0.0191,-0.00592,OK
3.0866,3.0741,12.6,0,-129.7,498.2,0.1315,-117.1,496.3,0.1366,-271.1,-294.3,0.0000,-193.9,-342.5,0.0554,-234.3,-316.2,0,0.0,0.0,0.0000,2.57,14.04,0.74,-13.09,1,-0.0200,-3.766,1.755,24.00,1,-131.0,496.7,0.12272,-300.9,-240.9,0.0077,-0.00621,OK
3.0949,3.0741,20.8,0,-129.7,498.2,0.1315,-117.1,496.3,0.1366,-271.1,-294.3,0.0000,-190.3,-345.7,0.0561,-231.1,-319.9,0,0.0,0.0,0.0000,1.81,13.88,0.39,-13.21,1,-0.0389,-1.422,-0.343,25.00,1,-133.2,494.5,0.12256,-287.6,-234.8,-0.0418,-0.00609,OK
3.1020,3.0741,27.9,0,-129.7,498.2,0.1315,-117.1,496.3,0.1366,-271.1,-294.3,0.0000,-187.0,-348.5,0.0566,-228.2,-323.0,0,0.0,0.0,0.0000,1.96,14.42,1.12,-12.32,1,-0.0389,-1.422,-0.343,25.00,1,-134.9,492.6,0.12242,-284.8,-247.8,-0.0095,-0.00638,OK
3.1102,3.0741,36.1,0,-129.7,498.2,0.1315,-117.1,496.3,0.1366,-271.1,-294.3,0.0000,-183.3,-351.8,0.0571,-224.8,-326.8,0,0.0,0.0,0.0000,1.70,13.97,1.04,-12.03,1,-0.0544,0.226,-1.226,25.00,1,-137.0,490.3,0.12229,-273.9,-242.0,-0.0300,-0.00661,OK
3.1187,3.0741,44.6,0,-129.7,498.2,0.1315,-117.1,496.3,0.1366,-271.1,-294.3,0.0000,-180.0,-355.0,0.0577,-221.9,-330.5,0,0.0,0.0,0.0000,1.05,12.67,2.00,-11.90,1,-0.0489,-0.304,-0.186,25.00,1,-138.9,487.9,0.12214,-251.4,-251.4,-0.0166,-0.00693,OK
3.1264,3.0741,52.3,0,-129.7,498.2,0.1315,-117.1,496.3,0.1366,-271.1,-294.3,0.0000,-177.4,-357.9,0.0574,-219.7,-333.5,0,0.0,0.0,0.0000,0.78,12.57,2.72,-11.54,1,-0.0222,-1.706,0.745,24.00,1,-140.5,485.7,0.12223,-240.8,-259.7,0.0202,-0.00736,OK
3.1341,3.0741,60.0,0,-129.7,498.2,0.1315,-117.1,496.3,0.1366,-271.1,-294.3,0.0000,-175.1,-360.3,0.0566,-217.8,-336.2,0,0.0,0.0,0.0000,0.54,12.35,2.80,-12.19,1,-0.0133,-1.785,-0.167,24.00,1,-142.1,483.5,0.12242,-239.6,-267.2,0.0168,-0.00765,OK
3.1429,3.0741,68.8,0,-129.7,498.2,0.1315,-117.1,496.3,0.1366,-271.1,-294.3,0.0000,-172.8,-363.4,0.0569,-215.9,-339.6,0,0.0,0.0,0.0000,-0.64,11.89,2.55,-11.06,1,-0.0133,-1.785,-0.167,25.00,1,-143.8,481.0,0.12235,-204.3,-255.2,-0.0226,-0.00743,OK
3.1508,3.0741,76.7,0,-129.7,498.2,0.1315,-117.1,496.3,0.1366,-271.1,-294.3,0.0000,-170.7,-366.5,0.0580,-214.0,-342.9,0,0.0,0.0,0.0000,-0.71,12.09,2.43,-11.19,1,-0.0189,-1.020,-0.078,25.00,1,-145.1,478.8,0.12208,-205.2,-257.3,-0.0348,-0.00714,OK
3.1586,3.0741,84.6,0,-129.7,498.2,0.1315,-117.1,496.3,0.1366,-271.1,-294.3,0.0000,-168.4,-369.4,0.0589,-212.0,-346.2,0,0.0,0.0,0.0000,-0.74,11.79,3.05,-11.59,1,-0.0133,-1.118,-0.039,25.00,1,-146.5,476.5,0.12186,-204.7,-270.3,-0.0146,-0.00704,OK
3.1665,3.0741,92.4,0,-129.7,498.2,0.1315,-117.1,496.3,0.1366,-271.1,-294.3,0.0000,-166.3,-372.3,0.0595,-210.3,-349.4,0,0.0,0.0,0.0000,-0.97,11.18,3.41,-10.95,1,-0.0378,-1.598,2.226,24.00,1,-147.7,474.2,0.12170,-190.3,-267.2,-0.0277,-0.00707,OK
3.1741,3.0741,100.0,0,-129.7,498.2,0.1315,-117.1,496.3,0.1366,-271.1,-294.3,0.0000,-164.3,-375.3,0.0604,-208.6,-352.7,0,0.0,0.0,0.0000,-0.92,11.49,3.13,-10.67,1,-0.0378,-1.598,2.226,24.00,1,-148.9,472.1,0.12148,-190.8,-263.8,-0.0317,-0.00706,OK
3.1820,3.1776,4.4,0,-157.1,465.8,0.1116,-143.0,464.0,0.1366,-227.9,-328.7,0.0000,-151.4,-366.3,0.0779,-193.2,-346.1,0,0.0,0.0,0.0000,-1.33,11.89,3.37,-10.00,1,-0.0922,-0.530,0.088,25.00,1,-156.9,465.9,0.11711,-238.9,-287.9,-0.0938,-0.00679,OK
3.1904,3.1776,12.8,0,-157.1,465.8,0.1116,-143.0,464.0,0.1366,-227.9,-328.7,0.0000,-146.9,-370.0,0.0798,-189.0,-350.4,0,0.0,0.0,0.0000,-2.03,10.60,3.34,-9.95,1,-0.0911,0.000,-1.177,25.00,1,-157.7,464.4,0.11664,-212.2,-280.0,-0.0945,-0.00668,OK
3.1988,3.1776,21.2,0,-157.1,465.8,0.1116,-143.0,464.0,0.1366,-227.9,-328.7,0.0000,-143.9,-372.8,0.0820,-186.1,-353.6,0,0.0,0.0,0.0000,-1.41,10.84,3.61,-9.66,1,-0.0556,-1.451,1.412,25.00,1,-159.2,461.9,0.11607,-214.3,-277.2,-0.0441,-0.00674,OK
3.2064,3.1776,28.8,0,-157.1,465.8,0.1116,-143.0,464.0,0.1366,-227.9,-328.7,0.0000,-141.0,-375.4,0.0832,-183.4,-356.6,0,0.0,0.0,0.0000,-1.33,10.68,3.91,-10.14,1,-0.0556,-1.451,1.412,24.00,1,-160.6,459.6,0.11577,-214.6,-283.2,-0.0395,-0.00685,OK
3.2148,3.1776,37.2,0,-157.1,465.8,0.1116,-143.0,464.0,0.1366,-227.9,-328.7,0.0000,-137.7,-378.2,0.0850,-180.3,-359.8,0,0.0,0.0,0.0000,-1.93,9.80,4.32,-10.34,1,-0.0756,-2.265,1.206,24.00,1,-162.0,457.0,0.11533,-194.7,-285.6,-0.0651,-0.00689,OK
3.2220,3.1776,44.4,0,-157.1,465.8,0.1116,-143.0,464.0,0.1366,-227.9,-328.7,0.0000,-135.5,-381.3,0.0876,-178.2,-363.3,0,0.0,0.0,0.0000,-2.33,6.48,4.54,-10.06,1,-0.1211,-0.049,-0.167,25.00,1,-163.0,455.0,0.11467,-141.7,-240.5,-0.1163,-0.00686,OK
3.2309,3.1776,53.3,0,-157.1,465.8,0.1116,-143.0,464.0,0.1366,-227.9,-328.7,0.0000,-132.9,-385.5,0.0921,-175.7,-368.0,0,0.0,0.0,0.0000,-2.45,7.71,4.04,-10.14,1,-0.1322,1.461,-0.020,25.00,1,-164.1,452.7,0.11355,-156.7,-257.6,-0.1330,-0.00678,OK
3.2382,3.2336,4.6,0,-167.8,443.5,0.1164,-155.0,445.1,0.1366,-202.7,-344.8,0.0000,-124.2,-373.8,0.0921,-165.8,-357.3,0,0.0,0.0,0.0000,-2.67,9.00,4.31,-9.64,1,-0.1567,-1.010,-0.216,25.00,1,-167.5,444.2,0.11355,-203.6,-354.8,-0.1416,-0.00694,OK
3.2464,3.2395,6.9,0,-169.1,440.2,0.1025,-156.2,443.1,0.1366,-199.9,-346.4,0.0000,-122.5,-369.7,0.1066,-162.3,-354.0,0,0.0,0.0,0.0000,-3.09,9.57,5.07,-9.67,1,-0.1567,-1.010,-0.216,24.00,1,-168.8,441.1,0.10994,-201.5,-381.7,-0.1499,-0.00668,OK
3.2544,3.2489,5.5,0,-169.5,438.0,0.1208,-158.1,439.8,0.1366,-195.5,-348.9,0.0000,-113.6,-371.4,0.1010,-154.2,-356.5,0,0.0,0.0,0.0000,-3.56,9.97,4.71,-9.41,1,-0.1356,-2.275,1.412,25.00,1,-169.9,437.6,0.11133,-182.0,-368.3,-0.1183,-0.00692,OK
3.2629,3.2572,5.7,0,-170.9,436.0,0.1106,-159.7,437.0,0.1366,-191.6,-351.1,0.0000,-114.5,-373.2,0.1049,-154.9,-358.3,0,0.0,0.0,0.0000,-3.47,10.62,4.75,-9.95,1,-0.1289,-0.147,1.451,25.00,1,-171.0,435.1,0.11036,-184.7,-352.0,-0.1266,-0.00687,OK
3.2713,3.2684,2.8,0,-171.1,433.0,0.1059,-161.8,433.0,0.1366,-186.3,-354.0,0.0000,-113.6,-374.3,0.1137,-153.3,-359.8,0,0.0,0.0,0.0000,-3.30,9.50,4.92,-9.32,1,-0.1611,-0.275,-1.079,24.00,1,-171.8,432.1,0.10816,-134.5,-298.2,-0.1662,-0.00683,OK
3.2781,3.2737,4.4,0,-172.0,430.2,0.1044,-162.8,431.1,0.1366,-183.9,-355.2,0.0000,-112.7,-377.3,0.1187,-152.3,-363.1,0,0.0,0.0,0.0000,-3.35,9.87,5.19,-9.03,1,-0.1656,-0.755,0.157,24.00,1,-172.2,430.3,0.10691,-135.4,-314.7,-0.1580,-0.00686,OK
3.2867,3.2825,4.2,0,-173.1,427.9,0.0965,-164.4,428.0,0.1366,-179.8,-357.3,0.0000,-112.2,-379.3,0.1296,-151.0,-365.5,0,0.0,0.0,0.0000,-3.49,10.41,5.93,-9.26,1,-0.1656,-0.755,0.157,24.00,1,-173.1,427.6,0.10418,-135.9,-318.3,-0.1687,-0.00687,OK
3.2939,3.2903,3.6,0,-174.5,425.3,0.0917,-165.8,425.2,0.1366,-176.1,-359.1,0.0000,-110.0,-380.8,0.1406,-148.0,-367.7,0,0.0,0.0,0.0000,-3.71,10.24,6.10,-9.32,1,-0.1467,-0.157,0.471,25.00,1,-174.2,425.1,0.10144,-140.0,-315.7,-0.1709,-0.00680,OK
3.3023,3.2903,11.9,0,-174.5,425.3,0.0917,-165.8,425.2,0.1366,-176.1,-359.1,0.0000,-108.6,-387.7,0.1423,-147.1,-374.8,0,0.0,0.0,0.0000,-3.16,10.10,5.39,-9.10,1,-0.1300,0.686,-0.520,25.00,1,-174.6,423.9,0.10101,-141.5,-300.7,-0.1121,-0.00691,OK
3.3107,3.3074,3.3,0,-175.3,419.9,0.0867,-168.7,419.0,0.1366,-167.8,-363.0,0.0000,-106.4,-386.0,0.1558,-143.5,-373.8,0,0.0,0.0,0.0000,-3.10,10.00,5.63,-9.02,1,-0.1100,0.500,0.863,25.00,1,-175.6,419.8,0.09763,-123.3,-299.9,-0.1422,-0.00684,OK
3.3179,3.3158,2.1,0,-175.7,417.5,0.0946,-170.1,416.0,0.1366,-163.5,-364.9,0.0000,-101.6,-388.6,0.1600,-138.6,-377.0,0,0.0,0.0,0.0000,-3.27,10.34,6.10,-9.56,1,-0.1100,0.500,0.863,24.00,1,-176.1,417.3,0.09658,-113.7,-306.1,-0.1019,-0.00696,OK
3.3266,3.3241,2.5,0,-176.9,415.0,0.0965,-171.4,412.9,0.1366,-159.3,-366.8,0.0000,-97.9,-392.3,0.1628,-135.0,-381.1,0,0.0,0.0,0.0000,-3.16,10.31,5.40,-9.39,1,-0.1156,-1.020,0.549,25.00,1,-176.9,414.8,0.09588,-122.7,-294.5,-0.0946,-0.00708,OK
3.3343,3.3329,1.4,0,-177.1,411.7,0.0941,-172.8,409.7,0.1366,-155.0,-368.7,0.0000,-96.6,-393.1,0.1665,-133.4,-382.1,0,0.0,0.0,0.0000,-3.22,10.09,5.70,-9.39,1,-0.1067,-1.883,0.088,25.00,1,-177.4,411.9,0.09496,-104.5,-309.8,-0.0961,-0.00718,OK
3.3420,3.3409,1.1,0,-177.6,409.5,0.1032,-174.0,406.7,0.1366,-151.1,-370.4,0.0000,-91.6,-396.0,0.1629,-129.1,-385.4,0,0.0,0.0,0.0000,-3.78,10.39,6.03,-9.13,1,-0.0856,0.039,0.412,25.00,1,-177.8,409.4,0.09586,-92.8,-310.9,0.0022,-0.00736,OK
3.3509,3.3497,1.2,0,-179.1,406.9,0.0983,-175.3,403.5,0.1366,-146.9,-372.1,0.0000,-90.0,-398.6,0.1634,-127.7,-388.2,0,0.0,0.0,0.0000,-3.55,10.85,6.31,-8.63,1,-0.0856,0.039,0.412,24.00,1,-178.7,406.7,0.09573,-114.9,-303.1,-0.0329,-0.00765,OK
3.3586,3.3580,0.6,0,-178.9,404.0,0.0912,-176.5,400.4,0.1366,-142.9,-373.7,0.0000,-90.6,-399.5,0.1681,-127.9,-389.2,0,0.0,0.0,0.0000,-3.59,10.96,6.39,-8.64,1,-0.0811,1.383,1.344,24.00,1,-179.1,404.0,0.09457,-94.0,-313.8,-0.0931,-0.00783,OK
3.3661,3.3580,8.1,0,-178.9,404.0,0.0912,-176.5,400.4,0.1366,-142.9,-373.7,0.0000,-89.9,-408.9,0.1677,-128.1,-398.6,0,0.0,0.0,0.0000,-3.41,10.40,6.19,-8.43,1,-0.0989,-0.255,-0.294,25.00,1,-179.1,404.0,0.09465,-98.5,-301.1,-0.0687,-0.00806,OK
3.3748,3.3664,8.4,0,-180.0,401.7,0.0866,-177.7,397.2,0.1366,-138.7,-375.1,0.0000,-87.7,-411.8,0.1772,-125.2,-402.0,0,0.0,0.0,0.0000,-4.34,10.54,6.23,-8.75,1,-0.0444,-2.128,0.137,25.00,1,-179.9,401.5,0.09229,-96.3,-311.0,-0.0404,-0.00785,OK
3.3824,3.3762,6.3,0,-180.8,398.4,0.0818,-179.1,393.5,0.1366,-133.6,-376.7,0.0000,-85.7,-411.9,0.1839,-122.7,-402.5,0,0.0,0.0,0.0000,-4.37,10.65,6.06,-9.47,1,-0.0422,-0.745,-0.275,24.00,1,-180.7,398.4,0.09062,-108.0,-318.6,-0.0522,-0.00759,OK
3.3906,3.3861,4.5,0,-181.2,396.2,0.0942,-180.4,389.8,0.1366,-128.5,-378.6,0.0000,-77.3,-414.5,0.1831,-114.5,-405.8,0,0.0,0.0,0.0000,-3.92,12.12,6.39,-9.30,1,-0.0422,-0.745,-0.275,24.00,1,-181.4,395.6,0.09080,-112.4,-309.9,-0.0174,-0.00773,OK
3.3985,3.3929,5.7,0,-181.6,393.1,0.0791,-181.2,387.2,0.1366,-125.0,-379.8,0.0000,-80.2,-416.3,0.1887,-117.1,-407.5,0,0.0,0.0,0.0000,-3.82,12.92,6.43,-9.31,1,0.0011,4.374,1.520,25.00,1,-181.9,393.3,0.08939,-113.9,-324.6,0.0020,-0.00766,OK
3.4065,3.4001,6.4,0,-181.6,390.3,0.0898,-182.1,384.5,0.1366,-121.6,-381.1,0.0000,-74.0,-419.2,0.1877,-111.3,-410.9,0,0.0,0.0,0.0000,-4.21,11.71,7.03,-8.70,1,0.0267,0.490,0.834,25.00,1,-182.0,390.6,0.08965,-84.0,-330.4,0.0412,-0.00774,OK
3.4149,3.4085,6.4,0,-182.4,387.5,0.0863,-183.1,381.3,0.1366,-117.5,-382.5,0.0000,-72.8,-420.5,0.1885,-110.1,-412.3,0,0.0,0.0,0.0000,-4.88,11.58,6.67,-8.53,1,0.0256,-3.275,-0.392,25.00,1,-182.4,387.7,0.08945,-75.9,-336.2,0.0256,-0.00763,OK
3.4231,3.4175,5.5,0,-182.7,384.5,0.0804,-184.1,377.8,0.1366,-112.9,-383.8,0.0000,-72.6,-421.0,0.1923,-109.5,-412.9,0,0.0,0.0,0.0000,-4.53,11.59,6.95,-8.72,1,0.0256,-3.275,-0.392,25.00,1,-182.8,384.6,0.08849,-79.2,-338.8,0.0226,-0.00751,OK
3.4304,3.4258,4.6,0,-184.6,381.7,0.0936,-185.1,374.6,0.1366,-108.6,-385.0,0.0000,-63.1,-422.5,0.1874,-100.7,-415.2,0,0.0,0.0,0.0000,-3.71,11.30,6.66,-8.80,1,0.0800,0.177,-1.226,25.00,1,-183.9,381.8,0.08973,-113.8,-325.0,0.0997,-0.00760,OK
3.4382,3.4258,12.4,0,-184.6,381.7,0.0936,-185.1,374.6,0.1366,-108.6,-385.0,0.0000,-60.5,-427.6,0.1845,-98.9,-420.4,0,0.0,0.0,0.0000,-3.58,11.07,7.73,-9.10,1,0.1578,2.491,1.187,26.00,1,-184.2,380.2,0.09045,-108.6,-335.2,0.1718,-0.00770,OK
3.4469,3.4258,21.1,0,-184.6,381.7,0.0936,-185.1,374.6,0.1366,-108.6,-385.0,0.0000,-57.1,-429.4,0.1786,-96.2,-422.3,0,0.0,0.0,0.0000,-3.74,10.80,8.10,-9.00,1,0.1522,-0.275,1.196,25.00,1,-184.9,377.3,0.09193,-102.3,-336.7,0.1681,-0.00782,OK
3.4548,3.4258,29.1,0,-184.6,381.7,0.0936,-185.1,374.6,0.1366,-108.6,-385.0,0.0000,-53.7,-430.6,0.1738,-93.5,-423.7,0,0.0,0.0,0.0000,-4.11,11.53,7.24,-9.09,1,0.1244,-0.892,0.353,24.00,1,-185.4,374.5,0.09312,-106.2,-342.2,0.1305,-0.00779,OK
3.4632,3.4258,37.5,0,-184.6,381.7,0.0936,-185.1,374.6,0.1366,-108.6,-385.0,0.0000,-49.9,-431.7,0.1694,-90.3,-425.1,0,0.0,0.0,0.0000,-4.11,11.73,7.75,-9.77,1,0.1244,-0.892,0.353,25.00,1,-186.1,371.5,0.09422,-113.2,-356.5,0.1326,-0.00779,OK
3.4706,3.4258,44.8,0,-184.6,381.7,0.0936,-185.1,374.6,0.1366,-108.6,-385.0,0.0000,-46.8,-432.5,0.1649,-87.8,-426.1,0,0.0,0.0,0.0000,-4.03,12.53,7.82,-9.21,1,0.1611,0.902,-1.765,25.00,1,-186.7,368.8,0.09536,-112.8,-357.5,0.1747,-0.00788,OK
3.4783,3.4779,0.4,0,-186.4,373.8,0.0940,-190.0,354.4,0.1366,-81.5,-391.4,0.0000,-46.1,-447.9,0.1554,-89.6,-441.3,0,0.0,0.0,0.0000,-3.17,12.45,8.25,-9.75,1,0.2244,0.981,3.511,25.00,1,-186.6,372.5,0.09772,-78.6,-159.5,0.1985,-0.00798,OK
3.4867,3.4779,8.8,0,-186.4,373.8,0.0940,-190.0,354.4,0.1366,-81.5,-391.4,0.0000,-43.6,-462.9,0.1549,-88.6,-456.5,0,0.0,0.0,0.0000,-3.01,12.67,7.37,-9.41,1,0.1756,-0.539,0.853,24.00,1,-186.6,372.3,0.09785,-94.4,-199.7,0.1876,-0.00804,OK
3.4940,3.4779,16.1,0,-186.4,373.8,0.0940,-190.0,354.4,0.1366,-81.5,-391.4,0.0000,-40.5,-467.2,0.1496,-86.6,-460.8,0,0.0,0.0,0.0000,-3.57,13.26,6.66,-9.99,1,0.1756,-0.539,0.853,24.00,1,-187.2,370.7,0.09918,-100.3,-221.3,0.1814,-0.00801,OK
3.5030,3.4779,25.1,0,-186.4,373.8,0.0940,-190.0,354.4,0.1366,-81.5,-391.4,0.0000,-35.9,-471.7,0.1442,-83.1,-465.7,0,0.0,0.0,0.0000,-3.61,12.93,6.51,-10.01,1,0.1100,-0.873,-1.491,25.00,1,-187.9,368.6,0.10053,-102.4,-228.3,0.1169,-0.00799,OK
3.5108,3.4779,32.9,0,-186.4,373.8,0.0940,-190.0,354.4,0.1366,-81.5,-391.4,0.0000,-31.6,-475.5,0.1400,-79.6,-469.8,0,0.0,0.0,0.0000,-2.27,12.92,7.52,-9.97,1,0.1333,1.245,1.216,25.00,1,-188.6,366.8,0.10159,-123.4,-227.0,0.1521,-0.00814,OK
3.5185,3.4779,40.6,0,-186.4,373.8,0.0940,-190.0,354.4,0.1366,-81.5,-391.4,0.0000,-26.8,-479.3,0.1347,-75.9,-474.0,0,0.0,0.0,0.0000,-0.95,12.32,8.02,-10.22,1,0.1500,0.971,2.001,24.00,1,-189.5,365.0,0.10291,-147.1,-212.9,0.1834,-0.00843,OK
3.5261,3.4779,48.2,0,-186.4,373.8,0.0940,-190.0,354.4,0.1366,-81.5,-391.4,0.0000,-21.6,-483.2,0.1292,-71.8,-478.3,0,0.0,0.0,0.0000,-0.38,13.18,7.82,-9.77,1,0.1022,-0.216,-0.647,25.00,1,-190.5,363.2,0.10428,-160.8,-210.7,0.1658,-0.00887,OK
3.5351,3.4779,57.2,0,-186.4,373.8,0.0940,-190.0,354.4,0.1366,-81.5,-391.4,0.0000,-16.4,-487.0,0.1240,-67.6,-482.5,0,0.0,0.0,0.0000,-3.47,13.28,8.14,-9.85,1,0.1022,-0.216,-0.647,24.00,1,-191.4,360.9,0.10558,-110.7,-274.3,0.1212,-0.00901,OK
3.5422,3.4779,64.3,0,-186.4,373.8,0.0940,-190.0,354.4,0.1366,-81.5,-391.4,0.0000,-12.7,-488.8,0.1200,-64.7,-484.6,0,0.0,0.0,0.0000,-5.07,13.75,9.25,-10.66,1,0.1489,-1.020,1.412,25.00,1,-191.9,358.6,0.10658,-97.5,-328.1,0.1590,-0.00903,OK
3.5511,3.4779,73.2,0,-186.4,373.8,0.0940,-190.0,354.4,0.1366,-81.5,-391.4,0.0000,-8.1,-490.5,0.1142,-60.9,-486.8,0,0.0,0.0,0.0000,-4.32,13.91,8.27,-10.41,1,0.1522,0.422,1.628,25.00,1,-192.5,355.7,0.10802,-110.3,-314.4,0.1633,-0.00905,OK
3.5589,3.4779,81.0,0,-186.4,373.8,0.0940,-190.0,354.4,0.1366,-81.5,-391.4,0.0000,-3.7,-492.0,0.1094,-57.3,-488.7,0,0.0,0.0,0.0000,-4.30,13.86,8.34,-10.73,1,0.1367,0.696,-1.442,24.00,1,-193.2,353.1,0.10923,-115.5,-323.6,0.1482,-0.00909,OK
3.5667,3.4779,88.8,0,-186.4,373.8,0.0940,-190.0,354.4,0.1366,-81.5,-391.4,0.0000,0.6,-493.1,0.1046,-53.8,-490.1,0,0.0,0.0,0.0000,-5.73,13.82,8.72,-10.91,1,0.1578,-1.863,1.491,24.00,1,-193.7,350.4,0.11044,-98.4,-352.9,0.1605,-0.00900,OK
3.5745,3.4779,96.6,0,-186.4,373.8,0.0940,-190.0,354.4,0.1366,-81.5,-391.4,0.0000,4.7,-493.6,0.0997,-50.3,-491.0,0,0.0,0.0,0.0000,-6.09,14.31,8.92,-11.33,1,0.1578,-1.863,1.491,25.00,1,-194.1,347.5,0.11166,-102.5,-373.0,0.1591,-0.00889,OK
3.5822,3.4779,104.3,0,-186.4,373.8,0.0940,-190.0,354.4,0.1366,-81.5,-391.4,0.0000,9.5,-493.9,0.0949,-46.2,-491.8,0,0.0,0.0,0.0000,-4.96,15.26,8.85,-11.69,1,0.1389,-0.049,2.177,25.00,1,-194.7,344.5,0.11285,-128.5,-375.3,0.1479,-0.00889,OK
3.5903,3.5876,2.7,0,-197.3,337.8,0.1200,-195.8,310.9,0.1366,-23.8,-399.5,0.0000,24.0,-486.8,0.0806,-32.7,-486.3,0,0.0,0.0,0.0000,-5.02,14.76,8.80,-10.89,1,0.1144,1.589,-2.118,24.00,1,-197.2,337.8,0.11644,-132.1,-378.7,0.1488,-0.00911,OK
3.5982,3.5876,10.6,0,-197.3,337.8,0.1200,-195.8,310.9,0.1366,-23.8,-399.5,0.0000,35.7,-489.3,0.0793,-21.6,-490.2,0,0.0,0.0,0.0000,-5.89,14.99,7.75,-9.06,1,0.1267,-2.285,2.216,24.00,1,-197.4,336.9,0.11676,-101.8,-354.4,0.1317,-0.00905,OK
3.6069,3.5876,19.3,0,-197.3,337.8,0.1200,-195.8,310.9,0.1366,-23.8,-399.5,0.0000,40.4,-489.7,0.0744,-17.5,-491.1,0,0.0,0.0,0.0000,-6.01,14.37,9.56,-8.34,1,0.1267,-2.285,2.216,25.00,1,-197.8,333.7,0.11799,-79.1,-366.7,0.1464,-0.00920,OK
3.6144,3.5876,26.8,0,-197.3,337.8,0.1200,-195.8,310.9,0.1366,-23.8,-399.5,0.0000,44.9,-489.2,0.0702,-13.5,-491.1,0,0.0,0.0,0.0000,-6.73,15.22,8.80,-11.95,1,0.1433,-2.540,2.030,25.00,1,-198.2,330.6,0.11902,-125.9,-421.4,0.1372,-0.00899,OK
3.6227,3.5876,35.1,0,-197.3,337.8,0.1200,-195.8,310.9,0.1366,-23.8,-399.5,0.0000,50.8,-488.0,0.0663,-8.0,-490.5,0,0.0,0.0,0.0000,-6.05,14.44,9.25,-12.28,1,0.1022,-0.490,-1.500,24.00,1,-198.9,327.0,0.12001,-129.6,-419.7,0.1037,-0.00888,OK
3.6306,3.5876,43.0,0,-197.3,337.8,0.1200,-195.8,310.9,0.1366,-23.8,-399.5,0.0000,56.4,-486.8,0.0630,-2.7,-490.0,0,0.0,0.0,0.0000,-6.11,14.52,9.67,-11.64,1,0.1033,1.618,0.990,24.00,1,-199.4,323.6,0.12084,-121.4,-421.5,0.1093,-0.00884,OK
3.6382,3.5876,50.5,0,-197.3,337.8,0.1200,-195.8,310.9,0.1366,-23.8,-399.5,0.0000,61.8,-485.5,0.0598,2.4,-489.4,0,0.0,0.0,0.0000,-6.51,14.60,10.68,-11.35,1,0.0878,-1.324,2.550,25.00,1,-199.9,320.3,0.12164,-110.3,-435.9,0.0992,-0.00888,OK
3.6461,3.5876,58.5,0,-197.3,337.8,0.1200,-195.8,310.9,0.1366,-23.8,-399.5,0.0000,66.5,-483.8,0.0567,6.9,-488.3,0,0.0,0.0,0.0000,-7.32,14.01,10.97,-11.35,1,0.0878,-1.324,2.550,25.00,1,-200.3,316.7,0.12239,-94.9,-446.3,0.0936,-0.00884,OK
3.6545,3.5876,66.9,0,-197.3,337.8,0.1200,-195.8,310.9,0.1366,-23.8,-399.5,0.0000,71.1,-481.6,0.0541,11.5,-486.7,0,0.0,0.0,0.0000,-10.10,14.30,10.42,-10.90,1,0.0789,-1.971,-2.373,24.00,1,-200.5,312.8,0.12304,-70.0,-465.9,0.0697,-0.00861,OK
3.6625,3.5876,74.9,0,-197.3,337.8,0.1200,-195.8,310.9,0.1366,-23.8,-399.5,0.0000,75.3,-479.3,0.0516,15.6,-484.9,0,0.0,0.0,0.0000,-11.48,14.05,10.40,-10.34,1,0.1089,-1.540,0.588,24.00,1,-200.5,309.0,0.12368,-54.9,-467.5,0.0987,-0.00841,OK
3.6701,3.5876,82.5,0,-197.3,337.8,0.1200,-195.8,310.9,0.1366,-23.8,-399.5,0.0000,79.4,-476.8,0.0489,19.6,-483.0,0,0.0,0.0,0.0000,-9.97,13.63,11.41,-10.98,1,0.0911,3.089,1.991,25.00,1,-200.5,305.4,0.12435,-59.0,-478.4,0.0845,-0.00821,OK
3.6791,3.5876,91.4,0,-197.3,337.8,0.1200,-195.8,310.9,0.1366,-23.8,-399.5,0.0000,85.4,-475.0,0.0464,25.5,-482.0,0,0.0,0.0,0.0000,-8.30,13.71,7.90,-10.47,1,0.0911,3.089,1.991,25.00,1,-200.7,301.5,0.12499,-93.8,-406.3,0.0710,-0.00793,OK
3.6871,3.5876,99.5,0,-197.3,337.8,0.1200,-195.8,310.9,0.1366,-23.8,-399.5,0.0000,91.2,-474.1,0.0442,31.1,-481.8,0,0.0,0.0,0.0000,-7.32,13.64,8.24,-9.64,1,0.0756,-0.981,0.461,25.00,1,-201.0,298.2,0.12552,-86.8,-397.4,0.0694,-0.00775,OK
3.6948,3.6914,3.4,0,-208.0,291.8,0.1144,-195.4,269.4,0.1366,31.6,-398.7,0.0000,105.5,-468.1,0.0599,47.9,-477.4,0,0.0,0.0,0.0000,-9.68,12.71,9.97,-10.87,1,0.0644,-3.207,-1.618,25.00,1,-207.8,291.9,0.12162,-124.2,-449.5,0.0049,-0.00701,OK
3.7025,3.6914,11.1,0,-208.0,291.8,0.1144,-195.4,269.4,0.1366,31.6,-398.7,0.0000,120.4,-467.7,0.0585,62.6,-478.8,0,0.0,0.0,0.0000,-11.24,13.39,11.54,-10.97,1,0.1222,-2.922,2.736,25.00,1,-207.9,290.3,0.12196,-101.3,-492.8,0.1113,-0.00683,OK
3.7109,3.6914,19.5,0,-208.0,291.8,0.1144,-195.4,269.4,0.1366,31.6,-398.7,0.0000,126.2,-464.2,0.0549,68.4,-476.2,0,0.0,0.0,0.0000,-10.57,13.09,11.23,-11.58,1,0.1222,-2.922,2.736,25.00,1,-208.3,286.2,0.12285,-107.2,-486.6,0.1083,-0.00660,OK
3.7182,3.6914,26.8,0,-208.0,291.8,0.1144,-195.4,269.4,0.1366,31.6,-398.7,0.0000,131.5,-461.5,0.0517,73.6,-474.2,0,0.0,0.0,0.0000,-9.32,13.34,11.24,-10.53,1,0.1167,-1.961,1.314,25.00,1,-208.6,282.6,0.12364,-104.8,-470.9,0.1131,-0.00647,OK
3.7267,3.6914,35.3,0,-208.0,291.8,0.1144,-195.4,269.4,0.1366,31.6,-398.7,0.0000,137.9,-458.8,0.0486,79.9,-472.3,0,0.0,0.0,0.0000,-8.77,13.85,11.19,-9.66,1,0.0700,1.912,-1.657,24.00,1,-209.0,278.6,0.12444,-98.9,-459.9,0.0745,-0.00644,OK
3.7339,3.6914,42.5,0,-208.0,291.8,0.1144,-195.4,269.4,0.1366,31.6,-398.7,0.0000,143.0,-456.7,0.0468,85.0,-470.9,0,0.0,0.0,0.0000,-10.17,11.20,11.88,-8.78,1,0.0600,-0.314,0.549,24.00,1,-209.1,275.2,0.12489,-52.2,-451.3,0.0564,-0.00632,OK
3.7428,3.6914,51.4,0,-208.0,291.8,0.1144,-195.4,269.4,0.1366,31.6,-398.7,0.0000,148.4,-454.4,0.0460,90.5,-469.3,0,0.0,0.0,0.0000,-11.38,7.93,12.44,-9.18,1,0.0489,-4.138,1.706,25.00,1,-208.8,271.4,0.12508,-6.9,-425.9,-0.0001,-0.00595,OK
3.7504,3.6914,59.0,0,-208.0,291.8,0.1144,-195.4,269.4,0.1366,31.6,-398.7,0.0000,152.9,-452.2,0.0462,95.3,-467.7,0,0.0,0.0,0.0000,-12.34,9.22,12.16,-9.71,1,0.0489,-4.138,1.706,25.00,1,-208.5,268.0,0.12502,-18.3,-454.9,0.0023,-0.00561,OK
3.7582,3.6914,66.8,0,-208.0,291.8,0.1144,-195.4,269.4,0.1366,31.6,-398.7,0.0000,157.5,-449.5,0.0456,100.1,-465.6,0,0.0,0.0,0.0000,-11.60,10.86,12.60,-8.66,1,0.0522,-2.746,0.235,25.00,1,-208.2,264.4,0.12517,-23.1,-471.6,0.0433,-0.00545,OK
3.7671,3.6914,75.7,0,-208.0,291.8,0.1144,-195.4,269.4,0.1366,31.6,-398.7,0.0000,162.9,-446.4,0.0446,105.7,-463.2,0,0.0,0.0,0.0000,-10.56,10.83,12.68,-8.34,1,0.0211,0.137,-0.029,25.00,1,-207.9,260.3,0.12543,-23.8,-459.9,0.0189,-0.00535,OK
3.7750,3.6914,83.6,0,-208.0,291.8,0.1144,-195.4,269.4,0.1366,31.6,-398.7,0.0000,167.4,-443.6,0.0448,110.7,-461.1,0,0.0,0.0,0.0000,-11.30,11.20,12.92,-7.69,1,-0.0300,0.431,-1.069,25.00,1,-207.6,256.6,0.12539,-6.9,-468.2,-0.0268,-0.00532,OK
3.7828,3.6914,91.4,0,-208.0,291.8,0.1144,-195.4,269.4,0.1366,31.6,-398.7,0.0000,171.7,-440.4,0.0455,115.4,-458.4,0,0.0,0.0,0.0000,-12.70,12.16,13.40,-7.09,1,-0.0300,0.431,-1.069,25.00,1,-207.0,252.9,0.12520,14.7,-489.6,-0.0232,-0.00534,OK
3.7937,3.7933,0.3,0,-209.6,247.5,0.1337,-189.4,229.1,0.1366,85.6,-390.7,0.0000,191.9,-432.5,0.0329,134.9,-453.5,0,0.0,0.0,0.0000,-11.85,10.58,14.20,-7.31,1,-0.0344,-2.550,1.687,25.00,1,-209.4,247.3,0.12836,-17.8,-441.5,0.0370,-0.00565,OK
3.7981,3.7933,4.8,0,-209.6,247.5,0.1337,-189.4,229.1,0.1366,85.6,-390.7,0.0000,198.2,-435.7,0.0354,141.0,-457.4,0,0.0,0.0,0.0000,-13.84,10.53,14.02,-7.03,1,-0.0600,-4.021,1.069,24.00,1,-209.4,247.3,0.12772,7.9,-461.7,-0.1372,-0.00566,OK
3.8068,3.7933,13.5,0,-209.6,247.5,0.1337,-189.4,229.1,0.1366,85.6,-390.7,0.0000,204.0,-436.6,0.0374,146.9,-458.9,0,0.0,0.0,0.0000,-13.55,10.53,13.99,-6.87,1,-0.0822,0.069,-0.794,24.00,1,-209.0,244.8,0.12723,11.6,-461.0,-0.0794,-0.00563,OK
3.8141,3.7933,20.8,0,-209.6,247.5,0.1337,-189.4,229.1,0.1366,85.6,-390.7,0.0000,208.4,-433.6,0.0397,151.9,-456.4,0,0.0,0.0,0.0000,-13.08,10.55,14.33,-6.53,1,-0.0822,0.069,-0.794,25.00,1,-208.5,241.5,0.12666,19.5,-459.8,-0.0758,-0.00564,OK
3.8227,3.7933,29.3,0,-209.6,247.5,0.1337,-189.4,229.1,0.1366,85.6,-390.7,0.0000,213.0,-430.3,0.0426,157.3,-453.6,0,0.0,0.0,0.0000,-12.56,9.74,14.92,-6.20,1,-0.1067,0.510,1.755,25.00,1,-207.8,237.6,0.12592,31.7,-452.3,-0.0985,-0.00566,OK
3.8299,3.7933,36.6,0,-209.6,247.5,0.1337,-189.4,229.1,0.1366,85.6,-390.7,0.0000,216.7,-427.6,0.0457,161.6,-451.3,0,0.0,0.0,0.0000,-13.91,9.02,14.63,-5.31,1,-0.1211,-2.020,0.628,25.00,1,-207.0,234.4,0.12515,60.5,-450.9,-0.1146,-0.00567,OK
3.8385,3.7933,45.2,0,-209.6,247.5,0.1337,-189.4,229.1,0.1366,85.6,-390.7,0.0000,221.0,-424.1,0.0502,166.8,-448.2,0,0.0,0.0,0.0000,-14.75,8.09,14.95,-5.39,1,-0.1433,-1.873,-2.089,24.00,1,-206.0,230.6,0.12402,74.7,-455.8,-0.1442,-0.00560,OK
3.8461,3.7933,52.8,0,-209.6,247.5,0.1337,-189.4,229.1,0.1366,85.6,-390.7,0.0000,224.6,-420.4,0.0540,171.3,-444.8,0,0.0,0.0,0.0000,-15.95,9.09,15.68,-5.65,1,-0.1000,-2.461,2.305,25.00,1,-204.9,227.1,0.12308,82.1,-491.0,-0.1007,-0.00554,OK
3.8549,3.7933,61.6,0,-209.6,247.5,0.1337,-189.4,229.1,0.1366,85.6,-390.7,0.0000,228.5,-416.0,0.0576,176.1,-440.8,0,0.0,0.0,0.0000,-15.77,8.51,15.07,-5.13,1,-0.1000,-2.461,2.305,25.00,1,-203.6,223.0,0.12218,89.0,-472.8,-0.1010,-0.00548,OK
3.8622,3.7933,68.9,0,-209.6,247.5,0.1337,-189.4,229.1,0.1366,85.6,-390.7,0.0000,231.8,-412.5,0.0605,180.1,-437.5,0,0.0,0.0,0.0000,-14.77,9.24,15.38,-4.65,1,-0.1167,-1.147,0.726,24.00,1,-202.6,219.7,0.12144,95.1,-472.6,-0.1053,-0.00554,OK
3.8700,3.7933,76.6,0,-209.6,247.5,0.1337,-189.4,229.1,0.1366,85.6,-390.7,0.0000,235.2,-408.9,0.0642,184.3,-434.2,0,0.0,0.0,0.0000,-15.12,8.46,14.60,-4.38,1,-0.1422,-0.716,-1.569,25.00,1,-201.4,216.2,0.12052,100.7,-457.7,-0.1338,-0.00556,OK
3.8787,3.7933,85.4,0,-209.6,247.5,0.1337,-189.4,229.1,0.1366,85.6,-390.7,0.0000,238.6,-404.6,0.0695,188.8,-430.1,0,0.0,0.0,0.0000,-16.02,8.10,16.21,-4.26,1,-0.1778,-0.932,0.039,25.00,1,-199.8,212.2,0.11919,126.4,-484.8,-0.1698,-0.00559,OK
3.8866,3.7933,93.3,0,-209.6,247.5,0.1337,-189.4,229.1,0.1366,85.6,-390.7,0.0000,241.1,-400.4,0.0747,192.3,-426.0,0,0.0,0.0,0.0000,-16.84,7.32,16.78,-3.63,1,-0.1611,-1.010,0.853,25.00,1,-198.3,208.5,0.11791,150.0,-487.1,-0.1568,-0.00557,OK
3.8964,3.8958,0.6,0,-197.2,200.6,0.1348,-177.9,189.8,0.1366,138.1,-375.3,0.0000,244.3,-386.6,0.0530,194.9,-413.7,0,0.0,0.0,0.0000,-15.57,7.29,16.83,-2.93,1,-0.1611,-1.010,0.853,24.00,1,-197.1,200.6,0.12332,129.8,-470.1,-0.0128,-0.00638,OK
3.9022,3.8998,2.4,0,-190.7,184.0,0.1281,-177.4,188.3,0.1366,140.1,-374.6,0.0000,240.0,-375.8,0.0523,191.9,-402.5,0,0.0,0.0,0.0000,-15.96,6.89,16.85,-2.99,1,-0.1678,-0.834,0.373,24.00,1,-193.9,192.4,0.12351,178.7,-650.8,-0.0585,-0.00644,OK
3.9101,3.9069,3.2,0,-188.3,181.1,0.1232,-176.4,185.7,0.1366,143.6,-373.3,0.0000,234.2,-361.0,0.0561,188.3,-386.9,0,0.0,0.0,0.0000,-16.75,6.72,18.24,-2.53,1,-0.1544,-0.745,0.127,25.00,1,-190.4,185.5,0.12256,238.0,-699.6,-0.1409,-0.00651,OK
3.9180,3.9177,0.4,0,-187.3,176.8,0.1053,-174.8,181.7,0.1366,148.6,-371.3,0.0000,227.7,-346.6,0.0766,185.5,-370.9,0,0.0,0.0,0.0000,-16.50,6.50,17.31,-2.83,1,-0.1567,-2.971,0.216,25.00,1,-187.3,178.0,0.11743,201.2,-687.3,-0.2732,-0.00623,OK
3.9268,3.9242,2.6,0,-184.4,173.3,0.1182,-173.8,179.2,0.1366,151.8,-370.0,0.0000,231.8,-334.2,0.0784,191.2,-359.0,0,0.0,0.0,0.0000,-16.73,6.05,17.82,-3.24,1,-0.1567,-2.971,0.216,24.00,1,-185.0,173.7,0.11698,222.5,-667.8,-0.1493,-0.00622,OK
3.9340,3.9242,9.8,0,-184.4,173.3,0.1182,-173.8,179.2,0.1366,151.8,-370.0,0.0000,237.0,-337.0,0.0796,196.2,-362.3,0,0.0,0.0,0.0000,-15.46,6.25,17.39,-2.68,1,-0.1622,-0.559,1.236,25.00,1,-184.5,172.6,0.11668,212.8,-636.2,-0.1549,-0.00623,OK
3.9427,3.9405,2.2,0,-181.1,165.0,0.1114,-171.3,173.2,0.1366,160.0,-366.5,0.0000,232.5,-320.9,0.0903,194.5,-345.3,0,0.0,0.0,0.0000,-16.91,6.21,17.41,-2.36,1,-0.1500,1.461,-1.697,25.00,1,-180.7,164.5,0.11400,211.6,-610.5,-0.1581,-0.00618,OK
3.9503,3.9405,9.8,0,-181.1,165.0,0.1114,-171.3,173.2,0.1366,160.0,-366.5,0.0000,238.0,-324.2,0.0912,199.7,-349.1,0,0.0,0.0,0.0000,-17.08,5.90,17.35,-1.75,1,-0.1522,-1.795,-1.746,25.00,1,-180.2,163.5,0.11377,229.0,-604.8,-0.1433,-0.00621,OK
3.9585,3.9581,0.4,0,-175.8,157.3,0.0994,-168.4,166.8,0.1366,168.7,-362.6,0.0000,230.1,-310.9,0.1084,194.8,-334.2,0,0.0,0.0,0.0000,-17.79,5.12,17.68,-1.69,1,-0.1100,-1.432,1.814,24.00,1,-175.7,156.2,0.10947,231.5,-527.5,-0.2078,-0.00596,OK
3.9661,3.9660,0.1,0,-173.6,153.2,0.1090,-167.0,163.9,0.1366,172.6,-360.8,0.0000,233.9,-304.1,0.1105,199.5,-327.7,0,0.0,0.0,0.0000,-16.62,5.00,17.70,-1.27,1,-0.1100,-1.432,1.814,25.00,1,-173.5,152.7,0.10895,230.5,-508.4,-0.1059,-0.00594,OK
3.9745,3.9660,8.5,0,-173.6,153.2,0.1090,-167.0,163.9,0.1366,172.6,-360.8,0.0000,241.8,-309.9,0.1107,206.7,-334.4,0,0.0,0.0,0.0000,-15.67,4.98,17.15,-1.23,1,-0.1111,0.333,0.559,25.00,1,-173.4,152.5,0.10891,223.3,-501.6,-0.1028,-0.00596,OK
3.9824,3.9767,5.7,0,-170.9,149.1,0.1157,-165.1,160.1,0.1366,177.5,-358.4,0.0000,243.4,-302.1,0.1104,209.1,-326.8,0,0.0,0.0,0.0000,-15.42,4.92,17.12,-0.89,1,-0.1278,0.088,-0.618,25.00,1,-170.7,148.4,0.10897,225.4,-475.0,-0.1053,-0.00617,OK
3.9908,3.9767,14.0,0,-170.9,149.1,0.1157,-165.1,160.1,0.1366,177.5,-358.4,0.0000,246.7,-300.5,0.1129,212.8,-325.4,0,0.0,0.0,0.0000,-15.28,4.01,17.62,-0.46,1,-0.1133,-0.990,-1.991,24.00,1,-169.0,145.7,0.10834,233.3,-459.5,-0.1052,-0.00619,OK
3.9979,3.9937,4.2,0,-166.2,142.1,0.1038,-162.1,154.1,0.1366,185.5,-354.5,0.0000,241.9,-296.1,0.1195,209.0,-320.2,0,0.0,0.0,0.0000,-15.69,4.10,17.54,-0.33,1,-0.1133,-0.990,-1.991,24.00,1,-166.1,141.6,0.10670,236.0,-444.6,-0.1093,-0.00619,OK
4.0061,4.0001,6.0,0,-163.9,138.8,0.1079,-160.9,151.8,0.1366,188.6,-352.9,0.0000,245.3,-293.0,0.1201,212.8,-317.4,0,0.0,0.0,0.0000,-15.70,4.55,17.67,-0.10,1,-0.0767,0.441,-1.294,24.00,1,-164.1,138.9,0.10656,245.8,-456.3,-0.0535,-0.00637,OK
4.0144,4.0086,5.8,0,-162.1,135.0,0.1059,-159.2,148.8,0.1366,192.7,-350.5,0.0000,246.6,-288.4,0.1217,214.7,-312.9,0,0.0,0.0,0.0000,-15.79,4.17,17.71,0.12,1,-0.0578,-0.814,-0.029,25.00,1,-161.8,135.1,0.10614,241.5,-452.0,-0.0416,-0.00647,OK
4.0227,4.0173,5.5,0,-158.9,130.7,0.0995,-157.6,145.8,0.1366,196.7,-348.1,0.0000,245.8,-283.7,0.1269,214.7,-307.9,0,0.0,0.0,0.0000,-16.34,4.05,17.14,0.26,1,-0.0678,-0.461,1.334,25.00,1,-159.1,131.2,0.10486,251.5,-461.1,-0.0581,-0.00650,OK
4.0304,4.0252,5.2,0,-156.7,127.5,0.1097,-156.0,143.0,0.1366,200.3,-346.0,0.0000,249.3,-276.3,0.1254,218.9,-301.0,0,0.0,0.0,0.0000,-15.84,3.69,16.15,0.57,1,-0.0567,-0.579,0.078,24.00,1,-156.8,127.7,0.10522,246.7,-442.2,-0.0327,-0.00668,OK
4.0389,4.0339,5.0,0,-154.9,124.9,0.0997,-154.2,140.0,0.1366,204.3,-343.8,0.0000,249.1,-274.9,0.1294,219.1,-299.3,0,0.0,0.0,0.0000,-15.18,3.74,15.79,0.58,1,-0.0567,-0.579,0.078,24.00,1,-154.5,124.5,0.10423,231.8,-418.7,-0.0420,-0.00678,OK
4.0467,4.0429,3.7,0,-151.6,120.8,0.1060,-152.4,136.9,0.1366,208.5,-341.4,0.0000,250.4,-267.9,0.1278,221.1,-292.6,0,0.0,0.0,0.0000,-14.72,3.93,16.84,1.07,1,-0.0100,-0.127,-2.216,25.00,1,-151.8,120.8,0.10463,251.3,-429.5,0.0292,-0.00710,OK
4.0547,4.0512,3.6,0,-149.8,118.0,0.1010,-150.6,134.1,0.1366,212.2,-339.1,0.0000,251.7,-266.9,0.1272,222.5,-291.7,0,0.0,0.0,0.0000,-9.49,3.61,15.85,0.95,1,0.0000,-0.745,-1.863,25.00,1,-149.9,118.2,0.10478,189.6,-337.5,0.0713,-0.00757,OK
4.0631,4.0595,3.6,0,-147.5,114.1,0.1020,-148.8,131.3,0.1366,216.0,-336.7,0.0000,253.8,-262.0,0.1273,225.0,-287.1,0,0.0,0.0,0.0000,-12.02,3.50,16.56,0.91,1,0.0089,0.686,1.500,24.00,1,-147.6,114.7,0.10475,223.7,-400.1,0.0361,-0.00789,OK
4.0704,4.0595,10.9,0,-147.5,114.1,0.1020,-148.8,131.3,0.1366,216.0,-336.7,0.0000,259.1,-263.6,0.1269,230.0,-289.3,0,0.0,0.0,0.0000,-13.84,3.28,16.49,1.01,1,0.0089,0.686,1.500,24.00,1,-146.8,113.6,0.10484,241.0,-413.6,0.0299,-0.00804,OK
4.0789,4.0760,2.9,0,-144.4,110.4,0.1050,-145.2,125.8,0.1366,223.2,-331.8,0.0000,259.9,-255.9,0.1271,231.7,-281.7,0,0.0,0.0,0.0000,-14.77,2.44,16.43,1.25,1,-0.0267,-0.186,-1.118,25.00,1,-143.7,109.5,0.10481,223.1,-364.0,-0.0185,-0.00803,OK
4.0860,4.0760,10.0,0,-144.4,110.4,0.1050,-145.2,125.8,0.1366,223.2,-331.8,0.0000,266.0,-258.1,0.1272,237.6,-284.5,0,0.0,0.0,0.0000,-14.59,2.67,16.23,1.52,1,-0.0456,0.088,-0.657,25.00,1,-143.2,108.8,0.10478,236.9,-379.1,-0.0204,-0.00822,OK
4.0949,4.0906,4.3,0,-141.7,107.6,0.1022,-141.9,121.0,0.1366,229.5,-327.4,0.0000,268.8,-257.0,0.1285,240.6,-283.6,0,0.0,0.0,0.0000,-14.14,2.26,12.15,1.72,1,0.0000,0.059,0.461,25.00,1,-141.0,106.4,0.10445,177.8,-268.8,0.0132,-0.00831,OK
4.1024,4.0906,11.8,0,-141.7,107.6,0.1022,-141.9,121.0,0.1366,229.5,-327.4,0.0000,274.8,-258.7,0.1283,246.4,-286.0,0,0.0,0.0,0.0000,-14.16,1.79,11.47,1.82,1,0.0000,0.059,0.461,25.00,1,-140.2,105.5,0.10450,180.0,-260.4,0.0117,-0.00834,OK
4.1109,4.0906,20.3,0,-141.7,107.6,0.1022,-141.9,121.0,0.1366,229.5,-327.4,0.0000,278.0,-257.5,0.1278,249.5,-285.1,0,0.0,0.0,0.0000,-14.50,1.59,14.57,2.08,1,0.0133,-0.216,-4.570,25.00,1,-138.3,103.3,0.10463,216.2,-299.9,0.0196,-0.00832,OK
4.1182,4.0906,27.6,0,-141.7,107.6,0.1022,-141.9,121.0,0.1366,229.5,-327.4,0.0000,280.2,-256.0,0.1263,251.8,-284.0,0,0.0,0.0,0.0000,-13.79,1.66,15.01,2.55,1,0.0700,-0.706,2.138,25.00,1,-136.5,101.3,0.10502,223.0,-300.3,0.0834,-0.00838,OK
4.1269,4.0906,36.4,0,-141.7,107.6,0.1022,-141.9,121.0,0.1366,229.5,-327.4,0.0000,283.1,-254.1,0.1224,254.6,-282.7,0,0.0,0.0,0.0000,-14.07,1.89,14.96,2.40,1,0.1311,-0.324,1.128,24.00,1,-134.3,98.8,0.10598,221.4,-305.2,0.1372,-0.00836,OK
4.1343,4.0906,43.7,0,-141.7,107.6,0.1022,-141.9,121.0,0.1366,229.5,-327.4,0.0000,285.6,-252.7,0.1189,257.0,-281.7,0,0.0,0.0,0.0000,-13.67,1.16,14.41,2.67,1,0.0956,1.147,-6.208,25.00,1,-132.4,96.9,0.10684,224.0,-284.8,0.0993,-0.00830,OK
4.1429,4.0906,52.3,0,-141.7,107.6,0.1022,-141.9,121.0,0.1366,229.5,-327.4,0.0000,288.6,-250.6,0.1151,259.9,-280.2,0,0.0,0.0,0.0000,-13.81,1.58,14.50,2.72,1,0.1133,0.343,1.765,24.00,1,-130.2,94.6,0.10781,227.4,-298.3,0.1242,-0.00833,OK
4.1514,4.0906,60.8,0,-141.7,107.6,0.1022,-141.9,121.0,0.1366,229.5,-327.4,0.0000,291.6,-248.4,0.1111,262.9,-278.6,0,0.0,0.0,0.0000,-13.84,1.34,14.90,2.48,1,0.1133,0.343,1.765,25.00,1,-128.0,92.3,0.10880,228.1,-297.3,0.1120,-0.00821,OK
4.1581,4.0906,67.5,0,-141.7,107.6,0.1022,-141.9,121.0,0.1366,229.5,-327.4,0.0000,293.6,-247.1,0.1080,264.9,-277.7,0,0.0,0.0,0.0000,-13.28,1.16,13.78,2.87,1,0.1144,-1.844,1.079,24.00,1,-126.3,90.5,0.10958,225.1,-280.6,0.1224,-0.00821,OK
4.1666,4.0906,76.0,0,-141.7,107.6,0.1022,-141.9,121.0,0.1366,229.5,-327.4,0.0000,296.7,-245.6,0.1043,267.8,-276.8,0,0.0,0.0,0.0000,-12.92,1.02,13.11,2.55,1,0.0989,0.471,-4.021,25.00,1,-124.2,88.4,0.11051,214.6,-268.7,0.0997,-0.00811,OK
4.1744,4.1718,2.6,0,-115.3,76.0,0.1077,-121.9,95.5,0.1366,263.6,-300.7,0.0000,290.1,-231.4,0.1029,262.7,-262.1,0,0.0,0.0,0.0000,-12.98,1.59,13.51,2.55,1,0.0989,0.471,-4.021,25.00,1,-115.7,76.7,0.11086,272.3,-395.1,0.0949,-0.00809,OK
4.1827,4.1774,5.3,0,-112.3,73.4,0.1131,-120.4,93.8,0.1366,266.0,-298.6,0.0000,286.0,-215.4,0.0988,260.2,-245.9,0,0.0,0.0,0.0000,-13.20,0.71,13.74,2.92,1,0.1211,1.451,0.186,24.00,1,-113.1,74.1,0.11187,292.4,-379.4,0.1239,-0.00804,OK
4.1899,4.1774,12.6,0,-112.3,73.4,0.1131,-120.4,93.8,0.1366,266.0,-298.6,0.0000,288.2,-207.2,0.0970,263.2,-238.2,0,0.0,0.0,0.0000,-12.71,1.44,13.25,2.90,1,0.0756,-0.314,-0.520,25.00,1,-111.6,72.5,0.11234,279.2,-382.4,0.0937,-0.00816,OK
4.1984,4.1940,4.3,0,-108.2,69.3,0.1126,-115.9,88.9,0.1366,272.8,-292.5,0.0000,287.1,-200.5,0.0940,262.7,-231.6,0,0.0,0.0,0.0000,-13.08,0.72,13.16,2.75,1,0.0522,-0.265,0.177,25.00,1,-108.0,68.9,0.11307,270.8,-348.4,0.0572,-0.00812,OK
4.2068,4.2026,4.3,0,-105.5,67.0,0.1090,-113.6,86.4,0.1366,275.8,-289.5,0.0000,288.7,-198.1,0.0966,264.7,-229.2,0,0.0,0.0,0.0000,-13.54,0.39,13.10,2.48,1,0.0144,-1.255,0.324,25.00,1,-105.5,66.6,0.11242,268.8,-330.9,0.0006,-0.00792,OK
4.2145,4.2112,3.3,0,-102.9,65.1,0.1053,-111.2,83.9,0.1366,278.9,-286.5,0.0000,289.6,-196.1,0.1012,266.0,-227.0,0,0.0,0.0,0.0000,-12.15,0.27,12.24,2.52,1,0.0144,-1.255,0.324,25.00,1,-102.9,64.6,0.11128,257.7,-291.6,-0.0139,-0.00772,OK
4.2229,4.2112,11.7,0,-102.9,65.1,0.1053,-111.2,83.9,0.1366,278.9,-286.5,0.0000,296.2,-197.0,0.1016,272.5,-228.7,0,0.0,0.0,0.0000,-11.80,0.07,12.22,2.50,1,-0.0300,0.735,-1.530,24.00,1,-101.9,63.7,0.11117,253.5,-288.4,-0.0281,-0.00766,OK
4.2311,4.2284,2.7,0,-97.8,60.0,0.1121,-106.3,79.0,0.1366,285.6,-280.0,0.0000,295.3,-187.9,0.1036,272.8,-219.3,0,0.0,0.0,0.0000,-11.54,-0.35,12.29,2.33,1,-0.0622,1.500,-0.186,24.00,1,-97.9,60.1,0.11069,255.9,-282.8,-0.0615,-0.00752,OK
4.2386,4.2369,1.8,0,-95.9,58.7,0.1158,-103.9,76.7,0.1366,288.9,-276.5,0.0000,298.1,-184.7,0.1029,275.9,-216.6,0,0.0,0.0,0.0000,-11.60,-0.80,12.02,3.21,1,-0.1156,0.726,-0.637,24.00,1,-95.7,58.4,0.11084,256.4,-259.5,-0.0621,-0.00766,OK
4.2465,4.2452,1.4,0,-94.0,56.4,0.1097,-101.5,74.4,0.1366,291.9,-273.3,0.0000,300.5,-183.3,0.1077,278.6,-215.1,0,0.0,0.0,0.0000,-11.96,-0.81,12.00,3.34,1,-0.1467,0.431,-0.932,26.00,1,-93.6,56.4,0.10966,243.7,-267.1,-0.1276,-0.00777,OK
4.2547,4.2536,1.1,0,-91.2,54.2,0.1217,-99.0,72.1,0.1366,294.8,-270.0,0.0000,305.1,-176.9,0.1037,283.7,-209.5,0,0.0,0.0,0.0000,-12.86,-1.17,11.64,3.08,1,-0.1467,0.431,-0.932,24.00,1,-91.2,54.3,0.11066,253.6,-268.6,-0.0379,-0.00785,OK
4.2627,4.2621,0.6,0,-89.2,52.8,0.1186,-96.5,69.8,0.1366,297.9,-266.9,0.0000,307.7,-175.5,0.1044,286.4,-208.4,0,0.0,0.0,0.0000,-12.02,-1.44,11.53,3.08,1,-0.1767,-0.569,-0.000,25.00,1,-89.0,52.6,0.11047,239.4,-242.0,-0.0840,-0.00790,OK
4.2705,4.2621,8.4,0,-89.2,52.8,0.1186,-96.5,69.8,0.1366,297.9,-266.9,0.0000,316.7,-177.7,0.1061,295.3,-211.4,0,0.0,0.0,0.0000,-12.79,-1.10,10.93,3.03,1,-0.2067,-0.735,-0.402,24.00,1,-88.9,52.5,0.11005,242.6,-254.0,-0.1972,-0.00791,OK
4.2790,4.2789,0.1,0,-86.0,49.2,0.0926,-91.4,65.4,0.1366,303.9,-260.4,0.0000,313.1,-176.5,0.1313,293.1,-207.9,0,0.0,0.0,0.0000,-11.68,-1.14,10.55,2.76,1,-0.2567,0.696,-0.098,25.00,1,-85.5,49.1,0.10375,192.5,-229.4,-0.3820,-0.00781,OK
4.2864,4.2789,7.5,0,-86.0,49.2,0.0926,-91.4,65.4,0.1366,303.9,-260.4,0.0000,321.9,-179.3,0.1304,301.6,-211.7,0,0.0,0.0,0.0000,-11.43,-1.98,10.39,2.72,1,-0.2567,0.696,-0.098,25.00,1,-85.5,49.1,0.10397,212.4,-219.7,-0.3414,-0.00781,OK
4.2949,4.2789,16.0,0,-86.0,49.2,0.0926,-91.4,65.4,0.1366,303.9,-260.4,0.0000,327.1,-176.6,0.1404,307.5,-208.8,0,0.0,0.0,0.0000,-12.05,-2.01,10.10,2.90,1,-0.2833,2.079,-1.000,24.00,1,-83.6,47.6,0.10149,216.3,-216.7,-0.2854,-0.00775,OK
4.3025,4.2957,6.8,0,-80.8,45.5,0.0982,-86.3,61.1,0.1366,309.7,-253.1,0.0000,330.1,-170.6,0.1507,311.7,-202.3,0,0.0,0.0,0.0000,-11.50,-2.26,10.18,3.40,1,-0.2878,-1.079,-1.059,24.00,1,-81.0,45.7,0.09890,234.4,-215.0,-0.2787,-0.00775,OK
4.3106,4.3043,6.3,0,-78.8,43.6,0.0914,-83.6,58.9,0.1366,312.6,-249.3,0.0000,332.8,-168.4,0.1630,315.1,-199.5,0,0.0,0.0,0.0000,-11.58,-1.74,10.47,3.38,1,-0.2811,-2.020,-0.216,25.00,1,-78.8,43.8,0.09583,234.8,-232.1,-0.2637,-0.00778,OK
4.3189,4.3125,6.4,0,-76.7,41.8,0.1013,-81.0,56.9,0.1366,315.2,-246.1,0.0000,338.5,-161.6,0.1676,321.7,-192.9,0,0.0,0.0,0.0000,-11.37,-2.32,10.06,3.40,1,-0.2922,0.088,-0.069,27.00,1,-76.7,42.0,0.09467,233.6,-218.6,-0.2789,-0.00788,OK
4.3264,4.3212,5.3,0,-75.2,40.5,0.1084,-78.3,54.7,0.1366,318.0,-242.6,0.0000,343.1,-156.1,0.1688,326.9,-187.7,0,0.0,0.0,0.0000,-12.34,-2.55,10.17,3.26,1,-0.2922,0.088,-0.069,25.00,1,-74.8,40.4,0.09438,228.6,-218.5,-0.2758,-0.00798,OK
4.3348,4.3295,5.3,0,-73.0,39.3,0.0995,-75.6,52.7,0.1366,320.6,-239.1,0.0000,346.4,-156.7,0.1753,330.4,-188.1,0,0.0,0.0,0.0000,-11.61,-2.21,10.09,2.89,1,-0.3233,0.167,-0.382,24.00,1,-72.9,39.0,0.09276,217.4,-210.2,-0.3114,-0.00803,OK
4.3421,4.3379,4.2,0,-71.1,37.7,0.0878,-72.9,50.7,0.1366,323.3,-235.6,0.0000,348.2,-157.3,0.1867,332.7,-188.0,0,0.0,0.0,0.0000,-11.21,-2.19,9.80,3.12,1,-0.3111,-0.088,-0.255,25.00,1,-71.0,37.6,0.08992,214.4,-198.4,-0.3072,-0.00801,OK
4.3506,4.3464,4.2,0,-68.6,35.6,0.0805,-70.2,48.8,0.1366,325.9,-231.9,0.0000,351.5,-155.8,0.1985,336.6,-185.7,0,0.0,0.0,0.0000,-10.61,-2.11,9.95,3.60,1,-0.2467,0.392,0.363,25.00,1,-68.8,35.9,0.08697,224.3,-201.9,-0.2464,-0.00799,OK
4.3588,4.3550,3.8,0,-66.4,34.4,0.0850,-67.3,46.8,0.1366,328.6,-228.0,0.0000,355.9,-150.5,0.2064,341.8,-180.2,0,0.0,0.0,0.0000,-10.94,-2.11,10.78,3.74,1,-0.2467,0.392,0.363,25.00,1,-66.5,34.3,0.08499,239.1,-208.8,-0.2270,-0.00808,OK
4.3665,4.3633,3.2,0,-64.4,33.2,0.0889,-64.6,44.9,0.1366,331.0,-224.3,0.0000,359.7,-146.4,0.2095,346.1,-176.1,0,0.0,0.0,0.0000,-10.98,-2.39,10.37,3.80,1,-0.1867,1.020,-0.422,25.00,1,-64.4,33.0,0.08421,239.3,-190.1,-0.1614,-0.00811,OK
4.3741,4.3718,2.3,0,-61.6,31.8,0.0798,-61.8,43.0,0.1366,333.5,-220.5,0.0000,360.6,-146.7,0.2143,347.2,-176.1,0,0.0,0.0,0.0000,-10.39,-2.48,10.13,4.60,1,-0.1011,-0.010,-0.726,25.00,1,-61.9,31.7,0.08301,257.3,-176.6,-0.1070,-0.00812,OK
4.3831,4.3805,2.6,0,-60.5,30.9,0.0820,-58.9,41.1,0.1366,336.1,-216.7,0.0000,366.2,-144.1,0.2145,353.0,-173.9,0,0.0,0.0,0.0000,-10.72,-2.53,10.08,5.01,1,-0.0089,-1.902,0.049,24.00,1,-60.0,30.6,0.08294,234.9,-162.1,-0.0080,-0.00810,OK
4.3907,4.3890,1.7,0,-58.6,29.5,0.0775,-56.0,39.3,0.1366,338.6,-212.9,0.0000,369.8,-143.1,0.2176,356.8,-173.0,0,0.0,0.0,0.0000,-10.08,-2.33,9.89,4.78,1,-0.0089,-1.902,0.049,25.00,1,-58.3,29.4,0.08217,215.8,-159.4,-0.0348,-0.00806,OK
4.3979,4.3890,8.9,0,-58.6,29.5,0.0775,-56.0,39.3,0.1366,338.6,-212.9,0.0000,378.0,-144.3,0.2162,364.8,-175.0,0,0.0,0.0,0.0000,-9.56,-2.59,10.57,5.10,1,0.0733,0.961,-1.373,25.00,1,-58.0,29.3,0.08252,230.4,-154.0,0.0791,-0.00804,OK
4.4062,4.4040,2.2,0,-53.7,26.6,0.0736,-50.9,36.1,0.1366,342.9,-206.0,0.0000,375.8,-140.4,0.2146,362.8,-171.1,0,0.0,0.0,0.0000,-9.58,-3.13,10.85,6.00,1,0.1722,0.647,0.216,25.00,1,-54.0,27.0,0.08293,264.3,-165.5,0.1144,-0.00786,OK
4.4146,4.4124,2.1,0,-52.3,25.4,0.0800,-48.0,34.4,0.1366,345.2,-202.0,0.0000,381.1,-135.1,0.2098,368.4,-166.7,0,0.0,0.0,0.0000,-9.96,-2.56,10.81,6.36,1,0.1978,-1.716,0.441,24.00,1,-52.0,25.6,0.08414,243.4,-176.0,0.1829,-0.00786,OK
4.4228,4.4209,1.9,0,-49.7,24.1,0.0706,-45.1,32.7,0.1366,347.4,-198.2,0.0000,383.3,-135.2,0.2111,370.6,-166.9,0,0.0,0.0,0.0000,-9.93,-2.56,11.02,6.37,1,0.2133,-2.138,-0.157,24.00,1,-49.7,24.2,0.08382,255.8,-177.5,0.1294,-0.00773,OK
4.4299,4.4209,9.1,0,-49.7,24.1,0.0706,-45.1,32.7,0.1366,347.4,-198.2,0.0000,391.3,-135.5,0.2093,378.5,-167.9,0,0.0,0.0,0.0000,-9.83,-2.68,10.77,6.20,1,0.2133,-2.138,-0.157,25.00,1,-49.4,24.1,0.08425,252.4,-169.4,0.2201,-0.00772,OK
4.4386,4.4294,9.2,0,-48.1,23.1,0.0811,-42.1,31.1,0.1366,349.5,-194.4,0.0000,398.0,-128.5,0.2059,385.6,-161.9,0,0.0,0.0,0.0000,-9.58,-2.81,10.10,6.16,1,0.2300,-0.765,0.441,25.00,1,-47.6,22.9,0.08509,233.9,-153.3,0.2326,-0.00757,OK
4.4469,4.4378,9.2,0,-46.5,21.9,0.0836,-39.1,29.5,0.1366,351.6,-190.5,0.0000,403.3,-125.4,0.2009,391.0,-159.7,0,0.0,0.0,0.0000,-9.89,-2.69,10.32,6.26,1,0.2300,0.932,-0.794,25.00,1,-45.9,21.8,0.08636,226.7,-158.9,0.2348,-0.00748,OK
4.4541,4.4462,7.9,0,-43.2,20.2,0.0981,-36.2,27.9,0.1366,353.8,-186.5,0.0000,407.1,-117.5,0.1897,395.1,-153.2,0,0.0,0.0,0.0000,-10.73,-3.28,11.20,6.58,1,0.2311,-0.059,-1.049,26.00,1,-43.8,20.6,0.08916,263.5,-173.3,0.2319,-0.00748,OK
4.4619,4.4547,7.2,0,-41.3,19.2,0.1021,-33.1,26.3,0.1366,355.9,-182.4,0.0000,409.8,-113.8,0.1771,397.5,-151.0,0,0.0,0.0,0.0000,-10.59,-3.35,11.70,6.95,1,0.2167,-2.020,1.108,25.00,1,-41.3,19.3,0.09232,271.9,-175.3,0.2256,-0.00758,OK
4.4707,4.4631,7.6,0,-38.9,18.6,0.0929,-30.2,24.8,0.1366,358.0,-178.3,0.0000,412.4,-115.7,0.1700,399.7,-153.9,0,0.0,0.0,0.0000,-10.37,-3.20,11.68,7.54,1,0.2167,-2.020,1.108,27.00,1,-38.9,18.3,0.09409,275.1,-165.3,0.2332,-0.00769,OK
4.4784,4.4716,6.8,0,-36.8,17.5,0.0977,-27.1,23.3,0.1366,359.9,-174.2,0.0000,415.4,-111.6,0.1620,402.8,-151.0,0,0.0,0.0,0.0000,-11.11,-3.86,11.68,7.19,1,0.1900,-1.138,0.049,24.00,1,-36.6,17.3,0.09609,280.6,-155.9,0.1944,-0.00765,OK
4.4861,4.4800,6.1,0,-34.2,16.9,0.0882,-24.1,21.8,0.1366,361.8,-170.1,0.0000,416.9,-113.4,0.1602,404.0,-153.1,0,0.0,0.0,0.0000,-10.37,-4.08,11.35,7.02,1,0.1856,0.275,-0.608,24.00,1,-34.2,16.6,0.09654,274.9,-133.3,0.1816,-0.00749,OK
4.4944,4.4885,6.0,0,-31.4,14.8,0.0920,-21.0,20.4,0.1366,363.7,-166.4,0.0000,419.8,-108.3,0.1568,407.3,-148.6,0,0.0,0.0,0.0000,-10.65,-4.26,10.96,7.24,1,0.1889,-0.814,0.324,25.00,1,-31.6,15.3,0.09737,283.3,-143.7,0.1846,-0.00733,OK
4.5031,4.4885,14.7,0,-31.4,14.8,0.0920,-21.0,20.4,0.1366,363.7,-166.4,0.0000,424.4,-106.3,0.1517,411.9,-147.6,0,0.0,0.0,0.0000,-10.46,-4.44,11.82,7.81,1,0.1889,-0.814,0.324,25.00,1,-29.6,14.5,0.09866,295.6,-144.0,0.1977,-0.00735,OK
4.5100,4.4969,13.0,0,-28.8,14.2,0.0966,-17.9,19.0,0.1366,365.5,-162.6,0.0000,426.4,-102.1,0.1481,414.1,-144.0,0,0.0,0.0,0.0000,-11.05,-4.67,12.20,7.97,1,0.2256,-1.589,0.353,25.00,1,-27.2,13.7,0.09956,312.9,-150.1,0.2285,-0.00725,OK
4.5183,4.4969,21.4,0,-28.8,14.2,0.0966,-17.9,19.0,0.1366,365.5,-162.6,0.0000,428.6,-99.7,0.1399,416.3,-142.7,0,0.0,0.0,0.0000,-11.00,-4.21,11.64,8.12,1,0.2544,-1.167,1.226,25.00,1,-24.5,12.7,0.10160,305.6,-149.5,0.2603,-0.00724,OK
4.5266,4.4969,29.7,0,-28.8,14.2,0.0966,-17.9,19.0,0.1366,365.5,-162.6,0.0000,430.9,-97.1,0.1314,418.5,-141.2,0,0.0,0.0,0.0000,-10.65,-4.53,12.08,8.06,1,0.2444,-0.412,-0.402,24.00,1,-21.9,11.7,0.10373,309.3,-144.7,0.2506,-0.00722,OK
4.5342,4.4969,37.3,0,-28.8,14.2,0.0966,-17.9,19.0,0.1366,365.5,-162.6,0.0000,432.9,-94.5,0.1239,420.5,-139.6,0,0.0,0.0,0.0000,-11.11,-4.55,12.38,7.89,1,0.2444,-0.412,-0.402,25.00,1,-19.4,10.9,0.10561,315.0,-152.4,0.2463,-0.00715,OK
4.5427,4.4969,45.7,0,-28.8,14.2,0.0966,-17.9,19.0,0.1366,365.5,-162.6,0.0000,434.5,-91.8,0.1151,422.1,-138.0,0,0.0,0.0,0.0000,-11.83,-5.07,12.33,8.38,1,0.2767,1.187,-1.177,25.00,1,-16.5,9.9,0.10780,331.3,-148.3,0.2731,-0.00702,OK
4.5504,4.4969,53.5,0,-28.8,14.2,0.0966,-17.9,19.0,0.1366,365.5,-162.6,0.0000,435.5,-88.9,0.1066,423.1,-136.2,0,0.0,0.0,0.0000,-12.67,-5.02,13.68,8.89,1,0.2744,-1.383,2.265,25.00,1,-13.8,8.9,0.10992,353.7,-170.0,0.2762,-0.00695,OK
4.5588,4.4969,61.8,0,-28.8,14.2,0.0966,-17.9,19.0,0.1366,365.5,-162.6,0.0000,436.7,-86.1,0.0978,424.3,-134.4,0,0.0,0.0,0.0000,-12.30,-5.02,12.21,9.06,1,0.2467,-2.716,1.177,24.00,1,-10.7,7.9,0.11212,340.4,-150.9,0.2505,-0.00691,OK
4.5668,4.4969,69.9,0,-28.8,14.2,0.0966,-17.9,19.0,0.1366,365.5,-162.6,0.0000,438.1,-83.4,0.0894,425.7,-132.8,0,0.0,0.0,0.0000,-11.43,-4.91,12.47,9.16,1,0.2589,0.245,-2.050,25.00,1,-7.9,7.1,0.11422,335.3,-145.7,0.2685,-0.00694,OK
4.5740,4.4969,77.0,0,-28.8,14.2,0.0966,-17.9,19.0,0.1366,365.5,-162.6,0.0000,439.3,-81.1,0.0820,427.0,-131.4,0,0.0,0.0,0.0000,-12.32,-5.80,12.67,8.92,1,0.2589,0.245,-2.050,25.00,1,-5.3,6.3,0.11608,352.4,-143.2,0.2551,-0.00680,OK
4.5827,4.4969,85.8,0,-28.8,14.2,0.0966,-17.9,19.0,0.1366,365.5,-162.6,0.0000,440.6,-78.2,0.0732,428.3,-129.7,0,0.0,0.0,0.0000,-12.04,-6.32,13.00,8.95,1,0.2567,0.608,0.628,25.00,1,-2.1,5.5,0.11828,358.1,-136.1,0.2514,-0.00665,OK
4.5910,4.4969,94.1,0,-28.8,14.2,0.0966,-17.9,19.0,0.1366,365.5,-162.6,0.0000,442.2,-75.9,0.0651,429.9,-128.5,0,0.0,0.0,0.0000,-8.80,-6.40,13.91,9.60,1,0.2178,-1.079,1.049,25.00,1,0.8,4.9,0.12031,330.3,-91.7,0.2357,-0.00679,OK
4.5989,4.4969,102.0,0,-28.8,14.2,0.0966,-17.9,19.0,0.1366,365.5,-162.6,0.0000,443.7,-73.2,0.0585,431.5,-126.7,0,0.0,0.0,0.0000,-10.49,-6.28,14.31,8.29,1,0.1767,-3.648,0.922,25.00,1,3.6,4.3,0.12196,341.4,-130.7,0.1822,-0.00677,OK
4.6059,4.4969,109.0,0,-28.8,14.2,0.0966,-17.9,19.0,0.1366,365.5,-162.6,0.0000,445.3,-69.7,0.0546,433.4,-123.8,0,0.0,0.0,0.0000,-12.13,-5.77,13.71,5.29,1,0.1589,-0.941,-0.000,25.00,1,5.9,3.5,0.12293,306.4,-172.7,0.1082,-0.00639,OK
4.6148,4.5830,31.8,0,-2.4,3.8,0.1214,14.3,6.9,0.1366,381.9,-119.1,0.0000,456.0,-55.6,0.0485,445.5,-111.8,0,0.0,0.0,0.0000,-13.01,-6.62,13.27,6.85,1,0.1589,-0.941,-0.000,25.00,1,5.2,1.2,0.12445,314.6,-165.2,0.1187,-0.00614,OK
4.6219,4.5830,38.9,0,-2.4,3.8,0.1214,14.3,6.9,0.1366,381.9,-119.1,0.0000,461.4,-47.4,0.0452,451.9,-104.7,0,0.0,0.0,0.0000,-13.07,-7.32,10.26,8.18,1,0.1489,0.755,-0.196,25.00,1,7.5,0.5,0.12527,314.9,-110.4,0.1194,-0.00586,OK
4.6301,4.5830,47.2,0,-2.4,3.8,0.1214,14.3,6.9,0.1366,381.9,-119.1,0.0000,463.1,-44.3,0.0415,453.8,-102.3,0,0.0,0.0,0.0000,-13.42,-7.23,10.90,8.88,1,0.1256,-0.579,0.147,25.00,1,10.3,-0.1,0.12621,333.7,-118.1,0.1133,-0.00566,OK
4.6385,4.5830,55.5,0,-2.4,3.8,0.1214,14.3,6.9,0.1366,381.9,-119.1,0.0000,464.2,-40.5,0.0377,455.4,-99.0,0,0.0,0.0,0.0000,-13.96,-7.53,12.47,9.22,1,0.1256,-0.579,0.147,25.00,1,13.3,-0.8,0.12716,360.9,-137.8,0.1161,-0.00549,OK
4.6464,4.5830,63.4,0,-2.4,3.8,0.1214,14.3,6.9,0.1366,381.9,-119.1,0.0000,464.7,-36.1,0.0339,456.3,-95.2,0,0.0,0.0,0.0000,-14.47,-6.52,14.15,10.17,1,0.1200,-1.755,0.520,24.00,1,16.4,-1.7,0.12810,381.8,-172.7,0.1237,-0.00547,OK
4.6548,4.5830,71.8,0,-2.4,3.8,0.1214,14.3,6.9,0.1366,381.9,-119.1,0.0000,464.9,-31.2,0.0301,457.0,-90.8,0,0.0,0.0,0.0000,-13.75,-6.96,14.76,10.36,1,0.0967,-1.500,0.177,24.00,1,19.8,-2.6,0.12905,388.5,-164.6,0.1036,-0.00548,OK
4.6627,4.5830,79.7,0,-2.4,3.8,0.1214,14.3,6.9,0.1366,381.9,-119.1,0.0000,465.0,-26.1,0.0276,457.8,-86.0,0,0.0,0.0,0.0000,-15.06,-6.38,14.43,9.80,1,0.0533,0.373,0.020,25.00,1,23.0,-3.7,0.12968,387.8,-186.8,0.0572,-0.00546,OK
4.6704,4.5830,87.4,0,-2.4,3.8,0.1214,14.3,6.9,0.1366,381.9,-119.1,0.0000,464.8,-21.1,0.0263,458.1,-81.2,0,0.0,0.0,0.0000,-15.78,-7.54,14.46,10.03,1,0.0289,-1.118,-0.088,26.00,1,26.3,-4.6,0.13000,408.3,-175.9,0.0267,-0.00538,OK
4.6780,4.5830,95.0,0,-2.4,3.8,0.1214,14.3,6.9,0.1366,381.9,-119.1,0.0000,464.3,-16.3,0.0255,458.3,-76.4,0,0.0,0.0,0.0000,-15.56,-7.90,14.35,10.58,1,0.0289,-1.118,-0.088,25.00,1,29.6,-5.5,0.13020,416.3,-164.9,0.0286,-0.00532,OK
4.6870,4.5830,104.0,0,-2.4,3.8,0.1214,14.3,6.9,0.1366,381.9,-119.1,0.0000,463.3,-10.8,0.0253,458.0,-70.9,0,0.0,0.0,0.0000,-15.61,-7.92,13.68,11.47,1,-0.0211,-2.530,2.285,25.00,1,33.5,-6.4,0.13025,420.4,-154.4,-0.0156,-0.00532,OK
4.6947,4.5830,111.7,0,-2.4,3.8,0.1214,14.3,6.9,0.1366,381.9,-119.1,0.0000,462.5,-5.9,0.0263,457.9,-65.8,0,0.0,0.0,0.0000,-15.52,-8.25,13.24,10.83,1,-0.0478,-1.697,-0.618,25.00,1,36.8,-7.1,0.13000,414.7,-146.1,-0.0469,-0.00527,OK
4.7029,4.5830,119.9,0,-2.4,3.8,0.1214,14.3,6.9,0.1366,381.9,-119.1,0.0000,461.6,-0.5,0.0281,457.6,-60.1,0,0.0,0.0,0.0000,-15.07,-9.57,14.29,10.29,1,-0.0500,0.843,-2.599,25.00,1,40.4,-7.8,0.12956,427.0,-142.2,-0.0554,-0.00517,OK
4.7108,4.5830,127.8,0,-2.4,3.8,0.1214,14.3,6.9,0.1366,381.9,-119.1,0.0000,460.3,5.3,0.0306,457.1,-54.0,0,0.0,0.0,0.0000,-16.17,-9.02,14.95,10.53,1,-0.1000,-0.716,0.608,24.00,1,44.0,-8.6,0.12893,441.0,-166.1,-0.1018,-0.00510,OK
4.7185,4.6829,35.6,0,36.8,-8.0,0.1299,53.1,-2.4,0.1366,394.5,-67.4,0.0000,453.4,19.2,0.0342,452.2,-38.9,0,0.0,0.0,0.0000,-15.64,-8.68,14.69,10.50,1,-0.1000,-0.716,0.608,24.00,1,49.4,-10.9,0.12802,443.1,-172.2,-0.0998,-0.00504,OK
4.7263,4.6829,43.4,0,36.8,-8.0,0.1299,53.1,-2.4,0.1366,394.5,-67.4,0.0000,451.8,25.9,0.0382,451.5,-31.6,0,0.0,0.0,0.0000,-16.83,-8.57,14.48,10.68,1,-0.1533,-0.186,1.628,26.00,1,53.0,-11.8,0.12703,451.3,-181.4,-0.1529,-0.00499,OK
4.7346,4.6829,51.7,0,36.8,-8.0,0.1299,53.1,-2.4,0.1366,394.5,-67.4,0.0000,449.5,32.7,0.0442,450.1,-23.8,0,0.0,0.0,0.0000,-17.14,-9.43,15.15,11.13,1,-0.2056,-0.294,-1.540,25.00,1,57.0,-12.8,0.12553,472.6,-179.9,-0.2045,-0.00495,OK
4.7428,4.6829,60.0,0,36.8,-8.0,0.1299,53.1,-2.4,0.1366,394.5,-67.4,0.0000,447.0,39.7,0.0514,448.5,-15.8,0,0.0,0.0,0.0000,-16.95,-9.70,14.90,11.11,1,-0.2356,-0.785,0.069,25.00,1,61.1,-13.8,0.12372,471.7,-172.1,-0.2348,-0.00492,OK
4.7504,4.6829,67.6,0,36.8,-8.0,0.1299,53.1,-2.4,0.1366,394.5,-67.4,0.0000,444.8,46.0,0.0586,447.1,-8.4,0,0.0,0.0,0.0000,-16.33,-9.71,14.12,11.32,1,-0.2356,-0.785,0.069,24.00,1,64.8,-14.6,0.12194,463.1,-154.7,-0.2333,-0.00490,OK
4.7591,4.6829,76.3,0,36.8,-8.0,0.1299,53.1,-2.4,0.1366,394.5,-67.4,0.0000,442.2,53.4,0.0661,445.4,0.1,0,0.0,0.0,0.0000,-16.19,-8.85,14.63,12.32,1,-0.2144,-1.010,1.147,25.00,1,68.9,-15.5,0.12005,467.0,-166.1,-0.2030,-0.00495,OK
4.7668,4.6829,84.0,0,36.8,-8.0,0.1299,53.1,-2.4,0.1366,394.5,-67.4,0.0000,440.3,60.8,0.0723,444.4,8.3,0,0.0,0.0,0.0000,-16.86,-6.52,13.48,11.97,1,-0.2178,0.686,-1.451,25.00,1,72.5,-16.5,0.11851,427.7,-197.9,-0.2019,-0.00504,OK
4.7745,4.6829,91.7,0,36.8,-8.0,0.1299,53.1,-2.4,0.1366,394.5,-67.4,0.0000,438.2,67.8,0.0786,443.1,16.3,0,0.0,0.0,0.0000,-17.15,-9.43,13.86,12.00,1,-0.2100,-0.118,-1.824,25.00,1,76.1,-17.4,0.11693,470.5,-155.0,-0.2066,-0.00503,OK
4.7822,4.6829,99.4,0,36.8,-8.0,0.1299,53.1,-2.4,0.1366,394.5,-67.4,0.0000,435.6,73.8,0.0850,441.2,23.2,0,0.0,0.0,0.0000,-16.84,-11.12,13.14,12.55,1,-0.2044,-2.305,0.990,25.00,1,79.9,-17.9,0.11533,483.5,-116.1,-0.2058,-0.00498,OK
4.7910,4.6829,108.1,0,36.8,-8.0,0.1299,53.1,-2.4,0.1366,394.5,-67.4,0.0000,432.5,80.5,0.0921,438.8,31.0,0,0.0,0.0,0.0000,-16.43,-11.13,13.95,12.84,1,-0.2044,-2.305,0.990,24.00,1,84.3,-18.5,0.11355,492.0,-121.9,-0.2019,-0.00496,OK
4.7988,4.6829,116.0,0,36.8,-8.0,0.1299,53.1,-2.4,0.1366,394.5,-67.4,0.0000,429.5,86.0,0.0982,436.4,37.4,0,0.0,0.0,0.0000,-15.97,-12.72,13.42,12.19,1,-0.1767,0.235,-0.569,25.00,1,88.2,-18.9,0.11202,489.2,-98.0,-0.1828,-0.00487,OK
4.8069,4.6829,124.1,0,36.8,-8.0,0.1299,53.1,-2.4,0.1366,394.5,-67.4,0.0000,426.9,92.0,0.1040,434.4,44.3,0,0.0,0.0,0.0000,-16.75,-10.04,12.89,12.13,1,-0.1722,1.285,-1.334,25.00,1,92.1,-19.4,0.11057,466.1,-124.7,-0.1730,-0.00482,OK
4.8150,4.7926,22.4,0,86.9,-20.7,0.1212,96.8,-6.6,0.1366,399.7,-9.4,0.0000,432.9,96.2,0.0901,441.1,46.3,0,0.0,0.0,0.0000,-16.76,-10.25,13.08,12.40,1,-0.1533,0.853,-1.618,25.00,1,93.6,-21.8,0.11405,454.9,-133.8,-0.1528,-0.00522,OK
4.8227,4.7926,30.1,0,86.9,-20.7,0.1212,96.8,-6.6,0.1366,399.7,-9.4,0.0000,431.0,100.3,0.0942,439.5,51.1,0,0.0,0.0,0.0000,-15.94,-10.44,13.56,12.23,1,-0.1133,-1.147,-0.461,24.00,1,97.2,-22.4,0.11302,455.9,-131.0,-0.1128,-0.00518,OK
4.8303,4.7926,37.6,0,86.9,-20.7,0.1212,96.8,-6.6,0.1366,399.7,-9.4,0.0000,429.3,100.2,0.0977,437.9,51.5,0,0.0,0.0,0.0000,-15.50,-12.79,12.91,12.72,1,-0.1133,-1.147,-0.461,24.00,1,100.7,-22.8,0.11215,473.1,-88.8,-0.1171,-0.00510,OK
4.8389,4.7926,46.2,0,86.9,-20.7,0.1212,96.8,-6.6,0.1366,399.7,-9.4,0.0000,427.6,99.7,0.1011,436.1,51.6,0,0.0,0.0,0.0000,-15.24,-10.05,12.64,13.47,1,-0.0856,-0.530,-1.589,24.00,1,104.8,-23.2,0.11131,451.9,-107.7,-0.0797,-0.00511,OK
4.8467,4.7926,54.1,0,86.9,-20.7,0.1212,96.8,-6.6,0.1366,399.7,-9.4,0.0000,426.8,97.6,0.1028,435.0,49.8,0,0.0,0.0,0.0000,-13.83,-9.46,12.79,13.04,1,-0.0389,2.256,-0.088,25.00,1,108.3,-23.7,0.11089,433.8,-105.9,-0.0293,-0.00515,OK
4.8551,4.7926,62.5,0,86.9,-20.7,0.1212,96.8,-6.6,0.1366,399.7,-9.4,0.0000,425.8,95.4,0.1037,433.8,47.7,0,0.0,0.0,0.0000,-14.95,-10.21,12.72,13.49,1,-0.0289,1.373,-0.422,25.00,1,112.2,-24.1,0.11066,454.8,-100.2,-0.0240,-0.00515,OK
4.8627,4.7926,70.1,0,86.9,-20.7,0.1212,96.8,-6.6,0.1366,399.7,-9.4,0.0000,424.8,93.0,0.1044,432.4,45.6,0,0.0,0.0,0.0000,-14.98,-10.92,12.35,14.19,1,-0.0289,1.373,-0.422,25.00,1,115.7,-24.4,0.11048,466.1,-80.8,-0.0246,-0.00514,OK
4.8702,4.7926,77.5,0,86.9,-20.7,0.1212,96.8,-6.6,0.1366,399.7,-9.4,0.0000,423.5,90.5,0.1051,430.9,43.3,0,0.0,0.0,0.0000,-15.62,-11.43,12.25,14.73,1,-0.0200,-1.442,-0.588,24.00,1,119.3,-24.6,0.11032,480.2,-72.5,-0.0178,-0.00511,OK
4.8791,4.7926,86.5,0,86.9,-20.7,0.1212,96.8,-6.6,0.1366,399.7,-9.4,0.0000,421.7,86.5,0.1053,428.7,39.6,0,0.0,0.0,0.0000,-14.48,-11.72,11.66,14.68,1,0.0000,-1.598,0.598,25.00,1,123.6,-24.6,0.11024,471.0,-50.6,0.0024,-0.00508,OK
4.8866,4.7926,93.9,0,86.9,-20.7,0.1212,96.8,-6.6,0.1366,399.7,-9.4,0.0000,420.4,83.1,0.1049,427.0,36.3,0,0.0,0.0,0.0000,-13.20,-11.43,12.36,14.73,1,0.0133,1.294,-1.059,25.00,1,127.1,-24.6,0.11035,465.2,-52.1,0.0226,-0.00513,OK
4.8949,4.7926,102.2,0,86.9,-20.7,0.1212,96.8,-6.6,0.1366,399.7,-9.4,0.0000,418.8,79.2,0.1045,425.0,32.5,0,0.0,0.0,0.0000,-13.07,-12.73,11.50,13.66,1,0.0056,3.226,-2.491,24.00,1,130.9,-24.5,0.11046,461.1,-31.4,0.0062,-0.00508,OK
4.9023,4.7926,109.6,0,86.9,-20.7,0.1212,96.8,-6.6,0.1366,399.7,-9.4,0.0000,417.1,75.4,0.1045,422.8,28.9,0,0.0,0.0,0.0000,-14.14,-14.72,11.14,14.02,1,0.0056,3.226,-2.491,25.00,1,134.5,-24.2,0.11045,486.0,-11.8,-0.0019,-0.00495,OK
4.9109,4.7926,118.3,0,86.9,-20.7,0.1212,96.8,-6.6,0.1366,399.7,-9.4,0.0000,414.7,71.1,0.1038,420.0,24.9,0,0.0,0.0,0.0000,-14.18,-14.83,11.43,14.67,1,0.0533,0.932,-0.569,25.00,1,138.7,-23.8,0.11062,498.2,-7.0,0.0468,-0.00484,OK
4.9181,4.8857,32.4,0,130.7,-24.7,0.1097,133.9,-5.2,0.1366,398.0,40.3,0.0000,412.6,64.1,0.1039,417.2,18.2,0,0.0,0.0,0.0000,-13.44,-12.83,11.60,14.45,1,0.0378,-3.305,1.245,25.00,1,142.5,-23.9,0.11059,478.1,-27.2,0.0386,-0.00477,OK
4.9268,4.8857,41.1,0,130.7,-24.7,0.1097,133.9,-5.2,0.1366,398.0,40.3,0.0000,410.9,59.8,0.1020,415.0,13.9,0,0.0,0.0,0.0000,-13.51,-12.26,10.65,14.30,1,0.0789,-2.687,-0.098,25.00,1,146.6,-23.6,0.11108,463.2,-19.1,0.0755,-0.00469,OK
4.9341,4.8857,48.4,0,130.7,-24.7,0.1097,133.9,-5.2,0.1366,398.0,40.3,0.0000,409.9,55.7,0.0997,413.5,9.7,0,0.0,0.0,0.0000,-11.86,-12.68,10.02,13.42,1,0.0900,3.432,-3.334,25.00,1,149.9,-23.3,0.11166,441.3,0.1,0.0861,-0.00459,OK
4.9426,4.8857,56.9,0,130.7,-24.7,0.1097,133.9,-5.2,0.1366,398.0,40.3,0.0000,408.7,50.1,0.0969,411.7,4.0,0,0.0,0.0,0.0000,-11.59,-13.77,9.58,13.17,1,0.0900,3.432,-3.334,25.00,1,153.6,-22.8,0.11235,441.3,16.4,0.0820,-0.00446,OK
4.9502,4.8857,64.5,0,130.7,-24.7,0.1097,133.9,-5.2,0.1366,398.0,40.3,0.0000,407.4,44.6,0.0932,409.8,-1.8,0,0.0,0.0,0.0000,-12.04,-14.70,10.21,13.95,1,0.1767,3.550,0.912,25.00,1,157.1,-22.3,0.11328,465.9,22.0,0.1666,-0.00431,OK
4.9587,4.8857,73.0,0,130.7,-24.7,0.1097,133.9,-5.2,0.1366,398.0,40.3,0.0000,405.5,38.8,0.0872,407.3,-7.9,0,0.0,0.0,0.0000,-11.92,-13.56,11.14,14.41,1,0.1933,-1.589,-0.000,25.00,1,161.0,-21.7,0.11478,469.5,6.1,0.1911,-0.00423,OK
4.9660,4.8857,80.3,0,130.7,-24.7,0.1097,133.9,-5.2,0.1366,398.0,40.3,0.0000,404.1,33.8,0.0816,405.3,-13.3,0,0.0,0.0,0.0000,-11.85,-12.26,10.46,14.54,1,0.1933,-1.589,-0.000,25.00,1,164.3,-21.3,0.11617,453.4,4.0,0.1925,-0.00417,OK
4.9744,4.8857,88.7,0,130.7,-24.7,0.1097,133.9,-5.2,0.1366,398.0,40.3,0.0000,403.0,28.2,0.0746,403.6,-19.4,0,0.0,0.0,0.0000,-11.37,-11.32,10.25,14.31,1,0.2244,-1.618,-1.010,24.00,1,168.0,-20.9,0.11793,436.3,-0.5,0.2251,-0.00413,OK
4.9827,4.8857,97.0,0,130.7,-24.7,0.1097,133.9,-5.2,0.1366,398.0,40.3,0.0000,402.4,22.3,0.0666,402.2,-26.0,0,0.0,0.0,0.0000,-10.75,-10.86,9.50,14.01,1,0.2644,1.677,-0.098,25.00,1,171.5,-20.4,0.11994,417.7,9.0,0.2633,-0.00407,OK
4.9908,4.8857,105.1,0,130.7,-24.7,0.1097,133.9,-5.2,0.1366,398.0,40.3,0.0000,401.5,15.7,0.0579,400.4,-33.3,0,0.0,0.0,0.0000,-10.39,-11.46,9.60,13.97,1,0.2678,1.736,-0.157,25.00,1,174.9,-19.9,0.12209,421.8,18.0,0.2672,-0.00402,OK
4.9991,4.8857,113.4,0,130.7,-24.7,0.1097,133.9,-5.2,0.1366,398.0,40.3,0.0000,400.5,8.8,0.0497,398.5,-40.9,0,0.0,0.0,0.0000,-10.36,-11.76,9.71,13.77,1,0.2367,-1.069,-1.187,25.00,1,178.3,-19.3,0.12415,423.5,18.3,0.2367,-0.00397,OK
5.0068,4.8857,121.1,0,130.7,-24.7,0.1097,133.9,-5.2,0.1366,398.0,40.3,0.0000,399.6,2.4,0.0424,396.7,-47.8,0,0.0,0.0,0.0000,-10.53,-11.16,9.70,13.77,1,0.2367,-1.069,-1.187,24.00,1,181.5,-18.8,0.12598,418.9,10.6,0.2371,-0.00392,OK
5.0144,4.8857,128.7,0,130.7,-24.7,0.1097,133.9,-5.2,0.1366,398.0,40.3,0.0000,399.0,-4.2,0.0344,395.2,-55.1,0,0.0,0.0,0.0000,-9.49,-10.57,9.37,13.76,1,0.2811,-0.990,1.461,25.00,1,184.6,-18.3,0.12797,401.0,18.3,0.2857,-0.00394,OK
5.0231,4.9954,27.6,0,178.2,-20.5,0.1220,177.6,-1.3,0.1366,399.7,10.0,0.0000,405.2,-0.9,0.0310,401.7,-52.9,0,0.0,0.0,0.0000,-8.72,-10.92,8.95,13.78,1,0.2800,2.148,-1.775,25.00,1,185.8,-19.3,0.12883,380.4,27.1,0.2869,-0.00383,OK
5.0304,4.9954,35.0,0,178.2,-20.5,0.1220,177.6,-1.3,0.1366,399.7,10.0,0.0000,405.2,-7.1,0.0232,400.8,-59.9,0,0.0,0.0,0.0000,-9.46,-11.25,9.25,13.03,1,0.2456,2.962,-1.069,25.00,1,188.6,-18.8,0.13079,387.0,14.9,0.2469,-0.00380,OK
5.0388,4.9954,43.4,0,178.2,-20.5,0.1220,177.6,-1.3,0.1366,399.7,10.0,0.0000,405.2,-14.4,0.0147,399.7,-67.9,0,0.0,0.0,0.0000,-7.06,-10.61,9.08,13.26,1,0.2256,-1.893,2.540,25.00,1,191.6,-18.1,0.13290,354.3,39.1,0.2498,-0.00403,OK
5.0464,4.9954,51.0,0,178.2,-20.5,0.1220,177.6,-1.3,0.1366,399.7,10.0,0.0000,405.7,-21.5,0.0069,399.1,-75.9,0,0.0,0.0,0.0000,-6.02,-10.67,9.50,13.10,1,0.2256,-1.893,2.540,25.00,1,194.2,-17.4,0.13486,339.1,53.2,0.2590,-0.00429,OK
5.0540,4.9954,58.6,0,178.2,-20.5,0.1220,177.6,-1.3,0.1366,399.7,10.0,0.0000,406.2,-28.8,-0.0006,398.5,-83.9,0,0.0,0.0,0.0000,-7.65,-9.72,8.63,12.75,1,0.2067,-2.305,0.804,25.00,1,196.8,-16.8,0.13673,347.8,22.7,0.2244,-0.00445,OK
5.0626,4.9954,67.2,0,178.2,-20.5,0.1220,177.6,-1.3,0.1366,399.7,10.0,0.0000,406.7,-36.5,-0.0082,397.8,-92.3,0,0.0,0.0,0.0000,-8.22,-9.56,8.30,11.77,1,0.2122,2.403,-1.265,25.00,1,199.7,-16.3,0.13863,343.5,12.5,0.2182,-0.00446,OK
5.0703,4.9954,74.9,0,178.2,-20.5,0.1220,177.6,-1.3,0.1366,399.7,10.0,0.0000,407.1,-43.0,-0.0148,397.1,-99.5,0,0.0,0.0,0.0000,-9.43,-9.20,8.57,11.99,1,0.2111,2.971,1.383,25.00,1,202.4,-15.9,0.14028,354.9,-4.2,0.2122,-0.00442,OK
5.0791,4.9954,83.7,0,178.2,-20.5,0.1220,177.6,-1.3,0.1366,399.7,10.0,0.0000,407.2,-50.4,-0.0221,395.9,-107.6,0,0.0,0.0,0.0000,-10.26,-9.54,8.34,12.41,1,0.2111,2.971,1.383,25.00,1,205.5,-15.4,0.14210,366.7,0.7,0.2066,-0.00432,OK
5.0869,4.9954,91.5,0,178.2,-20.5,0.1220,177.6,-1.3,0.1366,399.7,10.0,0.0000,407.1,-57.1,-0.0278,394.8,-114.8,0,0.0,0.0,0.0000,-9.75,-9.93,8.41,12.54,1,0.1589,-0.863,-0.020,24.00,1,208.4,-15.0,0.14353,369.4,7.7,0.1600,-0.00428,OK
5.0946,4.9954,99.2,0,178.2,-20.5,0.1220,177.6,-1.3,0.1366,399.7,10.0,0.0000,406.9,-63.6,-0.0326,393.5,-121.6,0,0.0,0.0,0.0000,-10.22,-9.31,8.88,12.14,1,0.1489,-2.550,1.471,24.00,1,211.2,-14.6,0.14472,367.4,-12.9,0.1502,-0.00425,OK
5.1024,4.9954,107.0,0,178.2,-20.5,0.1220,177.6,-1.3,0.1366,399.7,10.0,0.0000,406.7,-70.5,-0.0374,392.1,-128.9,0,0.0,0.0,0.0000,-9.14,-9.60,7.80,11.43,1,0.1678,1.873,-0.863,25.00,1,213.9,-14.2,0.14592,347.3,10.6,0.1635,-0.00416,OK
5.1110,4.9954,115.6,0,178.2,-20.5,0.1220,177.6,-1.3,0.1366,399.7,10.0,0.0000,406.8,-78.1,-0.0428,390.9,-137.0,0,0.0,0.0,0.0000,-9.25,-9.10,8.21,10.30,1,0.1678,1.873,-0.863,25.00,1,216.8,-13.8,0.14728,336.2,-10.0,0.1598,-0.00402,OK
5.1188,4.9954,123.4,0,178.2,-20.5,0.1220,177.6,-1.3,0.1366,399.7,10.0,0.0000,407.2,-84.2,-0.0472,390.3,-143.4,0,0.0,0.0,0.0000,-9.54,-8.91,8.91,7.82,1,0.1600,2.756,-0.206,24.00,1,219.3,-13.7,0.14837,310.9,-48.4,0.1310,-0.00375,OK
5.1271,5.0883,38.8,0,213.4,-13.4,0.1417,214.7,-2.6,0.1366,398.1,-39.1,0.0000,403.1,-86.4,-0.0448,386.0,-144.8,0,0.0,0.0,0.0000,-9.21,-8.47,8.89,8.84,1,0.1289,-1.118,0.883,24.00,1,224.0,-12.2,0.14779,333.8,-30.6,0.1184,-0.00347,OK
5.1346,5.0883,46.3,0,213.4,-13.4,0.1417,214.7,-2.6,0.1366,398.1,-39.1,0.0000,403.4,-92.5,-0.0489,385.2,-151.2,0,0.0,0.0,0.0000,-8.67,-8.26,8.93,9.89,1,0.1467,-2.001,0.941,24.00,1,226.6,-12.0,0.14880,338.2,-19.0,0.1487,-0.00346,OK
5.1429,5.0883,54.6,0,213.4,-13.4,0.1417,214.7,-2.6,0.1366,398.1,-39.1,0.0000,403.7,-99.5,-0.0537,384.3,-158.7,0,0.0,0.0,0.0000,-8.57,-8.01,8.12,9.72,1,0.1489,1.579,0.118,25.00,1,229.3,-11.7,0.15001,326.7,-12.8,0.1472,-0.00340,OK
5.1501,5.0883,61.8,0,213.4,-13.4,0.1417,214.7,-2.6,0.1366,398.1,-39.1,0.0000,403.9,-106.0,-0.0583,383.3,-165.6,0,0.0,0.0,0.0000,-7.47,-8.03,8.38,10.34,1,0.1489,1.579,0.118,25.00,1,231.6,-11.4,0.15115,322.6,0.2,0.1632,-0.00352,OK
5.1585,5.0883,70.2,0,213.4,-13.4,0.1417,214.7,-2.6,0.1366,398.1,-39.1,0.0000,403.6,-113.5,-0.0633,381.7,-173.4,0,0.0,0.0,0.0000,-9.46,-8.20,9.16,10.39,1,0.1344,2.187,1.226,25.00,1,234.5,-11.1,0.15241,349.1,-27.8,0.1368,-0.00351,OK
5.1661,5.0883,77.8,0,213.4,-13.4,0.1417,214.7,-2.6,0.1366,398.1,-39.1,0.0000,403.0,-120.0,-0.0666,380.0,-180.1,0,0.0,0.0,0.0000,-10.25,-7.83,9.07,10.06,1,0.0833,0.441,0.951,25.00,1,237.1,-11.0,0.15323,347.3,-42.1,0.0829,-0.00346,OK
5.1747,5.0883,86.4,0,213.4,-13.4,0.1417,214.7,-2.6,0.1366,398.1,-39.1,0.0000,402.5,-127.2,-0.0682,378.3,-187.3,0,0.0,0.0,0.0000,-10.18,-7.83,8.67,10.09,1,0.0067,-0.843,0.186,25.00,1,240.1,-10.9,0.15362,342.7,-38.5,0.0096,-0.00345,OK
5.1820,5.0883,93.7,0,213.4,-13.4,0.1417,214.7,-2.6,0.1366,398.1,-39.1,0.0000,403.4,-134.1,-0.0676,378.2,-194.1,0,0.0,0.0,0.0000,-10.32,-8.38,4.11,8.47,1,0.0067,-0.843,0.186,25.00,1,242.2,-10.4,0.15347,277.0,41.3,-0.0370,-0.00317,OK
5.1906,5.0883,102.3,0,213.4,-13.4,0.1417,214.7,-2.6,0.1366,398.1,-39.1,0.0000,404.6,-141.4,-0.0659,378.3,-201.5,0,0.0,0.0,0.0000,-9.64,-6.79,6.90,8.46,1,-0.0500,0.324,2.785,25.00,1,244.7,-10.1,0.15306,294.9,-33.0,-0.0558,-0.00309,OK
5.1985,5.0883,110.2,0,213.4,-13.4,0.1417,214.7,-2.6,0.1366,398.1,-39.1,0.0000,405.2,-147.1,-0.0640,378.1,-207.0,0,0.0,0.0,0.0000,-10.14,-6.76,7.86,8.22,1,-0.0567,0.912,1.804,24.00,1,247.1,-10.1,0.15258,305.1,-54.0,-0.0620,-0.00301,OK
5.2065,5.0883,118.2,0,213.4,-13.4,0.1417,214.7,-2.6,0.1366,398.1,-39.1,0.0000,405.4,-152.8,-0.0617,377.6,-212.4,0,0.0,0.0,0.0000,-10.50,-6.88,8.63,8.28,1,-0.0733,0.785,1.471,24.00,1,249.7,-10.2,0.15201,316.5,-66.9,-0.0765,-0.00295,OK
5.2141,5.0883,125.8,0,213.4,-13.4,0.1417,214.7,-2.6,0.1366,398.1,-39.1,0.0000,405.2,-158.0,-0.0591,376.8,-217.3,0,0.0,0.0,0.0000,-10.79,-6.49,9.00,7.65,1,-0.0833,-0.530,0.108,26.00,1,252.1,-10.5,0.15136,311.6,-83.8,-0.0894,-0.00286,OK
5.2229,5.0883,134.6,0,213.4,-13.4,0.1417,214.7,-2.6,0.1366,398.1,-39.1,0.0000,405.1,-163.7,-0.0561,376.0,-222.7,0,0.0,0.0,0.0000,-10.37,-5.75,9.74,7.42,1,-0.0833,-0.530,0.108,25.00,1,254.9,-10.9,0.15062,305.4,-101.0,-0.0800,-0.00287,OK
5.2305,5.2017,28.7,0,250.1,-6.7,0.1593,259.4,-10.4,0.1366,387.6,-98.7,0.0000,409.7,-175.4,-0.0694,378.0,-236.1,0,0.0,0.0,0.0000,-10.31,-5.66,9.47,6.84,1,-0.1033,-0.206,1.618,26.00,1,256.6,-7.2,0.15394,295.3,-78.7,-0.1037,-0.00319,OK
5.2382,5.2017,36.5,0,250.1,-6.7,0.1593,259.4,-10.4,0.1366,387.6,-98.7,0.0000,409.9,-180.5,-0.0655,377.6,-240.8,0,0.0,0.0,0.0000,-11.62,-5.42,10.35,6.78,1,-0.1456,0.902,2.864,24.00,1,259.0,-7.5,0.15296,309.6,-108.1,-0.1462,-0.00315,OK
5.2466,5.2017,44.8,0,250.1,-6.7,0.1593,259.4,-10.4,0.1366,387.6,-98.7,0.0000,410.0,-185.3,-0.0607,377.3,-245.1,0,0.0,0.0,0.0000,-11.40,-4.67,10.30,6.69,1,-0.1544,0.667,1.853,24.00,1,261.6,-8.1,0.15175,299.6,-119.5,-0.1473,-0.00319,OK
5.2539,5.2017,52.2,0,250.1,-6.7,0.1593,259.4,-10.4,0.1366,387.6,-98.7,0.0000,410.1,-189.6,-0.0562,377.0,-249.0,0,0.0,0.0,0.0000,-11.65,-5.18,10.32,6.60,1,-0.1544,0.667,1.853,25.00,1,264.0,-8.6,0.15062,305.2,-116.3,-0.1548,-0.00315,OK
5.2628,5.2017,61.1,0,250.1,-6.7,0.1593,259.4,-10.4,0.1366,387.6,-98.7,0.0000,409.9,-194.4,-0.0506,376.5,-253.2,0,0.0,0.0,0.0000,-12.22,-4.77,10.54,6.43,1,-0.1544,-0.412,0.343,25.00,1,266.8,-9.3,0.14924,305.4,-132.5,-0.1550,-0.00312,OK
5.2706,5.2017,68.8,0,250.1,-6.7,0.1593,259.4,-10.4,0.1366,387.6,-98.7,0.0000,409.7,-198.4,-0.0461,375.9,-256.7,0,0.0,0.0,0.0000,-12.63,-4.29,11.00,6.09,1,-0.1344,-0.834,0.696,25.00,1,269.3,-10.1,0.14811,304.1,-151.1,-0.1367,-0.00308,OK
5.2783,5.2017,76.6,0,250.1,-6.7,0.1593,259.4,-10.4,0.1366,387.6,-98.7,0.0000,409.3,-202.3,-0.0417,375.3,-260.0,0,0.0,0.0,0.0000,-12.15,-4.07,11.73,5.38,1,-0.1411,0.873,1.902,25.00,1,271.8,-10.9,0.14700,296.7,-162.6,-0.1476,-0.00299,OK
5.2869,5.2017,85.2,0,250.1,-6.7,0.1593,259.4,-10.4,0.1366,387.6,-98.7,0.0000,408.9,-206.4,-0.0366,374.6,-263.6,0,0.0,0.0,0.0000,-11.69,-3.84,12.23,5.64,1,-0.1544,1.069,2.442,24.00,1,274.5,-12.0,0.14572,297.9,-167.9,-0.1493,-0.00301,OK
5.2943,5.2017,92.5,0,250.1,-6.7,0.1593,259.4,-10.4,0.1366,387.6,-98.7,0.0000,408.3,-209.7,-0.0321,373.8,-266.4,0,0.0,0.0,0.0000,-12.57,-3.86,12.47,5.73,1,-0.1544,1.069,2.442,25.00,1,277.0,-12.9,0.14461,308.2,-180.6,-0.1527,-0.00300,OK
5.3026,5.2017,100.8,0,250.1,-6.7,0.1593,259.4,-10.4,0.1366,387.6,-98.7,0.0000,407.4,-213.2,-0.0266,372.8,-269.1,0,0.0,0.0,0.0000,-13.33,-3.60,12.49,5.40,1,-0.1722,-0.510,-0.000,25.00,1,279.7,-14.1,0.14324,308.3,-195.4,-0.1742,-0.00295,OK
5.3110,5.2017,109.3,0,250.1,-6.7,0.1593,259.4,-10.4,0.1366,387.6,-98.7,0.0000,407.0,-216.5,-0.0213,372.3,-271.9,0,0.0,0.0,0.0000,-12.36,-2.96,11.70,5.38,1,-0.1544,-1.196,0.137,25.00,1,282.4,-15.4,0.14191,288.9,-189.5,-0.1446,-0.00301,OK
5.3187,5.2017,117.0,0,250.1,-6.7,0.1593,259.4,-10.4,0.1366,387.6,-98.7,0.0000,406.7,-219.4,-0.0170,371.8,-274.4,0,0.0,0.0,0.0000,-13.20,-2.58,11.96,5.19,1,-0.1478,-0.971,1.000,25.00,1,284.9,-16.6,0.14082,291.8,-208.3,-0.1391,-0.00306,OK
5.3276,5.2996,28.0,0,281.4,-13.2,0.1409,296.6,-22.6,0.1366,371.6,-148.1,0.0000,401.9,-235.7,-0.0082,365.4,-289.0,0,0.0,0.0,0.0000,-13.37,-2.40,11.97,4.17,1,-0.1644,-2.148,4.943,24.00,1,287.7,-16.2,0.13862,281.9,-202.0,-0.1707,-0.00290,OK
5.3349,5.2996,35.3,0,281.4,-13.2,0.1409,296.6,-22.6,0.1366,371.6,-148.1,0.0000,401.5,-238.9,-0.0031,365.0,-291.6,0,0.0,0.0,0.0000,-13.55,-2.53,11.34,4.28,1,-0.1644,-2.148,4.943,24.00,1,289.9,-17.3,0.13736,279.1,-195.0,-0.1718,-0.00281,OK
5.3422,5.2996,42.6,0,281.4,-13.2,0.1409,296.6,-22.6,0.1366,371.6,-148.1,0.0000,400.6,-241.8,0.0022,364.1,-293.9,0,0.0,0.0,0.0000,-13.33,-2.56,12.86,4.58,1,-0.1967,1.530,-0.922,25.00,1,292.2,-18.6,0.13602,295.6,-214.2,-0.1941,-0.00281,OK
5.3505,5.2996,50.9,0,281.4,-13.2,0.1409,296.6,-22.6,0.1366,371.6,-148.1,0.0000,399.3,-244.9,0.0084,362.9,-296.2,0,0.0,0.0,0.0000,-13.50,-2.39,14.22,4.60,1,-0.1867,2.569,0.402,25.00,1,295.0,-20.1,0.13447,305.7,-233.7,-0.1827,-0.00282,OK
5.3590,5.2996,59.4,0,281.4,-13.2,0.1409,296.6,-22.6,0.1366,371.6,-148.1,0.0000,397.9,-247.3,0.0148,361.6,-297.8,0,0.0,0.0,0.0000,-14.55,-2.34,14.17,4.44,1,-0.1867,2.569,0.402,25.00,1,297.8,-21.7,0.13287,310.8,-246.2,-0.1901,-0.00277,OK
5.3666,5.2996,67.0,0,281.4,-13.2,0.1409,296.6,-22.6,0.1366,371.6,-148.1,0.0000,396.5,-249.5,0.0200,360.3,-299.3,0,0.0,0.0,0.0000,-15.04,-2.05,13.99,4.69,1,-0.1489,-2.422,2.285,24.00,1,300.5,-23.3,0.13158,313.7,-254.6,-0.1485,-0.00275,OK
5.3749,5.2996,75.3,0,281.4,-13.2,0.1409,296.6,-22.6,0.1366,371.6,-148.1,0.0000,394.5,-251.8,0.0243,358.4,-301.0,0,0.0,0.0,0.0000,-15.44,-2.20,13.83,4.91,1,-0.1033,-2.079,-0.765,25.00,1,303.3,-25.1,0.13051,317.4,-251.7,-0.1078,-0.00269,OK
5.3820,5.2996,82.4,0,281.4,-13.2,0.1409,296.6,-22.6,0.1366,371.6,-148.1,0.0000,393.1,-254.2,0.0266,356.9,-303.0,0,0.0,0.0,0.0000,-12.57,-1.62,14.99,4.36,1,-0.0622,1.412,1.177,24.00,1,305.7,-26.5,0.12993,291.2,-243.1,-0.0581,-0.00271,OK
5.3901,5.2996,90.5,0,281.4,-13.2,0.1409,296.6,-22.6,0.1366,371.6,-148.1,0.0000,391.2,-257.0,0.0281,354.7,-305.4,0,0.0,0.0,0.0000,-14.26,-1.17,14.89,4.52,1,-0.0411,3.403,1.844,25.00,1,308.4,-28.3,0.12955,304.9,-272.3,-0.0361,-0.00273,OK
5.3988,5.2996,99.2,0,281.4,-13.2,0.1409,296.6,-22.6,0.1366,371.6,-148.1,0.0000,388.7,-260.1,0.0295,352.0,-308.0,0,0.0,0.0,0.0000,-14.84,-1.93,14.86,4.94,1,-0.0411,3.403,1.844,25.00,1,311.4,-30.3,0.12919,319.0,-263.2,-0.0446,-0.00267,OK
5.4063,5.2996,106.7,0,281.4,-13.2,0.1409,296.6,-22.6,0.1366,371.6,-148.1,0.0000,386.3,-262.4,0.0311,349.4,-309.8,0,0.0,0.0,0.0000,-15.80,-1.82,16.01,4.44,1,-0.0356,-0.873,-0.069,24.00,1,314.0,-32.0,0.12879,325.5,-283.2,-0.0539,-0.00248,OK
5.4150,5.2996,115.4,0,281.4,-13.2,0.1409,296.6,-22.6,0.1366,371.6,-148.1,0.0000,384.0,-264.8,0.0346,347.1,-311.6,0,0.0,0.0,0.0000,-16.17,-1.43,15.53,3.00,1,-0.0222,-4.138,2.393,24.00,1,317.0,-34.1,0.12794,295.1,-284.0,-0.1226,-0.00201,OK
5.4221,5.2996,122.5,0,281.4,-13.2,0.1409,296.6,-22.6,0.1366,371.6,-148.1,0.0000,382.7,-266.2,0.0399,346.0,-312.4,0,0.0,0.0,0.0000,-15.88,-1.20,15.71,1.83,1,0.0433,-3.609,4.129,25.00,1,319.2,-35.9,0.12661,268.8,-284.5,-0.2189,-0.00135,OK
5.4303,5.4010,29.3,0,314.4,-31.1,0.1240,333.1,-40.1,0.1366,348.0,-196.9,0.0000,379.2,-279.2,0.0529,341.9,-323.7,0,0.0,0.0,0.0000,-14.67,-0.56,15.66,2.08,1,0.0311,2.883,-2.501,25.00,1,321.0,-36.1,0.12336,260.6,-271.9,-0.0943,-0.00078,OK
5.4386,5.4010,37.6,0,314.4,-31.1,0.1240,333.1,-40.1,0.1366,348.0,-196.9,0.0000,377.1,-281.5,0.0542,339.7,-325.7,0,0.0,0.0,0.0000,-14.85,-0.27,16.20,3.50,1,0.0311,2.883,-2.501,25.00,1,323.6,-38.2,0.12303,293.0,-294.1,0.0156,-0.00064,OK
5.4469,5.4010,45.9,0,314.4,-31.1,0.1240,333.1,-40.1,0.1366,348.0,-196.9,0.0000,374.1,-283.9,0.0533,336.4,-327.7,0,0.0,0.0,0.0000,-15.58,-0.51,16.64,4.42,1,0.0422,1.706,0.785,25.00,1,326.4,-40.3,0.12325,318.0,-306.6,0.0393,-0.00061,OK
5.4544,5.4010,53.4,0,314.4,-31.1,0.1240,333.1,-40.1,0.1366,348.0,-196.9,0.0000,371.0,-286.1,0.0528,333.0,-329.6,0,0.0,0.0,0.0000,-16.37,-1.02,16.79,4.37,1,0.0167,-1.952,0.735,24.00,1,329.1,-42.3,0.12339,326.5,-305.3,0.0021,-0.00046,OK
5.4628,5.4010,61.8,0,314.4,-31.1,0.1240,333.1,-40.1,0.1366,348.0,-196.9,0.0000,367.3,-288.3,0.0528,329.1,-331.3,0,0.0,0.0,0.0000,-17.10,-0.64,17.16,4.17,1,0.0178,-2.001,0.304,24.00,1,332.2,-44.6,0.12339,329.4,-324.4,0.0021,-0.00030,OK
5.4702,5.4010,69.2,0,314.4,-31.1,0.1240,333.1,-40.1,0.1366,348.0,-196.9,0.0000,363.9,-290.0,0.0527,325.5,-332.6,0,0.0,0.0,0.0000,-16.60,-0.33,17.45,4.05,1,0.0178,-2.001,0.304,25.00,1,334.9,-46.7,0.12341,325.4,-331.4,0.0073,-0.00020,OK
5.4780,5.4010,77.0,0,314.4,-31.1,0.1240,333.1,-40.1,0.1366,348.0,-196.9,0.0000,360.3,-291.7,0.0520,321.6,-333.9,0,0.0,0.0,0.0000,-16.25,0.25,16.64,4.15,1,0.0256,4.178,2.246,25.00,1,337.7,-49.0,0.12357,317.4,-338.2,0.0314,-0.00025,OK
5.4866,5.4010,85.6,0,314.4,-31.1,0.1240,333.1,-40.1,0.1366,348.0,-196.9,0.0000,356.1,-293.2,0.0503,317.1,-335.0,0,0.0,0.0,0.0000,-16.79,0.04,17.45,4.73,1,0.0611,-0.706,0.147,25.00,1,340.8,-51.6,0.12400,336.0,-347.8,0.0673,-0.00031,OK
5.4942,5.4010,93.2,0,314.4,-31.1,0.1240,333.1,-40.1,0.1366,348.0,-196.9,0.0000,352.1,-294.9,0.0483,312.8,-336.3,0,0.0,0.0,0.0000,-16.43,-0.44,17.79,4.55,1,0.0722,-2.716,-0.647,24.00,1,343.7,-53.8,0.12449,334.1,-333.0,0.0649,-0.00024,OK
5.5022,5.4010,101.3,0,314.4,-31.1,0.1240,333.1,-40.1,0.1366,348.0,-196.9,0.0000,347.9,-297.0,0.0467,308.2,-338.0,0,0.0,0.0,0.0000,-17.29,-0.22,18.79,3.44,1,0.1189,-1.765,2.775,24.00,1,346.6,-56.2,0.12490,321.3,-340.6,0.0539,0.00018,OK
5.5111,5.4010,110.1,0,314.4,-31.1,0.1240,333.1,-40.1,0.1366,348.0,-196.9,0.0000,343.7,-299.1,0.0457,303.6,-339.6,0,0.0,0.0,0.0000,-17.04,0.35,18.25,2.60,1,0.1189,-1.765,2.775,25.00,1,349.7,-58.9,0.12516,297.4,-343.7,0.0242,0.00068,OK
5.5190,5.4010,118.0,0,314.4,-31.1,0.1240,333.1,-40.1,0.1366,348.0,-196.9,0.0000,339.7,-300.9,0.0442,299.4,-341.1,0,0.0,0.0,0.0000,-15.83,0.72,18.44,2.82,1,0.1267,0.382,3.187,25.00,1,352.3,-61.3,0.12554,294.2,-345.2,0.0864,0.00100,OK
5.5266,5.4010,125.6,0,314.4,-31.1,0.1240,333.1,-40.1,0.1366,348.0,-196.9,0.0000,335.6,-302.8,0.0415,294.8,-342.7,0,0.0,0.0,0.0000,-15.56,0.74,17.79,3.60,1,0.0978,2.157,-2.403,25.00,1,355.0,-63.6,0.12622,306.9,-349.8,0.0931,0.00104,OK
5.5346,5.5024,32.2,0,349.4,-57.2,0.1359,367.0,-62.4,0.1366,318.4,-242.4,0.0000,333.5,-307.2,0.0159,290.0,-348.6,0,0.0,0.0,0.0000,-16.94,1.07,18.09,4.03,1,0.0522,0.775,-0.932,25.00,1,357.8,-64.5,0.13261,328.6,-374.8,0.0643,0.00049,OK
5.5420,5.5024,39.5,0,349.4,-57.2,0.1359,367.0,-62.4,0.1366,318.4,-242.4,0.0000,330.1,-309.1,0.0136,286.1,-350.2,0,0.0,0.0,0.0000,-12.06,1.20,18.11,3.46,1,0.0522,0.775,-0.932,24.00,1,360.2,-66.7,0.13318,270.6,-312.6,0.0824,0.00020,OK
5.5503,5.5024,47.8,0,349.4,-57.2,0.1359,367.0,-62.4,0.1366,318.4,-242.4,0.0000,326.2,-311.5,0.0109,281.7,-352.3,0,0.0,0.0,0.0000,-14.78,1.27,17.98,3.07,1,0.0767,-0.010,3.472,24.00,1,362.9,-69.1,0.13385,291.6,-348.5,0.0793,0.00017,OK
5.5586,5.5024,56.2,0,349.4,-57.2,0.1359,367.0,-62.4,0.1366,318.4,-242.4,0.0000,321.8,-313.6,0.0082,276.8,-353.9,0,0.0,0.0,0.0000,-15.55,1.41,17.89,2.95,1,0.0867,-0.392,0.147,25.00,1,365.8,-71.7,0.13453,294.8,-359.7,0.0836,0.00020,OK
5.5663,5.5024,63.9,0,349.4,-57.2,0.1359,367.0,-62.4,0.1366,318.4,-242.4,0.0000,317.2,-315.2,0.0056,271.8,-355.1,0,0.0,0.0,0.0000,-16.48,1.71,17.67,2.69,1,0.0944,-1.824,-0.637,24.00,1,368.4,-74.3,0.13517,294.7,-373.4,0.0862,0.00028,OK
5.5746,5.5024,72.2,0,349.4,-57.2,0.1359,367.0,-62.4,0.1366,318.4,-242.4,0.0000,312.3,-317.0,0.0029,266.5,-356.3,0,0.0,0.0,0.0000,-16.46,1.72,17.16,2.43,1,0.1000,1.500,1.598,25.00,1,371.2,-77.0,0.13586,285.2,-367.2,0.0845,0.00043,OK
5.5821,5.5024,79.7,0,349.4,-57.2,0.1359,367.0,-62.4,0.1366,318.4,-242.4,0.0000,308.2,-318.3,0.0002,262.0,-357.3,0,0.0,0.0,0.0000,-15.89,2.18,17.29,2.34,1,0.1000,1.500,1.598,24.00,1,373.7,-79.4,0.13654,281.3,-376.3,0.0968,0.00046,OK
5.5910,5.5024,88.6,0,349.4,-57.2,0.1359,367.0,-62.4,0.1366,318.4,-242.4,0.0000,303.0,-319.6,-0.0039,256.3,-358.1,0,0.0,0.0,0.0000,-16.33,2.74,18.50,2.13,1,0.1333,1.952,0.785,25.00,1,376.6,-82.6,0.13754,286.3,-402.6,0.1299,0.00049,OK
5.5989,5.5024,96.4,0,349.4,-57.2,0.1359,367.0,-62.4,0.1366,318.4,-242.4,0.0000,298.4,-320.3,-0.0075,251.4,-358.4,0,0.0,0.0,0.0000,-16.46,2.60,19.36,1.87,1,0.1233,-1.255,0.932,25.00,1,379.3,-85.4,0.13846,285.8,-406.2,0.1089,0.00063,OK
5.6070,5.5024,104.6,0,349.4,-57.2,0.1359,367.0,-62.4,0.1366,318.4,-242.4,0.0000,293.6,-321.5,-0.0106,246.1,-359.2,0,0.0,0.0,0.0000,-16.33,2.08,17.42,2.30,1,0.0900,-0.392,-1.334,25.00,1,382.1,-88.2,0.13922,284.6,-382.3,0.0820,0.00071,OK
5.6148,5.5024,112.4,0,349.4,-57.2,0.1359,367.0,-62.4,0.1366,318.4,-242.4,0.0000,289.7,-323.6,-0.0131,241.8,-360.8,0,0.0,0.0,0.0000,-15.41,2.57,13.85,1.47,1,0.0900,-0.392,-1.334,24.00,1,384.4,-90.7,0.13985,235.1,-344.2,0.0818,0.00078,OK
5.6226,5.5024,120.2,0,349.4,-57.2,0.1359,367.0,-62.4,0.1366,318.4,-242.4,0.0000,285.7,-325.1,-0.0151,237.4,-361.9,0,0.0,0.0,0.0000,-16.69,3.04,16.17,0.92,1,0.0789,2.226,0.196,26.00,1,386.7,-93.4,0.14036,249.4,-390.8,0.0590,0.00097,OK
5.6304,5.5024,128.0,0,349.4,-57.2,0.1359,367.0,-62.4,0.1366,318.4,-242.4,0.0000,281.2,-325.9,-0.0162,232.7,-362.1,0,0.0,0.0,0.0000,-16.81,3.22,17.82,0.89,1,0.0233,2.461,1.775,25.00,1,389.1,-96.3,0.14063,265.2,-418.3,0.0128,0.00107,OK
5.6391,5.6122,26.9,0,389.3,-92.6,0.1500,399.8,-91.4,0.1366,279.3,-286.2,0.0000,267.8,-324.3,-0.0358,217.9,-359.7,0,0.0,0.0,0.0000,-17.09,2.64,17.60,0.44,1,-0.0267,-1.746,0.637,25.00,1,395.7,-99.5,0.14552,277.0,-407.7,-0.0580,0.00093,OK
5.6466,5.6122,34.4,0,389.3,-92.6,0.1500,399.8,-91.4,0.1366,279.3,-286.2,0.0000,263.7,-324.9,-0.0336,214.0,-359.6,0,0.0,0.0,0.0000,-16.50,2.84,17.40,-0.20,1,-0.0267,-1.746,0.637,25.00,1,398.1,-102.2,0.14498,257.2,-403.7,-0.0779,0.00126,OK
5.6539,5.6122,41.7,0,389.3,-92.6,0.1500,399.8,-91.4,0.1366,279.3,-286.2,0.0000,259.7,-325.5,-0.0308,210.2,-359.5,0,0.0,0.0,0.0000,-16.24,2.87,16.87,0.28,1,-0.0944,0.539,-1.098,25.00,1,400.4,-104.8,0.14428,267.3,-406.2,-0.1091,0.00138,OK
5.6623,5.6122,50.1,0,389.3,-92.6,0.1500,399.8,-91.4,0.1366,279.3,-286.2,0.0000,255.3,-326.3,-0.0266,206.1,-359.4,0,0.0,0.0,0.0000,-15.92,2.78,15.74,-0.42,1,-0.1033,0.304,1.804,24.00,1,403.0,-107.8,0.14322,240.8,-387.6,-0.1376,0.00165,OK
5.6709,5.6122,58.7,0,389.3,-92.6,0.1500,399.8,-91.4,0.1366,279.3,-286.2,0.0000,251.1,-327.2,-0.0203,202.4,-359.4,0,0.0,0.0,0.0000,-15.63,3.09,14.67,-0.64,1,-0.2056,-0.245,-1.098,25.00,1,405.5,-110.8,0.14166,233.3,-389.0,-0.2170,0.00173,OK
5.6784,5.6122,66.2,0,389.3,-92.6,0.1500,399.8,-91.4,0.1366,279.3,-286.2,0.0000,247.4,-327.6,-0.0125,199.4,-358.8,0,0.0,0.0,0.0000,-16.62,3.19,16.61,-1.71,1,-0.2522,2.667,1.863,25.00,1,407.6,-113.6,0.13972,231.6,-418.6,-0.2953,0.00200,OK
5.6871,5.6122,74.9,0,389.3,-92.6,0.1500,399.8,-91.4,0.1366,279.3,-286.2,0.0000,243.2,-328.0,-0.0025,196.0,-358.2,0,0.0,0.0,0.0000,-15.72,3.01,15.86,-1.28,1,-0.2522,2.667,1.863,27.00,1,410.1,-116.9,0.13720,228.6,-401.5,-0.2791,0.00218,OK
5.6949,5.6122,82.8,0,389.3,-92.6,0.1500,399.8,-91.4,0.1366,279.3,-286.2,0.0000,239.7,-328.7,0.0075,193.4,-358.0,0,0.0,0.0,0.0000,-15.16,2.56,15.81,-1.20,1,-0.3244,1.393,-1.324,25.00,1,412.3,-119.7,0.13470,228.8,-390.2,-0.3481,0.00234,OK
5.7020,5.6122,89.8,0,389.3,-92.6,0.1500,399.8,-91.4,0.1366,279.3,-286.2,0.0000,237.1,-329.0,0.0192,191.8,-357.3,0,0.0,0.0,0.0000,-16.52,3.05,14.93,-2.93,1,-0.4178,-0.794,0.078,24.00,1,414.2,-122.3,0.13178,205.5,-408.3,-0.4745,0.00260,OK
5.7105,5.6122,98.3,0,389.3,-92.6,0.1500,399.8,-91.4,0.1366,279.3,-286.2,0.0000,234.7,-328.6,0.0365,191.0,-355.8,0,0.0,0.0,0.0000,-16.06,2.86,14.59,-3.57,1,-0.4378,0.020,2.167,24.00,1,416.3,-125.5,0.12746,193.4,-399.3,-0.5287,0.00288,OK
5.7181,5.6122,105.9,0,389.3,-92.6,0.1500,399.8,-91.4,0.1366,279.3,-286.2,0.0000,232.6,-328.2,0.0516,190.3,-354.4,0,0.0,0.0,0.0000,-15.61,3.53,14.72,-3.23,1,-0.4378,0.020,2.167,25.00,1,418.2,-128.4,0.12368,192.5,-412.2,-0.4677,0.00302,OK
5.7268,5.6122,114.6,0,389.3,-92.6,0.1500,399.8,-91.4,0.1366,279.3,-286.2,0.0000,229.6,-327.8,0.0679,188.9,-352.8,0,0.0,0.0,0.0000,-15.70,4.00,13.97,-2.87,1,-0.4633,1.187,-0.226,25.00,1,420.3,-131.8,0.11961,192.9,-416.5,-0.4711,0.00305,OK
5.7346,5.6122,122.4,0,389.3,-92.6,0.1500,399.8,-91.4,0.1366,279.3,-286.2,0.0000,226.8,-327.5,0.0825,187.4,-351.5,0,0.0,0.0,0.0000,-15.37,4.34,13.91,-2.71,1,-0.4678,2.167,0.118,24.00,1,422.1,-134.9,0.11595,192.5,-419.2,-0.4629,0.00300,OK
5.7422,5.7136,28.6,0,422.1,-127.9,0.1369,426.1,-122.2,0.1366,238.6,-320.9,0.0000,213.6,-334.8,0.0660,171.9,-357.9,0,0.0,0.0,0.0000,-15.06,4.21,14.26,-3.09,1,-0.4233,0.314,-0.000,24.00,1,427.5,-135.7,0.12007,206.6,-406.9,-0.4322,0.00249,OK
5.7507,5.7136,37.1,0,422.1,-127.9,0.1369,426.1,-122.2,0.1366,238.6,-320.9,0.0000,202.9,-339.1,0.0806,162.1,-360.4,0,0.0,0.0,0.0000,-14.82,3.92,13.99,-3.44,1,-0.4022,0.314,0.108,24.00,1,429.6,-138.9,0.11643,194.4,-395.9,-0.4235,0.00260,OK
5.7579,5.7136,44.4,0,422.1,-127.9,0.1369,426.1,-122.2,0.1366,238.6,-320.9,0.0000,200.2,-339.5,0.0926,160.5,-360.0,0,0.0,0.0,0.0000,-14.85,4.27,13.60,-2.87,1,-0.4022,0.314,0.108,25.00,1,431.3,-141.6,0.11342,198.3,-398.7,-0.4072,0.00261,OK
5.7667,5.7136,53.1,0,422.1,-127.9,0.1369,426.1,-122.2,0.1366,238.6,-320.9,0.0000,196.7,-340.2,0.1058,158.1,-359.7,0,0.0,0.0,0.0000,-14.35,4.32,13.45,-2.33,1,-0.3522,0.735,-1.628,25.00,1,433.4,-144.8,0.11012,199.2,-390.7,-0.3492,0.00258,OK
5.7743,5.7136,60.8,0,422.1,-127.9,0.1369,426.1,-122.2,0.1366,238.6,-320.9,0.0000,193.7,-340.5,0.1162,156.0,-359.4,0,0.0,0.0,0.0000,-14.69,4.82,13.76,-2.77,1,-0.3244,0.255,0.284,24.00,1,435.2,-147.7,0.10753,191.7,-405.8,-0.3261,0.00257,OK
5.7819,5.7136,68.3,0,422.1,-127.9,0.1369,426.1,-122.2,0.1366,238.6,-320.9,0.0000,191.2,-340.8,0.1259,154.4,-359.0,0,0.0,0.0,0.0000,-13.31,5.32,13.82,-4.57,1,-0.2956,-0.686,1.304,24.00,1,436.8,-150.6,0.10510,149.9,-407.0,-0.3147,0.00268,OK
5.7909,5.7136,77.3,0,422.1,-127.9,0.1369,426.1,-122.2,0.1366,238.6,-320.9,0.0000,188.0,-341.5,0.1371,152.1,-358.9,0,0.0,0.0,0.0000,-12.79,4.83,13.68,-4.04,1,-0.2956,-0.686,1.304,25.00,1,438.5,-154.0,0.10229,152.3,-390.3,-0.3132,0.00277,OK
5.7988,5.7136,85.2,0,422.1,-127.9,0.1369,426.1,-122.2,0.1366,238.6,-320.9,0.0000,184.8,-342.3,0.1465,149.7,-359.1,0,0.0,0.0,0.0000,-12.91,5.47,13.26,-3.02,1,-0.2844,2.452,-1.206,25.00,1,440.1,-157.0,0.09995,162.9,-392.8,-0.2764,0.00270,OK
5.8069,5.7136,93.4,0,422.1,-127.9,0.1369,426.1,-122.2,0.1366,238.6,-320.9,0.0000,181.5,-342.9,0.1548,147.1,-359.0,0,0.0,0.0,0.0000,-12.23,6.56,14.02,-3.10,1,-0.2578,1.863,-0.471,25.00,1,441.7,-160.1,0.09789,156.3,-405.3,-0.2334,0.00253,OK
5.8147,5.7136,101.1,0,422.1,-127.9,0.1369,426.1,-122.2,0.1366,238.6,-320.9,0.0000,178.3,-343.6,0.1614,144.4,-359.1,0,0.0,0.0,0.0000,-12.15,5.69,14.30,-3.26,1,-0.2011,-0.167,1.461,24.00,1,443.2,-163.1,0.09622,152.4,-397.5,-0.1977,0.00248,OK
5.8224,5.7136,108.8,0,422.1,-127.9,0.1369,426.1,-122.2,0.1366,238.6,-320.9,0.0000,175.3,-344.5,0.1671,141.9,-359.5,0,0.0,0.0,0.0000,-11.89,5.39,13.42,-2.66,1,-0.1789,0.794,-1.628,25.00,1,444.6,-165.9,0.09481,154.0,-378.3,-0.1707,0.00240,OK
5.8300,5.7136,116.4,0,422.1,-127.9,0.1369,426.1,-122.2,0.1366,238.6,-320.9,0.0000,172.2,-345.6,0.1724,139.1,-360.2,0,0.0,0.0,0.0000,-12.08,5.03,13.62,-2.64,1,-0.1789,0.794,-1.628,25.00,1,446.1,-168.6,0.09349,156.6,-377.8,-0.1775,0.00237,OK
5.8400,5.8065,33.5,0,445.7,-162.0,0.0946,446.4,-153.4,0.1366,197.4,-348.0,0.0000,153.6,-353.4,0.1817,120.8,-365.9,0,0.0,0.0,0.0000,-11.64,5.03,13.01,-3.32,1,-0.1100,0.500,-0.039,25.00,1,450.9,-171.1,0.09115,154.8,-363.7,-0.1263,0.00257,OK
5.8463,5.8065,39.8,0,445.7,-162.0,0.0946,446.4,-153.4,0.1366,197.4,-348.0,0.0000,142.1,-358.4,0.1844,109.1,-369.7,0,0.0,0.0,0.0000,-10.73,5.03,12.61,-3.40,1,-0.0689,-0.206,0.814,25.00,1,452.0,-173.3,0.09047,140.5,-349.5,-0.0866,0.00268,OK
5.8542,5.8065,47.6,0,445.7,-162.0,0.0946,446.4,-153.4,0.1366,197.4,-348.0,0.0000,137.5,-360.5,0.1861,104.5,-371.4,0,0.0,0.0,0.0000,-9.57,6.51,13.00,-2.88,1,-0.0444,0.883,-1.530,25.00,1,453.4,-175.9,0.09005,132.2,-351.7,-0.0267,0.00251,OK
5.8625,5.8065,55.9,0,445.7,-162.0,0.0946,446.4,-153.4,0.1366,197.4,-348.0,0.0000,133.5,-362.5,0.1870,100.4,-373.1,0,0.0,0.0,0.0000,-9.77,6.29,12.44,-3.01,1,-0.0444,0.883,-1.530,25.00,1,454.7,-178.7,0.08982,127.4,-349.7,-0.0331,0.00239,OK
5.8708,5.8065,64.3,0,445.7,-162.0,0.0946,446.4,-153.4,0.1366,197.4,-348.0,0.0000,129.8,-364.1,0.1872,96.6,-374.3,0,0.0,0.0,0.0000,-10.81,7.94,12.20,-3.30,1,0.0056,1.893,-0.078,25.00,1,456.0,-181.7,0.08977,122.8,-378.4,0.0180,0.00225,OK
5.8785,5.8065,72.0,0,445.7,-162.0,0.0946,446.4,-153.4,0.1366,197.4,-348.0,0.0000,126.2,-365.5,0.1865,92.8,-375.3,0,0.0,0.0,0.0000,-10.46,8.28,12.15,-3.24,1,0.0000,0.039,-0.333,25.00,1,457.2,-184.5,0.08994,118.5,-375.4,0.0189,0.00206,OK
5.8861,5.8065,79.5,0,445.7,-162.0,0.0946,446.4,-153.4,0.1366,197.4,-348.0,0.0000,122.7,-367.1,0.1859,89.2,-376.7,0,0.0,0.0,0.0000,-9.50,6.34,12.15,-3.00,1,0.0133,-0.226,0.353,24.00,1,458.3,-187.1,0.09011,115.7,-345.2,0.0215,0.00196,OK
5.8951,5.8065,88.5,0,445.7,-162.0,0.0946,446.4,-153.4,0.1366,197.4,-348.0,0.0000,118.7,-369.5,0.1850,84.9,-378.7,0,0.0,0.0,0.0000,-9.22,5.67,11.87,-3.52,1,0.0411,1.334,0.088,24.00,1,459.5,-190.0,0.09032,103.2,-335.6,0.0284,0.00206,OK
5.9031,5.8065,96.6,0,445.7,-162.0,0.0946,446.4,-153.4,0.1366,197.4,-348.0,0.0000,114.8,-371.7,0.1838,80.7,-380.6,0,0.0,0.0,0.0000,-8.85,6.31,11.84,-3.19,1,0.0411,1.334,0.088,25.00,1,460.6,-192.6,0.09063,100.3,-335.4,0.0468,0.00199,OK
5.9103,5.8065,103.7,0,445.7,-162.0,0.0946,446.4,-153.4,0.1366,197.4,-348.0,0.0000,111.0,-373.9,0.1819,76.6,-382.4,0,0.0,0.0,0.0000,-8.75,6.16,12.18,-2.50,1,0.0578,1.393,-0.706,25.00,1,461.6,-194.9,0.09110,111.0,-328.7,0.0736,0.00182,OK
5.9188,5.8065,112.2,0,445.7,-162.0,0.0946,446.4,-153.4,0.1366,197.4,-348.0,0.0000,106.5,-376.5,0.1792,71.5,-384.7,0,0.0,0.0,0.0000,-9.42,5.85,12.09,-2.92,1,0.0944,-0.794,-0.696,25.00,1,462.8,-197.7,0.09177,108.8,-338.5,0.0875,0.00187,OK
5.9264,5.8065,119.9,0,445.7,-162.0,0.0946,446.4,-153.4,0.1366,197.4,-348.0,0.0000,102.4,-378.7,0.1764,67.0,-386.5,0,0.0,0.0,0.0000,-9.32,6.24,11.93,-3.54,1,0.1156,0.481,1.098,24.00,1,463.8,-200.2,0.09248,94.6,-345.9,0.1026,0.00198,OK
5.9343,5.8065,127.8,0,445.7,-162.0,0.0946,446.4,-153.4,0.1366,197.4,-348.0,0.0000,98.6,-380.6,0.1727,62.7,-388.1,0,0.0,0.0,0.0000,-8.85,6.77,11.33,-3.77,1,0.1489,1.402,-0.010,24.00,1,464.7,-202.9,0.09342,79.4,-342.8,0.1382,0.00206,OK
5.9427,5.9164,26.3,0,464.5,-199.1,0.0837,465.2,-193.1,0.1366,144.2,-373.1,0.0000,88.7,-385.0,0.1851,53.6,-391.4,0,0.0,0.0,0.0000,-7.57,7.11,11.08,-3.46,1,0.1489,1.402,-0.010,24.00,1,466.7,-205.1,0.09031,76.0,-320.3,0.1566,0.00226,OK
5.9499,5.9164,33.6,0,464.5,-199.1,0.0837,465.2,-193.1,0.1366,144.2,-373.1,0.0000,85.2,-387.2,0.1807,49.5,-393.4,0,0.0,0.0,0.0000,-7.29,6.90,10.77,-3.91,1,0.1433,0.735,-0.245,24.00,1,467.4,-207.3,0.09140,64.2,-316.7,0.1440,0.00223,OK
5.9583,5.9164,41.9,0,464.5,-199.1,0.0837,465.2,-193.1,0.1366,144.2,-373.1,0.0000,81.2,-389.8,0.1758,44.8,-395.7,0,0.0,0.0,0.0000,-7.10,6.86,10.80,-4.01,1,0.1489,0.873,-0.382,25.00,1,468.2,-209.9,0.09262,59.2,-314.9,0.1487,0.00221,OK
5.9666,5.9164,50.2,0,464.5,-199.1,0.0837,465.2,-193.1,0.1366,144.2,-373.1,0.0000,77.0,-392.8,0.1707,39.9,-398.3,0,0.0,0.0,0.0000,-6.36,7.03,11.07,-4.12,1,0.1489,0.873,-0.382,25.00,1,468.8,-212.4,0.09391,47.3,-307.4,0.1579,0.00210,OK
5.9743,5.9164,58.0,0,464.5,-199.1,0.0837,465.2,-193.1,0.1366,144.2,-373.1,0.0000,73.1,-395.5,0.1658,35.2,-400.7,0,0.0,0.0,0.0000,-6.72,7.38,11.13,-4.01,1,0.1333,0.843,0.431,25.00,1,469.4,-214.8,0.09512,50.9,-316.0,0.1470,0.00193,OK
5.9828,5.9164,66.5,0,464.5,-199.1,0.0837,465.2,-193.1,0.1366,144.2,-373.1,0.0000,69.2,-398.1,0.1609,30.6,-402.9,0,0.0,0.0,0.0000,-6.99,7.63,9.97,-4.65,1,0.1478,0.235,0.382,25.00,1,470.1,-217.5,0.09636,37.4,-321.6,0.1460,0.00193,OK
5.9906,5.9164,74.3,0,464.5,-199.1,0.0837,465.2,-193.1,0.1366,144.2,-373.1,0.0000,65.7,-400.5,0.1566,26.4,-405.0,0,0.0,0.0,0.0000,-6.68,7.52,9.75,-4.67,1,0.1244,1.363,-0.049,26.00,1,470.6,-219.9,0.09743,32.4,-314.2,0.1256,0.00190,OK
5.9984,5.9164,82.1,0,464.5,-199.1,0.0837,465.2,-193.1,0.1366,144.2,-373.1,0.0000,62.3,-402.8,0.1527,22.4,-407.0,0,0.0,0.0,0.0000,-7.04,7.08,10.10,-4.71,1,0.1356,0.824,0.275,25.00,1,471.1,-222.4,0.09841,38.6,-318.7,0.1277,0.00196,OK
6.0065,5.9164,90.1,0,464.5,-199.1,0.0837,465.2,-193.1,0.1366,144.2,-373.1,0.0000,58.7,-405.0,0.1483,18.2,-408.9,0,0.0,0.0,0.0000,-6.64,7.84,10.14,-5.18,1,0.1467,0.657,0.667,25.00,1,471.6,-224.9,0.09950,22.9,-326.1,0.1449,0.00196,OK
6.0141,5.9164,97.8,0,464.5,-199.1,0.0837,465.2,-193.1,0.1366,144.2,-373.1,0.0000,55.3,-407.0,0.1441,14.2,-410.4,0,0.0,0.0,0.0000,-6.96,8.08,9.72,-5.69,1,0.1467,0.657,0.667,24.00,1,472.0,-227.4,0.10056,15.6,-334.8,0.1362,0.00205,OK
6.0225,5.9164,106.1,0,464.5,-199.1,0.0837,465.2,-193.1,0.1366,144.2,-373.1,0.0000,51.7,-409.0,0.1400,9.9,-412.2,0,0.0,0.0,0.0000,-6.41,8.24,9.75,-5.93,1,0.1111,0.755,0.392,25.00,1,472.3,-230.2,0.10159,5.0,-331.1,0.1090,0.00205,OK
6.0310,5.9164,114.6,0,464.5,-199.1,0.0837,465.2,-193.1,0.1366,144.2,-373.1,0.0000,47.8,-410.8,0.1364,5.5,-413.5,0,0.0,0.0,0.0000,-6.80,8.79,9.42,-5.91,1,0.1000,1.167,0.314,26.00,1,472.6,-233.0,0.10247,3.7,-338.7,0.0981,0.00205,OK
6.0387,5.9164,122.4,0,464.5,-199.1,0.0837,465.2,-193.1,0.1366,144.2,-373.1,0.0000,44.3,-412.3,0.1338,1.6,-414.7,0,0.0,0.0,0.0000,-6.47,9.08,9.00,-6.20,1,0.0700,0.745,-0.971,25.00,1,472.9,-235.6,0.10313,-8.0,-335.6,0.0708,0.00202,OK
6.0469,6.0093,37.6,0,473.1,-227.9,0.0958,476.4,-228.5,0.1366,96.8,-388.0,0.0000,43.4,-415.6,0.1418,1.2,-417.9,0,0.0,0.0,0.0000,-6.61,8.74,9.00,-6.52,1,0.0700,0.745,-0.971,25.00,1,474.3,-237.6,0.10113,-0.8,-334.1,0.0633,0.00225,OK
6.0547,6.0093,45.4,0,473.1,-227.9,0.0958,476.4,-228.5,0.1366,96.8,-388.0,0.0000,40.2,-417.1,0.1396,-2.4,-419.0,0,0.0,0.0,0.0000,-6.47,9.99,8.85,-6.82,1,0.0767,-0.539,1.167,24.00,1,474.5,-240.2,0.10168,-15.7,-345.4,0.0755,0.00224,OK
6.0619,6.0093,52.6,0,473.1,-227.9,0.0958,476.4,-228.5,0.1366,96.8,-388.0,0.0000,37.8,-418.6,0.1383,-5.0,-420.3,0,0.0,0.0,0.0000,-5.96,8.58,8.59,-8.00,1,0.0333,-0.716,1.520,24.00,1,474.6,-242.7,0.10201,-26.3,-333.8,0.0202,0.00235,OK
6.0702,6.0093,60.9,0,473.1,-227.9,0.0958,476.4,-228.5,0.1366,96.8,-388.0,0.0000,35.6,-420.5,0.1388,-7.4,-422.0,0,0.0,0.0,0.0000,-5.19,8.93,8.46,-8.47,1,-0.0556,0.814,0.745,25.00,1,474.6,-245.5,0.10187,-46.2,-329.9,-0.0535,0.00231,OK
6.0789,6.0093,69.6,0,473.1,-227.9,0.0958,476.4,-228.5,0.1366,96.8,-388.0,0.0000,33.3,-422.7,0.1398,-9.8,-423.9,0,0.0,0.0,0.0000,-3.17,9.71,8.85,-7.98,1,-0.0556,0.814,0.745,25.00,1,474.3,-248.2,0.10163,-79.7,-300.3,-0.0104,0.00205,OK
6.0866,6.0093,77.3,0,473.1,-227.9,0.0958,476.4,-228.5,0.1366,96.8,-388.0,0.0000,31.8,-425.5,0.1401,-11.5,-426.6,0,0.0,0.0,0.0000,-1.43,9.30,8.77,-7.77,1,-0.0889,2.775,0.637,25.00,1,473.8,-250.4,0.10156,-107.7,-256.2,-0.0196,0.00174,OK
6.0946,6.0093,85.3,0,473.1,-227.9,0.0958,476.4,-228.5,0.1366,96.8,-388.0,0.0000,29.7,-427.6,0.1420,-13.6,-428.4,0,0.0,0.0,0.0000,-5.41,9.18,8.80,-7.40,1,-0.1278,0.932,-0.951,26.00,1,473.5,-252.8,0.10107,-37.3,-327.9,-0.1076,0.00155,OK
6.1020,6.0093,92.7,0,473.1,-227.9,0.0958,476.4,-228.5,0.1366,96.8,-388.0,0.0000,27.0,-428.6,0.1454,-16.0,-429.1,0,0.0,0.0,0.0000,-6.57,9.28,8.85,-8.25,1,-0.1233,-1.157,0.245,25.00,1,473.5,-255.4,0.10022,-33.5,-355.4,-0.1237,0.00154,OK
6.1108,6.0093,101.5,0,473.1,-227.9,0.0958,476.4,-228.5,0.1366,96.8,-388.0,0.0000,24.6,-429.3,0.1494,-18.0,-429.7,0,0.0,0.0,0.0000,-6.31,10.31,8.45,-8.70,1,-0.1011,1.069,2.913,25.00,1,473.4,-258.6,0.09923,-52.1,-363.5,-0.1012,0.00153,OK
6.1185,6.0093,109.2,0,473.1,-227.9,0.0958,476.4,-228.5,0.1366,96.8,-388.0,0.0000,22.5,-430.1,0.1524,-19.9,-430.2,0,0.0,0.0,0.0000,-5.89,9.97,8.56,-8.60,1,-0.1011,1.069,2.913,25.00,1,473.3,-261.4,0.09848,-53.6,-355.0,-0.0966,0.00148,OK
6.1261,6.0093,116.8,0,473.1,-227.9,0.0958,476.4,-228.5,0.1366,96.8,-388.0,0.0000,20.4,-431.3,0.1561,-21.7,-431.2,0,0.0,0.0,0.0000,-6.56,10.43,6.05,-8.68,1,-0.1178,-0.029,-0.873,25.00,1,473.1,-264.0,0.09754,-68.1,-333.6,-0.1415,0.00167,OK
6.1345,6.0093,125.2,0,473.1,-227.9,0.0958,476.4,-228.5,0.1366,96.8,-388.0,0.0000,18.6,-432.8,0.1617,-23.0,-432.6,0,0.0,0.0,0.0000,-6.05,10.73,5.12,-9.28,1,-0.1456,-1.196,-0.765,24.00,1,472.6,-266.8,0.09615,-88.9,-322.7,-0.1804,0.00188,OK
6.1421,6.0093,132.8,0,473.1,-227.9,0.0958,476.4,-228.5,0.1366,96.8,-388.0,0.0000,16.7,-433.5,0.1664,-24.5,-433.1,0,0.0,0.0,0.0000,-6.13,10.81,6.77,-10.03,1,-0.0933,1.177,2.157,25.00,1,472.2,-269.5,0.09498,-84.4,-358.9,-0.1168,0.00204,OK
6.1504,6.1192,31.3,0,476.9,-264.2,0.1095,483.9,-271.7,0.1366,39.3,-398.1,0.0000,3.8,-434.4,0.1445,-39.8,-432.6,0,0.0,0.0,0.0000,-5.41,11.09,9.63,-9.89,1,-0.0933,1.177,2.157,25.00,1,476.4,-272.4,0.10046,-57.0,-382.4,-0.0825,0.00142,OK
6.1589,6.1192,39.7,0,476.9,-264.2,0.1095,483.9,-271.7,0.1366,39.3,-398.1,0.0000,0.6,-434.3,0.1471,-42.7,-432.2,0,0.0,0.0,0.0000,-5.52,11.95,9.99,-9.35,1,-0.0956,2.373,1.902,24.00,1,476.2,-275.7,0.09981,-57.3,-389.0,-0.0766,0.00126,OK
6.1662,6.1192,47.0,0,476.9,-264.2,0.1095,483.9,-271.7,0.1366,39.3,-398.1,0.0000,-2.5,-434.5,0.1493,-45.5,-432.1,0,0.0,0.0,0.0000,-5.66,10.79,9.06,-8.85,1,-0.0889,-0.951,0.020,25.00,1,476.1,-278.5,0.09926,-46.1,-368.9,-0.0781,0.00116,OK
6.1745,6.1192,55.4,0,476.9,-264.2,0.1095,483.9,-271.7,0.1366,39.3,-398.1,0.0000,-5.7,-434.9,0.1517,-48.6,-432.2,0,0.0,0.0,0.0000,-5.83,10.94,8.85,-8.92,1,-0.0744,-0.530,-0.824,25.00,1,476.0,-281.6,0.09866,-48.4,-372.1,-0.0674,0.00109,OK
6.1822,6.1192,63.0,0,476.9,-264.2,0.1095,483.9,-271.7,0.1366,39.3,-398.1,0.0000,-9.1,-435.3,0.1525,-51.8,-432.3,0,0.0,0.0,0.0000,-5.60,12.92,9.35,-7.91,1,-0.0200,1.040,0.451,25.00,1,476.0,-284.5,0.09846,-47.9,-374.5,0.0062,0.00088,OK
6.1907,6.1192,71.5,0,476.9,-264.2,0.1095,483.9,-271.7,0.1366,39.3,-398.1,0.0000,-14.3,-436.0,0.1510,-57.2,-432.5,0,0.0,0.0,0.0000,-5.96,11.81,10.24,-5.27,1,-0.0200,1.040,0.451,25.00,1,476.1,-287.5,0.09883,6.5,-339.1,0.0666,0.00051,OK
6.1984,6.1192,79.3,0,476.9,-264.2,0.1095,483.9,-271.7,0.1366,39.3,-398.1,0.0000,-19.1,-436.6,0.1495,-62.2,-432.6,0,0.0,0.0,0.0000,-5.67,11.69,9.95,-7.17,1,-0.0200,1.834,1.412,24.00,1,476.3,-290.2,0.09921,-32.1,-362.4,0.0214,0.00023,OK
6.2068,6.1192,87.7,0,476.9,-264.2,0.1095,483.9,-271.7,0.1366,39.3,-398.1,0.0000,-23.7,-436.5,0.1494,-66.8,-432.0,0,0.0,0.0,0.0000,-6.03,11.72,9.09,-8.80,1,-0.0244,0.324,-0.412,25.00,1,476.2,-293.4,0.09924,-55.0,-383.5,-0.0157,0.00015,OK
6.2146,6.1192,95.4,0,476.9,-264.2,0.1095,483.9,-271.7,0.1366,39.3,-398.1,0.0000,-27.7,-436.1,0.1501,-70.7,-431.2,0,0.0,0.0,0.0000,-6.33,11.63,9.14,-9.34,1,-0.0356,-1.402,0.039,26.00,1,476.0,-296.4,0.09906,-58.5,-393.6,-0.0325,0.00013,OK
6.2221,6.1192,103.0,0,476.9,-264.2,0.1095,483.9,-271.7,0.1366,39.3,-398.1,0.0000,-31.0,-435.6,0.1512,-73.8,-430.4,0,0.0,0.0,0.0000,-6.30,10.94,9.28,-10.14,1,-0.0356,-1.402,0.039,25.00,1,475.9,-299.5,0.09878,-62.2,-395.4,-0.0391,0.00016,OK
6.2309,6.1192,111.7,0,476.9,-264.2,0.1095,483.9,-271.7,0.1366,39.3,-398.1,0.0000,-35.0,-434.7,0.1517,-77.6,-429.1,0,0.0,0.0,0.0000,-5.96,11.50,10.46,-10.63,1,0.0056,0.647,2.256,24.00,1,475.6,-303.0,0.09866,-72.9,-411.3,0.0092,0.00012,OK
6.2387,6.1192,119.5,0,476.9,-264.2,0.1095,483.9,-271.7,0.1366,39.3,-398.1,0.0000,-38.7,-433.6,0.1513,-81.3,-427.7,0,0.0,0.0,0.0000,-5.85,12.00,9.27,-10.26,1,0.0133,1.304,0.608,25.00,1,475.3,-306.3,0.09875,-80.0,-402.6,0.0144,0.00011,OK
6.2464,6.1192,127.2,0,476.9,-264.2,0.1095,483.9,-271.7,0.1366,39.3,-398.1,0.0000,-42.4,-432.8,0.1512,-84.9,-426.5,0,0.0,0.0,0.0000,-5.42,12.22,8.68,-9.96,1,-0.0167,-0.167,-1.157,25.00,1,475.0,-309.3,0.09878,-87.5,-390.0,-0.0103,0.00006,OK
6.2546,6.2242,30.4,0,473.2,-301.4,0.0940,485.1,-313.7,0.1366,-16.5,-399.7,0.0000,-43.8,-438.8,0.1610,-85.8,-432.6,0,0.0,0.0,0.0000,-5.58,12.25,8.56,-10.98,1,-0.0144,-1.726,2.795,25.00,1,471.8,-310.1,0.09632,-112.2,-384.7,-0.0170,0.00025,OK
6.2622,6.2242,38.0,0,473.2,-301.4,0.0940,485.1,-313.7,0.1366,-16.5,-399.7,0.0000,-47.0,-437.8,0.1615,-88.8,-431.2,0,0.0,0.0,0.0000,-5.87,13.43,8.83,-10.97,1,-0.0144,-1.726,2.795,25.00,1,471.2,-313.2,0.09620,-116.5,-403.5,-0.0139,0.00025,OK
6.2706,6.2242,46.4,0,473.2,-301.4,0.0940,485.1,-313.7,0.1366,-16.5,-399.7,0.0000,-50.2,-436.6,0.1622,-91.8,-429.8,0,0.0,0.0,0.0000,-5.45,13.91,8.93,-10.17,1,-0.0478,2.226,-0.677,24.00,1,470.6,-316.6,0.09602,-115.2,-393.9,-0.0335,0.00012,OK
6.2782,6.2242,53.9,0,473.2,-301.4,0.0940,485.1,-313.7,0.1366,-16.5,-399.7,0.0000,-53.1,-435.5,0.1640,-94.4,-428.4,0,0.0,0.0,0.0000,-6.27,15.07,8.50,-10.42,1,-0.0878,2.667,-2.167,25.00,1,470.0,-319.7,0.09559,-115.9,-410.8,-0.0811,0.00006,OK
6.2867,6.2242,62.5,0,473.2,-301.4,0.0940,485.1,-313.7,0.1366,-16.5,-399.7,0.0000,-56.7,-434.1,0.1664,-97.6,-426.8,0,0.0,0.0,0.0000,-6.57,11.99,9.38,-11.01,1,-0.0578,-1.304,2.079,25.00,1,469.4,-323.3,0.09498,-95.1,-407.7,-0.0618,0.00010,OK
6.2943,6.2242,70.0,0,473.2,-301.4,0.0940,485.1,-313.7,0.1366,-16.5,-399.7,0.0000,-60.9,-433.6,0.1686,-101.5,-425.9,0,0.0,0.0,0.0000,-7.37,8.14,9.22,-12.58,1,-0.0578,-1.304,2.079,25.00,1,469.2,-326.2,0.09442,-45.9,-363.9,-0.0795,0.00025,OK
6.3029,6.2242,78.6,0,473.2,-301.4,0.0940,485.1,-313.7,0.1366,-16.5,-399.7,0.0000,-65.7,-432.8,0.1710,-106.0,-424.8,0,0.0,0.0,0.0000,-6.24,9.88,8.67,-12.55,1,-0.0378,-2.226,2.589,25.00,1,468.9,-329.4,0.09383,-87.4,-378.6,-0.0539,0.00037,OK
6.3105,6.2242,86.2,0,473.2,-301.4,0.0940,485.1,-313.7,0.1366,-16.5,-399.7,0.0000,-69.5,-431.8,0.1726,-109.5,-423.4,0,0.0,0.0,0.0000,-5.50,11.31,9.04,-11.73,1,-0.0489,1.010,-2.118,25.00,1,468.4,-332.4,0.09343,-108.9,-390.6,-0.0515,0.00039,OK
6.3181,6.2242,93.9,0,473.2,-301.4,0.0940,485.1,-313.7,0.1366,-16.5,-399.7,0.0000,-73.0,-430.1,0.1736,-112.7,-421.5,0,0.0,0.0,0.0000,-5.54,12.58,8.67,-11.31,1,-0.0122,0.755,1.422,24.00,1,467.8,-335.5,0.09317,-117.5,-400.3,-0.0147,0.00041,OK
6.3269,6.2242,102.6,0,473.2,-301.4,0.0940,485.1,-313.7,0.1366,-16.5,-399.7,0.0000,-77.1,-428.3,0.1743,-116.5,-419.3,0,0.0,0.0,0.0000,-5.18,12.78,8.24,-11.14,1,-0.0222,0.471,-0.304,25.00,1,467.1,-339.1,0.09301,-123.9,-392.6,-0.0217,0.00040,OK
6.3347,6.2242,110.5,0,473.2,-301.4,0.0940,485.1,-313.7,0.1366,-16.5,-399.7,0.0000,-80.5,-426.9,0.1747,-119.7,-417.5,0,0.0,0.0,0.0000,-5.13,12.83,9.05,-10.68,1,-0.0222,0.471,-0.304,25.00,1,466.4,-342.2,0.09290,-117.7,-395.6,-0.0111,0.00030,OK
6.3425,6.2242,118.3,0,473.2,-301.4,0.0940,485.1,-313.7,0.1366,-16.5,-399.7,0.0000,-84.2,-424.9,0.1753,-123.2,-415.3,0,0.0,0.0,0.0000,-6.20,13.50,9.01,-11.33,1,-0.0244,-0.804,-0.137,25.00,1,465.8,-345.5,0.09275,-115.6,-423.3,-0.0266,0.00032,OK
6.3515,6.3222,29.3,0,467.2,-342.9,0.0915,480.9,-352.6,0.1366,-68.4,-394.2,0.0000,-90.8,-414.0,0.1800,-128.3,-403.9,0,0.0,0.0,0.0000,-6.17,13.76,8.24,-11.81,1,-0.0589,0.177,0.657,25.00,1,465.6,-352.2,0.09158,-125.0,-440.4,-0.0669,0.00044,OK
6.3581,6.3222,35.9,0,467.2,-342.9,0.0915,480.9,-352.6,0.1366,-68.4,-394.2,0.0000,-93.8,-411.9,0.1820,-130.9,-401.7,0,0.0,0.0,0.0000,-5.29,13.86,8.43,-12.01,1,-0.0911,1.873,0.245,25.00,1,465.0,-355.2,0.09108,-138.8,-435.0,-0.0858,0.00040,OK
6.3665,6.3222,44.3,0,467.2,-342.9,0.0915,480.9,-352.6,0.1366,-68.4,-394.2,0.0000,-97.7,-409.1,0.1851,-134.2,-398.6,0,0.0,0.0,0.0000,-5.40,13.35,8.79,-11.94,1,-0.1078,1.902,1.245,25.00,1,464.2,-358.9,0.09031,-132.0,-433.4,-0.1004,0.00034,OK
6.3742,6.3222,52.0,0,467.2,-342.9,0.0915,480.9,-352.6,0.1366,-68.4,-394.2,0.0000,-101.6,-406.5,0.1881,-137.5,-395.8,0,0.0,0.0,0.0000,-5.62,13.64,8.71,-11.26,1,-0.1078,1.902,1.245,25.00,1,463.5,-362.3,0.08954,-124.2,-430.2,-0.0991,0.00026,OK
6.3826,6.3222,60.4,0,467.2,-342.9,0.0915,480.9,-352.6,0.1366,-68.4,-394.2,0.0000,-105.6,-403.5,0.1919,-140.8,-392.6,0,0.0,0.0,0.0000,-5.71,13.55,8.42,-12.10,1,-0.1300,-1.206,-0.078,24.00,1,462.7,-366.0,0.08860,-132.9,-435.8,-0.1278,0.00025,OK
6.3904,6.3222,68.2,0,467.2,-342.9,0.0915,480.9,-352.6,0.1366,-68.4,-394.2,0.0000,-109.2,-400.8,0.1961,-143.9,-389.7,0,0.0,0.0,0.0000,-5.60,13.22,7.65,-12.30,1,-0.1256,-1.657,-1.932,25.00,1,462.0,-369.5,0.08756,-136.4,-423.8,-0.1323,0.00030,OK
6.3982,6.3222,76.0,0,467.2,-342.9,0.0915,480.9,-352.6,0.1366,-68.4,-394.2,0.0000,-112.4,-398.1,0.2000,-146.4,-386.9,0,0.0,0.0,0.0000,-5.34,14.28,7.62,-12.15,1,-0.1256,-1.657,-1.932,25.00,1,461.2,-372.8,0.08657,-146.7,-428.4,-0.1261,0.00030,OK
6.4061,6.3222,83.9,0,467.2,-342.9,0.0915,480.9,-352.6,0.1366,-68.4,-394.2,0.0000,-115.8,-395.2,0.2038,-149.2,-383.8,0,0.0,0.0,0.0000,-5.26,14.28,7.70,-12.20,1,-0.1078,1.775,1.471,25.00,1,460.3,-376.4,0.08563,-147.8,-428.6,-0.1082,0.00030,OK
6.4151,6.3222,92.9,0,467.2,-342.9,0.0915,480.9,-352.6,0.1366,-68.4,-394.2,0.0000,-119.9,-392.0,0.2074,-152.7,-380.4,0,0.0,0.0,0.0000,-4.85,14.45,8.02,-12.17,1,-0.1033,2.285,0.059,25.00,1,459.3,-380.3,0.08474,-153.5,-428.1,-0.0946,0.00023,OK
6.4220,6.3222,99.7,0,467.2,-342.9,0.0915,480.9,-352.6,0.1366,-68.4,-394.2,0.0000,-123.2,-389.6,0.2098,-155.5,-377.8,0,0.0,0.0,0.0000,-4.54,14.19,7.83,-12.12,1,-0.0944,0.794,1.491,24.00,1,458.4,-383.3,0.08414,-156.0,-419.1,-0.0844,0.00014,OK
6.4315,6.4233,8.2,0,458.7,-385.6,0.0890,471.3,-391.9,0.1366,-121.0,-381.0,0.0000,-134.0,-390.4,0.2015,-167.1,-377.4,0,0.0,0.0,0.0000,-4.15,13.57,7.57,-12.11,1,-0.0967,-1.040,-1.432,24.00,1,458.7,-385.7,0.08622,-144.4,-391.7,-0.0851,-0.00016,OK
6.4379,6.4317,6.2,0,457.6,-389.5,0.0793,470.3,-395.1,0.1366,-125.0,-379.7,0.0000,-139.5,-384.6,0.2096,-171.4,-371.5,0,0.0,0.0,0.0000,-3.99,14.13,7.13,-12.74,1,-0.0967,-1.040,-1.432,25.00,1,457.6,-389.3,0.08419,-161.6,-404.4,-0.0938,-0.00012,OK
6.4462,6.4402,6.0,0,456.4,-393.0,0.0852,469.2,-398.3,0.1366,-129.3,-378.4,0.0000,-140.6,-381.9,0.2106,-172.1,-368.8,0,0.0,0.0,0.0000,-4.00,14.89,7.20,-13.45,1,-0.0589,-1.049,-0.745,25.00,1,456.5,-392.9,0.08392,-175.4,-420.3,-0.0556,-0.00016,OK
6.4546,6.4487,5.9,0,455.5,-396.5,0.0867,468.1,-401.5,0.1366,-133.7,-377.2,0.0000,-144.0,-378.7,0.2094,-175.4,-365.2,0,0.0,0.0,0.0000,-3.68,15.63,6.82,-13.05,1,-0.0200,1.500,1.245,25.00,1,455.4,-396.6,0.08423,-175.9,-414.6,-0.0158,-0.00021,OK
6.4629,6.4572,5.7,0,453.8,-399.6,0.0851,466.9,-404.7,0.1366,-138.1,-375.6,0.0000,-148.0,-375.9,0.2098,-179.0,-362.2,0,0.0,0.0,0.0000,-3.59,15.32,6.56,-12.87,1,-0.0433,1.285,-1.000,24.00,1,454.0,-399.8,0.08412,-182.1,-394.4,-0.0399,-0.00024,OK
6.4702,6.4655,4.6,0,452.7,-403.1,0.0863,465.7,-407.9,0.1366,-142.4,-374.0,0.0000,-150.7,-372.6,0.2087,-181.6,-358.6,0,0.0,0.0,0.0000,-3.56,14.14,6.88,-11.80,1,-0.0100,-0.284,-0.049,25.00,1,452.8,-403.1,0.08441,-165.3,-376.2,0.0023,-0.00033,OK
6.4787,6.4740,4.7,0,451.9,-406.8,0.0810,464.5,-411.0,0.1366,-146.6,-372.2,0.0000,-157.0,-368.7,0.2104,-187.4,-354.3,0,0.0,0.0,0.0000,-2.60,14.06,6.93,-12.24,1,-0.0100,-0.284,-0.049,25.00,1,451.7,-406.6,0.08397,-177.3,-378.9,0.0047,-0.00048,OK
6.4863,6.4824,3.8,0,450.6,-410.5,0.0775,463.3,-414.1,0.1366,-150.8,-370.5,0.0000,-161.6,-363.5,0.2116,-191.4,-348.7,0,0.0,0.0,0.0000,-2.63,14.93,7.38,-12.38,1,0.0889,0.324,-1.932,25.00,1,450.5,-410.2,0.08368,-180.3,-404.6,0.0803,-0.00055,OK
6.4940,6.4909,3.1,0,449.6,-414.3,0.0786,461.9,-417.3,0.1366,-154.7,-368.7,0.0000,-165.2,-358.9,0.2103,-194.8,-343.7,0,0.0,0.0,0.0000,-2.65,15.55,7.08,-12.10,1,0.1400,0.265,1.265,25.00,1,449.4,-414.0,0.08401,-174.3,-415.5,0.1199,-0.00058,OK
6.5020,6.4994,2.6,0,448.8,-417.8,0.0722,460.6,-420.4,0.1366,-158.7,-366.9,0.0000,-171.8,-353.7,0.2126,-200.7,-338.2,0,0.0,0.0,0.0000,-2.09,15.47,6.70,-12.53,1,0.1589,0.029,0.961,25.00,1,448.5,-417.7,0.08343,-171.5,-410.7,0.0918,-0.00053,OK
6.5102,6.5078,2.4,0,446.6,-420.4,0.0872,459.3,-423.5,0.1366,-162.9,-365.2,0.0000,-170.3,-353.9,0.2055,-199.8,-338.2,0,0.0,0.0,0.0000,-2.08,14.04,6.07,-11.77,1,0.1589,0.029,0.961,24.00,1,446.9,-420.7,0.08520,-186.1,-361.6,0.1753,-0.00058,OK
6.5181,6.5163,1.8,0,445.2,-423.9,0.0873,457.9,-426.5,0.1366,-167.2,-363.3,0.0000,-173.6,-350.6,0.2005,-203.2,-334.3,0,0.0,0.0,0.0000,-1.76,14.45,5.76,-12.07,1,0.1278,-0.441,-3.373,25.00,1,445.4,-423.9,0.08645,-201.9,-365.7,0.1428,-0.00066,OK
6.5267,6.5248,1.9,0,443.9,-427.4,0.0815,456.4,-429.7,0.1366,-171.5,-361.4,0.0000,-179.4,-346.3,0.1986,-208.8,-329.4,0,0.0,0.0,0.0000,-1.24,15.09,5.47,-11.52,1,0.1533,1.285,1.922,25.00,1,443.9,-427.3,0.08694,-205.2,-367.0,0.1224,-0.00074,OK
6.5344,6.5248,9.5,0,443.9,-427.4,0.0815,456.4,-429.7,0.1366,-171.5,-361.4,0.0000,-186.1,-350.4,0.1967,-216.0,-332.8,0,0.0,0.0,0.0000,-1.02,14.99,5.70,-11.80,1,0.1778,1.589,-2.226,25.00,1,443.6,-427.8,0.08739,-209.6,-364.2,0.1965,-0.00091,OK
6.5421,6.5331,9.0,0,443.0,-430.2,0.0881,455.0,-432.7,0.1366,-175.4,-359.5,0.0000,-189.0,-348.8,0.1909,-219.2,-330.7,0,0.0,0.0,0.0000,-1.10,14.99,5.48,-11.56,1,0.2167,0.539,-0.775,25.00,1,442.6,-430.7,0.08886,-192.3,-356.2,0.2258,-0.00098,OK
6.5506,6.5416,9.0,0,442.2,-433.3,0.0930,453.5,-435.7,0.1366,-179.2,-357.5,0.0000,-193.9,-346.4,0.1809,-224.7,-327.3,0,0.0,0.0,0.0000,-0.93,14.84,5.29,-11.71,1,0.2167,0.539,-0.775,24.00,1,441.7,-433.7,0.09134,-180.1,-352.2,0.2248,-0.00109,OK
6.5585,6.5500,8.5,0,439.9,-437.4,0.0912,452.0,-438.7,0.1366,-183.2,-355.4,0.0000,-197.8,-341.6,0.1748,-228.7,-321.8,0,0.0,0.0,0.0000,-0.20,15.32,5.10,-12.26,1,0.2644,-1.383,1.902,24.00,1,440.1,-437.2,0.09287,-220.1,-370.2,0.2756,-0.00117,OK
6.5673,6.5585,8.8,0,438.2,-439.9,0.0920,450.4,-441.7,0.1366,-187.3,-353.3,0.0000,-201.4,-338.6,0.1677,-232.5,-318.0,0,0.0,0.0,0.0000,0.49,15.11,4.65,-12.13,1,0.2611,1.216,-0.049,25.00,1,438.2,-440.3,0.09465,-237.6,-345.0,0.2825,-0.00132,OK
6.5745,6.5669,7.6,0,436.8,-443.1,0.0915,448.8,-444.7,0.1366,-191.3,-351.1,0.0000,-204.9,-335.2,0.1614,-236.1,-313.9,0,0.0,0.0,0.0000,0.94,15.29,4.40,-11.93,1,0.2611,0.726,-1.520,26.00,1,436.7,-443.1,0.09622,-240.4,-337.5,0.2905,-0.00157,OK
6.5823,6.5754,6.9,0,435.8,-446.1,0.1101,447.2,-447.6,0.1366,-195.3,-348.8,0.0000,-203.9,-334.8,0.1462,-236.4,-312.8,0,0.0,0.0,0.0000,0.81,14.31,4.21,-12.24,1,0.2611,0.726,-1.520,25.00,1,435.4,-446.1,0.10003,-219.3,-332.0,0.2854,-0.00186,OK
6.5900,6.5838,6.2,0,433.7,-449.5,0.1050,445.5,-450.6,0.1366,-199.3,-346.7,0.0000,-209.8,-329.0,0.1355,-242.5,-305.8,0,0.0,0.0,0.0000,0.26,15.34,4.13,-12.01,1,0.2689,0.402,-1.383,24.00,1,433.8,-449.3,0.10270,-218.2,-346.4,0.2749,-0.00190,OK
6.5990,6.5924,6.6,0,432.3,-452.1,0.1063,443.8,-453.5,0.1366,-203.3,-344.5,0.0000,-215.2,-326.2,0.1249,-248.3,-301.7,0,0.0,0.0,0.0000,0.58,15.12,3.95,-12.58,1,0.3000,0.883,0.020,25.00,1,432.2,-452.3,0.10535,-224.8,-337.1,0.3000,-0.00189,OK
6.6063,6.6007,5.6,0,430.2,-455.9,0.1042,442.1,-456.4,0.1366,-207.0,-342.4,0.0000,-218.5,-320.6,0.1172,-251.6,-295.4,0,0.0,0.0,0.0000,1.12,15.82,3.66,-12.12,1,0.2722,-0.520,0.608,24.00,1,430.4,-455.5,0.10728,-245.5,-341.2,0.2819,-0.00199,OK
6.6148,6.6092,5.7,0,429.1,-458.5,0.1180,440.3,-459.3,0.1366,-210.8,-340.2,0.0000,-219.6,-319.9,0.1040,-253.5,-293.7,0,0.0,0.0,0.0000,1.10,14.77,3.22,-12.66,1,0.2244,-0.382,-0.677,25.00,1,428.9,-458.5,0.11057,-236.1,-330.0,0.2441,-0.00212,OK
6.6222,6.6176,4.6,0,426.9,-460.9,0.1108,438.5,-462.1,0.1366,-214.5,-337.7,0.0000,-224.3,-315.0,0.0971,-258.2,-287.8,0,0.0,0.0,0.0000,1.57,15.55,2.64,-12.22,1,0.2244,-0.382,-0.677,25.00,1,427.0,-461.2,0.11231,-251.8,-304.9,0.2287,-0.00217,OK
6.6309,6.6262,4.7,0,425.3,-463.9,0.1124,436.7,-465.0,0.1366,-218.2,-335.2,0.0000,-227.8,-312.4,0.0908,-261.8,-284.5,0,0.0,0.0,0.0000,1.90,15.46,2.45,-12.71,1,0.1967,2.246,-1.010,24.00,1,425.2,-464.0,0.11389,-258.0,-304.4,0.2088,-0.00229,OK
6.6382,6.6345,3.6,0,423.5,-466.8,0.1212,434.8,-467.8,0.1366,-222.0,-332.5,0.0000,-228.3,-310.1,0.0800,-262.9,-281.5,0,0.0,0.0,0.0000,2.58,15.23,2.20,-12.77,1,0.1944,1.746,-0.500,25.00,1,423.4,-466.7,0.11657,-262.4,-300.2,0.2480,-0.00260,OK
6.6465,6.6345,11.9,0,423.5,-466.8,0.1212,434.8,-467.8,0.1366,-222.0,-332.5,0.0000,-235.0,-311.3,0.0765,-269.9,-281.6,0,0.0,0.0,0.0000,1.99,14.96,2.50,-12.49,1,0.2056,-0.824,0.735,25.00,1,422.5,-468.0,0.11746,-252.3,-299.7,0.2256,-0.00276,OK
6.6541,6.6514,2.6,0,420.6,-472.0,0.1187,431.0,-473.4,0.1366,-229.5,-327.5,0.0000,-238.4,-302.7,0.0666,-272.9,-272.0,0,0.0,0.0,0.0000,1.66,14.66,2.09,-12.48,1,0.2056,-0.824,0.735,25.00,1,420.3,-472.1,0.11993,-218.9,-289.0,0.1941,-0.00270,OK
6.6622,6.6514,10.7,0,420.6,-472.0,0.1187,431.0,-473.4,0.1366,-229.5,-327.5,0.0000,-246.0,-305.1,0.0641,-280.9,-273.3,0,0.0,0.0,0.0000,2.59,14.97,1.66,-12.31,1,0.2022,-0.471,-0.863,25.00,1,419.8,-472.9,0.12055,-244.6,-279.5,0.2178,-0.00282,OK
6.6702,6.6514,18.7,0,420.6,-472.0,0.1187,431.0,-473.4,0.1366,-229.5,-327.5,0.0000,-249.8,-302.2,0.0578,-284.8,-269.5,0,0.0,0.0,0.0000,2.79,15.31,1.12,-12.74,1,0.1689,0.804,-3.246,24.00,1,418.0,-475.4,0.12214,-258.5,-275.9,0.1797,-0.00289,OK
6.6787,6.6514,27.3,0,420.6,-472.0,0.1187,431.0,-473.4,0.1366,-229.5,-327.5,0.0000,-253.8,-298.9,0.0514,-288.8,-265.3,0,0.0,0.0,0.0000,3.14,14.99,1.53,-12.97,1,0.1600,2.491,2.942,25.00,1,416.1,-478.0,0.12373,-266.4,-285.0,0.1897,-0.00313,OK
6.6867,6.6514,35.3,0,420.6,-472.0,0.1187,431.0,-473.4,0.1366,-229.5,-327.5,0.0000,-257.5,-296.2,0.0455,-292.5,-261.7,0,0.0,0.0,0.0000,3.25,13.47,0.92,-12.75,1,0.1600,2.491,2.942,25.00,1,414.3,-480.4,0.12521,-256.1,-256.8,0.1798,-0.00328,OK
6.6943,6.6514,42.9,0,420.6,-472.0,0.1187,431.0,-473.4,0.1366,-229.5,-327.5,0.0000,-261.1,-294.0,0.0410,-296.1,-258.8,0,0.0,0.0,0.0000,3.16,13.59,0.16,-12.84,1,0.1044,-1.314,-1.030,24.00,1,412.6,-482.6,0.12632,-261.9,-244.6,0.1120,-0.00331,OK
6.7029,6.6514,51.5,0,420.6,-472.0,0.1187,431.0,-473.4,0.1366,-229.5,-327.5,0.0000,-265.1,-291.2,0.0385,-299.8,-255.3,0,0.0,0.0,0.0000,3.27,13.91,-0.25,-13.84,1,0.0278,-1.598,-1.697,25.00,1,410.5,-485.0,0.12695,-280.7,-251.3,0.0352,-0.00335,OK
6.7105,6.6514,59.1,0,420.6,-472.0,0.1187,431.0,-473.4,0.1366,-229.5,-327.5,0.0000,-268.4,-288.9,0.0378,-302.8,-252.5,0,0.0,0.0,0.0000,3.65,13.50,-0.61,-13.11,1,-0.0111,1.510,-1.157,25.00,1,408.6,-487.1,0.12712,-279.3,-235.5,0.0075,-0.00347,OK
6.7185,6.6514,67.0,0,420.6,-472.0,0.1187,431.0,-473.4,0.1366,-229.5,-327.5,0.0000,-271.6,-286.9,0.0371,-305.9,-250.1,0,0.0,0.0,0.0000,4.15,14.20,-0.85,-10.38,1,-0.0289,2.148,0.343,24.00,1,406.8,-489.0,0.12731,-258.4,-201.9,0.0328,-0.00381,OK
6.7261,6.6514,74.6,0,420.6,-472.0,0.1187,431.0,-473.4,0.1366,-229.5,-327.5,0.0000,-275.6,-285.8,0.0363,-309.7,-248.4,0,0.0,0.0,0.0000,3.51,13.03,-0.85,-8.43,1,-0.0289,2.148,0.343,24.00,1,405.2,-490.6,0.12751,-217.6,-168.3,0.0143,-0.00408,OK
6.7350,6.6514,83.6,0,420.6,-472.0,0.1187,431.0,-473.4,0.1366,-229.5,-327.5,0.0000,-280.3,-284.9,0.0359,-314.2,-246.9,0,0.0,0.0,0.0000,4.04,9.79,-0.78,-11.44,1,-0.0356,-2.197,-0.431,24.00,1,403.3,-492.4,0.12759,-235.3,-179.2,-0.0018,-0.00433,OK
6.7430,6.6514,91.6,0,420.6,-472.0,0.1187,431.0,-473.4,0.1366,-229.5,-327.5,0.0000,-284.5,-284.5,0.0373,-318.3,-246.1,0,0.0,0.0,0.0000,3.32,8.10,-1.51,-13.13,1,-0.0856,-1.402,-0.863,25.00,1,401.7,-493.9,0.12725,-220.2,-152.9,-0.0836,-0.00431,OK
6.7508,6.6514,99.4,0,420.6,-472.0,0.1187,431.0,-473.4,0.1366,-229.5,-327.5,0.0000,-287.8,-283.8,0.0407,-321.3,-245.2,0,0.0,0.0,0.0000,3.54,11.25,-2.07,-13.37,1,-0.1300,2.638,0.843,25.00,1,399.9,-495.6,0.12639,-273.0,-188.8,-0.1320,-0.00425,OK
6.7585,6.6514,107.1,0,420.6,-472.0,0.1187,431.0,-473.4,0.1366,-229.5,-327.5,0.0000,-290.7,-282.6,0.0465,-323.6,-244.2,0,0.0,0.0,0.0000,2.89,11.58,-2.11,-13.75,1,-0.2300,0.520,-0.559,25.00,1,398.0,-497.3,0.12495,-274.9,-201.2,-0.2370,-0.00416,OK
6.7664,6.7360,30.4,0,398.8,-497.5,0.1254,410.1,-499.9,0.1366,-264.8,-299.5,0.0000,-281.9,-271.4,0.0570,-312.9,-234.9,0,0.0,0.0,0.0000,3.18,11.59,-2.24,-13.24,1,-0.2300,0.520,-0.559,24.00,1,392.9,-503.1,0.12234,-303.2,-219.9,-0.2291,-0.00411,OK
6.7739,6.7360,37.9,0,398.8,-497.5,0.1254,410.1,-499.9,0.1366,-264.8,-299.5,0.0000,-283.8,-269.4,0.0653,-314.1,-233.4,0,0.0,0.0,0.0000,2.99,12.39,-2.97,-13.74,1,-0.3078,-1.451,-0.245,24.00,1,390.8,-505.1,0.12026,-315.4,-221.0,-0.3177,-0.00400,OK
6.7824,6.7360,46.5,0,398.8,-497.5,0.1254,410.1,-499.9,0.1366,-264.8,-299.5,0.0000,-285.7,-267.5,0.0770,-315.0,-232.2,0,0.0,0.0,0.0000,3.06,12.16,-3.47,-13.67,1,-0.3533,0.539,-0.461,25.00,1,388.3,-507.2,0.11734,-316.0,-210.0,-0.3650,-0.00388,OK
6.7910,6.7360,55.0,0,398.8,-497.5,0.1254,410.1,-499.9,0.1366,-264.8,-299.5,0.0000,-287.5,-265.8,0.0902,-315.8,-231.3,0,0.0,0.0,0.0000,3.34,12.17,-3.34,-13.54,1,-0.4122,1.824,-0.245,25.00,1,385.8,-509.3,0.11404,-320.4,-210.2,-0.4060,-0.00390,OK
6.7988,6.7360,62.8,0,398.8,-497.5,0.1254,410.1,-499.9,0.1366,-264.8,-299.5,0.0000,-288.8,-264.4,0.1026,-316.3,-230.8,0,0.0,0.0,0.0000,3.90,11.94,-3.06,-14.01,1,-0.4122,1.824,-0.245,25.00,1,383.5,-511.2,0.11093,-327.9,-213.1,-0.3910,-0.00402,OK
6.8069,6.7360,70.9,0,398.8,-497.5,0.1254,410.1,-499.9,0.1366,-264.8,-299.5,0.0000,-290.2,-262.7,0.1154,-316.8,-230.0,0,0.0,0.0,0.0000,3.95,12.09,-3.03,-14.29,1,-0.4322,-0.363,-0.147,25.00,1,381.0,-513.3,0.10774,-332.2,-216.6,-0.4077,-0.00415,OK
6.8144,6.7360,78.4,0,398.8,-497.5,0.1254,410.1,-499.9,0.1366,-264.8,-299.5,0.0000,-291.7,-261.1,0.1280,-317.4,-229.2,0,0.0,0.0,0.0000,3.43,11.66,-3.55,-13.72,1,-0.4344,-0.137,-0.343,24.00,1,378.8,-515.1,0.10457,-318.0,-198.7,-0.4288,-0.00416,OK
6.8220,6.7360,86.1,0,398.8,-497.5,0.1254,410.1,-499.9,0.1366,-264.8,-299.5,0.0000,-293.1,-259.4,0.1406,-317.9,-228.3,0,0.0,0.0,0.0000,3.98,12.44,-3.48,-14.10,1,-0.4144,-0.108,-0.706,25.00,1,376.4,-516.8,0.10143,-334.5,-206.1,-0.4000,-0.00423,OK
6.8310,6.7360,95.0,0,398.8,-497.5,0.1254,410.1,-499.9,0.1366,-264.8,-299.5,0.0000,-294.5,-257.1,0.1548,-318.2,-227.1,0,0.0,0.0,0.0000,4.44,12.22,-3.62,-14.42,1,-0.4144,-0.108,-0.706,25.00,1,373.6,-518.9,0.09789,-340.7,-200.6,-0.3953,-0.00433,OK
6.8390,6.7360,103.0,0,398.8,-497.5,0.1254,410.1,-499.9,0.1366,-264.8,-299.5,0.0000,-296.1,-255.1,0.1670,-318.9,-226.0,0,0.0,0.0,0.0000,4.15,11.43,-3.30,-14.26,1,-0.3856,0.471,1.147,25.00,1,371.1,-520.8,0.09482,-324.6,-194.9,-0.3689,-0.00441,OK
6.8468,6.7360,110.8,0,398.8,-497.5,0.1254,410.1,-499.9,0.1366,-264.8,-299.5,0.0000,-297.6,-253.8,0.1777,-319.7,-225.3,0,0.0,0.0,0.0000,4.92,12.38,-3.51,-13.23,1,-0.3533,1.451,-0.167,25.00,1,368.7,-522.5,0.09216,-333.6,-186.9,-0.3246,-0.00457,OK
6.8551,6.7360,119.1,0,398.8,-497.5,0.1254,410.1,-499.9,0.1366,-264.8,-299.5,0.0000,-299.4,-252.1,0.1888,-320.7,-224.4,0,0.0,0.0,0.0000,4.05,12.18,-3.48,-13.80,1,-0.3522,1.167,-0.785,24.00,1,366.1,-524.3,0.08938,-326.5,-192.6,-0.3426,-0.00461,OK
6.8636,6.8373,26.3,0,371.0,-522.3,0.0928,381.2,-528.4,0.1366,-302.9,-261.1,0.0000,-312.9,-241.8,0.1994,-332.7,-213.8,0,0.0,0.0,0.0000,3.90,12.61,-3.05,-13.44,1,-0.3189,-1.157,-1.089,25.00,1,365.6,-526.3,0.08673,-308.3,-201.6,-0.3064,-0.00466,OK
6.8702,6.8373,32.9,0,371.0,-522.3,0.0928,381.2,-528.4,0.1366,-302.9,-261.1,0.0000,-317.2,-238.0,0.2076,-336.2,-210.3,0,0.0,0.0,0.0000,3.98,12.65,-3.32,-14.19,1,-0.3189,-1.157,-1.089,24.00,1,363.7,-527.8,0.08469,-317.8,-202.3,-0.3139,-0.00466,OK
6.8787,6.8373,41.3,0,371.0,-522.3,0.0928,381.2,-528.4,0.1366,-302.9,-261.1,0.0000,-319.5,-235.1,0.2165,-337.7,-208.0,0,0.0,0.0,0.0000,4.96,12.38,-3.16,-14.02,1,-0.2289,-0.324,0.569,25.00,1,361.1,-529.7,0.08247,-323.0,-192.7,-0.2122,-0.00475,OK
6.8865,6.8373,49.1,0,371.0,-522.3,0.0928,381.2,-528.4,0.1366,-302.9,-261.1,0.0000,-321.7,-232.3,0.2223,-339.5,-205.5,0,0.0,0.0,0.0000,4.75,12.72,-3.05,-13.41,1,-0.1767,0.745,-0.147,25.00,1,358.8,-531.4,0.08100,-317.7,-190.2,-0.1644,-0.00480,OK
6.8941,6.8373,56.8,0,371.0,-522.3,0.0928,381.2,-528.4,0.1366,-302.9,-261.1,0.0000,-324.0,-230.0,0.2271,-341.3,-203.4,0,0.0,0.0,0.0000,4.07,12.74,-3.28,-13.15,1,-0.1333,-0.402,-0.078,25.00,1,356.5,-533.0,0.07981,-307.2,-183.4,-0.1452,-0.00468,OK
6.9030,6.8373,65.7,0,371.0,-522.3,0.0928,381.2,-528.4,0.1366,-302.9,-261.1,0.0000,-326.8,-226.8,0.2304,-343.7,-200.3,0,0.0,0.0,0.0000,5.12,13.32,-2.62,-13.31,1,-0.0600,-1.030,1.294,24.00,1,353.8,-534.9,0.07897,-322.9,-194.8,-0.0459,-0.00475,OK
6.9106,6.8373,73.3,0,371.0,-522.3,0.0928,381.2,-528.4,0.1366,-302.9,-261.1,0.0000,-328.8,-223.9,0.2316,-345.3,-197.4,0,0.0,0.0,0.0000,6.08,13.75,-2.97,-13.44,1,-0.0600,-1.030,1.294,25.00,1,351.4,-536.6,0.07868,-339.7,-190.1,-0.0352,-0.00491,OK
6.9182,6.8373,80.9,0,371.0,-522.3,0.0928,381.2,-528.4,0.1366,-302.9,-261.1,0.0000,-330.6,-220.9,0.2325,-346.9,-194.3,0,0.0,0.0,0.0000,6.27,13.63,-3.14,-13.86,1,-0.0500,1.736,0.245,25.00,1,348.9,-538.2,0.07846,-346.1,-187.9,-0.0283,-0.00505,OK
6.9260,6.8373,88.7,0,371.0,-522.3,0.0928,381.2,-528.4,0.1366,-302.9,-261.1,0.0000,-332.9,-217.4,0.2326,-348.9,-190.7,0,0.0,0.0,0.0000,5.79,13.41,-2.82,-13.25,1,0.0022,1.873,0.539,25.00,1,346.4,-539.9,0.07844,-331.7,-184.5,0.0187,-0.00514,OK
6.9351,6.8373,97.8,0,371.0,-522.3,0.0928,381.2,-528.4,0.1366,-302.9,-261.1,0.0000,-336.0,-213.1,0.2311,-351.7,-186.0,0,0.0,0.0,0.0000,6.19,12.73,-2.44,-13.23,1,0.0278,-2.412,-1.942,25.00,1,343.6,-541.8,0.07880,-325.6,-183.4,0.0538,-0.00532,OK
6.9427,6.8373,105.3,0,371.0,-522.3,0.0928,381.2,-528.4,0.1366,-302.9,-261.1,0.0000,-338.3,-209.5,0.2293,-353.8,-182.1,0,0.0,0.0,0.0000,6.56,13.10,-2.69,-13.10,1,0.0278,-2.412,-1.942,24.00,1,341.2,-543.3,0.07924,-333.1,-179.3,0.0565,-0.00552,OK
6.9502,6.8373,112.9,0,371.0,-522.3,0.0928,381.2,-528.4,0.1366,-302.9,-261.1,0.0000,-340.5,-205.7,0.2274,-355.8,-178.0,0,0.0,0.0,0.0000,5.58,14.20,-3.14,-13.65,1,0.0733,-0.549,-0.177,24.00,1,338.7,-544.9,0.07972,-342.7,-183.7,0.0716,-0.00545,OK
6.9588,6.8373,121.5,0,371.0,-522.3,0.0928,381.2,-528.4,0.1366,-302.9,-261.1,0.0000,-343.3,-201.6,0.2238,-358.4,-173.3,0,0.0,0.0,0.0000,5.36,13.33,-2.77,-12.78,1,0.1522,1.373,2.020,24.00,1,336.0,-546.6,0.08064,-321.8,-171.7,0.1454,-0.00535,OK
6.9667,6.9303,36.4,0,343.3,-541.9,0.0767,351.6,-550.8,0.1366,-332.9,-221.3,0.0000,-351.5,-194.2,0.2235,-366.0,-165.2,0,0.0,0.0,0.0000,6.11,13.81,-2.84,-12.81,1,0.1844,-0.088,-0.392,25.00,1,334.4,-547.6,0.08070,-328.9,-167.8,0.1887,-0.00526,OK
6.9744,6.9303,44.1,0,343.3,-541.9,0.0767,351.6,-550.8,0.1366,-332.9,-221.3,0.0000,-353.8,-190.2,0.2169,-368.2,-160.5,0,0.0,0.0,0.0000,7.07,14.07,-2.88,-13.40,1,0.2267,-0.137,-1.294,25.00,1,331.9,-549.1,0.08235,-346.4,-170.8,0.2389,-0.00533,OK
6.9829,6.9303,52.6,0,343.3,-541.9,0.0767,351.6,-550.8,0.1366,-332.9,-221.3,0.0000,-356.3,-185.4,0.2079,-370.7,-154.6,0,0.0,0.0,0.0000,7.18,14.33,-2.74,-12.96,1,0.2700,1.069,1.432,25.00,1,329.1,-550.8,0.08460,-344.8,-169.2,0.2842,-0.00541,OK
6.9904,6.9303,60.1,0,343.3,-541.9,0.0767,351.6,-550.8,0.1366,-332.9,-221.3,0.0000,-358.7,-180.8,0.1993,-373.0,-149.0,0,0.0,0.0,0.0000,7.22,14.04,-2.61,-13.09,1,0.2700,1.069,1.432,24.00,1,326.6,-552.3,0.08674,-343.4,-170.6,0.2858,-0.00551,OK
6.9980,6.9303,67.7,0,343.3,-541.9,0.0767,351.6,-550.8,0.1366,-332.9,-221.3,0.0000,-361.2,-176.1,0.1907,-375.4,-143.3,0,0.0,0.0,0.0000,7.28,13.97,-2.82,-12.83,1,0.2667,-0.343,-1.236,24.00,1,324.2,-553.7,0.08891,-342.8,-163.0,0.2820,-0.00560,OK
7.0061,6.9303,75.8,0,343.3,-541.9,0.0767,351.6,-550.8,0.1366,-332.9,-221.3,0.0000,-363.9,-171.1,0.1812,-378.0,-137.2,0,0.0,0.0,0.0000,7.23,14.40,-2.57,-11.89,1,0.2700,-0.922,-1.324,25.00,1,321.6,-555.3,0.09127,-333.5,-161.3,0.2937,-0.00578,OK
7.0150,6.9303,84.7,0,343.3,-541.9,0.0767,351.6,-550.8,0.1366,-332.9,-221.3,0.0000,-366.9,-165.4,0.1703,-380.8,-130.3,0,0.0,0.0,0.0000,8.34,14.72,-2.66,-11.94,1,0.2700,-0.922,-1.324,25.00,1,318.7,-557.0,0.09401,-344.3,-160.1,0.3145,-0.00605,OK
7.0223,6.9303,92.0,0,343.3,-541.9,0.0767,351.6,-550.8,0.1366,-332.9,-221.3,0.0000,-368.8,-160.9,0.1606,-382.6,-124.7,0,0.0,0.0,0.0000,8.30,14.35,-2.90,-12.33,1,0.3133,0.794,2.854,25.00,1,316.3,-558.4,0.09643,-349.6,-154.8,0.3393,-0.00624,OK
7.0307,6.9303,100.4,0,343.3,-541.9,0.0767,351.6,-550.8,0.1366,-332.9,-221.3,0.0000,-371.2,-155.6,0.1500,-384.8,-118.1,0,0.0,0.0,0.0000,7.21,14.61,-3.13,-12.14,1,0.2711,0.510,0.324,25.00,1,313.5,-559.9,0.09908,-344.1,-153.0,0.2864,-0.00633,OK
7.0385,6.9303,108.2,0,343.3,-541.9,0.0767,351.6,-550.8,0.1366,-332.9,-221.3,0.0000,-373.5,-150.7,0.1423,-386.8,-112.3,0,0.0,0.0,0.0000,7.93,14.36,-3.89,-12.11,1,0.1856,-0.049,-2.873,24.00,1,310.9,-561.3,0.10101,-353.1,-137.4,0.2091,-0.00648,OK
7.0461,6.9303,115.8,0,343.3,-541.9,0.0767,351.6,-550.8,0.1366,-332.9,-221.3,0.0000,-375.5,-146.0,0.1360,-388.5,-106.7,0,0.0,0.0,0.0000,7.95,13.80,-3.97,-12.86,1,0.1856,-0.049,-2.873,24.00,1,308.3,-562.6,0.10259,-358.7,-139.4,0.2028,-0.00658,OK
7.0542,6.9303,123.9,0,343.3,-541.9,0.0767,351.6,-550.8,0.1366,-332.9,-221.3,0.0000,-377.6,-141.0,0.1294,-390.2,-100.9,0,0.0,0.0,0.0000,7.96,13.33,-4.19,-12.77,1,0.1811,0.382,1.098,25.00,1,305.5,-564.0,0.10422,-356.0,-130.1,0.1958,-0.00665,OK
7.0629,6.9303,132.6,0,343.3,-541.9,0.0767,351.6,-550.8,0.1366,-332.9,-221.3,0.0000,-379.8,-135.1,0.1218,-392.0,-94.1,0,0.0,0.0,0.0000,7.47,14.16,-3.59,-13.14,1,0.2267,0.088,-0.069,25.00,1,302.6,-565.6,0.10612,-358.9,-151.7,0.2377,-0.00669,OK
7.0706,7.0318,38.8,0,310.0,-562.8,0.0989,316.4,-571.0,0.1366,-359.9,-174.6,0.0000,-376.4,-134.4,0.1202,-388.6,-93.6,0,0.0,0.0,0.0000,7.98,14.23,-3.95,-12.96,1,0.2078,-0.451,-0.402,25.00,1,299.3,-568.5,0.10654,-368.7,-151.2,0.2238,-0.00667,OK
7.0788,7.0318,47.0,0,310.0,-562.8,0.0989,316.4,-571.0,0.1366,-359.9,-174.6,0.0000,-378.6,-128.7,0.1145,-390.2,-87.2,0,0.0,0.0,0.0000,4.75,14.59,-4.38,-13.07,1,0.1889,0.382,0.010,25.00,1,296.6,-570.1,0.10795,-335.9,-162.9,0.1271,-0.00633,OK
7.0861,7.0318,54.3,0,310.0,-562.8,0.0989,316.4,-571.0,0.1366,-359.9,-174.6,0.0000,-380.6,-123.8,0.1104,-391.8,-81.7,0,0.0,0.0,0.0000,6.28,14.40,-4.67,-13.19,1,0.1822,0.902,0.843,25.00,1,294.2,-571.5,0.10899,-360.3,-148.5,0.1643,-0.00612,OK
7.0944,7.0318,62.6,0,310.0,-562.8,0.0989,316.4,-571.0,0.1366,-359.9,-174.6,0.0000,-382.4,-118.3,0.1046,-393.1,-75.4,0,0.0,0.0,0.0000,7.74,13.95,-4.73,-13.35,1,0.1822,0.902,0.843,25.00,1,291.3,-573.0,0.11043,-374.7,-137.9,0.1858,-0.00610,OK
7.1019,7.0318,70.1,0,310.0,-562.8,0.0989,316.4,-571.0,0.1366,-359.9,-174.6,0.0000,-383.6,-113.7,0.0997,-393.9,-70.2,0,0.0,0.0,0.0000,8.07,13.41,-7.68,-13.13,1,0.1578,0.098,-1.314,24.00,1,288.5,-574.1,0.11166,-390.1,-87.3,0.1446,-0.00593,OK
7.1107,7.0318,78.9,0,310.0,-562.8,0.0989,316.4,-571.0,0.1366,-359.9,-174.6,0.0000,-385.1,-108.2,0.0941,-394.9,-64.1,0,0.0,0.0,0.0000,9.08,13.06,-4.96,-12.55,1,0.1478,-0.549,-1.608,26.00,1,285.3,-575.4,0.11305,-370.3,-113.4,0.1680,-0.00605,OK
7.1184,7.0318,86.6,0,310.0,-562.8,0.0989,316.4,-571.0,0.1366,-359.9,-174.6,0.0000,-386.3,-102.9,0.0889,-395.5,-58.2,0,0.0,0.0,0.0000,9.60,13.46,-5.42,-13.25,1,0.1478,-0.549,-1.608,25.00,1,282.4,-576.6,0.11435,-389.0,-112.4,0.1663,-0.00616,OK
7.1270,7.0318,95.2,0,310.0,-562.8,0.0989,316.4,-571.0,0.1366,-359.9,-174.6,0.0000,-387.3,-97.2,0.0830,-396.0,-51.8,0,0.0,0.0,0.0000,9.72,13.05,-6.02,-13.57,1,0.1656,-1.294,1.167,24.00,1,279.2,-577.9,0.11582,-395.1,-98.2,0.1765,-0.00620,OK
7.1347,7.0318,102.9,0,310.0,-562.8,0.0989,316.4,-571.0,0.1366,-359.9,-174.6,0.0000,-388.1,-92.5,0.0782,-396.3,-46.6,0,0.0,0.0,0.0000,9.56,13.08,-6.10,-12.91,1,0.1200,0.981,0.382,25.00,1,276.3,-578.9,0.11704,-388.3,-93.1,0.1356,-0.00628,OK
7.1421,7.0318,110.3,0,310.0,-562.8,0.0989,316.4,-571.0,0.1366,-359.9,-174.6,0.0000,-388.9,-88.0,0.0747,-396.5,-41.7,0,0.0,0.0,0.0000,9.85,13.45,-6.03,-12.83,1,0.0733,2.677,-2.030,25.00,1,273.5,-580.0,0.11791,-391.4,-97.0,0.0964,-0.00642,OK
7.1510,7.0318,119.2,0,310.0,-562.8,0.0989,316.4,-571.0,0.1366,-359.9,-174.6,0.0000,-390.1,-82.9,0.0711,-397.1,-36.0,0,0.0,0.0,0.0000,10.16,11.96,-5.84,-12.58,1,0.0744,-0.412,-0.402,25.00,1,270.2,-581.2,0.11881,-374.8,-82.7,0.0982,-0.00657,OK
7.1580,7.0318,126.2,0,310.0,-562.8,0.0989,316.4,-571.0,0.1366,-359.9,-174.6,0.0000,-391.1,-78.9,0.0684,-397.7,-31.8,0,0.0,0.0,0.0000,9.78,11.80,-6.27,-12.50,1,0.0744,-0.412,-0.402,26.00,1,267.7,-582.0,0.11948,-375.0,-73.3,0.0921,-0.00666,OK
7.1669,7.0318,135.1,0,310.0,-562.8,0.0989,316.4,-571.0,0.1366,-359.9,-174.6,0.0000,-392.2,-73.6,0.0654,-398.2,-26.1,0,0.0,0.0,0.0000,9.93,11.55,-6.98,-13.12,1,0.0622,-1.677,0.324,25.00,1,264.4,-583.0,0.12022,-386.0,-62.2,0.0727,-0.00669,OK
7.1750,7.1331,42.0,0,275.1,-580.7,0.1261,278.9,-586.2,0.1366,-379.9,-124.8,0.0000,-396.1,-74.1,0.0452,-402.3,-24.0,0,0.0,0.0,0.0000,9.30,11.30,-6.95,-13.25,1,0.0278,-0.049,-0.824,24.00,1,262.9,-585.1,0.12528,-372.7,-71.5,0.0346,-0.00697,OK
7.1824,7.1331,49.4,0,275.1,-580.7,0.1261,278.9,-586.2,0.1366,-379.9,-124.8,0.0000,-397.2,-70.2,0.0450,-402.8,-20.0,0,0.0,0.0,0.0000,9.77,10.42,-7.54,-13.44,1,-0.0289,-0.667,-0.196,26.00,1,260.2,-585.9,0.12532,-373.5,-50.9,-0.0224,-0.00696,OK
7.1911,7.1331,58.0,0,275.1,-580.7,0.1261,278.9,-586.2,0.1366,-379.9,-124.8,0.0000,-398.0,-65.8,0.0463,-403.1,-15.7,0,0.0,0.0,0.0000,10.55,11.67,-8.24,-12.99,1,-0.0689,-0.481,-0.530,24.00,1,256.9,-586.7,0.12500,-396.3,-47.3,-0.0532,-0.00703,OK
7.1988,7.1331,65.7,0,275.1,-580.7,0.1261,278.9,-586.2,0.1366,-379.9,-124.8,0.0000,-398.5,-62.2,0.0477,-403.2,-12.1,0,0.0,0.0,0.0000,11.00,11.77,-8.10,-11.82,1,-0.0689,-0.481,-0.530,25.00,1,254.0,-587.4,0.12464,-386.8,-36.6,-0.0433,-0.00718,OK
7.2069,7.1331,73.8,0,275.1,-580.7,0.1261,278.9,-586.2,0.1366,-379.9,-124.8,0.0000,-399.9,-58.9,0.0484,-404.1,-8.8,0,0.0,0.0,0.0000,10.70,10.74,-7.99,-8.66,1,-0.0822,1.638,-1.481,25.00,1,251.1,-587.8,0.12448,-334.6,5.2,-0.0063,-0.00746,OK
7.2149,7.1331,81.8,0,275.1,-580.7,0.1261,278.9,-586.2,0.1366,-379.9,-124.8,0.0000,-401.2,-55.5,0.0495,-405.0,-5.4,0,0.0,0.0,0.0000,10.08,10.29,-8.39,-10.60,1,-0.0922,0.814,-0.637,25.00,1,248.4,-588.2,0.12420,-358.2,-11.5,-0.0687,-0.00759,OK
7.2226,7.1331,89.6,0,275.1,-580.7,0.1261,278.9,-586.2,0.1366,-379.9,-124.8,0.0000,-402.3,-51.8,0.0518,-405.6,-1.7,0,0.0,0.0,0.0000,10.03,10.43,-7.96,-11.89,1,-0.0989,-0.814,0.579,25.00,1,245.6,-588.7,0.12363,-369.0,-30.6,-0.0807,-0.00767,OK
7.2304,7.1331,97.4,0,275.1,-580.7,0.1261,278.9,-586.2,0.1366,-379.9,-124.8,0.0000,-403.5,-48.1,0.0544,-406.3,1.8,0,0.0,0.0,0.0000,10.55,8.97,-7.99,-12.60,1,-0.0989,-0.814,0.579,24.00,1,242.8,-589.2,0.12297,-362.0,-12.4,-0.0874,-0.00770,OK
7.2380,7.1331,105.0,0,275.1,-580.7,0.1261,278.9,-586.2,0.1366,-379.9,-124.8,0.0000,-405.2,-45.9,0.0577,-407.8,3.8,0,0.0,0.0,0.0000,11.40,5.45,-8.52,-12.44,1,-0.1289,-1.324,-0.530,25.00,1,240.2,-589.2,0.12215,-318.1,62.1,-0.1263,-0.00766,OK
7.2471,7.1331,114.0,0,275.1,-580.7,0.1261,278.9,-586.2,0.1366,-379.9,-124.8,0.0000,-406.9,-43.6,0.0626,-409.2,5.8,0,0.0,0.0,0.0000,11.47,6.95,-8.76,-12.59,1,-0.1522,0.373,-1.510,25.00,1,237.2,-589.2,0.12092,-347.7,37.4,-0.1461,-0.00765,OK
7.2541,7.1331,121.0,0,275.1,-580.7,0.1261,278.9,-586.2,0.1366,-379.9,-124.8,0.0000,-407.7,-41.1,0.0661,-409.7,8.0,0,0.0,0.0,0.0000,10.60,8.63,-9.38,-12.79,1,-0.1011,1.598,0.912,24.00,1,234.6,-589.4,0.12006,-373.7,15.0,-0.0999,-0.00760,OK
7.2630,7.1331,129.9,0,275.1,-580.7,0.1261,278.9,-586.2,0.1366,-379.9,-124.8,0.0000,-407.9,-37.7,0.0702,-409.5,11.0,0,0.0,0.0,0.0000,11.20,9.60,-9.72,-12.38,1,-0.1433,-0.883,0.510,24.00,1,231.2,-589.7,0.11903,-391.0,12.0,-0.1307,-0.00764,OK
7.2710,7.1331,137.9,0,275.1,-580.7,0.1261,278.9,-586.2,0.1366,-379.9,-124.8,0.0000,-408.0,-34.3,0.0742,-409.2,14.0,0,0.0,0.0,0.0000,11.38,10.00,-9.24,-12.18,1,-0.1433,-0.883,0.510,24.00,1,228.1,-590.0,0.11803,-390.5,2.9,-0.1247,-0.00772,OK
7.2790,7.2429,36.1,0,235.0,-594.3,0.1151,236.3,-596.8,0.1366,-394.0,-68.1,0.0000,-406.4,-18.2,0.0912,-405.9,28.0,0,0.0,0.0,0.0000,11.70,10.60,-9.81,-12.44,1,-0.1856,-2.256,-0.510,25.00,1,223.9,-596.3,0.11377,-415.6,-27.9,-0.1679,-0.00757,OK
7.2859,7.2429,43.0,0,235.0,-594.3,0.1151,236.3,-596.8,0.1366,-394.0,-68.1,0.0000,-405.3,-5.8,0.0958,-403.4,39.8,0,0.0,0.0,0.0000,12.37,10.29,-10.27,-12.63,1,-0.1833,0.785,-1.010,25.00,1,221.1,-596.7,0.11263,-423.0,-11.9,-0.1666,-0.00764,OK
7.2946,7.2429,51.7,0,235.0,-594.3,0.1151,236.3,-596.8,0.1366,-394.0,-68.1,0.0000,-404.8,-1.2,0.1018,-402.5,43.7,0,0.0,0.0,0.0000,10.87,10.04,-10.37,-13.62,1,-0.1833,1.893,0.363,25.00,1,217.4,-597.3,0.11113,-417.5,-22.4,-0.1777,-0.00763,OK
7.3026,7.2429,59.7,0,235.0,-594.3,0.1151,236.3,-596.8,0.1366,-394.0,-68.1,0.0000,-404.7,3.1,0.1074,-401.9,47.4,0,0.0,0.0,0.0000,10.80,9.45,-9.82,-12.55,1,-0.1833,1.893,0.363,24.00,1,214.2,-597.8,0.10973,-397.3,-13.7,-0.1735,-0.00764,OK
7.3106,7.2429,67.7,0,235.0,-594.3,0.1151,236.3,-596.8,0.1366,-394.0,-68.1,0.0000,-404.5,7.0,0.1134,-401.4,50.7,0,0.0,0.0,0.0000,11.06,9.38,-9.70,-12.31,1,-0.2167,0.000,-0.588,24.00,1,211.1,-598.2,0.10824,-395.3,-10.0,-0.2023,-0.00769,OK
7.3181,7.2429,75.3,0,235.0,-594.3,0.1151,236.3,-596.8,0.1366,-394.0,-68.1,0.0000,-404.4,11.0,0.1194,-400.9,54.0,0,0.0,0.0,0.0000,10.86,9.58,-9.43,-12.52,1,-0.2133,-1.706,-1.226,25.00,1,208.1,-598.6,0.10672,-394.9,-17.2,-0.1993,-0.00774,OK
7.3271,7.2429,84.2,0,235.0,-594.3,0.1151,236.3,-596.8,0.1366,-394.0,-68.1,0.0000,-404.4,16.0,0.1258,-400.5,58.3,0,0.0,0.0,0.0000,11.13,9.33,-9.75,-12.60,1,-0.1656,-0.177,-0.127,25.00,1,204.6,-599.1,0.10514,-397.1,-4.0,-0.1554,-0.00776,OK
7.3339,7.2429,91.1,0,235.0,-594.3,0.1151,236.3,-596.8,0.1366,-394.0,-68.1,0.0000,-404.4,20.0,0.1299,-400.1,61.9,0,0.0,0.0,0.0000,11.75,9.52,-9.34,-12.85,1,-0.1656,-0.177,-0.127,25.00,1,201.9,-599.4,0.10410,-401.0,-8.4,-0.1509,-0.00781,OK
7.3429,7.2429,100.0,0,235.0,-594.3,0.1151,236.3,-596.8,0.1366,-394.0,-68.1,0.0000,-404.3,25.1,0.1347,-399.6,66.5,0,0.0,0.0,0.0000,11.18,9.93,-9.71,-12.40,1,-0.1311,0.834,0.020,24.00,1,198.4,-599.9,0.10290,-401.4,-6.3,-0.1188,-0.00784,OK
7.3509,7.2429,108.0,0,235.0,-594.3,0.1151,236.3,-596.8,0.1366,-394.0,-68.1,0.0000,-403.9,29.4,0.1382,-398.8,70.4,0,0.0,0.0,0.0000,12.68,9.71,-10.43,-12.07,1,-0.1211,0.118,-1.098,25.00,1,195.1,-600.1,0.10202,-413.3,21.8,-0.1042,-0.00791,OK
7.3587,7.2429,115.8,0,235.0,-594.3,0.1151,236.3,-596.8,0.1366,-394.0,-68.1,0.0000,-403.2,33.3,0.1411,-397.8,73.9,0,0.0,0.0,0.0000,11.42,9.93,-10.98,-11.66,1,-0.0878,0.990,1.598,25.00,1,191.9,-600.2,0.10131,-406.7,21.7,-0.0772,-0.00793,OK
7.3665,7.2429,123.6,0,235.0,-594.3,0.1151,236.3,-596.8,0.1366,-394.0,-68.1,0.0000,-402.6,37.0,0.1437,-396.9,77.3,0,0.0,0.0,0.0000,12.15,9.22,-10.87,-11.63,1,-0.1100,0.637,-2.971,25.00,1,188.7,-600.3,0.10065,-404.6,36.2,-0.0966,-0.00798,OK
7.3753,7.3527,22.6,0,193.8,-601.4,0.1099,192.6,-601.0,0.1366,-399.8,-9.8,0.0000,-410.9,49.3,0.1271,-403.5,92.0,0,0.0,0.0,0.0000,11.88,9.02,-9.75,-11.24,1,-0.1100,0.637,-2.971,24.00,1,188.3,-601.6,0.10480,-367.3,15.7,-0.0931,-0.00838,OK
7.3827,7.3527,30.0,0,193.8,-601.4,0.1099,192.6,-601.0,0.1366,-399.8,-9.8,0.0000,-411.3,53.5,0.1286,-403.4,96.0,0,0.0,0.0,0.0000,12.48,8.81,-9.72,-10.50,1,-0.0311,-2.952,-0.598,24.00,1,185.6,-601.7,0.10442,-362.9,31.1,-0.0125,-0.00846,OK
7.3899,7.3527,37.2,0,193.8,-601.4,0.1099,192.6,-601.0,0.1366,-399.8,-9.8,0.0000,-411.4,57.9,0.1279,-403.1,100.5,0,0.0,0.0,0.0000,13.05,9.43,-10.09,-10.88,1,0.0456,-1.000,0.157,25.00,1,182.9,-601.8,0.10461,-381.2,34.8,0.0620,-0.00853,OK
7.3988,7.3527,46.1,0,193.8,-601.4,0.1099,192.6,-601.0,0.1366,-399.8,-9.8,0.0000,-411.7,64.1,0.1248,-402.7,107.1,0,0.0,0.0,0.0000,12.86,9.32,-7.82,-10.69,1,0.0856,2.716,0.481,25.00,1,179.6,-602.0,0.10538,-352.4,0.6,0.1087,-0.00865,OK
7.4071,7.3527,54.4,0,193.8,-601.4,0.1099,192.6,-601.0,0.1366,-399.8,-9.8,0.0000,-412.2,70.3,0.1211,-402.4,113.7,0,0.0,0.0,0.0000,12.35,9.53,-7.18,-10.54,1,0.0856,2.716,0.481,25.00,1,176.8,-602.3,0.10631,-343.9,-13.6,0.1124,-0.00881,OK
7.4150,7.3527,62.3,0,193.8,-601.4,0.1099,192.6,-601.0,0.1366,-399.8,-9.8,0.0000,-412.4,75.7,0.1178,-401.9,119.4,0,0.0,0.0,0.0000,12.90,8.82,-9.54,-9.79,1,0.0700,-0.628,-0.059,25.00,1,174.0,-602.5,0.10714,-360.8,45.5,0.0923,-0.00892,OK
7.4227,7.3527,70.0,0,193.8,-601.4,0.1099,192.6,-601.0,0.1366,-399.8,-9.8,0.0000,-412.1,80.0,0.1149,-401.1,123.9,0,0.0,0.0,0.0000,13.46,8.93,-10.45,-10.31,1,0.0744,-2.432,-1.442,25.00,1,171.0,-602.4,0.10786,-380.9,59.7,0.0926,-0.00900,OK
7.4305,7.3527,77.8,0,193.8,-601.4,0.1099,192.6,-601.0,0.1366,-399.8,-9.8,0.0000,-411.6,84.5,0.1111,-400.0,128.7,0,0.0,0.0,0.0000,13.01,9.28,-10.82,-10.40,1,0.1356,0.118,-0.049,24.00,1,168.0,-602.2,0.10880,-387.0,60.4,0.1484,-0.00903,OK
7.4381,7.3527,85.4,0,193.8,-601.4,0.1099,192.6,-601.0,0.1366,-399.8,-9.8,0.0000,-410.7,89.1,0.1063,-398.5,133.6,0,0.0,0.0,0.0000,13.17,9.32,-11.78,-10.06,1,0.1533,2.569,-0.265,25.00,1,165.0,-602.0,0.11000,-394.1,77.9,0.1661,-0.00906,OK
7.4469,7.3527,94.2,0,193.8,-601.4,0.1099,192.6,-601.0,0.1366,-399.8,-9.8,0.0000,-409.9,94.6,0.1004,-396.8,139.6,0,0.0,0.0,0.0000,12.86,8.63,-10.59,-9.99,1,0.1533,2.569,-0.265,25.00,1,161.6,-601.7,0.11147,-375.4,69.7,0.1651,-0.00909,OK
7.4541,7.3527,101.4,0,193.8,-601.4,0.1099,192.6,-601.0,0.1366,-399.8,-9.8,0.0000,-409.4,99.4,0.0959,-395.6,144.8,0,0.0,0.0,0.0000,11.77,8.28,-10.20,-9.99,1,0.1467,-1.255,-0.088,24.00,1,158.9,-601.6,0.11261,-360.8,60.6,0.1526,-0.00906,OK
7.4620,7.3527,109.3,0,193.8,-601.4,0.1099,192.6,-601.0,0.1366,-399.8,-9.8,0.0000,-408.7,104.5,0.0904,-394.2,150.3,0,0.0,0.0,0.0000,13.36,7.94,-10.70,-8.93,1,0.1733,-2.658,-0.569,25.00,1,156.0,-601.2,0.11397,-363.7,93.0,0.1896,-0.00912,OK
7.4709,7.3527,118.2,0,193.8,-601.4,0.1099,192.6,-601.0,0.1366,-399.8,-9.8,0.0000,-408.1,109.5,0.0830,-392.7,155.9,0,0.0,0.0,0.0000,14.14,7.68,-10.71,-8.47,1,0.2000,-1.618,-1.432,24.00,1,152.7,-600.7,0.11582,-361.9,106.7,0.2202,-0.00922,OK
7.4791,7.4457,33.5,0,158.1,-601.0,0.1088,155.5,-599.6,0.1366,-398.0,39.9,0.0000,-403.8,112.1,0.0842,-388.2,157.9,0,0.0,0.0,0.0000,13.28,7.79,-11.36,-9.16,1,0.2000,-1.618,-1.432,24.00,1,148.4,-599.6,0.11554,-379.0,108.9,0.2099,-0.00909,OK
7.4865,7.4457,40.8,0,158.1,-601.0,0.1088,155.5,-599.6,0.1366,-398.0,39.9,0.0000,-402.5,116.1,0.0777,-386.2,162.3,0,0.0,0.0,0.0000,14.16,7.90,-11.48,-8.93,1,0.2122,-0.010,-1.706,27.00,1,145.5,-599.1,0.11715,-384.7,118.4,0.2277,-0.00915,OK
7.4947,7.4457,49.0,0,158.1,-601.0,0.1088,155.5,-599.6,0.1366,-398.0,39.9,0.0000,-401.2,120.7,0.0697,-384.0,167.6,0,0.0,0.0,0.0000,13.68,7.30,-11.15,-8.46,1,0.2433,1.128,1.393,26.00,1,142.3,-598.5,0.11914,-368.6,122.4,0.2551,-0.00917,OK
7.5021,7.4457,56.4,0,158.1,-601.0,0.1088,155.5,-599.6,0.1366,-398.0,39.9,0.0000,-400.3,124.9,0.0631,-382.3,172.3,0,0.0,0.0,0.0000,13.89,6.86,-11.39,-8.20,1,0.1767,-0.294,-1.461,25.00,1,139.5,-597.9,0.12080,-364.7,132.4,0.1932,-0.00923,OK
7.5109,7.4457,65.2,0,158.1,-601.0,0.1088,155.5,-599.6,0.1366,-398.0,39.9,0.0000,-399.2,129.5,0.0570,-380.4,177.3,0,0.0,0.0,0.0000,13.80,5.90,-11.78,-8.14,1,0.1433,-1.716,-1.893,24.00,1,136.2,-597.0,0.12232,-358.0,150.3,0.1525,-0.00923,OK
7.5187,7.4457,73.1,0,158.1,-601.0,0.1088,155.5,-599.6,0.1366,-398.0,39.9,0.0000,-398.3,133.3,0.0523,-378.8,181.3,0,0.0,0.0,0.0000,13.38,5.61,-11.64,-7.83,1,0.1433,-1.716,-1.893,25.00,1,133.3,-596.2,0.12351,-348.0,151.2,0.1509,-0.00922,OK
7.5261,7.4457,80.4,0,158.1,-601.0,0.1088,155.5,-599.6,0.1366,-398.0,39.9,0.0000,-397.3,136.8,0.0473,-377.2,185.2,0,0.0,0.0,0.0000,13.63,5.81,-12.46,-7.82,1,0.1867,-0.412,0.961,24.00,1,130.6,-595.3,0.12477,-359.2,162.6,0.1921,-0.00919,OK
7.5350,7.4457,89.4,0,158.1,-601.0,0.1088,155.5,-599.6,0.1366,-398.0,39.9,0.0000,-395.7,140.9,0.0405,-374.8,189.7,0,0.0,0.0,0.0000,13.81,6.06,-12.27,-7.46,1,0.1656,1.785,-1.589,25.00,1,127.2,-594.3,0.12645,-356.9,159.4,0.1813,-0.00924,OK
7.5430,7.4457,97.3,0,158.1,-601.0,0.1088,155.5,-599.6,0.1366,-398.0,39.9,0.0000,-394.6,144.7,0.0349,-372.9,193.9,0,0.0,0.0,0.0000,13.10,5.33,-11.87,-7.49,1,0.1722,1.020,-1.442,25.00,1,124.3,-593.4,0.12786,-342.0,159.8,0.1761,-0.00920,OK
7.5508,7.4457,105.2,0,158.1,-601.0,0.1088,155.5,-599.6,0.1366,-398.0,39.9,0.0000,-393.8,148.5,0.0292,-371.3,198.1,0,0.0,0.0,0.0000,13.39,5.26,-11.80,-6.97,1,0.1722,1.020,-1.442,24.00,1,121.5,-592.5,0.12927,-337.5,164.8,0.1836,-0.00922,OK
7.5589,7.4457,113.2,0,158.1,-601.0,0.1088,155.5,-599.6,0.1366,-398.0,39.9,0.0000,-392.8,152.7,0.0229,-369.5,202.6,0,0.0,0.0,0.0000,13.34,5.67,-11.96,-6.70,1,0.1856,-1.314,0.667,24.00,1,118.7,-591.5,0.13085,-338.7,162.4,0.2038,-0.00929,OK
7.5667,7.4457,121.0,0,158.1,-601.0,0.1088,155.5,-599.6,0.1366,-398.0,39.9,0.0000,-391.6,156.6,0.0168,-367.6,206.9,0,0.0,0.0,0.0000,13.70,5.25,-12.13,-6.19,1,0.1533,-2.756,0.941,26.00,1,115.9,-590.5,0.13237,-332.6,174.6,0.1799,-0.00944,OK
7.5745,7.4457,128.8,0,158.1,-601.0,0.1088,155.5,-599.6,0.1366,-398.0,39.9,0.0000,-390.3,160.1,0.0123,-365.5,210.7,0,0.0,0.0,0.0000,13.73,4.96,-13.31,-6.62,1,0.0922,-0.206,-2.913,26.00,1,113.1,-589.5,0.13351,-345.1,188.5,0.1130,-0.00953,OK
7.5821,7.5555,26.5,0,118.4,-594.5,0.1285,112.3,-592.1,0.1366,-387.8,97.6,0.0000,-397.2,167.1,0.0166,-371.7,218.1,0,0.0,0.0,0.0000,14.33,4.55,-13.12,-6.50,1,0.0889,1.030,1.128,25.00,1,111.9,-592.4,0.13242,-336.5,171.8,0.1070,-0.00942,OK
7.5905,7.5555,35.0,0,118.4,-594.5,0.1285,112.3,-592.1,0.1366,-387.8,97.6,0.0000,-396.1,171.4,0.0131,-369.8,222.6,0,0.0,0.0,0.0000,13.30,4.44,-13.26,-6.52,1,0.0889,1.030,1.128,24.00,1,109.0,-591.4,0.13330,-329.8,168.0,0.1014,-0.00944,OK
7.5988,7.5555,43.3,0,118.4,-594.5,0.1285,112.3,-592.1,0.1366,-387.8,97.6,0.0000,-395.2,175.3,0.0101,-368.2,226.5,0,0.0,0.0,0.0000,13.63,3.81,-12.58,-6.07,1,0.0611,0.333,-0.235,25.00,1,106.1,-590.3,0.13405,-316.6,175.9,0.0773,-0.00950,OK
7.6064,7.5555,50.8,0,118.4,-594.5,0.1285,112.3,-592.1,0.1366,-387.8,97.6,0.0000,-394.5,178.6,0.0086,-367.0,229.9,0,0.0,0.0,0.0000,13.07,3.25,-13.16,-6.06,1,0.0156,1.167,-3.030,25.00,1,103.6,-589.3,0.13444,-312.5,186.5,0.0260,-0.00950,OK
7.6149,7.5555,59.3,0,118.4,-594.5,0.1285,112.3,-592.1,0.1366,-387.8,97.6,0.0000,-394.4,182.8,0.0083,-366.3,234.0,0,0.0,0.0,0.0000,9.21,2.49,-12.37,-5.94,1,0.0389,-0.098,0.932,25.00,1,101.0,-588.2,0.13451,-259.0,147.8,-0.0004,-0.00922,OK
7.6226,7.5555,67.1,0,118.4,-594.5,0.1285,112.3,-592.1,0.1366,-387.8,97.6,0.0000,-394.7,187.3,0.0079,-366.0,238.5,0,0.0,0.0,0.0000,9.47,3.38,-12.31,-5.85,1,0.0389,-0.098,0.932,25.00,1,98.8,-587.4,0.13461,-269.7,136.7,0.0295,-0.00907,OK
7.6303,7.5555,74.8,0,118.4,-594.5,0.1285,112.3,-592.1,0.1366,-387.8,97.6,0.0000,-394.4,191.3,0.0065,-365.0,242.6,0,0.0,0.0,0.0000,12.50,3.27,-13.65,-5.20,1,0.0400,-1.471,1.059,24.00,1,96.5,-586.4,0.13496,-301.4,191.0,0.0597,-0.00916,OK
7.6390,7.5555,83.5,0,118.4,-594.5,0.1285,112.3,-592.1,0.1366,-387.8,97.6,0.0000,-393.0,195.1,0.0045,-363.1,246.4,0,0.0,0.0,0.0000,14.46,3.21,-14.37,-5.81,1,0.0344,-0.883,-2.050,24.00,1,93.4,-585.0,0.13546,-330.7,220.6,0.0519,-0.00923,OK
7.6469,7.5555,91.3,0,118.4,-594.5,0.1285,112.3,-592.1,0.1366,-387.8,97.6,0.0000,-391.2,198.0,0.0028,-360.8,249.1,0,0.0,0.0,0.0000,14.40,3.09,-14.39,-6.17,1,0.0478,1.491,-0.696,25.00,1,90.6,-583.6,0.13588,-334.4,225.2,0.0556,-0.00922,OK
7.6553,7.5555,99.8,0,118.4,-594.5,0.1285,112.3,-592.1,0.1366,-387.8,97.6,0.0000,-389.3,201.0,0.0007,-358.3,252.1,0,0.0,0.0,0.0000,13.96,2.85,-15.24,-5.85,1,0.0611,1.294,-0.579,25.00,1,87.6,-582.0,0.13639,-331.8,235.3,0.0665,-0.00919,OK
7.6631,7.5555,107.6,0,118.4,-594.5,0.1285,112.3,-592.1,0.1366,-387.8,97.6,0.0000,-387.4,203.7,-0.0015,-356.0,254.7,0,0.0,0.0,0.0000,14.39,2.88,-14.88,-5.55,1,0.0611,1.294,-0.579,25.00,1,84.8,-580.5,0.13695,-329.7,236.9,0.0748,-0.00922,OK
7.6709,7.5555,115.4,0,118.4,-594.5,0.1285,112.3,-592.1,0.1366,-387.8,97.6,0.0000,-385.6,206.7,-0.0036,-353.6,257.5,0,0.0,0.0,0.0000,14.55,2.77,-14.58,-5.47,1,0.0411,-1.393,0.147,25.00,1,82.0,-579.0,0.13748,-326.8,237.5,0.0580,-0.00928,OK
7.6784,7.5555,122.9,0,118.4,-594.5,0.1285,112.3,-592.1,0.1366,-387.8,97.6,0.0000,-383.7,209.7,-0.0056,-351.2,260.5,0,0.0,0.0,0.0000,14.63,2.70,-14.62,-5.24,1,0.0556,-1.814,-0.647,24.00,1,79.3,-577.6,0.13798,-324.5,241.7,0.0745,-0.00936,OK
7.6868,7.6569,29.9,0,82.9,-579.1,0.1282,73.7,-579.6,0.1366,-371.3,148.8,0.0000,-378.3,207.4,0.0114,-347.3,256.0,0,0.0,0.0,0.0000,14.66,2.90,-15.40,-5.30,1,0.0800,0.922,-2.805,24.00,1,74.9,-574.6,0.13373,-341.1,256.5,0.0985,-0.00911,OK
7.6940,7.6569,37.1,0,82.9,-579.1,0.1282,73.7,-579.6,0.1366,-371.3,148.8,0.0000,-375.9,209.8,0.0087,-344.4,258.3,0,0.0,0.0,0.0000,15.22,2.30,-14.82,-5.49,1,0.0800,0.922,-2.805,25.00,1,72.2,-573.1,0.13440,-339.7,269.8,0.0863,-0.00909,OK
7.7024,7.6569,45.5,0,82.9,-579.1,0.1282,73.7,-579.6,0.1366,-371.3,148.8,0.0000,-373.0,212.6,0.0048,-340.9,261.0,0,0.0,0.0,0.0000,15.16,2.41,-14.71,-4.94,1,0.1322,1.697,1.255,25.00,1,69.1,-571.2,0.13537,-332.7,268.5,0.1449,-0.00912,OK
7.7107,7.6569,53.8,0,82.9,-579.1,0.1282,73.7,-579.6,0.1366,-371.3,148.8,0.0000,-370.4,215.3,0.0005,-337.7,263.7,0,0.0,0.0,0.0000,14.84,2.29,-15.33,-4.78,1,0.0967,0.382,0.059,25.00,1,66.1,-569.4,0.13645,-330.6,271.2,0.1147,-0.00919,OK
7.7183,7.6569,61.4,0,82.9,-579.1,0.1282,73.7,-579.6,0.1366,-371.3,148.8,0.0000,-368.2,217.8,-0.0023,-335.0,266.1,0,0.0,0.0,0.0000,15.73,1.57,-13.92,-4.40,1,0.0400,-1.932,-0.922,25.00,1,63.4,-567.6,0.13714,-313.9,274.4,0.0640,-0.00931,OK
7.7268,7.6569,69.9,0,82.9,-579.1,0.1282,73.7,-579.6,0.1366,-371.3,148.8,0.0000,-365.7,220.3,-0.0041,-332.1,268.3,0,0.0,0.0,0.0000,15.68,1.12,-14.34,-4.71,1,0.0400,-1.932,-0.922,25.00,1,60.4,-565.6,0.13760,-319.1,290.8,0.0456,-0.00928,OK
7.7345,7.6569,77.6,0,82.9,-579.1,0.1282,73.7,-579.6,0.1366,-371.3,148.8,0.0000,-363.0,222.4,-0.0060,-329.0,270.2,0,0.0,0.0,0.0000,15.65,1.40,-16.12,-4.65,1,0.0622,-1.402,3.109,25.00,1,57.6,-563.7,0.13807,-334.5,304.2,0.0735,-0.00930,OK
7.7421,7.6569,85.1,0,82.9,-579.1,0.1282,73.7,-579.6,0.1366,-371.3,148.8,0.0000,-360.3,224.5,-0.0076,-325.8,272.1,0,0.0,0.0,0.0000,16.17,1.56,-14.86,-4.62,1,0.0067,0.971,-4.511,24.00,1,54.8,-561.8,0.13848,-326.2,287.6,0.0327,-0.00943,OK
7.7509,7.6569,94.0,0,82.9,-579.1,0.1282,73.7,-579.6,0.1366,-371.3,148.8,0.0000,-357.0,227.2,-0.0096,-322.1,274.5,0,0.0,0.0,0.0000,15.39,1.68,-15.32,-4.71,1,0.0622,0.000,-0.265,24.00,1,51.6,-559.7,0.13897,-328.2,288.5,0.0766,-0.00947,OK
7.7584,7.6569,101.5,0,82.9,-579.1,0.1282,73.7,-579.6,0.1366,-371.3,148.8,0.0000,-354.2,229.6,-0.0127,-318.7,276.7,0,0.0,0.0,0.0000,14.82,1.70,-15.40,-4.36,1,0.1133,-1.412,1.608,25.00,1,48.9,-557.9,0.13974,-320.5,286.1,0.1262,-0.00950,OK
7.7660,7.6569,109.1,0,82.9,-579.1,0.1282,73.7,-579.6,0.1366,-371.3,148.8,0.0000,-351.3,232.1,-0.0164,-315.3,279.1,0,0.0,0.0,0.0000,15.46,1.36,-14.57,-4.32,1,0.1133,-1.412,1.608,25.00,1,46.2,-556.1,0.14068,-316.5,291.9,0.1222,-0.00949,OK
7.7747,7.6569,117.8,0,82.9,-579.1,0.1282,73.7,-579.6,0.1366,-371.3,148.8,0.0000,-347.8,234.8,-0.0210,-311.1,281.6,0,0.0,0.0,0.0000,15.90,1.29,-15.10,-4.36,1,0.1378,-0.226,-1.285,25.00,1,43.0,-553.9,0.14184,-324.8,305.6,0.1426,-0.00946,OK
7.7825,7.6569,125.6,0,82.9,-579.1,0.1282,73.7,-579.6,0.1366,-371.3,148.8,0.0000,-344.4,237.1,-0.0260,-307.1,283.8,0,0.0,0.0,0.0000,15.94,1.17,-15.63,-4.15,1,0.1811,-0.255,-0.206,24.00,1,40.2,-551.8,0.14309,-327.2,317.4,0.1819,-0.00939,OK
7.7905,7.7583,32.2,0,45.7,-558.2,0.1420,37.2,-562.0,0.1366,-347.8,197.2,0.0000,-342.2,243.2,-0.0348,-303.4,290.2,0,0.0,0.0,0.0000,15.98,1.47,-16.65,-4.32,1,0.1733,1.598,-0.088,25.00,1,36.8,-552.3,0.14527,-342.7,304.3,0.1805,-0.00943,OK
7.7997,7.7583,41.4,0,45.7,-558.2,0.1420,37.2,-562.0,0.1366,-347.8,197.2,0.0000,-337.6,246.5,-0.0411,-297.9,293.3,0,0.0,0.0,0.0000,15.37,0.79,-15.60,-3.73,1,0.1644,-0.284,1.334,25.00,1,33.4,-550.0,0.14686,-318.4,303.4,0.1671,-0.00938,OK
7.8061,7.7583,47.8,0,45.7,-558.2,0.1420,37.2,-562.0,0.1366,-347.8,197.2,0.0000,-334.6,248.7,-0.0454,-294.3,295.3,0,0.0,0.0,0.0000,15.98,0.72,-15.40,-3.64,1,0.1644,-0.284,1.334,25.00,1,31.1,-548.4,0.14794,-319.3,309.2,0.1705,-0.00935,OK
7.8140,7.7583,55.7,0,45.7,-558.2,0.1420,37.2,-562.0,0.1366,-347.8,197.2,0.0000,-330.8,251.4,-0.0502,-289.8,297.8,0,0.0,0.0,0.0000,15.96,0.81,-15.63,-3.56,1,0.1089,-1.765,-0.451,25.00,1,28.2,-546.4,0.14912,-316.6,304.3,0.1289,-0.00943,OK
7.8224,7.7583,64.2,0,45.7,-558.2,0.1420,37.2,-562.0,0.1366,-347.8,197.2,0.0000,-327.1,254.4,-0.0542,-285.4,300.4,0,0.0,0.0,0.0000,16.17,0.91,-15.66,-3.79,1,0.0867,0.284,0.431,24.00,1,25.2,-544.2,0.15013,-321.1,304.4,0.1074,-0.00952,OK
7.8302,7.7583,71.9,0,45.7,-558.2,0.1420,37.2,-562.0,0.1366,-347.8,197.2,0.0000,-323.7,257.0,-0.0569,-281.4,302.8,0,0.0,0.0,0.0000,16.24,0.51,-15.65,-3.45,1,0.0311,0.275,-0.922,24.00,1,22.4,-542.2,0.15080,-311.4,308.1,0.0614,-0.00968,OK
7.8387,7.7583,80.4,0,45.7,-558.2,0.1420,37.2,-562.0,0.1366,-347.8,197.2,0.0000,-320.0,259.7,-0.0584,-277.2,305.0,0,0.0,0.0,0.0000,14.64,-0.21,-15.65,-3.55,1,0.0311,0.275,-0.922,24.00,1,19.5,-540.0,0.15118,-300.1,314.1,0.0304,-0.00960,OK
7.8468,7.7583,88.6,0,45.7,-558.2,0.1420,37.2,-562.0,0.1366,-347.8,197.2,0.0000,-316.5,262.4,-0.0592,-273.3,307.1,0,0.0,0.0,0.0000,15.59,-0.07,-15.41,-3.21,1,-0.0089,-2.295,-1.010,25.00,1,16.7,-537.8,0.15138,-297.3,311.8,0.0165,-0.00972,OK
7.8541,7.7583,95.8,0,45.7,-558.2,0.1420,37.2,-562.0,0.1366,-347.8,197.2,0.0000,-313.2,264.6,-0.0604,-269.6,308.9,0,0.0,0.0,0.0000,15.61,-0.11,-15.23,-3.12,1,0.0456,-2.736,1.089,25.00,1,14.2,-535.9,0.15168,-296.7,316.6,0.0623,-0.00978,OK
7.8630,7.7583,104.7,0,45.7,-558.2,0.1420,37.2,-562.0,0.1366,-347.8,197.2,0.0000,-309.2,267.5,-0.0622,-265.1,311.2,0,0.0,0.0,0.0000,14.52,-0.47,-14.85,-3.46,1,0.0578,1.020,-1.157,25.00,1,11.2,-533.5,0.15213,-291.1,316.1,0.0456,-0.00960,OK
7.8709,7.7583,112.6,0,45.7,-558.2,0.1420,37.2,-562.0,0.1366,-347.8,197.2,0.0000,-306.2,270.2,-0.0634,-261.6,313.6,0,0.0,0.0,0.0000,14.29,-0.50,-12.75,-3.47,1,0.0578,1.020,-1.157,24.00,1,8.7,-531.5,0.15244,-270.2,291.3,0.0398,-0.00939,OK
7.8786,7.7583,120.3,0,45.7,-558.2,0.1420,37.2,-562.0,0.1366,-347.8,197.2,0.0000,-303.2,272.9,-0.0649,-258.1,315.9,0,0.0,0.0,0.0000,14.80,-0.61,-13.87,-2.73,1,0.0500,1.138,1.697,24.00,1,6.3,-529.5,0.15281,-271.9,308.3,0.0560,-0.00937,OK
7.8867,7.8512,35.5,0,13.1,-534.8,0.1574,6.1,-541.7,0.1366,-320.7,239.0,0.0000,-305.3,272.8,-0.0783,-259.2,316.9,0,0.0,0.0,0.0000,14.99,-0.71,-15.03,-2.58,1,-0.0089,0.000,-0.078,25.00,1,4.4,-527.7,0.15617,-271.3,316.4,0.0146,-0.00966,OK
7.8942,7.8512,42.9,0,13.1,-534.8,0.1574,6.1,-541.7,0.1366,-320.7,239.0,0.0000,-302.4,275.0,-0.0782,-255.9,318.6,0,0.0,0.0,0.0000,14.93,-1.57,-15.09,-2.11,1,-0.0422,-2.148,-1.040,25.00,1,2.1,-525.6,0.15614,-260.3,333.0,-0.0235,-0.00973,OK
7.9028,7.8512,51.5,0,13.1,-534.8,0.1574,6.1,-541.7,0.1366,-320.7,239.0,0.0000,-299.0,277.6,-0.0771,-252.3,320.6,0,0.0,0.0,0.0000,13.75,-1.35,-14.92,-1.96,1,-0.0733,-3.128,1.177,25.00,1,-0.5,-523.2,0.15587,-246.3,312.6,-0.0432,-0.00988,OK
7.9100,7.8512,58.7,0,13.1,-534.8,0.1574,6.1,-541.7,0.1366,-320.7,239.0,0.0000,-296.1,279.9,-0.0758,-249.1,322.4,0,0.0,0.0,0.0000,14.11,-1.42,-15.39,-2.21,1,-0.0733,-3.128,1.177,25.00,1,-2.7,-521.2,0.15553,-256.9,323.7,-0.0514,-0.00998,OK
7.9184,7.8512,67.1,0,13.1,-534.8,0.1574,6.1,-541.7,0.1366,-320.7,239.0,0.0000,-292.5,281.9,-0.0731,-245.5,323.6,0,0.0,0.0,0.0000,15.13,-1.89,-15.82,-2.65,1,-0.1211,0.834,0.039,26.00,1,-5.3,-518.7,0.15485,-273.2,348.0,-0.1117,-0.00997,OK
7.9259,7.8512,74.6,0,13.1,-534.8,0.1574,6.1,-541.7,0.1366,-320.7,239.0,0.0000,-289.2,283.6,-0.0689,-242.3,324.5,0,0.0,0.0,0.0000,14.85,-2.08,-15.48,-2.85,1,-0.1644,2.197,-1.726,25.00,1,-7.7,-516.5,0.15381,-270.1,344.5,-0.1605,-0.00992,OK
7.9347,7.8512,83.5,0,13.1,-534.8,0.1574,6.1,-541.7,0.1366,-320.7,239.0,0.0000,-286.3,285.6,-0.0632,-239.7,325.7,0,0.0,0.0,0.0000,13.28,-2.43,-14.45,-1.95,1,-0.1800,-1.206,1.157,25.00,1,-10.3,-513.9,0.15237,-234.0,323.5,-0.1666,-0.00995,OK
7.9428,7.8512,91.6,0,13.1,-534.8,0.1574,6.1,-541.7,0.1366,-320.7,239.0,0.0000,-284.2,287.6,-0.0586,-237.7,327.2,0,0.0,0.0,0.0000,12.98,-2.54,-14.55,-0.81,1,-0.1800,-1.206,1.157,25.00,1,-12.5,-511.6,0.15122,-209.6,322.2,-0.1286,-0.01023,OK
7.9507,7.8512,99.5,0,13.1,-534.8,0.1574,6.1,-541.7,0.1366,-320.7,239.0,0.0000,-282.0,289.7,-0.0549,-235.4,328.6,0,0.0,0.0,0.0000,13.43,-2.65,-14.63,-0.46,1,-0.2056,-2.991,0.147,25.00,1,-14.5,-509.3,0.15031,-205.7,329.4,-0.1160,-0.01060,OK
7.9582,7.8512,107.0,0,13.1,-534.8,0.1574,6.1,-541.7,0.1366,-320.7,239.0,0.0000,-279.5,291.5,-0.0508,-233.1,329.9,0,0.0,0.0,0.0000,13.48,-2.85,-14.97,-1.03,1,-0.1978,-0.824,0.147,25.00,1,-16.5,-507.0,0.14929,-219.2,337.9,-0.1601,-0.01080,OK
7.9667,7.8512,115.5,0,13.1,-534.8,0.1574,6.1,-541.7,0.1366,-320.7,239.0,0.0000,-276.3,293.2,-0.0454,-230.1,330.8,0,0.0,0.0,0.0000,13.85,-3.35,-15.32,-1.26,1,-0.1722,1.687,0.049,25.00,1,-18.8,-504.4,0.14792,-231.0,358.1,-0.1608,-0.01080,OK
7.9745,7.8512,123.3,0,13.1,-534.8,0.1574,6.1,-541.7,0.1366,-320.7,239.0,0.0000,-273.4,294.8,-0.0404,-227.4,331.5,0,0.0,0.0,0.0000,13.76,-3.75,-14.61,-0.88,1,-0.1733,-0.706,-1.265,25.00,1,-20.9,-501.9,0.14667,-218.1,357.9,-0.1625,-0.01080,OK
7.9822,7.8512,130.9,0,13.1,-534.8,0.1574,6.1,-541.7,0.1366,-320.7,239.0,0.0000,-271.4,296.6,-0.0359,-225.5,332.9,0,0.0,0.0,0.0000,12.68,-3.20,-13.16,-0.29,1,-0.1733,-0.706,-1.265,25.00,1,-22.8,-499.6,0.14557,-188.2,322.5,-0.1343,-0.01101,OK
7.9906,7.9530,37.6,0,-19.5,-505.9,0.1602,-24.8,-515.3,0.1366,-285.4,280.3,0.0000,-259.3,298.8,-0.0591,-211.3,334.5,0,0.0,0.0,0.0000,12.54,-2.88,-14.61,1.14,1,-0.1111,-2.795,1.785,25.00,1,-27.6,-496.7,0.15136,-189.6,338.7,0.0157,-0.01177,OK
7.9981,7.9530,45.2,0,-19.5,-505.9,0.1602,-24.8,-515.3,0.1366,-285.4,280.3,0.0000,-257.0,301.0,-0.0609,-208.5,336.4,0,0.0,0.0,0.0000,12.12,-2.63,-14.10,1.62,1,-0.0733,-1.000,0.539,24.00,1,-29.4,-494.4,0.15181,-178.3,327.9,0.0917,-0.01225,OK
8.0065,7.9530,53.5,0,-19.5,-505.9,0.1602,-24.8,-515.3,0.1366,-285.4,280.3,0.0000,-254.0,303.5,-0.0624,-205.0,338.5,0,0.0,0.0,0.0000,12.87,-2.92,-14.38,0.25,1,-0.0500,0.853,-1.383,25.00,1,-31.4,-491.9,0.15218,-205.7,342.0,-0.0068,-0.01249,OK
8.0148,7.9530,61.9,0,-19.5,-505.9,0.1602,-24.8,-515.3,0.1366,-285.4,280.3,0.0000,-250.2,306.1,-0.0618,-201.0,340.4,0,0.0,0.0,0.0000,12.64,-3.06,-14.34,-0.28,1,-0.0500,0.853,-1.383,25.00,1,-33.6,-489.3,0.15203,-213.7,342.6,-0.0300,-0.01254,OK
8.0229,7.9530,69.9,0,-19.5,-505.9,0.1602,-24.8,-515.3,0.1366,-285.4,280.3,0.0000,-246.6,308.7,-0.0618,-197.0,342.5,0,0.0,0.0,0.0000,12.64,-3.13,-13.33,0.24,1,0.0022,0.471,-0.078,25.00,1,-35.6,-486.9,0.15202,-198.9,337.2,0.0256,-0.01263,OK
8.0307,7.9530,77.8,0,-19.5,-505.9,0.1602,-24.8,-515.3,0.1366,-285.4,280.3,0.0000,-243.3,311.3,-0.0632,-193.3,344.6,0,0.0,0.0,0.0000,11.81,-3.31,-12.91,0.84,1,0.0400,-0.127,0.608,25.00,1,-37.5,-484.5,0.15238,-179.8,330.5,0.0634,-0.01271,OK
8.0387,7.9530,85.7,0,-19.5,-505.9,0.1602,-24.8,-515.3,0.1366,-285.4,280.3,0.0000,-240.1,314.0,-0.0655,-189.4,346.9,0,0.0,0.0,0.0000,12.85,-3.20,-12.48,1.15,1,0.0278,-1.598,0.010,25.00,1,-39.3,-482.1,0.15296,-176.6,333.4,0.0738,-0.01296,OK
8.0465,7.9530,93.6,0,-19.5,-505.9,0.1602,-24.8,-515.3,0.1366,-285.4,280.3,0.0000,-237.2,316.3,-0.0681,-186.0,348.8,0,0.0,0.0,0.0000,12.77,-3.22,-13.07,1.16,1,0.0422,-3.011,0.196,24.00,1,-41.1,-479.7,0.15362,-180.2,340.1,0.0852,-0.01319,OK
8.0547,7.9530,101.7,0,-19.5,-505.9,0.1602,-24.8,-515.3,0.1366,-285.4,280.3,0.0000,-234.5,319.4,-0.0707,-182.7,351.7,0,0.0,0.0,0.0000,9.28,-2.81,-13.35,1.17,1,0.0422,-3.011,0.196,25.00,1,-42.7,-477.4,0.15424,-150.4,291.4,0.0662,-0.01327,OK
8.0624,7.9530,109.4,0,-19.5,-505.9,0.1602,-24.8,-515.3,0.1366,-285.4,280.3,0.0000,-231.9,322.7,-0.0733,-179.3,354.6,0,0.0,0.0,0.0000,9.07,-3.15,-13.75,0.92,1,0.1100,0.010,0.431,25.00,1,-44.3,-475.4,0.15489,-154.7,297.0,0.1061,-0.01315,OK
8.0707,7.9530,117.7,0,-19.5,-505.9,0.1602,-24.8,-515.3,0.1366,-285.4,280.3,0.0000,-228.5,326.0,-0.0776,-175.1,357.5,0,0.0,0.0,0.0000,10.16,-3.61,-13.63,1.10,1,0.1889,2.393,0.441,24.00,1,-46.0,-473.0,0.15598,-165.5,324.4,0.1659,-0.01288,OK
8.0782,7.9530,125.2,0,-19.5,-505.9,0.1602,-24.8,-515.3,0.1366,-285.4,280.3,0.0000,-225.0,328.4,-0.0830,-170.7,359.6,0,0.0,0.0,0.0000,11.34,-4.38,-12.82,2.08,1,0.2022,0.118,-1.579,25.00,1,-47.6,-470.6,0.15734,-154.6,350.8,0.1997,-0.01276,OK
8.0869,7.9530,134.0,0,-19.5,-505.9,0.1602,-24.8,-515.3,0.1366,-285.4,280.3,0.0000,-221.1,331.1,-0.0903,-165.8,362.0,0,0.0,0.0,0.0000,11.23,-4.78,-12.23,3.04,1,0.2022,0.118,-1.579,25.00,1,-49.2,-467.7,0.15915,-132.1,354.5,0.2146,-0.01276,OK
8.0951,8.0625,32.6,0,-47.2,-473.9,0.1505,-53.7,-482.4,0.1366,-241.4,318.8,0.0000,-210.9,338.6,-0.0867,-155.0,367.6,0,0.0,0.0,0.0000,11.91,-3.66,-11.58,3.82,1,0.2189,-2.628,0.265,25.00,1,-52.3,-466.2,0.15825,-138.1,334.4,0.2893,-0.01294,OK
8.1027,8.0625,40.1,0,-47.2,-473.9,0.1505,-53.7,-482.4,0.1366,-241.4,318.8,0.0000,-207.1,341.3,-0.0959,-149.9,370.0,0,0.0,0.0,0.0000,12.77,-3.35,-13.14,3.33,1,0.2422,-1.902,2.285,25.00,1,-53.8,-463.8,0.16056,-161.5,351.4,0.3127,-0.01325,OK
8.1099,8.0625,47.4,0,-47.2,-473.9,0.1505,-53.7,-482.4,0.1366,-241.4,318.8,0.0000,-203.3,343.7,-0.1038,-145.0,372.1,0,0.0,0.0,0.0000,11.86,-3.70,-13.24,2.27,1,0.2122,0.461,-0.422,25.00,1,-55.4,-461.5,0.16253,-166.7,346.5,0.2346,-0.01332,OK
8.1182,8.0625,55.7,0,-47.2,-473.9,0.1505,-53.7,-482.4,0.1366,-241.4,318.8,0.0000,-198.7,346.4,-0.1114,-139.3,374.3,0,0.0,0.0,0.0000,12.03,-4.12,-13.19,2.26,1,0.2111,0.794,-1.334,25.00,1,-57.3,-458.9,0.16443,-166.2,355.6,0.2237,-0.01331,OK
8.1264,8.0625,63.9,0,-47.2,-473.9,0.1505,-53.7,-482.4,0.1366,-241.4,318.8,0.0000,-193.9,349.1,-0.1188,-133.5,376.4,0,0.0,0.0,0.0000,11.50,-3.97,-12.33,2.31,1,0.2111,0.794,-1.334,24.00,1,-59.0,-456.3,0.16627,-154.8,339.4,0.2252,-0.01331,OK
8.1340,8.0625,71.4,0,-47.2,-473.9,0.1505,-53.7,-482.4,0.1366,-241.4,318.8,0.0000,-189.8,351.8,-0.1262,-128.3,378.6,0,0.0,0.0,0.0000,10.69,-4.35,-11.77,3.16,1,0.2467,-1.559,0.559,25.00,1,-60.5,-454.0,0.16812,-130.1,335.7,0.2609,-0.01332,OK
8.1424,8.0625,79.9,0,-47.2,-473.9,0.1505,-53.7,-482.4,0.1366,-241.4,318.8,0.0000,-185.5,354.9,-0.1354,-122.6,381.2,0,0.0,0.0,0.0000,10.87,-4.11,-11.88,3.42,1,0.2567,-1.177,0.382,25.00,1,-62.0,-451.4,0.17042,-128.9,336.6,0.2820,-0.01342,OK
8.1501,8.0625,87.5,0,-47.2,-473.9,0.1505,-53.7,-482.4,0.1366,-241.4,318.8,0.0000,-181.5,357.6,-0.1436,-117.5,383.4,0,0.0,0.0,0.0000,10.78,-4.55,-12.20,3.47,1,0.2389,-0.294,-0.706,24.00,1,-63.4,-448.9,0.17248,-126.1,345.5,0.2572,-0.01345,OK
8.1589,8.0625,96.3,0,-47.2,-473.9,0.1505,-53.7,-482.4,0.1366,-241.4,318.8,0.0000,-176.8,360.6,-0.1526,-111.4,385.9,0,0.0,0.0,0.0000,11.21,-4.31,-11.10,2.86,1,0.2389,-0.294,-0.706,24.00,1,-65.1,-446.2,0.17473,-131.3,332.7,0.2533,-0.01346,OK
8.1666,8.0625,104.1,0,-47.2,-473.9,0.1505,-53.7,-482.4,0.1366,-241.4,318.8,0.0000,-172.7,363.4,-0.1600,-106.2,388.1,0,0.0,0.0,0.0000,10.78,-4.96,-10.95,2.93,1,0.2200,0.549,1.706,25.00,1,-66.5,-443.8,0.17657,-122.2,335.2,0.2228,-0.01338,OK
8.1746,8.0625,112.1,0,-47.2,-473.9,0.1505,-53.7,-482.4,0.1366,-241.4,318.8,0.0000,-168.6,365.7,-0.1661,-101.2,389.8,0,0.0,0.0,0.0000,10.95,-5.62,-11.25,3.38,1,0.1533,-0.422,-0.461,25.00,1,-67.9,-441.3,0.17810,-113.4,350.4,0.1643,-0.01336,OK
8.1822,8.0625,119.6,0,-47.2,-473.9,0.1505,-53.7,-482.4,0.1366,-241.4,318.8,0.0000,-164.8,367.8,-0.1704,-96.6,391.3,0,0.0,0.0,0.0000,10.93,-5.64,-11.56,3.41,1,0.1022,-0.343,-0.069,25.00,1,-69.2,-438.8,0.17918,-112.7,353.7,0.1194,-0.01338,OK
8.1911,8.0625,128.6,0,-47.2,-473.9,0.1505,-53.7,-482.4,0.1366,-241.4,318.8,0.0000,-160.2,370.2,-0.1745,-91.2,392.9,0,0.0,0.0,0.0000,10.49,-5.50,-12.18,3.41,1,0.0911,-1.471,0.088,25.00,1,-70.7,-435.9,0.18020,-112.7,353.4,0.1077,-0.01341,OK
8.1985,8.1554,43.1,0,-67.3,-445.8,0.1747,-74.2,-451.5,0.1366,-200.6,345.9,0.0000,-160.1,372.3,-0.1754,-90.7,395.0,0,0.0,0.0,0.0000,9.93,-4.84,-11.46,3.29,1,0.0911,-1.471,0.088,25.00,1,-73.8,-434.8,0.18044,-118.4,324.9,0.1151,-0.01346,OK
8.2063,8.1554,51.0,0,-67.3,-445.8,0.1747,-74.2,-451.5,0.1366,-200.6,345.9,0.0000,-155.8,375.2,-0.1787,-85.6,397.1,0,0.0,0.0,0.0000,10.14,-5.28,-11.25,3.40,1,0.0644,-1.412,0.618,25.00,1,-75.2,-432.4,0.18124,-113.3,332.1,0.0879,-0.01353,OK
8.2141,8.1554,58.7,0,-67.3,-445.8,0.1747,-74.2,-451.5,0.1366,-200.6,345.9,0.0000,-151.6,377.7,-0.1812,-80.8,398.9,0,0.0,0.0,0.0000,9.99,-6.36,-11.98,3.92,1,0.0678,-0.294,-0.549,24.00,1,-76.5,-429.9,0.18189,-103.6,355.5,0.0788,-0.01351,OK
8.2225,8.1554,67.1,0,-67.3,-445.8,0.1747,-74.2,-451.5,0.1366,-200.6,345.9,0.0000,-147.5,380.0,-0.1833,-76.2,400.4,0,0.0,0.0,0.0000,9.55,-6.39,-11.84,3.78,1,0.0333,-0.765,-0.628,25.00,1,-77.8,-427.2,0.18239,-98.4,348.0,0.0429,-0.01348,OK
8.2310,8.1554,75.6,0,-67.3,-445.8,0.1747,-74.2,-451.5,0.1366,-200.6,345.9,0.0000,-143.4,382.4,-0.1846,-71.5,402.1,0,0.0,0.0,0.0000,9.74,-6.74,-11.17,3.73,1,0.0333,-0.765,-0.628,24.00,1,-79.2,-424.4,0.18274,-94.3,347.3,0.0404,-0.01344,OK
8.2391,8.1554,83.7,0,-67.3,-445.8,0.1747,-74.2,-451.5,0.1366,-200.6,345.9,0.0000,-139.5,384.8,-0.1856,-67.2,403.7,0,0.0,0.0,0.0000,8.80,-6.61,-11.12,3.76,1,0.0156,-0.677,1.706,24.00,1,-80.4,-421.9,0.18297,-83.8,334.3,0.0197,-0.01337,OK
8.2468,8.1554,91.5,0,-67.3,-445.8,0.1747,-74.2,-451.5,0.1366,-200.6,345.9,0.0000,-136.1,386.9,-0.1855,-63.4,405.2,0,0.0,0.0,0.0000,8.82,-6.98,-10.91,4.64,1,-0.0478,-1.481,1.353,24.00,1,-81.4,-419.4,0.18295,-66.3,345.4,-0.0264,-0.01342,OK
8.2541,8.1554,98.7,0,-67.3,-445.8,0.1747,-74.2,-451.5,0.1366,-200.6,345.9,0.0000,-132.9,388.4,-0.1839,-60.1,406.0,0,0.0,0.0,0.0000,9.55,-7.39,-11.54,4.80,1,-0.1167,-1.383,-1.961,26.00,1,-82.4,-416.9,0.18255,-70.4,367.2,-0.0881,-0.01353,OK
8.2630,8.1554,107.7,0,-67.3,-445.8,0.1747,-74.2,-451.5,0.1366,-200.6,345.9,0.0000,-128.8,390.0,-0.1802,-56.3,406.9,0,0.0,0.0,0.0000,9.34,-7.55,-11.91,4.54,1,-0.1433,-0.539,-1.510,25.00,1,-83.6,-413.8,0.18163,-72.0,368.4,-0.1204,-0.01360,OK
8.2709,8.1554,115.5,0,-67.3,-445.8,0.1747,-74.2,-451.5,0.1366,-200.6,345.9,0.0000,-125.6,391.9,-0.1765,-53.2,408.1,0,0.0,0.0,0.0000,8.77,-6.88,-11.56,4.19,1,-0.1433,-0.539,-1.510,24.00,1,-84.6,-411.1,0.18071,-71.7,347.3,-0.1187,-0.01368,OK
8.2786,8.1554,123.2,0,-67.3,-445.8,0.1747,-74.2,-451.5,0.1366,-200.6,345.9,0.0000,-122.6,394.1,-0.1734,-50.1,409.7,0,0.0,0.0,0.0000,7.91,-6.83,-11.43,4.35,1,-0.1011,-0.559,1.981,25.00,1,-85.6,-408.6,0.17992,-60.1,334.8,-0.0856,-0.01370,OK
8.2865,8.1554,131.1,0,-67.3,-445.8,0.1747,-74.2,-451.5,0.1366,-200.6,345.9,0.0000,-119.5,395.7,-0.1704,-47.1,410.7,0,0.0,0.0,0.0000,8.27,-8.14,-12.16,4.91,1,-0.1089,-0.824,1.275,24.00,1,-86.5,-406.0,0.17918,-52.7,365.7,-0.1014,-0.01365,OK
8.2941,8.1554,138.7,0,-67.3,-445.8,0.1747,-74.2,-451.5,0.1366,-200.6,345.9,0.0000,-116.7,397.0,-0.1666,-44.5,411.4,0,0.0,0.0,0.0000,8.04,-8.39,-12.11,5.62,1,-0.1700,-0.579,-1.000,25.00,1,-87.3,-403.2,0.17822,-37.8,373.1,-0.1520,-0.01368,OK
8.3024,8.2652,37.2,0,-85.1,-411.3,0.1806,-93.4,-412.0,0.1366,-147.9,371.6,0.0000,-115.0,400.6,-0.1621,-42.6,414.6,0,0.0,0.0,0.0000,8.39,-8.70,-11.57,6.17,1,-0.1700,-0.579,-1.000,26.00,1,-88.4,-401.3,0.17710,-32.2,376.9,-0.1452,-0.01377,OK
8.3108,8.2652,45.6,0,-85.1,-411.3,0.1806,-93.4,-412.0,0.1366,-147.9,371.6,0.0000,-111.7,402.0,-0.1567,-39.7,415.3,0,0.0,0.0,0.0000,7.62,-8.87,-10.48,5.64,1,-0.1922,-0.637,-2.481,25.00,1,-89.1,-398.3,0.17577,-23.1,353.9,-0.1726,-0.01381,OK
8.3181,8.2652,52.9,0,-85.1,-411.3,0.1806,-93.4,-412.0,0.1366,-147.9,371.6,0.0000,-109.3,403.4,-0.1520,-37.6,416.2,0,0.0,0.0,0.0000,7.31,-9.08,-10.65,6.49,1,-0.1767,-2.216,0.775,25.00,1,-89.7,-395.8,0.17457,-8.4,362.6,-0.1558,-0.01386,OK
8.3264,8.2652,61.2,0,-85.1,-411.3,0.1806,-93.4,-412.0,0.1366,-147.9,371.6,0.0000,-106.3,404.7,-0.1466,-35.0,416.9,0,0.0,0.0,0.0000,8.30,-8.95,-11.19,6.16,1,-0.1956,-1.961,2.295,24.00,1,-90.4,-392.8,0.17323,-25.3,376.9,-0.1694,-0.01395,OK
8.3341,8.2652,68.9,0,-85.1,-411.3,0.1806,-93.4,-412.0,0.1366,-147.9,371.6,0.0000,-103.7,405.6,-0.1411,-32.8,417.4,0,0.0,0.0,0.0000,7.65,-9.10,-12.21,5.89,1,-0.1956,-1.961,2.295,25.00,1,-91.1,-389.9,0.17186,-24.9,375.4,-0.1835,-0.01394,OK
8.3420,8.2652,76.8,0,-85.1,-411.3,0.1806,-93.4,-412.0,0.1366,-147.9,371.6,0.0000,-101.0,406.6,-0.1355,-30.6,417.9,0,0.0,0.0,0.0000,7.74,-9.43,-10.86,6.19,1,-0.1944,-0.216,-1.216,25.00,1,-91.7,-387.1,0.17046,-13.5,372.5,-0.1752,-0.01397,OK
8.3511,8.2652,85.9,0,-85.1,-411.3,0.1806,-93.4,-412.0,0.1366,-147.9,371.6,0.0000,-97.8,407.9,-0.1297,-27.8,418.5,0,0.0,0.0,0.0000,7.41,-9.49,-10.56,6.24,1,-0.1600,0.834,-1.324,24.00,1,-92.4,-383.8,0.16900,-7.1,366.2,-0.1452,-0.01398,OK
8.3582,8.2652,93.0,0,-85.1,-411.3,0.1806,-93.4,-412.0,0.1366,-147.9,371.6,0.0000,-95.4,408.9,-0.1263,-25.6,419.1,0,0.0,0.0,0.0000,6.73,-9.12,-10.59,6.93,1,-0.1111,0.814,1.883,24.00,1,-92.8,-381.2,0.16814,7.0,359.8,-0.0978,-0.01398,OK
8.3666,8.3582,8.4,0,-93.6,-379.8,0.1493,-105.0,-376.7,0.1366,-100.5,387.0,0.0000,-82.2,416.3,-0.0846,-15.8,424.0,0,0.0,0.0,0.0000,6.80,-9.83,-8.10,7.79,1,-0.1500,-1.442,0.520,25.00,1,-93.6,-379.7,0.15773,24.9,338.5,-0.1158,-0.01357,OK
8.3739,8.3666,7.3,0,-94.6,-376.4,0.1613,-105.8,-373.4,0.1366,-96.3,388.2,0.0000,-83.5,415.5,-0.0854,-17.1,423.5,0,0.0,0.0,0.0000,7.31,-10.25,-6.01,8.47,1,-0.1500,-1.442,0.520,25.00,1,-94.2,-376.7,0.15792,36.0,329.6,-0.0706,-0.01388,OK
8.3830,8.3750,8.0,0,-94.5,-373.6,0.1655,-106.6,-370.1,0.1366,-92.2,389.3,0.0000,-81.6,417.2,-0.0884,-14.6,424.8,0,0.0,0.0,0.0000,7.98,-9.70,-9.24,7.40,1,-0.1844,-2.746,-2.089,25.00,1,-94.5,-373.7,0.15867,-8.1,376.7,-0.1471,-0.01413,OK
8.3910,8.3750,16.0,0,-94.5,-373.6,0.1655,-106.6,-370.1,0.1366,-92.2,389.3,0.0000,-78.1,418.0,-0.0843,-11.5,425.1,0,0.0,0.0,0.0000,8.14,-9.70,-9.85,6.78,1,-0.1333,-0.490,-0.990,25.00,1,-95.1,-370.7,0.15766,-19.4,379.6,-0.1085,-0.01421,OK
8.3991,8.3920,7.1,0,-95.3,-368.6,0.1549,-108.1,-363.5,0.1366,-83.3,391.2,0.0000,-71.1,421.1,-0.0798,-4.6,427.0,0,0.0,0.0,0.0000,7.34,-9.66,-11.20,6.63,1,-0.0622,1.942,1.265,25.00,1,-95.4,-368.2,0.15653,-10.2,351.9,-0.0576,-0.01412,OK
8.4060,8.4004,5.6,0,-96.2,-364.3,0.1541,-108.8,-360.2,0.1366,-78.6,392.0,0.0000,-67.4,419.1,-0.0760,-1.7,424.5,0,0.0,0.0,0.0000,7.31,-10.13,-10.49,7.58,1,-0.0978,-1.059,-1.344,25.00,1,-96.0,-364.7,0.15558,5.1,382.0,-0.0841,-0.01412,OK
8.4146,8.4088,5.7,0,-95.9,-362.2,0.1507,-109.4,-356.9,0.1366,-74.0,393.0,0.0000,-63.6,421.1,-0.0703,1.8,425.9,0,0.0,0.0,0.0000,7.08,-10.39,-10.03,7.88,1,-0.0978,-1.059,-1.344,24.00,1,-96.1,-361.9,0.15416,27.1,363.1,-0.0858,-0.01409,OK
8.4226,8.4173,5.3,0,-96.3,-357.9,0.1553,-110.0,-353.6,0.1366,-69.6,393.9,0.0000,-62.3,420.0,-0.0691,2.8,424.6,0,0.0,0.0,0.0000,7.21,-9.89,-9.92,7.76,1,-0.0867,-2.187,-0.245,25.00,1,-96.3,-358.4,0.15386,27.0,380.4,-0.0632,-0.01416,OK
8.4304,8.4257,4.6,0,-96.6,-355.7,0.1570,-110.6,-350.2,0.1366,-65.3,394.7,0.0000,-59.1,420.7,-0.0706,6.2,424.8,0,0.0,0.0,0.0000,7.20,-10.32,-10.24,7.95,1,-0.0256,0.981,2.991,25.00,1,-96.6,-355.4,0.15423,26.3,371.2,-0.0045,-0.01418,OK
8.4382,8.4342,4.0,0,-96.9,-351.6,0.1539,-111.1,-346.9,0.1366,-61.1,395.4,0.0000,-54.0,419.8,-0.0701,11.0,423.1,0,0.0,0.0,0.0000,7.49,-10.05,-10.88,8.59,1,-0.0300,-0.284,-2.354,25.00,1,-96.9,-351.9,0.15410,28.2,403.2,-0.0127,-0.01421,OK
8.4462,8.4426,3.5,0,-96.5,-349.2,0.1462,-111.6,-343.6,0.1366,-56.6,396.0,0.0000,-49.2,420.5,-0.0645,15.4,423.1,0,0.0,0.0,0.0000,7.07,-11.03,-10.14,8.72,1,-0.0300,-0.284,-2.354,24.00,1,-96.7,-348.9,0.15270,58.7,375.0,-0.0534,-0.01413,OK
8.4541,8.4511,3.1,0,-96.9,-346.0,0.1485,-112.1,-340.2,0.1366,-52.2,396.5,0.0000,-46.9,421.0,-0.0618,17.4,423.3,0,0.0,0.0,0.0000,7.68,-7.66,-9.95,8.52,1,-0.0444,-2.050,-1.540,24.00,1,-96.9,-346.0,0.15203,21.8,345.3,-0.0265,-0.01426,OK
8.4622,8.4511,11.1,0,-96.9,-346.0,0.1485,-112.1,-340.2,0.1366,-52.2,396.5,0.0000,-43.4,427.7,-0.0631,22.0,429.4,0,0.0,0.0,0.0000,7.11,-5.73,-9.66,8.64,1,0.0411,-0.069,1.520,25.00,1,-97.1,-345.0,0.15234,2.2,304.4,0.0752,-0.01439,OK
8.4699,8.4601,9.9,0,-97.2,-343.0,0.1497,-112.5,-336.7,0.1366,-47.3,397.0,0.0000,-40.5,428.7,-0.0626,25.0,429.9,0,0.0,0.0,0.0000,7.20,-8.97,-9.87,9.27,1,0.0900,0.853,0.892,25.00,1,-97.2,-342.3,0.15222,46.2,370.2,0.1128,-0.01441,OK
8.4786,8.4731,5.5,0,-97.6,-339.0,0.1620,-113.1,-331.5,0.1366,-40.4,397.7,0.0000,-40.4,427.2,-0.0720,25.8,428.3,0,0.0,0.0,0.0000,6.92,-10.69,-9.82,10.00,1,0.0633,-0.147,-1.422,25.00,1,-97.4,-338.5,0.15459,58.8,373.2,0.0953,-0.01451,OK
8.4862,8.4807,5.5,0,-97.1,-336.2,0.1550,-113.4,-328.4,0.1366,-36.4,398.1,0.0000,-34.3,428.6,-0.0745,32.4,428.7,0,0.0,0.0,0.0000,7.39,-11.31,-9.50,9.49,1,0.0633,-0.147,-1.422,25.00,1,-97.3,-335.9,0.15520,63.0,368.2,0.0804,-0.01453,OK
8.4947,8.4883,6.4,0,-97.1,-333.1,0.1565,-113.6,-325.4,0.1366,-32.5,398.5,0.0000,-31.2,430.1,-0.0774,36.0,429.7,0,0.0,0.0,0.0000,7.37,-11.36,-9.18,9.68,1,0.0633,-0.441,-0.235,24.00,1,-97.2,-333.1,0.15593,68.2,369.7,0.0834,-0.01458,OK
8.5020,8.4976,4.4,0,-97.6,-329.5,0.1532,-113.9,-321.7,0.1366,-27.8,398.9,0.0000,-25.8,428.1,-0.0784,41.1,426.9,0,0.0,0.0,0.0000,7.14,-11.32,-9.89,10.47,1,0.0667,-1.569,1.667,25.00,1,-97.3,-329.5,0.15618,57.9,384.3,0.0725,-0.01456,OK
8.5108,8.5062,4.6,0,-97.6,-326.5,0.1511,-114.1,-318.3,0.1366,-23.1,399.2,0.0000,-20.6,428.9,-0.0769,46.2,426.9,0,0.0,0.0,0.0000,7.05,-11.59,-11.04,10.09,1,0.0467,-0.088,-1.049,25.00,1,-97.5,-326.3,0.15580,49.1,385.4,0.0403,-0.01447,OK
8.5187,8.5062,12.5,0,-97.6,-326.5,0.1511,-114.1,-318.3,0.1366,-23.1,399.2,0.0000,-16.7,432.8,-0.0779,50.8,430.1,0,0.0,0.0,0.0000,7.66,-11.78,-10.18,9.70,1,0.0467,-0.088,-1.049,25.00,1,-97.6,-324.6,0.15606,45.8,389.4,0.0620,-0.01448,OK
8.5268,8.5138,12.9,0,-98.4,-322.7,0.1619,-114.3,-315.2,0.1366,-18.8,399.5,0.0000,-13.9,430.9,-0.0865,54.2,427.7,0,0.0,0.0,0.0000,7.55,-10.99,-9.85,9.35,1,0.0722,-0.186,-0.775,24.00,1,-98.4,-320.9,0.15820,22.4,394.9,0.0886,-0.01459,OK
8.5344,8.5255,8.9,0,-97.7,-319.0,0.1544,-114.5,-310.6,0.1366,-12.3,400.0,0.0000,-7.9,432.3,-0.0850,60.1,428.2,0,0.0,0.0,0.0000,7.61,-10.83,-9.24,7.70,1,0.1100,-0.922,-0.275,25.00,1,-98.0,-318.5,0.15782,29.6,350.1,0.1174,-0.01447,OK
8.5425,8.5338,8.7,0,-97.9,-316.1,0.1613,-114.6,-307.2,0.1366,-7.8,400.0,0.0000,-6.2,433.2,-0.0917,62.7,428.7,0,0.0,0.0,0.0000,7.17,-11.54,-8.88,10.05,1,0.1256,0.490,0.294,24.00,1,-98.0,-315.7,0.15950,73.1,366.8,0.1431,-0.01453,OK
8.5504,8.5430,7.4,0,-98.0,-313.4,0.1621,-114.6,-303.6,0.1366,-3.1,399.9,0.0000,-1.8,433.9,-0.0972,67.8,428.5,0,0.0,0.0,0.0000,7.10,-10.96,-9.05,10.12,1,0.1167,0.932,0.510,25.00,1,-97.9,-312.9,0.16087,64.0,349.3,0.1357,-0.01457,OK
8.5590,8.5514,7.7,0,-98.2,-309.2,0.1625,-114.6,-300.2,0.1366,1.2,399.9,0.0000,3.5,433.3,-0.1019,73.4,427.1,0,0.0,0.0,0.0000,7.47,-12.79,-9.62,9.74,1,0.1167,0.932,0.510,25.00,1,-98.1,-309.5,0.16204,60.5,391.3,0.1275,-0.01455,OK
8.5659,8.5615,4.5,0,-97.6,-305.8,0.1599,-114.6,-296.2,0.1366,6.4,399.8,0.0000,7.8,429.7,-0.1038,77.2,422.8,0,0.0,0.0,0.0000,6.83,-13.22,-9.38,9.72,1,0.0733,0.245,-1.236,24.00,1,-97.8,-305.7,0.16253,82.7,376.6,0.0705,-0.01447,OK
8.5743,8.5615,12.9,0,-97.6,-305.8,0.1599,-114.6,-296.2,0.1366,6.4,399.8,0.0000,12.1,433.3,-0.1052,82.2,425.6,0,0.0,0.0,0.0000,7.28,-12.71,-9.43,10.76,1,0.0500,-1.471,1.618,25.00,1,-97.7,-303.7,0.16287,83.7,395.5,0.0686,-0.01450,OK
8.5822,8.5615,20.8,0,-97.6,-305.8,0.1599,-114.6,-296.2,0.1366,6.4,399.8,0.0000,16.1,432.5,-0.1073,86.3,424.2,0,0.0,0.0,0.0000,6.76,-12.72,-9.31,11.74,1,0.0456,-2.403,0.706,25.00,1,-97.5,-300.5,0.16340,99.6,400.7,0.0655,-0.01454,OK
8.5910,8.5615,29.5,0,-97.6,-305.8,0.1599,-114.6,-296.2,0.1366,6.4,399.8,0.0000,20.9,431.1,-0.1095,90.9,421.9,0,0.0,0.0,0.0000,7.01,-13.00,-9.77,11.62,1,0.0456,-2.403,0.706,25.00,1,-97.2,-296.9,0.16397,96.0,413.4,0.0634,-0.01457,OK
8.5989,8.5698,29.1,0,-98.1,-302.4,0.1627,-114.5,-292.9,0.1366,11.0,399.8,0.0000,26.0,430.2,-0.1104,95.9,420.2,0,0.0,0.0,0.0000,7.03,-12.66,-10.14,10.55,1,0.0000,-0.333,0.883,25.00,1,-97.7,-293.7,0.16417,69.2,406.6,0.0154,-0.01456,OK
8.6062,8.5698,36.4,0,-98.1,-302.4,0.1627,-114.5,-292.9,0.1366,11.0,399.8,0.0000,30.3,429.3,-0.1102,100.0,418.6,0,0.0,0.0,0.0000,6.27,-13.27,-9.27,9.82,1,-0.0389,2.501,-2.050,25.00,1,-97.6,-290.7,0.16412,78.1,387.8,-0.0271,-0.01454,OK
8.6145,8.5698,44.7,0,-98.1,-302.4,0.1627,-114.5,-292.9,0.1366,11.0,399.8,0.0000,34.8,428.5,-0.1087,104.2,417.1,0,0.0,0.0,0.0000,6.34,-13.25,-8.71,10.39,1,-0.0822,0.108,0.186,25.00,1,-97.5,-287.4,0.16376,87.0,391.5,-0.0598,-0.01459,OK
8.6230,8.5698,53.2,0,-98.1,-302.4,0.1627,-114.5,-292.9,0.1366,11.0,399.8,0.0000,39.0,427.3,-0.1062,107.9,415.3,0,0.0,0.0,0.0000,6.53,-12.94,-8.80,11.26,1,-0.1233,-2.903,2.148,24.00,1,-97.3,-283.9,0.16313,91.6,402.7,-0.0922,-0.01471,OK
8.6307,8.5698,60.9,0,-98.1,-302.4,0.1627,-114.5,-292.9,0.1366,11.0,399.8,0.0000,42.8,426.2,-0.1032,111.1,413.6,0,0.0,0.0,0.0000,5.84,-13.31,-9.06,11.15,1,-0.1233,-2.903,2.148,25.00,1,-97.0,-280.8,0.16239,100.7,402.7,-0.1016,-0.01476,OK
8.6381,8.5698,68.3,0,-98.1,-302.4,0.1627,-114.5,-292.9,0.1366,11.0,399.8,0.0000,47.0,424.9,-0.0997,114.7,411.8,0,0.0,0.0,0.0000,6.57,-13.51,-9.70,10.14,1,-0.1544,-1.765,-0.745,25.00,1,-96.9,-277.7,0.16151,80.4,411.2,-0.1345,-0.01480,OK
8.6469,8.5698,77.1,0,-98.1,-302.4,0.1627,-114.5,-292.9,0.1366,11.0,399.8,0.0000,52.5,423.3,-0.0948,119.3,409.5,0,0.0,0.0,0.0000,6.57,-13.21,-10.26,9.47,1,-0.1589,2.560,-1.059,25.00,1,-96.8,-274.0,0.16028,68.8,408.4,-0.1452,-0.01479,OK
8.6549,8.5698,85.1,0,-98.1,-302.4,0.1627,-114.5,-292.9,0.1366,11.0,399.8,0.0000,57.2,421.8,-0.0901,123.3,407.4,0,0.0,0.0,0.0000,6.21,-14.23,-9.80,9.51,1,-0.1600,2.246,2.432,24.00,1,-96.7,-270.7,0.15910,81.4,408.4,-0.1493,-0.01476,OK
8.6629,8.5698,93.1,0,-98.1,-302.4,0.1627,-114.5,-292.9,0.1366,11.0,399.8,0.0000,61.5,420.2,-0.0843,126.7,405.3,0,0.0,0.0,0.0000,5.39,-13.47,-9.32,11.21,1,-0.2400,-2.491,-1.667,25.00,1,-96.5,-267.3,0.15765,107.8,409.5,-0.2155,-0.01483,OK
8.6704,8.5698,100.6,0,-98.1,-302.4,0.1627,-114.5,-292.9,0.1366,11.0,399.8,0.0000,64.9,418.7,-0.0778,129.2,403.5,0,0.0,0.0,0.0000,5.19,-13.16,-9.14,11.27,1,-0.2400,-2.491,-1.667,24.00,1,-96.1,-264.2,0.15603,109.6,403.7,-0.2149,-0.01490,OK
8.6780,8.5698,108.2,0,-98.1,-302.4,0.1627,-114.5,-292.9,0.1366,11.0,399.8,0.0000,68.5,417.2,-0.0715,131.9,401.7,0,0.0,0.0,0.0000,5.20,-12.84,-9.31,11.16,1,-0.2278,-2.324,1.138,25.00,1,-95.8,-261.1,0.15445,106.0,401.9,-0.2042,-0.01497,OK
8.6868,8.5698,117.1,0,-98.1,-302.4,0.1627,-114.5,-292.9,0.1366,11.0,399.8,0.0000,73.1,415.7,-0.0643,135.5,399.7,0,0.0,0.0,0.0000,5.91,-12.84,-8.93,10.28,1,-0.2356,-0.294,1.902,25.00,1,-95.5,-257.4,0.15266,90.7,399.4,-0.2050,-0.01508,OK
8.6946,8.5698,124.8,0,-98.1,-302.4,0.1627,-114.5,-292.9,0.1366,11.0,399.8,0.0000,77.3,414.3,-0.0576,138.8,398.0,0,0.0,0.0,0.0000,5.11,-13.32,-9.82,9.68,1,-0.2356,-0.294,1.902,24.00,1,-95.3,-254.3,0.15097,94.7,396.0,-0.2260,-0.01504,OK
8.7024,8.5698,132.6,0,-98.1,-302.4,0.1627,-114.5,-292.9,0.1366,11.0,399.8,0.0000,81.5,412.9,-0.0503,141.9,396.2,0,0.0,0.0,0.0000,4.69,-14.08,-8.99,9.67,1,-0.2522,0.078,-2.108,24.00,1,-94.9,-251.1,0.14915,107.1,389.6,-0.2416,-0.01500,OK
8.7103,8.6708,39.5,0,-97.1,-257.9,0.1589,-110.7,-252.7,0.1366,64.4,394.8,0.0000,92.4,401.4,-0.0524,151.2,383.1,0,0.0,0.0,0.0000,5.08,-13.89,-9.02,10.06,1,-0.2422,-0.324,-1.049,25.00,1,-96.3,-244.4,0.14969,99.8,420.9,-0.2254,-0.01517,OK
8.7187,8.6708,47.9,0,-97.1,-257.9,0.1589,-110.7,-252.7,0.1366,64.4,394.8,0.0000,98.3,398.0,-0.0457,155.9,379.1,0,0.0,0.0,0.0000,4.54,-12.77,-8.72,11.47,1,-0.1978,0.196,4.158,25.00,1,-95.9,-240.7,0.14800,115.7,413.7,-0.1768,-0.01521,OK
8.7260,8.6708,55.1,0,-97.1,-257.9,0.1589,-110.7,-252.7,0.1366,64.4,394.8,0.0000,102.3,396.3,-0.0401,159.1,377.1,0,0.0,0.0,0.0000,4.46,-13.25,-8.00,10.88,1,-0.2433,-2.128,-0.785,25.00,1,-95.5,-237.7,0.14659,117.0,404.7,-0.2155,-0.01530,OK
8.7343,8.6708,63.5,0,-97.1,-257.9,0.1589,-110.7,-252.7,0.1366,64.4,394.8,0.0000,106.6,394.1,-0.0329,162.3,374.6,0,0.0,0.0,0.0000,4.67,-13.36,-8.22,11.14,1,-0.2433,-2.128,-0.785,24.00,1,-95.0,-234.2,0.14480,117.7,412.5,-0.2147,-0.01539,OK
8.7421,8.6708,71.3,0,-97.1,-257.9,0.1589,-110.7,-252.7,0.1366,64.4,394.8,0.0000,110.5,392.1,-0.0262,165.3,372.3,0,0.0,0.0,0.0000,3.99,-13.34,-7.93,11.58,1,-0.2433,-2.393,-0.255,25.00,1,-94.5,-230.9,0.14313,132.2,404.6,-0.2173,-0.01547,OK
8.7504,8.6708,79.6,0,-97.1,-257.9,0.1589,-110.7,-252.7,0.1366,64.4,394.8,0.0000,114.7,389.9,-0.0201,168.6,369.8,0,0.0,0.0,0.0000,4.05,-12.81,-8.10,11.24,1,-0.1667,-0.186,0.294,25.00,1,-93.9,-227.5,0.14162,126.2,396.8,-0.1495,-0.01548,OK
8.7589,8.6708,88.1,0,-97.1,-257.9,0.1589,-110.7,-252.7,0.1366,64.4,394.8,0.0000,119.6,387.9,-0.0165,172.8,367.3,0,0.0,0.0,0.0000,4.19,-12.39,-7.11,10.92,1,-0.0867,0.686,1.893,25.00,1,-93.3,-224.1,0.14072,122.9,379.7,-0.0638,-0.01554,OK
8.7667,8.6708,95.9,0,-97.1,-257.9,0.1589,-110.7,-252.7,0.1366,64.4,394.8,0.0000,124.0,386.0,-0.0144,176.8,364.9,0,0.0,0.0,0.0000,3.51,-12.97,-7.10,11.39,1,-0.0867,0.686,1.893,25.00,1,-92.7,-221.0,0.14018,142.3,381.3,-0.0730,-0.01553,OK
8.7744,8.6708,103.6,0,-97.1,-257.9,0.1589,-110.7,-252.7,0.1366,64.4,394.8,0.0000,128.6,384.8,-0.0115,180.8,363.2,0,0.0,0.0,0.0000,3.02,-13.07,-6.73,8.92,1,-0.1067,-0.735,-1.187,24.00,1,-92.1,-218.1,0.13944,122.6,341.4,-0.1120,-0.01537,OK
8.7823,8.6708,111.5,0,-97.1,-257.9,0.1589,-110.7,-252.7,0.1366,64.4,394.8,0.0000,133.2,384.3,-0.0075,184.9,362.2,0,0.0,0.0,0.0000,2.58,-13.43,-6.44,8.45,1,-0.1133,0.000,1.255,24.00,1,-91.5,-215.4,0.13846,124.9,326.9,-0.1298,-0.01516,OK
8.7910,8.6708,120.2,0,-97.1,-257.9,0.1589,-110.7,-252.7,0.1366,64.4,394.8,0.0000,137.9,382.7,-0.0033,189.0,360.2,0,0.0,0.0,0.0000,2.97,-13.88,-6.59,11.50,1,-0.1256,-1.442,-0.275,24.00,1,-90.6,-212.1,0.13741,159.6,377.5,-0.1117,-0.01515,OK
8.7986,8.6708,127.8,0,-97.1,-257.9,0.1589,-110.7,-252.7,0.1366,64.4,394.8,0.0000,141.0,380.7,0.0001,191.5,358.0,0,0.0,0.0,0.0000,2.36,-14.31,-6.38,12.45,1,-0.1178,-2.893,0.686,25.00,1,-89.7,-209.1,0.13657,183.3,382.1,-0.1086,-0.01511,OK
8.8068,8.6708,136.0,0,-97.1,-257.9,0.1589,-110.7,-252.7,0.1366,64.4,394.8,0.0000,144.5,378.8,0.0034,194.4,355.7,0,0.0,0.0,0.0000,2.06,-13.25,-5.73,13.08,1,-0.1178,-2.893,0.686,25.00,1,-88.6,-205.9,0.13572,185.4,366.0,-0.0983,-0.01514,OK
8.8145,8.7722,42.3,0,-91.5,-217.0,0.1289,-101.4,-213.2,0.1366,117.2,382.4,0.0000,156.8,376.4,0.0282,204.1,353.0,0,0.0,0.0,0.0000,2.43,-13.47,-5.60,12.70,1,-0.0689,-1.952,3.001,25.00,1,-87.4,-204.0,0.12954,179.6,361.2,-0.0482,-0.01484,OK
8.8229,8.7722,50.7,0,-91.5,-217.0,0.1289,-101.4,-213.2,0.1366,117.2,382.4,0.0000,161.1,374.1,0.0294,207.9,350.2,0,0.0,0.0,0.0000,2.35,-13.96,-5.49,12.02,1,-0.0367,-0.039,-1.755,24.00,1,-86.3,-200.9,0.12923,180.3,357.2,-0.0248,-0.01482,OK
8.8303,8.7722,58.1,0,-91.5,-217.0,0.1289,-101.4,-213.2,0.1366,117.2,382.4,0.0000,164.8,372.3,0.0299,211.3,347.9,0,0.0,0.0,0.0000,1.42,-13.52,-5.14,12.29,1,0.0011,0.912,-1.020,25.00,1,-85.3,-198.1,0.12910,197.7,343.0,-0.0068,-0.01466,OK
8.8389,8.7722,66.7,0,-91.5,-217.0,0.1289,-101.4,-213.2,0.1366,117.2,382.4,0.0000,169.3,370.1,0.0288,215.6,345.2,0,0.0,0.0,0.0000,2.11,-13.36,-4.55,12.28,1,0.0533,-1.059,2.658,25.00,1,-84.0,-195.0,0.12937,187.0,340.7,0.0683,-0.01466,OK
8.8467,8.7722,74.5,0,-91.5,-217.0,0.1289,-101.4,-213.2,0.1366,117.2,382.4,0.0000,172.9,368.4,0.0265,219.1,342.9,0,0.0,0.0,0.0000,1.84,-13.57,-3.95,12.93,1,0.0533,-1.059,2.658,25.00,1,-82.8,-192.2,0.12996,199.6,337.6,0.0809,-0.01476,OK
8.8547,8.7722,82.5,0,-91.5,-217.0,0.1289,-101.4,-213.2,0.1366,117.2,382.4,0.0000,176.5,366.7,0.0241,222.7,340.6,0,0.0,0.0,0.0000,1.20,-13.20,-4.02,12.36,1,0.0700,-2.138,0.804,25.00,1,-81.6,-189.4,0.13055,203.8,325.9,0.0698,-0.01465,OK
8.8625,8.7722,90.4,0,-91.5,-217.0,0.1289,-101.4,-213.2,0.1366,117.2,382.4,0.0000,179.9,364.5,0.0210,226.1,337.8,0,0.0,0.0,0.0000,1.27,-14.24,-4.14,12.96,1,0.1489,-1.893,0.275,24.00,1,-80.2,-186.5,0.13134,220.6,345.5,0.1366,-0.01445,OK
8.8701,8.7722,97.9,0,-91.5,-217.0,0.1289,-101.4,-213.2,0.1366,117.2,382.4,0.0000,183.5,362.1,0.0159,229.7,334.6,0,0.0,0.0,0.0000,1.15,-13.50,-3.89,13.10,1,0.2389,0.265,0.667,24.00,1,-78.9,-183.7,0.13260,222.5,338.2,0.2062,-0.01417,OK
8.8791,8.7722,106.9,0,-91.5,-217.0,0.1289,-101.4,-213.2,0.1366,117.2,382.4,0.0000,188.1,359.0,0.0082,234.5,330.5,0,0.0,0.0,0.0000,1.04,-13.44,-3.18,13.40,1,0.2389,0.265,0.667,25.00,1,-77.3,-180.5,0.13453,227.2,329.9,0.2302,-0.01400,OK
8.8885,8.8856,2.9,0,-77.3,-175.7,0.1369,-84.9,-171.0,0.1366,173.6,360.5,0.0000,195.7,353.0,-0.0048,242.3,322.8,0,0.0,0.0,0.0000,1.37,-13.51,-2.99,14.23,1,0.2833,0.422,0.961,25.00,1,-77.3,-175.7,0.13778,206.6,336.5,0.2806,-0.01390,OK
8.8940,8.8856,8.5,0,-77.3,-175.7,0.1369,-84.9,-171.0,0.1366,173.6,360.5,0.0000,201.0,357.0,-0.0052,248.1,326.0,0,0.0,0.0,0.0000,0.40,-12.67,-2.81,14.53,1,0.2967,-2.295,-0.765,25.00,1,-77.2,-175.6,0.13788,222.6,324.7,0.2743,-0.01365,OK
8.9023,8.8939,8.3,0,-76.3,-173.6,0.1383,-83.5,-168.0,0.1366,177.3,358.7,0.0000,206.0,356.6,-0.0112,253.5,324.5,0,0.0,0.0,0.0000,-0.30,-13.97,-2.04,15.03,1,0.3289,-1.755,0.853,25.00,1,-76.1,-173.3,0.13937,238.7,316.0,0.3024,-0.01335,OK
8.9107,8.9078,2.8,0,-73.7,-167.5,0.1412,-80.9,-163.0,0.1366,184.0,355.1,0.0000,206.8,347.0,-0.0255,254.1,314.0,0,0.0,0.0,0.0000,-0.29,-13.69,-2.14,15.12,1,0.3356,-0.245,2.560,24.00,1,-73.6,-167.9,0.14295,237.8,357.2,0.2895,-0.01306,OK
8.9189,8.9158,3.1,0,-70.7,-163.3,0.1440,-79.5,-160.2,0.1366,188.0,352.9,0.0000,207.4,342.0,-0.0328,254.6,308.5,0,0.0,0.0,0.0000,-1.07,-13.12,-1.94,15.38,1,0.3356,-0.245,2.560,25.00,1,-71.2,-164.0,0.14479,308.3,384.6,0.2579,-0.01270,OK
8.9261,8.9243,1.8,0,-69.1,-161.0,0.1449,-77.8,-157.2,0.1366,192.3,350.7,0.0000,208.7,337.2,-0.0401,255.7,303.1,0,0.0,0.0,0.0000,-0.50,-14.64,-2.10,14.94,1,0.2922,0.294,-1.147,25.00,1,-69.2,-160.8,0.14660,293.9,359.0,0.2443,-0.01243,OK
8.9344,8.9243,10.1,0,-69.1,-161.0,0.1449,-77.8,-157.2,0.1366,192.3,350.7,0.0000,215.7,340.6,-0.0419,263.3,305.3,0,0.0,0.0,0.0000,-0.92,-14.21,-1.33,14.90,1,0.2344,0.127,-1.049,25.00,1,-68.7,-160.0,0.14705,289.0,343.4,0.2272,-0.01229,OK
8.9423,8.9328,9.5,0,-67.4,-158.1,0.1463,-76.2,-154.3,0.1366,196.2,348.6,0.0000,218.9,338.7,-0.0461,266.5,302.7,0,0.0,0.0,0.0000,-1.28,-12.91,-1.03,14.97,1,0.2344,-0.461,3.609,24.00,1,-67.0,-157.5,0.14810,274.7,308.8,0.2199,-0.01206,OK
8.9501,8.9412,8.9,0,-65.8,-155.1,0.1516,-74.5,-151.4,0.1366,199.8,346.6,0.0000,221.9,337.2,-0.0554,269.9,300.2,0,0.0,0.0,0.0000,-1.14,-8.76,-0.80,15.79,1,0.2344,-0.461,3.609,24.00,1,-65.6,-154.9,0.15042,213.5,251.9,0.2365,-0.01202,OK
8.9609,8.9581,2.9,0,-62.7,-148.9,0.1605,-71.1,-145.5,0.1366,207.1,342.0,0.0000,222.7,329.2,-0.0722,270.7,290.9,0,0.0,0.0,0.0000,-3.22,-11.55,-0.70,14.48,1,0.1833,-1.285,0.186,24.00,1,-62.6,-149.3,0.15464,260.0,320.4,0.1919,-0.01181,OK
8.9666,8.9581,8.5,0,-62.7,-148.9,0.1605,-71.1,-145.5,0.1366,207.1,342.0,0.0000,228.1,332.6,-0.0715,276.6,293.5,0,0.0,0.0,0.0000,-2.79,-12.89,-1.39,15.00,1,0.1156,-0.765,1.098,25.00,1,-62.5,-149.1,0.15445,277.5,334.1,0.0772,-0.01156,OK
8.9749,8.9665,8.4,0,-61.0,-147.0,0.1564,-69.3,-142.7,0.1366,211.1,339.5,0.0000,233.4,329.6,-0.0759,281.6,289.5,0,0.0,0.0,0.0000,-2.43,-14.47,-0.46,14.75,1,0.0978,-0.775,1.275,25.00,1,-60.8,-146.6,0.15556,275.8,304.7,0.0937,-0.01147,OK
8.9829,8.9750,8.0,0,-58.6,-143.0,0.1681,-67.5,-139.8,0.1366,215.1,336.9,0.0000,232.8,327.6,-0.0859,281.4,286.9,0,0.0,0.0,0.0000,-2.41,-14.31,-0.86,14.64,1,0.0478,0.029,-0.667,25.00,1,-58.8,-143.5,0.15806,284.5,321.1,0.0428,-0.01144,OK
8.9906,8.9834,7.2,0,-56.6,-141.0,0.1566,-65.7,-137.0,0.1366,219.0,334.5,0.0000,238.6,321.7,-0.0863,286.3,280.2,0,0.0,0.0,0.0000,-2.39,-14.64,-0.54,14.44,1,0.0478,0.029,-0.667,24.00,1,-56.7,-140.7,0.15816,289.9,301.0,0.0483,-0.01135,OK
8.9989,8.9918,7.0,0,-54.2,-139.4,0.1623,-63.8,-134.2,0.1366,223.0,332.3,0.0000,239.0,322.4,-0.0895,287.0,280.5,0,0.0,0.0,0.0000,-3.64,-13.86,-0.17,13.83,1,0.0256,-0.235,-0.235,24.00,1,-54.4,-138.7,0.15895,301.6,245.6,0.0004,-0.01115,OK
9.0061,9.0002,5.9,0,-52.6,-136.3,0.1705,-61.9,-131.4,0.1366,226.5,329.9,0.0000,239.0,321.2,-0.0970,287.3,278.8,0,0.0,0.0,0.0000,-3.28,-13.61,0.05,14.27,1,0.0111,0.049,3.472,25.00,1,-52.4,-136.3,0.16082,290.9,244.6,0.0225,-0.01114,OK
9.0145,9.0087,5.8,0,-49.9,-133.9,0.1619,-60.0,-128.6,0.1366,230.0,327.5,0.0000,243.8,317.0,-0.0966,291.3,273.9,0,0.0,0.0,0.0000,-3.06,-14.70,-0.26,14.36,1,-0.0611,-1.363,-0.530,26.00,1,-50.1,-133.9,0.16072,307.0,251.7,-0.0529,-0.01111,OK
9.0229,9.0172,5.7,0,-48.0,-131.6,0.1639,-58.0,-125.8,0.1366,233.6,324.7,0.0000,245.7,315.3,-0.0968,293.0,271.9,0,0.0,0.0,0.0000,-3.56,-15.49,-0.23,14.25,1,-0.0611,-1.363,-0.530,24.00,1,-47.9,-131.4,0.16077,311.1,253.8,-0.0626,-0.01101,OK
9.0302,9.0256,4.6,0,-46.3,-127.6,0.1615,-56.1,-123.1,0.1366,237.2,321.8,0.0000,248.7,309.7,-0.0957,295.0,266.0,0,0.0,0.0,0.0000,-3.00,-13.95,0.24,13.96,1,-0.0744,-0.088,1.167,24.00,1,-46.1,-128.3,0.16051,281.3,273.0,-0.0493,-0.01109,OK
9.0380,9.0341,3.9,0,-43.5,-126.7,0.1546,-54.0,-120.4,0.1366,241.1,319.0,0.0000,252.1,306.7,-0.0910,297.6,262.9,0,0.0,0.0,0.0000,-2.68,-14.07,0.27,13.58,1,-0.0489,0.834,0.226,25.00,1,-43.8,-126.3,0.15934,293.2,224.3,-0.0531,-0.01114,OK
9.0469,9.0426,4.3,0,-42.5,-123.0,0.1572,-52.0,-117.7,0.1366,244.9,316.3,0.0000,256.3,303.9,-0.0886,301.1,259.6,0,0.0,0.0,0.0000,-2.93,-14.29,0.58,13.77,1,-0.0678,-0.196,-0.608,25.00,1,-42.1,-123.4,0.15872,269.4,265.9,-0.0430,-0.01128,OK
9.0540,9.0510,3.0,0,-40.2,-121.3,0.1538,-49.9,-115.0,0.1366,248.4,313.6,0.0000,259.1,300.5,-0.0832,303.0,256.2,0,0.0,0.0,0.0000,-3.96,-14.18,1.09,13.67,1,-0.0833,-1.510,1.648,25.00,1,-40.1,-121.1,0.15737,283.4,233.9,-0.1017,-0.01126,OK
9.0629,9.0595,3.4,0,-37.7,-119.5,0.1603,-47.8,-112.4,0.1366,251.8,310.8,0.0000,260.5,300.9,-0.0831,304.4,256.3,0,0.0,0.0,0.0000,-3.95,-14.38,0.57,14.13,1,-0.0833,-1.510,1.648,25.00,1,-37.8,-119.1,0.15736,302.7,222.8,-0.0544,-0.01125,OK
9.0707,9.0679,2.8,0,-35.8,-116.7,0.1672,-45.6,-109.8,0.1366,255.0,307.9,0.0000,261.3,299.7,-0.0875,305.3,254.7,0,0.0,0.0,0.0000,-3.42,-14.96,0.48,13.56,1,-0.1189,-0.883,0.775,25.00,1,-35.8,-116.7,0.15846,286.5,235.5,-0.0096,-0.01141,OK
9.0785,9.0764,2.1,0,-33.6,-114.0,0.1569,-43.5,-107.2,0.1366,258.4,305.1,0.0000,266.3,294.0,-0.0832,309.1,248.7,0,0.0,0.0,0.0000,-3.84,-14.08,0.71,12.67,1,-0.1089,0.902,-0.186,25.00,1,-33.6,-114.2,0.15739,291.6,238.9,-0.1077,-0.01138,OK
9.0865,9.0849,1.6,0,-30.1,-112.4,0.1550,-41.3,-104.6,0.1366,262.0,302.2,0.0000,266.3,292.1,-0.0783,308.4,247.2,0,0.0,0.0,0.0000,-4.63,-14.59,0.97,13.09,1,-0.1078,-0.353,0.588,24.00,1,-30.6,-112.2,0.15614,365.6,197.5,-0.1293,-0.01126,OK
9.0948,9.0849,9.9,0,-30.1,-112.4,0.1550,-41.3,-104.6,0.1366,262.0,302.2,0.0000,273.9,295.0,-0.0776,316.3,248.9,0,0.0,0.0,0.0000,-5.09,-14.78,1.45,13.55,1,-0.1078,-0.353,0.588,24.00,1,-30.0,-111.7,0.15597,346.2,210.6,-0.1094,-0.01117,OK
9.1025,9.0849,17.6,0,-30.1,-112.4,0.1550,-41.3,-104.6,0.1366,262.0,302.2,0.0000,275.7,292.8,-0.0745,317.7,246.7,0,0.0,0.0,0.0000,-4.90,-14.22,1.36,13.64,1,-0.0889,-1.883,1.049,25.00,1,-27.7,-109.7,0.15520,339.4,210.6,-0.0900,-0.01108,OK
9.1105,9.0933,17.2,0,-29.1,-108.4,0.1549,-39.0,-102.1,0.1366,265.5,299.3,0.0000,281.2,285.9,-0.0724,321.9,239.2,0,0.0,0.0,0.0000,-4.71,-13.65,1.78,13.45,1,-0.0200,-1.000,0.471,25.00,1,-26.3,-106.1,0.15468,311.1,243.5,-0.0168,-0.01104,OK
9.1182,9.0933,24.9,0,-29.1,-108.4,0.1549,-39.0,-102.1,0.1366,265.5,299.3,0.0000,283.8,282.6,-0.0722,323.9,235.6,0,0.0,0.0,0.0000,-4.58,-13.62,1.82,13.60,1,0.0011,1.726,-0.069,25.00,1,-24.2,-103.9,0.15464,312.0,242.4,0.0058,-0.01099,OK
9.1269,9.0933,33.7,0,-29.1,-108.4,0.1549,-39.0,-102.1,0.1366,265.5,299.3,0.0000,286.7,279.0,-0.0723,326.3,231.5,0,0.0,0.0,0.0000,-5.04,-13.90,2.32,13.36,1,-0.0067,0.147,-0.010,25.00,1,-21.8,-101.4,0.15465,320.4,228.5,-0.0021,-0.01095,OK
9.1348,9.0933,41.5,0,-29.1,-108.4,0.1549,-39.0,-102.1,0.1366,265.5,299.3,0.0000,289.1,276.3,-0.0722,328.3,228.5,0,0.0,0.0,0.0000,-5.08,-13.25,2.43,13.19,1,-0.0067,0.147,-0.010,24.00,1,-19.6,-99.3,0.15464,314.9,216.8,-0.0015,-0.01091,OK
9.1425,9.0933,49.3,0,-29.1,-108.4,0.1549,-39.0,-102.1,0.1366,265.5,299.3,0.0000,291.7,273.6,-0.0725,330.4,225.3,0,0.0,0.0,0.0000,-4.55,-14.21,2.41,13.47,1,0.0056,-1.285,0.853,25.00,1,-17.4,-97.3,0.15471,319.9,226.8,0.0195,-0.01093,OK
9.1502,9.0933,56.9,0,-29.1,-108.4,0.1549,-39.0,-102.1,0.1366,265.5,299.3,0.0000,294.3,270.5,-0.0729,332.5,221.9,0,0.0,0.0,0.0000,-4.96,-13.86,2.34,13.91,1,-0.0022,-1.549,0.098,25.00,1,-15.2,-95.2,0.15480,326.4,226.8,0.0058,-0.01091,OK
9.1580,9.0933,64.7,0,-29.1,-108.4,0.1549,-39.0,-102.1,0.1366,265.5,299.3,0.0000,297.1,267.3,-0.0736,334.8,218.3,0,0.0,0.0,0.0000,-4.21,-13.98,2.21,13.69,1,0.0178,0.765,-0.539,25.00,1,-13.0,-93.0,0.15497,316.3,228.3,0.0355,-0.01096,OK
9.1670,9.0933,73.7,0,-29.1,-108.4,0.1549,-39.0,-102.1,0.1366,265.5,299.3,0.0000,300.3,263.2,-0.0745,337.4,213.6,0,0.0,0.0,0.0000,-5.00,-13.77,2.28,13.26,1,0.0178,0.765,-0.539,25.00,1,-10.5,-90.6,0.15521,320.9,218.5,0.0186,-0.01089,OK
9.1749,9.0933,81.7,0,-29.1,-108.4,0.1549,-39.0,-102.1,0.1366,265.5,299.3,0.0000,303.1,259.9,-0.0748,339.6,209.9,0,0.0,0.0,0.0000,-5.64,-13.16,2.86,13.01,1,0.0033,0.941,-0.059,24.00,1,-8.2,-88.6,0.15529,323.4,195.6,0.0038,-0.01081,OK
9.1827,9.0933,89.4,0,-29.1,-108.4,0.1549,-39.0,-102.1,0.1366,265.5,299.3,0.0000,305.6,257.0,-0.0752,341.7,206.7,0,0.0,0.0,0.0000,-4.94,-13.39,3.02,13.48,1,0.0022,-0.667,2.599,25.00,1,-6.0,-86.7,0.15539,323.6,198.7,0.0197,-0.01086,OK
9.1905,9.0933,97.2,0,-29.1,-108.4,0.1549,-39.0,-102.1,0.1366,265.5,299.3,0.0000,308.1,253.8,-0.0760,343.7,203.0,0,0.0,0.0,0.0000,-5.38,-13.61,2.49,13.68,1,0.0344,-0.500,-0.971,25.00,1,-3.7,-84.7,0.15558,330.2,212.7,0.0320,-0.01077,OK
9.1982,9.0933,104.9,0,-29.1,-108.4,0.1549,-39.0,-102.1,0.1366,265.5,299.3,0.0000,310.6,250.8,-0.0774,345.8,199.5,0,0.0,0.0,0.0000,-5.16,-13.08,2.89,13.33,1,0.0544,0.647,0.490,25.00,1,-1.5,-82.8,0.15592,322.9,196.6,0.0591,-0.01072,OK
9.2062,9.0933,112.9,0,-29.1,-108.4,0.1549,-39.0,-102.1,0.1366,265.5,299.3,0.0000,313.2,247.4,-0.0795,347.9,195.5,0,0.0,0.0,0.0000,-4.79,-14.05,3.12,14.10,1,0.0544,0.647,0.490,25.00,1,0.9,-80.7,0.15646,335.5,207.2,0.0735,-0.01078,OK
9.2140,9.0933,120.7,0,-29.1,-108.4,0.1549,-39.0,-102.1,0.1366,265.5,299.3,0.0000,316.0,243.6,-0.0825,350.2,191.1,0,0.0,0.0,0.0000,-4.52,-13.95,3.22,14.21,1,0.0889,-0.559,1.873,24.00,1,3.2,-78.8,0.15720,333.4,206.8,0.1122,-0.01087,OK
9.2230,9.1862,36.8,0,-2.6,-85.9,0.1548,-12.7,-75.9,0.1366,300.0,264.5,0.0000,319.0,247.3,-0.0846,353.8,194.1,0,0.0,0.0,0.0000,-5.01,-12.90,3.00,14.99,1,0.1033,-1.961,-0.824,24.00,1,6.0,-79.2,0.15773,333.6,188.1,0.1151,-0.01086,OK
9.2304,9.1862,44.2,0,-2.6,-85.9,0.1548,-12.7,-75.9,0.1366,300.0,264.5,0.0000,321.8,243.7,-0.0879,356.3,189.9,0,0.0,0.0,0.0000,-4.44,-13.34,2.91,14.06,1,0.0900,-1.510,-2.412,24.00,1,8.2,-77.4,0.15856,323.2,188.0,0.1099,-0.01092,OK
9.2387,9.1862,52.5,0,-2.6,-85.9,0.1548,-12.7,-75.9,0.1366,300.0,264.5,0.0000,325.7,240.6,-0.0916,359.8,185.9,0,0.0,0.0,0.0000,-5.30,-13.03,3.13,9.52,1,0.1444,0.402,5.462,25.00,1,10.4,-75.8,0.15947,277.7,128.4,0.1138,-0.01070,OK
9.2464,9.1862,60.2,0,-2.6,-85.9,0.1548,-12.7,-75.9,0.1366,300.0,264.5,0.0000,329.3,238.2,-0.0951,363.1,182.6,0,0.0,0.0,0.0000,-4.89,-12.66,2.96,10.58,1,0.1444,0.402,5.462,25.00,1,12.4,-74.4,0.16036,287.1,146.2,0.1229,-0.01049,OK
9.2543,9.1862,68.2,0,-2.6,-85.9,0.1548,-12.7,-75.9,0.1366,300.0,264.5,0.0000,332.7,234.7,-0.0991,366.1,178.2,0,0.0,0.0,0.0000,-4.81,-13.96,2.67,12.66,1,0.1378,1.147,-0.510,25.00,1,14.6,-72.6,0.16135,319.2,186.0,0.1283,-0.01035,OK
9.2620,9.1862,75.8,0,-2.6,-85.9,0.1548,-12.7,-75.9,0.1366,300.0,264.5,0.0000,335.3,230.9,-0.1027,368.2,173.7,0,0.0,0.0,0.0000,-5.63,-14.10,3.41,13.44,1,0.1167,-1.393,-4.413,24.00,1,16.9,-70.9,0.16226,341.8,178.3,0.1131,-0.01026,OK
9.2709,9.1862,84.7,0,-2.6,-85.9,0.1548,-12.7,-75.9,0.1366,300.0,264.5,0.0000,337.9,226.4,-0.1068,370.2,168.5,0,0.0,0.0,0.0000,-6.50,-13.41,3.69,14.16,1,0.1256,-0.853,4.080,24.00,1,19.7,-68.8,0.16327,353.4,172.2,0.1167,-0.01012,OK
9.2787,9.1862,92.6,0,-2.6,-85.9,0.1548,-12.7,-75.9,0.1366,300.0,264.5,0.0000,340.1,222.5,-0.1105,371.9,163.9,0,0.0,0.0,0.0000,-6.83,-12.86,4.29,14.14,1,0.1256,-0.853,4.080,25.00,1,22.2,-67.1,0.16419,355.6,153.7,0.1218,-0.01003,OK
9.2865,9.1862,100.3,0,-2.6,-85.9,0.1548,-12.7,-75.9,0.1366,300.0,264.5,0.0000,342.7,218.5,-0.1143,374.0,159.2,0,0.0,0.0,0.0000,-5.75,-12.46,3.75,13.76,1,0.1222,-0.932,0.588,25.00,1,24.6,-65.5,0.16514,334.8,160.2,0.1252,-0.00998,OK
9.2942,9.1862,108.0,0,-2.6,-85.9,0.1548,-12.7,-75.9,0.1366,300.0,264.5,0.0000,345.2,214.6,-0.1181,375.9,154.5,0,0.0,0.0,0.0000,-5.36,-13.14,4.02,13.96,1,0.1033,0.618,-0.412,25.00,1,27.0,-63.8,0.16609,340.3,164.5,0.1202,-0.01002,OK
9.3020,9.1862,115.8,0,-2.6,-85.9,0.1548,-12.7,-75.9,0.1366,300.0,264.5,0.0000,347.7,210.6,-0.1215,377.8,149.9,0,0.0,0.0,0.0000,-6.07,-12.91,4.26,13.29,1,0.0944,0.147,1.834,25.00,1,29.4,-62.2,0.16695,341.5,149.0,0.0999,-0.00999,OK
9.3109,9.1862,124.7,0,-2.6,-85.9,0.1548,-12.7,-75.9,0.1366,300.0,264.5,0.0000,350.5,206.1,-0.1248,380.0,144.7,0,0.0,0.0,0.0000,-6.36,-13.29,3.71,13.80,1,0.0944,0.147,1.834,24.00,1,32.2,-60.3,0.16778,349.0,166.7,0.0889,-0.00988,OK
9.3187,9.1862,132.5,0,-2.6,-85.9,0.1548,-12.7,-75.9,0.1366,300.0,264.5,0.0000,352.8,202.0,-0.1277,381.7,140.0,0,0.0,0.0,0.0000,-6.26,-13.33,4.36,14.15,1,0.0911,-0.637,0.451,25.00,1,34.7,-58.6,0.16850,356.4,158.1,0.0987,-0.00987,OK
9.3260,9.2960,30.0,0,30.1,-59.2,0.1668,22.3,-49.4,0.1366,335.4,217.7,0.0000,350.8,192.7,-0.1297,378.2,130.9,0,0.0,0.0,0.0000,-6.44,-13.45,4.35,13.84,1,0.0833,-1.167,-0.481,25.00,1,37.1,-54.0,0.16900,359.4,173.7,0.0878,-0.00984,OK
9.3341,9.2960,38.1,0,30.1,-59.2,0.1668,22.3,-49.4,0.1366,335.4,217.7,0.0000,351.4,186.9,-0.1332,377.9,124.8,0,0.0,0.0,0.0000,-6.40,-13.12,4.46,14.28,1,0.1200,-0.245,1.628,25.00,1,39.8,-52.1,0.16987,361.1,172.8,0.1253,-0.00981,OK
9.3425,9.2960,46.5,0,30.1,-59.2,0.1668,22.3,-49.4,0.1366,335.4,217.7,0.0000,348.0,179.5,-0.1371,373.4,117.8,0,0.0,0.0,0.0000,-6.77,-13.07,4.46,13.81,1,0.1078,0.157,0.559,25.00,1,42.5,-50.2,0.17084,359.7,165.2,0.1076,-0.00974,OK
9.3502,9.2960,54.2,0,30.1,-59.2,0.1668,22.3,-49.4,0.1366,335.4,217.7,0.0000,345.0,173.0,-0.1404,369.5,111.5,0,0.0,0.0,0.0000,-6.42,-12.85,4.64,12.70,1,0.1078,0.157,0.559,24.00,1,44.9,-48.6,0.17167,344.9,149.8,0.1090,-0.00968,OK
9.3586,9.2960,62.6,0,30.1,-59.2,0.1668,22.3,-49.4,0.1366,335.4,217.7,0.0000,339.5,165.2,-0.1434,362.8,104.5,0,0.0,0.0,0.0000,-7.02,-13.83,4.69,14.30,1,0.0722,-0.520,-1.069,25.00,1,47.7,-46.7,0.17243,375.0,168.0,0.0755,-0.00963,OK
9.3671,9.2960,71.1,0,30.1,-59.2,0.1668,22.3,-49.4,0.1366,335.4,217.7,0.0000,333.4,157.5,-0.1452,355.5,97.8,0,0.0,0.0,0.0000,-7.97,-13.33,5.05,13.67,1,0.0311,0.686,0.471,26.00,1,50.6,-44.9,0.17287,375.0,144.8,0.0290,-0.00955,OK
9.3750,9.2960,79.0,0,30.1,-59.2,0.1668,22.3,-49.4,0.1366,335.4,217.7,0.0000,327.4,151.1,-0.1455,348.6,92.5,0,0.0,0.0,0.0000,-7.54,-12.97,5.16,13.33,1,-0.0144,0.265,1.893,25.00,1,53.3,-43.3,0.17295,365.8,135.3,-0.0085,-0.00952,OK
9.3826,9.2960,86.6,0,30.1,-59.2,0.1668,22.3,-49.4,0.1366,335.4,217.7,0.0000,321.5,145.2,-0.1453,341.7,87.7,0,0.0,0.0,0.0000,-7.85,-13.13,6.00,13.70,1,-0.0144,0.265,1.893,26.00,1,56.0,-41.9,0.17290,379.9,123.8,-0.0030,-0.00953,OK
9.3904,9.2960,94.4,0,30.1,-59.2,0.1668,22.3,-49.4,0.1366,335.4,217.7,0.0000,315.2,139.7,-0.1442,334.5,83.5,0,0.0,0.0,0.0000,-8.91,-12.66,5.40,13.77,1,-0.0667,-0.657,0.549,25.00,1,58.7,-40.4,0.17263,379.3,122.2,-0.0655,-0.00947,OK
9.3980,9.2960,102.0,0,30.1,-59.2,0.1668,22.3,-49.4,0.1366,335.4,217.7,0.0000,309.2,134.8,-0.1415,327.7,79.9,0,0.0,0.0,0.0000,-9.39,-12.31,5.75,12.88,1,-0.1111,-0.598,-0.029,24.00,1,61.4,-39.1,0.17194,374.4,100.2,-0.1112,-0.00940,OK
9.4061,9.2960,110.1,0,30.1,-59.2,0.1668,22.3,-49.4,0.1366,335.4,217.7,0.0000,302.7,130.0,-0.1380,320.4,76.6,0,0.0,0.0,0.0000,-8.18,-12.60,5.84,12.24,1,-0.1067,0.363,2.452,25.00,1,64.2,-37.8,0.17108,362.6,100.6,-0.0996,-0.00939,OK
9.4150,9.2960,119.0,0,30.1,-59.2,0.1668,22.3,-49.4,0.1366,335.4,217.7,0.0000,296.4,125.1,-0.1346,313.3,73.1,0,0.0,0.0,0.0000,-8.12,-9.62,5.25,12.40,1,-0.1033,-0.412,0.206,25.00,1,67.0,-36.5,0.17024,326.3,77.9,-0.0913,-0.00941,OK
9.4221,9.3898,32.4,0,60.7,-38.9,0.1710,54.9,-31.0,0.1366,360.0,173.6,0.0000,292.7,122.1,-0.1298,309.1,71.1,0,0.0,0.0,0.0000,-9.18,-8.30,5.53,12.26,1,-0.1033,-0.412,0.206,25.00,1,68.6,-35.3,0.16903,312.4,50.8,-0.0932,-0.00938,OK
9.4308,9.3898,41.0,0,60.7,-38.9,0.1710,54.9,-31.0,0.1366,360.0,173.6,0.0000,286.4,117.4,-0.1259,302.0,67.9,0,0.0,0.0,0.0000,-8.97,-11.70,5.26,12.57,1,-0.1333,0.873,-0.892,24.00,1,71.3,-34.2,0.16805,353.8,100.9,-0.1324,-0.00932,OK
9.4382,9.3898,48.4,0,60.7,-38.9,0.1710,54.9,-31.0,0.1366,360.0,173.6,0.0000,280.5,113.4,-0.1225,295.5,65.1,0,0.0,0.0,0.0000,-8.85,-11.62,5.23,12.65,1,-0.0956,1.059,2.118,25.00,1,73.8,-33.0,0.16719,352.9,102.6,-0.0966,-0.00925,OK
9.4468,9.3898,57.0,0,60.7,-38.9,0.1710,54.9,-31.0,0.1366,360.0,173.6,0.0000,273.4,108.3,-0.1192,287.6,61.5,0,0.0,0.0,0.0000,-8.54,-12.08,5.60,12.77,1,-0.0989,-1.471,-0.431,25.00,1,76.6,-31.6,0.16637,360.5,102.1,-0.0942,-0.00922,OK
9.4548,9.3898,65.1,0,60.7,-38.9,0.1710,54.9,-31.0,0.1366,360.0,173.6,0.0000,266.6,103.8,-0.1160,280.0,58.4,0,0.0,0.0,0.0000,-8.37,-12.24,5.35,12.27,1,-0.0989,-1.471,-0.431,25.00,1,79.3,-30.3,0.16559,353.9,103.8,-0.0978,-0.00916,OK
9.4630,9.4566,6.4,0,83.0,-26.8,0.1681,79.0,-20.7,0.1366,344.3,130.5,0.0000,257.0,91.6,-0.1171,268.6,47.9,0,0.0,0.0,0.0000,-8.35,-11.67,5.09,11.71,1,-0.1333,0.716,1.245,25.00,1,83.0,-26.9,0.16585,352.4,122.3,-0.1304,-0.00918,OK
9.4706,9.4653,5.3,0,85.4,-25.9,0.1637,81.9,-19.6,0.1366,337.3,123.9,0.0000,250.2,86.6,-0.1109,261.0,44.5,0,0.0,0.0,0.0000,-8.85,-11.38,4.96,10.77,1,-0.1467,0.382,-0.284,24.00,1,85.6,-25.7,0.16430,331.0,99.9,-0.1543,-0.00906,OK
9.4779,9.4735,4.4,0,88.4,-24.9,0.1616,84.7,-18.6,0.1366,330.7,117.8,0.0000,242.6,82.7,-0.1040,252.8,42.4,0,0.0,0.0,0.0000,-8.22,-9.91,4.63,11.12,1,-0.1800,0.559,0.902,24.00,1,88.3,-24.7,0.16257,329.3,80.6,-0.1811,-0.00900,OK
9.4870,9.4819,5.1,0,91.7,-23.0,0.1630,87.4,-17.6,0.1366,323.9,112.0,0.0000,233.4,78.2,-0.0999,243.0,39.6,0,0.0,0.0,0.0000,-8.05,-10.35,5.28,10.69,1,-0.1800,0.559,0.902,25.00,1,91.4,-23.3,0.16154,359.7,88.6,-0.1671,-0.00902,OK
9.4948,9.4904,4.4,0,93.9,-21.0,0.1578,90.2,-16.7,0.1366,316.9,106.3,0.0000,226.0,71.0,-0.0928,234.4,34.1,0,0.0,0.0,0.0000,-8.18,-10.33,4.71,10.55,1,-0.1367,0.598,2.030,25.00,1,94.0,-21.5,0.15979,341.1,127.6,-0.1496,-0.00891,OK
9.5022,9.4990,3.2,0,96.9,-20.6,0.1612,92.9,-15.8,0.1366,309.7,100.7,0.0000,217.3,67.4,-0.0910,225.3,32.1,0,0.0,0.0,0.0000,-7.96,-10.62,4.89,10.94,1,-0.1100,1.402,0.020,27.00,1,96.9,-20.3,0.15934,348.5,97.5,-0.0893,-0.00889,OK
9.5109,9.5073,3.6,0,99.2,-19.5,0.1583,95.4,-15.0,0.1366,302.7,95.4,0.0000,210.1,62.7,-0.0884,217.4,28.7,0,0.0,0.0,0.0000,-7.71,-10.22,5.21,10.91,1,-0.0722,1.255,-0.402,24.00,1,99.3,-19.3,0.15868,324.3,82.4,-0.0715,-0.00886,OK
9.5183,9.5157,2.6,0,102.0,-19.0,0.1647,97.9,-14.2,0.1366,295.4,90.1,0.0000,201.3,61.1,-0.0927,208.5,28.3,0,0.0,0.0,0.0000,-7.52,-9.66,5.13,11.18,1,-0.0367,0.010,0.579,25.00,1,102.0,-18.7,0.15975,325.1,51.2,0.0337,-0.00890,OK
9.5267,9.5242,2.5,0,104.4,-18.1,0.1611,100.4,-13.5,0.1366,288.1,85.1,0.0000,193.1,57.3,-0.0925,199.8,25.8,0,0.0,0.0,0.0000,-8.02,-10.29,5.11,10.98,1,-0.0367,0.010,0.579,24.00,1,104.5,-17.9,0.15971,319.0,50.9,-0.0211,-0.00884,OK
9.5342,9.5242,10.0,0,104.4,-18.1,0.1611,100.4,-13.5,0.1366,288.1,85.1,0.0000,190.6,56.2,-0.0922,197.1,25.2,0,0.0,0.0,0.0000,-6.98,-10.06,5.02,9.89,1,-0.0344,0.186,0.539,25.00,1,105.1,-17.7,0.15962,304.5,55.0,-0.0343,-0.00878,OK
9.5430,9.5411,1.9,0,109.4,-15.9,0.1715,105.1,-12.1,0.1366,273.3,75.9,0.0000,176.3,51.6,-0.1024,182.3,22.5,0,0.0,0.0,0.0000,-6.93,-9.39,4.62,9.26,1,-0.0189,1.589,0.275,25.00,1,109.3,-16.0,0.16218,293.4,63.9,0.1279,-0.00882,OK
9.5505,9.5411,9.4,0,109.4,-15.9,0.1715,105.1,-12.1,0.1366,273.3,75.9,0.0000,174.1,50.5,-0.1014,180.0,21.7,0,0.0,0.0,0.0000,-7.17,-8.84,4.67,9.18,1,0.0044,1.618,0.785,25.00,1,109.7,-15.9,0.16192,287.1,52.6,-0.0053,-0.00869,OK
9.5583,9.5498,8.5,0,111.7,-14.3,0.1610,107.5,-11.5,0.1366,265.4,71.4,0.0000,167.1,43.6,-0.1003,171.9,16.2,0,0.0,0.0,0.0000,-6.55,-8.51,4.48,8.88,1,0.0133,0.922,0.686,25.00,1,111.8,-14.5,0.16164,277.8,74.6,0.0067,-0.00857,OK
9.5669,9.5581,8.8,0,113.4,-13.0,0.1641,109.7,-10.9,0.1366,257.9,67.5,0.0000,159.5,39.2,-0.1033,163.8,12.9,0,0.0,0.0,0.0000,-6.63,-9.03,4.69,8.52,1,0.0133,0.922,0.686,25.00,1,113.7,-13.1,0.16240,267.6,87.6,0.0053,-0.00849,OK
9.5744,9.5667,7.7,0,116.2,-12.7,0.1584,111.9,-10.3,0.1366,249.9,63.5,0.0000,151.3,35.6,-0.1015,155.0,10.8,0,0.0,0.0,0.0000,-6.47,-7.81,4.55,8.85,1,0.0478,1.138,0.373,25.00,1,116.0,-12.4,0.16195,270.9,66.4,0.0432,-0.00837,OK
9.5823,9.5749,7.4,0,118.2,-12.2,0.1598,113.9,-9.8,0.1366,242.4,60.0,0.0000,142.7,33.8,-0.1013,146.3,10.4,0,0.0,0.0,0.0000,-5.75,-7.60,3.85,8.20,1,0.0600,2.148,0.853,25.00,1,118.1,-11.8,0.16191,253.3,56.3,0.0483,-0.00821,OK
9.5907,9.5833,7.3,0,119.5,-10.4,0.1680,115.9,-9.3,0.1366,234.5,56.4,0.0000,134.9,30.6,-0.1070,138.1,8.3,0,0.0,0.0,0.0000,-5.97,-7.16,4.34,8.14,1,0.0578,1.216,0.677,24.00,1,119.8,-10.7,0.16332,241.3,60.9,0.0538,-0.00817,OK
9.5985,9.5918,6.8,0,121.1,-9.3,0.1625,117.8,-8.9,0.1366,226.9,52.7,0.0000,128.1,25.8,-0.1076,130.6,4.6,0,0.0,0.0,0.0000,-6.48,-6.79,4.09,7.56,1,0.0578,1.216,0.677,25.00,1,121.3,-9.6,0.16348,220.9,68.0,0.0380,-0.00797,OK
9.6062,9.6002,6.0,0,123.7,-8.1,0.1630,119.7,-8.4,0.1366,219.2,49.0,0.0000,119.4,21.3,-0.1083,121.3,1.6,0,0.0,0.0,0.0000,-5.17,-6.68,3.67,6.75,1,0.0489,-0.363,0.951,24.00,1,123.4,-8.3,0.16365,223.2,82.8,0.0355,-0.00783,OK
9.6144,9.6087,5.6,0,125.4,-7.4,0.1502,121.5,-8.0,0.1366,211.1,45.9,0.0000,111.3,16.8,-0.1013,112.6,-1.4,0,0.0,0.0,0.0000,-4.88,-5.97,3.46,6.91,1,0.0644,1.510,1.687,25.00,1,125.3,-7.4,0.16191,220.5,76.7,0.0313,-0.00760,OK
9.6220,9.6087,13.3,0,125.4,-7.4,0.1502,121.5,-8.0,0.1366,211.1,45.9,0.0000,105.5,14.7,-0.1025,106.4,-2.5,0,0.0,0.0,0.0000,-4.54,-5.47,3.48,6.59,1,0.0644,2.687,0.108,25.00,1,126.3,-6.8,0.16219,207.4,68.3,0.0639,-0.00754,OK
9.6301,9.6256,4.5,0,128.7,-6.1,0.1644,125.0,-7.3,0.1366,194.9,40.2,0.0000,95.0,13.0,-0.1065,95.9,-2.6,0,0.0,0.0,0.0000,-4.65,-5.43,3.87,6.16,1,0.0644,2.687,0.108,24.00,1,128.7,-6.0,0.16321,208.8,45.1,0.0690,-0.00750,OK
9.6389,9.6341,4.8,0,130.6,-6.3,0.1608,126.6,-7.0,0.1366,186.8,37.6,0.0000,85.9,11.7,-0.1054,86.6,-2.4,0,0.0,0.0,0.0000,-4.54,-5.77,3.60,5.51,1,0.0367,1.559,0.981,25.00,1,130.5,-5.9,0.16293,204.6,17.3,0.0154,-0.00733,OK
9.6465,9.6425,4.0,0,132.1,-6.1,0.1577,128.1,-6.7,0.1366,178.9,34.8,0.0000,77.7,10.7,-0.1019,78.4,-1.9,0,0.0,0.0,0.0000,-4.81,-4.98,3.65,5.29,1,0.0344,0.559,1.275,25.00,1,132.1,-5.9,0.16207,191.9,-6.2,-0.0082,-0.00713,OK
9.6541,9.6509,3.2,0,132.8,-5.6,0.1557,129.6,-6.4,0.1366,170.9,32.2,0.0000,70.9,9.2,-0.0976,71.4,-2.3,0,0.0,0.0,0.0000,-3.94,-3.92,3.05,4.80,1,0.0211,1.726,0.441,25.00,1,133.1,-5.6,0.16099,138.2,5.2,-0.0298,-0.00701,OK
9.6623,9.6593,2.9,0,133.6,-5.2,0.1670,131.0,-6.1,0.1366,162.7,29.9,0.0000,64.5,8.5,-0.1020,65.1,-2.0,0,0.0,0.0,0.0000,-3.41,-3.71,2.57,4.26,1,-0.0100,2.108,1.069,25.00,1,133.8,-5.3,0.16208,108.9,17.8,0.0426,-0.00703,OK
9.6704,9.6593,11.1,0,133.6,-5.2,0.1670,131.0,-6.1,0.1366,162.7,29.9,0.0000,59.5,7.6,-0.1011,59.9,-2.1,0,0.0,0.0,0.0000,-3.34,-3.30,0.03,3.74,1,-0.0100,2.108,1.069,24.00,1,134.1,-5.1,0.16185,88.0,43.4,-0.0498,-0.00678,OK
9.6789,9.6593,19.5,0,133.6,-5.2,0.1670,131.0,-6.1,0.1366,162.7,29.9,0.0000,52.5,6.3,-0.1001,52.8,-2.2,0,0.0,0.0,0.0000,-3.60,-3.01,3.17,3.38,1,-0.0022,1.334,0.618,25.00,1,134.9,-4.9,0.16161,114.4,-12.0,-0.0058,-0.00671,OK
9.6866,9.6593,27.3,0,133.6,-5.2,0.1670,131.0,-6.1,0.1366,162.7,29.9,0.0000,45.7,5.6,-0.1002,46.0,-1.8,0,0.0,0.0,0.0000,-3.15,-2.31,2.45,2.74,1,0.0333,1.304,0.598,25.00,1,135.7,-4.8,0.16163,92.6,-11.2,0.0137,-0.00653,OK
9.6949,9.6593,35.6,0,133.6,-5.2,0.1670,131.0,-6.1,0.1366,162.7,29.9,0.0000,38.5,4.7,-0.1005,38.8,-1.6,0,0.0,0.0,0.0000,-2.68,-2.26,2.05,2.30,1,0.0344,1.834,0.981,25.00,1,136.4,-4.8,0.16170,81.1,-6.4,0.0045,-0.00628,OK
9.7026,9.6593,43.2,0,133.6,-5.2,0.1670,131.0,-6.1,0.1366,162.7,29.9,0.0000,31.9,3.8,-0.1009,32.1,-1.4,0,0.0,0.0,0.0000,-2.11,-1.64,1.97,1.96,1,0.0344,1.834,0.981,24.00,1,137.0,-4.7,0.16181,67.3,-9.6,0.0251,-0.00618,OK
9.7102,9.6593,50.9,0,133.6,-5.2,0.1670,131.0,-6.1,0.1366,162.7,29.9,0.0000,25.6,3.1,-0.1014,25.8,-1.1,0,0.0,0.0,0.0000,-1.84,-1.40,2.22,1.52,1,-0.0022,1.579,0.667,24.00,1,137.5,-4.8,0.16193,60.4,-16.4,0.0072,-0.00620,OK
9.7180,9.6593,58.7,0,133.6,-5.2,0.1670,131.0,-6.1,0.1366,162.7,29.9,0.0000,19.2,2.5,-0.1002,19.4,-0.7,0,0.0,0.0,0.0000,-2.20,-1.08,1.25,0.81,1,-0.0456,1.138,0.451,25.00,1,137.9,-4.8,0.16164,46.2,-18.6,-0.0772,-0.00594,OK
9.7271,9.7016,25.5,0,138.3,-4.9,0.1671,137.0,-5.1,0.1366,121.4,19.8,0.0000,13.2,2.8,-0.1065,13.5,0.6,0,0.0,0.0,0.0000,-1.41,-0.65,0.77,0.69,1,-0.0767,1.363,0.275,25.00,1,139.3,-5.0,0.16319,45.1,-15.2,-0.0708,-0.00606,OK
9.7340,9.7016,32.4,0,138.3,-4.9,0.1671,137.0,-5.1,0.1366,121.4,19.8,0.0000,10.8,2.9,-0.1044,11.1,1.1,0,0.0,0.0,0.0000,-1.16,0.05,0.63,-0.04,1,-0.0867,1.304,0.226,25.00,1,139.6,-5.1,0.16268,27.8,-24.8,-0.0781,-0.00608,OK
9.7426,9.7016,41.1,0,138.3,-4.9,0.1671,137.0,-5.1,0.1366,121.4,19.8,0.0000,4.1,2.5,-0.1018,4.4,1.8,0,0.0,0.0,0.0000,-0.78,0.23,0.29,-0.13,1,-0.0933,0.941,-0.000,25.00,1,139.8,-5.3,0.16202,18.4,-19.5,-0.0746,-0.00617,OK
9.7510,9.7016,49.4,0,138.3,-4.9,0.1671,137.0,-5.1,0.1366,121.4,19.8,0.0000,5.4,3.2,-0.0994,5.9,2.3,0,0.0,0.0,0.0000,-0.65,0.35,0.36,-0.23,1,-0.0933,0.941,-0.000,24.00,1,140.0,-5.4,0.16144,14.9,-20.9,-0.0674,-0.00630,OK
9.7582,9.7016,56.6,0,138.3,-4.9,0.1671,137.0,-5.1,0.1366,121.4,19.8,0.0000,6.9,3.9,-0.0969,7.4,2.7,0,0.0,0.0,0.0000,-0.07,0.61,-0.22,-1.21,1,-0.1233,1.079,-0.000,24.00,1,140.0,-5.6,0.16080,-7.5,-19.7,-0.1105,-0.00634,OK
9.7660,9.7016,64.4,0,138.3,-4.9,0.1671,137.0,-5.1,0.1366,121.4,19.8,0.0000,8.4,4.6,-0.0923,9.0,3.2,0,0.0,0.0,0.0000,-0.26,0.46,-0.46,-1.51,1,-0.1889,1.108,0.118,25.00,1,140.0,-5.7,0.15965,-10.0,-20.3,-0.1825,-0.00634,OK
9.7741,9.7016,72.6,0,138.3,-4.9,0.1671,137.0,-5.1,0.1366,121.4,19.8,0.0000,10.0,5.3,-0.0863,10.8,3.7,0,0.0,0.0,0.0000,-0.11,0.67,-0.93,-1.50,1,-0.1889,1.108,0.118,24.00,1,139.9,-5.9,0.15816,-17.5,-15.5,-0.1844,-0.00633,OK
9.7822,9.7016,80.7,0,138.3,-4.9,0.1671,137.0,-5.1,0.1366,121.4,19.8,0.0000,11.7,6.0,-0.0802,12.5,4.1,0,0.0,0.0,0.0000,0.64,0.91,-0.75,-2.21,1,-0.2356,0.539,-0.069,25.00,1,139.7,-6.1,0.15663,-32.7,-18.8,-0.1963,-0.00655,OK
9.7900,9.7016,88.4,0,138.3,-4.9,0.1671,137.0,-5.1,0.1366,121.4,19.8,0.0000,13.4,6.8,-0.0741,14.3,4.6,0,0.0,0.0,0.0000,0.64,1.26,-1.17,-2.25,1,-0.2289,0.412,0.010,25.00,1,139.4,-6.2,0.15511,-40.5,-18.0,-0.1980,-0.00671,OK
9.7981,9.7016,96.5,0,138.3,-4.9,0.1671,137.0,-5.1,0.1366,121.4,19.8,0.0000,15.0,7.5,-0.0682,16.0,5.1,0,0.0,0.0,0.0000,0.78,1.19,-1.29,-2.36,1,-0.1833,0.343,0.206,24.00,1,139.1,-6.4,0.15362,-43.5,-14.4,-0.1725,-0.00674,OK
9.8067,9.7016,105.1,0,138.3,-4.9,0.1671,137.0,-5.1,0.1366,121.4,19.8,0.0000,16.7,8.1,-0.0625,17.7,5.5,0,0.0,0.0,0.0000,0.84,1.27,-1.19,-2.13,1,-0.1833,0.343,0.206,25.00,1,138.7,-6.6,0.15221,-42.6,-13.9,-0.1566,-0.00687,OK
9.8146,9.7016,113.0,0,138.3,-4.9,0.1671,137.0,-5.1,0.1366,121.4,19.8,0.0000,17.9,8.6,-0.0576,19.0,5.8,0,0.0,0.0,0.0000,0.83,0.93,-1.35,-2.36,1,-0.1478,0.157,0.196,24.00,1,138.4,-6.7,0.15097,-42.9,-9.2,-0.1562,-0.00677,OK
9.8229,9.7016,121.3,0,138.3,-4.9,0.1671,137.0,-5.1,0.1366,121.4,19.8,0.0000,19.2,9.0,-0.0529,20.4,6.1,0,0.0,0.0,0.0000,1.27,1.26,-1.35,-2.28,1,-0.1433,-0.088,0.216,25.00,1,138.0,-6.9,0.14981,-50.0,-7.9,-0.1243,-0.00685,OK
9.8299,9.7016,128.4,0,138.3,-4.9,0.1671,137.0,-5.1,0.1366,121.4,19.8,0.0000,18.8,2.7,-0.1220,19.0,-0.1,0,0.0,0.0,0.0000,0.69,1.75,-1.15,-2.61,1,-0.1544,-0.196,0.284,24.00,1,137.7,-7.1,0.14885,-51.4,-24.7,-0.1473,-0.00685,OK
9.8388,9.8030,35.8,0,138.5,-6.1,0.1503,144.3,-4.0,0.1366,21.3,3.0,0.0000,18.2,6.4,-0.0550,18.9,3.7,0,0.0,0.0,0.0000,1.22,1.01,-1.26,-2.25,1,-0.1689,-0.245,0.118,25.00,1,137.2,-6.5,0.14686,-47.4,-2.1,-0.1457,-0.00693,OK
9.8465,9.8030,43.6,0,138.5,-6.1,0.1503,144.3,-4.0,0.1366,21.3,3.0,0.0000,18.2,6.4,-0.0550,18.9,3.7,0,0.0,0.0,0.0000,1.05,1.85,-1.30,-2.08,1,-0.1689,-0.245,0.118,25.00,1,136.8,-6.6,0.14582,-52.7,-11.5,-0.1251,-0.00717,OK
9.8546,9.8030,51.6,0,138.5,-6.1,0.1503,144.3,-4.0,0.1366,21.3,3.0,0.0000,18.2,6.4,-0.0550,18.9,3.8,0,0.0,0.0,0.0000,0.11,0.85,-0.90,-2.42,1,-0.1867,-0.608,0.147,26.00,1,136.5,-6.8,0.14449,-35.4,-17.8,-0.2010,-0.00703,OK
9.8629,9.8030,59.9,0,138.5,-6.1,0.1503,144.3,-4.0,0.1366,21.3,3.0,0.0000,18.2,6.4,-0.0550,18.9,3.8,0,0.0,0.0,0.0000,-0.01,0.99,-1.14,-2.68,1,-0.2233,-0.794,0.029,25.00,1,136.2,-7.0,0.14265,-40.3,-20.8,-0.2424,-0.00686,OK
9.8701,9.8030,67.1,0,138.5,-6.1,0.1503,144.3,-4.0,0.1366,21.3,3.0,0.0000,18.2,6.4,-0.0550,18.9,3.8,0,0.0,0.0,0.0000,0.34,0.79,-1.23,-2.18,1,-0.2478,-0.598,-0.010,25.00,1,135.9,-7.2,0.14095,-38.4,-10.4,-0.2341,-0.00690,OK
9.8781,9.8030,75.1,0,138.5,-6.1,0.1503,144.3,-4.0,0.1366,21.3,3.0,0.0000,18.2,6.4,-0.0550,18.9,3.9,0,0.0,0.0,0.0000,0.28,0.60,-0.95,-1.96,1,-0.2711,-0.647,0.039,25.00,1,135.6,-7.3,0.13904,-32.3,-10.7,-0.2391,-0.00706,OK
9.8870,9.8030,84.1,0,138.5,-6.1,0.1503,144.3,-4.0,0.1366,21.3,3.0,0.0000,18.2,6.4,-0.0550,18.9,3.9,0,0.0,0.0,0.0000,-0.32,0.52,-1.00,-1.79,1,-0.2711,-0.647,0.039,25.00,1,135.4,-7.4,0.13680,-25.2,-14.4,-0.2623,-0.00707,OK
9.8941,9.8030,91.1,0,138.5,-6.1,0.1503,144.3,-4.0,0.1366,21.3,3.0,0.0000,18.2,6.4,-0.0550,18.9,3.9,0,0.0,0.0,0.0000,-0.07,0.00,-1.00,-1.74,1,-0.2956,-0.667,-0.177,25.00,1,135.3,-7.5,0.13489,-22.4,-5.7,-0.2802,-0.00712,OK
9.9025,9.8030,99.5,0,138.5,-6.1,0.1503,144.3,-4.0,0.1366,21.3,3.0,0.0000,18.2,6.4,-0.0550,18.9,4.0,0,0.0,0.0,0.0000,-0.28,-0.24,-0.78,-1.55,1,-0.3011,-0.579,-0.186,24.00,1,135.1,-7.6,0.13251,-15.0,-6.4,-0.2856,-0.00717,OK
9.9103,9.8030,107.3,0,138.5,-6.1,0.1503,144.3,-4.0,0.1366,21.3,3.0,0.0000,18.2,6.4,-0.0550,18.9,4.0,0,0.0,0.0,0.0000,-0.67,-0.18,-0.79,-1.36,1,-0.2844,-0.628,-0.216,24.00,1,135.0,-7.7,0.13030,-10.4,-9.4,-0.2834,-0.00713,OK
9.9190,9.8030,116.1,0,138.5,-6.1,0.1503,144.3,-4.0,0.1366,21.3,3.0,0.0000,18.2,6.4,-0.0550,18.8,4.1,0,0.0,0.0,0.0000,-0.47,-0.01,-0.58,-1.01,1,-0.2844,-0.628,-0.216,24.00,1,135.0,-7.7,0.12796,-8.9,-8.8,-0.2478,-0.00730,OK
9.9261,9.8030,123.1,0,138.5,-6.1,0.1503,144.3,-4.0,0.1366,21.3,3.0,0.0000,18.2,6.4,-0.0550,18.8,4.1,0,0.0,0.0,0.0000,-0.22,-0.24,-1.07,-0.74,1,-0.2433,-0.677,-0.275,25.00,1,134.9,-7.7,0.12630,-10.1,4.8,-0.2236,-0.00737,OK
9.9357,9.9128,22.9,0,133.5,-7.6,0.1385,144.5,-4.0,0.1366,0.0,0.0,0.0000,33.1,10.9,-0.0075,34.3,6.5,0,0.0,0.0,0.0000,-0.58,-0.76,-0.40,-0.63,1,-0.1833,-0.598,-0.177,25.00,1,133.2,-7.6,0.13097,-7.4,3.1,-0.1942,-0.00754,OK
9.9425,9.9382,4.4,0,133.4,-7.7,0.1343,144.5,-4.0,0.1366,0.0,0.0,0.0000,33.2,11.2,0.0092,34.4,6.7,0,0.0,0.0,0.0000,-0.37,-0.60,-0.48,-0.50,1,-0.1122,-0.304,0.088,25.00,1,133.4,-7.7,0.13078,0.9,-0.6,-0.1163,-0.00743,OK
9.9504,9.9466,3.8,0,133.6,-7.7,0.1366,144.5,-4.0,0.1366,0.0,0.0,0.0000,32.9,11.3,-0.0001,34.0,6.9,0,0.0,0.0,0.0000,-0.34,-0.09,0.14,-0.04,1,-0.0378,-0.147,0.118,25.00,1,133.5,-7.7,0.13196,8.8,-8.1,-0.0019,-0.00747,OK
9.9581,9.9466,11.4,0,133.6,-7.7,0.1366,144.5,-4.0,0.1366,0.0,0.0,0.0000,32.9,11.3,-0.0001,34.0,6.9,0,0.0,0.0,0.0000,-1.08,-0.56,-0.11,0.07,1,-0.0378,-0.147,0.118,25.00,1,133.6,-7.7,0.13164,16.2,-5.9,-0.0872,-0.00714,OK
9.9663,9.9635,2.7,0,133.6,-7.6,0.1345,144.5,-4.0,0.1366,0.0,0.0,0.0000,32.7,10.9,0.0082,33.8,6.5,0,0.0,0.0,0.0000,-0.16,-0.43,-0.03,0.49,1,0.0189,-0.186,0.118,24.00,1,133.6,-7.6,0.13218,7.2,9.5,0.0385,-0.00710,OK
9.9746,9.9720,2.6,0,133.5,-7.5,0.1341,144.5,-4.0,0.1366,0.0,0.0,0.0000,32.9,10.6,0.0098,34.0,6.2,0,0.0,0.0,0.0000,-0.15,-0.45,0.58,0.61,1,0.0767,-0.118,0.157,25.00,1,133.6,-7.5,0.13311,4.2,7.0,0.0838,-0.00703,OK
9.9827,9.9720,10.7,0,133.5,-7.5,0.1341,144.5,-4.0,0.1366,0.0,0.0,0.0000,32.9,10.6,0.0098,34.0,6.2,0,0.0,0.0,0.0000,-0.34,0.11,0.63,0.76,1,0.1344,-0.245,0.118,25.00,1,133.6,-7.5,0.13349,8.2,-1.2,0.1253,-0.00692,OK
9.9908,9.9812,9.6,0,133.8,-7.7,0.1316,144.5,-4.0,0.1366,0.0,0.0,0.0000,32.0,11.3,0.0201,33.3,6.9,0,0.0,0.0,0.0000,0.00,0.00,0.61,0.87,1,0.1344,-0.245,0.118,24.00,1,133.8,-7.7,0.13360,10.9,-2.3,0.1401,-0.00688,OK
9.9982,9.9895,8.7,0,133.9,-7.3,0.1335,144.5,-4.0,0.1366,0.0,0.0,0.0000,31.8,10.0,0.0121,32.9,5.7,0,0.0,0.0,0.0000,-0.17,0.35,0.63,0.96,1,0.1856,-0.196,0.343,25.00,1,133.9,-7.4,0.13445,12.4,5.4,0.1792,-0.00678,OK
10.0067,9.9973,9.3,0,133.9,-7.2,0.1370,144.5,-4.0,0.1366,0.0,0.0,0.0000,31.8,9.8,-0.0018,32.8,5.4,0,0.0,0.0,0.0000,0.58,0.11,0.82,1.16,1,0.2233,-0.235,0.196,24.00,1,134.0,-7.2,0.13654,9.8,18.8,0.2406,-0.00687,OK
10.0150,10.0058,9.2,0,134.2,-7.2,0.1403,144.5,-4.0,0.1366,0.0,0.0,0.0000,31.0,9.8,-0.0150,32.1,5.4,0,0.0,0.0,0.0000,-0.23,0.22,0.92,1.24,1,0.2400,-0.177,0.284,25.00,1,134.2,-7.2,0.13907,21.9,4.3,0.2270,-0.00674,OK
10.0228,10.0142,8.5,0,134.2,-7.1,0.1393,144.5,-4.0,0.1366,0.0,0.0,0.0000,30.9,9.4,-0.0108,31.9,5.0,0,0.0,0.0,0.0000,0.33,0.00,1.00,1.24,1,0.2500,-0.137,0.294,25.00,1,134.2,-7.1,0.14053,16.5,12.2,0.2518,-0.00669,OK
10.0307,10.0142,16.4,0,134.2,-7.1,0.1393,144.5,-4.0,0.1366,0.0,0.0,0.0000,30.9,9.4,-0.0108,31.9,5.0,0,0.0,0.0,0.0000,0.24,0.08,1.30,1.28,1,0.2500,-0.137,0.294,25.00,1,134.4,-7.0,0.14256,19.2,6.9,0.2614,-0.00673,OK
10.0387,10.0311,7.6,0,134.4,-7.2,0.1422,144.5,-4.0,0.1366,0.0,0.0,0.0000,30.3,9.8,-0.0224,31.4,5.4,0,0.0,0.0,0.0000,0.02,0.08,1.38,1.13,1,0.2511,-0.127,0.294,25.00,1,134.4,-7.1,0.14427,15.7,-5.1,0.2487,-0.00665,OK
10.0461,10.0396,6.5,0,134.7,-7.2,0.1423,144.5,-4.0,0.1366,0.0,0.0,0.0000,29.5,9.8,-0.0231,30.6,5.4,0,0.0,0.0,0.0000,0.12,-0.01,1.20,1.50,1,0.2422,-0.118,0.157,25.00,1,134.6,-7.2,0.14570,20.2,-0.4,0.2508,-0.00666,OK
10.0546,10.0480,6.6,0,135.4,-7.9,0.1409,144.5,-4.0,0.1366,0.0,0.0,0.0000,27.2,11.8,-0.0171,28.6,7.7,0,0.0,0.0,0.0000,-0.01,0.01,1.14,1.28,1,0.2300,-0.069,0.206,25.00,1,135.2,-7.6,0.14645,34.5,-23.6,0.2256,-0.00658,OK
10.0621,10.0565,5.7,0,135.5,-7.9,0.1415,144.5,-4.0,0.1366,0.0,0.0,0.0000,27.0,11.8,-0.0197,28.5,7.7,0,0.0,0.0,0.0000,-0.22,0.33,1.28,1.47,1,0.2300,-0.069,0.206,26.00,1,135.5,-7.8,0.14724,33.1,-30.1,0.2287,-0.00658,OK
10.0701,10.0649,5.2,0,135.5,-7.8,0.1407,144.5,-4.0,0.1366,0.0,0.0,0.0000,26.9,11.6,-0.0163,28.3,7.5,0,0.0,0.0,0.0000,-0.14,0.05,1.09,1.20,1,0.2100,-0.108,0.186,25.00,1,135.6,-7.9,0.14757,22.0,-16.1,0.1852,-0.00649,OK
10.0782,10.0733,4.9,0,135.7,-7.9,0.1378,144.5,-4.0,0.1366,0.0,0.0,0.0000,26.6,11.9,-0.0050,28.0,7.9,0,0.0,0.0,0.0000,-0.30,-0.06,0.77,1.01,1,0.1767,0.000,0.127,25.00,1,135.7,-8.0,0.14703,15.5,-11.9,0.1223,-0.00628,OK
10.0866,10.0818,4.8,0,136.3,-7.8,0.1432,144.5,-4.0,0.1366,0.0,0.0,0.0000,24.8,11.5,-0.0266,26.2,7.7,0,0.0,0.0,0.0000,-0.49,-0.13,1.39,1.01,1,0.1356,0.010,0.098,25.00,1,136.1,-7.9,0.14738,37.6,-11.9,0.1275,-0.00627,OK
10.0949,10.0903,4.6,0,136.4,-7.9,0.1444,144.5,-4.0,0.1366,0.0,0.0,0.0000,24.4,11.8,-0.0312,25.9,8.0,0,0.0,0.0,0.0000,-0.17,0.06,0.94,0.92,1,0.0833,0.137,0.029,25.00,1,136.4,-7.9,0.14769,25.1,-6.3,0.1003,-0.00641,OK
10.1022,10.0903,12.0,0,136.4,-7.9,0.1444,144.5,-4.0,0.1366,0.0,0.0,0.0000,24.4,11.8,-0.0312,25.9,8.0,0,0.0,0.0,0.0000,-0.44,-0.22,0.15,0.64,1,0.0833,0.137,0.029,25.00,1,136.5,-7.9,0.14794,20.9,0.1,0.0594,-0.00622,OK
10.1108,10.0987,12.1,0,136.3,-7.8,0.1487,144.5,-4.0,0.1366,0.0,0.0,0.0000,24.5,11.4,-0.0483,25.9,7.7,0,0.0,0.0,0.0000,-0.11,-0.19,0.56,0.45,1,0.0089,0.216,-0.118,25.00,1,136.4,-7.8,0.14849,12.5,0.5,0.0352,-0.00635,OK
10.1181,10.1160,2.1,0,136.4,-7.1,0.1493,144.5,-4.0,0.1366,0.0,0.0,0.0000,24.3,9.4,-0.0510,25.4,5.7,0,0.0,0.0,0.0000,-0.62,-0.27,0.39,0.86,1,-0.0567,0.147,0.059,24.00,1,136.5,-7.3,0.14864,11.0,32.8,-0.0066,-0.00657,OK
10.1266,10.1160,10.6,0,136.4,-7.1,0.1493,144.5,-4.0,0.1366,0.0,0.0,0.0000,24.3,9.4,-0.0510,25.4,5.7,0,0.0,0.0,0.0000,-0.85,-0.77,0.21,0.16,1,-0.1167,0.226,-0.108,24.00,1,136.5,-7.2,0.14820,13.5,17.1,-0.1142,-0.00654,OK
10.1346,10.1241,10.5,0,136.9,-7.5,0.1469,144.5,-4.0,0.1366,0.0,0.0,0.0000,22.9,10.6,-0.0415,24.2,7.1,0,0.0,0.0,0.0000,-1.16,-0.71,-0.03,0.20,1,-0.1167,0.226,-0.108,25.00,1,136.9,-7.4,0.14703,23.1,3.7,-0.1311,-0.00641,OK
10.1426,10.1410,1.6,0,137.2,-7.9,0.1467,144.5,-4.0,0.1366,0.0,0.0,0.0000,21.9,12.0,-0.0404,23.4,8.7,0,0.0,0.0,0.0000,-0.60,-0.69,-0.21,-0.14,1,-0.1589,0.137,0.039,25.00,1,137.2,-7.8,0.14531,16.0,-28.7,-0.1277,-0.00642,OK
10.1502,10.1410,9.1,0,137.2,-7.9,0.1467,144.5,-4.0,0.1366,0.0,0.0,0.0000,21.9,12.0,-0.0404,23.4,8.7,0,0.0,0.0,0.0000,-0.49,-0.94,0.08,-0.16,1,-0.1811,0.049,-0.000,24.00,1,137.2,-7.8,0.14505,17.2,-12.8,-0.1613,-0.00650,OK
10.1589,10.1494,9.5,0,137.2,-7.5,0.1444,144.5,-4.0,0.1366,0.0,0.0,0.0000,21.9,10.6,-0.0312,23.2,7.3,0,0.0,0.0,0.0000,-0.52,-1.08,-0.60,-0.19,1,-0.1956,-0.059,0.167,25.00,1,137.2,-7.5,0.14368,9.9,7.3,-0.1980,-0.00645,OK
10.1667,10.1578,8.9,0,137.4,-7.5,0.1430,144.5,-4.0,0.1366,0.0,0.0,0.0000,21.3,10.5,-0.0258,22.6,7.4,0,0.0,0.0,0.0000,-0.80,-1.01,-0.73,-0.15,1,-0.1956,-0.059,0.167,25.00,1,137.4,-7.5,0.14231,15.3,6.2,-0.2100,-0.00633,OK
10.1739,10.1578,16.1,0,137.4,-7.5,0.1430,144.5,-4.0,0.1366,0.0,0.0,0.0000,21.3,10.5,-0.0258,22.5,7.4,0,0.0,0.0,0.0000,-0.55,-0.52,-0.26,0.06,1,-0.2022,-0.078,0.196,25.00,1,137.5,-7.4,0.14096,14.2,-0.0,-0.1639,-0.00652,OK
10.1827,10.1751,7.6,0,137.7,-7.5,0.1378,144.5,-4.0,0.1366,0.0,0.0,0.0000,20.6,10.6,-0.0047,21.8,7.6,0,0.0,0.0,0.0000,-0.89,-1.09,0.00,-0.28,1,-0.2022,-0.206,0.245,25.00,1,137.7,-7.5,0.13898,19.7,-5.4,-0.2037,-0.00646,OK
10.1901,10.1832,6.9,0,137.8,-7.3,0.1372,144.5,-4.0,0.1366,0.0,0.0,0.0000,20.2,10.0,-0.0025,21.4,7.2,0,0.0,0.0,0.0000,-0.64,-1.04,-0.25,-0.19,1,-0.2044,-0.226,0.157,25.00,1,137.8,-7.4,0.13733,15.4,4.8,-0.1966,-0.00647,OK
10.1983,10.1917,6.6,0,137.9,-7.5,0.1333,144.5,-4.0,0.1366,0.0,0.0,0.0000,19.8,10.6,0.0132,21.0,7.9,0,0.0,0.0,0.0000,-0.84,-0.90,-0.58,-0.16,1,-0.1967,-0.216,0.235,25.00,1,137.9,-7.4,0.13518,13.6,-0.0,-0.2070,-0.00637,OK
10.2066,10.2004,6.2,0,137.6,-7.4,0.1330,144.5,-4.0,0.1366,0.0,0.0,0.0000,20.7,10.2,0.0144,21.8,7.4,0,0.0,0.0,0.0000,-1.11,-1.23,-0.24,-0.09,1,-0.1967,-0.216,0.235,25.00,1,137.8,-7.4,0.13327,7.4,1.6,-0.2140,-0.00623,OK
10.2145,10.2086,5.9,0,137.5,-7.2,0.1279,144.5,-4.0,0.1366,0.0,0.0,0.0000,21.2,9.7,0.0347,22.2,6.9,0,0.0,0.0,0.0000,-0.99,-0.90,-0.02,0.01,1,-0.1844,-0.294,0.196,26.00,1,137.6,-7.3,0.13096,-4.0,4.7,-0.1870,-0.00620,OK
10.2226,10.2170,5.6,0,137.7,-7.3,0.1278,144.5,-4.0,0.1366,0.0,0.0,0.0000,20.5,10.1,0.0353,21.6,7.3,0,0.0,0.0,0.0000,-0.96,-0.81,-0.25,-0.08,1,-0.1656,-0.245,0.216,25.00,1,137.6,-7.3,0.12915,-0.4,1.8,-0.1778,-0.00610,OK
10.2309,10.2254,5.4,0,137.9,-7.5,0.1279,144.5,-4.0,0.1366,0.0,0.0,0.0000,19.8,10.7,0.0346,21.0,8.1,0,0.0,0.0,0.0000,-0.55,-1.14,0.21,0.05,1,-0.1300,-0.049,-0.020,24.00,1,137.8,-7.4,0.12798,11.6,-4.7,-0.1267,-0.00609,OK
10.2388,10.2344,4.4,0,138.3,-7.5,0.1258,144.5,-4.0,0.1366,0.0,0.0,0.0000,18.6,10.7,0.0430,19.8,8.3,0,0.0,0.0,0.0000,-0.54,-0.60,0.14,-0.12,1,-0.1300,-0.049,-0.020,24.00,1,138.2,-7.5,0.12669,21.7,-12.9,-0.1241,-0.00611,OK
10.2464,10.2424,4.0,0,137.9,-7.2,0.1252,144.5,-4.0,0.1366,0.0,0.0,0.0000,19.8,9.8,0.0456,20.8,7.2,0,0.0,0.0,0.0000,-0.85,-0.46,0.02,0.85,1,-0.0756,-0.049,0.098,25.00,1,138.1,-7.3,0.12600,7.1,10.2,-0.0650,-0.00617,OK
10.2544,10.2508,3.5,0,138.1,-7.1,0.1272,144.5,-4.0,0.1366,0.0,0.0,0.0000,19.2,9.3,0.0375,20.2,6.8,0,0.0,0.0,0.0000,-0.98,-1.04,-0.01,0.56,1,-0.0256,-0.177,-0.020,25.00,1,138.1,-7.1,0.12581,12.6,17.3,-0.0493,-0.00592,OK
10.2622,10.2592,3.0,0,138.3,-6.8,0.1296,144.5,-4.0,0.1366,0.0,0.0,0.0000,18.5,8.6,0.0279,19.4,6.2,0,0.0,0.0,0.0000,-0.33,-0.75,0.32,0.55,1,0.0222,-0.010,-0.000,25.00,1,138.3,-6.9,0.12670,18.8,21.9,0.0515,-0.00585,OK
10.2704,10.2680,2.5,0,138.3,-7.1,0.1268,144.5,-4.0,0.1366,0.0,0.0,0.0000,18.8,9.5,0.0392,19.8,7.0,0,0.0,0.0,0.0000,-0.33,-0.15,0.38,0.89,1,0.0722,-0.049,-0.020,25.00,1,138.3,-7.0,0.12725,2.1,-4.1,0.0687,-0.00583,OK
10.2785,10.2762,2.4,0,138.5,-6.8,0.1296,144.5,-4.0,0.1366,0.0,0.0,0.0000,18.1,8.6,0.0280,19.0,6.2,0,0.0,0.0,0.0000,0.00,-0.02,0.38,0.98,1,0.0722,-0.049,-0.020,24.00,1,138.4,-6.9,0.12843,15.2,10.6,0.1190,-0.00597,OK
10.2863,10.2846,1.7,0,138.8,-6.8,0.1322,144.5,-4.0,0.1366,0.0,0.0,0.0000,17.1,8.5,0.0174,18.0,6.2,0,0.0,0.0,0.0000,0.21,-0.66,0.78,1.29,1,0.1133,-0.177,-0.039,25.00,1,138.7,-6.8,0.13024,35.0,9.6,0.1821,-0.00611,OK
10.2952,10.2846,10.6,0,138.8,-6.8,0.1322,144.5,-4.0,0.1366,0.0,0.0,0.0000,17.1,8.5,0.0174,18.0,6.2,0,0.0,0.0,0.0000,-0.06,-0.69,0.76,1.17,1,0.1444,-0.049,0.029,25.00,1,138.8,-6.7,0.13054,27.6,10.2,0.1382,-0.00603,OK
10.3021,10.2846,17.5,0,138.8,-6.8,0.1322,144.5,-4.0,0.1366,0.0,0.0,0.0000,17.1,8.5,0.0174,18.0,6.1,0,0.0,0.0,0.0000,0.11,-0.40,0.62,1.16,1,0.1656,-0.049,0.049,25.00,1,139.0,-6.6,0.13158,22.3,10.5,0.1624,-0.00597,OK
10.3109,10.2846,26.3,0,138.8,-6.8,0.1322,144.5,-4.0,0.1366,0.0,0.0,0.0000,17.1,8.5,0.0174,18.0,6.1,0,0.0,0.0,0.0000,0.14,0.07,0.77,1.25,1,0.1833,-0.186,0.088,25.00,1,139.1,-6.5,0.13317,19.6,4.9,0.1982,-0.00603,OK
10.3187,10.2846,34.1,0,138.8,-6.8,0.1322,144.5,-4.0,0.1366,0.0,0.0,0.0000,17.1,8.5,0.0174,18.0,6.1,0,0.0,0.0,0.0000,0.00,-0.09,0.88,1.30,1,0.1833,-0.186,0.088,24.00,1,139.3,-6.5,0.13470,23.4,4.3,0.1926,-0.00605,OK
10.3265,10.2846,41.9,0,138.8,-6.8,0.1322,144.5,-4.0,0.1366,0.0,0.0,0.0000,17.1,8.5,0.0174,18.0,6.1,0,0.0,0.0,0.0000,-0.30,-0.60,0.60,1.29,1,0.1889,-0.157,0.137,24.00,1,139.5,-6.4,0.13604,28.3,10.1,0.1569,-0.00581,OK
10.3341,10.2846,49.6,0,138.8,-6.8,0.1322,144.5,-4.0,0.1366,0.0,0.0,0.0000,17.1,8.5,0.0174,18.1,6.0,0,0.0,0.0,0.0000,-0.08,-0.31,0.62,1.14,1,0.1878,-0.069,0.245,24.00,1,139.7,-6.3,0.13729,22.3,7.6,0.1693,-0.00566,OK
10.3423,10.3184,23.9,0,139.4,-6.5,0.1372,144.5,-4.0,0.1366,0.0,0.0,0.0000,15.3,7.8,-0.0025,16.2,5.6,0,0.0,0.0,0.0000,-0.23,-0.39,0.54,1.52,1,0.1811,-0.029,0.275,25.00,1,139.8,-6.4,0.13922,25.1,8.0,0.1694,-0.00556,OK
10.3499,10.3184,31.5,0,139.4,-6.5,0.1372,144.5,-4.0,0.1366,0.0,0.0,0.0000,15.3,7.8,-0.0025,16.2,5.6,0,0.0,0.0,0.0000,0.29,-0.64,0.70,1.69,1,0.1811,-0.029,0.275,25.00,1,139.9,-6.3,0.14060,25.6,16.0,0.1966,-0.00563,OK
10.3583,10.3184,39.9,0,139.4,-6.5,0.1372,144.5,-4.0,0.1366,0.0,0.0,0.0000,15.3,7.8,-0.0025,16.2,5.5,0,0.0,0.0,0.0000,0.21,-0.27,0.75,1.13,1,0.1589,0.010,0.343,25.00,1,140.1,-6.2,0.14214,18.0,5.8,0.1702,-0.00566,OK
10.3668,10.3184,48.4,0,139.4,-6.5,0.1372,144.5,-4.0,0.1366,0.0,0.0,0.0000,15.3,7.8,-0.0025,16.2,5.5,0,0.0,0.0,0.0000,0.03,-0.69,0.87,1.97,1,0.1256,0.078,0.265,25.00,1,140.3,-6.0,0.14357,32.0,13.9,0.1661,-0.00588,OK
10.3743,10.3184,55.9,0,139.4,-6.5,0.1372,144.5,-4.0,0.1366,0.0,0.0,0.0000,15.3,7.8,-0.0025,16.2,5.5,0,0.0,0.0,0.0000,-0.33,-0.56,0.70,1.08,1,0.0944,0.029,0.235,25.00,1,140.5,-6.0,0.14455,24.5,3.2,0.0950,-0.00584,OK
10.3830,10.3184,64.7,0,139.4,-6.5,0.1372,144.5,-4.0,0.1366,0.0,0.0,0.0000,15.3,7.8,-0.0025,16.2,5.5,0,0.0,0.0,0.0000,-0.22,-0.50,0.51,1.09,1,0.0622,0.108,0.177,25.00,1,140.7,-5.9,0.14530,21.7,5.8,0.0768,-0.00589,OK
10.3909,10.3184,72.5,0,139.4,-6.5,0.1372,144.5,-4.0,0.1366,0.0,0.0,0.0000,15.3,7.8,-0.0025,16.2,5.5,0,0.0,0.0,0.0000,-0.14,-0.14,0.54,0.84,1,0.0622,0.108,0.177,25.00,1,140.8,-5.9,0.14593,15.6,0.3,0.0827,-0.00598,OK
10.3987,10.3184,80.3,0,139.4,-6.5,0.1372,144.5,-4.0,0.1366,0.0,0.0,0.0000,15.3,7.8,-0.0025,16.2,5.5,0,0.0,0.0,0.0000,-0.15,-0.33,0.30,0.42,1,0.0367,0.049,0.235,24.00,1,140.9,-5.8,0.14639,11.3,1.2,0.0351,-0.00594,OK
10.4070,10.3184,88.6,0,139.4,-6.5,0.1372,144.5,-4.0,0.1366,0.0,0.0,0.0000,15.3,7.8,-0.0025,16.2,5.5,0,0.0,0.0,0.0000,-0.26,-0.78,0.52,0.67,1,0.0122,0.029,0.157,25.00,1,141.1,-5.8,0.14661,20.3,4.4,0.0187,-0.00594,OK
10.4150,10.3184,96.6,0,139.4,-6.5,0.1372,144.5,-4.0,0.1366,0.0,0.0,0.0000,15.3,7.8,-0.0025,16.2,5.5,0,0.0,0.0,0.0000,-0.24,-0.26,0.24,0.83,1,-0.0011,0.049,0.245,25.00,1,141.2,-5.7,0.14680,15.1,3.7,0.0269,-0.00607,OK
10.4228,10.3184,104.4,0,139.4,-6.5,0.1372,144.5,-4.0,0.1366,0.0,0.0,0.0000,15.3,7.8,-0.0025,16.2,5.5,0,0.0,0.0,0.0000,-0.05,-0.09,0.05,0.24,1,-0.0011,0.049,0.245,25.00,1,141.3,-5.7,0.14695,4.7,1.0,0.0098,-0.00610,OK
10.4307,10.3184,112.3,0,139.4,-6.5,0.1372,144.5,-4.0,0.1366,0.0,0.0,0.0000,15.3,7.8,-0.0025,16.2,5.5,0,0.0,0.0,0.0000,-0.36,-0.63,0.12,0.34,1,0.0067,0.255,0.343,25.00,1,141.3,-5.7,0.14693,13.6,3.7,-0.0114,-0.00595,OK
10.4383,10.3184,119.9,0,139.4,-6.5,0.1372,144.5,-4.0,0.1366,0.0,0.0,0.0000,15.3,7.8,-0.0025,16.2,5.4,0,0.0,0.0,0.0000,-0.31,-0.05,0.58,0.65,1,0.0211,0.010,0.226,25.00,1,141.5,-5.7,0.14708,14.7,-4.4,0.0471,-0.00607,OK
10.4473,10.4113,36.0,0,140.7,-5.9,0.1443,144.5,-4.0,0.1366,0.0,0.0,0.0000,11.4,5.9,-0.0310,12.2,4.2,0,0.0,0.0,0.0000,-0.19,-0.27,0.01,0.46,1,0.0367,0.078,0.196,24.00,1,140.9,-5.9,0.14578,4.5,3.4,0.0279,-0.00593,OK
10.4544,10.4113,43.1,0,140.7,-5.9,0.1443,144.5,-4.0,0.1366,0.0,0.0,0.0000,11.4,5.9,-0.0310,12.2,4.2,0,0.0,0.0,0.0000,0.41,0.01,0.11,0.65,1,0.0422,0.088,0.275,24.00,1,140.9,-5.9,0.14616,-0.3,7.2,0.0780,-0.00611,OK
10.4628,10.4113,51.5,0,140.7,-5.9,0.1443,144.5,-4.0,0.1366,0.0,0.0,0.0000,11.4,5.9,-0.0310,12.2,4.2,0,0.0,0.0,0.0000,0.29,0.13,0.07,0.25,1,0.0433,-0.029,0.127,24.00,1,140.8,-5.8,0.14674,-4.3,1.9,0.0595,-0.00617,OK
10.4701,10.4113,58.8,0,140.7,-5.9,0.1443,144.5,-4.0,0.1366,0.0,0.0,0.0000,11.4,5.9,-0.0310,12.2,4.2,0,0.0,0.0,0.0000,0.19,0.41,0.80,0.11,1,0.0433,-0.029,0.127,25.00,1,140.8,-5.9,0.14727,-1.6,-11.8,0.0813,-0.00635,OK
10.4787,10.4113,67.3,0,140.7,-5.9,0.1443,144.5,-4.0,0.1366,0.0,0.0,0.0000,11.4,5.9,-0.0310,12.2,4.2,0,0.0,0.0,0.0000,-0.31,0.26,0.51,-0.07,1,0.0411,-0.137,0.137,25.00,1,140.8,-6.0,0.14777,0.6,-13.6,0.0364,-0.00629,OK
10.4865,10.4113,75.2,0,140.7,-5.9,0.1443,144.5,-4.0,0.1366,0.0,0.0,0.0000,11.4,5.9,-0.0310,12.2,4.2,0,0.0,0.0,0.0000,0.20,-0.40,0.54,0.09,1,0.0167,0.088,0.196,25.00,1,140.9,-6.0,0.14802,3.7,-0.3,0.0290,-0.00632,OK
10.4940,10.4113,82.7,0,140.7,-5.9,0.1443,144.5,-4.0,0.1366,0.0,0.0,0.0000,11.4,5.9,-0.0310,12.2,4.2,0,0.0,0.0,0.0000,-0.42,-0.10,0.20,0.09,1,0.0167,0.088,0.196,24.00,1,140.9,-6.1,0.14813,4.4,-5.8,0.0018,-0.00620,OK
10.5030,10.4113,91.7,0,140.7,-5.9,0.1443,144.5,-4.0,0.1366,0.0,0.0,0.0000,11.4,5.9,-0.0310,12.2,4.2,0,0.0,0.0,0.0000,-0.25,0.15,-0.12,-0.22,1,-0.0233,0.059,0.137,25.00,1,140.9,-6.1,0.14800,-4.5,-6.0,-0.0294,-0.00613,OK
10.5108,10.4113,99.5,0,140.7,-5.9,0.1443,144.5,-4.0,0.1366,0.0,0.0,0.0000,11.4,5.9,-0.0310,12.2,4.2,0,0.0,0.0,0.0000,-0.19,-0.05,-0.24,-0.01,1,-0.0589,-0.118,0.010,25.00,1,140.9,-6.1,0.14769,-1.9,-0.3,-0.0491,-0.00615,OK
10.5186,10.4113,107.2,0,140.7,-5.9,0.1443,144.5,-4.0,0.1366,0.0,0.0,0.0000,11.4,5.9,-0.0310,12.2,4.2,0,0.0,0.0,0.0000,-0.37,-0.21,-0.10,0.00,1,-0.0789,-0.147,0.049,25.00,1,140.9,-6.2,0.14724,2.4,-2.1,-0.0694,-0.00617,OK
10.5262,10.4113,114.9,0,140.7,-5.9,0.1443,144.5,-4.0,0.1366,0.0,0.0,0.0000,11.4,5.9,-0.0310,12.2,4.2,0,0.0,0.0,0.0000,0.00,0.16,0.05,0.26,1,-0.0889,-0.127,0.059,27.00,1,140.9,-6.2,0.14690,-0.2,-1.7,-0.0269,-0.00646,OK
10.5340,10.4113,122.7,0,140.7,-5.9,0.1443,144.5,-4.0,0.1366,0.0,0.0,0.0000,11.4,5.9,-0.0310,12.2,4.2,0,0.0,0.0,0.0000,0.05,-0.39,-0.27,-0.17,1,-0.0889,-0.127,0.059,25.00,1,140.9,-6.1,0.14650,-2.5,4.7,-0.0753,-0.00650,OK
10.5429,10.4113,131.6,0,140.7,-5.9,0.1443,144.5,-4.0,0.1366,0.0,0.0,0.0000,11.4,5.9,-0.0310,12.2,4.2,0,0.0,0.0,0.0000,0.04,0.28,-0.60,-0.52,1,-0.0933,-0.235,0.127,25.00,1,140.8,-6.2,0.14581,-14.1,-1.8,-0.0814,-0.00653,OK
10.5502,10.5128,37.4,0,141.2,-5.9,0.1471,144.5,-4.0,0.1366,0.0,0.0,0.0000,10.0,5.7,-0.0421,10.7,4.2,0,0.0,0.0,0.0000,-0.14,-0.22,-0.10,-0.48,1,-0.0878,-0.186,0.206,25.00,1,141.1,-5.8,0.14518,-1.5,-2.0,-0.0855,-0.00651,OK
10.5589,10.5128,46.1,0,141.2,-5.9,0.1471,144.5,-4.0,0.1366,0.0,0.0,0.0000,10.0,5.7,-0.0421,10.7,4.2,0,0.0,0.0,0.0000,-0.24,-0.31,-0.31,-0.50,1,-0.0733,-0.098,0.137,24.00,1,141.1,-5.8,0.14440,-1.7,0.3,-0.0923,-0.00636,OK
10.5662,10.5128,53.5,0,141.2,-5.9,0.1471,144.5,-4.0,0.1366,0.0,0.0,0.0000,10.0,5.7,-0.0421,10.7,4.3,0,0.0,0.0,0.0000,-0.17,-0.34,-0.12,-0.50,1,-0.0544,-0.108,0.157,24.00,1,141.1,-5.8,0.14379,-0.7,-0.8,-0.0732,-0.00622,OK
10.5746,10.5128,61.8,0,141.2,-5.9,0.1471,144.5,-4.0,0.1366,0.0,0.0,0.0000,10.0,5.7,-0.0421,10.7,4.3,0,0.0,0.0,0.0000,-0.58,-0.15,-0.02,-0.02,1,-0.0544,-0.108,0.157,25.00,1,141.1,-5.9,0.14322,6.8,-4.0,-0.0608,-0.00615,OK
10.5819,10.5128,69.1,0,141.2,-5.9,0.1471,144.5,-4.0,0.1366,0.0,0.0,0.0000,10.0,5.7,-0.0421,10.7,4.3,0,0.0,0.0,0.0000,-0.08,0.13,-0.32,0.24,1,-0.0322,-0.010,0.118,25.00,1,141.1,-5.9,0.14296,0.3,4.1,-0.0141,-0.00622,OK
10.5903,10.5128,77.5,0,141.2,-5.9,0.1471,144.5,-4.0,0.1366,0.0,0.0,0.0000,10.0,5.7,-0.0421,10.7,4.3,0,0.0,0.0,0.0000,0.11,0.13,0.02,0.08,1,-0.0122,-0.049,0.167,24.00,1,141.2,-5.9,0.14290,-0.0,0.0,0.0011,-0.00626,OK
10.5990,10.5128,86.2,0,141.2,-5.9,0.1471,144.5,-4.0,0.1366,0.0,0.0,0.0000,10.0,5.7,-0.0421,10.7,4.3,0,0.0,0.0,0.0000,-0.04,-0.13,0.03,0.13,1,-0.0122,-0.049,0.167,25.00,1,141.2,-5.9,0.14291,0.0,0.0,-0.0003,-0.00629,OK
10.6068,10.5128,94.0,0,141.2,-5.9,0.1471,144.5,-4.0,0.1366,0.0,0.0,0.0000,10.0,5.7,-0.0421,10.7,4.3,0,0.0,0.0,0.0000,-0.40,-0.28,0.21,-0.09,1,-0.0089,-0.088,0.069,25.00,1,141.2,-5.9,0.14290,0.0,-0.0,-0.0029,-0.00629,OK
10.6147,10.5128,101.9,0,141.2,-5.9,0.1471,144.5,-4.0,0.1366,0.0,0.0,0.0000,10.0,5.7,-0.0421,10.7,4.3,0,0.0,0.0,0.0000,0.01,-0.09,0.18,-0.15,1,-0.0056,-0.049,0.157,24.00,1,141.2,-5.9,0.14288,-0.0,0.0,-0.0003,-0.00628,OK
10.6220,10.5128,109.2,0,141.2,-5.9,0.1471,144.5,-4.0,0.1366,0.0,0.0,0.0000,10.0,5.7,-0.0421,10.7,4.3,0,0.0,0.0,0.0000,-0.01,-0.09,0.60,0.26,1,-0.0044,-0.069,0.108,25.00,1,141.2,-5.9,0.14289,0.0,-0.0,0.0031,-0.00629,OK
