t_s,tv_s,vision_age_ms,held,pose_x_mm,pose_y_mm,pose_theta_rad,ref_x_mm,ref_y_mm,ref_theta_rad,ref_vx_mm_s,ref_vy_mm_s,ref_omega_rad_s,cmd_world_vx_mm_s,cmd_world_vy_mm_s,cmd_omega_rad_s,cmd_body_vx_mm_s,cmd_body_vy_mm_s,near_goal,pred_x_mm,pred_y_mm,pred_theta_rad,wheel_fl_rad_s,wheel_bl_rad_s,wheel_br_rad_s,wheel_fr_rad_s,imu_valid,imu_yaw_rate_rad_s,imu_accel_x_m_s2,imu_accel_y_m_s2,battery_v,est_valid,est_x_mm,est_y_mm,est_theta_rad,est_vx_mm_s,est_vy_mm_s,est_omega_rad_s,est_gyro_bias_rad_s,est_health
-0.2924,-0.2986,6.2,0,148.1,0.0,0.1191,147.9,0.1,0.1196,0.0,0.0,0.0000,-0.6,0.1,0.0022,-0.5,0.2,0,0.0,0.0,0.0000,0.01,-0.33,-0.12,0.08,1,-0.0078,-0.127,0.157,25.00,1,148.1,0.0,0.11907,0.0,0.0,-0.0078,-0.00000,OK
-0.2850,-0.2863,1.3,0,148.2,0.1,0.1198,147.9,0.1,0.1196,0.0,0.0,0.0000,-0.7,-0.2,-0.0009,-0.7,-0.1,0,0.0,0.0,0.0000,0.09,0.31,0.11,0.28,1,-0.0078,-0.127,0.157,25.00,1,148.2,0.1,0.11988,3.9,7.4,0.0622,-0.06226,OK
-0.2768,-0.2795,2.6,0,148.0,0.1,0.1227,147.9,0.1,0.1196,0.0,0.0,0.0000,-0.2,-0.1,-0.0123,-0.2,-0.1,0,0.0,0.0,0.0000,-0.15,0.29,0.26,0.11,1,-0.0089,-0.137,0.147,24.00,1,148.0,0.1,0.12108,-27.9,-2.2,0.0652,-0.05776,OK
-0.2690,-0.2715,2.5,0,148.1,0.1,0.1188,147.9,0.1,0.1196,0.0,0.0,0.0000,-0.4,-0.0,0.0032,-0.4,0.0,0,0.0,0.0,0.0000,-0.18,0.04,0.06,0.33,1,-0.0078,-0.118,0.137,25.00,1,148.0,0.1,0.12057,7.9,-9.1,0.0134,-0.04973,OK
-0.2603,-0.2638,3.6,0,148.0,0.1,0.1205,147.9,0.1,0.1196,0.0,0.0,0.0000,-0.3,-0.2,-0.0035,-0.4,-0.2,0,0.0,0.0,0.0000,-0.07,-0.12,0.23,-0.02,1,-0.0078,-0.108,0.147,25.00,1,148.0,0.1,0.12060,1.3,11.9,0.0178,-0.03970,OK
-0.2528,-0.2553,2.5,0,148.2,-0.1,0.1177,147.9,0.1,0.1196,0.0,0.0,0.0000,-0.7,0.4,0.0077,-0.7,0.5,0,0.0,0.0,0.0000,-0.21,-0.29,0.33,-0.15,1,-0.0089,-0.118,0.137,25.00,1,148.2,-0.0,0.11983,20.7,-40.8,-0.0275,-0.02782,OK
-0.2446,-0.2460,1.5,0,148.2,-0.1,0.1177,147.9,0.1,0.1196,0.0,0.0,0.0000,-0.7,0.5,0.0078,-0.6,0.5,0,0.0,0.0,0.0000,-0.10,-0.18,0.04,-0.25,1,-0.0089,-0.118,0.137,25.00,1,148.2,-0.1,0.11929,-4.2,-5.7,-0.0310,-0.02200,OK
-0.2369,-0.2371,0.2,0,148.1,-0.1,0.1187,147.9,0.1,0.1196,0.0,0.0,0.0000,-0.5,0.5,0.0036,-0.4,0.5,0,0.0,0.0,0.0000,-0.29,0.11,-0.03,-0.11,1,-0.0078,-0.127,0.137,25.00,1,148.1,-0.1,0.11916,-11.8,1.2,-0.0126,-0.01859,OK
-0.2283,-0.2295,1.1,0,148.1,0.2,0.1200,147.9,0.1,0.1196,0.0,0.0,0.0000,-0.5,-0.4,-0.0017,-0.6,-0.3,0,0.0,0.0,0.0000,0.01,-0.08,-0.13,0.24,1,-0.0067,-0.108,0.137,25.00,1,148.1,0.2,0.11940,9.5,49.2,0.0143,-0.01666,OK
-0.2209,-0.2295,8.6,0,148.1,0.2,0.1200,147.9,0.1,0.1196,0.0,0.0,0.0000,-0.5,-0.4,-0.0017,-0.6,-0.3,0,0.0,0.0,0.0000,0.48,0.40,0.16,0.15,1,-0.0067,-0.137,0.157,24.00,1,148.1,0.1,0.11938,-0.0,0.0,0.0067,-0.01610,OK
-0.2124,-0.2295,17.1,0,148.1,0.2,0.1200,147.9,0.1,0.1196,0.0,0.0,0.0000,-0.5,-0.4,-0.0017,-0.6,-0.3,0,0.0,0.0,0.0000,-0.21,-0.09,-0.27,0.25,1,-0.0133,-0.118,0.127,24.00,1,148.1,0.1,0.11940,0.0,0.0,-0.0009,-0.01560,OK
-0.2043,-0.2295,25.2,0,148.1,0.2,0.1200,147.9,0.1,0.1196,0.0,0.0,0.0000,-0.5,-0.4,-0.0017,-0.6,-0.3,0,0.0,0.0,0.0000,-0.16,-0.41,-0.19,0.04,1,-0.0133,-0.118,0.127,24.00,1,148.1,0.1,0.11938,0.0,0.0,-0.0026,-0.01501,OK
-0.1968,-0.2295,32.7,0,148.1,0.2,0.1200,147.9,0.1,0.1196,0.0,0.0,0.0000,-0.5,-0.4,-0.0017,-0.6,-0.3,0,0.0,0.0,0.0000,0.24,0.00,2.55,-0.40,1,-0.0178,-0.088,0.157,24.00,1,148.2,0.0,0.11948,6.6,-29.5,0.0231,-0.01781,OK
-0.1890,-0.2295,40.4,0,148.1,0.2,0.1200,147.9,0.1,0.1196,0.0,0.0,0.0000,-0.5,-0.4,-0.0017,-0.6,-0.3,0,0.0,0.0,0.0000,-0.16,0.21,0.29,-0.41,1,-0.0122,-0.137,0.098,25.00,1,148.2,-0.1,0.11953,-4.8,-16.0,-0.0056,-0.01660,OK
-0.1803,-0.2295,49.2,0,148.1,0.2,0.1200,147.9,0.1,0.1196,0.0,0.0,0.0000,-0.5,-0.4,-0.0017,-0.6,-0.3,0,0.0,0.0,0.0000,-0.12,-0.04,0.12,-0.21,1,-0.0100,-0.157,0.098,25.00,1,148.2,-0.3,0.11943,-2.4,-8.7,-0.0089,-0.01502,OK
-0.1723,-0.2295,57.2,0,148.1,0.2,0.1200,147.9,0.1,0.1196,0.0,0.0,0.0000,-0.5,-0.4,-0.0017,-0.6,-0.3,0,0.0,0.0,0.0000,-0.16,0.00,0.04,0.10,1,-0.0100,-0.157,0.098,25.00,1,148.2,-0.3,0.11940,0.2,-5.4,0.0013,-0.01465,OK
-0.1646,-0.2295,64.9,0,148.1,0.2,0.1200,147.9,0.1,0.1196,0.0,0.0,0.0000,-0.5,-0.4,-0.0017,-0.6,-0.3,0,0.0,0.0,0.0000,-0.24,-0.14,-0.37,0.34,1,-0.0067,-0.108,0.196,24.00,1,148.2,-0.3,0.11933,1.3,2.7,-0.0083,-0.01311,OK
-0.1570,-0.2295,72.5,0,148.1,0.2,0.1200,147.9,0.1,0.1196,0.0,0.0,0.0000,-0.5,-0.4,-0.0017,-0.6,-0.3,0,0.0,0.0,0.0000,0.58,-0.38,0.08,0.19,1,-0.0056,-0.098,0.127,24.00,1,148.2,-0.4,0.11929,-0.0,0.0,0.0030,-0.01271,OK
-0.1491,-0.1559,6.8,0,147.9,0.0,0.1175,147.9,0.1,0.1196,0.0,0.0,0.0000,0.0,0.2,0.0083,0.1,0.2,0,0.0,0.0,0.0000,0.26,0.18,-0.46,-0.19,1,-0.0022,-0.078,0.167,25.00,1,147.9,-0.0,0.11866,-0.2,0.4,-0.0007,-0.01169,OK
-0.1412,-0.1559,14.7,0,147.9,0.0,0.1175,147.9,0.1,0.1196,0.0,0.0,0.0000,0.0,0.2,0.0083,0.1,0.2,0,0.0,0.0,0.0000,-0.29,0.16,0.09,-0.30,1,-0.0089,-0.235,0.147,26.00,1,147.9,-0.0,0.11864,0.0,-0.0,-0.0016,-0.01135,OK
-0.1327,-0.1559,23.2,0,147.9,0.0,0.1175,147.9,0.1,0.1196,0.0,0.0,0.0000,0.0,0.2,0.0083,0.1,0.2,0,0.0,0.0,0.0000,0.85,-0.01,-0.10,-0.03,1,-0.0089,-0.235,0.147,24.00,1,147.9,0.1,0.11883,-8.1,16.5,0.0338,-0.01361,OK
-0.1241,-0.1559,31.7,0,147.9,0.0,0.1175,147.9,0.1,0.1196,0.0,0.0,0.0000,0.0,0.2,0.0083,0.1,0.2,0,0.0,0.0,0.0000,0.22,0.29,-0.10,0.09,1,-0.0078,-0.108,0.108,25.00,1,147.8,0.2,0.11911,-3.7,7.9,0.0242,-0.01489,OK
-0.1164,-0.1559,39.5,0,147.9,0.0,0.1175,147.9,0.1,0.1196,0.0,0.0,0.0000,0.0,0.2,0.0083,0.1,0.2,0,0.0,0.0,0.0000,-0.22,-0.33,-0.15,0.10,1,-0.0167,-0.167,0.177,26.00,1,147.8,0.2,0.11907,5.1,10.5,-0.0227,-0.01346,OK
-0.1085,-0.1559,47.3,0,147.9,0.0,0.1175,147.9,0.1,0.1196,0.0,0.0,0.0000,0.0,0.2,0.0083,0.1,0.2,0,0.0,0.0,0.0000,-0.06,0.04,-0.18,-0.01,1,-0.0167,-0.078,0.147,24.00,1,147.8,0.3,0.11893,-0.7,6.8,-0.0096,-0.01303,OK
-0.1009,-0.1559,54.9,0,147.9,0.0,0.1175,147.9,0.1,0.1196,0.0,0.0,0.0000,0.0,0.2,0.0083,0.1,0.2,0,0.0,0.0,0.0000,-0.22,-0.24,-0.11,0.19,1,-0.0167,-0.078,0.147,25.00,1,147.8,0.4,0.11880,5.5,9.0,-0.0156,-0.01225,OK
-0.0930,-0.1559,62.9,0,147.9,0.0,0.1175,147.9,0.1,0.1196,0.0,0.0,0.0000,0.0,0.2,0.0083,0.1,0.2,0,0.0,0.0,0.0000,-0.24,0.17,0.22,0.06,1,-0.0111,-0.098,0.098,25.00,1,147.8,0.4,0.11874,0.0,-0.0,0.0006,-0.01223,OK
-0.0843,-0.1559,71.6,0,147.9,0.0,0.1175,147.9,0.1,0.1196,0.0,0.0,0.0000,0.0,0.2,0.0083,0.1,0.2,0,0.0,0.0,0.0000,-0.10,0.25,0.12,-0.28,1,-0.0078,-0.088,0.186,25.00,1,147.8,0.4,0.11873,-0.0,-0.0,-0.0002,-0.01195,OK
-0.0764,-0.1559,79.4,0,147.9,0.0,0.1175,147.9,0.1,0.1196,0.0,0.0,0.0000,0.0,0.2,0.0083,0.1,0.2,0,0.0,0.0,0.0000,0.08,0.16,0.35,-0.33,1,-0.0056,-0.137,0.078,25.00,1,147.8,0.4,0.11872,0.0,-0.0,0.0010,-0.01165,OK
-0.0684,-0.0686,0.2,0,147.9,0.2,0.1193,147.9,0.1,0.1196,0.0,0.0,0.0000,-0.0,-0.4,0.0012,-0.1,-0.3,0,0.0,0.0,0.0000,0.13,-0.06,-0.25,-0.12,1,-0.0067,-0.177,0.167,24.00,1,147.9,0.2,0.11899,3.7,-6.5,0.0082,-0.01138,OK
-0.0610,-0.0680,7.0,0,148.1,0.0,0.1197,147.9,0.1,0.1196,0.0,0.0,0.0000,-0.4,0.2,-0.0003,-0.4,0.2,0,0.0,0.0,0.0000,-0.17,-0.52,0.11,0.26,1,-0.0067,-0.177,0.167,24.00,1,148.0,0.1,0.11915,16.0,-4.8,-0.0247,-0.01143,OK
-0.0530,-0.0603,7.3,0,148.0,0.1,0.1219,147.9,0.1,0.1196,0.0,0.0,0.0000,-0.2,0.0,-0.0092,-0.2,0.0,0,0.0,0.0,0.0000,-0.12,0.12,0.10,0.09,1,-0.0044,-0.078,0.226,25.00,1,148.0,0.1,0.11983,-0.2,-0.2,0.0016,-0.01123,OK
-0.0443,-0.0514,7.1,0,148.0,0.2,0.1221,147.9,0.1,0.1196,0.0,0.0,0.0000,-0.3,-0.3,-0.0098,-0.3,-0.3,0,0.0,0.0,0.0000,0.07,-0.10,0.07,0.16,1,-0.0044,-0.127,0.088,25.00,1,148.0,0.2,0.12038,0.2,0.6,0.0021,-0.01103,OK
-0.0362,-0.0408,4.7,0,148.2,0.2,0.1202,147.9,0.1,0.1196,0.0,0.0,0.0000,-0.7,-0.3,-0.0024,-0.7,-0.2,0,0.0,0.0,0.0000,-0.10,0.06,0.26,0.19,1,-0.0056,-0.157,0.177,25.00,1,148.1,0.2,0.12035,10.2,-1.6,0.0012,-0.01086,OK
-0.0292,-0.0345,5.3,0,148.7,-0.8,0.1021,147.9,0.1,0.1196,0.0,0.0,0.0000,-2.4,2.7,0.0702,-2.1,3.0,0,0.0,0.0,0.0000,-0.21,0.22,-0.14,-0.01,1,-0.0056,-0.157,0.177,25.00,1,148.5,-0.4,0.11805,38.8,-88.4,-0.0339,-0.01041,OK
-0.0212,-0.0264,5.2,0,148.1,0.1,0.1196,147.9,0.1,0.1196,0.0,0.0,0.0000,-0.4,-0.2,-0.0000,-0.4,-0.2,0,0.0,0.0,0.0000,0.36,0.02,-0.52,0.04,1,-0.0100,-0.088,0.069,24.00,1,148.2,0.0,0.11828,-28.8,51.4,0.0043,-0.01043,OK
-0.0121,-0.0178,5.7,0,147.9,0.1,0.1204,147.9,0.1,0.1196,0.0,0.0,0.0000,0.1,-0.2,-0.0032,0.1,-0.2,0,0.0,0.0,0.0000,0.07,0.07,0.15,-0.02,1,-0.0122,-0.196,0.167,25.00,1,147.9,0.1,0.11868,-7.5,2.1,0.0045,-0.01056,OK
-0.0047,-0.0062,1.5,0,148.0,-0.1,0.1179,147.9,0.1,0.1196,0.0,0.0,0.0000,-0.2,0.3,0.0068,-0.2,0.4,0,0.0,0.0,0.0000,-0.01,-0.63,-0.14,-0.27,1,-0.0133,-0.147,0.127,25.00,1,148.0,-0.0,0.11848,9.0,-29.4,-0.0140,-0.01049,OK
0.0028,-0.0008,3.6,0,148.1,0.2,0.1198,147.9,0.1,0.1196,0.0,0.0,0.0000,14.8,2.3,0.0035,14.9,0.5,0,0.0,0.0,0.0000,-0.19,0.18,-0.02,0.00,1,-0.0089,-0.078,0.177,24.00,1,148.1,0.2,0.11873,34.4,39.7,0.0079,-0.01043,OK
0.0111,-0.0008,11.9,0,148.1,0.2,0.1198,147.9,0.1,0.1196,0.0,0.0,0.0000,31.2,4.4,0.0035,31.5,0.7,0,0.0,0.0,0.0000,-0.20,0.05,-0.04,-0.05,1,-0.0089,-0.078,0.177,25.00,1,148.1,0.2,0.11873,0.0,0.0,-0.0011,-0.01034,OK
0.0195,0.0153,4.2,0,148.1,0.1,0.1203,148.1,0.1,0.1196,15.5,1.9,0.0000,47.8,6.8,0.0023,48.3,1.0,0,0.0,0.0,0.0000,-0.07,0.10,0.15,0.08,1,0.0000,-0.118,0.108,25.00,1,148.1,0.1,0.11904,-4.4,-2.8,0.0088,-0.01004,OK
0.0271,0.0258,1.3,0,148.1,0.1,0.1198,148.3,0.1,0.1196,25.5,3.3,0.0000,62.9,8.9,0.0015,63.5,1.4,0,0.0,0.0,0.0000,0.14,-0.13,-0.31,0.01,1,0.0022,-0.127,0.157,24.00,1,148.1,0.1,0.11923,6.6,-2.2,0.0114,-0.00962,OK
0.0351,0.0328,2.3,0,147.9,-0.0,0.1209,148.5,0.1,0.1196,32.4,4.2,0.0000,78.6,11.4,0.0002,79.4,1.9,0,0.0,0.0,0.0000,0.01,-0.02,0.07,0.08,1,0.0044,-0.127,0.177,25.00,1,147.9,0.0,0.11957,-47.0,-24.6,0.0202,-0.00921,OK
0.0429,0.0417,1.1,0,147.9,0.0,0.1180,148.8,0.2,0.1196,41.4,5.5,0.0000,94.0,13.8,0.0017,95.0,2.5,0,0.0,0.0,0.0000,0.00,-0.26,0.05,0.03,1,0.0044,-0.127,0.177,24.00,1,147.9,0.0,0.11919,-11.1,6.8,-0.0243,-0.00877,OK
0.0511,0.0497,1.4,0,148.2,0.2,0.1209,149.2,0.2,0.1196,49.4,6.6,0.0000,110.2,16.5,-0.0001,111.4,3.2,0,0.0,0.0,0.0000,0.58,-0.13,0.43,0.05,1,0.0011,-0.186,0.118,25.00,1,148.1,0.2,0.11964,56.7,20.6,0.0278,-0.00860,OK
0.0598,0.0596,0.2,0,148.4,-0.2,0.1138,149.7,0.3,0.1196,59.1,7.7,0.0000,127.3,19.7,0.0059,128.7,4.6,0,0.0,0.0,0.0000,-0.18,0.11,0.42,-0.02,1,0.0033,-0.853,0.216,26.00,1,148.4,-0.2,0.11813,39.1,-72.1,-0.1148,-0.00826,OK
0.0679,0.0665,1.4,0,148.1,0.2,0.1224,150.1,0.4,0.1196,66.0,8.6,0.0000,143.2,22.8,0.0011,144.9,5.6,0,0.0,0.0,0.0000,-0.47,-0.11,0.52,0.12,1,-0.0133,-0.922,-0.000,24.00,1,148.1,0.1,0.11933,-40.2,69.4,0.0593,-0.00840,OK
0.0748,0.0747,0.0,0,148.5,-0.3,0.1141,150.7,0.4,0.1196,74.2,9.5,0.0000,156.7,25.9,0.0069,158.6,7.3,0,0.0,0.0,0.0000,-0.26,-0.44,0.26,0.26,1,-0.0244,-0.559,0.167,24.00,1,148.5,-0.3,0.11790,48.1,-73.5,-0.1094,-0.00880,OK
0.0832,0.0747,8.4,0,148.5,-0.3,0.1141,150.7,0.4,0.1196,74.2,9.5,0.0000,173.0,29.6,0.0063,175.3,9.0,0,0.0,0.0,0.0000,-1.28,-0.73,0.33,0.58,1,-0.0244,-0.559,0.167,26.00,1,148.5,-0.3,0.11805,21.7,-14.5,-0.0515,-0.00776,OK
0.0919,0.0841,7.8,0,148.5,0.3,0.1195,151.5,0.5,0.1196,83.3,10.8,0.0000,189.8,33.5,0.0065,192.5,10.9,0,0.0,0.0,0.0000,-1.16,-0.82,0.33,0.83,1,-0.0333,-0.677,-0.000,25.00,1,148.5,0.2,0.11798,17.2,20.6,-0.0457,-0.00721,OK
0.1000,0.0841,15.9,0,148.5,0.3,0.1195,151.5,0.5,0.1196,83.3,10.8,0.0000,199.6,35.8,0.0074,202.5,12.1,0,0.0,0.0,0.0000,-0.72,-0.58,0.58,0.89,1,-0.0300,-0.696,0.127,25.00,1,148.6,0.4,0.11777,14.8,18.1,-0.0096,-0.00758,OK
0.1083,0.0841,24.2,0,148.5,0.3,0.1195,151.5,0.5,0.1196,83.3,10.8,0.0000,209.8,38.1,0.0082,212.8,13.2,0,0.0,0.0,0.0000,-1.37,-0.98,0.91,0.74,1,-0.0211,-0.579,0.059,25.00,1,148.8,0.5,0.11756,26.2,9.9,-0.0374,-0.00692,OK
0.1160,0.0841,31.9,0,148.5,0.3,0.1195,151.5,0.5,0.1196,83.3,10.8,0.0000,219.2,40.2,0.0089,222.4,14.2,0,0.0,0.0,0.0000,-0.91,-1.16,0.71,1.27,1,-0.0211,-0.579,0.059,25.00,1,149.0,0.6,0.11738,27.6,22.5,-0.0109,-0.00701,OK
0.1236,0.0841,39.5,0,148.5,0.3,0.1195,151.5,0.5,0.1196,83.3,10.8,0.0000,228.6,42.7,0.0091,232.1,15.7,0,0.0,0.0,0.0000,-1.13,-1.01,0.92,1.32,1,-0.0067,-0.716,0.167,25.00,1,149.2,0.8,0.11735,31.4,15.9,0.0020,-0.00706,OK
0.1315,0.0841,47.4,0,148.5,0.3,0.1195,151.5,0.5,0.1196,83.3,10.8,0.0000,238.4,45.6,0.0082,242.1,17.3,0,0.0,0.0,0.0000,-1.13,-0.94,1.33,1.74,1,0.0222,-0.902,0.235,25.00,1,149.4,1.0,0.11757,38.7,13.4,0.0494,-0.00760,OK
0.1391,0.0841,55.0,0,148.5,0.3,0.1195,151.5,0.5,0.1196,83.3,10.8,0.0000,247.5,48.6,0.0070,251.5,19.2,0,0.0,0.0,0.0000,-1.97,-1.29,1.31,1.91,1,0.0522,-1.138,0.167,25.00,1,149.8,1.1,0.11786,51.3,11.1,0.0346,-0.00693,OK
0.1479,0.0841,63.9,0,148.5,0.3,0.1195,151.5,0.5,0.1196,83.3,10.8,0.0000,257.9,52.3,0.0056,262.2,21.5,0,0.0,0.0,0.0000,-2.43,-1.63,1.76,2.39,1,0.0767,-1.471,0.157,25.00,1,150.3,1.2,0.11822,67.5,9.2,0.0553,-0.00619,OK
0.1556,0.1512,4.3,0,150.2,0.2,0.1165,159.3,1.7,0.1196,149.4,23.8,0.0000,268.7,58.2,0.0064,273.7,26.2,0,0.0,0.0,0.0000,-2.42,-1.83,1.67,2.56,1,0.0767,-1.471,0.157,24.00,1,150.2,0.2,0.11800,53.8,-6.3,0.0440,-0.00532,OK
0.1630,0.1512,11.8,0,150.2,0.2,0.1165,159.3,1.7,0.1196,149.4,23.8,0.0000,278.5,61.7,0.0056,283.8,28.4,0,0.0,0.0,0.0000,-2.34,-2.00,1.82,2.66,1,0.0822,-1.765,-0.020,24.00,1,150.4,0.2,0.11822,59.6,-2.8,0.0640,-0.00472,OK
0.1713,0.1512,20.0,0,150.2,0.2,0.1165,159.3,1.7,0.1196,149.4,23.8,0.0000,288.6,65.7,0.0035,294.4,31.0,0,0.0,0.0,0.0000,-2.62,-2.43,2.46,3.32,1,0.0633,-1.667,-0.137,24.00,1,151.0,0.3,0.11875,79.2,-2.1,0.0656,-0.00466,OK
0.1788,0.1512,27.6,0,150.2,0.2,0.1165,159.3,1.7,0.1196,149.4,23.8,0.0000,297.7,69.3,0.0014,303.8,33.4,0,0.0,0.0,0.0000,-2.69,-2.60,2.83,3.73,1,0.0522,-1.628,-0.039,25.00,1,151.7,0.4,0.11927,89.5,-1.4,0.0695,-0.00498,OK
0.1877,0.1855,2.2,0,154.4,0.4,0.1163,165.0,2.6,0.1196,182.4,33.0,0.0000,302.2,74.4,0.0038,308.8,38.1,0,0.0,0.0,0.0000,-3.96,-3.32,3.04,4.44,1,0.0522,-1.628,-0.039,27.00,1,154.4,0.4,0.11867,160.1,-9.5,0.0081,-0.00450,OK
0.1948,0.1936,1.3,0,155.7,0.6,0.1133,166.5,2.9,0.1196,190.3,35.4,0.0000,308.9,77.6,0.0095,315.8,41.0,0,0.0,0.0,0.0000,-4.41,-3.14,3.30,4.73,1,0.0389,-2.265,0.226,24.00,1,155.7,0.6,0.11724,156.9,11.0,-0.0454,-0.00415,OK
0.2040,0.2025,1.5,0,156.7,0.6,0.1112,168.2,3.2,0.1196,199.0,37.8,0.0000,319.3,83.4,0.0155,326.8,46.0,0,0.0,0.0,0.0000,-4.11,-4.01,3.50,5.37,1,0.0011,-2.216,0.157,25.00,1,156.8,0.6,0.11574,99.7,-24.0,-0.0741,-0.00416,OK
0.2118,0.2107,1.1,0,158.1,0.8,0.1105,169.9,3.5,0.1196,206.9,40.3,0.0000,327.1,88.3,0.0209,335.1,50.4,0,0.0,0.0,0.0000,-5.30,-4.40,3.70,5.97,1,-0.0144,-1.549,0.324,24.00,1,158.1,0.8,0.11439,162.5,8.6,-0.0968,-0.00389,OK
0.2196,0.2184,1.1,0,160.0,0.5,0.1141,171.5,3.9,0.1196,214.3,43.2,0.0000,332.7,95.7,0.0217,341.5,57.2,0,0.0,0.0,0.0000,-5.83,-4.77,4.65,6.30,1,-0.0500,-1.687,0.206,24.00,1,160.0,0.5,0.11419,266.7,-80.0,-0.0423,-0.00403,OK
0.2268,0.2184,8.4,0,160.0,0.5,0.1141,171.5,3.9,0.1196,214.3,43.2,0.0000,343.6,100.8,0.0218,352.8,61.0,0,0.0,0.0,0.0000,-5.74,-5.85,4.51,7.18,1,-0.0500,-1.687,0.206,25.00,1,160.1,0.6,0.11417,224.5,-16.2,-0.0413,-0.00414,OK
0.2359,0.2272,8.7,0,161.1,0.8,0.1166,173.4,4.3,0.1196,222.5,46.6,0.0000,353.6,107.7,0.0199,363.6,66.6,0,0.0,0.0,0.0000,-7.08,-6.78,4.78,7.73,1,-0.0756,-1.893,0.078,25.00,1,161.3,0.8,0.11464,204.2,-0.1,-0.0776,-0.00414,OK
0.2438,0.2364,7.4,0,162.8,0.9,0.1095,175.5,4.7,0.1196,231.0,50.3,0.0000,362.0,111.5,0.0259,372.3,70.0,0,0.0,0.0,0.0000,-8.02,-6.68,3.60,7.96,1,-0.0789,-2.089,0.343,25.00,1,162.8,0.9,0.11313,183.0,13.7,-0.0905,-0.00364,OK
0.2513,0.2364,14.9,0,162.8,0.9,0.1095,175.5,4.7,0.1196,231.0,50.3,0.0000,370.0,117.1,0.0282,380.8,74.8,0,0.0,0.0,0.0000,-8.41,-6.59,2.98,9.03,1,-0.0689,-3.020,0.275,25.00,1,164.0,1.2,0.11256,183.7,34.6,-0.0748,-0.00341,OK
0.2597,0.2523,7.4,0,166.7,1.1,0.1178,179.3,5.5,0.1196,245.7,56.8,0.0000,374.3,127.9,0.0260,386.3,84.8,0,0.0,0.0,0.0000,-8.83,-7.11,4.12,9.43,1,-0.0689,-3.020,0.275,25.00,1,166.7,1.1,0.11311,254.4,-12.1,-0.0719,-0.00344,OK
0.2674,0.2607,6.7,0,168.6,1.8,0.1116,181.4,6.0,0.1196,253.6,60.4,0.0000,381.4,130.8,0.0287,393.7,87.2,0,0.0,0.0,0.0000,-9.46,-8.18,5.52,9.70,1,-0.0322,-2.148,-0.402,25.00,1,168.6,1.7,0.11245,267.4,23.5,-0.0419,-0.00311,OK
0.2751,0.2696,5.4,0,170.9,1.6,0.1109,183.7,6.6,0.1196,261.9,64.4,0.0000,386.7,137.9,0.0301,399.7,93.7,0,0.0,0.0,0.0000,-9.43,-9.37,6.61,10.04,1,0.0211,-0.608,-1.648,25.00,1,170.9,1.7,0.11209,272.5,-24.1,0.0053,-0.00269,OK
0.2837,0.2775,6.2,0,173.9,2.4,0.1068,185.8,7.1,0.1196,268.9,68.1,0.0000,392.4,143.0,0.0335,405.8,98.6,0,0.0,0.0,0.0000,-10.29,-9.24,7.70,10.88,1,0.0433,-1.952,0.157,25.00,1,173.8,2.3,0.11124,351.9,13.0,0.0306,-0.00230,OK
0.2915,0.2863,5.2,0,176.0,2.5,0.0999,188.2,7.7,0.1196,276.7,72.6,0.0000,398.7,148.0,0.0406,412.5,103.6,0,0.0,0.0,0.0000,-10.24,-9.68,7.98,12.18,1,0.0511,-2.932,0.686,25.00,1,176.2,2.5,0.10946,285.4,0.4,0.0131,-0.00174,OK
0.2993,0.2948,4.5,0,178.9,3.0,0.1074,190.6,8.4,0.1196,284.3,77.2,0.0000,400.7,157.4,0.0409,415.4,112.7,0,0.0,0.0,0.0000,-11.23,-9.87,8.53,13.20,1,0.0511,-2.932,0.686,25.00,1,178.9,3.0,0.10939,334.7,22.0,0.0397,-0.00160,OK
0.3070,0.3035,3.5,0,181.5,3.7,0.1034,193.0,9.0,0.1196,292.1,82.1,0.0000,403.8,161.8,0.0432,418.9,117.0,0,0.0,0.0,0.0000,-12.23,-10.58,9.21,12.43,1,0.0911,-2.285,0.098,24.00,1,181.5,3.6,0.10882,306.5,41.7,0.0347,-0.00114,OK
0.3148,0.3116,3.2,0,185.1,3.8,0.1108,195.5,9.8,0.1196,299.2,86.8,0.0000,401.0,170.9,0.0381,417.4,125.8,0,0.0,0.0,0.0000,-12.72,-10.10,9.09,12.68,1,0.1411,-3.187,-1.755,25.00,1,185.0,3.9,0.11010,450.2,-29.7,0.1404,-0.00097,OK
0.3230,0.3198,3.2,0,187.4,4.5,0.1144,197.9,10.5,0.1196,306.4,91.5,0.0000,400.9,176.9,0.0298,418.1,131.0,0,0.0,0.0,0.0000,-11.96,-10.07,9.88,13.12,1,0.1900,-0.265,-1.902,25.00,1,187.5,4.5,0.11215,291.0,54.4,0.2075,-0.00093,OK
0.3315,0.3284,3.1,0,190.9,5.2,0.1092,200.6,11.3,0.1196,313.7,96.9,0.0000,398.8,179.3,0.0272,416.5,133.3,0,0.0,0.0,0.0000,-12.04,-10.96,9.57,13.41,1,0.1900,-0.265,-1.902,25.00,1,190.8,5.2,0.11282,408.1,38.6,0.1440,-0.00059,OK
0.3397,0.3371,2.6,0,194.4,5.9,0.1168,203.4,12.1,0.1196,321.1,102.5,0.0000,393.2,185.7,0.0195,411.9,139.5,0,0.0,0.0,0.0000,-12.46,-10.97,10.43,14.85,1,0.1600,-0.726,1.069,25.00,1,194.4,5.9,0.11474,420.7,38.2,0.1864,-0.00066,OK
0.3475,0.3453,2.2,0,198.2,5.9,0.1118,206.1,13.0,0.1196,328.0,108.4,0.0000,388.9,189.5,0.0184,408.1,143.7,0,0.0,0.0,0.0000,-12.72,-12.41,10.07,16.00,1,0.1456,-2.246,1.902,25.00,1,198.1,6.0,0.11502,456.9,-77.4,0.0940,-0.00043,OK
0.3549,0.3538,1.1,0,200.3,6.9,0.1213,208.8,13.9,0.1196,335.0,114.4,0.0000,386.1,195.4,0.0087,406.3,148.8,0,0.0,0.0,0.0000,-12.82,-14.15,9.81,17.41,1,0.1467,-2.609,-2.991,24.00,1,200.5,6.9,0.11744,231.1,88.9,0.2259,-0.00053,OK
0.3636,0.3623,1.3,0,204.3,7.6,0.1223,211.7,15.0,0.1196,341.8,120.6,0.0000,382.0,200.3,0.0011,403.2,153.4,0,0.0,0.0,0.0000,-12.49,-15.11,10.70,14.54,1,0.1467,-2.609,-2.991,24.00,1,204.2,7.6,0.11933,458.2,22.6,0.2019,-0.00056,OK
0.3711,0.3709,0.2,0,207.9,8.1,0.1249,214.7,16.0,0.1196,348.6,126.9,0.0000,376.8,205.3,-0.0080,399.0,158.0,0,0.0,0.0,0.0000,-12.06,-14.03,9.95,12.83,1,0.1578,-0.902,0.127,25.00,1,207.9,8.1,0.12161,452.8,4.0,0.2417,-0.00055,OK
0.3793,0.3791,0.2,0,212.4,9.2,0.1192,217.6,17.1,0.1196,355.0,133.2,0.0000,371.8,207.1,-0.0095,394.2,160.3,0,0.0,0.0,0.0000,-12.06,-14.30,10.66,15.26,1,0.1867,-0.402,1.157,26.00,1,212.3,9.1,0.12199,568.3,66.0,0.1052,-0.00032,OK
0.3874,0.3873,0.0,0,215.8,10.4,0.1214,220.5,18.2,0.1196,360.4,139.5,0.0000,367.4,211.0,-0.0131,390.4,164.4,0,0.0,0.0,0.0000,-12.92,-15.16,11.38,16.53,1,0.1578,0.108,-1.981,25.00,1,215.9,10.4,0.12288,449.6,112.9,0.1103,-0.00016,OK
0.3958,0.3873,8.5,0,215.8,10.4,0.1214,220.5,18.2,0.1196,360.4,139.5,0.0000,373.7,218.3,-0.0134,397.7,170.8,0,0.0,0.0,0.0000,-13.19,-15.61,10.82,16.98,1,0.1278,-3.687,-3.079,24.00,1,216.2,10.4,0.12297,497.6,84.2,0.1226,-0.00004,OK
0.4034,0.3964,7.0,0,219.9,10.9,0.1243,223.8,19.5,0.1196,364.9,146.4,0.0000,368.3,224.2,-0.0178,393.2,176.8,0,0.0,0.0,0.0000,-12.65,-15.36,10.70,17.11,1,0.1278,-3.687,-3.079,25.00,1,220.0,11.0,0.12407,468.1,44.2,0.1253,0.00001,OK
0.4113,0.4048,6.5,0,223.8,11.6,0.1293,226.9,20.8,0.1196,366.8,152.1,0.0000,362.7,230.8,-0.0257,388.9,183.4,0,0.0,0.0,0.0000,-12.09,-14.84,9.42,16.95,1,0.1533,-1.667,3.658,25.00,1,223.8,11.6,0.12603,453.7,39.1,0.1537,-0.00008,OK
0.4190,0.4128,6.2,0,227.6,12.9,0.1303,229.9,22.0,0.1196,367.0,157.0,0.0000,358.3,233.9,-0.0338,385.2,186.2,0,0.0,0.0,0.0000,-7.32,-16.21,9.92,16.40,1,0.1933,1.412,-3.030,25.00,1,227.5,12.8,0.12806,441.1,104.1,0.2076,-0.00042,OK
0.4275,0.4213,6.2,0,232.6,13.7,0.1335,233.0,23.4,0.1196,366.0,161.5,0.0000,350.4,239.4,-0.0440,378.6,191.7,0,0.0,0.0,0.0000,-7.81,-18.65,10.09,16.87,1,0.2189,0.765,-1.628,25.00,1,232.4,13.8,0.13062,538.5,72.7,0.2322,-0.00074,OK
0.4354,0.4299,5.5,0,236.1,14.8,0.1431,236.1,24.8,0.1196,364.1,165.5,0.0000,343.6,246.0,-0.0598,373.5,197.7,0,0.0,0.0,0.0000,-10.80,-17.60,9.60,17.29,1,0.2189,0.765,-1.628,25.00,1,236.3,14.8,0.13457,494.3,52.9,0.2468,-0.00116,OK
0.4436,0.4391,4.6,0,240.5,15.5,0.1371,239.5,26.3,0.1196,362.0,169.7,0.0000,339.1,249.1,-0.0667,369.8,200.7,0,0.0,0.0,0.0000,-11.44,-17.31,9.87,17.74,1,0.1511,-1.108,0.363,24.00,1,240.6,15.5,0.13630,485.5,20.3,0.1561,-0.00117,OK
0.4508,0.4466,4.3,0,245.0,16.6,0.1414,242.2,27.6,0.1196,360.3,173.2,0.0000,331.4,253.8,-0.0736,363.2,205.8,0,0.0,0.0,0.0000,-12.27,-16.37,9.32,18.11,1,0.1256,-0.167,0.657,24.00,1,244.8,16.5,0.13800,575.4,59.4,0.1471,-0.00129,OK
0.4595,0.4553,4.2,0,247.9,18.8,0.1360,245.3,29.1,0.1196,358.2,177.4,0.0000,329.8,253.8,-0.0758,361.7,205.8,0,0.0,0.0,0.0000,-11.72,-16.73,8.42,18.68,1,0.1344,-1.196,-2.638,25.00,1,248.2,18.7,0.13857,417.8,191.7,0.1148,-0.00109,OK
0.4675,0.4638,3.7,0,253.0,20.2,0.1346,248.4,30.6,0.1196,356.2,181.5,0.0000,322.7,256.4,-0.0762,355.1,209.3,0,0.0,0.0,0.0000,-11.56,-17.45,9.35,18.37,1,0.1289,2.197,0.853,25.00,1,252.8,20.2,0.13866,574.1,96.6,0.0924,-0.00084,OK
0.4752,0.4726,2.6,0,256.6,21.4,0.1417,251.5,32.3,0.1196,354.2,185.8,0.0000,315.4,262.0,-0.0821,348.9,215.4,0,0.0,0.0,0.0000,-11.85,-15.90,8.39,17.94,1,0.1289,2.197,0.853,24.00,1,256.7,21.5,0.14014,446.1,71.0,0.1443,-0.00077,OK
0.4832,0.4805,2.7,0,261.0,22.8,0.1363,254.3,33.7,0.1196,352.3,189.6,0.0000,310.2,264.6,-0.0814,344.1,218.7,0,0.0,0.0,0.0000,-10.84,-13.48,8.64,18.69,1,0.0956,0.382,-2.089,24.00,1,260.8,22.8,0.13996,550.9,99.8,0.0517,-0.00067,OK
0.4911,0.4889,2.2,0,265.6,25.2,0.1371,257.2,35.4,0.1196,350.2,193.5,0.0000,301.8,266.3,-0.0810,336.0,221.6,0,0.0,0.0,0.0000,-10.47,-15.88,8.13,18.32,1,0.0711,-1.471,-1.226,24.00,1,265.5,25.1,0.13987,596.2,213.1,0.0289,-0.00056,OK
0.4990,0.4976,1.4,0,268.7,27.1,0.1420,260.2,37.0,0.1196,348.0,197.4,0.0000,296.6,269.7,-0.0851,331.5,225.4,0,0.0,0.0,0.0000,-9.81,-16.61,7.60,17.71,1,0.0700,-0.324,1.089,25.00,1,268.8,27.1,0.14088,389.3,171.5,0.0942,-0.00062,OK
0.5075,0.5060,1.5,0,273.5,28.1,0.1428,263.2,38.7,0.1196,345.7,201.3,0.0000,289.2,274.9,-0.0885,325.1,231.3,0,0.0,0.0,0.0000,-9.22,-16.57,7.05,17.34,1,0.0700,-0.324,1.089,25.00,1,273.4,28.2,0.14175,564.6,22.5,0.0927,-0.00068,OK
0.5154,0.5143,1.1,0,276.9,29.9,0.1399,266.0,40.4,0.1196,343.4,205.2,0.0000,285.0,277.1,-0.0883,321.2,234.1,0,0.0,0.0,0.0000,-10.45,-16.93,6.97,16.62,1,0.0744,3.011,-3.354,25.00,1,277.0,29.9,0.14168,454.5,135.4,0.0251,-0.00042,OK
0.5236,0.5143,9.4,0,276.9,29.9,0.1399,266.0,40.4,0.1196,343.4,205.2,0.0000,288.7,284.6,-0.0888,326.1,240.9,0,0.0,0.0,0.0000,-9.88,-16.04,5.69,18.42,1,0.0611,1.442,1.648,25.00,1,277.6,30.2,0.14181,478.5,154.2,0.0547,-0.00027,OK
0.5309,0.5143,16.6,0,276.9,29.9,0.1399,266.0,40.4,0.1196,343.4,205.2,0.0000,283.9,287.0,-0.0902,321.7,243.9,0,0.0,0.0,0.0000,-9.03,-16.46,5.09,18.17,1,0.0467,0.059,0.275,24.00,1,280.8,31.8,0.14215,468.1,173.7,0.0408,-0.00013,OK
0.5392,0.5143,24.9,0,276.9,29.9,0.1399,266.0,40.4,0.1196,343.4,205.2,0.0000,278.5,289.9,-0.0905,316.7,247.5,0,0.0,0.0,0.0000,-8.56,-17.54,5.21,17.77,1,-0.0200,0.608,-4.138,25.00,1,284.5,33.8,0.14223,470.4,180.3,-0.0214,-0.00009,OK
0.5475,0.5143,33.2,0,276.9,29.9,0.1399,266.0,40.4,0.1196,343.4,205.2,0.0000,272.9,292.7,-0.0897,311.6,251.2,0,0.0,0.0,0.0000,-8.58,-18.12,5.23,17.81,1,-0.0200,0.608,-4.138,25.00,1,288.1,35.9,0.14204,474.9,189.2,-0.0222,-0.00004,OK
0.5554,0.5143,41.1,0,276.9,29.9,0.1399,266.0,40.4,0.1196,343.4,205.2,0.0000,268.0,295.2,-0.0892,307.0,254.3,0,0.0,0.0,0.0000,-7.35,-17.73,4.54,17.02,1,-0.0122,-0.667,2.383,25.00,1,291.5,37.9,0.14191,445.5,196.5,-0.0114,-0.00005,OK
0.5639,0.5593,4.6,0,287.8,35.0,0.1494,281.2,50.1,0.1196,330.7,225.1,0.0000,277.8,309.0,-0.0976,319.2,266.0,0,0.0,0.0,0.0000,-7.85,-17.62,4.50,16.95,1,-0.0300,1.216,-1.010,24.00,1,288.0,35.0,0.14401,216.7,76.6,-0.0011,-0.00048,OK
0.5713,0.5593,12.0,0,287.8,35.0,0.1494,281.2,50.1,0.1196,330.7,225.1,0.0000,284.2,321.6,-0.0966,327.3,277.6,0,0.0,0.0,0.0000,-7.62,-17.00,3.67,16.86,1,-0.0689,2.854,-2.491,24.00,1,288.8,35.5,0.14376,233.7,104.6,-0.0689,-0.00046,OK
0.5796,0.5593,20.3,0,287.8,35.0,0.1494,281.2,50.1,0.1196,330.7,225.1,0.0000,283.8,327.1,-0.0941,327.6,283.3,0,0.0,0.0,0.0000,-6.88,-17.11,3.16,16.70,1,-0.0800,1.628,-0.226,25.00,1,290.6,36.8,0.14314,236.3,125.0,-0.0802,-0.00044,OK
0.5868,0.5593,27.5,0,287.8,35.0,0.1494,281.2,50.1,0.1196,330.7,225.1,0.0000,282.9,331.8,-0.0918,327.2,288.2,0,0.0,0.0,0.0000,-7.38,-17.32,3.41,16.45,1,-0.0800,1.628,-0.226,25.00,1,292.2,37.9,0.14256,253.3,128.1,-0.0810,-0.00041,OK
0.5955,0.5593,36.2,0,287.8,35.0,0.1494,281.2,50.1,0.1196,330.7,225.1,0.0000,281.5,337.5,-0.0884,326.3,294.3,0,0.0,0.0,0.0000,-6.27,-17.28,3.39,16.20,1,-0.1178,-0.471,-0.461,25.00,1,294.2,39.3,0.14171,250.5,132.2,-0.1154,-0.00045,OK
0.6030,0.5593,43.8,0,287.8,35.0,0.1494,281.2,50.1,0.1196,330.7,225.1,0.0000,280.3,342.1,-0.0849,325.6,299.4,0,0.0,0.0,0.0000,-5.75,-17.52,2.71,15.63,1,-0.1156,0.275,0.451,25.00,1,295.9,40.7,0.14085,245.9,149.3,-0.1137,-0.00048,OK
0.6109,0.5593,51.6,0,287.8,35.0,0.1494,281.2,50.1,0.1196,330.7,225.1,0.0000,279.2,346.6,-0.0810,324.8,304.3,0,0.0,0.0,0.0000,-5.34,-17.20,2.09,15.44,1,-0.1400,2.059,0.284,25.00,1,297.7,42.2,0.13986,242.5,163.7,-0.1378,-0.00052,OK
0.6196,0.5593,60.4,0,287.8,35.0,0.1494,281.2,50.1,0.1196,330.7,225.1,0.0000,278.0,351.1,-0.0760,323.9,309.3,0,0.0,0.0,0.0000,-5.83,-16.40,1.32,15.54,1,-0.1400,2.059,0.284,24.00,1,299.6,44.0,0.13862,248.6,186.0,-0.1440,-0.00041,OK
0.6275,0.5593,68.2,0,287.8,35.0,0.1494,281.2,50.1,0.1196,330.7,225.1,0.0000,277.2,354.9,-0.0715,323.2,313.5,0,0.0,0.0,0.0000,-4.37,-16.28,0.68,14.90,1,-0.1400,0.647,-1.010,25.00,1,301.2,45.7,0.13750,229.3,195.7,-0.1402,-0.00040,OK
0.6348,0.5593,75.6,0,287.8,35.0,0.1494,281.2,50.1,0.1196,330.7,225.1,0.0000,276.3,358.4,-0.0680,322.5,317.5,0,0.0,0.0,0.0000,-3.89,-16.26,0.78,15.32,1,-0.1089,0.314,-0.549,24.00,1,302.7,47.4,0.13661,233.2,202.3,-0.1048,-0.00049,OK
0.6434,0.5593,84.1,0,287.8,35.0,0.1494,281.2,50.1,0.1196,330.7,225.1,0.0000,274.9,362.4,-0.0643,321.4,321.9,0,0.0,0.0,0.0000,-4.25,-16.85,0.56,14.90,1,-0.1067,2.834,-1.147,25.00,1,304.5,49.5,0.13569,246.3,216.6,-0.1085,-0.00044,OK
0.6511,0.5593,91.8,0,287.8,35.0,0.1494,281.2,50.1,0.1196,330.7,225.1,0.0000,273.3,365.6,-0.0607,319.9,325.6,0,0.0,0.0,0.0000,-4.83,-15.97,0.08,15.16,1,-0.1067,2.834,-1.147,25.00,1,306.2,51.5,0.13479,253.7,231.7,-0.1177,-0.00017,OK
0.6598,0.5593,100.6,0,287.8,35.0,0.1494,281.2,50.1,0.1196,330.7,225.1,0.0000,271.2,369.0,-0.0564,318.0,329.5,0,0.0,0.0,0.0000,-4.17,-16.07,0.02,15.30,1,-0.1178,1.510,1.187,24.00,1,308.1,53.8,0.13372,254.1,237.3,-0.1235,-0.00003,OK
0.6677,0.6675,0.2,0,325.7,60.2,0.1371,315.1,77.0,0.1196,294.9,270.5,0.0000,256.2,364.3,-0.0582,302.6,326.7,0,0.0,0.0,0.0000,-3.80,-15.49,-0.56,15.31,1,-0.1656,-0.363,-0.500,24.00,1,325.5,60.2,0.13417,410.9,246.0,-0.0859,-0.00043,OK
0.6752,0.6675,7.7,0,325.7,60.2,0.1371,315.1,77.0,0.1196,294.9,270.5,0.0000,241.2,364.1,-0.0582,287.7,328.5,0,0.0,0.0,0.0000,-2.36,-15.79,-1.04,14.68,1,-0.1856,0.735,-2.363,24.00,1,325.3,60.2,0.13418,359.8,258.4,-0.0740,-0.00042,OK
0.6835,0.6675,15.9,0,325.7,60.2,0.1371,315.1,77.0,0.1196,294.9,270.5,0.0000,227.8,366.4,-0.0535,274.4,332.9,0,0.0,0.0,0.0000,-2.51,-15.58,-1.67,14.25,1,-0.2044,0.167,1.157,24.00,1,327.8,62.6,0.13300,346.9,263.9,-0.2054,-0.00040,OK
0.6919,0.6675,24.4,0,325.7,60.2,0.1371,315.1,77.0,0.1196,294.9,270.5,0.0000,223.3,368.8,-0.0464,269.6,336.4,0,0.0,0.0,0.0000,-2.95,-14.91,-1.85,13.91,1,-0.2044,0.167,1.157,25.00,1,330.4,65.2,0.13120,341.1,263.4,-0.2175,-0.00009,OK
0.6994,0.6675,31.9,0,325.7,60.2,0.1371,315.1,77.0,0.1196,294.9,270.5,0.0000,219.2,371.0,-0.0400,265.4,339.6,0,0.0,0.0,0.0000,-1.76,-15.55,-2.15,13.73,1,-0.2044,1.177,0.392,25.00,1,332.6,67.5,0.12962,319.5,274.6,-0.2020,-0.00014,OK
0.7071,0.6675,39.6,0,325.7,60.2,0.1371,315.1,77.0,0.1196,294.9,270.5,0.0000,215.3,373.1,-0.0335,261.1,342.6,0,0.0,0.0,0.0000,-1.44,-15.99,-2.80,13.32,1,-0.2200,-0.127,-1.814,25.00,1,334.7,70.0,0.12798,308.8,289.8,-0.2227,-0.00008,OK
0.7154,0.6675,47.9,0,325.7,60.2,0.1371,315.1,77.0,0.1196,294.9,270.5,0.0000,211.3,375.3,-0.0266,256.9,345.7,0,0.0,0.0,0.0000,-1.05,-15.68,-2.77,13.50,1,-0.1978,1.334,-1.883,25.00,1,336.9,72.7,0.12626,297.8,292.9,-0.1938,-0.00016,OK
0.7238,0.6675,56.2,0,325.7,60.2,0.1371,315.1,77.0,0.1196,294.9,270.5,0.0000,207.5,377.8,-0.0202,252.8,349.0,0,0.0,0.0,0.0000,-1.58,-14.45,-2.08,13.74,1,-0.1978,1.334,-1.883,25.00,1,339.1,75.3,0.12467,297.1,272.6,-0.1906,-0.00031,OK
0.7310,0.6675,63.5,0,325.7,60.2,0.1371,315.1,77.0,0.1196,294.9,270.5,0.0000,204.2,379.7,-0.0154,249.4,351.6,0,0.0,0.0,0.0000,-0.98,-15.52,-2.22,14.19,1,-0.1611,0.971,1.206,25.00,1,341.0,77.7,0.12346,295.1,292.5,-0.1445,-0.00065,OK
0.7394,0.6675,71.8,0,325.7,60.2,0.1371,315.1,77.0,0.1196,294.9,270.5,0.0000,200.9,381.4,-0.0103,245.9,354.1,0,0.0,0.0,0.0000,-0.38,-15.77,-3.06,13.79,1,-0.1811,-0.951,0.314,25.00,1,343.0,80.5,0.12218,279.1,311.5,-0.1677,-0.00091,OK
0.7478,0.6675,80.3,0,325.7,60.2,0.1371,315.1,77.0,0.1196,294.9,270.5,0.0000,197.6,382.8,-0.0043,242.3,356.2,0,0.0,0.0,0.0000,-0.10,-15.41,-3.96,13.35,1,-0.1833,1.530,-0.883,25.00,1,345.0,83.4,0.12069,266.6,324.5,-0.1841,-0.00087,OK
0.7549,0.6675,87.4,0,325.7,60.2,0.1371,315.1,77.0,0.1196,294.9,270.5,0.0000,195.0,384.2,0.0010,239.4,358.3,0,0.0,0.0,0.0000,-0.58,-14.98,-4.28,11.92,1,-0.1544,1.569,0.990,26.00,1,346.5,85.9,0.11937,258.5,308.4,-0.1824,-0.00035,OK
0.7635,0.6675,96.0,0,325.7,60.2,0.1371,315.1,77.0,0.1196,294.9,270.5,0.0000,192.3,386.9,0.0071,236.4,361.6,0,0.0,0.0,0.0000,0.32,-15.04,-3.88,9.37,1,-0.1544,1.569,0.990,25.00,1,348.1,88.5,0.11785,207.4,272.8,-0.1699,-0.00005,OK
0.7714,0.7701,1.3,0,354.9,91.3,0.1096,343.3,106.7,0.1196,255.0,308.1,0.0000,183.3,383.9,0.0281,225.2,360.9,0,0.0,0.0,0.0000,1.09,-15.28,-4.05,10.05,1,-0.1200,0.647,-0.873,24.00,1,354.8,91.3,0.11258,243.2,270.8,-0.1841,0.00054,OK
0.7788,0.7701,8.7,0,354.9,91.3,0.1096,343.3,106.7,0.1196,255.0,308.1,0.0000,185.0,392.2,0.0279,227.9,368.9,0,0.0,0.0,0.0000,1.35,-14.75,-4.46,12.18,1,-0.0944,0.990,0.637,24.00,1,354.9,91.5,0.11264,252.3,308.8,-0.0924,0.00051,OK
0.7876,0.7701,17.6,0,354.9,91.3,0.1096,343.3,106.7,0.1196,255.0,308.1,0.0000,181.4,394.0,0.0301,224.4,371.2,0,0.0,0.0,0.0000,0.99,-14.63,-4.46,12.82,1,-0.0222,-0.843,0.706,25.00,1,356.9,94.5,0.11210,262.9,317.6,-0.0294,0.00063,OK
0.7949,0.7701,24.9,0,354.9,91.3,0.1096,343.3,106.7,0.1196,255.0,308.1,0.0000,178.8,395.3,0.0307,221.8,372.9,0,0.0,0.0,0.0000,1.45,-13.98,-4.39,13.15,1,-0.0222,-0.843,0.706,25.00,1,358.5,97.0,0.11193,248.5,319.3,-0.0192,0.00056,OK
0.8034,0.7701,33.3,0,354.9,91.3,0.1096,343.3,106.7,0.1196,255.0,308.1,0.0000,176.2,396.9,0.0302,219.5,374.7,0,0.0,0.0,0.0000,2.33,-15.50,-3.86,12.46,1,0.0178,-0.167,-1.451,25.00,1,360.2,100.0,0.11205,234.3,322.1,0.0375,0.00013,OK
0.8117,0.7701,41.6,0,354.9,91.3,0.1096,343.3,106.7,0.1196,255.0,308.1,0.0000,173.7,398.4,0.0281,217.3,376.4,0,0.0,0.0,0.0000,1.92,-13.85,-3.77,12.59,1,0.0756,2.050,0.343,25.00,1,361.8,102.8,0.11260,231.0,312.3,0.0864,-0.00012,OK
0.8193,0.7701,49.3,0,354.9,91.3,0.1096,343.3,106.7,0.1196,255.0,308.1,0.0000,171.1,399.9,0.0252,215.2,378.0,0,0.0,0.0,0.0000,1.29,-13.89,-3.90,12.77,1,0.1156,1.853,0.235,24.00,1,363.4,105.4,0.11332,243.0,317.1,0.1086,0.00004,OK
0.8269,0.7701,56.8,0,354.9,91.3,0.1096,343.3,106.7,0.1196,255.0,308.1,0.0000,168.6,401.3,0.0216,213.3,379.5,0,0.0,0.0,0.0000,1.96,-13.68,-3.80,12.62,1,0.1067,-0.088,-0.412,24.00,1,364.8,108.0,0.11420,224.8,317.0,0.1155,-0.00016,OK
0.8356,0.7701,65.5,0,354.9,91.3,0.1096,343.3,106.7,0.1196,255.0,308.1,0.0000,166.1,403.2,0.0171,211.4,381.4,0,0.0,0.0,0.0000,2.14,-13.11,-3.39,12.64,1,0.1067,-0.088,-0.412,25.00,1,366.4,110.9,0.11535,215.3,307.2,0.1286,-0.00066,OK
0.8434,0.7701,73.3,0,354.9,91.3,0.1096,343.3,106.7,0.1196,255.0,308.1,0.0000,164.2,404.9,0.0121,210.2,383.0,0,0.0,0.0,0.0000,2.22,-12.87,-3.77,12.97,1,0.1744,-1.118,0.510,25.00,1,367.8,113.5,0.11660,214.5,319.3,0.1838,-0.00086,OK
0.8512,0.7701,81.1,0,354.9,91.3,0.1096,343.3,106.7,0.1196,255.0,308.1,0.0000,162.9,406.3,0.0051,209.8,384.2,0,0.0,0.0,0.0000,3.38,-12.46,-4.17,12.68,1,0.2244,1.275,-0.981,25.00,1,369.0,116.2,0.11834,190.3,328.5,0.2412,-0.00124,OK
0.8589,0.7701,88.8,0,354.9,91.3,0.1096,343.3,106.7,0.1196,255.0,308.1,0.0000,162.0,407.2,-0.0033,209.8,384.8,0,0.0,0.0,0.0000,3.80,-12.68,-4.98,12.23,1,0.3067,1.471,1.746,25.00,1,370.1,119.0,0.12045,179.6,345.6,0.3069,-0.00122,OK
0.8679,0.7701,97.9,0,354.9,91.3,0.1096,343.3,106.7,0.1196,255.0,308.1,0.0000,160.6,407.7,-0.0131,209.4,384.9,0,0.0,0.0,0.0000,3.07,-13.25,-6.89,12.80,1,0.3067,1.471,1.746,25.00,1,371.4,122.4,0.12289,194.5,371.9,0.2664,-0.00052,OK
0.8758,0.8712,4.5,0,376.4,125.9,0.1077,366.9,139.6,0.1196,211.0,339.7,0.0000,145.5,407.7,0.0080,192.4,387.8,0,0.0,0.0,0.0000,3.24,-12.98,-6.17,12.97,1,0.3344,0.265,-0.539,24.00,1,376.3,125.9,0.11760,218.7,356.9,0.2650,0.00144,OK
0.8834,0.8712,12.1,0,376.4,125.9,0.1077,366.9,139.6,0.1196,211.0,339.7,0.0000,144.9,412.4,0.0025,192.8,392.3,0,0.0,0.0,0.0000,3.43,-11.61,-4.55,13.54,1,0.3478,-1.000,-0.883,25.00,1,377.0,127.4,0.11899,206.6,330.8,0.3495,0.00136,OK
0.8917,0.8712,20.4,0,376.4,125.9,0.1077,366.9,139.6,0.1196,211.0,339.7,0.0000,143.7,414.4,-0.0106,193.2,393.8,0,0.0,0.0,0.0000,4.26,-7.83,-3.97,13.26,1,0.4189,-0.490,0.020,25.00,1,378.2,130.0,0.12227,148.1,272.9,0.4320,0.00104,OK
0.8988,0.8712,27.6,0,376.4,125.9,0.1077,366.9,139.6,0.1196,211.0,339.7,0.0000,143.1,416.5,-0.0225,194.0,395.3,0,0.0,0.0,0.0000,3.74,-8.97,-4.38,12.88,1,0.3867,2.844,0.863,25.00,1,379.0,132.2,0.12525,163.0,293.5,0.3928,0.00090,OK
0.9075,0.8712,36.2,0,376.4,125.9,0.1077,366.9,139.6,0.1196,211.0,339.7,0.0000,141.8,418.3,-0.0360,194.3,396.7,0,0.0,0.0,0.0000,2.96,-11.76,-3.73,13.32,1,0.3867,2.844,0.863,24.00,1,380.3,135.0,0.12862,207.9,322.5,0.3885,0.00084,OK
0.9148,0.8712,43.5,0,376.4,125.9,0.1077,366.9,139.6,0.1196,211.0,339.7,0.0000,140.2,419.5,-0.0461,193.9,397.6,0,0.0,0.0,0.0000,2.90,-12.18,-3.68,13.05,1,0.2867,0.157,1.736,24.00,1,381.5,137.6,0.13115,205.2,321.9,0.2981,0.00062,OK
0.9234,0.8712,52.1,0,376.4,125.9,0.1077,366.9,139.6,0.1196,211.0,339.7,0.0000,138.1,421.1,-0.0554,192.9,399.0,0,0.0,0.0,0.0000,3.47,-12.09,-4.15,12.57,1,0.2178,-0.804,-0.647,25.00,1,382.8,140.6,0.13347,186.6,327.1,0.2361,0.00027,OK
0.9311,0.8712,59.8,0,376.4,125.9,0.1077,366.9,139.6,0.1196,211.0,339.7,0.0000,136.3,422.4,-0.0628,192.0,400.2,0,0.0,0.0,0.0000,4.21,-12.20,-4.40,12.20,1,0.2022,0.235,-1.285,25.00,1,383.8,143.3,0.13530,172.3,333.9,0.2284,-0.00019,OK
0.9398,0.8712,68.6,0,376.4,125.9,0.1077,366.9,139.6,0.1196,211.0,339.7,0.0000,133.8,424.0,-0.0704,190.5,401.8,0,0.0,0.0,0.0000,2.76,-12.16,-4.30,12.15,1,0.2022,0.235,-1.285,25.00,1,385.0,146.4,0.13721,188.3,324.6,0.2054,-0.00024,OK
0.9477,0.8712,76.4,0,376.4,125.9,0.1077,366.9,139.6,0.1196,211.0,339.7,0.0000,131.4,425.7,-0.0765,189.0,403.5,0,0.0,0.0,0.0000,2.83,-11.86,-4.42,11.01,1,0.1867,-1.393,1.059,24.00,1,386.0,149.0,0.13874,172.1,313.3,0.1851,-0.00021,OK
0.9555,0.8712,84.2,0,376.4,125.9,0.1077,366.9,139.6,0.1196,211.0,339.7,0.0000,129.3,427.7,-0.0823,187.8,405.5,0,0.0,0.0,0.0000,3.07,-10.77,-4.36,11.39,1,0.1711,-0.392,1.294,24.00,1,387.0,151.6,0.14018,160.6,307.1,0.1816,-0.00039,OK
0.9635,0.8712,92.2,0,376.4,125.9,0.1077,366.9,139.6,0.1196,211.0,339.7,0.0000,126.8,429.5,-0.0876,186.1,407.3,0,0.0,0.0,0.0000,2.68,-12.82,-4.69,11.43,1,0.1578,2.010,-1.353,25.00,1,388.0,154.3,0.14151,180.0,330.5,0.1528,-0.00030,OK
0.9711,0.8712,99.8,0,376.4,125.9,0.1077,366.9,139.6,0.1196,211.0,339.7,0.0000,124.7,430.9,-0.0923,184.7,408.8,0,0.0,0.0,0.0000,2.98,-12.09,-4.80,11.67,1,0.1578,2.010,-1.353,25.00,1,388.9,157.0,0.14270,170.4,330.9,0.1593,-0.00032,OK
0.9793,0.9748,4.5,0,394.2,163.1,0.1479,386.3,176.1,0.1196,162.2,365.4,0.0000,108.2,429.0,-0.1056,169.5,408.7,0,0.0,0.0,0.0000,2.10,-12.79,-5.08,12.37,1,0.1500,1.569,0.706,25.00,1,394.1,163.1,0.14600,229.1,355.1,0.1404,-0.00026,OK
0.9878,0.9748,13.0,0,394.2,163.1,0.1479,386.3,176.1,0.1196,162.2,365.4,0.0000,91.6,432.0,-0.1087,153.8,413.9,0,0.0,0.0,0.0000,3.02,-12.47,-4.71,12.42,1,0.1556,-1.334,0.265,24.00,1,394.9,165.0,0.14679,207.6,354.3,0.1619,-0.00037,OK
0.9952,0.9748,20.4,0,394.2,163.1,0.1479,386.3,176.1,0.1196,162.2,365.4,0.0000,87.8,432.6,-0.1130,150.5,415.0,0,0.0,0.0,0.0000,3.51,-13.43,-4.79,11.88,1,0.1111,-1.677,-1.579,25.00,1,395.9,167.8,0.14787,198.4,361.2,0.1252,-0.00061,OK
1.0038,0.9748,29.0,0,394.2,163.1,0.1479,386.3,176.1,0.1196,162.2,365.4,0.0000,83.8,433.3,-0.1173,147.2,416.0,0,0.0,0.0,0.0000,3.45,-13.14,-5.06,11.64,1,0.1133,0.118,0.510,25.00,1,397.1,171.2,0.14895,190.6,360.1,0.1216,-0.00074,OK
1.0119,0.9748,37.1,0,394.2,163.1,0.1479,386.3,176.1,0.1196,162.2,365.4,0.0000,80.1,434.1,-0.1210,144.0,417.2,0,0.0,0.0,0.0000,2.81,-12.85,-5.11,11.45,1,0.1133,0.118,0.510,25.00,1,398.2,174.2,0.14987,193.1,351.1,0.1100,-0.00067,OK
1.0195,0.9748,44.7,0,394.2,163.1,0.1479,386.3,176.1,0.1196,162.2,365.4,0.0000,76.6,434.5,-0.1237,140.9,418.1,0,0.0,0.0,0.0000,3.28,-15.24,-5.91,11.75,1,0.0744,2.314,-0.275,25.00,1,399.3,177.2,0.15054,198.1,387.7,0.0696,-0.00057,OK
1.0271,0.9748,52.3,0,394.2,163.1,0.1479,386.3,176.1,0.1196,162.2,365.4,0.0000,73.1,434.7,-0.1251,137.6,418.8,0,0.0,0.0,0.0000,3.21,-15.50,-5.95,11.59,1,0.0233,0.608,-1.226,25.00,1,400.3,180.4,0.15088,194.8,387.2,0.0205,-0.00050,OK
1.0359,0.9748,61.1,0,394.2,163.1,0.1479,386.3,176.1,0.1196,162.2,365.4,0.0000,68.8,435.1,-0.1253,133.5,419.8,0,0.0,0.0,0.0000,3.06,-13.90,-5.46,11.99,1,-0.0222,-1.579,2.677,24.00,1,401.5,183.9,0.15095,189.0,371.7,-0.0109,-0.00070,OK
1.0437,0.9748,68.9,0,394.2,163.1,0.1479,386.3,176.1,0.1196,162.2,365.4,0.0000,64.9,435.5,-0.1249,129.6,420.8,0,0.0,0.0,0.0000,3.24,-14.35,-6.00,11.95,1,-0.0222,-1.579,2.677,25.00,1,402.5,187.1,0.15085,185.6,384.1,-0.0174,-0.00078,OK
1.0511,0.9748,76.3,0,394.2,163.1,0.1479,386.3,176.1,0.1196,162.2,365.4,0.0000,61.1,435.6,-0.1241,125.8,421.5,0,0.0,0.0,0.0000,3.84,-14.35,-6.52,11.37,1,-0.0489,-2.118,-1.991,24.00,1,403.3,190.1,0.15064,166.9,389.6,-0.0428,-0.00088,OK
1.0594,0.9748,84.6,0,394.2,163.1,0.1479,386.3,176.1,0.1196,162.2,365.4,0.0000,56.7,435.4,-0.1226,121.3,422.0,0,0.0,0.0,0.0000,3.35,-14.57,-7.52,11.67,1,-0.0189,2.648,-1.412,25.00,1,404.3,193.6,0.15026,175.9,400.5,-0.0338,-0.00056,OK
1.0677,0.9748,92.9,0,394.2,163.1,0.1479,386.3,176.1,0.1196,162.2,365.4,0.0000,52.2,435.4,-0.1214,116.6,422.7,0,0.0,0.0,0.0000,3.05,-13.94,-7.86,11.71,1,0.0056,1.785,3.050,25.00,1,405.2,197.1,0.14996,175.9,393.6,-0.0197,-0.00008,OK
1.0750,0.9748,100.2,0,394.2,163.1,0.1479,386.3,176.1,0.1196,162.2,365.4,0.0000,48.1,435.6,-0.1196,112.4,423.6,0,0.0,0.0,0.0000,2.99,-13.47,-6.65,11.47,1,-0.0933,-1.294,-1.638,25.00,1,406.0,200.0,0.14952,168.3,376.1,-0.0956,-0.00003,OK
1.0838,1.0757,8.2,0,408.9,202.7,0.1519,400.1,214.0,0.1196,112.2,384.0,0.0000,36.6,438.3,-0.1246,102.0,427.8,0,0.0,0.0,0.0000,3.17,-13.18,-6.18,11.00,1,-0.0933,-1.294,-1.638,24.00,1,408.9,202.8,0.15077,174.8,355.8,-0.0882,-0.00044,OK
1.0969,1.0757,21.2,0,408.9,202.7,0.1519,400.1,214.0,0.1196,112.2,384.0,0.0000,28.8,439.3,-0.1190,93.9,430.1,0,0.0,0.0,0.0000,3.37,-14.42,-6.81,11.02,1,-0.1256,-0.912,-0.941,25.00,1,410.4,207.8,0.14938,173.3,376.7,-0.1252,-0.00044,OK
1.1073,1.0757,31.6,0,408.9,202.7,0.1519,400.1,214.0,0.1196,112.2,384.0,0.0000,22.2,439.7,-0.1140,86.9,431.6,0,0.0,0.0,0.0000,3.60,-14.78,-6.50,10.72,1,-0.1233,1.304,-0.628,25.00,1,411.6,212.0,0.14812,166.3,374.6,-0.1181,-0.00054,OK
1.1156,1.0757,39.9,0,408.9,202.7,0.1519,400.1,214.0,0.1196,112.2,384.0,0.0000,16.8,440.2,-0.1097,81.1,432.9,0,0.0,0.0,0.0000,3.32,-14.02,-6.99,11.04,1,-0.1411,1.902,0.902,24.00,1,412.5,215.3,0.14703,166.0,376.7,-0.1414,-0.00052,OK
1.1228,1.0757,47.1,0,408.9,202.7,0.1519,400.1,214.0,0.1196,112.2,384.0,0.0000,12.4,440.3,-0.1056,76.4,433.8,0,0.0,0.0,0.0000,4.57,-13.50,-7.51,11.32,1,-0.1611,-1.265,1.245,24.00,1,413.2,218.2,0.14603,143.9,395.3,-0.1474,-0.00079,OK
1.1311,1.0757,55.5,0,408.9,202.7,0.1519,400.1,214.0,0.1196,112.2,384.0,0.0000,7.6,440.3,-0.1008,71.0,434.6,0,0.0,0.0,0.0000,4.31,-13.80,-7.97,10.53,1,-0.1433,-0.402,-1.755,24.00,1,413.9,221.6,0.14481,138.3,391.5,-0.1437,-0.00077,OK
1.1396,1.0757,63.9,0,408.9,202.7,0.1519,400.1,214.0,0.1196,112.2,384.0,0.0000,2.8,440.2,-0.0964,65.8,435.2,0,0.0,0.0,0.0000,4.46,-14.14,-7.76,10.38,1,-0.1122,1.167,-1.442,24.00,1,414.5,225.0,0.14372,135.7,391.8,-0.1130,-0.00074,OK
1.1475,1.0757,71.9,0,408.9,202.7,0.1519,400.1,214.0,0.1196,112.2,384.0,0.0000,-1.7,440.0,-0.0930,61.0,435.7,0,0.0,0.0,0.0000,4.55,-13.02,-8.27,10.60,1,-0.0989,0.588,2.197,25.00,1,415.1,228.3,0.14287,127.0,391.6,-0.1005,-0.00069,OK
1.1556,1.0757,80.0,0,408.9,202.7,0.1519,400.1,214.0,0.1196,112.2,384.0,0.0000,-6.1,439.7,-0.0898,56.2,436.2,0,0.0,0.0,0.0000,4.88,-13.02,-8.29,10.50,1,-0.0989,0.588,2.197,25.00,1,415.7,231.6,0.14207,119.7,395.2,-0.0974,-0.00071,OK
1.1634,1.0757,87.7,0,408.9,202.7,0.1519,400.1,214.0,0.1196,112.2,384.0,0.0000,-10.5,439.4,-0.0863,51.4,436.5,0,0.0,0.0,0.0000,5.11,-14.05,-8.33,10.42,1,-0.1322,0.245,-0.559,24.00,1,416.1,234.8,0.14120,120.0,406.9,-0.1291,-0.00075,OK
1.1711,1.0757,95.4,0,408.9,202.7,0.1519,400.1,214.0,0.1196,112.2,384.0,0.0000,-14.8,439.0,-0.0827,46.8,436.7,0,0.0,0.0,0.0000,5.77,-13.30,-8.45,10.62,1,-0.1256,1.245,-1.579,25.00,1,416.5,238.0,0.14029,107.7,411.9,-0.1142,-0.00097,OK
1.1793,1.1791,0.2,0,420.6,241.8,0.1478,408.9,254.4,0.1196,58.1,395.7,0.0000,-26.5,437.6,-0.0947,36.3,436.9,0,0.0,0.0,0.0000,4.98,-12.94,-8.88,10.26,1,-0.0689,1.226,1.451,25.00,1,420.5,241.8,0.14329,140.0,361.9,0.0271,-0.00138,OK
1.1877,1.1791,8.6,0,420.6,241.8,0.1478,408.9,254.4,0.1196,58.1,395.7,0.0000,-29.9,447.0,-0.0935,34.2,446.7,0,0.0,0.0,0.0000,5.33,-12.79,-9.06,10.16,1,-0.0944,0.265,-0.010,25.00,1,420.6,242.0,0.14300,125.5,373.3,-0.0942,-0.00137,OK
1.1950,1.1791,15.9,0,420.6,241.8,0.1478,408.9,254.4,0.1196,58.1,395.7,0.0000,-34.5,447.2,-0.0909,29.3,447.6,0,0.0,0.0,0.0000,5.27,-12.78,-7.97,10.40,1,-0.0944,0.265,-0.010,25.00,1,421.1,244.8,0.14235,130.4,366.4,-0.0868,-0.00149,OK
1.2035,1.1791,24.4,0,420.6,241.8,0.1478,408.9,254.4,0.1196,58.1,395.7,0.0000,-40.2,448.2,-0.0890,23.5,449.4,0,0.0,0.0,0.0000,5.63,-13.21,-4.73,10.06,1,-0.0844,0.206,-0.863,24.00,1,421.8,247.8,0.14187,145.7,315.1,-0.0389,-0.00203,OK
1.2119,1.1791,32.8,0,420.6,241.8,0.1478,408.9,254.4,0.1196,58.1,395.7,0.0000,-46.0,449.4,-0.0886,17.9,451.4,0,0.0,0.0,0.0000,6.13,-13.18,-5.85,9.84,1,-0.0211,1.128,0.186,24.00,1,422.6,250.8,0.14176,127.5,340.8,0.0030,-0.00241,OK
1.2196,1.1791,40.5,0,420.6,241.8,0.1478,408.9,254.4,0.1196,58.1,395.7,0.0000,-50.7,449.6,-0.0892,13.5,452.2,0,0.0,0.0,0.0000,6.69,-13.78,-9.27,10.02,1,0.0422,2.010,0.167,24.00,1,423.0,253.7,0.14192,102.2,405.0,0.0404,-0.00234,OK
1.2275,1.1791,48.4,0,420.6,241.8,0.1478,408.9,254.4,0.1196,58.1,395.7,0.0000,-54.9,449.0,-0.0903,9.2,452.2,0,0.0,0.0,0.0000,6.52,-14.25,-9.68,9.80,1,0.0422,2.010,0.167,25.00,1,423.4,257.1,0.14220,99.7,409.3,0.0346,-0.00216,OK
1.2354,1.1791,56.3,0,420.6,241.8,0.1478,408.9,254.4,0.1196,58.1,395.7,0.0000,-58.9,448.4,-0.0912,5.3,452.3,0,0.0,0.0,0.0000,7.12,-12.74,-9.78,9.29,1,0.0267,0.549,-1.167,24.00,1,423.6,260.3,0.14242,75.8,402.1,0.0249,-0.00209,OK
1.2431,1.2406,2.5,0,422.9,276.9,0.1503,411.5,278.8,0.1196,25.5,399.1,0.0000,-59.2,432.9,-0.1059,4.4,436.9,0,0.0,0.0,0.0000,7.54,-12.21,-9.97,9.01,1,0.0600,-0.637,-0.677,27.00,1,423.0,276.8,0.14610,80.7,604.9,0.1041,-0.00245,OK
1.2514,1.2492,2.2,0,423.5,280.5,0.1520,411.7,282.3,0.1196,20.9,399.2,0.0000,-61.9,416.5,-0.1159,0.5,421.1,0,0.0,0.0,0.0000,7.94,-10.98,-10.68,8.72,1,0.1067,0.843,2.667,24.00,1,423.2,281.1,0.14860,63.4,502.0,0.1483,-0.00264,OK
1.2598,1.2492,10.5,0,423.5,280.5,0.1520,411.7,282.3,0.1196,20.9,399.2,0.0000,-67.5,410.5,-0.1166,-5.9,416.0,0,0.0,0.0,0.0000,8.07,-12.43,-10.65,9.18,1,0.0889,2.471,-1.785,24.00,1,423.1,282.5,0.14876,70.6,547.5,0.0897,-0.00261,OK
1.2672,1.2660,1.1,0,423.4,287.9,0.1551,412.0,289.0,0.1196,11.9,399.8,0.0000,-71.3,401.0,-0.1277,-9.9,407.1,0,0.0,0.0,0.0000,8.95,-12.47,-11.08,8.74,1,0.0889,2.471,-1.785,24.00,1,423.2,288.5,0.15153,52.5,432.6,0.1489,-0.00277,OK
1.2749,1.2747,0.2,0,423.1,290.9,0.1556,412.1,292.4,0.1196,7.3,399.9,0.0000,-74.4,401.0,-0.1343,-12.3,407.6,0,0.0,0.0,0.0000,8.83,-11.77,-10.90,8.64,1,0.0967,1.255,-1.804,25.00,1,423.0,291.5,0.15319,37.2,374.0,0.1495,-0.00285,OK
1.2835,1.2833,0.2,0,422.8,294.7,0.1522,412.1,295.9,0.1196,2.7,399.9,0.0000,-77.3,401.3,-0.1360,-15.0,408.4,0,0.0,0.0,0.0000,6.31,-10.79,-11.06,8.47,1,0.1356,-1.432,2.903,25.00,1,422.9,294.7,0.15362,51.9,375.3,0.0880,-0.00247,OK
1.2913,1.2833,7.9,0,422.8,294.7,0.1522,412.1,295.9,0.1196,2.7,399.9,0.0000,-82.1,409.9,-0.1313,-18.9,417.6,0,0.0,0.0,0.0000,5.20,-10.26,-11.40,8.04,1,0.1822,1.785,-0.941,24.00,1,423.0,294.7,0.15243,59.7,366.2,-0.2884,-0.00247,OK
1.2988,1.2917,7.2,0,422.8,297.7,0.1517,412.1,299.2,0.1196,-1.7,399.9,0.0000,-85.6,409.1,-0.1307,-22.5,417.4,0,0.0,0.0,0.0000,8.06,-10.54,-10.51,8.01,1,0.1822,1.785,-0.941,25.00,1,422.8,297.8,0.15229,24.8,392.7,0.1714,-0.00219,OK
1.3079,1.3002,7.6,0,422.4,302.3,0.1601,412.1,302.6,0.1196,-6.3,399.9,0.0000,-91.3,406.7,-0.1426,-27.4,415.9,0,0.0,0.0,0.0000,9.34,-10.65,-11.31,8.43,1,0.2244,2.226,-0.392,24.00,1,422.4,301.9,0.15528,13.2,445.7,0.2225,-0.00227,OK
1.3155,1.3097,5.8,0,422.5,305.1,0.1548,412.0,306.5,0.1196,-11.6,399.8,0.0000,-91.9,405.1,-0.1497,-27.5,414.5,0,0.0,0.0,0.0000,9.14,-10.39,-11.64,8.57,1,0.2556,-0.559,-1.402,24.00,1,422.2,305.5,0.15703,20.5,416.3,0.2460,-0.00209,OK
1.3235,1.3190,4.6,0,421.7,309.3,0.1566,411.9,310.1,0.1196,-16.5,399.6,0.0000,-94.7,402.8,-0.1592,-29.6,412.7,0,0.0,0.0,0.0000,10.21,-9.12,-11.03,8.16,1,0.3500,-0.206,2.354,24.00,1,421.7,309.3,0.15942,-0.3,412.4,0.3384,-0.00199,OK
1.3312,1.3268,4.4,0,421.6,311.9,0.1546,411.7,313.3,0.1196,-20.6,399.4,0.0000,-96.5,403.3,-0.1653,-30.6,413.5,0,0.0,0.0,0.0000,10.30,-8.53,-11.96,5.92,1,0.3989,1.902,1.569,25.00,1,421.2,312.1,0.16095,-30.4,378.9,0.3473,-0.00150,OK
1.3390,1.3338,5.2,0,420.9,316.0,0.1644,411.6,316.1,0.1196,-24.2,399.3,0.0000,-102.2,401.1,-0.1755,-35.6,412.4,0,0.0,0.0,0.0000,11.52,-10.31,-13.38,4.04,1,0.3989,1.902,1.569,26.00,1,420.5,315.4,0.16348,-69.6,432.4,0.3397,-0.00108,OK
1.3469,1.3424,4.4,0,420.9,319.3,0.1664,411.3,319.5,0.1196,-28.6,399.1,0.0000,-105.9,398.2,-0.1871,-38.4,410.3,0,0.0,0.0,0.0000,10.90,-11.06,-12.74,5.53,1,0.3767,1.853,-3.815,24.00,1,420.2,319.2,0.16640,-6.5,441.2,0.3407,-0.00074,OK
1.3554,1.3511,4.2,0,419.5,322.4,0.1788,411.1,323.0,0.1196,-33.1,398.7,0.0000,-112.3,396.4,-0.2071,-43.1,409.7,0,0.0,0.0,0.0000,10.12,-9.46,-11.62,7.05,1,0.3956,-0.422,0.775,24.00,1,419.6,322.6,0.17138,10.9,413.1,0.4286,-0.00086,OK
1.3629,1.3618,1.1,0,418.7,326.4,0.1808,410.7,327.2,0.1196,-38.8,398.2,0.0000,-113.2,393.2,-0.2301,-42.1,407.0,0,0.0,0.0,0.0000,10.13,-9.22,-10.85,7.18,1,0.4533,-0.902,2.618,25.00,1,418.8,326.6,0.17713,0.0,382.2,0.5106,-0.00088,OK
1.3714,1.3618,9.5,0,418.7,326.4,0.1808,410.7,327.2,0.1196,-38.8,398.2,0.0000,-117.9,400.5,-0.2323,-45.2,415.0,0,0.0,0.0,0.0000,10.36,-8.79,-11.11,7.32,1,0.4533,-0.902,2.618,25.00,1,418.7,327.2,0.17769,-1.1,400.3,0.4488,-0.00082,OK
1.3790,1.3776,1.4,0,417.0,333.5,0.1753,410.0,333.5,0.1196,-47.7,397.1,0.0000,-114.4,391.3,-0.2493,-41.7,405.5,0,0.0,0.0,0.0000,11.21,-8.93,-12.17,7.36,1,0.4311,0.049,-1.589,25.00,1,417.2,333.4,0.18195,-26.7,447.0,0.3198,-0.00052,OK
1.3879,1.3854,2.6,0,416.1,337.0,0.1787,409.6,336.6,0.1196,-51.9,396.5,0.0000,-118.2,390.1,-0.2563,-44.9,405.2,0,0.0,0.0,0.0000,11.00,-8.60,-12.33,7.45,1,0.3744,1.010,-0.078,25.00,1,416.2,336.9,0.18369,-30.4,449.0,0.3191,-0.00033,OK
1.3949,1.3934,1.4,0,415.4,341.3,0.1881,409.2,339.8,0.1196,-56.1,395.8,0.0000,-123.0,384.5,-0.2699,-49.3,400.6,0,0.0,0.0,0.0000,10.24,-9.00,-11.91,7.66,1,0.3800,0.834,1.579,25.00,1,415.4,340.9,0.18708,-8.3,492.0,0.3915,-0.00030,OK
1.4030,1.4019,1.1,0,414.4,343.8,0.1928,408.7,343.2,0.1196,-60.2,395.3,0.0000,-126.5,383.2,-0.2822,-51.7,400.2,0,0.0,0.0,0.0000,10.78,-8.56,-11.53,7.55,1,0.2989,0.304,-0.206,24.00,1,414.5,344.1,0.19018,-32.4,409.5,0.3501,-0.00045,OK
1.4118,1.4102,1.6,0,413.4,348.3,0.2019,408.2,346.4,0.1196,-64.4,394.8,0.0000,-131.1,380.4,-0.3000,-55.1,398.5,0,0.0,0.0,0.0000,10.40,-6.02,-11.68,6.95,1,0.2989,0.304,-0.206,25.00,1,413.4,347.9,0.19463,-40.7,452.4,0.4314,-0.00094,OK
1.4201,1.4184,1.7,0,413.0,350.8,0.1942,407.6,349.7,0.1196,-68.8,394.1,0.0000,-131.3,380.9,-0.3047,-54.7,399.1,0,0.0,0.0,0.0000,10.47,-6.68,-12.21,6.40,1,0.2200,1.706,1.138,25.00,1,412.6,351.0,0.19579,-34.4,401.9,0.2101,-0.00102,OK
1.4276,1.4273,0.2,0,411.0,355.0,0.2024,407.0,353.2,0.1196,-73.7,393.2,0.0000,-135.0,375.9,-0.3125,-58.5,395.1,0,0.0,0.0,0.0000,10.34,-9.17,-11.81,6.37,1,0.0922,0.196,-1.500,25.00,1,411.3,354.9,0.19773,-45.8,451.0,0.1958,-0.00118,OK
1.4358,1.4352,0.6,0,409.9,358.1,0.1948,406.4,356.3,0.1196,-78.1,392.2,0.0000,-134.9,375.5,-0.3099,-58.7,394.6,0,0.0,0.0,0.0000,9.45,-8.82,-12.28,5.76,1,0.0578,-0.686,1.275,25.00,1,410.1,358.1,0.19708,-58.0,430.2,0.0079,-0.00104,OK
1.4435,1.4424,1.1,0,409.0,361.6,0.2113,405.8,359.1,0.1196,-81.9,391.4,0.0000,-142.6,371.5,-0.3225,-65.8,392.4,0,0.0,0.0,0.0000,9.60,-8.49,-12.94,5.44,1,0.0578,-0.686,1.275,25.00,1,409.1,361.4,0.20024,-54.7,460.7,0.2340,-0.00124,OK
1.4511,1.4424,8.7,0,409.0,361.6,0.2113,405.8,359.1,0.1196,-81.9,391.4,0.0000,-148.3,378.0,-0.3203,-70.4,399.9,0,0.0,0.0,0.0000,10.57,-9.47,-13.17,5.38,1,0.0189,1.098,2.216,24.00,1,408.9,361.7,0.19968,-66.7,461.2,0.0143,-0.00115,OK
1.4598,1.4532,6.6,0,407.7,365.7,0.1952,404.9,363.3,0.1196,-87.4,390.3,0.0000,-145.4,376.6,-0.3157,-68.3,397.9,0,0.0,0.0,0.0000,10.00,-9.68,-13.13,5.18,1,-0.0878,-0.373,-2.334,25.00,1,407.6,365.8,0.19854,-57.4,439.0,-0.0965,-0.00092,OK
1.4673,1.4610,6.4,0,406.9,368.9,0.2035,404.2,366.3,0.1196,-91.2,389.4,0.0000,-151.6,373.5,-0.3157,-74.9,396.0,0,0.0,0.0,0.0000,9.68,-9.30,-13.28,4.91,1,-0.1233,-0.716,1.344,25.00,1,406.7,368.9,0.19854,-53.6,423.8,-0.1248,-0.00092,OK
1.4758,1.4685,7.3,0,405.7,372.1,0.1970,403.5,369.3,0.1196,-95.0,388.5,0.0000,-152.9,373.2,-0.3115,-76.7,395.9,0,0.0,0.0,0.0000,9.68,-8.77,-13.79,4.54,1,-0.1178,-0.314,2.412,25.00,1,405.7,372.1,0.19749,-62.6,422.0,-0.1263,-0.00073,OK
1.4838,1.4685,15.3,0,405.7,372.1,0.1970,403.5,369.3,0.1196,-95.0,388.5,0.0000,-156.3,372.1,-0.3078,-80.7,395.4,0,0.0,0.0,0.0000,9.55,-8.75,-13.33,4.31,1,-0.1178,-0.314,2.412,24.00,1,404.6,374.9,0.19655,-64.3,412.1,-0.1278,-0.00052,OK
1.4916,1.4850,6.5,0,403.7,378.4,0.1864,401.9,375.7,0.1196,-103.7,386.2,0.0000,-156.7,370.2,-0.2958,-82.6,393.4,0,0.0,0.0,0.0000,9.52,-8.71,-12.83,4.26,1,-0.1600,1.569,-1.991,25.00,1,403.6,378.5,0.19355,-55.1,401.9,-0.1731,-0.00013,OK
1.4996,1.4963,3.3,0,402.1,382.2,0.1938,400.7,380.0,0.1196,-109.5,384.7,0.0000,-162.1,364.6,-0.2896,-89.6,388.8,0,0.0,0.0,0.0000,9.72,-9.13,-13.61,4.44,1,-0.1656,1.922,1.628,24.00,1,402.1,382.4,0.19201,-65.2,387.9,-0.1608,-0.00001,OK
1.5078,1.5033,4.6,0,401.1,385.2,0.1896,399.9,382.7,0.1196,-113.1,383.7,0.0000,-165.4,364.6,-0.2827,-93.5,389.3,0,0.0,0.0,0.0000,10.10,-8.88,-13.63,4.38,1,-0.2211,-1.324,-0.216,24.00,1,401.1,385.1,0.19028,-68.1,406.5,-0.2258,0.00005,OK
1.5148,1.5114,3.4,0,399.3,389.0,0.2000,398.9,385.8,0.1196,-117.1,382.4,0.0000,-170.8,358.8,-0.2834,-99.8,384.6,0,0.0,0.0,0.0000,9.39,-8.42,-13.26,4.23,1,-0.2211,-1.324,-0.216,25.00,1,399.6,388.7,0.19047,-71.9,427.3,-0.1531,-0.00020,OK
1.5228,1.5207,2.1,0,398.2,391.6,0.1853,397.9,389.4,0.1196,-121.7,380.9,0.0000,-168.8,358.6,-0.2731,-98.9,383.8,0,0.0,0.0,0.0000,9.97,-8.62,-12.98,3.88,1,-0.2100,-1.628,-0.177,25.00,1,398.2,391.8,0.18789,-86.2,378.6,-0.2435,-0.00003,OK
1.5314,1.5303,1.1,0,397.0,395.0,0.1892,396.6,393.0,0.1196,-126.8,379.2,0.0000,-173.8,355.8,-0.2684,-104.8,381.9,0,0.0,0.0,0.0000,9.34,-8.26,-13.23,3.56,1,-0.1778,1.442,0.451,24.00,1,396.9,395.1,0.18672,-78.4,361.4,-0.1532,0.00017,OK
1.5398,1.5364,3.4,0,395.9,398.1,0.1796,395.9,395.3,0.1196,-130.0,378.1,0.0000,-175.4,356.6,-0.2583,-107.2,382.7,0,0.0,0.0,0.0000,9.28,-8.84,-13.69,3.43,1,-0.2100,2.697,-0.137,25.00,1,395.9,397.7,0.18420,-78.4,413.4,-0.2630,0.00066,OK
1.5478,1.5449,2.8,0,394.1,402.3,0.1848,394.7,398.5,0.1196,-134.4,376.7,0.0000,-180.1,350.5,-0.2524,-113.4,377.4,0,0.0,0.0,0.0000,9.06,-8.66,-13.91,3.79,1,-0.2100,2.697,-0.137,25.00,1,394.4,401.8,0.18272,-81.0,465.0,-0.2067,0.00089,OK
1.5556,1.5533,2.2,0,393.3,405.2,0.1789,393.6,401.7,0.1196,-138.6,375.3,0.0000,-182.6,347.6,-0.2422,-117.3,374.7,0,0.0,0.0,0.0000,9.83,-9.01,-12.43,4.42,1,-0.2667,-1.598,-0.412,25.00,1,393.2,405.2,0.18016,-63.5,435.4,-0.2793,0.00088,OK
1.5639,1.5533,10.6,0,393.3,405.2,0.1789,393.6,401.7,0.1196,-138.6,375.3,0.0000,-189.1,351.7,-0.2399,-123.2,379.8,0,0.0,0.0,0.0000,10.39,-8.07,-12.97,3.30,1,-0.2356,-1.863,2.511,25.00,1,392.8,406.3,0.17960,-94.7,426.3,-0.2384,0.00092,OK
1.5714,1.5642,7.2,0,391.5,408.5,0.1905,392.0,405.8,0.1196,-143.7,373.2,0.0000,-196.2,348.0,-0.2405,-130.8,377.5,0,0.0,0.0,0.0000,10.18,-8.60,-13.48,3.35,1,-0.2478,1.863,1.245,24.00,1,391.5,408.9,0.17974,-96.8,401.4,-0.2512,0.00071,OK
1.5797,1.5729,6.8,0,390.0,412.6,0.1723,390.8,409.0,0.1196,-147.9,371.5,0.0000,-194.2,347.3,-0.2274,-130.2,376.0,0,0.0,0.0,0.0000,10.55,-8.78,-13.89,3.10,1,-0.3011,1.393,-2.667,25.00,1,390.0,412.4,0.17646,-103.4,418.1,-0.3121,0.00099,OK
1.5871,1.5870,0.0,0,387.8,417.1,0.1812,388.6,414.2,0.1196,-154.9,368.7,0.0000,-198.1,336.7,-0.2180,-136.7,366.0,0,0.0,0.0,0.0000,9.72,-8.57,-13.01,3.10,1,-0.3011,1.393,-2.667,25.00,1,387.8,417.3,0.17412,-93.5,359.3,-0.1669,0.00092,OK
1.5958,1.5870,8.7,0,387.8,417.1,0.1812,388.6,414.2,0.1196,-154.9,368.7,0.0000,-206.0,343.1,-0.2158,-143.6,373.5,0,0.0,0.0,0.0000,9.60,-7.55,-13.31,3.59,1,-0.2889,-1.520,0.333,25.00,1,387.7,417.6,0.17358,-88.2,376.0,-0.2814,0.00077,OK
1.6037,1.5983,5.4,0,386.1,421.5,0.1814,386.9,418.4,0.1196,-160.8,366.5,0.0000,-208.9,338.0,-0.2127,-147.6,368.9,0,0.0,0.0,0.0000,10.31,-7.94,-13.39,3.83,1,-0.2278,-0.785,3.001,25.00,1,386.1,421.4,0.17278,-90.4,393.6,-0.2055,0.00042,OK
1.6116,1.6048,6.8,0,384.0,424.7,0.1593,385.8,420.8,0.1196,-164.0,365.0,0.0000,-205.2,339.7,-0.1996,-145.0,369.4,0,0.0,0.0,0.0000,10.95,-6.96,-13.64,2.59,1,-0.2078,1.598,-0.922,25.00,1,384.5,424.3,0.16952,-132.7,406.6,-0.2135,0.00069,OK
1.6192,1.6126,6.6,0,383.3,427.6,0.1681,384.5,423.6,0.1196,-167.8,363.2,0.0000,-211.9,334.1,-0.1932,-153.1,364.8,0,0.0,0.0,0.0000,11.04,-7.06,-13.68,2.60,1,-0.2044,0.216,0.422,24.00,1,383.1,427.5,0.16791,-124.6,413.7,-0.2055,0.00070,OK
1.6275,1.6212,6.3,0,381.7,430.9,0.1597,383.0,426.7,0.1196,-171.8,361.2,0.0000,-213.4,331.8,-0.1822,-156.0,362.3,0,0.0,0.0,0.0000,11.23,-7.05,-14.56,2.69,1,-0.2044,0.216,0.422,24.00,1,381.5,430.9,0.16517,-126.8,421.8,-0.2104,0.00083,OK
1.6358,1.6316,4.2,0,380.9,433.7,0.1614,381.2,430.5,0.1196,-176.4,358.8,0.0000,-219.3,327.7,-0.1735,-163.2,359.0,0,0.0,0.0,0.0000,11.11,-6.96,-13.63,2.81,1,-0.1689,-0.245,0.422,25.00,1,380.3,434.1,0.16300,-93.9,360.3,-0.1760,0.00086,OK
1.6440,1.6399,4.0,0,379.1,436.6,0.1649,379.8,433.4,0.1196,-180.4,356.8,0.0000,-224.8,325.2,-0.1708,-169.3,357.2,0,0.0,0.0,0.0000,11.45,-6.89,-13.44,2.65,1,-0.1367,-1.089,-1.020,24.00,1,379.0,436.8,0.16232,-106.6,357.3,-0.1267,0.00081,OK
1.6509,1.6473,3.6,0,377.1,439.6,0.1587,378.4,436.1,0.1196,-184.0,355.1,0.0000,-225.3,323.6,-0.1663,-170.4,355.6,0,0.0,0.0,0.0000,10.96,-6.20,-13.82,2.66,1,-0.0922,-0.049,1.736,24.00,1,377.5,439.5,0.16119,-126.0,375.5,-0.1073,0.00086,OK
1.6594,1.6552,4.3,0,375.1,443.4,0.1618,377.0,438.8,0.1196,-187.9,353.1,0.0000,-229.4,318.9,-0.1642,-175.4,351.5,0,0.0,0.0,0.0000,11.36,-6.50,-13.05,2.52,1,-0.0922,-0.049,1.736,25.00,1,375.6,442.9,0.16065,-137.1,418.7,-0.0903,0.00087,OK
1.6677,1.6552,12.6,0,375.1,443.4,0.1618,377.0,438.8,0.1196,-187.9,353.1,0.0000,-235.2,319.7,-0.1630,-181.1,353.2,0,0.0,0.0,0.0000,11.71,-6.38,-12.25,2.55,1,-0.0578,0.892,-0.490,25.00,1,374.7,444.6,0.16037,-131.4,393.9,-0.0589,0.00087,OK
1.6751,1.6552,20.0,0,375.1,443.4,0.1618,377.0,438.8,0.1196,-187.9,353.1,0.0000,-238.6,316.9,-0.1612,-185.1,350.8,0,0.0,0.0,0.0000,10.78,-6.10,-13.76,2.41,1,-0.0578,0.618,0.608,25.00,1,373.3,447.3,0.15991,-136.9,392.7,-0.0647,0.00097,OK
1.6835,1.6552,28.3,0,375.1,443.4,0.1618,377.0,438.8,0.1196,-187.9,353.1,0.0000,-242.3,313.7,-0.1596,-189.4,348.2,0,0.0,0.0,0.0000,11.11,-6.19,-13.90,2.47,1,-0.0167,-0.137,2.001,25.00,1,371.6,450.4,0.15952,-141.7,398.0,-0.0268,0.00112,OK
1.6915,1.6841,7.5,0,375.0,446.4,0.1583,371.3,448.9,0.1196,-201.4,345.5,0.0000,-253.0,325.6,-0.1581,-198.3,361.6,0,0.0,0.0,0.0000,11.50,-6.01,-13.68,2.80,1,-0.0167,-0.137,2.001,25.00,1,373.9,447.3,0.15913,-66.6,212.6,-0.0161,0.00112,OK
1.6992,1.6841,15.2,0,375.0,446.4,0.1583,371.3,448.9,0.1196,-201.4,345.5,0.0000,-262.4,330.6,-0.1574,-206.7,368.0,0,0.0,0.0,0.0000,11.10,-5.80,-13.43,2.44,1,-0.0256,0.000,-0.696,25.00,1,373.2,448.7,0.15897,-73.2,212.6,-0.0271,0.00113,OK
1.7071,1.6841,23.1,0,375.0,446.4,0.1583,371.3,448.9,0.1196,-201.4,345.5,0.0000,-267.7,331.3,-0.1574,-211.9,369.5,0,0.0,0.0,0.0000,11.80,-5.09,-13.47,1.90,1,0.0244,-0.049,1.981,24.00,1,372.2,450.3,0.15896,-96.3,219.4,0.0226,0.00113,OK
1.7157,1.6841,31.7,0,375.0,446.4,0.1583,371.3,448.9,0.1196,-201.4,345.5,0.0000,-273.9,332.4,-0.1578,-217.8,371.6,0,0.0,0.0,0.0000,11.77,-5.63,-9.14,2.16,1,0.0033,0.314,-1.853,25.00,1,371.4,451.9,0.15907,-55.0,179.7,0.0034,0.00112,OK
1.7234,1.6841,39.3,0,375.0,446.4,0.1583,371.3,448.9,0.1196,-201.4,345.5,0.0000,-279.8,333.4,-0.1576,-223.5,373.5,0,0.0,0.0,0.0000,11.80,-5.33,-10.07,1.72,1,-0.0178,0.824,1.059,25.00,1,370.6,453.2,0.15901,-77.1,197.1,-0.0188,0.00112,OK
1.7310,1.6841,47.0,0,375.0,446.4,0.1583,371.3,448.9,0.1196,-201.4,345.5,0.0000,-285.4,333.9,-0.1569,-229.0,374.8,0,0.0,0.0,0.0000,11.28,-4.88,-12.04,1.33,1,-0.0178,0.824,1.059,25.00,1,369.7,454.7,0.15885,-103.9,220.2,-0.0214,0.00116,OK
1.7395,1.6841,55.4,0,375.0,446.4,0.1583,371.3,448.9,0.1196,-201.4,345.5,0.0000,-290.9,334.1,-0.1572,-234.4,375.9,0,0.0,0.0,0.0000,11.63,-4.25,-13.06,1.62,1,0.0333,-0.108,1.795,25.00,1,368.4,456.5,0.15892,-114.9,236.6,0.0354,0.00110,OK
1.7478,1.6841,63.8,0,375.0,446.4,0.1583,371.3,448.9,0.1196,-201.4,345.5,0.0000,-295.9,334.0,-0.1583,-239.2,376.7,0,0.0,0.0,0.0000,12.26,-3.97,-13.55,1.33,1,0.0244,0.451,-0.235,25.00,1,367.1,458.3,0.15920,-131.4,249.2,0.0295,0.00100,OK
1.7554,1.6841,71.3,0,375.0,446.4,0.1583,371.3,448.9,0.1196,-201.4,345.5,0.0000,-300.2,333.6,-0.1588,-243.4,377.0,0,0.0,0.0,0.0000,11.80,-4.13,-13.11,0.99,1,0.0000,1.334,0.333,25.00,1,365.8,460.0,0.15931,-133.7,247.9,-0.0000,0.00099,OK
1.7639,1.7614,2.5,0,356.0,478.9,0.1625,354.4,474.8,0.1196,-235.9,322.9,0.0000,-294.4,317.5,-0.1631,-239.9,360.5,0,0.0,0.0,0.0000,11.92,-4.34,-12.71,1.11,1,0.0000,1.334,0.333,26.00,1,356.4,478.4,0.16039,-192.2,489.9,0.0196,0.00083,OK
1.7714,1.7649,6.5,0,355.3,481.6,0.1731,353.6,475.9,0.1196,-237.4,321.8,0.0000,-292.4,302.8,-0.1761,-239.2,346.4,0,0.0,0.0,0.0000,12.08,-3.76,-12.13,0.88,1,0.0111,0.657,2.324,25.00,1,355.4,480.5,0.16363,-185.6,462.5,0.0220,0.00032,OK
1.7798,1.7736,6.2,0,353.6,483.8,0.1649,351.5,478.7,0.1196,-241.2,319.1,0.0000,-291.1,286.0,-0.1762,-240.6,329.6,0,0.0,0.0,0.0000,11.94,-4.37,-13.27,1.01,1,-0.0611,-1.285,-1.206,25.00,1,353.3,484.1,0.16367,-179.2,459.8,-0.0573,0.00024,OK
1.7876,1.7828,4.8,0,351.8,486.1,0.1619,349.3,481.7,0.1196,-245.0,316.2,0.0000,-292.4,271.5,-0.1731,-244.5,315.3,0,0.0,0.0,0.0000,12.97,-3.75,-13.57,0.17,1,-0.0644,-1.167,-0.441,24.00,1,351.4,487.0,0.16288,-188.7,406.2,-0.0651,0.00022,OK
1.7950,1.7906,4.4,0,349.6,489.1,0.1580,347.3,484.1,0.1196,-248.3,313.6,0.0000,-294.4,269.3,-0.1693,-247.1,313.2,0,0.0,0.0,0.0000,12.60,-2.86,-12.90,-0.48,1,0.0022,2.373,1.834,24.00,1,349.5,489.4,0.16195,-195.1,369.4,-0.0160,0.00038,OK
1.8038,1.7906,13.2,0,349.6,489.1,0.1580,347.3,484.1,0.1196,-248.3,313.6,0.0000,-300.5,269.1,-0.1692,-253.2,314.0,0,0.0,0.0,0.0000,11.45,-2.78,-13.31,-0.49,1,0.0022,2.373,1.834,25.00,1,348.2,491.1,0.16191,-191.4,359.4,-0.0042,0.00047,OK
1.8112,1.8070,4.2,0,347.2,494.6,0.1570,343.2,489.2,0.1196,-254.7,308.1,0.0000,-304.1,262.2,-0.1639,-258.2,307.4,0,0.0,0.0,0.0000,11.70,-3.65,-13.50,-0.37,1,-0.0422,2.991,0.069,26.00,1,346.6,494.7,0.16058,-149.5,362.3,-0.0725,0.00081,OK
1.8192,1.8155,3.7,0,344.5,496.7,0.1630,341.0,491.8,0.1196,-258.3,305.1,0.0000,-308.9,257.5,-0.1619,-263.9,303.4,0,0.0,0.0,0.0000,11.56,-3.82,-13.88,-0.83,1,-0.1189,-0.863,-0.039,25.00,1,344.6,497.1,0.16010,-174.5,342.0,-0.1193,0.00098,OK
1.8278,1.8242,3.6,0,341.4,499.5,0.1574,338.8,494.5,0.1196,-262.1,302.1,0.0000,-309.8,255.9,-0.1560,-265.5,301.6,0,0.0,0.0,0.0000,11.75,-2.84,-12.94,-0.93,1,-0.1422,-0.794,1.393,24.00,1,342.0,499.5,0.15861,-202.2,323.6,-0.1471,0.00096,OK
1.8352,1.8329,2.3,0,340.4,501.7,0.1673,336.5,497.1,0.1196,-265.6,299.1,0.0000,-315.0,249.5,-0.1581,-271.5,296.3,0,0.0,0.0,0.0000,12.12,-2.99,-13.28,-1.56,1,-0.1422,-0.794,1.393,24.00,1,340.1,501.9,0.15913,-190.6,316.7,-0.0722,0.00096,OK
1.8428,1.8407,2.1,0,338.5,503.8,0.1591,334.4,499.4,0.1196,-268.8,296.4,0.0000,-316.7,249.0,-0.1525,-273.7,295.7,0,0.0,0.0,0.0000,12.20,-2.65,-14.09,-2.27,1,-0.1700,1.589,-0.951,25.00,1,338.3,504.0,0.15774,-202.0,310.8,-0.1756,0.00123,OK
1.8518,1.8491,2.7,0,335.5,506.9,0.1518,332.1,501.9,0.1196,-271.9,293.4,0.0000,-318.7,246.7,-0.1413,-276.8,292.9,0,0.0,0.0,0.0000,11.58,-2.77,-14.69,-2.42,1,-0.2211,1.549,2.167,25.00,1,335.8,506.6,0.15494,-224.1,333.0,-0.2713,0.00165,OK
1.8593,1.8579,1.4,0,333.7,509.6,0.1578,329.7,504.4,0.1196,-275.2,290.2,0.0000,-322.5,239.4,-0.1362,-282.1,285.9,0,0.0,0.0,0.0000,11.99,-2.25,-14.81,-2.46,1,-0.2544,-1.089,1.589,25.00,1,333.6,509.3,0.15365,-211.0,336.5,-0.2021,0.00158,OK
1.8673,1.8662,1.1,0,330.3,512.0,0.1466,327.4,506.8,0.1196,-278.4,287.0,0.0000,-321.7,238.0,-0.1226,-282.5,283.5,0,0.0,0.0,0.0000,11.20,-2.05,-13.92,-2.72,1,-0.2756,0.912,-1.824,25.00,1,330.9,511.8,0.15027,-251.1,330.3,-0.3371,0.00176,OK
1.8755,1.8662,9.4,0,330.3,512.0,0.1466,327.4,506.8,0.1196,-278.4,287.0,0.0000,-330.7,240.9,-0.1214,-291.0,287.6,0,0.0,0.0,0.0000,8.12,-1.52,-14.41,-2.84,1,-0.2756,0.912,-1.824,25.00,1,330.6,512.0,0.14995,-200.5,265.2,-0.2948,0.00203,OK
1.8828,1.8827,0.1,0,328.5,513.6,0.1481,322.8,511.5,0.1196,-284.8,280.7,0.0000,-332.6,235.7,-0.1064,-294.7,281.6,0,0.0,0.0,0.0000,8.62,-1.73,-14.45,-3.24,1,-0.2322,1.912,0.471,24.00,1,328.0,514.3,0.14622,-162.5,191.0,-0.2417,0.00249,OK
1.8916,1.8827,8.9,0,328.5,513.6,0.1481,322.8,511.5,0.1196,-284.8,280.7,0.0000,-342.0,238.8,-0.1064,-303.6,286.0,0,0.0,0.0,0.0000,11.05,-1.11,-14.09,-2.82,1,-0.1889,0.735,0.186,25.00,1,327.7,514.5,0.14621,-210.3,250.6,-0.1909,0.00248,OK
1.8993,1.8827,16.6,0,328.5,513.6,0.1481,322.8,511.5,0.1196,-284.8,280.7,0.0000,-345.6,236.2,-0.1011,-307.8,283.7,0,0.0,0.0,0.0000,12.43,-0.87,-14.38,-3.26,1,-0.1422,0.598,1.138,25.00,1,325.7,516.3,0.14489,-236.3,268.0,-0.1482,0.00253,OK
1.9072,1.8827,24.5,0,328.5,513.6,0.1481,322.8,511.5,0.1196,-284.8,280.7,0.0000,-348.7,233.4,-0.0968,-311.6,281.0,0,0.0,0.0,0.0000,13.66,-0.57,-14.52,-3.02,1,-0.1422,0.598,1.138,25.00,1,323.5,518.1,0.14382,-245.6,273.5,-0.1268,0.00226,OK
1.9162,1.8827,33.5,0,328.5,513.6,0.1481,322.8,511.5,0.1196,-284.8,280.7,0.0000,-352.0,230.1,-0.0927,-315.6,277.9,0,0.0,0.0,0.0000,13.20,-0.11,-14.15,-3.51,1,-0.1089,0.177,0.588,24.00,1,320.9,520.2,0.14279,-252.3,261.0,-0.1033,0.00215,OK
1.9230,1.8827,40.4,0,328.5,513.6,0.1481,322.8,511.5,0.1196,-284.8,280.7,0.0000,-354.2,227.8,-0.0904,-318.3,275.7,0,0.0,0.0,0.0000,13.37,0.38,-14.47,-4.06,1,-0.0611,-0.431,-0.834,24.00,1,318.9,521.7,0.14222,-269.0,260.2,-0.0640,0.00215,OK
1.9321,1.8827,49.4,0,328.5,513.6,0.1481,322.8,511.5,0.1196,-284.8,280.7,0.0000,-356.6,225.1,-0.0895,-321.2,273.3,0,0.0,0.0,0.0000,13.13,1.09,-14.79,-4.36,1,0.0178,1.785,2.226,24.00,1,316.1,523.6,0.14198,-280.1,251.1,0.0112,0.00221,OK
1.9390,1.8827,56.3,0,328.5,513.6,0.1481,322.8,511.5,0.1196,-284.8,280.7,0.0000,-358.3,223.0,-0.0899,-323.1,271.5,0,0.0,0.0,0.0000,14.23,0.67,-15.26,-3.84,1,0.0178,1.785,2.226,25.00,1,313.9,525.2,0.14210,-285.2,274.5,0.0211,0.00213,OK
1.9480,1.8827,65.3,0,328.5,513.6,0.1481,322.8,511.5,0.1196,-284.8,280.7,0.0000,-360.5,219.7,-0.0906,-325.7,268.6,0,0.0,0.0,0.0000,14.05,0.57,-14.82,-4.03,1,0.0211,1.549,0.392,25.00,1,311.0,527.2,0.14226,-285.1,273.5,0.0158,0.00218,OK
1.9558,1.8827,73.1,0,328.5,513.6,0.1481,322.8,511.5,0.1196,-284.8,280.7,0.0000,-362.5,217.0,-0.0911,-328.1,266.2,0,0.0,0.0,0.0000,14.87,0.84,-13.92,-3.90,1,0.0067,-1.667,-1.138,25.00,1,308.5,529.0,0.14240,-283.3,264.0,0.0164,0.00199,OK
1.9638,1.8827,81.1,0,328.5,513.6,0.1481,322.8,511.5,0.1196,-284.8,280.7,0.0000,-364.3,214.0,-0.0932,-330.1,263.7,0,0.0,0.0,0.0000,14.98,1.60,-14.94,-4.31,1,0.1044,1.353,-0.637,25.00,1,305.9,530.8,0.14292,-306.4,267.2,0.1083,0.00190,OK
1.9717,1.8827,89.0,0,328.5,513.6,0.1481,322.8,511.5,0.1196,-284.8,280.7,0.0000,-365.5,211.2,-0.0981,-331.4,261.5,0,0.0,0.0,0.0000,15.21,2.15,-15.05,-4.53,1,0.2022,1.795,2.991,25.00,1,303.1,532.5,0.14415,-318.8,266.4,0.2009,0.00188,OK
1.9795,1.8827,96.8,0,328.5,513.6,0.1481,322.8,511.5,0.1196,-284.8,280.7,0.0000,-366.4,208.9,-0.1051,-332.2,259.9,0,0.0,0.0,0.0000,15.56,2.39,-14.70,-4.17,1,0.2300,-0.471,-0.814,24.00,1,300.4,534.2,0.14589,-315.8,262.2,0.2401,0.00168,OK
1.9871,1.8827,104.4,0,328.5,513.6,0.1481,322.8,511.5,0.1196,-284.8,280.7,0.0000,-367.3,206.6,-0.1126,-332.9,258.5,0,0.0,0.0,0.0000,15.98,2.42,-14.13,-4.32,1,0.2300,-0.471,-0.814,25.00,1,297.7,535.8,0.14776,-317.4,259.8,0.2390,0.00151,OK
1.9962,1.8827,113.5,0,328.5,513.6,0.1481,322.8,511.5,0.1196,-284.8,280.7,0.0000,-368.1,204.4,-0.1221,-333.4,257.1,0,0.0,0.0,0.0000,15.77,2.66,-14.14,-4.60,1,0.2911,0.530,0.451,26.00,1,294.5,537.7,0.15014,-324.6,258.7,0.2900,0.00150,OK
2.0035,1.9983,5.2,0,300.9,538.2,0.1413,287.5,541.3,0.1196,-324.6,233.9,0.0000,-382.7,205.8,-0.1166,-348.0,260.3,0,0.0,0.0,0.0000,15.86,2.73,-13.69,-4.37,1,0.3356,1.000,1.275,25.00,1,300.7,538.2,0.14877,-240.9,230.7,0.3147,0.00204,OK
2.0110,1.9983,12.7,0,300.9,538.2,0.1413,287.5,541.3,0.1196,-324.6,233.9,0.0000,-397.8,206.5,-0.1224,-362.4,263.7,0,0.0,0.0,0.0000,15.52,2.55,-13.96,-4.78,1,0.3133,-0.657,2.167,25.00,1,299.4,539.1,0.15022,-253.1,236.6,0.3066,0.00211,OK
2.0194,1.9983,21.1,0,300.9,538.2,0.1413,287.5,541.3,0.1196,-324.6,233.9,0.0000,-402.2,204.4,-0.1327,-366.5,263.2,0,0.0,0.0,0.0000,16.65,2.89,-14.06,-4.94,1,0.3133,-0.657,2.167,25.00,1,296.9,540.8,0.15279,-271.2,240.8,0.3108,0.00212,OK
2.0278,1.9983,29.4,0,300.9,538.2,0.1413,287.5,541.3,0.1196,-324.6,233.9,0.0000,-404.3,201.8,-0.1425,-368.3,261.9,0,0.0,0.0,0.0000,16.07,2.77,-15.32,-4.83,1,0.2756,1.010,-1.824,25.00,1,294.3,542.4,0.15525,-281.2,251.4,0.2748,0.00210,OK
2.0351,1.9983,36.8,0,300.9,538.2,0.1413,287.5,541.3,0.1196,-324.6,233.9,0.0000,-406.2,199.5,-0.1510,-369.9,260.7,0,0.0,0.0,0.0000,15.36,2.96,-14.54,-4.67,1,0.2978,-1.294,0.294,25.00,1,292.0,543.9,0.15736,-273.4,236.3,0.2971,0.00208,OK
2.0438,1.9983,45.5,0,300.9,538.2,0.1413,287.5,541.3,0.1196,-324.6,233.9,0.0000,-408.5,197.0,-0.1616,-371.8,259.6,0,0.0,0.0,0.0000,15.52,2.86,-14.07,-4.52,1,0.3133,-1.324,0.745,25.00,1,289.3,545.6,0.16002,-273.7,237.4,0.3127,0.00205,OK
2.0508,1.9983,52.5,0,300.9,538.2,0.1413,287.5,541.3,0.1196,-324.6,233.9,0.0000,-410.2,195.0,-0.1703,-373.3,258.7,0,0.0,0.0,0.0000,15.32,2.71,-14.42,-4.54,1,0.3133,-1.324,0.745,24.00,1,287.2,546.9,0.16219,-278.9,243.8,0.3101,0.00207,OK
2.0591,1.9983,60.8,0,300.9,538.2,0.1413,287.5,541.3,0.1196,-324.6,233.9,0.0000,-411.8,192.5,-0.1806,-374.7,257.5,0,0.0,0.0,0.0000,15.98,3.29,-14.72,-5.43,1,0.3167,0.726,-0.127,25.00,1,284.4,548.5,0.16477,-305.5,243.3,0.3110,0.00213,OK
2.0675,1.9983,69.1,0,300.9,538.2,0.1413,287.5,541.3,0.1196,-324.6,233.9,0.0000,-413.2,189.8,-0.1907,-375.9,256.0,0,0.0,0.0,0.0000,16.18,2.97,-15.25,-5.01,1,0.3011,1.677,0.608,25.00,1,281.5,550.2,0.16730,-307.9,256.8,0.2987,0.00213,OK
2.0759,1.9983,77.6,0,300.9,538.2,0.1413,287.5,541.3,0.1196,-324.6,233.9,0.0000,-414.7,186.9,-0.2002,-377.2,254.3,0,0.0,0.0,0.0000,16.76,3.13,-14.51,-5.05,1,0.2544,0.324,-0.461,25.00,1,278.6,551.8,0.16966,-308.7,247.9,0.2591,0.00204,OK
2.0837,1.9983,85.4,0,300.9,538.2,0.1413,287.5,541.3,0.1196,-324.6,233.9,0.0000,-416.4,184.3,-0.2081,-378.8,252.7,0,0.0,0.0,0.0000,15.49,3.13,-14.37,-5.00,1,0.2422,-0.039,-0.137,25.00,1,276.0,553.3,0.17164,-301.1,236.7,0.2448,0.00197,OK
2.0914,1.9983,93.1,0,300.9,538.2,0.1413,287.5,541.3,0.1196,-324.6,233.9,0.0000,-417.7,181.4,-0.2155,-380.1,250.8,0,0.0,0.0,0.0000,15.54,3.08,-15.10,-5.25,1,0.2422,-0.039,-0.137,25.00,1,273.3,554.7,0.17350,-313.7,246.7,0.2406,0.00196,OK
2.0994,2.0993,0.1,0,296.6,541.0,0.1485,253.2,562.7,0.1196,-352.9,188.4,0.0000,-432.3,188.5,-0.1955,-394.5,258.3,0,0.0,0.0,0.0000,15.46,2.62,-14.90,-5.62,1,0.2211,0.451,1.422,25.00,1,295.0,541.8,0.16850,-47.3,30.0,0.0083,0.00305,OK
2.1075,2.1009,6.6,0,260.0,564.6,0.1739,252.6,563.0,0.1196,-353.3,187.6,0.0000,-448.0,184.8,-0.1994,-410.5,257.7,0,0.0,0.0,0.0000,15.64,2.50,-14.07,-5.25,1,0.1144,-1.255,-0.255,25.00,1,287.4,547.4,0.16945,-163.0,141.0,0.1121,0.00299,OK
2.1158,2.1009,14.9,0,260.0,564.6,0.1739,252.6,563.0,0.1196,-353.3,187.6,0.0000,-463.5,178.9,-0.2020,-426.5,254.8,0,0.0,0.0,0.0000,16.44,2.86,-14.66,-5.39,1,0.0833,-0.971,-1.236,24.00,1,286.0,548.2,0.17011,-183.6,144.7,0.0833,0.00295,OK
2.1236,2.1009,22.7,0,260.0,564.6,0.1739,252.6,563.0,0.1196,-353.3,187.6,0.0000,-468.7,174.2,-0.2045,-432.3,251.3,0,0.0,0.0,0.0000,15.50,2.72,-15.20,-5.92,1,0.0833,-0.971,-1.236,25.00,1,284.3,549.1,0.17075,-200.3,155.5,0.0803,0.00295,OK
2.1310,2.1009,30.1,0,260.0,564.6,0.1739,252.6,563.0,0.1196,-353.3,187.6,0.0000,-469.8,171.0,-0.2070,-433.8,248.6,0,0.0,0.0,0.0000,15.31,2.57,-15.40,-5.93,1,0.0878,0.961,2.677,25.00,1,282.6,550.0,0.17136,-210.3,166.4,0.0838,0.00297,OK
2.1400,2.1009,39.1,0,260.0,564.6,0.1739,252.6,563.0,0.1196,-353.3,187.6,0.0000,-471.4,166.8,-0.2086,-435.9,244.9,0,0.0,0.0,0.0000,15.04,2.32,-15.86,-5.95,1,0.0122,0.353,-1.049,25.00,1,280.4,551.2,0.17177,-220.8,175.9,0.0091,0.00298,OK
2.1479,2.1009,47.0,0,260.0,564.6,0.1739,252.6,563.0,0.1196,-353.3,187.6,0.0000,-472.7,162.9,-0.2084,-438.0,241.2,0,0.0,0.0,0.0000,15.14,2.96,-15.94,-6.38,1,-0.0211,0.049,-0.304,25.00,1,278.4,552.2,0.17172,-240.1,168.5,-0.0226,0.00296,OK
2.1557,2.1009,54.8,0,260.0,564.6,0.1739,252.6,563.0,0.1196,-353.3,187.6,0.0000,-473.9,159.3,-0.2078,-439.8,237.9,0,0.0,0.0,0.0000,15.09,2.66,-13.98,-6.21,1,-0.0167,0.088,0.392,25.00,1,276.4,553.2,0.17156,-227.8,160.7,-0.0188,0.00295,OK
2.1634,2.1009,62.5,0,260.0,564.6,0.1739,252.6,563.0,0.1196,-353.3,187.6,0.0000,-475.0,156.1,-0.2072,-441.4,234.8,0,0.0,0.0,0.0000,16.10,2.73,-12.14,-6.55,1,-0.0167,0.088,0.392,25.00,1,274.5,554.0,0.17141,-224.0,146.5,-0.0188,0.00294,OK
2.1710,2.1009,70.1,0,260.0,564.6,0.1739,252.6,563.0,0.1196,-353.3,187.6,0.0000,-476.2,152.5,-0.2061,-443.3,231.3,0,0.0,0.0,0.0000,16.42,2.70,-15.18,-7.01,1,-0.0511,2.010,-0.755,25.00,1,272.3,555.0,0.17113,-271.6,191.8,-0.0543,0.00294,OK
2.1799,2.1009,79.0,0,260.0,564.6,0.1739,252.6,563.0,0.1196,-353.3,187.6,0.0000,-477.7,147.8,-0.2040,-445.6,226.7,0,0.0,0.0,0.0000,15.50,2.43,-15.33,-6.89,1,-0.0578,0.745,0.755,25.00,1,269.7,556.3,0.17060,-271.4,197.0,-0.0632,0.00298,OK
2.1876,2.1009,86.8,0,260.0,564.6,0.1739,252.6,563.0,0.1196,-353.3,187.6,0.0000,-479.0,143.4,-0.2015,-447.8,222.4,0,0.0,0.0,0.0000,16.01,2.92,-15.57,-7.09,1,-0.0956,-0.902,-0.235,25.00,1,267.3,557.4,0.16998,-289.1,194.7,-0.0969,0.00296,OK
2.1955,2.1009,94.6,0,260.0,564.6,0.1739,252.6,563.0,0.1196,-353.3,187.6,0.0000,-480.3,138.8,-0.1999,-450.0,217.9,0,0.0,0.0,0.0000,14.65,3.13,-15.80,-3.77,1,-0.0956,-0.902,-0.235,25.00,1,265.1,558.5,0.16960,-231.2,178.1,-0.0303,0.00242,OK
2.2032,2.2028,0.5,0,224.6,584.6,0.1928,215.4,579.5,0.1196,-375.4,137.7,0.0000,-472.0,125.9,-0.2266,-442.6,206.7,0,0.0,0.0,0.0000,15.93,3.10,-16.06,-3.69,1,-0.0944,-0.186,2.412,25.00,1,231.7,582.1,0.17626,-500.5,468.9,0.1253,0.00102,OK
2.2117,2.2028,8.9,0,224.6,584.6,0.1928,215.4,579.5,0.1196,-375.4,137.7,0.0000,-465.1,110.5,-0.2229,-438.7,189.9,0,0.0,0.0,0.0000,16.51,2.98,-16.73,-7.13,1,-0.1867,0.020,-2.089,25.00,1,231.2,582.4,0.17534,-527.8,436.0,-0.1840,0.00095,OK
2.2190,2.2028,16.2,0,224.6,584.6,0.1928,215.4,579.5,0.1196,-375.4,137.7,0.0000,-459.1,97.1,-0.2170,-435.4,175.0,0,0.0,0.0,0.0000,16.53,3.86,-16.37,-8.47,1,-0.2156,1.363,1.491,24.00,1,226.8,584.7,0.17387,-537.2,403.6,-0.2153,0.00094,OK
2.2273,2.2028,24.5,0,224.6,584.6,0.1928,215.4,579.5,0.1196,-375.4,137.7,0.0000,-452.1,82.0,-0.2098,-431.4,158.2,0,0.0,0.0,0.0000,16.62,3.52,-16.17,-8.82,1,-0.2211,0.628,-0.108,25.00,1,221.9,587.2,0.17206,-526.3,396.8,-0.2220,0.00094,OK
2.2357,2.2028,32.9,0,224.6,584.6,0.1928,215.4,579.5,0.1196,-375.4,137.7,0.0000,-445.1,66.8,-0.2023,-427.4,141.2,0,0.0,0.0,0.0000,15.91,3.73,-17.51,-8.58,1,-0.2211,0.628,-0.108,25.00,1,217.0,589.7,0.17020,-522.6,387.2,-0.2217,0.00093,OK
2.2431,2.2028,40.4,0,224.6,584.6,0.1928,215.4,579.5,0.1196,-375.4,137.7,0.0000,-438.9,53.2,-0.1950,-423.8,126.0,0,0.0,0.0,0.0000,16.15,3.65,-17.11,-9.05,1,-0.2678,0.275,-1.147,25.00,1,212.7,591.9,0.16837,-517.8,375.9,-0.2684,0.00093,OK
2.2511,2.2028,48.3,0,224.6,584.6,0.1928,215.4,579.5,0.1196,-375.4,137.7,0.0000,-432.6,38.7,-0.1871,-420.2,109.9,0,0.0,0.0,0.0000,15.04,3.94,-15.95,-9.00,1,-0.2311,-0.559,3.423,26.00,1,208.3,594.0,0.16639,-493.2,340.8,-0.2328,0.00094,OK
2.2589,2.2028,56.1,0,224.6,584.6,0.1928,215.4,579.5,0.1196,-375.4,137.7,0.0000,-426.6,24.2,-0.1786,-416.9,93.7,0,0.0,0.0,0.0000,13.87,4.56,-17.18,-9.41,1,-0.3033,-1.932,-1.059,24.00,1,204.1,595.8,0.16427,-493.0,313.0,-0.3043,0.00095,OK
2.2679,2.2028,65.1,0,224.6,584.6,0.1928,215.4,579.5,0.1196,-375.4,137.7,0.0000,-421.6,12.8,-0.1677,-414.1,80.5,0,0.0,0.0,0.0000,16.84,4.92,-17.77,-9.85,1,-0.3033,-1.932,-1.059,24.00,1,199.0,598.0,0.16155,-526.5,333.3,-0.3022,0.00092,OK
2.2757,2.2028,72.9,0,224.6,584.6,0.1928,215.4,579.5,0.1196,-375.4,137.7,0.0000,-417.7,5.0,-0.1587,-411.6,71.2,0,0.0,0.0,0.0000,16.95,6.03,-17.39,-9.85,1,-0.2878,1.167,-1.059,25.00,1,194.6,599.7,0.15930,-528.3,304.8,-0.2837,0.00084,OK
2.2836,2.2028,80.8,0,224.6,584.6,0.1928,215.4,579.5,0.1196,-375.4,137.7,0.0000,-414.3,-1.7,-0.1504,-409.5,63.2,0,0.0,0.0,0.0000,13.53,7.28,-17.12,-10.03,1,-0.2456,4.805,-2.246,26.00,1,190.3,601.1,0.15722,-499.0,240.2,-0.2441,0.00080,OK
2.2910,2.2028,88.2,0,224.6,584.6,0.1928,215.4,579.5,0.1196,-375.4,137.7,0.0000,-412.2,-7.3,-0.1437,-408.4,56.6,0,0.0,0.0,0.0000,11.71,6.28,-16.54,-9.13,1,-0.2067,0.451,4.256,25.00,1,186.6,602.3,0.15554,-450.6,223.2,-0.2081,0.00081,OK
2.3000,2.2028,97.2,0,224.6,584.6,0.1928,215.4,579.5,0.1196,-375.4,137.7,0.0000,-409.8,-14.9,-0.1360,-407.3,47.9,0,0.0,0.0,0.0000,13.55,5.14,-15.48,-9.39,1,-0.2189,-5.168,1.500,25.00,1,182.3,603.8,0.15361,-454.1,251.3,-0.2202,0.00082,OK
2.3080,2.3055,2.5,0,177.9,607.7,0.1698,176.0,591.0,0.1196,-391.0,85.1,0.0000,-405.6,-17.2,-0.1534,-403.2,46.8,0,0.0,0.0,0.0000,15.14,4.92,-15.94,-9.85,1,-0.2189,-5.168,1.500,25.00,1,177.6,607.6,0.15797,-451.6,280.8,-0.1531,-0.00007,OK
2.3152,2.3055,9.7,0,177.9,607.7,0.1698,176.0,591.0,0.1196,-391.0,85.1,0.0000,-411.7,-20.6,-0.1522,-409.8,44.3,0,0.0,0.0,0.0000,15.81,5.65,-16.29,-10.45,1,-0.1622,-0.490,-1.893,24.00,1,176.7,607.9,0.15767,-471.1,273.3,-0.1633,-0.00006,OK
2.3234,2.3055,17.9,0,177.9,607.7,0.1698,176.0,591.0,0.1196,-391.0,85.1,0.0000,-408.9,-28.4,-0.1480,-408.4,35.7,0,0.0,0.0,0.0000,16.53,6.38,-16.60,-10.62,1,-0.0933,2.785,2.040,24.00,1,172.4,609.5,0.15662,-485.9,267.5,-0.0938,-0.00006,OK
2.3320,2.3055,26.5,0,177.9,607.7,0.1698,176.0,591.0,0.1196,-391.0,85.1,0.0000,-405.8,-35.9,-0.1452,-406.4,27.6,0,0.0,0.0,0.0000,16.60,7.14,-16.42,-10.39,1,-0.0733,0.892,0.588,25.00,1,168.0,611.0,0.15592,-487.3,249.7,-0.0701,-0.00010,OK
2.3398,2.3055,34.3,0,177.9,607.7,0.1698,176.0,591.0,0.1196,-391.0,85.1,0.0000,-403.1,-42.4,-0.1430,-404.8,20.5,0,0.0,0.0,0.0000,15.47,6.68,-16.52,-10.18,1,-0.0733,0.892,0.588,24.00,1,164.0,612.3,0.15537,-470.0,243.0,-0.0728,-0.00011,OK
2.3475,2.3055,42.1,0,177.9,607.7,0.1698,176.0,591.0,0.1196,-391.0,85.1,0.0000,-400.9,-49.0,-0.1408,-403.7,13.4,0,0.0,0.0,0.0000,15.83,6.26,-15.30,-10.06,1,-0.0700,-1.598,2.148,24.00,1,160.2,613.6,0.15482,-456.3,237.5,-0.0690,-0.00012,OK
2.3550,2.3055,49.5,0,177.9,607.7,0.1698,176.0,591.0,0.1196,-391.0,85.1,0.0000,-399.4,-55.1,-0.1390,-403.1,7.0,0,0.0,0.0,0.0000,12.83,6.41,-16.14,-10.12,1,-0.0389,-1.157,-0.981,25.00,1,156.7,614.7,0.15437,-431.2,205.0,-0.0474,-0.00000,OK
2.3641,2.3055,58.6,0,177.9,607.7,0.1698,176.0,591.0,0.1196,-391.0,85.1,0.0000,-397.2,-62.6,-0.1385,-402.1,-0.8,0,0.0,0.0,0.0000,16.31,6.73,-15.42,-10.05,1,0.0189,-0.618,2.942,25.00,1,152.3,616.1,0.15425,-461.7,230.8,0.0195,-0.00002,OK
2.3718,2.3055,66.4,0,177.9,607.7,0.1698,176.0,591.0,0.1196,-391.0,85.1,0.0000,-395.2,-69.0,-0.1393,-401.1,-7.4,0,0.0,0.0,0.0000,16.17,6.99,-14.91,-9.57,1,0.0189,-0.618,2.942,25.00,1,148.6,617.2,0.15443,-452.1,218.0,0.0242,-0.00009,OK
2.3798,2.3055,74.4,0,177.9,607.7,0.1698,176.0,591.0,0.1196,-391.0,85.1,0.0000,-393.1,-75.1,-0.1395,-400.0,-13.7,0,0.0,0.0,0.0000,15.67,7.90,-14.34,-9.63,1,-0.0289,0.098,-0.363,25.00,1,144.8,618.3,0.15449,-449.0,189.0,-0.0181,-0.00024,OK
2.3874,2.3055,82.0,0,177.9,607.7,0.1698,176.0,591.0,0.1196,-391.0,85.1,0.0000,-391.2,-80.7,-0.1387,-398.9,-19.7,0,0.0,0.0,0.0000,15.26,6.94,-14.47,-10.27,1,-0.0367,-0.049,0.598,25.00,1,141.2,619.2,0.15429,-444.4,194.8,-0.0348,-0.00027,OK
2.3953,2.3055,89.8,0,177.9,607.7,0.1698,176.0,591.0,0.1196,-391.0,85.1,0.0000,-389.5,-86.5,-0.1382,-398.2,-25.7,0,0.0,0.0,0.0000,14.62,6.84,-13.73,-10.21,1,0.0022,-0.735,2.363,25.00,1,137.6,620.1,0.15416,-429.7,181.3,0.0013,-0.00025,OK
2.4040,2.3055,98.6,0,177.9,607.7,0.1698,176.0,591.0,0.1196,-391.0,85.1,0.0000,-387.8,-92.5,-0.1380,-397.5,-31.9,0,0.0,0.0,0.0000,14.18,7.63,-13.19,-10.63,1,-0.0111,-1.030,0.157,25.00,1,133.7,620.9,0.15412,-431.2,153.4,-0.0100,-0.00026,OK
2.4115,2.4077,3.8,0,132.1,625.8,0.1559,135.6,597.0,0.1196,-398.7,31.3,0.0000,-391.6,-104.1,-0.1402,-403.0,-42.5,0,0.0,0.0,0.0000,14.06,7.66,-12.81,-10.28,1,-0.0111,-1.030,0.157,25.00,1,131.5,625.5,0.15468,-395.7,173.9,-0.0040,-0.00039,OK
2.4190,2.4077,11.3,0,132.1,625.8,0.1559,135.6,597.0,0.1196,-398.7,31.3,0.0000,-396.3,-108.5,-0.1406,-408.3,-46.1,0,0.0,0.0,0.0000,14.16,8.39,-11.90,-11.16,1,0.0189,-0.677,1.138,26.00,1,130.2,625.8,0.15475,-404.0,144.3,0.0213,-0.00042,OK
2.4274,2.4077,19.7,0,132.1,625.8,0.1559,135.6,597.0,0.1196,-398.7,31.3,0.0000,-395.5,-114.8,-0.1418,-408.4,-52.4,0,0.0,0.0,0.0000,15.08,7.78,-12.39,-10.69,1,0.0478,-0.726,2.285,26.00,1,126.6,626.5,0.15506,-406.0,165.5,0.0504,-0.00045,OK
2.4349,2.4077,27.2,0,132.1,625.8,0.1559,135.6,597.0,0.1196,-398.7,31.3,0.0000,-394.8,-120.3,-0.1439,-408.7,-57.6,0,0.0,0.0,0.0000,13.83,7.90,-11.58,-10.28,1,0.0867,-0.853,1.216,24.00,1,123.5,627.2,0.15559,-387.9,144.2,0.0885,-0.00048,OK
2.4438,2.4077,36.1,0,132.1,625.8,0.1559,135.6,597.0,0.1196,-398.7,31.3,0.0000,-394.1,-125.9,-0.1472,-408.9,-63.0,0,0.0,0.0,0.0000,13.57,9.38,-11.36,-10.60,1,0.0867,-0.853,1.216,24.00,1,119.8,627.8,0.15641,-401.0,114.1,0.0928,-0.00056,OK
2.4516,2.4077,44.0,0,132.1,625.8,0.1559,135.6,597.0,0.1196,-398.7,31.3,0.0000,-393.5,-130.1,-0.1501,-409.0,-66.9,0,0.0,0.0,0.0000,12.41,11.63,-11.24,-10.16,1,0.0711,2.206,1.775,24.00,1,116.6,628.0,0.15713,-401.0,82.8,0.0830,-0.00072,OK
2.4593,2.4077,51.6,0,132.1,625.8,0.1559,135.6,597.0,0.1196,-398.7,31.3,0.0000,-393.2,-134.1,-0.1519,-409.4,-70.8,0,0.0,0.0,0.0000,12.24,11.32,-10.73,-9.76,1,0.0033,0.039,-0.412,25.00,1,113.5,628.2,0.15758,-387.8,78.0,0.0219,-0.00095,OK
2.4678,2.4077,60.1,0,132.1,625.8,0.1559,135.6,597.0,0.1196,-398.7,31.3,0.0000,-393.3,-139.0,-0.1526,-410.2,-75.5,0,0.0,0.0,0.0000,11.47,8.96,-10.32,-10.18,1,0.0122,-3.991,1.040,26.00,1,110.3,628.3,0.15776,-369.1,80.7,0.0178,-0.00101,OK
2.4758,2.4077,68.1,0,132.1,625.8,0.1559,135.6,597.0,0.1196,-398.7,31.3,0.0000,-393.2,-143.6,-0.1540,-410.9,-79.9,0,0.0,0.0,0.0000,12.07,8.99,-10.09,-11.79,1,0.0722,-1.697,2.991,25.00,1,107.2,628.5,0.15811,-386.2,70.9,0.0703,-0.00098,OK
2.4837,2.4077,76.0,0,132.1,625.8,0.1559,135.6,597.0,0.1196,-398.7,31.3,0.0000,-392.7,-147.6,-0.1560,-411.1,-83.7,0,0.0,0.0,0.0000,11.95,9.67,-9.60,-13.93,1,0.0722,-1.697,2.991,25.00,1,104.0,628.4,0.15862,-402.5,40.0,0.0666,-0.00088,OK
2.4919,2.4077,84.2,0,132.1,625.8,0.1559,135.6,597.0,0.1196,-398.7,31.3,0.0000,-392.1,-151.4,-0.1586,-411.2,-87.3,0,0.0,0.0,0.0000,12.35,10.34,-9.52,-12.33,1,0.0867,1.667,1.549,25.00,1,100.7,628.2,0.15927,-402.0,38.7,0.0898,-0.00092,OK
2.4996,2.4077,92.0,0,132.1,625.8,0.1559,135.6,597.0,0.1196,-398.7,31.3,0.0000,-391.7,-155.2,-0.1604,-411.4,-90.9,0,0.0,0.0,0.0000,11.23,10.65,-9.78,-11.08,1,0.0133,1.128,-0.932,24.00,1,97.7,628.0,0.15972,-387.1,36.5,0.0214,-0.00101,OK
2.5076,2.4077,100.0,0,132.1,625.8,0.1559,135.6,597.0,0.1196,-398.7,31.3,0.0000,-391.8,-159.0,-0.1612,-412.1,-94.6,0,0.0,0.0,0.0000,10.22,9.57,-8.89,-10.54,1,0.0167,-1.589,1.089,25.00,1,94.7,627.7,0.15991,-357.0,31.0,0.0214,-0.00106,OK
2.5154,2.5100,5.3,0,92.7,634.9,0.1616,94.7,597.4,0.1196,-399.3,-23.3,0.0000,-392.4,-174.5,-0.1647,-415.3,-109.4,0,0.0,0.0,0.0000,10.27,6.51,-8.53,-12.33,1,0.0767,-2.138,4.315,26.00,1,92.5,634.3,0.16078,-309.0,116.5,0.0643,-0.00091,OK
2.5228,2.5100,12.7,0,92.7,634.9,0.1616,94.7,597.4,0.1196,-399.3,-23.3,0.0000,-396.1,-188.9,-0.1658,-421.2,-122.9,0,0.0,0.0,0.0000,10.39,5.50,-8.59,-13.64,1,0.0767,-2.138,4.315,25.00,1,91.0,634.6,0.16107,-297.0,132.1,0.0672,-0.00077,OK
2.5313,2.5100,21.2,0,92.7,634.9,0.1616,94.7,597.4,0.1196,-399.3,-23.3,0.0000,-397.5,-196.8,-0.1675,-424.0,-130.3,0,0.0,0.0,0.0000,10.00,7.15,-8.17,-12.05,1,0.0456,-1.040,0.892,25.00,1,88.3,635.1,0.16149,-315.2,86.0,0.0368,-0.00063,OK
2.5396,2.5100,29.5,0,92.7,634.9,0.1616,94.7,597.4,0.1196,-399.3,-23.3,0.0000,-397.9,-202.5,-0.1678,-425.3,-135.9,0,0.0,0.0,0.0000,10.71,8.87,-8.53,-11.80,1,-0.0200,0.039,-0.618,25.00,1,85.5,635.3,0.16156,-347.3,62.0,-0.0186,-0.00064,OK
2.5468,2.5100,36.8,0,92.7,634.9,0.1616,94.7,597.4,0.1196,-399.3,-23.3,0.0000,-398.0,-207.2,-0.1672,-426.2,-140.5,0,0.0,0.0,0.0000,10.22,9.77,-8.03,-11.32,1,-0.0311,0.216,1.648,24.00,1,82.9,635.2,0.16141,-345.7,38.7,-0.0253,-0.00071,OK
2.5556,2.5100,45.5,0,92.7,634.9,0.1616,94.7,597.4,0.1196,-399.3,-23.3,0.0000,-398.4,-212.2,-0.1664,-427.3,-145.4,0,0.0,0.0,0.0000,9.64,10.65,-7.35,-11.40,1,-0.0311,0.216,1.648,25.00,1,79.9,634.9,0.16122,-344.9,9.9,-0.0230,-0.00082,OK
2.5632,2.5100,53.2,0,92.7,634.9,0.1616,94.7,597.4,0.1196,-399.3,-23.3,0.0000,-399.1,-216.2,-0.1649,-428.5,-149.5,0,0.0,0.0,0.0000,8.42,10.29,-7.03,-11.44,1,-0.0856,-0.088,1.844,25.00,1,77.4,634.5,0.16083,-330.8,-4.5,-0.0805,-0.00087,OK
2.5711,2.5100,61.0,0,92.7,634.9,0.1616,94.7,597.4,0.1196,-399.3,-23.3,0.0000,-399.8,-220.5,-0.1620,-429.8,-154.0,0,0.0,0.0,0.0000,8.39,9.24,-6.90,-10.95,1,-0.1156,-1.618,2.138,25.00,1,74.9,634.1,0.16011,-316.0,4.7,-0.1092,-0.00094,OK
2.5800,2.5100,69.9,0,92.7,634.9,0.1616,94.7,597.4,0.1196,-399.3,-23.3,0.0000,-400.4,-225.5,-0.1568,-431.1,-159.3,0,0.0,0.0,0.0000,8.14,9.38,-6.80,-11.48,1,-0.1911,0.255,0.981,25.00,1,72.1,633.6,0.15882,-320.1,-10.1,-0.1831,-0.00104,OK
2.5880,2.5100,77.9,0,92.7,634.9,0.1616,94.7,597.4,0.1196,-399.3,-23.3,0.0000,-400.9,-230.2,-0.1501,-432.0,-164.7,0,0.0,0.0,0.0000,7.54,9.28,-6.38,-11.39,1,-0.2533,0.127,1.442,24.00,1,69.6,633.1,0.15714,-310.9,-23.6,-0.2427,-0.00117,OK
2.5954,2.5100,85.3,0,92.7,634.9,0.1616,94.7,597.4,0.1196,-399.3,-23.3,0.0000,-401.3,-234.4,-0.1428,-432.7,-169.5,0,0.0,0.0,0.0000,6.69,9.85,-6.27,-12.41,1,-0.2533,0.127,1.442,24.00,1,67.4,632.4,0.15531,-316.9,-48.1,-0.2523,-0.00117,OK
2.6029,2.5100,92.8,0,92.7,634.9,0.1616,94.7,597.4,0.1196,-399.3,-23.3,0.0000,-401.5,-238.3,-0.1344,-433.1,-174.3,0,0.0,0.0,0.0000,6.39,10.08,-6.03,-13.41,1,-0.3089,-0.304,1.716,25.00,1,65.1,631.6,0.15321,-323.0,-67.7,-0.3083,-0.00115,OK
2.6118,2.6117,0.1,0,55.8,632.2,0.1630,54.4,592.3,0.1196,-392.5,-76.8,0.0000,-385.2,-246.0,-0.1359,-418.3,-184.1,0,0.0,0.0,0.0000,6.38,9.77,-5.71,-12.76,1,-0.3444,0.010,1.687,26.00,1,56.3,632.0,0.15359,-342.5,-39.5,-0.2330,-0.00191,OK
2.6195,2.6117,7.7,0,55.8,632.2,0.1630,54.4,592.3,0.1196,-392.5,-76.8,0.0000,-391.8,-252.2,-0.1355,-425.7,-189.3,0,0.0,0.0,0.0000,6.52,10.76,-5.70,-12.74,1,-0.3556,0.902,0.794,25.00,1,56.4,632.0,0.15350,-346.9,-53.0,-0.2025,-0.00188,OK
2.6268,2.6117,15.1,0,55.8,632.2,0.1630,54.4,592.3,0.1196,-392.5,-76.8,0.0000,-391.7,-255.7,-0.1273,-425.8,-193.7,0,0.0,0.0,0.0000,5.42,11.34,-5.22,-13.33,1,-0.3556,0.902,0.794,25.00,1,54.0,631.1,0.15144,-343.6,-86.9,-0.3511,-0.00192,OK
2.6351,2.6117,23.4,0,55.8,632.2,0.1630,54.4,592.3,0.1196,-392.5,-76.8,0.0000,-391.1,-259.6,-0.1155,-425.2,-198.9,0,0.0,0.0,0.0000,5.25,10.93,-5.26,-13.60,1,-0.3556,-0.539,2.334,25.00,1,51.3,630.0,0.14850,-338.8,-88.9,-0.3558,-0.00189,OK
2.6437,2.6117,32.0,0,55.8,632.2,0.1630,54.4,592.3,0.1196,-392.5,-76.8,0.0000,-390.4,-263.7,-0.1027,-424.5,-204.4,0,0.0,0.0,0.0000,5.13,11.41,-5.10,-13.34,1,-0.4000,-0.588,1.687,24.00,1,48.6,628.7,0.14528,-339.1,-100.4,-0.3951,-0.00193,OK
2.6510,2.6117,39.3,0,55.8,632.2,0.1630,54.4,592.3,0.1196,-392.5,-76.8,0.0000,-389.7,-267.3,-0.0912,-423.7,-209.3,0,0.0,0.0,0.0000,4.71,11.14,-4.91,-13.81,1,-0.3911,0.853,2.089,25.00,1,46.3,627.6,0.14242,-332.8,-109.3,-0.3926,-0.00188,OK
2.6592,2.6117,47.4,0,55.8,632.2,0.1630,54.4,592.3,0.1196,-392.5,-76.8,0.0000,-388.7,-271.3,-0.0783,-422.6,-214.7,0,0.0,0.0,0.0000,4.56,11.55,-4.91,-14.31,1,-0.3911,0.853,2.089,25.00,1,43.7,626.3,0.13918,-337.6,-121.7,-0.3962,-0.00179,OK
2.6675,2.6117,55.8,0,55.8,632.2,0.1630,54.4,592.3,0.1196,-392.5,-76.8,0.0000,-387.6,-274.9,-0.0649,-421.2,-219.9,0,0.0,0.0,0.0000,5.23,12.60,-4.42,-14.38,1,-0.4189,-0.363,-1.726,25.00,1,40.9,624.8,0.13584,-354.0,-142.0,-0.4059,-0.00194,OK
2.6758,2.6117,64.1,0,55.8,632.2,0.1630,54.4,592.3,0.1196,-392.5,-76.8,0.0000,-386.4,-277.7,-0.0530,-419.8,-224.1,0,0.0,0.0,0.0000,5.14,13.35,-3.67,-14.60,1,-0.3300,0.127,3.177,25.00,1,38.2,623.1,0.13286,-355.0,-164.6,-0.3162,-0.00209,OK
2.6829,2.6117,71.2,0,55.8,632.2,0.1630,54.4,592.3,0.1196,-392.5,-76.8,0.0000,-385.3,-279.7,-0.0448,-418.5,-227.1,0,0.0,0.0,0.0000,5.14,14.48,-4.38,-14.85,1,-0.2656,2.089,1.667,24.00,1,35.8,621.6,0.13080,-368.4,-163.6,-0.2666,-0.00206,OK
2.6910,2.6117,79.3,0,55.8,632.2,0.1630,54.4,592.3,0.1196,-392.5,-76.8,0.0000,-384.0,-282.1,-0.0361,-417.0,-230.5,0,0.0,0.0,0.0000,5.23,14.72,-4.14,-13.94,1,-0.2744,0.785,-0.843,25.00,1,33.0,619.9,0.12865,-360.7,-162.7,-0.2660,-0.00214,OK
2.6993,2.6117,87.6,0,55.8,632.2,0.1630,54.4,592.3,0.1196,-392.5,-76.8,0.0000,-382.4,-284.4,-0.0275,-415.3,-233.9,0,0.0,0.0,0.0000,5.27,14.95,-3.59,-14.73,1,-0.2744,0.785,-0.843,25.00,1,30.2,618.1,0.12648,-367.9,-185.6,-0.2609,-0.00228,OK
2.7077,2.6117,96.0,0,55.8,632.2,0.1630,54.4,592.3,0.1196,-392.5,-76.8,0.0000,-381.1,-286.7,-0.0194,-413.8,-237.2,0,0.0,0.0,0.0000,4.41,13.35,-3.13,-15.69,1,-0.2167,-1.079,1.844,25.00,1,27.5,616.1,0.12446,-346.7,-188.2,-0.2208,-0.00221,OK
2.7153,2.7151,0.2,0,24.2,616.9,0.1268,14.5,581.6,0.1196,-378.3,-130.2,0.0000,-387.4,-280.9,-0.0165,-419.1,-230.9,0,0.0,0.0,0.0000,5.22,13.53,-2.85,-16.50,1,-0.1478,-0.157,0.049,25.00,1,23.9,616.5,0.12373,-342.1,-161.2,-0.1135,-0.00243,OK
2.7229,2.7151,7.8,0,24.2,616.9,0.1268,14.5,581.6,0.1196,-378.3,-130.2,0.0000,-394.2,-287.7,-0.0153,-426.7,-237.0,0,0.0,0.0,0.0000,4.54,15.10,-3.01,-15.89,1,-0.0633,0.343,2.256,24.00,1,23.9,616.5,0.12343,-350.3,-183.0,-0.2291,-0.00244,OK
2.7314,2.7151,16.3,0,24.2,616.9,0.1268,14.5,581.6,0.1196,-378.3,-130.2,0.0000,-393.4,-290.2,-0.0105,-425.8,-240.0,0,0.0,0.0,0.0000,5.13,14.95,-3.19,-16.01,1,-0.0633,0.343,2.256,24.00,1,21.2,614.7,0.12225,-355.3,-173.2,-0.0696,-0.00233,OK
2.7397,2.7151,24.6,0,24.2,616.9,0.1268,14.5,581.6,0.1196,-378.3,-130.2,0.0000,-392.4,-292.3,-0.0091,-425.0,-242.4,0,0.0,0.0,0.0000,5.57,15.68,-3.06,-14.90,1,-0.0211,1.618,0.853,25.00,1,18.5,612.9,0.12188,-356.7,-173.4,-0.0189,-0.00234,OK
2.7470,2.7151,31.9,0,24.2,616.9,0.1268,14.5,581.6,0.1196,-378.3,-130.2,0.0000,-391.8,-294.6,-0.0089,-424.7,-244.8,0,0.0,0.0,0.0000,5.35,16.96,-3.12,-11.19,1,-0.0067,0.530,-1.324,25.00,1,16.2,611.5,0.12184,-313.7,-133.9,0.0030,-0.00244,OK
2.7557,2.7151,40.6,0,24.2,616.9,0.1268,14.5,581.6,0.1196,-378.3,-130.2,0.0000,-390.8,-297.0,-0.0102,-424.1,-247.1,0,0.0,0.0,0.0000,6.17,16.10,-2.61,-15.15,1,0.0556,-1.010,2.354,25.00,1,13.4,609.7,0.12216,-366.7,-190.6,0.0649,-0.00254,OK
2.7636,2.7151,48.5,0,24.2,616.9,0.1268,14.5,581.6,0.1196,-378.3,-130.2,0.0000,-389.5,-298.1,-0.0130,-423.1,-248.1,0,0.0,0.0,0.0000,6.58,16.59,-1.86,-15.52,1,0.0767,0.794,0.284,25.00,1,10.7,607.8,0.12286,-373.8,-218.0,0.0977,-0.00279,OK
2.7717,2.7151,56.6,0,24.2,616.9,0.1268,14.5,581.6,0.1196,-378.3,-130.2,0.0000,-387.9,-298.2,-0.0169,-421.8,-248.0,0,0.0,0.0,0.0000,6.70,18.01,-0.89,-16.64,1,0.0767,0.794,0.284,24.00,1,7.8,605.4,0.12383,-392.6,-267.7,0.1180,-0.00319,OK
2.7790,2.7151,63.9,0,24.2,616.9,0.1268,14.5,581.6,0.1196,-378.3,-130.2,0.0000,-386.6,-297.6,-0.0210,-420.7,-247.1,0,0.0,0.0,0.0000,6.60,18.36,-0.32,-16.86,1,0.0767,0.147,1.030,24.00,1,5.2,603.0,0.12486,-394.4,-288.9,0.1336,-0.00366,OK
2.7873,2.7151,72.2,0,24.2,616.9,0.1268,14.5,581.6,0.1196,-378.3,-130.2,0.0000,-385.2,-296.7,-0.0255,-419.5,-245.9,0,0.0,0.0,0.0000,6.53,17.27,-0.27,-17.12,1,0.0456,-0.294,0.941,25.00,1,2.3,600.2,0.12600,-386.9,-287.1,0.1096,-0.00416,OK
2.7957,2.7151,80.7,0,24.2,616.9,0.1268,14.5,581.6,0.1196,-378.3,-130.2,0.0000,-383.1,-296.9,-0.0279,-417.5,-246.1,0,0.0,0.0,0.0000,5.98,17.94,-2.75,-17.00,1,0.0289,0.304,-1.020,25.00,1,-0.7,597.7,0.12660,-401.4,-234.7,0.0329,-0.00415,OK
2.8033,2.7151,88.2,0,24.2,616.9,0.1268,14.5,581.6,0.1196,-378.3,-130.2,0.0000,-380.6,-297.7,-0.0282,-415.1,-247.2,0,0.0,0.0,0.0000,5.51,19.44,-3.89,-17.45,1,0.0289,0.304,-1.020,25.00,1,-3.6,595.6,0.12667,-412.5,-227.7,0.0075,-0.00382,OK
2.8111,2.7151,96.0,0,24.2,616.9,0.1268,14.5,581.6,0.1196,-378.3,-130.2,0.0000,-377.0,-298.6,-0.0291,-411.8,-248.5,0,0.0,0.0,0.0000,7.66,19.49,-4.35,-18.24,1,0.0433,0.657,2.393,25.00,1,-6.8,593.3,0.12688,-454.9,-228.3,0.0462,-0.00381,OK
2.8192,2.8177,1.4,0,-14.6,587.1,0.1177,-23.3,565.6,0.1196,-356.9,-180.7,0.0000,-364.7,-288.4,-0.0171,-397.5,-241.1,0,0.0,0.0,0.0000,6.84,18.56,-4.55,-17.66,1,0.0522,5.688,2.393,24.00,1,-14.3,587.4,0.12388,-447.7,-231.3,-0.0004,-0.00326,OK
2.8279,2.8177,10.1,0,-14.6,587.1,0.1177,-23.3,565.6,0.1196,-356.9,-180.7,0.0000,-366.5,-293.2,-0.0170,-399.9,-245.7,0,0.0,0.0,0.0000,7.20,18.37,-4.27,-17.59,1,-0.0100,-0.255,-1.687,25.00,1,-15.2,586.7,0.12385,-447.8,-235.9,-0.0071,-0.00326,OK
2.8351,2.8177,17.4,0,-14.6,587.1,0.1177,-23.3,565.6,0.1196,-356.9,-180.7,0.0000,-363.2,-294.0,-0.0167,-396.7,-246.9,0,0.0,0.0,0.0000,6.41,18.27,-3.47,-18.14,1,-0.0089,-3.040,0.628,24.00,1,-18.1,584.6,0.12378,-437.9,-256.9,-0.0098,-0.00320,OK
2.8434,2.8177,25.7,0,-14.6,587.1,0.1177,-23.3,565.6,0.1196,-356.9,-180.7,0.0000,-359.2,-294.4,-0.0166,-392.8,-247.8,0,0.0,0.0,0.0000,7.01,19.01,-3.29,-18.62,1,-0.0089,-3.040,0.628,25.00,1,-21.6,581.9,0.12376,-454.4,-272.6,0.0002,-0.00328,OK
2.8508,2.8177,33.1,0,-14.6,587.1,0.1177,-23.3,565.6,0.1196,-356.9,-180.7,0.0000,-355.4,-294.3,-0.0174,-389.1,-248.1,0,0.0,0.0,0.0000,7.25,19.90,-3.16,-18.87,1,0.0389,-1.608,-0.598,25.00,1,-24.7,579.4,0.12395,-465.1,-283.0,0.0483,-0.00337,OK
2.8597,2.8177,42.0,0,-14.6,587.1,0.1177,-23.3,565.6,0.1196,-356.9,-180.7,0.0000,-350.4,-294.4,-0.0193,-384.3,-248.7,0,0.0,0.0,0.0000,6.98,20.86,-4.09,-18.87,1,0.0767,3.275,1.706,25.00,1,-28.5,576.5,0.12444,-471.9,-267.5,0.0680,-0.00321,OK
2.8675,2.8177,49.7,0,-14.6,587.1,0.1177,-23.3,565.6,0.1196,-356.9,-180.7,0.0000,-345.8,-294.9,-0.0201,-379.8,-249.6,0,0.0,0.0,0.0000,6.76,21.26,-4.57,-19.42,1,0.0144,3.521,1.932,24.00,1,-31.9,574.0,0.12465,-479.1,-270.1,0.0003,-0.00297,OK
2.8753,2.8177,57.6,0,-14.6,587.1,0.1177,-23.3,565.6,0.1196,-356.9,-180.7,0.0000,-341.0,-295.4,-0.0194,-375.0,-250.8,0,0.0,0.0,0.0000,6.71,20.00,-3.67,-18.61,1,-0.0533,-1.991,-1.765,25.00,1,-35.3,571.4,0.12446,-459.8,-275.8,-0.0495,-0.00297,OK
2.8830,2.8177,65.3,0,-14.6,587.1,0.1177,-23.3,565.6,0.1196,-356.9,-180.7,0.0000,-336.5,-296.2,-0.0180,-370.6,-252.3,0,0.0,0.0,0.0000,6.86,19.10,-3.57,-18.24,1,-0.0533,-1.991,-1.765,25.00,1,-38.5,568.9,0.12411,-450.5,-267.9,-0.0451,-0.00304,OK
2.8922,2.8177,74.5,0,-14.6,587.1,0.1177,-23.3,565.6,0.1196,-356.9,-180.7,0.0000,-331.2,-297.2,-0.0161,-365.3,-254.1,0,0.0,0.0,0.0000,7.05,18.58,-3.31,-18.26,1,-0.0800,-2.118,0.382,25.00,1,-42.3,565.9,0.12365,-447.2,-271.9,-0.0632,-0.00322,OK
2.9000,2.8177,82.2,0,-14.6,587.1,0.1177,-23.3,565.6,0.1196,-356.9,-180.7,0.0000,-326.3,-297.9,-0.0145,-360.5,-255.5,0,0.0,0.0,0.0000,7.29,19.21,-3.76,-19.62,1,-0.0556,0.932,0.520,24.00,1,-45.6,563.4,0.12323,-469.9,-278.5,-0.0480,-0.00328,OK
2.9080,2.8177,90.2,0,-14.6,587.1,0.1177,-23.3,565.6,0.1196,-356.9,-180.7,0.0000,-321.3,-298.3,-0.0132,-355.5,-256.7,0,0.0,0.0,0.0000,6.97,19.20,-3.37,-19.84,1,-0.0411,2.138,-1.873,25.00,1,-49.0,560.6,0.12291,-465.5,-288.1,-0.0346,-0.00332,OK
2.9157,2.8177,98.0,0,-14.6,587.1,0.1177,-23.3,565.6,0.1196,-356.9,-180.7,0.0000,-316.6,-298.8,-0.0123,-350.8,-257.8,0,0.0,0.0,0.0000,7.29,19.15,-3.39,-18.95,1,-0.0411,2.138,-1.873,25.00,1,-52.3,558.0,0.12270,-460.6,-280.0,-0.0276,-0.00346,OK
2.9231,2.9203,2.7,0,-52.4,557.1,0.1125,-58.5,544.6,0.1196,-328.9,-227.6,0.0000,-319.1,-302.7,0.0021,-352.8,-262.6,0,0.0,0.0,0.0000,6.60,19.61,-3.25,-19.79,1,0.0167,-1.255,0.608,25.00,1,-53.2,556.8,0.11908,-423.6,-268.4,-0.0155,-0.00299,OK
2.9314,2.9203,11.1,0,-52.4,557.1,0.1125,-58.5,544.6,0.1196,-328.9,-227.6,0.0000,-320.8,-309.0,0.0020,-355.2,-268.7,0,0.0,0.0,0.0000,6.58,18.01,-3.55,-20.20,1,0.0178,-4.158,1.736,26.00,1,-54.4,555.9,0.11911,-417.6,-252.8,0.0121,-0.00288,OK
2.9398,2.9203,19.5,0,-52.4,557.1,0.1125,-58.5,544.6,0.1196,-328.9,-227.6,0.0000,-316.6,-311.5,0.0020,-351.3,-271.7,0,0.0,0.0,0.0000,7.46,13.98,-3.85,-19.51,1,-0.0167,0.549,1.481,24.00,1,-57.4,553.6,0.11911,-378.9,-196.3,-0.0131,-0.00289,OK
2.9472,2.9203,26.9,0,-52.4,557.1,0.1125,-58.5,544.6,0.1196,-328.9,-227.6,0.0000,-312.8,-314.1,0.0023,-347.9,-274.7,0,0.0,0.0,0.0000,8.13,15.40,-3.92,-19.26,1,-0.0167,0.549,1.481,24.00,1,-60.2,551.8,0.11905,-404.5,-213.6,-0.0069,-0.00298,OK
2.9561,2.9203,35.8,0,-52.4,557.1,0.1125,-58.5,544.6,0.1196,-328.9,-227.6,0.0000,-307.8,-316.4,0.0028,-343.2,-277.7,0,0.0,0.0,0.0000,7.35,17.59,-3.35,-18.70,1,-0.0444,2.206,-2.991,25.00,1,-63.6,549.2,0.11890,-417.0,-250.7,-0.0315,-0.00311,OK
2.9639,2.9203,43.5,0,-52.4,557.1,0.1125,-58.5,544.6,0.1196,-328.9,-227.6,0.0000,-303.5,-317.9,0.0046,-338.9,-279.8,0,0.0,0.0,0.0000,5.96,18.62,-2.75,-18.37,1,-0.0967,0.235,-0.402,26.00,1,-66.5,546.8,0.11845,-407.6,-273.9,-0.0876,-0.00318,OK
2.9716,2.9203,51.3,0,-52.4,557.1,0.1125,-58.5,544.6,0.1196,-328.9,-227.6,0.0000,-299.3,-319.8,0.0073,-334.8,-282.4,0,0.0,0.0,0.0000,6.05,17.43,-3.31,-17.50,1,-0.0922,-3.707,1.697,25.00,1,-69.3,544.5,0.11778,-394.8,-244.2,-0.0874,-0.00320,OK
2.9795,2.9203,59.2,0,-52.4,557.1,0.1125,-58.5,544.6,0.1196,-328.9,-227.6,0.0000,-295.0,-321.8,0.0101,-330.6,-285.1,0,0.0,0.0,0.0000,6.14,17.39,-2.76,-17.79,1,-0.1122,-3.099,-0.186,25.00,1,-72.2,542.1,0.11708,-397.1,-261.1,-0.0975,-0.00334,OK
2.9871,2.9203,66.8,0,-52.4,557.1,0.1125,-58.5,544.6,0.1196,-328.9,-227.6,0.0000,-290.0,-323.4,0.0126,-325.6,-287.5,0,0.0,0.0,0.0000,8.17,18.31,-3.20,-18.96,1,-0.1122,-3.099,-0.186,25.00,1,-75.2,539.7,0.11646,-438.4,-272.6,-0.0814,-0.00364,OK
2.9960,2.9203,75.6,0,-52.4,557.1,0.1125,-58.5,544.6,0.1196,-328.9,-227.6,0.0000,-285.6,-326.0,0.0219,-320.9,-291.4,0,0.0,0.0,0.0000,0.52,18.62,-2.93,-18.28,1,-0.1433,3.717,0.794,24.00,1,-77.9,537.0,0.11413,-291.4,-264.8,-0.3948,-0.00274,OK
3.0035,2.9203,83.2,0,-52.4,557.1,0.1125,-58.5,544.6,0.1196,-328.9,-227.6,0.0000,-282.4,-329.1,0.0360,-317.0,-295.9,0,0.0,0.0,0.0000,0.06,17.50,-2.98,-17.58,1,-0.2256,0.539,0.039,25.00,1,-79.8,534.8,0.11062,-280.9,-262.7,-0.4931,-0.00192,OK
3.0110,2.9203,90.6,0,-52.4,557.1,0.1125,-58.5,544.6,0.1196,-328.9,-227.6,0.0000,-278.6,-332.1,0.0484,-312.6,-300.2,0,0.0,0.0,0.0000,2.30,16.87,-2.59,-17.16,1,-0.2178,-2.393,-0.912,26.00,1,-82.0,532.6,0.10751,-330.6,-263.3,-0.3326,-0.00133,OK
3.0200,2.9203,99.7,0,-52.4,557.1,0.1125,-58.5,544.6,0.1196,-328.9,-227.6,0.0000,-273.7,-334.9,0.0588,-307.2,-304.4,0,0.0,0.0,0.0000,3.34,17.04,-2.20,-16.78,1,-0.2178,-2.393,-0.912,25.00,1,-84.8,529.9,0.10493,-350.1,-268.3,-0.2366,-0.00111,OK
3.0273,3.0237,3.6,0,-97.2,520.3,0.1158,-90.8,518.8,0.1196,-294.6,-270.7,0.0000,-261.1,-327.1,0.0491,-294.7,-297.3,0,0.0,0.0,0.0000,3.29,17.70,-1.49,-17.18,1,-0.1489,-2.844,1.079,25.00,1,-96.0,520.8,0.10734,-415.7,-324.4,-0.1395,-0.00138,OK
3.0358,3.0237,12.1,0,-97.2,520.3,0.1158,-90.8,518.8,0.1196,-294.6,-270.7,0.0000,-245.0,-322.3,0.0512,-277.9,-294.3,0,0.0,0.0,0.0000,4.03,17.46,-1.48,-17.31,1,-0.1333,-0.010,-0.441,25.00,1,-97.5,519.3,0.10680,-421.8,-322.8,-0.1312,-0.00139,OK
3.0433,3.0237,19.5,0,-97.2,520.3,0.1158,-90.8,518.8,0.1196,-294.6,-270.7,0.0000,-237.0,-322.1,0.0544,-269.8,-295.2,0,0.0,0.0,0.0000,5.15,17.23,-1.34,-16.98,1,-0.1122,1.765,0.686,24.00,1,-100.4,516.6,0.10601,-428.6,-322.3,-0.0905,-0.00164,OK
3.0518,3.0237,28.0,0,-97.2,520.3,0.1158,-90.8,518.8,0.1196,-294.6,-270.7,0.0000,-230.8,-323.1,0.0566,-263.5,-297.1,0,0.0,0.0,0.0000,4.69,16.71,-1.04,-16.16,1,-0.0700,-1.667,0.569,25.00,1,-103.7,513.6,0.10545,-405.7,-311.2,-0.0505,-0.00186,OK
3.0590,3.0237,35.3,0,-97.2,520.3,0.1158,-90.8,518.8,0.1196,-294.6,-270.7,0.0000,-225.8,-324.4,0.0579,-258.6,-298.9,0,0.0,0.0,0.0000,4.38,16.87,-0.82,-15.11,1,-0.0700,-1.667,0.569,25.00,1,-106.3,511.0,0.10515,-389.2,-304.8,-0.0465,-0.00214,OK
3.0679,3.0237,44.2,0,-97.2,520.3,0.1158,-90.8,518.8,0.1196,-294.6,-270.7,0.0000,-220.4,-325.9,0.0595,-253.2,-301.0,0,0.0,0.0,0.0000,2.88,16.53,-0.64,-15.50,1,-0.0167,-2.256,-1.147,25.00,1,-109.3,508.0,0.10475,-360.6,-298.9,-0.0336,-0.00190,OK
3.0753,3.0237,51.5,0,-97.2,520.3,0.1158,-90.8,518.8,0.1196,-294.6,-270.7,0.0000,-216.1,-326.8,0.0595,-249.1,-302.4,0,0.0,0.0,0.0000,3.24,17.15,-0.09,-15.75,1,0.0344,-1.942,1.236,24.00,1,-111.7,505.5,0.10473,-369.9,-315.9,0.0308,-0.00183,OK
3.0831,3.0237,59.4,0,-97.2,520.3,0.1158,-90.8,518.8,0.1196,-294.6,-270.7,0.0000,-211.7,-327.8,0.0578,-244.9,-303.7,0,0.0,0.0,0.0000,3.86,15.66,0.16,-15.38,1,0.0533,0.363,0.637,25.00,1,-114.3,502.8,0.10518,-361.7,-306.6,0.0706,-0.00204,OK
3.0915,3.0237,67.8,0,-97.2,520.3,0.1158,-90.8,518.8,0.1196,-294.6,-270.7,0.0000,-207.2,-328.7,0.0552,-240.8,-305.0,0,0.0,0.0,0.0000,3.20,15.99,0.79,-15.33,1,0.0533,0.363,0.637,25.00,1,-117.0,499.8,0.10582,-351.4,-321.0,0.0705,-0.00224,OK
3.0994,3.0237,75.7,0,-97.2,520.3,0.1158,-90.8,518.8,0.1196,-294.6,-270.7,0.0000,-203.0,-329.5,0.0523,-236.9,-306.1,0,0.0,0.0,0.0000,2.51,16.21,1.41,-14.69,1,0.0922,0.265,-1.628,25.00,1,-119.4,497.0,0.10653,-332.0,-325.5,0.1034,-0.00236,OK
3.1070,3.0237,83.2,0,-97.2,520.3,0.1158,-90.8,518.8,0.1196,-294.6,-270.7,0.0000,-200.1,-331.6,0.0476,-234.6,-308.1,0,0.0,0.0,0.0000,2.52,15.25,1.26,-9.99,1,0.1656,-2.314,2.363,25.00,1,-121.3,494.7,0.10772,-266.7,-252.8,0.1898,-0.00266,OK
3.1150,3.0237,91.3,0,-97.2,520.3,0.1158,-90.8,518.8,0.1196,-294.6,-270.7,0.0000,-197.2,-334.1,0.0412,-232.5,-310.6,0,0.0,0.0,0.0000,2.69,15.42,1.02,-11.06,1,0.1778,-3.501,0.078,25.00,1,-123.3,492.4,0.10931,-282.8,-261.9,0.1923,-0.00282,OK
3.1238,3.0237,100.1,0,-97.2,520.3,0.1158,-90.8,518.8,0.1196,-294.6,-270.7,0.0000,-193.7,-336.4,0.0346,-229.7,-312.9,0,0.0,0.0,0.0000,2.75,15.36,1.08,-12.54,1,0.1711,-0.696,-0.549,24.00,1,-125.6,489.7,0.11096,-299.4,-280.8,0.1802,-0.00290,OK
3.1315,3.1259,5.5,0,-134.4,488.6,0.1078,-118.9,489.2,0.1196,-255.1,-308.0,0.0000,-178.7,-339.5,0.0341,-215.2,-317.6,0,0.0,0.0,0.0000,2.75,15.89,1.52,-13.43,1,0.1711,-0.696,-0.549,25.00,1,-133.6,488.4,0.11110,-345.3,-283.6,0.1833,-0.00290,OK
3.1391,3.1259,13.1,0,-134.4,488.6,0.1078,-118.9,489.2,0.1196,-255.1,-308.0,0.0000,-173.4,-344.2,0.0307,-210.8,-322.6,0,0.0,0.0,0.0000,2.14,15.51,1.82,-13.43,1,0.1378,0.069,0.579,25.00,1,-135.1,486.7,0.11193,-330.0,-289.9,0.1479,-0.00299,OK
3.1474,3.1259,21.5,0,-134.4,488.6,0.1078,-118.9,489.2,0.1196,-255.1,-308.0,0.0000,-169.1,-346.0,0.0270,-207.0,-324.8,0,0.0,0.0,0.0000,1.15,15.38,2.03,-13.11,1,0.0800,-1.775,-0.608,25.00,1,-137.5,484.0,0.11287,-306.7,-293.7,0.0797,-0.00294,OK
3.1555,3.1259,29.6,0,-134.4,488.6,0.1078,-118.9,489.2,0.1196,-255.1,-308.0,0.0000,-165.2,-348.2,0.0248,-203.5,-327.3,0,0.0,0.0,0.0000,0.77,14.32,1.90,-12.72,1,0.0756,-1.098,-0.078,25.00,1,-139.6,481.5,0.11341,-285.2,-280.1,0.0629,-0.00274,OK
3.1632,3.1259,37.3,0,-134.4,488.6,0.1078,-118.9,489.2,0.1196,-255.1,-308.0,0.0000,-161.5,-350.4,0.0229,-200.3,-329.7,0,0.0,0.0,0.0000,0.61,14.31,2.24,-12.97,1,0.0756,-1.098,-0.078,25.00,1,-141.5,479.0,0.11388,-281.7,-290.6,0.0660,-0.00259,OK
3.1710,3.1259,45.0,0,-134.4,488.6,0.1078,-118.9,489.2,0.1196,-255.1,-308.0,0.0000,-158.2,-352.4,0.0207,-197.4,-332.1,0,0.0,0.0,0.0000,0.19,14.38,2.63,-12.27,1,0.1033,-0.235,1.040,25.00,1,-143.3,476.5,0.11444,-264.1,-292.5,0.0906,-0.00240,OK
3.1797,3.1259,53.8,0,-134.4,488.6,0.1078,-118.9,489.2,0.1196,-255.1,-308.0,0.0000,-155.1,-354.8,0.0192,-194.7,-334.7,0,0.0,0.0,0.0000,-1.37,13.49,2.93,-11.37,1,0.0522,-2.148,0.069,26.00,1,-145.1,473.8,0.11480,-222.4,-291.0,0.0136,-0.00194,OK
3.1876,3.1259,61.7,0,-134.4,488.6,0.1078,-118.9,489.2,0.1196,-255.1,-308.0,0.0000,-152.7,-357.1,0.0202,-192.5,-337.3,0,0.0,0.0,0.0000,-2.07,13.04,2.87,-11.00,1,0.0233,-2.677,-1.098,25.00,1,-146.5,471.3,0.11456,-205.3,-287.4,-0.0440,-0.00139,OK
3.1953,3.1259,69.4,0,-134.4,488.6,0.1078,-118.9,489.2,0.1196,-255.1,-308.0,0.0000,-150.1,-359.5,0.0216,-190.1,-340.0,0,0.0,0.0,0.0000,-1.55,12.81,2.81,-11.77,1,0.0411,-0.981,1.187,25.00,1,-147.9,468.9,0.11420,-214.9,-289.8,-0.0211,-0.00086,OK
3.2029,3.1259,77.0,0,-134.4,488.6,0.1078,-118.9,489.2,0.1196,-255.1,-308.0,0.0000,-147.6,-361.5,0.0217,-187.8,-342.3,0,0.0,0.0,0.0000,-1.20,13.31,3.57,-11.64,1,0.0411,-0.981,1.187,25.00,1,-149.2,466.5,0.11419,-219.7,-305.5,0.0272,-0.00068,OK
3.2119,3.1259,86.0,0,-134.4,488.6,0.1078,-118.9,489.2,0.1196,-255.1,-308.0,0.0000,-144.3,-363.9,0.0209,-184.9,-345.1,0,0.0,0.0,0.0000,-0.97,13.00,3.59,-10.99,1,0.0178,-0.235,1.402,25.00,1,-150.9,463.6,0.11440,-213.8,-295.9,0.0190,-0.00069,OK
3.2198,3.1259,93.9,0,-134.4,488.6,0.1078,-118.9,489.2,0.1196,-255.1,-308.0,0.0000,-141.4,-366.4,0.0213,-182.3,-347.8,0,0.0,0.0,0.0000,-1.29,13.02,3.40,-10.48,1,-0.0556,-1.304,0.108,24.00,1,-152.2,461.1,0.11428,-203.8,-290.8,-0.0513,-0.00073,OK
3.2278,3.2276,0.2,0,-157.7,458.3,0.1276,-142.7,456.2,0.1196,-211.1,-339.7,0.0000,-125.5,-369.0,0.0061,-168.1,-351.6,0,0.0,0.0,0.0000,-2.25,12.47,3.35,-10.45,1,-0.0989,-2.726,-1.226,25.00,1,-157.3,458.1,0.11808,-206.4,-270.6,-0.0261,-0.00100,OK
3.2354,3.2276,7.8,0,-157.7,458.3,0.1276,-142.7,456.2,0.1196,-211.1,-339.7,0.0000,-121.9,-379.3,0.0109,-165.3,-362.5,0,0.0,0.0,0.0000,-3.87,12.52,3.53,-10.85,1,-0.1111,-1.196,0.510,25.00,1,-157.3,458.1,0.11690,-191.9,-298.6,-0.4131,-0.00101,OK
3.2437,3.2276,16.1,0,-157.7,458.3,0.1276,-142.7,456.2,0.1196,-211.1,-339.7,0.0000,-118.6,-382.2,0.0193,-161.6,-366.1,0,0.0,0.0,0.0000,-3.65,11.53,4.31,-10.55,1,-0.1111,-1.196,0.510,24.00,1,-158.5,455.6,0.11478,-172.9,-295.1,-0.1319,-0.00077,OK
3.2510,3.2276,23.3,0,-157.7,458.3,0.1276,-142.7,456.2,0.1196,-211.1,-339.7,0.0000,-116.1,-384.5,0.0228,-159.1,-368.8,0,0.0,0.0,0.0000,-2.77,11.58,5.15,-10.37,1,-0.1256,1.324,0.961,24.00,1,-159.5,453.3,0.11391,-178.2,-300.0,-0.1134,-0.00091,OK
3.2589,3.2276,31.3,0,-157.7,458.3,0.1276,-142.7,456.2,0.1196,-211.1,-339.7,0.0000,-113.4,-387.2,0.0266,-156.3,-372.0,0,0.0,0.0,0.0000,-2.75,10.45,4.92,-9.68,1,-0.1456,-1.255,0.147,25.00,1,-160.5,450.8,0.11297,-161.5,-280.8,-0.1315,-0.00106,OK
3.2671,3.2276,39.5,0,-157.7,458.3,0.1276,-142.7,456.2,0.1196,-211.1,-339.7,0.0000,-110.7,-390.0,0.0313,-153.5,-375.2,0,0.0,0.0,0.0000,-3.48,11.18,4.60,-9.97,1,-0.1456,-1.255,0.147,25.00,1,-161.6,448.3,0.11179,-158.5,-294.4,-0.1508,-0.00098,OK
3.2755,3.2276,47.9,0,-157.7,458.3,0.1276,-142.7,456.2,0.1196,-211.1,-339.7,0.0000,-107.7,-392.7,0.0369,-150.3,-378.4,0,0.0,0.0,0.0000,-4.29,11.14,4.28,-10.18,1,-0.1444,-2.511,0.216,25.00,1,-162.6,445.7,0.11038,-150.9,-297.6,-0.1713,-0.00067,OK
3.2833,3.2276,55.7,0,-157.7,458.3,0.1276,-142.7,456.2,0.1196,-211.1,-339.7,0.0000,-104.8,-395.1,0.0421,-147.2,-381.4,0,0.0,0.0,0.0000,-3.37,11.10,4.84,-9.63,1,-0.1689,-1.049,0.696,25.00,1,-163.5,443.3,0.10909,-150.9,-295.1,-0.1632,-0.00073,OK
3.2917,3.2276,64.0,0,-157.7,458.3,0.1276,-142.7,456.2,0.1196,-211.1,-339.7,0.0000,-101.4,-398.0,0.0479,-143.6,-384.8,0,0.0,0.0,0.0000,-2.96,10.72,4.96,-9.84,1,-0.2133,0.647,-0.108,24.00,1,-164.5,440.7,0.10764,-154.8,-293.0,-0.1930,-0.00095,OK
3.2994,3.2276,71.8,0,-157.7,458.3,0.1276,-142.7,456.2,0.1196,-211.1,-339.7,0.0000,-98.4,-400.8,0.0541,-140.3,-388.1,0,0.0,0.0,0.0000,-3.81,10.00,4.84,-9.78,1,-0.2056,0.137,0.108,24.00,1,-165.4,438.3,0.10608,-135.4,-293.0,-0.2073,-0.00092,OK
3.3074,3.2276,79.8,0,-157.7,458.3,0.1276,-142.7,456.2,0.1196,-211.1,-339.7,0.0000,-95.7,-403.5,0.0607,-137.2,-391.3,0,0.0,0.0,0.0000,-4.19,10.28,5.28,-9.33,1,-0.2067,-1.726,0.539,25.00,1,-166.1,435.9,0.10445,-124.8,-301.3,-0.2040,-0.00094,OK
3.3151,3.2276,87.5,0,-157.7,458.3,0.1276,-142.7,456.2,0.1196,-211.1,-339.7,0.0000,-93.3,-406.3,0.0669,-134.5,-394.5,0,0.0,0.0,0.0000,-4.07,9.60,5.41,-9.06,1,-0.2067,-1.726,0.539,24.00,1,-166.8,433.5,0.10290,-116.1,-293.4,-0.2004,-0.00100,OK
3.3241,3.2276,96.5,0,-157.7,458.3,0.1276,-142.7,456.2,0.1196,-211.1,-339.7,0.0000,-90.1,-409.3,0.0740,-130.9,-398.1,0,0.0,0.0,0.0000,-3.87,10.35,5.37,-9.26,1,-0.2133,-1.089,-0.324,24.00,1,-167.6,430.7,0.10111,-125.1,-300.9,-0.2015,-0.00112,OK
3.3311,3.3309,0.2,0,-172.9,423.9,0.1054,-162.0,419.7,0.1196,-162.2,-365.6,0.0000,-84.5,-396.4,0.0746,-124.0,-385.8,0,0.0,0.0,0.0000,-3.33,9.43,5.19,-8.93,1,-0.1722,0.932,0.147,24.00,1,-172.5,424.1,0.10096,-153.1,-298.2,-0.1208,-0.00146,OK
3.3397,3.3309,8.7,0,-172.9,423.9,0.1054,-162.0,419.7,0.1196,-162.2,-365.6,0.0000,-83.5,-406.4,0.0757,-123.9,-395.9,0,0.0,0.0,0.0000,-1.51,9.96,2.80,-8.89,1,-0.2033,-0.333,1.049,25.00,1,-172.6,424.0,0.10070,-182.8,-255.4,-0.1857,-0.00164,OK
3.3471,3.3309,16.1,0,-172.9,423.9,0.1054,-162.0,419.7,0.1196,-162.2,-365.6,0.0000,-79.0,-409.7,0.0797,-119.4,-399.8,0,0.0,0.0,0.0000,-0.68,10.10,3.50,-8.67,1,-0.2033,-0.333,1.049,25.00,1,-173.8,421.9,0.09968,-188.9,-254.1,-0.1102,-0.00220,OK
3.3556,3.3309,24.6,0,-172.9,423.9,0.1054,-162.0,419.7,0.1196,-162.2,-365.6,0.0000,-74.4,-413.0,0.0852,-114.6,-403.7,0,0.0,0.0,0.0000,-3.24,9.97,4.60,-8.96,1,-0.2322,-2.373,0.235,25.00,1,-175.0,419.5,0.09831,-148.5,-293.7,-0.2163,-0.00235,OK
3.3633,3.3309,32.4,0,-172.9,423.9,0.1054,-162.0,419.7,0.1196,-162.2,-365.6,0.0000,-70.8,-415.4,0.0915,-110.6,-406.6,0,0.0,0.0,0.0000,-4.59,10.13,5.41,-8.96,1,-0.1856,-0.598,-0.569,25.00,1,-175.8,417.0,0.09675,-126.3,-317.2,-0.1868,-0.00231,OK
3.3709,3.3309,40.0,0,-172.9,423.9,0.1054,-162.0,419.7,0.1196,-162.2,-365.6,0.0000,-67.7,-417.3,0.0968,-107.2,-408.9,0,0.0,0.0,0.0000,-5.01,9.55,6.22,-9.27,1,-0.1611,1.059,2.059,24.00,1,-176.5,414.5,0.09540,-112.9,-328.4,-0.1650,-0.00225,OK
3.3797,3.3309,48.8,0,-172.9,423.9,0.1054,-162.0,419.7,0.1196,-162.2,-365.6,0.0000,-64.1,-419.4,0.1024,-103.2,-411.5,0,0.0,0.0,0.0000,-4.35,9.57,6.48,-9.22,1,-0.1611,1.059,2.059,24.00,1,-177.2,411.5,0.09401,-116.9,-323.5,-0.1523,-0.00232,OK
3.3875,3.3309,56.6,0,-172.9,423.9,0.1054,-162.0,419.7,0.1196,-162.2,-365.6,0.0000,-60.8,-421.3,0.1069,-99.6,-413.9,0,0.0,0.0,0.0000,-4.44,9.89,6.72,-8.64,1,-0.1556,-0.451,0.941,25.00,1,-177.9,408.9,0.09290,-109.4,-324.1,-0.1403,-0.00246,OK
3.3954,3.3309,64.4,0,-172.9,423.9,0.1054,-162.0,419.7,0.1196,-162.2,-365.6,0.0000,-57.4,-423.2,0.1111,-96.0,-416.2,0,0.0,0.0,0.0000,-5.10,9.85,6.43,-8.55,1,-0.1311,-1.716,-0.490,25.00,1,-178.4,406.3,0.09183,-99.2,-327.0,-0.1305,-0.00244,OK
3.4032,3.3309,72.3,0,-172.9,423.9,0.1054,-162.0,419.7,0.1196,-162.2,-365.6,0.0000,-54.8,-425.9,0.1151,-93.2,-419.2,0,0.0,0.0,0.0000,-5.17,6.20,6.93,-8.78,1,-0.1000,-1.363,-1.559,25.00,1,-178.8,403.9,0.09084,-55.9,-284.3,-0.1140,-0.00226,OK
3.4119,3.3309,81.0,0,-172.9,423.9,0.1054,-162.0,419.7,0.1196,-162.2,-365.6,0.0000,-52.2,-429.0,0.1179,-90.6,-422.6,0,0.0,0.0,0.0000,-4.94,7.13,7.33,-8.72,1,-0.0267,2.687,3.364,24.00,1,-179.1,401.3,0.09015,-65.2,-299.6,-0.0389,-0.00210,OK
3.4197,3.3309,88.8,0,-172.9,423.9,0.1054,-162.0,419.7,0.1196,-162.2,-365.6,0.0000,-49.9,-431.1,0.1187,-88.5,-424.9,0,0.0,0.0,0.0000,-4.77,9.24,7.95,-8.26,1,-0.0267,2.687,3.364,24.00,1,-179.4,398.8,0.08994,-82.1,-328.3,-0.0186,-0.00218,OK
3.4276,3.3309,96.6,0,-172.9,423.9,0.1054,-162.0,419.7,0.1196,-162.2,-365.6,0.0000,-47.7,-432.9,0.1196,-86.3,-426.9,0,0.0,0.0,0.0000,-5.46,9.67,7.85,-7.97,1,-0.0500,0.814,-1.030,25.00,1,-179.8,396.1,0.08970,-72.7,-338.1,-0.0440,-0.00222,OK
3.4356,3.4316,4.0,0,-180.1,388.8,0.0877,-175.8,381.9,0.1196,-112.0,-384.0,0.0000,-52.4,-421.0,0.1237,-89.5,-414.7,0,0.0,0.0,0.0000,-6.09,9.91,8.33,-7.95,1,-0.0444,-1.334,0.363,25.00,1,-180.1,389.1,0.08869,-64.3,-375.8,-0.0433,-0.00219,OK
3.4431,3.4399,3.2,0,-182.4,380.8,0.0971,-176.8,378.8,0.1196,-107.7,-385.3,0.0000,-44.0,-413.2,0.1153,-81.3,-407.5,0,0.0,0.0,0.0000,-6.09,10.37,7.85,-8.27,1,-0.0111,-1.942,1.226,25.00,1,-181.4,383.3,0.09080,-88.5,-418.5,0.0067,-0.00233,OK
3.4508,3.4444,6.4,0,-181.8,377.3,0.0844,-177.2,377.0,0.1196,-105.4,-385.9,0.0000,-46.1,-412.1,0.1207,-82.7,-406.4,0,0.0,0.0,0.0000,-5.99,10.53,7.95,-7.46,1,-0.0111,-1.942,1.226,26.00,1,-181.6,379.9,0.08944,-77.7,-421.6,-0.0084,-0.00223,OK
3.4597,3.4550,4.7,0,-182.4,374.9,0.0909,-178.3,372.9,0.1196,-100.0,-387.3,0.0000,-39.2,-409.0,0.1197,-75.7,-403.8,0,0.0,0.0,0.0000,-4.80,10.58,8.03,-8.76,1,-0.0100,1.952,-1.932,24.00,1,-182.3,375.2,0.08968,-105.9,-421.2,-0.0005,-0.00232,OK
3.4675,3.4631,4.4,0,-182.7,371.6,0.0872,-179.1,369.8,0.1196,-95.9,-388.3,0.0000,-37.4,-407.7,0.1205,-73.7,-402.8,0,0.0,0.0,0.0000,-5.47,10.57,8.95,-9.04,1,0.0344,-0.216,1.579,25.00,1,-182.7,371.6,0.08949,-93.6,-435.6,0.0331,-0.00229,OK
3.4755,3.4712,4.2,0,-183.6,368.7,0.0977,-179.9,366.6,0.1196,-91.8,-389.2,0.0000,-29.9,-408.0,0.1145,-66.9,-403.6,0,0.0,0.0,0.0000,-4.69,10.07,8.53,-8.93,1,0.0244,-0.892,1.089,25.00,1,-183.4,368.4,0.09100,-101.5,-404.4,0.0461,-0.00246,OK
3.4832,3.4781,5.0,0,-182.7,365.4,0.0827,-180.5,363.9,0.1196,-88.1,-390.0,0.0000,-33.5,-408.4,0.1182,-70.1,-403.7,0,0.0,0.0,0.0000,-5.26,10.87,8.30,-8.34,1,0.0344,0.932,-0.284,27.00,1,-183.4,365.5,0.09006,-85.0,-411.4,0.0304,-0.00238,OK
3.4913,3.4866,4.8,0,-184.2,362.2,0.0989,-181.2,360.6,0.1196,-83.5,-390.9,0.0000,-24.2,-408.7,0.1123,-61.4,-404.8,0,0.0,0.0,0.0000,-5.66,10.50,8.79,-8.25,1,0.0344,0.932,-0.284,25.00,1,-183.9,362.0,0.09154,-76.8,-410.1,0.0513,-0.00252,OK
3.4990,3.4950,3.9,0,-183.9,359.0,0.0858,-181.9,357.3,0.1196,-79.0,-391.9,0.0000,-26.2,-407.6,0.1146,-63.1,-403.5,0,0.0,0.0,0.0000,-5.73,10.76,8.75,-8.46,1,0.0178,-0.088,2.265,24.00,1,-184.1,358.7,0.09097,-75.6,-406.9,0.0101,-0.00248,OK
3.5074,3.5034,3.9,0,-185.1,356.2,0.1010,-182.6,354.0,0.1196,-74.6,-392.9,0.0000,-16.2,-408.7,0.1096,-53.7,-405.5,0,0.0,0.0,0.0000,-6.00,10.68,8.89,-8.89,1,-0.0111,-0.431,-0.843,24.00,1,-184.7,355.5,0.09221,-79.6,-400.7,0.0147,-0.00262,OK
3.5162,3.5119,4.2,0,-185.5,353.9,0.0976,-183.2,350.7,0.1196,-70.4,-393.7,0.0000,-13.6,-410.8,0.1066,-51.7,-407.8,0,0.0,0.0,0.0000,-6.57,10.88,8.83,-8.39,1,0.0089,-0.039,-0.000,25.00,1,-185.1,352.8,0.09296,-69.5,-383.0,0.0195,-0.00266,OK
3.5238,3.5204,3.4,0,-185.4,349.8,0.0976,-183.7,347.4,0.1196,-66.3,-394.5,0.0000,-9.9,-410.5,0.1039,-48.3,-407.7,0,0.0,0.0,0.0000,-5.80,12.20,8.12,-8.72,1,0.0089,-0.039,-0.000,25.00,1,-185.5,349.6,0.09365,-89.8,-379.2,0.0268,-0.00274,OK
3.5313,3.5288,2.5,0,-186.5,347.7,0.0903,-184.3,344.0,0.1196,-61.7,-395.3,0.0000,-8.7,-411.0,0.1051,-47.0,-408.3,0,0.0,0.0,0.0000,-6.92,12.09,8.71,-8.47,1,0.0167,1.157,-0.981,25.00,1,-186.0,346.8,0.09334,-75.1,-374.7,0.0029,-0.00267,OK
3.5389,3.5372,1.7,0,-187.5,344.4,0.0887,-184.8,340.7,0.1196,-57.2,-396.0,0.0000,-4.5,-411.4,0.1050,-42.9,-409.1,0,0.0,0.0,0.0000,-5.61,11.63,9.17,-8.81,1,0.0678,0.706,1.844,24.00,1,-186.8,343.9,0.09337,-95.3,-360.1,0.0462,-0.00267,OK
3.5475,3.5457,1.8,0,-187.1,341.7,0.0936,-185.2,337.3,0.1196,-52.4,-396.5,0.0000,1.7,-413.5,0.1031,-37.0,-411.8,0,0.0,0.0,0.0000,-5.36,11.26,8.77,-8.82,1,0.0511,-2.305,0.794,25.00,1,-187.2,341.1,0.09384,-90.1,-343.1,0.0567,-0.00272,OK
3.5557,3.5457,10.0,0,-187.1,341.7,0.0936,-185.2,337.3,0.1196,-52.4,-396.5,0.0000,5.1,-421.1,0.1029,-34.4,-419.7,0,0.0,0.0,0.0000,-5.96,10.61,8.07,-8.95,1,0.0511,-2.305,0.794,25.00,1,-187.3,340.4,0.09390,-82.7,-344.7,0.0427,-0.00259,OK
3.5631,3.5542,8.9,0,-188.6,338.0,0.0901,-185.7,334.0,0.1196,-47.8,-396.9,0.0000,9.3,-421.7,0.1051,-30.0,-420.8,0,0.0,0.0,0.0000,-5.94,11.81,8.33,-9.13,1,0.0533,-1.147,-1.383,25.00,1,-188.1,337.7,0.09334,-99.4,-362.3,0.0509,-0.00245,OK
3.5716,3.5625,9.1,0,-188.3,335.1,0.0894,-186.0,330.7,0.1196,-43.5,-397.4,0.0000,13.9,-422.5,0.1064,-25.4,-421.9,0,0.0,0.0,0.0000,-6.12,12.50,8.72,-8.93,1,0.0867,1.952,0.716,24.00,1,-188.6,334.6,0.09301,-92.0,-372.2,0.0865,-0.00234,OK
3.5792,3.5710,8.1,0,-188.8,331.8,0.0884,-186.4,327.3,0.1196,-39.1,-397.9,0.0000,17.9,-422.9,0.1077,-21.3,-422.7,0,0.0,0.0,0.0000,-6.51,12.39,9.35,-8.89,1,0.0978,0.657,2.187,25.00,1,-188.9,331.7,0.09268,-80.8,-383.3,0.0980,-0.00222,OK
3.5869,3.5795,7.4,0,-188.8,329.3,0.0944,-186.7,323.9,0.1196,-34.9,-398.6,0.0000,24.4,-423.1,0.1049,-15.2,-423.6,0,0.0,0.0,0.0000,-5.88,11.26,8.67,-8.57,1,0.0433,-2.932,-1.147,25.00,1,-189.2,328.8,0.09338,-76.4,-350.7,0.0468,-0.00224,OK
3.5957,3.5880,7.7,0,-189.8,326.0,0.0946,-187.0,320.5,0.1196,-30.4,-399.1,0.0000,29.3,-424.5,0.1032,-10.6,-425.4,0,0.0,0.0,0.0000,-6.91,11.39,8.50,-8.53,1,0.0433,-2.932,-1.147,25.00,1,-189.6,325.8,0.09382,-67.6,-359.8,0.0364,-0.00214,OK
3.6035,3.5964,7.1,0,-189.9,322.5,0.1031,-187.2,317.2,0.1196,-25.8,-399.3,0.0000,36.6,-423.8,0.0973,-3.9,-425.4,0,0.0,0.0,0.0000,-6.31,11.24,8.68,-8.63,1,0.0789,0.382,-0.647,24.00,1,-189.9,322.7,0.09529,-72.6,-360.1,0.0761,-0.00216,OK
3.6116,3.6048,6.7,0,-190.1,319.6,0.0963,-187.4,313.8,0.1196,-21.1,-399.5,0.0000,38.2,-424.1,0.0935,-2.8,-425.8,0,0.0,0.0,0.0000,-5.63,11.76,9.85,-8.58,1,0.1211,1.000,0.304,24.00,1,-190.2,319.6,0.09625,-76.2,-367.7,0.1309,-0.00226,OK
3.6197,3.6133,6.5,0,-190.5,316.1,0.1068,-187.6,310.4,0.1196,-16.4,-399.6,0.0000,46.7,-423.3,0.0848,4.9,-425.8,0,0.0,0.0,0.0000,-6.25,11.63,9.53,-8.64,1,0.1200,-0.010,3.521,25.00,1,-190.5,316.3,0.09842,-69.6,-377.4,0.1255,-0.00235,OK
3.6275,3.6133,14.3,0,-190.5,316.1,0.1068,-187.6,310.4,0.1196,-16.4,-399.6,0.0000,51.0,-425.2,0.0819,8.7,-428.1,0,0.0,0.0,0.0000,-6.44,10.78,9.17,-8.74,1,0.1200,-0.010,3.521,25.00,1,-190.7,313.9,0.09915,-63.5,-370.2,0.1115,-0.00222,OK
3.6357,3.6302,5.5,0,-190.9,309.9,0.1020,-187.8,303.6,0.1196,-7.6,-399.9,0.0000,53.6,-422.7,0.0781,11.1,-426.0,0,0.0,0.0,0.0000,-7.62,11.33,9.21,-8.34,1,0.0400,0.029,-2.432,24.00,1,-190.9,309.9,0.10010,-50.4,-383.2,0.0364,-0.00215,OK
3.6434,3.6386,4.8,0,-191.6,306.9,0.1014,-187.8,300.3,0.1196,-3.2,-399.9,0.0000,58.0,-422.1,0.0757,15.3,-425.8,0,0.0,0.0,0.0000,-8.51,11.80,8.85,-8.79,1,0.0844,-0.569,-0.922,24.00,1,-191.2,306.7,0.10068,-58.8,-391.1,0.0654,-0.00191,OK
3.6511,3.6471,4.0,0,-191.9,302.9,0.1092,-187.8,296.9,0.1196,1.3,-399.8,0.0000,65.4,-419.8,0.0681,22.1,-424.3,0,0.0,0.0,0.0000,-7.74,11.82,9.37,-9.05,1,0.1256,-1.118,2.373,24.00,1,-191.6,303.1,0.10259,-67.4,-401.7,0.1308,-0.00182,OK
3.6594,3.6556,3.8,0,-192.1,300.6,0.1044,-187.8,293.5,0.1196,5.8,-399.8,0.0000,68.4,-420.4,0.0644,24.6,-425.2,0,0.0,0.0,0.0000,-6.99,11.99,9.14,-9.22,1,0.1022,0.078,0.196,25.00,1,-192.0,300.1,0.10351,-76.9,-383.1,0.0960,-0.00170,OK
3.6676,3.6640,3.6,0,-192.3,296.4,0.1096,-187.8,290.1,0.1196,10.3,-399.8,0.0000,75.4,-419.2,0.0583,31.1,-424.8,0,0.0,0.0,0.0000,-6.01,11.29,8.91,-8.77,1,0.1022,0.078,0.196,25.00,1,-192.3,296.7,0.10504,-78.5,-370.7,0.1164,-0.00171,OK
3.6756,3.6724,3.2,0,-192.9,294.1,0.1106,-187.6,286.8,0.1196,14.9,-399.7,0.0000,81.1,-419.0,0.0537,36.2,-425.2,0,0.0,0.0,0.0000,-7.69,11.61,9.20,-8.43,1,0.0667,0.873,-1.922,25.00,1,-192.6,293.7,0.10620,-61.1,-380.0,0.0779,-0.00166,OK
3.6829,3.6724,10.5,0,-192.9,294.1,0.1106,-187.6,286.8,0.1196,14.9,-399.7,0.0000,85.4,-424.0,0.0527,39.9,-430.7,0,0.0,0.0,0.0000,-7.83,11.17,10.22,-8.35,1,0.1011,-2.187,2.177,24.00,1,-192.6,292.7,0.10645,-47.7,-393.1,0.0947,-0.00156,OK
3.6920,3.6894,2.6,0,-193.7,287.9,0.1018,-187.3,280.0,0.1196,23.8,-399.3,0.0000,88.8,-419.2,0.0516,43.7,-426.3,0,0.0,0.0,0.0000,-7.17,11.05,10.06,-8.57,1,0.0767,-1.177,1.432,24.00,1,-193.2,287.5,0.10672,-64.5,-370.9,0.0465,-0.00143,OK
3.6997,3.6894,10.4,0,-193.7,287.9,0.1018,-187.3,280.0,0.1196,23.8,-399.3,0.0000,93.4,-425.1,0.0508,47.5,-432.6,0,0.0,0.0,0.0000,-7.79,11.25,9.64,-7.75,1,0.0767,-1.177,1.432,25.00,1,-193.2,286.6,0.10692,-48.9,-371.6,0.0731,-0.00138,OK
3.7070,3.6978,9.2,0,-194.8,284.7,0.0968,-187.1,276.6,0.1196,28.2,-398.9,0.0000,99.4,-425.9,0.0592,54.3,-433.9,0,0.0,0.0,0.0000,-8.42,11.33,9.53,-7.46,1,0.0622,-0.147,-1.069,25.00,1,-194.1,284.1,0.10480,-56.1,-367.1,0.0573,-0.00106,OK
3.7148,3.7067,8.1,0,-194.1,281.0,0.1034,-186.8,273.1,0.1196,33.0,-398.5,0.0000,106.9,-424.4,0.0588,61.8,-433.3,0,0.0,0.0,0.0000,-8.89,10.57,10.29,-7.57,1,0.0844,-0.696,0.373,25.00,1,-194.2,281.0,0.10490,-41.0,-382.9,0.0757,-0.00092,OK
3.7236,3.7180,5.6,0,-195.1,277.7,0.1067,-186.4,268.6,0.1196,39.3,-398.0,0.0000,114.1,-421.6,0.0550,68.9,-431.3,0,0.0,0.0,0.0000,-9.37,10.28,11.58,-7.84,1,0.0844,-0.765,-0.186,24.00,1,-194.4,277.0,0.10587,-33.6,-391.0,0.0768,-0.00082,OK
3.7315,3.7180,13.5,0,-195.1,277.7,0.1067,-186.4,268.6,0.1196,39.3,-398.0,0.0000,118.8,-423.7,0.0530,73.1,-433.9,0,0.0,0.0,0.0000,-9.55,11.13,11.68,-7.05,1,0.0978,-0.588,0.245,25.00,1,-194.3,274.8,0.10637,-22.8,-397.6,0.0968,-0.00080,OK
3.7396,3.7351,4.5,0,-195.1,271.2,0.1022,-185.7,261.8,0.1196,48.4,-397.1,0.0000,123.3,-420.6,0.0513,77.8,-431.4,0,0.0,0.0,0.0000,-7.37,11.37,11.27,-7.95,1,0.0978,-0.588,0.245,25.00,1,-194.7,270.7,0.10679,-65.0,-367.7,0.0910,-0.00077,OK
3.7471,3.7430,4.0,0,-194.4,268.3,0.1101,-185.3,258.6,0.1196,52.2,-396.6,0.0000,131.2,-419.4,0.0473,85.4,-431.0,0,0.0,0.0,0.0000,-7.85,11.22,11.01,-7.53,1,0.0767,-1.314,1.471,25.00,1,-194.6,268.0,0.10780,-46.9,-363.3,0.0879,-0.00084,OK
3.7551,3.7519,3.2,0,-194.6,265.9,0.1045,-184.8,255.1,0.1196,56.8,-395.9,0.0000,134.3,-420.1,0.0477,88.4,-432.1,0,0.0,0.0,0.0000,-8.87,10.89,10.80,-7.31,1,0.0456,-2.157,-0.726,25.00,1,-194.6,265.2,0.10768,-30.0,-354.3,0.0296,-0.00077,OK
3.7640,3.7519,12.1,0,-194.6,265.9,0.1045,-184.8,255.1,0.1196,56.8,-395.9,0.0000,140.2,-425.0,0.0471,93.7,-437.6,0,0.0,0.0,0.0000,-10.07,10.39,10.29,-7.32,1,0.0500,-1.402,0.628,24.00,1,-194.5,263.7,0.10784,-20.3,-364.1,0.0402,-0.00065,OK
3.7716,3.7519,19.7,0,-194.6,265.9,0.1045,-184.8,255.1,0.1196,56.8,-395.9,0.0000,144.9,-424.7,0.0458,98.2,-437.9,0,0.0,0.0,0.0000,-9.12,9.70,11.09,-7.18,1,0.0500,-1.402,0.628,24.00,1,-194.3,260.9,0.10816,-13.7,-361.3,0.0440,-0.00058,OK
3.7789,3.7519,27.0,0,-194.6,265.9,0.1045,-184.8,255.1,0.1196,56.8,-395.9,0.0000,149.2,-424.5,0.0448,102.3,-438.2,0,0.0,0.0,0.0000,-9.18,9.78,11.34,-6.44,1,0.0289,-0.167,2.305,25.00,1,-194.1,258.3,0.10842,-0.5,-360.6,0.0295,-0.00058,OK
3.7873,3.7519,35.4,0,-194.6,265.9,0.1045,-184.8,255.1,0.1196,56.8,-395.9,0.0000,154.1,-424.0,0.0448,107.3,-438.2,0,0.0,0.0,0.0000,-10.68,9.16,10.96,-5.92,1,-0.0256,-1.177,-1.373,25.00,1,-193.7,255.3,0.10842,21.9,-363.3,-0.0292,-0.00053,OK
3.7954,3.7519,43.5,0,-194.6,265.9,0.1045,-184.8,255.1,0.1196,56.8,-395.9,0.0000,158.5,-423.4,0.0453,111.9,-438.1,0,0.0,0.0,0.0000,-11.25,9.14,11.00,-4.87,1,-0.0011,-0.843,-0.686,24.00,1,-193.1,252.4,0.10830,43.3,-359.5,-0.0005,-0.00053,OK
3.8041,3.7519,52.2,0,-194.6,265.9,0.1045,-184.8,255.1,0.1196,56.8,-395.9,0.0000,162.1,-423.3,0.0444,115.3,-438.4,0,0.0,0.0,0.0000,-11.32,9.58,11.89,-2.28,1,0.0267,-1.187,1.618,24.00,1,-192.1,249.5,0.10852,101.3,-341.5,0.0462,-0.00073,OK
3.8120,3.7519,60.1,0,-194.6,265.9,0.1045,-184.8,255.1,0.1196,56.8,-395.9,0.0000,164.8,-422.9,0.0427,117.8,-438.4,0,0.0,0.0,0.0000,-11.16,9.64,13.21,-3.24,1,0.0267,-1.187,1.618,24.00,1,-191.0,246.7,0.10895,91.7,-374.0,0.0555,-0.00100,OK
3.8200,3.7519,68.1,0,-194.6,265.9,0.1045,-184.8,255.1,0.1196,56.8,-395.9,0.0000,168.0,-421.9,0.0419,121.1,-437.7,0,0.0,0.0,0.0000,-10.89,9.18,13.10,-5.19,1,-0.0178,-1.118,1.736,25.00,1,-190.1,243.7,0.10913,57.4,-394.3,-0.0099,-0.00107,OK
3.8275,3.7519,75.5,0,-194.6,265.9,0.1045,-184.8,255.1,0.1196,56.8,-395.9,0.0000,171.6,-420.5,0.0434,124.9,-436.6,0,0.0,0.0,0.0000,-11.63,8.89,12.58,-5.64,1,-0.0933,-1.559,-2.422,26.00,1,-189.4,240.8,0.10875,57.4,-401.1,-0.0910,-0.00108,OK
3.8353,3.7519,83.4,0,-194.6,265.9,0.1045,-184.8,255.1,0.1196,56.8,-395.9,0.0000,175.5,-418.6,0.0466,129.4,-435.1,0,0.0,0.0,0.0000,-11.91,8.38,13.68,-5.53,1,-0.1111,-1.226,2.099,27.00,1,-188.5,237.7,0.10797,73.0,-412.4,-0.1096,-0.00109,OK
3.8429,3.8076,35.3,0,-190.9,242.3,0.1230,-180.8,233.2,0.1196,86.0,-390.4,0.0000,184.0,-406.0,0.0309,137.5,-424.1,0,0.0,0.0,0.0000,-11.99,8.54,12.74,-5.74,1,-0.1467,-0.608,1.902,25.00,1,-187.9,230.9,0.11190,58.6,-438.3,-0.1453,-0.00156,OK
3.8515,3.8076,43.9,0,-190.9,242.3,0.1230,-180.8,233.2,0.1196,86.0,-390.4,0.0000,190.7,-399.9,0.0359,145.4,-418.6,0,0.0,0.0,0.0000,-11.95,7.97,13.02,-5.53,1,-0.1467,-0.608,1.902,24.00,1,-187.0,227.3,0.11065,67.5,-432.8,-0.1476,-0.00153,OK
3.8599,3.8499,10.0,0,-187.3,225.6,0.1053,-176.7,216.8,0.1196,108.2,-385.0,0.0000,191.5,-402.6,0.0476,147.1,-420.9,0,0.0,0.0,0.0000,-12.71,7.70,13.66,-4.98,1,-0.2033,-0.559,-1.598,24.00,1,-186.9,224.6,0.10770,79.0,-423.9,-0.1988,-0.00142,OK
3.8678,3.8583,9.4,0,-185.3,221.5,0.1147,-175.7,213.6,0.1196,112.5,-383.8,0.0000,197.2,-397.6,0.0445,153.0,-416.6,0,0.0,0.0,0.0000,-13.35,7.65,14.60,-5.51,1,-0.1811,-1.157,0.951,26.00,1,-185.4,221.1,0.10848,91.2,-450.9,-0.1850,-0.00158,OK
3.8757,3.8668,8.9,0,-185.2,217.6,0.1025,-174.8,210.3,0.1196,116.7,-382.7,0.0000,197.8,-395.6,0.0545,154.8,-414.3,0,0.0,0.0,0.0000,-14.08,10.22,14.45,-5.27,1,-0.1733,-0.618,1.373,25.00,1,-184.7,217.3,0.10598,85.2,-483.0,-0.1605,-0.00159,OK
3.8836,3.8752,8.4,0,-183.4,215.0,0.1090,-173.8,207.1,0.1196,120.9,-381.4,0.0000,203.6,-392.5,0.0561,161.1,-411.7,0,0.0,0.0,0.0000,-13.15,7.60,14.35,-5.11,1,-0.1733,-0.618,1.373,26.00,1,-183.5,214.3,0.10559,93.2,-430.0,-0.1734,-0.00165,OK
3.8910,3.8837,7.3,0,-182.9,212.0,0.1029,-172.7,203.9,0.1196,125.4,-379.8,0.0000,205.1,-391.2,0.0627,163.4,-410.4,0,0.0,0.0,0.0000,-13.06,7.62,14.11,-4.50,1,-0.2056,-0.382,-0.157,25.00,1,-182.5,211.3,0.10395,100.0,-410.7,-0.1966,-0.00171,OK
3.8991,3.8921,6.9,0,-181.1,208.4,0.1068,-171.7,200.7,0.1196,129.8,-378.3,0.0000,210.3,-388.0,0.0670,169.3,-407.5,0,0.0,0.0,0.0000,-13.76,7.38,13.47,-4.19,1,-0.1956,-1.294,0.539,24.00,1,-181.2,208.1,0.10286,109.0,-402.4,-0.1886,-0.00181,OK
3.9075,3.9005,7.0,0,-179.6,203.9,0.0975,-170.5,197.5,0.1196,134.1,-376.8,0.0000,210.9,-386.1,0.0760,171.0,-405.3,0,0.0,0.0,0.0000,-13.62,6.32,13.85,-4.32,1,-0.2267,-3.069,1.412,24.00,1,-179.8,204.5,0.10062,116.9,-409.4,-0.2311,-0.00171,OK
3.9151,3.9090,6.1,0,-178.6,200.8,0.1018,-169.4,194.3,0.1196,138.2,-375.3,0.0000,215.9,-380.8,0.0823,177.2,-400.3,0,0.0,0.0,0.0000,-14.49,6.58,14.19,-4.33,1,-0.2267,-3.069,1.412,25.00,1,-178.5,200.9,0.09905,123.6,-428.4,-0.2286,-0.00169,OK
3.9229,3.9175,5.4,0,-177.0,197.1,0.0934,-168.2,191.1,0.1196,142.2,-373.8,0.0000,216.2,-377.6,0.0921,178.7,-396.7,0,0.0,0.0,0.0000,-15.01,6.93,14.65,-3.85,1,-0.2444,-0.686,-1.442,24.00,1,-177.0,197.3,0.09658,140.0,-444.3,-0.2431,-0.00169,OK
3.9318,3.9259,5.8,0,-175.0,193.7,0.0889,-167.0,188.0,0.1196,146.4,-372.2,0.0000,218.5,-374.7,0.1033,182.4,-393.5,0,0.0,0.0,0.0000,-14.91,6.63,15.43,-3.82,1,-0.2422,0.961,-1.834,25.00,1,-175.3,193.6,0.09379,151.5,-448.3,-0.2439,-0.00164,OK
3.9389,3.9344,4.5,0,-173.7,190.6,0.0832,-165.7,184.8,0.1196,150.7,-370.5,0.0000,219.1,-371.3,0.1157,184.5,-389.6,0,0.0,0.0,0.0000,-14.73,6.20,16.11,-3.33,1,-0.2300,-0.284,3.236,25.00,1,-173.6,190.2,0.09070,163.6,-436.1,-0.2459,-0.00156,OK
3.9474,3.9429,4.6,0,-171.7,186.8,0.0985,-164.4,181.7,0.1196,155.0,-368.7,0.0000,227.5,-364.7,0.1180,193.7,-383.7,0,0.0,0.0,0.0000,-14.87,5.43,15.69,-2.97,1,-0.2211,-1.451,0.951,25.00,1,-171.8,186.8,0.09011,170.4,-423.4,-0.2004,-0.00165,OK
3.9549,3.9513,3.5,0,-170.6,183.1,0.0941,-163.1,178.6,0.1196,159.3,-366.8,0.0000,228.8,-361.5,0.1222,195.7,-380.5,0,0.0,0.0,0.0000,-14.66,5.46,12.93,-2.63,1,-0.2211,-1.451,0.951,24.00,1,-170.3,183.4,0.08908,149.0,-397.1,-0.1934,-0.00176,OK
3.9637,3.9598,3.9,0,-168.8,179.7,0.0891,-161.7,175.5,0.1196,163.4,-365.0,0.0000,231.4,-359.5,0.1286,199.1,-378.4,0,0.0,0.0,0.0000,-14.62,5.79,11.43,-2.56,1,-0.2322,-1.520,-2.216,24.00,1,-168.9,180.1,0.08746,137.8,-386.1,-0.2168,-0.00186,OK
3.9709,3.9598,11.1,0,-168.8,179.7,0.0891,-161.7,175.5,0.1196,163.4,-365.0,0.0000,236.8,-361.4,0.1312,204.5,-380.6,0,0.0,0.0,0.0000,-14.49,5.86,13.21,-2.61,1,-0.2256,-1.697,1.549,24.00,1,-168.3,178.8,0.08681,154.3,-410.3,-0.2118,-0.00197,OK
3.9791,3.9685,10.7,0,-167.6,176.4,0.0783,-160.3,172.3,0.1196,167.6,-363.2,0.0000,238.1,-359.4,0.1455,207.4,-378.0,0,0.0,0.0,0.0000,-13.82,5.27,13.96,-2.51,1,-0.2344,0.343,-0.333,25.00,1,-166.9,175.4,0.08323,154.3,-409.9,-0.2244,-0.00188,OK
3.9870,3.9685,18.5,0,-167.6,176.4,0.0783,-160.3,172.3,0.1196,167.6,-363.2,0.0000,241.7,-355.8,0.1524,212.0,-374.3,0,0.0,0.0,0.0000,-13.92,5.57,14.64,-2.32,1,-0.2344,0.343,-0.333,25.00,1,-165.4,172.3,0.08151,164.9,-421.0,-0.2153,-0.00204,OK
3.9959,3.9685,27.4,0,-167.6,176.4,0.0783,-160.3,172.3,0.1196,167.6,-363.2,0.0000,245.5,-351.1,0.1603,216.8,-369.5,0,0.0,0.0,0.0000,-14.52,5.57,16.46,-2.18,1,-0.2533,2.334,-0.941,25.00,1,-163.5,168.5,0.07953,187.0,-445.6,-0.2314,-0.00222,OK
4.0035,3.9685,35.0,0,-167.6,176.4,0.0783,-160.3,172.3,0.1196,167.6,-363.2,0.0000,248.4,-346.8,0.1673,220.7,-365.0,0,0.0,0.0,0.0000,-15.49,5.00,16.85,-2.22,1,-0.2300,-0.216,2.687,24.00,1,-161.8,165.2,0.07778,195.7,-450.4,-0.2274,-0.00223,OK
4.0115,3.9685,43.0,0,-167.6,176.4,0.0783,-160.3,172.3,0.1196,167.6,-363.2,0.0000,251.5,-342.3,0.1746,224.8,-360.4,0,0.0,0.0,0.0000,-15.75,4.46,15.36,-1.56,1,-0.2333,-3.609,-2.775,24.00,1,-160.0,161.9,0.07596,201.4,-427.2,-0.2271,-0.00226,OK
4.0195,3.9685,51.1,0,-167.6,176.4,0.0783,-160.3,172.3,0.1196,167.6,-363.2,0.0000,254.7,-338.1,0.1812,228.9,-356.1,0,0.0,0.0,0.0000,-16.15,4.34,14.71,-1.37,1,-0.1844,-1.912,-1.128,24.00,1,-158.1,158.6,0.07431,200.0,-417.4,-0.1847,-0.00224,OK
4.0274,3.9685,58.9,0,-167.6,176.4,0.0783,-160.3,172.3,0.1196,167.6,-363.2,0.0000,257.8,-333.8,0.1866,232.7,-351.7,0,0.0,0.0,0.0000,-14.52,5.26,16.09,-1.55,1,-0.1844,-1.912,-1.128,25.00,1,-156.3,155.4,0.07296,197.8,-432.1,-0.1627,-0.00243,OK
4.0350,3.9685,66.6,0,-167.6,176.4,0.0783,-160.3,172.3,0.1196,167.6,-363.2,0.0000,261.5,-330.4,0.1907,237.1,-348.3,0,0.0,0.0,0.0000,-9.97,4.94,17.01,-1.62,1,-0.1411,0.147,2.481,25.00,1,-154.8,152.5,0.07193,147.9,-360.0,-0.1105,-0.00268,OK
4.0431,4.0189,24.3,0,-155.5,155.2,0.0653,-151.3,154.3,0.1196,191.5,-351.0,0.0000,259.0,-328.3,0.2049,236.0,-345.2,0,0.0,0.0,0.0000,-11.95,4.42,17.42,-0.96,1,-0.1556,1.795,0.686,24.00,1,-152.3,149.1,0.06839,199.2,-394.7,-0.1251,-0.00270,OK
4.0511,4.0189,32.2,0,-155.5,155.2,0.0653,-151.3,154.3,0.1196,191.5,-351.0,0.0000,261.7,-324.8,0.2084,239.2,-341.7,0,0.0,0.0,0.0000,-13.31,3.88,16.61,-0.15,1,-0.1289,-0.186,-4.943,24.00,1,-150.4,146.0,0.06751,225.2,-399.0,-0.0995,-0.00296,OK
4.0598,4.0189,40.9,0,-155.5,155.2,0.0653,-151.3,154.3,0.1196,191.5,-351.0,0.0000,264.0,-320.5,0.2117,242.1,-337.3,0,0.0,0.0,0.0000,-14.95,3.95,16.34,0.39,1,-0.1289,-0.186,-4.943,25.00,1,-148.0,142.6,0.06669,250.2,-417.8,-0.0927,-0.00328,OK
4.0671,4.0189,48.2,0,-155.5,155.2,0.0653,-151.3,154.3,0.1196,191.5,-351.0,0.0000,265.7,-316.7,0.2136,244.2,-333.6,0,0.0,0.0,0.0000,-15.30,4.08,15.42,0.30,1,-0.0700,-2.265,1.442,25.00,1,-146.1,139.7,0.06621,240.8,-410.1,-0.0453,-0.00349,OK
4.0754,4.0189,56.5,0,-155.5,155.2,0.0653,-151.3,154.3,0.1196,191.5,-351.0,0.0000,268.2,-312.6,0.2138,246.9,-329.6,0,0.0,0.0,0.0000,-13.77,4.31,15.73,0.24,1,0.0067,-0.382,3.001,25.00,1,-143.9,136.5,0.06618,225.8,-396.6,0.0317,-0.00372,OK
4.0837,4.0189,64.8,0,-155.5,155.2,0.0653,-151.3,154.3,0.1196,191.5,-351.0,0.0000,270.5,-308.5,0.2117,249.4,-325.8,0,0.0,0.0,0.0000,-14.10,4.32,16.18,0.75,1,0.0533,0.049,-3.472,25.00,1,-141.8,133.3,0.06668,239.1,-401.5,0.0826,-0.00400,OK
4.0910,4.0189,72.1,0,-155.5,155.2,0.0653,-151.3,154.3,0.1196,191.5,-351.0,0.0000,272.5,-304.9,0.2090,251.3,-322.5,0,0.0,0.0,0.0000,-15.15,3.73,16.44,0.72,1,0.1100,-1.020,0.873,24.00,1,-139.8,130.6,0.06737,243.1,-400.8,0.1077,-0.00393,OK
4.0995,4.0189,80.6,0,-155.5,155.2,0.0653,-151.3,154.3,0.1196,191.5,-351.0,0.0000,274.7,-300.8,0.2051,253.5,-318.8,0,0.0,0.0,0.0000,-14.80,3.79,16.16,0.98,1,0.1100,-1.020,0.873,25.00,1,-137.5,127.3,0.06834,244.7,-395.7,0.1194,-0.00400,OK
4.1076,4.0189,88.8,0,-155.5,155.2,0.0653,-151.3,154.3,0.1196,191.5,-351.0,0.0000,276.2,-297.5,0.1995,254.8,-316.0,0,0.0,0.0,0.0000,-14.06,3.54,15.31,2.42,1,0.1656,-1.667,1.481,25.00,1,-135.2,124.4,0.06973,256.9,-371.8,0.2061,-0.00439,OK
4.1156,4.0189,96.7,0,-155.5,155.2,0.0653,-151.3,154.3,0.1196,191.5,-351.0,0.0000,277.6,-295.0,0.1924,255.8,-314.0,0,0.0,0.0,0.0000,-13.20,3.30,14.86,2.14,1,0.2067,-1.167,-2.138,25.00,1,-133.1,121.7,0.07150,240.0,-351.0,0.2309,-0.00464,OK
4.1234,4.0189,104.6,0,-155.5,155.2,0.0653,-151.3,154.3,0.1196,191.5,-351.0,0.0000,279.2,-292.2,0.1855,257.0,-311.8,0,0.0,0.0,0.0000,-14.74,2.82,16.28,1.85,1,0.2344,1.108,-1.275,25.00,1,-130.9,119.0,0.07325,253.6,-367.0,0.2208,-0.00441,OK
4.1313,4.0189,112.5,0,-155.5,155.2,0.0653,-151.3,154.3,0.1196,191.5,-351.0,0.0000,280.5,-289.1,0.1776,258.0,-309.4,0,0.0,0.0,0.0000,-13.84,3.45,16.74,2.61,1,0.2344,1.108,-1.275,25.00,1,-128.7,116.2,0.07521,265.1,-376.6,0.2647,-0.00473,OK
4.1392,4.0189,120.3,0,-155.5,155.2,0.0653,-151.3,154.3,0.1196,191.5,-351.0,0.0000,281.6,-285.9,0.1685,258.7,-306.8,0,0.0,0.0,0.0000,-14.63,2.73,17.43,3.11,1,0.3000,0.490,0.157,25.00,1,-126.3,113.4,0.07748,282.1,-373.1,0.3093,-0.00479,OK
4.1471,4.0189,128.2,0,-155.5,155.2,0.0653,-151.3,154.3,0.1196,191.5,-351.0,0.0000,282.8,-283.1,0.1593,259.3,-304.7,0,0.0,0.0,0.0000,-14.77,1.71,16.93,3.04,1,0.3200,-0.951,-1.157,25.00,1,-123.9,110.8,0.07979,278.0,-342.6,0.2946,-0.00441,OK
4.1549,4.1118,43.1,0,-132.6,119.8,0.0716,-131.5,122.9,0.1196,233.4,-324.8,0.0000,288.3,-276.8,0.1512,264.7,-299.4,0,0.0,0.0,0.0000,-14.57,2.23,16.91,2.73,1,0.3433,-2.775,1.451,25.00,1,-122.3,107.7,0.08181,264.5,-353.2,0.3215,-0.00406,OK
4.1634,4.1118,51.6,0,-132.6,119.8,0.0716,-131.5,122.9,0.1196,233.4,-324.8,0.0000,289.5,-274.1,0.1412,265.4,-297.5,0,0.0,0.0,0.0000,-14.23,1.52,17.21,2.88,1,0.3156,-1.863,-0.392,25.00,1,-119.8,105.0,0.08431,268.6,-336.1,0.2810,-0.00363,OK
4.1717,4.1118,60.0,0,-132.6,119.8,0.0716,-131.5,122.9,0.1196,233.4,-324.8,0.0000,291.1,-272.0,0.1327,266.5,-296.1,0,0.0,0.0,0.0000,-13.90,0.62,16.12,3.06,1,0.3156,-1.863,-0.392,26.00,1,-117.4,102.5,0.08644,266.1,-304.0,0.2408,-0.00306,OK
4.1791,4.1118,67.3,0,-132.6,119.8,0.0716,-131.5,122.9,0.1196,233.4,-324.8,0.0000,292.6,-270.4,0.1265,267.7,-295.1,0,0.0,0.0,0.0000,-14.01,0.31,16.06,3.03,1,0.2833,1.500,-1.687,24.00,1,-115.2,100.5,0.08800,268.3,-299.1,0.1966,-0.00247,OK
4.1874,4.1118,75.6,0,-132.6,119.8,0.0716,-131.5,122.9,0.1196,233.4,-324.8,0.0000,294.3,-268.1,0.1202,269.2,-293.3,0,0.0,0.0,0.0000,-14.61,0.26,16.98,3.15,1,0.2867,1.853,-0.000,24.00,1,-112.7,98.1,0.08957,280.8,-310.0,0.1939,-0.00189,OK
4.1949,4.1118,83.1,0,-132.6,119.8,0.0716,-131.5,122.9,0.1196,233.4,-324.8,0.0000,295.8,-265.7,0.1138,270.4,-291.5,0,0.0,0.0,0.0000,-14.14,0.89,16.25,3.36,1,0.2633,-0.637,0.088,25.00,1,-110.4,96.0,0.09116,276.7,-317.1,0.2397,-0.00161,OK
4.2035,4.1118,91.7,0,-132.6,119.8,0.0716,-131.5,122.9,0.1196,233.4,-324.8,0.0000,297.3,-262.4,0.1053,271.6,-289.0,0,0.0,0.0,0.0000,-14.35,1.45,16.49,3.40,1,0.2633,-0.637,0.088,25.00,1,-107.7,93.4,0.09329,280.3,-335.5,0.2552,-0.00150,OK
4.2114,4.1118,99.6,0,-132.6,119.8,0.0716,-131.5,122.9,0.1196,233.4,-324.8,0.0000,298.9,-259.3,0.0974,272.8,-286.6,0,0.0,0.0,0.0000,-14.27,1.69,15.83,3.05,1,0.2611,-0.628,1.196,25.00,1,-105.4,90.9,0.09526,269.0,-333.2,0.2506,-0.00136,OK
4.2192,4.1118,107.5,0,-132.6,119.8,0.0716,-131.5,122.9,0.1196,233.4,-324.8,0.0000,300.2,-256.3,0.0887,273.9,-284.3,0,0.0,0.0,0.0000,-13.58,2.07,16.46,3.85,1,0.2744,0.814,-0.824,25.00,1,-102.9,88.5,0.09744,279.8,-342.4,0.2969,-0.00160,OK
4.2271,4.1118,115.3,0,-132.6,119.8,0.0716,-131.5,122.9,0.1196,233.4,-324.8,0.0000,301.6,-253.4,0.0803,274.9,-282.1,0,0.0,0.0,0.0000,-14.70,1.47,16.00,3.25,1,0.2511,-0.922,-0.108,25.00,1,-100.5,86.1,0.09954,278.2,-334.4,0.2398,-0.00145,OK
4.2361,4.1118,124.4,0,-132.6,119.8,0.0716,-131.5,122.9,0.1196,233.4,-324.8,0.0000,303.6,-249.9,0.0720,276.7,-279.5,0,0.0,0.0,0.0000,-13.47,1.73,15.95,3.05,1,0.2211,-0.588,-0.971,25.00,1,-97.8,83.4,0.10163,265.7,-329.1,0.2235,-0.00146,OK
4.2428,4.1118,131.1,0,-132.6,119.8,0.0716,-131.5,122.9,0.1196,233.4,-324.8,0.0000,305.2,-247.3,0.0660,278.1,-277.4,0,0.0,0.0,0.0000,-14.00,1.53,15.78,3.16,1,0.2211,-0.588,-0.971,25.00,1,-95.7,81.3,0.10310,271.3,-328.6,0.2178,-0.00141,OK
4.2525,4.2216,30.8,0,-99.2,81.1,0.0938,-103.3,89.2,0.1196,278.1,-287.4,0.0000,309.9,-228.6,0.0710,285.0,-258.9,0,0.0,0.0,0.0000,-13.49,1.47,15.99,3.26,1,0.1856,0.765,1.304,25.00,1,-92.2,73.7,0.10186,273.4,-353.3,0.1915,-0.00121,OK
4.2588,4.2216,37.2,0,-99.2,81.1,0.0938,-103.3,89.2,0.1196,278.1,-287.4,0.0000,313.3,-217.9,0.0668,289.3,-248.9,0,0.0,0.0,0.0000,-13.69,1.09,15.13,3.30,1,0.1311,0.020,-0.598,25.00,1,-90.2,71.7,0.10290,272.8,-341.6,0.1368,-0.00125,OK
4.2671,4.2216,45.5,0,-99.2,81.1,0.0938,-103.3,89.2,0.1196,278.1,-287.4,0.0000,315.6,-213.6,0.0636,291.8,-245.1,0,0.0,0.0,0.0000,-13.79,0.97,14.47,2.73,1,0.0589,-0.186,-2.324,25.00,1,-87.7,69.1,0.10371,262.2,-334.1,0.0577,-0.00122,OK
4.2754,4.2216,53.8,0,-99.2,81.1,0.0938,-103.3,89.2,0.1196,278.1,-287.4,0.0000,318.0,-209.0,0.0618,294.5,-241.0,0,0.0,0.0,0.0000,-14.04,0.97,14.80,2.77,1,0.0589,-0.186,-2.324,25.00,1,-85.3,66.6,0.10418,267.2,-337.7,0.0566,-0.00118,OK
4.2838,4.2216,62.2,0,-99.2,81.1,0.0938,-103.3,89.2,0.1196,278.1,-287.4,0.0000,320.6,-204.6,0.0607,297.5,-236.9,0,0.0,0.0,0.0000,-13.17,0.67,15.16,2.57,1,0.0144,0.765,0.686,25.00,1,-82.8,64.1,0.10445,261.1,-325.0,0.0102,-0.00113,OK
4.2912,4.2216,69.6,0,-99.2,81.1,0.0938,-103.3,89.2,0.1196,278.1,-287.4,0.0000,323.1,-200.8,0.0612,300.4,-233.3,0,0.0,0.0,0.0000,-14.17,0.57,13.36,2.75,1,-0.0533,0.775,-0.020,25.00,1,-80.6,61.9,0.10431,261.9,-320.2,-0.0474,-0.00117,OK
4.3001,4.2216,78.4,0,-99.2,81.1,0.0938,-103.3,89.2,0.1196,278.1,-287.4,0.0000,326.3,-195.8,0.0644,304.3,-228.5,0,0.0,0.0,0.0000,-14.25,0.03,13.40,2.54,1,-0.1289,-0.922,0.255,25.00,1,-78.0,59.4,0.10351,263.4,-311.6,-0.1321,-0.00112,OK
4.3071,4.2216,85.5,0,-99.2,81.1,0.0938,-103.3,89.2,0.1196,278.1,-287.4,0.0000,329.1,-192.2,0.0686,307.7,-224.9,0,0.0,0.0,0.0000,-12.83,-0.73,13.29,2.42,1,-0.1289,-0.922,0.255,24.00,1,-76.0,57.5,0.10248,251.7,-278.4,-0.1500,-0.00090,OK
4.3161,4.2216,94.5,0,-99.2,81.1,0.0938,-103.3,89.2,0.1196,278.1,-287.4,0.0000,332.6,-187.4,0.0751,312.1,-220.0,0,0.0,0.0,0.0000,-13.77,-0.81,12.92,2.81,1,-0.2100,-1.167,-2.167,24.00,1,-73.4,55.2,0.10084,266.2,-287.6,-0.2121,-0.00087,OK
4.3230,4.2216,101.3,0,-99.2,81.1,0.0938,-103.3,89.2,0.1196,278.1,-287.4,0.0000,335.3,-183.6,0.0814,315.5,-215.9,0,0.0,0.0,0.0000,-13.22,-0.83,12.85,2.71,1,-0.2478,0.922,-0.402,25.00,1,-71.4,53.5,0.09928,261.7,-283.0,-0.2437,-0.00090,OK
4.3320,4.2216,110.3,0,-99.2,81.1,0.0938,-103.3,89.2,0.1196,278.1,-287.4,0.0000,338.9,-178.5,0.0913,320.1,-210.4,0,0.0,0.0,0.0000,-13.67,-1.28,12.53,2.59,1,-0.2967,-0.333,0.814,25.00,1,-68.8,51.2,0.09679,263.4,-275.5,-0.3031,-0.00083,OK
4.3389,4.2216,117.2,0,-99.2,81.1,0.0938,-103.3,89.2,0.1196,278.1,-287.4,0.0000,341.6,-174.5,0.1004,323.6,-205.9,0,0.0,0.0,0.0000,-14.17,-1.39,12.59,2.80,1,-0.3689,-0.226,-1.559,26.00,1,-66.8,49.5,0.09451,274.2,-283.0,-0.3628,-0.00087,OK
4.3474,4.2216,125.7,0,-99.2,81.1,0.0938,-103.3,89.2,0.1196,278.1,-287.4,0.0000,344.8,-169.1,0.1135,327.9,-199.8,0,0.0,0.0,0.0000,-14.22,-1.92,13.12,2.84,1,-0.3989,-0.069,-0.951,25.00,1,-64.2,47.3,0.09124,282.1,-278.5,-0.4024,-0.00083,OK
4.3550,4.3184,36.7,0,-72.0,53.6,0.1103,-74.7,63.2,0.1196,312.9,-249.1,0.0000,354.8,-163.9,0.1012,337.8,-196.6,0,0.0,0.0,0.0000,-14.32,-1.76,12.43,3.15,1,-0.3989,-0.069,-0.951,24.00,1,-63.6,46.6,0.09431,271.4,-268.6,-0.3892,-0.00137,OK
4.3633,4.3184,45.0,0,-72.0,53.6,0.1103,-74.7,63.2,0.1196,312.9,-249.1,0.0000,358.4,-158.6,0.1150,342.5,-190.5,0,0.0,0.0,0.0000,-14.32,-2.11,11.65,2.65,1,-0.4300,-0.186,-0.559,25.00,1,-61.2,44.6,0.09086,259.5,-252.9,-0.4375,-0.00129,OK
4.3717,4.3184,53.3,0,-72.0,53.6,0.1103,-74.7,63.2,0.1196,312.9,-249.1,0.0000,362.5,-153.5,0.1301,347.8,-184.4,0,0.0,0.0,0.0000,-13.67,-2.18,9.92,2.36,1,-0.4633,-0.971,0.598,24.00,1,-59.0,42.8,0.08708,236.8,-226.3,-0.4700,-0.00123,OK
4.3790,4.3184,60.6,0,-72.0,53.6,0.1103,-74.7,63.2,0.1196,312.9,-249.1,0.0000,366.8,-149.5,0.1437,353.1,-179.6,0,0.0,0.0,0.0000,-13.52,-1.92,7.70,2.58,1,-0.4633,-0.971,0.598,25.00,1,-57.3,41.5,0.08369,210.8,-192.6,-0.4555,-0.00128,OK
4.3875,4.3184,69.1,0,-72.0,53.6,0.1103,-74.7,63.2,0.1196,312.9,-249.1,0.0000,371.9,-144.2,0.1597,359.2,-173.3,0,0.0,0.0,0.0000,-13.41,-0.98,9.59,1.46,1,-0.5056,0.422,-1.157,25.00,1,-55.3,39.7,0.07968,216.7,-244.5,-0.4927,-0.00137,OK
4.3953,4.3184,76.9,0,-72.0,53.6,0.1103,-74.7,63.2,0.1196,312.9,-249.1,0.0000,376.5,-138.4,0.1753,364.9,-166.5,0,0.0,0.0,0.0000,-13.49,-0.48,10.71,0.70,1,-0.5011,0.402,-0.049,24.00,1,-53.5,37.8,0.07578,214.8,-269.1,-0.5036,-0.00134,OK
4.4030,4.3184,84.6,0,-72.0,53.6,0.1103,-74.7,63.2,0.1196,312.9,-249.1,0.0000,380.6,-132.4,0.1904,370.1,-159.4,0,0.0,0.0,0.0000,-13.79,-0.36,11.69,1.37,1,-0.4922,-0.039,0.039,24.00,1,-51.6,35.8,0.07202,237.2,-286.7,-0.4715,-0.00148,OK
4.4120,4.3184,93.6,0,-72.0,53.6,0.1103,-74.7,63.2,0.1196,312.9,-249.1,0.0000,385.0,-125.6,0.2085,375.7,-151.3,0,0.0,0.0,0.0000,-13.50,-3.41,11.43,2.26,1,-0.4889,-0.167,-2.226,25.00,1,-49.2,33.7,0.06749,255.2,-224.7,-0.5364,-0.00121,OK
4.4189,4.3184,100.5,0,-72.0,53.6,0.1103,-74.7,63.2,0.1196,312.9,-249.1,0.0000,388.0,-121.0,0.2228,379.5,-145.5,0,0.0,0.0,0.0000,-13.40,-4.61,11.36,3.63,1,-0.4889,-0.167,-2.226,25.00,1,-47.2,32.4,0.06391,282.1,-201.5,-0.5105,-0.00106,OK
4.4279,4.3184,109.5,0,-72.0,53.6,0.1103,-74.7,63.2,0.1196,312.9,-249.1,0.0000,391.4,-114.9,0.2405,383.9,-138.0,0,0.0,0.0,0.0000,-13.32,-4.35,11.52,4.57,1,-0.4733,-0.824,-0.402,25.00,1,-44.4,30.8,0.05948,296.3,-201.1,-0.4718,-0.00107,OK
4.4359,4.3184,117.5,0,-72.0,53.6,0.1103,-74.7,63.2,0.1196,312.9,-249.1,0.0000,394.2,-109.8,0.2544,387.4,-131.7,0,0.0,0.0,0.0000,-12.79,-4.69,11.69,5.23,1,-0.3944,-1.020,0.735,25.00,1,-41.9,29.4,0.05601,303.0,-186.7,-0.3922,-0.00108,OK
4.4440,4.3184,125.6,0,-72.0,53.6,0.1103,-74.7,63.2,0.1196,312.9,-249.1,0.0000,397.0,-105.2,0.2665,390.8,-126.1,0,0.0,0.0,0.0000,-12.77,-4.13,10.36,5.32,1,-0.3700,-0.549,-1.844,25.00,1,-39.5,28.0,0.05298,287.9,-177.7,-0.3612,-0.00113,OK
4.4512,4.3184,132.8,0,-72.0,53.6,0.1103,-74.7,63.2,0.1196,312.9,-249.1,0.0000,399.5,-101.5,0.2759,393.9,-121.6,0,0.0,0.0,0.0000,-12.29,-4.26,10.74,5.42,1,-0.2922,1.098,-1.187,24.00,1,-37.4,26.9,0.05063,289.3,-172.2,-0.2894,-0.00115,OK
4.4592,4.4329,26.3,0,-38.9,27.5,0.0526,-36.8,37.5,0.1196,347.1,-198.7,0.0000,391.8,-115.6,0.2885,385.8,-134.0,0,0.0,0.0,0.0000,-12.27,-4.59,10.76,5.82,1,-0.2922,1.098,-1.187,24.00,1,-33.3,24.5,0.04749,305.6,-172.5,-0.2875,-0.00111,OK
4.4669,4.4582,8.7,0,-30.8,23.1,0.0553,-27.9,32.7,0.1196,353.6,-186.7,0.0000,393.0,-112.7,0.2808,387.0,-132.0,0,0.0,0.0,0.0000,-12.17,-5.15,10.75,6.18,1,-0.1778,-0.314,1.118,24.00,1,-30.7,23.1,0.04941,314.2,-164.1,-0.1844,-0.00134,OK
4.4754,4.4667,8.7,0,-28.1,21.5,0.0459,-25.0,31.1,0.1196,355.7,-182.7,0.0000,394.5,-111.4,0.2887,388.8,-130.0,0,0.0,0.0,0.0000,-12.04,-4.98,11.38,7.13,1,-0.1167,-1.402,-1.010,25.00,1,-27.9,21.6,0.04744,326.6,-171.6,-0.1135,-0.00131,OK
4.4836,4.4751,8.5,0,-26.0,20.6,0.0491,-22.0,29.6,0.1196,357.7,-178.6,0.0000,398.1,-106.9,0.2884,392.6,-125.7,0,0.0,0.0,0.0000,-11.43,-5.01,11.34,7.38,1,-0.0144,-0.078,-0.177,25.00,1,-25.4,20.5,0.04751,313.9,-154.8,-0.0131,-0.00136,OK
4.4917,4.4835,8.2,0,-23.2,18.9,0.0483,-18.9,28.1,0.1196,359.7,-174.7,0.0000,400.8,-103.5,0.2868,395.4,-122.6,0,0.0,0.0,0.0000,-9.89,-4.87,11.55,7.50,1,0.0756,0.392,-0.883,25.00,1,-23.0,19.1,0.04792,297.5,-145.4,0.0819,-0.00142,OK
4.4990,4.4920,7.0,0,-20.5,17.6,0.0556,-15.9,26.6,0.1196,361.6,-171.0,0.0000,403.3,-98.1,0.2804,397.9,-117.9,0,0.0,0.0,0.0000,-6.61,-5.40,11.25,7.89,1,0.0756,0.392,-0.883,25.00,1,-20.6,18.1,0.04952,260.9,-89.8,0.0978,-0.00169,OK
4.5073,4.5005,6.9,0,-17.4,16.5,0.0497,-12.8,25.2,0.1196,363.5,-167.0,0.0000,404.8,-97.4,0.2766,399.4,-117.7,0,0.0,0.0,0.0000,-8.74,-5.25,10.88,8.35,1,0.1244,-0.794,-0.765,24.00,1,-17.9,17.0,0.05046,301.5,-130.9,0.1375,-0.00180,OK
4.5159,4.5089,7.0,0,-14.8,15.0,0.0437,-9.7,23.8,0.1196,365.5,-162.8,0.0000,406.5,-95.5,0.2756,401.2,-116.0,0,0.0,0.0,0.0000,-10.27,-5.18,11.54,8.24,1,0.1722,-0.706,1.442,25.00,1,-15.1,15.5,0.05070,324.3,-164.1,0.1721,-0.00172,OK
4.5230,4.5174,5.6,0,-12.9,14.3,0.0538,-6.6,22.4,0.1196,367.4,-158.3,0.0000,408.4,-88.1,0.2676,403.2,-109.5,0,0.0,0.0,0.0000,-10.61,-4.61,11.80,8.06,1,0.2356,0.745,-0.549,25.00,1,-12.5,14.2,0.05271,314.8,-172.1,0.2371,-0.00172,OK
4.5314,4.5258,5.6,0,-10.6,13.3,0.0582,-3.5,21.1,0.1196,369.1,-153.8,0.0000,411.9,-83.4,0.2579,406.7,-106.0,0,0.0,0.0,0.0000,-10.72,-4.89,11.53,7.98,1,0.2356,0.745,-0.549,25.00,1,-10.1,13.1,0.05514,308.2,-158.4,0.2369,-0.00170,OK
4.5399,4.5343,5.5,0,-7.2,11.9,0.0577,-0.4,19.8,0.1196,370.7,-149.6,0.0000,413.9,-80.5,0.2474,408.5,-104.3,0,0.0,0.0,0.0000,-10.51,-4.98,11.33,8.57,1,0.3333,0.235,-0.941,25.00,1,-7.3,12.0,0.05776,314.1,-146.3,0.3280,-0.00163,OK
4.5480,4.5343,13.6,0,-7.2,11.9,0.0577,-0.4,19.8,0.1196,370.7,-149.6,0.0000,418.0,-78.4,0.2389,412.6,-103.3,0,0.0,0.0,0.0000,-11.43,-5.13,12.00,8.85,1,0.4067,-0.392,0.510,24.00,1,-5.4,11.2,0.05989,332.3,-153.2,0.3964,-0.00149,OK
4.5559,4.5512,4.7,0,-2.0,10.6,0.0614,5.9,17.4,0.1196,373.9,-141.6,0.0000,416.9,-75.0,0.2216,411.2,-101.6,0,0.0,0.0,0.0000,-10.77,-4.67,12.53,9.70,1,0.4533,-1.040,0.186,24.00,1,-1.8,10.2,0.06420,328.6,-138.0,0.4460,-0.00144,OK
4.5638,4.5596,4.2,0,0.1,9.0,0.0634,9.1,16.2,0.1196,375.6,-137.6,0.0000,419.5,-71.5,0.2095,413.7,-99.5,0,0.0,0.0,0.0000,-10.29,-4.98,12.46,9.22,1,0.4533,-1.040,0.186,24.00,1,0.6,9.2,0.06724,313.0,-133.0,0.4354,-0.00132,OK
4.5713,4.5681,3.2,0,2.7,8.2,0.0546,12.3,15.1,0.1196,377.2,-133.2,0.0000,421.0,-72.5,0.2029,415.0,-101.3,0,0.0,0.0,0.0000,-9.45,-4.62,11.65,9.38,1,0.4833,-2.461,-0.686,25.00,1,3.0,8.3,0.06888,293.0,-119.3,0.4047,-0.00111,OK
4.5799,4.5765,3.4,0,6.3,6.3,0.0587,15.5,13.9,0.1196,378.8,-128.9,0.0000,423.3,-66.4,0.1949,417.5,-96.2,0,0.0,0.0,0.0000,-10.45,-4.67,12.50,9.68,1,0.4867,0.078,-0.951,25.00,1,6.0,6.9,0.07088,321.9,-153.8,0.4228,-0.00093,OK
4.5877,4.5849,2.7,0,8.0,5.8,0.0795,18.7,12.9,0.1196,380.1,-124.6,0.0000,426.5,-55.6,0.1753,421.1,-87.8,0,0.0,0.0,0.0000,-9.75,-5.97,12.40,9.32,1,0.5133,1.540,1.353,24.00,1,8.5,6.0,0.07578,312.0,-123.4,0.5273,-0.00085,OK
4.5948,4.5849,9.9,0,8.0,5.8,0.0795,18.7,12.9,0.1196,380.1,-124.6,0.0000,433.5,-54.1,0.1718,428.0,-87.2,0,0.0,0.0,0.0000,-10.69,-6.18,12.54,10.14,1,0.4978,-1.795,-0.726,24.00,1,9.1,5.8,0.07666,336.4,-124.7,0.4919,-0.00076,OK
4.6032,4.5934,9.8,0,11.3,4.7,0.0970,21.9,11.8,0.1196,381.4,-120.3,0.0000,435.3,-45.0,0.1397,429.9,-81.7,0,0.0,0.0,0.0000,-11.85,-5.88,12.77,10.28,1,0.4978,-1.795,-0.726,24.00,1,12.0,4.7,0.08469,345.9,-147.5,0.4926,-0.00099,OK
4.6120,4.6018,10.2,0,13.7,4.1,0.0859,25.1,10.9,0.1196,382.8,-116.2,0.0000,436.4,-46.9,0.1242,430.5,-85.3,0,0.0,0.0,0.0000,-11.52,-5.75,13.18,11.10,1,0.4833,-2.118,0.647,25.00,1,14.8,3.7,0.08856,343.4,-141.8,0.4842,-0.00095,OK
4.6194,4.6103,9.1,0,16.5,3.4,0.0935,28.3,9.9,0.1196,384.1,-111.9,0.0000,435.8,-42.0,0.1087,430.1,-82.1,0,0.0,0.0,0.0000,-11.06,-6.37,13.24,12.27,1,0.4478,-1.648,1.236,24.00,1,17.2,3.2,0.09244,346.3,-116.1,0.4551,-0.00106,OK
4.6271,4.6187,8.4,0,19.9,1.4,0.0942,31.6,9.0,0.1196,385.4,-107.5,0.0000,433.2,-37.3,0.0969,427.6,-78.4,0,0.0,0.0,0.0000,-11.25,-5.64,13.18,10.95,1,0.3733,-0.304,-0.598,25.00,1,19.9,1.9,0.09538,332.6,-156.0,0.3795,-0.00110,OK
4.6356,4.6272,8.4,0,23.2,0.2,0.1024,34.9,8.1,0.1196,386.6,-103.0,0.0000,427.7,-28.9,0.0814,422.7,-71.2,0,0.0,0.0,0.0000,-11.31,-6.12,13.51,9.80,1,0.3411,0.804,-0.608,25.00,1,23.1,0.5,0.09926,340.0,-166.3,0.3412,-0.00114,OK
4.6439,4.6357,8.3,0,26.1,-0.3,0.1110,38.1,7.2,0.1196,387.5,-98.5,0.0000,420.9,-21.9,0.0629,416.4,-65.4,0,0.0,0.0,0.0000,-12.52,-7.17,13.78,10.45,1,0.3411,0.804,-0.608,24.00,1,26.2,-0.4,0.10388,372.3,-156.4,0.3377,-0.00122,OK
4.6509,4.6473,3.6,0,29.2,-1.2,0.1039,42.7,6.1,0.1196,388.9,-92.6,0.0000,410.9,-20.7,0.0504,406.4,-64.5,0,0.0,0.0,0.0000,-12.26,-6.95,14.03,10.17,1,0.3033,0.177,-0.196,25.00,1,30.0,-1.5,0.10702,346.7,-143.7,0.2864,-0.00114,OK
4.6593,4.6527,6.6,0,32.1,-1.6,0.1187,44.7,5.6,0.1196,389.5,-89.9,0.0000,407.0,-12.0,0.0403,403.3,-56.4,0,0.0,0.0,0.0000,-12.87,-6.98,13.80,10.38,1,0.2622,-1.608,1.236,25.00,1,32.1,-1.9,0.10955,362.2,-142.0,0.2651,-0.00120,OK
4.6680,4.6527,15.3,0,32.1,-1.6,0.1187,44.7,5.6,0.1196,389.5,-89.9,0.0000,400.6,-8.3,0.0326,397.2,-52.8,0,0.0,0.0,0.0000,-12.92,-7.47,13.68,10.71,1,0.2622,-1.608,1.236,25.00,1,34.8,-2.6,0.11145,372.2,-132.0,0.2588,-0.00115,OK
4.6756,4.6610,14.7,0,35.0,-2.6,0.1041,48.0,4.9,0.1196,390.5,-85.6,0.0000,393.6,-10.4,0.0318,390.0,-54.2,0,0.0,0.0,0.0000,-13.53,-7.68,13.23,12.64,1,0.2133,-3.079,1.432,25.00,1,37.7,-3.2,0.11166,389.7,-120.2,0.2174,-0.00104,OK
4.6831,4.6610,22.1,0,35.0,-2.6,0.1041,48.0,4.9,0.1196,390.5,-85.6,0.0000,386.4,-7.6,0.0263,383.1,-51.1,0,0.0,0.0,0.0000,-12.79,-8.09,12.88,11.76,1,0.1489,-1.294,-0.716,24.00,1,40.7,-3.7,0.11304,380.8,-107.5,0.1519,-0.00106,OK
4.6915,4.6610,30.5,0,35.0,-2.6,0.1041,48.0,4.9,0.1196,390.5,-85.6,0.0000,378.3,-4.9,0.0214,375.3,-48.0,0,0.0,0.0,0.0000,-12.54,-9.64,12.27,10.76,1,0.1500,1.500,-1.285,24.00,1,43.9,-4.1,0.11426,380.8,-83.9,0.1412,-0.00095,OK
4.6997,4.6610,38.7,0,35.0,-2.6,0.1041,48.0,4.9,0.1196,390.5,-85.6,0.0000,370.3,-2.7,0.0174,367.5,-45.2,0,0.0,0.0,0.0000,-12.77,-10.53,12.40,10.60,1,0.1144,0.284,-1.285,25.00,1,47.2,-4.4,0.11525,390.0,-80.2,0.1027,-0.00082,OK
4.7073,4.6610,46.3,0,35.0,-2.6,0.1041,48.0,4.9,0.1196,390.5,-85.6,0.0000,362.7,-0.2,0.0143,360.2,-42.2,0,0.0,0.0,0.0000,-13.73,-8.64,13.39,10.45,1,0.1144,0.284,-1.285,25.00,1,50.2,-4.8,0.11604,392.5,-119.8,0.1064,-0.00073,OK
4.7155,4.6610,54.6,0,35.0,-2.6,0.1041,48.0,4.9,0.1196,390.5,-85.6,0.0000,354.3,3.1,0.0111,352.2,-38.3,0,0.0,0.0,0.0000,-13.25,-8.26,13.82,10.59,1,0.0889,-1.824,1.824,27.00,1,53.5,-5.5,0.11683,392.0,-123.5,0.0868,-0.00070,OK
4.7230,4.6610,62.0,0,35.0,-2.6,0.1041,48.0,4.9,0.1196,390.5,-85.6,0.0000,346.8,6.0,0.0094,345.1,-34.7,0,0.0,0.0,0.0000,-13.49,-8.33,12.27,10.58,1,0.0311,0.549,-1.598,24.00,1,56.5,-6.0,0.11725,383.7,-108.8,0.0273,-0.00065,OK
4.7319,4.6610,71.0,0,35.0,-2.6,0.1041,48.0,4.9,0.1196,390.5,-85.6,0.0000,337.4,9.2,0.0099,336.1,-30.3,0,0.0,0.0,0.0000,-13.79,-9.47,12.43,10.34,1,-0.0411,0.775,-0.039,24.00,1,60.1,-6.5,0.11714,396.4,-102.5,-0.0491,-0.00056,OK
4.7398,4.6610,78.8,0,35.0,-2.6,0.1041,48.0,4.9,0.1196,390.5,-85.6,0.0000,328.6,12.2,0.0119,327.8,-26.1,0,0.0,0.0,0.0000,-14.24,-9.02,13.10,10.89,1,-0.0767,-1.804,1.344,25.00,1,63.4,-7.0,0.11664,409.5,-116.5,-0.0786,-0.00054,OK
4.7478,4.6610,86.9,0,35.0,-2.6,0.1041,48.0,4.9,0.1196,390.5,-85.6,0.0000,319.5,15.3,0.0145,319.1,-21.8,0,0.0,0.0,0.0000,-14.53,-8.76,11.66,10.73,1,-0.0767,-1.804,1.344,25.00,1,66.6,-7.5,0.11598,395.4,-103.6,-0.0826,-0.00047,OK
4.7555,4.6610,94.5,0,35.0,-2.6,0.1041,48.0,4.9,0.1196,390.5,-85.6,0.0000,310.7,18.3,0.0176,310.7,-17.6,0,0.0,0.0,0.0000,-13.95,-8.88,12.53,11.11,1,-0.1156,-0.598,-0.579,25.00,1,69.8,-8.0,0.11523,405.9,-107.8,-0.1142,-0.00048,OK
4.7637,4.7285,35.1,0,62.0,-9.5,0.1151,74.4,0.3,0.1196,380.0,-48.7,0.0000,302.7,32.5,0.0238,304.4,-2.0,0,0.0,0.0,0.0000,-13.65,-8.85,11.69,9.78,1,-0.1111,1.687,-1.226,24.00,1,73.1,-11.9,0.11365,380.5,-130.5,-0.1176,-0.00038,OK
4.7713,4.7285,42.8,0,62.0,-9.5,0.1151,74.4,0.3,0.1196,380.0,-48.7,0.0000,292.1,38.5,0.0283,294.6,5.5,0,0.0,0.0,0.0000,-14.54,-9.47,11.81,10.12,1,-0.1622,-0.490,-1.226,25.00,1,76.2,-12.6,0.11254,397.8,-128.4,-0.1696,-0.00031,OK
4.7797,4.7285,51.2,0,62.0,-9.5,0.1151,74.4,0.3,0.1196,380.0,-48.7,0.0000,281.7,42.0,0.0344,284.6,10.5,0,0.0,0.0,0.0000,-14.49,-8.96,12.12,10.44,1,-0.1922,-1.991,0.471,25.00,1,79.6,-13.3,0.11101,401.3,-134.7,-0.1944,-0.00028,OK
4.7871,4.7285,58.5,0,62.0,-9.5,0.1151,74.4,0.3,0.1196,380.0,-48.7,0.0000,272.3,44.9,0.0401,275.6,14.9,0,0.0,0.0,0.0000,-13.99,-8.87,11.73,10.41,1,-0.1922,-1.991,0.471,24.00,1,82.6,-13.9,0.10958,394.2,-125.1,-0.1936,-0.00027,OK
4.7957,4.7285,67.2,0,62.0,-9.5,0.1151,74.4,0.3,0.1196,380.0,-48.7,0.0000,261.8,47.9,0.0477,265.4,19.5,0,0.0,0.0,0.0000,-13.15,-8.89,10.51,9.35,1,-0.2356,2.854,-1.912,25.00,1,86.0,-14.6,0.10770,367.6,-108.3,-0.2409,-0.00021,OK
4.8119,4.7285,83.3,0,62.0,-9.5,0.1151,74.4,0.3,0.1196,380.0,-48.7,0.0000,242.4,53.2,0.0638,246.6,27.9,0,0.0,0.0,0.0000,-12.89,-8.28,10.01,9.42,1,-0.2578,1.883,0.824,25.00,1,92.0,-15.6,0.10366,358.4,-103.2,-0.2592,-0.00020,OK
4.8124,4.7285,83.8,0,62.0,-9.5,0.1151,74.4,0.3,0.1196,380.0,-48.7,0.0000,241.7,53.3,0.0644,245.9,28.0,0,0.0,0.0,0.0000,-12.52,-9.05,9.77,10.13,1,-0.2778,-0.559,-0.088,25.00,1,92.2,-15.6,0.10351,367.7,-83.9,-0.2757,-0.00020,OK
4.8192,4.7285,90.7,0,62.0,-9.5,0.1151,74.4,0.3,0.1196,380.0,-48.7,0.0000,233.6,55.3,0.0720,238.0,31.3,0,0.0,0.0,0.0000,-11.07,-8.45,9.52,8.87,1,-0.2800,0.137,-2.932,25.00,1,94.6,-16.0,0.10161,337.7,-83.0,-0.2774,-0.00022,OK
4.8275,4.7285,99.0,0,62.0,-9.5,0.1151,74.4,0.3,0.1196,380.0,-48.7,0.0000,223.7,57.4,0.0812,228.3,35.0,0,0.0,0.0,0.0000,-11.16,-8.39,9.53,8.85,1,-0.2800,0.137,-2.932,25.00,1,97.4,-16.4,0.09932,338.4,-83.2,-0.2776,-0.00024,OK
4.8358,4.7285,107.3,0,62.0,-9.5,0.1151,74.4,0.3,0.1196,380.0,-48.7,0.0000,213.8,59.3,0.0902,218.5,38.3,0,0.0,0.0,0.0000,-11.03,-8.24,8.47,8.60,1,-0.2622,1.765,-0.098,25.00,1,100.2,-16.7,0.09706,324.4,-69.6,-0.2650,-0.00022,OK
4.8429,4.7285,114.3,0,62.0,-9.5,0.1151,74.4,0.3,0.1196,380.0,-48.7,0.0000,205.2,60.3,0.0976,210.0,40.5,0,0.0,0.0,0.0000,-11.41,-9.00,7.95,8.95,1,-0.2422,1.353,0.608,24.00,1,102.6,-16.9,0.09523,331.7,-51.2,-0.2522,-0.00013,OK
4.8514,4.7285,122.8,0,62.0,-9.5,0.1151,74.4,0.3,0.1196,380.0,-48.7,0.0000,194.8,61.2,0.1062,199.6,42.8,0,0.0,0.0,0.0000,-11.64,-8.83,7.94,9.10,1,-0.2422,1.353,0.608,25.00,1,105.4,-17.0,0.09307,333.6,-51.4,-0.2515,-0.00005,OK
4.8598,4.7285,131.2,0,62.0,-9.5,0.1151,74.4,0.3,0.1196,380.0,-48.7,0.0000,184.4,61.8,0.1141,189.2,44.8,0,0.0,0.0,0.0000,-10.77,-8.71,7.59,9.14,1,-0.2100,1.530,-1.089,25.00,1,108.2,-17.1,0.09110,324.3,-39.5,-0.2176,0.00001,OK
4.8679,4.8387,29.2,0,105.6,-17.1,0.0936,110.5,-2.1,0.1196,273.6,-1.6,0.0000,169.9,59.2,0.1215,174.5,43.8,0,0.0,0.0,0.0000,-9.51,-8.09,7.33,9.08,1,-0.1500,2.001,-1.079,26.00,1,112.7,-17.4,0.08923,318.4,-34.2,-0.1518,0.00004,OK
4.8750,4.8387,36.3,0,105.6,-17.1,0.0936,110.5,-2.1,0.1196,273.6,-1.6,0.0000,161.1,59.5,0.1251,165.7,45.1,0,0.0,0.0,0.0000,-9.02,-7.47,7.28,9.53,1,-0.1089,1.059,-1.265,25.00,1,115.0,-17.4,0.08833,310.9,-32.4,-0.1031,-0.00001,OK
4.8832,4.8387,44.5,0,105.6,-17.1,0.0936,110.5,-2.1,0.1196,273.6,-1.6,0.0000,151.1,59.7,0.1286,155.7,46.3,0,0.0,0.0,0.0000,-8.64,-8.05,6.79,8.45,1,-0.1056,1.402,-0.049,25.00,1,117.5,-17.4,0.08745,299.4,-22.1,-0.1113,0.00004,OK
4.8916,4.8387,52.9,0,105.6,-17.1,0.0936,110.5,-2.1,0.1196,273.6,-1.6,0.0000,140.7,59.5,0.1325,145.3,47.1,0,0.0,0.0,0.0000,-8.88,-8.22,6.48,8.55,1,-0.1056,1.402,-0.049,25.00,1,120.0,-17.4,0.08648,300.1,-15.3,-0.1156,0.00013,OK
4.8997,4.8387,61.1,0,105.6,-17.1,0.0936,110.5,-2.1,0.1196,273.6,-1.6,0.0000,130.8,59.0,0.1357,135.3,47.5,0,0.0,0.0,0.0000,-8.27,-7.19,5.98,8.52,1,-0.0733,1.451,-0.598,24.00,1,122.3,-17.3,0.08569,280.2,-13.5,-0.0787,0.00018,OK
4.9072,4.8387,68.5,0,105.6,-17.1,0.0936,110.5,-2.1,0.1196,273.6,-1.6,0.0000,122.0,58.5,0.1375,126.5,47.9,0,0.0,0.0,0.0000,-7.39,-6.56,5.81,7.78,1,-0.0367,1.667,-0.510,25.00,1,124.3,-17.2,0.08524,259.2,-15.9,-0.0405,0.00021,OK
4.9159,4.8387,77.2,0,105.6,-17.1,0.0936,110.5,-2.1,0.1196,273.6,-1.6,0.0000,112.2,57.8,0.1382,116.7,48.0,0,0.0,0.0,0.0000,-6.72,-6.47,4.94,7.61,1,0.0122,2.040,0.118,24.00,1,126.5,-17.1,0.08506,243.0,1.8,0.0010,0.00031,OK
4.9232,4.8387,84.5,0,105.6,-17.1,0.0936,110.5,-2.1,0.1196,273.6,-1.6,0.0000,103.8,57.0,0.1379,108.2,48.0,0,0.0,0.0,0.0000,-5.83,-6.32,5.01,7.70,1,0.0122,2.040,0.118,25.00,1,128.2,-16.9,0.08513,235.6,7.0,0.0161,0.00027,OK
4.9316,4.8387,92.9,0,105.6,-17.1,0.0936,110.5,-2.1,0.1196,273.6,-1.6,0.0000,94.3,56.0,0.1367,98.7,47.7,0,0.0,0.0,0.0000,-5.15,-6.18,4.21,7.39,1,0.0611,2.511,-0.657,25.00,1,130.1,-16.6,0.08543,218.8,21.6,0.0569,0.00031,OK
4.9397,4.8387,101.0,0,105.6,-17.1,0.0936,110.5,-2.1,0.1196,273.6,-1.6,0.0000,85.4,54.4,0.1346,89.8,46.8,0,0.0,0.0,0.0000,-4.88,-6.28,3.79,6.95,1,0.0989,2.148,-0.696,25.00,1,131.8,-16.2,0.08596,209.6,28.9,0.0814,0.00047,OK
4.9480,4.8387,109.3,0,105.6,-17.1,0.0936,110.5,-2.1,0.1196,273.6,-1.6,0.0000,76.6,52.7,0.1310,80.9,45.8,0,0.0,0.0,0.0000,-4.02,-5.38,4.04,6.60,1,0.1367,1.746,-0.010,24.00,1,133.4,-15.9,0.08688,192.0,21.5,0.1373,0.00046,OK
4.9558,4.8387,117.1,0,105.6,-17.1,0.0936,110.5,-2.1,0.1196,273.6,-1.6,0.0000,68.6,51.2,0.1268,72.9,45.0,0,0.0,0.0,0.0000,-3.81,-4.96,3.55,6.31,1,0.1367,1.746,-0.010,25.00,1,134.8,-15.6,0.08792,179.1,23.0,0.1333,0.00049,OK
4.9631,4.8387,124.4,0,105.6,-17.1,0.0936,110.5,-2.1,0.1196,273.6,-1.6,0.0000,61.5,49.6,0.1222,65.7,44.0,0,0.0,0.0,0.0000,-2.86,-4.36,2.56,5.81,1,0.2022,1.726,-0.814,25.00,1,135.9,-15.3,0.08906,152.5,35.4,0.1857,0.00065,OK
4.9712,4.9400,31.2,0,133.3,-15.6,0.0972,133.1,-1.3,0.1196,171.9,11.9,0.0000,53.7,46.4,0.0939,57.9,41.1,0,0.0,0.0,0.0000,-2.38,-4.03,2.24,5.70,1,0.2544,2.187,-0.530,24.00,1,137.1,-14.5,0.09614,141.7,42.1,0.2331,0.00047,OK
4.9795,4.9737,5.8,0,138.1,-14.2,0.1005,138.4,-0.9,0.1196,138.0,12.2,0.0000,45.3,44.8,0.0820,49.5,40.0,0,0.0,0.0,0.0000,-1.89,-3.43,1.67,5.50,1,0.2700,2.511,-0.147,25.00,1,138.2,-14.2,0.09912,118.9,39.1,0.2477,0.00068,OK
4.9875,4.9821,5.4,0,139.6,-13.0,0.0990,139.5,-0.8,0.1196,129.7,11.9,0.0000,37.3,41.6,0.0753,41.2,37.6,0,0.0,0.0,0.0000,-0.85,-2.99,1.42,4.54,1,0.2711,2.059,0.029,25.00,1,139.3,-13.4,0.10079,104.9,51.2,0.2611,0.00078,OK
4.9956,4.9905,5.1,0,140.0,-12.3,0.0972,140.5,-0.7,0.1196,121.3,11.3,0.0000,30.1,38.5,0.0714,33.9,35.2,0,0.0,0.0,0.0000,-0.75,-2.62,0.91,3.96,1,0.2711,2.059,0.029,25.00,1,140.0,-12.6,0.10175,90.7,59.2,0.2333,0.00115,OK
5.0037,4.9990,4.8,0,140.6,-11.4,0.0971,141.5,-0.6,0.1196,112.9,10.8,0.0000,24.3,35.4,0.0682,27.8,32.7,0,0.0,0.0,0.0000,-0.39,-2.51,0.62,4.07,1,0.2511,1.667,-0.069,24.00,1,140.7,-11.7,0.10256,83.8,74.4,0.2238,0.00136,OK
5.0109,5.0076,3.3,0,141.0,-11.1,0.0920,142.5,-0.5,0.1196,104.3,10.3,0.0000,19.9,33.0,0.0695,23.1,30.8,0,0.0,0.0,0.0000,-0.17,-2.65,0.20,3.60,1,0.2322,1.442,0.049,25.00,1,141.2,-11.0,0.10224,70.8,73.6,0.1527,0.00174,OK
5.0194,5.0158,3.5,0,141.2,-10.2,0.0934,143.3,-0.5,0.1196,95.9,9.9,0.0000,13.5,30.2,0.0691,16.6,28.7,0,0.0,0.0,0.0000,0.63,-2.30,0.02,3.07,1,0.2078,1.608,0.598,25.00,1,141.4,-10.3,0.10233,50.1,79.7,0.1675,0.00183,OK
5.0271,5.0243,2.8,0,141.3,-9.4,0.0968,144.1,-0.4,0.1196,87.3,9.6,0.0000,8.7,27.4,0.0672,11.4,26.3,0,0.0,0.0,0.0000,1.04,-1.73,-0.98,2.36,1,0.2078,1.608,0.598,25.00,1,141.5,-9.5,0.10281,24.2,85.4,0.1488,0.00210,OK
5.0352,5.0327,2.5,0,141.5,-9.2,0.1016,144.8,-0.3,0.1196,78.9,8.7,0.0000,10.4,26.3,0.0628,13.0,25.0,0,0.0,0.0,0.0000,1.28,-1.11,-0.71,1.50,1,0.1900,1.883,0.304,26.00,1,141.5,-9.0,0.10391,11.6,61.7,0.1605,0.00224,OK
5.0440,5.0414,2.6,0,141.2,-8.6,0.1084,145.4,-0.2,0.1196,70.4,7.9,0.0000,12.7,25.0,0.0553,15.2,23.5,0,0.0,0.0,0.0000,1.37,-0.76,-1.25,1.58,1,0.1700,1.608,0.471,24.00,1,141.3,-8.5,0.10580,-2.2,64.1,0.1815,0.00224,OK
5.0513,5.0414,10.0,0,141.2,-8.6,0.1084,145.4,-0.2,0.1196,70.4,7.9,0.0000,14.2,24.7,0.0539,16.8,23.1,0,0.0,0.0,0.0000,2.30,-0.66,-1.39,1.12,1,0.1600,1.275,0.471,25.00,1,141.3,-8.4,0.10614,-13.7,69.8,0.1740,0.00209,OK
5.0590,5.0496,9.4,0,141.3,-8.3,0.1090,145.9,-0.2,0.1196,62.4,7.1,0.0000,15.9,24.1,0.0469,18.4,22.2,0,0.0,0.0,0.0000,2.29,0.05,-1.39,0.35,1,0.1600,1.285,0.451,25.00,1,141.2,-8.1,0.10790,-25.3,48.7,0.1665,0.00198,OK
5.0678,5.0581,9.7,0,140.9,-7.8,0.1168,146.5,-0.1,0.1196,54.1,6.2,0.0000,18.1,23.1,0.0338,20.5,20.9,0,0.0,0.0,0.0000,2.35,0.47,-1.88,0.11,1,0.1600,1.285,0.451,24.00,1,140.9,-7.7,0.11115,-36.3,49.2,0.1627,0.00183,OK
5.0758,5.0665,9.3,0,140.6,-7.5,0.1168,146.9,-0.1,0.1196,45.6,5.2,0.0000,20.1,22.2,0.0248,22.5,19.8,0,0.0,0.0,0.0000,2.84,0.20,-1.55,-0.50,1,0.1522,0.951,0.451,24.00,1,140.5,-7.4,0.11341,-40.8,44.8,0.1445,0.00183,OK
5.0831,5.0749,8.2,0,140.1,-7.0,0.1193,147.2,-0.0,0.1196,37.2,4.2,0.0000,22.0,21.3,0.0167,24.3,18.6,0,0.0,0.0,0.0000,2.78,0.57,-1.74,-0.61,1,0.1344,0.324,0.294,24.00,1,140.1,-7.1,0.11544,-48.3,44.6,0.1355,0.00175,OK
5.0913,5.0834,7.9,0,139.7,-6.9,0.1237,147.5,0.0,0.1196,28.8,3.1,0.0000,24.0,20.6,0.0088,26.3,17.6,0,0.0,0.0,0.0000,3.47,0.81,-2.32,-0.56,1,0.1267,0.226,0.216,24.00,1,139.6,-6.8,0.11742,-59.1,52.1,0.1494,0.00148,OK
5.0989,5.0919,7.1,0,138.8,-6.7,0.1201,147.7,0.0,0.1196,21.3,2.3,0.0000,26.5,19.9,0.0035,28.6,16.6,0,0.0,0.0,0.0000,3.19,0.72,-2.41,-0.86,1,0.1256,0.392,-0.000,25.00,1,139.0,-6.6,0.11875,-64.8,44.2,0.1234,0.00148,OK
5.1075,5.1003,7.1,0,138.3,-6.5,0.1217,147.8,0.1,0.1196,15.0,1.7,0.0000,28.7,19.4,-0.0017,30.8,15.8,0,0.0,0.0,0.0000,3.03,1.28,-2.68,-1.04,1,0.1256,0.392,-0.000,24.00,1,138.3,-6.4,0.12004,-72.8,35.3,0.1261,0.00145,OK
5.1157,5.1088,6.9,0,137.5,-6.2,0.1228,147.9,0.1,0.1196,7.3,0.9,0.0000,31.3,18.8,-0.0128,33.4,14.9,0,0.0,0.0,0.0000,3.24,0.85,-2.39,-1.22,1,0.1067,0.059,0.039,24.00,1,137.6,-6.2,0.12122,-73.3,36.9,0.1026,0.00147,OK
5.1231,5.1173,5.8,0,137.2,-5.5,0.1178,147.9,0.1,0.1196,0.0,0.0,0.0000,32.2,16.7,0.0071,34.0,12.7,0,0.0,0.0,0.0000,2.98,1.19,-2.17,-1.08,1,0.0678,-0.520,0.157,25.00,1,137.1,-5.8,0.12146,-66.0,37.5,0.0852,0.00129,OK
5.1316,5.1257,6.0,0,135.9,-5.5,0.1135,147.9,0.1,0.1196,0.0,0.0,0.0000,36.2,16.7,0.0243,37.9,12.2,0,0.0,0.0,0.0000,2.94,0.70,-2.57,-0.71,1,0.0411,-0.735,0.196,24.00,1,136.2,-5.5,0.12086,-70.9,48.7,0.0545,0.00116,OK
5.1394,5.1341,5.2,0,135.4,-5.1,0.1229,147.9,0.1,0.1196,0.0,0.0,0.0000,37.5,15.5,-0.0133,39.1,10.8,0,0.0,0.0,0.0000,3.04,0.64,-5.09,-0.91,1,0.0411,-0.735,0.196,25.00,1,135.4,-5.0,0.12140,-87.2,68.7,0.0327,0.00123,OK
5.1468,5.1425,4.3,0,135.0,-5.1,0.1275,147.9,0.1,0.1196,0.0,0.0,0.0000,38.8,15.5,-0.0317,40.4,10.6,0,0.0,0.0,0.0000,2.97,0.34,-2.09,-0.80,1,0.0556,-0.657,0.167,25.00,1,134.9,-4.9,0.12270,-62.1,36.4,0.0822,0.00109,OK
5.1549,5.1511,3.9,0,134.7,-5.0,0.1304,147.9,0.1,0.1196,0.0,0.0,0.0000,39.7,15.1,-0.0430,41.2,10.1,0,0.0,0.0,0.0000,2.39,0.54,-2.26,-0.74,1,0.0756,-0.618,0.157,26.00,1,134.5,-4.8,0.12430,-54.4,26.5,0.0942,0.00110,OK
5.1629,5.1594,3.4,0,134.2,-4.4,0.1327,147.9,0.1,0.1196,0.0,0.0,0.0000,41.3,13.4,-0.0523,42.7,8.1,0,0.0,0.0,0.0000,2.32,0.19,-2.15,-0.66,1,0.0544,-1.128,0.490,24.00,1,134.1,-4.5,0.12584,-47.7,37.3,0.0819,0.00111,OK
5.1712,5.1679,3.3,0,133.6,-3.7,0.1345,147.9,0.1,0.1196,0.0,0.0,0.0000,43.1,11.3,-0.0597,44.2,5.8,0,0.0,0.0,0.0000,2.16,0.19,-2.14,-0.41,1,0.0544,-1.128,0.490,25.00,1,133.6,-4.0,0.12747,-45.5,50.4,0.0902,0.00107,OK
5.1798,5.1679,11.8,0,133.6,-3.7,0.1345,147.9,0.1,0.1196,0.0,0.0,0.0000,43.1,11.3,-0.0597,44.2,5.8,0,0.0,0.0,0.0000,1.67,-0.05,-1.74,-0.19,1,0.0300,-1.344,0.579,25.00,1,133.5,-3.8,0.12755,-33.7,40.3,0.0269,0.00109,OK
5.1871,5.1679,19.2,0,133.6,-3.7,0.1345,147.9,0.1,0.1196,0.0,0.0,0.0000,43.1,11.3,-0.0597,44.2,5.8,0,0.0,0.0,0.0000,1.51,-0.11,-1.48,-0.08,1,0.0156,-1.079,0.677,25.00,1,133.2,-3.6,0.12773,-28.5,37.0,0.0210,0.00104,OK
5.1956,5.1679,27.6,0,133.6,-3.7,0.1345,147.9,0.1,0.1196,0.0,0.0,0.0000,43.1,11.3,-0.0597,44.2,5.8,0,0.0,0.0,0.0000,1.25,-0.25,-1.44,0.05,1,-0.0011,-0.932,0.667,25.00,1,133.0,-3.3,0.12783,-23.1,36.1,0.0024,0.00100,OK
5.2035,5.1679,35.5,0,133.6,-3.7,0.1345,147.9,0.1,0.1196,0.0,0.0,0.0000,43.1,11.3,-0.0597,44.2,5.8,0,0.0,0.0,0.0000,0.66,-0.42,-0.69,-0.19,1,-0.0178,-1.059,0.794,24.00,1,132.8,-3.1,0.12773,-13.0,20.8,-0.0266,0.00107,OK
5.2119,5.1679,43.9,0,133.6,-3.7,0.1345,147.9,0.1,0.1196,0.0,0.0,0.0000,43.1,11.3,-0.0597,44.2,5.8,0,0.0,0.0,0.0000,0.33,-0.45,-0.74,0.51,1,-0.0178,-1.059,0.794,25.00,1,132.7,-2.9,0.12757,-2.9,24.3,-0.0134,0.00102,OK
5.2192,5.1679,51.3,0,133.6,-3.7,0.1345,147.9,0.1,0.1196,0.0,0.0,0.0000,43.1,11.3,-0.0597,44.2,5.8,0,0.0,0.0,0.0000,0.38,-1.39,-0.50,0.71,1,-0.0333,-0.951,0.843,24.00,1,132.7,-2.7,0.12739,8.5,33.3,-0.0349,0.00102,OK
5.2276,5.1679,59.7,0,133.6,-3.7,0.1345,147.9,0.1,0.1196,0.0,0.0,0.0000,43.1,11.3,-0.0597,44.2,5.8,0,0.0,0.0,0.0000,-0.44,-1.16,-0.02,0.36,1,-0.0489,-0.706,0.755,25.00,1,132.8,-2.5,0.12692,14.3,13.4,-0.0728,0.00122,OK
5.2350,5.1679,67.0,0,133.6,-3.7,0.1345,147.9,0.1,0.1196,0.0,0.0,0.0000,43.1,11.3,-0.0597,44.2,5.8,0,0.0,0.0,0.0000,-1.01,-0.96,0.03,0.31,1,-0.0589,-0.500,0.510,25.00,1,132.9,-2.4,0.12627,17.8,4.5,-0.0977,0.00155,OK
5.2432,5.1679,75.2,0,133.6,-3.7,0.1345,147.9,0.1,0.1196,0.0,0.0,0.0000,43.1,11.3,-0.0597,44.2,5.9,0,0.0,0.0,0.0000,-0.60,-1.01,0.55,0.94,1,-0.0611,-0.343,0.471,25.00,1,133.1,-2.4,0.12572,25.2,8.3,-0.0407,0.00136,OK
5.2518,5.1679,83.9,0,133.6,-3.7,0.1345,147.9,0.1,0.1196,0.0,0.0,0.0000,43.1,11.3,-0.0597,44.2,5.9,0,0.0,0.0,0.0000,-1.35,-1.07,0.29,0.78,1,-0.0611,-0.343,0.471,24.00,1,133.3,-2.3,0.12514,28.9,3.2,-0.0886,0.00159,OK
5.2590,5.1679,91.1,0,133.6,-3.7,0.1345,147.9,0.1,0.1196,0.0,0.0,0.0000,43.1,11.3,-0.0597,44.2,5.9,0,0.0,0.0,0.0000,-1.30,-0.93,0.71,0.84,1,-0.0756,-0.226,0.490,25.00,1,133.5,-2.3,0.12455,31.5,-2.9,-0.0762,0.00158,OK
5.2675,5.1679,99.6,0,133.6,-3.7,0.1345,147.9,0.1,0.1196,0.0,0.0,0.0000,43.1,11.3,-0.0597,44.2,5.9,0,0.0,0.0,0.0000,-1.04,-0.63,0.56,0.74,1,-0.0856,-0.137,0.265,25.00,1,133.8,-2.3,0.12394,24.8,-2.9,-0.0700,0.00143,OK
5.2760,5.2693,6.7,0,134.2,-1.2,0.1279,147.9,0.1,0.1196,0.0,0.0,0.0000,41.2,3.9,-0.0332,41.4,-1.2,0,0.0,0.0,0.0000,-1.11,-0.71,0.56,0.52,1,-0.0889,0.000,0.108,25.00,1,134.2,-1.3,0.12460,27.0,4.2,-0.0851,0.00133,OK
5.2832,5.2777,5.4,0,134.7,-1.8,0.1261,147.9,0.1,0.1196,0.0,0.0,0.0000,39.6,5.5,-0.0259,40.0,0.6,0,0.0,0.0,0.0000,-1.04,-1.23,0.72,0.94,1,-0.0889,0.000,0.108,25.00,1,134.6,-1.5,0.12445,38.2,1.0,-0.0761,0.00120,OK
5.2912,5.2862,5.0,0,135.2,-1.7,0.1295,147.9,0.1,0.1196,0.0,0.0,0.0000,38.1,5.4,-0.0396,38.5,0.6,0,0.0,0.0,0.0000,-1.03,-1.26,1.04,1.13,1,-0.0822,0.010,0.059,24.00,1,135.1,-1.6,0.12513,45.6,-5.2,-0.0468,0.00092,OK
5.2995,5.2947,4.8,0,135.2,-1.8,0.1257,147.9,0.1,0.1196,0.0,0.0,0.0000,38.1,5.5,-0.0244,38.5,0.7,0,0.0,0.0,0.0000,-1.36,-1.08,0.72,0.83,1,-0.0667,0.029,0.029,25.00,1,135.3,-1.7,0.12474,36.3,-10.5,-0.0749,0.00099,OK
5.3071,5.3031,3.9,0,135.8,-2.3,0.1195,147.9,0.1,0.1196,0.0,0.0,0.0000,36.3,7.0,0.0005,36.9,2.5,0,0.0,0.0,0.0000,-1.50,-1.16,1.00,0.80,1,-0.0489,0.029,-0.000,25.00,1,135.8,-2.0,0.12331,41.6,-27.0,-0.0848,0.00119,OK
5.3157,5.3116,4.2,0,136.3,-2.9,0.1163,147.9,0.1,0.1196,0.0,0.0,0.0000,34.8,9.0,0.0134,35.6,4.7,0,0.0,0.0,0.0000,-1.72,-0.79,0.82,1.10,1,-0.0489,0.029,-0.000,25.00,1,136.2,-2.6,0.12168,43.2,-42.4,-0.0784,0.00130,OK
5.3229,5.3200,2.9,0,136.8,-2.8,0.1146,147.9,0.1,0.1196,0.0,0.0,0.0000,33.5,8.7,0.0199,34.3,4.6,0,0.0,0.0,0.0000,-1.55,-0.94,0.68,1.03,1,-0.0233,-0.039,0.029,25.00,1,136.7,-2.8,0.12017,44.8,-32.9,-0.0825,0.00152,OK
5.3320,5.3284,3.6,0,137.3,-2.9,0.1186,147.9,0.1,0.1196,0.0,0.0,0.0000,32.0,9.0,0.0040,32.9,5.1,0,0.0,0.0,0.0000,-1.22,-0.90,0.70,1.17,1,0.0022,-0.088,0.059,25.00,1,137.2,-3.0,0.11987,46.0,-25.3,-0.0158,0.00161,OK
5.3395,5.3284,11.1,0,137.3,-2.9,0.1186,147.9,0.1,0.1196,0.0,0.0,0.0000,32.0,9.0,0.0040,32.9,5.1,0,0.0,0.0,0.0000,-0.87,-0.93,1.01,1.21,1,0.0311,-0.118,0.078,25.00,1,137.3,-3.0,0.11999,44.2,-23.3,0.0315,0.00159,OK
5.3478,5.3284,19.4,0,137.3,-2.9,0.1186,147.9,0.1,0.1196,0.0,0.0,0.0000,32.0,9.0,0.0040,32.9,5.1,0,0.0,0.0,0.0000,-0.78,-0.96,0.69,1.45,1,0.0533,-0.196,0.088,25.00,1,137.7,-3.1,0.12032,43.0,-14.2,0.0487,0.00162,OK
5.3555,5.3284,27.1,0,137.3,-2.9,0.1186,147.9,0.1,0.1196,0.0,0.0,0.0000,32.0,9.0,0.0040,32.9,5.1,0,0.0,0.0,0.0000,-0.90,-0.98,1.25,1.23,1,0.0533,-0.196,0.088,25.00,1,138.0,-3.2,0.12071,45.8,-22.0,0.0510,0.00162,OK
5.3638,5.3284,35.4,0,137.3,-2.9,0.1186,147.9,0.1,0.1196,0.0,0.0,0.0000,32.0,9.0,0.0040,32.9,5.0,0,0.0,0.0,0.0000,-1.09,-0.58,0.97,1.74,1,0.0744,-0.226,0.137,25.00,1,138.4,-3.3,0.12126,46.0,-19.3,0.0795,0.00157,OK
5.3724,5.3538,18.5,0,138.5,-2.0,0.1218,147.9,0.1,0.1196,0.0,0.0,0.0000,28.4,6.3,-0.0088,29.0,2.8,0,0.0,0.0,0.0000,-0.49,-1.02,1.02,1.68,1,0.0967,-0.108,0.098,25.00,1,139.0,-2.0,0.12228,49.7,18.1,0.1048,0.00147,OK
5.3801,5.3538,26.2,0,138.5,-2.0,0.1218,147.9,0.1,0.1196,0.0,0.0,0.0000,28.4,6.3,-0.0088,29.0,2.7,0,0.0,0.0,0.0000,-0.98,-0.76,1.10,1.68,1,0.1078,0.029,0.108,24.00,1,139.3,-1.9,0.12308,51.6,8.7,0.1023,0.00150,OK
5.3877,5.3538,33.9,0,138.5,-2.0,0.1218,147.9,0.1,0.1196,0.0,0.0,0.0000,28.4,6.3,-0.0088,29.0,2.7,0,0.0,0.0,0.0000,-0.85,-0.78,1.27,1.54,1,0.1111,0.078,0.039,24.00,1,139.7,-1.8,0.12389,49.9,6.7,0.1086,0.00151,OK
5.3951,5.3538,41.3,0,138.5,-2.0,0.1218,147.9,0.1,0.1196,0.0,0.0,0.0000,28.4,6.3,-0.0088,29.0,2.7,0,0.0,0.0,0.0000,-0.73,-1.00,1.27,1.49,1,0.1111,0.078,0.039,25.00,1,140.1,-1.6,0.12467,49.6,9.5,0.1051,0.00155,OK
5.4037,5.3538,49.8,0,138.5,-2.0,0.1218,147.9,0.1,0.1196,0.0,0.0,0.0000,28.4,6.3,-0.0088,29.0,2.7,0,0.0,0.0,0.0000,-0.75,-0.81,1.27,1.70,1,0.1089,0.196,-0.049,26.00,1,140.5,-1.5,0.12562,49.5,8.4,0.1164,0.00148,OK
5.4109,5.3538,57.1,0,138.5,-2.0,0.1218,147.9,0.1,0.1196,0.0,0.0,0.0000,28.4,6.3,-0.0088,29.0,2.6,0,0.0,0.0,0.0000,-0.58,-0.69,1.11,1.42,1,0.1044,0.177,-0.039,25.00,1,140.8,-1.4,0.12645,42.5,7.9,0.1089,0.00143,OK
5.4193,5.3538,65.5,0,138.5,-2.0,0.1218,147.9,0.1,0.1196,0.0,0.0,0.0000,28.4,6.3,-0.0088,29.0,2.6,0,0.0,0.0,0.0000,-0.54,-0.83,0.67,1.33,1,0.0944,0.186,-0.108,24.00,1,141.1,-1.3,0.12724,38.6,13.6,0.0832,0.00151,OK
5.4285,5.4215,7.0,0,140.2,-1.8,0.1243,147.9,0.1,0.1196,0.0,0.0,0.0000,23.2,5.5,-0.0188,23.7,2.5,0,0.0,0.0,0.0000,-0.40,-0.40,0.64,1.41,1,0.0944,0.186,-0.108,24.00,1,140.3,-1.7,0.12714,16.8,4.3,0.1030,0.00147,OK
5.4356,5.4298,5.8,0,140.3,-1.3,0.1307,147.9,0.1,0.1196,0.0,0.0,0.0000,22.9,4.0,-0.0444,23.2,1.0,0,0.0,0.0,0.0000,-0.63,-0.97,0.86,1.16,1,0.0844,0.167,0.010,25.00,1,140.4,-1.4,0.12846,22.3,10.3,0.0713,0.00156,OK
5.4434,5.4383,5.0,0,140.1,-1.0,0.1335,147.9,0.1,0.1196,0.0,0.0,0.0000,23.4,3.1,-0.0555,23.6,0.0,0,0.0,0.0,0.0000,-0.25,-0.40,0.72,1.33,1,0.0711,0.137,-0.049,25.00,1,140.3,-1.1,0.13010,10.4,18.7,0.1038,0.00131,OK
5.4509,5.4468,4.1,0,140.3,-1.2,0.1331,147.9,0.1,0.1196,0.0,0.0,0.0000,22.8,3.7,-0.0538,23.1,0.7,0,0.0,0.0,0.0000,0.04,-0.93,0.34,1.03,1,0.0589,0.098,0.157,25.00,1,140.4,-1.1,0.13110,6.5,19.9,0.0693,0.00126,OK
5.4596,5.4552,4.4,0,140.4,-0.7,0.1335,147.9,0.1,0.1196,0.0,0.0,0.0000,22.7,2.3,-0.0554,22.8,-0.7,0,0.0,0.0,0.0000,-0.33,-0.32,0.39,0.93,1,0.0589,0.098,0.157,25.00,1,140.4,-0.8,0.13196,6.1,16.0,0.0669,0.00122,OK
5.4668,5.4636,3.2,0,140.5,-0.6,0.1345,147.9,0.1,0.1196,0.0,0.0,0.0000,22.4,1.9,-0.0595,22.5,-1.1,0,0.0,0.0,0.0000,-0.05,-1.11,0.43,0.58,1,0.0344,0.000,0.186,25.00,1,140.4,-0.6,0.13256,8.5,23.2,0.0349,0.00129,OK
5.4753,5.4636,11.7,0,140.5,-0.6,0.1345,147.9,0.1,0.1196,0.0,0.0,0.0000,22.4,1.9,-0.0595,22.5,-1.1,0,0.0,0.0,0.0000,-0.63,-0.74,0.24,1.11,1,0.0067,-0.049,0.235,25.00,1,140.5,-0.5,0.13257,15.0,18.8,0.0055,0.00129,OK
5.4834,5.4806,2.9,0,140.7,-0.1,0.1358,147.9,0.1,0.1196,0.0,0.0,0.0000,21.7,0.5,-0.0649,21.5,-2.4,0,0.0,0.0,0.0000,-0.23,-0.93,0.15,1.07,1,-0.0433,0.147,0.088,25.00,1,140.7,-0.1,0.13310,15.3,27.2,0.0024,0.00106,OK
5.4912,5.4890,2.2,0,141.0,-0.1,0.1333,147.9,0.1,0.1196,0.0,0.0,0.0000,20.9,0.4,-0.0546,20.8,-2.4,0,0.0,0.0,0.0000,-0.42,-0.99,-0.26,0.36,1,-0.1100,0.049,0.363,26.00,1,140.8,-0.0,0.13229,13.4,17.7,-0.1006,0.00105,OK
5.4995,5.4974,2.0,0,141.1,0.0,0.1333,147.9,0.1,0.1196,0.0,0.0,0.0000,20.5,0.1,-0.0547,20.4,-2.6,0,0.0,0.0,0.0000,-0.35,-0.97,-0.24,0.28,1,-0.1100,0.049,0.363,25.00,1,141.0,0.1,0.13171,14.0,13.1,-0.0930,0.00102,OK
5.5072,5.4974,9.8,0,141.1,0.0,0.1333,147.9,0.1,0.1196,0.0,0.0,0.0000,20.5,0.1,-0.0547,20.4,-2.5,0,0.0,0.0,0.0000,-0.26,-1.20,-0.43,-0.10,1,-0.1956,0.049,0.294,25.00,1,141.0,0.1,0.13122,8.5,16.5,-0.1868,0.00095,OK
5.5157,5.5059,9.8,0,141.2,0.0,0.1270,147.9,0.1,0.1196,0.0,0.0,0.0000,20.2,0.1,-0.0297,20.0,-2.5,0,0.0,0.0,0.0000,-0.94,-1.39,-0.51,0.02,1,-0.2811,-0.020,0.304,25.00,1,141.2,0.1,0.12847,19.2,7.9,-0.2729,0.00091,OK
5.5240,5.5156,8.4,0,141.6,0.3,0.1230,147.9,0.1,0.1196,0.0,0.0,0.0000,19.1,-0.6,-0.0137,18.9,-3.0,0,0.0,0.0,0.0000,-0.97,-1.33,-0.79,0.17,1,-0.3533,-0.118,0.275,24.00,1,141.5,0.3,0.12518,23.5,12.3,-0.3202,0.00067,OK
5.5310,5.5241,6.9,0,141.7,0.3,0.1205,147.9,0.1,0.1196,0.0,0.0,0.0000,18.8,-0.8,-0.0037,18.6,-3.1,0,0.0,0.0,0.0000,-1.19,-1.47,-1.21,-0.66,1,-0.4044,-0.108,0.294,24.00,1,141.6,0.3,0.12193,15.2,8.0,-0.4122,0.00074,OK
5.5396,5.5341,5.5,0,141.7,0.3,0.1181,147.9,0.1,0.1196,0.0,0.0,0.0000,18.7,-0.8,0.0062,18.5,-3.0,0,0.0,0.0,0.0000,-1.20,-1.68,-1.21,-0.85,1,-0.4044,-0.108,0.294,25.00,1,141.7,0.4,0.11776,12.7,5.9,-0.4251,0.00089,OK
5.5469,5.5399,7.0,0,142.0,0.3,0.1136,147.9,0.1,0.1196,0.0,0.0,0.0000,17.7,-0.6,0.0240,17.6,-2.6,0,0.0,0.0,0.0000,-1.39,-1.45,-0.97,-0.47,1,-0.4389,-0.235,0.284,25.00,1,141.9,0.3,0.11506,20.9,-0.7,-0.4268,0.00080,OK
5.5555,5.5482,7.3,0,141.9,0.4,0.1114,147.9,0.1,0.1196,0.0,0.0,0.0000,18.0,-0.9,0.0330,17.8,-2.9,0,0.0,0.0,0.0000,-1.32,-1.62,-0.81,-0.42,1,-0.4478,-0.294,0.255,25.00,1,142.0,0.4,0.11147,20.6,0.7,-0.4285,0.00066,OK
5.5631,5.5566,6.5,0,142.1,0.4,0.1097,147.9,0.1,0.1196,0.0,0.0,0.0000,17.5,-0.9,0.0395,17.3,-2.8,0,0.0,0.0,0.0000,-1.82,-1.80,-0.62,-0.85,1,-0.4233,-0.177,0.363,25.00,1,142.2,0.4,0.10809,21.2,-7.4,-0.4475,0.00082,OK
5.5712,5.5650,6.1,0,142.2,0.1,0.1015,147.9,0.1,0.1196,0.0,0.0,0.0000,17.3,-0.1,0.0725,17.2,-1.9,0,0.0,0.0,0.0000,-1.43,-1.73,-0.62,-0.60,1,-0.4233,-0.177,0.363,24.00,1,142.3,0.2,0.10399,16.6,-6.6,-0.4253,0.00083,OK
5.5789,5.5738,5.2,0,142.4,0.1,0.0984,147.9,0.1,0.1196,0.0,0.0,0.0000,16.6,0.0,0.0848,16.5,-1.6,0,0.0,0.0,0.0000,-1.14,-1.52,-0.32,0.02,1,-0.3622,-0.049,0.186,24.00,1,142.4,0.1,0.10047,20.2,-5.6,-0.3381,0.00063,OK
5.5873,5.5820,5.3,0,142.4,0.1,0.0990,147.9,0.1,0.1196,0.0,0.0,0.0000,16.6,-0.2,0.0824,16.5,-1.8,0,0.0,0.0,0.0000,-1.28,-1.14,-0.41,-0.07,1,-0.2656,-0.206,0.324,25.00,1,142.5,0.1,0.09829,13.6,-6.9,-0.2690,0.00066,OK
5.5951,5.5904,4.7,0,142.4,0.1,0.0959,147.9,0.1,0.1196,0.0,0.0,0.0000,16.7,-0.2,0.0949,16.6,-1.8,0,0.0,0.0,0.0000,-0.64,-1.04,0.04,-0.19,1,-0.1433,-0.010,0.010,25.00,1,142.5,0.1,0.09668,5.9,-4.6,-0.1597,0.00075,OK
5.6033,5.5988,4.5,0,142.5,0.2,0.0978,147.9,0.1,0.1196,0.0,0.0,0.0000,16.2,-0.4,0.0874,16.1,-2.0,0,0.0,0.0,0.0000,-0.45,-0.79,-0.02,0.24,1,-0.1433,-0.010,0.010,25.00,1,142.5,0.1,0.09597,7.4,2.6,-0.1159,0.00059,OK
5.6115,5.5988,12.7,0,142.5,0.2,0.0978,147.9,0.1,0.1196,0.0,0.0,0.0000,16.2,-0.4,0.0874,16.1,-2.0,0,0.0,0.0,0.0000,-0.02,-0.75,0.32,0.45,1,0.0056,0.157,0.069,24.00,1,142.6,0.2,0.09591,8.1,5.2,0.0061,0.00058,OK
5.6194,5.6157,3.7,0,142.8,0.2,0.1007,147.9,0.1,0.1196,0.0,0.0,0.0000,15.5,-0.4,0.0757,15.4,-1.9,0,0.0,0.0,0.0000,0.20,-0.16,0.87,0.66,1,0.1589,-0.059,0.029,24.00,1,142.7,0.2,0.09791,10.1,-1.2,0.1741,0.00057,OK
5.6273,5.6242,3.2,0,142.9,0.3,0.1023,147.9,0.1,0.1196,0.0,0.0,0.0000,15.1,-0.9,0.0694,14.9,-2.4,0,0.0,0.0,0.0000,0.25,0.08,0.89,1.14,1,0.2833,0.049,0.020,25.00,1,142.9,0.3,0.10055,14.4,5.4,0.2772,0.00072,OK
5.6354,5.6326,2.8,0,143.4,0.3,0.1034,147.9,0.1,0.1196,0.0,0.0,0.0000,13.7,-0.8,0.0650,13.5,-2.2,0,0.0,0.0,0.0000,0.19,0.10,0.85,1.04,1,0.3656,0.088,0.078,25.00,1,143.2,0.3,0.10309,23.1,2.6,0.2977,0.00118,OK
5.6428,5.6326,10.2,0,143.4,0.3,0.1034,147.9,0.1,0.1196,0.0,0.0,0.0000,13.7,-0.8,0.0650,13.5,-2.2,0,0.0,0.0,0.0000,0.48,0.24,1.30,1.56,1,0.3656,0.088,0.078,25.00,1,143.2,0.4,0.10394,23.5,4.0,0.3583,0.00123,OK
5.6510,5.6413,9.7,0,143.1,0.3,0.1035,147.9,0.1,0.1196,0.0,0.0,0.0000,14.4,-0.8,0.0646,14.2,-2.3,0,0.0,0.0,0.0000,0.80,0.74,1.29,2.23,1,0.4178,-0.088,-0.000,25.00,1,143.2,0.4,0.10627,16.4,5.7,0.4439,0.00104,OK
5.6594,5.6495,9.9,0,143.9,-0.1,0.1104,147.9,0.1,0.1196,0.0,0.0,0.0000,12.2,0.4,0.0367,12.1,-0.9,0,0.0,0.0,0.0000,0.74,1.00,1.45,1.91,1,0.4456,-0.216,0.069,25.00,1,143.7,0.1,0.11045,23.5,-13.8,0.4594,0.00090,OK
5.6678,5.6580,9.9,0,143.5,0.4,0.1104,147.9,0.1,0.1196,0.0,0.0,0.0000,13.3,-1.0,0.0370,13.1,-2.5,0,0.0,0.0,0.0000,1.36,0.71,1.32,1.71,1,0.4478,-0.196,0.098,24.00,1,143.7,0.3,0.11347,10.7,6.9,0.4661,0.00077,OK
5.6754,5.6664,9.0,0,143.8,0.5,0.1186,147.9,0.1,0.1196,0.0,0.0,0.0000,12.3,-1.3,0.0042,12.0,-2.7,0,0.0,0.0,0.0000,0.89,0.76,1.16,1.92,1,0.4478,-0.196,0.098,25.00,1,143.8,0.4,0.11749,17.6,10.0,0.4525,0.00071,OK
5.6838,5.6833,0.4,0,144.4,0.8,0.1306,147.9,0.1,0.1196,0.0,0.0,0.0000,10.7,-2.1,-0.0439,10.3,-3.4,0,0.0,0.0,0.0000,0.75,0.52,1.43,1.54,1,0.4400,-0.373,0.108,25.00,1,144.3,0.7,0.12587,30.5,12.4,0.5467,0.00075,OK
5.6913,5.6833,8.0,0,144.4,0.8,0.1306,147.9,0.1,0.1196,0.0,0.0,0.0000,10.7,-2.1,-0.0439,10.3,-3.4,0,0.0,0.0,0.0000,0.77,0.29,1.29,1.52,1,0.4089,-0.137,0.206,25.00,1,144.3,0.7,0.12541,25.4,12.2,0.3983,0.00083,OK
5.6998,5.6918,8.1,0,144.4,0.9,0.1363,147.9,0.1,0.1196,0.0,0.0,0.0000,10.5,-2.5,-0.0667,10.1,-3.8,0,0.0,0.0,0.0000,0.34,0.14,1.11,1.66,1,0.3378,0.167,0.157,24.00,1,144.4,0.9,0.13087,28.5,12.8,0.3323,0.00077,OK
5.7082,5.7002,7.9,0,144.7,0.8,0.1393,147.9,0.1,0.1196,0.0,0.0,0.0000,9.7,-2.1,-0.0787,9.3,-3.4,0,0.0,0.0,0.0000,0.50,0.56,1.24,1.03,1,0.2378,0.147,0.226,25.00,1,144.7,0.9,0.13431,18.3,-2.2,0.2665,0.00052,OK
5.7154,5.7086,6.8,0,144.9,0.6,0.1379,147.9,0.1,0.1196,0.0,0.0,0.0000,9.1,-1.7,-0.0731,8.8,-2.9,0,0.0,0.0,0.0000,0.35,0.25,0.93,1.04,1,0.2378,0.147,0.226,25.00,1,144.9,0.8,0.13667,20.6,-2.9,0.2422,0.00048,OK
5.7232,5.7172,6.0,0,144.9,0.7,0.1398,147.9,0.1,0.1196,0.0,0.0,0.0000,9.1,-2.1,-0.0808,8.7,-3.3,0,0.0,0.0,0.0000,0.18,0.18,0.31,0.60,1,0.1267,0.078,0.186,25.00,1,145.0,0.8,0.13835,11.7,-1.3,0.1290,0.00047,OK
5.7317,5.7256,6.2,0,145.1,1.0,0.1421,147.9,0.1,0.1196,0.0,0.0,0.0000,8.4,-2.8,-0.0898,8.0,-3.9,0,0.0,0.0,0.0000,-0.08,-0.14,0.07,0.36,1,0.0100,0.147,0.343,24.00,1,145.1,0.9,0.13931,14.2,4.4,0.0201,0.00040,OK
5.7392,5.7340,5.2,0,145.2,0.9,0.1407,147.9,0.1,0.1196,0.0,0.0,0.0000,8.2,-2.6,-0.0842,7.8,-3.7,0,0.0,0.0,0.0000,0.00,-0.68,0.08,0.09,1,-0.1000,0.127,0.304,24.00,1,145.2,0.9,0.13916,14.6,6.4,-0.0714,0.00021,OK
5.7481,5.7425,5.6,0,145.4,0.7,0.1381,147.9,0.1,0.1196,0.0,0.0,0.0000,7.5,-2.0,-0.0738,7.1,-3.1,0,0.0,0.0,0.0000,-0.25,-0.78,-0.13,0.07,1,-0.1000,0.127,0.304,25.00,1,145.4,0.9,0.13832,16.8,0.0,-0.0994,0.00020,OK
5.7551,5.7509,4.2,0,145.3,0.8,0.1392,147.9,0.1,0.1196,0.0,0.0,0.0000,7.8,-2.3,-0.0784,7.4,-3.4,0,0.0,0.0,0.0000,-0.50,-0.45,-0.29,-0.10,1,-0.1944,0.039,0.343,25.00,1,145.4,0.8,0.13739,8.7,-4.8,-0.1567,-0.00001,OK
5.7636,5.7594,4.3,0,145.6,1.0,0.1358,147.9,0.1,0.1196,0.0,0.0,0.0000,7.0,-2.7,-0.0646,6.6,-3.6,0,0.0,0.0,0.0000,-0.63,-0.63,-0.72,-0.54,1,-0.2622,0.000,0.265,25.00,1,145.5,0.9,0.13540,8.7,0.4,-0.2509,-0.00007,OK
5.7719,5.7678,4.1,0,145.3,1.0,0.1337,147.9,0.1,0.1196,0.0,0.0,0.0000,8.0,-2.7,-0.0563,7.6,-3.7,0,0.0,0.0,0.0000,-0.83,-0.27,-0.44,-0.75,1,-0.3067,-0.098,0.206,24.00,1,145.4,0.9,0.13319,-1.8,-6.2,-0.2746,-0.00029,OK
5.7796,5.7678,11.8,0,145.3,1.0,0.1337,147.9,0.1,0.1196,0.0,0.0,0.0000,8.0,-2.7,-0.0563,7.6,-3.7,0,0.0,0.0,0.0000,-1.30,-0.52,-0.84,-0.67,1,-0.3211,-0.186,0.078,25.00,1,145.4,0.9,0.13197,4.0,-4.7,-0.3225,-0.00028,OK
5.7876,5.7848,2.8,0,145.5,1.0,0.1301,147.9,0.1,0.1196,0.0,0.0,0.0000,7.4,-2.7,-0.0420,7.0,-3.6,0,0.0,0.0,0.0000,-0.66,-1.26,-1.04,-0.61,1,-0.3211,-0.186,0.078,25.00,1,145.5,1.0,0.12826,3.8,11.2,-0.3011,-0.00027,OK
5.7958,5.7932,2.7,0,144.9,1.1,0.1243,147.9,0.1,0.1196,0.0,0.0,0.0000,9.1,-3.1,-0.0186,8.7,-4.3,0,0.0,0.0,0.0000,-0.62,-0.95,-0.52,-0.76,1,-0.3122,-0.088,0.078,25.00,1,145.2,1.1,0.12543,-13.9,8.7,-0.3128,-0.00037,OK
5.8030,5.8017,1.3,0,145.1,1.0,0.1254,147.9,0.1,0.1196,0.0,0.0,0.0000,8.5,-2.9,-0.0231,8.1,-4.0,0,0.0,0.0,0.0000,-0.79,-0.83,-0.97,-0.50,1,-0.2744,-0.108,0.059,25.00,1,145.1,1.1,0.12363,-7.4,5.6,-0.2421,-0.00035,OK
5.8114,5.8017,9.7,0,145.1,1.0,0.1254,147.9,0.1,0.1196,0.0,0.0,0.0000,8.5,-2.9,-0.0231,8.1,-4.0,0,0.0,0.0,0.0000,-0.66,-0.63,-0.46,-0.45,1,-0.2200,-0.078,0.069,25.00,1,145.1,1.1,0.12332,-5.2,2.4,-0.2173,-0.00036,OK
5.8193,5.8102,9.1,0,144.9,1.2,0.1219,147.9,0.1,0.1196,0.0,0.0,0.0000,9.1,-3.4,-0.0093,8.6,-4.5,0,0.0,0.0,0.0000,-0.26,-0.25,-0.45,-0.86,1,-0.2200,-0.078,0.069,25.00,1,144.9,1.2,0.12166,-17.6,2.4,-0.2050,-0.00047,OK
5.8280,5.8102,17.7,0,144.9,1.2,0.1219,147.9,0.1,0.1196,0.0,0.0,0.0000,9.1,-3.4,-0.0093,8.6,-4.5,0,0.0,0.0,0.0000,-0.10,-0.73,-0.23,-0.51,1,-0.1567,-0.088,0.157,25.00,1,144.8,1.2,0.12012,-9.2,9.6,-0.1528,-0.00049,OK
5.8356,5.8102,25.3,0,144.9,1.2,0.1219,147.9,0.1,0.1196,0.0,0.0,0.0000,9.1,-3.4,-0.0093,8.6,-4.5,0,0.0,0.0,0.0000,0.16,-0.29,-0.24,-0.03,1,-0.0889,-0.127,0.177,24.00,1,144.7,1.3,0.11930,-9.9,12.2,-0.0664,-0.00065,OK
5.8430,5.8102,32.8,0,144.9,1.2,0.1219,147.9,0.1,0.1196,0.0,0.0,0.0000,9.1,-3.4,-0.0093,8.6,-4.5,0,0.0,0.0,0.0000,-0.89,-0.22,-0.36,-0.10,1,-0.0244,-0.059,0.235,25.00,1,144.7,1.3,0.11876,-2.4,2.1,-0.0761,-0.00031,OK
5.8516,5.8102,41.4,0,144.9,1.2,0.1219,147.9,0.1,0.1196,0.0,0.0,0.0000,9.1,-3.4,-0.0093,8.6,-4.5,0,0.0,0.0,0.0000,-0.08,0.04,-0.04,-0.01,1,0.0311,-0.088,0.196,25.00,1,144.6,1.4,0.11850,-7.7,4.4,0.0153,-0.00020,OK
5.8592,5.8102,48.9,0,144.9,1.2,0.1219,147.9,0.1,0.1196,0.0,0.0,0.0000,9.1,-3.4,-0.0093,8.6,-4.5,0,0.0,0.0,0.0000,-0.07,-0.03,0.12,0.14,1,0.0311,-0.088,0.196,24.00,1,144.6,1.4,0.11865,-4.0,4.4,0.0248,-0.00015,OK
5.8679,5.8102,57.7,0,144.9,1.2,0.1219,147.9,0.1,0.1196,0.0,0.0,0.0000,9.1,-3.4,-0.0093,8.6,-4.5,0,0.0,0.0,0.0000,-0.20,0.24,-0.06,0.43,1,0.0789,-0.108,0.177,24.00,1,144.5,1.4,0.11903,-3.1,5.0,0.0639,-0.00004,OK
5.8755,5.8102,65.2,0,144.9,1.2,0.1219,147.9,0.1,0.1196,0.0,0.0,0.0000,9.1,-3.4,-0.0093,8.6,-4.5,0,0.0,0.0,0.0000,0.26,-0.16,0.02,0.42,1,0.1033,-0.069,0.157,25.00,1,144.5,1.5,0.11960,-2.8,12.9,0.0876,0.00007,OK
5.8831,5.8102,72.8,0,144.9,1.2,0.1219,147.9,0.1,0.1196,0.0,0.0,0.0000,9.1,-3.4,-0.0093,8.6,-4.5,0,0.0,0.0,0.0000,0.22,0.47,0.45,0.42,1,0.1122,-0.167,0.177,25.00,1,144.5,1.5,0.12041,-4.1,0.5,0.1253,-0.00003,OK
5.8918,5.8524,39.4,0,144.9,1.1,0.1154,147.9,0.1,0.1196,0.0,0.0,0.0000,9.2,-3.2,0.0170,8.7,-4.3,0,0.0,0.0,0.0000,-0.09,0.37,0.60,0.32,1,0.1122,-0.167,0.177,25.00,1,144.9,1.1,0.11994,4.0,-8.9,0.1093,0.00007,OK
5.8990,5.8524,46.6,0,144.9,1.1,0.1154,147.9,0.1,0.1196,0.0,0.0,0.0000,9.2,-3.2,0.0170,8.7,-4.3,0,0.0,0.0,0.0000,0.07,0.23,0.40,0.28,1,0.1022,-0.098,0.059,24.00,1,144.9,1.1,0.12068,1.9,-3.8,0.0974,0.00010,OK
5.9074,5.8524,55.1,0,144.9,1.1,0.1154,147.9,0.1,0.1196,0.0,0.0,0.0000,9.2,-3.2,0.0170,8.7,-4.3,0,0.0,0.0,0.0000,0.37,0.56,0.25,-0.08,1,0.0778,-0.118,0.157,24.00,1,144.9,1.0,0.12147,-8.1,-5.9,0.0868,0.00003,OK
